EXTERIOR,,INTERIOR,YEAR,VIN,,,Package Codes,,MSRP,PROD.,,,DEALER NAME,Port,Carrier,VPC,Details,V-Spec,Sticker,Invoice,VIN fill done Sun Aug 10 2025 11:35:08 GMT-0500 (Central Daylight Time)
A22 - Sparkling Graphite Metallic,,NDSW - Black Extended Novillo Leather,2008,WBSVA93588E041000,,E041000,"MSRP.3,ZTP,302,403,494,4MY,507",,"$64,450.00","Jan 17, 2007",475/2000,,,,,,,,,,
300 - Alpine White,,GEAT - Anthracite/Black Cloth & Leather,2008,WBSVA935X8E041001,,E041001,"MSRP.3,507,771",,"$56,275.00","Jan 31, 2007",,,,,,,,,,,
300 - Alpine White,,GEAT - Anthracite/Black Cloth & Leather,2008,WBSVA93518E041002,,E041002,"MSRP.3,507,771",,"$56,275.00","Feb 1, 2007",,,,,,,,,,,
A22 - Sparkling Graphite Metallic,,NDH2 - Fox Red Extended Leather,2008,WBSVA93538E041003,,E041003,"MSRP.3,ZCW,ZTP,302,403,417,4MX,507",,"$65,525.00","Feb 1, 2007",475/2000,,,,,,,,,,
300 - Alpine White,,GEAT - Anthracite/Black Cloth & Leather,2008,WBSVA93558E041004,,E041004,"MSRP.3,507,771",,"$56,275.00","Feb 1, 2007",,,,,,,,,,,
A30 - Interlagos Blue Metallic,,GEAT - Anthracite/Black Cloth & Leather,2008,WBSVA93578E041005,,E041005,"MSRP.3,2MK,223,494,507,609,771",,"$63,250.00","Mar 6, 2007",475,,,,,,,,,,
A75 - Melbourne Red Metallic,,GEAT - Anthracite/Black Cloth & Leather,2008,WBSVA93598E041006,,E041006,"MSRP.3,ZCW,ZTP,2MK,302,403,417,4MY,507,653,752",,"$68,675.00","Mar 6, 2007",475,,,,,,,,,,
A30 - Interlagos Blue Metallic,,NDSW - Black Extended Novillo Leather,2008,WBSVA93508E041007,,E041007,"MSRP.3,ZCW,2MK,223,302,322,4MY,6FL,653,655,752",,"$67,445.00","Apr 24, 2007",475/2000,,,,,,,,,,
668 - Jet Black,,NDH3 - Beige Novillo Extended Leather,2008,WBSVA93528E041008,,E041008,"MSRP.3,ZCW,2MK,223,302,322,4MY,6FL,752",,"$66,025.00","Apr 24, 2007",2000,,,,,,,,,,
A29 - Silverstone Metallic II,,NDSW - Black Extended Novillo Leather,2008,WBSVA93548E041009,,E041009,"MSRP.3,ZCW,ZTP,302,403,417,507,639,6FL,655,752,771",,"$68,670.00","May 24, 2007",475/2000,,,,,,,,,,
A29 - Silverstone Metallic II,,NDH1 - Silver Novillo Extended Leather,2008,WBSVA93508E041010,,E041010,"MSRP.3,ZCW,223,4MX,609,6FL,653,752",,"$65,650.00","Jun 13, 2007",475/2000,,,,,,,,,,
A29 - Silverstone Metallic II,,NDSW - Black Extended Novillo Leather,2008,WBSVA93528E041011,,E041011,"MSRP.3,ZTP,2MT.1,417,465,494,4MX,6FL,752",,"$67,200.00","Jun 14, 2007",475/2000,,,,,,,,,,
A75 - Melbourne Red Metallic,,GEAT - Anthracite/Black Cloth & Leather,2008,WBSVA93548E041012,,E041012,"MSRP.3,ZCW,ZTP,2MT.1,302,417,507,752,771",,"$65,075.00","Jun 21, 2007",475,,,,,,,,,,
A73 - Jerez Black Metallic,,NDH2 - Fox Red Extended Leather,2008,WBSVA93568E041013,,E041013,"MSRP.3,ZCW,ZTP,2MT.1,302,417,507,752,771",,"$67,075.00","Jun 21, 2007",475/2000,,,,,,,,,,
A30 - Interlagos Blue Metallic,,NDH3 - Beige Novillo Extended Leather,2008,WBSVA93588E041014,,E041014,"MSRP.3,ZCW,ZTP,2MT.1,302,403,417,4MY,507,655,752",,"$69,220.00","Jul 9, 2007",475/2000,,,,,,,,,,
A22 - Sparkling Graphite Metallic,,NCSW - Black Novillo Leather,2008,WBSVA935X8E041015,,E041015,"MSRP.3,ZCW,ZPP.3,ZTP,403,6FL,653",,"$64,350.00","Jul 11, 2007",475,,,,,,,,,,
300 - Alpine White,,GEAT - Anthracite/Black Cloth & Leather,2008,WBSVA93518E041016,,E041016,"MSRP.3,ZCW,ZPP.1,302,403,417,507",,"$61,200.00","Jul 11, 2007",,,,,,,,,,,
A29 - Silverstone Metallic II,,NDSW - Black Extended Novillo Leather,2008,WBSVA93538E041017,,E041017,"MSRP.3,ZCW,ZTP,302,403,4MZ,507,6FL,752",,"$67,250.00","Jul 11, 2007",475/2000,,,,,,,,,,
A73 - Jerez Black Metallic,,NCH1 - Silver Novillo Leather,2008,WBSVA93558E041018,,E041018,"MSRP.3,ZCW,ZPP.2,ZTP,2MT.1,302,403,417,6FL,653",,"$66,525.00","Aug 30, 2007",475,,,,,,,,,,
A29 - Silverstone Metallic II,,NDSW - Black Extended Novillo Leather,2008,WBSVA93578E041019,,E041019,"MSRP.3,ZPP.1,ZTP,2MT.1,403,465,6FL,653,655,752",,"$68,620.00","Aug 28, 2007",475/1100,,,,,,,,,,
300 - Alpine White,,NDSW - Black Extended Novillo Leather,2008,WBSVA93538E041020,,E041020,"MSRP.3,ZPP.1,ZTP,2MT.1,403,465,6FL,653,655,752",,"$68,145.00","Aug 29, 2007",1100,,,,,,,,,,
A29 - Silverstone Metallic II,,NDH1 - Silver Novillo Extended Leather,2008,WBSVA93558E041021,,E041021,"MSRP.3,ZPP.1,ZTP,2MT.1,403,6FL,653,655",,"$66,245.00","Aug 29, 2007",475/1100,,,,,,,,,,
A22 - Sparkling Graphite Metallic,,NDSW - Black Extended Novillo Leather,2008,WBSVA93578E041022,,E041022,"MSRP.3,ZCW,ZPP.2,ZTP,2MT.1,403,417,6FL,655,752",,"$69,370.00","Aug 30, 2007",475/1100,,,,,,,,,,
A73 - Jerez Black Metallic,,NDH3 - Beige Novillo Extended Leather,2008,WBSVA93598E041023,,E041023,"MSRP.3,ZCW,ZPP.2,ZTP,2MT.1,302,417,6FL,752",,"$68,125.00","Sep 5, 2007",475/1100,,,,,,,,,,
A30 - Interlagos Blue Metallic,,GEAT - Anthracite/Black Cloth & Leather,2008,WBSVA93508E041024,,E041024,"MSRP.3,ZCW,2MT.1,223,302,403,417,609,639,6FL,655,752,771",,"$67,370.00","Sep 6, 2007",475,,,,,,,,,,
A29 - Silverstone Metallic II,,NDSW - Black Extended Novillo Leather,2008,WBSVA93528E041025,,E041025,"MSRP.3,ZPP.1,ZTP,2MT.1,403,494,507,6FL,653,752",,"$68,400.00","Oct 4, 2007",475/1100,,,,,,,,,,
A30 - Interlagos Blue Metallic,,NDSW - Black Extended Novillo Leather,2008,WBSVA93548E041026,,E041026,"MSRP.3,ZPP.3,ZTP,2MT.1,403,494,507,6FL,653",,"$66,500.00","Oct 5, 2007",475/1100,,,,,,,,,,
300 - Alpine White,,NDSW - Black Extended Novillo Leather,2008,WBSVA93568E041027,,E041027,"MSRP.3,ZTP,2MT.1,494,4MX,507,6FL,752,863",,"$66,025.00","Oct 5, 2007",2000,,,,,,,,,,
A29 - Silverstone Metallic II,,NDH1 - Silver Novillo Extended Leather,2008,WBSVA93588E041028,,E041028,"MSRP.3,ZPP.1,2MT.1,302,322,403,494,6FL",,"$62,950.00","Oct 5, 2007",475/1100,,,,,,,,,,
A29 - Silverstone Metallic II,,NDSW - Black Extended Novillo Leather,2008,WBSVA935X8E041029,,E041029,"MSRP.3,ZCW,ZPP.1,ZTP,302,403,417,507,6FL,752",,"$68,325.00","Oct 10, 2007",475/1100,,,,,,,,,,
300 - Alpine White,,NCSW - Black Novillo Leather,2008,WBSVA93568E041030,,E041030,"MSRP.3,ZCW,ZPP.1,223,302,403,417,6FL,653,752",,"$64,500.00","Sep 25, 2007",,,,,,,,,,,
A75 - Melbourne Red Metallic,,NCSW - Black Novillo Leather,2008,WBSVA93588E041031,,E041031,"MSRP.3,2MK,223,403,417,465,494,507,609,771",,"$66,300.00","Oct 24, 2007",475/950,,,,,,,,,,
A73 - Jerez Black Metallic,,NDH2 - Fox Red Extended Leather,2008,WBSVA935X8E041032,,E041032,"MSRP.3,ZPP.3,ZTP,2MT.1,302,403,417,6FL,655,752",,"$68,770.00","Oct 26, 2007",475/1100,,,,,,,,,,
A22 - Sparkling Graphite Metallic,,NCH3 - Beige Novillo Leather,2008,WBSVA93518E041033,,E041033,"MSRP.3,ZCW,ZPP.2,2MT.1,6FL",,"$60,900.00","Nov 21, 2007",475,,,,,,,,,,
300 - Alpine White,,GEAT - Anthracite/Black Cloth & Leather,2008,WBSVA93538E041034,,E041034,"MSRP.3,ZCW,2MT.1,4MX,6FL",,"$59,025.00","Nov 21, 2007",,,,,,,,,,,
A22 - Sparkling Graphite Metallic,,NCH2 - Fox Red Novillo Leather,2008,WBSVA93558E041035,,E041035,"MSRP.3,ZCW,ZPP.3,ZTP,2MT.1,403,6FL,653",,"$65,550.00","Nov 21, 2007",475,,,,,,,,,,
300 - Alpine White,,NCSW - Black Novillo Leather,2008,WBSVA93578E041036,,E041036,"MSRP.3,ZCW,ZPP.1,ZTP,2MT.1,507,6FL,653",,"$64,375.00","Nov 21, 2007",,,,,,,,,,,
300 - Alpine White,,NCSW - Black Novillo Leather,2008,WBSVA93598E041037,,E041037,"MSRP.3,ZCW,ZPP.3,ZTP,2MT.1,6FL",,"$63,675.00","Nov 21, 2007",,,,,,,,,,,
A75 - Melbourne Red Metallic,,NCH2 - Fox Red Novillo Leather,2008,WBSVA93508E041038,,E041038,"MSRP.3,ZCW,ZPP.3,ZTP,2MT.1,507,6FL",,"$64,500.00","Nov 29, 2007",475,,,,,,,,,,
A75 - Melbourne Red Metallic,,GEAT - Anthracite/Black Cloth & Leather,2008,WBSVA93528E041039,,E041039,"MSRP.3,ZCW,2MT.1,4MX",,"$59,100.00","Nov 28, 2007",475,,,,,,,,,,
A30 - Interlagos Blue Metallic,,GEAT - Anthracite/Black Cloth & Leather,2008,WBSVA93598E041040,,E041040,"MSRP.3,ZCW,2MT.1,4MX,609",,"$61,200.00","Nov 28, 2007",475,,,,,,,,,,
A29 - Silverstone Metallic II,,NCH1 - Silver Novillo Leather,2008,WBSVA93508E041041,,E041041,"MSRP.3,ZCW,ZPP.1,ZTP,2MT.1,6FL,653",,"$64,500.00","Nov 28, 2007",475,,,,,,,,,,
A30 - Interlagos Blue Metallic,,NCSW - Black Novillo Leather,2008,WBSVA93528E041042,,E041042,"MSRP.3,ZCW,ZPP.1,ZTP,2MT.1,507,6FL,653",,"$64,850.00","Dec 5, 2007",475,,,,,,,,,,
A30 - Interlagos Blue Metallic,,NCH1 - Silver Novillo Leather,2008,WBSVA93548E041043,,E041043,"MSRP.3,ZCW,ZPP.3,ZTP,2MT.1,507,6FL,653",,"$64,850.00","Dec 5, 2007",475,,,,,,,,,,
A73 - Jerez Black Metallic,,NCSW - Black Novillo Leather,2008,WBSVA93568E041044,,E041044,"MSRP.3,ZCW,ZPP.1,ZTP,2MT.1,403,507,6FL,653",,"$65,900.00","Dec 4, 2007",475,,,,,,,,,,
A73 - Jerez Black Metallic,,NCSW - Black Novillo Leather,2008,WBSVA93588E041045,,E041045,"MSRP.3,ZCW,ZPP.1,2MT.1,609,6FL,653",,"$63,350.00","Dec 4, 2007",475,,,,,,,,,,
A75 - Melbourne Red Metallic,,NCH2 - Fox Red Novillo Leather,2008,WBSVA935X8E041046,,E041046,"MSRP.3,ZCW,ZPP.3,ZTP,2MT.1,403,507,6FL,653",,"$65,900.00","Dec 4, 2007",475,,,,,,,,,,
300 - Alpine White,,NCSW - Black Novillo Leather,2008,WBSVA93518E041047,,E041047,"MSRP.3,ZCW,ZPP.3,ZTP,2MT.1,6FL",,"$63,675.00","Dec 4, 2007",,,,,,,,,,,
A29 - Silverstone Metallic II,,NCH1 - Silver Novillo Leather,2008,WBSVA93538E041048,,E041048,"MSRP.3,ZCW,ZPP.1,ZTP,2MT.1,302,403,417,507,6FL,752",,"$68,425.00","Dec 7, 2007",475,,,,,,,,,,
A30 - Interlagos Blue Metallic,,NCH3 - Beige Novillo Leather,2008,WBSVA93558E041049,,E041049,"MSRP.3,ZCW,ZPP.2,ZTP,2MT.1,302,403,417,507,6FL,752",,"$68,425.00","Dec 7, 2007",475,,,,,,,,,,
A75 - Melbourne Red Metallic,,NCSW - Black Novillo Leather,2008,WBSVA93518E041050,,E041050,"MSRP.3,ZTP,2MK,771",,"$63,500.00","Nov 28, 2007",475/950,"New York, NY and imported to Germany",,,,,,,,,
A29 - Silverstone Metallic II,,NDSW - Black Extended Novillo Leather,2008,WBSVA93538E041051,,E041051,"MSRP.3,ZCW,ZPP.3,ZTP,2MT.1,403,417,507,6FL,653,655,752",,"$70,070.00","Nov 21, 2007",475/1100,,,,,,,,,,
A29 - Silverstone Metallic II,,NDSW - Black Extended Novillo Leather,2008,WBSVA93558E041052,,E041052,"MSRP.3,ZCW,ZPP.3,ZTP,2MT.1,403,417,507,6FL,653,655,752",,"$70,070.00","Nov 21, 2007",475/1100,,,,,,,,,,
A29 - Silverstone Metallic II,,NDSW - Black Extended Novillo Leather,2008,WBSVA93578E041053,,E041053,"MSRP.3,ZCW,ZPP.3,ZTP,2MT.1,403,417,507,6FL,653,655,752",,"$70,070.00","Nov 21, 2007",475/1100,,,,,,,,,,
A29 - Silverstone Metallic II,,NDSW - Black Extended Novillo Leather,2008,WBSVA93598E041054,,E041054,"MSRP.3,ZCW,ZPP.3,ZTP,2MT.1,403,417,507,6FL,653,655,752",,"$70,070.00","Nov 21, 2007",475/1100,,,,,,,,,,
A29 - Silverstone Metallic II,,NDSW - Black Extended Novillo Leather,2008,WBSVA93508E041055,,E041055,"MSRP.3,ZCW,ZPP.3,ZTP,2MT.1,403,417,507,6FL,653,655,752",,"$70,070.00","Nov 21, 2007",475/1100,,,,,,,,,,
A29 - Silverstone Metallic II,,NDSW - Black Extended Novillo Leather,2008,WBSVA93528E041056,,E041056,"MSRP.3,ZCW,ZPP.3,ZTP,2MT.1,403,417,507,6FL,653,655,752",,"$70,070.00","Nov 21, 2007",475/1100,,,,,,,,,,
A29 - Silverstone Metallic II,,NDSW - Black Extended Novillo Leather,2008,WBSVA93548E041057,,E041057,"MSRP.3,ZCW,ZPP.3,ZTP,2MT.1,403,417,507,6FL,653,655,752",,"$70,070.00","Nov 21, 2007",475/1100,,,,,,,,,,
A29 - Silverstone Metallic II,,NDSW - Black Extended Novillo Leather,2008,WBSVA93568E041058,,E041058,"MSRP.3,ZCW,ZPP.3,ZTP,2MT.1,403,417,507,6FL,653,655,752",,"$70,070.00","Nov 21, 2007",475/1100,,,,,,,,,,
A29 - Silverstone Metallic II,,NDSW - Black Extended Novillo Leather,2008,WBSVA93588E041059,,E041059,"MSRP.3,ZCW,ZPP.3,ZTP,2MT.1,403,417,507,6FL,653,655,752",,"$70,070.00","Nov 21, 2007",475/1100,,,,,,,,,,
A29 - Silverstone Metallic II,,NDSW - Black Extended Novillo Leather,2008,WBSVA93548E041060,,E041060,"MSRP.3,ZCW,ZPP.3,ZTP,2MT.1,403,417,507,6FL,653,655,752",,"$70,070.00","Nov 22, 2007",475/1100,,,,,,,,,,
A29 - Silverstone Metallic II,,NDSW - Black Extended Novillo Leather,2008,WBSVA93568E041061,,E041061,"MSRP.3,ZCW,ZPP.3,2MT.1,322,403,417,507,609,6FL,653,655,752",,"$68,920.00","Nov 22, 2007",475/1100,,,,,,,,,,
A29 - Silverstone Metallic II,,NDSW - Black Extended Novillo Leather,2008,WBSVA93588E041062,,E041062,"MSRP.3,ZCW,ZPP.3,ZTP,2MT.1,403,417,507,6FL,653,655,752",,"$70,070.00","Nov 22, 2007",475/1100,,,,,,,,,,
A29 - Silverstone Metallic II,,NDSW - Black Extended Novillo Leather,2008,WBSVA935X8E041063,,E041063,"MSRP.3,ZCW,ZPP.3,ZTP,2MT.1,403,417,507,6FL,653,655,752",,"$70,070.00","Nov 22, 2007",475/1100,,,,,,,,,,
A29 - Silverstone Metallic II,,NDSW - Black Extended Novillo Leather,2008,WBSVA93518E041064,,E041064,"MSRP.3,ZCW,ZPP.3,ZTP,2MT.1,403,417,507,6FL,653,655,752",,"$70,070.00","Nov 22, 2007",475/1100,,,,,,,,,,
A73 - Jerez Black Metallic,,NDSW - Black Extended Novillo Leather,2008,WBSVA93538E041065,,E041065,"MSRP.3,ZCW,ZPP.3,ZTP,2MT.1,403,417,507,6FL,653,655,752",,"$70,070.00","Nov 23, 2007",475/1100,,,,,,,,,,
A73 - Jerez Black Metallic,,NDSW - Black Extended Novillo Leather,2008,WBSVA93558E041066,,E041066,"MSRP.3,ZCW,ZPP.3,ZTP,2MT.1,403,417,507,6FL,653,655,752",,"$70,070.00","Nov 24, 2007",475/1100,,,,,,,,,,
A73 - Jerez Black Metallic,,NDSW - Black Extended Novillo Leather,2008,WBSVA93578E041067,,E041067,"MSRP.3,ZCW,ZPP.3,ZTP,2MT.1,403,417,507,6FL,653,655,752",,"$70,070.00","Nov 23, 2007",475/1100,,,,,,,,,,
A73 - Jerez Black Metallic,,NDSW - Black Extended Novillo Leather,2008,WBSVA93598E041068,,E041068,"MSRP.3,ZCW,ZPP.3,ZTP,2MT.1,403,417,507,6FL,653,655,752",,"$70,070.00","Nov 23, 2007",475/1100,,,,,,,,,,
A73 - Jerez Black Metallic,,NDSW - Black Extended Novillo Leather,2008,WBSVA93508E041069,,E041069,"MSRP.3,ZCW,ZPP.3,ZTP,2MT.1,403,417,507,6FL,653,655,752",,"$70,070.00","Nov 23, 2007",475/1100,,,,,,,,,,
A73 - Jerez Black Metallic,,NDSW - Black Extended Novillo Leather,2008,WBSVA93578E041070,,E041070,"MSRP.3,ZCW,ZPP.3,ZTP,2MT.1,403,417,507,6FL,653,655,752",,"$70,070.00","Nov 23, 2007",475/1100,,,,,,,,,,
A73 - Jerez Black Metallic,,NDSW - Black Extended Novillo Leather,2008,WBSVA93598E041071,,E041071,"MSRP.3,ZCW,ZPP.3,ZTP,2MT.1,403,417,507,6FL,653,655,752",,"$70,070.00","Nov 23, 2007",475/1100,,,,,,,,,,
A73 - Jerez Black Metallic,,NDSW - Black Extended Novillo Leather,2008,WBSVA93508E041072,,E041072,"MSRP.3,ZCW,ZPP.3,ZTP,2MT.1,403,417,507,6FL,653,655,752",,"$70,070.00","Nov 22, 2007",475/1100,,,,,,,,,,
A73 - Jerez Black Metallic,,NDSW - Black Extended Novillo Leather,2008,WBSVA93528E041073,,E041073,"MSRP.3,ZCW,ZPP.3,ZTP,2MT.1,403,417,507,6FL,653,655,752",,"$70,070.00","Nov 24, 2007",475/1100,,,,,,,,,,
A73 - Jerez Black Metallic,,NDSW - Black Extended Novillo Leather,2008,WBSVA93548E041074,,E041074,"MSRP.3,ZCW,ZPP.3,ZTP,2MT.1,403,417,507,6FL,653,655,752",,"$70,070.00","Nov 24, 2007",475/1100,,,,,,,,,,
A73 - Jerez Black Metallic,,NDSW - Black Extended Novillo Leather,2008,WBSVA93568E041075,,E041075,"MSRP.3,ZCW,ZPP.3,ZTP,2MT.1,403,417,507,6FL,653,655,752",,"$70,070.00","Nov 24, 2007",475/1100,,,,,,,,,,
A73 - Jerez Black Metallic,,NDSW - Black Extended Novillo Leather,2008,WBSVA93588E041076,,E041076,"MSRP.3,ZCW,ZPP.3,ZTP,2MT.1,403,417,507,6FL,653,655,752",,"$70,070.00","Nov 24, 2007",475/1100,,,,,,,,,,
A73 - Jerez Black Metallic,,NDSW - Black Extended Novillo Leather,2008,WBSVA935X8E041077,,E041077,"MSRP.3,ZCW,ZPP.3,2MT.1,322,403,417,507,609,6FL,653,655,752",,"$68,920.00","Nov 24, 2007",475/1100,,,,,,,,,,
A73 - Jerez Black Metallic,,NDSW - Black Extended Novillo Leather,2008,WBSVA93518E041078,,E041078,"MSRP.3,ZCW,ZPP.3,ZTP,2MT.1,403,417,507,6FL,653,655,752",,"$70,070.00","Nov 24, 2007",475/1100,,,,,,,,,,
,,NDSW - Black Extended Novillo Leather,2008,WBSVA93538E041079,,E041079,"MSRP.3,ZCW,ZPP.3,ZTP,2MT.1,403,417,507,6FL,653,655,752",,"$69,595.00","Nov 24, 2007",1100,,,,,,,,,,
A73 - Jerez Black Metallic,,NDH2 - Fox Red Extended Leather,2008,WBSVA935X8E041080,,E041080,"MSRP.3,ZCW,ZPP.2,2MT.1,302,322,403,417,507,609,6FL,752",,"$68,375.00","Nov 27, 2007",475/1100,,,,,,,,,,
300 - Alpine White,,NDH2 - Fox Red Extended Leather,2008,WBSVA93518E041081,,E041081,"MSRP.3,ZCW,ZPP.1,ZTP,2MT.1,403,417,507,6FL,653,655,752",,"$69,595.00","Nov 27, 2007",1100,,,,,,,,,,
A29 - Silverstone Metallic II,,NDSW - Black Extended Novillo Leather,2008,WBSVA93538E041082,,E041082,"MSRP.3,ZCW,ZPP.3,ZTP,2MT.1,403,417,507,6FL,653,655,752",,"$70,070.00","Nov 27, 2007",475/1100,,,,,,,,,,
A73 - Jerez Black Metallic,,NDSW - Black Extended Novillo Leather,2008,WBSVA93558E041083,,E041083,"MSRP.3,ZCW,ZPP.3,ZTP,2MT.1,403,417,507,6FL,653,752",,"$69,475.00","Nov 27, 2007",475/1100,,,,,,,,,,
300 - Alpine White,,NDH2 - Fox Red Extended Leather,2008,WBSVA93578E041084,,E041084,"MSRP.3,ZCW,ZPP.1,ZTP,2MT.1,403,417,507,6FL,653,655,752",,"$69,595.00","Nov 28, 2007",1100,,,,,,,,,,
300 - Alpine White,,NDH2 - Fox Red Extended Leather,2008,WBSVA93598E041085,,E041085,"MSRP.3,ZCW,ZPP.1,ZTP,2MT.1,403,417,507,6FL,653,655,752",,"$69,595.00","Nov 28, 2007",1100,,,,,,,,,,
A73 - Jerez Black Metallic,,NDSW - Black Extended Novillo Leather,2008,WBSVA93508E041086,,E041086,"MSRP.3,ZCW,ZPP.3,ZTP,2MT.1,403,417,507,6FL,653,655,752",,"$70,070.00","Nov 28, 2007",475/1100,,,,,,,,,,
A73 - Jerez Black Metallic,,NDSW - Black Extended Novillo Leather,2008,WBSVA93528E041087,,E041087,"MSRP.3,ZCW,ZPP.3,ZTP,2MT.1,403,417,507,6FL,653,655,752",,"$70,070.00","Nov 28, 2007",475/1100,,,,,,,,,,
A73 - Jerez Black Metallic,,NDSW - Black Extended Novillo Leather,2008,WBSVA93548E041088,,E041088,"MSRP.3,ZCW,ZPP.3,ZTP,2MT.1,403,417,507,6FL,653,655,752",,"$70,070.00","Nov 29, 2007",475/1100,,,,,,,,,,
A73 - Jerez Black Metallic,,NDSW - Black Extended Novillo Leather,2008,WBSVA93568E041089,,E041089,"MSRP.3,ZCW,ZPP.3,ZTP,2MT.1,403,417,507,6FL,653,655,752",,"$70,070.00","Dec 1, 2007",475/1100,,,,,,,,,,
A73 - Jerez Black Metallic,,NDSW - Black Extended Novillo Leather,2008,WBSVA93528E041090,,E041090,"MSRP.3,ZCW,ZPP.3,ZTP,2MT.1,403,417,507,6FL,653,655,752",,"$70,070.00","Dec 1, 2007",475/1100,,,,,,,,,,
A73 - Jerez Black Metallic,,NDSW - Black Extended Novillo Leather,2008,WBSVA93548E041091,,E041091,"MSRP.3,ZCW,ZPP.3,ZTP,2MT.1,403,417,507,6FL,653,655,752",,"$70,070.00","Dec 1, 2007",475/1100,,,,,,,,,,
A73 - Jerez Black Metallic,,NDSW - Black Extended Novillo Leather,2008,WBSVA93568E041092,,E041092,"MSRP.3,ZCW,ZPP.3,ZTP,2MT.1,403,417,507,6FL,653,655,752",,"$70,070.00","Dec 1, 2007",475/1100,,,,,,,,,,
A73 - Jerez Black Metallic,,NDSW - Black Extended Novillo Leather,2008,WBSVA93588E041093,,E041093,"MSRP.3,ZCW,ZPP.3,ZTP,2MT.1,302,403,417,6FL,653,655,752",,"$70,120.00","Dec 1, 2007",475/1100,,,,,,,,,,
A73 - Jerez Black Metallic,,NDSW - Black Extended Novillo Leather,2008,WBSVA935X8E041094,,E041094,"MSRP.3,ZCW,ZPP.3,ZTP,2MT.1,403,417,507,6FL,653,655,752",,"$70,070.00","Dec 3, 2007",475/1100,,,,,,,,,,
A29 - Silverstone Metallic II,,NDSW - Black Extended Novillo Leather,2008,WBSVA93518E041095,,E041095,"MSRP.3,ZCW,ZPP.1,ZTP,2MT.1,403,417,507,6FL,653,655,752",,"$70,070.00","Dec 4, 2007",475/1100,,,,,,,,,,
A29 - Silverstone Metallic II,,NDSW - Black Extended Novillo Leather,2008,WBSVA93538E041096,,E041096,"MSRP.3,ZCW,ZPP.1,ZTP,2MT.1,403,417,507,6FL,653,655,752",,"$70,070.00","Dec 4, 2007",475/1100,,,,,,,,,,
A29 - Silverstone Metallic II,,NDSW - Black Extended Novillo Leather,2008,WBSVA93558E041097,,E041097,"MSRP.3,ZCW,ZPP.1,ZTP,2MT.1,403,417,507,6FL,653,655,752",,"$70,070.00","Dec 4, 2007",475/1100,,,,,,,,,,
A29 - Silverstone Metallic II,,NDSW - Black Extended Novillo Leather,2008,WBSVA93578E041098,,E041098,"MSRP.3,ZCW,ZPP.1,ZTP,2MT.1,403,417,507,6FL,653,655,752",,"$70,070.00","Dec 4, 2007",475/1100,,,,,,,,,,
A29 - Silverstone Metallic II,,NDSW - Black Extended Novillo Leather,2008,WBSVA93598E041099,,E041099,"MSRP.3,ZCW,ZPP.1,2MT.1,322,403,417,507,609,6FL,653,655,752",,"$68,920.00","Dec 3, 2007",475/1100,,,,,,,,,,
A29 - Silverstone Metallic II,,NDSW - Black Extended Novillo Leather,2008,WBSVA93518E041100,,E041100,"MSRP.3,ZCW,ZPP.1,ZTP,2MT.1,403,417,507,6FL,653,655,752",,"$70,070.00","Dec 3, 2007",475/1100,,,,,,,,,,
A73 - Jerez Black Metallic,,NDSW - Black Extended Novillo Leather,2008,WBSVA93538E041101,,E041101,"MSRP.3,ZCW,ZPP.3,ZTP,2MT.1,403,417,507,6FL,653,752",,"$69,475.00","Dec 5, 2007",475/1100,,,,,,,,,,
A73 - Jerez Black Metallic,,NDSW - Black Extended Novillo Leather,2008,WBSVA93558E041102,,E041102,"MSRP.3,ZCW,ZPP.3,ZTP,2MT.1,403,417,507,6FL,653,655,752",,"$70,070.00","Dec 5, 2007",475/1100,,,,,,,,,,
A73 - Jerez Black Metallic,,NDSW - Black Extended Novillo Leather,2008,WBSVA93578E041103,,E041103,"MSRP.3,ZCW,ZPP.3,ZTP,2MT.1,403,417,507,6FL,653,655,752",,"$70,070.00","Dec 5, 2007",475/1100,,,,,,,,,,
A73 - Jerez Black Metallic,,NDSW - Black Extended Novillo Leather,2008,WBSVA93598E041104,,E041104,"MSRP.3,ZCW,ZPP.3,ZTP,2MT.1,403,417,507,6FL,653,655,752",,"$70,070.00","Dec 5, 2007",475/1100,,,,,,,,,,
A73 - Jerez Black Metallic,,NDSW - Black Extended Novillo Leather,2008,WBSVA93508E041105,,E041105,"MSRP.3,ZCW,ZPP.3,ZTP,2MT.1,403,417,507,6FL,653,655,752",,"$70,070.00","Dec 5, 2007",475/1100,,,,,,,,,,
A73 - Jerez Black Metallic,,NDSW - Black Extended Novillo Leather,2008,WBSVA93528E041106,,E041106,"MSRP.3,ZCW,ZPP.3,ZTP,2MT.1,403,417,507,6FL,653,655,752",,"$70,070.00","Dec 5, 2007",475/1100,,,,,,,,,,
A73 - Jerez Black Metallic,,NDSW - Black Extended Novillo Leather,2008,WBSVA93548E041107,,E041107,"MSRP.3,ZCW,ZPP.3,ZTP,2MT.1,403,417,507,6FL,653,655,752",,"$70,070.00","Dec 5, 2007",475/1100,,,,,,,,,,
A73 - Jerez Black Metallic,,NDSW - Black Extended Novillo Leather,2008,WBSVA93568E041108,,E041108,"MSRP.3,ZCW,ZPP.3,ZTP,2MT.1,403,417,507,6FL,653,655,752",,"$70,070.00","Dec 5, 2007",475/1100,,,,,,,,,,
A73 - Jerez Black Metallic,,NDSW - Black Extended Novillo Leather,2008,WBSVA93588E041109,,E041109,"MSRP.3,ZCW,ZPP.3,ZTP,2MT.1,403,417,507,6FL,653,655,752",,"$70,070.00","Dec 5, 2007",475/1100,,,,,,,,,,
300 - Alpine White,,NDH2 - Fox Red Extended Leather,2008,WBSVA93548E041110,,E041110,"MSRP.3,ZCW,ZPP.1,ZTP,2MT.1,403,417,507,6FL,653,655,752",,"$69,595.00","Dec 6, 2007",1100,,,,,,,,,,
300 - Alpine White,,NDH2 - Fox Red Extended Leather,2008,WBSVA93568E041111,,E041111,"MSRP.3,ZCW,ZPP.1,ZTP,2MT.1,403,417,507,6FL,653,655,752",,"$69,595.00","Dec 6, 2007",1100,,,,,,,,,,
A29 - Silverstone Metallic II,,NDSW - Black Extended Novillo Leather,2008,WBSVA93588E041112,,E041112,"MSRP.3,ZCW,ZPP.1,ZTP,2MT.1,403,417,507,6FL,653,655,752",,"$70,070.00","Dec 6, 2007",475/1100,,,,,,,,,,
A29 - Silverstone Metallic II,,NDSW - Black Extended Novillo Leather,2008,WBSVA935X8E041113,,E041113,"MSRP.3,ZCW,ZPP.1,ZTP,2MT.1,403,417,507,6FL,653,655,752",,"$70,070.00","Dec 6, 2007",475/1100,,,,,,,,,,
A29 - Silverstone Metallic II,,NDSW - Black Extended Novillo Leather,2008,WBSVA93518E041114,,E041114,"MSRP.3,ZCW,ZPP.1,ZTP,2MT.1,403,417,507,6FL,653,655,752",,"$70,070.00","Dec 6, 2007",475/1100,,,,,,,,,,
A29 - Silverstone Metallic II,,NDSW - Black Extended Novillo Leather,2008,WBSVA93538E041115,,E041115,"MSRP.3,ZCW,ZPP.1,ZTP,2MT.1,403,417,507,6FL,653,655,752",,"$70,070.00","Dec 7, 2007",475/1100,,,,,,,,,,
A29 - Silverstone Metallic II,,NDSW - Black Extended Novillo Leather,2008,WBSVA93558E041116,,E041116,"MSRP.3,ZCW,ZPP.1,ZTP,2MT.1,403,417,507,6FL,653,655,752",,"$70,070.00","Dec 6, 2007",475/1100,,,,,,,,,,
A73 - Jerez Black Metallic,,NDSW - Black Extended Novillo Leather,2008,WBSVA93578E041117,,E041117,"MSRP.3,ZCW,ZPP.3,ZTP,2MT.1,403,417,507,6FL,653,655,752",,"$70,070.00","Dec 6, 2007",475/1100,,,,,,,,,,
300 - Alpine White,,NDH2 - Fox Red Extended Leather,2008,WBSVA93598E041118,,E041118,"MSRP.3,ZCW,ZPP.1,2MT.1,322,403,417,507,609,6FL,653,655,752",,"$68,445.00","Dec 7, 2007",1100,,,,,,,,,,
300 - Alpine White,,NDH2 - Fox Red Extended Leather,2008,WBSVA93508E041119,,E041119,"MSRP.3,ZCW,ZPP.1,ZTP,2MT.1,403,417,507,6FL,653,655,752",,"$69,595.00","Dec 7, 2007",1100,,,,,,,,,,
300 - Alpine White,,NDH2 - Fox Red Extended Leather,2008,WBSVA93578E041120,,E041120,"MSRP.3,ZCW,ZPP.1,ZTP,2MT.1,403,417,507,6FL,653,655,752",,"$69,595.00","Dec 7, 2007",1100,,,,,,,,,,
300 - Alpine White,,NDH2 - Fox Red Extended Leather,2008,WBSVA93598E041121,,E041121,"MSRP.3,ZCW,ZPP.1,ZTP,2MT.1,403,417,507,6FL,653,655,752",,"$69,595.00","Dec 7, 2007",1100,,,,,,,,,,
300 - Alpine White,,NDH2 - Fox Red Extended Leather,2008,WBSVA93508E041122,,E041122,"MSRP.3,ZCW,ZPP.1,ZTP,2MT.1,403,417,507,6FL,653,655,752",,"$69,595.00","Dec 7, 2007",1100,,,,,,,,,,
A73 - Jerez Black Metallic,,NDSW - Black Extended Novillo Leather,2008,WBSVA93528E041123,,E041123,"MSRP.3,ZCW,ZPP.3,ZTP,2MT.1,403,417,507,6FL,653,655,752",,"$70,070.00","Dec 6, 2007",475/1100,,,,,,,,,,
A73 - Jerez Black Metallic,,NDSW - Black Extended Novillo Leather,2008,WBSVA93548E041124,,E041124,"MSRP.3,ZCW,ZPP.3,ZTP,2MT.1,403,417,507,6FL,653,655,752",,"$70,070.00","Dec 8, 2007",475/1100,,,,,,,,,,
A73 - Jerez Black Metallic,,NDSW - Black Extended Novillo Leather,2008,WBSVA93568E041125,,E041125,"MSRP.3,ZCW,ZPP.3,ZTP,2MT.1,403,417,507,6FL,653,655,752",,"$70,070.00","Dec 7, 2007",475/1100,,,,,,,,,,
A73 - Jerez Black Metallic,,NDSW - Black Extended Novillo Leather,2008,WBSVA93588E041126,,E041126,"MSRP.3,ZCW,ZPP.3,ZTP,2MT.1,403,417,507,6FL,653,655,752",,"$70,070.00","Dec 8, 2007",475/1100,,,,,,,,,,
A73 - Jerez Black Metallic,,NDSW - Black Extended Novillo Leather,2008,WBSVA935X8E041127,,E041127,"MSRP.3,ZCW,ZPP.3,ZTP,2MT.1,403,417,507,6FL,653,655,752",,"$70,070.00","Dec 10, 2007",475/1100,,,,,,,,,,
A73 - Jerez Black Metallic,,NDSW - Black Extended Novillo Leather,2008,WBSVA93518E041128,,E041128,"MSRP.3,ZCW,ZPP.3,ZTP,2MT.1,403,417,507,6FL,653,655,752",,"$70,070.00","Dec 10, 2007",475/1100,,,,,,,,,,
A73 - Jerez Black Metallic,,NDSW - Black Extended Novillo Leather,2008,WBSVA93538E041129,,E041129,"MSRP.3,ZCW,ZPP.3,ZTP,2MT.1,403,417,507,6FL,653,655,752",,"$70,070.00","Dec 10, 2007",475/1100,,,,,,,,,,
A73 - Jerez Black Metallic,,NDSW - Black Extended Novillo Leather,2008,WBSVA935X8E041130,,E041130,"MSRP.3,ZCW,ZPP.3,ZTP,2MT.1,403,417,507,6FL,653,655,752",,"$70,070.00","Dec 11, 2007",475/1100,,,,,,,,,,
A73 - Jerez Black Metallic,,NDSW - Black Extended Novillo Leather,2008,WBSVA93518E041131,,E041131,"MSRP.3,ZCW,ZPP.3,ZTP,2MT.1,403,417,507,6FL,653,655,752",,"$70,070.00","Dec 11, 2007",475/1100,,,,,,,,,,
A29 - Silverstone Metallic II,,NDSW - Black Extended Novillo Leather,2008,WBSVA93538E041132,,E041132,"MSRP.3,ZCW,ZTP,2MK,2MT.1,302,403,417,4MY,6FL,752",,"$71,575.00","Jan 17, 2008",475/2000,,,,,,,,,,
A73 - Jerez Black Metallic,,NDSW - Black Extended Novillo Leather,2008,WBSVA93558E041133,,E041133,"MSRP.3,ZCW,ZPP.3,ZTP,2MT.1,403,417,507,6FL,653,655,752",,"$70,070.00","Dec 12, 2007",475/1100,,,,,,,,,,
A73 - Jerez Black Metallic,,NDSW - Black Extended Novillo Leather,2008,WBSVA93578E041134,,E041134,"MSRP.3,ZCW,ZPP.3,ZTP,2MT.1,403,417,507,6FL,653,655,752",,"$70,070.00","Dec 12, 2007",475/1100,,,,,,,,,,
A73 - Jerez Black Metallic,,NDSW - Black Extended Novillo Leather,2008,WBSVA93598E041135,,E041135,"MSRP.3,ZCW,ZPP.3,ZTP,2MT.1,403,417,507,6FL,653,655,752",,"$70,070.00","Dec 11, 2007",475/1100,,,,,,,,,,
A73 - Jerez Black Metallic,,NDSW - Black Extended Novillo Leather,2008,WBSVA93508E041136,,E041136,"MSRP.3,ZCW,ZPP.3,ZTP,2MT.1,403,417,507,6FL,653,655,752",,"$70,070.00","Dec 11, 2007",475/1100,,,,,,,,,,
A73 - Jerez Black Metallic,,NDSW - Black Extended Novillo Leather,2008,WBSVA93528E041137,,E041137,"MSRP.3,ZCW,ZPP.3,ZTP,2MT.1,403,417,507,6FL,653,655,752",,"$70,070.00","Dec 12, 2007",475/1100,,,,,,,,,,
A73 - Jerez Black Metallic,,NDSW - Black Extended Novillo Leather,2008,WBSVA93548E041138,,E041138,"MSRP.3,ZCW,ZPP.3,ZTP,2MT.1,403,417,507,6FL,653,655,752",,"$70,070.00","Dec 12, 2007",475/1100,,,,,,,,,,
A73 - Jerez Black Metallic,,NDSW - Black Extended Novillo Leather,2008,WBSVA93568E041139,,E041139,"MSRP.3,ZCW,ZPP.3,ZTP,2MT.1,403,417,507,6FL,653,655,752",,"$70,070.00","Dec 13, 2007",475/1100,,,,,,,,,,
A73 - Jerez Black Metallic,,NDSW - Black Extended Novillo Leather,2008,WBSVA93528E041140,,E041140,"MSRP.3,ZCW,ZPP.3,ZTP,2MT.1,403,417,507,6FL,653,655,752",,"$70,070.00","Dec 13, 2007",475/1100,,,,,,,,,,
A73 - Jerez Black Metallic,,NDSW - Black Extended Novillo Leather,2008,WBSVA93548E041141,,E041141,"MSRP.3,ZCW,ZPP.3,ZTP,2MT.1,403,417,507,6FL,653,655,752",,"$70,070.00","Dec 13, 2007",475/1100,,,,,,,,,,
A73 - Jerez Black Metallic,,NDSW - Black Extended Novillo Leather,2008,WBSVA93568E041142,,E041142,"MSRP.3,ZCW,ZPP.3,ZTP,2MT.1,403,417,507,6FL,653,655,752",,"$70,070.00","Dec 13, 2007",475/1100,,,,,,,,,,
A73 - Jerez Black Metallic,,NDSW - Black Extended Novillo Leather,2008,WBSVA93588E041143,,E041143,"MSRP.3,ZCW,ZPP.3,ZTP,2MT.1,403,417,507,6FL,653,655,752",,"$70,070.00","Dec 13, 2007",475/1100,,,,,,,,,,
A73 - Jerez Black Metallic,,NDSW - Black Extended Novillo Leather,2008,WBSVA935X8E041144,,E041144,"MSRP.3,ZCW,ZPP.3,ZTP,2MT.1,403,417,507,6FL,653,655,752",,"$70,070.00","Dec 12, 2007",475/1100,,,,,,,,,,
A73 - Jerez Black Metallic,,NDSW - Black Extended Novillo Leather,2008,WBSVA93518E041145,,E041145,"MSRP.3,ZCW,ZPP.3,ZTP,2MT.1,403,417,507,6FL,653,655,752",,"$70,070.00","Dec 12, 2007",475/1100,,,,,,,,,,
A73 - Jerez Black Metallic,,NDSW - Black Extended Novillo Leather,2008,WBSVA93538E041146,,E041146,"MSRP.3,ZCW,ZPP.3,ZTP,2MT.1,403,417,507,6FL,653,655,752",,"$70,070.00","Dec 12, 2007",475/1100,,,,,,,,,,
A73 - Jerez Black Metallic,,NDSW - Black Extended Novillo Leather,2008,WBSVA93558E041147,,E041147,"MSRP.3,ZCW,ZPP.3,ZTP,2MT.1,403,417,507,6FL,653,655,752",,"$70,070.00","Dec 14, 2007",475/1100,,,,,,,,,,
A73 - Jerez Black Metallic,,NDSW - Black Extended Novillo Leather,2008,WBSVA93578E041148,,E041148,"MSRP.3,ZCW,ZPP.3,ZTP,2MT.1,403,417,507,6FL,653,655,752",,"$70,070.00","Dec 14, 2007",475/1100,,,,,,,,,,
A73 - Jerez Black Metallic,,NDSW - Black Extended Novillo Leather,2008,WBSVA93598E041149,,E041149,"MSRP.3,ZCW,ZPP.3,ZTP,2MT.1,403,417,507,6FL,653,655,752",,"$70,070.00","Dec 14, 2007",475/1100,,,,,,,,,,
A73 - Jerez Black Metallic,,NDSW - Black Extended Novillo Leather,2008,WBSVA93558E041150,,E041150,"MSRP.3,ZCW,ZPP.3,ZTP,2MT.1,403,417,507,6FL,653,655,752",,"$70,070.00","Dec 14, 2007",475/1100,,,,,,,,,,
A73 - Jerez Black Metallic,,NDSW - Black Extended Novillo Leather,2008,WBSVA93578E041151,,E041151,"MSRP.3,ZCW,ZPP.3,ZTP,2MT.1,403,417,507,6FL,653,655,752",,"$70,070.00","Dec 14, 2007",475/1100,,,,,,,,,,
A73 - Jerez Black Metallic,,NDSW - Black Extended Novillo Leather,2008,WBSVA93598E041152,,E041152,"MSRP.3,ZCW,ZPP.3,ZTP,2MT.1,403,417,507,6FL,653,655,752",,"$70,070.00","Dec 13, 2007",475/1100,,,,,,,,,,
A73 - Jerez Black Metallic,,NDSW - Black Extended Novillo Leather,2008,WBSVA93508E041153,,E041153,"MSRP.3,ZCW,ZPP.3,ZTP,2MT.1,403,417,507,6FL,653,655,752",,"$70,070.00","Dec 13, 2007",475/1100,,,,,,,,,,
A73 - Jerez Black Metallic,,NDSW - Black Extended Novillo Leather,2008,WBSVA93528E041154,,E041154,"MSRP.3,ZCW,ZPP.3,ZTP,2MT.1,403,417,507,6FL,653,655,752",,"$70,070.00","Dec 13, 2007",475/1100,,,,,,,,,,
A73 - Jerez Black Metallic,,NDSW - Black Extended Novillo Leather,2008,WBSVA93548E041155,,E041155,"MSRP.3,ZCW,ZPP.3,ZTP,2MT.1,403,417,507,6FL,653,655,752",,"$70,070.00","Dec 15, 2007",475/1100,,,,,,,,,,
A73 - Jerez Black Metallic,,NDSW - Black Extended Novillo Leather,2008,WBSVA93568E041156,,E041156,"MSRP.3,ZCW,ZPP.3,2MT.1,322,403,417,507,609,6FL,653,655,752",,"$68,920.00","Dec 15, 2007",475/1100,,,,,,,,,,
A73 - Jerez Black Metallic,,NDSW - Black Extended Novillo Leather,2008,WBSVA93588E041157,,E041157,"MSRP.3,ZCW,ZPP.3,ZTP,2MT.1,403,417,507,6FL,653,655,752",,"$70,070.00","Dec 14, 2007",475/1100,,,,,,,,,,
A73 - Jerez Black Metallic,,NDSW - Black Extended Novillo Leather,2008,WBSVA935X8E041158,,E041158,"MSRP.3,ZCW,ZPP.3,ZTP,2MT.1,403,417,507,6FL,653,655,752",,"$70,070.00","Dec 15, 2007",475/1100,,,,,,,,,,
A73 - Jerez Black Metallic,,NDSW - Black Extended Novillo Leather,2008,WBSVA93518E041159,,E041159,"MSRP.3,ZCW,ZPP.3,ZTP,2MT.1,403,417,507,6FL,653,655,752",,"$70,070.00","Dec 14, 2007",475/1100,,,,,,,,,,
A73 - Jerez Black Metallic,,NDSW - Black Extended Novillo Leather,2008,WBSVA93588E041160,,E041160,"MSRP.3,ZCW,ZPP.3,ZTP,2MT.1,403,417,507,6FL,653,655,752",,"$70,070.00","Dec 15, 2007",475/1100,,,,,,,,,,
A73 - Jerez Black Metallic,,NDSW - Black Extended Novillo Leather,2008,WBSVA935X8E041161,,E041161,"MSRP.3,ZCW,ZPP.3,ZTP,2MT.1,403,417,507,6FL,653,655,752",,"$70,070.00","Dec 14, 2007",475/1100,,,,,,,,,,
A73 - Jerez Black Metallic,,NDSW - Black Extended Novillo Leather,2008,WBSVA93518E041162,,E041162,"MSRP.3,ZCW,ZPP.3,ZTP,2MT.1,403,417,507,6FL,653,655,752",,"$70,070.00","Dec 14, 2007",475/1100,,,,,,,,,,
A73 - Jerez Black Metallic,,NDSW - Black Extended Novillo Leather,2008,WBSVA93538E041163,,E041163,"MSRP.3,ZCW,ZPP.3,ZTP,2MT.1,403,417,507,6FL,653,655,752",,"$70,070.00","Dec 14, 2007",475/1100,,,,,,,,,,
A73 - Jerez Black Metallic,,NDSW - Black Extended Novillo Leather,2008,WBSVA93558E041164,,E041164,"MSRP.3,ZCW,ZPP.3,ZTP,2MT.1,403,417,507,6FL,653,655,752",,"$70,070.00","Dec 17, 2007",475/1100,,,,,,,,,,
A73 - Jerez Black Metallic,,NDSW - Black Extended Novillo Leather,2008,WBSVA93578E041165,,E041165,"MSRP.3,ZCW,ZPP.3,ZTP,2MT.1,403,417,507,6FL,653,655,752",,"$70,070.00","Dec 17, 2007",475/1100,,,,,,,,,,
A73 - Jerez Black Metallic,,NDSW - Black Extended Novillo Leather,2008,WBSVA93598E041166,,E041166,"MSRP.3,ZCW,ZPP.3,ZTP,2MT.1,403,417,507,6FL,653,655,752",,"$70,070.00","Dec 17, 2007",475/1100,,,,,,,,,,
A73 - Jerez Black Metallic,,NDSW - Black Extended Novillo Leather,2008,WBSVA93508E041167,,E041167,"MSRP.3,ZCW,ZPP.3,ZTP,2MT.1,403,417,507,6FL,653,655,752",,"$70,070.00","Dec 17, 2007",475/1100,,,,,,,,,,
A73 - Jerez Black Metallic,,NDSW - Black Extended Novillo Leather,2008,WBSVA93528E041168,,E041168,"MSRP.3,ZCW,ZPP.3,ZTP,2MT.1,403,417,507,6FL,653,655,752",,"$70,070.00","Dec 17, 2007",475/1100,,,,,,,,,,
A73 - Jerez Black Metallic,,NDSW - Black Extended Novillo Leather,2008,WBSVA93548E041169,,E041169,"MSRP.3,ZCW,ZPP.3,ZTP,2MT.1,403,417,507,6FL,653,655,752",,"$70,070.00","Dec 17, 2007",475/1100,,,,,,,,,,
A73 - Jerez Black Metallic,,NDSW - Black Extended Novillo Leather,2008,WBSVA93508E041170,,E041170,"MSRP.3,ZCW,ZPP.3,ZTP,2MT.1,403,417,507,6FL,653,655,752",,"$70,070.00","Dec 17, 2007",475/1100,,,,,,,,,,
A73 - Jerez Black Metallic,,NDSW - Black Extended Novillo Leather,2008,WBSVA93528E041171,,E041171,"MSRP.3,ZCW,ZPP.3,ZTP,2MT.1,403,417,507,6FL,653,655,752",,"$70,070.00","Dec 17, 2007",475/1100,,,,,,,,,,
A29 - Silverstone Metallic II,,NDH2 - Fox Red Extended Leather,2008,WBSVA93548E041172,,E041172,"MSRP.3,ZPP.3,2MT.1,403,609,6FL,653,655,752",,"$66,995.00","Dec 18, 2007",475/1100,,,,,,,,,,
A29 - Silverstone Metallic II,,NDH2 - Fox Red Extended Leather,2008,WBSVA93568E041173,,E041173,"MSRP.3,ZPP.3,2MT.1,403,609,6FL,653,655,752",,"$66,995.00","Dec 18, 2007",475/1100,,,,,,,,,,
A29 - Silverstone Metallic II,,NDH2 - Fox Red Extended Leather,2008,WBSVA93588E041174,,E041174,"MSRP.3,ZPP.3,2MT.1,403,609,6FL,653,655,752",,"$66,995.00","Dec 17, 2007",475/1100,,,,,,,,,,
A29 - Silverstone Metallic II,,NDH2 - Fox Red Extended Leather,2008,WBSVA935X8E041175,,E041175,"MSRP.3,ZPP.3,2MT.1,403,609,6FL,653,655,752",,"$66,995.00","Dec 17, 2007",475/1100,,,,,,,,,,
A29 - Silverstone Metallic II,,NDH2 - Fox Red Extended Leather,2008,WBSVA93518E041176,,E041176,"MSRP.3,ZPP.3,2MT.1,403,609,6FL,653,655,752",,"$66,995.00","Dec 17, 2007",475/1100,,,,,,,,,,
A29 - Silverstone Metallic II,,NDH2 - Fox Red Extended Leather,2008,WBSVA93538E041177,,E041177,"MSRP.3,ZPP.3,2MT.1,403,609,6FL,653,655,752",,"$66,995.00","Dec 17, 2007",475/1100,,,,,,,,,,
A29 - Silverstone Metallic II,,NDH2 - Fox Red Extended Leather,2008,WBSVA93558E041178,,E041178,"MSRP.3,ZPP.3,2MT.1,403,609,6FL,653,655,752",,"$66,995.00","Dec 18, 2007",475/1100,,,,,,,,,,
A29 - Silverstone Metallic II,,NDH2 - Fox Red Extended Leather,2008,WBSVA93578E041179,,E041179,"MSRP.3,ZPP.3,2MT.1,403,609,6FL,653,655,752",,"$66,995.00","Dec 18, 2007",475/1100,,,,,,,,,,
A29 - Silverstone Metallic II,,NDH2 - Fox Red Extended Leather,2008,WBSVA93538E041180,,E041180,"MSRP.3,ZPP.3,2MT.1,403,609,6FL,653,655,752",,"$66,995.00","Dec 18, 2007",475/1100,,,,,,,,,,
A29 - Silverstone Metallic II,,NDH2 - Fox Red Extended Leather,2008,WBSVA93558E041181,,E041181,"MSRP.3,ZPP.3,2MT.1,403,609,6FL,653,655,752",,"$66,995.00","Dec 18, 2007",475/1100,,,,,,,,,,
A29 - Silverstone Metallic II,,NDH2 - Fox Red Extended Leather,2008,WBSVA93578E041182,,E041182,"MSRP.3,ZPP.3,2MT.1,403,609,6FL,653,655,752",,"$66,995.00","Dec 18, 2007",475/1100,,,,,,,,,,
A29 - Silverstone Metallic II,,NDH2 - Fox Red Extended Leather,2008,WBSVA93598E041183,,E041183,"MSRP.3,ZPP.3,2MT.1,403,609,6FL,653,655,752",,"$66,995.00","Dec 18, 2007",475/1100,,,,,,,,,,
A29 - Silverstone Metallic II,,NDH2 - Fox Red Extended Leather,2008,WBSVA93508E041184,,E041184,"MSRP.3,ZPP.3,2MT.1,403,507,609,6FL,653,655,752",,"$67,345.00","Dec 18, 2007",475/1100,,,,,,,,,,
A29 - Silverstone Metallic II,,NDH2 - Fox Red Extended Leather,2008,WBSVA93528E041185,,E041185,"MSRP.3,ZPP.3,2MT.1,403,609,6FL,653,655,752",,"$66,995.00","Dec 18, 2007",475/1100,,,,,,,,,,
A29 - Silverstone Metallic II,,NDH2 - Fox Red Extended Leather,2008,WBSVA93548E041186,,E041186,"MSRP.3,ZPP.3,2MT.1,403,609,6FL,653,655,752",,"$66,995.00","Dec 18, 2007",475/1100,,,,,,,,,,
A29 - Silverstone Metallic II,,NDH2 - Fox Red Extended Leather,2008,WBSVA93568E041187,,E041187,"MSRP.3,ZPP.3,2MT.1,403,609,6FL,653,655,752",,"$66,995.00","Dec 18, 2007",475/1100,,,,,,,,,,
A73 - Jerez Black Metallic,,NCH2 - Fox Red Novillo Leather,2008,WBSVA93588E041188,,E041188,"MSRP.3,ZCW,ZPP.1,ZTP,2MT.1,403,417,507,6FL,653,655,752",,"$68,970.00","Dec 19, 2007",475,,,,,,,,,,
A73 - Jerez Black Metallic,,NCH2 - Fox Red Novillo Leather,2008,WBSVA935X8E041189,,E041189,"MSRP.3,ZCW,ZPP.1,ZTP,2MT.1,403,417,507,6FL,653,655,752",,"$68,970.00","Dec 18, 2007",475,,,,,,,,,,
A73 - Jerez Black Metallic,,NCH2 - Fox Red Novillo Leather,2008,WBSVA93568E041190,,E041190,"MSRP.3,ZCW,ZPP.1,ZTP,2MT.1,403,417,507,6FL,653,655,752",,"$68,970.00","Dec 18, 2007",475,,,,,,,,,,
A73 - Jerez Black Metallic,,NCH2 - Fox Red Novillo Leather,2008,WBSVA93588E041191,,E041191,"MSRP.3,ZCW,ZPP.1,ZTP,2MT.1,403,417,507,6FL,653,655,752",,"$68,970.00","Dec 20, 2007",475,,,,,,,,,,
A29 - Silverstone Metallic II,,NDH2 - Fox Red Extended Leather,2008,WBSVA935X8E041192,,E041192,"MSRP.3,ZPP.3,2MT.1,403,609,6FL,653,655,752",,"$66,995.00","Dec 20, 2007",475/1100,,,,,,,,,,
A29 - Silverstone Metallic II,,NDH2 - Fox Red Extended Leather,2008,WBSVA93518E041193,,E041193,"MSRP.3,ZPP.3,2MT.1,403,609,6FL,653,655,752",,"$66,995.00","Dec 20, 2007",475/1100,,,,,,,,,,
A29 - Silverstone Metallic II,,NDH2 - Fox Red Extended Leather,2008,WBSVA93538E041194,,E041194,"MSRP.3,ZPP.3,2MT.1,403,609,6FL,653,655,752",,"$66,995.00","Dec 18, 2007",475/1100,,,,,,,,,,
A29 - Silverstone Metallic II,,NDH2 - Fox Red Extended Leather,2008,WBSVA93558E041195,,E041195,"MSRP.3,ZPP.3,2MT.1,403,609,6FL,653,655,752",,"$66,995.00","Dec 20, 2007",475/1100,,,,,,,,,,
A29 - Silverstone Metallic II,,NDH2 - Fox Red Extended Leather,2008,WBSVA93578E041196,,E041196,"MSRP.3,ZPP.3,2MT.1,403,609,6FL,653,655,752",,"$66,995.00","Dec 20, 2007",475/1100,,,,,,,,,,
A29 - Silverstone Metallic II,,NDH2 - Fox Red Extended Leather,2008,WBSVA93598E041197,,E041197,"MSRP.3,ZPP.3,2MT.1,403,609,6FL,653,655,752",,"$66,995.00","Dec 20, 2007",475/1100,,,,,,,,,,
A29 - Silverstone Metallic II,,NDH2 - Fox Red Extended Leather,2008,WBSVA93508E041198,,E041198,"MSRP.3,ZPP.3,2MT.1,403,609,6FL,653,655,752",,"$66,995.00","Dec 20, 2007",475/1100,,,,,,,,,,
A29 - Silverstone Metallic II,,NDH2 - Fox Red Extended Leather,2008,WBSVA93528E041199,,E041199,"MSRP.3,ZPP.3,2MT.1,403,609,6FL,653,655,752",,"$66,995.00","Dec 20, 2007",475/1100,,,,,,,,,,
A29 - Silverstone Metallic II,,NDH2 - Fox Red Extended Leather,2008,WBSVA93558E041200,,E041200,"MSRP.3,ZPP.3,2MT.1,403,609,6FL,653,655,752",,"$66,995.00","Dec 19, 2007",475/1100,,,,,,,,,,
A73 - Jerez Black Metallic,,NDSW - Black Extended Novillo Leather,2008,WBSVA93578E041201,,E041201,"MSRP.3,ZCW,ZPP.3,ZTP,2MT.1,403,417,507,6FL,653,655,752",,"$70,070.00","Dec 19, 2007",475/1100,,,,,,,,,,
A73 - Jerez Black Metallic,,NDSW - Black Extended Novillo Leather,2008,WBSVA93598E041202,,E041202,"MSRP.3,ZCW,ZPP.3,ZTP,2MT.1,403,417,507,6FL,653,655,752",,"$70,070.00","Dec 19, 2007",475/1100,,,,,,,,,,
A73 - Jerez Black Metallic,,NDSW - Black Extended Novillo Leather,2008,WBSVA93508E041203,,E041203,"MSRP.3,ZCW,ZPP.3,ZTP,2MT.1,403,417,507,6FL,653,655,752",,"$70,070.00","Dec 19, 2007",475/1100,,,,,,,,,,
A73 - Jerez Black Metallic,,NCH2 - Fox Red Novillo Leather,2008,WBSVA93528E041204,,E041204,"MSRP.3,ZCW,ZPP.1,ZTP,2MT.1,403,417,507,6FL,653,655,752",,"$68,970.00","Dec 20, 2007",475,,,,,,,,,,
A29 - Silverstone Metallic II,,NDH2 - Fox Red Extended Leather,2008,WBSVA93548E041205,,E041205,"MSRP.3,ZPP.3,2MT.1,403,609,6FL,653,655,752",,"$66,995.00","Jan 2, 2008",475/1100,,,,,,,,,,
A29 - Silverstone Metallic II,,NDH2 - Fox Red Extended Leather,2008,WBSVA93568E041206,,E041206,"MSRP.3,ZPP.3,2MT.1,403,609,6FL,653,655,752",,"$66,995.00","Jan 2, 2008",475/1100,,,,,,,,,,
A29 - Silverstone Metallic II,,NDH2 - Fox Red Extended Leather,2008,WBSVA93588E041207,,E041207,"MSRP.3,ZPP.3,2MT.1,403,609,6FL,653,655,752",,"$66,995.00","Jan 2, 2008",475/1100,,,,,,,,,,
A29 - Silverstone Metallic II,,NDH2 - Fox Red Extended Leather,2008,WBSVA935X8E041208,,E041208,"MSRP.3,ZPP.3,2MT.1,403,609,6FL,653,655,752",,"$66,995.00","Jan 2, 2008",475/1100,,,,,,,,,,
A29 - Silverstone Metallic II,,NDH2 - Fox Red Extended Leather,2008,WBSVA93518E041209,,E041209,"MSRP.3,ZPP.3,2MT.1,403,609,6FL,653,655,752",,"$66,995.00","Jan 3, 2008",475/1100,,,,,,,,,,
A29 - Silverstone Metallic II,,NDH2 - Fox Red Extended Leather,2008,WBSVA93588E041210,,E041210,"MSRP.3,ZPP.3,2MT.1,403,609,6FL,653,655,752",,"$66,995.00","Jan 3, 2008",475/1100,,,,,,,,,,
A29 - Silverstone Metallic II,,NDH2 - Fox Red Extended Leather,2008,WBSVA935X8E041211,,E041211,"MSRP.3,ZPP.3,2MT.1,403,609,6FL,653,655,752",,"$66,995.00","Jan 2, 2008",475/1100,,,,,,,,,,
A29 - Silverstone Metallic II,,NDH2 - Fox Red Extended Leather,2008,WBSVA93518E041212,,E041212,"MSRP.3,ZPP.3,2MT.1,403,609,6FL,653,655,752",,"$66,995.00","Jan 2, 2008",475/1100,,,,,,,,,,
A29 - Silverstone Metallic II,,NDH2 - Fox Red Extended Leather,2008,WBSVA93538E041213,,E041213,"MSRP.3,ZPP.3,2MT.1,403,609,6FL,653,655,752",,"$66,995.00","Jan 2, 2008",475/1100,,,,,,,,,,
A29 - Silverstone Metallic II,,NDH2 - Fox Red Extended Leather,2008,WBSVA93558E041214,,E041214,"MSRP.3,ZPP.3,2MT.1,403,609,6FL,653,655,752",,"$66,995.00","Jan 2, 2008",475/1100,,,,,,,,,,
A29 - Silverstone Metallic II,,NDH2 - Fox Red Extended Leather,2008,WBSVA93578E041215,,E041215,"MSRP.3,ZPP.3,2MT.1,403,609,6FL,653,655,752",,"$66,995.00","Jan 3, 2008",475/1100,,,,,,,,,,
A29 - Silverstone Metallic II,,NDH2 - Fox Red Extended Leather,2008,WBSVA93598E041216,,E041216,"MSRP.3,ZPP.3,2MT.1,403,609,6FL,653,655,752",,"$66,995.00","Jan 3, 2008",475/1100,,,,,,,,,,
A29 - Silverstone Metallic II,,NDH2 - Fox Red Extended Leather,2008,WBSVA93508E041217,,E041217,"MSRP.3,ZPP.3,2MT.1,403,609,6FL,653,655,752",,"$66,995.00","Jan 3, 2008",475/1100,,,,,,,,,,
A29 - Silverstone Metallic II,,NDH2 - Fox Red Extended Leather,2008,WBSVA93528E041218,,E041218,"MSRP.3,ZPP.3,2MT.1,403,609,6FL,653,655,752",,"$66,995.00","Jan 3, 2008",475/1100,,,,,,,,,,
A29 - Silverstone Metallic II,,NDH2 - Fox Red Extended Leather,2008,WBSVA93548E041219,,E041219,"MSRP.3,ZPP.3,2MT.1,403,609,6FL,653,655,752",,"$66,995.00","Jan 4, 2008",475/1100,,,,,,,,,,
A29 - Silverstone Metallic II,,NDH2 - Fox Red Extended Leather,2008,WBSVA93508E041220,,E041220,"MSRP.3,ZPP.3,2MT.1,403,609,6FL,653,655,752",,"$66,995.00","Jan 4, 2008",475/1100,,,,,,,,,,
A29 - Silverstone Metallic II,,NDH2 - Fox Red Extended Leather,2008,WBSVA93528E041221,,E041221,"MSRP.3,ZPP.3,2MT.1,403,609,6FL,653,655,752",,"$66,995.00","Jan 4, 2008",475/1100,,,,,,,,,,
A29 - Silverstone Metallic II,,NDH2 - Fox Red Extended Leather,2008,WBSVA93548E041222,,E041222,"MSRP.3,ZPP.3,2MT.1,403,609,6FL,653,655,752",,"$66,995.00","Jan 4, 2008",475/1100,,,,,,,,,,
A29 - Silverstone Metallic II,,NDH2 - Fox Red Extended Leather,2008,WBSVA93568E041223,,E041223,"MSRP.3,ZPP.3,2MT.1,403,609,6FL,653,655,752",,"$66,995.00","Jan 4, 2008",475/1100,,,,,,,,,,
A29 - Silverstone Metallic II,,NDH2 - Fox Red Extended Leather,2008,WBSVA93588E041224,,E041224,"MSRP.3,ZPP.3,2MT.1,403,609,6FL,653,655,752",,"$66,995.00","Jan 4, 2008",475/1100,,,,,,,,,,
A73 - Jerez Black Metallic,,NCH2 - Fox Red Novillo Leather,2008,WBSVA935X8E041225,,E041225,"MSRP.3,ZCW,ZPP.1,ZTP,2MT.1,403,417,507,6FL,653,655,752",,"$68,970.00","Jan 4, 2008",475,,,,,,,,,,
A73 - Jerez Black Metallic,,NCH2 - Fox Red Novillo Leather,2008,WBSVA93518E041226,,E041226,"MSRP.3,ZCW,ZPP.1,ZTP,2MT.1,403,417,507,6FL,653,655,752",,"$68,970.00","Jan 5, 2008",475,,,,,,,,,,
A73 - Jerez Black Metallic,,NCH2 - Fox Red Novillo Leather,2008,WBSVA93538E041227,,E041227,"MSRP.3,ZCW,ZPP.1,ZTP,2MT.1,403,417,507,6FL,653,655,752",,"$68,970.00","Jan 4, 2008",475,,,,,,,,,,
A73 - Jerez Black Metallic,,NCH2 - Fox Red Novillo Leather,2008,WBSVA93558E041228,,E041228,"MSRP.3,ZCW,ZPP.1,ZTP,2MT.1,403,417,507,6FL,653,655,752",,"$68,970.00","Jan 4, 2008",475,,,,,,,,,,
A29 - Silverstone Metallic II,,NDH2 - Fox Red Extended Leather,2008,WBSVA93578E041229,,E041229,"MSRP.3,ZPP.3,2MT.1,403,609,6FL,653,655,752",,"$66,995.00","Jan 5, 2008",475/1100,,,,,,,,,,
A29 - Silverstone Metallic II,,NDH2 - Fox Red Extended Leather,2008,WBSVA93538E041230,,E041230,"MSRP.3,ZPP.3,2MT.1,403,609,6FL,653,655,752",,"$66,995.00","Jan 5, 2008",475/1100,,,,,,,,,,
A29 - Silverstone Metallic II,,NDH2 - Fox Red Extended Leather,2008,WBSVA93558E041231,,E041231,"MSRP.3,ZPP.3,2MT.1,403,609,6FL,653,655,752",,"$66,995.00","Jan 5, 2008",475/1100,,,,,,,,,,
A29 - Silverstone Metallic II,,NDH2 - Fox Red Extended Leather,2008,WBSVA93578E041232,,E041232,"MSRP.3,ZPP.3,2MT.1,403,609,6FL,653,655,752",,"$66,995.00","Jan 5, 2008",475/1100,,,,,,,,,,
A73 - Jerez Black Metallic,,NCH2 - Fox Red Novillo Leather,2008,WBSVA93598E041233,,E041233,"MSRP.3,ZCW,ZPP.1,ZTP,2MT.1,403,417,507,6FL,653,655,752",,"$68,970.00","Jan 5, 2008",475,,,,,,,,,,
A73 - Jerez Black Metallic,,NCH2 - Fox Red Novillo Leather,2008,WBSVA93508E041234,,E041234,"MSRP.3,ZCW,ZPP.1,ZTP,2MT.1,403,417,507,6FL,653,655,752",,"$68,970.00","Jan 5, 2008",475,,,,,,,,,,
A73 - Jerez Black Metallic,,NCH2 - Fox Red Novillo Leather,2008,WBSVA93528E041235,,E041235,"MSRP.3,ZCW,ZPP.1,ZTP,2MT.1,403,417,507,6FL,653,655,752",,"$68,970.00","Jan 5, 2008",475,,,,,,,,,,
A73 - Jerez Black Metallic,,NCH2 - Fox Red Novillo Leather,2008,WBSVA93548E041236,,E041236,"MSRP.3,ZCW,ZPP.1,ZTP,2MT.1,403,417,507,6FL,653,655,752",,"$68,970.00","Jan 5, 2008",475,,,,,,,,,,
A73 - Jerez Black Metallic,,NCH2 - Fox Red Novillo Leather,2008,WBSVA93568E041237,,E041237,"MSRP.3,ZCW,ZPP.1,ZTP,2MT.1,403,417,507,6FL,653,655,752",,"$68,970.00","Jan 5, 2008",475,,,,,,,,,,
A73 - Jerez Black Metallic,,NCH2 - Fox Red Novillo Leather,2008,WBSVA93588E041238,,E041238,"MSRP.3,ZCW,ZPP.1,ZTP,2MT.1,403,417,507,6FL,653,655,752",,"$68,970.00","Jan 5, 2008",475,,,,,,,,,,
A73 - Jerez Black Metallic,,NCH2 - Fox Red Novillo Leather,2008,WBSVA935X8E041239,,E041239,"MSRP.3,ZCW,ZPP.1,ZTP,2MT.1,403,417,507,6FL,653,655,752",,"$68,970.00","Jan 5, 2008",475,,,,,,,,,,
A73 - Jerez Black Metallic,,NCH2 - Fox Red Novillo Leather,2008,WBSVA93568E041240,,E041240,"MSRP.3,ZCW,ZPP.1,ZTP,2MT.1,403,417,507,6FL,653,655,752",,"$68,970.00","Jan 5, 2008",475,,,,,,,,,,
A73 - Jerez Black Metallic,,NCH2 - Fox Red Novillo Leather,2008,WBSVA93588E041241,,E041241,"MSRP.3,ZCW,ZPP.1,ZTP,2MT.1,403,417,507,6FL,653,655,752",,"$68,970.00","Jan 7, 2008",475,,,,,,,,,,
A73 - Jerez Black Metallic,,NCH2 - Fox Red Novillo Leather,2008,WBSVA935X8E041242,,E041242,"MSRP.3,ZCW,ZPP.1,ZTP,2MT.1,403,417,507,6FL,653,655,752",,"$68,970.00","Jan 7, 2008",475,,,,,,,,,,
A73 - Jerez Black Metallic,,NCH2 - Fox Red Novillo Leather,2008,WBSVA93518E041243,,E041243,"MSRP.3,ZCW,ZPP.1,ZTP,2MT.1,403,417,507,6FL,653,655,752",,"$68,970.00","Jan 7, 2008",475,,,,,,,,,,
A73 - Jerez Black Metallic,,NCH2 - Fox Red Novillo Leather,2008,WBSVA93538E041244,,E041244,"MSRP.3,ZCW,ZPP.1,ZTP,2MT.1,403,417,507,6FL,653,655,752",,"$68,970.00","Jan 7, 2008",475,,,,,,,,,,
A73 - Jerez Black Metallic,,NCH2 - Fox Red Novillo Leather,2008,WBSVA93558E041245,,E041245,"MSRP.3,ZCW,ZPP.1,ZTP,2MT.1,403,417,507,6FL,653,655,752",,"$68,970.00","Jan 7, 2008",475,,,,,,,,,,
A73 - Jerez Black Metallic,,NCH2 - Fox Red Novillo Leather,2008,WBSVA93578E041246,,E041246,"MSRP.3,ZCW,ZPP.1,ZTP,2MT.1,403,417,507,6FL,653,655,752",,"$68,970.00","Jan 7, 2008",475,,,,,,,,,,
A73 - Jerez Black Metallic,,NCH2 - Fox Red Novillo Leather,2008,WBSVA93598E041247,,E041247,"MSRP.3,ZCW,ZPP.1,ZTP,2MT.1,403,417,507,6FL,653,655,752",,"$68,970.00","Jan 7, 2008",475,,,,,,,,,,
A73 - Jerez Black Metallic,,NCH2 - Fox Red Novillo Leather,2008,WBSVA93508E041248,,E041248,"MSRP.3,ZCW,ZPP.1,ZTP,2MT.1,403,417,507,6FL,653,655,752",,"$68,970.00","Jan 7, 2008",475,,,,,,,,,,
A73 - Jerez Black Metallic,,NCH2 - Fox Red Novillo Leather,2008,WBSVA93528E041249,,E041249,"MSRP.3,ZCW,ZPP.1,ZTP,2MT.1,403,417,507,6FL,653,655,752",,"$68,970.00","Jan 7, 2008",475,,,,,,,,,,
A73 - Jerez Black Metallic,,NCH2 - Fox Red Novillo Leather,2008,WBSVA93598E041250,,E041250,"MSRP.3,ZCW,ZPP.1,ZTP,2MT.1,403,417,507,6FL,653,655,752",,"$68,970.00","Jan 7, 2008",475,,,,,,,,,,
A73 - Jerez Black Metallic,,NCH2 - Fox Red Novillo Leather,2008,WBSVA93508E041251,,E041251,"MSRP.3,ZCW,ZPP.1,ZTP,2MT.1,403,417,507,6FL,653,655,752",,"$68,970.00","Jan 7, 2008",475,,,,,,,,,,
A73 - Jerez Black Metallic,,NCH2 - Fox Red Novillo Leather,2008,WBSVA93528E041252,,E041252,"MSRP.3,ZCW,ZPP.1,ZTP,2MT.1,403,417,507,6FL,653,655,752",,"$68,970.00","Jan 7, 2008",475,,,,,,,,,,
A73 - Jerez Black Metallic,,NCH2 - Fox Red Novillo Leather,2008,WBSVA93548E041253,,E041253,"MSRP.3,ZCW,ZPP.1,ZTP,2MT.1,403,417,507,6FL,653,655,752",,"$68,970.00","Jan 7, 2008",475,,,,,,,,,,
A73 - Jerez Black Metallic,,NCH2 - Fox Red Novillo Leather,2008,WBSVA93568E041254,,E041254,"MSRP.3,ZCW,ZPP.1,ZTP,2MT.1,403,417,507,6FL,653,655,752",,"$68,970.00","Jan 7, 2008",475,,,,,,,,,,
A29 - Silverstone Metallic II,,NCSW - Black Novillo Leather,2008,WBSVA93588E041255,,E041255,"MSRP.3,223,609,771",,"$60,450.00","Jan 8, 2008",475/950,,,,,,,,,,
A73 - Jerez Black Metallic,,NCSW - Black Novillo Leather,2008,WBSVA935X8E041256,,E041256,"MSRP.3,ZCW,ZPP.3,ZTP,2MT.1,302,403,417,507,6FL,752",,"$68,425.00","Jan 8, 2008",475,,,,,,,,,,
A73 - Jerez Black Metallic,,NCSW - Black Novillo Leather,2008,WBSVA93518E041257,,E041257,"MSRP.3,ZCW,ZPP.3,ZTP,2MT.1,302,403,417,507,6FL,752",,"$68,425.00","Jan 8, 2008",475,,,,,,,,,,
A73 - Jerez Black Metallic,,NCSW - Black Novillo Leather,2008,WBSVA93538E041258,,E041258,"MSRP.3,ZCW,ZPP.3,ZTP,2MT.1,302,403,417,507,6FL,752",,"$68,425.00","Jan 9, 2008",475,,,,,,,,,,
A73 - Jerez Black Metallic,,NCSW - Black Novillo Leather,2008,WBSVA93558E041259,,E041259,"MSRP.3,ZCW,ZPP.3,ZTP,2MT.1,302,403,417,507,6FL,655,752",,"$69,020.00","Jan 9, 2008",475,,,,,,,,,,
A29 - Silverstone Metallic II,,NDH2 - Fox Red Extended Leather,2008,WBSVA93518E041260,,E041260,"MSRP.3,ZPP.3,2MT.1,403,609,6FL,653,655,752",,"$66,995.00","Jan 11, 2008",475/1100,,,,,,,,,,
A29 - Silverstone Metallic II,,NDH2 - Fox Red Extended Leather,2008,WBSVA93538E041261,,E041261,"MSRP.3,ZPP.3,2MT.1,403,609,6FL,653,655,752",,"$66,995.00","Jan 10, 2008",475/1100,,,,,,,,,,
A29 - Silverstone Metallic II,,NCSW - Black Novillo Leather,2008,WBSVA93558E041262,,E041262,"MSRP.3,ZCW,ZPP.3,ZTP,2MT.1,302,403,417,507,6FL,752",,"$68,425.00","Jan 11, 2008",475,,,,,,,,,,
A29 - Silverstone Metallic II,,NCSW - Black Novillo Leather,2008,WBSVA93578E041263,,E041263,"MSRP.3,ZCW,ZPP.3,ZTP,2MT.1,302,403,417,507,6FL,752",,"$68,425.00","Jan 11, 2008",475,,,,,,,,,,
A29 - Silverstone Metallic II,,NCSW - Black Novillo Leather,2008,WBSVA93598E041264,,E041264,"MSRP.3,ZCW,ZPP.3,ZTP,2MT.1,302,403,417,507,6FL,655,752",,"$69,020.00","Jan 11, 2008",475,,,,,,,,,,
A73 - Jerez Black Metallic,,NCH2 - Fox Red Novillo Leather,2008,WBSVA93508E041265,,E041265,"MSRP.3,ZCW,ZPP.1,ZTP,2MT.1,403,417,507,6FL,653,655,752",,"$68,970.00","Jan 11, 2008",475,,,,,,,,,,
A29 - Silverstone Metallic II,,NDH2 - Fox Red Extended Leather,2008,WBSVA93528E041266,,E041266,"MSRP.3,ZPP.3,2MT.1,403,609,6FL,653,655,752",,"$66,995.00","Jan 11, 2008",475/1100,,,,,,,,,,
A29 - Silverstone Metallic II,,NDH2 - Fox Red Extended Leather,2008,WBSVA93548E041267,,E041267,"MSRP.3,ZPP.3,2MT.1,403,609,6FL,653,655,752",,"$66,995.00","Jan 10, 2008",475/1100,,,,,,,,,,
A29 - Silverstone Metallic II,,NDH2 - Fox Red Extended Leather,2008,WBSVA93568E041268,,E041268,"MSRP.3,ZPP.3,2MT.1,403,609,6FL,653,655,752",,"$66,995.00","Jan 11, 2008",475/1100,,,,,,,,,,
A73 - Jerez Black Metallic,,NCH2 - Fox Red Novillo Leather,2008,WBSVA93588E041269,,E041269,"MSRP.3,ZCW,ZPP.1,ZTP,2MT.1,403,417,507,6FL,653,655,752",,"$68,970.00","Jan 11, 2008",475,,,,,,,,,,
A73 - Jerez Black Metallic,,NCH2 - Fox Red Novillo Leather,2008,WBSVA93548E041270,,E041270,"MSRP.3,ZCW,ZPP.1,ZTP,2MT.1,403,417,507,6FL,653,655,752",,"$68,970.00","Jan 11, 2008",475,,,,,,,,,,
A29 - Silverstone Metallic II,,NCSW - Black Novillo Leather,2008,WBSVA93568E041271,,E041271,"MSRP.3,ZCW,ZPP.3,ZTP,2MT.1,302,403,417,507,6FL,752",,"$68,425.00","Jan 14, 2008",475,,,,,,,,,,
A29 - Silverstone Metallic II,,NCSW - Black Novillo Leather,2008,WBSVA93588E041272,,E041272,"MSRP.3,ZCW,ZPP.3,ZTP,2MT.1,302,403,417,507,6FL,752",,"$68,425.00","Jan 14, 2008",475,,,,,,,,,,
A29 - Silverstone Metallic II,,NCSW - Black Novillo Leather,2008,WBSVA935X8E041273,,E041273,"MSRP.3,ZCW,ZPP.3,ZTP,2MT.1,302,403,417,507,6FL,752",,"$68,425.00","Jan 14, 2008",475,,,,,,,,,,
A73 - Jerez Black Metallic,,NCH2 - Fox Red Novillo Leather,2008,WBSVA93518E041274,,E041274,"MSRP.3,ZCW,ZPP.1,2MT.1,302,322,403,417,507,609,6FL,655,752",,"$67,870.00","Jan 14, 2008",475,,,,,,,,,,
A73 - Jerez Black Metallic,,NCH2 - Fox Red Novillo Leather,2008,WBSVA93538E041275,,E041275,"MSRP.3,ZCW,ZPP.1,2MT.1,302,322,403,417,507,609,6FL,655,752",,"$67,870.00","Jan 12, 2008",475,,,,,,,,,,
A73 - Jerez Black Metallic,,NCH2 - Fox Red Novillo Leather,2008,WBSVA93558E041276,,E041276,"MSRP.3,ZCW,ZPP.1,2MT.1,302,322,403,417,507,609,6FL,655,752",,"$67,870.00","Jan 12, 2008",475,,,,,,,,,,
A73 - Jerez Black Metallic,,NCH2 - Fox Red Novillo Leather,2008,WBSVA93578E041277,,E041277,"MSRP.3,ZCW,ZPP.1,2MT.1,302,322,403,417,507,609,6FL,752",,"$67,275.00","Jan 12, 2008",475,,,,,,,,,,
A73 - Jerez Black Metallic,,NCH2 - Fox Red Novillo Leather,2008,WBSVA93598E041278,,E041278,"MSRP.3,ZCW,ZPP.1,2MT.1,302,322,403,417,507,609,6FL,752",,"$67,275.00","Jan 12, 2008",475,,,,,,,,,,
A73 - Jerez Black Metallic,,NCH2 - Fox Red Novillo Leather,2008,WBSVA93508E041279,,E041279,"MSRP.3,ZCW,ZPP.1,2MT.1,302,322,403,417,507,609,6FL,752",,"$67,275.00","Jan 12, 2008",475,,,,,,,,,,
A73 - Jerez Black Metallic,,NCSW - Black Novillo Leather,2008,WBSVA93578E041280,,E041280,"MSRP.3,ZCW,ZPP.3,ZTP,2MT.1,302,403,417,507,6FL,655,752",,"$69,020.00","Jan 12, 2008",475,,,,,,,,,,
A73 - Jerez Black Metallic,,NCSW - Black Novillo Leather,2008,WBSVA93598E041281,,E041281,"MSRP.3,ZCW,ZPP.3,ZTP,2MT.1,302,403,417,507,6FL,752",,"$68,425.00","Jan 12, 2008",475,,,,,,,,,,
A73 - Jerez Black Metallic,,NCSW - Black Novillo Leather,2008,WBSVA93508E041282,,E041282,"MSRP.3,ZCW,ZPP.3,ZTP,2MT.1,302,403,417,507,6FL,752",,"$68,425.00","Jan 12, 2008",475,,,,,,,,,,
A73 - Jerez Black Metallic,,NCSW - Black Novillo Leather,2008,WBSVA93528E041283,,E041283,"MSRP.3,ZCW,ZPP.3,ZTP,2MT.1,302,403,417,507,6FL,752",,"$68,425.00","Jan 12, 2008",475,,,,,,,,,,
A73 - Jerez Black Metallic,,NCSW - Black Novillo Leather,2008,WBSVA93548E041284,,E041284,"MSRP.3,ZCW,ZPP.3,ZTP,2MT.1,302,403,417,507,6FL,752",,"$68,425.00","Jan 12, 2008",475,,,,,,,,,,
A73 - Jerez Black Metallic,,NCSW - Black Novillo Leather,2008,WBSVA93568E041285,,E041285,"MSRP.3,ZCW,ZPP.3,ZTP,2MT.1,302,403,417,507,6FL,752",,"$68,425.00","Jan 11, 2008",475,,,,,,,,,,
A29 - Silverstone Metallic II,,NCSW - Black Novillo Leather,2008,WBSVA93588E041286,,E041286,"MSRP.3,ZCW,ZTP,2MT.1,302,403,417,4MY,507,6FL,752",,"$67,975.00","Jan 14, 2008",475/950,,,,,,,,,,
A29 - Silverstone Metallic II,,NCSW - Black Novillo Leather,2008,WBSVA935X8E041287,,E041287,"MSRP.3,ZCW,ZPP.3,ZTP,2MT.1,302,403,417,507,6FL,752",,"$68,425.00","Jan 14, 2008",475,,,,,,,,,,
A29 - Silverstone Metallic II,,NCSW - Black Novillo Leather,2008,WBSVA93518E041288,,E041288,"MSRP.3,ZCW,ZPP.3,ZTP,2MT.1,302,403,417,507,6FL,752",,"$68,425.00","Jan 14, 2008",475,,,,,,,,,,
A29 - Silverstone Metallic II,,NCSW - Black Novillo Leather,2008,WBSVA93538E041289,,E041289,"MSRP.3,ZCW,ZPP.3,ZTP,2MT.1,302,403,417,507,6FL,752",,"$68,425.00","Jan 14, 2008",475,,,,,,,,,,
A29 - Silverstone Metallic II,,NCSW - Black Novillo Leather,2008,WBSVA935X8E041290,,E041290,"MSRP.3,ZCW,ZPP.3,ZTP,2MT.1,302,403,417,507,6FL,752",,"$68,425.00","Jan 14, 2008",475,,,,,,,,,,
A29 - Silverstone Metallic II,,NCSW - Black Novillo Leather,2008,WBSVA93518E041291,,E041291,"MSRP.3,ZCW,ZPP.3,ZTP,2MT.1,302,403,417,507,6FL,752",,"$68,425.00","Jan 14, 2008",475,,,,,,,,,,
A73 - Jerez Black Metallic,,NCH2 - Fox Red Novillo Leather,2008,WBSVA93538E041292,,E041292,"MSRP.3,ZCW,ZPP.1,2MT.1,302,322,403,417,507,609,6FL,752",,"$67,275.00","Jan 12, 2008",475,,,,,,,,,,
A73 - Jerez Black Metallic,,NCH2 - Fox Red Novillo Leather,2008,WBSVA93558E041293,,E041293,"MSRP.3,ZCW,ZPP.1,2MT.1,302,322,403,417,507,609,6FL,752",,"$67,275.00","Jan 12, 2008",475,,,,,,,,,,
A73 - Jerez Black Metallic,,NCH2 - Fox Red Novillo Leather,2008,WBSVA93578E041294,,E041294,"MSRP.3,ZCW,ZPP.1,2MT.1,302,322,403,417,507,609,6FL,752",,"$67,275.00","Jan 12, 2008",475,,,,,,,,,,
A73 - Jerez Black Metallic,,NCH2 - Fox Red Novillo Leather,2008,WBSVA93598E041295,,E041295,"MSRP.3,ZCW,ZPP.1,2MT.1,302,322,403,417,507,609,6FL,752",,"$67,275.00","Jan 12, 2008",475,,,,,,,,,,
300 - Alpine White,,NCH2 - Fox Red Novillo Leather,2008,WBSVA93508E041296,,E041296,"MSRP.3,ZCW,ZPP.3,2MT.1,302,322,403,417,507,609,6FL,752",,"$66,800.00","Jan 15, 2008",,,,,,,,,,,
300 - Alpine White,,NCH2 - Fox Red Novillo Leather,2008,WBSVA93528E041297,,E041297,"MSRP.3,ZCW,ZPP.3,2MT.1,302,322,403,417,507,609,6FL,752",,"$66,800.00","Jan 15, 2008",,,,,,,,,,,
300 - Alpine White,,NCH2 - Fox Red Novillo Leather,2008,WBSVA93548E041298,,E041298,"MSRP.3,ZCW,ZPP.3,2MT.1,302,322,403,417,507,609,6FL,752",,"$66,800.00","Jan 15, 2008",,,,,,,,,,,
300 - Alpine White,,NCH2 - Fox Red Novillo Leather,2008,WBSVA93568E041299,,E041299,"MSRP.3,ZCW,ZPP.3,2MT.1,302,322,403,417,507,609,6FL,752",,"$66,800.00","Jan 15, 2008",,,,,,,,,,,
A29 - Silverstone Metallic II,,NCSW - Black Novillo Leather,2008,WBSVA93598E041300,,E041300,"MSRP.3,ZCW,ZPP.3,ZTP,2MT.1,302,403,417,507,6FL,752",,"$68,425.00","Jan 15, 2008",475,,,,,,,,,,
A29 - Silverstone Metallic II,,NCSW - Black Novillo Leather,2008,WBSVA93508E041301,,E041301,"MSRP.3,ZCW,ZPP.3,ZTP,2MT.1,302,403,417,507,6FL,752",,"$68,425.00","Jan 15, 2008",475,,,,,,,,,,
A29 - Silverstone Metallic II,,NCSW - Black Novillo Leather,2008,WBSVA93528E041302,,E041302,"MSRP.3,ZCW,ZPP.3,ZTP,2MT.1,302,403,417,507,6FL,752",,"$68,425.00","Jan 14, 2008",475,,,,,,,,,,
A29 - Silverstone Metallic II,,NDH2 - Fox Red Extended Leather,2008,WBSVA93548E041303,,E041303,"MSRP.3,ZPP.3,2MT.1,403,609,6FL,653,655,752",,"$66,995.00","Jan 16, 2008",475/1100,,,,,,,,,,
A29 - Silverstone Metallic II,,NDH2 - Fox Red Extended Leather,2008,WBSVA93568E041304,,E041304,"MSRP.3,ZPP.3,2MT.1,403,609,6FL,653,655,752",,"$66,995.00","Jan 15, 2008",475/1100,,,,,,,,,,
A29 - Silverstone Metallic II,,NDH2 - Fox Red Extended Leather,2008,WBSVA93588E041305,,E041305,"MSRP.3,ZPP.3,2MT.1,403,609,6FL,653,655,752",,"$66,995.00","Jan 15, 2008",475/1100,,,,,,,,,,
A29 - Silverstone Metallic II,,NDH2 - Fox Red Extended Leather,2008,WBSVA935X8E041306,,E041306,"MSRP.3,ZPP.3,2MT.1,403,609,6FL,653,655,752",,"$66,995.00","Jan 15, 2008",475/1100,,,,,,,,,,
300 - Alpine White,,NCH2 - Fox Red Novillo Leather,2008,WBSVA93518E041307,,E041307,"MSRP.3,ZCW,ZPP.3,2MT.1,302,322,403,417,507,609,6FL,752",,"$66,800.00","Jan 16, 2008",,,,,,,,,,,
300 - Alpine White,,NCH2 - Fox Red Novillo Leather,2008,WBSVA93538E041308,,E041308,"MSRP.3,ZCW,ZPP.3,2MT.1,302,322,403,417,507,609,6FL,752",,"$66,800.00","Jan 16, 2008",,,,,,,,,,,
300 - Alpine White,,NCH2 - Fox Red Novillo Leather,2008,WBSVA93558E041309,,E041309,"MSRP.3,ZCW,ZPP.3,2MT.1,302,322,403,417,507,609,6FL,752",,"$66,800.00","Jan 16, 2008",,,,,,,,,,,
300 - Alpine White,,NCH2 - Fox Red Novillo Leather,2008,WBSVA93518E041310,,E041310,"MSRP.3,ZCW,ZPP.3,2MT.1,302,322,403,417,507,609,6FL,752",,"$66,800.00","Jan 16, 2008",,,,,,,,,,,
300 - Alpine White,,NCH2 - Fox Red Novillo Leather,2008,WBSVA93538E041311,,E041311,"MSRP.3,ZCW,ZPP.3,2MT.1,302,322,403,417,507,609,6FL,655,752",,"$67,395.00","Jan 16, 2008",,,,,,,,,,,
A29 - Silverstone Metallic II,,NDH2 - Fox Red Extended Leather,2008,WBSVA93558E041312,,E041312,"MSRP.3,ZPP.3,2MT.1,403,609,6FL,653,655,752",,"$66,995.00","Jan 16, 2008",475/1100,,,,,,,,,,
A29 - Silverstone Metallic II,,NDH2 - Fox Red Extended Leather,2008,WBSVA93578E041313,,E041313,"MSRP.3,ZPP.3,2MT.1,403,609,6FL,653,655,752",,"$66,995.00","Jan 17, 2008",475/1100,,,,,,,,,,
A29 - Silverstone Metallic II,,NDH2 - Fox Red Extended Leather,2008,WBSVA93598E041314,,E041314,"MSRP.3,ZPP.3,2MT.1,403,609,6FL,653,655,752",,"$66,995.00","Jan 17, 2008",475/1100,,,,,,,,,,
A29 - Silverstone Metallic II,,NDH2 - Fox Red Extended Leather,2008,WBSVA93508E041315,,E041315,"MSRP.3,ZPP.3,2MT.1,403,609,6FL,653,655,752",,"$66,995.00","Jan 17, 2008",475/1100,,,,,,,,,,
A29 - Silverstone Metallic II,,NDH2 - Fox Red Extended Leather,2008,WBSVA93528E041316,,E041316,"MSRP.3,ZPP.3,2MT.1,403,609,6FL,653,655,752",,"$66,995.00","Jan 17, 2008",475/1100,,,,,,,,,,
A22 - Sparkling Graphite Metallic,,NCSW - Black Novillo Leather,2008,WBSVA93548E041317,,E041317,"MSRP.3,ZCW,ZPP.1,2MT.1,302,322,403,417,507,609,6FL,752",,"$67,275.00","Jan 17, 2008",475,,,,,,,,,,
A22 - Sparkling Graphite Metallic,,NCSW - Black Novillo Leather,2008,WBSVA93568E041318,,E041318,"MSRP.3,ZCW,ZPP.1,2MT.1,302,322,403,417,507,609,6FL,752",,"$67,275.00","Jan 17, 2008",475,,,,,,,,,,
A22 - Sparkling Graphite Metallic,,NCSW - Black Novillo Leather,2008,WBSVA93588E041319,,E041319,"MSRP.3,ZCW,ZPP.1,2MT.1,302,322,403,417,507,609,6FL,752",,"$67,275.00","Jan 17, 2008",475,,,,,,,,,,
A22 - Sparkling Graphite Metallic,,NCSW - Black Novillo Leather,2008,WBSVA93548E041320,,E041320,"MSRP.3,ZCW,ZPP.1,2MT.1,302,322,403,417,507,609,6FL,752",,"$67,275.00","Jan 17, 2008",475,,,,,,,,,,
300 - Alpine White,,NCH2 - Fox Red Novillo Leather,2008,WBSVA93568E041321,,E041321,"MSRP.3,ZCW,ZPP.3,2MT.1,302,322,403,417,507,609,6FL,752",,"$66,800.00","Jan 17, 2008",,,,,,,,,,,
A22 - Sparkling Graphite Metallic,,NCSW - Black Novillo Leather,2008,WBSVA93588E041322,,E041322,"MSRP.3,ZCW,ZPP.1,2MT.1,302,322,403,417,507,609,6FL,752",,"$67,275.00","Jan 18, 2008",475,,,,,,,,,,
A22 - Sparkling Graphite Metallic,,NCSW - Black Novillo Leather,2008,WBSVA935X8E041323,,E041323,"MSRP.3,ZCW,ZPP.1,2MT.1,302,322,403,417,507,609,6FL,752",,"$67,275.00","Jan 18, 2008",475,,,,,,,,,,
A22 - Sparkling Graphite Metallic,,NCSW - Black Novillo Leather,2008,WBSVA93518E041324,,E041324,"MSRP.3,ZCW,ZPP.1,2MT.1,302,322,403,417,507,609,6FL,752",,"$67,275.00","Jan 17, 2008",475,,,,,,,,,,
A22 - Sparkling Graphite Metallic,,NCSW - Black Novillo Leather,2008,WBSVA93538E041325,,E041325,"MSRP.3,ZCW,ZPP.1,2MT.1,302,322,403,417,507,609,6FL,655,752",,"$67,870.00","Jan 18, 2008",475,,,,,,,,,,
A73 - Jerez Black Metallic,,NCH2 - Fox Red Novillo Leather,2008,WBSVA93558E041326,,E041326,"MSRP.3,ZCW,ZPP.1,ZTP,2MT.1,403,417,507,6FL,653,655,752",,"$68,970.00","Jan 18, 2008",475,,,,,,,,,,
A29 - Silverstone Metallic II,,NDH2 - Fox Red Extended Leather,2008,WBSVA93578E041327,,E041327,"MSRP.3,ZPP.3,2MT.1,403,609,6FL,653,655,752",,"$66,995.00","Jan 17, 2008",475/1100,,,,,,,,,,
A29 - Silverstone Metallic II,,NDH2 - Fox Red Extended Leather,2008,WBSVA93598E041328,,E041328,"MSRP.3,ZPP.3,2MT.1,403,609,6FL,653,655,752",,"$66,995.00","Jan 17, 2008",475/1100,,,,,,,,,,
A29 - Silverstone Metallic II,,NDH2 - Fox Red Extended Leather,2008,WBSVA93508E041329,,E041329,"MSRP.3,ZPP.3,2MT.1,403,609,6FL,653,655,752",,"$66,995.00","Jan 17, 2008",475/1100,,,,,,,,,,
A29 - Silverstone Metallic II,,NDH2 - Fox Red Extended Leather,2008,WBSVA93578E041330,,E041330,"MSRP.3,ZPP.3,2MT.1,403,609,6FL,653,655,752",,"$66,995.00","Jan 17, 2008",475/1100,,,,,,,,,,
A73 - Jerez Black Metallic,,NCH2 - Fox Red Novillo Leather,2008,WBSVA93598E041331,,E041331,"MSRP.3,ZCW,ZPP.1,ZTP,2MT.1,403,417,507,6FL,653,655,752",,"$68,970.00","Jan 18, 2008",475,,,,,,,,,,
A73 - Jerez Black Metallic,,NCH2 - Fox Red Novillo Leather,2008,WBSVA93508E041332,,E041332,"MSRP.3,ZCW,ZPP.1,ZTP,2MT.1,403,417,507,6FL,653,655,752",,"$68,970.00","Jan 18, 2008",475,,,,,,,,,,
A73 - Jerez Black Metallic,,NCH2 - Fox Red Novillo Leather,2008,WBSVA93528E041333,,E041333,"MSRP.3,ZCW,ZPP.1,ZTP,2MT.1,403,417,507,6FL,653,655,752",,"$68,970.00","Jan 18, 2008",475,,,,,,,,,,
A73 - Jerez Black Metallic,,NCH2 - Fox Red Novillo Leather,2008,WBSVA93548E041334,,E041334,"MSRP.3,ZCW,ZPP.1,ZTP,2MT.1,403,417,507,6FL,653,655,752",,"$68,970.00","Jan 18, 2008",475,,,,,,,,,,
A73 - Jerez Black Metallic,,NCH2 - Fox Red Novillo Leather,2008,WBSVA93568E041335,,E041335,"MSRP.3,ZCW,ZPP.1,ZTP,2MT.1,403,417,507,6FL,653,655,752",,"$68,970.00","Jan 18, 2008",475,,,,,,,,,,
A73 - Jerez Black Metallic,,NCH2 - Fox Red Novillo Leather,2008,WBSVA93588E041336,,E041336,"MSRP.3,ZCW,ZPP.1,ZTP,2MT.1,403,417,507,6FL,653,655,752",,"$68,970.00","Jan 18, 2008",475,,,,,,,,,,
A29 - Silverstone Metallic II,,NDH2 - Fox Red Extended Leather,2008,WBSVA935X8E041337,,E041337,"MSRP.3,ZPP.3,2MT.1,403,609,6FL,653,655,752",,"$66,995.00","Jan 18, 2008",475/1100,,,,,,,,,,
A29 - Silverstone Metallic II,,NDH2 - Fox Red Extended Leather,2008,WBSVA93518E041338,,E041338,"MSRP.3,ZPP.3,2MT.1,403,609,6FL,653,655,752",,"$66,995.00","Jan 18, 2008",475/1100,,,,,,,,,,
A22 - Sparkling Graphite Metallic,,NCSW - Black Novillo Leather,2008,WBSVA93538E041339,,E041339,"MSRP.3,ZCW,ZPP.1,2MT.1,302,322,403,417,507,609,6FL,752",,"$67,275.00","Jan 18, 2008",475,,,,,,,,,,
A22 - Sparkling Graphite Metallic,,NCSW - Black Novillo Leather,2008,WBSVA935X8E041340,,E041340,"MSRP.3,ZCW,ZPP.1,2MT.1,302,322,403,417,507,609,6FL,752",,"$67,275.00","Jan 21, 2008",475,,,,,,,,,,
A22 - Sparkling Graphite Metallic,,NCSW - Black Novillo Leather,2008,WBSVA93518E041341,,E041341,"MSRP.3,ZCW,ZPP.1,2MT.1,302,322,403,417,507,609,6FL,752",,"$67,275.00","Jan 21, 2008",475,,,,,,,,,,
A22 - Sparkling Graphite Metallic,,NCSW - Black Novillo Leather,2008,WBSVA93538E041342,,E041342,"MSRP.3,ZCW,ZPP.1,2MT.1,302,322,403,417,507,609,6FL,752",,"$67,275.00","Jan 18, 2008",475,,,,,,,,,,
A73 - Jerez Black Metallic,,NCH2 - Fox Red Novillo Leather,2008,WBSVA93558E041343,,E041343,"MSRP.3,ZCW,ZPP.1,ZTP,2MT.1,403,417,507,6FL,653,655,752",,"$68,970.00","Jan 18, 2008",475,,,,,,,,,,
A73 - Jerez Black Metallic,,NCH2 - Fox Red Novillo Leather,2008,WBSVA93578E041344,,E041344,"MSRP.3,ZCW,ZPP.1,ZTP,2MT.1,403,417,507,6FL,653,655,752",,"$68,970.00","Jan 19, 2008",475,,,,,,,,,,
A73 - Jerez Black Metallic,,NCH2 - Fox Red Novillo Leather,2008,WBSVA93598E041345,,E041345,"MSRP.3,ZCW,ZPP.1,ZTP,2MT.1,403,417,507,6FL,653,655,752",,"$68,970.00","Jan 18, 2008",475,,,,,,,,,,
A73 - Jerez Black Metallic,,NCH2 - Fox Red Novillo Leather,2008,WBSVA93508E041346,,E041346,"MSRP.3,ZCW,ZPP.1,ZTP,2MT.1,403,417,507,6FL,653,655,752",,"$68,970.00","Jan 18, 2008",475,,,,,,,,,,
A73 - Jerez Black Metallic,,NCH2 - Fox Red Novillo Leather,2008,WBSVA93528E041347,,E041347,"MSRP.3,ZCW,ZPP.1,ZTP,2MT.1,403,417,507,6FL,653,655,752",,"$68,970.00","Jan 18, 2008",475,,,,,,,,,,
A73 - Jerez Black Metallic,,NCH2 - Fox Red Novillo Leather,2008,WBSVA93548E041348,,E041348,"MSRP.3,ZCW,ZPP.1,ZTP,2MT.1,403,417,507,6FL,653,655,752",,"$68,970.00","Jan 21, 2008",475,,,,,,,,,,
A73 - Jerez Black Metallic,,NCH2 - Fox Red Novillo Leather,2008,WBSVA93568E041349,,E041349,"MSRP.3,ZCW,ZPP.1,ZTP,2MT.1,403,417,507,6FL,653,655,752",,"$68,970.00","Jan 21, 2008",475,,,,,,,,,,
A73 - Jerez Black Metallic,,NCH2 - Fox Red Novillo Leather,2008,WBSVA93528E041350,,E041350,"MSRP.3,ZCW,ZPP.1,ZTP,2MT.1,403,417,507,6FL,653,655,752",,"$68,970.00","Jan 21, 2008",475,,,,,,,,,,
A73 - Jerez Black Metallic,,NCH2 - Fox Red Novillo Leather,2008,WBSVA93548E041351,,E041351,"MSRP.3,ZCW,ZPP.1,ZTP,2MT.1,403,417,507,6FL,653,655,752",,"$68,970.00","Jan 19, 2008",475,,,,,,,,,,
A73 - Jerez Black Metallic,,NCH2 - Fox Red Novillo Leather,2008,WBSVA93568E041352,,E041352,"MSRP.3,ZCW,ZPP.1,ZTP,2MT.1,403,417,507,6FL,653,655,752",,"$68,970.00","Jan 19, 2008",475,,,,,,,,,,
A73 - Jerez Black Metallic,,NCH2 - Fox Red Novillo Leather,2008,WBSVA93588E041353,,E041353,"MSRP.3,ZCW,ZPP.1,ZTP,2MT.1,403,417,507,6FL,653,655,752",,"$68,970.00","Jan 19, 2008",475,,,,,,,,,,
A73 - Jerez Black Metallic,,NCH2 - Fox Red Novillo Leather,2008,WBSVA935X8E041354,,E041354,"MSRP.3,ZCW,ZPP.1,ZTP,2MT.1,403,417,507,6FL,653,655,752",,"$68,970.00","Jan 19, 2008",475,,,,,,,,,,
A73 - Jerez Black Metallic,,NCH2 - Fox Red Novillo Leather,2008,WBSVA93518E041355,,E041355,"MSRP.3,ZCW,ZPP.1,ZTP,2MT.1,403,417,507,6FL,653,655,752",,"$68,970.00","Jan 19, 2008",475,,,,,,,,,,
A22 - Sparkling Graphite Metallic,,NCSW - Black Novillo Leather,2008,WBSVA93538E041356,,E041356,"MSRP.3,ZCW,ZPP.1,2MT.1,302,322,403,417,507,609,6FL,752",,"$67,275.00","Jan 21, 2008",475,,,,,,,,,,
,,NCSW - Black Novillo Leather,2008,WBSVA93558E041357,,E041357,"MSRP.3,ZCW,ZPP.1,2MT.1,302,322,403,417,507,609,6FL,752",,"$66,800.00","Jan 21, 2008",,,,,,,,,,,
A73 - Jerez Black Metallic,,NCH2 - Fox Red Novillo Leather,2008,WBSVA93578E041358,,E041358,"MSRP.3,ZCW,ZPP.1,ZTP,2MT.1,403,417,507,6FL,653,655,752",,"$68,970.00","Jan 21, 2008",475,,,,,,,,,,
A73 - Jerez Black Metallic,,NCH2 - Fox Red Novillo Leather,2008,WBSVA93598E041359,,E041359,"MSRP.3,ZCW,ZPP.1,ZTP,2MT.1,403,417,507,6FL,653,655,752",,"$68,970.00","Jan 21, 2008",475,,,,,,,,,,
A73 - Jerez Black Metallic,,NCH2 - Fox Red Novillo Leather,2008,WBSVA93558E041360,,E041360,"MSRP.3,ZCW,ZPP.1,ZTP,2MT.1,403,417,507,6FL,653,655,752",,"$68,970.00","Jan 21, 2008",475,,,,,,,,,,
A73 - Jerez Black Metallic,,NCH2 - Fox Red Novillo Leather,2008,WBSVA93578E041361,,E041361,"MSRP.3,ZCW,ZPP.1,ZTP,2MT.1,403,417,507,6FL,653,655,752",,"$68,970.00","Jan 21, 2008",475,,,,,,,,,,
A73 - Jerez Black Metallic,,NCH2 - Fox Red Novillo Leather,2008,WBSVA93598E041362,,E041362,"MSRP.3,ZCW,ZPP.1,ZTP,2MT.1,403,417,507,6FL,653,655,752",,"$68,970.00","Jan 21, 2008",475,,,,,,,,,,
A73 - Jerez Black Metallic,,NCH2 - Fox Red Novillo Leather,2008,WBSVA93508E041363,,E041363,"MSRP.3,ZCW,ZPP.1,ZTP,2MT.1,403,417,507,6FL,653,655,752",,"$68,970.00","Jan 21, 2008",475,,,,,,,,,,
A73 - Jerez Black Metallic,,NCH2 - Fox Red Novillo Leather,2008,WBSVA93528E041364,,E041364,"MSRP.3,ZCW,ZPP.1,ZTP,2MT.1,403,417,507,6FL,653,655,752",,"$68,970.00","Jan 21, 2008",475,,,,,,,,,,
A73 - Jerez Black Metallic,,NCH2 - Fox Red Novillo Leather,2008,WBSVA93548E041365,,E041365,"MSRP.3,ZCW,ZPP.1,ZTP,2MT.1,403,417,507,6FL,653,655,752",,"$68,970.00","Jan 21, 2008",475,,,,,,,,,,
A22 - Sparkling Graphite Metallic,,NCSW - Black Novillo Leather,2008,WBSVA93568E041366,,E041366,"MSRP.3,ZCW,ZPP.1,2MT.1,302,322,403,417,507,609,6FL,752",,"$67,275.00","Jan 22, 2008",475,,,,,,,,,,
A73 - Jerez Black Metallic,,NCH2 - Fox Red Novillo Leather,2008,WBSVA93588E041367,,E041367,"MSRP.3,ZCW,ZPP.1,ZTP,2MT.1,403,417,507,6FL,653,655,752",,"$68,970.00","Jan 22, 2008",475,,,,,,,,,,
A73 - Jerez Black Metallic,,NCH2 - Fox Red Novillo Leather,2008,WBSVA935X8E041368,,E041368,"MSRP.3,ZCW,ZPP.1,ZTP,2MT.1,403,417,507,6FL,653,655,752",,"$68,970.00","Jan 22, 2008",475,,,,,,,,,,
A73 - Jerez Black Metallic,,NCH2 - Fox Red Novillo Leather,2008,WBSVA93518E041369,,E041369,"MSRP.3,ZCW,ZPP.1,ZTP,2MT.1,403,417,507,6FL,653,655,752",,"$68,970.00","Jan 22, 2008",475,,,,,,,,,,
A29 - Silverstone Metallic II,,NDH2 - Fox Red Extended Leather,2008,WBSVA93588E041370,,E041370,"MSRP.3,ZPP.3,2MT.1,403,609,6FL,653,655,752",,"$66,995.00","Jan 21, 2008",475/1100,,,,,,,,,,
A29 - Silverstone Metallic II,,NDH2 - Fox Red Extended Leather,2008,WBSVA935X8E041371,,E041371,"MSRP.3,ZPP.3,2MT.1,403,609,6FL,653,655,752",,"$66,995.00","Jan 21, 2008",475/1100,,,,,,,,,,
A73 - Jerez Black Metallic,,NCH2 - Fox Red Novillo Leather,2008,WBSVA93518E041372,,E041372,"MSRP.3,ZCW,ZPP.1,ZTP,2MT.1,403,417,507,6FL,653,655,752",,"$68,970.00","Jan 22, 2008",475,,,,,,,,,,
A73 - Jerez Black Metallic,,NCH2 - Fox Red Novillo Leather,2008,WBSVA93538E041373,,E041373,"MSRP.3,ZCW,ZPP.1,ZTP,2MT.1,403,417,507,6FL,653,655,752",,"$68,970.00","Jan 22, 2008",475,,,,,,,,,,
A73 - Jerez Black Metallic,,NCH2 - Fox Red Novillo Leather,2008,WBSVA93558E041374,,E041374,"MSRP.3,ZCW,ZPP.1,ZTP,2MT.1,403,417,507,6FL,653,655,752",,"$68,970.00","Jan 22, 2008",475,,,,,,,,,,
A73 - Jerez Black Metallic,,NCH2 - Fox Red Novillo Leather,2008,WBSVA93578E041375,,E041375,"MSRP.3,ZCW,ZPP.1,ZTP,2MT.1,403,417,507,6FL,653,655,752",,"$68,970.00","Jan 22, 2008",475,,,,,,,,,,
A73 - Jerez Black Metallic,,NCH2 - Fox Red Novillo Leather,2008,WBSVA93598E041376,,E041376,"MSRP.3,ZCW,ZPP.1,ZTP,2MT.1,403,417,507,6FL,653,655,752",,"$68,970.00","Jan 22, 2008",475,,,,,,,,,,
A73 - Jerez Black Metallic,,NCH2 - Fox Red Novillo Leather,2008,WBSVA93508E041377,,E041377,"MSRP.3,ZCW,ZPP.1,ZTP,2MT.1,403,417,507,6FL,653,655,752",,"$68,970.00","Jan 22, 2008",475,,,,,,,,,,
A73 - Jerez Black Metallic,,NCH2 - Fox Red Novillo Leather,2008,WBSVA93528E041378,,E041378,"MSRP.3,ZCW,ZPP.1,ZTP,2MT.1,403,417,507,6FL,653,655,752",,"$68,970.00","Jan 22, 2008",475,,,,,,,,,,
A73 - Jerez Black Metallic,,NCH2 - Fox Red Novillo Leather,2008,WBSVA93548E041379,,E041379,"MSRP.3,ZCW,ZPP.1,ZTP,2MT.1,403,417,507,6FL,653,655,752",,"$68,970.00","Jan 22, 2008",475,,,,,,,,,,
A73 - Jerez Black Metallic,,NCH2 - Fox Red Novillo Leather,2008,WBSVA93508E041380,,E041380,"MSRP.3,ZCW,ZPP.1,ZTP,2MT.1,403,417,507,6FL,653,655,752",,"$68,970.00","Jan 22, 2008",475,,,,,,,,,,
A73 - Jerez Black Metallic,,NCH2 - Fox Red Novillo Leather,2008,WBSVA93528E041381,,E041381,"MSRP.3,ZCW,ZPP.1,ZTP,2MT.1,403,417,507,6FL,653,655,752",,"$68,970.00","Jan 22, 2008",475,,,,,,,,,,
A73 - Jerez Black Metallic,,NCH2 - Fox Red Novillo Leather,2008,WBSVA93548E041382,,E041382,"MSRP.3,ZCW,ZPP.1,ZTP,2MT.1,403,417,507,6FL,653,655,752",,"$68,970.00","Jan 22, 2008",475,,,,,,,,,,
A73 - Jerez Black Metallic,,NCH2 - Fox Red Novillo Leather,2008,WBSVA93568E041383,,E041383,"MSRP.3,ZCW,ZPP.1,ZTP,2MT.1,403,417,507,6FL,653,655,752",,"$68,970.00","Jan 22, 2008",475,,,,,,,,,,
A73 - Jerez Black Metallic,,NCH2 - Fox Red Novillo Leather,2008,WBSVA93588E041384,,E041384,"MSRP.3,ZCW,ZPP.1,ZTP,2MT.1,403,417,507,6FL,653,655,752",,"$68,970.00","Jan 22, 2008",475,,,,,,,,,,
A73 - Jerez Black Metallic,,NCH2 - Fox Red Novillo Leather,2008,WBSVA935X8E041385,,E041385,"MSRP.3,ZCW,ZPP.1,ZTP,2MT.1,403,417,507,6FL,653,655,752",,"$68,970.00","Jan 21, 2008",475,,,,,,,,,,
A73 - Jerez Black Metallic,,NCH2 - Fox Red Novillo Leather,2008,WBSVA93518E041386,,E041386,"MSRP.3,ZCW,ZPP.1,ZTP,2MT.1,403,417,507,6FL,653,655,752",,"$68,970.00","Jan 21, 2008",475,,,,,,,,,,
A29 - Silverstone Metallic II,,NDH2 - Fox Red Extended Leather,2008,WBSVA93538E041387,,E041387,"MSRP.3,ZPP.3,2MT.1,403,609,6FL,653,655,752",,"$66,995.00","Jan 21, 2008",475/1100,,,,,,,,,,
A29 - Silverstone Metallic II,,NDH2 - Fox Red Extended Leather,2008,WBSVA93558E041388,,E041388,"MSRP.3,ZPP.3,2MT.1,403,609,6FL,653,655,752",,"$66,995.00","Jan 23, 2008",475/1100,,,,,,,,,,
A29 - Silverstone Metallic II,,NDH2 - Fox Red Extended Leather,2008,WBSVA93578E041389,,E041389,"MSRP.3,ZPP.3,2MT.1,403,609,6FL,653,655,752",,"$66,995.00","Jan 23, 2008",475/1100,,,,,,,,,,
A29 - Silverstone Metallic II,,NDH2 - Fox Red Extended Leather,2008,WBSVA93538E041390,,E041390,"MSRP.3,ZPP.3,2MT.1,403,609,6FL,653,655,752",,"$66,995.00","Jan 21, 2008",475/1100,,,,,,,,,,
A29 - Silverstone Metallic II,,NDH2 - Fox Red Extended Leather,2008,WBSVA93558E041391,,E041391,"MSRP.3,ZPP.3,2MT.1,403,609,6FL,653,655,752",,"$66,995.00","Jan 21, 2008",475/1100,,,,,,,,,,
A29 - Silverstone Metallic II,,NDH2 - Fox Red Extended Leather,2008,WBSVA93578E041392,,E041392,"MSRP.3,ZPP.3,2MT.1,403,609,6FL,653,655,752",,"$66,995.00","Jan 22, 2008",475/1100,,,,,,,,,,
A29 - Silverstone Metallic II,,NDH2 - Fox Red Extended Leather,2008,WBSVA93598E041393,,E041393,"MSRP.3,ZPP.3,2MT.1,403,609,6FL,653,655,752",,"$66,995.00","Jan 22, 2008",475/1100,,,,,,,,,,
A29 - Silverstone Metallic II,,NDH2 - Fox Red Extended Leather,2008,WBSVA93508E041394,,E041394,"MSRP.3,ZPP.3,2MT.1,403,609,6FL,653,655,752",,"$66,995.00","Jan 23, 2008",475/1100,,,,,,,,,,
A29 - Silverstone Metallic II,,NDH2 - Fox Red Extended Leather,2008,WBSVA93528E041395,,E041395,"MSRP.3,ZPP.3,2MT.1,403,609,6FL,653,655,752",,"$66,995.00","Jan 23, 2008",475/1100,,,,,,,,,,
A29 - Silverstone Metallic II,,NDH2 - Fox Red Extended Leather,2008,WBSVA93548E041396,,E041396,"MSRP.3,ZPP.3,2MT.1,403,609,6FL,653,655,752",,"$66,995.00","Jan 23, 2008",475/1100,,,,,,,,,,
A29 - Silverstone Metallic II,,NDH2 - Fox Red Extended Leather,2008,WBSVA93568E041397,,E041397,"MSRP.3,ZPP.3,2MT.1,403,609,6FL,653,655,752",,"$66,995.00","Jan 23, 2008",475/1100,,,,,,,,,,
A29 - Silverstone Metallic II,,NDH2 - Fox Red Extended Leather,2008,WBSVA93588E041398,,E041398,"MSRP.3,ZPP.3,2MT.1,403,609,6FL,653,655,752",,"$66,995.00","Jan 23, 2008",475/1100,,,,,,,,,,
A29 - Silverstone Metallic II,,NDH2 - Fox Red Extended Leather,2008,WBSVA935X8E041399,,E041399,"MSRP.3,ZPP.3,2MT.1,403,609,6FL,653,655,752",,"$66,995.00","Jan 23, 2008",475/1100,,,,,,,,,,
A29 - Silverstone Metallic II,,NDH2 - Fox Red Extended Leather,2008,WBSVA93528E041400,,E041400,"MSRP.3,ZPP.3,2MT.1,403,609,6FL,653,655,752",,"$66,995.00","Jan 23, 2008",475/1100,,,,,,,,,,
A29 - Silverstone Metallic II,,NDH2 - Fox Red Extended Leather,2008,WBSVA93548E041401,,E041401,"MSRP.3,ZPP.3,2MT.1,403,507,609,6FL,653,655,752",,"$67,345.00","Jan 23, 2008",475/1100,,,,,,,,,,
A29 - Silverstone Metallic II,,NDH2 - Fox Red Extended Leather,2008,WBSVA93568E041402,,E041402,"MSRP.3,ZPP.3,2MT.1,403,609,6FL,653,655,752",,"$66,995.00","Jan 23, 2008",475/1100,,,,,,,,,,
A29 - Silverstone Metallic II,,NDH2 - Fox Red Extended Leather,2008,WBSVA93588E041403,,E041403,"MSRP.3,ZPP.3,2MT.1,403,609,6FL,653,655,752",,"$66,995.00","Jan 23, 2008",475/1100,,,,,,,,,,
A29 - Silverstone Metallic II,,NDH2 - Fox Red Extended Leather,2008,WBSVA935X8E041404,,E041404,"MSRP.3,ZPP.3,2MT.1,403,609,6FL,653,655,752",,"$66,995.00","Jan 23, 2008",475/1100,,,,,,,,,,
A29 - Silverstone Metallic II,,NDH2 - Fox Red Extended Leather,2008,WBSVA93518E041405,,E041405,"MSRP.3,ZPP.3,2MT.1,403,609,6FL,653,655,752",,"$66,995.00","Jan 23, 2008",475/1100,,,,,,,,,,
A29 - Silverstone Metallic II,,NDH2 - Fox Red Extended Leather,2008,WBSVA93538E041406,,E041406,"MSRP.3,ZPP.3,2MT.1,403,609,6FL,653,655,752",,"$66,995.00","Jan 23, 2008",475/1100,,,,,,,,,,
A29 - Silverstone Metallic II,,NDH2 - Fox Red Extended Leather,2008,WBSVA93558E041407,,E041407,"MSRP.3,ZPP.3,2MT.1,403,609,6FL,653,655,752",,"$66,995.00","Jan 22, 2008",475/1100,,,,,,,,,,
A29 - Silverstone Metallic II,,NDH2 - Fox Red Extended Leather,2008,WBSVA93578E041408,,E041408,"MSRP.3,ZPP.3,2MT.1,403,609,6FL,653,655,752",,"$66,995.00","Jan 22, 2008",475/1100,,,,,,,,,,
A29 - Silverstone Metallic II,,NDH2 - Fox Red Extended Leather,2008,WBSVA93598E041409,,E041409,"MSRP.3,ZPP.3,2MT.1,403,609,6FL,653,655,752",,"$66,995.00","Jan 22, 2008",475/1100,,,,,,,,,,
A73 - Jerez Black Metallic,,NDSW - Black Extended Novillo Leather,2008,WBSVA93558E041410,,E041410,"MSRP.3,ZCW,ZPP.3,ZTP,2MT.1,403,507,6FL,653,655,752",,"$69,495.00","Jan 23, 2008",475/1100,,,,,,,,,,
A73 - Jerez Black Metallic,,NDSW - Black Extended Novillo Leather,2008,WBSVA93578E041411,,E041411,"MSRP.3,ZCW,ZPP.3,2MT.1,322,403,507,609,6FL,653,655,752",,"$68,345.00","Jan 23, 2008",475/1100,,,,,,,,,,
A73 - Jerez Black Metallic,,NDSW - Black Extended Novillo Leather,2008,WBSVA93598E041412,,E041412,"MSRP.3,ZCW,ZPP.3,ZTP,2MT.1,403,507,6FL,653,655,752",,"$69,495.00","Jan 23, 2008",475/1100,,,,,,,,,,
A73 - Jerez Black Metallic,,NDSW - Black Extended Novillo Leather,2008,WBSVA93508E041413,,E041413,"MSRP.3,ZCW,ZPP.3,ZTP,2MT.1,403,507,6FL,653,655,752",,"$69,495.00","Jan 24, 2008",475/1100,,,,,,,,,,
A29 - Silverstone Metallic II,,NDH2 - Fox Red Extended Leather,2008,WBSVA93528E041414,,E041414,"MSRP.3,ZPP.3,2MT.1,403,609,6FL,653,655,752",,"$66,995.00","Jan 23, 2008",475/1100,,,,,,,,,,
A29 - Silverstone Metallic II,,NDH2 - Fox Red Extended Leather,2008,WBSVA93548E041415,,E041415,"MSRP.3,ZPP.3,2MT.1,403,609,6FL,653,655,752",,"$66,995.00","Jan 23, 2008",475/1100,,,,,,,,,,
A73 - Jerez Black Metallic,,NDSW - Black Extended Novillo Leather,2008,WBSVA93568E041416,,E041416,"MSRP.3,ZCW,ZPP.3,ZTP,2MT.1,403,507,6FL,653,655,752",,"$69,495.00","Jan 24, 2008",475/1100,,,,,,,,,,
A73 - Jerez Black Metallic,,NDSW - Black Extended Novillo Leather,2008,WBSVA93588E041417,,E041417,"MSRP.3,ZCW,ZPP.3,ZTP,2MT.1,403,507,6FL,653,655,752",,"$69,495.00","Jan 24, 2008",475/1100,,,,,,,,,,
A73 - Jerez Black Metallic,,NDSW - Black Extended Novillo Leather,2008,WBSVA935X8E041418,,E041418,"MSRP.3,ZCW,ZPP.3,ZTP,2MT.1,403,507,6FL,653,655,752",,"$69,495.00","Jan 24, 2008",475/1100,,,,,,,,,,
A73 - Jerez Black Metallic,,NDSW - Black Extended Novillo Leather,2008,WBSVA93518E041419,,E041419,"MSRP.3,ZCW,ZPP.3,ZTP,2MT.1,403,507,6FL,653,655,752",,"$69,495.00","Jan 24, 2008",475/1100,,,,,,,,,,
A73 - Jerez Black Metallic,,NDSW - Black Extended Novillo Leather,2008,WBSVA93588E041420,,E041420,"MSRP.3,ZCW,ZPP.3,ZTP,2MT.1,403,507,6FL,653,655,752",,"$69,495.00","Jan 24, 2008",475/1100,,,,,,,,,,
A73 - Jerez Black Metallic,,NDSW - Black Extended Novillo Leather,2008,WBSVA935X8E041421,,E041421,"MSRP.3,ZCW,ZPP.3,ZTP,2MT.1,403,507,6FL,653,655,752",,"$69,495.00","Jan 24, 2008",475/1100,,,,,,,,,,
A73 - Jerez Black Metallic,,NDSW - Black Extended Novillo Leather,2008,WBSVA93518E041422,,E041422,"MSRP.3,ZCW,ZPP.3,ZTP,2MT.1,403,507,6FL,653,655,752",,"$69,495.00","Jan 24, 2008",475/1100,,,,,,,,,,
A73 - Jerez Black Metallic,,NDSW - Black Extended Novillo Leather,2008,WBSVA93538E041423,,E041423,"MSRP.3,ZCW,ZPP.3,ZTP,2MT.1,403,507,6FL,653,655,752",,"$69,495.00","Jan 24, 2008",475/1100,,,,,,,,,,
A73 - Jerez Black Metallic,,NDSW - Black Extended Novillo Leather,2008,WBSVA93558E041424,,E041424,"MSRP.3,ZCW,ZPP.3,ZTP,2MT.1,403,507,6FL,653,655,752",,"$69,495.00","Jan 24, 2008",475/1100,,,,,,,,,,
A73 - Jerez Black Metallic,,NDSW - Black Extended Novillo Leather,2008,WBSVA93578E041425,,E041425,"MSRP.3,ZCW,ZPP.3,ZTP,2MT.1,403,507,6FL,653,655,752",,"$69,495.00","Jan 24, 2008",475/1100,,,,,,,,,,
A73 - Jerez Black Metallic,,NDSW - Black Extended Novillo Leather,2008,WBSVA93598E041426,,E041426,"MSRP.3,ZCW,ZPP.3,ZTP,2MT.1,403,507,6FL,653,655,752",,"$69,495.00","Jan 24, 2008",475/1100,,,,,,,,,,
A73 - Jerez Black Metallic,,NDSW - Black Extended Novillo Leather,2008,WBSVA93508E041427,,E041427,"MSRP.3,ZCW,ZPP.3,ZTP,2MT.1,403,507,6FL,653,655,752",,"$69,495.00","Jan 24, 2008",475/1100,,,,,,,,,,
A73 - Jerez Black Metallic,,NDSW - Black Extended Novillo Leather,2008,WBSVA93528E041428,,E041428,"MSRP.3,ZCW,ZPP.3,ZTP,2MT.1,403,507,6FL,653,655,752",,"$69,495.00","Jan 24, 2008",475/1100,,,,,,,,,,
A73 - Jerez Black Metallic,,NDSW - Black Extended Novillo Leather,2008,WBSVA93548E041429,,E041429,"MSRP.3,ZCW,ZPP.3,2MT.1,322,403,507,609,6FL,653,655,752",,"$68,345.00","Jan 23, 2008",475/1100,,,,,,,,,,
A29 - Silverstone Metallic II,,NDH2 - Fox Red Extended Leather,2008,WBSVA93508E041430,,E041430,"MSRP.3,ZPP.3,2MT.1,403,609,6FL,653,655,752",,"$66,995.00","Jan 23, 2008",475/1100,,,,,,,,,,
A29 - Silverstone Metallic II,,NDH2 - Fox Red Extended Leather,2008,WBSVA93528E041431,,E041431,"MSRP.3,ZPP.3,2MT.1,403,609,6FL,653,655,752",,"$66,995.00","Jan 23, 2008",475/1100,,,,,,,,,,
A73 - Jerez Black Metallic,,NDSW - Black Extended Novillo Leather,2008,WBSVA93548E041432,,E041432,"MSRP.3,ZCW,ZPP.3,ZTP,2MT.1,403,507,6FL,653,655,752",,"$69,495.00","Jan 24, 2008",475/1100,,,,,,,,,,
A73 - Jerez Black Metallic,,NDSW - Black Extended Novillo Leather,2008,WBSVA93568E041433,,E041433,"MSRP.3,ZCW,ZPP.3,ZTP,2MT.1,403,507,6FL,653,655,752",,"$69,495.00","Jan 24, 2008",475/1100,,,,,,,,,,
A73 - Jerez Black Metallic,,NDSW - Black Extended Novillo Leather,2008,WBSVA93588E041434,,E041434,"MSRP.3,ZCW,ZPP.3,ZTP,2MT.1,403,507,6FL,653,655,752",,"$69,495.00","Jan 24, 2008",475/1100,,,,,,,,,,
A73 - Jerez Black Metallic,,NDSW - Black Extended Novillo Leather,2008,WBSVA935X8E041435,,E041435,"MSRP.3,ZCW,ZPP.3,ZTP,2MT.1,403,507,6FL,653,655,752",,"$69,495.00","Jan 24, 2008",475/1100,,,,,,,,,,
A73 - Jerez Black Metallic,,NDSW - Black Extended Novillo Leather,2008,WBSVA93518E041436,,E041436,"MSRP.3,ZCW,ZPP.3,ZTP,2MT.1,403,507,6FL,653,655,752",,"$69,495.00","Jan 24, 2008",475/1100,,,,,,,,,,
A73 - Jerez Black Metallic,,NDSW - Black Extended Novillo Leather,2008,WBSVA93538E041437,,E041437,"MSRP.3,ZCW,ZPP.3,ZTP,2MT.1,403,507,6FL,653,655,752",,"$69,495.00","Jan 24, 2008",475/1100,,,,,,,,,,
A73 - Jerez Black Metallic,,NDSW - Black Extended Novillo Leather,2008,WBSVA93558E041438,,E041438,"MSRP.3,ZCW,ZPP.3,ZTP,2MT.1,403,507,6FL,653,655,752",,"$69,495.00","Jan 25, 2008",475/1100,,,,,,,,,,
A73 - Jerez Black Metallic,,NDSW - Black Extended Novillo Leather,2008,WBSVA93578E041439,,E041439,"MSRP.3,ZCW,ZPP.3,ZTP,2MT.1,403,507,6FL,653,655,752",,"$69,495.00","Jan 25, 2008",475/1100,,,,,,,,,,
A73 - Jerez Black Metallic,,NDSW - Black Extended Novillo Leather,2008,WBSVA93538E041440,,E041440,"MSRP.3,ZCW,ZPP.3,ZTP,2MT.1,403,507,6FL,653,655,752",,"$69,495.00","Jan 25, 2008",475/1100,,,,,,,,,,
A73 - Jerez Black Metallic,,NDSW - Black Extended Novillo Leather,2008,WBSVA93558E041441,,E041441,"MSRP.3,ZCW,ZPP.3,ZTP,2MT.1,403,507,6FL,653,655,752",,"$69,495.00","Jan 25, 2008",475/1100,,,,,,,,,,
A73 - Jerez Black Metallic,,NDSW - Black Extended Novillo Leather,2008,WBSVA93578E041442,,E041442,"MSRP.3,ZCW,ZPP.3,ZTP,2MT.1,403,507,6FL,653,655,752",,"$69,495.00","Jan 25, 2008",475/1100,,,,,,,,,,
A73 - Jerez Black Metallic,,NDSW - Black Extended Novillo Leather,2008,WBSVA93598E041443,,E041443,"MSRP.3,ZCW,ZPP.3,ZTP,2MT.1,403,507,6FL,653,655,752",,"$69,495.00","Jan 25, 2008",475/1100,,,,,,,,,,
A73 - Jerez Black Metallic,,NDSW - Black Extended Novillo Leather,2008,WBSVA93508E041444,,E041444,"MSRP.3,ZCW,ZPP.3,ZTP,2MT.1,403,507,6FL,653,655,752",,"$69,495.00","Jan 25, 2008",475/1100,,,,,,,,,,
A73 - Jerez Black Metallic,,NDSW - Black Extended Novillo Leather,2008,WBSVA93528E041445,,E041445,"MSRP.3,ZCW,ZPP.3,ZTP,2MT.1,403,507,6FL,653,655,752",,"$69,495.00","Jan 25, 2008",475/1100,,,,,,,,,,
A73 - Jerez Black Metallic,,NDSW - Black Extended Novillo Leather,2008,WBSVA93548E041446,,E041446,"MSRP.3,ZCW,ZPP.3,ZTP,2MT.1,403,507,6FL,653,655,752",,"$69,495.00","Jan 25, 2008",475/1100,,,,,,,,,,
A73 - Jerez Black Metallic,,NDSW - Black Extended Novillo Leather,2008,WBSVA93568E041447,,E041447,"MSRP.3,ZCW,ZPP.3,ZTP,2MT.1,403,507,6FL,653,655,752",,"$69,495.00","Jan 25, 2008",475/1100,,,,,,,,,,
A73 - Jerez Black Metallic,,NDSW - Black Extended Novillo Leather,2008,WBSVA93588E041448,,E041448,"MSRP.3,ZCW,ZPP.3,ZTP,2MT.1,403,507,6FL,653,655,752",,"$69,495.00","Jan 25, 2008",475/1100,,,,,,,,,,
A73 - Jerez Black Metallic,,NDSW - Black Extended Novillo Leather,2008,WBSVA935X8E041449,,E041449,"MSRP.3,ZCW,ZPP.3,ZTP,2MT.1,403,507,6FL,653,655,752",,"$69,495.00","Jan 25, 2008",475/1100,,,,,,,,,,
A73 - Jerez Black Metallic,,NDSW - Black Extended Novillo Leather,2008,WBSVA93568E041450,,E041450,"MSRP.3,ZCW,ZPP.3,ZTP,2MT.1,403,507,6FL,653,655,752",,"$69,495.00","Jan 25, 2008",475/1100,,,,,,,,,,
A73 - Jerez Black Metallic,,NDSW - Black Extended Novillo Leather,2008,WBSVA93588E041451,,E041451,"MSRP.3,ZCW,ZPP.3,ZTP,2MT.1,403,507,6FL,653,655,752",,"$69,495.00","Jan 25, 2008",475/1100,,,,,,,,,,
A73 - Jerez Black Metallic,,NDSW - Black Extended Novillo Leather,2008,WBSVA935X8E041452,,E041452,"MSRP.3,ZCW,ZPP.3,ZTP,2MT.1,403,507,6FL,653,655,752",,"$69,495.00","Jan 25, 2008",475/1100,,,,,,,,,,
A73 - Jerez Black Metallic,,NDSW - Black Extended Novillo Leather,2008,WBSVA93518E041453,,E041453,"MSRP.3,ZCW,ZPP.3,ZTP,2MT.1,403,507,6FL,653,655,752",,"$69,495.00","Jan 24, 2008",475/1100,,,,,,,,,,
A73 - Jerez Black Metallic,,NDSW - Black Extended Novillo Leather,2008,WBSVA93538E041454,,E041454,"MSRP.3,ZCW,ZPP.3,ZTP,2MT.1,403,507,6FL,653,655,752",,"$69,495.00","Jan 25, 2008",475/1100,,,,,,,,,,
A73 - Jerez Black Metallic,,NDSW - Black Extended Novillo Leather,2008,WBSVA93558E041455,,E041455,"MSRP.3,ZCW,ZPP.3,ZTP,2MT.1,403,507,6FL,653,655,752",,"$69,495.00","Jan 25, 2008",475/1100,,,,,,,,,,
A73 - Jerez Black Metallic,,NDSW - Black Extended Novillo Leather,2008,WBSVA93578E041456,,E041456,"MSRP.3,ZCW,ZPP.3,ZTP,2MT.1,403,507,6FL,653,655,752",,"$69,495.00","Jan 25, 2008",475/1100,,,,,,,,,,
A73 - Jerez Black Metallic,,NDSW - Black Extended Novillo Leather,2008,WBSVA93598E041457,,E041457,"MSRP.3,ZCW,ZPP.3,ZTP,2MT.1,403,507,6FL,653,655,752",,"$69,495.00","Jan 25, 2008",475/1100,,,,,,,,,,
A73 - Jerez Black Metallic,,NDSW - Black Extended Novillo Leather,2008,WBSVA93508E041458,,E041458,"MSRP.3,ZCW,ZPP.3,ZTP,2MT.1,403,507,6FL,653,655,752",,"$69,495.00","Jan 25, 2008",475/1100,,,,,,,,,,
A73 - Jerez Black Metallic,,NDSW - Black Extended Novillo Leather,2008,WBSVA93528E041459,,E041459,"MSRP.3,ZCW,ZPP.3,ZTP,2MT.1,403,507,6FL,653,655,752",,"$69,495.00","Jan 25, 2008",475/1100,,,,,,,,,,
A73 - Jerez Black Metallic,,NDSW - Black Extended Novillo Leather,2008,WBSVA93598E041460,,E041460,"MSRP.3,ZCW,ZPP.3,ZTP,2MT.1,403,507,6FL,653,655,752",,"$69,495.00","Jan 28, 2008",475/1100,,,,,,,,,,
A73 - Jerez Black Metallic,,NDSW - Black Extended Novillo Leather,2008,WBSVA93508E041461,,E041461,"MSRP.3,ZCW,ZPP.3,ZTP,2MT.1,403,507,6FL,653,655,752",,"$69,495.00","Jan 28, 2008",475/1100,,,,,,,,,,
A73 - Jerez Black Metallic,,NDSW - Black Extended Novillo Leather,2008,WBSVA93528E041462,,E041462,"MSRP.3,ZCW,ZPP.3,ZTP,2MT.1,403,507,6FL,653,655,752",,"$69,495.00","Jan 25, 2008",475/1100,,,,,,,,,,
A73 - Jerez Black Metallic,,NDSW - Black Extended Novillo Leather,2008,WBSVA93548E041463,,E041463,"MSRP.3,ZCW,ZPP.3,ZTP,2MT.1,403,507,6FL,653,655,752",,"$69,495.00","Jan 25, 2008",475/1100,,,,,,,,,,
A73 - Jerez Black Metallic,,NDSW - Black Extended Novillo Leather,2008,WBSVA93568E041464,,E041464,"MSRP.3,ZCW,ZPP.3,ZTP,2MT.1,403,507,6FL,653,655,752",,"$69,495.00","Jan 28, 2008",475/1100,,,,,,,,,,
A73 - Jerez Black Metallic,,NDSW - Black Extended Novillo Leather,2008,WBSVA93588E041465,,E041465,"MSRP.3,ZCW,ZPP.3,ZTP,2MT.1,403,507,6FL,653,655,752",,"$69,495.00","Jan 28, 2008",475/1100,,,,,,,,,,
A73 - Jerez Black Metallic,,NDSW - Black Extended Novillo Leather,2008,WBSVA935X8E041466,,E041466,"MSRP.3,ZCW,ZPP.3,ZTP,2MT.1,403,507,6FL,653,655,752",,"$69,495.00","Jan 28, 2008",475/1100,,,,,,,,,,
A73 - Jerez Black Metallic,,NDSW - Black Extended Novillo Leather,2008,WBSVA93518E041467,,E041467,"MSRP.3,ZCW,ZPP.3,ZTP,2MT.1,403,507,6FL,653,655,752",,"$69,495.00","Jan 26, 2008",475/1100,,,,,,,,,,
A73 - Jerez Black Metallic,,NDSW - Black Extended Novillo Leather,2008,WBSVA93538E041468,,E041468,"MSRP.3,ZCW,ZPP.3,ZTP,2MT.1,403,507,6FL,653,655,752",,"$69,495.00","Jan 26, 2008",475/1100,,,,,,,,,,
A73 - Jerez Black Metallic,,NDSW - Black Extended Novillo Leather,2008,WBSVA93558E041469,,E041469,"MSRP.3,ZCW,ZPP.3,ZTP,2MT.1,403,507,6FL,653,655,752",,"$69,495.00","Jan 26, 2008",475/1100,,,,,,,,,,
A73 - Jerez Black Metallic,,NDSW - Black Extended Novillo Leather,2008,WBSVA93518E041470,,E041470,"MSRP.3,ZCW,ZPP.3,ZTP,2MT.1,403,507,6FL,653,655,752",,"$69,495.00","Jan 26, 2008",475/1100,,,,,,,,,,
A73 - Jerez Black Metallic,,NDSW - Black Extended Novillo Leather,2008,WBSVA93538E041471,,E041471,"MSRP.3,ZCW,ZPP.3,ZTP,2MT.1,403,507,6FL,653,655,752",,"$69,495.00","Jan 26, 2008",475/1100,,,,,,,,,,
A73 - Jerez Black Metallic,,NDSW - Black Extended Novillo Leather,2008,WBSVA93558E041472,,E041472,"MSRP.3,ZCW,ZPP.3,ZTP,2MT.1,403,507,6FL,653,655,752",,"$69,495.00","Jan 26, 2008",475/1100,,,,,,,,,,
A73 - Jerez Black Metallic,,NDSW - Black Extended Novillo Leather,2008,WBSVA93578E041473,,E041473,"MSRP.3,ZCW,ZPP.3,ZTP,2MT.1,403,507,6FL,653,655,752",,"$69,495.00","Jan 26, 2008",475/1100,,,,,,,,,,
A73 - Jerez Black Metallic,,NDSW - Black Extended Novillo Leather,2008,WBSVA93598E041474,,E041474,"MSRP.3,ZCW,ZPP.3,ZTP,2MT.1,403,507,6FL,653,655,752",,"$69,495.00","Jan 26, 2008",475/1100,,,,,,,,,,
A73 - Jerez Black Metallic,,NDSW - Black Extended Novillo Leather,2008,WBSVA93508E041475,,E041475,"MSRP.3,ZCW,ZPP.3,ZTP,2MT.1,403,507,6FL,653,655,752",,"$69,495.00","Jan 26, 2008",475/1100,,,,,,,,,,
A73 - Jerez Black Metallic,,NDSW - Black Extended Novillo Leather,2008,WBSVA93528E041476,,E041476,"MSRP.3,ZCW,ZPP.3,ZTP,2MT.1,403,507,6FL,653,655,752",,"$69,495.00","Jan 28, 2008",475/1100,,,,,,,,,,
A73 - Jerez Black Metallic,,NDSW - Black Extended Novillo Leather,2008,WBSVA93548E041477,,E041477,"MSRP.3,ZCW,ZPP.3,ZTP,2MT.1,403,507,6FL,653,655,752",,"$69,495.00","Jan 28, 2008",475/1100,,,,,,,,,,
A73 - Jerez Black Metallic,,NDSW - Black Extended Novillo Leather,2008,WBSVA93568E041478,,E041478,"MSRP.3,ZCW,ZPP.3,ZTP,2MT.1,403,507,6FL,653,655,752",,"$69,495.00","Jan 28, 2008",475/1100,,,,,,,,,,
A73 - Jerez Black Metallic,,NDSW - Black Extended Novillo Leather,2008,WBSVA93588E041479,,E041479,"MSRP.3,ZCW,ZPP.3,ZTP,2MT.1,403,507,6FL,653,655,752",,"$69,495.00","Jan 28, 2008",475/1100,,,,,,,,,,
A73 - Jerez Black Metallic,,NDSW - Black Extended Novillo Leather,2008,WBSVA93548E041480,,E041480,"MSRP.3,ZCW,ZPP.3,ZTP,2MT.1,403,507,6FL,653,655,752",,"$69,495.00","Jan 28, 2008",475/1100,,,,,,,,,,
A73 - Jerez Black Metallic,,NDSW - Black Extended Novillo Leather,2008,WBSVA93568E041481,,E041481,"MSRP.3,ZCW,ZPP.3,ZTP,2MT.1,403,507,6FL,653,655,752",,"$69,495.00","Jan 28, 2008",475/1100,,,,,,,,,,
A73 - Jerez Black Metallic,,NDSW - Black Extended Novillo Leather,2008,WBSVA93588E041482,,E041482,"MSRP.3,ZCW,ZPP.3,ZTP,2MT.1,403,507,6FL,653,655,752",,"$69,495.00","Jan 28, 2008",475/1100,,,,,,,,,,
A73 - Jerez Black Metallic,,NDSW - Black Extended Novillo Leather,2008,WBSVA935X8E041483,,E041483,"MSRP.3,ZCW,ZPP.3,ZTP,2MT.1,403,507,6FL,653,655,752",,"$69,495.00","Jan 28, 2008",475/1100,,,,,,,,,,
A73 - Jerez Black Metallic,,NDSW - Black Extended Novillo Leather,2008,WBSVA93518E041484,,E041484,"MSRP.3,ZCW,ZPP.3,ZTP,2MT.1,403,507,6FL,653,655,752",,"$69,495.00","Jan 28, 2008",475/1100,,,,,,,,,,
A73 - Jerez Black Metallic,,NDSW - Black Extended Novillo Leather,2008,WBSVA93538E041485,,E041485,"MSRP.3,ZCW,ZPP.3,ZTP,2MT.1,403,507,6FL,653,655,752",,"$69,495.00","Jan 28, 2008",475/1100,,,,,,,,,,
A73 - Jerez Black Metallic,,NDSW - Black Extended Novillo Leather,2008,WBSVA93558E041486,,E041486,"MSRP.3,ZCW,ZPP.3,ZTP,2MT.1,403,507,6FL,653,655,752",,"$69,495.00","Jan 29, 2008",475/1100,,,,,,,,,,
A73 - Jerez Black Metallic,,NDSW - Black Extended Novillo Leather,2008,WBSVA93578E041487,,E041487,"MSRP.3,ZCW,ZPP.3,ZTP,2MT.1,403,507,6FL,653,655,752",,"$69,495.00","Jan 29, 2008",475/1100,,,,,,,,,,
A73 - Jerez Black Metallic,,NDSW - Black Extended Novillo Leather,2008,WBSVA93598E041488,,E041488,"MSRP.3,ZCW,ZPP.3,ZTP,2MT.1,403,507,6FL,653,655,752",,"$69,495.00","Jan 29, 2008",475/1100,,,,,,,,,,
A73 - Jerez Black Metallic,,NDSW - Black Extended Novillo Leather,2008,WBSVA93508E041489,,E041489,"MSRP.3,ZCW,ZTP,2MT.1,403,4MY,507,6FL,752",,"$68,050.00","Jan 29, 2008",475/2000,,,,,,,,,,
A29 - Silverstone Metallic II,,NDH2 - Fox Red Extended Leather,2008,WBSVA93578E041490,,E041490,"MSRP.3,ZPP.3,2MT.1,403,609,6FL,653,655,752",,"$66,995.00","Jan 28, 2008",475/1100,,,,,,,,,,
A29 - Silverstone Metallic II,,NDH2 - Fox Red Extended Leather,2008,WBSVA93598E041491,,E041491,"MSRP.3,ZPP.3,2MT.1,403,609,6FL,653,655,752",,"$66,995.00","Jan 28, 2008",475/1100,,,,,,,,,,
A73 - Jerez Black Metallic,,NDSW - Black Extended Novillo Leather,2008,WBSVA93508E041492,,E041492,"MSRP.3,ZCW,ZPP.3,ZTP,2MT.1,403,507,6FL,653,655,752",,"$69,495.00","Jan 29, 2008",475/1100,,,,,,,,,,
A73 - Jerez Black Metallic,,NDSW - Black Extended Novillo Leather,2008,WBSVA93528E041493,,E041493,"MSRP.3,ZCW,ZPP.3,ZTP,2MT.1,403,507,6FL,653,655,752",,"$69,495.00","Jan 29, 2008",475/1100,,,,,,,,,,
A73 - Jerez Black Metallic,,NDSW - Black Extended Novillo Leather,2008,WBSVA93548E041494,,E041494,"MSRP.3,ZCW,ZPP.3,ZTP,2MT.1,403,507,6FL,653,655,752",,"$69,495.00","Jan 29, 2008",475/1100,,,,,,,,,,
A73 - Jerez Black Metallic,,NDSW - Black Extended Novillo Leather,2008,WBSVA93568E041495,,E041495,"MSRP.3,ZCW,ZPP.3,ZTP,2MT.1,403,507,6FL,653,655,752",,"$69,495.00","Jan 29, 2008",475/1100,,,,,,,,,,
A73 - Jerez Black Metallic,,NDSW - Black Extended Novillo Leather,2008,WBSVA93588E041496,,E041496,"MSRP.3,ZCW,ZPP.3,ZTP,2MT.1,302,403,507,6FL,653,655,752",,"$69,895.00","Jan 29, 2008",475/1100,,,,,,,,,,
A73 - Jerez Black Metallic,,NDSW - Black Extended Novillo Leather,2008,WBSVA935X8E041497,,E041497,"MSRP.3,ZCW,ZPP.3,ZTP,2MT.1,403,507,6FL,653,655,752",,"$69,495.00","Jan 29, 2008",475/1100,,,,,,,,,,
A73 - Jerez Black Metallic,,NDSW - Black Extended Novillo Leather,2008,WBSVA93518E041498,,E041498,"MSRP.3,ZCW,ZPP.3,ZTP,2MT.1,403,507,6FL,653,655,752",,"$69,495.00","Jan 29, 2008",475/1100,,,,,,,,,,
A73 - Jerez Black Metallic,,NDSW - Black Extended Novillo Leather,2008,WBSVA93538E041499,,E041499,"MSRP.3,ZCW,ZPP.3,ZTP,2MT.1,403,507,6FL,653,655,752",,"$69,495.00","Jan 29, 2008",475/1100,,,,,,,,,,
A73 - Jerez Black Metallic,,NDSW - Black Extended Novillo Leather,2008,WBSVA93568E041500,,E041500,"MSRP.3,ZCW,ZPP.3,ZTP,2MT.1,403,507,6FL,653,655,752",,"$69,570.00","Jan 29, 2008",550/1100,,,,,,,,,,
A73 - Jerez Black Metallic,,NDSW - Black Extended Novillo Leather,2008,WBSVA93588E041501,,E041501,"MSRP.3,ZCW,ZPP.3,ZTP,2MT.1,403,507,6FL,653,655,752",,"$69,570.00","Jan 29, 2008",550/1100,,,,,,,,,,
A73 - Jerez Black Metallic,,NDSW - Black Extended Novillo Leather,2008,WBSVA935X8E041502,,E041502,"MSRP.3,ZCW,ZPP.3,ZTP,2MT.1,403,507,6FL,653,655,752",,"$69,570.00","Jan 29, 2008",550/1100,,,,,,,,,,
A73 - Jerez Black Metallic,,NDSW - Black Extended Novillo Leather,2008,WBSVA93518E041503,,E041503,"MSRP.3,ZCW,ZPP.3,ZTP,2MT.1,403,507,6FL,653,655,752",,"$69,570.00","Jan 28, 2008",550/1100,,,,,,,,,,
A73 - Jerez Black Metallic,,NDSW - Black Extended Novillo Leather,2008,WBSVA93538E041504,,E041504,"MSRP.3,ZCW,ZPP.3,ZTP,2MT.1,403,507,6FL,653,655,752",,"$69,570.00","Jan 28, 2008",550/1100,,,,,,,,,,
A73 - Jerez Black Metallic,,NDSW - Black Extended Novillo Leather,2008,WBSVA93558E041505,,E041505,"MSRP.3,ZCW,ZPP.3,ZTP,2MT.1,403,507,6FL,653,655,752",,"$69,570.00","Jan 28, 2008",550/1100,,,,,,,,,,
A73 - Jerez Black Metallic,,NDSW - Black Extended Novillo Leather,2008,WBSVA93578E041506,,E041506,"MSRP.3,ZCW,ZPP.3,ZTP,2MT.1,403,507,6FL,653,655,752",,"$69,570.00","Jan 28, 2008",550/1100,,,,,,,,,,
A29 - Silverstone Metallic II,,NDH2 - Fox Red Extended Leather,2008,WBSVA93598E041507,,E041507,"MSRP.3,ZPP.3,2MT.1,403,609,6FL,653,655,752",,"$67,070.00","Jan 28, 2008",550/1100,,,,,,,,,,
,,,,,,,,,,,,,,,,,,,,,
,,,,,,,,,,,,,,,,,,,,,
,,,,,,,,,,,,,,,,,,,,,
,,,,,,,,,,,,,,,,,,,,,
A30 - Interlagos Blue Metallic,,NCH3 - Beige Novillo Leather,2008,WBSVA93508E041508,,E041508,"MSRP.3,ZCW,ZPP.1,2MT.1,223",,"$61,575.00","Feb 20, 2008",550,,,,,,,,,,
A29 - Silverstone Metallic II,,GEAT - Anthracite/Black Cloth & Leather,2008,WBSVA93528E041509,,E041509,"MSRP.3,ZCW,2MT.1,223,4MY",,"$60,175.00","Feb 14, 2008",550,,,,,,,,,,
A73 - Jerez Black Metallic,,NDSW - Black Extended Novillo Leather,2008,WBSVA93598E041510,,E041510,"MSRP.3,ZPP.1,ZTP,2MT.1,494,6FL,655",,"$65,420.00","Feb 22, 2008",550/1100,,,,,,,,,,
A73 - Jerez Black Metallic,,NDSW - Black Extended Novillo Leather,2008,WBSVA93508E041511,,E041511,"MSRP.3,ZCW,ZPP.3,ZTP,2MT.1,403,507,6FL,653,655,752",,"$69,570.00","Jan 28, 2008",550/1100,,,,,,,,,,
A73 - Jerez Black Metallic,,NDSW - Black Extended Novillo Leather,2008,WBSVA93528E041512,,E041512,"MSRP.3,ZCW,ZPP.3,ZTP,2MT.1,403,507,6FL,653,655,752",,"$69,570.00","Jan 28, 2008",550/1100,,,,,,,,,,
A73 - Jerez Black Metallic,,NDSW - Black Extended Novillo Leather,2008,WBSVA93548E041513,,E041513,"MSRP.3,ZCW,ZPP.3,ZTP,2MT.1,403,507,6FL,653,655,752",,"$69,570.00","Jan 28, 2008",550/1100,,,,,,,,,,
A73 - Jerez Black Metallic,,NDSW - Black Extended Novillo Leather,2008,WBSVA93568E041514,,E041514,"MSRP.3,ZCW,ZPP.3,ZTP,2MT.1,403,507,6FL,653,655,752",,"$69,570.00","Jan 28, 2008",550/1100,,,,,,,,,,
A73 - Jerez Black Metallic,,NDSW - Black Extended Novillo Leather,2008,WBSVA93588E041515,,E041515,"MSRP.3,ZCW,ZPP.3,ZTP,2MT.1,403,507,6FL,653,655,752",,"$69,570.00","Jan 30, 2008",550/1100,,,,,,,,,,
A73 - Jerez Black Metallic,,NDSW - Black Extended Novillo Leather,2008,WBSVA935X8E041516,,E041516,"MSRP.3,ZCW,ZPP.3,ZTP,2MT.1,302,403,507,6FL,653,655,752",,"$69,970.00","Jan 30, 2008",550/1100,,,,,,,,,,
A73 - Jerez Black Metallic,,NDSW - Black Extended Novillo Leather,2008,WBSVA93518E041517,,E041517,"MSRP.3,ZCW,ZPP.3,ZTP,2MT.1,403,507,6FL,653,655,752",,"$69,570.00","Jan 30, 2008",550/1100,,,,,,,,,,
A73 - Jerez Black Metallic,,NDSW - Black Extended Novillo Leather,2008,WBSVA93538E041518,,E041518,"MSRP.3,ZCW,ZPP.3,ZTP,2MT.1,403,507,6FL,653,655,752",,"$69,570.00","Jan 29, 2008",550/1100,,,,,,,,,,
A73 - Jerez Black Metallic,,NDSW - Black Extended Novillo Leather,2008,WBSVA93558E041519,,E041519,"MSRP.3,ZCW,ZPP.3,ZTP,2MT.1,403,507,6FL,653,655,752",,"$69,570.00","Jan 30, 2008",550/1100,,,,,,,,,,
A73 - Jerez Black Metallic,,NDSW - Black Extended Novillo Leather,2008,WBSVA93518E041520,,E041520,"MSRP.3,ZCW,ZPP.3,ZTP,2MT.1,403,507,6FL,653,655,752",,"$69,570.00","Jan 30, 2008",550/1100,,,,,,,,,,
A73 - Jerez Black Metallic,,NDSW - Black Extended Novillo Leather,2008,WBSVA93538E041521,,E041521,"MSRP.3,ZCW,ZPP.3,ZTP,2MT.1,403,507,6FL,653,655,752",,"$69,570.00","Jan 30, 2008",550/1100,,,,,,,,,,
A73 - Jerez Black Metallic,,NDSW - Black Extended Novillo Leather,2008,WBSVA93558E041522,,E041522,"MSRP.3,ZCW,ZPP.3,ZTP,2MT.1,403,507,6FL,653,752",,"$68,975.00","Jan 30, 2008",550/1100,,,,,,,,,,
668 - Jet Black,,NCSW - Black Novillo Leather,2008,WBSVA93578E041523,,E041523,"MSRP.3,ZPP.1,403,494",,"$59,375.00","Feb 20, 2008",,,,,,,,,,,
300 - Alpine White,,NCSW - Black Novillo Leather,2008,WBSVA93598E041524,,E041524,"MSRP.3,ZCW,ZPP.1,ZTP",,"$62,075.00","Feb 20, 2008",,,,,,,,,,,
A22 - Sparkling Graphite Metallic,,NCH1 - Silver Novillo Leather,2008,WBSVA93508E041525,,E041525,"MSRP.3,ZCW,ZPP.1,655",,"$59,970.00","Feb 20, 2008",550,,,,,,,,,,
A73 - Jerez Black Metallic,,NCSW - Black Novillo Leather,2008,WBSVA93528E041526,,E041526,"MSRP.3,ZCW,ZPP.1,ZTP,2MT.1,403,6FL,655,752",,"$67,770.00","Feb 20, 2008",550,,,,,,,,,,
668 - Jet Black,,NDSW - Black Extended Novillo Leather,2008,WBSVA93548E041527,,E041527,"MSRP.3,ZCW,ZPP.1,ZTP,403,6FL,655,752",,"$67,120.00","Feb 20, 2008",1100,,,,,,,,,,
668 - Jet Black,,NCSW - Black Novillo Leather,2008,WBSVA93568E041528,,E041528,"MSRP.3,ZPP.2,ZTP,2MT.1,403,494,6FL,653,655,752",,"$67,070.00","Feb 20, 2008",,,,,,,,,,,
300 - Alpine White,,NCSW - Black Novillo Leather,2008,WBSVA93588E041529,,E041529,"MSRP.3,ZCW,ZPP.3,ZTP,655",,"$62,670.00","Feb 20, 2008",,,,,,,,,,,
A73 - Jerez Black Metallic,,NCH1 - Silver Novillo Leather,2008,WBSVA93548E041530,,E041530,"MSRP.3,ZPP.3,ZTP,2MT.1,403,494,6FL,655,752",,"$67,270.00","Feb 20, 2008",550,,,,,,,,,,
A29 - Silverstone Metallic II,,NCSW - Black Novillo Leather,2008,WBSVA93568E041531,,E041531,"MSRP.3,ZCW,ZPP.1,ZTP,655",,"$63,220.00","Feb 20, 2008",550,,,,,,,,,,
A30 - Interlagos Blue Metallic,,NCSW - Black Novillo Leather,2008,WBSVA93588E041532,,E041532,"MSRP.3,ZCW,ZPP.1,ZTP,507,6FL",,"$63,375.00","Feb 20, 2008",550,,,,,,,,,,
A73 - Jerez Black Metallic,,NCSW - Black Novillo Leather,2008,WBSVA935X8E041533,,E041533,"MSRP.3,ZPP.3,ZTP,2MT.1,494,507,6FL,655,752",,"$66,570.00","Feb 20, 2008",550,,,,,,,,,,
300 - Alpine White,,NCH3 - Beige Novillo Leather,2008,WBSVA93518E041534,,E041534,"MSRP.3,ZPP.2,322,609,6FL",,"$60,325.00","Feb 20, 2008",,,,,,,,,,,
A22 - Sparkling Graphite Metallic,,NCH3 - Beige Novillo Leather,2008,WBSVA93538E041535,,E041535,"MSRP.3,ZPP.1",,"$58,375.00","Feb 20, 2008",550,,,,,,,,,,
A29 - Silverstone Metallic II,,GEAT - Anthracite/Black Cloth & Leather,2008,WBSVA93558E041536,,E041536,"MSRP.3,ZCW,609,655,752,771",,"$62,070.00","Feb 20, 2008",550,,,,,,,,,,
668 - Jet Black,,NCSW - Black Novillo Leather,2008,WBSVA93578E041537,,E041537,"MSRP.3,ZCW,ZPP.3,ZTP,2MT.1,403,417,507,6FL,655,752",,"$68,145.00","Feb 20, 2008",,,,,,,,,,,
300 - Alpine White,,NCH2 - Fox Red Novillo Leather,2008,WBSVA93598E041538,,E041538,"MSRP.3,ZCW,ZPP.3,ZTP,2MT.1,403,417,6FL,653,655,752",,"$68,145.00","Feb 20, 2008",,,,,,,,,,,
A73 - Jerez Black Metallic,,NCH2 - Fox Red Novillo Leather,2008,WBSVA93508E041539,,E041539,"MSRP.3,ZPP.3,ZTP,403,494,655",,"$63,770.00","Feb 20, 2008",550,,,,,,,,,,
A30 - Interlagos Blue Metallic,,NCH1 - Silver Novillo Leather,2008,WBSVA93578E041540,,E041540,"MSRP.3,ZPP.1,ZTP,403,465,752",,"$65,050.00","Feb 20, 2008",550,,,,,,,,,,
668 - Jet Black,,NCSW - Black Novillo Leather,2008,WBSVA93598E041541,,E041541,"MSRP.3,ZPP.3,ZTP,403,417,465,494,6FL,752",,"$65,975.00","Feb 20, 2008",,,,,,,,,,,
A73 - Jerez Black Metallic,,NCSW - Black Novillo Leather,2008,WBSVA93508E041542,,E041542,"MSRP.3,ZPP.2,ZTP,2MT.1,403,465,507,6FL,653,655,752",,"$67,945.00","Feb 20, 2008",550,,,,,,,,,,
A22 - Sparkling Graphite Metallic,,NCSW - Black Novillo Leather,2008,WBSVA93528E041543,,E041543,"MSRP.3,ZPP.3,ZTP,2MT.1,403,494,507,6FL,653,655,752",,"$67,970.00","Feb 21, 2008",550,,,,,,,,,,
A73 - Jerez Black Metallic,,NCSW - Black Novillo Leather,2008,WBSVA93548E041544,,E041544,"MSRP.3,ZPP.3,ZTP,403,494,6FL,655,752",,"$66,070.00","Feb 21, 2008",550,,,,,,,,,,
A75 - Melbourne Red Metallic,,NCSW - Black Novillo Leather,2008,WBSVA93568E041545,,E041545,"MSRP.3,ZCW,ZPP.1,2MT.1,302,322,403,417,507,609,6FL,752",,"$67,350.00","Feb 21, 2008",550,,,,,,,,,,
A73 - Jerez Black Metallic,,NCSW - Black Novillo Leather,2008,WBSVA93588E041546,,E041546,"MSRP.3,ZPP.3,ZTP,2MT.1,403,417,465,494,507,6FL,653,655,752",,"$69,020.00","Feb 21, 2008",550,,,,,,,,,,
A75 - Melbourne Red Metallic,,NCH3 - Beige Novillo Leather,2008,WBSVA935X8E041547,,E041547,"MSRP.3,ZCW,ZPP.3,403,417,609,655",,"$63,695.00","Feb 21, 2008",550,,,,,,,,,,
A73 - Jerez Black Metallic,,NCSW - Black Novillo Leather,2008,WBSVA93518E041548,,E041548,"MSRP.3,ZPP.1,ZTP,403,507,6FL,653,655,752",,"$66,270.00","Feb 21, 2008",550,,,,,,,,,,
A73 - Jerez Black Metallic,,NCH3 - Beige Novillo Leather,2008,WBSVA93538E041549,,E041549,"MSRP.3,ZCW,ZPP.2,ZTP,2MT.1,302,403,417,507,6FL,752",,"$68,500.00","Feb 21, 2008",550,,,,,,,,,,
A73 - Jerez Black Metallic,,NCSW - Black Novillo Leather,2008,WBSVA935X8E041550,,E041550,"MSRP.3,ZCW,ZPP.1,ZTP,2MT.1,302,403,417,507,6FL,655,752",,"$69,095.00","Feb 21, 2008",550,,,,,,,,,,
300 - Alpine White,,NCSW - Black Novillo Leather,2008,WBSVA93518E041551,,E041551,"MSRP.3,ZCW,ZPP.2,2MT.1,302,322,403,417,507,609,6FL,752",,"$66,800.00","Feb 21, 2008",,,,,,,,,,,
300 - Alpine White,,NDSW - Black Extended Novillo Leather,2008,WBSVA93538E041552,,E041552,"MSRP.3,ZPP.1,ZTP,465,653,655,752",,"$65,495.00","Feb 21, 2008",1100,,,,,,,,,,
A73 - Jerez Black Metallic,,NDSW - Black Extended Novillo Leather,2008,WBSVA93558E041553,,E041553,"MSRP.3,ZPP.3,ZTP,465,494,507,6FL,653,655,752",,"$67,295.00","Feb 21, 2008",550/1100,,,,,,,,,,
A29 - Silverstone Metallic II,,NCSW - Black Novillo Leather,2008,WBSVA93578E041554,,E041554,"MSRP.3,ZCW,ZPP.3,2MT.1,223,417,507,6FL",,"$62,900.00","Feb 21, 2008",550,,,,,,,,,,
668 - Jet Black,,NDSW - Black Extended Novillo Leather,2008,WBSVA93598E041555,,E041555,"MSRP.3,ZPP.3,ZTP,2MT.1,655",,"$63,970.00","Feb 21, 2008",1100,,,,,,,,,,
A29 - Silverstone Metallic II,,NDSW - Black Extended Novillo Leather,2008,WBSVA93508E041556,,E041556,"MSRP.3,ZCW,ZPP.2,ZTP,2MT.1,403,417,507,6FL,653,655,752",,"$70,145.00","Feb 21, 2008",550/1100,,,,,,,,,,
A29 - Silverstone Metallic II,,NCSW - Black Novillo Leather,2008,WBSVA93528E041557,,E041557,"MSRP.3,ZCW,2MT.1,223,4MZ,655",,"$61,720.00","Feb 21, 2008",550/950,,,,,,,,,,
A29 - Silverstone Metallic II,,NDSW - Black Extended Novillo Leather,2008,WBSVA93548E041558,,E041558,"MSRP.3,ZCW,ZPP.1,ZTP,2MT.1,403,507,6FL,653,655,752",,"$69,570.00","Feb 21, 2008",550/1100,,,,,,,,,,
668 - Jet Black,,NDSW - Black Extended Novillo Leather,2008,WBSVA93568E041559,,E041559,"MSRP.3,ZCW,2MK,403,5AC,609,6FL,6NF,752,771,863",,"$67,675.00","Feb 21, 2008",2000,,,,,,,,,,
668 - Jet Black,,NDSW - Black Extended Novillo Leather,2008,WBSVA93528E041560,,E041560,"MSRP.3,ZCW,ZPP.2,ZTP,2MT.1,403,507,6FL,655,752",,"$68,670.00","Feb 21, 2008",1100,,,,,,,,,,
668 - Jet Black,,NDSW - Black Extended Novillo Leather,2008,WBSVA93548E041561,,E041561,"MSRP.3,ZCW,ZPP.3,ZTP,2MT.1,403,507,6FL,653,655,752",,"$69,020.00","Feb 21, 2008",1100,,,,,,,,,,
A29 - Silverstone Metallic II,,NDSW - Black Extended Novillo Leather,2008,WBSVA93568E041562,,E041562,"MSRP.3,ZCW,ZPP.3,ZTP,2MT.1,403,507,6FL,653,655,752",,"$69,570.00","Feb 22, 2008",550/1100,,,,,,,,,,
A73 - Jerez Black Metallic,,NCH3 - Beige Novillo Leather,2008,WBSVA93588E041563,,E041563,"MSRP.3,ZCW,ZPP.2,ZTP,2MT.1,302,403,417,507,6FL,752",,"$68,500.00","Feb 22, 2008",550,,,,,,,,,,
A73 - Jerez Black Metallic,,NCSW - Black Novillo Leather,2008,WBSVA935X8E041564,,E041564,"MSRP.3,ZCW,ZPP.1,2MT.1,302,322,403,417,507,609,6FL,752",,"$67,350.00","Feb 22, 2008",550,,,,,,,,,,
A30 - Interlagos Blue Metallic,,NCH3 - Beige Novillo Leather,2008,WBSVA93518E041565,,E041565,"MSRP.3,ZCW,ZPP.2,2MT.1,302,322,403,417,507,609,6FL,752",,"$67,350.00","Feb 22, 2008",550,,,,,,,,,,
300 - Alpine White,,NCSW - Black Novillo Leather,2008,WBSVA93538E041566,,E041566,"MSRP.3,ZCW,ZPP.3,ZTP,2MT.1,302,403,417,507,6FL,655,752",,"$68,545.00","Feb 22, 2008",,,,,,,,,,,
300 - Alpine White,,NCH3 - Beige Novillo Leather,2008,WBSVA93558E041567,,E041567,"MSRP.3,ZCW,ZPP.2,ZTP,403,507,6FL,655,752",,"$66,370.00","Feb 22, 2008",,,,,,,,,,,
668 - Jet Black,,NCSW - Black Novillo Leather,2008,WBSVA93578E041568,,E041568,"MSRP.3,ZCW,ZPP.3,ZTP,403,6FL,653,655,752",,"$66,370.00","Feb 22, 2008",,,,,,,,,,,
A30 - Interlagos Blue Metallic,,NDH3 - Beige Novillo Extended Leather,2008,WBSVA93598E041569,,E041569,"MSRP.3,ZCW,ZPP.2,223,403",,"$62,525.00","Feb 22, 2008",550/1100,,,,,,,,,,
300 - Alpine White,,NCSW - Black Novillo Leather,2008,WBSVA93558E041570,,E041570,"MSRP.3,ZCW,ZPP.3,ZTP,403,6FL,655,752",,"$66,020.00","Feb 22, 2008",,,,,,,,,,,
668 - Jet Black,,NCSW - Black Novillo Leather,2008,WBSVA93578E041571,,E041571,"MSRP.3,ZPP.3,ZTP,403,494,6FL,752",,"$64,925.00","Feb 22, 2008",,,,,,,,,,,
A73 - Jerez Black Metallic,,NCH2 - Fox Red Novillo Leather,2008,WBSVA93598E041572,,E041572,"MSRP.3,ZTP,2MT.1,465,494,6FL,752,771",,"$65,150.00","Feb 22, 2008",550/950,,,,,,,,,,
A73 - Jerez Black Metallic,,NDH3 - Beige Novillo Extended Leather,2008,WBSVA93508E041573,,E041573,"MSRP.3,ZPP.2,2MT.1,403,494,6FL",,"$62,625.00","Feb 22, 2008",550/1100,,,,,,,,,,
A73 - Jerez Black Metallic,,NCH1 - Silver Novillo Leather,2008,WBSVA93528E041574,,E041574,"MSRP.3,403,494,507,771",,"$59,325.00","Feb 22, 2008",550/950,,,,,,,,,,
A29 - Silverstone Metallic II,,NCSW - Black Novillo Leather,2008,WBSVA93548E041575,,E041575,"MSRP.3,ZPP.2,ZTP,2MT.1,417,465,494,507,6FL,653,655,752",,"$67,970.00","Feb 22, 2008",550,,,,,,,,,,
A29 - Silverstone Metallic II,,NCH1 - Silver Novillo Leather,2008,WBSVA93568E041576,,E041576,"MSRP.3,ZPP.1,ZTP,417,507,6FL,653,752",,"$65,200.00","Feb 22, 2008",550,,,,,,,,,,
A73 - Jerez Black Metallic,,NCSW - Black Novillo Leather,2008,WBSVA93588E041577,,E041577,"MSRP.3,ZCW,ZPP.1,302,322,403,6FL,752",,"$63,125.00","Feb 22, 2008",550,,,,,,,,,,
300 - Alpine White,,NCH2 - Fox Red Novillo Leather,2008,WBSVA935X8E041578,,E041578,"MSRP.3,ZPP.3,2MT.1,322,494,609,655",,"$62,220.00","Feb 23, 2008",,,,,,,,,,,
A22 - Sparkling Graphite Metallic,,NCSW - Black Novillo Leather,2008,WBSVA93518E041579,,E041579,"MSRP.3,ZPP.3,ZTP,507,653",,"$62,325.00","Feb 23, 2008",550,,,,,,,,,,
300 - Alpine White,,NDSW - Black Extended Novillo Leather,2008,WBSVA93588E041580,,E041580,"MSRP.3,ZCW,ZPP.1,ZTP,2MT.1,403,417,507,6FL,653,655,752",,"$69,595.00","Feb 23, 2008",1100,,,,,,,,,,
A73 - Jerez Black Metallic,,NCSW - Black Novillo Leather,2008,WBSVA935X8E041581,,E041581,"MSRP.3,ZPP.3,ZTP,2MT.1,403,417,465,494,507,6FL,653,655,752",,"$69,020.00","Feb 23, 2008",550,,,,,,,,,,
A73 - Jerez Black Metallic,,NCSW - Black Novillo Leather,2008,WBSVA93518E041582,,E041582,"MSRP.3,ZPP.3,ZTP,2MT.1,403,465,494,6FL,752",,"$67,150.00","Feb 23, 2008",550,,,,,,,,,,
300 - Alpine White,,GEAT - Anthracite/Black Cloth & Leather,2008,WBSVA93538E041583,,E041583,"MSRP.3,ZCW,ZPP.1,302,322,403,417,507,609,6FL,752",,"$65,600.00","Feb 23, 2008",,,,,,,,,,,
300 - Alpine White,,NDH2 - Fox Red Extended Leather,2008,WBSVA93558E041584,,E041584,"MSRP.3,ZCW,ZPP.3,ZTP,2MT.1,302,403,417,507,6FL,752",,"$69,050.00","Feb 23, 2008",1100,,,,,,,,,,
A73 - Jerez Black Metallic,,NCSW - Black Novillo Leather,2008,WBSVA93578E041585,,E041585,"MSRP.3,ZCW,ZPP.3,302,322,403,417,507,609,6FL,752",,"$66,150.00","Feb 23, 2008",550,,,,,,,,,,
668 - Jet Black,,NCH2 - Fox Red Novillo Leather,2008,WBSVA93598E041586,,E041586,"MSRP.3,ZPP.2,2MT.1,322,403,609,6FL,655,752",,"$65,070.00","Feb 23, 2008",,,,,,,,,,,
A29 - Silverstone Metallic II,,NCSW - Black Novillo Leather,2008,WBSVA93508E041587,,E041587,"MSRP.3,ZCW,ZPP.1,2MT.1,302,322,403,6FL",,"$62,425.00","Feb 25, 2008",550,,,,,,,,,,
A73 - Jerez Black Metallic,,NCSW - Black Novillo Leather,2008,WBSVA93528E041588,,E041588,"MSRP.3,ZCW,ZPP.1,2MT.1,302,322,403,417,507,6FL,655,752",,"$65,845.00","Feb 25, 2008",550,,,,,,,,,,
300 - Alpine White,,NCSW - Black Novillo Leather,2008,WBSVA93548E041589,,E041589,"MSRP.3,ZCW,ZPP.2,ZTP,2MT.1,417,507,6FL,752",,"$66,500.00","Feb 25, 2008",,,,,,,,,,,
A29 - Silverstone Metallic II,,NCSW - Black Novillo Leather,2008,WBSVA93508E041590,,E041590,"MSRP.3,ZCW,ZPP.1,302,322,403,507",,"$61,175.00","Feb 25, 2008",550,,,,,,,,,,
300 - Alpine White,,NCH2 - Fox Red Novillo Leather,2008,WBSVA93528E041591,,E041591,"MSRP.3,ZPP.3,ZTP,2MT.1,752",,"$64,175.00","Feb 25, 2008",,,,,,,,,,,
300 - Alpine White,,NCSW - Black Novillo Leather,2008,WBSVA93548E041592,,E041592,"MSRP.3,ZTP,417,465,4MX,507,6FL,655,752",,"$64,920.00","Feb 25, 2008",950,,,,,,,,,,
A73 - Jerez Black Metallic,,NCSW - Black Novillo Leather,2008,WBSVA93568E041593,,E041593,"MSRP.3,ZCW,ZPP.3,2MT.1,302,322,403,6FL,752",,"$64,325.00","Feb 25, 2008",550,,,,,,,,,,
300 - Alpine White,,NCSW - Black Novillo Leather,2008,WBSVA93588E041594,,E041594,"MSRP.3,ZCW,ZPP.3,ZTP,2MT.1,417,507,6FL,655,752",,"$67,095.00","Feb 25, 2008",,,,,,,,,,,
A29 - Silverstone Metallic II,,NCH1 - Silver Novillo Leather,2008,WBSVA935X8E041595,,E041595,"MSRP.3,ZCW,ZPP.3,ZTP,2MT.1,403,417,6FL,752",,"$67,750.00","Feb 25, 2008",550,,,,,,,,,,
A73 - Jerez Black Metallic,,NCSW - Black Novillo Leather,2008,WBSVA93518E041596,,E041596,"MSRP.3,ZPP.3,ZTP,2MT.1,403,465,494,507,6FL,653,655,752",,"$68,445.00","Feb 25, 2008",550,,,,,,,,,,
A73 - Jerez Black Metallic,,NCSW - Black Novillo Leather,2008,WBSVA93538E041597,,E041597,"MSRP.3,ZPP.3,ZTP,2MT.1,403,465,494,507,6FL,655,752",,"$68,095.00","Feb 25, 2008",550,,,,,,,,,,
668 - Jet Black,,NCH3 - Beige Novillo Leather,2008,WBSVA93558E041598,,E041598,"MSRP.3,ZCW,ZPP.2,302,322,403,609,6FL,752",,"$64,675.00","Feb 25, 2008",,,,,,,,,,,
668 - Jet Black,,NCSW - Black Novillo Leather,2008,WBSVA93578E041599,,E041599,"MSRP.3,ZPP.1,ZTP,2MT.1,403,417,494,507,6FL,653,655,752",,"$67,995.00","Feb 25, 2008",,,,,,,,,,,
A22 - Sparkling Graphite Metallic,,NCSW - Black Novillo Leather,2008,WBSVA935X8E041600,,E041600,"MSRP.3,ZPP.3,ZTP,2MT.1,417,494,6FL,653,752",,"$66,550.00","Feb 25, 2008",550,,,,,,,,,,
668 - Jet Black,,NCSW - Black Novillo Leather,2008,WBSVA93518E041601,,E041601,"MSRP.3,ZPP.3,ZTP,2MT.1,403,417,465,494,6FL",,"$65,275.00","Feb 25, 2008",,,,,,,,,,,
A73 - Jerez Black Metallic,,NCSW - Black Novillo Leather,2008,WBSVA93538E041602,,E041602,"MSRP.3,ZPP.1,ZTP,2MT.1,403,494,6FL,653,655,752",,"$67,620.00","Feb 25, 2008",550,,,,,,,,,,
A29 - Silverstone Metallic II,,NCSW - Black Novillo Leather,2008,WBSVA93558E041603,,E041603,"MSRP.3,ZPP.3,ZTP,2MT.1,403,6FL,752",,"$66,175.00","Feb 25, 2008",550,,,,,,,,,,
A22 - Sparkling Graphite Metallic,,NCSW - Black Novillo Leather,2008,WBSVA93578E041604,,E041604,"MSRP.3,ZCW,ZPP.1,2MT.1,302,322,403,417,507,609,6FL,752",,"$67,350.00","Feb 25, 2008",550,,,,,,,,,,
A73 - Jerez Black Metallic,,NCH3 - Beige Novillo Leather,2008,WBSVA93598E041605,,E041605,"MSRP.3,ZCW,ZPP.1,2MT.1,302,322,403,417,507,609,6FL,752",,"$67,350.00","Feb 26, 2008",550,,,,,,,,,,
A73 - Jerez Black Metallic,,NCH3 - Beige Novillo Leather,2008,WBSVA93508E041606,,E041606,"MSRP.3,ZCW,ZPP.2,ZTP,2MT.1,417,507,6FL,752",,"$67,050.00","Feb 25, 2008",550,,,,,,,,,,
668 - Jet Black,,NCSW - Black Novillo Leather,2008,WBSVA93528E041607,,E041607,"MSRP.3,ZCW,ZPP.3,403,6FL,655",,"$60,870.00","Feb 25, 2008",,,,,,,,,,,
A75 - Melbourne Red Metallic,,NCH2 - Fox Red Novillo Leather,2008,WBSVA93548E041608,,E041608,"MSRP.3,ZCW,ZPP.1,ZTP,2MT.1,403,417,507,6FL,653,655,752",,"$69,045.00","Feb 26, 2008",550,,,,,,,,,,
A29 - Silverstone Metallic II,,NCSW - Black Novillo Leather,2008,WBSVA93568E041609,,E041609,"MSRP.3,ZCW,ZPP.1,2MT.1,302,322,403,417,507,6FL,752",,"$65,250.00","Feb 26, 2008",550,,,,,,,,,,
A22 - Sparkling Graphite Metallic,,NCH1 - Silver Novillo Leather,2008,WBSVA93528E041610,,E041610,"MSRP.3,ZCW,ZPP.1,2MT.1,302,322,403,417,507,6FL,752",,"$65,250.00","Feb 26, 2008",550,,,,,,,,,,
A30 - Interlagos Blue Metallic,,NCH3 - Beige Novillo Leather,2008,WBSVA93548E041611,,E041611,"MSRP.3,ZCW,ZPP.3,ZTP,2MT.1,417,507,6FL,752",,"$67,050.00","Feb 26, 2008",550,,,,,,,,,,
300 - Alpine White,,NDH2 - Fox Red Extended Leather,2008,WBSVA93568E041612,,E041612,"MSRP.3,ZCW,ZPP.3,ZTP,2MT.1,417,507,6FL,752",,"$67,600.00","Feb 26, 2008",1100,,,,,,,,,,
300 - Alpine White,,NCH1 - Silver Novillo Leather,2008,WBSVA93588E041613,,E041613,"MSRP.3,ZCW,ZPP.3,ZTP,507",,"$62,425.00","Feb 26, 2008",,,,,,,,,,,
A29 - Silverstone Metallic II,,NCH1 - Silver Novillo Leather,2008,WBSVA935X8E041614,,E041614,"MSRP.3,ZCW,ZPP.3,ZTP,6FL,655,752",,"$65,520.00","Feb 26, 2008",550,,,,,,,,,,
A29 - Silverstone Metallic II,,NCSW - Black Novillo Leather,2008,WBSVA93518E041615,,E041615,"MSRP.3,ZCW,ZPP.3,ZTP,2MT.1,403,6FL,653,655,752",,"$68,120.00","Feb 26, 2008",550,,,,,,,,,,
A73 - Jerez Black Metallic,,NCSW - Black Novillo Leather,2008,WBSVA93538E041616,,E041616,"MSRP.3,ZCW,ZPP.3,ZTP,2MT.1,403,6FL,655,752",,"$67,770.00","Feb 26, 2008",550,,,,,,,,,,
A73 - Jerez Black Metallic,,NCH2 - Fox Red Novillo Leather,2008,WBSVA93558E041617,,E041617,"MSRP.3,ZCW,ZPP.3,ZTP,302,403,417,507,6FL,655,752",,"$67,895.00","Feb 26, 2008",550,,,,,,,,,,
A22 - Sparkling Graphite Metallic,,NDH1 - Silver Novillo Extended Leather,2008,WBSVA93578E041618,,E041618,"MSRP.3,ZCW,ZPP.3,ZTP,2MT.1,403,507,6FL,653,752",,"$68,975.00","Feb 26, 2008",550/1100,,,,,,,,,,
A22 - Sparkling Graphite Metallic,,NDH1 - Silver Novillo Extended Leather,2008,WBSVA93598E041619,,E041619,"MSRP.3,ZPP.3,ZTP,2MT.1,403,465,494,507,6FL,653,655,752",,"$69,545.00","Feb 26, 2008",550/1100,,,,,,,,,,
A73 - Jerez Black Metallic,,NCSW - Black Novillo Leather,2008,WBSVA93558E041620,,E041620,"MSRP.3,ZCW,ZPP.1,ZTP,2MT.1,403,417,507,6FL,653,655,752",,"$69,045.00","Feb 26, 2008",550,,,,,,,,,,
A73 - Jerez Black Metallic,,NCH1 - Silver Novillo Leather,2008,WBSVA93578E041621,,E041621,"MSRP.3,ZCW,ZPP.3,ZTP,2MT.1,403,417,507,6FL,653,655,752",,"$69,045.00","Feb 26, 2008",550,,,,,,,,,,
668 - Jet Black,,NDSW - Black Extended Novillo Leather,2008,WBSVA93598E041622,,E041622,"MSRP.3,ZCW,ZPP.3,ZTP,2MT.1,403,417,507,6FL,653,655,752",,"$69,595.00","Feb 26, 2008",1100,,,,,,,,,,
A73 - Jerez Black Metallic,,NCSW - Black Novillo Leather,2008,WBSVA93508E041623,,E041623,"MSRP.3,ZCW,ZPP.3,ZTP,2MT.1,403,507,6FL,653,752",,"$67,875.00","Feb 26, 2008",550,,,,,,,,,,
A29 - Silverstone Metallic II,,NCSW - Black Novillo Leather,2008,WBSVA93528E041624,,E041624,"MSRP.3,ZCW,ZPP.2,ZTP,2MT.1,403,417,507,6FL,653,752",,"$68,450.00","Feb 26, 2008",550,,,,,,,,,,
668 - Jet Black,,NCSW - Black Novillo Leather,2008,WBSVA93548E041625,,E041625,"MSRP.3,ZCW,ZPP.3,2MT.1,322,403,507,609,6FL,655,752",,"$66,420.00","Feb 27, 2008",,,,,,,,,,,
A29 - Silverstone Metallic II,,NCSW - Black Novillo Leather,2008,WBSVA93568E041626,,E041626,"MSRP.3,ZCW,ZPP.3,403",,"$60,425.00","Feb 27, 2008",550,,,,,,,,,,
A75 - Melbourne Red Metallic,,NCSW - Black Novillo Leather,2008,WBSVA93588E041627,,E041627,"MSRP.3,ZCW,ZPP.3,ZTP,2MT.1,417,507,6FL,752",,"$67,050.00","Feb 27, 2008",550,,,,,,,,,,
A22 - Sparkling Graphite Metallic,,NCH2 - Fox Red Novillo Leather,2008,WBSVA935X8E041628,,E041628,"MSRP.3,ZCW,ZPP.1,ZTP,2MT.1,417,507,6FL,752",,"$67,050.00","Feb 27, 2008",550,,,,,,,,,,
A22 - Sparkling Graphite Metallic,,NCSW - Black Novillo Leather,2008,WBSVA93518E041629,,E041629,"MSRP.3,ZCW,ZPP.1,ZTP,2MT.1,417,507,6FL,752",,"$67,050.00","Feb 27, 2008",550,,,,,,,,,,
A29 - Silverstone Metallic II,,NCH1 - Silver Novillo Leather,2008,WBSVA93588E041630,,E041630,"MSRP.3,ZCW,ZPP.1,ZTP,2MT.1,417,507,6FL,752",,"$67,050.00","Feb 27, 2008",550,,,,,,,,,,
A73 - Jerez Black Metallic,,NDSW - Black Extended Novillo Leather,2008,WBSVA935X8E041631,,E041631,"MSRP.3,ZPP.3,ZTP,2MT.1,403,494,507,6FL,653,655,752",,"$69,070.00","Feb 27, 2008",550/1100,,,,,,,,,,
300 - Alpine White,,NDSW - Black Extended Novillo Leather,2008,WBSVA93518E041632,,E041632,"MSRP.3,ZPP.3,ZTP,2MT.1,403,465,494,507,6FL,653,655,752",,"$68,995.00","Feb 27, 2008",1100,,,,,,,,,,
A29 - Silverstone Metallic II,,NCSW - Black Novillo Leather,2008,WBSVA93538E041633,,E041633,"MSRP.3,ZCW,ZPP.1,ZTP,2MT.1,403,507,6FL,653,655,752",,"$68,470.00","Feb 27, 2008",550,,,,,,,,,,
668 - Jet Black,,NCSW - Black Novillo Leather,2008,WBSVA93558E041634,,E041634,"MSRP.3,ZCW,ZPP.3,ZTP,2MT.1,403,6FL,752",,"$66,625.00","Feb 27, 2008",,,,,,,,,,,
A30 - Interlagos Blue Metallic,,NCH1 - Silver Novillo Leather,2008,WBSVA93578E041635,,E041635,"MSRP.3,ZCW,ZPP.3,ZTP,2MT.1,417,507,6FL,655,752",,"$67,645.00","Feb 27, 2008",550,,,,,,,,,,
A22 - Sparkling Graphite Metallic,,NCSW - Black Novillo Leather,2008,WBSVA93598E041636,,E041636,"MSRP.3,ZCW,ZPP.3,ZTP,2MT.1,403,6FL,653,752",,"$67,525.00","Feb 27, 2008",550,,,,,,,,,,
A75 - Melbourne Red Metallic,,NCSW - Black Novillo Leather,2008,WBSVA93508E041637,,E041637,"MSRP.3,ZCW,ZPP.3,ZTP,2MT.1,417,507,6FL,752",,"$67,050.00","Feb 27, 2008",550,,,,,,,,,,
A75 - Melbourne Red Metallic,,NCH3 - Beige Novillo Leather,2008,WBSVA93528E041638,,E041638,"MSRP.3,ZCW,ZPP.1,ZTP,2MT.1,417,507,6FL,752",,"$67,050.00","Feb 27, 2008",550,,,,,,,,,,
A73 - Jerez Black Metallic,,NDSW - Black Extended Novillo Leather,2008,WBSVA93548E041639,,E041639,"MSRP.3,ZCW,ZPP.3,ZTP,2MT.1,417,507,6FL,653,655,752",,"$69,095.00","Feb 27, 2008",550/1100,,,,,,,,,,
A73 - Jerez Black Metallic,,NDH1 - Silver Novillo Extended Leather,2008,WBSVA93508E041640,,E041640,"MSRP.3,ZCW,ZPP.3,ZTP,403",,"$64,775.00","Feb 27, 2008",550/1100,,,,,,,,,,
A30 - Interlagos Blue Metallic,,NCH3 - Beige Novillo Leather,2008,WBSVA93528E041641,,E041641,"MSRP.3,ZCW,ZPP.2,ZTP,403,507,6FL,653,752",,"$66,675.00","Feb 27, 2008",550,,,,,,,,,,
668 - Jet Black,,NDH2 - Fox Red Extended Leather,2008,WBSVA93548E041642,,E041642,"MSRP.3,ZCW,ZPP.3,ZTP,2MT.1,417,507,6FL,655,752",,"$68,195.00","Feb 27, 2008",1100,,,,,,,,,,
A30 - Interlagos Blue Metallic,,NDH1 - Silver Novillo Extended Leather,2008,WBSVA93568E041643,,E041643,"MSRP.3,ZCW,ZPP.3,ZTP,2MT.1,417,507,6FL,653,655,752",,"$69,095.00","Feb 28, 2008",550/1100,,,,,,,,,,
300 - Alpine White,,NCH2 - Fox Red Novillo Leather,2008,WBSVA93588E041644,,E041644,"MSRP.3,ZCW,ZPP.1,2MT.1,302,322,403,417,507,609,6FL,655,752",,"$67,395.00","Feb 28, 2008",,,,,,,,,,,
668 - Jet Black,,NDSW - Black Extended Novillo Leather,2008,WBSVA935X8E041645,,E041645,"MSRP.3,ZPP.2,ZTP,2MT.1,403,417,494,507,6FL,653,655,752",,"$69,095.00","Feb 28, 2008",1100,,,,,,,,,,
A30 - Interlagos Blue Metallic,,NDH1 - Silver Novillo Extended Leather,2008,WBSVA93518E041646,,E041646,"MSRP.3,ZCW,ZPP.3,ZTP,2MT.1,403,6FL,655,752",,"$68,870.00","Feb 28, 2008",550/1100,,,,,,,,,,
A29 - Silverstone Metallic II,,NDH1 - Silver Novillo Extended Leather,2008,WBSVA93538E041647,,E041647,"MSRP.3,ZCW,ZPP.3,ZTP,2MT.1,403,6FL,655,752",,"$68,870.00","Feb 28, 2008",550/1100,,,,,,,,,,
A22 - Sparkling Graphite Metallic,,NDSW - Black Extended Novillo Leather,2008,WBSVA93558E041648,,E041648,"MSRP.3,ZPP.3,ZTP,2MT.1,403,417,465,494,6FL,752",,"$68,825.00","Feb 28, 2008",550/1100,,,,,,,,,,
668 - Jet Black,,NDSW - Black Extended Novillo Leather,2008,WBSVA93578E041649,,E041649,"MSRP.3,ZPP.3,ZTP,2MT.1,403,465,494,507,6FL,653,655,752",,"$68,995.00","Feb 28, 2008",1100,,,,,,,,,,
668 - Jet Black,,NDSW - Black Extended Novillo Leather,2008,WBSVA93538E041650,,E041650,"MSRP.3,ZPP.3,ZTP,2MT.1,403,417,465,494,507,6FL,653,655,752",,"$69,570.00","Feb 28, 2008",1100,,,,,,,,,,
A73 - Jerez Black Metallic,,NCSW - Black Novillo Leather,2008,WBSVA93558E041651,,E041651,"MSRP.3,ZCW,ZPP.3,ZTP,2MT.1,403,417,507,6FL,653,655,752",,"$69,045.00","Feb 28, 2008",550,,,,,,,,,,
A73 - Jerez Black Metallic,,NDH2 - Fox Red Extended Leather,2008,WBSVA93578E041652,,E041652,"MSRP.3,ZCW,ZPP.2,ZTP,403,417,507,6FL,653,655,752",,"$68,945.00","Feb 28, 2008",550/1100,,,,,,,,,,
A73 - Jerez Black Metallic,,NDSW - Black Extended Novillo Leather,2008,WBSVA93598E041653,,E041653,"MSRP.3,ZCW,ZPP.3,ZTP,2MT.1,403,507,6FL,653,655,752",,"$69,570.00","Feb 28, 2008",550/1100,,,,,,,,,,
A73 - Jerez Black Metallic,,NCSW - Black Novillo Leather,2008,WBSVA93508E041654,,E041654,"MSRP.3,ZCW,ZPP.3,ZTP,2MT.1,403,417,507,6FL,653,655,752",,"$69,045.00","Feb 28, 2008",550,,,,,,,,,,
A22 - Sparkling Graphite Metallic,,NDSW - Black Extended Novillo Leather,2008,WBSVA93528E041655,,E041655,"MSRP.3,ZCW,ZPP.1,ZTP,2MT.1,403,417,507,6FL,655,752",,"$69,795.00","Feb 28, 2008",550/1100,,,,,,,,,,
A73 - Jerez Black Metallic,,NCSW - Black Novillo Leather,2008,WBSVA93548E041656,,E041656,"MSRP.3,ZCW,ZPP.1,ZTP,2MT.1,403,417,507,6FL,653,655,752",,"$69,045.00","Feb 28, 2008",550,,,,,,,,,,
A73 - Jerez Black Metallic,,NDSW - Black Extended Novillo Leather,2008,WBSVA93568E041657,,E041657,"MSRP.3,ZCW,ZPP.2,ZTP,2MT.1,403,417,507,6FL,653,655,752",,"$70,145.00","Feb 28, 2008",550/1100,,,,,,,,,,
A73 - Jerez Black Metallic,,NDSW - Black Extended Novillo Leather,2008,WBSVA93588E041658,,E041658,"MSRP.3,ZCW,ZPP.3,ZTP,403,6FL,655,752",,"$67,670.00","Feb 28, 2008",550/1100,,,,,,,,,,
,,,2008,VIN SKIP,,,,,#VALUE!,,,,,,,,,,,,
A29 - Silverstone Metallic II,,NCSW - Black Novillo Leather,2008,WBSVA93568E041660,,E041660,"MSRP.3,ZPP.1,ZTP,403,494,6FL,655,752",,"$66,070.00","Feb 29, 2008",550,,,,,,,,,,
A75 - Melbourne Red Metallic,,NCH3 - Beige Novillo Leather,2008,WBSVA93588E041661,,E041661,"MSRP.3,ZCW,ZPP.2,ZTP,2MT.1,403,507,6FL,653,655,752",,"$68,470.00","Feb 28, 2008",550,,,,,,,,,,
300 - Alpine White,,NDSW - Black Extended Novillo Leather,2008,WBSVA935X8E041662,,E041662,"MSRP.3,ZCW,ZPP.2,302,322,403,417,507,6FL,752",,"$64,600.00","Feb 29, 2008",1100,,,,,,,,,,
A29 - Silverstone Metallic II,,GEAT - Anthracite/Black Cloth & Leather,2008,WBSVA93518E041663,,E041663,"MSRP.3,ZCW,ZPP.1,302,322,403",,"$60,825.00","Feb 29, 2008",550,,,,,,,,,,
,,,2008,VIN SKIP,,,,,#VALUE!,,,,,,,,,,,,
668 - Jet Black,,NCH1 - Silver Novillo Leather,2008,WBSVA93558E041665,,E041665,"MSRP.3,771",,"$56,875.00","Feb 29, 2008",950,,,,,,,,,,
A29 - Silverstone Metallic II,,GEAT - Anthracite/Black Cloth & Leather,2008,WBSVA93578E041666,,E041666,"MSRP.3,771",,"$56,475.00","Feb 29, 2008",550,,,,,,,,,,
A30 - Interlagos Blue Metallic,,NCH3 - Beige Novillo Leather,2008,WBSVA93598E041667,,E041667,"MSRP.3,771",,"$57,425.00","Feb 29, 2008",550/950,,,,,,,,,,
A75 - Melbourne Red Metallic,,NCSW - Black Novillo Leather,2008,WBSVA93508E041668,,E041668,"MSRP.3,ZPP.1,ZTP,2MT.1,465,6FL,653,655,752",,"$66,545.00","Feb 29, 2008",550,,,,,,,,,,
A22 - Sparkling Graphite Metallic,,NCSW - Black Novillo Leather,2008,WBSVA93528E041669,,E041669,"MSRP.3,ZCW,ZPP.2,ZTP,507,653,752",,"$65,225.00","Feb 29, 2008",550,,,,,,,,,,
A22 - Sparkling Graphite Metallic,,GEAT - Anthracite/Black Cloth & Leather,2008,WBSVA93598E041670,,E041670,"MSRP.3,771",,"$56,475.00","Feb 29, 2008",550,,,,,,,,,,
A29 - Silverstone Metallic II,,NCSW - Black Novillo Leather,2008,WBSVA93508E041671,,E041671,"MSRP.3,ZPP.3,2MT.1,465,507",,"$60,400.00","Feb 29, 2008",550,,,,,,,,,,
A29 - Silverstone Metallic II,,NCH3 - Beige Novillo Leather,2008,WBSVA93528E041672,,E041672,"MSRP.3,771",,"$57,425.00","Feb 29, 2008",550/950,https://bringatrailer.com/listing/2008-bmw-m3-sedan-50/,,,,,,,,,
300 - Alpine White,,NCH3 - Beige Novillo Leather,2008,WBSVA93548E041673,,E041673,"MSRP.3,6FL,771",,"$57,275.00","Feb 29, 2008",950,,,,,,,,,,
A30 - Interlagos Blue Metallic,,NCSW - Black Novillo Leather,2008,WBSVA93568E041674,,E041674,"MSRP.3,ZCW,ZPP.2,507",,"$59,725.00","Feb 29, 2008",550,,,,,,,,,,
A29 - Silverstone Metallic II,,NCH2 - Fox Red Novillo Leather,2008,WBSVA93588E041675,,E041675,"MSRP.3,ZTP,465,639,6FL,752,771",,"$64,200.00","Feb 29, 2008",550/950,,,,,,,,,,
300 - Alpine White,,NCSW - Black Novillo Leather,2008,WBSVA935X8E041676,,E041676,"MSRP.3,ZPP.1,ZTP,465,494,6FL,653,655,752",,"$65,295.00","Feb 29, 2008",,,,,,,,,,,
A73 - Jerez Black Metallic,,NCSW - Black Novillo Leather,2008,WBSVA93518E041677,,E041677,"MSRP.3,771",,"$57,425.00","Feb 29, 2008",550/950,,,,,,,,,,
A73 - Jerez Black Metallic,,NCH3 - Beige Novillo Leather,2008,WBSVA93538E041678,,E041678,"MSRP.3,ZCW,ZPP.3,ZTP,403,6FL,653",,"$64,425.00","Feb 29, 2008",550,,,,,,,,,,
300 - Alpine White,,NCSW - Black Novillo Leather,2008,WBSVA93558E041679,,E041679,"MSRP.3,ZPP.3,ZTP,2MT.1,403,465,494,6FL,655,752",,"$67,195.00","Feb 29, 2008",,,,,,,,,,,
668 - Jet Black,,NCH3 - Beige Novillo Leather,2008,WBSVA93518E041680,,E041680,"MSRP.3,ZPP.3,ZTP,2MT.1,403,417,465,494,6FL,653,752",,"$67,525.00","Feb 29, 2008",,,,,,,,,,,
A73 - Jerez Black Metallic,,NCH1 - Silver Novillo Leather,2008,WBSVA93538E041681,,E041681,"MSRP.3,ZPP.3,ZTP,2MT.1,403,465,507,6FL,653,655,752",,"$67,945.00","Feb 29, 2008",550,,,,,,,,,,
A73 - Jerez Black Metallic,,NCSW - Black Novillo Leather,2008,WBSVA93558E041682,,E041682,"MSRP.3,ZPP.3,ZTP,403,465,494,507,6FL,655,752",,"$66,895.00","Feb 29, 2008",550,,,,,,,,,,
668 - Jet Black,,NCSW - Black Novillo Leather,2008,WBSVA93578E041683,,E041683,"MSRP.3,ZPP.3,ZTP,2MT.1,403,417,465,507,6FL,653,655,752",,"$67,970.00","Feb 29, 2008",,,,,,,,,,,
A29 - Silverstone Metallic II,,NCSW - Black Novillo Leather,2008,WBSVA93598E041684,,E041684,"MSRP.3,ZPP.3,ZTP,2MT.1,403,417,465,507,6FL,653,655,752",,"$68,520.00","Feb 29, 2008",550,,,,,,,,,,
A29 - Silverstone Metallic II,,NCH1 - Silver Novillo Leather,2008,WBSVA93508E041685,,E041685,"MSRP.3,ZPP.3,ZTP,403,417,465,494,507,6FL,655,752",,"$67,470.00","Feb 29, 2008",550,,,,,,,,,,
A73 - Jerez Black Metallic,,NCSW - Black Novillo Leather,2008,WBSVA93528E041686,,E041686,"MSRP.3,ZPP.1,ZTP,2MT.1,403,417,465,494,507,6FL,653,655,752",,"$69,020.00","Feb 29, 2008",550,,,,,,,,,,
A30 - Interlagos Blue Metallic,,NCH1 - Silver Novillo Leather,2008,WBSVA93548E041687,,E041687,"MSRP.3,ZPP.1,ZTP,403,417,465,507,6FL,752",,"$66,375.00","Feb 29, 2008",550,,,,,,,,,,
A73 - Jerez Black Metallic,,NDSW - Black Extended Novillo Leather,2008,WBSVA93568E041688,,E041688,"MSRP.3,ZCW,ZPP.2,ZTP,302,403,417,507,6FL,752",,"$68,400.00","Feb 29, 2008",550/1100,,,,,,,,,,
A73 - Jerez Black Metallic,,NCSW - Black Novillo Leather,2008,WBSVA93588E041689,,E041689,"MSRP.3,ZCW,ZPP.3,2MT.1,302,322,403,417,507,609,6FL,655,752",,"$67,945.00","Feb 29, 2008",550,,,,,,,,,,
A22 - Sparkling Graphite Metallic,,NCSW - Black Novillo Leather,2008,WBSVA93548E041690,,E041690,"MSRP.3,ZCW,ZPP.1,302,322,403,417,507,609,6FL,752",,"$66,150.00","Feb 29, 2008",550,,,,,,,,,,
668 - Jet Black,,NCH2 - Fox Red Novillo Leather,2008,WBSVA93568E041691,,E041691,"MSRP.3,ZCW,302,322,403,417,4MX,507,609,6FL,752",,"$65,150.00","Feb 29, 2008",950,,,,,,,,,,
300 - Alpine White,,NCH2 - Fox Red Novillo Leather,2008,WBSVA93588E041692,,E041692,"MSRP.3,ZCW,ZPP.1,302,322,403,609,6FL,752",,"$64,675.00","Feb 29, 2008",,,,,,,,,,,
300 - Alpine White,,NCH3 - Beige Novillo Leather,2008,WBSVA935X8E041693,,E041693,"MSRP.3,ZPP.2,2MT.1,6FL,655",,"$60,020.00","Mar 1, 2008",,,,,,,,,,,
A30 - Interlagos Blue Metallic,,NCSW - Black Novillo Leather,2008,WBSVA93518E041694,,E041694,"MSRP.3,ZPP.2,223,507,653",,"$60,075.00","Mar 1, 2008",550,,,,,,,,,,
668 - Jet Black,,NCH3 - Beige Novillo Leather,2008,WBSVA93538E041695,,E041695,"MSRP.3,ZPP.2,ZTP,494,6FL,655",,"$62,570.00","Mar 1, 2008",,,,,,,,,,,
668 - Jet Black,,NCH2 - Fox Red Novillo Leather,2008,WBSVA93558E041696,,E041696,"MSRP.3,ZPP.3,2MT.1,223,403,6FL",,"$61,475.00","Mar 1, 2008",,,,,,,,,,,
A29 - Silverstone Metallic II,,NCSW - Black Novillo Leather,2008,WBSVA93578E041697,,E041697,"MSRP.3,ZPP.3,ZTP",,"$61,625.00","Mar 1, 2008",550,,,,,,,,,,
A29 - Silverstone Metallic II,,NCH2 - Fox Red Novillo Leather,2008,WBSVA93598E041698,,E041698,"MSRP.3,ZPP.3,ZTP,2MT.1,417,6FL",,"$63,800.00","Mar 1, 2008",550,,,,,,,,,,
A73 - Jerez Black Metallic,,NCH1 - Silver Novillo Leather,2008,WBSVA93508E041699,,E041699,"MSRP.3,ZPP.1,ZTP,2MT.1,417,507,6FL,752",,"$66,050.00","Mar 1, 2008",550,,,,,,,,,,
A29 - Silverstone Metallic II,,NCH1 - Silver Novillo Leather,2008,WBSVA93538E041700,,E041700,"MSRP.3,ZPP.3,ZTP,417,6FL,752",,"$64,500.00","Mar 1, 2008",550,,,,,,,,,,
A73 - Jerez Black Metallic,,NDH2 - Fox Red Extended Leather,2008,WBSVA93558E041701,,E041701,"MSRP.3,ZCW,ZPP.3,ZTP,2MT.1,417,507,6FL,655,752",,"$68,745.00","Mar 1, 2008",550/1100,,,,,,,,,,
668 - Jet Black,,NCSW - Black Novillo Leather,2008,WBSVA93578E041702,,E041702,"MSRP.3,ZPP.1,ZTP,6FL",,"$61,475.00","Mar 1, 2008",,,,,,,,,,,
A73 - Jerez Black Metallic,,NCH2 - Fox Red Novillo Leather,2008,WBSVA93598E041703,,E041703,"MSRP.3,ZPP.2,ZTP,2MT.1,6FL,752",,"$65,050.00","Mar 1, 2008",475,,,,,,,,,,
A73 - Jerez Black Metallic,,NCSW - Black Novillo Leather,2008,WBSVA93508E041704,,E041704,"MSRP.3,ZPP.2,ZTP,2MT.1,403,417,494,507,6FL,655,752",,"$68,120.00","Mar 1, 2008",475,,,,,,,,,,
300 - Alpine White,,NCH2 - Fox Red Novillo Leather,2008,WBSVA93528E041705,,E041705,"MSRP.3,ZTP,6FL,655,752,771",,"$63,020.00","Mar 1, 2008",950,,,,,,,,,,
A29 - SIlverstone II,,NCSW - Black Novillo Leather,2008,WBSVA93548E041706,,E041706,"MSRP.3,403,6FL,655",,"$58,920.00","Mar 1, 2008",950,,,,,,,,,,
A73 - Jerez Black Metallic,,NCSW - Black Novillo Leather,2008,WBSVA93568E041707,,E041707,"MSRP.3,ZPP.3,ZTP,2MT.1,403,417,494,507,6FL,655,752",,"$68,120.00","Mar 1, 2008",475,,,,,,,,,,
300 - Alpine White,,NDSW - Black Extended Novillo Leather,2008,WBSVA93588E041708,,E041708,"MSRP.3,ZPP.1,ZTP,2MT.1,403,417,465,494,507,6FL,653,655,752",,"$69,570.00","Mar 1, 2008",1100,,,,,,,,,,
A73 - Jerez Black Metallic,,NDSW - Black Extended Novillo Leather,2008,WBSVA935X8E041709,,E041709,"MSRP.3,ZPP.1,ZTP,2MT.1,403,417,465,494,507,6FL,653,655,752",,"$70,045.00","Mar 1, 2008",475/1100,,,,,,,,,,
A29 - Silverstone Metallic II,,NCSW - Black Novillo Leather,2008,WBSVA93568E041710,,E041710,"MSRP.3,ZPP.3,ZTP,403,507,6FL,653,655,752",,"$66,195.00","Mar 1, 2008",475,,,,,,,,,,
A29 - Silverstone Metallic II,,NCSW - Black Novillo Leather,2008,WBSVA93588E041711,,E041711,"MSRP.3,ZPP.1,ZTP,2MT.1,403,6FL,655",,"$64,795.00","Mar 1, 2008",475,,,,,,,,,,
300 - Alpine White,,NDH3 - Beige Novillo Extended Leather,2008,WBSVA935X8E041712,,E041712,"MSRP.3,ZPP.3,ZTP,2MT.1,403,417,6FL,655,752",,"$67,895.00","Mar 3, 2008",1100,,,,,,,,,,
A73 - Jerez Black Metallic,,NCSW - Black Novillo Leather,2008,WBSVA93518E041713,,E041713,"MSRP.3,ZPP.1,ZTP,403,507,6FL,653,655,752",,"$66,195.00","Mar 1, 2008",475,,,,,,,,,,
A29 - Silverstone Metallic II,,NCSW - Black Novillo Leather,2008,WBSVA93538E041714,,E041714,"MSRP.3,ZPP.2,ZTP,403,655",,"$63,195.00","Mar 1, 2008",475,,,,,,,,,,
A29 - Silverstone Metallic II,,NCH1 - Silver Novillo Leather,2008,WBSVA93558E041715,,E041715,"MSRP.3,ZPP.2,ZTP,403,6FL,653,655,752",,"$65,845.00","Mar 3, 2008",475,,,,,,,,,,
A73 - Jerez Black Metallic,,NCSW - Black Novillo Leather,2008,WBSVA93578E041716,,E041716,"MSRP.3,ZPP.3,ZTP,403,494,6FL,655,752",,"$65,995.00","Mar 3, 2008",475,,,,,,,,,,
A75 - Melbourne Red Metallic,,NDH3 - Beige Novillo Extended Leather,2008,WBSVA93598E041717,,E041717,"MSRP.3,ZCW,ZPP.1,ZTP,2MT.1,403,6FL,655,752",,"$68,795.00","Mar 3, 2008",475/1100,,,,,,,,,,
A73 - Jerez Black Metallic,,NCSW - Black Novillo Leather,2008,WBSVA93508E041718,,E041718,"MSRP.3,ZPP.1,ZTP,403,6FL,752",,"$64,900.00","Mar 3, 2008",475,,,,,,,,,,
668 - Jet Black,,NCSW - Black Novillo Leather,2008,WBSVA93528E041719,,E041719,"MSRP.3,ZCW,ZPP.3,ZTP,507,6FL,653,655,752",,"$65,670.00","Mar 3, 2008",,,,,,,,,,,
A22 - Sparkling Graphite Metallic,,NCSW - Black Novillo Leather,2008,WBSVA93598E041720,,E041720,"MSRP.3,ZCW,ZPP.1,302,322,403,6FL,752",,"$63,050.00","Mar 3, 2008",475,,,,,,,,,,
A73 - Jerez Black Metallic,,NCH2 - Fox Red Novillo Leather,2008,WBSVA93508E041721,,E041721,"MSRP.3,ZCW,ZPP.3,2MT.1,223,6FL",,"$61,900.00","Mar 3, 2008",475,,,,,,,,,,
300 - Alpine White,,NCH2 - Fox Red Novillo Leather,2008,WBSVA93528E041722,,E041722,"MSRP.3,ZPP.1,655",,"$58,420.00","Mar 3, 2008",,,,,,,,,,,
A75 - Melbourne Red Metallic,,NCSW - Black Novillo Leather,2008,WBSVA93548E041723,,E041723,"MSRP.3,ZCW,ZPP.1,302,322,403,6FL,752",,"$63,050.00","Mar 3, 2008",475,,,,,,,,,,
A29 - Silverstone Metallic II,,NCSW - Black Novillo Leather,2008,WBSVA93568E041724,,E041724,"MSRP.3,ZCW,ZPP.1,302,322,403,417,507,609,6FL,752",,"$66,075.00","Mar 3, 2008",475,,,,,,,,,,
300 - Alpine White,,NCH2 - Fox Red Novillo Leather,2008,WBSVA93588E041725,,E041725,"MSRP.3,ZPP.1,655",,"$58,420.00","Mar 3, 2008",,,,,,,,,,,
A73 - Jerez Black Metallic,,NCH3 - Beige Novillo Leather,2008,WBSVA935X8E041726,,E041726,"MSRP.3,ZCW,ZPP.1,ZTP,403,6FL,655,752",,"$66,495.00","Mar 3, 2008",475,,,,,,,,,,
300 - Alpine White,,NCH2 - Fox Red Novillo Leather,2008,WBSVA93518E041727,,E041727,"MSRP.3,ZPP.1,655",,"$58,420.00","Mar 3, 2008",,,,,,,,,,,
A73 - Jerez Black Metallic,,NCSW - Black Novillo Leather,2008,WBSVA93538E041728,,E041728,"MSRP.3,ZCW,ZPP.3,302,322,403",,"$60,750.00","Mar 3, 2008",475,,,,,,,,,,
A30 - Interlagos Blue Metallic,,NCH1 - Silver Novillo Leather,2008,WBSVA93558E041729,,E041729,"MSRP.3,ZTP,4MY,655",,"$61,695.00","Mar 3, 2008",475/950,,,,,,,,,,
A30 - Interlagos Blue Metallic,,NCH1 - Silver Novillo Leather,2008,WBSVA93518E041730,,E041730,"MSRP.3,ZTP,302,4MY,6FL,655",,"$62,495.00","Mar 3, 2008",475/950,,,,,,,,,,
A30 - Interlagos Blue Metallic,,NCH1 - Silver Novillo Leather,2008,WBSVA93538E041731,,E041731,"MSRP.3,ZTP,4MY,655",,"$61,695.00","Mar 3, 2008",475/950,,,,,,,,,,
A30 - Interlagos Blue Metallic,,NCH1 - Silver Novillo Leather,2008,WBSVA93558E041732,,E041732,"MSRP.3,ZTP,4MY,655",,"$61,695.00","Mar 3, 2008",475/950,,,,,,,,,,
A73 - Jerez Black Metallic,,NCH3 - Beige Novillo Leather,2008,WBSVA93578E041733,,E041733,"MSRP.3,ZCW,ZPP.2,ZTP,403,417,507,6FL,653,655,752",,"$67,770.00","Mar 3, 2008",475,,,,,,,,,,
A30 - Interlagos Blue Metallic,,NCH1 - Silver Novillo Leather,2008,WBSVA93598E041734,,E041734,"MSRP.3,ZTP,4MY,655",,"$61,695.00","Mar 3, 2008",475/950,,,,,,,,,,
668 - Jet Black,,NCSW - Black Novillo Leather,2008,WBSVA93508E041735,,E041735,"MSRP.3,ZCW,ZPP.3,ZTP,2MT.1,403,6FL,653,655,752",,"$67,570.00","Mar 3, 2008",,,,,,,,,,,
300 - Alpine White,,NDSW - Black Extended Novillo Leather,2008,WBSVA93528E041736,,E041736,"MSRP.3,ZPP.3,ZTP,2MT.1,403,465,494,507,6FL,653,655,752",,"$68,995.00","Mar 3, 2008",1100,,,,,,,,,,
A22 - Sparkling Graphite Metallic,,NCH2 - Fox Red Novillo Leather,2008,WBSVA93548E041737,,E041737,"MSRP.3,ZPP.3,ZTP,403,6FL",,"$63,000.00","Mar 3, 2008",475,,,,,,,,,,
A29 - Silverstone Metallic II,,NCSW - Black Novillo Leather,2008,WBSVA93568E041738,,E041738,"MSRP.3,ZCW,ZPP.3,ZTP,2MT.1,403,6FL,655,752",,"$67,695.00","Mar 3, 2008",475,,,,,,,,,,
A22 - Sparkling Graphite Metallic,,NCSW - Black Novillo Leather,2008,WBSVA93588E041739,,E041739,"MSRP.3,ZPP.2,ZTP,2MT.1,403,6FL,655,752",,"$66,695.00","Mar 3, 2008",475,,,,,,,,,,
668 - Jet Black,,NCH3 - Beige Novillo Leather,2008,WBSVA93548E041740,,E041740,"MSRP.3,ZPP.1,ZTP,2MT.1,403,655,752",,"$65,820.00","Mar 4, 2008",,,,,,,,,,,
A30 - Interlagos Blue Metallic,,NCH1 - Silver Novillo Leather,2008,WBSVA93568E041741,,E041741,"MSRP.3,ZPP.1,ZTP,2MT.1,403,6FL,655,752",,"$66,695.00","Mar 4, 2008",475,,,,,,,,,,
A30 - Interlagos Blue Metallic,,NCH3 - Beige Novillo Leather,2008,WBSVA93588E041742,,E041742,"MSRP.3,ZPP.1,322,403,494,507,609,6FL,655",,"$63,295.00","Mar 4, 2008",475,,,,,,,,,,
300 - Alpine White,,NDSW - Black Extended Novillo Leather,2008,WBSVA935X8E041743,,E041743,"MSRP.3,ZPP.3,ZTP,2MT.1,403,465,494,6FL,752",,"$67,700.00","Mar 4, 2008",1100,,,,,,,,,,
A73 - Jerez Black Metallic,,NCSW - Black Novillo Leather,2008,WBSVA93518E041744,,E041744,"MSRP.3,ZCW,ZPP.1,302,322,403,609",,"$62,850.00","Mar 4, 2008",475,,,,,,,,,,
668 - Jet Black,,NDSW - Black Extended Novillo Leather,2008,WBSVA93538E041745,,E041745,"MSRP.3,ZCW,ZPP.1,ZTP,2MT.1,403,507,6FL,653,655,752",,"$69,020.00","Mar 4, 2008",1100,,,,,,,,,,
300 - Alpine White,,NCH2 - Fox Red Novillo Leather,2008,WBSVA93558E041746,,E041746,"MSRP.3,ZCW,ZPP.3,ZTP,302,403,417,507,6FL,752",,"$66,750.00","Mar 4, 2008",,,,,,,,,,,
300 - Alpine White,,NCSW - Black Novillo Leather,2008,WBSVA93578E041747,,E041747,"MSRP.3,ZCW,ZPP.1,302,322,403,417,507,609,6FL,655,752",,"$66,195.00","Mar 4, 2008",,,,,,,,,,,
A73 - Jerez Black Metallic,,NDSW - Black Extended Novillo Leather,2008,WBSVA93598E041748,,E041748,"MSRP.3,ZCW,ZPP.3,ZTP,302,403,417,507,6FL,655,752",,"$68,920.00","Mar 4, 2008",475/1100,,,,,,,,,,
300 - Alpine White,,NCSW - Black Novillo Leather,2008,WBSVA93508E041749,,E041749,"MSRP.3,ZCW,ZPP.3,ZTP,2MT.1,507,752",,"$65,525.00","Mar 4, 2008",,,,,,,,,,,
A22 - Sparkling Graphite Metallic,,NCH2 - Fox Red Novillo Leather,2008,WBSVA93578E041750,,E041750,"MSRP.3,ZPP.3,403,494,6FL",,"$60,250.00","Mar 4, 2008",475,,,,,,,,,,
A30 - Interlagos Blue Metallic,,NCSW - Black Novillo Leather,2008,WBSVA93598E041751,,E041751,"MSRP.3,ZCW,ZPP.3,302,322,403,417,507,6FL,655,752",,"$64,570.00","Mar 4, 2008",475,,,,,,,,,,
A73 - Jerez Black Metallic,,NCSW - Black Novillo Leather,2008,WBSVA93508E041752,,E041752,"MSRP.3,ZCW,ZPP.2,302,322,403,6FL",,"$61,150.00","Mar 4, 2008",475,,,,,,,,,,
A22 - Sparkling Graphite Metallic,,GEAT - Anthracite/Black Cloth & Leather,2008,WBSVA93528E041753,,E041753,"MSRP.3,ZCW,ZPP.1,302,322,403,6FL,752",,"$63,050.00","Mar 4, 2008",475,,,,,,,,,,
A75 - Melbourne Red Metallic,,NCSW - Black Novillo Leather,2008,WBSVA93548E041754,,E041754,"MSRP.3,ZPP.2,ZTP,2MT.1,403,494,6FL,653,655,752",,"$67,545.00","Mar 4, 2008",475,,,,,,,,,,
300 - Alpine White,,NCSW - Black Novillo Leather,2008,WBSVA93568E041755,,E041755,"MSRP.3,ZCW,ZPP.3,ZTP,2MT.1,507,6FL,655,752",,"$66,520.00","Mar 4, 2008",,,,,,,,,,,
A73 - Jerez Black Metallic,,NCH1 - Silver Novillo Leather,2008,WBSVA93588E041756,,E041756,"MSRP.3,ZCW,ZPP.3,ZTP,2MT.1,403,6FL,653,655,752",,"$68,045.00","Mar 4, 2008",475,,,,,,,,,,
A75 - Melbourne Red Metallic,,NCH3 - Beige Novillo Leather,2008,WBSVA935X8E041757,,E041757,"MSRP.3,ZCW,ZPP.3,ZTP,417,507,6FL,653,655,752",,"$66,720.00","Mar 4, 2008",475,,,,,,,,,,
A73 - Jerez Black Metallic,,NCH2 - Fox Red Novillo Leather,2008,WBSVA93518E041758,,E041758,"MSRP.3,ZCW,ZPP.3,ZTP,417,507,6FL,655",,"$64,470.00","Mar 4, 2008",475,https://bringatrailer.com/listing/2008-bmw-m3-sedan-66/,,,,,,,,,
A73 - Jerez Black Metallic,,NDSW - Black Extended Novillo Leather,2008,WBSVA93538E041759,,E041759,"MSRP.3,ZPP.3,ZTP,2MT.1,494,6FL,653,655,752",,"$67,595.00","Mar 4, 2008",475/1100,,,,,,,,,,
A73 - Jerez Black Metallic,,NCSW - Black Novillo Leather,2008,WBSVA935X8E041760,,E041760,"MSRP.3,ZCW,ZPP.3,ZTP,655,752",,"$65,045.00","Mar 4, 2008",475,,,,,,,,,,
A73 - Jerez Black Metallic,,NCSW - Black Novillo Leather,2008,WBSVA93518E041761,,E041761,"MSRP.3,ZCW,ZPP.3,ZTP,655,752",,"$65,045.00","Mar 4, 2008",475,,,,,,,,,,
A73 - Jerez Black Metallic,,NCSW - Black Novillo Leather,2008,WBSVA93538E041762,,E041762,"MSRP.3,ZCW,ZPP.3,ZTP,655,752",,"$65,045.00","Mar 5, 2008",475,,,,,,,,,,
A29 - Silverstone Metallic II,,NCSW - Black Novillo Leather,2008,WBSVA93558E041763,,E041763,"MSRP.3,ZPP.1,ZTP,2MT.1,494,507,6FL,653,655,752",,"$66,845.00","Mar 4, 2008",475,,,,,,,,,,
A73 - Jerez Black Metallic,,NCSW - Black Novillo Leather,2008,WBSVA93578E041764,,E041764,"MSRP.3,ZCW,ZPP.3,ZTP,2MT.1,403,6FL",,"$65,200.00","Mar 4, 2008",475,,,,,,,,,,
A30 - Interlagos Blue Metallic,,NCH1 - Silver Novillo Leather,2008,WBSVA93598E041765,,E041765,"MSRP.3,ZTP,4MY,655",,"$61,695.00","Mar 4, 2008",475/950,,,,,,,,,,
300 - Alpine White,,NCH1 - Silver Novillo Leather,2008,WBSVA93508E041766,,E041766,"MSRP.3,ZPP.1,ZTP,2MT.1,403,417,6FL,655,752",,"$66,795.00","Mar 5, 2008",,https://bringatrailer.com/listing/2008-bmw-m3-sedan-41/,,,,,,,,,
A22 - Sparkling Graphite Metallic,,NCSW - Black Novillo Leather,2008,WBSVA93528E041767,,E041767,"MSRP.3,ZPP.3,ZTP,2MT.1,403,507,6FL,653,655,752",,"$67,395.00","Mar 5, 2008",475,,,,,,,,,,
A73 - Jerez Black Metallic,,NCSW - Black Novillo Leather,2008,WBSVA93548E041768,,E041768,"MSRP.3,ZCW,ZPP.3,ZTP,2MT.1,403,417,507,6FL,653,655,752",,"$68,970.00","Mar 5, 2008",475,,,,,,,,,,
300 - Alpine White,,NCSW - Black Novillo Leather,2008,WBSVA93568E041769,,E041769,"MSRP.3,ZCW,ZPP.3,ZTP,403,417,6FL,655,752",,"$66,595.00","Mar 5, 2008",,,,,,,,,,,
A29 - Silverstone Metallic II,,NCSW - Black Novillo Leather,2008,WBSVA93528E041770,,E041770,"MSRP.3,ZCW,ZPP.1,ZTP,403,507,6FL,653,655,752",,"$67,195.00","Mar 5, 2008",475,,,,,,,,,,
A73 - Jerez Black Metallic,,NDH3 - Beige Novillo Extended Leather,2008,WBSVA93548E041771,,E041771,"MSRP.3,ZCW,ZPP.2,ZTP,403,6FL,653,655,752",,"$67,945.00","Mar 5, 2008",475/1100,,,,,,,,,,
A73 - Jerez Black Metallic,,NCSW - Black Novillo Leather,2008,WBSVA93568E041772,,E041772,"MSRP.3,ZPP.3,ZTP,2MT.1,403,494,6FL,653,655,752",,"$67,545.00","Mar 5, 2008",475,,,,,,,,,,
A29 - Silverstone Metallic II,,NCSW - Black Novillo Leather,2008,WBSVA93588E041773,,E041773,"MSRP.3,ZCW,ZPP.3,ZTP,403,6FL,655,752",,"$66,495.00","Mar 5, 2008",475,,,,,,,,,,
A29 - Silverstone Metallic II,,NCH2 - Fox Red Novillo Leather,2008,WBSVA935X8E041774,,E041774,"MSRP.3,ZCW,ZPP.1,403,609,6FL",,"$62,850.00","Mar 5, 2008",475,,,,,,,,,,
668 - Jet Black,,NCSW - Black Novillo Leather,2008,WBSVA93518E041775,,E041775,"MSRP.3,ZCW,ZPP.3,ZTP,2MT.1,403,417,507,6FL,653,655,752",,"$68,495.00","Mar 5, 2008",,,,,,,,,,,
300 - Alpine White,,NCSW - Black Novillo Leather,2008,WBSVA93538E041776,,E041776,"MSRP.3,ZCW,ZPP.1,302,322,403,417,507,609,6FL,655,752",,"$66,195.00","Mar 5, 2008",,,,,,,,,,,
A22 - Sparkling Graphite Metallic,,NCSW - Black Novillo Leather,2008,WBSVA93558E041777,,E041777,"MSRP.3,ZCW,ZPP.1,302,322,403,417,507,609,6FL,655,752",,"$66,670.00","Mar 5, 2008",475,,,,,,,,,,
A29 - Silverstone Metallic II,,NCH1 - Silver Novillo Leather,2008,WBSVA93578E041778,,E041778,"MSRP.3,ZCW,ZPP.1,302,322,403,417,507,6FL,655,752",,"$64,570.00","Mar 5, 2008",475,,,,,,,,,,
668 - Jet Black,,NCH1 - Silver Novillo Leather,2008,WBSVA93598E041779,,E041779,"MSRP.3,ZCW,ZPP.1,ZTP,403,507,6FL,752",,"$65,775.00","Mar 5, 2008",,,,,,,,,,,
300 - Alpine White,,NCSW - Black Novillo Leather,2008,WBSVA93558E041780,,E041780,"MSRP.3,ZCW,ZPP.3,ZTP,2MT.1,417,6FL,653,655,752",,"$67,095.00","Mar 5, 2008",,,,,,,,,,,
A73 - Jerez Black Metallic,,NCSW - Black Novillo Leather,2008,WBSVA93578E041781,,E041781,"MSRP.3,ZCW,ZPP.3,ZTP,655,752",,"$65,045.00","Mar 5, 2008",475,,,,,,,,,,
A30 - Interlagos Blue Metallic,,NCSW - Black Novillo Leather,2008,WBSVA93598E041782,,E041782,"MSRP.3,ZCW,ZPP.3,302,322,403,417,507,6FL,655,752",,"$64,570.00","Mar 5, 2008",475,,,,,,,,,,
300 - Alpine White,,NCSW - Black Novillo Leather,2008,WBSVA93508E041783,,E041783,"MSRP.3,ZCW,ZPP.3,2MT.1,302,322,403,417,507,6FL,752",,"$64,700.00","Mar 5, 2008",,,,,,,,,,,
A29 - Silverstone Metallic II,,NCSW - Black Novillo Leather,2008,WBSVA93528E041784,,E041784,"MSRP.3,ZCW,ZPP.3,2MT.1,302,322,403,417,507,6FL,752",,"$65,175.00","Mar 5, 2008",475,,,,,,,,,,
A73 - Jerez Black Metallic,,NCSW - Black Novillo Leather,2008,WBSVA93548E041785,,E041785,"MSRP.3,ZCW,ZPP.3,ZTP,655,752",,"$65,045.00","Mar 5, 2008",475,,,,,,,,,,
300 - Alpine White,,NCH3 - Beige Novillo Leather,2008,WBSVA93568E041786,,E041786,"MSRP.3,ZCW,ZPP.2,ZTP,2MT.1,403,417,507,6FL,653,655,752",,"$68,495.00","Mar 5, 2008",,,,,,,,,,,
668 - Jet Black,,NCSW - Black Novillo Leather,2008,WBSVA93588E041787,,E041787,"MSRP.3,ZCW,ZPP.3,ZTP,2MT.1,403,507,6FL,655,752",,"$67,570.00","Mar 5, 2008",,,,,,,,,,,
A75 - Melbourne Red Metallic,,NCH1 - Silver Novillo Leather,2008,WBSVA935X8E041788,,E041788,"MSRP.3,ZCW,ZPP.3,ZTP,2MT.1,403,417,507,6FL,653,655,752",,"$68,970.00","Mar 5, 2008",475,,,,,,,,,,
668 - Jet Black,,NCSW - Black Novillo Leather,2008,WBSVA93518E041789,,E041789,"MSRP.3,ZCW,ZPP.3,ZTP,403,417,507,6FL,653,655,752",,"$67,295.00","Mar 5, 2008",,,,,,,,,,,
A29 - Silverstone Metallic II,,NCH1 - Silver Novillo Leather,2008,WBSVA93588E041790,,E041790,"MSRP.3,ZCW,ZPP.3,ZTP,403,507,6FL,653,655,752",,"$67,195.00","Mar 6, 2008",475,,,,,,,,,,
A29 - Silverstone Metallic II,,NCSW - Black Novillo Leather,2008,WBSVA935X8E041791,,E041791,"MSRP.3,ZCW,ZPP.3,ZTP,2MT.1,403,417,507,6FL,653,655,752",,"$68,970.00","Mar 6, 2008",475,,,,,,,,,,
A29 - Silverstone Metallic II,,NCSW - Black Novillo Leather,2008,WBSVA93518E041792,,E041792,"MSRP.3,ZCW,ZPP.1,ZTP,403,417,507,6FL,653,655,752",,"$67,770.00","Mar 6, 2008",475,,,,,,,,,,
A75 - Melbourne Red Metallic,,NCH3 - Beige Novillo Leather,2008,WBSVA93538E041793,,E041793,"MSRP.3,ZCW,ZPP.3,ZTP,403,417,507,6FL,653,655,752",,"$67,770.00","Mar 6, 2008",475,,,,,,,,,,
A29 - Silverstone Metallic II,,NCH2 - Fox Red Novillo Leather,2008,WBSVA93558E041794,,E041794,"MSRP.3,ZCW,ZPP.3,ZTP,2MT.1,403,507,6FL,653,655,752",,"$68,395.00","Mar 6, 2008",475,,,,,,,,,,
A22 - Sparkling Graphite Metallic,,NCSW - Black Novillo Leather,2008,WBSVA93578E041795,,E041795,"MSRP.3,ZCW,ZPP.1,ZTP,403,6FL,653",,"$63,875.00","Mar 6, 2008",v,,,,,,,,,,
A73 - Jerez Black Metallic,,NCSW - Black Novillo Leather,2008,WBSVA93598E041796,,E041796,"MSRP.3,ZCW,ZPP.3,ZTP,2MT.1,403,6FL,655,752",,"$67,695.00","Mar 6, 2008",475,,,,,,,,,,
A29 - Silverstone Metallic II,,NCH1 - Silver Novillo Leather,2008,WBSVA93508E041797,,E041797,"MSRP.3,ZCW,ZPP.1,2MT.1,302,322,403,417,507,6FL,655,752",,"$65,770.00","Mar 6, 2008",475,,,,,,,,,,
A30 - Interlagos Blue Metallic,,NCH1 - Silver Novillo Leather,2008,WBSVA93528E041798,,E041798,"MSRP.3,ZCW,ZPP.3,ZTP,2MT.1,403,6FL,655,752",,"$67,695.00","Mar 6, 2008",475,,,,,,,,,,
300 - Alpine White,,NCSW - Black Novillo Leather,2008,WBSVA93548E041799,,E041799,"MSRP.3,ZCW,ZPP.2,302,322,403,417,507,609,6FL,752",,"$65,600.00","Mar 6, 2008",,,,,,,,,,,
A29 - Silverstone Metallic II,,NCSW - Black Novillo Leather,2008,WBSVA93578E041800,,E041800,"MSRP.3,ZCW,ZPP.1,302,322,417,507,609,6FL,655,752",,"$65,620.00","Mar 6, 2008",475,,,,,,,,,,
668 - Jet Black,,NCSW - Black Novillo Leather,2008,WBSVA93598E041801,,E041801,"MSRP.3,ZCW,ZPP.1,302,322,403,417,507,609,6FL,752",,"$65,600.00","Mar 6, 2008",,,,,,,,,,,
A30 - Interlagos Blue Metallic,,NCSW - Black Novillo Leather,2008,WBSVA93508E041802,,E041802,"MSRP.3,ZCW,ZPP.1,302,322,403,417,507,609,6FL,752",,"$66,075.00","Mar 6, 2008",475,,,,,,,,,,
A75 - Melbourne Red Metallic,,NDSW - Black Extended Novillo Leather,2008,WBSVA93528E041803,,E041803,"MSRP.3,ZPP.3,ZTP,2MT.1,465,494,6FL,655,752",,"$67,720.00","Mar 6, 2008",475/1100,,,,,,,,,,
300 - Alpine White,,NCSW - Black Novillo Leather,2008,WBSVA93548E041804,,E041804,"MSRP.3,ZCW,ZPP.3,302,322,403,417,507,6FL,655,752",,"$64,095.00","Mar 6, 2008",,,,,,,,,,,
668 - Jet Black,,NCSW - Black Novillo Leather,2008,WBSVA93568E041805,,E041805,"MSRP.3,ZCW,ZPP.1,302,322,403,417,507,6FL,655,752",,"$64,095.00","Mar 6, 2008",,,,,,,,,,,
668 - Jet Black,,NDSW - Black Extended Novillo Leather,2008,WBSVA93588E041806,,E041806,"MSRP.3,ZCW,ZPP.1,ZTP,2MT.1,403,6FL,752",,"$67,725.00","Mar 7, 2008",1100,,,,,,,,,,
A22 - Sparkling Graphite Metallic,,NCH1 - Silver Novillo Leather,2008,WBSVA935X8E041807,,E041807,"MSRP.3,ZCW,ZPP.1,ZTP,2MT.1,403,417,507,6FL,653,655,752",,"$68,970.00","Mar 7, 2008",475,,,,,,,,,,
A73 - Jerez Black Metallic,,NDH2 - Fox Red Extended Leather,2008,WBSVA93518E041808,,E041808,"MSRP.3,ZCW,ZPP.3,ZTP,2MT.1,403,417,507,6FL,653,655,752",,"$70,070.00","Mar 7, 2008",475/1100,,,,,,,,,,
A73 - Jerez Black Metallic,,NDSW - Black Extended Novillo Leather,2008,WBSVA93538E041809,,E041809,"MSRP.3,ZCW,ZPP.3,ZTP,2MT.1,403,417,507,6FL,653,655,752",,"$70,070.00","Mar 7, 2008",475/1100,,,,,,,,,,
A73 - Jerez Black Metallic,,NDSW - Black Extended Novillo Leather,2008,WBSVA935X8E041810,,E041810,"MSRP.3,ZCW,ZPP.3,ZTP,2MT.1,403,417,507,6FL,653,655,752",,"$70,070.00","Mar 7, 2008",475/1100,,,,,,,,,,
A73 - Jerez Black Metallic,,NCSW - Black Novillo Leather,2008,WBSVA93518E041811,,E041811,"MSRP.3,ZCW,ZPP.3,ZTP,403,417,507,6FL,653,655,752",,"$67,770.00","Mar 7, 2008",475,,,,,,,,,,
A73 - Jerez Black Metallic,,NCSW - Black Novillo Leather,2008,WBSVA93538E041812,,E041812,"MSRP.3,ZCW,ZPP.3,ZTP,403,507,6FL,655,752",,"$66,845.00","Mar 7, 2008",475,,,,,,,,,,
A75 - Melbourne Red Metallic,,NCSW - Black Novillo Leather,2008,WBSVA93558E041813,,E041813,"MSRP.3,ZCW,ZPP.1,302,322,403,417,507,6FL,655,752",,"$64,570.00","Mar 7, 2008",475,,,,,,,,,,
A22 - Sparkling Graphite Metallic,,NDH1 - Silver Novillo Extended Leather,2008,WBSVA93578E041814,,E041814,"MSRP.3,ZPP.2,ZTP,2MT.1,403,494,507,6FL,655,752",,"$68,645.00","Mar 7, 2008",475/1100,,,,,,,,,,
A73 - Jerez Black Metallic,,NCSW - Black Novillo Leather,2008,WBSVA93598E041815,,E041815,"MSRP.3,ZCW,ZPP.3,ZTP,403,417,507,6FL,653,655,752",,"$67,770.00","Mar 7, 2008",475,,,,,,,,,,
A30 - Interlagos Blue Metallic,,NDH1 - Silver Novillo Extended Leather,2008,WBSVA93508E041816,,E041816,"MSRP.3,ZPP.1,ZTP,403,465,507,6FL,653,752",,"$67,175.00","Mar 7, 2008",475/1100,,,,,,,,,,
A73 - Jerez Black Metallic,,NCH3 - Beige Novillo Leather,2008,WBSVA93528E041817,,E041817,"MSRP.3,ZCW,ZPP.1,ZTP,403,507,653,655,752",,"$66,795.00","Mar 7, 2008",475,,,,,,,,,,
A73 - Jerez Black Metallic,,NDH1 - Silver Novillo Extended Leather,2008,WBSVA93548E041818,,E041818,"MSRP.3,ZCW,ZPP.3,ZTP,2MT.1,403,507,6FL,752,863",,"$68,550.00","Mar 7, 2008",475/1100,,,,,,,,,,
300 - Alpine White,,NDH1 - Silver Novillo Extended Leather,2008,WBSVA93568E041819,,E041819,"MSRP.3,ZCW,ZPP.3,ZTP,2MT.1,403,417,507,6FL,653,655,752",,"$69,595.00","Mar 7, 2008",1100,,,,,,,,,,
A73 - Jerez Black Metallic,,NDSW - Black Extended Novillo Leather,2008,WBSVA93528E041820,,E041820,"MSRP.3,ZCW,ZPP.3,ZTP,2MT.1,403,417,507,6FL,653,655,752",,"$70,070.00","Mar 7, 2008",475/1100,,,,,,,,,,
A29 - Silverstone Metallic II,,NDH1 - Silver Novillo Extended Leather,2008,WBSVA93548E041821,,E041821,"MSRP.3,ZPP.2,ZTP,2MT.1,494,507,655,752",,"$67,195.00","Mar 7, 2008",475/1100,,,,,,,,,,
668 - Jet Black,,NCSW - Black Novillo Leather,2008,WBSVA93568E041822,,E041822,"MSRP.3,ZCW,ZPP.3,ZTP,403,417,653,655,752",,"$66,545.00","Mar 7, 2008",,,,,,,,,,,
A29 - Silverstone Metallic II,,NCSW - Black Novillo Leather,2008,WBSVA93588E041823,,E041823,"MSRP.3,ZCW,ZPP.1,302,322,403,417,507,6FL,752",,"$63,975.00","Mar 7, 2008",475,,,,,,,,,,
A73 - Jerez Black Metallic,,NDSW - Black Extended Novillo Leather,2008,WBSVA935X8E041824,,E041824,"MSRP.3,ZPP.2,ZTP,403,507,6FL,653,655,752",,"$67,295.00","Mar 7, 2008",475/1100,,,,,,,,,,
668 - Jet Black,,NCSW - Black Novillo Leather,2008,WBSVA93518E041825,,E041825,"MSRP.3,ZCW,ZPP.3,ZTP,2MT.1,403,507,6FL,653,655,752",,"$67,920.00","Mar 7, 2008",,,,,,,,,,,
A75 - Melbourne Red Metallic,,NCSW - Black Novillo Leather,2008,WBSVA93538E041826,,E041826,"MSRP.3,ZCW,ZPP.1,302,322,403,417,507,6FL,752",,"$63,975.00","Mar 7, 2008",475,,,,,,,,,,
A22 - Sparkling Graphite Metallic,,NCH3 - Beige Novillo Leather,2008,WBSVA93558E041827,,E041827,"MSRP.3,ZCW,ZPP.2,322,403,507,609,6FL,653,655,752",,"$66,045.00","Mar 7, 2008",475,,,,,,,,,,
A73 - Jerez Black Metallic,,NDH1 - Silver Novillo Extended Leather,2008,WBSVA93578E041828,,E041828,"MSRP.3,ZCW,ZPP.1,ZTP,2MT.1,302,403,507,6FL",,"$67,050.00","Mar 7, 2008",475/1100,,,,,,,,,,
A29 - Silverstone Metallic II,,NDH1 - Silver Novillo Extended Leather,2008,WBSVA93598E041829,,E041829,"MSRP.3,ZCW,ZPP.1,ZTP,302,403,417,507,6FL,752",,"$68,325.00","Mar 7, 2008",475/1100,,,,,,,,,,
A73 - Jerez Black Metallic,,NDH2 - Fox Red Extended Leather,2008,WBSVA93558E041830,,E041830,"MSRP.3,ZCW,ZPP.1,302,322,403,417,507,609,6FL,752",,"$67,175.00","Mar 7, 2008",475/1100,,,,,,,,,,
A29 - Silverstone Metallic II,,NDH1 - Silver Novillo Extended Leather,2008,WBSVA93578E041831,,E041831,"MSRP.3,ZCW,ZPP.1,ZTP,403,6FL,653,655",,"$66,045.00","Mar 7, 2008",475/1100,,,,,,,,,,
A22 - Sparkling Graphite Metallic,,NDH1 - Silver Novillo Extended Leather,2008,WBSVA93598E041832,,E041832,"MSRP.3,ZCW,ZPP.3,ZTP,302,403,417,507,6FL,752",,"$68,325.00","Mar 7, 2008",475/1100,,,,,,,,,,
A22 - Sparkling Graphite Metallic,,NDSW - Black Extended Novillo Leather,2008,WBSVA93508E041833,,E041833,"MSRP.3,ZCW,ZPP.3,ZTP,302,403,417,507,6FL,752",,"$68,325.00","Mar 7, 2008",475/1100,,,,,,,,,,
668 - Jet Black,,NCSW - Black Novillo Leather,2008,WBSVA93528E041834,,E041834,"MSRP.3,ZCW,ZPP.3,223,302,322,403,417,507,6FL,752",,"$64,500.00","Mar 7, 2008",,,,,,,,,,,
300 - Alpine White,,NDH2 - Fox Red Extended Leather,2008,WBSVA93548E041835,,E041835,"MSRP.3,ZCW,ZPP.1,302,322,403,417,507,609,6FL,752",,"$66,700.00","Mar 7, 2008",1100,,,,,,,,,,
300 - Alpine White,,NCH2 - Fox Red Novillo Leather,2008,WBSVA93568E041836,,E041836,"MSRP.3,ZPP.1,655",,"$58,420.00","Mar 7, 2008",,https://bringatrailer.com/listing/2008-bmw-m3-sedan-72/,,,,,,,,,
A73 - Jerez Black Metallic,,NCSW - Black Novillo Leather,2008,WBSVA93588E041837,,E041837,"MSRP.3,ZCW,ZPP.3,ZTP,2MT.1,403,507,6FL,863",,"$65,550.00","Mar 7, 2008",475,,,,,,,,,,
300 - Alpine White,,NCH2 - Fox Red Novillo Leather,2008,WBSVA935X8E041838,,E041838,"MSRP.3,ZPP.1,655",,"$58,420.00","Mar 8, 2008",,,,,,,,,,,
A29 - Silverstone Metallic II,,NCSW - Black Novillo Leather,2008,WBSVA93518E041839,,E041839,"MSRP.3,ZCW,ZPP.1,2MT.1,403,6FL",,"$61,900.00","Mar 8, 2008",475,https://bringatrailer.com/listing/2008-bmw-m3-sedan-69/,,,,,,,,,
A30 - Interlagos Blue Metallic,,NCH1 - Silver Novillo Leather,2008,WBSVA93588E041840,,E041840,"MSRP.3,ZPP.1,322,494,507,609,6FL,752",,"$63,625.00","Mar 8, 2008",550,,,,,,,,,,
A29 - Silverstone Metallic II,,NCSW - Black Novillo Leather,2008,WBSVA935X8E041841,,E041841,"MSRP.3,ZCW,ZPP.2,403,6FL,655",,"$61,420.00","Mar 8, 2008",550,,,,,,,,,,
300 - Alpine White,,NCSW - Black Novillo Leather,2008,WBSVA93518E041842,,E041842,"MSRP.3,ZPP.3,223,403,6FL,653",,"$60,625.00","Mar 8, 2008",,,,,,,,,,,
300 - Alpine White,,NCH1 - Silver Novillo Leather,2008,WBSVA93538E041843,,E041843,"MSRP.3,ZCW,ZPP.1,ZTP,2MT.1,302,403,6FL,752",,"$67,025.00","Mar 8, 2008",,,,,,,,,,,
A73 - Jerez Black Metallic,,NCH3 - Beige Novillo Leather,2008,WBSVA93558E041844,,E041844,"MSRP.3,ZCW,ZPP.2,ZTP,2MT.1,403,6FL,653,655,752",,"$68,120.00","Mar 8, 2008",550,,,,,,,,,,
A22 - Sparkling Graphite Metallic,,NDH3 - Beige Novillo Extended Leather,2008,WBSVA93578E041845,,E041845,"MSRP.3,ZPP.2,ZTP,2MT.1,494,6FL,653,752",,"$67,075.00","Mar 8, 2008",550/1100,,,,,,,,,,
300 - Alpine White,,NCSW - Black Novillo Leather,2008,WBSVA93598E041846,,E041846,"MSRP.3,ZCW,ZPP.3,ZTP,6FL,752",,"$64,375.00","Mar 8, 2008",,,,,,,,,,,
300 - Alpine White,,NDSW - Black Extended Novillo Leather,2008,WBSVA93508E041847,,E041847,"MSRP.3,ZPP.3,ZTP,494,507,6FL,653,655,752",,"$66,270.00","Mar 8, 2008",1100,,,,,,,,,,
A30 - Interlagos Blue Metallic,,NCH1 - Silver Novillo Leather,2008,WBSVA93528E041848,,E041848,"MSRP.3,ZTP,4MY,655",,"$61,770.00","Mar 8, 2008",550/950,,,,,,,,,,
A30 - Interlagos Blue Metallic,,NCH1 - Silver Novillo Leather,2008,WBSVA93548E041849,,E041849,"MSRP.3,ZTP,4MY,655",,"$61,770.00","Mar 8, 2008",550/950,,,,,,,,,,
A30 - Interlagos Blue Metallic,,NCH1 - Silver Novillo Leather,2008,WBSVA93508E041850,,E041850,"MSRP.3,ZTP,4MY,655",,"$61,770.00","Mar 8, 2008",550/950,,,,,,,,,,
A30 - Interlagos Blue Metallic,,NCH1 - Silver Novillo Leather,2008,WBSVA93528E041851,,E041851,"MSRP.3,ZTP,4MY,655",,"$61,770.00","Mar 8, 2008",550/950,,,,,,,,,,
A73 - Jerez Black Metallic,,NCSW - Black Novillo Leather,2008,WBSVA93548E041852,,E041852,"MSRP.3,ZCW,ZPP.3,ZTP,403,507,6FL,655",,"$65,020.00","Mar 8, 2008",550,,,,,,,,,,
A22 - Sparkling Graphite Metallic,,NCSW - Black Novillo Leather,2008,WBSVA93568E041853,,E041853,"MSRP.3,ZPP.3,ZTP,403,494,6FL,655,752",,"$66,070.00","Mar 8, 2008",550,,,,,,,,,,
668 - Jet Black,,NCSW - Black Novillo Leather,2008,WBSVA93588E041854,,E041854,"MSRP.3,ZPP.2,ZTP,403,494,6FL,752",,"$64,925.00","Mar 8, 2008",,,,,,,,,,,
A73 - Jerez Black Metallic,,NCSW - Black Novillo Leather,2008,WBSVA935X8E041855,,E041855,"MSRP.3,ZPP.1,ZTP,403,465,494,507,6FL,655,752",,"$66,895.00","Mar 8, 2008",550,,,,,,,,,,
A29 - Silverstone Metallic II,,NCSW - Black Novillo Leather,2008,WBSVA93518E041856,,E041856,"MSRP.3,ZPP.3,ZTP,403,465,494,507,6FL,655,752",,"$66,895.00","Mar 8, 2008",550,,,,,,,,,,
668 - Jet Black,,NCH2 - Fox Red Novillo Leather,2008,WBSVA93538E041857,,E041857,"MSRP.3,ZPP.3,ZTP,403,465,494,507,6FL,655",,"$64,445.00","Mar 8, 2008",,,,,,,,,,,
A75 - Melbourne Red Metallic,,NCSW - Black Novillo Leather,2008,WBSVA93558E041858,,E041858,"MSRP.3,ZPP.3,322,403,417,465,609,6FL,653,752",,"$65,225.00","Mar 8, 2008",550,,,,,,,,,,
A73 - Jerez Black Metallic,,NCSW - Black Novillo Leather,2008,WBSVA93578E041859,,E041859,"MSRP.3,ZPP.3,ZTP,403,417,465,6FL,653,655,752",,"$66,970.00","Mar 8, 2008",550,,,,,,,,,,
A73 - Jerez Black Metallic,,NCSW - Black Novillo Leather,2008,WBSVA93538E041860,,E041860,"MSRP.3,ZCW,ZPP.3,ZTP,403,507,6FL,653,655,752",,"$67,270.00","Mar 8, 2008",550,,,,,,,,,,
A29 - Silverstone Metallic II,,NCH1 - Silver Novillo Leather,2008,WBSVA93558E041861,,E041861,"MSRP.3,ZCW,ZPP.3,ZTP,403,6FL,653,655,752",,"$66,920.00","Mar 8, 2008",550,,,,,,,,,,
A29 - Silverstone Metallic II,,NCSW - Black Novillo Leather,2008,WBSVA93578E041862,,E041862,"MSRP.3,ZCW,ZPP.3,ZTP,2MT.1,403,417,507,6FL,653,752",,"$68,450.00","Mar 8, 2008",550,,,,,,,,,,
A73 - Jerez Black Metallic,,NCSW - Black Novillo Leather,2008,WBSVA93598E041863,,E041863,"MSRP.3,ZTP,2MT.1,403,465,494,4MY,507,6FL",,"$65,150.00","Mar 8, 2008",550/950,,,,,,,,,,
A29 - Silverstone Metallic II,,NCSW - Black Novillo Leather,2008,WBSVA93508E041864,,E041864,"MSRP.3,ZPP.3,ZTP,2MT.1,403,465,494,507,6FL,653,655,752",,"$68,445.00","Mar 8, 2008",550,,,,,,,,,,
A29 - Silverstone Metallic II,,NCSW - Black Novillo Leather,2008,WBSVA93528E041865,,E041865,"MSRP.3,ZCW,ZPP.1,ZTP,2MT.1,403,417,507,6FL,653,655,752",,"$69,045.00","Mar 8, 2008",550,,,,,,,,,,
668 - Jet Black,,NCH3 - Beige Novillo Leather,2008,WBSVA93548E041866,,E041866,"MSRP.3,ZPP.3,ZTP,403,465,494,6FL,655,752",,"$65,995.00","Mar 8, 2008",,,,,,,,,,,
A22 - Sparkling Graphite Metallic,,NDH2 - Fox Red Extended Leather,2008,WBSVA93568E041867,,E041867,"MSRP.3,ZPP.3,ZTP,2MT.1,403,417,465,494,507,6FL,653,655,752",,"$70,120.00","Mar 10, 2008",550/1100,,,,,,,,,,
A22 - Sparkling Graphite Metallic,,NCH1 - Silver Novillo Leather,2008,WBSVA93588E041868,,E041868,"MSRP.3,ZCW,ZPP.3,ZTP,2MT.1,403,6FL,655,752",,"$67,770.00","Mar 10, 2008",550,,,,,,,,,,
300 - Alpine White,,NCSW - Black Novillo Leather,2008,WBSVA935X8E041869,,E041869,"MSRP.3,ZPP.3,ZTP,403,417,494,507,6FL,653,655,752",,"$66,795.00","Mar 10, 2008",,https://bringatrailer.com/listing/2008-bmw-m3-sedan-53/,,,,,,,,,
A73 - Jerez Black Metallic,,NCSW - Black Novillo Leather,2008,WBSVA93568E041870,,E041870,"MSRP.3,ZCW,ZPP.1,ZTP,2MT.1,6FL,653,655,752",,"$67,070.00","Mar 10, 2008",550,,,,,,,,,,
A73 - Jerez Black Metallic,,NCH1 - Silver Novillo Leather,2008,WBSVA93588E041871,,E041871,"MSRP.3,ZCW,ZPP.3,ZTP,2MT.1,507,6FL,653,655,752",,"$67,420.00","Mar 10, 2008",550,,,,,,,,,,
A73 - Jerez Black Metallic,,NCSW - Black Novillo Leather,2008,WBSVA935X8E041872,,E041872,"MSRP.3,ZCW,ZPP.1,ZTP,655,752",,"$65,120.00","Mar 10, 2008",550,,,,,,,,,,
A75 - Melbourne Red Metallic,,NDSW - Black Extended Novillo Leather,2008,WBSVA93518E041873,,E041873,"MSRP.3,ZCW,ZPP.2,ZTP,2MT.1,417,6FL,655,752",,"$68,395.00","Mar 10, 2008",550/1100,,,,,,,,,,
300 - Alpine White,,NCSW - Black Novillo Leather,2008,WBSVA93538E041874,,E041874,"MSRP.3,ZCW,ZPP.3,ZTP,2MT.1,403,417,507,6FL,653,655,752",,"$68,495.00","Mar 10, 2008",,,,,,,,,,,
A22 - Sparkling Graphite Metallic,,NCSW - Black Novillo Leather,2008,WBSVA93558E041875,,E041875,"MSRP.3,ZCW,ZPP.1,ZTP,6FL,655,752",,"$65,520.00","Mar 10, 2008",550,,,,,,,,,,
A73 - Jerez Black Metallic,,NCSW - Black Novillo Leather,2008,WBSVA93578E041876,,E041876,"MSRP.3,ZCW,ZPP.3,ZTP,6FL,655,752",,"$65,520.00","Mar 10, 2008",550,,,,,,,,,,
A73 - Jerez Black Metallic,,NCSW - Black Novillo Leather,2008,WBSVA93598E041877,,E041877,"MSRP.3,ZCW,ZPP.3,ZTP,655,752",,"$65,120.00","Mar 10, 2008",550,,,,,,,,,,
A73 - Jerez Black Metallic,,NCSW - Black Novillo Leather,2008,WBSVA93508E041878,,E041878,"MSRP.3,ZCW,ZPP.3,ZTP,655,752",,"$65,120.00","Mar 10, 2008",550,,,,,,,,,,
A30 - Interlagos Blue Metallic,,NCH3 - Beige Novillo Leather,2008,WBSVA93528E041879,,E041879,"MSRP.3,ZCW,ZPP.3,ZTP,2MT.1,403,507,6FL,655,752",,"$68,120.00","Mar 10, 2008",550,,,,,,,,,,
A73 - Jerez Black Metallic,,NCSW - Black Novillo Leather,2008,WBSVA93598E041880,,E041880,"MSRP.3,ZCW,ZPP.3,2MT.1,403,609,6FL,752",,"$66,025.00","Mar 10, 2008",550,,,,,,,,,,
A75 - Melbourne Red Metallic,,NCH3 - Beige Novillo Leather,2008,WBSVA93508E041881,,E041881,"MSRP.3,ZPP.1,ZTP,2MT.1,403,494,507,6FL,653,655,752",,"$67,970.00","Mar 10, 2008",550,,,,,,,,,,
A75 - Melbourne Red Metallic,,NDSW - Black Extended Novillo Leather,2008,WBSVA93528E041882,,E041882,"MSRP.3,ZPP.3,ZTP,403,494,6FL,653,655,752",,"$67,520.00","Mar 10, 2008",550/1100,,,,,,,,,,
A73 - Jerez Black Metallic,,NCSW - Black Novillo Leather,2008,WBSVA93548E041883,,E041883,"MSRP.3,ZCW,ZPP.3,ZTP,403,417,6FL,653,655,752",,"$67,495.00","Mar 10, 2008",550,,,,,,,,,,
668 - Jet Black,,NCH3 - Beige Novillo Leather,2008,WBSVA93568E041884,,E041884,"MSRP.3,ZPP.2,ZTP,403,507,6FL,653,655,752",,"$65,720.00","Mar 10, 2008",,,,,,,,,,,
A73 - Jerez Black Metallic,,NCSW - Black Novillo Leather,2008,WBSVA93588E041885,,E041885,"MSRP.3,ZCW,ZPP.3,ZTP,2MT.1,403,6FL,653",,"$65,625.00","Mar 10, 2008",550,,,,,,,,,,
A73 - Jerez Black Metallic,,NCSW - Black Novillo Leather,2008,WBSVA935X8E041886,,E041886,"MSRP.3,ZPP.1,ZTP,2MT.1,403,6FL,655,752",,"$66,770.00","Mar 10, 2008",550,,,,,,,,,,
A29 - Silverstone Metallic II,,NCSW - Black Novillo Leather,2008,WBSVA93518E041887,,E041887,"MSRP.3,ZCW,ZPP.1,ZTP,403,507,6FL,653,655,752",,"$67,270.00","Mar 10, 2008",550,,,,,,,,,,
A73 - Jerez Black Metallic,,NCH1 - Silver Novillo Leather,2008,WBSVA93538E041888,,E041888,"MSRP.3,ZCW,ZPP.3,ZTP,2MT.1,403,417,507,6FL,653,655,752",,"$69,045.00","Mar 10, 2008",550,,,,,,,,,,
A29 - Silverstone Metallic II,,NCSW - Black Novillo Leather,2008,WBSVA93558E041889,,E041889,"MSRP.3,ZPP.3,ZTP,403,494,653",,"$63,525.00","Mar 10, 2008",550,,,,,,,,,,
668 - Jet Black,,NCSW - Black Novillo Leather,2008,WBSVA93518E041890,,E041890,"MSRP.3,ZCW,ZPP.3,ZTP,403,417,507,6FL,653,655,752",,"$67,295.00","Mar 10, 2008",,,,,,,,,,,
668 - Jet Black,,NCSW - Black Novillo Leather,2008,WBSVA93538E041891,,E041891,"MSRP.3,ZPP.3,ZTP,403,494,6FL,655,752",,"$65,520.00","Mar 10, 2008",,,,,,,,,,,
300 - Alpine White,,NCSW - Black Novillo Leather,2008,WBSVA93558E041892,,E041892,"MSRP.3,ZPP.3,ZTP,403,494,6FL,653,655,752",,"$65,870.00","Mar 10, 2008",,,,,,,,,,,
A73 - Jerez Black Metallic,,NCSW - Black Novillo Leather,2008,WBSVA93578E041893,,E041893,"MSRP.3,ZCW,ZPP.3,ZTP,2MT.1,403,6FL,653,655,752",,"$68,120.00","Mar 10, 2008",550,,,,,,,,,,
668 - Jet Black,,NCSW - Black Novillo Leather,2008,WBSVA93598E041894,,E041894,"MSRP.3,ZCW,ZPP.3,ZTP,403,417,507,6FL,653,655,752",,"$67,295.00","Mar 10, 2008",,,,,,,,,,,
668 - Jet Black,,NCSW - Black Novillo Leather,2008,WBSVA93508E041895,,E041895,"MSRP.3,ZCW,ZPP.3,ZTP,2MT.1,403,6FL,653,655,752",,"$67,570.00","Mar 11, 2008",,,,,,,,,,,
668 - Jet Black,,NCSW - Black Novillo Leather,2008,WBSVA93528E041896,,E041896,"MSRP.3,ZCW,ZPP.1,ZTP,2MT.1,403,417,507,6FL,655,752",,"$68,145.00","Mar 11, 2008",,,,,,,,,,,
A22 - Sparkling Graphite Metallic,,NCSW - Black Novillo Leather,2008,WBSVA93548E041897,,E041897,"MSRP.3,ZCW,ZPP.3,ZTP,2MT.1,403,6FL,653,655,752",,"$68,120.00","Mar 11, 2008",550,,,,,,,,,,
A73 - Jerez Black Metallic,,NCSW - Black Novillo Leather,2008,WBSVA93568E041898,,E041898,"MSRP.3,ZPP.1,ZTP,403,494,507",,"$63,525.00","Mar 11, 2008",550,,,,,,,,,,
A73 - Jerez Black Metallic,,NCSW - Black Novillo Leather,2008,WBSVA93588E041899,,E041899,"MSRP.3,ZCW,ZPP.3,ZTP,2MT.1,403,6FL,653,655",,"$66,220.00","Mar 11, 2008",550,,,,,,,,,,
A29 - Silverstone Metallic II,,NCSW - Black Novillo Leather,2008,WBSVA93508E041900,,E041900,"MSRP.3,ZCW,ZPP.1,ZTP,653,655,752",,"$65,470.00","Mar 11, 2008",550,,,,,,,,,,
300 - Alpine White,,NCSW - Black Novillo Leather,2008,WBSVA93528E041901,,E041901,"MSRP.3,ZPP.3,403,494,6FL",,"$59,775.00","Mar 11, 2008",,,,,,,,,,,
300 - Alpine White,,NCSW - Black Novillo Leather,2008,WBSVA93548E041902,,E041902,"MSRP.3,ZCW,ZPP.3,ZTP,6FL,655,752",,"$64,970.00","Mar 11, 2008",,,,,,,,,,,
300 - Alpine White,,NCSW - Black Novillo Leather,2008,WBSVA93568E041903,,E041903,"MSRP.3,ZCW,ZPP.3,ZTP,6FL,655,752",,"$64,970.00","Mar 11, 2008",,,,,,,,,,,
668 - Jet Black,,NDSW - Black Extended Novillo Leather,2008,WBSVA93588E041904,,E041904,"MSRP.3,ZPP.3,ZTP,2MT.1,403,494,507,6FL,655,752",,"$68,170.00","Mar 11, 2008",1100,,,,,,,,,,
A73 - Jerez Black Metallic,,NCSW - Black Novillo Leather,2008,WBSVA935X8E041905,,E041905,"MSRP.3,ZCW,ZPP.2,ZTP,6FL,752",,"$64,925.00","Mar 11, 2008",550,,,,,,,,,,
A29 - Silverstone Metallic II,,NCSW - Black Novillo Leather,2008,WBSVA93518E041906,,E041906,"MSRP.3,ZCW,ZPP.3,ZTP,2MT.1,6FL,655",,"$64,820.00","Mar 11, 2008",550,,,,,,,,,,
A29 - Silverstone Metallic II,,NCH1 - Silver Novillo Leather,2008,WBSVA93538E041907,,E041907,"MSRP.3,ZCW,ZPP.1,ZTP,655,752",,"$65,120.00","Mar 11, 2008",550,,,,,,,,,,
A29 - Silverstone Metallic II,,NCH1 - Silver Novillo Leather,2008,WBSVA93558E041908,,E041908,"MSRP.3,ZCW,ZPP.1,ZTP,655,752",,"$65,120.00","Mar 11, 2008",550,,,,,,,,,,
A29 - Silverstone Metallic II,,NCH1 - Silver Novillo Leather,2008,WBSVA93578E041909,,E041909,"MSRP.3,ZCW,ZPP.1,ZTP,655,752",,"$65,120.00","Mar 11, 2008",550,,,,,,,,,,
A29 - Silverstone Metallic II,,NCSW - Black Novillo Leather,2008,WBSVA93538E041910,,E041910,"MSRP.3,ZCW,ZPP.1,ZTP,403,417,507,6FL,653,655,752",,"$67,845.00","Mar 11, 2008",550,,,,,,,,,,
300 - Alpine White,,NDSW - Black Extended Novillo Leather,2008,WBSVA93558E041911,,E041911,"MSRP.3,ZCW,ZPP.1,ZTP,2MT.1,403,417,507,6FL,653,655,752",,"$69,595.00","Mar 11, 2008",1100,,,,,,,,,,
A30 - Interlagos Blue Metallic,,NDH3 - Beige Novillo Extended Leather,2008,WBSVA93578E041912,,E041912,"MSRP.3,ZCW,ZPP.3,ZTP,2MT.1,403,417,507,6FL,653,655,752",,"$70,145.00","Mar 11, 2008",550/1100,,,,,,,,,,
A73 - Jerez Black Metallic,,NDSW - Black Extended Novillo Leather,2008,WBSVA93598E041913,,E041913,"MSRP.3,ZCW,ZPP.3,ZTP,2MT.1,403,417,507,6FL,653,655,752",,"$70,145.00","Mar 11, 2008",550/1100,,,,,,,,,,
A75 - Melbourne Red Metallic,,NCSW - Black Novillo Leather,2008,WBSVA93508E041914,,E041914,"MSRP.3,ZCW,ZPP.3,ZTP,403,417,507,6FL,653,655,752",,"$67,845.00","Mar 11, 2008",550,,,,,,,,,,
300 - Alpine White,,NCH3 - Beige Novillo Leather,2008,WBSVA93528E041915,,E041915,"MSRP.3,ZCW,ZPP.3,ZTP,403,507,6FL,655,752",,"$66,370.00","Mar 11, 2008",,,,,,,,,,,
A22 - Sparkling Graphite Metallic,,NCSW - Black Novillo Leather,2008,WBSVA93548E041916,,E041916,"MSRP.3,ZCW,322,403,4MX,609,6FL,6NF,655,752",,"$65,120.00","Mar 12, 2008",550/950,,,,,,,,,,
A30 - Interlagos Blue Metallic,,NCSW - Black Novillo Leather,2008,WBSVA93568E041917,,E041917,"MSRP.3,ZCW,ZPP.3,ZTP,403,417,507,6FL,653,655,752",,"$67,845.00","Mar 11, 2008",550,,,,,,,,,,
300 - Alpine White,,NCH1 - Silver Novillo Leather,2008,WBSVA93588E041918,,E041918,"MSRP.3,ZCW,ZPP.3,ZTP,403,6FL,655,752",,"$66,020.00","Mar 11, 2008",,,,,,,,,,,
A29 - Silverstone Metallic II,,NDH1 - Silver Novillo Extended Leather,2008,WBSVA935X8E041919,,E041919,"MSRP.3,ZCW,ZPP.3,ZTP,2MT.1,403,417,507,6FL,653,655,752",,"$70,145.00","Mar 11, 2008",550/1100,,,,,,,,,,
A73 - Jerez Black Metallic,,NCSW - Black Novillo Leather,2008,WBSVA93568E041920,,E041920,"MSRP.3,ZCW,ZPP.3,ZTP,403,417,6FL,655",,"$65,245.00","Mar 11, 2008",550,,,,,,,,,,
A29 - Silverstone Metallic II,,NDH1 - Silver Novillo Extended Leather,2008,WBSVA93588E041921,,E041921,"MSRP.3,ZPP.1,403,494,609,6FL",,"$63,525.00","Mar 11, 2008",550/1100,,,,,,,,,,
668 - Jet Black,,NCSW - Black Novillo Leather,2008,WBSVA935X8E041922,,E041922,"MSRP.3,ZCW,ZPP.3,ZTP,403,655,752",,"$65,620.00","Mar 11, 2008",,,,,,,,,,,
A73 - Jerez Black Metallic,,NCSW - Black Novillo Leather,2008,WBSVA93518E041923,,E041923,"MSRP.3,ZCW,ZPP.3,ZTP,403,6FL,655,752",,"$66,570.00","Mar 12, 2008",550,,,,,,,,,,
A73 - Jerez Black Metallic,,NCSW - Black Novillo Leather,2008,WBSVA93538E041924,,E041924,"MSRP.3,ZCW,ZPP.3,ZTP,403,507,6FL,655,752",,"$66,920.00","Mar 12, 2008",550,,,,,,,,,,
300 - Alpine White,,NCSW - Black Novillo Leather,2008,WBSVA93558E041925,,E041925,"MSRP.3,ZCW,ZPP.3,ZTP,2MT.1,403,507,6FL,653,655,752",,"$67,920.00","Mar 12, 2008",,,,,,,,,,,
A73 - Jerez Black Metallic,,NCSW - Black Novillo Leather,2008,WBSVA93578E041926,,E041926,"MSRP.3,ZCW,ZPP.3,ZTP,403,6FL,752",,"$65,975.00","Mar 12, 2008",550,,,,,,,,,,
A73 - Jerez Black Metallic,,NCSW - Black Novillo Leather,2008,WBSVA93598E041927,,E041927,"MSRP.3,ZCW,ZPP.3,ZTP,403,507,6FL,653",,"$64,775.00","Mar 12, 2008",550,,,,,,,,,,
A73 - Jerez Black Metallic,,NDSW - Black Extended Novillo Leather,2008,WBSVA93508E041928,,E041928,"MSRP.3,ZCW,ZPP.3,ZTP,2MT.1,403,417,507,6FL,653,655,752",,"$70,145.00","Mar 12, 2008",550/1100,,,,,,,,,,
300 - Alpine White,,NCH2 - Fox Red Novillo Leather,2008,WBSVA93528E041929,,E041929,"MSRP.3,ZCW,ZPP.2,ZTP,2MT.1,403,417,507,6FL,653,655,752",,"$68,495.00","Mar 12, 2008",,,,,,,,,,,
A22 - Sparkling Graphite Metallic,,NCSW - Black Novillo Leather,2008,WBSVA93598E041930,,E041930,"MSRP.3,ZCW,ZPP.2,ZTP,403,6FL,655,752",,"$66,570.00","Mar 12, 2008",550,,,,,,,,,,
668 - Jet Black,,NCSW - Black Novillo Leather,2008,WBSVA93508E041931,,E041931,"MSRP.3,ZCW,ZPP.3,ZTP,403,6FL,655",,"$64,120.00","Mar 12, 2008",,,,,,,,,,,
A73 - Jerez Black Metallic,,NCSW - Black Novillo Leather,2008,WBSVA93528E041932,,E041932,"MSRP.3,ZCW,ZPP.2,ZTP,403,6FL,655",,"$64,670.00","Mar 12, 2008",550,,,,,,,,,,
A30 - Interlagos Blue Metallic,,NCH3 - Beige Novillo Leather,2008,WBSVA93548E041933,,E041933,"MSRP.3,ZCW,ZPP.2,223,507,6FL,653,655",,"$62,070.00","Mar 12, 2008",550,,,,,,,,,,
A29 - Silverstone Metallic II,,NCSW - Black Novillo Leather,2008,WBSVA93568E041934,,E041934,"MSRP.3,ZCW,ZPP.3,223,403,6FL,655",,"$62,420.00","Mar 12, 2008",550,,,,,,,,,,
A73 - Jerez Black Metallic,,NDSW - Black Extended Novillo Leather,2008,WBSVA93588E041935,,E041935,"MSRP.3,ZCW,ZPP.3,ZTP,2MT.1,403,417,507,6FL,653,752",,"$69,550.00","Mar 12, 2008",550/1100,,,,,,,,,,
A30 - Interlagos Blue Metallic,,NCSW - Black Novillo Leather,2008,WBSVA935X8E041936,,E041936,"MSRP.3,ZPP.3,2MT.1,223,403,507,6FL",,"$62,375.00","Mar 12, 2008",550,,,,,,,,,,
A29 - Silverstone Metallic II,,NCSW - Black Novillo Leather,2008,WBSVA93518E041937,,E041937,"MSRP.3,ZCW,ZPP.3,609,6FL,655",,"$62,470.00","Mar 12, 2008",550,,,,,,,,,,
A29 - Silverstone Metallic II,,NCH1 - Silver Novillo Leather,2008,WBSVA93538E041938,,E041938,"MSRP.3,ZCW,ZPP.1,ZTP,655,752",,"$65,120.00","Mar 12, 2008",550,,,,,,,,,,
300 - Alpine White,,NCSW - Black Novillo Leather,2008,WBSVA93558E041939,,E041939,"MSRP.3,ZCW,ZPP.1,ZTP,2MT.1,403,6FL,655",,"$65,320.00","Mar 12, 2008",,,,,,,,,,,
A29 - Silverstone Metallic II,,NCSW - Black Novillo Leather,2008,WBSVA93518E041940,,E041940,"MSRP.3,ZCW,ZPP.3,ZTP,403,417,507,6FL,655,752",,"$67,495.00","Mar 12, 2008",550,,,,,,,,,,
A22 - Sparkling Graphite Metallic,,NCSW - Black Novillo Leather,2008,WBSVA93538E041941,,E041941,"MSRP.3,ZCW,ZPP.3,ZTP,403,417,507,6FL,653,655,752",,"$67,845.00","Mar 12, 2008",550,,,,,,,,,,
300 - Alpine White,,NCSW - Black Novillo Leather,2008,WBSVA93558E041942,,E041942,"MSRP.3,ZCW,ZPP.3,ZTP,2MT.1,403,417",,"$64,900.00","Mar 12, 2008",,,,,,,,,,,
A73 - Jerez Black Metallic,,NCH1 - Silver Novillo Leather,2008,WBSVA93578E041943,,E041943,"MSRP.3,ZCW,ZPP.3,ZTP,403,507,6FL,653,655,752",,"$67,270.00","Mar 12, 2008",550,,,,,,,,,,
A73 - Jerez Black Metallic,,NCSW - Black Novillo Leather,2008,WBSVA93598E041944,,E041944,"MSRP.3,ZCW,ZPP.3,ZTP,403,417,507,6FL,653,655,752",,"$67,845.00","Mar 12, 2008",550,,,,,,,,,,
300 - Alpine White,,NCSW - Black Novillo Leather,2008,WBSVA93508E041945,,E041945,"MSRP.3,ZCW,ZPP.2,ZTP,2MT.1,403,6FL,653,752",,"$66,975.00","Mar 12, 2008",,,,,,,,,,,
A73 - Jerez Black Metallic,,NCSW - Black Novillo Leather,2008,WBSVA93528E041946,,E041946,"MSRP.3,ZCW,ZPP.3,ZTP,403,6FL,653,655,752",,"$66,920.00","Mar 13, 2008",550,,,,,,,,,,
668 - Jet Black,,NCSW - Black Novillo Leather,2008,WBSVA93548E041947,,E041947,"MSRP.3,ZCW,ZPP.3,ZTP,403,6FL,752",,"$65,425.00","Mar 13, 2008",,,,,,,,,,,
A30 - Interlagos Blue Metallic,,NCSW - Black Novillo Leather,2008,WBSVA93568E041948,,E041948,"MSRP.3,ZCW,ZPP.1,ZTP,403,6FL,653,655",,"$65,020.00","Mar 13, 2008",550,,,,,,,,,,
A73 - Jerez Black Metallic,,NCSW - Black Novillo Leather,2008,WBSVA93588E041949,,E041949,"MSRP.3,ZCW,ZPP.3,ZTP,403,6FL,655,752",,"$66,570.00","Mar 13, 2008",550,,,,,,,,,,
668 - Jet Black,,NCSW - Black Novillo Leather,2008,WBSVA93548E041950,,E041950,"MSRP.3,ZCW,ZPP.3,ZTP,403,6FL,655",,"$64,120.00","Mar 13, 2008",,,,,,,,,,,
A73 - Jerez Black Metallic,,NCH3 - Beige Novillo Leather,2008,WBSVA93568E041951,,E041951,"MSRP.3,ZCW,ZPP.3,ZTP,302,403,507,6FL,653,655",,"$65,770.00","Mar 13, 2008",550,,,,,,,,,,
300 - Alpine White,,NCH1 - Silver Novillo Leather,2008,WBSVA93588E041952,,E041952,"MSRP.3,ZCW,ZPP.3,ZTP,403,417,507,6FL,653,655,752",,"$67,295.00","Mar 13, 2008",,,,,,,,,,,
A22 - Sparkling Graphite Metallic,,NDSW - Black Extended Novillo Leather,2008,WBSVA935X8E041953,,E041953,"MSRP.3,ZCW,ZPP.3,ZTP,403,417,507,6FL,655,752",,"$68,595.00","Mar 13, 2008",550/1100,,,,,,,,,,
A22 - Sparkling Graphite Metallic,,NCSW - Black Novillo Leather,2008,WBSVA93518E041954,,E041954,"MSRP.3,ZCW,ZPP.3,ZTP,403,507,6FL,655,752",,"$66,920.00","Mar 13, 2008",550,,,,,,,,,,
A29 - Silverstone Metallic II,,NCSW - Black Novillo Leather,2008,WBSVA93538E041955,,E041955,"MSRP.3,ZCW,ZPP.1,ZTP,403,6FL,653,655,752",,"$66,920.00","Mar 13, 2008",550,,,,,,,,,,
A29 - Silverstone Metallic II,,NCSW - Black Novillo Leather,2008,WBSVA93558E041956,,E041956,"MSRP.3,ZCW,ZPP.3,ZTP,302,403,6FL,653,752",,"$66,725.00","Mar 13, 2008",550,,,,,,,,,,
300 - Alpine White,,NCSW - Black Novillo Leather,2008,WBSVA93578E041957,,E041957,"MSRP.3,ZCW,ZPP.3,ZTP,403,417,507,6FL,653,655,752",,"$67,295.00","Mar 13, 2008",,,,,,,,,,,
300 - Alpine White,,NDH3 - Beige Novillo Extended Leather,2008,WBSVA93598E041958,,E041958,"MSRP.3,ZCW,ZPP.2,ZTP,2MT.1,403,507,6FL,655,752",,"$68,670.00","Mar 13, 2008",1100,,,,,,,,,,
300 - Alpine White,,NCSW - Black Novillo Leather,2008,WBSVA93508E041959,,E041959,"MSRP.3,ZCW,ZPP.3,ZTP,403,6FL",,"$63,525.00","Mar 13, 2008",,,,,,,,,,,
A29 - Silverstone Metallic II,,NCSW - Black Novillo Leather,2008,WBSVA93578E041960,,E041960,"MSRP.3,ZCW,ZPP.1,ZTP,403,417,507,6FL,653,655,752",,"$67,845.00","Mar 13, 2008",550,,,,,,,,,,
A22 - Sparkling Graphite Metallic,,NDSW - Black Extended Novillo Leather,2008,WBSVA93598E041961,,E041961,"MSRP.3,ZCW,ZPP.2,ZTP,403,507,6FL,655,752",,"$68,020.00","Mar 13, 2008",550/1100,,,,,,,,,,
A73 - Jerez Black Metallic,,NCSW - Black Novillo Leather,2008,WBSVA93508E041962,,E041962,"MSRP.3,ZPP.1,403,6FL",,"$59,825.00","Mar 13, 2008",550,,,,,,,,,,
A22 - Sparkling Graphite Metallic,,NDH3 - Beige Novillo Extended Leather,2008,WBSVA93528E041963,,E041963,"MSRP.3,ZCW,ZPP.2,ZTP,2MT.1,507,655",,"$65,870.00","Mar 13, 2008",550/1100,,,,,,,,,,
A22 - Sparkling Graphite Metallic,,GEAT - Anthracite/Black Cloth & Leather,2008,WBSVA93548E041964,,E041964,"MSRP.3,403,494,4MZ,6FL,655",,"$59,520.00","Mar 13, 2008",550,,,,,,,,,,
300 - Alpine White,,NCH2 - Fox Red Novillo Leather,2008,WBSVA93568E041965,,E041965,"MSRP.3,ZCW,ZPP.3,302,322,403,417,507,6FL,752",,"$63,500.00","Mar 13, 2008",,,,,,,,,,,
300 - Alpine White,,NCSW - Black Novillo Leather,2008,WBSVA93588E041966,,E041966,"MSRP.3,ZCW,ZPP.1,ZTP,2MT.1,403,507,6FL,752",,"$66,975.00","Mar 13, 2008",,,,,,,,,,,
A73 - Jerez Black Metallic,,NCSW - Black Novillo Leather,2008,WBSVA935X8E041967,,E041967,"MSRP.3,ZCW,ZPP.3,ZTP,2MT.1,403,6FL,655,752",,"$67,770.00","Mar 13, 2008",550,,,,,,,,,,
A73 - Jerez Black Metallic,,NCSW - Black Novillo Leather,2008,WBSVA93518E041968,,E041968,"MSRP.3,ZCW,ZPP.1,2MT.1,223,507,6FL",,"$62,325.00","Mar 13, 2008",550,,,,,,,,,,
668 - Jet Black,,NCSW - Black Novillo Leather,2008,WBSVA93538E041969,,E041969,"MSRP.3,ZCW,ZPP.3,302,322,403,6FL,752",,"$62,575.00","Mar 13, 2008",,,,,,,,,,,
668 - Jet Black,,NCSW - Black Novillo Leather,2008,WBSVA935X8E041970,,E041970,"MSRP.3,ZCW,ZTP,2MT.1,6FL,752,771",,"$64,625.00","Mar 13, 2008",950,,,,,,,,,,
A29 - Silverstone Metallic II,,NDH1 - Silver Novillo Extended Leather,2008,WBSVA93518E041971,,E041971,"MSRP.3,ZCW,ZPP.1,ZTP,2MT.1,403,417,507,6FL,653,655,752",,"$70,145.00","Mar 13, 2008",550/1100,,,,,,,,,,
A22 - Sparkling Graphite Metallic,,NCSW - Black Novillo Leather,2008,WBSVA93538E041972,,E041972,"MSRP.3,ZCW,ZPP.3,ZTP,403,6FL,752",,"$65,975.00","Mar 14, 2008",550,,,,,,,,,,
668 - Jet Black,,NCH1 - Silver Novillo Leather,2008,WBSVA93558E041973,,E041973,"MSRP.3,ZCW,ZPP.3,ZTP,403,6FL,655,752",,"$66,020.00","Mar 14, 2008",,,,,,,,,,,
A30 - Interlagos Blue Metallic,,NCSW - Black Novillo Leather,2008,WBSVA93578E041974,,E041974,"MSRP.3,ZCW,ZPP.1,ZTP,403,6FL,653,655,752",,"$66,920.00","Mar 14, 2008",550,,,,,,,,,,
300 - Alpine White,,NDH1 - Silver Novillo Extended Leather,2008,WBSVA93598E041975,,E041975,"MSRP.3,ZCW,ZPP.3,ZTP,2MT.1,403,417,507,6FL,653,655,752",,"$69,595.00","Mar 14, 2008",1100,,,,,,,,,,
300 - Alpine White,,NCH2 - Fox Red Novillo Leather,2008,WBSVA93508E041976,,E041976,"MSRP.3,ZPP.3,ZTP,403,494,6FL,653",,"$63,375.00","Mar 14, 2008",,,,,,,,,,,
A22 - Sparkling Graphite Metallic,,NCSW - Black Novillo Leather,2008,WBSVA93528E041977,,E041977,"MSRP.3,ZCW,ZPP.2,403,609,6FL",,"$62,925.00","Mar 14, 2008",550,,,,,,,,,,
A22 - Sparkling Graphite Metallic,,NCSW - Black Novillo Leather,2008,WBSVA93548E041978,,E041978,"MSRP.3,ZCW,ZPP.3,2MT.1,302,322,403,417,507,609,6FL,655,752",,"$67,945.00","Mar 14, 2008",550,,,,,,,,,,
A73 - Jerez Black Metallic,,NCSW - Black Novillo Leather,2008,WBSVA93568E041979,,E041979,"MSRP.3,ZCW,ZPP.3,2MT.1,302,322,403,417,507,609,6FL,655,752",,"$67,945.00","Mar 14, 2008",550,,,,,,,,,,
A22 - Sparkling Graphite Metallic,,NCSW - Black Novillo Leather,2008,WBSVA93528E041980,,E041980,"MSRP.3,ZCW,ZPP.3,302,322,403,417,507,609,6FL,655,752",,"$66,745.00","Mar 14, 2008",550,,,,,,,,,,
300 - Alpine White,,NCSW - Black Novillo Leather,2008,WBSVA93548E041981,,E041981,"MSRP.3,ZCW,ZPP.1,2MT.1,302,322,403,417,507,609,6FL,752",,"$66,800.00","Mar 14, 2008",,,,,,,,,,,
A73 - Jerez Black Metallic,,NCSW - Black Novillo Leather,2008,WBSVA93568E041982,,E041982,"MSRP.3,ZCW,ZPP.1,ZTP,2MT.1,302,403,417,507,6FL,655,752",,"$69,095.00","Mar 14, 2008",550,,,,,,,,,,
300 - Alpine White,,NCH2 - Fox Red Novillo Leather,2008,WBSVA93588E041983,,E041983,"MSRP.3,ZCW,ZPP.1,ZTP,2MT.1,302,403,417,507,6FL,655,752",,"$68,545.00","Mar 14, 2008",,,,,,,,,,,
A73 - Jerez Black Metallic,,NDH3 - Beige Novillo Extended Leather,2008,WBSVA935X8E041984,,E041984,"MSRP.3,ZCW,ZPP.3,ZTP,2MT.1,302,403,417,507,6FL,752",,"$69,600.00","Mar 14, 2008",550/1100,,,,,,,,,,
300 - Alpine White,,NCSW - Black Novillo Leather,2008,WBSVA93518E041985,,E041985,"MSRP.3,ZCW,ZPP.1,302,322,403,417,507,609,6FL,6NF,752",,"$65,750.00","Mar 14, 2008",,,,,,,,,,,
300 - Alpine White,,NCSW - Black Novillo Leather,2008,WBSVA93538E041986,,E041986,"MSRP.3,ZCW,ZPP.3,2MT.1,302,322,403,417,507,609,6FL,752",,"$66,800.00","Mar 14, 2008",,,,,,,,,,,
668 - Jet Black,,NCH2 - Fox Red Novillo Leather,2008,WBSVA93558E041987,,E041987,"MSRP.3,ZCW,ZPP.3,2MT.1,302,322,403,417,507,609,6FL,655,752",,"$67,395.00","Mar 14, 2008",,,,,,,,,,,
300 - Alpine White,,NCSW - Black Novillo Leather,2008,WBSVA93578E041988,,E041988,"MSRP.3,ZCW,ZPP.3,302,322,403,417,507,609,6FL,655,752",,"$66,195.00","Mar 14, 2008",,,,,,,,,,,
A73 - Jerez Black Metallic,,NCH3 - Beige Novillo Leather,2008,WBSVA93598E041989,,E041989,"MSRP.3,ZCW,ZPP.3,2MT.1,302,322,403,417,507,609,6FL,655,752",,"$67,945.00","Mar 14, 2008",550,,,,,,,,,,
A75 - Melbourne Red Metallic,,NCSW - Black Novillo Leather,2008,WBSVA93558E041990,,E041990,"MSRP.3,ZCW,ZPP.1,302,322,403,417,507,609,6FL,655,752",,"$66,745.00","Mar 14, 2008",550,,,,,,,,,,
A30 - Interlagos Blue Metallic,,NCSW - Black Novillo Leather,2008,WBSVA93578E041991,,E041991,"MSRP.3,ZCW,ZPP.1,2MT.1,302,322,403,417,507,609,6FL,655,752",,"$67,945.00","Mar 14, 2008",550,,,,,,,,,,
300 - Alpine White,,NCSW - Black Novillo Leather,2008,WBSVA93598E041992,,E041992,"MSRP.3,ZCW,ZPP.1,2MT.1,302,322,403,417,507,609,6FL,752",,"$66,800.00","Mar 14, 2008",,,,,,,,,,,
A73 - Jerez Black Metallic,,NDSW - Black Extended Novillo Leather,2008,WBSVA93508E041993,,E041993,"MSRP.3,ZCW,ZPP.1,2MT.1,302,322,403,417,507,609,6FL,752",,"$68,450.00","Mar 14, 2008",550/1100,,,,,,,,,,
300 - Alpine White,,NCH1 - Silver Novillo Leather,2008,WBSVA93528E041994,,E041994,"MSRP.3,ZCW,ZPP.1,ZTP,403,417,507,6FL,653,655,752",,"$67,295.00","Mar 14, 2008",,,,,,,,,,,
A73 - Jerez Black Metallic,,NCSW - Black Novillo Leather,2008,WBSVA93548E041995,,E041995,"MSRP.3,223,4MY,655",,"$59,520.00","Mar 14, 2008",550/950,,,,,,,,,,
A29 - Silverstone Metallic II,,NCH1 - Silver Novillo Leather,2008,WBSVA93568E041996,,E041996,"MSRP.3,ZCW,ZPP.1,2MT.1,223,417,6FL",,"$62,550.00","Mar 15, 2008",550,,,,,,,,,,
668 - Jet Black,,NCSW - Black Novillo Leather,2008,WBSVA93588E041997,,E041997,"MSRP.3,ZPP.3,ZTP,2MT.1,403,494,6FL,653,655,752",,"$67,070.00","Mar 15, 2008",,,,,,,,,,,
300 - Alpine White,,NCH3 - Beige Novillo Leather,2008,WBSVA935X8E041998,,E041998,"MSRP.3,ZPP.2,ZTP,2MT.1,403,417,494,653,655",,"$65,345.00","Mar 15, 2008",,,,,,,,,,,
668 - Jet Black,,NCSW - Black Novillo Leather,2008,WBSVA93518E041999,,E041999,"MSRP.3,ZPP.3,494,6FL",,"$58,725.00","Mar 15, 2008",,,,,,,,,,,
,,,2008,VIN SKIP,C55,,,,#VALUE!,,,,,,,,,,,,
668 - Jet Black,,NCH3 - Beige Novillo Leather,2008,WBSVA93528E215000,,E215000,"MSRP.3,ZPP.2,ZTP,2MT.1,507,6FL,653,655,752",,"$65,870.00",03-15-2008,,,,,,,,,,,
A73 - Jerez Black Metallic,,NCH2 - Fox Red Novillo Leather,2008,WBSVA93548E215001,,E215001,"MSRP.3,ZCW,ZPP.1,ZTP,417,507,6FL,653,655,752",,"$66,795.00",03-15-2008,550,,,,,,,,,,
A22 - Sparkling Graphite Metallic,,NCSW - Black Novillo Leather,2008,WBSVA93568E215002,,E215002,"MSRP.3,ZCW,ZPP.1,223,302,322,403,417,507,6FL,752",,"$65,050.00",03-15-2008,550,,,,,,,,,,
A22 - Sparkling Graphite Metallic,,NCSW - Black Novillo Leather,2008,WBSVA93588E215003,,E215003,"MSRP.3,ZCW,ZPP.1,302,322,403,417,507,6FL,655,752",,"$64,645.00",03-15-2008,550,,,,,,,,,,
A75 - Melbourne Red Metallic,,NCSW - Black Novillo Leather,2008,WBSVA935X8E215004,,E215004,"MSRP.3,ZCW,ZPP.1,302,322,403,417,507,6FL,752",,"$64,050.00",03-15-2008,550,,,,,,,,,,
A30 - Interlagos Blue Metallic,,NCSW - Black Novillo Leather,2008,WBSVA93518E215005,,E215005,"MSRP.3,ZCW,ZPP.3,2MT.1,302,322,403,417,507,6FL,752",,"$65,250.00",03-15-2008,550,,,,,,,,,,
A73 - Jerez Black Metallic,,NCSW - Black Novillo Leather,2008,WBSVA93538E215006,,E215006,"MSRP.3,ZPP.3,ZTP,465,6FL,655,752",,"$64,995.00",03-15-2008,550,,,,,,,,,,
A29 - Silverstone Metallic II,,NCSW - Black Novillo Leather,2008,WBSVA93558E215007,,E215007,"MSRP.3,ZCW,ZPP.3,302,322,403,417,507,6FL,752",,"$64,050.00",03-15-2008,550,,,,,,,,,,
A73 - Jerez Black Metallic,,NCSW - Black Novillo Leather,2008,WBSVA93578E215008,,E215008,"MSRP.3,ZCW,ZPP.3,ZTP,655,752",,"$65,120.00",03-15-2008,550,,,,,,,,,,
668 - Jet Black,,NDSW - Black Extended Novillo Leather,2008,WBSVA93598E215009,,E215009,"MSRP.3,ZCW,ZPP.3,ZTP,2MT.1,403,6FL,655,752",,"$68,320.00",03-15-2008,1100,,,,,,,,,,
A73 - Jerez Black Metallic,,NCSW - Black Novillo Leather,2008,WBSVA93558E215010,,E215010,"MSRP.3,ZCW,ZPP.3,ZTP,417,507,6FL,653,655,752",,"$66,795.00",03-15-2008,550,,,,,,,,,,
A22 - Sparkling Graphite Metallic,,NCSW - Black Novillo Leather,2008,WBSVA93578E215011,,E215011,"MSRP.3,ZPP.3,ZTP,403,494,6FL,655",,"$64,170.00",03-15-2008,550,,,,,,,,,,
668 - Jet Black,,NCSW - Black Novillo Leather,2008,WBSVA93598E215012,,E215012,"MSRP.3,ZCW,ZPP.1,ZTP,403,417,507,6FL,653,655,752",,"$67,295.00",03-15-2008,,,,,,,,,,,
A29 - Silverstone Metallic II,,NCSW - Black Novillo Leather,2008,WBSVA93508E215013,,E215013,"MSRP.3,ZPP.3,ZTP,494,6FL,655,752",,"$65,020.00",03-15-2008,550,,,,,,,,,,
A30 - Interlagos Blue Metallic,,NCH1 - Silver Novillo Leather,2008,WBSVA93528E215014,,E215014,"MSRP.3,ZTP,4MY,655",,"$61,770.00",03-15-2008,550/950,,,,,,,,,,
668 - Jet Black,,NCSW - Black Novillo Leather,2008,WBSVA93548E215015,,E215015,"MSRP.3,ZCW,ZPP.3,ZTP,417,507,6FL,653,655,752",,"$66,245.00",03-15-2008,,,,,,,,,,,
668 - Jet Black,,NCSW - Black Novillo Leather,2008,WBSVA93568E215016,,E215016,"MSRP.3,ZPP.3,ZTP,403,6FL,655,752",,"$65,020.00",03-15-2008,,,,,,,,,,,
668 - Jet Black,,NCSW - Black Novillo Leather,2008,WBSVA93588E215017,,E215017,"MSRP.3,ZCW,ZPP.3,ZTP,403,417,507,6FL,653,655,752",,"$67,295.00",03-15-2008,,,,,,,,,,,
668 - Jet Black,,NCSW - Black Novillo Leather,2008,WBSVA935X8E215018,,E215018,"MSRP.3,ZCW,ZPP.3,ZTP,403,417,507,6FL,653,655,752",,"$67,295.00",03-15-2008,,,,,,,,,,,
A73 - Jerez Black Metallic,,NCSW - Black Novillo Leather,2008,WBSVA93518E215019,,E215019,"MSRP.3,ZPP.3,ZTP,403,494,507,6FL,653,655,752",,"$66,770.00",03-15-2008,550,,,,,,,,,,
A30 - Interlagos Blue Metallic,,NCH1 - Silver Novillo Leather,2008,WBSVA93588E215020,,E215020,"MSRP.3,ZPP.1,322,403,494,609,6FL,655",,"$63,020.00",03-15-2008,550,,,,,,,,,,
A22 - Sparkling Graphite Metallic,,NCSW - Black Novillo Leather,2008,WBSVA935X8E215021,,E215021,"MSRP.3,ZPP.1,ZTP,403,494,6FL,653,752",,"$65,825.00",03-16-2008,550,,,,,,,,,,
A73 - Jerez Black Metallic,,NDH2 - Fox Red Extended Leather,2008,WBSVA93518E215022,,E215022,"MSRP.3,ZCW,ZPP.3,302,322,403,417,507,609,6FL,752",,"$67,250.00",03-17-2008,550/1100,,,,,,,,,,
A29 - Silverstone Metallic II,,NCSW - Black Novillo Leather,2008,WBSVA93538E215023,,E215023,"MSRP.3,ZCW,ZPP.2,ZTP,2MT.1,302,403,417,507,6FL,655,752",,"$69,095.00",03-17-2008,550,,,,,,,,,,
A29 - Silverstone Metallic II,,NCH1 - Silver Novillo Leather,2008,WBSVA93558E215024,,E215024,"MSRP.3,ZPP.1,2MT.1,403,465,507,6FL",,"$61,850.00",03-17-2008,550,,,,,,,,,,
300 - Alpine White,,NCH2 - Fox Red Novillo Leather,2008,WBSVA93578E215025,,E215025,"MSRP.3,ZPP.1,655",,"$58,420.00",03-17-2008,,,,,,,,,,,
300 - Alpine White,,GEAT - Anthracite/Black Cloth & Leather,2008,WBSVA93598E215026,,E215026,"MSRP.3,ZCW,ZPP.3,223,6FL",,"$60,225.00",03-17-2008,,,,,,,,,,,
300 - Alpine White,,NCH2 - Fox Red Novillo Leather,2008,WBSVA93508E215027,,E215027,"MSRP.3,ZPP.1,655",,"$58,420.00",03-17-2008,,,,,,,,,,,
668 - Jet Black,,GEAT - Anthracite/Black Cloth & Leather,2008,WBSVA93528E215028,,E215028,"MSRP.3,ZPP.3,ZTP,6FL",,"$61,475.00",03-17-2008,,,,,,,,,,,
300 - Alpine White,,NCH2 - Fox Red Novillo Leather,2008,WBSVA93548E215029,,E215029,"MSRP.3,ZPP.1,655",,"$58,420.00",03-17-2008,,,,,,,,,,,
300 - Alpine White,,NCH2 - Fox Red Novillo Leather,2008,WBSVA93508E215030,,E215030,"MSRP.3,ZPP.1,655",,"$58,420.00",03-17-2008,,,,,,,,,,,
300 - Alpine White,,NCH2 - Fox Red Novillo Leather,2008,WBSVA93528E215031,,E215031,"MSRP.3,ZPP.1,655",,"$58,420.00",03-17-2008,,,,,,,,,,,
300 - Alpine White,,NCSW - Black Novillo Leather,2008,WBSVA93548E215032,,E215032,"MSRP.3,ZCW,ZPP.3,ZTP,417,507,6FL,653,655,752",,"$66,245.00",03-17-2008,,,,,,,,,,,
300 - Alpine White,,GEAT - Anthracite/Black Cloth & Leather,2008,WBSVA93568E215033,,E215033,"MSRP.3,ZPP.3,223,6FL",,"$59,225.00",03-17-2008,,,,,,,,,,,
A30 - Interlagos Blue Metallic,,NCSW - Black Novillo Leather,2008,WBSVA93588E215034,,E215034,"MSRP.3,ZPP.3,403,494,609,6FL",,"$62,425.00",03-17-2008,550,,,,,,,,,,
668 - Jet Black,,NCSW - Black Novillo Leather,2008,WBSVA935X8E215035,,E215035,"MSRP.3,ZPP.3,403,655",,"$59,470.00",03-17-2008,,,,,,,,,,,
668 - Jet Black,,NCSW - Black Novillo Leather,2008,WBSVA93518E215036,,E215036,"MSRP.3,ZCW,ZTP,2MT.1,403,417,4MY,507,6FL,655,752",,"$67,695.00",03-17-2008,950,,,,,,,,,,
A22 - Sparkling Graphite Metallic,,NDH2 - Fox Red Extended Leather,2008,WBSVA93538E215037,,E215037,"MSRP.3,ZPP.3,ZTP,2MT.1,403,494,507,6FL,653,655",,"$67,170.00",03-17-2008,550/1100,,,,,,,,,,
300 - Alpine White,,NCSW - Black Novillo Leather,2008,WBSVA93558E215038,,E215038,"MSRP.3,ZCW,ZPP.3,ZTP,417,507,6FL,653,655,752",,"$66,245.00",03-17-2008,,,,,,,,,,,
A30 - Interlagos Blue Metallic,,NCH1 - Silver Novillo Leather,2008,WBSVA93578E215039,,E215039,"MSRP.3,ZTP,4MY,655",,"$61,770.00",03-17-2008,550/950,,,,,,,,,,
A30 - Interlagos Blue Metallic,,NCH1 - Silver Novillo Leather,2008,WBSVA93538E215040,,E215040,"MSRP.3,ZTP,4MY,655",,"$61,770.00",03-17-2008,550/950,,,,,,,,,,
A73 - Jerez Black Metallic,,NCH1 - Silver Novillo Leather,2008,WBSVA93558E215041,,E215041,"MSRP.3,ZPP.3,ZTP,2MT.1,417,6FL,655,752",,"$66,295.00",03-17-2008,550,,,,,,,,,,
A29 - Silverstone Metallic II,,NCSW - Black Novillo Leather,2008,WBSVA93578E215042,,E215042,"MSRP.3,ZPP.3,ZTP,403,465,494,507,6FL,653,655,752",,"$67,245.00",03-17-2008,550,,,,,,,,,,
A29 - Silverstone Metallic II,,NCH1 - Silver Novillo Leather,2008,WBSVA93598E215043,,E215043,"MSRP.3,ZCW,ZPP.1,ZTP,2MT.1,403,507,6FL,655",,"$66,220.00",03-17-2008,550,,,,,,,,,,
A29 - Silverstone Metallic II,,NCH1 - Silver Novillo Leather,2008,WBSVA93508E215044,,E215044,"MSRP.3,ZCW,ZPP.3,ZTP,403,417,507,6FL,653,655,752",,"$67,845.00",03-17-2008,550,,,,,,,,,,
A22 - Sparkling Graphite Metallic,,NCSW - Black Novillo Leather,2008,WBSVA93528E215045,,E215045,"MSRP.3,ZPP.2,ZTP,403,465,494,6FL,655,752",,"$66,545.00",03-17-2008,550,,,,,,,,,,
A29 - Silverstone Metallic II,,NCSW - Black Novillo Leather,2008,WBSVA93548E215046,,E215046,"MSRP.3,ZCW,ZPP.1,ZTP,2MT.1,302,403,417,507,6FL,655,752",,"$69,095.00",03-17-2008,550,,,,,,,,,,
A22 - Sparkling Graphite Metallic,,NCH2 - Fox Red Novillo Leather,2008,WBSVA93568E215047,,E215047,"MSRP.3,ZCW,ZPP.1,ZTP,2MT.1,302,403,417,507,6FL,655,752",,"$69,095.00",03-18-2008,550,,,,,,,,,,
A29 - Silverstone Metallic II,,NCSW - Black Novillo Leather,2008,WBSVA93588E215048,,E215048,"MSRP.3,ZCW,ZPP.1,ZTP,2MT.1,302,403,417,507,6FL,752",,"$68,500.00",03-18-2008,550,,,,,,,,,,
A29 - Silverstone Metallic II,,NCH1 - Silver Novillo Leather,2008,WBSVA935X8E215049,,E215049,"MSRP.3,ZCW,ZPP.3,2MT.1,302,322,403,417,507,609,6FL,655,752",,"$67,945.00",03-18-2008,550,,,,,,,,,,
A73 - Jerez Black Metallic,,NCSW - Black Novillo Leather,2008,WBSVA93568E215050,,E215050,"MSRP.3,ZPP.3,ZTP,403,507,6FL,653,655,752",,"$66,270.00",03-18-2008,550,,,,,,,,,,
668 - Jet Black,,NCSW - Black Novillo Leather,2008,WBSVA93588E215051,,E215051,"MSRP.3,403,465,4MY",,"$58,900.00",03-18-2008,950,,,,,,,,,,
A73 - Jerez Black Metallic,,NCSW - Black Novillo Leather,2008,WBSVA935X8E215052,,E215052,"MSRP.3,ZCW,ZPP.3,ZTP,403,417,6FL,653,655,752",,"$67,495.00",03-18-2008,550,,,,,,,,,,
A73 - Jerez Black Metallic,,NCSW - Black Novillo Leather,2008,WBSVA93518E215053,,E215053,"MSRP.3,ZCW,ZPP.3,ZTP,403,6FL,655",,"$64,670.00",03-18-2008,550,,,,,,,,,,
A73 - Jerez Black Metallic,,NCSW - Black Novillo Leather,2008,WBSVA93538E215054,,E215054,"MSRP.3,ZCW,ZPP.3,ZTP,403,6FL",,"$64,075.00",03-18-2008,550,,,,,,,,,,
A22 - Sparkling Graphite Metallic,,NDH3 - Beige Novillo Extended Leather,2008,WBSVA93558E215055,,E215055,"MSRP.3,ZPP.2,ZTP,2MT.1,494,6FL,752",,"$66,725.00",03-18-2008,550/1100,,,,,,,,,,
668 - Jet Black,,NCSW - Black Novillo Leather,2008,WBSVA93578E215056,,E215056,"MSRP.3,ZPP.3,ZTP,2MT.1,403,494,6FL,655,752",,"$66,720.00",03-18-2008,,,,,,,,,,,
A29 - Silverstone Metallic II,,NDSW - Black Extended Novillo Leather,2008,WBSVA93598E215057,,E215057,"MSRP.3,ZCW,ZPP.3,ZTP,403,417,507,6FL,653,655,752",,"$68,945.00",03-18-2008,550/1100,,,,,,,,,,
A29 - Silverstone Metallic II,,NCSW - Black Novillo Leather,2008,WBSVA93508E215058,,E215058,"MSRP.3,ZPP.3,ZTP,465,494,6FL,752",,"$64,900.00",03-18-2008,550,,,,,,,,,,
A29 - Silverstone Metallic II,,NDSW - Black Extended Novillo Leather,2008,WBSVA93528E215059,,E215059,"MSRP.3,ZCW,ZPP.3,ZTP,403,417,6FL,653,655,752",,"$68,595.00",03-18-2008,550/1100,,,,,,,,,,
300 - Alpine White,,NDSW - Black Extended Novillo Leather,2008,WBSVA93598E215060,,E215060,"MSRP.3,ZCW,ZPP.3,ZTP,403,417,507,6FL,653,655,752",,"$68,395.00",03-18-2008,1100,,,,,,,,,,
A29 - Silverstone Metallic II,,NDSW - Black Extended Novillo Leather,2008,WBSVA93508E215061,,E215061,"MSRP.3,ZCW,ZPP.1,ZTP,2MT.1,403,417,507,6FL,653,655,752",,"$70,145.00",03-18-2008,550/1100,,,,,,,,,,
A73 - Jerez Black Metallic,,NDSW - Black Extended Novillo Leather,2008,WBSVA93528E215062,,E215062,"MSRP.3,ZCW,ZPP.3,ZTP,403,417,507,6FL,653,655,752",,"$68,945.00",03-19-2008,550/1100,,,,,,,,,,
A73 - Jerez Black Metallic,,NDH2 - Fox Red Extended Leather,2008,WBSVA93548E215063,,E215063,"MSRP.3,ZPP.3,ZTP,403,494,6FL,655,752",,"$67,170.00",03-19-2008,550/1100,,,,,,,,,,
A29 - Silverstone Metallic II,,NCH1 - Silver Novillo Leather,2008,WBSVA93568E215064,,E215064,"MSRP.3,ZCW,ZPP.1,ZTP,655,752",,"$65,120.00",03-19-2008,550,,,,,,,,,,
300 - Alpine White,,NCSW - Black Novillo Leather,2008,WBSVA93588E215065,,E215065,"MSRP.3,ZPP.3,403,465,507,653",,"$60,050.00",03-19-2008,,,,,,,,,,,
A29 - Silverstone Metallic II,,NCH1 - Silver Novillo Leather,2008,WBSVA935X8E215066,,E215066,"MSRP.3,ZCW,ZPP.3,ZTP,403,6FL,655,752",,"$66,570.00",03-19-2008,550,,,,,,,,,,
300 - Alpine White,,NCH2 - Fox Red Novillo Leather,2008,WBSVA93518E215067,,E215067,"MSRP.3,ZCW,ZPP.3,403,6FL,655",,"$60,870.00",03-19-2008,,,,,,,,,,,
A29 - Silverstone Metallic II,,NDH1 - Silver Novillo Extended Leather,2008,WBSVA93538E215068,,E215068,"MSRP.3,ZCW,ZPP.2,ZTP,403,417,507,6FL,653,655,752",,"$68,945.00",03-19-2008,550/1100,,,,,,,,,,
A29 - Silverstone Metallic II,,NCH1 - Silver Novillo Leather,2008,WBSVA93558E215069,,E215069,"MSRP.3,ZCW,ZPP.3,403,507,6FL,655",,"$61,770.00",03-19-2008,550,,,,,,,,,,
A29 - Silverstone Metallic II,,NCSW - Black Novillo Leather,2008,WBSVA93518E215070,,E215070,"MSRP.3,ZCW,ZPP.2,ZTP,2MT.1,403,507,6FL,653,655",,"$66,570.00",03-19-2008,550,,,,,,,,,,
A29 - Silverstone Metallic II,,NCSW - Black Novillo Leather,2008,WBSVA93538E215071,,E215071,"MSRP.3,ZCW,ZPP.2,ZTP,403,6FL,653,752",,"$66,325.00",03-19-2008,550,,,,,,,,,,
668 - Jet Black,,NCSW - Black Novillo Leather,2008,WBSVA93558E215072,,E215072,"MSRP.3,ZCW,ZPP.3,ZTP,2MT.1,403,507,6FL,655,752",,"$67,570.00",03-19-2008,,,,,,,,,,,
300 - Alpine White,,NCSW - Black Novillo Leather,2008,WBSVA93578E215073,,E215073,"MSRP.3,ZCW,ZPP.3,ZTP,403,417,507,6FL,653,655,752",,"$67,295.00",03-19-2008,,,,,,,,,,,
300 - Alpine White,,NCSW - Black Novillo Leather,2008,WBSVA93598E215074,,E215074,"MSRP.3,ZPP.3,302",,"$58,225.00",03-19-2008,,,,,,,,,,,
A29 - Silverstone Metallic II,,NCSW - Black Novillo Leather,2008,WBSVA93508E215075,,E215075,"MSRP.3,ZCW,ZPP.1,ZTP,403,417,507,6FL,655,752",,"$67,495.00",03-19-2008,550,,,,,,,,,,
A73 - Jerez Black Metallic,,NCSW - Black Novillo Leather,2008,WBSVA93528E215076,,E215076,"MSRP.3,ZCW,ZPP.3,ZTP,2MT.1,403,417,6FL,653,655,752",,"$68,695.00",03-19-2008,550,,,,,,,,,,
A22 - Sparkling Graphite Metallic,,NDH1 - Silver Novillo Extended Leather,2008,WBSVA93548E215077,,E215077,"MSRP.3,ZPP.3,ZTP,403,507,6FL,653,655,752",,"$67,370.00",03-19-2008,550/1100,,,,,,,,,,
A73 - Jerez Black Metallic,,NCSW - Black Novillo Leather,2008,WBSVA93568E215078,,E215078,"MSRP.3,ZCW,ZPP.2,ZTP,403,417,507,6FL,653,655,752",,"$67,845.00",03-19-2008,550,,,,,,,,,,
668 - Jet Black,,NCSW - Black Novillo Leather,2008,WBSVA93588E215079,,E215079,"MSRP.3,ZCW,ZPP.3,322,403,417,507,609,6FL,653,655,752",,"$66,145.00",03-19-2008,,,,,,,,,,,
A29 - Silverstone Metallic II,,NCSW - Black Novillo Leather,2008,WBSVA93548E215080,,E215080,"MSRP.3,ZCW,ZPP.3,403,609,6FL,655",,"$63,520.00",03-19-2008,550,,,,,,,,,,
668 - Jet Black,,NCSW - Black Novillo Leather,2008,WBSVA93568E215081,,E215081,"MSRP.3,ZCW,ZPP.3,403,417,609,6FL,655",,"$63,545.00",03-19-2008,,,,,,,,,,,
A73 - Jerez Black Metallic,,NCSW - Black Novillo Leather,2008,WBSVA93588E215082,,E215082,"MSRP.3,ZCW,ZPP.2,ZTP,403,417,507,6FL,653,655,752",,"$67,845.00",03-19-2008,550,,,,,,,,,,
A75 - Melbourne Red Metallic,,NCH3 - Beige Novillo Leather,2008,WBSVA935X8E215083,,E215083,"MSRP.3,ZCW,ZPP.2,322,403,609,6FL,653,752",,"$65,175.00",03-19-2008,550,,,,,,,,,,
A29 - Silverstone Metallic II,,NCSW - Black Novillo Leather,2008,WBSVA93518E215084,,E215084,"MSRP.3,ZCW,ZPP.1,ZTP,403,6FL,655,752",,"$66,570.00",03-19-2008,550,,,,,,,,,,
300 - Alpine White,,NCSW - Black Novillo Leather,2008,WBSVA93538E215085,,E215085,"MSRP.3,ZCW,ZPP.1,ZTP,2MT.1,403,507,655",,"$65,270.00",03-19-2008,,,,,,,,,,,
A29 - Silverstone Metallic II,,NCSW - Black Novillo Leather,2008,WBSVA93558E215086,,E215086,"MSRP.3,ZCW,ZPP.2,ZTP,403,417,507,6FL,653,655,752",,"$67,845.00",03-19-2008,550,,,,,,,,,,
A29 - Silverstone Metallic II,,NDH1 - Silver Novillo Extended Leather,2008,WBSVA93578E215087,,E215087,"MSRP.3,ZCW,ZPP.1,2MT.1,302,322,403,417,507,609,6FL,752",,"$68,450.00",03-20-2008,550/1100,,,,,,,,,,
A22 - Sparkling Graphite Metallic,,GEAT - Anthracite/Black Cloth & Leather,2008,WBSVA93598E215088,,E215088,"MSRP.3,ZCW,ZPP.3,6FL,655",,"$60,370.00",03-20-2008,550,,,,,,,,,,
A29 - Silverstone Metallic II,,NCH1 - Silver Novillo Leather,2008,WBSVA93508E215089,,E215089,"MSRP.3,ZPP.1,ZTP,494,507,6FL,653",,"$63,225.00",03-20-2008,550,,,,,,,,,,
A29 - Silverstone Metallic II,,NCSW - Black Novillo Leather,2008,WBSVA93578E215090,,E215090,"MSRP.3,ZPP.3,ZTP,507,6FL,655,752",,"$64,870.00",03-20-2008,550,,,,,,,,,,
300 - Alpine White,,NCH2 - Fox Red Novillo Leather,2008,WBSVA93598E215091,,E215091,"MSRP.3,ZPP.2,322,609",,"$59,925.00",03-20-2008,,,,,,,,,,,
668 - Jet Black,,NDSW - Black Extended Novillo Leather,2008,WBSVA93508E215092,,E215092,"MSRP.3,ZCW,ZPP.1,ZTP,2MT.1,403,6FL,653,655,752",,"$68,670.00",03-20-2008,1100,,,,,,,,,,
A73 - Jerez Black Metallic,,NCH3 - Beige Novillo Leather,2008,WBSVA93528E215093,,E215093,"MSRP.3,ZCW,ZPP.3,ZTP,403,417,507,6FL,653,655,752",,"$67,845.00",03-20-2008,550,,,,,,,,,,
A73 - Jerez Black Metallic,,NDSW - Black Extended Novillo Leather,2008,WBSVA93548E215094,,E215094,"MSRP.3,ZCW,ZPP.3,ZTP,403,417,507,6FL,653,655,752",,"$68,945.00",03-20-2008,550/1100,,,,,,,,,,
300 - Alpine White,,NDSW - Black Extended Novillo Leather,2008,WBSVA93568E215095,,E215095,"MSRP.3,ZCW,ZPP.3,ZTP,403,6FL,653,655,752",,"$67,470.00",03-20-2008,1100,,,,,,,,,,
668 - Jet Black,,NCSW - Black Novillo Leather,2008,WBSVA93588E215096,,E215096,"MSRP.3,ZCW,ZPP.3,ZTP,2MT.1,403,507,6FL,655,752",,"$67,570.00",03-20-2008,,,,,,,,,,,
A73 - Jerez Black Metallic,,NCSW - Black Novillo Leather,2008,WBSVA935X8E215097,,E215097,"MSRP.3,ZCW,ZPP.1,ZTP,2MT.1,403,6FL,655",,"$65,870.00",03-20-2008,550,,,,,,,,,,
300 - Alpine White,,NCSW - Black Novillo Leather,2008,WBSVA93518E215098,,E215098,"MSRP.3,ZCW,ZPP.1,ZTP,403,507,6FL,653,655,752",,"$66,720.00",03-20-2008,,,,,,,,,,,
A73 - Jerez Black Metallic,,NCSW - Black Novillo Leather,2008,WBSVA93538E215099,,E215099,"MSRP.3,ZCW,ZPP.3,ZTP,403,417,507,6FL,653,655,752",,"$67,845.00",03-25-2008,550,,,,,,,,,,
668 - Jet Black,,NCSW - Black Novillo Leather,2008,WBSVA93568E215100,,E215100,"MSRP.3,ZPP.3,223,403,465,655",,"$60,945.00",03-25-2008,,,,,,,,,,,
A29 - Silverstone Metallic II,,NCH2 - Fox Red Novillo Leather,2008,WBSVA93588E215101,,E215101,"MSRP.3,771",,"$57,425.00",03-25-2008,550/950,,,,,,,,,,
A29 - Silverstone Metallic II,,NCH1 - Silver Novillo Leather,2008,WBSVA935X8E215102,,E215102,"MSRP.3,465,4MY",,"$58,400.00",03-25-2008,550/950,,,,,,,,,,
668 - Jet Black,,NCH3 - Beige Novillo Leather,2008,WBSVA93518E215103,,E215103,"MSRP.3,ZPP.1,ZTP,403,465,507,6FL,653,752,863",,"$65,600.00",03-25-2008,,,,,,,,,,,
668 - Jet Black,,NCSW - Black Novillo Leather,2008,WBSVA93538E215104,,E215104,"MSRP.3,ZPP.1,ZTP,417,465,6FL,653,655,752",,"$65,370.00",03-25-2008,,,,,,,,,,,
A73 - Jerez Black Metallic,,NCH3 - Beige Novillo Leather,2008,WBSVA93558E215105,,E215105,"MSRP.3,ZPP.1,ZTP,494,6FL,653,752",,"$64,775.00",03-25-2008,550,,,,,,,,,,
A73 - Jerez Black Metallic,,GEAT - Anthracite/Black Cloth & Leather,2008,WBSVA93578E215106,,E215106,"MSRP.3,ZPP.3,ZTP,465,494,507,6FL,655,752",,"$65,845.00",03-25-2008,550,,,,,,,,,,
A75 - Melbourne Red Metallic,,NCSW - Black Novillo Leather,2008,WBSVA93598E215107,,E215107,"MSRP.3,2MT.1,403,465,494,4MX,609,6FL,653",,"$64,000.00",03-25-2008,550/950,,,,,,,,,,
668 - Jet Black,,NCSW - Black Novillo Leather,2008,WBSVA93508E215108,,E215108,"MSRP.3,ZCW,ZPP.1,ZTP,2MT.1,403,507,6FL,653,655,752",,"$67,920.00",03-25-2008,,,,,,,,,,,
A22 - Sparkling Graphite Metallic,,NCSW - Black Novillo Leather,2008,WBSVA93528E215109,,E215109,"MSRP.3,ZCW,ZPP.3,ZTP,2MT.1,403,507,6FL,655,752",,"$68,120.00",03-25-2008,550,,,,,,,,,,
A73 - Jerez Black Metallic,,NCSW - Black Novillo Leather,2008,WBSVA93598E215110,,E215110,"MSRP.3,ZCW,ZPP.3,ZTP,2MT.1,403,6FL,653,752",,"$67,525.00",03-25-2008,550,,,,,,,,,,
300 - Alpine White,,GEAT - Anthracite/Black Cloth & Leather,2008,WBSVA93508E215111,,E215111,"MSRP.3,ZPP.3,ZTP,465,494,507,6FL,653,655,752",,"$65,645.00",03-26-2008,,,,,,,,,,,
A30 - Interlagos Blue Metallic,,NCH2 - Fox Red Novillo Leather,2008,WBSVA93528E215112,,E215112,"MSRP.3,ZTP,2MT.1,403,494,507,639,752,771",,"$66,425.00",03-25-2008,550/950,,,,,,,,,,
668 - Jet Black,,NCSW - Black Novillo Leather,2008,WBSVA93548E215113,,E215113,"MSRP.3,ZPP.1,ZTP,465,494,6FL,655",,"$63,045.00",03-25-2008,,,,,,,,,,,
A22 - Sparkling Graphite Metallic,,NCSW - Black Novillo Leather,2008,WBSVA93568E215114,,E215114,"MSRP.3,ZPP.3,ZTP,6FL,655",,"$62,620.00",03-25-2008,550,,,,,,,,,,
300 - Alpine White,,NCSW - Black Novillo Leather,2008,WBSVA93588E215115,,E215115,"MSRP.3,ZCW,ZPP.3,ZTP,403,6FL,752",,"$65,425.00",03-26-2008,,,,,,,,,,,
300 - Alpine White,,NCSW - Black Novillo Leather,2008,WBSVA935X8E215116,,E215116,"MSRP.3,ZPP.3,ZTP,403,417,494,6FL,655",,"$64,195.00",03-26-2008,,,,,,,,,,,
A22 - Sparkling Graphite Metallic,,NCSW - Black Novillo Leather,2008,WBSVA93518E215117,,E215117,"MSRP.3,ZPP.2,ZTP,403,465,494,6FL,655,752",,"$66,545.00",03-26-2008,550,,,,,,,,,,
A29 - Silverstone Metallic II,,NCH1 - Silver Novillo Leather,2008,WBSVA93538E215118,,E215118,"MSRP.3,ZPP.3,ZTP,403,417,6FL,655,752",,"$66,145.00",03-26-2008,550,,,,,,,,,,
A29 - Silverstone Metallic II,,NCSW - Black Novillo Leather,2008,WBSVA93558E215119,,E215119,"MSRP.3,ZCW,ZPP.3,ZTP,403,6FL,752",,"$65,975.00",03-26-2008,550,,,,,,,,,,
300 - Alpine White,,NCH1 - Silver Novillo Leather,2008,WBSVA93518E215120,,E215120,"MSRP.3,ZPP.3,ZTP,403,417,465,6FL,655,752",,"$66,070.00",03-26-2008,,,,,,,,,,,
A29 - Silverstone Metallic II,,NCSW - Black Novillo Leather,2008,WBSVA93538E215121,,E215121,"MSRP.3,ZCW,ZPP.3,ZTP,507,6FL,655,752",,"$65,870.00",03-26-2008,550,,,,,,,,,,
A73 - Jerez Black Metallic,,NCSW - Black Novillo Leather,2008,WBSVA93558E215122,,E215122,"MSRP.3,ZCW,ZPP.3,ZTP,655,752",,"$65,120.00",03-26-2008,550,,,,,,,,,,
A29 - Silverstone Metallic II,,NCH1 - Silver Novillo Leather,2008,WBSVA93578E215123,,E215123,"MSRP.3,ZCW,ZPP.1,ZTP,507,655,752",,"$65,470.00",03-26-2008,550,,,,,,,,,,
A22 - Sparkling Graphite Metallic,,NCSW - Black Novillo Leather,2008,WBSVA93598E215124,,E215124,"MSRP.3,ZCW,ZPP.2,ZTP,403,417,507,6FL,653,655,752",,"$67,845.00",03-27-2008,550,,,,,,,,,,
A29 - Silverstone Metallic II,,NCSW - Black Novillo Leather,2008,WBSVA93508E215125,,E215125,"MSRP.3,ZPP.3,ZTP,403,465,494,6FL,655,752",,"$66,545.00",03-26-2008,550,,,,,,,,,,
A29 - Silverstone Metallic II,,NCH1 - Silver Novillo Leather,2008,WBSVA93528E215126,,E215126,"MSRP.3,ZCW,ZPP.1,ZTP,655,752",,"$65,120.00",03-26-2008,550,,,,,,,,,,
A29 - Silverstone Metallic II,,NCH1 - Silver Novillo Leather,2008,WBSVA93548E215127,,E215127,"MSRP.3,ZCW,ZPP.1,ZTP,655,752",,"$65,120.00",03-26-2008,550,,,,,,,,,,
A29 - Silverstone Metallic II,,NCH1 - Silver Novillo Leather,2008,WBSVA93568E215128,,E215128,"MSRP.3,ZCW,ZPP.1,ZTP,655,752",,"$65,120.00",03-26-2008,550,,,,,,,,,,
A73 - Jerez Black Metallic,,NCH3 - Beige Novillo Leather,2008,WBSVA93588E215129,,E215129,"MSRP.3,ZPP.3,ZTP,403,417,6FL,655",,"$64,245.00",03-26-2008,550,,,,,,,,,,
A29 - Silverstone Metallic II,,NCH1 - Silver Novillo Leather,2008,WBSVA93548E215130,,E215130,"MSRP.3,ZCW,ZPP.1,ZTP,655,752",,"$65,120.00",03-26-2008,550,,,,,,,,,,
300 - Alpine White,,NCH3 - Beige Novillo Leather,2008,WBSVA93568E215131,,E215131,"MSRP.3,ZPP.2,ZTP,403,465,507,6FL,653,655,752",,"$66,195.00",03-26-2008,,,,,,,,,,,
A29 - Silverstone Metallic II,,NCSW - Black Novillo Leather,2008,WBSVA93588E215132,,E215132,"MSRP.3,ZPP.1,ZTP,2MT.1,403,494,655,752",,"$66,870.00",03-26-2008,550,,,,,,,,,,
668 - Jet Black,,NCSW - Black Novillo Leather,2008,WBSVA935X8E215133,,E215133,"MSRP.3,ZPP.2,ZTP,403,494,6FL,655,752",,"$65,520.00",03-26-2008,,,,,,,,,,,
300 - Alpine White,,NCSW - Black Novillo Leather,2008,WBSVA93518E215134,,E215134,"MSRP.3,ZPP.3,ZTP,403,494,6FL,655,752",,"$65,520.00",03-26-2008,,,,,,,,,,,
300 - Alpine White,,NCSW - Black Novillo Leather,2008,WBSVA93538E215135,,E215135,"MSRP.3,ZPP.3,ZTP,403,494,6FL,655,752",,"$65,520.00",03-27-2008,,,,,,,,,,,
668 - Jet Black,,NCSW - Black Novillo Leather,2008,WBSVA93558E215136,,E215136,"MSRP.3,ZPP.3,ZTP,403,494,6FL,655,752",,"$65,520.00",03-27-2008,,,,,,,,,,,
300 - Alpine White,,NCSW - Black Novillo Leather,2008,WBSVA93578E215137,,E215137,"MSRP.3,ZPP.1,ZTP,403,465,6FL,653,752",,"$65,250.00",03-27-2008,,,,,,,,,,,
668 - Jet Black,,NCSW - Black Novillo Leather,2008,WBSVA93598E215138,,E215138,"MSRP.3,ZCW,ZPP.3,ZTP,2MT.1,403,6FL,655",,"$65,320.00",03-27-2008,,,,,,,,,,,
300 - Alpine White,,NCH2 - Fox Red Novillo Leather,2008,WBSVA93508E215139,,E215139,"MSRP.3,ZCW,ZPP.1,ZTP,403,6FL,655,752",,"$66,020.00",03-27-2008,,,,,,,,,,,
A22 - Sparkling Graphite Metallic,,NCH2 - Fox Red Novillo Leather,2008,WBSVA93578E215140,,E215140,"MSRP.3,ZCW,ZPP.3,ZTP,403,6FL,655",,"$64,670.00",03-27-2008,550,,,,,,,,,,
A73 - Jerez Black Metallic,,NCSW - Black Novillo Leather,2008,WBSVA93598E215141,,E215141,"MSRP.3,ZPP.1,ZTP,403,417,465,494,507,6FL,653,655,752",,"$67,820.00",03-27-2008,550,,,,,,,,,,
A22 - Sparkling Graphite Metallic,,NDSW - Black Extended Novillo Leather,2008,WBSVA93508E215142,,E215142,"MSRP.3,ZPP.3,ZTP,403,417,465,507,6FL,653,655,752",,"$68,420.00",03-27-2008,550/1100,,,,,,,,,,
A30 - Interlagos Blue Metallic,,NCSW - Black Novillo Leather,2008,WBSVA93528E215143,,E215143,"MSRP.3,ZCW,ZPP.1,ZTP,6FL,655,752",,"$65,520.00",03-27-2008,550,,,,,,,,,,
A29 - Silverstone Metallic II,,NCH1 - Silver Novillo Leather,2008,WBSVA93548E215144,,E215144,"MSRP.3,ZCW,ZPP.1,ZTP,655,752",,"$65,120.00",03-27-2008,550,,,,,,,,,,
668 - Jet Black,,NCSW - Black Novillo Leather,2008,WBSVA93568E215145,,E215145,"MSRP.3,ZCW,ZPP.1,ZTP,6FL",,"$62,475.00",03-27-2008,,,,,,,,,,,
A73 - Jerez Black Metallic,,NDSW - Black Extended Novillo Leather,2008,WBSVA93588E215146,,E215146,"MSRP.3,ZPP.3,ZTP,403,417,465,507,6FL,653,655,752",,"$68,420.00",03-27-2008,550/1100,,,,,,,,,,
A73 - Jerez Black Metallic,,NCH3 - Beige Novillo Leather,2008,WBSVA935X8E215147,,E215147,"MSRP.3,ZPP.3,ZTP,403,494,6FL,655,752",,"$66,070.00",03-27-2008,550,,,,,,,,,,
A22 - Sparkling Graphite Metallic,,NCSW - Black Novillo Leather,2008,WBSVA93518E215148,,E215148,"MSRP.3,ZCW,ZPP.2,ZTP,403,6FL,655,752",,"$66,570.00",03-27-2008,550,,,,,,,,,,
A73 - Jerez Black Metallic,,NCH1 - Silver Novillo Leather,2008,WBSVA93538E215149,,E215149,"MSRP.3,ZCW,ZPP.3,ZTP,403,6FL,655,752",,"$66,570.00",03-27-2008,550,,,,,,,,,,
668 - Jet Black,,NCSW - Black Novillo Leather,2008,WBSVA935X8E215150,,E215150,"MSRP.3,ZCW,ZPP.1,322,403,609,6FL,752",,"$64,275.00",03-27-2008,,,,,,,,,,,
A22 - Sparkling Graphite Metallic,,NCH2 - Fox Red Novillo Leather,2008,WBSVA93518E215151,,E215151,"MSRP.3,ZPP.3,ZTP,2MT.1,403,507,6FL",,"$64,625.00",03-28-2008,550,,,,,,,,,,
668 - Jet Black,,NCSW - Black Novillo Leather,2008,WBSVA93538E215152,,E215152,"MSRP.3,ZPP.2,ZTP,403,6FL",,"$62,525.00",03-28-2008,,,,,,,,,,,
A73 - Jerez Black Metallic,,NCSW - Black Novillo Leather,2008,WBSVA93558E215153,,E215153,"MSRP.3,ZCW,ZPP.3,ZTP,403,6FL,653,655,752",,"$66,920.00",03-28-2008,550,,,,,,,,,,
A30 - Interlagos Blue Metallic,,NCSW - Black Novillo Leather,2008,WBSVA93578E215154,,E215154,"MSRP.3,ZCW,ZPP.3,ZTP,403,6FL,655,752",,"$66,570.00",03-28-2008,550,,,,,,,,,,
A73 - Jerez Black Metallic,,NCH3 - Beige Novillo Leather,2008,WBSVA93598E215155,,E215155,"MSRP.3,ZCW,ZPP.2,ZTP,403,655,752",,"$66,170.00",03-28-2008,550,,,,,,,,,,
A73 - Jerez Black Metallic,,NCSW - Black Novillo Leather,2008,WBSVA93508E215156,,E215156,"MSRP.3,ZCW,ZPP.3,ZTP,403,507,6FL,655",,"$65,020.00",03-28-2008,550,,,,,,,,,,
A73 - Jerez Black Metallic,,NCSW - Black Novillo Leather,2008,WBSVA93528E215157,,E215157,"MSRP.3,ZCW,ZPP.2,ZTP,2MT.1,403,507,6FL,752",,"$67,525.00",03-28-2008,550,,,,,,,,,,
300 - Alpine White,,NCH2 - Fox Red Novillo Leather,2008,WBSVA93548E215158,,E215158,"MSRP.3,ZCW,ZPP.3,ZTP,403,6FL",,"$63,525.00",03-28-2008,,,,,,,,,,,
300 - Alpine White,,NCH2 - Fox Red Novillo Leather,2008,WBSVA93568E215159,,E215159,"MSRP.3,ZCW,ZPP.2,ZTP,403,507,6FL,655,752",,"$66,370.00",03-28-2008,,,,,,,,,,,
A73 - Jerez Black Metallic,,NCSW - Black Novillo Leather,2008,WBSVA93528E215160,,E215160,"MSRP.3,ZPP.3,403,609",,"$61,525.00",03-28-2008,550,,,,,,,,,,
A30 - Interlagos Blue Metallic,,NCH1 - Silver Novillo Leather,2008,WBSVA93548E215161,,E215161,"MSRP.3,ZPP.3,ZTP,403,507,6FL,655,752",,"$65,920.00",03-28-2008,550,,,,,,,,,,
A22 - Sparkling Graphite Metallic,,NCH1 - Silver Novillo Leather,2008,WBSVA93568E215162,,E215162,"MSRP.3,ZPP.3,ZTP,2MT.1,494,507,6FL,655,752",,"$66,570.00",03-28-2008,550,,,,,,,,,,
A75 - Melbourne Red Metallic,,GEAT - Anthracite/Black Cloth & Leather,2008,WBSVA93588E215163,,E215163,"MSRP.3,494,4MX,6FL",,"$57,875.00",03-28-2008,550,,,,,,,,,,
300 - Alpine White,,NCSW - Black Novillo Leather,2008,WBSVA935X8E215164,,E215164,"MSRP.3,ZCW,ZPP.2,ZTP,655,752",,"$64,570.00",03-28-2008,,,,,,,,,,,
A73 - Jerez Black Metallic,,NCSW - Black Novillo Leather,2008,WBSVA93518E215165,,E215165,"MSRP.3,ZCW,ZPP.3,ZTP,403,417,6FL,653,655,752",,"$67,495.00",03-28-2008,550,,,,,,,,,,
A73 - Jerez Black Metallic,,NCSW - Black Novillo Leather,2008,WBSVA93538E215166,,E215166,"MSRP.3,ZPP.3,2MT.1,465,494",,"$60,550.00",03-28-2008,550,,,,,,,,,,
668 - Jet Black,,NCSW - Black Novillo Leather,2008,WBSVA93558E215167,,E215167,"MSRP.3,ZCW,ZPP.1,ZTP,403,417,507,6FL,653,655,752",,"$67,295.00",03-28-2008,,,,,,,,,,,
A29 - Silverstone Metallic II,,NCSW - Black Novillo Leather,2008,WBSVA93578E215168,,E215168,"MSRP.3,2MT.1,223,507,6FL,771",,"$60,375.00",03-28-2008,550/950,,,,,,,,,,
A22 - Sparkling Graphite Metallic,,NCSW - Black Novillo Leather,2008,WBSVA93598E215169,,E215169,"MSRP.3,ZPP.1,ZTP,403,494,655,752",,"$65,670.00",03-29-2008,550,,,,,,,,,,
A73 - Jerez Black Metallic,,NCSW - Black Novillo Leather,2008,WBSVA93558E215170,,E215170,"MSRP.3,ZCW,ZPP.1,ZTP,403,752",,"$65,575.00",03-29-2008,550,,,,,,,,,,
A22 - Sparkling Graphite Metallic,,NCH1 - Silver Novillo Leather,2008,WBSVA93578E215171,,E215171,"MSRP.3,ZCW,ZPP.1,ZTP,403,6FL,655,752",,"$66,570.00",03-29-2008,550,,,,,,,,,,
300 - Alpine White,,NCSW - Black Novillo Leather,2008,WBSVA93598E215172,,E215172,"MSRP.3,ZCW,ZPP.2,ZTP,403,6FL,655,752",,"$66,020.00",03-29-2008,,,,,,,,,,,
A73 - Jerez Black Metallic,,NCH3 - Beige Novillo Leather,2008,WBSVA93508E215173,,E215173,"MSRP.3,ZPP.1,ZTP,2MT.1,507,6FL,655,752",,"$66,070.00",03-29-2008,550,,,,,,,,,,
668 - Jet Black,,NCSW - Black Novillo Leather,2008,WBSVA93528E215174,,E215174,"MSRP.3,ZCW,ZPP.3,ZTP,403,752",,"$65,025.00",03-29-2008,,,,,,,,,,,
A22 - Sparkling Graphite Metallic,,NCSW - Black Novillo Leather,2008,WBSVA93548E215175,,E215175,"MSRP.3,ZCW,ZPP.3,ZTP,403,6FL",,"$64,075.00",03-31-2008,550,,,,,,,,,,
A29 - Silverstone Metallic II,,NCH1 - Silver Novillo Leather,2008,WBSVA93568E215176,,E215176,"MSRP.3,ZPP.2,ZTP,403,494,6FL,655",,"$64,170.00",03-29-2008,550,,,,,,,,,,
A30 - Interlagos Blue Metallic,,NCH1 - Silver Novillo Leather,2008,WBSVA93588E215177,,E215177,"MSRP.3,ZCW,ZPP.3,ZTP,403,6FL,653,752",,"$66,325.00",03-29-2008,550,,,,,,,,,,
A73 - Jerez Black Metallic,,NCSW - Black Novillo Leather,2008,WBSVA935X8E215178,,E215178,"MSRP.3,ZPP.2,ZTP,2MT.1,403,6FL,653",,"$64,625.00",03-29-2008,550,,,,,,,,,,
A73 - Jerez Black Metallic,,NCH3 - Beige Novillo Leather,2008,WBSVA93518E215179,,E215179,"MSRP.3,ZCW,ZPP.2,2MT.1,302,322,403,417,507,609,6FL,655,752",,"$67,945.00",03-29-2008,550,,,,,,,,,,
300 - Alpine White,,NDSW - Black Extended Novillo Leather,2008,WBSVA93588E215180,,E215180,"MSRP.3,ZCW,ZPP.3,ZTP,507,6FL,653,655,752",,"$66,770.00",03-31-2008,1100,,,,,,,,,,
300 - Alpine White,,NCSW - Black Novillo Leather,2008,WBSVA935X8E215181,,E215181,"MSRP.3,ZCW,ZPP.3,ZTP,6FL,655",,"$63,070.00",03-31-2008,,,,,,,,,,,
A75 - Melbourne Red Metallic,,NCSW - Black Novillo Leather,2008,WBSVA93518E215182,,E215182,"MSRP.3,ZCW,ZPP.1,403,6FL",,"$60,825.00",03-31-2008,550,,,,,,,,,,
668 - Jet Black,,NCSW - Black Novillo Leather,2008,WBSVA93538E215183,,E215183,"MSRP.3,ZPP.3,ZTP,2MT.1,403,494,507,6FL,655,752",,"$67,070.00",03-31-2008,,,,,,,,,,,
A73 - Jerez Black Metallic,,NCH1 - Silver Novillo Leather,2008,WBSVA93558E215184,,E215184,"MSRP.3,ZPP.3,2MT.1,223,403,507,655",,"$62,570.00",03-31-2008,550,,,,,,,,,,
A73 - Jerez Black Metallic,,NCSW - Black Novillo Leather,2008,WBSVA93578E215185,,E215185,"MSRP.3,ZCW,ZPP.1,2MT.1,655",,"$61,170.00",03-31-2008,550,,,,,,,,,,
A29 - Silverstone Metallic II,,NCSW - Black Novillo Leather,2008,WBSVA93598E215186,,E215186,"MSRP.3,ZCW,ZPP.3,2MT.1,223,403,653,655",,"$63,570.00",03-31-2008,550,,,,,,,,,,
A73 - Jerez Black Metallic,,NCH3 - Beige Novillo Leather,2008,WBSVA93508E215187,,E215187,"MSRP.3,ZPP.3,2MT.1,403,6FL,655",,"$61,620.00",03-31-2008,550,,,,,,,,,,
A29 - Silverstone Metallic II,,NCSW - Black Novillo Leather,2008,WBSVA93528E215188,,E215188,"MSRP.3,2MT.1,403,494,771",,"$60,175.00",03-31-2008,550/950,,,,,,,,,,
A73 - Jerez Black Metallic,,NCSW - Black Novillo Leather,2008,WBSVA93548E215189,,E215189,"MSRP.3,ZPP.3,ZTP,2MT.1,417,465,507,6FL,655,752",,"$67,120.00",03-31-2008,550,,,,,,,,,,
A22 - Sparkling Graphite Metallic,,NCSW - Black Novillo Leather,2008,WBSVA93508E215190,,E215190,"MSRP.3,ZCW,ZPP.1,ZTP,2MT.1,403,417,507,6FL,653,655,752",,"$69,045.00",03-31-2008,550,,,,,,,,,,
A75 - Melbourne Red Metallic,,NCSW - Black Novillo Leather,2008,WBSVA93528E215191,,E215191,"MSRP.3,ZPP.3,ZTP,2MT.1,403,465,494,507,6FL,655,752",,"$68,095.00",03-31-2008,550,,,,,,,,,,
A75 - Melbourne Red Metallic,,NCSW - Black Novillo Leather,2008,WBSVA93548E215192,,E215192,"MSRP.3,ZPP.3,ZTP,2MT.1,403,465,507,655,752",,"$67,195.00",03-31-2008,550,,,,,,,,,,
A73 - Jerez Black Metallic,,NCSW - Black Novillo Leather,2008,WBSVA93568E215193,,E215193,"MSRP.3,ZCW,ZPP.2,403,507",,"$60,775.00",04-01-2008,550,,,,,,,,,,
A73 - Jerez Black Metallic,,NCSW - Black Novillo Leather,2008,WBSVA93588E215194,,E215194,"MSRP.3,ZPP.3,ZTP,2MT.1,403,465,6FL,752",,"$66,650.00",04-01-2008,550,,,,,,,,,,
668 - Jet Black,,GEAT - Anthracite/Black Cloth & Leather,2008,WBSVA935X8E215195,,E215195,"MSRP.3,ZCW,ZPP.3,302,322,403,507,6FL",,"$61,025.00",04-01-2008,,,,,,,,,,,
A29 - Silverstone Metallic II,,NCH1 - Silver Novillo Leather,2008,WBSVA93518E215196,,E215196,"MSRP.3,ZPP.3,ZTP,403,465,494,6FL,653,655,752",,"$66,895.00",04-01-2008,550,,,,,,,,,,
668 - Jet Black,,NCSW - Black Novillo Leather,2008,WBSVA93538E215197,,E215197,"MSRP.3,ZCW,ZPP.1,302,322,403,6FL,655,752",,"$63,170.00",04-01-2008,,,,,,,,,,,
A75 - Melbourne Red Metallic,,NCSW - Black Novillo Leather,2008,WBSVA93558E215198,,E215198,"MSRP.3,ZCW,ZPP.1,2MT.1,223,302,322,403,417,507,6FL,752",,"$66,250.00",04-01-2008,550,,,,,,,,,,
A22 - Sparkling Graphite Metallic,,NCSW - Black Novillo Leather,2008,WBSVA93578E215199,,E215199,"MSRP.3,ZCW,ZPP.1,2MT.1,302,322,403,417,507,6FL,752",,"$65,250.00",04-01-2008,550,,,,,,,,,,
A73 - Jerez Black Metallic,,NCH3 - Beige Novillo Leather,2008,WBSVA935X8E215200,,E215200,"MSRP.3,ZCW,ZPP.1,403,609,653,655",,"$63,470.00",04-01-2008,550,,,,,,,,,,
A29 - Silverstone Metallic II,,NCSW - Black Novillo Leather,2008,WBSVA93518E215201,,E215201,"MSRP.3,ZPP.1,ZTP,2MT.1,403,494,6FL,752",,"$66,675.00",04-01-2008,550,,,,,,,,,,
A30 - Interlagos Blue Metallic,,NCSW - Black Novillo Leather,2008,WBSVA93538E215202,,E215202,"MSRP.3,ZPP.1,2MT.1,403,494,6FL,655",,"$62,120.00",04-01-2008,550,,,,,,,,,,
A29 - Silverstone Metallic II,,NCSW - Black Novillo Leather,2008,WBSVA93558E215203,,E215203,"MSRP.3,ZCW,ZPP.2,ZTP,2MT.1,507,655",,"$64,770.00",04-01-2008,550,,,,,,,,,,
A73 - Jerez Black Metallic,,NCSW - Black Novillo Leather,2008,WBSVA93578E215204,,E215204,"MSRP.3,ZCW,ZPP.3,ZTP,6FL,653,655,752",,"$65,870.00",04-01-2008,550,,,,,,,,,,
A75 - Melbourne Red Metallic,,NCSW - Black Novillo Leather,2008,WBSVA93598E215205,,E215205,"MSRP.3,ZCW,ZPP.3,2MT.1,302,322,609,655,752",,"$65,570.00",04-01-2008,550,,,,,,,,,,
300 - Alpine White,,NCH2 - Fox Red Novillo Leather,2008,WBSVA93508E215206,,E215206,"MSRP.3,ZPP.2,ZTP",,"$61,075.00",04-02-2008,,,,,,,,,,,
A73 - Jerez Black Metallic,,NCH3 - Beige Novillo Leather,2008,WBSVA93528E215207,,E215207,"MSRP.3,ZCW,ZPP.2,ZTP,2MT.1,302,403,417,507,6FL,655,752",,"$69,095.00",04-02-2008,550,,,,,,,,,,
300 - Alpine White,,NCH2 - Fox Red Novillo Leather,2008,WBSVA93548E215208,,E215208,"MSRP.3,ZCW,ZPP.3,ZTP,2MT.1,507,655",,"$64,220.00",04-02-2008,,,,,,,,,,,
668 - Jet Black,,NCH3 - Beige Novillo Leather,2008,WBSVA93568E215209,,E215209,"MSRP.3,ZPP.2,ZTP,2MT.1,403,494,6FL,655,752",,"$66,720.00",04-02-2008,,,,,,,,,,,
668 - Jet Black,,NCH2 - Fox Red Novillo Leather,2008,WBSVA93528E215210,,E215210,"MSRP.3,ZCW,ZTP,507,771",,"$61,475.00",04-02-2008,950,,,,,,,,,,
A73 - Jerez Black Metallic,,NCSW - Black Novillo Leather,2008,WBSVA93548E215211,,E215211,"MSRP.3,ZCW,ZPP.1,403,609,653",,"$62,875.00",04-02-2008,550,,,,,,,,,,
A22 - Sparkling Graphite Metallic,,NCSW - Black Novillo Leather,2008,WBSVA93568E215212,,E215212,"MSRP.3,ZPP.2,2MT.1,403,507,6FL,655",,"$61,970.00",04-02-2008,550,,,,,,,,,,
300 - Alpine White,,NCH2 - Fox Red Novillo Leather,2008,WBSVA93588E215213,,E215213,"MSRP.3,ZPP.3,ZTP,2MT.1,403,6FL,752",,"$65,625.00",04-02-2008,,,,,,,,,,,
300 - Alpine White,,NCH3 - Beige Novillo Leather,2008,WBSVA935X8E215214,,E215214,"MSRP.3,ZCW,ZPP.2,ZTP,2MT.1,403,417,507,6FL,653,655,752",,"$68,495.00",04-02-2008,,,,,,,,,,,
300 - Alpine White,,NCSW - Black Novillo Leather,2008,WBSVA93518E215215,,E215215,"MSRP.3,ZPP.3,ZTP,2MT.1,403",,"$63,325.00",04-02-2008,,,,,,,,,,,
A29 - Silverstone Metallic II,,NCH1 - Silver Novillo Leather,2008,WBSVA93538E215216,,E215216,"MSRP.3,ZCW,ZPP.1,ZTP,2MT.1,403,6FL,655",,"$65,870.00",04-02-2008,550,,,,,,,,,,
A73 - Jerez Black Metallic,,NCH3 - Beige Novillo Leather,2008,WBSVA93558E215217,,E215217,"MSRP.3,ZCW,ZPP.1,403,609,653",,"$62,875.00",04-02-2008,550,,,,,,,,,,
A73 - Jerez Black Metallic,,NCH3 - Beige Novillo Leather,2008,WBSVA93578E215218,,E215218,"MSRP.3,ZCW,ZPP.1,403,609,653",,"$62,875.00",04-02-2008,550,,,,,,,,,,
A75 - Melbourne Red Metallic,,NCSW - Black Novillo Leather,2008,WBSVA93598E215219,,E215219,"MSRP.3,ZCW,ZPP.1,2MT.1,302,322,403,609,6FL,655,752",,"$67,020.00",04-02-2008,550,,,,,,,,,,
300 - Alpine White,,GEAT - Anthracite/Black Cloth & Leather,2008,WBSVA93558E215220,,E215220,"MSRP.3,465,494,4MY,6FL",,"$57,800.00",04-02-2008,,,,,,,,,,,
A73 - Jerez Black Metallic,,NCH3 - Beige Novillo Leather,2008,WBSVA93578E215221,,E215221,"MSRP.3,ZPP.3,ZTP,2MT.1,494,6FL,752",,"$65,625.00",04-02-2008,550,,,,,,,,,,
300 - Alpine White,,NCH2 - Fox Red Novillo Leather,2008,WBSVA93598E215222,,E215222,"MSRP.3,ZCW,ZPP.3,ZTP,507,6FL,653,655,752",,"$65,670.00",04-02-2008,,,,,,,,,,,
,,NCH2 - Fox Red Novillo Leather,2008,WBSVA93508E215223,,E215223,MSRP.3,,"$56,875.00",04-03-2008,950,,,,,,,,,,
A73 - Jerez Black Metallic,,NCSW - Black Novillo Leather,2008,WBSVA93528E215224,,E215224,"MSRP.3,ZCW,ZPP.3,ZTP,2MT.1,403,417,507,6FL,653,655,752",,"$69,045.00",04-03-2008,550,,,,,,,,,,
A22 - Sparkling Graphite Metallic,,NCSW - Black Novillo Leather,2008,WBSVA93548E215225,,E215225,"MSRP.3,ZPP.3,ZTP,2MT.1,6FL,752",,"$65,125.00",04-03-2008,550,,,,,,,,,,
300 - Alpine White,,NCSW - Black Novillo Leather,2008,WBSVA93568E215226,,E215226,"MSRP.3,ZCW,ZPP.3,ZTP,6FL,655,752",,"$64,970.00",04-03-2008,,,,,,,,,,,
A73 - Jerez Black Metallic,,NCSW - Black Novillo Leather,2008,WBSVA93588E215227,,E215227,"MSRP.3,ZCW,ZPP.1,ZTP,2MT.1,403,507,6FL,653,752",,"$67,875.00",04-03-2008,550,,,,,,,,,,
A73 - Jerez Black Metallic,,NCSW - Black Novillo Leather,2008,WBSVA935X8E215228,,E215228,"MSRP.3,ZCW,ZPP.3,ZTP,2MT.1,403,6FL",,"$65,275.00",04-03-2008,550,,,,,,,,,,
A73 - Jerez Black Metallic,,NCSW - Black Novillo Leather,2008,WBSVA93518E215229,,E215229,"MSRP.3,ZCW,ZPP.3,ZTP,2MT.1,403,6FL,653,655,752",,"$68,120.00",04-03-2008,550,,,,,,,,,,
668 - Jet Black,,NCSW - Black Novillo Leather,2008,WBSVA93588E215230,,E215230,"MSRP.3,ZCW,ZPP.1,ZTP,2MT.1,403,507,6FL,653,655,752",,"$67,920.00",04-03-2008,,,,,,,,,,,
A30 - Interlagos Blue Metallic,,NCSW - Black Novillo Leather,2008,WBSVA935X8E215231,,E215231,"MSRP.3,ZCW,ZPP.1,ZTP,2MT.1,403,6FL,653,752",,"$67,525.00",04-03-2008,550,,,,,,,,,,
A73 - Jerez Black Metallic,,NCSW - Black Novillo Leather,2008,WBSVA93518E215232,,E215232,"MSRP.3,ZCW,ZPP.2,ZTP,2MT.1,403,6FL,653,752",,"$67,525.00",04-03-2008,550,,,,,,,,,,
300 - Alpine White,,NCSW - Black Novillo Leather,2008,WBSVA93538E215233,,E215233,"MSRP.3,ZPP.3,ZTP,2MT.1,403,494,507,6FL,655",,"$65,170.00",04-03-2008,,,,,,,,,,,
668 - Jet Black,,NCSW - Black Novillo Leather,2008,WBSVA93558E215234,,E215234,"MSRP.3,ZPP.1,ZTP,2MT.1,403,6FL,655,752",,"$66,220.00",04-03-2008,,,,,,,,,,,
300 - Alpine White,,NCSW - Black Novillo Leather,2008,WBSVA93578E215235,,E215235,"MSRP.3,ZCW,ZPP.3,ZTP,2MT.1,403,6FL,655",,"$65,320.00",04-03-2008,,,,,,,,,,,
300 - Alpine White,,NCSW - Black Novillo Leather,2008,WBSVA93598E215236,,E215236,"MSRP.3,ZCW,ZPP.3,2MT.1,322,403,609,6FL,653,655,752",,"$66,420.00",04-03-2008,,,,,,,,,,,
668 - Jet Black,,NCH2 - Fox Red Novillo Leather,2008,WBSVA93508E215237,,E215237,"MSRP.3,ZPP.3,ZTP,2MT.1,403,655",,"$63,920.00",04-03-2008,,,,,,,,,,,
A22 - Sparkling Graphite Metallic,,NCH2 - Fox Red Novillo Leather,2008,WBSVA93528E215238,,E215238,"MSRP.3,ZPP.1,ZTP,2MT.1,403,507,6FL,655",,"$65,220.00",04-03-2008,550,,,,,,,,,,
A73 - Jerez Black Metallic,,NCH2 - Fox Red Novillo Leather,2008,WBSVA93548E215239,,E215239,"MSRP.3,ZCW,ZPP.3,ZTP,2MT.1,403,417,507,6FL",,"$66,200.00",04-03-2008,550,,,,,,,,,,
A75 - Melbourne Red Metallic,,NCSW - Black Novillo Leather,2008,WBSVA93508E215240,,E215240,"MSRP.3,ZCW,ZPP.2,ZTP,403,507,6FL,653,655,752",,"$67,270.00",04-03-2008,550,,,,,,,,,,
300 - Alpine White,,NCSW - Black Novillo Leather,2008,WBSVA93528E215241,,E215241,"MSRP.3,ZCW,ZPP.3,322,609,6FL,655,752",,"$63,820.00",04-03-2008,,,,,,,,,,,
A73 - Jerez Black Metallic,,NCSW - Black Novillo Leather,2008,WBSVA93548E215242,,E215242,"MSRP.3,ZPP.3,2MT.1,403,465,655",,"$61,695.00",04-03-2008,550,,,,,,,,,,
300 - Alpine White,,NCH2 - Fox Red Novillo Leather,2008,WBSVA93568E215243,,E215243,"MSRP.3,ZPP.3,2MT.1,465,6FL,655",,"$60,495.00",04-03-2008,,,,,,,,,,,
300 - Alpine White,,NCSW - Black Novillo Leather,2008,WBSVA93588E215244,,E215244,"MSRP.3,ZPP.3,ZTP,2MT.1,494,507,6FL,655",,"$64,120.00",04-03-2008,,,,,,,,,,,
300 - Alpine White,,NCSW - Black Novillo Leather,2008,WBSVA935X8E215245,,E215245,"MSRP.3,ZCW,ZPP.3,ZTP,2MT.1,403,507,6FL,655,752",,"$67,570.00",04-03-2008,,,,,,,,,,,
A29 - Silverstone Metallic II,,NCSW - Black Novillo Leather,2008,WBSVA93518E215246,,E215246,"MSRP.3,ZCW,ZPP.1,ZTP,2MT.1,403,417,507,6FL,653,655,752",,"$69,045.00",04-03-2008,550,,,,,,,,,,
A22 - Sparkling Graphite Metallic,,NCSW - Black Novillo Leather,2008,WBSVA93538E215247,,E215247,"MSRP.3,ZPP.3,ZTP,2MT.1,403,507,6FL,655,752",,"$67,120.00",04-04-2008,550,,,,,,,,,,
A73 - Jerez Black Metallic,,NCSW - Black Novillo Leather,2008,WBSVA93558E215248,,E215248,"MSRP.3,ZPP.3,ZTP,2MT.1,403,6FL,655,752",,"$66,770.00",04-04-2008,550,,,,,,,,,,
668 - Jet Black,,NCH1 - Silver Novillo Leather,2008,WBSVA93578E215249,,E215249,"MSRP.3,ZPP.2,ZTP,2MT.1,403,494,6FL,655,752",,"$66,720.00",04-04-2008,,,,,,,,,,,
A29 - Silverstone Metallic II,,NCH2 - Fox Red Novillo Leather,2008,WBSVA93538E215250,,E215250,"MSRP.3,ZCW,ZPP.3,ZTP,2MT.1,403,752",,"$66,775.00",04-04-2008,550,,,,,,,,,,
A73 - Jerez Black Metallic,,NCSW - Black Novillo Leather,2008,WBSVA93558E215251,,E215251,"MSRP.3,ZCW,ZPP.3,ZTP,2MT.1,403,6FL,653,655,752",,"$68,120.00",04-04-2008,550,,,,,,,,,,
A29 - Silverstone Metallic II,,NCH2 - Fox Red Novillo Leather,2008,WBSVA93578E215252,,E215252,"MSRP.3,ZCW,ZPP.2,ZTP,2MT.1,403,417,6FL,653,655,752",,"$68,695.00",04-04-2008,550,,,,,,,,,,
A73 - Jerez Black Metallic,,NCSW - Black Novillo Leather,2008,WBSVA93598E215253,,E215253,"MSRP.3,ZCW,ZPP.3,ZTP,2MT.1,403,6FL,653,655,752",,"$68,120.00",04-04-2008,550,,,,,,,,,,
668 - Jet Black,,NCSW - Black Novillo Leather,2008,WBSVA93508E215254,,E215254,"MSRP.3,ZPP.3,ZTP,2MT.1,403,6FL,655",,"$64,320.00",04-04-2008,,,,,,,,,,,
300 - Alpine White,,NCSW - Black Novillo Leather,2008,WBSVA93528E215255,,E215255,"MSRP.3,ZCW,ZPP.3,ZTP,2MT.1,403,417,507,6FL,653,655,752",,"$68,495.00",04-04-2008,,,,,,,,,,,
A73 - Jerez Black Metallic,,NCSW - Black Novillo Leather,2008,WBSVA93548E215256,,E215256,"MSRP.3,ZCW,ZPP.3,ZTP,2MT.1,403,655,752",,"$67,370.00",04-04-2008,550,,,,,,,,,,
668 - Jet Black,,NCSW - Black Novillo Leather,2008,WBSVA93568E215257,,E215257,"MSRP.3,ZCW,ZPP.3,ZTP,2MT.1,403,507,6FL,655,752",,"$67,570.00",04-04-2008,,,,,,,,,,,
A30 - Interlagos Blue Metallic,,NCSW - Black Novillo Leather,2008,WBSVA93588E215258,,E215258,"MSRP.3,ZCW,ZPP.3,ZTP,2MT.1,403,6FL,752",,"$67,175.00",04-04-2008,550,,,,,,,,,,
A22 - Sparkling Graphite Metallic,,NCSW - Black Novillo Leather,2008,WBSVA935X8E215259,,E215259,"MSRP.3,ZCW,ZPP.3,ZTP,2MT.1,403,507,6FL,653,655,752",,"$68,470.00",04-04-2008,550,,,,,,,,,,
A73 - Jerez Black Metallic,,NCSW - Black Novillo Leather,2008,WBSVA93568E215260,,E215260,"MSRP.3,ZCW,ZPP.3,ZTP,2MT.1,403,655",,"$65,470.00",04-04-2008,550,,,,,,,,,,
668 - Jet Black,,NCSW - Black Novillo Leather,2008,WBSVA93588E215261,,E215261,"MSRP.3,ZPP.3,ZTP,2MT.1,403,6FL,655,752",,"$66,220.00",04-04-2008,,,,,,,,,,,
A73 - Jerez Black Metallic,,NCSW - Black Novillo Leather,2008,WBSVA935X8E215262,,E215262,"MSRP.3,ZCW,ZPP.1,ZTP,2MT.1,403,507,6FL,655,752",,"$68,120.00",04-04-2008,550,,,,,,,,,,
A73 - Jerez Black Metallic,,NCH3 - Beige Novillo Leather,2008,WBSVA93518E215263,,E215263,"MSRP.3,ZCW,ZPP.1,403,609,653",,"$62,875.00",04-04-2008,550,,,,,,,,,,
A73 - Jerez Black Metallic,,NCSW - Black Novillo Leather,2008,WBSVA93538E215264,,E215264,"MSRP.3,ZCW,ZPP.1,403,609,653",,"$62,875.00",04-04-2008,550,,,,,,,,,,
A73 - Jerez Black Metallic,,NCSW - Black Novillo Leather,2008,WBSVA93558E215265,,E215265,"MSRP.3,ZCW,ZPP.1,403,609,653",,"$62,875.00",04-04-2008,550,,,,,,,,,,
A73 - Jerez Black Metallic,,NCSW - Black Novillo Leather,2008,WBSVA93578E215266,,E215266,"MSRP.3,ZCW,ZPP.1,403,609,653",,"$62,875.00",04-04-2008,550,,,,,,,,,,
A73 - Jerez Black Metallic,,NCH3 - Beige Novillo Leather,2008,WBSVA93598E215267,,E215267,"MSRP.3,ZCW,ZPP.1,403,609,653",,"$62,875.00",04-04-2008,550,,,,,,,,,,
A73 - Jerez Black Metallic,,NCSW - Black Novillo Leather,2008,WBSVA93508E215268,,E215268,"MSRP.3,ZCW,ZPP.1,403,507,609,653,655",,"$63,820.00",04-04-2008,550,,,,,,,,,,
A22 - Sparkling Graphite Metallic,,NCSW - Black Novillo Leather,2008,WBSVA93528E215269,,E215269,"MSRP.3,ZCW,ZPP.2,ZTP,2MT.1,403,6FL,655,752",,"$67,770.00",04-04-2008,550,,,,,,,,,,
A22 - Sparkling Graphite Metallic,,NCSW - Black Novillo Leather,2008,WBSVA93598E215270,,E215270,"MSRP.3,ZPP.3,2MT.1,223,507,6FL",,"$61,325.00",04-04-2008,550,,,,,,,,,,
300 - Alpine White,,NCH1 - Silver Novillo Leather,2008,WBSVA93508E215271,,E215271,"MSRP.3,ZPP.2,ZTP,2MT.1,465,507,6FL,653,655,752",,"$66,345.00",04-05-2008,,,,,,,,,,,
A22 - Sparkling Graphite Metallic,,NCH2 - Fox Red Novillo Leather,2008,WBSVA93528E215272,,E215272,"MSRP.3,ZPP.2,ZTP,6FL,752",,"$63,925.00",04-05-2008,550,,,,,,,,,,
300 - Alpine White,,NCH2 - Fox Red Novillo Leather,2008,WBSVA93548E215273,,E215273,"MSRP.3,ZPP.1,655",,"$58,420.00",04-05-2008,,,,,,,,,,,
A22 - Sparkling Graphite Metallic,,NCH3 - Beige Novillo Leather,2008,WBSVA93568E215274,,E215274,"MSRP.3,ZCW,ZPP.2,403,863",,"$60,425.00",04-05-2008,550,,,,,,,,,,
668 - Jet Black,,NCSW - Black Novillo Leather,2008,WBSVA93588E215275,,E215275,"MSRP.3,ZPP.3,ZTP,465,507,6FL,655,752",,"$64,795.00",04-05-2008,,,,,,,,,,,
A22 - Sparkling Graphite Metallic,,NCH1 - Silver Novillo Leather,2008,WBSVA935X8E215276,,E215276,"MSRP.3,ZPP.2,ZTP,2MT.1,403,417,465,494,6FL,655,752",,"$68,320.00",04-05-2008,550,,,,,,,,,,
300 - Alpine White,,NCH2 - Fox Red Novillo Leather,2008,WBSVA93518E215277,,E215277,"MSRP.3,ZPP.1,655",,"$58,420.00",04-05-2008,,,,,,,,,,,
A29 - Silverstone Metallic II,,NDH3 - Beige Novillo Extended Leather,2008,WBSVA93538E215278,,E215278,"MSRP.3,ZPP.2,ZTP,2MT.1,403,6FL",,"$65,375.00",04-05-2008,550/1100,,,,,,,,,,
300 - Alpine White,,NCSW - Black Novillo Leather,2008,WBSVA93558E215279,,E215279,"MSRP.3,ZPP.3,ZTP,2MT.1,403,494,507,6FL,653,752",,"$66,825.00",04-05-2008,,,,,,,,,,,
A29 - Silverstone Metallic II,,NDH1 - Silver Novillo Extended Leather,2008,WBSVA93518E215280,,E215280,"MSRP.3,ZPP.3,2MT.1,223,403,507",,"$63,075.00",04-05-2008,550/1100,,,,,,,,,,
A75 - Melbourne Red Metallic,,NCSW - Black Novillo Leather,2008,WBSVA93538E215281,,E215281,"MSRP.3,ZPP.3,2MT.1,403,494,6FL,655",,"$62,120.00",04-05-2008,550,,,,,,,,,,
668 - Jet Black,,NCH3 - Beige Novillo Leather,2008,WBSVA93558E215282,,E215282,"MSRP.3,ZCW,2MT.1,403,6FL,655,771",,"$61,120.00",04-05-2008,950,,,,,,,,,,
A73 - Jerez Black Metallic,,NCSW - Black Novillo Leather,2008,WBSVA93578E215283,,E215283,"MSRP.3,ZPP.3,2MT.1,403,494,6FL,655",,"$62,120.00",04-05-2008,550,,,,,,,,,,
A29 - Silverstone Metallic II,,NCSW - Black Novillo Leather,2008,WBSVA93598E215284,,E215284,"MSRP.3,ZCW,ZPP.3,2MT.1,403,6FL,655",,"$62,620.00",04-05-2008,550,,,,,,,,,,
A73 - Jerez Black Metallic,,NCH3 - Beige Novillo Leather,2008,WBSVA93508E215285,,E215285,"MSRP.3,ZPP.2,ZTP,2MT.1,403,6FL,655",,"$64,870.00",04-05-2008,550,,,,,,,,,,
A22 - Sparkling Graphite Metallic,,NCSW - Black Novillo Leather,2008,WBSVA93528E215286,,E215286,"MSRP.3,ZCW,ZPP.3,ZTP,2MT.1,403,507,655,752",,"$67,720.00",04-05-2008,550,,,,,,,,,,
A73 - Jerez Black Metallic,,NCSW - Black Novillo Leather,2008,WBSVA93548E215287,,E215287,"MSRP.3,ZCW,ZPP.3,ZTP,2MT.1,403,6FL,752",,"$67,175.00",04-05-2008,550,,,,,,,,,,
300 - Alpine White,,NDH1 - Silver Novillo Extended Leather,2008,WBSVA93568E215288,,E215288,"MSRP.3,ZPP.3,ZTP,2MT.1,403,417,465,494,507,6FL,655,752",,"$69,220.00",04-07-2008,1100,,,,,,,,,,
A73 - Jerez Black Metallic,,NCH1 - Silver Novillo Leather,2008,WBSVA93588E215289,,E215289,"MSRP.3,ZPP.3,ZTP,2MT.1,403,465,507,6FL,653,655,752",,"$67,945.00",04-07-2008,550,,,,,,,,,,
300 - Alpine White,,NDH3 - Beige Novillo Extended Leather,2008,WBSVA93548E215290,,E215290,"MSRP.3,ZCW,ZPP.2,ZTP,403,653,655,752",,"$67,070.00",04-07-2008,1100,,,,,,,,,,
668 - Jet Black,,NCSW - Black Novillo Leather,2008,WBSVA93568E215291,,E215291,"MSRP.3,ZPP.3,ZTP,403,465,494,6FL,653,655,752",,"$66,345.00",04-07-2008,,,,,,,,,,,
A73 - Jerez Black Metallic,,NCH3 - Beige Novillo Leather,2008,WBSVA93588E215292,,E215292,"MSRP.3,ZCW,ZPP.3,ZTP,2MT.1,403,507,6FL,655,752",,"$68,120.00",04-07-2008,550,,,,,,,,,,
668 - Jet Black,,NCSW - Black Novillo Leather,2008,WBSVA935X8E215293,,E215293,"MSRP.3,ZPP.3,ZTP,2MT.1,403,465,507,6FL,655,752",,"$67,045.00",04-07-2008,,https://bringatrailer.com/listing/2008-bmw-m3-sedan-63/,,,,,,,,,
A73 - Jerez Black Metallic,,NCSW - Black Novillo Leather,2008,WBSVA93518E215294,,E215294,"MSRP.3,ZCW,ZPP.3,ZTP,2MT.1,403,417,507,6FL,653,752",,"$68,450.00",04-07-2008,550,,,,,,,,,,
668 - Jet Black,,NCSW - Black Novillo Leather,2008,WBSVA93538E215295,,E215295,"MSRP.3,ZPP.3,ZTP,2MT.1,403,465,494,6FL,653,655,752",,"$67,545.00",04-07-2008,,,,,,,,,,,
A75 - Melbourne Red Metallic,,NCH3 - Beige Novillo Leather,2008,WBSVA93558E215296,,E215296,"MSRP.3,ZPP.3,ZTP,302,403,465,494,6FL,655,752",,"$66,945.00",04-07-2008,550,,,,,,,,,,
668 - Jet Black,,NDH1 - Silver Novillo Extended Leather,2008,WBSVA93578E215297,,E215297,"MSRP.3,ZPP.3,ZTP,2MT.1,403,417,465,494,507,6FL,655,752",,"$69,220.00",04-07-2008,1100,,,,,,,,,,
300 - Alpine White,,NDH2 - Fox Red Extended Leather,2008,WBSVA93598E215298,,E215298,"MSRP.3,ZPP.3,ZTP,2MT.1,465,494,507,6FL,655,752",,"$67,595.00",04-07-2008,1100,,,,,,,,,,
A30 - Interlagos Blue Metallic,,NCSW - Black Novillo Leather,2008,WBSVA93508E215299,,E215299,"MSRP.3,ZPP.1,ZTP,655",,"$62,220.00",04-07-2008,550,,,,,,,,,,
668 - Jet Black,,NCSW - Black Novillo Leather,2008,WBSVA93538E215300,,E215300,"MSRP.3,ZPP.2,2MT.1,609,6FL",,"$61,525.00",04-07-2008,,,,,,,,,,,
300 - Alpine White,,NDH2 - Fox Red Extended Leather,2008,WBSVA93558E215301,,E215301,"MSRP.3,ZPP.3,ZTP,2MT.1,417,507,6FL,752",,"$66,600.00",04-07-2008,1100,,,,,,,,,,
668 - Jet Black,,NDSW - Black Extended Novillo Leather,2008,WBSVA93578E215302,,E215302,"MSRP.3,ZPP.3,ZTP,2MT.1,403,494,6FL,653,655,752",,"$68,170.00",04-07-2008,1100,,,,,,,,,,
A22 - Sparkling Graphite Metallic,,NCSW - Black Novillo Leather,2008,WBSVA93598E215303,,E215303,"MSRP.3,ZPP.1,ZTP,2MT.1,465,6FL,653,655,752",,"$66,545.00",04-07-2008,550,,,,,,,,,,
A29 - Silverstone Metallic II,,NDSW - Black Extended Novillo Leather,2008,WBSVA93508E215304,,E215304,"MSRP.3,ZCW,ZPP.1,ZTP,2MT.1,403,417,507,6FL,653,655,752",,"$70,145.00",04-07-2008,550/1100,,,,,,,,,,
668 - Jet Black,,NCSW - Black Novillo Leather,2008,WBSVA93528E215305,,E215305,"MSRP.3,ZPP.2,ZTP,2MT.1,465,507,6FL,653,655,752",,"$66,345.00",04-07-2008,,,,,,,,,,,
A29 - Silverstone Metallic II,,NDSW - Black Extended Novillo Leather,2008,WBSVA93548E215306,,E215306,"MSRP.3,ZPP.3,ZTP,2MT.1,403,417,494,507,6FL,655,752",,"$69,295.00",04-07-2008,550/1100,,,,,,,,,,
300 - Alpine White,,NCH1 - Silver Novillo Leather,2008,WBSVA93568E215307,,E215307,"MSRP.3,ZCW,ZPP.2,ZTP,2MT.1,507,6FL,653,655",,"$64,970.00",04-07-2008,,,,,,,,,,,
300 - Alpine White,,NDSW - Black Extended Novillo Leather,2008,WBSVA93588E215308,,E215308,"MSRP.3,ZCW,ZPP.3,ZTP,2MT.1,507,6FL,653,752",,"$67,375.00",04-07-2008,1100,,,,,,,,,,
A30 - Interlagos Blue Metallic,,NCH1 - Silver Novillo Leather,2008,WBSVA935X8E215309,,E215309,"MSRP.3,ZTP,4MY,507,655",,"$62,120.00",04-07-2008,550/950,,,,,,,,,,
300 - Alpine White,,NDSW - Black Extended Novillo Leather,2008,WBSVA93568E215310,,E215310,"MSRP.3,ZPP.1,ZTP,2MT.1,403,465,494,507,6FL,653,752",,"$68,400.00",04-07-2008,1100,,,,,,,,,,
A29 - Silverstone Metallic II,,NDH1 - Silver Novillo Extended Leather,2008,WBSVA93588E215311,,E215311,"MSRP.3,223,403,465,494,4MY,507,609",,"$64,450.00",04-07-2008,550/2000,,,,,,,,,,
A29 - Silverstone Metallic II,,NCSW - Black Novillo Leather,2008,WBSVA935X8E215312,,E215312,"MSRP.3,ZCW,ZPP.3,ZTP,2MT.1,403,6FL,752",,"$67,175.00",04-08-2008,550,,,,,,,,,,
A73 - Jerez Black Metallic,,NCSW - Black Novillo Leather,2008,WBSVA93518E215313,,E215313,"MSRP.3,ZCW,ZPP.3,ZTP,403,417,507,6FL,653,752",,"$67,250.00",04-08-2008,550,,,,,,,,,,
A73 - Jerez Black Metallic,,NCH2 - Fox Red Novillo Leather,2008,WBSVA93538E215314,,E215314,"MSRP.3,ZPP.1,ZTP,2MT.1,403,494,507,6FL,655,752",,"$67,620.00",04-08-2008,550,,,,,,,,,,
668 - Jet Black,,NDSW - Black Extended Novillo Leather,2008,WBSVA93558E215315,,E215315,"MSRP.3,ZPP.1,ZTP,2MT.1,403,417,465,494,507,6FL,653,655,752",,"$69,570.00",04-08-2008,1100,,,,,,,,,,
300 - Alpine White,,NCH3 - Beige Novillo Leather,2008,WBSVA93578E215316,,E215316,"MSRP.3,ZCW,ZPP.2,ZTP,2MT.1,403,6FL,655,752",,"$67,220.00",04-08-2008,,,,,,,,,,,
668 - Jet Black,,NCSW - Black Novillo Leather,2008,WBSVA93598E215317,,E215317,"MSRP.3,ZCW,ZPP.2,ZTP,2MT.1,403,6FL,653,655,752",,"$67,570.00",04-08-2008,,,,,,,,,,,
A73 - Jerez Black Metallic,,NCH3 - Beige Novillo Leather,2008,WBSVA93508E215318,,E215318,"MSRP.3,ZCW,ZPP.2,ZTP,2MT.1,403,6FL,653,655",,"$66,220.00",04-08-2008,550,,,,,,,,,,
A22 - Sparkling Graphite Metallic,,NCSW - Black Novillo Leather,2008,WBSVA93528E215319,,E215319,"MSRP.3,ZCW,ZPP.3,ZTP,2MT.1,403,655,752",,"$67,370.00",04-08-2008,550,,,,,,,,,,
A30 - Interlagos Blue Metallic,,NCSW - Black Novillo Leather,2008,WBSVA93598E215320,,E215320,"MSRP.3,ZCW,ZPP.3,ZTP,2MT.1,403,507,6FL,655,752",,"$68,120.00",04-08-2008,550,,,,,,,,,,
A30 - Interlagos Blue Metallic,,NCSW - Black Novillo Leather,2008,WBSVA93508E215321,,E215321,"MSRP.3,ZPP.3,ZTP,2MT.1,403,417,494,507,6FL,653",,"$66,050.00",04-08-2008,550,,,,,,,,,,
668 - Jet Black,,NCSW - Black Novillo Leather,2008,WBSVA93528E215322,,E215322,"MSRP.3,ZCW,ZPP.3,ZTP,2MT.1,403,507,6FL,655,752",,"$67,570.00",04-08-2008,,,,,,,,,,,
668 - Jet Black,,NDSW - Black Extended Novillo Leather,2008,WBSVA93548E215323,,E215323,"MSRP.3,ZPP.3,ZTP,2MT.1,403,465,6FL,655,752",,"$67,795.00",04-08-2008,1100,,,,,,,,,,
668 - Jet Black,,NDSW - Black Extended Novillo Leather,2008,WBSVA93568E215324,,E215324,"MSRP.3,ZPP.3,ZTP,2MT.1,403,494,507,6FL,653,655,752",,"$68,520.00",04-08-2008,1100,,,,,,,,,,
668 - Jet Black,,NCSW - Black Novillo Leather,2008,WBSVA93588E215325,,E215325,"MSRP.3,ZPP.2,403,465,507,6FL",,"$60,100.00",04-08-2008,,,,,,,,,,,
A29 - Silverstone Metallic II,,NCSW - Black Novillo Leather,2008,WBSVA935X8E215326,,E215326,"MSRP.3,ZCW,ZPP.1,ZTP,2MT.1,403,507,6FL,653,655,752",,"$68,470.00",04-08-2008,550,,,,,,,,,,
A30 - Interlagos Blue Metallic,,NCSW - Black Novillo Leather,2008,WBSVA93518E215327,,E215327,"MSRP.3,ZCW,ZPP.3,ZTP,6FL,655",,"$63,620.00",04-08-2008,550,,,,,,,,,,
A22 - Sparkling Graphite Metallic,,NCSW - Black Novillo Leather,2008,WBSVA93538E215328,,E215328,"MSRP.3,ZCW,ZPP.1,2MT.1,302,322,403,417,507,6FL,655,752",,"$65,845.00",04-08-2008,550,,,,,,,,,,
300 - Alpine White,,NCH1 - Silver Novillo Leather,2008,WBSVA93558E215329,,E215329,"MSRP.3,ZCW,ZPP.1,ZTP,2MT.1,417,507,6FL,752",,"$66,500.00",04-08-2008,,,,,,,,,,,
A73 - Jerez Black Metallic,,NDH2 - Fox Red Extended Leather,2008,WBSVA93518E215330,,E215330,"MSRP.3,ZPP.2,ZTP,2MT.1,403,507,6FL,752",,"$67,625.00",04-08-2008,550/1100,,,,,,,,,,
300 - Alpine White,,NCSW - Black Novillo Leather,2008,WBSVA93538E215331,,E215331,"MSRP.3,ZCW,ZPP.3,ZTP,2MT.1,403,507,6FL,653,655,752",,"$67,920.00",04-08-2008,,,,,,,,,,,
668 - Jet Black,,NCSW - Black Novillo Leather,2008,WBSVA93558E215332,,E215332,"MSRP.3,ZCW,ZPP.3,ZTP,403,6FL,653,655,752",,"$66,370.00",04-08-2008,,,,,,,,,,,
A73 - Jerez Black Metallic,,NCSW - Black Novillo Leather,2008,WBSVA93578E215333,,E215333,"MSRP.3,ZCW,ZPP.1,ZTP,403,507,6FL,653,655,752",,"$67,270.00",04-08-2008,550,,,,,,,,,,
668 - Jet Black,,NCSW - Black Novillo Leather,2008,WBSVA93598E215334,,E215334,"MSRP.3,ZCW,ZPP.3,ZTP,403,6FL,653,752",,"$65,775.00",04-08-2008,,,,,,,,,,,
A75 - Melbourne Red Metallic,,NCH3 - Beige Novillo Leather,2008,WBSVA93508E215335,,E215335,"MSRP.3,ZCW,ZTP,2MT.1,403,4MY,507,6FL,655",,"$65,770.00",04-09-2008,550/950,,,,,,,,,,
A73 - Jerez Black Metallic,,NDSW - Black Extended Novillo Leather,2008,WBSVA93528E215336,,E215336,"MSRP.3,ZPP.3,ZTP,2MT.1,403,494,6FL,655,752",,"$68,370.00",04-09-2008,550/1100,,,,,,,,,,
668 - Jet Black,,NCSW - Black Novillo Leather,2008,WBSVA93548E215337,,E215337,"MSRP.3,ZCW,ZPP.3,ZTP,403,6FL,655,752",,"$66,020.00",04-09-2008,,,,,,,,,,,
A22 - Sparkling Graphite Metallic,,NCH1 - Silver Novillo Leather,2008,WBSVA93568E215338,,E215338,"MSRP.3,ZPP.1,ZTP,2MT.1,403,494,6FL,655,752",,"$67,270.00",04-09-2008,550,,,,,,,,,,
668 - Jet Black,,NCSW - Black Novillo Leather,2008,WBSVA93588E215339,,E215339,"MSRP.3,ZPP.3,ZTP,2MT.1,403,494,6FL,655",,"$64,820.00",04-09-2008,,,,,,,,,,,
300 - Alpine White,,NDSW - Black Extended Novillo Leather,2008,WBSVA93548E215340,,E215340,"MSRP.3,ZCW,ZPP.2,ZTP,2MT.1,403,417,507,6FL,653,655,752",,"$69,595.00",04-09-2008,1100,,,,,,,,,,
A73 - Jerez Black Metallic,,NCSW - Black Novillo Leather,2008,WBSVA93568E215341,,E215341,"MSRP.3,ZCW,ZPP.2,ZTP,403,6FL,655,752",,"$66,570.00",04-09-2008,550,,,,,,,,,,
668 - Jet Black,,NCSW - Black Novillo Leather,2008,WBSVA93588E215342,,E215342,"MSRP.3,ZCW,ZPP.3,ZTP,403,6FL,752",,"$65,425.00",04-09-2008,,,,,,,,,,,
300 - Alpine White,,NCH2 - Fox Red Novillo Leather,2008,WBSVA935X8E215343,,E215343,"MSRP.3,ZPP.2,ZTP,2MT.1,403,494,6FL",,"$64,225.00",04-09-2008,,,,,,,,,,,
A30 - Interlagos Blue Metallic,,NCSW - Black Novillo Leather,2008,WBSVA93518E215344,,E215344,"MSRP.3,ZPP.3,ZTP,2MT.1,403,494,507,655",,"$65,320.00",04-09-2008,550,,,,,,,,,,
A29 - Silverstone Metallic II,,NCSW - Black Novillo Leather,2008,WBSVA93538E215345,,E215345,"MSRP.3,ZPP.3,ZTP,403,6FL,655,752",,"$65,570.00",04-09-2008,550,,,,,,,,,,
A22 - Sparkling Graphite Metallic,,NCSW - Black Novillo Leather,2008,WBSVA93558E215346,,E215346,"MSRP.3,ZCW,ZPP.1,ZTP,2MT.1,403,417,507,6FL,653,655,752",,"$69,045.00",04-09-2008,550,,,,,,,,,,
668 - Jet Black,,NCSW - Black Novillo Leather,2008,WBSVA93578E215347,,E215347,"MSRP.3,ZPP.3,ZTP,403,494,507,6FL,653,655,752",,"$66,220.00",04-09-2008,,,,,,,,,,,
A22 - Sparkling Graphite Metallic,,NCSW - Black Novillo Leather,2008,WBSVA93598E215348,,E215348,"MSRP.3,ZPP.3,ZTP,403,494,507,6FL,653,655,752",,"$66,770.00",04-09-2008,550,,,,,,,,,,
A75 - Melbourne Red Metallic,,NCSW - Black Novillo Leather,2008,WBSVA93508E215349,,E215349,"MSRP.3,ZCW,ZPP.3,ZTP,2MT.1,403,6FL,752",,"$67,175.00",04-09-2008,550,,,,,,,,,,
300 - Alpine White,,NCH2 - Fox Red Novillo Leather,2008,WBSVA93578E215350,,E215350,"MSRP.3,ZCW,403,417,4MZ",,"$60,000.00",04-09-2008,950,,,,,,,,,,
A73 - Jerez Black Metallic,,NCSW - Black Novillo Leather,2008,WBSVA93598E215351,,E215351,"MSRP.3,ZCW,ZPP.1,ZTP,2MT.1,403,507,6FL,653,752",,"$67,875.00",04-09-2008,550,,,,,,,,,,
300 - Alpine White,,NCSW - Black Novillo Leather,2008,WBSVA93508E215352,,E215352,"MSRP.3,ZCW,ZPP.3,ZTP,2MT.1,6FL,655",,"$64,270.00",04-09-2008,,,,,,,,,,,
A30 - Interlagos Blue Metallic,,NCSW - Black Novillo Leather,2008,WBSVA93528E215353,,E215353,"MSRP.3,ZCW,ZPP.1,ZTP,655,752",,"$65,120.00",04-09-2008,550,,,,,,,,,,
A73 - Jerez Black Metallic,,NCH2 - Fox Red Novillo Leather,2008,WBSVA93548E215354,,E215354,"MSRP.3,ZCW,ZPP.3,ZTP,6FL,655,752",,"$65,520.00",04-09-2008,550,,,,,,,,,,
A73 - Jerez Black Metallic,,NCH2 - Fox Red Novillo Leather,2008,WBSVA93568E215355,,E215355,"MSRP.3,ZCW,ZPP.3,ZTP,6FL,655,752",,"$65,520.00",04-09-2008,550,,,,,,,,,,
A29 - Silverstone Metallic II,,NCSW - Black Novillo Leather,2008,WBSVA93588E215356,,E215356,"MSRP.3,ZPP.3,ZTP,507,6FL",,"$62,375.00",04-09-2008,550,,,,,,,,,,
300 - Alpine White,,NCSW - Black Novillo Leather,2008,WBSVA935X8E215357,,E215357,"MSRP.3,ZCW,ZPP.1,ZTP,2MT.1,403,417",,"$64,900.00",04-09-2008,,,,,,,,,,,
300 - Alpine White,,NCSW - Black Novillo Leather,2008,WBSVA93518E215358,,E215358,"MSRP.3,ZCW,ZPP.3,ZTP,403,507,6FL,752",,"$65,775.00",04-09-2008,,,,,,,,,,,
A73 - Jerez Black Metallic,,NCSW - Black Novillo Leather,2008,WBSVA93538E215359,,E215359,"MSRP.3,ZPP.1,ZTP,2MT.1,403,494,6FL",,"$64,775.00",04-10-2008,550,,,,,,,,,,
A73 - Jerez Black Metallic,,NCSW - Black Novillo Leather,2008,WBSVA935X8E215360,,E215360,"MSRP.3,ZPP.3,ZTP,2MT.1,403,494,6FL,653",,"$65,125.00",04-10-2008,550,,,,,,,,,,
668 - Jet Black,,NCSW - Black Novillo Leather,2008,WBSVA93518E215361,,E215361,"MSRP.3,ZCW,ZPP.3,ZTP,403,6FL,655,752",,"$66,020.00",04-10-2008,,,,,,,,,,,
A73 - Jerez Black Metallic,,NCSW - Black Novillo Leather,2008,WBSVA93538E215362,,E215362,"MSRP.3,ZPP.3,ZTP,2MT.1,403,417,494,6FL,752",,"$67,250.00",04-10-2008,550,,,,,,,,,,
668 - Jet Black,,NCSW - Black Novillo Leather,2008,WBSVA93558E215363,,E215363,"MSRP.3,ZPP.1,ZTP,403,655,752",,"$64,620.00",04-10-2008,,,,,,,,,,,
A29 - Silverstone Metallic II,,NCSW - Black Novillo Leather,2008,WBSVA93578E215364,,E215364,"MSRP.3,ZCW,ZPP.3,ZTP,2MT.1,403,6FL,752",,"$67,175.00",04-10-2008,550,,,,,,,,,,
A29 - Silverstone Metallic II,,NCSW - Black Novillo Leather,2008,WBSVA93598E215365,,E215365,"MSRP.3,ZPP.3,ZTP,2MT.1,403,507,6FL",,"$64,625.00",04-10-2008,550,,,,,,,,,,
A29 - Silverstone Metallic II,,NCSW - Black Novillo Leather,2008,WBSVA93508E215366,,E215366,"MSRP.3,ZCW,ZPP.1,ZTP,403,6FL,655,752",,"$66,570.00",04-10-2008,550,,,,,,,,,,
300 - Alpine White,,NCSW - Black Novillo Leather,2008,WBSVA93528E215367,,E215367,"MSRP.3,ZPP.3,ZTP,2MT.1,403,507,6FL,655,752",,"$66,570.00",04-10-2008,,,,,,,,,,,
A29 - Silverstone Metallic II,,NCSW - Black Novillo Leather,2008,WBSVA93548E215368,,E215368,"MSRP.3,ZCW,ZPP.3,ZTP,403,6FL",,"$64,075.00",04-10-2008,550,,,,,,,,,,
300 - Alpine White,,NCH2 - Fox Red Novillo Leather,2008,WBSVA93568E215369,,E215369,"MSRP.3,ZCW,ZPP.1,ZTP,302,403,507,6FL,655",,"$64,870.00",04-10-2008,,,,,,,,,,,
A75 - Melbourne Red Metallic,,NCSW - Black Novillo Leather,2008,WBSVA93528E215370,,E215370,"MSRP.3,ZCW,ZPP.3,ZTP,2MT.1,403,6FL,655",,"$65,870.00",04-10-2008,550,,,,,,,,,,
300 - Alpine White,,NCSW - Black Novillo Leather,2008,WBSVA93548E215371,,E215371,"MSRP.3,ZPP.3,ZTP,2MT.1,403,6FL",,"$63,725.00",04-10-2008,,,,,,,,,,,
A75 - Melbourne Red Metallic,,NCSW - Black Novillo Leather,2008,WBSVA93568E215372,,E215372,"MSRP.3,ZCW,ZPP.3,ZTP,403,6FL,655",,"$64,670.00",04-10-2008,550,,,,,,,,,,
A75 - Melbourne Red Metallic,,NCH3 - Beige Novillo Leather,2008,WBSVA93588E215373,,E215373,"MSRP.3,ZCW,ZPP.3,ZTP,2MT.1,403,6FL,655,752",,"$67,770.00",04-10-2008,550,,,,,,,,,,
A29 - Silverstone Metallic II,,NCSW - Black Novillo Leather,2008,WBSVA935X8E215374,,E215374,"MSRP.3,ZCW,ZPP.3,ZTP,403,6FL,655,752",,"$66,570.00",04-10-2008,550,,,,,,,,,,
A73 - Jerez Black Metallic,,NCH2 - Fox Red Novillo Leather,2008,WBSVA93518E215375,,E215375,"MSRP.3,ZCW,ZPP.2,ZTP,417,6FL,653,655,752",,"$66,445.00",04-10-2008,550,,,,,,,,,,
A22 - Sparkling Graphite Metallic,,GEAT - Anthracite/Black Cloth & Leather,2008,WBSVA93538E215376,,E215376,"MSRP.3,639,771",,"$57,225.00",04-10-2008,550,,,,,,,,,,
A73 - Jerez Black Metallic,,NCH3 - Beige Novillo Leather,2008,WBSVA93558E215377,,E215377,"MSRP.3,ZCW,ZPP.2,322,403,417,507,609,6FL,655,752",,"$66,345.00",04-10-2008,550,,,,,,,,,,
668 - Jet Black,,NCSW - Black Novillo Leather,2008,WBSVA93578E215378,,E215378,"MSRP.3,ZCW,ZPP.3,ZTP,403,6FL,752",,"$65,425.00",04-10-2008,,,,,,,,,,,
A29 - Silverstone Metallic II,,NCSW - Black Novillo Leather,2008,WBSVA93598E215379,,E215379,"MSRP.3,ZPP.3,ZTP,2MT.1,403,494,6FL,653,655,752",,"$67,620.00",04-11-2008,550,,,,,,,,,,
A29 - Silverstone Metallic II,,NCSW - Black Novillo Leather,2008,WBSVA93558E215380,,E215380,"MSRP.3,ZPP.3,ZTP,2MT.1,417,465,494,507,6FL,655,752",,"$67,620.00",04-11-2008,550,,,,,,,,,,
A30 - Interlagos Blue Metallic,,NCSW - Black Novillo Leather,2008,WBSVA93578E215381,,E215381,"MSRP.3,ZCW,ZPP.3,ZTP,2MT.1,403,6FL,655",,"$65,870.00",04-11-2008,550,,,,,,,,,,
A73 - Jerez Black Metallic,,NCSW - Black Novillo Leather,2008,WBSVA93598E215382,,E215382,"MSRP.3,ZCW,ZPP.1,2MT.1,403,609,6FL,655",,"$64,720.00",04-11-2008,550,,,,,,,,,,
300 - Alpine White,,NCH2 - Fox Red Novillo Leather,2008,WBSVA93508E215383,,E215383,"MSRP.3,ZPP.1,655",,"$58,420.00",04-11-2008,,,,,,,,,,,
A73 - Jerez Black Metallic,,NCSW - Black Novillo Leather,2008,WBSVA93528E215384,,E215384,"MSRP.3,ZPP.3,2MT.1,403,417,494,6FL",,"$62,100.00",04-11-2008,550,,,,,,,,,,
A30 - Interlagos Blue Metallic,,NCH3 - Beige Novillo Leather,2008,WBSVA93548E215385,,E215385,"MSRP.3,ZPP.2,2MT.1,403,6FL,655",,"$61,620.00",04-11-2008,550,,,,,,,,,,
300 - Alpine White,,NCSW - Black Novillo Leather,2008,WBSVA93568E215386,,E215386,"MSRP.3,ZPP.3,2MT.1,403,494,6FL",,"$60,975.00",04-11-2008,,,,,,,,,,,
A73 - Jerez Black Metallic,,NCSW - Black Novillo Leather,2008,WBSVA93588E215387,,E215387,"MSRP.3,ZCW,ZPP.3,ZTP,403,507,6FL,653,655,752",,"$67,270.00",04-11-2008,550,,,,,,,,,,
A22 - Sparkling Graphite Metallic,,NCSW - Black Novillo Leather,2008,WBSVA935X8E215388,,E215388,"MSRP.3,ZCW,ZPP.2,ZTP,2MT.1,403,6FL,655",,"$65,870.00",04-11-2008,550,,,,,,,,,,
300 - Alpine White,,NCSW - Black Novillo Leather,2008,WBSVA93518E215389,,E215389,"MSRP.3,ZPP.1,223,403,507,6FL",,"$60,625.00",04-11-2008,,,,,,,,,,,
300 - Alpine White,,NCSW - Black Novillo Leather,2008,WBSVA93588E215390,,E215390,"MSRP.3,ZCW,ZPP.1,ZTP,2MT.1,403,6FL,653,655,752",,"$67,570.00",04-11-2008,,,,,,,,,,,
A29 - Silverstone Metallic II,,NCH1 - Silver Novillo Leather,2008,WBSVA935X8E215391,,E215391,"MSRP.3,ZPP.1,ZTP,2MT.1,403,494,6FL,653",,"$65,125.00",04-11-2008,550,,,,,,,,,,
668 - Jet Black,,NCSW - Black Novillo Leather,2008,WBSVA93518E215392,,E215392,"MSRP.3,ZCW,ZPP.3,ZTP,2MT.1,403,507,6FL,653,655,752",,"$67,920.00",04-11-2008,,,,,,,,,,,
300 - Alpine White,,NCSW - Black Novillo Leather,2008,WBSVA93538E215393,,E215393,"MSRP.3,ZCW,ZPP.2,ZTP,2MT.1,403,655,752",,"$66,820.00",04-11-2008,,,,,,,,,,,
A29 - Silverstone Metallic II,,NCH2 - Fox Red Novillo Leather,2008,WBSVA93558E215394,,E215394,"MSRP.3,ZCW,ZPP.2,ZTP,2MT.1,403,6FL,655,752",,"$67,770.00",04-11-2008,550,,,,,,,,,,
A73 - Jerez Black Metallic,,NCSW - Black Novillo Leather,2008,WBSVA93578E215395,,E215395,"MSRP.3,ZCW,ZPP.3,ZTP,2MT.1,403,6FL,653",,"$65,625.00",04-11-2008,550,,,,,,,,,,
300 - Alpine White,,NCSW - Black Novillo Leather,2008,WBSVA93598E215396,,E215396,"MSRP.3,ZCW,ZPP.3,ZTP,2MT.1,403,417,507,6FL,653,655,752",,"$68,495.00",04-11-2008,,,,,,,,,,,
300 - Alpine White,,NCSW - Black Novillo Leather,2008,WBSVA93508E215397,,E215397,"MSRP.3,ZPP.1,ZTP,2MT.1,403,417,465,494,507,6FL,653,655,752",,"$68,470.00",04-11-2008,,,,,,,,,,,
A29 - Silverstone Metallic II,,NCSW - Black Novillo Leather,2008,WBSVA93528E215398,,E215398,"MSRP.3,ZCW,ZPP.2,ZTP,2MT.1,403,417,507,6FL,653,655,752",,"$69,045.00",04-11-2008,550,,,,,,,,,,
300 - Alpine White,,NCSW - Black Novillo Leather,2008,WBSVA93548E215399,,E215399,"MSRP.3,ZCW,ZPP.3,ZTP,2MT.1,403,417,507,6FL,653,655,752",,"$68,495.00",04-11-2008,,,,,,,,,,,
A75 - Melbourne Red Metallic,,NCSW - Black Novillo Leather,2008,WBSVA93578E215400,,E215400,"MSRP.3,ZCW,ZPP.3,ZTP,2MT.1,403,417,6FL,655,752",,"$68,345.00",04-11-2008,550,,,,,,,,,,
A29 - Silverstone Metallic II,,NCH3 - Beige Novillo Leather,2008,WBSVA93598E215401,,E215401,"MSRP.3,ZCW,ZPP.2,ZTP,403,417,507,6FL,655,752",,"$67,495.00",04-11-2008,550,,,,,,,,,,
668 - Jet Black,,NCSW - Black Novillo Leather,2008,WBSVA93508E215402,,E215402,"MSRP.3,ZPP.3,ZTP,2MT.1,6FL,655,752",,"$65,170.00",04-11-2008,,,,,,,,,,,
A73 - Jerez Black Metallic,,NCSW - Black Novillo Leather,2008,WBSVA93528E215403,,E215403,"MSRP.3,ZPP.1,2MT.1,403,494,6FL",,"$61,525.00",04-11-2008,550,,,,,,,,,,
A73 - Jerez Black Metallic,,NDH3 - Beige Novillo Extended Leather,2008,WBSVA93548E215404,,E215404,"MSRP.3,ZCW,ZPP.2,ZTP,2MT.1,403,417,507,6FL,653,655,752",,"$70,145.00",04-12-2008,550/1100,,,,,,,,,,
300 - Alpine White,,NCSW - Black Novillo Leather,2008,WBSVA93568E215405,,E215405,"MSRP.3,ZPP.3,2MT.1,6FL,655",,"$60,020.00",04-12-2008,,,,,,,,,,,
A29 - Silverstone Metallic II,,NCSW - Black Novillo Leather,2008,WBSVA93588E215406,,E215406,"MSRP.3,2MT.1,494,4MY,6FL",,"$60,025.00",04-12-2008,550/950,,,,,,,,,,
668 - Jet Black,,NCSW - Black Novillo Leather,2008,WBSVA935X8E215407,,E215407,"MSRP.3,ZPP.3,2MT.1,403,6FL,655",,"$61,070.00",04-12-2008,,,,,,,,,,,
A22 - Sparkling Graphite Metallic,,NCH2 - Fox Red Novillo Leather,2008,WBSVA93518E215408,,E215408,"MSRP.3,ZPP.1,ZTP,2MT.1,403,417,494,6FL,653",,"$65,700.00",04-12-2008,550,,,,,,,,,,
A30 - Interlagos Blue Metallic,,NCH1 - Silver Novillo Leather,2008,WBSVA93538E215409,,E215409,"MSRP.3,ZTP,4MY,655",,"$61,770.00",04-12-2008,550/950,,,,,,,,,,
300 - Alpine White,,NCSW - Black Novillo Leather,2008,WBSVA935X8E215410,,E215410,"MSRP.3,ZPP.3,ZTP,2MT.1,494,507,6FL,655,752",,"$66,020.00",04-12-2008,,,,,,,,,,,
A30 - Interlagos Blue Metallic,,NDSW - Black Extended Novillo Leather,2008,WBSVA93518E215411,,E215411,"MSRP.3,ZCW,ZPP.3,ZTP,403,417,6FL,653,655,752",,"$68,595.00",04-12-2008,550/1100,,,,,,,,,,
668 - Jet Black,,NCSW - Black Novillo Leather,2008,WBSVA93538E215412,,E215412,"MSRP.3,ZCW,ZPP.2,ZTP,2MT.1,403,417,507,6FL,653,655,752",,"$68,495.00",04-12-2008,,,,,,,,,,,
300 - Alpine White,,NCSW - Black Novillo Leather,2008,WBSVA93558E215413,,E215413,"MSRP.3,ZCW,ZPP.3,ZTP,2MT.1,403,6FL,655,752",,"$67,220.00",04-14-2008,,,,,,,,,,,
A29 - Silverstone Metallic II,,NCSW - Black Novillo Leather,2008,WBSVA93578E215414,,E215414,"MSRP.3,ZCW,ZPP.3,ZTP,2MT.1,403,507,6FL,655,752",,"$68,120.00",04-14-2008,550,,,,,,,,,,
300 - Alpine White,,NCH2 - Fox Red Novillo Leather,2008,WBSVA93598E215415,,E215415,"MSRP.3,ZCW,ZPP.3,2MT.1,403,609,6FL,653,752",,"$65,825.00",04-14-2008,,,,,,,,,,,
300 - Alpine White,,NCSW - Black Novillo Leather,2008,WBSVA93508E215416,,E215416,"MSRP.3,ZCW,ZPP.3,ZTP,403,6FL",,"$63,525.00",04-14-2008,,,,,,,,,,,
668 - Jet Black,,NCSW - Black Novillo Leather,2008,WBSVA93528E215417,,E215417,"MSRP.3,ZTP,2MT.1,403,417,465,639,6FL,653,655,752,771",,"$67,420.00",04-14-2008,950,,,,,,,,,,
A29 - Silverstone Metallic II,,NCSW - Black Novillo Leather,2008,WBSVA93548E215418,,E215418,"MSRP.3,ZCW,ZPP.1,ZTP,403,417,507,6FL,655,752",,"$67,495.00",04-14-2008,550,,,,,,,,,,
A73 - Jerez Black Metallic,,NCSW - Black Novillo Leather,2008,WBSVA93568E215419,,E215419,"MSRP.3,ZPP.3,ZTP,2MT.1,403,494,507,6FL,653,752",,"$67,375.00",04-14-2008,550,,,,,,,,,,
A29 - Silverstone Metallic II,,NCH1 - Silver Novillo Leather,2008,WBSVA93528E215420,,E215420,"MSRP.3,ZPP.1,ZTP,2MT.1,403,465,494,6FL,653,655,752",,"$68,095.00",04-14-2008,550,,,,,,,,,,
A22 - Sparkling Graphite Metallic,,NCSW - Black Novillo Leather,2008,WBSVA93548E215421,,E215421,"MSRP.3,ZCW,ZPP.3,ZTP,2MT.1,403,6FL,655,752",,"$67,770.00",04-14-2008,550,,,,,,,,,,
668 - Jet Black,,NCSW - Black Novillo Leather,2008,WBSVA93568E215422,,E215422,"MSRP.3,ZCW,ZPP.3,ZTP,2MT.1,403,6FL,655,752",,"$67,220.00",04-14-2008,,,,,,,,,,,
A22 - Sparkling Graphite Metallic,,NCSW - Black Novillo Leather,2008,WBSVA93588E215423,,E215423,"MSRP.3,ZCW,ZPP.2,ZTP,403,6FL,655",,"$64,670.00",04-14-2008,550,,,,,,,,,,
A73 - Jerez Black Metallic,,NCSW - Black Novillo Leather,2008,WBSVA935X8E215424,,E215424,"MSRP.3,ZCW,ZPP.3,ZTP,2MT.1,403,6FL,752",,"$67,175.00",04-14-2008,550,,,,,,,,,,
A30 - Interlagos Blue Metallic,,NCSW - Black Novillo Leather,2008,WBSVA93518E215425,,E215425,"MSRP.3,ZCW,ZPP.1,ZTP,403,6FL,653,655,752",,"$66,920.00",04-14-2008,550,,,,,,,,,,
A22 - Sparkling Graphite Metallic,,NCSW - Black Novillo Leather,2008,WBSVA93538E215426,,E215426,"MSRP.3,ZCW,ZPP.3,ZTP,403,507,6FL,653,655,752",,"$67,270.00",04-14-2008,550,,,,,,,,,,
668 - Jet Black,,NDSW - Black Extended Novillo Leather,2008,WBSVA93558E215427,,E215427,"MSRP.3,ZPP.2,ZTP,2MT.1,417,465,494,6FL,655,752",,"$67,820.00",04-14-2008,1100,,,,,,,,,,
A29 - Silverstone Metallic II,,NDH1 - Silver Novillo Extended Leather,2008,WBSVA93578E215428,,E215428,"MSRP.3,ZPP.2,2MT.1,322,403,465,494,507,609,6FL,655,752",,"$68,045.00",04-14-2008,550/1100,,,,,,,,,,
A73 - Jerez Black Metallic,,NCSW - Black Novillo Leather,2008,WBSVA93598E215429,,E215429,"MSRP.3,ZPP.2,403,494",,"$59,925.00",04-14-2008,550,,,,,,,,,,
A22 - Sparkling Graphite Metallic,,NCSW - Black Novillo Leather,2008,WBSVA93558E215430,,E215430,"MSRP.3,ZPP.3,ZTP,2MT.1,507,655",,"$63,770.00",04-14-2008,550,,,,,,,,,,
A73 - Jerez Black Metallic,,NCSW - Black Novillo Leather,2008,WBSVA93578E215431,,E215431,"MSRP.3,ZCW,ZPP.3,ZTP,417,507,6FL,653,655,752",,"$66,795.00",04-14-2008,550,,,,,,,,,,
A30 - Interlagos Blue Metallic,,NCH3 - Beige Novillo Leather,2008,WBSVA93598E215432,,E215432,"MSRP.3,ZPP.2,ZTP,6FL,653,655,752",,"$64,870.00",04-14-2008,550,,,,,,,,,,
668 - Jet Black,,NCSW - Black Novillo Leather,2008,WBSVA93508E215433,,E215433,"MSRP.3,2MT.1,494,507,609,6FL,655,771",,"$62,020.00",04-14-2008,950,,,,,,,,,,
A29 - Silverstone Metallic II,,NCH1 - Silver Novillo Leather,2008,WBSVA93528E215434,,E215434,"MSRP.3,ZPP.3,ZTP,465,6FL,655,752",,"$64,995.00",04-15-2008,550,,,,,,,,,,
668 - Jet Black,,NDSW - Black Extended Novillo Leather,2008,WBSVA93548E215435,,E215435,"MSRP.3,ZCW,ZPP.2,ZTP,2MT.1,403,417,507,6FL,653,655,752",,"$69,595.00",04-15-2008,1100,,,,,,,,,,
A30 - Interlagos Blue Metallic,,NCH1 - Silver Novillo Leather,2008,WBSVA93568E215436,,E215436,"MSRP.3,ZTP,4MY,655",,"$61,770.00",04-15-2008,550/950,,,,,,,,,,
A29 - Silverstone Metallic II,,NCSW - Black Novillo Leather,2008,WBSVA93588E215437,,E215437,"MSRP.3,ZCW,ZPP.3,ZTP,507,6FL,655,752",,"$65,870.00",04-15-2008,550,,,,,,,,,,
A73 - Jerez Black Metallic,,NCSW - Black Novillo Leather,2008,WBSVA935X8E215438,,E215438,"MSRP.3,ZPP.2,ZTP,403,417,494,507,6FL,655,752",,"$66,995.00",04-15-2008,550,,,,,,,,,,
A30 - Interlagos Blue Metallic,,NCH1 - Silver Novillo Leather,2008,WBSVA93518E215439,,E215439,"MSRP.3,ZTP,4MY,655",,"$61,770.00",04-15-2008,550/950,,,,,,,,,,
A73 - Jerez Black Metallic,,NDSW - Black Extended Novillo Leather,2008,WBSVA93588E215440,,E215440,"MSRP.3,ZPP.1,ZTP,2MT.1,403,417,465,494,6FL,655,752",,"$69,420.00",04-15-2008,550/1100,,,,,,,,,,
A73 - Jerez Black Metallic,,NCSW - Black Novillo Leather,2008,WBSVA935X8E215441,,E215441,"MSRP.3,ZPP.3,ZTP,494,6FL,653,655,752",,"$65,370.00",04-15-2008,550,,,,,,,,,,
A73 - Jerez Black Metallic,,NCSW - Black Novillo Leather,2008,WBSVA93518E215442,,E215442,"MSRP.3,ZPP.3,ZTP,2MT.1,507,752",,"$65,075.00",04-15-2008,550,,,,,,,,,,
668 - Jet Black,,NDH2 - Fox Red Extended Leather,2008,WBSVA93538E215443,,E215443,"MSRP.3,ZPP.3,ZTP,403,465,494,507,5AC,6FL,6NF,655,752",,"$67,845.00",04-15-2008,1100,,,,,,,,,,
A29 - Silverstone Metallic II,,NCH1 - Silver Novillo Leather,2008,WBSVA93558E215444,,E215444,"MSRP.3,ZPP.1,ZTP,403,465,494,6FL,655,752",,"$66,545.00",04-15-2008,550,,,,,,,,,,
668 - Jet Black,,NCSW - Black Novillo Leather,2008,WBSVA93578E215445,,E215445,"MSRP.3,ZPP.3,ZTP,403,417,465,494,6FL,655",,"$64,670.00",04-15-2008,,,,,,,,,,,
A30 - Interlagos Blue Metallic,,NCSW - Black Novillo Leather,2008,WBSVA93598E215446,,E215446,"MSRP.3,ZPP.3,ZTP,403,494,6FL,653,655,752",,"$66,420.00",04-15-2008,550,,,,,,,,,,
A73 - Jerez Black Metallic,,NCSW - Black Novillo Leather,2008,WBSVA93508E215447,,E215447,"MSRP.3,ZPP.3,ZTP,403,494,507,6FL,655,752",,"$66,420.00",04-15-2008,550,,,,,,,,,,
A29 - Silverstone Metallic II,,NCSW - Black Novillo Leather,2008,WBSVA93528E215448,,E215448,"MSRP.3,ZPP.3,ZTP,403,6FL,655",,"$63,670.00",04-15-2008,550,,,,,,,,,,
A29 - Silverstone Metallic II,,NCSW - Black Novillo Leather,2008,WBSVA93548E215449,,E215449,"MSRP.3,ZPP.3,ZTP,403,494,6FL,655,752",,"$66,070.00",04-15-2008,550,https://bringatrailer.com/listing/2008-bmw-m3-sedan-44/,,,,,,,,,
300 - Alpine White,,NCSW - Black Novillo Leather,2008,WBSVA93508E215450,,E215450,"MSRP.3,ZPP.3,ZTP,403,494,6FL,655",,"$63,620.00",04-15-2008,,,,,,,,,,,
A30 - Interlagos Blue Metallic,,NCSW - Black Novillo Leather,2008,WBSVA93528E215451,,E215451,"MSRP.3,ZCW,ZPP.1,ZTP,2MK,2MT.1,507,752",,"$68,975.00",05-07-2008,550,,,,,,,,,,
A73 - Jerez Black Metallic,,NCH2 - Fox Red Novillo Leather,2008,WBSVA93548E215452,,E215452,"MSRP.3,ZCW,ZPP.1,ZTP,2MK,2MT.1,507,752",,"$68,975.00",05-07-2008,550,,,,,,,,,,
A73 - Jerez Black Metallic,,NDSW - Black Extended Novillo Leather,2008,WBSVA93568E215453,,E215453,"MSRP.3,ZCW,ZPP.1,ZTP,2MK,2MT.1,507,655,752",,"$70,670.00",05-08-2008,550/1100,,,,,,,,,,
668 - Jet Black,,NCSW - Black Novillo Leather,2008,WBSVA93588E215454,,E215454,"MSRP.3,ZCW,ZPP.1,ZTP,2MK,2MT.1,302,5AC,752",,"$68,725.00",05-08-2008,,,,,,,,,,,
A29 - Silverstone Metallic II,,NDSW - Black Extended Novillo Leather,2008,WBSVA935X8E215455,,E215455,"MSRP.3,ZCW,ZPP.1,ZTP,2MK,2MT.1,507,655,752",,"$70,670.00",05-09-2008,550/1100,,,,,,,,,,
A22 - Sparkling Graphite Metallic,,NDSW - Black Extended Novillo Leather,2008,WBSVA93518E215456,,E215456,"MSRP.3,ZCW,ZPP.1,ZTP,2MK,2MT.1,507,655,752",,"$70,670.00",05-09-2008,550/1100,,,,,,,,,,
668 - Jet Black,,NCSW - Black Novillo Leather,2008,WBSVA93538E215457,,E215457,"MSRP.3,ZCW,ZPP.2,ZTP,403,507,6FL,653,655,752",,"$66,720.00",04-15-2008,,,,,,,,,,,
300 - Alpine White,,NCSW - Black Novillo Leather,2008,WBSVA93558E215458,,E215458,"MSRP.3,ZCW,ZPP.3,2MT.1,6FL,655",,"$61,020.00",04-15-2008,,,,,,,,,,,
A30 - Interlagos Blue Metallic,,NCSW - Black Novillo Leather,2008,WBSVA93578E215459,,E215459,"MSRP.3,ZPP.1,ZTP,417,6FL,6NF,653,752",,"$65,000.00",04-15-2008,550,,,,,,,,,,
A30 - Interlagos Blue Metallic,,NCH1 - Silver Novillo Leather,2008,WBSVA93538E215460,,E215460,"MSRP.3,ZPP.3,ZTP,403,507,655",,"$63,620.00",04-15-2008,550,,,,,,,,,,
668 - Jet Black,,NCH2 - Fox Red Novillo Leather,2008,WBSVA93558E215461,,E215461,"MSRP.3,ZCW,ZPP.1,403,609,6FL",,"$62,375.00",04-15-2008,,,,,,,,,,,
668 - Jet Black,,NCSW - Black Novillo Leather,2008,WBSVA93578E215462,,E215462,"MSRP.3,ZPP.2,2MT.1,322,403,494,609,752",,"$64,575.00",04-16-2008,,,,,,,,,,,
668 - Jet Black,,NCSW - Black Novillo Leather,2008,WBSVA93598E215463,,E215463,"MSRP.3,ZPP.3,ZTP,403,494,6FL,655",,"$63,620.00",04-16-2008,,,,,,,,,,,
300 - Alpine White,,NDSW - Black Extended Novillo Leather,2008,WBSVA93508E215464,,E215464,"MSRP.3,ZPP.2,ZTP,403,494,507,6FL,655,752",,"$66,970.00",04-16-2008,1100,,,,,,,,,,
A73 - Jerez Black Metallic,,NDSW - Black Extended Novillo Leather,2008,WBSVA93528E215465,,E215465,"MSRP.3,ZPP.3,ZTP,2MT.1,403,494,507,6FL,655,752",,"$68,720.00",04-16-2008,550/1100,,,,,,,,,,
300 - Alpine White,,NCH2 - Fox Red Novillo Leather,2008,WBSVA93548E215466,,E215466,"MSRP.3,ZCW,ZPP.3,403,507,609,655,752",,"$64,820.00",04-16-2008,,,,,,,,,,,
A30 - Interlagos Blue Metallic,,NCSW - Black Novillo Leather,2008,WBSVA93568E215467,,E215467,"MSRP.3,ZCW,ZPP.1,ZTP,2MT.1,403,417,507,6FL,653,655,752",,"$69,045.00",04-16-2008,550,,,,,,,,,,
668 - Jet Black,,NDSW - Black Extended Novillo Leather,2008,WBSVA93588E215468,,E215468,"MSRP.3,ZPP.2,ZTP,2MT.1,403,465,507,6FL,653,655,752",,"$68,495.00",04-16-2008,1100,,,,,,,,,,
A73 - Jerez Black Metallic,,NCSW - Black Novillo Leather,2008,WBSVA935X8E215469,,E215469,"MSRP.3,ZCW,ZPP.2,ZTP,2MT.1,403,507,6FL,653,655,752",,"$68,470.00",04-16-2008,550,,,,,,,,,,
A30 - Interlagos Blue Metallic,,NCH1 - Silver Novillo Leather,2008,WBSVA93568E215470,,E215470,"MSRP.3,ZCW,ZPP.3,ZTP,403,417,507,6FL,655,752",,"$67,495.00",04-16-2008,550,,,,,,,,,,
A73 - Jerez Black Metallic,,NCSW - Black Novillo Leather,2008,WBSVA93588E215471,,E215471,"MSRP.3,ZCW,ZPP.2,ZTP,2MT.1,403,417,507,6FL,752",,"$68,100.00",04-16-2008,550,,,,,,,,,,
A73 - Jerez Black Metallic,,NDSW - Black Extended Novillo Leather,2008,WBSVA935X8E215472,,E215472,"MSRP.3,ZPP.3,ZTP,403,417,507,6FL,653,655,752",,"$67,945.00",04-16-2008,550/1100,,,,,,,,,,
668 - Jet Black,,NCSW - Black Novillo Leather,2008,WBSVA93518E215473,,E215473,"MSRP.3,ZPP.1,ZTP,403,494,655,752",,"$65,120.00",04-16-2008,,,,,,,,,,,
668 - Jet Black,,NCSW - Black Novillo Leather,2008,WBSVA93538E215474,,E215474,"MSRP.3,ZCW,ZPP.3,ZTP,403,417,507,6FL,655,752",,"$66,945.00",04-16-2008,,,,,,,,,,,
A22 - Sparkling Graphite Metallic,,NCH1 - Silver Novillo Leather,2008,WBSVA93558E215475,,E215475,"MSRP.3,ZPP.3,ZTP,403,494,6FL,655,752",,"$66,070.00",04-16-2008,550,,,,,,,,,,
A75 - Melbourne Red Metallic,,NDH3 - Beige Novillo Extended Leather,2008,WBSVA93578E215476,,E215476,"MSRP.3,ZPP.3,ZTP,403,494,507,6FL,655,752",,"$67,520.00",04-16-2008,550/1100,,,,,,,,,,
300 - Alpine White,,NCSW - Black Novillo Leather,2008,WBSVA93598E215477,,E215477,"MSRP.3,ZCW,ZPP.3,ZTP,2MT.1,403,6FL",,"$64,725.00",04-16-2008,,,,,,,,,,,
300 - Alpine White,,NCSW - Black Novillo Leather,2008,WBSVA93508E215478,,E215478,"MSRP.3,ZCW,ZPP.2,ZTP,2MT.1,403,417,507,6FL,653,655,752",,"$68,495.00",04-16-2008,,,,,,,,,,,
A29 - Silverstone Metallic II,,NCSW - Black Novillo Leather,2008,WBSVA93528E215479,,E215479,"MSRP.3,ZCW,ZPP.1,ZTP,403,6FL,655",,"$64,670.00",04-16-2008,550,,,,,,,,,,
A29 - Silverstone Metallic II,,NDH1 - Silver Novillo Extended Leather,2008,WBSVA93598E215480,,E215480,"MSRP.3,ZCW,ZPP.3,ZTP,2MT.1,403,417,507,6FL,653,655,752",,"$70,145.00",04-16-2008,550/1100,,,,,,,,,,
A22 - Sparkling Graphite Metallic,,NCSW - Black Novillo Leather,2008,WBSVA93508E215481,,E215481,"MSRP.3,ZCW,ZPP.3,ZTP,2MT.1,6FL,653,655,752",,"$67,070.00",04-16-2008,550,,,,,,,,,,
A73 - Jerez Black Metallic,,NCSW - Black Novillo Leather,2008,WBSVA93528E215482,,E215482,"MSRP.3,ZCW,ZPP.3,ZTP,507,6FL,655",,"$63,970.00",04-16-2008,550,,,,,,,,,,
668 - Jet Black,,NCSW - Black Novillo Leather,2008,WBSVA93548E215483,,E215483,"MSRP.3,ZCW,ZPP.3,ZTP,2MT.1,403,6FL,655,752",,"$67,220.00",04-16-2008,,,,,,,,,,,
668 - Jet Black,,NCSW - Black Novillo Leather,2008,WBSVA93568E215484,,E215484,"MSRP.3,ZPP.3,2MT.1,403,6FL,655",,"$61,070.00",04-16-2008,,,,,,,,,,,
300 - Alpine White,,NCH2 - Fox Red Novillo Leather,2008,WBSVA93588E215485,,E215485,"MSRP.3,ZCW,ZPP.3,ZTP,2MT.1,655",,"$63,870.00",04-16-2008,,,,,,,,,,,
A29 - Silverstone Metallic II,,NCH1 - Silver Novillo Leather,2008,WBSVA935X8E215486,,E215486,"MSRP.3,ZCW,ZTP,4MY,655",,"$62,770.00",04-16-2008,550/950,,,,,,,,,,
A73 - Jerez Black Metallic,,NCSW - Black Novillo Leather,2008,WBSVA93518E215487,,E215487,"MSRP.3,ZCW,ZPP.3,ZTP,6FL,653,655,752",,"$65,870.00",04-16-2008,550,,,,,,,,,,
668 - Jet Black,,NCH1 - Silver Novillo Leather,2008,WBSVA93538E215488,,E215488,"MSRP.3,ZCW,ZPP.3,ZTP,2MT.1,655",,"$63,870.00",04-17-2008,,,,,,,,,,,
A29 - Silverstone Metallic II,,NDSW - Black Extended Novillo Leather,2008,WBSVA93558E215489,,E215489,"MSRP.3,ZCW,ZPP.3,ZTP,2MT.1,403,417,507,6FL,653,655,752",,"$70,145.00",04-17-2008,550/1100,,,,,,,,,,
668 - Jet Black,,NCSW - Black Novillo Leather,2008,WBSVA93518E215490,,E215490,"MSRP.3,ZCW,ZPP.3,ZTP,403,507,6FL,653,655,752",,"$66,720.00",04-17-2008,,,,,,,,,,,
A29 - Silverstone Metallic II,,NDH1 - Silver Novillo Extended Leather,2008,WBSVA93538E215491,,E215491,"MSRP.3,ZCW,ZPP.1,ZTP,2MT.1,403,6FL,653,655,752",,"$69,220.00",04-17-2008,550/1100,,,,,,,,,,
A22 - Sparkling Graphite Metallic,,NCH2 - Fox Red Novillo Leather,2008,WBSVA93558E215492,,E215492,"MSRP.3,ZCW,ZPP.3,ZTP,403,507,6FL,653,655,752",,"$67,270.00",04-17-2008,550,,,,,,,,,,
668 - Jet Black,,NDSW - Black Extended Novillo Leather,2008,WBSVA93578E215493,,E215493,"MSRP.3,ZCW,ZPP.3,ZTP,2MT.1,403,417,507,6FL,653,655,752",,"$69,595.00",04-17-2008,1100,,,,,,,,,,
A30 - Interlagos Blue Metallic,,NDH1 - Silver Novillo Extended Leather,2008,WBSVA93598E215494,,E215494,"MSRP.3,ZCW,ZPP.2,ZTP,2MT.1,403,6FL,655,752",,"$68,870.00",04-17-2008,550/1100,,,,,,,,,,
A73 - Jerez Black Metallic,,NCSW - Black Novillo Leather,2008,WBSVA93508E215495,,E215495,"MSRP.3,ZCW,ZPP.2,ZTP,403,507,6FL,655",,"$65,020.00",04-17-2008,550,,,,,,,,,,
A75 - Melbourne Red Metallic,,NDH3 - Beige Novillo Extended Leather,2008,WBSVA93528E215496,,E215496,"MSRP.3,ZCW,ZPP.2,ZTP,2MT.1,403,417,507,6FL,653,655,752",,"$70,145.00",04-17-2008,550/1100,,,,,,,,,,
668 - Jet Black,,NCSW - Black Novillo Leather,2008,WBSVA93548E215497,,E215497,"MSRP.3,ZCW,ZPP.2,ZTP,2MT.1,403,507,6FL,653,655,752",,"$67,920.00",04-17-2008,,,,,,,,,,,
300 - Alpine White,,NCSW - Black Novillo Leather,2008,WBSVA93568E215498,,E215498,"MSRP.3,ZCW,ZPP.3,ZTP,403,6FL,655",,"$64,120.00",04-17-2008,,,,,,,,,,,
300 - Alpine White,,NCH3 - Beige Novillo Leather,2008,WBSVA93588E215499,,E215499,"MSRP.3,ZCW,ZPP.3,ZTP,403,6FL,655,752",,"$66,020.00",04-17-2008,,,,,,,,,,,
A29 - Silverstone Metallic II,,NCH1 - Silver Novillo Leather,2008,WBSVA93508E215500,,E215500,"MSRP.3,ZCW,ZPP.1,ZTP,403,6FL,655,752",,"$66,570.00",04-17-2008,550,,,,,,,,,,
A73 - Jerez Black Metallic,,NCSW - Black Novillo Leather,2008,WBSVA93528E215501,,E215501,"MSRP.3,ZCW,ZPP.3,ZTP,403,6FL,655,752",,"$66,570.00",04-17-2008,550,,,,,,,,,,
300 - Alpine White,,NCSW - Black Novillo Leather,2008,WBSVA93548E215502,,E215502,"MSRP.3,ZCW,ZPP.3,ZTP,403,6FL,655,752",,"$66,020.00",04-17-2008,,,,,,,,,,,
300 - Alpine White,,NCH2 - Fox Red Novillo Leather,2008,WBSVA93568E215503,,E215503,"MSRP.3,ZCW,ZPP.1,ZTP,403,507,6FL,655,752",,"$66,370.00",04-17-2008,,,,,,,,,,,
A29 - Silverstone Metallic II,,NCSW - Black Novillo Leather,2008,WBSVA93588E215504,,E215504,"MSRP.3,ZCW,ZPP.3,ZTP,403,507,6FL,655,752",,"$66,920.00",04-17-2008,550,,,,,,,,,,
300 - Alpine White,,NDH2 - Fox Red Extended Leather,2008,WBSVA935X8E215505,,E215505,"MSRP.3,ZCW,ZPP.3,ZTP,2MT.1,403,507,6FL,655,752",,"$68,670.00",04-17-2008,1100,,,,,,,,,,
A29 - Silverstone Metallic II,,NCSW - Black Novillo Leather,2008,WBSVA93518E215506,,E215506,"MSRP.3,ZCW,ZPP.1,2MT.1,302,322,403,609,6FL,752",,"$66,425.00",04-17-2008,550,,,,,,,,,,
300 - Alpine White,,NCH1 - Silver Novillo Leather,2008,WBSVA93538E215507,,E215507,"MSRP.3,ZCW,ZPP.3,ZTP,403,417,507,6FL,752",,"$66,350.00",04-17-2008,,,,,,,,,,,
A29 - Silverstone Metallic II,,NCSW - Black Novillo Leather,2008,WBSVA93558E215508,,E215508,"MSRP.3,ZCW,ZPP.3,ZTP,403,417,507,6FL,653,655,752",,"$67,845.00",04-17-2008,550,,,,,,,,,,
,,NCH2 - Fox Red Novillo Leather,2008,WBSVA93578E215509,,E215509,"MSRP.3,ZCW,ZPP.3,223",,"$59,825.00",04-17-2008,,,,,,,,,,,
A22 - Sparkling Graphite Metallic,,NCH1 - Silver Novillo Leather,2008,WBSVA93538E215510,,E215510,"MSRP.3,ZCW,ZPP.2,403,507,6FL",,"$61,175.00",04-17-2008,550,,,,,,,,,,
668 - Jet Black,,NCSW - Black Novillo Leather,2008,WBSVA93558E215511,,E215511,"MSRP.3,ZPP.3,2MT.1,403,494,6FL,655",,"$61,570.00",04-17-2008,,,,,,,,,,,
A29 - Silverstone Metallic II,,NCSW - Black Novillo Leather,2008,WBSVA93578E215512,,E215512,"MSRP.3,ZCW,ZPP.3,ZTP,2MT.1,403,6FL,655,752",,"$67,770.00",04-18-2008,550,,,,,,,,,,
300 - Alpine White,,NCH1 - Silver Novillo Leather,2008,WBSVA93598E215513,,E215513,"MSRP.3,ZCW,ZPP.3,ZTP,2MT.1,403,417,507,6FL,653,655",,"$66,595.00",04-18-2008,,,,,,,,,,,
A29 - Silverstone Metallic II,,NDH1 - Silver Novillo Extended Leather,2008,WBSVA93508E215514,,E215514,"MSRP.3,ZCW,ZPP.3,ZTP,2MT.1,403,417,507,6FL,655,752",,"$69,795.00",04-18-2008,550/1100,,,,,,,,,,
A22 - Sparkling Graphite Metallic,,NCSW - Black Novillo Leather,2008,WBSVA93528E215515,,E215515,"MSRP.3,ZCW,ZPP.3,302,322,403,417,507,609,6FL,655,752",,"$66,745.00",04-18-2008,550,,,,,,,,,,
A22 - Sparkling Graphite Metallic,,NCH1 - Silver Novillo Leather,2008,WBSVA93548E215516,,E215516,"MSRP.3,ZCW,ZPP.1,ZTP,2MT.1,403,653,655",,"$65,820.00",04-18-2008,550,,,,,,,,,,
A22 - Sparkling Graphite Metallic,,NCSW - Black Novillo Leather,2008,WBSVA93568E215517,,E215517,"MSRP.3,ZPP.3,ZTP,2MT.1,403,6FL,655",,"$64,870.00",04-18-2008,550,,,,,,,,,,
A30 - Interlagos Blue Metallic,,NCSW - Black Novillo Leather,2008,WBSVA93588E215518,,E215518,"MSRP.3,ZPP.3,ZTP,2MT.1,403,6FL,655,752",,"$66,770.00",04-18-2008,550,,,,,,,,,,
A29 - Silverstone Metallic II,,NCSW - Black Novillo Leather,2008,WBSVA935X8E215519,,E215519,"MSRP.3,ZPP.2,2MT.1,223,6FL",,"$60,975.00",04-18-2008,550,,,,,,,,,,
A29 - Silverstone Metallic II,,NCH1 - Silver Novillo Leather,2008,WBSVA93568E215520,,E215520,"MSRP.3,ZCW,ZPP.1,6FL",,"$59,775.00",04-18-2008,550,,,,,,,,,,
A73 - Jerez Black Metallic,,GEAT - Anthracite/Black Cloth & Leather,2008,WBSVA93588E215521,,E215521,"MSRP.3,494,4MY,6FL,655",,"$58,470.00",04-18-2008,550,,,,,,,,,,
A73 - Jerez Black Metallic,,NCH3 - Beige Novillo Leather,2008,WBSVA935X8E215522,,E215522,"MSRP.3,ZPP.1,223,653",,"$59,725.00",04-18-2008,550,,,,,,,,,,
A73 - Jerez Black Metallic,,NCH3 - Beige Novillo Leather,2008,WBSVA93518E215523,,E215523,"MSRP.3,ZPP.3,494,507,653",,"$59,575.00",04-18-2008,550,,,,,,,,,,
A75 - Melbourne Red Metallic,,NCH3 - Beige Novillo Leather,2008,WBSVA93538E215524,,E215524,"MSRP.3,ZPP.2,223,6FL,655",,"$60,370.00",04-18-2008,550,,,,,,,,,,
A73 - Jerez Black Metallic,,NCSW - Black Novillo Leather,2008,WBSVA93558E215525,,E215525,"MSRP.3,ZPP.3,ZTP,494,6FL,655",,"$63,120.00",04-18-2008,550,,,,,,,,,,
300 - Alpine White,,NCSW - Black Novillo Leather,2008,WBSVA93578E215526,,E215526,"MSRP.3,ZPP.3,ZTP,494,6FL,653,655,752",,"$64,820.00",04-19-2008,,,,,,,,,,,
668 - Jet Black,,NCSW - Black Novillo Leather,2008,WBSVA93598E215527,,E215527,"MSRP.3,ZCW,ZPP.2,403,6FL,655",,"$60,870.00",04-19-2008,,,,,,,,,,,
A73 - Jerez Black Metallic,,NDH2 - Fox Red Extended Leather,2008,WBSVA93508E215528,,E215528,"MSRP.3,ZPP.3,403,6FL",,"$60,925.00",04-19-2008,550/1100,,,,,,,,,,
A29 - Silverstone Metallic II,,NCH1 - Silver Novillo Leather,2008,WBSVA93528E215529,,E215529,"MSRP.3,ZCW,ZPP.3,ZTP,403,6FL,655",,"$64,670.00",04-19-2008,550,,,,,,,,,,
A22 - Sparkling Graphite Metallic,,NCSW - Black Novillo Leather,2008,WBSVA93598E215530,,E215530,"MSRP.3,ZPP.3,494,507,609,6FL,653",,"$62,075.00",04-19-2008,550,,,,,,,,,,
668 - Jet Black,,NCH2 - Fox Red Novillo Leather,2008,WBSVA93508E215531,,E215531,"MSRP.3,ZPP.3,ZTP,2MT.1,6FL,655,752",,"$65,170.00",04-19-2008,,,,,,,,,,,
A73 - Jerez Black Metallic,,NCSW - Black Novillo Leather,2008,WBSVA93528E215532,,E215532,"MSRP.3,ZCW,ZPP.1,403,609,653",,"$62,875.00",04-19-2008,550,,,,,,,,,,
A73 - Jerez Black Metallic,,NCSW - Black Novillo Leather,2008,WBSVA93548E215533,,E215533,"MSRP.3,ZCW,ZPP.1,403,609,653",,"$62,875.00",04-19-2008,550,,,,,,,,,,
A73 - Jerez Black Metallic,,NCH1 - Silver Novillo Leather,2008,WBSVA93568E215534,,E215534,"MSRP.3,ZCW,ZPP.3,ZTP,2MT.1,403,6FL,752",,"$67,175.00",04-19-2008,550,,,,,,,,,,
A30 - Interlagos Blue Metallic,,NCH1 - Silver Novillo Leather,2008,WBSVA93588E215535,,E215535,"MSRP.3,ZCW,ZPP.1,ZTP,2MT.1,403,417,507,6FL,752",,"$68,100.00",04-19-2008,550,,,,,,,,,,
A30 - Interlagos Blue Metallic,,NDSW - Black Extended Novillo Leather,2008,WBSVA935X8E215536,,E215536,"MSRP.3,ZCW,ZPP.2,ZTP,2MT.1,403,6FL,655,752",,"$68,870.00",04-19-2008,550/1100,,,,,,,,,,
300 - Alpine White,,NDSW - Black Extended Novillo Leather,2008,WBSVA93518E215537,,E215537,"MSRP.3,ZCW,ZPP.3,ZTP,2MT.1,403,507,6FL,653,752",,"$68,425.00",04-19-2008,1100,,,,,,,,,,
A30 - Interlagos Blue Metallic,,NDSW - Black Extended Novillo Leather,2008,WBSVA93538E215538,,E215538,"MSRP.3,ZCW,ZPP.3,ZTP,2MT.1,403,417,507,6FL,653,655,752",,"$70,145.00",04-21-2008,550/1100,,,,,,,,,,
300 - Alpine White,,NDH3 - Beige Novillo Extended Leather,2008,WBSVA93558E215539,,E215539,"MSRP.3,ZCW,ZPP.2,ZTP,2MT.1,403,417,507,6FL,653,655,752",,"$69,595.00",04-21-2008,1100,,,,,,,,,,
A22 - Sparkling Graphite Metallic,,NDSW - Black Extended Novillo Leather,2008,WBSVA93518E215540,,E215540,"MSRP.3,ZPP.3,ZTP,2MT.1,403,6FL,655,752",,"$67,870.00",04-21-2008,550/1100,,,,,,,,,,
668 - Jet Black,,NDSW - Black Extended Novillo Leather,2008,WBSVA93538E215541,,E215541,"MSRP.3,ZCW,ZPP.3,ZTP,2MT.1,403,6FL,653,655,752",,"$68,670.00",04-21-2008,1100,,,,,,,,,,
300 - Alpine White,,NDSW - Black Extended Novillo Leather,2008,WBSVA93558E215542,,E215542,"MSRP.3,ZCW,ZPP.3,ZTP,2MT.1,403,507,6FL,655,752",,"$68,670.00",04-21-2008,1100,,,,,,,,,,
A73 - Jerez Black Metallic,,NDSW - Black Extended Novillo Leather,2008,WBSVA93578E215543,,E215543,"MSRP.3,ZCW,ZPP.2,ZTP,2MT.1,403,507,6FL,655,752",,"$69,220.00",04-21-2008,550/1100,,,,,,,,,,
300 - Alpine White,,NDSW - Black Extended Novillo Leather,2008,WBSVA93598E215544,,E215544,"MSRP.3,ZCW,ZPP.3,ZTP,2MT.1,403,507,6FL,655,752",,"$68,670.00",04-21-2008,1100,,,,,,,,,,
300 - Alpine White,,NCH1 - Silver Novillo Leather,2008,WBSVA93508E215545,,E215545,"MSRP.3,ZPP.1,ZTP,2MT.1,403,417,494,507",,"$64,750.00",04-21-2008,,,,,,,,,,,
300 - Alpine White,,NCH3 - Beige Novillo Leather,2008,WBSVA93528E215546,,E215546,"MSRP.3,ZPP.3,ZTP,2MT.1,403,6FL,653,655,752",,"$66,570.00",04-21-2008,,,,,,,,,,,
668 - Jet Black,,NDSW - Black Extended Novillo Leather,2008,WBSVA93548E215547,,E215547,"MSRP.3,ZCW,ZPP.3,ZTP,2MT.1,403,6FL,655",,"$66,420.00",04-21-2008,1100,,,,,,,,,,
300 - Alpine White,,NDSW - Black Extended Novillo Leather,2008,WBSVA93568E215548,,E215548,"MSRP.3,ZCW,ZPP.3,ZTP,2MT.1,403,6FL,653,655,752",,"$68,670.00",04-21-2008,1100,,,,,,,,,,
A30 - Interlagos Blue Metallic,,NCSW - Black Novillo Leather,2008,WBSVA93588E215549,,E215549,"MSRP.3,ZCW,ZPP.2,ZTP,2MT.1,403,507",,"$65,225.00",04-21-2008,550,,,,,,,,,,
A30 - Interlagos Blue Metallic,,NDH3 - Beige Novillo Extended Leather,2008,WBSVA93548E215550,,E215550,"MSRP.3,ZCW,ZPP.2,ZTP,2MT.1,403,752",,"$67,875.00",04-21-2008,550/1100,,,,,,,,,,
A73 - Jerez Black Metallic,,NDSW - Black Extended Novillo Leather,2008,WBSVA93568E215551,,E215551,"MSRP.3,ZCW,ZPP.3,ZTP,2MT.1,403,507,6FL,653,655,752",,"$69,570.00",04-21-2008,550/1100,,,,,,,,,,
668 - Jet Black,,NCH1 - Silver Novillo Leather,2008,WBSVA93588E215552,,E215552,"MSRP.3,ZPP.1,403,465,494,6FL,655",,"$60,845.00",04-21-2008,,,,,,,,,,,
A29 - Silverstone Metallic II,,GEAT - Anthracite/Black Cloth & Leather,2008,WBSVA935X8E215553,,E215553,"MSRP.3,223,403,494,4MZ,6FL",,"$59,925.00",04-21-2008,550,,,,,,,,,,
668 - Jet Black,,NDSW - Black Extended Novillo Leather,2008,WBSVA93518E215554,,E215554,"MSRP.3,ZPP.3,ZTP,403,417,507,6FL,653,655,752",,"$67,395.00",04-21-2008,1100,,,,,,,,,,
300 - Alpine White,,NCH3 - Beige Novillo Leather,2008,WBSVA93538E215555,,E215555,"MSRP.3,ZPP.3,403,6FL,653,655",,"$60,220.00",04-21-2008,,,,,,,,,,,
300 - Alpine White,,NDSW - Black Extended Novillo Leather,2008,WBSVA93558E215556,,E215556,"MSRP.3,ZPP.3,ZTP,2MT.1,417,6FL",,"$64,350.00",04-21-2008,1100,,,,,,,,,,
A73 - Jerez Black Metallic,,NCH3 - Beige Novillo Leather,2008,WBSVA93578E215557,,E215557,"MSRP.3,ZPP.1,403,653",,"$59,775.00",04-21-2008,550,,,,,,,,,,
A73 - Jerez Black Metallic,,NCH3 - Beige Novillo Leather,2008,WBSVA93598E215558,,E215558,"MSRP.3,ZPP.1,403,653",,"$59,775.00",04-21-2008,550,,,,,,,,,,
A73 - Jerez Black Metallic,,NCH3 - Beige Novillo Leather,2008,WBSVA93508E215559,,E215559,"MSRP.3,ZPP.1,403,653",,"$59,775.00",04-21-2008,550,,,,,,,,,,
300 - Alpine White,,GEAT - Anthracite/Black Cloth & Leather,2008,WBSVA93578E215560,,E215560,"MSRP.3,ZTP,4MY,6FL,655,752",,"$62,570.00",04-21-2008,,,,,,,,,,,
300 - Alpine White,,NCSW - Black Novillo Leather,2008,WBSVA93598E215561,,E215561,"MSRP.3,ZPP.3,ZTP,2MT.1,494,6FL,655",,"$63,770.00",04-22-2008,,,,,,,,,,,
A73 - Jerez Black Metallic,,NCH3 - Beige Novillo Leather,2008,WBSVA93508E215562,,E215562,"MSRP.3,ZPP.1,223,417,465,609,653,752",,"$64,775.00",04-21-2008,550,,,,,,,,,,
A29 - Silverstone Metallic II,,NCH1 - Silver Novillo Leather,2008,WBSVA93528E215563,,E215563,"MSRP.3,ZPP.3,2MT.1,403,6FL",,"$61,025.00",04-21-2008,550,,,,,,,,,,
A30 - Interlagos Blue Metallic,,NCH1 - Silver Novillo Leather,2008,WBSVA93548E215564,,E215564,"MSRP.3,ZPP.1,ZTP,494,6FL,655",,"$63,120.00",04-21-2008,550,,,,,,,,,,
300 - Alpine White,,NCSW - Black Novillo Leather,2008,WBSVA93568E215565,,E215565,"MSRP.3,ZPP.3,ZTP,2MT.1,403,494,507,6FL,752",,"$66,475.00",04-22-2008,,,,,,,,,,,
A30 - Interlagos Blue Metallic,,NCSW - Black Novillo Leather,2008,WBSVA93588E215566,,E215566,"MSRP.3,ZPP.3,ZTP,465,752",,"$64,000.00",04-22-2008,550,,,,,,,,,,
A75 - Melbourne Red Metallic,,NCSW - Black Novillo Leather,2008,WBSVA935X8E215567,,E215567,"MSRP.3,223,4MY,609,655,752",,"$63,520.00",04-22-2008,550/950,,,,,,,,,,
A73 - Jerez Black Metallic,,NCH3 - Beige Novillo Leather,2008,WBSVA93518E215568,,E215568,"MSRP.3,ZCW,ZPP.3,ZTP,2MT.1,507,6FL,653,655,752",,"$67,420.00",04-22-2008,550,,,,,,,,,,
A22 - Sparkling Graphite Metallic,,NDH1 - Silver Novillo Extended Leather,2008,WBSVA93538E215569,,E215569,"MSRP.3,ZPP.1,ZTP,2MT.1,403,417,465,494,6FL,653,655,752",,"$69,770.00",04-22-2008,550/1100,,,,,,,,,,
300 - Alpine White,,NCSW - Black Novillo Leather,2008,WBSVA935X8E215570,,E215570,"MSRP.3,ZPP.3,ZTP,302,403,6FL,655,752",,"$65,420.00",04-22-2008,,,,,,,,,,,
668 - Jet Black,,NCSW - Black Novillo Leather,2008,WBSVA93518E215571,,E215571,"MSRP.3,ZPP.3,ZTP,403,6FL,655,752",,"$65,020.00",04-22-2008,,,,,,,,,,,
668 - Jet Black,,NCSW - Black Novillo Leather,2008,WBSVA93538E215572,,E215572,"MSRP.3,ZPP.3,ZTP,403,417,465,6FL,655,752",,"$66,070.00",04-22-2008,,,,,,,,,,,
300 - Alpine White,,NCSW - Black Novillo Leather,2008,WBSVA93558E215573,,E215573,"MSRP.3,ZPP.2,ZTP,403,417,494,6FL",,"$63,600.00",04-22-2008,,,,,,,,,,,
300 - Alpine White,,NCSW - Black Novillo Leather,2008,WBSVA93578E215574,,E215574,"MSRP.3,ZCW,ZPP.3,ZTP,403,6FL,752",,"$65,425.00",04-22-2008,,,,,,,,,,,
A22 - Sparkling Graphite Metallic,,NCSW - Black Novillo Leather,2008,WBSVA93598E215575,,E215575,"MSRP.3,ZCW,ZPP.1,ZTP,403,6FL,655",,"$64,670.00",04-22-2008,550,,,,,,,,,,
A22 - Sparkling Graphite Metallic,,NDSW - Black Extended Novillo Leather,2008,WBSVA93508E215576,,E215576,"MSRP.3,ZPP.1,ZTP,2MT.1,403,465,494,507,6FL,752",,"$68,600.00",04-22-2008,550/1100,,,,,,,,,,
300 - Alpine White,,NCH2 - Fox Red Novillo Leather,2008,WBSVA93528E215577,,E215577,"MSRP.3,ZPP.3,ZTP,2MT.1,403,465,6FL,653,752",,"$66,450.00",04-22-2008,,,,,,,,,,,
A29 - Silverstone Metallic II,,NCH1 - Silver Novillo Leather,2008,WBSVA93548E215578,,E215578,"MSRP.3,ZPP.1,403,6FL,653,655",,"$60,770.00",04-22-2008,550,,,,,,,,,,
668 - Jet Black,,NCSW - Black Novillo Leather,2008,WBSVA93568E215579,,E215579,"MSRP.3,ZCW,ZPP.2,ZTP,403,507,6FL,655,752",,"$66,370.00",04-22-2008,,,,,,,,,,,
A22 - Sparkling Graphite Metallic,,NDH2 - Fox Red Extended Leather,2008,WBSVA93528E215580,,E215580,"MSRP.3,ZCW,ZPP.2,2MT.1,403,6FL,655",,"$63,720.00",04-22-2008,550/1100,,,,,,,,,,
A29 - Silverstone Metallic II,,NCH1 - Silver Novillo Leather,2008,WBSVA93548E215581,,E215581,"MSRP.3,ZPP.3,403,6FL,653,655",,"$60,770.00",04-22-2008,550,,,,,,,,,,
A73 - Jerez Black Metallic,,NCH3 - Beige Novillo Leather,2008,WBSVA93568E215582,,E215582,"MSRP.3,ZPP.1,403,653",,"$59,775.00",04-22-2008,550,,,,,,,,,,
A73 - Jerez Black Metallic,,NCH3 - Beige Novillo Leather,2008,WBSVA93588E215583,,E215583,"MSRP.3,ZPP.1,403,653",,"$59,775.00",04-22-2008,550,,,,,,,,,,
300 - Alpine White,,NCSW - Black Novillo Leather,2008,WBSVA935X8E215584,,E215584,"MSRP.3,ZPP.3,ZTP,465,655",,"$62,145.00",04-22-2008,,,,,,,,,,,
A73 - Jerez Black Metallic,,NDH1 - Silver Novillo Extended Leather,2008,WBSVA93518E215585,,E215585,"MSRP.3,ZPP.3,ZTP,2MT.1,403,494,6FL,752",,"$67,775.00",04-22-2008,550/1100,,,,,,,,,,
A73 - Jerez Black Metallic,,NCH3 - Beige Novillo Leather,2008,WBSVA93538E215586,,E215586,"MSRP.3,ZPP.1,403,653",,"$59,775.00",04-22-2008,550,,,,,,,,,,
A22 - Sparkling Graphite Metallic,,NCH1 - Silver Novillo Leather,2008,WBSVA93558E215587,,E215587,"MSRP.3,ZPP.1,ZTP,2MT.1,403,417,465,6FL,752",,"$67,225.00",04-22-2008,550,,,,,,,,,,
A73 - Jerez Black Metallic,,NCH3 - Beige Novillo Leather,2008,WBSVA93578E215588,,E215588,"MSRP.3,ZPP.1,403,653",,"$59,775.00",04-22-2008,550,,,,,,,,,,
668 - Jet Black,,NDSW - Black Extended Novillo Leather,2008,WBSVA93598E215589,,E215589,"MSRP.3,ZPP.3,ZTP,2MT.1,403,494,6FL,655",,"$65,920.00",04-22-2008,1100,,,,,,,,,,
668 - Jet Black,,NDSW - Black Extended Novillo Leather,2008,WBSVA93558E215590,,E215590,"MSRP.3,ZCW,ZPP.1,ZTP,2MT.1,403,6FL,655,752",,"$68,320.00",04-22-2008,1100,,,,,,,,,,
668 - Jet Black,,NCSW - Black Novillo Leather,2008,WBSVA93578E215591,,E215591,"MSRP.3,ZCW,ZPP.1,ZTP,403,6FL,653,655,752",,"$66,370.00",04-22-2008,,,,,,,,,,,
A73 - Jerez Black Metallic,,NCSW - Black Novillo Leather,2008,WBSVA93598E215592,,E215592,"MSRP.3,ZPP.3,ZTP,403,507,6FL,655",,"$64,020.00",04-23-2008,550,,,,,,,,,,
A29 - Silverstone Metallic II,,NCSW - Black Novillo Leather,2008,WBSVA93508E215593,,E215593,"MSRP.3,ZPP.2,ZTP,2MT.1,403,6FL,653,655,752",,"$67,120.00",04-23-2008,550,,,,,,,,,,
A73 - Jerez Black Metallic,,NDH2 - Fox Red Extended Leather,2008,WBSVA93528E215594,,E215594,"MSRP.3,ZCW,ZPP.3,ZTP,2MT.1,403,417,507,6FL,655,752",,"$69,795.00",04-23-2008,550/1100,,,,,,,,,,
A22 - Sparkling Graphite Metallic,,NCSW - Black Novillo Leather,2008,WBSVA93548E215595,,E215595,"MSRP.3,ZCW,ZPP.1,ZTP,403,6FL,655,752",,"$66,570.00",04-23-2008,550,,,,,,,,,,
A73 - Jerez Black Metallic,,NDSW - Black Extended Novillo Leather,2008,WBSVA93568E215596,,E215596,"MSRP.3,ZPP.3,ZTP,2MT.1,403,494,507,6FL,655,752",,"$68,720.00",04-23-2008,550/1100,,,,,,,,,,
A22 - Sparkling Graphite Metallic,,NDH2 - Fox Red Extended Leather,2008,WBSVA93588E215597,,E215597,"MSRP.3,ZCW,ZPP.3,ZTP,403,507,6FL,653",,"$65,875.00",04-23-2008,550/1100,,,,,,,,,,
A29 - Silverstone Metallic II,,NCSW - Black Novillo Leather,2008,WBSVA935X8E215598,,E215598,"MSRP.3,ZCW,ZPP.3,ZTP,403,6FL,752",,"$65,975.00",04-23-2008,550,,,,,,,,,,
300 - Alpine White,,NCSW - Black Novillo Leather,2008,WBSVA93518E215599,,E215599,"MSRP.3,ZPP.3,ZTP,403,6FL,653,655,752",,"$65,370.00",04-23-2008,,,,,,,,,,,
300 - Alpine White,,NCSW - Black Novillo Leather,2008,WBSVA93548E215600,,E215600,"MSRP.3,ZCW,ZPP.1,ZTP,2MT.1,403,6FL,653,752",,"$66,975.00",04-23-2008,,,,,,,,,,,
300 - Alpine White,,NCSW - Black Novillo Leather,2008,WBSVA93568E215601,,E215601,"MSRP.3,ZCW,ZPP.3,ZTP,403,6FL,655,752",,"$66,020.00",04-23-2008,,,,,,,,,,,
668 - Jet Black,,NDSW - Black Extended Novillo Leather,2008,WBSVA93588E215602,,E215602,"MSRP.3,ZPP.1,ZTP,403,494,6FL,653,655,752",,"$66,970.00",04-23-2008,1100,,,,,,,,,,
300 - Alpine White,,NDSW - Black Extended Novillo Leather,2008,WBSVA935X8E215603,,E215603,"MSRP.3,ZCW,ZPP.3,ZTP,403,417,6FL,655,752",,"$67,695.00",04-23-2008,1100,,,,,,,,,,
A75 - Melbourne Red Metallic,,NCH3 - Beige Novillo Leather,2008,WBSVA93518E215604,,E215604,"MSRP.3,ZCW,ZPP.3,ZTP,403,507,6FL,653,655,752",,"$67,270.00",04-23-2008,550,,,,,,,,,,
A29 - Silverstone Metallic II,,NDSW - Black Extended Novillo Leather,2008,WBSVA93538E215605,,E215605,"MSRP.3,ZPP.3,ZTP,2MT.1,403,494,507,6FL,752",,"$68,125.00",04-23-2008,550/1100,,,,,,,,,,
A29 - Silverstone Metallic II,,NCSW - Black Novillo Leather,2008,WBSVA93558E215606,,E215606,"MSRP.3,ZCW,ZPP.1,ZTP,2MT.1,403,417,507,6FL,653,655,752",,"$69,045.00",04-23-2008,550,,,,,,,,,,
A29 - Silverstone Metallic II,,NCH1 - Silver Novillo Leather,2008,WBSVA93578E215607,,E215607,"MSRP.3,ZPP.3,ZTP,2MT.1,403,494,507,6FL,653,655,752",,"$67,970.00",04-23-2008,550,,,,,,,,,,
A73 - Jerez Black Metallic,,NCSW - Black Novillo Leather,2008,WBSVA93598E215608,,E215608,"MSRP.3,ZCW,ZPP.1,ZTP,2MT.1,403,507,6FL,653,655,752",,"$68,470.00",04-23-2008,550,,,,,,,,,,
300 - Alpine White,,NDH3 - Beige Novillo Extended Leather,2008,WBSVA93508E215609,,E215609,"MSRP.3,2MT.1,223,403,494,4MZ",,"$62,175.00",04-23-2008,2000,,,,,,,,,,
A22 - Sparkling Graphite Metallic,,NCSW - Black Novillo Leather,2008,WBSVA93578E215610,,E215610,"MSRP.3,ZCW,ZPP.3,ZTP,2MT.1,655,752",,"$66,320.00",04-23-2008,550,,,,,,,,,,
300 - Alpine White,,NCSW - Black Novillo Leather,2008,WBSVA93598E215611,,E215611,"MSRP.3,ZCW,ZPP.3,ZTP,2MT.1,507,6FL,653,655,752",,"$66,870.00",04-23-2008,,,,,,,,,,,
A73 - Jerez Black Metallic,,NCSW - Black Novillo Leather,2008,WBSVA93508E215612,,E215612,"MSRP.3,ZCW,ZPP.3,ZTP,6FL,752",,"$64,925.00",04-23-2008,550,,,,,,,,,,
A30 - Interlagos Blue Metallic,,NCH1 - Silver Novillo Leather,2008,WBSVA93528E215613,,E215613,"MSRP.3,ZCW,ZPP.1,ZTP,6FL,752",,"$64,925.00",04-23-2008,550,,,,,,,,,,
A22 - Sparkling Graphite Metallic,,NCH1 - Silver Novillo Leather,2008,WBSVA93548E215614,,E215614,"MSRP.3,ZCW,ZPP.1,609,655,752",,"$63,970.00",04-23-2008,550,,,,,,,,,,
A22 - Sparkling Graphite Metallic,,NCSW - Black Novillo Leather,2008,WBSVA93568E215615,,E215615,"MSRP.3,ZCW,ZPP.1,ZTP,6FL,752",,"$64,925.00",04-23-2008,550,,,,,,,,,,
300 - Alpine White,,NDH2 - Fox Red Extended Leather,2008,WBSVA93588E215616,,E215616,"MSRP.3,ZCW,ZPP.2,ZTP,2MK,403,6FL,655",,"$68,120.00",04-24-2008,1100,,,,,,,,,,
668 - Jet Black,,NDSW - Black Extended Novillo Leather,2008,WBSVA935X8E215617,,E215617,"MSRP.3,ZCW,ZPP.3,ZTP,403,417,6FL,655,752",,"$67,695.00",04-24-2008,1100,,,,,,,,,,
A29 - Silverstone Metallic II,,NDH1 - Silver Novillo Extended Leather,2008,WBSVA93518E215618,,E215618,"MSRP.3,ZCW,ZPP.1,ZTP,2MT.1,403,417,507,6FL,655,752",,"$69,795.00",04-24-2008,550/1100,,,,,,,,,,
300 - Alpine White,,NDH3 - Beige Novillo Extended Leather,2008,WBSVA93538E215619,,E215619,"MSRP.3,ZPP.3,ZTP,2MT.1,403,465,494,6FL,655",,"$66,395.00",04-24-2008,1100,https://bringatrailer.com/listing/2008-bmw-m3-sedan-57/,,,,,,,,,
300 - Alpine White,,NDH3 - Beige Novillo Extended Leather,2008,WBSVA935X8E215620,,E215620,"MSRP.3,ZPP.3,ZTP,2MT.1,403,465,494,6FL,655,752",,"$68,295.00",04-24-2008,1100,,,,,,,,,,
300 - Alpine White,,NDH2 - Fox Red Extended Leather,2008,WBSVA93518E215621,,E215621,"MSRP.3,ZPP.3,ZTP,403",,"$63,225.00",04-24-2008,1100,,,,,,,,,,
A22 - Sparkling Graphite Metallic,,NDSW - Black Extended Novillo Leather,2008,WBSVA93538E215622,,E215622,"MSRP.3,ZCW,ZTP,2MT.1,403,417,4MZ",,"$66,050.00",04-24-2008,550/2000,,,,,,,,,,
A75 - Melbourne Red Metallic,,NCSW - Black Novillo Leather,2008,WBSVA93558E215623,,E215623,"MSRP.3,ZCW,ZPP.3,ZTP,2MT.1,403,6FL,655,752",,"$67,770.00",04-24-2008,550,,,,,,,,,,
668 - Jet Black,,NDH2 - Fox Red Extended Leather,2008,WBSVA93578E215624,,E215624,"MSRP.3,ZCW,ZPP.1,ZTP,403,6FL,752",,"$66,525.00",04-24-2008,1100,,,,,,,,,,
A22 - Sparkling Graphite Metallic,,NDH1 - Silver Novillo Extended Leather,2008,WBSVA93598E215625,,E215625,"MSRP.3,ZCW,ZPP.2,ZTP,2MT.1,403,507,6FL,655,752",,"$69,220.00",04-24-2008,550/1100,,,,,,,,,,
A75 - Melbourne Red Metallic,,NDH3 - Beige Novillo Extended Leather,2008,WBSVA93508E215626,,E215626,"MSRP.3,ZCW,ZPP.3,ZTP,2MT.1,403,507,6FL,653,655,752",,"$69,570.00",04-24-2008,550/1100,,,,,,,,,,
A29 - Silverstone Metallic II,,NCH1 - Silver Novillo Leather,2008,WBSVA93528E215627,,E215627,"MSRP.3,ZCW,ZPP.1,ZTP,403",,"$63,675.00",04-24-2008,550,,,,,,,,,,
668 - Jet Black,,GEAT - Anthracite/Black Cloth & Leather,2008,WBSVA93548E215628,,E215628,"MSRP.3,ZPP.1,322,403,609,6FL,653,752",,"$63,625.00",04-24-2008,,,,,,,,,,,
A75 - Melbourne Red Metallic,,NCSW - Black Novillo Leather,2008,WBSVA93568E215629,,E215629,"MSRP.3,ZCW,ZPP.3,ZTP,403,6FL,653,655,752",,"$66,920.00",04-24-2008,550,,,,,,,,,,
A73 - Jerez Black Metallic,,NCH3 - Beige Novillo Leather,2008,WBSVA93528E215630,,E215630,"MSRP.3,ZPP.1,ZTP,403,6FL,653,655",,"$64,020.00",04-24-2008,550,,,,,,,,,,
A73 - Jerez Black Metallic,,NCH3 - Beige Novillo Leather,2008,WBSVA93548E215631,,E215631,"MSRP.3,ZPP.1,ZTP,403,6FL,653,655",,"$64,020.00",04-24-2008,550,,,,,,,,,,
A73 - Jerez Black Metallic,,NCH3 - Beige Novillo Leather,2008,WBSVA93568E215632,,E215632,"MSRP.3,ZPP.1,ZTP,403,6FL,653,655",,"$64,020.00",04-24-2008,550,,,,,,,,,,
A73 - Jerez Black Metallic,,NCSW - Black Novillo Leather,2008,WBSVA93588E215633,,E215633,"MSRP.3,ZPP.1,ZTP,403,6FL,653,655",,"$64,020.00",04-24-2008,550,,,,,,,,,,
A30 - Interlagos Blue Metallic,,NCH3 - Beige Novillo Leather,2008,WBSVA935X8E215634,,E215634,"MSRP.3,ZPP.1,ZTP,403,507,6FL,653",,"$63,775.00",04-24-2008,550,,,,,,,,,,
300 - Alpine White,,NCH3 - Beige Novillo Leather,2008,WBSVA93518E215635,,E215635,"MSRP.3,ZPP.3,ZTP,403,6FL,653,655,752",,"$65,370.00",04-24-2008,,,,,,,,,,,
A73 - Jerez Black Metallic,,NDH2 - Fox Red Extended Leather,2008,WBSVA93538E215636,,E215636,"MSRP.3,ZCW,ZPP.1,ZTP,2MT.1,403,417,507,6FL,752",,"$69,200.00",04-24-2008,550/1100,,,,,,,,,,
668 - Jet Black,,NDSW - Black Extended Novillo Leather,2008,WBSVA93558E215637,,E215637,"MSRP.3,ZCW,ZPP.3,ZTP,2MT.1,417,507,6FL,653,655,752",,"$68,545.00",04-24-2008,1100,,,,,,,,,,
300 - Alpine White,,NCSW - Black Novillo Leather,2008,WBSVA93578E215638,,E215638,"MSRP.3,ZCW,ZPP.3,ZTP,6FL,655,752",,"$64,970.00",04-24-2008,,,,,,,,,,,
A30 - Interlagos Blue Metallic,,NCSW - Black Novillo Leather,2008,WBSVA93598E215639,,E215639,"MSRP.3,2MT.1,223,403,494,4MY,6FL,655",,"$62,670.00",04-24-2008,550/950,,,,,,,,,,
668 - Jet Black,,NDSW - Black Extended Novillo Leather,2008,WBSVA93558E215640,,E215640,"MSRP.3,ZCW,ZPP.3,ZTP,2MT.1,403,417,507,6FL,653,655,752",,"$69,595.00",04-24-2008,1100,,,,,,,,,,
300 - Alpine White,,NCSW - Black Novillo Leather,2008,WBSVA93578E215641,,E215641,"MSRP.3,ZCW,ZPP.3,ZTP,507,6FL,655,752",,"$65,320.00",04-24-2008,,,,,,,,,,,
A29 - Silverstone Metallic II,,NCH1 - Silver Novillo Leather,2008,WBSVA93598E215642,,E215642,"MSRP.3,ZCW,ZPP.1,ZTP,655,752",,"$65,120.00",04-24-2008,550,,,,,,,,,,
A75 - Melbourne Red Metallic,,NCSW - Black Novillo Leather,2008,WBSVA93508E215643,,E215643,"MSRP.3,ZCW,ZPP.3,ZTP,403,507,6FL,655,752",,"$66,920.00",04-24-2008,550,,,,,,,,,,
A73 - Jerez Black Metallic,,NCH1 - Silver Novillo Leather,2008,WBSVA93528E215644,,E215644,"MSRP.3,ZPP.3,ZTP,494,6FL",,"$62,525.00",04-24-2008,550,,,,,,,,,,
A75 - Melbourne Red Metallic,,NDSW - Black Extended Novillo Leather,2008,WBSVA93548E215645,,E215645,"MSRP.3,ZCW,ZPP.3,ZTP,403,507,6FL,653,655,752",,"$68,370.00",04-25-2008,550/1100,,,,,,,,,,
668 - Jet Black,,NDSW - Black Extended Novillo Leather,2008,WBSVA93568E215646,,E215646,"MSRP.3,ZCW,ZPP.3,ZTP,2MT.1,403,507,6FL,655,752",,"$68,670.00",04-25-2008,1100,,,,,,,,,,
A73 - Jerez Black Metallic,,NDH3 - Beige Novillo Extended Leather,2008,WBSVA93588E215647,,E215647,"MSRP.3,ZCW,ZPP.2,ZTP,2MT.1,403,6FL,752",,"$68,275.00",04-25-2008,550/1100,,,,,,,,,,
A22 - Sparkling Graphite Metallic,,NCSW - Black Novillo Leather,2008,WBSVA935X8E215648,,E215648,"MSRP.3,ZCW,ZPP.2,ZTP,403,417,507,6FL,653,655,752",,"$67,845.00",04-25-2008,550,,,,,,,,,,
A73 - Jerez Black Met.,,NDSW - Black Extended Novillo Leather,2008,WBSVA93518E215649,,E215649,"MSRP.3,ZCW,ZPP.2,ZTP,2MT.1,403,417,507,6FL,653,655,752",,"$69,595.00",04-25-2008,1100,,,,,,,,,,
A22 - Sparkling Graphite Metallic,,NCSW - Black Novillo Leather,2008,WBSVA93588E215650,,E215650,"MSRP.3,ZPP.3,ZTP,403,507,6FL,655",,"$64,020.00",04-25-2008,550,,,,,,,,,,
300 - Alpine White,,NDH3 - Beige Novillo Extended Leather,2008,WBSVA935X8E215651,,E215651,"MSRP.3,ZCW,ZPP.3,ZTP,2MT.1,403,417,507,6FL,653,655,752",,"$69,595.00",04-25-2008,1100,,,,,,,,,,
A73 - Jerez Black Metallic,,NCSW - Black Novillo Leather,2008,WBSVA93518E215652,,E215652,"MSRP.3,ZPP.3,ZTP,2MT.1,403,494,6FL,655,752",,"$67,270.00",04-25-2008,550,,,,,,,,,,
668 - Jet Black,,NCSW - Black Novillo Leather,2008,WBSVA93538E215653,,E215653,"MSRP.3,ZPP.3,ZTP,403,494,6FL,655",,"$63,620.00",04-25-2008,,,,,,,,,,,
A75 - Melbourne Red Metallic,,NCSW - Black Novillo Leather,2008,WBSVA93558E215654,,E215654,"MSRP.3,ZPP.3,ZTP,403,494,507,6FL,752",,"$65,825.00",04-25-2008,550,,,,,,,,,,
A22 - Sparkling Graphite Metallic,,NCSW - Black Novillo Leather,2008,WBSVA93578E215655,,E215655,"MSRP.3,ZPP.3,ZTP,2MT.1,403,507,6FL,653,655,752",,"$67,470.00",04-25-2008,550,,,,,,,,,,
A73 - Jerez Black Metallic,,NCH3 - Beige Novillo Leather,2008,WBSVA93598E215656,,E215656,"MSRP.3,ZPP.3,ZTP,2MT.1,403,655",,"$64,470.00",04-25-2008,550,,,,,,,,,,
A73 - Jerez Black Metallic,,NDH3 - Beige Novillo Extended Leather,2008,WBSVA93508E215657,,E215657,"MSRP.3,ZCW,ZPP.3,ZTP,403,417,507,6FL,653,655,752",,"$68,945.00",04-25-2008,550/1100,,,,,,,,,,
A22 - Sparkling Graphite Metallic,,NDSW - Black Extended Novillo Leather,2008,WBSVA93528E215658,,E215658,"MSRP.3,ZCW,ZPP.1,ZTP,2MT.1,403,507,6FL,653,655,752",,"$69,570.00",04-25-2008,550/1100,,,,,,,,,,
300 - Alpine White,,NCH2 - Fox Red Novillo Leather,2008,WBSVA93548E215659,,E215659,"MSRP.3,ZPP.3,ZTP,403,6FL,655,752",,"$65,020.00",04-25-2008,,,,,,,,,,,
A30 - Interlagos Blue Metallic,,NCSW - Black Novillo Leather,2008,WBSVA93508E215660,,E215660,"MSRP.3,ZPP.3,ZTP,403,6FL,655",,"$63,670.00",04-25-2008,550,,,,,,,,,,
A22 - Sparkling Graphite Metallic,,NDSW - Black Extended Novillo Leather,2008,WBSVA93528E215661,,E215661,"MSRP.3,ZCW,ZPP.3,ZTP,2MT.1,403,507,6FL,655,752",,"$69,220.00",04-25-2008,550/1100,,,,,,,,,,
300 - Alpine White,,NCSW - Black Novillo Leather,2008,WBSVA93548E215662,,E215662,"MSRP.3,ZPP.3,ZTP,403,653",,"$62,475.00",04-25-2008,,,,,,,,,,,
A75 - Melbourne Red Metallic,,NCH1 - Silver Novillo Leather,2008,WBSVA93568E215663,,E215663,"MSRP.3,ZPP.1,ZTP,403,752",,"$64,575.00",04-25-2008,550,,,,,,,,,,
300 - Alpine White,,NCH2 - Fox Red Novillo Leather,2008,WBSVA93588E215664,,E215664,"MSRP.3,ZPP.1,655",,"$58,420.00",04-25-2008,,https://bringatrailer.com/listing/2008-bmw-m3-sedan-52/,,,,,,,,,
300 - Alpine White,,NDH3 - Beige Novillo Extended Leather,2008,WBSVA935X8E215665,,E215665,"MSRP.3,ZPP.2,223,465,653,655",,"$61,345.00",04-25-2008,1100,,,,,,,,,,
300 - Alpine White,,NDH3 - Beige Novillo Extended Leather,2008,WBSVA93518E215666,,E215666,"MSRP.3,ZPP.2,223,403,494",,"$61,475.00",04-25-2008,1100,,,,,,,,,,
A73 - Jerez Black Metallic,,NDSW - Black Extended Novillo Leather,2008,WBSVA93538E215667,,E215667,"MSRP.3,ZCW,ZPP.3,ZTP,403,507,6FL,655,752",,"$68,020.00",04-25-2008,550/1100,,,,,,,,,,
668 - Jet Black,,NCSW - Black Novillo Leather,2008,WBSVA93558E215668,,E215668,"MSRP.3,ZPP.3,ZTP,494,6FL,653,655,752",,"$64,820.00",04-25-2008,,,,,,,,,,,
A30 - Interlagos Blue Metallic,,NCH1 - Silver Novillo Leather,2008,WBSVA93578E215669,,E215669,"MSRP.3,ZPP.1,ZTP,494,6FL,655",,"$63,120.00",04-25-2008,550,,,,,,,,,,
300 - Alpine White,,NDH1 - Silver Novillo Extended Leather,2008,WBSVA93538E215670,,E215670,"MSRP.3,ZPP.1,ZTP,417,507,6FL,653,655",,"$64,445.00",04-26-2008,1100,,,,,,,,,,
A73 - Jerez Black Metallic,,NCSW - Black Novillo Leather,2008,WBSVA93558E215671,,E215671,"MSRP.3,ZCW,ZPP.3,ZTP,2MT.1,403,6FL,653,655",,"$66,220.00",04-26-2008,550,,,,,,,,,,
A30 - Interlagos Blue Metallic,,NDSW - Black Extended Novillo Leather,2008,WBSVA93578E215672,,E215672,"MSRP.3,ZPP.3,ZTP,417,465,494,655,752",,"$66,770.00",04-26-2008,550/1100,,,,,,,,,,
A22 - Sparkling Graphite Metallic,,NCSW - Black Novillo Leather,2008,WBSVA93598E215673,,E215673,"MSRP.3,ZPP.2,ZTP,2MT.1,403,494,6FL,655,752",,"$67,270.00",04-26-2008,550,,,,,,,,,,
668 - Jet Black,,NCSW - Black Novillo Leather,2008,WBSVA93508E215674,,E215674,"MSRP.3,ZCW,ZPP.3,ZTP,403,6FL,655,752",,"$66,020.00",04-26-2008,,,,,,,,,,,
300 - Alpine White,,NDSW - Black Extended Novillo Leather,2008,WBSVA93528E215675,,E215675,"MSRP.3,ZPP.1,ZTP,403,465,494,6FL,752",,"$66,500.00",04-26-2008,1100,,,,,,,,,,
A73 - Jerez Black Metallic,,NDH1 - Silver Novillo Extended Leather,2008,WBSVA93548E215676,,E215676,"MSRP.3,ZCW,ZPP.1,ZTP,2MT.1,403,6FL,653,655,752",,"$69,220.00",04-26-2008,550/1100,,,,,,,,,,
A29 - Silverstone Metallic II,,NDSW - Black Extended Novillo Leather,2008,WBSVA93568E215677,,E215677,"MSRP.3,ZPP.1,ZTP,403,494,507,6FL,653,655,752",,"$67,870.00",04-26-2008,550/1100,,,,,,,,,,
668 - Jet Black,,NDH2 - Fox Red Extended Leather,2008,WBSVA93588E215678,,E215678,"MSRP.3,ZPP.3,ZTP,2MT.1,403,417,465,507,6FL,655,752",,"$68,720.00",04-26-2008,1100,,,,,,,,,,
668 - Jet Black,,NCSW - Black Novillo Leather,2008,WBSVA935X8E215679,,E215679,"MSRP.3,ZPP.3,ZTP,403,494,6FL,655",,"$63,620.00",04-26-2008,,,,,,,,,,,
668 - Jet Black,,NCH3 - Beige Novillo Leather,2008,WBSVA93568E215680,,E215680,"MSRP.3,ZPP.2,ZTP,403,6FL,653,655",,"$63,470.00",04-26-2008,,,,,,,,,,,
A22 - Sparkling Graphite Metallic,,NCSW - Black Novillo Leather,2008,WBSVA93588E215681,,E215681,"MSRP.3,ZPP.1,ZTP,2MT.1,403,494,655,752",,"$66,870.00",04-26-2008,550,,,,,,,,,,
A75 - Melbourne Red Metallic,,NCH3 - Beige Novillo Leather,2008,WBSVA935X8E215682,,E215682,"MSRP.3,ZPP.3,ZTP,403,494,6FL,655",,"$64,170.00",04-26-2008,550,,,,,,,,,,
668 - Jet Black,,NCSW - Black Novillo Leather,2008,WBSVA93518E215683,,E215683,"MSRP.3,ZPP.3,ZTP,2MT.1,403,6FL",,"$63,725.00",04-26-2008,,,,,,,,,,,
A29 - Silverstone Metallic II,,GEAT - Anthracite/Black Cloth & Leather,2008,WBSVA93538E215684,,E215684,"MSRP.3,ZPP.3,ZTP,2MT.1,403,507,6FL,752",,"$66,525.00",04-26-2008,550,,,,,,,,,,
A22 - Sparkling Graphite Metallic,,NCH1 - Silver Novillo Leather,2008,WBSVA93558E215685,,E215685,"MSRP.3,ZCW,ZPP.1,ZTP,2MT.1,403,507,6FL,752",,"$67,525.00",04-26-2008,550,,,,,,,,,,
A73 - Jerez Black Metallic,,NCSW - Black Novillo Leather,2008,WBSVA93578E215686,,E215686,"MSRP.3,ZTP,403,494,771",,"$62,225.00",04-26-2008,550/950,,,,,,,,,,
A29 - Silverstone Metallic II,,NCH1 - Silver Novillo Leather,2008,WBSVA93598E215687,,E215687,"MSRP.3,ZPP.3,ZTP,2MT.1,403,507,6FL,655",,"$65,220.00",04-26-2008,550,,,,,,,,,,
668 - Jet Black,,NCH2 - Fox Red Novillo Leather,2008,WBSVA93508E215688,,E215688,"MSRP.3,ZPP.1,ZTP,2MT.1,403,494,6FL,655",,"$64,820.00",04-26-2008,,,,,,,,,,,
A73 - Jerez Black Metallic,,NCSW - Black Novillo Leather,2008,WBSVA93528E215689,,E215689,"MSRP.3,ZCW,ZPP.3,302,322,403,609",,"$62,925.00",04-26-2008,550,,,,,,,,,,
A29 - Silverstone Metallic II,,NCH1 - Silver Novillo Leather,2008,WBSVA93598E215690,,E215690,"MSRP.3,ZCW,ZPP.1,ZTP,2MT.1,302,403,417,507,6FL,655,752",,"$69,095.00",04-26-2008,550,,,,,,,,,,
668 - Jet Black,,NCSW - Black Novillo Leather,2008,WBSVA93508E215691,,E215691,"MSRP.3,ZCW,ZPP.2,2MT.1,302,322,403,417,507,609,6FL,752",,"$66,800.00",04-26-2008,,,,,,,,,,,
300 - Alpine White,,NCH2 - Fox Red Novillo Leather,2008,WBSVA93528E215692,,E215692,"MSRP.3,ZCW,ZPP.1,ZTP,2MT.1,302,403,417,507,6FL,752",,"$67,950.00",04-26-2008,,,,,,,,,,,
A29 - Silverstone Metallic II,,NCSW - Black Novillo Leather,2008,WBSVA93548E215693,,E215693,"MSRP.3,ZCW,ZPP.3,302,322,403,417,507,609,6FL,752",,"$66,150.00",04-26-2008,550,,,,,,,,,,
A30 - Interlagos Blue Metallic,,NCSW - Black Novillo Leather,2008,WBSVA93568E215694,,E215694,"MSRP.3,ZCW,ZPP.1,ZTP,302,403,417,507,6FL,752",,"$67,300.00",04-28-2008,550,,,,,,,,,,
A30 - Interlagos Blue Metallic,,NCSW - Black Novillo Leather,2008,WBSVA93588E215695,,E215695,"MSRP.3,ZCW,ZPP.3,ZTP,2MT.1,302,403,507,6FL,752",,"$67,925.00",04-28-2008,550,,,,,,,,,,
300 - Alpine White,,NDSW - Black Extended Novillo Leather,2008,WBSVA935X8E215696,,E215696,"MSRP.3,ZCW,ZPP.3,ZTP,2MT.1,403,507,6FL,655,752",,"$68,670.00",04-28-2008,1100,,,,,,,,,,
A75 - Melbourne Red Metallic,,NDSW - Black Extended Novillo Leather,2008,WBSVA93518E215697,,E215697,"MSRP.3,ZCW,ZPP.3,ZTP,2MT.1,403,507,6FL,653,655,752",,"$69,570.00",04-28-2008,550/1100,,,,,,,,,,
A29 - Silverstone Metallic II,,NDSW - Black Extended Novillo Leather,2008,WBSVA93538E215698,,E215698,"MSRP.3,ZCW,ZPP.3,ZTP,2MT.1,403,6FL,653,655,752",,"$69,220.00",04-28-2008,550/1100,https://bringatrailer.com/listing/2008-bmw-m3-sedan-52/,,,,,,,,,
A73 - Jerez Black Metallic,,NDH2 - Fox Red Extended Leather,2008,WBSVA93558E215699,,E215699,"MSRP.3,ZCW,ZPP.2,ZTP,2MT.1,403,507,653,655,752",,"$69,170.00",04-28-2008,550/1100,,,,,,,,,,
A29 - SIlverstone II,,NDSW - Black Extended Novillo Leather,2008,WBSVA93588E215700,,E215700,"MSRP.3,ZCW,ZPP.3,ZTP,6FL,655,752",,"$66,070.00",04-28-2008,1100,,,,,,,,,,
668 - Jet Black,,NCSW - Black Novillo Leather,2008,WBSVA935X8E215701,,E215701,"MSRP.3,ZCW,ZPP.3,223,302,322",,"$60,225.00",04-28-2008,,,,,,,,,,,
A73 - Jerez Black Met.,,NDSW - Black Extended Novillo Leather,2008,WBSVA93518E215702,,E215702,"MSRP.3,ZPP.3,2MT.1,223,403,6FL",,"$62,575.00",04-28-2008,1100,,,,,,,,,,
668 - Jet Black,,NCSW - Black Novillo Leather,2008,WBSVA93538E215703,,E215703,"MSRP.3,ZCW,ZPP.3,403,6FL",,"$60,275.00",04-28-2008,,,,,,,,,,,
A29 - Silverstone Metallic II,,NDSW - Black Extended Novillo Leather,2008,WBSVA93558E215704,,E215704,"MSRP.3,ZCW,ZPP.3,302,322,403,417,507,6FL,752",,"$65,150.00",04-28-2008,550/1100,,,,,,,,,,
A29 - Silverstone Metallic II,,NCSW - Black Novillo Leather,2008,WBSVA93578E215705,,E215705,"MSRP.3,ZCW,ZPP.1,302,322,403,417,507,6FL,752",,"$64,050.00",04-28-2008,550,,,,,,,,,,
300 - Alpine White,,NCSW - Black Novillo Leather,2008,WBSVA93598E215706,,E215706,"MSRP.3,ZCW,ZPP.3,ZTP,507,6FL,653,655,752",,"$65,670.00",04-28-2008,,,,,,,,,,,
A73 - Jerez Black Metallic,,NCSW - Black Novillo Leather,2008,WBSVA93508E215707,,E215707,"MSRP.3,ZCW,ZPP.1,2MT.1,302,322,403",,"$62,025.00",04-28-2008,550,,,,,,,,,,
A29 - Silverstone Metallic II,,NCSW - Black Novillo Leather,2008,WBSVA93528E215708,,E215708,"MSRP.3,ZCW,ZPP.1,2MT.1,302,322,403,507,6FL,655",,"$63,370.00",04-28-2008,550,,,,,,,,,,
A22 - Sparkling Graphite Metallic,,NCSW - Black Novillo Leather,2008,WBSVA93548E215709,,E215709,"MSRP.3,ZCW,ZPP.3,223,302,322,403,417,507,6FL,752",,"$65,050.00",04-28-2008,550,,,,,,,,,,
A73 - Jerez Black Metallic,,NCH2 - Fox Red Novillo Leather,2008,WBSVA93508E215710,,E215710,"MSRP.3,ZCW,ZPP.3,223,302,322,403,6FL,752",,"$64,125.00",04-28-2008,550,,,,,,,,,,
A73 - Jerez Black Metallic,,NCSW - Black Novillo Leather,2008,WBSVA93528E215711,,E215711,"MSRP.3,ZCW,ZPP.1,2MT.1,302,322,403,6FL,752",,"$64,325.00",04-28-2008,550,,,,,,,,,,
A22 - Sparkling Graphite Metallic,,NCH1 - Silver Novillo Leather,2008,WBSVA93548E215712,,E215712,"MSRP.3,ZCW,ZPP.3,ZTP,2MT.1,403,507,6FL,653,655,752",,"$68,470.00",04-28-2008,550,,,,,,,,,,
A73 - Jerez Black Metallic,,NCH2 - Fox Red Novillo Leather,2008,WBSVA93568E215713,,E215713,"MSRP.3,ZCW,ZPP.3,ZTP,6FL,655,752",,"$65,520.00",04-28-2008,550,,,,,,,,,,
A30 - Interlagos Blue Metallic,,NCH1 - Silver Novillo Leather,2008,WBSVA93588E215714,,E215714,"MSRP.3,ZCW,ZPP.1,ZTP,6FL,655,752",,"$65,520.00",04-28-2008,550,,,,,,,,,,
A29 - Silverstone Metallic II,,NCSW - Black Novillo Leather,2008,WBSVA935X8E215715,,E215715,"MSRP.3,ZCW,ZPP.3,ZTP,507,6FL,655",,"$63,970.00",04-28-2008,550,,,,,,,,,,
A30 - Interlagos Blue Metallic,,NCH1 - Silver Novillo Leather,2008,WBSVA93518E215716,,E215716,"MSRP.3,ZCW,ZPP.1,ZTP,2MT.1,507,6FL,752",,"$66,475.00",04-29-2008,550,,,,,,,,,,
A22 - Sparkling Graphite Metallic,,NCSW - Black Novillo Leather,2008,WBSVA93538E215717,,E215717,"MSRP.3,ZPP.1,ZTP,403,417,494,6FL,655,752",,"$66,645.00",04-29-2008,550,,,,,,,,,,
A29 - Silverstone Metallic II,,NDH1 - Silver Novillo Extended Leather,2008,WBSVA93558E215718,,E215718,"MSRP.3,ZCW,ZPP.3,ZTP,403,507,6FL,655,752",,"$68,020.00",04-29-2008,550/1100,,,,,,,,,,
A75 - Melbourne Red Metallic,,NDSW - Black Extended Novillo Leather,2008,WBSVA93578E215719,,E215719,"MSRP.3,ZCW,ZPP.2,ZTP,403,417,507,6FL,653,655,752",,"$68,945.00",04-29-2008,550/1100,,,,,,,,,,
A73 - Jerez Black Metallic,,NDSW - Black Extended Novillo Leather,2008,WBSVA93538E215720,,E215720,"MSRP.3,ZCW,ZPP.2,ZTP,403,6FL,655,752",,"$67,670.00",04-29-2008,550/1100,,,,,,,,,,
A29 - Silverstone Metallic II,,NDSW - Black Extended Novillo Leather,2008,WBSVA93558E215721,,E215721,"MSRP.3,ZCW,ZPP.3,ZTP,403,417,507,6FL,655,752",,"$68,595.00",04-29-2008,550/1100,https://bringatrailer.com/listing/2008-bmw-m3-sedan-40/,,,,,,,,,
668 - Jet Black,,NCH3 - Beige Novillo Leather,2008,WBSVA93578E215722,,E215722,"MSRP.3,ZPP.3,ZTP,403,6FL,653,655",,"$63,470.00",04-29-2008,,,,,,,,,,,
A75 - Melbourne Red Metallic,,NCSW - Black Novillo Leather,2008,WBSVA93598E215723,,E215723,"MSRP.3,ZCW,ZPP.1,2MT.1,302,322,403,609,6FL,655,752",,"$67,020.00",04-29-2008,550,,,,,,,,,,
A30 - Interlagos Blue Metallic,,NDSW - Black Extended Novillo Leather,2008,WBSVA93508E215724,,E215724,"MSRP.3,ZCW,ZPP.1,ZTP,2MT.1,302,403,417,507,6FL,655,752",,"$70,195.00",04-29-2008,550/1100,,,,,,,,,,
A22 - Sparkling Graphite Metallic,,NCSW - Black Novillo Leather,2008,WBSVA93528E215725,,E215725,"MSRP.3,ZCW,ZPP.1,302,322,403,417,507,609,6FL,752",,"$66,150.00",04-29-2008,550,,,,,,,,,,
A73 - Jerez Black Metallic,,NCSW - Black Novillo Leather,2008,WBSVA93548E215726,,E215726,"MSRP.3,ZCW,ZPP.3,2MT.1,302,322,403,417,507,609,6FL,655,752",,"$67,945.00",04-29-2008,550,,,,,,,,,,
A29 - SIlverstone II,,NCSW - Black Novillo Leather,2008,WBSVA93568E215727,,E215727,"MSRP.3,ZCW,ZPP.3,ZTP,2MT.1,302,403,417,507,6FL,752",,"$67,950.00",04-29-2008,,,,,,,,,,,
A30 - Interlagos Blue Metallic,,NCSW - Black Novillo Leather,2008,WBSVA93588E215728,,E215728,"MSRP.3,ZCW,ZPP.3,2MT.1,302,322,403,417,507,609,6FL,655,752",,"$67,945.00",04-29-2008,550,,,,,,,,,,
A73 - Jerez Black Metallic,,NCH2 - Fox Red Novillo Leather,2008,WBSVA935X8E215729,,E215729,"MSRP.3,ZCW,ZPP.1,2MT.1,302,322,403,417,507,609,6FL,752",,"$67,350.00",04-29-2008,550,,,,,,,,,,
A73 - Jerez Black Metallic,,GEAT - Anthracite/Black Cloth & Leather,2008,WBSVA93568E215730,,E215730,"MSRP.3,ZCW,ZPP.1,2MT.1,302,322,403,417,507,609,6FL,752",,"$67,350.00",04-29-2008,550,,,,,,,,,,
A73 - Jerez Black Metallic,,NCH3 - Beige Novillo Leather,2008,WBSVA93588E215731,,E215731,"MSRP.3,ZCW,ZPP.3,ZTP,2MT.1,302,403,507,6FL,655,752",,"$68,520.00",04-29-2008,550,,,,,,,,,,
A75 - Melbourne Red Metallic,,NCH3 - Beige Novillo Leather,2008,WBSVA935X8E215732,,E215732,"MSRP.3,ZPP.2,2MT.1,403,465,507,6FL,653,655",,"$62,795.00",04-29-2008,550,,,,,,,,,,
A73 - Jerez Black Metallic,,NCSW - Black Novillo Leather,2008,WBSVA93518E215733,,E215733,"MSRP.3,ZCW,ZPP.1,2MT.1,302,322,403,6FL,655,752",,"$64,920.00",04-29-2008,550,,,,,,,,,,
668 - Jet Black,,NDSW - Black Extended Novillo Leather,2008,WBSVA93538E215734,,E215734,"MSRP.3,ZCW,ZPP.3,ZTP,403,6FL,655",,"$65,220.00",04-29-2008,1100,,,,,,,,,,
A73 - Jerez Black Metallic,,NCSW - Black Novillo Leather,2008,WBSVA93558E215735,,E215735,"MSRP.3,ZCW,ZPP.1,2MT.1,302,322,403,6FL,655,752",,"$64,920.00",04-29-2008,550,,,,,,,,,,
300 - Alpine White,,NDSW - Black Extended Novillo Leather,2008,WBSVA93578E215736,,E215736,"MSRP.3,ZCW,ZPP.3,322,609,6FL,655,752",,"$64,920.00",04-29-2008,1100,,,,,,,,,,
300 - Alpine White,,NCH3 - Beige Novillo Leather,2008,WBSVA93598E215737,,E215737,"MSRP.3,ZCW,ZPP.3,223,302,322,403,417,507,6FL,655,752",,"$65,095.00",04-29-2008,,,,,,,,,,,
A29 - Silverstone Metallic II,,NCH1 - Silver Novillo Leather,2008,WBSVA93508E215738,,E215738,"MSRP.3,ZCW,ZPP.1,302,322,403",,"$60,825.00",04-29-2008,550,,,,,,,,,,
A73 - Jerez Black Metallic,,NCSW - Black Novillo Leather,2008,WBSVA93528E215739,,E215739,"MSRP.3,ZCW,ZPP.1,302,322,403,417,507,6FL,655,752",,"$64,645.00",04-29-2008,550,,,,,,,,,,
A29 - Silverstone Metallic II,,NCSW - Black Novillo Leather,2008,WBSVA93598E215740,,E215740,"MSRP.3,ZCW,ZPP.1,302,322,403",,"$60,825.00",04-29-2008,550,,,,,,,,,,
668 - Jet Black,,NCH2 - Fox Red Novillo Leather,2008,WBSVA93508E215741,,E215741,"MSRP.3,ZCW,ZPP.1,2MT.1,302,322,403,6FL,752",,"$63,775.00",04-29-2008,,,,,,,,,,,
668 - Jet Black,,NCH2 - Fox Red Novillo Leather,2008,WBSVA93528E215742,,E215742,"MSRP.3,ZCW,ZPP.3,ZTP,507,6FL,655",,"$63,420.00",04-29-2008,,,,,,,,,,,
A75 - Melbourne Red Metallic,,GEAT - Anthracite/Black Cloth & Leather,2008,WBSVA93548E215743,,E215743,"MSRP.3,ZCW,ZPP.1,302,322,403,417,507,6FL,752",,"$64,050.00",04-29-2008,550,,,,,,,,,,
A73 - Jerez Black Metallic,,NCSW - Black Novillo Leather,2008,WBSVA93568E215744,,E215744,"MSRP.3,ZCW,ZPP.1,2MT.1,302,322,403,417,507,609,6FL,752",,"$67,350.00",04-29-2008,550,,,,,,,,,,
300 - Alpine White,,NCH2 - Fox Red Novillo Leather,2008,WBSVA93588E215745,,E215745,"MSRP.3,ZCW,ZPP.3,2MT.1,302,322,403,417,507,6FL,752",,"$64,700.00",04-29-2008,,,,,,,,,,,
A73 - Jerez Black Metallic,,NCSW - Black Novillo Leather,2008,WBSVA935X8E215746,,E215746,"MSRP.3,ZCW,ZPP.2,ZTP,403,6FL,655,752",,"$66,570.00",04-29-2008,550,,,,,,,,,,
A73 - Jerez Black Metallic,,NCH3 - Beige Novillo Leather,2008,WBSVA93518E215747,,E215747,"MSRP.3,ZCW,ZPP.2,ZTP,403,6FL,655,752",,"$66,570.00",04-29-2008,550,,,,,,,,,,
A29 - Silverstone Metallic II,,NDSW - Black Extended Novillo Leather,2008,WBSVA93538E215748,,E215748,"MSRP.3,ZCW,ZPP.1,ZTP,403,653",,"$65,125.00",04-29-2008,550/1100,,,,,,,,,,
300 - Alpine White,,NDH3 - Beige Novillo Extended Leather,2008,WBSVA93558E215749,,E215749,"MSRP.3,ZCW,ZPP.3,ZTP,403,653,655,752",,"$67,070.00",04-30-2008,1100,,,,,,,,,,
A29 - Silverstone Metallic II,,NDSW - Black Extended Novillo Leather,2008,WBSVA93518E215750,,E215750,"MSRP.3,ZCW,ZPP.3,ZTP,403,507,655",,"$65,720.00",04-30-2008,550/1100,,,,,,,,,,
668 - Jet Black,,NDSW - Black Extended Novillo Leather,2008,WBSVA93538E215751,,E215751,"MSRP.3,ZCW,ZPP.3,ZTP,2MT.1,403,6FL,655,752",,"$68,320.00",04-30-2008,1100,,,,,,,,,,
A75 - Melbourne Red Metallic,,NCSW - Black Novillo Leather,2008,WBSVA93558E215752,,E215752,"MSRP.3,ZCW,ZPP.3,2MT.1,302,322,403,417,507,609,6FL,752",,"$67,350.00",04-30-2008,550,,,,,,,,,,
A75 - Melbourne Red Metallic,,NCH3 - Beige Novillo Leather,2008,WBSVA93578E215753,,E215753,"MSRP.3,ZCW,ZPP.2,ZTP,403,6FL,653,655,752",,"$66,920.00",04-30-2008,550,,,,,,,,,,
A73 - Jerez Black Metallic,,NCSW - Black Novillo Leather,2008,WBSVA93598E215754,,E215754,"MSRP.3,ZCW,ZPP.3,ZTP,403,507,6FL,653,655,752",,"$67,270.00",04-30-2008,550,,,,,,,,,,
300 - Alpine White,,NCSW - Black Novillo Leather,2008,WBSVA93508E215755,,E215755,"MSRP.3,ZCW,ZPP.1,2MT.1,302,322,403,417,507,609,6FL,752",,"$66,800.00",04-30-2008,,,,,,,,,,,
A73 - Jerez Black Metallic,,NCSW - Black Novillo Leather,2008,WBSVA93528E215756,,E215756,"MSRP.3,ZCW,ZPP.2,ZTP,2MT.1,403,6FL,655",,"$65,870.00",04-30-2008,550,,,,,,,,,,
300 - Alpine White,,NDSW - Black Extended Novillo Leather,2008,WBSVA93548E215757,,E215757,"MSRP.3,ZCW,ZPP.1,2MT.1,302,322,403,417,507,609,6FL,752",,"$67,900.00",04-30-2008,1100,,,,,,,,,,
300 - Alpine White,,NCH2 - Fox Red Novillo Leather,2008,WBSVA93568E215758,,E215758,"MSRP.3,ZCW,ZPP.3,ZTP,403,6FL,653,655,752",,"$66,370.00",04-30-2008,,,,,,,,,,,
A29 - Silverstone Metallic II,,NCH1 - Silver Novillo Leather,2008,WBSVA93588E215759,,E215759,"MSRP.3,ZCW,ZPP.1,2MT.1,302,322,403,417,507,609,6FL,752",,"$67,350.00",04-30-2008,550,,,,,,,,,,
A73 - Jerez Black Metallic,,NCH1 - Silver Novillo Leather,2008,WBSVA93548E215760,,E215760,"MSRP.3,ZCW,ZPP.3,ZTP,403,417,507,6FL,653,655,752",,"$67,845.00",04-30-2008,550,,,,,,,,,,
A29 - Silverstone Metallic II,,NCSW - Black Novillo Leather,2008,WBSVA93568E215761,,E215761,"MSRP.3,ZCW,ZPP.1,ZTP,2MT.1,302,403,417,507,6FL,655,752",,"$69,095.00",04-30-2008,550,,,,,,,,,,
A29 - Silverstone Metallic II,,NCH1 - Silver Novillo Leather,2008,WBSVA93588E215762,,E215762,"MSRP.3,ZPP.1,ZTP,655,752",,"$64,120.00",04-30-2008,550,,,,,,,,,,
668 - Jet Black,,NCSW - Black Novillo Leather,2008,WBSVA935X8E215763,,E215763,"MSRP.3,ZCW,ZPP.1,2MT.1,6FL",,"$60,425.00",04-30-2008,,,,,,,,,,,
A30 - Interlagos Blue Metallic,,NCSW - Black Novillo Leather,2008,WBSVA93518E215764,,E215764,"MSRP.3,ZPP.1,ZTP,655,752",,"$64,120.00",04-30-2008,550,,,,,,,,,,
300 - Alpine White,,NCH2 - Fox Red Novillo Leather,2008,WBSVA93538E215765,,E215765,"MSRP.3,302,403,6FL,771",,"$58,725.00",04-30-2008,950,,,,,,,,,,
A30 - Interlagos Blue Metallic,,GEAT - Anthracite/Black Cloth & Leather,2008,WBSVA93558E215766,,E215766,"MSRP.3,ZCW,223,4MY,507,655",,"$59,920.00",04-30-2008,550,,,,,,,,,,
A22 - Sparkling Graphite Metallic,,NCSW - Black Novillo Leather,2008,WBSVA93578E215767,,E215767,"MSRP.3,ZPP.3,ZTP,403,494,507,6FL,752,863",,"$65,825.00",04-30-2008,550,,,,,,,,,,
A29 - Silverstone Metallic II,,NCH1 - Silver Novillo Leather,2008,WBSVA93598E215768,,E215768,"MSRP.3,ZPP.1,ZTP,655,752",,"$64,120.00",04-30-2008,550,,,,,,,,,,
A30 - Interlagos Blue Metallic,,NCSW - Black Novillo Leather,2008,WBSVA93508E215769,,E215769,"MSRP.3,ZCW,ZPP.3,ZTP,403,6FL,653,655,752",,"$66,920.00",04-30-2008,550,,,,,,,,,,
668 - Jet Black,,NCSW - Black Novillo Leather,2008,WBSVA93578E215770,,E215770,"MSRP.3,ZCW,ZPP.3,ZTP,403,6FL,655",,"$64,120.00",04-30-2008,,,,,,,,,,,
A22 - Sparkling Graphite Metallic,,NCSW - Black Novillo Leather,2008,WBSVA93598E215771,,E215771,"MSRP.3,ZTP,403,771,863",,"$61,725.00",05-02-2008,550/950,,,,,,,,,,
668 - Jet Black,,NDH3 - Beige Novillo Extended Leather,2008,WBSVA93508E215772,,E215772,"MSRP.3,ZCW,ZPP.2,ZTP,302,403,6FL,752",,"$66,925.00",05-02-2008,1100,,,,,,,,,,
300 - Alpine White,,NCH1 - Silver Novillo Leather,2008,WBSVA93528E215773,,E215773,"MSRP.3,ZCW,ZPP.3,2MT.1,302,322,403,417,507,609,6FL,655,752",,"$67,395.00",05-02-2008,,,,,,,,,,,
A29 - Silverstone Metallic II,,NCH1 - Silver Novillo Leather,2008,WBSVA93548E215774,,E215774,"MSRP.3,ZCW,ZPP.1,ZTP,302,403,417,507,6FL,655,752",,"$67,895.00",05-02-2008,550,,,,,,,,,,
A30 - Interlagos Blue Metallic,,NCH1 - Silver Novillo Leather,2008,WBSVA93568E215775,,E215775,"MSRP.3,ZTP,4MY,655",,"$61,770.00",05-02-2008,550/950,,,,,,,,,,
300 - Alpine White,,NCH2 - Fox Red Novillo Leather,2008,WBSVA93588E215776,,E215776,"MSRP.3,ZTP,494,6FL,771",,"$61,025.00",05-02-2008,950,,,,,,,,,,
300 - Alpine White,,NCSW - Black Novillo Leather,2008,WBSVA935X8E215777,,E215777,"MSRP.3,ZCW,ZPP.3,ZTP,2MT.1,302,403,417,507,6FL,655,752",,"$68,545.00",05-02-2008,,,,,,,,,,,
668 - Jet Black,,NCSW - Black Novillo Leather,2008,WBSVA93518E215778,,E215778,"MSRP.3,ZCW,ZPP.3,2MT.1,302,322,403,417,507,609,6FL,752",,"$66,800.00",05-02-2008,,,,,,,,,,,
A75 - Melbourne Red Metallic,,NCSW - Black Novillo Leather,2008,WBSVA93538E215779,,E215779,"MSRP.3,ZCW,ZPP.3,2MT.1,302,322,403,417,507,609,6FL,752",,"$67,350.00",05-02-2008,550,,,,,,,,,,
300 - Alpine White,,NCH2 - Fox Red Novillo Leather,2008,WBSVA935X8E215780,,E215780,"MSRP.3,ZCW,ZPP.3,2MT.1,302,322,403,609,6FL,752",,"$65,875.00",05-02-2008,,,,,,,,,,,
A29 - Silverstone Metallic II,,NCSW - Black Novillo Leather,2008,WBSVA93518E215781,,E215781,"MSRP.3,ZCW,ZPP.1,302,322,403,417,507,609,6FL,752",,"$66,150.00",05-02-2008,550,,,,,,,,,,
A29 - Silverstone Metallic II,,NCSW - Black Novillo Leather,2008,WBSVA93538E215782,,E215782,"MSRP.3,ZCW,ZPP.1,ZTP,302,403,507",,"$64,425.00",05-02-2008,550,,,,,,,,,,
A22 - Sparkling Graphite Metallic,,NCSW - Black Novillo Leather,2008,WBSVA93558E215783,,E215783,"MSRP.3,ZPP.1,ZTP,403,417,494,6FL,655,752",,"$66,645.00",05-03-2008,550,,,,,,,,,,
A30 - Interlagos Blue Metallic,,NCH1 - Silver Novillo Leather,2008,WBSVA93578E215784,,E215784,"MSRP.3,ZTP,4MY,507,655",,"$62,120.00",05-03-2008,550/950,,,,,,,,,,
A29 - Silverstone Metallic II,,NCSW - Black Novillo Leather,2008,WBSVA93598E215785,,E215785,"MSRP.3,ZCW,ZPP.1,ZTP,2MT.1,403,417,507,6FL,653,655,752",,"$69,045.00",05-03-2008,550,,,,,,,,,,
A30 - Interlagos Blue Metallic,,NCH1 - Silver Novillo Leather,2008,WBSVA93508E215786,,E215786,"MSRP.3,ZTP,4MY,655",,"$61,770.00",05-03-2008,550/950,,,,,,,,,,
A22 - Sparkling Graphite Metallic,,NCSW - Black Novillo Leather,2008,WBSVA93528E215787,,E215787,"MSRP.3,ZCW,ZPP.3,ZTP,6FL,655,752",,"$65,520.00",05-03-2008,550,,,,,,,,,,
A29 - Silverstone Metallic II,,NCSW - Black Novillo Leather,2008,WBSVA93548E215788,,E215788,"MSRP.3,ZPP.3,ZTP,2MT.1,465,494,6FL,655,752",,"$66,695.00",05-03-2008,550,,,,,,,,,,
A22 - Sparkling Graphite Metallic,,NCSW - Black Novillo Leather,2008,WBSVA93568E215789,,E215789,"MSRP.3,ZCW,ZPP.1,ZTP,2MT.1,507,752",,"$66,075.00",05-03-2008,550,https://bringatrailer.com/listing/2008-bmw-m3-sedan-64/,,,,,,,,,
300 - Alpine White,,NCSW - Black Novillo Leather,2008,WBSVA93528E215790,,E215790,"MSRP.3,ZPP.3,ZTP,2MT.1,494,507,6FL,655,752",,"$66,020.00",05-03-2008,,,,,,,,,,,
A22 - Sparkling Graphite Metallic,,NCSW - Black Novillo Leather,2008,WBSVA93548E215791,,E215791,"MSRP.3,ZPP.2,ZTP,2MT.1,403,494,6FL,655",,"$65,370.00",05-03-2008,550,,,,,,,,,,
668 - Jet Black,,NCSW - Black Novillo Leather,2008,WBSVA93568E215792,,E215792,"MSRP.3,ZPP.1,ZTP,494",,"$61,575.00",05-03-2008,,,,,,,,,,,
A73 - Jerez Black Metallic,,NCSW - Black Novillo Leather,2008,WBSVA93588E215793,,E215793,"MSRP.3,ZCW,ZPP.3,ZTP,2MT.1,403,507,6FL,655,752",,"$68,120.00",05-05-2008,550,,,,,,,,,,
A73 - Jerez Black Metallic,,NCSW - Black Novillo Leather,2008,WBSVA935X8E215794,,E215794,"MSRP.3,ZCW,ZPP.3,2MT.1,302,322,403,417,507,609,6FL,655,752",,"$67,945.00",05-05-2008,550,,,,,,,,,,
300 - Alpine White,,NCSW - Black Novillo Leather,2008,WBSVA93518E215795,,E215795,"MSRP.3,2MT.1,403,771",,"$59,125.00",05-05-2008,950,,,,,,,,,,
668 - Jet Black,,NCSW - Black Novillo Leather,2008,WBSVA93538E215796,,E215796,"MSRP.3,ZPP.3,2MT.1,494,6FL,655",,"$60,520.00",05-05-2008,,,,,,,,,,,
A73 - Jerez Black Metallic,,NCSW - Black Novillo Leather,2008,WBSVA93558E215797,,E215797,"MSRP.3,ZPP.2,465,494,653,655",,"$60,295.00",05-05-2008,550,,,,,,,,,,
668 - Jet Black,,NCSW - Black Novillo Leather,2008,WBSVA93578E215798,,E215798,"MSRP.3,ZCW,ZPP.3,ZTP,6FL,655,752",,"$64,970.00",05-05-2008,,,,,,,,,,,
A22 - Sparkling Graphite Metallic,,NCSW - Black Novillo Leather,2008,WBSVA93598E215799,,E215799,"MSRP.3,ZPP.2,ZTP,2MT.1,465,655",,"$63,895.00",05-05-2008,550,,,,,,,,,,
668 - Jet Black,,NCH2 - Fox Red Novillo Leather,2008,WBSVA93518E215800,,E215800,"MSRP.2,ZCW,ZPP.3,ZTP,403,507,6FL,653,655,752",,"$67,770.00",05-05-2008,,,,,,,,,,,
300 - Alpine White,,NDSW - Black Extended Novillo Leather,2008,WBSVA93538E215801,,E215801,"MSRP.2,ZCW,ZPP.3,ZTP,2MT.1,403,417,507,6FL,653,655,752",,"$70,645.00",05-05-2008,1100,,,,,,,,,,
A29 - Silverstone Metallic II,,NCH1 - Silver Novillo Leather,2008,WBSVA93558E215802,,E215802,"MSRP.2,ZCW,ZPP.2,ZTP,403,507,6FL",,"$65,475.00",05-06-2008,550,,,,,,,,,,
300 - Alpine White,,NDH3 - Beige Novillo Extended Leather,2008,WBSVA93578E215803,,E215803,"MSRP.2,655,771",,"$59,570.00",05-06-2008,2000,,,,,,,,,,
300 - Alpine White,,NCSW - Black Novillo Leather,2008,WBSVA93598E215804,,E215804,"MSRP.2,ZCW,ZPP.3,ZTP,6FL,655,752",,"$66,020.00",05-06-2008,,,,,,,,,,,
300 - Alpine White,,NCSW - Black Novillo Leather,2008,WBSVA93508E215805,,E215805,"MSRP.2,ZCW,ZPP.3,2MT.1,302,322,403,6FL,655",,"$63,520.00",05-06-2008,,,,,,,,,,,
A29 - Silverstone Metallic II,,NDSW - Black Extended Novillo Leather,2008,WBSVA93528E215806,,E215806,"MSRP.2,ZCW,ZPP.1,ZTP,2MT.1,417,507,6FL,653,655,752",,"$70,145.00",05-06-2008,550/1100,,,,,,,,,,
300 - Alpine White,,NDSW - Black Extended Novillo Leather,2008,WBSVA93548E215807,,E215807,"MSRP.2,ZCW,ZPP.1,ZTP,2MT.1,417,507,6FL,653,655,752",,"$69,595.00",05-06-2008,1100,,,,,,,,,,
668 - Jet Black,,NCSW - Black Novillo Leather,2008,WBSVA93568E215808,,E215808,"MSRP.2,ZCW,ZPP.3,302,322,403,417,507,6FL,752",,"$64,550.00",05-06-2008,,,,,,,,,,,
A73 - Jerez Black Metallic,,NCH3 - Beige Novillo Leather,2008,WBSVA93588E215809,,E215809,"MSRP.2,ZCW,ZPP.3,ZTP,655,752",,"$66,170.00",05-06-2008,550,,,,,,,,,,
A29 - Silverstone Metallic II,,NCH1 - Silver Novillo Leather,2008,WBSVA93548E215810,,E215810,"MSRP.2,ZCW,ZPP.3,ZTP,6FL,655,752",,"$66,570.00",05-06-2008,550,,,,,,,,,,
A22 - Sparkling Graphite Metallic,,NCH1 - Silver Novillo Leather,2008,WBSVA93568E215811,,E215811,"MSRP.2,ZCW,ZPP.1,ZTP,2MT.1,403,507,6FL,653,655,752",,"$69,520.00",05-06-2008,550,,,,,,,,,,
A29 - Silverstone Metallic II,,NCSW - Black Novillo Leather,2008,WBSVA93588E215812,,E215812,"MSRP.2,ZPP.3,ZTP,403,507,6FL,655",,"$65,070.00",05-06-2008,550,,,,,,,,,,
A30 - Interlagos Blue Metallic,,NCH1 - Silver Novillo Leather,2008,WBSVA935X8E215813,,E215813,"MSRP.2,ZCW,ZPP.1,2MT.1,302,322,403,417,507,609,6FL,752",,"$68,400.00",05-06-2008,550,,,,,,,,,,
300 - Alpine White,,NCSW - Black Novillo Leather,2008,WBSVA93518E215814,,E215814,"MSRP.2,ZCW,ZPP.3,2MT.1,302,322,403,417,507,6FL,752",,"$65,750.00",05-07-2008,,,,,,,,,,,
A73 - Jerez Black Metallic,,NCSW - Black Novillo Leather,2008,WBSVA93538E215815,,E215815,"MSRP.2,ZCW,ZPP.2,302,322,403,417,507,6FL,655,752",,"$65,695.00",05-07-2008,550,,,,,,,,,,
300 - Alpine White,,NCSW - Black Novillo Leather,2008,WBSVA93558E215816,,E215816,"MSRP.2,ZCW,ZPP.3,302,322,609,6FL,655,752",,"$65,270.00",05-07-2008,,,,,,,,,,,
A30 - Interlagos Blue Metallic,,NCH3 - Beige Novillo Leather,2008,WBSVA93578E215817,,E215817,"MSRP.2,ZCW,ZPP.3,ZTP,2MT.1,403,6FL,655",,"$66,920.00",05-07-2008,550,,,,,,,,,,
A73 - Jerez Black Metallic,,NCH3 - Beige Novillo Leather,2008,WBSVA93598E215818,,E215818,"MSRP.2,ZCW,ZPP.3,ZTP,403,417,507,6FL,655",,"$66,645.00",05-07-2008,550,,,,,,,,,,
300 - Alpine White,,NCH2 - Fox Red Novillo Leather,2008,WBSVA93508E215819,,E215819,"MSRP.2,ZCW,ZPP.1,ZTP,403",,"$64,175.00",05-07-2008,,,,,,,,,,,
A22 - Sparkling Graphite Metallic,,NCSW - Black Novillo Leather,2008,WBSVA93578E215820,,E215820,"MSRP.2,ZCW,ZPP.3,2MT.1,302,322,403,417,507,609,6FL,655,752",,"$68,995.00",05-07-2008,550,,,,,,,,,,
A73 - Jerez Black Metallic,,NCH1 - Silver Novillo Leather,2008,WBSVA93598E215821,,E215821,"MSRP.2,ZCW,ZPP.3,302,322,403,417,507,609,6FL,752",,"$67,200.00",05-07-2008,550,,,,,,,,,,
A30 - Interlagos Blue Metallic,,NCH1 - Silver Novillo Leather,2008,WBSVA93508E215822,,E215822,"MSRP.2,ZCW,ZPP.1,ZTP,2MT.1,302,403,417,507,6FL,655,752",,"$70,145.00",05-07-2008,550,,,,,,,,,,
A73 - Jerez Black Metallic,,NCH3 - Beige Novillo Leather,2008,WBSVA93528E215823,,E215823,"MSRP.2,ZCW,ZPP.2,ZTP,2MT.1,302,403,417,507,6FL,752",,"$69,550.00",05-08-2008,550,,,,,,,,,,
A73 - Jerez Black Metallic,,NCH3 - Beige Novillo Leather,2008,WBSVA93548E215824,,E215824,"MSRP.2,ZCW,ZPP.2,ZTP,403,752",,"$66,625.00",05-08-2008,550,,,,,,,,,,
300 - Alpine White,,NCH2 - Fox Red Novillo Leather,2008,WBSVA93568E215825,,E215825,"MSRP.2,ZCW,ZPP.3,2MT.1,302,322,403,417,507,6FL,752",,"$65,750.00",05-08-2008,,,,,,,,,,,
A22 - Sparkling Graphite Metallic,,NCSW - Black Novillo Leather,2008,WBSVA93588E215826,,E215826,"MSRP.2,ZCW,ZPP.2,223,302,322,403,417,507,6FL,655,752",,"$66,695.00",05-08-2008,550,,,,,,,,,,
300 - Alpine White,,NCSW - Black Novillo Leather,2008,WBSVA935X8E215827,C55,E215827,"MSRP.2,ZCW,ZPP.2,ZTP,403,6FL,655,752",,"$67,070.00",05-08-2008,,,,,,,,,,,
300 - Alpine White,,NCSW - Black Novillo Leather,2008,WBSVA93518E215828,C55,E215828,"MSRP.2,ZCW,ZPP.1,ZTP,403,6FL,653,655,752",,"$67,420.00",05-08-2008,,,,,,,,,,,
A73 - Jerez Black Metallic,,NCSW - Black Novillo Leather,2008,WBSVA93538E215829,C55,E215829,"MSRP.2,ZCW,ZPP.3,403,609,6FL",,"$63,975.00","May 8, 2008",550,,,,,,,,,,
A30 - Interlagos Blue Metallic,,GEAT - Anthracite/Black Cloth & Leather,2008,WBSVA935X8E215830,C55,E215830,"MSRP.2,ZCW,ZTP,403,507,639,6FL,771",,"$64,325.00",05-09-2008,550,,,,,,,,,,
A22 - Sparkling Graphite Metallic,,NCSW - Black Novillo Leather,2008,WBSVA93518E215831,C55,E215831,"MSRP.2,ZCW,ZPP.3,2MT.1,302,322,403,417,507,609,6FL,752",,"$68,400.00","May 9, 2008",550,,,,,,,,,,
A73 - Jerez Black Metallic,,NCSW - Black Novillo Leather,2008,WBSVA93538E215832,C55,E215832,"MSRP.2,ZCW,ZPP.1,ZTP,302,403,417,507,6FL,655,752",,"$68,945.00","May 9, 2008",550,,,,,,,,,,
A29 - Silverstone Metallic II,,NCSW - Black Novillo Leather,2008,WBSVA93558E215833,C55,E215833,"MSRP.2,ZCW,ZPP.1,302,322,403,417,507,6FL,752",,"$65,100.00","May 10, 2008",550,,,,,,,,,,
A30 - Interlagos Blue Metallic,,NDSW - Black Extended Novillo Leather,2008,WBSVA93578E215834,C55,E215834,"MSRP.2,ZCW,417,4MY,507",,"$61,950.00","May 9, 2008",550/2000,,,,,,,,,,
300 - Alpine White,,NCH2 - Fox Red Novillo Leather,2008,WBSVA93598E215835,C55,E215835,"MSRP.2,ZCW,ZPP.1,302,322,403,417,507,6FL,655,752",,"$65,145.00","May 9, 2008",,,,,,,,,,,
A75 - Melbourne Red Metallic,,NCH1 - Silver Novillo Leather,2008,WBSVA93508E215836,C55,E215836,"MSRP.2,ZCW,ZPP.1,302,322,403,417,507,6FL,752",,"$65,100.00","May 9, 2008",550,,,,,,,,,,
A30 - Interlagos Blue Metallic,,NCSW - Black Novillo Leather,2008,WBSVA93528E215837,C55,E215837,"MSRP.2,ZPP.3,2MT.1,6FL,655",,"$61,620.00","May 9, 2008",550,,,,,,,,,,
A73 - Jerez Black Metallic,,NCSW - Black Novillo Leather,2008,WBSVA93548E215838,C55,E215838,"MSRP.2,ZPP.3,ZTP,655",,"$63,270.00","May 9, 2008",550,,,,,,,,,,
A29 - Silverstone Metallic II,,NCH1 - Silver Novillo Leather,2008,WBSVA93568E215839,C55,E215839,"MSRP.2,ZCW,ZPP.1,ZTP,655,752",,"$66,170.00","May 13, 2008",550,,,,,,,,,,
300 - Alpine White,,NCSW - Black Novillo Leather,2008,WBSVA93528E215840,C55,E215840,"MSRP.2,ZCW,ZPP.1,302,322,403,417,507,6FL,655,752",,"$65,145.00","May 10, 2008",,,,,,,,,,,
A73 - Jerez Black Metallic,,NCH3 - Beige Novillo Leather,2008,WBSVA93548E215841,C55,E215841,"MSRP.2,ZPP.3,ZTP,6FL,655,752",,"$65,570.00","May 10, 2008",550,,,,,,,,,,
A22 - Sparkling Graphite Metallic,,GEAT - Anthracite/Black Cloth & Leather,2008,WBSVA93568E215842,C55,E215842,"MSRP.2,ZPP.3,2MT.1,494,609,6FL,655",,"$64,220.00","May 10, 2008",550,,,,,,,,,,
A73 - Jerez Black Metallic,,NDH3 - Beige Novillo Extended Leather,2008,WBSVA93588E215843,C55,E215843,"MSRP.2,ZPP.1,ZTP,2MT.1,403",,"$66,025.00","May 10, 2008",550/1100,,,,,,,,,,
A22 - Sparkling Graphite Metallic,,NCSW - Black Novillo Leather,2008,WBSVA935X8E215844,,E215844,"MSRP.2,ZPP.3,ZTP,403,465,494,653,752",,"$66,950.00","May 10, 2008",550,,,,,,,,,,
668 - Jet Black,,NCSW - Black Novillo Leather,2008,WBSVA93518E215845,C55,E215845,"MSRP.2,ZCW,ZPP.1,ZTP,2MT.1,403,507,6FL",,"$66,125.00","May 10, 2008",,,,,,,,,,,
A73 - Jerez Black Metallic,,NCSW - Black Novillo Leather,2008,WBSVA93538E215846,C55,E215846,"MSRP.2,ZCW,ZPP.1,2MT.1,302,322,403,417,507,609,6FL,752",,"$68,400.00","May 10, 2008",550,,,,,,,,,,
A29 - Silverstone Metallic II,,NCSW - Black Novillo Leather,2008,WBSVA93558E215847,C55,E215847,"MSRP.2,ZCW,ZPP.3,302,322,403,417,507,609,6FL,655,752",,"$67,795.00","May 13, 2008",550,,,,,,,,,,
A22 - Sparkling Graphite Metallic,,NDSW - Black Extended Novillo Leather,2008,WBSVA93578E215848,C55,E215848,"MSRP.2,ZCW,ZPP.1,ZTP,2MT.1,403,507,6FL,653,655,752",,"$70,620.00","May 13, 2008",550/1100,,,,,,,,,,
A22 - Sparkling Graphite Metallic,,NCSW - Black Novillo Leather,2008,WBSVA93598E215849,C55,E215849,"MSRP.2,ZPP.3,ZTP,417,494,6FL,752",,"$66,050.00","May 13, 2008",550,,,,,,,,,,
300 - Alpine White,,NCSW - Black Novillo Leather,2008,WBSVA93558E215850,C55,E215850,"MSRP.2,ZCW,ZPP.3,ZTP,2MT.1,403,417,507,6FL,653,655,752",,"$69,545.00","May 13, 2008",,,,,,,,,,,
A73 - Jerez Black Metallic,,NCSW - Black Novillo Leather,2008,WBSVA93578E215851,C55,E215851,"MSRP.2,ZPP.3,ZTP,655,752",,"$65,170.00","May 13, 2008",550,,,,,,,,,,
300 - Alpine White,,NDH1 - Silver Novillo Extended Leather,2008,WBSVA93598E215852,C55,E215852,"MSRP.2,494,507,609,6FL,655",,"$62,920.00","May 13, 2008",2000,,,,,,,,,,
A73 - Jerez Black Metallic,,NCH3 - Beige Novillo Leather,2008,WBSVA93508E215853,C55,E215853,"MSRP.2,ZPP.1,2MT.1,223,494,655",,"$62,720.00","May 13, 2008",550,,,,,,,,,,
A30 - Interlagos Blue Metallic,,NCSW - Black Novillo Leather,2008,WBSVA93528E215854,C55,E215854,"MSRP.2,ZPP.3,ZTP,2MT.1,403,6FL,653,655,752",,"$68,170.00","May 13, 2008",550,,,,,,,,,,
A22 - Sparkling Graphite Metallic,,NCH2 - Fox Red Novillo Leather,2008,WBSVA93548E215855,C55,E215855,"MSRP.2,639,6FL,771",,"$59,625.00","May 13, 2008",550/950,,,,,,,,,,
A73 - Jerez Black Metallic,,GEAT - Anthracite/Black Cloth & Leather,2008,WBSVA93568E215856,C55,E215856,"MSRP.2,403,639,6FL,771",,"$59,725.00","May 13, 2008",550,,,,,,,,,,
A73 - Jerez Black Metallic,,NCSW - Black Novillo Leather,2008,WBSVA93588E215857,C55,E215857,"MSRP.2,ZPP.2,ZTP,2MT.1,403,507,6FL,653,655,752",,"$68,520.00","May 13, 2008",550,,,,,,,,,,
A73 - Jerez Black Metallic,,NCH2 - Fox Red Novillo Leather,2008,WBSVA935X8E215858,C55,E215858,"MSRP.2,ZPP.3,ZTP,2MT.1,403,6FL,655,752",,"$67,820.00","May 14, 2008",550,,,,,,,,,,
A29 - Silverstone Metallic II,,NCH1 - Silver Novillo Leather,2008,WBSVA93518E215859,C55,E215859,"MSRP.2,ZCW,ZPP.3,ZTP,403,6FL,655,752",,"$67,620.00","May 14, 2008",550,,,,,,,,,,
A29 - Silverstone Metallic II,,NCSW - Black Novillo Leather,2008,WBSVA93588E215860,C55,E215860,"MSRP.2,ZPP.3,ZTP,2MT.1,403,494,6FL,653,655,752",,"$68,670.00","May 14, 2008",550,,,,,,,,,,
A29 - Silverstone Metallic II,,NCSW - Black Novillo Leather,2008,WBSVA935X8E215861,C55,E215861,"MSRP.2,ZCW,ZPP.1,ZTP,403,507,6FL,655,752",,"$67,970.00","May 14, 2008",550,,,,,,,,,,
A30 - Interlagos Blue Metallic,,NCH1 - Silver Novillo Leather,2008,WBSVA93518E215862,C55,E215862,"MSRP.2,ZCW,ZPP.3,ZTP,403,6FL,655,752",,"$67,620.00","May 14, 2008",550,,,,,,,,,,
A29 - Silverstone Metallic II,,NDSW - Black Extended Novillo Leather,2008,WBSVA93538E215863,C55,E215863,"MSRP.2,ZCW,ZPP.3,ZTP,2MT.1,403,507,6FL,655,752",,"$70,270.00","May 14, 2008",550/1100,,,,,,,,,,
300 - Alpine White,,NCSW - Black Novillo Leather,2008,WBSVA93558E215864,C55,E215864,"MSRP.2,ZCW,ZPP.1,302,322,403",,"$61,325.00","May 14, 2008",,,,,,,,,,,
A73 - Jerez Black Metallic,,NCSW - Black Novillo Leather,2008,WBSVA93578E215865,C55,E215865,"MSRP.2,ZCW,ZPP.3,ZTP,655",,"$64,270.00","May 14, 2008",550,,,,,,,,,,
A29 - Silverstone Metallic II,,NCH1 - Silver Novillo Leather,2008,WBSVA93598E215866,C55,E215866,"MSRP.2,ZCW,ZPP.1,ZTP,655,752",,"$66,170.00","May 14, 2008",550,,,,,,,,,,
300 - Alpine White,,NCH2 - Fox Red Novillo Leather,2008,WBSVA93508E215867,C55,E215867,"MSRP.2,ZPP.1,ZTP,2MT.1,403,6FL,752",,"$66,675.00","May 14, 2008",,,,,,,,,,,
A30 - Interlagos Blue Metallic,,NCH1 - Silver Novillo Leather,2008,WBSVA93528E215868,C55,E215868,"MSRP.2,ZCW,ZTP,2MT.1,4MY,6FL,752",,"$66,725.00","May 14, 2008",550/950,,,,,,,,,,
300 - Alpine White,,NCSW - Black Novillo Leather,2008,WBSVA93548E215869,C55,E215869,"MSRP.2,ZPP.3,ZTP,2MT.1,403,494,6FL,653,655,752",,"$68,120.00","May 15, 2008",,,,,,,,,,,
300 - Alpine White,,NCSW - Black Novillo Leather,2008,WBSVA93508E215870,C55,E215870,"MSRP.2,ZCW,ZPP.2,ZTP,403,5AC,6FL,752",,"$66,725.00","May 15, 2008",,,,,,,,,,,
A22 - Sparkling Graphite Metallic,,NCH3 - Beige Novillo Leather,2008,WBSVA93528E215871,C55,E215871,"MSRP.2,ZPP.2,403,494,609",,"$63,075.00","May 15, 2008",550,https://bringatrailer.com/listing/2008-bmw-m3-sedan-35/,,,,,,,,,
A29 - Silverstone Metallic II,,NCSW - Black Novillo Leather,2008,WBSVA93548E215872,C55,E215872,"MSRP.2,ZCW,ZPP.3,ZTP,403,507,6FL,653,655,752",,"$68,320.00","May 15, 2008",550,,,,,,,,,,
A22 - Sparkling Graphite Metallic,,NCSW - Black Novillo Leather,2008,WBSVA93568E215873,C55,E215873,"MSRP.2,ZPP.3,ZTP,2MT.1,403,6FL",,"$65,325.00","May 15, 2008",550,,,,,,,,,,
A22 - Sparkling Graphite Metallic,,NCSW - Black Novillo Leather,2008,WBSVA93588E215874,C55,E215874,"MSRP.2,ZPP.3,ZTP,2MT.1,403,494,6FL,655,752",,"$68,320.00","May 15, 2008",550,,,,,,,,,,
A22 - Sparkling Graphite Metallic,,NCSW - Black Novillo Leather,2008,WBSVA935X8E215875,C55,E215875,"MSRP.2,ZPP.2,ZTP,2MT.1,403,6FL,655,752",,"$67,820.00","May 15, 2008",550,,,,,,,,,,
300 - Alpine White,,NCSW - Black Novillo Leather,2008,WBSVA93518E215876,C55,E215876,"MSRP.2,ZCW,ZPP.3,ZTP,403,6FL,653,655,752",,"$67,420.00","May 15, 2008",,,,,,,,,,,
A29 - Silverstone Metallic II,,NDH2 - Fox Red Extended Leather,2008,WBSVA93538E215877,C55,E215877,"MSRP.2,ZPP.1,ZTP,403,494,6FL,655,752",,"$68,220.00","May 15, 2008",550/1100,,,,,,,,,,
A29 - Silverstone Metallic II,,NCSW - Black Novillo Leather,2008,WBSVA93558E215878,C55,E215878,"MSRP.2,ZCW,ZPP.1,2MT.1,302,322,403,417,507,609,6FL,752",,"$68,400.00","May 15, 2008",550,,,,,,,,,,
A73 - Jerez Black Metallic,,NCH3 - Beige Novillo Leather,2008,WBSVA93578E215879,C55,E215879,"MSRP.2,ZCW,ZPP.3,ZTP,2MT.1,403,6FL,655,752",,"$68,820.00","May 15, 2008",550,,,,,,,,,,
A29 - Silverstone Metallic II,,NDH1 - Silver Novillo Extended Leather,2008,WBSVA93538E215880,C55,E215880,"MSRP.2,ZCW,ZPP.3,ZTP,2MT.1,403,507,6FL,653,655,752",,"$70,620.00","May 16, 2008",550/1100,,,,,,,,,,
A29 - Silverstone Metallic II,,NDH2 - Fox Red Extended Leather,2008,WBSVA93558E215881,C55,E215881,"MSRP.2,ZCW,ZPP.3,ZTP,2MT.1,403,507,6FL,653",,"$68,125.00","May 16, 2008",550/1100,,,,,,,,,,
668 - Jet Black,,NCH2 - Fox Red Novillo Leather,2008,WBSVA93578E215882,C55,E215882,"MSRP.2,ZCW,ZPP.3,ZTP,6FL,655,752",,"$66,020.00","May 16, 2008",,,,,,,,,,,
A22 - Sparkling Graphite Metallic,,NCSW - Black Novillo Leather,2008,WBSVA93598E215883,C55,E215883,"MSRP.2,ZCW,ZPP.3,ZTP,2MT.1,403,507,6FL,653,655,752",,"$69,520.00","May 16, 2008",550,,,,,,,,,,
A29 - Silverstone Metallic II,,NCH1 - Silver Novillo Leather,2008,WBSVA93508E215884,C55,E215884,"MSRP.2,ZCW,ZPP.1,ZTP,6FL,655,752",,"$66,570.00","May 16, 2008",550,,,,,,,,,,
A29 - Silverstone Metallic II,,NDH1 - Silver Novillo Extended Leather,2008,WBSVA93528E215885,C55,E215885,"MSRP.2,ZPP.3,ZTP,2MT.1,403,417,494,6FL,653,655,752",,"$70,345.00","May 16, 2008",550/1100,,,,,,,,,,
300 - Alpine White,,NCSW - Black Novillo Leather,2008,WBSVA93548E215886,C55,E215886,"MSRP.2,ZPP.3,ZTP,403,494,6FL,653,655,752",,"$66,920.00","May 16, 2008",,,,,,,,,,,
A73 - Jerez Black Metallic,,NDH3 - Beige Novillo Extended Leather,2008,WBSVA93568E215887,C55,E215887,"MSRP.2,ZCW,ZPP.3,ZTP,2MT.1,6FL,655",,"$66,970.00","May 16, 2008",550/1100,,,,,,,,,,
A22 - Sparkling Graphite Metallic,,NCSW - Black Novillo Leather,2008,WBSVA93588E215888,C55,E215888,"MSRP.2,ZCW,ZPP.1,ZTP,403,6FL,653,752",,"$67,375.00","May 16, 2008",550,,,,,,,,,,
300 - Alpine White,,GEAT - Anthracite/Black Cloth & Leather,2008,WBSVA935X8E215889,C55,E215889,"MSRP.2,ZPP.3,ZTP,403,494,6FL",,"$64,075.00","May 16, 2008",,,,,,,,,,,
A22 - Sparkling Graphite Metallic,,NCH1 - Silver Novillo Leather,2008,WBSVA93568E215890,C55,E215890,"MSRP.2,ZTP,2MT.1,403,639,6FL,752,771",,"$67,025.00","May 16, 2008",550/950,,,,,,,,,,
300 - Alpine White,,NCH2 - Fox Red Novillo Leather,2008,WBSVA93588E215891,C55,E215891,"MSRP.2,ZCW,ZPP.3,ZTP,2MT.1,6FL,655,752",,"$67,220.00","May 16, 2008",,,,,,,,,,,
A29 - Silverstone Metallic II,,NCH1 - Silver Novillo Leather,2008,WBSVA935X8E215892,C55,E215892,"MSRP.2,ZCW,ZPP.1,ZTP,655,752",,"$66,170.00","May 16, 2008",550,,,,,,,,,,
668 - Jet Black,,GEAT - Anthracite/Black Cloth & Leather,2008,WBSVA93518E215893,C55,E215893,"MSRP.2,2MT.1,223,465,494,4MY,655",,"$61,245.00","May 16, 2008",,,,,,,,,,,
A29 - Silverstone Metallic II,,NCSW - Black Novillo Leather,2008,WBSVA93538E215894,C55,E215894,"MSRP.2,ZCW,ZPP.1,ZTP,2MT.1,403,6FL,752",,"$68,225.00","May 16, 2008",550,,,,,,,,,,
A30 - Interlagos Blue Metallic,,NCH1 - Silver Novillo Leather,2008,WBSVA93558E215895,C55,E215895,"MSRP.2,ZTP,4MY,655",,"$62,820.00","May 17, 2008",550/950,,,,,,,,,,
668 - Jet Black,,NCH3 - Beige Novillo Leather,2008,WBSVA93578E215896,C55,E215896,"MSRP.2,ZCW,ZPP.2,ZTP,2MT.1,403,507,6FL,653,655",,"$67,070.00","May 19, 2008",,,,,,,,,,,
300 - Alpine White,,NDSW - Black Extended Novillo Leather,2008,WBSVA93598E215897,C55,E215897,"MSRP.2,ZCW,ZPP.3,ZTP,6FL,655,752",,"$67,120.00","May 16, 2008",1100,,,,,,,,,,
A30 - Interlagos Blue Metallic,,NCH1 - Silver Novillo Leather,2008,WBSVA93508E215898,C55,E215898,"MSRP.2,322,4MY,609,655",,"$61,670.00","May 17, 2008",550/950,,,,,,,,,,
668 - Jet Black,,NCSW - Black Novillo Leather,2008,WBSVA93528E215899,C55,E215899,"MSRP.2,ZCW,ZPP.3,ZTP,752",,"$65,025.00","May 17, 2008",,,,,,,,,,,
300 - Alpine White,,NCSW - Black Novillo Leather,2008,WBSVA93558E215900,C55,E215900,"MSRP.2,ZPP.1,ZTP,403,6FL,655",,"$64,170.00","May 17, 2008",,,,,,,,,,,
300 - Alpine White,,NCSW - Black Novillo Leather,2008,WBSVA93578E215901,C55,E215901,"MSRP.2,ZPP.3,ZTP,403,507,6FL,653,655,752",,"$66,770.00","May 17, 2008",,,,,,,,,,,
300 - Alpine White,,NCH3 - Beige Novillo Leather,2008,WBSVA93598E215902,C55,E215902,"MSRP.2,ZPP.2,ZTP,403,494,6FL,653,655,752",,"$66,920.00","May 17, 2008",,,,,,,,,,,
668 - Jet Black,,NCSW - Black Novillo Leather,2008,WBSVA93508E215903,C55,E215903,"MSRP.2,ZPP.3,ZTP,2MT.1,403,6FL,752",,"$66,675.00","May 19, 2008",,,,,,,,,,,
300 - Alpine White,,NCSW - Black Novillo Leather,2008,WBSVA93528E215904,C55,E215904,"MSRP.2,ZPP.3,ZTP,2MT.1,6FL,653,655,752",,"$66,570.00","May 17, 2008",,,,,,,,,,,
A30 - Interlagos Blue Metallic,,NCH1 - Silver Novillo Leather,2008,WBSVA93548E215905,C55,E215905,"MSRP.2,ZTP,4MY,655",,"$62,820.00","May 17, 2008",550/950,,,,,,,,,,
A75 - Melbourne Red Metallic,,NCH3 - Beige Novillo Leather,2008,WBSVA93568E215906,C55,E215906,"MSRP.2,ZPP.3,ZTP,6FL,655,752",,"$65,570.00","May 16, 2008",550,,,,,,,,,,
A30 - Interlagos Blue Metallic,,NCH1 - Silver Novillo Leather,2008,WBSVA93588E215907,C55,E215907,"MSRP.2,ZPP.1,ZTP,403,655",,"$64,320.00","May 17, 2008",550,,,,,,,,,,
A22 - Sparkling Graphite Metallic,,NCH1 - Silver Novillo Leather,2008,WBSVA935X8E215908,C55,E215908,"MSRP.2,ZPP.3,ZTP,465,507,6FL,655,752",,"$66,395.00","May 16, 2008",550,,,,,,,,,,
A22 - Sparkling Graphite Metallic,,NCSW - Black Novillo Leather,2008,WBSVA93518E215909,C55,E215909,"MSRP.2,ZPP.3,ZTP,2MT.1,403,494,6FL,655,752",,"$68,320.00","May 17, 2008",550,,,,,,,,,,
A29 - Silverstone Metallic II,,NCSW - Black Novillo Leather,2008,WBSVA93588E215910,C55,E215910,"MSRP.2,ZPP.3,465,494,6FL,655",,"$61,395.00","May 16, 2008",550,,,,,,,,,,
A29 - Silverstone Metallic II,,NCSW - Black Novillo Leather,2008,WBSVA935X8E215911,C55,E215911,"MSRP.2,ZPP.3,ZTP,2MT.1,6FL",,"$64,275.00","May 17, 2008",550,,,,,,,,,,
A75 - Melbourne Red Metallic,,NDH2 - Fox Red Extended Leather,2008,WBSVA93518E215912,C55,E215912,"MSRP.2,ZPP.1,ZTP,403,507,6FL,752",,"$67,475.00","May 17, 2008",550/1100,,,,,,,,,,
A30 - Interlagos Blue Metallic,,NCH1 - Silver Novillo Leather,2008,WBSVA93538E215913,C55,E215913,"MSRP.2,ZTP,4MY,655",,"$62,820.00","May 19, 2008",550/950,,,,,,,,,,
668 - Jet Black,,NCSW - Black Novillo Leather,2008,WBSVA93558E215914,C55,E215914,"MSRP.2,ZPP.3,2MT.1,403,6FL,655",,"$62,120.00","May 19, 2008",,,,,,,,,,,
300 - Alpine White,,NCH2 - Fox Red Novillo Leather,2008,WBSVA93578E215915,C55,E215915,"MSRP.2,ZPP.1,655",,"$59,470.00","May 19, 2008",,,,,,,,,,,
300 - Alpine White,,NCH2 - Fox Red Novillo Leather,2008,WBSVA93598E215916,C55,E215916,"MSRP.2,ZPP.1,655",,"$59,470.00","May 19, 2008",,,,,,,,,,,
300 - Alpine White,,NCH2 - Fox Red Novillo Leather,2008,WBSVA93508E215917,C55,E215917,"MSRP.2,ZPP.1,655",,"$59,470.00","May 19, 2008",,,,,,,,,,,
A22 - Sparkling Graphite Metallic,,NCSW - Black Novillo Leather,2008,WBSVA93528E215918,C55,E215918,"MSRP.2,ZPP.3,2MT.1,403,494,6FL",,"$62,575.00","May 19, 2008",550,,,,,,,,,,
300 - Alpine White,,NCH2 - Fox Red Novillo Leather,2008,WBSVA93548E215919,C55,E215919,"MSRP.2,ZPP.1,655",,"$59,470.00","May 19, 2008",,,,,,,,,,,
A30 - Interlagos Blue Metallic,,NCH1 - Silver Novillo Leather,2008,WBSVA93508E215920,C55,E215920,"MSRP.2,ZTP,4MY,655",,"$62,820.00","May 19, 2008",550/950,,,,,,,,,,
A29 - Silverstone Metallic II,,NDH1 - Silver Novillo Extended Leather,2008,WBSVA93528E215921,C55,E215921,"MSRP.2,ZCW,ZPP.2,ZTP,2MT.1,752",,"$67,875.00","May 19, 2008",550/1100,,,,,,,,,,
300 - Alpine White,,NCSW - Black Novillo Leather,2008,WBSVA93548E215922,C55,E215922,"MSRP.2,ZPP.3,ZTP,2MT.1,403,494,6FL,655,752",,"$67,770.00","May 19, 2008",,,,,,,,,,,
A29 - Silverstone Metallic II,,NCSW - Black Novillo Leather,2008,WBSVA93568E215923,C55,E215923,"MSRP.2,ZCW,ZPP.3,223,403,507,6FL",,"$63,225.00","May 19, 2008",550,,,,,,,,,,
300 - Alpine White,,NCH3 - Beige Novillo Leather,2008,WBSVA93588E215924,C56,E215924,"MSRP.2,ZPP.2,ZTP,2MT.1,403,465,494,507,6FL,655,752",,"$68,595.00","May 20, 2008",,,,,,,,,,,
300 - Alpine White,,NCSW - Black Novillo Leather,2008,WBSVA935X8E215925,C57,E215925,"MSRP.2,ZTP,403,639,6FL,771",,"$63,375.00","May 20, 2008",950,,,,,,,,,,
A22 - Sparkling Graphite Metallic,,NCSW - Black Novillo Leather,2008,WBSVA93518E215926,C53,E215926,"MSRP.2,ZCW,ZPP.3,ZTP,2MT.1,403,417,507,6FL,653,655,752",,"$70,095.00","May 20, 2008",550,,,,,,,,,,
A29 - Silverstone Metallic II,,NCSW - Black Novillo Leather,2008,WBSVA93538E215927,C55,E215927,"MSRP.2,ZPP.1,2MT.1,302,403,494,507,609,6FL,655",,"$66,020.00","May 20, 2008",550,,,,,,,,,,
668 - Jet Black,,NCSW - Black Novillo Leather,2008,WBSVA93558E215928,C57,E215928,"MSRP.2,ZPP.3,ZTP,2MT.1,494,507,6FL,655",,"$65,170.00","May 20, 2008",,,,,,,,,,,
A30 - Interlagos Blue Metallic,,NCH1 - Silver Novillo Leather,2008,WBSVA93578E215929,C59,E215929,"MSRP.2,ZTP,4MY,655",,"$62,820.00","May 20, 2008",550/950,,,,,,,,,,
A30 - Interlagos Blue Metallic,,NCSW - Black Novillo Leather,2008,WBSVA93538E215930,C50,E215930,"MSRP.2,ZCW,ZPP.3,403,6FL,655",,"$62,470.00","May 20, 2008",550,,,,,,,,,,
668 - Jet Black,,NCSW - Black Novillo Leather,2008,WBSVA93558E215931,C52,E215931,"MSRP.2,ZPP.1,2MT.1,223,403,465,507,6FL",,"$63,350.00","May 20, 2008",,,,,,,,,,,
A22 - Sparkling Graphite Metallic,,NCH1 - Silver Novillo Leather,2008,WBSVA93578E215932,C54,E215932,"MSRP.2,ZCW,ZPP.3,ZTP,403,6FL,653,655,752",,"$67,970.00","May 20, 2008",550,,,,,,,,,,
A29 - Silverstone Metallic II,,NCSW - Black Novillo Leather,2008,WBSVA93598E215933,,E215933,"MSRP.2,ZPP.3,ZTP,2MT.1,403,465,507,6FL,655,752",,"$68,645.00","May 20, 2008",550,,,,,,,,,,
A30 - Interlagos Blue Metallic,,NCH1 - Silver Novillo Leather,2008,WBSVA93508E215934,,E215934,"MSRP.2,ZTP,4MY,655",,"$62,820.00","May 20, 2008",550/950,,,,,,,,,,
668 - Jet Black,,NDH3 - Beige Novillo Extended Leather,2008,WBSVA93528E215935,,E215935,"MSRP.2,ZPP.2,ZTP,403,465,6FL,653,752",,"$67,400.00","May 20, 2008",1100,,,,,,,,,,
A30 - Interlagos Blue Metallic,,NCH1 - Silver Novillo Leather,2008,WBSVA93548E215936,,E215936,"MSRP.2,ZTP,4MY,655",,"$62,820.00","May 21, 2008",550/950,,,,,,,,,,
A22 - Sparkling Graphite Metallic,,NCSW - Black Novillo Leather,2008,WBSVA93568E215937,,E215937,"MSRP.2,ZCW,ZPP.1,ZTP,2MT.1,403,6FL",,"$66,325.00","May 21, 2008",550,,,,,,,,,,
A29 - Silverstone Metallic II,,NCSW - Black Novillo Leather,2008,WBSVA93588E215938,,E215938,"MSRP.2,ZCW,ZPP.1,ZTP,403,6FL",,"$65,125.00","May 21, 2008",550,,,,,,,,,,
A73 - Jerez Black Metallic,,NCH1 - Silver Novillo Leather,2008,WBSVA935X8E215939,,E215939,"MSRP.2,ZPP.3,ZTP,403,465,6FL,655",,"$65,195.00","May 21, 2008",550,,,,,,,,,,
A73 - Jerez Black Metallic,,NDSW - Black Extended Novillo Leather,2008,WBSVA93568E215940,,E215940,"MSRP.2,ZPP.1,ZTP,2MT.1,403,465,494,6FL,655,752",,"$69,895.00","May 21, 2008",550/1100,,,,,,,,,,
A29 - Silverstone Metallic II,,NCSW - Black Novillo Leather,2008,WBSVA93588E215941,,E215941,"MSRP.2,ZCW,ZPP.1,ZTP,2MT.1,403,507,6FL,752",,"$68,575.00","May 21, 2008",550,,,,,,,,,,
A29 - Silverstone Metallic II,,NCH3 - Beige Novillo Leather,2008,WBSVA935X8E215942,,E215942,"MSRP.2,ZCW,ZPP.2,ZTP,6FL,752",,"$65,975.00","May 21, 2008",550,,,,,,,,,,
A22 - Sparkling Graphite Metallic,,NCSW - Black Novillo Leather,2008,WBSVA93518E215943,,E215943,"MSRP.2,ZPP.3,ZTP,2MT.1,494,6FL,655,752",,"$67,270.00","May 21, 2008",550,,,,,,,,,,
668 - Jet Black,,NDSW - Black Extended Novillo Leather,2008,WBSVA93538E215944,,E215944,"MSRP.2,ZCW,ZPP.1,ZTP,2MT.1,403,417,507,6FL,653,655,752",,"$70,645.00","May 21, 2008",1100,,,,,,,,,,
A29 - Silverstone Metallic II,,NCH1 - Silver Novillo Leather,2008,WBSVA93558E215945,,E215945,"MSRP.2,ZCW,ZPP.1,ZTP,655,752",,"$66,170.00","May 21, 2008",550,,,,,,,,,,
A30 - Interlagos Blue Metallic,,NCH1 - Silver Novillo Leather,2008,WBSVA93578E215946,,E215946,"MSRP.2,ZTP,4MY,655",,"$62,820.00","May 23, 2008",550/950,,,,,,,,,,
A29 - Silverstone Metallic II,,NCH2 - Fox Red Novillo Leather,2008,WBSVA93598E215947,,E215947,"MSRP.2,ZPP.3,ZTP,2MT.1,403,494,6FL,655",,"$66,420.00","May 23, 2008",550,,,,,,,,,,
668 - Jet Black,,NCSW - Black Novillo Leather,2008,WBSVA93508E215948,,E215948,"MSRP.2,ZPP.3,2MT.1,403,494,609,6FL,655,752",,"$66,620.00","May 23, 2008",,,,,,,,,,,
668 - Jet Black,,NCSW - Black Novillo Leather,2008,WBSVA93528E215949,,E215949,"MSRP.2,ZPP.3,ZTP,2MT.1,403,494,507,6FL,752",,"$67,525.00","May 23, 2008",,,,,,,,,,,
A29 - Silverstone Metallic II,,NCH2 - Fox Red Novillo Leather,2008,WBSVA93598E215950,,E215950,"MSRP.2,ZCW,ZPP.3,ZTP,2MT.1,403,6FL,653",,"$66,675.00","May 23, 2008",550,,,,,,,,,,
A29 - Silverstone Metallic II,,NCH1 - Silver Novillo Leather,2008,WBSVA93508E215951,,E215951,"MSRP.2,ZCW,ZPP.3,ZTP,403,417,507,6FL,653,655,752",,"$68,895.00","May 23, 2008",550,,,,,,,,,,
A73 - Jerez Black Metallic,,NCH2 - Fox Red Novillo Leather,2008,WBSVA93528E215952,,E215952,"MSRP.2,ZPP.3,ZTP,2MT.1,403,494,6FL,655,752",,"$68,320.00","May 23, 2008",550,,,,,,,,,,
A30 - Interlagos Blue Metallic,,NDSW - Black Extended Novillo Leather,2008,WBSVA93548E215953,,E215953,"MSRP.2,ZCW,ZPP.3,ZTP,403,417,6FL,653,655,752",,"$69,645.00","May 23, 2008",550/1100,,,,,,,,,,
A30 - Interlagos Blue Metallic,,NCSW - Black Novillo Leather,2008,WBSVA93568E215954,,E215954,"MSRP.2,ZCW,ZPP.3,ZTP,507,655,752",,"$66,520.00","May 23, 2008",550,,,,,,,,,,
668 - Jet Black,,NCSW - Black Novillo Leather,2008,WBSVA93588E215955,,E215955,"MSRP.2,ZCW,ZPP.3,ZTP,403,6FL,653,655,752",,"$67,420.00","May 23, 2008",,,,,,,,,,,
A30 - Interlagos Blue Metallic,,NCSW - Black Novillo Leather,2008,WBSVA935X8E215956,,E215956,"MSRP.2,ZCW,ZTP,2MT.1,6FL,655,752,771",,"$66,820.00","May 23, 2008",550/950,,,,,,,,,,
A29 - Silverstone Metallic II,,NCH1 - Silver Novillo Leather,2008,WBSVA93518E215957,,E215957,"MSRP.2,ZCW,ZPP.1,ZTP,655,752",,"$66,170.00","May 24, 2008",550,,,,,,,,,,
A73 - Jerez Black Metallic,,NCH3 - Beige Novillo Leather,2008,WBSVA93538E215958,,E215958,"MSRP.2,ZCW,ZPP.3,ZTP,655,752",,"$66,170.00","May 24, 2008",550,,,,,,,,,,
A29 - Silverstone Metallic II,,NCH1 - Silver Novillo Leather,2008,WBSVA93558E215959,,E215959,"MSRP.2,ZCW,ZPP.1,ZTP,507,655,752",,"$66,520.00","May 24, 2008",550,,,,,,,,,,
668 - Jet Black,,GEAT - Anthracite/Black Cloth & Leather,2008,WBSVA93518E215960,,E215960,"MSRP.2,ZPP.3,403,6FL,655",,"$60,920.00","May 24, 2008",,,,,,,,,,,
300 - Alpine White,,NCSW - Black Novillo Leather,2008,WBSVA93538E215961,,E215961,"MSRP.2,ZPP.3,223,403,6FL,655",,"$61,920.00","May 26, 2008",,,,,,,,,,,
A22 - Sparkling Graphite Metallic,,NCSW - Black Novillo Leather,2008,WBSVA93558E215962,,E215962,"MSRP.2,ZCW,ZPP.3,ZTP,403,417,507,6FL,653,655,752",,"$68,895.00","May 26, 2008",550,,,,,,,,,,
A73 - Jerez Black Metallic,,NCH1 - Silver Novillo Leather,2008,WBSVA93578E215963,,E215963,"MSRP.2,ZCW,ZPP.1,ZTP,655,752",,"$66,170.00","May 26, 2008",550,,,,,,,,,,
A29 - Silverstone Metallic II,,NCSW - Black Novillo Leather,2008,WBSVA93598E215964,,E215964,"MSRP.2,ZPP.3,ZTP,403,494,6FL,655",,"$65,220.00","May 26, 2008",550,,,,,,,,,,
A22 - Sparkling Graphite Metallic,,NCSW - Black Novillo Leather,2008,WBSVA93508E215965,,E215965,"MSRP.2,ZPP.3,ZTP,403,494,6FL,752",,"$66,525.00","May 26, 2008",550,,,,,,,,,,
300 - Alpine White,,NCH3 - Beige Novillo Leather,2008,WBSVA93528E215966,,E215966,"MSRP.2,771",,"$57,925.00","May 26, 2008",950,,,,,,,,,,
300 - Alpine White,,NCSW - Black Novillo Leather,2008,WBSVA93548E215967,,E215967,"MSRP.2,ZPP.3,ZTP,465",,"$62,600.00","May 26, 2008",,,,,,,,,,,
A30 - Interlagos Blue Metallic,,NCH1 - Silver Novillo Leather,2008,WBSVA93568E215968,,E215968,"MSRP.2,ZPP.3,ZTP,655",,"$63,270.00","May 26, 2008",550,,,,,,,,,,
A22 - Sparkling Graphite Metallic,,NCSW - Black Novillo Leather,2008,WBSVA93588E215969,,E215969,"MSRP.2,223,465,494,4MY,6FL",,"$61,350.00","May 26, 2008",550/950,,,,,,,,,,
300 - Alpine White,,NCH3 - Beige Novillo Leather,2008,WBSVA93548E215970,,E215970,"MSRP.2,ZCW,ZPP.3,403,6FL",,"$61,325.00","May 26, 2008",,,,,,,,,,,
A29 - Silverstone Metallic II,,NCSW - Black Novillo Leather,2008,WBSVA93568E215971,,E215971,"MSRP.2,ZPP.3,ZTP,507,6FL,653,655",,"$64,370.00","May 26, 2008",550,,,,,,,,,,
300 - Alpine White,,NCH2 - Fox Red Novillo Leather,2008,WBSVA93588E215972,,E215972,"MSRP.2,ZPP.3,ZTP,403,465,494,6FL,655,752",,"$67,045.00","May 26, 2008",,,,,,,,,,,
A29 - Silverstone Metallic II,,NCH1 - Silver Novillo Leather,2008,WBSVA935X8E215973,,E215973,"MSRP.2,ZCW,ZPP.1,ZTP,403,6FL",,"$65,125.00","May 26, 2008",550,,,,,,,,,,
A73 - Jerez Black Metallic,,NDH3 - Beige Novillo Extended Leather,2008,WBSVA93518E215974,,E215974,"MSRP.2,ZPP.2,ZTP,2MT.1,403,417,465,494,6FL,653,655,752",,"$70,820.00","May 27, 2008",550/1100,,,,,,,,,,
A30 - Interlagos Blue Metallic,,NCSW - Black Novillo Leather,2008,WBSVA93538E215975,,E215975,"MSRP.2,ZCW,ZPP.3,ZTP,403,6FL",,"$65,125.00","May 27, 2008",550,,,,,,,,,,
300 - Alpine White,,NCSW - Black Novillo Leather,2008,WBSVA93558E215976,,E215976,"MSRP.2,ZCW,ZPP.3,223,403,507,6FL,655",,"$63,270.00","May 27, 2008",,,,,,,,,,,
668 - Jet Black,,NCSW - Black Novillo Leather,2008,WBSVA93578E215977,,E215977,"MSRP.2,ZCW,ZPP.3,322,403,417,507,609,6FL,653,655,752",,"$67,195.00","May 27, 2008",,,,,,,,,,,
668 - Jet Black,,NCH2 - Fox Red Novillo Leather,2008,WBSVA93598E215978,,E215978,"MSRP.2,ZCW,ZPP.3,403,6FL,655",,"$61,920.00","May 27, 2008",,,,,,,,,,,
A30 - Interlagos Blue Metallic,,NCH1 - Silver Novillo Leather,2008,WBSVA93508E215979,,E215979,"MSRP.2,223,403,4MX,6FL,653",,"$61,775.00","May 27, 2008",550/950,,,,,,,,,,
A22 - Sparkling Graphite Metallic,,NCH1 - Silver Novillo Leather,2008,WBSVA93578E215980,,E215980,"MSRP.2,ZPP.3,ZTP,6FL,655,752",,"$65,570.00","May 27, 2008",550,,,,,,,,,,
A30 - Interlagos Blue Metallic,,NCH1 - Silver Novillo Leather,2008,WBSVA93598E215981,,E215981,"MSRP.2,ZTP,4MY,655",,"$62,820.00","May 27, 2008",550/950,,,,,,,,,,
A75 - Melbourne Red Metallic,,NCSW - Black Novillo Leather,2008,WBSVA93508E215982,,E215982,"MSRP.2,ZPP.3,ZTP,403,465,494,507,6FL,655,752",,"$67,945.00","May 27, 2008",550,,,,,,,,,,
A29 - Silverstone Metallic II,,NCSW - Black Novillo Leather,2008,WBSVA93528E215983,,E215983,"MSRP.2,ZCW,ZPP.3,ZTP,403,6FL,655",,"$65,720.00","May 28, 2008",550,,,,,,,,,,
A30 - Interlagos Blue Metallic,,NCH1 - Silver Novillo Leather,2008,WBSVA93548E215984,,E215984,"MSRP.2,ZTP,4MY,655",,"$62,820.00","May 28, 2008",550/950,,,,,,,,,,
668 - Jet Black,,NCH3 - Beige Novillo Leather,2008,WBSVA93568E215985,,E215985,"MSRP.2,ZCW,ZPP.3,ZTP,403,6FL,655,752",,"$67,070.00","May 28, 2008",,,,,,,,,,,
300 - Alpine White,,NCH3 - Beige Novillo Leather,2008,WBSVA93588E215986,,E215986,"MSRP.2,ZPP.1,ZTP,403,465,6FL,653,655,752",,"$66,895.00","May 28, 2008",,,,,,,,,,,
A73 - Jerez Black Metallic,,NCSW - Black Novillo Leather,2008,WBSVA935X8E215987,,E215987,"MSRP.2,ZCW,ZPP.3,ZTP,655,752",,"$66,170.00","May 28, 2008",550,,,,,,,,,,
A75 - Melbourne Red Metallic,,NCSW - Black Novillo Leather,2008,WBSVA93518E215988,,E215988,"MSRP.2,ZCW,ZPP.1,322,609,6FL,752",,"$64,825.00","May 28, 2008",550,,,,,,,,,,
A22 - Sparkling Graphite Metallic,,NCSW - Black Novillo Leather,2008,WBSVA93538E215989,,E215989,"MSRP.2,ZCW,ZPP.1,ZTP,403,6FL,655,752",,"$67,620.00","May 28, 2008",550,,,,,,,,,,
A29 - Silverstone Metallic II,,NCH1 - Silver Novillo Leather,2008,WBSVA935X8E215990,,E215990,"MSRP.2,ZCW,ZPP.3,322,403,417,609,6FL,653,655,752",,"$67,395.00","May 29, 2008",550,,,,,,,,,,
A29 - Silverstone Metallic II,,NCSW - Black Novillo Leather,2008,WBSVA93518E215991,,E215991,"MSRP.2,ZPP.3,ZTP,403,494,507,6FL,653,655,752",,"$67,820.00","May 29, 2008",550,,,,,,,,,,
668 - Jet Black,,NCSW - Black Novillo Leather,2008,WBSVA93538E215992,,E215992,"MSRP.2,ZCW,ZPP.3,ZTP,403,6FL,653,752",,"$66,825.00","May 29, 2008",,,,,,,,,,,
300 - Alpine White,,NCH3 - Beige Novillo Leather,2008,WBSVA93558E215993,,E215993,"MSRP.2,ZPP.2,ZTP,2MT.1,403,6FL,655,752",,"$67,270.00","May 29, 2008",,,,,,,,,,,
A29 - Silverstone Metallic II,,NDH1 - Silver Novillo Extended Leather,2008,WBSVA93578E215994,,E215994,"MSRP.2,ZCW,ZPP.3,ZTP,2MT.1,403,507,6FL,653,655,752",,"$70,620.00","May 29, 2008",550/1100,,,,,,,,,,
300 - Alpine White,,NCSW - Black Novillo Leather,2008,WBSVA93598E215995,,E215995,"MSRP.2,ZCW,ZPP.3,ZTP,6FL,655,752",,"$66,020.00","May 30, 2008",,,,,,,,,,,
300 - Alpine White,,NDH1 - Silver Novillo Extended Leather,2008,WBSVA93508E215996,,E215996,"MSRP.2,ZPP.1,ZTP,2MT.1,417,465,494,6FL,653,752",,"$68,625.00","May 30, 2008",1100,,,,,,,,,,
A30 - Interlagos Blue Metallic,,NCSW - Black Novillo Leather,2008,WBSVA93528E215997,,E215997,"MSRP.2,ZCW,ZPP.1,ZTP,655,752",,"$66,170.00","May 30, 2008",550,,,,,,,,,,
A29 - Silverstone Metallic II,,NCSW - Black Novillo Leather,2008,WBSVA93548E215998,,E215998,"MSRP.2,ZCW,ZPP.1,ZTP,2MT.1,403,6FL,655,752",,"$68,820.00","May 30, 2008",550,,,,,,,,,,
300 - Alpine White,,NCSW - Black Novillo Leather,2008,WBSVA93568E215999,,E215999,"MSRP.2,ZCW,ZPP.3,ZTP,6FL,655,752",,"$66,020.00","May 30, 2008",,,,,,,,,,,
300 - Alpine White,,NCSW - Black Novillo Leather,2008,WBSVA93578E216000,,E216000,"MSRP.2,ZCW,ZPP.3,ZTP,2MT.1,655",,"$64,920.00","May 30, 2008",,,,,,,,,,,
300 - Alpine White,,NCSW - Black Novillo Leather,2008,WBSVA93598E216001,,E216001,"MSRP.2,ZPP.1,403,494,609,6FL,752",,"$64,825.00","May 30, 2008",,,,,,,,,,,
A75 - Melbourne Red Metallic,,NCH3 - Beige Novillo Leather,2008,WBSVA93508E216002,,E216002,"MSRP.2,ZCW,ZPP.2,ZTP,2MT.1,403,6FL,653",,"$66,675.00","May 30, 2008",550,,,,,,,,,,
300 - Alpine White,,NCH3 - Beige Novillo Leather,2008,WBSVA93528E216003,,E216003,"MSRP.2,ZPP.1,ZTP,403,507,6FL",,"$63,925.00","May 30, 2008",,,,,,,,,,,
A29 - Silverstone Metallic II,,NCH1 - Silver Novillo Leather,2008,WBSVA93548E216004,,E216004,"MSRP.2,ZCW,ZPP.1,ZTP,653,655,752",,"$66,520.00","May 30, 2008",550,,,,,,,,,,
A22 - Sparkling Graphite Metallic,,NCSW - Black Novillo Leather,2008,WBSVA93568E216005,,E216005,"MSRP.2,ZCW,ZPP.3,ZTP,403,6FL,752",,"$67,025.00","May 30, 2008",550,,,,,,,,,,
300 - Alpine White,,NDSW - Black Extended Novillo Leather,2008,WBSVA93588E216006,,E216006,"MSRP.2,ZCW,ZPP.3,ZTP,2MT.1,403,417,6FL,653,655,752",,"$70,295.00","May 31, 2008",1100,,,,,,,,,,
300 - Alpine White,,NCH3 - Beige Novillo Leather,2008,WBSVA935X8E216007,,E216007,"MSRP.2,ZPP.3,ZTP,403,494,655,752",,"$66,170.00","May 31, 2008",,,,,,,,,,,
A73 - Jerez Black Metallic,,NDH2 - Fox Red Extended Leather,2008,WBSVA93518E216008,,E216008,"MSRP.2,ZPP.3,ZTP,2MT.1,403,465,507,6FL,655,752",,"$69,745.00","May 31, 2008",550/1100,,,,,,,,,,
A29 - Silverstone Metallic II,,NCH1 - Silver Novillo Leather,2008,WBSVA93538E216009,,E216009,"MSRP.2,ZCW,ZPP.1,ZTP,655,752",,"$66,170.00","Jun 2, 2008",550,,,,,,,,,,
A29 - Silverstone Metallic II,,NCSW - Black Novillo Leather,2008,WBSVA935X8E216010,,E216010,"MSRP.2,ZPP.3,ZTP,403,494,507,6FL,655",,"$65,570.00","Jun 2, 2008",550,,,,,,,,,,
A29 - Silverstone Metallic II,,NCH2 - Fox Red Novillo Leather,2008,WBSVA93518E216011,,E216011,"MSRP.2,ZCW,ZPP.2,ZTP,2MT.1,403,417,507,6FL,653,655,752",,"$70,095.00","Jun 2, 2008",550,,,,,,,,,,
A22 - Sparkling Graphite Metallic,,NCSW - Black Novillo Leather,2008,WBSVA93538E216012,,E216012,"MSRP.2,ZCW,ZPP.3,ZTP,403,6FL,752",,"$67,025.00","Jun 2, 2008",550,,,,,,,,,,
A29 - Silverstone Metallic II,,NCSW - Black Novillo Leather,2008,WBSVA93558E216013,,E216013,"MSRP.2,ZCW,ZPP.1,ZTP,6FL,653,655,752",,"$66,920.00","Jun 2, 2008",550,,,,,,,,,,
A29 - Silverstone Metallic II,,NCH1 - Silver Novillo Leather,2008,WBSVA93578E216014,,E216014,"MSRP.2,ZCW,ZPP.1,ZTP,655,752",,"$66,170.00","Jun 2, 2008",550,,,,,,,,,,
A29 - Silverstone Metallic II,,NCSW - Black Novillo Leather,2008,WBSVA93598E216015,,E216015,"MSRP.2,ZCW,ZPP.3,ZTP,2MK,2MT.1,6FL,653,655,752",,"$71,020.00","Jun 3, 2008",550,,,,,,,,,,
A29 - Silverstone Metallic II,,NDSW - Black Extended Novillo Leather,2008,WBSVA93508E216016,,E216016,"MSRP.2,ZPP.3,ZTP,2MK,2MT.1,417,494,6FL,653,655,752",,"$72,195.00","Jun 3, 2008",550/1100,,,,,,,,,,
A30 - Interlagos Blue Metallic,,NCH1 - Silver Novillo Leather,2008,WBSVA93528E216017,,E216017,"MSRP.2,ZPP.1,ZTP,2MK,2MT.1,465",,"$67,250.00","Jun 3, 2008",550,,,,,,,,,,
300 - Alpine White,,GEAT - Anthracite/Black Cloth & Leather,2008,WBSVA93548E216018,,E216018,"MSRP.2,ZTP,2MK,494,507,639,6FL,655,771",,"$65,720.00","Jun 3, 2008",,,,,,,,,,,
A73 - Jerez Black Metallic,,NCSW - Black Novillo Leather,2008,WBSVA93568E216019,,E216019,"MSRP.2,ZPP.2,ZTP,2MK,494,6FL",,"$66,475.00","Jun 3, 2008",550,,,,,,,,,,
300 - Alpine White,,NCH2 - Fox Red Novillo Leather,2008,WBSVA93528E216020,,E216020,"MSRP.2,ZPP.3,ZTP,2MK,403,494,6FL,752",,"$68,875.00","Jun 4, 2008",,,,,,,,,,,
A30 - Interlagos Blue Metallic,,NDH2 - Fox Red Extended Leather,2008,WBSVA93548E216021,,E216021,"MSRP.2,ZCW,ZPP.2,ZTP,2MK,2MT.1,403,507,6FL,655,752",,"$73,170.00","Jun 4, 2008",550/1100,,,,,,,,,,
A22 - Sparkling Graphite Metallic,,NCSW - Black Novillo Leather,2008,WBSVA93568E216022,,E216022,"MSRP.2,ZPP.3,ZTP,2MK,2MT.1,403,417,465,494,507,6FL,752",,"$72,025.00","Jun 5, 2008",550,,,,,,,,,,
A22 - Sparkling Graphite Metallic,,NCH2 - Fox Red Novillo Leather,2008,WBSVA93588E216023,,E216023,"MSRP.2,ZCW,ZPP.3,ZTP,2MK,302,403,6FL",,"$68,425.00","Jun 5, 2008",550,,,,,,,,,,
A22 - Sparkling Graphite Metallic,,NCH2 - Fox Red Novillo Leather,2008,WBSVA935X8E216024,,E216024,"MSRP.2,ZCW,ZPP.3,ZTP,2MK,302,403,507,6FL",,"$68,775.00","Jun 5, 2008",550,,,,,,,,,,
A29 - Silverstone Metallic II,,GEAT - Anthracite/Black Cloth & Leather,2008,WBSVA93518E216025,,E216025,"MSRP.2,ZCW,ZPP.1,2MK,302,322,403,417,507,609,6FL,752",,"$70,100.00","Jun 5, 2008",550,,,,,,,,,,
668 - Jet Black,,NCH2 - Fox Red Novillo Leather,2008,WBSVA93538E216026,,E216026,"MSRP.2,ZCW,ZPP.1,2MK,2MT.1,223,302,322,403,507,6FL,752",,"$69,075.00","Jun 6, 2008",,,,,,,,,,,
300 - Alpine White,,NDH3 - Beige Novillo Extended Leather,2008,WBSVA93558E216027,,E216027,"MSRP.2,ZCW,ZPP.3,ZTP,2MK,2MT.1,417,507,6FL,653,655,752",,"$72,495.00","Jun 9, 2008",1100,,,,,,,,,,
300 - Alpine White,,NDH2 - Fox Red Extended Leather,2008,WBSVA93578E216028,,E216028,"MSRP.2,ZCW,ZPP.3,ZTP,2MK,2MT.1,403,507,6FL,653,655,752",,"$72,970.00","Jun 9, 2008",1100,,,,,,,,,,
A75 - Melbourne Red Metallic,,NDSW - Black Extended Novillo Leather,2008,WBSVA93598E216029,,E216029,"MSRP.2,ZCW,ZPP.1,ZTP,2MK,2MT.1,403,417,507,655,752",,"$73,345.00","Jun 9, 2008",550/1100,,,,,,,,,,
A73 - Jerez Black Metallic,,NDSW - Black Extended Novillo Leather,2008,WBSVA93558E216030,,E216030,"MSRP.2,ZCW,ZPP.3,ZTP,2MK,2MT.1,403,417,507,6FL,655,752",,"$73,745.00","Jun 9, 2008",550/1100,,,,,,,,,,
A73 - Jerez Black Metallic,,NDH3 - Beige Novillo Extended Leather,2008,WBSVA93578E216031,,E216031,"MSRP.2,ZCW,ZPP.3,ZTP,2MK,403,507,6FL,653,655,752",,"$72,320.00","Jun 9, 2008",550/1100,,,,,,,,,,
300 - Alpine White,,NDH2 - Fox Red Extended Leather,2008,WBSVA93598E216032,,E216032,"MSRP.2,ZPP.3,2MK,2MT.1,403,417,507,609,6FL",,"$68,550.00","Jun 9, 2008",1100,,,,,,,,,,
A73 - Jerez Black Metallic,,NDH3 - Beige Novillo Extended Leather,2008,WBSVA93508E216033,,E216033,"MSRP.2,ZPP.2,ZTP,2MK,2MT.1,403,417,465,507,6FL,655,752",,"$73,220.00","Jun 9, 2008",550/1100,,,,,,,,,,
A29 - Silverstone Metallic II,,NCSW - Black Novillo Leather,2008,WBSVA93528E216034,,E216034,"MSRP.2,ZCW,ZPP.3,ZTP,2MK,302,403,417,507,6FL,752",,"$71,250.00","Jun 9, 2008",550,,,,,,,,,,
A22 - Sparkling Graphite Metallic,,NDH3 - Beige Novillo Extended Leather,2008,WBSVA93548E216035,,E216035,"MSRP.2,2MK,2MT.1,223,4MZ,655",,"$65,720.00","Jun 9, 2008",550/2000,,,,,,,,,,
A29 - Silverstone Metallic II,,NCSW - Black Novillo Leather,2008,WBSVA93568E216036,,E216036,"MSRP.2,ZCW,ZPP.3,ZTP,2MK,2MT.1,403,417,507,6FL,653,655,752",,"$72,995.00","Jun 10, 2008",550,,,,,,,,,,
A29 - Silverstone Metallic II,,NCSW - Black Novillo Leather,2008,WBSVA93588E216037,,E216037,"MSRP.2,ZCW,2MT.1,302,4MY,507,609,752",,"$65,925.00","Jun 10, 2008",550/950,,,,,,,,,,
A29 - Silverstone Metallic II,,NCSW - Black Novillo Leather,2008,WBSVA935X8E216038,,E216038,"MSRP.2,ZCW,ZPP.3,ZTP,2MK,2MT.1,507,6FL,653,655,752",,"$71,370.00","Jun 10, 2008",550,,,,,,,,,,
A75 - Melbourne Red Metallic,,NDSW - Black Extended Novillo Leather,2008,WBSVA93518E216039,,E216039,"MSRP.2,ZCW,ZPP.1,ZTP,2MK,2MT.1,403,507,6FL,653,655,752",,"$73,520.00","Jun 10, 2008",550/1100,,,,,,,,,,
A29 - Silverstone Metallic II,,NCSW - Black Novillo Leather,2008,WBSVA93588E216040,,E216040,"MSRP.2,ZTP,2MK,2MT.1,417,465,4MX,6FL,752",,"$69,675.00","Jun 10, 2008",550/950,,,,,,,,,,
A29 - Silverstone Metallic II,,NCSW - Black Novillo Leather,2008,WBSVA935X8E216041,,E216041,"MSRP.2,ZCW,ZPP.1,ZTP,2MK,2MT.1,507",,"$68,125.00","Jun 10, 2008",550,,,,,,,,,,
300 - Alpine White,,NCSW - Black Novillo Leather,2008,WBSVA93518E216042,,E216042,"MSRP.2,ZPP.2,ZTP,2MK,494,507,6FL",,"$66,275.00","Jun 10, 2008",,,,,,,,,,,
A73 - Jerez Black Metallic,,NCH2 - Fox Red Novillo Leather,2008,WBSVA93538E216043,,E216043,"MSRP.2,ZPP.2,ZTP,2MK,2MT.1,653,655",,"$67,720.00","Jun 10, 2008",550,,,,,,,,,,
A29 - Silverstone Metallic II,,NCH1 - Silver Novillo Leather,2008,WBSVA93558E216044,,E216044,"MSRP.2,ZPP.1,ZTP,2MK,2MT.1,507,6FL,655,752",,"$70,020.00","Jun 10, 2008",550,,,,,,,,,,
A29 - Silverstone Metallic II,,NCH1 - Silver Novillo Leather,2008,WBSVA93578E216045,,E216045,"MSRP.2,ZPP.1,ZTP,2MK,2MT.1,403,494,507",,"$68,675.00","Jun 11, 2008",550,,,,,,,,,,
300 - Alpine White,,NCSW - Black Novillo Leather,2008,WBSVA93598E216046,,E216046,"MSRP.2,ZCW,ZPP.3,ZTP,2MK,507,655,752",,"$68,870.00","Jun 11, 2008",,,,,,,,,,,
A29 - Silverstone Metallic II,,NCSW - Black Novillo Leather,2008,WBSVA93508E216047,,E216047,"MSRP.2,ZPP.2,2MK,465,655",,"$63,395.00","Jun 11, 2008",550,,,,,,,,,,
300 - Alpine White,,NCH3 - Beige Novillo Leather,2008,WBSVA93528E216048,,E216048,"MSRP.2,ZCW,ZPP.2,ZTP,2MK,2MT.1,403,507,6FL,653,655,752",,"$71,870.00","Jun 11, 2008",,,,,,,,,,,
A29 - Silverstone Metallic II,,NCSW - Black Novillo Leather,2008,WBSVA93548E216049,,E216049,"MSRP.2,ZCW,ZPP.1,2MK,2MT.1,223,403",,"$66,575.00","Jun 11, 2008",550,,,,,,,,,,
A75 - Melbourne Red Metallic,,NCSW - Black Novillo Leather,2008,WBSVA93508E216050,,E216050,"MSRP.2,ZCW,ZPP.3,ZTP,403,655",,"$65,320.00","Jun 11, 2008",550,,,,,,,,,,
A29 - Silverstone Metallic II,,NCSW - Black Novillo Leather,2008,WBSVA93528E216051,,E216051,"MSRP.2,ZPP.1,ZTP,2MK,2MT.1,403,465,494,6FL,655,752",,"$71,695.00","Jun 11, 2008",550,,,,,,,,,,
300 - Alpine White,,NCSW - Black Novillo Leather,2008,WBSVA93548E216052,,E216052,"MSRP.2,ZCW,ZPP.3,ZTP,2MK,2MT.1,403,6FL,653,655,752",,"$71,520.00","Jun 11, 2008",,,,,,,,,,,
A29 - Silverstone Metallic II,,NCH1 - Silver Novillo Leather,2008,WBSVA93568E216053,,E216053,"MSRP.2,ZCW,ZTP,2MK,403,6FL,771",,"$67,075.00","Jun 11, 2008",550/950,,,,,,,,,,
300 - Alpine White,,NCH2 - Fox Red Novillo Leather,2008,WBSVA93588E216054,,E216054,"MSRP.2,ZCW,ZPP.1,ZTP,2MK,403,507,655",,"$68,020.00","Jun 11, 2008",,,,,,,,,,,
A30 - Interlagos Blue Metallic,,NCSW - Black Novillo Leather,2008,WBSVA935X8E216055,,E216055,"MSRP.2,ZCW,ZPP.3,ZTP,2MK,2MT.1,403,417,507,653,655,752",,"$72,595.00","Jun 12, 2008",550,,,,,,,,,,
A29 - Silverstone Metallic II,,NCSW - Black Novillo Leather,2008,WBSVA93518E216056,,E216056,"MSRP.2,ZCW,ZPP.2,2MK,2MT.1,223,6FL",,"$65,925.00","Jun 12, 2008",550,,,,,,,,,,
A73 - Jerez Black Metallic,,NCSW - Black Novillo Leather,2008,WBSVA93538E216057,,E216057,"MSRP.2,ZPP.1,ZTP,2MK,494,653,752",,"$68,325.00","Jun 12, 2008",550,,,,,,,,,,
300 - Alpine White,,NCSW - Black Novillo Leather,2008,WBSVA93558E216058,,E216058,"MSRP.2,ZCW,ZPP.3,ZTP,2MK,2MT.1,403,417,507,6FL,752",,"$71,500.00","Jun 12, 2008",,,,,,,,,,,
A30 - Interlagos Blue Metallic,,NCSW - Black Novillo Leather,2008,WBSVA93578E216059,,E216059,"MSRP.2,ZPP.3,ZTP,403,465,494,6FL",,"$65,100.00","Jun 12, 2008",550,,,,,,,,,,
A73 - Jerez Black Metallic,,NDSW - Black Extended Novillo Leather,2008,WBSVA93538E216060,,E216060,"MSRP.2,ZCW,ZPP.3,ZTP,2MK,2MT.1,403,507,6FL,653,752",,"$72,925.00","Jun 12, 2008",550/1100,,,,,,,,,,
A73 - Jerez Black Metallic,,NDSW - Black Extended Novillo Leather,2008,WBSVA93558E216061,,E216061,"MSRP.2,ZCW,ZPP.1,ZTP,2MT.1,507,6FL",,"$66,725.00","Jun 12, 2008",550/1100,,,,,,,,,,
668 - Jet Black,,NCSW - Black Novillo Leather,2008,WBSVA93578E216062,,E216062,"MSRP.2,ZPP.2,ZTP,2MK,2MT.1,403,494,507,6FL,752",,"$70,425.00","Jun 12, 2008",,,,,,,,,,,
A73 - Jerez Black Metallic,,NCH2 - Fox Red Novillo Leather,2008,WBSVA93598E216063,,E216063,"MSRP.2,ZCW,ZPP.3,ZTP,403,6FL",,"$65,125.00","Jun 12, 2008",550,,,,,,,,,,
A73 - Jerez Black Metallic,,NCH3 - Beige Novillo Leather,2008,WBSVA93508E216064,,E216064,"MSRP.2,ZPP.1,ZTP,2MK,2MT.1,403,465,494,6FL,655,752",,"$71,695.00","Jun 12, 2008",550,,,,,,,,,,
668 - Jet Black,,NCSW - Black Novillo Leather,2008,WBSVA93528E216065,,E216065,"MSRP.2,ZCW,ZPP.3,ZTP,2MK,2MT.1,403,507,6FL,653,655,752",,"$71,870.00","Jun 13, 2008",,,,,,,,,,,
300 - Alpine White,,NCSW - Black Novillo Leather,2008,WBSVA93548E216066,,E216066,"MSRP.2,ZPP.3,ZTP,2MK,2MT.1,403,494,507,6FL,655,752",,"$71,020.00","Jun 13, 2008",,,,,,,,,,,
A22 - Sparkling Graphite Metallic,,GEAT - Anthracite/Black Cloth & Leather,2008,WBSVA93568E216067,,E216067,"MSRP.2,2MT.1,223,4MX,653,655",,"$61,170.00","Jun 13, 2008",550,,,,,,,,,,
A22 - Sparkling Graphite Metallic,,NCSW - Black Novillo Leather,2008,WBSVA93588E216068,,E216068,"MSRP.2,ZCW,ZPP.3,2MK,223,403,507,6FL,655",,"$66,720.00","Jun 13, 2008",550,,,,,,,,,,
A22 - Sparkling Graphite Metallic,,NDSW - Black Extended Novillo Leather,2008,WBSVA935X8E216069,,E216069,"MSRP.2,ZCW,ZPP.1,ZTP,2MK,2MT.1,6FL,653,752",,"$71,525.00","Jun 13, 2008",550/1100,,,,,,,,,,
A73 - Jerez Black Metallic,,NCH3 - Beige Novillo Leather,2008,WBSVA93568E216070,,E216070,"MSRP.2,ZCW,ZPP.3,ZTP,2MK,507,6FL,653,752",,"$69,575.00","Jun 13, 2008",550,,,,,,,,,,
A22 - Sparkling Graphite Metallic,,NCH2 - Fox Red Novillo Leather,2008,WBSVA93588E216071,,E216071,"MSRP.2,ZPP.3,ZTP,2MT.1,403,417,6FL,653,752",,"$68,150.00","Jun 13, 2008",550,,,,,,,,,,
A73 - Jerez Black Metallic,,NCSW - Black Novillo Leather,2008,WBSVA935X8E216072,,E216072,"MSRP.2,ZCW,ZPP.3,ZTP,2MK,403,655",,"$68,220.00","Jun 13, 2008",550,,,,,,,,,,
A75 - Melbourne Red Metallic,,NCSW - Black Novillo Leather,2008,WBSVA93518E216073,,E216073,"MSRP.2,ZPP.1,ZTP,2MK,2MT.1,465,507",,"$67,600.00","Jun 16, 2008",550,,,,,,,,,,
A73 - Jerez Black Metallic,,NDSW - Black Extended Novillo Leather,2008,WBSVA93538E216074,,E216074,"MSRP.2,ZCW,ZPP.3,ZTP,2MK,2MT.1,403,6FL,655,752",,"$72,820.00","Jun 16, 2008",550/1100,,,,,,,,,,
300 - Alpine White,,NCSW - Black Novillo Leather,2008,WBSVA93558E216075,,E216075,"MSRP.2,ZPP.3,2MK,2MT.1,403,494,507,6FL",,"$65,275.00","Jun 16, 2008",,,,,,,,,,,
300 - Alpine White,,NCH2 - Fox Red Novillo Leather,2008,WBSVA93578E216076,,E216076,"MSRP.2,ZCW,ZPP.3,2MK,2MT.1,403,6FL",,"$65,425.00","Jun 16, 2008",,,,,,,,,,,
668 - Jet Black,,NCSW - Black Novillo Leather,2008,WBSVA93598E216077,,E216077,"MSRP.2,ZPP.1,ZTP,2MK,2MT.1,403,494,6FL,653,655,752",,"$71,020.00","Jun 16, 2008",,,,,,,,,,,
A73 - Jerez Black Metallic,,NCH2 - Fox Red Novillo Leather,2008,WBSVA93508E216078,,E216078,"MSRP.2,ZPP.3,ZTP,2MK,2MT.1,403,417,494,6FL,752",,"$71,200.00","Jun 16, 2008",550,,,,,,,,,,
A29 - Silverstone Metallic II,,NCSW - Black Novillo Leather,2008,WBSVA93528E216079,,E216079,"MSRP.2,ZPP.1,ZTP,2MK,2MT.1,403,465,494,6FL,655",,"$69,795.00","Jun 16, 2008",550,,,,,,,,,,
668 - Jet Black,,NCSW - Black Novillo Leather,2008,WBSVA93598E216080,,E216080,"MSRP.2,ZPP.2,ZTP,2MK,2MT.1,403,465,507,6FL,653,655,752",,"$71,345.00","Jun 16, 2008",,,,,,,,,,,
A29 - Silverstone Metallic II,,NCH1 - Silver Novillo Leather,2008,WBSVA93508E216081,,E216081,"MSRP.2,ZPP.1,2MK,223,6FL,653",,"$64,075.00","Jun 17, 2008",550,,,,,,,,,,
A73 - Jerez Black Metallic,,NDH3 - Beige Novillo Extended Leather,2008,WBSVA93528E216082,,E216082,"MSRP.2,ZPP.2,2MT.1,223,403,494,507,6FL,655",,"$65,620.00","Jun 17, 2008",550/1100,,,,,,,,,,
A73 - Jerez Black Metallic,,NCH1 - Silver Novillo Leather,2008,WBSVA93548E216083,,E216083,"MSRP.2,ZPP.1,ZTP,2MK,494,507",,"$66,425.00","Jun 17, 2008",550,,,,,,,,,,
A22 - Sparkling Graphite Metallic,,NCSW - Black Novillo Leather,2008,WBSVA93568E216084,,E216084,"MSRP.2,ZCW,ZTP,2MT.1,403,639,752,771",,"$67,625.00","Jun 17, 2008",550/950,,,,,,,,,,
300 - Alpine White,,NCSW - Black Novillo Leather,2008,WBSVA93588E216085,,E216085,"MSRP.2,ZPP.1,ZTP,2MK,2MT.1,403,465,507,6FL,653,752",,"$70,750.00","Jun 17, 2008",,,,,,,,,,,
A73 - Jerez Black Metallic,,NCH3 - Beige Novillo Leather,2008,WBSVA935X8E216086,,E216086,"MSRP.2,ZTP,2MK,2MT.1,403,465,4MY,507,6FL,653,752",,"$70,850.00","Jun 17, 2008",550/950,,,,,,,,,,
A75 - Melbourne Red Metallic,,NDSW - Black Extended Novillo Leather,2008,WBSVA93518E216087,,E216087,"MSRP.2,ZCW,ZPP.3,ZTP,2MK,2MT.1,403,417,507,6FL,653,655,752",,"$74,095.00","Jun 17, 2008",550/1100,,,,,,,,,,
A75 - Melbourne Red Metallic,,NCH1 - Silver Novillo Leather,2008,WBSVA93538E216088,,E216088,"MSRP.2,ZCW,ZTP,403,655,771",,"$64,370.00","Jun 18, 2008",550/950,,,,,,,,,,
A29 - Silverstone Metallic II,,NCH1 - Silver Novillo Leather,2008,WBSVA93558E216089,,E216089,"MSRP.2,ZPP.1,ZTP,2MK,2MT.1,465,507,6FL,655",,"$68,595.00","Jun 17, 2008",550,,,,,,,,,,
A29 - Silverstone Metallic II,,NCH1 - Silver Novillo Leather,2008,WBSVA93518E216090,,E216090,"MSRP.2,ZTP,494,771",,"$62,225.00","Jun 17, 2008",550/950,,,,,,,,,,
668 - Jet Black,,NCSW - Black Novillo Leather,2008,WBSVA93538E216091,,E216091,"MSRP.2,ZPP.1,ZTP,2MK,2MT.1,403,494,507,6FL,655,752",,"$71,020.00","Jun 18, 2008",,,,,,,,,,,
300 - Alpine White,,NCH1 - Silver Novillo Leather,2008,WBSVA93558E216092,,E216092,"MSRP.2,ZCW,ZPP.1,223,403,417,507,6FL,653",,"$63,600.00","Jun 18, 2008",,,,,,,,,,,
A22 - Sparkling Graphite Metallic,,NDSW - Black Extended Novillo Leather,2008,WBSVA93578E216093,,E216093,"MSRP.2,ZCW,ZPP.3,ZTP,2MT.1,417,507,653,655",,"$67,845.00","Jun 18, 2008",550/1100,,,,,,,,,,
A30 - Interlagos Blue Metallic,,NCH1 - Silver Novillo Leather,2008,WBSVA93598E216094,,E216094,"MSRP.2,ZPP.2,ZTP,2MK,494,6FL,653,752",,"$68,725.00","Jun 18, 2008",550,,,,,,,,,,
A29 - Silverstone Metallic II,,NCH3 - Beige Novillo Leather,2008,WBSVA93508E216095,,E216095,"MSRP.2,ZCW,ZPP.3,403,507,609,6FL,653",,"$64,675.00","Jun 18, 2008",550,,,,,,,,,,
668 - Jet Black,,NCSW - Black Novillo Leather,2008,WBSVA93528E216096,,E216096,"MSRP.2,ZCW,ZPP.2,ZTP,2MK,2MT.1,403,507,6FL",,"$69,025.00","Jun 18, 2008",,,,,,,,,,,
A73 - Jerez Black Metallic,,NDH3 - Beige Novillo Extended Leather,2008,WBSVA93548E216097,,E216097,"MSRP.2,ZTP,2MT.1,403,494,507,6FL,655,752,771",,"$68,770.00","Jun 18, 2008",550/2000,,,,,,,,,,
A30 - Interlagos Blue Metallic,,NDH3 - Beige Novillo Extended Leather,2008,WBSVA93568E216098,,E216098,"MSRP.2,ZCW,ZPP.2,ZTP,2MK,2MT.1,403,417,507,653,655,752",,"$73,695.00","Jun 18, 2008",550/1100,,,,,,,,,,
300 - Alpine White,,NCSW - Black Novillo Leather,2008,WBSVA93588E216099,,E216099,"MSRP.2,ZPP.3,ZTP,2MK,2MT.1,403,494,507,6FL,655,752",,"$71,020.00","Jun 18, 2008",,,,,,,,,,,
A22 - Sparkling Graphite Metallic,,NCSW - Black Novillo Leather,2008,WBSVA93508E216100,,E216100,"MSRP.2,ZCW,ZPP.2,ZTP,2MK,2MT.1,403,417,6FL",,"$69,800.00","Jun 18, 2008",550,,,,,,,,,,
668 - Jet Black,,NCSW - Black Novillo Leather,2008,WBSVA93528E216101,,E216101,"MSRP.2,ZCW,ZPP.3,ZTP,2MK,2MT.1,403,6FL,653,655,752",,"$71,520.00","Jun 19, 2008",,,,,,,,,,,
668 - Jet Black,,NCSW - Black Novillo Leather,2008,WBSVA93548E216102,,E216102,"MSRP.2,ZPP.3,ZTP,2MK,2MT.1,403,507,6FL,655",,"$68,620.00","Jun 19, 2008",,,,,,,,,,,
A22 - Sparkling Graphite Metallic,,NDSW - Black Extended Novillo Leather,2008,WBSVA93568E216103,,E216103,"MSRP.2,ZCW,ZPP.3,ZTP,2MK,403,417,507,6FL,653,655,752",,"$72,895.00","Jun 19, 2008",550/1100,,,,,,,,,,
A73 - Jerez Black Metallic,,NCSW - Black Novillo Leather,2008,WBSVA93588E216104,,E216104,"MSRP.2,ZCW,ZPP.3,ZTP,2MT.1,507,655,752",,"$67,720.00","Jun 19, 2008",550,,,,,,,,,,
A73 - Jerez Black Metallic,,NCSW - Black Novillo Leather,2008,WBSVA935X8E216105,,E216105,"MSRP.2,ZCW,ZPP.3,ZTP,2MK,2MT.1,403,417,6FL,655,752",,"$72,295.00","Jun 19, 2008",550,,,,,,,,,,
A29 - Silverstone Metallic II,,NCH1 - Silver Novillo Leather,2008,WBSVA93518E216106,,E216106,"MSRP.2,ZCW,ZPP.1,ZTP,2MK,2MT.1,403,6FL,655,752",,"$71,720.00","Jun 19, 2008",550,,,,,,,,,,
A29 - Silverstone Metallic II,,NCH3 - Beige Novillo Leather,2008,WBSVA93538E216107,,E216107,"MSRP.2,ZCW,ZPP.2,ZTP,2MK,2MT.1,403,417,507,6FL,653,655,752",,"$72,995.00","Jun 19, 2008",550,,,,,,,,,,
A29 - Silverstone Metallic II,,NCSW - Black Novillo Leather,2008,WBSVA93558E216108,,E216108,"MSRP.2,ZCW,ZPP.2,ZTP,2MT.1,403,417,507,6FL,655",,"$67,845.00","Jun 19, 2008",550,,,,,,,,,,
A30 - Interlagos Blue Metallic,,NDH1 - Silver Novillo Extended Leather,2008,WBSVA93578E216109,,E216109,"MSRP.2,ZCW,ZPP.3,ZTP,2MK,2MT.1,403,417,507,6FL,653,655,752",,"$74,095.00","Jun 19, 2008",550/1100,,,,,,,,,,
A29 - Silverstone Metallic II,,NDH1 - Silver Novillo Extended Leather,2008,WBSVA93538E216110,,E216110,"MSRP.2,ZPP.2,ZTP,2MT.1,403,494,507,6FL,752",,"$69,175.00","Jun 19, 2008",550/1100,,,,,,,,,,
A73 - Jerez Black Metallic,,NCSW - Black Novillo Leather,2008,WBSVA93558E216111,,E216111,"MSRP.2,ZCW,ZPP.3,ZTP,2MK,2MT.1,403,507,6FL,655,752",,"$72,070.00","Jun 20, 2008",550,,,,,,,,,,
300 - Alpine White,,NCSW - Black Novillo Leather,2008,WBSVA93578E216112,,E216112,"MSRP.2,ZCW,ZPP.1,ZTP,2MK,2MT.1,507,655,752",,"$70,070.00","Jun 20, 2008",,,,,,,,,,,
300 - Alpine White,,NCH2 - Fox Red Novillo Leather,2008,WBSVA93598E216113,,E216113,"MSRP.2,ZCW,ZPP.2,ZTP,2MT.1,507,6FL,653,655,752",,"$67,920.00",6-20-2008,,,,,,,,,,,
668 - Jet Black,,NCSW - Black Novillo Leather,2008,WBSVA93508E216114,,E216114,"MSRP.2,ZCW,ZPP.1,ZTP,2MK,2MT.1,403,507,6FL,655,752",,"$71,520.00",6-20-2008,,,,,,,,,,,
300 - Alpine White,,NDH2 - Fox Red Extended Leather,2008,WBSVA93528E216115,,E216115,"MSRP.2,ZCW,ZPP.1,ZTP,2MK,2MT.1,403,507,6FL,752",,"$72,025.00","Jun 20, 2008",1100,,,,,,,,,,
A22 - Sparkling Graphite Metallic,,NDSW - Black Extended Novillo Leather,2008,WBSVA93548E216116,,E216116,"MSRP.2,ZCW,ZPP.1,ZTP,2MK,2MT.1,403,417,507,6FL,653,655,752",,"$74,095.00","Jun 20, 2008",550/1100,,,,,,,,,,
A29 - Silverstone Metallic II,,NCH1 - Silver Novillo Leather,2008,WBSVA93568E216117,,E216117,"MSRP.2,ZCW,ZPP.1,ZTP,2MK,2MT.1,403,507,6FL,653,655,752",,"$72,420.00","Jun 20, 2008",550,,,,,,,,,,
A73 - Jerez Black Metallic,,NDH1 - Silver Novillo Extended Leather,2008,WBSVA93588E216118,,E216118,"MSRP.2,ZCW,ZPP.3,ZTP,2MK,2MT.1,403,6FL,655,752",,"$72,820.00","Jun 20, 2008",550/1100,,,,,,,,,,
A29 - Silverstone Metallic II,,NCSW - Black Novillo Leather,2008,WBSVA935X8E216119,,E216119,"MSRP.2,ZCW,ZPP.3,ZTP,2MK,2MT.1,403,507,6FL,655",,"$70,170.00","Jun 20, 2008",550,,,,,,,,,,
A73 - Jerez Black Metallic,,NCSW - Black Novillo Leather,2008,WBSVA93568E216120,,E216120,"MSRP.2,ZPP.1,ZTP,2MT.1,403,465,6FL,655,752",,"$68,295.00","Jun 20, 2008",550,https://bringatrailer.com/listing/2008-bmw-m3-sedan-70/,,,,,,,,,
300 - Alpine White,,GEAT - Anthracite/Black Cloth & Leather,2008,WBSVA93588E216121,,E216121,"MSRP.2,ZPP.3,ZTP,2MK,2MT.1,403",,"$67,275.00","Jun 23, 2008",,,,,,,,,,,
300 - Alpine White,,NCH1 - Silver Novillo Leather,2008,WBSVA935X8E216122,,E216122,"MSRP.2,4MY",,"$58,425.00","Jun 23, 2008",950,,,,,,,,,,
A29 - Silverstone Metallic II,,NDSW - Black Extended Novillo Leather,2008,WBSVA93518E216123,,E216123,"MSRP.2,ZCW,ZPP.3,ZTP,2MK,2MT.1,403,417,6FL,655,752",,"$73,395.00","Jun 24, 2008",550/1100,,,,,,,,,,
300 - Alpine White,,NDH2 - Fox Red Extended Leather,2008,WBSVA93538E216124,,E216124,"MSRP.2,ZPP.2,ZTP,2MK,417,494,752",,"$69,100.00","Jun 23, 2008",1100,,,,,,,,,,
300 - Alpine White,,NDH2 - Fox Red Extended Leather,2008,WBSVA93558E216125,,E216125,"MSRP.2,ZPP.3,ZTP,2MK,2MT.1,403,655",,"$68,970.00","Jun 23, 2008",1100,,,,,,,,,,
A29 - Silverstone Metallic II,,NDH1 - Silver Novillo Extended Leather,2008,WBSVA93578E216126,,E216126,"MSRP.2,ZTP,2MK,403,417,465,4MY",,"$68,275.00","Jun 24, 2008",550/2000,,,,,,,,,,
A29 - Silverstone Metallic II,,NDSW - Black Extended Novillo Leather,2008,WBSVA93598E216127,,E216127,"MSRP.2,ZCW,ZPP.3,ZTP,2MK,2MT.1,403,417,507,6FL,655,752",,"$73,745.00","Jun 24, 2008",550/1100,,,,,,,,,,
300 - Alpine White,,NCSW - Black Novillo Leather,2008,WBSVA93508E216128,,E216128,"MSRP.2,ZPP.3,ZTP,2MK,2MT.1,6FL,655,752",,"$69,120.00","Jun 25, 2008",,,,,,,,,,,
300 - Alpine White,,NCSW - Black Novillo Leather,2008,WBSVA93528E216129,,E216129,"MSRP.2,ZPP.3,ZTP,2MK,2MT.1,6FL,655,752",,"$69,120.00","Jun 25, 2008",,,,,,,,,,,
A22 - Sparkling Graphite Metallic,,NCSW - Black Novillo Leather,2008,WBSVA93598E216130,,E216130,"MSRP.2,ZPP.1,ZTP,403,494,655",,"$64,820.00","Jun 25, 2008",550,,,,,,,,,,
A75 - Melbourne Red Metallic,,NCH3 - Beige Novillo Leather,2008,WBSVA93508E216131,,E216131,"MSRP.2,ZCW,ZPP.1,ZTP,2MK,2MT.1,403,507,655,752",,"$71,670.00","Jun 26, 2008",550,,,,,,,,,,
A22 - Sparkling Graphite Metallic,,NCH2 - Fox Red Novillo Leather,2008,WBSVA93528E216132,,E216132,"MSRP.2,ZCW,ZPP.3,ZTP,2MK,2MT.1,403,417,507,6FL,653,655,752",,"$72,995.00","Jun 26, 2008",550,,,,,,,,,,
668 - Jet Black,,NCSW - Black Novillo Leather,2008,WBSVA93548E216133,,E216133,"MSRP.2,ZPP.3,ZTP,2MK,2MT.1,403,494,6FL,655,752",,"$70,670.00","Jun 27, 2008",,,,,,,,,,,
A73 - Jerez Black Metallic,,NCH1 - Silver Novillo Leather,2008,WBSVA93568E216134,,E216134,"MSRP.2,ZCW,ZPP.2,ZTP,2MK,2MT.1,507,6FL,653,655",,"$69,470.00","Jun 27, 2008",550,,,,,,,,,,
A30 - Interlagos Blue Metallic,,NCSW - Black Novillo Leather,2008,WBSVA93588E216135,,E216135,"MSRP.2,ZCW,ZPP.3,ZTP,2MT.1,403,507,6FL",,"$66,675.00","Jun 27, 2008",550,,,,,,,,,,
300 - Alpine White,,NCH2 - Fox Red Novillo Leather,2008,WBSVA935X8E216136,,E216136,"MSRP.2,ZCW,ZPP.3,ZTP,2MK,2MT.1,403,6FL,655,752",,"$71,170.00","Jun 27, 2008",,,,,,,,,,,
A22 - Sparkling Graphite Metallic,,NCH2 - Fox Red Novillo Leather,2008,WBSVA93518E216137,,E216137,"MSRP.2,ZCW,ZPP.2,2MK,223",,"$64,325.00","Jun 28, 2008",550,,,,,,,,,,
A22 - Sparkling Graphite Metallic,,NCSW - Black Novillo Leather,2008,WBSVA93538E216138,,E216138,"MSRP.2,ZCW,ZPP.3,ZTP,2MT.1,403,6FL,752",,"$68,225.00","Jun 30, 2008",550,,,,,,,,,,
A73 - Jerez Black Metallic,,NCSW - Black Novillo Leather,2008,WBSVA93558E216139,,E216139,"MSRP.2,ZCW,ZPP.3,ZTP,2MK,2MT.1,403,507,6FL",,"$69,575.00","Jun 30, 2008",550,,,,,,,,,,
300 - Alpine White,,NCSW - Black Novillo Leather,2008,WBSVA93518E216140,,E216140,"MSRP.2,ZCW,ZPP.1,ZTP,2MK,2MT.1,6FL,653,655,752",,"$70,470.00","Jun 30, 2008",,,,,,,,,,,
300 - Alpine White,,NCH2 - Fox Red Novillo Leather,2008,WBSVA93538E216141,,E216141,"MSRP.2,2MK,494,4MY,507,863",,"$62,175.00","Jul 1, 2008",950,,,,,,,,,,
300 - Alpine White,,NCH2 - Fox Red Novillo Leather,2008,WBSVA93558E216142,,E216142,"MSRP.2,ZCW,ZPP.1,ZTP,2MK,403,417,507,6FL,653,752",,"$70,650.00","Jul 1, 2008",,,,,,,,,,,
668 - Jet Black,,NCSW - Black Novillo Leather,2008,WBSVA93578E216143,,E216143,"MSRP.2,ZPP.3,ZTP,2MK,403,655",,"$66,670.00","Jul 1, 2008",,,,,,,,,,,
A73 - Jerez Black Metallic,,NCH2 - Fox Red Novillo Leather,2008,WBSVA93598E216144,,E216144,"MSRP.2,ZCW,ZPP.3,302,322,403",,"$61,875.00","Jul 1, 2008",550,,,,,,,,,,
A75 - Melbourne Red Metallic,,NDH3 - Beige Novillo Extended Leather,2008,WBSVA93508E216145,,E216145,"MSRP.2,ZCW,ZPP.3,ZTP,2MK,2MT.1,403,417,507,6FL,653,752",,"$73,500.00","Jul 1, 2008",550/1100,,,,,,,,,,
300 - Alpine White,,NCH1 - Silver Novillo Leather,2008,WBSVA93528E216146,,E216146,"MSRP.2,ZCW,ZPP.1,2MK,223,507,653",,"$64,475.00","Jul 2, 2008",,,,,,,,,,,
300 - Alpine White,,NCSW - Black Novillo Leather,2008,WBSVA93548E216147,,E216147,"MSRP.2,ZPP.3,ZTP,2MK",,"$65,025.00","Jul 2, 2008",,,,,,,,,,,
300 - Alpine White,,NDH2 - Fox Red Extended Leather,2008,WBSVA93568E216148,,E216148,"MSRP.2,ZCW,ZPP.1,ZTP,2MT.1,403,507,752",,"$68,725.00","Jul 2, 2008",1100,,,,,,,,,,
A29 - Silverstone Metallic II,,NCSW - Black Novillo Leather,2008,WBSVA93588E216149,,E216149,"MSRP.2,ZPP.1,ZTP,2MK,2MT.1,507,6FL",,"$67,525.00","Jul 2, 2008",550,,,,,,,,,,
A73 - Jerez Black Metallic,,NCH3 - Beige Novillo Leather,2008,WBSVA93548E216150,,E216150,"MSRP.2,ZCW,ZPP.1,ZTP,2MK,2MT.1,403,507,6FL,752",,"$71,475.00",07-02-2008,550,,,,,,,,,,
A29 - Silverstone Metallic II,,NCSW - Black Novillo Leather,2008,WBSVA93568E216151,,E216151,"MSRP.2,ZPP.1,ZTP,2MK,2MT.1,403,465,494,507,6FL,752",,"$71,450.00","Jul 2, 2008",550,,,,,,,,,,
A22 - Sparkling Graphite Metallic,,NCSW - Black Novillo Leather,2008,WBSVA93588E216152,,E216152,"MSRP.2,ZTP,2MT.1,417,465,4MZ,6FL,653,655,752",,"$67,720.00","Jul 3, 2008",550/950,,,,,,,,,,
A22 - Sparkling Graphite Metallic,,NCSW - Black Novillo Leather,2008,WBSVA935X8E216153,,E216153,"MSRP.2,ZPP.3,ZTP,2MK,2MT.1,403,494,6FL,653,752",,"$70,975.00","Jul 3, 2008",550,,,,,,,,,,
668 - Jet Black,,NCSW - Black Novillo Leather,2008,WBSVA93518E216154,,E216154,"MSRP.2,ZPP.3,ZTP,2MK,2MT.1,403,6FL,655,752",,"$70,170.00","Jul 3, 2008",,,,,,,,,,,
A73 - Jerez Black Metallic,,NCSW - Black Novillo Leather,2008,WBSVA93538E216155,,E216155,"MSRP.2,ZTP,465,6FL,655,771",,"$63,195.00","Jul 3, 2008",550/950,,,,,,,,,,
A73 - Jerez Black Metallic,,NDH3 - Beige Novillo Extended Leather,2008,WBSVA93558E216156,,E216156,"MSRP.2,ZCW,ZPP.3,ZTP,2MK,2MT.1,507,6FL,655,752",,"$72,120.00",07-03-2008,550/1100,,,,,,,,,,
A73 - Jerez Black Metallic,,NCSW - Black Novillo Leather,2008,WBSVA93578E216157,,E216157,"MSRP.2,ZCW,ZPP.3,2MK,2MT.1,403,507,609,6FL,655",,"$69,020.00","Jul 3, 2008",550,,,,,,,,,,
A29 - Silverstone Metallic II,,NDH2 - Fox Red Extended Leather,2008,WBSVA93598E216158,,E216158,"MSRP.2,ZCW,ZPP.3,ZTP,2MK,2MT.1,403,417,507,6FL,655,752",,"$73,745.00","Jul 4, 2008",550/1100,,,,,,,,,,
668 - Jet Black,,NCH1 - Silver Novillo Leather,2008,WBSVA93508E216159,,E216159,"MSRP.2,ZCW,ZPP.3,ZTP,403,417,507,6FL,655,752",,"$67,995.00","Jul 4, 2008",,,,,,,,,,,
668 - Jet Black,,NCH2 - Fox Red Novillo Leather,2008,WBSVA93578E216160,,E216160,"MSRP.2,ZPP.3,ZTP,2MK,2MT.1,403,507",,"$67,625.00","Jul 4, 2008",,,,,,,,,,,
668 - Jet Black,,NCSW - Black Novillo Leather,2008,WBSVA93598E216161,,E216161,"MSRP.2,ZCW,ZPP.1,ZTP,2MK,2MT.1,403,6FL,653,655,752",,"$71,520.00",07-04-2008,,,,,,,,,,,
A73 - Jerez Black Metallic,,NCSW - Black Novillo Leather,2008,WBSVA93508E216162,,E216162,"MSRP.2,ZPP.2,ZTP,2MK,403,6FL,655,752",,"$69,520.00","Jul 4, 2008",550,,,,,,,,,,
A73 - Jerez Black Metallic,,NCSW - Black Novillo Leather,2008,WBSVA93528E216163,,E216163,"MSRP.2,ZPP.3,ZTP,2MK,403,507,655,752",,"$69,470.00","Jul 5, 2008",550,,,,,,,,,,
A73 - Jerez Black Metallic,,NCSW - Black Novillo Leather,2008,WBSVA93548E216164,,E216164,"MSRP.2,ZCW,ZPP.1,ZTP,2MT.1,403,507,6FL,655",,"$67,270.00","Jul 5, 2008",550,,,,,,,,,,
300 - Alpine White,,NCSW - Black Novillo Leather,2008,WBSVA93568E216165,,E216165,"MSRP.2,ZCW,ZPP.2,2MK,223,302,322,403,6FL,752",,"$67,525.00","Jul 5, 2008",,,,,,,,,,,
A73 - Jerez Black Metallic,,NDH1 - Silver Novillo Extended Leather,2008,WBSVA93588E216166,,E216166,"MSRP.2,ZCW,ZPP.3,ZTP,2MK,2MT.1,403,417,507,6FL,653,655,752",,"$74,095.00",07-05-2008,550/1100,,,,,,,,,,
A75 - Melbourne Red Metallic,,NDH3 - Beige Novillo Extended Leather,2008,WBSVA935X8E216167,,E216167,"MSRP.2,ZCW,ZPP.2,ZTP,2MK,2MT.1,403,417,507,6FL,653,655,752",,"$74,095.00","Jul 7, 2008",550/1100,,,,,,,,,,
A73 - Jerez Black Metallic,,NDH2 - Fox Red Extended Leather,2008,WBSVA93518E216168,,E216168,"MSRP.2,ZCW,ZPP.3,ZTP,2MK,2MT.1,403,507,6FL",,"$70,675.00","Jul 7, 2008",550/1100,,,,,,,,,,
300 - Alpine White,,NCSW - Black Novillo Leather,2008,WBSVA93538E216169,,E216169,"MSRP.2,ZPP.1,ZTP,2MK,2MT.1,403,494,6FL,655,752",,"$70,670.00","Jul 7, 2008",,,,,,,,,,,
A22 - Sparkling Graphite Metallic,,NCSW - Black Novillo Leather,2008,WBSVA935X8E216170,,E216170,"MSRP.2,2MK,2MT.1,655,771",,"$63,170.00","Jul 8, 2008",550/950,,,,,,,,,,
A22 - Sparkling Graphite Metallic,,NDH3 - Beige Novillo Extended Leather,2008,WBSVA93518E216171,,E216171,"MSRP.2,ZCW,ZPP.3,2MK,2MT.1,322,403,417,507,609,6FL,653,655,752",,"$72,945.00","Jul 8, 2008",550/1100,,,,,,,,,,
668 - Jet Black,,NCSW - Black Novillo Leather,2008,WBSVA93538E216172,,E216172,"MSRP.2,ZPP.1,ZTP,2MK,2MT.1,403,494,507,6FL,752",,"$70,425.00",07-08-2008,,,,,,,,,,,
300 - Alpine White,,NCSW - Black Novillo Leather,2008,WBSVA93558E216173,,E216173,"MSRP.2,ZCW,ZPP.1,ZTP,2MK,2MT.1,302,403,417,507,6FL,752",,"$71,900.00","Jul 8, 2008",,,,,,,,,,,
A22 - Sparkling Graphite Metallic,,NCH3 - Beige Novillo Leather,2008,WBSVA93578E216174,,E216174,"MSRP.2,ZCW,ZPP.3,ZTP,2MK,302,403,417,507,6FL,655,752",,"$71,845.00","Jul 9, 2008",550,,,,,,,,,,
A22 - Sparkling Graphite Metallic,,NCH2 - Fox Red Novillo Leather,2008,WBSVA93598E216175,,E216175,"MSRP.2,ZCW,ZPP.2,ZTP,2MK,2MT.1,302,403,417,507,6FL,752",,"$72,450.00","Jul 9, 2008",550,,,,,,,,,,
A30 - Interlagos Blue Metallic,,NCSW - Black Novillo Leather,2008,WBSVA93508E216176,,E216176,"MSRP.2,ZCW,ZPP.3,ZTP,2MK,2MT.1,302,403,417,507,6FL,752",,"$72,450.00","Jul 9, 2008",550,,,,,,,,,,
A29 - Silverstone Metallic II,,NDH2 - Fox Red Extended Leather,2008,WBSVA93528E216177,,E216177,"MSRP.2,ZCW,ZPP.2,ZTP,2MT.1,403,507,6FL,653,752",,"$70,025.00","Jul 9, 2008",550/1100,,,,,,,,,,
A73 - Jerez Black Metallic,,NCH2 - Fox Red Novillo Leather,2008,WBSVA93548E216178,,E216178,"MSRP.2,ZCW,ZPP.3,2MK,2MT.1,302,322,403,417,507,609,6FL,655,752",,"$71,895.00",07-09-2008,550,,,,,,,,,,
300 - Alpine White,,NDSW - Black Extended Novillo Leather,2008,WBSVA93568E216179,,E216179,"MSRP.2,ZPP.2,2MK,2MT.1,403,417,494,507,655",,"$67,145.00","Jul 9, 2008",1100,,,,,,,,,,
A29 - Silverstone Metallic II,,NCSW - Black Novillo Leather,2008,WBSVA93528E216180,,E216180,"MSRP.2,ZCW,ZPP.1,2MK,2MT.1,302,322,403,417,507,6FL,655,752",,"$69,795.00","Jul 10, 2008",550,,,,,,,,,,
A29 - Silverstone Metallic II,,NCSW - Black Novillo Leather,2008,WBSVA93548E216181,,E216181,"MSRP.2,ZCW,ZPP.1,ZTP,2MK,2MT.1,302,403,417,507,6FL,655,752",,"$73,045.00","Jul 10, 2008",550,,,,,,,,,,
A29 - Silverstone Metallic II,,NCSW - Black Novillo Leather,2008,WBSVA93568E216182,,E216182,"MSRP.2,ZCW,ZPP.1,ZTP,2MK,417,507,863",,"$67,500.00","Jul 10, 2008",550,,,,,,,,,,
300 - Alpine White,,NDH3 - Beige Novillo Extended Leather,2008,WBSVA93588E216183,,E216183,"MSRP.2,ZCW,ZPP.3,ZTP,2MK,507,6FL,653,752,863",,"$70,125.00",07-10-2008,1100,,,,,,,,,,
A73 - Jerez Black Metallic,,NDSW - Black Extended Novillo Leather,2008,WBSVA935X8E216184,,E216184,"MSRP.2,ZCW,ZPP.1,ZTP,2MK,2MT.1,417,507,6FL,653,655,752",,"$73,045.00","Jul 11, 2008",550/1100,,BMW MINI of Shawnee Mission,,,,,,,,
A73 - Jerez Black Metallic,,NDSW - Black Extended Novillo Leather,2008,WBSVA93518E216185,,E216185,"MSRP.2,ZCW,ZPP.3,ZTP,2MK,2MT.1,403,6FL,655,752",,"$72,820.00","Jul 11, 2008",550/1100,SALVAGE,Concours BMW,,,,,,,,
668 - Jet Black,,NCSW - Black Novillo Leather,2008,WBSVA93538E216186,,E216186,"MSRP.2,ZCW,ZPP.3,ZTP,2MK,2MT.1,403,507,6FL,653,655",,"$69,970.00","Jul 12, 2008",,,,,,,,,,,
A29 - Silverstone Metallic II,,NDH1 - Silver Novillo Extended Leather,2008,WBSVA93558E216187,,E216187,"MSRP.2,ZCW,ZPP.3,ZTP,2MK,2MT.1,403,417,507,6FL,653,655,752",,"$74,095.00","Jul 12, 2008",550/1100,,,,,,,,,,
668 - Jet Black,,NCSW - Black Novillo Leather,2008,WBSVA93578E216188,,E216188,"MSRP.2,ZPP.3,ZTP,2MK,2MT.1,403,507,6FL,655,752",,"$70,520.00","Jul 14, 2008",,,Capital Volkswagen Volvo Audi,,,,,,,,
668 - Jet Black,,NCH2 - Fox Red Novillo Leather,2008,WBSVA93598E216189,,E216189,"MSRP.2,ZTP,2MK,403,6FL,653,655,771",,"$66,470.00",07-14-2008,$950.00,,,,,,,,,,
A29 - Silverstone Metallic II,,NCH1 - Silver Novillo Leather,2008,WBSVA93558E216190,,E216190,"MSRP.2,ZCW,ZPP.1,ZTP,403,6FL,752",,"$67,025.00","Jul 14, 2008",$550.00,,Competition BMW,,,,,,,,
300 - Alpine White,,NCSW - Black Novillo Leather,2008,WBSVA93578E216191,,E216191,"MSRP.2,ZCW,ZPP.3,ZTP,2MK,2MT.1,403,507,6FL,653,655",,"$69,970.00","Jul 14, 2008",,STOLEN,Valencia BMW,,,,,,,,
A29 - Silverstone Metallic II,,NCSW - Black Novillo Leather,2008,WBSVA93598E216192,,E216192,"MSRP.2,ZCW,ZPP.1,ZTP,2MK,403,507,6FL,653,752",,"$70,625.00","Jul 14, 2008",$550.00,,Medford Nissan,,,,,,,,
668 - Jet Black,,NDH2 - Fox Red Extended Leather,2008,WBSVA93508E216193,,E216193,"MSRP.2,ZCW,ZPP.3,ZTP,2MK,2MT.1,403,417,507,6FL,653,655,752",,"$73,545.00","Jul 14, 2008","$1,100.00",,Braman Cadillac,,,,,,,,
300 - Alpine White,,NCSW - Black Novillo Leather,2008,WBSVA93528E216194,,E216194,"MSRP.2,ZPP.3,2MK,223,465",,"$63,250.00","Jul 15, 2008",,,BMW of Carlsbad,,,,,,,,
A73 - Jerez Black Metallic,,NCH2 - Fox Red Novillo Leather,2008,WBSVA93548E216195,,E216195,"MSRP.2,ZCW,ZPP.1,ZTP,2MK,2MT.1,403,417,507,6FL,655,752",,"$72,645.00","Jul 15, 2008",$550.00,,Patrick BMW and MINI,,,,,,,,
300 - Alpine White,,NCH3 - Beige Novillo Leather,2008,WBSVA93568E216196,,E216196,"MSRP.2,ZPP.3,ZTP,2MK,2MT.1,403,417,494,507,6FL,752",,"$71,000.00","Jul 15, 2008",,,Fields BMW of Daytona,,,,,,,,
668 - Jet Black,,NDSW - Black Extended Novillo Leather,2008,WBSVA93588E216197,,E216197,"MSRP.2,ZPP.2,ZTP,2MK,2MT.1,403,494,6FL,655,752",,"$71,770.00","Jul 15, 2008","$1,100.00",,Nalley BMW,,,,,,,,
668 - Jet Black,,NCH1 - Silver Novillo Leather,2008,WBSVA935X8E216198,,E216198,"MSRP.2,ZCW,ZPP.3,ZTP,2MK,403,417,6FL,655,752",,"$70,545.00","Jul 15, 2008",,SALVAGE,BMW Of The Main Line,,,,,,,,
668 - Jet Black,,NCSW - Black Novillo Leather,2008,WBSVA93518E216199,,E216199,"MSRP.2,ZCW,ZPP.3,ZTP,2MK,2MT.1,403,507,6FL,653,655",,"$69,970.00",07-15-2008,,,Sterling BMW,,,,,,,,
A29 - Silverstone Metallic II,,GEAT - Anthracite/Black Cloth & Leather,2008,WBSVA93548E216200,,E216200,"MSRP.2,ZTP,417,507,771",,"$61,700.00","Jul 15, 2008",$550.00,,,,,,,,,,
668 - Jet Black,,NCSW - Black Novillo Leather,2008,WBSVA93568E216201,,E216201,"MSRP.2,ZCW,ZPP.3,2MK,403,6FL",,"$64,225.00","Jul 15, 2008",,,Concours BMW,,,,,,,,
A22 - Sparkling Graphite Metallic ,,NDH1 - Silver Novillo Extended Leather,2008,WBSVA93588E216202,,E216202,"MSRP.2,ZCW,ZPP.3,ZTP,2MK,2MT.1,403,417,507,6FL,653,655,752",,"$74,095.00","Jul 16, 2008",550/1100,,,,,,,,,,
A22 - Sparkling Graphite Metallic ,,NCSW - Black Novillo Leather,2008,WBSVA935X8E216203,,E216203,"MSRP.2,ZCW,ZPP.3,2MT.1,302,322,403",,"$63,075.00","Jul 16, 2008",$550.00,,CAN,,,,,,,,
A22 - Sparkling Graphite Metallic ,,NCH3 - Beige Novillo Leather,2008,WBSVA93518E216204,,E216204,"MSRP.2,ZPP.3,ZTP,2MK,494,653,752",,"$68,325.00","Jul 16, 2008",$550.00,,,,,,,,,,
300 - Alpine White,,NCH2 - Fox Red Novillo Leather,2008,WBSVA93538E216205,,E216205,"MSRP.2,ZCW,ZPP.1,2MT.1,403,655",,"$62,720.00","Jul 16, 2008",,MILEAGE INCONSISENCY,Wagner BMW Of Shrewsbury,,,,,,,,
300 - Alpine White,,NDH3 - Beige Novillo Extended Leather,2008,WBSVA93558E216206,,E216206,"MSRP.2,ZCW,ZPP.3,ZTP,2MK,2MT.1,403,417,507,6FL,653,655,752",,"$73,545.00",7-16-2008,"$1,100.00",,,,,,,,,,
A22 - Sparkling Graphite Metallic ,,NCSW - Black Novillo Leather,2008,WBSVA93578E216207,,E216207,"MSRP.2,ZPP.1,2MK,403,609,6FL,655,752",,"$68,370.00","Jul 16, 2008",$550.00,,,,,,,,,,
A22 - Sparkling Graphite Metallic ,,NCH1 - Silver Novillo Leather,2008,WBSVA93598E216208,,E216208,"MSRP.2,ZPP.1,ZTP,2MK,2MT.1,403,417,465,494,507,6FL,653,655,752",,"$72,970.00","Jul 16, 2008",$550.00,,,,,,,,,,
A22 - Sparkling Graphite Metallic ,,NDH2 - Fox Red Extended Leather,2008,WBSVA93508E216209,,E216209,"MSRP.2,ZCW,ZTP,403,4MY,507,655,752",,"$68,170.00","Jul 16, 2008",550/2000,SALVAGE,Pace BMW,,,,,,,,
A22 - Sparkling Graphite Metallic ,,NCSW - Black Novillo Leather,2008,WBSVA93578E216210,,E216210,"MSRP.2,ZCW,ZTP,2MK,403,639,6FL,771",,"$67,825.00","Jul 16, 2008",550/950,,,,,,,,,,
300 - Alpine White,,NCH3 - Beige Novillo Leather,2008,WBSVA93598E216211,,E216211,"MSRP.2,ZPP.3,ZTP,2MK,2MT.1,403,465,507,6FL,655,752",,"$70,995.00","Jul 17, 2008",,,Fields BMW of Daytona,,,,,,,,
300 - Alpine White,,NDSW - Black Extended Novillo Leather,2008,WBSVA93508E216212,,E216212,"MSRP.2,ZCW,ZPP.3,ZTP,2MK,2MT.1,403,6FL",,"$69,775.00","Jul 17, 2008","$1,100.00",,Zeigler BMW of Kalamazoo,,,,,,,,
A30 - Interlagos Blue Metallic,,NCH3 - Beige Novillo Leather,2008,WBSVA93528E216213,,E216213,"MSRP.2,ZPP.3,ZTP,2MK,2MT.1,403,465,655",,"$68,895.00","Jul 17, 2008",$550.00,,,,,,,,,,
A30 - Interlagos Blue Metallic,,NCH1 - Silver Novillo Leather,2008,WBSVA93548E216214,,E216214,"MSRP.2,ZCW,ZPP.3,ZTP,2MK,2MT.1,403,6FL",,"$69,225.00","Jul 18, 2008",$550.00,,Grand Blanc Motorcars Ltd,,,,,,,,
A73 - Jerez Black Metallic,,NCSW - Black Novillo Leather,2008,WBSVA93568E216215,,E216215,"MSRP.2,ZCW,ZPP.3,ZTP,403,507,6FL,655,752",,"$67,970.00",7-17-2008,$550.00,,BMW of Rochester,,,,,,,,
A22 - Sparkling Graphite Metallic ,,NCH3 - Beige Novillo Leather,2008,WBSVA93588E216216,,E216216,"MSRP.2,2MK,403,417,465,639,6FL,655,771",,"$65,220.00","Jul 17, 2008",550/950,,Melbourne BMW,,,,,,,,
300 - Alpine White,,NCH2 - Fox Red Novillo Leather,2008,WBSVA935X8E216217,,E216217,"MSRP.2,ZPP.1,507,655",,"$59,820.00","Jul 18, 2008",,SALVAGE,Westchester BMW MINI,,,,,,,,
300 - Alpine White,,NCSW - Black Novillo Leather,2008,WBSVA93518E216218,,E216218,"MSRP.2,ZCW,ZPP.3,ZTP,6FL,655,752",,"$66,020.00",7-18-2008,,,JMK BMW & Saab,,,,,,,,
300 - Alpine White,,GEAT - Anthracite/Black Cloth & Leather,2008,WBSVA93538E216219,,E216219,"MSRP.2,ZCW,ZPP.3,ZTP,6FL,653,752",,"$65,775.00",7-18-2008,,,Otto's MINI,,,,,,,,
300 - Alpine White,,NCSW - Black Novillo Leather,2008,WBSVA935X8E216220,,E216220,"MSRP.2,ZPP.1,403,655",,"$60,520.00","Jul 18, 2008",,,,,,,,,,,
300 - Alpine White,,NCSW - Black Novillo Leather,2008,WBSVA93518E216221,,E216221,"MSRP.2,ZCW,ZPP.2,ZTP,403,6FL,655,752",,"$67,070.00","Jul 18, 2008",,,Otto's MINI,,,,,,,,
A22 - Sparkling Graphite Metallic ,,NDSW - Black Extended Novillo Leather,2008,WBSVA93538E216222,,E216222,"MSRP.2,ZCW,ZPP.3,2MK,2MT.1,223,609,6FL,653,655,752",,"$71,970.00","Jul 18, 2008",550/1100,,McKenna BMW,,,,,,,,
668 - Jet Black,,NCH2 - Fox Red Novillo Leather,2008,WBSVA93558E216223,,E216223,"MSRP.2,ZCW,ZPP.2,ZTP,403,752",,"$66,075.00","Jul 18, 2008",,,VOB BMW,,,,,,,,
300 - Alpine White,,NCSW - Black Novillo Leather,2008,WBSVA93578E216224,,E216224,"MSRP.2,ZPP.3,6FL,655",,"$59,870.00","Jul 19, 2008",,SLAVAGE,Jackie Cooper BMW/BMW of Houston,,,,,,,,
300 - Alpine White,,NCH2 - Fox Red Novillo Leather,2008,WBSVA93598E216225,,E216225,"MSRP.2,ZCW,655,771",,"$59,520.00","Jul 21, 2008",950,,,,,,,,,,
300 - Alpine White,,NCH1 - Silver Novillo Leather,2008,WBSVA93508E216226,,E216226,"MSRP.2,ZPP.1,ZTP,2MK,2MT.1,403,417,465,6FL,653,655,752",,"$71,570.00","Jul 19, 2008",,SALVAGE,Braman Cadillac,,,,,,,,
A73 - Jerez Black Metallic,,NCH3 - Beige Novillo Leather,2008,WBSVA93528E216227,,E216227,"MSRP.2,ZPP.2,2MK,2MT.1,223,403,417,6FL",,"$66,550.00","Jul 19, 2008",550,,"Irvine BMW/
Schomp BMW",,,,,,,,
A73 - Jerez Black Metallic,,NCH2 - Fox Red Novillo Leather,2008,WBSVA93548E216228,,E216228,"MSRP.2,ZPP.3,403,417,6FL,655",,"$62,045.00","Jul 21, 2008",550,,Patrick BMW and MINI,,,,,,,,
A30 - Interlagos Blue Metallic,,NCH1 - Silver Novillo Leather,2008,WBSVA93568E216229,,E216229,"MSRP.2,ZPP.3,ZTP,403,655",,"$64,320.00","Jul 21, 2008",550,,BMW of Westlake,,,,,,,,
A73 - Jerez Black Metallic,,NCSW - Black Novillo Leather,2008,WBSVA93528E216230,,E216230,"MSRP.2,ZCW,ZPP.3,ZTP,403,6FL,655,752",,"$67,620.00","Jul 21, 2008",550,,"Westchester BMW MINI/
BMW of Darien",,,,,,,,
A22 - Sparkling Graphite Metallic ,,NDH1 - Silver Novillo Extended Leather,2008,WBSVA93548E216231,,E216231,"MSRP.2,ZCW,ZPP.1,ZTP,2MT.1,403,417,507,6FL,752",,"$70,250.00","Jul 21, 2008",550/1100,,BMW of Mountain View,,,,,,,,
A73 - Jerez Black Metallic,,NCH2 - Fox Red Novillo Leather,2008,WBSVA93568E216232,,E216232,"MSRP.2,ZCW,ZPP.3,ZTP,6FL,655,752",,"$66,570.00","Jul 21, 2008",550,,,,,,,,,,
300 - Alpine White,,NCSW - Black Novillo Leather,2008,WBSVA93588E216233,,E216233,"MSRP.2,ZPP.3,ZTP,6FL,655,752",,"$65,020.00","Jul 22, 2008",,,Richmond BMW,,,,,,,,
300 - Alpine White,,NCSW - Black Novillo Leather,2008,WBSVA935X8E216234,,E216234,"MSRP.2,ZCW,ZPP.3,ZTP,6FL,655,752",,"$66,020.00",7-22-2008,,,BMW of Rochester Hills,,,,,,,,
668 - Jet Black,,NCH2 - Fox Red Novillo Leather,2008,WBSVA93518E216235,,E216235,"MSRP.2,ZPP.3,ZTP,2MK,6FL",,"$65,425.00","Jul 22, 2008",,"TOTAL Newark, NJ and imported to Republic of Georgia",,,,,,,,,
A29 - Silverstone Metallic II,,NCSW - Black Novillo Leather,2008,WBSVA93538E216236,,E216236,"MSRP.2,ZCW,ZPP.2,ZTP,403,6FL,653",,"$65,475.00","Jul 22, 2008",550,,Tulley BMW,,,,,,,,
A22 - Sparkling Graphite Metallic ,,NCH3 - Beige Novillo Leather,2008,WBSVA93558E216237,,E216237,"MSRP.2,2MK,2MT.1,403,507,609,6FL,655,771",,"$67,070.00",7-22-2008,550/950,,BMW of Sterling,,,,,,,,
A29 - Silverstone Metallic II,,NCH2 - Fox Red Novillo Leather,2008,WBSVA93578E216238,,E216238,"MSRP.2,ZPP.1,ZTP,2MK,2MT.1,403,507,6FL,655",,"$69,170.00","Jul 22, 2008",550,,,,,,,,,,
A29 - Silverstone Metallic II,,NCH1 - Silver Novillo Leather,2008,WBSVA93598E216239,,E216239,"MSRP.2,ZPP.1,ZTP,2MK,2MT.1,403,417,465,494,507,6FL,655,752",,"$72,620.00","Jul 22, 2008",550,LEMON,Orr BMW of Shreveport,,,,,,,,
A29 - Silverstone Metallic II,,NDSW - Black Extended Novillo Leather,2008,WBSVA93558E216240,,E216240,"MSRP.2,ZCW,ZPP.3,ZTP,2MK,2MT.1,417,507,6FL,653",,"$70,550.00","Jul 23, 2008",550/1100,,BMW of Minnetonka,,,,,,,,
668 - Jet Black,,NCSW - Black Novillo Leather,2008,WBSVA93578E216241,,E216241,"MSRP.2,ZPP.2,ZTP,2MK,2MT.1,403,465,6FL,653,655,752",,"$70,995.00","Jul 23, 2008",,,BMW of Westlake,,,,,,,,
A75 - Melbourne Red Metallic,,NDH3 - Beige Novillo Extended Leather,2008,WBSVA93598E216242,,E216242,"MSRP.2,ZCW,ZPP.2,ZTP,2MK,2MT.1,403,417,507,6FL,752",,"$73,150.00",7-23-2008,550/1100,,Valencia BMW,,,,,,,,
A30 - Interlagos Blue Metallic,,NDH2 - Fox Red Extended Leather,2008,WBSVA93508E216243,,E216243,"MSRP.2,ZCW,ZPP.3,ZTP,2MK,2MT.1,403,417,507,6FL,653,655,752",,"$74,095.00","Jul 23, 2008",550/1100,,Tulley BMW,,,,,,,,
300 - Alpine White,,NCSW - Black Novillo Leather,2008,WBSVA93528E216244,,E216244,"MSRP.2,ZCW,ZPP.3,ZTP,6FL,655,752",,"$66,020.00","Jul 23, 2008",,,,,,,,,,,
300 - Alpine White,,NCSW - Black Novillo Leather,2008,WBSVA93548E216245,,E216245,"MSRP.2,ZCW,ZPP.3,ZTP,6FL,655,752",,"$66,020.00",7-23-2008,,,Patrick BMW and MINI,,,,,,,,
300 - Alpine White,,NCSW - Black Novillo Leather,2008,WBSVA93568E216246,,E216246,"MSRP.2,ZCW,ZPP.3,ZTP,6FL,655,752",,"$66,020.00","Jul 23, 2008",,,Sam Swope Auto Group LLC,,,,,,,,
300 - Alpine White,,NCSW - Black Novillo Leather,2008,WBSVA93588E216247,,E216247,"MSRP.2,ZCW,ZPP.3,ZTP,6FL,655,752",,"$66,020.00","Jul 23, 2008",,SALVAGE,,,,,,,,,
A73 - Jerez Black Metallic,,NCSW - Black Novillo Leather,2008,WBSVA935X8E216248,,E216248,"MSRP.2,ZPP.3,ZTP,403,6FL,655,752",,"$66,620.00",7-23-2008,550,SALVAGE,BMW of Pembroke Pines,,,,,,,,
A29 - Silverstone Metallic II,,NCH1 - Silver Novillo Leather,2008,WBSVA93518E216249,,E216249,"MSRP.2,ZCW,ZPP.1,ZTP,403,6FL",,"$65,125.00","Jul 24, 2008",550,,BMW of Eugene,,,,,,,,
A29 - Silverstone Metallic II,,NDSW - Black Extended Novillo Leather,2008,WBSVA93588E216250,,E216250,"MSRP.3,ZCW,ZPP.3,ZTP,2MK,2MT.1,403,417,507,6FL,752",,"$72,100.00","Jul 24, 2008",550/1100,,Roadshow BMW,,,,,,,,
A29 - Silverstone Metallic II,,NCH1 - Silver Novillo Leather,2008,WBSVA935X8E216251,,E216251,"MSRP.3,ZPP.3,ZTP,403,6FL,653,655,752",,"$65,920.00","Jul 24, 2008",550,,Orr BMW of Shreveport,,,,,,,,
A29 - Silverstone Metallic II,,NCH2 - Fox Red Novillo Leather,2008,WBSVA93518E216252,,E216252,"MSRP.3,ZPP.3,403,609,6FL,653,655,752",,"$64,770.00","Jul 24, 2008",550,, Momentum BMW,,,,,,,,
A29 - Silverstone Metallic II,,NCH2 - Fox Red Novillo Leather,2008,WBSVA93538E216253,,E216253,"MSRP.3,ZPP.3,403,609,6FL,653,655,752",,"$64,770.00","Jul 24, 2008",550,,BMW of Birmingham,,,,,,,,
A29 - Silverstone Metallic II,,NCH2 - Fox Red Novillo Leather,2008,WBSVA93558E216254,,E216254,"MSRP.3,ZPP.3,403,609,6FL,653,655,752",,"$64,770.00","Jul 24, 2008",550,,Vista Motor Company,,,,,,,,
300 - Alpine White,,NDSW - Black Extended Novillo Leather,2008,WBSVA93578E216255,,E216255,"MSRP.3,ZCW,ZPP.3,ZTP,6FL,655,752",,"$66,070.00","Jul 24, 2008",1100,,Winslow BMW of Colorado,,,,,,,,
300 - Alpine White,,NCH3 - Beige Novillo Leather,2008,WBSVA93598E216256,,E216256,"MSRP.3,ZPP.1,2MK",,"$60,725.00",07-25-2008,,,Melbourne BMW,,,,,,,,
A73 - Jerez Black Metallic,,NCH3 - Beige Novillo Leather,2008,WBSVA93508E216257,,E216257,"MSRP.3,ZPP.1,2MK,2MT.1",,"$62,475.00","Jul 25, 2008",550,,Melbourne BMW,,,,,,,,
A30 - Interlagos Blue Metallic,,NCH3 - Beige Novillo Leather,2008,WBSVA93528E216258,,E216258,"MSRP.3,ZPP.1,2MK,2MT.1",,"$62,475.00","Jul 25, 2008",550,,,,,,,,,,
A29 - Silverstone Metallic II,,NCH1 - Silver Novillo Leather,2008,WBSVA93548E216259,,E216259,"MSRP.3,ZPP.1,ZTP,655,752",,"$64,120.00","Jul 25, 2008",550,,United BMW of Roswell,,,,,,,,
A30 - Interlagos Blue Metallic,,NCH1 - Silver Novillo Leather,2008,WBSVA93508E216260,,E216260,"MSRP.3,ZTP,4MY,655",,"$61,770.00","Jul 25, 2008",550/950,,BMW of Freehold ,,,,,,,,
A30 - Interlagos Blue Metallic,,NCH1 - Silver Novillo Leather,2008,WBSVA93528E216261,,E216261,"MSRP.3,ZTP,4MY,655",,"$61,770.00","Jul 25, 2008",550/950,salvage,Westchester BMW MINI,,,,,,,,
668 - Jet Black,,NCH3 - Beige Novillo Leather,2008,WBSVA93548E216262,,E216262,"MSRP.3,ZCW,ZPP.2,ZTP,2MK,2MT.1,403,6FL,655",,"$68,220.00",07-25-2008,,,Princeton BMW,,,,,,,,
300 - Alpine White,,NCH2 - Fox Red Novillo Leather,2008,WBSVA93568E216263,,E216263,"MSRP.3,ZCW,ZPP.3,ZTP,2MK,2MT.1,403,507",,"$67,575.00","Jul 25, 2008",,,BMW of Freehold ,,,,,,,,
668 - Jet Black,,NCH3 - Beige Novillo Leather,2008,WBSVA93588E216264,,E216264,"MSRP.3,ZCW,ZPP.1,2MK,2MT.1",,"$62,925.00","Jul 25, 2008",,,Herb Chambers BMW,,,,,,,,
A22 - Sparkling Graphite Metallic ,,NCH1 - Silver Novillo Leather,2008,WBSVA935X8E216265,,E216265,"MSRP.3,ZPP.1,2MK,2MT.1,507",,"$62,825.00","Jul 26, 2008",550,,Global Imports  ,,,,,,,,
A29 - Silverstone Metallic II,,NCH1 - Silver Novillo Leather,2008,WBSVA93518E216266,,E216266,"MSRP.3,ZCW,ZPP.1,ZTP,655,752",,"$65,120.00","Jul 26, 2008",550,Military,Bobrink GmbH/Patrick BMW,,,,,,,,
668 - Jet Black,,NDSW - Black Extended Novillo Leather,2008,WBSVA93538E216267,,E216267,"MSRP.3,ZCW,ZPP.1,322,403,417,507,609,6FL,653,655,752",,"$67,245.00","Jul 26, 2008",1100,,Braman BMW/Braman MINI of Miami Rolls-Royce Motor Cars Miami,,,,,,,,
A73 - Jerez Black Metallic,,NCH2 - Fox Red Novillo Leather,2008,WBSVA93558E216268,,E216268,"MSRP.3,ZCW,ZPP.3,ZTP,6FL,655,752",,"$65,520.00","Jul 28, 2008",550,,Autohaus BMW of Maplewood,,,,,,,,
300 - Alpine White,,NCSW - Black Novillo Leather,2008,WBSVA93578E216269,,E216269,"MSRP.3,ZCW,ZPP.3,ZTP,6FL,655,752",,"$64,970.00","Jul 28, 2008",,,BMW of Fairfax ,,,,,,,,
A22 - Sparkling Graphite Metallic ,,NCH2 - Fox Red Novillo Leather,2008,WBSVA93538E216270,,E216270,"MSRP.3,ZCW,ZPP.2,ZTP,2MT.1,403,507,6FL,653,655,752",,"$68,470.00",07-28-2008,550,,BMW Of Salem,,,,,,,,
A29 - Silverstone Metallic II,,NCH1 - Silver Novillo Leather,2008,WBSVA93558E216271,,E216271,"MSRP.3,ZPP.3,2MK,403,465,507,6FL",,"$63,550.00","Jul 28, 2008",550,,BMW of Honolulu,,,,,,,,
668 - Jet Black,,NCH3 - Beige Novillo Leather,2008,WBSVA93578E216272,,E216272,"MSRP.3,ZCW,ZPP.2,ZTP,2MK,2MT.1,403,507,6FL,653,655,752",,"$70,820.00","Jul 29, 2008",,,Competition BMW,,,,,,,,
A29 - Silverstone Metallic II,,NCH1 - Silver Novillo Leather,2008,WBSVA93598E216273,,E216273,"MSRP.3,ZCW,ZPP.1,ZTP,655,752",,"$65,120.00",07-29-2008,550,,BMW of Fairfax ,,,,,,,,
A29 - Silverstone Metallic II,,NDH1 - Silver Novillo Extended Leather,2008,WBSVA93508E216274,,E216274,"MSRP.3,ZPP.2,ZTP,2MT.1,403,417,6FL,752",,"$67,850.00","Jul 29, 2008",550/1100,,,,,,,,,,
A29 - Silverstone Metallic II,,NCH1 - Silver Novillo Leather,2008,WBSVA93528E216275,,E216275,"MSRP.3,ZCW,ZPP.3,ZTP,655,752",,"$65,120.00","Jul 29, 2008",550,,,,,,,,,,
300 - Alpine White,,NCSW - Black Novillo Leather,2008,WBSVA93548E216276,,E216276,"MSRP.3,ZCW,ZPP.3,2MT.1,223,403,507,863",,"$62,425.00","Jul 30, 2008",,,,,,,,,,,
668 - Jet Black,,NCSW - Black Novillo Leather,2008,WBSVA93568E216277,,E216277,"MSRP.3,ZPP.1,ZTP,2MT.1,403,494,507,863",,"$64,175.00",07-30-2008,,,Autohaus Krauth GmbH & Co. KG,,,,,,,,
300 - Alpine White,,NCSW - Black Novillo Leather,2008,WBSVA93588E216278,,E216278,"MSRP.3,ZCW,ZPP.1,ZTP,2MK,2MT.1,403,507,6FL,655",,"$68,570.00",07-30-2008,,,,,,,,,,,
A29 - Silverstone Metallic II,,NCSW - Black Novillo Leather,2008,WBSVA935X8E216279,,E216279,"MSRP.3,ZPP.1,ZTP,2MT.1,403,507,6FL,752,863",,"$66,525.00",07-30-2008,550,,Autohaus Euler Kaiserslautern GmbH,,,,,,,,
A73 - Jerez Black Metallic,,NDH3 - Beige Novillo Extended Leather,2008,WBSVA93568E216280,,E216280,"MSRP.3,ZCW,ZPP.2,ZTP,403,417,507,6FL,653,752",,"$68,350.00","Jul 30, 2008",550/1100,,,,,,,,,,
,,,,,,,,,,,,,,,,,,,,,
,,,,,,,,,,,,,,,,,,,,,
,,PREMIUM PAINT,,,$475.00,,,,,,,,,,,,,,,,
,,MSRP.3,MSRP,,"$53,800.00",,,,,,,,,,,,,,,,
,,MSRP.2,MSRP,,"$54,850.00",,,,,,,,,,,,,,,,
,,MSRP.1,MSRP,,"$55,400.00",,,,,,,,,,,,,,,,
,,MSRP,MSRP,,"$55,900.00",,,,,,,,,,,,,,,,
,,Z9B,INDIVIDUAL PAINT Canada,,"$3,900.00",,,,,,,,,,,,,,,,
,,IND,INDIVIDUAL PAINT,,"$5,000.00",,,,,,,,,,,,,,,,
,,ZCP,Competition Package                                                                                                                          - Dynamic Damper Control,,"$2,500.00",,,,,,,,,,,,,,,,
,,ZCV,"Convenience Package                                                                                                                     - Anti-theft alarm system
- Comfort Access keyless entry
- Park Distance Control (rear)
- Navigation System
- Voice-Command
- iPod & USB adapter
- Real Time Traffic Information",,"$2,900.00",,,,,,,,,,,,,,,,
,,,,,,,,,,,,,,,,,,,,,
,,ZCW,"Cold Weather Package                                                                                                                      - Split fold-down-rear seat
- Heated front seats
- Retractable headlight washers",,"$1,000.00",,,,,,,,,,,,,,,,
,,ZPP,,,"$1,900.00",,,,,,,,,,,,,,,,
,,ZPP,,,"$1,900.00",,,,,,,,,,,,,,,,
,,ZPP.,,,"$1,900.00",,,,,,,,,,,,,,,,
,,ZPP.1,"Premium Package                                                                                                                    - Power-folding auto mirrors
- Universal garage-door opener
- Power front seats
- Carbon Leather interior trim
- Interior mirror with compass
- BMW Assist w/enhanced BT & USB",,"$1,900.00",,,,,,,,,,,,,,,,
,,ZPP.2,,,"$1,900.00",,,,,,,,,,,,,,,,
,,ZPP.3,,,"$1,900.00",,,,,,,,,,,,,,,,
,,ZP2,,,"$2,500.00",,,,,,,,,,,,,,,,
,,ZP2.1,,,"$2,500.00",,,,,,,,,,,,,,,,
,,ZP2.2,,,"$2,500.00",,,,,,,,,,,,,,,,
,,ZP2.3,,,"$2,500.00",,,,,,,,,,,,,,,,
,,ZP2.4,"Premium Package 2                                                                                                                     - Power-folding auto mirrors
- Universal garage-door opener
- Power front seats
- Carbon Leather interior trim
- Interior mirror with compass
- BMW Assist w/enhanced BT & USB",,"$2,500.00",,,,,,,,,,,,,,,,
,,,,,,,,,,,,,,,,,,,,,
,,"ZP3,",,,"$2,500.00",,,,,,,,,,,,,,,,
,,ZP3.1,,,"$2,500.00",,,,,,,,,,,,,,,,
,,ZP3.2,,,"$2,500.00",,,,,,,,,,,,,,,,
,,ZP3.3,,,"$2,500.00",,,,,,,,,,,,,,,,
,,ZP3.4,"Premium Package 3                                                                                                                     - Power-folding auto mirrors
- Universal garage-door opener
- Power front seats
- Carbon Leather interior trim
- Interior mirror with compass
- BMW Assist w/enhanced BT & USB",,"$2,500.00",,,,,,,,,,,,,,,,
,,,,,,,,,,,,,,,,,,,,,
,,ZTP,"Technology Package                                                                                               
- M Drive
- Comfort Access keyless entry
- Navigation system

        ",,"$3,250.00",,,,,,,,,,,,,,,,
,,,,,,,,,,,,,,,,,,,,,
,,223,Dynamic Damper Control,,"$1,000.00",,,,,,,,,,,,,,,,
,,2MK,M Double-Clutch Transmission,,"$2,900.00",,,,,,,,,,,,,,,,
,,2MT.1,"19"" Alloy Double-Spoke Wheels ",,"$1,200.00",,,,,,,,,,,,,,,,
,,2MT,"19"" Alloy Double-Spoke Wheels ",,"$1,250.00",,,,,,,,,,,,,,,,
,,4MX,BRUSHED ALUMINUM TRIM,,$500.00,,,,,,,,,,,,,,,,
,,4MY,CARBON LEATHER INTERIOR TRIM,,$500.00,,,,,,,,,,,,,,,,
,,4MZ,WALNUT INTERIOR TRIM,,$500.00,,,,,,,,,,,,,,,,
,,403,Moonroof                                                                                                       ,,"$1,050.00",,,,,,,,,,,,,,,,
,,417,"Power rear sunshade                                                                                     
Manual side/rear power shades
                                               ",,$575.00,,,,,,,,,,,,,,,,
,,465,Split-Fold Down Rear Seat                                                                           ,,$475.00,,,,,,,,,,,,,,,,
,,494,Heated Front Seats                                                                                      ,,$500.00,,,,,,,,,,,,,,,,
,,302,Alarm System ,,$400.00,,,,,,,,,,,,,,,,
,,320,Model Desingation - Deletion,,$0.00,,,,,,,,,,,,,,,,
,,507,Rear Park Distance Control ,,$350.00,,,,,,,,,,,,,,,,
,,5AC,Automatic High Beams ,,$250.00,,,,,,,,,,,,,,,,
,,609,Navigation System ,,"$2,100.00",,,,,,,,,,,,,,,,
,,6FL,iPod & USB Adapter ,,$400.00,,,,,,,,,,,,,,,,
,,639,BMW Assist w. Bluetooth ,,$750.00,,,,,,,,,,,,,,,,
,,,,,,,,,,,,,,,,,,,,,
,,6NF,Smartphone Integration,,$150.00,,,,,,,,,,,,,,,,
,,653,HD Radio,,$350.00,,,,,,,,,,,,,,,,
,,655, Satellite Radio ,,$595.00,,,,,,,,,,,,,,,,
,,6NR,BMW Apps ,,$250.00,,,,,,,,,,,,,,,,
,,752,Enhanced Premium Sound ,,"$1,900.00",,,,,,,,,,,,,,,,
,,771,TITANIUM SHADOW TRIM,,$0.00,,,,,,,,,,,,,,,,
,,863,EURO DELIVERY,,,,,,,,,,,,,,,,,,
,,XE2,"Ind.fine Wood Trim Maple Wood,anthr",,"$1,080.00",,,,,,,,,,,,,,,,
,,XE3,Ind.Ind.fine Wood Eukalyptus,,"$1,080.00",,,,,,,,,,,,,,,,
,,XE8,Ind.Black Piano Trim,,"$1,080.00",,,,,,,,,,,,,,,,
,,,,,,,,,,,,,,,,,,,,,
,,,M Performance Parts,,,,,,,,,,,,,,,,,,
,,Z04 ,Aluminum Pedals ,,$210.00,,,,,,,,,,,,,,,,
,,Z06, Black Kidney Grilles ,,$162.00,,,,,,,,,,,,,,,,
,,Z10,M Performance Exhaust ,,"$4,067.00",,,,,,,,,,,,,,,,
,,Z12 ,Alcanata Performance Steering Wheel,,$885.00,,,,,,,,,,,,,,,,
,,Z17 ,Carbon Fiber Front Splitters,,$911.00,,,,,,,,,,,,,,,,
,,Z21 ,Carbon Fiber Mirror Caps,,$712.00,,,,,,,,,,,,,,,,
,,Z22,Carbon Fiber Spoiler,,$622.00,,,,,,,,,,,,,,,,
,,Z62 ,Wheel Locks,,,,,,,,,,,,,,,,,,
,,,,,,,,,,,,,,,,,,,,,
,,DESTINATION CHARGE,,,$775.00,,,,,,,,,,,,,,,,
,,DESTINATION CHARGE,,,$825.00,,,,,,,,,,,,,,,,