EXTERIOR,,INTERIOR,YEAR,VIN,,,Package Codes,PACKAGES,MSRP,PROD.,,,DEALER NAME,Port,Carrier,VPC,Details,V-Spec,Sticker,Invoice,VIN fill done Sun Aug 10 2025 11:35:08 GMT-0500 (Central Daylight Time)
,,,,,,,,,,,,,,,,,,,,,
A73 - Jerez Black Metallic,,NCSW - Black Novillo Leather,2009,WBSWD93539PY43150,,PY43150,"MSRP,ZPP.1,2MK,494,653",,,08-29-2008,550,,,,,,,,,,
381 - Le Mans Blue Metallic,,NDSW - Black Extended Novillo Leather,2009,WBSWD93559PY43151,,PY43151,"MSRP,ZCW,ZPP.3,ZTP,2MK,2MT.1,6FL,653",,,09-26-2008,550/1100,,,,,,,,,,
300 - Alpine White,,NCSW - Black Novillo Leather,2009,WBSWD93579PY43152,,PY43152,"MSRP,ZCW,ZPP.1,ZTP,2MT.1,507,6FL,653,655,752",,,09-01-2008,,,,,,,,,,,
A52 - Space Gray Metallic,,NCSW - Black Novillo Leather,2009,WBSWD93599PY43153,,PY43153,"MSRP,ZCW,ZPP.1,ZTP,2MK,2MT.1,6FL,653,752",,,09-01-2008,550,,,,,,,,,,
A52 - Space Gray Metallic,,NCH1 - Silver Novillo Leather,2009,WBSWD93509PY43154,,PY43154,"MSRP,ZCW,ZPP.1,ZTP,2MK,2MT.1,507,6FL,653,655,752",,,09-01-2008,550,,,,,,,,,,
A29 - Silverstone Metallic II,,NCH1 - Silver Novillo Leather,2009,WBSWD93529PY43155,,PY43155,"MSRP,771",,,09-01-2008,550/950,,,,,,,,,,
A52 - Space Gray Metallic,,NCH2 - Fox Red Novillo Leather,2009,WBSWD93549PY43156,,PY43156,"MSRP,ZPP.1,ZTP,2MK,6FL,653",,,09-01-2008,550,,,,,,,,,,
668 - Jet Black,,NCSW - Black Novillo Leather,2009,WBSWD93569PY43157,,PY43157,"MSRP,ZPP.3,2MK,2MT.1,403,6FL,655",,,09-01-2008,,,,,,,,,,,
A73 - Jerez Black Metallic,,NCH2 - Fox Red Novillo Leather,2009,WBSWD93589PY43158,,PY43158,"MSRP,ZCW,ZPP.3,2MT.1,403,507",,,09-01-2008,550,,,,,,,,,,
A52 - Space Gray Metallic,,NCSW - Black Novillo Leather,2009,WBSWD935X9PY43159,,PY43159,"MSRP,ZCW,ZPP.3,2MK,2MT.1,403,507,655",,,09-01-2008,550,,,,,,,,,,
300 - Alpine White,,NCSW - Black Novillo Leather,2009,WBSWD93569PY43160,,PY43160,"MSRP,ZCW,ZPP.1,ZTP,2MK,2MT.1,6FL,653,655,752",,,09-01-2008,,,,,,,,,,,
300 - Alpine White,,NCH2 - Fox Red Novillo Leather,2009,WBSWD93589PY43161,,PY43161,"MSRP,507,609,6FL,653,771",,,09-01-2008,950,,,,,,,,,,
300 - Alpine White,,NDSW - Black Extended Novillo Leather,2009,WBSWD935X9PY43162,,PY43162,"MSRP,ZPP.3,ZTP,2MT.1,6FL,653,655,752",,,09-01-2008,1100,,,,,,,,,,
A73 - Jerez Black Metallic,,NCSW - Black Novillo Leather,2009,WBSWD93519PY43163,,PY43163,"MSRP,ZPP.3,ZTP,2MK,2MT.1,507,6FL,653,655,752",,,09-01-2008,550,,,,,,,,,,
A30 - Interlagos Blue Metallic,,NCSW - Black Novillo Leather,2009,WBSWD93539PY43164,,PY43164,"MSRP,ZCW,ZPP.1,ZTP,2MK,6FL,653,752",,,09-01-2008,550,,,,,,,,,,
A30 - Interlagos Blue Metallic,,NCH1 - Silver Novillo Leather,2009,WBSWD93559PY43165,,PY43165,"MSRP,ZPP.1,ZTP,653",,,09-01-2008,550,,,,,,,,,,
668 - Jet Black,,NCSW - Black Novillo Leather,2009,WBSWD93579PY43166,,PY43166,"MSRP,ZPP.3,ZTP,494,6FL,653,655,752",,,09-01-2008,,,,,,,,,,,
A29 - Silverstone Metallic II,,NCSW - Black Novillo Leather,2009,WBSWD93599PY43167,,PY43167,"MSRP,ZTP,2MK,2MT.1,494,4MY,6FL,653",,,09-01-2008,550/950,,,,,,,,,,
A73 - Jerez Black Metallic,,NCSW - Black Novillo Leather,2009,WBSWD93509PY43168,,PY43168,"MSRP,ZCW,ZPP.3,ZTP,2MK,2MT.1,507,6FL,653,655,752",,,09-01-2008,550,,,,,,,,,,
300 - Alpine White,,NCSW - Black Novillo Leather,2009,WBSWD93529PY43169,,PY43169,"MSRP,ZPP.1,ZTP,2MT.1,494,507,653,655,752",,,09-01-2008,,,,,,,,,,,
300 - Alpine White,,NCSW - Black Novillo Leather,2009,WBSWD93599PY43170,,PY43170,"MSRP,ZPP.3,2MK,2MT.1,322,494,507,609,6FL,6NF,653,655",,,09-01-2008,,,,,,,,,,,
A29 - Silverstone Metallic II,,NDSW - Black Extended Novillo Leather,2009,WBSWD93509PY43171,,PY43171,"MSRP,ZPP.3,ZTP,2MK,2MT.1,6FL,653,655,752",,,09-01-2008,550/1100,,,,,,,,,,
300 - Alpine White,,NCH2 - Fox Red Novillo Leather,2009,WBSWD93529PY43172,,PY43172,"MSRP,ZTP,2MT.1,4MX,653",,,09-01-2008,950,,,,,,,,,,
300 - Alpine White,,NCSW - Black Novillo Leather,2009,WBSWD93549PY43173,,PY43173,"MSRP,ZPP.3,ZTP,2MK,6FL,653,655",,,09-01-2008,,,,,,,,,,,
A75 - Melbourne Red Metallic,,NCSW - Black Novillo Leather,2009,WBSWD93569PY43174,,PY43174,"MSRP,ZTP,2MK,2MT.1,4MX,507,653,655,752",,,09-01-2008,550/950,,,,,,,,,,
300 - Alpine White,,NCH3 - Beige Novillo Leather,2009,WBSWD93589PY43175,,PY43175,"MSRP,ZCW,ZPP.3,ZTP,2MK,2MT.1,507,6FL,653,655,752",,,09-02-2008,,,,,,,,,,,
A30 - Interlagos Blue Metallic,,NDH2 - Fox Red Extended Leather,2009,WBSWD935X9PY43176,,PY43176,"MSRP,ZPP.1,ZTP,2MT.1,494,507,6FL,653,752",,,09-02-2008,550/1100,,,,,,,,,,
300 - Alpine White,,NCH2 - Fox Red Novillo Leather,2009,WBSWD93519PY43177,,PY43177,"MSRP,ZTP,2MK,2MT.1,507,639,6FL,653,771",,,09-02-2008,950,,,,,,,,,,
668 - Jet Black,,NCSW - Black Novillo Leather,2009,WBSWD93539PY43178,,PY43178,"MSRP,ZCW,ZPP.1,ZTP,2MK,2MT.1,507,653,655",,,09-02-2008,,,,,,,,,,,
A73 - Jerez Black Metallic,,NCSW - Black Novillo Leather,2009,WBSWD93559PY43179,,PY43179,"MSRP,ZCW,ZPP.3,ZTP,2MT.1,6FL,653,655,752",,,09-02-2008,550,,,,,,,,,,
A29 - Silverstone Metallic II,,NCSW - Black Novillo Leather,2009,WBSWD93519PY43180,,PY43180,"MSRP,ZCW,ZTP,2MT.1,4MY,6FL,653,752",,,09-02-2008,550/950,,,,,,,,,,
A73 - Jerez Black Metallic,,NCSW - Black Novillo Leather,2009,WBSWD93539PY43181,,PY43181,"MSRP,ZPP.3,ZTP,2MK,2MT.1,494,507,6FL,653,655,752",,,09-02-2008,550,,,,,,,,,,
668 - Jet Black,,NDSW - Black Extended Novillo Leather,2009,WBSWD93559PY43182,,PY43182,"MSRP,ZPP.3,ZTP,2MK,2MT.1,494,507,6FL,653,655,752",,,09-02-2008,1100,,,,,,,,,,
A29 - Silverstone Metallic II,,NCH3 - Beige Novillo Leather,2009,WBSWD93579PY43183,,PY43183,"MSRP,ZPP.3,ZTP,2MT.1,507,6FL,653,655,752",,,09-02-2008,550,,,,,,,,,,
300 - Alpine White,,NCSW - Black Novillo Leather,2009,WBSWD93599PY43184,,PY43184,"MSRP,ZPP.3,ZTP,653",,,09-02-2008,,,,,,,,,,,
668 - Jet Black,,NCSW - Black Novillo Leather,2009,WBSWD93509PY43185,,PY43185,"MSRP,ZTP,2MK,2MT.1,4MY,6FL,653,752",,,09-02-2008,950,,,,,,,,,,
668 - Jet Black,,NCH2 - Fox Red Novillo Leather,2009,WBSWD93529PY43186,,PY43186,"MSRP,ZTP,2MT.1,4MY,6FL,653,752",,,09-02-2008,950,,,,,,,,,,
300 - Alpine White,,NCSW - Black Novillo Leather,2009,WBSWD93549PY43187,,PY43187,"MSRP,ZPP.3,ZTP,2MT.1,507,6FL,653",,,09-02-2008,,,,,,,,,,,
A29 - Silverstone Metallic II,,NCSW - Black Novillo Leather,2009,WBSWD93569PY43188,,PY43188,"MSRP,ZPP.3,ZTP,2MK,2MT.1,494,653,655,752",,,09-02-2008,550,,,,,,,,,,
300 - Alpine White,,NCSW - Black Novillo Leather,2009,WBSWD93589PY43189,,PY43189,"MSRP,ZCW,ZPP.3,ZTP,2MK,2MT.1,507,6FL,653,752",,,09-02-2008,,,,,,,,,,,
300 - Alpine White,,NCSW - Black Novillo Leather,2009,WBSWD93549PY43190,,PY43190,"MSRP,ZCW,ZPP.3,ZTP,507,6FL,653,752",,,09-02-2008,,,,,,,,,,,
300 - Alpine White,,NDH2 - Fox Red Extended Leather,2009,WBSWD93569PY43191,,PY43191,"MSRP,ZPP.3,ZTP,6FL,653,655,752",,,09-02-2008,1100,,,,,,,,,,
300 - Alpine White,,NCSW - Black Novillo Leather,2009,WBSWD93589PY43192,,PY43192,"MSRP,ZPP.3,ZTP,2MT.1,494,507,6FL,653,655,752",,,09-02-2008,,,,,,,,,,,
668 - Jet Black,,NDSW - Black Extended Novillo Leather,2009,WBSWD935X9PY43193,,PY43193,"MSRP,ZCW,ZPP.3,ZTP,2MK,2MT.1,6FL,653,655,752",,,09-02-2008,1100,,,,,,,,,,
300 - Alpine White,,NCSW - Black Novillo Leather,2009,WBSWD93519PY43194,,PY43194,"MSRP,ZPP.3,ZTP,2MK,2MT.1,494,507,6FL,653,655,752",,,09-02-2008,,,,,,,,,,,
300 - Alpine White,,NCSW - Black Novillo Leather,2009,WBSWD93539PY43195,,PY43195,"MSRP,ZPP.3,ZTP,2MK,2MT.1,494,507,6FL,653,752,863",,,09-02-2008,,,,,,,,,,,
668 - Jet Black,,NCSW - Black Novillo Leather,2009,WBSWD93559PY43196,,PY43196,"MSRP,ZPP.3,ZTP,2MT.1,494,507,6FL,653,752,863",,,09-02-2008,,,,,,,,,,,
668 - Jet Black,,NCSW - Black Novillo Leather,2009,WBSWD93579PY43197,,PY43197,"MSRP,ZPP.3,ZTP,2MK,415,494,507,6FL,653,655,752",,,09-02-2008,,,,,,,,,,,
381 - Le Mans Blue Metallic,,GEAT - Anthracite/Black Cloth & Leather,2009,WBSWD93599PY43198,,PY43198,"MSRP,4MY",,,09-02-2008,550,,,,,,,,,,
300 - Alpine White,,NCH3 - Beige Novillo Leather,2009,WBSWD93509PY43199,,PY43199,"MSRP,ZPP.3,403,609,6FL,653",,,09-02-2008,,,,,,,,,,,
668 - Jet Black,,NDSW - Black Extended Novillo Leather,2009,WBSWD93539PY43200,,PY43200,"MSRP,223,403,494,609,653,655,771",,,09-02-2008,2000,,,,,,,,,,
300 - Alpine White,,NDSW - Black Extended Novillo Leather,2009,WBSWD93559PY43201,,PY43201,"MSRP,ZCW,ZPP.1,ZTP,2MK,2MT.1,6FL,653,655,752",,,09-02-2008,1100,,,,,,,,,,
300 - Alpine White,,GEAT - Anthracite/Black Cloth & Leather,2009,WBSWD93579PY43202,,PY43202,"MSRP,494,6FL,771",,,09-02-2008,,,,,,,,,,,
668 - Jet Black,,GEAT - Anthracite/Black Cloth & Leather,2009,WBSWD93599PY43203,,PY43203,"MSRP,ZPP.3,2MK,2MT.1,6FL,655",,,09-02-2008,,,,,,,,,,,
300 - Alpine White,,GEAT - Anthracite/Black Cloth & Leather,2009,WBSWD93509PY43204,,PY43204,"MSRP,2MK,2MT.1,771",,,09-02-2008,,,,,,,,,,,
300 - Alpine White,,NDH2 - Fox Red Extended Leather,2009,WBSWD93529PY43205,,PY43205,"MSRP,ZPP.1,ZTP,2MT.1,415,6FL,653,752",,,09-02-2008,1100,,,,,,,,,,
300 - Alpine White,,NDH2 - Fox Red Extended Leather,2009,WBSWD93549PY43206,,PY43206,"MSRP,ZPP.1,ZTP,2MT.1,415,6FL,653,752",,,09-02-2008,1100,,,,,,,,,,
300 - Alpine White,,NDH1 - Silver Novillo Extended Leather,2009,WBSWD93569PY43207,,PY43207,"MSRP,ZPP.3,ZTP,2MK,2MT.1,653,655,752",,,09-02-2008,1100,,,,,,,,,,
A52 - Space Gray Metallic,,NCH1 - Silver Novillo Leather,2009,WBSWD93589PY43208,,PY43208,"MSRP,ZPP.3,2MK,6FL,653",,,09-02-2008,550,,,,,,,,,,
300 - Alpine White,,NCSW - Black Novillo Leather,2009,WBSWD935X9PY43209,,PY43209,"MSRP,ZPP.3,2MT.1,6FL,653,655",,,09-02-2008,,,,,,,,,,,
300 - Alpine White,,NCSW - Black Novillo Leather,2009,WBSWD93569PY43210,,PY43210,"MSRP,2MT.1,223,4MY",,,09-02-2008,950,,,,,,,,,,
668 - Jet Black,,GEAT - Anthracite/Black Cloth & Leather,2009,WBSWD93589PY43211,,PY43211,"MSRP,2MK,2MT.1,771",,,09-02-2008,,,,,,,,,,,
300 - Alpine White,,GEAT - Anthracite/Black Cloth & Leather,2009,WBSWD935X9PY43212,,PY43212,"MSRP,639,6FL,771",,,09-02-2008,,,,,,,,,,,
300 - Alpine White,,NCSW - Black Novillo Leather,2009,WBSWD93519PY43213,,PY43213,"MSRP,ZPP.3,ZTP,2MT.1,415,507,6FL,653,752",,,09-02-2008,,,,,,,,,,,
A52 - Space Gray Metallic,,NCSW - Black Novillo Leather,2009,WBSWD93539PY43214,,PY43214,"MSRP,ZPP.3,2MK,2MT.1,223,494",,,09-02-2008,550,,,,,,,,,,
A52 - Space Gray Metallic,,NDSW - Black Extended Novillo Leather,2009,WBSWD93559PY43215,,PY43215,"MSRP,ZCW,ZPP.1,ZTP,2MK,2MT.1,415,507,6FL,653,655,752",,,09-02-2008,550/1100,,,,,,,,,,
A52 - Space Gray Metallic,,NCH2 - Fox Red Novillo Leather,2009,WBSWD93579PY43216,,PY43216,"MSRP,2MK,2MT.1,223,771",,,09-03-2008,550/950,,,,,,,,,,
668 - Jet Black,,NDH2 - Fox Red Extended Leather,2009,WBSWD93599PY43217,,PY43217,"MSRP,ZPP.2,ZTP,2MT.1,403,6FL,653,752",,,09-03-2008,1100,,,,,,,,,,
A52 - Space Gray Metallic,,NCSW - Black Novillo Leather,2009,WBSWD93509PY43218,,PY43218,"MSRP,ZPP.1,2MK,2MT.1,6FL,655",,,09-03-2008,550,,,,,,,,,,
A52 - Space Gray Metallic,,NCSW - Black Novillo Leather,2009,WBSWD93529PY43219,,PY43219,"MSRP,ZPP.1,ZTP,2MK,2MT.1,415,494,6FL,653,655,752",,,09-03-2008,550,,,,,,,,,,
381 - Le Mans Blue Metallic,,NCH3 - Beige Novillo Leather,2009,WBSWD93599PY43220,,PY43220,"MSRP,ZCW,ZPP.1,ZTP,2MK,2MT.1,6FL,653",,,09-03-2008,550,,,,,,,,,,
A75 - Melbourne Red Metallic,,NCH3 - Beige Novillo Leather,2009,WBSWD93509PY43221,,PY43221,"MSRP,ZPP.2,2MK,2MT.1,223,403,415,494,507,653",,,09-03-2008,550,,,,,,,,,,
A73 - Jerez Black Metallic,,NCSW - Black Novillo Leather,2009,WBSWD93529PY43222,,PY43222,"MSRP,223,771",,,09-03-2008,550/950,,,,,,,,,,
A52 - Space Gray Metallic,,NCH1 - Silver Novillo Leather,2009,WBSWD93549PY43223,,PY43223,"MSRP,ZPP.2,ZTP,2MK,2MT.1,403,415,494,6FL,653,752",,,09-03-2008,550,,,,,,,,,,
A73 - Jerez Black Metallic,,NCH2 - Fox Red Novillo Leather,2009,WBSWD93569PY43224,,PY43224,"MSRP,ZPP.3,ZTP,2MK,2MT.1,415,494,6FL,653,752",,,09-03-2008,550,,,,,,,,,,
A73 - Jerez Black Metallic,,NDH1 - Silver Novillo Extended Leather,2009,WBSWD93589PY43225,,PY43225,"MSRP,ZPP.3,ZTP,2MT.1,507,653,655,752",,,09-03-2008,550/1100,,,,,,,,,,
A30 - Interlagos Blue Metallic,,NDH3 - Beige Novillo Extended Leather,2009,WBSWD935X9PY43226,,PY43226,"MSRP,ZTP,4MX,653",,,09-03-2008,550/2000,,,,,,,,,,
A29 - Silverstone Metallic II,,NDSW - Black Extended Novillo Leather,2009,WBSWD93519PY43227,,PY43227,"MSRP,ZCW,ZPP.3,ZTP,2MK,2MT.1,415,507,6FL,653,655,752",,,09-03-2008,550/1100,,,,,,,,,,
A73 - Jerez Black Metallic,,NCSW - Black Novillo Leather,2009,WBSWD93539PY43228,,PY43228,"MSRP,ZPP.3,ZTP,2MK,2MT.1,415,507,653,655,752",,,09-03-2008,550,,,,,,,,,,
A73 - Jerez Black Metallic,,NCSW - Black Novillo Leather,2009,WBSWD93559PY43229,,PY43229,"MSRP,ZPP.3,ZTP,2MT.1,403,415,494,6FL,653,655,752",,,09-03-2008,550,,,,,,,,,,
A73 - Jerez Black Metallic,,NDH2 - Fox Red Extended Leather,2009,WBSWD93519PY43230,,PY43230,"MSRP,ZTP,2MK,403,4MY,6FL,655,752",,,09-03-2008,550/2000,,,,,,,,,,
A29 - Silverstone Metallic II,,NCH2 - Fox Red Novillo Leather,2009,WBSWD93539PY43231,,PY43231,"MSRP,ZPP.3,ZTP,2MK,2MT.1,403,507,6FL,653,655,752",,,09-03-2008,550,,,,,,,,,,
381 - Le Mans Blue Metallic,,NDH1 - Silver Novillo Extended Leather,2009,WBSWD93559PY43232,,PY43232,"MSRP,ZCW,ZPP.1,ZTP,2MK,403,6FL,653,752",,,09-03-2008,550/1100,,,,,,,,,,
A30 - Interlagos Blue Metallic,,NCH3 - Beige Novillo Leather,2009,WBSWD93579PY43233,,PY43233,"MSRP,ZTP,2MK,2MT.1,403,415,4MY,653,752",,,09-03-2008,550/950,,,,,,,,,,
A29 - Silverstone Metallic II,,NCSW - Black Novillo Leather,2009,WBSWD93599PY43234,,PY43234,"MSRP,ZPP.3,ZTP,2MK,2MT.1,403,415,6FL,653,752",,,09-03-2008,550,,,,,,,,,,
A75 - Melbourne Red Metallic,,NCSW - Black Novillo Leather,2009,WBSWD93509PY43235,,PY43235,"MSRP,ZPP.3,ZTP,2MK,2MT.1,403,494,507,6FL,653,655,752",,,09-03-2008,550,,,,,,,,,,
A73 - Jerez Black Metallic,,NCH2 - Fox Red Novillo Leather,2009,WBSWD93529PY43236,,PY43236,"MSRP,ZCW,ZPP.3,ZTP,2MT.1,403,6FL,653,752",,,09-03-2008,550,,,,,,,,,,
668 - Jet Black,,NCSW - Black Novillo Leather,2009,WBSWD93549PY43237,,PY43237,"MSRP,ZPP.3,ZTP,2MK,2MT.1,415,507,6FL,6NF,653,655,752",,,09-03-2008,,,,,,,,,,,
A29 - Silverstone Metallic II,,NDH1 - Silver Novillo Extended Leather,2009,WBSWD93569PY43238,,PY43238,"MSRP,ZCW,ZPP.3,ZTP,2MK,2MT.1,403,507,6FL,653,655,752",,,09-03-2008,550/1100,,,,,,,,,,
300 - Alpine White,,NCSW - Black Novillo Leather,2009,WBSWD93589PY43239,,PY43239,"MSRP,ZPP.3,ZTP,2MK,2MT.1,403,507,6FL,653,655,752",,,09-03-2008,,,,,,,,,,,
A30 - Interlagos Blue Metallic,,NDH2 - Fox Red Extended Leather,2009,WBSWD93549PY43240,,PY43240,"MSRP,ZPP.3,ZTP,2MK,2MT.1,403,507,653",,,09-03-2008,550/1100,,,,,,,,,,
300 - Alpine White,,NDH2 - Fox Red Extended Leather,2009,WBSWD93569PY43241,,PY43241,"MSRP,ZCW,ZPP.3,ZTP,2MK,507,6FL,653,752",,,09-03-2008,1100,,,,,,,,,,
300 - Alpine White,,NCH2 - Fox Red Novillo Leather,2009,WBSWD93589PY43242,,PY43242,"MSRP,ZCW,ZPP.1,ZTP,2MT.1,415,507,653,655,752",,,09-03-2008,,,,,,,,,,,
300 - Alpine White,,NCSW - Black Novillo Leather,2009,WBSWD935X9PY43243,,PY43243,"MSRP,ZCW,ZPP.3,ZTP,2MK,2MT.1,415,507,6FL,653,655,752",,,09-03-2008,,,,,,,,,,,
A52 - Space Gray Metallic,,NCSW - Black Novillo Leather,2009,WBSWD93519PY43244,,PY43244,"MSRP,ZPP.1,ZTP,2MK,403,507,6FL,653,752",,,09-03-2008,550,,,,,,,,,,
668 - Jet Black,,NDH2 - Fox Red Extended Leather,2009,WBSWD93539PY43245,,PY43245,"MSRP,ZPP.3,ZTP,2MK,2MT.1,403,494,507,6FL,653,655,752",,,09-03-2008,1100,,,,,,,,,,
A29 - Silverstone Metallic II,,NDH2 - Fox Red Extended Leather,2009,WBSWD93559PY43246,,PY43246,"MSRP,ZCW,ZPP.1,2MT.1,403,609,6FL,653",,,09-04-2008,550/1100,,,,,,,,,,
300 - Alpine White,,NCH2 - Fox Red Novillo Leather,2009,WBSWD93579PY43247,,PY43247,"MSRP,ZCW,ZPP.3,ZTP,2MK,2MT.1,415,507,6FL,653,655,752",,,09-04-2008,,,,,,,,,,,
300 - Alpine White,,NCH2 - Fox Red Novillo Leather,2009,WBSWD93599PY43248,,PY43248,"MSRP,ZCW,ZPP.3,ZTP,2MK,403,507,6FL,653,752",,,09-04-2008,,,,,,,,,,,
668 - Jet Black,,NCSW - Black Novillo Leather,2009,WBSWD93509PY43249,,PY43249,"MSRP,ZCW,ZPP.3,ZTP,2MK,2MT.1,403,507,6FL,653,752",,,09-04-2008,,,,,,,,,,,
A52 - Space Gray Metallic,,NCH1 - Silver Novillo Leather,2009,WBSWD93579PY43250,,PY43250,"MSRP,ZTP,4MY,653,655,752",,,"Sep 4, 2008",550/950,,,,,,,,,,
A52 - Space Gray Metallic,,NCSW - Black Novillo Leather,2009,WBSWD93599PY43251,,PY43251,"MSRP,ZPP.3,ZTP,2MK,2MT.1,494,6FL,6NF,653,752",,,"Sep 4, 2008",550,,,,,,,,,,
A52 - Space Gray Metallic,,NDSW - Black Extended Novillo Leather,2009,WBSWD93509PY43252,,PY43252,"MSRP,ZCW,ZPP.1,ZTP,2MK,2MT.1,415,507,6FL,653,655,752,863",,,"Sep 4, 2008",550/1100,,,,,,,,,,
668 - Jet Black,,NCSW - Black Novillo Leather,2009,WBSWD93529PY43253,,PY43253,"MSRP,ZPP.3,ZTP,2MK,2MT.1,494,6FL,6NF,653,655,752",,,"Sep 4, 2008",,,,,,,,,,,
300 - Alpine White,,NCSW - Black Novillo Leather,2009,WBSWD93549PY43254,,PY43254,"MSRP,ZPP.1,ZTP,2MT.1,403,494,6FL,6NF,653",,,"Sep 4, 2008",,,,,,,,,,,
668 - Jet Black,,NCH2 - Fox Red Novillo Leather,2009,WBSWD93569PY43255,,PY43255,"MSRP,ZCW,ZPP.1,ZTP,2MK,2MT.1,403,6FL,653,752",,,"Sep 4, 2008",,,,,,,,,,,
668 - Jet Black,,NCSW - Black Novillo Leather,2009,WBSWD93589PY43256,,PY43256,"MSRP,ZCW,ZPP.3,ZTP,2MK,2MT.1,403,6FL,653,752",,,"Sep 4, 2008",,,,,,,,,,,
668 - Jet Black,,NDSW - Black Extended Novillo Leather,2009,WBSWD935X9PY43257,,PY43257,"MSRP,ZCW,ZPP.1,ZTP,2MT.1,403,415,507,6FL,6NF,653,655,752",,,"Sep 4, 2008",1100,,,,,,,,,,
A29 - Silverstone Metallic II,,NDH2 - Fox Red Extended Leather,2009,WBSWD93519PY43258,,PY43258,"MSRP,ZCW,ZPP.1,ZTP,2MT.1,403,415,507,6FL,653,655,752",,,"Sep 4, 2008",550/1100,,,,,,,,,,
668 - Jet Black,,NCSW - Black Novillo Leather,2009,WBSWD93539PY43259,,PY43259,"MSRP,ZPP.3,ZTP,403,494,6FL,653",,,"Sep 4, 2008",,,,,,,,,,,
A29 - Silverstone Metallic II,,NCSW - Black Novillo Leather,2009,WBSWD935X9PY43260,,PY43260,"MSRP,ZCW,ZPP.3,ZTP,2MK,403,653",,,"Sep 4, 2008",550,,,,,,,,,,
300 - Alpine White,,NCSW - Black Novillo Leather,2009,WBSWD93519PY43261,,PY43261,"MSRP,ZCW,ZPP.1,ZTP,2MK,403,507,6FL,653,655",,,"Sep 4, 2008",,,,,,,,,,,
300 - Alpine White,,NCH2 - Fox Red Novillo Leather,2009,WBSWD93539PY43262,,PY43262,"MSRP,2MT.1,4MY",,,"Sep 4, 2008",950,,,,,,,,,,
300 - Alpine White,,NDSW - Black Extended Novillo Leather,2009,WBSWD93559PY43263,,PY43263,"MSRP,ZCW,ZPP.3,ZTP,2MK,2MT.1,415,507,6FL,653,655,752",,,"Sep 4, 2008",1100,,,,,,,,,,
A29 - Silverstone Metallic II,,NCH1 - Silver Novillo Leather,2009,WBSWD93579PY43264,,PY43264,"MSRP,ZCW,ZPP.3,415,6FL,655",,,"Sep 4, 2008",550,,,,,,,,,,
A29 - Silverstone Metallic II,,NCSW - Black Novillo Leather,2009,WBSWD93599PY43265,,PY43265,"MSRP,ZPP.3,ZTP,2MK,2MT.1,403,494,507,6FL,653,655,752",,,"Sep 4, 2008",550,,,,,,,,,,
A29 - Silverstone Metallic II,,NCSW - Black Novillo Leather,2009,WBSWD93509PY43266,,PY43266,"MSRP,ZPP.1,ZTP,2MT.1,403,6FL,653,752",,,"Sep 5, 2008",550,,,,,,,,,,
A30 - Interlagos Blue Metallic,,NCSW - Black Novillo Leather,2009,WBSWD93529PY43267,,PY43267,"MSRP,ZPP.3,ZTP,2MT.1,403,6FL,653,655,752",,,"Sep 5, 2008",550,,,,,,,,,,
A29 - Silverstone Metallic II,,NDSW - Black Extended Novillo Leather,2009,WBSWD93549PY43268,,PY43268,"MSRP,ZCW,ZPP.3,ZTP,2MK,2MT.1,6FL,6NF,653,655,752",,,"Sep 5, 2008",550/1100,,,,,,,,,,
A29 - Silverstone Metallic II,,NDH1 - Silver Novillo Extended Leather,2009,WBSWD93569PY43269,,PY43269,"MSRP,ZPP.1,ZTP,2MK,2MT.1,415,494,6FL,653,655,752",,,"Sep 5, 2008",550/1100,,,,,,,,,,
A29 - Silverstone Metallic II,,NCSW - Black Novillo Leather,2009,WBSWD93529PY43270,,PY43270,"MSRP,ZCW,ZPP.3,ZTP,2MK,2MT.1,415,6FL,653",,,"Sep 5, 2008",550,,,,,,,,,,
A73 - Jerez Black Metallic,,NCH1 - Silver Novillo Leather,2009,WBSWD93549PY43271,,PY43271,"MSRP,ZPP.1,ZTP,2MT.1,403,6FL,653,655,752",,,"Sep 5, 2008",550,,,,,,,,,,
A75 - Melbourne Red Metallic,,NDSW - Black Extended Novillo Leather,2009,WBSWD93569PY43272,,PY43272,"MSRP,ZCW,ZPP.3,ZTP,2MK,2MT.1,507,6FL,653,655,752",,,"Sep 5, 2008",550/1100,,,,,,,,,,
A29 - Silverstone Metallic II,,NDH1 - Silver Novillo Extended Leather,2009,WBSWD93589PY43273,,PY43273,"MSRP,ZCW,ZPP.3,ZTP,2MK,2MT.1,6FL,653,655,752",,,"Sep 5, 2008",550/1100,,,,,,,,,,
300 - Alpine White,,NDH1 - Silver Novillo Extended Leather,2009,WBSWD935X9PY43274,,PY43274,"MSRP,494,507,609,6FL,655",,,"Sep 5, 2008",2000,,,,,,,,,,
A29 - Silverstone Metallic II,,NCSW - Black Novillo Leather,2009,WBSWD93519PY43275,,PY43275,"MSRP,ZPP.3,ZTP,2MK,2MT.1,494,507,6FL,6NF,653,752",,,"Sep 5, 2008",550,,,,,,,,,,
A73 - Jerez Black Metallic,,NCSW - Black Novillo Leather,2009,WBSWD93539PY43276,,PY43276,"MSRP,ZPP.3,ZTP,2MK,2MT.1,403,494,6FL,653,655,752",,,"Sep 5, 2008",550,,,,,,,,,,
A73 - Jerez Black Metallic,,NCSW - Black Novillo Leather,2009,WBSWD93559PY43277,,PY43277,"MSRP,403,4MZ,507,609,6FL,653",,,"Sep 5, 2008",550/950,,,,,,,,,,
A73 - Jerez Black Metallic,,NDH3 - Beige Novillo Extended Leather,2009,WBSWD93579PY43278,,PY43278,"MSRP,ZCW,ZPP.3,ZTP,2MK,2MT.1,415,6FL,653,655,752",,,"Sep 5, 2008",550/1100,,,,,,,,,,
A73 - Jerez Black Metallic,,NDH2 - Fox Red Extended Leather,2009,WBSWD93599PY43279,,PY43279,"MSRP,ZCW,ZPP.3,ZTP,507,6FL,6NF,653,655,752",,,"Sep 5, 2008",550/1100,,,,,,,,,,
A30 - Interlagos Blue Metallic,,NDH1 - Silver Novillo Extended Leather,2009,WBSWD93559PY43280,,PY43280,"MSRP,ZCW,ZPP.2,ZTP,2MK,2MT.1,415,507,6FL,653,655,752",,,"Sep 5, 2008",550/1100,,,,,,,,,,
A75 - Melbourne Red Metallic,,NCSW - Black Novillo Leather,2009,WBSWD93579PY43281,,PY43281,"MSRP,ZCW,ZPP.1,ZTP,2MT.1,415,507,6FL,653,655,752",,,"Sep 5, 2008",550,,,,,,,,,,
A75 - Melbourne Red Metallic,,NDH3 - Beige Novillo Extended Leather,2009,WBSWD93599PY43282,,PY43282,"MSRP,ZCW,ZPP.3,ZTP,2MK,415,507,6FL,6NF,653,655,752",,,"Sep 5, 2008",550/1100,,,,,,,,,,
A73 - Jerez Black Metallic,,NCSW - Black Novillo Leather,2009,WBSWD93509PY43283,,PY43283,"MSRP,ZCW,ZPP.3,ZTP,2MK,2MT.1,415,507,6FL,653,655,752",,,"Sep 5, 2008",550,,,,,,,,,,
A73 - Jerez Black Metallic,,NCH1 - Silver Novillo Leather,2009,WBSWD93529PY43284,,PY43284,"MSRP,ZCW,ZPP.2,ZTP,2MK,2MT.1,415,507,6FL,6NF,653,752,863",,,"Sep 5, 2008",550,,,,,,,,,,
300 - Alpine White,,GEAT - Anthracite/Black Cloth & Leather,2009,WBSWD93549PY43285,,PY43285,"MSRP,ZPP.3,2MK,2MT.1,223,6FL,655",,,"Sep 5, 2008",,,,,,,,,,,
A52 - Space Gray Metallic,,NCSW - Black Novillo Leather,2009,WBSWD93569PY43286,,PY43286,"MSRP,2MK,494,639,771",,,"Sep 5, 2008",550/950,,,,,,,,,,
300 - Alpine White,,NCSW - Black Novillo Leather,2009,WBSWD93589PY43287,,PY43287,"MSRP,ZCW,ZPP.1,2MT.1,6FL",,,"Sep 5, 2008",,,,,,,,,,,
300 - Alpine White,,GEAT - Anthracite/Black Cloth & Leather,2009,WBSWD935X9PY43288,,PY43288,"MSRP,2MK,223,771",,,"Sep 5, 2008",,,,,,,,,,,
381 - Le Mans Blue Metallic,,NCSW - Black Novillo Leather,2009,WBSWD93519PY43289,,PY43289,"MSRP,ZPP.3,2MK,2MT.1,494,6FL",,,"Sep 6, 2008",550,,,,,,,,,,
668 - Jet Black,,NCSW - Black Novillo Leather,2009,WBSWD93589PY43290,,PY43290,"MSRP,ZCW,2MT.1,223,6FL,771",,,"Sep 6, 2008",950,,,,,,,,,,
A75 - Melbourne Red Metallic,,NCSW - Black Novillo Leather,2009,WBSWD935X9PY43291,,PY43291,"MSRP,403,494,4MY,6FL",,,"Sep 6, 2008",550/950,,,,,,,,,,
A75 - Melbourne Red Metallic,,NCH3 - Beige Novillo Leather,2009,WBSWD93519PY43292,,PY43292,"MSRP,ZCW,ZPP.2,ZTP,2MK,2MT.1,403,6FL,653,655,752",,,"Sep 6, 2008",550,,,,,,,,,,
668 - Jet Black,,NCSW - Black Novillo Leather,2009,WBSWD93539PY43293,,PY43293,"MSRP,ZPP.2,2MT.1,494,6FL",,,"Sep 6, 2008",,,,,,,,,,,
A73 - Jerez Black Metallic,,NCSW - Black Novillo Leather,2009,WBSWD93559PY43294,,PY43294,"MSRP,ZCW,ZPP.3,ZTP,2MK,2MT.1,403,6FL,653,655,752",,,"Sep 6, 2008",550,,,,,,,,,,
A73 - Jerez Black Metallic,,GEAT - Anthracite/Black Cloth & Leather,2009,WBSWD93579PY43295,,PY43295,"MSRP,2MT.1,639,6FL,771",,,"Sep 6, 2008",550,,,,,,,,,,
A73 - Jerez Black Metallic,,NCSW - Black Novillo Leather,2009,WBSWD93599PY43296,,PY43296,"MSRP,ZCW,ZPP.3,ZTP,2MK,2MT.1,403,6FL,653,752",,,"Sep 6, 2008",550,,,,,,,,,,
A29 - Silverstone Metallic II,,NCSW - Black Novillo Leather,2009,WBSWD93509PY43297,,PY43297,"MSRP,ZCW,ZPP.1,ZTP,2MK,403,507,6FL,653,752",,,"Sep 6, 2008",550,,,,,,,,,,
A29 - Silverstone Metallic II,,NCH1 - Silver Novillo Leather,2009,WBSWD93529PY43298,,PY43298,"MSRP,ZCW,ZPP.1,2MT.1,403,507,609,6FL,653,752",,,"Sep 6, 2008",550,,,,,,,,,,
A30 - Interlagos Blue Metallic,,NCH1 - Silver Novillo Leather,2009,WBSWD93549PY43299,,PY43299,"MSRP,ZCW,ZPP.1,ZTP,403,507,6FL,653,655,752",,,"Sep 8, 2008",550,,,,,,,,,,
A73 - Jerez Black Metallic,,NDSW - Black Extended Novillo Leather,2009,WBSWD93579PY43300,,PY43300,"MSRP,ZPP.3,ZTP,2MK,2MT.1,403,415,494,6FL,653,655,752",,,"Sep 8, 2008",550/1100,,,,,,,,,,
A29 - Silverstone Metallic II,,NCH1 - Silver Novillo Leather,2009,WBSWD93599PY43301,,PY43301,"MSRP,ZCW,ZPP.3,ZTP,2MK,2MT.1,403,507,6FL,653,655,752",,,"Sep 8, 2008",550,,,,,,,,,,
A73 - Jerez Black Metallic,,NCSW - Black Novillo Leather,2009,WBSWD93509PY43302,,PY43302,"MSRP,ZCW,ZPP.1,ZTP,2MT.1,403,507,6FL,653,655,752",,,"Sep 8, 2008",550,,,,,,,,,,
A29 - Silverstone Metallic II,,NCSW - Black Novillo Leather,2009,WBSWD93529PY43303,,PY43303,"MSRP,ZCW,ZPP.1,ZTP,2MK,2MT.1,403,507,6FL,653,655,752,863",,,"Sep 8, 2008",550,,,,,,,,,,
A73 - Jerez Black Metallic,,NCSW - Black Novillo Leather,2009,WBSWD93549PY43304,,PY43304,"MSRP,ZPP.1,ZTP,2MK,2MT.1,494,6FL,653,655,752",,,"Sep 8, 2008",550,,,,,,,,,,
300 - Alpine White,,NCSW - Black Novillo Leather,2009,WBSWD93569PY43305,,PY43305,"MSRP,ZCW,ZPP.1",,,"Sep 8, 2008",,,,,,,,,,,
A73 - Jerez Black Metallic,,NDSW - Black Extended Novillo Leather,2009,WBSWD93589PY43306,,PY43306,"MSRP,ZPP.3,ZTP,2MK,2MT.1,494,6FL,653,655,752",,,"Sep 8, 2008",550/1100,,,,,,,,,,
A73 - Jerez Black Metallic,,NCSW - Black Novillo Leather,2009,WBSWD935X9PY43307,,PY43307,"MSRP,ZCW,ZPP.3,ZTP,2MK,2MT.1,403,507,6FL,653,655,752",,,"Sep 8, 2008",550,,,,,,,,,,
A73 - Jerez Black Metallic,,NCSW - Black Novillo Leather,2009,WBSWD93519PY43308,,PY43308,"MSRP,ZCW,ZPP.3,ZTP,2MK,2MT.1,403,507,6FL,653,655,752",,,"Sep 8, 2008",550,,,,,,,,,,
A73 - Jerez Black Metallic,,NCH2 - Fox Red Novillo Leather,2009,WBSWD93539PY43309,,PY43309,"MSRP,ZCW,ZPP.3,ZTP,2MK,2MT.1,403,507,6FL,653,655,752",,,"Sep 8, 2008",550,,,,,,,,,,
300 - Alpine White,,NCSW - Black Novillo Leather,2009,WBSWD935X9PY43310,,PY43310,"MSRP,ZCW,ZPP.3,ZTP,2MK,2MT.1,403,415,6FL,653,655,752",,,"Sep 8, 2008",,,,,,,,,,,
A52 - Space Gray Metallic,,NCSW - Black Novillo Leather,2009,WBSWD93519PY43311,,PY43311,"MSRP,ZCW,ZPP.3,ZTP,2MK,2MT.1,403,507,6FL,653,655,752",,,"Sep 8, 2008",550,,,,,,,,,,
668 - Jet Black,,NCSW - Black Novillo Leather,2009,WBSWD93539PY43312,,PY43312,"MSRP,ZPP.3,2MK,2MT.1,403,494,507,609,6FL,653,655,752",,,"Sep 8, 2008",,,,,,,,,,,
A75 - Melbourne Red Metallic,,NDSW - Black Extended Novillo Leather,2009,WBSWD93559PY43313,,PY43313,"MSRP,ZPP.1,ZTP,2MT.1,494,507,6FL,653,752",,,"Sep 8, 2008",550/1100,,,,,,,,,,
A52 - Space Gray Metallic,,NCSW - Black Novillo Leather,2009,WBSWD93579PY43314,,PY43314,"MSRP,ZPP.2,ZTP,2MK,2MT.1,507,6FL,653,655,752",,,"Sep 9, 2008",550,,,,,,,,,,
668 - Jet Black,,NCSW - Black Novillo Leather,2009,WBSWD93599PY43315,,PY43315,"MSRP,ZPP.3,ZTP,2MK,2MT.1,6FL,653,655,752",,,"Sep 9, 2008",,,,,,,,,,,
A52 - Space Gray Metallic,,NCH1 - Silver Novillo Leather,2009,WBSWD93509PY43316,,PY43316,"MSRP,ZPP.1,ZTP,403,653,752",,,"Sep 9, 2008",550,,,,,,,,,,
668 - Jet Black,,NCSW - Black Novillo Leather,2009,WBSWD93529PY43317,,PY43317,"MSRP,ZPP.1,ZTP,2MK,2MT.1,6FL,653,655,752",,,"Sep 9, 2008",,,,,,,,,,,
A52 - Space Gray Metallic,,NCSW - Black Novillo Leather,2009,WBSWD93549PY43318,,PY43318,"MSRP,ZPP.1,ZTP,2MK,494,6FL,653,655,752",,,"Sep 9, 2008",550,,,,,,,,,,
A52 - Space Gray Metallic,,NCSW - Black Novillo Leather,2009,WBSWD93569PY43319,,PY43319,"MSRP,ZCW,ZPP.3,ZTP,2MK,2MT.1,403,507,6FL,653,655",,,"Sep 9, 2008",550,,,,,,,,,,
A52 - Space Gray Metallic,,NDH3 - Beige Novillo Extended Leather,2009,WBSWD93529PY43320,,PY43320,"MSRP,ZPP.2,ZTP,2MK,494,507,653,655,752",,,"Sep 9, 2008",550/1100,,,,,,,,,,
668 - Jet Black,,NDSW - Black Extended Novillo Leather,2009,WBSWD93549PY43321,,PY43321,"MSRP,ZPP.3,ZTP,2MK,494,6FL,653,655,752",,,"Sep 9, 2008",1100,,,,,,,,,,
668 - Jet Black,,NCSW - Black Novillo Leather,2009,WBSWD93569PY43322,,PY43322,"MSRP,ZCW,ZPP.3,ZTP,2MK,2MT.1,403,6FL,653,655,752",,,"Sep 9, 2008",,,,,,,,,,,
668 - Jet Black,,NCSW - Black Novillo Leather,2009,WBSWD93589PY43323,,PY43323,"MSRP,ZCW,ZPP.3,ZTP,2MK,403,507,6FL,653,655,752",,,"Sep 9, 2008",,,,,,,,,,,
A52 - Space Gray Metallic,,NDSW - Black Extended Novillo Leather,2009,WBSWD935X9PY43324,,PY43324,"MSRP,ZPP.3,ZTP,2MT.1,403,6FL,653,655",,,"Sep 9, 2008",550/1100,,,,,,,,,,
A52 - Space Gray Metallic,,NDSW - Black Extended Novillo Leather,2009,WBSWD93519PY43325,,PY43325,"MSRP,ZCW,ZPP.3,ZTP,403,6FL,653",,,"Sep 9, 2008",550/1100,,,,,,,,,,
A52 - Space Gray Metallic,,GEAT - Anthracite/Black Cloth & Leather,2009,WBSWD93539PY43326,,PY43326,"MSRP,ZCW,ZPP.3,ZTP,2MK,403,6FL,653,752",,,"Sep 9, 2008",550,,,,,,,,,,
668 - Jet Black,,NCH3 - Beige Novillo Leather,2009,WBSWD93559PY43327,,PY43327,"MSRP,ZPP.3,ZTP,2MK,2MT.1,403,494,6FL,653,752",,,"Sep 9, 2008",,,,,,,,,,,
A30 - Interlagos Blue Metallic,,NCSW - Black Novillo Leather,2009,WBSWD93579PY43328,,PY43328,"MSRP,ZCW,ZPP.3,ZTP,2MT.1,403,415,507,6FL,653,655",,,"Sep 9, 2008",550,,,,,,,,,,
668 - Jet Black,,NCSW - Black Novillo Leather,2009,WBSWD93599PY43329,,PY43329,"MSRP,ZCW,ZPP.2,ZTP,2MK,403,6FL,653",,,"Sep 9, 2008",,,,,,,,,,,
668 - Jet Black,,NCSW - Black Novillo Leather,2009,WBSWD93559PY43330,,PY43330,"MSRP,ZCW,ZPP.3,ZTP,2MK,2MT.1,6FL,653,655,752",,,"Sep 9, 2008",,,,,,,,,,,
A52 - Space Gray Metallic,,NCSW - Black Novillo Leather,2009,WBSWD93579PY43331,,PY43331,"MSRP,ZCW,ZPP.3,ZTP,2MK,2MT.1,6FL,653,655,752",,,"Sep 9, 2008",550,,,,,,,,,,
668 - Jet Black,,NCSW - Black Novillo Leather,2009,WBSWD93599PY43332,,PY43332,"MSRP,ZCW,ZPP.3,ZTP,2MK,2MT.1,403,6FL,6NF,653",,,"Sep 9, 2008",,,,,,,,,,,
A73 - Jerez Black Metallic,,NCSW - Black Novillo Leather,2009,WBSWD93509PY43333,,PY43333,"MSRP,ZPP.1,ZTP,2MK,2MT.1,6FL,653,752",,,"Sep 9, 2008",550,,,,,,,,,,
668 - Jet Black,,NCSW - Black Novillo Leather,2009,WBSWD93529PY43334,,PY43334,"MSRP,ZTP,2MK,639,6FL,653,771",,,"Sep 9, 2008",950,,,,,,,,,,
A30 - Interlagos Blue Metallic,,NCSW - Black Novillo Leather,2009,WBSWD93549PY43335,,PY43335,"MSRP,ZPP.3,ZTP,2MK,2MT.1,403,494,6FL,6NF,653,655,752",,,"Sep 9, 2008",550,,,,,,,,,,
300 - Alpine White,,NDSW - Black Extended Novillo Leather,2009,WBSWD93569PY43336,,PY43336,"MSRP,ZCW,ZPP.3,ZTP,2MK,2MT.1,415,507,6FL,6NF,653,655,752",,,"Sep 9, 2008",1100,,,,,,,,,,
300 - Alpine White,,NCH2 - Fox Red Novillo Leather,2009,WBSWD93589PY43337,,PY43337,"MSRP,ZPP.3,ZTP,2MK,2MT.1,6FL,6NF,653,655",,,"Sep 9, 2008",,,,,,,,,,,
A73 - Jerez Black Metallic,,NCSW - Black Novillo Leather,2009,WBSWD935X9PY43338,,PY43338,"MSRP,ZPP.3,ZTP,2MK,403,494,507,6FL,6NF,653,655",,,"Sep 9, 2008",550,,,,,,,,,,
381 - Le Mans Blue Metallic,,NCH3 - Beige Novillo Leather,2009,WBSWD93519PY43339,,PY43339,"MSRP,ZCW,ZPP.2,ZTP,2MK,2MT.1,507,6FL,653,752",,,"Sep 9, 2008",550,,,,,,,,,,
300 - Alpine White,,NCSW - Black Novillo Leather,2009,WBSWD93589PY43340,,PY43340,"MSRP,ZCW,ZPP.3,ZTP,2MK,2MT.1,415,507,6FL,653,655,752",,,"Sep 9, 2008",,,,,,,,,,,
381 - Le Mans Blue Metallic,,NCH3 - Beige Novillo Leather,2009,WBSWD935X9PY43341,,PY43341,"MSRP,ZCW,ZPP.3,ZTP,2MK,2MT.1,507,6FL,653,655,752",,,"Sep 9, 2008",550,,,,,,,,,,
381 - Le Mans Blue Metallic,,NCSW - Black Novillo Leather,2009,WBSWD93519PY43342,,PY43342,"MSRP,ZPP.3,ZTP,2MK,2MT.1,494,6FL,653,752",,,"Sep 10, 2008",550,,,,,,,,,,
A29 - Silverstone Metallic II,,NCSW - Black Novillo Leather,2009,WBSWD93539PY43343,,PY43343,"MSRP,ZPP.3,ZTP,2MK,2MT.1,494,653,655,752",,,"Sep 10, 2008",550,,,,,,,,,,
A29 - Silverstone Metallic II,,NCSW - Black Novillo Leather,2009,WBSWD93559PY43344,,PY43344,"MSRP,ZCW,ZPP.3,ZTP,2MK,2MT.1,6FL,653,655,752",,,"Sep 10, 2008",550,,,,,,,,,,
A30 - Interlagos Blue Metallic,,NDH3 - Beige Novillo Extended Leather,2009,WBSWD93579PY43345,,PY43345,"MSRP,ZCW,ZPP.3,ZTP,2MK,2MT.1,6FL,6NF,653,655,752",,,"Sep 10, 2008",550/1100,,,,,,,,,,
300 - Alpine White,,NCH2 - Fox Red Novillo Leather,2009,WBSWD93599PY43346,,PY43346,"MSRP,ZCW,ZPP.3,ZTP,2MK,2MT.1,507,6FL,6NF,653,655,752",,,"Sep 10, 2008",,,,,,,,,,,
A29 - Silverstone Metallic II,,NCSW - Black Novillo Leather,2009,WBSWD93509PY43347,,PY43347,"MSRP,ZPP.1,ZTP,2MK,2MT.1,6FL,6NF,653,752",,,"Sep 10, 2008",550,,,,,,,,,,
300 - Alpine White,,NCSW - Black Novillo Leather,2009,WBSWD93529PY43348,,PY43348,"MSRP,ZPP.3,ZTP,2MK,2MT.1,415,494,507,6FL,653,752",,,"Sep 10, 2008",,,,,,,,,,,
300 - Alpine White,,NCSW - Black Novillo Leather,2009,WBSWD93549PY43349,,PY43349,"MSRP,ZCW,ZPP.3,ZTP,2MK,2MT.1,507,6FL,6NF,653,655,752",,,"Sep 10, 2008",,,,,,,,,,,
A29 - Silverstone Metallic II,,NCSW - Black Novillo Leather,2009,WBSWD93509PY43350,,PY43350,"MSRP,ZCW,ZPP.3,ZTP,2MK,2MT.1,507,6FL,653,752",,,"Sep 10, 2008",550,,,,,,,,,,
300 - Alpine White,,NCSW - Black Novillo Leather,2009,WBSWD93529PY43351,,PY43351,"MSRP,ZPP.1,ZTP,2MK,2MT.1,415,494,507,6FL,6NF,653,752",,,"Sep 10, 2008",,,,,,,,,,,
300 - Alpine White,,NCSW - Black Novillo Leather,2009,WBSWD93549PY43352,,PY43352,"MSRP,ZCW,ZPP.3,ZTP,2MK,507,6FL,653",,,"Sep 10, 2008",,,,,,,,,,,
300 - Alpine White,,NCH2 - Fox Red Novillo Leather,2009,WBSWD93569PY43353,,PY43353,"MSRP,ZPP.3,ZTP,2MK,2MT.1,6FL,6NF,653",,,"Sep 10, 2008",,,,,,,,,,,
668 - Jet Black,,NCSW - Black Novillo Leather,2009,WBSWD93589PY43354,,PY43354,"MSRP,ZPP.1,2MT.1,494,6FL,6NF",,,"Sep 10, 2008",,,,,,,,,,,
300 - Alpine White,,NCSW - Black Novillo Leather,2009,WBSWD935X9PY43355,,PY43355,"MSRP,ZCW,ZPP.3,ZTP,2MK,2MT.1,6FL,653,655,752",,,"Sep 10, 2008",,,,,,,,,,,
300 - Alpine White,,NCSW - Black Novillo Leather,2009,WBSWD93519PY43356,,PY43356,"MSRP,ZPP.1,2MK,2MT.1,322,494,609,6FL,653,752",,,"Sep 10, 2008",,,,,,,,,,,
300 - Alpine White,,NCSW - Black Novillo Leather,2009,WBSWD93539PY43357,,PY43357,"MSRP,ZCW,ZPP.2,ZTP,2MK,2MT.1,6FL,653,655",,,"Sep 10, 2008",,,,,,,,,,,
A52 - Space Gray Metallic,,NDSW - Black Extended Novillo Leather,2009,WBSWD93559PY43358,,PY43358,"MSRP,ZCW,ZPP.3,ZTP,2MK,2MT.1,403,6FL,6NF,653,655,752",,,"Sep 10, 2008",550/1100,,,,,,,,,,
300 - Alpine White,,NCSW - Black Novillo Leather,2009,WBSWD93579PY43359,,PY43359,"MSRP,ZPP.3,ZTP,2MK,494,507,6FL,653,655,752",,,"Sep 10, 2008",,,,,,,,,,,
300 - Alpine White,,NCSW - Black Novillo Leather,2009,WBSWD93539PY43360,,PY43360,"MSRP,ZPP.2,ZTP,2MK,494,6FL,653,655,752",,,"Sep 10, 2008",,,,,,,,,,,
300 - Alpine White,,NCSW - Black Novillo Leather,2009,WBSWD93559PY43361,,PY43361,"MSRP,ZPP.3,ZTP,2MK,2MT.1,494,507,6FL,653,655,752",,,"Sep 10, 2008",,,,,,,,,,,
300 - Alpine White,,NCSW - Black Novillo Leather,2009,WBSWD93579PY43362,,PY43362,"MSRP,ZCW,ZPP.1,ZTP,2MK,507,6FL,653,752",,,"Sep 10, 2008",,,,,,,,,,,
300 - Alpine White,,NCSW - Black Novillo Leather,2009,WBSWD93599PY43363,,PY43363,"MSRP,ZPP.3,ZTP,2MK,2MT.1,494,507,6FL,653",,,"Sep 10, 2008",,,,,,,,,,,
300 - Alpine White,,NCH2 - Fox Red Novillo Leather,2009,WBSWD93509PY43364,,PY43364,"MSRP,ZPP.3,ZTP,2MT.1,494,6FL,653,655,752",,,"Sep 10, 2008",,,,,,,,,,,
A52 - Space Gray Metallic,,NCSW - Black Novillo Leather,2009,WBSWD93529PY43365,,PY43365,"MSRP,ZCW,ZPP.3,ZTP,2MK,2MT.1,6FL,6NF,653,752",,,"Sep 11, 2008",550,,,,,,,,,,
A30 - Interlagos Blue Metallic,,NCSW - Black Novillo Leather,2009,WBSWD93549PY43366,,PY43366,"MSRP,ZCW,ZPP.1,ZTP,2MK,2MT.1,403,415,507,6FL,6NF,653,655,752",,,"Sep 11, 2008",550,,,,,,,,,,
A30 - Interlagos Blue Metallic,,NCH1 - Silver Novillo Leather,2009,WBSWD93569PY43367,,PY43367,"MSRP,ZPP.1,ZTP,2MK,2MT.1,507,6FL,6NF,653,655,752",,,"Sep 11, 2008",550,,,,,,,,,,
A52 - Space Gray Metallic,,NDSW - Black Extended Novillo Leather,2009,WBSWD93589PY43368,,PY43368,"MSRP,ZCW,ZPP.3,ZTP,2MK,2MT.1,507,6FL,6NF,653,655,752",,,"Sep 11, 2008",550/1100,,,,,,,,,,
A52 - Space Gray Metallic,,NCSW - Black Novillo Leather,2009,WBSWD935X9PY43369,,PY43369,"MSRP,ZCW,ZPP.3,ZTP,2MK,6FL,6NF,653,655,752",,,"Sep 11, 2008",550,,,,,,,,,,
A52 - Space Gray Metallic,,NCH1 - Silver Novillo Leather,2009,WBSWD93569PY43370,,PY43370,"MSRP,ZPP.1,ZTP,2MK,2MT.1,507,6FL,6NF,653,752",,,"Sep 11, 2008",550,,,,,,,,,,
300 - Alpine White,,NCSW - Black Novillo Leather,2009,WBSWD93589PY43371,,PY43371,"MSRP,ZPP.3,2MT.1,494,6FL",,,"Sep 11, 2008",,,,,,,,,,,
300 - Alpine White,,NCH3 - Beige Novillo Leather,2009,WBSWD935X9PY43372,,PY43372,"MSRP,ZCW,ZPP.2,ZTP,2MK,2MT.1,403,6FL,653,655",,,"Sep 11, 2008",,,,,,,,,,,
300 - Alpine White,,NCSW - Black Novillo Leather,2009,WBSWD93519PY43373,,PY43373,"MSRP,ZCW,ZPP.3,ZTP,2MK,2MT.1,6FL,653,655,752",,,"Sep 11, 2008",,,,,,,,,,,
300 - Alpine White,,NCSW - Black Novillo Leather,2009,WBSWD93539PY43374,,PY43374,"MSRP,ZCW,ZPP.1,2MK,2MT.1,6FL",,,"Sep 11, 2008",,,,,,,,,,,
300 - Alpine White,,GEAT - Anthracite/Black Cloth & Leather,2009,WBSWD93559PY43375,,PY43375,"MSRP,2MK,2MT.1,639,6FL,771",,,"Sep 11, 2008",,,,,,,,,,,
300 - Alpine White,,NCSW - Black Novillo Leather,2009,WBSWD93579PY43376,,PY43376,"MSRP,ZPP.1,2MK,2MT.1,494,6FL,655",,,"Sep 11, 2008",,,,,,,,,,,
300 - Alpine White,,NCSW - Black Novillo Leather,2009,WBSWD93599PY43377,,PY43377,"MSRP,ZCW,ZPP.3,ZTP,2MK,2MT.1,6FL,653,752",,,"Sep 11, 2008",,,,,,,,,,,
300 - Alpine White,,NCH2 - Fox Red Novillo Leather,2009,WBSWD93509PY43378,,PY43378,"MSRP,ZPP.3,ZTP,2MK,2MT.1,494,6FL,653,752",,,"Sep 11, 2008",,,,,,,,,,,
300 - Alpine White,,NCSW - Black Novillo Leather,2009,WBSWD93529PY43379,,PY43379,"MSRP,ZCW,ZPP.3,ZTP,2MK,2MT.1,6FL,653,655",,,"Sep 12, 2008",,,,,,,,,,,
A52 - Space Gray Metallic,,NCSW - Black Novillo Leather,2009,WBSWD93599PY43380,,PY43380,"MSRP,ZCW,ZPP.3,6FL",,,"Sep 12, 2008",550,,,,,,,,,,
300 - Alpine White,,NCSW - Black Novillo Leather,2009,WBSWD93509PY43381,,PY43381,"MSRP,ZPP.3,ZTP,2MK,2MT.1,507,6FL,653,655,752",,,"Sep 12, 2008",,,,,,,,,,,
300 - Alpine White,,NCSW - Black Novillo Leather,2009,WBSWD93529PY43382,,PY43382,"MSRP,ZCW,ZPP.3,ZTP,2MK,2MT.1,403,6FL,653,655,752",,,"Sep 12, 2008",,,,,,,,,,,
300 - Alpine White,,NCSW - Black Novillo Leather,2009,WBSWD93549PY43383,,PY43383,"MSRP,ZCW,ZPP.1,ZTP,2MK,6FL,653",,,"Sep 12, 2008",,,,,,,,,,,
300 - Alpine White,,NCH2 - Fox Red Novillo Leather,2009,WBSWD93569PY43384,,PY43384,"MSRP,2MK,2MT.1,4MY,6FL,655",,,"Sep 12, 2008",950,,,,,,,,,,
300 - Alpine White,,NCSW - Black Novillo Leather,2009,WBSWD93589PY43385,,PY43385,"MSRP,ZCW,ZPP.3,ZTP,2MK,2MT.1,6FL,653,655,752",,,"Sep 12, 2008",,,,,,,,,,,
300 - Alpine White,,NCSW - Black Novillo Leather,2009,WBSWD935X9PY43386,,PY43386,"MSRP,ZCW,ZPP.3,ZTP,2MK,2MT.1,653",,,"Sep 12, 2008",,,,,,,,,,,
300 - Alpine White,,NCSW - Black Novillo Leather,2009,WBSWD93519PY43387,,PY43387,"MSRP,ZCW,ZPP.3,ZTP,2MK,2MT.1,6FL,653,655,752",,,"Sep 12, 2008",,,,,,,,,,,
A75 - Melbourne Red Metallic,,NDH3 - Beige Novillo Extended Leather,2009,WBSWD93539PY43388,,PY43388,"MSRP,ZPP.3,ZTP,2MK,2MT.1,403,507,6FL,653,655,752",,,"Sep 12, 2008",550/1100,,,,,,,,,,
A52 - Space Gray Metallic,,NCSW - Black Novillo Leather,2009,WBSWD93559PY43389,,PY43389,"MSRP,ZCW,ZPP.3,ZTP,2MK,2MT.1,403,6FL,653,655,752",,,"Sep 12, 2008",550,,,,,,,,,,
300 - Alpine White,,NCSW - Black Novillo Leather,2009,WBSWD93519PY43390,,PY43390,"MSRP,ZCW,ZPP.1,ZTP,2MT.1,403,6FL,653,655",,,"Sep 12, 2008",,,,,,,,,,,
300 - Alpine White,,NCSW - Black Novillo Leather,,WBSWD93539PY43391,,PY43391,"MSRP,ZCW,ZPP.3,ZTP,2MK,2MT.1,302,415,507,6FL,653,655,752",,,"Sep 12, 2008",,,,,,,,,,,
300 - Alpine White,,NCSW - Black Novillo Leather,,WBSWD93559PY43392,,PY43392,"MSRP,ZCW,ZPP.3,2MK,2MT.1,302,322,609,653",,,"Sep 12, 2008",,,,,,,,,,,
300 - Alpine White,,NCSW - Black Novillo Leather,,WBSWD93579PY43393,,PY43393,"MSRP,ZPP.3,ZTP,2MK,2MT.1,403,415,494,507,6FL,653,655,752",,,"Sep 12, 2008",,,,,,,,,,,
300 - Alpine White,,NCSW - Black Novillo Leather,,WBSWD93599PY43394,,PY43394,"MSRP,ZCW,ZPP.3,2MK,2MT.1,302,322,403,507,609,6FL,653,655",,,"Sep 12, 2008",,,,,,,,,,,
A30 - Interlagos Blue Metallic,,NCH1 - Silver Novillo Leather,,WBSWD93509PY43395,,PY43395,"MSRP,ZCW,ZPP.1,ZTP,2MT.1,403,507,6FL,653,655,752",,,"Sep 12, 2008",550,,,,,,,,,,
A75 - Melbourne Red Metallic,,NCH3 - Beige Novillo Leather,,WBSWD93529PY43396,,PY43396,"MSRP,ZPP.2,ZTP,2MK,2MT.1,403,494,6FL,653,655",,,"Sep 12, 2008",550,,,,,,,,,,
381 - Le Mans Blue Metallic,,NCSW - Black Novillo Leather,,WBSWD93549PY43397,,PY43397,"MSRP,2MK,2MT.1,639,6FL,655,771",,,"Sep 12, 2008",550/950,,,,,,,,,,
668 - Jet Black,,NCSW - Black Novillo Leather,,WBSWD93569PY43398,,PY43398,"MSRP,ZPP.3,2MK,2MT.1,403,6FL,655",,,"Sep 12, 2008",,,,,,,,,,,
300 - Alpine White,,NCH3 - Beige Novillo Leather,,WBSWD93589PY43399,,PY43399,"MSRP,ZPP.2,ZTP,2MK,507,6FL,6NF,653,752",,,"Sep 12, 2008",,,,,,,,,,,
A30 - Interlagos Blue Metallic,,NDH1 - Silver Novillo Extended Leather,,WBSWD93509PY43400,,PY43400,"MSRP,ZCW,ZPP.1,ZTP,2MK,2MT.1,403,507,6FL,6NF,653,655,752",,,"Sep 13, 2008",550/1100,,,,,,,,,,
381 - Le Mans Blue Metallic,,NDH3 - Beige Novillo Extended Leather,,WBSWD93529PY43401,,PY43401,"MSRP,ZPP.2,ZTP,2MK,2MT.1,403,494,507,6FL,6NF,653,655,752",,,"Sep 12, 2008",550/1100,,,,,,,,,,
A52 - Space Gray Metallic,,NDSW - Black Extended Novillo Leather,,WBSWD93549PY43402,,PY43402,"MSRP,ZPP.3,ZTP,2MK,2MT.1,403,6FL,653,655",,,"Sep 12, 2008",550/1100,,,,,,,,,,
300 - Alpine White,,NCSW - Black Novillo Leather,,WBSWD93569PY43403,,PY43403,"MSRP,ZPP.3,ZTP,2MK,2MT.1,494,6FL,6NF,653,655,752",,,"Sep 12, 2008",,,,,,,,,,,
300 - Alpine White,,NCSW - Black Novillo Leather,,WBSWD93589PY43404,,PY43404,"MSRP,ZPP.3,ZTP,2MK,2MT.1,415,6FL,6NF,653,655,752",,,"Sep 12, 2008",,,,,,,,,,,
300 - Alpine White,,NCSW - Black Novillo Leather,,WBSWD935X9PY43405,,PY43405,"MSRP,ZPP.3,2MK,2MT.1,494,507,609,6FL,6NF,653,752",,,"Sep 12, 2008",,,,,,,,,,,
A73 - Jerez Black Metallic,,NCSW - Black Novillo Leather,,WBSWD93519PY43406,,PY43406,"MSRP,ZPP.3,ZTP,2MK,2MT.1,403,494,6FL,653,752",,,"Sep 12, 2008",550,,,,,,,,,,
300 - Alpine White,,NCSW - Black Novillo Leather,,WBSWD93539PY43407,,PY43407,"MSRP,ZPP.1,ZTP,2MT.1,6FL,6NF,653,655,752",,,"Sep 13, 2008",,,,,,,,,,,
300 - Alpine White,,NCSW - Black Novillo Leather,,WBSWD93559PY43408,,PY43408,"MSRP,ZPP.3,ZTP,2MK,2MT.1,494,6FL,6NF,653,655,752",,,"Sep 13, 2008",,,,,,,,,,,
300 - Alpine White,,NCSW - Black Novillo Leather,,WBSWD93579PY43409,,PY43409,"MSRP,ZTP,494,507,653,771",,,"Sep 13, 2008",950,,,,,,,,,,
300 - Alpine White,,NDSW - Black Extended Novillo Leather,,WBSWD93539PY43410,,PY43410,"MSRP,ZCW,ZPP.3,ZTP,2MK,2MT.1,507,6FL,653,655,752",,,"Sep 13, 2008",1100,,,,,,,,,,
300 - Alpine White,,NCSW - Black Novillo Leather,,WBSWD93559PY43411,,PY43411,"MSRP,ZCW,ZPP.3,ZTP,2MK,2MT.1,507,6FL,6NF,653,655,752",,,"Sep 13, 2008",,,,,,,,,,,
A73 - Jerez Black Metallic,,NCSW - Black Novillo Leather,,WBSWD93579PY43412,,PY43412,"MSRP,ZPP.3,ZTP,2MK,2MT.1,403,507,6FL,653,655,752",,,"Sep 13, 2008",550,,,,,,,,,,
300 - Alpine White,,NDH3 - Beige Novillo Extended Leather,,WBSWD93599PY43413,,PY43413,"MSRP,ZPP.3,ZTP,2MK,2MT.1,415,507,6FL,6NF,653,752",,,"Sep 13, 2008",1100,,,,,,,,,,
300 - Alpine White,,NCH1 - Silver Novillo Leather,,WBSWD93509PY43414,,PY43414,"MSRP,ZPP.3,ZTP,2MK,2MT.1,415,494,6FL,6NF,653",,,"Sep 13, 2008",,,,,,,,,,,
A29 - Silverstone Metallic II,,NCSW - Black Novillo Leather,,WBSWD93529PY43415,,PY43415,"MSRP,ZCW,ZPP.3,ZTP,2MK,2MT.1,403,6FL,6NF,653,655",,,"Sep 13, 2008",550,,,,,,,,,,
,,NCH2 - Fox Red Novillo Leather,,WBSWD93549PY43416,,PY43416,"MSRP,ZCW,ZPP.3,ZTP,2MK,2MT.1,302,415,507,6FL,655,752",,,"Sep 13, 2008",,,,,,,,,,,
A52 - Space Gray Metallic,,NCSW - Black Novillo Leather,,WBSWD93569PY43417,,PY43417,"MSRP,ZCW,ZPP.3,ZTP,2MK,2MT.1,507,6FL,6NF,653,655,752",,,"Sep 13, 2008",550,,,,,,,,,,
668 - Jet Black,,NCSW - Black Novillo Leather,,WBSWD93589PY43418,,PY43418,"MSRP,ZPP.3,ZTP,2MK,2MT.1,403,494,6FL,653,655,752",,,"Sep 13, 2008",,,,,,,,,,,
668 - Jet Black,,NCH2 - Fox Red Novillo Leather,,WBSWD935X9PY43419,,PY43419,"MSRP,ZCW,ZPP.3,2MT.1,302,322,403,507,609,6FL",,,"Sep 15, 2008",,,,,,,,,,,
A52 - Space Gray Metallic,,NCSW - Black Novillo Leather,,WBSWD93569PY43420,,PY43420,"MSRP,ZPP.1,2MK,2MT.1,223,507,6FL,655",,,"Sep 15, 2008",550,,,,,,,,,,
300 - Alpine White,,NCSW - Black Novillo Leather,,WBSWD93589PY43421,,PY43421,"MSRP,ZCW,ZPP.3,ZTP,2MK,2MT.1,415,507,6FL,6NF,653,655,752",,,"Sep 15, 2008",,,,,,,,,,,
A52 - Space Gray Metallic,,NCSW - Black Novillo Leather,,WBSWD935X9PY43422,,PY43422,"MSRP,ZPP.1,ZTP,403,6FL,653",,,"Sep 15, 2008",550,,,,,,,,,,
300 - Alpine White,,NCSW - Black Novillo Leather,,WBSWD93519PY43423,,PY43423,"MSRP,2MK,4MX",,,"Sep 15, 2008",950,,,,,,,,,,
300 - Alpine White,,NDH2 - Fox Red Extended Leather,,WBSWD93539PY43424,,PY43424,"MSRP,ZCW,ZPP.3,ZTP,2MK,2MT.1,415,507,6FL,6NF,653,655,752",,,"Sep 15, 2008",1100,,,,,,,,,,
300 - Alpine White,,NCSW - Black Novillo Leather,,WBSWD93559PY43425,,PY43425,"MSRP,ZPP.3,ZTP,2MK,2MT.1,403,6FL,653,752",,,"Sep 15, 2008",,,,,,,,,,,
A30 - Interlagos Blue Metallic,,NCH1 - Silver Novillo Leather,,WBSWD93579PY43426,,PY43426,"MSRP,ZCW,ZPP.3,ZTP,2MK,2MT.1,403,507,6FL,653,752",,,"Sep 15, 2008",550,,,,,,,,,,
A52 - Space Gray Metallic,,NCSW - Black Novillo Leather,,WBSWD93599PY43427,,PY43427,"MSRP,ZPP.1,ZTP,2MK,2MT.1,494,507,653,655,752",,,"Sep 15, 2008",550,,,,,,,,,,
668 - Jet Black,,NCSW - Black Novillo Leather,,WBSWD93509PY43428,,PY43428,"MSRP,ZPP.3,ZTP,2MK,2MT.1,403,415,494,507,6FL,653,752",,,"Sep 15, 2008",,,,,,,,,,,
A75 - Melbourne Red Metallic,,NDSW - Black Extended Novillo Leather,,WBSWD93529PY43429,,PY43429,"MSRP,ZPP.3,ZTP,2MK,2MT.1,403,507,6FL,653,655",,,"Sep 15, 2008",550/1100,,,,,,,,,,
300 - Alpine White,,NCH3 - Beige Novillo Leather,,WBSWD93599PY43430,,PY43430,"MSRP,ZCW,ZPP.2,ZTP,2MT.1,653,655",,,"Sep 15, 2008",,,,,,,,,,,
A52 - Space Gray Metallic,,NCSW - Black Novillo Leather,,WBSWD93509PY43431,,PY43431,"MSRP,ZCW,ZPP.3,ZTP,2MK,2MT.1,6FL,6NF,653,752",,,"Sep 15, 2008",550,,,,,,,,,,
A52 - Space Gray Metallic,,NCSW - Black Novillo Leather,,WBSWD93529PY43432,,PY43432,"MSRP,ZPP.2,2MK,2MT.1,322,494,609,6FL,653,655,752",,,"Sep 15, 2008",550,,,,,,,,,,
A52 - Space Gray Metallic,,NCH2 - Fox Red Novillo Leather,,WBSWD93549PY43433,,PY43433,"MSRP,ZCW,ZPP.3,ZTP,2MK,2MT.1,6FL,653,752",,,"Sep 15, 2008",550,,,,,,,,,,
A52 - Space Gray Metallic,,NCH2 - Fox Red Novillo Leather,,WBSWD93569PY43434,,PY43434,"MSRP,ZCW,ZPP.3,ZTP,2MK,2MT.1,6FL,653,655,752",,,"Sep 15, 2008",550,,,,,,,,,,
A52 - Space Gray Metallic,,NCH1 - Silver Novillo Leather,,WBSWD93589PY43435,,PY43435,"MSRP,ZPP.1,ZTP,2MK,2MT.1,6FL,653",,,"Sep 15, 2008",550,,,,,,,,,,
300 - Alpine White,,NCSW - Black Novillo Leather,,WBSWD935X9PY43436,,PY43436,"MSRP,ZPP.3,ZTP,2MK,2MT.1,415,507,6FL,6NF,653,655,752",,,"Sep 15, 2008",,,,,,,,,,,
A52 - Space Gray Metallic,,NCSW - Black Novillo Leather,,WBSWD93519PY43437,,PY43437,"MSRP,ZPP.3,ZTP,2MK,494,6FL,6NF,653,655",,,"Sep 15, 2008",550,,,,,,,,,,
A52 - Space Gray Metallic,,NCH2 - Fox Red Novillo Leather,,WBSWD93539PY43438,,PY43438,"MSRP,ZCW,ZPP.3,ZTP,2MK,2MT.1,302,415,507,6FL,655,752",,,"Sep 16, 2008",550,,,,,,,,,,
A52 - Space Gray Metallic,,NCSW - Black Novillo Leather,,WBSWD93559PY43439,,PY43439,"MSRP,ZCW,ZPP.1,ZTP,2MT.1,302,415,507,6FL,653,655,752",,,"Sep 16, 2008",550,,,,,,,,,,
A29 - Silverstone Metallic II,,NCSW - Black Novillo Leather,,WBSWD93519PY43440,,PY43440,"MSRP,ZCW,ZPP.1,2MK,302,322,403,6FL,655,752",,,"Sep 16, 2008",550,,,,,,,,,,
381 - Le Mans Blue Metallic,,GEAT - Anthracite/Black Cloth & Leather,,WBSWD93539PY43441,,PY43441,"MSRP,ZPP.3,2MK,2MT.1,223,6FL,655",,,"Sep 16, 2008",550,,,,,,,,,,
A73 - Jerez Black Metallic,,NCSW - Black Novillo Leather,,WBSWD93559PY43442,,PY43442,"MSRP,ZPP.3,2MK",,,"Sep 16, 2008",550,,,,,,,,,,
,,NCH3 - Beige Novillo Leather,,WBSWD93579PY43443,,PY43443,MSRP,,,"Sep 16, 2008",950,,,,,,,,,,
A73 - Jerez Black Metallic,,NDSW - Black Extended Novillo Leather,,WBSWD93599PY43444,,PY43444,"MSRP,ZPP.3,ZTP,2MT.1,6FL,653,752",,,"Sep 16, 2008",550/1100,,,,,,,,,,
668 - Jet Black,,NCSW - Black Novillo Leather,,WBSWD93509PY43445,,PY43445,"MSRP,ZCW,ZPP.3,ZTP,2MT.1,403,6FL,653,655",,,"Sep 16, 2008",,,,,,,,,,,
668 - Jet Black,,NCSW - Black Novillo Leather,,WBSWD93529PY43446,,PY43446,"MSRP,ZPP.3,ZTP,2MK,2MT.1,6FL,653,752",,,"Sep 16, 2008",,,,,,,,,,,
668 - Jet Black,,NCSW - Black Novillo Leather,,WBSWD93549PY43447,,PY43447,"MSRP,ZCW,ZPP.3,ZTP,2MK,2MT.1,6FL,653,655,752",,,"Sep 16, 2008",,,,,,,,,,,
A30 - Interlagos Blue Metallic,,NDSW - Black Extended Novillo Leather,,WBSWD93569PY43448,,PY43448,"MSRP,ZPP.3,ZTP,2MK,2MT.1,415,494,6FL,653,655,752",,,"Sep 16, 2008",550/1100,,,,,,,,,,
A29 - Silverstone Metallic II,,NDSW - Black Extended Novillo Leather,,WBSWD93589PY43449,,PY43449,"MSRP,ZCW,ZPP.3,ZTP,2MK,2MT.1,403,6FL,6NF,653,655,752",,,"Sep 16, 2008",550/1100,,,,,,,,,,
668 - Jet Black,,NCSW - Black Novillo Leather,,WBSWD93549PY43450,,PY43450,"MSRP,ZCW,ZPP.1,ZTP,2MK,507,6FL,653",,,"Sep 16, 2008",,,,,,,,,,,
A29 - Silverstone Metallic II,,NDH2 - Fox Red Extended Leather,,WBSWD93569PY43451,,PY43451,"MSRP,ZPP.1,ZTP,2MK,2MT.1,403,494,507,6FL,653,655,752",,,"Sep 16, 2008",550/1100,,,,,,,,,,
A29 - Silverstone Metallic II,,NCH1 - Silver Novillo Leather,,WBSWD93589PY43452,,PY43452,"MSRP,ZCW,ZPP.3,ZTP,2MK,2MT.1,403,507,6FL,653,655,752",,,"Sep 17, 2008",550,,,,,,,,,,
A75 - Melbourne Red Metallic,,NDSW - Black Extended Novillo Leather,,WBSWD935X9PY43453,,PY43453,"MSRP,ZPP.3,ZTP,2MT.1,494,507,6FL,6NF,653,752",,,"Sep 17, 2008",550/1100,,,,,,,,,,
668 - Jet Black,,NCSW - Black Novillo Leather,,WBSWD93519PY43454,,PY43454,"MSRP,ZCW,ZPP.3,ZTP,2MK,2MT.1,507,6FL,653,752",,,"Sep 17, 2008",,,,,,,,,,,
668 - Jet Black,,NCSW - Black Novillo Leather,,WBSWD93539PY43455,,PY43455,"MSRP,ZCW,ZPP.1,ZTP,2MK,2MT.1,403,653,655,752",,,"Sep 17, 2008",,,,,,,,,,,
668 - Jet Black,,NCSW - Black Novillo Leather,,WBSWD93559PY43456,,PY43456,"MSRP,ZCW,ZPP.3,ZTP,2MK,2MT.1,403,415,6FL,653,655,752",,,"Sep 17, 2008",,,,,,,,,,,
668 - Jet Black,,NCH3 - Beige Novillo Leather,,WBSWD93579PY43457,,PY43457,"MSRP,ZCW,ZPP.2,ZTP,2MK,2MT.1,403,507,6FL,653",,,"Sep 17, 2008",,,,,,,,,,,
668 - Jet Black,,NCH2 - Fox Red Novillo Leather,,WBSWD93599PY43458,,PY43458,"MSRP,ZCW,ZPP.3,ZTP,2MT.1,403,415,507,653,655,752",,,"Sep 17, 2008",,,,,,,,,,,
A29 - Silverstone Metallic II,,GEAT - Anthracite/Black Cloth & Leather,,WBSWD93509PY43459,,PY43459,"MSRP,2MK,2MT.1,403,507,771",,,"Sep 17, 2008",550,,,,,,,,,,
A73 - Jerez Black Metallic,,NCSW - Black Novillo Leather,,WBSWD93579PY43460,,PY43460,"MSRP,ZCW,ZPP.1,403,6FL,653",,,"Sep 17, 2008",550,,,,,,,,,,
300 - Alpine White,,NDSW - Black Extended Novillo Leather,,WBSWD93599PY43461,,PY43461,"MSRP,ZCW,ZPP.1,ZTP,2MT.1,403,6FL,6NF,653,655",,,"Sep 17, 2008",1100,,,,,,,,,,
A52 - Space Gray Metallic,,NDSW - Black Extended Novillo Leather,,WBSWD93509PY43462,,PY43462,"MSRP,ZPP.3,ZTP,2MK,2MT.1,403,415,507,6FL,653,655,752",,,"Sep 17, 2008",550/1100,,,,,,,,,,
A30 - Interlagos Blue Metallic,,NCSW - Black Novillo Leather,,WBSWD93529PY43463,,PY43463,"MSRP,ZCW,ZPP.3,ZTP,2MK,507,6FL,653,752",,,"Sep 18, 2008",550,,,,,,,,,,
381 - Le Mans Blue Metallic,,NDSW - Black Extended Novillo Leather,,WBSWD93549PY43464,,PY43464,"MSRP,ZPP.1,ZTP,2MT.1,403,494,653",,,"Sep 18, 2008",550/1100,,,,,,,,,,
A29 - Silverstone Metallic II,,NDH1 - Silver Novillo Extended Leather,,WBSWD93569PY43465,,PY43465,"MSRP,ZPP.1,ZTP,653",,,"Sep 18, 2008",550/1100,,,,,,,,,,
381 - Le Mans Blue Metallic,,NCSW - Black Novillo Leather,,WBSWD93589PY43466,,PY43466,"MSRP,ZPP.3,ZTP,2MK,2MT.1,494,6FL,6NF,653,752",,,"Sep 18, 2008",550,,,,,,,,,,
A29 - Silverstone Metallic II,,NCH1 - Silver Novillo Leather,,WBSWD935X9PY43467,,PY43467,"MSRP,ZPP.3,ZTP,2MT.1,494,507,6FL,6NF,653,752",,,"Sep 18, 2008",550,,,,,,,,,,
A73 - Jerez Black Metallic,,NCSW - Black Novillo Leather,,WBSWD93519PY43468,,PY43468,"MSRP,ZCW,ZPP.3,ZTP,6FL,653,655,752",,,"Sep 18, 2008",550,,,,,,,,,,
A29 - Silverstone Metallic II,,NCH1 - Silver Novillo Leather,,WBSWD93539PY43469,,PY43469,"MSRP,ZCW,ZPP.3,ZTP,2MK,2MT.1,302,415,507,6FL,653,655,752",,,"Sep 19, 2008",550,,,,,,,,,,
A75 - Melbourne Red Metallic,,NCSW - Black Novillo Leather,,WBSWD935X9PY43470,,PY43470,"MSRP,ZCW,ZPP.3,ZTP,2MK,2MT.1,6FL,6NF,653,655,752",,,"Sep 19, 2008",550,,,,,,,,,,
A73 - Jerez Black Metallic,,NCSW - Black Novillo Leather,,WBSWD93519PY43471,,PY43471,"MSRP,ZCW,ZPP.2,ZTP,2MK,2MT.1,6FL,6NF,653,655,752",,,"Sep 19, 2008",550,,,,,,,,,,
300 - Alpine White,,NCH1 - Silver Novillo Leather,,WBSWD93539PY43472,,PY43472,"MSRP,ZPP.2,ZTP,2MK,2MT.1,403,415,507,6FL,653",,,"Sep 19, 2008",,,,,,,,,,,
A29 - Silverstone Metallic II,,NCSW - Black Novillo Leather,,WBSWD93559PY43473,,PY43473,"MSRP,ZCW,ZPP.1,ZTP,2MK,2MT.1,302,415,507,6FL,653,655,752",,,"Sep 19, 2008",550,,,,,,,,,,
A75 - Melbourne Red Metallic,,NCH3 - Beige Novillo Leather,,WBSWD93579PY43474,,PY43474,"MSRP,ZCW,ZPP.3,ZTP,2MK,2MT.1,302,415,507,6FL,653,655,752",,,"Sep 19, 2008",550,,,,,,,,,,
A29 - Silverstone Metallic II,,GEAT - Anthracite/Black Cloth & Leather,,WBSWD93599PY43475,,PY43475,"MSRP,ZCW,ZPP.3,ZTP,2MK,302,507,653",,,"Sep 19, 2008",550,,,,,,,,,,
300 - Alpine White,,GEAT - Anthracite/Black Cloth & Leather,,WBSWD93509PY43476,,PY43476,"MSRP,6FL,771",,,"Sep 19, 2008",,,,,,,,,,,
300 - Alpine White,,NCSW - Black Novillo Leather,,WBSWD93529PY43477,,PY43477,"MSRP,ZCW,ZPP.3,ZTP,2MK,2MT.1,415,507,6FL,6NF,653,655,752",,,"Sep 19, 2008",,,,,,,,,,,
A52 - Space Gray Metallic,,NCSW - Black Novillo Leather,,WBSWD93549PY43478,,PY43478,"MSRP,ZPP.3,2MK,2MT.1,494,6FL",,,"Sep 19, 2008",550,,,,,,,,,,
A52 - Space Gray Metallic,,NCSW - Black Novillo Leather,,WBSWD93569PY43479,,PY43479,"MSRP,ZCW,ZPP.1,223,507,6FL,653,655",,,"Sep 19, 2008",550,,,,,,,,,,
300 - Alpine White,,NCSW - Black Novillo Leather,,WBSWD93529PY43480,,PY43480,"MSRP,ZPP.3,494,6FL",,,"Sep 19, 2008",,,,,,,,,,,
A73 - Jerez Black Metallic,,NCSW - Black Novillo Leather,,WBSWD93549PY43481,,PY43481,"MSRP,ZCW,ZPP.1,ZTP,2MK,2MT.1,302,415,507,6FL,653,655,752",,,"Sep 19, 2008",550,,,,,,,,,,
300 - Alpine White,,NCSW - Black Novillo Leather,,WBSWD93569PY43482,,PY43482,"MSRP,ZPP.3,ZTP,2MK,2MT.1,494,6FL,653",,,"Sep 19, 2008",,,,,,,,,,,
A52 - Space Gray Metallic,,NCSW - Black Novillo Leather,,WBSWD93589PY43483,,PY43483,"MSRP,ZPP.1,ZTP,2MK,2MT.1,6FL,653,752",,,"Sep 19, 2008",550,,,,,,,,,,
300 - Alpine White,,NCSW - Black Novillo Leather,,WBSWD935X9PY43484,,PY43484,"MSRP,ZPP.3,ZTP,2MK,2MT.1,494,507,6FL,653,752",,,"Sep 19, 2008",,,,,,,,,,,
300 - Alpine White,,NCH2 - Fox Red Novillo Leather,,WBSWD93519PY43485,,PY43485,"MSRP,ZCW,ZPP.3,ZTP,2MK,415,507,6FL,6NF,653,752",,,"Sep 19, 2008",,,,,,,,,,,
300 - Alpine White,,NCSW - Black Novillo Leather,,WBSWD93539PY43486,,PY43486,"MSRP,ZCW,ZPP.3,2MK,2MT.1,302,322,415,507,609,6FL,653,655,752",,,"Sep 19, 2008",,,,,,,,,,,
A52 - Space Gray Metallic,,NDH2 - Fox Red Extended Leather,,WBSWD93559PY43487,,PY43487,"MSRP,ZPP.3,ZTP,2MK,415,494,507,6FL,6NF,653,752",,,"Sep 19, 2008",550/1100,,,,,,,,,,
A73 - Jerez Black Metallic,,NDH2 - Fox Red Extended Leather,,WBSWD93579PY43488,,PY43488,"MSRP,ZPP.3,ZTP,2MT.1,403,6FL,6NF,653",,,"Sep 20, 2008",550/1100,,,,,,,,,,
300 - Alpine White,,NCH2 - Fox Red Novillo Leather,,WBSWD93599PY43489,,PY43489,"MSRP,ZCW,ZPP.1,2MK,2MT.1,302,322,415,507,609,6FL,653,655,752",,,"Sep 20, 2008",,,,,,,,,,,
A52 - Space Gray Metallic,,NDH1 - Silver Novillo Extended Leather,,WBSWD93559PY43490,,PY43490,"MSRP,2MK,2MT.1,223,403,494,507,609,6FL,653,752,771",,,"Sep 20, 2008",550/2000,,,,,,,,,,
A52 - Space Gray Metallic,,NCSW - Black Novillo Leather,,WBSWD93579PY43491,,PY43491,"MSRP,ZPP.3,ZTP,2MK,2MT.1,403,494,653,655",,,"Sep 20, 2008",550,,,,,,,,,,
A52 - Space Gray Metallic,,NCSW - Black Novillo Leather,,WBSWD93599PY43492,,PY43492,"MSRP,ZPP.3,ZTP,2MK,2MT.1,403,494,507,6FL,6NF,653,655,752",,,"Sep 20, 2008",550,,,,,,,,,,
A52 - Space Gray Metallic,,NCSW - Black Novillo Leather,,WBSWD93509PY43493,,PY43493,"MSRP,ZCW,ZPP.3,ZTP,2MK,2MT.1,403,6FL,653,655",,,"Sep 20, 2008",550,,,,,,,,,,
A52 - Space Gray Metallic,,NDH2 - Fox Red Extended Leather,,WBSWD93529PY43494,,PY43494,"MSRP,ZCW,ZPP.3,ZTP,2MK,403,415,507,6FL,6NF,653,655,752",,,"Sep 22, 2008",550/1100,,,,,,,,,,
300 - Alpine White,,GEAT - Anthracite/Black Cloth & Leather,,WBSWD93549PY43495,,PY43495,"MSRP,2MK,494,771",,,"Sep 22, 2008",,,,,,,,,,,
668 - Jet Black,,NCSW - Black Novillo Leather,,WBSWD93569PY43496,,PY43496,"MSRP,2MK,2MT.1,771",,,"Sep 22, 2008",950,,,,,,,,,,
668 - Jet Black,,GEAT - Anthracite/Black Cloth & Leather,,WBSWD93589PY43497,,PY43497,"MSRP,ZPP.3,2MT.1,494,6FL,6NF,655",,,"Sep 22, 2008",,,,,,,,,,,
300 - Alpine White,,NDH2 - Fox Red Extended Leather,,WBSWD935X9PY43498,,PY43498,"MSRP,ZCW,ZPP.3,ZTP,2MT.1,415,507,6FL,6NF,653,655,752",,,"Sep 22, 2008",1100,,,,,,,,,,
300 - Alpine White,,NCSW - Black Novillo Leather,,WBSWD93519PY43499,,PY43499,"MSRP,ZPP.3,ZTP,2MK,2MT.1,415,494,507,6FL,6NF,653,655,752",,,"Sep 22, 2008",,,BMW Cincinnati North,,,,,,,,
668 - Jet Black,,NDSW - Black Extended Novillo Leather,,WBSWD93549PY43500,,PY43500,"MSRP,ZPP.2,ZTP,2MK,2MT.1,507,6FL,653,655",,,"Sep 22, 2008",1100,,,,,,,,,,
668 - Jet Black,,NCSW - Black Novillo Leather,,WBSWD93569PY43501,,PY43501,"MSRP,ZPP.2,ZTP,2MK,2MT.1,6FL,653,752",,,"Sep 22, 2008",,,,,,,,,,,
668 - Jet Black,,NCSW - Black Novillo Leather,,WBSWD93589PY43502,,PY43502,"MSRP,ZCW,ZPP.3,ZTP,2MK,2MT.1,403,415,6FL,6NF,653,655,752",,,"Sep 22, 2008",,,,,,,,,,,
668 - Jet Black,,NCH2 - Fox Red Novillo Leather,,WBSWD935X9PY43503,,PY43503,"MSRP,ZCW,ZPP.2,ZTP,2MT.1,403,653,655,752",,,"Sep 22, 2008",,,,,,,,,,,
A73 - Jerez Black Metallic,,NCSW - Black Novillo Leather,,WBSWD93519PY43504,,PY43504,"MSRP,ZPP.3,ZTP,2MK,415,494,507,653,655,752",,,"Sep 22, 2008",550,,,,,,,,,,
668 - Jet Black,,NCH3 - Beige Novillo Leather,,WBSWD93539PY43505,,PY43505,"MSRP,ZPP.3,ZTP,2MK,2MT.1,6FL,653,655",,,"Sep 22, 2008",,,,,,,,,,,
A73 - Jerez Black Metallic,,NDH2 - Fox Red Extended Leather,,WBSWD93559PY43506,,PY43506,"MSRP,ZCW,ZPP.3,ZTP,2MK,2MT.1,415,6FL,6NF,653,655,752",,,"Sep 22, 2008",550/1100,,,,,,,,,,
668 - Jet Black,,NCSW - Black Novillo Leather,,WBSWD93579PY43507,,PY43507,"MSRP,ZCW,ZPP.1,ZTP,2MK,2MT.1,653,655,752",,,"Sep 22, 2008",,,,,,,,,,,
A73 - Jerez Black Metallic,,NDH2 - Fox Red Extended Leather,,WBSWD93599PY43508,,PY43508,"MSRP,ZCW,ZPP.3,ZTP,2MT.1,6FL,653,752",,,"Sep 22, 2008",550/1100,,,,,,,,,,
668 - Jet Black,,NCH2 - Fox Red Novillo Leather,,WBSWD93509PY43509,,PY43509,"MSRP,ZCW,ZPP.3,ZTP,403,507,6FL,6NF,653,752",,,"Sep 22, 2008",,,,,,,,,,,
A30 - Interlagos Blue Metallic,,NCSW - Black Novillo Leather,,WBSWD93579PY43510,,PY43510,"MSRP,ZCW,ZPP.1,ZTP,2MK,415,507,6FL,653,752,863",,,"Sep 22, 2008",550,,,,,,,,,,
A30 - Interlagos Blue Metallic,,NCH1 - Silver Novillo Leather,,WBSWD93599PY43511,,PY43511,"MSRP,ZCW,ZPP.3,ZTP,2MK,2MT.1,302,415,507,6FL,653,655,752",,,"Sep 22, 2008",550,,,,,,,,,,
A30 - Interlagos Blue Metallic,,NCH1 - Silver Novillo Leather,,WBSWD93509PY43512,,PY43512,"MSRP,ZCW,ZPP.3,2MT.1,403,655",,,"Sep 23, 2008",550,,,,,,,,,,
A73 - Jerez Black Metallic,,NCSW - Black Novillo Leather,,WBSWD93529PY43513,,PY43513,"MSRP,ZCW,ZPP.3,2MT.1,302,322,507,6FL,655,752",,,"Sep 23, 2008",550,,,,,,,,,,
668 - Jet Black,,NCH1 - Silver Novillo Leather,,WBSWD93549PY43514,,PY43514,"MSRP,ZPP.2,ZTP,2MK,2MT.1,403,494,6FL,653,655,752",,,"Sep 23, 2008",,,,,,,,,,,
A73 - Jerez Black Metallic,,NCSW - Black Novillo Leather,,WBSWD93569PY43515,,PY43515,"MSRP,ZPP.1,403,415,507",,,"Sep 23, 2008",550,,,,,,,,,,
A52 - Space Gray Metallic,,NCSW - Black Novillo Leather,,WBSWD93589PY43516,,PY43516,"MSRP,ZTP,2MT.1,494,4MX,6FL,653,655",,,"Sep 23, 2008",550/950,,,,,,,,,,
300 - Alpine White,,NCSW - Black Novillo Leather,,WBSWD935X9PY43517,,PY43517,"MSRP,ZPP.3,ZTP,2MK,6FL,6NF,653,655,752",,,"Sep 23, 2008",,,,,,,,,,,
A52 - Space Gray Metallic,,NCH2 - Fox Red Novillo Leather,,WBSWD93519PY43518,,PY43518,"MSRP,ZPP.1,ZTP,2MT.1,6FL,653,655,752",,,"Sep 23, 2008",550,,,,,,,,,,
A73 - Jerez Black Metallic,,NCSW - Black Novillo Leather,,WBSWD93539PY43519,,PY43519,"MSRP,ZPP.2,ZTP,2MK,2MT.1,403,494,507,6FL,653,752",,,"Sep 23, 2008",550,,,,,,,,,,
668 - Jet Black,,NDSW - Black Extended Novillo Leather,,WBSWD935X9PY43520,,PY43520,"MSRP,ZPP.3,ZTP,2MK,2MT.1,415,494,507,6FL,6NF,653,655,752",,,"Sep 23, 2008",1100,,,,,,,,,,
A29 - Silverstone Metallic II,,NCH1 - Silver Novillo Leather,,WBSWD93519PY43521,,PY43521,"MSRP,ZPP.1,ZTP,2MK,2MT.1,403,415,507,6FL,653,655,752",,,"Sep 23, 2008",550,,,,,,,,,,
A29 - Silverstone Metallic II,,NCSW - Black Novillo Leather,,WBSWD93539PY43522,,PY43522,"MSRP,ZPP.2,ZTP,2MK,2MT.1,302,403,494,6FL,653,655,752",,,"Sep 23, 2008",550,,,,,,,,,,
A30 - Interlagos Blue Metallic,,NCH1 - Silver Novillo Leather,,WBSWD93559PY43523,,PY43523,"MSRP,ZPP.3,ZTP,2MK,2MT.1,494,6FL,6NF,653,655,752",,,"Sep 23, 2008",550,,,,,,,,,,
A73 - Jerez Black Metallic,,NCSW - Black Novillo Leather,,WBSWD93579PY43524,,PY43524,"MSRP,ZCW,ZPP.3,ZTP,2MK,2MT.1,507,6FL,6NF,653,655,752",,,"Sep 23, 2008",550,,,,,,,,,,
A73 - Jerez Black Metallic,,NCSW - Black Novillo Leather,,WBSWD93599PY43525,,PY43525,"MSRP,ZCW,ZPP.3,ZTP,2MK,2MT.1,653,655,752",,,"Sep 23, 2008",550,,,,,,,,,,
A29 - Silverstone Metallic II,,NCSW - Black Novillo Leather,,WBSWD93509PY43526,,PY43526,"MSRP,ZPP.2,ZTP,403,494,507,6FL,653,655",,,"Sep 24, 2008",550,,,,,,,,,,
A73 - Jerez Black Metallic,,NCSW - Black Novillo Leather,,WBSWD93529PY43527,,PY43527,"MSRP,ZPP.3,ZTP,2MT.1,403,494,6FL,653,655",,,"Sep 24, 2008",550,,,,,,,,,,
A73 - Jerez Black Metallic,,NCH2 - Fox Red Novillo Leather,,WBSWD93549PY43528,,PY43528,"MSRP,ZCW,ZPP.1,2MK,302,322,403,415,507,609,6FL,653,655,752",,,"Sep 24, 2008",550,,,,,,,,,,
A73 - Jerez Black Metallic,,NCH2 - Fox Red Novillo Leather,,WBSWD93569PY43529,,PY43529,"MSRP,ZCW,ZPP.3,2MT.1,302,322,403,609,6FL,653",,,"Sep 24, 2008",550,,,,,,,,,,
300 - Alpine White,,NCH3 - Beige Novillo Leather,,WBSWD93529PY43530,,PY43530,"MSRP,ZCW,ZPP.2,ZTP,2MK,2MT.1,403,507,6FL,6NF,653",,,"Sep 24, 2008",,,,,,,,,,,
300 - Alpine White,,NDSW - Black Extended Novillo Leather,,WBSWD93549PY43531,,PY43531,"MSRP,ZCW,ZPP.3,ZTP,2MK,507,6FL,6NF,653,655,752",,,"Sep 24, 2008",1100,,,,,,,,,,
381 - Le Mans Blue Metallic,,NCSW - Black Novillo Leather,,WBSWD93569PY43532,,PY43532,"MSRP,ZPP.1,ZTP,2MK,2MT.1,6FL,653,655,752",,,"Sep 24, 2008",550,,,,,,,,,,
381 - Le Mans Blue Metallic,,NCSW - Black Novillo Leather,,WBSWD93589PY43533,,PY43533,"MSRP,ZPP.3,ZTP,2MK,2MT.1,415,494,507,6FL,6NF,653,655,752",,,"Sep 24, 2008",550,,,,,,,,,,
A52 - Space Gray Metallic,,NDH2 - Fox Red Extended Leather,,WBSWD935X9PY43534,,PY43534,"MSRP,ZCW,ZPP.2,ZTP,2MK,2MT.1,403,507,6FL,653,655,752",,,"Sep 24, 2008",550/1100,,,,,,,,,,
300 - Alpine White,,NCSW - Black Novillo Leather,,WBSWD93519PY43535,,PY43535,"MSRP,ZCW,ZPP.1,ZTP,2MK,2MT.1,507,6FL,6NF,653,655,752",,,"Sep 24, 2008",,,,,,,,,,,
300 - Alpine White,,NCSW - Black Novillo Leather,,WBSWD93539PY43536,,PY43536,"MSRP,ZCW,ZPP.3,ZTP,2MK,2MT.1,6FL,653",,,"Sep 24, 2008",,,,,,,,,,,
300 - Alpine White,,NCSW - Black Novillo Leather,,WBSWD93559PY43537,,PY43537,"MSRP,ZCW,ZPP.3,ZTP,2MK,2MT.1,6FL,6NF,653",,,"Sep 24, 2008",,,,,,,,,,,
300 - Alpine White,,NCH2 - Fox Red Novillo Leather,,WBSWD93579PY43538,,PY43538,"MSRP,ZCW,ZPP.3,ZTP,2MT.1,507,653,752",,,"Sep 24, 2008",,,,,,,,,,,
381 - Le Mans Blue Metallic,,NCSW - Black Novillo Leather,,WBSWD93599PY43539,,PY43539,"MSRP,ZCW,ZPP.3,ZTP,2MK,2MT.1,302,415,507,6FL,653,655,752",,,"Sep 25, 2008",550,,,,,,,,,,
A29 - Silverstone Metallic II,,NDH2 - Fox Red Extended Leather,,WBSWD93559PY43540,,PY43540,"MSRP,ZCW,ZPP.1,ZTP,2MT.1,403,415,507,6FL,653,655,752",,,"Sep 24, 2008",550/1100,,,,,,,,,,
A29 - Silverstone Metallic II,,NCSW - Black Novillo Leather,,WBSWD93579PY43541,,PY43541,"MSRP,ZCW,ZPP.3,ZTP,2MK,2MT.1,403,507,6FL,6NF,653,655,752",,,"Sep 24, 2008",550,,,,,,,,,,
668 - Jet Black,,NDSW - Black Extended Novillo Leather,,WBSWD93599PY43542,,PY43542,"MSRP,ZCW,ZPP.3,ZTP,2MK,2MT.1,403,415,6FL,653,655,752",,,"Sep 24, 2008",1100,,,,,,,,,,
A30 - Interlagos Blue Metallic,,NCSW - Black Novillo Leather,,WBSWD93509PY43543,,PY43543,"MSRP,ZCW,ZPP.3,ZTP,2MK,2MT.1,403,6FL,653,752",,,"Sep 24, 2008",550,,,,,,,,,,
381 - Le Mans Blue Metallic,,NCSW - Black Novillo Leather,,WBSWD93529PY43544,,PY43544,"MSRP,ZPP.3,ZTP,2MK,2MT.1,302,403,494,6FL,6NF,653",,,"Sep 24, 2008",550,,,,,,,,,,
668 - Jet Black,,NCSW - Black Novillo Leather,,WBSWD93549PY43545,,PY43545,"MSRP,ZPP.1,ZTP,2MK,2MT.1,403,507,6FL,653",,,"Sep 25, 2008",,,,,,,,,,,
A29 - Silverstone Metallic II,,NCSW - Black Novillo Leather,,WBSWD93569PY43546,,PY43546,"MSRP,ZCW,ZPP.3,ZTP,2MK,2MT.1,6FL,6NF,653,752",,,"Sep 25, 2008",550,,,,,,,,,,
300 - Alpine White,,NDSW - Black Extended Novillo Leather,,WBSWD93589PY43547,,PY43547,"MSRP,ZCW,ZPP.3,ZTP,2MK,2MT.1,507,6FL,6NF,653,655,752",,,"Sep 25, 2008",1100,,,,,,,,,,
A73 - Jerez Black Metallic,,NCH2 - Fox Red Novillo Leather,,WBSWD935X9PY43548,,PY43548,"MSRP,ZCW,ZPP.3,ZTP,2MK,2MT.1,507,6FL,653,655,752",,,"Sep 25, 2008",550,,,,,,,,,,
A75 - Melbourne Red Metallic,,NCSW - Black Novillo Leather,,WBSWD93519PY43549,,PY43549,"MSRP,ZCW,ZPP.3,ZTP,2MK,2MT.1,6FL,653,655,752",,,"Sep 25, 2008",550,,,,,,,,,,
A73 - Jerez Black Metallic,,NDH2 - Fox Red Extended Leather,,WBSWD93589PY43550,,PY43550,"MSRP,ZCW,ZPP.3,ZTP,2MK,507,6FL,653,655,752",,,"Sep 25, 2008",550/1100,,,,,,,,,,
A52 - Space Gray Metallic,,NDH1 - Silver Novillo Extended Leather,,WBSWD935X9PY43551,,PY43551,"MSRP,ZCW,ZPP.3,ZTP,2MK,2MT.1,415,507,6FL,6NF,653,752",,,"Sep 25, 2008",550/1100,,,,,,,,,,
A73 - Jerez Black Metallic,,NDH2 - Fox Red Extended Leather,,WBSWD93519PY43552,,PY43552,"MSRP,ZCW,ZPP.3,ZTP,2MK,2MT.1,507,6FL,653,752",,,"Sep 25, 2008",550/1100,,,,,,,,,,
668 - Jet Black,,NCSW - Black Novillo Leather,,WBSWD93539PY43553,,PY43553,"MSRP,ZPP.3,ZTP,2MK,2MT.1,403,494,507,6FL,653,655,752",,,"Sep 25, 2008",,,,,,,,,,,
A52 - Space Gray Metallic,,NDH1 - Silver Novillo Extended Leather,,WBSWD93559PY43554,,PY43554,"MSRP,ZCW,ZPP.2,ZTP,2MK,2MT.1,403,507,6FL,653,655,752",,,"Sep 25, 2008",550/1100,,,,,,,,,,
668 - Jet Black,,NCSW - Black Novillo Leather,,WBSWD93579PY43555,,PY43555,"MSRP,ZPP.2,ZTP,2MK,2MT.1,403,494,653,752",,,"Sep 25, 2008",,,,,,,,,,,
A73 - Jerez Black Metallic,,NDH2 - Fox Red Extended Leather,,WBSWD93599PY43556,,PY43556,"MSRP,ZPP.3,ZTP,2MK,2MT.1,403,494,507,6FL,653,752",,,"Sep 25, 2008",550/1100,,,,,,,,,,
668 - Jet Black,,NCH3 - Beige Novillo Leather,,WBSWD93509PY43557,,PY43557,"MSRP,ZPP.3,ZTP,2MK,2MT.1,403,494,507,6FL,653,655,752",,,"Sep 25, 2008",,,,,,,,,,,
668 - Jet Black,,NCSW - Black Novillo Leather,,WBSWD93529PY43558,,PY43558,"MSRP,ZPP.2,ZTP,2MK,403,494,507,6FL,653,655,752",,,"Sep 25, 2008",,,,,,,,,,,
A52 - Space Gray Metallic,,NCSW - Black Novillo Leather,,WBSWD93549PY43559,,PY43559,"MSRP,ZPP.3,2MK,2MT.1,223,403,494",,,"Sep 26, 2008",550,,,,,,,,,,
A30 - Interlagos Blue Metallic,,NCSW - Black Novillo Leather,,WBSWD93509PY43560,,PY43560,"MSRP,ZPP.1,ZTP,2MT.1,403,415,494,653",,,"Sep 29, 2008",550,,,,,,,,,,
A29 - Silverstone Metallic II,,NCSW - Black Novillo Leather,,WBSWD93529PY43561,,PY43561,"MSRP,ZPP.1,ZTP,2MK,2MT.1,403,415,494,507,6FL,653,752",,,"Sep 26, 2008",550,,,,,,,,,,
300 - Alpine White,,NCSW - Black Novillo Leather,,WBSWD93549PY43562,,PY43562,"MSRP,ZPP.3,ZTP,2MK,494,653,655,752",,,"Sep 26, 2008",,,,,,,,,,,
A29 - Silverstone Metallic II,,NCSW - Black Novillo Leather,,WBSWD93569PY43563,,PY43563,"MSRP,2MT.1,4MY,655",,,"Sep 26, 2008",550/950,,,,,,,,,,
A29 - Silverstone Metallic II,,NCH2 - Fox Red Novillo Leather,,WBSWD93589PY43564,,PY43564,"MSRP,ZTP,4MX,507,6FL,653",,,"Sep 26, 2008",550/950,,,,,,,,,,
668 - Jet Black,,NDSW - Black Extended Novillo Leather,,WBSWD935X9PY43565,,PY43565,"MSRP,ZCW,ZPP.3,ZTP,2MK,2MT.1,403,507,6FL,6NF,653,752",,,"Sep 26, 2008",1100,,,,,,,,,,
668 - Jet Black,,NCSW - Black Novillo Leather,,WBSWD93519PY43566,,PY43566,"MSRP,ZCW,ZPP.3,6FL",,,"Sep 26, 2008",,,,,,,,,,,
A29 - Silverstone Metallic II,,NCSW - Black Novillo Leather,,WBSWD93539PY43567,,PY43567,"MSRP,ZPP.3,ZTP,2MK,2MT.1,415,494,6FL,653,655,752",,,"Sep 26, 2008",550,,,,,,,,,,
300 - Alpine White,,NCH3 - Beige Novillo Leather,,WBSWD93559PY43568,,PY43568,"MSRP,ZPP.3,ZTP,2MK,2MT.1,6FL,6NF,653,655,752",,,"Sep 26, 2008",,,,,,,,,,,
A73 - Jerez Black Metallic,,NDSW - Black Extended Novillo Leather,,WBSWD93579PY43569,,PY43569,"MSRP,ZPP.1,ZTP,2MT.1,494,6FL,653,752",,,"Sep 26, 2008",550/1100,,,,,,,,,,
300 - Alpine White,,NCH1 - Silver Novillo Leather,,WBSWD93539PY43570,,PY43570,"MSRP,ZPP.1,ZTP,2MK,2MT.1,403,494,6FL,653,655,752",,,"Sep 26, 2008",,,,,,,,,,,
A73 - Jerez Black Metallic,,GEAT - Anthracite/Black Cloth & Leather,,WBSWD93559PY43571,,PY43571,"MSRP,ZCW,ZPP.1,2MK,223,302,322,507",,,"Sep 26, 2008",550,,,,,,,,,,
300 - Alpine White,,NCSW - Black Novillo Leather,,WBSWD93579PY43572,,PY43572,"MSRP,ZPP.3,ZTP,2MK,2MT.1,494,6FL,653",,,"Sep 27, 2008",,,,,,,,,,,
300 - Alpine White,,NCH2 - Fox Red Novillo Leather,,WBSWD93599PY43573,,PY43573,"MSRP,ZPP.1,ZTP,2MK,2MT.1,6FL,653,655,752",,,"Sep 27, 2008",,,,,,,,,,,
668 - Jet Black,,NCSW - Black Novillo Leather,,WBSWD93509PY43574,,PY43574,"MSRP,ZPP.3,ZTP,2MK,2MT.1,403,415,507,6FL,6NF,653,655",,,"Sep 27, 2008",,,,,,,,,,,
668 - Jet Black,,NCSW - Black Novillo Leather,,WBSWD93529PY43575,,PY43575,"MSRP,ZCW,ZPP.1,ZTP,2MK,2MT.1,403,6FL,653,655,752",,,"Sep 27, 2008",,,,,,,,,,,
A52 - Space Gray Metallic,,NCSW - Black Novillo Leather,,WBSWD93549PY43576,,PY43576,"MSRP,ZPP.1,ZTP,2MK,6FL,6NF,653,655",,,"Sep 27, 2008",550,,,,,,,,,,
300 - Alpine White,,NCSW - Black Novillo Leather,,WBSWD93569PY43577,,PY43577,"MSRP,ZPP.3,ZTP,2MK,494,507,653",,,"Sep 27, 2008",,,,,,,,,,,
668 - Jet Black,,NCSW - Black Novillo Leather,,WBSWD93589PY43578,,PY43578,"MSRP,ZCW,ZPP.3,ZTP,2MK,302,6FL,653,655,752",,,"Sep 27, 2008",,,,,,,,,,,
A75 - Melbourne Red Metallic,,NCH3 - Beige Novillo Leather,,WBSWD935X9PY43579,,PY43579,"MSRP,ZCW,ZPP.3,2MK,2MT.1,302,322,507,609,653",,,"Sep 27, 2008",550,,,,,,,,,,
300 - Alpine White,,NCSW - Black Novillo Leather,,WBSWD93569PY43580,,PY43580,"MSRP,2MT.1,223,415,6FL,655,771,863",,,"Sep 29, 2008",950,,,,,,,,,,
300 - Alpine White,,NDSW - Black Extended Novillo Leather,,WBSWD93589PY43581,,PY43581,"MSRP,ZCW,ZPP.1,ZTP,2MK,2MT.1,507,6FL,6NF,653,655,752",,,"Sep 29, 2008",1100,,,,,,,,,,
A75 - Melbourne Red Metallic,,NDH3 - Beige Novillo Extended Leather,,WBSWD935X9PY43582,,PY43582,"MSRP,ZPP.2,ZTP,2MK,2MT.1,6FL,653,655,752",,,"Sep 29, 2008",550/1100,,,,,,,,,,
A30 - Interlagos Blue Metallic,,NCH1 - Silver Novillo Leather,,WBSWD93519PY43583,,PY43583,"MSRP,ZPP.1,ZTP,2MK,2MT.1,415,507,6FL,6NF,653,655,752",,,"Sep 29, 2008",550,,,,,,,,,,
A52 - Space Gray Metallic,,NCSW - Black Novillo Leather,,WBSWD93539PY43584,,PY43584,"MSRP,ZPP.3,ZTP,2MK,2MT.1,507,6FL,6NF,653,655,752",,,"Sep 29, 2008",550,,,,,,,,,,
A52 - Space Gray Metallic,,NCH1 - Silver Novillo Leather,,WBSWD93559PY43585,,PY43585,"MSRP,ZCW,ZPP.1,ZTP,2MK,403,415,507,6FL,653,655,752,863",,,"Sep 29, 2008",550,,,,,,,,,,
300 - Alpine White,,NCSW - Black Novillo Leather,,WBSWD93579PY43586,,PY43586,"MSRP,ZTP,2MK,4MX,6FL,653",,,"Sep 29, 2008",950,,,,,,,,,,
300 - Alpine White,,NCSW - Black Novillo Leather,,WBSWD93599PY43587,,PY43587,"MSRP,ZPP.3,ZTP,2MK,494,653,655,752",,,"Sep 29, 2008",,,,,,,,,,,
668 - Jet Black,,NCSW - Black Novillo Leather,,WBSWD93509PY43588,,PY43588,"MSRP,ZPP.3,ZTP,2MK,2MT.1,507,6FL,653,752",,,"Sep 29, 2008",,,,,,,,,,,
A52 - Space Gray Metallic,,NCSW - Black Novillo Leather,,WBSWD93529PY43589,,PY43589,"MSRP,ZPP.1,ZTP,2MK,2MT.1,494,6FL,6NF,653,655,752",,,"Sep 29, 2008",550,,,,,,,,,,
300 - Alpine White,,NCSW - Black Novillo Leather,,WBSWD93599PY43590,,PY43590,"MSRP,ZPP.3,ZTP,2MT.1,415,6FL,653,655,752",,,"Sep 29, 2008",,,,,,,,,,,
A52 - Space Gray Metallic,,NCH1 - Silver Novillo Leather,,WBSWD93509PY43591,,PY43591,"MSRP,ZPP.3,ZTP,2MK,2MT.1,494,6FL,653,655,752",,,"Sep 29, 2008",550,,,,,,,,,,
A75 - Melbourne Red Metallic,,NDH3 - Beige Novillo Extended Leather,,WBSWD93529PY43592,,PY43592,"MSRP,ZPP.3,ZTP,2MK,2MT.1,653,655,752",,,"Sep 29, 2008",550/1100,,,,,,,,,,
668 - Jet Black,,NCSW - Black Novillo Leather,,WBSWD93549PY43593,,PY43593,"MSRP,ZPP.3,ZTP,2MT.1,415,507,6FL,653,752",,,"Sep 29, 2008",,,,,,,,,,,
300 - Alpine White,,NDH2 - Fox Red Extended Leather,,WBSWD93569PY43594,,PY43594,"MSRP,ZCW,ZPP.3,ZTP,2MK,2MT.1,6FL,653,655,752",,,"Sep 29, 2008",1100,,,,,,,,,,
668 - Jet Black,,NCSW - Black Novillo Leather,,WBSWD93589PY43595,,PY43595,"MSRP,ZPP.3,ZTP,2MK,2MT.1,494,507,6FL,6NF,653,752",,,"Sep 29, 2008",,,,,,,,,,,
300 - Alpine White,,NDH2 - Fox Red Extended Leather,,WBSWD935X9PY43596,,PY43596,"MSRP,ZCW,ZPP.3,ZTP,2MK,2MT.1,507,6FL,653,752",,,"Sep 29, 2008",1100,,,,,,,,,,
A52 - Space Gray Metallic,,NCSW - Black Novillo Leather,,WBSWD93519PY43597,,PY43597,"MSRP,ZTP,2MK,494,507,653,771,863",,,"Sep 29, 2008",550/950,,,,,,,,,,
300 - Alpine White,,NCH2 - Fox Red Novillo Leather,,WBSWD93539PY43598,,PY43598,"MSRP,ZPP.3,ZTP,2MT.1,494,507,6FL,6NF,653",,,"Sep 29, 2008",,,,,,,,,,,
A96 - Mineral White Met.,,NDH1 - Silver Novillo Extended Leather,,WBSWD93559PY43599,,PY43599,"MSRP,ZPP.3,ZTP,2MK,494,507,6FL,653,655,752",,,"Oct 2, 2008",1100,,,,,,,,,,
300 - Alpine White,,NCSW - Black Novillo Leather,,WBSWD93589PY43600,,PY43600,"MSRP,ZPP.3,ZTP,2MK,2MT.1,494,6FL,6NF,653,655,752",,,"Sep 30, 2008",,,,,,,,,,,
300 - Alpine White,,NCH2 - Fox Red Novillo Leather,,WBSWD935X9PY43601,,PY43601,"MSRP,ZCW,ZPP.3,ZTP,415,507,6FL,6NF,653,752",,,"Sep 30, 2008",,,,,,,,,,,
A75 - Melbourne Red Metallic,,NCH2 - Fox Red Novillo Leather,,WBSWD93519PY43602,,PY43602,"MSRP,ZCW,ZPP.1,ZTP,2MK,2MT.1,415,6FL,6NF,653,655",,,"Sep 30, 2008",550,,,,,,,,,,
300 - Alpine White,,NCSW - Black Novillo Leather,,WBSWD93539PY43603,,PY43603,"MSRP,ZPP.3,ZTP,2MK,507,6FL,6NF,653,655,752",,,"Sep 30, 2008",,,,,,,,,,,
A29 - Silverstone Metallic II,,NCSW - Black Novillo Leather,,WBSWD93559PY43604,,PY43604,"MSRP,ZCW,ZPP.3,ZTP,2MK,2MT.1,507,6FL,653,655,752",,,"Sep 30, 2008",550,,,,,,,,,,
300 - Alpine White,,NDH2 - Fox Red Extended Leather,,WBSWD93579PY43605,,PY43605,"MSRP,ZCW,ZPP.3,ZTP,2MT.1,415,507,6FL,6NF,653,655,752",,,"Sep 30, 2008",1100,,,,,,,,,,
A29 - Silverstone Metallic II,,NCSW - Black Novillo Leather,,WBSWD93599PY43606,,PY43606,"MSRP,ZCW,ZPP.1,ZTP,2MK,2MT.1,6FL,6NF,653,655,752",,,"Sep 30, 2008",550,,,,,,,,,,
A52 - Space Gray Metallic,,NCSW - Black Novillo Leather,,WBSWD93509PY43607,,PY43607,"MSRP,ZCW,ZPP.1,ZTP,2MK,2MT.1,6FL,653,655,752",,,"Sep 30, 2008",550,,,,,,,,,,
300 - Alpine White,,NCSW - Black Novillo Leather,,WBSWD93529PY43608,,PY43608,"MSRP,ZPP.1,ZTP,2MK,2MT.1,494,507,6FL,6NF,653,655,752",,,"Sep 30, 2008",,,,,,,,,,,
300 - Alpine White,,NCSW - Black Novillo Leather,,WBSWD93549PY43609,,PY43609,"MSRP,ZPP.3,ZTP,2MK,2MT.1,507,653,655,752",,,"Sep 30, 2008",,,,,,,,,,,
A73 - Jerez Black Metallic,,NCSW - Black Novillo Leather,,WBSWD93509PY43610,,PY43610,"MSRP,ZCW,ZPP.3,ZTP,2MK,2MT.1,6FL,6NF,653,655,752",,,"Sep 30, 2008",550,,,,,,,,,,
381 - Le Mans Blue Metallic,,NCSW - Black Novillo Leather,,WBSWD93529PY43611,,PY43611,"MSRP,ZPP.3,ZTP,2MK,2MT.1,494,6FL,653",,,"Sep 30, 2008",550,,,,,,,,,,
300 - Alpine White,,NCSW - Black Novillo Leather,,WBSWD93549PY43612,,PY43612,"MSRP,ZCW,ZPP.1,ZTP,2MK,507,6FL,653,655",,,"Sep 30, 2008",,,,,,,,,,,
300 - Alpine White,,NCH2 - Fox Red Novillo Leather,,WBSWD93569PY43613,,PY43613,"MSRP,ZPP.1,ZTP,2MK,2MT.1,494,6FL,653,655,752",,,"Sep 30, 2008",,,,,,,,,,,
668 - Jet Black,,NDH2 - Fox Red Extended Leather,,WBSWD93589PY43614,,PY43614,"MSRP,ZCW,ZPP.3,ZTP,2MK,2MT.1,415,507,6FL,653,655,752",,,"Sep 30, 2008",1100,,,,,,,,,,
300 - Alpine White,,NDSW - Black Extended Novillo Leather,,WBSWD935X9PY43615,,PY43615,"MSRP,ZCW,ZPP.2,ZTP,2MK,2MT.1,6FL,6NF,653,752",,,"Oct 1, 2008",1100,,,,,,,,,,
668 - Jet Black,,NCSW - Black Novillo Leather,,WBSWD93519PY43616,,PY43616,"MSRP,ZPP.2,ZTP,2MK,2MT.1,403,494,6FL,6NF,653,752",,,"Oct 1, 2008",,,,,,,,,,,
381 - Le Mans Blue Metallic,,NDSW - Black Extended Novillo Leather,,WBSWD93539PY43617,,PY43617,"MSRP,ZCW,ZPP.3,ZTP,2MK,2MT.1,415,6FL,6NF,653,655,752",,,"Oct 1, 2008",550/1100,,,,,,,,,,
A52 - Space Gray Metallic,,NCSW - Black Novillo Leather,,WBSWD93559PY43618,,PY43618,"MSRP,ZPP.3,ZTP,2MK,2MT.1,403,494,653,655",,,"Oct 1, 2008",550,,,,,,,,,,
A29 - Silverstone Metallic II,,NCSW - Black Novillo Leather,,WBSWD93579PY43619,,PY43619,"MSRP,ZCW,ZPP.3,2MT.1,403,6FL",,,"Oct 1, 2008",550,,,,,,,,,,
A73 - Jerez Black Metallic,,NCSW - Black Novillo Leather,,WBSWD93539PY43620,,PY43620,"MSRP,ZCW,ZPP.3,2MK,2MT.1,403,6FL,655",,,"Oct 1, 2008",550,,,,,,,,,,
381 - Le Mans Blue Metallic,,NCSW - Black Novillo Leather,,WBSWD93559PY43621,,PY43621,"MSRP,ZCW,ZPP.3,ZTP,2MK,2MT.1,6FL,6NF,653,655,752",,,"Oct 1, 2008",550,,,,,,,,,,
668 - Jet Black,,NCSW - Black Novillo Leather,,WBSWD93579PY43622,,PY43622,"MSRP,ZPP.3,ZTP,2MK,2MT.1,403,494,6FL,653,655,752",,,"Oct 1, 2008",,,,,,,,,,,
668 - Jet Black,,GEAT - Anthracite/Black Cloth & Leather,,WBSWD93599PY43623,,PY43623,"MSRP,ZCW,ZPP.3,2MK,6FL",,,"Oct 1, 2008",,,,,,,,,,,
668 - Jet Black,,NCSW - Black Novillo Leather,,WBSWD93509PY43624,,PY43624,"MSRP,ZCW,ZPP.3,ZTP,2MK,2MT.1,653",,,"Oct 1, 2008",,,,,,,,,,,
668 - Jet Black,,NCSW - Black Novillo Leather,,WBSWD93529PY43625,,PY43625,"MSRP,ZPP.1,2MK,2MT.1,494,6FL,655",,,"Oct 1, 2008",,,,,,,,,,,
668 - Jet Black,,NCSW - Black Novillo Leather,,WBSWD93549PY43626,,PY43626,"MSRP,ZCW,ZPP.1,ZTP,2MK,2MT.1,6FL,653,655",,,"Oct 1, 2008",,,,,,,,,,,
668 - Jet Black,,NCSW - Black Novillo Leather,,WBSWD93569PY43627,,PY43627,"MSRP,ZCW,ZPP.3,ZTP,2MK,2MT.1,6FL,653,655",,,"Oct 1, 2008",,,,,,,,,,,
300 - Alpine White,,NCH2 - Fox Red Novillo Leather,,WBSWD93589PY43628,,PY43628,"MSRP,ZCW,ZPP.3,ZTP,2MK,2MT.1,415,6FL,6NF,653,655",,,"Oct 1, 2008",,,,,,,,,,,
668 - Jet Black,,NCH3 - Beige Novillo Leather,,WBSWD935X9PY43629,,PY43629,"MSRP,ZCW,ZPP.3,ZTP,2MK,2MT.1,6FL,6NF,653,655,752",,,"Oct 1, 2008",,,,,,,,,,,
668 - Jet Black,,NCSW - Black Novillo Leather,,WBSWD93569PY43630,,PY43630,"MSRP,ZPP.3,ZTP,2MK,2MT.1,403,653,655,752",,,"Oct 1, 2008",,,,,,,,,,,
668 - Jet Black,,GEAT - Anthracite/Black Cloth & Leather,,WBSWD93589PY43631,,PY43631,"MSRP,ZTP,2MT.1,403,494,653,771",,,"Oct 1, 2008",,,,,,,,,,,
668 - Jet Black,,NCH3 - Beige Novillo Leather,,WBSWD935X9PY43632,,PY43632,"MSRP,ZCW,ZPP.2,ZTP,2MK,2MT.1,403,507,6FL,653,752",,,"Oct 2, 2008",,,,,,,,,,,
300 - Alpine White,,NCSW - Black Novillo Leather,,WBSWD93519PY43633,,PY43633,"MSRP,ZCW,ZPP.3,ZTP,2MK,2MT.1,403,507,6FL,6NF,653",,,"Oct 2, 2008",,,,,,,,,,,
A52 - Space Gray Metallic,,NCSW - Black Novillo Leather,,WBSWD93539PY43634,,PY43634,"MSRP,ZPP.1,2MK,2MT.1,223,609,6FL,653,655",,,"Oct 2, 2008",550,,,,,,,,,,
A52 - Space Gray Metallic,,NDH2 - Fox Red Extended Leather,,WBSWD93559PY43635,,PY43635,"MSRP,ZCW,ZPP.3,ZTP,2MK,2MT.1,507,6FL,6NF,653,655,752",,,"Oct 2, 2008",550/1100,,,,,,,,,,
A73 - Jerez Black Metallic,,NCSW - Black Novillo Leather,,WBSWD93579PY43636,,PY43636,"MSRP,ZPP.3,2MK,2MT.1,494,6FL,655",,,"Oct 2, 2008",550,,,,,,,,,,
300 - Alpine White,,NCSW - Black Novillo Leather,,WBSWD93599PY43637,,PY43637,"MSRP,ZCW,ZPP.3,2MT.1,302,322,415,507,609,6FL,653,655,752",,,"Oct 2, 2008",,,,,,,,,,,
668 - Jet Black,,NCSW - Black Novillo Leather,,WBSWD93509PY43638,,PY43638,"MSRP,2MK,2MT.1,494,639,6FL,771",,,"Oct 2, 2008",950,,,,,,,,,,
668 - Jet Black,,NCSW - Black Novillo Leather,,WBSWD93529PY43639,,PY43639,"MSRP,ZPP.1,2MK,2MT.1,494,6FL",,,"Oct 2, 2008",,,,,,,,,,,
A29 - Silverstone Metallic II,,NDH1 - Silver Novillo Extended Leather,,WBSWD93599PY43640,,PY43640,"MSRP,ZCW,ZPP.1,ZTP,2MK,2MT.1,6FL,6NF,653,752",,,"Oct 2, 2008",550/1100,,,,,,,,,,
668 - Jet Black,,NCSW - Black Novillo Leather,,WBSWD93509PY43641,,PY43641,"MSRP,ZCW,ZPP.2,ZTP,2MK,2MT.1,403,507,6FL,653,752",,,"Oct 2, 2008",,,,,,,,,,,
300 - Alpine White,,NCH3 - Beige Novillo Leather,,WBSWD93529PY43642,,PY43642,"MSRP,ZCW,ZPP.3,ZTP,2MK,2MT.1,403,6FL,6NF,653,655,752",,,"Oct 2, 2008",,,,,,,,,,,
A29 - Silverstone Metallic II,,NDSW - Black Extended Novillo Leather,,WBSWD93549PY43643,,PY43643,"MSRP,ZPP.3,ZTP,2MK,2MT.1,403,6FL,653,655",,,"Oct 6, 2008",550/1100,,,,,,,,,,
A52 - Space Gray Metallic,,NCSW - Black Novillo Leather,,WBSWD93569PY43644,,PY43644,"MSRP,ZCW,ZPP.3,ZTP,2MK,403,507,6FL,6NF,653,752",,,"Oct 6, 2008",550,,,,,,,,,,
668 - Jet Black,,NCH2 - Fox Red Novillo Leather,,WBSWD93589PY43645,,PY43645,"MSRP,ZCW,ZPP.3,ZTP,2MK,2MT.1,403,6FL,653,655,752",,,"Oct 6, 2008",,,,,,,,,,,
668 - Jet Black,,NCSW - Black Novillo Leather,,WBSWD935X9PY43646,,PY43646,"MSRP,ZCW,ZPP.3,ZTP,2MK,2MT.1,403,507,6FL,653,655,752",,,"Oct 6, 2008",,,,,,,,,,,
A29 - Silverstone Metallic II,,NDSW - Black Extended Novillo Leather,,WBSWD93519PY43647,,PY43647,"MSRP,ZCW,ZPP.3,ZTP,2MK,2MT.1,403,6FL,653,752",,,"Oct 6, 2008",550/1100,,,,,,,,,,
A29 - Silverstone Metallic II,,NCH1 - Silver Novillo Leather,,WBSWD93539PY43648,,PY43648,"MSRP,ZPP.3,2MK,494,507,6FL",,,"Oct 6, 2008",550,,,,,,,,,,
300 - Alpine White,,NCSW - Black Novillo Leather,,WBSWD93559PY43649,,PY43649,"MSRP,ZCW,ZPP.1,2MK,302,322,415,507,609,6FL,653,655,752",,,"Oct 6, 2008",,,,,,,,,,,
300 - Alpine White,,NCH2 - Fox Red Novillo Leather,,WBSWD93519PY43650,,PY43650,"MSRP,ZCW,ZPP.3,ZTP,2MK,2MT.1,415,507,6FL,6NF,653,752",,,"Oct 6, 2008",,,,,,,,,,,
A30 - Interlagos Blue Metallic,,NCH1 - Silver Novillo Leather,,WBSWD93539PY43651,,PY43651,"MSRP,ZCW,ZPP.3,ZTP,2MK,2MT.1,507,6FL,653",,,"Oct 6, 2008",550,,,,,,,,,,
300 - Alpine White,,NCSW - Black Novillo Leather,,WBSWD93559PY43652,,PY43652,"MSRP,ZCW,ZPP.3,ZTP,2MK,2MT.1,6FL,6NF,653,752",,,"Oct 6, 2008",,,,,,,,,,,
381 - Le Mans Blue Metallic,,NCSW - Black Novillo Leather,,WBSWD93579PY43653,,PY43653,"MSRP,ZCW,ZPP.3,ZTP,2MT.1,6FL,6NF,653,655,752",,,"Oct 6, 2008",550,,,,,,,,,,
381 - Le Mans Blue Metallic,,NCH3 - Beige Novillo Leather,,WBSWD93599PY43654,,PY43654,"MSRP,ZPP.3,ZTP,2MK,2MT.1,494,6FL,653,655,752",,,"Oct 6, 2008",550,,,,,,,,,,
300 - Alpine White,,NCH2 - Fox Red Novillo Leather,,WBSWD93509PY43655,,PY43655,"MSRP,ZCW,ZPP.3,ZTP,507,6FL,6NF,653,655,752",,,"Oct 6, 2008",,,,,,,,,,,
381 - Le Mans Blue Metallic,,NDH1 - Silver Novillo Extended Leather,,WBSWD93529PY43656,,PY43656,"MSRP,ZCW,ZPP.1,ZTP,2MK,2MT.1,403,507,6FL,6NF,653,655,752",,,"Oct 6, 2008",550/1100,,,,,,,,,,
300 - Alpine White,,NCH2 - Fox Red Novillo Leather,,WBSWD93549PY43657,,PY43657,"MSRP,ZCW,ZPP.3,ZTP,2MK,2MT.1,403,507,6FL,653,655",,,"Oct 6, 2008",,,,,,,,,,,
A30 - Interlagos Blue Metallic,,NCSW - Black Novillo Leather,,WBSWD93569PY43658,,PY43658,"MSRP,ZPP.2,ZTP,2MK,2MT.1,403,494,6FL,6NF,653,752",,,"Oct 7, 2008",550,,,,,,,,,,
A29 - Silverstone Metallic II,,NCSW - Black Novillo Leather,,WBSWD93589PY43659,,PY43659,"MSRP,ZCW,ZPP.1,ZTP,2MT.1,403,507,6FL,6NF,653,752",,,"Oct 7, 2008",550,,,,,,,,,,
668 - Jet Black,,NDH1 - Silver Novillo Extended Leather,,WBSWD93549PY43660,,PY43660,"MSRP,ZPP.1,ZTP,2MK,2MT.1,403,6FL,653,655",,,"Oct 7, 2008",1100,,,,,,,,,,
381 - Le Mans Blue Metallic,,NCSW - Black Novillo Leather,,WBSWD93569PY43661,,PY43661,"MSRP,ZCW,2MT.1,223,6FL,771",,,"Oct 7, 2008",550/950,,,,,,,,,,
300 - Alpine White,,NCH3 - Beige Novillo Leather,,WBSWD93589PY43662,,PY43662,"MSRP,ZPP.1,ZTP,2MT.1,6FL,653,655,752",,,"Oct 7, 2008",,,,,,,,,,,
300 - Alpine White,,NCSW - Black Novillo Leather,,WBSWD935X9PY43663,,PY43663,"MSRP,ZPP.3,ZTP,2MT.1,6FL,653,752",,,"Oct 7, 2008",,,,,,,,,,,
300 - Alpine White,,NDSW - Black Extended Novillo Leather,,WBSWD93519PY43664,,PY43664,"MSRP,ZPP.3,ZTP,2MT.1,494,6FL,653,752",,,"Oct 7, 2008",1100,,,,,,,,,,
A52 - Space Gray Metallic,,NCH2 - Fox Red Novillo Leather,,WBSWD93539PY43665,,PY43665,"MSRP,ZPP.1,ZTP,2MK,494,6FL,653,655,752",,,"Oct 7, 2008",550,,,,,,,,,,
A73 - Jerez Black Metallic,,NCSW - Black Novillo Leather,,WBSWD93559PY43666,,PY43666,"MSRP,ZPP.3,ZTP,2MT.1,6FL,653",,,"Oct 7, 2008",550,,,,,,,,,,
A73 - Jerez Black Metallic,,NCSW - Black Novillo Leather,,WBSWD93579PY43667,,PY43667,"MSRP,ZPP.3,ZTP,2MK,2MT.1,494,6FL,653,655,752",,,"Oct 7, 2008",550,,,,,,,,,,
381 - Le Mans Blue Metallic,,NCSW - Black Novillo Leather,,WBSWD93599PY43668,,PY43668,"MSRP,ZPP.3,ZTP,2MK,2MT.1,494,507,6FL,653,655,752",,,"Oct 7, 2008",550,,,,,,,,,,
A52 - Space Gray Metallic,,NDH2 - Fox Red Extended Leather,,WBSWD93509PY43669,,PY43669,"MSRP,ZCW,ZPP.3,ZTP,2MK,2MT.1,507,6FL,653,655,752",,,"Oct 7, 2008",550/1100,,,,,,,,,,
668 - Jet Black,,NCSW - Black Novillo Leather,,WBSWD93579PY43670,,PY43670,"MSRP,2MK,2MT.1,494,4MX,609,6FL,653,752",,,"Oct 8, 2008",950,,,,,,,,,,
300 - Alpine White,,NCSW - Black Novillo Leather,,WBSWD93599PY43671,,PY43671,"MSRP,ZPP.3,ZTP,2MK,494,507,6FL,653,752",,,"Oct 8, 2008",,,,,,,,,,,
A75 - Melbourne Red Metallic,,NDH3 - Beige Novillo Extended Leather,,WBSWD93509PY43672,,PY43672,"MSRP,ZPP.3,ZTP,2MT.1,403,6FL,653,655,752",,,"Oct 8, 2008",550/1100,,,,,,,,,,
A75 - Melbourne Red Metallic,,NDH3 - Beige Novillo Extended Leather,,WBSWD93529PY43673,,PY43673,"MSRP,ZPP.3,2MT.1,322,403,609,6FL,653,655,752",,,"Oct 8, 2008",550/1100,,,,,,,,,,
A52 - Space Gray Metallic,,NCSW - Black Novillo Leather,,WBSWD93549PY43674,,PY43674,"MSRP,ZPP.3,ZTP,2MK,2MT.1,403,494,6FL,653,655",,,"Oct 8, 2008",550,,,,,,,,,,
A52 - Space Gray Metallic,,NCH1 - Silver Novillo Leather,,WBSWD93569PY43675,,PY43675,"MSRP,ZPP.1,ZTP,403,653,752",,,"Oct 8, 2008",550,,,,,,,,,,
381 - Le Mans Blue Metallic,,NCSW - Black Novillo Leather,,WBSWD93589PY43676,,PY43676,"MSRP,ZCW,ZPP.3,ZTP,2MT.1,403,6FL,653,655,752",,,"Oct 8, 2008",550,,,,,,,,,,
381 - Le Mans Blue Metallic,,NCSW - Black Novillo Leather,,WBSWD935X9PY43677,,PY43677,"MSRP,ZPP.1,ZTP,2MT.1,403,494,6FL,653,655",,,"Oct 8, 2008",550,,,,,,,,,,
668 - Jet Black,,NCSW - Black Novillo Leather,,WBSWD93519PY43678,,PY43678,"MSRP,ZTP,2MK,2MT.1,403,4MY,6FL,752",,,"Oct 8, 2008",950,,,,,,,,,,
A52 - Space Gray Metallic,,NCSW - Black Novillo Leather,,WBSWD93539PY43679,,PY43679,"MSRP,ZPP.2,ZTP,2MK,2MT.1,494,507,6FL,653,752",,,"Oct 8, 2008",550,,,,,,,,,,
300 - Alpine White,,NCSW - Black Novillo Leather,,WBSWD935X9PY43680,,PY43680,"MSRP,ZCW,ZPP.1,ZTP,2MK,2MT.1,403,6FL,653,655,752",,,"Oct 8, 2008",,,,,,,,,,,
A75 - Melbourne Red Metallic,,NCSW - Black Novillo Leather,,WBSWD93519PY43681,,PY43681,"MSRP,ZPP.3,ZTP,2MK,2MT.1,494,6FL,653,655,752",,,"Oct 8, 2008",550,,,,,,,,,,
A52 - Space Gray Metallic,,NCSW - Black Novillo Leather,,WBSWD93539PY43682,,PY43682,"MSRP,ZCW,ZPP.3,ZTP,2MK,2MT.1,6FL,653,752",,,"Oct 9, 2008",550,,,,,,,,,,
A29 - Silverstone Metallic II,,NCSW - Black Novillo Leather,,WBSWD93559PY43683,,PY43683,"MSRP,ZPP.3,ZTP,2MK,2MT.1,6FL,653,655,752",,,"Oct 9, 2008",550,,,,,,,,,,
668 - Jet Black,,NCH2 - Fox Red Novillo Leather,,WBSWD93579PY43684,,PY43684,"MSRP,ZCW,ZPP.3,ZTP,507,6FL,653",,,"Oct 9, 2008",,,,,,,,,,,
668 - Jet Black,,NCH2 - Fox Red Novillo Leather,,WBSWD93599PY43685,,PY43685,"MSRP,ZCW,ZPP.3,ZTP,2MK,2MT.1,507,6FL,653,752",,,"Oct 9, 2008",,,,,,,,,,,
A29 - Silverstone Metallic II,,NCSW - Black Novillo Leather,,WBSWD93509PY43686,,PY43686,"MSRP,ZPP.1,ZTP,2MT.1,494,6FL,653,863",,,"Oct 9, 2008",550,,,,,,,,,,
A30 - Interlagos Blue Metallic,,NDH1 - Silver Novillo Extended Leather,,WBSWD93529PY43687,,PY43687,"MSRP,ZPP.1,ZTP,2MK,403,494,507,653,655,752",,,"Oct 9, 2008",550/1100,,,,,,,,,,
381 - Le Mans Blue Metallic,,NCH1 - Silver Novillo Leather,,WBSWD93549PY43688,,PY43688,"MSRP,ZCW,ZPP.1,ZTP,2MK,2MT.1,403,507,6FL,653,655",,,"Oct 9, 2008",550,,,,,,,,,,
668 - Jet Black,,NDH3 - Beige Novillo Extended Leather,,WBSWD93569PY43689,,PY43689,"MSRP,ZCW,ZPP.3,ZTP,2MK,2MT.1,403,507,6FL,653,655,752",,,"Oct 9, 2008",1100,,,,,,,,,,
668 - Jet Black,,NCSW - Black Novillo Leather,,WBSWD93529PY43690,,PY43690,"MSRP,ZCW,ZPP.3,ZTP,2MK,2MT.1,403,415,6FL,653,752",,,"Oct 9, 2008",,,,,,,,,,,
A73 - Jerez Black Metallic,,NCSW - Black Novillo Leather,,WBSWD93549PY43691,,PY43691,"MSRP,ZCW,ZPP.3,ZTP,2MK,403,6FL,653,655,752",,,"Oct 9, 2008",550,,,,,,,,,,
A73 - Jerez Black Metallic,,NCSW - Black Novillo Leather,,WBSWD93569PY43692,,PY43692,"MSRP,ZPP.3,ZTP,2MK,2MT.1,403,415,6FL,653,752",,,"Oct 9, 2008",550,,,,,,,,,,
668 - Jet Black,,NCSW - Black Novillo Leather,,WBSWD93589PY43693,,PY43693,"MSRP,ZPP.3,2MK,2MT.1,494,6FL,655",,,"Oct 9, 2008",,,,,,,,,,,
A73 - Jerez Black Metallic,,NCSW - Black Novillo Leather,,WBSWD935X9PY43694,,PY43694,"MSRP,ZPP.1,2MK,2MT.1,403,6FL,655",,,"Oct 9, 2008",550,,,,,,,,,,
668 - Jet Black,,NCSW - Black Novillo Leather,,WBSWD93519PY43695,,PY43695,"MSRP,2MK,2MT.1,494,4MZ,6FL",,,"Oct 10, 2008",950,,,,,,,,,,
A52 - Space Gray Metallic,,NCSW - Black Novillo Leather,,WBSWD93539PY43696,,PY43696,"MSRP,ZPP.3,ZTP,2MK,2MT.1,403,415,494,6FL,653,752",,,"Oct 10, 2008",550,,,,,,,,,,
300 - Alpine White,,NDSW - Black Extended Novillo Leather,,WBSWD93559PY43697,,PY43697,"MSRP,ZPP.3,ZTP,2MK,2MT.1,6FL,653,655,752",,,"Oct 10, 2008",1100,,,,,,,,,,
668 - Jet Black,,NDSW - Black Extended Novillo Leather,,WBSWD93579PY43698,,PY43698,"MSRP,ZCW,ZPP.3,ZTP,2MT.1,6FL,653,655,752",,,"Oct 10, 2008",1100,,,,,,,,,,
A73 - Jerez Black Metallic,,NCSW - Black Novillo Leather,,WBSWD93599PY43699,,PY43699,"MSRP,ZCW,ZPP.3,ZTP,2MK,2MT.1,403,415,507,6FL,6NF,653,655",,,"Oct 10, 2008",550,,,,,,,,,,
A29 - Silverstone Metallic II,,NCSW - Black Novillo Leather,,WBSWD93519PY43700,,PY43700,"MSRP,ZCW,ZPP.3,ZTP,2MK,2MT.1,6FL,653,655,752",,,"Oct 10, 2008",550,,,,,,,,,,
381 - Le Mans Blue Metallic,,NCSW - Black Novillo Leather,,WBSWD93539PY43701,,PY43701,"MSRP,ZPP.3,ZTP,2MK,2MT.1,494,6FL,6NF,653,752",,,"Oct 10, 2008",550,,,,,,,,,,
668 - Jet Black,,NCSW - Black Novillo Leather,,WBSWD93559PY43702,,PY43702,"MSRP,ZCW,ZPP.3,ZTP,2MT.1,6FL,6NF,653,655,752",,,"Oct 10, 2008",,,,,,,,,,,
A73 - Jerez Black Metallic,,NCSW - Black Novillo Leather,,WBSWD93579PY43703,,PY43703,"MSRP,ZCW,ZPP.3,ZTP,2MK,2MT.1,415,507,6FL,6NF,653,655",,,"Oct 10, 2008",550,,,,,,,,,,
668 - Jet Black,,NCSW - Black Novillo Leather,,WBSWD93599PY43704,,PY43704,"MSRP,ZCW,ZPP.1,2MK,322,403,609,653,655",,,"Oct 10, 2008",,,,,,,,,,,
668 - Jet Black,,NCSW - Black Novillo Leather,,WBSWD93509PY43705,,PY43705,"MSRP,ZCW,ZPP.3,ZTP,2MK,2MT.1,403,415,507,6FL,653,655,752",,,"Oct 10, 2008",,,,,,,,,,,
668 - Jet Black,,NCSW - Black Novillo Leather,,WBSWD93529PY43706,,PY43706,"MSRP,ZCW,ZPP.3,ZTP,403,507,6FL,653,655,752",,,"Oct 10, 2008",,,,,,,,,,,
A73 - Jerez Black Metallic,,NCSW - Black Novillo Leather,,WBSWD93549PY43707,,PY43707,"MSRP,ZCW,ZPP.3,ZTP,2MT.1,403,507,6FL,6NF,653,752",,,"Oct 10, 2008",550,,,,,,,,,,
300 - Alpine White,,NDH3 - Beige Novillo Extended Leather,,WBSWD93569PY43708,,PY43708,"MSRP,ZCW,ZPP.2,ZTP,2MT.1,403,507,6FL,653,752,863",,,"Oct 10, 2008",1100,,,,,,,,,,
300 - Alpine White,,NCSW - Black Novillo Leather,,WBSWD93589PY43709,,PY43709,"MSRP,ZCW,ZPP.3,2MK,2MT.1,6FL",,,"Oct 10, 2008",,,,,,,,,,,
A52 - Space Gray Metallic,,NCSW - Black Novillo Leather,,WBSWD93549PY43710,,PY43710,"MSRP,ZCW,ZPP.1,2MK,2MT.1,6FL",,,"Oct 10, 2008",550,,,,,,,,,,
A52 - Space Gray Metallic,,GEAT - Anthracite/Black Cloth & Leather,,WBSWD93569PY43711,,PY43711,"MSRP,ZPP.3,2MK,2MT.1,6FL,6NF,655",,,"Oct 11, 2008",550,,,,,,,,,,
668 - Jet Black,,NCSW - Black Novillo Leather,,WBSWD93589PY43712,,PY43712,"MSRP,ZPP.3,ZTP,2MK,2MT.1,507,6FL,6NF,653,655,752",,,"Oct 11, 2008",,,,,,,,,,,
A52 - Space Gray Metallic,,NCSW - Black Novillo Leather,,WBSWD935X9PY43713,,PY43713,"MSRP,ZCW,ZPP.3,ZTP,2MK,403,6FL,653,655,752",,,"Oct 11, 2008",550,,,,,,,,,,
381 - Le Mans Blue Metallic,,NCSW - Black Novillo Leather,,WBSWD93519PY43714,,PY43714,"MSRP,ZPP.3,ZTP,2MK,2MT.1,507,6FL,6NF,653,655,752",,,"Oct 11, 2008",550,,,,,,,,,,
300 - Alpine White,,NCSW - Black Novillo Leather,,WBSWD93539PY43715,,PY43715,"MSRP,ZCW,ZPP.1,ZTP,6FL,653,655,752",,,"Oct 11, 2008",,,,,,,,,,,
668 - Jet Black,,NDSW - Black Extended Novillo Leather,,WBSWD93559PY43716,,PY43716,"MSRP,ZPP.3,ZTP,2MK,2MT.1,494,6FL,6NF,653,655,752",,,"Oct 11, 2008",1100,,,,,,,,,,
300 - Alpine White,,NDSW - Black Extended Novillo Leather,,WBSWD93579PY43717,,PY43717,"MSRP,ZPP.3,ZTP,2MK,494,507,6FL,6NF,653,655,752",,,"Oct 11, 2008",1100,,,,,,,,,,
A30 - Interlagos Blue Metallic,,NDSW - Black Extended Novillo Leather,,WBSWD93599PY43718,,PY43718,"MSRP,ZPP.2,ZTP,2MK,507,6FL,6NF,653,655,752",,,"Oct 11, 2008",550/1100,,,,,,,,,,
A75 - Melbourne Red Metallic,,NDH3 - Beige Novillo Extended Leather,,WBSWD93509PY43719,,PY43719,"MSRP,ZPP.3,ZTP,2MT.1,403,6FL,653,655,752",,,"Oct 11, 2008",550/1100,,,,,,,,,,
381 - Le Mans Blue Metallic,,NDSW - Black Extended Novillo Leather,,WBSWD93579PY43720,,PY43720,"MSRP,ZCW,ZPP.1,ZTP,2MT.1,403,507,6FL,6NF,653,752",,,"Oct 13, 2008",550/1100,,,,,,,,,,
A73 - Jerez Black Metallic,,NDH2 - Fox Red Extended Leather,,WBSWD93599PY43721,,PY43721,"MSRP,ZTP,2MK,2MT.1,494,4MY,507,6FL,653",,,"Oct 13, 2008",550/2000,,,,,,,,,,
668 - Jet Black,,NCSW - Black Novillo Leather,,WBSWD93509PY43722,,PY43722,"MSRP,ZPP.3,ZTP,2MK,2MT.1,403,494,507,6FL,653,655,752",,,"Oct 13, 2008",,,,,,,,,,,
A30 - Interlagos Blue Metallic,,NCH1 - Silver Novillo Leather,,WBSWD93529PY43723,,PY43723,"MSRP,ZCW,ZPP.1,ZTP,2MT.1,403,507,6FL,653,655,752",,,"Oct 13, 2008",550,,,,,,,,,,
300 - Alpine White,,NCSW - Black Novillo Leather,,WBSWD93549PY43724,,PY43724,"MSRP,ZCW,ZPP.3,ZTP,2MK,2MT.1,6FL,6NF,653,655,752",,,"Oct 13, 2008",,,,,,,,,,,
300 - Alpine White,,NCSW - Black Novillo Leather,,WBSWD93569PY43725,,PY43725,"MSRP,ZPP.3,2MK,2MT.1,415,494,507,6FL,6NF",,,"Oct 13, 2008",,,,,,,,,,,
300 - Alpine White,,NCH3 - Beige Novillo Leather,,WBSWD93589PY43726,,PY43726,"MSRP,ZPP.2,ZTP,2MK,2MT.1,403,415,494,507,6FL,6NF,653,655,752",,,"Oct 13, 2008",,,,,,,,,,,
A73 - Jerez Black Metallic,,NCSW - Black Novillo Leather,,WBSWD935X9PY43727,,PY43727,"MSRP,ZCW,ZPP.3,ZTP,2MK,2MT.1,403,6FL,6NF,653,655,752",,,"Oct 13, 2008",550,,,,,,,,,,
A75 - Melbourne Red Metallic,,NDH3 - Beige Novillo Extended Leather,,WBSWD93519PY43728,,PY43728,"MSRP,ZPP.3,ZTP,2MT.1,403,6FL,653,655,752",,,"Oct 13, 2008",550/1100,,,,,,,,,,
A75 - Melbourne Red Metallic,,NDSW - Black Extended Novillo Leather,,WBSWD93539PY43729,,PY43729,"MSRP,ZCW,ZPP.3,ZTP,2MK,2MT.1,6FL,653,655,752",,,"Oct 14, 2008",550/1100,,,,,,,,,,
668 - Jet Black,,NCSW - Black Novillo Leather,,WBSWD935X9PY43730,,PY43730,"MSRP,ZCW,ZPP.3,ZTP,2MK,2MT.1,653,655,752",,,"Oct 14, 2008",,,,,,,,,,,
300 - Alpine White,,NDSW - Black Extended Novillo Leather,,WBSWD93519PY43731,,PY43731,"MSRP,ZCW,ZPP.3,ZTP,2MK,2MT.1,6FL,653,655,752",,,"Oct 14, 2008",1100,,,,,,,,,,
A73 - Jerez Black Metallic,,NCH3 - Beige Novillo Leather,,WBSWD93539PY43732,,PY43732,"MSRP,ZCW,ZPP.2,ZTP,2MK,507,6FL,653,655",,,"Oct 14, 2008",550,,,,,,,,,,
668 - Jet Black,,NCH2 - Fox Red Novillo Leather,,WBSWD93559PY43733,,PY43733,"MSRP,ZPP.3,ZTP,2MT.1,507,6FL,6NF,653,752,863",,,"Oct 14, 2008",,,,,,,,,,,
A73 - Jerez Black Metallic,,NCSW - Black Novillo Leather,,WBSWD93579PY43734,,PY43734,"MSRP,ZPP.3,ZTP,2MK,2MT.1,403,6FL,6NF,653,655,752",,,"Oct 14, 2008",550,,,,,,,,,,
A73 - Jerez Black Metallic,,NDSW - Black Extended Novillo Leather,,WBSWD93599PY43735,,PY43735,"MSRP,ZCW,ZPP.3,ZTP,2MK,2MT.1,403,6FL,653,655,752",,,"Oct 14, 2008",550/1100,,,,,,,,,,
A52 - Space Gray Metallic,,NCH2 - Fox Red Novillo Leather,,WBSWD93509PY43736,,PY43736,"MSRP,ZCW,ZPP.3,ZTP,2MK,2MT.1,403,507,6FL,6NF,653,655,752",,,"Oct 14, 2008",550,,,,,,,,,,
A75 - Melbourne Red Metallic,,NCSW - Black Novillo Leather,,WBSWD93529PY43737,,PY43737,"MSRP,ZCW,ZPP.3,ZTP,2MK,2MT.1,403,507,6FL,6NF,653,655,752",,,"Oct 14, 2008",550,,,,,,,,,,
A52 - Space Gray Metallic,,NCSW - Black Novillo Leather,,WBSWD93549PY43738,,PY43738,"MSRP,ZCW,ZPP.3,ZTP,2MK,653,655,752",,,"Oct 14, 2008",550,,,,,,,,,,
300 - Alpine White,,NCH2 - Fox Red Novillo Leather,,WBSWD93569PY43739,,PY43739,"MSRP,ZPP.3,ZTP,2MK,2MT.1,494,507,6FL,6NF,653,655,752",,,"Oct 14, 2008",,,,,,,,,,,
668 - Jet Black,,NCSW - Black Novillo Leather,,WBSWD93529PY43740,,PY43740,"MSRP,ZPP.3,ZTP,2MK,2MT.1,494,507,6FL,6NF,653,655,752",,,"Oct 14, 2008",,,,,,,,,,,
668 - Jet Black,,NCSW - Black Novillo Leather,,WBSWD93549PY43741,,PY43741,"MSRP,ZTP,2MK,2MT.1,639,6FL,653,752,771",,,"Oct 14, 2008",950,,,,,,,,,,
300 - Alpine White,,GEAT - Anthracite/Black Cloth & Leather,,WBSWD93569PY43742,,PY43742,"MSRP,ZPP.3,2MK,2MT.1,223,494,609,6FL,6NF,653,752",,,"Oct 14, 2008",,,,,,,,,,,
668 - Jet Black,,NCH2 - Fox Red Novillo Leather,,WBSWD93589PY43743,,PY43743,"MSRP,ZPP.1,ZTP,2MK,2MT.1,6FL,653,655,752",,,"Oct 14, 2008",,,,,,,,,,,
300 - Alpine White,,NCSW - Black Novillo Leather,,WBSWD935X9PY43744,,PY43744,"MSRP,ZCW,ZPP.3,ZTP,2MK,2MT.1,6FL,653,655,752",,,"Oct 14, 2008",,,,,,,,,,,
300 - Alpine White,,NCSW - Black Novillo Leather,,WBSWD93519PY43745,,PY43745,"MSRP,ZCW,ZPP.3,ZTP,2MK,2MT.1,6FL,653,752",,,"Oct 15, 2008",,,,,,,,,,,
300 - Alpine White,,NCSW - Black Novillo Leather,,WBSWD93539PY43746,,PY43746,"MSRP,ZCW,ZPP.1,ZTP,2MT.1,6FL,653,752",,,"Oct 15, 2008",,,,,,,,,,,
668 - Jet Black,,NCSW - Black Novillo Leather,,WBSWD93559PY43747,,PY43747,"MSRP,ZPP.1,ZTP,2MK,2MT.1,494,6FL,653,655,752",,,"Oct 15, 2008",,,,,,,,,,,
300 - Alpine White,,NCSW - Black Novillo Leather,,WBSWD93579PY43748,,PY43748,"MSRP,ZPP.1,ZTP,2MK,2MT.1,415,494,507,6FL,6NF,653",,,"Oct 15, 2008",,,,,,,,,,,
668 - Jet Black,,NCSW - Black Novillo Leather,,WBSWD93599PY43749,,PY43749,"MSRP,ZPP.3,ZTP,2MK,2MT.1,507,6FL,6NF,653,655,752",,,"Oct 15, 2008",,,,,,,,,,,
668 - Jet Black,,NCSW - Black Novillo Leather,,WBSWD93559PY43750,,PY43750,"MSRP,ZPP.3,ZTP,2MK,2MT.1,494,507,6FL,653",,,"Oct 15, 2008",,,,,,,,,,,
668 - Jet Black,,NCSW - Black Novillo Leather,,WBSWD93579PY43751,,PY43751,"MSRP,ZPP.3,ZTP,2MK,2MT.1,494,507,6FL,6NF,653,655,752",,,"Oct 15, 2008",,,,,,,,,,,
300 - Alpine White,,NCH3 - Beige Novillo Leather,,WBSWD93599PY43752,,PY43752,"MSRP,ZCW,ZPP.2,ZTP,2MK,2MT.1,507,6FL,6NF,653,655,752",,,"Oct 15, 2008",,,,,,,,,,,
A30 - Interlagos Blue Metallic,,NCSW - Black Novillo Leather,,WBSWD93509PY43753,,PY43753,"MSRP,ZCW,ZPP.3,ZTP,2MK,2MT.1,6FL,6NF,653,655,752",,,"Oct 16, 2008",550,,,,,,,,,,
A73 - Jerez Black Metallic,,NCSW - Black Novillo Leather,,WBSWD93529PY43754,,PY43754,"MSRP,ZPP.3,ZTP,2MK,2MT.1,494,6FL,6NF,653,655,752",,,"Oct 16, 2008",550,,,,,,,,,,
300 - Alpine White,,NCSW - Black Novillo Leather,,WBSWD93549PY43755,,PY43755,"MSRP,ZCW,ZPP.1,ZTP,6FL,653",,,"Oct 16, 2008",,,,,,,,,,,
A52 - Space Gray Metallic,,NCH1 - Silver Novillo Leather,,WBSWD93569PY43756,,PY43756,"MSRP,ZCW,ZPP.3,ZTP,2MK,2MT.1,507,6FL,653,655,752",,,"Oct 16, 2008",550,,,,,,,,,,
300 - Alpine White,,NCH2 - Fox Red Novillo Leather,,WBSWD93589PY43757,,PY43757,"MSRP,ZPP.3,ZTP,2MK,2MT.1,6FL,653,752",,,"Oct 16, 2008",,,,,,,,,,,
A52 - Space Gray Metallic,,NCSW - Black Novillo Leather,,WBSWD935X9PY43758,,PY43758,"MSRP,ZPP.2,2MK,2MT.1,223,507,6FL,6NF,653",,,"Oct 16, 2008",550,,,,,,,,,,
668 - Jet Black,,NCSW - Black Novillo Leather,,WBSWD93519PY43759,,PY43759,"MSRP,ZCW,ZPP.3,403,6FL,6NF",,,"Oct 17, 2008",,,,,,,,,,,
A29 - Silverstone Metallic II,,NCSW - Black Novillo Leather,,WBSWD93589PY43760,,PY43760,"MSRP,2MK,2MT.1,403,494,4MX,653,655",,,"Oct 17, 2008",550/950,,,,,,,,,,
A52 - Space Gray Metallic,,NCH2 - Fox Red Novillo Leather,,WBSWD935X9PY43761,,PY43761,"MSRP,ZPP.1,ZTP,2MK,2MT.1,494,6FL,6NF,653,752",,,"Oct 17, 2008",550,,,,,,,,,,
300 - Alpine White,,NDH2 - Fox Red Extended Leather,,WBSWD93519PY43762,,PY43762,"MSRP,ZCW,ZPP.3,ZTP,2MK,2MT.1,507,6FL,653,655,752",,,"Oct 17, 2008",1100,,,,,,,,,,
668 - Jet Black,,NCSW - Black Novillo Leather,,WBSWD93539PY43763,,PY43763,"MSRP,ZPP.3,ZTP,2MK,2MT.1,507,653,655,752",,,"Oct 17, 2008",,,,,,,,,,,
A73 - Jerez Black Metallic,,NCH3 - Beige Novillo Leather,,WBSWD93559PY43764,,PY43764,"MSRP,ZPP.3,ZTP,2MK,2MT.1,507,6FL,653,655,752",,,"Oct 17, 2008",550,,,,,,,,,,
668 - Jet Black,,NCSW - Black Novillo Leather,,WBSWD93579PY43765,,PY43765,"MSRP,ZPP.3,ZTP,2MK,2MT.1,507,6FL,6NF,653,655,752",,,"Oct 17, 2008",,,,,,,,,,,
A73 - Jerez Black Metallic,,NCSW - Black Novillo Leather,,WBSWD93599PY43766,,PY43766,"MSRP,ZPP.3,ZTP,2MK,2MT.1,507,6FL,653",,,"Oct 17, 2008",550,,,,,,,,,,
668 - Jet Black,,NCH2 - Fox Red Novillo Leather,,WBSWD93509PY43767,,PY43767,"MSRP,ZCW,ZPP.1,ZTP,2MT.1,6FL,653,752",,,"Oct 17, 2008",,,,,,,,,,,
A52 - Space Gray Metallic,,NCSW - Black Novillo Leather,,WBSWD93529PY43768,,PY43768,"MSRP,ZCW,ZPP.3,2MT.1,223,302,322,6FL,655,752",,,"Oct 17, 2008",550,,,,,,,,,,
A73 - Jerez Black Metallic,,NCSW - Black Novillo Leather,,WBSWD93549PY43769,,PY43769,"MSRP,ZCW,ZPP.3,ZTP,2MT.1,302,415,507,6FL,653,655,752",,,"Oct 17, 2008",550,,,,,,,,,,
300 - Alpine White,,NCSW - Black Novillo Leather,,WBSWD93509PY43770,,PY43770,"MSRP,ZCW,ZPP.2,2MT.1,223,6FL,655",,,"Oct 18, 2008",,,,,,,,,,,
668 - Jet Black,,NCSW - Black Novillo Leather,,WBSWD93529PY43771,,PY43771,"MSRP,ZPP.3,ZTP,2MK,2MT.1,403,494,6FL,653,655,752",,,"Oct 18, 2008",,,,,,,,,,,
A29 - Silverstone Metallic II,,NCSW - Black Novillo Leather,,WBSWD93549PY43772,,PY43772,"MSRP,ZPP.1,ZTP,2MT.1,302,403,6FL,6NF,653,655,752",,,"Oct 18, 2008",550,,,,,,,,,,
A73 - Jerez Black Metallic,,NCSW - Black Novillo Leather,,WBSWD93569PY43773,,PY43773,"MSRP,ZCW,ZPP.1,2MK,2MT.1,302,322,415,507,609,6FL,653,655,752",,,"Oct 18, 2008",550,,,,,,,,,,
300 - Alpine White,,NCSW - Black Novillo Leather,,WBSWD93589PY43774,,PY43774,"MSRP,ZPP.3,ZTP,2MK,2MT.1,415,494,507,6FL,6NF,653,655,752",,,"Oct 18, 2008",,,,,,,,,,,
A52 - Space Gray Metallic,,NCSW - Black Novillo Leather,,WBSWD935X9PY43775,,PY43775,"MSRP,ZPP.3,ZTP,2MT.1,415,6FL,6NF,653,752",,,"Oct 18, 2008",550,,,,,,,,,,
668 - Jet Black,,NDSW - Black Extended Novillo Leather,,WBSWD93519PY43776,,PY43776,"MSRP,ZPP.3,ZTP,2MK,2MT.1,415,507,6FL,653,752",,,"Oct 20, 2008",1100,,,,,,,,,,
300 - Alpine White,,NCH2 - Fox Red Novillo Leather,,WBSWD93539PY43777,,PY43777,"MSRP,ZCW,ZTP,6FL,653,771",,,"Oct 20, 2008",950,,,,,,,,,,
300 - Alpine White,,NCSW - Black Novillo Leather,,WBSWD93559PY43778,,PY43778,"MSRP,ZPP.3,ZTP,2MK,2MT.1,403,494,507,6FL,6NF,653,655,752",,,"Oct 20, 2008",,,,,,,,,,,
A52 - Space Gray Metallic,,NDH2 - Fox Red Extended Leather,,WBSWD93579PY43779,,PY43779,"MSRP,ZCW,ZPP.3,ZTP,2MK,2MT.1,415,507,6FL,6NF,653,655,752",,,"Oct 20, 2008",550/1100,,,,,,,,,,
300 - Alpine White,,GEAT - Anthracite/Black Cloth & Leather,,WBSWD93539PY43780,,PY43780,"MSRP,2MT.1,223,415,494,507,653,771",,,"Oct 20, 2008",,,,,,,,,,,
A52 - Space Gray Metallic,,NDH3 - Beige Novillo Extended Leather,,WBSWD93559PY43781,,PY43781,"MSRP,ZCW,ZPP.2,ZTP,2MK,2MT.1,507,6FL,653,655,752",,,"Oct 20, 2008",550/1100,,,,,,,,,,
A29 - Silverstone Metallic II,,NDSW - Black Extended Novillo Leather,,WBSWD93579PY43782,,PY43782,"MSRP,ZPP.1,ZTP,2MK,2MT.1,415,507,6FL,6NF,653,655,752",,,"Oct 20, 2008",550/1100,,,,,,,,,,
A29 - Silverstone Metallic II,,NCSW - Black Novillo Leather,,WBSWD93599PY43783,,PY43783,"MSRP,2MK,2MT.1,494,4MX,507,6FL",,,"Oct 21, 2008",550/950,,,,,,,,,,
300 - Alpine White,,NCH2 - Fox Red Novillo Leather,,WBSWD93509PY43784,,PY43784,"MSRP,ZPP.3,ZTP,494,507,6FL,653,655",,,"Oct 21, 2008",,,,,,,,,,,
668 - Jet Black,,NCSW - Black Novillo Leather,,WBSWD93529PY43785,,PY43785,"MSRP,ZPP.3,ZTP,2MK,2MT.1,403,6FL,653,655,752",,,"Oct 21, 2008",,,,,,,,,,,
A29 - Silverstone Metallic II,,NCH1 - Silver Novillo Leather,,WBSWD93549PY43786,,PY43786,"MSRP,ZPP.3,ZTP,2MK,2MT.1,6FL,6NF,653,655,752",,,"Oct 21, 2008",550,,,,,,,,,,
A29 - Silverstone Metallic II,,NCSW - Black Novillo Leather,,WBSWD93569PY43787,,PY43787,"MSRP,ZCW,ZPP.3,ZTP,2MK,2MT.1,6FL,653,655",,,"Oct 21, 2008",550,,,,,,,,,,
300 - Alpine White,,NCH1 - Silver Novillo Leather,,WBSWD93589PY43788,,PY43788,"MSRP,ZPP.3,ZTP,2MK,6FL,653",,,"Oct 21, 2008",,,,,,,,,,,
300 - Alpine White,,NCSW - Black Novillo Leather,,WBSWD935X9PY43789,,PY43789,"MSRP,ZPP.1,ZTP,2MK,2MT.1,494,6FL,653,752",,,"Oct 21, 2008",,,,,,,,,,,
300 - Alpine White,,NDSW - Black Extended Novillo Leather,,WBSWD93569PY43790,,PY43790,"MSRP,ZCW,ZPP.3,ZTP,2MT.1,507,6FL,653,752",,,"Oct 21, 2008",1100,,,,,,,,,,
A75 - Melbourne Red Metallic,,NCSW - Black Novillo Leather,,WBSWD93589PY43791,,PY43791,"MSRP,ZPP.1,ZTP,2MK,2MT.1,415,507,6FL,653,655,752",,,"Oct 21, 2008",550,,,,,,,,,,
668 - Jet Black,,NDSW - Black Extended Novillo Leather,,WBSWD935X9PY43792,,PY43792,"MSRP,ZCW,ZPP.3,ZTP,2MT.1,302,415,507,6FL,653,655,752",,,"Oct 22, 2008",1100,,,,,,,,,,
A30 - Interlagos Blue Metallic,,NCH1 - Silver Novillo Leather,,WBSWD93519PY43793,,PY43793,"MSRP,ZPP.3,ZTP,2MK,2MT.1,302,494,6FL,6NF,653,655,752",,,"Oct 22, 2008",550,,,,,,,,,,
300 - Alpine White,,NCSW - Black Novillo Leather,,WBSWD93539PY43794,,PY43794,"MSRP,ZPP.2,ZTP,2MK,2MT.1,494,507,653",,,"Oct 22, 2008",,,,,,,,,,,
A52 - Space Gray Metallic,,NCH2 - Fox Red Novillo Leather,,WBSWD93559PY43795,,PY43795,"MSRP,ZPP.3,ZTP,2MK,2MT.1,507,6FL,6NF,653,655,752",,,"Oct 22, 2008",550,,,,,,,,,,
300 - Alpine White,,NCSW - Black Novillo Leather,,WBSWD93579PY43796,,PY43796,"MSRP,ZPP.3,ZTP,2MK,2MT.1,507,6FL,6NF,653,655,752",,,"Oct 22, 2008",,,,,,,,,,,
668 - Jet Black,,NCSW - Black Novillo Leather,,WBSWD93599PY43797,,PY43797,"MSRP,ZCW,ZPP.3,ZTP,2MK,2MT.1,507,6FL,6NF,653,655,752",,,"Oct 23, 2008",,,,,,,,,,,
300 - Alpine White,,NCSW - Black Novillo Leather,,WBSWD93509PY43798,,PY43798,"MSRP,ZPP.3,ZTP,2MK,2MT.1,494,507,6FL,6NF,653,655,752",,,"Oct 23, 2008",,,,,,,,,,,
,,NCSW - Black Novillo Leather,,WBSWD93529PY43799,,PY43799,"MSRP,2MK,223,4MX",,,"Oct 28, 2008",950,,,,,,,,,,
300 - Alpine White,,NDSW - Black Extended Novillo Leather,,WBSWD93559PY43800,,PY43800,"MSRP,ZCW,ZPP.3,ZTP,2MK,2MT.1,415,507,6FL,6NF,653,655,752",,,"Oct 23, 2008",1100,,,,,,,,,,
668 - Jet Black,,NCH3 - Beige Novillo Leather,,WBSWD93579PY43801,,PY43801,"MSRP,ZPP.2,2MT.1,403",,,"Oct 23, 2008",,,,,,,,,,,
A52 - Space Gray Metallic,,NCH2 - Fox Red Novillo Leather,,WBSWD93599PY43802,,PY43802,"MSRP,ZPP.3,ZTP,2MK,2MT.1,403,415,494,6FL,6NF,653,655,752",,,"Oct 23, 2008",550,,,,,,,,,,
A29 - Silverstone Metallic II,,NCH1 - Silver Novillo Leather,,WBSWD93509PY43803,,PY43803,"MSRP,ZTP,2MT.1,403,4MX,653,655,752",,,"Oct 24, 2008",550/950,,,,,,,,,,
A30 - Interlagos Blue Metallic,,NCSW - Black Novillo Leather,,WBSWD93529PY43804,,PY43804,"MSRP,ZCW,ZPP.3,ZTP,2MK,2MT.1,403,415,507,6FL,6NF,653,752",,,"Oct 23, 2008",550,,,,,,,,,,
A30 - Interlagos Blue Metallic,,NDH2 - Fox Red Extended Leather,,WBSWD93549PY43805,,PY43805,"MSRP,ZCW,ZPP.3,ZTP,2MK,2MT.1,507,6FL,6NF,653,655",,,"Oct 23, 2008",550/1100,,,,,,,,,,
A73 - Jerez Black Metallic,,NCSW - Black Novillo Leather,,WBSWD93569PY43806,,PY43806,"MSRP,ZPP.3,ZTP,2MK,2MT.1,403,494,6FL,653,752",,,"Oct 23, 2008",550,,,,,,,,,,
668 - Jet Black,,NCSW - Black Novillo Leather,,WBSWD93589PY43807,,PY43807,"MSRP,ZPP.3,ZTP,2MK,2MT.1,403,494,507,6FL,653,655,752",,,"Oct 23, 2008",,,,,,,,,,,
300 - Alpine White,,GEAT - Anthracite/Black Cloth & Leather,,WBSWD935X9PY43808,,PY43808,"MSRP,2MK,2MT.1,639,6FL,6NF,771",,,"Oct 24, 2008",,,,,,,,,,,
A73 - Jerez Black Metallic,,NDSW - Black Extended Novillo Leather,,WBSWD93519PY43809,,PY43809,"MSRP,ZCW,ZPP.3,ZTP,2MK,2MT.1,302,415,507,6FL,653,655,752",,,"Oct 24, 2008",550/1100,,,,,,,,,,
668 - Jet Black,,NCSW - Black Novillo Leather,,WBSWD93589PY43810,,PY43810,"MSRP,ZPP.3,ZTP,2MK,507,6FL,6NF,653,655,752",,,"Oct 24, 2008",,,,,,,,,,,
A29 - Silverstone Metallic II,,NCSW - Black Novillo Leather,,WBSWD935X9PY43811,,PY43811,"MSRP,ZPP.3,2MK",,,"Oct 24, 2008",550,,,,,,,,,,
300 - Alpine White,,NDH3 - Beige Novillo Extended Leather,,WBSWD93519PY43812,,PY43812,"MSRP,ZPP.2,ZTP,2MK,2MT.1,494,507,6FL,6NF,653,655,752",,,"Oct 24, 2008",1100,,,,,,,,,,
668 - Jet Black,,NCSW - Black Novillo Leather,,WBSWD93539PY43813,,PY43813,"MSRP,ZCW,ZPP.3,ZTP,2MK,2MT.1,507,6FL,6NF,653,655,752",,,"Oct 24, 2008",,,,,,,,,,,
668 - Jet Black,,NCH2 - Fox Red Novillo Leather,,WBSWD93559PY43814,,PY43814,"MSRP,ZCW,ZPP.1,ZTP,2MK,2MT.1,6FL,653,752",,,"Oct 24, 2008",,,,,,,,,,,
668 - Jet Black,,NCSW - Black Novillo Leather,,WBSWD93579PY43815,,PY43815,"MSRP,ZPP.3,ZTP,2MK,2MT.1,494,6FL,6NF,653,752",,,"Oct 24, 2008",,,,,,,,,,,
A73 - Jerez Black Metallic,,NCSW - Black Novillo Leather,,WBSWD93599PY43816,,PY43816,"MSRP,ZCW,ZPP.3,ZTP,2MK,2MT.1,403,507,6FL,6NF,653,655,752",,,"Oct 24, 2008",550,,,,,,,,,,
A75 - Melbourne Red Metallic,,NCH3 - Beige Novillo Leather,,WBSWD93509PY43817,,PY43817,"MSRP,ZPP.1,ZTP,2MT.1,403,494,507,6FL,653,752,863",,,"Oct 25, 2008",550,,,,,,,,,,
A73 - Jerez Black Metallic,,NCSW - Black Novillo Leather,,WBSWD93529PY43818,,PY43818,"MSRP,ZCW,ZPP.3,ZTP,2MK,2MT.1,507,6FL,6NF,653,655,752",,,"Oct 27, 2008",550,,,,,,,,,,
A29 - Silverstone Metallic II,,NCSW - Black Novillo Leather,,WBSWD93549PY43819,,PY43819,"MSRP,ZCW,ZPP.1,2MK,2MT.1,653",,,"Oct 27, 2008",550,,,,,,,,,,
A52 - Space Gray Metallic,,NCSW - Black Novillo Leather,,WBSWD93509PY43820,,PY43820,"MSRP,ZPP.2,ZTP,2MK,2MT.1,494,507,6FL,6NF,653,655,752",,,"Oct 27, 2008",550,,,,,,,,,,
A52 - Space Gray Metallic,,NCSW - Black Novillo Leather,,WBSWD93529PY43821,,PY43821,"MSRP,ZCW,ZPP.1,2MT.1,322,609,6FL,653,655",,,"Oct 27, 2008",550,,,,,,,,,,
300 - Alpine White,,NCH2 - Fox Red Novillo Leather,,WBSWD93549PY43822,,PY43822,"MSRP,ZPP.3,ZTP,2MT.1,6FL,653,752",,,"Oct 27, 2008",,,,,,,,,,,
A52 - Space Gray Metallic,,NDSW - Black Extended Novillo Leather,,WBSWD93569PY43823,,PY43823,"MSRP,ZCW,ZPP.3,2MK,2MT.1,322,507,609,6FL,6NF,653,655,752",,,"Oct 27, 2008",550/1100,,,,,,,,,,
300 - Alpine White,,NCH2 - Fox Red Novillo Leather,,WBSWD93589PY43824,,PY43824,"MSRP,ZTP,4MY,653",,,"Oct 27, 2008",950,,,,,,,,,,
A52 - Space Gray Metallic,,NCSW - Black Novillo Leather,,WBSWD935X9PY43825,,PY43825,"MSRP,ZPP.3,ZTP,2MT.1,494,6FL,653,863",,,"Oct 27, 2008",550,,,,,,,,,,
300 - Alpine White,,NCH2 - Fox Red Novillo Leather,,WBSWD93519PY43826,,PY43826,"MSRP,ZCW,ZPP.2,ZTP,2MK,2MT.1,403,6FL,6NF,653,752",,,"Oct 27, 2008",,,,,,,,,,,
A73 - Jerez Black Metallic,,NDH3 - Beige Novillo Extended Leather,,WBSWD93539PY43827,,PY43827,"MSRP,ZCW,ZPP.3,ZTP,2MK,2MT.1,403,415,507,6FL,6NF,653,655,752",,,"Oct 27, 2008",550/1100,,,,,,,,,,
300 - Alpine White,,NCSW - Black Novillo Leather,,WBSWD93559PY43828,,PY43828,"MSRP,ZPP.3,ZTP,2MK,2MT.1,507,6FL,6NF,653,655,752",,,"Oct 28, 2008",,,,,,,,,,,
668 - Jet Black,,NCSW - Black Novillo Leather,,WBSWD93579PY43829,,PY43829,"MSRP,ZPP.2,ZTP,2MK,2MT.1,403,494,6FL,6NF,653",,,"Oct 28, 2008",,,,,,,,,,,
300 - Alpine White,,NDSW - Black Extended Novillo Leather,,WBSWD93539PY43830,,PY43830,"MSRP,ZCW,ZPP.3,ZTP,2MK,2MT.1,415,507,6FL,6NF,653,655,752",,,"Oct 28, 2008",1100,,,,,,,,,,
A75 - Melbourne Red Metallic,,NCSW - Black Novillo Leather,,WBSWD93559PY43831,,PY43831,"MSRP,ZPP.3,ZTP,2MK,2MT.1,6FL,6NF,653,655,752",,,"Oct 28, 2008",550,,,,,,,,,,
A29 - Silverstone Metallic II,,NCH1 - Silver Novillo Leather,,WBSWD93579PY43832,,PY43832,"MSRP,ZPP.3,ZTP,2MK,2MT.1,403,494,507,6FL,6NF,653,655,752",,,"Oct 28, 2008",550,,,,,,,,,,
A52 - Space Gray Metallic,,NCSW - Black Novillo Leather,,WBSWD93599PY43833,,PY43833,"MSRP,ZPP.1,ZTP,2MK,2MT.1,403,6FL,653,655,752",,,"Oct 28, 2008",550,,,,,,,,,,
A30 - Interlagos Blue Metallic,,NCSW - Black Novillo Leather,,WBSWD93509PY43834,,PY43834,"MSRP,ZCW,ZPP.1,ZTP,2MK,2MT.1,507,6FL,6NF,653,752,863",,,"Oct 28, 2008",550,,,,,,,,,,
668 - Jet Black,,NCSW - Black Novillo Leather,,WBSWD93529PY43835,,PY43835,"MSRP,ZCW,2MT.1,223,6FL,771",,,"Oct 28, 2008",950,,,,,,,,,,
A29 - Silverstone Metallic II,,NCH1 - Silver Novillo Leather,,WBSWD93549PY43836,,PY43836,"MSRP,ZPP.1,ZTP,2MK,2MT.1,494,6FL,6NF,653",,,"Oct 28, 2008",550,,,,,,,,,,
668 - Jet Black,,NCH3 - Beige Novillo Leather,,WBSWD93569PY43837,,PY43837,"MSRP,ZPP.2,403",,,"Oct 29, 2008",,,,,,,,,,,
A30 - Interlagos Blue Metallic,,NCSW - Black Novillo Leather,,WBSWD93589PY43838,,PY43838,"MSRP,ZCW,ZPP.2,ZTP,2MK,2MT.1,6FL,6NF,653,655",,,"Oct 29, 2008",550,,,,,,,,,,
A52 - Space Gray Metallic,,NDH2 - Fox Red Extended Leather,,WBSWD935X9PY43839,,PY43839,"MSRP,2MK,2MT.1,322,4MY,507,609,6FL,6NF,653,655,752",,,"Oct 29, 2008",550/2000,,,,,,,,,,
A29 - Silverstone Metallic II,,NCSW - Black Novillo Leather,,WBSWD93569PY43840,,PY43840,"MSRP,2MT.1,4MY,609,6FL,653,655,752",,,"Oct 29, 2008",550/950,,,,,,,,,,
A30 - Interlagos Blue Metallic,,NCH1 - Silver Novillo Leather,,WBSWD93589PY43841,,PY43841,"MSRP,ZCW,ZPP.3,ZTP,2MK,2MT.1,403,6FL,653,655,752",,,"Oct 29, 2008",550,,,,,,,,,,
A52 - Space Gray Metallic,,NCSW - Black Novillo Leather,,WBSWD935X9PY43842,,PY43842,"MSRP,ZCW,ZPP.3,2MT.1,403,609,6FL,6NF,653,752",,,"Oct 29, 2008",550,,,,,,,,,,
A52 - Space Gray Metallic,,NCSW - Black Novillo Leather,,WBSWD93519PY43843,,PY43843,"MSRP,ZPP.1,ZTP,2MK,2MT.1,403,494,507,6FL,6NF,653,752",,,"Oct 29, 2008",550,,,,,,,,,,
A52 - Space Gray Metallic,,NCH2 - Fox Red Novillo Leather,,WBSWD93539PY43844,,PY43844,"MSRP,ZCW,ZPP.3,2MK,2MT.1,223,403,507,6FL,653,655",,,"Oct 29, 2008",550,,,,,,,,,,
A52 - Space Gray Metallic,,NCSW - Black Novillo Leather,,WBSWD93559PY43845,,PY43845,"MSRP,ZCW,ZPP.1,2MK,2MT.1,302,322,403,415,507,609,6FL,653,655,752",,,"Oct 29, 2008",550,,,,,,,,,,
668 - Jet Black,,NCSW - Black Novillo Leather,,WBSWD93579PY43846,,PY43846,"MSRP,ZCW,2MK,2MT.1,507,6FL,771",,,"Oct 30, 2008",950,,,,,,,,,,
300 - Alpine White,,NDH3 - Beige Novillo Extended Leather,,WBSWD93599PY43847,,PY43847,"MSRP,ZCW,ZPP.3,2MK,2MT.1,302,322,415,507,609,6FL,653,655,752",,,"Oct 30, 2008",1100,,,,,,,,,,
A73 - Jerez Black Metallic,,NCH1 - Silver Novillo Leather,,WBSWD93509PY43848,,PY43848,"MSRP,ZPP.3,ZTP,2MK,2MT.1,403,6FL,653,655,752",,,"Oct 30, 2008",550,,,,,,,,,,
A29 - Silverstone Metallic II,,NDSW - Black Extended Novillo Leather,,WBSWD93529PY43849,,PY43849,"MSRP,ZPP.3,ZTP,2MK,403,6FL,653,655",,,"Oct 30, 2008",550/1100,,,,,,,,,,
A73 - Jerez Black Metallic,,NCSW - Black Novillo Leather,,WBSWD93599PY43850,,PY43850,"MSRP,ZPP.3,2MT.1,403,6FL,6NF",,,"Oct 30, 2008",550,,,,,,,,,,
668 - Jet Black,,NCSW - Black Novillo Leather,,WBSWD93509PY43851,,PY43851,"MSRP,ZPP.3,ZTP,2MK,2MT.1,403,494,507,6FL,6NF,653,655,752",,,"Oct 30, 2008",,,,,,,,,,,
A73 - Jerez Black Metallic,,NCSW - Black Novillo Leather,,WBSWD93529PY43852,,PY43852,"MSRP,ZPP.3,ZTP,2MK,403,494,6FL,6NF,653,655",,,"Oct 30, 2008",550,,,,,,,,,,
A52 - Space Gray Metallic,,NDSW - Black Extended Novillo Leather,,WBSWD93549PY43853,,PY43853,"MSRP,ZPP.1,2MT.1,609,653,655",,,"Oct 31, 2008",550/1100,,,,,,,,,,
A73 - Jerez Black Metallic,,NCSW - Black Novillo Leather,,WBSWD93569PY43854,,PY43854,"MSRP,ZCW,ZPP.3,ZTP,2MK,2MT.1,507,6FL,6NF,653,655,752",,,"Oct 31, 2008",550,,,,,,,,,,
300 - Alpine White,,NCSW - Black Novillo Leather,,WBSWD93589PY43855,,PY43855,"MSRP,ZCW,ZPP.3,ZTP,2MT.1,6FL,6NF,653,655,752",,,"Oct 31, 2008",,,,,,,,,,,
300 - Alpine White,,NCH2 - Fox Red Novillo Leather,,WBSWD935X9PY43856,,PY43856,"MSRP,ZCW,ZPP.3,ZTP,2MK,2MT.1,6FL,6NF,653,752",,,"Oct 31, 2008",,,,,,,,,,,
300 - Alpine White,,NCSW - Black Novillo Leather,,WBSWD93519PY43857,,PY43857,"MSRP,ZPP.1,ZTP,2MK,2MT.1,6FL,653,655",,,"Oct 31, 2008",,,,,,,,,,,
300 - Alpine White,,NDSW - Black Extended Novillo Leather,,WBSWD93539PY43858,,PY43858,"MSRP,ZPP.3,ZTP,2MT.1,507,6FL,653,655,752",,,"Oct 31, 2008",1100,,,,,,,,,,
A73 - Jerez Black Metallic,,NCH2 - Fox Red Novillo Leather,,WBSWD93559PY43859,,PY43859,"MSRP,ZPP.3,ZTP,2MK,2MT.1,415,494,507,6FL,653",,,"Oct 31, 2008",550,,,,,,,,,,
300 - Alpine White,,NCH2 - Fox Red Novillo Leather,,WBSWD93519PY43860,,PY43860,"MSRP,ZCW,ZPP.1,ZTP,2MK,2MT.1,403,6FL,6NF,653,655",,,"Oct 31, 2008",,,,,,,,,,,
668 - Jet Black,,NDH1 - Silver Novillo Extended Leather,,WBSWD93539PY43861,,PY43861,"MSRP,ZTP,2MK,2MT.1,403,494,639,6FL,6NF,653,771",,,"Nov 10, 2008",2000,,,,,,,,,,
A75 - Melbourne Red Metallic,,NCSW - Black Novillo Leather,,WBSWD93559PY43862,,PY43862,"MSRP,ZTP,2MK,2MT.1,403,494,6FL,653,771",,,"Nov 11, 2008",550/950,,,,,,,,,,
A52 - Space Gray Metallic,,NCSW - Black Novillo Leather,,WBSWD93579PY43863,,PY43863,"MSRP,ZCW,ZPP.3,ZTP,2MK,2MT.1,403,6FL,653,655,752",,,"Nov 10, 2008",550,,,,,,,,,,
A52 - Space Gray Metallic,,NCH2 - Fox Red Novillo Leather,,WBSWD93599PY43864,,PY43864,"MSRP,ZTP,2MT.1,403,494,6FL,653,752,771",,,"Nov 10, 2008",550/950,,,,,,,,,,
A52 - Space Gray Metallic,,NCSW - Black Novillo Leather,,WBSWD93509PY43865,,PY43865,"MSRP,ZPP.3,223,494,6FL",,,"Nov 10, 2008",550,,,,,,,,,,
A52 - Space Gray Metallic,,NCSW - Black Novillo Leather,,WBSWD93529PY43866,,PY43866,"MSRP,ZPP.3,ZTP,2MK,2MT.1,494,6FL,6NF,653,655,752",,,"Nov 10, 2008",550,,,,,,,,,,
A52 - Space Gray Metallic,,NCSW - Black Novillo Leather,,WBSWD93549PY43867,,PY43867,"MSRP,ZPP.3,2MK,2MT.1",,,"Nov 10, 2008",550,,,,,,,,,,
A52 - Space Gray Metallic,,NDH2 - Fox Red Extended Leather,,WBSWD93569PY43868,,PY43868,"MSRP,ZCW,2MK,403,4MX,609,6FL,653,655",,,"Nov 10, 2008",550/2000,,,,,,,,,,
300 - Alpine White,,NCSW - Black Novillo Leather,,WBSWD93589PY43869,,PY43869,"MSRP,ZPP.1,ZTP,2MK,6FL,6NF,653,752",,,"Nov 10, 2008",,,,,,,,,,,
A52 - Space Gray Metallic,,NCSW - Black Novillo Leather,,WBSWD93549PY43870,,PY43870,"MSRP,ZCW,ZPP.3,ZTP,2MK,2MT.1,507,6FL,6NF,653,752",,,"Nov 10, 2008",550,,,,,,,,,,
A52 - Space Gray Metallic,,NCSW - Black Novillo Leather,,WBSWD93569PY43871,,PY43871,"MSRP,ZPP.3,ZTP,2MK,2MT.1,507,6FL,6NF,653,655,752",,,"Nov 10, 2008",550,,,,,,,,,,
A73 - Jerez Black Metallic,,NCSW - Black Novillo Leather,,WBSWD93589PY43872,,PY43872,"MSRP,ZCW,ZPP.1,ZTP,2MK,2MT.1,507,6FL,6NF,653,655,752",,,"Nov 10, 2008",550,,,,,,,,,,
A52 - Space Gray Metallic,,NDH1 - Silver Novillo Extended Leather,,WBSWD935X9PY43873,,PY43873,"MSRP,ZCW,ZPP.3,ZTP,2MK,507,6FL,653,752",,,"Nov 10, 2008",550/1100,,,,,,,,,,
300 - Alpine White,,NCH1 - Silver Novillo Leather,,WBSWD93519PY43874,,PY43874,"MSRP,ZPP.1,2MT.1,403,507,609,653,655",,,"Nov 11, 2008",,,,,,,,,,,
300 - Alpine White,,NCSW - Black Novillo Leather,,WBSWD93539PY43875,,PY43875,"MSRP,ZCW,ZPP.3,ZTP,2MK,2MT.1,403,6FL,653,655,752",,,"Nov 11, 2008",,,,,,,,,,,
300 - Alpine White,,NCH3 - Beige Novillo Leather,,WBSWD93559PY43876,,PY43876,"MSRP,ZPP.3,2MK,2MT.1,6FL,6NF",,,"Nov 11, 2008",,,,,,,,,,,
668 - Jet Black,,NDSW - Black Extended Novillo Leather,,WBSWD93579PY43877,,PY43877,"MSRP,ZCW,ZPP.3,ZTP,2MK,2MT.1,403,507,6FL,6NF,653,752",,,"Nov 11, 2008",1100,,,,,,,,,,
668 - Jet Black,,NCSW - Black Novillo Leather,,WBSWD93599PY43878,,PY43878,"MSRP,ZPP.3,ZTP,2MK,2MT.1,6FL,6NF,653",,,"Nov 11, 2008",,,,,,,,,,,
300 - Alpine White,,NCSW - Black Novillo Leather,,WBSWD93509PY43879,,PY43879,"MSRP,ZPP.2,ZTP,2MK,2MT.1,494,6FL,653,655,752",,,"Nov 11, 2008",,,,,,,,,,,
A52 - Space Gray Metallic,,NCSW - Black Novillo Leather,,WBSWD93579PY43880,,PY43880,"MSRP,ZPP.3,ZTP,2MK,2MT.1,494,6FL,6NF,653,655,752",,,"Nov 11, 2008",550,,,,,,,,,,
300 - Alpine White,,NCSW - Black Novillo Leather,,WBSWD93599PY43881,,PY43881,"MSRP,ZPP.3,ZTP,2MK,2MT.1,494,507,6FL,6NF,653,655",,,"Nov 11, 2008",,,,,,,,,,,
300 - Alpine White,,NCSW - Black Novillo Leather,,WBSWD93509PY43882,,PY43882,"MSRP,ZPP.1,ZTP,2MK,2MT.1,302,6FL,6NF,653,655,752",,,"Nov 11, 2008",,,,,,,,,,,
A73 - Jerez Black Metallic,,NCSW - Black Novillo Leather,,WBSWD93529PY43883,,PY43883,"MSRP,ZTP,6FL,653,655,752,771",,,"Nov 12, 2008",550/950,,,,,,,,,,
668 - Jet Black,,NCSW - Black Novillo Leather,,WBSWD93549PY43884,,PY43884,"MSRP,ZPP.3,ZTP,2MK,2MT.1,507,6FL,653,655,752",,,"Nov 11, 2008",,,,,,,,,,,
300 - Alpine White,,NCSW - Black Novillo Leather,,WBSWD93569PY43885,,PY43885,"MSRP,ZPP.3,ZTP,2MK,494,507,6FL,6NF,653,655,752",,,"Nov 11, 2008",,,,,,,,,,,
A52 - Space Gray Metallic,,NCSW - Black Novillo Leather,,WBSWD93589PY43886,,PY43886,"MSRP,ZPP.3,ZTP,2MK,2MT.1,403,494,6FL,653,655",,,"Nov 11, 2008",550,,,,,,,,,,
A52 - Space Gray Metallic,,NCSW - Black Novillo Leather,,WBSWD935X9PY43887,,PY43887,"MSRP,ZPP.2,ZTP,2MK,2MT.1,494,507,6FL,653,655,752",,,"Nov 11, 2008",550,,,,,,,,,,
A52 - Space Gray Metallic,,NDH1 - Silver Novillo Extended Leather,,WBSWD93519PY43888,,PY43888,"MSRP,ZCW,ZPP.1,ZTP,2MK,2MT.1,403,507,6FL,653,752",,,"Nov 11, 2008",550/1100,,,,,,,,,,
A73 - Jerez Black Metallic,,NCSW - Black Novillo Leather,,WBSWD93539PY43889,,PY43889,"MSRP,ZCW,ZPP.3,2MT.1,403,609,6FL,653,655",,,"Nov 11, 2008",550,,,,,,,,,,
A73 - Jerez Black Metallic,,NDSW - Black Extended Novillo Leather,,WBSWD935X9PY43890,,PY43890,"MSRP,ZPP.3,ZTP,2MK,2MT.1,403,507,6FL,653,752",,,"Nov 12, 2008",550/1100,,,,,,,,,,
300 - Alpine White,,NCSW - Black Novillo Leather,,WBSWD93519PY43891,,PY43891,"MSRP,ZPP.3,2MK,2MT.1,322,494,507,609,6FL,6NF,653,655,752",,,"Nov 12, 2008",,,,,,,,,,,
300 - Alpine White,,NCSW - Black Novillo Leather,,WBSWD93539PY43892,,PY43892,"MSRP,ZCW,ZPP.3,2MK,2MT.1,322,403,507,609,6FL,6NF,653,655,752",,,"Nov 12, 2008",,,,,,,,,,,
A73 - Jerez Black Metallic,,NCSW - Black Novillo Leather,,WBSWD93559PY43893,,PY43893,"MSRP,ZCW,ZPP.3,ZTP,2MK,2MT.1,403,507,6FL,6NF,653,752",,,"Nov 13, 2008",550,,,,,,,,,,
300 - Alpine White,,NCH2 - Fox Red Novillo Leather,,WBSWD93579PY43894,,PY43894,"MSRP,ZPP.3,ZTP,2MK,2MT.1,494,507,6FL,6NF,653,655",,,"Nov 12, 2008",,,,,,,,,,,
300 - Alpine White,,NCH2 - Fox Red Novillo Leather,,WBSWD93599PY43895,,PY43895,"MSRP,ZCW,ZPP.3,ZTP,2MK,2MT.1,507,6FL,6NF,653,752",,,"Nov 12, 2008",,,,,,,,,,,
A73 - Jerez Black Metallic,,NCH2 - Fox Red Novillo Leather,,WBSWD93509PY43896,,PY43896,"MSRP,ZCW,ZPP.1,ZTP,2MK,2MT.1,507,6FL,6NF,653,752",,,"Nov 12, 2008",550,,,,,,,,,,
A30 - Interlagos Blue Metallic,,NCH1 - Silver Novillo Leather,,WBSWD93529PY43897,,PY43897,"MSRP,ZCW,ZPP.2,ZTP,2MK,2MT.1,507,6FL,6NF,653,752",,,"Nov 12, 2008",550,,,,,,,,,,
A75 - Melbourne Red Metallic,,NCSW - Black Novillo Leather,,WBSWD93549PY43898,,PY43898,"MSRP,ZCW,ZPP.3,ZTP,2MK,2MT.1,507,6FL,6NF,653,752",,,"Nov 12, 2008",550,,,,,,,,,,
A75 - Melbourne Red Metallic,,NCSW - Black Novillo Leather,,WBSWD93569PY43899,,PY43899,"MSRP,ZCW,ZPP.3,ZTP,2MK,2MT.1,403,6FL,653,752",,,"Nov 12, 2008",550,,,,,,,,,,
300 - Alpine White,,NCSW - Black Novillo Leather,,WBSWD93599PY43900,,PY43900,"MSRP,2MT.1,322,4MY,609,6FL,653",,,"Nov 12, 2008",950,,,,,,,,,,
300 - Alpine White,,NCSW - Black Novillo Leather,,WBSWD93509PY43901,,PY43901,"MSRP,ZCW,ZPP.3,ZTP,2MT.1,507,6FL,653,655",,,"Nov 13, 2008",,,,,,,,,,,
A52 - Space Gray Metallic,,NCH2 - Fox Red Novillo Leather,,WBSWD93529PY43902,,PY43902,"MSRP,ZPP.3,ZTP,2MK,2MT.1,494,6FL,653,752",,,"Nov 13, 2008",550,,,,,,,,,,
A52 - Space Gray Metallic,,NCSW - Black Novillo Leather,,WBSWD93549PY43903,,PY43903,"MSRP,ZPP.3,ZTP,2MK,2MT.1,6FL,653,655,752",,,"Nov 13, 2008",550,,,,,,,,,,
A73 - Jerez Black Metallic,,NCSW - Black Novillo Leather,,WBSWD93569PY43904,,PY43904,"MSRP,ZPP.3,ZTP,2MK,2MT.1,494,6FL,6NF,653,655",,,"Nov 13, 2008",550,,,,,,,,,,
300 - Alpine White,,NCSW - Black Novillo Leather,,WBSWD93589PY43905,,PY43905,"MSRP,ZCW,ZPP.3,ZTP,2MK,2MT.1,507,6FL,6NF,653",,,"Nov 13, 2008",,,,,,,,,,,
300 - Alpine White,,NCSW - Black Novillo Leather,,WBSWD935X9PY43906,,PY43906,"MSRP,ZCW,ZPP.2,ZTP,2MT.1,507,6FL,653,752,863",,,"Nov 13, 2008",,,,,,,,,,,
381 - Le Mans Blue Metallic,,NCSW - Black Novillo Leather,,WBSWD93519PY43907,,PY43907,"MSRP,ZPP.3,2MK,2MT.1,223,494,6FL",,,"Nov 13, 2008",550,,,,,,,,,,
381 - Le Mans Blue Metallic,,NCH1 - Silver Novillo Leather,,WBSWD93539PY43908,,PY43908,"MSRP,ZCW,ZPP.1,ZTP,2MK,2MT.1,507,6FL,6NF,653,752",,,"Nov 13, 2008",550,,,,,,,,,,
668 - Jet Black,,NCSW - Black Novillo Leather,,WBSWD93559PY43909,,PY43909,"MSRP,ZPP.3,2MK,2MT.1,494,6FL,6NF",,,"Nov 13, 2008",,,,,,,,,,,
668 - Jet Black,,NCSW - Black Novillo Leather,,WBSWD93519PY43910,,PY43910,"MSRP,2MK,2MT.1,4MY,6FL",,,"Nov 13, 2008",950,,,,,,,,,,
A75 - Melbourne Red Metallic,,NCSW - Black Novillo Leather,,WBSWD93539PY43911,,PY43911,"MSRP,ZPP.3,ZTP,2MK,2MT.1,494,6FL,653,655",,,"Nov 15, 2008",550,,,,,,,,,,
300 - Alpine White,,NCSW - Black Novillo Leather,,WBSWD93559PY43912,,PY43912,"MSRP,ZPP.3,ZTP,2MK,2MT.1,302,6FL,653,752",,,"Nov 13, 2008",,,,,,,,,,,
668 - Jet Black,,NCSW - Black Novillo Leather,,WBSWD93579PY43913,,PY43913,"MSRP,ZPP.3,ZTP,2MK,2MT.1,6FL,6NF,653,655,752",,,"Nov 13, 2008",,,,,,,,,,,
300 - Alpine White,,NCSW - Black Novillo Leather,,WBSWD93599PY43914,,PY43914,"MSRP,ZPP.3,ZTP,2MK,2MT.1,6FL,653,655,752",,,"Nov 13, 2008",,,,,,,,,,,
A73 - Jerez Black Metallic,,NCSW - Black Novillo Leather,,WBSWD93509PY43915,,PY43915,"MSRP,ZPP.3,ZTP,2MK,2MT.1,415,507,6FL,6NF,653,655,752",,,"Nov 13, 2008",550,,,,,,,,,,
300 - Alpine White,,NDH2 - Fox Red Extended Leather,,WBSWD93529PY43916,,PY43916,"MSRP,ZCW,ZPP.3,ZTP,2MK,2MT.1,6FL,6NF,653,655,752",,,"Nov 14, 2008",1100,,,,,,,,,,
668 - Jet Black,,NCSW - Black Novillo Leather,,WBSWD93549PY43917,,PY43917,"MSRP,ZPP.1,ZTP,2MK,2MT.1,403,494,507,6FL,653,655",,,"Nov 14, 2008",,,,,,,,,,,
668 - Jet Black,,NCSW - Black Novillo Leather,,WBSWD93569PY43918,,PY43918,"MSRP,ZPP.1,ZTP,2MK,2MT.1,403,415,494,507,6FL,653,655,752",,,"Nov 14, 2008",,,,,,,,,,,
A29 - Silverstone Metallic II,,NCSW - Black Novillo Leather,,WBSWD93589PY43919,,PY43919,"MSRP,223,4MY,6FL",,,"Nov 15, 2008",550/950,,,,,,,,,,
A75 - Melbourne Red Metallic,,NCSW - Black Novillo Leather,,WBSWD93549PY43920,,PY43920,"MSRP,2MK,6FL,771",,,"Nov 15, 2008",550/950,,,,,,,,,,
300 - Alpine White,,NCSW - Black Novillo Leather,,WBSWD93569PY43921,,PY43921,"MSRP,ZPP.3,ZTP,2MK,2MT.1,494,507,653",,,"Nov 15, 2008",,,,,,,,,,,
A30 - Interlagos Blue Metallic,,NCSW - Black Novillo Leather,,WBSWD93589PY43922,,PY43922,"MSRP,ZPP.1,ZTP,2MK,2MT.1,403,494,6FL,653,655,752",,,"Nov 15, 2008",550,,,,,,,,,,
300 - Alpine White,,NCSW - Black Novillo Leather,,WBSWD935X9PY43923,,PY43923,"MSRP,ZCW,ZPP.1,ZTP,653,752",,,"Nov 15, 2008",,,,,,,,,,,
668 - Jet Black,,NCSW - Black Novillo Leather,,WBSWD93519PY43924,,PY43924,"MSRP,ZPP.1,ZTP,2MK,2MT.1,403,507,6FL,653,752",,,"Nov 15, 2008",,,,,,,,,,,
A73 - Jerez Black Metallic,,NDSW - Black Extended Novillo Leather,,WBSWD93539PY43925,,PY43925,"MSRP,ZCW,ZPP.3,ZTP,2MK,2MT.1,403,415,507,6FL,6NF,653,655,752",,,"Nov 15, 2008",550/1100,,,,,,,,,,
300 - Alpine White,,NCSW - Black Novillo Leather,,WBSWD93559PY43926,,PY43926,"MSRP,ZCW,ZPP.2,ZTP,2MT.1,507,6FL,653",,,"Nov 17, 2008",,,,,,,,,,,
668 - Jet Black,,NCH3 - Beige Novillo Leather,,WBSWD93579PY43927,,PY43927,"MSRP,ZPP.2,ZTP,2MK,2MT.1,6FL,6NF,653,655,752",,,"Nov 17, 2008",,,,,,,,,,,
A73 - Jerez Black Metallic,,NDH2 - Fox Red Extended Leather,,WBSWD93599PY43928,,PY43928,"MSRP,ZPP.3,ZTP,2MT.1,6FL,6NF,653,655,752",,,"Nov 17, 2008",550/1100,,,,,,,,,,
668 - Jet Black,,NCSW - Black Novillo Leather,,WBSWD93509PY43929,,PY43929,"MSRP,ZPP.3,ZTP,2MK,2MT.1,6FL,6NF,653,655,752",,,"Nov 17, 2008",,,,,,,,,,,
381 - Le Mans Blue Metallic,,GEAT - Anthracite/Black Cloth & Leather,,WBSWD93579PY43930,,PY43930,"MSRP,ZTP,2MT.1,4MY,6FL,653",,,"Jan 13, 2009",550,,,,,,,,,,
A30 - Interlagos Blue Metallic,,NCH1 - Silver Novillo Leather,,WBSWD93599PY43931,,PY43931,"MSRP,ZPP.3,ZTP,2MT.1,494,507,6FL,653",,,"Jan 13, 2009",550,,,,,,,,,,
A75 - Melbourne Red Metallic,,NCH3 - Beige Novillo Leather,,WBSWD93509PY43932,,PY43932,"MSRP,ZPP.2,ZTP,494,507,6FL,653",,,"Jan 13, 2009",550,,,,,,,,,,
381 - Le Mans Blue Metallic,,GEAT - Anthracite/Black Cloth & Leather,,WBSWD93529PY43933,,PY43933,"MSRP,ZTP,2MK,2MT.1,494,4MY,6FL,653",,,"Jan 13, 2009",550,,,,,,,,,,
A29 - Silverstone Metallic II,,NCH2 - Fox Red Novillo Leather,,WBSWD93549PY43934,,PY43934,"MSRP,ZPP.3,ZTP,2MK,2MT.1,6FL,653",,,"Jan 19, 2009",550,,,,,,,,,,
A75 - Melbourne Red Metallic,,NCH3 - Beige Novillo Leather,,WBSWD93569PY43935,,PY43935,"MSRP,ZCW,ZTP,2MK,4MZ,6FL,653,655",,,"Jan 19, 2009",550/950,,,,,,,,,,
300 - Alpine White,,NDH2 - Fox Red Extended Leather,,WBSWD93589PY43936,,PY43936,"MSRP,ZCW,ZPP.3,ZTP,2MK,2MT.1,507,6FL,653,655,752",,,"Nov 17, 2008",1100,,,,,,,,,,
668 - Jet Black,,NCSW - Black Novillo Leather,,WBSWD935X9PY43937,,PY43937,"MSRP,ZPP.2,ZTP,2MK,2MT.1,403,6FL,653,655,752",,,"Nov 17, 2008",,,,,,,,,,,
A52 - Space Gray Metallic,,NCSW - Black Novillo Leather,,WBSWD93519PY43938,,PY43938,"MSRP,ZCW,ZPP.3,ZTP,2MK,2MT.1,6FL,653,655",,,"Nov 17, 2008",550,,,,,,,,,,
A29 - Silverstone Metallic II,,NCSW - Black Novillo Leather,,WBSWD93539PY43939,,PY43939,"MSRP,ZPP.3,ZTP,2MK,2MT.1,6FL,653,655,752",,,"Nov 17, 2008",550,,,,,,,,,,
A29 - Silverstone Metallic II,,NCSW - Black Novillo Leather,,WBSWD935X9PY43940,,PY43940,"MSRP,ZPP.3,ZTP,2MK,2MT.1,6FL,653,655,752",,,"Nov 17, 2008",550,,,,,,,,,,
A52 - Space Gray Metallic,,NCH2 - Fox Red Novillo Leather,,WBSWD93519PY43941,,PY43941,"MSRP,ZCW,ZPP.3,ZTP,2MT.1,653,655,752",,,"Nov 18, 2008",550,,,,,,,,,,
A52 - Space Gray Metallic,,NCH1 - Silver Novillo Leather,,WBSWD93539PY43942,,PY43942,"MSRP,ZPP.1,ZTP,653,752",,,"Nov 18, 2008",550,,,,,,,,,,
300 - Alpine White,,NCSW - Black Novillo Leather,,WBSWD93559PY43943,,PY43943,"MSRP,ZCW,ZPP.3,ZTP,2MK,2MT.1,415,507,6FL,6NF,653,655,752",,,"Nov 18, 2008",,,,,,,,,,,
668 - Jet Black,,NDSW - Black Extended Novillo Leather,,WBSWD93579PY43944,,PY43944,"MSRP,ZCW,ZPP.3,ZTP,2MK,2MT.1,415,6FL,6NF,653,655,752",,,"Nov 18, 2008",1100,,,,,,,,,,
300 - Alpine White,,NDH2 - Fox Red Extended Leather,,WBSWD93599PY43945,,PY43945,"MSRP,ZCW,ZPP.3,ZTP,2MT.1,415,507,6FL,6NF,653,655,752",,,"Nov 18, 2008",1100,,,,,,,,,,
A73 - Jerez Black Metallic,,NCSW - Black Novillo Leather,,WBSWD93509PY43946,,PY43946,"MSRP,ZPP.3,ZTP,2MK,2MT.1,403,494,507,6FL,6NF,653,655,752",,,"Nov 18, 2008",550,,,,,,,,,,
668 - Jet Black,,NCSW - Black Novillo Leather,,WBSWD93529PY43947,,PY43947,"MSRP,ZPP.1,ZTP,2MK,2MT.1,403,494,507,6FL,653,655,752",,,"Nov 18, 2008",,,,,,,,,,,
A52 - Space Gray Metallic,,NCH2 - Fox Red Novillo Leather,,WBSWD93549PY43948,,PY43948,"MSRP,ZCW,ZPP.3,2MT.1,403,507,6FL",,,11-18-2008,550,,,,,,,,,,
300 - Alpine White,,NCSW - Black Novillo Leather,,WBSWD93569PY43949,,PY43949,"MSRP,ZPP.3,ZTP,2MK,2MT.1,415,494,507,6FL,653",,,11-18-2008,,,,,,,,,,,
668 - Jet Black,,NCSW - Black Novillo Leather,,WBSWD93529PY43950,,PY43950,"MSRP,ZPP.3,ZTP,2MK,2MT.1,6FL,653,655,752",,,"Nov 18, 2008",,,,,,,,,,,
A52 - Space Gray Metallic,,NDSW - Black Extended Novillo Leather,,WBSWD93549PY43951,,PY43951,"MSRP,ZPP.3,ZTP,2MT.1,494,507,6FL,653,752",,,"Nov 18, 2008",550/1100,,,,,,,,,,
300 - Alpine White,,NDH2 - Fox Red Extended Leather,,WBSWD93569PY43952,,PY43952,"MSRP,ZPP.3,ZTP,2MK,2MT.1,494,507,6FL,6NF,653,655,752",,,"Nov 18, 2008",1100,,,,,,,,,,
A75 - Melbourne Red Metallic,,NCSW - Black Novillo Leather,,WBSWD93589PY43953,,PY43953,"MSRP,ZCW,ZPP.3,ZTP,2MK,2MT.1,403,415,6FL,653,752",,,"Nov 19, 2008",550,,,,,,,,,,
A52 - Space Gray Metallic,,NCH2 - Fox Red Novillo Leather,,WBSWD935X9PY43954,,PY43954,"MSRP,ZTP,2MT.1,403,494,4MY,6FL,653,655,752",,,"Nov 19, 2008",550/950,,,,,,,,,,
A29 - Silverstone Metallic II,,NCSW - Black Novillo Leather,,WBSWD93519PY43955,,PY43955,"MSRP,ZPP.1,ZTP,2MK,2MT.1,403,494,507,6FL,6NF,653",,,"Nov 19, 2008",550,,,,,,,,,,
A73 - Jerez Black Metallic,,NCSW - Black Novillo Leather,,WBSWD93539PY43956,,PY43956,"MSRP,ZPP.1,ZTP,2MK,2MT.1,403,494,6FL,653,655,752",,,"Nov 19, 2008",550,,,,,,,,,,
A29 - Silverstone Metallic II,,NDSW - Black Extended Novillo Leather,,WBSWD93559PY43957,,PY43957,"MSRP,ZPP.3,ZTP,2MK,2MT.1,403,6FL,653,655",,,"Nov 19, 2008",550/1100,,,,,,,,,,
A52 - Space Gray Metallic,,NCSW - Black Novillo Leather,,WBSWD93579PY43958,,PY43958,"MSRP,ZCW,ZPP.3,ZTP,2MT.1,403,6FL,653,752",,,"Nov 19, 2008",550,,,,,,,,,,
668 - Jet Black,,NDSW - Black Extended Novillo Leather,,WBSWD93599PY43959,,PY43959,"MSRP,ZPP.3,ZTP,2MT.1,403,507,6FL,653,752",,,"Nov 19, 2008",1100,,,,,,,,,,
A30 - Interlagos Blue Metallic,,NDH1 - Silver Novillo Extended Leather,,WBSWD93559PY43960,,PY43960,"MSRP,ZCW,ZPP.3,ZTP,2MK,2MT.1,6FL,6NF,653,655,752",,,"Nov 19, 2008",550/1100,,,,,,,,,,
A52 - Space Gray Metallic,,NCSW - Black Novillo Leather,,WBSWD93579PY43961,,PY43961,"MSRP,ZCW,ZPP.3,ZTP,2MK,403,507,6FL,653,752",,,"Nov 19, 2008",550,,,,,,,,,,
668 - Jet Black,,NCSW - Black Novillo Leather,,WBSWD93599PY43962,,PY43962,"MSRP,ZCW,ZPP.1,2MK,2MT.1,609,6FL,6NF,653",,,"Nov 19, 2008",,,,,,,,,,,
A52 - Space Gray Metallic,,NCSW - Black Novillo Leather,,WBSWD93509PY43963,,PY43963,"MSRP,ZCW,ZPP.3,ZTP,2MK,415,507,6FL,6NF,653,655,752",,,"Nov 19, 2008",550,,,,,,,,,,
A73 - Jerez Black Metallic,,NCSW - Black Novillo Leather,,WBSWD93529PY43964,,PY43964,"MSRP,ZCW,ZPP.3,ZTP,2MK,6FL,6NF,653,752",,,"Nov 20, 2008",550,,,,,,,,,,
A73 - Jerez Black Metallic,,NCH3 - Beige Novillo Leather,,WBSWD93549PY43965,,PY43965,"MSRP,ZPP.3,ZTP,2MK,2MT.1,494,6FL,653,863",,,"Nov 20, 2008",550,,,,,,,,,,
300 - Alpine White,,NCH1 - Silver Novillo Leather,,WBSWD93569PY43966,,PY43966,"MSRP,ZCW,ZPP.3,ZTP,2MK,2MT.1,403,653,655",,,"Nov 20, 2008",,,,,,,,,,,
A29 - Silverstone Metallic II,,NCH1 - Silver Novillo Leather,,WBSWD93589PY43967,,PY43967,"MSRP,ZCW,ZPP.1,ZTP,2MK,2MT.1,403,653,752,863",,,"Nov 20, 2008",550,,,,,,,,,,
300 - Alpine White,,NDH3 - Beige Novillo Extended Leather,,WBSWD935X9PY43968,,PY43968,"MSRP,ZCW,ZPP.3,ZTP,2MK,507,6FL,653,863",,,"Nov 20, 2008",1100,,,,,,,,,,
300 - Alpine White,,NCSW - Black Novillo Leather,,WBSWD93519PY43969,,PY43969,"MSRP,ZCW,ZPP.3,ZTP,2MK,2MT.1,6FL,653,655",,,"Nov 21, 2008",,,,,,,,,,,
A52 - Space Gray Metallic,,NCSW - Black Novillo Leather,,WBSWD93589PY43970,,PY43970,"MSRP,ZCW,ZPP.3,ZTP,2MK,2MT.1,403,507,6FL,6NF,653,655,752",,,"Nov 21, 2008",550,,,,,,,,,,
300 - Alpine White,,NCSW - Black Novillo Leather,,WBSWD935X9PY43971,,PY43971,"MSRP,ZCW,ZPP.3,ZTP,2MK,2MT.1,6FL,6NF,653,655",,,"Nov 21, 2008",,,,,,,,,,,
668 - Jet Black,,NCSW - Black Novillo Leather,,WBSWD93519PY43972,,PY43972,"MSRP,ZCW,ZPP.3,ZTP,2MT.1,653,655,752",,,"Nov 21, 2008",,,,,,,,,,,
381 - Le Mans Blue Metallic,,NCSW - Black Novillo Leather,,WBSWD93539PY43973,,PY43973,"MSRP,ZPP.1,ZTP,2MK,2MT.1,494,6FL,653,655",,,"Nov 21, 2008",550,,,,,,,,,,
A52 - Space Gray Metallic,,NCSW - Black Novillo Leather,,WBSWD93559PY43974,,PY43974,"MSRP,ZCW,ZPP.3,ZTP,2MK,2MT.1,403,6FL,6NF,653,655,752",,,"Nov 21, 2008",550,,,,,,,,,,
A52 - Space Gray Metallic,,NCSW - Black Novillo Leather,,WBSWD93579PY43975,,PY43975,"MSRP,ZCW,ZPP.2,ZTP,2MT.1,6FL,6NF,653,655,752",,,"Nov 21, 2008",550,,,,,,,,,,
300 - Alpine White,,NCSW - Black Novillo Leather,,WBSWD93599PY43976,,PY43976,"MSRP,ZCW,ZPP.3,ZTP,2MK,2MT.1,6FL,6NF,653,655,752",,,"Nov 21, 2008",,,,,,,,,,,
381 - Le Mans Blue Metallic,,NCSW - Black Novillo Leather,,WBSWD93509PY43977,,PY43977,"MSRP,ZCW,ZTP,2MK,2MT.1,507,6FL,653,655,752,771",,,"Nov 21, 2008",550/950,,,,,,,,,,
A52 - Space Gray Metallic,,NCSW - Black Novillo Leather,,WBSWD93529PY43978,,PY43978,"MSRP,ZPP.2,ZTP,2MT.1,403,415,494,6FL,653,655,752",,,"Nov 21, 2008",550,,,,,,,,,,
A75 - Melbourne Red Metallic,,NCH3 - Beige Novillo Leather,,WBSWD93549PY43979,,PY43979,"MSRP,ZPP.3,ZTP,2MK,2MT.1,507,6FL,653,655,752",,,"Nov 21, 2008",550,,,,,,,,,,
381 - Le Mans Blue Metallic,,NDSW - Black Extended Novillo Leather,,WBSWD93509PY43980,,PY43980,"MSRP,ZCW,ZPP.3,ZTP,2MK,2MT.1,6FL,653,655,752",,,"Nov 21, 2008",550/1100,,,,,,,,,,
A73 - Jerez Black Metallic,,NCSW - Black Novillo Leather,,WBSWD93529PY43981,,PY43981,"MSRP,ZCW,ZPP.3,2MK,2MT.1,302,322,403,415,507,6FL,655,752",,,"Nov 21, 2008",550,,,,,,,,,,
A73 - Jerez Black Metallic,,NCSW - Black Novillo Leather,,WBSWD93549PY43982,,PY43982,"MSRP,ZCW,ZPP.3,ZTP,2MK,403,6FL,6NF,653,655,752",,,"Nov 22, 2008",550,,,,,,,,,,
A75 - Melbourne Red Metallic,,NCSW - Black Novillo Leather,,WBSWD93569PY43983,,PY43983,"MSRP,ZCW,ZPP.3,ZTP,2MK,2MT.1,6FL,6NF,653,655,752",,,"Nov 22, 2008",550,,,,,,,,,,
668 - Jet Black,,NCSW - Black Novillo Leather,,WBSWD93589PY43984,,PY43984,"MSRP,ZCW,ZPP.3,ZTP,2MK,2MT.1,6FL,6NF,653,655,752",,,"Nov 22, 2008",,,,,,,,,,,
A29 - Silverstone Metallic II,,NCSW - Black Novillo Leather,,WBSWD935X9PY43985,,PY43985,"MSRP,ZCW,ZPP.3,ZTP,2MK,2MT.1,507,6FL,6NF,653,655,752",,,11-22-2008,550,,,,,,,,,,
668 - Jet Black,,NDSW - Black Extended Novillo Leather,,WBSWD93519PY43986,,PY43986,"MSRP,ZCW,ZPP.1,ZTP,2MK,2MT.1,403,507,6FL,6NF,653,655,752",,,"Nov 22, 2008",1100,,,,,,,,,,
A29 - Silverstone Metallic II,,NCH2 - Fox Red Novillo Leather,,WBSWD93539PY43987,,PY43987,"MSRP,ZCW,ZTP,2MT.1,415,4MY,6FL,653,655,752",,,"Nov 22, 2008",550/950,,,,,,,,,,
300 - Alpine White,,NCSW - Black Novillo Leather,,WBSWD93559PY43988,,PY43988,"MSRP,ZCW,ZPP.3,ZTP,2MK,2MT.1,403,507,6FL,653,655,752",,,"Nov 22, 2008",,,,,,,,,,,
300 - Alpine White,,NCH2 - Fox Red Novillo Leather,,WBSWD93579PY43989,,PY43989,"MSRP,ZCW,ZPP.3,ZTP,2MK,2MT.1,403,6FL,653,655,752",,,"Nov 22, 2008",,,,,,,,,,,
300 - Alpine White,,NCSW - Black Novillo Leather,,WBSWD93539PY43990,,PY43990,"MSRP,ZCW,ZPP.3,ZTP,2MK,2MT.1,403,653",,,"Nov 22, 2008",,,,,,,,,,,
300 - Alpine White,,NDH2 - Fox Red Extended Leather,,WBSWD93559PY43991,,PY43991,"MSRP,ZCW,ZPP.3,ZTP,2MK,2MT.1,507,6FL,6NF,653,655,752",,,11-24-2008,1100,,,,,,,,,,
668 - Jet Black,,NCH2 - Fox Red Novillo Leather,,WBSWD93579PY43992,,PY43992,"MSRP,ZTP,2MK,507,653,752,771",,,"Nov 24, 2008",950,,,,,,,,,,
A73 - Jerez Black Metallic,,NCSW - Black Novillo Leather,,WBSWD93599PY43993,,PY43993,"MSRP,ZPP.3,ZTP,2MT.1,415,494,507,6FL,653,752",,,"Nov 24, 2008",550,,,,,,,,,,
A52 - Space Gray Metallic,,NCSW - Black Novillo Leather,,WBSWD93509PY43994,,PY43994,"MSRP,ZCW,ZPP.3,ZTP,2MK,2MT.1,403,507,6FL,6NF,653,655,752",,,"Nov 24, 2008",550,,,,,,,,,,
A52 - Space Gray Metallic,,NCSW - Black Novillo Leather,,WBSWD93529PY43995,,PY43995,"MSRP,ZCW,ZPP.3,ZTP,2MK,2MT.1,403,6FL,6NF,653,655,752",,,"Nov 24, 2008",550,,,,,,,,,,
A29 - Silverstone Metallic II,,NCH1 - Silver Novillo Leather,,WBSWD93549PY43996,,PY43996,"MSRP,ZCW,ZPP.1,ZTP,2MK,2MT.1,403,6FL,653,655,752",,,11-24-2008,550,,,,,,,,,,
381 - Le Mans Blue Metallic,,NCH1 - Silver Novillo Leather,,WBSWD93569PY43997,,PY43997,"MSRP,ZPP.1,2MK,2MT.1,322,403,494,609,6FL,653,752",,,"Nov 25, 2008",550,,,,,,,,,,
A52 - Space Gray Metallic,,NCH2 - Fox Red Novillo Leather,,WBSWD93589PY43998,,PY43998,"MSRP,ZCW,ZPP.3,ZTP,2MT.1,403,415,507,6FL,653",,,"Nov 25, 2008",550,,,,,,,,,,
300 - Alpine White,,NDH2 - Fox Red Extended Leather,,WBSWD935X9PY43999,,PY43999,"MSRP,ZCW,ZPP.1,ZTP,2MK,2MT.1,302,403,415,507,6FL,653,655,752",,,"Nov 25, 2008",1100,,,,,,,,,,
,,,,VIN SKIP,,,,,,,,,,,,,,,,,
381 - Le Mans Blue Metallic,,NCSW - Black Novillo Leather,,WBSWD93569P361000,,P361000,"MSRP,ZCW,ZPP.3,2MK,2MT.1,322,507,609,6FL,6NF,653,655,752",,,11-25-2008,550,,,,,,,,,,
A29 - Silverstone Metallic II,,NCSW - Black Novillo Leather,,WBSWD93589P361001,,P361001,"MSRP,ZCW,ZPP.3,ZTP,2MK,2MT.1,6FL,653,752",,,"Nov 25, 2008",550,,,,,,,,,,
A52 - Space Gray Metallic,,NCSW - Black Novillo Leather,,WBSWD935X9P361002,,P361002,"MSRP,ZPP.1,ZTP,2MK,2MT.1,415,6FL,653",,,"Nov 25, 2008",550,,,,,,,,,,
A30 - Interlagos Blue Metallic,,NCSW - Black Novillo Leather,,WBSWD93519P361003,,P361003,"MSRP,ZCW,ZPP.3,ZTP,2MK,403,6FL,653,655",,,"Nov 26, 2008",550,,,,,,,,,,
300 - Alpine White,,NDH3 - Beige Novillo Extended Leather,,WBSWD93539P361004,,P361004,"MSRP,ZPP.2,ZTP,2MT.1,403,415,494,6FL,653,655,752",,,"Nov 26, 2008",1100,,,,,,,,,,
A52 - Space Gray Metallic,,GEAT - Anthracite/Black Cloth & Leather,,WBSWD93559P361005,,P361005,"MSRP,2MT.1,494,4MY,507,6FL",,,"Nov 26, 2008",550,,,,,,,,,,
A29 - Silverstone Metallic II,,NCSW - Black Novillo Leather,,WBSWD93579P361006,,P361006,"MSRP,ZCW,ZPP.3,ZTP,2MK,302,415,507,6FL,653,655,752",,,11-26-2008,550,,,,,,,,,,
A75 - Melbourne Red Metallic,,NCSW - Black Novillo Leather,,WBSWD93599P361007,,P361007,"MSRP,ZCW,ZPP.1,ZTP,2MT.1,302,415,507,6FL,653,655,752",,,"Nov 26, 2008",550,,,,,,,,,,
A73 - Jerez Black Metallic,,NCSW - Black Novillo Leather,,WBSWD93509P361008,,P361008,"MSRP,ZCW,ZPP.3,2MT.1,302,322,415,507,609,6FL,653,655,752",,,"Nov 26, 2008",550,,,,,,,,,,
300 - Alpine White,,NCSW - Black Novillo Leather,,WBSWD93529P361009,,P361009,"MSRP,ZCW,ZPP.3,ZTP,2MK,2MT.1,415,507,6FL,6NF,653,655,752",,,"Nov 26, 2008",,,,,,,,,,,
A73 - Jerez Black Metallic,,NCSW - Black Novillo Leather,,WBSWD93599P361010,,P361010,"MSRP,ZCW,ZPP.3,ZTP,2MK,2MT.1,6FL,653,655,752",,,"Nov 26, 2008",550,,,,,,,,,,
300 - Alpine White,,NDSW - Black Extended Novillo Leather,,WBSWD93509P361011,,P361011,"MSRP,ZCW,ZPP.3,ZTP,2MK,2MT.1,415,507,6FL,653,752",,,"Nov 26, 2008",1100,,,,,,,,,,
300 - Alpine White,,NDSW - Black Extended Novillo Leather,,WBSWD93529P361012,,P361012,"MSRP,ZCW,ZPP.1,ZTP,2MT.1,302,403,415,507,6FL,653,655,752",,,11-27-2008,1100,,,,,,,,,,
A30 - Interlagos Blue Metallic,,NCSW - Black Novillo Leather,,WBSWD93549P361013,,P361013,"MSRP,ZCW,ZPP.3,ZTP,2MK,2MT.1,6FL,653,863",,,"Nov 27, 2008",550,,,,,,,,,,
668 - Jet Black,,NCSW - Black Novillo Leather,,WBSWD93569P361014,,P361014,"MSRP,ZPP.3,2MK,2MT.1,494,6FL,655",,,"Nov 27, 2008",,,,,,,,,,,
300 - Alpine White,,NCSW - Black Novillo Leather,,WBSWD93589P361015,,P361015,"MSRP,2MK,2MT.1,494,6FL,771",,,"Nov 27, 2008",950,,,,,,,,,,
668 - Jet Black,,NCSW - Black Novillo Leather,,WBSWD935X9P361016,,P361016,"MSRP,ZCW,ZPP.3,ZTP,2MK,2MT.1,6FL,6NF,653,655,752",,,"Nov 27, 2008",,,,,,,,,,,
A52 - Space Gray Metallic,,NCSW - Black Novillo Leather,,WBSWD93519P361017,,P361017,"MSRP,ZPP.3,ZTP,2MK,2MT.1,6FL,653,655,752",,,11-27-2008,550,,,,,,,,,,
A52 - Space Gray Metallic,,NCH2 - Fox Red Novillo Leather,,WBSWD93539P361018,,P361018,"MSRP,ZPP.1,ZTP,2MK,2MT.1,494,6FL,653,655,752",,,"Nov 27, 2008",550,,,,,,,,,,
668 - Jet Black,,NCSW - Black Novillo Leather,,WBSWD93559P361019,,P361019,"MSRP,ZPP.1,ZTP,2MK,507,6FL,6NF,653,655,752",,,"Nov 28, 2008",,,,,,,,,,,
A73 - Jerez Black Metallic,,NCSW - Black Novillo Leather,,WBSWD93519P361020,,P361020,"MSRP,ZPP.3,ZTP,2MT.1,403,494,507,6FL,6NF,653,752,863",,,"Nov 28, 2008",550,,,,,,,,,,
300 - Alpine White,,NCH2 - Fox Red Novillo Leather,,WBSWD93539P361021,,P361021,"MSRP,ZTP,2MT.1,507,6FL,653,752,771,863",,,"Nov 28, 2008",950,,,,,,,,,,
300 - Alpine White,,NDH2 - Fox Red Extended Leather,,WBSWD93559P361022,,P361022,"MSRP,ZCW,ZPP.3,ZTP,2MK,2MT.1,415,507,6FL,653,655,752",,,"Nov 28, 2008",1100,,,,,,,,,,
A73 - Jerez Black Metallic,,NCSW - Black Novillo Leather,,WBSWD93579P361023,,P361023,"MSRP,ZCW,ZPP.2,ZTP,2MK,2MT.1,403,415,507,6FL,6NF,653,655,752",,,11-28-2008,$550.00,,BMW of Mountain View,,,,,,,,
300 - Alpine White,,NDSW - Black Extended Novillo Leather,,WBSWD93599P361024,,P361024,"MSRP,ZCW,ZPP.3,ZTP,2MT.1,507,6FL,653,655,752",,,"Nov 28, 2008","$1,100.00",,,,,,,,,,
300 - Alpine White,,NCH2 - Fox Red Novillo Leather,,WBSWD93509P361025,,P361025,"MSRP,ZCW,ZPP.3,ZTP,2MK,2MT.1,403,507,6FL,6NF,653,655",,,"Nov 29, 2008",,,,,,,,,,,
300 - Alpine White,,NCH2 - Fox Red Novillo Leather,,WBSWD93529P361026,,P361026,"MSRP,ZCW,ZTP,2MK,415,4MY,507,6FL,653,752",,,"Dec 1, 2008",$950.00,,,,,,,,,,
300 - Alpine White,,NCH2 - Fox Red Novillo Leather,,WBSWD93549P361027,,P361027,"MSRP,ZCW,ZPP.3,ZTP,2MT.1,403,507,6FL,653",,,"Dec 1, 2008",,,,,,,,,,,
668 - Jet Black,,NCSW - Black Novillo Leather,,WBSWD93569P361028,,P361028,"MSRP,ZPP.3,ZTP,2MK,2MT.1,494,6FL,6NF,653,655,752",,,"Dec 2, 2008",,,,,,,,,,,
668 - Jet Black,,NCSW - Black Novillo Leather,,WBSWD93589P361029,,P361029,"MSRP,ZPP.3,ZTP,2MK,2MT.1,494,507,6FL,653,752",,,"Dec 2, 2008",,,,,,,,,,,
668 - Jet Black,,NCSW - Black Novillo Leather,,WBSWD93549P361030,,P361030,"MSRP,ZPP.3,ZTP,2MK,2MT.1,494,6FL,653,752",,,"Dec 2, 2008",,,,,,,,,,,
A75 - Melbourne Red Metallic,,NCSW - Black Novillo Leather,,WBSWD93569P361031,,P361031,"MSRP,ZPP.3,ZTP,2MK,507,6FL,653,655,752",,,"Dec 2, 2008",$550.00,,,,,,,,,,
668 - Jet Black,,NDSW - Black Extended Novillo Leather,,WBSWD93589P361032,,P361032,"MSRP,ZCW,ZPP.3,ZTP,2MK,2MT.1,415,507,6FL,6NF,653,655,752",,,"Dec 2, 2008","$1,100.00",,,,,,,,,,
A52 - Space Gray Metallic,,NCSW - Black Novillo Leather,,WBSWD935X9P361033,,P361033,"MSRP,ZCW,ZPP.3,2MK,2MT.1,403,6FL,6NF,653",,,12-03-2008,$550.00,,,,,,,,,,
300 - Alpine White,,NCSW - Black Novillo Leather,,WBSWD93519P361034,,P361034,"MSRP,ZPP.3,ZTP,2MK,2MT.1,494,507,6FL,6NF,653,655,752",,,"Dec 3, 2008",,,,,,,,,,,
A52 - Space Gray Metallic,,NCSW - Black Novillo Leather,,WBSWD93539P361035,,P361035,"MSRP,ZPP.2,ZTP,2MK,2MT.1,415,494,507,6FL,6NF,653,655,752",,,"Dec 3, 2008",$550.00,,,,,,,,,,
668 - Jet Black,,NCSW - Black Novillo Leather,,WBSWD93559P361036,,P361036,"MSRP,ZPP.3,ZTP,2MK,2MT.1,507,6FL,653,655,752",,,"Dec 3, 2008",,,,,,,,,,,
668 - Jet Black,,NCH3 - Beige Novillo Leather,,WBSWD93579P361037,,P361037,"MSRP,ZPP.2,ZTP,2MK,2MT.1,403,494,507,653",,,"Dec 3, 2008",,,,,,,,,,,
A73 - Jerez Black Metallic,,NCSW - Black Novillo Leather,,WBSWD93599P361038,,P361038,"MSRP,ZPP.1,2MK,2MT.1,403,6FL,655",,,"Dec 4, 2008",$550.00,,,,,,,,,,
A73 - Jerez Black Metallic,,NCSW - Black Novillo Leather,,WBSWD93509P361039,,P361039,"MSRP,ZCW,ZPP.1,ZTP,2MK,2MT.1,302,403,6FL,653",,,"Dec 4, 2008",$550.00,,,,,,,,,,
A73 - Jerez Black Metallic,,NCSW - Black Novillo Leather,,WBSWD93579P361040,,P361040,"MSRP,ZCW,ZPP.3,ZTP,2MT.1,403,415,507,6FL,653,655,752",,,12-4-2008,$550.00,,,,,,,,,,
A52 - Space Gray Metallic,,NCH2 - Fox Red Novillo Leather,,WBSWD93599P361041,,P361041,"MSRP,ZCW,ZPP.1,ZTP,2MK,2MT.1,403,6FL,6NF,653,752",,,"Dec 4, 2008",$550.00,,,,,,,,,,
A52 - Space Gray Metallic,,NCH1 - Silver Novillo Leather,,WBSWD93509P361042,,P361042,"MSRP,ZPP.3,ZTP,2MK,2MT.1,403,494,653,655,752",,,"Dec 4, 2008",$550.00,,,,,,,,,,
668 - Jet Black,,NCSW - Black Novillo Leather,,WBSWD93529P361043,,P361043,"MSRP,ZCW,ZPP.3,ZTP,403,653,655",,,"Dec 4, 2008",,,,,,,,,,,
A73 - Jerez Black Metallic,,NCSW - Black Novillo Leather,,WBSWD93549P361044,,P361044,"MSRP,ZCW,ZPP.3,ZTP,2MK,2MT.1,403,6FL,653,752",,,"Dec 4, 2008",$550.00,,,,,,,,,,
A30 - Interlagos Blue Metallic,,NCSW - Black Novillo Leather,,WBSWD93569P361045,,P361045,"MSRP,ZPP.3,ZTP,2MK,2MT.1,403,494,653,752",,,"Dec 4, 2008",$550.00,,,,,,,,,,
A73 - Jerez Black Metallic,,NCSW - Black Novillo Leather,,WBSWD93589P361046,,P361046,"MSRP,ZPP.3,ZTP,2MK,2MT.1,403,494,507,6FL,6NF,653",,,"Dec 4, 2008",$550.00,,,,,,,,,,
668 - Jet Black,,NDSW - Black Extended Novillo Leather,,WBSWD935X9P361047,,P361047,"MSRP,ZCW,ZPP.3,ZTP,2MK,2MT.1,403,507,6FL,6NF,653,655,752",,,"Dec 4, 2008","$1,100.00",,,,,,,,,,
A52 - Space Gray Metallic,,NCSW - Black Novillo Leather,,WBSWD93519P361048,,P361048,"MSRP,ZCW,ZPP.3,ZTP,2MT.1,403,507,6FL,653,655,752",,,"Dec 4, 2008",$550.00,,,,,,,,,,
300 - Alpine White,,NCSW - Black Novillo Leather,,WBSWD93539P361049,,P361049,"MSRP,ZCW,ZPP.2,ZTP,2MK,2MT.1,403,507,6FL,653,655",,,12-5-2008,,,,,,,,,,,
A52 - Space Gray Metallic,,NCH2 - Fox Red Novillo Leather,,WBSWD935X9P361050,,P361050,"MSRP,ZPP.1,2MK,2MT.1,6FL",,,"Dec 5, 2008",$550.00,,,,,,,,,,
A29 - Silverstone Metallic II,,NDH1 - Silver Novillo Extended Leather,,WBSWD93519P361051,,P361051,"MSRP,ZPP.1,ZTP,2MK,2MT.1,653,655,752",,,"Dec 5, 2008",550/1100,,,,,,,,,,
300 - Alpine White,,NCH3 - Beige Novillo Leather,,WBSWD93539P361052,,P361052,"MSRP,ZPP.1,ZTP,2MK,2MT.1,494,507,6FL,653,655,752",,,12-5-2008,,,,,,,,,,,
300 - Alpine White,,NDSW - Black Extended Novillo Leather,,WBSWD93559P361053,,P361053,"MSRP,ZCW,ZPP.1,ZTP,2MK,2MT.1,415,507,6FL,6NF,653,752",,,12-5-2008,1100,,,,,,,,,,
300 - Alpine White,,NCH3 - Beige Novillo Leather,,WBSWD93579P361054,,P361054,"MSRP,2MK,2MT.1,403,507,609,6FL,771",,,"Dec 5, 2008",950,,,,,,,,,,
A52 - Space Gray Metallic,,NCSW - Black Novillo Leather,,WBSWD93599P361055,,P361055,"MSRP,ZPP.3,ZTP,2MK,2MT.1,6FL,6NF,653,655,752",,,"Dec 5, 2008",550,,,,,,,,,,
300 - Alpine White,,NDH2 - Fox Red Extended Leather,,WBSWD93509P361056,,P361056,"MSRP,ZPP.3,ZTP,2MK,2MT.1,653",,,"Dec 5, 2008",1100,,,,,,,,,,
A52 - Space Gray Metallic,,NDH2 - Fox Red Extended Leather,,WBSWD93529P361057,,P361057,"MSRP,ZCW,ZPP.3,ZTP,2MK,2MT.1,415,507,6FL,6NF,653,752",,,"Dec 6, 2008",550/1100,,,,,,,,,,
A29 - Silverstone Metallic II,,NDH1 - Silver Novillo Extended Leather,,WBSWD93549P361058,,P361058,"MSRP,ZCW,ZPP.1,ZTP,2MK,2MT.1,6FL,653,752",,,"Dec 5, 2008",550/1100,,,,,,,,,,
300 - Alpine White,,NCSW - Black Novillo Leather,,WBSWD93569P361059,,P361059,"MSRP,ZPP.3,ZTP,2MK,2MT.1,494,507,6FL,6NF,653,655,752",,,"Dec 5, 2008",,,,,,,,,,,
668 - Jet Black,,NDSW - Black Extended Novillo Leather,,WBSWD93529P361060,,P361060,"MSRP,ZPP.3,ZTP,2MK,2MT.1,415,494,507,6FL,653,655,752",,,"Dec 5, 2008",1100,,,,,,,,,,
A73 - Jerez Black Metallic,,NCSW - Black Novillo Leather,,WBSWD93549P361061,,P361061,"MSRP,ZCW,ZPP.1,ZTP,2MT.1,415,6FL,6NF,653,752,863",,,"Dec 6, 2008",550,,,,,,,,,,
A73 - Jerez Black Metallic,,NDSW - Black Extended Novillo Leather,,WBSWD93569P361062,,P361062,"MSRP,ZCW,ZPP.3,2MK,2MT.1,302,322,403,415,507,609,6FL,653,655,752",,,"Dec 6, 2008",550/1100,,,,,,,,,,
A75 - Melbourne Red Metallic,,NDSW - Black Extended Novillo Leather,,WBSWD93589P361063,,P361063,"MSRP,ZCW,ZPP.3,ZTP,2MK,2MT.1,403,507,6FL,6NF,653,655,752",,,"Dec 6, 2008",550/1100,,,,,,,,,,
A75 - Melbourne Red Metallic,,NCSW - Black Novillo Leather,,WBSWD935X9P361064,,P361064,"MSRP,ZCW,ZPP.3,ZTP,2MK,2MT.1,403,6FL,6NF,653,655,752",,,"Jan 10, 2009",550,,,,,,,,,,
668 - Jet Black,,NDH2 - Fox Red Extended Leather,,WBSWD93519P361065,,P361065,"MSRP,ZPP.3,ZTP,2MK,2MT.1,403,494,507,6FL,653,752",,,"Jan 10, 2009",1100,,,,,,,,,,
A73 - Jerez Black Metallic,,NCH3 - Beige Novillo Leather,,WBSWD93539P361066,,P361066,"MSRP,ZPP.2,ZTP,2MK,2MT.1,403,507,6FL,653,655,752",,,"Jan 10, 2009",550,,,,,,,,,,
A73 - Jerez Black Metallic,,NCH3 - Beige Novillo Leather,,WBSWD93559P361067,,P361067,"MSRP,ZPP.2,ZTP,2MK,2MT.1,403,507,6FL,6NF,653,655,752",,,"Jan 10, 2009",550,,,,,,,,,,
300 - Alpine White,,NCH2 - Fox Red Novillo Leather,,WBSWD93579P361068,,P361068,"MSRP,ZPP.3,ZTP,2MK,403,6FL,6NF,653",,,1-10-2009,,,,,,,,,,,
A29 - Silverstone Metallic II,,NCSW - Black Novillo Leather,,WBSWD93599P361069,,P361069,"MSRP,ZCW,ZPP.3,2MK,302,322,415,507,6FL,655,752",,,"Jan 10, 2009",550,,,,,,,,,,
668 - Jet Black,,NCSW - Black Novillo Leather,,WBSWD93559P361070,,P361070,"MSRP,ZPP.1,2MT.1,494",,,"Jan 10, 2009",,,,,,,,,,,
300 - Alpine White,,NCSW - Black Novillo Leather,,WBSWD93579P361071,,P361071,"MSRP,ZPP.2,2MK,2MT.1,507,655",,,1-10-2009,,,,,,,,,,,
A30 - Interlagos Blue Metallic,,NCSW - Black Novillo Leather,,WBSWD93599P361072,,P361072,"MSRP,ZPP.3,507,6FL,653",,,"Jan 12, 2009",550,,,,,,,,,,
A73 - Jerez Black Metallic,,NDH1 - Silver Novillo Extended Leather,,WBSWD93509P361073,,P361073,"MSRP,ZCW,ZPP.3,ZTP,2MK,2MT.1,507,6FL,653,655,752",,,"Jan 12, 2009",550/1100,,,,,,,,,,
668 - Jet Black,,GEAT - Anthracite/Black Cloth & Leather,,WBSWD93529P361074,,P361074,"MSRP,2MK,2MT.1,494,639,771",,,"Jan 12, 2009",,,,,,,,,,,
300 - Alpine White,,GEAT - Anthracite/Black Cloth & Leather,,WBSWD93549P361075,,P361075,"MSRP,ZCW,ZPP.1,302,322,609,653",,,"Jan 12, 2009",,,,,,,,,,,
668 - Jet Black,,NCSW - Black Novillo Leather,,WBSWD93569P361076,,P361076,"MSRP,ZPP.2,ZTP,2MK,403,507,6FL,653,752",,,"Jan 12, 2009",,,,,,,,,,,
A29 - Silverstone Metallic II,,NDH1 - Silver Novillo Extended Leather,,WBSWD93589P361077,,P361077,"MSRP,ZCW,ZPP.3,ZTP,2MK,302,415,507,6FL,653,655,752",,,"Jan 12, 2009",550/1100,,,,,,,,,,
668 - Jet Black,,NDH3 - Beige Novillo Extended Leather,,WBSWD935X9P361078,,P361078,"MSRP,ZCW,ZPP.1,ZTP,2MK,2MT.1,507,6FL,653,752",,,"Jan 12, 2009",1100,,,,,,,,,,
A52 - Space Gray Metallic,,NCSW - Black Novillo Leather,,WBSWD93519P361079,,P361079,"MSRP,ZCW,ZPP.3,ZTP,2MK,2MT.1,6FL,6NF,653,655,752",,,"Jan 12, 2009",550,,,,,,,,,,
300 - Alpine White,,NCSW - Black Novillo Leather,,WBSWD93589P361080,,P361080,"MSRP,ZCW,ZPP.3,ZTP,2MK,2MT.1,6FL,6NF,653,752",,,"Jan 12, 2009",,,,,,,,,,,
300 - Alpine White,,NDH2 - Fox Red Extended Leather,,WBSWD935X9P361081,,P361081,"MSRP,ZCW,ZPP.3,ZTP,6FL,653,655,752",,,"Jan 13, 2009",1100,,,,,,,,,,
668 - Jet Black,,NCSW - Black Novillo Leather,,WBSWD93519P361082,,P361082,"MSRP,ZPP.3,ZTP,2MK,2MT.1,403,494,6FL,6NF,653,655,752",,,"Jan 12, 2009",,,,,,,,,,,
A52 - Space Gray Metallic,,NCH1 - Silver Novillo Leather,,WBSWD93539P361083,,P361083,"MSRP,ZPP.3,ZTP,2MK,2MT.1,403,494,6FL,653,655,752",,,"Jan 12, 2009",550,,,,,,,,,,
668 - Jet Black,,NCSW - Black Novillo Leather,,WBSWD93559P361084,,P361084,"MSRP,ZPP.3,ZTP,2MK,2MT.1,403,494,6FL,653,655",,,"Jan 12, 2009",,,,,,,,,,,
A73 - Jerez Black Metallic,,NCSW - Black Novillo Leather,,WBSWD93579P361085,,P361085,"MSRP,ZCW,ZPP.3,ZTP,2MK,2MT.1,6FL,653,655,752",,,"Jan 12, 2009",550,,,,,,,,,,
668 - Jet Black,,NCSW - Black Novillo Leather,,WBSWD93599P361086,,P361086,"MSRP,ZPP.2,ZTP,2MK,2MT.1,507,6FL,6NF,653,655",,,"Jan 12, 2009",,,,,,,,,,,
A52 - Space Gray Metallic,,NCSW - Black Novillo Leather,,WBSWD93509P361087,,P361087,"MSRP,ZPP.2,ZTP,2MK,2MT.1,415,494,6FL,6NF,653",,,"Jan 12, 2009",550,,,,,,,,,,
300 - Alpine White,,NCSW - Black Novillo Leather,,WBSWD93529P361088,,P361088,"MSRP,ZPP.3,ZTP,2MK,2MT.1,403,507,6FL,6NF,653,655,752",,,"Jan 12, 2009",,,,,,,,,,,
A29 - Silverstone Metallic II,,NCSW - Black Novillo Leather,,WBSWD93549P361089,,P361089,"MSRP,ZPP.1,ZTP,6FL,653",,,"Jan 12, 2009",550,,,,,,,,,,
668 - Jet Black,,NCH2 - Fox Red Novillo Leather,,WBSWD93509P361090,,P361090,"MSRP,ZPP.3,ZTP,2MK,2MT.1,403,6FL,653",,,"Jan 12, 2009",,,,,,,,,,,
668 - Jet Black,,NCSW - Black Novillo Leather,,WBSWD93529P361091,,P361091,"MSRP,ZPP.3,ZTP,2MK,2MT.1,403,507,6FL,653,655,752",,,"Jan 13, 2009",,,,,,,,,,,
A52 - Space Gray Metallic,,NCSW - Black Novillo Leather,,WBSWD93549P361092,,P361092,"MSRP,ZPP.3,ZTP,2MK,2MT.1,403,494,6FL,6NF,653,655,752",,,"Jan 13, 2009",550,,,,,,,,,,
A52 - Space Gray Metallic,,NCSW - Black Novillo Leather,,WBSWD93569P361093,,P361093,"MSRP,ZPP.3,ZTP,2MK,2MT.1,403,415,494,507,6FL,653,655,752",,,"Jan 13, 2009",550,,,,,,,,,,
668 - Jet Black,,NCSW - Black Novillo Leather,,WBSWD93589P361094,,P361094,"MSRP,ZCW,ZPP.3,ZTP,2MK,2MT.1,403,507,6FL,6NF,653,655,752",,,"Jan 13, 2009",,,,,,,,,,,
A73 - Jerez Black Metallic,,NDSW - Black Extended Novillo Leather,,WBSWD935X9P361095,,P361095,"MSRP,ZPP.3,ZTP,2MK,2MT.1,494,6FL,653,655,752",,,"Jan 13, 2009",550/1100,,,,,,,,,,
668 - Jet Black,,NCSW - Black Novillo Leather,,WBSWD93519P361096,,P361096,"MSRP,ZCW,ZPP.3,ZTP,2MK,2MT.1,403,6FL,6NF,653",,,"Jan 13, 2009",,,,,,,,,,,
668 - Jet Black,,NCSW - Black Novillo Leather,,WBSWD93539P361097,,P361097,"MSRP,ZCW,ZPP.3,ZTP,2MK,2MT.1,403,415,507,6FL,653,655,752",,,"Jan 13, 2009",,,,,,,,,,,
300 - Alpine White,,NCH3 - Beige Novillo Leather,,WBSWD93559P361098,,P361098,"MSRP,ZCW,ZPP.3,ZTP,2MK,2MT.1,507,6FL,6NF,653,655,752",,,"Jan 13, 2009",,,,,,,,,,,
668 - Jet Black,,NCSW - Black Novillo Leather,,WBSWD93579P361099,,P361099,"MSRP,ZPP.3,ZTP,2MK,2MT.1,6FL,653,655,752",,,"Jan 13, 2009",,,,,,,,,,,
668 - Jet Black,,NDSW - Black Extended Novillo Leather,,WBSWD935X9P361100,,P361100,"MSRP,ZCW,ZPP.3,ZTP,2MK,2MT.1,507,6FL,653,655,752",,,"Jan 13, 2009",1100,,,,,,,,,,
668 - Jet Black,,NCSW - Black Novillo Leather,,WBSWD93519P361101,,P361101,"MSRP,ZCW,ZPP.1,ZTP,2MK,2MT.1,507,6FL,653,752",,,"Jan 14, 2009",,,,,,,,,,,
300 - Alpine White,,NCSW - Black Novillo Leather,,WBSWD93539P361102,,P361102,"MSRP,ZCW,ZPP.3,ZTP,2MK,2MT.1,507,6FL,653,655,752",,,"Jan 14, 2009",,,,,,,,,,,
668 - Jet Black,,NCH3 - Beige Novillo Leather,,WBSWD93559P361103,,P361103,"MSRP,ZCW,ZPP.2,ZTP,2MT.1,6FL,653,655,752",,,"Jan 14, 2009",,,,,,,,,,,
300 - Alpine White,,NDH2 - Fox Red Extended Leather,,WBSWD93579P361104,,P361104,"MSRP,ZCW,ZPP.3,ZTP,2MT.1,507,6FL,6NF,653,655,752",,,"Jan 14, 2009",1100,,,,,,,,,,
668 - Jet Black,,NCH3 - Beige Novillo Leather,,WBSWD93599P361105,,P361105,"MSRP,ZPP.3,ZTP,2MK,2MT.1,6FL,6NF,653,655,752",,,"Jan 14, 2009",,,,,,,,,,,
668 - Jet Black,,NCSW - Black Novillo Leather,,WBSWD93509P361106,,P361106,"MSRP,ZPP.3,ZTP,403,415,507,6FL,653,655,752",,,"Jan 14, 2009",,,,,,,,,,,
668 - Jet Black,,NCSW - Black Novillo Leather,,WBSWD93529P361107,,P361107,"MSRP,ZPP.3,ZTP,2MK,2MT.1,494,507,6FL,6NF,653,655,752",,,"Jan 14, 2009",,,,,,,,,,,
300 - Alpine White,,NCSW - Black Novillo Leather,,WBSWD93549P361108,,P361108,"MSRP,ZPP.3,ZTP,2MT.1,415,507,6FL,653,655,752",,,"Jan 14, 2009",,,,,,,,,,,
A52 - Space Gray Metallic,,NDH1 - Silver Novillo Extended Leather,,WBSWD93569P361109,,P361109,"MSRP,ZCW,ZPP.3,ZTP,2MK,2MT.1,6FL,653,655,752",,,"Jan 14, 2009",550/1100,,,,,,,,,,
668 - Jet Black,,NCSW - Black Novillo Leather,,WBSWD93529P361110,,P361110,"MSRP,ZPP.3,ZTP,2MK,2MT.1,415,507,6FL,653,655,752",,,"Jan 14, 2009",,,,,,,,,,,
668 - Jet Black,,NCSW - Black Novillo Leather,,WBSWD93549P361111,,P361111,"MSRP,ZPP.3,ZTP,2MK,2MT.1,415,507,6FL,653,655,752",,,"Jan 14, 2009",,,,,,,,,,,
A52 - Space Gray Metallic,,NCSW - Black Novillo Leather,,WBSWD93569P361112,,P361112,"MSRP,ZCW,ZPP.2,ZTP,2MK,2MT.1,403,6FL,653,655",,,"Jan 14, 2009",550,,,,,,,,,,
A29 - Silverstone Metallic II,,NCSW - Black Novillo Leather,,WBSWD93589P361113,,P361113,"MSRP,ZCW,ZPP.3,ZTP,2MK,2MT.1,507,6FL,6NF,653,752",,,"Jan 14, 2009",550,,,,,,,,,,
668 - Jet Black,,NCH2 - Fox Red Novillo Leather,,WBSWD935X9P361114,,P361114,"MSRP,ZCW,ZPP.3,ZTP,2MK,2MT.1,415,507,6FL,6NF,653,655,752",,,"Jan 14, 2009",,,,,,,,,,,
A29 - Silverstone Metallic II,,NCSW - Black Novillo Leather,,WBSWD93519P361115,,P361115,"MSRP,ZPP.2,ZTP,2MK,2MT.1,403,494,6FL,653,655,752",,,"Jan 14, 2009",550,,,,,,,,,,
A29 - Silverstone Metallic II,,GEAT - Anthracite/Black Cloth & Leather,,WBSWD93539P361116,,P361116,"MSRP,ZPP.3,ZTP,2MK,2MT.1,403,494,507,6FL,6NF,653,655,752",,,"Jan 14, 2009",550,,,,,,,,,,
A29 - Silverstone Metallic II,,NCSW - Black Novillo Leather,,WBSWD93559P361117,,P361117,"MSRP,ZCW,ZPP.3,ZTP,2MK,2MT.1,403,415,507,6FL,653,655,752",,,"Jan 14, 2009",550,,,,,,,,,,
A52 - Space Gray Metallic,,NCSW - Black Novillo Leather,,WBSWD93579P361118,,P361118,"MSRP,ZPP.3,ZTP,2MK,2MT.1,507,6FL,653,655,752",,,"Jan 14, 2009",550,,,,,,,,,,
A29 - Silverstone Metallic II,,NCH1 - Silver Novillo Leather,,WBSWD93599P361119,,P361119,"MSRP,ZCW,ZPP.3,ZTP,2MK,2MT.1,403,415,507,6FL,6NF,653,655,752",,,"Jan 14, 2009",550,,,,,,,,,,
300 - Alpine White,,NCSW - Black Novillo Leather,,WBSWD93559P361120,,P361120,"MSRP,ZCW,ZPP.3,ZTP,2MK,2MT.1,6FL,653,655,752",,,"Jan 14, 2009",,,,,,,,,,,
668 - Jet Black,,NCSW - Black Novillo Leather,,WBSWD93579P361121,,P361121,"MSRP,ZPP.3,ZTP,2MK,2MT.1,403,415,494,507,6FL,653,752",,,"Jan 15, 2009",,,,,,,,,,,
A73 - Jerez Black Metallic,,NCSW - Black Novillo Leather,,WBSWD93599P361122,,P361122,"MSRP,ZCW,ZPP.1,ZTP,2MK,2MT.1,415,507,6FL,6NF,653,655,752",,,"Jan 15, 2009",550,,,,,,,,,,
300 - Alpine White,,NCSW - Black Novillo Leather,,WBSWD93509P361123,,P361123,"MSRP,ZCW,ZPP.3,ZTP,2MK,2MT.1,6FL,653,655,752",,,"Jan 15, 2009",,,,,,,,,,,
A75 - Melbourne Red Metallic,,NCSW - Black Novillo Leather,,WBSWD93529P361124,,P361124,"MSRP,ZCW,ZPP.3,ZTP,2MT.1,507,6FL,653,655,752",,,"Jan 15, 2009",550,,,,,,,,,,
A52 - Space Gray Metallic,,NCSW - Black Novillo Leather,,WBSWD93549P361125,,P361125,"MSRP,ZPP.3,ZTP,2MK,2MT.1,6FL,653,655,752",,,"Jan 15, 2009",550,,,,,,,,,,
A52 - Space Gray Metallic,,NCSW - Black Novillo Leather,,WBSWD93569P361126,,P361126,"MSRP,ZPP.1,2MK,2MT.1,322,494,609,6FL,653,655,752",,,"Jan 15, 2009",550,,,,,,,,,,
A52 - Space Gray Metallic,,NCSW - Black Novillo Leather,,WBSWD93589P361127,,P361127,"MSRP,ZPP.3,ZTP,2MK,2MT.1,494,507,6FL,6NF,653,655",,,"Jan 15, 2009",550,,,,,,,,,,
A52 - Space Gray Metallic,,NCSW - Black Novillo Leather,,WBSWD935X9P361128,,P361128,"MSRP,ZPP.3,ZTP,2MK,2MT.1,507,6FL,653,752",,,"Jan 15, 2009",550,,,,,,,,,,
A73 - Jerez Black Metallic,,NCSW - Black Novillo Leather,,WBSWD93519P361129,,P361129,"MSRP,ZPP.1,ZTP,2MK,2MT.1,6FL,653,752",,,"Jan 15, 2009",550,,,,,,,,,,
A73 - Jerez Black Metallic,,NCSW - Black Novillo Leather,,WBSWD93589P361130,,P361130,"MSRP,ZPP.3,2MK,2MT.1,494,609,6FL,653,655",,,"Jan 15, 2009",550,,,,,,,,,,
300 - Alpine White,,NCSW - Black Novillo Leather,,WBSWD935X9P361131,,P361131,"MSRP,ZPP.3,ZTP,2MK,2MT.1,415,494,6FL,653,752",,,"Jan 15, 2009",,,,,,,,,,,
A73 - Jerez Black Metallic,,NCSW - Black Novillo Leather,,WBSWD93519P361132,,P361132,"MSRP,ZPP.3,ZTP,2MK,2MT.1,415,494,507,6FL,653,655,752",,,"Jan 15, 2009",550,,,,,,,,,,
A29 - Silverstone Metallic II,,NDSW - Black Extended Novillo Leather,,WBSWD93539P361133,,P361133,"MSRP,ZCW,ZPP.3,ZTP,2MK,2MT.1,507,6FL,6NF,653,655,752",,,"Jan 15, 2009",550/1100,,,,,,,,,,
A52 - Space Gray Metallic,,NCSW - Black Novillo Leather,,WBSWD93559P361134,,P361134,"MSRP,ZCW,ZPP.3,ZTP,2MK,2MT.1,507,6FL,6NF,653,655,752",,,"Jan 15, 2009",550,,,,,,,,,,
A29 - Silverstone Metallic II,,NCH1 - Silver Novillo Leather,,WBSWD93579P361135,,P361135,"MSRP,ZCW,ZPP.3,ZTP,2MK,2MT.1,415,507,6FL,6NF,653,863",,,"Jan 15, 2009",550,,,,,,,,,,
A52 - Space Gray Metallic,,NCSW - Black Novillo Leather,,WBSWD93599P361136,,P361136,"MSRP,ZCW,ZPP.3,ZTP,2MK,2MT.1,403,6FL,6NF,653,752",,,"Jan 15, 2009",550,,,,,,,,,,
A73 - Jerez Black Metallic,,NCSW - Black Novillo Leather,,WBSWD93509P361137,,P361137,"MSRP,ZCW,ZPP.1,ZTP,2MK,2MT.1,403,415,6FL,653,655,752",,,"Jan 15, 2009",550,,,,,,,,,,
300 - Alpine White,,NDH1 - Silver Novillo Extended Leather,,WBSWD93529P361138,,P361138,"MSRP,ZCW,ZPP.3,ZTP,2MT.1,415,507,6FL,6NF,653,655,752",,,"Jan 15, 2009",1100,,,,,,,,,,
A73 - Jerez Black Metallic,,NCSW - Black Novillo Leather,,WBSWD93549P361139,,P361139,"MSRP,ZCW,ZPP.3,ZTP,2MK,2MT.1,403,6FL,653",,,"Jan 15, 2009",550,,,,,,,,,,
300 - Alpine White,,NCSW - Black Novillo Leather,,WBSWD93509P361140,,P361140,"MSRP,ZCW,ZPP.3,ZTP,2MK,2MT.1,6FL,653,655,752",,,"Jan 15, 2009",,,,,,,,,,,
300 - Alpine White,,NCSW - Black Novillo Leather,,WBSWD93529P361141,,P361141,"MSRP,ZCW,ZPP.1,ZTP,2MT.1,507,6FL,6NF,653,655",,,"Jan 15, 2009",,,,,,,,,,,
A73 - Jerez Black Metallic,,NDSW - Black Extended Novillo Leather,,WBSWD93549P361142,,P361142,"MSRP,ZCW,ZPP.3,ZTP,2MK,302,403,507,653,655",,,"Jan 16, 2009",550/1100,,,,,,,,,,
A29 - Silverstone Metallic II,,NCSW - Black Novillo Leather,,WBSWD93569P361143,,P361143,"MSRP,ZCW,ZPP.3,ZTP,2MK,2MT.1,403,507,6FL,653,752",,,"Jan 16, 2009",550,,,,,,,,,,
300 - Alpine White,,NCH2 - Fox Red Novillo Leather,,WBSWD93589P361144,,P361144,"MSRP,ZPP.1,ZTP,2MK,507,6FL,653",,,"Jan 16, 2009",,,,,,,,,,,
A73 - Jerez Black Metallic,,NCSW - Black Novillo Leather,,WBSWD935X9P361145,,P361145,"MSRP,ZPP.3,ZTP,2MK,2MT.1,507,6FL,653,655,752",,,"Jan 16, 2009",550,,,,,,,,,,
A52 - Space Gray Metallic,,NCSW - Black Novillo Leather,,WBSWD93519P361146,,P361146,"MSRP,ZPP.3,ZTP,2MK,2MT.1,507,6FL,6NF,653,655,752",,,"Jan 16, 2009",550,,,,,,,,,,
300 - Alpine White,,NCSW - Black Novillo Leather,,WBSWD93539P361147,,P361147,"MSRP,ZPP.3,ZTP,2MK,2MT.1,494,507,6FL,6NF,653,752",,,"Jan 16, 2009",,,,,,,,,,,
300 - Alpine White,,NDSW - Black Extended Novillo Leather,,WBSWD93559P361148,,P361148,"MSRP,ZPP.3,ZTP,2MK,2MT.1,494,507,6FL,6NF,653,655,752",,,"Jan 16, 2009",1100,,,,,,,,,,
381 - Le Mans Blue Metallic,,NCSW - Black Novillo Leather,,WBSWD93579P361149,,P361149,"MSRP,ZCW,ZPP.1,ZTP,2MK,6FL,653",,,"Jan 16, 2009",550,,,,,,,,,,
668 - Jet Black,,NCSW - Black Novillo Leather,,WBSWD93539P361150,,P361150,"MSRP,ZPP.3,ZTP,2MK,2MT.1,494,6FL,653,752",,,"Jan 16, 2009",,,,,,,,,,,
668 - Jet Black,,NCSW - Black Novillo Leather,,WBSWD93559P361151,,P361151,"MSRP,ZPP.1,ZTP,2MK,2MT.1,494,6FL,653,655,752",,,"Jan 16, 2009",,,,,,,,,,,
A73 - Jerez Black Metallic,,NCSW - Black Novillo Leather,,WBSWD93579P361152,,P361152,"MSRP,ZPP.3,ZTP,2MK,2MT.1,494,507,6FL,6NF,653,752",,,"Jan 16, 2009",550,,,,,,,,,,
A52 - Space Gray Metallic,,NCSW - Black Novillo Leather,,WBSWD93599P361153,,P361153,"MSRP,ZPP.3,ZTP,2MK,2MT.1,494,507,6FL,6NF,653,655,752",,,"Jan 16, 2009",550,,,,,,,,,,
668 - Jet Black,,NCSW - Black Novillo Leather,,WBSWD93509P361154,,P361154,"MSRP,ZPP.3,ZTP,2MK,2MT.1,494,507,6FL,6NF,653,655,752",,,"Jan 16, 2009",,,,,,,,,,,
300 - Alpine White,,NCH2 - Fox Red Novillo Leather,,WBSWD93529P361155,,P361155,"MSRP,ZPP.3,ZTP,2MK,2MT.1,507,653",,,"Jan 16, 2009",,,,,,,,,,,
A52 - Space Gray Metallic,,NCSW - Black Novillo Leather,,WBSWD93549P361156,,P361156,"MSRP,ZPP.1,ZTP,2MK,2MT.1,494,6FL,653",,,"Jan 16, 2009",550,,,,,,,,,,
668 - Jet Black,,NDSW - Black Extended Novillo Leather,,WBSWD93569P361157,,P361157,"MSRP,ZCW,ZPP.3,ZTP,2MK,2MT.1,507,6FL,6NF,653,655,752",,,"Jan 16, 2009",1100,,,,,,,,,,
A29 - Silverstone Metallic II,,NCSW - Black Novillo Leather,,WBSWD93589P361158,,P361158,"MSRP,ZCW,ZPP.2,2MK,2MT.1,322,415,507,609,6FL,6NF,653,655,752",,,"Jan 16, 2009",550,,,,,,,,,,
A52 - Space Gray Metallic,,NCSW - Black Novillo Leather,,WBSWD935X9P361159,,P361159,"MSRP,ZCW,ZPP.3,ZTP,2MK,2MT.1,507,6FL,653,752",,,"Jan 16, 2009",550,,,,,,,,,,
300 - Alpine White,,NCH2 - Fox Red Novillo Leather,,WBSWD93569P361160,,P361160,"MSRP,ZCW,ZPP.3,ZTP,2MK,2MT.1,507,6FL,6NF,653,655,752",,,"Jan 16, 2009",,,,,,,,,,,
668 - Jet Black,,NCSW - Black Novillo Leather,,WBSWD93589P361161,,P361161,"MSRP,ZPP.1,2MK,403,6FL,653,655",,,"Jan 16, 2009",,,,,,,,,,,
668 - Jet Black,,NDH3 - Beige Novillo Extended Leather,,WBSWD935X9P361162,,P361162,"MSRP,ZCW,ZPP.3,ZTP,2MT.1,403,415,507,6FL,6NF,653,655,752",,,"Jan 17, 2009",1100,,,,,,,,,,
381 - Le Mans Blue Metallic,,GEAT - Anthracite/Black Cloth & Leather,,WBSWD93519P361163,,P361163,"MSRP,223,771",,,"Jan 17, 2009",550,,,,,,,,,,
300 - Alpine White,,NCH1 - Silver Novillo Leather,,WBSWD93539P361164,,P361164,"MSRP,ZPP.3,2MK,2MT.1,655",,,"Jan 17, 2009",,,,,,,,,,,
A75 - Melbourne Red Metallic,,NCSW - Black Novillo Leather,,WBSWD93559P361165,,P361165,"MSRP,2MK,2MT.1,771",,,"Jan 17, 2009",550/950,,,,,,,,,,
A73 - Jerez Black Metallic,,NCSW - Black Novillo Leather,,WBSWD93579P361166,,P361166,"MSRP,ZCW,ZPP.1,2MT.1,302,322,609,6FL,653,655,752",,,"Jan 17, 2009",550,,,,,,,,,,
A73 - Jerez Black Metallic,,NCH2 - Fox Red Novillo Leather,,WBSWD93599P361167,,P361167,"MSRP,ZPP.3,ZTP,2MT.1,494,6FL,653",,,"Jan 17, 2009",550,,,,,,,,,,
300 - Alpine White,,NCSW - Black Novillo Leather,,WBSWD93509P361168,,P361168,"MSRP,ZPP.1,2MK,2MT.1,507,6FL,653",,,"Jan 17, 2009",,,,,,,,,,,
A52 - Space Gray Metallic,,NCSW - Black Novillo Leather,,WBSWD93529P361169,,P361169,"MSRP,ZCW,ZTP,2MT.1,4MY,6FL,6NF,653,655,752",,,"Jan 17, 2009",550/950,,,,,,,,,,
300 - Alpine White,,NCSW - Black Novillo Leather,,WBSWD93599P361170,,P361170,"MSRP,ZCW,ZPP.3,ZTP,2MK,2MT.1,6FL,653,752",,,"Jan 17, 2009",,,,,,,,,,,
668 - Jet Black,,NCSW - Black Novillo Leather,,WBSWD93509P361171,,P361171,"MSRP,ZPP.3,ZTP,2MK,2MT.1,494,507,6FL,6NF,653,655,752",,,"Jan 17, 2009",,,,,,,,,,,
A73 - Jerez Black Metallic,,NCSW - Black Novillo Leather,,WBSWD93529P361172,,P361172,"MSRP,ZPP.1,2MT.1,653,863",,,"Jan 17, 2009",550,,,,,,,,,,
A73 - Jerez Black Metallic,,NCSW - Black Novillo Leather,,WBSWD93549P361173,,P361173,"MSRP,ZPP.3,ZTP,2MK,2MT.1,494,507,6FL,6NF,653,655,752",,,"Jan 17, 2009",550,,,,,,,,,,
300 - Alpine White,,NCSW - Black Novillo Leather,,WBSWD93569P361174,,P361174,"MSRP,ZPP.3,ZTP,2MK,2MT.1,415,494,507,6FL,653,655,752",,,"Jan 17, 2009",,,,,,,,,,,
A73 - Jerez Black Metallic,,NCH3 - Beige Novillo Leather,,WBSWD93589P361175,,P361175,"MSRP,ZPP.3,ZTP,2MK,2MT.1,494,507,6FL,6NF,653,655,752",,,"Jan 17, 2009",550,,,,,,,,,,
668 - Jet Black,,NCSW - Black Novillo Leather,,WBSWD935X9P361176,,P361176,"MSRP,ZPP.3,ZTP,2MK,2MT.1,507,6FL,6NF,653,655,752",,,"Jan 17, 2009",,,,,,,,,,,
668 - Jet Black,,NCSW - Black Novillo Leather,,WBSWD93519P361177,,P361177,"MSRP,ZPP.1,2MK,2MT.1,302,609,6FL,653",,,"Jan 17, 2009",,,,,,,,,,,
300 - Alpine White,,NCH2 - Fox Red Novillo Leather,,WBSWD93539P361178,,P361178,"MSRP,ZCW,ZPP.3,ZTP,2MK,2MT.1,6FL,653,655,752",,,"Jan 19, 2009",,,,,,,,,,,
668 - Jet Black,,NCSW - Black Novillo Leather,,WBSWD93559P361179,,P361179,"MSRP,ZPP.3,ZTP,2MK,2MT.1,494,507,6FL,653,655,752",,,"Jan 19, 2009",,,,,,,,,,,
A75 - Melbourne Red Metallic,,NCSW - Black Novillo Leather,,WBSWD93519P361180,,P361180,"MSRP,ZCW,ZPP.3,ZTP,2MK,2MT.1,6FL,6NF,653",,,"Jan 19, 2009",550,,,,,,,,,,
A52 - Space Gray Metallic,,NCSW - Black Novillo Leather,,WBSWD93539P361181,,P361181,"MSRP,ZPP.2,ZTP,2MK,2MT.1,403,415,494,507,6FL,6NF,653",,,"Jan 19, 2009",550,,,,,,,,,,
668 - Jet Black,,GEAT - Anthracite/Black Cloth & Leather,,WBSWD93559P361182,,P361182,"MSRP,ZTP,2MK,2MT.1,403,653,771",,,"Jan 19, 2009",,,,,,,,,,,
300 - Alpine White,,NCSW - Black Novillo Leather,,WBSWD93579P361183,,P361183,"MSRP,ZCW,ZPP.3,ZTP,2MT.1,403,6FL,653,655,752",,,"Jan 19, 2009",,,,,,,,,,,
A73 - Jerez Black Metallic,,NCSW - Black Novillo Leather,,WBSWD93599P361184,,P361184,"MSRP,ZCW,ZPP.1,ZTP,403,6FL,653,655,752",,,"Jan 19, 2009",550,,,,,,,,,,
300 - Alpine White,,NDH1 - Silver Novillo Extended Leather,,WBSWD93509P361185,,P361185,"MSRP,ZPP.2,ZTP,2MK,403,415,507,653,752",,,"Jan 19, 2009",1100,,,,,,,,,,
A73 - Jerez Black Metallic,,NCH1 - Silver Novillo Leather,,WBSWD93529P361186,,P361186,"MSRP,ZPP.1,2MT.1",,,"Jan 19, 2009",550,,,,,,,,,,
A73 - Jerez Black Metallic,,NCH3 - Beige Novillo Leather,,WBSWD93549P361187,,P361187,"MSRP,ZCW,ZPP.3,ZTP,653",,,"Jan 19, 2009",550,,,,,,,,,,
668 - Jet Black,,NCSW - Black Novillo Leather,,WBSWD93569P361188,,P361188,"MSRP,ZPP.3,2MT.1,223,403,494,6FL",,,"Jan 19, 2009",,,,,,,,,,,
A73 - Jerez Black Metallic,,NCH1 - Silver Novillo Leather,,WBSWD93589P361189,,P361189,"MSRP,ZCW,ZPP.3,2MT.1,223,655",,,"Jan 19, 2009",550,,,,,,,,,,
A73 - Jerez Black Metallic,,NCH1 - Silver Novillo Leather,,WBSWD93549P361190,,P361190,"MSRP,ZPP.1,2MK,2MT.1",,,"Jan 19, 2009",550,,,,,,,,,,
300 - Alpine White,,NCH3 - Beige Novillo Leather,,WBSWD93569P361191,,P361191,"MSRP,2MK,2MT.1,4MY,6FL",,,"Jan 19, 2009",950,,,,,,,,,,
A52 - Space Gray Metallic,,NCSW - Black Novillo Leather,,WBSWD93589P361192,,P361192,"MSRP,ZPP.1,2MT.1,223,6FL,653,655",,,"Jan 19, 2009",550,,,,,,,,,,
300 - Alpine White,,NCSW - Black Novillo Leather,,WBSWD935X9P361193,,P361193,"MSRP,ZPP.3,ZTP,2MK,2MT.1,403,494,6FL,6NF,653,655,752",,,"Jan 19, 2009",,,,,,,,,,,
300 - Alpine White,,NCH3 - Beige Novillo Leather,,WBSWD93519P361194,,P361194,"MSRP,ZPP.3,ZTP,2MK,494,507,6FL,6NF,653,752",,,"Jan 20, 2009",,,,,,,,,,,
300 - Alpine White,,NCSW - Black Novillo Leather,,WBSWD93539P361195,,P361195,"MSRP,ZCW,ZPP.1,ZTP,2MK,6FL,653,655,752",,,"Jan 20, 2009",,,,,,,,,,,
300 - Alpine White,,NCSW - Black Novillo Leather,,WBSWD93559P361196,,P361196,"MSRP,ZPP.3,ZTP,2MK,2MT.1,494,507,6FL,653,655,752",,,"Jan 20, 2009",,,,,,,,,,,
A73 - Jerez Black Metallic,,NCSW - Black Novillo Leather,,WBSWD93579P361197,,P361197,"MSRP,ZCW,ZPP.3,ZTP,2MK,2MT.1,6FL,653,655,752",,,"Jan 20, 2009",550,,,,,,,,,,
A73 - Jerez Black Metallic,,NCSW - Black Novillo Leather,,WBSWD93599P361198,,P361198,"MSRP,ZCW,ZPP.2,ZTP,2MK,2MT.1,415,507,6FL,6NF,653,655,752",,,"Jan 20, 2009",550,,,,,,,,,,
A30 - Interlagos Blue Metallic,,NCSW - Black Novillo Leather,,WBSWD93509P361199,,P361199,"MSRP,ZCW,ZPP.1,ZTP,2MK,507,6FL,6NF,653",,,"Jan 20, 2009",550,,,,,,,,,,
668 - Jet Black,,NCSW - Black Novillo Leather,,WBSWD93539P361200,,P361200,"MSRP,ZPP.3,ZTP,2MK,2MT.1,494,507,6FL,6NF,653,655,752",,,"Jan 20, 2009",,,,,,,,,,,
668 - Jet Black,,NCSW - Black Novillo Leather,,WBSWD93559P361201,,P361201,"MSRP,ZPP.3,ZTP,2MK,2MT.1,507,6FL,653,655,752",,,"Jan 20, 2009",,,,,,,,,,,
668 - Jet Black,,NCSW - Black Novillo Leather,,WBSWD93579P361202,,P361202,"MSRP,ZPP.3,ZTP,2MK,2MT.1,507,6FL,6NF,653,655,752",,,"Jan 20, 2009",,,,,,,,,,,
475 - Unknown Paint Code,,NCSW - Black Novillo Leather,,WBSWD93599P361203,,P361203,"MSRP,ZTP,2MK,2MT.1,494,4MX,507,6FL,6NF,653,752",,,"Jan 20, 2009",950,,,,,,,,,,
A29 - Silverstone Metallic II,,NCSW - Black Novillo Leather,,WBSWD93509P361204,,P361204,"MSRP,ZCW,ZPP.3,2MK,2MT.1,322,415,507,609,6FL,6NF,653,752",,,"Jan 20, 2009",550,,,,,,,,,,
A52 - Space Gray Metallic,,NCSW - Black Novillo Leather,,WBSWD93529P361205,,P361205,"MSRP,ZCW,ZPP.2,ZTP,2MK,2MT.1,415,507,6FL,6NF,653,655,752",,,"Jan 20, 2009",550,,,,,,,,,,
A52 - Space Gray Metallic,,NCH2 - Fox Red Novillo Leather,,WBSWD93549P361206,,P361206,"MSRP,ZCW,ZPP.3,ZTP,2MK,2MT.1,507,6FL,6NF,653,863",,,"Jan 20, 2009",550,,,,,,,,,,
A52 - Space Gray Metallic,,NCH1 - Silver Novillo Leather,,WBSWD93569P361207,,P361207,"MSRP,ZPP.1,ZTP,2MK,6FL,653,655",,,"Jan 20, 2009",550,,,,,,,,,,
A30 - Interlagos Blue Metallic,,NCSW - Black Novillo Leather,,WBSWD93589P361208,,P361208,"MSRP,ZCW,ZPP.1,ZTP,2MT.1,403,507,6FL,653,655",,,"Jan 20, 2009",550,,,,,,,,,,
300 - Alpine White,,NDH2 - Fox Red Extended Leather,,WBSWD935X9P361209,,P361209,"MSRP,ZPP.3,ZTP,2MK,2MT.1,507,6FL,653,752",,,"Jan 20, 2009",1100,,,,,,,,,,
A30 - Interlagos Blue Metallic,,NCSW - Black Novillo Leather,,WBSWD93569P361210,,P361210,"MSRP,ZPP.3,ZTP,2MK,2MT.1,494,507,6FL,6NF,653,655,752",,,"Jan 20, 2009",550,,,,,,,,,,
A75 - Melbourne Red Metallic,,NDH2 - Fox Red Extended Leather,,WBSWD93589P361211,,P361211,"MSRP,ZCW,ZPP.3,ZTP,2MK,415,507,6FL,653,752",,,"Jan 21, 2009",550/1100,,,,,,,,,,
300 - Alpine White,,NCSW - Black Novillo Leather,,WBSWD935X9P361212,,P361212,"MSRP,ZCW,ZPP.3,ZTP,2MK,403,415,507,6FL,653,655,752",,,"Jan 20, 2009",,,,,,,,,,,
A30 - Interlagos Blue Metallic,,NCSW - Black Novillo Leather,,WBSWD93519P361213,,P361213,"MSRP,ZPP.3,ZTP,2MK,2MT.1,507,6FL,6NF,653,655,752",,,"Jan 20, 2009",550,,,,,,,,,,
A52 - Space Gray Metallic,,NCSW - Black Novillo Leather,,WBSWD93539P361214,,P361214,"MSRP,ZPP.3,2MK,2MT.1,609,6FL,653,655,752",,,"Jan 20, 2009",550,,,,,,,,,,
A52 - Space Gray Metallic,,NCSW - Black Novillo Leather,,WBSWD93559P361215,,P361215,"MSRP,ZPP.3,ZTP,2MK,2MT.1,494,507,6FL,6NF,653,655,752",,,"Jan 20, 2009",550,,,,,,,,,,
A52 - Space Gray Metallic,,NCSW - Black Novillo Leather,,WBSWD93579P361216,,P361216,"MSRP,ZPP.3,ZTP,2MK,2MT.1,494,6FL,653,655,752",,,"Jan 21, 2009",550,,,,,,,,,,
A52 - Space Gray Metallic,,NCSW - Black Novillo Leather,,WBSWD93599P361217,,P361217,"MSRP,ZPP.3,ZTP,2MK,2MT.1,494,6FL,6NF,653,655,752",,,"Jan 21, 2009",550,,,,,,,,,,
300 - Alpine White,,NCSW - Black Novillo Leather,,WBSWD93509P361218,,P361218,"MSRP,ZPP.3,ZTP,2MK,2MT.1,494,507,6FL,6NF,653,655,752",,,"Jan 21, 2009",,,,,,,,,,,
A73 - Jerez Black Metallic,,NDSW - Black Extended Novillo Leather,,WBSWD93529P361219,,P361219,"MSRP,ZPP.3,2MK,609,6FL,653",,,"Jan 21, 2009",550/1100,,,,,,,,,,
381 - Le Mans Blue Metallic,,NCH1 - Silver Novillo Leather,,WBSWD93599P361220,,P361220,"MSRP,ZPP.3,ZTP,2MK,2MT.1,494,6FL,653,752",,,"Jan 21, 2009",550,,,,,,,,,,
300 - Alpine White,,NCSW - Black Novillo Leather,,WBSWD93509P361221,,P361221,"MSRP,ZPP.3,ZTP,2MK,2MT.1,494,6FL,653,655",,,"Jan 21, 2009",,,,,,,,,,,
A52 - Space Gray Metallic,,NCH2 - Fox Red Novillo Leather,,WBSWD93529P361222,,P361222,"MSRP,ZCW,ZPP.3,ZTP,2MK,2MT.1,403,507,6FL,653,655,752",,,"Jan 21, 2009",550,,,,,,,,,,
300 - Alpine White,,NCSW - Black Novillo Leather,,WBSWD93549P361223,,P361223,"MSRP,ZPP.3,ZTP,2MK,494,6FL,653,655,752",,,"Jan 21, 2009",,,,,,,,,,,
A52 - Space Gray Metallic,,NCSW - Black Novillo Leather,,WBSWD93569P361224,,P361224,"MSRP,ZPP.3,ZTP,2MK,2MT.1,507,6FL,653,752",,,"Jan 21, 2009",550,,,,,,,,,,
300 - Alpine White,,NCSW - Black Novillo Leather,,WBSWD93589P361225,,P361225,"MSRP,ZPP.3,ZTP,2MK,2MT.1,494,507,6FL,6NF,653,655,752",,,"Jan 21, 2009",,,,,,,,,,,
381 - Le Mans Blue Metallic,,NCH3 - Beige Novillo Leather,,WBSWD935X9P361226,,P361226,"MSRP,ZCW,ZPP.2,ZTP,2MK,2MT.1,507,6FL,653,655,752",,,"Jan 21, 2009",550,,,,,,,,,,
300 - Alpine White,,NCSW - Black Novillo Leather,,WBSWD93519P361227,,P361227,"MSRP,ZPP.3,ZTP,2MK,2MT.1,494,507,6FL,6NF,653,655,752",,,"Jan 21, 2009",,,,,,,,,,,
381 - Le Mans Blue Metallic,,NDSW - Black Extended Novillo Leather,,WBSWD93539P361228,,P361228,"MSRP,ZPP.3,ZTP,2MK,2MT.1,507,6FL,6NF,653,655,752",,,"Jan 21, 2009",550/1100,,,,,,,,,,
A30 - Interlagos Blue Metallic,,NCH1 - Silver Novillo Leather,,WBSWD93559P361229,,P361229,"MSRP,ZPP.3,ZTP,2MK,2MT.1,494,6FL,653,655,752",,,"Jan 21, 2009",550,,,,,,,,,,
A52 - Space Gray Metallic,,NCSW - Black Novillo Leather,,WBSWD93519P361230,,P361230,"MSRP,ZPP.1,ZTP,2MT.1,494,6FL,653,655",,,"Jan 21, 2009",550,,,,,,,,,,
A52 - Space Gray Metallic,,NCSW - Black Novillo Leather,,WBSWD93539P361231,,P361231,"MSRP,ZTP,4MY,653,655,752",,,"Jan 21, 2009",550/950,,,,,,,,,,
300 - Alpine White,,NCH2 - Fox Red Novillo Leather,,WBSWD93559P361232,,P361232,"MSRP,ZPP.3,ZTP,2MK,2MT.1,494,507,6FL,6NF,653,655",,,"Jan 21, 2009",,,,,,,,,,,
300 - Alpine White,,NCSW - Black Novillo Leather,,WBSWD93579P361233,,P361233,"MSRP,ZPP.3,ZTP,2MK,2MT.1,494,507,6FL,6NF,653,655,752",,,"Jan 21, 2009",,,,,,,,,,,
A52 - Space Gray Metallic,,NCSW - Black Novillo Leather,,WBSWD93599P361234,,P361234,"MSRP,ZPP.3,ZTP,2MK,2MT.1,6FL,653",,,"Jan 21, 2009",550,,,,,,,,,,
300 - Alpine White,,GEAT - Anthracite/Black Cloth & Leather,,WBSWD93509P361235,,P361235,"MSRP,ZPP.3,2MK,322,507,609,6FL,6NF,653,655,752",,,"Jan 21, 2009",,,,,,,,,,,
300 - Alpine White,,NCH2 - Fox Red Novillo Leather,,WBSWD93529P361236,,P361236,"MSRP,ZPP.3,ZTP,2MK,2MT.1,494,507,6FL,6NF,653,655,752",,,"Jan 22, 2009",,,,,,,,,,,
300 - Alpine White,,NCSW - Black Novillo Leather,,WBSWD93549P361237,,P361237,"MSRP,ZPP.3,ZTP,2MK,2MT.1,507,6FL,653,752",,,"Jan 22, 2009",,,,,,,,,,,
300 - Alpine White,,NDH2 - Fox Red Extended Leather,,WBSWD93569P361238,,P361238,"MSRP,ZCW,ZPP.3,ZTP,2MK,415,507,6FL,6NF,653,655,752",,,"Jan 22, 2009",1100,,,,,,,,,,
A52 - Space Gray Metallic,,NDH2 - Fox Red Extended Leather,,WBSWD93589P361239,,P361239,"MSRP,ZPP.1,ZTP,2MK,2MT.1,494,507,6FL,653,655,752",,,"Jan 22, 2009",550/1100,,,,,,,,,,
300 - Alpine White,,NCH2 - Fox Red Novillo Leather,,WBSWD93549P361240,,P361240,"MSRP,ZPP.3,ZTP,2MT.1,6FL,6NF,653",,,"Jan 22, 2009",,,,,,,,,,,
300 - Alpine White,,NCSW - Black Novillo Leather,,WBSWD93569P361241,,P361241,"MSRP,ZCW,ZPP.3,ZTP,2MK,2MT.1,507,6FL,653,655",,,"Jan 22, 2009",,,,,,,,,,,
381 - Le Mans Blue Metallic,,NDH3 - Beige Novillo Extended Leather,,WBSWD93589P361242,,P361242,"MSRP,ZPP.3,ZTP,2MK,2MT.1,507,6FL,6NF,653,752",,,"Jan 22, 2009",550/1100,,,,,,,,,,
A75 - Melbourne Red Metallic,,NDSW - Black Extended Novillo Leather,,WBSWD935X9P361243,,P361243,"MSRP,ZPP.3,ZTP,2MK,2MT.1,494,507,6FL,6NF,653,752",,,"Jan 22, 2009",550/1100,,,,,,,,,,
668 - Jet Black,,NCSW - Black Novillo Leather,,WBSWD93519P361244,,P361244,"MSRP,ZPP.3,ZTP,2MK,2MT.1,507,6FL,653,752",,,"Jan 22, 2009",,,,,,,,,,,
668 - Jet Black,,NCH1 - Silver Novillo Leather,,WBSWD93539P361245,,P361245,"MSRP,ZPP.3,ZTP,2MK,2MT.1,494,6FL,653,655,752",,,"Jan 22, 2009",,,,,,,,,,,
A30 - Interlagos Blue Metallic,,NDH2 - Fox Red Extended Leather,,WBSWD93559P361246,,P361246,"MSRP,ZCW,ZPP.3,ZTP,415,6FL,653,655,752",,,"Jan 22, 2009",550/1100,,,,,,,,,,
A73 - Jerez Black Metallic,,NCSW - Black Novillo Leather,,WBSWD93579P361247,,P361247,"MSRP,ZPP.3,ZTP,2MK,2MT.1,494,507,6FL,6NF,653,655,752",,,"Jan 22, 2009",550,,,,,,,,,,
A73 - Jerez Black Metallic,,NCH2 - Fox Red Novillo Leather,,WBSWD93599P361248,,P361248,"MSRP,ZPP.1,ZTP,2MK,494,507,6FL,6NF,653,752,863",,,"Jan 22, 2009",550,,,,,,,,,,
300 - Alpine White,,NCSW - Black Novillo Leather,,WBSWD93509P361249,,P361249,"MSRP,2MK,2MT.1,4MX",,,"Jan 22, 2009",950,,,,,,,,,,
A75 - Melbourne Red Metallic,,NCSW - Black Novillo Leather,,WBSWD93579P361250,,P361250,"MSRP,ZPP.3,ZTP,2MK,2MT.1,507,6FL,653,655,752",,,"Jan 22, 2009",550,,,,,,,,,,
300 - Alpine White,,GEAT - Anthracite/Black Cloth & Leather,,WBSWD93599P361251,,P361251,"MSRP,2MK,507,639,6FL,771",,,"Jan 22, 2009",,,,,,,,,,,
A52 - Space Gray Metallic,,NCSW - Black Novillo Leather,,WBSWD93509P361252,,P361252,"MSRP,ZPP.3,ZTP,2MT.1,403,6FL,653,752",,,"Jan 22, 2009",550,,,,,,,,,,
668 - Jet Black,,NDSW - Black Extended Novillo Leather,,WBSWD93529P361253,,P361253,"MSRP,ZPP.3,ZTP,2MK,2MT.1,403,494,6FL,6NF,653,655,752",,,"Jan 22, 2009",1100,,,,,,,,,,
A75 - Melbourne Red Metallic,,NCSW - Black Novillo Leather,,WBSWD93549P361254,,P361254,"MSRP,ZPP.3,ZTP,2MK,2MT.1,507,6FL,6NF,653,655,752",,,"Jan 23, 2009",550,,,,,,,,,,
A29 - Silverstone Metallic II,,NCSW - Black Novillo Leather,,WBSWD93569P361255,,P361255,"MSRP,ZPP.3,ZTP,2MK,2MT.1,6FL,6NF,653,655,752",,,"Jan 23, 2009",550,,,,,,,,,,
A73 - Jerez Black Metallic,,NCH1 - Silver Novillo Leather,,WBSWD93589P361256,,P361256,"MSRP,ZPP.2,ZTP,2MT.1,403,494,6FL,653,752",,,"Jan 23, 2009",550,,,,,,,,,,
300 - Alpine White,,NCH2 - Fox Red Novillo Leather,,WBSWD935X9P361257,,P361257,"MSRP,ZPP.3,ZTP,2MK,2MT.1,6FL,653,655",,,"Jan 23, 2009",,,,,,,,,,,
300 - Alpine White,,NCSW - Black Novillo Leather,,WBSWD93519P361258,,P361258,"MSRP,ZPP.1,ZTP,2MK,2MT.1,494,6FL,653,655",,,"Jan 23, 2009",,,,,,,,,,,
A29 - Silverstone Metallic II,,NCSW - Black Novillo Leather,,WBSWD93539P361259,,P361259,"MSRP,ZPP.2,ZTP,2MK,494,507,653,655",,,"Jan 23, 2009",550,,,,,,,,,,
300 - Alpine White,,NCSW - Black Novillo Leather,,WBSWD935X9P361260,,P361260,"MSRP,ZPP.3,ZTP,2MK,2MT.1,302,494,507,6FL,6NF,653,655,752",,,"Jan 23, 2009",,,,,,,,,,,
300 - Alpine White,,NCSW - Black Novillo Leather,,WBSWD93519P361261,,P361261,"MSRP,ZPP.3,ZTP,2MK,2MT.1,494,507,6FL,6NF,653,655,752",,,"Jan 23, 2009",,,,,,,,,,,
300 - Alpine White,,NDH3 - Beige Novillo Extended Leather,,WBSWD93539P361262,,P361262,"MSRP,ZPP.3,ZTP,2MK,2MT.1,507,653,752",,,"Jan 23, 2009",1100,,,,,,,,,,
A73 - Jerez Black Metallic,,NCSW - Black Novillo Leather,,WBSWD93559P361263,,P361263,"MSRP,ZPP.1,ZTP,2MK,403,494,6FL,653",,,"Jan 23, 2009",550,,,,,,,,,,
A75 - Melbourne Red Metallic,,NCH2 - Fox Red Novillo Leather,,WBSWD93579P361264,,P361264,"MSRP,ZPP.3,ZTP,2MK,2MT.1,494,507,6FL,6NF,653,655,752",,,"Jan 23, 2009",550,,,,,,,,,,
300 - Alpine White,,NCH1 - Silver Novillo Leather,,WBSWD93599P361265,,P361265,"MSRP,ZPP.1,ZTP,2MK,2MT.1,494,6FL,6NF,653,655,752",,,"Jan 23, 2009",,,,,,,,,,,
300 - Alpine White,,NCSW - Black Novillo Leather,,WBSWD93509P361266,,P361266,"MSRP,ZPP.3,2MK,2MT.1,494,609,6FL,653,655",,,"Jan 23, 2009",,,,,,,,,,,
300 - Alpine White,,NCSW - Black Novillo Leather,,WBSWD93529P361267,,P361267,"MSRP,ZPP.3,ZTP,2MK,2MT.1,494,507,6FL,653,655,752",,,"Jan 23, 2009",,,,,,,,,,,
300 - Alpine White,,NCSW - Black Novillo Leather,,WBSWD93549P361268,,P361268,"MSRP,ZPP.3,ZTP,2MK,2MT.1,494,507,6FL,653,655,752",,,"Jan 23, 2009",,,,,,,,,,,
300 - Alpine White,,NCSW - Black Novillo Leather,,WBSWD93569P361269,,P361269,"MSRP,ZPP.3,ZTP,2MK,2MT.1,494,507,6FL,6NF,653,655",,,"Jan 23, 2009",,,,,,,,,,,
A75 - Melbourne Red Metallic,,NCSW - Black Novillo Leather,,WBSWD93529P361270,,P361270,"MSRP,ZPP.3,ZTP,2MK,2MT.1,494,6FL,653,752",,,"Jan 24, 2009",550,,,,,,,,,,
A29 - Silverstone Metallic II,,NCH1 - Silver Novillo Leather,,WBSWD93549P361271,,P361271,"MSRP,ZPP.2,ZTP,494,6FL,653,752",,,"Jan 23, 2009",550,,,,,,,,,,
668 - Jet Black,,NDH2 - Fox Red Extended Leather,,WBSWD93569P361272,,P361272,"MSRP,ZPP.2,ZTP,2MT.1,403,415,494,6FL,653",,,"Jan 23, 2009",1100,,,,,,,,,,
A73 - Jerez Black Metallic,,NCSW - Black Novillo Leather,,WBSWD93589P361273,,P361273,"MSRP,ZPP.3,ZTP,2MK,2MT.1,403,6FL,653,655,752",,,"Jan 23, 2009",550,,,,,,,,,,
A73 - Jerez Black Metallic,,NDH2 - Fox Red Extended Leather,,WBSWD935X9P361274,,P361274,"MSRP,ZCW,ZPP.1,ZTP,2MT.1,403,507,6FL,653,752",,,"Jan 23, 2009",550/1100,,,,,,,,,,
A73 - Jerez Black Metallic,,NCSW - Black Novillo Leather,,WBSWD93519P361275,,P361275,"MSRP,ZPP.3,ZTP,2MK,2MT.1,403,494,507,6FL,653,655,752",,,"Jan 23, 2009",550,,,,,,,,,,
668 - Jet Black,,NDSW - Black Extended Novillo Leather,,WBSWD93539P361276,,P361276,"MSRP,ZPP.1,ZTP,2MK,2MT.1,403,494,6FL,653,655,752",,,"Jan 23, 2009",1100,,,,,,,,,,
A73 - Jerez Black Metallic,,NCSW - Black Novillo Leather,,WBSWD93559P361277,,P361277,"MSRP,ZPP.3,ZTP,2MK,2MT.1,403,494,507,6FL,653,655,752",,,"Jan 23, 2009",550,,,,,,,,,,
A73 - Jerez Black Metallic,,NCH2 - Fox Red Novillo Leather,,WBSWD93579P361278,,P361278,"MSRP,ZPP.1,ZTP,2MK,2MT.1,403,494,6FL,653,752",,,"Jan 23, 2009",550,,,,,,,,,,
A52 - Space Gray Metallic,,NCSW - Black Novillo Leather,,WBSWD93599P361279,,P361279,"MSRP,ZPP.3,2MK,223,403,507,609,6FL",,,"Jan 23, 2009",550,,,,,,,,,,
300 - Alpine White,,NCH1 - Silver Novillo Leather,,WBSWD93559P361280,,P361280,"MSRP,2MT.1,403,494,771",,,"Jan 24, 2009",950,,,,,,,,,,
A30 - Interlagos Blue Metallic,,NDH1 - Silver Novillo Extended Leather,,WBSWD93579P361281,,P361281,"MSRP,ZCW,ZPP.3,ZTP,2MK,2MT.1,415,507,6FL,653,655,752",,,"Jan 24, 2009",550/1100,,,,,,,,,,
A29 - Silverstone Metallic II,,NCSW - Black Novillo Leather,,WBSWD93599P361282,,P361282,"MSRP,ZPP.3,2MK,2MT.1,223,403,507,6FL,653",,,"Jan 24, 2009",550,,,,,,,,,,
668 - Jet Black,,NCH2 - Fox Red Novillo Leather,,WBSWD93509P361283,,P361283,"MSRP,ZPP.3,ZTP,2MK,2MT.1,507,6FL,6NF,653,655,752",,,"Jan 24, 2009",,,,,,,,,,,
300 - Alpine White,,NCSW - Black Novillo Leather,,WBSWD93529P361284,,P361284,"MSRP,ZCW,ZPP.3,ZTP,2MT.1,6FL,653,655",,,"Jan 24, 2009",,,,,,,,,,,
A52 - Space Gray Metallic,,NDH2 - Fox Red Extended Leather,,WBSWD93549P361285,,P361285,"MSRP,ZCW,ZPP.2,ZTP,2MK,2MT.1,302,403,415,507,6FL,653,655,752",,,"Jan 24, 2009",550/1100,,,,,,,,,,
A30 - Interlagos Blue Metallic,,NCH1 - Silver Novillo Leather,,WBSWD93569P361286,,P361286,"MSRP,ZPP.1,ZTP,2MK,2MT.1,403,6FL,653,655,752",,,"Jan 24, 2009",550,,,,,,,,,,
A52 - Space Gray Metallic,,NDH2 - Fox Red Extended Leather,,WBSWD93589P361287,,P361287,"MSRP,ZPP.3,ZTP,2MK,2MT.1,415,494,507,6FL,6NF,653,655,752",,,"Jan 24, 2009",550/1100,,,,,,,,,,
300 - Alpine White,,NCH2 - Fox Red Novillo Leather,,WBSWD935X9P361288,,P361288,"MSRP,ZPP.3,ZTP,2MK,2MT.1,494,507,6FL,653,655,752",,,"Jan 24, 2009",,,,,,,,,,,
668 - Jet Black,,NCH3 - Beige Novillo Leather,,WBSWD93519P361289,,P361289,"MSRP,ZPP.3,ZTP,2MK,2MT.1,507,6FL,653,655",,,"Jan 24, 2009",,,,,,,,,,,
668 - Jet Black,,NCSW - Black Novillo Leather,,WBSWD93589P361290,,P361290,"MSRP,ZPP.3,ZTP,2MK,2MT.1,6FL,653,655,752",,,"Jan 24, 2009",,,,,,,,,,,
A29 - Silverstone Metallic II,,NCSW - Black Novillo Leather,,WBSWD935X9P361291,,P361291,"MSRP,ZCW,ZPP.3,ZTP,2MK,2MT.1,6FL,653,655,752",,,"Jan 24, 2009",550,,,,,,,,,,
A73 - Jerez Black Metallic,,NCSW - Black Novillo Leather,,WBSWD93519P361292,,P361292,"MSRP,ZPP.3,ZTP,2MK,2MT.1,403,415,6FL,6NF,653,655,752",,,"Jan 24, 2009",550,,,,,,,,,,
668 - Jet Black,,NCH3 - Beige Novillo Leather,,WBSWD93539P361293,,P361293,"MSRP,ZPP.3,ZTP,2MK,2MT.1,403,6FL,6NF,653,655,752",,,"Jan 24, 2009",,,,,,,,,,,
A52 - Space Gray Metallic,,NCSW - Black Novillo Leather,,WBSWD93559P361294,,P361294,"MSRP,ZPP.3,2MK,2MT.1,403,494,507,609,6FL,653,752",,,"Jan 24, 2009",550,,,,,,,,,,
A52 - Space Gray Metallic,,NCH2 - Fox Red Novillo Leather,,WBSWD93579P361295,,P361295,"MSRP,ZCW,ZPP.1,ZTP,2MT.1,403,507,6FL,653,655,752",,,"Jan 26, 2009",550,,,,,,,,,,
668 - Jet Black,,NCH3 - Beige Novillo Leather,,WBSWD93599P361296,,P361296,"MSRP,ZPP.1,ZTP,2MK,2MT.1,403,494,507,6FL,6NF,653,655,752",,,"Jan 26, 2009",,,,,,,,,,,
A29 - Silverstone Metallic II,,NCH2 - Fox Red Novillo Leather,,WBSWD93509P361297,,P361297,"MSRP,2MK,322,403,494,4MY,609,6FL,653,655,752",,,"Jan 26, 2009",550/950,,,,,,,,,,
A30 - Interlagos Blue Metallic,,NCSW - Black Novillo Leather,,WBSWD93529P361298,,P361298,"MSRP,ZPP.3,ZTP,2MK,2MT.1,403,415,494,507,6FL,6NF,653,655,752",,,"Jan 26, 2009",550,,,,,,,,,,
668 - Jet Black,,NCSW - Black Novillo Leather,,WBSWD93549P361299,,P361299,"MSRP,ZPP.3,ZTP,2MK,2MT.1,403,494,507,6FL,653,752",,,"Jan 26, 2009",,,,,,,,,,,
A73 - Jerez Black Metallic,,NDSW - Black Extended Novillo Leather,,WBSWD93579P361300,,P361300,"MSRP,ZPP.1,ZTP,2MK,2MT.1,403,415,507,6FL,653,752",,,"Jan 26, 2009",550/1100,,,,,,,,,,
A52 - Space Gray Metallic,,NCH1 - Silver Novillo Leather,,WBSWD93599P361301,,P361301,"MSRP,ZPP.2,ZTP,2MK,2MT.1,403,415,494,6FL,653,752",,,"Jan 26, 2009",550,,,,,,,,,,
A52 - Space Gray Metallic,,NDH1 - Silver Novillo Extended Leather,,WBSWD93509P361302,,P361302,"MSRP,ZCW,ZPP.1,ZTP,2MK,2MT.1,403,507,6FL,653,655,752",,,"Jan 26, 2009",550/1100,,,,,,,,,,
A52 - Space Gray Metallic,,NCSW - Black Novillo Leather,,WBSWD93529P361303,,P361303,"MSRP,ZPP.3,ZTP,2MK,2MT.1,403,494,6FL,653,655,752",,,"Jan 26, 2009",550,,,,,,,,,,
A52 - Space Gray Metallic,,NCSW - Black Novillo Leather,,WBSWD93549P361304,,P361304,"MSRP,ZPP.3,ZTP,2MK,2MT.1,403,6FL,653,655,752",,,"Jan 26, 2009",550,,,,,,,,,,
A52 - Space Gray Metallic,,NCSW - Black Novillo Leather,,WBSWD93569P361305,,P361305,"MSRP,ZPP.3,ZTP,2MK,2MT.1,403,494,6FL,653,752",,,"Jan 26, 2009",550,,,,,,,,,,
668 - Jet Black,,NCSW - Black Novillo Leather,,WBSWD93589P361306,,P361306,"MSRP,ZPP.3,ZTP,2MK,2MT.1,403,494,507,6FL,653,655,752",,,"Jan 26, 2009",,,,,,,,,,,
A52 - Space Gray Metallic,,NCSW - Black Novillo Leather,,WBSWD935X9P361307,,P361307,"MSRP,ZPP.3,ZTP,2MK,2MT.1,403,494,507,6FL,6NF,653,655,752",,,"Jan 26, 2009",550,,,,,,,,,,
A75 - Melbourne Red Metallic,,NCH3 - Beige Novillo Leather,,WBSWD93519P361308,,P361308,"MSRP,ZPP.3,ZTP,2MK,2MT.1,403,6FL,653,655",,,"Jan 27, 2009",550,,,,,,,,,,
668 - Jet Black,,NCSW - Black Novillo Leather,,WBSWD93539P361309,,P361309,"MSRP,ZCW,ZPP.3,ZTP,403,507,6FL,6NF,653,655,863",,,"Jan 26, 2009",,,,,,,,,,,
A29 - Silverstone Metallic II,,NCSW - Black Novillo Leather,,WBSWD935X9P361310,,P361310,"MSRP,ZCW,ZPP.3,ZTP,2MK,2MT.1,507,6FL,6NF,653,752",,,"Jan 26, 2009",550,,,,,,,,,,
381 - Le Mans Blue Metallic,,NCSW - Black Novillo Leather,,WBSWD93519P361311,,P361311,"MSRP,ZPP.3,2MK,2MT.1,494,6FL,655",,,"Jan 26, 2009",550,,,,,,,,,,
668 - Jet Black,,NCSW - Black Novillo Leather,,WBSWD93539P361312,,P361312,"MSRP,ZPP.3,2MK,2MT.1,6FL,655",,,"Jan 26, 2009",,,,,,,,,,,
300 - Alpine White,,GEAT - Anthracite/Black Cloth & Leather,,WBSWD93559P361313,,P361313,"MSRP,2MK,771",,,"Jan 26, 2009",,,,,,,,,,,
300 - Alpine White,,NCH2 - Fox Red Novillo Leather,,WBSWD93579P361314,,P361314,"MSRP,ZPP.3,ZTP,2MK,403,507,6FL,6NF,653,655,752",,,"Jan 26, 2009",,,,,,,,,,,
300 - Alpine White,,GEAT - Anthracite/Black Cloth & Leather,,WBSWD93599P361315,,P361315,"MSRP,771",,,"Jan 26, 2009",,,,,,,,,,,
300 - Alpine White,,NDSW - Black Extended Novillo Leather,,WBSWD93509P361316,,P361316,"MSRP,ZCW,ZPP.2,ZTP,2MK,507,6FL,6NF,653,752",,,"Jan 26, 2009",1100,,,,,,,,,,
668 - Jet Black,,NCH2 - Fox Red Novillo Leather,,WBSWD93529P361317,,P361317,"MSRP,ZPP.3,ZTP,2MK,507,653,752",,,"Jan 26, 2009",,,,,,,,,,,
668 - Jet Black,,NDSW - Black Extended Novillo Leather,,WBSWD93549P361318,,P361318,"MSRP,ZPP.3,ZTP,2MK,2MT.1,494,507,6FL,6NF,653,655,752",,,"Jan 26, 2009",1100,,,,,,,,,,
300 - Alpine White,,NCSW - Black Novillo Leather,,WBSWD93569P361319,,P361319,"MSRP,609,653,752,771",,,"Jan 26, 2009",950,,,,,,,,,,
668 - Jet Black,,GEAT - Anthracite/Black Cloth & Leather,,WBSWD93529P361320,,P361320,"MSRP,2MK,2MT.1,4MY,6FL",,,"Jan 26, 2009",,,,,,,,,,,
300 - Alpine White,,NCSW - Black Novillo Leather,,WBSWD93549P361321,,P361321,"MSRP,ZPP.2,2MK,2MT.1,507,6FL,6NF,653",,,"Jan 26, 2009",,,,,,,,,,,
300 - Alpine White,,NCSW - Black Novillo Leather,,WBSWD93569P361322,,P361322,"MSRP,ZPP.2,2MK,2MT.1,223,507,6FL",,,"Jan 26, 2009",,,,,,,,,,,
300 - Alpine White,,NCH2 - Fox Red Novillo Leather,,WBSWD93589P361323,,P361323,"MSRP,ZPP.3,494,6FL",,,"Jan 27, 2009",,,,,,,,,,,
A52 - Space Gray Metallic,,NCH1 - Silver Novillo Leather,,WBSWD935X9P361324,,P361324,"MSRP,ZPP.2,2MT.1,494",,,"Jan 27, 2009",550,,,,,,,,,,
300 - Alpine White,,NCSW - Black Novillo Leather,,WBSWD93519P361325,,P361325,"MSRP,ZPP.3,2MK,2MT.1,223,494",,,"Jan 27, 2009",,,,,,,,,,,
668 - Jet Black,,NCSW - Black Novillo Leather,,WBSWD93539P361326,,P361326,"MSRP,ZCW,ZPP.3,ZTP,2MK,2MT.1,507,6FL,653,655",,,"Jan 27, 2009",,,,,,,,,,,
A75 - Melbourne Red Metallic,,NCSW - Black Novillo Leather,,WBSWD93559P361327,,P361327,"MSRP,ZCW,ZPP.3,ZTP,2MK,2MT.1,415,507,6FL,6NF,653,655,752",,,"Jan 27, 2009",550,,,,,,,,,,
A52 - Space Gray Metallic,,NCH3 - Beige Novillo Leather,,WBSWD93579P361328,,P361328,"MSRP,ZCW,ZPP.2,ZTP,2MK,2MT.1,415,507,6FL,6NF,653,655,752",,,"Jan 27, 2009",550,,,,,,,,,,
A52 - Space Gray Metallic,,NCSW - Black Novillo Leather,,WBSWD93599P361329,,P361329,"MSRP,ZCW,ZPP.2,ZTP,2MK,2MT.1,415,507,6FL,6NF,653,655,752",,,"Jan 27, 2009",550,,,,,,,,,,
300 - Alpine White,,NCSW - Black Novillo Leather,,WBSWD93559P361330,,P361330,"MSRP,223,494,771",,,"Jan 27, 2009",950,,,,,,,,,,
300 - Alpine White,,NDSW - Black Extended Novillo Leather,,WBSWD93579P361331,,P361331,"MSRP,ZCW,ZPP.3,ZTP,2MT.1,415,6FL,6NF,653,655,752",,,"Jan 27, 2009",1100,,,,,,,,,,
300 - Alpine White,,NCSW - Black Novillo Leather,,WBSWD93599P361332,,P361332,"MSRP,ZPP.3,ZTP,2MK,2MT.1,653",,,"Jan 27, 2009",,,,,,,,,,,
300 - Alpine White,,NCH2 - Fox Red Novillo Leather,,WBSWD93509P361333,,P361333,"MSRP,ZCW,ZPP.3,2MK,302,322,507,6FL,655,752",,,"Jan 27, 2009",,,,,,,,,,,
300 - Alpine White,,NDH2 - Fox Red Extended Leather,,WBSWD93529P361334,,P361334,"MSRP,ZCW,ZPP.1,ZTP,507,6FL,653,655,752",,,"Jan 27, 2009",1100,,,,,,,,,,
A29 - Silverstone Metallic II,,NCH1 - Silver Novillo Leather,,WBSWD93549P361335,,P361335,"MSRP,ZCW,ZPP.1,ZTP,6FL,653,752",,,"Jan 27, 2009",550,,,,,,,,,,
A73 - Jerez Black Metallic,,NCSW - Black Novillo Leather,,WBSWD93569P361336,,P361336,"MSRP,ZCW,ZPP.3,ZTP,2MK,2MT.1,507,6FL,653,655,752",,,"Jan 27, 2009",550,,,,,,,,,,
668 - Jet Black,,NCSW - Black Novillo Leather,,WBSWD93589P361337,,P361337,"MSRP,ZCW,ZTP,2MK,2MT.1,302,4MY,5AC,6FL,6NF,653,655,752",,,"Jan 27, 2009",950,,,,,,,,,,
300 - Alpine White,,NCSW - Black Novillo Leather,,WBSWD935X9P361338,,P361338,"MSRP,ZCW,ZPP.1,ZTP,2MK,2MT.1,6FL,653,752",,,"Jan 27, 2009",,,,,,,,,,,
668 - Jet Black,,NCSW - Black Novillo Leather,,WBSWD93519P361339,,P361339,"MSRP,ZCW,ZPP.3,ZTP,2MK,2MT.1,6FL,653,655,752",,,"Jan 27, 2009",,,,,,,,,,,
668 - Jet Black,,NCSW - Black Novillo Leather,,WBSWD93589P361340,,P361340,"MSRP,ZPP.3,ZTP,2MK,403,494,507,6FL,6NF,653,655",,,"Jan 27, 2009",,,,,,,,,,,
300 - Alpine White,,NCH3 - Beige Novillo Leather,,WBSWD935X9P361341,,P361341,"MSRP,ZCW,ZPP.3,ZTP,2MK,2MT.1,403,6FL,653,655,752",,,"Jan 27, 2009",,,,,,,,,,,
381 - Le Mans Blue Metallic,,NDSW - Black Extended Novillo Leather,,WBSWD93519P361342,,P361342,"MSRP,ZPP.1,ZTP,2MK,2MT.1,403,6FL,653,752",,,"Jan 27, 2009",550/1100,,,,,,,,,,
A29 - Silverstone Metallic II,,NCSW - Black Novillo Leather,,WBSWD93539P361343,,P361343,"MSRP,ZPP.3,2MK,2MT.1,6FL,655",,,"Jan 27, 2009",550,,,,,,,,,,
A52 - Space Gray Metallic,,NCSW - Black Novillo Leather,,WBSWD93559P361344,,P361344,"MSRP,ZCW,ZPP.3,2MT.1,6FL",,,"Jan 27, 2009",550,,,,,,,,,,
A29 - Silverstone Metallic II,,NCSW - Black Novillo Leather,,WBSWD93579P361345,,P361345,"MSRP,2MK,2MT.1,494,4MY,507,6FL,653",,,"Jan 27, 2009",550/950,,,,,,,,,,
668 - Jet Black,,GEAT - Anthracite/Black Cloth & Leather,,WBSWD93599P361346,,P361346,"MSRP,ZCW,2MK,2MT.1,6FL,771",,,"Jan 27, 2009",,,,,,,,,,,
A29 - Silverstone Metallic II,,NCSW - Black Novillo Leather,,WBSWD93509P361347,,P361347,"MSRP,ZPP.1",,,"Jan 27, 2009",550,,,,,,,,,,
A29 - Silverstone Metallic II,,NCSW - Black Novillo Leather,,WBSWD93529P361348,,P361348,"MSRP,ZPP.1,2MK,655",,,"Jan 28, 2009",550,,,,,,,,,,
300 - Alpine White,,NCSW - Black Novillo Leather,,WBSWD93549P361349,,P361349,"MSRP,ZPP.3,2MK,2MT.1,403,6FL,655",,,"Jan 27, 2009",,,,,,,,,,,
A52 - Space Gray Metallic,,NCSW - Black Novillo Leather,,WBSWD93509P361350,,P361350,"MSRP,ZCW,ZPP.3,ZTP,2MK,2MT.1,507,6FL,6NF,653,655,752",,,"Jan 27, 2009",550,,,,,,,,,,
A52 - Space Gray Metallic,,NCSW - Black Novillo Leather,,WBSWD93529P361351,,P361351,"MSRP,223,403,6FL,771",,,"Jan 27, 2009",550/950,,,,,,,,,,
668 - Jet Black,,NCSW - Black Novillo Leather,,WBSWD93549P361352,,P361352,"MSRP,ZPP.3,ZTP,2MK,2MT.1,494,507,6FL,6NF,653,655,752",,,"Jan 27, 2009",,,,,,,,,,,
300 - Alpine White,,NCSW - Black Novillo Leather,,WBSWD93569P361353,,P361353,"MSRP,ZPP.3,ZTP,2MK,2MT.1,494,507,6FL,6NF,752",,,"Jan 27, 2009",,,,,,,,,,,
300 - Alpine White,,NDH2 - Fox Red Extended Leather,,WBSWD93589P361354,,P361354,"MSRP,ZCW,ZPP.3,2MK,2MT.1,302,322,403,415,507,609,6FL,653,655,752",,,"Jan 28, 2009",1100,,,,,,,,,,
A73 - Jerez Black Metallic,,NCSW - Black Novillo Leather,,WBSWD935X9P361355,,P361355,"MSRP,ZCW,ZPP.2,ZTP,2MK,2MT.1,403,415,507,6FL,6NF,653,655,752",,,"Jan 28, 2009",550,,,,,,,,,,
668 - Jet Black,,NCSW - Black Novillo Leather,,WBSWD93519P361356,,P361356,"MSRP,ZPP.3,ZTP,2MK,2MT.1,494,6FL,6NF,653,655,752",,,"Jan 28, 2009",,,,,,,,,,,
300 - Alpine White,,NCSW - Black Novillo Leather,,WBSWD93539P361357,,P361357,"MSRP,ZPP.1,2MK,2MT.1,223,507,6FL,653",,,"Jan 28, 2009",,,,,,,,,,,
A52 - Space Gray Metallic,,NDSW - Black Extended Novillo Leather,,WBSWD93559P361358,,P361358,"MSRP,ZCW,ZPP.3,ZTP,2MK,2MT.1,507,6FL,6NF,653,655,752",,,"Jan 28, 2009",550/1100,,,,,,,,,,
A73 - Jerez Black Metallic,,NCSW - Black Novillo Leather,,WBSWD93579P361359,,P361359,"MSRP,ZPP.3,ZTP,2MK,2MT.1,403,507,6FL,6NF,653,655,752",,,"Jan 28, 2009",550,,,,,,,,,,
300 - Alpine White,,NCSW - Black Novillo Leather,,WBSWD93539P361360,,P361360,"MSRP,ZPP.3,ZTP,2MK,2MT.1,494,6FL,653,655,752",,,"Jan 28, 2009",,,,,,,,,,,
381 - Le Mans Blue Metallic,,NCH1 - Silver Novillo Leather,,WBSWD93559P361361,,P361361,"MSRP,ZCW,ZPP.3,ZTP,2MK,2MT.1,6FL,6NF,653,752",,,"Jan 28, 2009",550,,,,,,,,,,
A73 - Jerez Black Metallic,,NCSW - Black Novillo Leather,,WBSWD93579P361362,,P361362,"MSRP,ZCW,ZPP.3,ZTP,2MK,2MT.1,507,6FL,653,655,752",,,"Jan 28, 2009",550,,,,,,,,,,
A52 - Space Gray Metallic,,NDH2 - Fox Red Extended Leather,,WBSWD93599P361363,,P361363,"MSRP,ZCW,ZPP.3,ZTP,2MK,2MT.1,507,6FL,6NF,653,752",,,"Jan 28, 2009",550/1100,,,,,,,,,,
A73 - Jerez Black Metallic,,NCSW - Black Novillo Leather,,WBSWD93509P361364,,P361364,"MSRP,ZCW,ZPP.3,ZTP,2MT.1,6FL,653,655",,,"Jan 28, 2009",550,,,,,,,,,,
668 - Jet Black,,NCSW - Black Novillo Leather,,WBSWD93529P361365,,P361365,"MSRP,ZPP.3,ZTP,2MK,6FL,653,655",,,"Jan 28, 2009",,,,,,,,,,,
A52 - Space Gray Metallic,,NCSW - Black Novillo Leather,,WBSWD93549P361366,,P361366,"MSRP,ZCW,ZPP.3,ZTP,2MK,2MT.1,507,6FL,6NF,653,655,752",,,"Jan 28, 2009",550,,,,,,,,,,
668 - Jet Black,,NCSW - Black Novillo Leather,,WBSWD93569P361367,,P361367,"MSRP,ZPP.3,ZTP,2MK,2MT.1,494,6FL,653,655",,,"Jan 28, 2009",,,,,,,,,,,
668 - Jet Black,,NDSW - Black Extended Novillo Leather,,WBSWD93589P361368,,P361368,"MSRP,ZCW,ZPP.1,ZTP,2MT.1,415,507,6FL,6NF,653,655,752",,,"Jan 28, 2009",1100,,,,,,,,,,
A52 - Space Gray Metallic,,NDSW - Black Extended Novillo Leather,,WBSWD935X9P361369,,P361369,"MSRP,ZPP.3,ZTP,2MK,2MT.1,415,494,507,6FL,6NF,653,655,752",,,"Jan 28, 2009",550/1100,,,,,,,,,,
A52 - Space Gray Metallic,,NDH2 - Fox Red Extended Leather,,WBSWD93569P361370,,P361370,"MSRP,ZPP.3,ZTP,415,507,6FL,653,752",,,"Jan 28, 2009",550/1100,,,,,,,,,,
668 - Jet Black,,NCSW - Black Novillo Leather,,WBSWD93589P361371,,P361371,"MSRP,ZPP.3,ZTP,2MK,2MT.1,415,494,6FL,6NF,653,655,752",,,"Jan 28, 2009",,,,,,,,,,,
668 - Jet Black,,NCSW - Black Novillo Leather,,WBSWD935X9P361372,,P361372,"MSRP,ZPP.1,ZTP,2MK,403,415,494,6FL,653,655,752",,,"Jan 28, 2009",,,,,,,,,,,
A52 - Space Gray Metallic,,NCSW - Black Novillo Leather,,WBSWD93519P361373,,P361373,"MSRP,ZCW,ZPP.3,ZTP,2MK,403,507,6FL,653,655,752",,,"Jan 28, 2009",550,,,,,,,,,,
A73 - Jerez Black Metallic,,NDSW - Black Extended Novillo Leather,,WBSWD93539P361374,,P361374,"MSRP,ZCW,ZPP.3,ZTP,2MK,2MT.1,403,415,507,6FL,6NF,653,655,752",,,"Jan 28, 2009",550/1100,,,,,,,,,,
300 - Alpine White,,NDSW - Black Extended Novillo Leather,,WBSWD93559P361375,,P361375,"MSRP,ZCW,ZPP.3,ZTP,2MK,2MT.1,403,415,507,6FL,6NF,653,655,752",,,"Jan 28, 2009",1100,,,,,,,,,,
A73 - Jerez Black Metallic,,NCSW - Black Novillo Leather,,WBSWD93579P361376,,P361376,"MSRP,ZPP.3,ZTP,2MK,2MT.1,403,494,507,6FL,653,655,752",,,"Jan 28, 2009",550,,,,,,,,,,
668 - Jet Black,,NCSW - Black Novillo Leather,,WBSWD93599P361377,,P361377,"MSRP,ZCW,ZPP.3,ZTP,2MK,2MT.1,403,415,6FL,653,655,752",,,"Jan 28, 2009",,,,,,,,,,,
A75 - Melbourne Red Metallic,,NDH3 - Beige Novillo Extended Leather,,WBSWD93509P361378,,P361378,"MSRP,ZPP.3,ZTP,2MT.1,403,6FL,653,655,752",,,"Jan 28, 2009",550/1100,,,,,,,,,,
668 - Jet Black,,NCH3 - Beige Novillo Leather,,WBSWD93529P361379,,P361379,"MSRP,ZCW,ZPP.1,2MK,2MT.1,403,609,6FL,653,655",,,"Jan 28, 2009",,,,,,,,,,,
300 - Alpine White,,NCSW - Black Novillo Leather,,WBSWD93599P361380,,P361380,"MSRP,ZCW,ZPP.1,ZTP,2MK,2MT.1,403,415,6FL,653,655,752",,,"Jan 28, 2009",,,,,,,,,,,
668 - Jet Black,,NCSW - Black Novillo Leather,,WBSWD93509P361381,,P361381,"MSRP,ZCW,ZPP.1,ZTP,2MK,302,403,6FL,6NF,653,655,752",,,"Jan 28, 2009",,,,,,,,,,,
668 - Jet Black,,NCSW - Black Novillo Leather,,WBSWD93529P361382,,P361382,"MSRP,ZCW,ZPP.1,ZTP,2MK,2MT.1,403,6FL,6NF,653,655,752",,,"Jan 28, 2009",,,,,,,,,,,
668 - Jet Black,,NCSW - Black Novillo Leather,,WBSWD93549P361383,,P361383,"MSRP,ZCW,ZPP.1,ZTP,403,6FL,653,655",,,"Jan 28, 2009",,,,,,,,,,,
A52 - Space Gray Metallic,,NCSW - Black Novillo Leather,,WBSWD93569P361384,,P361384,"MSRP,ZCW,ZPP.1,ZTP,2MK,2MT.1,403,6FL,653,655,752",,,"Jan 28, 2009",550,,,,,,,,,,
A29 - Silverstone Metallic II,,NDH1 - Silver Novillo Extended Leather,,WBSWD93589P361385,,P361385,"MSRP,ZCW,ZPP.3,ZTP,2MK,2MT.1,302,415,507,6FL,653,655,752",,,"Mar 5, 2009",550/1100,,,,,,,,,,
300 - Alpine White,,NCH2 - Fox Red Novillo Leather,,WBSWD935X9P361386,,P361386,"MSRP,ZCW,ZPP.3,ZTP,2MK,2MT.1,302,415,507,6FL,653,655,752",,,"Mar 5, 2009",,,,,,,,,,,
A73 - Jerez Black Metallic,,NCH2 - Fox Red Novillo Leather,,WBSWD93519P361387,,P361387,"MSRP,ZCW,ZPP.3,ZTP,2MK,2MT.1,302,415,507,6FL,653,655,752",,,"Mar 5, 2009",550,,,,,,,,,,
381 - Le Mans Blue Metallic,,NCSW - Black Novillo Leather,,WBSWD93539P361388,,P361388,"MSRP,2MK,2MT.1,771",,,"Jan 28, 2009",550/950,,,,,,,,,,
300 - Alpine White,,NCH2 - Fox Red Novillo Leather,,WBSWD93559P361389,,P361389,"MSRP,ZPP.3,ZTP,2MK,2MT.1,507,6FL,653,655,752",,,"Jan 28, 2009",,,,,,,,,,,
A75 - Melbourne Red Metallic,,NCH3 - Beige Novillo Leather,,WBSWD93519P361390,,P361390,"MSRP,ZCW,ZPP.2,2MK,2MT.1,322,403,507,609,6FL,6NF,752",,,"Jan 28, 2009",550,,,,,,,,,,
668 - Jet Black,,NCSW - Black Novillo Leather,,WBSWD93539P361391,,P361391,"MSRP,ZPP.3,ZTP,2MK,2MT.1,403,6FL,653,655,752",,,"Jan 28, 2009",,,,,,,,,,,
300 - Alpine White,,NCSW - Black Novillo Leather,,WBSWD93559P361392,,P361392,"MSRP,ZPP.3,ZTP,2MK,2MT.1,494,507,6FL,6NF,653,655,752",,,"Jan 28, 2009",,,,,,,,,,,
300 - Alpine White,,NCSW - Black Novillo Leather,,WBSWD93579P361393,,P361393,"MSRP,ZPP.3,2MT.1,609,6FL,6NF,653",,,"Jan 28, 2009",,,,,,,,,,,
A52 - Space Gray Metallic,,NCSW - Black Novillo Leather,,WBSWD93599P361394,,P361394,"MSRP,ZCW,ZPP.3,ZTP,2MT.1,403,653",,,"Jan 28, 2009",550,,,,,,,,,,
381 - Le Mans Blue Metallic,,NDSW - Black Extended Novillo Leather,,WBSWD93509P361395,,P361395,"MSRP,ZPP.1,ZTP,2MT.1,415,507,6FL,653,752",,,"Jan 29, 2009",550/1100,,,,,,,,,,
A73 - Jerez Black Metallic,,NCSW - Black Novillo Leather,,WBSWD93529P361396,,P361396,"MSRP,ZCW,ZPP.3,ZTP,2MT.1,403,6FL,653,655,752",,,"Jan 29, 2009",550,,,,,,,,,,
668 - Jet Black,,NCSW - Black Novillo Leather,,WBSWD93549P361397,,P361397,"MSRP,ZPP.3,ZTP,403,507,6FL,653,655,752",,,"Jan 29, 2009",,,,,,,,,,,
A73 - Jerez Black Metallic,,NCSW - Black Novillo Leather,,WBSWD93569P361398,,P361398,"MSRP,ZPP.3,ZTP,2MK,2MT.1,494,6FL,653,752",,,"Jan 29, 2009",550,,,,,,,,,,
300 - Alpine White,,NCH3 - Beige Novillo Leather,,WBSWD93589P361399,,P361399,"MSRP,ZPP.1,2MK,2MT.1,322,494,507,609,6FL,653,752",,,"Jan 29, 2009",,,,,,,,,,,
300 - Alpine White,,NCSW - Black Novillo Leather,,WBSWD93509P361400,,P361400,"MSRP,ZPP.3,ZTP,2MK,2MT.1,494,6FL,653,655,752",,,"Jan 29, 2009",,,,,,,,,,,
A73 - Jerez Black Metallic,,NCSW - Black Novillo Leather,,WBSWD93529P361401,,P361401,"MSRP,2MK,2MT.1,223,302,322,494,5AC,6FL,6NF,863",,,"Jan 29, 2009",550/950,,,,,,,,,,
668 - Jet Black,,NCH2 - Fox Red Novillo Leather,,WBSWD93549P361402,,P361402,"MSRP,ZPP.3,ZTP,2MK,2MT.1,494,507,6FL,6NF,653,655,752",,,"Jan 29, 2009",,,,,,,,,,,
668 - Jet Black,,NCSW - Black Novillo Leather,,WBSWD93569P361403,,P361403,"MSRP,ZPP.3,2MT.1,494,609,6FL,653,655",,,"Jan 29, 2009",,,,,,,,,,,
A73 - Jerez Black Metallic,,NCSW - Black Novillo Leather,,WBSWD93589P361404,,P361404,"MSRP,ZCW,ZPP.3,ZTP,2MK,2MT.1,403,507,6FL,653,655,752",,,"Jan 29, 2009",550,,,,,,,,,,
381 - Le Mans Blue Metallic,,NCSW - Black Novillo Leather,,WBSWD935X9P361405,,P361405,"MSRP,ZPP.3,ZTP,2MK,2MT.1,494,6FL,6NF,653,655,752",,,"Jan 29, 2009",550,,,,,,,,,,
300 - Alpine White,,NCSW - Black Novillo Leather,,WBSWD93519P361406,,P361406,"MSRP,ZPP.1,ZTP,2MK,2MT.1,494,6FL,653,752",,,"Jan 29, 2009",,,,,,,,,,,
668 - Jet Black,,NCSW - Black Novillo Leather,,WBSWD93539P361407,,P361407,"MSRP,ZPP.3,ZTP,2MK,2MT.1,415,507,6FL,653,655,752",,,"Jan 29, 2009",,,,,,,,,,,
300 - Alpine White,,NCSW - Black Novillo Leather,,WBSWD93559P361408,,P361408,"MSRP,ZCW,ZPP.3,ZTP,2MK,2MT.1,403,507,6FL,6NF,653,752",,,"Jan 29, 2009",,,,,,,,,,,
A73 - Jerez Black Metallic,,NCSW - Black Novillo Leather,,WBSWD93579P361409,,P361409,"MSRP,ZCW,ZPP.2,ZTP,2MK,2MT.1,403,6FL,6NF,653,752",,,"Jan 29, 2009",550,,,,,,,,,,
A30 - Interlagos Blue Metallic,,NCH3 - Beige Novillo Leather,,WBSWD93539P361410,,P361410,"MSRP,ZCW,ZPP.2,ZTP,2MT.1,403,415,6FL,653,863",,,"Jan 29, 2009",550,,,,,,,,,,
300 - Alpine White,,NCH3 - Beige Novillo Leather,,WBSWD93559P361411,,P361411,"MSRP,ZPP.2,2MK,2MT.1,609,6FL,653,752",,,"Jan 29, 2009",,,,,,,,,,,
300 - Alpine White,,GEAT - Anthracite/Black Cloth & Leather,,WBSWD93579P361412,,P361412,"MSRP,ZPP.3,ZTP,2MK,6FL,653",,,"Jan 29, 2009",,,,,,,,,,,
668 - Jet Black,,NCSW - Black Novillo Leather,,WBSWD93599P361413,,P361413,"MSRP,ZTP,2MK,2MT.1,4MY,507,6FL,653,655,752",,,"Jan 29, 2009",950,,,,,,,,,,
668 - Jet Black,,NCSW - Black Novillo Leather,,WBSWD93509P361414,,P361414,"MSRP,ZPP.3,ZTP,2MT.1,494,6FL,653",,,"Jan 29, 2009",,,,,,,,,,,
300 - Alpine White,,NCH2 - Fox Red Novillo Leather,,WBSWD93529P361415,,P361415,"MSRP,ZTP,494,507,6FL,653,771",,,"Jan 29, 2009",950,,,,,,,,,,
668 - Jet Black,,NCSW - Black Novillo Leather,,WBSWD93549P361416,,P361416,"MSRP,ZPP.1,ZTP,2MK,2MT.1,494,6FL,653,655,752",,,"Jan 29, 2009",,,,,,,,,,,
668 - Jet Black,,NCSW - Black Novillo Leather,,WBSWD93569P361417,,P361417,"MSRP,ZPP.3,ZTP,2MK,2MT.1,494,6FL,653,655,752",,,"Jan 29, 2009",,,,,,,,,,,
668 - Jet Black,,NCSW - Black Novillo Leather,,WBSWD93589P361418,,P361418,"MSRP,ZPP.1,ZTP,2MK,2MT.1,494,507,6FL,653,655,752",,,"Jan 29, 2009",,,,,,,,,,,
668 - Jet Black,,NCSW - Black Novillo Leather,,WBSWD935X9P361419,,P361419,"MSRP,ZPP.1,ZTP,2MK,2MT.1,494,6FL,653,655,752",,,"Jan 29, 2009",,,,,,,,,,,
668 - Jet Black,,NCSW - Black Novillo Leather,,WBSWD93569P361420,,P361420,"MSRP,ZPP.3,ZTP,2MK,2MT.1,494,507,6FL,6NF,653,655,752",,,"Jan 29, 2009",,,,,,,,,,,
668 - Jet Black,,NCH2 - Fox Red Novillo Leather,,WBSWD93589P361421,,P361421,"MSRP,ZPP.3,ZTP,2MK,2MT.1,494,507,6FL,653,752",,,"Jan 29, 2009",,,,,,,,,,,
668 - Jet Black,,NDSW - Black Extended Novillo Leather,,WBSWD935X9P361422,,P361422,"MSRP,ZPP.3,ZTP,2MK,2MT.1,415,507,6FL,653,752",,,"Jan 29, 2009",1100,,,,,,,,,,
668 - Jet Black,,NCSW - Black Novillo Leather,,WBSWD93519P361423,,P361423,"MSRP,ZPP.1,2MK,223,609,6FL,653",,,"Jan 29, 2009",,,,,,,,,,,
A52 - Space Gray Metallic,,NDH2 - Fox Red Extended Leather,,WBSWD93539P361424,,P361424,"MSRP,ZCW,ZPP.3,ZTP,2MK,2MT.1,415,507,6FL,653,655",,,"Jan 29, 2009",550/1100,,,,,,,,,,
A73 - Jerez Black Metallic,,NCH2 - Fox Red Novillo Leather,,WBSWD93559P361425,,P361425,"MSRP,ZPP.3,ZTP,6FL,653,752,863",,,"Jan 29, 2009",550,,,,,,,,,,
A52 - Space Gray Metallic,,NDH2 - Fox Red Extended Leather,,WBSWD93579P361426,,P361426,"MSRP,ZPP.3,494,609,6FL,653,655",,,"Jan 30, 2009",550/1100,,,,,,,,,,
A30 - Interlagos Blue Metallic,,NCSW - Black Novillo Leather,,WBSWD93599P361427,,P361427,"MSRP,ZPP.2,ZTP,2MT.1,403,415,507,6FL,6NF,653,655,752",,,"Jan 30, 2009",550,,,,,,,,,,
300 - Alpine White,,NCH2 - Fox Red Novillo Leather,,WBSWD93509P361428,,P361428,"MSRP,ZPP.1,ZTP,2MT.1,494,6FL,6NF,653,752",,,"Jan 30, 2009",,,,,,,,,,,
A52 - Space Gray Metallic,,NCSW - Black Novillo Leather,,WBSWD93529P361429,,P361429,"MSRP,ZPP.3,ZTP,2MK,2MT.1,494,507,6FL,6NF,653,752",,,"Jan 30, 2009",550,,,,,,,,,,
A75 - Melbourne Red Metallic,,NCH3 - Beige Novillo Leather,,WBSWD93599P361430,,P361430,"MSRP,ZPP.2,ZTP,2MT.1,6FL,653,655,752",,,"Jan 30, 2009",550,,,,,,,,,,
A73 - Jerez Black Metallic,,NCSW - Black Novillo Leather,,WBSWD93509P361431,,P361431,"MSRP,ZPP.3,ZTP,2MK,2MT.1,403,494,6FL,653,752",,,"Jan 30, 2009",550,,,,,,,,,,
A29 - Silverstone Metallic II,,NDH1 - Silver Novillo Extended Leather,,WBSWD93529P361432,,P361432,"MSRP,ZPP.3,ZTP,2MK,2MT.1,403,6FL,653",,,"Jan 30, 2009",550/1100,,,,,,,,,,
300 - Alpine White,,NCSW - Black Novillo Leather,,WBSWD93549P361433,,P361433,"MSRP,ZPP.3,ZTP,2MK,2MT.1,415,494,6FL,6NF,653,655,752",,,"Jan 30, 2009",,,,,,,,,,,
A52 - Space Gray Metallic,,NCSW - Black Novillo Leather,,WBSWD93569P361434,,P361434,"MSRP,ZPP.1,ZTP,2MK,2MT.1,494,507,6FL,653,655",,,"Jan 30, 2009",550,,,,,,,,,,
A52 - Space Gray Metallic,,NCSW - Black Novillo Leather,,WBSWD93589P361435,,P361435,"MSRP,ZPP.3,ZTP,2MK,2MT.1,494,6FL,653,752",,,"Jan 30, 2009",550,,,,,,,,,,
A52 - Space Gray Metallic,,NDSW - Black Extended Novillo Leather,,WBSWD935X9P361436,,P361436,"MSRP,ZPP.1,ZTP,2MK,2MT.1,494,6FL,653,655,752",,,"Jan 30, 2009",550/1100,,,,,,,,,,
668 - Jet Black,,NCSW - Black Novillo Leather,,WBSWD93519P361437,,P361437,"MSRP,ZPP.3,ZTP,2MT.1,507,653",,,"Jan 30, 2009",,,,,,,,,,,
A52 - Space Gray Metallic,,NCSW - Black Novillo Leather,,WBSWD93539P361438,,P361438,"MSRP,ZPP.1,ZTP,2MK,2MT.1,494,507,6FL,653,752",,,"Jan 30, 2009",550,,,,,,,,,,
A30 - Interlagos Blue Metallic,,NCSW - Black Novillo Leather,,WBSWD93559P361439,,P361439,"MSRP,ZPP.3,ZTP,2MK,2MT.1,507,6FL,653,655,752",,,"Jan 30, 2009",550,,,,,,,,,,
A52 - Space Gray Metallic,,NCH2 - Fox Red Novillo Leather,,WBSWD93519P361440,,P361440,"MSRP,ZPP.3,ZTP,494,507,6FL,653",,,"Jan 30, 2009",550,,,,,,,,,,
A73 - Jerez Black Metallic,,NCSW - Black Novillo Leather,,WBSWD93539P361441,,P361441,"MSRP,ZPP.3,ZTP,2MK,2MT.1,494,6FL,653",,,"Jan 30, 2009",550,,,,,,,,,,
A52 - Space Gray Metallic,,NDSW - Black Extended Novillo Leather,,WBSWD93559P361442,,P361442,"MSRP,ZPP.3,ZTP,2MK,2MT.1,494,507,6FL,653,752",,,"Jan 30, 2009",550/1100,,,,,,,,,,
A73 - Jerez Black Metallic,,NCH3 - Beige Novillo Leather,,WBSWD93579P361443,,P361443,"MSRP,ZPP.3,ZTP,2MK,2MT.1,403,507,6FL,653,655,752",,,"Jan 30, 2009",550,,,,,,,,,,
300 - Alpine White,,NCH2 - Fox Red Novillo Leather,,WBSWD93599P361444,,P361444,"MSRP,ZTP,4MY,653",,,"Jan 30, 2009",950,,,,,,,,,,
A52 - Space Gray Metallic,,NCSW - Black Novillo Leather,,WBSWD93509P361445,,P361445,"MSRP,ZTP,2MK,2MT.1,494,4MX,507,6FL,752",,,"Jan 30, 2009",550/950,,,,,,,,,,
300 - Alpine White,,NCSW - Black Novillo Leather,,WBSWD93529P361446,,P361446,"MSRP,ZPP.3,ZTP,2MK,2MT.1,507,6FL,653,655,752",,,"Jan 30, 2009",,,,,,,,,,,
A73 - Jerez Black Metallic,,NCSW - Black Novillo Leather,,WBSWD93549P361447,,P361447,"MSRP,ZPP.3,ZTP,2MK,2MT.1,494,507,6FL,6NF,653,655,752",,,"Jan 30, 2009",550,,,,,,,,,,
A73 - Jerez Black Metallic,,NCSW - Black Novillo Leather,,WBSWD93569P361448,,P361448,"MSRP,ZPP.3,ZTP,2MK,6FL,653",,,"Jan 30, 2009",550,,,,,,,,,,
381 - Le Mans Blue Metallic,,NCSW - Black Novillo Leather,,WBSWD93589P361449,,P361449,"MSRP,ZPP.3,ZTP,2MK,2MT.1,494,6FL,653",,,"Jan 30, 2009",550,,,,,,,,,,
A52 - Space Gray Metallic,,NCSW - Black Novillo Leather,,WBSWD93549P361450,,P361450,"MSRP,ZCW,ZPP.3,2MK,403,609,653",,,"Jan 30, 2009",550,,,,,,,,,,
300 - Alpine White,,NCSW - Black Novillo Leather,,WBSWD93569P361451,,P361451,"MSRP,ZPP.3,ZTP,2MK,2MT.1,494,6FL,653,655,752",,,"Jan 30, 2009",,,,,,,,,,,
A75 - Melbourne Red Metallic,,NCSW - Black Novillo Leather,,WBSWD93589P361452,,P361452,"MSRP,ZPP.3,ZTP,2MT.1,494,6FL,653,752",,,"Jan 30, 2009",550,,,,,,,,,,
A75 - Melbourne Red Metallic,,NCSW - Black Novillo Leather,,WBSWD935X9P361453,,P361453,"MSRP,ZPP.3,ZTP,2MK,2MT.1,494,507,6FL,6NF,653,752",,,"Jan 31, 2009",550,,,,,,,,,,
A52 - Space Gray Metallic,,NDH2 - Fox Red Extended Leather,,WBSWD93519P361454,,P361454,"MSRP,ZPP.3,ZTP,2MK,2MT.1,494,6FL,653,752",,,"Jan 30, 2009",550/1100,,,,,,,,,,
A52 - Space Gray Metallic,,NCSW - Black Novillo Leather,,WBSWD93539P361455,,P361455,"MSRP,ZPP.3,ZTP,2MK,2MT.1,494,507,6FL,6NF,653,752",,,"Jan 30, 2009",550,,,,,,,,,,
300 - Alpine White,,NCSW - Black Novillo Leather,,WBSWD93559P361456,,P361456,"MSRP,ZPP.2,ZTP,2MT.1,415,494,507,6FL,653,655,752",,,"Jan 30, 2009",,,,,,,,,,,
A73 - Jerez Black Metallic,,NCSW - Black Novillo Leather,,WBSWD93579P361457,,P361457,"MSRP,ZPP.1,ZTP,2MK,2MT.1,403,494,6FL,653,655,752",,,"Jan 30, 2009",550,,,,,,,,,,
A29 - Silverstone Metallic II,,NCSW - Black Novillo Leather,,WBSWD93599P361458,,P361458,"MSRP,ZCW,ZPP.1,ZTP,2MT.1,403,6FL,653,655,752",,,"Jan 31, 2009",550,,,,,,,,,,
A29 - Silverstone Metallic II,,NCSW - Black Novillo Leather,,WBSWD93509P361459,,P361459,"MSRP,ZCW,ZPP.3,ZTP,2MK,2MT.1,403,6FL,653,655,752",,,"Jan 31, 2009",550,,,,,,,,,,
A52 - Space Gray Metallic,,NCSW - Black Novillo Leather,,WBSWD93579P361460,,P361460,"MSRP,ZCW,ZPP.3,ZTP,2MK,2MT.1,403,6FL,653,655,752",,,"Jan 31, 2009",550,,,,,,,,,,
A30 - Interlagos Blue Metallic,,NCSW - Black Novillo Leather,,WBSWD93599P361461,,P361461,"MSRP,ZCW,ZPP.1,ZTP,2MK,2MT.1,403,6FL,653,655,752",,,"Jan 31, 2009",550,,,,,,,,,,
668 - Jet Black,,GEAT - Anthracite/Black Cloth & Leather,,WBSWD93509P361462,,P361462,"MSRP,2MK,2MT.1,494,6FL,771",,,"Jan 31, 2009",,,,,,,,,,,
A30 - Interlagos Blue Metallic,,NCH1 - Silver Novillo Leather,,WBSWD93529P361463,,P361463,"MSRP,ZCW,ZPP.3,ZTP,2MT.1,302,403,415,507,6FL,653,752",,,"Jan 31, 2009",550,,,,,,,,,,
A73 - Jerez Black Metallic,,NCSW - Black Novillo Leather,,WBSWD93549P361464,,P361464,"MSRP,ZCW,ZPP.3,ZTP,2MK,2MT.1,403,507,6FL,6NF,653,655,752",,,"Jan 31, 2009",550,,,,,,,,,,
A52 - Space Gray Metallic,,NCSW - Black Novillo Leather,,WBSWD93569P361465,,P361465,"MSRP,ZCW,ZPP.1,2MT.1,6FL,655",,,"Jan 31, 2009",550,,,,,,,,,,
A73 - Jerez Black Metallic,,NCSW - Black Novillo Leather,,WBSWD93589P361466,,P361466,"MSRP,ZPP.3,2MT.1,403,494,6FL,6NF",,,"Jan 31, 2009",550,,,,,,,,,,
300 - Alpine White,,NCSW - Black Novillo Leather,,WBSWD935X9P361467,,P361467,"MSRP,ZCW,ZPP.3,2MK,2MT.1,302,322,415,507,609,6FL,653,655,752",,,"Jan 31, 2009",,,,,,,,,,,
668 - Jet Black,,NCSW - Black Novillo Leather,,WBSWD93519P361468,,P361468,"MSRP,ZCW,ZPP.3,ZTP,2MK,2MT.1,302,415,507,6FL,653,655,752",,,"Jan 31, 2009",,,,,,,,,,,
A73 - Jerez Black Metallic,,NCSW - Black Novillo Leather,,WBSWD93539P361469,,P361469,"MSRP,ZCW,ZPP.3,ZTP,2MK,2MT.1,6FL,653,752",,,"Jan 31, 2009",550,,,,,,,,,,
A73 - Jerez Black Metallic,,NCSW - Black Novillo Leather,,WBSWD935X9P361470,,P361470,"MSRP,ZCW,ZPP.3,ZTP,2MK,2MT.1,6FL,6NF,653,752",,,"Jan 31, 2009",550,,,,,,,,,,
668 - Jet Black,,NCSW - Black Novillo Leather,,WBSWD93519P361471,,P361471,"MSRP,ZTP,2MK,2MT.1,639,6FL,653,771",,,"Jan 31, 2009",950,,,,,,,,,,
A73 - Jerez Black Metallic,,NCSW - Black Novillo Leather,,WBSWD93539P361472,,P361472,"MSRP,ZCW,ZPP.3,ZTP,2MK,2MT.1,507,6FL,6NF,653,752",,,"Jan 31, 2009",550,,,,,,,,,,
300 - Alpine White,,NCSW - Black Novillo Leather,,WBSWD93559P361473,,P361473,"MSRP,ZCW,ZPP.3,ZTP,2MK,2MT.1,415,507,6FL,653,655,752",,,"Jan 31, 2009",,,,,,,,,,,
668 - Jet Black,,NCSW - Black Novillo Leather,,WBSWD93579P361474,,P361474,"MSRP,ZPP.3,ZTP,2MK,2MT.1,494,6FL,653,752",,,"Feb 2, 2009",,,,,,,,,,,
300 - Alpine White,,NDH3 - Beige Novillo Extended Leather,,WBSWD93599P361475,,P361475,"MSRP,ZPP.2,ZTP,2MK,2MT.1,494,6FL,6NF,653,655,752",,,"Feb 2, 2009",1100,,,,,,,,,,
668 - Jet Black,,NCSW - Black Novillo Leather,,WBSWD93509P361476,,P361476,"MSRP,ZPP.3,ZTP,2MK,2MT.1,415,494,6FL,653,752",,,"Feb 2, 2009",,,,,,,,,,,
300 - Alpine White,,NCSW - Black Novillo Leather,,WBSWD93529P361477,,P361477,"MSRP,ZCW,ZPP.3,ZTP,2MK,2MT.1,507,6FL,6NF,653,752",,,"Feb 2, 2009",,,,,,,,,,,
668 - Jet Black,,NCSW - Black Novillo Leather,,WBSWD93549P361478,,P361478,"MSRP,ZPP.3,ZTP,2MK,2MT.1,403,494,507,6FL,653,655,752",,,"Feb 2, 2009",,,,,,,,,,,
668 - Jet Black,,NCSW - Black Novillo Leather,,WBSWD93569P361479,,P361479,"MSRP,ZPP.3,ZTP,2MK,2MT.1,403,415,494,507,6FL,6NF,653,655,752",,,"Feb 2, 2009",,,,,,,,,,,
A52 - Space Gray Metallic,,NDSW - Black Extended Novillo Leather,,WBSWD93529P361480,,P361480,"MSRP,ZCW,ZPP.3,ZTP,2MT.1,403,415,507,6FL,6NF,653,752",,,"Feb 2, 2009",550/1100,,,,,,,,,,
A75 - Melbourne Red Metallic,,NCSW - Black Novillo Leather,,WBSWD93549P361481,,P361481,"MSRP,ZCW,ZPP.1,ZTP,403,6FL,653,655,752",,,"Feb 2, 2009",550,,,,,,,,,,
A75 - Melbourne Red Metallic,,NCSW - Black Novillo Leather,,WBSWD93569P361482,,P361482,"MSRP,ZCW,ZPP.3,ZTP,2MT.1,302,415,507,6FL,653,655,752",,,"Feb 2, 2009",550,,,,,,,,,,
A73 - Jerez Black Metallic,,NCSW - Black Novillo Leather,,WBSWD93589P361483,,P361483,"MSRP,ZCW,ZPP.3,ZTP,2MK,2MT.1,403,6FL,653,752",,,"Feb 2, 2009",550,,,,,,,,,,
A52 - Space Gray Metallic,,NCSW - Black Novillo Leather,,WBSWD935X9P361484,,P361484,"MSRP,ZPP.3,ZTP,2MK,2MT.1,494,507,6FL,653,655,752",,,"Feb 2, 2009",550,,,,,,,,,,
A52 - Space Gray Metallic,,NCSW - Black Novillo Leather,,WBSWD93519P361485,,P361485,"MSRP,ZPP.1,ZTP,2MK,2MT.1,6FL,6NF,653",,,"Feb 2, 2009",550,,,,,,,,,,
668 - Jet Black,,NCSW - Black Novillo Leather,,WBSWD93539P361486,,P361486,"MSRP,ZCW,ZPP.3,ZTP,2MK,2MT.1,6FL,653,655,752",,,"Feb 2, 2009",,,,,,,,,,,
668 - Jet Black,,NCSW - Black Novillo Leather,,WBSWD93559P361487,,P361487,"MSRP,ZCW,ZPP.3,ZTP,2MK,2MT.1,507,6FL,6NF,653,655,752",,,"Feb 2, 2009",,,,,,,,,,,
A52 - Space Gray Metallic,,NCSW - Black Novillo Leather,,WBSWD93579P361488,,P361488,"MSRP,ZPP.1,ZTP,2MK,2MT.1,507,6FL,653,752",,,"Feb 3, 2009",550,,,,,,,,,,
668 - Jet Black,,NCSW - Black Novillo Leather,,WBSWD93599P361489,,P361489,"MSRP,ZPP.2,ZTP,2MK,2MT.1,494,507,6FL,653,655,752",,,"Feb 3, 2009",,,,,,,,,,,
668 - Jet Black,,NDSW - Black Extended Novillo Leather,,WBSWD93559P361490,,P361490,"MSRP,ZPP.3,ZTP,2MK,415,494,507,6FL,653,655,752",,,"Feb 3, 2009",1100,,,,,,,,,,
300 - Alpine White,,NCSW - Black Novillo Leather,,WBSWD93579P361491,,P361491,"MSRP,ZCW,ZPP.3,ZTP,2MK,2MT.1,507,6FL,6NF,653,655",,,"Feb 3, 2009",,,,,,,,,,,
A73 - Jerez Black Metallic,,NCSW - Black Novillo Leather,,WBSWD93599P361492,,P361492,"MSRP,ZPP.3,ZTP,2MT.1,494,6FL,6NF,653,655,752",,,"Feb 3, 2009",550,,,,,,,,,,
300 - Alpine White,,NCH2 - Fox Red Novillo Leather,,WBSWD93509P361493,,P361493,"MSRP,ZPP.3,ZTP,494,507,6FL,653,752",,,"Feb 3, 2009",,,,,,,,,,,
300 - Alpine White,,NDH2 - Fox Red Extended Leather,,WBSWD93529P361494,,P361494,"MSRP,ZCW,ZPP.3,ZTP,2MK,2MT.1,6FL,653,752",,,"Feb 3, 2009",1100,,,,,,,,,,
A52 - Space Gray Metallic,,NDSW - Black Extended Novillo Leather,,WBSWD93549P361495,,P361495,"MSRP,ZPP.3,ZTP,2MK,2MT.1,6FL,6NF,653,655,752",,,"Feb 3, 2009",550/1100,,,,,,,,,,
300 - Alpine White,,NCSW - Black Novillo Leather,,WBSWD93569P361496,,P361496,"MSRP,ZCW,ZPP.3,ZTP,2MK,2MT.1,403,507,6FL,653,655,752",,,"Feb 3, 2009",,,,,,,,,,,
A75 - Melbourne Red Metallic,,NCSW - Black Novillo Leather,,WBSWD93589P361497,,P361497,"MSRP,ZCW,ZPP.1,ZTP,403,507,6FL,6NF,653,655",,,"Feb 3, 2009",550,,,,,,,,,,
A52 - Space Gray Metallic,,NCSW - Black Novillo Leather,,WBSWD935X9P361498,,P361498,"MSRP,ZPP.3,2MK,2MT.1,322,403,507,609,6FL,6NF,653,752",,,"Feb 3, 2009",550,,,,,,,,,,
A52 - Space Gray Metallic,,NCSW - Black Novillo Leather,,WBSWD93519P361499,,P361499,"MSRP,ZPP.3,ZTP,2MK,2MT.1,403,494,6FL,653,655,752",,,"Feb 3, 2009",550,,,,,,,,,,
300 - Alpine White,,NCSW - Black Novillo Leather,,WBSWD93549P361500,,P361500,"MSRP,ZPP.1,ZTP,2MK,2MT.1,403,494,507,6FL,653,655,752",,,"Feb 3, 2009",,,,,,,,,,,
A73 - Jerez Black Metallic,,NCH1 - Silver Novillo Leather,,WBSWD93569P361501,,P361501,"MSRP,ZCW,ZPP.3,2MK,302,322,403,415,507,609,6FL,653,655,752",,,"Feb 3, 2009",550,,,,,,,,,,
A52 - Space Gray Metallic,,NCH2 - Fox Red Novillo Leather,,WBSWD93589P361502,,P361502,"MSRP,ZCW,ZPP.3,ZTP,2MK,2MT.1,302,6FL,653,655,752",,,"Feb 3, 2009",550,,,,,,,,,,
668 - Jet Black,,NCH2 - Fox Red Novillo Leather,,WBSWD935X9P361503,,P361503,"MSRP,ZCW,ZPP.3,2MT.1,302,322,415,507,609,6FL,653,655,752",,,"Feb 3, 2009",,,,,,,,,,,
300 - Alpine White,,NCSW - Black Novillo Leather,,WBSWD93519P361504,,P361504,"MSRP,ZPP.3,2MT.1,494,609,6FL,653,655",,,"Feb 3, 2009",,,,,,,,,,,
300 - Alpine White,,NCSW - Black Novillo Leather,,WBSWD93539P361505,,P361505,"MSRP,ZPP.3,ZTP,2MK,2MT.1,494,507,6FL,653,655,752",,,"Feb 4, 2009",,,,,,,,,,,
668 - Jet Black,,NCSW - Black Novillo Leather,,WBSWD93559P361506,,P361506,"MSRP,ZCW,ZPP.3,ZTP,2MK,2MT.1,403,415,507,6FL,6NF,653,655,752",,,"Feb 4, 2009",,,,,,,,,,,
A29 - Silverstone Metallic II,,NCSW - Black Novillo Leather,,WBSWD93579P361507,,P361507,"MSRP,ZCW,ZPP.2,ZTP,2MK,2MT.1,403,6FL,653,655",,,"Feb 4, 2009",550,,,,,,,,,,
A75 - Melbourne Red Metallic,,NCH3 - Beige Novillo Leather,,WBSWD93599P361508,,P361508,"MSRP,ZPP.3,ZTP,2MK,2MT.1,403,6FL,6NF,653,752",,,"Feb 4, 2009",550,,,,,,,,,,
300 - Alpine White,,NCSW - Black Novillo Leather,,WBSWD93509P361509,,P361509,"MSRP,ZPP.3,ZTP,2MK,2MT.1,494,6FL,653,752",,,"Feb 4, 2009",,,,,,,,,,,
300 - Alpine White,,NCH2 - Fox Red Novillo Leather,,WBSWD93579P361510,,P361510,"MSRP,ZPP.3,ZTP,2MK,2MT.1,6FL,6NF,653,655,752",,,"Feb 4, 2009",,,,,,,,,,,
A52 - Space Gray Metallic,,NDSW - Black Extended Novillo Leather,,WBSWD93599P361511,,P361511,"MSRP,ZCW,ZPP.2,ZTP,2MK,2MT.1,403,507,6FL,6NF,653,655,752",,,"Feb 4, 2009",550/1100,,,,,,,,,,
300 - Alpine White,,NCH2 - Fox Red Novillo Leather,,WBSWD93509P361512,,P361512,"MSRP,ZPP.3,2MK,2MT.1,609,6FL,653,655",,,"Feb 4, 2009",,,,,,,,,,,
A29 - Silverstone Metallic II,,GEAT - Anthracite/Black Cloth & Leather,,WBSWD93529P361513,,P361513,"MSRP,ZTP,2MK,2MT.1,4MX,6FL,653,752",,,"Feb 4, 2009",550,,,,,,,,,,
A73 - Jerez Black Metallic,,NDH1 - Silver Novillo Extended Leather,,WBSWD93549P361514,,P361514,"MSRP,ZPP.1,ZTP,2MK,2MT.1,653,752",,,"Feb 4, 2009",550/1100,,,,,,,,,,
300 - Alpine White,,NCH2 - Fox Red Novillo Leather,,WBSWD93569P361515,,P361515,"MSRP,ZPP.3,ZTP,2MK,2MT.1,494,507,6FL,6NF,653,655,752",,,"Feb 4, 2009",,,,,,,,,,,
300 - Alpine White,,NCSW - Black Novillo Leather,,WBSWD93589P361516,,P361516,"MSRP,ZPP.3,2MK,2MT.1,494,609,6FL,653,655",,,"Feb 4, 2009",,,,,,,,,,,
A29 - Silverstone Metallic II,,NCH1 - Silver Novillo Leather,,WBSWD935X9P361517,,P361517,"MSRP,ZCW,ZPP.3,ZTP,2MK,2MT.1,403,507,6FL,6NF,653,655,752",,,"Feb 4, 2009",550,,,,,,,,,,
A29 - Silverstone Metallic II,,NCH2 - Fox Red Novillo Leather,,WBSWD93519P361518,,P361518,"MSRP,ZPP.3,ZTP,2MK,2MT.1,507,6FL,6NF,653,655,752",,,"Feb 5, 2009",550,,,,,,,,,,
A29 - Silverstone Metallic II,,NCSW - Black Novillo Leather,,WBSWD93539P361519,,P361519,"MSRP,ZPP.3,ZTP,2MK,2MT.1,494,507,6FL,653,752",,,"Feb 5, 2009",550,,,,,,,,,,
A29 - Silverstone Metallic II,,NCH1 - Silver Novillo Leather,,WBSWD935X9P361520,,P361520,"MSRP,ZPP.3,ZTP,2MK,2MT.1,507,6FL,6NF,653,655",,,"Feb 5, 2009",550,,,,,,,,,,
A73 - Jerez Black Metallic,,NCSW - Black Novillo Leather,,WBSWD93519P361521,,P361521,"MSRP,ZCW,ZPP.3,ZTP,2MT.1,6FL,6NF,653,655,752",,,"Feb 5, 2009",550,,,,,,,,,,
A73 - Jerez Black Metallic,,NCH3 - Beige Novillo Leather,,WBSWD93539P361522,,P361522,"MSRP,ZCW,ZPP.2,ZTP,2MT.1,403,415,6FL,653,655",,,"Feb 5, 2009",550,,,,,,,,,,
A73 - Jerez Black Metallic,,NCH3 - Beige Novillo Leather,,WBSWD93559P361523,,P361523,"MSRP,ZCW,ZPP.3,ZTP,2MK,2MT.1,403,507,6FL,6NF,653,655,752",,,"Feb 5, 2009",550,,,,,,,,,,
A75 - Melbourne Red Metallic,,NCSW - Black Novillo Leather,,WBSWD93579P361524,,P361524,"MSRP,ZPP.3,ZTP,2MK,2MT.1,403,494,6FL,653,752",,,"Feb 5, 2009",550,,,,,,,,,,
A30 - Interologos Blue Met.,,NCSW - Black Novillo Leather,,WBSWD93599P361525,,P361525,"MSRP,ZPP.3,ZTP,2MK,2MT.1,403,494,6FL,6NF,653",,,"Feb 5, 2009",,,,,,,,,,,
A52 - Space Gray Metallic,,NDSW - Black Extended Novillo Leather,,WBSWD93509P361526,,P361526,"MSRP,ZPP.3,ZTP,2MT.1,403,494,507,6FL,653,655,752",,,"Feb 5, 2009",550/1100,,,,,,,,,,
A52 - Space Gray Metallic,,NCH1 - Silver Novillo Leather,,WBSWD93529P361527,,P361527,"MSRP,ZPP.2,ZTP,2MK,2MT.1,403,494,507,6FL,6NF,653,655,752",,,"Feb 5, 2009",550,,,,,,,,,,
A29 - Silverstone Metallic II,,NCH1 - Silver Novillo Leather,,WBSWD93549P361528,,P361528,"MSRP,ZPP.3,ZTP,2MK,2MT.1,494,507,6FL,653,655,752",,,"Feb 5, 2009",550,,,,,,,,,,
300 - Alpine White,,NDSW - Black Extended Novillo Leather,,WBSWD93569P361529,,P361529,"MSRP,ZPP.1,ZTP,2MK,2MT.1,507,6FL,653,655,752",,,"Feb 5, 2009",1100,,,,,,,,,,
A75 - Melbourne Red Metallic,,NCSW - Black Novillo Leather,,WBSWD93529P361530,,P361530,"MSRP,ZCW,ZPP.3,ZTP,2MT.1,6FL,6NF,653,655,752",,,"Feb 5, 2009",550,,,,,,,,,,
A29 - Silverstone Metallic II,,NCSW - Black Novillo Leather,,WBSWD93549P361531,,P361531,"MSRP,ZPP.3,ZTP,2MK,2MT.1,403,6FL,6NF,653,655,752",,,"Feb 5, 2009",550,,,,,,,,,,
A29 - Silverstone Metallic II,,NCH1 - Silver Novillo Leather,,WBSWD93569P361532,,P361532,"MSRP,ZPP.2,ZTP,2MK,2MT.1,403,494,507,6FL,653,655",,,"Feb 5, 2009",550,,,,,,,,,,
A73 - Jerez Black Metallic,,NCSW - Black Novillo Leather,,WBSWD93589P361533,,P361533,"MSRP,ZCW,ZPP.1,2MK,2MT.1,403,6FL",,,"Feb 6, 2009",550,,,,,,,,,,
300 - Alpine White,,NDH2 - Fox Red Extended Leather,,WBSWD935X9P361534,,P361534,"MSRP,ZPP.3,ZTP,2MK,2MT.1,6FL,653,655,752",,,"Feb 6, 2009",1100,,,,,,,,,,
300 - Alpine White,,NDSW - Black Extended Novillo Leather,,WBSWD93519P361535,,P361535,"MSRP,ZCW,ZPP.3,ZTP,2MK,2MT.1,507,6FL,653,655,752",,,"Feb 6, 2009",1100,,,,,,,,,,
300 - Alpine White,,NCSW - Black Novillo Leather,,WBSWD93539P361536,,P361536,"MSRP,ZPP.3,ZTP,2MK,2MT.1,494,6FL,6NF,653",,,"Feb 6, 2009",,,,,,,,,,,
A52 - Space Gray Metallic,,NCH1 - Silver Novillo Leather,,WBSWD93559P361537,,P361537,"MSRP,ZPP.1,ZTP,2MK,403,653,752",,,"Feb 6, 2009",550,,,,,,,,,,
A73 - Jerez Black Metallic,,NCSW - Black Novillo Leather,,WBSWD93579P361538,,P361538,"MSRP,ZPP.1,ZTP,2MK,2MT.1,403,507,6FL,653,655,752",,,"Feb 6, 2009",550,,,,,,,,,,
A52 - Space Gray Metallic,,NCSW - Black Novillo Leather,,WBSWD93599P361539,,P361539,"MSRP,ZPP.2,ZTP,2MK,2MT.1,403,494,6FL,6NF,653,752",,,"Feb 6, 2009",550,,,,,,,,,,
A73 - Jerez Black Metallic,,NCSW - Black Novillo Leather,,WBSWD93559P361540,,P361540,"MSRP,ZPP.3,ZTP,2MK,2MT.1,403,494,6FL,653,655,752",,,"Feb 6, 2009",550,,,,,,,,,,
A73 - Jerez Black Metallic,,NCSW - Black Novillo Leather,,WBSWD93579P361541,,P361541,"MSRP,ZPP.3,ZTP,2MK,2MT.1,403,507,6FL,6NF,653,655,752",,,"Feb 6, 2009",550,,,,,,,,,,
A75 - Melbourne Red Metallic,,NCSW - Black Novillo Leather,,WBSWD93599P361542,,P361542,"MSRP,ZPP.3,ZTP,2MK,2MT.1,403,6FL,653",,,"Feb 6, 2009",550,,,,,,,,,,
A52 - Space Gray Metallic,,NCSW - Black Novillo Leather,,WBSWD93509P361543,,P361543,"MSRP,ZPP.2,ZTP,2MT.1,403,494,6FL,6NF,653",,,"Feb 6, 2009",550,,,,,,,,,,
A73 - Jerez Black Metallic,,NCSW - Black Novillo Leather,,WBSWD93529P361544,,P361544,"MSRP,ZPP.3,ZTP,2MK,2MT.1,403,494,507,6FL,6NF,653,655,752",,,"Feb 6, 2009",550,,,,,,,,,,
300 - Alpine White,,NCSW - Black Novillo Leather,,WBSWD93549P361545,,P361545,"MSRP,ZPP.3,ZTP,2MK,2MT.1,6FL,653,655,752",,,"Feb 7, 2009",,,,,,,,,,,
A29 - Silverstone Metallic II,,NCSW - Black Novillo Leather,,WBSWD93569P361546,,P361546,"MSRP,ZPP.3,ZTP,2MK,2MT.1,403,494,6FL,653,655,752",,,"Feb 7, 2009",550,,,,,,,,,,
668 - Jet Black,,NCSW - Black Novillo Leather,,WBSWD93589P361547,,P361547,"MSRP,ZPP.3,403,6FL",,,"Feb 7, 2009",,,,,,,,,,,
A52 - Space Gray Metallic,,NCSW - Black Novillo Leather,,WBSWD935X9P361548,,P361548,"MSRP,ZCW,ZPP.3,2MK,403",,,"Feb 7, 2009",550,,,,,,,,,,
668 - Jet Black,,NCSW - Black Novillo Leather,,WBSWD93519P361549,,P361549,"MSRP,ZPP.3,ZTP,2MK,2MT.1,507,6FL,6NF,653,655,752",,,"Feb 7, 2009",,,,,,,,,,,
300 - Alpine White,,NCSW - Black Novillo Leather,,WBSWD93589P361550,,P361550,"MSRP,ZPP.3,ZTP,2MK,2MT.1,494,507,6FL,6NF,653,655,752",,,"Feb 7, 2009",,,,,,,,,,,
300 - Alpine White,,GEAT - Anthracite/Black Cloth & Leather,,WBSWD935X9P361551,,P361551,"MSRP,639,6FL,771",,,"Feb 7, 2009",,,,,,,,,,,
300 - Alpine White,,NCSW - Black Novillo Leather,,WBSWD93519P361552,,P361552,"MSRP,ZPP.3,ZTP,2MK,2MT.1,494,507,6FL,6NF,653,655,752",,,"Feb 7, 2009",,,,,,,,,,,
668 - Jet Black,,NCSW - Black Novillo Leather,,WBSWD93539P361553,,P361553,"MSRP,ZPP.3,ZTP,2MK,2MT.1,403,507,6FL,653,655,752",,,"Feb 7, 2009",,,,,,,,,,,
668 - Jet Black,,NCSW - Black Novillo Leather,,WBSWD93559P361554,,P361554,"MSRP,ZPP.3,ZTP,2MK,2MT.1,403,507,6FL,653,655,752",,,"Feb 10, 2009",,,,,,,,,,,
A29 - Silverstone Metallic II,,NDH2 - Fox Red Extended Leather,,WBSWD93579P361555,,P361555,"MSRP,ZCW,ZPP.1,ZTP,2MT.1,403,415,6FL,653,655,752",,,"Feb 10, 2009",550/1100,,,,,,,,,,
A73 - Jerez Black Metallic,,NCSW - Black Novillo Leather,,WBSWD93599P361556,,P361556,"MSRP,ZCW,ZPP.3,ZTP,2MT.1,403,6FL,653,655,752",,,"Feb 10, 2009",550,,,,,,,,,,
A73 - Jerez Black Metallic,,NCSW - Black Novillo Leather,,WBSWD93509P361557,,P361557,"MSRP,ZCW,ZPP.3,ZTP,2MK,2MT.1,403,6FL,653,655,752",,,"Feb 10, 2009",550,,,,,,,,,,
A52 - Space Gray Metallic,,NCSW - Black Novillo Leather,,WBSWD93529P361558,,P361558,"MSRP,ZCW,ZPP.3,ZTP,2MK,2MT.1,403,507,6FL,653,655,752",,,"Feb 10, 2009",550,,,,,,,,,,
668 - Jet Black,,NCSW - Black Novillo Leather,,WBSWD93549P361559,,P361559,"MSRP,ZPP.2,ZTP,2MK,2MT.1,403,6FL,653,655,752",,,"Feb 10, 2009",,,,,,,,,,,
A29 - Silverstone Metallic II,,NDH2 - Fox Red Extended Leather,,WBSWD93509P361560,,P361560,"MSRP,ZCW,ZPP.1,ZTP,2MT.1,403,415,6FL,653,655,752",,,"Feb 10, 2009",550/1100,,,,,,,,,,
A29 - Silverstone Metallic II,,NCSW - Black Novillo Leather,,WBSWD93529P361561,,P361561,"MSRP,ZPP.1,ZTP,2MT.1,403,6FL,653,655,752",,,"Feb 10, 2009",550,,,,,,,,,,
A52 - Space Gray Metallic,,NDSW - Black Extended Novillo Leather,,WBSWD93549P361562,,P361562,"MSRP,ZPP.3,ZTP,2MT.1,403,6FL,653,655",,,"Feb 10, 2009",550/1100,,,,,,,,,,
300 - Alpine White,,NDH2 - Fox Red Extended Leather,,WBSWD93569P361563,,P361563,"MSRP,ZPP.2,ZTP,2MK,2MT.1,403,494,507,653,655,752",,,"Feb 10, 2009",1100,,,,,,,,,,
381 - Le Mans Blue Metallic,,NCSW - Black Novillo Leather,,WBSWD93589P361564,,P361564,"MSRP,ZCW,ZPP.3,ZTP,2MK,2MT.1,302,415,507,6FL,653,655,752",,,"Feb 10, 2009",550,,,,,,,,,,
A52 - Space Gray Metallic,,NDSW - Black Extended Novillo Leather,,WBSWD935X9P361565,,P361565,"MSRP,ZCW,ZPP.1,ZTP,2MT.1,302,415,507,6FL,653,655,752",,,"Feb 10, 2009",550/1100,,,,,,,,,,
A30 - Interlagos Blue Metallic,,NDH1 - Silver Novillo Extended Leather,,WBSWD93519P361566,,P361566,"MSRP,ZPP.1,ZTP,2MK,2MT.1,494,507,6FL,6NF,653,655,752",,,"Feb 10, 2009",550/1100,,,,,,,,,,
668 - Jet Black,,NCSW - Black Novillo Leather,,WBSWD93539P361567,,P361567,"MSRP,ZCW,ZPP.3,ZTP,2MK,2MT.1,6FL,653,655,752",,,"Feb 11, 2009",,,,,,,,,,,
668 - Jet Black,,NCSW - Black Novillo Leather,,WBSWD93559P361568,,P361568,"MSRP,ZPP.3,ZTP,2MK,2MT.1,494,507,6FL,6NF,653,655,752",,,"Feb 11, 2009",,,,,,,,,,,
A73 - Jerez Black Met.,,NCSW - Black Novillo Leather,,WBSWD93579P361569,,P361569,MSRP,,,"Feb 11, 2009",950,,,,,,,,,,
A52 - Space Gray Metallic,,NDH2 - Fox Red Extended Leather,,WBSWD93539P361570,,P361570,"MSRP,ZPP.3,ZTP,2MK,2MT.1,494,507,6FL,653,655,752",,,"Feb 11, 2009",550/1100,,,,,,,,,,
668 - Jet Black,,NCSW - Black Novillo Leather,,WBSWD93559P361571,,P361571,"MSRP,ZPP.3,ZTP,2MK,2MT.1,494,6FL,6NF,653,655,752",,,"Feb 11, 2009",,,,,,,,,,,
300 - Alpine White,,NCSW - Black Novillo Leather,,WBSWD93579P361572,,P361572,"MSRP,ZCW,ZPP.2,ZTP,2MT.1,415,507,6FL,653,752",,,"Feb 11, 2009",,,,,,,,,,,
A29 - Silverstone Metallic II,,NCSW - Black Novillo Leather,,WBSWD93599P361573,,P361573,"MSRP,ZCW,ZPP.1,2MT.1,302,322,403,415,507,609,6FL,653,655,752",,,"Feb 11, 2009",550,,,,,,,,,,
A73 - Jerez Black Metallic,,NDH2 - Fox Red Extended Leather,,WBSWD93509P361574,,P361574,"MSRP,ZPP.1,ZTP,2MT.1,302,403,6FL,653,752",,,"Feb 11, 2009",550/1100,,,,,,,,,,
A30 - Interlagos Blue Metallic,,NCH1 - Silver Novillo Leather,,WBSWD93529P361575,,P361575,"MSRP,ZCW,ZPP.1,ZTP,403,507,653,752",,,"Feb 11, 2009",550,,,,,,,,,,
A29 - Silverstone Metallic II,,NCSW - Black Novillo Leather,,WBSWD93549P361576,,P361576,"MSRP,ZCW,ZPP.1,ZTP,2MT.1,403,6FL,653,655,752",,,"Feb 11, 2009",550,,,,,,,,,,
A29 - Silverstone Metallic II,,NCSW - Black Novillo Leather,,WBSWD93569P361577,,P361577,"MSRP,ZPP.1,ZTP,2MT.1,403,6FL,653,655,752",,,"Feb 11, 2009",550,,,,,,,,,,
A30 - Interlagos Blue Metallic,,NCSW - Black Novillo Leather,,WBSWD93589P361578,,P361578,"MSRP,ZCW,ZPP.1,ZTP,2MT.1,403,507,6FL,653,655",,,"Feb 11, 2009",550,,,,,,,,,,
300 - Alpine White,,NCSW - Black Novillo Leather,,WBSWD935X9P361579,,P361579,"MSRP,ZPP.3,ZTP,2MK,2MT.1,403,415,494,507,6FL,6NF,653,655,752",,,"Feb 11, 2009",,,,,,,,,,,
300 - Alpine White,,GEAT - Anthracite/Black Cloth & Leather,,WBSWD93569P361580,,P361580,"MSRP,ZCW,ZPP.1,302,322",,,"Feb 11, 2009",,,,,,,,,,,
A52 - Space Gray Metallic,,NCSW - Black Novillo Leather,,WBSWD93589P361581,,P361581,"MSRP,ZPP.3,ZTP,2MK,2MT.1,507,6FL,6NF,653,655,752",,,"Feb 11, 2009",550,,,,,,,,,,
A75 - Melbourne Red Metallic,,NDH1 - Silver Novillo Extended Leather,,WBSWD935X9P361582,,P361582,"MSRP,ZCW,ZPP.3,ZTP,2MT.1,302,403,415,507,6FL,653,655,752",,,"Feb 12, 2009",550/1100,,,,,,,,,,
668 - Jet Black,,NDSW - Black Extended Novillo Leather,,WBSWD93519P361583,,P361583,"MSRP,ZPP.3,ZTP,2MT.1,494,6FL,653,655,752",,,"Feb 12, 2009",1100,,,,,,,,,,
300 - Alpine White,,NDH3 - Beige Novillo Extended Leather,,WBSWD93539P361584,,P361584,"MSRP,ZCW,ZPP.1,ZTP,2MK,2MT.1,507,6FL,653,655,752",,,"Feb 12, 2009",1100,,,,,,,,,,
668 - Jet Black,,NDH2 - Fox Red Extended Leather,,WBSWD93559P361585,,P361585,"MSRP,ZCW,ZPP.3,ZTP,2MT.1,403,507,6FL,6NF,653,752",,,"Feb 12, 2009",1100,,,,,,,,,,
300 - Alpine White,,NCH2 - Fox Red Novillo Leather,,WBSWD93579P361586,,P361586,"MSRP,ZPP.3,ZTP,2MT.1,494,507,6FL,653,752",,,"Feb 12, 2009",,,,,,,,,,,
A52 - Space Gray Metallic,,NCSW - Black Novillo Leather,,WBSWD93599P361587,,P361587,"MSRP,ZPP.3,ZTP,2MK,2MT.1,494,6FL,653,655",,,"Feb 12, 2009",550,,,,,,,,,,
A30 - Interlagos Blue Metallic,,NCH1 - Silver Novillo Leather,,WBSWD93509P361588,,P361588,"MSRP,ZCW,ZPP.1,ZTP,403,507,6FL,653,655,752",,,"Feb 12, 2009",550,,,,,,,,,,
A29 - Silverstone Metallic II,,NCSW - Black Novillo Leather,,WBSWD93529P361589,,P361589,"MSRP,ZPP.1,ZTP,2MK,403,494,6FL,653,655",,,"Feb 12, 2009",550,,,,,,,,,,
668 - Jet Black,,NCSW - Black Novillo Leather,,WBSWD93599P361590,,P361590,"MSRP,ZPP.3,ZTP,403,415,507,6FL,653,655,752",,,"Feb 12, 2009",,,,,,,,,,,
A73 - Jerez Black Metallic,,NCSW - Black Novillo Leather,,WBSWD93509P361591,,P361591,"MSRP,ZCW,ZPP.3,ZTP,2MK,2MT.1,403,6FL,653,655,752",,,"Feb 12, 2009",550,,,,,,,,,,
A52 - Space Gray Metallic,,NCSW - Black Novillo Leather,,WBSWD93529P361592,,P361592,"MSRP,ZCW,ZPP.1,ZTP,403,6FL,6NF,653,655",,,"Feb 12, 2009",550,,,,,,,,,,
A73 - Jerez Black Metallic,,NDSW - Black Extended Novillo Leather,,WBSWD93549P361593,,P361593,"MSRP,ZCW,ZPP.2,ZTP,2MT.1,403,507,6FL,6NF,653,863",,,"Feb 12, 2009",550/1100,,,,,,,,,,
A30 - Interlagos Blue Metallic,,NCH1 - Silver Novillo Leather,,WBSWD93569P361594,,P361594,"MSRP,ZCW,ZPP.1,2MT.1,322,507,609,6FL,653,655,752",,,"Feb 13, 2009",550,,,,,,,,,,
668 - Jet Black,,NCH2 - Fox Red Novillo Leather,,WBSWD93589P361595,,P361595,"MSRP,ZCW,ZPP.1,ZTP,2MK,2MT.1,302,403,653",,,"Feb 13, 2009",,,,,,,,,,,
668 - Jet Black,,NCSW - Black Novillo Leather,,WBSWD935X9P361596,,P361596,"MSRP,ZPP.3,ZTP,2MK,2MT.1,403,415,494,6FL,6NF,653,655,752",,,"Feb 13, 2009",,,,,,,,,,,
A52 - Space Gray Metallic,,NDH2 - Fox Red Extended Leather,,WBSWD93519P361597,,P361597,"MSRP,ZPP.3,ZTP,2MK,2MT.1,403,653,752",,,"Feb 13, 2009",550/1100,,,,,,,,,,
A52 - Space Gray Metallic,,NCSW - Black Novillo Leather,,WBSWD93539P361598,,P361598,"MSRP,ZCW,ZPP.3,ZTP,2MK,2MT.1,403,507,6FL,653,655,752",,,"Feb 13, 2009",550,,,,,,,,,,
A52 - Space Gray Metallic,,NCSW - Black Novillo Leather,,WBSWD93559P361599,,P361599,"MSRP,ZCW,ZPP.3,ZTP,6FL,653,655,752",,,"Feb 13, 2009",550,,,,,,,,,,
A30 - Interlagos Blue Metallic,,NCH1 - Silver Novillo Leather,,WBSWD93589P361600,,P361600,"MSRP,ZCW,ZPP.1,ZTP,2MT.1,507,6FL,653,655,752",,,"Feb 13, 2009",550,,,,,,,,,,
300 - Alpine White,,NCSW - Black Novillo Leather,,WBSWD935X9P361601,,P361601,"MSRP,ZPP.3,ZTP,2MK,2MT.1,415,494,507,6FL,6NF,653,655,752",,,"Feb 13, 2009",,,,,,,,,,,
668 - Jet Black,,NCSW - Black Novillo Leather,,WBSWD93519P361602,,P361602,"MSRP,ZPP.3,ZTP,2MK,2MT.1,403,6FL,653,655",,,"Feb 13, 2009",,,,,,,,,,,
668 - Jet Black,,NCSW - Black Novillo Leather,,WBSWD93539P361603,,P361603,"MSRP,ZCW,ZPP.1,302,322,415,507,609,6FL,653,655,752",,,"Feb 14, 2009",,,,,,,,,,,
S34 - Unknown Paint Code,,NCSW - Black Novillo Leather,,WBSWD93559P361604,,P361604,"MSRP,ZCW,2MK,2MT.1,302,322,415,507,609,6FL,653,655,752",,,"Feb 17, 2009",950,,,,,,,,,,
300 - Alpine White,,NCSW - Black Novillo Leather,,WBSWD93579P361605,,P361605,"MSRP,ZCW,ZPP.1,ZTP,2MK,2MT.1,302,415,507,6FL,653,655,752",,,"Feb 14, 2009",,,,,,,,,,,
300 - Alpine White,,NCSW - Black Novillo Leather,,WBSWD93599P361606,,P361606,"MSRP,ZCW,ZPP.3,2MK,302,322,507,609,6FL,653",,,"Feb 14, 2009",,,,,,,,,,,
668 - Jet Black,,NCH3 - Beige Novillo Leather,,WBSWD93509P361607,,P361607,"MSRP,ZCW,ZPP.3,ZTP,2MK,2MT.1,403,6FL,653,655,752",,,"Feb 14, 2009",,,,,,,,,,,
A73 - Jerez Black Metallic,,NCH3 - Beige Novillo Leather,,WBSWD93529P361608,,P361608,"MSRP,ZCW,ZPP.2,ZTP,2MK,2MT.1,6FL,653,655",,,"Feb 14, 2009",550,,,,,,,,,,
668 - Jet Black,,NCSW - Black Novillo Leather,,WBSWD93549P361609,,P361609,"MSRP,ZPP.3,ZTP,2MK,494,6FL,653",,,"Feb 14, 2009",,,,,,,,,,,
A73 - Jerez Black Metallic,,NCSW - Black Novillo Leather,,WBSWD93509P361610,,P361610,"MSRP,ZCW,ZPP.1,ZTP,2MK,6FL,653",,,"Feb 14, 2009",550,,,,,,,,,,
A73 - Jerez Black Metallic,,NCSW - Black Novillo Leather,,WBSWD93529P361611,,P361611,"MSRP,ZCW,ZPP.3,ZTP,2MK,2MT.1,6FL,653,655,752",,,"Feb 16, 2009",550,,,,,,,,,,
300 - Alpine White,,NCH2 - Fox Red Novillo Leather,,WBSWD93549P361612,,P361612,"MSRP,ZCW,ZPP.3,ZTP,2MK,507,6FL,653,752",,,"Feb 16, 2009",,,,,,,,,,,
300 - Alpine White,,NCSW - Black Novillo Leather,,WBSWD93569P361613,,P361613,"MSRP,ZCW,ZPP.3,ZTP,2MK,2MT.1,415,507,6FL,6NF,653,655,752",,,"Feb 16, 2009",,,,,,,,,,,
668 - Jet Black,,NCSW - Black Novillo Leather,,WBSWD93589P361614,,P361614,"MSRP,ZCW,ZPP.2,ZTP,2MK,2MT.1,403,6FL,653,655,752",,,"Feb 16, 2009",,,,,,,,,,,
A29 - Silverstone Metallic II,,NDH1 - Silver Novillo Extended Leather,,WBSWD935X9P361615,,P361615,"MSRP,ZPP.3,ZTP,2MK,2MT.1,494,6FL,6NF,653,655,752",,,"Feb 16, 2009",1100,,,,,,,,,,
668 - Jet Black,,NCSW - Black Novillo Leather,,WBSWD93519P361616,,P361616,"MSRP,ZCW,ZPP.1,ZTP,2MK,403,507,6FL,653,655,752",,,"Feb 16, 2009",,,,,,,,,,,
A29 - Silverstone Metallic II,,NCH1 - Silver Novillo Leather,,WBSWD93539P361617,,P361617,"MSRP,ZCW,ZPP.3,ZTP,2MK,403,415,507,6FL,653,655",,,"Feb 16, 2009",550,,,,,,,,,,
381 - Le Mans Blue Metallic,,NCSW - Black Novillo Leather,,WBSWD93559P361618,,P361618,"MSRP,ZPP.3,2MK,2MT.1,6FL,655",,,"Feb 16, 2009",550,,,,,,,,,,
300 - Alpine White,,NCSW - Black Novillo Leather,,WBSWD93579P361619,,P361619,"MSRP,ZPP.3,2MK,2MT.1,403,6FL,655",,,"Feb 16, 2009",,,,,,,,,,,
668 - Jet Black,,NCSW - Black Novillo Leather,,WBSWD93539P361620,,P361620,"MSRP,ZPP.3,2MK,2MT.1,6FL",,,"Feb 16, 2009",,,,,,,,,,,
A30 - Interlagos Blue Metallic,,NCH3 - Beige Novillo Leather,,WBSWD93559P361621,,P361621,"MSRP,403,494,4MX,653",,,"Feb 16, 2009",550/950,,,,,,,,,,
300 - Alpine White,,NCH2 - Fox Red Novillo Leather,,WBSWD93579P361622,,P361622,"MSRP,ZPP.3,ZTP,2MK,2MT.1,415,507,6FL,6NF,653,655,752",,,"Feb 16, 2009",,,,,,,,,,,
A29 - Silverstone Metallic II,,NCH1 - Silver Novillo Leather,,WBSWD93599P361623,,P361623,"MSRP,ZCW,ZPP.3,ZTP,2MK,2MT.1,6FL,6NF,653,655,752",,,"Feb 17, 2009",550,,,,,,,,,,
668 - Jet Black,,GEAT - Anthracite/Black Cloth & Leather,,WBSWD93509P361624,,P361624,"MSRP,2MK,2MT.1,494,609,639,6FL,653,752,771",,,"Feb 17, 2009",,,,,,,,,,,
A52 - Space Gray Metallic,,NCSW - Black Novillo Leather,,WBSWD93529P361625,,P361625,"MSRP,ZCW,ZPP.3,ZTP,2MT.1,403,6FL,6NF,653,655,752",,,"Feb 17, 2009",550,,,,,,,,,,
668 - Jet Black,,NCSW - Black Novillo Leather,,WBSWD93549P361626,,P361626,"MSRP,ZPP.3,ZTP,2MK,2MT.1,494,507,6FL,6NF,653,655,752",,,"Feb 17, 2009",,,,,,,,,,,
668 - Jet Black,,NCSW - Black Novillo Leather,,WBSWD93569P361627,,P361627,"MSRP,ZPP.3,ZTP,2MK,2MT.1,494,507,6FL,6NF,653,655,752",,,"Feb 17, 2009",,,,,,,,,,,
300 - Alpine White,,GEAT - Anthracite/Black Cloth & Leather,,WBSWD93589P361628,,P361628,"MSRP,ZPP.3,ZTP,2MK,415,6FL,6NF,653,655,752",,,"Feb 17, 2009",,,,,,,,,,,
A52 - Space Gray Metallic,,NCSW - Black Novillo Leather,,WBSWD935X9P361629,,P361629,"MSRP,ZCW,ZPP.3,ZTP,2MT.1,403,6FL,653,655,752",,,"Feb 17, 2009",550,,,,,,,,,,
300 - Alpine White,,NDH2 - Fox Red Extended Leather,,WBSWD93569P361630,,P361630,"MSRP,494,507,609,6FL,655",,,"Feb 17, 2009",2000,,,,,,,,,,
381 - Le Mans Blue Metallic,,NCSW - Black Novillo Leather,,WBSWD93589P361631,,P361631,"MSRP,ZCW,ZPP.3,ZTP,2MT.1,403,507,6FL,653,655,752",,,"Feb 17, 2009",550,,,,,,,,,,
A30 - Interlagos Blue Metallic,,NDSW - Black Extended Novillo Leather,,WBSWD935X9P361632,,P361632,"MSRP,ZCW,ZPP.3,ZTP,2MT.1,403,6FL,653,655",,,"Feb 17, 2009",550/1100,,,,,,,,,,
A29 - Silverstone Metallic II,,NCH2 - Fox Red Novillo Leather,,WBSWD93519P361633,,P361633,"MSRP,ZCW,ZPP.1,ZTP,2MT.1,403,415,507,6FL,6NF,653,655,752",,,"Feb 17, 2009",550,,,,,,,,,,
A52 - Space Gray Metallic,,NCSW - Black Novillo Leather,,WBSWD93539P361634,,P361634,"MSRP,ZCW,ZPP.3,ZTP,2MK,2MT.1,403,6FL,6NF,653,655,752",,,"Feb 17, 2009",550,,,,,,,,,,
A73 - Jerez Black Metallic,,NCSW - Black Novillo Leather,,WBSWD93559P361635,,P361635,"MSRP,ZCW,ZPP.3,2MK,2MT.1,507,6FL,655",,,"Feb 17, 2009",550,,,,,,,,,,
A73 - Jerez Black Metallic,,NCSW - Black Novillo Leather,,WBSWD93579P361636,,P361636,"MSRP,ZCW,ZPP.3,ZTP,2MT.1,415,6FL,653,752",,,"Feb 17, 2009",550,,,,,,,,,,
A52 - Space Gray Metallic,,NCSW - Black Novillo Leather,,WBSWD93599P361637,,P361637,"MSRP,ZCW,ZPP.2,ZTP,2MK,2MT.1,6FL,653,655,752",,,"Feb 17, 2009",550,,,,,,,,,,
300 - Alpine White,,NDSW - Black Extended Novillo Leather,,WBSWD93509P361638,,P361638,"MSRP,ZCW,ZPP.3,ZTP,2MT.1,415,6FL,653,655,752",,,"Feb 17, 2009",1100,,,,,,,,,,
300 - Alpine White,,NCSW - Black Novillo Leather,,WBSWD93529P361639,,P361639,"MSRP,ZPP.1,223,403,415,6FL,653",,,"Feb 17, 2009",,,,,,,,,,,
A30 - Interlagos Blue Metallic,,NCH1 - Silver Novillo Leather,,WBSWD93599P361640,,P361640,"MSRP,ZCW,ZPP.1,ZTP,2MT.1,507,6FL,653,655,752",,,"Feb 17, 2009",550,,,,,,,,,,
300 - Alpine White,,NCSW - Black Novillo Leather,,WBSWD93509P361641,,P361641,"MSRP,ZCW,ZPP.3,ZTP,2MK,653",,,"Feb 18, 2009",,,,,,,,,,,
668 - Jet Black,,NCSW - Black Novillo Leather,,WBSWD93529P361642,,P361642,"MSRP,ZCW,2MT.1,223,403,4MY",,,"Feb 18, 2009",950,,,,,,,,,,
668 - Jet Black,,NCSW - Black Novillo Leather,,WBSWD93549P361643,,P361643,"MSRP,ZPP.3,ZTP,2MK,2MT.1,494,6FL,6NF,653,655,752",,,"Feb 18, 2009",,,,,,,,,,,
A73 - Jerez Black Metallic,,NCH3 - Beige Novillo Leather,,WBSWD93569P361644,,P361644,"MSRP,ZCW,ZPP.2,ZTP,2MK,2MT.1,302,403,415,507,6FL,653,655,752",,,"Feb 18, 2009",550,,,,,,,,,,
A73 - Jerez Black Metallic,,NCSW - Black Novillo Leather,,WBSWD93589P361645,,P361645,"MSRP,ZCW,ZPP.3,2MK,2MT.1,302,322,403,415,507,609,6FL,653,655,752",,,"Feb 18, 2009",550,,,,,,,,,,
A75 - Melbourne Red Metallic,,NDH3 - Beige Novillo Extended Leather,,WBSWD935X9P361646,,P361646,"MSRP,ZPP.3,ZTP,2MT.1,403,6FL,653,655,752",,,"Feb 20, 2009",550/1100,,,,,,,,,,
381 - Le Mans Blue Metallic,,NCH1 - Silver Novillo Leather,,WBSWD93519P361647,,P361647,"MSRP,ZPP.1,ZTP,2MT.1,403,494,6FL,653,752",,,"Feb 18, 2009",550,,,,,,,,,,
A73 - Jerez Black Metallic,,NCSW - Black Novillo Leather,,WBSWD93539P361648,,P361648,"MSRP,ZCW,ZPP.3,ZTP,2MT.1,403,507,6FL,6NF,653,752",,,"Feb 18, 2009",550,,,,,,,,,,
300 - Alpine White,,NCSW - Black Novillo Leather,,WBSWD93559P361649,,P361649,"MSRP,494,507,609,6FL,655",,,"Feb 18, 2009",950,,,,,,,,,,
668 - Jet Black,,NCSW - Black Novillo Leather,,WBSWD93519P361650,,P361650,"MSRP,ZCW,ZPP.1,ZTP,2MK,2MT.1,403,507,6FL,653,752",,,"Feb 18, 2009",,,,,,,,,,,
300 - Alpine White,,GEAT - Anthracite/Black Cloth & Leather,,WBSWD93539P361651,,P361651,"MSRP,2MT.1,494,4MY",,,"Feb 18, 2009",,,,,,,,,,,
A52 - Space Gray Metallic,,NCSW - Black Novillo Leather,,WBSWD93559P361652,,P361652,"MSRP,ZPP.1,ZTP,2MT.1,403,6FL,653,655,752",,,"Feb 18, 2009",550,,,,,,,,,,
300 - Alpine White,,NDH2 - Fox Red Extended Leather,,WBSWD93579P361653,,P361653,"MSRP,ZPP.3,ZTP,2MK,2MT.1,494,507,653,752",,,"Feb 18, 2009",1100,,,,,,,,,,
A73 - Jerez Black Metallic,,NCSW - Black Novillo Leather,,WBSWD93599P361654,,P361654,"MSRP,ZPP.3,ZTP,2MK,2MT.1,494,507,6FL,653,655,752",,,"Feb 18, 2009",550,,,,,,,,,,
A52 - Space Gray Metallic,,NCSW - Black Novillo Leather,,WBSWD93509P361655,,P361655,"MSRP,ZPP.3,ZTP,2MK,2MT.1,403,6FL,6NF,653,655,752",,,"Feb 18, 2009",550,,,,,,,,,,
300 - Alpine White,,NCH3 - Beige Novillo Leather,,WBSWD93529P361656,,P361656,"MSRP,ZPP.3,ZTP,2MK,2MT.1,494,6FL,653",,,"Feb 19, 2009",,,,,,,,,,,
300 - Alpine White,,NCSW - Black Novillo Leather,,WBSWD93549P361657,,P361657,"MSRP,ZPP.3,ZTP,2MK,2MT.1,494,6FL,6NF,653,655,752",,,"Feb 19, 2009",,,,,,,,,,,
300 - Alpine White,,NDSW - Black Extended Novillo Leather,,WBSWD93569P361658,,P361658,"MSRP,ZCW,ZPP.1,ZTP,2MT.1,415,507,6FL,6NF,653,655,752",,,"Feb 19, 2009",1100,,,,,,,,,,
668 - Jet Black,,NCSW - Black Novillo Leather,,WBSWD93589P361659,,P361659,"MSRP,ZPP.3,ZTP,2MK,2MT.1,507,6FL,653,655,752",,,"Feb 19, 2009",,,,,,,,,,,
A52 - Space Gray Metallic,,NCH1 - Silver Novillo Leather,,WBSWD93549P361660,,P361660,"MSRP,ZPP.1,ZTP,2MK,2MT.1,507,6FL,653",,,"Feb 19, 2009",550,,,,,,,,,,
A52 - Space Gray Metallic,,NDSW - Black Extended Novillo Leather,,WBSWD93569P361661,,P361661,"MSRP,ZPP.3,ZTP,2MT.1,403,6FL,653,655",,,"Feb 19, 2009",550/1100,,,,,,,,,,
381 - Le Mans Blue Metallic,,NCSW - Black Novillo Leather,,WBSWD93589P361662,,P361662,"MSRP,ZCW,ZPP.1,ZTP,2MK,2MT.1,403,507,6FL,653,655,752",,,"Feb 19, 2009",550,,,,,,,,,,
300 - Alpine White,,NCSW - Black Novillo Leather,,WBSWD935X9P361663,,P361663,"MSRP,ZPP.1,ZTP,2MK,2MT.1,403,494,507,6FL,653",,,"Feb 19, 2009",,,,,,,,,,,
A29 - Silverstone Metallic II,,NCSW - Black Novillo Leather,,WBSWD93519P361664,,P361664,"MSRP,ZCW,ZPP.2,2MK,302,322,403",,,"Feb 19, 2009",550,,,,,,,,,,
300 - Alpine White,,NCSW - Black Novillo Leather,,WBSWD93539P361665,,P361665,"MSRP,ZPP.3,ZTP,2MT.1,6FL,6NF,653,655,752",,,"Feb 19, 2009",,,,,,,,,,,
300 - Alpine White,,NDH2 - Fox Red Extended Leather,,WBSWD93559P361666,,P361666,"MSRP,ZPP.3,ZTP,2MT.1,507,6FL,653,655,752",,,"Feb 19, 2009",1100,,,,,,,,,,
300 - Alpine White,,NCSW - Black Novillo Leather,,WBSWD93579P361667,,P361667,"MSRP,ZTP,2MK,2MT.1,494,4MY,653,655",,,"Feb 19, 2009",950,,,,,,,,,,
300 - Alpine White,,NCSW - Black Novillo Leather,,WBSWD93599P361668,,P361668,"MSRP,ZPP.1,ZTP,2MK,2MT.1,494,6FL,653,752",,,"Feb 20, 2009",,,,,,,,,,,
300 - Alpine White,,NCSW - Black Novillo Leather,,WBSWD93509P361669,,P361669,"MSRP,ZPP.3,ZTP,2MK,2MT.1,494,507,6FL,6NF,653,655,752",,,"Feb 20, 2009",,,,,,,,,,,
A73 - Jerez Black Metallic,,NDH1 - Silver Novillo Extended Leather,,WBSWD93579P361670,,P361670,"MSRP,ZCW,ZPP.3,ZTP,415,6FL,653",,,"Feb 20, 2009",550/1100,,,,,,,,,,
A52 - Space Gray Metallic,,NDSW - Black Extended Novillo Leather,,WBSWD93599P361671,,P361671,"MSRP,ZPP.3,ZTP,2MK,2MT.1,507,6FL,6NF,653,752",,,"Feb 20, 2009",550/1100,,,,,,,,,,
300 - Alpine White,,NCSW - Black Novillo Leather,,WBSWD93509P361672,,P361672,"MSRP,ZPP.3,ZTP,2MK,2MT.1,494,6FL,653,863",,,"Feb 20, 2009",,,,,,,,,,,
A75 - Melbourne Red Metallic,,NDH3 - Beige Novillo Extended Leather,,WBSWD93529P361673,,P361673,"MSRP,ZPP.3,ZTP,2MT.1,403,6FL,653,655,752",,,"Feb 20, 2009",550/1100,,,,,,,,,,
A29 - Silverstone Metallic II,,NCH1 - Silver Novillo Leather,,WBSWD93549P361674,,P361674,"MSRP,ZCW,ZPP.3,ZTP,2MK,2MT.1,403,507,6FL,653",,,"Feb 20, 2009",550,,,,,,,,,,
A73 - Jerez Black Metallic,,NDH3 - Beige Novillo Extended Leather,,WBSWD93569P361675,,P361675,"MSRP,ZPP.2,ZTP,2MK,2MT.1,403,653,752",,,"Feb 20, 2009",550/1100,,,,,,,,,,
,,NCSW - Black Novillo Leather,,WBSWD93589P361676,,P361676,"MSRP,ZPP.3,ZTP,2MK,2MT.1,494,6FL,653,752",,,"Mar 4, 2009",,,Long Beach BMW,,,,,,,,
300 - Alpine White,,GEAT - Anthracite/Black Cloth & Leather,,WBSWD935X9P361677,,P361677,"MSRP,ZCW,ZPP.1,302,322,6FL,655,752",,,"Feb 20, 2009",,,,,,,,,,,
300 - Alpine White,,NCSW - Black Novillo Leather,,WBSWD93519P361678,,P361678,"MSRP,ZPP.2,ZTP,2MK,2MT.1,494,507,6FL,653,655,752",,,"Feb 20, 2009",,,,,,,,,,,
668 - Jet Black,,NCSW - Black Novillo Leather,,WBSWD93539P361679,,P361679,"MSRP,ZCW,ZPP.3,ZTP,2MK,2MT.1,507,6FL,653,655,752",,,"Feb 20, 2009",,,,,,,,,,,
668 - Jet Black,,NCH2 - Fox Red Novillo Leather,,WBSWD935X9P361680,,P361680,"MSRP,ZPP.1,ZTP,2MK,2MT.1,494,507,6FL,653,752",,,"Mar 2, 2009",,,,,,,,,,,
300 - Alpine White,,NCH1 - Silver Novillo Leather,,WBSWD93519P361681,,P361681,"MSRP,ZCW,ZPP.3,ZTP,2MT.1,507,6FL,653,863",,,"Mar 2, 2009",,,,,,,,,,,
A52 - Space Gray Metallic,,NCSW - Black Novillo Leather,,WBSWD93539P361682,,P361682,"MSRP,ZCW,ZPP.3,ZTP,2MT.1,6FL,653,655,752",,,"Mar 2, 2009",550,,,,,,,,,,
668 - Jet Black,,NCH2 - Fox Red Novillo Leather,,WBSWD93559P361683,,P361683,"MSRP,ZPP.2,2MK,2MT.1,415,494,6FL,6NF,655",,,"Mar 2, 2009",,,,,,,,,,,
A52 - Space Gray Metallic,,NCH2 - Fox Red Novillo Leather,,WBSWD93579P361684,,P361684,"MSRP,ZPP.1,ZTP,2MK,2MT.1,494,507,6FL,653,752",,,"Mar 3, 2009",550,,,,,,,,,,
668 - Jet Black,,NCSW - Black Novillo Leather,,WBSWD93599P361685,,P361685,"MSRP,ZPP.3,ZTP,2MK,2MT.1,494,507,6FL,6NF,653,655,752",,,"Mar 3, 2009",,,,,,,,,,,
300 - Alpine White,,NCSW - Black Novillo Leather,,WBSWD93509P361686,,P361686,"MSRP,ZPP.3,ZTP,2MK,2MT.1,494,507,6FL,653,655,752",,,"Mar 3, 2009",,,,,,,,,,,
300 - Alpine White,,NCSW - Black Novillo Leather,,WBSWD93529P361687,,P361687,"MSRP,ZCW,ZPP.1,ZTP,2MK,2MT.1,403,6FL,653,655,752",,,"Mar 3, 2009",,,,,,,,,,,
A29 - Silverstone Metallic II,,NCSW - Black Novillo Leather,,WBSWD93549P361688,,P361688,"MSRP,2MK,2MT.1,223,6FL,771",,,"Mar 3, 2009",550/950,,,,,,,,,,
A73 - Jerez Black Metallic,,NCSW - Black Novillo Leather,,WBSWD93569P361689,,P361689,"MSRP,ZCW,ZPP.3,302,322,609,6FL,653,655,752",,,"Mar 3, 2009",550,,,,,,,,,,
A29 - Silverstone Metallic II,,NCSW - Black Novillo Leather,,WBSWD93529P361690,,P361690,"MSRP,ZCW,ZPP.1,ZTP,302,415,507,6FL,653,655,752",,,"Mar 4, 2009",550,,,,,,,,,,
A73 - Jerez Black Metallic,,NCSW - Black Novillo Leather,,WBSWD93549P361691,,P361691,"MSRP,ZCW,ZPP.3,ZTP,2MK,2MT.1,302,415,507,6FL,653,655,752",,,"Mar 4, 2009",550,,,,,,,,,,
381 - Le Mans Blue Metallic,,NCH2 - Fox Red Novillo Leather,,WBSWD93569P361692,,P361692,"MSRP,ZCW,ZPP.3,ZTP,2MK,302,507,6FL,653,655,752",,,"Mar 4, 2009",550,,,,,,,,,,
A52 - Space Gray Metallic,,NDH2 - Fox Red Extended Leather,,WBSWD93589P361693,,P361693,"MSRP,ZCW,ZPP.3,ZTP,2MT.1,302,415,507,6FL,653,655,752",,,"Mar 4, 2009",550/1100,,,,,,,,,,
381 - Le Mans Blue Metallic,,NCH3 - Beige Novillo Leather,,WBSWD935X9P361694,,P361694,"MSRP,ZTP,2MT.1,415,494,653,771",,,"Mar 4, 2009",550/950,,,,,,,,,,
381 - Le Mans Blue Metallic,,NDH1 - Silver Novillo Extended Leather,,WBSWD93519P361695,,P361695,"MSRP,ZPP.3,ZTP,2MK,2MT.1,507,6FL,6NF,653,655,752",,,"Mar 4, 2009",550/1100,,,,,,,,,,
A73 - Jerez Black Metallic,,NCSW - Black Novillo Leather,,WBSWD93539P361696,,P361696,"MSRP,ZCW,ZPP.1,2MK,2MT.1,302,322,403,415,507,609,6FL,653,655,752",,,"Mar 4, 2009",550,,,,,,,,,,
A52 - Space Gray Metallic,,NCSW - Black Novillo Leather,,WBSWD93559P361697,,P361697,"MSRP,ZCW,ZPP.3,ZTP,2MT.1,302,403,507,6FL,653,655,752",,,"Mar 4, 2009",550,,,,,,,,,,
A73 - Jerez Black Metallic,,NCH2 - Fox Red Novillo Leather,,WBSWD93579P361698,,P361698,"MSRP,ZCW,ZPP.3,ZTP,2MK,403,507,6FL,6NF,653,655,752",,,"Mar 4, 2009",550,,,,,,,,,,
A52 - Space Gray Metallic,,NCSW - Black Novillo Leather,,WBSWD93599P361699,,P361699,"MSRP,ZCW,ZPP.1,2MK,302,322,609,6FL,653,655,752",,,"Mar 4, 2009",550,,,,,,,,,,
668 - Jet Black,,NCSW - Black Novillo Leather,,WBSWD93519P361700,,P361700,"MSRP,ZPP.2,2MT.1,403,494,6FL",,,"Mar 4, 2009",,,,,,,,,,,
A52 - Space Gray Metallic,,NCSW - Black Novillo Leather,,WBSWD93539P361701,,P361701,"MSRP,ZPP.3,ZTP,2MK,403,6FL,653,655,752",,,"Mar 5, 2009",550,,,,,,,,,,
300 - Alpine White,,NCSW - Black Novillo Leather,,WBSWD93559P361702,,P361702,"MSRP,ZCW,ZPP.3,ZTP,2MK,2MT.1,302,415,507,6FL,653,655,752",,,"Mar 5, 2009",,,,,,,,,,,
300 - Alpine White,,NCH2 - Fox Red Novillo Leather,,WBSWD93579P361703,,P361703,"MSRP,ZCW,ZPP.3,ZTP,2MT.1,302,415,507,6FL,653,655,752",,,"Mar 5, 2009",,,,,,,,,,,
A73 - Jerez Black Metallic,,NCSW - Black Novillo Leather,,WBSWD93599P361704,,P361704,"MSRP,ZCW,ZPP.1,ZTP,2MK,2MT.1,302,415,507,6FL,653,655,752",,,"Mar 5, 2009",550,,,,,,,,,,
A52 - Space Gray Metallic,,NDSW - Black Extended Novillo Leather,,WBSWD93509P361705,,P361705,"MSRP,ZCW,ZPP.2,ZTP,2MK,2MT.1,415,507,6FL,653,752",,,"Mar 5, 2009",550/1100,,,,,,,,,,
A73 - Jerez Black Metallic,,NDH2 - Fox Red Extended Leather,,WBSWD93529P361706,,P361706,"MSRP,ZCW,ZPP.3,ZTP,2MT.1,415,507,6FL,6NF,653,655,752",,,"Mar 5, 2009",550/1100,,,,,,,,,,
A29 - Silverstone Metallic II,,NDH2 - Fox Red Extended Leather,,WBSWD93549P361707,,P361707,"MSRP,ZCW,ZPP.3,ZTP,2MK,2MT.1,415,507,6FL,6NF,653,655,752",,,"Mar 5, 2009",550/1100,,,,,,,,,,
,,NDSW - Black Extended Novillo Leather,,WBSWD93569P361708,,P361708,"MSRP,ZCW,ZPP.3,ZTP,2MK,2MT.1,415,507,6FL,653,655,752",,,"Mar 12, 2009",1100,,Sun Motor Cars BMW,,,,,,,,
300 - Alpine White,,NDH2 - Fox Red Extended Leather,,WBSWD93589P361709,,P361709,"MSRP,ZPP.1,ZTP,2MT.1,653",,,"Mar 6, 2009",1100,,,,,,,,,,
A52 - Space Gray Metallic,,NDSW - Black Extended Novillo Leather,,WBSWD93549P361710,,P361710,"MSRP,ZPP.3,2MK,2MT.1,322,494,609,653",,,"Mar 6, 2009",550/1100,,,,,,,,,,
A52 - Space Gray Metallic,,NCSW - Black Novillo Leather,,WBSWD93569P361711,,P361711,"MSRP,ZPP.3,ZTP,2MT.1,507,6FL,653,752,863",,,"Mar 6, 2009",550,,,,,,,,,,
300 - Alpine White,,NCSW - Black Novillo Leather,,WBSWD93589P361712,,P361712,"MSRP,ZPP.1,ZTP,2MK,2MT.1,403,507,6FL,653,752",,,"Mar 6, 2009",,,,,,,,,,,
A73 - Jerez Black Metallic,,NDH1 - Silver Novillo Extended Leather,,WBSWD935X9P361713,,P361713,"MSRP,ZCW,ZPP.1,ZTP,2MT.1,403,507,6FL,6NF,653,752",,,"Mar 7, 2009",550/1100,,,,,,,,,,
A73 - Jerez Black Metallic,,NCSW - Black Novillo Leather,,WBSWD93519P361714,,P361714,"MSRP,ZCW,ZPP.3,ZTP,2MK,2MT.1,6FL,653,655",,,"Mar 7, 2009",550,,,,,,,,,,
A52 - Space Gray Metallic,,NCSW - Black Novillo Leather,,WBSWD93539P361715,,P361715,"MSRP,ZCW,ZPP.2,ZTP,2MK,2MT.1,415,507,6FL,6NF,653,655,752",,,"Mar 7, 2009",550,,,,,,,,,,
668 - Jet Black,,NCSW - Black Novillo Leather,,WBSWD93559P361716,,P361716,"MSRP,ZCW,ZPP.3,ZTP,2MK,2MT.1,6FL,653,655,752",,,"Mar 10, 2009",,,,,,,,,,,
A29 - Silverstone Metallic II,,NCSW - Black Novillo Leather,,WBSWD93579P361717,,P361717,"MSRP,ZCW,ZPP.3,ZTP,2MK,2MT.1,6FL,653,655,752",,,"Mar 10, 2009",550,,,,,,,,,,
381 - Le Mans Blue Metallic,,NCSW - Black Novillo Leather,,WBSWD93599P361718,,P361718,"MSRP,ZCW,ZPP.3,ZTP,2MK,2MT.1,507,6FL,653,655,752",,,"Mar 10, 2009",550,,,,,,,,,,
300 - Alpine White,,NCSW - Black Novillo Leather,,WBSWD93509P361719,,P361719,"MSRP,ZCW,ZPP.3,ZTP,2MK,2MT.1,415,507,6FL,6NF,653,655,752",,,"Mar 10, 2009",,,,,,,,,,,
668 - Jet Black,,NCSW - Black Novillo Leather,,WBSWD93579P361720,,P361720,"MSRP,ZCW,ZPP.3,ZTP,2MK,2MT.1,6FL,653,655,752",,,"Mar 10, 2009",,,,,,,,,,,
668 - Jet Black,,NCSW - Black Novillo Leather,,WBSWD93599P361721,,P361721,"MSRP,ZCW,ZPP.1,ZTP,2MK,2MT.1,507,6FL,653,655,752",,,"Mar 10, 2009",,,,,,,,,,,
668 - Jet Black,,NCH2 - Fox Red Novillo Leather,,WBSWD93509P361722,,P361722,"MSRP,ZCW,ZPP.3,302,322,507,609,6FL,653,655,752",,,"Mar 10, 2009",,,,,,,,,,,
300 - Alpine White,,NCSW - Black Novillo Leather,,WBSWD93529P361723,,P361723,"MSRP,ZCW,ZTP,2MK,2MT.1,4MY,507,6FL,6NF,653,655",,,"Mar 12, 2009",950,,,,,,,,,,
300 - Alpine White,,NCH2 - Fox Red Novillo Leather,,WBSWD93549P361724,,P361724,"MSRP,2MK,2MT.1,494,4MX,609,6FL,653,752",,,"Mar 12, 2009",950,,,,,,,,,,
A73 - Jerez Black Metallic,,NCSW - Black Novillo Leather,,WBSWD93569P361725,,P361725,"MSRP,ZPP.3,ZTP,2MK,2MT.1,302,494,507,6FL,6NF,653,655,752",,,"Mar 12, 2009",550,,,,,,,,,,
300 - Alpine White,,NCH2 - Fox Red Novillo Leather,,WBSWD93589P361726,,P361726,"MSRP,ZPP.3,ZTP,494,6FL,653",,,"Mar 12, 2009",,,,,,,,,,,
300 - Alpine White,,NCSW - Black Novillo Leather,,WBSWD935X9P361727,,P361727,"MSRP,ZPP.3,ZTP,2MT.1,6FL,653,752",,,"Mar 12, 2009",,,,,,,,,,,
A30 - Interlagos Blue Metallic,,GEAT - Anthracite/Black Cloth & Leather,,WBSWD93519P361728,,P361728,"MSRP,2MK,2MT.1,223,609,653,771",,,"Mar 12, 2009",550,,,,,,,,,,
300 - Alpine White,,NCSW - Black Novillo Leather,,WBSWD93539P361729,,P361729,"MSRP,ZCW,ZPP.1,ZTP,2MT.1,507,6FL,6NF,653,752",,,"Mar 12, 2009",,,,,,,,,,,
A52 - Space Gray Metallic,,NCH2 - Fox Red Novillo Leather,,WBSWD935X9P361730,,P361730,"MSRP,ZCW,ZPP.1,ZTP,2MT.1,507,6FL,653,655,752",,,"Mar 12, 2009",550,,,,,,,,,,
300 - Alpine White,,NCH2 - Fox Red Novillo Leather,,WBSWD93519P361731,,P361731,"MSRP,ZCW,ZPP.3,ZTP,2MK,2MT.1,403,6FL,653",,,"Mar 12, 2009",,,,,,,,,,,
A30 - Interlagos Blue Metallic,,NDH1 - Silver Novillo Extended Leather,,WBSWD93539P361732,,P361732,"MSRP,ZCW,ZPP.3,ZTP,2MK,2MT.1,507,6FL,6NF,653,655,752",,,"Mar 13, 2009",550/1100,,,,,,,,,,
A52 - Space Gray Metallic,,NCSW - Black Novillo Leather,,WBSWD93559P361733,,P361733,"MSRP,ZPP.3,ZTP,2MK,2MT.1,494,507,6FL,653,655,752",,,"Mar 13, 2009",550,,,,,,,,,,
668 - Jet Black,,NCSW - Black Novillo Leather,,WBSWD93579P361734,,P361734,"MSRP,ZPP.3,ZTP,2MT.1,403,507,6FL,6NF,653",,,"Mar 13, 2009",,,,,,,,,,,
A30 - Interlagos Blue Metallic,,NDSW - Black Extended Novillo Leather,,WBSWD93599P361735,,P361735,"MSRP,ZCW,ZPP.3,ZTP,2MK,2MT.1,507,6FL,6NF,653,752",,,"Mar 14, 2009",550/1100,,,,,,,,,,
300 - Alpine White,,GEAT - Anthracite/Black Cloth & Leather,,WBSWD93509P361736,,P361736,"MSRP,2MK,6FL,771",,,"Mar 14, 2009",,,,,,,,,,,
300 - Alpine White,,GEAT - Anthracite/Black Cloth & Leather,,WBSWD93529P361737,,P361737,"MSRP,2MK,2MT.1,4MY",,,"Mar 17, 2009",,,,,,,,,,,
300 - Alpine White,,NDH2 - Fox Red Extended Leather,,WBSWD93549P361738,,P361738,"MSRP,ZPP.3,ZTP,2MT.1,494,507,6FL,6NF,653,655,752",,,"Mar 17, 2009",1100,,,,,,,,,,
300 - Alpine White,,NDH2 - Fox Red Extended Leather,,WBSWD93569P361739,,P361739,"MSRP,ZCW,ZPP.3,ZTP,2MK,2MT.1,507,6FL,6NF,653,655,752",,,"Mar 17, 2009",1100,,,,,,,,,,
A52 - Space Gray Metallic,,NCSW - Black Novillo Leather,,WBSWD93529P361740,,P361740,"MSRP,ZPP.3,ZTP,2MT.1,494,6FL,6NF,653,655,752,863",,,"Mar 17, 2009",550,,,,,,,,,,
A73 - Jerez Black Metallic,,NCSW - Black Novillo Leather,,WBSWD93549P361741,,P361741,"MSRP,ZPP.3,ZTP,2MK,2MT.1,403,6FL,653,655",,,"Mar 17, 2009",550,,,,,,,,,,
A30 - Interlagos Blue Metallic,,NCSW - Black Novillo Leather,,WBSWD93569P361742,,P361742,"MSRP,ZPP.3,ZTP,2MK,2MT.1,403,6FL,653,655,752",,,"Mar 17, 2009",550,,,,,,,,,,
668 - Jet Black,,NCSW - Black Novillo Leather,,WBSWD93589P361743,,P361743,"MSRP,ZCW,ZPP.2,ZTP,2MK,403,507,6FL,6NF,653,655,752",,,"Mar 17, 2009",,,,,,,,,,,
668 - Jet Black,,NCSW - Black Novillo Leather,,WBSWD935X9P361744,,P361744,"MSRP,ZCW,ZPP.3,ZTP,2MK,2MT.1,403,6FL,653,655,752",,,"Mar 17, 2009",,,,,,,,,,,
668 - Jet Black,,NCSW - Black Novillo Leather,,WBSWD93519P361745,,P361745,"MSRP,ZCW,ZPP.2,302,322,609,6FL,653",,,"Mar 18, 2009",,,,,,,,,,,
668 - Jet Black,,NDSW - Black Extended Novillo Leather,,WBSWD93539P361746,,P361746,"MSRP,ZCW,ZPP.3,ZTP,2MK,2MT.1,403,6FL,653,655,752",,,"Mar 18, 2009",1100,,,,,,,,,,
300 - Alpine White,,NCSW - Black Novillo Leather,,WBSWD93559P361747,,P361747,"MSRP,ZPP.3,ZTP,2MK,2MT.1,494,6FL,653",,,"Mar 18, 2009",,,,,,,,,,,
A52 - Space Gray Metallic,,NCSW - Black Novillo Leather,,WBSWD93579P361748,,P361748,"MSRP,ZCW,ZPP.3,ZTP,2MK,2MT.1,302,507,6FL,653",,,"Mar 18, 2009",550,,,,,,,,,,
A29 - Silverstone Metallic II,,NCSW - Black Novillo Leather,,WBSWD93599P361749,,P361749,"MSRP,ZCW,ZPP.3,ZTP,415,507,6FL,653,752,863",,,"Mar 18, 2009",550,,,,,,,,,,
A29 - Silverstone Metallic II,,NCH1 - Silver Novillo Leather,,WBSWD93559P361750,,P361750,"MSRP,ZCW,ZPP.1,ZTP,2MK,507,6FL,6NF,653,752,863",,,"Mar 18, 2009",550,,,,,,,,,,
668 - Jet Black,,NDSW - Black Extended Novillo Leather,,WBSWD93579P361751,,P361751,"MSRP,ZPP.3,ZTP,2MK,2MT.1,415,494,507,6FL,653,655,752",,,"Mar 19, 2009",1100,,,,,,,,,,
A52 - Space Gray Metallic,,NCSW - Black Novillo Leather,,WBSWD93599P361752,,P361752,"MSRP,ZPP.3,ZTP,2MK,2MT.1,302,494,6FL,6NF,653,655,752",,,"Mar 19, 2009",550,,,,,,,,,,
A29 - Silverstone Metallic II,,NCSW - Black Novillo Leather,,WBSWD93509P361753,,P361753,"MSRP,2MK,2MT.1,322,415,494,4MY,609,6FL,6NF,653,655,752",,,"Mar 19, 2009",550/950,,,,,,,,,,
A73 - Jerez Black Metallic,,NCSW - Black Novillo Leather,,WBSWD93529P361754,,P361754,"MSRP,ZPP.1,ZTP,2MK,2MT.1,494,6FL,6NF,653,655,752",,,"Mar 19, 2009",550,,,,,,,,,,
381 - Le Mans Blue Metallic,,NCSW - Black Novillo Leather,,WBSWD93549P361755,,P361755,"MSRP,ZCW,ZPP.1,ZTP,2MK,2MT.1,6FL,6NF,653,655,752",,,"Mar 19, 2009",550,,,,,,,,,,
A73 - Jerez Black Metallic,,NCSW - Black Novillo Leather,,WBSWD93569P361756,,P361756,"MSRP,ZTP,2MK,2MT.1,639,653,752,771,863",,,"Mar 20, 2009",550/950,,,,,,,,,,
A52 - Space Gray Metallic,,NCSW - Black Novillo Leather,,WBSWD93589P361757,,P361757,"MSRP,ZTP,2MK,2MT.1,494,4MX,6FL,653,752,863",,,"Mar 20, 2009",550/950,,,,,,,,,,
A29 - Silverstone Metallic II,,NCSW - Black Novillo Leather,,WBSWD935X9P361758,,P361758,"MSRP,ZCW,ZPP.3,ZTP,2MK,2MT.1,403,415,507,6FL,653,655,752",,,"Mar 20, 2009",550,,,,,,,,,,
300 - Alpine White,,NCSW - Black Novillo Leather,,WBSWD93519P361759,,P361759,"MSRP,ZPP.3,ZTP,494,507,6FL,6NF,653,655,752",,,"Mar 20, 2009",,,,,,,,,,,
,,NDSW - Black Extended Novillo Leather,,WBSWD93589P361760,,P361760,"MSRP,ZCW,ZPP.3,ZTP,2MT.1,403,507,6FL,6NF,653,655,752",,,"Mar 25, 2009",1100,,Pace BMW,,,,,,,,
668 - Jet Black,,GEAT - Anthracite/Black Cloth & Leather,,WBSWD935X9P361761,,P361761,"MSRP,2MK,2MT.1,415,655,771",,,"Mar 21, 2009",,,,,,,,,,,
668 - Jet Black,,NCH2 - Fox Red Novillo Leather,,WBSWD93519P361762,,P361762,"MSRP,ZCW,ZPP.3,ZTP,2MK,2MT.1,302,415,507,6FL,653,655,752",,,"Mar 24, 2009",,,,,,,,,,,
A73 - Jerez Black Metallic,,NCH2 - Fox Red Novillo Leather,,WBSWD93539P361763,,P361763,"MSRP,ZCW,ZPP.3,302,322,415,507,609,6FL,653,655,752",,,"Mar 24, 2009",550,,,,,,,,,,
A52 - Space Gray Metallic,,NCH2 - Fox Red Novillo Leather,,WBSWD93559P361764,,P361764,"MSRP,ZPP.3,ZTP,2MT.1,6FL,653",,,"Mar 24, 2009",550,,,,,,,,,,
,,NDSW - Black Extended Novillo Leather,,WBSWD93579P361765,,P361765,"MSRP,ZPP.3,ZTP,2MK,415,494,507,6FL,6NF,653,655,752",,,"Mar 28, 2009",1100,,,,,,,,,,
300 - Alpine White,,NCSW - Black Novillo Leather,,WBSWD93599P361766,,P361766,"MSRP,ZPP.3,2MK,507,6FL",,,"Mar 24, 2009",,,,,,,,,,,
300 - Alpine White,,NCH3 - Beige Novillo Leather,,WBSWD93509P361767,,P361767,"MSRP,ZCW,ZPP.3,ZTP,2MK,2MT.1,302,403,507,6FL,6NF,653,655,752",,,"Mar 24, 2009",,,,,,,,,,,
668 - Jet Black,,NCSW - Black Novillo Leather,,WBSWD93529P361768,,P361768,"MSRP,ZPP.3,2MK,2MT.1,223,403,415,507,653,655",,,"Mar 25, 2009",,,,,,,,,,,
300 - Alpine White,,NCH2 - Fox Red Novillo Leather,,WBSWD93549P361769,,P361769,"MSRP,ZCW,ZPP.1,2MK,2MT.1,302,322,415,507,609,6FL,653,655,752",,,"Mar 25, 2009",,,,,,,,,,,
A30 - Interlagos Blue Metallic,,NCH1 - Silver Novillo Leather,,WBSWD93509P361770,,P361770,"MSRP,ZCW,ZPP.1,ZTP,2MK,2MT.1,302,415,507,6FL,653,655,752",,,"Mar 25, 2009",550,,,,,,,,,,
300 - Alpine White,,NCH2 - Fox Red Novillo Leather,,WBSWD93529P361771,,P361771,"MSRP,ZTP,2MK,4MY,653",,,"Mar 25, 2009",950,,,,,,,,,,
300 - Alpine White,,NDH2 - Fox Red Extended Leather,,WBSWD93549P361772,,P361772,"MSRP,ZPP.3,ZTP,2MK,2MT.1,494,6FL,6NF,653,655,752",,,"Mar 25, 2009",1100,,,,,,,,,,
A73 - Jerez Black Metallic,,NDH2 - Fox Red Extended Leather,,WBSWD93569P361773,,P361773,"MSRP,ZCW,ZPP.3,ZTP,2MK,2MT.1,302,403,415,507,6FL,653,655,752",,,"Mar 26, 2009",550/1100,,,,,,,,,,
A73 - Jerez Black Metallic,,NDH1 - Silver Novillo Extended Leather,,WBSWD93589P361774,,P361774,"MSRP,ZCW,2MK,2MT.1,302,322,415,4MX,507,609,6FL,6NF,653,655,752",,,"Mar 26, 2009",550/2000,,,,,,,,,,
300 - Alpine White,,GEAT - Anthracite/Black Cloth & Leather,,WBSWD935X9P361775,,P361775,"MSRP,ZCW,ZPP.3,ZTP,2MK,2MT.1,302,6FL,653,655,752",,,"Mar 26, 2009",,,,,,,,,,,
A75 - Melbourne Red Metallic,,NDH3 - Beige Novillo Extended Leather,,WBSWD93519P361776,,P361776,"MSRP,ZCW,ZPP.3,ZTP,2MT.1,415,507,6FL,6NF,653,752",,,"Mar 26, 2009",550/1100,,,,,,,,,,
300 - Alpine White,,NCSW - Black Novillo Leather,,WBSWD93539P361777,,P361777,"MSRP,ZCW,ZPP.3,2MK,2MT.1,223,302,322,415,507,6FL,655,752",,,"Mar 26, 2009",,,,,,,,,,,
300 - Alpine White,,NDSW - Black Extended Novillo Leather,,WBSWD93559P361778,,P361778,"MSRP,ZPP.3,ZTP,2MK,2MT.1,6FL,6NF,653,752",,,"Mar 26, 2009",1100,,,,,,,,,,
A30 - Interlagos Blue Metallic,,GEAT - Anthracite/Black Cloth & Leather,,WBSWD93579P361779,,P361779,"MSRP,ZCW,ZPP.1,2MK,302,322,403,609,653",,,"Mar 26, 2009",550,,,,,,,,,,
668 - Jet Black,,NCH2 - Fox Red Novillo Leather,,WBSWD93539P361780,,P361780,"MSRP,ZPP.3,ZTP,2MK,2MT.1,302,415,494,507,6FL,6NF,653,655,752",,,"Mar 26, 2009",,,,,,,,,,,
300 - Alpine White,,NDH2 - Fox Red Extended Leather,,WBSWD93559P361781,,P361781,"MSRP,ZCW,ZPP.3,ZTP,415,507,6FL,653",,,"Mar 27, 2009",1100,,,,,,,,,,
300 - Alpine White,,NCSW - Black Novillo Leather,,WBSWD93579P361782,,P361782,"MSRP,ZCW,ZPP.1,ZTP,2MK,2MT.1,6FL,653",,,"Mar 27, 2009",,,,,,,,,,,
A52 - Space Gray Metallic,,NCH2 - Fox Red Novillo Leather,,WBSWD93599P361783,,P361783,"MSRP,ZPP.3,ZTP,2MK,494,6FL,653",,,"Mar 27, 2009",550,,,,,,,,,,
381 - Le Mans Blue Metallic,,NCSW - Black Novillo Leather,,WBSWD93509P361784,,P361784,"MSRP,ZCW,ZPP.1,2MT.1,302,322,403,6FL,655,752",,,"Mar 28, 2009",550,,,,,,,,,,
300 - Alpine White,,NDH1 - Silver Novillo Extended Leather,,WBSWD93529P361785,,P361785,"MSRP,ZCW,ZPP.3,ZTP,2MK,302,415,507,6FL,653,655,752",,,"Mar 28, 2009",1100,,,,,,,,,,
A29 - Silverstone Metallic II,,NCSW - Black Novillo Leather,,WBSWD93549P361786,,P361786,"MSRP,ZCW,ZPP.1,2MT.1,302,322,403,609,6FL,653,655,752",,,"Mar 28, 2009",550,,,,,,,,,,
A52 - Space Gray Metallic,,NDSW - Black Extended Novillo Leather,,WBSWD93569P361787,,P361787,"MSRP,ZCW,ZPP.3,ZTP,2MK,2MT.1,302,403,415,507,6FL,653,655,752",,,"Mar 31, 2009",550/1100,,,,,,,,,,
A73 - Jerez Black Metallic,,NCSW - Black Novillo Leather,,WBSWD93589P361788,,P361788,"MSRP,ZCW,ZPP.3,2MT.1,302,322,507,609,653",,,"Mar 31, 2009",550,,,,,,,,,,
300 - Alpine White,,NCSW - Black Novillo Leather,,WBSWD935X9P361789,,P361789,"MSRP,ZCW,ZPP.1,ZTP,302,415,507,6FL,653,655,752",,,"Mar 31, 2009",,,,,,,,,,,
A30 - Interlagos Blue Metallic,,NDSW - Black Extended Novillo Leather,,WBSWD93569P361790,,P361790,"MSRP,ZCW,ZPP.3,ZTP,2MK,2MT.1,302,403,415,507,6FL,653,655,752",,,"Mar 31, 2009",550/1100,,,,,,,,,,
A52 - Space Gray Metallic,,NCH2 - Fox Red Novillo Leather,,WBSWD93589P361791,,P361791,"MSRP,ZCW,ZPP.1,ZTP,2MK,2MT.1,302,653",,,"Mar 31, 2009",550,,,,,,,,,,
300 - Alpine White,,NCH3 - Beige Novillo Leather,,WBSWD935X9P361792,,P361792,"MSRP,ZCW,ZPP.1,ZTP,2MT.1,403,507,653",,,"Apr 1, 2009",,,,,,,,,,,
668 - Jet Black,,NCH2 - Fox Red Novillo Leather,,WBSWD93519P361793,,P361793,"MSRP,ZCW,ZPP.3,2MK,2MT.1,322,403,415,507,609,6FL,6NF,653,655,752",,,"Apr 1, 2009",,,,,,,,,,,
A29 - Silverstone Metallic II,,NCSW - Black Novillo Leather,,WBSWD93539P361794,,P361794,"MSRP,ZCW,ZPP.3,ZTP,2MT.1,403,507,6FL,6NF,653,752",,,"Apr 1, 2009",550,,,,,,,,,,
A52 - Space Gray Metallic,,NCH2 - Fox Red Novillo Leather,,WBSWD93559P361795,,P361795,"MSRP,ZCW,ZPP.1,ZTP,2MK,2MT.1,403,507,6FL,653,655,752",,,"Apr 1, 2009",550,,,,,,,,,,
A75 - Melbourne Red Metallic,,NCH2 - Fox Red Novillo Leather,,WBSWD93579P361796,,P361796,"MSRP,ZPP.1,ZTP,2MT.1,403,494,653,655",,,"Apr 1, 2009",550,,,,,,,,,,
A75 - Melbourne Red Metallic,,NCSW - Black Novillo Leather,,WBSWD93599P361797,,P361797,"MSRP,ZPP.1,2MK,223,403,494",,,"Apr 1, 2009",550,,,,,,,,,,
A73 - Jerez Black Metallic,,NCSW - Black Novillo Leather,,WBSWD93509P361798,,P361798,"MSRP,494,4MX",,,"Apr 1, 2009",550/950,,,,,,,,,,
A52 - Space Gray Metallic,,NCSW - Black Novillo Leather,,WBSWD93529P361799,,P361799,"MSRP,ZPP.1,ZTP,2MK,2MT.1,403,494,6FL,653,655,752",,,"Apr 1, 2009",550,,,,,,,,,,
A29 - Silverstone Metallic II,,NDSW - Black Extended Novillo Leather,,WBSWD93559P361800,,P361800,"MSRP,ZPP.3,ZTP,2MK,2MT.1,302,415,507,6FL,6NF,653,655,752",,,"Apr 1, 2009",550/1100,,,,,,,,,,
A52 - Space Gray Metallic,,GEAT - Anthracite/Black Cloth & Leather,,WBSWD93579P361801,,P361801,"MSRP,ZTP,2MK,639,6FL,653,771",,,"Apr 2, 2009",550,,,,,,,,,,
381 - Le Mans Blue Metallic,,NDSW - Black Extended Novillo Leather,,WBSWD93599P361802,,P361802,"MSRP,ZPP.1,ZTP,2MK,2MT.1,302,507,6FL,653,752",,,"Apr 2, 2009",550/1100,,,,,,,,,,
A52 - Space Gray Metallic,,NCSW - Black Novillo Leather,,WBSWD93509P361803,,P361803,"MSRP,ZPP.3,ZTP,2MK,403,494,507,653,752",,,"Apr 2, 2009",550,,,,,,,,,,
A73 - Jerez Black Metallic,,NCH2 - Fox Red Novillo Leather,,WBSWD93529P361804,,P361804,"MSRP,ZPP.3,ZTP,2MK,2MT.1,494,6FL,6NF,653",,,"Apr 2, 2009",550,,,,,,,,,,
A75 - Melbourne Red Metallic,,NDSW - Black Extended Novillo Leather,,WBSWD93549P361805,,P361805,"MSRP,ZPP.3,ZTP,2MK,494,507,6FL,6NF,653",,,"Apr 2, 2009",550/1100,,,,,,,,,,
300 - Alpine White,,NCH3 - Beige Novillo Leather,,WBSWD93569P361806,,P361806,"MSRP,ZPP.2,ZTP,2MK,2MT.1,507,6FL,653,752",,,"Apr 2, 2009",,,,,,,,,,,
300 - Alpine White,,NCSW - Black Novillo Leather,,WBSWD93589P361807,,P361807,"MSRP,ZPP.1,ZTP,2MK,2MT.1,507,6FL,653,752",,,"Apr 2, 2009",,,,,,,,,,,
300 - Alpine White,,GEAT - Anthracite/Black Cloth & Leather,,WBSWD935X9P361808,,P361808,"MSRP,ZPP.3,ZTP,6FL,6NF,653",,,"Apr 2, 2009",,,,,,,,,,,
300 - Alpine White,,NCH2 - Fox Red Novillo Leather,,WBSWD93519P361809,,P361809,"MSRP,ZPP.3,ZTP,2MT.1,494,507,6FL,6NF,653",,,"Apr 2, 2009",,,,,,,,,,,
300 - Alpine White,,NCSW - Black Novillo Leather,,WBSWD93589P361810,,P361810,"MSRP,ZPP.3,ZTP,2MK,2MT.1,403,6FL,6NF,653",,,"Apr 2, 2009",,,,,,,,,,,
A73 - Jerez Black Metallic,,NCSW - Black Novillo Leather,,WBSWD935X9P361811,,P361811,"MSRP,ZPP.1,ZTP,2MT.1,403,494,6FL,6NF,653,655,752",,,"Apr 2, 2009",550,,,,,,,,,,
A73 - Jerez Black Metallic,,NCSW - Black Novillo Leather,,WBSWD93519P361812,,P361812,"MSRP,ZPP.3,ZTP,2MK,2MT.1,302,403,494,507,6FL,6NF,653,655,752",,,"Apr 2, 2009",550,,,,,,,,,,
300 - Alpine White,,NCSW - Black Novillo Leather,,WBSWD93539P361813,,P361813,"MSRP,ZPP.1,2MK,2MT.1,507,609,6FL,653,752",,,"Apr 3, 2009",,,,,,,,,,,
668 - Jet Black,,NCSW - Black Novillo Leather,,WBSWD93559P361814,,P361814,"MSRP,ZCW,ZPP.3,ZTP,2MT.1,6FL,653",,,"Apr 3, 2009",,,,,,,,,,,
,,NCSW - Black Novillo Leather,,WBSWD93579P361815,,P361815,"MSRP,ZCW,ZPP.3,ZTP,2MK,403,507,6FL,653",,,"Apr 8, 2009",,,,,,,,,,,
A52 - Space Gray Metallic,,NCSW - Black Novillo Leather,,WBSWD93599P361816,,P361816,"MSRP,ZCW,ZPP.1,ZTP,2MT.1,403,507,6FL,653,863",,,"Apr 3, 2009",550,,,,,,,,,,
300 - Alpine White,,GEAT - Anthracite/Black Cloth & Leather,,WBSWD93509P361817,,P361817,"MSRP,ZCW,ZPP.3,ZTP,2MK,653",,,"Apr 3, 2009",,,,,,,,,,,
300 - Alpine White,,NCSW - Black Novillo Leather,,WBSWD93529P361818,,P361818,"MSRP,ZCW,ZPP.2,ZTP,2MK,2MT.1,403,507,653,752",,,"Apr 4, 2009",,,,,,,,,,,
A29 - Silverstone Metallic II,,NCH2 - Fox Red Novillo Leather,,WBSWD93549P361819,,P361819,"MSRP,ZCW,ZPP.2,ZTP,2MT.1,403,6FL,653",,,"Apr 3, 2009",550,,,,,,,,,,
A52 - Space Gray Metallic,,NCSW - Black Novillo Leather,,WBSWD93509P361820,,P361820,"MSRP,ZCW,ZPP.3,ZTP,507,653,655,752",,,"Apr 4, 2009",550,,,,,,,,,,
A52 - Space Gray Metallic,,NCSW - Black Novillo Leather,,WBSWD93529P361821,,P361821,"MSRP,ZCW,ZPP.3,ZTP,2MT.1,403,415,507,6FL,6NF,653,655,752",,,"Apr 4, 2009",550,,,,,,,,,,
A29 - Silverstone Metallic II,,NDH2 - Fox Red Extended Leather,,WBSWD93549P361822,,P361822,"MSRP,ZCW,ZPP.3,ZTP,2MK,2MT.1,6FL,653,752",,,"Apr 4, 2009",550/1100,,,,,,,,,,
668 - Jet Black,,NCH2 - Fox Red Novillo Leather,,WBSWD93569P361823,,P361823,"MSRP,ZPP.1,ZTP,2MK,2MT.1,507,6FL,6NF,653,752",,,"Apr 4, 2009",,,,,,,,,,,
668 - Jet Black,,NCSW - Black Novillo Leather,,WBSWD93589P361824,,P361824,"MSRP,ZPP.3,ZTP,2MK,2MT.1,494,507,6FL,653,752",,,"Apr 6, 2009",,,,,,,,,,,
668 - Jet Black,,NCH3 - Beige Novillo Leather,,WBSWD935X9P361825,,P361825,"MSRP,ZPP.3,ZTP,2MK,2MT.1,302,507,6FL,6NF,653,655,752",,,"Apr 6, 2009",,,,,,,,,,,
300 - Alpine White,,NCH2 - Fox Red Novillo Leather,,WBSWD93519P361826,,P361826,"MSRP,ZCW,ZPP.3,302,322,507,609,6FL,653",,,"Apr 6, 2009",,,,,,,,,,,
A73 - Jerez Black Metallic,,NCSW - Black Novillo Leather,,WBSWD93539P361827,,P361827,"MSRP,ZPP.3,2MK,494,609,6FL,653,655,752",,,"Apr 6, 2009",550,,,,,,,,,,
300 - Alpine White,,NCSW - Black Novillo Leather,,WBSWD93559P361828,,P361828,"MSRP,ZCW,ZPP.1,ZTP,403,507,6FL,653",,,"Apr 6, 2009",,,,,,,,,,,
300 - Alpine White,,NCSW - Black Novillo Leather,,WBSWD93579P361829,,P361829,"MSRP,ZPP.3,2MK",,,"Apr 6, 2009",,,,,,,,,,,
300 - Alpine White,,NCSW - Black Novillo Leather,,WBSWD93539P361830,,P361830,"MSRP,ZCW,ZPP.3,ZTP,2MK,2MT.1,302,415,507,6FL,653,655,752",,,"Apr 6, 2009",,,,,,,,,,,
300 - Alpine White,,NCSW - Black Novillo Leather,,WBSWD93559P361831,,P361831,"MSRP,ZCW,ZPP.3,ZTP,2MK,2MT.1,302,415,507,6FL,653,655,752",,,"Apr 6, 2009",,,,,,,,,,,
300 - Alpine White,,NCSW - Black Novillo Leather,,WBSWD93579P361832,,P361832,"MSRP,ZCW,ZPP.3,ZTP,2MK,2MT.1,302,415,507,6FL,653,655,752",,,"Apr 6, 2009",,,,,,,,,,,
381 - Le Mans Blue Metallic,,NCSW - Black Novillo Leather,,WBSWD93599P361833,,P361833,"MSRP,ZPP.1,2MT.1,609,6FL,6NF,653,655,752",,,"Apr 6, 2009",550,,,,,,,,,,
A73 - Jerez Black Metallic,,NCSW - Black Novillo Leather,,WBSWD93509P361834,,P361834,"MSRP,ZCW,ZPP.3,223,302,322,415,507,6FL,655,752",,,"Apr 7, 2009",550,,,,,,,,,,
A75 - Melbourne Red Metallic,,NDH2 - Fox Red Extended Leather,,WBSWD93529P361835,,P361835,"MSRP,ZPP.2,ZTP,2MT.1,494,507,653,752",,,"Apr 7, 2009",550/1100,,,,,,,,,,
A52 - Space Gray Metallic,,NCSW - Black Novillo Leather,,WBSWD93549P361836,,P361836,"MSRP,ZPP.3,ZTP,494,507,6FL,653,752",,,"Apr 7, 2009",550,,,,,,,,,,
A73 - Jerez Black Metallic,,NCSW - Black Novillo Leather,,WBSWD93569P361837,,P361837,"MSRP,ZPP.2,ZTP,494,507,653,863",,,"Apr 7, 2009",550,,,,,,,,,,
A73 - Jerez Black Metallic,,NCH2 - Fox Red Novillo Leather,,WBSWD93589P361838,,P361838,"MSRP,ZCW,ZPP.3,ZTP,2MK,2MT.1,302,415,507,6FL,653,655,752",,,"Apr 7, 2009",550,,,,,,,,,,
A73 - Jerez Black Metallic,,NCH2 - Fox Red Novillo Leather,,WBSWD935X9P361839,,P361839,"MSRP,ZCW,ZPP.3,ZTP,2MK,2MT.1,302,415,507,6FL,653,655,752",,,"Apr 7, 2009",550,,,,,,,,,,
300 - Alpine White,,NCSW - Black Novillo Leather,,WBSWD93569P361840,,P361840,"MSRP,ZCW,ZPP.3,ZTP,2MK,2MT.1,302,415,507,6FL,653,655,752",,,"Apr 7, 2009",,,,,,,,,,,
300 - Alpine White,,NCSW - Black Novillo Leather,,WBSWD93589P361841,,P361841,"MSRP,ZCW,ZPP.3,ZTP,2MK,2MT.1,302,415,507,6FL,653,655,752",,,"Apr 7, 2009",,,,,,,,,,,
300 - Alpine White,,NCSW - Black Novillo Leather,,WBSWD935X9P361842,,P361842,"MSRP,ZCW,ZPP.3,2MK,2MT.1,302,322,415,507,609,6FL,653,655,752",,,"Apr 7, 2009",,,,,,,,,,,
300 - Alpine White,,NCSW - Black Novillo Leather,,WBSWD93519P361843,,P361843,"MSRP,ZCW,ZPP.3,ZTP,2MK,2MT.1,302,415,507,6FL,653,655,752",,,"Apr 8, 2009",,,,,,,,,,,
A73 - Jerez Black Metallic,,NCSW - Black Novillo Leather,,WBSWD93539P361844,,P361844,"MSRP,ZPP.3,ZTP,494,507,6FL,653,752",,,"Apr 8, 2009",550,,,,,,,,,,
300 - Alpine White,,NCH2 - Fox Red Novillo Leather,,WBSWD93559P361845,,P361845,"MSRP,ZPP.3,ZTP,2MK,494,507,6FL,653,655,752",,,"Apr 8, 2009",,,,,,,,,,,
668 - Jet Black,,NCSW - Black Novillo Leather,,WBSWD93579P361846,,P361846,"MSRP,ZPP.3,ZTP,2MT.1,494,507,6FL,653,752",,,"Apr 8, 2009",,,,,,,,,,,
668 - Jet Black,,NDSW - Black Extended Novillo Leather,,WBSWD93599P361847,,P361847,"MSRP,ZCW,ZPP.3,ZTP,2MK,2MT.1,415,507,6FL,6NF,653,655,752,863",,,"Apr 8, 2009",1100,,,,,,,,,,
"X03 - Ruby Black Metallic - $5,000.00",,NDH2 - Fox Red Extended Leather,,WBSWD93509P361848,,P361848,"MSRP,ZCW,2MK,2MT.1,302,322,403,415,507,609,6FL,653,655,752,XE8",,,"Apr 22, 2009",2000,,CAN,,,,,,,,
381 - Le Mans Blue Metallic,,NCSW - Black Novillo Leather,,WBSWD93529P361849,,P361849,"MSRP,ZCW,ZPP.1,6FL",,,"Apr 8, 2009",550,,,,,,,,,,
300 - Alpine White,,NCSW - Black Novillo Leather,,WBSWD93599P361850,,P361850,"MSRP,655,771",,,"Apr 8, 2009",950,,,,,,,,,,
A75 - Melbourne Red Metallic,,NDSW - Black Extended Novillo Leather,,WBSWD93509P361851,,P361851,"MSRP,ZPP.1,2MT.1,403,609,653",,,"Apr 8, 2009",550/1100,,,,,,,,,,
A30 - Interlagos Blue Metallic,,NCH1 - Silver Novillo Leather,,WBSWD93529P361852,,P361852,"MSRP,ZPP.1,ZTP,2MK,2MT.1,403,494,6FL,6NF,653,655,752",,,"Apr 8, 2009",550,,,,,,,,,,
A73 - Jerez Black Metallic,,NCSW - Black Novillo Leather,,WBSWD93549P361853,,P361853,"MSRP,ZPP.3,ZTP,2MT.1,403,507,6FL,653",,,"Apr 8, 2009",550,,,,,,,,,,
300 - Alpine White,,NCSW - Black Novillo Leather,,WBSWD93569P361854,,P361854,"MSRP,ZCW,ZPP.3,2MK,2MT.1,302,322,415,507,609,6FL,653,655,752",,,"Apr 8, 2009",,,,,,,,,,,
300 - Alpine White,,NCH2 - Fox Red Novillo Leather,,WBSWD93589P361855,,P361855,"MSRP,ZPP.2,ZTP,2MK,2MT.1,302,507,6FL,653,655,752",,,"Apr 8, 2009",,,,,,,,,,,
A73 - Jerez Black Metallic,,NDSW - Black Extended Novillo Leather,,WBSWD935X9P361856,,P361856,"MSRP,ZCW,ZPP.3,ZTP,2MK,6FL,6NF,653,752",,,"Apr 9, 2009",550/1100,,,,,,,,,,
668 - Jet Black,,NCSW - Black Novillo Leather,,WBSWD93519P361857,,P361857,"MSRP,ZCW,ZPP.3,2MK,2MT.1,322,507,609,6FL,6NF,653,752,863",,,"Apr 9, 2009",,,,,,,,,,,
A73 - Jerez Black Metallic,,NCSW - Black Novillo Leather,,WBSWD93539P361858,,P361858,"MSRP,ZCW,ZPP.1,ZTP,2MK,2MT.1,302,415,507,6FL,653,655,752",,,"Apr 9, 2009",550,,,,,,,,,,
A52 - Space Gray Metallic,,NCSW - Black Novillo Leather,,WBSWD93559P361859,,P361859,"MSRP,ZCW,ZPP.1,2MT.1,302,322,6FL,655,752",,,"Apr 9, 2009",550,,,,,,,,,,
A29 - Silverstone Metallic II,,NCH1 - Silver Novillo Leather,,WBSWD93519P361860,,P361860,"MSRP,ZPP.3,ZTP,2MK,2MT.1,507,653,655",,,"Apr 9, 2009",550,,,,,,,,,,
A52 - Space Gray Metallic,,NCH1 - Silver Novillo Leather,,WBSWD93539P361861,,P361861,"MSRP,ZCW,ZPP.1,2MT.1,302,322,6FL,655,752",,,"Apr 9, 2009",550,,,,,,,,,,
381 - Le Mans Blue Metallic,,GEAT - Anthracite/Black Cloth & Leather,,WBSWD93559P361862,,P361862,"MSRP,2MK,2MT.1,6FL,655,771",,,"Apr 20, 2009",550,,,,,,,,,,
381 - Le Mans Blue Metallic,,NDH1 - Silver Novillo Extended Leather,,WBSWD93579P361863,,P361863,"MSRP,ZPP.1,ZTP,2MT.1,6FL,653,752",,,"Apr 20, 2009",550/1100,,,,,,,,,,
381 - Le Mans Blue Metallic,,NCH3 - Beige Novillo Leather,,WBSWD93599P361864,,P361864,"MSRP,ZPP.3,2MT.1,223,302,494,507,6FL,655",,,"Apr 20, 2009",550,,,,,,,,,,
300 - Alpine White,,NCH2 - Fox Red Novillo Leather,,WBSWD93509P361865,,P361865,"MSRP,ZCW,ZPP.1,2MK,2MT.1,302,322,415,507,609,6FL,653,655,752",,,"Apr 20, 2009",,,,,,,,,,,
668 - Jet Black,,NCH3 - Beige Novillo Leather,,WBSWD93529P361866,,P361866,"MSRP,ZCW,ZPP.3,ZTP,2MK,2MT.1,302,415,507,6FL,653,655,752",,,"Apr 20, 2009",,,,,,,,,,,
A73 - Jerez Black Metallic,,NCH2 - Fox Red Novillo Leather,,WBSWD93549P361867,,P361867,"MSRP,ZCW,ZPP.3,2MT.1,223,302,322,415,507,6FL,655,752",,,"Apr 20, 2009",550,,,,,,,,,,
A73 - Jerez Black Metallic,,NCH3 - Beige Novillo Leather,,WBSWD93569P361868,,P361868,"MSRP,ZCW,ZPP.1,2MK,2MT.1,302,322,415,507,609,6FL,653,655,752",,,"Apr 20, 2009",550,,,,,,,,,,
A73 - Jerez Black Metallic,,NCSW - Black Novillo Leather,,WBSWD93589P361869,,P361869,"MSRP,ZCW,ZPP.3,302,322,403,609,653",,,"Apr 20, 2009",550,,,,,,,,,,
300 - Alpine White,,NCSW - Black Novillo Leather,,WBSWD93549P361870,,P361870,"MSRP,ZPP.1,ZTP,2MK,2MT.1,6FL,653,655",,,"Apr 21, 2009",,,,,,,,,,,
A73 - Jerez Black Metallic,,NCSW - Black Novillo Leather,,WBSWD93569P361871,,P361871,"MSRP,ZPP.3,ZTP,2MT.1,494,6FL,6NF,653,752,863",,,"Apr 21, 2009",550,,,,,,,,,,
A73 - Jerez Black Metallic,,NCSW - Black Novillo Leather,,WBSWD93589P361872,,P361872,"MSRP,ZCW,ZPP.1,2MK,2MT.1,302,322,403,415,507,609,6FL,653,655,752",,,"Apr 21, 2009",550,,,,,,,,,,
300 - Alpine White,,NCH2 - Fox Red Novillo Leather,,WBSWD935X9P361873,,P361873,"MSRP,ZCW,ZPP.1,2MT.1,223,302,322,403,415,507,6FL,655,752",,,"Apr 21, 2009",,,,,,,,,,,
A29 - Silverstone Metallic II,,NCSW - Black Novillo Leather,,WBSWD93519P361874,,P361874,"MSRP,ZPP.1,2MK,2MT.1,302,403,415,494,653",,,"Apr 21, 2009",550,,,,,,,,,,
300 - Alpine White,,NDSW - Black Extended Novillo Leather,,WBSWD93539P361875,,P361875,"MSRP,ZCW,ZPP.3,2MK,2MT.1,302,322,415,507,609,6FL,653,655,752",,,"Apr 21, 2009",1100,,,,,,,,,,
300 - Alpine White,,NDSW - Black Extended Novillo Leather,,WBSWD93559P361876,,P361876,"MSRP,ZCW,ZPP.3,2MK,2MT.1,302,322,415,507,609,6FL,653,655,752",,,"Apr 22, 2009",1100,,,,,,,,,,
300 - Alpine White,,NCSW - Black Novillo Leather,,WBSWD93579P361877,,P361877,"MSRP,ZPP.3,ZTP,2MT.1,302,415,494,507,6FL,6NF,653,752",,,"Apr 22, 2009",,,,,,,,,,,
300 - Alpine White,,NCH2 - Fox Red Novillo Leather,,WBSWD93599P361878,,P361878,"MSRP,ZPP.3,ZTP,494,507,6FL,653,863",,,"Apr 22, 2009",,,,,,,,,,,
300 - Alpine White,,NCH2 - Fox Red Novillo Leather,,WBSWD93509P361879,,P361879,"MSRP,ZCW,ZPP.3,ZTP,2MK,2MT.1,403,507,653,655,752",,,"Apr 22, 2009",,,,,,,,,,,
A73 - Jerez Black Metallic,,NDSW - Black Extended Novillo Leather,,WBSWD93579P361880,,P361880,"MSRP,ZCW,ZPP.3,ZTP,2MK,2MT.1,302,415,507,6FL,653,655,752",,,"Apr 22, 2009",550/1100,,,,,,,,,,
A52 - Space Gray Metallic,,NDSW - Black Extended Novillo Leather,,WBSWD93599P361881,,P361881,"MSRP,ZCW,ZPP.3,ZTP,2MK,2MT.1,302,403,415,507,6FL,653,655,752",,,"Apr 23, 2009",550/1100,,,,,,,,,,
A52 - Space Gray Metallic,,NCSW - Black Novillo Leather,,WBSWD93509P361882,,P361882,"MSRP,ZCW,ZPP.1,ZTP,2MK,2MT.1,302,415,507,6FL,653,655,752",,,"Apr 23, 2009",550,,,,,,,,,,
A52 - Space Gray Metallic,,NCSW - Black Novillo Leather,,WBSWD93529P361883,,P361883,"MSRP,ZCW,ZPP.3,ZTP,2MK,2MT.1,302,415,507,6FL,653,655,752",,,"Apr 23, 2009",550,,,,,,,,,,
300 - Alpine White,,NDH2 - Fox Red Extended Leather,,WBSWD93549P361884,,P361884,"MSRP,ZCW,ZPP.1,2MK,2MT.1,302,322,415,507,609,6FL,653,655,752",,,"Apr 23, 2009",1100,,,,,,,,,,
A73 - Jerez Black Metallic,,NCH2 - Fox Red Novillo Leather,,WBSWD93569P361885,,P361885,"MSRP,ZCW,ZPP.1,2MT.1,302,322,415,507,609,6FL,653,655,752",,,"Apr 23, 2009",550,,,,,,,,,,
A73 - Jerez Black Metallic,,NCH2 - Fox Red Novillo Leather,,WBSWD93589P361886,,P361886,"MSRP,ZCW,ZPP.3,ZTP,2MK,2MT.1,302,415,507,6FL,653,655,752",,,"Apr 23, 2009",550,,,,,,,,,,
300 - Alpine White,,NDH3 - Beige Novillo Extended Leather,,WBSWD935X9P361887,,P361887,"MSRP,ZCW,ZPP.2,ZTP,2MT.1,403,507,6FL,6NF,653,655",,,"Apr 23, 2009",1100,,,,,,,,,,
300 - Alpine White,,NDSW - Black Extended Novillo Leather,,WBSWD93519P361888,,P361888,"MSRP,ZPP.3,2MT.1,403,609,653,655",,,"Apr 23, 2009",1100,,,,,,,,,,
A73 - Jerez Black Metallic,,NCH2 - Fox Red Novillo Leather,,WBSWD93539P361889,,P361889,"MSRP,2MT.1,223,4MY",,,"Apr 24, 2009",550/950,,,,,,,,,,
300 - Alpine White,,GEAT - Anthracite/Black Cloth & Leather,,WBSWD935X9P361890,,P361890,"MSRP,ZCW,ZPP.1,2MK,2MT.1,302,322,415,507,609,6FL,653,655,752",,,"Apr 24, 2009",,,,,,,,,,,
A29 - Silverstone Metallic II,,NDH2 - Fox Red Extended Leather,,WBSWD93519P361891,,P361891,"MSRP,ZPP.1,ZTP,2MK,2MT.1,494,507,6FL,653",,,"Apr 24, 2009",550/1100,,,,,,,,,,
A52 - Space Gray Metallic,,NCH2 - Fox Red Novillo Leather,,WBSWD93539P361892,,P361892,"MSRP,ZCW,ZPP.3,ZTP,2MK,2MT.1,507,6FL,653",,,"Apr 24, 2009",550,,,,,,,,,,
668 - Jet Black,,NCSW - Black Novillo Leather,,WBSWD93559P361893,,P361893,"MSRP,ZCW,ZPP.1,ZTP,2MK,2MT.1,507,6FL,6NF,653,863",,,"Apr 24, 2009",,,,,,,,,,,
668 - Jet Black,,NCSW - Black Novillo Leather,,WBSWD93579P361894,,P361894,"MSRP,ZCW,ZPP.3,ZTP,2MK,2MT.1,415,507,6FL,6NF,653,655,752",,,"Apr 24, 2009",,,,,,,,,,,
A73 - Jerez Black Metallic,,NDSW - Black Extended Novillo Leather,,WBSWD93599P361895,,P361895,"MSRP,ZCW,ZPP.1,ZTP,2MK,2MT.1,302,403,415,507,6FL,653,655,752",,,"Apr 24, 2009",550/1100,,,,,,,,,,
A73 - Jerez Black Metallic,,NCSW - Black Novillo Leather,,WBSWD93509P361896,,P361896,"MSRP,ZPP.1,ZTP,2MK,2MT.1,403,415,494,507,6FL,653,752",,,"Apr 24, 2009",550,,,,,,,,,,
A29 - Silverstone Metallic II,,NCSW - Black Novillo Leather,,WBSWD93529P361897,,P361897,"MSRP,ZCW,ZPP.1,ZTP,2MK,2MT.1,302,6FL,653,655,752",,,"Apr 25, 2009",550,,,,,,,,,,
300 - Alpine White,,NCH2 - Fox Red Novillo Leather,,WBSWD93549P361898,,P361898,"MSRP,ZPP.3,ZTP,494,653",,,"Apr 25, 2009",,,,,,,,,,,
300 - Alpine White,,NCH2 - Fox Red Novillo Leather,,WBSWD93569P361899,,P361899,"MSRP,ZPP.3,ZTP,653",,,"Apr 25, 2009",,,,,,,,,,,
A29 - Silverstone Metallic II,,NDH2 - Fox Red Extended Leather,,WBSWD93599P361900,,P361900,"MSRP,ZPP.3,2MK,2MT.1,322,494,507,609,6FL,653,752",,,"Apr 27, 2009",550/1100,,,,,,,,,,
A52 - Space Gray Metallic,,NCSW - Black Novillo Leather,,WBSWD93509P361901,,P361901,"MSRP,ZCW,ZPP.1,ZTP,2MK,2MT.1,302,403,507,653",,,"Apr 27, 2009",550,,,,,,,,,,
A73 - Jerez Black Metallic,,NCH2 - Fox Red Novillo Leather,,WBSWD93529P361902,,P361902,"MSRP,ZPP.3,ZTP,2MK,2MT.1,403,494,507,6FL,6NF,653,752",,,"Apr 27, 2009",550,,,,,,,,,,
300 - Alpine White,,NCSW - Black Novillo Leather,,WBSWD93549P361903,,P361903,"MSRP,ZPP.1,223,403,415,6FL,653",,,"Apr 27, 2009",,,,,,,,,,,
A75 - Melbourne Red Metallic,,NDH1 - Silver Novillo Extended Leather,,WBSWD93569P361904,,P361904,"MSRP,ZCW,ZPP.3,ZTP,2MT.1,507,6FL,653,752,863",,,"Apr 27, 2009",550/1100,,,,,,,,,,
381 - Le Mans Blue Metallic,,NDH1 - Silver Novillo Extended Leather,,WBSWD93589P361905,,P361905,"MSRP,ZPP.3,ZTP,2MK,403,494,507,6FL,6NF,653,655,752",,,"Apr 27, 2009",550/1100,,,,,,,,,,
A73 - Jerez Black Metallic,,NCSW - Black Novillo Leather,,WBSWD935X9P361906,,P361906,"MSRP,ZCW,ZPP.1,ZTP,2MK,2MT.1,302,415,507,6FL,653,655,752",,,"Apr 27, 2009",550,,,,,,,,,,
300 - Alpine White,,NCSW - Black Novillo Leather,,WBSWD93519P361907,,P361907,"MSRP,ZCW,ZPP.3,ZTP,2MT.1,507,6FL,653,655,752,863",,,"Apr 28, 2009",,,,,,,,,,,
300 - Alpine White,,NCSW - Black Novillo Leather,,WBSWD93539P361908,,P361908,"MSRP,ZCW,ZPP.3,ZTP,2MK,2MT.1,6FL,653,863",,,"Apr 28, 2009",,,,,,,,,,,
300 - Alpine White,,NCSW - Black Novillo Leather,,WBSWD93559P361909,,P361909,"MSRP,ZCW,ZTP,2MK,2MT.1,639,6FL,653,771,863",,,"Apr 28, 2009",950,,,,,,,,,,
300 - Alpine White,,NDSW - Black Extended Novillo Leather,,WBSWD93519P361910,,P361910,"MSRP,ZCW,ZPP.3,ZTP,2MK,2MT.1,302,415,507,6FL,653,655,752",,,"Apr 28, 2009",1100,,,,,,,,,,
668 - Jet Black,,NCSW - Black Novillo Leather,,WBSWD93539P361911,,P361911,"MSRP,ZCW,ZPP.3,302,322,415,507,609,6FL,653,655,752",,,"Apr 28, 2009",,,,,,,,,,,
300 - Alpine White,,NDSW - Black Extended Novillo Leather,,WBSWD93559P361912,,P361912,"MSRP,ZPP.3,ZTP,2MK,2MT.1,302,507,6FL,6NF,653,752",,,"Apr 28, 2009",1100,,,,,,,,,,
300 - Alpine White,,NCSW - Black Novillo Leather,,WBSWD93579P361913,,P361913,"MSRP,ZPP.3,ZTP,2MT.1,302,403,494,507,6FL,653,655,752",,,"Apr 28, 2009",,,,,,,,,,,
300 - Alpine White,,NDSW - Black Extended Novillo Leather,,WBSWD93599P361914,,P361914,"MSRP,ZPP.3,ZTP,2MK,2MT.1,302,507,6FL,6NF,653,655,752",,,"Apr 28, 2009",1100,,,,,,,,,,
300 - Alpine White,,NCSW - Black Novillo Leather,,WBSWD93509P361915,,P361915,"MSRP,ZPP.3,ZTP,2MK,302,403,494,507,6FL,653,752",,,"Apr 28, 2009",,,,,,,,,,,
A73 - Jerez Black Metallic,,NCSW - Black Novillo Leather,,WBSWD93529P361916,,P361916,"MSRP,ZCW,ZPP.1,302,322,655",,,"Apr 29, 2009",550,,,,,,,,,,
668 - Jet Black,,NCSW - Black Novillo Leather,,WBSWD93549P361917,,P361917,"MSRP,ZPP.3,ZTP,2MK,2MT.1,302,494,6FL,653,752",,,"Apr 29, 2009",,,,,,,,,,,
A52 - Space Gray Metallic,,NCSW - Black Novillo Leather,,WBSWD93569P361918,,P361918,"MSRP,ZCW,ZPP.1,ZTP,2MK,2MT.1,403,6FL,653,655,752",,,"Apr 29, 2009",550,,,,,,,,,,
300 - Alpine White,,NCSW - Black Novillo Leather,,WBSWD93589P361919,,P361919,"MSRP,ZCW,ZPP.3,ZTP,2MK,2MT.1,403,507,653,752",,,"Apr 29, 2009",,,,,,,,,,,
300 - Alpine White,,NCSW - Black Novillo Leather,,WBSWD93549P361920,,P361920,"MSRP,2MT.1,4MY",,,"Apr 29, 2009",950,,,,,,,,,,
668 - Jet Black,,NCSW - Black Novillo Leather,,WBSWD93569P361921,,P361921,"MSRP,ZCW,ZPP.3,2MT.1,302,609,653,752",,,"Apr 30, 2009",,,,,,,,,,,
668 - Jet Black,,NCH2 - Fox Red Novillo Leather,,WBSWD93589P361922,,P361922,"MSRP,ZCW,ZPP.3,ZTP,2MK,2MT.1,302,6FL,653,752",,,"Apr 30, 2009",,,,,,,,,,,
A73 - Jerez Black Metallic,,NCSW - Black Novillo Leather,,WBSWD935X9P361923,,P361923,"MSRP,ZCW,ZPP.2,ZTP,403,6FL,653,655,752",,,"Apr 30, 2009",550,,,,,,,,,,
668 - Jet Black,,NCSW - Black Novillo Leather,,WBSWD93519P361924,,P361924,"MSRP,ZCW,ZPP.3,ZTP,2MK,2MT.1,302,415,507,6FL,6NF,653,655,752",,,"Apr 30, 2009",,,,,,,,,,,
A73 - Jerez Black Metallic,,NDH3 - Beige Novillo Extended Leather,,WBSWD93539P361925,,P361925,"MSRP,ZPP.2,ZTP,2MK,2MT.1,494,507,6FL,653,655",,,"Apr 30, 2009",550/1100,,,,,,,,,,
300 - Alpine White,,NDH2 - Fox Red Extended Leather,,WBSWD93559P361926,,P361926,"MSRP,ZCW,ZPP.3,ZTP,2MK,2MT.1,6FL,653,655,752",,,"Apr 30, 2009",1100,,,,,,,,,,
A29 - Silverstone Metallic II,,NCSW - Black Novillo Leather,,WBSWD93579P361927,,P361927,"MSRP,ZPP.1,ZTP,2MK,2MT.1,302,6FL,653,863",,,"Apr 30, 2009",550,,,,,,,,,,
668 - Jet Black,,NCSW - Black Novillo Leather,,WBSWD93599P361928,,P361928,"MSRP,ZPP.2,2MT.1,507",,,"May 4, 2009",,,,,,,,,,,
A52 - Space Gray Metallic,,NCSW - Black Novillo Leather,,WBSWD93509P361929,,P361929,"MSRP,ZPP.3,ZTP,2MK,2MT.1,494,507,6FL,6NF,653,655,752",,,"May 5, 2009",550,,,,,,,,,,
300 - Alpine White,,NDH2 - Fox Red Extended Leather,,WBSWD93579P361930,,P361930,"MSRP,ZPP.3,ZTP,494,6FL,653,752",,,"May 5, 2009",1100,,,,,,,,,,
300 - Alpine White,,NCH2 - Fox Red Novillo Leather,,WBSWD93599P361931,,P361931,"MSRP,ZPP.1,2MK,223,302,507",,,"May 5, 2009",,,,,,,,,,,
300 - Alpine White,,NCH2 - Fox Red Novillo Leather,,WBSWD93509P361932,,P361932,"MSRP,ZPP.3,ZTP,2MK,2MT.1,302,415,507,6FL,6NF,653,655,752",,,"May 5, 2009",,,,,,,,,,,
300 - Alpine White,,NDH2 - Fox Red Extended Leather,,WBSWD93529P361933,,P361933,"MSRP,ZCW,ZPP.3,ZTP,2MK,403,507,6FL,6NF,653,752",,,"May 6, 2009",1100,,,,,,,,,,
A52 - Space Gray Metallic,,NCH2 - Fox Red Novillo Leather,,WBSWD93549P361934,,P361934,"MSRP,2MK,223,494,4MX,655",,,"May 6, 2009",550/950,,,,,,,,,,
300 - Alpine White,,NCH2 - Fox Red Novillo Leather,,WBSWD93569P361935,,P361935,"MSRP,ZPP.2,ZTP,507,6FL,6NF,653",,,"May 7, 2009",,,,,,,,,,,
668 - Jet Black,,NCSW - Black Novillo Leather,,WBSWD93589P361936,,P361936,"MSRP,ZPP.1,ZTP,2MK,403,6FL,653,752",,,"May 7, 2009",,,,,,,,,,,
A75 - Melbourne Red Metallic,,NCSW - Black Novillo Leather,,WBSWD935X9P361937,,P361937,"MSRP,ZTP,2MK,2MT.1,415,494,507,639,6FL,6NF,653,771",,,"May 7, 2009",550/950,,,,,,,,,,
A75 - Melbourne Red Metallic,,NCSW - Black Novillo Leather,,WBSWD93519P361938,,P361938,"MSRP,2MT.1,223,494,4MX",,,"May 7, 2009",550/950,,,,,,,,,,
A29 - Silverstone Metallic II,,NCSW - Black Novillo Leather,,WBSWD93539P361939,,P361939,"MSRP,ZCW,ZPP.3,ZTP,2MK,2MT.1,302,415,507,653,752",,,"May 8, 2009",550,,,,,,,,,,
A75 - Melbourne Red Metallic,,NCSW - Black Novillo Leather,,WBSWD935X9P361940,,P361940,"MSRP,ZPP.3,ZTP,2MK,2MT.1,302,403,415,507,6FL,6NF,653,655,752",,,"May 8, 2009",550,,,,,,,,,,
A52 - Space Gray Metallic,,NCH2 - Fox Red Novillo Leather,,WBSWD93519P361941,,P361941,"MSRP,ZTP,494,4MY,6FL,653,752",,,"May 8, 2009",550/950,,,,,,,,,,
300 - Alpine White,,NCSW - Black Novillo Leather,,WBSWD93539P361942,,P361942,"MSRP,ZCW,ZPP.1,ZTP,2MK,2MT.1,507,6FL,6NF,653,655,752,863",,,"May 8, 2009",,,,,,,,,,,
A52 - Space Gray Metallic,,NCSW - Black Novillo Leather,,WBSWD93559P361943,,P361943,"MSRP,ZTP,2MK,2MT.1,302,4MX,653",,,"May 9, 2009",550/950,,,,,,,,,,
A52 - Space Gray Metallic,,NCH2 - Fox Red Novillo Leather,,WBSWD93579P361944,,P361944,"MSRP,ZPP.3,ZTP,2MK,494,6FL,653,655,752",,,"May 9, 2009",550,,,,,,,,,,
A73 - Jerez Black Metallic,,NCSW - Black Novillo Leather,,WBSWD93599P361945,,P361945,"MSRP,ZPP.3,ZTP,2MT.1,415,507,6FL,6NF,653,752",,,"May 9, 2009",550,,,,,,,,,,
A73 - Jerez Black Metallic,,NCSW - Black Novillo Leather,,WBSWD93509P361946,,P361946,"MSRP,ZPP.3,ZTP,2MK,2MT.1,494,6FL,6NF,653",,,"May 11, 2009",550,,,,,,,,,,
A52 - Space Gray Metallic,,NCSW - Black Novillo Leather,,WBSWD93529P361947,,P361947,"MSRP,ZCW,ZPP.3,ZTP,2MT.1,302,403,415,507,6FL,653,655,752",,,"May 11, 2009",550,,,,,,,,,,
A73 - Jerez Black Metallic,,NCH2 - Fox Red Novillo Leather,,WBSWD93549P361948,,P361948,"MSRP,ZCW,ZPP.3,ZTP,2MT.1,302,403,415,507,6FL,653,655,752",,,"May 11, 2009",550,,,,,,,,,,
A73 - Jerez Black Metallic,,GEAT - Anthracite/Black Cloth & Leather,,WBSWD93569P361949,,P361949,"MSRP,ZTP,2MK,2MT.1,4MZ,507,6FL,653",,,"May 11, 2009",550,,,,,,,,,,
300 - Alpine White,,NCH3 - Beige Novillo Leather,,WBSWD93529P361950,,P361950,"MSRP,ZCW,ZPP.3,ZTP,2MK,2MT.1,302,507,6FL,653",,,"May 11, 2009",,,,,,,,,,,
300 - Alpine White,,NCH1 - Silver Novillo Leather,,WBSWD93549P361951,,P361951,"MSRP,ZPP.1,ZTP,2MT.1,507,6FL,653,752",,,"May 11, 2009",,,,,,,,,,,
300 - Alpine White,,NDSW - Black Extended Novillo Leather,,WBSWD93569P361952,,P361952,"MSRP,ZPP.3,2MK,2MT.1,322,415,494,609,653,752",,,"May 11, 2009",1100,,,,,,,,,,
300 - Alpine White,,NDH3 - Beige Novillo Extended Leather,,WBSWD93589P361953,,P361953,"MSRP,ZCW,ZPP.2,ZTP,2MK,2MT.1,6FL,653",,,"May 11, 2009",1100,,,,,,,,,,
300 - Alpine White,,NCH1 - Silver Novillo Leather,,WBSWD935X9P361954,,P361954,"MSRP,ZPP.1,2MT.1,223,494,655",,,"May 11, 2009",,,,,,,,,,,
300 - Alpine White,,NCH2 - Fox Red Novillo Leather,,WBSWD93519P361955,,P361955,"MSRP,ZPP.3,ZTP,302,494,6FL,653",,,"May 11, 2009",,,,,,,,,,,
300 - Alpine White,,NCSW - Black Novillo Leather,,WBSWD93539P361956,,P361956,"MSRP,ZCW,ZPP.3,302,322,403,609,6FL,653,655,752",,,"May 11, 2009",,,,,,,,,,,
300 - Alpine White,,GEAT - Anthracite/Black Cloth & Leather,,WBSWD93559P361957,,P361957,"MSRP,2MT.1,4MX",,,"May 11, 2009",,,,,,,,,,,
300 - Alpine White,,NCSW - Black Novillo Leather,,WBSWD93579P361958,,P361958,"MSRP,ZPP.2,2MK,223",,,"May 11, 2009",,,,,,,,,,,
300 - Alpine White,,GEAT - Anthracite/Black Cloth & Leather,,WBSWD93599P361959,,P361959,"MSRP,ZCW,223,507,771,863",,,"May 12, 2009",,,,,,,,,,,
381 - Le Mans Blue Metallic,,NCH3 - Beige Novillo Leather,,WBSWD93559P361960,,P361960,"MSRP,ZPP.3,2MT.1,302,494,507,6FL,653,655",,,"May 12, 2009",550,,,,,,,,,,
668 - Jet Black,,NCSW - Black Novillo Leather,,WBSWD93579P361961,,P361961,"MSRP,ZPP.3,ZTP,2MT.1,653,752",,,"May 12, 2009",,,,,,,,,,,
A75 - Melbourne Red Metallic,,NCH3 - Beige Novillo Leather,,WBSWD93599P361962,,P361962,"MSRP,ZPP.3,2MK,2MT.1,223,403",,,"May 13, 2009",550,,,,,,,,,,
A29 - Silverstone Metallic II,,NCSW - Black Novillo Leather,,WBSWD93509P361963,,P361963,"MSRP,ZCW,ZPP.2,ZTP,2MK,2MT.1,415,507,6FL,653,655,752",,,"May 13, 2009",550,,,,,,,,,,
300 - Alpine White,,NCH2 - Fox Red Novillo Leather,,WBSWD93529P361964,,P361964,"MSRP,ZPP.3,ZTP,2MK,6FL,653",,,"May 14, 2009",,,,,,,,,,,
A29 - Silverstone Metallic II,,NCH1 - Silver Novillo Leather,,WBSWD93549P361965,,P361965,"MSRP,ZPP.1,ZTP,2MK,2MT.1,494,507,6FL,653,655,752",,,"May 14, 2009",550,,,,,,,,,,
,,NCSW - Black Novillo Leather,,WBSWD93569P361966,,P361966,"MSRP,ZCW,ZPP.3,ZTP,2MK,2MT.1,507,6FL,653,655,752",,,"May 19, 2009",,,Sam Swope BMW,,,,,,,,
668 - Jet Black,,GEAT - Anthracite/Black Cloth & Leather,,WBSWD93589P361967,,P361967,"MSRP,ZCW,2MT.1,639,6FL,655,771",,,"May 14, 2009",,,,,,,,,,,
A73 - Jerez Black Metallic,,NCH2 - Fox Red Novillo Leather,,WBSWD935X9P361968,,P361968,"MSRP,ZCW,ZPP.1,ZTP,415,6FL,653,655,752",,,"May 15, 2009",550,,,,,,,,,,
A52 - Space Gray Metallic,,NCH2 - Fox Red Novillo Leather,,WBSWD93519P361969,,P361969,"MSRP,ZCW,ZPP.2,ZTP,2MK,302,403,653",,,"May 15, 2009",550,,,,,,,,,,
300 - Alpine White,,NCSW - Black Novillo Leather,,WBSWD93589P361970,,P361970,"MSRP,ZPP.3,ZTP,302,415,653",,,"May 15, 2009",,,,,,,,,,,
300 - Alpine White,,NCSW - Black Novillo Leather,,WBSWD935X9P361971,,P361971,"MSRP,2MK,2MT.1,223,4MX,655",,,"May 15, 2009",950,,,,,,,,,,
300 - Alpine White,,GEAT - Anthracite/Black Cloth & Leather,,WBSWD93519P361972,,P361972,"MSRP,223,771",,,"May 16, 2009",,,,,,,,,,,
A73 - Jerez Black Metallic,,NCH2 - Fox Red Novillo Leather,,WBSWD93539P361973,,P361973,"MSRP,ZCW,ZPP.1,2MK,302,322",,,"May 18, 2009",550,,,,,,,,,,
A29 - Silverstone Metallic II,,NCSW - Black Novillo Leather,,WBSWD93559P361974,,P361974,"MSRP,ZCW,ZPP.3,ZTP,302,415,507,6FL,653,655,752",,,"May 18, 2009",550,,,,,,,,,,
A73 - Jerez Black Metallic,,NCH2 - Fox Red Novillo Leather,,WBSWD93579P361975,,P361975,"MSRP,ZCW,ZPP.3,2MT.1,507,6FL,653",,,"May 18, 2009",550,,,,,,,,,,
A52 - Space Gray Metallic,,NCSW - Black Novillo Leather,,WBSWD93599P361976,,P361976,"MSRP,ZPP.3,2MK,2MT.1,223,302,494,6FL",,,"May 18, 2009",550,,,,,,,,,,
668 - Jet Black,,NCSW - Black Novillo Leather,,WBSWD93509P361977,,P361977,"MSRP,ZCW,ZPP.3,ZTP,2MT.1,302,507,6FL,653,655,752",,,"May 19, 2009",,,,,,,,,,,
A73 - Jerez Black Metallic,,NDH3 - Beige Novillo Extended Leather,,WBSWD93529P361978,,P361978,"MSRP,ZCW,ZPP.2,ZTP,2MK,2MT.1,403,6FL,653,655",,,"May 19, 2009",550/1100,,,,,,,,,,
300 - Alpine White,,NCH2 - Fox Red Novillo Leather,,WBSWD93549P361979,,P361979,"MSRP,ZCW,ZPP.1,2MK,302,322,415,507,609,6FL,653,655,752",,,"May 19, 2009",,,,,,,,,,,
A73 - Jerez Black Metallic,,NCH1 - Silver Novillo Leather,,WBSWD93509P361980,,P361980,"MSRP,ZPP.3,ZTP,2MK,2MT.1,403,415,6FL,653,655,752",,,"May 19, 2009",550,,,,,,,,,,
A73 - Jerez Black Metallic,,NDH2 - Fox Red Extended Leather,,WBSWD93529P361981,,P361981,"MSRP,ZCW,ZPP.3,2MT.1,302,322,415,507,609,6FL,653,655,752",,,"May 19, 2009",550/1100,,,,,,,,,,
A73 - Jerez Black Metallic,,NCSW - Black Novillo Leather,,WBSWD93549P361982,,P361982,"MSRP,ZPP.3,ZTP,2MT.1,302,6FL,653,655",,,"May 19, 2009",550,,,,,,,,,,
300 - Alpine White,,NCH3 - Beige Novillo Leather,,WBSWD93569P361983,,P361983,"MSRP,ZPP.3,ZTP,302,403,415,653,752",,,"May 19, 2009",,,,,,,,,,,
A52 - Space Gray Metallic,,NDSW - Black Extended Novillo Leather,,WBSWD93589P361984,,P361984,"MSRP,ZCW,ZPP.2,ZTP,2MK,2MT.1,302,415,507,6FL,653,655,752",,,"May 20, 2009",550/1100,,,,,,,,,,
A52 - Space Gray Metallic,,NCH2 - Fox Red Novillo Leather,,WBSWD935X9P361985,,P361985,"MSRP,ZPP.3,ZTP,2MK,2MT.1,302,415,507,6FL,6NF,653,752",,,"May 20, 2009",550,,,,,,,,,,
A30 - Interlagos Blue Metallic,,NCSW - Black Novillo Leather,,WBSWD93519P361986,,P361986,"MSRP,ZCW,ZPP.3,2MT.1,302,322,507,609,6FL,653,655,752",,,"May 20, 2009",550,,,,,,,,,,
A75 - Melbourne Red Metallic,,NCSW - Black Novillo Leather,,WBSWD93539P361987,,P361987,"MSRP,ZPP.3,ZTP,2MT.1,302,507,6FL,6NF,653,655,752",,,"May 22, 2009",550,,,,,,,,,,
A73 - Jerez Black Metallic,,NDH2 - Fox Red Extended Leather,,WBSWD93559P361988,,P361988,"MSRP,ZPP.3,ZTP,2MT.1,302,403,415,494,6FL,6NF,653,655,752",,,"May 22, 2009",550/1100,,,,,,,,,,
A73 - Jerez Black Metallic,,NCSW - Black Novillo Leather,,WBSWD93579P361989,,P361989,"MSRP,ZPP.1,2MK,302,6FL,6NF",,,"May 22, 2009",550,,,,,,,,,,
A73 - Jerez Black Metallic,,NCSW - Black Novillo Leather,,WBSWD93539P361990,,P361990,"MSRP,ZCW,ZPP.3,ZTP,2MT.1,403,6FL,6NF,653,655,752",,,"May 22, 2009",550,,,,,,,,,,
A73 - Jerez Black Metallic,,NCSW - Black Novillo Leather,,WBSWD93559P361991,,P361991,"MSRP,ZCW,ZPP.3,2MT.1,302,403",,,"May 23, 2009",550,,,,,,,,,,
A52 - Space Gray Metallic,,NCH2 - Fox Red Novillo Leather,,WBSWD93579P361992,,P361992,"MSRP,ZPP.2,2MT.1",,,"May 23, 2009",550,,,,,,,,,,
300 - Alpine White,,NCSW - Black Novillo Leather,,WBSWD93599P361993,,P361993,"MSRP,ZPP.3,ZTP,2MK,2MT.1,403,494,6FL,6NF,653,655,752",,,"May 23, 2009",,,,,,,,,,,
300 - Alpine White,,NCSW - Black Novillo Leather,,WBSWD93509P361994,,P361994,"MSRP,ZCW,ZPP.3,302,322,609,6FL,653",,,"May 25, 2009",,,,,,,,,,,
A52 - Space Gray Metallic,,GEAT - Anthracite/Black Cloth & Leather,,WBSWD93529P361995,,P361995,"MSRP,223,6FL,771",,,"May 26, 2009",550,,,,,,,,,,
381 - Le Mans Blue Metallic,,NCH1 - Silver Novillo Leather,,WBSWD93549P361996,,P361996,"MSRP,ZPP.2,ZTP,2MK,2MT.1,507,6FL,6NF,653",,,"May 26, 2009",550,,,,,,,,,,
A29 - Silverstone Metallic II,,NCSW - Black Novillo Leather,,WBSWD93569P361997,,P361997,"MSRP,ZPP.1,ZTP,2MT.1,494,653",,,"May 26, 2009",550,,,,,,,,,,
A29 - Silverstone Metallic II,,NDSW - Black Extended Novillo Leather,,WBSWD93589P361998,,P361998,"MSRP,ZCW,ZPP.3,ZTP,2MT.1,302,403,415,507,6FL,653,655,752",,,"May 27, 2009",550/1100,,,,,,,,,,
A29 - Silverstone Metallic II,,NCH1 - Silver Novillo Leather,,WBSWD935X9P361999,,P361999,"MSRP,ZPP.3,ZTP,2MK,2MT.1,403,6FL,653,655,752",,,"May 27, 2009",550,,,,,,,,,,
A52 - Space Gray Metallic,,NCSW - Black Novillo Leather,,WBSWD93509P362000,,P362000,"MSRP,ZPP.3,ZTP,2MK,2MT.1,494,653,655",,,"May 27, 2009",550,,,,,,,,,,
300 - Alpine White,,NCSW - Black Novillo Leather,,WBSWD93529P362001,,P362001,"MSRP,ZCW,ZPP.1,2MT.1,223,403,6FL,653",,,"May 27, 2009",,,,,,,,,,,
A52 - Space Gray Metallic,,NCSW - Black Novillo Leather,,WBSWD93549P362002,,P362002,"MSRP,ZCW,ZPP.1,ZTP,302,507,6FL,653,655,752",,,"May 27, 2009",550,,,,,,,,,,
300 - Alpine White,,NCH2 - Fox Red Novillo Leather,,WBSWD93569P362003,,P362003,"MSRP,ZCW,ZPP.1,ZTP,2MK,302,507,6FL,653",,,"May 27, 2009",,,,,,,,,,,
A52 - Space Gray Metallic,,NDH1 - Silver Novillo Extended Leather,,WBSWD93589P362004,,P362004,"MSRP,ZCW,ZPP.1,ZTP,2MT.1,302,403,507,653,655",,,"May 28, 2009",550/1100,,,,,,,,,,
A52 - Space Gray Metallic,,NCH2 - Fox Red Novillo Leather,,WBSWD935X9P362005,,P362005,"MSRP,ZCW,ZPP.3,ZTP,2MT.1,403,507,6FL,653,655,752",,,"May 28, 2009",550,,,,,,,,,,
A29 - Silverstone Metallic II,,NCH1 - Silver Novillo Leather,,WBSWD93519P362006,,P362006,"MSRP,ZPP.3,ZTP,2MK,403,415,507,653",,,"May 28, 2009",550,,,,,,,,,,
300 - Alpine White,,NCH1 - Silver Novillo Leather,,WBSWD93539P362007,,P362007,"MSRP,ZCW,ZPP.1,302,322,415,507,609,6FL,653,655,752",,,"May 28, 2009",,,,,,,,,,,
A30 - Interlagos Blue Metallic,,NDH3 - Beige Novillo Extended Leather,,WBSWD93559P362008,,P362008,"MSRP,ZCW,ZPP.2,ZTP,302,403,415,507,6FL,653,655,752",,,"May 28, 2009",550/1100,,,,,,,,,,
A30 - Interlagos Blue Metallic,,NCH3 - Beige Novillo Leather,,WBSWD93579P362009,,P362009,"MSRP,ZPP.2,ZTP,2MT.1,403,494,653",,,"May 29, 2009",550,,,,,,,,,,
300 - Alpine White,,NCH2 - Fox Red Novillo Leather,,WBSWD93539P362010,,P362010,"MSRP,ZPP.3,ZTP,2MK,507,6FL,6NF,653",,,"May 29, 2009",,,,,,,,,,,
A29 - Silverstone Metallic II,,NCSW - Black Novillo Leather,,WBSWD93559P362011,,P362011,"MSRP,ZPP.3,ZTP,2MK,403,507,6FL,6NF,653",,,"May 29, 2009",550,,,,,,,,,,
A73 - Jerez Black Metallic,,NDH2 - Fox Red Extended Leather,,WBSWD93579P362012,,P362012,"MSRP,ZPP.3,ZTP,2MK,2MT.1,415,494,507,6FL,6NF,653,863",,,"May 29, 2009",550/1100,,,,,,,,,,
A29 - Silverstone Metallic II,,NCSW - Black Novillo Leather,,WBSWD93599P362013,,P362013,"MSRP,ZCW,ZPP.3,ZTP,2MK,2MT.1,302,403,415,507,653,752",,,"May 30, 2009",550,,,,,,,,,,
A29 - Silverstone Metallic II,,NCSW - Black Novillo Leather,,WBSWD93509P362014,,P362014,"MSRP,ZPP.3,ZTP,2MK,2MT.1,415,494,6FL,6NF,653,655,752",,,"May 30, 2009",550,,,,,,,,,,
A29 - Silverstone Metallic II,,NCSW - Black Novillo Leather,,WBSWD93529P362015,,P362015,"MSRP,ZPP.3,ZTP,2MK,2MT.1,494,6FL,653,655,752",,,"May 30, 2009",550,,,,,,,,,,
A29 - Silverstone Metallic II,,NCSW - Black Novillo Leather,,WBSWD93549P362016,,P362016,"MSRP,ZPP.3,ZTP,2MT.1,507,6FL,6NF,653",,,"May 30, 2009",550,,,,,,,,,,
A29 - Silverstone Metallic II,,NCH1 - Silver Novillo Leather,,WBSWD93569P362017,,P362017,"MSRP,ZPP.1,ZTP,2MK,494,507,6FL,653",,,"Jun 2, 2009",550,,,,,,,,,,
300 - Alpine White,,NCH2 - Fox Red Novillo Leather,,WBSWD93589P362018,,P362018,"MSRP,ZCW,ZPP.3,ZTP,302,415,507,6FL,6NF,653,655,752",,,"Jun 2, 2009",,,,,,,,,,,
668 - Jet Black,,NCSW - Black Novillo Leather,,WBSWD935X9P362019,,P362019,"MSRP,ZPP.3,ZTP,2MT.1,6FL,653",,,"Jun 2, 2009",,,,,,,,,,,
A52 - Space Gray Metallic,,NCH2 - Fox Red Novillo Leather,,WBSWD93569P362020,,P362020,"MSRP,ZPP.3,ZTP,2MK,2MT.1,653",,,"Jun 3, 2009",550,,,,,,,,,,
300 - Alpine White,,NCSW - Black Novillo Leather,,WBSWD93589P362021,,P362021,"MSRP,ZPP.3,2MK,2MT.1,223,302,494",,,"Jun 3, 2009",,,,,,,,,,,
A52 - Space Gray Metallic,,NDSW - Black Extended Novillo Leather,,WBSWD935X9P362022,,P362022,"MSRP,ZCW,ZPP.1,ZTP,302,415,507,6FL,6NF,653,655,752",,,"Jun 3, 2009",550/1100,,,,,,,,,,
A52 - Space Gray Metallic,,NDH2 - Fox Red Extended Leather,,WBSWD93519P362023,,P362023,"MSRP,ZCW,ZPP.3,ZTP,2MK,302,415,507,6FL,653,752,863",,,"Jun 3, 2009",550/1100,,,,,,,,,,
300 - Alpine White,,NCH2 - Fox Red Novillo Leather,,WBSWD93539P362024,,P362024,"MSRP,ZCW,ZPP.1,ZTP,2MT.1,507,6FL,653,655,752",,,"Jun 3, 2009",,,,,,,,,,,
300 - Alpine White,,NCH1 - Silver Novillo Leather,,WBSWD93559P362025,,P362025,"MSRP,ZCW,ZPP.3,ZTP,2MT.1,653,655,752",,,"Jun 3, 2009",,,,,,,,,,,
668 - Jet Black,,NCSW - Black Novillo Leather,,WBSWD93579P362026,,P362026,"MSRP,ZPP.3,ZTP,2MK,403,494,507,6FL,653",,,"Jun 3, 2009",,,,,,,,,,,
300 - Alpine White,,NDSW - Black Extended Novillo Leather,,WBSWD93599P362027,,P362027,"MSRP,ZTP,494,4MY,653",,,"Jun 4, 2009",2000,,,,,,,,,,
A73 - Jerez Black Metallic,,NCSW - Black Novillo Leather,,WBSWD93509P362028,,P362028,"MSRP,ZCW,ZPP.3,ZTP,2MT.1,302,415,507,6FL,6NF,653,655,752",,,"Jun 4, 2009",550,,,,,,,,,,
A73 - Jerez Black Metallic,,NCH2 - Fox Red Novillo Leather,,WBSWD93529P362029,,P362029,"MSRP,ZPP.3,2MK,2MT.1,302,403,6FL",,,"Jun 4, 2009",550,,,,,,,,,,
381 - Le Mans Blue Metallic,,NCH1 - Silver Novillo Leather,,WBSWD93599P362030,,P362030,"MSRP,ZPP.2,ZTP,2MK,2MT.1,507,6FL,6NF,653",,,"Jun 4, 2009",550,,,,,,,,,,
A75 - Melbourne Red Metallic,,NCSW - Black Novillo Leather,,WBSWD93509P362031,,P362031,"MSRP,ZCW,ZPP.3,ZTP,2MK,2MT.1,507,6FL,653,863",,,"Jun 4, 2009",550,,,,,,,,,,
A30 - Interlagos Blue Metallic,,NCSW - Black Novillo Leather,,WBSWD93529P362032,,P362032,"MSRP,ZPP.3,ZTP,6FL,653,655,752",,,"Jun 5, 2009",550,,,,,,,,,,
UH2 - Unknown Paint Code,,NDH2 - Fox Red Extended Leather,,WBSWD93549P362033,,P362033,"MSRP,ZPP.3,ZTP,2MT.1,6FL,653",,,"Jun 5, 2009",1100,,,,,,,,,,
A52 - Space Gray Metallic,,NCSW - Black Novillo Leather,,WBSWD93569P362034,,P362034,"MSRP,ZPP.3,2MK,2MT.1,223,403,494,6FL,6NF",,,"Jun 5, 2009",550,,,,,,,,,,
668 - Jet Black,,GEAT - Anthracite/Black Cloth & Leather,,WBSWD93589P362035,,P362035,"MSRP,2MK,2MT.1,4MY,6FL",,,"Jun 5, 2009",,,,,,,,,,,
A73 - Jerez Black Metallic,,NCH3 - Beige Novillo Leather,,WBSWD935X9P362036,,P362036,"MSRP,ZPP.2,ZTP,2MT.1,494,6FL,653",,,"Jun 5, 2009",550,,,,,,,,,,
300 - Alpine White,,NCH2 - Fox Red Novillo Leather,,WBSWD93519P362037,,P362037,"MSRP,ZPP.3,2MK,322,507",,,"Jun 5, 2009",,,,,,,,,,,
A73 - Jerez Black Metallic,,NCSW - Black Novillo Leather,,WBSWD93539P362038,,P362038,"MSRP,ZCW,ZPP.3,ZTP,2MT.1,302,6FL,653,655,752",,,"Jun 5, 2009",550,,,,,,,,,,
A73 - Jerez Black Metallic,,NDSW - Black Extended Novillo Leather,,WBSWD93559P362039,,P362039,"MSRP,ZPP.2,ZTP,2MK,2MT.1,302,403,415,494,6FL,6NF,653,655,752",,,"Jun 5, 2009",550/1100,,,,,,,,,,
668 - Jet Black,,NCH2 - Fox Red Novillo Leather,,WBSWD93519P362040,,P362040,"MSRP,ZCW,ZPP.3,ZTP,2MK,2MT.1,403,507,6FL,653,655,752",,,"Jun 5, 2009",,,,,,,,,,,
300 - Alpine White,,NCSW - Black Novillo Leather,,WBSWD93539P362041,,P362041,"MSRP,ZPP.3,ZTP,2MK,2MT.1,302,494,507,6FL,653,655,752",,,"Jun 8, 2009",,,,,,,,,,,
300 - Alpine White,,NCH1 - Silver Novillo Leather,,WBSWD93559P362042,,P362042,"MSRP,ZTP,494,507,639,6FL,653,752,771",,,"Jun 8, 2009",950,,,,,,,,,,
300 - Alpine White,,NDH2 - Fox Red Extended Leather,,WBSWD93579P362043,,P362043,"MSRP,ZCW,ZPP.3,ZTP,2MT.1,403,507,6FL,653,752,863",,,"Jun 8, 2009",1100,,,,,,,,,,
300 - Alpine White,,NCH2 - Fox Red Novillo Leather,,WBSWD93599P362044,,P362044,"MSRP,ZPP.3,ZTP,2MK,2MT.1,302,494,507,6FL,6NF,653,655,752",,,"Jun 8, 2009",,,,,,,,,,,
300 - Alpine White,,NDSW - Black Extended Novillo Leather,,WBSWD93509P362045,,P362045,"MSRP,ZPP.3,ZTP,2MK,2MT.1,494,6FL,6NF,653,655,752",,,"Jun 8, 2009",1100,,,,,,,,,,
300 - Alpine White,,NCH2 - Fox Red Novillo Leather,,WBSWD93529P362046,,P362046,"MSRP,ZPP.3,ZTP,2MT.1,494,6FL,653",,,"Jun 8, 2009",,,,,,,,,,,
A52 - Space Gray Metallic,,NCSW - Black Novillo Leather,,WBSWD93549P362047,,P362047,"MSRP,ZPP.3,ZTP,2MT.1,302,507,6FL,6NF,653,655,752",,,"Jun 8, 2009",550,,,,,,,,,,
A52 - Space Gray Metallic,,NCH2 - Fox Red Novillo Leather,,WBSWD93569P362048,,P362048,"MSRP,ZPP.3,ZTP,2MK,2MT.1,507,6FL,653,655",,,"Jun 8, 2009",550,,,,,,,,,,
A52 - Space Gray Metallic,,NCSW - Black Novillo Leather,,WBSWD93589P362049,,P362049,"MSRP,ZPP.3,ZTP,2MK,2MT.1,494,6FL,653",,,"Jun 9, 2009",550,,,,,,,,,,
300 - Alpine White,,NDH2 - Fox Red Extended Leather,,WBSWD93549P362050,,P362050,"MSRP,ZCW,ZPP.1,ZTP,2MT.1,403,653,655,752",,,"Jun 9, 2009",1100,,,,,,,,,,
668 - Jet Black,,NCSW - Black Novillo Leather,,WBSWD93569P362051,,P362051,"MSRP,2MK,2MT.1,403,494,609,653,771",,,"Jun 9, 2009",950,,,,,,,,,,
A52 - Space Gray Metallic,,NDH3 - Beige Novillo Extended Leather,,WBSWD93589P362052,,P362052,"MSRP,ZCW,ZPP.2,ZTP,2MK,2MT.1,302,415,507,6FL,6NF,653,655,752,863",,,"Jun 9, 2009",550/1100,,,,,,,,,,
668 - Jet Black,,NCSW - Black Novillo Leather,,WBSWD935X9P362053,,P362053,"MSRP,ZPP.3,ZTP,2MK,2MT.1,653,863",,,"Jun 9, 2009",,,,,,,,,,,
A52 - Space Gray Metallic,,NDH1 - Silver Novillo Extended Leather,,WBSWD93519P362054,,P362054,"MSRP,ZCW,ZPP.3,ZTP,2MT.1,6FL,6NF,653,655,752",,,"Jun 10, 2009",550/1100,,,,,,,,,,
A75 - Melbourne Red Metallic,,NCSW - Black Novillo Leather,,WBSWD93539P362055,,P362055,"MSRP,ZTP,302,639,653,771",,,"Jun 10, 2009",550/950,,,,,,,,,,
A75 - Melbourne Red Metallic,,NCH3 - Beige Novillo Leather,,WBSWD93559P362056,,P362056,"MSRP,ZPP.3,2MK,2MT.1,223,494,655",,,"Jun 10, 2009",550,,,,,,,,,,
A29 - Silverstone Metallic II,,NCSW - Black Novillo Leather,,WBSWD93579P362057,,P362057,"MSRP,ZCW,ZPP.3,302,322,403,507,655",,,"Jun 10, 2009",550,,,,,,,,,,
A29 - Silverstone Metallic II,,NCSW - Black Novillo Leather,,WBSWD93599P362058,,P362058,"MSRP,ZPP.3,ZTP,2MT.1,494,507,6FL,653,655,752",,,"Jun 10, 2009",550,,,,,,,,,,
A29 - Silverstone Metallic II,,NCH2 - Fox Red Novillo Leather,,WBSWD93509P362059,,P362059,"MSRP,ZTP,2MK,2MT.1,4MX,653",,,"Jun 12, 2009",550/950,,,,,,,,,,
A30 - Interlagos Blue Metallic,,NCSW - Black Novillo Leather,,WBSWD93579P362060,,P362060,"MSRP,ZPP.3,ZTP,2MK,302,403,494,507,6FL,653,655",,,"Jun 12, 2009",550,,,,,,,,,,
A75 - Melbourne Red Metallic,,NDSW - Black Extended Novillo Leather,,WBSWD93599P362061,,P362061,"MSRP,ZCW,ZPP.3,ZTP,2MK,2MT.1,403,415,507,6FL,6NF,653,655,752",,,"Jun 12, 2009",550/1100,,,,,,,,,,
A30 - Interlagos Blue Metallic,,NCSW - Black Novillo Leather,,WBSWD93509P362062,,P362062,"MSRP,ZCW,ZPP.3,ZTP,2MT.1,507,6FL,6NF,653,655,752",,,"Jun 12, 2009",550,,,,,,,,,,
668 - Jet Black,,GEAT - Anthracite/Black Cloth & Leather,,WBSWD93529P362063,,P362063,"MSRP,2MT.1,4MY,6FL",,,"Jun 12, 2009",,,,,,,,,,,
A52 - Space Gray Metallic,,NCSW - Black Novillo Leather,,WBSWD93549P362064,,P362064,"MSRP,ZPP.3,2MK,2MT.1,6FL",,,"Jun 12, 2009",550,,,,,,,,,,
A29 - Silverstone Metallic II,,NCH1 - Silver Novillo Leather,,WBSWD93569P362065,,P362065,"MSRP,ZPP.3,ZTP,2MK,2MT.1,494,6FL,6NF,653,655,752",,,"Jun 12, 2009",550,,,,,,,,,,
300 - Alpine White,,NDSW - Black Extended Novillo Leather,,WBSWD93589P362066,,P362066,"MSRP,ZPP.3,ZTP,2MK,2MT.1,494,6FL,653,655,752",,,"Jun 12, 2009",1100,,,,,,,,,,
668 - Jet Black,,NCSW - Black Novillo Leather,,WBSWD935X9P362067,,P362067,"MSRP,ZPP.1,ZTP,2MK,2MT.1,403,415,494,6FL,653,655,752",,,"Jun 12, 2009",,,,,,,,,,,
668 - Jet Black,,GEAT - Anthracite/Black Cloth & Leather,,WBSWD93519P362068,,P362068,"MSRP,ZTP,403,415,507,639,6FL,653,655,771",,,"Jun 12, 2009",,,,,,,,,,,
300 - Alpine White,,NCSW - Black Novillo Leather,,WBSWD93539P362069,,P362069,"MSRP,ZPP.1,2MK,2MT.1,223,494,507,609,6FL,653,655,752",,,"Jun 12, 2009",,,,,,,,,,,
300 - Alpine White,,NDH2 - Fox Red Extended Leather,,WBSWD935X9P362070,,P362070,"MSRP,ZCW,ZPP.3,ZTP,2MK,2MT.1,507,6FL,6NF,653,655,752",,,"Jun 12, 2009",1100,,,,,,,,,,
A52 - Space Gray Metallic,,NCSW - Black Novillo Leather,,WBSWD93519P362071,,P362071,"MSRP,ZCW,ZPP.3,ZTP,2MT.1,403,6FL,653,655,752",,,"Jun 15, 2009",550,,,,,,,,,,
A52 - Space Gray Metallic,,NDSW - Black Extended Novillo Leather,,WBSWD93539P362072,,P362072,"MSRP,ZPP.3,ZTP,2MT.1,403,6FL,653,655",,,"Jun 15, 2009",550/1100,,,,,,,,,,
300 - Alpine White,,NCSW - Black Novillo Leather,,WBSWD93559P362073,,P362073,"MSRP,ZPP.3,ZTP,2MK,2MT.1,403,6FL,653,655",,,"Jun 15, 2009",,,,,,,,,,,
300 - Alpine White,,NCH3 - Beige Novillo Leather,,WBSWD93579P362074,,P362074,"MSRP,ZCW,ZPP.2,ZTP,2MK,2MT.1,403,507,6FL,6NF,653",,,"Jun 15, 2009",,,,,,,,,,,
A73 - Jerez Black Metallic,,NDSW - Black Extended Novillo Leather,,WBSWD93599P362075,,P362075,"MSRP,ZCW,ZPP.3,ZTP,2MK,2MT.1,302,415,507,6FL,6NF,653,655,752",,,"Jun 15, 2009",550/1100,,,,,,,,,,
381 - Le Mans Blue Metallic,,NCSW - Black Novillo Leather,,WBSWD93509P362076,,P362076,"MSRP,ZPP.3,ZTP,2MK,2MT.1,302,403,494,507,6FL,6NF,653,655,752",,,"Jun 15, 2009",550,,,,,,,,,,
A73 - Jerez Black Metallic,,NCSW - Black Novillo Leather,,WBSWD93529P362077,,P362077,"MSRP,ZPP.1,2MK,2MT.1,223,403,494,507,6FL,655",,,"Jun 15, 2009",550,,,,,,,,,,
668 - Jet Black,,NCSW - Black Novillo Leather,,WBSWD93549P362078,,P362078,"MSRP,ZPP.3,ZTP,2MK,2MT.1,302,494,6FL,6NF,653,752",,,"Jun 15, 2009",,,,,,,,,,,
668 - Jet Black,,NCSW - Black Novillo Leather,,WBSWD93569P362079,,P362079,"MSRP,ZPP.3,ZTP,2MK,2MT.1,494,507,6FL,6NF,653,655,752",,,"Jun 15, 2009",,,,,,,,,,,
A52 - Space Gray Metallic,,NCSW - Black Novillo Leather,,WBSWD93529P362080,,P362080,"MSRP,ZPP.1,ZTP,2MT.1,494,6FL,653,655,752",,,"Jun 16, 2009",550,,,,,,,,,,
A52 - Space Gray Metallic,,NCSW - Black Novillo Leather,,WBSWD93549P362081,,P362081,"MSRP,ZCW,ZPP.3,2MK,2MT.1,302,322,609,6FL,653,655,752",,,"Jun 16, 2009",550,,,,,,,,,,
A52 - Space Gray Metallic,,NCSW - Black Novillo Leather,,WBSWD93569P362082,,P362082,"MSRP,ZTP,2MK,653,771",,,"Jun 16, 2009",550/950,,,,,,,,,,
A52 - Space Gray Metallic,,NCSW - Black Novillo Leather,,WBSWD93589P362083,,P362083,"MSRP,ZCW,ZPP.3,ZTP,2MK,2MT.1,302,403,507,6FL,6NF,653,752",,,"Jun 16, 2009",550,,,,,,,,,,
300 - Alpine White,,NCSW - Black Novillo Leather,,WBSWD935X9P362084,,P362084,"MSRP,ZPP.3,ZTP,2MK,2MT.1,302,507,6FL,653",,,"Jun 16, 2009",,,,,,,,,,,
300 - Alpine White,,NCSW - Black Novillo Leather,,WBSWD93519P362085,,P362085,"MSRP,ZPP.1,ZTP,2MK,2MT.1,494,507,6FL,653,752",,,"Jun 16, 2009",,,,,,,,,,,
668 - Jet Black,,NCH2 - Fox Red Novillo Leather,,WBSWD93539P362086,,P362086,"MSRP,ZPP.3,ZTP,2MK,2MT.1,302,494,6FL,6NF,653,655,752",,,"Jun 16, 2009",,,,,,,,,,,
300 - Alpine White,,NDH2 - Fox Red Extended Leather,,WBSWD93559P362087,,P362087,"MSRP,ZPP.3,ZTP,2MK,2MT.1,302,6FL,6NF,653,655,752",,,"Jun 16, 2009",1100,,,,,,,,,,
300 - Alpine White,,NCSW - Black Novillo Leather,,WBSWD93579P362088,,P362088,"MSRP,ZPP.3,ZTP,2MK,2MT.1,6FL,653,655",,,"Jun 16, 2009",,,,,,,,,,,
300 - Alpine White,,NCH3 - Beige Novillo Leather,,WBSWD93599P362089,,P362089,"MSRP,ZPP.2,ZTP,2MK,2MT.1,302,403,494,507,6FL,653",,,"Jun 16, 2009",,,,,,,,,,,
A75 - Melbourne Red Metallic,,GEAT - Anthracite/Black Cloth & Leather,,WBSWD93559P362090,,P362090,"MSRP,771",,,"Jun 17, 2009",550,,,,,,,,,,
A29 - Silverstone Metallic II,,NCSW - Black Novillo Leather,,WBSWD93579P362091,,P362091,"MSRP,ZCW,ZPP.3,ZTP,2MK,2MT.1,415,507,6FL,653",,,"Jun 17, 2009",550,,,,,,,,,,
A75 - Melbourne Red Metallic,,NCSW - Black Novillo Leather,,WBSWD93599P362092,,P362092,"MSRP,ZPP.3,ZTP,2MK,2MT.1,302,403,494,507,6FL,6NF,653,655,752",,,"Jun 17, 2009",550,,,,,,,,,,
668 - Jet Black,,NCH2 - Fox Red Novillo Leather,,WBSWD93509P362093,,P362093,"MSRP,ZCW,ZPP.3,ZTP,302,507,653,655,752",,,"Jun 17, 2009",,,,,,,,,,,
A52 - Space Gray Metallic,,NCSW - Black Novillo Leather,,WBSWD93529P362094,,P362094,"MSRP,ZPP.3,ZTP,494,507,6FL,653,655",,,"Jun 18, 2009",550,,,,,,,,,,
381 - Le Mans Blue Metallic,,NCSW - Black Novillo Leather,,WBSWD93549P362095,,P362095,"MSRP,ZPP.1,2MK,2MT.1,494,609,6FL,653,655",,,"Jun 18, 2009",550,,,,,,,,,,
300 - Alpine White,,NCH2 - Fox Red Novillo Leather,,WBSWD93569P362096,,P362096,"MSRP,ZCW,ZPP.3,2MK,302,322,507",,,"Jun 18, 2009",,,,,,,,,,,
300 - Alpine White,,NCH2 - Fox Red Novillo Leather,,WBSWD93589P362097,,P362097,"MSRP,2MT.1,4MY",,,"Jun 18, 2009",950,,,,,,,,,,
668 - Jet Black,,NDSW - Black Extended Novillo Leather,,WBSWD935X9P362098,,P362098,"MSRP,ZPP.3,ZTP,2MK,2MT.1,494,507,6FL,6NF,653,752",,,"Jun 18, 2009",1100,,,,,,,,,,
668 - Jet Black,,NCSW - Black Novillo Leather,,WBSWD93519P362099,,P362099,"MSRP,ZCW,ZPP.3,ZTP,2MK,2MT.1,507,6FL,653,752",,,"Jun 18, 2009",,,,,,,,,,,
300 - Alpine White,,NCSW - Black Novillo Leather,,WBSWD93549P362100,,P362100,"MSRP,ZTP,494,4MY,6FL,653",,,"Jun 18, 2009",950,,,,,,,,,,
A52 - Space Gray Metallic,,NCH1 - Silver Novillo Leather,,WBSWD93569P362101,,P362101,"MSRP,ZPP.3,ZTP,2MK,2MT.1,302,494,6FL,6NF,653,655,752",,,"Jun 18, 2009",550,,,,,,,,,,
A52 - Space Gray Metallic,,NCH1 - Silver Novillo Leather,,WBSWD93589P362102,,P362102,"MSRP,ZPP.2,ZTP,2MK,2MT.1,302,494,6FL,6NF,653,752",,,"Jun 18, 2009",550,,,,,,,,,,
300 - Alpine White,,NCSW - Black Novillo Leather,,WBSWD935X9P362103,,P362103,"MSRP,ZPP.3,ZTP,2MT.1,494,507,6FL,653,655,752",,,"Jun 18, 2009",,,,,,,,,,,
300 - Alpine White,,NDSW - Black Extended Novillo Leather,,WBSWD93519P362104,,P362104,"MSRP,ZPP.3,ZTP,2MK,2MT.1,494,6FL,6NF,653,655,752",,,"Jun 19, 2009",1100,,,,,,,,,,
A73 - Jerez Black Metallic,,NCSW - Black Novillo Leather,,WBSWD93539P362105,,P362105,"MSRP,ZPP.3,ZTP,2MK,2MT.1,6FL,653",,,"Jun 19, 2009",550,,,,,,,,,,
A73 - Jerez Black Metallic,,GEAT - Anthracite/Black Cloth & Leather,,WBSWD93559P362106,,P362106,"MSRP,ZPP.3,ZTP,2MK,2MT.1,302,494,6FL,6NF,653,655,752",,,"Jun 19, 2009",550,,,,,,,,,,
A73 - Jerez Black Metallic,,NCSW - Black Novillo Leather,,WBSWD93579P362107,,P362107,"MSRP,ZPP.3,ZTP,2MK,494,653",,,"Jun 19, 2009",550,,,,,,,,,,
A73 - Jerez Black Metallic,,NCH2 - Fox Red Novillo Leather,,WBSWD93599P362108,,P362108,"MSRP,ZTP,2MK,2MT.1,6FL,653,655,752",,,"Jun 19, 2009",550/950,,,,,,,,,,
381 - Le Mans Blue Metallic,,NCSW - Black Novillo Leather,,WBSWD93509P362109,,P362109,"MSRP,ZCW,ZPP.1,ZTP,2MT.1,403,6FL,653,655,752",,,"Jun 22, 2009",550,,,,,,,,,,
A52 - Space Gray Metallic,,GEAT - Anthracite/Black Cloth & Leather,,WBSWD93579P362110,,P362110,"MSRP,6FL,771",,,"Jun 22, 2009",550,,,,,,,,,,
300 - Alpine White,,GEAT - Anthracite/Black Cloth & Leather,,WBSWD93599P362111,,P362111,"MSRP,2MK,223,494,4MY,507,6FL,655",,,"Jun 22, 2009",,,,,,,,,,,
668 - Jet Black,,NCH1 - Silver Novillo Leather,,WBSWD93509P362112,,P362112,"MSRP,ZPP.3,2MK,609,653",,,"Jun 22, 2009",,,,,,,,,,,
300 - Alpine White,,NCSW - Black Novillo Leather,,WBSWD93529P362113,,P362113,"MSRP,ZTP,2MK,2MT.1,494,4MY,507,6FL,653,752",,,"Jun 22, 2009",950,,,,,,,,,,
668 - Jet Black,,NCH2 - Fox Red Novillo Leather,,WBSWD93549P362114,,P362114,"MSRP,ZPP.1,2MT.1,507",,,"Jun 22, 2009",,,,,,,,,,,
A52 - Space Gray Metallic,,NCH2 - Fox Red Novillo Leather,,WBSWD93569P362115,,P362115,"MSRP,ZPP.3,ZTP,2MK,2MT.1,403,415,507,6FL,653",,,"Jun 22, 2009",550,,,,,,,,,,
668 - Jet Black,,NCSW - Black Novillo Leather,,WBSWD93589P362116,,P362116,"MSRP,ZPP.3,2MT.1,6FL,6NF",,,"Jun 22, 2009",,,,,,,,,,,
300 - Alpine White,,NCH3 - Beige Novillo Leather,,WBSWD935X9P362117,,P362117,"MSRP,ZCW,ZPP.3,ZTP,2MK,2MT.1,403,6FL,653,655,752",,,"Jun 22, 2009",,,,,,,,,,,
300 - Alpine White,,NDH2 - Fox Red Extended Leather,,WBSWD93519P362118,,P362118,"MSRP,ZCW,ZPP.3,ZTP,2MK,2MT.1,403,507,6FL,653,752",,,"Jun 22, 2009",1100,,,,,,,,,,
A52 - Space Gray Metallic,,NDH1 - Silver Novillo Extended Leather,,WBSWD93539P362119,,P362119,"MSRP,ZPP.3,ZTP,2MK,2MT.1,403,415,507,6FL,653,655,752",,,"Jun 23, 2009",550/1100,,,,,,,,,,
300 - Alpine White,,NCH2 - Fox Red Novillo Leather,,WBSWD935X9P362120,,P362120,"MSRP,609,653,771",,,"Jun 23, 2009",950,,,,,,,,,,
A29 - Silverstone Metallic II,,NCSW - Black Novillo Leather,,WBSWD93519P362121,,P362121,"MSRP,2MK,2MT.1,6FL,655,771",,,"Jun 23, 2009",550/950,,,,,,,,,,
A29 - Silverstone Metallic II,,NCSW - Black Novillo Leather,,WBSWD93539P362122,,P362122,"MSRP,ZCW,ZPP.3,2MK,2MT.1,302,322,403",,,"Jun 23, 2009",550,,,,,,,,,,
A29 - Silverstone Metallic II,,NCSW - Black Novillo Leather,,WBSWD93559P362123,,P362123,"MSRP,ZCW,ZPP.1,ZTP,2MK,2MT.1,302,507,6FL,653,655,752",,,"Jun 23, 2009",550,,,,,,,,,,
A52 - Space Gray Metallic,,NCSW - Black Novillo Leather,,WBSWD93579P362124,,P362124,"MSRP,ZPP.3,494,6FL,6NF",,,"Jun 23, 2009",550,,,,,,,,,,
A29 - Silverstone Metallic II,,NDH1 - Silver Novillo Extended Leather,,WBSWD93599P362125,,P362125,"MSRP,ZCW,ZPP.1,ZTP,2MK,2MT.1,302,415,507,6FL,6NF,653,752",,,"Jun 24, 2009",550/1100,,,,,,,,,,
300 - Alpine White,,NCSW - Black Novillo Leather,,WBSWD93509P362126,,P362126,"MSRP,ZPP.1,ZTP,2MK,2MT.1,507,6FL,653,655,752",,,"Jun 24, 2009",,,,,,,,,,,
A73 - Jerez Black Metallic,,NCSW - Black Novillo Leather,,WBSWD93529P362127,,P362127,"MSRP,ZCW,ZPP.3,2MK,302,322,403,415,507,609,6FL,653,655,752",,,"Jun 24, 2009",550,,,,,,,,,,
300 - Alpine White,,NCH2 - Fox Red Novillo Leather,,WBSWD93549P362128,,P362128,"MSRP,ZPP.3,ZTP,6FL,653,752",,,"Jun 24, 2009",,,,,,,,,,,
A52 - Space Gray Metallic,,NDH2 - Fox Red Extended Leather,,WBSWD93569P362129,,P362129,"MSRP,ZCW,ZPP.2,ZTP,2MK,2MT.1,415,507,6FL,6NF,653,655,752",,,"Jun 24, 2009",550/1100,,,,,,,,,,
A73 - Jerez Black Metallic,,NCSW - Black Novillo Leather,,WBSWD93529P362130,,P362130,"MSRP,ZCW,ZPP.1,ZTP,2MK,2MT.1,302,403,6FL,653,655,752",,,"Jun 24, 2009",550,,,,,,,,,,
668 - Jet Black,,NCSW - Black Novillo Leather,,WBSWD93549P362131,,P362131,"MSRP,ZCW,ZPP.3,2MK,2MT.1,302,322,403,507,609,6FL,653",,,"Jun 24, 2009",,,,,,,,,,,
A52 - Space Gray Metallic,,NDSW - Black Extended Novillo Leather,,WBSWD93569P362132,,P362132,"MSRP,ZCW,ZPP.2,ZTP,2MK,2MT.1,302,507,6FL,6NF,653,655,752",,,"Jun 25, 2009",550/1100,,,,,,,,,,
300 - Alpine White,,NDSW - Black Extended Novillo Leather,,WBSWD93589P362133,,P362133,"MSRP,ZCW,ZPP.3,ZTP,2MK,2MT.1,302,403,415,6FL,6NF,653,752",,,"Jun 25, 2009",1100,,,,,,,,,,
A52 - Space Gray Metallic,,NCSW - Black Novillo Leather,,WBSWD935X9P362134,,P362134,"MSRP,ZTP,2MK,2MT.1,403,415,4MX,6FL,6NF,653,655,752",,,"Jun 25, 2009",550/950,,,,,,,,,,
300 - Alpine White,,NCSW - Black Novillo Leather,,WBSWD93519P362135,,P362135,"MSRP,ZPP.3,ZTP,2MK,302,403,494,507,6FL,653,752",,,"Jun 25, 2009",,,,,,,,,,,
300 - Alpine White,,NCH2 - Fox Red Novillo Leather,,WBSWD93539P362136,,P362136,"MSRP,ZTP,2MK,2MT.1,494,4MX,6FL,653",,,"Jun 25, 2009",950,,,,,,,,,,
A73 - Jerez Black Metallic,,NDSW - Black Extended Novillo Leather,,WBSWD93559P362137,,P362137,"MSRP,ZCW,ZPP.3,ZTP,2MT.1,302,507,6FL,6NF,653,655,752",,,"Jun 25, 2009",550/1100,,,,,,,,,,
300 - Alpine White,,NCH2 - Fox Red Novillo Leather,,WBSWD93579P362138,,P362138,"MSRP,ZCW,ZPP.2,2MT.1,302,322,415,507,609,6FL,653,655,752",,,"Jun 25, 2009",,,,,,,,,,,
668 - Jet Black,,NCSW - Black Novillo Leather,,WBSWD93599P362139,,P362139,"MSRP,ZCW,ZPP.3,ZTP,2MK,2MT.1,302,403,507,6FL,6NF,653,655,752",,,"Jun 25, 2009",,,,,,,,,,,
300 - Alpine White,,NCSW - Black Novillo Leather,,WBSWD93559P362140,,P362140,"MSRP,ZCW,ZPP.3,2MT.1,302,322,415,507,609,6FL,653,655,752",,,"Jun 26, 2009",,,,,,,,,,,
300 - Alpine White,,NCSW - Black Novillo Leather,,WBSWD93579P362141,,P362141,"MSRP,ZTP,2MT.1,4MY,653",,,"Jun 26, 2009",950,,,,,,,,,,
A73 - Jerez Black Metallic,,NCH2 - Fox Red Novillo Leather,,WBSWD93599P362142,,P362142,"MSRP,2MK,2MT.1,223,403,494,4MY,6FL",,,"Jun 26, 2009",550/950,,,,,,,,,,
A75 - Melbourne Red Metallic,,NCSW - Black Novillo Leather,,WBSWD93509P362143,,P362143,"MSRP,ZPP.3,2MT.1,223",,,"Jun 26, 2009",550,,,,,,,,,,
A30 - Interlagos Blue Metallic,,NDH1 - Silver Novillo Extended Leather,,WBSWD93529P362144,,P362144,"MSRP,ZCW,ZPP.3,ZTP,2MT.1,302,653",,,"Jun 26, 2009",550/1100,,,,,,,,,,
A75 - Melbourne Red Metallic,,NDSW - Black Extended Novillo Leather,,WBSWD93549P362145,,P362145,"MSRP,ZCW,ZPP.1,ZTP,2MT.1,302,415,507,6FL,653,655,752",,,"Jun 26, 2009",550/1100,,,,,,,,,,
A75 - Melbourne Red Metallic,,NCH2 - Fox Red Novillo Leather,,WBSWD93569P362146,,P362146,"MSRP,ZCW,ZPP.2,ZTP,2MT.1,653,655,752",,,"Jun 26, 2009",550,,,,,,,,,,
300 - Alpine White,,NCH2 - Fox Red Novillo Leather,,WBSWD93589P362147,,P362147,"MSRP,ZPP.3,ZTP,2MT.1,302,494,6FL,653",,,"Jun 26, 2009",,,,,,,,,,,
A30 - Interlagos Blue Metallic,,NCH2 - Fox Red Novillo Leather,,WBSWD935X9P362148,,P362148,"MSRP,ZCW,ZPP.3,ZTP,302,6FL,653,655,752",,,"Jun 29, 2009",550,,,,,,,,,,
300 - Alpine White,,NCH2 - Fox Red Novillo Leather,,WBSWD93519P362149,,P362149,"MSRP,ZPP.3,ZTP,2MK,2MT.1,6FL,653",,,"Jun 29, 2009",,,,,,,,,,,
A52 - Space Gray Metallic,,NCH2 - Fox Red Novillo Leather,,WBSWD93589P362150,,P362150,"MSRP,ZPP.2,ZTP,2MK,302,403,415,6FL,653,752",,,"Jun 29, 2009",550,,,,,,,,,,
A52 - Space Gray Metallic,,NCH2 - Fox Red Novillo Leather,,WBSWD935X9P362151,,P362151,"MSRP,ZCW,ZPP.3,ZTP,2MK,507,6FL,653,655,752",,,"Jun 29, 2009",550,,,,,,,,,,
668 - Jet Black,,NCSW - Black Novillo Leather,,WBSWD93519P362152,,P362152,"MSRP,ZPP.3,ZTP,2MK,2MT.1,6FL,653,655,752",,,"Jun 29, 2009",,,,,,,,,,,
300 - Alpine White,,NCH3 - Beige Novillo Leather,,WBSWD93539P362153,,P362153,"MSRP,ZCW,ZPP.2,2MT.1,302,322,415,507,6FL,655,752",,,"Jun 29, 2009",,,,,,,,,,,
300 - Alpine White,,NCSW - Black Novillo Leather,,WBSWD93559P362154,,P362154,"MSRP,ZCW,ZPP.3,2MT.1,302,322,403,415,507,609,6FL,653,655,752",,,"Jun 29, 2009",,,,,,,,,,,
A52 - Space Gray Metallic,,NCSW - Black Novillo Leather,,WBSWD93579P362155,,P362155,"MSRP,ZCW,ZPP.1,2MK,2MT.1,223,302,322,415,507,6FL,655,752",,,"Jun 29, 2009",550,,,,,,,,,,
A52 - Space Gray Metallic,,NDH1 - Silver Novillo Extended Leather,,WBSWD93599P362156,,P362156,"MSRP,ZCW,ZPP.1,ZTP,2MT.1,302,403,507,653,655,752",,,"Jun 29, 2009",550/1100,,,,,,,,,,
300 - Alpine White,,NCSW - Black Novillo Leather,,WBSWD93509P362157,,P362157,"MSRP,ZPP.3,ZTP,2MK,2MT.1,494,507,6FL,6NF,653,655,752",,,"Jun 29, 2009",,,,,,,,,,,
A52 - Space Gray Metallic,,NCH2 - Fox Red Novillo Leather,,WBSWD93529P362158,,P362158,"MSRP,ZCW,ZPP.3,2MK,2MT.1,302,322,6FL,655,752",,,"Jun 29, 2009",550,,,,,,,,,,
300 - Alpine White,,NCH2 - Fox Red Novillo Leather,,WBSWD93549P362159,,P362159,"MSRP,ZCW,ZPP.3,ZTP,2MT.1,302,507,6FL,653,655,752",,,"Jun 30, 2009",,,,,,,,,,,
300 - Alpine White,,NDSW - Black Extended Novillo Leather,,WBSWD93509P362160,,P362160,"MSRP,ZCW,ZPP.3,ZTP,2MK,2MT.1,302,415,507,6FL,653,655,752",,,"Jun 30, 2009",1100,,,,,,,,,,
300 - Alpine White,,NDH2 - Fox Red Extended Leather,,WBSWD93529P362161,,P362161,"MSRP,ZCW,ZPP.1,ZTP,2MT.1,302,6FL,653,655,752",,,"Jun 30, 2009",1100,,,,,,,,,,
300 - Alpine White,,NCH2 - Fox Red Novillo Leather,,WBSWD93549P362162,,P362162,"MSRP,ZCW,ZPP.3,ZTP,2MK,2MT.1,507,6FL,653,752,863",,,"Jun 30, 2009",,,,,,,,,,,
A52 - Space Gray Metallic,,NCSW - Black Novillo Leather,,WBSWD93569P362163,,P362163,"MSRP,ZPP.3,ZTP,2MK,2MT.1,302,415,507,6FL,653,752,863",,,"Jul 1, 2009",550,,,,,,,,,,
381 - Le Mans Blue Metallic,,NCH1 - Silver Novillo Leather,,WBSWD93589P362164,,P362164,"MSRP,ZCW,ZPP.3,ZTP,2MK,403,507,653,863",,,"Jul 1, 2009",550,,,,,,,,,,
A75 - Melbourne Red Metallic,,NCSW - Black Novillo Leather,,WBSWD935X9P362165,,P362165,"MSRP,ZPP.1,ZTP,2MK,2MT.1,302,415,494,507,6FL,6NF,653",,,"Jul 2, 2009",550,,,,,,,,,,
A75 - Melbourne Red Metallic,,NCSW - Black Novillo Leather,,WBSWD93519P362166,,P362166,"MSRP,ZCW,ZPP.3,ZTP,2MT.1,403,507,6FL,6NF,653,655,752,863",,,"Jul 2, 2009",550,,,,,,,,,,
668 - Jet Black,,NCSW - Black Novillo Leather,,WBSWD93539P362167,,P362167,"MSRP,ZPP.3,ZTP,2MK,2MT.1,403,494,6FL,653,655,752",,,"Jul 3, 2009",,,,,,,,,,,
A73 - Jerez Black Metallic,,NCSW - Black Novillo Leather,,WBSWD93559P362168,,P362168,"MSRP,ZPP.3,2MK,6FL",,,"Jul 3, 2009",550,,,,,,,,,,
668 - Jet Black,,NCSW - Black Novillo Leather,,WBSWD93579P362169,,P362169,"MSRP,ZPP.3,ZTP,2MK,2MT.1,494,507,6FL,6NF,653,655,752",,,"Jul 3, 2009",,,,,,,,,,,
668 - Jet Black,,NCSW - Black Novillo Leather,,WBSWD93539P362170,,P362170,"MSRP,ZPP.1,ZTP,2MK,2MT.1,494,507,6FL,653,752",,,"Jul 3, 2009",,,,,,,,,,,
A75 - Melbourne Red Metallic,,NDSW - Black Extended Novillo Leather,,WBSWD93559P362171,,P362171,"MSRP,ZPP.3,ZTP,2MK,2MT.1,302,507,6FL,653,752",,,"Jul 3, 2009",550/1100,,,,,,,,,,
668 - Jet Black,,NCSW - Black Novillo Leather,,WBSWD93579P362172,,P362172,"MSRP,ZPP.3,ZTP,2MK,2MT.1,403,6FL,653,655,752",,,"Jul 3, 2009",,,,,,,,,,,
A73 - Jerez Black Metallic,,NCSW - Black Novillo Leather,,WBSWD93599P362173,,P362173,"MSRP,ZPP.3,ZTP,2MK,2MT.1,403,494,6FL,653,655",,,"Jul 3, 2009",550,,,,,,,,,,
A73 - Jerez Black Metallic,,NCSW - Black Novillo Leather,,WBSWD93509P362174,,P362174,"MSRP,ZPP.3,ZTP,2MK,2MT.1,6FL,653,655",,,"Jul 3, 2009",550,,,,,,,,,,
A73 - Jerez Black Metallic,,NCSW - Black Novillo Leather,,WBSWD93529P362175,,P362175,"MSRP,ZPP.3,ZTP,2MK,2MT.1,302,415,494,507,6FL,6NF,653,655,752",,,"Jul 3, 2009",550,,,,,,,,,,
A73 - Jerez Black Metallic,,NCSW - Black Novillo Leather,,WBSWD93549P362176,,P362176,"MSRP,ZCW,ZPP.3,ZTP,2MT.1,302,403,653",,,"Jul 3, 2009",550,,,,,,,,,,
300 - Alpine White,,NCSW - Black Novillo Leather,,WBSWD93569P362177,,P362177,"MSRP,ZCW,ZPP.3,ZTP,2MT.1,302,403,6FL,653,655,752",,,"Jul 8, 2009",,,,,,,,,,,
300 - Alpine White,,NCSW - Black Novillo Leather,,WBSWD93589P362178,,P362178,"MSRP,ZPP.3,ZTP,2MK,2MT.1,302,6FL,653",,,"Jul 8, 2009",,,,,,,,,,,
300 - Alpine White,,GEAT - Anthracite/Black Cloth & Leather,,WBSWD935X9P362179,,P362179,"MSRP,639,6FL,771",,,"Jul 3, 2009",,,,,,,,,,,
668 - Jet Black,,NCH2 - Fox Red Novillo Leather,,WBSWD93569P362180,,P362180,"MSRP,ZPP.1,ZTP,2MK,2MT.1,494,6FL,653,752",,,"Jul 3, 2009",,,,,,,,,,,
381 - Le Mans Blue Metallic,,NDSW - Black Extended Novillo Leather,,WBSWD93589P362181,,P362181,"MSRP,ZCW,ZPP.3,ZTP,2MK,507,6FL,653,655,752",,,"Jul 3, 2009",550/1100,,,,,,,,,,
300 - Alpine White,,NCSW - Black Novillo Leather,,WBSWD935X9P362182,,P362182,"MSRP,ZCW,ZPP.3,2MK,2MT.1,322,609,6FL,653,655",,,"Jul 3, 2009",,,,,,,,,,,
381 - Le Mans Blue Metallic,,NCH3 - Beige Novillo Leather,,WBSWD93519P362183,,P362183,"MSRP,2MT.1,403,494,771",,,"Jul 6, 2009",550/950,,,,,,,,,,
A52 - Space Gray Metallic,,NCSW - Black Novillo Leather,,WBSWD93539P362184,,P362184,"MSRP,ZCW,ZPP.3,ZTP,2MK,2MT.1,302,403,415,507,6FL,6NF,653,655,752",,,"Jul 6, 2009",550,,,,,,,,,,
A29 - Silverstone Metallic II,,NDH2 - Fox Red Extended Leather,,WBSWD93559P362185,,P362185,"MSRP,ZPP.1,ZTP,2MT.1,403,494,507,6FL,653,752,863",,,"Jul 6, 2009",550/1100,,,,,,,,,,
668 - Jet Black,,NCH2 - Fox Red Novillo Leather,,WBSWD93579P362186,,P362186,"MSRP,ZCW,ZPP.3,ZTP,2MK,2MT.1,6FL,653,655,752",,,"Jul 6, 2009",,,,,,,,,,,
300 - Alpine White,,NCSW - Black Novillo Leather,,WBSWD93599P362187,,P362187,"MSRP,ZPP.3,2MK,2MT.1,6FL",,,"Jul 6, 2009",,,,,,,,,,,
A73 - Jerez Black Metallic,,NCSW - Black Novillo Leather,,WBSWD93509P362188,,P362188,"MSRP,ZCW,ZPP.1,ZTP,2MK,2MT.1,6FL,6NF,653",,,"Jul 6, 2009",550,,,,,,,,,,
668 - Jet Black,,NCSW - Black Novillo Leather,,WBSWD93529P362189,,P362189,"MSRP,ZPP.3,ZTP,403,415,507,6FL,653,655,752",,,"Jul 6, 2009",,,,,,,,,,,
A52 - Space Gray Metallic,,NCH2 - Fox Red Novillo Leather,,WBSWD93599P362190,,P362190,"MSRP,ZPP.2,ZTP,2MK,2MT.1,6FL,653,752",,,"Jul 6, 2009",550,,,,,,,,,,
A52 - Space Gray Metallic,,NDH2 - Fox Red Extended Leather,,WBSWD93509P362191,,P362191,"MSRP,ZTP,2MT.1,494,4MY,507,6FL,653,655,752",,,"Jul 6, 2009",550/2000,,,,,,,,,,
A52 - Space Gray Metallic,,NCSW - Black Novillo Leather,,WBSWD93529P362192,,P362192,"MSRP,ZPP.3,ZTP,2MK,2MT.1,403,6FL,653,655,752",,,"Jul 6, 2009",550,,,,,,,,,,
A52 - Space Gray Metallic,,NDH2 - Fox Red Extended Leather,,WBSWD93549P362193,,P362193,"MSRP,ZPP.2,ZTP,2MK,2MT.1,403,415,6FL,6NF,653,752",,,"Jul 6, 2009",550/1100,,,,,,,,,,
300 - Alpine White,,NCSW - Black Novillo Leather,,WBSWD93569P362194,,P362194,"MSRP,ZPP.3,ZTP,2MK,2MT.1,494,507,6FL,6NF,653,655,752",,,"Jul 7, 2009",,,,,,,,,,,
300 - Alpine White,,NCSW - Black Novillo Leather,,WBSWD93589P362195,,P362195,"MSRP,ZPP.1,ZTP,2MK,2MT.1,653,655",,,"Jul 7, 2009",,,,,,,,,,,
300 - Alpine White,,NCSW - Black Novillo Leather,,WBSWD935X9P362196,,P362196,"MSRP,ZPP.3,ZTP,2MK,2MT.1,494,507,6FL,6NF,653,752",,,"Jul 7, 2009",,,,,,,,,,,
300 - Alpine White,,NCSW - Black Novillo Leather,,WBSWD93519P362197,,P362197,"MSRP,ZPP.3,ZTP,2MK,2MT.1,403,6FL,653,752",,,"Jul 7, 2009",,,,,,,,,,,
668 - Jet Black,,NDSW - Black Extended Novillo Leather,,WBSWD93539P362198,,P362198,"MSRP,ZPP.3,ZTP,2MT.1,403,494,507,6FL,653,863",,,"Jul 7, 2009",1100,,,,,,,,,,
300 - Alpine White,,NCH2 - Fox Red Novillo Leather,,WBSWD93559P362199,,P362199,"MSRP,ZPP.3,ZTP,2MK,2MT.1,302,403,507,6FL,653,655,752",,,"Jul 7, 2009",,,,,,,,,,,
300 - Alpine White,,NCSW - Black Novillo Leather,,WBSWD93589P362200,,P362200,"MSRP,ZPP.3,ZTP,2MK,2MT.1,403,494,6FL,653,655",,,"Jul 7, 2009",,,,,,,,,,,
A52 - Space Gray Metallic,,NCH2 - Fox Red Novillo Leather,,WBSWD935X9P362201,,P362201,"MSRP,ZCW,ZTP,2MK,2MT.1,403,653,752,771",,,"Jul 7, 2009",550/950,,,,,,,,,,
300 - Alpine White,,NCSW - Black Novillo Leather,,WBSWD93519P362202,,P362202,"MSRP,ZPP.3,ZTP,2MK,2MT.1,403,494,6FL,653,655,752",,,"Jul 7, 2009",,,,,,,,,,,
300 - Alpine White,,NCSW - Black Novillo Leather,,WBSWD93539P362203,,P362203,"MSRP,ZPP.1,ZTP,2MT.1,403,494,6FL,6NF,653,655",,,"Jul 7, 2009",,,,,,,,,,,
300 - Alpine White,,NCSW - Black Novillo Leather,,WBSWD93559P362204,,P362204,"MSRP,ZPP.1,403,609,653,752",,,"Jul 7, 2009",,,,,,,,,,,
300 - Alpine White,,NCSW - Black Novillo Leather,,WBSWD93579P362205,,P362205,"MSRP,ZPP.3,ZTP,2MK,2MT.1,302,403,507,6FL,653,655,752",,,"Jul 7, 2009",,,,,,,,,,,
300 - Alpine White,,NCSW - Black Novillo Leather,,WBSWD93599P362206,,P362206,"MSRP,ZPP.3,ZTP,2MK,2MT.1,302,494,507,6FL,6NF,653,655,752",,,"Jul 7, 2009",,,,,,,,,,,
A52 - Space Gray Metallic,,NCSW - Black Novillo Leather,,WBSWD93509P362207,,P362207,"MSRP,ZPP.3,ZTP,2MK,2MT.1,403,494,6FL,653,655,752",,,"Jul 7, 2009",550,,,,,,,,,,
A52 - Space Gray Metallic,,NCSW - Black Novillo Leather,,WBSWD93529P362208,,P362208,"MSRP,ZCW,ZPP.3,ZTP,2MT.1,403,507,6FL,653,655,752",,,"Jul 7, 2009",550,,,,,,,,,,
668 - Jet Black,,NDH2 - Fox Red Extended Leather,,WBSWD93549P362209,,P362209,"MSRP,ZPP.3,ZTP,2MT.1,302,415,494,6FL,653,655,752",,,"Jul 7, 2009",1100,,,,,,,,,,
A52 - Space Gray Metallic,,NDSW - Black Extended Novillo Leather,,WBSWD93509P362210,,P362210,"MSRP,ZCW,ZPP.3,ZTP,2MK,2MT.1,415,507,6FL,6NF,653,655,752",,,"Jul 7, 2009",550/1100,,,,,,,,,,
A52 - Space Gray Metallic,,NDH2 - Fox Red Extended Leather,,WBSWD93529P362211,,P362211,"MSRP,ZPP.3,ZTP,2MK,2MT.1,302,415,507,6FL,6NF,653,655,752",,,"Jul 8, 2009",550/1100,,,,,,,,,,
300 - Alpine White,,NCSW - Black Novillo Leather,,WBSWD93549P362212,,P362212,"MSRP,ZPP.3,ZTP,2MK,2MT.1,507,6FL,653,752",,,"Jul 8, 2009",,,,,,,,,,,
A30 - Interlagos Blue Metallic,,NCH1 - Silver Novillo Leather,,WBSWD93569P362213,,P362213,"MSRP,ZPP.2,ZTP,2MK,2MT.1,507,6FL,6NF,653",,,"Jul 8, 2009",550,,,,,,,,,,
300 - Alpine White,,NCSW - Black Novillo Leather,,WBSWD93589P362214,,P362214,"MSRP,ZPP.3,ZTP,2MK,2MT.1,302,494,507,6FL,653,655,752",,,"Jul 8, 2009",,,,,,,,,,,
300 - Alpine White,,NCSW - Black Novillo Leather,,WBSWD935X9P362215,,P362215,"MSRP,ZPP.1,ZTP,2MK,302,494,6FL,6NF,653,752",,,"Jul 8, 2009",,,,,,,,,,,
300 - Alpine White,,NCSW - Black Novillo Leather,,WBSWD93519P362216,,P362216,"MSRP,ZPP.3,ZTP,2MK,2MT.1,302,494,6FL,6NF,653,752",,,"Jul 8, 2009",,,,,,,,,,,
300 - Alpine White,,NCSW - Black Novillo Leather,,WBSWD93539P362217,,P362217,"MSRP,ZPP.3,ZTP,2MK,2MT.1,302,494,507,6FL,6NF,653,655,752",,,"Jul 9, 2009",,,,,,,,,,,
300 - Alpine White,,NCSW - Black Novillo Leather,,WBSWD93559P362218,,P362218,"MSRP,ZPP.3,ZTP,2MK,2MT.1,302,415,494,6FL,6NF,653,655",,,"Jul 9, 2009",,,,,,,,,,,
A73 - Jerez Black Metallic,,NCSW - Black Novillo Leather,,WBSWD93579P362219,,P362219,"MSRP,ZCW,ZPP.2,ZTP,2MK,2MT.1,507,6FL,653,655",,,"Jul 9, 2009",550,,,,,,,,,,
A73 - Jerez Black Metallic,,NCSW - Black Novillo Leather,,WBSWD93539P362220,,P362220,"MSRP,ZPP.2,ZTP,2MK,302,403,415,494,507,6FL,6NF,653,655",,,"Jul 9, 2009",550,,,,,,,,,,
A52 - Space Gray Metallic,,NCSW - Black Novillo Leather,,WBSWD93559P362221,,P362221,"MSRP,ZCW,ZPP.3,ZTP,2MT.1,302,507,6FL,6NF,653,655,752",,,"Jul 9, 2009",550,,,,,,,,,,
A73 - Jerez Black Metallic,,NCH2 - Fox Red Novillo Leather,,WBSWD93579P362222,,P362222,"MSRP,ZPP.1,ZTP,2MK,507,6FL,6NF,653,655,752",,,"Jul 9, 2009",550,,,,,,,,,,
300 - Alpine White,,NDSW - Black Extended Novillo Leather,,WBSWD93599P362223,,P362223,"MSRP,ZPP.3,ZTP,2MK,2MT.1,302,507,6FL,6NF,653,752",,,"Jul 9, 2009",1100,,,,,,,,,,
A73 - Jerez Black Metallic,,NCSW - Black Novillo Leather,,WBSWD93509P362224,,P362224,"MSRP,ZPP.3,ZTP,2MK,2MT.1,403,494,6FL,653,655",,,"Jul 9, 2009",550,,,,,,,,,,
A73 - Jerez Black Metallic,,NCSW - Black Novillo Leather,,WBSWD93529P362225,,P362225,"MSRP,ZPP.3,2MT.1,403,6FL",,,"Jul 9, 2009",550,,,,,,,,,,
A29 - Silverstone Metallic II,,NCSW - Black Novillo Leather,,WBSWD93549P362226,,P362226,"MSRP,ZPP.3,2MT.1,223,302,403,494,507,6FL,6NF,655",,,"Jul 9, 2009",550,,,,,,,,,,
300 - Alpine White,,NDH2 - Fox Red Extended Leather,,WBSWD93569P362227,,P362227,"MSRP,ZCW,ZPP.3,ZTP,302,415,507,653",,,"Jul 9, 2009",1100,,,,,,,,,,
A73 - Jerez Black Metallic,,NCSW - Black Novillo Leather,,WBSWD93589P362228,,P362228,"MSRP,ZPP.3,ZTP,2MK,2MT.1,403,494,6FL,653,655,752",,,"Jul 10, 2009",550,,,,,,,,,,
300 - Alpine White,,NCSW - Black Novillo Leather,,WBSWD935X9P362229,,P362229,"MSRP,ZTP,2MT.1,639,6FL,6NF,653,771,863",,,"Jul 10, 2009",950,,,,,,,,,,
A73 - Jerez Black Metallic,,NCH2 - Fox Red Novillo Leather,,WBSWD93569P362230,,P362230,"MSRP,ZPP.3,ZTP,2MK,2MT.1,403,494,6FL,6NF,653,655,752",,,"Jul 10, 2009",550,,,,,,,,,,
A29 - Silverstone Metallic II,,NCSW - Black Novillo Leather,,WBSWD93589P362231,,P362231,"MSRP,ZCW,ZPP.1,ZTP,2MK,2MT.1,403,6FL,6NF,653,655",,,"Jul 10, 2009",550,,,,,,,,,,
A75 - Melbourne Red Metallic,,NCSW - Black Novillo Leather,,WBSWD935X9P362232,,P362232,"MSRP,ZPP.3,ZTP,2MK,2MT.1,494,6FL,653,752",,,"Jul 10, 2009",550,,,,,,,,,,
A29 - Silverstone Metallic II,,NCSW - Black Novillo Leather,,WBSWD93519P362233,,P362233,"MSRP,ZPP.1,ZTP,2MK,2MT.1,302,507,6FL,653,752",,,"Jul 10, 2009",550,,,,,,,,,,
668 - Jet Black,,NCSW - Black Novillo Leather,,WBSWD93539P362234,,P362234,"MSRP,ZPP.1,2MK,2MT.1,6FL",,,"Jul 10, 2009",,,,,,,,,,,
A52 - Space Gray Metallic,,NCSW - Black Novillo Leather,,WBSWD93559P362235,,P362235,"MSRP,ZPP.3,ZTP,2MK,2MT.1,494,507,6FL,6NF,653,752",,,"Jul 10, 2009",550,,,,,,,,,,
300 - Alpine White,,NDSW - Black Extended Novillo Leather,,WBSWD93579P362236,,P362236,"MSRP,ZCW,ZPP.3,ZTP,2MK,2MT.1,302,403,415,507,6FL,6NF,653,655,752",,,"Jul 10, 2009",1100,,,,,,,,,,
300 - Alpine White,,NCSW - Black Novillo Leather,,WBSWD93599P362237,,P362237,"MSRP,ZPP.3,ZTP,2MK,2MT.1,494,507,6FL,653,655,752",,,"Jul 10, 2009",,,,,,,,,,,
381 - Le Mans Blue Metallic,,NCH3 - Beige Novillo Leather,,WBSWD93509P362238,,P362238,"MSRP,ZCW,ZPP.2,223,403,415,507,6FL,6NF,653,655",,,"Jul 12, 2009",550,,,,,,,,,,
B23 - Unknown Paint Code,,NCH3 - Beige Novillo Leather,,WBSWD93529P362239,,P362239,"MSRP,302,403",,,"Jul 10, 2009",950,,,,,,,,,,
668 - Jet Black,,NCSW - Black Novillo Leather,,WBSWD93599P362240,,P362240,"MSRP,ZCW,ZPP.3,ZTP,2MT.1,403,653,655,752",,,"Jul 13, 2009",,,,,,,,,,,
668 - Jet Black,,NCSW - Black Novillo Leather,,WBSWD93509P362241,,P362241,"MSRP,ZPP.3,ZTP,2MK,2MT.1,302,403,415,6FL,6NF,653,752",,,"Jul 13, 2009",,,,,,,,,,,
668 - Jet Black,,NCSW - Black Novillo Leather,,WBSWD93529P362242,,P362242,"MSRP,ZPP.1,ZTP,2MK,2MT.1,302,6FL,653,752",,,"Jul 13, 2009",,,,,,,,,,,
A52 - Space Gray Metallic,,NCH2 - Fox Red Novillo Leather,,WBSWD93549P362243,,P362243,"MSRP,ZCW,ZPP.3,2MT.1,302,322,6FL,655,752",,,"Jul 13, 2009",550,,,,,,,,,,
A52 - Space Gray Metallic,,NCSW - Black Novillo Leather,,WBSWD93569P362244,,P362244,"MSRP,ZCW,ZPP.3,ZTP,2MK,2MT.1,6FL,653,752",,,"Jul 13, 2009",550,,,,,,,,,,
668 - Jet Black,,NCH3 - Beige Novillo Leather,,WBSWD93589P362245,,P362245,"MSRP,ZPP.3,ZTP,2MK,2MT.1,494,507,6FL,6NF,653,655,752",,,"Jul 13, 2009",,,,,,,,,,,
A52 - Space Gray Metallic,,NCH1 - Silver Novillo Leather,,WBSWD935X9P362246,,P362246,"MSRP,ZPP.2,ZTP,2MK,2MT.1,302,494,507,6FL,6NF,653,655,752",,,"Jul 13, 2009",550,,,,,,,,,,
A52 - Space Gray Metallic,,NCSW - Black Novillo Leather,,WBSWD93519P362247,,P362247,"MSRP,ZPP.2,ZTP,2MK,2MT.1,302,494,507,6FL,6NF,653,655,752",,,"Jul 13, 2009",550,,,,,,,,,,
A52 - Space Gray Metallic,,NCH1 - Silver Novillo Leather,,WBSWD93539P362248,,P362248,"MSRP,ZPP.3,ZTP,2MK,2MT.1,403,494,6FL,653,655",,,"Jul 13, 2009",550,,,,,,,,,,
A52 - Space Gray Metallic,,NDSW - Black Extended Novillo Leather,,WBSWD93559P362249,,P362249,"MSRP,ZCW,ZPP.3,ZTP,2MK,2MT.1,302,415,6FL,6NF,653,655,752",,,"Jul 14, 2009",550/1100,,,,,,,,,,
300 - Alpine White,,NCSW - Black Novillo Leather,,WBSWD93519P362250,,P362250,"MSRP,ZPP.3,ZTP,2MK,2MT.1,302,6FL,653,752",,,"Jul 14, 2009",,,,,,,,,,,
A52 - Space Gray Metallic,,NDH1 - Silver Novillo Extended Leather,,WBSWD93539P362251,,P362251,"MSRP,ZPP.2,ZTP,2MK,2MT.1,403,494,6FL,6NF,653,752",,,"Jul 14, 2009",550/1100,,,,,,,,,,
A73 - Jerez Black Metallic,,NCSW - Black Novillo Leather,,WBSWD9C5XAP362252,,P362252,"MSRP,ZCW,ZPP.3,ZTP,2MT.1,403,507,6FL,655,752",,,"Jul 27, 2009",550,,,,,,,,,,
300 - Alpine White,,NCSW - Black Novillo Leather,,WBSWD93579P362253,,P362253,"MSRP,ZPP.3,2MK,2MT.1,403,6FL,655",,,"Jul 14, 2009",,,,,,,,,,,
A73 - Jerez Black Metallic,,NCSW - Black Novillo Leather,,WBSWD93599P362254,,P362254,"MSRP,ZCW,ZPP.3,ZTP,2MK,2MT.1,302,507,6FL,653,655,752",,,"Jul 14, 2009",550,,,,,,,,,,
A73 - Jerez Black Metallic,,NCSW - Black Novillo Leather,,WBSWD93509P362255,,P362255,"MSRP,ZCW,ZPP.3,ZTP,2MK,2MT.1,302,403,415,507,6FL,653,655,752",,,"Jul 14, 2009",550,,,,,,,,,,
A52 - Space Gray Metallic,,NCSW - Black Novillo Leather,,WBSWD93529P362256,,P362256,"MSRP,ZPP.3,ZTP,2MK,2MT.1,403,507,6FL,6NF,653,752",,,"Jul 15, 2009",550,,,,,,,,,,
300 - Alpine White,,NCSW - Black Novillo Leather,,WBSWD93549P362257,,P362257,"MSRP,ZPP.3,2MK,2MT.1,322,609,6FL,653,655",,,"Jul 15, 2009",,,,,,,,,,,
300 - Alpine White,,NDSW - Black Extended Novillo Leather,,WBSWD93569P362258,,P362258,"MSRP,ZPP.3,ZTP,2MK,2MT.1,494,507,6FL,653,655,752",,,"Jul 15, 2009",1100,,,,,,,,,,
300 - Alpine White,,NCH2 - Fox Red Novillo Leather,,WBSWD93589P362259,,P362259,"MSRP,ZPP.3,403,609,6FL,653,752",,,"Jul 15, 2009",,,,,,,,,,,
300 - Alpine White,,NCSW - Black Novillo Leather,,WBSWD93549P362260,,P362260,"MSRP,ZPP.3,2MK,2MT.1,322,494,507,609,6FL,653,752",,,"Jul 15, 2009",,,,,,,,,,,
300 - Alpine White,,NDH2 - Fox Red Extended Leather,,WBSWD93569P362261,,P362261,"MSRP,ZCW,ZPP.3,ZTP,2MK,2MT.1,302,415,507,6FL,653,655,752",,,"Jul 15, 2009",1100,,,,,,,,,,
A29 - Silverstone Metallic II,,NCSW - Black Novillo Leather,,WBSWD93589P362262,,P362262,"MSRP,ZCW,ZPP.1,ZTP,2MK,2MT.1,507,6FL,653,655",,,"Jul 16, 2009",550,,,,,,,,,,
A30 - Interlagos Blue Metallic,,NDH1 - Silver Novillo Extended Leather,,WBSWD935X9P362263,,P362263,"MSRP,ZPP.1,ZTP,2MK,2MT.1,494,507,653,655,752",,,"Jul 16, 2009",550/1100,,,,,,,,,,
A52 - Space Gray Metallic,,NDH3 - Beige Novillo Extended Leather,,WBSWD93519P362264,,P362264,"MSRP,ZPP.2,ZTP,2MK,2MT.1,302,403,494,507,6FL,653",,,"Jul 16, 2009",550/1100,,,,,,,,,,
A30 - Interlagos Blue Metallic,,NDSW - Black Extended Novillo Leather,,WBSWD93539P362265,,P362265,"MSRP,ZCW,ZPP.1,ZTP,2MK,2MT.1,302,403,415,507,6FL,6NF,653,655,752",,,"Jul 16, 2009",550/1100,,,,,,,,,,
A52 - Space Gray Metallic,,NCSW - Black Novillo Leather,,WBSWD93559P362266,,P362266,"MSRP,ZPP.1,ZTP,2MK,302,403,507,6FL,653",,,"Jul 16, 2009",550,,,,,,,,,,
A75 - Melbourne Red Metallic,,NCSW - Black Novillo Leather,,WBSWD93579P362267,,P362267,"MSRP,ZPP.3,ZTP,2MT.1,494,507,653,752",,,"Jul 16, 2009",550,,,,,,,,,,
A73 - Jerez Black Metallic,,NCH2 - Fox Red Novillo Leather,,WBSWD93599P362268,,P362268,"MSRP,ZPP.3,ZTP,2MK,507,6FL,6NF,653,655,752",,,"Jul 17, 2009",550,,,,,,,,,,
A52 - Space Gray Metallic,,NCH2 - Fox Red Novillo Leather,,WBSWD93509P362269,,P362269,"MSRP,2MK,2MT.1,322,4MY,609,6FL,653",,,"Jul 17, 2009",550/950,,,,,,,,,,
381 - Le Mans Blue Metallic,,NCSW - Black Novillo Leather,,WBSWD93579P362270,,P362270,"MSRP,ZCW,ZPP.3,ZTP,507,6FL,6NF,653",,,"Jul 17, 2009",550,,,,,,,,,,
300 - Alpine White,,NCH2 - Fox Red Novillo Leather,,WBSWD93599P362271,,P362271,"MSRP,ZPP.3,ZTP,2MT.1,403,6FL,653",,,"Jul 17, 2009",,,,,,,,,,,
300 - Alpine White,,NCH2 - Fox Red Novillo Leather,,WBSWD93509P362272,,P362272,"MSRP,ZCW,ZPP.3,2MK,302,322,415,507,609,6FL,653,655,752",,,"Jul 17, 2009",,,,,,,,,,,
300 - Alpine White,,NDH2 - Fox Red Extended Leather,,WBSWD93529P362273,,P362273,"MSRP,ZCW,ZPP.2,2MT.1,302,322,415,507,609,6FL,653,655,752",,,"Jul 17, 2009",1100,,,,,,,,,,
300 - Alpine White,,NCSW - Black Novillo Leather,,WBSWD93549P362274,,P362274,"MSRP,ZCW,ZPP.3,ZTP,2MK,2MT.1,302,507,6FL,6NF,653,752",,,"Jul 17, 2009",,,,,,,,,,,
300 - Alpine White,,NCSW - Black Novillo Leather,,WBSWD93569P362275,,P362275,"MSRP,ZCW,ZPP.3,ZTP,2MK,2MT.1,302,6FL,653,655,752",,,"Jul 17, 2009",,,,,,,,,,,
300 - Alpine White,,NCSW - Black Novillo Leather,,WBSWD93589P362276,,P362276,"MSRP,ZPP.3,2MK,2MT.1,494,6FL",,,"Jul 17, 2009",,,,,,,,,,,
300 - Alpine White,,NCH2 - Fox Red Novillo Leather,,WBSWD935X9P362277,,P362277,"MSRP,ZPP.3,ZTP,2MK,2MT.1,507,6FL,653,752",,,"Jul 17, 2009",,,,,,,,,,,
300 - Alpine White,,NCSW - Black Novillo Leather,,WBSWD93519P362278,,P362278,"MSRP,ZPP.1,2MK,2MT.1,403,653",,,"Jul 17, 2009",,,,,,,,,,,
300 - Alpine White,,NCH1 - Silver Novillo Leather,,WBSWD93539P362279,,P362279,"MSRP,ZPP.1,ZTP,2MT.1,403,507,6FL,653,655,752",,,"Jul 18, 2009",,,,,,,,,,,
668 - Jet Black,,NCSW - Black Novillo Leather,,WBSWD935X9P362280,,P362280,"MSRP,ZCW,ZPP.3,ZTP,2MK,2MT.1,507,6FL,653,655,752",,,"Jul 18, 2009",,,,,,,,,,,
300 - Alpine White,,NCH2 - Fox Red Novillo Leather,,WBSWD93519P362281,,P362281,"MSRP,ZPP.3,ZTP,2MT.1,494,6FL,653,655,752",,,"Jul 18, 2009",,,,,,,,,,,
300 - Alpine White,,NCSW - Black Novillo Leather,,WBSWD93539P362282,,P362282,"MSRP,ZPP.3,ZTP,2MK,2MT.1,302,507,6FL,6NF,653,655,752",,,"Jul 18, 2009",,,,,,,,,,,
300 - Alpine White,,NCSW - Black Novillo Leather,,WBSWD93559P362283,,P362283,"MSRP,ZPP.3,ZTP,2MK,2MT.1,6FL,6NF,653,655,752",,,"Jul 18, 2009",,,,,,,,,,,
300 - Alpine White,,NCSW - Black Novillo Leather,,WBSWD93579P362284,,P362284,"MSRP,ZTP,2MT.1,403,494,4MY,6FL,653,752",,,"Jul 18, 2009",950,,,,,,,,,,
300 - Alpine White,,NCSW - Black Novillo Leather,,WBSWD93599P362285,,P362285,"MSRP,ZPP.3,ZTP,2MK,2MT.1,494,6FL,653,655",,,"Jul 20, 2009",,,,,,,,,,,
300 - Alpine White,,NCSW - Black Novillo Leather,,WBSWD93509P362286,,P362286,"MSRP,ZCW,ZPP.1,ZTP,2MK,2MT.1,6FL,653",,,"Jul 20, 2009",,,,,,,,,,,
A52 - Space Gray Metallic,,NCSW - Black Novillo Leather,,WBSWD93529P362287,,P362287,"MSRP,ZPP.3,ZTP,2MK,2MT.1,302,507,6FL,6NF,653,655,752",,,"Jul 20, 2009",550,,,,,,,,,,
668 - Jet Black,,NCH3 - Beige Novillo Leather,,WBSWD93549P362288,,P362288,"MSRP,ZPP.3,ZTP,2MT.1,403,494,6FL,653,655,752",,,"Jul 20, 2009",,,,,,,,,,,
668 - Jet Black,,NCSW - Black Novillo Leather,,WBSWD93569P362289,,P362289,"MSRP,ZPP.3,ZTP,2MK,2MT.1,403,507,6FL,653,655,752",,,"Jul 20, 2009",,,,,,,,,,,
A73 - Jerez Black Metallic,,NCSW - Black Novillo Leather,,WBSWD93529P362290,,P362290,"MSRP,ZTP,2MK,494,4MY,6FL,653,752",,,"Jul 20, 2009",550/950,,,,,,,,,,
A73 - Jerez Black Metallic,,NCSW - Black Novillo Leather,,WBSWD93549P362291,,P362291,"MSRP,ZPP.1,ZTP,2MK,2MT.1,302,415,494,507,6FL,6NF,653,655,752",,,"Jul 21, 2009",550,,,,,,,,,,
A73 - Jerez Black Metallic,,NCSW - Black Novillo Leather,,WBSWD93569P362292,,P362292,"MSRP,ZCW,ZPP.2,ZTP,2MK,2MT.1,302,403,6FL,653",,,"Jul 21, 2009",550,,,,,,,,,,
A73 - Jerez Black Metallic,,NCSW - Black Novillo Leather,,WBSWD93589P362293,,P362293,"MSRP,ZCW,ZPP.3,ZTP,2MT.1,403,6FL,653,655",,,"Jul 21, 2009",550,,,,,,,,,,
300 - Alpine White,,NCSW - Black Novillo Leather,,WBSWD935X9P362294,,P362294,"MSRP,ZPP.1,ZTP,2MK,2MT.1,302,494,6FL,653,752",,,"Jul 22, 2009",,,,,,,,,,,
381 - Le Mans Blue Metallic,,NCSW - Black Novillo Leather,,WBSWD93519P362295,,P362295,"MSRP,ZCW,ZPP.3,ZTP,6FL,653",,,"Jul 22, 2009",550,,,,,,,,,,
A75 - Melbourne Red Metallic,,NDSW - Black Extended Novillo Leather,,WBSWD93539P362296,,P362296,"MSRP,ZCW,ZTP,2MK,2MT.1,4MY,507,6FL,6NF,653,655,752",,,"Jul 22, 2009",550/2000,,,,,,,,,,
A75 - Melbourne Red Metallic,,NCH2 - Fox Red Novillo Leather,,WBSWD93559P362297,,P362297,"MSRP,2MK,415,4MY,507,6FL,653,655",,,"Jul 23, 2009",550/950,,,,,,,,,,
300 - Alpine White,,NDH2 - Fox Red Extended Leather,,WBSWD93579P362298,,P362298,"MSRP,ZCW,ZPP.3,ZTP,302,507,6FL,6NF,653,655,752",,,"Jul 23, 2009",1100,,,,,,,,,,
300 - Alpine White,,NCH2 - Fox Red Novillo Leather,,WBSWD93599P362299,,P362299,"MSRP,ZPP.3,ZTP,6FL,653",,,"Jul 23, 2009",,,,,,,,,,,
300 - Alpine White,,NCH2 - Fox Red Novillo Leather,,WBSWD93519P362300,,P362300,"MSRP,ZTP,2MT.1,4MY,6FL,653,752",,,"Jul 23, 2009",950,,,,,,,,,,
A75 - Melbourne Red Metallic,,NCH3 - Beige Novillo Leather,,WBSWD93539P362301,,P362301,"MSRP,ZPP.1,223,494,6FL,6NF,655",,,"Jul 23, 2009",550,,,,,,,,,,
A52 - Space Gray Metallic,,NDH2 - Fox Red Extended Leather,,WBSWD93559P362302,,P362302,"MSRP,ZPP.3,ZTP,6FL,6NF,653,752",,,"Jul 23, 2009",550/1100,,,,,,,,,,
A29 - Silverstone Metallic II,,NCH1 - Silver Novillo Leather,,WBSWD93579P362303,,P362303,"MSRP,ZPP.2,2MT.1,223,302,6FL,653",,,"Jul 23, 2009",550,,,,,,,,,,
A52 - Space Gray Metallic,,NCSW - Black Novillo Leather,,WBSWD93599P362304,,P362304,"MSRP,403,494,4MX,609,653,655,752",,,"Jul 24, 2009",550/950,,,,,,,,,,
300 - Alpine White,,GEAT - Anthracite/Black Cloth & Leather,,WBSWD93509P362305,,P362305,"MSRP,2MT.1,4MX",,,"Jul 24, 2009",,,,,,,,,,,
A73 - Jerez Black Metallic,,NCSW - Black Novillo Leather,,WBSWD93529P362306,,P362306,"MSRP,ZPP.1,ZTP,2MK,2MT.1,302,415,507,6FL,6NF,653,655,752",,,"Jul 24, 2009",550,,,,,,,,,,
A52 - Space Gray Metallic,,NDH1 - Silver Novillo Extended Leather,,WBSWD93549P362307,,P362307,"MSRP,ZCW,ZPP.3,ZTP,2MK,415,507,6FL,653,752",,,"Jul 24, 2009",550/1100,,,,,,,,,,
A73 - Jerez Black Metallic,,NCSW - Black Novillo Leather,,WBSWD93569P362308,,P362308,"MSRP,ZPP.1,ZTP,2MK,494,6FL,653",,,"Jul 24, 2009",550,,,,,,,,,,
A29 - Silverstone Metallic II,,NDH2 - Fox Red Extended Leather,,WBSWD93589P362309,,P362309,"MSRP,ZCW,ZTP,2MK,2MT.1,6FL,653,771",,,"Jul 24, 2009",550/2000,,,,,,,,,,
300 - Alpine White,,NCH2 - Fox Red Novillo Leather,,WBSWD93549P362310,,P362310,"MSRP,ZPP.1,ZTP,507,6FL,653",,,"Jul 24, 2009",,,,,,,,,,,
300 - Alpine White,,NCSW - Black Novillo Leather,,WBSWD93569P362311,,P362311,"MSRP,2MT.1,4MY,609,6FL,653",,,"Jul 24, 2009",950,,,,,,,,,,
300 - Alpine White,,NCSW - Black Novillo Leather,,WBSWD93589P362312,,P362312,"MSRP,ZPP.3,ZTP,415,653",,,"Jul 24, 2009",,,,,,,,,,,
A30 - Interlagos Blue Metallic,,NDH3 - Beige Novillo Extended Leather,,WBSWD935X9P362313,,P362313,"MSRP,ZCW,ZPP.2,ZTP,2MK,2MT.1,507,6FL,653,752",,,"Jul 24, 2009",550/1100,,,,,,,,,,
300 - Alpine White,,NCH2 - Fox Red Novillo Leather,,WBSWD93519P362314,,P362314,"MSRP,ZPP.3,ZTP,2MK,302,494,6FL,6NF,653",,,"Jul 24, 2009",,,,,,,,,,,
300 - Alpine White,,NDH2 - Fox Red Extended Leather,,WBSWD93539P362315,,P362315,"MSRP,ZCW,ZPP.3,ZTP,2MK,6FL,653,752",,,"Jul 24, 2009",1100,,,,,,,,,,
300 - Alpine White,,NCH2 - Fox Red Novillo Leather,,WBSWD93559P362316,,P362316,"MSRP,ZPP.3,ZTP,2MK,494,507,6FL,653,752",,,"Jul 24, 2009",,,,,,,,,,,
A52 - Space Gray Metallic,,NCSW - Black Novillo Leather,,WBSWD93579P362317,,P362317,"MSRP,ZPP.3,2MT.1,403,494",,,"Jul 24, 2009",550,,,,,,,,,,
668 - Jet Black,,NCSW - Black Novillo Leather,,WBSWD93599P362318,,P362318,"MSRP,ZCW,ZTP,2MT.1,403,653,771",,,"Jul 24, 2009",950,,,,,,,,,,
A52 - Space Gray Metallic,,NDH1 - Silver Novillo Extended Leather,,WBSWD93509P362319,,P362319,"MSRP,ZPP.3,ZTP,2MK,2MT.1,415,507,6FL,653,655,752",,,"Jul 27, 2009",550/1100,,,,,,,,,,
A73 - Jerez Black Metallic,,NCH2 - Fox Red Novillo Leather,,WBSWD93579P362320,,P362320,"MSRP,ZCW,ZPP.3,ZTP,2MK,507,6FL,653",,,"Jul 27, 2009",550,,,,,,,,,,
A73 - Jerez Black Metallic,,NCSW - Black Novillo Leather,,WBSWD93599P362321,,P362321,"MSRP,2MT.1,494,4MY,6FL",,,"Jul 27, 2009",550/950,,,,,,,,,,
381 - Le Mans Blue Metallic,,NCSW - Black Novillo Leather,,WBSWD93509P362322,,P362322,"MSRP,ZPP.3,2MK,2MT.1,223,302,494,6FL",,,"Jul 27, 2009",550,,,,,,,,,,
300 - Alpine White,,NCSW - Black Novillo Leather,,WBSWD93529P362323,,P362323,"MSRP,ZCW,ZPP.1,2MK,2MT.1,322,403,609,6FL,653,655,752",,,"Jul 27, 2009",,,,,,,,,,,
668 - Jet Black,,NCSW - Black Novillo Leather,,WBSWD93549P362324,,P362324,"MSRP,2MT.1,223,403,494,6FL,771",,,"Jul 27, 2009",950,,,,,,,,,,
A73 - Jerez Black Metallic,,NCH3 - Beige Novillo Leather,,WBSWD93569P362325,,P362325,"MSRP,ZCW,ZPP.3,ZTP,2MK,6FL,653",,,"Jul 27, 2009",550,,,,,,,,,,
A73 - Jerez Black Metallic,,NCSW - Black Novillo Leather,,WBSWD93589P362326,,P362326,"MSRP,ZPP.3,2MK,2MT.1,322,507,609,6FL,653,752",,,"Jul 27, 2009",550,,,,,,,,,,
381 - Le Mans Blue Metallic,,NCSW - Black Novillo Leather,,WBSWD935X9P362327,,P362327,"MSRP,ZPP.3,ZTP,2MK,2MT.1,494,507,6FL,653,655,752",,,"Jul 27, 2009",550,,,,,,,,,,
381 - Le Mans Blue Metallic,,NCSW - Black Novillo Leather,,WBSWD93519P362328,,P362328,"MSRP,ZCW,ZPP.3,ZTP,2MK,2MT.1,302,6FL,653,655,752",,,"Jul 27, 2009",550,,,,,,,,,,
381 - Le Mans Blue Metallic,,NCSW - Black Novillo Leather,,WBSWD93539P362329,,P362329,"MSRP,ZPP.3,ZTP,2MK,2MT.1,415,494,507,6FL,653,655",,,"Jul 27, 2009",550,,,,,,,,,,
668 - Jet Black,,NCH3 - Beige Novillo Leather,,WBSWD935X9P362330,,P362330,"MSRP,ZCW,ZPP.2,2MT.1,403",,,"Jul 27, 2009",,,,,,,,,,,
A73 - Jerez Black Metallic,,NCH3 - Beige Novillo Leather,,WBSWD93519P362331,,P362331,"MSRP,ZCW,ZPP.3,ZTP,2MK,403,507,6FL,653,752",,,"Jul 27, 2009",550,,,,,,,,,,
A73 - Jerez Black Metallic,,NCH3 - Beige Novillo Leather,,WBSWD93539P362332,,P362332,"MSRP,ZCW,ZPP.3,ZTP,2MT.1,302,403,507,6FL,6NF,653,655,752",,,"Jul 28, 2009",550,,,,,,,,,,
A73 - Jerez Black Metallic,,NCSW - Black Novillo Leather,,WBSWD93559P362333,,P362333,"MSRP,ZPP.3,ZTP,2MK,2MT.1,302,403,494,6FL,6NF,653,752",,,"Jul 28, 2009",550,,,,,,,,,,
668 - Jet Black,,NCSW - Black Novillo Leather,,WBSWD93579P362334,,P362334,"MSRP,ZPP.3,ZTP,2MK,2MT.1,403,6FL,653,655,752",,,"Jul 28, 2009",,,,,,,,,,,
A52 - Space Gray Metallic,,NCH2 - Fox Red Novillo Leather,,WBSWD93599P362335,,P362335,"MSRP,ZPP.3,ZTP,2MK,2MT.1,507,6FL,653,655",,,"Jul 28, 2009",550,,,,,,,,,,
668 - Jet Black,,NCH2 - Fox Red Novillo Leather,,WBSWD93509P362336,,P362336,"MSRP,2MT.1,494,4MY,6FL",,,"Jul 28, 2009",950,,,,,,,,,,
668 - Jet Black,,NCSW - Black Novillo Leather,,WBSWD93529P362337,,P362337,"MSRP,2MK,2MT.1,494,6FL,771",,,"Jul 28, 2009",950,,,,,,,,,,
381 - Le Mans Blue Metallic,,GEAT - Anthracite/Black Cloth & Leather,,WBSWD93549P362338,,P362338,"MSRP,2MK,771",,,"Jul 28, 2009",550,,,,,,,,,,
668 - Jet Black,,NCSW - Black Novillo Leather,,WBSWD93569P362339,,P362339,"MSRP,ZPP.3,ZTP,302,403,415,507,6FL,6NF,653",,,"Jul 28, 2009",,,,,,,,,,,
A52 - Space Gray Metallic,,NCSW - Black Novillo Leather,,WBSWD93529P362340,,P362340,"MSRP,ZPP.3,ZTP,2MK,2MT.1,403,494,6FL,653,655",,,"Jul 28, 2009",550,,,,,,,,,,
668 - Jet Black,,NCSW - Black Novillo Leather,,WBSWD93549P362341,,P362341,"MSRP,ZPP.3,ZTP,2MK,302,403,415,507,6FL,653,655,752",,,"Jul 29, 2009",,,,,,,,,,,
300 - Alpine White,,NCH2 - Fox Red Novillo Leather,,WBSWD93569P362342,,P362342,"MSRP,ZCW,ZPP.1,ZTP,2MK,2MT.1,6FL,653,655,752",,,"Jul 29, 2009",,,,,,,,,,,
300 - Alpine White,,NCSW - Black Novillo Leather,,WBSWD93589P362343,,P362343,"MSRP,ZPP.3,ZTP,2MK,2MT.1,494,6FL,653",,,"Jul 29, 2009",,,,,,,,,,,
668 - Jet Black,,NCSW - Black Novillo Leather,,WBSWD935X9P362344,,P362344,"MSRP,ZCW,ZPP.3,ZTP,2MK,2MT.1,302,6FL,6NF,653,655",,,"Jul 29, 2009",,,,,,,,,,,
A73 - Jerez Black Metallic,,NCH1 - Silver Novillo Leather,,WBSWD93519P362345,,P362345,"MSRP,ZCW,ZPP.3,ZTP,2MT.1,507,6FL,6NF,653,655,752",,,"Jul 29, 2009",550,,,,,,,,,,
A75 - Melbourne Red Metallic,,NDH3 - Beige Novillo Extended Leather,,WBSWD93539P362346,,P362346,"MSRP,ZPP.3,ZTP,2MK,2MT.1,403,6FL,653,655,752",,,"Jul 29, 2009",550/1100,,,,,,,,,,
300 - Alpine White,,NCH2 - Fox Red Novillo Leather,,WBSWD93559P362347,,P362347,"MSRP,ZCW,ZPP.3,ZTP,2MK,2MT.1,507,653,655,752",,,"Jul 29, 2009",,,,,,,,,,,
300 - Alpine White,,NCSW - Black Novillo Leather,,WBSWD93579P362348,,P362348,"MSRP,ZPP.3,ZTP,2MK,494,507,6FL,6NF,653",,,"Jul 29, 2009",,,,,,,,,,,
A29 - Silverstone Metallic II,,NDH2 - Fox Red Extended Leather,,WBSWD93599P362349,,P362349,"MSRP,ZCW,ZPP.1,ZTP,2MK,2MT.1,6FL,653,655,752",,,"Jul 29, 2009",550/1100,,,,,,,,,,
A75 - Melbourne Red Metallic,,NCH3 - Beige Novillo Leather,,WBSWD93559P362350,,P362350,"MSRP,ZPP.3,ZTP,2MK,2MT.1,494,507,6FL,653,655,752",,,"Jul 30, 2009",550,,,,,,,,,,
A75 - Melbourne Red Metallic,,NDH3 - Beige Novillo Extended Leather,,WBSWD93579P362351,,P362351,"MSRP,ZPP.3,ZTP,2MK,2MT.1,403,6FL,653,655,752",,,"Jul 29, 2009",550/1100,,,,,,,,,,
A30 - Interlagos Blue Metallic,,NCSW - Black Novillo Leather,,WBSWD93599P362352,,P362352,"MSRP,ZCW,ZPP.3,ZTP,2MK,2MT.1,6FL,6NF,653",,,"Jul 29, 2009",550,,,,,,,,,,
A75 - Melbourne Red Metallic,,NDH3 - Beige Novillo Extended Leather,,WBSWD93509P362353,,P362353,"MSRP,ZPP.3,ZTP,2MT.1,403,6FL,653,655,752",,,"Jul 30, 2009",550/1100,,,,,,,,,,
A75 - Melbourne Red Metallic,,NDH3 - Beige Novillo Extended Leather,,WBSWD93529P362354,,P362354,"MSRP,ZPP.3,ZTP,2MT.1,403,6FL,653,655,752",,,"Jul 30, 2009",550/1100,,,,,,,,,,
300 - Alpine White,,NCSW - Black Novillo Leather,,WBSWD93549P362355,,P362355,"MSRP,ZPP.2,ZTP,6FL,653",,,"Jul 30, 2009",,,,,,,,,,,
300 - Alpine White,,NCSW - Black Novillo Leather,,WBSWD93569P362356,,P362356,"MSRP,ZPP.3,ZTP,2MK,2MT.1,494,507,6FL,653,655,752",,,"Jul 31, 2009",,,,,,,,,,,
300 - Alpine White,,GEAT - Anthracite/Black Cloth & Leather,,WBSWD93589P362357,,P362357,"MSRP,223,494,507,655,771",,,"Jul 31, 2009",,,,,,,,,,,
A52 - Space Gray Metallic,,NCH1 - Silver Novillo Leather,,WBSWD935X9P362358,,P362358,"MSRP,ZCW,ZPP.3,2MK,2MT.1,223,403,415,6FL,653,655",,,"Jul 31, 2009",550,,,,,,,,,,
300 - Alpine White,,NCSW - Black Novillo Leather,,WBSWD93519P362359,,P362359,"MSRP,ZPP.3,ZTP,2MK,2MT.1,6FL,653,752",,,"Jul 31, 2009",,,,,,,,,,,
A52 - Space Gray Metallic,,NCSW - Black Novillo Leather,,WBSWD93589P362360,,P362360,"MSRP,ZPP.3,ZTP,2MK,2MT.1,302,403,494,507,6FL,6NF,653,655,752",,,"Jul 31, 2009",550,,,,,,,,,,
300 - Alpine White,,NCSW - Black Novillo Leather,,WBSWD935X9P362361,,P362361,"MSRP,ZPP.3,ZTP,2MK,2MT.1,302,415,494,507,6FL,653,655",,,"Jul 31, 2009",,,,,,,,,,,
300 - Alpine White,,NCH2 - Fox Red Novillo Leather,,WBSWD93519P362362,,P362362,"MSRP,ZCW,ZPP.3,ZTP,2MK,2MT.1,302,507,6FL,653,655,752",,,"Jul 31, 2009",,,,,,,,,,,
300 - Alpine White,,NCSW - Black Novillo Leather,,WBSWD93539P362363,,P362363,"MSRP,ZCW,ZPP.3,ZTP,2MK,302,507,6FL,653",,,"Jul 31, 2009",,,,,,,,,,,
300 - Alpine White,,NCSW - Black Novillo Leather,,WBSWD93559P362364,,P362364,"MSRP,ZPP.3,ZTP,2MK,2MT.1,302,507,6FL,653,655,752",,,"Aug 20, 2009",,,,,,,,,,,
300 - Alpine White,,NCSW - Black Novillo Leather,,WBSWD93579P362365,,P362365,"MSRP,ZPP.3,ZTP,2MK,2MT.1,302,494,6FL,653",,,"Aug 21, 2009",,,,,,,,,,,
300 - Alpine White,,NCSW - Black Novillo Leather,,WBSWD93599P362366,,P362366,"MSRP,ZPP.3,ZTP,2MK,2MT.1,507,6FL,653,655",,,"Aug 21, 2009",,,,,,,,,,,
A52 - Space Gray Metallic,,NCSW - Black Novillo Leather,,WBSWD93509P362367,,P362367,"MSRP,ZPP.3,ZTP,2MK,2MT.1,494,507,6FL,6NF,653,655,752",,,"Aug 21, 2009",550,,,,,,,,,,
A52 - Space Gray Metallic,,NCH1 - Silver Novillo Leather,,WBSWD93529P362368,,P362368,"MSRP,ZPP.3,ZTP,2MK,2MT.1,507,6FL,653,655,752",,,"Aug 24, 2009",550,,,,,,,,,,
300 - Alpine White,,NCH2 - Fox Red Novillo Leather,,WBSWD93549P362369,,P362369,"MSRP,ZPP.3,2MK,2MT.1,6FL,655",,,"Aug 24, 2009",,,,,,,,,,,
A52 - Space Gray Metallic,,NCSW - Black Novillo Leather,,WBSWD93509P362370,,P362370,"MSRP,ZPP.3,ZTP,2MK,2MT.1,302,494,6FL,653,752",,,"Aug 24, 2009",550,,,,,,,,,,
A73 - Jerez Black Metallic,,NCSW - Black Novillo Leather,,WBSWD93529P362371,,P362371,"MSRP,ZCW,ZPP.1,ZTP,302,507,6FL,653,863",,,"Aug 25, 2009",550,,,,,,,,,,
A73 - Jerez Black Metallic,,NCSW - Black Novillo Leather,,WBSWD93549P362372,,P362372,"MSRP,ZPP.1,ZTP,6FL,653,863",,,"Aug 25, 2009",550,,,,,,,,,,
A52 - Space Gray Metallic,,NCSW - Black Novillo Leather,,WBSWD93569P362373,,P362373,"MSRP,ZCW,ZPP.3,ZTP,2MK,2MT.1,6FL,653,752",,,"Aug 25, 2009",550,,,,,,,,,,
A52 - Space Gray Metallic,,NCSW - Black Novillo Leather,,WBSWD93589P362374,,P362374,"MSRP,ZPP.3,ZTP,2MT.1,302,6FL,653",,,"Aug 25, 2009",550,,,,,,,,,,
300 - Alpine White,,NCSW - Black Novillo Leather,,WBSWD935X9P362375,,P362375,"MSRP,ZPP.3,2MT.1,302,507,655",,,"Aug 25, 2009",,,,,,,,,,,
300 - Alpine White,,NDSW - Black Extended Novillo Leather,,WBSWD93519P362376,,P362376,"MSRP,ZCW,ZPP.1,ZTP,2MK,2MT.1,415,507,6FL,6NF,653,655,752",,,"Aug 25, 2009",1100,,,,,,,,,,
A75 - Melbourne Red Metallic,,NDH3 - Beige Novillo Extended Leather,,WBSWD93539P362377,,P362377,"MSRP,ZPP.3,ZTP,2MT.1,403,6FL,653,655,752",,,"Aug 27, 2009",550/1100,,,,,,,,,,
A52 - Space Gray Metallic,,NCH2 - Fox Red Novillo Leather,,WBSWD93559P362378,,P362378,"MSRP,ZPP.3,ZTP,2MK,2MT.1,507,6FL,6NF,653,655,752",,,"Aug 26, 2009",550,,,,,,,,,,
A52 - Space Gray Metallic,,NCH1 - Silver Novillo Leather,,WBSWD93579P362379,,P362379,"MSRP,ZPP.3,ZTP,2MK,302,6FL,653,655,752",,,"Aug 27, 2009",550,,,,,,,,,,
A75 - Melbourne Red Metallic,,NDH3 - Beige Novillo Extended Leather,,WBSWD93539P362380,,P362380,"MSRP,ZPP.3,ZTP,2MT.1,403,6FL,653,655,752",,,"Aug 27, 2009",550/1100,,,,,,,,,,
A52 - Space Gray Metallic,,NCSW - Black Novillo Leather,,WBSWD93559P362381,,P362381,"MSRP,ZPP.3,ZTP,2MK,2MT.1,302,494,507,6FL,653,655,752",,,"Aug 27, 2009",550,,,,,,,,,,
381 - Le Mans Blue Metallic,,NCH3 - Beige Novillo Leather,,WBSWD93579P362382,,P362382,"MSRP,ZPP.1,ZTP,494,507,6FL,653,863",,,"Aug 28, 2009",550,,,,,,,,,,
381 - Le Mans Blue Metallic,,NCSW - Black Novillo Leather,,WBSWD93599P362383,,P362383,"MSRP,ZCW,ZPP.3,ZTP,2MT.1,6FL,653,863",,,"Aug 28, 2009",550,,,,,,,,,,
A52 - Space Gray Metallic,,NCSW - Black Novillo Leather,,WBSWD93509P362384,,P362384,"MSRP,ZCW,ZPP.1,ZTP,2MK,302,507,6FL,653,752,863",,,"Aug 28, 2009",550,,Niederlassung München MINI München BMW AG,,,,,,,,
A73 - Jerez Black Metallic,,GEAT - Anthracite/Black Cloth & Leather,,WBSWD93529P362385,,P362385,"MSRP,494,609,6FL,653,771,863",,,"Aug 28, 2009",550,,"Albert Brünsteiner GmbH , Stuttgart",,,,,,,,
A73 - Jerez Black Metallic,,NCSW - Black Novillo Leather,,WBSWD93549P362386,,P362386,"MSRP,ZCW,ZPP.3,ZTP,2MK,2MT.1,507,6FL,653,863",,,"Aug 28, 2009",550,,"AH Rhein Würzburg Zw.-Nl. der AH Heermann u. Rhein GmbH , Würzburg",,,,,,,,
668 - Jet Black,,NCSW - Black Novillo Leather,,WBSWD93569P362387,,P362387,"MSRP,ZTP,494,4MY,653",,,"Aug 29, 2009",950,,Jackie Cooper BMW,,,,,,,,
,,,,VIN SKIP 2010,,,,,,,,,,,,,,,,,
,,,,VIN SKIP 2010,,,,,,,,,,,,,,,,,
,,,,WBSWD93569P362390,,P362390,,,,,,,,,,,,,,,
,,,,,,,,,,,,,,,,,,,,,
,,,,,,,,,,,,,,,,,,,,,
,,,,,,,,,,,,,,,,,,,,,
,,,,,,,,,,,,,,,,,,,,,
,,,,,,,,,,,,,,,,,,,,,
,,,,,,,,,,,,,,,,,,,,,
,,,,,,,,,,,,,,,,,,,,,
,,,,,,,,,,,,,,,,,,,,,
,,,,,,,,,,,,,,,,,,,,,
,,,,,,,,,,,,,,,,,,,,,
,,,,,,,,,,,,,,,,,,,,,
,,,,,,,,,,,,,,,,,,,,,
,,,,,,,,,,,,,,,,,,,,,
,,,,,,,,,,,,,,,,,,,,,
,,,,,,,,,,,,,,,,,,,,,
,,,,,,,,,,,,,,,,,,,,,
,,,,,,,,,,,,,,,,,,,,,
,,,,,,,,,,,,,,,,,,,,,
,,,,,,,,,,,,,,,,,,,,,
,,,,,,,,,,,,,,,,,,,,,
,,,,,,,,,,,,,,,,,,,,,
,,,,,,,,,,,,,,,,,,,,,
,,,,,,,,,,,,,,,,,,,,,
,,,,,,,,,,,,,,,,,,,,,
,,,,,,,,,,,,,,,,,,,,,
,,,,,,,,,,,,,,,,,,,,,
,,,,,,,,,,,,,,,,,,,,,
,,,,,,,,,,,,,,,,,,,,,
,,,,,,,,,,,,,,,,,,,,,
,,,,,,,,,,,,,,,,,,,,,
,,,,,,,,,,,,,,,,,,,,,
,,,,,,,,,,,,,,,,,,,,,
,,,,,,,,,,,,,,,,,,,,,
,,,,,,,,,,,,,,,,,,,,,
,,,,,,,,,,,,,,,,,,,,,
,,,,,,,,,,,,,,,,,,,,,
,,,,,,,,,,,,,,,,,,,,,
,,,,,,,,,,,,,,,,,,,,,
,,,,,,,,,,,,,,,,,,,,,
,,,,,,,,,,,,,,,,,,,,,
,,,,,,,,,,,,,,,,,,,,,
,,,,,,,,,,,,,,,,,,,,,
,,,,,,,,,,,,,,,,,,,,,
,,,,,,,,,,,,,,,,,,,,,
,,,,,,,,,,,,,,,,,,,,,
,,,,,,,,,,,,,,,,,,,,,
,,,,,,,,,,,,,,,,,,,,,
,,,,,,,,,,,,,,,,,,,,,
,,,,,,,,,,,,,,,,,,,,,
,,,,,,,,,,,,,,,,,,,,,
,,,,,,,,,,,,,,,,,,,,,
,,,,,,,,,,,,,,,,,,,,,
,,,,,,,,,,,,,,,,,,,,,
,,,,,,,,,,,,,,,,,,,,,
,,,,,,,,,,,,,,,,,,,,,
,,,,,,,,,,,,,,,,,,,,,
,,,,,,,,,,,,,,,,,,,,,
,,,,,,,,,,,,,,,,,,,,,
,,,,,,,,,,,,,,,,,,,,,
,,,,,,,,,,,,,,,,,,,,,
,,,,,,,,,,,,,,,,,,,,,
,,,,,,,,,,,,,,,,,,,,,
,,,,,,,,,,,,,,,,,,,,,
,,,,,,,,,,,,,,,,,,,,,
,,,,,,,,,,,,,,,,,,,,,
,,,,,,,,,,,,,,,,,,,,,
,,,,,,,,,,,,,,,,,,,,,
,,,,,,,,,,,,,,,,,,,,,
,,,,,,,,,,,,,,,,,,,,,
,,,,,,,,,,,,,,,,,,,,,
,,,,,,,,,,,,,,,,,,,,,
,,,,,,,,,,,,,,,,,,,,,
,,,,,,,,,,,,,,,,,,,,,
,,,,,,,,,,,,,,,,,,,,,
,,,,,,,,,,,,,,,,,,,,,
,,,,,,,,,,,,,,,,,,,,,
,,,,,,,,,,,,,,,,,,,,,
,,,,,,,,,,,,,,,,,,,,,
,,,,,,,,,,,,,,,,,,,,,
,,,,,,,,,,,,,,,,,,,,,
,,,,,,,,,,,,,,,,,,,,,
,,,,,,,,,,,,,,,,,,,,,
,,,,,,,,,,,,,,,,,,,,,
,,,,,,,,,,,,,,,,,,,,,
,,,,,,,,,,,,,,,,,,,,,
,,,,,,,,,,,,,,,,,,,,,
,,,,,,,,,,,,,,,,,,,,,
,,,,,,,,,,,,,,,,,,,,,
,,,,,,,,,,,,,,,,,,,,,
,,,,,,,,,,,,,,,,,,,,,
,,,,,,,,,,,,,,,,,,,,,
,,,,,,,,,,,,,,,,,,,,,
,,,,,,,,,,,,,,,,,,,,,
,,,,,,,,,,,,,,,,,,,,,
,,,,,,,,,,,,,,,,,,,,,
,,,,,,,,,,,,,,,,,,,,,
,,,,,,,,,,,,,,,,,,,,,
,,,,,,,,,,,,,,,,,,,,,
,,,,,,,,,,,,,,,,,,,,,
,,,,,,,,,,,,,,,,,,,,,
,,,,,,,,,,,,,,,,,,,,,
,,,,,,,,,,,,,,,,,,,,,
,,,,,,,,,,,,,,,,,,,,,
,,,,,,,,,,,,,,,,,,,,,
,,,,,,,,,,,,,,,,,,,,,
,,,,,,,,,,,,,,,,,,,,,
,,,,,,,,,,,,,,,,,,,,,
,,,,,,,,,,,,,,,,,,,,,
,,,,,,,,,,,,,,,,,,,,,
,,,,,,,,,,,,,,,,,,,,,
,,,,,,,,,,,,,,,,,,,,,
,,,,,,,,,,,,,,,,,,,,,
,,,,,,,,,,,,,,,,,,,,,
,,,,,,,,,,,,,,,,,,,,,
,,,,,,,,,,,,,,,,,,,,,
,,,,,,,,,,,,,,,,,,,,,
,,,,,,,,,,,,,,,,,,,,,
,,,,,,,,,,,,,,,,,,,,,
,,,,,,,,,,,,,,,,,,,,,
,,,,,,,,,,,,,,,,,,,,,
,,,,,,,,,,,,,,,,,,,,,
,,,,,,,,,,,,,,,,,,,,,
,,,,,,,,,,,,,,,,,,,,,
,,,,,,,,,,,,,,,,,,,,,
,,,,,,,,,,,,,,,,,,,,,
,,,,,,,,,,,,,,,,,,,,,
,,,,,,,,,,,,,,,,,,,,,
,,,,,,,,,,,,,,,,,,,,,
,,,,,,,,,,,,,,,,,,,,,
,,,,,,,,,,,,,,,,,,,,,
,,,,,,,,,,,,,,,,,,,,,
,,,,,,,,,,,,,,,,,,,,,
,,,,,,,,,,,,,,,,,,,,,
,,,,,,,,,,,,,,,,,,,,,
,,,,,,,,,,,,,,,,,,,,,
,,,,,,,,,,,,,,,,,,,,,
,,,,,,,,,,,,,,,,,,,,,
,,,,,,,,,,,,,,,,,,,,,
,,,,,,,,,,,,,,,,,,,,,
,,,,,,,,,,,,,,,,,,,,,
,,,,,,,,,,,,,,,,,,,,,
,,,,,,,,,,,,,,,,,,,,,
,,,,,,,,,,,,,,,,,,,,,
,,,,,,,,,,,,,,,,,,,,,
,,,,,,,,,,,,,,,,,,,,,
,,,,,,,,,,,,,,,,,,,,,
,,,,,,,,,,,,,,,,,,,,,
,,,,,,,,,,,,,,,,,,,,,
,,,,,,,,,,,,,,,,,,,,,
,,,,,,,,,,,,,,,,,,,,,
,,,,,,,,,,,,,,,,,,,,,
,,,,,,,,,,,,,,,,,,,,,
,,,,,,,,,,,,,,,,,,,,,
,,,,,,,,,,,,,,,,,,,,,
,,,,,,,,,,,,,,,,,,,,,
,,,,,,,,,,,,,,,,,,,,,
,,,,,,,,,,,,,,,,,,,,,
,,,,,,,,,,,,,,,,,,,,,
,,,,,,,,,,,,,,,,,,,,,
,,,,,,,,,,,,,,,,,,,,,
,,,,,,,,,,,,,,,,,,,,,
,,,,,,,,,,,,,,,,,,,,,
,,,,,,,,,,,,,,,,,,,,,
,,,,,,,,,,,,,,,,,,,,,
,,,,,,,,,,,,,,,,,,,,,
,,,,,,,,,,,,,,,,,,,,,
,,,,,,,,,,,,,,,,,,,,,
,,,,,,,,,,,,,,,,,,,,,
,,,,,,,,,,,,,,,,,,,,,
,,,,,,,,,,,,,,,,,,,,,
,,,,,,,,,,,,,,,,,,,,,
,,,,,,,,,,,,,,,,,,,,,
,,,,,,,,,,,,,,,,,,,,,
,,,,,,,,,,,,,,,,,,,,,
,,,,,,,,,,,,,,,,,,,,,
,,,,,,,,,,,,,,,,,,,,,
,,,,,,,,,,,,,,,,,,,,,
,,,,,,,,,,,,,,,,,,,,,
,,,,,,,,,,,,,,,,,,,,,
,,,,,,,,,,,,,,,,,,,,,
,,,,,,,,,,,,,,,,,,,,,
,,,,,,,,,,,,,,,,,,,,,
,,,,,,,,,,,,,,,,,,,,,
,,,,,,,,,,,,,,,,,,,,,
,,,,,,,,,,,,,,,,,,,,,
,,,,,,,,,,,,,,,,,,,,,
,,,,,,,,,,,,,,,,,,,,,
,,,,,,,,,,,,,,,,,,,,,
,,,,,,,,,,,,,,,,,,,,,
,,,,,,,,,,,,,,,,,,,,,
,,,,,,,,,,,,,,,,,,,,,
,,,,,,,,,,,,,,,,,,,,,
,,,,,,,,,,,,,,,,,,,,,
,,,,,,,,,,,,,,,,,,,,,
,,,,,,,,,,,,,,,,,,,,,
,,,,,,,,,,,,,,,,,,,,,
,,,,,,,,,,,,,,,,,,,,,
,,,,,,,,,,,,,,,,,,,,,
,,,,,,,,,,,,,,,,,,,,,
,,,,,,,,,,,,,,,,,,,,,
,,,,,,,,,,,,,,,,,,,,,
,,,,,,,,,,,,,,,,,,,,,
,,,,,,,,,,,,,,,,,,,,,
,,,,,,,,,,,,,,,,,,,,,
,,,,,,,,,,,,,,,,,,,,,
,,,,,,,,,,,,,,,,,,,,,
,,,,,,,,,,,,,,,,,,,,,
,,,,,,,,,,,,,,,,,,,,,
,,,,,,,,,,,,,,,,,,,,,
,,,,,,,,,,,,,,,,,,,,,
,,,,,,,,,,,,,,,,,,,,,
,,,,,,,,,,,,,,,,,,,,,
,,,,,,,,,,,,,,,,,,,,,
,,,,,,,,,,,,,,,,,,,,,
,,,,,,,,,,,,,,,,,,,,,
,,,,,,,,,,,,,,,,,,,,,
,,,,,,,,,,,,,,,,,,,,,
,,,,,,,,,,,,,,,,,,,,,
,,,,,,,,,,,,,,,,,,,,,
,,,,,,,,,,,,,,,,,,,,,
,,,,,,,,,,,,,,,,,,,,,
,,,,,,,,,,,,,,,,,,,,,
,,,,,,,,,,,,,,,,,,,,,
,,,,,,,,,,,,,,,,,,,,,
,,,,,,,,,,,,,,,,,,,,,
,,,,,,,,,,,,,,,,,,,,,
,,,,,,,,,,,,,,,,,,,,,
,,,,,,,,,,,,,,,,,,,,,
,,,,,,,,,,,,,,,,,,,,,
,,,,,,,,,,,,,,,,,,,,,
,,,,,,,,,,,,,,,,,,,,,
,,,,,,,,,,,,,,,,,,,,,
,,,,,,,,,,,,,,,,,,,,,
,,,,,,,,,,,,,,,,,,,,,
,,,,,,,,,,,,,,,,,,,,,
,,,,,,,,,,,,,,,,,,,,,
,,,,,,,,,,,,,,,,,,,,,
,,,,,,,,,,,,,,,,,,,,,
,,,,,,,,,,,,,,,,,,,,,
,,,,,,,,,,,,,,,,,,,,,
,,,,,,,,,,,,,,,,,,,,,
,,,,,,,,,,,,,,,,,,,,,
,,,,,,,,,,,,,,,,,,,,,
,,,,,,,,,,,,,,,,,,,,,
,,,,,,,,,,,,,,,,,,,,,
,,,,,,,,,,,,,,,,,,,,,
,,,,,,,,,,,,,,,,,,,,,
,,,,,,,,,,,,,,,,,,,,,
,,,,,,,,,,,,,,,,,,,,,
,,,,,,,,,,,,,,,,,,,,,
,,,,,,,,,,,,,,,,,,,,,
,,,,,,,,,,,,,,,,,,,,,
,,,,,,,,,,,,,,,,,,,,,
,,,,,,,,,,,,,,,,,,,,,
,,,,,,,,,,,,,,,,,,,,,
,,,,,,,,,,,,,,,,,,,,,
,,,,,,,,,,,,,,,,,,,,,
,,,,,,,,,,,,,,,,,,,,,
,,,,,,,,,,,,,,,,,,,,,
,,,,,,,,,,,,,,,,,,,,,
,,,,,,,,,,,,,,,,,,,,,
,,,,,,,,,,,,,,,,,,,,,
,,,,,,,,,,,,,,,,,,,,,
,,,,,,,,,,,,,,,,,,,,,
,,,,,,,,,,,,,,,,,,,,,
,,,,,,,,,,,,,,,,,,,,,
,,,,,,,,,,,,,,,,,,,,,
,,,,,,,,,,,,,,,,,,,,,
,,,,,,,,,,,,,,,,,,,,,
,,,,,,,,,,,,,,,,,,,,,
,,,,,,,,,,,,,,,,,,,,,
,,,,,,,,,,,,,,,,,,,,,
,,,,,,,,,,,,,,,,,,,,,
,,,,,,,,,,,,,,,,,,,,,
,,,,,,,,,,,,,,,,,,,,,
,,,,,,,,,,,,,,,,,,,,,
,,,,,,,,,,,,,,,,,,,,,
,,,,,,,,,,,,,,,,,,,,,
,,,,,,,,,,,,,,,,,,,,,
,,,,,,,,,,,,,,,,,,,,,
,,,,,,,,,,,,,,,,,,,,,
,,,,,,,,,,,,,,,,,,,,,
,,,,,,,,,,,,,,,,,,,,,
,,,,,,,,,,,,,,,,,,,,,
,,,,,,,,,,,,,,,,,,,,,
,,,,,,,,,,,,,,,,,,,,,
,,,,,,,,,,,,,,,,,,,,,
,,,,,,,,,,,,,,,,,,,,,
,,,,,,,,,,,,,,,,,,,,,
,,,,,,,,,,,,,,,,,,,,,
,,,,,,,,,,,,,,,,,,,,,
,,,,,,,,,,,,,,,,,,,,,
,,,,,,,,,,,,,,,,,,,,,
,,,,,,,,,,,,,,,,,,,,,
,,,,,,,,,,,,,,,,,,,,,
,,,,,,,,,,,,,,,,,,,,,
,,,,,,,,,,,,,,,,,,,,,
,,,,,,,,,,,,,,,,,,,,,
,,,,,,,,,,,,,,,,,,,,,
,,,,,,,,,,,,,,,,,,,,,
,,,,,,,,,,,,,,,,,,,,,
,,,,,,,,,,,,,,,,,,,,,
,,,,,,,,,,,,,,,,,,,,,
,,,,,,,,,,,,,,,,,,,,,
,,,,,,,,,,,,,,,,,,,,,
,,,,,,,,,,,,,,,,,,,,,
,,,,,,,,,,,,,,,,,,,,,
,,,,,,,,,,,,,,,,,,,,,
,,,,,,,,,,,,,,,,,,,,,
,,,,,,,,,,,,,,,,,,,,,
,,,,,,,,,,,,,,,,,,,,,
,,,,,,,,,,,,,,,,,,,,,
,,,,,,,,,,,,,,,,,,,,,
,,,,,,,,,,,,,,,,,,,,,
,,,,,,,,,,,,,,,,,,,,,
,,,,,,,,,,,,,,,,,,,,,
,,,,,,,,,,,,,,,,,,,,,
,,,,,,,,,,,,,,,,,,,,,
,,,,,,,,,,,,,,,,,,,,,
,,,,,,,,,,,,,,,,,,,,,
,,,,,,,,,,,,,,,,,,,,,
,,,,,,,,,,,,,,,,,,,,,
,,,,,,,,,,,,,,,,,,,,,
,,,,,,,,,,,,,,,,,,,,,
,,,,,,,,,,,,,,,,,,,,,
,,,,,,,,,,,,,,,,,,,,,
,,,,,,,,,,,,,,,,,,,,,
,,,,,,,,,,,,,,,,,,,,,
,,,,,,,,,,,,,,,,,,,,,
,,,,,,,,,,,,,,,,,,,,,
,,,,,,,,,,,,,,,,,,,,,
,,,,,,,,,,,,,,,,,,,,,
,,,,,,,,,,,,,,,,,,,,,
,,,,,,,,,,,,,,,,,,,,,
,,,,,,,,,,,,,,,,,,,,,
,,,,,,,,,,,,,,,,,,,,,
,,,,,,,,,,,,,,,,,,,,,
,,,,,,,,,,,,,,,,,,,,,
,,,,,,,,,,,,,,,,,,,,,
,,,,,,,,,,,,,,,,,,,,,
,,,,,,,,,,,,,,,,,,,,,
,,,,,,,,,,,,,,,,,,,,,
,,,,,,,,,,,,,,,,,,,,,
,,,,,,,,,,,,,,,,,,,,,
,,,,,,,,,,,,,,,,,,,,,
,,,,,,,,,,,,,,,,,,,,,
,,,,,,,,,,,,,,,,,,,,,
,,,,,,,,,,,,,,,,,,,,,
,,,,,,,,,,,,,,,,,,,,,
,,,,,,,,,,,,,,,,,,,,,
,,,,,,,,,,,,,,,,,,,,,
,,,,,,,,,,,,,,,,,,,,,
,,,,,,,,,,,,,,,,,,,,,
,,,,,,,,,,,,,,,,,,,,,
,,,,,,,,,,,,,,,,,,,,,
,,,,,,,,,,,,,,,,,,,,,
,,,,,,,,,,,,,,,,,,,,,
,,,,,,,,,,,,,,,,,,,,,
,,,,,,,,,,,,,,,,,,,,,
,,,,,,,,,,,,,,,,,,,,,
,,,,,,,,,,,,,,,,,,,,,
,,,,,,,,,,,,,,,,,,,,,
,,,,,,,,,,,,,,,,,,,,,
,,,,,,,,,,,,,,,,,,,,,
,,,,,,,,,,,,,,,,,,,,,
,,,,,,,,,,,,,,,,,,,,,
,,,,,,,,,,,,,,,,,,,,,
,,,,,,,,,,,,,,,,,,,,,
,,,,,,,,,,,,,,,,,,,,,
,,,,,,,,,,,,,,,,,,,,,
,,,,,,,,,,,,,,,,,,,,,
,,,,,,,,,,,,,,,,,,,,,
,,,,,,,,,,,,,,,,,,,,,
,,,,,,,,,,,,,,,,,,,,,
,,,,,,,,,,,,,,,,,,,,,
,,,,,,,,,,,,,,,,,,,,,
,,,,,,,,,,,,,,,,,,,,,
,,,,,,,,,,,,,,,,,,,,,
,,,,,,,,,,,,,,,,,,,,,
,,,,,,,,,,,,,,,,,,,,,
,,,,,,,,,,,,,,,,,,,,,
,,,,,,,,,,,,,,,,,,,,,
,,,,,,,,,,,,,,,,,,,,,
,,,,,,,,,,,,,,,,,,,,,
,,,,,,,,,,,,,,,,,,,,,
,,,,,,,,,,,,,,,,,,,,,
,,,,,,,,,,,,,,,,,,,,,
,,,,,,,,,,,,,,,,,,,,,
,,,,,,,,,,,,,,,,,,,,,
,,,,,,,,,,,,,,,,,,,,,
,,,,,,,,,,,,,,,,,,,,,
,,,,,,,,,,,,,,,,,,,,,
,,,,,,,,,,,,,,,,,,,,,
,,,,,,,,,,,,,,,,,,,,,
,,,,,,,,,,,,,,,,,,,,,
,,,,,,,,,,,,,,,,,,,,,
,,,,,,,,,,,,,,,,,,,,,
,,,,,,,,,,,,,,,,,,,,,
,,,,,,,,,,,,,,,,,,,,,
,,,,,,,,,,,,,,,,,,,,,
,,,,,,,,,,,,,,,,,,,,,
,,,,,,,,,,,,,,,,,,,,,
,,,,,,,,,,,,,,,,,,,,,
,,,,,,,,,,,,,,,,,,,,,
,,,,,,,,,,,,,,,,,,,,,
,,,,,,,,,,,,,,,,,,,,,
,,,,,,,,,,,,,,,,,,,,,
,,,,,,,,,,,,,,,,,,,,,
,,,,,,,,,,,,,,,,,,,,,
,,,,,,,,,,,,,,,,,,,,,
,,,,,,,,,,,,,,,,,,,,,
,,,,,,,,,,,,,,,,,,,,,
,,,,,,,,,,,,,,,,,,,,,
,,,,,,,,,,,,,,,,,,,,,
,,,,,,,,,,,,,,,,,,,,,
,,,,,,,,,,,,,,,,,,,,,
,,,,,,,,,,,,,,,,,,,,,
,,,,,,,,,,,,,,,,,,,,,
,,,,,,,,,,,,,,,,,,,,,
,,,,,,,,,,,,,,,,,,,,,
,,,,,,,,,,,,,,,,,,,,,
,,,,,,,,,,,,,,,,,,,,,
,,,,,,,,,,,,,,,,,,,,,
,,,,,,,,,,,,,,,,,,,,,
,,,,,,,,,,,,,,,,,,,,,
,,,,,,,,,,,,,,,,,,,,,
,,,,,,,,,,,,,,,,,,,,,
,,,,,,,,,,,,,,,,,,,,,
,,,,,,,,,,,,,,,,,,,,,
,,,,,,,,,,,,,,,,,,,,,
,,,,,,,,,,,,,,,,,,,,,
,,,,,,,,,,,,,,,,,,,,,
,,,,,,,,,,,,,,,,,,,,,
,,,,,,,,,,,,,,,,,,,,,
,,,,,,,,,,,,,,,,,,,,,
,,,,,,,,,,,,,,,,,,,,,
,,,,,,,,,,,,,,,,,,,,,
,,,,,,,,,,,,,,,,,,,,,
,,,,,,,,,,,,,,,,,,,,,
,,,,,,,,,,,,,,,,,,,,,
,,,,,,,,,,,,,,,,,,,,,
,,,,,,,,,,,,,,,,,,,,,
,,,,,,,,,,,,,,,,,,,,,
,,,,,,,,,,,,,,,,,,,,,
,,,,,,,,,,,,,,,,,,,,,
,,,,,,,,,,,,,,,,,,,,,
,,,,,,,,,,,,,,,,,,,,,
,,,,,,,,,,,,,,,,,,,,,
,,,,,,,,,,,,,,,,,,,,,
,,,,,,,,,,,,,,,,,,,,,
,,,,,,,,,,,,,,,,,,,,,
,,,,,,,,,,,,,,,,,,,,,
,,,,,,,,,,,,,,,,,,,,,
,,,,,,,,,,,,,,,,,,,,,
,,,,,,,,,,,,,,,,,,,,,
,,,,,,,,,,,,,,,,,,,,,
,,,,,,,,,,,,,,,,,,,,,
,,,,,,,,,,,,,,,,,,,,,
,,,,,,,,,,,,,,,,,,,,,
,,,,,,,,,,,,,,,,,,,,,
,,,,,,,,,,,,,,,,,,,,,
,,,,,,,,,,,,,,,,,,,,,
,,,,,,,,,,,,,,,,,,,,,
,,,,,,,,,,,,,,,,,,,,,
,,,,,,,,,,,,,,,,,,,,,
,,,,,,,,,,,,,,,,,,,,,
,,,,,,,,,,,,,,,,,,,,,
,,,,,,,,,,,,,,,,,,,,,
,,,,,,,,,,,,,,,,,,,,,
,,,,,,,,,,,,,,,,,,,,,
,,,,,,,,,,,,,,,,,,,,,
,,,,,,,,,,,,,,,,,,,,,
,,,,,,,,,,,,,,,,,,,,,
,,,,,,,,,,,,,,,,,,,,,
,,,,,,,,,,,,,,,,,,,,,
,,,,,,,,,,,,,,,,,,,,,
,,,,,,,,,,,,,,,,,,,,,
,,,,,,,,,,,,,,,,,,,,,
,,,,,,,,,,,,,,,,,,,,,
,,,,,,,,,,,,,,,,,,,,,
,,,,,,,,,,,,,,,,,,,,,
,,,,,,,,,,,,,,,,,,,,,
,,,,,,,,,,,,,,,,,,,,,
,,,,,,,,,,,,,,,,,,,,,
,,,,,,,,,,,,,,,,,,,,,
,,,,,,,,,,,,,,,,,,,,,
,,,,,,,,,,,,,,,,,,,,,
,,,,,,,,,,,,,,,,,,,,,
,,,,,,,,,,,,,,,,,,,,,
,,,,,,,,,,,,,,,,,,,,,
,,,,,,,,,,,,,,,,,,,,,
,,,,,,,,,,,,,,,,,,,,,
,,,,,,,,,,,,,,,,,,,,,
,,,,,,,,,,,,,,,,,,,,,
,,,,,,,,,,,,,,,,,,,,,
,,,,,,,,,,,,,,,,,,,,,
,,,,,,,,,,,,,,,,,,,,,
,,,,,,,,,,,,,,,,,,,,,
,,,,,,,,,,,,,,,,,,,,,
,,,,,,,,,,,,,,,,,,,,,
,,,,,,,,,,,,,,,,,,,,,
,,,,,,,,,,,,,,,,,,,,,
,,,,,,,,,,,,,,,,,,,,,
,,,,,,,,,,,,,,,,,,,,,
,,,,,,,,,,,,,,,,,,,,,
,,,,,,,,,,,,,,,,,,,,,
,,,,,,,,,,,,,,,,,,,,,
,,,,,,,,,,,,,,,,,,,,,
,,,,,,,,,,,,,,,,,,,,,
,,,,,,,,,,,,,,,,,,,,,
,,,,,,,,,,,,,,,,,,,,,
,,,,,,,,,,,,,,,,,,,,,
,,,,,,,,,,,,,,,,,,,,,
,,,,,,,,,,,,,,,,,,,,,
,,,,,,,,,,,,,,,,,,,,,
,,,,,,,,,,,,,,,,,,,,,
,,,,,,,,,,,,,,,,,,,,,
,,,,,,,,,,,,,,,,,,,,,
,,,,,,,,,,,,,,,,,,,,,
,,,,,,,,,,,,,,,,,,,,,
,,,,,,,,,,,,,,,,,,,,,
,,,,,,,,,,,,,,,,,,,,,
,,,,,,,,,,,,,,,,,,,,,
,,,,,,,,,,,,,,,,,,,,,
,,,,,,,,,,,,,,,,,,,,,
,,,,,,,,,,,,,,,,,,,,,
,,,,,,,,,,,,,,,,,,,,,
,,,,,,,,,,,,,,,,,,,,,
,,,,,,,,,,,,,,,,,,,,,
,,,,,,,,,,,,,,,,,,,,,
,,,,,,,,,,,,,,,,,,,,,
,,,,,,,,,,,,,,,,,,,,,
,,,,,,,,,,,,,,,,,,,,,
,,,,,,,,,,,,,,,,,,,,,
,,,,,,,,,,,,,,,,,,,,,
,,,,,,,,,,,,,,,,,,,,,
,,,,,,,,,,,,,,,,,,,,,
,,,,,,,,,,,,,,,,,,,,,
,,,,,,,,,,,,,,,,,,,,,
,,,,,,,,,,,,,,,,,,,,,
,,,,,,,,,,,,,,,,,,,,,
,,,,,,,,,,,,,,,,,,,,,
,,,,,,,,,,,,,,,,,,,,,
,,,,,,,,,,,,,,,,,,,,,
,,,,,,,,,,,,,,,,,,,,,
,,,,,,,,,,,,,,,,,,,,,
,,,,,,,,,,,,,,,,,,,,,
,,,,,,,,,,,,,,,,,,,,,
,,,,,,,,,,,,,,,,,,,,,
,,,,,,,,,,,,,,,,,,,,,
,,,,,,,,,,,,,,,,,,,,,
,,,,,,,,,,,,,,,,,,,,,
,,,,,,,,,,,,,,,,,,,,,
,,,,,,,,,,,,,,,,,,,,,
,,,,,,,,,,,,,,,,,,,,,
,,,,,,,,,,,,,,,,,,,,,
,,,,,,,,,,,,,,,,,,,,,
,,,,,,,,,,,,,,,,,,,,,
,,,,,,,,,,,,,,,,,,,,,
,,,,,,,,,,,,,,,,,,,,,
,,,,,,,,,,,,,,,,,,,,,
,,,,,,,,,,,,,,,,,,,,,
,,,,,,,,,,,,,,,,,,,,,
,,,,,,,,,,,,,,,,,,,,,
,,,,,,,,,,,,,,,,,,,,,
,,,,,,,,,,,,,,,,,,,,,
,,,,,,,,,,,,,,,,,,,,,
,,,,,,,,,,,,,,,,,,,,,
,,,,,,,,,,,,,,,,,,,,,
,,,,,,,,,,,,,,,,,,,,,
,,,,,,,,,,,,,,,,,,,,,
,,,,,,,,,,,,,,,,,,,,,
,,,,,,,,,,,,,,,,,,,,,
,,,,,,,,,,,,,,,,,,,,,
,,,,,,,,,,,,,,,,,,,,,
,,,,,,,,,,,,,,,,,,,,,
,,,,,,,,,,,,,,,,,,,,,
,,,,,,,,,,,,,,,,,,,,,
,,,,,,,,,,,,,,,,,,,,,
,,,,,,,,,,,,,,,,,,,,,
,,,,,,,,,,,,,,,,,,,,,
,,,,,,,,,,,,,,,,,,,,,
,,,,,,,,,,,,,,,,,,,,,
,,,,,,,,,,,,,,,,,,,,,
,,,,,,,,,,,,,,,,,,,,,
,,,,,,,,,,,,,,,,,,,,,
,,,,,,,,,,,,,,,,,,,,,
,,,,,,,,,,,,,,,,,,,,,
,,,,,,,,,,,,,,,,,,,,,
,,,,,,,,,,,,,,,,,,,,,
,,,,,,,,,,,,,,,,,,,,,
,,,,,,,,,,,,,,,,,,,,,
,,,,,,,,,,,,,,,,,,,,,
,,,,,,,,,,,,,,,,,,,,,
,,,,,,,,,,,,,,,,,,,,,
,,,,,,,,,,,,,,,,,,,,,
,,,,,,,,,,,,,,,,,,,,,
,,,,,,,,,,,,,,,,,,,,,
,,,,,,,,,,,,,,,,,,,,,
,,,,,,,,,,,,,,,,,,,,,
,,,,,,,,,,,,,,,,,,,,,
,,,,,,,,,,,,,,,,,,,,,
,,,,,,,,,,,,,,,,,,,,,
,,,,,,,,,,,,,,,,,,,,,
,,,,,,,,,,,,,,,,,,,,,
,,,,,,,,,,,,,,,,,,,,,
,,,,,,,,,,,,,,,,,,,,,
,,,,,,,,,,,,,,,,,,,,,
,,,,,,,,,,,,,,,,,,,,,
,,,,,,,,,,,,,,,,,,,,,
,,,,,,,,,,,,,,,,,,,,,
,,,,,,,,,,,,,,,,,,,,,
,,,,,,,,,,,,,,,,,,,,,
,,,,,,,,,,,,,,,,,,,,,
,,,,,,,,,,,,,,,,,,,,,
,,,,,,,,,,,,,,,,,,,,,
,,,,,,,,,,,,,,,,,,,,,
,,,,,,,,,,,,,,,,,,,,,
,,,,,,,,,,,,,,,,,,,,,
,,,,,,,,,,,,,,,,,,,,,
,,,,,,,,,,,,,,,,,,,,,
,,,,,,,,,,,,,,,,,,,,,
,,,,,,,,,,,,,,,,,,,,,
,,,,,,,,,,,,,,,,,,,,,
,,,,,,,,,,,,,,,,,,,,,
,,,,,,,,,,,,,,,,,,,,,
,,,,,,,,,,,,,,,,,,,,,
,,,,,,,,,,,,,,,,,,,,,
,,,,,,,,,,,,,,,,,,,,,
,,,,,,,,,,,,,,,,,,,,,
,,,,,,,,,,,,,,,,,,,,,
,,,,,,,,,,,,,,,,,,,,,
,,,,,,,,,,,,,,,,,,,,,
,,,,,,,,,,,,,,,,,,,,,
,,,,,,,,,,,,,,,,,,,,,
,,,,,,,,,,,,,,,,,,,,,
,,,,,,,,,,,,,,,,,,,,,
,,,,,,,,,,,,,,,,,,,,,
,,,,,,,,,,,,,,,,,,,,,
,,,,,,,,,,,,,,,,,,,,,
,,,,,,,,,,,,,,,,,,,,,
,,,,,,,,,,,,,,,,,,,,,
,,,,,,,,,,,,,,,,,,,,,
,,,,,,,,,,,,,,,,,,,,,
,,,,,,,,,,,,,,,,,,,,,
,,,,,,,,,,,,,,,,,,,,,
,,,,,,,,,,,,,,,,,,,,,
,,,,,,,,,,,,,,,,,,,,,
,,,,,,,,,,,,,,,,,,,,,
,,,,,,,,,,,,,,,,,,,,,
,,,,,,,,,,,,,,,,,,,,,
,,,,,,,,,,,,,,,,,,,,,
,,,,,,,,,,,,,,,,,,,,,
,,,,,,,,,,,,,,,,,,,,,
,,,,,,,,,,,,,,,,,,,,,
,,,,,,,,,,,,,,,,,,,,,
,,,,,,,,,,,,,,,,,,,,,
,,,,,,,,,,,,,,,,,,,,,
,,,,,,,,,,,,,,,,,,,,,
,,,,,,,,,,,,,,,,,,,,,
,,,,,,,,,,,,,,,,,,,,,
,,,,,,,,,,,,,,,,,,,,,
,,,,,,,,,,,,,,,,,,,,,
,,,,,,,,,,,,,,,,,,,,,
,,,,,,,,,,,,,,,,,,,,,
,,,,,,,,,,,,,,,,,,,,,
,,,,,,,,,,,,,,,,,,,,,
,,,,,,,,,,,,,,,,,,,,,
,,,,,,,,,,,,,,,,,,,,,
,,,,,,,,,,,,,,,,,,,,,
,,,,,,,,,,,,,,,,,,,,,
,,,,,,,,,,,,,,,,,,,,,
,,,,,,,,,,,,,,,,,,,,,
,,,,,,,,,,,,,,,,,,,,,
,,,,,,,,,,,,,,,,,,,,,
,,,,,,,,,,,,,,,,,,,,,
,,,,,,,,,,,,,,,,,,,,,
,,,,,,,,,,,,,,,,,,,,,
,,,,,,,,,,,,,,,,,,,,,
,,,,,,,,,,,,,,,,,,,,,
,,,,,,,,,,,,,,,,,,,,,
,,,,,,,,,,,,,,,,,,,,,
,,,,,,,,,,,,,,,,,,,,,
,,,,,,,,,,,,,,,,,,,,,
,,,,,,,,,,,,,,,,,,,,,
,,,,,,,,,,,,,,,,,,,,,
,,,,,,,,,,,,,,,,,,,,,
,,,,,,,,,,,,,,,,,,,,,
,,,,,,,,,,,,,,,,,,,,,
,,,,,,,,,,,,,,,,,,,,,
,,,,,,,,,,,,,,,,,,,,,
,,,,,,,,,,,,,,,,,,,,,
,,,,,,,,,,,,,,,,,,,,,
,,,,,,,,,,,,,,,,,,,,,
,,,,,,,,,,,,,,,,,,,,,
,,,,,,,,,,,,,,,,,,,,,
,,,,,,,,,,,,,,,,,,,,,
,,,,,,,,,,,,,,,,,,,,,
,,,,,,,,,,,,,,,,,,,,,
,,,,,,,,,,,,,,,,,,,,,
,,,,,,,,,,,,,,,,,,,,,
,,,,,,,,,,,,,,,,,,,,,
,,,,,,,,,,,,,,,,,,,,,
,,,,,,,,,,,,,,,,,,,,,
,,,,,,,,,,,,,,,,,,,,,
,,,,,,,,,,,,,,,,,,,,,
,,,,,,,,,,,,,,,,,,,,,
,,,,,,,,,,,,,,,,,,,,,
,,,,,,,,,,,,,,,,,,,,,
,,,,,,,,,,,,,,,,,,,,,
,,,,,,,,,,,,,,,,,,,,,
,,,,,,,,,,,,,,,,,,,,,
,,,,,,,,,,,,,,,,,,,,,
,,,,,,,,,,,,,,,,,,,,,
,,,,,,,,,,,,,,,,,,,,,
,,,,,,,,,,,,,,,,,,,,,
,,,,,,,,,,,,,,,,,,,,,
,,,,,,,,,,,,,,,,,,,,,
,,,,,,,,,,,,,,,,,,,,,
,,,,,,,,,,,,,,,,,,,,,
,,,,,,,,,,,,,,,,,,,,,
,,,,,,,,,,,,,,,,,,,,,
,,,,,,,,,,,,,,,,,,,,,
,,,,,,,,,,,,,,,,,,,,,
,,,,,,,,,,,,,,,,,,,,,
,,,,,,,,,,,,,,,,,,,,,
,,,,,,,,,,,,,,,,,,,,,
,,,,,,,,,,,,,,,,,,,,,
,,,,,,,,,,,,,,,,,,,,,
,,,,,,,,,,,,,,,,,,,,,
,,,,,,,,,,,,,,,,,,,,,
,,,,,,,,,,,,,,,,,,,,,
,,,,,,,,,,,,,,,,,,,,,
,,,,,,,,,,,,,,,,,,,,,
,,,,,,,,,,,,,,,,,,,,,
,,,,,,,,,,,,,,,,,,,,,
,,,,,,,,,,,,,,,,,,,,,
,,,,,,,,,,,,,,,,,,,,,
,,,,,,,,,,,,,,,,,,,,,
,,,,,,,,,,,,,,,,,,,,,
,,,,,,,,,,,,,,,,,,,,,
,,,,,,,,,,,,,,,,,,,,,
,,,,,,,,,,,,,,,,,,,,,
,,,,,,,,,,,,,,,,,,,,,
,,,,,,,,,,,,,,,,,,,,,
,,,,,,,,,,,,,,,,,,,,,
,,,,,,,,,,,,,,,,,,,,,
,,,,,,,,,,,,,,,,,,,,,
,,,,,,,,,,,,,,,,,,,,,
,,,,,,,,,,,,,,,,,,,,,
,,,,,,,,,,,,,,,,,,,,,
,,,,,,,,,,,,,,,,,,,,,
,,,,,,,,,,,,,,,,,,,,,
,,,,,,,,,,,,,,,,,,,,,
,,,,,,,,,,,,,,,,,,,,,
,,,,,,,,,,,,,,,,,,,,,
,,,,,,,,,,,,,,,,,,,,,
,,,,,,,,,,,,,,,,,,,,,
,,,,,,,,,,,,,,,,,,,,,
,,,,,,,,,,,,,,,,,,,,,
,,,,,,,,,,,,,,,,,,,,,
,,,,,,,,,,,,,,,,,,,,,
,,,,,,,,,,,,,,,,,,,,,
,,,,,,,,,,,,,,,,,,,,,
,,,,,,,,,,,,,,,,,,,,,
,,,,,,,,,,,,,,,,,,,,,
,,,,,,,,,,,,,,,,,,,,,
,,,,,,,,,,,,,,,,,,,,,
,,,,,,,,,,,,,,,,,,,,,
,,,,,,,,,,,,,,,,,,,,,
,,,,,,,,,,,,,,,,,,,,,
,,,,,,,,,,,,,,,,,,,,,
,,,,,,,,,,,,,,,,,,,,,
,,,,,,,,,,,,,,,,,,,,,
,,,,,,,,,,,,,,,,,,,,,
,,,,,,,,,,,,,,,,,,,,,
,,,,,,,,,,,,,,,,,,,,,
,,,,,,,,,,,,,,,,,,,,,
,,,,,,,,,,,,,,,,,,,,,
,,,,,,,,,,,,,,,,,,,,,
,,,,,,,,,,,,,,,,,,,,,
,,,,,,,,,,,,,,,,,,,,,
,,,,,,,,,,,,,,,,,,,,,
,,,,,,,,,,,,,,,,,,,,,
,,,,,,,,,,,,,,,,,,,,,
,,,,,,,,,,,,,,,,,,,,,
,,,,,,,,,,,,,,,,,,,,,
,,,,,,,,,,,,,,,,,,,,,
,,,,,,,,,,,,,,,,,,,,,
,,,,,,,,,,,,,,,,,,,,,
,,,,,,,,,,,,,,,,,,,,,
,,,,,,,,,,,,,,,,,,,,,
,,,,,,,,,,,,,,,,,,,,,
,,,,,,,,,,,,,,,,,,,,,
,,,,,,,,,,,,,,,,,,,,,
,,,,,,,,,,,,,,,,,,,,,
,,,,,,,,,,,,,,,,,,,,,
,,,,,,,,,,,,,,,,,,,,,
,,,,,,,,,,,,,,,,,,,,,
,,,,,,,,,,,,,,,,,,,,,
,,,,,,,,,,,,,,,,,,,,,
,,,,,,,,,,,,,,,,,,,,,
,,,,,,,,,,,,,,,,,,,,,
,,,,,,,,,,,,,,,,,,,,,
,,,,,,,,,,,,,,,,,,,,,
,,,,,,,,,,,,,,,,,,,,,
,,,,,,,,,,,,,,,,,,,,,
,,,,,,,,,,,,,,,,,,,,,
,,,,,,,,,,,,,,,,,,,,,
,,,,,,,,,,,,,,,,,,,,,
,,,,,,,,,,,,,,,,,,,,,
,,,,,,,,,,,,,,,,,,,,,
,,,,,,,,,,,,,,,,,,,,,
,,,,,,,,,,,,,,,,,,,,,
,,,,,,,,,,,,,,,,,,,,,
,,,,,,,,,,,,,,,,,,,,,
,,,,,,,,,,,,,,,,,,,,,
,,,,,,,,,,,,,,,,,,,,,
,,,,,,,,,,,,,,,,,,,,,
,,,,,,,,,,,,,,,,,,,,,
,,,,,,,,,,,,,,,,,,,,,
,,,,,,,,,,,,,,,,,,,,,
,,,,,,,,,,,,,,,,,,,,,
,,,,,,,,,,,,,,,,,,,,,
,,,,,,,,,,,,,,,,,,,,,
,,,,,,,,,,,,,,,,,,,,,
,,,,,,,,,,,,,,,,,,,,,
,,,,,,,,,,,,,,,,,,,,,
,,,,,,,,,,,,,,,,,,,,,
,,,,,,,,,,,,,,,,,,,,,
,,,,,,,,,,,,,,,,,,,,,
,,,,,,,,,,,,,,,,,,,,,
,,,,,,,,,,,,,,,,,,,,,
,,,,,,,,,,,,,,,,,,,,,
,,,,,,,,,,,,,,,,,,,,,
,,,,,,,,,,,,,,,,,,,,,
,,,,,,,,,,,,,,,,,,,,,
,,,,,,,,,,,,,,,,,,,,,
,,,,,,,,,,,,,,,,,,,,,
,,,,,,,,,,,,,,,,,,,,,
,,,,,,,,,,,,,,,,,,,,,
,,,,,,,,,,,,,,,,,,,,,
,,,,,,,,,,,,,,,,,,,,,
,,,,,,,,,,,,,,,,,,,,,
,,,,,,,,,,,,,,,,,,,,,
,,,,,,,,,,,,,,,,,,,,,
,,,,,,,,,,,,,,,,,,,,,
,,,,,,,,,,,,,,,,,,,,,
,,,,,,,,,,,,,,,,,,,,,
,,,,,,,,,,,,,,,,,,,,,
,,,,,,,,,,,,,,,,,,,,,
,,,,,,,,,,,,,,,,,,,,,
,,,,,,,,,,,,,,,,,,,,,
,,,,,,,,,,,,,,,,,,,,,
,,,,,,,,,,,,,,,,,,,,,
,,,,,,,,,,,,,,,,,,,,,
,,,,,,,,,,,,,,,,,,,,,
,,,,,,,,,,,,,,,,,,,,,
,,,,,,,,,,,,,,,,,,,,,
,,,,,,,,,,,,,,,,,,,,,
,,,,,,,,,,,,,,,,,,,,,
,,,,,,,,,,,,,,,,,,,,,
,,,,,,,,,,,,,,,,,,,,,
,,,,,,,,,,,,,,,,,,,,,
,,,,,,,,,,,,,,,,,,,,,
,,,,,,,,,,,,,,,,,,,,,
,,,,,,,,,,,,,,,,,,,,,
,,,,,,,,,,,,,,,,,,,,,
,,,,,,,,,,,,,,,,,,,,,
,,,,,,,,,,,,,,,,,,,,,
,,,,,,,,,,,,,,,,,,,,,
,,,,,,,,,,,,,,,,,,,,,
,,,,,,,,,,,,,,,,,,,,,
,,,,,,,,,,,,,,,,,,,,,
,,,,,,,,,,,,,,,,,,,,,
,,,,,,,,,,,,,,,,,,,,,
,,,,,,,,,,,,,,,,,,,,,
,,,,,,,,,,,,,,,,,,,,,
,,,,,,,,,,,,,,,,,,,,,
,,,,,,,,,,,,,,,,,,,,,
,,,,,,,,,,,,,,,,,,,,,
,,,,,,,,,,,,,,,,,,,,,
,,,,,,,,,,,,,,,,,,,,,
,,,,,,,,,,,,,,,,,,,,,
,,,,,,,,,,,,,,,,,,,,,
,,,,,,,,,,,,,,,,,,,,,
,,,,,,,,,,,,,,,,,,,,,
,,,,,,,,,,,,,,,,,,,,,
,,,,,,,,,,,,,,,,,,,,,
,,,,,,,,,,,,,,,,,,,,,
,,,,,,,,,,,,,,,,,,,,,
,,,,,,,,,,,,,,,,,,,,,
,,,,,,,,,,,,,,,,,,,,,
,,,,,,,,,,,,,,,,,,,,,
,,,,,,,,,,,,,,,,,,,,,
,,,,,,,,,,,,,,,,,,,,,
,,,,,,,,,,,,,,,,,,,,,
,,,,,,,,,,,,,,,,,,,,,
,,,,,,,,,,,,,,,,,,,,,
,,,,,,,,,,,,,,,,,,,,,
,,,,,,,,,,,,,,,,,,,,,
,,,,,,,,,,,,,,,,,,,,,
,,,,,,,,,,,,,,,,,,,,,
,,,,,,,,,,,,,,,,,,,,,
,,,,,,,,,,,,,,,,,,,,,
,,,,,,,,,,,,,,,,,,,,,
,,,,,,,,,,,,,,,,,,,,,
,,,,,,,,,,,,,,,,,,,,,
,,,,,,,,,,,,,,,,,,,,,
,,,,,,,,,,,,,,,,,,,,,
,,,,,,,,,,,,,,,,,,,,,
,,,,,,,,,,,,,,,,,,,,,
,,,,,,,,,,,,,,,,,,,,,
,,,,,,,,,,,,,,,,,,,,,
,,,,,,,,,,,,,,,,,,,,,
,,,,,,,,,,,,,,,,,,,,,
,,,,,,,,,,,,,,,,,,,,,
,,,,,,,,,,,,,,,,,,,,,
,,,,,,,,,,,,,,,,,,,,,
,,,,,,,,,,,,,,,,,,,,,
,,,,,,,,,,,,,,,,,,,,,
,,,,,,,,,,,,,,,,,,,,,
,,,,,,,,,,,,,,,,,,,,,
,,,,,,,,,,,,,,,,,,,,,
,,,,,,,,,,,,,,,,,,,,,
,,,,,,,,,,,,,,,,,,,,,
,,,,,,,,,,,,,,,,,,,,,
,,,,,,,,,,,,,,,,,,,,,
,,,,,,,,,,,,,,,,,,,,,
,,,,,,,,,,,,,,,,,,,,,
,,,,,,,,,,,,,,,,,,,,,
,,,,,,,,,,,,,,,,,,,,,
,,,,,,,,,,,,,,,,,,,,,
,,,,,,,,,,,,,,,,,,,,,
,,,,,,,,,,,,,,,,,,,,,
,,,,,,,,,,,,,,,,,,,,,
,,,,,,,,,,,,,,,,,,,,,
,,,,,,,,,,,,,,,,,,,,,
,,,,,,,,,,,,,,,,,,,,,
,,,,,,,,,,,,,,,,,,,,,
,,,,,,,,,,,,,,,,,,,,,
,,,,,,,,,,,,,,,,,,,,,
,,,,,,,,,,,,,,,,,,,,,
,,,,,,,,,,,,,,,,,,,,,
,,,,,,,,,,,,,,,,,,,,,
,,,,,,,,,,,,,,,,,,,,,
,,,,,,,,,,,,,,,,,,,,,
,,,,,,,,,,,,,,,,,,,,,
,,,,,,,,,,,,,,,,,,,,,
,,,,,,,,,,,,,,,,,,,,,
,,,,,,,,,,,,,,,,,,,,,
,,,,,,,,,,,,,,,,,,,,,
,,,,,,,,,,,,,,,,,,,,,
,,,,,,,,,,,,,,,,,,,,,
,,,,,,,,,,,,,,,,,,,,,
,,,,,,,,,,,,,,,,,,,,,
,,,,,,,,,,,,,,,,,,,,,
,,,,,,,,,,,,,,,,,,,,,
,,,,,,,,,,,,,,,,,,,,,
,,,,,,,,,,,,,,,,,,,,,
,,,,,,,,,,,,,,,,,,,,,
,,,,,,,,,,,,,,,,,,,,,
,,,,,,,,,,,,,,,,,,,,,
,,,,,,,,,,,,,,,,,,,,,
,,,,,,,,,,,,,,,,,,,,,
,,,,,,,,,,,,,,,,,,,,,
,,,,,,,,,,,,,,,,,,,,,
,,,,,,,,,,,,,,,,,,,,,
,,,,,,,,,,,,,,,,,,,,,
,,,,,,,,,,,,,,,,,,,,,
,,,,,,,,,,,,,,,,,,,,,
,,,,,,,,,,,,,,,,,,,,,
,,,,,,,,,,,,,,,,,,,,,
,,,,,,,,,,,,,,,,,,,,,
,,,,,,,,,,,,,,,,,,,,,
,,,,,,,,,,,,,,,,,,,,,
,,,,,,,,,,,,,,,,,,,,,
,,,,,,,,,,,,,,,,,,,,,
,,,,,,,,,,,,,,,,,,,,,
,,,,,,,,,,,,,,,,,,,,,
,,,,,,,,,,,,,,,,,,,,,
,,,,,,,,,,,,,,,,,,,,,
,,,,,,,,,,,,,,,,,,,,,
,,,,,,,,,,,,,,,,,,,,,
,,,,,,,,,,,,,,,,,,,,,
,,,,,,,,,,,,,,,,,,,,,
,,,,,,,,,,,,,,,,,,,,,
,,,,,,,,,,,,,,,,,,,,,
,,,,,,,,,,,,,,,,,,,,,
,,,,,,,,,,,,,,,,,,,,,
,,,,,,,,,,,,,,,,,,,,,
,,,,,,,,,,,,,,,,,,,,,
,,,,,,,,,,,,,,,,,,,,,
,,,,,,,,,,,,,,,,,,,,,
,,,,,,,,,,,,,,,,,,,,,
,,,,,,,,,,,,,,,,,,,,,
,,,,,,,,,,,,,,,,,,,,,
,,,,,,,,,,,,,,,,,,,,,
,,,,,,,,,,,,,,,,,,,,,
,,,,,,,,,,,,,,,,,,,,,
,,,,,,,,,,,,,,,,,,,,,
,,,,,,,,,,,,,,,,,,,,,
,,,,,,,,,,,,,,,,,,,,,
,,,,,,,,,,,,,,,,,,,,,
,,,,,,,,,,,,,,,,,,,,,
,,,,,,,,,,,,,,,,,,,,,
,,,,,,,,,,,,,,,,,,,,,
,,,,,,,,,,,,,,,,,,,,,
,,,,,,,,,,,,,,,,,,,,,
,,,,,,,,,,,,,,,,,,,,,
,,,,,,,,,,,,,,,,,,,,,
,,,,,,,,,,,,,,,,,,,,,
,,,,,,,,,,,,,,,,,,,,,
,,,,,,,,,,,,,,,,,,,,,
,,,,,,,,,,,,,,,,,,,,,
,,,,,,,,,,,,,,,,,,,,,
,,,,,,,,,,,,,,,,,,,,,
,,,,,,,,,,,,,,,,,,,,,
,,,,,,,,,,,,,,,,,,,,,
,,,,,,,,,,,,,,,,,,,,,
,,,,,,,,,,,,,,,,,,,,,
,,,,,,,,,,,,,,,,,,,,,
,,,,,,,,,,,,,,,,,,,,,
,,,,,,,,,,,,,,,,,,,,,
,,,,,,,,,,,,,,,,,,,,,
,,,,,,,,,,,,,,,,,,,,,
,,,,,,,,,,,,,,,,,,,,,
,,,,,,,,,,,,,,,,,,,,,
,,,,,,,,,,,,,,,,,,,,,
,,,,,,,,,,,,,,,,,,,,,
,,,,,,,,,,,,,,,,,,,,,
,,,,,,,,,,,,,,,,,,,,,
,,,,,,,,,,,,,,,,,,,,,
,,,,,,,,,,,,,,,,,,,,,
,,,,,,,,,,,,,,,,,,,,,
,,,,,,,,,,,,,,,,,,,,,
,,,,,,,,,,,,,,,,,,,,,
,,,,,,,,,,,,,,,,,,,,,
,,,,,,,,,,,,,,,,,,,,,
,,,,,,,,,,,,,,,,,,,,,
,,,,,,,,,,,,,,,,,,,,,
,,,,,,,,,,,,,,,,,,,,,
,,,,,,,,,,,,,,,,,,,,,
,,,,,,,,,,,,,,,,,,,,,
,,,,,,,,,,,,,,,,,,,,,
,,,,,,,,,,,,,,,,,,,,,
,,,,,,,,,,,,,,,,,,,,,
,,,,,,,,,,,,,,,,,,,,,
,,,,,,,,,,,,,,,,,,,,,
,,,,,,,,,,,,,,,,,,,,,
,,,,,,,,,,,,,,,,,,,,,
,,,,,,,,,,,,,,,,,,,,,
,,,,,,,,,,,,,,,,,,,,,
,,,,,,,,,,,,,,,,,,,,,
,,,,,,,,,,,,,,,,,,,,,
,,,,,,,,,,,,,,,,,,,,,
,,,,,,,,,,,,,,,,,,,,,
,,,,,,,,,,,,,,,,,,,,,
,,,,,,,,,,,,,,,,,,,,,
,,,,,,,,,,,,,,,,,,,,,
,,,,,,,,,,,,,,,,,,,,,
,,,,,,,,,,,,,,,,,,,,,
,,,,,,,,,,,,,,,,,,,,,
,,,,,,,,,,,,,,,,,,,,,
,,,,,,,,,,,,,,,,,,,,,
,,,,,,,,,,,,,,,,,,,,,
,,,,,,,,,,,,,,,,,,,,,
,,,,,,,,,,,,,,,,,,,,,
,,,,,,,,,,,,,,,,,,,,,
,,,,,,,,,,,,,,,,,,,,,
,,,,,,,,,,,,,,,,,,,,,
,,,,,,,,,,,,,,,,,,,,,
,,,,,,,,,,,,,,,,,,,,,
,,,,,,,,,,,,,,,,,,,,,
,,,,,,,,,,,,,,,,,,,,,
,,,,,,,,,,,,,,,,,,,,,
,,,,,,,,,,,,,,,,,,,,,
,,,,,,,,,,,,,,,,,,,,,
,,,,,,,,,,,,,,,,,,,,,
,,,,,,,,,,,,,,,,,,,,,
,,,,,,,,,,,,,,,,,,,,,
,,,,,,,,,,,,,,,,,,,,,
,,,,,,,,,,,,,,,,,,,,,
,,,,,,,,,,,,,,,,,,,,,
,,,,,,,,,,,,,,,,,,,,,
,,,,,,,,,,,,,,,,,,,,,
,,,,,,,,,,,,,,,,,,,,,
,,,,,,,,,,,,,,,,,,,,,
,,,,,,,,,,,,,,,,,,,,,
,,,,,,,,,,,,,,,,,,,,,
,,,,,,,,,,,,,,,,,,,,,
,,,,,,,,,,,,,,,,,,,,,
,,,,,,,,,,,,,,,,,,,,,
,,,,,,,,,,,,,,,,,,,,,
,,,,,,,,,,,,,,,,,,,,,
,,,,,,,,,,,,,,,,,,,,,
,,,,,,,,,,,,,,,,,,,,,
,,,,,,,,,,,,,,,,,,,,,
,,,,,,,,,,,,,,,,,,,,,
,,,,,,,,,,,,,,,,,,,,,
,,,,,,,,,,,,,,,,,,,,,
,,,,,,,,,,,,,,,,,,,,,
,,,,,,,,,,,,,,,,,,,,,
,,,,,,,,,,,,,,,,,,,,,
,,,,,,,,,,,,,,,,,,,,,
,,,,,,,,,,,,,,,,,,,,,
,,,,,,,,,,,,,,,,,,,,,
,,,,,,,,,,,,,,,,,,,,,
,,,,,,,,,,,,,,,,,,,,,
,,,,,,,,,,,,,,,,,,,,,
,,,,,,,,,,,,,,,,,,,,,
,,,,,,,,,,,,,,,,,,,,,
,,,,,,,,,,,,,,,,,,,,,
,,,,,,,,,,,,,,,,,,,,,
,,,,,,,,,,,,,,,,,,,,,
,,,,,,,,,,,,,,,,,,,,,
,,,,,,,,,,,,,,,,,,,,,
,,,,,,,,,,,,,,,,,,,,,
,,,,,,,,,,,,,,,,,,,,,
,,,,,,,,,,,,,,,,,,,,,
,,,,,,,,,,,,,,,,,,,,,
,,,,,,,,,,,,,,,,,,,,,
,,,,,,,,,,,,,,,,,,,,,
,,,,,,,,,,,,,,,,,,,,,
,,,,,,,,,,,,,,,,,,,,,
,,,,,,,,,,,,,,,,,,,,,
,,,,,,,,,,,,,,,,,,,,,
,,,,,,,,,,,,,,,,,,,,,
,,,,,,,,,,,,,,,,,,,,,
,,,,,,,,,,,,,,,,,,,,,
,,,,,,,,,,,,,,,,,,,,,
,,,,,,,,,,,,,,,,,,,,,
,,,,,,,,,,,,,,,,,,,,,
,,,,,,,,,,,,,,,,,,,,,
,,,,,,,,,,,,,,,,,,,,,
,,,,,,,,,,,,,,,,,,,,,
,,,,,,,,,,,,,,,,,,,,,
,,,,,,,,,,,,,,,,,,,,,
,,,,,,,,,,,,,,,,,,,,,
,,,,,,,,,,,,,,,,,,,,,
,,,,,,,,,,,,,,,,,,,,,
,,,,,,,,,,,,,,,,,,,,,
,,,,,,,,,,,,,,,,,,,,,
,,,,,,,,,,,,,,,,,,,,,
,,,,,,,,,,,,,,,,,,,,,
,,,,,,,,,,,,,,,,,,,,,
,,,,,,,,,,,,,,,,,,,,,
,,,,,,,,,,,,,,,,,,,,,
,,,,,,,,,,,,,,,,,,,,,
,,,,,,,,,,,,,,,,,,,,,
,,,,,,,,,,,,,,,,,,,,,
,,,,,,,,,,,,,,,,,,,,,
,,,,,,,,,,,,,,,,,,,,,
,,,,,,,,,,,,,,,,,,,,,
,,,,,,,,,,,,,,,,,,,,,
,,,,,,,,,,,,,,,,,,,,,
,,,,,,,,,,,,,,,,,,,,,
,,,,,,,,,,,,,,,,,,,,,
,,,,,,,,,,,,,,,,,,,,,
,,,,,,,,,,,,,,,,,,,,,
,,,,,,,,,,,,,,,,,,,,,
,,,,,,,,,,,,,,,,,,,,,
,,,,,,,,,,,,,,,,,,,,,
,,,,,,,,,,,,,,,,,,,,,
,,,,,,,,,,,,,,,,,,,,,
,,,,,,,,,,,,,,,,,,,,,
,,,,,,,,,,,,,,,,,,,,,
,,,,,,,,,,,,,,,,,,,,,
,,,,,,,,,,,,,,,,,,,,,
,,,,,,,,,,,,,,,,,,,,,
,,,,,,,,,,,,,,,,,,,,,
,,,,,,,,,,,,,,,,,,,,,
,,,,,,,,,,,,,,,,,,,,,
,,,,,,,,,,,,,,,,,,,,,
,,,,,,,,,,,,,,,,,,,,,
,,,,,,,,,,,,,,,,,,,,,
,,,,,,,,,,,,,,,,,,,,,
,,,,,,,,,,,,,,,,,,,,,
,,,,,,,,,,,,,,,,,,,,,
,,,,,,,,,,,,,,,,,,,,,
,,,,,,,,,,,,,,,,,,,,,
,,,,,,,,,,,,,,,,,,,,,
,,,,,,,,,,,,,,,,,,,,,
,,,,,,,,,,,,,,,,,,,,,
,,,,,,,,,,,,,,,,,,,,,
,,,,,,,,,,,,,,,,,,,,,
,,,,,,,,,,,,,,,,,,,,,
,,,,,,,,,,,,,,,,,,,,,
,,,,,,,,,,,,,,,,,,,,,
,,,,,,,,,,,,,,,,,,,,,
,,,,,,,,,,,,,,,,,,,,,
,,,,,,,,,,,,,,,,,,,,,
,,,,,,,,,,,,,,,,,,,,,
,,,,,,,,,,,,,,,,,,,,,
,,,,,,,,,,,,,,,,,,,,,
,,,,,,,,,,,,,,,,,,,,,
,,,,,,,,,,,,,,,,,,,,,
,,,,,,,,,,,,,,,,,,,,,
,,,,,,,,,,,,,,,,,,,,,
,,,,,,,,,,,,,,,,,,,,,
,,,,,,,,,,,,,,,,,,,,,
,,,,,,,,,,,,,,,,,,,,,
,,,,,,,,,,,,,,,,,,,,,
,,,,,,,,,,,,,,,,,,,,,
,,,,,,,,,,,,,,,,,,,,,
,,,,,,,,,,,,,,,,,,,,,
,,,,,,,,,,,,,,,,,,,,,
,,,,,,,,,,,,,,,,,,,,,
,,,,,,,,,,,,,,,,,,,,,
,,,,,,,,,,,,,,,,,,,,,
,,,,,,,,,,,,,,,,,,,,,
,,,,,,,,,,,,,,,,,,,,,
,,,,,,,,,,,,,,,,,,,,,
,,,,,,,,,,,,,,,,,,,,,
,,,,,,,,,,,,,,,,,,,,,
,,,,,,,,,,,,,,,,,,,,,
,,,,,,,,,,,,,,,,,,,,,
,,,,,,,,,,,,,,,,,,,,,
,,,,,,,,,,,,,,,,,,,,,
,,,,,,,,,,,,,,,,,,,,,
,,,,,,,,,,,,,,,,,,,,,
,,,,,,,,,,,,,,,,,,,,,
,,,,,,,,,,,,,,,,,,,,,
,,,,,,,,,,,,,,,,,,,,,
,,,,,,,,,,,,,,,,,,,,,
,,,,,,,,,,,,,,,,,,,,,
,,,,,,,,,,,,,,,,,,,,,
,,,,,,,,,,,,,,,,,,,,,
,,,,,,,,,,,,,,,,,,,,,
,,,,,,,,,,,,,,,,,,,,,
,,,,,,,,,,,,,,,,,,,,,
,,,,,,,,,,,,,,,,,,,,,
,,,,,,,,,,,,,,,,,,,,,
,,,,,,,,,,,,,,,,,,,,,
,,,,,,,,,,,,,,,,,,,,,
,,,,,,,,,,,,,,,,,,,,,
,,,,,,,,,,,,,,,,,,,,,
,,,,,,,,,,,,,,,,,,,,,
,,,,,,,,,,,,,,,,,,,,,
,,,,,,,,,,,,,,,,,,,,,
,,,,,,,,,,,,,,,,,,,,,
,,,,,,,,,,,,,,,,,,,,,
,,,,,,,,,,,,,,,,,,,,,
,,,,,,,,,,,,,,,,,,,,,
,,,,,,,,,,,,,,,,,,,,,
,,,,,,,,,,,,,,,,,,,,,
,,,,,,,,,,,,,,,,,,,,,
,,,,,,,,,,,,,,,,,,,,,
,,,,,,,,,,,,,,,,,,,,,
,,,,,,,,,,,,,,,,,,,,,
,,,,,,,,,,,,,,,,,,,,,
,,,,,,,,,,,,,,,,,,,,,
,,,,,,,,,,,,,,,,,,,,,
,,,,,,,,,,,,,,,,,,,,,
,,,,,,,,,,,,,,,,,,,,,
,,,,,,,,,,,,,,,,,,,,,
,,,,,,,,,,,,,,,,,,,,,
,,,,,,,,,,,,,,,,,,,,,
,,,,,,,,,,,,,,,,,,,,,
,,,,,,,,,,,,,,,,,,,,,
,,,,,,,,,,,,,,,,,,,,,
,,,,,,,,,,,,,,,,,,,,,
,,,,,,,,,,,,,,,,,,,,,
,,,,,,,,,,,,,,,,,,,,,
,,,,,,,,,,,,,,,,,,,,,
,,,,,,,,,,,,,,,,,,,,,
,,,,,,,,,,,,,,,,,,,,,
,,,,,,,,,,,,,,,,,,,,,
,,,,,,,,,,,,,,,,,,,,,
,,,,,,,,,,,,,,,,,,,,,
,,,,,,,,,,,,,,,,,,,,,
,,,,,,,,,,,,,,,,,,,,,
,,,,,,,,,,,,,,,,,,,,,
,,,,,,,,,,,,,,,,,,,,,
,,,,,,,,,,,,,,,,,,,,,
,,,,,,,,,,,,,,,,,,,,,
,,,,,,,,,,,,,,,,,,,,,
,,,,,,,,,,,,,,,,,,,,,
,,,,,,,,,,,,,,,,,,,,,
,,,,,,,,,,,,,,,,,,,,,
,,,,,,,,,,,,,,,,,,,,,
,,,,,,,,,,,,,,,,,,,,,
,,,,,,,,,,,,,,,,,,,,,
,,,,,,,,,,,,,,,,,,,,,
,,,,,,,,,,,,,,,,,,,,,
,,,,,,,,,,,,,,,,,,,,,
,,,,,,,,,,,,,,,,,,,,,
,,,,,,,,,,,,,,,,,,,,,
,,,,,,,,,,,,,,,,,,,,,
,,,,,,,,,,,,,,,,,,,,,
,,,,,,,,,,,,,,,,,,,,,
,,,,,,,,,,,,,,,,,,,,,
,,,,,,,,,,,,,,,,,,,,,
,,,,,,,,,,,,,,,,,,,,,
,,,,,,,,,,,,,,,,,,,,,
,,,,,,,,,,,,,,,,,,,,,
,,,,,,,,,,,,,,,,,,,,,
,,,,,,,,,,,,,,,,,,,,,
,,,,,,,,,,,,,,,,,,,,,
,,,,,,,,,,,,,,,,,,,,,
,,,,,,,,,,,,,,,,,,,,,
,,,,,,,,,,,,,,,,,,,,,
,,,,,,,,,,,,,,,,,,,,,
,,,,,,,,,,,,,,,,,,,,,
,,,,,,,,,,,,,,,,,,,,,
,,,,,,,,,,,,,,,,,,,,,
,,,,,,,,,,,,,,,,,,,,,
,,,,,,,,,,,,,,,,,,,,,
,,,,,,,,,,,,,,,,,,,,,
,,,,,,,,,,,,,,,,,,,,,
,,,,,,,,,,,,,,,,,,,,,
,,,,,,,,,,,,,,,,,,,,,
,,,,,,,,,,,,,,,,,,,,,
,,,,,,,,,,,,,,,,,,,,,
,,,,,,,,,,,,,,,,,,,,,
,,,,,,,,,,,,,,,,,,,,,
,,,,,,,,,,,,,,,,,,,,,
,,,,,,,,,,,,,,,,,,,,,
,,,,,,,,,,,,,,,,,,,,,
,,,,,,,,,,,,,,,,,,,,,
,,,,,,,,,,,,,,,,,,,,,
,,,,,,,,,,,,,,,,,,,,,
,,,,,,,,,,,,,,,,,,,,,
,,,,,,,,,,,,,,,,,,,,,
,,,,,,,,,,,,,,,,,,,,,
,,,,,,,,,,,,,,,,,,,,,
,,,,,,,,,,,,,,,,,,,,,
,,,,,,,,,,,,,,,,,,,,,
,,,,,,,,,,,,,,,,,,,,,
,,,,,,,,,,,,,,,,,,,,,
,,,,,,,,,,,,,,,,,,,,,
,,,,,,,,,,,,,,,,,,,,,
,,,,,,,,,,,,,,,,,,,,,
,,,,,,,,,,,,,,,,,,,,,
,,,,,,,,,,,,,,,,,,,,,
,,,,,,,,,,,,,,,,,,,,,
,,,,,,,,,,,,,,,,,,,,,
,,,,,,,,,,,,,,,,,,,,,
,,,,,,,,,,,,,,,,,,,,,
,,,,,,,,,,,,,,,,,,,,,
,,,,,,,,,,,,,,,,,,,,,
,,,,,,,,,,,,,,,,,,,,,
,,,,,,,,,,,,,,,,,,,,,
,,,,,,,,,,,,,,,,,,,,,
,,,,,,,,,,,,,,,,,,,,,
,,,,,,,,,,,,,,,,,,,,,
,,,,,,,,,,,,,,,,,,,,,
,,,,,,,,,,,,,,,,,,,,,
,,,,,,,,,,,,,,,,,,,,,
,,,,,,,,,,,,,,,,,,,,,
,,,,,,,,,,,,,,,,,,,,,
,,,,,,,,,,,,,,,,,,,,,
,,,,,,,,,,,,,,,,,,,,,
,,,,,,,,,,,,,,,,,,,,,
,,,,,,,,,,,,,,,,,,,,,
,,,,,,,,,,,,,,,,,,,,,
,,,,,,,,,,,,,,,,,,,,,
,,,,,,,,,,,,,,,,,,,,,
,,,,,,,,,,,,,,,,,,,,,
,,,,,,,,,,,,,,,,,,,,,
,,,,,,,,,,,,,,,,,,,,,
,,,,,,,,,,,,,,,,,,,,,
,,,,,,,,,,,,,,,,,,,,,
,,,,,,,,,,,,,,,,,,,,,
,,,,,,,,,,,,,,,,,,,,,
,,,,,,,,,,,,,,,,,,,,,
,,,,,,,,,,,,,,,,,,,,,
,,,,,,,,,,,,,,,,,,,,,
,,,,,,,,,,,,,,,,,,,,,
,,,,,,,,,,,,,,,,,,,,,
,,,,,,,,,,,,,,,,,,,,,
,,,,,,,,,,,,,,,,,,,,,
,,,,,,,,,,,,,,,,,,,,,
,,,,,,,,,,,,,,,,,,,,,
,,,,,,,,,,,,,,,,,,,,,
,,,,,,,,,,,,,,,,,,,,,
,,,,,,,,,,,,,,,,,,,,,
,,,,,,,,,,,,,,,,,,,,,
,,,,,,,,,,,,,,,,,,,,,
,,,,,,,,,,,,,,,,,,,,,
,,,,,,,,,,,,,,,,,,,,,
,,,,,,,,,,,,,,,,,,,,,
,,,,,,,,,,,,,,,,,,,,,
,,,,,,,,,,,,,,,,,,,,,
,,,,,,,,,,,,,,,,,,,,,
,,,,,,,,,,,,,,,,,,,,,
,,,,,,,,,,,,,,,,,,,,,
,,,,,,,,,,,,,,,,,,,,,
,,,,,,,,,,,,,,,,,,,,,
,,,,,,,,,,,,,,,,,,,,,
,,,,,,,,,,,,,,,,,,,,,
,,,,,,,,,,,,,,,,,,,,,
,,,,,,,,,,,,,,,,,,,,,
,,,,,,,,,,,,,,,,,,,,,
,,,,,,,,,,,,,,,,,,,,,
,,,,,,,,,,,,,,,,,,,,,
,,,,,,,,,,,,,,,,,,,,,
,,,,,,,,,,,,,,,,,,,,,
,,,,,,,,,,,,,,,,,,,,,
,,,,,,,,,,,,,,,,,,,,,
,,,,,,,,,,,,,,,,,,,,,
,,,,,,,,,,,,,,,,,,,,,
,,,,,,,,,,,,,,,,,,,,,
,,,,,,,,,,,,,,,,,,,,,
,,,,,,,,,,,,,,,,,,,,,
,,,,,,,,,,,,,,,,,,,,,
,,,,,,,,,,,,,,,,,,,,,
,,,,,,,,,,,,,,,,,,,,,
,,,,,,,,,,,,,,,,,,,,,
,,,,,,,,,,,,,,,,,,,,,
,,,,,,,,,,,,,,,,,,,,,
,,,,,,,,,,,,,,,,,,,,,
,,,,,,,,,,,,,,,,,,,,,
,,,,,,,,,,,,,,,,,,,,,
,,,,,,,,,,,,,,,,,,,,,
,,,,,,,,,,,,,,,,,,,,,
,,,,,,,,,,,,,,,,,,,,,
,,,,,,,,,,,,,,,,,,,,,
,,,,,,,,,,,,,,,,,,,,,
,,,,,,,,,,,,,,,,,,,,,
,,,,,,,,,,,,,,,,,,,,,
,,,,,,,,,,,,,,,,,,,,,
,,,,,,,,,,,,,,,,,,,,,
,,,,,,,,,,,,,,,,,,,,,
,,,,,,,,,,,,,,,,,,,,,
,,,,,,,,,,,,,,,,,,,,,
,,,,,,,,,,,,,,,,,,,,,
,,,,,,,,,,,,,,,,,,,,,
,,,,,,,,,,,,,,,,,,,,,
,,,,,,,,,,,,,,,,,,,,,
,,,,,,,,,,,,,,,,,,,,,
,,,,,,,,,,,,,,,,,,,,,
,,,,,,,,,,,,,,,,,,,,,
,,,,,,,,,,,,,,,,,,,,,
,,,,,,,,,,,,,,,,,,,,,
,,,,,,,,,,,,,,,,,,,,,
,,,,,,,,,,,,,,,,,,,,,
,,,,,,,,,,,,,,,,,,,,,
,,,,,,,,,,,,,,,,,,,,,
,,,,,,,,,,,,,,,,,,,,,
,,,,,,,,,,,,,,,,,,,,,
,,,,,,,,,,,,,,,,,,,,,
,,,,,,,,,,,,,,,,,,,,,
,,,,,,,,,,,,,,,,,,,,,
,,,,,,,,,,,,,,,,,,,,,
,,,,,,,,,,,,,,,,,,,,,
,,,,,,,,,,,,,,,,,,,,,
,,,,,,,,,,,,,,,,,,,,,
,,,,,,,,,,,,,,,,,,,,,
,,,,,,,,,,,,,,,,,,,,,
,,,,,,,,,,,,,,,,,,,,,
,,,,,,,,,,,,,,,,,,,,,
,,,,,,,,,,,,,,,,,,,,,
,,,,,,,,,,,,,,,,,,,,,
,,,,,,,,,,,,,,,,,,,,,
,,,,,,,,,,,,,,,,,,,,,
,,,,,,,,,,,,,,,,,,,,,
,,,,,,,,,,,,,,,,,,,,,
,,,,,,,,,,,,,,,,,,,,,
,,,,,,,,,,,,,,,,,,,,,
,,,,,,,,,,,,,,,,,,,,,
,,,,,,,,,,,,,,,,,,,,,
,,,,,,,,,,,,,,,,,,,,,
,,,,,,,,,,,,,,,,,,,,,
,,,,,,,,,,,,,,,,,,,,,
,,,,,,,,,,,,,,,,,,,,,
,,,,,,,,,,,,,,,,,,,,,
,,,,,,,,,,,,,,,,,,,,,
,,,,,,,,,,,,,,,,,,,,,
,,,,,,,,,,,,,,,,,,,,,
,,,,,,,,,,,,,,,,,,,,,
,,,,,,,,,,,,,,,,,,,,,
,,,,,,,,,,,,,,,,,,,,,
,,,,,,,,,,,,,,,,,,,,,
,,,,,,,,,,,,,,,,,,,,,
,,,,,,,,,,,,,,,,,,,,,
,,,,,,,,,,,,,,,,,,,,,
,,,,,,,,,,,,,,,,,,,,,
,,,,,,,,,,,,,,,,,,,,,
,,,,,,,,,,,,,,,,,,,,,
,,,,,,,,,,,,,,,,,,,,,
,,,,,,,,,,,,,,,,,,,,,
,,,,,,,,,,,,,,,,,,,,,
,,,,,,,,,,,,,,,,,,,,,
,,,,,,,,,,,,,,,,,,,,,
,,,,,,,,,,,,,,,,,,,,,
,,,,,,,,,,,,,,,,,,,,,
,,,,,,,,,,,,,,,,,,,,,
,,,,,,,,,,,,,,,,,,,,,
,,,,,,,,,,,,,,,,,,,,,
,,,,,,,,,,,,,,,,,,,,,
,,,,,,,,,,,,,,,,,,,,,
,,,,,,,,,,,,,,,,,,,,,
,,,,,,,,,,,,,,,,,,,,,
,,,,,,,,,,,,,,,,,,,,,
,,,,,,,,,,,,,,,,,,,,,
,,,,,,,,,,,,,,,,,,,,,
,,,,,,,,,,,,,,,,,,,,,
,,,,,,,,,,,,,,,,,,,,,
,,,,,,,,,,,,,,,,,,,,,
,,,,,,,,,,,,,,,,,,,,,
,,,,,,,,,,,,,,,,,,,,,
,,,,,,,,,,,,,,,,,,,,,
,,,,,,,,,,,,,,,,,,,,,
,,,,,,,,,,,,,,,,,,,,,
,,,,,,,,,,,,,,,,,,,,,
,,,,,,,,,,,,,,,,,,,,,
,,,,,,,,,,,,,,,,,,,,,
,,,,,,,,,,,,,,,,,,,,,
,,,,,,,,,,,,,,,,,,,,,
,,,,,,,,,,,,,,,,,,,,,
,,,,,,,,,,,,,,,,,,,,,
,,,,,,,,,,,,,,,,,,,,,
,,,,,,,,,,,,,,,,,,,,,
,,,,,,,,,,,,,,,,,,,,,
,,,,,,,,,,,,,,,,,,,,,
,,,,,,,,,,,,,,,,,,,,,
,,,,,,,,,,,,,,,,,,,,,
,,,,,,,,,,,,,,,,,,,,,
,,,,,,,,,,,,,,,,,,,,,
,,,,,,,,,,,,,,,,,,,,,
,,,,,,,,,,,,,,,,,,,,,
,,,,,,,,,,,,,,,,,,,,,
,,,,,,,,,,,,,,,,,,,,,
,,,,,,,,,,,,,,,,,,,,,
,,,,,,,,,,,,,,,,,,,,,
,,,,,,,,,,,,,,,,,,,,,
,,,,,,,,,,,,,,,,,,,,,
,,,,,,,,,,,,,,,,,,,,,
,,,,,,,,,,,,,,,,,,,,,
,,,,,,,,,,,,,,,,,,,,,
,,,,,,,,,,,,,,,,,,,,,
,,,,,,,,,,,,,,,,,,,,,
,,,,,,,,,,,,,,,,,,,,,
,,,,,,,,,,,,,,,,,,,,,
,,,,,,,,,,,,,,,,,,,,,
,,,,,,,,,,,,,,,,,,,,,
,,,,,,,,,,,,,,,,,,,,,
,,,,,,,,,,,,,,,,,,,,,
,,,,,,,,,,,,,,,,,,,,,
,,,,,,,,,,,,,,,,,,,,,
,,,,,,,,,,,,,,,,,,,,,
,,,,,,,,,,,,,,,,,,,,,
,,,,,,,,,,,,,,,,,,,,,
,,,,,,,,,,,,,,,,,,,,,
,,,,,,,,,,,,,,,,,,,,,
,,,,,,,,,,,,,,,,,,,,,
,,,,,,,,,,,,,,,,,,,,,
,,,,,,,,,,,,,,,,,,,,,
,,,,,,,,,,,,,,,,,,,,,
,,,,,,,,,,,,,,,,,,,,,
,,,,,,,,,,,,,,,,,,,,,
,,,,,,,,,,,,,,,,,,,,,
,,,,,,,,,,,,,,,,,,,,,
,,,,,,,,,,,,,,,,,,,,,
,,,,,,,,,,,,,,,,,,,,,
,,,,,,,,,,,,,,,,,,,,,
,,,,,,,,,,,,,,,,,,,,,
,,,,,,,,,,,,,,,,,,,,,
,,,,,,,,,,,,,,,,,,,,,
,,,,,,,,,,,,,,,,,,,,,
,,,,,,,,,,,,,,,,,,,,,
,,,,,,,,,,,,,,,,,,,,,
,,,,,,,,,,,,,,,,,,,,,
,,,,,,,,,,,,,,,,,,,,,
,,,,,,,,,,,,,,,,,,,,,
,,,,,,,,,,,,,,,,,,,,,
,,,,,,,,,,,,,,,,,,,,,
,,,,,,,,,,,,,,,,,,,,,
,,,,,,,,,,,,,,,,,,,,,
,,,,,,,,,,,,,,,,,,,,,
,,,,,,,,,,,,,,,,,,,,,
,,,,,,,,,,,,,,,,,,,,,
,,,,,,,,,,,,,,,,,,,,,
,,,,,,,,,,,,,,,,,,,,,
,,,,,,,,,,,,,,,,,,,,,
,,,,,,,,,,,,,,,,,,,,,
,,,,,,,,,,,,,,,,,,,,,
,,,,,,,,,,,,,,,,,,,,,
,,,,,,,,,,,,,,,,,,,,,
,,,,,,,,,,,,,,,,,,,,,
,,,,,,,,,,,,,,,,,,,,,
,,,,,,,,,,,,,,,,,,,,,
,,,,,,,,,,,,,,,,,,,,,
,,,,,,,,,,,,,,,,,,,,,
,,,,,,,,,,,,,,,,,,,,,
,,,,,,,,,,,,,,,,,,,,,
,,,,,,,,,,,,,,,,,,,,,
,,,,,,,,,,,,,,,,,,,,,
,,,,,,,,,,,,,,,,,,,,,
,,,,,,,,,,,,,,,,,,,,,
,,,,,,,,,,,,,,,,,,,,,
,,,,,,,,,,,,,,,,,,,,,
,,,,,,,,,,,,,,,,,,,,,
,,,,,,,,,,,,,,,,,,,,,
,,,,,,,,,,,,,,,,,,,,,
,,,,,,,,,,,,,,,,,,,,,
,,,,,,,,,,,,,,,,,,,,,
,,,,,,,,,,,,,,,,,,,,,
,,,,,,,,,,,,,,,,,,,,,
,,,,,,,,,,,,,,,,,,,,,
,,,,,,,,,,,,,,,,,,,,,
,,,,,,,,,,,,,,,,,,,,,
,,,,,,,,,,,,,,,,,,,,,
,,,,,,,,,,,,,,,,,,,,,
,,,,,,,,,,,,,,,,,,,,,
,,,,,,,,,,,,,,,,,,,,,
,,,,,,,,,,,,,,,,,,,,,
,,,,,,,,,,,,,,,,,,,,,
,,,,,,,,,,,,,,,,,,,,,
,,,,,,,,,,,,,,,,,,,,,
,,,,,,,,,,,,,,,,,,,,,
,,,,,,,,,,,,,,,,,,,,,
,,,,,,,,,,,,,,,,,,,,,
,,,,,,,,,,,,,,,,,,,,,
,,,,,,,,,,,,,,,,,,,,,
,,,,,,,,,,,,,,,,,,,,,
,,,,,,,,,,,,,,,,,,,,,
,,,,,,,,,,,,,,,,,,,,,
,,,,,,,,,,,,,,,,,,,,,
,,,,,,,,,,,,,,,,,,,,,
,,,,,,,,,,,,,,,,,,,,,
,,,,,,,,,,,,,,,,,,,,,
,,,,,,,,,,,,,,,,,,,,,
,,,,,,,,,,,,,,,,,,,,,
,,,,,,,,,,,,,,,,,,,,,
,,,,,,,,,,,,,,,,,,,,,
,,,,,,,,,,,,,,,,,,,,,
,,,,,,,,,,,,,,,,,,,,,
,,,,,,,,,,,,,,,,,,,,,
,,,,,,,,,,,,,,,,,,,,,
,,,,,,,,,,,,,,,,,,,,,
,,,,,,,,,,,,,,,,,,,,,
,,,,,,,,,,,,,,,,,,,,,
,,,,,,,,,,,,,,,,,,,,,
,,,,,,,,,,,,,,,,,,,,,
,,,,,,,,,,,,,,,,,,,,,
,,,,,,,,,,,,,,,,,,,,,
,,,,,,,,,,,,,,,,,,,,,
,,,,,,,,,,,,,,,,,,,,,
,,,,,,,,,,,,,,,,,,,,,
,,,,,,,,,,,,,,,,,,,,,
,,,,,,,,,,,,,,,,,,,,,
,,,,,,,,,,,,,,,,,,,,,
,,,,,,,,,,,,,,,,,,,,,
,,,,,,,,,,,,,,,,,,,,,
,,,,,,,,,,,,,,,,,,,,,
,,,,,,,,,,,,,,,,,,,,,
,,,,,,,,,,,,,,,,,,,,,
,,,,,,,,,,,,,,,,,,,,,
,,,,,,,,,,,,,,,,,,,,,
,,,,,,,,,,,,,,,,,,,,,
,,,,,,,,,,,,,,,,,,,,,
,,,,,,,,,,,,,,,,,,,,,
,,,,,,,,,,,,,,,,,,,,,
,,,,,,,,,,,,,,,,,,,,,
,,,,,,,,,,,,,,,,,,,,,
,,,,,,,,,,,,,,,,,,,,,
,,,,,,,,,,,,,,,,,,,,,
,,,,,,,,,,,,,,,,,,,,,
,,,,,,,,,,,,,,,,,,,,,
,,,,,,,,,,,,,,,,,,,,,
,,,,,,,,,,,,,,,,,,,,,
,,,,,,,,,,,,,,,,,,,,,
,,,,,,,,,,,,,,,,,,,,,
,,,,,,,,,,,,,,,,,,,,,
,,,,,,,,,,,,,,,,,,,,,
,,,,,,,,,,,,,,,,,,,,,
,,,,,,,,,,,,,,,,,,,,,
,,,,,,,,,,,,,,,,,,,,,
,,,,,,,,,,,,,,,,,,,,,
,,,,,,,,,,,,,,,,,,,,,
,,,,,,,,,,,,,,,,,,,,,
,,,,,,,,,,,,,,,,,,,,,
,,,,,,,,,,,,,,,,,,,,,
,,,,,,,,,,,,,,,,,,,,,
,,,,,,,,,,,,,,,,,,,,,
,,,,,,,,,,,,,,,,,,,,,
,,,,,,,,,,,,,,,,,,,,,
,,,,,,,,,,,,,,,,,,,,,
,,,,,,,,,,,,,,,,,,,,,
,,,,,,,,,,,,,,,,,,,,,
,,,,,,,,,,,,,,,,,,,,,
,,,,,,,,,,,,,,,,,,,,,
,,,,,,,,,,,,,,,,,,,,,
,,,,,,,,,,,,,,,,,,,,,
,,,,,,,,,,,,,,,,,,,,,
,,,,,,,,,,,,,,,,,,,,,
,,,,,,,,,,,,,,,,,,,,,
,,,,,,,,,,,,,,,,,,,,,
,,,,,,,,,,,,,,,,,,,,,
,,,,,,,,,,,,,,,,,,,,,
,,,,,,,,,,,,,,,,,,,,,
,,,,,,,,,,,,,,,,,,,,,
,,,,,,,,,,,,,,,,,,,,,
,,,,,,,,,,,,,,,,,,,,,
,,,,,,,,,,,,,,,,,,,,,
,,,,,,,,,,,,,,,,,,,,,
,,,,,,,,,,,,,,,,,,,,,
,,,,,,,,,,,,,,,,,,,,,
,,,,,,,,,,,,,,,,,,,,,
,,,,,,,,,,,,,,,,,,,,,
,,,,,,,,,,,,,,,,,,,,,
,,,,,,,,,,,,,,,,,,,,,
,,,,,,,,,,,,,,,,,,,,,
,,,,,,,,,,,,,,,,,,,,,
,,,,,,,,,,,,,,,,,,,,,
,,,,,,,,,,,,,,,,,,,,,
,,,,,,,,,,,,,,,,,,,,,
,,,,,,,,,,,,,,,,,,,,,
,,,,,,,,,,,,,,,,,,,,,
,,,,,,,,,,,,,,,,,,,,,
,,,,,,,,,,,,,,,,,,,,,
,,,,,,,,,,,,,,,,,,,,,
,,,,,,,,,,,,,,,,,,,,,
,,,,,,,,,,,,,,,,,,,,,
,,,,,,,,,,,,,,,,,,,,,
,,,,,,,,,,,,,,,,,,,,,
,,,,,,,,,,,,,,,,,,,,,
,,,,,,,,,,,,,,,,,,,,,
,,,,,,,,,,,,,,,,,,,,,
,,,,,,,,,,,,,,,,,,,,,
,,,,,,,,,,,,,,,,,,,,,
,,,,,,,,,,,,,,,,,,,,,
,,,,,,,,,,,,,,,,,,,,,
,,,,,,,,,,,,,,,,,,,,,
,,,,,,,,,,,,,,,,,,,,,
,,,,,,,,,,,,,,,,,,,,,
,,,,,,,,,,,,,,,,,,,,,
,,,,,,,,,,,,,,,,,,,,,
,,,,,,,,,,,,,,,,,,,,,
,,,,,,,,,,,,,,,,,,,,,
,,,,,,,,,,,,,,,,,,,,,
,,,,,,,,,,,,,,,,,,,,,
,,,,,,,,,,,,,,,,,,,,,
,,,,,,,,,,,,,,,,,,,,,
,,,,,,,,,,,,,,,,,,,,,
,,,,,,,,,,,,,,,,,,,,,
,,,,,,,,,,,,,,,,,,,,,
,,,,,,,,,,,,,,,,,,,,,
,,,,,,,,,,,,,,,,,,,,,
,,,,,,,,,,,,,,,,,,,,,
,,,,,,,,,,,,,,,,,,,,,
,,,,,,,,,,,,,,,,,,,,,
,,,,,,,,,,,,,,,,,,,,,
,,,,,,,,,,,,,,,,,,,,,
,,,,,,,,,,,,,,,,,,,,,
,,,,,,,,,,,,,,,,,,,,,
,,,,,,,,,,,,,,,,,,,,,
,,,,,,,,,,,,,,,,,,,,,
,,,,,,,,,,,,,,,,,,,,,
,,,,,,,,,,,,,,,,,,,,,
,,,,,,,,,,,,,,,,,,,,,
,,,,,,,,,,,,,,,,,,,,,
,,,,,,,,,,,,,,,,,,,,,
,,,,,,,,,,,,,,,,,,,,,
,,,,,,,,,,,,,,,,,,,,,
,,,,,,,,,,,,,,,,,,,,,
,,,,,,,,,,,,,,,,,,,,,
,,,,,,,,,,,,,,,,,,,,,
,,,,,,,,,,,,,,,,,,,,,
,,,,,,,,,,,,,,,,,,,,,
,,,,,,,,,,,,,,,,,,,,,
,,,,,,,,,,,,,,,,,,,,,
,,,,,,,,,,,,,,,,,,,,,
,,,,,,,,,,,,,,,,,,,,,
,,,,,,,,,,,,,,,,,,,,,
,,,,,,,,,,,,,,,,,,,,,
,,,,,,,,,,,,,,,,,,,,,
,,,,,,,,,,,,,,,,,,,,,
,,,,,,,,,,,,,,,,,,,,,
,,,,,,,,,,,,,,,,,,,,,
,,,,,,,,,,,,,,,,,,,,,
,,,,,,,,,,,,,,,,,,,,,
,,,,,,,,,,,,,,,,,,,,,
,,,,,,,,,,,,,,,,,,,,,
,,,,,,,,,,,,,,,,,,,,,
,,,,,,,,,,,,,,,,,,,,,
,,,,,,,,,,,,,,,,,,,,,
,,,,,,,,,,,,,,,,,,,,,
,,,,,,,,,,,,,,,,,,,,,
,,,,,,,,,,,,,,,,,,,,,
,,,,,,,,,,,,,,,,,,,,,
,,,,,,,,,,,,,,,,,,,,,
,,,,,,,,,,,,,,,,,,,,,
,,,,,,,,,,,,,,,,,,,,,
,,,,,,,,,,,,,,,,,,,,,
,,,,,,,,,,,,,,,,,,,,,
,,,,,,,,,,,,,,,,,,,,,
,,,,,,,,,,,,,,,,,,,,,
,,,,,,,,,,,,,,,,,,,,,
,,,,,,,,,,,,,,,,,,,,,
,,,,,,,,,,,,,,,,,,,,,
,,,,,,,,,,,,,,,,,,,,,
,,,,,,,,,,,,,,,,,,,,,
,,,,,,,,,,,,,,,,,,,,,
,,,,,,,,,,,,,,,,,,,,,
,,,,,,,,,,,,,,,,,,,,,
,,,,,,,,,,,,,,,,,,,,,
,,,,,,,,,,,,,,,,,,,,,
,,,,,,,,,,,,,,,,,,,,,
,,,,,,,,,,,,,,,,,,,,,
,,,,,,,,,,,,,,,,,,,,,
,,,,,,,,,,,,,,,,,,,,,
,,,,,,,,,,,,,,,,,,,,,
,,,,,,,,,,,,,,,,,,,,,
,,,,,,,,,,,,,,,,,,,,,
,,,,,,,,,,,,,,,,,,,,,
,,,,,,,,,,,,,,,,,,,,,
,,,,,,,,,,,,,,,,,,,,,
,,,,,,,,,,,,,,,,,,,,,
,,,,,,,,,,,,,,,,,,,,,
,,,,,,,,,,,,,,,,,,,,,
,,,,,,,,,,,,,,,,,,,,,
,,,,,,,,,,,,,,,,,,,,,
,,,,,,,,,,,,,,,,,,,,,
,,,,,,,,,,,,,,,,,,,,,
,,,,,,,,,,,,,,,,,,,,,
,,,,,,,,,,,,,,,,,,,,,
,,,,,,,,,,,,,,,,,,,,,
,,,,,,,,,,,,,,,,,,,,,
,,,,,,,,,,,,,,,,,,,,,
,,,,,,,,,,,,,,,,,,,,,
,,,,,,,,,,,,,,,,,,,,,
,,,,,,,,,,,,,,,,,,,,,
,,,,,,,,,,,,,,,,,,,,,
,,,,,,,,,,,,,,,,,,,,,
,,,,,,,,,,,,,,,,,,,,,
,,,,,,,,,,,,,,,,,,,,,
,,,,,,,,,,,,,,,,,,,,,
,,,,,,,,,,,,,,,,,,,,,
,,,,,,,,,,,,,,,,,,,,,
,,,,,,,,,,,,,,,,,,,,,
,,,,,,,,,,,,,,,,,,,,,
,,,,,,,,,,,,,,,,,,,,,
,,,,,,,,,,,,,,,,,,,,,
,,,,,,,,,,,,,,,,,,,,,
,,,,,,,,,,,,,,,,,,,,,
,,,,,,,,,,,,,,,,,,,,,
,,,,,,,,,,,,,,,,,,,,,
,,,,,,,,,,,,,,,,,,,,,
,,,,,,,,,,,,,,,,,,,,,
,,,,,,,,,,,,,,,,,,,,,
,,,,,,,,,,,,,,,,,,,,,
,,,,,,,,,,,,,,,,,,,,,
,,,,,,,,,,,,,,,,,,,,,
,,,,,,,,,,,,,,,,,,,,,
,,,,,,,,,,,,,,,,,,,,,
,,,,,,,,,,,,,,,,,,,,,
,,,,,,,,,,,,,,,,,,,,,
,,,,,,,,,,,,,,,,,,,,,
,,,,,,,,,,,,,,,,,,,,,
,,,,,,,,,,,,,,,,,,,,,
,,,,,,,,,,,,,,,,,,,,,
,,,,,,,,,,,,,,,,,,,,,
,,,,,,,,,,,,,,,,,,,,,
,,,,,,,,,,,,,,,,,,,,,
,,,,,,,,,,,,,,,,,,,,,
,,,,,,,,,,,,,,,,,,,,,
,,,,,,,,,,,,,,,,,,,,,
,,,,,,,,,,,,,,,,,,,,,
,,,,,,,,,,,,,,,,,,,,,
,,,,,,,,,,,,,,,,,,,,,
,,,,,,,,,,,,,,,,,,,,,
,,,,,,,,,,,,,,,,,,,,,
,,,,,,,,,,,,,,,,,,,,,
,,,,,,,,,,,,,,,,,,,,,
,,,,,,,,,,,,,,,,,,,,,
,,,,,,,,,,,,,,,,,,,,,
,,,,,,,,,,,,,,,,,,,,,
,,,,,,,,,,,,,,,,,,,,,
,,,,,,,,,,,,,,,,,,,,,
,,,,,,,,,,,,,,,,,,,,,
,,,,,,,,,,,,,,,,,,,,,
,,,,,,,,,,,,,,,,,,,,,
,,,,,,,,,,,,,,,,,,,,,
,,,,,,,,,,,,,,,,,,,,,
,,,,,,,,,,,,,,,,,,,,,
,,,,,,,,,,,,,,,,,,,,,
,,,,,,,,,,,,,,,,,,,,,
,,,,,,,,,,,,,,,,,,,,,
,,,,,,,,,,,,,,,,,,,,,
,,,,,,,,,,,,,,,,,,,,,
,,,,,,,,,,,,,,,,,,,,,
,,,,,,,,,,,,,,,,,,,,,
,,,,,,,,,,,,,,,,,,,,,
,,,,,,,,,,,,,,,,,,,,,
,,,,,,,,,,,,,,,,,,,,,
,,,,,,,,,,,,,,,,,,,,,
,,,,,,,,,,,,,,,,,,,,,
,,,,,,,,,,,,,,,,,,,,,
,,,,,,,,,,,,,,,,,,,,,
,,,,,,,,,,,,,,,,,,,,,
,,,,,,,,,,,,,,,,,,,,,
,,,,,,,,,,,,,,,,,,,,,
,,,,,,,,,,,,,,,,,,,,,
,,,,,,,,,,,,,,,,,,,,,
,,,,,,,,,,,,,,,,,,,,,
,,,,,,,,,,,,,,,,,,,,,
,,,,,,,,,,,,,,,,,,,,,
,,,,,,,,,,,,,,,,,,,,,
,,,,,,,,,,,,,,,,,,,,,
,,,,,,,,,,,,,,,,,,,,,
,,,,,,,,,,,,,,,,,,,,,
,,,,,,,,,,,,,,,,,,,,,
,,,,,,,,,,,,,,,,,,,,,
,,,,VIN SKIP 2009,,IP 2009,,,,,,,,,,,,,,,
,,,,WBSWD93539PY43150,,PY43150,,,,,,,,,,,,,,,
,,,,,,,,,,,,,,,,,,,,,
,,,,,,,,,,,,,,,,,,,,,
,,MSRP.3,MSRP,,"$56,500.00",,,,,,,,,,,,,,,,
,,MSRP.2,MSRP,,"$54,850.00",,,,,,,,,,,,,,,,
,,MSRP.1,MSRP,,"$55,400.00",,,,,,,,,,,,,,,,
,,MSRP,MSRP,,"$57,850.00",,,,,,,,,,,,,,,,
,,Z9B,INDIVIDUAL PAINT Canada,,"$3,900.00",,,,,,,,,,,,,,,,
,,IND,INDIVIDUAL PAINT,,"$5,000.00",,,,,,,,,,,,,,,,
,,ZCP,Competition Package                                                                                                                          - Dynamic Damper Control,,"$2,500.00",,,,,,,,,,,,,,,,
,,ZCV,"Convenience Package                                                                                                                     - Anti-theft alarm system
- Comfort Access keyless entry
- Park Distance Control (rear)
- Navigation System
- Voice-Command
- iPod & USB adapter
- Real Time Traffic Information",,"$2,900.00",,,,,,,,,,,,,,,,
,,,,,,,,,,,,,,,,,,,,,
,,ZCW,"Cold Weather Package                                                                                                                      - Split fold-down-rear seat
- Heated front seats
- Retractable headlight washers",,"$1,000.00",,,,,,,,,,,,,,,,
,,ZPP.1,"Premium Package                                                                                                                    - Power-folding auto mirrors
- Universal garage-door opener
- Power front seats
- Carbon Leather interior trim
- Interior mirror with compass
- BMW Assist w/enhanced BT & USB",,"$2,000.00",,,,,,,,,,,,,,,,
,,ZPP.2,,,"$2,000.00",,,,,,,,,,,,,,,,
,,ZPP.3,,,"$2,000.00",,,,,,,,,,,,,,,,
,,ZP2,,,"$2,500.00",,,,,,,,,,,,,,,,
,,ZP2.1,,,"$2,500.00",,,,,,,,,,,,,,,,
,,ZP2.2,,,"$2,500.00",,,,,,,,,,,,,,,,
,,ZP2.3,,,"$2,500.00",,,,,,,,,,,,,,,,
,,ZP2.4,"Premium Package 2                                                                                                                     - Power-folding auto mirrors
- Universal garage-door opener
- Power front seats
- Carbon Leather interior trim
- Interior mirror with compass
- BMW Assist w/enhanced BT & USB",,"$2,500.00",,,,,,,,,,,,,,,,
,,,,,,,,,,,,,,,,,,,,,
,,"ZP3,",,,"$2,500.00",,,,,,,,,,,,,,,,
,,ZP3.1,,,"$2,500.00",,,,,,,,,,,,,,,,
,,ZP3.2,,,"$2,500.00",,,,,,,,,,,,,,,,
,,ZP3.3,,,"$2,500.00",,,,,,,,,,,,,,,,
,,ZP3.4,"Premium Package 3                                                                                                                     - Power-folding auto mirrors
- Universal garage-door opener
- Power front seats
- Carbon Leather interior trim
- Interior mirror with compass
- BMW Assist w/enhanced BT & USB",,"$2,500.00",,,,,,,,,,,,,,,,
,,,,,,,,,,,,,,,,,,,,,
,,ZTP,"Technology Package                                                                                               
- M Drive
- Comfort Access keyless entry
- Navigation system

        ",,"$3,250.00",,,,,,,,,,,,,,,,
,,,,,,,,,,,,,,,,,,,,,
,,223,Dynamic Damper Control,,"$1,000.00",,,,,,,,,,,,,,,,
,,2MK.1,M Double-Clutch Transmission,,"$2,700.00",,,,,,,,,,,,,,,,
,,2MK,M Double-Clutch Transmission,,"$2,900.00",,,,,,,,,,,,,,,,
,,2MT.1,"19"" Alloy Double-Spoke Wheels ",,"$1,200.00",,,,,,,,,,,,,,,,
,,2MT,"19"" Alloy Double-Spoke Wheels ",,"$1,250.00",,,,,,,,,,,,,,,,
,,4MX,BRUSHED ALUMINUM TRIM,,$500.00,,,,,,,,,,,,,,,,
,,4MY,CARBON LEATHER INTERIOR TRIM,,$500.00,,,,,,,,,,,,,,,,
,,4MZ,WALNUT INTERIOR TRIM,,$500.00,,,,,,,,,,,,,,,,
,,403,Moonroof                                                                                                       ,,"$1,050.00",,,,,,,,,,,,,,,,
,,417,"Power rear sunshade                                                                                     
Manual side/rear power shades
                                               ",,$575.00,,,,,,,,,,,,,,,,
,,465,Split-Fold Down Rear Seat                                                                           ,,$475.00,,,,,,,,,,,,,,,,
,,494,Heated Front Seats                                                                                      ,,$500.00,,,,,,,,,,,,,,,,
,,302,Alarm System ,,$400.00,S,,,,,,,,,,,,,,,
,,320,Model Desingation - Deletion,,$0.00,,,,,,,,,,,,,,,,
,,507,Rear Park Distance Control ,,$350.00,,,,,,,,,,,,,,,,
,,5AC,Automatic High Beams ,,$250.00,,,,,,,,,,,,,,,,
,,609,Navigation System ,,"$2,100.00",,,,,,,,,,,,,,,,
,,6FL,iPod & USB Adapter ,,$400.00,,,,,,,,,,,,,,,,
,,639,BMW Assist w. Bluetooth ,,$750.00,,,,,,,,,,,,,,,,
,,,,,,,,,,,,,,,,,,,,,
,,6NF,Smartphone Integration,,$150.00,,,,,,,,,,,,,,,,
,,653,HD Radio,,$350.00,,,,,,,,,,,,,,,,
,,655, Satellite Radio ,,$595.00,,,,,,,,,,,,,,,,
,,6NR,BMW Apps ,,$250.00,,,,,,,,,,,,,,,,
,,752,Enhanced Premium Sound ,,"$1,900.00",,,,,,,,,,,,,,,,
,,771,TITANIUM SHADOW TRIM,,$0.00,,,,,,,,,,,,,,,,
,,863,EURO DELIVERY,,,,,,,,,,,,,,,,,,
,,XE2,"Ind.fine Wood Trim Maple Wood,anthr",,"$1,080.00",,,,,,,,,,,,,,,,
,,XE3,Ind.Ind.fine Wood Eukalyptus,,"$1,080.00",,,,,,,,,,,,,,,,
,,XE8,Ind.Black Piano Trim,,"$1,080.00",,,,,,,,,,,,,,,,
,,,,,,,,,,,,,,,,,,,,,
,,,M Performance Parts,,,,,,,,,,,,,,,,,,
,,Z04 ,Aluminum Pedals ,,$210.00,,,,,,,,,,,,,,,,
,,Z06, Black Kidney Grilles ,,$162.00,,,,,,,,,,,,,,,,
,,Z10,M Performance Exhaust ,,"$4,067.00",,,,,,,,,,,,,,,,
,,Z12 ,Alcanata Performance Steering Wheel,,$885.00,,,,,,,,,,,,,,,,
,,Z17 ,Carbon Fiber Front Splitters,,$911.00,,,,,,,,,,,,,,,,
,,Z21 ,Carbon Fiber Mirror Caps,,$712.00,,,,,,,,,,,,,,,,
,,Z22,Carbon Fiber Spoiler,,$622.00,,,,,,,,,,,,,,,,
,,Z62 ,Wheel Locks,,,,,,,,,,,,,,,,,,