EXTERIOR,,INTERIOR,YEAR,VIN,,,Package Codes,PACKAGES,MSRP,PROD.,,,DEALER NAME,Port,Carrier,VPC,Details,V-Spec,Sticker,Invoice,VIN fill done Sun Aug 10 2025 11:35:08 GMT-0500 (Central Daylight Time)
,,,,,,,,,,,,,,,,,,,,,
A73 - Jerez Black Metallic,,NCSW - Black Novillo Leather,,WBSWD9C50AP362390,,P362390,"MSRP,ZCW,ZPP.3,ZTP,2MK,2MT.1,403,507,6FL,653,655",,,08-29-2009,550,,,,,,,,,,
668 - Jet Black,,NCSW - Black Novillo Leather,,WBSWD9C52AP362391,,P362391,"MSRP,ZPP.3,2MK,2MT.1,6FL",,,08-29-2009,,,,,,,,,,,
A73 - Jerez Black Metallic,,NDSW - Black Extended Novillo Leather,,WBSWD9C54AP362392,,P362392,"MSRP,ZCW,ZPP.3,302,322,415,507,609,6FL,653,655,752",,,08-31-2009,550/1100,,,,,,,,,,
A73 - Jerez Black Metallic,,NCH2 - Fox Red Novillo Leather,,WBSWD9C56AP362393,,P362393,"MSRP,ZPP.1,ZTP,2MK,507,6FL,6NF,653,752",,,08-31-2009,550,,,,,,,,,,
A73 - Jerez Black Metallic,,NCSW - Black Novillo Leather,,WBSWD9C58AP362394,,P362394,"MSRP,ZCW,ZPP.3,ZTP,2MK,2MT.1,6FL,653,655,752",,,08-31-2009,550,,,,,,,,,,
A73 - Jerez Black Metallic,,NCSW - Black Novillo Leather,,WBSWD9C5XAP362395,,P362395,"MSRP,ZPP.3,ZTP,2MT.1,494,6FL,653,655",,,08-31-2009,550,,,,,,,,,,
668 - Jet Black,,NCSW - Black Novillo Leather,,WBSWD9C51AP362396,,P362396,"MSRP,ZPP.2,ZTP,2MK,2MT.1,494,507,6FL,6NF,653",,,08-31-2009,,,,,,,,,,,
668 - Jet Black,,NCSW - Black Novillo Leather,,WBSWD9C53AP362397,,P362397,"MSRP,ZPP.1,ZTP,2MK,2MT.1,653",,,08-31-2009,,,,,,,,,,,
300 - Alpine White,,NCH3 - Beige Novillo Leather,,WBSWD9C55AP362398,,P362398,"MSRP,2MK,2MT.1,302,322,403,494,4MX,507,609,653,752",,,08-31-2009,950,,,,,,,,,,
A52 - Space Gray Metallic,,NCSW - Black Novillo Leather,,WBSWD9C57AP362399,,P362399,"MSRP,ZCW,ZPP.1,ZTP,2MT.1,302,403,6FL,6NF,653,752",,,08-31-2009,550,,,,,,,,,,
668 - Jet Black,,NCH1 - Silver Novillo Leather,,WBSWD9C5XAP362400,,P362400,"MSRP,ZPP.1,ZTP,2MK,653",,,08-31-2009,,,,,,,,,,,
668 - Jet Black,,NDSW - Black Extended Novillo Leather,,WBSWD9C51AP362401,,P362401,"MSRP,ZPP.3,ZTP,2MT.1,302,494,6FL,6NF,653,752",,,08-31-2009,1100,,,,,,,,,,
668 - Jet Black,,NCSW - Black Novillo Leather,,WBSWD9C53AP362402,,P362402,"MSRP,ZPP.3,ZTP,2MK,302,6FL,752",,,08-31-2009,,,,,,,,,,,
A73 - Jerez Black Metallic,,NCH1 - Silver Novillo Leather,,WBSWD9C55AP362403,,P362403,"MSRP,ZCW,ZPP.2,ZTP,2MK,2MT.1,403,507,6FL,653,655,752",,,08-31-2009,550,,,,,,,,,,
A73 - Jerez Black Metallic,,NCH2 - Fox Red Novillo Leather,,WBSWD9C57AP362404,,P362404,"MSRP,ZPP.1,ZTP,2MK,2MT.1,302,403,6FL,6NF,653,752",,,08-31-2009,550,,,,,,,,,,
300 - Alpine White,,NDH1 - Silver Novillo Extended Leather,,WBSWD9C59AP362405,,P362405,"MSRP,ZCW,ZPP.3,ZTP,2MK,2MT.1,302,403,415,507,5AC,6FL,653,655,752",,,08-31-2009,1100,,,,,,,,,,
A73 - Jerez Black Metallic,,NDH1 - Silver Novillo Extended Leather,,WBSWD9C50AP362406,,P362406,"MSRP,ZCW,ZPP.1,2MK,2MT.1,302,322,403,507,609,6FL,653,655,752",,,09-01-2009,550/1100,,,,,,,,,,
A73 - Jerez Black Metallic,,NDH3 - Beige Novillo Extended Leather,,WBSWD9C52AP362407,,P362407,"MSRP,ZPP.2,ZTP,2MK,2MT.1,302,403,415,494,507,5AC,6FL,6NF,653,655,752",,,09-01-2009,550/1100,,,,,,,,,,
668 - Jet Black,,NDH2 - Fox Red Extended Leather,,WBSWD9C54AP362408,,P362408,"MSRP,ZPP.3,ZTP,2MK,2MT.1,403,494,6FL,653,752",,,09-01-2009,1100,,,,,,,,,,
668 - Jet Black,,NDSW - Black Extended Novillo Leather,,WBSWD9C56AP362409,,P362409,"MSRP,ZCW,ZPP.3,ZTP,2MK,302,403,415,507,6FL,653,752",,,09-01-2009,1100,,,,,,,,,,
668 - Jet Black,,NCH2 - Fox Red Novillo Leather,,WBSWD9C52AP362410,,P362410,"MSRP,ZPP.2,ZTP,302,403,494,653,655,752",,,09-01-2009,,,,,,,,,,,
668 - Jet Black,,NCSW - Black Novillo Leather,,WBSWD9C54AP362411,,P362411,"MSRP,ZCW,ZPP.2,ZTP,2MT.1,302,403,507,6FL,6NF",,,09-01-2009,,,,,,,,,,,
A75 - Melbourne Red Metallic,,NCSW - Black Novillo Leather,,WBSWD9C56AP362412,,P362412,"MSRP,ZCW,ZPP.1,ZTP,2MK,2MT.1,507,6FL,653,655",,,09-25-2009,550,,,,,,,,,,
A75 - Melbourne Red Metallic,,GEAT - Anthracite/Black Cloth & Leather,,WBSWD9C58AP362413,,P362413,"MSRP,ZCW,ZTP,4MY,6FL,653",,,10-09-2009,550,,,,,,,,,,
A75 - Melbourne Red Metallic,,GEAT - Anthracite/Black Cloth & Leather,,WBSWD9C5XAP362414,,P362414,"MSRP,ZCW,ZTP,4MY,6FL,653",,,10-15-2009,550,,,,,,,,,,
381 - Le Mans Blue Metallic,,GEAT - Anthracite/Black Cloth & Leather,,WBSWD9C51AP362415,,P362415,"MSRP,ZCW,ZTP,2MK,4MY,6FL",,,10-15-2009,550,,,,,,,,,,
A52 - Space Gray Metallic,,NCH1 - Silver Novillo Leather,,WBSWD9C53AP362416,,P362416,"MSRP,ZPP.1,ZTP,2MK,2MT.1,6FL,653,752",,,09-01-2009,550,,,,,,,,,,
A52 - Space Gray Metallic,,GEAT - Anthracite/Black Cloth & Leather,,WBSWD9C55AP362417,,P362417,"MSRP,223,302,639,771",,,09-01-2009,550,,,,,,,,,,
A52 - Space Gray Metallic,,NCH2 - Fox Red Novillo Leather,,WBSWD9C57AP362418,,P362418,"MSRP,ZPP.3,ZTP,2MT.1,494,507",,,09-01-2009,550,,,,,,,,,,
A52 - Space Gray Metallic,,NDH1 - Silver Novillo Extended Leather,,WBSWD9C59AP362419,,P362419,"MSRP,2MT.1,302,494,609,6FL,771",,,09-01-2009,550/2000,,,,,,,,,,
A75 - Melbourne Red Metallic,,NCSW - Black Novillo Leather,,WBSWD9C55AP362420,,P362420,"MSRP,771",,,09-01-2009,550/950,,,,,,,,,,
381 - Le Mans Blue Metallic,,NDH1 - Silver Novillo Extended Leather,,WBSWD9C57AP362421,,P362421,"MSRP,ZPP.3,ZTP,2MK,2MT.1,494,507,6FL,6NF,653,655,752",,,09-01-2009,550/1100,,,,,,,,,,
300 - Alpine White,,NCSW - Black Novillo Leather,,WBSWD9C59AP362422,,P362422,"MSRP,ZPP.2,ZTP,2MK,2MT.1,403,494,653,655,752",,,09-01-2009,,,,,,,,,,,
381 - Le Mans Blue Metallic,,NDH3 - Beige Novillo Extended Leather,,WBSWD9C50AP362423,,P362423,"MSRP,ZPP.2,ZTP,2MK,2MT.1,403,494,507,6FL,6NF,653,655,752",,,09-01-2009,550/1100,,,,,,,,,,
A52 - Space Gray Metallic,,NCSW - Black Novillo Leather,,WBSWD9C52AP362424,,P362424,"MSRP,ZCW,2MT.1,223,6FL,771,863",,,09-02-2009,550/950,,,,,,,,,,
300 - Alpine White,,NCH1 - Silver Novillo Leather,,WBSWD9C54AP362425,,P362425,"MSRP,2MT.1,4MX,655",,,09-02-2009,950,,,,,,,,,,
A52 - Space Gray Metallic,,NCSW - Black Novillo Leather,,WBSWD9C56AP362426,,P362426,"MSRP,ZCW,ZPP.1,ZTP,2MT.1,302,6FL,6NF,655,752",,,09-02-2009,550,,,,,,,,,,
381 - Le Mans Blue Metallic,,NCH3 - Beige Novillo Leather,,WBSWD9C58AP362427,,P362427,"MSRP,ZPP.3,ZTP,2MK,2MT.1,302,415,507,6FL,6NF,653",,,09-02-2009,550,,,,,,,,,,
A29 - Silverstone Metallic II,,NCSW - Black Novillo Leather,,WBSWD9C5XAP362428,,P362428,"MSRP,ZCW,ZPP.1,ZTP,2MT.1,302,507,6FL,653,752",,,09-02-2009,550,,,,,,,,,,
A29 - Silverstone Metallic II,,NCSW - Black Novillo Leather,,WBSWD9C51AP362429,,P362429,"MSRP,ZPP.1,ZTP,6FL,6NF,653",,,09-02-2009,550,,,,,,,,,,
300 - Alpine White,,NCH2 - Fox Red Novillo Leather,,WBSWD9C58AP362430,,P362430,"MSRP,ZCW,ZPP.2,ZTP,2MK,6FL,6NF,653,655",,,09-02-2009,,,,,,,,,,,
668 - Jet Black,,NCSW - Black Novillo Leather,,WBSWD9C5XAP362431,,P362431,"MSRP,ZCW,ZPP.3,ZTP,2MK,415,6FL,6NF,653,655,752",,,09-02-2009,,,,,,,,,,,
300 - Alpine White,,NCSW - Black Novillo Leather,,WBSWD9C51AP362432,,P362432,"MSRP,ZCW,ZPP.1,ZTP,2MK,2MT.1,302,6FL,653,655,752",,,09-02-2009,,,,,,,,,,,
300 - Alpine White,,NCSW - Black Novillo Leather,,WBSWD9C53AP362433,,P362433,"MSRP,ZPP.3,2MK,322,609,6FL,6NF,653,752",,,09-02-2009,,,,,,,,,,,
300 - Alpine White,,NCH2 - Fox Red Novillo Leather,,WBSWD9C55AP362434,,P362434,"MSRP,ZCW,ZPP.3,ZTP,302,6FL",,,09-03-2009,,,,,,,,,,,
300 - Alpine White,,NCSW - Black Novillo Leather,,WBSWD9C57AP362435,,P362435,"MSRP,ZPP.3,ZTP,2MK,6FL",,,09-03-2009,,,,,,,,,,,
300 - Alpine White,,NDH2 - Fox Red Extended Leather,,WBSWD9C59AP362436,,P362436,"MSRP,ZCW,ZPP.3,ZTP,2MK,2MT.1,302,403,415,507,6FL,6NF,653,655,752",,,09-03-2009,1100,,,,,,,,,,
300 - Alpine White,,NDSW - Black Extended Novillo Leather,,WBSWD9C50AP362437,,P362437,"MSRP,ZPP.3,ZTP,2MK,2MT.1,403,507,6FL,6NF,653,655,752",,,09-03-2009,1100,,,,,,,,,,
381 - Le Mans Blue Metallic,,NCSW - Black Novillo Leather,,WBSWD9C52AP362438,,P362438,"MSRP,ZCW,ZPP.3,ZTP,2MT.1,302,403,507,6FL,653,863",,,09-03-2009,550,,,,,,,,,,
668 - Jet Black,,NCSW - Black Novillo Leather,,WBSWD9C54AP362439,,P362439,"MSRP,ZCW,ZTP,2MK,2MT.1,302,403,4MY,507,6FL,653,655,752",,,09-03-2009,950,,,,,,,,,,
A30 - Interlagos Blue Metallic,,NCSW - Black Novillo Leather,,WBSWD9C50AP362440,,P362440,"MSRP,ZPP.3,ZTP,494,507,6FL,653,752,863",,,09-03-2009,550,,,,,,,,,,
A75 - Melbourne Red Metallic,,NDH3 - Beige Novillo Extended Leather,,WBSWD9C52AP362441,,P362441,"MSRP,ZCW,ZPP.2,ZTP,2MT.1,302,415,507,5AC,6FL,6NF,653,655,752",,,09-03-2009,550/1100,,,,,,,,,,
A52 - Space Gray Metallic,,NDSW - Black Extended Novillo Leather,,WBSWD9C54AP362442,,P362442,"MSRP,ZCW,ZPP.3,ZTP,2MK,2MT.1,302,507,5AC,6FL,6NF,653,655,752",,,09-03-2009,550/1100,,,,,,,,,,
300 - Alpine White,,NDH1 - Silver Novillo Extended Leather,,WBSWD9C56AP362443,,P362443,"MSRP,ZPP.3,ZTP,2MK,2MT.1,302,507,6FL,653,752",,,09-03-2009,1100,,,,,,,,,,
300 - Alpine White,,NCSW - Black Novillo Leather,,WBSWD9C58AP362444,,P362444,"MSRP,ZPP.2,ZTP,2MK,302,5AC,6FL,653,655,752",,,09-03-2009,,,,,,,,,,,
A73 - Jerez Black Metallic,,NCSW - Black Novillo Leather,,WBSWD9C5XAP362445,,P362445,"MSRP,ZPP.1,ZTP,2MK,403,494,507,6FL,653,655",,,09-03-2009,550,,,,,,,,,,
300 - Alpine White,,NCSW - Black Novillo Leather,,WBSWD9C51AP362446,,P362446,"MSRP,ZCW,ZPP.1,ZTP,302,6FL,6NF,653,752",,,09-03-2009,,,,,,,,,,,
300 - Alpine White,,NCH2 - Fox Red Novillo Leather,,WBSWD9C53AP362447,,P362447,"MSRP,ZCW,ZPP.3,ZTP,2MK,2MT.1,6FL,653,752",,,09-03-2009,,,,,,,,,,,
300 - Alpine White,,NCSW - Black Novillo Leather,,WBSWD9C55AP362448,,P362448,"MSRP,ZPP.1,ZTP,2MK,494,507,6FL,653,752",,,09-03-2009,,,,,,,,,,,
300 - Alpine White,,NCSW - Black Novillo Leather,,WBSWD9C57AP362449,,P362449,"MSRP,ZPP.3,ZTP,2MK,2MT.1,6FL,653,655",,,09-04-2009,,,,,,,,,,,
300 - Alpine White,,NCSW - Black Novillo Leather,,WBSWD9C53AP362450,,P362450,"MSRP,ZCW,ZPP.3,ZTP,2MT.1,507,6FL,6NF,863",,,09-04-2009,,,,,,,,,,,
300 - Alpine White,,NCH3 - Beige Novillo Leather,,WBSWD9C55AP362451,,P362451,"MSRP,ZTP,2MK,2MT.1,403,494,4MZ,6FL,653",,,09-04-2009,950,,,,,,,,,,
300 - Alpine White,,NCSW - Black Novillo Leather,,WBSWD9C57AP362452,,P362452,"MSRP,ZCW,ZPP.3,ZTP,2MT.1,403,6FL,653,752",,,09-04-2009,,,,,,,,,,,
A73 - Jerez Black Metallic,,NCSW - Black Novillo Leather,,WBSWD9C59AP362453,,P362453,"MSRP,ZCW,ZPP.1,2MT.1,302,322,403,415,507,609,6FL,653,655,752",,,09-04-2009,550,,,,,,,,,,
A29 - Silverstone Metallic II,,NCH1 - Silver Novillo Leather,,WBSWD9C50AP362454,,P362454,"MSRP,ZPP.3,ZTP,2MK,2MT.1,494,507,6FL,653,655,752",,,09-04-2009,550,,,,,,,,,,
A75 - Melbourne Red Metallic,,NCSW - Black Novillo Leather,,WBSWD9C52AP362455,,P362455,"MSRP,ZPP.3,ZTP,2MK,2MT.1,6FL,653",,,09-04-2009,550,,,,,,,,,,
A73 - Jerez Black Metallic,,NCH2 - Fox Red Novillo Leather,,WBSWD9C54AP362456,,P362456,"MSRP,ZCW,ZPP.3,2MK,2MT.1,302,322,415,507,609,6FL,653,655,752",,,09-04-2009,550,,,,,,,,,,
A73 - Jerez Black Metallic,,NCSW - Black Novillo Leather,,WBSWD9C56AP362457,,P362457,"MSRP,2MK,2MT.1,322,494,4MY,507,609,6FL,653,655,752",,,09-04-2009,550/950,,,,,,,,,,
A73 - Jerez Black Metallic,,NCSW - Black Novillo Leather,,WBSWD9C58AP362458,,P362458,"MSRP,ZPP.3,ZTP,2MK,2MT.1,507,6FL,653,655,752",,,09-05-2009,550,,,,,,,,,,
A73 - Jerez Black Metallic,,NCSW - Black Novillo Leather,,WBSWD9C5XAP362459,,P362459,"MSRP,ZCW,ZPP.3,ZTP,2MK,2MT.1,302,403,6FL,653,655,752",,,09-05-2009,550,,,,,,,,,,
A73 - Jerez Black Metallic,,NCH3 - Beige Novillo Leather,,WBSWD9C56AP362460,,P362460,"MSRP,ZCW,ZPP.1,ZTP,2MT.1,403,415,6FL,653,655",,,09-05-2009,550,,,,,,,,,,
A73 - Jerez Black Metallic,,NCSW - Black Novillo Leather,,WBSWD9C58AP362461,,P362461,"MSRP,ZPP.3,ZTP,2MK,2MT.1,415,494,507,6FL,653,655,752",,,09-05-2009,550,,,,,,,,,,
A73 - Jerez Black Metallic,,NCSW - Black Novillo Leather,,WBSWD9C5XAP362462,,P362462,"MSRP,ZCW,ZPP.3,ZTP,2MK,2MT.1,302,403,6FL,6NF,653,655",,,09-05-2009,550,,,,,,,,,,
A73 - Jerez Black Metallic,,NCSW - Black Novillo Leather,,WBSWD9C51AP362463,,P362463,"MSRP,ZPP.3,ZTP,2MT.1,6FL,653,655",,,09-05-2009,550,,,,,,,,,,
A73 - Jerez Black Metallic,,NCSW - Black Novillo Leather,,WBSWD9C53AP362464,,P362464,"MSRP,ZCW,ZPP.1,ZTP,2MT.1,507,6FL,653,655,752",,,09-05-2009,550,,,,,,,,,,
A73 - Jerez Black Metallic,,NCH2 - Fox Red Novillo Leather,,WBSWD9C55AP362465,,P362465,"MSRP,ZPP.3,ZTP,2MK,2MT.1,494,507,6FL,653,655,752",,,09-05-2009,550,,,,,,,,,,
A30 - Interlagos Blue Metallic,,GEAT - Anthracite/Black Cloth & Leather,,WBSWD9C57AP362466,,P362466,"MSRP,ZPP.3,ZTP,2MT.1,494,507,6FL,653,752",,,09-05-2009,550,,,,,,,,,,
A30 - Interlagos Blue Metallic,,NDH3 - Beige Novillo Extended Leather,,WBSWD9C59AP362467,,P362467,"MSRP,ZPP.2,ZTP,2MT.1,302,494,507,6FL,752,863",,,09-05-2009,550/1100,,,,,,,,,,
A73 - Jerez Black Metallic,,NCSW - Black Novillo Leather,,WBSWD9C50AP362468,,P362468,"MSRP,ZPP.3,ZTP,2MK,2MT.1,403,494,6FL,653,655,752",,,09-05-2009,550,,,,,,,,,,
A73 - Jerez Black Metallic,,NCSW - Black Novillo Leather,,WBSWD9C52AP362469,,P362469,"MSRP,ZPP.3,ZTP,2MK,2MT.1,403,494,507,6FL,653,655,752",,,09-07-2009,550,,,,,,,,,,
668 - Jet Black,,NCSW - Black Novillo Leather,,WBSWD9C59AP362470,,P362470,"MSRP,ZPP.2,2MK,2MT.1,494,6FL",,,09-07-2009,,,,,,,,,,,
300 - Alpine White,,GEAT - Anthracite/Black Cloth & Leather,,WBSWD9C50AP362471,,P362471,"MSRP,ZPP.3,2MK,2MT.1,507,6FL,655",,,09-07-2009,,,,,,,,,,,
300 - Alpine White,,NCH1 - Silver Novillo Leather,,WBSWD9C52AP362472,,P362472,"MSRP,2MK,403,415,4MX,507,6FL",,,09-07-2009,950,,,,,,,,,,
300 - Alpine White,,NCH3 - Beige Novillo Leather,,WBSWD9C54AP362473,,P362473,"MSRP,2MK,223,403,494,639,771",,,09-07-2009,950,,,,,,,,,,
668 - Jet Black,,NCSW - Black Novillo Leather,,WBSWD9C56AP362474,,P362474,"MSRP,ZCW,ZPP.1,ZTP,2MT.1,302,415,507,6FL,653,655,752",,,09-07-2009,,,,,,,,,,,
300 - Alpine White,,NCSW - Black Novillo Leather,,WBSWD9C58AP362475,,P362475,"MSRP,ZPP.3,ZTP,2MK,2MT.1,302,494,6FL,6NF,653,655,752",,,09-07-2009,,,,,,,,,,,
668 - Jet Black,,NCSW - Black Novillo Leather,,WBSWD9C5XAP362476,,P362476,"MSRP,ZTP,2MT.1,4MY,6FL,653,752",,,09-07-2009,950,,,,,,,,,,
668 - Jet Black,,NCSW - Black Novillo Leather,,WBSWD9C51AP362477,,P362477,"MSRP,ZPP.1,ZTP,2MK,2MT.1,494,6FL,6NF,653,655,752",,,09-07-2009,,,,,,,,,,,
A52 - Space Gray Metallic,,NCSW - Black Novillo Leather,,WBSWD9C53AP362478,,P362478,"MSRP,ZCW,ZPP.2,ZTP,2MT.1,302,415,507,6FL,655,752",,,09-07-2009,550,,,,,,,,,,
A52 - Space Gray Metallic,,NCSW - Black Novillo Leather,,WBSWD9C55AP362479,,P362479,"MSRP,ZCW,ZPP.1,2MK,2MT.1,302,322,415,507,609,6FL,653,655,752",,,09-07-2009,550,,,,,,,,,,
668 - Jet Black,,NCH2 - Fox Red Novillo Leather,,WBSWD9C51AP362480,,P362480,"MSRP,ZCW,ZPP.3,ZTP,2MT.1,507,6FL,6NF,752,863",,,09-09-2009,,,,,,,,,,,
A52 - Space Gray Metallic,,NCSW - Black Novillo Leather,,WBSWD9C53AP362481,,P362481,"MSRP,ZPP.3,ZTP,2MK,2MT.1,494,6FL,6NF,653,655,752",,,09-07-2009,550,,,,,,,,,,
300 - Alpine White,,NCH1 - Silver Novillo Leather,,WBSWD9C55AP362482,,P362482,"MSRP,ZCW,ZPP.3,ZTP,2MK,2MT.1,507,5AC,6FL,6NF,653,655",,,09-07-2009,,,,,,,,,,,
300 - Alpine White,,NCSW - Black Novillo Leather,,WBSWD9C57AP362483,,P362483,"MSRP,ZPP.3,ZTP,2MK,2MT.1,302,507,6FL",,,09-07-2009,,,,,,,,,,,
300 - Alpine White,,NCSW - Black Novillo Leather,,WBSWD9C59AP362484,,P362484,"MSRP,ZCW,ZPP.3,ZTP,2MK,6FL,6NF,653",,,09-07-2009,,,,,,,,,,,
300 - Alpine White,,NCSW - Black Novillo Leather,,WBSWD9C50AP362485,,P362485,"MSRP,ZPP.3,ZTP,2MK,2MT.1,494,6FL,6NF,653,655",,,09-07-2009,,,,,,,,,,,
300 - Alpine White,,NCSW - Black Novillo Leather,,WBSWD9C52AP362486,,P362486,"MSRP,ZCW,ZPP.3,ZTP,2MK,2MT.1,6FL,653,655,752",,,09-08-2009,,,,,,,,,,,
668 - Jet Black,,NCSW - Black Novillo Leather,,WBSWD9C54AP362487,,P362487,"MSRP,ZPP.1,ZTP,2MT.1,403,494,6FL",,,09-08-2009,,,,,,,,,,,
A52 - Space Gray Metallic,,NCSW - Black Novillo Leather,,WBSWD9C56AP362488,,P362488,"MSRP,ZPP.3,ZTP,2MK,2MT.1,403,494,507,6FL,653,655,752",,,09-08-2009,550,,,,,,,,,,
300 - Alpine White,,NCSW - Black Novillo Leather,,WBSWD9C58AP362489,,P362489,"MSRP,ZPP.1,2MT.1,302,494,6FL,655",,,09-08-2009,,,,,,,,,,,
A52 - Space Gray Metallic,,NCH1 - Silver Novillo Leather,,WBSWD9C54AP362490,,P362490,"MSRP,ZPP.2,ZTP,2MK,2MT.1,494,6FL,6NF,653,655,752",,,"Sep 8, 2009",550,,,,,,,,,,
381 - Le Mans Blue Metallic,,GEAT - Anthracite/Black Cloth & Leather,,WBSWD9C56AP362491,,P362491,"MSRP,ZPP.3,2MK,2MT.1,6FL,655",,,"Sep 8, 2009",550,,,,,,,,,,
381 - Le Mans Blue Metallic,,NCH1 - Silver Novillo Leather,,WBSWD9C58AP362492,,P362492,"MSRP,ZCW,ZPP.1,ZTP,2MK,2MT.1,302,6FL,653",,,"Sep 8, 2009",550,,,,,,,,,,
A52 - Space Gray Metallic,,NDSW - Black Extended Novillo Leather,,WBSWD9C5XAP362493,,P362493,"MSRP,ZPP.3,ZTP,2MT.1,403,6FL,655",,,"Sep 8, 2009",550/1100,,,,,,,,,,
300 - Alpine White,,NCSW - Black Novillo Leather,,WBSWD9C51AP362494,,P362494,"MSRP,ZPP.3,ZTP,2MK,302,494,507,5AC,6FL,6NF,653,655,752",,,"Sep 8, 2009",,,,,,,,,,,
A52 - Space Gray Metallic,,NCSW - Black Novillo Leather,,WBSWD9C53AP362495,,P362495,"MSRP,ZCW,ZPP.3,ZTP,2MK,507,6FL,653,655,752",,,"Sep 8, 2009",550,,,,,,,,,,
668 - Jet Black,,NCSW - Black Novillo Leather,,WBSWD9C55AP362496,,P362496,"MSRP,ZPP.3,ZTP,2MK,2MT.1,507,6FL,6NF,653,655,752",,,"Sep 8, 2009",,,,,,,,,,,
300 - Alpine White,,NCSW - Black Novillo Leather,,WBSWD9C57AP362497,,P362497,"MSRP,ZPP.3,ZTP,2MK,2MT.1,494,507,6FL,6NF,653,655,752",,,"Sep 8, 2009",,,,,,,,,,,
668 - Jet Black,,NCH2 - Fox Red Novillo Leather,,WBSWD9C59AP362498,,P362498,"MSRP,ZCW,ZPP.3,ZTP,2MK,2MT.1,302,403,6FL,653,655,752",,,"Sep 8, 2009",,,,,,,,,,,
A52 - Space Gray Metallic,,NCH2 - Fox Red Novillo Leather,,WBSWD9C50AP362499,,P362499,"MSRP,ZPP.3,ZTP,2MK,2MT.1,302,494,507,653,655,752",,,"Sep 8, 2009",550,,,,,,,,,,
668 - Jet Black,,NCSW - Black Novillo Leather,,WBSWD9C53AP362500,,P362500,"MSRP,ZPP.3,ZTP,2MK,2MT.1,6FL,653,655,752",,,"Sep 8, 2009",,,,,,,,,,,
381 - Le Mans Blue Metallic,,NCH1 - Silver Novillo Leather,,WBSWD9C55AP362501,,P362501,"MSRP,ZPP.3,ZTP,2MK,2MT.1,302,415,494,507,6FL,6NF,653,655,752",,,"Sep 8, 2009",550,,,,,,,,,,
300 - Alpine White,,NCH2 - Fox Red Novillo Leather,,WBSWD9C57AP362502,,P362502,"MSRP,ZTP,2MK,2MT.1,4MY,6FL",,,"Sep 8, 2009",950,,,,,,,,,,
668 - Jet Black,,NCSW - Black Novillo Leather,,WBSWD9C59AP362503,,P362503,"MSRP,ZCW,ZPP.3,ZTP,2MK,2MT.1,302,403,6FL,653,655,752",,,"Sep 8, 2009",,,,,,,,,,,
300 - Alpine White,,NCSW - Black Novillo Leather,,WBSWD9C50AP362504,,P362504,"MSRP,ZCW,ZPP.3,ZTP,2MK,2MT.1,302,403,6FL,653,655,752",,,"Sep 8, 2009",,,,,,,,,,,
668 - Jet Black,,NCH3 - Beige Novillo Leather,,WBSWD9C52AP362505,,P362505,"MSRP,ZPP.3,ZTP,2MK,2MT.1,403,494,6FL,653,655",,,"Sep 9, 2009",,,,,,,,,,,
300 - Alpine White,,NDH3 - Beige Novillo Extended Leather,,WBSWD9C54AP362506,,P362506,"MSRP,ZCW,ZPP.2,ZTP,2MK,2MT.1,302,403,415,507,6FL,653,655,752",,,"Sep 9, 2009",1100,,,,,,,,,,
A52 - Space Gray Metallic,,NCSW - Black Novillo Leather,,WBSWD9C56AP362507,,P362507,"MSRP,ZCW,ZPP.3,2MK,2MT.1,322,403,609,6FL,653,655,752",,,"Sep 9, 2009",550,,,,,,,,,,
381 - Le Mans Blue Metallic,,NCSW - Black Novillo Leather,,WBSWD9C58AP362508,,P362508,"MSRP,ZPP.2,ZTP,2MT.1,403,494,507,6FL,653,655,752",,,"Sep 9, 2009",550,,,,,,,,,,
300 - Alpine White,,NCSW - Black Novillo Leather,,WBSWD9C5XAP362509,,P362509,"MSRP,ZCW,ZPP.3,ZTP,2MT.1,403,6FL,655,752",,,"Sep 9, 2009",,,,,,,,,,,
300 - Alpine White,,NDSW - Black Extended Novillo Leather,,WBSWD9C56AP362510,,P362510,"MSRP,ZCW,ZPP.3,ZTP,2MK,2MT.1,302,403,507,6FL,6NF,653,655,752",,,"Sep 9, 2009",1100,,,,,,,,,,
A52 - Space Gray Metallic,,NCH2 - Fox Red Novillo Leather,,WBSWD9C58AP362511,,P362511,"MSRP,ZPP.3,ZTP,2MT.1,302,403,507,6FL,6NF,655",,,"Sep 9, 2009",550,,,,,,,,,,
668 - Jet Black,,NDSW - Black Extended Novillo Leather,,WBSWD9C5XAP362512,,P362512,"MSRP,ZCW,ZPP.1,ZTP,2MK,2MT.1,403,507,6FL,6NF,653,655,752",,,"Sep 9, 2009",1100,,,,,,,,,,
668 - Jet Black,,NCH1 - Silver Novillo Leather,,WBSWD9C51AP362513,,P362513,"MSRP,ZCW,ZPP.2,ZTP,2MK,2MT.1,302,403,507,6FL,6NF,653,752,863",,,"Sep 9, 2009",,,,,,,,,,,
300 - Alpine White,,NCH3 - Beige Novillo Leather,,WBSWD9C53AP362514,,P362514,"MSRP,ZPP.2,ZTP,2MT.1,302,507,6FL,653,655,752",,,"Sep 9, 2009",,,,,,,,,,,
A30 - Interlagos Blue Metallic,,NCSW - Black Novillo Leather,,WBSWD9C55AP362515,,P362515,"MSRP,ZPP.3,2MT.1,6FL",,,"Sep 9, 2009",550,,,,,,,,,,
381 - Le Mans Blue Metallic,,NCSW - Black Novillo Leather,,WBSWD9C57AP362516,,P362516,"MSRP,ZPP.3,ZTP,2MK,2MT.1,403,507,5AC,6FL,653,655,752",,,"Sep 9, 2009",550,,,,,,,,,,
A73 - Jerez Black Metallic,,NCH2 - Fox Red Novillo Leather,,WBSWD9C59AP362517,,P362517,"MSRP,ZCW,ZPP.1,2MT.1,302,322,403,6FL,655,752",,,"Sep 9, 2009",550,,,,,,,,,,
381 - Le Mans Blue Metallic,,NCSW - Black Novillo Leather,,WBSWD9C50AP362518,,P362518,"MSRP,ZPP.1,ZTP,2MK,2MT.1,494,6FL,653,655,752",,,"Sep 9, 2009",550,,,,,,,,,,
381 - Le Mans Blue Metallic,,NCH1 - Silver Novillo Leather,,WBSWD9C52AP362519,,P362519,"MSRP,ZPP.2,ZTP,415,494,6FL",,,"Sep 9, 2009",550,,,,,,,,,,
A75 - Melbourne Red Metallic,,NDSW - Black Extended Novillo Leather,,WBSWD9C59AP362520,,P362520,"MSRP,ZPP.3,ZTP,2MK,2MT.1,302,494,5AC,6FL,6NF,653,655,752",,,"Sep 9, 2009",550/1100,,,,,,,,,,
300 - Alpine White,,NCSW - Black Novillo Leather,,WBSWD9C50AP362521,,P362521,"MSRP,ZPP.3,ZTP,2MK,2MT.1,302,494,507,6FL,6NF,653,655,752",,,"Sep 9, 2009",,,,,,,,,,,
300 - Alpine White,,NCSW - Black Novillo Leather,,WBSWD9C52AP362522,,P362522,"MSRP,ZPP.3,ZTP,2MK,2MT.1,494,507,6FL,653,752",,,"Sep 9, 2009",,,,,,,,,,,
300 - Alpine White,,NCH2 - Fox Red Novillo Leather,,WBSWD9C54AP362523,,P362523,"MSRP,ZPP.3,2MK,2MT.1,322,494,609,653,752",,,"Sep 9, 2009",,,,,,,,,,,
A29 - Silverstone Metallic II,,NCSW - Black Novillo Leather,,WBSWD9C56AP362524,,P362524,"MSRP,ZPP.3,ZTP,2MK,2MT.1,415,6FL,6NF,653,752",,,"Sep 10, 2009",550,,,,,,,,,,
A29 - Silverstone Metallic II,,NCSW - Black Novillo Leather,,WBSWD9C58AP362525,,P362525,"MSRP,ZPP.3,ZTP,2MK,2MT.1,302,403,494,507,6FL,653,655",,,"Sep 10, 2009",550,,,,,,,,,,
A29 - Silverstone Metallic II,,NCH2 - Fox Red Novillo Leather,,WBSWD9C5XAP362526,,P362526,"MSRP,ZCW,ZPP.3,ZTP,2MK,2MT.1,507,6FL,653,655,752",,,"Sep 10, 2009",550,,,,,,,,,,
381 - Le Mans Blue Metallic,,NCSW - Black Novillo Leather,,WBSWD9C51AP362527,,P362527,"MSRP,ZCW,ZPP.3,ZTP,2MK,2MT.1,403,6FL,653,655,752",,,"Sep 10, 2009",550,,,,,,,,,,
A73 - Jerez Black Metallic,,NCH2 - Fox Red Novillo Leather,,WBSWD9C53AP362528,,P362528,"MSRP,ZCW,ZPP.3,2MK,2MT.1,302,322,403,415,507,609,6FL,653,655,752",,,"Sep 10, 2009",550,,,,,,,,,,
A73 - Jerez Black Metallic,,NDH2 - Fox Red Extended Leather,,WBSWD9C55AP362529,,P362529,"MSRP,ZCW,ZPP.3,ZTP,2MK,2MT.1,302,403,507,5AC,6FL,6NF,653,655,752",,,"Sep 10, 2009",550/1100,,,,,,,,,,
300 - Alpine White,,GEAT - Anthracite/Black Cloth & Leather,,WBSWD9C51AP362530,,P362530,"MSRP,639,6FL,771",,,"Sep 10, 2009",,,,,,,,,,,
300 - Alpine White,,NCH2 - Fox Red Novillo Leather,,WBSWD9C53AP362531,,P362531,"MSRP,ZCW,ZPP.3,ZTP,2MT.1,302,415,507,6FL,655,752",,,"Sep 10, 2009",,,,,,,,,,,
668 - Jet Black,,NCH3 - Beige Novillo Leather,,WBSWD9C55AP362532,,P362532,"MSRP,ZCW,ZPP.2,ZTP,403,507,6FL,752",,,"Sep 10, 2009",,,,,,,,,,,
668 - Jet Black,,NCSW - Black Novillo Leather,,WBSWD9C57AP362533,,P362533,"MSRP,ZCW,ZPP.3,ZTP,2MK,2MT.1,403,507,6FL,6NF,653,655,752",,,"Sep 10, 2009",,,,,,,,,,,
A52 - Space Gray Metallic,,NCH2 - Fox Red Novillo Leather,,WBSWD9C59AP362534,,P362534,"MSRP,ZCW,ZPP.3,ZTP,2MT.1,302,403,415,507,6FL,655,752",,,"Sep 10, 2009",550,,,,,,,,,,
A52 - Space Gray Metallic,,NCSW - Black Novillo Leather,,WBSWD9C50AP362535,,P362535,"MSRP,ZPP.3,ZTP,2MK,2MT.1,302,494,507,6FL,6NF,653,655,752",,,"Sep 10, 2009",550,,,,,,,,,,
300 - Alpine White,,NCSW - Black Novillo Leather,,WBSWD9C52AP362536,,P362536,"MSRP,ZPP.3,ZTP,2MK,2MT.1,302,403,507,6FL,6NF,653,655,752",,,"Sep 10, 2009",,,,,,,,,,,
A30 - Interlagos Blue Metallic,,NCH3 - Beige Novillo Leather,,WBSWD9C54AP362537,,P362537,"MSRP,ZCW,ZPP.2,ZTP,2MK,2MT.1,302,403,507,6FL,653,655,752",,,"Sep 10, 2009",550,,,,,,,,,,
300 - Alpine White,,NCSW - Black Novillo Leather,,WBSWD9C56AP362538,,P362538,"MSRP,ZPP.2,ZTP,2MK,2MT.1,302,403,494,507,6FL,655",,,"Sep 10, 2009",,,,,,,,,,,
300 - Alpine White,,NCSW - Black Novillo Leather,,WBSWD9C58AP362539,,P362539,"MSRP,ZPP.1,ZTP,2MK,2MT.1,302,494,6FL,6NF,653,655",,,"Sep 11, 2009",,,,,,,,,,,
300 - Alpine White,,NCH2 - Fox Red Novillo Leather,,WBSWD9C54AP362540,,P362540,"MSRP,ZPP.3,ZTP,2MK,2MT.1,507,6FL,653,655,752",,,"Sep 11, 2009",,,,,,,,,,,
A75 - Melbourne Red Metallic,,NDSW - Black Extended Novillo Leather,,WBSWD9C56AP362541,,P362541,"MSRP,ZPP.3,ZTP,2MK,2MT.1,302,6FL,6NF,653,655,752",,,"Sep 11, 2009",550/1100,,,,,,,,,,
300 - Alpine White,,NCH3 - Beige Novillo Leather,,WBSWD9C58AP362542,,P362542,"MSRP,ZCW,ZPP.3,ZTP,2MK,2MT.1,403,5AC,6FL,653,655,752",,,"Sep 11, 2009",,,,,,,,,,,
300 - Alpine White,,NCSW - Black Novillo Leather,,WBSWD9C5XAP362543,,P362543,"MSRP,ZCW,ZPP.3,ZTP,2MK,6FL,653",,,"Sep 11, 2009",,,,,,,,,,,
668 - Jet Black,,NCSW - Black Novillo Leather,,WBSWD9C51AP362544,,P362544,"MSRP,ZPP.3,ZTP,2MK,2MT.1,302,494,507,6FL,6NF,653,655,752",,,"Sep 11, 2009",,,,,,,,,,,
668 - Jet Black,,NDSW - Black Extended Novillo Leather,,WBSWD9C53AP362545,,P362545,"MSRP,ZCW,ZPP.3,ZTP,2MK,302,415,507,6FL,653,752",,,"Sep 11, 2009",1100,,,,,,,,,,
300 - Alpine White,,NCH3 - Beige Novillo Leather,,WBSWD9C55AP362546,,P362546,"MSRP,ZPP.1,ZTP,2MK,2MT.1,302,403,494,507,6FL,6NF,653,655,752",,,"Sep 11, 2009",,,,,,,,,,,
A52 - Space Gray Metallic,,NCH1 - Silver Novillo Leather,,WBSWD9C57AP362547,,P362547,"MSRP,ZPP.3,ZTP,2MK,2MT.1,302,494,6FL,6NF,653,655,752",,,"Sep 11, 2009",550,,,,,,,,,,
A52 - Space Gray Metallic,,NCSW - Black Novillo Leather,,WBSWD9C59AP362548,,P362548,"MSRP,ZPP.3,ZTP,2MK,2MT.1,302,415,494,507,5AC,6FL,6NF,653,655,752",,,"Sep 11, 2009",550,,,,,,,,,,
300 - Alpine White,,NDH1 - Silver Novillo Extended Leather,,WBSWD9C50AP362549,,P362549,"MSRP,ZPP.3,ZTP,2MT.1,6FL",,,"Sep 11, 2009",1100,,,,,,,,,,
668 - Jet Black,,NCH3 - Beige Novillo Leather,,WBSWD9C57AP362550,,P362550,"MSRP,ZPP.1,ZTP,2MK,2MT.1,302,403,494,507,6FL,6NF,653,655,752",,,"Sep 11, 2009",,,,,,,,,,,
A52 - Space Gray Metallic,,NDSW - Black Extended Novillo Leather,,WBSWD9C59AP362551,,P362551,"MSRP,ZCW,ZPP.3,ZTP,2MK,2MT.1,403,507,6FL,6NF,653,655",,,"Sep 11, 2009",550/1100,,,,,,,,,,
A29 - Silverstone Metallic II,,NDSW - Black Extended Novillo Leather,,WBSWD9C50AP362552,,P362552,"MSRP,ZPP.3,ZTP,2MK,2MT.1,302,403,494,507,5AC,6FL,6NF,653,655",,,"Sep 11, 2009",550/1100,,,,,,,,,,
A29 - Silverstone Metallic II,,NCSW - Black Novillo Leather,,WBSWD9C52AP362553,,P362553,"MSRP,ZCW,ZPP.3,ZTP,2MK,2MT.1,302,507,6FL,653,655,752",,,"Sep 12, 2009",550,,,,,,,,,,
A73 - Jerez Black Metallic,,NCSW - Black Novillo Leather,,WBSWD9C54AP362554,,P362554,"MSRP,ZPP.3,ZTP,2MK,2MT.1,302,494,6FL,6NF,653,655,752",,,"Sep 11, 2009",550,,,,,,,,,,
A73 - Jerez Black Metallic,,NCSW - Black Novillo Leather,,WBSWD9C56AP362555,,P362555,"MSRP,ZCW,ZPP.3,ZTP,2MK,2MT.1,302,403,507,6FL,653,752",,,"Sep 11, 2009",550,,,,,,,,,,
A73 - Jerez Black Metallic,,NCSW - Black Novillo Leather,,WBSWD9C58AP362556,,P362556,"MSRP,ZPP.3,ZTP,2MK,2MT.1,494,6FL,653",,,"Sep 11, 2009",550,,,,,,,,,,
A73 - Jerez Black Metallic,,NCSW - Black Novillo Leather,,WBSWD9C5XAP362557,,P362557,"MSRP,ZCW,ZPP.3,ZTP,2MT.1,6FL,6NF,653,752",,,"Sep 11, 2009",550,,,,,,,,,,
A73 - Jerez Black Metallic,,NCH3 - Beige Novillo Leather,,WBSWD9C51AP362558,,P362558,"MSRP,ZPP.3,ZTP,2MK,2MT.1,494,6FL,653,655,752",,,"Sep 11, 2009",550,,,,,,,,,,
A73 - Jerez Black Metallic,,NCH2 - Fox Red Novillo Leather,,WBSWD9C53AP362559,,P362559,"MSRP,ZPP.1,ZTP,2MK,2MT.1,6FL,653,655,752",,,"Sep 12, 2009",550,,,,,,,,,,
A73 - Jerez Black Metallic,,NCSW - Black Novillo Leather,,WBSWD9C5XAP362560,,P362560,"MSRP,ZPP.3,ZTP,2MK,2MT.1,403,494,6FL,6NF,653,655,752",,,"Sep 14, 2009",550,,,,,,,,,,
A52 - Space Gray Metallic,,NCSW - Black Novillo Leather,,WBSWD9C51AP362561,,P362561,"MSRP,ZCW,2MT.1,223,6FL,771,863",,,"Sep 14, 2009",550/950,,,,,,,,,,
300 - Alpine White,,NCSW - Black Novillo Leather,,WBSWD9C53AP362562,,P362562,"MSRP,ZCW,ZPP.3,2MT.1,6FL,655",,,"Sep 14, 2009",,,,,,,,,,,
A52 - Space Gray Metallic,,NDH2 - Fox Red Extended Leather,,WBSWD9C55AP362563,,P362563,"MSRP,ZPP.3,ZTP,2MK,507,6FL,655,752",,,"Sep 14, 2009",550/1100,,,,,,,,,,
A73 - Jerez Black Metallic,,NCSW - Black Novillo Leather,,WBSWD9C57AP362564,,P362564,"MSRP,ZCW,ZPP.3,ZTP,2MK,2MT.1,403,6FL,653",,,"Sep 14, 2009",550,,,,,,,,,,
668 - Jet Black,,NCH2 - Fox Red Novillo Leather,,WBSWD9C59AP362565,,P362565,"MSRP,ZCW,ZPP.3,2MT.1,302,322,609,6FL",,,"Sep 14, 2009",,,,,,,,,,,
381 - Le Mans Blue Metallic,,NCSW - Black Novillo Leather,,WBSWD9C50AP362566,,P362566,"MSRP,ZPP.3,ZTP,2MK,2MT.1,302,403,6FL,653,655,752",,,"Sep 14, 2009",550,,,,,,,,,,
A73 - Jerez Black Metallic,,NCSW - Black Novillo Leather,,WBSWD9C52AP362567,,P362567,"MSRP,ZPP.1,ZTP,2MK,2MT.1,403,494,6FL,653",,,"Sep 14, 2009",550,,,,,,,,,,
300 - Alpine White,,NCH2 - Fox Red Novillo Leather,,WBSWD9C54AP362568,,P362568,"MSRP,ZCW,ZPP.1,ZTP,2MK,2MT.1,302,6FL,653,655,752",,,"Sep 14, 2009",,,,,,,,,,,
A73 - Jerez Black Metallic,,NCSW - Black Novillo Leather,,WBSWD9C56AP362569,,P362569,"MSRP,ZPP.1,ZTP,2MK,2MT.1,302,403,507,6FL,6NF,653,655,752",,,"Sep 14, 2009",550,,,,,,,,,,
668 - Jet Black,,NCH3 - Beige Novillo Leather,,WBSWD9C52AP362570,,P362570,"MSRP,ZPP.2,ZTP,2MK,2MT.1,507,6FL,653,655,752",,,"Sep 14, 2009",,,,,,,,,,,
300 - Alpine White,,NCSW - Black Novillo Leather,,WBSWD9C54AP362571,,P362571,"MSRP,ZPP.2,ZTP,2MK,2MT.1,494,6FL,6NF,653,655,752",,,"Sep 14, 2009",,,,,,,,,,,
381 - Le Mans Blue Metallic,,NCH3 - Beige Novillo Leather,,WBSWD9C56AP362572,,P362572,"MSRP,ZCW,ZPP.3,ZTP,2MK,2MT.1,302,403,6FL,6NF,653,655,752",,,"Sep 14, 2009",550,,,,,,,,,,
A73 - Jerez Black Metallic,,NCSW - Black Novillo Leather,,WBSWD9C58AP362573,,P362573,"MSRP,ZCW,ZPP.3,ZTP,2MK,2MT.1,403,6FL,653,655,752",,,"Sep 14, 2009",550,,,,,,,,,,
300 - Alpine White,,NDH2 - Fox Red Extended Leather,,WBSWD9C5XAP362574,,P362574,"MSRP,ZPP.3,ZTP,2MK,2MT.1,494,507,6FL,6NF,653,655,752",,,"Sep 15, 2009",1100,,,,,,,,,,
300 - Alpine White,,NDSW - Black Extended Novillo Leather,,WBSWD9C51AP362575,,P362575,"MSRP,ZPP.3,ZTP,2MK,2MT.1,507,6FL,653,655,752",,,"Sep 15, 2009",1100,,,,,,,,,,
668 - Jet Black,,NCSW - Black Novillo Leather,,WBSWD9C53AP362576,,P362576,"MSRP,ZPP.3,ZTP,2MT.1,494,507,6FL,6NF,655,752",,,"Sep 15, 2009",,,,,,,,,,,
668 - Jet Black,,NCSW - Black Novillo Leather,,WBSWD9C55AP362577,,P362577,"MSRP,ZPP.3,ZTP,2MK,2MT.1,507,6FL,653,655,752",,,"Sep 15, 2009",,,,,,,,,,,
A73 - Jerez Black Metallic,,NCSW - Black Novillo Leather,,WBSWD9C57AP362578,,P362578,"MSRP,ZCW,ZPP.1,ZTP,2MK,2MT.1,302,403,507,6FL,655",,,"Sep 15, 2009",550,,,,,,,,,,
381 - Le Mans Blue Metallic,,NCSW - Black Novillo Leather,,WBSWD9C59AP362579,,P362579,"MSRP,ZPP.1,ZTP,2MK,2MT.1,302,494,6FL,653",,,"Sep 15, 2009",550,,,,,,,,,,
A75 - Melbourne Red Metallic,,NCSW - Black Novillo Leather,,WBSWD9C55AP362580,,P362580,"MSRP,ZPP.1,2MK,2MT.1,507,6FL",,,"Sep 15, 2009",550,,,,,,,,,,
300 - Alpine White,,GEAT - Anthracite/Black Cloth & Leather,,WBSWD9C57AP362581,,P362581,"MSRP,ZPP.1,2MT.1,507,6FL",,,"Sep 15, 2009",,,,,,,,,,,
300 - Alpine White,,GEAT - Anthracite/Black Cloth & Leather,,WBSWD9C59AP362582,,P362582,"MSRP,2MK,2MT.1,6FL,771",,,"Sep 15, 2009",,,,,,,,,,,
300 - Alpine White,,NCSW - Black Novillo Leather,,WBSWD9C50AP362583,,P362583,"MSRP,494,507,609,6FL,655",,,"Sep 15, 2009",950,,,,,,,,,,
300 - Alpine White,,NCSW - Black Novillo Leather,,WBSWD9C52AP362584,,P362584,"MSRP,ZPP.1,ZTP,2MK,2MT.1,302,5AC,6FL,653,752",,,"Sep 15, 2009",,,,,,,,,,,
668 - Jet Black,,NCSW - Black Novillo Leather,,WBSWD9C54AP362585,,P362585,"MSRP,ZPP.3,ZTP,2MK,2MT.1,403,6FL,653,655,752",,,"Sep 15, 2009",,,,,,,,,,,
A75 - Melbourne Red Metallic,,NDH3 - Beige Novillo Extended Leather,,WBSWD9C56AP362586,,P362586,"MSRP,ZCW,ZPP.3,ZTP,2MK,2MT.1,507,6FL,653,655,752",,,"Sep 15, 2009",550/1100,,,,,,,,,,
300 - Alpine White,,NCSW - Black Novillo Leather,,WBSWD9C58AP362587,,P362587,"MSRP,ZCW,ZPP.3,ZTP,2MT.1,302,6FL,653,655,752",,,"Sep 15, 2009",,,,,,,,,,,
668 - Jet Black,,NCSW - Black Novillo Leather,,WBSWD9C5XAP362588,,P362588,"MSRP,ZPP.1,ZTP,2MK,2MT.1,403,6FL,653,655,752",,,"Sep 15, 2009",,,,,,,,,,,
A75 - Melbourne Red Metallic,,NCSW - Black Novillo Leather,,WBSWD9C51AP362589,,P362589,"MSRP,ZCW,ZPP.3,ZTP,2MT.1,302,403,6FL",,,"Sep 15, 2009",550,,,,,,,,,,
300 - Alpine White,,NCH2 - Fox Red Novillo Leather,,WBSWD9C58AP362590,,P362590,"MSRP,ZCW,ZPP.3,ZTP,2MK,2MT.1,6FL,653,752",,,"Sep 15, 2009",,,,,,,,,,,
668 - Jet Black,,NCSW - Black Novillo Leather,,WBSWD9C5XAP362591,,P362591,"MSRP,ZPP.3,ZTP,2MK,2MT.1,6FL,653,655,752",,,"Sep 15, 2009",,,,,,,,,,,
A30 - Interlagos Blue Metallic,,NCH1 - Silver Novillo Leather,,WBSWD9C51AP362592,,P362592,"MSRP,ZPP.3,ZTP,2MK,2MT.1,302,494,6FL,6NF,653,655,752",,,"Sep 16, 2009",550,,,,,,,,,,
300 - Alpine White,,NCH3 - Beige Novillo Leather,,WBSWD9C53AP362593,,P362593,"MSRP,ZTP,2MK,2MT.1,403,494,4MZ,6FL,653",,,"Sep 16, 2009",950,,,,,,,,,,
A75 - Melbourne Red Metallic,,NCH3 - Beige Novillo Leather,,WBSWD9C55AP362594,,P362594,"MSRP,ZPP.2,ZTP,2MK,494,6FL,653",,,"Sep 16, 2009",550,,,,,,,,,,
668 - Jet Black,,NCSW - Black Novillo Leather,,WBSWD9C57AP362595,,P362595,"MSRP,ZPP.3,ZTP,2MK,2MT.1,302,494,507,5AC,6FL,6NF,653,655,752",,,"Sep 16, 2009",,,,,,,,,,,
A52 - Space Gray Metallic,,NCH1 - Silver Novillo Leather,,WBSWD9C59AP362596,,P362596,"MSRP,ZPP.3,2MT.1,322,507,609,6FL,653,655,752",,,"Sep 16, 2009",550,,,,,,,,,,
A52 - Space Gray Metallic,,NDH3 - Beige Novillo Extended Leather,,WBSWD9C50AP362597,,P362597,"MSRP,ZCW,ZPP.2,ZTP,2MK,2MT.1,403,507,6FL,6NF,653,655,752",,,"Sep 16, 2009",550/1100,,,,,,,,,,
668 - Jet Black,,NDH2 - Fox Red Extended Leather,,WBSWD9C52AP362598,,P362598,"MSRP,ZPP.3,ZTP,2MK,2MT.1,494,507,6FL,6NF,653,655,752",,,"Sep 16, 2009",1100,,,,,,,,,,
300 - Alpine White,,NCSW - Black Novillo Leather,,WBSWD9C54AP362599,,P362599,"MSRP,ZCW,ZPP.1,2MK,2MT.1,302,322,415,507,6FL,655,752",,,"Sep 16, 2009",,,,,,,,,,,
A52 - Space Gray Metallic,,NCSW - Black Novillo Leather,,WBSWD9C57AP362600,,P362600,"MSRP,ZCW,ZPP.1,ZTP,2MK,403,6FL,653,752",,,"Sep 16, 2009",550,,,,,,,,,,
668 - Jet Black,,NCSW - Black Novillo Leather,,WBSWD9C59AP362601,,P362601,"MSRP,ZPP.3,ZTP,2MK,302,507,6FL,653,752",,,"Sep 16, 2009",,,,,,,,,,,
668 - Jet Black,,NCH1 - Silver Novillo Leather,,WBSWD9C50AP362602,,P362602,"MSRP,ZPP.1,ZTP,2MK,507,653,655",,,"Sep 16, 2009",,,,,,,,,,,
A52 - Space Gray Metallic,,NCSW - Black Novillo Leather,,WBSWD9C52AP362603,,P362603,"MSRP,ZPP.3,ZTP,2MK,2MT.1,403,6FL,653,655",,,"Sep 16, 2009",550,,,,,,,,,,
A52 - Space Gray Metallic,,NCSW - Black Novillo Leather,,WBSWD9C54AP362604,,P362604,"MSRP,ZCW,ZPP.1,2MK,2MT.1,302,322,415,507,6FL,655,752",,,"Sep 16, 2009",550,,,,,,,,,,
300 - Alpine White,,NCSW - Black Novillo Leather,,WBSWD9C56AP362605,,P362605,"MSRP,2MT.1,6FL,655,771",,,"Sep 16, 2009",950,,,,,,,,,,
668 - Jet Black,,NCSW - Black Novillo Leather,,WBSWD9C58AP362606,,P362606,"MSRP,ZPP.1,ZTP,2MK,2MT.1,302,403,494,507,6FL,6NF,653,655,752",,,"Sep 16, 2009",,,,,,,,,,,
300 - Alpine White,,NDSW - Black Extended Novillo Leather,,WBSWD9C5XAP362607,,P362607,"MSRP,ZCW,ZPP.3,ZTP,2MT.1,302,415,507,6FL,653,655,752",,,"Sep 16, 2009",1100,,,,,,,,,,
668 - Jet Black,,NCSW - Black Novillo Leather,,WBSWD9C51AP362608,,P362608,"MSRP,ZCW,ZPP.3,ZTP,2MT.1,403,6FL",,,"Sep 17, 2009",,,,,,,,,,,
A52 - Space Gray Metallic,,NCSW - Black Novillo Leather,,WBSWD9C53AP362609,,P362609,"MSRP,ZCW,ZPP.2,ZTP,2MK,2MT.1,302,415,507,5AC,6FL,6NF,653,655,752",,,"Sep 17, 2009",550,,,,,,,,,,
300 - Alpine White,,NCH2 - Fox Red Novillo Leather,,WBSWD9C5XAP362610,,P362610,"MSRP,ZPP.3,ZTP,2MK,2MT.1,302,415,494,507,6FL,6NF,653,655,752",,,"Sep 17, 2009",,,,,,,,,,,
300 - Alpine White,,NDH1 - Silver Novillo Extended Leather,,WBSWD9C51AP362611,,P362611,"MSRP,ZCW,ZPP.3,ZTP,2MK,2MT.1,302,415,507,5AC,6FL,6NF,653,655,752",,,"Sep 17, 2009",1100,,,,,,,,,,
668 - Jet Black,,NCSW - Black Novillo Leather,,WBSWD9C53AP362612,,P362612,"MSRP,ZCW,ZPP.3,ZTP,2MK,2MT.1,403,507,6FL,6NF,653,655",,,"Sep 17, 2009",,,,,,,,,,,
668 - Jet Black,,NCSW - Black Novillo Leather,,WBSWD9C55AP362613,,P362613,"MSRP,ZPP.2,ZTP,2MK,2MT.1,302,403,494,6FL,6NF,653,655,752",,,"Sep 17, 2009",,,,,,,,,,,
300 - Alpine White,,NCSW - Black Novillo Leather,,WBSWD9C57AP362614,,P362614,"MSRP,ZCW,ZPP.3,ZTP,2MT.1,415,507,6FL,6NF,863",,,"Sep 17, 2009",,,,,,,,,,,
668 - Jet Black,,NCH2 - Fox Red Novillo Leather,,WBSWD9C59AP362615,,P362615,"MSRP,ZCW,ZPP.3,ZTP,2MK,2MT.1,302,6FL,653,752",,,"Sep 17, 2009",,,,,,,,,,,
300 - Alpine White,,NCH2 - Fox Red Novillo Leather,,WBSWD9C50AP362616,,P362616,"MSRP,ZCW,ZPP.3,ZTP,2MT.1,302,507,6FL,653,655,752",,,"Sep 18, 2009",,,,,,,,,,,
A52 - Space Gray Metallic,,NCSW - Black Novillo Leather,,WBSWD9C52AP362617,,P362617,"MSRP,ZPP.1,2MT.1,302,494",,,"Sep 17, 2009",550,,,,,,,,,,
668 - Jet Black,,NCSW - Black Novillo Leather,,WBSWD9C54AP362618,,P362618,"MSRP,ZPP.2,ZTP,2MK,2MT.1,494,507,6FL,6NF,653",,,"Sep 17, 2009",,,,,,,,,,,
A29 - Silverstone Metallic II,,NDSW - Black Extended Novillo Leather,,WBSWD9C56AP362619,,P362619,"MSRP,ZCW,ZPP.3,2MK,2MT.1,302,322,415,507,609,6FL,653,655,752",,,"Sep 17, 2009",550/1100,,,,,,,,,,
A52 - Space Gray Metallic,,NCH2 - Fox Red Novillo Leather,,WBSWD9C52AP362620,,P362620,"MSRP,ZPP.1,ZTP,2MK,2MT.1,494,6FL,653,655,752",,,"Sep 17, 2009",550,,,,,,,,,,
300 - Alpine White,,NDH1 - Silver Novillo Extended Leather,,WBSWD9C54AP362621,,P362621,"MSRP,ZCW,ZPP.1,ZTP,2MK,2MT.1,403,6FL,653,752",,,"Sep 17, 2009",1100,,,,,,,,,,
300 - Alpine White,,NDSW - Black Extended Novillo Leather,,WBSWD9C56AP362622,,P362622,"MSRP,ZPP.3,ZTP,2MT.1,302,653,655,752",,,"Sep 17, 2009",1100,,,,,,,,,,
A29 - Silverstone Metallic II,,NDSW - Black Extended Novillo Leather,,WBSWD9C58AP362623,,P362623,"MSRP,ZPP.2,ZTP,2MK,2MT.1,6FL,653",,,"Sep 17, 2009",550/1100,,,,,,,,,,
A73 - Jerez Black Metallic,,NCSW - Black Novillo Leather,,WBSWD9C5XAP362624,,P362624,"MSRP,ZCW,ZPP.3,ZTP,2MK,2MT.1,302,403,415,507,5AC,6FL,653,655,752",,,"Sep 18, 2009",550,,,,,,,,,,
A29 - Silverstone Metallic II,,NCSW - Black Novillo Leather,,WBSWD9C51AP362625,,P362625,"MSRP,ZCW,ZPP.2,ZTP,2MT.1,302,403,507,6FL,752",,,"Sep 18, 2009",550,,,,,,,,,,
A29 - Silverstone Metallic II,,NCH1 - Silver Novillo Leather,,WBSWD9C53AP362626,,P362626,"MSRP,ZCW,ZPP.1,ZTP,2MT.1,403,507,6FL,6NF,655,752",,,"Sep 18, 2009",550,,,,,,,,,,
668 - Jet Black,,NCSW - Black Novillo Leather,,WBSWD9C55AP362627,,P362627,"MSRP,ZCW,ZTP,2MK,2MT.1,302,403,507,639,653,752,771",,,"Sep 18, 2009",950,,,,,,,,,,
A52 - Space Gray Metallic,,NDH1 - Silver Novillo Extended Leather,,WBSWD9C57AP362628,,P362628,"MSRP,2MT.1,302,494,609,6FL,653,771",,,"Sep 18, 2009",550/2000,,,,,,,,,,
668 - Jet Black,,GEAT - Anthracite/Black Cloth & Leather,,WBSWD9C59AP362629,,P362629,"MSRP,403,507,639,6FL,771",,,"Sep 19, 2009",,,,,,,,,,,
668 - Jet Black,,NCSW - Black Novillo Leather,,WBSWD9C55AP362630,,P362630,"MSRP,ZCW,ZPP.1,2MT.1,302,507,6FL,6NF,655",,,"Sep 18, 2009",,,,,,,,,,,
668 - Jet Black,,NCSW - Black Novillo Leather,,WBSWD9C57AP362631,,P362631,"MSRP,ZCW,ZPP.1,2MT.1,302,6FL",,,"Sep 18, 2009",,,,,,,,,,,
300 - Alpine White,,NCSW - Black Novillo Leather,,WBSWD9C59AP362632,,P362632,"MSRP,ZPP.1,ZTP,2MT.1,6FL,653",,,"Sep 18, 2009",,,,,,,,,,,
668 - Jet Black,,NCSW - Black Novillo Leather,,WBSWD9C50AP362633,,P362633,"MSRP,ZPP.3,2MK,2MT.1,507,609,6FL,653",,,"Sep 18, 2009",,,,,,,,,,,
300 - Alpine White,,NCH2 - Fox Red Novillo Leather,,WBSWD9C52AP362634,,P362634,"MSRP,ZCW,ZPP.2,ZTP,2MK,6FL,6NF,653",,,"Sep 18, 2009",,,,,,,,,,,
381 - Le Mans Blue Metallic,,NCSW - Black Novillo Leather,,WBSWD9C54AP362635,,P362635,"MSRP,ZCW,ZPP.3,ZTP,2MK,2MT.1,6FL,653,655,752",,,"Sep 18, 2009",550,,,,,,,,,,
A52 - Space Gray Metallic,,NCH2 - Fox Red Novillo Leather,,WBSWD9C56AP362636,,P362636,"MSRP,ZPP.3,ZTP,2MK,2MT.1,302,403,415,507,6FL,653,752",,,"Sep 18, 2009",550,,,,,,,,,,
668 - Jet Black,,NCSW - Black Novillo Leather,,WBSWD9C58AP362637,,P362637,"MSRP,2MK,2MT.1,6FL,655,771",,,"Sep 19, 2009",950,,,,,,,,,,
300 - Alpine White,,NCSW - Black Novillo Leather,,WBSWD9C5XAP362638,,P362638,"MSRP,ZPP.3,ZTP,2MK,2MT.1,302,403,507,6FL,653,752",,,"Sep 19, 2009",,,,,,,,,,,
300 - Alpine White,,NDSW - Black Extended Novillo Leather,,WBSWD9C51AP362639,,P362639,"MSRP,ZCW,ZPP.3,ZTP,2MK,2MT.1,302,507,5AC,6FL,6NF,653,655",,,"Sep 19, 2009",1100,,,,,,,,,,
A73 - Jerez Black Metallic,,NCSW - Black Novillo Leather,,WBSWD9C58AP362640,,P362640,"MSRP,ZCW,ZPP.3,2MT.1,302,322,415,507,609,6FL,653,655,752",,,"Sep 21, 2009",550,,,,,,,,,,
A73 - Jerez Black Metallic,,NCH2 - Fox Red Novillo Leather,,WBSWD9C5XAP362641,,P362641,"MSRP,ZPP.3,2MT.1,655",,,"Sep 21, 2009",550,,,,,,,,,,
A73 - Jerez Black Metallic,,NDH2 - Fox Red Extended Leather,,WBSWD9C51AP362642,,P362642,"MSRP,ZCW,ZPP.2,302,322,403,609,6FL",,,"Sep 21, 2009",550/1100,,,,,,,,,,
A29 - Silverstone Metallic II,,NCSW - Black Novillo Leather,,WBSWD9C53AP362643,,P362643,"MSRP,ZPP.1,ZTP,2MK,2MT.1,494,507,6FL,653",,,"Sep 21, 2009",550,,,,,,,,,,
A73 - Jerez Black Metallic,,NCH3 - Beige Novillo Leather,,WBSWD9C55AP362644,,P362644,"MSRP,ZCW,ZPP.3,ZTP,2MT.1,403,6FL,6NF",,,"Sep 21, 2009",550,,,,,,,,,,
A29 - Silverstone Metallic II,,NCSW - Black Novillo Leather,,WBSWD9C57AP362645,,P362645,"MSRP,ZCW,ZPP.2,ZTP,2MK,2MT.1,302,507,6FL,752",,,"Sep 21, 2009",550,,,,,,,,,,
A29 - Silverstone Metallic II,,NCSW - Black Novillo Leather,,WBSWD9C59AP362646,,P362646,"MSRP,ZCW,ZPP.3,ZTP,2MK,2MT.1,302,507,653",,,"Sep 21, 2009",550,,,,,,,,,,
A73 - Jerez Black Metallic,,NCSW - Black Novillo Leather,,WBSWD9C50AP362647,,P362647,"MSRP,ZCW,ZPP.3,ZTP,2MK,2MT.1,302,507,6FL,653,752",,,"Sep 21, 2009",550,,,,,,,,,,
A73 - Jerez Black Metallic,,NDH1 - Silver Novillo Extended Leather,,WBSWD9C52AP362648,,P362648,"MSRP,ZCW,ZPP.3,ZTP,2MK,2MT.1,302,507,6FL,6NF,655,752",,,"Sep 21, 2009",550/1100,,,,,,,,,,
A29 - Silverstone Metallic II,,NCSW - Black Novillo Leather,,WBSWD9C54AP362649,,P362649,"MSRP,ZPP.3,ZTP,2MK,2MT.1,302,494,507,6FL,653,752",,,"Sep 21, 2009",550,,,,,,,,,,
A75 - Melbourne Red Metallic,,NCSW - Black Novillo Leather,,WBSWD9C50AP362650,,P362650,"MSRP,ZCW,ZPP.3,ZTP,2MK,2MT.1,507,6FL,653,655,752",,,"Sep 21, 2009",550,,,,,,,,,,
A75 - Melbourne Red Metallic,,NDSW - Black Extended Novillo Leather,,WBSWD9C52AP362651,,P362651,"MSRP,ZPP.3,ZTP,2MK,2MT.1,302,494,507,6FL,6NF,653,752",,,"Sep 21, 2009",550/1100,,,,,,,,,,
A75 - Melbourne Red Metallic,,NCSW - Black Novillo Leather,,WBSWD9C54AP362652,,P362652,"MSRP,ZPP.3,2MK,2MT.1,302,322,494,507,609,6FL,6NF,653,655,752",,,"Sep 21, 2009",550,,,,,,,,,,
A73 - Jerez Black Metallic,,NCSW - Black Novillo Leather,,WBSWD9C56AP362653,,P362653,"MSRP,ZCW,ZPP.3,ZTP,2MK,2MT.1,403,6FL,6NF,655,752",,,"Sep 21, 2009",550,,,,,,,,,,
A75 - Melbourne Red Metallic,,NCSW - Black Novillo Leather,,WBSWD9C58AP362654,,P362654,"MSRP,ZPP.3,ZTP,2MK,2MT.1,302,494,6FL,653,655,752",,,"Sep 21, 2009",550,,,,,,,,,,
381 - Le Mans Blue Metallic,,NCSW - Black Novillo Leather,,WBSWD9C5XAP362655,,P362655,"MSRP,ZPP.3,ZTP,2MK,2MT.1,6FL,653,655,752",,,"Sep 22, 2009",550,,,,,,,,,,
381 - Le Mans Blue Metallic,,NCH3 - Beige Novillo Leather,,WBSWD9C51AP362656,,P362656,"MSRP,ZPP.3,ZTP,2MK,2MT.1,302,415,507,6FL,6NF,653",,,"Sep 22, 2009",550,,,,,,,,,,
381 - Le Mans Blue Metallic,,NCSW - Black Novillo Leather,,WBSWD9C53AP362657,,P362657,"MSRP,ZCW,2MT.1,223,6FL,771",,,"Sep 22, 2009",550/950,,,,,,,,,,
A52 - Space Gray Metallic,,NCSW - Black Novillo Leather,,WBSWD9C55AP362658,,P362658,"MSRP,ZPP.3,2MK,2MT.1,403,494,6FL,6NF,655",,,"Sep 22, 2009",550,,,,,,,,,,
300 - Alpine White,,NCSW - Black Novillo Leather,,WBSWD9C57AP362659,,P362659,"MSRP,ZCW,ZPP.2,2MK,2MT.1,302,322,415,507,609,6FL,653,655,752",,,"Sep 22, 2009",,,,,,,,,,,
300 - Alpine White,,NCH1 - Silver Novillo Leather,,WBSWD9C53AP362660,,P362660,"MSRP,ZPP.3,223,403,494,6FL",,,"Sep 22, 2009",,,,,,,,,,,
300 - Alpine White,,NCSW - Black Novillo Leather,,WBSWD9C55AP362661,,P362661,"MSRP,ZPP.3,ZTP,2MK,2MT.1,494,507,6FL,6NF,653,655,752",,,"Sep 22, 2009",,,,,,,,,,,
668 - Jet Black,,NCSW - Black Novillo Leather,,WBSWD9C57AP362662,,P362662,"MSRP,ZCW,ZPP.3,ZTP,2MK,2MT.1,403,6FL,6NF,653,655,752",,,"Sep 22, 2009",,,,,,,,,,,
300 - Alpine White,,NCH3 - Beige Novillo Leather,,WBSWD9C59AP362663,,P362663,"MSRP,ZPP.2,ZTP,2MK,2MT.1,494,507,6FL,653,655,752",,,"Sep 22, 2009",,,,,,,,,,,
300 - Alpine White,,NCSW - Black Novillo Leather,,WBSWD9C50AP362664,,P362664,"MSRP,ZPP.3,ZTP,2MK,2MT.1,494,6FL,653,655,752",,,"Sep 22, 2009",,,,,,,,,,,
300 - Alpine White,,NCSW - Black Novillo Leather,,WBSWD9C52AP362665,,P362665,"MSRP,ZPP.3,ZTP,2MK,2MT.1,494,6FL,653,752",,,"Sep 22, 2009",,,,,,,,,,,
A52 - Space Gray Metallic,,NCSW - Black Novillo Leather,,WBSWD9C54AP362666,,P362666,"MSRP,ZCW,ZPP.3,ZTP,2MK,2MT.1,302,403,507,6FL,653,655,752",,,"Sep 22, 2009",550,,,,,,,,,,
668 - Jet Black,,NCSW - Black Novillo Leather,,WBSWD9C56AP362667,,P362667,"MSRP,ZCW,ZPP.1,ZTP,403,6FL,655",,,"Sep 22, 2009",,,,,,,,,,,
300 - Alpine White,,NCH2 - Fox Red Novillo Leather,,WBSWD9C58AP362668,,P362668,"MSRP,ZTP,2MT.1,302,4MY,6FL,655",,,"Sep 22, 2009",950,,,,,,,,,,
381 - Le Mans Blue Metallic,,NCH1 - Silver Novillo Leather,,WBSWD9C5XAP362669,,P362669,"MSRP,ZPP.3,ZTP,2MK,2MT.1,403,494,6FL,6NF,653,655",,,"Sep 22, 2009",550,,,,,,,,,,
A52 - Space Gray Metallic,,NCSW - Black Novillo Leather,,WBSWD9C56AP362670,,P362670,"MSRP,ZCW,ZPP.3,ZTP,2MK,2MT.1,302,5AC,6FL,653,655,752",,,"Sep 22, 2009",550,,,,,,,,,,
A52 - Space Gray Metallic,,NCSW - Black Novillo Leather,,WBSWD9C58AP362671,,P362671,"MSRP,ZPP.3,507,609,6FL,6NF",,,"Sep 22, 2009",550,,,,,,,,,,
A52 - Space Gray Metallic,,NCSW - Black Novillo Leather,,WBSWD9C5XAP362672,,P362672,"MSRP,ZPP.3,ZTP,2MK,403,494,507,6FL,6NF,653,655,752",,,"Sep 22, 2009",550,,,,,,,,,,
A52 - Space Gray Metallic,,GEAT - Anthracite/Black Cloth & Leather,,WBSWD9C51AP362673,,P362673,"MSRP,ZTP,653,771",,,"Sep 22, 2009",550,,,,,,,,,,
300 - Alpine White,,NCSW - Black Novillo Leather,,WBSWD9C53AP362674,,P362674,"MSRP,ZCW,ZPP.3,ZTP,2MK,2MT.1,507,653,752",,,"Sep 22, 2009",,,,,,,,,,,
300 - Alpine White,,NCH2 - Fox Red Novillo Leather,,WBSWD9C55AP362675,,P362675,"MSRP,ZPP.3,ZTP,2MK,2MT.1,507,6FL,653,655",,,"Sep 23, 2009",,,,,,,,,,,
A52 - Space Gray Metallic,,NCSW - Black Novillo Leather,,WBSWD9C57AP362676,,P362676,"MSRP,ZCW,ZPP.1,ZTP,2MK,2MT.1,302,403,6FL,653,655",,,"Sep 23, 2009",550,,,,,,,,,,
A52 - Space Gray Metallic,,NCH2 - Fox Red Novillo Leather,,WBSWD9C59AP362677,,P362677,"MSRP,ZCW,ZPP.3,ZTP,2MK,2MT.1,403,507,6FL,6NF,653,655,752",,,"Sep 23, 2009",550,,,,,,,,,,
668 - Jet Black,,NDSW - Black Extended Novillo Leather,,WBSWD9C50AP362678,,P362678,"MSRP,ZCW,ZPP.3,ZTP,2MK,2MT.1,403,653,655,752",,,"Sep 23, 2009",1100,,,,,,,,,,
A52 - Space Gray Metallic,,NCH2 - Fox Red Novillo Leather,,WBSWD9C52AP362679,,P362679,"MSRP,ZPP.3,ZTP,2MK,2MT.1,302,494,507,6FL,653,752",,,"Sep 23, 2009",550,,,,,,,,,,
668 - Jet Black,,GEAT - Anthracite/Black Cloth & Leather,,WBSWD9C59AP362680,,P362680,"MSRP,ZTP,2MK,4MZ,6FL,653,752",,,"Sep 23, 2009",,,,,,,,,,,
668 - Jet Black,,NCSW - Black Novillo Leather,,WBSWD9C50AP362681,,P362681,"MSRP,ZPP.3,ZTP,2MK,6FL,653",,,"Sep 23, 2009",,,,,,,,,,,
668 - Jet Black,,NCH3 - Beige Novillo Leather,,WBSWD9C52AP362682,,P362682,"MSRP,ZCW,ZPP.3,ZTP,2MK,2MT.1,302,403,6FL,653,655",,,"Sep 23, 2009",,,,,,,,,,,
A52 - Space Gray Metallic,,NCH2 - Fox Red Novillo Leather,,WBSWD9C54AP362683,,P362683,"MSRP,ZCW,ZPP.3,ZTP,2MT.1,302,507,6FL,653,655,752",,,"Sep 23, 2009",550,,,,,,,,,,
A52 - Space Gray Metallic,,NCSW - Black Novillo Leather,,WBSWD9C56AP362684,,P362684,"MSRP,ZPP.1,ZTP,2MK,2MT.1,302,494,6FL,653,655",,,"Sep 23, 2009",550,,,,,,,,,,
A52 - Space Gray Metallic,,NCSW - Black Novillo Leather,,WBSWD9C58AP362685,,P362685,"MSRP,ZCW,ZPP.3,ZTP,2MK,2MT.1,302,507,6FL,653,752",,,"Sep 23, 2009",550,,,,,,,,,,
300 - Alpine White,,NCSW - Black Novillo Leather,,WBSWD9C5XAP362686,,P362686,"MSRP,ZPP.3,ZTP,2MK,2MT.1,302,494,6FL,653,655,752",,,"Sep 23, 2009",,,,,,,,,,,
300 - Alpine White,,NDH2 - Fox Red Extended Leather,,WBSWD9C51AP362687,,P362687,"MSRP,ZCW,ZPP.3,ZTP,2MT.1,302,415,507,5AC,6FL,655,752",,,"Sep 23, 2009",1100,,,,,,,,,,
300 - Alpine White,,NDH3 - Beige Novillo Extended Leather,,WBSWD9C53AP362688,,P362688,"MSRP,ZPP.2,ZTP,2MK,2MT.1,494,6FL,653,752",,,"Sep 23, 2009",1100,,,,,,,,,,
A75 - Melbourne Red Metallic,,NCSW - Black Novillo Leather,,WBSWD9C55AP362689,,P362689,"MSRP,ZPP.3,ZTP,2MK,2MT.1,302,6FL",,,"Sep 23, 2009",550,,,,,,,,,,
A52 - Space Gray Metallic,,NCSW - Black Novillo Leather,,WBSWD9C51AP362690,,P362690,"MSRP,ZCW,ZPP.3,ZTP,2MK,2MT.1,403,6FL,653,655,752",,,"Sep 23, 2009",550,,,,,,,,,,
300 - Alpine White,,NCH3 - Beige Novillo Leather,,WBSWD9C53AP362691,,P362691,"MSRP,ZPP.2,ZTP,2MK,2MT.1,494,507,6FL,653,655,752",,,"Sep 23, 2009",,,,,,,,,,,
A52 - Space Gray Metallic,,NCSW - Black Novillo Leather,,WBSWD9C55AP362692,,P362692,"MSRP,ZCW,ZPP.3,ZTP,403,6FL,653,655",,,"Sep 23, 2009",550,,,,,,,,,,
A52 - Space Gray Metallic,,NCSW - Black Novillo Leather,,WBSWD9C57AP362693,,P362693,"MSRP,ZPP.3,ZTP,2MK,2MT.1,302,403,494,5AC,6FL,653,655,752",,,"Sep 24, 2009",550,,,,,,,,,,
300 - Alpine White,,NCH2 - Fox Red Novillo Leather,,WBSWD9C59AP362694,,P362694,"MSRP,ZCW,ZPP.1,ZTP,2MT.1,302,403,415,507,6FL,653,655,752",,,"Sep 24, 2009",,,,,,,,,,,
A75 - Melbourne Red Metallic,,NCH3 - Beige Novillo Leather,,WBSWD9C50AP362695,,P362695,"MSRP,ZPP.3,ZTP,2MK,2MT.1,302,403,415,494,507,6FL,653,655,752",,,"Sep 24, 2009",550,,,,,,,,,,
300 - Alpine White,,GEAT - Anthracite/Black Cloth & Leather,,WBSWD9C52AP362696,,P362696,"MSRP,639,6FL,771",,,"Sep 25, 2009",,,,,,,,,,,
668 - Jet Black,,NCSW - Black Novillo Leather,,WBSWD9C54AP362697,,P362697,"MSRP,ZPP.2,ZTP,2MK,2MT.1,302,494,507,6FL,653,752",,,"Sep 24, 2009",,,,,,,,,,,
A30 - Interlagos Blue Metallic,,NCH3 - Beige Novillo Leather,,WBSWD9C56AP362698,,P362698,"MSRP,ZCW,ZPP.3,ZTP,2MK,2MT.1,507,5AC,6FL,6NF,653,655,752",,,"Sep 24, 2009",550,,,,,,,,,,
A22 - Sparkling Graphite Metallic ,,NCH1 - Silver Novillo Leather,,WBSWD9C58AP362699,,P362699,MSRP,,,"Sep 24, 2009",950,,,,,,,,,,
300 - Alpine White,,NCH1 - Silver Novillo Leather,,WBSWD9C50AP362700,,P362700,"MSRP,ZPP.1,ZTP,2MK,2MT.1,302,494,507,6FL,653,655,752",,,"Sep 24, 2009",,,,,,,,,,,
300 - Alpine White,,NCSW - Black Novillo Leather,,WBSWD9C52AP362701,,P362701,"MSRP,ZPP.3,ZTP,2MK,2MT.1,302,494,6FL,653,655,752",,,"Sep 24, 2009",,,,,,,,,,,
300 - Alpine White,,NCSW - Black Novillo Leather,,WBSWD9C54AP362702,,P362702,"MSRP,ZPP.3,ZTP,2MK,2MT.1,302,494,6FL,6NF,653,655,752",,,"Sep 24, 2009",,,,,,,,,,,
381 - Le Mans Blue Metallic,,NCSW - Black Novillo Leather,,WBSWD9C56AP362703,,P362703,"MSRP,ZCW,ZPP.3,2MK,2MT.1,403,609,653,655,752",,,"Sep 24, 2009",550,,,,,,,,,,
300 - Alpine White,,NCSW - Black Novillo Leather,,WBSWD9C58AP362704,,P362704,"MSRP,ZPP.3,ZTP,2MK,2MT.1,494,507,6FL,653,655,752",,,"Sep 24, 2009",,,,,,,,,,,
A29 - Silverstone Metallic II,,NCSW - Black Novillo Leather,,WBSWD9C5XAP362705,,P362705,"MSRP,ZPP.3,ZTP,2MK,2MT.1,403,494,6FL,6NF,653,655,752",,,"Sep 24, 2009",550,,,,,,,,,,
300 - Alpine White,,NCSW - Black Novillo Leather,,WBSWD9C51AP362706,,P362706,"MSRP,ZPP.3,ZTP,2MT.1,302,6FL,6NF,655,752",,,"Sep 25, 2009",,,,,,,,,,,
A29 - Silverstone Metallic II,,NDH1 - Silver Novillo Extended Leather,,WBSWD9C53AP362707,,P362707,"MSRP,ZCW,ZPP.3,ZTP,2MK,2MT.1,302,415,6FL,653,655,752",,,"Sep 25, 2009",550/1100,,,,,,,,,,
300 - Alpine White,,NCSW - Black Novillo Leather,,WBSWD9C55AP362708,,P362708,"MSRP,ZPP.3,ZTP,2MK,2MT.1,415,6FL,655",,,"Sep 25, 2009",,,,,,,,,,,
300 - Alpine White,,NCSW - Black Novillo Leather,,WBSWD9C57AP362709,,P362709,"MSRP,ZPP.1,ZTP,2MT.1,494,507,6FL,6NF,752",,,"Sep 25, 2009",,,,,,,,,,,
A73 - Jerez Black Metallic,,NCSW - Black Novillo Leather,,WBSWD9C53AP362710,,P362710,"MSRP,ZCW,ZPP.3,ZTP,2MK,2MT.1,403,507,6FL,653,655",,,"Sep 25, 2009",550,,,,,,,,,,
A73 - Jerez Black Metallic,,NCH3 - Beige Novillo Leather,,WBSWD9C55AP362711,,P362711,"MSRP,ZPP.3,ZTP,2MK,2MT.1,403,494,6FL,653,655,752",,,"Sep 25, 2009",550,,,,,,,,,,
A75 - Melbourne Red Metallic,,NDSW - Black Extended Novillo Leather,,WBSWD9C57AP362712,,P362712,"MSRP,ZCW,ZPP.3,ZTP,2MT.1,403,507,6FL,655,752",,,"Sep 25, 2009",550/1100,,,,,,,,,,
300 - Alpine White,,NCSW - Black Novillo Leather,,WBSWD9C59AP362713,,P362713,"MSRP,ZPP.3,ZTP,2MK,2MT.1,494,507,6FL,6NF,653,655,752",,,"Sep 26, 2009",,,,,,,,,,,
300 - Alpine White,,NCH2 - Fox Red Novillo Leather,,WBSWD9C50AP362714,,P362714,"MSRP,ZPP.1,2MK,2MT.1,302,322,494,609,6FL",,,"Sep 28, 2009",,,,,,,,,,,
300 - Alpine White,,NCH3 - Beige Novillo Leather,,WBSWD9C52AP362715,,P362715,"MSRP,ZPP.1,ZTP,2MK,2MT.1,302,494,507,6FL,653,655,752",,,"Sep 28, 2009",,,,,,,,,,,
668 - Jet Black,,NCSW - Black Novillo Leather,,WBSWD9C54AP362716,,P362716,"MSRP,ZPP.3,ZTP,2MK,2MT.1,302,403,494,5AC,6FL,653,655,752",,,"Sep 28, 2009",,,,,,,,,,,
300 - Alpine White,,NCH2 - Fox Red Novillo Leather,,WBSWD9C56AP362717,,P362717,"MSRP,ZPP.3,ZTP,2MT.1,494,6FL,752",,,"Sep 28, 2009",,,,,,,,,,,
300 - Alpine White,,NCSW - Black Novillo Leather,,WBSWD9C58AP362718,,P362718,"MSRP,ZPP.3,ZTP,2MK,2MT.1,302,494,507,6FL,6NF,653,655,752",,,"Sep 28, 2009",,,,,,,,,,,
300 - Alpine White,,NCSW - Black Novillo Leather,,WBSWD9C5XAP362719,,P362719,"MSRP,ZPP.2,ZTP,2MT.1,507,6FL,653",,,"Sep 28, 2009",,,,,,,,,,,
300 - Alpine White,,NCH2 - Fox Red Novillo Leather,,WBSWD9C56AP362720,,P362720,"MSRP,ZPP.1,ZTP,403",,,"Sep 28, 2009",,,,,,,,,,,
300 - Alpine White,,NDSW - Black Extended Novillo Leather,,WBSWD9C58AP362721,,P362721,"MSRP,ZPP.2,ZTP,2MK,2MT.1,302,403,415,494,507,5AC,6FL,653,655,752",,,"Sep 28, 2009",1100,,,,,,,,,,
300 - Alpine White,,NCSW - Black Novillo Leather,,WBSWD9C5XAP362722,,P362722,"MSRP,ZPP.3,ZTP,2MT.1,403,6FL,6NF,655,752",,,"Sep 28, 2009",,,,,,,,,,,
300 - Alpine White,,NCH2 - Fox Red Novillo Leather,,WBSWD9C51AP362723,,P362723,"MSRP,ZCW,ZPP.3,ZTP,403,655",,,"Sep 28, 2009",,,,,,,,,,,
337 - Dakar Yellow 2,,NDSW - Black Extended Novillo Leather,,WBSWD9C53AP362724,,P362724,"MSRP,ZPP.3,ZTP,2MK,2MT.1,415,494,507,6FL,653,655,752",,,"Oct 8, 2009",1100,,,,,,,,,,
668 - Jet Black,,NCSW - Black Novillo Leather,,WBSWD9C55AP362725,,P362725,"MSRP,ZPP.3,ZTP,2MK,2MT.1,302,494,507,6FL,6NF,653,655",,,"Sep 29, 2009",,,,,,,,,,,
668 - Jet Black,,NCSW - Black Novillo Leather,,WBSWD9C57AP362726,,P362726,"MSRP,ZPP.3,ZTP,2MK,403,6FL,653,655",,,"Sep 29, 2009",,,,,,,,,,,
300 - Alpine White,,NCSW - Black Novillo Leather,,WBSWD9C59AP362727,,P362727,"MSRP,ZPP.1,2MK,2MT.1,302,403,494",,,"Sep 29, 2009",,,,,,,,,,,
300 - Alpine White,,NCH2 - Fox Red Novillo Leather,,WBSWD9C50AP362728,,P362728,"MSRP,494,507,609,6FL,655",,,"Sep 29, 2009",950,,,,,,,,,,
A30 - Interlagos Blue Metallic,,NDH3 - Beige Novillo Extended Leather,,WBSWD9C52AP362729,,P362729,"MSRP,ZCW,ZPP.3,ZTP,2MK,2MT.1,302,6FL,653,655,752",,,"Sep 29, 2009",550/1100,,,,,,,,,,
300 - Alpine White,,NCSW - Black Novillo Leather,,WBSWD9C59AP362730,,P362730,"MSRP,ZTP,2MT.1,4MY,5AC,6FL,653,752",,,"Sep 29, 2009",950,,,,,,,,,,
A73 - Jerez Black Metallic,,NCSW - Black Novillo Leather,,WBSWD9C50AP362731,,P362731,"MSRP,ZPP.3,ZTP,2MK,2MT.1,415,494,507,6FL,653,655,752",,,"Sep 29, 2009",550,,,,,,,,,,
A73 - Jerez Black Metallic,,NCSW - Black Novillo Leather,,WBSWD9C52AP362732,,P362732,"MSRP,ZCW,ZPP.3,ZTP,2MK,2MT.1,403,6FL,653,655",,,"Sep 30, 2009",550,,,,,,,,,,
A73 - Jerez Black Metallic,,NDH1 - Silver Novillo Extended Leather,,WBSWD9C54AP362733,,P362733,"MSRP,ZCW,ZPP.2,ZTP,2MK,2MT.1,302,415,507,5AC,6FL,6NF,653,655,752",,,"Sep 30, 2009",550/1100,,,,,,,,,,
A73 - Jerez Black Metallic,,NCSW - Black Novillo Leather,,WBSWD9C56AP362734,,P362734,"MSRP,ZCW,ZPP.1,ZTP,2MT.1,302,403,6FL,653,655,752",,,"Sep 30, 2009",550,,,,,,,,,,
A75 - Melbourne Red Metallic,,NCH3 - Beige Novillo Leather,,WBSWD9C58AP362735,,P362735,"MSRP,ZPP.3,ZTP,2MK,2MT.1,403,494,6FL,6NF,653,655",,,"Sep 30, 2009",550,,,,,,,,,,
A73 - Jerez Black Metallic,,NCSW - Black Novillo Leather,,WBSWD9C5XAP362736,,P362736,"MSRP,ZPP.3,ZTP,2MK,2MT.1,403,494,6FL,653,655",,,"Sep 30, 2009",550,,,,,,,,,,
A73 - Jerez Black Metallic,,NCSW - Black Novillo Leather,,WBSWD9C51AP362737,,P362737,"MSRP,ZPP.1,ZTP,2MK,2MT.1,403,494,6FL,653,655",,,"Sep 30, 2009",550,,,,,,,,,,
A73 - Jerez Black Metallic,,NCSW - Black Novillo Leather,,WBSWD9C53AP362738,,P362738,"MSRP,ZPP.1,ZTP,403,494,6FL,6NF,655",,,"Sep 30, 2009",550,,,,,,,,,,
A73 - Jerez Black Metallic,,NCSW - Black Novillo Leather,,WBSWD9C55AP362739,,P362739,"MSRP,ZPP.3,ZTP,2MT.1,403,494,6FL,655",,,"Sep 30, 2009",550,,,,,,,,,,
300 - Alpine White,,NCSW - Black Novillo Leather,,WBSWD9C51AP362740,,P362740,"MSRP,ZCW,2MT.1,6FL,771",,,"Oct 1, 2009",950,,,,,,,,,,
381 - Le Mans Blue Metallic,,NCSW - Black Novillo Leather,,WBSWD9C53AP362741,,P362741,"MSRP,2MK,2MT.1,494,639,6FL,655,771",,,"Oct 1, 2009",550/950,,,,,,,,,,
A30 - Interlagos Blue Metallic,,NCH3 - Beige Novillo Leather,,WBSWD9C55AP362742,,P362742,"MSRP,2MK,494,771",,,"Oct 1, 2009",550/950,,,,,,,,,,
A73 - Jerez Black Metallic,,NCSW - Black Novillo Leather,,WBSWD9C57AP362743,,P362743,"MSRP,ZCW,ZPP.1,ZTP,2MT.1,403,415,6FL,653,655,752",,,"Oct 1, 2009",550,,,,,,,,,,
A52 - Space Gray Metallic,,NCSW - Black Novillo Leather,,WBSWD9C59AP362744,,P362744,"MSRP,ZPP.2,ZTP,2MK,2MT.1,6FL,653,655",,,"Oct 1, 2009",550,,,,,,,,,,
668 - Jet Black,,NCH2 - Fox Red Novillo Leather,,WBSWD9C50AP362745,,P362745,"MSRP,ZCW,ZPP.3,2MK,2MT.1,302,322,415,507,609,6FL,653,655,752",,,"Oct 1, 2009",,,,,,,,,,,
A73 - Jerez Black Metallic,,NCSW - Black Novillo Leather,,WBSWD9C52AP362746,,P362746,"MSRP,ZCW,ZPP.2,ZTP,2MT.1,302,403,415,507,863",,,"Oct 2, 2009",550,,,,,,,,,,
A30 - Interlagos Blue Metallic,,NCSW - Black Novillo Leather,,WBSWD9C54AP362747,,P362747,"MSRP,ZTP,2MT.1,494,6FL,771",,,"Oct 1, 2009",550/950,,,,,,,,,,
A52 - Space Gray Metallic,,NCSW - Black Novillo Leather,,WBSWD9C56AP362748,,P362748,"MSRP,ZCW,ZPP.3,ZTP,2MK,2MT.1,403,6FL,653,655,752",,,"Oct 2, 2009",550,,,,,,,,,,
300 - Alpine White,,NCH2 - Fox Red Novillo Leather,,WBSWD9C58AP362749,,P362749,"MSRP,ZPP.1,ZTP,2MT.1,403,507,6FL,653,655,752",,,"Oct 2, 2009",,,,,,,,,,,
A52 - Space Gray Metallic,,NCSW - Black Novillo Leather,,WBSWD9C54AP362750,,P362750,"MSRP,ZPP.3,ZTP,2MK,2MT.1,6FL,653",,,"Oct 2, 2009",550,,,,,,,,,,
668 - Jet Black,,NCH2 - Fox Red Novillo Leather,,WBSWD9C56AP362751,,P362751,"MSRP,ZPP.3,2MK,2MT.1,507,609,6FL,653",,,"Oct 2, 2009",,,,,,,,,,,
300 - Alpine White,,NCH3 - Beige Novillo Leather,,WBSWD9C58AP362752,,P362752,"MSRP,ZPP.3,2MK,2MT.1,403,655",,,"Oct 2, 2009",,,,,,,,,,,
381 - Le Mans Blue Metallic,,NCSW - Black Novillo Leather,,WBSWD9C5XAP362753,,P362753,"MSRP,ZPP.2,ZTP,2MK,2MT.1,403,494,6FL,653,655,752",,,"Oct 2, 2009",550,,,,,,,,,,
668 - Jet Black,,NCSW - Black Novillo Leather,,WBSWD9C51AP362754,,P362754,"MSRP,ZPP.3,ZTP,2MK,2MT.1,494,507,6FL,653,655,752",,,"Oct 2, 2009",,,,,,,,,,,
668 - Jet Black,,NCSW - Black Novillo Leather,,WBSWD9C53AP362755,,P362755,"MSRP,ZPP.3,2MK,2MT.1,223,302,403,6FL",,,"Oct 2, 2009",,,,,,,,,,,
300 - Alpine White,,NCSW - Black Novillo Leather,,WBSWD9C55AP362756,,P362756,"MSRP,ZPP.1,2MK,6FL",,,"Oct 2, 2009",,,,,,,,,,,
668 - Jet Black,,NCSW - Black Novillo Leather,,WBSWD9C57AP362757,,P362757,"MSRP,2MK,2MT.1",,,"Oct 2, 2009",950,,,,,,,,,,
668 - Jet Black,,NCH3 - Beige Novillo Leather,,WBSWD9C59AP362758,,P362758,"MSRP,ZPP.3,ZTP,2MK,2MT.1,302,403,494,6FL,6NF,653,655,752",,,"Oct 2, 2009",,,,,,,,,,,
300 - Alpine White,,NCH2 - Fox Red Novillo Leather,,WBSWD9C50AP362759,,P362759,"MSRP,ZPP.3,ZTP,2MK,2MT.1,6FL,653",,,"Oct 2, 2009",,,,,,,,,,,
300 - Alpine White,,NDH2 - Fox Red Extended Leather,,WBSWD9C57AP362760,,P362760,"MSRP,ZPP.1,ZTP,302,415,494,6FL,653,655,752",,,"Oct 2, 2009",1100,,,,,,,,,,
668 - Jet Black,,NCSW - Black Novillo Leather,,WBSWD9C59AP362761,,P362761,"MSRP,ZCW,ZPP.3,ZTP,2MK,2MT.1,403,6FL,653,655,752",,,"Oct 2, 2009",,,,,,,,,,,
300 - Alpine White,,NCSW - Black Novillo Leather,,WBSWD9C50AP362762,,P362762,"MSRP,ZPP.2,ZTP,2MK,2MT.1,494,6FL,6NF,653,655,752",,,"Oct 2, 2009",,,,,,,,,,,
300 - Alpine White,,NCSW - Black Novillo Leather,,WBSWD9C52AP362763,,P362763,"MSRP,ZPP.3,ZTP,2MT.1,302,415,507,5AC,6FL,6NF,653,655,752",,,"Oct 2, 2009",,,,,,,,,,,
300 - Alpine White,,NCSW - Black Novillo Leather,,WBSWD9C54AP362764,,P362764,"MSRP,ZPP.1,ZTP,2MK,302,415,507,5AC,6FL,6NF,653,655",,,"Oct 2, 2009",,,,,,,,,,,
300 - Alpine White,,NCH2 - Fox Red Novillo Leather,,WBSWD9C56AP362765,,P362765,"MSRP,ZCW,ZPP.2,ZTP,2MT.1,507,653",,,"Oct 2, 2009",,,,,,,,,,,
381 - Le Mans Blue Metallic,,NCH3 - Beige Novillo Leather,,WBSWD9C58AP362766,,P362766,"MSRP,ZCW,ZPP.3,ZTP,2MK,2MT.1,302,415,507,5AC,6FL,6NF,653,655,752",,,"Oct 6, 2009",550,,,,,,,,,,
A29 - Silverstone Metallic II,,NCSW - Black Novillo Leather,,WBSWD9C5XAP362767,,P362767,"MSRP,ZCW,ZPP.3,2MT.1,302,322,415,507,609,6FL,653,655,752",,,"Oct 5, 2009",550,,,,,,,,,,
A29 - Silverstone Metallic II,,NCSW - Black Novillo Leather,,WBSWD9C51AP362768,,P362768,"MSRP,ZPP.1,ZTP,2MK,2MT.1,403,6FL,653,655",,,"Oct 5, 2009",550,,,,,,,,,,
A29 - Silverstone Metallic II,,NCH1 - Silver Novillo Leather,,WBSWD9C53AP362769,,P362769,"MSRP,ZPP.3,ZTP,2MK,2MT.1,494,6FL,653,655,752",,,"Oct 5, 2009",550,,,,,,,,,,
A29 - Silverstone Metallic II,,NCSW - Black Novillo Leather,,WBSWD9C5XAP362770,,P362770,"MSRP,ZPP.3,ZTP,2MK,494,6FL,653,655",,,"Oct 5, 2009",550,,,,,,,,,,
A29 - Silverstone Metallic II,,NDH1 - Silver Novillo Extended Leather,,WBSWD9C51AP362771,,P362771,"MSRP,ZCW,ZPP.3,ZTP,2MK,2MT.1,415,507,6FL,6NF,653,752",,,"Oct 5, 2009",550/1100,,,,,,,,,,
A73 - Jerez Black Metallic,,NCH2 - Fox Red Novillo Leather,,WBSWD9C53AP362772,,P362772,"MSRP,ZTP,2MK,2MT.1,302,4MY,653",,,"Oct 6, 2009",550/950,,,,,,,,,,
300 - Alpine White,,NCH2 - Fox Red Novillo Leather,,WBSWD9C55AP362773,,P362773,"MSRP,ZCW,ZPP.3,2MK,302,322,507,609,6FL,653",,,"Oct 6, 2009",,,,,,,,,,,
300 - Alpine White,,NDSW - Black Extended Novillo Leather,,WBSWD9C57AP362774,,P362774,"MSRP,ZCW,ZPP.3,ZTP,2MK,2MT.1,302,507,6FL,653,655,752",,,"Oct 6, 2009",1100,,,,,,,,,,
300 - Alpine White,,NCH2 - Fox Red Novillo Leather,,WBSWD9C59AP362775,,P362775,"MSRP,ZCW,ZPP.3,ZTP,302,6FL",,,"Oct 6, 2009",,,,,,,,,,,
668 - Jet Black,,NDSW - Black Extended Novillo Leather,,WBSWD9C50AP362776,,P362776,"MSRP,ZCW,ZPP.2,ZTP,2MT.1,302,403,415,507,5AC,6FL,6NF,653,655,752",,,"Oct 6, 2009",1100,,,,,,,,,,
668 - Jet Black,,NDSW - Black Extended Novillo Leather,,WBSWD9C52AP362777,,P362777,"MSRP,ZCW,ZPP.3,ZTP,2MK,2MT.1,302,403,415,507,6FL,653,752",,,"Oct 6, 2009",1100,,,,,,,,,,
A73 - Jerez Black Metallic,,NCSW - Black Novillo Leather,,WBSWD9C54AP362778,,P362778,"MSRP,ZPP.3,ZTP,2MK,2MT.1,302,403,6FL,653,752",,,"Oct 6, 2009",550,,,,,,,,,,
300 - Alpine White,,NCSW - Black Novillo Leather,,WBSWD9C56AP362779,,P362779,"MSRP,ZCW,ZPP.3,ZTP,2MK,2MT.1,302,403,507,6FL,653,655,752",,,"Oct 6, 2009",,,,,,,,,,,
300 - Alpine White,,NCH2 - Fox Red Novillo Leather,,WBSWD9C52AP362780,,P362780,"MSRP,ZPP.2,ZTP,2MK,2MT.1,6FL,653,655",,,"Oct 7, 2009",,,,,,,,,,,
A75 - Melbourne Red Metallic,,GEAT - Anthracite/Black Cloth & Leather,,WBSWD9C54AP362781,,P362781,"MSRP,ZTP,2MT.1,302,494,4MY,6FL,653,752,863",,,"Oct 7, 2009",550,,,,,,,,,,
A30 - Interlagos Blue Metallic,,NCH1 - Silver Novillo Leather,,WBSWD9C56AP362782,,P362782,"MSRP,ZPP.3,ZTP,2MK,302,403,507,5AC,6FL,6NF,653,752",,,"Oct 7, 2009",550,,,,,,,,,,
300 - Alpine White,,NCSW - Black Novillo Leather,,WBSWD9C58AP362783,,P362783,"MSRP,ZPP.3,ZTP,302,494,507,5AC,6FL,6NF",,,"Oct 8, 2009",,,,,,,,,,,
300 - Alpine White,,NCSW - Black Novillo Leather,,WBSWD9C5XAP362784,,P362784,"MSRP,ZTP,2MT.1,771",,,"Oct 8, 2009",950,,,,,,,,,,
A29 - Silverstone Metallic II,,NCSW - Black Novillo Leather,,WBSWD9C51AP362785,,P362785,"MSRP,ZPP.3,ZTP,302,507,6FL,6NF,655,752",,,"Oct 8, 2009",550,,,,,,,,,,
A75 - Melbourne Red Metallic,,GEAT - Anthracite/Black Cloth & Leather,,WBSWD9C53AP362786,,P362786,"MSRP,ZTP,655,771",,,"Oct 8, 2009",550,,,,,,,,,,
X03 - Unknown Paint Code,,Z1XX - Unknown Upholstery Code,,WBSWD9C55AP362787,,P362787,"MSRP,ZCW,2MT.1,302,322,403,415,507,609,6FL,655,752",,,"Oct 14, 2009",,,,,,,,,,,
A52 - Space Gray Metallic,,GEAT - Anthracite/Black Cloth & Leather,,WBSWD9C57AP362788,,P362788,"MSRP,2MK,223,494,771",,,"Oct 8, 2009",550,,,,,,,,,,
A52 - Space Gray Metallic,,NCSW - Black Novillo Leather,,WBSWD9C59AP362789,,P362789,"MSRP,ZCW,ZPP.3,ZTP,2MK,2MT.1,302,403,507,6FL,653,752",,,"Oct 8, 2009",550,,,,,,,,,,
300 - Alpine White,,NCSW - Black Novillo Leather,,WBSWD9C55AP362790,,P362790,"MSRP,ZCW,ZPP.3,ZTP,2MK,2MT.1,507,6FL,6NF,653,655,752",,,"Oct 8, 2009",,,,,,,,,,,
A29 - Silverstone Metallic II,,NCSW - Black Novillo Leather,,WBSWD9C57AP362791,,P362791,"MSRP,ZCW,ZPP.2,2MT.1",,,"Oct 8, 2009",550,,,,,,,,,,
668 - Jet Black,,NCH2 - Fox Red Novillo Leather,,WBSWD9C59AP362792,,P362792,"MSRP,ZPP.3,223,6FL,6NF,655",,,"Oct 8, 2009",,,,,,,,,,,
300 - Alpine White,,NDH2 - Fox Red Extended Leather,,WBSWD9C50AP362793,,P362793,"MSRP,ZCW,ZPP.1,ZTP,2MK,2MT.1,302,507,6FL,653",,,"Oct 8, 2009",1100,,,,,,,,,,
A29 - Silverstone Metallic II,,NCSW - Black Novillo Leather,,WBSWD9C52AP362794,,P362794,"MSRP,ZPP.3,ZTP,2MK,2MT.1,494,507,6FL,6NF,653,655,752",,,"Oct 8, 2009",550,,,,,,,,,,
300 - Alpine White,,NCH2 - Fox Red Novillo Leather,,WBSWD9C54AP362795,,P362795,"MSRP,ZPP.3,ZTP,2MK,2MT.1,302,494,507,5AC,6FL,653,655,752",,,"Oct 8, 2009",,,,,,,,,,,
A52 - Space Gray Metallic,,NCH2 - Fox Red Novillo Leather,,WBSWD9C56AP362796,,P362796,"MSRP,ZPP.3,ZTP,2MT.1,302,507,6FL,6NF,653,752",,,"Oct 8, 2009",550,,,,,,,,,,
A29 - Silverstone Metallic II,,NCSW - Black Novillo Leather,,WBSWD9C58AP362797,,P362797,"MSRP,ZPP.3,ZTP,2MK,2MT.1,403,415,494,6FL,6NF,653,752",,,"Oct 9, 2009",550,,,,,,,,,,
300 - Alpine White,,GEAT - Anthracite/Black Cloth & Leather,,WBSWD9C5XAP362798,,P362798,"MSRP,ZPP.3,2MT.1,6FL",,,"Oct 9, 2009",,,,,,,,,,,
300 - Alpine White,,NCSW - Black Novillo Leather,,WBSWD9C51AP362799,,P362799,"MSRP,ZCW,ZPP.1,2MK,403,6FL",,,"Oct 9, 2009",,,,,,,,,,,
A75 - Melbourne Red Met.,,NCH3 - Beige Novillo Leather,,WBSWD9C54AP362800,,P362800,"MSRP,ZCW,ZPP.3,ZTP,2MK,302,507,6FL",,,"Oct 9, 2009",,,,,,,,,,,
381 - Le Mans Blue Metallic,,NCSW - Black Novillo Leather,,WBSWD9C56AP362801,,P362801,"MSRP,ZPP.3,ZTP,2MK,2MT.1,494,507,6FL,653,655,752",,,"Oct 9, 2009",550,,,,,,,,,,
668 - Jet Black,,NCSW - Black Novillo Leather,,WBSWD9C58AP362802,,P362802,"MSRP,ZCW,ZPP.3,ZTP,2MK,2MT.1,403,507,6FL,6NF,653,655,752",,,"Oct 9, 2009",,,,,,,,,,,
A52 - Space Gray Metallic,,NCSW - Black Novillo Leather,,WBSWD9C5XAP362803,,P362803,"MSRP,ZPP.3,ZTP,2MK,2MT.1,403,494,507,6FL,653,752",,,"Oct 9, 2009",550,,,,,,,,,,
668 - Jet Black,,NCSW - Black Novillo Leather,,WBSWD9C51AP362804,,P362804,"MSRP,ZCW,ZPP.3,ZTP,2MK,2MT.1,403,507,6FL,6NF,653,655,752",,,"Oct 9, 2009",,,,,,,,,,,
A52 - Space Gray Metallic,,NCSW - Black Novillo Leather,,WBSWD9C53AP362805,,P362805,"MSRP,ZCW,ZPP.3,ZTP,2MK,2MT.1,403,507,5AC,653,655,752",,,"Oct 9, 2009",550,,,,,,,,,,
381 - Le Mans Blue Metallic,,NCH1 - Silver Novillo Leather,,WBSWD9C55AP362806,,P362806,"MSRP,ZPP.2,ZTP,2MK,494,6FL,653",,,"Oct 9, 2009",550,,,,,,,,,,
668 - Jet Black,,NCSW - Black Novillo Leather,,WBSWD9C57AP362807,,P362807,"MSRP,ZCW,ZPP.3,ZTP,2MT.1,302,403,415,507,6FL,6NF,653,655,752",,,"Oct 12, 2009",,,,,,,,,,,
A52 - Space Gray Metallic,,NDH1 - Silver Novillo Extended Leather,,WBSWD9C59AP362808,,P362808,"MSRP,ZPP.3,ZTP,2MK,2MT.1,403,415,507,6FL,6NF,653,752",,,"Oct 12, 2009",550/1100,,,,,,,,,,
668 - Jet Black,,NCSW - Black Novillo Leather,,WBSWD9C50AP362809,,P362809,"MSRP,ZPP.1,ZTP,2MK,2MT.1,302,403,415,494,5AC,6FL,653,655,752",,,"Oct 12, 2009",,,,,,,,,,,
A52 - Space Gray Metallic,,NCSW - Black Novillo Leather,,WBSWD9C57AP362810,,P362810,"MSRP,ZPP.3,ZTP,2MT.1,403,6FL,653,655",,,"Oct 12, 2009",550,,,,,,,,,,
A75 - Melbourne Red Metallic,,NCSW - Black Novillo Leather,,WBSWD9C59AP362811,,P362811,"MSRP,ZCW,ZPP.2,ZTP,2MT.1,403,415,507,6FL,6NF,655,752",,,"Oct 12, 2009",550,,,,,,,,,,
300 - Alpine White,,NDH3 - Beige Novillo Extended Leather,,WBSWD9C50AP362812,,P362812,"MSRP,ZCW,ZPP.3,ZTP,2MK,403,6FL,655,752",,,"Oct 12, 2009",1100,,,,,,,,,,
300 - Alpine White,,NCSW - Black Novillo Leather,,WBSWD9C52AP362813,,P362813,"MSRP,ZPP.1,ZTP,2MT.1,302,403,494,5AC,6FL,6NF,655",,,"Oct 12, 2009",,,,,,,,,,,
300 - Alpine White,,NCSW - Black Novillo Leather,,WBSWD9C54AP362814,,P362814,"MSRP,ZPP.1,ZTP,2MT.1,403,494,6FL,653,655",,,"Oct 12, 2009",,,,,,,,,,,
A29 - Silverstone Metallic II,,NDH2 - Fox Red Extended Leather,,WBSWD9C56AP362815,,P362815,"MSRP,ZPP.1,ZTP,2MK,2MT.1,507,6FL,6NF,653,655,752",,,"Oct 12, 2009",550/1100,,,,,,,,,,
A29 - Silverstone Metallic II,,NCSW - Black Novillo Leather,,WBSWD9C58AP362816,,P362816,"MSRP,ZPP.3,ZTP,2MK,2MT.1,507,6FL,653,655,752",,,"Oct 12, 2009",550,,,,,,,,,,
A52 - Space Gray Metallic,,NCSW - Black Novillo Leather,,WBSWD9C5XAP362817,,P362817,"MSRP,ZCW,ZPP.2,ZTP,2MT.1,302,403,6FL,653,655",,,"Oct 12, 2009",550,,,,,,,,,,
A29 - Silverstone Metallic II,,NCSW - Black Novillo Leather,,WBSWD9C51AP362818,,P362818,"MSRP,ZCW,ZPP.3,ZTP,2MK,2MT.1,302,403,5AC,6FL,6NF,653,655,752",,,"Oct 12, 2009",550,,,,,,,,,,
300 - Alpine White,,NCSW - Black Novillo Leather,,WBSWD9C53AP362819,,P362819,"MSRP,ZCW,ZPP.3,ZTP,2MK,2MT.1,302,403,507,6FL,653,655,752",,,"Oct 13, 2009",,,,,,,,,,,
A29 - Silverstone Metallic II,,NCSW - Black Novillo Leather,,WBSWD9C5XAP362820,,P362820,"MSRP,ZPP.3,ZTP,2MK,2MT.1,302,494,507,6FL,653,655,752",,,"Oct 13, 2009",550,,,,,,,,,,
A73 - Jerez Black Metallic,,NCSW - Black Novillo Leather,,WBSWD9C51AP362821,,P362821,"MSRP,ZPP.3,ZTP,2MK,2MT.1,507,6FL,653",,,"Oct 13, 2009",550,,,,,,,,,,
A52 - Space Gray Metallic,,NCSW - Black Novillo Leather,,WBSWD9C53AP362822,,P362822,"MSRP,ZCW,ZPP.2,ZTP,2MK,2MT.1,302,415,507,6FL,6NF,653,655,752",,,"Oct 13, 2009",550,,,,,,,,,,
A73 - Jerez Black Metallic,,NCSW - Black Novillo Leather,,WBSWD9C55AP362823,,P362823,"MSRP,ZPP.1,2MK,2MT.1,507,6FL",,,"Oct 13, 2009",550,,,,,,,,,,
A73 - Jerez Black Metallic,,NDSW - Black Extended Novillo Leather,,WBSWD9C57AP362824,,P362824,"MSRP,ZCW,ZPP.3,ZTP,2MK,2MT.1,507,5AC,6FL,6NF,653,655,752",,,"Oct 13, 2009",550/1100,,,,,,,,,,
A73 - Jerez Black Metallic,,NCSW - Black Novillo Leather,,WBSWD9C59AP362825,,P362825,"MSRP,ZCW,ZPP.3,ZTP,2MT.1,302,6FL,655",,,"Oct 13, 2009",550,,,,,,,,,,
668 - Jet Black,,NCSW - Black Novillo Leather,,WBSWD9C50AP362826,,P362826,"MSRP,322,494,6FL,655",,,"Oct 13, 2009",950,,,,,,,,,,
A52 - Space Gray Metallic,,NCSW - Black Novillo Leather,,WBSWD9C52AP362827,,P362827,"MSRP,ZCW,ZPP.3,ZTP,2MK,2MT.1,302,403,507,6FL,653,655,752",,,"Oct 13, 2009",550,,,,,,,,,,
A73 - Jerez Black Metallic,,NCSW - Black Novillo Leather,,WBSWD9C54AP362828,,P362828,"MSRP,ZPP.3,ZTP,2MK,2MT.1,302,494,507,6FL,653,655,752",,,"Oct 13, 2009",550,,,,,,,,,,
A52 - Space Gray Metallic,,NCSW - Black Novillo Leather,,WBSWD9C56AP362829,,P362829,"MSRP,ZPP.3,ZTP,2MK,2MT.1,302,403,494,507,6FL,6NF,653,655,752",,,"Oct 13, 2009",550,,,,,,,,,,
A52 - Space Gray Metallic,,NCSW - Black Novillo Leather,,WBSWD9C52AP362830,,P362830,"MSRP,ZCW,ZPP.2,ZTP,2MK,2MT.1,302,403,415,507,6FL,6NF,653,655,752",,,"Oct 13, 2009",550,,,,,,,,,,
381 - Le Mans Blue Metallic,,NCSW - Black Novillo Leather,,WBSWD9C54AP362831,,P362831,"MSRP,ZCW,ZPP.3,ZTP,2MK,2MT.1,403,415,507,5AC,6FL,6NF,653,655",,,"Oct 13, 2009",550,,,,,,,,,,
A73 - Jerez Black Metallic,,NCH2 - Fox Red Novillo Leather,,WBSWD9C56AP362832,,P362832,"MSRP,ZPP.3,ZTP,2MK,2MT.1,403,494,507,6FL,653,655,752",,,"Oct 13, 2009",550,,,,,,,,,,
A73 - Jerez Black Metallic,,NCSW - Black Novillo Leather,,WBSWD9C58AP362833,,P362833,"MSRP,ZCW,ZPP.3,ZTP,2MK,2MT.1,403,415,507,6FL,6NF,653,655,752",,,"Oct 13, 2009",550,,,,,,,,,,
A73 - Jerez Black Metallic,,NCSW - Black Novillo Leather,,WBSWD9C5XAP362834,,P362834,"MSRP,ZCW,ZPP.3,ZTP,2MK,2MT.1,302,403,507,5AC,6FL,653,655,752",,,"Oct 13, 2009",550,,,,,,,,,,
A73 - Jerez Black Metallic,,NCH3 - Beige Novillo Leather,,WBSWD9C51AP362835,,P362835,"MSRP,ZPP.3,ZTP,2MK,2MT.1,403,494,6FL,6NF,653,655",,,"Oct 14, 2009",550,,,,,,,,,,
300 - Alpine White,,NCSW - Black Novillo Leather,,WBSWD9C53AP362836,,P362836,"MSRP,ZPP.3,ZTP,2MK,302,494,507,6FL,653,655",,,"Oct 14, 2009",,,,,,,,,,,
A73 - Jerez Black Metallic,,NCSW - Black Novillo Leather,,WBSWD9C55AP362837,,P362837,"MSRP,ZCW,ZTP,2MK,302,4MZ,5AC,6FL,6NF,863",,,"Oct 14, 2009",550/950,,,,,,,,,,
A73 - Jerez Black Metallic,,NCSW - Black Novillo Leather,,WBSWD9C57AP362838,,P362838,"MSRP,ZCW,ZPP.3,ZTP,2MK,2MT.1,403,6FL,653,655",,,"Oct 14, 2009",550,,,,,,,,,,
A73 - Jerez Black Metallic,,NCSW - Black Novillo Leather,,WBSWD9C59AP362839,,P362839,"MSRP,ZCW,ZPP.3,ZTP,2MK,2MT.1,302,403,6FL,653,655,752",,,"Oct 14, 2009",550,,,,,,,,,,
A73 - Jerez Black Metallic,,NCSW - Black Novillo Leather,,WBSWD9C55AP362840,,P362840,"MSRP,ZCW,ZPP.3,ZTP,2MK,2MT.1,302,403,415,507,5AC,6FL,653,655,752",,,"Oct 14, 2009",550,,,,,,,,,,
668 - Jet Black,,NCSW - Black Novillo Leather,,WBSWD9C57AP362841,,P362841,"MSRP,ZCW,ZPP.2,ZTP,2MT.1,302,403,415,6FL,653,655,752",,,"Oct 14, 2009",,,,,,,,,,,
A73 - Jerez Black Metallic,,GEAT - Anthracite/Black Cloth & Leather,,WBSWD9C59AP362842,,P362842,"MSRP,ZTP,2MT.1,6FL,655,771",,,"Oct 14, 2009",550,,,,,,,,,,
300 - Alpine White,,NCSW - Black Novillo Leather,,WBSWD9C50AP362843,,P362843,"MSRP,ZPP.3,ZTP,2MT.1,302,494,507,6FL,6NF,653,752",,,"Oct 14, 2009",,,,,,,,,,,
300 - Alpine White,,NCH3 - Beige Novillo Leather,,WBSWD9C52AP362844,,P362844,"MSRP,ZPP.3,ZTP,2MK,494,6FL,653,655",,,"Oct 14, 2009",,,,,,,,,,,
A29 - Silverstone Metallic II,,NCSW - Black Novillo Leather,,WBSWD9C54AP362845,,P362845,"MSRP,ZCW,ZPP.3,ZTP,2MK,2MT.1,415,507,6FL,653",,,"Oct 14, 2009",550,,,,,,,,,,
A75 - Melbourne Red Metallic,,NCSW - Black Novillo Leather,,WBSWD9C56AP362846,,P362846,"MSRP,ZPP.3,ZTP,2MK,494,6FL,6NF,653,655",,,"Oct 14, 2009",550,,,,,,,,,,
300 - Alpine White,,NCH2 - Fox Red Novillo Leather,,WBSWD9C58AP362847,,P362847,"MSRP,ZPP.3,ZTP,2MT.1,6FL,653",,,"Oct 15, 2009",,,,,,,,,,,
A22 - Sparkling Graphite Metallic ,,NCSW - Black Novillo Leather,,WBSWD9C5XAP362848,,P362848,"MSRP,ZPP.3,ZTP,2MK,2MT.1,302,415,494,507,5AC,6FL,6NF,653,655,752",,,"Oct 20, 2009",,,,,,,,,,,
A73 - Jerez Black Metallic,,NCSW - Black Novillo Leather,,WBSWD9C51AP362849,,P362849,"MSRP,2MK,2MT.1,639,6FL,655,771",,,"Oct 16, 2009",550/950,,,,,,,,,,
A75 - Melbourne Red Metallic,,NCSW - Black Novillo Leather,,WBSWD9C58AP362850,,P362850,"MSRP,ZPP.3,2MK,2MT.1,223,494,6FL,655",,,"Oct 16, 2009",550,,,,,,,,,,
A75 - Melbourne Red Metallic,,NCSW - Black Novillo Leather,,WBSWD9C5XAP362851,,P362851,"MSRP,ZPP.3,ZTP,2MK,2MT.1,415,507,6FL,653,655,752",,,"Oct 16, 2009",550,,,,,,,,,,
A75 - Melbourne Red Metallic,,NCSW - Black Novillo Leather,,WBSWD9C51AP362852,,P362852,"MSRP,ZPP.3,ZTP,2MK,2MT.1,302,6FL,6NF,653,655,752",,,"Oct 16, 2009",550,,,,,,,,,,
A73 - Jerez Black Metallic,,NCSW - Black Novillo Leather,,WBSWD9C53AP362853,,P362853,"MSRP,ZPP.3,ZTP,2MK,2MT.1,302,494,507,6FL,6NF,653,655,752",,,"Oct 16, 2009",550,,,,,,,,,,
A75 - Melbourne Red Metallic,,NCSW - Black Novillo Leather,,WBSWD9C55AP362854,,P362854,"MSRP,ZPP.3,2MK,2MT.1,322,494,507,609,653,655,752",,,"Oct 16, 2009",550,,,,,,,,,,
A73 - Jerez Black Metallic,,NCSW - Black Novillo Leather,,WBSWD9C57AP362855,,P362855,"MSRP,ZCW,ZPP.1,ZTP,2MK,2MT.1,6FL,653,752",,,"Oct 16, 2009",550,,,,,,,,,,
A73 - Jerez Black Metallic,,NCSW - Black Novillo Leather,,WBSWD9C59AP362856,,P362856,"MSRP,ZPP.3,ZTP,2MK,2MT.1,302,403,494,6FL,653,752",,,"Oct 16, 2009",550,,,,,,,,,,
A73 - Jerez Black Metallic,,NCSW - Black Novillo Leather,,WBSWD9C50AP362857,,P362857,"MSRP,ZPP.1,ZTP,2MK,2MT.1,302,494,507,6FL,653,655,752",,,"Oct 16, 2009",550,,,,,,,,,,
A73 - Jerez Black Metallic,,NCSW - Black Novillo Leather,,WBSWD9C52AP362858,,P362858,"MSRP,ZPP.3,ZTP,2MK,2MT.1,302,494,507,6FL,653,655,752",,,"Oct 16, 2009",550,,,,,,,,,,
A73 - Jerez Black Metallic,,NCSW - Black Novillo Leather,,WBSWD9C54AP362859,,P362859,"MSRP,ZPP.3,ZTP,2MT.1,494,6FL,655,752",,,"Oct 16, 2009",550,,,,,,,,,,
A73 - Jerez Black Metallic,,NDSW - Black Extended Novillo Leather,,WBSWD9C50AP362860,,P362860,"MSRP,ZPP.1,ZTP,2MK,2MT.1,494,507,6FL,653,655,752",,,"Oct 16, 2009",550/1100,,,,,,,,,,
A30 - Interlagos Blue Metallic,,NCSW - Black Novillo Leather,,WBSWD9C52AP362861,,P362861,"MSRP,ZPP.3,ZTP,2MK,2MT.1,302,6FL,6NF,653,655,752",,,"Oct 16, 2009",550,,,,,,,,,,
A30 - Interlagos Blue Metallic,,NCH1 - Silver Novillo Leather,,WBSWD9C54AP362862,,P362862,"MSRP,ZPP.3,ZTP,2MK,2MT.1,494,6FL,653,655,752",,,"Oct 16, 2009",550,,,,,,,,,,
A73 - Jerez Black Metallic,,NCSW - Black Novillo Leather,,WBSWD9C56AP362863,,P362863,"MSRP,ZCW,ZPP.3,ZTP,2MK,2MT.1,302,403,6FL,653,655,752",,,"Oct 16, 2009",550,,,,,,,,,,
A30 - Interlagos Blue Metallic,,NCH1 - Silver Novillo Leather,,WBSWD9C58AP362864,,P362864,"MSRP,ZPP.3,ZTP,2MK,2MT.1,494,6FL,653,655,752",,,"Oct 19, 2009",550,,,,,,,,,,
A73 - Jerez Black Metallic,,NCH1 - Silver Novillo Leather,,WBSWD9C5XAP362865,,P362865,"MSRP,ZPP.3,ZTP,2MK,2MT.1,302,403,6FL,653,655",,,"Oct 16, 2009",550,,,,,,,,,,
A73 - Jerez Black Metallic,,NCSW - Black Novillo Leather,,WBSWD9C51AP362866,,P362866,"MSRP,ZCW,ZPP.1,ZTP,2MK,2MT.1,403,6FL,653,655,752",,,"Oct 19, 2009",550,,,,,,,,,,
A73 - Jerez Black Metallic,,NCSW - Black Novillo Leather,,WBSWD9C53AP362867,,P362867,"MSRP,ZPP.3,ZTP,2MK,403,494,6FL,653,655",,,"Oct 19, 2009",550,,,,,,,,,,
A52 - Space Gray Metallic,,NCH2 - Fox Red Novillo Leather,,WBSWD9C55AP362868,,P362868,"MSRP,ZPP.3,2MK,6FL,655",,,"Oct 19, 2009",550,,,,,,,,,,
A52 - Space Gray Metallic,,NCSW - Black Novillo Leather,,WBSWD9C57AP362869,,P362869,"MSRP,ZPP.3,ZTP,2MK,2MT.1,415,494,6FL,653,752",,,"Oct 19, 2009",550,,,,,,,,,,
300 - Alpine White,,GEAT - Anthracite/Black Cloth & Leather,,WBSWD9C53AP362870,,P362870,"MSRP,ZPP.3,2MT.1,655",,,"Oct 19, 2009",,,,,,,,,,,
300 - Alpine White,,NCH2 - Fox Red Novillo Leather,,WBSWD9C55AP362871,,P362871,"MSRP,ZPP.3,2MK,2MT.1",,,"Oct 19, 2009",,,,,,,,,,,
381 - Le Mans Blue Metallic,,NCSW - Black Novillo Leather,,WBSWD9C57AP362872,,P362872,"MSRP,ZPP.1,2MK,2MT.1,6FL,655",,,"Oct 19, 2009",550,,,,,,,,,,
668 - Jet Black,,NCSW - Black Novillo Leather,,WBSWD9C59AP362873,,P362873,"MSRP,ZCW,ZTP,2MK,639,653,771",,,"Oct 19, 2009",950,,,,,,,,,,
668 - Jet Black,,NCH1 - Silver Novillo Leather,,WBSWD9C50AP362874,,P362874,"MSRP,ZPP.1,2MT.1,655",,,"Oct 19, 2009",,,,,,,,,,,
A52 - Space Gray Metallic,,NCSW - Black Novillo Leather,,WBSWD9C52AP362875,,P362875,"MSRP,ZPP.3,ZTP,2MT.1,494,6FL,653,655,752",,,"Oct 19, 2009",550,,,,,,,,,,
A52 - Space Gray Metallic,,NCSW - Black Novillo Leather,,WBSWD9C54AP362876,,P362876,"MSRP,ZPP.3,2MK,609,6FL,653",,,"Oct 19, 2009",550,,,,,,,,,,
300 - Alpine White,,NCH3 - Beige Novillo Leather,,WBSWD9C56AP362877,,P362877,"MSRP,ZPP.2,2MK,2MT.1,302,322,415,494,507,609,6FL,6NF,653,655,752",,,"Oct 19, 2009",,,,,,,,,,,
300 - Alpine White,,NCH2 - Fox Red Novillo Leather,,WBSWD9C58AP362878,,P362878,"MSRP,ZPP.1,ZTP,2MK,2MT.1,415,507,6FL,653,752",,,"Oct 19, 2009",,,,,,,,,,,
381 - Le Mans Blue Metallic,,NDH3 - Beige Novillo Extended Leather,,WBSWD9C5XAP362879,,P362879,"MSRP,ZCW,ZPP.2,ZTP,2MK,2MT.1,302,403,507,5AC,6FL,6NF,653,655,752",,,"Oct 19, 2009",550/1100,,,,,,,,,,
A52 - Space Gray Metallic,,NCSW - Black Novillo Leather,,WBSWD9C56AP362880,,P362880,"MSRP,ZPP.1,ZTP,2MK,2MT.1,302,403,494,507,5AC,6FL,653,655,752",,,"Oct 19, 2009",550,,,,,,,,,,
A52 - Space Gray Metallic,,NDSW - Black Extended Novillo Leather,,WBSWD9C58AP362881,,P362881,"MSRP,ZPP.3,ZTP,2MK,2MT.1,302,403,5AC,6FL,752",,,"Oct 19, 2009",550/1100,,,,,,,,,,
A29 - Silverstone Metallic II,,NCSW - Black Novillo Leather,,WBSWD9C5XAP362882,,P362882,"MSRP,ZPP.3,ZTP,2MK,2MT.1,302,403,6FL,653,655,752",,,"Oct 19, 2009",550,,,,,,,,,,
A29 - Silverstone Metallic II,,NCSW - Black Novillo Leather,,WBSWD9C51AP362883,,P362883,"MSRP,ZCW,ZPP.1,ZTP,2MK,2MT.1,403,415,507,6FL,6NF,653,655,752",,,"Oct 20, 2009",550,,,,,,,,,,
A30 - Interlagos Blue Metallic,,NCSW - Black Novillo Leather,,WBSWD9C53AP362884,,P362884,"MSRP,ZCW,ZPP.1,ZTP,2MK,2MT.1,302,403,507,6FL,653,655,752",,,"Oct 20, 2009",550,,,,,,,,,,
300 - Alpine White,,NCH2 - Fox Red Novillo Leather,,WBSWD9C55AP362885,,P362885,"MSRP,ZPP.3,ZTP,2MK,2MT.1,507,6FL,863",,,"Oct 20, 2009",,,,,,,,,,,
300 - Alpine White,,NCSW - Black Novillo Leather,,WBSWD9C57AP362886,,P362886,"MSRP,ZPP.2,2MK,2MT.1,507,6FL",,,"Oct 20, 2009",,,,,,,,,,,
A52 - Space Gray Metallic,,NCSW - Black Novillo Leather,,WBSWD9C59AP362887,,P362887,"MSRP,ZCW,ZPP.3,2MT.1,302,403,507,6FL",,,"Oct 20, 2009",550,,,,,,,,,,
668 - Jet Black,,NCSW - Black Novillo Leather,,WBSWD9C50AP362888,,P362888,"MSRP,ZPP.3,ZTP,2MK,2MT.1,507,6FL,653,752",,,"Oct 20, 2009",,,,,,,,,,,
300 - Alpine White,,NCSW - Black Novillo Leather,,WBSWD9C52AP362889,,P362889,"MSRP,ZCW,ZPP.3,322,609,6FL,6NF,653,655,752",,,"Oct 20, 2009",,,,,,,,,,,
668 - Jet Black,,NCSW - Black Novillo Leather,,WBSWD9C59AP362890,,P362890,"MSRP,ZPP.3,ZTP,2MK,2MT.1,302,494,507,6FL,653,655,752",,,"Oct 20, 2009",,,,,,,,,,,
668 - Jet Black,,NCH2 - Fox Red Novillo Leather,,WBSWD9C50AP362891,,P362891,"MSRP,ZPP.3,ZTP,2MK,2MT.1,302,507,6FL,653,655,752",,,"Oct 20, 2009",,,,,,,,,,,
300 - Alpine White,,NCSW - Black Novillo Leather,,WBSWD9C52AP362892,,P362892,"MSRP,ZPP.3,ZTP,2MK,2MT.1,6FL,653,655",,,"Oct 20, 2009",,,,,,,,,,,
300 - Alpine White,,NCSW - Black Novillo Leather,,WBSWD9C54AP362893,,P362893,"MSRP,ZPP.3,ZTP,2MK,2MT.1,494,507,6FL,6NF,653,655,752",,,"Oct 20, 2009",,,,,,,,,,,
668 - Jet Black,,NCSW - Black Novillo Leather,,WBSWD9C56AP362894,,P362894,"MSRP,ZPP.3,ZTP,2MK,2MT.1,302,494,507,6FL,6NF,653,655,752",,,"Oct 20, 2009",,,,,,,,,,,
668 - Jet Black,,NCSW - Black Novillo Leather,,WBSWD9C58AP362895,,P362895,"MSRP,ZPP.3,ZTP,2MK,2MT.1,403,507,6FL,6NF,653,655,752",,,"Oct 20, 2009",,,,,,,,,,,
668 - Jet Black,,NCSW - Black Novillo Leather,,WBSWD9C5XAP362896,,P362896,"MSRP,ZPP.1,ZTP,2MK,2MT.1,403,6FL,653,655",,,"Oct 20, 2009",,,,,,,,,,,
A75 - Melbourne Red Metallic,,NCH3 - Beige Novillo Leather,,WBSWD9C51AP362897,,P362897,"MSRP,ZCW,ZPP.2,ZTP,2MK,2MT.1,302,403,507,6FL,6NF,653,655,752",,,"Oct 20, 2009",550,,,,,,,,,,
A75 - Melbourne Red Metallic,,NCSW - Black Novillo Leather,,WBSWD9C53AP362898,,P362898,"MSRP,ZPP.3,ZTP,2MK,2MT.1,507,6FL,653,655,752",,,"Oct 20, 2009",550,,,,,,,,,,
668 - Jet Black,,NCH2 - Fox Red Novillo Leather,,WBSWD9C55AP362899,,P362899,"MSRP,ZCW,ZPP.3,2MK,2MT.1,322,403,609,653,655,752",,,"Oct 20, 2009",,,,,,,,,,,
A52 - Space Gray Metallic,,NDSW - Black Extended Novillo Leather,,WBSWD9C58AP362900,,P362900,"MSRP,ZCW,ZPP.3,ZTP,2MK,2MT.1,302,507,6FL,653,655,752",,,"Oct 20, 2009",550/1100,,,,,,,,,,
300 - Alpine White,,NDH1 - Silver Novillo Extended Leather,,WBSWD9C5XAP362901,,P362901,"MSRP,ZCW,ZPP.1,ZTP,2MK,2MT.1,302,507,6FL,6NF,653,655,752",,,"Oct 20, 2009",1100,,,,,,,,,,
A52 - Space Gray Metallic,,NCSW - Black Novillo Leather,,WBSWD9C51AP362902,,P362902,"MSRP,ZPP.3,ZTP,2MT.1,403,494,507,6FL,655,752",,,"Oct 21, 2009",550,,,,,,,,,,
A52 - Space Gray Metallic,,NCSW - Black Novillo Leather,,WBSWD9C53AP362903,,P362903,"MSRP,ZPP.3,ZTP,2MK,2MT.1,403,6FL,653,655,752",,,"Oct 21, 2009",550,,,,,,,,,,
300 - Alpine White,,NCSW - Black Novillo Leather,,WBSWD9C55AP362904,,P362904,"MSRP,ZCW,ZPP.3,ZTP,2MK,2MT.1,6FL,6NF,653,655",,,"Oct 21, 2009",,,,,,,,,,,
A52 - Space Gray Metallic,,NCSW - Black Novillo Leather,,WBSWD9C57AP362905,,P362905,"MSRP,ZPP.3,ZTP,2MT.1,302,494,507,6FL,653,655,752",,,"Oct 21, 2009",550,,,,,,,,,,
A52 - Space Gray Metallic,,NCH1 - Silver Novillo Leather,,WBSWD9C59AP362906,,P362906,"MSRP,ZPP.3,ZTP,2MT.1,6FL,655,752",,,"Oct 21, 2009",550,,,,,,,,,,
668 - Jet Black,,NCH2 - Fox Red Novillo Leather,,WBSWD9C50AP362907,,P362907,"MSRP,ZPP.3,ZTP,2MT.1,494,6FL,655,752",,,"Oct 21, 2009",,,,,,,,,,,
668 - Jet Black,,NCSW - Black Novillo Leather,,WBSWD9C52AP362908,,P362908,"MSRP,ZPP.3,ZTP,2MK,2MT.1,494,6FL,653,752",,,"Oct 21, 2009",,,,,,,,,,,
A73 - Jerez Black Metallic,,NCSW - Black Novillo Leather,,WBSWD9C54AP362909,,P362909,"MSRP,ZCW,2MT.1,302,403,771",,,"Oct 21, 2009",550/950,,,,,,,,,,
A73 - Jerez Black Metallic,,NCH2 - Fox Red Novillo Leather,,WBSWD9C50AP362910,,P362910,"MSRP,ZCW,ZPP.3,ZTP,2MK,2MT.1,302,507,5AC,6FL,653,655,752",,,"Oct 21, 2009",550,,,,,,,,,,
A73 - Jerez Black Metallic,,NCH1 - Silver Novillo Leather,,WBSWD9C52AP362911,,P362911,"MSRP,ZCW,ZPP.3,ZTP,2MT.1,302,415,6FL,752",,,"Oct 21, 2009",550,,,,,,,,,,
668 - Jet Black,,NCH2 - Fox Red Novillo Leather,,WBSWD9C54AP362912,,P362912,"MSRP,ZPP.1,ZTP,2MT.1,403,507,6FL,655",,,"Oct 21, 2009",,,,,,,,,,,
A52 - Space Gray Metallic,,NCH1 - Silver Novillo Leather,,WBSWD9C56AP362913,,P362913,"MSRP,ZCW,ZPP.3,ZTP,2MK,2MT.1,302,403,507,6FL,653,655,752",,,"Oct 21, 2009",550,,,,,,,,,,
A52 - Space Gray Metallic,,NDH1 - Silver Novillo Extended Leather,,WBSWD9C58AP362914,,P362914,"MSRP,ZPP.2,ZTP,2MK,302,494,6FL,6NF,653,752",,,"Oct 21, 2009",550/1100,,,,,,,,,,
A29 - Silverstone Metallic II,,NCSW - Black Novillo Leather,,WBSWD9C5XAP362915,,P362915,"MSRP,ZPP.3,ZTP,2MK,2MT.1,494,507,6FL,6NF,653,655,752",,,"Oct 21, 2009",550,,,,,,,,,,
A52 - Space Gray Metallic,,NCSW - Black Novillo Leather,,WBSWD9C51AP362916,,P362916,"MSRP,ZPP.3,ZTP,2MK,2MT.1,302,403,6FL,6NF,653,655,752",,,"Oct 21, 2009",550,,,,,,,,,,
A52 - Space Gray Metallic,,NCH1 - Silver Novillo Leather,,WBSWD9C53AP362917,,P362917,"MSRP,ZPP.1,ZTP,2MK,2MT.1,403,507,6FL,653,655,752",,,"Oct 21, 2009",550,,,,,,,,,,
A29 - Silverstone Metallic II,,NCSW - Black Novillo Leather,,WBSWD9C55AP362918,,P362918,"MSRP,ZPP.2,ZTP,2MK,2MT.1,403,494,5AC,6FL,653,655",,,"Oct 21, 2009",550,,,,,,,,,,
A29 - Silverstone Metallic II,,NCSW - Black Novillo Leather,,WBSWD9C57AP362919,,P362919,"MSRP,ZPP.3,ZTP,2MK,2MT.1,302,403,494,507,6FL,653,655,752",,,"Oct 22, 2009",550,,,,,,,,,,
A52 - Space Gray Metallic,,NDSW - Black Extended Novillo Leather,,WBSWD9C53AP362920,,P362920,"MSRP,ZCW,ZPP.3,ZTP,2MK,2MT.1,302,507,6FL,653",,,"Oct 22, 2009",550/1100,,,,,,,,,,
A29 - Silverstone Metallic II,,NCSW - Black Novillo Leather,,WBSWD9C55AP362921,,P362921,"MSRP,ZPP.3,ZTP,2MK,2MT.1,494,6FL,653,655,752",,,"Oct 22, 2009",550,,,,,,,,,,
A32 - Sepang Bronze Metallic,,NDH3 - Beige Novillo Extended Leather,,WBSWD9C57AP362922,,P362922,"MSRP,ZCW,ZPP.2,ZTP,2MK,2MT.1,403,507,6FL,6NF,653,655,752",,,"Oct 26, 2009",1100,,,,,,,,,,
B05 - Monte Carlo Blue,,Z1XX - Unknown Upholstery Code,,WBSWD9C59AP362923,,P362923,"MSRP,ZCW,ZPP.3,2MK,2MT.1,302,322,609,6FL,653,655,752",,,"Oct 29, 2009",,," Brian Jessel BMW, CAN",,,,,,,,
300 - Alpine White,,NDH2 - Fox Red Extended Leather,,WBSWD9C50AP362924,,P362924,"MSRP,ZPP.3,ZTP,302,494,6FL,6NF,653,655,863",,,"Oct 22, 2009",1100,,,,,,,,,,
668 - Jet Black,,NCH2 - Fox Red Novillo Leather,,WBSWD9C52AP362925,,P362925,"MSRP,ZCW,ZPP.2,ZTP,2MT.1,403,6FL,6NF,655,752",,,"Oct 22, 2009",,,,,,,,,,,
668 - Jet Black,,NCSW - Black Novillo Leather,,WBSWD9C54AP362926,,P362926,"MSRP,ZCW,ZPP.2,ZTP,2MT.1,403,6FL,6NF,653,655,752",,,"Oct 22, 2009",,,,,,,,,,,
300 - Alpine White,,NCSW - Black Novillo Leather,,WBSWD9C56AP362927,,P362927,"MSRP,ZPP.3,ZTP,2MK,2MT.1,302,494,507,6FL,653,655,752",,,"Oct 22, 2009",,,,,,,,,,,
668 - Jet Black,,NCSW - Black Novillo Leather,,WBSWD9C58AP362928,,P362928,"MSRP,ZPP.3,ZTP,2MK,2MT.1,494,507,6FL,6NF,653,655,752",,,"Oct 22, 2009",,,,,,,,,,,
668 - Jet Black,,NCSW - Black Novillo Leather,,WBSWD9C5XAP362929,,P362929,"MSRP,ZPP.3,ZTP,2MK,2MT.1,494,507,6FL,653,655,752",,,"Oct 22, 2009",,,,,,,,,,,
300 - Alpine White,,NCSW - Black Novillo Leather,,WBSWD9C56AP362930,,P362930,"MSRP,ZPP.3,ZTP,2MK,2MT.1,302,494,507,6FL,653,655,752",,,"Oct 22, 2009",,,,,,,,,,,
668 - Jet Black,,NCSW - Black Novillo Leather,,WBSWD9C58AP362931,,P362931,"MSRP,ZPP.3,ZTP,2MK,6FL,653,655",,,"Oct 22, 2009",,,,,,,,,,,
668 - Jet Black,,NCSW - Black Novillo Leather,,WBSWD9C5XAP362932,,P362932,"MSRP,ZPP.3,ZTP,2MT.1,494,6FL,653,655,752",,,"Oct 22, 2009",,,,,,,,,,,
300 - Alpine White,,NCSW - Black Novillo Leather,,WBSWD9C51AP362933,,P362933,"MSRP,ZPP.3,ZTP,2MT.1,302,494,6FL,655",,,"Oct 22, 2009",,,,,,,,,,,
300 - Alpine White,,NCSW - Black Novillo Leather,,WBSWD9C53AP362934,,P362934,"MSRP,ZPP.3,ZTP,2MK,2MT.1,302,507,6FL,653",,,"Oct 22, 2009",,,,,,,,,,,
300 - Alpine White,,NCSW - Black Novillo Leather,,WBSWD9C55AP362935,,P362935,"MSRP,ZPP.3,ZTP,2MK,2MT.1,302,403,415,494,507,6FL,6NF,653,655,752",,,"Oct 22, 2009",,,,,,,,,,,
A52 - Space Gray Metallic,,NCSW - Black Novillo Leather,,WBSWD9C57AP362936,,P362936,"MSRP,ZCW,ZPP.3,ZTP,2MK,2MT.1,302,403,653,655",,,"Oct 22, 2009",550,,,,,,,,,,
A52 - Space Gray Metallic,,NCSW - Black Novillo Leather,,WBSWD9C59AP362937,,P362937,"MSRP,ZCW,ZPP.3,ZTP,2MK,2MT.1,403,507,5AC,653,655,752",,,"Oct 22, 2009",550,,,,,,,,,,
A29 - Silverstone Metallic II,,NDSW - Black Extended Novillo Leather,,WBSWD9C50AP362938,,P362938,"MSRP,ZCW,ZPP.3,ZTP,2MK,2MT.1,302,415,507,6FL,6NF,653,752",,,"Oct 22, 2009",550/1100,,,,,,,,,,
300 - Alpine White,,NDH2 - Fox Red Extended Leather,,WBSWD9C52AP362939,,P362939,"MSRP,ZCW,ZPP.3,ZTP,2MK,2MT.1,507,6FL,6NF,653,655,752",,,"Oct 22, 2009",1100,,,,,,,,,,
668 - Jet Black,,NCSW - Black Novillo Leather,,WBSWD9C59AP362940,,P362940,"MSRP,ZPP.3,ZTP,2MK,2MT.1,494,6FL,653,655,752",,,"Oct 23, 2009",,,,,,,,,,,
300 - Alpine White,,NCSW - Black Novillo Leather,,WBSWD9C50AP362941,,P362941,"MSRP,ZPP.3,ZTP,2MK,2MT.1,302,494,6FL,6NF,655,752",,,"Oct 23, 2009",,,,,,,,,,,
668 - Jet Black,,NCSW - Black Novillo Leather,,WBSWD9C52AP362942,,P362942,"MSRP,ZPP.3,ZTP,2MK,2MT.1,494,507,6FL,653,655",,,"Oct 23, 2009",,,,,,,,,,,
300 - Alpine White,,NCSW - Black Novillo Leather,,WBSWD9C54AP362943,,P362943,"MSRP,ZPP.3,ZTP,2MK,2MT.1,494,507,6FL,653,655,752",,,"Oct 23, 2009",,,,,,,,,,,
300 - Alpine White,,GEAT - Anthracite/Black Cloth & Leather,,WBSWD9C56AP362944,,P362944,"MSRP,ZPP.1,ZTP,2MT.1,494,507,6FL,6NF,752",,,"Oct 23, 2009",,,,,,,,,,,
300 - Alpine White,,NCSW - Black Novillo Leather,,WBSWD9C58AP362945,,P362945,"MSRP,ZPP.1,2MK,2MT.1,507,6FL,6NF",,,"Oct 23, 2009",,,,,,,,,,,
381 - Le Mans Blue Metallic,,NDH1 - Silver Novillo Extended Leather,,WBSWD9C5XAP362946,,P362946,"MSRP,ZPP.1,ZTP,2MT.1,302,494,507,6FL,655,752",,,"Oct 23, 2009",550/1100,,,,,,,,,,
381 - Le Mans Blue Metallic,,NCSW - Black Novillo Leather,,WBSWD9C51AP362947,,P362947,"MSRP,ZCW,2MT.1,223,6FL,771",,,"Oct 23, 2009",550/950,,,,,,,,,,
381 - Le Mans Blue Metallic,,NCSW - Black Novillo Leather,,WBSWD9C53AP362948,,P362948,"MSRP,ZPP.3,ZTP,2MK,2MT.1,6FL,653,655",,,"Oct 23, 2009",550,,,,,,,,,,
381 - Le Mans Blue Metallic,,NCSW - Black Novillo Leather,,WBSWD9C55AP362949,,P362949,"MSRP,ZCW,ZPP.3,ZTP,2MT.1,403,6FL,6NF,655",,,"Oct 23, 2009",550,,,,,,,,,,
300 - Alpine White,,NCH3 - Beige Novillo Leather,,WBSWD9C51AP362950,,P362950,"MSRP,ZCW,ZPP.3,ZTP,2MK,2MT.1,302,507,5AC,6FL,653,655,752",,,"Oct 23, 2009",,,,,,,,,,,
A52 - Space Gray Metallic,,NCSW - Black Novillo Leather,,WBSWD9C53AP362951,,P362951,"MSRP,ZPP.3,ZTP,2MK,2MT.1,507,6FL,6NF,653,655,752",,,"Oct 23, 2009",550,,,,,,,,,,
A52 - Space Gray Metallic,,NCH2 - Fox Red Novillo Leather,,WBSWD9C55AP362952,,P362952,"MSRP,ZCW,ZPP.1,ZTP,2MK,2MT.1,302,415,507,6FL,653,655,752",,,"Oct 23, 2009",550,,,,,,,,,,
381 - Le Mans Blue Metallic,,NCSW - Black Novillo Leather,,WBSWD9C57AP362953,,P362953,"MSRP,ZPP.2,ZTP,2MK,2MT.1,403,6FL,653,655,752",,,"Oct 23, 2009",550,,,,,,,,,,
668 - Jet Black,,NCSW - Black Novillo Leather,,WBSWD9C59AP362954,,P362954,"MSRP,ZPP.3,ZTP,2MK,2MT.1,302,403,415,494,5AC,6FL,653,655,752",,,"Oct 23, 2009",,,,,,,,,,,
668 - Jet Black,,NCSW - Black Novillo Leather,,WBSWD9C50AP362955,,P362955,"MSRP,ZPP.1,494,6FL",,,"Oct 23, 2009",,,,,,,,,,,
A73 - Jerez Black Metallic,,NCH3 - Beige Novillo Leather,,WBSWD9C52AP362956,,P362956,"MSRP,ZPP.3,ZTP,2MK,2MT.1,494,507,6FL,653",,,"Oct 23, 2009",550,,,,,,,,,,
A73 - Jerez Black Metallic,,NCSW - Black Novillo Leather,,WBSWD9C54AP362957,,P362957,"MSRP,ZCW,ZPP.3,ZTP,2MK,2MT.1,302,403,6FL,653,655,752",,,"Oct 23, 2009",550,,,,,,,,,,
668 - Jet Black,,NCSW - Black Novillo Leather,,WBSWD9C56AP362958,,P362958,"MSRP,ZPP.1,2MK,2MT.1,507,6FL",,,"Oct 26, 2009",,,,,,,,,,,
300 - Alpine White,,NCSW - Black Novillo Leather,,WBSWD9C58AP362959,,P362959,"MSRP,ZPP.3,ZTP,2MK,2MT.1,302,507,6FL,653,655",,,"Oct 23, 2009",,,,,,,,,,,
A73 - Jerez Black Metallic,,NCSW - Black Novillo Leather,,WBSWD9C54AP362960,,P362960,"MSRP,ZPP.1,ZTP,2MK,2MT.1,403,494,6FL,653,655,752",,,"Oct 23, 2009",550,,,,,,,,,,
300 - Alpine White,,NCSW - Black Novillo Leather,,WBSWD9C56AP362961,,P362961,"MSRP,2MK,2MT.1,403,639,6FL,771",,,"Oct 23, 2009",950,,,,,,,,,,
381 - Le Mans Blue Metallic,,NCH2 - Fox Red Novillo Leather,,WBSWD9C58AP362962,,P362962,"MSRP,ZCW,ZPP.3,ZTP,507,6FL,6NF,653,655,752",,,"Oct 23, 2009",550,,,,,,,,,,
A52 - Space Gray Metallic,,NCSW - Black Novillo Leather,,WBSWD9C5XAP362963,,P362963,"MSRP,ZPP.3,ZTP,403,494,507,6FL,653,863",,,"Oct 23, 2009",550,,,,,,,,,,
668 - Jet Black,,NCSW - Black Novillo Leather,,WBSWD9C51AP362964,,P362964,"MSRP,2MK,2MT.1,403,639,6FL,771",,,"Oct 23, 2009",950,,,,,,,,,,
A73 - Jerez Black Metallic,,NCH2 - Fox Red Novillo Leather,,WBSWD9C53AP362965,,P362965,"MSRP,ZCW,ZPP.3,ZTP,2MK,2MT.1,302,507,5AC,6FL,6NF,653,655,752",,,"Oct 23, 2009",550,,,,,,,,,,
A73 - Jerez Black Metallic,,NCSW - Black Novillo Leather,,WBSWD9C55AP362966,,P362966,"MSRP,ZCW,ZPP.3,ZTP,2MK,2MT.1,403,6FL,653,655,752",,,"Oct 23, 2009",550,,,,,,,,,,
A52 - Space Gray Metallic,,NCSW - Black Novillo Leather,,WBSWD9C57AP362967,,P362967,"MSRP,ZPP.3,ZTP,2MK,2MT.1,302,403,494,6FL,6NF,653,655,752",,,"Oct 23, 2009",550,,,,,,,,,,
300 - Alpine White,,NDH2 - Fox Red Extended Leather,,WBSWD9C59AP362968,,P362968,"MSRP,ZCW,ZPP.3,ZTP,2MT.1,507,6FL,6NF,655,752",,,"Oct 23, 2009",1100,,,,,,,,,,
A52 - Space Gray Metallic,,NCH2 - Fox Red Novillo Leather,,WBSWD9C50AP362969,,P362969,"MSRP,ZPP.3,ZTP,2MK,2MT.1,403,6FL,653,655,752",,,"Oct 23, 2009",550,,,,,,,,,,
A73 - Jerez Black Metallic,,NCH3 - Beige Novillo Leather,,WBSWD9C57AP362970,,P362970,"MSRP,ZPP.3,ZTP,2MK,2MT.1,494,6FL,653,655,752",,,"Oct 26, 2009",550,,,,,,,,,,
A73 - Jerez Black Metallic,,NCSW - Black Novillo Leather,,WBSWD9C59AP362971,,P362971,"MSRP,ZPP.3,ZTP,2MK,2MT.1,6FL,653,655",,,"Oct 26, 2009",550,,,,,,,,,,
A73 - Jerez Black Metallic,,NDH2 - Fox Red Extended Leather,,WBSWD9C50AP362972,,P362972,"MSRP,ZPP.3,ZTP,2MK,2MT.1,494,6FL,653,655,752",,,"Oct 26, 2009",550/1100,,,,,,,,,,
A73 - Jerez Black Metallic,,NCSW - Black Novillo Leather,,WBSWD9C52AP362973,,P362973,"MSRP,ZPP.3,ZTP,2MK,2MT.1,494,507,6FL,655,752",,,"Oct 26, 2009",550,,,,,,,,,,
668 - Jet Black,,NDSW - Black Extended Novillo Leather,,WBSWD9C54AP362974,,P362974,"MSRP,ZPP.2,ZTP,2MT.1,415,507,6FL,6NF,752",,,"Oct 26, 2009",1100,,,,,,,,,,
668 - Jet Black,,NCSW - Black Novillo Leather,,WBSWD9C56AP362975,,P362975,"MSRP,ZPP.3,ZTP,2MK,2MT.1,415,494,507,6FL,653,655,752",,,"Oct 26, 2009",,,,,,,,,,,
A73 - Jerez Black Metallic,,NCSW - Black Novillo Leather,,WBSWD9C58AP362976,,P362976,"MSRP,ZCW,ZPP.3,ZTP,2MK,2MT.1,302,403,6FL,653,655",,,"Oct 26, 2009",550,,,,,,,,,,
668 - Jet Black,,NDSW - Black Extended Novillo Leather,,WBSWD9C5XAP362977,,P362977,"MSRP,ZCW,ZPP.3,ZTP,2MK,2MT.1,302,415,507,6FL,6NF,653,655,752",,,"Oct 26, 2009",1100,,,,,,,,,,
668 - Jet Black,,NDSW - Black Extended Novillo Leather,,WBSWD9C51AP362978,,P362978,"MSRP,ZPP.3,ZTP,2MK,2MT.1,302,494,507,6FL,6NF,653,655,752",,,"Oct 26, 2009",1100,,,,,,,,,,
A73 - Jerez Black Metallic,,NCSW - Black Novillo Leather,,WBSWD9C53AP362979,,P362979,"MSRP,ZPP.3,ZTP,2MK,2MT.1,302,403,494,6FL,6NF,653,655,752",,,"Oct 26, 2009",550,,,,,,,,,,
A73 - Jerez Black Metallic,,NCSW - Black Novillo Leather,,WBSWD9C5XAP362980,,P362980,"MSRP,ZCW,ZPP.3,ZTP,2MK,2MT.1,403,415,507,6FL,6NF,653,655,752",,,"Oct 26, 2009",550,,,,,,,,,,
668 - Jet Black,,NCSW - Black Novillo Leather,,WBSWD9C51AP362981,,P362981,"MSRP,ZCW,ZPP.3,ZTP,2MT.1,302,403,415,507,6FL,6NF,655,752",,,"Oct 26, 2009",,,,,,,,,,,
300 - Alpine White,,NCSW - Black Novillo Leather,,WBSWD9C53AP362982,,P362982,"MSRP,ZPP.3,ZTP,2MK,2MT.1,302,507,6FL,6NF,653,655,752",,,"Oct 26, 2009",,,,,,,,,,,
381 - Le Mans Blue Metallic,,NDH3 - Beige Novillo Extended Leather,,WBSWD9C55AP362983,,P362983,"MSRP,ZPP.3,ZTP,2MK,302,415,494,507,5AC,6FL,6NF,653,655,752",,,"Oct 26, 2009",550/1100,,,,,,,,,,
668 - Jet Black,,NCSW - Black Novillo Leather,,WBSWD9C57AP362984,,P362984,"MSRP,ZPP.1,ZTP,2MK,2MT.1,494,507,5AC,6FL,6NF,653,655,752",,,"Oct 26, 2009",,,,,,,,,,,
668 - Jet Black,,NCSW - Black Novillo Leather,,WBSWD9C59AP362985,,P362985,"MSRP,ZPP.1,ZTP,2MK,2MT.1,6FL,653,655",,,"Oct 26, 2009",,,,,,,,,,,
668 - Jet Black,,NCSW - Black Novillo Leather,,WBSWD9C50AP362986,,P362986,"MSRP,ZPP.3,ZTP,2MK,2MT.1,302,494,507,6FL,653,655,752",,,"Oct 26, 2009",,,,,,,,,,,
668 - Jet Black,,NCSW - Black Novillo Leather,,WBSWD9C52AP362987,,P362987,"MSRP,ZPP.3,ZTP,2MK,415,507,6FL,653,655,752",,,"Oct 27, 2009",,,,,,,,,,,
300 - Alpine White,,NCSW - Black Novillo Leather,,WBSWD9C54AP362988,,P362988,"MSRP,ZPP.3,2MK,2MT.1,322,494,609,6FL,653,752",,,"Oct 26, 2009",,,,,,,,,,,
668 - Jet Black,,NCSW - Black Novillo Leather,,WBSWD9C56AP362989,,P362989,"MSRP,ZTP,2MK,2MT.1,403,639,6FL,653,655,771",,,"Oct 26, 2009",950,,,,,,,,,,
668 - Jet Black,,NCH1 - Silver Novillo Leather,,WBSWD9C52AP362990,,P362990,"MSRP,ZPP.3,ZTP,2MK,403,494,507,6FL,6NF,653,655,752",,,"Oct 26, 2009",,,,,,,,,,,
300 - Alpine White,,NCH2 - Fox Red Novillo Leather,,WBSWD9C54AP362991,,P362991,"MSRP,ZPP.3,ZTP,2MK,2MT.1,494,6FL,653,655,752",,,"Oct 26, 2009",,,,,,,,,,,
300 - Alpine White,,NCSW - Black Novillo Leather,,WBSWD9C56AP362992,,P362992,"MSRP,2MT.1,609,6FL,653,771",,,"Oct 27, 2009",950,,,,,,,,,,
A52 - Space Gray Metallic,,NCSW - Black Novillo Leather,,WBSWD9C58AP362993,,P362993,"MSRP,ZPP.1,2MK,2MT.1,302,322,494,507,609,6FL,653,655,752",,,"Oct 27, 2009",550,,,,,,,,,,
300 - Alpine White,,NCH2 - Fox Red Novillo Leather,,WBSWD9C5XAP362994,,P362994,"MSRP,ZPP.3,ZTP,2MK,2MT.1,494,507,6FL,653,655,752",,,"Oct 27, 2009",,,,,,,,,,,
A52 - Space Gray Metallic,,NCSW - Black Novillo Leather,,WBSWD9C51AP362995,,P362995,"MSRP,ZPP.3,ZTP,2MK,2MT.1,403,6FL,653,655,752",,,"Oct 27, 2009",550,,,,,,,,,,
300 - Alpine White,,NDSW - Black Extended Novillo Leather,,WBSWD9C53AP362996,,P362996,"MSRP,ZCW,ZPP.3,ZTP,2MK,2MT.1,507,6FL,653,655,752",,,"Oct 27, 2009",1100,,,,,,,,,,
300 - Alpine White,,NCSW - Black Novillo Leather,,WBSWD9C55AP362997,,P362997,"MSRP,ZPP.1,ZTP,2MK,2MT.1,415,494,507,6FL,6NF,653,655,752",,,"Oct 27, 2009",,,,,,,,,,,
A52 - Space Gray Metallic,,NCSW - Black Novillo Leather,,WBSWD9C57AP362998,,P362998,"MSRP,ZPP.3,ZTP,2MT.1,302,507,6FL,6NF,655,752",,,"Oct 27, 2009",550,,,,,,,,,,
A52 - Space Gray Metallic,,NCH1 - Silver Novillo Leather,,WBSWD9C59AP362999,,P362999,"MSRP,ZPP.1,ZTP,2MK,2MT.1,302,494,6FL,6NF,653,655,752",,,"Oct 27, 2009",550,,,,,,,,,,
A52 - Space Gray Metallic,,NCSW - Black Novillo Leather,,WBSWD9C5XAP363000,,P363000,"MSRP,ZPP.2,ZTP,2MT.1,403,494,6FL,6NF",,,"Oct 27, 2009",550,,,,,,,,,,
381 - Le Mans Blue Metallic,,NCSW - Black Novillo Leather,,WBSWD9C51AP363001,,P363001,"MSRP,ZCW,ZPP.3,ZTP,2MK,2MT.1,403,6FL,653,655,752",,,"Oct 27, 2009",550,,,,,,,,,,
300 - Alpine White,,NDH2 - Fox Red Extended Leather,,WBSWD9C53AP363002,,P363002,"MSRP,ZPP.3,ZTP,2MK,2MT.1,302,403,494,507,6FL,6NF,653,655,752",,,"Oct 27, 2009",1100,,,,,,,,,,
A75 - Melbourne Red Metallic,,NCSW - Black Novillo Leather,,WBSWD9C55AP363003,,P363003,"MSRP,ZCW,ZPP.1,2MT.1,403,6FL,655",,,"Oct 27, 2009",550,,,,,,,,,,
300 - Alpine White,,NCSW - Black Novillo Leather,,WBSWD9C57AP363004,,P363004,"MSRP,ZCW,ZPP.3,ZTP,2MK,2MT.1,415,507,6FL,6NF,653",,,"Oct 27, 2009",,,,,,,,,,,
300 - Alpine White,,NDSW - Black Extended Novillo Leather,,WBSWD9C59AP363005,,P363005,"MSRP,ZPP.3,ZTP,2MK,507,6FL,6NF,653,655,752",,,"Oct 27, 2009",1100,,,,,,,,,,
A52 - Space Gray Metallic,,NCSW - Black Novillo Leather,,WBSWD9C50AP363006,,P363006,"MSRP,ZCW,ZPP.3,2MT.1,223,322,403,609,6FL,655",,,"Oct 27, 2009",550,,,,,,,,,,
381 - Le Mans Blue Metallic,,NDSW - Black Extended Novillo Leather,,WBSWD9C52AP363007,,P363007,"MSRP,ZPP.3,ZTP,2MK,2MT.1,302,507,653,655",,,"Oct 27, 2009",550/1100,,,,,,,,,,
668 - Jet Black,,NCSW - Black Novillo Leather,,WBSWD9C54AP363008,,P363008,"MSRP,ZCW,ZPP.1,ZTP,403,507,6FL,653,655",,,"Oct 27, 2009",,,,,,,,,,,
300 - Alpine White,,NCSW - Black Novillo Leather,,WBSWD9C56AP363009,,P363009,"MSRP,ZPP.3,ZTP,2MK,2MT.1,403,494,507,6FL,6NF,653,655",,,"Oct 27, 2009",,,,,,,,,,,
300 - Alpine White,,NCSW - Black Novillo Leather,,WBSWD9C52AP363010,,P363010,"MSRP,ZPP.3,ZTP,2MK,2MT.1,302,494,507,6FL,653,655,752",,,"Oct 27, 2009",,,,,,,,,,,
A75 - Melbourne Red Metallic,,NCSW - Black Novillo Leather,,WBSWD9C54AP363011,,P363011,"MSRP,ZCW,ZPP.3,ZTP,2MK,2MT.1,302,403,507,6FL,6NF,653,655,752",,,"Oct 28, 2009",550,,,,,,,,,,
668 - Jet Black,,NCSW - Black Novillo Leather,,WBSWD9C56AP363012,,P363012,"MSRP,ZPP.3,ZTP,2MK,2MT.1,494,507,6FL,6NF,653,655,752",,,"Oct 28, 2009",,,,,,,,,,,
668 - Jet Black,,NCSW - Black Novillo Leather,,WBSWD9C58AP363013,,P363013,"MSRP,ZPP.3,ZTP,2MK,2MT.1,494,507,6FL,6NF,653,655,752",,,"Oct 28, 2009",,,,,,,,,,,
300 - Alpine White,,NCSW - Black Novillo Leather,,WBSWD9C5XAP363014,,P363014,"MSRP,ZPP.3,ZTP,2MK,2MT.1,302,494,507,6FL,6NF,653,655,752",,,"Oct 28, 2009",,,,,,,,,,,
A75 - Melbourne Red Metallic,,NCH3 - Beige Novillo Leather,,WBSWD9C51AP363015,,P363015,"MSRP,ZPP.2,ZTP,2MK,2MT.1,403,494,6FL,653,655",,,"Oct 28, 2009",550,,,,,,,,,,
668 - Jet Black,,NCSW - Black Novillo Leather,,WBSWD9C53AP363016,,P363016,"MSRP,ZPP.3,2MK,2MT.1,609,6FL,6NF,653,655",,,"Oct 28, 2009",,,,,,,,,,,
668 - Jet Black,,NCSW - Black Novillo Leather,,WBSWD9C55AP363017,,P363017,"MSRP,ZPP.1,ZTP,2MT.1,302,6FL,653,655",,,"Oct 28, 2009",,,,,,,,,,,
668 - Jet Black,,NCSW - Black Novillo Leather,,WBSWD9C57AP363018,,P363018,"MSRP,ZPP.1,2MT.1,223,322,609,6FL",,,"Oct 28, 2009",,,,,,,,,,,
300 - Alpine White,,NCSW - Black Novillo Leather,,WBSWD9C59AP363019,,P363019,"MSRP,ZCW,ZPP.3,2MT.1,302,322,415,507,5AC,609,6FL,6NF,752",,,"Oct 28, 2009",,,,,,,,,,,
A75 - Melbourne Red Metallic,,NCSW - Black Novillo Leather,,WBSWD9C55AP363020,,P363020,"MSRP,ZPP.3,ZTP,2MK,302,494,507,6FL,6NF,653,655,752",,,"Oct 28, 2009",550,,,,,,,,,,
A52 - Space Gray Metallic,,NCSW - Black Novillo Leather,,WBSWD9C57AP363021,,P363021,"MSRP,ZCW,ZPP.1,ZTP,2MT.1,302,507,5AC,6FL,6NF,653,752",,,"Oct 28, 2009",550,,,,,,,,,,
300 - Alpine White,,NCH1 - Silver Novillo Leather,,WBSWD9C59AP363022,,P363022,"MSRP,ZCW,ZPP.2,ZTP,2MK,2MT.1,302,403,415,507,6FL,653,655",,,"Oct 28, 2009",,,,,,,,,,,
A30 - Interlagos Blue Metallic,,NCSW - Black Novillo Leather,,WBSWD9C50AP363023,,P363023,"MSRP,ZPP.3,ZTP,2MK,2MT.1,302,494,507,6FL,6NF,653,655,752",,,"Oct 28, 2009",550,,,,,,,,,,
A75 - Melbourne Red Metallic,,NDH3 - Beige Novillo Extended Leather,,WBSWD9C52AP363024,,P363024,"MSRP,ZPP.3,ZTP,2MT.1,302,403,415,494,507,6FL,653,655,752",,,"Oct 28, 2009",550/1100,,,,,,,,,,
668 - Jet Black,,NDH3 - Beige Novillo Extended Leather,,WBSWD9C54AP363025,,P363025,"MSRP,ZPP.2,ZTP,2MT.1,403,494,507,6FL,653,655,752",,,"Oct 28, 2009",1100,,,,,,,,,,
300 - Alpine White,,NCSW - Black Novillo Leather,,WBSWD9C56AP363026,,P363026,"MSRP,ZCW,ZPP.3,ZTP,2MK,2MT.1,6FL,653,655,752",,,"Oct 28, 2009",,,,,,,,,,,
A30 - Interlagos Blue Metallic,,NCSW - Black Novillo Leather,,WBSWD9C58AP363027,,P363027,"MSRP,ZCW,ZPP.1,ZTP,2MK,302,403,6FL,6NF,653,655,752",,,"Oct 28, 2009",550,,,,,,,,,,
A30 - Interlagos Blue Metallic,,NCSW - Black Novillo Leather,,WBSWD9C5XAP363028,,P363028,"MSRP,ZPP.3,ZTP,2MK,2MT.1,302,403,494,507,5AC,6FL,6NF,653,752",,,"Oct 28, 2009",550,,,,,,,,,,
A30 - Interlagos Blue Metallic,,NCSW - Black Novillo Leather,,WBSWD9C51AP363029,,P363029,"MSRP,ZPP.3,ZTP,2MK,2MT.1,403,6FL,653,655,752",,,"Oct 28, 2009",550,,,,,,,,,,
A30 - Interlagos Blue Metallic,,NDSW - Black Extended Novillo Leather,,WBSWD9C58AP363030,,P363030,"MSRP,ZPP.1,2MT.1,223,302,322,403,494,609,6FL,752",,,"Oct 28, 2009",550/1100,,,,,,,,,,
300 - Alpine White,,NCSW - Black Novillo Leather,,WBSWD9C5XAP363031,,P363031,"MSRP,ZCW,ZPP.3,ZTP,2MK,2MT.1,415,507,5AC,6FL,6NF,653,655",,,"Oct 28, 2009",,,,,,,,,,,
300 - Alpine White,,NCSW - Black Novillo Leather,,WBSWD9C51AP363032,,P363032,"MSRP,ZPP.3,ZTP,2MK,2MT.1,494,507,6FL,653,655",,,"Oct 29, 2009",,,,,,,,,,,
300 - Alpine White,,NCSW - Black Novillo Leather,,WBSWD9C53AP363033,,P363033,"MSRP,ZPP.3,ZTP,2MK,2MT.1,6FL,6NF,653",,,"Oct 29, 2009",,,,,,,,,,,
300 - Alpine White,,NCH2 - Fox Red Novillo Leather,,WBSWD9C55AP363034,,P363034,"MSRP,ZPP.3,ZTP,2MK,2MT.1,302,6FL,6NF,653,655,752",,,"Oct 29, 2009",,,,,,,,,,,
300 - Alpine White,,NCH2 - Fox Red Novillo Leather,,WBSWD9C57AP363035,,P363035,"MSRP,ZPP.3,ZTP,2MK,2MT.1,494,6FL,653,655,752",,,"Oct 29, 2009",,,,,,,,,,,
300 - Alpine White,,NCH2 - Fox Red Novillo Leather,,WBSWD9C59AP363036,,P363036,"MSRP,ZPP.3,ZTP,2MK,2MT.1,6FL,653,655",,,"Oct 29, 2009",,,,,,,,,,,
A29 - Silverstone Metallic II,,NCSW - Black Novillo Leather,,WBSWD9C50AP363037,,P363037,"MSRP,ZPP.1,ZTP,2MK,2MT.1,494,507,5AC,6FL,6NF,653,655,752",,,"Oct 29, 2009",550,,,,,,,,,,
A29 - Silverstone Metallic II,,NCH1 - Silver Novillo Leather,,WBSWD9C52AP363038,,P363038,"MSRP,ZPP.3,ZTP,2MK,2MT.1,494,507,6FL,653,655,752",,,"Oct 29, 2009",550,,,,,,,,,,
A29 - Silverstone Metallic II,,NCSW - Black Novillo Leather,,WBSWD9C54AP363039,,P363039,"MSRP,ZPP.3,ZTP,2MK,2MT.1,302,494,507,6FL,653,655,752",,,"Oct 29, 2009",550,,,,,,,,,,
A75 - Melbourne Red Metallic,,NCSW - Black Novillo Leather,,WBSWD9C50AP363040,,P363040,"MSRP,ZPP.3,2MK,2MT.1,302,494,609,6FL,653,655",,,"Oct 29, 2009",550,,,,,,,,,,
668 - Jet Black,,NCSW - Black Novillo Leather,,WBSWD9C52AP363041,,P363041,"MSRP,ZPP.3,2MT.1,403,6FL",,,"Oct 29, 2009",,,,,,,,,,,
381 - Le Mans Blue Metallic,,NCSW - Black Novillo Leather,,WBSWD9C54AP363042,,P363042,"MSRP,ZPP.1,2MK,2MT.1,507,609,6FL",,,"Oct 29, 2009",550,,,,,,,,,,
668 - Jet Black,,NCH1 - Silver Novillo Leather,,WBSWD9C56AP363043,,P363043,"MSRP,ZPP.2,2MT.1,223,322,403,494,609,6FL,655,752",,,"Oct 29, 2009",,,,,,,,,,,
300 - Alpine White,,NDSW - Black Extended Novillo Leather,,WBSWD9C58AP363044,,P363044,"MSRP,ZCW,ZPP.1,302,322,415,507,609,6FL,653,655,752",,,"Oct 29, 2009",1100,,,,,,,,,,
300 - Alpine White,,NCSW - Black Novillo Leather,,WBSWD9C5XAP363045,,P363045,"MSRP,ZCW,ZPP.3,ZTP,2MK,2MT.1,507,6FL,6NF,653,752,863",,,"Oct 29, 2009",,,,,,,,,,,
668 - Jet Black,,NCH3 - Beige Novillo Leather,,WBSWD9C51AP363046,,P363046,"MSRP,771",,,"Oct 29, 2009",950,,,,,,,,,,
668 - Jet Black,,NCSW - Black Novillo Leather,,WBSWD9C53AP363047,,P363047,"MSRP,ZTP,2MK,2MT.1,4MY,6FL,653,752",,,"Oct 29, 2009",950,,,,,,,,,,
668 - Jet Black,,NCSW - Black Novillo Leather,,WBSWD9C55AP363048,,P363048,"MSRP,ZPP.3,ZTP,2MK,2MT.1,403,415,507,6FL,653,655,752",,,"Oct 29, 2009",,,,,,,,,,,
668 - Jet Black,,NCSW - Black Novillo Leather,,WBSWD9C57AP363049,,P363049,"MSRP,ZPP.3,ZTP,2MK,2MT.1,302,403,494,6FL,653,655,752",,,"Oct 29, 2009",,,,,,,,,,,
668 - Jet Black,,NCSW - Black Novillo Leather,,WBSWD9C53AP363050,,P363050,"MSRP,ZPP.3,ZTP,2MK,2MT.1,302,403,494,6FL,653,655,752",,,"Oct 30, 2009",,,,,,,,,,,
668 - Jet Black,,NCH3 - Beige Novillo Leather,,WBSWD9C55AP363051,,P363051,"MSRP,ZPP.3,ZTP,2MK,2MT.1,403,494,6FL,653,655,752",,,"Oct 30, 2009",,,,,,,,,,,
300 - Alpine White,,NCSW - Black Novillo Leather,,WBSWD9C57AP363052,,P363052,"MSRP,ZPP.3,ZTP,2MK,2MT.1,302,403,415,494,6FL,653,655,752",,,"Oct 30, 2009",,,,,,,,,,,
300 - Alpine White,,NCH1 - Silver Novillo Leather,,WBSWD9C59AP363053,,P363053,"MSRP,ZPP.3,ZTP,2MK,2MT.1,302,403,494,6FL,653,655,752",,,"Oct 30, 2009",,,,,,,,,,,
668 - Jet Black,,NCSW - Black Novillo Leather,,WBSWD9C50AP363054,,P363054,"MSRP,2MK,2MT.1,322,403,4MY,609,6FL,752",,,"Oct 30, 2009",950,,,,,,,,,,
300 - Alpine White,,NCSW - Black Novillo Leather,,WBSWD9C52AP363055,,P363055,"MSRP,ZPP.2,ZTP,2MT.1,302,403,494,6FL,653,655,752",,,"Oct 30, 2009",,,,,,,,,,,
300 - Alpine White,,NCSW - Black Novillo Leather,,WBSWD9C54AP363056,,P363056,"MSRP,ZPP.3,ZTP,2MK,2MT.1,302,494,507,6FL,653,655,752",,,"Oct 30, 2009",,,,,,,,,,,
668 - Jet Black,,NCSW - Black Novillo Leather,,WBSWD9C56AP363057,,P363057,"MSRP,ZCW,ZPP.3,ZTP,2MK,2MT.1,302,403,6FL,653,655,752",,,"Oct 30, 2009",,,,,,,,,,,
300 - Alpine White,,NCH1 - Silver Novillo Leather,,WBSWD9C58AP363058,,P363058,"MSRP,ZPP.3,ZTP,2MK,2MT.1,302,494,507,6FL,653,655,752",,,"Oct 30, 2009",,,,,,,,,,,
A75 - Melbourne Red Metallic,,NCSW - Black Novillo Leather,,WBSWD9C5XAP363059,,P363059,"MSRP,2MT.1,223,302,322,4MY,507,609,863",,,"Oct 30, 2009",550/950,,,,,,,,,,
668 - Jet Black,,NCSW - Black Novillo Leather,,WBSWD9C56AP363060,,P363060,"MSRP,ZTP,302,494,639,6FL,653,655,752,771",,,"Oct 30, 2009",950,,,,,,,,,,
300 - Alpine White,,NCSW - Black Novillo Leather,,WBSWD9C58AP363061,,P363061,"MSRP,ZPP.3,ZTP,2MK,2MT.1,6FL,653,752",,,"Oct 30, 2009",,,,,,,,,,,
A73 - Jerez Black Metallic,,NCSW - Black Novillo Leather,,WBSWD9C5XAP363062,,P363062,"MSRP,ZPP.3,ZTP,2MK,403,494,6FL,653",,,"Oct 30, 2009",550,,,,,,,,,,
668 - Jet Black,,NCH3 - Beige Novillo Leather,,WBSWD9C51AP363063,,P363063,"MSRP,ZCW,ZPP.2,ZTP,2MT.1,6FL,653,752,863",,,"Oct 30, 2009",,,,,,,,,,,
A73 - Jerez Black Metallic,,NCSW - Black Novillo Leather,,WBSWD9C53AP363064,,P363064,"MSRP,ZPP.1,2MT.1,223,322,403,494,507,609,6FL",,,"Nov 2, 2009",550,,,,,,,,,,
A73 - Jerez Black Metallic,,NCSW - Black Novillo Leather,,WBSWD9C55AP363065,,P363065,"MSRP,ZPP.3,2MT.1,223,322,403,507,609,6FL,752",,,"Nov 2, 2009",550,,,,,,,,,,
A30 - Interlagos Blue Metallic,,NCSW - Black Novillo Leather,,WBSWD9C57AP363066,,P363066,"MSRP,ZPP.3,ZTP,494,507,6FL,653,752,863",,,"Nov 2, 2009",550,,,,,,,,,,
300 - Alpine White,,NCH2 - Fox Red Novillo Leather,,WBSWD9C59AP363067,,P363067,"MSRP,2MT.1,494,771",,,"Nov 2, 2009",950,,,,,,,,,,
300 - Alpine White,,NDH2 - Fox Red Extended Leather,,WBSWD9C50AP363068,,P363068,"MSRP,ZCW,ZPP.3,ZTP,2MK,2MT.1,302,507,6FL,653,752",,,"Nov 2, 2009",1100,,,,,,,,,,
A52 - Space Gray Metallic,,NDH1 - Silver Novillo Extended Leather,,WBSWD9C52AP363069,,P363069,"MSRP,ZPP.3,ZTP,2MK,2MT.1,302,507,653,752",,,"Nov 2, 2009",550/1100,,,,,,,,,,
381 - Le Mans Blue Metallic,,NCSW - Black Novillo Leather,,WBSWD9C59AP363070,,P363070,"MSRP,ZCW,ZPP.3,ZTP,2MT.1,403,507,6FL,653,655,752",,,"Nov 2, 2009",550,,,,,,,,,,
A73 - Jerez Black Metallic,,NCH3 - Beige Novillo Leather,,WBSWD9C50AP363071,,P363071,"MSRP,ZPP.3,2MT.1,494,609,653,655",,,"Nov 2, 2009",550,,,,,,,,,,
A73 - Jerez Black Metallic,,NCH3 - Beige Novillo Leather,,WBSWD9C52AP363072,,P363072,"MSRP,ZPP.3,ZTP,2MK,2MT.1,302,507,6FL,653,752",,,"Nov 2, 2009",550,,,,,,,,,,
A73 - Jerez Black Metallic,,NCSW - Black Novillo Leather,,WBSWD9C54AP363073,,P363073,"MSRP,ZPP.3,ZTP,2MK,2MT.1,6FL,653,655",,,"Nov 2, 2009",550,,,,,,,,,,
A75 - Melbourne Red Metallic,,NCSW - Black Novillo Leather,,WBSWD9C56AP363074,,P363074,"MSRP,ZPP.3,ZTP,2MK,2MT.1,403,6FL,653,655",,,"Nov 2, 2009",550,,,,,,,,,,
381 - Le Mans Blue Metallic,,NCSW - Black Novillo Leather,,WBSWD9C58AP363075,,P363075,"MSRP,ZPP.3,ZTP,2MK,2MT.1,403,507,6FL,653,655,752",,,"Nov 3, 2009",550,,,,,,,,,,
668 - Jet Black,,NCSW - Black Novillo Leather,,WBSWD9C5XAP363076,,P363076,"MSRP,ZPP.1,ZTP,2MK,2MT.1,403,494,6FL,653,655",,,"Nov 3, 2009",,,,,,,,,,,
668 - Jet Black,,NDH3 - Beige Novillo Extended Leather,,WBSWD9C51AP363077,,P363077,"MSRP,2MK,2MT.1,494,609,6FL,653,655,771",,,"Nov 3, 2009",2000,,,,,,,,,,
A52 - Space Gray Metallic,,NCH1 - Silver Novillo Leather,,WBSWD9C53AP363078,,P363078,"MSRP,ZPP.3,ZTP,2MK,2MT.1,302,494,507,6FL,653,655,752",,,"Nov 3, 2009",550,,,,,,,,,,
300 - Alpine White,,NCSW - Black Novillo Leather,,WBSWD9C55AP363079,,P363079,"MSRP,ZPP.3,ZTP,2MT.1,494,507,6FL,6NF,653,655,752",,,"Nov 3, 2009",,,,,,,,,,,
300 - Alpine White,,NCH2 - Fox Red Novillo Leather,,WBSWD9C51AP363080,,P363080,"MSRP,ZCW,ZPP.3,ZTP,2MK,2MT.1,302,403,6FL,6NF,653,655,752",,,"Nov 3, 2009",,,,,,,,,,,
A52 - Space Gray Metallic,,NDSW - Black Extended Novillo Leather,,WBSWD9C53AP363081,,P363081,"MSRP,ZCW,ZPP.3,ZTP,2MK,302,5AC,6FL,653,655,752",,,"Nov 3, 2009",550/1100,,,,,,,,,,
668 - Jet Black,,NCSW - Black Novillo Leather,,WBSWD9C55AP363082,,P363082,"MSRP,ZPP.3,2MK,2MT.1,223,322,403,609,6FL,655",,,"Nov 3, 2009",,,,,,,,,,,
668 - Jet Black,,NCSW - Black Novillo Leather,,WBSWD9C57AP363083,,P363083,"MSRP,ZCW,ZPP.1,2MK,2MT.1,403,609,6FL,653,655",,,"Nov 3, 2009",,,,,,,,,,,
668 - Jet Black,,NCSW - Black Novillo Leather,,WBSWD9C59AP363084,,P363084,"MSRP,ZCW,ZPP.3,ZTP,2MT.1,403,6FL,6NF,653,655,752",,,"Nov 4, 2009",,,,,,,,,,,
381 - Le Mans Blue Metallic,,NCSW - Black Novillo Leather,,WBSWD9C50AP363085,,P363085,"MSRP,ZCW,ZPP.3,ZTP,2MK,2MT.1,302,403,6FL,653",,,"Nov 4, 2009",550,,,,,,,,,,
300 - Alpine White,,NCSW - Black Novillo Leather,,WBSWD9C52AP363086,,P363086,"MSRP,ZPP.3,ZTP,2MK,2MT.1,302,403,507,6FL,6NF,653,655,752",,,"Nov 4, 2009",,,,,,,,,,,
A52 - Space Gray Metallic,,NDSW - Black Extended Novillo Leather,,WBSWD9C54AP363087,,P363087,"MSRP,ZPP.3,2MT.1,223,322,403,609,6FL,655",,,"Nov 4, 2009",550/1100,,,,,,,,,,
337 - Dakar Yellow 2,,Z1XX - Unknown Upholstery Code,,WBSWD9C56AP363088,,P363088,"MSRP,ZCW,ZPP.3,2MK,2MT.1,302,322,415,507,609,6FL,653,655,752",,,"Nov 10, 2009",,,CAN,,,,,,,,
300 - Alpine White,,Z1XX - Unknown Upholstery Code,,WBSWD9C58AP363089,,P363089,"MSRP,ZCW,ZPP.3,ZTP,2MK,2MT.1,302,415,507,6FL,653,655,752",,,"Nov 10, 2009",,,,,,,,,,,
300 - Alpine White,,Z1XX - Unknown Upholstery Code,,WBSWD9C54AP363090,,P363090,"MSRP,ZCW,ZPP.3,ZTP,2MT.1,302,415,507,6FL,653,655,752",,,"Nov 12, 2009",,,,,,,,,,,
300 - Alpine White,,Z1XX - Unknown Upholstery Code,,WBSWD9C56AP363091,,P363091,"MSRP,ZCW,ZPP.3,ZTP,2MK,2MT.1,302,415,507,6FL,653,655,752",,,"Nov 12, 2009",,,,,,,,,,,
300 - Alpine White,,Z1XX - Unknown Upholstery Code,,WBSWD9C58AP363092,,P363092,"MSRP,ZCW,ZPP.3,ZTP,2MK,2MT.1,302,415,507,6FL,653,655,752",,,"Nov 11, 2009",,,,,,,,,,,
300 - Alpine White,,Z1XX - Unknown Upholstery Code,,WBSWD9C5XAP363093,,P363093,"MSRP,ZCW,ZPP.3,2MT.1,302,322,415,507,609,6FL,653,655,752",,,"Nov 11, 2009",,,,,,,,,,,
300 - Alpine White,,Z1XX - Unknown Upholstery Code,,WBSWD9C51AP363094,,P363094,"MSRP,ZCW,ZPP.3,2MK,2MT.1,302,322,507,6FL",,,"Nov 11, 2009",,,,,,,,,,,
300 - Alpine White,,Z1XX - Unknown Upholstery Code,,WBSWD9C53AP363095,,P363095,"MSRP,ZCW,ZPP.3,2MK,2MT.1,302,322,415,507,609,6FL,653,655,752",,,"Nov 11, 2009",,,,,,,,,,,
337 - Dakar Yellow 2,,Z1XX - Unknown Upholstery Code,,WBSWD9C55AP363096,,P363096,"MSRP,ZCW,ZPP.3,2MK,2MT.1,302,322,507,6FL",,,"Nov 11, 2009",,,"The BMW Store, CAN",,,,,,,,
337 - Dakar Yellow 2,,Z1XX - Unknown Upholstery Code,,WBSWD9C57AP363097,,P363097,"MSRP,ZCW,ZPP.3,2MK,2MT.1,302,322,415,507,609,6FL,653,655,752",,,"Nov 12, 2009",,,CAN,,,,,,,,
337 - Dakar Yellow 2,,Z1XX - Unknown Upholstery Code,,WBSWD9C59AP363098,,P363098,"MSRP,ZCW,ZPP.1,ZTP,2MK,2MT.1,302,403,415,507,6FL,653,655,752",,,"Nov 12, 2009",,,CAN,,,,,,,,
B05 - Monte Carlo Blue,,Z1XX - Unknown Upholstery Code,,WBSWD9C50AP363099,,P363099,"MSRP,ZCW,ZPP.3,2MT.1,302,322,415,507,609,6FL,653,655,752",,,"Nov 13, 2009",,,CAN,,,,,,,,
B05 - Monte Carlo Blue,,Z1XX - Unknown Upholstery Code,,WBSWD9C53AP363100,,P363100,"MSRP,ZCW,ZPP.3,2MK,2MT.1,302,322,507,6FL",,,"Nov 12, 2009",,,CAN,,,,,,,,
B05 - Monte Carlo Blue,,Z1XX - Unknown Upholstery Code,,WBSWD9C55AP363101,,P363101,"MSRP,ZCW,ZPP.3,2MK,2MT.1,302,322,415,507,609,6FL,653,655,752",,,"Nov 13, 2009",,,CAN,,,,,,,,
B05 - Monte Carlo Blue,,Z1XX - Unknown Upholstery Code,,WBSWD9C57AP363102,,P363102,"MSRP,ZCW,ZPP.3,2MK,2MT.1,302,322,415,507,609,6FL,653,655,752",,,"Nov 13, 2009",,,CAN,,,,,,,,
337 - Dakar Yellow 2,,Z1XX - Unknown Upholstery Code,,WBSWD9C59AP363103,,P363103,"MSRP,ZCW,ZPP.3,2MT.1,302,322,415,507,609,6FL,653,655,752",,,"Nov 12, 2009",,,CAN,,,,,,,,
668 - Jet Black,,NCSW - Black Novillo Leather,,WBSWD9C50AP363104,,P363104,"MSRP,ZPP.3,ZTP,2MK,2MT.1,494,6FL,6NF,653,655,752",,,"Nov 4, 2009",,,,,,,,,,,
381 - Le Mans Blue Metallic,,NCSW - Black Novillo Leather,,WBSWD9C52AP363105,,P363105,"MSRP,ZPP.3,ZTP,2MK,2MT.1,6FL,653,655,752",,,"Nov 4, 2009",550,,,,,,,,,,
300 - Alpine White,,NCSW - Black Novillo Leather,,WBSWD9C54AP363106,,P363106,"MSRP,ZPP.3,223,322,403,494,609,6FL,655",,,"Nov 4, 2009",,,,,,,,,,,
300 - Alpine White,,NDH2 - Fox Red Extended Leather,,WBSWD9C56AP363107,,P363107,"MSRP,ZPP.3,ZTP,2MK,2MT.1,302,403,494,507,5AC,6FL,653,655,752",,,"Nov 4, 2009",1100,,,,,,,,,,
300 - Alpine White,,NCSW - Black Novillo Leather,,WBSWD9C58AP363108,,P363108,"MSRP,ZPP.3,ZTP,2MK,2MT.1,6FL,653,655,752",,,"Nov 4, 2009",,,,,,,,,,,
A52 - Space Gray Metallic,,GEAT - Anthracite/Black Cloth & Leather,,WBSWD9C5XAP363109,,P363109,"MSRP,ZTP,2MK,2MT.1,302,403,415,494,639,6FL,653,655,771",,,"Nov 4, 2009",550,,,,,,,,,,
A52 - Space Gray Metallic,,NCSW - Black Novillo Leather,,WBSWD9C56AP363110,,P363110,"MSRP,ZCW,ZPP.3,ZTP,2MK,2MT.1,403,507,6FL,653,655,752",,,"Nov 4, 2009",550,,,,,,,,,,
300 - Alpine White,,GEAT - Anthracite/Black Cloth & Leather,,WBSWD9C58AP363111,,P363111,"MSRP,771",,,"Nov 9, 2009",,,,,,,,,,,
668 - Jet Black,,NCSW - Black Novillo Leather,,WBSWD9C5XAP363112,,P363112,"MSRP,ZPP.3,ZTP,2MK,2MT.1,494,507,6FL,653,655,752",,,"Nov 9, 2009",,,,,,,,,,,
300 - Alpine White,,NDH2 - Fox Red Extended Leather,,WBSWD9C51AP363113,,P363113,"MSRP,ZPP.3,ZTP,2MK,2MT.1,302,415,507,6FL,653,752",,,"Nov 9, 2009",1100,,,,,,,,,,
A30 - Interlagos Blue Metallic,,NCSW - Black Novillo Leather,,WBSWD9C53AP363114,,P363114,"MSRP,ZCW,ZPP.3,ZTP,2MK,6FL,653",,,"Nov 9, 2009",550,,,,,,,,,,
668 - Jet Black,,NCSW - Black Novillo Leather,,WBSWD9C55AP363115,,P363115,"MSRP,ZCW,ZPP.3,ZTP,2MK,2MT.1,302,403,415,507,5AC,6FL,6NF,653,655,752",,,"Nov 9, 2009",,,,,,,,,,,
300 - Alpine White,,NCSW - Black Novillo Leather,,WBSWD9C57AP363116,,P363116,"MSRP,ZPP.3,ZTP,2MK,2MT.1,302,494,507,6FL,653,752",,,"Nov 9, 2009",,,,,,,,,,,
300 - Alpine White,,NCH2 - Fox Red Novillo Leather,,WBSWD9C59AP363117,,P363117,"MSRP,ZPP.3,ZTP,2MK,2MT.1,302,494,6FL,653,655,752",,,"Nov 9, 2009",,,,,,,,,,,
A73 - Jerez Black Metallic,,NCSW - Black Novillo Leather,,WBSWD9C50AP363118,,P363118,"MSRP,ZCW,ZPP.1,ZTP,2MK,2MT.1,302,403,6FL,6NF,653,655,752",,,"Nov 10, 2009",550,,,,,,,,,,
A52 - Space Gray Metallic,,NDH1 - Silver Novillo Extended Leather,,WBSWD9C52AP363119,,P363119,"MSRP,ZPP.2,ZTP,2MK,2MT.1,494,6FL,653",,,"Nov 10, 2009",550/1100,,,,,,,,,,
300 - Alpine White,,NDH2 - Fox Red Extended Leather,,WBSWD9C59AP363120,,P363120,"MSRP,ZPP.3,ZTP,2MK,2MT.1,302,6FL,653,752",,,"Nov 10, 2009",1100,,,,,,,,,,
300 - Alpine White,,NCH2 - Fox Red Novillo Leather,,WBSWD9C50AP363121,,P363121,"MSRP,ZPP.3,ZTP,2MK,2MT.1,302,6FL,653,655,752",,,"Nov 10, 2009",,,,,,,,,,,
300 - Alpine White,,NCH2 - Fox Red Novillo Leather,,WBSWD9C52AP363122,,P363122,"MSRP,ZCW,ZPP.3,ZTP,2MK,2MT.1,507,6FL,653,655,752",,,"Nov 10, 2009",,,,,,,,,,,
300 - Alpine White,,NCSW - Black Novillo Leather,,WBSWD9C54AP363123,,P363123,"MSRP,ZPP.3,ZTP,2MT.1,302,6FL,653,752",,,"Nov 10, 2009",,,,,,,,,,,
300 - Alpine White,,NCSW - Black Novillo Leather,,WBSWD9C56AP363124,,P363124,"MSRP,ZCW,ZPP.3,ZTP,2MK,2MT.1,302,6FL,653,655,752",,,"Nov 10, 2009",,,,,,,,,,,
A29 - Silverstone Metallic II,,NDSW - Black Extended Novillo Leather,,WBSWD9C58AP363125,,P363125,"MSRP,ZPP.3,ZTP,2MK,2MT.1,302,494,6FL,653,655,752",,,"Nov 10, 2009",550/1100,,,,,,,,,,
A75 - Melbourne Red Metallic,,NCSW - Black Novillo Leather,,WBSWD9C5XAP363126,,P363126,"MSRP,ZPP.3,ZTP,2MK,2MT.1,302,507,6FL,653,655,752",,,"Nov 10, 2009",550,,,,,,,,,,
A75 - Melbourne Red Metallic,,NCSW - Black Novillo Leather,,WBSWD9C51AP363127,,P363127,"MSRP,ZPP.3,ZTP,2MK,2MT.1,6FL,6NF,653,655,752",,,"Nov 11, 2009",550,,,,,,,,,,
300 - Alpine White,,NCH2 - Fox Red Novillo Leather,,WBSWD9C53AP363128,,P363128,"MSRP,ZCW,ZPP.3,ZTP,2MK,2MT.1,302,403,6FL,6NF,653,752",,,"Nov 11, 2009",,,,,,,,,,,
300 - Alpine White,,GEAT - Anthracite/Black Cloth & Leather,,WBSWD9C55AP363129,,P363129,"MSRP,302,4MX",,,"Nov 11, 2009",,,,,,,,,,,
381 - Le Mans Blue Metallic,,NCSW - Black Novillo Leather,,WBSWD9C51AP363130,,P363130,"MSRP,ZPP.3,2MT.1,223,322,609,6FL,6NF,655,752",,,"Nov 11, 2009",550,,,,,,,,,,
381 - Le Mans Blue Metallic,,NCSW - Black Novillo Leather,,WBSWD9C53AP363131,,P363131,"MSRP,ZPP.3,ZTP,2MK,2MT.1,403,494,6FL,6NF,653,655",,,"Nov 11, 2009",550,,,,,,,,,,
381 - Le Mans Blue Metallic,,NCSW - Black Novillo Leather,,WBSWD9C55AP363132,,P363132,"MSRP,ZCW,ZPP.1,ZTP,2MK,2MT.1,302,403,507,6FL,6NF,653,655,752",,,"Nov 11, 2009",550,,,,,,,,,,
A73 - Jerez Black Metallic,,NCH3 - Beige Novillo Leather,,WBSWD9C57AP363133,,P363133,"MSRP,ZCW,ZPP.3,ZTP,2MK,415,507,6FL,653,655,752",,,"Nov 11, 2009",550,,,,,,,,,,
A29 - Silverstone Metallic II,,GEAT - Anthracite/Black Cloth & Leather,,WBSWD9C59AP363134,,P363134,"MSRP,ZTP,2MK,2MT.1,494,507,639,6FL,6NF,653,655,752,771",,,"Nov 12, 2009",550,,,,,,,,,,
300 - Alpine White,,NCH3 - Beige Novillo Leather,,WBSWD9C50AP363135,,P363135,"MSRP,ZPP.2,ZTP,2MK,2MT.1,403,415,507,6FL,653,655",,,"Nov 12, 2009",,,,,,,,,,,
300 - Alpine White,,NCSW - Black Novillo Leather,,WBSWD9C52AP363136,,P363136,"MSRP,ZPP.3,2MT.1,223,322,403,494,609,6FL,6NF,655",,,"Nov 12, 2009",,,,,,,,,,,
337 - Dakar Yellow 2,,Z1XX - Unknown Upholstery Code,,WBSWD9C54AP363137,,P363137,"MSRP,ZCW,ZPP.3,ZTP,2MK,2MT.1,302,415,507,6FL,653,655,752",,,"Nov 18, 2009",,,,,,,,,,,
337 - Dakar Yellow 2,,Z1XX - Unknown Upholstery Code,,WBSWD9C56AP363138,,P363138,"MSRP,ZCW,ZPP.1,ZTP,2MK,2MT.1,302,415,507,6FL,653,655,752",,,"Nov 18, 2009",,,,,,,,,,,
337 - Dakar Yellow 2,,Z1XX - Unknown Upholstery Code,,WBSWD9C58AP363139,,P363139,"MSRP,ZCW,2MK,2MT.1,302,322,415,4MX,507,609,6FL,653,655,752",,,"Nov 18, 2009",,,,,,,,,,,
337 - Dakar Yellow 2,,Z1XX - Unknown Upholstery Code,,WBSWD9C54AP363140,,P363140,"MSRP,ZCW,ZPP.3,ZTP,2MT.1,302,403,415,507,6FL,653,655,752",,,"Nov 18, 2009",,,,,,,,,,,
337 - Dakar Yellow 2,,Z1XX - Unknown Upholstery Code,,WBSWD9C56AP363141,,P363141,"MSRP,ZCW,ZPP.3,2MK,2MT.1,302,322,415,507,609,6FL,653,655,752",,,"Nov 20, 2009",,,,,,,,,,,
300 - Alpine White,,Z1XX - Unknown Upholstery Code,,WBSWD9C58AP363142,,P363142,"MSRP,ZCW,ZPP.3,2MT.1,302,322,403,415,507,609,6FL,653,655,752",,,"Nov 19, 2009",,,,,,,,,,,
300 - Alpine White,,Z1XX - Unknown Upholstery Code,,WBSWD9C5XAP363143,,P363143,"MSRP,ZCW,ZPP.3,ZTP,2MK,2MT.1,302,415,507,6FL,653,655,752",,,"Nov 20, 2009",,,,,,,,,,,
337 - Dakar Yellow 2,,Z1XX - Unknown Upholstery Code,,WBSWD9C51AP363144,,P363144,"MSRP,ZCW,ZPP.3,2MK,2MT.1,302,322,609,6FL,6NF,653,655,752",,,"Nov 20, 2009",,,,,,,,,,,
300 - Alpine White,,Z1XX - Unknown Upholstery Code,,WBSWD9C53AP363145,,P363145,"MSRP,ZCW,ZPP.3,2MK,2MT.1,302,322,415,507,609,6FL,653,655,752",,,"Nov 19, 2009",,,,,,,,,,,
B05 - Monte Carlo Blue,,Z1XX - Unknown Upholstery Code,,WBSWD9C55AP363146,,P363146,"MSRP,ZCW,ZPP.3,ZTP,2MK,2MT.1,302,415,507,6FL,653,655,752",,,"Nov 20, 2009",,,,,,,,,,,
300 - Alpine White,,Z1XX - Unknown Upholstery Code,,WBSWD9C57AP363147,,P363147,"MSRP,ZCW,ZPP.3,ZTP,2MK,2MT.1,302,403,415,507,6FL,653,655,752",,,"Nov 19, 2009",,,,,,,,,,,
B05 - Monte Carlo Blue,,Z1XX - Unknown Upholstery Code,,WBSWD9C59AP363148,,P363148,"MSRP,ZCW,ZPP.1,ZTP,2MK,2MT.1,302,403,415,507,6FL,653,655,752",,,"Nov 20, 2009",,,,,,,,,,,
300 - Alpine White,,Z1XX - Unknown Upholstery Code,,WBSWD9C50AP363149,,P363149,"MSRP,ZCW,ZPP.3,ZTP,2MK,2MT.1,302,415,507,6FL,653,655,752",,,"Nov 19, 2009",,,,,,,,,,,
300 - Alpine White,,Z1XX - Unknown Upholstery Code,,WBSWD9C57AP363150,,P363150,"MSRP,ZCW,ZPP.3,ZTP,2MK,2MT.1,302,415,507,6FL,653,655,752",,,"Nov 19, 2009",,,,,,,,,,,
B05 - Monte Carlo Blue,,Z1XX - Unknown Upholstery Code,,WBSWD9C59AP363151,,P363151,"MSRP,ZCW,ZPP.1,ZTP,2MT.1,302,415,507,6FL,653,655,752",,,"Nov 20, 2009",,,,,,,,,,,
B05 - Monte Carlo Blue,,Z1XX - Unknown Upholstery Code,,WBSWD9C50AP363152,,P363152,"MSRP,ZCW,ZPP.1,ZTP,2MK,2MT.1,302,415,507,6FL,653,655,752",,,"Nov 20, 2009",,,,,,,,,,,
300 - Alpine White,,Z1XX - Unknown Upholstery Code,,WBSWD9C52AP363153,,P363153,"MSRP,ZCW,ZPP.3,ZTP,2MK,2MT.1,302,415,507,6FL,653,655,752",,,"Nov 19, 2009",,,,,,,,,,,
300 - Alpine White,,Z1XX - Unknown Upholstery Code,,WBSWD9C54AP363154,,P363154,"MSRP,ZCW,ZPP.3,ZTP,2MK,2MT.1,302,415,507,6FL,653,655,752",,,"Nov 19, 2009",,,,,,,,,,,
300 - Alpine White,,NCSW - Black Novillo Leather,,WBSWD9C56AP363155,,P363155,"MSRP,ZPP.3,ZTP,2MK,2MT.1,403,494,507,6FL,653,655,752",,,"Nov 12, 2009",,,,,,,,,,,
668 - Jet Black,,NCSW - Black Novillo Leather,,WBSWD9C58AP363156,,P363156,"MSRP,ZPP.3,ZTP,2MK,2MT.1,403,494,507,653,655",,,"Nov 12, 2009",,,,,,,,,,,
A73 - Jerez Black Metallic,,NCH3 - Beige Novillo Leather,,WBSWD9C5XAP363157,,P363157,"MSRP,ZPP.2,ZTP,2MK,2MT.1,302,6FL,653,655,752",,,"Nov 12, 2009",550,,,,,,,,,,
300 - Alpine White,,NDH2 - Fox Red Extended Leather,,WBSWD9C51AP363158,,P363158,"MSRP,ZPP.2,ZTP,2MT.1,302,403,507,6FL,653,655,752",,,"Nov 12, 2009",1100,,,,,,,,,,
A73 - Jerez Black Metallic,,NDSW - Black Extended Novillo Leather,,WBSWD9C53AP363159,,P363159,"MSRP,ZCW,ZPP.1,ZTP,2MK,2MT.1,403,415,507,6FL,653,655,752",,,"Nov 12, 2009",550/1100,,,,,,,,,,
A73 - Jerez Black Metallic,,GEAT - Anthracite/Black Cloth & Leather,,WBSWD9C5XAP363160,,P363160,"MSRP,ZTP,2MT.1,6FL,653,655,771",,,"Nov 12, 2009",550,,,,,,,,,,
A73 - Jerez Black Metallic,,NCSW - Black Novillo Leather,,WBSWD9C51AP363161,,P363161,"MSRP,ZCW,ZPP.3,ZTP,2MK,2MT.1,507,6FL,6NF,653,655",,,"Nov 12, 2009",550,,,,,,,,,,
300 - Alpine White,,NCSW - Black Novillo Leather,,WBSWD9C53AP363162,,P363162,"MSRP,ZPP.3,ZTP,2MT.1,302,494,507,6FL,6NF,653",,,"Nov 12, 2009",,,,,,,,,,,
668 - Jet Black,,GEAT - Anthracite/Black Cloth & Leather,,WBSWD9C55AP363163,,P363163,"MSRP,2MK,2MT.1,639,6FL,771",,,"Nov 13, 2009",,,,,,,,,,,
300 - Alpine White,,NCSW - Black Novillo Leather,,WBSWD9C57AP363164,,P363164,"MSRP,ZPP.3,2MT.1,6FL,6NF",,,"Nov 13, 2009",,,,,,,,,,,
300 - Alpine White,,NCSW - Black Novillo Leather,,WBSWD9C59AP363165,,P363165,"MSRP,ZCW,ZPP.3,ZTP,2MK,2MT.1,302,6FL,6NF,653,655,752",,,"Nov 13, 2009",,,,,,,,,,,
300 - Alpine White,,GEAT - Anthracite/Black Cloth & Leather,,WBSWD9C50AP363166,,P363166,"MSRP,223,302,322,609,639,6FL,655,771",,,"Nov 13, 2009",,,,,,,,,,,
300 - Alpine White,,NCH2 - Fox Red Novillo Leather,,WBSWD9C52AP363167,,P363167,"MSRP,ZPP.3,2MT.1,223,322,494,609,6FL",,,"Nov 13, 2009",,,,,,,,,,,
300 - Alpine White,,NCH3 - Beige Novillo Leather,,WBSWD9C54AP363168,,P363168,"MSRP,ZCW,ZPP.3,ZTP,2MK,2MT.1,403,507,6FL,653,655,752",,,"Nov 13, 2009",,,,,,,,,,,
300 - Alpine White,,NCSW - Black Novillo Leather,,WBSWD9C56AP363169,,P363169,"MSRP,ZPP.3,ZTP,2MK,2MT.1,302,494,507,6FL,6NF,653,655,752",,,"Nov 13, 2009",,,,,,,,,,,
300 - Alpine White,,NCSW - Black Novillo Leather,,WBSWD9C52AP363170,,P363170,"MSRP,ZPP.3,ZTP,2MK,2MT.1,302,494,6FL,6NF,653,655,752",,,"Nov 13, 2009",,,,,,,,,,,
300 - Alpine White,,NCSW - Black Novillo Leather,,WBSWD9C54AP363171,,P363171,"MSRP,ZPP.3,ZTP,2MK,2MT.1,415,494,507,6FL,6NF,653,655,752",,,"Nov 13, 2009",,,,,,,,,,,
300 - Alpine White,,NDSW - Black Extended Novillo Leather,,WBSWD9C56AP363172,,P363172,"MSRP,ZPP.3,ZTP,2MT.1,302,6FL,6NF,653,752",,,"Nov 13, 2009",1100,,,,,,,,,,
A52 - Space Gray Metallic,,NCSW - Black Novillo Leather,,WBSWD9C58AP363173,,P363173,"MSRP,ZPP.3,ZTP,2MK,2MT.1,494,6FL,6NF,653,655,752",,,"Nov 13, 2009",550,,,,,,,,,,
A52 - Space Gray Metallic,,NDH3 - Beige Novillo Extended Leather,,WBSWD9C5XAP363174,,P363174,"MSRP,ZCW,ZPP.3,ZTP,2MK,302,415,507,653,655,752",,,"Nov 13, 2009",550/1100,,,,,,,,,,
668 - Jet Black,,NCSW - Black Novillo Leather,,WBSWD9C51AP363175,,P363175,"MSRP,ZPP.3,ZTP,2MK,2MT.1,302,494,6FL,653,655,752",,,"Nov 13, 2009",,,,,,,,,,,
300 - Alpine White,,NDH2 - Fox Red Extended Leather,,WBSWD9C53AP363176,,P363176,"MSRP,ZCW,ZPP.2,ZTP,2MK,302,415,507,6FL,6NF,653,752",,,"Nov 16, 2009",1100,,,,,,,,,,
300 - Alpine White,,NDH2 - Fox Red Extended Leather,,WBSWD9C55AP363177,,P363177,"MSRP,ZPP.3,ZTP,2MK,2MT.1,507,6FL,653,655,752",,,"Nov 16, 2009",1100,,,,,,,,,,
300 - Alpine White,,NDH2 - Fox Red Extended Leather,,WBSWD9C57AP363178,,P363178,"MSRP,ZCW,ZPP.3,ZTP,2MT.1,507,6FL,653,655,752",,,"Nov 16, 2009",1100,,,,,,,,,,
A52 - Space Gray Metallic,,NCH3 - Beige Novillo Leather,,WBSWD9C59AP363179,,P363179,"MSRP,ZPP.2,ZTP,2MK,2MT.1,302,403,6FL,6NF,653,752",,,"Nov 16, 2009",550,,,,,,,,,,
U21 - Brilliant White Metallic Tricoat,,NDH2 - Fox Red Extended Leather,,WBSWD9C55AP363180,,P363180,"MSRP,ZCW,ZPP.3,ZTP,2MK,2MT.1,415,507,6FL,653,752",,,"Nov 23, 2009",1100,,,,,,,,,,
300 - Alpine White,,Z1XX - Unknown Upholstery Code,,WBSWD9C57AP363181,,P363181,"MSRP,ZCW,ZPP.3,ZTP,2MK,2MT.1,302,6FL,653,655,752",,,"Nov 26, 2009",,,,,,,,,,,
300 - Alpine White,,Z1XX - Unknown Upholstery Code,,WBSWD9C59AP363182,,P363182,"MSRP,ZCW,ZPP.3,2MK,2MT.1,302,322,415,507,609,6FL,655,752",,,"Nov 26, 2009",,,,,,,,,,,
300 - Alpine White,,Z1XX - Unknown Upholstery Code,,WBSWD9C50AP363183,,P363183,"MSRP,ZCW,ZPP.3,2MK,2MT.1,302,322,609,6FL,653,655,752",,,"Nov 26, 2009",,,,,,,,,,,
300 - Alpine White,,Z1XX - Unknown Upholstery Code,,WBSWD9C52AP363184,,P363184,"MSRP,ZCW,ZPP.3,2MK,2MT.1,302,322,415,507,609,6FL,653,655,752",,,"Nov 26, 2009",,,,,,,,,,,
300 - Alpine White,,Z1XX - Unknown Upholstery Code,,WBSWD9C54AP363185,,P363185,"MSRP,ZCW,ZPP.3,2MT.1,223,302,322,403,415,507,609,6FL,655,752",,,"Nov 26, 2009",,,,,,,,,,,
B05 - Monte Carlo Blue,,Z1XX - Unknown Upholstery Code,,WBSWD9C56AP363186,,P363186,"MSRP,ZCW,ZPP.3,ZTP,2MT.1,302,403,415,507,6FL,653,655,752",,,"Nov 26, 2009",,,,,,,,,,,
300 - Alpine White,,Z1XX - Unknown Upholstery Code,,WBSWD9C58AP363187,,P363187,"MSRP,ZCW,ZPP.3,ZTP,2MK,2MT.1,302,415,507,6FL,653,655,752",,,"Nov 27, 2009",,,,,,,,,,,
B05 - Monte Carlo Blue,,Z1XX - Unknown Upholstery Code,,WBSWD9C5XAP363188,,P363188,"MSRP,ZCW,ZPP.1,2MT.1,302,322,403,415,507,609,6FL,655,752",,,11-27-2009,,,,,,,,,,,
300 - Alpine White,,Z1XX - Unknown Upholstery Code,,WBSWD9C51AP363189,,P363189,"MSRP,ZCW,ZPP.3,ZTP,2MT.1,302,507,6FL,653,655,752",,,11-27-2009,,,,,,,,,,,
300 - Alpine White,,Z1XX - Unknown Upholstery Code,,WBSWD9C58AP363190,,P363190,"MSRP,ZCW,ZPP.3,2MK,2MT.1,302,322,415,507,609,6FL,653,655,752",,,"Nov 27, 2009",,,,,,,,,,,
B05 - Monte Carlo Blue,,Z1XX - Unknown Upholstery Code,,WBSWD9C5XAP363191,,P363191,"MSRP,ZCW,ZPP.3,2MK,2MT.1,302,322,403,609,6FL,653,655,752",,,"Nov 27, 2009",,,,,,,,,,,
B05 - Monte Carlo Blue,,Z1XX - Unknown Upholstery Code,,WBSWD9C51AP363192,,P363192,MSRP,,,"Nov 27, 2009",,,,,,,,,,,
A30 - Interlagos Blue Metallic,,NCH1 - Silver Novillo Leather,,WBSWD9C53AP363193,,P363193,"MSRP,ZCW,ZPP.1,ZTP,403,507,653,655,752",,,"Nov 18, 2009",550,,,,,,,,,,
A73 - Jerez Black Metallic,,NCH1 - Silver Novillo Leather,,WBSWD9C55AP363194,,P363194,"MSRP,2MK,223,403,494,507,771",,,"Nov 19, 2009",550/950,,,,,,,,,,
A75 - Melbourne Red Metallic,,NCSW - Black Novillo Leather,,WBSWD9C57AP363195,,P363195,"MSRP,ZPP.2,2MT.1,403,494,6FL,655",,,"Nov 19, 2009",550,,,,,,,,,,
A73 - Jerez Black Metallic,,NCSW - Black Novillo Leather,,WBSWD9C59AP363196,,P363196,"MSRP,ZPP.3,2MT.1,223,322,494,609,6FL,655",,,"Nov 19, 2009",550,,,,,,,,,,
A73 - Jerez Black Metallic,,NCH3 - Beige Novillo Leather,,WBSWD9C50AP363197,,P363197,"MSRP,ZPP.2,ZTP,2MK,2MT.1,403,507,6FL,653,655,752",,,"Nov 19, 2009",550,,,,,,,,,,
A73 - Jerez Black Metallic,,NDSW - Black Extended Novillo Leather,,WBSWD9C52AP363198,,P363198,"MSRP,ZCW,ZPP.3,ZTP,2MK,2MT.1,302,507,6FL,6NF,653,655,752",,,"Nov 19, 2009",550/1100,,,,,,,,,,
A73 - Jerez Black Metallic,,NCH2 - Fox Red Novillo Leather,,WBSWD9C54AP363199,,P363199,"MSRP,ZPP.3,ZTP,2MT.1,302,403,6FL,653",,,"Nov 19, 2009",550,,,,,,,,,,
668 - Jet Black,,NCH2 - Fox Red Novillo Leather,,WBSWD9C57AP363200,,P363200,"MSRP,ZCW,ZPP.1,2MT.1,403",,,"Nov 20, 2009",,,,,,,,,,,
300 - Alpine White,,NCSW - Black Novillo Leather,,WBSWD9C59AP363201,,P363201,"MSRP,ZCW,ZPP.1,ZTP,2MT.1,403,507,6FL,653,655",,,"Nov 20, 2009",,,,,,,,,,,
668 - Jet Black,,NCSW - Black Novillo Leather,,WBSWD9C50AP363202,,P363202,"MSRP,ZPP.3,2MT.1,223,322,494,507,609,6FL,6NF,655,752",,,"Nov 20, 2009",,,,,,,,,,,
381 - Le Mans Blue Metallic,,NDH1 - Silver Novillo Extended Leather,,WBSWD9C52AP363203,,P363203,"MSRP,ZPP.3,ZTP,2MK,2MT.1,302,494,6FL,653,655",,,"Nov 20, 2009",550/1100,,,,,,,,,,
381 - Le Mans Blue Metallic,,NCSW - Black Novillo Leather,,WBSWD9C54AP363204,,P363204,"MSRP,ZPP.3,ZTP,2MK,2MT.1,302,507,6FL,6NF,653,655,752",,,"Nov 20, 2009",550,,,,,,,,,,
381 - Le Mans Blue Metallic,,NCH3 - Beige Novillo Leather,,WBSWD9C56AP363205,,P363205,"MSRP,ZPP.3,ZTP,2MK,2MT.1,507,6FL,653,655,752",,,"Nov 20, 2009",550,,,,,,,,,,
300 - Alpine White,,NCSW - Black Novillo Leather,,WBSWD9C58AP363206,,P363206,"MSRP,ZCW,ZPP.3,ZTP,2MK,2MT.1,302,403,507,6FL,653,752",,,"Nov 20, 2009",,,,,,,,,,,
668 - Jet Black,,NCSW - Black Novillo Leather,,WBSWD9C5XAP363207,,P363207,"MSRP,ZPP.3,ZTP,2MK,2MT.1,302,403,494,6FL,653,655",,,"Nov 20, 2009",,,,,,,,,,,
A52 - Space Gray Metallic,,NCSW - Black Novillo Leather,,WBSWD9C51AP363208,,P363208,"MSRP,ZPP.1,ZTP,2MK,2MT.1,403,6FL,653,655",,,"Nov 20, 2009",550,,,,,,,,,,
A52 - Space Gray Metallic,,NCH1 - Silver Novillo Leather,,WBSWD9C53AP363209,,P363209,"MSRP,ZPP.3,ZTP,2MK,2MT.1,403,507,6FL,653,752",,,"Nov 20, 2009",550,,,,,,,,,,
A52 - Space Gray Metallic,,NCSW - Black Novillo Leather,,WBSWD9C5XAP363210,,P363210,"MSRP,ZPP.3,ZTP,2MK,2MT.1,302,403,494,6FL,6NF,653,655,752",,,"Nov 20, 2009",550,,,,,,,,,,
A52 - Space Gray Metallic,,NCH2 - Fox Red Novillo Leather,,WBSWD9C51AP363211,,P363211,"MSRP,ZCW,ZPP.3,2MT.1,223,302,322,403,507,609,6FL,6NF,655,752",,,"Nov 20, 2009",550,,,,,,,,,,
668 - Jet Black,,NDH3 - Beige Novillo Extended Leather,,WBSWD9C53AP363212,,P363212,"MSRP,ZPP.3,ZTP,2MK,2MT.1,302,403,415,494,507,5AC,6FL,6NF,653,655,752",,,"Nov 20, 2009",1100,,,,,,,,,,
A52 - Space Gray Metallic,,NCSW - Black Novillo Leather,,WBSWD9C55AP363213,,P363213,"MSRP,ZPP.3,ZTP,2MK,2MT.1,403,494,507,6FL,653,655,752",,,"Nov 20, 2009",550,,,,,,,,,,
668 - Jet Black,,NCSW - Black Novillo Leather,,WBSWD9C57AP363214,,P363214,"MSRP,ZPP.2,ZTP,2MK,2MT.1,302,403,494,5AC,6FL,653,655,752",,,"Nov 20, 2009",,,,,,,,,,,
300 - Alpine White,,NCH2 - Fox Red Novillo Leather,,WBSWD9C59AP363215,,P363215,"MSRP,ZPP.1,ZTP,2MT.1,403,507,6FL,653,655,752",,,"Nov 20, 2009",,,,,,,,,,,
300 - Alpine White,,NCH3 - Beige Novillo Leather,,WBSWD9C50AP363216,,P363216,"MSRP,ZPP.2,ZTP,2MK,2MT.1,403,494,6FL,6NF,653,655,752",,,"Nov 23, 2009",,,,,,,,,,,
668 - Jet Black,,NCSW - Black Novillo Leather,,WBSWD9C52AP363217,,P363217,"MSRP,ZCW,ZPP.3,ZTP,2MK,2MT.1,403,507,6FL,6NF,653,655",,,"Nov 23, 2009",,,,,,,,,,,
668 - Jet Black,,NCSW - Black Novillo Leather,,WBSWD9C54AP363218,,P363218,"MSRP,ZPP.3,ZTP,2MK,2MT.1,302,403,507,6FL,653,655,752",,,"Nov 23, 2009",,,,,,,,,,,
668 - Jet Black,,NCSW - Black Novillo Leather,,WBSWD9C56AP363219,,P363219,"MSRP,ZCW,ZPP.2,ZTP,2MK,2MT.1,302,403,507,6FL,653,655,752",,,"Nov 23, 2009",,,,,,,,,,,
381 - Le Mans Blue Metallic,,NCH1 - Silver Novillo Leather,,WBSWD9C52AP363220,,P363220,"MSRP,ZCW,ZPP.3,ZTP,2MK,2MT.1,403,507,6FL,653,655,752",,,"Nov 23, 2009",550,,,,,,,,,,
381 - Le Mans Blue Metallic,,NCSW - Black Novillo Leather,,WBSWD9C54AP363221,,P363221,"MSRP,ZPP.3,ZTP,2MK,2MT.1,403,6FL,653,655,752",,,"Nov 23, 2009",550,,,,,,,,,,
300 - Alpine White,,NCH3 - Beige Novillo Leather,,WBSWD9C56AP363222,,P363222,"MSRP,ZPP.3,2MK,2MT.1,223,302,322,403,494,609,6FL,6NF,655,752",,,"Nov 23, 2009",,,,,,,,,,,
A52 - Space Gray Metallic,,NCH2 - Fox Red Novillo Leather,,WBSWD9C58AP363223,,P363223,"MSRP,ZCW,ZPP.3,ZTP,2MK,2MT.1,302,403,6FL,6NF,653,655,752",,,"Nov 23, 2009",550,,,,,,,,,,
A73 - Jerez Black Metallic,,NCSW - Black Novillo Leather,,WBSWD9C5XAP363224,,P363224,"MSRP,ZCW,ZPP.3,2MK,2MT.1,223,302,322,403,507,609,6FL,6NF,752",,,"Nov 23, 2009",550,,,,,,,,,,
A73 - Jerez Black Metallic,,NCH2 - Fox Red Novillo Leather,,WBSWD9C51AP363225,,P363225,"MSRP,ZCW,ZPP.1,ZTP,2MK,2MT.1,302,403,507,6FL,653,752",,,11-23-2009,550,,,,,,,,,,
A73 - Jerez Black Metallic,,NCH2 - Fox Red Novillo Leather,,WBSWD9C53AP363226,,P363226,"MSRP,ZPP.3,2MK,2MT.1,6FL,655",,,"Nov 23, 2009",550,,,,,,,,,,
A73 - Jerez Black Metallic,,NCSW - Black Novillo Leather,,WBSWD9C55AP363227,,P363227,"MSRP,ZPP.3,ZTP,2MK,2MT.1,302,494,507,5AC,6FL,6NF,653,655,752",,,"Nov 23, 2009",550,,,,,,,,,,
A73 - Jerez Black Metallic,,NCSW - Black Novillo Leather,,WBSWD9C57AP363228,,P363228,"MSRP,ZTP,403,494,507,639,6FL,653,752,771",,,"Nov 23, 2009",550/950,,,,,,,,,,
A73 - Jerez Black Metallic,,NCSW - Black Novillo Leather,,WBSWD9C59AP363229,,P363229,"MSRP,ZCW,ZPP.3,ZTP,2MK,2MT.1,302,5AC,6FL,653,655",,,"Nov 23, 2009",550,,,,,,,,,,
A73 - Jerez Black Metallic,,NCSW - Black Novillo Leather,,WBSWD9C55AP363230,,P363230,"MSRP,ZPP.2,223,302,322,609,6FL,752",,,"Nov 23, 2009",550,,,,,,,,,,
A73 - Jerez Black Metallic,,NCH2 - Fox Red Novillo Leather,,WBSWD9C57AP363231,,P363231,"MSRP,ZCW,ZPP.2,ZTP,2MT.1,302,507,6FL,653,655,752",,,11-23-2009,550,,,,,,,,,,
A73 - Jerez Black Metallic,,NDH1 - Silver Novillo Extended Leather,,WBSWD9C59AP363232,,P363232,"MSRP,ZCW,ZPP.1,ZTP,2MK,2MT.1,302,403,415,507,5AC,6FL,6NF,653,655,752",,,"Nov 23, 2009",550/1100,,,,,,,,,,
A73 - Jerez Black Metallic,,NCH3 - Beige Novillo Leather,,WBSWD9C50AP363233,,P363233,"MSRP,ZPP.3,ZTP,2MK,2MT.1,302,507,6FL,6NF,653,655,752",,,"Nov 23, 2009",550,,,,,,,,,,
A73 - Jerez Black Metallic,,NCSW - Black Novillo Leather,,WBSWD9C52AP363234,,P363234,"MSRP,ZPP.1,2MK,2MT.1,609,6FL,653",,,"Nov 23, 2009",550,,,,,,,,,,
A73 - Jerez Black Metallic,,NCH1 - Silver Novillo Leather,,WBSWD9C54AP363235,,P363235,"MSRP,ZPP.3,ZTP,2MK,2MT.1,302,653,655,752",,,"Nov 23, 2009",550,,,,,,,,,,
A73 - Jerez Black Metallic,,NCSW - Black Novillo Leather,,WBSWD9C56AP363236,,P363236,"MSRP,ZCW,ZPP.3,223,322,609,6FL,6NF,655,752",,,11-23-2009,550,,,,,,,,,,
A73 - Jerez Black Metallic,,NCSW - Black Novillo Leather,,WBSWD9C58AP363237,,P363237,"MSRP,ZPP.3,ZTP,2MT.1,415,494,6FL,653,655,752",,,"Nov 23, 2009",550,,,,,,,,,,
381 - Le Mans Blue Metallic,,NCSW - Black Novillo Leather,,WBSWD9C5XAP363238,,P363238,"MSRP,ZPP.3,ZTP,302,507,5AC,6FL,6NF,653,655,752",,,"Nov 23, 2009",550,,,,,,,,,,
A73 - Jerez Black Metallic,,NCSW - Black Novillo Leather,,WBSWD9C51AP363239,,P363239,"MSRP,ZPP.3,ZTP,2MK,2MT.1,302,494,6FL,6NF,653,655",,,"Nov 23, 2009",550,,,,,,,,,,
A73 - Jerez Black Metallic,,NCSW - Black Novillo Leather,,WBSWD9C58AP363240,,P363240,"MSRP,ZCW,2MK,2MT.1,223,302,322,415,4MY,507,609,752",,,"Nov 24, 2009",550/950,,,,,,,,,,
668 - Jet Black,,NCSW - Black Novillo Leather,,WBSWD9C5XAP363241,,P363241,"MSRP,ZPP.1,2MK,2MT.1,6FL,655",,,11-24-2009,,,,,,,,,,,
A52 - Space Gray Metallic,,NCSW - Black Novillo Leather,,WBSWD9C51AP363242,,P363242,"MSRP,ZCW,ZPP.1,ZTP,2MK,2MT.1,6FL,6NF,653,655,752",,,"Nov 24, 2009",550,,,,,,,,,,
A75 - Melbourne Red Metallic,,NCSW - Black Novillo Leather,,WBSWD9C53AP363243,,P363243,"MSRP,ZCW,ZPP.3,ZTP,2MK,2MT.1,302,403,415,507,6FL,653,655,752",,,"Nov 24, 2009",550,,,,,,,,,,
668 - Jet Black,,NCSW - Black Novillo Leather,,WBSWD9C55AP363244,,P363244,"MSRP,ZPP.3,ZTP,2MK,2MT.1,403,507,6FL,653,655,752",,,"Nov 24, 2009",,,,,,,,,,,
300 - Alpine White,,NCSW - Black Novillo Leather,,WBSWD9C57AP363245,,P363245,"MSRP,2MK,2MT.1,223,415,507,639,6FL,771",,,"Nov 24, 2009",950,,,,,,,,,,
A52 - Space Gray Metallic,,NCSW - Black Novillo Leather,,WBSWD9C59AP363246,,P363246,"MSRP,ZPP.3,ZTP,2MK,2MT.1,302,415,494,507,6FL,653,752",,,"Nov 24, 2009",550,,,,,,,,,,
A52 - Space Gray Metallic,,NCSW - Black Novillo Leather,,WBSWD9C50AP363247,,P363247,"MSRP,ZPP.3,223,302,494,6FL",,,11-24-2009,550,,,,,,,,,,
668 - Jet Black,,NCSW - Black Novillo Leather,,WBSWD9C52AP363248,,P363248,"MSRP,ZPP.3,ZTP,2MK,2MT.1,302,415,507,6FL,6NF,653,655,752",,,"Nov 24, 2009",,,,,,,,,,,
300 - Alpine White,,NCSW - Black Novillo Leather,,WBSWD9C54AP363249,,P363249,"MSRP,ZCW,ZPP.3,ZTP,2MK,2MT.1,6FL,653,655,752",,,"Nov 24, 2009",,,,,,,,,,,
668 - Jet Black,,NCSW - Black Novillo Leather,,WBSWD9C50AP363250,,P363250,"MSRP,ZPP.3,2MK,2MT.1,223,322,403,494,507,609,6FL,655",,,"Nov 24, 2009",,,,,,,,,,,
300 - Alpine White,,NCSW - Black Novillo Leather,,WBSWD9C52AP363251,,P363251,"MSRP,ZCW,ZPP.3,2MK,2MT.1,609,6FL,653,655,752",,,"Nov 24, 2009",,,,,,,,,,,
300 - Alpine White,,NDH1 - Silver Novillo Extended Leather,,WBSWD9C54AP363252,,P363252,"MSRP,ZPP.3,ZTP,2MK,2MT.1,302,415,507,5AC,6FL,653,752",,,"Nov 24, 2009",1100,,,,,,,,,,
668 - Jet Black,,NCSW - Black Novillo Leather,,WBSWD9C56AP363253,,P363253,"MSRP,ZPP.3,ZTP,2MK,2MT.1,302,415,494,507,5AC,6FL,6NF,653,655,752",,,11-24-2009,,,,,,,,,,,
300 - Alpine White,,NCSW - Black Novillo Leather,,WBSWD9C58AP363254,,P363254,"MSRP,ZCW,ZPP.3,ZTP,2MK,2MT.1,6FL,653,655",,,"Nov 24, 2009",,,,,,,,,,,
300 - Alpine White,,NCH2 - Fox Red Novillo Leather,,WBSWD9C5XAP363255,,P363255,"MSRP,ZCW,ZPP.3,ZTP,2MK,2MT.1,6FL,6NF,653,655,752",,,"Nov 24, 2009",,,,,,,,,,,
300 - Alpine White,,NCH2 - Fox Red Novillo Leather,,WBSWD9C51AP363256,,P363256,"MSRP,ZCW,ZPP.1,ZTP,2MK,2MT.1,6FL,6NF,653,655,752",,,"Nov 25, 2009",,,,,,,,,,,
A52 - Space Gray Metallic,,NCH1 - Silver Novillo Leather,,WBSWD9C53AP363257,,P363257,"MSRP,ZPP.1,ZTP,2MK,2MT.1,302,415,494,507,5AC,6FL,6NF,653,655,752",,,"Nov 25, 2009",550,,,,,,,,,,
300 - Alpine White,,GEAT - Anthracite/Black Cloth & Leather,,WBSWD9C55AP363258,,P363258,"MSRP,639,6FL,771",,,11-25-2009,,,,,,,,,,,
300 - Alpine White,,NCSW - Black Novillo Leather,,WBSWD9C57AP363259,,P363259,"MSRP,ZCW,ZPP.3,ZTP,2MK,2MT.1,302,6FL,653,655,752",,,"Nov 25, 2009",,,,,,,,,,,
300 - Alpine White,,NCSW - Black Novillo Leather,,WBSWD9C53AP363260,,P363260,"MSRP,ZPP.2,ZTP,2MK,2MT.1,302,6FL,653,655,752",,,"Nov 25, 2009",,,,,,,,,,,
A73 - Jerez Black Metallic,,NCSW - Black Novillo Leather,,WBSWD9C55AP363261,,P363261,"MSRP,2MT.1,403,494,4MY,6FL",,,"Nov 25, 2009",550/950,,,,,,,,,,
668 - Jet Black,,GEAT - Anthracite/Black Cloth & Leather,,WBSWD9C57AP363262,,P363262,"MSRP,2MT.1,4MY,6FL",,,"Nov 25, 2009",,,,,,,,,,,
668 - Jet Black,,GEAT - Anthracite/Black Cloth & Leather,,WBSWD9C59AP363263,,P363263,"MSRP,ZPP.3,ZTP,2MK,2MT.1,507,6FL,653",,,"Nov 25, 2009",,,,,,,,,,,
668 - Jet Black,,NCSW - Black Novillo Leather,,WBSWD9C50AP363264,,P363264,"MSRP,ZCW,ZPP.3,ZTP,2MK,2MT.1,6FL,6NF,653",,,11-25-2009,,,,,,,,,,,
668 - Jet Black,,NCSW - Black Novillo Leather,,WBSWD9C52AP363265,,P363265,"MSRP,ZPP.3,ZTP,2MK,2MT.1,302,494,6FL,6NF,653,655,752",,,"Nov 25, 2009",,,,,,,,,,,
300 - Alpine White,,NCSW - Black Novillo Leather,,WBSWD9C54AP363266,,P363266,"MSRP,ZCW,ZPP.3,ZTP,2MK,2MT.1,302,6FL,653,655",,,"Nov 25, 2009",,,,,,,,,,,
A73 - Jerez Black Metallic,,NCSW - Black Novillo Leather,,WBSWD9C56AP363267,,P363267,"MSRP,ZCW,ZPP.3,ZTP,2MK,2MT.1,302,403,6FL,6NF,653,655,752",,,"Nov 25, 2009",$550.00,,,,,,,,,,
A52 - Space Gray Metallic,,NDH2 - Fox Red Extended Leather,,WBSWD9C58AP363268,,P363268,"MSRP,ZCW,ZPP.3,ZTP,2MK,302,415,507,5AC,6FL,6NF,653,655,752",,,"Nov 25, 2009",550/1100,,,,,,,,,,
668 - Jet Black,,NCSW - Black Novillo Leather,,WBSWD9C5XAP363269,,P363269,"MSRP,ZCW,ZPP.3,2MT.1,223,322,609,6FL",,,"Nov 25, 2009",,,,,,,,,,,
300 - Alpine White,,NCSW - Black Novillo Leather,,WBSWD9C56AP363270,,P363270,"MSRP,ZCW,ZPP.3,2MT.1,223,302,322,507,609,6FL,655,752",,,"Nov 25, 2009",,,,,,,,,,,
300 - Alpine White,,NCH3 - Beige Novillo Leather,,WBSWD9C58AP363271,,P363271,"MSRP,ZPP.3,ZTP,2MT.1,494,6FL,653,752",,,"Nov 25, 2009",,,,,,,,,,,
668 - Jet Black,,NCSW - Black Novillo Leather,,WBSWD9C5XAP363272,,P363272,"MSRP,ZPP.3,2MT.1,223,322,494,609,6FL,655,752",,,"Nov 25, 2009",,,,,,,,,,,
668 - Jet Black,,NCSW - Black Novillo Leather,,WBSWD9C51AP363273,,P363273,"MSRP,ZPP.3,ZTP,2MK,2MT.1,494,6FL,653,655,752",,,"Nov 25, 2009",,,,,,,,,,,
668 - Jet Black,,NCSW - Black Novillo Leather,,WBSWD9C53AP363274,,P363274,"MSRP,ZPP.3,ZTP,2MK,2MT.1,494,6FL,653,655,752",,,11-25-2009,,,,,,,,,,,
A73 - Jerez Black Metallic,,NCSW - Black Novillo Leather,,WBSWD9C55AP363275,,P363275,"MSRP,ZCW,ZPP.3,ZTP,2MK,2MT.1,302,403,6FL,653,655",,,"Nov 26, 2009",$550.00,,,,,,,,,,
A73 - Jerez Black Metallic,,NDH3 - Beige Novillo Extended Leather,,WBSWD9C57AP363276,,P363276,"MSRP,ZPP.3,ZTP,2MK,2MT.1,302,403,494,6FL,6NF,653,655,752",,,"Nov 26, 2009",550/1100,,,,,,,,,,
A73 - Jerez Black Metallic,,NDH3 - Beige Novillo Extended Leather,,WBSWD9C59AP363277,,P363277,"MSRP,ZPP.3,ZTP,2MK,403,6FL,653,655,752",,,"Nov 26, 2009",550/1100,,,,,,,,,,
A73 - Jerez Black Metallic,,NCSW - Black Novillo Leather,,WBSWD9C50AP363278,,P363278,"MSRP,ZPP.3,ZTP,2MK,2MT.1,302,403,494,5AC,6FL,6NF,653,655,752",,,"Nov 26, 2009",$550.00,,,,,,,,,,
A73 - Jerez Black Metallic,,NCSW - Black Novillo Leather,,WBSWD9C52AP363279,,P363279,"MSRP,ZPP.3,ZTP,2MK,2MT.1,302,403,6FL,6NF,653,655,752",,,"Nov 26, 2009",$550.00,,,,,,,,,,
A30 - Interlagos Blue Metallic,,NDSW - Black Extended Novillo Leather,,WBSWD9C59AP363280,,P363280,"MSRP,ZCW,ZPP.2,ZTP,2MK,2MT.1,302,403,415,507,6FL,653,752,863",,,"Nov 30, 2009",550/1100,,,,,,,,,,
A29 - Silverstone Metallic II,,NCSW - Black Novillo Leather,,WBSWD9C50AP363281,,P363281,"MSRP,ZCW,ZPP.3,2MK,2MT.1,302,322,507,5AC,609,6FL,6NF,653,655,752",,,11-30-2009,$550.00,,,,,,,,,,
A30 - Interlagos Blue Metallic,,NCSW - Black Novillo Leather,,WBSWD9C52AP363282,,P363282,"MSRP,ZCW,ZPP.3,ZTP,2MK,2MT.1,302,507,6FL,653,752",,,"Nov 27, 2009",$550.00,,,,,,,,,,
A29 - Silverstone Metallic II,,NCSW - Black Novillo Leather,,WBSWD9C54AP363283,,P363283,"MSRP,ZPP.3,ZTP,2MK,2MT.1,403,494,6FL,653",,,"Nov 30, 2009",$550.00,,,,,,,,,,
300 - Alpine White,,NCSW - Black Novillo Leather,,WBSWD9C56AP363284,,P363284,"MSRP,ZPP.3,ZTP,2MK,2MT.1,494,6FL,653",,,"Nov 30, 2009",,,,,,,,,,,
A52 - Space Gray Metallic,,NCSW - Black Novillo Leather,,WBSWD9C58AP363285,,P363285,"MSRP,ZPP.3,2MK,223,507,6FL",,,"Nov 27, 2009",$550.00,,,,,,,,,,
A52 - Space Gray Metallic,,GEAT - Anthracite/Black Cloth & Leather,,WBSWD9C5XAP363286,,P363286,"MSRP,2MT.1,223,322,494,609,639,6FL,655,771",,,"Nov 27, 2009",$550.00,,,,,,,,,,
300 - Alpine White,,NCSW - Black Novillo Leather,,WBSWD9C51AP363287,,P363287,"MSRP,ZPP.3,2MK,2MT.1,6FL,655",,,"Nov 27, 2009",,,,,,,,,,,
300 - Alpine White,,NCSW - Black Novillo Leather,,WBSWD9C53AP363288,,P363288,"MSRP,ZPP.3,ZTP,2MK,2MT.1,302,403,494,6FL,653,752",,,"Nov 27, 2009",,,,,,,,,,,
668 - Jet Black,,NCH3 - Beige Novillo Leather,,WBSWD9C55AP363289,,P363289,"MSRP,ZPP.3,ZTP,2MK,2MT.1,403,6FL,653,655",,,"Nov 27, 2009",,,,,,,,,,,
300 - Alpine White,,NCH2 - Fox Red Novillo Leather,,WBSWD9C51AP363290,,P363290,"MSRP,ZPP.3,ZTP,2MK,2MT.1,494,6FL,653,655,752",,,11-27-2009,,,,,,,,,,,
A30 - Interlagos Blue Metallic,,NCH1 - Silver Novillo Leather,,WBSWD9C53AP363291,,P363291,"MSRP,ZCW,ZPP.3,ZTP,2MT.1,302,403,507,6FL,653,655,752",,,"Nov 27, 2009",$550.00,,,,,,,,,,
300 - Alpine White,,NCSW - Black Novillo Leather,,WBSWD9C55AP363292,,P363292,"MSRP,ZPP.3,ZTP,2MK,2MT.1,6FL,653,655",,,"Nov 30, 2009",,,,,,,,,,,
A30 - Interlagos Blue Metallic,,NCSW - Black Novillo Leather,,WBSWD9C57AP363293,,P363293,"MSRP,ZPP.3,2MK,2MT.1,223,302,322,403,494,609,6FL,6NF,655,752",,,11-27-2009,$550.00,,,,,,,,,,
A30 - Interlagos Blue Metallic,,NCH3 - Beige Novillo Leather,,WBSWD9C59AP363294,,P363294,"MSRP,ZCW,ZPP.3,ZTP,2MT.1,415,6FL,6NF,653,655,752",,,11-27-2009,550,,,,,,,,,,
300 - Alpine White,,NCSW - Black Novillo Leather,,WBSWD9C50AP363295,,P363295,"MSRP,ZPP.1,ZTP,2MT.1,494,6FL,653,655,752",,,"Nov 27, 2009",,,,,,,,,,,
A29 - Silverstone Metallic II,,NCH1 - Silver Novillo Leather,,WBSWD9C52AP363296,,P363296,"MSRP,ZPP.2,ZTP,2MK,302,494,6FL,653,655,752",,,"Nov 27, 2009",550,,,,,,,,,,
A52 - Space Gray Metallic,,NCSW - Black Novillo Leather,,WBSWD9C54AP363297,,P363297,"MSRP,ZPP.3,ZTP,2MK,2MT.1,494,507,6FL,6NF,653,655,752",,,"Nov 27, 2009",550,,,,,,,,,,
300 - Alpine White,,NCSW - Black Novillo Leather,,WBSWD9C56AP363298,,P363298,"MSRP,ZPP.3,ZTP,2MK,2MT.1,494,507,6FL,653,655,752",,,"Nov 27, 2009",,,,,,,,,,,
A52 - Space Gray Metallic,,NCSW - Black Novillo Leather,,WBSWD9C58AP363299,,P363299,"MSRP,ZPP.3,ZTP,2MK,2MT.1,653,655",,,"Nov 27, 2009",550,,,,,,,,,,
668 - Jet Black,,NCH3 - Beige Novillo Leather,,WBSWD9C50AP363300,,P363300,"MSRP,ZCW,ZPP.3,ZTP,2MK,2MT.1,302,403,6FL,653,655,752",,,"Nov 27, 2009",,,,,,,,,,,
300 - Alpine White,,NDH3 - Beige Novillo Extended Leather,,WBSWD9C52AP363301,,P363301,"MSRP,ZCW,ZPP.2,ZTP,2MK,2MT.1,302,403,507,6FL,6NF,653,655,752",,,"Nov 30, 2009",1100,,,,,,,,,,
300 - Alpine White,,NCSW - Black Novillo Leather,,WBSWD9C54AP363302,,P363302,"MSRP,ZCW,ZPP.3,ZTP,2MK,2MT.1,6FL,653,655,752",,,"Nov 27, 2009",,,,,,,,,,,
300 - Alpine White,,NCSW - Black Novillo Leather,,WBSWD9C56AP363303,,P363303,"MSRP,ZPP.2,ZTP,2MK,2MT.1,494,6FL,653,655,752",,,"Nov 27, 2009",,,,,,,,,,,
A52 - Space Gray Metallic,,NCSW - Black Novillo Leather,,WBSWD9C58AP363304,,P363304,"MSRP,ZPP.1,ZTP,2MK,494,6FL,6NF,653,655",,,"Nov 27, 2009",550,,,,,,,,,,
300 - Alpine White,,NCSW - Black Novillo Leather,,WBSWD9C5XAP363305,,P363305,"MSRP,ZPP.3,ZTP,2MK,2MT.1,494,6FL,653,655,752",,,"Nov 27, 2009",,,,,,,,,,,
300 - Alpine White,,NCSW - Black Novillo Leather,,WBSWD9C51AP363306,,P363306,"MSRP,ZCW,ZPP.3,ZTP,2MK,2MT.1,6FL,653,655,752",,,"Nov 27, 2009",,,,,,,,,,,
A52 - Space Gray Metallic,,NCH1 - Silver Novillo Leather,,WBSWD9C53AP363307,,P363307,"MSRP,ZPP.3,ZTP,2MK,2MT.1,302,494,6FL,653,655",,,"Nov 26, 2009",550,,,,,,,,,,
A29 - Silverstone Metallic II,,NCSW - Black Novillo Leather,,WBSWD9C55AP363308,,P363308,"MSRP,ZCW,ZPP.3,ZTP,2MT.1,302,403,6FL,653,655",,,"Nov 26, 2009",550,,,,,,,,,,
A29 - Silverstone Metallic II,,NCSW - Black Novillo Leather,,WBSWD9C57AP363309,,P363309,"MSRP,ZPP.1,ZTP,2MK,2MT.1,302,507,6FL,6NF,653,655,752",,,11-26-2009,550,,,,,,,,,,
A29 - Silverstone Metallic II,,NCSW - Black Novillo Leather,,WBSWD9C53AP363310,,P363310,"MSRP,ZPP.3,ZTP,2MK,2MT.1,302,6FL,653,655,752",,,"Nov 26, 2009",550,,,,,,,,,,
A29 - Silverstone Metallic II,,NCSW - Black Novillo Leather,,WBSWD9C55AP363311,,P363311,"MSRP,ZPP.3,ZTP,2MK,2MT.1,302,494,6FL,6NF,653,655,752",,,"Nov 26, 2009",550,,,,,,,,,,
A52 - Space Gray Metallic,,NCSW - Black Novillo Leather,,WBSWD9C57AP363312,,P363312,"MSRP,ZCW,ZPP.2,ZTP,2MK,2MT.1,302,403,415,507,6FL,6NF,653,655,752",,,11-26-2009,550,,,,,,,,,,
A29 - Silverstone Metallic II,,NCSW - Black Novillo Leather,,WBSWD9C59AP363313,,P363313,"MSRP,ZPP.3,ZTP,2MK,2MT.1,507,6FL,653,655",,,"Nov 26, 2009",550,,,,,,,,,,
A52 - Space Gray Metallic,,NCSW - Black Novillo Leather,,WBSWD9C50AP363314,,P363314,"MSRP,ZCW,ZPP.3,ZTP,2MK,2MT.1,302,403,415,6FL,653,655",,,"Nov 26, 2009",550,,,,,,,,,,
A29 - Silverstone Metallic II,,NCSW - Black Novillo Leather,,WBSWD9C52AP363315,,P363315,"MSRP,ZPP.3,ZTP,2MK,2MT.1,302,494,507,6FL,6NF,653,655,752",,,"Nov 26, 2009",550,,,,,,,,,,
A29 - Silverstone Metallic II,,NCSW - Black Novillo Leather,,WBSWD9C54AP363316,,P363316,"MSRP,ZPP.3,ZTP,2MK,2MT.1,494,6FL,653,655,752",,,"Nov 26, 2009",550,,,,,,,,,,
300 - Alpine White,,NDH2 - Fox Red Extended Leather,,WBSWD9C56AP363317,,P363317,"MSRP,ZPP.3,ZTP,2MK,2MT.1,302,494,507,6FL,653,655",,,"Nov 26, 2009",1100,,,,,,,,,,
A52 - Space Gray Metallic,,NCSW - Black Novillo Leather,,WBSWD9C58AP363318,,P363318,"MSRP,ZCW,ZPP.2,ZTP,2MK,2MT.1,302,403,415,507,6FL,6NF,653,655,752",,,"Nov 26, 2009",550,,,,,,,,,,
300 - Alpine White,,NCH2 - Fox Red Novillo Leather,,WBSWD9C5XAP363319,,P363319,"MSRP,ZPP.1,ZTP,2MK,2MT.1,302,494,507,6FL,653,655,752",,,"Nov 26, 2009",,,,,,,,,,,
300 - Alpine White,,NCH2 - Fox Red Novillo Leather,,WBSWD9C56AP363320,,P363320,"MSRP,ZPP.2,ZTP,2MK,2MT.1,302,494,507,6FL,653",,,"Nov 26, 2009",,,,,,,,,,,
A52 - Space Gray Metallic,,NCSW - Black Novillo Leather,,WBSWD9C58AP363321,,P363321,"MSRP,ZCW,ZPP.3,ZTP,2MK,2MT.1,302,403,507,6FL,653,655,752",,,"Nov 27, 2009",550,,,,,,,,,,
300 - Alpine White,,NCSW - Black Novillo Leather,,WBSWD9C5XAP363322,,P363322,"MSRP,ZPP.3,ZTP,2MK,2MT.1,302,494,6FL,653,655",,,"Nov 27, 2009",,,,,,,,,,,
A52 - Space Gray Metallic,,NCH1 - Silver Novillo Leather,,WBSWD9C51AP363323,,P363323,"MSRP,ZPP.3,ZTP,494,6FL,653,655",,,"Nov 27, 2009",550,,,,,,,,,,
A52 - Space Gray Metallic,,NCH1 - Silver Novillo Leather,,WBSWD9C53AP363324,,P363324,"MSRP,ZPP.2,ZTP,2MK,2MT.1,6FL,6NF,653,655",,,"Nov 27, 2009",550,,,,,,,,,,
A52 - Space Gray Metallic,,NCSW - Black Novillo Leather,,WBSWD9C55AP363325,,P363325,"MSRP,ZPP.3,2MT.1,223,322,494,507,609,6FL,655",,,"Nov 27, 2009",550,,,,,,,,,,
A52 - Space Gray Metallic,,NCSW - Black Novillo Leather,,WBSWD9C57AP363326,,P363326,"MSRP,ZPP.3,ZTP,2MT.1,302,494,6FL,653,655",,,"Nov 27, 2009",550,,,,,,,,,,
A73 - Jerez Black Metallic,,NCSW - Black Novillo Leather,,WBSWD9C59AP363327,,P363327,"MSRP,ZPP.1,ZTP,2MK,2MT.1,403,6FL,653,655",,,"Nov 27, 2009",550,,,,,,,,,,
300 - Alpine White,,NCSW - Black Novillo Leather,,WBSWD9C50AP363328,,P363328,"MSRP,ZPP.3,ZTP,2MK,2MT.1,6FL,653",,,"Nov 27, 2009",,,,,,,,,,,
300 - Alpine White,,NCSW - Black Novillo Leather,,WBSWD9C52AP363329,,P363329,"MSRP,ZCW,ZPP.3,ZTP,2MK,2MT.1,302,403,6FL,653,655",,,"Nov 30, 2009",,,,,,,,,,,
300 - Alpine White,,NCH2 - Fox Red Novillo Leather,,WBSWD9C59AP363330,,P363330,"MSRP,ZPP.3,ZTP,2MK,2MT.1,494,507,5AC,6FL,6NF,653,655,752",,,"Nov 30, 2009",,,,,,,,,,,
668 - Jet Black,,NCSW - Black Novillo Leather,,WBSWD9C50AP363331,,P363331,"MSRP,ZCW,ZPP.2,2MK,2MT.1,223,302,322,403,415,609,6FL,6NF,655,752",,,"Nov 30, 2009",,,,,,,,,,,
668 - Jet Black,,NDH2 - Fox Red Extended Leather,,WBSWD9C52AP363332,,P363332,"MSRP,ZPP.2,2MT.1,223,322,403,609,6FL,752",,,"Nov 30, 2009",1100,,,,,,,,,,
A73 - Jerez Black Metallic,,NCSW - Black Novillo Leather,,WBSWD9C54AP363333,,P363333,"MSRP,ZPP.3,ZTP,2MK,2MT.1,494,507,6FL,6NF,653,752",,,"Nov 30, 2009",550,,,,,,,,,,
668 - Jet Black,,NCSW - Black Novillo Leather,,WBSWD9C56AP363334,,P363334,"MSRP,ZPP.1,ZTP,2MK,2MT.1,302,403,494,507,6FL,6NF,653,655,752",,,"Nov 30, 2009",,,,,,,,,,,
A73 - Jerez Black Metallic,,NCSW - Black Novillo Leather,,WBSWD9C58AP363335,,P363335,"MSRP,ZPP.3,ZTP,2MK,2MT.1,403,494,6FL,653,655",,,"Nov 30, 2009",550,,,,,,,,,,
A73 - Jerez Black Metallic,,NDH3 - Beige Novillo Extended Leather,,WBSWD9C5XAP363336,,P363336,"MSRP,ZCW,ZPP.3,ZTP,2MK,2MT.1,302,403,6FL,653,655,752",,,"Dec 1, 2009",550/1100,,,,,,,,,,
A73 - Jerez Black Metallic,,NDH2 - Fox Red Extended Leather,,WBSWD9C51AP363337,,P363337,"MSRP,ZPP.3,ZTP,2MK,2MT.1,403,415,507,6FL,653,655,752",,,"Dec 1, 2009",550/1100,,,,,,,,,,
300 - Alpine White,,NCSW - Black Novillo Leather,,WBSWD9C53AP363338,,P363338,"MSRP,ZPP.3,ZTP,2MK,2MT.1,494,6FL,6NF,653,655,752",,,"Dec 1, 2009",,,,,,,,,,,
300 - Alpine White,,NCH2 - Fox Red Novillo Leather,,WBSWD9C55AP363339,,P363339,"MSRP,ZPP.3,ZTP,2MK,2MT.1,302,507,6FL,653,655,752",,,"Dec 1, 2009",,,,,,,,,,,
300 - Alpine White,,NCSW - Black Novillo Leather,,WBSWD9C51AP363340,,P363340,"MSRP,2MT.1,223,322,494,507,609,6FL,752,771",,,"Dec 1, 2009",950,,,,,,,,,,
A52 - Space Gray Metallic,,NCSW - Black Novillo Leather,,WBSWD9C53AP363341,,P363341,"MSRP,ZCW,ZPP.3,ZTP,2MK,507,6FL,653,655",,,"Dec 1, 2009",550,,,,,,,,,,
300 - Alpine White,,NCSW - Black Novillo Leather,,WBSWD9C55AP363342,,P363342,"MSRP,302,415,494,771",,,"Dec 2, 2009",950,,,,,,,,,,
300 - Alpine White,,NCH1 - Silver Novillo Leather,,WBSWD9C57AP363343,,P363343,"MSRP,ZCW,223,322,4MX,507,609,6FL,655,752",,,"Dec 2, 2009",950,,,,,,,,,,
A29 - Silverstone Metallic II,,NDH3 - Beige Novillo Extended Leather,,WBSWD9C59AP363344,,P363344,"MSRP,ZPP.2,ZTP,2MK,2MT.1,302,494,507,6FL,653,655,752",,,"Dec 3, 2009",550/1100,,,,,,,,,,
A73 - Jerez Black Metallic,,NCSW - Black Novillo Leather,,WBSWD9C50AP363345,,P363345,"MSRP,ZCW,ZPP.1,ZTP,2MK,403,6FL,653",,,"Dec 3, 2009",550,,,,,,,,,,
A73 - Jerez Black Metallic,,NCH1 - Silver Novillo Leather,,WBSWD9C52AP363346,,P363346,"MSRP,ZCW,ZPP.3,223,302,322,403,6FL,655,752",,,"Dec 3, 2009",550,,,,,,,,,,
300 - Alpine White,,NCSW - Black Novillo Leather,,WBSWD9C54AP363347,,P363347,"MSRP,ZPP.3,223,302,322,494,609,6FL,6NF",,,"Dec 3, 2009",,,,,,,,,,,
A52 - Space Gray Metallic,,NCSW - Black Novillo Leather,,WBSWD9C56AP363348,,P363348,"MSRP,ZCW,ZPP.3,ZTP,403,6FL,6NF,653,655,752",,,"Dec 3, 2009",550,,,,,,,,,,
300 - Alpine White,,NCSW - Black Novillo Leather,,WBSWD9C58AP363349,,P363349,"MSRP,2MT.1,507,639,771",,,"Dec 4, 2009",950,,,,,,,,,,
A75 - Melbourne Red Metallic,,NCH3 - Beige Novillo Leather,,WBSWD9C54AP363350,,P363350,"MSRP,ZCW,ZPP.3,ZTP,2MK,2MT.1,403,415,5AC,6FL,6NF,653,655",,,"Dec 4, 2009",550,,,,,,,,,,
300 - Alpine White,,NDSW - Black Extended Novillo Leather,,WBSWD9C56AP363351,,P363351,"MSRP,ZCW,ZPP.3,ZTP,2MK,2MT.1,302,403,507,6FL,6NF,653,655,752",,,"Dec 4, 2009",1100,,,,,,,,,,
300 - Alpine White,,NDSW - Black Extended Novillo Leather,,WBSWD9C58AP363352,,P363352,"MSRP,ZCW,ZPP.3,ZTP,2MK,2MT.1,6FL,653,655,752",,,"Dec 4, 2009",1100,,,,,,,,,,
A73 - Jerez Black Metallic,,NCSW - Black Novillo Leather,,WBSWD9C5XAP363353,,P363353,"MSRP,ZCW,ZPP.3,ZTP,2MT.1,302,507,6FL,653,655,752",,,"Dec 4, 2009",550,,,,,,,,,,
A73 - Jerez Black Metallic,,NCSW - Black Novillo Leather,,WBSWD9C51AP363354,,P363354,"MSRP,ZPP.1,ZTP,2MK,2MT.1,415,507,6FL,653,752",,,"Dec 4, 2009",550,,,,,,,,,,
A73 - Jerez Black Metallic,,NDSW - Black Extended Novillo Leather,,WBSWD9C53AP363355,,P363355,"MSRP,ZCW,ZPP.3,ZTP,2MK,2MT.1,415,6FL,6NF,653,752",,,"Dec 4, 2009",550/1100,,,,,,,,,,
668 - Jet Black,,NDH2 - Fox Red Extended Leather,,WBSWD9C55AP363356,,P363356,"MSRP,ZPP.3,ZTP,2MK,2MT.1,302,494,507,6FL,6NF,653,655,752",,,"Dec 7, 2009",1100,,,,,,,,,,
300 - Alpine White,,NCSW - Black Novillo Leather,,WBSWD9C57AP363357,,P363357,"MSRP,ZPP.1,ZTP,2MK,2MT.1,494,6FL,653,655,752",,,"Dec 7, 2009",,,,,,,,,,,
A52 - Space Gray Metallic,,NCH2 - Fox Red Novillo Leather,,WBSWD9C59AP363358,,P363358,"MSRP,ZCW,ZPP.3,ZTP,2MT.1,507,6FL,653,655,752",,,"Dec 7, 2009",550,,,,,,,,,,
A52 - Space Gray Metallic,,NCSW - Black Novillo Leather,,WBSWD9C50AP363359,,P363359,"MSRP,ZPP.3,ZTP,2MK,2MT.1,302,494,6FL,6NF,653,655,752",,,"Dec 7, 2009",550,,,,,,,,,,
A52 - Space Gray Metallic,,NCH1 - Silver Novillo Leather,,WBSWD9C57AP363360,,P363360,"MSRP,ZPP.1,ZTP,2MK,2MT.1,494,507,6FL,653,655,752",,,"Dec 7, 2009",550,,,,,,,,,,
A52 - Space Gray Metallic,,NCSW - Black Novillo Leather,,WBSWD9C59AP363361,,P363361,"MSRP,ZPP.3,ZTP,2MK,302,494,6FL,653,752",,,"Dec 8, 2009",550,,,,,,,,,,
A29 - Silverstone Metallic II,,NDH2 - Fox Red Extended Leather,,WBSWD9C50AP363362,,P363362,"MSRP,ZPP.3,2MT.1,223,302,322,494,507,609,6FL,6NF",,,"Dec 8, 2009",550/1100,,,,,,,,,,
300 - Alpine White,,NDH1 - Silver Novillo Extended Leather,,WBSWD9C52AP363363,,P363363,"MSRP,ZTP,2MK,2MT.1,302,4MY,6FL,653,655",,,"Dec 9, 2009",2000,,,,,,,,,,
A52 - Space Gray Metallic,,NDSW - Black Extended Novillo Leather,,WBSWD9C54AP363364,,P363364,"MSRP,ZCW,ZPP.3,ZTP,302,403,415,507,6FL,653,655,752",,,"Dec 9, 2009",550/1100,,,,,,,,,,
A52 - Space Gray Metallic,,NCH2 - Fox Red Novillo Leather,,WBSWD9C56AP363365,,P363365,"MSRP,ZCW,ZPP.1,ZTP,2MK,403,6FL,6NF,653,752",,,"Dec 9, 2009",550,,,,,,,,,,
300 - Alpine White,,NDH3 - Beige Novillo Extended Leather,,WBSWD9C58AP363366,,P363366,"MSRP,ZPP.1,ZTP,2MK,2MT.1,403,494,5AC,6FL,653,655",,,"Dec 9, 2009",1100,,,,,,,,,,
A52 - Space Gray Metallic,,GEAT - Anthracite/Black Cloth & Leather,,WBSWD9C5XAP363367,,P363367,"MSRP,2MT.1,403,771",,,"Dec 9, 2009",550,,,,,,,,,,
668 - Jet Black,,NCSW - Black Novillo Leather,,WBSWD9C51AP363368,,P363368,"MSRP,ZCW,ZPP.3,2MK,2MT.1,302,322,415,507,609,6FL,653,655,752",,,"Dec 10, 2009",,,,,,,,,,,
A52 - Space Gray Metallic,,NCSW - Black Novillo Leather,,WBSWD9C53AP363369,,P363369,"MSRP,ZCW,ZPP.1,ZTP,302,507,6FL,653,655,752",,,"Dec 10, 2009",550,,,,,,,,,,
A52 - Space Gray Metallic,,NCSW - Black Novillo Leather,,WBSWD9C5XAP363370,,P363370,"MSRP,ZCW,ZPP.3,302,322,507,6FL",,,"Dec 10, 2009",550,,,,,,,,,,
A73 - Jerez Black Metallic,,NCH2 - Fox Red Novillo Leather,,WBSWD9C51AP363371,,P363371,"MSRP,ZPP.3,ZTP,2MK,2MT.1,302,507,6FL,653",,,"Dec 10, 2009",550,,,,,,,,,,
A52 - Space Gray Metallic,,NCH2 - Fox Red Novillo Leather,,WBSWD9C53AP363372,,P363372,"MSRP,ZCW,ZPP.1,2MK,302,322,403,609,6FL,653,655,752",,,"Dec 10, 2009",550,,,,,,,,,,
300 - Alpine White,,NDH2 - Fox Red Extended Leather,,WBSWD9C55AP363373,,P363373,"MSRP,ZPP.3,ZTP,2MK,2MT.1,302,6FL,653,655",,,"Dec 10, 2009",1100,,,,,,,,,,
A29 - Silverstone Metallic II,,NCH1 - Silver Novillo Leather,,WBSWD9C57AP363374,,P363374,"MSRP,ZTP,302,403,4MY,507,6FL,653,752",,,"Dec 10, 2009",550/950,,,,,,,,,,
668 - Jet Black,,NDH2 - Fox Red Extended Leather,,WBSWD9C59AP363375,,P363375,"MSRP,ZPP.3,ZTP,2MK,2MT.1,403,415,494,507,6FL,6NF,653,655,752",,,"Dec 10, 2009",1100,,,,,,,,,,
300 - Alpine White,,NCSW - Black Novillo Leather,,WBSWD9C50AP363376,,P363376,"MSRP,ZCW,ZPP.3,ZTP,2MK,2MT.1,302,403,507,5AC,6FL,653,655,752",,,"Dec 10, 2009",,,,,,,,,,,
668 - Jet Black,,NCSW - Black Novillo Leather,,WBSWD9C52AP363377,,P363377,"MSRP,ZPP.3,2MT.1,494,6FL,6NF,655",,,"Dec 11, 2009",,,,,,,,,,,
A52 - Space Gray Metallic,,NCSW - Black Novillo Leather,,WBSWD9C54AP363378,,P363378,"MSRP,ZPP.3,ZTP,2MK,2MT.1,6FL,653,655,752",,,"Dec 11, 2009",550,,,,,,,,,,
668 - Jet Black,,NCH2 - Fox Red Novillo Leather,,WBSWD9C56AP363379,,P363379,"MSRP,ZCW,ZPP.3,ZTP,2MK,2MT.1,403,5AC,6FL,653,655,752",,,"Dec 11, 2009",,,,,,,,,,,
A73 - Jerez Black Metallic,,NCSW - Black Novillo Leather,,WBSWD9C52AP363380,,P363380,"MSRP,ZCW,ZPP.3,2MT.1,302,403,507,609,6FL,6NF,653,655",,,"Dec 11, 2009",550,,,,,,,,,,
A73 - Jerez Black Metallic,,NCSW - Black Novillo Leather,,WBSWD9C54AP363381,,P363381,"MSRP,ZCW,ZPP.3,2MT.1,223,302,322,403,609,6FL,655,752",,,"Dec 14, 2009",550,,,,,,,,,,
300 - Alpine White,,NCH2 - Fox Red Novillo Leather,,WBSWD9C56AP363382,,P363382,"MSRP,ZCW,ZPP.3,ZTP,2MK,2MT.1,302,507,6FL,6NF,653,655,752",,,"Dec 14, 2009",,,,,,,,,,,
300 - Alpine White,,NCSW - Black Novillo Leather,,WBSWD9C58AP363383,,P363383,"MSRP,ZCW,ZPP.3,ZTP,2MK,2MT.1,6FL,6NF,653",,,"Dec 14, 2009",,,,,,,,,,,
300 - Alpine White,,NCSW - Black Novillo Leather,,WBSWD9C5XAP363384,,P363384,"MSRP,ZPP.3,ZTP,2MK,2MT.1,403,507,6FL,6NF,653,655,752",,,"Dec 14, 2009",,,,,,,,,,,
A73 - Jerez Black Metallic,,NCH2 - Fox Red Novillo Leather,,WBSWD9C51AP363385,,P363385,"MSRP,ZCW,ZPP.3,ZTP,2MK,2MT.1,5AC,6FL,653",,,"Dec 14, 2009",550,,,,,,,,,,
A73 - Jerez Black Metallic,,NCSW - Black Novillo Leather,,WBSWD9C53AP363386,,P363386,"MSRP,ZPP.3,2MK,2MT.1,302,322,403,494,507,609,6FL,653,655,752",,,"Dec 14, 2009",550,,,,,,,,,,
300 - Alpine White,,NCH2 - Fox Red Novillo Leather,,WBSWD9C55AP363387,,P363387,"MSRP,ZPP.3,ZTP,2MK,2MT.1,507,6FL,6NF,653,655,752",,,"Dec 14, 2009",,,,,,,,,,,
300 - Alpine White,,NCSW - Black Novillo Leather,,WBSWD9C57AP363388,,P363388,"MSRP,ZPP.3,ZTP,2MK,2MT.1,6FL,6NF,653,655,752",,,"Dec 14, 2009",,,,,,,,,,,
300 - Alpine White,,NCSW - Black Novillo Leather,,WBSWD9C59AP363389,,P363389,"MSRP,ZPP.3,ZTP,2MK,2MT.1,494,507,6FL,6NF,653,655,752",,,"Dec 14, 2009",,,,,,,,,,,
A73 - Jerez Black Metallic,,NCSW - Black Novillo Leather,,WBSWD9C55AP363390,,P363390,"MSRP,ZCW,ZPP.3,ZTP,2MK,2MT.1,6FL,6NF,653,655,752",,,"Dec 14, 2009",550,,,,,,,,,,
668 - Jet Black,,NCSW - Black Novillo Leather,,WBSWD9C57AP363391,,P363391,"MSRP,ZPP.3,ZTP,2MK,2MT.1,494,6FL,653,752",,,"Dec 14, 2009",,,,,,,,,,,
668 - Jet Black,,GEAT - Anthracite/Black Cloth & Leather,,WBSWD9C59AP363392,,P363392,"MSRP,ZPP.3,2MT.1,609,6FL,653,655",,,"Dec 14, 2009",,,,,,,,,,,
300 - Alpine White,,NCSW - Black Novillo Leather,,WBSWD9C50AP363393,,P363393,"MSRP,ZCW,ZPP.3,ZTP,2MK,2MT.1,403,507,6FL,653,655,752",,,"Dec 15, 2009",,,,,,,,,,,
A73 - Jerez Black Metallic,,NCH3 - Beige Novillo Leather,,WBSWD9C52AP363394,,P363394,"MSRP,ZPP.3,ZTP,2MK,2MT.1,403,494,6FL,6NF,653,655",,,"Dec 15, 2009",550,,,,,,,,,,
A73 - Jerez Black Metallic,,NCSW - Black Novillo Leather,,WBSWD9C54AP363395,,P363395,"MSRP,ZCW,ZPP.3,ZTP,2MK,2MT.1,302,403,415,507,5AC,6FL,653,655,752",,,"Dec 15, 2009",550,,,,,,,,,,
A73 - Jerez Black Metallic,,NCH3 - Beige Novillo Leather,,WBSWD9C56AP363396,,P363396,"MSRP,ZPP.1,2MT.1,223,302,322,403,494,507,609,6FL,6NF,655",,,"Dec 15, 2009",550,,,,,,,,,,
668 - Jet Black,,NCH2 - Fox Red Novillo Leather,,WBSWD9C58AP363397,,P363397,"MSRP,ZCW,ZPP.3,ZTP,2MT.1,403,507,6FL,653,655",,,"Dec 15, 2009",,,,,,,,,,,
668 - Jet Black,,NCSW - Black Novillo Leather,,WBSWD9C5XAP363398,,P363398,"MSRP,ZCW,ZPP.3,2MT.1,223,302,322,403,415,507,609,6FL,6NF,655,752",,,"Dec 15, 2009",,,,,,,,,,,
668 - Jet Black,,NCH3 - Beige Novillo Leather,,WBSWD9C51AP363399,,P363399,"MSRP,ZPP.2,2MT.1,223,322,609,6FL,655,752",,,"Dec 16, 2009",,,,,,,,,,,
668 - Jet Black,,NCSW - Black Novillo Leather,,WBSWD9C54AP363400,,P363400,"MSRP,ZCW,ZPP.3,2MK,2MT.1,223,609,6FL,653",,,"Dec 15, 2009",,,,,,,,,,,
A52 - Space Gray Metallic,,NCSW - Black Novillo Leather,,WBSWD9C56AP363401,,P363401,"MSRP,ZPP.1,ZTP,2MK,2MT.1,415,507,6FL,6NF,653,655,752",,,"Dec 16, 2009",550,,,,,,,,,,
A52 - Space Gray Metallic,,NCSW - Black Novillo Leather,,WBSWD9C58AP363402,,P363402,"MSRP,ZPP.3,ZTP,2MK,2MT.1,302,494,6FL,653,655,752",,,"Dec 16, 2009",550,,,,,,,,,,
A52 - Space Gray Metallic,,NCSW - Black Novillo Leather,,WBSWD9C5XAP363403,,P363403,"MSRP,ZPP.2,ZTP,2MK,6FL,653",,,"Dec 16, 2009",550,,,,,,,,,,
300 - Alpine White,,GEAT - Anthracite/Black Cloth & Leather,,WBSWD9C51AP363404,,P363404,"MSRP,ZCW,ZPP.3,ZTP,6FL,653,655",,,"Dec 15, 2009",,,,,,,,,,,
300 - Alpine White,,NCSW - Black Novillo Leather,,WBSWD9C53AP363405,,P363405,"MSRP,ZCW,ZPP.3,ZTP,2MK,2MT.1,302,6FL,653,655,752",,,"Dec 15, 2009",,,,,,,,,,,
300 - Alpine White,,NCSW - Black Novillo Leather,,WBSWD9C55AP363406,,P363406,"MSRP,ZPP.3,2MK,2MT.1,223,302,322,403,507,609,6FL,6NF,655,752",,,"Dec 15, 2009",,,,,,,,,,,
300 - Alpine White,,NCSW - Black Novillo Leather,,WBSWD9C57AP363407,,P363407,"MSRP,ZPP.3,ZTP,2MK,2MT.1,302,403,507,6FL,6NF,653,655,752",,,"Dec 15, 2009",,,,,,,,,,,
300 - Alpine White,,NCH1 - Silver Novillo Leather,,WBSWD9C59AP363408,,P363408,"MSRP,ZPP.1,2MT.1,223,322,403,507,609,6FL,655,752",,,"Dec 15, 2009",,,,,,,,,,,
668 - Jet Black,,NCSW - Black Novillo Leather,,WBSWD9C50AP363409,,P363409,"MSRP,ZCW,ZPP.2,ZTP,2MK,2MT.1,302,403,507,5AC,6FL,6NF,653,655,752",,,"Dec 15, 2009",,,,,,,,,,,
668 - Jet Black,,NCSW - Black Novillo Leather,,WBSWD9C57AP363410,,P363410,"MSRP,ZPP.3,2MT.1,223,302,322,494,609,6FL,655",,,"Dec 15, 2009",,,,,,,,,,,
A52 - Space Gray Metallic,,NCSW - Black Novillo Leather,,WBSWD9C59AP363411,,P363411,"MSRP,ZPP.3,2MK,2MT.1,322,507,609,6FL,653,655,752",,,"Dec 16, 2009",550,,,,,,,,,,
300 - Alpine White,,NCSW - Black Novillo Leather,,WBSWD9C50AP363412,,P363412,"MSRP,ZCW,ZPP.3,ZTP,2MK,2MT.1,302,507,6FL,6NF,653,655,752",,,"Dec 15, 2009",,,,,,,,,,,
A52 - Space Gray Metallic,,NCSW - Black Novillo Leather,,WBSWD9C52AP363413,,P363413,"MSRP,ZCW,ZPP.3,223,302,322,403,5AC,609,6FL",,,"Dec 15, 2009",550,,,,,,,,,,
381 - Le Mans Blue Metallic,,NCSW - Black Novillo Leather,,WBSWD9C54AP363414,,P363414,"MSRP,ZCW,ZPP.3,2MT.1,223,322,403,507,609,6FL,655,752",,,"Dec 16, 2009",550,,,,,,,,,,
A30 - Interlagos Blue Metallic,,NCH1 - Silver Novillo Leather,,WBSWD9C56AP363415,,P363415,"MSRP,ZCW,ZPP.1,ZTP,2MT.1,403,507,6FL,653,655,752",,,"Dec 17, 2009",550,,,,,,,,,,
A75 - Melbourne Red Metallic,,NCH2 - Fox Red Novillo Leather,,WBSWD9C58AP363416,,P363416,"MSRP,ZPP.3,ZTP,2MT.1,507,6FL,653,655",,,"Dec 17, 2009",550,,,,,,,,,,
A75 - Melbourne Red Metallic,,NCSW - Black Novillo Leather,,WBSWD9C5XAP363417,,P363417,"MSRP,ZPP.3,ZTP,2MK,2MT.1,403,494,6FL,6NF,653,655",,,"Dec 17, 2009",550,,,,,,,,,,
A29 - Silverstone Metallic II,,NDH1 - Silver Novillo Extended Leather,,WBSWD9C51AP363418,,P363418,"MSRP,ZCW,ZPP.3,ZTP,2MK,2MT.1,403,6FL,653,655,752",,,"Dec 16, 2009",550/1100,,,,,,,,,,
A75 - Melbourne Red Metallic,,NCSW - Black Novillo Leather,,WBSWD9C53AP363419,,P363419,"MSRP,ZPP.3,ZTP,2MK,2MT.1,403,494,6FL,653,655,752",,,"Dec 16, 2009",550,,,,,,,,,,
A75 - Melbourne Red Metallic,,GEAT - Anthracite/Black Cloth & Leather,,WBSWD9C5XAP363420,,P363420,"MSRP,223,302,494,639,6FL,655,771",,,"Dec 16, 2009",550,,,,,,,,,,
381 - Le Mans Blue Metallic,,NCSW - Black Novillo Leather,,WBSWD9C51AP363421,,P363421,"MSRP,ZCW,ZPP.3,ZTP,2MT.1,403,507,6FL,653,655,752",,,"Dec 17, 2009",550,,,,,,,,,,
A52 - Space Gray Metallic,,GEAT - Anthracite/Black Cloth & Leather,,WBSWD9C53AP363422,,P363422,"MSRP,302,4MY,6FL,863",,,"Dec 18, 2009",550,,,,,,,,,,
A30 - Interlagos Blue Metallic,,NCH1 - Silver Novillo Leather,,WBSWD9C55AP363423,,P363423,"MSRP,ZCW,ZPP.1,ZTP,2MT.1,403,507,6FL,653,655,752",,,"Dec 18, 2009",550,,,,,,,,,,
A29 - Silverstone Metallic II,,NCSW - Black Novillo Leather,,WBSWD9C57AP363424,,P363424,"MSRP,ZPP.3,ZTP,2MK,2MT.1,302,415,494,6FL,653,655,752",,,"Dec 17, 2009",550,,,,,,,,,,
381 - Le Mans Blue Metallic,,NCSW - Black Novillo Leather,,WBSWD9C59AP363425,,P363425,"MSRP,ZPP.3,ZTP,2MK,2MT.1,403,507,6FL,653,655,752",,,"Dec 17, 2009",550,,,,,,,,,,
A52 - Space Gray Metallic,,NCSW - Black Novillo Leather,,WBSWD9C50AP363426,,P363426,"MSRP,ZPP.3,ZTP,2MK,2MT.1,302,403,494,507,6FL,653,655,752",,,"Dec 17, 2009",550,,,,,,,,,,
A52 - Space Gray Metallic,,NCSW - Black Novillo Leather,,WBSWD9C52AP363427,,P363427,"MSRP,ZCW,ZPP.2,ZTP,2MK,2MT.1,302,415,507,5AC,6FL,6NF,653,655,752",,,"Dec 18, 2009",550,,,,,,,,,,
A52 - Space Gray Metallic,,NCSW - Black Novillo Leather,,WBSWD9C54AP363428,,P363428,"MSRP,ZCW,ZPP.2,ZTP,2MK,2MT.1,302,403,415,507,5AC,6FL,6NF,653,655,752",,,"Dec 17, 2009",550,,,,,,,,,,
A73 - Jerez Black Metallic,,NCSW - Black Novillo Leather,,WBSWD9C56AP363429,,P363429,"MSRP,ZPP.1,2MT.1,223,322,403,494,609,655",,,"Dec 21, 2009",550,,,,,,,,,,
A73 - Jerez Black Metallic,,NCSW - Black Novillo Leather,,WBSWD9C52AP363430,,P363430,"MSRP,ZPP.3,ZTP,2MK,302,403,415,494,507,6FL,6NF,653,655,752",,,"Dec 21, 2009",550,,,,,,,,,,
A73 - Jerez Black Metallic,,NCSW - Black Novillo Leather,,WBSWD9C54AP363431,,P363431,"MSRP,ZPP.3,ZTP,2MK,2MT.1,302,403,6FL,6NF,653",,,"Dec 21, 2009",550,,,,,,,,,,
A73 - Jerez Black Metallic,,NCSW - Black Novillo Leather,,WBSWD9C56AP363432,,P363432,"MSRP,ZPP.3,ZTP,2MK,2MT.1,6FL,6NF,653,655",,,"Dec 18, 2009",550,,,,,,,,,,
A75 - Melbourne Red Metallic,,NCSW - Black Novillo Leather,,WBSWD9C58AP363433,,P363433,"MSRP,ZCW,ZPP.3,ZTP,2MK,2MT.1,302,403,6FL,6NF,653,655,752",,,"Dec 22, 2009",550,,,,,,,,,,
300 - Alpine White,,NCSW - Black Novillo Leather,,WBSWD9C5XAP363434,,P363434,"MSRP,ZCW,ZPP.3,ZTP,2MK,2MT.1,302,6FL,6NF,653,655,752",,,"Dec 22, 2009",,,,,,,,,,,
300 - Alpine White,,NCSW - Black Novillo Leather,,WBSWD9C51AP363435,,P363435,"MSRP,ZPP.3,ZTP,2MK,2MT.1,302,494,507,6FL,6NF,653,655,752",,,"Dec 22, 2009",,,,,,,,,,,
300 - Alpine White,,NDH2 - Fox Red Extended Leather,,WBSWD9C53AP363436,,P363436,"MSRP,ZPP.3,ZTP,494,5AC,6FL,6NF,653,752",,,"Dec 22, 2009",1100,,,,,,,,,,
A73 - Jerez Black Metallic,,GEAT - Anthracite/Black Cloth & Leather,,WBSWD9C55AP363437,,P363437,"MSRP,ZPP.3,ZTP,2MK,302,494,6FL,653,752",,,"Dec 21, 2009",550,,,,,,,,,,
300 - Alpine White,,NCSW - Black Novillo Leather,,WBSWD9C57AP363438,,P363438,"MSRP,ZTP,2MK,2MT.1,494,4MY,507,6FL,6NF,653,655,752",,,"Dec 22, 2009",950,,,,,,,,,,
300 - Alpine White,,NDH2 - Fox Red Extended Leather,,WBSWD9C59AP363439,,P363439,"MSRP,ZCW,ZPP.3,ZTP,2MK,2MT.1,302,415,507,6FL,653,655,752",,,"Dec 22, 2009",1100,,,,,,,,,,
300 - Alpine White,,NCSW - Black Novillo Leather,,WBSWD9C55AP363440,,P363440,"MSRP,ZPP.3,ZTP,2MK,2MT.1,302,494,507,5AC,6FL,653,655,752",,,"Jan 11, 2010",,,,,,,,,,,
300 - Alpine White,,NCSW - Black Novillo Leather,,WBSWD9C57AP363441,,P363441,"MSRP,ZPP.3,ZTP,2MK,2MT.1,6FL,6NF,653",,,"Jan 11, 2010",,,,,,,,,,,
300 - Alpine White,,NCH2 - Fox Red Novillo Leather,,WBSWD9C59AP363442,,P363442,"MSRP,ZCW,ZPP.3,2MK,2MT.1,223,322,609,6FL,6NF,655,752",,,"Jan 11, 2010",,,,,,,,,,,
300 - Alpine White,,NCSW - Black Novillo Leather,,WBSWD9C50AP363443,,P363443,"MSRP,494,507,609,6FL,655",,,"Jan 11, 2010",950,,,,,,,,,,
300 - Alpine White,,NDSW - Black Extended Novillo Leather,,WBSWD9C52AP363444,,P363444,"MSRP,ZPP.1,ZTP,2MT.1,507,6FL,6NF,653,752",,,"Jan 11, 2010",1100,,,,,,,,,,
300 - Alpine White,,NCH2 - Fox Red Novillo Leather,,WBSWD9C54AP363445,,P363445,"MSRP,ZCW,ZPP.3,ZTP,2MK,2MT.1,302,415,507,6FL,6NF,653,655,752",,,"Dec 22, 2009",,,,,,,,,,,
300 - Alpine White,,NDSW - Black Extended Novillo Leather,,WBSWD9C56AP363446,,P363446,"MSRP,ZPP.3,ZTP,2MK,2MT.1,507,6FL,653,752,863",,,"Jan 11, 2010",1100,,,,,,,,,,
A52 - Space Gray Metallic,,NCH1 - Silver Novillo Leather,,WBSWD9C58AP363447,,P363447,"MSRP,ZPP.3,223,302,322,609,6FL,752",,,"Jan 11, 2010",550,,,,,,,,,,
668 - Jet Black,,NCSW - Black Novillo Leather,,WBSWD9C5XAP363448,,P363448,"MSRP,ZPP.3,ZTP,2MK,2MT.1,302,403,494,6FL,653,655",,,"Jan 12, 2010",,,,,,,,,,,
668 - Jet Black,,NCSW - Black Novillo Leather,,WBSWD9C51AP363449,,P363449,"MSRP,ZPP.1,ZTP,2MK,2MT.1,302,403,494,6FL,6NF,653,655,752",,,"Jan 11, 2010",,,,,,,,,,,
668 - Jet Black,,GEAT - Anthracite/Black Cloth & Leather,,WBSWD9C58AP363450,,P363450,"MSRP,ZPP.1,2MT.1,223,322,403,609,6FL,655",,,"Jan 14, 2010",,,,,,,,,,,
668 - Jet Black,,NCSW - Black Novillo Leather,,WBSWD9C5XAP363451,,P363451,"MSRP,ZPP.1,ZTP,2MK,2MT.1,302,403,494,507,6FL,653,655,752",,,"Jan 14, 2010",,,,,,,,,,,
A52 - Space Gray Metallic,,NCH2 - Fox Red Novillo Leather,,WBSWD9C51AP363452,,P363452,"MSRP,ZCW,ZPP.3,ZTP,2MT.1,302,403,507,6FL,6NF,653,655,752",,,"Jan 13, 2010",550,,,,,,,,,,
A52 - Space Gray Metallic,,NCSW - Black Novillo Leather,,WBSWD9C53AP363453,,P363453,"MSRP,ZPP.3,ZTP,2MT.1,302,403,494,6FL,653",,,"Jan 14, 2010",550,,,,,,,,,,
A52 - Space Gray Metallic,,NCSW - Black Novillo Leather,,WBSWD9C55AP363454,,P363454,"MSRP,ZCW,ZPP.3,2MT.1,302,322,415,507,609,6FL,655,752",,,"Jan 14, 2010",550,,,,,,,,,,
A52 - Space Gray Metallic,,NCSW - Black Novillo Leather,,WBSWD9C57AP363455,,P363455,"MSRP,ZCW,ZPP.3,2MT.1,302,322,415,507,609,6FL,653,655,752",,,"Jan 13, 2010",550,,,,,,,,,,
668 - Jet Black,,NCSW - Black Novillo Leather,,WBSWD9C59AP363456,,P363456,"MSRP,ZPP.1,2MK,403,494,609,6FL,6NF,653,655",,,"Jan 15, 2010",,,,,,,,,,,
A73 - Jerez Black Metallic,,NDH2 - Fox Red Extended Leather,,WBSWD9C50AP363457,,P363457,"MSRP,ZPP.3,ZTP,2MK,2MT.1,302,494,6FL,6NF,653,752",,,"Jan 14, 2010",550/1100,,,,,,,,,,
300 - Alpine White,,NDSW - Black Extended Novillo Leather,,WBSWD9C52AP363458,,P363458,"MSRP,ZPP.2,302,494,609,6FL,655",,,"Jan 15, 2010",1100,,,,,,,,,,
A73 - Jerez Black Metallic,,NCH2 - Fox Red Novillo Leather,,WBSWD9C54AP363459,,P363459,"MSRP,4MY,863",,,"Jan 14, 2010",550/950,,,,,,,,,,
300 - Alpine White,,NDSW - Black Extended Novillo Leather,,WBSWD9C50AP363460,,P363460,"MSRP,ZCW,ZPP.1,ZTP,2MK,302,415,507,6FL,653,655,752",,,"Jan 14, 2010",1100,,,,,,,,,,
668 - Jet Black,,NCH2 - Fox Red Novillo Leather,,WBSWD9C52AP363461,,P363461,"MSRP,ZCW,ZPP.1,2MT.1,223,302,322,609,6FL",,,"Jan 18, 2010",,,,,,,,,,,
300 - Alpine White,,NCSW - Black Novillo Leather,,WBSWD9C54AP363462,,P363462,"MSRP,ZCW,ZPP.3,2MT.1,223,302,322,415,507,609,6FL,655,752",,,"Jan 18, 2010",,,,,,,,,,,
300 - Alpine White,,NCSW - Black Novillo Leather,,WBSWD9C56AP363463,,P363463,"MSRP,ZCW,ZPP.1,ZTP,2MK,2MT.1,403,507,6FL,6NF,653,655",,,"Jan 18, 2010",,,,,,,,,,,
300 - Alpine White,,NDSW - Black Extended Novillo Leather,,WBSWD9C58AP363464,,P363464,"MSRP,ZCW,ZPP.3,ZTP,2MK,2MT.1,302,415,507,5AC,6FL,653,655,752",,,"Jan 19, 2010",1100,,,,,,,,,,
300 - Alpine White,,NDH2 - Fox Red Extended Leather,,WBSWD9C5XAP363465,,P363465,"MSRP,ZPP.3,ZTP,2MK,2MT.1,415,494,507,6FL,653,655,752",,,"Jan 19, 2010",1100,,,,,,,,,,
A29 - Silverstone Metallic II,,NCSW - Black Novillo Leather,,WBSWD9C51AP363466,,P363466,"MSRP,ZCW,ZPP.3,ZTP,2MK,2MT.1,302,507,6FL,6NF,653,655,752",,,"Jan 20, 2010",550,,,,,,,,,,
A73 - Jerez Black Metallic,,NCSW - Black Novillo Leather,,WBSWD9C53AP363467,,P363467,"MSRP,ZCW,ZPP.3,302,322,415,507,609,6FL,655,752",,,"Jan 20, 2010",550,,,,,,,,,,
A30 - Interlagos Blue Metallic,,NCSW - Black Novillo Leather,,WBSWD9C55AP363468,,P363468,"MSRP,ZCW,ZPP.1,2MK,2MT.1,302,322,415,507,609,6FL,653,655,752",,,"Jan 20, 2010",550,,,,,,,,,,
A73 - Jerez Black Metallic,,NCH3 - Beige Novillo Leather,,WBSWD9C57AP363469,,P363469,"MSRP,ZCW,ZPP.3,2MT.1,403,6FL",,,"Jan 20, 2010",550,,,,,,,,,,
300 - Alpine White,,NCH2 - Fox Red Novillo Leather,,WBSWD9C53AP363470,,P363470,"MSRP,ZCW,ZPP.3,223,302,322,609,6FL,655,752",,,"Jan 20, 2010",,,,,,,,,,,
300 - Alpine White,,NCH3 - Beige Novillo Leather,,WBSWD9C55AP363471,,P363471,"MSRP,2MK,2MT.1,494,4MZ,6FL,655",,,"Jan 20, 2010",950,,,,,,,,,,
668 - Jet Black,,NCH2 - Fox Red Novillo Leather,,WBSWD9C57AP363472,,P363472,"MSRP,2MK,494,609,639,653,771",,,"Jan 21, 2010",950,,,,,,,,,,
A75 - Melbourne Red Metallic,,NCSW - Black Novillo Leather,,WBSWD9C59AP363473,,P363473,"MSRP,ZCW,ZPP.1,2MT.1,223,302,322,609",,,"Jan 21, 2010",550,,,,,,,,,,
381 - Le Mans Blue Metallic,,NCH2 - Fox Red Novillo Leather,,WBSWD9C50AP363474,,P363474,"MSRP,ZPP.3,ZTP,302,403,507,6FL,653",,,"Jan 21, 2010",550,,,,,,,,,,
300 - Alpine White,,NCH2 - Fox Red Novillo Leather,,WBSWD9C52AP363475,,P363475,"MSRP,ZCW,ZPP.3,ZTP,2MK,2MT.1,302,403,6FL,653,655",,,"Jan 21, 2010",,,,,,,,,,,
300 - Alpine White,,NCSW - Black Novillo Leather,,WBSWD9C54AP363476,,P363476,"MSRP,223,322,415,507,609,639,771",,,"Jan 22, 2010",950,,,,,,,,,,
300 - Alpine White,,NCH2 - Fox Red Novillo Leather,,WBSWD9C56AP363477,,P363477,"MSRP,ZPP.1,ZTP,2MT.1,494,507,6FL,6NF,653,655",,,"Jan 22, 2010",,,,,,,,,,,
300 - Alpine White,,NCH2 - Fox Red Novillo Leather,,WBSWD9C58AP363478,,P363478,"MSRP,ZTP,2MT.1,4MY,6FL,653,752",,,"Jan 22, 2010",950,,,,,,,,,,
381 - Le Mans Blue Metallic,,NDSW - Black Extended Novillo Leather,,WBSWD9C5XAP363479,,P363479,"MSRP,ZPP.3,ZTP,2MK,2MT.1,302,494,507,5AC,6FL,653,752",,,"Jan 22, 2010",550/1100,,,,,,,,,,
668 - Jet Black,,NCH2 - Fox Red Novillo Leather,,WBSWD9C56AP363480,,P363480,"MSRP,ZPP.3,2MK,2MT.1,223,6FL,6NF",,,"Jan 22, 2010",,,,,,,,,,,
A52 - Space Gray Metallic,,NCSW - Black Novillo Leather,,WBSWD9C58AP363481,,P363481,"MSRP,ZPP.3,ZTP,2MT.1,302,403,507,6FL,6NF,653,655",,,"Jan 22, 2010",550,,,,,,,,,,
300 - Alpine White,,GEAT - Anthracite/Black Cloth & Leather,,WBSWD9C5XAP363482,,P363482,"MSRP,2MK,2MT.1,223,4MX,507",,,"Jan 22, 2010",,,,,,,,,,,
668 - Jet Black,,NCSW - Black Novillo Leather,,WBSWD9C51AP363483,,P363483,"MSRP,ZCW,ZPP.3,2MT.1,223,322,609",,,"Jan 25, 2010",,,,,,,,,,,
300 - Alpine White,,NDH3 - Beige Novillo Extended Leather,,WBSWD9C53AP363484,,P363484,"MSRP,ZPP.1,2MT.1,223,302,322,403,609,6FL,6NF,655,752",,,"Jan 25, 2010",1100,,,,,,,,,,
300 - Alpine White,,NCH2 - Fox Red Novillo Leather,,WBSWD9C55AP363485,,P363485,"MSRP,ZCW,ZPP.3,ZTP,2MT.1,302,415,507,5AC,6FL,653,655,752",,,"Jan 25, 2010",,,,,,,,,,,
300 - Alpine White,,NCSW - Black Novillo Leather,,WBSWD9C57AP363486,,P363486,"MSRP,4MY",,,"Jan 25, 2010",950,,,,,,,,,,
A73 - Jerez Black Metallic,,NDSW - Black Extended Novillo Leather,,WBSWD9C59AP363487,,P363487,"MSRP,ZCW,ZPP.3,2MT.1,223,322,507,609,6FL,6NF,655,752",,,"Jan 25, 2010",550/1100,,,,,,,,,,
300 - Alpine White,,NCSW - Black Novillo Leather,,WBSWD9C50AP363488,,P363488,"MSRP,ZCW,ZPP.3,ZTP,2MK,2MT.1,302,507,6FL,6NF,653,655,752",,,"Jan 26, 2010",,,,,,,,,,,
300 - Alpine White,,NDH3 - Beige Novillo Extended Leather,,WBSWD9C52AP363489,,P363489,"MSRP,ZCW,ZPP.3,ZTP,2MK,2MT.1,507,6FL,653",,,"Jan 26, 2010",1100,,,,,,,,,,
300 - Alpine White,,NDH2 - Fox Red Extended Leather,,WBSWD9C59AP363490,,P363490,"MSRP,ZCW,ZPP.2,223,302,322,609,6FL,752",,,"Jan 26, 2010",1100,,,,,,,,,,
A52 - Space Gray Metallic,,NDH2 - Fox Red Extended Leather,,WBSWD9C50AP363491,,P363491,"MSRP,ZCW,ZPP.3,ZTP,2MK,2MT.1,507,5AC,6FL,653,752",,,"Jan 26, 2010",550/1100,,,,,,,,,,
A29 - Silverstone Metallic II,,NCSW - Black Novillo Leather,,WBSWD9C52AP363492,,P363492,"MSRP,ZPP.1,ZTP,302,403,507,653",,,"Jan 26, 2010",550,,,,,,,,,,
A52 - Space Gray Metallic,,NDH2 - Fox Red Extended Leather,,WBSWD9C54AP363493,,P363493,"MSRP,ZCW,ZPP.1,ZTP,2MT.1,507,653,863",,,"Jan 27, 2010",550/1100,,,,,,,,,,
A29 - Silverstone Metallic II,,NCSW - Black Novillo Leather,,WBSWD9C56AP363494,,P363494,"MSRP,ZCW,ZPP.3,ZTP,2MK,2MT.1,302,507,5AC,6FL,653,752",,,"Jan 27, 2010",550,,,,,,,,,,
A29 - Silverstone Metallic II,,NCH1 - Silver Novillo Leather,,WBSWD9C58AP363495,,P363495,"MSRP,ZTP,653,771",,,"Jan 27, 2010",550/950,,,,,,,,,,
A29 - Silverstone Metallic II,,NCH2 - Fox Red Novillo Leather,,WBSWD9C5XAP363496,,P363496,"MSRP,ZTP,2MK,2MT.1,403,494,4MY,507,653,655,752",,,"Jan 27, 2010",550/950,,,,,,,,,,
300 - Alpine White,,GEAT - Anthracite/Black Cloth & Leather,,WBSWD9C51AP363497,,P363497,"MSRP,ZTP,403,6FL,653,771",,,"Jan 28, 2010",,,,,,,,,,,
300 - Alpine White,,NCSW - Black Novillo Leather,,WBSWD9C53AP363498,,P363498,"MSRP,ZPP.1,ZTP,2MK,2MT.1,302,6FL,653,655",,,"Jan 28, 2010",,,,,,,,,,,
A73 - Jerez Black Metallic,,NCSW - Black Novillo Leather,,WBSWD9C55AP363499,,P363499,"MSRP,ZCW,ZPP.3,ZTP,2MK,2MT.1,302,403,415,507,6FL,653,655,752",,,"Jan 28, 2010",550,,,,,,,,,,
381 - Le Mans Blue Metallic,,NCSW - Black Novillo Leather,,WBSWD9C58AP363500,,P363500,"MSRP,2MT.1,302,403,494,4MY,6FL",,,"Jan 29, 2010",550/950,,,,,,,,,,
300 - Alpine White,,NCH2 - Fox Red Novillo Leather,,WBSWD9C5XAP363501,,P363501,"MSRP,ZCW,ZPP.2,2MT.1,223,403",,,"Jan 29, 2010",,,,,,,,,,,
A75 - Melbourne Red Metallic,,NDH2 - Fox Red Extended Leather,,WBSWD9C51AP363502,,P363502,"MSRP,ZPP.3,ZTP,2MK,2MT.1,403,494,507,6FL,6NF,653,655,752",,,"Feb 4, 2010",550/1100,,,,,,,,,,
448 - Ind. Lauguna Seca Blue,,NDH1 - Silver Novillo Extended Leather,,WBSWD9C53AP363503,,P363503,"MSRP,ZCW,ZPP.3,ZTP,2MK,2MT.1,302,403,415,507,6FL,653,655,752",,,"Feb 9, 2010",1100,,CAN,,,,,,,,
337 - Dakar Yellow 2,,GEAT - Anthracite/Black Cloth & Leather,,WBSWD9C55AP363504,,P363504,"MSRP,494,4MX",,,"Feb 22, 2010",,,,,,,,,,,
"314 - Hellrot $5,000",,Z1XX - Unknown Upholstery Code,,WBSWD9C57AP363505,,P363505,"MSRP,ZPP.3,ZTP,2MK,415,494,6FL,653,655",,,"Feb 22, 2010",,,JMK BMW,,,,,,,,
,,,,,,,,,,,,,,,,,,,,,
,,,,,,,,,,,,,,,,,,,,,
,,,,,,,,,,,,,,,,,,,,,
,,,,,,,,,,,,,,,,,,,,,
,,,,,,,,,,,,,,,,,,,,,
,,,,,,,,,,,,,,,,,,,,,
,,,,,,,,,,,,,,,,,,,,,
,,,,,,,,,,,,,,,,,,,,,
,,,,,,,,,,,,,,,,,,,,,
,,,,,,,,,,,,,,,,,,,,,
,,,,,,,,,,,,,,,,,,,,,
,,,,,,,,,,,,,,,,,,,,,
,,,,,,,,,,,,,,,,,,,,,
,,,,,,,,,,,,,,,,,,,,,
,,,,,,,,,,,,,,,,,,,,,
,,,,,,,,,,,,,,,,,,,,,
,,,,,,,,,,,,,,,,,,,,,
,,,,,,,,,,,,,,,,,,,,,
,,,,,,,,,,,,,,,,,,,,,
,,,,,,,,,,,,,,,,,,,,,
,,,,,,,,,,,,,,,,,,,,,
,,,,,,,,,,,,,,,,,,,,,
,,,,,,,,,,,,,,,,,,,,,
,,,,,,,,,,,,,,,,,,,,,
,,,,,,,,,,,,,,,,,,,,,
,,,,,,,,,,,,,,,,,,,,,
,,,,,,,,,,,,,,,,,,,,,
,,,,,,,,,,,,,,,,,,,,,
,,,,,,,,,,,,,,,,,,,,,
,,,,,,,,,,,,,,,,,,,,,
,,,,,,,,,,,,,,,,,,,,,
,,,,,,,,,,,,,,,,,,,,,
,,,,,,,,,,,,,,,,,,,,,
,,,,,,,,,,,,,,,,,,,,,
,,,,,,,,,,,,,,,,,,,,,
,,,,,,,,,,,,,,,,,,,,,
,,,,,,,,,,,,,,,,,,,,,
,,,,,,,,,,,,,,,,,,,,,
,,,,,,,,,,,,,,,,,,,,,
,,,,,,,,,,,,,,,,,,,,,
,,,,,,,,,,,,,,,,,,,,,
,,,,,,,,,,,,,,,,,,,,,
,,,,,,,,,,,,,,,,,,,,,
,,,,,,,,,,,,,,,,,,,,,
,,,,,,,,,,,,,,,,,,,,,
,,,,,,,,,,,,,,,,,,,,,
,,,,,,,,,,,,,,,,,,,,,
,,,,,,,,,,,,,,,,,,,,,
,,,,,,,,,,,,,,,,,,,,,
,,,,,,,,,,,,,,,,,,,,,
,,,,,,,,,,,,,,,,,,,,,
,,,,,,,,,,,,,,,,,,,,,
,,,,,,,,,,,,,,,,,,,,,
,,,,,,,,,,,,,,,,,,,,,
,,,,,,,,,,,,,,,,,,,,,
,,,,,,,,,,,,,,,,,,,,,
,,,,,,,,,,,,,,,,,,,,,
,,,,,,,,,,,,,,,,,,,,,
,,,,,,,,,,,,,,,,,,,,,
,,,,,,,,,,,,,,,,,,,,,
,,,,,,,,,,,,,,,,,,,,,
,,,,,,,,,,,,,,,,,,,,,
,,,,,,,,,,,,,,,,,,,,,
,,,,,,,,,,,,,,,,,,,,,
,,,,,,,,,,,,,,,,,,,,,
,,,,,,,,,,,,,,,,,,,,,
,,,,,,,,,,,,,,,,,,,,,
,,,,,,,,,,,,,,,,,,,,,
,,,,,,,,,,,,,,,,,,,,,
,,,,,,,,,,,,,,,,,,,,,
,,,,,,,,,,,,,,,,,,,,,
,,,,,,,,,,,,,,,,,,,,,
,,,,,,,,,,,,,,,,,,,,,
,,,,,,,,,,,,,,,,,,,,,
,,,,,,,,,,,,,,,,,,,,,
,,,,,,,,,,,,,,,,,,,,,
,,,,,,,,,,,,,,,,,,,,,
,,,,,,,,,,,,,,,,,,,,,
,,,,,,,,,,,,,,,,,,,,,
,,,,,,,,,,,,,,,,,,,,,
,,,,,,,,,,,,,,,,,,,,,
,,,,,,,,,,,,,,,,,,,,,
,,,,,,,,,,,,,,,,,,,,,
,,,,,,,,,,,,,,,,,,,,,
,,,,,,,,,,,,,,,,,,,,,
,,,,,,,,,,,,,,,,,,,,,
,,,,,,,,,,,,,,,,,,,,,
,,,,,,,,,,,,,,,,,,,,,
,,,,,,,,,,,,,,,,,,,,,
,,,,,,,,,,,,,,,,,,,,,
,,,,,,,,,,,,,,,,,,,,,
,,,,,,,,,,,,,,,,,,,,,
,,,,,,,,,,,,,,,,,,,,,
,,,,,,,,,,,,,,,,,,,,,
,,,,,,,,,,,,,,,,,,,,,
,,,,,,,,,,,,,,,,,,,,,
,,,,,,,,,,,,,,,,,,,,,
,,,,,,,,,,,,,,,,,,,,,
,,,,,,,,,,,,,,,,,,,,,
,,,,,,,,,,,,,,,,,,,,,
,,,,,,,,,,,,,,,,,,,,,
,,,,,,,,,,,,,,,,,,,,,
,,,,,,,,,,,,,,,,,,,,,
,,,,,,,,,,,,,,,,,,,,,
,,,,,,,,,,,,,,,,,,,,,
,,,,,,,,,,,,,,,,,,,,,
,,,,,,,,,,,,,,,,,,,,,
,,,,,,,,,,,,,,,,,,,,,
,,,,,,,,,,,,,,,,,,,,,
,,,,,,,,,,,,,,,,,,,,,
,,,,,,,,,,,,,,,,,,,,,
,,,,,,,,,,,,,,,,,,,,,
,,,,,,,,,,,,,,,,,,,,,
,,,,,,,,,,,,,,,,,,,,,
,,,,,,,,,,,,,,,,,,,,,
,,,,,,,,,,,,,,,,,,,,,
,,,,,,,,,,,,,,,,,,,,,
,,,,,,,,,,,,,,,,,,,,,
,,,,,,,,,,,,,,,,,,,,,
,,,,,,,,,,,,,,,,,,,,,
,,,,,,,,,,,,,,,,,,,,,
,,,,,,,,,,,,,,,,,,,,,
,,,,,,,,,,,,,,,,,,,,,
,,,,,,,,,,,,,,,,,,,,,
,,,,,,,,,,,,,,,,,,,,,
,,,,,,,,,,,,,,,,,,,,,
,,,,,,,,,,,,,,,,,,,,,
,,,,,,,,,,,,,,,,,,,,,
,,,,,,,,,,,,,,,,,,,,,
,,,,,,,,,,,,,,,,,,,,,
,,,,,,,,,,,,,,,,,,,,,
,,,,,,,,,,,,,,,,,,,,,
,,,,,,,,,,,,,,,,,,,,,
,,,,,,,,,,,,,,,,,,,,,
,,,,,,,,,,,,,,,,,,,,,
,,,,,,,,,,,,,,,,,,,,,
,,,,,,,,,,,,,,,,,,,,,
,,,,,,,,,,,,,,,,,,,,,
,,,,,,,,,,,,,,,,,,,,,
,,,,,,,,,,,,,,,,,,,,,
,,,,,,,,,,,,,,,,,,,,,
,,,,,,,,,,,,,,,,,,,,,
,,,,,,,,,,,,,,,,,,,,,
,,,,,,,,,,,,,,,,,,,,,
,,,,,,,,,,,,,,,,,,,,,
,,,,,,,,,,,,,,,,,,,,,
,,,,,,,,,,,,,,,,,,,,,
,,,,,,,,,,,,,,,,,,,,,
,,,,,,,,,,,,,,,,,,,,,
,,,,,,,,,,,,,,,,,,,,,
,,,,,,,,,,,,,,,,,,,,,
,,,,,,,,,,,,,,,,,,,,,
,,,,,,,,,,,,,,,,,,,,,
,,,,,,,,,,,,,,,,,,,,,
,,,,,,,,,,,,,,,,,,,,,
,,,,,,,,,,,,,,,,,,,,,
,,,,,,,,,,,,,,,,,,,,,
,,,,,,,,,,,,,,,,,,,,,
,,,,,,,,,,,,,,,,,,,,,
,,,,,,,,,,,,,,,,,,,,,
,,,,,,,,,,,,,,,,,,,,,
,,,,,,,,,,,,,,,,,,,,,
,,,,,,,,,,,,,,,,,,,,,
,,,,,,,,,,,,,,,,,,,,,
,,,,,,,,,,,,,,,,,,,,,
,,,,,,,,,,,,,,,,,,,,,
,,,,,,,,,,,,,,,,,,,,,
,,,,,,,,,,,,,,,,,,,,,
,,,,,,,,,,,,,,,,,,,,,
,,,,,,,,,,,,,,,,,,,,,
,,,,,,,,,,,,,,,,,,,,,
,,,,,,,,,,,,,,,,,,,,,
,,,,,,,,,,,,,,,,,,,,,
,,,,,,,,,,,,,,,,,,,,,
,,,,,,,,,,,,,,,,,,,,,
,,,,,,,,,,,,,,,,,,,,,
,,,,,,,,,,,,,,,,,,,,,
,,,,,,,,,,,,,,,,,,,,,
,,,,,,,,,,,,,,,,,,,,,
,,,,,,,,,,,,,,,,,,,,,
,,,,,,,,,,,,,,,,,,,,,
,,,,,,,,,,,,,,,,,,,,,
,,,,,,,,,,,,,,,,,,,,,
,,,,,,,,,,,,,,,,,,,,,
,,,,,,,,,,,,,,,,,,,,,
,,,,,,,,,,,,,,,,,,,,,
,,,,,,,,,,,,,,,,,,,,,
,,,,,,,,,,,,,,,,,,,,,
,,,,,,,,,,,,,,,,,,,,,
,,,,,,,,,,,,,,,,,,,,,
,,,,,,,,,,,,,,,,,,,,,
,,,,,,,,,,,,,,,,,,,,,
,,,,,,,,,,,,,,,,,,,,,
,,,,,,,,,,,,,,,,,,,,,
,,,,,,,,,,,,,,,,,,,,,
,,,,,,,,,,,,,,,,,,,,,
,,,,,,,,,,,,,,,,,,,,,
,,,,,,,,,,,,,,,,,,,,,
,,,,,,,,,,,,,,,,,,,,,
,,,,,,,,,,,,,,,,,,,,,
,,,,,,,,,,,,,,,,,,,,,
,,,,,,,,,,,,,,,,,,,,,
,,,,,,,,,,,,,,,,,,,,,
,,,,,,,,,,,,,,,,,,,,,
,,,,,,,,,,,,,,,,,,,,,
,,,,,,,,,,,,,,,,,,,,,
,,,,,,,,,,,,,,,,,,,,,
,,,,,,,,,,,,,,,,,,,,,
,,,,,,,,,,,,,,,,,,,,,
,,,,,,,,,,,,,,,,,,,,,
,,,,,,,,,,,,,,,,,,,,,
,,,,,,,,,,,,,,,,,,,,,
,,,,,,,,,,,,,,,,,,,,,
,,,,,,,,,,,,,,,,,,,,,
,,,,,,,,,,,,,,,,,,,,,
,,,,,,,,,,,,,,,,,,,,,
,,,,,,,,,,,,,,,,,,,,,
,,,,,,,,,,,,,,,,,,,,,
,,,,,,,,,,,,,,,,,,,,,
,,,,,,,,,,,,,,,,,,,,,
,,,,,,,,,,,,,,,,,,,,,
,,,,,,,,,,,,,,,,,,,,,
,,,,,,,,,,,,,,,,,,,,,
,,,,,,,,,,,,,,,,,,,,,
,,,,,,,,,,,,,,,,,,,,,
,,,,,,,,,,,,,,,,,,,,,
,,,,,,,,,,,,,,,,,,,,,
,,,,,,,,,,,,,,,,,,,,,
,,,,,,,,,,,,,,,,,,,,,
,,,,,,,,,,,,,,,,,,,,,
,,,,,,,,,,,,,,,,,,,,,
,,,,,,,,,,,,,,,,,,,,,
,,,,,,,,,,,,,,,,,,,,,
,,,,,,,,,,,,,,,,,,,,,
,,,,,,,,,,,,,,,,,,,,,
,,,,,,,,,,,,,,,,,,,,,
,,,,,,,,,,,,,,,,,,,,,
,,,,,,,,,,,,,,,,,,,,,
,,,,,,,,,,,,,,,,,,,,,
,,,,,,,,,,,,,,,,,,,,,
,,,,,,,,,,,,,,,,,,,,,
,,,,,,,,,,,,,,,,,,,,,
,,,,,,,,,,,,,,,,,,,,,
,,,,,,,,,,,,,,,,,,,,,
,,,,,,,,,,,,,,,,,,,,,
,,,,,,,,,,,,,,,,,,,,,
,,,,,,,,,,,,,,,,,,,,,
,,,,,,,,,,,,,,,,,,,,,
,,,,,,,,,,,,,,,,,,,,,
,,,,,,,,,,,,,,,,,,,,,
,,,,,,,,,,,,,,,,,,,,,
,,,,,,,,,,,,,,,,,,,,,
,,,,,,,,,,,,,,,,,,,,,
,,,,,,,,,,,,,,,,,,,,,
,,,,,,,,,,,,,,,,,,,,,
,,,,,,,,,,,,,,,,,,,,,
,,,,,,,,,,,,,,,,,,,,,
,,,,,,,,,,,,,,,,,,,,,
,,,,,,,,,,,,,,,,,,,,,
,,,,,,,,,,,,,,,,,,,,,
,,,,,,,,,,,,,,,,,,,,,
,,,,,,,,,,,,,,,,,,,,,
,,,,,,,,,,,,,,,,,,,,,
,,,,,,,,,,,,,,,,,,,,,
,,,,,,,,,,,,,,,,,,,,,
,,,,,,,,,,,,,,,,,,,,,
,,,,,,,,,,,,,,,,,,,,,
,,,,,,,,,,,,,,,,,,,,,
,,,,,,,,,,,,,,,,,,,,,
,,,,,,,,,,,,,,,,,,,,,
,,,,,,,,,,,,,,,,,,,,,
,,,,,,,,,,,,,,,,,,,,,
,,,,,,,,,,,,,,,,,,,,,
,,,,,,,,,,,,,,,,,,,,,
,,,,,,,,,,,,,,,,,,,,,
,,,,,,,,,,,,,,,,,,,,,
,,,,,,,,,,,,,,,,,,,,,
,,,,,,,,,,,,,,,,,,,,,
,,,,,,,,,,,,,,,,,,,,,
,,,,,,,,,,,,,,,,,,,,,
,,,,,,,,,,,,,,,,,,,,,
,,,,,,,,,,,,,,,,,,,,,
,,,,,,,,,,,,,,,,,,,,,
,,,,,,,,,,,,,,,,,,,,,
,,,,,,,,,,,,,,,,,,,,,
,,,,,,,,,,,,,,,,,,,,,
,,,,,,,,,,,,,,,,,,,,,
,,,,,,,,,,,,,,,,,,,,,
,,,,,,,,,,,,,,,,,,,,,
,,,,,,,,,,,,,,,,,,,,,
,,,,,,,,,,,,,,,,,,,,,
,,,,,,,,,,,,,,,,,,,,,
,,,,,,,,,,,,,,,,,,,,,
,,,,,,,,,,,,,,,,,,,,,
,,,,,,,,,,,,,,,,,,,,,
,,,,,,,,,,,,,,,,,,,,,
,,,,,,,,,,,,,,,,,,,,,
,,,,,,,,,,,,,,,,,,,,,
,,,,,,,,,,,,,,,,,,,,,
,,,,,,,,,,,,,,,,,,,,,
,,,,,,,,,,,,,,,,,,,,,
,,,,,,,,,,,,,,,,,,,,,
,,,,,,,,,,,,,,,,,,,,,
,,,,,,,,,,,,,,,,,,,,,
,,,,,,,,,,,,,,,,,,,,,
,,,,,,,,,,,,,,,,,,,,,
,,,,,,,,,,,,,,,,,,,,,
,,,,,,,,,,,,,,,,,,,,,
,,,,,,,,,,,,,,,,,,,,,
,,,,,,,,,,,,,,,,,,,,,
,,,,,,,,,,,,,,,,,,,,,
,,,,,,,,,,,,,,,,,,,,,
,,,,,,,,,,,,,,,,,,,,,
,,,,,,,,,,,,,,,,,,,,,
,,,,,,,,,,,,,,,,,,,,,
,,,,,,,,,,,,,,,,,,,,,
,,,,,,,,,,,,,,,,,,,,,
,,,,,,,,,,,,,,,,,,,,,
,,,,,,,,,,,,,,,,,,,,,
,,,,,,,,,,,,,,,,,,,,,
,,,,,,,,,,,,,,,,,,,,,
,,,,,,,,,,,,,,,,,,,,,
,,,,,,,,,,,,,,,,,,,,,
,,,,,,,,,,,,,,,,,,,,,
,,,,,,,,,,,,,,,,,,,,,
,,,,,,,,,,,,,,,,,,,,,
,,,,,,,,,,,,,,,,,,,,,
,,,,,,,,,,,,,,,,,,,,,
,,,,,,,,,,,,,,,,,,,,,
,,,,,,,,,,,,,,,,,,,,,
,,,,,,,,,,,,,,,,,,,,,
,,,,,,,,,,,,,,,,,,,,,
,,,,,,,,,,,,,,,,,,,,,
,,,,,,,,,,,,,,,,,,,,,
,,,,,,,,,,,,,,,,,,,,,
,,,,,,,,,,,,,,,,,,,,,
,,,,,,,,,,,,,,,,,,,,,
,,,,,,,,,,,,,,,,,,,,,
,,,,,,,,,,,,,,,,,,,,,
,,,,,,,,,,,,,,,,,,,,,
,,,,,,,,,,,,,,,,,,,,,
,,,,,,,,,,,,,,,,,,,,,
,,,,,,,,,,,,,,,,,,,,,
,,,,,,,,,,,,,,,,,,,,,
,,,,,,,,,,,,,,,,,,,,,
,,,,,,,,,,,,,,,,,,,,,
,,,,,,,,,,,,,,,,,,,,,
,,,,,,,,,,,,,,,,,,,,,
,,,,,,,,,,,,,,,,,,,,,
,,,,,,,,,,,,,,,,,,,,,
,,,,,,,,,,,,,,,,,,,,,
,,,,,,,,,,,,,,,,,,,,,
,,,,,,,,,,,,,,,,,,,,,
,,,,,,,,,,,,,,,,,,,,,
,,,,,,,,,,,,,,,,,,,,,
,,,,,,,,,,,,,,,,,,,,,
,,,,,,,,,,,,,,,,,,,,,
,,,,,,,,,,,,,,,,,,,,,
,,,,,,,,,,,,,,,,,,,,,
,,,,,,,,,,,,,,,,,,,,,
,,,,,,,,,,,,,,,,,,,,,
,,,,,,,,,,,,,,,,,,,,,
,,,,,,,,,,,,,,,,,,,,,
,,,,,,,,,,,,,,,,,,,,,
,,,,,,,,,,,,,,,,,,,,,
,,,,,,,,,,,,,,,,,,,,,
,,,,,,,,,,,,,,,,,,,,,
,,,,,,,,,,,,,,,,,,,,,
,,,,,,,,,,,,,,,,,,,,,
,,,,,,,,,,,,,,,,,,,,,
,,,,,,,,,,,,,,,,,,,,,
,,,,,,,,,,,,,,,,,,,,,
,,,,,,,,,,,,,,,,,,,,,
,,,,,,,,,,,,,,,,,,,,,
,,,,,,,,,,,,,,,,,,,,,
,,,,,,,,,,,,,,,,,,,,,
,,,,,,,,,,,,,,,,,,,,,
,,,,,,,,,,,,,,,,,,,,,
,,,,,,,,,,,,,,,,,,,,,
,,,,,,,,,,,,,,,,,,,,,
,,,,,,,,,,,,,,,,,,,,,
,,,,,,,,,,,,,,,,,,,,,
,,,,,,,,,,,,,,,,,,,,,
,,,,,,,,,,,,,,,,,,,,,
,,,,,,,,,,,,,,,,,,,,,
,,,,,,,,,,,,,,,,,,,,,
,,,,,,,,,,,,,,,,,,,,,
,,,,,,,,,,,,,,,,,,,,,
,,,,,,,,,,,,,,,,,,,,,
,,,,,,,,,,,,,,,,,,,,,
,,,,,,,,,,,,,,,,,,,,,
,,,,,,,,,,,,,,,,,,,,,
,,,,,,,,,,,,,,,,,,,,,
,,,,,,,,,,,,,,,,,,,,,
,,,,,,,,,,,,,,,,,,,,,
,,,,,,,,,,,,,,,,,,,,,
,,,,,,,,,,,,,,,,,,,,,
,,,,,,,,,,,,,,,,,,,,,
,,,,,,,,,,,,,,,,,,,,,
,,,,,,,,,,,,,,,,,,,,,
,,,,,,,,,,,,,,,,,,,,,
,,,,,,,,,,,,,,,,,,,,,
,,,,,,,,,,,,,,,,,,,,,
,,,,,,,,,,,,,,,,,,,,,
,,,,,,,,,,,,,,,,,,,,,
,,,,,,,,,,,,,,,,,,,,,
,,,,,,,,,,,,,,,,,,,,,
,,,,,,,,,,,,,,,,,,,,,
,,,,,,,,,,,,,,,,,,,,,
,,,,,,,,,,,,,,,,,,,,,
,,,,,,,,,,,,,,,,,,,,,
,,,,,,,,,,,,,,,,,,,,,
,,,,,,,,,,,,,,,,,,,,,
,,,,,,,,,,,,,,,,,,,,,
,,,,,,,,,,,,,,,,,,,,,
,,,,,,,,,,,,,,,,,,,,,
,,,,,,,,,,,,,,,,,,,,,
,,,,,,,,,,,,,,,,,,,,,
,,,,,,,,,,,,,,,,,,,,,
,,,,,,,,,,,,,,,,,,,,,
,,,,,,,,,,,,,,,,,,,,,
,,,,,,,,,,,,,,,,,,,,,
,,,,,,,,,,,,,,,,,,,,,
,,,,,,,,,,,,,,,,,,,,,
,,,,,,,,,,,,,,,,,,,,,
,,,,,,,,,,,,,,,,,,,,,
,,,,,,,,,,,,,,,,,,,,,
,,,,,,,,,,,,,,,,,,,,,
,,,,,,,,,,,,,,,,,,,,,
,,,,,,,,,,,,,,,,,,,,,
,,,,,,,,,,,,,,,,,,,,,
,,,,,,,,,,,,,,,,,,,,,
,,,,,,,,,,,,,,,,,,,,,
,,,,,,,,,,,,,,,,,,,,,
,,,,,,,,,,,,,,,,,,,,,
,,,,,,,,,,,,,,,,,,,,,
,,,,,,,,,,,,,,,,,,,,,
,,,,,,,,,,,,,,,,,,,,,
,,,,,,,,,,,,,,,,,,,,,
,,,,,,,,,,,,,,,,,,,,,
,,,,,,,,,,,,,,,,,,,,,
,,,,,,,,,,,,,,,,,,,,,
,,,,,,,,,,,,,,,,,,,,,
,,,,,,,,,,,,,,,,,,,,,
,,,,,,,,,,,,,,,,,,,,,
,,,,,,,,,,,,,,,,,,,,,
,,,,,,,,,,,,,,,,,,,,,
,,,,,,,,,,,,,,,,,,,,,
,,,,,,,,,,,,,,,,,,,,,
,,,,,,,,,,,,,,,,,,,,,
,,,,,,,,,,,,,,,,,,,,,
,,,,,,,,,,,,,,,,,,,,,
,,,,,,,,,,,,,,,,,,,,,
,,,,,,,,,,,,,,,,,,,,,
,,,,,,,,,,,,,,,,,,,,,
,,,,,,,,,,,,,,,,,,,,,
,,,,,,,,,,,,,,,,,,,,,
,,,,,,,,,,,,,,,,,,,,,
,,,,,,,,,,,,,,,,,,,,,
,,,,,,,,,,,,,,,,,,,,,
,,,,,,,,,,,,,,,,,,,,,
,,,,,,,,,,,,,,,,,,,,,
,,,,,,,,,,,,,,,,,,,,,
,,,,,,,,,,,,,,,,,,,,,
,,,,,,,,,,,,,,,,,,,,,
,,,,,,,,,,,,,,,,,,,,,
,,,,,,,,,,,,,,,,,,,,,
,,,,,,,,,,,,,,,,,,,,,
,,,,,,,,,,,,,,,,,,,,,
,,,,,,,,,,,,,,,,,,,,,
,,,,,,,,,,,,,,,,,,,,,
,,,,,,,,,,,,,,,,,,,,,
,,,,,,,,,,,,,,,,,,,,,
,,,,,,,,,,,,,,,,,,,,,
,,,,,,,,,,,,,,,,,,,,,
,,,,,,,,,,,,,,,,,,,,,
,,,,,,,,,,,,,,,,,,,,,
,,,,,,,,,,,,,,,,,,,,,
,,,,,,,,,,,,,,,,,,,,,
,,,,,,,,,,,,,,,,,,,,,
,,,,,,,,,,,,,,,,,,,,,
,,,,,,,,,,,,,,,,,,,,,
,,,,,,,,,,,,,,,,,,,,,
,,,,,,,,,,,,,,,,,,,,,
,,,,,,,,,,,,,,,,,,,,,
,,,,,,,,,,,,,,,,,,,,,
,,,,,,,,,,,,,,,,,,,,,
,,,,,,,,,,,,,,,,,,,,,
,,,,,,,,,,,,,,,,,,,,,
,,,,,,,,,,,,,,,,,,,,,
,,,,,,,,,,,,,,,,,,,,,
,,,,,,,,,,,,,,,,,,,,,
,,,,,,,,,,,,,,,,,,,,,
,,,,,,,,,,,,,,,,,,,,,
,,,,,,,,,,,,,,,,,,,,,
,,,,,,,,,,,,,,,,,,,,,
,,,,,,,,,,,,,,,,,,,,,
,,,,,,,,,,,,,,,,,,,,,
,,,,,,,,,,,,,,,,,,,,,
,,,,,,,,,,,,,,,,,,,,,
,,,,,,,,,,,,,,,,,,,,,
,,,,,,,,,,,,,,,,,,,,,
,,,,,,,,,,,,,,,,,,,,,
,,,,,,,,,,,,,,,,,,,,,
,,,,,,,,,,,,,,,,,,,,,
,,,,,,,,,,,,,,,,,,,,,
,,,,,,,,,,,,,,,,,,,,,
,,,,,,,,,,,,,,,,,,,,,
,,,,,,,,,,,,,,,,,,,,,
,,,,,,,,,,,,,,,,,,,,,
,,,,,,,,,,,,,,,,,,,,,
,,,,,,,,,,,,,,,,,,,,,
,,,,,,,,,,,,,,,,,,,,,
,,,,,,,,,,,,,,,,,,,,,
,,,,,,,,,,,,,,,,,,,,,
,,,,,,,,,,,,,,,,,,,,,
,,,,,,,,,,,,,,,,,,,,,
,,,,,,,,,,,,,,,,,,,,,
,,,,,,,,,,,,,,,,,,,,,
,,,,,,,,,,,,,,,,,,,,,
,,,,,,,,,,,,,,,,,,,,,
,,,,,,,,,,,,,,,,,,,,,
,,,,,,,,,,,,,,,,,,,,,
,,,,,,,,,,,,,,,,,,,,,
,,,,,,,,,,,,,,,,,,,,,
,,,,,,,,,,,,,,,,,,,,,
,,,,,,,,,,,,,,,,,,,,,
,,,,,,,,,,,,,,,,,,,,,
,,,,,,,,,,,,,,,,,,,,,
,,,,,,,,,,,,,,,,,,,,,
,,,,,,,,,,,,,,,,,,,,,
,,,,,,,,,,,,,,,,,,,,,
,,,,,,,,,,,,,,,,,,,,,
,,,,,,,,,,,,,,,,,,,,,
,,,,,,,,,,,,,,,,,,,,,
,,,,,,,,,,,,,,,,,,,,,
,,,,,,,,,,,,,,,,,,,,,
,,,,,,,,,,,,,,,,,,,,,
,,,,,,,,,,,,,,,,,,,,,
,,,,,,,,,,,,,,,,,,,,,
,,,,,,,,,,,,,,,,,,,,,
,,,,,,,,,,,,,,,,,,,,,
,,,,,,,,,,,,,,,,,,,,,
,,,,,,,,,,,,,,,,,,,,,
,,,,,,,,,,,,,,,,,,,,,
,,,,,,,,,,,,,,,,,,,,,
,,,,,,,,,,,,,,,,,,,,,
,,,,,,,,,,,,,,,,,,,,,
,,,,,,,,,,,,,,,,,,,,,
,,,,,,,,,,,,,,,,,,,,,
,,,,,,,,,,,,,,,,,,,,,
,,,,,,,,,,,,,,,,,,,,,
,,,,,,,,,,,,,,,,,,,,,
,,,,,,,,,,,,,,,,,,,,,
,,,,,,,,,,,,,,,,,,,,,
,,,,,,,,,,,,,,,,,,,,,
,,,,,,,,,,,,,,,,,,,,,
,,,,,,,,,,,,,,,,,,,,,
,,,,,,,,,,,,,,,,,,,,,
,,,,,,,,,,,,,,,,,,,,,
,,,,,,,,,,,,,,,,,,,,,
,,,,,,,,,,,,,,,,,,,,,
,,,,,,,,,,,,,,,,,,,,,
,,,,,,,,,,,,,,,,,,,,,
,,,,,,,,,,,,,,,,,,,,,
,,,,,,,,,,,,,,,,,,,,,
,,,,,,,,,,,,,,,,,,,,,
,,,,,,,,,,,,,,,,,,,,,
,,,,,,,,,,,,,,,,,,,,,
,,,,,,,,,,,,,,,,,,,,,
,,,,,,,,,,,,,,,,,,,,,
,,,,,,,,,,,,,,,,,,,,,
,,,,,,,,,,,,,,,,,,,,,
,,,,,,,,,,,,,,,,,,,,,
,,,,,,,,,,,,,,,,,,,,,
,,,,,,,,,,,,,,,,,,,,,
,,,,,,,,,,,,,,,,,,,,,
,,,,,,,,,,,,,,,,,,,,,
,,,,,,,,,,,,,,,,,,,,,
,,,,,,,,,,,,,,,,,,,,,
,,,,,,,,,,,,,,,,,,,,,
,,,,,,,,,,,,,,,,,,,,,
,,,,,,,,,,,,,,,,,,,,,
,,,,,,,,,,,,,,,,,,,,,
,,,,,,,,,,,,,,,,,,,,,
,,,,,,,,,,,,,,,,,,,,,
,,,,,,,,,,,,,,,,,,,,,
,,,,,,,,,,,,,,,,,,,,,
,,,,,,,,,,,,,,,,,,,,,
,,,,,,,,,,,,,,,,,,,,,
,,,,,,,,,,,,,,,,,,,,,
,,,,,,,,,,,,,,,,,,,,,
,,,,,,,,,,,,,,,,,,,,,
,,,,,,,,,,,,,,,,,,,,,
,,,,,,,,,,,,,,,,,,,,,
,,,,,,,,,,,,,,,,,,,,,
,,,,,,,,,,,,,,,,,,,,,
,,,,,,,,,,,,,,,,,,,,,
,,,,,,,,,,,,,,,,,,,,,
,,,,,,,,,,,,,,,,,,,,,
,,,,,,,,,,,,,,,,,,,,,
,,,,,,,,,,,,,,,,,,,,,
,,,,,,,,,,,,,,,,,,,,,
,,,,,,,,,,,,,,,,,,,,,
,,,,,,,,,,,,,,,,,,,,,
,,,,,,,,,,,,,,,,,,,,,
,,,,,,,,,,,,,,,,,,,,,
,,,,,,,,,,,,,,,,,,,,,
,,,,,,,,,,,,,,,,,,,,,
,,,,,,,,,,,,,,,,,,,,,
,,,,,,,,,,,,,,,,,,,,,
,,,,,,,,,,,,,,,,,,,,,
,,,,,,,,,,,,,,,,,,,,,
,,,,,,,,,,,,,,,,,,,,,
,,,,,,,,,,,,,,,,,,,,,
,,,,,,,,,,,,,,,,,,,,,
,,,,,,,,,,,,,,,,,,,,,
,,,,,,,,,,,,,,,,,,,,,
,,,,,,,,,,,,,,,,,,,,,
,,,,,,,,,,,,,,,,,,,,,
,,,,,,,,,,,,,,,,,,,,,
,,,,,,,,,,,,,,,,,,,,,
,,,,,,,,,,,,,,,,,,,,,
,,,,,,,,,,,,,,,,,,,,,
,,,,,,,,,,,,,,,,,,,,,
,,,,,,,,,,,,,,,,,,,,,
,,,,,,,,,,,,,,,,,,,,,
,,,,,,,,,,,,,,,,,,,,,
,,,,,,,,,,,,,,,,,,,,,
,,,,,,,,,,,,,,,,,,,,,
,,,,,,,,,,,,,,,,,,,,,
,,,,,,,,,,,,,,,,,,,,,
,,,,,,,,,,,,,,,,,,,,,
,,,,,,,,,,,,,,,,,,,,,
,,,,,,,,,,,,,,,,,,,,,
,,,,,,,,,,,,,,,,,,,,,
,,,,,,,,,,,,,,,,,,,,,
,,,,,,,,,,,,,,,,,,,,,
,,,,,,,,,,,,,,,,,,,,,
,,,,,,,,,,,,,,,,,,,,,
,,,,,,,,,,,,,,,,,,,,,
,,,,,,,,,,,,,,,,,,,,,
,,,,,,,,,,,,,,,,,,,,,
,,,,,,,,,,,,,,,,,,,,,
,,,,,,,,,,,,,,,,,,,,,
,,,,,,,,,,,,,,,,,,,,,
,,,,,,,,,,,,,,,,,,,,,
,,,,,,,,,,,,,,,,,,,,,
,,,,,,,,,,,,,,,,,,,,,
,,,,,,,,,,,,,,,,,,,,,
,,,,,,,,,,,,,,,,,,,,,
,,,,,,,,,,,,,,,,,,,,,
,,,,,,,,,,,,,,,,,,,,,
,,,,,,,,,,,,,,,,,,,,,
,,,,,,,,,,,,,,,,,,,,,
,,,,,,,,,,,,,,,,,,,,,
,,,,,,,,,,,,,,,,,,,,,
,,,,,,,,,,,,,,,,,,,,,
,,,,,,,,,,,,,,,,,,,,,
,,,,,,,,,,,,,,,,,,,,,
,,,,,,,,,,,,,,,,,,,,,
,,,,,,,,,,,,,,,,,,,,,
,,,,,,,,,,,,,,,,,,,,,
,,,,,,,,,,,,,,,,,,,,,
,,,,,,,,,,,,,,,,,,,,,
,,,,,,,,,,,,,,,,,,,,,
,,,,,,,,,,,,,,,,,,,,,
,,,,,,,,,,,,,,,,,,,,,
,,,,,,,,,,,,,,,,,,,,,
,,,,,,,,,,,,,,,,,,,,,
,,,,,,,,,,,,,,,,,,,,,
,,,,,,,,,,,,,,,,,,,,,
,,,,,,,,,,,,,,,,,,,,,
,,,,,,,,,,,,,,,,,,,,,
,,,,,,,,,,,,,,,,,,,,,
,,,,,,,,,,,,,,,,,,,,,
,,,,,,,,,,,,,,,,,,,,,
,,,,,,,,,,,,,,,,,,,,,
,,,,,,,,,,,,,,,,,,,,,
,,,,,,,,,,,,,,,,,,,,,
,,,,,,,,,,,,,,,,,,,,,
,,,,,,,,,,,,,,,,,,,,,
,,,,,,,,,,,,,,,,,,,,,
,,,,,,,,,,,,,,,,,,,,,
,,,,,,,,,,,,,,,,,,,,,
,,,,,,,,,,,,,,,,,,,,,
,,,,,,,,,,,,,,,,,,,,,
,,,,,,,,,,,,,,,,,,,,,
,,,,,,,,,,,,,,,,,,,,,
,,,,,,,,,,,,,,,,,,,,,
,,,,,,,,,,,,,,,,,,,,,
,,,,,,,,,,,,,,,,,,,,,
,,,,,,,,,,,,,,,,,,,,,
,,,,,,,,,,,,,,,,,,,,,
,,,,,,,,,,,,,,,,,,,,,
,,,,,,,,,,,,,,,,,,,,,
,,,,,,,,,,,,,,,,,,,,,
,,,,,,,,,,,,,,,,,,,,,
,,,,,,,,,,,,,,,,,,,,,
,,,,,,,,,,,,,,,,,,,,,
,,,,,,,,,,,,,,,,,,,,,
,,,,,,,,,,,,,,,,,,,,,
,,,,,,,,,,,,,,,,,,,,,
,,,,,,,,,,,,,,,,,,,,,
,,,,,,,,,,,,,,,,,,,,,
,,,,,,,,,,,,,,,,,,,,,
,,,,,,,,,,,,,,,,,,,,,
,,,,,,,,,,,,,,,,,,,,,
,,,,,,,,,,,,,,,,,,,,,
,,,,,,,,,,,,,,,,,,,,,
,,,,,,,,,,,,,,,,,,,,,
,,,,,,,,,,,,,,,,,,,,,
,,,,,,,,,,,,,,,,,,,,,
,,,,,,,,,,,,,,,,,,,,,
,,,,,,,,,,,,,,,,,,,,,
,,,,,,,,,,,,,,,,,,,,,
,,,,,,,,,,,,,,,,,,,,,
,,,,,,,,,,,,,,,,,,,,,
,,,,,,,,,,,,,,,,,,,,,
,,,,,,,,,,,,,,,,,,,,,
,,,,,,,,,,,,,,,,,,,,,
,,,,,,,,,,,,,,,,,,,,,
,,,,,,,,,,,,,,,,,,,,,
,,,,,,,,,,,,,,,,,,,,,
,,,,,,,,,,,,,,,,,,,,,
,,,,,,,,,,,,,,,,,,,,,
,,,,,,,,,,,,,,,,,,,,,
,,,,,,,,,,,,,,,,,,,,,
,,,,,,,,,,,,,,,,,,,,,
,,,,,,,,,,,,,,,,,,,,,
,,,,,,,,,,,,,,,,,,,,,
,,,,,,,,,,,,,,,,,,,,,
,,,,,,,,,,,,,,,,,,,,,
,,,,,,,,,,,,,,,,,,,,,
,,,,,,,,,,,,,,,,,,,,,
,,,,,,,,,,,,,,,,,,,,,
,,,,,,,,,,,,,,,,,,,,,
,,,,,,,,,,,,,,,,,,,,,
,,,,,,,,,,,,,,,,,,,,,
,,,,,,,,,,,,,,,,,,,,,
,,,,,,,,,,,,,,,,,,,,,
,,,,,,,,,,,,,,,,,,,,,
,,,,,,,,,,,,,,,,,,,,,
,,,,,,,,,,,,,,,,,,,,,
,,,,,,,,,,,,,,,,,,,,,
,,,,,,,,,,,,,,,,,,,,,
,,,,,,,,,,,,,,,,,,,,,
,,,,,,,,,,,,,,,,,,,,,
,,,,,,,,,,,,,,,,,,,,,
,,,,,,,,,,,,,,,,,,,,,
,,,,,,,,,,,,,,,,,,,,,
,,,,,,,,,,,,,,,,,,,,,
,,,,,,,,,,,,,,,,,,,,,
,,,,,,,,,,,,,,,,,,,,,
,,,,,,,,,,,,,,,,,,,,,
,,,,,,,,,,,,,,,,,,,,,
,,,,,,,,,,,,,,,,,,,,,
,,,,,,,,,,,,,,,,,,,,,
,,,,,,,,,,,,,,,,,,,,,
,,,,,,,,,,,,,,,,,,,,,
,,,,,,,,,,,,,,,,,,,,,
,,,,,,,,,,,,,,,,,,,,,
,,,,,,,,,,,,,,,,,,,,,
,,,,,,,,,,,,,,,,,,,,,
,,,,,,,,,,,,,,,,,,,,,
,,,,,,,,,,,,,,,,,,,,,
,,,,,,,,,,,,,,,,,,,,,
,,,,,,,,,,,,,,,,,,,,,
,,,,,,,,,,,,,,,,,,,,,
,,,,,,,,,,,,,,,,,,,,,
,,,,,,,,,,,,,,,,,,,,,
,,,,,,,,,,,,,,,,,,,,,
,,,,,,,,,,,,,,,,,,,,,
,,,,,,,,,,,,,,,,,,,,,
,,,,,,,,,,,,,,,,,,,,,
,,,,,,,,,,,,,,,,,,,,,
,,,,,,,,,,,,,,,,,,,,,
,,,,,,,,,,,,,,,,,,,,,
,,,,,,,,,,,,,,,,,,,,,
,,,,,,,,,,,,,,,,,,,,,
,,,,,,,,,,,,,,,,,,,,,
,,,,,,,,,,,,,,,,,,,,,
,,,,,,,,,,,,,,,,,,,,,
,,,,,,,,,,,,,,,,,,,,,
,,,,,,,,,,,,,,,,,,,,,
,,,,,,,,,,,,,,,,,,,,,
,,,,,,,,,,,,,,,,,,,,,
,,,,,,,,,,,,,,,,,,,,,
,,,,,,,,,,,,,,,,,,,,,
,,,,,,,,,,,,,,,,,,,,,
,,,,,,,,,,,,,,,,,,,,,
,,,,,,,,,,,,,,,,,,,,,
,,,,,,,,,,,,,,,,,,,,,
,,,,,,,,,,,,,,,,,,,,,
,,,,,,,,,,,,,,,,,,,,,
,,,,,,,,,,,,,,,,,,,,,
,,,,,,,,,,,,,,,,,,,,,
,,,,,,,,,,,,,,,,,,,,,
,,,,,,,,,,,,,,,,,,,,,
,,,,,,,,,,,,,,,,,,,,,
,,,,,,,,,,,,,,,,,,,,,
,,,,,,,,,,,,,,,,,,,,,
,,,,,,,,,,,,,,,,,,,,,
,,,,,,,,,,,,,,,,,,,,,
,,,,,,,,,,,,,,,,,,,,,
,,,,,,,,,,,,,,,,,,,,,
,,,,,,,,,,,,,,,,,,,,,
,,,,,,,,,,,,,,,,,,,,,
,,,,,,,,,,,,,,,,,,,,,
,,,,,,,,,,,,,,,,,,,,,
,,,,,,,,,,,,,,,,,,,,,
,,,,,,,,,,,,,,,,,,,,,
,,,,,,,,,,,,,,,,,,,,,
,,,,,,,,,,,,,,,,,,,,,
,,,,,,,,,,,,,,,,,,,,,
,,,,,,,,,,,,,,,,,,,,,
,,,,,,,,,,,,,,,,,,,,,
,,,,,,,,,,,,,,,,,,,,,
,,,,,,,,,,,,,,,,,,,,,
,,,,,,,,,,,,,,,,,,,,,
,,,,,,,,,,,,,,,,,,,,,
,,,,,,,,,,,,,,,,,,,,,
,,,,,,,,,,,,,,,,,,,,,
,,,,,,,,,,,,,,,,,,,,,
,,,,,,,,,,,,,,,,,,,,,
,,,,,,,,,,,,,,,,,,,,,
,,,,,,,,,,,,,,,,,,,,,
,,,,,,,,,,,,,,,,,,,,,
,,,,,,,,,,,,,,,,,,,,,
,,,,,,,,,,,,,,,,,,,,,
,,,,,,,,,,,,,,,,,,,,,
,,,,,,,,,,,,,,,,,,,,,
,,,,,,,,,,,,,,,,,,,,,
,,,,,,,,,,,,,,,,,,,,,
,,,,,,,,,,,,,,,,,,,,,
,,,,,,,,,,,,,,,,,,,,,
,,,,,,,,,,,,,,,,,,,,,
,,,,,,,,,,,,,,,,,,,,,
,,,,,,,,,,,,,,,,,,,,,
,,,,,,,,,,,,,,,,,,,,,
,,,,,,,,,,,,,,,,,,,,,
,,,,,,,,,,,,,,,,,,,,,
,,,,,,,,,,,,,,,,,,,,,
,,,,,,,,,,,,,,,,,,,,,
,,,,,,,,,,,,,,,,,,,,,
,,,,,,,,,,,,,,,,,,,,,
,,,,,,,,,,,,,,,,,,,,,
,,,,,,,,,,,,,,,,,,,,,
,,,,,,,,,,,,,,,,,,,,,
,,,,,,,,,,,,,,,,,,,,,
,,,,,,,,,,,,,,,,,,,,,
,,,,,,,,,,,,,,,,,,,,,
,,,,,,,,,,,,,,,,,,,,,
,,,,,,,,,,,,,,,,,,,,,
,,,,,,,,,,,,,,,,,,,,,
,,,,,,,,,,,,,,,,,,,,,
,,,,,,,,,,,,,,,,,,,,,
,,,,,,,,,,,,,,,,,,,,,
,,,,,,,,,,,,,,,,,,,,,
,,,,,,,,,,,,,,,,,,,,,
,,,,,,,,,,,,,,,,,,,,,
,,,,,,,,,,,,,,,,,,,,,
,,,,,,,,,,,,,,,,,,,,,
,,,,,,,,,,,,,,,,,,,,,
,,,,,,,,,,,,,,,,,,,,,
,,,,,,,,,,,,,,,,,,,,,
,,,,,,,,,,,,,,,,,,,,,
,,,,,,,,,,,,,,,,,,,,,
,,,,,,,,,,,,,,,,,,,,,
,,,,,,,,,,,,,,,,,,,,,
,,,,,,,,,,,,,,,,,,,,,
,,,,,,,,,,,,,,,,,,,,,
,,,,,,,,,,,,,,,,,,,,,
,,,,,,,,,,,,,,,,,,,,,
,,,,,,,,,,,,,,,,,,,,,
,,,,,,,,,,,,,,,,,,,,,
,,,,,,,,,,,,,,,,,,,,,
,,,,,,,,,,,,,,,,,,,,,
,,,,,,,,,,,,,,,,,,,,,
,,,,,,,,,,,,,,,,,,,,,
,,,,,,,,,,,,,,,,,,,,,
,,,,,,,,,,,,,,,,,,,,,
,,,,,,,,,,,,,,,,,,,,,
,,,,,,,,,,,,,,,,,,,,,
,,,,,,,,,,,,,,,,,,,,,
,,,,,,,,,,,,,,,,,,,,,
,,,,,,,,,,,,,,,,,,,,,
,,,,,,,,,,,,,,,,,,,,,
,,,,,,,,,,,,,,,,,,,,,
,,,,,,,,,,,,,,,,,,,,,
,,,,,,,,,,,,,,,,,,,,,
,,,,,,,,,,,,,,,,,,,,,
,,,,,,,,,,,,,,,,,,,,,
,,,,,,,,,,,,,,,,,,,,,
,,,,,,,,,,,,,,,,,,,,,
,,,,,,,,,,,,,,,,,,,,,
,,,,,,,,,,,,,,,,,,,,,
,,,,,,,,,,,,,,,,,,,,,
,,,,,,,,,,,,,,,,,,,,,
,,,,,,,,,,,,,,,,,,,,,
,,,,,,,,,,,,,,,,,,,,,
,,,,,,,,,,,,,,,,,,,,,
,,,,,,,,,,,,,,,,,,,,,
,,,,,,,,,,,,,,,,,,,,,
,,,,,,,,,,,,,,,,,,,,,
,,,,,,,,,,,,,,,,,,,,,
,,,,,,,,,,,,,,,,,,,,,
,,,,,,,,,,,,,,,,,,,,,
,,,,,,,,,,,,,,,,,,,,,
,,,,,,,,,,,,,,,,,,,,,
,,,,,,,,,,,,,,,,,,,,,
,,,,,,,,,,,,,,,,,,,,,
,,,,,,,,,,,,,,,,,,,,,
,,,,,,,,,,,,,,,,,,,,,
,,,,,,,,,,,,,,,,,,,,,
,,,,,,,,,,,,,,,,,,,,,
,,,,,,,,,,,,,,,,,,,,,
,,,,,,,,,,,,,,,,,,,,,
,,,,,,,,,,,,,,,,,,,,,
,,,,,,,,,,,,,,,,,,,,,
,,,,,,,,,,,,,,,,,,,,,
,,,,,,,,,,,,,,,,,,,,,
,,,,,,,,,,,,,,,,,,,,,
,,,,,,,,,,,,,,,,,,,,,
,,,,,,,,,,,,,,,,,,,,,
,,,,,,,,,,,,,,,,,,,,,
,,,,,,,,,,,,,,,,,,,,,
,,,,,,,,,,,,,,,,,,,,,
,,,,,,,,,,,,,,,,,,,,,
,,,,,,,,,,,,,,,,,,,,,
,,,,,,,,,,,,,,,,,,,,,
,,,,,,,,,,,,,,,,,,,,,
,,,,,,,,,,,,,,,,,,,,,
,,,,,,,,,,,,,,,,,,,,,
,,,,,,,,,,,,,,,,,,,,,
,,,,,,,,,,,,,,,,,,,,,
,,,,,,,,,,,,,,,,,,,,,
,,,,,,,,,,,,,,,,,,,,,
,,,,,,,,,,,,,,,,,,,,,
,,,,,,,,,,,,,,,,,,,,,
,,,,,,,,,,,,,,,,,,,,,
,,,,,,,,,,,,,,,,,,,,,
,,,,,,,,,,,,,,,,,,,,,
,,,,,,,,,,,,,,,,,,,,,
,,,,,,,,,,,,,,,,,,,,,
,,,,,,,,,,,,,,,,,,,,,
,,,,,,,,,,,,,,,,,,,,,
,,,,,,,,,,,,,,,,,,,,,
,,,,,,,,,,,,,,,,,,,,,
,,,,,,,,,,,,,,,,,,,,,
,,,,,,,,,,,,,,,,,,,,,
,,,,,,,,,,,,,,,,,,,,,
,,,,,,,,,,,,,,,,,,,,,
,,,,,,,,,,,,,,,,,,,,,
,,,,,,,,,,,,,,,,,,,,,
,,,,,,,,,,,,,,,,,,,,,
,,,,,,,,,,,,,,,,,,,,,
,,,,,,,,,,,,,,,,,,,,,
,,,,,,,,,,,,,,,,,,,,,
,,,,,,,,,,,,,,,,,,,,,
,,,,,,,,,,,,,,,,,,,,,
,,,,,,,,,,,,,,,,,,,,,
,,,,,,,,,,,,,,,,,,,,,
,,,,,,,,,,,,,,,,,,,,,
,,,,,,,,,,,,,,,,,,,,,
,,,,,,,,,,,,,,,,,,,,,
,,,,,,,,,,,,,,,,,,,,,
,,,,,,,,,,,,,,,,,,,,,
,,,,,,,,,,,,,,,,,,,,,
,,,,,,,,,,,,,,,,,,,,,
,,,,,,,,,,,,,,,,,,,,,
,,,,,,,,,,,,,,,,,,,,,
,,,,,,,,,,,,,,,,,,,,,
,,,,,,,,,,,,,,,,,,,,,
,,,,,,,,,,,,,,,,,,,,,
,,,,,,,,,,,,,,,,,,,,,
,,,,,,,,,,,,,,,,,,,,,
,,,,,,,,,,,,,,,,,,,,,
,,,,,,,,,,,,,,,,,,,,,
,,,,,,,,,,,,,,,,,,,,,
,,,,,,,,,,,,,,,,,,,,,
,,,,,,,,,,,,,,,,,,,,,
,,,,,,,,,,,,,,,,,,,,,
,,,,,,,,,,,,,,,,,,,,,
,,,,,,,,,,,,,,,,,,,,,
,,,,,,,,,,,,,,,,,,,,,
,,,,,,,,,,,,,,,,,,,,,
,,,,,,,,,,,,,,,,,,,,,
,,,,,,,,,,,,,,,,,,,,,
,,,,,,,,,,,,,,,,,,,,,
,,,,,,,,,,,,,,,,,,,,,
,,,,,,,,,,,,,,,,,,,,,
,,,,,,,,,,,,,,,,,,,,,
,,,,,,,,,,,,,,,,,,,,,
,,,,,,,,,,,,,,,,,,,,,
,,,,,,,,,,,,,,,,,,,,,
,,,,,,,,,,,,,,,,,,,,,
,,,,,,,,,,,,,,,,,,,,,
,,,,,,,,,,,,,,,,,,,,,
,,,,,,,,,,,,,,,,,,,,,
,,,,,,,,,,,,,,,,,,,,,
,,,,,,,,,,,,,,,,,,,,,
,,,,,,,,,,,,,,,,,,,,,
,,,,,,,,,,,,,,,,,,,,,
,,,,,,,,,,,,,,,,,,,,,
,,,,,,,,,,,,,,,,,,,,,
,,,,,,,,,,,,,,,,,,,,,
,,,,,,,,,,,,,,,,,,,,,
,,,,,,,,,,,,,,,,,,,,,
,,,,,,,,,,,,,,,,,,,,,
,,,,,,,,,,,,,,,,,,,,,
,,,,,,,,,,,,,,,,,,,,,
,,,,,,,,,,,,,,,,,,,,,
,,,,,,,,,,,,,,,,,,,,,
,,,,,,,,,,,,,,,,,,,,,
,,,,,,,,,,,,,,,,,,,,,
,,,,,,,,,,,,,,,,,,,,,
,,,,,,,,,,,,,,,,,,,,,
,,,,,,,,,,,,,,,,,,,,,
,,,,,,,,,,,,,,,,,,,,,
,,,,,,,,,,,,,,,,,,,,,
,,,,,,,,,,,,,,,,,,,,,
,,,,,,,,,,,,,,,,,,,,,
,,,,,,,,,,,,,,,,,,,,,
,,,,,,,,,,,,,,,,,,,,,
,,,,,,,,,,,,,,,,,,,,,
,,,,,,,,,,,,,,,,,,,,,
,,,,,,,,,,,,,,,,,,,,,
,,,,,,,,,,,,,,,,,,,,,
,,,,,,,,,,,,,,,,,,,,,
,,,,,,,,,,,,,,,,,,,,,
,,,,,,,,,,,,,,,,,,,,,
,,,,,,,,,,,,,,,,,,,,,
,,,,,,,,,,,,,,,,,,,,,
,,,,,,,,,,,,,,,,,,,,,
,,,,,,,,,,,,,,,,,,,,,
,,,,,,,,,,,,,,,,,,,,,
,,,,,,,,,,,,,,,,,,,,,
,,,,,,,,,,,,,,,,,,,,,
,,,,,,,,,,,,,,,,,,,,,
,,,,,,,,,,,,,,,,,,,,,
,,,,,,,,,,,,,,,,,,,,,
,,,,,,,,,,,,,,,,,,,,,
,,,,,,,,,,,,,,,,,,,,,
,,,,,,,,,,,,,,,,,,,,,
,,,,,,,,,,,,,,,,,,,,,
,,,,,,,,,,,,,,,,,,,,,
,,,,,,,,,,,,,,,,,,,,,
,,,,,,,,,,,,,,,,,,,,,
,,,,,,,,,,,,,,,,,,,,,
,,,,,,,,,,,,,,,,,,,,,
,,,,,,,,,,,,,,,,,,,,,
,,,,,,,,,,,,,,,,,,,,,
,,,,,,,,,,,,,,,,,,,,,
,,,,,,,,,,,,,,,,,,,,,
,,,,,,,,,,,,,,,,,,,,,
,,,,,,,,,,,,,,,,,,,,,
,,,,,,,,,,,,,,,,,,,,,
,,,,,,,,,,,,,,,,,,,,,
,,,,,,,,,,,,,,,,,,,,,
,,,,,,,,,,,,,,,,,,,,,
,,,,,,,,,,,,,,,,,,,,,
,,,,,,,,,,,,,,,,,,,,,
,,,,,,,,,,,,,,,,,,,,,
,,,,,,,,,,,,,,,,,,,,,
,,,,,,,,,,,,,,,,,,,,,
,,,,,,,,,,,,,,,,,,,,,
,,,,,,,,,,,,,,,,,,,,,
,,,,,,,,,,,,,,,,,,,,,
,,,,,,,,,,,,,,,,,,,,,
,,,,,,,,,,,,,,,,,,,,,
,,,,,,,,,,,,,,,,,,,,,
,,,,,,,,,,,,,,,,,,,,,
,,,,,,,,,,,,,,,,,,,,,
,,,,,,,,,,,,,,,,,,,,,
,,,,,,,,,,,,,,,,,,,,,
,,,,,,,,,,,,,,,,,,,,,
,,,,,,,,,,,,,,,,,,,,,
,,,,,,,,,,,,,,,,,,,,,
,,,,,,,,,,,,,,,,,,,,,
,,,,,,,,,,,,,,,,,,,,,
,,,,,,,,,,,,,,,,,,,,,
,,,,,,,,,,,,,,,,,,,,,
,,,,,,,,,,,,,,,,,,,,,
,,,,,,,,,,,,,,,,,,,,,
,,,,,,,,,,,,,,,,,,,,,
,,,,,,,,,,,,,,,,,,,,,
,,,,,,,,,,,,,,,,,,,,,
,,,,,,,,,,,,,,,,,,,,,
,,,,,,,,,,,,,,,,,,,,,
,,,,,,,,,,,,,,,,,,,,,
,,,,,,,,,,,,,,,,,,,,,
,,,,,,,,,,,,,,,,,,,,,
,,,,,,,,,,,,,,,,,,,,,
,,,,,,,,,,,,,,,,,,,,,
,,,,,,,,,,,,,,,,,,,,,
,,,,,,,,,,,,,,,,,,,,,
,,,,,,,,,,,,,,,,,,,,,
,,,,,,,,,,,,,,,,,,,,,
,,,,,,,,,,,,,,,,,,,,,
,,,,,,,,,,,,,,,,,,,,,
,,,,,,,,,,,,,,,,,,,,,
,,,,,,,,,,,,,,,,,,,,,
,,,,,,,,,,,,,,,,,,,,,
,,,,,,,,,,,,,,,,,,,,,
,,,,,,,,,,,,,,,,,,,,,
,,,,,,,,,,,,,,,,,,,,,
,,,,,,,,,,,,,,,,,,,,,
,,,,,,,,,,,,,,,,,,,,,
,,,,,,,,,,,,,,,,,,,,,
,,,,,,,,,,,,,,,,,,,,,
,,,,,,,,,,,,,,,,,,,,,
,,,,,,,,,,,,,,,,,,,,,
,,,,,,,,,,,,,,,,,,,,,
,,,,,,,,,,,,,,,,,,,,,
,,,,,,,,,,,,,,,,,,,,,
,,,,,,,,,,,,,,,,,,,,,
,,,,,,,,,,,,,,,,,,,,,
,,,,,,,,,,,,,,,,,,,,,
,,,,,,,,,,,,,,,,,,,,,
,,,,,,,,,,,,,,,,,,,,,
,,,,,,,,,,,,,,,,,,,,,
,,,,,,,,,,,,,,,,,,,,,
,,,,VIN SKIP 2010,,,,,,,,,,,,,,,,,
,,,,VIN SKIP 2010,,,,,,,,,,,,,,,,,
,,,,WBSWD93569P362390,,P362390,,,,,,,,,,,,,,,
,,,,,,,,,,,,,,,,,,,,,
,,,,,,,,,,,,,,,,,,,,,
,,,,,,,,,,,,,,,,,,,,,
,,,,,,,,,,,,,,,,,,,,,
,,,,,,,,,,,,,,,,,,,,,
,,,,,,,,,,,,,,,,,,,,,
,,,,,,,,,,,,,,,,,,,,,
,,,,,,,,,,,,,,,,,,,,,
,,,,,,,,,,,,,,,,,,,,,
,,,,,,,,,,,,,,,,,,,,,
,,,,,,,,,,,,,,,,,,,,,
,,,,,,,,,,,,,,,,,,,,,
,,,,,,,,,,,,,,,,,,,,,
,,,,,,,,,,,,,,,,,,,,,
,,,,,,,,,,,,,,,,,,,,,
,,,,,,,,,,,,,,,,,,,,,
,,,,,,,,,,,,,,,,,,,,,
,,,,,,,,,,,,,,,,,,,,,
,,,,,,,,,,,,,,,,,,,,,
,,,,,,,,,,,,,,,,,,,,,
,,,,,,,,,,,,,,,,,,,,,
,,,,,,,,,,,,,,,,,,,,,
,,,,,,,,,,,,,,,,,,,,,
,,,,,,,,,,,,,,,,,,,,,
,,,,,,,,,,,,,,,,,,,,,
,,,,,,,,,,,,,,,,,,,,,
,,,,,,,,,,,,,,,,,,,,,
,,,,,,,,,,,,,,,,,,,,,
,,,,,,,,,,,,,,,,,,,,,
,,,,,,,,,,,,,,,,,,,,,
,,,,,,,,,,,,,,,,,,,,,
,,,,,,,,,,,,,,,,,,,,,
,,,,,,,,,,,,,,,,,,,,,
,,,,,,,,,,,,,,,,,,,,,
,,,,,,,,,,,,,,,,,,,,,
,,,,,,,,,,,,,,,,,,,,,
,,,,,,,,,,,,,,,,,,,,,
,,,,,,,,,,,,,,,,,,,,,
,,,,,,,,,,,,,,,,,,,,,
,,,,,,,,,,,,,,,,,,,,,
,,,,,,,,,,,,,,,,,,,,,
,,,,,,,,,,,,,,,,,,,,,
,,,,,,,,,,,,,,,,,,,,,
,,,,,,,,,,,,,,,,,,,,,
,,,,,,,,,,,,,,,,,,,,,
,,,,,,,,,,,,,,,,,,,,,
,,,,,,,,,,,,,,,,,,,,,
,,,,,,,,,,,,,,,,,,,,,
,,,,,,,,,,,,,,,,,,,,,
,,,,,,,,,,,,,,,,,,,,,
,,,,,,,,,,,,,,,,,,,,,
,,,,,,,,,,,,,,,,,,,,,
,,,,,,,,,,,,,,,,,,,,,
,,,,,,,,,,,,,,,,,,,,,
,,,,,,,,,,,,,,,,,,,,,
,,,,,,,,,,,,,,,,,,,,,
,,,,,,,,,,,,,,,,,,,,,
,,,,,,,,,,,,,,,,,,,,,
,,,,,,,,,,,,,,,,,,,,,
,,,,,,,,,,,,,,,,,,,,,
,,,,,,,,,,,,,,,,,,,,,
,,,,,,,,,,,,,,,,,,,,,
,,,,,,,,,,,,,,,,,,,,,
,,,,,,,,,,,,,,,,,,,,,
,,,,,,,,,,,,,,,,,,,,,
,,,,,,,,,,,,,,,,,,,,,
,,,,,,,,,,,,,,,,,,,,,
,,,,,,,,,,,,,,,,,,,,,
,,,,,,,,,,,,,,,,,,,,,
,,,,,,,,,,,,,,,,,,,,,
,,,,,,,,,,,,,,,,,,,,,
,,,,,,,,,,,,,,,,,,,,,
,,,,,,,,,,,,,,,,,,,,,
,,,,,,,,,,,,,,,,,,,,,
,,,,,,,,,,,,,,,,,,,,,
,,,,,,,,,,,,,,,,,,,,,
,,,,,,,,,,,,,,,,,,,,,
,,,,,,,,,,,,,,,,,,,,,
,,,,,,,,,,,,,,,,,,,,,
,,,,,,,,,,,,,,,,,,,,,
,,,,,,,,,,,,,,,,,,,,,
,,,,,,,,,,,,,,,,,,,,,
,,,,,,,,,,,,,,,,,,,,,
,,,,,,,,,,,,,,,,,,,,,
,,,,,,,,,,,,,,,,,,,,,
,,,,,,,,,,,,,,,,,,,,,
,,,,,,,,,,,,,,,,,,,,,
,,,,,,,,,,,,,,,,,,,,,
,,,,,,,,,,,,,,,,,,,,,
,,,,,,,,,,,,,,,,,,,,,
,,,,,,,,,,,,,,,,,,,,,
,,,,,,,,,,,,,,,,,,,,,
,,,,,,,,,,,,,,,,,,,,,
,,,,,,,,,,,,,,,,,,,,,
,,,,,,,,,,,,,,,,,,,,,
,,,,,,,,,,,,,,,,,,,,,
,,,,,,,,,,,,,,,,,,,,,
,,,,,,,,,,,,,,,,,,,,,
,,,,,,,,,,,,,,,,,,,,,
,,,,,,,,,,,,,,,,,,,,,
,,,,,,,,,,,,,,,,,,,,,
,,,,,,,,,,,,,,,,,,,,,
,,,,,,,,,,,,,,,,,,,,,
,,,,,,,,,,,,,,,,,,,,,
,,,,,,,,,,,,,,,,,,,,,
,,,,,,,,,,,,,,,,,,,,,
,,,,,,,,,,,,,,,,,,,,,
,,,,,,,,,,,,,,,,,,,,,
,,,,,,,,,,,,,,,,,,,,,
,,,,,,,,,,,,,,,,,,,,,
,,,,,,,,,,,,,,,,,,,,,
,,,,,,,,,,,,,,,,,,,,,
,,,,,,,,,,,,,,,,,,,,,
,,,,,,,,,,,,,,,,,,,,,
,,,,,,,,,,,,,,,,,,,,,
,,,,,,,,,,,,,,,,,,,,,
,,,,,,,,,,,,,,,,,,,,,
,,,,,,,,,,,,,,,,,,,,,
,,,,,,,,,,,,,,,,,,,,,
,,,,,,,,,,,,,,,,,,,,,
,,,,,,,,,,,,,,,,,,,,,
,,,,,,,,,,,,,,,,,,,,,
,,,,,,,,,,,,,,,,,,,,,
,,,,,,,,,,,,,,,,,,,,,
,,,,,,,,,,,,,,,,,,,,,
,,,,,,,,,,,,,,,,,,,,,
,,,,,,,,,,,,,,,,,,,,,
,,,,,,,,,,,,,,,,,,,,,
,,,,,,,,,,,,,,,,,,,,,
,,,,,,,,,,,,,,,,,,,,,
,,,,,,,,,,,,,,,,,,,,,
,,,,,,,,,,,,,,,,,,,,,
,,,,,,,,,,,,,,,,,,,,,
,,,,,,,,,,,,,,,,,,,,,
,,,,,,,,,,,,,,,,,,,,,
,,,,,,,,,,,,,,,,,,,,,
,,,,,,,,,,,,,,,,,,,,,
,,,,,,,,,,,,,,,,,,,,,
,,,,,,,,,,,,,,,,,,,,,
,,,,,,,,,,,,,,,,,,,,,
,,,,,,,,,,,,,,,,,,,,,
,,,,,,,,,,,,,,,,,,,,,
,,,,,,,,,,,,,,,,,,,,,
,,,,,,,,,,,,,,,,,,,,,
,,,,,,,,,,,,,,,,,,,,,
,,,,,,,,,,,,,,,,,,,,,
,,,,,,,,,,,,,,,,,,,,,
,,,,,,,,,,,,,,,,,,,,,
,,,,,,,,,,,,,,,,,,,,,
,,,,,,,,,,,,,,,,,,,,,
,,,,,,,,,,,,,,,,,,,,,
,,,,,,,,,,,,,,,,,,,,,
,,,,,,,,,,,,,,,,,,,,,
,,,,,,,,,,,,,,,,,,,,,
,,,,,,,,,,,,,,,,,,,,,
,,,,,,,,,,,,,,,,,,,,,
,,,,,,,,,,,,,,,,,,,,,
,,,,,,,,,,,,,,,,,,,,,
,,,,,,,,,,,,,,,,,,,,,
,,,,,,,,,,,,,,,,,,,,,
,,,,,,,,,,,,,,,,,,,,,
,,,,,,,,,,,,,,,,,,,,,
,,,,,,,,,,,,,,,,,,,,,
,,,,,,,,,,,,,,,,,,,,,
,,,,,,,,,,,,,,,,,,,,,
,,,,,,,,,,,,,,,,,,,,,
,,,,,,,,,,,,,,,,,,,,,
,,,,,,,,,,,,,,,,,,,,,
,,,,,,,,,,,,,,,,,,,,,
,,,,,,,,,,,,,,,,,,,,,
,,,,,,,,,,,,,,,,,,,,,
,,,,,,,,,,,,,,,,,,,,,
,,,,,,,,,,,,,,,,,,,,,
,,,,,,,,,,,,,,,,,,,,,
,,,,,,,,,,,,,,,,,,,,,
,,,,,,,,,,,,,,,,,,,,,
,,,,,,,,,,,,,,,,,,,,,
,,,,,,,,,,,,,,,,,,,,,
,,,,,,,,,,,,,,,,,,,,,
,,,,,,,,,,,,,,,,,,,,,
,,,,,,,,,,,,,,,,,,,,,
,,,,,,,,,,,,,,,,,,,,,
,,,,,,,,,,,,,,,,,,,,,
,,,,,,,,,,,,,,,,,,,,,
,,,,,,,,,,,,,,,,,,,,,
,,,,,,,,,,,,,,,,,,,,,
,,,,,,,,,,,,,,,,,,,,,
,,,,,,,,,,,,,,,,,,,,,
,,,,,,,,,,,,,,,,,,,,,
,,,,,,,,,,,,,,,,,,,,,
,,,,,,,,,,,,,,,,,,,,,
,,,,,,,,,,,,,,,,,,,,,
,,,,,,,,,,,,,,,,,,,,,
,,,,,,,,,,,,,,,,,,,,,
,,,,,,,,,,,,,,,,,,,,,
,,,,,,,,,,,,,,,,,,,,,
,,,,,,,,,,,,,,,,,,,,,
,,,,,,,,,,,,,,,,,,,,,
,,,,,,,,,,,,,,,,,,,,,
,,,,,,,,,,,,,,,,,,,,,
,,,,,,,,,,,,,,,,,,,,,
,,,,,,,,,,,,,,,,,,,,,
,,,,,,,,,,,,,,,,,,,,,
,,,,,,,,,,,,,,,,,,,,,
,,,,,,,,,,,,,,,,,,,,,
,,,,,,,,,,,,,,,,,,,,,
,,,,,,,,,,,,,,,,,,,,,
,,,,,,,,,,,,,,,,,,,,,
,,,,,,,,,,,,,,,,,,,,,
,,,,,,,,,,,,,,,,,,,,,
,,,,,,,,,,,,,,,,,,,,,
,,,,,,,,,,,,,,,,,,,,,
,,,,,,,,,,,,,,,,,,,,,
,,,,,,,,,,,,,,,,,,,,,
,,,,,,,,,,,,,,,,,,,,,
,,,,,,,,,,,,,,,,,,,,,
,,,,,,,,,,,,,,,,,,,,,
,,,,,,,,,,,,,,,,,,,,,
,,,,,,,,,,,,,,,,,,,,,
,,,,,,,,,,,,,,,,,,,,,
,,,,,,,,,,,,,,,,,,,,,
,,,,,,,,,,,,,,,,,,,,,
,,,,,,,,,,,,,,,,,,,,,
,,,,,,,,,,,,,,,,,,,,,
,,,,,,,,,,,,,,,,,,,,,
,,,,,,,,,,,,,,,,,,,,,
,,,,,,,,,,,,,,,,,,,,,
,,,,,,,,,,,,,,,,,,,,,
,,,,,,,,,,,,,,,,,,,,,
,,,,,,,,,,,,,,,,,,,,,
,,,,,,,,,,,,,,,,,,,,,
,,,,,,,,,,,,,,,,,,,,,
,,,,,,,,,,,,,,,,,,,,,
,,,,,,,,,,,,,,,,,,,,,
,,,,,,,,,,,,,,,,,,,,,
,,,,,,,,,,,,,,,,,,,,,
,,,,,,,,,,,,,,,,,,,,,
,,,,,,,,,,,,,,,,,,,,,
,,,,,,,,,,,,,,,,,,,,,
,,,,,,,,,,,,,,,,,,,,,
,,,,,,,,,,,,,,,,,,,,,
,,,,,,,,,,,,,,,,,,,,,
,,,,,,,,,,,,,,,,,,,,,
,,,,,,,,,,,,,,,,,,,,,
,,,,,,,,,,,,,,,,,,,,,
,,,,,,,,,,,,,,,,,,,,,
,,,,,,,,,,,,,,,,,,,,,
,,,,,,,,,,,,,,,,,,,,,
,,,,,,,,,,,,,,,,,,,,,
,,,,,,,,,,,,,,,,,,,,,
,,,,,,,,,,,,,,,,,,,,,
,,,,,,,,,,,,,,,,,,,,,
,,,,,,,,,,,,,,,,,,,,,
,,,,,,,,,,,,,,,,,,,,,
,,,,,,,,,,,,,,,,,,,,,
,,,,,,,,,,,,,,,,,,,,,
,,,,,,,,,,,,,,,,,,,,,
,,,,,,,,,,,,,,,,,,,,,
,,,,,,,,,,,,,,,,,,,,,
,,,,,,,,,,,,,,,,,,,,,
,,,,,,,,,,,,,,,,,,,,,
,,,,,,,,,,,,,,,,,,,,,
,,,,,,,,,,,,,,,,,,,,,
,,,,,,,,,,,,,,,,,,,,,
,,,,,,,,,,,,,,,,,,,,,
,,,,,,,,,,,,,,,,,,,,,
,,,,,,,,,,,,,,,,,,,,,
,,,,,,,,,,,,,,,,,,,,,
,,,,,,,,,,,,,,,,,,,,,
,,,,,,,,,,,,,,,,,,,,,
,,,,,,,,,,,,,,,,,,,,,
,,,,,,,,,,,,,,,,,,,,,
,,,,,,,,,,,,,,,,,,,,,
,,,,,,,,,,,,,,,,,,,,,
,,,,,,,,,,,,,,,,,,,,,
,,,,,,,,,,,,,,,,,,,,,
,,,,,,,,,,,,,,,,,,,,,
,,,,,,,,,,,,,,,,,,,,,
,,,,,,,,,,,,,,,,,,,,,
,,,,,,,,,,,,,,,,,,,,,
,,,,,,,,,,,,,,,,,,,,,
,,,,,,,,,,,,,,,,,,,,,
,,,,,,,,,,,,,,,,,,,,,
,,,,,,,,,,,,,,,,,,,,,
,,,,,,,,,,,,,,,,,,,,,
,,,,,,,,,,,,,,,,,,,,,
,,,,,,,,,,,,,,,,,,,,,
,,,,,,,,,,,,,,,,,,,,,
,,,,,,,,,,,,,,,,,,,,,
,,,,,,,,,,,,,,,,,,,,,
,,,,,,,,,,,,,,,,,,,,,
,,,,,,,,,,,,,,,,,,,,,
,,,,,,,,,,,,,,,,,,,,,
,,,,,,,,,,,,,,,,,,,,,
,,,,,,,,,,,,,,,,,,,,,
,,,,,,,,,,,,,,,,,,,,,
,,,,,,,,,,,,,,,,,,,,,
,,,,,,,,,,,,,,,,,,,,,
,,,,,,,,,,,,,,,,,,,,,
,,,,,,,,,,,,,,,,,,,,,
,,,,,,,,,,,,,,,,,,,,,
,,,,,,,,,,,,,,,,,,,,,
,,,,,,,,,,,,,,,,,,,,,
,,,,,,,,,,,,,,,,,,,,,
,,,,,,,,,,,,,,,,,,,,,
,,,,,,,,,,,,,,,,,,,,,
,,,,,,,,,,,,,,,,,,,,,
,,,,,,,,,,,,,,,,,,,,,
,,,,,,,,,,,,,,,,,,,,,
,,,,,,,,,,,,,,,,,,,,,
,,,,,,,,,,,,,,,,,,,,,
,,,,,,,,,,,,,,,,,,,,,
,,,,,,,,,,,,,,,,,,,,,
,,,,,,,,,,,,,,,,,,,,,
,,,,,,,,,,,,,,,,,,,,,
,,,,,,,,,,,,,,,,,,,,,
,,,,,,,,,,,,,,,,,,,,,
,,,,,,,,,,,,,,,,,,,,,
,,,,,,,,,,,,,,,,,,,,,
,,,,,,,,,,,,,,,,,,,,,
,,,,,,,,,,,,,,,,,,,,,
,,,,,,,,,,,,,,,,,,,,,
,,,,,,,,,,,,,,,,,,,,,
,,,,,,,,,,,,,,,,,,,,,
,,,,,,,,,,,,,,,,,,,,,
,,,,,,,,,,,,,,,,,,,,,
,,,,,,,,,,,,,,,,,,,,,
,,,,,,,,,,,,,,,,,,,,,
,,,,,,,,,,,,,,,,,,,,,
,,,,,,,,,,,,,,,,,,,,,
,,,,,,,,,,,,,,,,,,,,,
,,,,,,,,,,,,,,,,,,,,,
,,,,,,,,,,,,,,,,,,,,,
,,,,,,,,,,,,,,,,,,,,,
,,,,,,,,,,,,,,,,,,,,,
,,,,,,,,,,,,,,,,,,,,,
,,,,,,,,,,,,,,,,,,,,,
,,,,,,,,,,,,,,,,,,,,,
,,,,,,,,,,,,,,,,,,,,,
,,,,,,,,,,,,,,,,,,,,,
,,,,,,,,,,,,,,,,,,,,,
,,,,,,,,,,,,,,,,,,,,,
,,,,,,,,,,,,,,,,,,,,,
,,,,,,,,,,,,,,,,,,,,,
,,,,,,,,,,,,,,,,,,,,,
,,,,,,,,,,,,,,,,,,,,,
,,,,,,,,,,,,,,,,,,,,,
,,,,,,,,,,,,,,,,,,,,,
,,,,,,,,,,,,,,,,,,,,,
,,,,,,,,,,,,,,,,,,,,,
,,,,,,,,,,,,,,,,,,,,,
,,,,,,,,,,,,,,,,,,,,,
,,,,,,,,,,,,,,,,,,,,,
,,,,,,,,,,,,,,,,,,,,,
,,,,,,,,,,,,,,,,,,,,,
,,,,,,,,,,,,,,,,,,,,,
,,,,,,,,,,,,,,,,,,,,,
,,,,,,,,,,,,,,,,,,,,,
,,,,,,,,,,,,,,,,,,,,,
,,,,,,,,,,,,,,,,,,,,,
,,,,,,,,,,,,,,,,,,,,,
,,,,,,,,,,,,,,,,,,,,,
,,,,,,,,,,,,,,,,,,,,,
,,,,,,,,,,,,,,,,,,,,,
,,,,,,,,,,,,,,,,,,,,,
,,,,,,,,,,,,,,,,,,,,,
,,,,,,,,,,,,,,,,,,,,,
,,,,,,,,,,,,,,,,,,,,,
,,,,,,,,,,,,,,,,,,,,,
,,,,,,,,,,,,,,,,,,,,,
,,,,,,,,,,,,,,,,,,,,,
,,,,,,,,,,,,,,,,,,,,,
,,,,,,,,,,,,,,,,,,,,,
,,,,,,,,,,,,,,,,,,,,,
,,,,,,,,,,,,,,,,,,,,,
,,,,,,,,,,,,,,,,,,,,,
,,,,,,,,,,,,,,,,,,,,,
,,,,,,,,,,,,,,,,,,,,,
,,,,,,,,,,,,,,,,,,,,,
,,,,,,,,,,,,,,,,,,,,,
,,,,,,,,,,,,,,,,,,,,,
,,,,,,,,,,,,,,,,,,,,,
,,,,,,,,,,,,,,,,,,,,,
,,,,,,,,,,,,,,,,,,,,,
,,,,,,,,,,,,,,,,,,,,,
,,,,,,,,,,,,,,,,,,,,,
,,,,,,,,,,,,,,,,,,,,,
,,,,,,,,,,,,,,,,,,,,,
,,,,,,,,,,,,,,,,,,,,,
,,,,,,,,,,,,,,,,,,,,,
,,,,,,,,,,,,,,,,,,,,,
,,,,,,,,,,,,,,,,,,,,,
,,,,,,,,,,,,,,,,,,,,,
,,,,,,,,,,,,,,,,,,,,,
,,,,,,,,,,,,,,,,,,,,,
,,,,,,,,,,,,,,,,,,,,,
,,,,,,,,,,,,,,,,,,,,,
,,,,,,,,,,,,,,,,,,,,,
,,,,,,,,,,,,,,,,,,,,,
,,,,,,,,,,,,,,,,,,,,,
,,,,,,,,,,,,,,,,,,,,,
,,,,,,,,,,,,,,,,,,,,,
,,,,,,,,,,,,,,,,,,,,,
,,,,,,,,,,,,,,,,,,,,,
,,,,,,,,,,,,,,,,,,,,,
,,,,,,,,,,,,,,,,,,,,,
,,,,,,,,,,,,,,,,,,,,,
,,,,,,,,,,,,,,,,,,,,,
,,,,,,,,,,,,,,,,,,,,,
,,,,,,,,,,,,,,,,,,,,,
,,,,,,,,,,,,,,,,,,,,,
,,,,,,,,,,,,,,,,,,,,,
,,,,,,,,,,,,,,,,,,,,,
,,,,,,,,,,,,,,,,,,,,,
,,,,,,,,,,,,,,,,,,,,,
,,,,,,,,,,,,,,,,,,,,,
,,,,,,,,,,,,,,,,,,,,,
,,,,,,,,,,,,,,,,,,,,,
,,,,,,,,,,,,,,,,,,,,,
,,,,,,,,,,,,,,,,,,,,,
,,,,,,,,,,,,,,,,,,,,,
,,,,,,,,,,,,,,,,,,,,,
,,,,,,,,,,,,,,,,,,,,,
,,,,,,,,,,,,,,,,,,,,,
,,,,,,,,,,,,,,,,,,,,,
,,,,,,,,,,,,,,,,,,,,,
,,,,,,,,,,,,,,,,,,,,,
,,,,,,,,,,,,,,,,,,,,,
,,,,,,,,,,,,,,,,,,,,,
,,,,,,,,,,,,,,,,,,,,,
,,,,,,,,,,,,,,,,,,,,,
,,,,,,,,,,,,,,,,,,,,,
,,,,,,,,,,,,,,,,,,,,,
,,,,,,,,,,,,,,,,,,,,,
,,,,,,,,,,,,,,,,,,,,,
,,,,,,,,,,,,,,,,,,,,,
,,,,,,,,,,,,,,,,,,,,,
,,,,,,,,,,,,,,,,,,,,,
,,,,,,,,,,,,,,,,,,,,,
,,,,,,,,,,,,,,,,,,,,,
,,,,,,,,,,,,,,,,,,,,,
,,,,,,,,,,,,,,,,,,,,,
,,,,,,,,,,,,,,,,,,,,,
,,,,,,,,,,,,,,,,,,,,,
,,,,,,,,,,,,,,,,,,,,,
,,,,,,,,,,,,,,,,,,,,,
,,,,,,,,,,,,,,,,,,,,,
,,,,,,,,,,,,,,,,,,,,,
,,,,,,,,,,,,,,,,,,,,,
,,,,,,,,,,,,,,,,,,,,,
,,,,,,,,,,,,,,,,,,,,,
,,,,,,,,,,,,,,,,,,,,,
,,,,,,,,,,,,,,,,,,,,,
,,,,,,,,,,,,,,,,,,,,,
,,,,,,,,,,,,,,,,,,,,,
,,,,,,,,,,,,,,,,,,,,,
,,,,,,,,,,,,,,,,,,,,,
,,,,,,,,,,,,,,,,,,,,,
,,,,,,,,,,,,,,,,,,,,,
,,,,,,,,,,,,,,,,,,,,,
,,,,,,,,,,,,,,,,,,,,,
,,,,,,,,,,,,,,,,,,,,,
,,,,,,,,,,,,,,,,,,,,,
,,,,,,,,,,,,,,,,,,,,,
,,,,,,,,,,,,,,,,,,,,,
,,,,,,,,,,,,,,,,,,,,,
,,,,,,,,,,,,,,,,,,,,,
,,,,,,,,,,,,,,,,,,,,,
,,,,,,,,,,,,,,,,,,,,,
,,,,,,,,,,,,,,,,,,,,,
,,,,,,,,,,,,,,,,,,,,,
,,,,,,,,,,,,,,,,,,,,,
,,,,,,,,,,,,,,,,,,,,,
,,,,,,,,,,,,,,,,,,,,,
,,,,,,,,,,,,,,,,,,,,,
,,,,,,,,,,,,,,,,,,,,,
,,,,,,,,,,,,,,,,,,,,,
,,,,,,,,,,,,,,,,,,,,,
,,,,,,,,,,,,,,,,,,,,,
,,,,,,,,,,,,,,,,,,,,,
,,,,,,,,,,,,,,,,,,,,,
,,,,,,,,,,,,,,,,,,,,,
,,,,,,,,,,,,,,,,,,,,,
,,,,,,,,,,,,,,,,,,,,,
,,,,,,,,,,,,,,,,,,,,,
,,,,,,,,,,,,,,,,,,,,,
,,,,,,,,,,,,,,,,,,,,,
,,,,,,,,,,,,,,,,,,,,,
,,,,,,,,,,,,,,,,,,,,,
,,,,,,,,,,,,,,,,,,,,,
,,,,,,,,,,,,,,,,,,,,,
,,,,,,,,,,,,,,,,,,,,,
,,,,,,,,,,,,,,,,,,,,,
,,,,,,,,,,,,,,,,,,,,,
,,,,,,,,,,,,,,,,,,,,,
,,,,,,,,,,,,,,,,,,,,,
,,,,,,,,,,,,,,,,,,,,,
,,,,,,,,,,,,,,,,,,,,,
,,,,,,,,,,,,,,,,,,,,,
,,,,,,,,,,,,,,,,,,,,,
,,,,,,,,,,,,,,,,,,,,,
,,,,,,,,,,,,,,,,,,,,,
,,,,,,,,,,,,,,,,,,,,,
,,,,,,,,,,,,,,,,,,,,,
,,,,,,,,,,,,,,,,,,,,,
,,,,,,,,,,,,,,,,,,,,,
,,,,,,,,,,,,,,,,,,,,,
,,,,,,,,,,,,,,,,,,,,,
,,,,,,,,,,,,,,,,,,,,,
,,,,,,,,,,,,,,,,,,,,,
,,,,,,,,,,,,,,,,,,,,,
,,,,,,,,,,,,,,,,,,,,,
,,,,,,,,,,,,,,,,,,,,,
,,,,,,,,,,,,,,,,,,,,,
,,,,,,,,,,,,,,,,,,,,,
,,,,,,,,,,,,,,,,,,,,,
,,,,,,,,,,,,,,,,,,,,,
,,,,,,,,,,,,,,,,,,,,,
,,,,,,,,,,,,,,,,,,,,,
,,,,,,,,,,,,,,,,,,,,,
,,,,,,,,,,,,,,,,,,,,,
,,,,,,,,,,,,,,,,,,,,,
,,,,,,,,,,,,,,,,,,,,,
,,,,,,,,,,,,,,,,,,,,,
,,,,,,,,,,,,,,,,,,,,,
,,,,,,,,,,,,,,,,,,,,,
,,,,,,,,,,,,,,,,,,,,,
,,,,,,,,,,,,,,,,,,,,,
,,,,,,,,,,,,,,,,,,,,,
,,,,,,,,,,,,,,,,,,,,,
,,,,,,,,,,,,,,,,,,,,,
,,,,,,,,,,,,,,,,,,,,,
,,,,,,,,,,,,,,,,,,,,,
,,,,,,,,,,,,,,,,,,,,,
,,,,,,,,,,,,,,,,,,,,,
,,,,,,,,,,,,,,,,,,,,,
,,,,,,,,,,,,,,,,,,,,,
,,,,,,,,,,,,,,,,,,,,,
,,,,,,,,,,,,,,,,,,,,,
,,,,,,,,,,,,,,,,,,,,,
,,,,,,,,,,,,,,,,,,,,,
,,,,,,,,,,,,,,,,,,,,,
,,,,,,,,,,,,,,,,,,,,,
,,,,,,,,,,,,,,,,,,,,,
,,,,,,,,,,,,,,,,,,,,,
,,,,,,,,,,,,,,,,,,,,,
,,,,,,,,,,,,,,,,,,,,,
,,,,,,,,,,,,,,,,,,,,,
,,,,,,,,,,,,,,,,,,,,,
,,,,,,,,,,,,,,,,,,,,,
,,,,,,,,,,,,,,,,,,,,,
,,,,,,,,,,,,,,,,,,,,,
,,,,,,,,,,,,,,,,,,,,,
,,,,,,,,,,,,,,,,,,,,,
,,,,,,,,,,,,,,,,,,,,,
,,,,,,,,,,,,,,,,,,,,,
,,,,,,,,,,,,,,,,,,,,,
,,,,,,,,,,,,,,,,,,,,,
,,,,,,,,,,,,,,,,,,,,,
,,,,,,,,,,,,,,,,,,,,,
,,,,,,,,,,,,,,,,,,,,,
,,,,,,,,,,,,,,,,,,,,,
,,,,,,,,,,,,,,,,,,,,,
,,,,,,,,,,,,,,,,,,,,,
,,,,,,,,,,,,,,,,,,,,,
,,,,,,,,,,,,,,,,,,,,,
,,,,,,,,,,,,,,,,,,,,,
,,,,,,,,,,,,,,,,,,,,,
,,,,,,,,,,,,,,,,,,,,,
,,,,,,,,,,,,,,,,,,,,,
,,,,,,,,,,,,,,,,,,,,,
,,,,,,,,,,,,,,,,,,,,,
,,,,,,,,,,,,,,,,,,,,,
,,,,,,,,,,,,,,,,,,,,,
,,,,,,,,,,,,,,,,,,,,,
,,,,,,,,,,,,,,,,,,,,,
,,,,,,,,,,,,,,,,,,,,,
,,,,,,,,,,,,,,,,,,,,,
,,,,,,,,,,,,,,,,,,,,,
,,,,,,,,,,,,,,,,,,,,,
,,,,,,,,,,,,,,,,,,,,,
,,,,,,,,,,,,,,,,,,,,,
,,,,,,,,,,,,,,,,,,,,,
,,,,,,,,,,,,,,,,,,,,,
,,,,,,,,,,,,,,,,,,,,,
,,,,,,,,,,,,,,,,,,,,,
,,,,,,,,,,,,,,,,,,,,,
,,,,,,,,,,,,,,,,,,,,,
,,,,,,,,,,,,,,,,,,,,,
,,,,,,,,,,,,,,,,,,,,,
,,,,,,,,,,,,,,,,,,,,,
,,,,,,,,,,,,,,,,,,,,,
,,,,,,,,,,,,,,,,,,,,,
,,,,,,,,,,,,,,,,,,,,,
,,,,,,,,,,,,,,,,,,,,,
,,,,,,,,,,,,,,,,,,,,,
,,,,,,,,,,,,,,,,,,,,,
,,,,,,,,,,,,,,,,,,,,,
,,,,,,,,,,,,,,,,,,,,,
,,,,,,,,,,,,,,,,,,,,,
,,,,,,,,,,,,,,,,,,,,,
,,,,,,,,,,,,,,,,,,,,,
,,,,,,,,,,,,,,,,,,,,,
,,,,,,,,,,,,,,,,,,,,,
,,,,,,,,,,,,,,,,,,,,,
,,,,,,,,,,,,,,,,,,,,,
,,,,,,,,,,,,,,,,,,,,,
,,,,,,,,,,,,,,,,,,,,,
,,,,,,,,,,,,,,,,,,,,,
,,,,,,,,,,,,,,,,,,,,,
,,,,,,,,,,,,,,,,,,,,,
,,,,,,,,,,,,,,,,,,,,,
,,,,,,,,,,,,,,,,,,,,,
,,,,,,,,,,,,,,,,,,,,,
,,,,,,,,,,,,,,,,,,,,,
,,,,,,,,,,,,,,,,,,,,,
,,,,,,,,,,,,,,,,,,,,,
,,,,,,,,,,,,,,,,,,,,,
,,,,,,,,,,,,,,,,,,,,,
,,,,,,,,,,,,,,,,,,,,,
,,,,,,,,,,,,,,,,,,,,,
,,,,,,,,,,,,,,,,,,,,,
,,,,,,,,,,,,,,,,,,,,,
,,,,,,,,,,,,,,,,,,,,,
,,,,,,,,,,,,,,,,,,,,,
,,,,,,,,,,,,,,,,,,,,,
,,,,,,,,,,,,,,,,,,,,,
,,,,,,,,,,,,,,,,,,,,,
,,,,,,,,,,,,,,,,,,,,,
,,,,,,,,,,,,,,,,,,,,,
,,,,,,,,,,,,,,,,,,,,,
,,,,,,,,,,,,,,,,,,,,,
,,,,,,,,,,,,,,,,,,,,,
,,,,,,,,,,,,,,,,,,,,,
,,,,,,,,,,,,,,,,,,,,,
,,,,,,,,,,,,,,,,,,,,,
,,,,,,,,,,,,,,,,,,,,,
,,,,,,,,,,,,,,,,,,,,,
,,,,,,,,,,,,,,,,,,,,,
,,,,,,,,,,,,,,,,,,,,,
,,,,,,,,,,,,,,,,,,,,,
,,,,,,,,,,,,,,,,,,,,,
,,,,,,,,,,,,,,,,,,,,,
,,,,,,,,,,,,,,,,,,,,,
,,,,,,,,,,,,,,,,,,,,,
,,,,,,,,,,,,,,,,,,,,,
,,,,,,,,,,,,,,,,,,,,,
,,,,,,,,,,,,,,,,,,,,,
,,,,,,,,,,,,,,,,,,,,,
,,,,,,,,,,,,,,,,,,,,,
,,,,,,,,,,,,,,,,,,,,,
,,,,,,,,,,,,,,,,,,,,,
,,,,,,,,,,,,,,,,,,,,,
,,,,,,,,,,,,,,,,,,,,,
,,,,,,,,,,,,,,,,,,,,,
,,,,,,,,,,,,,,,,,,,,,
,,,,,,,,,,,,,,,,,,,,,
,,,,,,,,,,,,,,,,,,,,,
,,,,,,,,,,,,,,,,,,,,,
,,,,,,,,,,,,,,,,,,,,,
,,,,,,,,,,,,,,,,,,,,,
,,,,,,,,,,,,,,,,,,,,,
,,,,,,,,,,,,,,,,,,,,,
,,,,,,,,,,,,,,,,,,,,,
,,,,,,,,,,,,,,,,,,,,,
,,,,,,,,,,,,,,,,,,,,,
,,,,,,,,,,,,,,,,,,,,,
,,,,,,,,,,,,,,,,,,,,,
,,,,,,,,,,,,,,,,,,,,,
,,,,,,,,,,,,,,,,,,,,,
,,,,,,,,,,,,,,,,,,,,,
,,,,,,,,,,,,,,,,,,,,,
,,,,,,,,,,,,,,,,,,,,,
,,,,,,,,,,,,,,,,,,,,,
,,,,,,,,,,,,,,,,,,,,,
,,,,,,,,,,,,,,,,,,,,,
,,,,,,,,,,,,,,,,,,,,,
,,,,,,,,,,,,,,,,,,,,,
,,,,,,,,,,,,,,,,,,,,,
,,,,,,,,,,,,,,,,,,,,,
,,,,,,,,,,,,,,,,,,,,,
,,,,,,,,,,,,,,,,,,,,,
,,,,,,,,,,,,,,,,,,,,,
,,,,,,,,,,,,,,,,,,,,,
,,,,,,,,,,,,,,,,,,,,,
,,,,,,,,,,,,,,,,,,,,,
,,,,,,,,,,,,,,,,,,,,,
,,,,,,,,,,,,,,,,,,,,,
,,,,,,,,,,,,,,,,,,,,,
,,,,,,,,,,,,,,,,,,,,,
,,,,,,,,,,,,,,,,,,,,,
,,,,,,,,,,,,,,,,,,,,,
,,,,,,,,,,,,,,,,,,,,,
,,,,,,,,,,,,,,,,,,,,,
,,,,,,,,,,,,,,,,,,,,,
,,,,,,,,,,,,,,,,,,,,,
,,,,,,,,,,,,,,,,,,,,,
,,,,,,,,,,,,,,,,,,,,,
,,,,,,,,,,,,,,,,,,,,,
,,,,,,,,,,,,,,,,,,,,,
,,,,,,,,,,,,,,,,,,,,,
,,,,,,,,,,,,,,,,,,,,,
,,,,,,,,,,,,,,,,,,,,,
,,,,,,,,,,,,,,,,,,,,,
,,,,,,,,,,,,,,,,,,,,,
,,,,,,,,,,,,,,,,,,,,,
,,,,,,,,,,,,,,,,,,,,,
,,,,,,,,,,,,,,,,,,,,,
,,,,,,,,,,,,,,,,,,,,,
,,,,,,,,,,,,,,,,,,,,,
,,,,,,,,,,,,,,,,,,,,,
,,,,,,,,,,,,,,,,,,,,,
,,,,,,,,,,,,,,,,,,,,,
,,,,,,,,,,,,,,,,,,,,,
,,,,,,,,,,,,,,,,,,,,,
,,,,,,,,,,,,,,,,,,,,,
,,,,,,,,,,,,,,,,,,,,,
,,,,,,,,,,,,,,,,,,,,,
,,,,,,,,,,,,,,,,,,,,,
,,,,,,,,,,,,,,,,,,,,,
,,,,,,,,,,,,,,,,,,,,,
,,,,,,,,,,,,,,,,,,,,,
,,,,,,,,,,,,,,,,,,,,,
,,,,,,,,,,,,,,,,,,,,,
,,,,,,,,,,,,,,,,,,,,,
,,,,,,,,,,,,,,,,,,,,,
,,,,,,,,,,,,,,,,,,,,,
,,,,,,,,,,,,,,,,,,,,,
,,,,,,,,,,,,,,,,,,,,,
,,,,,,,,,,,,,,,,,,,,,
,,,,,,,,,,,,,,,,,,,,,
,,,,,,,,,,,,,,,,,,,,,
,,,,,,,,,,,,,,,,,,,,,
,,,,,,,,,,,,,,,,,,,,,
,,,,,,,,,,,,,,,,,,,,,
,,,,,,,,,,,,,,,,,,,,,
,,,,,,,,,,,,,,,,,,,,,
,,,,,,,,,,,,,,,,,,,,,
,,,,,,,,,,,,,,,,,,,,,
,,,,,,,,,,,,,,,,,,,,,
,,,,,,,,,,,,,,,,,,,,,
,,,,,,,,,,,,,,,,,,,,,
,,,,,,,,,,,,,,,,,,,,,
,,,,,,,,,,,,,,,,,,,,,
,,,,,,,,,,,,,,,,,,,,,
,,,,,,,,,,,,,,,,,,,,,
,,,,,,,,,,,,,,,,,,,,,
,,,,,,,,,,,,,,,,,,,,,
,,,,,,,,,,,,,,,,,,,,,
,,,,,,,,,,,,,,,,,,,,,
,,,,,,,,,,,,,,,,,,,,,
,,,,,,,,,,,,,,,,,,,,,
,,,,,,,,,,,,,,,,,,,,,
,,,,,,,,,,,,,,,,,,,,,
,,,,,,,,,,,,,,,,,,,,,
,,,,,,,,,,,,,,,,,,,,,
,,,,,,,,,,,,,,,,,,,,,
,,,,,,,,,,,,,,,,,,,,,
,,,,,,,,,,,,,,,,,,,,,
,,,,,,,,,,,,,,,,,,,,,
,,,,,,,,,,,,,,,,,,,,,
,,,,,,,,,,,,,,,,,,,,,
,,,,,,,,,,,,,,,,,,,,,
,,,,,,,,,,,,,,,,,,,,,
,,,,,,,,,,,,,,,,,,,,,
,,,,,,,,,,,,,,,,,,,,,
,,,,,,,,,,,,,,,,,,,,,
,,,,,,,,,,,,,,,,,,,,,
,,,,,,,,,,,,,,,,,,,,,
,,,,,,,,,,,,,,,,,,,,,
,,,,,,,,,,,,,,,,,,,,,
,,,,,,,,,,,,,,,,,,,,,
,,,,,,,,,,,,,,,,,,,,,
,,,,,,,,,,,,,,,,,,,,,
,,,,,,,,,,,,,,,,,,,,,
,,,,,,,,,,,,,,,,,,,,,
,,,,,,,,,,,,,,,,,,,,,
,,,,,,,,,,,,,,,,,,,,,
,,,,,,,,,,,,,,,,,,,,,
,,,,,,,,,,,,,,,,,,,,,
,,,,,,,,,,,,,,,,,,,,,
,,,,,,,,,,,,,,,,,,,,,
,,,,,,,,,,,,,,,,,,,,,
,,,,,,,,,,,,,,,,,,,,,
,,,,,,,,,,,,,,,,,,,,,
,,,,,,,,,,,,,,,,,,,,,
,,,,,,,,,,,,,,,,,,,,,
,,,,,,,,,,,,,,,,,,,,,
,,,,,,,,,,,,,,,,,,,,,
,,,,,,,,,,,,,,,,,,,,,
,,,,,,,,,,,,,,,,,,,,,
,,,,,,,,,,,,,,,,,,,,,
,,,,,,,,,,,,,,,,,,,,,
,,,,,,,,,,,,,,,,,,,,,
,,,,,,,,,,,,,,,,,,,,,
,,,,,,,,,,,,,,,,,,,,,
,,,,,,,,,,,,,,,,,,,,,
,,,,,,,,,,,,,,,,,,,,,
,,,,,,,,,,,,,,,,,,,,,
,,,,,,,,,,,,,,,,,,,,,
,,,,,,,,,,,,,,,,,,,,,
,,,,,,,,,,,,,,,,,,,,,
,,,,,,,,,,,,,,,,,,,,,
,,,,,,,,,,,,,,,,,,,,,
,,,,,,,,,,,,,,,,,,,,,
,,,,,,,,,,,,,,,,,,,,,
,,,,,,,,,,,,,,,,,,,,,
,,,,,,,,,,,,,,,,,,,,,
,,,,,,,,,,,,,,,,,,,,,
,,,,,,,,,,,,,,,,,,,,,
,,,,,,,,,,,,,,,,,,,,,
,,,,,,,,,,,,,,,,,,,,,
,,,,,,,,,,,,,,,,,,,,,
,,,,,,,,,,,,,,,,,,,,,
,,,,,,,,,,,,,,,,,,,,,
,,,,,,,,,,,,,,,,,,,,,
,,,,,,,,,,,,,,,,,,,,,
,,,,,,,,,,,,,,,,,,,,,
,,,,,,,,,,,,,,,,,,,,,
,,,,,,,,,,,,,,,,,,,,,
,,,,,,,,,,,,,,,,,,,,,
,,,,,,,,,,,,,,,,,,,,,
,,,,,,,,,,,,,,,,,,,,,
,,,,,,,,,,,,,,,,,,,,,
,,,,,,,,,,,,,,,,,,,,,
,,,,,,,,,,,,,,,,,,,,,
,,,,,,,,,,,,,,,,,,,,,
,,,,,,,,,,,,,,,,,,,,,
,,,,,,,,,,,,,,,,,,,,,
,,,,,,,,,,,,,,,,,,,,,
,,,,,,,,,,,,,,,,,,,,,
,,,,,,,,,,,,,,,,,,,,,
,,,,,,,,,,,,,,,,,,,,,
,,,,,,,,,,,,,,,,,,,,,
,,,,,,,,,,,,,,,,,,,,,
,,,,,,,,,,,,,,,,,,,,,
,,,,,,,,,,,,,,,,,,,,,
,,,,,,,,,,,,,,,,,,,,,
,,,,,,,,,,,,,,,,,,,,,
,,,,,,,,,,,,,,,,,,,,,
,,,,,,,,,,,,,,,,,,,,,
,,,,,,,,,,,,,,,,,,,,,
,,,,,,,,,,,,,,,,,,,,,
,,,,,,,,,,,,,,,,,,,,,
,,,,,,,,,,,,,,,,,,,,,
,,,,,,,,,,,,,,,,,,,,,
,,,,,,,,,,,,,,,,,,,,,
,,,,,,,,,,,,,,,,,,,,,
,,,,,,,,,,,,,,,,,,,,,
,,,,,,,,,,,,,,,,,,,,,
,,,,,,,,,,,,,,,,,,,,,
,,,,,,,,,,,,,,,,,,,,,
,,,,,,,,,,,,,,,,,,,,,
,,,,,,,,,,,,,,,,,,,,,
,,,,,,,,,,,,,,,,,,,,,
,,,,,,,,,,,,,,,,,,,,,
,,,,,,,,,,,,,,,,,,,,,
,,,,,,,,,,,,,,,,,,,,,
,,,,,,,,,,,,,,,,,,,,,
,,,,,,,,,,,,,,,,,,,,,
,,,,,,,,,,,,,,,,,,,,,
,,,,,,,,,,,,,,,,,,,,,
,,,,,,,,,,,,,,,,,,,,,
,,,,,,,,,,,,,,,,,,,,,
,,,,,,,,,,,,,,,,,,,,,
,,,,,,,,,,,,,,,,,,,,,
,,,,,,,,,,,,,,,,,,,,,
,,,,,,,,,,,,,,,,,,,,,
,,,,,,,,,,,,,,,,,,,,,
,,,,,,,,,,,,,,,,,,,,,
,,,,,,,,,,,,,,,,,,,,,
,,,,,,,,,,,,,,,,,,,,,
,,,,,,,,,,,,,,,,,,,,,
,,,,,,,,,,,,,,,,,,,,,
,,,,,,,,,,,,,,,,,,,,,
,,,,,,,,,,,,,,,,,,,,,
,,,,,,,,,,,,,,,,,,,,,
,,,,,,,,,,,,,,,,,,,,,
,,,,,,,,,,,,,,,,,,,,,
,,,,,,,,,,,,,,,,,,,,,
,,,,,,,,,,,,,,,,,,,,,
,,,,,,,,,,,,,,,,,,,,,
,,,,,,,,,,,,,,,,,,,,,
,,,,,,,,,,,,,,,,,,,,,
,,,,,,,,,,,,,,,,,,,,,
,,,,,,,,,,,,,,,,,,,,,
,,,,,,,,,,,,,,,,,,,,,
,,,,,,,,,,,,,,,,,,,,,
,,,,,,,,,,,,,,,,,,,,,
,,,,,,,,,,,,,,,,,,,,,
,,,,,,,,,,,,,,,,,,,,,
,,,,,,,,,,,,,,,,,,,,,
,,,,,,,,,,,,,,,,,,,,,
,,,,,,,,,,,,,,,,,,,,,
,,,,,,,,,,,,,,,,,,,,,
,,,,,,,,,,,,,,,,,,,,,
,,,,,,,,,,,,,,,,,,,,,
,,,,,,,,,,,,,,,,,,,,,
,,,,,,,,,,,,,,,,,,,,,
,,,,,,,,,,,,,,,,,,,,,
,,,,,,,,,,,,,,,,,,,,,
,,,,,,,,,,,,,,,,,,,,,
,,,,,,,,,,,,,,,,,,,,,
,,,,,,,,,,,,,,,,,,,,,
,,,,,,,,,,,,,,,,,,,,,
,,,,,,,,,,,,,,,,,,,,,
,,,,,,,,,,,,,,,,,,,,,
,,,,,,,,,,,,,,,,,,,,,
,,,,,,,,,,,,,,,,,,,,,
,,,,,,,,,,,,,,,,,,,,,
,,,,,,,,,,,,,,,,,,,,,
,,,,,,,,,,,,,,,,,,,,,
,,,,,,,,,,,,,,,,,,,,,
,,,,,,,,,,,,,,,,,,,,,
,,,,,,,,,,,,,,,,,,,,,
,,,,,,,,,,,,,,,,,,,,,
,,,,,,,,,,,,,,,,,,,,,
,,,,,,,,,,,,,,,,,,,,,
,,,,,,,,,,,,,,,,,,,,,
,,,,,,,,,,,,,,,,,,,,,
,,,,,,,,,,,,,,,,,,,,,
,,,,,,,,,,,,,,,,,,,,,
,,,,,,,,,,,,,,,,,,,,,
,,,,,,,,,,,,,,,,,,,,,
,,,,,,,,,,,,,,,,,,,,,
,,,,,,,,,,,,,,,,,,,,,
,,,,,,,,,,,,,,,,,,,,,
,,,,,,,,,,,,,,,,,,,,,
,,,,,,,,,,,,,,,,,,,,,
,,,,,,,,,,,,,,,,,,,,,
,,,,,,,,,,,,,,,,,,,,,
,,,,,,,,,,,,,,,,,,,,,
,,,,,,,,,,,,,,,,,,,,,
,,,,,,,,,,,,,,,,,,,,,
,,,,,,,,,,,,,,,,,,,,,
,,,,,,,,,,,,,,,,,,,,,
,,,,,,,,,,,,,,,,,,,,,
,,,,,,,,,,,,,,,,,,,,,
,,,,,,,,,,,,,,,,,,,,,
,,,,,,,,,,,,,,,,,,,,,
,,,,,,,,,,,,,,,,,,,,,
,,,,,,,,,,,,,,,,,,,,,
,,,,,,,,,,,,,,,,,,,,,
,,,,,,,,,,,,,,,,,,,,,
,,,,,,,,,,,,,,,,,,,,,
,,,,,,,,,,,,,,,,,,,,,
,,,,,,,,,,,,,,,,,,,,,
,,,,,,,,,,,,,,,,,,,,,
,,,,,,,,,,,,,,,,,,,,,
,,,,,,,,,,,,,,,,,,,,,
,,,,,,,,,,,,,,,,,,,,,
,,,,,,,,,,,,,,,,,,,,,
,,,,,,,,,,,,,,,,,,,,,
,,,,,,,,,,,,,,,,,,,,,
,,,,,,,,,,,,,,,,,,,,,
,,,,,,,,,,,,,,,,,,,,,
,,,,,,,,,,,,,,,,,,,,,
,,,,,,,,,,,,,,,,,,,,,
,,,,,,,,,,,,,,,,,,,,,
,,,,,,,,,,,,,,,,,,,,,
,,,,,,,,,,,,,,,,,,,,,
,,,,,,,,,,,,,,,,,,,,,
,,,,,,,,,,,,,,,,,,,,,
,,,,,,,,,,,,,,,,,,,,,
,,,,,,,,,,,,,,,,,,,,,
,,,,,,,,,,,,,,,,,,,,,
,,,,,,,,,,,,,,,,,,,,,
,,,,,,,,,,,,,,,,,,,,,
,,,,,,,,,,,,,,,,,,,,,
,,,,,,,,,,,,,,,,,,,,,
,,,,,,,,,,,,,,,,,,,,,
,,,,,,,,,,,,,,,,,,,,,
,,,,,,,,,,,,,,,,,,,,,
,,,,,,,,,,,,,,,,,,,,,
,,,,,,,,,,,,,,,,,,,,,
,,,,,,,,,,,,,,,,,,,,,
,,,,,,,,,,,,,,,,,,,,,
,,,,,,,,,,,,,,,,,,,,,
,,,,,,,,,,,,,,,,,,,,,
,,,,,,,,,,,,,,,,,,,,,
,,,,,,,,,,,,,,,,,,,,,
,,,,,,,,,,,,,,,,,,,,,
,,,,,,,,,,,,,,,,,,,,,
,,,,,,,,,,,,,,,,,,,,,
,,,,,,,,,,,,,,,,,,,,,
,,,,,,,,,,,,,,,,,,,,,
,,,,,,,,,,,,,,,,,,,,,
,,,,,,,,,,,,,,,,,,,,,
,,,,,,,,,,,,,,,,,,,,,
,,,,,,,,,,,,,,,,,,,,,
,,,,,,,,,,,,,,,,,,,,,
,,,,,,,,,,,,,,,,,,,,,
,,,,,,,,,,,,,,,,,,,,,
,,,,,,,,,,,,,,,,,,,,,
,,,,,,,,,,,,,,,,,,,,,
,,,,,,,,,,,,,,,,,,,,,
,,,,,,,,,,,,,,,,,,,,,
,,,,,,,,,,,,,,,,,,,,,
,,,,,,,,,,,,,,,,,,,,,
,,,,,,,,,,,,,,,,,,,,,
,,,,,,,,,,,,,,,,,,,,,
,,,,,,,,,,,,,,,,,,,,,
,,,,,,,,,,,,,,,,,,,,,
,,,,,,,,,,,,,,,,,,,,,
,,,,,,,,,,,,,,,,,,,,,
,,,,,,,,,,,,,,,,,,,,,
,,,,,,,,,,,,,,,,,,,,,
,,,,,,,,,,,,,,,,,,,,,
,,,,,,,,,,,,,,,,,,,,,
,,,,,,,,,,,,,,,,,,,,,
,,,,,,,,,,,,,,,,,,,,,
,,,,,,,,,,,,,,,,,,,,,
,,,,,,,,,,,,,,,,,,,,,
,,,,,,,,,,,,,,,,,,,,,
,,,,,,,,,,,,,,,,,,,,,
,,,,,,,,,,,,,,,,,,,,,
,,,,,,,,,,,,,,,,,,,,,
,,,,,,,,,,,,,,,,,,,,,
,,,,,,,,,,,,,,,,,,,,,
,,,,,,,,,,,,,,,,,,,,,
,,,,,,,,,,,,,,,,,,,,,
,,,,,,,,,,,,,,,,,,,,,
,,,,,,,,,,,,,,,,,,,,,
,,,,,,,,,,,,,,,,,,,,,
,,,,,,,,,,,,,,,,,,,,,
,,,,,,,,,,,,,,,,,,,,,
,,,,,,,,,,,,,,,,,,,,,
,,,,,,,,,,,,,,,,,,,,,
,,,,,,,,,,,,,,,,,,,,,
,,,,,,,,,,,,,,,,,,,,,
,,,,,,,,,,,,,,,,,,,,,
,,,,,,,,,,,,,,,,,,,,,
,,,,,,,,,,,,,,,,,,,,,
,,,,,,,,,,,,,,,,,,,,,
,,,,,,,,,,,,,,,,,,,,,
,,,,,,,,,,,,,,,,,,,,,
,,,,,,,,,,,,,,,,,,,,,
,,,,,,,,,,,,,,,,,,,,,
,,,,,,,,,,,,,,,,,,,,,
,,,,,,,,,,,,,,,,,,,,,
,,,,,,,,,,,,,,,,,,,,,
,,,,,,,,,,,,,,,,,,,,,
,,,,,,,,,,,,,,,,,,,,,
,,,,,,,,,,,,,,,,,,,,,
,,,,,,,,,,,,,,,,,,,,,
,,,,,,,,,,,,,,,,,,,,,
,,,,,,,,,,,,,,,,,,,,,
,,,,,,,,,,,,,,,,,,,,,
,,,,,,,,,,,,,,,,,,,,,
,,,,,,,,,,,,,,,,,,,,,
,,,,,,,,,,,,,,,,,,,,,
,,,,,,,,,,,,,,,,,,,,,
,,,,,,,,,,,,,,,,,,,,,
,,,,,,,,,,,,,,,,,,,,,
,,,,,,,,,,,,,,,,,,,,,
,,,,,,,,,,,,,,,,,,,,,
,,,,,,,,,,,,,,,,,,,,,
,,,,,,,,,,,,,,,,,,,,,
,,,,,,,,,,,,,,,,,,,,,
,,,,,,,,,,,,,,,,,,,,,
,,,,,,,,,,,,,,,,,,,,,
,,,,,,,,,,,,,,,,,,,,,
,,,,,,,,,,,,,,,,,,,,,
,,,,,,,,,,,,,,,,,,,,,
,,,,,,,,,,,,,,,,,,,,,
,,,,,,,,,,,,,,,,,,,,,
,,,,,,,,,,,,,,,,,,,,,
,,,,,,,,,,,,,,,,,,,,,
,,,,,,,,,,,,,,,,,,,,,
,,,,,,,,,,,,,,,,,,,,,
,,,,,,,,,,,,,,,,,,,,,
,,,,,,,,,,,,,,,,,,,,,
,,,,,,,,,,,,,,,,,,,,,
,,,,,,,,,,,,,,,,,,,,,
,,,,,,,,,,,,,,,,,,,,,
,,,,,,,,,,,,,,,,,,,,,
,,,,,,,,,,,,,,,,,,,,,
,,,,,,,,,,,,,,,,,,,,,
,,,,,,,,,,,,,,,,,,,,,
,,,,,,,,,,,,,,,,,,,,,
,,,,,,,,,,,,,,,,,,,,,
,,,,,,,,,,,,,,,,,,,,,
,,,,,,,,,,,,,,,,,,,,,
,,,,,,,,,,,,,,,,,,,,,
,,,,,,,,,,,,,,,,,,,,,
,,,,,,,,,,,,,,,,,,,,,
,,,,,,,,,,,,,,,,,,,,,
,,,,,,,,,,,,,,,,,,,,,
,,,,,,,,,,,,,,,,,,,,,
,,,,,,,,,,,,,,,,,,,,,
,,,,,,,,,,,,,,,,,,,,,
,,,,,,,,,,,,,,,,,,,,,
,,,,,,,,,,,,,,,,,,,,,
,,,,,,,,,,,,,,,,,,,,,
,,,,,,,,,,,,,,,,,,,,,
,,,,,,,,,,,,,,,,,,,,,
,,,,,,,,,,,,,,,,,,,,,
,,,,,,,,,,,,,,,,,,,,,
,,,,,,,,,,,,,,,,,,,,,
,,,,,,,,,,,,,,,,,,,,,
,,,,,,,,,,,,,,,,,,,,,
,,,,,,,,,,,,,,,,,,,,,
,,,,,,,,,,,,,,,,,,,,,
,,,,,,,,,,,,,,,,,,,,,
,,,,,,,,,,,,,,,,,,,,,
,,,,,,,,,,,,,,,,,,,,,
,,,,,,,,,,,,,,,,,,,,,
,,,,,,,,,,,,,,,,,,,,,
,,,,,,,,,,,,,,,,,,,,,
,,,,,,,,,,,,,,,,,,,,,
,,,,,,,,,,,,,,,,,,,,,
,,,,,,,,,,,,,,,,,,,,,
,,,,,,,,,,,,,,,,,,,,,
,,,,,,,,,,,,,,,,,,,,,
,,,,,,,,,,,,,,,,,,,,,
,,,,,,,,,,,,,,,,,,,,,
,,,,,,,,,,,,,,,,,,,,,
,,,,,,,,,,,,,,,,,,,,,
,,,,,,,,,,,,,,,,,,,,,
,,,,,,,,,,,,,,,,,,,,,
,,,,,,,,,,,,,,,,,,,,,
,,,,,,,,,,,,,,,,,,,,,
,,,,,,,,,,,,,,,,,,,,,
,,,,,,,,,,,,,,,,,,,,,
,,,,,,,,,,,,,,,,,,,,,
,,,,,,,,,,,,,,,,,,,,,
,,,,,,,,,,,,,,,,,,,,,
,,,,,,,,,,,,,,,,,,,,,
,,,,,,,,,,,,,,,,,,,,,
,,,,,,,,,,,,,,,,,,,,,
,,,,,,,,,,,,,,,,,,,,,
,,,,,,,,,,,,,,,,,,,,,
,,,,,,,,,,,,,,,,,,,,,
,,,,,,,,,,,,,,,,,,,,,
,,,,,,,,,,,,,,,,,,,,,
,,,,,,,,,,,,,,,,,,,,,
,,,,,,,,,,,,,,,,,,,,,
,,,,,,,,,,,,,,,,,,,,,
,,,,,,,,,,,,,,,,,,,,,
,,,,,,,,,,,,,,,,,,,,,
,,,,,,,,,,,,,,,,,,,,,
,,,,,,,,,,,,,,,,,,,,,
,,,,,,,,,,,,,,,,,,,,,
,,,,,,,,,,,,,,,,,,,,,
,,,,,,,,,,,,,,,,,,,,,
,,,,,,,,,,,,,,,,,,,,,
,,,,,,,,,,,,,,,,,,,,,
,,,,,,,,,,,,,,,,,,,,,
,,,,,,,,,,,,,,,,,,,,,
,,,,,,,,,,,,,,,,,,,,,
,,,,,,,,,,,,,,,,,,,,,
,,,,,,,,,,,,,,,,,,,,,
,,,,,,,,,,,,,,,,,,,,,
,,,,,,,,,,,,,,,,,,,,,
,,,,,,,,,,,,,,,,,,,,,
,,,,,,,,,,,,,,,,,,,,,
,,,,,,,,,,,,,,,,,,,,,
,,,,,,,,,,,,,,,,,,,,,
,,,,,,,,,,,,,,,,,,,,,
,,,,,,,,,,,,,,,,,,,,,
,,,,,,,,,,,,,,,,,,,,,
,,,,,,,,,,,,,,,,,,,,,
,,,,,,,,,,,,,,,,,,,,,
,,,,,,,,,,,,,,,,,,,,,
,,,,,,,,,,,,,,,,,,,,,
,,,,,,,,,,,,,,,,,,,,,
,,,,,,,,,,,,,,,,,,,,,
,,,,,,,,,,,,,,,,,,,,,
,,,,,,,,,,,,,,,,,,,,,
,,,,,,,,,,,,,,,,,,,,,
,,,,,,,,,,,,,,,,,,,,,
,,,,,,,,,,,,,,,,,,,,,
,,,,,,,,,,,,,,,,,,,,,
,,,,,,,,,,,,,,,,,,,,,
,,,,,,,,,,,,,,,,,,,,,
,,,,,,,,,,,,,,,,,,,,,
,,,,,,,,,,,,,,,,,,,,,
,,,,,,,,,,,,,,,,,,,,,
,,,,,,,,,,,,,,,,,,,,,
,,,,,,,,,,,,,,,,,,,,,
,,,,,,,,,,,,,,,,,,,,,
,,,,,,,,,,,,,,,,,,,,,
,,,,,,,,,,,,,,,,,,,,,
,,,,,,,,,,,,,,,,,,,,,
,,,,,,,,,,,,,,,,,,,,,
,,,,,,,,,,,,,,,,,,,,,
,,,,,,,,,,,,,,,,,,,,,
,,,,,,,,,,,,,,,,,,,,,
,,,,,,,,,,,,,,,,,,,,,
,,,,,,,,,,,,,,,,,,,,,
,,,,,,,,,,,,,,,,,,,,,
,,,,,,,,,,,,,,,,,,,,,
,,,,,,,,,,,,,,,,,,,,,
,,,,,,,,,,,,,,,,,,,,,
,,,,,,,,,,,,,,,,,,,,,
,,,,,,,,,,,,,,,,,,,,,
,,,,,,,,,,,,,,,,,,,,,
,,,,,,,,,,,,,,,,,,,,,
,,,,,,,,,,,,,,,,,,,,,
,,,,,,,,,,,,,,,,,,,,,
,,,,,,,,,,,,,,,,,,,,,
,,,,,,,,,,,,,,,,,,,,,
,,,,,,,,,,,,,,,,,,,,,
,,,,,,,,,,,,,,,,,,,,,
,,,,,,,,,,,,,,,,,,,,,
,,,,,,,,,,,,,,,,,,,,,
,,,,,,,,,,,,,,,,,,,,,
,,,,,,,,,,,,,,,,,,,,,
,,,,,,,,,,,,,,,,,,,,,
,,,,,,,,,,,,,,,,,,,,,
,,,,,,,,,,,,,,,,,,,,,
,,,,,,,,,,,,,,,,,,,,,
,,,,,,,,,,,,,,,,,,,,,
,,,,,,,,,,,,,,,,,,,,,
,,,,,,,,,,,,,,,,,,,,,
,,,,,,,,,,,,,,,,,,,,,
,,,,,,,,,,,,,,,,,,,,,
,,,,,,,,,,,,,,,,,,,,,
,,,,,,,,,,,,,,,,,,,,,
,,,,,,,,,,,,,,,,,,,,,
,,,,,,,,,,,,,,,,,,,,,
,,,,,,,,,,,,,,,,,,,,,
,,,,,,,,,,,,,,,,,,,,,
,,,,,,,,,,,,,,,,,,,,,
,,,,,,,,,,,,,,,,,,,,,
,,,,,,,,,,,,,,,,,,,,,
,,,,,,,,,,,,,,,,,,,,,
,,,,,,,,,,,,,,,,,,,,,
,,,,,,,,,,,,,,,,,,,,,
,,,,,,,,,,,,,,,,,,,,,
,,,,,,,,,,,,,,,,,,,,,
,,,,,,,,,,,,,,,,,,,,,
,,,,,,,,,,,,,,,,,,,,,
,,,,,,,,,,,,,,,,,,,,,
,,,,,,,,,,,,,,,,,,,,,
,,,,,,,,,,,,,,,,,,,,,
,,,,,,,,,,,,,,,,,,,,,
,,,,,,,,,,,,,,,,,,,,,
,,,,,,,,,,,,,,,,,,,,,
,,,,,,,,,,,,,,,,,,,,,
,,,,,,,,,,,,,,,,,,,,,
,,,,,,,,,,,,,,,,,,,,,
,,,,,,,,,,,,,,,,,,,,,
,,,,,,,,,,,,,,,,,,,,,
,,,,,,,,,,,,,,,,,,,,,
,,,,,,,,,,,,,,,,,,,,,
,,,,,,,,,,,,,,,,,,,,,
,,,,,,,,,,,,,,,,,,,,,
,,,,,,,,,,,,,,,,,,,,,
,,,,,,,,,,,,,,,,,,,,,
,,,,,,,,,,,,,,,,,,,,,
,,,,,,,,,,,,,,,,,,,,,
,,,,,,,,,,,,,,,,,,,,,
,,,,,,,,,,,,,,,,,,,,,
,,,,,,,,,,,,,,,,,,,,,
,,,,,,,,,,,,,,,,,,,,,
,,,,,,,,,,,,,,,,,,,,,
,,,,,,,,,,,,,,,,,,,,,
,,,,,,,,,,,,,,,,,,,,,
,,,,,,,,,,,,,,,,,,,,,
,,,,,,,,,,,,,,,,,,,,,
,,,,,,,,,,,,,,,,,,,,,
,,,,,,,,,,,,,,,,,,,,,
,,,,,,,,,,,,,,,,,,,,,
,,,,,,,,,,,,,,,,,,,,,
,,,,,,,,,,,,,,,,,,,,,
,,,,,,,,,,,,,,,,,,,,,
,,,,,,,,,,,,,,,,,,,,,
,,,,,,,,,,,,,,,,,,,,,
,,,,,,,,,,,,,,,,,,,,,
,,,,,,,,,,,,,,,,,,,,,
,,,,,,,,,,,,,,,,,,,,,
,,,,,,,,,,,,,,,,,,,,,
,,,,,,,,,,,,,,,,,,,,,
,,,,,,,,,,,,,,,,,,,,,
,,,,,,,,,,,,,,,,,,,,,
,,,,,,,,,,,,,,,,,,,,,
,,,,,,,,,,,,,,,,,,,,,
,,,,,,,,,,,,,,,,,,,,,
,,,,,,,,,,,,,,,,,,,,,
,,,,,,,,,,,,,,,,,,,,,
,,,,,,,,,,,,,,,,,,,,,
,,,,,,,,,,,,,,,,,,,,,
,,,,,,,,,,,,,,,,,,,,,
,,,,,,,,,,,,,,,,,,,,,
,,,,,,,,,,,,,,,,,,,,,
,,,,,,,,,,,,,,,,,,,,,
,,,,,,,,,,,,,,,,,,,,,
,,,,,,,,,,,,,,,,,,,,,
,,,,,,,,,,,,,,,,,,,,,
,,,,,,,,,,,,,,,,,,,,,
,,,,,,,,,,,,,,,,,,,,,
,,,,,,,,,,,,,,,,,,,,,
,,,,,,,,,,,,,,,,,,,,,
,,,,,,,,,,,,,,,,,,,,,
,,,,,,,,,,,,,,,,,,,,,
,,,,,,,,,,,,,,,,,,,,,
,,,,,,,,,,,,,,,,,,,,,
,,,,,,,,,,,,,,,,,,,,,
,,,,,,,,,,,,,,,,,,,,,
,,,,,,,,,,,,,,,,,,,,,
,,,,,,,,,,,,,,,,,,,,,
,,,,,,,,,,,,,,,,,,,,,
,,,,,,,,,,,,,,,,,,,,,
,,,,,,,,,,,,,,,,,,,,,
,,,,,,,,,,,,,,,,,,,,,
,,,,,,,,,,,,,,,,,,,,,
,,,,,,,,,,,,,,,,,,,,,
,,,,,,,,,,,,,,,,,,,,,
,,,,,,,,,,,,,,,,,,,,,
,,,,,,,,,,,,,,,,,,,,,
,,,,,,,,,,,,,,,,,,,,,
,,,,,,,,,,,,,,,,,,,,,
,,,,,,,,,,,,,,,,,,,,,
,,,,,,,,,,,,,,,,,,,,,
,,,,,,,,,,,,,,,,,,,,,
,,,,,,,,,,,,,,,,,,,,,
,,,,,,,,,,,,,,,,,,,,,
,,,,,,,,,,,,,,,,,,,,,
,,,,,,,,,,,,,,,,,,,,,
,,,,,,,,,,,,,,,,,,,,,
,,,,,,,,,,,,,,,,,,,,,
,,,,,,,,,,,,,,,,,,,,,
,,,,,,,,,,,,,,,,,,,,,
,,,,,,,,,,,,,,,,,,,,,
,,,,,,,,,,,,,,,,,,,,,
,,,,,,,,,,,,,,,,,,,,,
,,,,,,,,,,,,,,,,,,,,,
,,,,,,,,,,,,,,,,,,,,,
,,,,,,,,,,,,,,,,,,,,,
,,,,,,,,,,,,,,,,,,,,,
,,,,,,,,,,,,,,,,,,,,,
,,,,,,,,,,,,,,,,,,,,,
,,,,,,,,,,,,,,,,,,,,,
,,,,,,,,,,,,,,,,,,,,,
,,,,,,,,,,,,,,,,,,,,,
,,,,,,,,,,,,,,,,,,,,,
,,,,,,,,,,,,,,,,,,,,,
,,,,,,,,,,,,,,,,,,,,,
,,,,,,,,,,,,,,,,,,,,,
,,,,,,,,,,,,,,,,,,,,,
,,,,,,,,,,,,,,,,,,,,,
,,,,,,,,,,,,,,,,,,,,,
,,,,,,,,,,,,,,,,,,,,,
,,,,,,,,,,,,,,,,,,,,,
,,,,,,,,,,,,,,,,,,,,,
,,,,,,,,,,,,,,,,,,,,,
,,,,,,,,,,,,,,,,,,,,,
,,,,,,,,,,,,,,,,,,,,,
,,,,,,,,,,,,,,,,,,,,,
,,,,,,,,,,,,,,,,,,,,,
,,,,,,,,,,,,,,,,,,,,,
,,,,,,,,,,,,,,,,,,,,,
,,,,,,,,,,,,,,,,,,,,,
,,,,,,,,,,,,,,,,,,,,,
,,,,,,,,,,,,,,,,,,,,,
,,,,,,,,,,,,,,,,,,,,,
,,,,,,,,,,,,,,,,,,,,,
,,,,,,,,,,,,,,,,,,,,,
,,,,,,,,,,,,,,,,,,,,,
,,,,,,,,,,,,,,,,,,,,,
,,,,,,,,,,,,,,,,,,,,,
,,,,,,,,,,,,,,,,,,,,,
,,,,,,,,,,,,,,,,,,,,,
,,,,,,,,,,,,,,,,,,,,,
,,,,,,,,,,,,,,,,,,,,,
,,,,,,,,,,,,,,,,,,,,,
,,,,,,,,,,,,,,,,,,,,,
,,,,,,,,,,,,,,,,,,,,,
,,,,,,,,,,,,,,,,,,,,,
,,,,,,,,,,,,,,,,,,,,,
,,,,,,,,,,,,,,,,,,,,,
,,,,,,,,,,,,,,,,,,,,,
,,,,,,,,,,,,,,,,,,,,,
,,,,,,,,,,,,,,,,,,,,,
,,,,,,,,,,,,,,,,,,,,,
,,,,,,,,,,,,,,,,,,,,,
,,,,,,,,,,,,,,,,,,,,,
,,,,,,,,,,,,,,,,,,,,,
,,,,,,,,,,,,,,,,,,,,,
,,,,,,,,,,,,,,,,,,,,,
,,,,,,,,,,,,,,,,,,,,,
,,,,,,,,,,,,,,,,,,,,,
,,,,,,,,,,,,,,,,,,,,,
,,,,,,,,,,,,,,,,,,,,,
,,,,,,,,,,,,,,,,,,,,,
,,,,,,,,,,,,,,,,,,,,,
,,,,,,,,,,,,,,,,,,,,,
,,,,,,,,,,,,,,,,,,,,,
,,,,,,,,,,,,,,,,,,,,,
,,,,,,,,,,,,,,,,,,,,,
,,,,,,,,,,,,,,,,,,,,,
,,,,,,,,,,,,,,,,,,,,,
,,,,,,,,,,,,,,,,,,,,,
,,,,,,,,,,,,,,,,,,,,,
,,,,,,,,,,,,,,,,,,,,,
,,,,,,,,,,,,,,,,,,,,,
,,,,,,,,,,,,,,,,,,,,,
,,,,,,,,,,,,,,,,,,,,,
,,,,,,,,,,,,,,,,,,,,,
,,,,,,,,,,,,,,,,,,,,,
,,,,,,,,,,,,,,,,,,,,,
,,,,,,,,,,,,,,,,,,,,,
,,,,,,,,,,,,,,,,,,,,,
,,,,,,,,,,,,,,,,,,,,,
,,,,,,,,,,,,,,,,,,,,,
,,,,,,,,,,,,,,,,,,,,,
,,,,,,,,,,,,,,,,,,,,,
,,,,,,,,,,,,,,,,,,,,,
,,,,,,,,,,,,,,,,,,,,,
,,,,,,,,,,,,,,,,,,,,,
,,,,,,,,,,,,,,,,,,,,,
,,,,,,,,,,,,,,,,,,,,,
,,,,,,,,,,,,,,,,,,,,,
,,,,,,,,,,,,,,,,,,,,,
,,,,,,,,,,,,,,,,,,,,,
,,,,,,,,,,,,,,,,,,,,,
,,,,,,,,,,,,,,,,,,,,,
,,,,,,,,,,,,,,,,,,,,,
,,,,,,,,,,,,,,,,,,,,,
,,,,,,,,,,,,,,,,,,,,,
,,,,,,,,,,,,,,,,,,,,,
,,,,,,,,,,,,,,,,,,,,,
,,,,,,,,,,,,,,,,,,,,,
,,,,,,,,,,,,,,,,,,,,,
,,,,,,,,,,,,,,,,,,,,,
,,,,,,,,,,,,,,,,,,,,,
,,,,,,,,,,,,,,,,,,,,,
,,,,,,,,,,,,,,,,,,,,,
,,,,,,,,,,,,,,,,,,,,,
,,,,,,,,,,,,,,,,,,,,,
,,,,,,,,,,,,,,,,,,,,,
,,,,,,,,,,,,,,,,,,,,,
,,,,,,,,,,,,,,,,,,,,,
,,,,,,,,,,,,,,,,,,,,,
,,,,,,,,,,,,,,,,,,,,,
,,,,,,,,,,,,,,,,,,,,,
,,,,,,,,,,,,,,,,,,,,,
,,,,,,,,,,,,,,,,,,,,,
,,,,,,,,,,,,,,,,,,,,,
,,,,,,,,,,,,,,,,,,,,,
,,,,,,,,,,,,,,,,,,,,,
,,,,,,,,,,,,,,,,,,,,,
,,,,,,,,,,,,,,,,,,,,,
,,,,,,,,,,,,,,,,,,,,,
,,,,,,,,,,,,,,,,,,,,,
,,,,,,,,,,,,,,,,,,,,,
,,,,,,,,,,,,,,,,,,,,,
,,,,,,,,,,,,,,,,,,,,,
,,,,,,,,,,,,,,,,,,,,,
,,,,,,,,,,,,,,,,,,,,,
,,,,,,,,,,,,,,,,,,,,,
,,,,,,,,,,,,,,,,,,,,,
,,,,,,,,,,,,,,,,,,,,,
,,,,,,,,,,,,,,,,,,,,,
,,,,,,,,,,,,,,,,,,,,,
,,,,,,,,,,,,,,,,,,,,,
,,,,,,,,,,,,,,,,,,,,,
,,,,,,,,,,,,,,,,,,,,,
,,,,,,,,,,,,,,,,,,,,,
,,,,,,,,,,,,,,,,,,,,,
,,,,,,,,,,,,,,,,,,,,,
,,,,,,,,,,,,,,,,,,,,,
,,,,,,,,,,,,,,,,,,,,,
,,,,,,,,,,,,,,,,,,,,,
,,,,,,,,,,,,,,,,,,,,,
,,,,,,,,,,,,,,,,,,,,,
,,,,,,,,,,,,,,,,,,,,,
,,,,,,,,,,,,,,,,,,,,,
,,,,,,,,,,,,,,,,,,,,,
,,,,,,,,,,,,,,,,,,,,,
,,,,,,,,,,,,,,,,,,,,,
,,,,,,,,,,,,,,,,,,,,,
,,,,,,,,,,,,,,,,,,,,,
,,,,,,,,,,,,,,,,,,,,,
,,,,,,,,,,,,,,,,,,,,,
,,,,,,,,,,,,,,,,,,,,,
,,,,,,,,,,,,,,,,,,,,,
,,,,,,,,,,,,,,,,,,,,,
,,,,,,,,,,,,,,,,,,,,,
,,,,,,,,,,,,,,,,,,,,,
,,,,,,,,,,,,,,,,,,,,,
,,,,,,,,,,,,,,,,,,,,,
,,,,,,,,,,,,,,,,,,,,,
,,,,,,,,,,,,,,,,,,,,,
,,,,,,,,,,,,,,,,,,,,,
,,,,,,,,,,,,,,,,,,,,,
,,,,,,,,,,,,,,,,,,,,,
,,,,,,,,,,,,,,,,,,,,,
,,,,,,,,,,,,,,,,,,,,,
,,,,,,,,,,,,,,,,,,,,,
,,,,,,,,,,,,,,,,,,,,,
,,,,,,,,,,,,,,,,,,,,,
,,,,,,,,,,,,,,,,,,,,,
,,,,,,,,,,,,,,,,,,,,,
,,,,,,,,,,,,,,,,,,,,,
,,,,,,,,,,,,,,,,,,,,,
,,,,,,,,,,,,,,,,,,,,,
,,,,,,,,,,,,,,,,,,,,,
,,,,,,,,,,,,,,,,,,,,,
,,,,,,,,,,,,,,,,,,,,,
,,,,,,,,,,,,,,,,,,,,,
,,,,,,,,,,,,,,,,,,,,,
,,,,,,,,,,,,,,,,,,,,,
,,,,,,,,,,,,,,,,,,,,,
,,,,,,,,,,,,,,,,,,,,,
,,,,,,,,,,,,,,,,,,,,,
,,,,,,,,,,,,,,,,,,,,,
,,,,,,,,,,,,,,,,,,,,,
,,,,,,,,,,,,,,,,,,,,,
,,,,,,,,,,,,,,,,,,,,,
,,,,,,,,,,,,,,,,,,,,,
,,,,,,,,,,,,,,,,,,,,,
,,,,,,,,,,,,,,,,,,,,,
,,,,,,,,,,,,,,,,,,,,,
,,,,,,,,,,,,,,,,,,,,,
,,,,,,,,,,,,,,,,,,,,,
,,,,,,,,,,,,,,,,,,,,,
,,,,,,,,,,,,,,,,,,,,,
,,,,,,,,,,,,,,,,,,,,,
,,,,,,,,,,,,,,,,,,,,,
,,,,,,,,,,,,,,,,,,,,,
,,,,,,,,,,,,,,,,,,,,,
,,,,,,,,,,,,,,,,,,,,,
,,,,,,,,,,,,,,,,,,,,,
,,,,,,,,,,,,,,,,,,,,,
,,,,,,,,,,,,,,,,,,,,,
,,,,,,,,,,,,,,,,,,,,,
,,,,,,,,,,,,,,,,,,,,,
,,,,,,,,,,,,,,,,,,,,,
,,,,,,,,,,,,,,,,,,,,,
,,,,,,,,,,,,,,,,,,,,,
,,,,,,,,,,,,,,,,,,,,,
,,,,,,,,,,,,,,,,,,,,,
,,,,,,,,,,,,,,,,,,,,,
,,,,,,,,,,,,,,,,,,,,,
,,,,,,,,,,,,,,,,,,,,,
,,,,,,,,,,,,,,,,,,,,,
,,,,,,,,,,,,,,,,,,,,,
,,,,,,,,,,,,,,,,,,,,,
,,,,,,,,,,,,,,,,,,,,,
,,,,,,,,,,,,,,,,,,,,,
,,,,,,,,,,,,,,,,,,,,,
,,,,,,,,,,,,,,,,,,,,,
,,,,,,,,,,,,,,,,,,,,,
,,,,,,,,,,,,,,,,,,,,,
,,,,,,,,,,,,,,,,,,,,,
,,,,,,,,,,,,,,,,,,,,,
,,,,,,,,,,,,,,,,,,,,,
,,,,,,,,,,,,,,,,,,,,,
,,,,,,,,,,,,,,,,,,,,,
,,,,,,,,,,,,,,,,,,,,,
,,,,,,,,,,,,,,,,,,,,,
,,,,,,,,,,,,,,,,,,,,,
,,,,,,,,,,,,,,,,,,,,,
,,,,,,,,,,,,,,,,,,,,,
,,,,,,,,,,,,,,,,,,,,,
,,,,,,,,,,,,,,,,,,,,,
,,,,,,,,,,,,,,,,,,,,,
,,,,,,,,,,,,,,,,,,,,,
,,,,,,,,,,,,,,,,,,,,,
,,,,,,,,,,,,,,,,,,,,,
,,,,,,,,,,,,,,,,,,,,,
,,,,,,,,,,,,,,,,,,,,,
,,,,,,,,,,,,,,,,,,,,,
,,,,,,,,,,,,,,,,,,,,,
,,,,,,,,,,,,,,,,,,,,,
,,,,,,,,,,,,,,,,,,,,,
,,,,,,,,,,,,,,,,,,,,,
,,,,,,,,,,,,,,,,,,,,,
,,,,,,,,,,,,,,,,,,,,,
,,,,,,,,,,,,,,,,,,,,,
,,,,,,,,,,,,,,,,,,,,,
,,,,,,,,,,,,,,,,,,,,,
,,,,,,,,,,,,,,,,,,,,,
,,,,,,,,,,,,,,,,,,,,,
,,,,,,,,,,,,,,,,,,,,,
,,,,,,,,,,,,,,,,,,,,,
,,,,,,,,,,,,,,,,,,,,,
,,,,,,,,,,,,,,,,,,,,,
,,,,,,,,,,,,,,,,,,,,,
,,,,,,,,,,,,,,,,,,,,,
,,,,,,,,,,,,,,,,,,,,,
,,,,,,,,,,,,,,,,,,,,,
,,,,,,,,,,,,,,,,,,,,,
,,,,,,,,,,,,,,,,,,,,,
,,,,,,,,,,,,,,,,,,,,,
,,,,,,,,,,,,,,,,,,,,,
,,,,,,,,,,,,,,,,,,,,,
,,,,,,,,,,,,,,,,,,,,,
,,,,,,,,,,,,,,,,,,,,,
,,,,,,,,,,,,,,,,,,,,,
,,,,,,,,,,,,,,,,,,,,,
,,,,,,,,,,,,,,,,,,,,,
,,,,,,,,,,,,,,,,,,,,,
,,,,,,,,,,,,,,,,,,,,,
,,,,,,,,,,,,,,,,,,,,,
,,,,,,,,,,,,,,,,,,,,,
,,,,,,,,,,,,,,,,,,,,,
,,,,,,,,,,,,,,,,,,,,,
,,,,,,,,,,,,,,,,,,,,,
,,,,,,,,,,,,,,,,,,,,,
,,,,,,,,,,,,,,,,,,,,,
,,,,,,,,,,,,,,,,,,,,,
,,,,,,,,,,,,,,,,,,,,,
,,,,,,,,,,,,,,,,,,,,,
,,,,,,,,,,,,,,,,,,,,,
,,,,,,,,,,,,,,,,,,,,,
,,,,,,,,,,,,,,,,,,,,,
,,,,,,,,,,,,,,,,,,,,,
,,,,,,,,,,,,,,,,,,,,,
,,,,,,,,,,,,,,,,,,,,,
,,,,,,,,,,,,,,,,,,,,,
,,,,,,,,,,,,,,,,,,,,,
,,,,,,,,,,,,,,,,,,,,,
,,,,,,,,,,,,,,,,,,,,,
,,,,,,,,,,,,,,,,,,,,,
,,,,,,,,,,,,,,,,,,,,,
,,,,,,,,,,,,,,,,,,,,,
,,,,,,,,,,,,,,,,,,,,,
,,,,,,,,,,,,,,,,,,,,,
,,,,,,,,,,,,,,,,,,,,,
,,,,,,,,,,,,,,,,,,,,,
,,,,,,,,,,,,,,,,,,,,,
,,,,,,,,,,,,,,,,,,,,,
,,,,,,,,,,,,,,,,,,,,,
,,,,,,,,,,,,,,,,,,,,,
,,,,,,,,,,,,,,,,,,,,,
,,,,,,,,,,,,,,,,,,,,,
,,,,,,,,,,,,,,,,,,,,,
,,,,,,,,,,,,,,,,,,,,,
,,,,,,,,,,,,,,,,,,,,,
,,,,,,,,,,,,,,,,,,,,,
,,,,,,,,,,,,,,,,,,,,,
,,,,,,,,,,,,,,,,,,,,,
,,,,,,,,,,,,,,,,,,,,,
,,,,,,,,,,,,,,,,,,,,,
,,,,,,,,,,,,,,,,,,,,,
,,,,,,,,,,,,,,,,,,,,,
,,,,,,,,,,,,,,,,,,,,,
,,,,,,,,,,,,,,,,,,,,,
,,,,,,,,,,,,,,,,,,,,,
,,,,,,,,,,,,,,,,,,,,,
,,,,,,,,,,,,,,,,,,,,,
,,,,,,,,,,,,,,,,,,,,,
,,,,,,,,,,,,,,,,,,,,,
,,,,,,,,,,,,,,,,,,,,,
,,,,,,,,,,,,,,,,,,,,,
,,,,,,,,,,,,,,,,,,,,,
,,,,,,,,,,,,,,,,,,,,,
,,,,,,,,,,,,,,,,,,,,,
,,,,,,,,,,,,,,,,,,,,,
,,,,,,,,,,,,,,,,,,,,,
,,,,,,,,,,,,,,,,,,,,,
,,,,,,,,,,,,,,,,,,,,,
,,,,,,,,,,,,,,,,,,,,,
,,,,,,,,,,,,,,,,,,,,,
,,,,,,,,,,,,,,,,,,,,,
,,,,,,,,,,,,,,,,,,,,,
,,,,,,,,,,,,,,,,,,,,,
,,,,,,,,,,,,,,,,,,,,,
,,,,,,,,,,,,,,,,,,,,,
,,,,,,,,,,,,,,,,,,,,,
,,,,,,,,,,,,,,,,,,,,,
,,,,,,,,,,,,,,,,,,,,,
,,,,,,,,,,,,,,,,,,,,,
,,,,,,,,,,,,,,,,,,,,,
,,,,,,,,,,,,,,,,,,,,,
,,,,,,,,,,,,,,,,,,,,,
,,,,,,,,,,,,,,,,,,,,,
,,,,,,,,,,,,,,,,,,,,,
,,,,,,,,,,,,,,,,,,,,,
,,,,,,,,,,,,,,,,,,,,,
,,,,,,,,,,,,,,,,,,,,,
,,,,,,,,,,,,,,,,,,,,,
,,,,,,,,,,,,,,,,,,,,,
,,,,,,,,,,,,,,,,,,,,,
,,,,,,,,,,,,,,,,,,,,,
,,,,,,,,,,,,,,,,,,,,,
,,,,,,,,,,,,,,,,,,,,,
,,,,,,,,,,,,,,,,,,,,,
,,,,,,,,,,,,,,,,,,,,,
,,,,,,,,,,,,,,,,,,,,,
,,,,,,,,,,,,,,,,,,,,,
,,,,,,,,,,,,,,,,,,,,,
,,,,,,,,,,,,,,,,,,,,,
,,,,,,,,,,,,,,,,,,,,,
,,,,,,,,,,,,,,,,,,,,,
,,,,,,,,,,,,,,,,,,,,,
,,,,,,,,,,,,,,,,,,,,,
,,,,,,,,,,,,,,,,,,,,,
,,,,,,,,,,,,,,,,,,,,,
,,,,,,,,,,,,,,,,,,,,,
,,,,,,,,,,,,,,,,,,,,,
,,,,,,,,,,,,,,,,,,,,,
,,,,,,,,,,,,,,,,,,,,,
,,,,,,,,,,,,,,,,,,,,,
,,,,,,,,,,,,,,,,,,,,,
,,,,,,,,,,,,,,,,,,,,,
,,,,,,,,,,,,,,,,,,,,,
,,,,,,,,,,,,,,,,,,,,,
,,,,,,,,,,,,,,,,,,,,,
,,,,,,,,,,,,,,,,,,,,,
,,,,,,,,,,,,,,,,,,,,,
,,,,,,,,,,,,,,,,,,,,,
,,,,,,,,,,,,,,,,,,,,,
,,,,,,,,,,,,,,,,,,,,,
,,,,,,,,,,,,,,,,,,,,,
,,,,,,,,,,,,,,,,,,,,,
,,,,,,,,,,,,,,,,,,,,,
,,,,,,,,,,,,,,,,,,,,,
,,,,,,,,,,,,,,,,,,,,,
,,,,,,,,,,,,,,,,,,,,,
,,,,,,,,,,,,,,,,,,,,,
,,,,,,,,,,,,,,,,,,,,,
,,,,,,,,,,,,,,,,,,,,,
,,,,,,,,,,,,,,,,,,,,,
,,,,,,,,,,,,,,,,,,,,,
,,,,,,,,,,,,,,,,,,,,,
,,,,,,,,,,,,,,,,,,,,,
,,,,,,,,,,,,,,,,,,,,,
,,,,,,,,,,,,,,,,,,,,,
,,,,,,,,,,,,,,,,,,,,,
,,,,,,,,,,,,,,,,,,,,,
,,,,,,,,,,,,,,,,,,,,,
,,,,,,,,,,,,,,,,,,,,,
,,,,,,,,,,,,,,,,,,,,,
,,,,,,,,,,,,,,,,,,,,,
,,,,,,,,,,,,,,,,,,,,,
,,,,,,,,,,,,,,,,,,,,,
,,,,,,,,,,,,,,,,,,,,,
,,,,,,,,,,,,,,,,,,,,,
,,,,,,,,,,,,,,,,,,,,,
,,,,,,,,,,,,,,,,,,,,,
,,,,,,,,,,,,,,,,,,,,,
,,,,,,,,,,,,,,,,,,,,,
,,,,,,,,,,,,,,,,,,,,,
,,,,,,,,,,,,,,,,,,,,,
,,,,,,,,,,,,,,,,,,,,,
,,,,,,,,,,,,,,,,,,,,,
,,,,,,,,,,,,,,,,,,,,,
,,,,,,,,,,,,,,,,,,,,,
,,,,,,,,,,,,,,,,,,,,,
,,,,,,,,,,,,,,,,,,,,,
,,,,,,,,,,,,,,,,,,,,,
,,,,,,,,,,,,,,,,,,,,,
,,,,,,,,,,,,,,,,,,,,,
,,,,,,,,,,,,,,,,,,,,,
,,,,,,,,,,,,,,,,,,,,,
,,,,,,,,,,,,,,,,,,,,,
,,,,,,,,,,,,,,,,,,,,,
,,,,,,,,,,,,,,,,,,,,,
,,,,,,,,,,,,,,,,,,,,,
,,,,,,,,,,,,,,,,,,,,,
,,,,,,,,,,,,,,,,,,,,,
,,,,,,,,,,,,,,,,,,,,,
,,,,,,,,,,,,,,,,,,,,,
,,,,,,,,,,,,,,,,,,,,,
,,,,,,,,,,,,,,,,,,,,,
,,,,,,,,,,,,,,,,,,,,,
,,,,,,,,,,,,,,,,,,,,,
,,,,,,,,,,,,,,,,,,,,,
,,,,,,,,,,,,,,,,,,,,,
,,,,,,,,,,,,,,,,,,,,,
,,,,,,,,,,,,,,,,,,,,,
,,,,,,,,,,,,,,,,,,,,,
,,,,,,,,,,,,,,,,,,,,,
,,,,,,,,,,,,,,,,,,,,,
,,,,,,,,,,,,,,,,,,,,,
,,,,,,,,,,,,,,,,,,,,,
,,,,,,,,,,,,,,,,,,,,,
,,,,,,,,,,,,,,,,,,,,,
,,,,,,,,,,,,,,,,,,,,,
,,,,,,,,,,,,,,,,,,,,,
,,,,,,,,,,,,,,,,,,,,,
,,,,,,,,,,,,,,,,,,,,,
,,,,,,,,,,,,,,,,,,,,,
,,,,,,,,,,,,,,,,,,,,,
,,,,,,,,,,,,,,,,,,,,,
,,,,,,,,,,,,,,,,,,,,,
,,,,,,,,,,,,,,,,,,,,,
,,,,,,,,,,,,,,,,,,,,,
,,,,,,,,,,,,,,,,,,,,,
,,,,,,,,,,,,,,,,,,,,,
,,,,,,,,,,,,,,,,,,,,,
,,,,,,,,,,,,,,,,,,,,,
,,,,,,,,,,,,,,,,,,,,,
,,,,,,,,,,,,,,,,,,,,,
,,,,,,,,,,,,,,,,,,,,,
,,,,,,,,,,,,,,,,,,,,,
,,,,,,,,,,,,,,,,,,,,,
,,,,,,,,,,,,,,,,,,,,,
,,,,,,,,,,,,,,,,,,,,,
,,,,,,,,,,,,,,,,,,,,,
,,,,,,,,,,,,,,,,,,,,,
,,,,,,,,,,,,,,,,,,,,,
,,,,,,,,,,,,,,,,,,,,,
,,,,,,,,,,,,,,,,,,,,,
,,,,,,,,,,,,,,,,,,,,,
,,,,,,,,,,,,,,,,,,,,,
,,,,,,,,,,,,,,,,,,,,,
,,,,,,,,,,,,,,,,,,,,,
,,,,,,,,,,,,,,,,,,,,,
,,,,,,,,,,,,,,,,,,,,,
,,,,,,,,,,,,,,,,,,,,,
,,,,,,,,,,,,,,,,,,,,,
,,,,,,,,,,,,,,,,,,,,,
,,,,,,,,,,,,,,,,,,,,,
,,,,,,,,,,,,,,,,,,,,,
,,,,,,,,,,,,,,,,,,,,,
,,,,,,,,,,,,,,,,,,,,,
,,,,,,,,,,,,,,,,,,,,,
,,,,,,,,,,,,,,,,,,,,,
,,,,,,,,,,,,,,,,,,,,,
,,,,,,,,,,,,,,,,,,,,,
,,,,,,,,,,,,,,,,,,,,,
,,,,,,,,,,,,,,,,,,,,,
,,,,,,,,,,,,,,,,,,,,,
,,,,,,,,,,,,,,,,,,,,,
,,,,,,,,,,,,,,,,,,,,,
,,,,,,,,,,,,,,,,,,,,,
,,,,,,,,,,,,,,,,,,,,,
,,,,,,,,,,,,,,,,,,,,,
,,,,,,,,,,,,,,,,,,,,,
,,,,,,,,,,,,,,,,,,,,,
,,,,,,,,,,,,,,,,,,,,,
,,,,,,,,,,,,,,,,,,,,,
,,,,,,,,,,,,,,,,,,,,,
,,,,,,,,,,,,,,,,,,,,,
,,,,,,,,,,,,,,,,,,,,,
,,,,,,,,,,,,,,,,,,,,,
,,,,,,,,,,,,,,,,,,,,,
,,,,,,,,,,,,,,,,,,,,,
,,,,,,,,,,,,,,,,,,,,,
,,,,,,,,,,,,,,,,,,,,,
,,,,,,,,,,,,,,,,,,,,,
,,,,,,,,,,,,,,,,,,,,,
,,,,,,,,,,,,,,,,,,,,,
,,,,,,,,,,,,,,,,,,,,,
,,,,,,,,,,,,,,,,,,,,,
,,,,,,,,,,,,,,,,,,,,,
,,,,,,,,,,,,,,,,,,,,,
,,,,,,,,,,,,,,,,,,,,,
,,,,,,,,,,,,,,,,,,,,,
,,,,,,,,,,,,,,,,,,,,,
,,,,,,,,,,,,,,,,,,,,,
,,,,,,,,,,,,,,,,,,,,,
,,,,,,,,,,,,,,,,,,,,,
,,,,,,,,,,,,,,,,,,,,,
,,,,,,,,,,,,,,,,,,,,,
,,,,,,,,,,,,,,,,,,,,,
,,,,,,,,,,,,,,,,,,,,,
,,,,,,,,,,,,,,,,,,,,,
,,,,,,,,,,,,,,,,,,,,,
,,,,,,,,,,,,,,,,,,,,,
,,,,,,,,,,,,,,,,,,,,,
,,,,,,,,,,,,,,,,,,,,,
,,,,,,,,,,,,,,,,,,,,,
,,,,,,,,,,,,,,,,,,,,,
,,,,,,,,,,,,,,,,,,,,,
,,,,,,,,,,,,,,,,,,,,,
,,,,,,,,,,,,,,,,,,,,,
,,,,,,,,,,,,,,,,,,,,,
,,,,,,,,,,,,,,,,,,,,,
,,,,,,,,,,,,,,,,,,,,,
,,,,,,,,,,,,,,,,,,,,,
,,,,,,,,,,,,,,,,,,,,,
,,,,,,,,,,,,,,,,,,,,,
,,,,,,,,,,,,,,,,,,,,,
,,,,,,,,,,,,,,,,,,,,,
,,,,,,,,,,,,,,,,,,,,,
,,,,,,,,,,,,,,,,,,,,,
,,,,,,,,,,,,,,,,,,,,,
,,,,,,,,,,,,,,,,,,,,,
,,,,,,,,,,,,,,,,,,,,,
,,,,,,,,,,,,,,,,,,,,,
,,,,,,,,,,,,,,,,,,,,,
,,,,,,,,,,,,,,,,,,,,,
,,,,,,,,,,,,,,,,,,,,,
,,,,,,,,,,,,,,,,,,,,,
,,,,,,,,,,,,,,,,,,,,,
,,,,,,,,,,,,,,,,,,,,,
,,,,,,,,,,,,,,,,,,,,,
,,,,,,,,,,,,,,,,,,,,,
,,,,,,,,,,,,,,,,,,,,,
,,,,,,,,,,,,,,,,,,,,,
,,,,,,,,,,,,,,,,,,,,,
,,,,,,,,,,,,,,,,,,,,,
,,,,,,,,,,,,,,,,,,,,,
,,,,,,,,,,,,,,,,,,,,,
,,,,,,,,,,,,,,,,,,,,,
,,,,,,,,,,,,,,,,,,,,,
,,,,,,,,,,,,,,,,,,,,,
,,,,,,,,,,,,,,,,,,,,,
,,,,,,,,,,,,,,,,,,,,,
,,,,,,,,,,,,,,,,,,,,,
,,,,,,,,,,,,,,,,,,,,,
,,,,,,,,,,,,,,,,,,,,,
,,,,,,,,,,,,,,,,,,,,,
,,,,,,,,,,,,,,,,,,,,,
,,,,,,,,,,,,,,,,,,,,,
,,,,,,,,,,,,,,,,,,,,,
,,,,,,,,,,,,,,,,,,,,,
,,,,,,,,,,,,,,,,,,,,,
,,,,,,,,,,,,,,,,,,,,,
,,,,,,,,,,,,,,,,,,,,,
,,,,VIN SKIP 2009,,IP 2009,,,,,,,,,,,,,,,
,,,,WBSWD93539PY43150,,PY43150,,,,,,,,,,,,,,,
,,,,,,,,,,,,,,,,,,,,,
,,,,,,,,,,,,,,,,,,,,,
,,MSRP.3,MSRP,,"$56,500.00",,,,,,,,,,,,,,,,
,,MSRP.2,MSRP,,"$54,850.00",,,,,,,,,,,,,,,,
,,MSRP.1,MSRP,,"$55,400.00",,,,,,,,,,,,,,,,
,,MSRP,MSRP,,"$58,400.00",,,,,,,,,,,,,,,,
,,Z9B,INDIVIDUAL PAINT Canada,,"$3,900.00",,,,,,,,,,,,,,,,
,,IND,INDIVIDUAL PAINT,,"$5,000.00",,,,,,,,,,,,,,,,
,,ZCP,Competition Package                                                                                                                          - Dynamic Damper Control,,"$2,500.00",,,,,,,,,,,,,,,,
,,ZCV,"Convenience Package                                                                                                                     - Anti-theft alarm system
- Comfort Access keyless entry
- Park Distance Control (rear)
- Navigation System
- Voice-Command
- iPod & USB adapter
- Real Time Traffic Information",,"$2,900.00",,,,,,,,,,,,,,,,
,,,,,,,,,,,,,,,,,,,,,
,,ZCW,"Cold Weather Package                                                                                                                      - Split fold-down-rear seat
- Heated front seats
- Retractable headlight washers",,"$1,000.00",,,,,,,,,,,,,,,,
,,ZPP.1,"Premium Package                                                                                                                    - Power-folding auto mirrors
- Universal garage-door opener
- Power front seats
- Carbon Leather interior trim
- Interior mirror with compass
- BMW Assist w/enhanced BT & USB",,"$2,000.00",,,,,,,,,,,,,,,,
,,ZPP.2,,,"$2,000.00",,,,,,,,,,,,,,,,
,,ZPP.3,,,"$2,000.00",,,,,,,,,,,,,,,,
,,ZP2,,,"$2,500.00",,,,,,,,,,,,,,,,
,,ZP2.1,,,"$2,500.00",,,,,,,,,,,,,,,,
,,ZP2.2,,,"$2,500.00",,,,,,,,,,,,,,,,
,,ZP2.3,,,"$2,500.00",,,,,,,,,,,,,,,,
,,ZP2.4,"Premium Package 2                                                                                                                     - Power-folding auto mirrors
- Universal garage-door opener
- Power front seats
- Carbon Leather interior trim
- Interior mirror with compass
- BMW Assist w/enhanced BT & USB",,"$2,500.00",,,,,,,,,,,,,,,,
,,,,,,,,,,,,,,,,,,,,,
,,"ZP3,",,,"$2,500.00",,,,,,,,,,,,,,,,
,,ZP3.1,,,"$2,500.00",,,,,,,,,,,,,,,,
,,ZP3.2,,,"$2,500.00",,,,,,,,,,,,,,,,
,,ZP3.3,,,"$2,500.00",,,,,,,,,,,,,,,,
,,ZP3.4,"Premium Package 3                                                                                                                     - Power-folding auto mirrors
- Universal garage-door opener
- Power front seats
- Carbon Leather interior trim
- Interior mirror with compass
- BMW Assist w/enhanced BT & USB",,"$2,500.00",,,,,,,,,,,,,,,,
,,,,,,,,,,,,,,,,,,,,,
,,ZTP,"Technology Package                                                                                               
- M Drive
- Comfort Access keyless entry
- Navigation system

        ",,"$3,250.00",,,,,,,,,,,,,,,,
,,,,,,,,,,,,,,,,,,,,,
,,223,Dynamic Damper Control,,"$1,000.00",,,,,,,,,,,,,,,,
,,2MK.1,M Double-Clutch Transmission,,"$2,700.00",,,,,,,,,,,,,,,,
,,2MK,M Double-Clutch Transmission,,"$2,900.00",,,,,,,,,,,,,,,,
,,2MT.1,"19"" Alloy Double-Spoke Wheels ",,"$1,200.00",,,,,,,,,,,,,,,,
,,2MT,"19"" Alloy Double-Spoke Wheels ",,"$1,250.00",,,,,,,,,,,,,,,,
,,4MX,BRUSHED ALUMINUM TRIM,,$500.00,,,,,,,,,,,,,,,,
,,4MY,CARBON LEATHER INTERIOR TRIM,,$500.00,,,,,,,,,,,,,,,,
,,4MZ,WALNUT INTERIOR TRIM,,$500.00,,,,,,,,,,,,,,,,
,,403,Moonroof                                                                                                       ,,"$1,050.00",,,,,,,,,,,,,,,,
,,415,"Power rear sunshade                                                                                     
Manual side/rear power shades
                                               ",,$350.00,,,,,,,,,,,,,,,,
,,465,Split-Fold Down Rear Seat                                                                           ,,$475.00,,,,,,,,,,,,,,,,
,,494,Heated Front Seats                                                                                      ,,$500.00,,,,,,,,,,,,,,,,
,,302,Anti-Theft Alarm System ,,$400.00,,,,,,,,,,,,,,,,
,,320,Model Desingation - Deletion,,$0.00,,,,,,,,,,,,,,,,
,,507,Rear Park Distance Control ,,$380.00,,,,,,,,,,,,,,,,
,,5AC,Automatic High Beams ,,$250.00,,,,,,,,,,,,,,,,
,,609,Navigation System ,,"$1,250.00",,,,,,,,,,,,,,,,
,,6FL,iPod & USB Adapter ,,$400.00,,,,,,,,,,,,,,,,
,,639,BMW Assist w. Bluetooth ,,$750.00,,,,,,,,,,,,,,,,
,,,,,,,,,,,,,,,,,,,,,
,,6NF,Smartphone Integration,,$150.00,,,,,,,,,,,,,,,,
,,653,HD Radio,,$350.00,,,,,,,,,,,,,,,,
,,655, Satellite Radio ,,$595.00,,,,,,,,,,,,,,,,
,,6NR,BMW Apps ,,$250.00,,,,,,,,,,,,,,,,
,,752,Enhanced Premium Sound ,,"$1,900.00",,,,,,,,,,,,,,,,
,,771,TITANIUM SHADOW TRIM,,$0.00,,,,,,,,,,,,,,,,
,,863,EURO DELIVERY,,,,,,,,,,,,,,,,,,
,,XE2,"Ind.fine Wood Trim Maple Wood,anthr",,"$1,080.00",,,,,,,,,,,,,,,,
,,XE3,Ind.Ind.fine Wood Eukalyptus,,"$1,080.00",,,,,,,,,,,,,,,,
,,XE8,Ind.Black Piano Trim,,"$1,080.00",,,,,,,,,,,,,,,,
,,,,,,,,,,,,,,,,,,,,,
,,,M Performance Parts,,,,,,,,,,,,,,,,,,
,,Z04 ,Aluminum Pedals ,,$210.00,,,,,,,,,,,,,,,,
,,Z06, Black Kidney Grilles ,,$162.00,,,,,,,,,,,,,,,,
,,Z10,M Performance Exhaust ,,"$4,067.00",,,,,,,,,,,,,,,,
,,Z12 ,Alcanata Performance Steering Wheel,,$885.00,,,,,,,,,,,,,,,,
,,Z17 ,Carbon Fiber Front Splitters,,$911.00,,,,,,,,,,,,,,,,
,,Z21 ,Carbon Fiber Mirror Caps,,$712.00,,,,,,,,,,,,,,,,
,,Z22,Carbon Fiber Spoiler,,$622.00,,,,,,,,,,,,,,,,
,,Z62 ,Wheel Locks,,,,,,,,,,,,,,,,,,