EXTERIOR,,INTERIOR,YEAR,VIN,,,Package Codes,PACKAGES,MSRP,PROD.,,,DEALER NAME,Port,Carrier,VPC,Details,V-Spec,Sticker,Invoice,VIN fill done Sun Aug 10 2025 11:35:08 GMT-0500 (Central Daylight Time)
300 - Alpine White,,NCH2 - Fox Red Novillo Leather,2011,WBAKG9C57BE367500,,E367500,"MSRP,ZCP,ZCW,ZTP,2MK,302,415,507,5AC,639,6FL,6NF,655,752,771",,,09-24-2009,950,,,,,,,,,,
A52 - Space Gray Metallic,,NCSW - Black Novillo Leather,2011,WBSKG9C54BE367501,,E367501,"MSRP,ZCP,ZCW,ZPP.3,ZTP,2MK,302,415,507,5AC,6FL,6NF,752",,,10-23-2009,550,,,,,,,,,,
381 - Le Mans Blue Metallic,,NCH1 - Silver Novillo Leather,2011,WBSKG9C56BE367502,,E367502,"MSRP,ZCW,ZPP.1,ZTP,2MK,2MT.1,507,6FL,655,752",,,11-18-2009,550,,,,,,,,,,
300 - Alpine White,,NCSW - Black Novillo Leather,2011,WBSKG9C58BE367503,,E367503,"MSRP,ZCW,ZPP.3,ZTP,2MK,2MT.1,507,6FL,655,752",,,11-19-2009,,,,,,,,,,,
A73 - Jerez Black Metallic,,NCH3 - Beige Novillo Leather,2011,WBSKG9C5XBE367504,,E367504,"MSRP,ZCW,ZPP.2,ZTP,2MK,2MT.1,507,6FL,655,752",,,11-19-2009,550,,,,,,,,,,
300 - Alpine White,,NDH1 - Silver Novillo Extended Leather,2011,WBSKG9C51BE367505,,E367505,"MSRP,ZCP,ZCW,ZTP,2MK,302,4MY,5AC,6FL,655,752,863",,,12-11-2009,2000,,,,,,,,,,
A96 - Unknown Paint Code,,NCSW - Black Novillo Leather,2011,WBSKG9C53BE367506,,E367506,"MSRP,ZCW,2MK,2MT.1,302,322,415,4MY,6FL,752",,,03-22-2010,950,,,,,,,,,,
300 - Alpine White,,NCSW - Black Novillo Leather,2011,WBSKG9C55BE367507,,E367507,"MSRP,ZCW,ZPP.3,ZTP,2MK,2MT.1,403,6FL,655,752",,,02-26-2010,,,,,,,,,,,
300 - Alpine White,,NCSW - Black Novillo Leather,2011,WBSKG9C57BE367508,,E367508,"MSRP,ZCW,ZPP.3,ZTP,2MK,2MT.1,403,6FL,655,752",,,02-26-2010,,,,,,,,,,,
300 - Alpine White,,NCSW - Black Novillo Leather,2011,WBSKG9C59BE367509,,E367509,"MSRP,ZCW,ZPP.3,ZTP,2MK,2MT.1,403,6FL,655,752",,,02-26-2010,,,,,,,,,,,
300 - Alpine White,,NCSW - Black Novillo Leather,2011,WBSKG9C55BE367510,,E367510,"MSRP,ZCW,ZPP.3,ZTP,2MK,2MT.1,403,6FL,655,752",,,02-26-2010,,,,,,,,,,,
300 - Alpine White,,NCSW - Black Novillo Leather,2011,WBSKG9C57BE367511,,E367511,"MSRP,ZCW,ZPP.3,ZTP,2MK,2MT.1,403,6FL,655,752",,,02-26-2010,,,,,,,,,,,
300 - Alpine White,,NDH3 - Beige Novillo Extended Leather,2011,WBSKG9C59BE367512,,E367512,"MSRP,ZPP.3,ZTP,2MK,2MT.1,403,6FL,655,752",,,02-26-2010,1100,,,,,,,,,,
300 - Alpine White,,NDH3 - Beige Novillo Extended Leather,2011,WBSKG9C50BE367513,,E367513,"MSRP,ZPP.3,ZTP,2MK,2MT.1,403,6FL,655,752",,,02-26-2010,1100,,,,,,,,,,
300 - Alpine White,,NDH3 - Beige Novillo Extended Leather,2011,WBSKG9C52BE367514,,E367514,"MSRP,ZPP.3,ZTP,2MK,2MT.1,403,6FL,655,752",,,02-26-2010,1100,,,,,,,,,,
300 - Alpine White,,NDH3 - Beige Novillo Extended Leather,2011,WBSKG9C54BE367515,,E367515,"MSRP,ZPP.3,ZTP,2MK,2MT.1,403,6FL,655,752",,,02-26-2010,1100,,,,,,,,,,
300 - Alpine White,,NDH3 - Beige Novillo Extended Leather,2011,WBSKG9C56BE367516,,E367516,"MSRP,ZPP.3,ZTP,2MK,2MT.1,403,6FL,655,752",,,02-26-2010,1100,,,,,,,,,,
300 - Alpine White,,NDH3 - Beige Novillo Extended Leather,2011,WBSKG9C58BE367517,,E367517,"MSRP,ZPP.3,ZTP,2MK,2MT.1,403,6FL,655,752",,,02-26-2010,1100,,,,,,,,,,
300 - Alpine White,,NDH3 - Beige Novillo Extended Leather,2011,WBSKG9C5XBE367518,,E367518,"MSRP,ZPP.3,ZTP,2MK,2MT.1,403,6FL,655,752",,,03-01-2010,1100,,,,,,,,,,
300 - Alpine White,,NDH3 - Beige Novillo Extended Leather,2011,WBSKG9C51BE367519,,E367519,"MSRP,ZPP.3,ZTP,2MK,2MT.1,403,6FL,655,752",,,03-01-2010,1100,,,,,,,,,,
300 - Alpine White,,NCH2 - Fox Red Novillo Leather,2011,WBSKG9C58BE367520,,E367520,"MSRP,ZCW,ZPP.3,ZTP,2MT.1,403,6FL,655,752",,,03-01-2010,,,,,,,,,,,
300 - Alpine White,,NCH2 - Fox Red Novillo Leather,2011,WBSKG9C5XBE367521,,E367521,"MSRP,ZCW,ZPP.3,ZTP,2MT.1,403,6FL,655,752",,,03-01-2010,,,,,,,,,,,
A73 - Jerez Black Metallic,,NCSW - Black Novillo Leather,2011,WBSKG9C51BE367522,,E367522,"MSRP,ZCW,ZPP.3,ZTP,2MT.1,403,6FL,655,752",,,03-01-2010,550,,,,,,,,,,
300 - Alpine White,,NCH2 - Fox Red Novillo Leather,2011,WBSKG9C53BE367523,,E367523,"MSRP,ZCW,ZPP.3,ZTP,2MT.1,403,6FL,655,752",,,03-01-2010,,,,,,,,,,,
300 - Alpine White,,NCH2 - Fox Red Novillo Leather,2011,WBSKG9C55BE367524,,E367524,"MSRP,ZCW,ZPP.3,ZTP,2MT.1,403,6FL,655,752",,,03-01-2010,,,,,,,,,,,
A73 - Jerez Black Metallic,,NCSW - Black Novillo Leather,2011,WBSKG9C57BE367525,,E367525,"MSRP,ZCW,ZPP.3,ZTP,2MT.1,403,6FL,655,752",,,03-01-2010,550,,,,,,,,,,
A73 - Jerez Black Metallic,,NCSW - Black Novillo Leather,2011,WBSKG9C59BE367526,,E367526,"MSRP,ZCW,ZPP.3,ZTP,2MT.1,403,6FL,655,752",,,03-02-2010,550,,,,,,,,,,
,,NCSW - Black Novillo Leather,2011,WBSKG9C50BE367527,,E367527,"MSRP,ZCW,ZPP.3,ZTP,2MT.1,403,6FL,655,752",,,03-02-2010,,,,,,,,,,,
A73 - Jerez Black Metallic,,NCSW - Black Novillo Leather,2011,WBSKG9C52BE367528,,E367528,"MSRP,ZCW,ZPP.3,ZTP,2MT.1,403,507,6FL,655,752",,,03-02-2010,550,,,,,,,,,,
668 - Jet Black,,NCSW - Black Novillo Leather,2011,WBSKG9C54BE367529,,E367529,"MSRP,ZPP.3,ZTP,2MK,2MT.1,403,6FL,655,752",,,03-01-2010,,,,,,,,,,,
668 - Jet Black,,NCSW - Black Novillo Leather,2011,WBSKG9C50BE367530,,E367530,"MSRP,ZPP.3,ZTP,2MK,2MT.1,403,6FL,655,752",,,03-01-2010,,,,,,,,,,,
668 - Jet Black,,NCSW - Black Novillo Leather,2011,WBSKG9C52BE367531,,E367531,"MSRP,ZPP.3,ZTP,2MK,2MT.1,403,6FL,655,752",,,03-01-2010,,,,,,,,,,,
668 - Jet Black,,NCSW - Black Novillo Leather,2011,WBSKG9C54BE367532,,E367532,"MSRP,ZPP.3,ZTP,2MK,2MT.1,403,6FL,655,752",,,03-01-2010,,,,,,,,,,,
668 - Jet Black,,NCSW - Black Novillo Leather,2011,WBSKG9C56BE367533,,E367533,"MSRP,ZPP.3,ZTP,2MK,2MT.1,403,6FL,655,752",,,03-02-2010,,,,,,,,,,,
668 - Jet Black,,NCSW - Black Novillo Leather,2011,WBSKG9C58BE367534,,E367534,"MSRP,ZPP.3,ZTP,2MK,2MT.1,403,6FL,655,752",,,03-02-2010,,,,,,,,,,,
668 - Jet Black,,NCSW - Black Novillo Leather,2011,WBSKG9C5XBE367535,,E367535,"MSRP,ZPP.3,ZTP,2MK,2MT.1,403,6FL,655,752",,,03-03-2010,,,,,,,,,,,
668 - Jet Black,,NCSW - Black Novillo Leather,2011,WBSKG9C51BE367536,,E367536,"MSRP,ZPP.3,ZTP,2MK,2MT.1,403,6FL,655,752",,,03-03-2010,,,,,,,,,,,
668 - Jet Black,,NCH2 - Fox Red Novillo Leather,2011,WBSKG9C53BE367537,,E367537,"MSRP,ZCW,ZPP.3,ZTP,2MT.1,403,6FL,655,752",,,03-03-2010,,,,,,,,,,,
381 - Le Mans Blue Metallic,,GEAT - Anthracite/Black Cloth & Leather,2011,WBSKG9C55BE367538,,E367538,"MSRP,ZCP,ZTP,2MK,494,6FL,771",,,04-06-2010,550,,,,,,,,,,
A75 - Melbourne Red Metallic,,GEAT - Anthracite/Black Cloth & Leather,2011,WBSKG9C57BE367539,,E367539,"MSRP,ZCP,ZTP,494,6FL,771",,,04-01-2010,550,,,,,,,,,,
A75 - Melbourne Red Metallic,,GEAT - Anthracite/Black Cloth & Leather,2011,WBSKG9C53BE367540,,E367540,"MSRP,ZCP,ZTP,2MK,494,6FL,771",,,04-01-2010,550,,,,,,,,,,
A73 - Jerez Black Metallic,,NCSW - Black Novillo Leather,2011,WBSKG9C55BE367541,,E367541,"MSRP,ZCW,ZPP.3,ZTP,2MT.1,403,6FL,655,752",,,03-02-2010,550,,,,,,,,,,
300 - Alpine White,,NCSW - Black Novillo Leather,2011,WBSKG9C57BE367542,,E367542,"MSRP,ZPP.3,ZTP,2MK,2MT.1,494,507,6FL,655,752",,,03-03-2010,,,,,,,,,,,
668 - Jet Black,,NCSW - Black Novillo Leather,2011,WBSKG9C59BE367543,,E367543,"MSRP,ZPP.3,ZTP,2MK,2MT.1,494,507,6FL,655,752",,,03-03-2010,,,,,,,,,,,
668 - Jet Black,,NCSW - Black Novillo Leather,2011,WBSKG9C50BE367544,,E367544,"MSRP,ZPP.3,ZTP,2MK,2MT.1,494,507,6FL,655,752",,,03-03-2010,,,,,,,,,,,
668 - Jet Black,,NCSW - Black Novillo Leather,2011,WBSKG9C52BE367545,,E367545,"MSRP,ZPP.3,ZTP,2MK,2MT.1,494,507,6FL,655,752",,,03-03-2010,,,,,,,,,,,
668 - Jet Black,,NCSW - Black Novillo Leather,2011,WBSKG9C54BE367546,,E367546,"MSRP,ZPP.3,ZTP,2MK,2MT.1,494,507,6FL,655,752",,,03-03-2010,,,,,,,,,,,
668 - Jet Black,,NCSW - Black Novillo Leather,2011,WBSKG9C56BE367547,,E367547,"MSRP,ZPP.3,ZTP,2MK,2MT.1,494,507,6FL,655,752",,,03-03-2010,,,,,,,,,,,
668 - Jet Black,,NCSW - Black Novillo Leather,2011,WBSKG9C58BE367548,,E367548,"MSRP,ZPP.3,ZTP,2MK,2MT.1,494,507,6FL,655,752",,,03-04-2010,,,,,,,,,,,
668 - Jet Black,,NCSW - Black Novillo Leather,2011,WBSKG9C5XBE367549,,E367549,"MSRP,ZPP.3,ZTP,2MK,2MT.1,494,507,6FL,655,752",,,03-04-2010,,,,,,,,,,,
668 - Jet Black,,NCSW - Black Novillo Leather,2011,WBSKG9C56BE367550,,E367550,"MSRP,ZPP.3,ZTP,2MK,2MT.1,494,507,6FL,655,752",,,03-04-2010,,,,,,,,,,,
668 - Jet Black,,NCSW - Black Novillo Leather,2011,WBSKG9C58BE367551,,E367551,"MSRP,ZPP.3,ZTP,2MK,2MT.1,494,507,6FL,655,752",,,03-04-2010,,,,,,,,,,,
300 - Alpine White,,NCSW - Black Novillo Leather,2011,WBSKG9C5XBE367552,,E367552,"MSRP,ZPP.3,ZTP,2MK,2MT.1,494,507,6FL,655,752",,,03-04-2010,,,,,,,,,,,
300 - Alpine White,,NCSW - Black Novillo Leather,2011,WBSKG9C51BE367553,,E367553,"MSRP,ZPP.3,ZTP,2MK,2MT.1,494,507,6FL,655,752",,,03-04-2010,,,,,,,,,,,
300 - Alpine White,,NCSW - Black Novillo Leather,2011,WBSKG9C53BE367554,,E367554,"MSRP,ZPP.3,ZTP,2MK,2MT.1,494,507,6FL,655,752",,,03-04-2010,,,,,,,,,,,
300 - Alpine White,,NCSW - Black Novillo Leather,2011,WBSKG9C55BE367555,,E367555,"MSRP,ZPP.3,ZTP,2MK,2MT.1,494,507,6FL,655,752",,,03-04-2010,,,,,,,,,,,
300 - Alpine White,,NCSW - Black Novillo Leather,2011,WBSKG9C57BE367556,,E367556,"MSRP,ZPP.3,ZTP,2MK,2MT.1,494,507,6FL,655,752",,,03-04-2010,,,,,,,,,,,
300 - Alpine White,,NCSW - Black Novillo Leather,2011,WBSKG9C59BE367557,,E367557,"MSRP,494,507,609,6FL,655",,,03-05-2010,950,,,,,,,,,,
300 - Alpine White,,NCSW - Black Novillo Leather,2011,WBSKG9C50BE367558,,E367558,"MSRP,ZPP.3,ZTP,2MK,2MT.1,494,507,6FL,655,752",,,03-05-2010,,,,,,,,,,,
300 - Alpine White,,NCSW - Black Novillo Leather,2011,WBSKG9C52BE367559,,E367559,"MSRP,ZPP.3,ZTP,2MK,2MT.1,494,507,6FL,655,752",,,03-05-2010,,,,,,,,,,,
300 - Alpine White,,NCH2 - Fox Red Novillo Leather,2011,WBSKG9C59BE367560,,E367560,"MSRP,ZCW,ZPP.2,ZTP,2MK,2MT.1,507,5AC,6FL,6NF,655",,,03-05-2010,,,,,,,,,,,
668 - Jet Black,,NCSW - Black Novillo Leather,2011,WBSKG9C50BE367561,,E367561,"MSRP,ZPP.3,ZTP,2MK,6FL,752",,,03-05-2010,,,,,,,,,,,
300 - Alpine White,,NCSW - Black Novillo Leather,2011,WBSKG9C52BE367562,,E367562,"MSRP,ZPP.3,ZTP,2MK,2MT.1,494,507,6FL,655,752",,,03-05-2010,,,,,,,,,,,
668 - Jet Black,,NCSW - Black Novillo Leather,2011,WBSKG9C54BE367563,,E367563,"MSRP,ZPP.3,ZTP,2MK,6FL,752",,,03-05-2010,,,,,,,,,,,
668 - Jet Black,,NCSW - Black Novillo Leather,2011,WBSKG9C56BE367564,,E367564,"MSRP,ZPP.3,ZTP,2MK,6FL,752",,,03-05-2010,,,,,,,,,,,
668 - Jet Black,,NCSW - Black Novillo Leather,2011,WBSKG9C58BE367565,,E367565,"MSRP,ZPP.3,ZTP,2MK,6FL,752",,,03-06-2010,,,,,,,,,,,
,,NCSW - Black Novillo Leather,2011,WBSKG9C5XBE367566,,E367566,"MSRP,ZPP.3,ZTP,2MK,6FL,752",,,03-06-2010,,,,,,,,,,,
668 - Jet Black,,NCSW - Black Novillo Leather,2011,WBSKG9C51BE367567,,E367567,"MSRP,ZPP.3,ZTP,2MK,6FL,752",,,03-06-2010,,,,,,,,,,,
668 - Jet Black,,NCSW - Black Novillo Leather,2011,WBSKG9C53BE367568,,E367568,"MSRP,ZPP.3,ZTP,2MK,6FL,655,752",,,03-06-2010,,,,,,,,,,,
668 - Jet Black,,NCSW - Black Novillo Leather,2011,WBSKG9C55BE367569,,E367569,"MSRP,ZPP.3,ZTP,2MK,6FL,655,752",,,03-06-2010,,,,,,,,,,,
668 - Jet Black,,NCSW - Black Novillo Leather,2011,WBSKG9C51BE367570,,E367570,"MSRP,ZPP.3,ZTP,2MK,6FL,752",,,03-06-2010,,,,,,,,,,,
668 - Jet Black,,NCSW - Black Novillo Leather,2011,WBSKG9C53BE367571,,E367571,"MSRP,ZPP.3,ZTP,2MK,6FL,655,752",,,03-06-2010,,,,,,,,,,,
668 - Jet Black,,NCSW - Black Novillo Leather,2011,WBSKG9C55BE367572,,E367572,"MSRP,ZPP.3,ZTP,2MK,6FL,752",,,03-08-2010,,,,,,,,,,,
668 - Jet Black,,NCSW - Black Novillo Leather,2011,WBSKG9C57BE367573,,E367573,"MSRP,ZPP.3,ZTP,2MK,6FL,752",,,03-08-2010,,,,,,,,,,,
668 - Jet Black,,NCSW - Black Novillo Leather,2011,WBSKG9C59BE367574,,E367574,"MSRP,ZPP.3,ZTP,2MK,6FL,752",,,03-08-2010,,,,,,,,,,,
668 - Jet Black,,NCSW - Black Novillo Leather,2011,WBSKG9C50BE367575,,E367575,"MSRP,ZPP.3,ZTP,2MK,494,6FL,752",,,03-08-2010,,,,,,,,,,,
300 - Alpine White,,NCSW - Black Novillo Leather,2011,WBSKG9C52BE367576,,E367576,"MSRP,ZCW,ZPP.3,ZTP,2MK,2MT.1,302,415,507,6FL,655,752",,,03-08-2010,,,,,,,,,,,
668 - Jet Black,,NCSW - Black Novillo Leather,2011,WBSKG9C54BE367577,,E367577,"MSRP,ZPP.3,ZTP,2MK,6FL,752",,,03-08-2010,,,,,,,,,,,
300 - Alpine White,,NCSW - Black Novillo Leather,2011,WBSKG9C56BE367578,,E367578,"MSRP,ZCW,ZPP.3,ZTP,2MK,2MT.1,302,415,507,6FL,655,752",,,03-08-2010,,,,,,,,,,,
300 - Alpine White,,NCSW - Black Novillo Leather,2011,WBSKG9C58BE367579,,E367579,"MSRP,ZCW,ZPP.3,ZTP,2MK,2MT.1,302,415,507,6FL,655,752",,,03-08-2010,,,,,,,,,,,
300 - Alpine White,,NCSW - Black Novillo Leather,2011,WBSKG9C54BE367580,,E367580,"MSRP,ZCW,ZPP.3,ZTP,2MK,2MT.1,302,415,507,6FL,655,752",,,03-08-2010,,,,,,,,,,,
300 - Alpine White,,NCSW - Black Novillo Leather,2011,WBSKG9C56BE367581,,E367581,"MSRP,ZCW,ZPP.3,ZTP,2MK,2MT.1,302,415,507,6FL,655,752",,,03-08-2010,,,,,,,,,,,
300 - Alpine White,,NCSW - Black Novillo Leather,2011,WBSKG9C58BE367582,,E367582,"MSRP,ZCW,ZPP.3,ZTP,2MK,2MT.1,302,415,507,6FL,655,752",,,03-08-2010,,,,,,,,,,,
300 - Alpine White,,NCSW - Black Novillo Leather,2011,WBSKG9C5XBE367583,,E367583,"MSRP,ZCW,ZPP.3,ZTP,2MK,2MT.1,302,415,507,6FL,655,752",,,03-08-2010,,,,,,,,,,,
300 - Alpine White,,NCSW - Black Novillo Leather,2011,WBSKG9C51BE367584,,E367584,"MSRP,ZCW,ZPP.3,ZTP,2MK,2MT.1,302,415,507,6FL,655,752",,,03-09-2010,,,,,,,,,,,
300 - Alpine White,,NCSW - Black Novillo Leather,2011,WBSKG9C53BE367585,,E367585,"MSRP,ZCW,ZTP,2MK,2MT.1,302,415,4MY,6FL,752",,,03-09-2010,950,,,,,,,,,,
300 - Alpine White,,NCSW - Black Novillo Leather,2011,WBSKG9C55BE367586,,E367586,"MSRP,ZCW,ZPP.3,ZTP,2MK,2MT.1,302,415,507,6FL,655,752",,,03-09-2010,,,,,,,,,,,
668 - Jet Black,,NCSW - Black Novillo Leather,2011,WBSKG9C57BE367587,,E367587,"MSRP,ZCW,ZPP.3,ZTP,2MK,6FL,752",,,03-09-2010,,,,,,,,,,,
668 - Jet Black,,NCSW - Black Novillo Leather,2011,WBSKG9C59BE367588,,E367588,"MSRP,ZCW,ZPP.3,ZTP,2MK,6FL,752",,,03-09-2010,,,,,,,,,,,
668 - Jet Black,,NCSW - Black Novillo Leather,2011,WBSKG9C50BE367589,,E367589,"MSRP,ZCW,ZPP.3,ZTP,2MK,6FL,655,752",,,03-09-2010,,,,,,,,,,,
668 - Jet Black,,NCSW - Black Novillo Leather,2011,WBSKG9C57BE367590,,E367590,"MSRP,ZCW,ZPP.3,ZTP,2MK,6FL,752",,,03-09-2010,,,,,,,,,,,
A52 - Space Gray Metallic,,NCH1 - Silver Novillo Leather,2011,WBSKG9C59BE367591,,E367591,"MSRP,ZCP,ZCW,ZPP.3,ZTP,302,507,6FL,6NF,752",,,03-09-2010,550,,,,,,,,,,
668 - Jet Black,,NCSW - Black Novillo Leather,2011,WBSKG9C50BE367592,,E367592,"MSRP,ZCW,ZPP.3,ZTP,2MK,6FL,655,752",,,03-09-2010,,,,,,,,,,,
300 - Alpine White,,NCSW - Black Novillo Leather,2011,WBSKG9C52BE367593,,E367593,"MSRP,ZPP.3,ZTP,2MT.1,494,6FL",,,03-09-2010,,,,,,,,,,,
668 - Jet Black,,NCSW - Black Novillo Leather,2011,WBSKG9C54BE367594,,E367594,"MSRP,ZCW,ZPP.3,ZTP,2MK,6FL,752",,,03-09-2010,,,,,,,,,,,
668 - Jet Black,,NCSW - Black Novillo Leather,2011,WBSKG9C56BE367595,,E367595,"MSRP,ZCW,ZPP.3,ZTP,2MK,6FL,752",,,03-10-2010,,,,,,,,,,,
668 - Jet Black,,NCSW - Black Novillo Leather,2011,WBSKG9C58BE367596,,E367596,"MSRP,ZCW,ZPP.3,ZTP,2MK,6FL,655,752",,,03-10-2010,,,,,,,,,,,
668 - Jet Black,,NCSW - Black Novillo Leather,2011,WBSKG9C5XBE367597,,E367597,"MSRP,ZCW,ZPP.3,ZTP,2MK,6FL,752",,,03-10-2010,,,,,,,,,,,
668 - Jet Black,,NCSW - Black Novillo Leather,2011,WBSKG9C51BE367598,,E367598,"MSRP,ZCW,ZPP.3,ZTP,2MK,6FL,752",,,03-10-2010,,,,,,,,,,,
668 - Jet Black,,NCSW - Black Novillo Leather,2011,WBSKG9C53BE367599,,E367599,"MSRP,ZPP.3,ZTP,2MK,6FL,752",,,03-10-2010,,,,,,,,,,,
668 - Jet Black,,NCSW - Black Novillo Leather,2011,WBSKG9C56BE367600,,E367600,"MSRP,ZPP.3,ZTP,2MK,6FL,752",,,03-10-2010,,,,,,,,,,,
668 - Jet Black,,NCSW - Black Novillo Leather,2011,WBSKG9C58BE367601,,E367601,"MSRP,ZPP.3,ZTP,2MK,6FL,752",,,"Mar 10, 2010",,,,,,,,,,,
668 - Jet Black,,NCSW - Black Novillo Leather,2011,WBSKG9C5XBE367602,,E367602,"MSRP,ZPP.3,ZTP,2MK,6FL,752",,,"Mar 10, 2010",,,,,,,,,,,
668 - Jet Black,,NCSW - Black Novillo Leather,2011,WBSKG9C51BE367603,,E367603,"MSRP,ZPP.3,ZTP,2MK,6FL,752",,,"Mar 10, 2010",,,,,,,,,,,
300 - Alpine White,,NDSW - Black Extended Novillo Leather,2011,WBSKG9C53BE367604,,E367604,"MSRP,ZCW,ZPP.3,ZTP,2MK,2MT.1,302,415,6FL,6NF,655,752",,,"May 4, 2010",1100,,,,,,,,,,
668 - Jet Black,,NCSW - Black Novillo Leather,2011,WBSKG9C55BE367605,,E367605,"MSRP,ZPP.3,ZTP,2MK,6FL,752",,,"Mar 10, 2010",,,,,,,,,,,
668 - Jet Black,,NCSW - Black Novillo Leather,2011,WBSKG9C57BE367606,,E367606,"MSRP,ZPP.3,ZTP,2MK,6FL,752",,,"Mar 11, 2010",,,,,,,,,,,
668 - Jet Black,,NCSW - Black Novillo Leather,2011,WBSKG9C59BE367607,,E367607,"MSRP,ZPP.3,ZTP,2MK,6FL,752",,,"Mar 11, 2010",,,,,,,,,,,
668 - Jet Black,,NCSW - Black Novillo Leather,2011,WBSKG9C50BE367608,,E367608,"MSRP,ZPP.3,ZTP,2MK,6FL,752",,,"Mar 11, 2010",,,,,,,,,,,
668 - Jet Black,,NCSW - Black Novillo Leather,2011,WBSKG9C52BE367609,,E367609,"MSRP,ZPP.3,ZTP,2MK,6FL,752",,,"Mar 11, 2010",,,,,,,,,,,
668 - Jet Black,,NCSW - Black Novillo Leather,2011,WBSKG9C59BE367610,,E367610,"MSRP,ZPP.3,ZTP,2MK,6FL,752",,,"Mar 11, 2010",,,,,,,,,,,
668 - Jet Black,,NCSW - Black Novillo Leather,2011,WBSKG9C50BE367611,,E367611,"MSRP,ZPP.3,ZTP,2MK,6FL,752",,,"Mar 11, 2010",,,,,,,,,,,
668 - Jet Black,,NCSW - Black Novillo Leather,2011,WBSKG9C52BE367612,,E367612,"MSRP,ZPP.3,ZTP,2MK,6FL,752",,,"Mar 11, 2010",,,,,,,,,,,
668 - Jet Black,,NCSW - Black Novillo Leather,2011,WBSKG9C54BE367613,,E367613,"MSRP,ZPP.3,ZTP,2MK,6FL,752",,,"Mar 12, 2010",,,,,,,,,,,
668 - Jet Black,,NCSW - Black Novillo Leather,2011,WBSKG9C56BE367614,,E367614,"MSRP,ZTP,2MK,4MY,6FL,6NF,752",,,"Mar 12, 2010",950,,,,,,,,,,
300 - Alpine White,,NCH2 - Fox Red Novillo Leather,2011,WBSKG9C58BE367615,,E367615,"MSRP,ZCW,ZPP.1,2MT.1,302,322,6FL",,,"Mar 12, 2010",,,,,,,,,,,
668 - Jet Black,,NCSW - Black Novillo Leather,2011,WBSKG9C5XBE367616,,E367616,"MSRP,ZCW,ZPP.1,2MK,403",,,"Mar 12, 2010",,,,,,,,,,,
A52 - Space Gray Metallic,,NDSW - Black Extended Novillo Leather,2011,WBSKG9C51BE367617,,E367617,"MSRP,ZCP,ZCW,ZPP.3,ZTP,2MK,302,415,507,5AC,6FL,655,752",,,"Mar 12, 2010",550/1100,,,,,,,,,,
300 - Alpine White,,NCH2 - Fox Red Novillo Leather,2011,WBSKG9C53BE367618,,E367618,"MSRP,ZCW,ZPP.3,ZTP,2MT.1,302,415,507,6FL,655,752",,,"Mar 12, 2010",,,,,,,,,,,
300 - Alpine White,,NCSW - Black Novillo Leather,2011,WBSKG9C55BE367619,,E367619,"MSRP,ZCP,ZPP.3,ZTP,2MK,415,507,5AC,6FL,6NF,655,752",,,"Mar 12, 2010",,,,,,,,,,,
A52 - Space Gray Metallic,,NDH2 - Fox Red Extended Leather,2011,WBSKG9C51BE367620,,E367620,"MSRP,ZPP.2,ZTP,2MT.1,403,494",,,"Mar 12, 2010",550/1100,,,,,,,,,,
668 - Jet Black,,NCSW - Black Novillo Leather,2011,WBSKG9C53BE367621,,E367621,"MSRP,ZCP,ZPP.3,ZTP,2MK,302,403,494,5AC,6FL,6NF,752",,,"Mar 13, 2010",,,,,,,,,,,
300 - Alpine White,,NDH2 - Fox Red Extended Leather,2011,WBSKG9C55BE367622,,E367622,"MSRP,ZCP,ZPP.3,ZTP,2MK,302,494,507,6FL,6NF,752",,,"Mar 13, 2010",1100,,,,,,,,,,
300 - Alpine White,,NCSW - Black Novillo Leather,2011,WBSKG9C57BE367623,,E367623,"MSRP,ZCP,ZCW,ZPP.3,ZTP,2MK,302,415,507,6FL,6NF,655,752",,,"Mar 13, 2010",,,,,,,,,,,
A73 - Jerez Black Metallic,,NCH1 - Silver Novillo Leather,2011,WBSKG9C59BE367624,,E367624,"MSRP,ZPP.3,2MK,2MT.1,403,494,507,6FL",,,"Mar 15, 2010",550,,,,,,,,,,
A29 - Silverstone Metallic II,,NCSW - Black Novillo Leather,2011,WBSKG9C50BE367625,,E367625,"MSRP,ZCW,ZPP.1,2MT.1,6FL",,,"Mar 15, 2010",550,,,,,,,,,,
300 - Alpine White,,GEAT - Anthracite/Black Cloth & Leather,2011,WBSKG9C52BE367626,,E367626,"MSRP,ZCW,ZPP.3,ZTP,2MK,302,507,6FL",,,"Mar 15, 2010",,,,,,,,,,,
A29 - Silverstone Metallic II,,NCSW - Black Novillo Leather,2011,WBSKG9C54BE367627,,E367627,"MSRP,ZPP.1,ZTP,302,403,507",,,"Mar 15, 2010",550,,,,,,,,,,
A29 - Silverstone Metallic II,,NCSW - Black Novillo Leather,2011,WBSKG9C56BE367628,,E367628,"MSRP,ZCP,2MK,403,655,771",,,"Mar 15, 2010",550/950,,,,,,,,,,
A73 - Jerez Black Metallic,,NCH3 - Beige Novillo Leather,2011,WBSKG9C58BE367629,,E367629,"MSRP,ZCW,ZPP.3,ZTP,2MK,2MT.1,302,507,6FL",,,"Mar 15, 2010",550,,,,,,,,,,
300 - Alpine White,,NCSW - Black Novillo Leather,2011,WBSKG9C54BE367630,,E367630,"MSRP,ZCW,ZPP.3,ZTP,2MK,2MT.1,302,507,6FL,655,752",,,"Mar 15, 2010",,,,,,,,,,,
A73 - Jerez Black Metallic,,NCSW - Black Novillo Leather,2011,WBSKG9C56BE367631,,E367631,"MSRP,ZCW,ZPP.3,ZTP,2MT.1,302,6FL",,,"Mar 15, 2010",550,,,,,,,,,,
A73 - Jerez Black Metallic,,NDSW - Black Extended Novillo Leather,2011,WBSKG9C58BE367632,,E367632,"MSRP,ZCP,ZCW,ZPP.3,ZTP,2MK,302,415,507,5AC,6FL,6NF,655,752",,,"Mar 15, 2010",550/1100,,,,,,,,,,
381 - Le Mans Blue Metallic,,NCH1 - Silver Novillo Leather,2011,WBSKG9C5XBE367633,,E367633,"MSRP,ZCW,ZPP.3,ZTP,2MK,2MT.1,302,415,507,6FL,655,752",,,"Mar 15, 2010",550,,,,,,,,,,
A73 - Jerez Black Metallic,,NCSW - Black Novillo Leather,2011,WBSKG9C51BE367634,,E367634,"MSRP,ZPP.3,ZTP,2MK,403,494,507,6FL,6NF,655,752",,,"Mar 15, 2010",550,,,,,,,,,,
A73 - Jerez Black Metallic,,NDH2 - Fox Red Extended Leather,2011,WBSKG9C53BE367635,,E367635,"MSRP,ZCW,ZPP.3,ZTP,2MK,2MT.1,302,403,507,6FL,752",,,"Mar 15, 2010",550/1100,,,,,,,,,,
A73 - Jerez Black Metallic,,NCSW - Black Novillo Leather,2011,WBSKG9C55BE367636,,E367636,"MSRP,ZPP.3,ZTP,2MK,2MT.1,302,403,494,507,655,752",,,"Mar 15, 2010",550,,,,,,,,,,
A73 - Jerez Black Metallic,,NCH3 - Beige Novillo Leather,2011,WBSKG9C57BE367637,,E367637,"MSRP,ZCP,ZPP.3,ZTP,2MK,302,403,494,507,5AC,6FL,6NF,655,752",,,"Mar 15, 2010",550,,,,,,,,,,
381 - Le Mans Blue Metallic,,NCSW - Black Novillo Leather,2011,WBSKG9C59BE367638,,E367638,"MSRP,ZCP,ZPP.3,ZTP,302",,,"Mar 15, 2010",550,,,,,,,,,,
300 - Alpine White,,NCH2 - Fox Red Novillo Leather,2011,WBSKG9C50BE367639,,E367639,"MSRP,ZPP.1,ZTP,2MK,494,507,6FL,6NF,655",,,"Mar 16, 2010",,,,,,,,,,,
A29 - Silverstone Metallic II,,NCSW - Black Novillo Leather,2011,WBSKG9C57BE367640,,E367640,"MSRP,ZCP,ZCW,ZPP.3,ZTP,2MK,302,415,507,5AC,6FL,6NF,655,752",,,"Mar 16, 2010",550,,,,,,,,,,
A29 - Silverstone Metallic II,,NCSW - Black Novillo Leather,2011,WBSKG9C59BE367641,,E367641,"MSRP,ZPP.1,ZTP,2MK,2MT.1,6FL,6NF",,,"Mar 16, 2010",550,,,,,,,,,,
300 - Alpine White,,NCH2 - Fox Red Novillo Leather,2011,WBSKG9C50BE367642,,E367642,"MSRP,ZPP.1,ZTP,302,494,507",,,"Mar 16, 2010",,,,,,,,,,,
300 - Alpine White,,NCH2 - Fox Red Novillo Leather,2011,WBSKG9C52BE367643,,E367643,"MSRP,ZCP,ZCW,ZPP.3,ZTP,2MK,302,507,6FL,752",,,"Mar 16, 2010",,,,,,,,,,,
300 - Alpine White,,NCH2 - Fox Red Novillo Leather,2011,WBSKG9C54BE367644,,E367644,"MSRP,ZCP,ZPP.3,ZTP,2MK,302,415,507,6FL,655,752",,,"Mar 16, 2010",,,,,,,,,,,
300 - Alpine White,,NCSW - Black Novillo Leather,2011,WBSKG9C56BE367645,,E367645,"MSRP,ZCP,ZPP.3,ZTP,2MK,302,494,507,6FL,655,752",,,"Mar 16, 2010",,,,,,,,,,,
300 - Alpine White,,NCSW - Black Novillo Leather,2011,WBSKG9C58BE367646,,E367646,"MSRP,ZCP,ZPP.3,ZTP,2MK,415,507,5AC,6FL,6NF,655,752",,,"Mar 16, 2010",,,,,,,,,,,
300 - Alpine White,,NCSW - Black Novillo Leather,2011,WBSKG9C5XBE367647,,E367647,"MSRP,ZCP,ZPP.3,ZTP,2MK,494,507,6FL",,,"Mar 16, 2010",,,,,,,,,,,
668 - Jet Black,,NCSW - Black Novillo Leather,2011,WBSKG9C51BE367648,,E367648,"MSRP,ZCP,ZPP.3,ZTP,2MK,403,494,507,6FL,6NF,655",,,"Mar 16, 2010",,,,,,,,,,,
300 - Alpine White,,NCSW - Black Novillo Leather,2011,WBSKG9C53BE367649,,E367649,"MSRP,ZCW,ZPP.3,ZTP,2MK,2MT.1,302,415,507,6FL,655,752",,,"Mar 16, 2010",,,,,,,,,,,
A52 - Space Gray Metallic,,NCH2 - Fox Red Novillo Leather,2011,WBSKG9C5XBE367650,,E367650,"MSRP,ZCW,ZPP.3,ZTP,2MK,2MT.1,302,403,507,5AC",,,"Mar 16, 2010",550,,,,,,,,,,
300 - Alpine White,,NCSW - Black Novillo Leather,2011,WBSKG9C51BE367651,,E367651,"MSRP,ZCW,ZPP.3,ZTP,2MK,2MT.1,302,415,507,6FL,655,752",,,"Mar 16, 2010",,,,,,,,,,,
300 - Alpine White,,NCSW - Black Novillo Leather,2011,WBSKG9C53BE367652,,E367652,"MSRP,ZCP,ZCW,ZPP.2,ZTP,403,6FL,655",,,"Mar 16, 2010",,,,,,,,,,,
300 - Alpine White,,NCH2 - Fox Red Novillo Leather,2011,WBSKG9C55BE367653,,E367653,"MSRP,ZCW,ZPP.1,2MT.1,302,322,403,6FL,655,752",,,"Mar 16, 2010",,,,,,,,,,,
300 - Alpine White,,NCSW - Black Novillo Leather,2011,WBSKG9C57BE367654,,E367654,"MSRP,ZCP,ZPP.3,302,507,6FL,6NF,655",,,"Mar 16, 2010",,,,,,,,,,,
300 - Alpine White,,NCSW - Black Novillo Leather,2011,WBSKG9C59BE367655,,E367655,"MSRP,ZCW,ZPP.3,ZTP,2MK,2MT.1,302,415,507,6FL,655,752",,,"Mar 16, 2010",,,,,,,,,,,
668 - Jet Black,,NCH2 - Fox Red Novillo Leather,2011,WBSKG9C50BE367656,,E367656,"MSRP,ZCP,2MK,403,6FL,771",,,"Mar 16, 2010",950,,,,,,,,,,
300 - Alpine White,,NCSW - Black Novillo Leather,2011,WBSKG9C52BE367657,,E367657,"MSRP,ZCW,ZPP.3,ZTP,2MK,2MT.1,302,415,507,6FL,655,752",,,"Mar 16, 2010",,,,,,,,,,,
300 - Alpine White,,NCSW - Black Novillo Leather,2011,WBSKG9C54BE367658,,E367658,"MSRP,ZCW,ZPP.3,ZTP,2MK,2MT.1,302,415,507,6FL,655,752",,,"Mar 16, 2010",,,,,,,,,,,
300 - Alpine White,,NCH1 - Silver Novillo Leather,2011,WBSKG9C56BE367659,,E367659,"MSRP,ZCW,ZPP.3,302,403,6FL,655",,,"Mar 16, 2010",,,,,,,,,,,
300 - Alpine White,,NCSW - Black Novillo Leather,2011,WBSKG9C52BE367660,,E367660,"MSRP,ZCW,ZPP.3,ZTP,2MK,2MT.1,302,415,507,6FL,655,752",,,"Mar 16, 2010",,,,,,,,,,,
300 - Alpine White,,NCSW - Black Novillo Leather,2011,WBSKG9C54BE367661,,E367661,"MSRP,ZCW,ZPP.3,ZTP,2MK,2MT.1,302,415,507,6FL,655,752",,,"Mar 16, 2010",,,,,,,,,,,
300 - Alpine White,,NCSW - Black Novillo Leather,2011,WBSKG9C56BE367662,,E367662,"MSRP,ZCW,ZPP.3,ZTP,2MK,2MT.1,302,415,507,6FL,655,752",,,"Mar 17, 2010",,,,,,,,,,,
300 - Alpine White,,NCSW - Black Novillo Leather,2011,WBSKG9C58BE367663,,E367663,"MSRP,ZCW,ZPP.3,ZTP,2MK,2MT.1,302,415,507,6FL,655,752",,,"Mar 17, 2010",,,,,,,,,,,
300 - Alpine White,,NCSW - Black Novillo Leather,2011,WBSKG9C5XBE367664,,E367664,"MSRP,ZCW,ZPP.3,ZTP,2MK,2MT.1,302,415,507,6FL,655,752",,,"Mar 17, 2010",,,,,,,,,,,
300 - Alpine White,,NCSW - Black Novillo Leather,2011,WBSKG9C51BE367665,,E367665,"MSRP,ZCW,ZPP.3,ZTP,2MK,2MT.1,302,415,507,6FL,655,752",,,"Mar 17, 2010",,,,,,,,,,,
A52 - Space Gray Metallic,,NCSW - Black Novillo Leather,2011,WBSKG9C53BE367666,,E367666,"MSRP,ZCP,ZPP.3,609,655",,,"Mar 17, 2010",550,,,,,,,,,,
300 - Alpine White,,NCSW - Black Novillo Leather,2011,WBSKG9C55BE367667,,E367667,"MSRP,ZCP,ZCW,ZPP.3,ZTP,2MK,507,6FL,752,863",,,"Mar 17, 2010",,,,,,,,,,,
A73 - Jerez Black Metallic,,NCH2 - Fox Red Novillo Leather,2011,WBSKG9C57BE367668,,E367668,"MSRP,ZCW,ZPP.3,2MT.1,302,322,403,415,507,6FL,655,752",,,"Mar 17, 2010",550,,,,,,,,,,
A30 - Interlagos Blue Metallic,,NCSW - Black Novillo Leather,2011,WBSKG9C59BE367669,,E367669,"MSRP,ZPP.2,494,507,6FL",,,"Mar 17, 2010",550,,,,,,,,,,
300 - Alpine White,,NCH2 - Fox Red Novillo Leather,2011,WBSKG9C55BE367670,,E367670,"MSRP,ZCW,ZPP.3,2MT.1,302,322,6FL",,,"Mar 17, 2010",,,,,,,,,,,
A52 - Space Gray Metallic,,NCH1 - Silver Novillo Leather,2011,WBSKG9C57BE367671,,E367671,"MSRP,ZCW,ZPP.1,ZTP,302,403,6FL,752",,,"Mar 17, 2010",550,,,,,,,,,,
A30 - Interlagos Blue Metallic,,NDSW - Black Extended Novillo Leather,2011,WBSKG9C59BE367672,,E367672,"MSRP,ZCP,ZCW,ZPP.3,ZTP,2MK,302,415,507,5AC,6FL,6NF,655,752",,,"Mar 17, 2010",550/1100,,,,,,,,,,
668 - Jet Black,,NDSW - Black Extended Novillo Leather,2011,WBSKG9C50BE367673,,E367673,"MSRP,ZCW,ZPP.3,ZTP,2MK,2MT.1,302,403,415,507,6FL,655,752",,,"Mar 17, 2010",1100,,,,,,,,,,
300 - Alpine White,,NCSW - Black Novillo Leather,2011,WBSKG9C52BE367674,,E367674,"MSRP,ZCW,ZPP.3,ZTP,2MK,2MT.1,302,415,507,6FL,655,752",,,"Mar 17, 2010",,,,,,,,,,,
300 - Alpine White,,NCSW - Black Novillo Leather,2011,WBSKG9C54BE367675,,E367675,"MSRP,ZCW,ZPP.3,ZTP,2MK,2MT.1,302,415,507,6FL,655,752",,,"Mar 17, 2010",,,,,,,,,,,
300 - Alpine White,,NCSW - Black Novillo Leather,2011,WBSKG9C56BE367676,,E367676,"MSRP,ZCW,ZPP.3,ZTP,2MK,2MT.1,302,415,507,6FL,655,752",,,"Mar 17, 2010",,,,,,,,,,,
300 - Alpine White,,NCSW - Black Novillo Leather,2011,WBSKG9C58BE367677,,E367677,"MSRP,ZCW,ZPP.3,ZTP,2MK,2MT.1,302,415,507,6FL,655,752",,,"Mar 17, 2010",,,,,,,,,,,
300 - Alpine White,,NCSW - Black Novillo Leather,2011,WBSKG9C5XBE367678,,E367678,"MSRP,ZCW,ZPP.3,ZTP,2MK,2MT.1,302,415,507,6FL,655,752",,,"Mar 18, 2010",,,,,,,,,,,
300 - Alpine White,,NCSW - Black Novillo Leather,2011,WBSKG9C51BE367679,,E367679,"MSRP,ZCW,ZPP.3,ZTP,2MK,2MT.1,302,415,507,6FL,655,752",,,"Mar 18, 2010",,,,,,,,,,,
300 - Alpine White,,NCSW - Black Novillo Leather,2011,WBSKG9C58BE367680,,E367680,"MSRP,ZCW,ZPP.3,ZTP,2MK,2MT.1,302,415,507,6FL,655,752",,,"Mar 18, 2010",,,,,,,,,,,
300 - Alpine White,,NCSW - Black Novillo Leather,2011,WBSKG9C5XBE367681,,E367681,"MSRP,ZCW,ZPP.3,ZTP,2MK,2MT.1,302,415,507,6FL,655,752",,,"Mar 18, 2010",,,,,,,,,,,
A52 - Space Gray Metallic,,NCH2 - Fox Red Novillo Leather,2011,WBSKG9C51BE367682,,E367682,"MSRP,ZCW,ZPP.3,ZTP,302,507,6FL",,,"Mar 18, 2010",550,,,,,,,,,,
300 - Alpine White,,NCSW - Black Novillo Leather,2011,WBSKG9C53BE367683,,E367683,"MSRP,ZCP,ZTP,494,771",,,"Mar 18, 2010",950,,,,,,,,,,
300 - Alpine White,,NDSW - Black Extended Novillo Leather,2011,WBSKG9C55BE367684,,E367684,"MSRP,ZCP,ZCW,ZPP.3,ZTP,2MK,302,507,5AC,6FL,655,752",,,"Mar 18, 2010",1100,,,,,,,,,,
300 - Alpine White,,NDH3 - Beige Novillo Extended Leather,2011,WBSKG9C57BE367685,,E367685,"MSRP,ZCW,ZPP.2,ZTP,2MK,2MT.1,302,415,507,5AC,6FL,655,752",,,"Mar 18, 2010",1100,,,,,,,,,,
300 - Alpine White,,NDSW - Black Extended Novillo Leather,2011,WBSKG9C59BE367686,,E367686,"MSRP,ZCP,ZCW,ZPP.3,ZTP,302,415,507,5AC,6FL,6NF,752",,,"Mar 18, 2010",1100,,,,,,,,,,
300 - Alpine White,,NDSW - Black Extended Novillo Leather,2011,WBSKG9C50BE367687,,E367687,"MSRP,ZCP,ZCW,ZPP.3,ZTP,2MK,302,507,6FL,6NF,655,752",,,"Mar 18, 2010",1100,,,,,,,,,,
300 - Alpine White,,NCH2 - Fox Red Novillo Leather,2011,WBSKG9C52BE367688,,E367688,"MSRP,ZCW,ZPP.3,ZTP,302,507,6FL,752",,,"Mar 18, 2010",,,,,,,,,,,
300 - Alpine White,,NCSW - Black Novillo Leather,2011,WBSKG9C54BE367689,,E367689,"MSRP,ZCP,ZPP.3,ZTP,2MK,302,494,507,6FL,655",,,"Mar 18, 2010",,,,,,,,,,,
300 - Alpine White,,NCH2 - Fox Red Novillo Leather,2011,WBSKG9C50BE367690,,E367690,"MSRP,ZCP,ZPP.3,ZTP,2MK,302,415,494,507,5AC,6FL,6NF,655,752",,,"Mar 18, 2010",,,,,,,,,,,
A52 - Space Gray Metallic,,NDSW - Black Extended Novillo Leather,2011,WBSKG9C52BE367691,,E367691,"MSRP,ZCP,ZPP.2,ZTP,302,494,507,5AC,6FL,6NF,655,752",,,"Mar 18, 2010",550/1100,,,,,,,,,,
A52 - Space Gray Metallic,,NCSW - Black Novillo Leather,2011,WBSKG9C54BE367692,,E367692,"MSRP,ZPP.1,ZTP,2MK,2MT.1,302,415,507,5AC,6FL,6NF,655,752",,,"Mar 18, 2010",550,,,,,,,,,,
A75 - Melbourne Red Metallic,,NCH3 - Beige Novillo Leather,2011,WBSKG9C56BE367693,,E367693,"MSRP,2MK,2MT.1,403,771",,,"Mar 18, 2010",550/950,,,,,,,,,,
300 - Alpine White,,NCSW - Black Novillo Leather,2011,WBSKG9C58BE367694,,E367694,"MSRP,ZCW,ZPP.3,ZTP,2MK,2MT.1,302,415,507,6FL,655,752",,,"Mar 18, 2010",,,,,,,,,,,
300 - Alpine White,,NCH3 - Beige Novillo Leather,2011,WBSKG9C5XBE367695,,E367695,"MSRP,494,507,609,6FL,655",,,"Mar 18, 2010",950,,,,,,,,,,
A73 - Jerez Black Metallic,,NCH3 - Beige Novillo Leather,2011,WBSKG9C51BE367696,,E367696,"MSRP,ZPP.2,ZTP,2MK,2MT.1,403,494,507,6FL,6NF,655,752",,,"Mar 18, 2010",550,,,,,,,,,,
A73 - Jerez Black Metallic,,NCSW - Black Novillo Leather,2011,WBSKG9C53BE367697,,E367697,"MSRP,ZCP,ZPP.1,ZTP,2MK,302,6FL,655,752",,,"Mar 18, 2010",550,,,,,,,,,,
300 - Alpine White,,NCSW - Black Novillo Leather,2011,WBSKG9C55BE367698,,E367698,"MSRP,ZCW,ZPP.3,ZTP,2MK,2MT.1,302,415,507,6FL,655,752",,,"Mar 18, 2010",,,,,,,,,,,
A73 - Jerez Black Metallic,,NCSW - Black Novillo Leather,2011,WBSKG9C57BE367699,,E367699,"MSRP,ZPP.3,ZTP,2MK,2MT.1,302,494,507,6FL,655,752",,,"Mar 18, 2010",550,,,,,,,,,,
A75 - Melbourne Red Metallic,,NCSW - Black Novillo Leather,2011,WBSKG9C5XBE367700,,E367700,"MSRP,ZCW,ZPP.1,ZTP,2MK,2MT.1,403,6FL,752",,,"Mar 19, 2010",550,,,,,,,,,,
A73 - Jerez Black Metallic,,NCH1 - Silver Novillo Leather,2011,WBSKG9C51BE367701,,E367701,"MSRP,ZPP.3,ZTP,2MK,2MT.1,507,6FL,863",,,"Mar 19, 2010",550,,,,,,,,,,
A75 - Melbourne Red Metallic,,NDH3 - Beige Novillo Extended Leather,2011,WBSKG9C53BE367702,,E367702,"MSRP,ZCP,ZPP.3,ZTP,302,403,494,507,5AC,6FL,655,752",,,"Mar 19, 2010",550/1100,,,,,,,,,,
300 - Alpine White,,NCSW - Black Novillo Leather,2011,WBSKG9C55BE367703,,E367703,"MSRP,ZCW,ZPP.3,ZTP,2MK,2MT.1,302,415,507,6FL,655,752",,,"Mar 19, 2010",,,,,,,,,,,
A29 - Silverstone Metallic II,,NCSW - Black Novillo Leather,2011,WBSKG9C57BE367704,,E367704,"MSRP,ZCP,ZPP.3,ZTP,2MK,302,403,415,494,507,6FL,752",,,"Mar 19, 2010",550,,,,,,,,,,
300 - Alpine White,,NCSW - Black Novillo Leather,2011,WBSKG9C59BE367705,,E367705,"MSRP,ZCW,ZPP.3,ZTP,2MK,2MT.1,302,415,507,6FL,655,752",,,"Mar 19, 2010",,,,,,,,,,,
300 - Alpine White,,NCSW - Black Novillo Leather,2011,WBSKG9C50BE367706,,E367706,"MSRP,ZCW,ZPP.3,ZTP,2MK,2MT.1,302,415,507,6FL,6NR,655,752",,,"Mar 19, 2010",,,,,,,,,,,
300 - Alpine White,,NCSW - Black Novillo Leather,2011,WBSKG9C52BE367707,,E367707,"MSRP,ZCW,ZPP.3,ZTP,2MK,2MT.1,302,415,507,6FL,655,752",,,"Mar 19, 2010",,,,,,,,,,,
300 - Alpine White,,NCSW - Black Novillo Leather,2011,WBSKG9C54BE367708,,E367708,"MSRP,ZCW,ZPP.3,ZTP,2MK,2MT.1,302,415,507,6FL,655,752",,,"Mar 19, 2010",,,,,,,,,,,
300 - Alpine White,,NCSW - Black Novillo Leather,2011,WBSKG9C56BE367709,,E367709,"MSRP,ZCW,ZPP.3,ZTP,2MK,2MT.1,302,415,507,6FL,655,752",,,"Mar 19, 2010",,,,,,,,,,,
300 - Alpine White,,NCSW - Black Novillo Leather,2011,WBSKG9C52BE367710,,E367710,"MSRP,ZCW,ZPP.3,ZTP,2MK,2MT.1,302,415,507,6FL,655,752",,,"Mar 19, 2010",,,,,,,,,,,
300 - Alpine White,,NCSW - Black Novillo Leather,2011,WBSKG9C54BE367711,,E367711,"MSRP,ZCW,ZPP.3,ZTP,2MK,2MT.1,302,415,507,6FL,655,752",,,"Mar 19, 2010",,,,,,,,,,,
300 - Alpine White,,NCSW - Black Novillo Leather,2011,WBSKG9C56BE367712,,E367712,"MSRP,ZCW,ZPP.3,ZTP,2MK,2MT.1,302,415,507,6FL,655,752",,,"Mar 19, 2010",,,,,,,,,,,
A73 - Jerez Black Metallic,,NCSW - Black Novillo Leather,2011,WBSKG9C58BE367713,,E367713,"MSRP,ZPP.3,ZTP,2MT.1,403,494,6FL,655",,,"Mar 19, 2010",550,,,,,,,,,,
A75 - Melbourne Red Metallic,,NCH3 - Beige Novillo Leather,2011,WBSKG9C5XBE367714,,E367714,"MSRP,ZPP.3,ZTP,2MK,2MT.1,403,494,6FL,6NF,655,752",,,"Mar 19, 2010",550,,,,,,,,,,
300 - Alpine White,,NCH2 - Fox Red Novillo Leather,2011,WBSKG9C51BE367715,,E367715,"MSRP,ZPP.3,ZTP,2MK,2MT.1,403,507,6FL,655,752",,,"Mar 19, 2010",,,,,,,,,,,
A73 - Jerez Black Metallic,,NCSW - Black Novillo Leather,2011,WBSKG9C53BE367716,,E367716,"MSRP,ZCW,ZPP.3,ZTP,2MK,2MT.1,302,403,6FL,6NF,655,752",,,"Mar 19, 2010",550,,,,,,,,,,
A73 - Jerez Black Metallic,,NCH2 - Fox Red Novillo Leather,2011,WBSKG9C55BE367717,,E367717,"MSRP,ZCP,ZPP.3,ZTP,302,494,507,6FL,6NF,655,752",,,"Mar 19, 2010",550,,,,,,,,,,
A73 - Jerez Black Metallic,,NCSW - Black Novillo Leather,2011,WBSKG9C57BE367718,,E367718,"MSRP,ZPP.3,ZTP,2MK,2MT.1,302,494,6FL,6NF,655,752",,,"Mar 19, 2010",550,,,,,,,,,,
A73 - Jerez Black Metallic,,NDH3 - Beige Novillo Extended Leather,2011,WBSKG9C59BE367719,,E367719,"MSRP,ZPP.2,ZTP,2MT.1,302,403,494,507,6FL,6NF,655,752",,,"Mar 19, 2010",550/1100,,,,,,,,,,
A73 - Jerez Black Metallic,,NCSW - Black Novillo Leather,2011,WBSKG9C55BE367720,,E367720,"MSRP,ZCP,ZCW,ZPP.3,ZTP,302,507,6FL,6NF,655,752",,,"Mar 19, 2010",550,,,,,,,,,,
A73 - Jerez Black Metallic,,NCSW - Black Novillo Leather,2011,WBSKG9C57BE367721,,E367721,"MSRP,ZPP.3,ZTP,2MK,2MT.1,302,494,507,6FL,6NF",,,"Mar 22, 2010",550,,,,,,,,,,
A73 - Jerez Black Metallic,,NCH2 - Fox Red Novillo Leather,2011,WBSKG9C59BE367722,,E367722,"MSRP,ZCW,ZPP.2,403,6FL",,,"Mar 22, 2010",550,,,,,,,,,,
668 - Jet Black,,NCH2 - Fox Red Novillo Leather,2011,WBSKG9C50BE367723,,E367723,"MSRP,ZPP.3,2MK,2MT.1,403",,,"Mar 22, 2010",,,,,,,,,,,
A29 - Silverstone Metallic II,,NCSW - Black Novillo Leather,2011,WBSKG9C52BE367724,,E367724,"MSRP,ZPP.3,ZTP,2MK,2MT.1,302,6FL,655,752",,,"Mar 22, 2010",550,,,,,,,,,,
381 - Le Mans Blue Metallic,,NCSW - Black Novillo Leather,2011,WBSKG9C54BE367725,,E367725,"MSRP,ZPP.3,ZTP,2MK,2MT.1,302,403,494,507,6FL,655,752",,,"Mar 22, 2010",550,,,,,,,,,,
668 - Jet Black,,GEAT - Anthracite/Black Cloth & Leather,2011,WBSKG9C56BE367726,,E367726,"MSRP,771",,,"Mar 22, 2010",,,,,,,,,,,
A29 - Silverstone Metallic II,,NCSW - Black Novillo Leather,2011,WBSKG9C58BE367727,,E367727,"MSRP,ZCP,ZPP.1,ZTP,2MK,494,507,6FL,655,752",,,"Mar 22, 2010",550,,,,,,,,,,
A52 - Space Gray Metallic,,NCH1 - Silver Novillo Leather,2011,WBSKG9C5XBE367728,,E367728,"MSRP,ZCW,ZPP.2,ZTP,403,507,6FL,655",,,"Mar 22, 2010",550,,,,,,,,,,
668 - Jet Black,,NCSW - Black Novillo Leather,2011,WBSKG9C51BE367729,,E367729,"MSRP,ZCP,ZCW,ZPP.3,ZTP,2MK,403,507,6FL,6NF,655,752",,,"Mar 22, 2010",,,,,,,,,,,
A73 - Jerez Black Metallic,,NCSW - Black Novillo Leather,2011,WBSKG9C58BE367730,,E367730,"MSRP,ZCP,ZPP.3,ZTP,2MK,302,507,5AC,6FL,752",,,"Mar 22, 2010",550,,,,,,,,,,
A73 - Jerez Black Metallic,,NCH3 - Beige Novillo Leather,2011,WBSKG9C5XBE367731,,E367731,"MSRP,ZCP,ZCW,ZPP.3,ZTP,2MK,302,6FL,655",,,"Mar 22, 2010",550,,,,,,,,,,
A29 - Silverstone Metallic II,,NCH1 - Silver Novillo Leather,2011,WBSKG9C51BE367732,,E367732,"MSRP,ZCP,ZPP.3,ZTP,2MK,403,494,6FL,655,752",,,"Mar 22, 2010",550,,,,,,,,,,
A73 - Jerez Black Metallic,,NCSW - Black Novillo Leather,2011,WBSKG9C53BE367733,,E367733,"MSRP,ZPP.3,ZTP,2MT.1,6FL,6NF,655,752",,,"Mar 22, 2010",550,,,,,,,,,,
300 - Alpine White,,NCSW - Black Novillo Leather,2011,WBSKG9C55BE367734,,E367734,"MSRP,ZPP.1,2MT.1,302,403,494,6FL",,,"Mar 22, 2010",,,,,,,,,,,
300 - Alpine White,,NCSW - Black Novillo Leather,2011,WBSKG9C57BE367735,,E367735,"MSRP,ZPP.3,ZTP,2MK,2MT.1,403,494,6FL,655",,,"Mar 23, 2010",,,,,,,,,,,
A29 - Silverstone Metallic II,,NCSW - Black Novillo Leather,2011,WBSKG9C59BE367736,,E367736,"MSRP,ZPP.1,2MK,2MT.1,507,6FL",,,"Mar 23, 2010",550,,,,,,,,,,
A29 - Silverstone Metallic II,,NCSW - Black Novillo Leather,2011,WBSKG9C50BE367737,,E367737,"MSRP,ZPP.3,ZTP,2MK,2MT.1,302,6FL,6NF,655",,,"Mar 23, 2010",550,,,,,,,,,,
A73 - Jerez Black Metallic,,NCH3 - Beige Novillo Leather,2011,WBSKG9C52BE367738,,E367738,"MSRP,ZCP,ZCW,ZPP.3,ZTP,2MK,302,403,507,5AC,6FL,6NF,655,752",,,"Mar 23, 2010",550,,,,,,,,,,
300 - Alpine White,,NCSW - Black Novillo Leather,2011,WBSKG9C54BE367739,,E367739,"MSRP,ZPP.2,ZTP,2MK,2MT.1,403,494,507,5AC,6FL,655,752",,,"Mar 23, 2010",,,,,,,,,,,
A73 - Jerez Black Metallic,,NCSW - Black Novillo Leather,2011,WBSKG9C50BE367740,,E367740,"MSRP,ZCW,ZPP.3,ZTP,2MT.1,302,403,6FL,655,752",,,"Mar 23, 2010",550,,,,,,,,,,
A73 - Jerez Black Metallic,,NCSW - Black Novillo Leather,2011,WBSKG9C52BE367741,,E367741,"MSRP,ZPP.3,ZTP,2MT.1,403,494,6FL,655",,,"Mar 23, 2010",550,,,,,,,,,,
668 - Jet Black,,NCSW - Black Novillo Leather,2011,WBSKG9C54BE367742,,E367742,"MSRP,ZCP,ZCW,ZPP.3,ZTP,2MK,6FL,655,752",,,"Mar 23, 2010",,,,,,,,,,,
A75 - Melbourne Red Metallic,,NCSW - Black Novillo Leather,2011,WBSKG9C56BE367743,,E367743,"MSRP,ZCP,ZCW,ZPP.3,ZTP,2MK,302,507,6FL,6NF,655,752",,,"Mar 23, 2010",550,,,,,,,,,,
A75 - Melbourne Red Metallic,,NCSW - Black Novillo Leather,2011,WBSKG9C58BE367744,,E367744,"MSRP,ZPP.3,ZTP,2MK,2MT.1,494,6FL,6NF,6NR,655,752",,,"Mar 23, 2010",550,,,,,,,,,,
A75 - Melbourne Red Metallic,,NCSW - Black Novillo Leather,2011,WBSKG9C5XBE367745,,E367745,"MSRP,ZCP,ZPP.2,ZTP,2MK,494,507,6FL,6NF,655",,,"Mar 23, 2010",550,,,,,,,,,,
300 - Alpine White,,NCSW - Black Novillo Leather,2011,WBSKG9C51BE367746,,E367746,"MSRP,ZPP.3,ZTP,2MK,2MT.1,302,494,507,6FL,6NF,655,752",,,"Mar 23, 2010",,,,,,,,,,,
A52 - Space Gray Metallic,,NCSW - Black Novillo Leather,2011,WBSKG9C53BE367747,,E367747,"MSRP,ZCP,ZCW,ZPP.3,ZTP,2MK,507,6FL,6NF,655,752",,,"Mar 23, 2010",550,,,,,,,,,,
668 - Jet Black,,NCSW - Black Novillo Leather,2011,WBSKG9C55BE367748,,E367748,"MSRP,ZCP,ZPP.1,ZTP,2MK,494,6FL,655,752",,,"Mar 23, 2010",,,,,,,,,,,
668 - Jet Black,,NCSW - Black Novillo Leather,2011,WBSKG9C57BE367749,,E367749,"MSRP,2MT.1,302,4MX",,,"Mar 23, 2010",950,,,,,,,,,,
A52 - Space Gray Metallic,,NCSW - Black Novillo Leather,2011,WBSKG9C53BE367750,,E367750,"MSRP,ZCP,ZCW,ZPP.3,ZTP,507,6FL,655,752",,,"Mar 23, 2010",550,,,,,,,,,,
A52 - Space Gray Metallic,,NDH2 - Fox Red Extended Leather,2011,WBSKG9C55BE367751,,E367751,"MSRP,ZCP,ZCW,ZPP.3,ZTP,302,507,5AC,6FL,6NF,752,863",,,"Mar 23, 2010",550/1100,,,,,,,,,,
668 - Jet Black,,NCSW - Black Novillo Leather,2011,WBSKG9C57BE367752,,E367752,"MSRP,ZCP,ZPP.1,6FL",,,"Mar 23, 2010",,,,,,,,,,,
668 - Jet Black,,NCH2 - Fox Red Novillo Leather,2011,WBSKG9C59BE367753,,E367753,"MSRP,ZCP,ZPP.1,2MK,302",,,"Mar 24, 2010",,,,,,,,,,,
668 - Jet Black,,NCSW - Black Novillo Leather,2011,WBSKG9C50BE367754,,E367754,"MSRP,ZCP,ZCW,ZPP.3,ZTP,2MK,302,6FL,6NF,655,752",,,"Mar 24, 2010",,,,,,,,,,,
668 - Jet Black,,NCH3 - Beige Novillo Leather,2011,WBSKG9C52BE367755,,E367755,"MSRP,ZCP,ZPP.3,ZTP,302,494,6FL,655",,,"Mar 24, 2010",,,,,,,,,,,
300 - Alpine White,,NDH2 - Fox Red Extended Leather,2011,WBSKG9C54BE367756,,E367756,"MSRP,ZCP,ZTP,2MK,4MY,6FL,752",,,"Mar 24, 2010",2000,,,,,,,,,,
A30 - Interlagos Blue Metallic,,NCSW - Black Novillo Leather,2011,WBSKG9C56BE367757,,E367757,"MSRP,ZPP.3,ZTP,2MK,2MT.1,302,403,494,507,6FL,752",,,"Mar 24, 2010",550,,,,,,,,,,
A30 - Interlagos Blue Metallic,,NCSW - Black Novillo Leather,2011,WBSKG9C58BE367758,,E367758,"MSRP,ZCP,ZPP.3,ZTP,2MK,302,403,494,507,6FL,6NF,655,752",,,"Mar 24, 2010",550,,,,,,,,,,
668 - Jet Black,,NCSW - Black Novillo Leather,2011,WBSKG9C5XBE367759,,E367759,"MSRP,ZCP,ZPP.3,ZTP,302,6FL,752",,,"Mar 24, 2010",,,,,,,,,,,
668 - Jet Black,,NCSW - Black Novillo Leather,2011,WBSKG9C56BE367760,,E367760,"MSRP,ZCP,ZCW,ZPP.1,ZTP,302,403,507,6FL,6NF,655,752",,,"Mar 24, 2010",,,,,,,,,,,
668 - Jet Black,,NDSW - Black Extended Novillo Leather,2011,WBSKG9C58BE367761,,E367761,"MSRP,ZCP,ZPP.3,ZTP,2MK,302,403,494,6FL,655,752",,,"Mar 24, 2010",1100,,,,,,,,,,
300 - Alpine White,,NDSW - Black Extended Novillo Leather,2011,WBSKG9C5XBE367762,,E367762,"MSRP,ZCW,ZPP.3,ZTP,2MT.1,6FL,6NF,655,752",,,"Mar 24, 2010",1100,,,,,,,,,,
300 - Alpine White,,NCSW - Black Novillo Leather,2011,WBSKG9C51BE367763,,E367763,"MSRP,ZCP,ZCW,ZPP.3,ZTP,2MK,302,403,5AC,6FL,655,752",,,"Mar 24, 2010",,,,,,,,,,,
300 - Alpine White,,NDH3 - Beige Novillo Extended Leather,2011,WBSKG9C53BE367764,,E367764,"MSRP,ZCP,ZCW,ZPP.3,ZTP,302,415,507,6FL,6NF,752",,,"Mar 24, 2010",1100,,,,,,,,,,
300 - Alpine White,,NCH2 - Fox Red Novillo Leather,2011,WBSKG9C55BE367765,,E367765,"MSRP,ZTP,2MT.1,302,403,494,639,6FL,6NF,771",,,"Mar 24, 2010",950,,,,,,,,,,
668 - Jet Black,,NCSW - Black Novillo Leather,2011,WBSKG9C57BE367766,,E367766,"MSRP,ZCW,ZPP.3,ZTP,2MT.1,302,403,507,6FL,655,752",,,"Mar 24, 2010",,,,,,,,,,,
300 - Alpine White,,NCH2 - Fox Red Novillo Leather,2011,WBSKG9C59BE367767,,E367767,"MSRP,ZPP.1,ZTP,2MK,2MT.1,403,507,6FL,6NF,752",,,"Mar 24, 2010",,,,,,,,,,,
300 - Alpine White,,NDH3 - Beige Novillo Extended Leather,2011,WBSKG9C50BE367768,,E367768,"MSRP,ZCW,ZPP.3,ZTP,2MK,2MT.1,302,403,5AC,6FL,6NF,655,752,863",,,"Mar 24, 2010",1100,,,,,,,,,,
668 - Jet Black,,NCSW - Black Novillo Leather,2011,WBSKG9C52BE367769,,E367769,"MSRP,ZCP,ZCW,ZPP.3,ZTP,302,403,507,6FL,655,752",,,"Mar 24, 2010",,,,,,,,,,,
A52 - Space Gray Metallic,,NCSW - Black Novillo Leather,2011,WBSKG9C59BE367770,,E367770,"MSRP,ZCP,ZPP.3,302,403,494,6FL,655",,,"Mar 24, 2010",550,,,,,,,,,,
A52 - Space Gray Metallic,,NCH2 - Fox Red Novillo Leather,2011,WBSKG9C50BE367771,,E367771,"MSRP,ZPP.3,ZTP,2MK,2MT.1,302,403,494,507,6FL,655,752",,,"Mar 24, 2010",550,,,,,,,,,,
300 - Alpine White,,NCH1 - Silver Novillo Leather,2011,WBSKG9C52BE367772,,E367772,"MSRP,ZCP,ZPP.3,ZTP,494,6FL,655,752",,,"Mar 24, 2010",,,,,,,,,,,
300 - Alpine White,,NDSW - Black Extended Novillo Leather,2011,WBSKG9C54BE367773,,E367773,"MSRP,ZPP.3,ZTP,2MK,6FL",,,"Mar 24, 2010",1100,,,,,,,,,,
300 - Alpine White,,NCSW - Black Novillo Leather,2011,WBSKG9C56BE367774,,E367774,"MSRP,ZPP.3,ZTP,2MT.1,494,507,6FL,752",,,"Mar 25, 2010",,,,,,,,,,,
A52 - Space Gray Metallic,,NCH3 - Beige Novillo Leather,2011,WBSKG9C58BE367775,,E367775,"MSRP,ZCP,ZPP.1,ZTP,2MK,302,403,507,5AC,6FL,6NF,655,752",,,"Mar 25, 2010",550,,,,,,,,,,
A52 - Space Gray Metallic,,NCH2 - Fox Red Novillo Leather,2011,WBSKG9C5XBE367776,,E367776,"MSRP,ZCP,ZCW,ZPP.3,ZTP,2MK,403,415,507,5AC,6FL,752",,,"Mar 25, 2010",550,,,,,,,,,,
A52 - Space Gray Metallic,,NDH1 - Silver Novillo Extended Leather,2011,WBSKG9C51BE367777,,E367777,"MSRP,ZCW,ZPP.2,ZTP,2MK,2MT.1,302,403,415,507,5AC,6FL,655,752",,,"Mar 25, 2010",550/1100,,,,,,,,,,
300 - Alpine White,,NCSW - Black Novillo Leather,2011,WBSKG9C53BE367778,,E367778,"MSRP,ZCP,ZPP.1,ZTP,2MK,494,6FL,752",,,"Mar 25, 2010",,,,,,,,,,,
300 - Alpine White,,NCSW - Black Novillo Leather,2011,WBSKG9C55BE367779,,E367779,"MSRP,ZCP,ZPP.3,ZTP,494,655",,,"Mar 25, 2010",,https://bringatrailer.com/listing/2011-bmw-m3-coupe-96/,,,,,,,,,
A52 - Space Gray Metallic,,NCSW - Black Novillo Leather,2011,WBSKG9C51BE367780,,E367780,"MSRP,ZCW,ZPP.1,ZTP,2MK,2MT.1,302,403,507,5AC",,,"Mar 25, 2010",550,,,,,,,,,,
300 - Alpine White,,NCH2 - Fox Red Novillo Leather,2011,WBSKG9C53BE367781,,E367781,"MSRP,ZPP.3,609",,,"Mar 25, 2010",,,,,,,,,,,
300 - Alpine White,,NCH2 - Fox Red Novillo Leather,2011,WBSKG9C55BE367782,,E367782,"MSRP,ZCP,ZCW,ZPP.3,ZTP,2MK,302,403,415,507,5AC,6FL,6NF,752,863",,,"Mar 25, 2010",,,,,,,,,,,
300 - Alpine White,,NDH3 - Beige Novillo Extended Leather,2011,WBSKG9C57BE367783,,E367783,"MSRP,ZPP.1,ZTP,2MK,2MT.1,403,6FL,655",,,"Mar 25, 2010",1100,,,,,,,,,,
300 - Alpine White,,NDSW - Black Extended Novillo Leather,2011,WBSKG9C59BE367784,,E367784,"MSRP,ZPP.2,ZTP,302,403,494,507,6FL",,,"Mar 25, 2010",1100,,,,,,,,,,
300 - Alpine White,,NCH3 - Beige Novillo Leather,2011,WBSKG9C50BE367785,,E367785,"MSRP,ZPP.2,ZTP,2MT.1,302,403,494,6FL,655,752",,,"Mar 25, 2010",,,,,,,,,,,
300 - Alpine White,,NCSW - Black Novillo Leather,2011,WBSKG9C52BE367786,,E367786,"MSRP,ZCW,ZPP.2,2MT.1,302,403,507,5AC,6FL,6NF",,,"Mar 25, 2010",,,,,,,,,,,
300 - Alpine White,,NDSW - Black Extended Novillo Leather,2011,WBSKG9C54BE367787,,E367787,"MSRP,ZCW,ZPP.3,ZTP,2MK,2MT.1,302,403,6FL,6NF,655,752",,,"Mar 25, 2010",1100,,,,,,,,,,
668 - Jet Black,,NCH2 - Fox Red Novillo Leather,2011,WBSKG9C56BE367788,,E367788,"MSRP,ZPP.3,2MK,2MT.1,403,609",,,"Mar 26, 2010",,,,,,,,,,,
300 - Alpine White,,NCH3 - Beige Novillo Leather,2011,WBSKG9C58BE367789,,E367789,"MSRP,ZCW,ZPP.2,655",,,"Mar 26, 2010",,,,,,,,,,,
381 - Le Mans Blue Metallic,,NCSW - Black Novillo Leather,2011,WBSKG9C54BE367790,,E367790,"MSRP,ZPP.3,ZTP,2MK,2MT.1,494,507,6FL,6NF,655,752",,,"Mar 26, 2010",550,,,,,,,,,,
A52 - Space Gray Metallic,,NCSW - Black Novillo Leather,2011,WBSKG9C56BE367791,,E367791,"MSRP,ZPP.3,ZTP,2MK,494,6FL,752",,,"Mar 26, 2010",550,,,,,,,,,,
A30 - Interlagos Blue Metallic,,NCH3 - Beige Novillo Leather,2011,WBSKG9C58BE367792,,E367792,"MSRP,ZCW,ZTP,403,4MZ,6FL",,,"Mar 26, 2010",550/950,,,,,,,,,,
A52 - Space Gray Metallic,,NDSW - Black Extended Novillo Leather,2011,WBSKG9C5XBE367793,,E367793,"MSRP,ZCP,ZCW,ZPP.1,ZTP,2MK,302,5AC,6FL,6NF,655,752",,,"Mar 26, 2010",550/1100,,,,,,,,,,
A52 - Space Gray Metallic,,NDH2 - Fox Red Extended Leather,2011,WBSKG9C51BE367794,,E367794,"MSRP,ZCP,ZCW,ZPP.3,ZTP,2MK,302,507,6FL,6NF,655,752",,,"Mar 26, 2010",550/1100,,,,,,,,,,
A52 - Space Gray Metallic,,NCSW - Black Novillo Leather,2011,WBSKG9C53BE367795,,E367795,"MSRP,ZPP.3,ZTP,2MT.1,302,507,6FL,6NF,655",,,"Mar 26, 2010",550,,,,,,,,,,
A52 - Space Gray Metallic,,NCH2 - Fox Red Novillo Leather,2011,WBSKG9C55BE367796,,E367796,"MSRP,ZCP,ZCW,ZTP,2MK,302,415,4MY,6FL,655,752",,,"Mar 26, 2010",550/950,,,,,,,,,,
A52 - Space Gray Metallic,,NDH2 - Fox Red Extended Leather,2011,WBSKG9C57BE367797,,E367797,"MSRP,ZCP,ZCW,ZPP.1,ZTP,2MK,302,415,507,5AC,6FL,6NF,655,752",,,"Mar 26, 2010",550/1100,,,,,,,,,,
A52 - Space Gray Metallic,,NCH1 - Silver Novillo Leather,2011,WBSKG9C59BE367798,,E367798,"MSRP,ZCP,ZPP.3,ZTP,2MK,415,494,507,5AC,6FL,6NF,655,752",,,"Mar 26, 2010",550,,,,,,,,,,
A52 - Space Gray Metallic,,NDSW - Black Extended Novillo Leather,2011,WBSKG9C50BE367799,,E367799,"MSRP,ZCP,ZCW,ZPP.3,ZTP,2MK,6FL,6NF,655,752",,,"Mar 26, 2010",550/1100,,,,,,,,,,
300 - Alpine White,,NDH1 - Silver Novillo Extended Leather,2011,WBSKG9C53BE367800,,E367800,"MSRP,ZCP,ZCW,ZPP.3,ZTP,302,6FL,6NF",,,"Mar 26, 2010",1100,,,,,,,,,,
300 - Alpine White,,NCH2 - Fox Red Novillo Leather,2011,WBSKG9C55BE367801,,E367801,"MSRP,ZPP.3,ZTP,302,494,507",,,"Mar 26, 2010",,,,,,,,,,,
300 - Alpine White,,NDSW - Black Extended Novillo Leather,2011,WBSKG9C57BE367802,,E367802,"MSRP,ZCP,ZCW,ZPP.3,ZTP,2MK,302,507,5AC,6FL,655,752",,,"Mar 26, 2010",1100,,,,,,,,,,
300 - Alpine White,,NDSW - Black Extended Novillo Leather,2011,WBSKG9C59BE367803,,E367803,"MSRP,ZCP,ZCW,ZPP.3,ZTP,2MK,302,507,5AC,6FL,655,752",,,"Mar 26, 2010",1100,,,,,,,,,,
300 - Alpine White,,NDH3 - Beige Novillo Extended Leather,2011,WBSKG9C50BE367804,,E367804,"MSRP,ZCP,ZCW,ZPP.3,ZTP,2MK,6FL",,,"Mar 26, 2010",1100,,,,,,,,,,
300 - Alpine White,,NCSW - Black Novillo Leather,2011,WBSKG9C52BE367805,,E367805,"MSRP,ZCP,ZPP.2,ZTP,2MK,302,415,494,507,5AC,6FL,655,752",,,"Mar 26, 2010",,,,,,,,,,,
300 - Alpine White,,NCSW - Black Novillo Leather,2011,WBSKG9C54BE367806,,E367806,"MSRP,ZCP,ZCW,ZPP.3,ZTP,2MK,302,507,6FL,6NF,655,752",,,"Mar 26, 2010",,,,,,,,,,,
300 - Alpine White,,NDH3 - Beige Novillo Extended Leather,2011,WBSKG9C56BE367807,,E367807,"MSRP,ZCP,ZCW,ZPP.3,ZTP,2MK,507,6FL,6NF,655",,,"Mar 26, 2010",1100,,,,,,,,,,
A52 - Space Gray Metallic,,NCSW - Black Novillo Leather,2011,WBSKG9C58BE367808,,E367808,"MSRP,ZCP,ZPP.3,ZTP,2MK,403,494,6FL,655,752",,,"Mar 27, 2010",550,,,,,,,,,,
668 - Jet Black,,NCSW - Black Novillo Leather,2011,WBSKG9C5XBE367809,,E367809,"MSRP,ZCP,ZPP.3,ZTP,2MK,302,494,507,5AC,6FL,6NF,655,752",,,"Mar 27, 2010",,,,,,,,,,,
A73 - Jerez Black Metallic,,NCSW - Black Novillo Leather,2011,WBSKG9C56BE367810,,E367810,"MSRP,ZPP.3,ZTP,2MK,2MT.1,403,494,507,6FL,752",,,"Mar 27, 2010",550,,,,,,,,,,
668 - Jet Black,,NCSW - Black Novillo Leather,2011,WBSKG9C58BE367811,,E367811,"MSRP,ZCP,ZPP.2,ZTP,2MK,494,6FL,655",,,"Mar 27, 2010",,,,,,,,,,,
A52 - Space Gray Metallic,,NCSW - Black Novillo Leather,2011,WBSKG9C5XBE367812,,E367812,"MSRP,ZCP,ZPP.3,ZTP,403,507,6FL,6NF,752,863",,,"Mar 27, 2010",550,,,,,,,,,,
A73 - Jerez Black Metallic,,NCH3 - Beige Novillo Leather,2011,WBSKG9C51BE367813,,E367813,"MSRP,ZPP.2,ZTP,2MK,2MT.1,302,403,507,6FL,655,752",,,"Mar 27, 2010",550,,,,,,,,,,
A52 - Space Gray Metallic,,NCSW - Black Novillo Leather,2011,WBSKG9C53BE367814,,E367814,"MSRP,ZPP.1,2MK",,,"Mar 27, 2010",550,,,,,,,,,,
A52 - Space Gray Metallic,,NCSW - Black Novillo Leather,2011,WBSKG9C55BE367815,,E367815,"MSRP,ZPP.3,ZTP,2MT.1,302,494,6FL,655,752",,,"Mar 27, 2010",550,,,,,,,,,,
668 - Jet Black,,NCSW - Black Novillo Leather,2011,WBSKG9C57BE367816,,E367816,"MSRP,609,639,6FL,6NF,752,771",,,"Mar 27, 2010",950,,,,,,,,,,
668 - Jet Black,,NDH2 - Fox Red Extended Leather,2011,WBSKG9C59BE367817,,E367817,"MSRP,ZTP,2MT.1,302,494,6FL,771",,,"Mar 27, 2010",2000,,,,,,,,,,
A73 - Jerez Black Metallic,,NCH2 - Fox Red Novillo Leather,2011,WBSKG9C50BE367818,,E367818,"MSRP,ZPP.3,2MK,2MT.1,302,403,609",,,"Mar 29, 2010",550,,,,,,,,,,
300 - Alpine White,,NDSW - Black Extended Novillo Leather,2011,WBSKG9C52BE367819,,E367819,"MSRP,ZPP.3,ZTP,2MT.1,403,6FL,6NF,655",,,"Mar 29, 2010",1100,,,,,,,,,,
300 - Alpine White,,NCSW - Black Novillo Leather,2011,WBSKG9C59BE367820,,E367820,"MSRP,ZPP.3,ZTP,2MT.1,403,494,507,6FL,6NF,655,752",,,"Mar 29, 2010",,,,,,,,,,,
A52 - Space Gray Metallic,,NDSW - Black Extended Novillo Leather,2011,WBSKG9C50BE367821,,E367821,"MSRP,ZCP,ZCW,ZPP.3,ZTP,2MK,302,6FL,752",,,"Mar 29, 2010",550/1100,,,,,,,,,,
668 - Jet Black,,GEAT - Anthracite/Black Cloth & Leather,2011,WBSKG9C52BE367822,,E367822,"MSRP,ZCP,ZPP.3,494,609",,,"Mar 29, 2010",,,,,,,,,,,
A52 - Space Gray Metallic,,NCSW - Black Novillo Leather,2011,WBSKG9C54BE367823,,E367823,"MSRP,ZPP.3,ZTP,2MT.1,494,507,6FL,655",,,"Mar 29, 2010",550,,,,,,,,,,
381 - Le Mans Blue Metallic,,NCSW - Black Novillo Leather,2011,WBSKG9C56BE367824,,E367824,"MSRP,ZCP,ZPP.3,ZTP,2MK,302,494,507,6FL,655,752",,,"Mar 29, 2010",550,,,,,,,,,,
,,NCSW - Black Novillo Leather,2011,WBSKG9C58BE367825,,E367825,"MSRP,ZCP,ZCW,ZPP.3,ZTP,6FL,6NF,655",,,"Mar 29, 2010",,,,,,,,,,,
,,NCSW - Black Novillo Leather,2011,WBSKG9C5XBE367826,,E367826,"MSRP,ZCP,ZPP.3,ZTP,2MK,494,6FL,752",,,"Mar 29, 2010",,,,,,,,,,,
668 - Jet Black,,NCSW - Black Novillo Leather,2011,WBSKG9C51BE367827,,E367827,"MSRP,2MK,2MT.1,403,494,6FL,655,771",,,"Mar 29, 2010",950,,,,,,,,,,
A75 - Melbourne Red Metallic,,NCSW - Black Novillo Leather,2011,WBSKG9C53BE367828,,E367828,"MSRP,ZCP,ZCW,ZPP.3,ZTP,2MK,302,6FL,655,752",,,"Mar 29, 2010",550,,,,,,,,,,
A29 - Silverstone Metallic II,,NCH1 - Silver Novillo Leather,2011,WBSKG9C55BE367829,,E367829,"MSRP,2MT.1,494,4MY",,,"Mar 29, 2010",550/950,,,,,,,,,,
381 - Le Mans Blue Metallic,,NCH3 - Beige Novillo Leather,2011,WBSKG9C51BE367830,,E367830,"MSRP,ZCW,ZPP.2,ZTP,403,507,6FL,863",,,"Mar 29, 2010",550,,,,,,,,,,
300 - Alpine White,,GEAT - Anthracite/Black Cloth & Leather,2011,WBSKG9C53BE367831,,E367831,"MSRP,ZCP,494,639,771",,,"Mar 29, 2010",,,,,,,,,,,
A52 - Space Gray Metallic,,NCH3 - Beige Novillo Leather,2011,WBSKG9C55BE367832,,E367832,"MSRP,ZPP.1,2MK,302,403,494,507,6FL,655",,,"Mar 29, 2010",550,,,,,,,,,,
A73 - Jerez Black Metallic,,NCSW - Black Novillo Leather,2011,WBSKG9C57BE367833,,E367833,"MSRP,ZCP,ZPP.3,ZTP,2MK,494,507,6FL,6NF,655,752",,,"Mar 29, 2010",550,,,,,,,,,,
300 - Alpine White,,ZAC8 - Unknown Upholstery Code,2011,WBSKG9C59BE367834,,E367834,"MSRP,ZCP,ZTP,2MK,494,5AC,6FL,6NF,655,752",,,"Apr 8, 2010",,,,,,,,,,,
381 - Le Mans Blue Metallic,,NCSW - Black Novillo Leather,2011,WBSKG9C50BE367835,,E367835,"MSRP,ZPP.1,ZTP,2MT.1,302,494,507,6FL",,,"Mar 30, 2010",550,,,,,,,,,,
300 - Alpine White,,NCSW - Black Novillo Leather,2011,WBSKG9C52BE367836,,E367836,"MSRP,ZCP,ZCW,ZPP.3,ZTP,2MK,302,507,6FL,6NF,655,752",,,"Mar 30, 2010",,,,,,,,,,,
A52 - Space Gray Metallic,,NCH2 - Fox Red Novillo Leather,2011,WBSKG9C54BE367837,,E367837,"MSRP,ZPP.3,2MT.1,403,609",,,"Mar 30, 2010",550,,,,,,,,,,
300 - Alpine White,,NCSW - Black Novillo Leather,2011,WBSKG9C56BE367838,,E367838,"MSRP,ZPP.3,ZTP,2MK,2MT.1,302,494,507,5AC,6FL,6NF,655,752",,,"Mar 30, 2010",,,,,,,,,,,
A73 - Jerez Black Metallic,,NDSW - Black Extended Novillo Leather,2011,WBSKG9C58BE367839,,E367839,"MSRP,ZCP,ZCW,ZPP.3,ZTP,2MK,302,507,5AC,6FL,6NF,655,752",,,"Mar 30, 2010",550/1100,,,,,,,,,,
300 - Alpine White,,NCH2 - Fox Red Novillo Leather,2011,WBSKG9C54BE367840,,E367840,"MSRP,ZPP.1,ZTP,2MK,6FL,655",,,"Mar 31, 2010",,,,,,,,,,,
A30 - Interlagos Blue Metallic,,GEAT - Anthracite/Black Cloth & Leather,2011,WBSKG9C56BE367841,,E367841,"MSRP,ZCP,ZTP,2MK,302,639,6FL,6NF,655,752,771",,,"Mar 31, 2010",550,,,,,,,,,,
300 - Alpine White,,NCSW - Black Novillo Leather,2011,WBSKG9C58BE367842,,E367842,"MSRP,ZCP,ZPP.3,ZTP,2MK,6FL,655",,,"Mar 31, 2010",,,,,,,,,,,
300 - Alpine White,,NCSW - Black Novillo Leather,2011,WBSKG9C5XBE367843,,E367843,"MSRP,ZCP,ZPP.3,ZTP,302,494,6FL,6NF,752",,,"Mar 31, 2010",,,,,,,,,,,
300 - Alpine White,,NCSW - Black Novillo Leather,2011,WBSKG9C51BE367844,,E367844,"MSRP,ZCP,ZCW,ZPP.3,ZTP,302,507,5AC,6FL,752,863",,,"Mar 31, 2010",,,,,,,,,,,
A73 - Jerez Black Metallic,,NCSW - Black Novillo Leather,2011,WBSKG9C53BE367845,,E367845,"MSRP,ZPP.3,ZTP,2MK,2MT.1,403,494,507,6FL,752",,,"Mar 31, 2010",550,,,,,,,,,,
A75 - Melbourne Red Metallic,,NCH2 - Fox Red Novillo Leather,2011,WBSKG9C55BE367846,,E367846,"MSRP,ZCP,ZPP.3,ZTP,2MK,302,403,494,6FL,655",,,"Mar 31, 2010",550,,,,,,,,,,
A52 - Space Gray Metallic,,GEAT - Anthracite/Black Cloth & Leather,2011,WBSKG9C57BE367847,,E367847,"MSRP,ZCP,ZPP.3,494,6FL,655",,,"Mar 31, 2010",550,,,,,,,,,,
A52 - Space Gray Metallic,,NCSW - Black Novillo Leather,2011,WBSKG9C59BE367848,,E367848,"MSRP,ZCP,ZCW,ZPP.3,403,6FL",,,"Mar 31, 2010",550,,,,,,,,,,
300 - Alpine White,,GEAT - Anthracite/Black Cloth & Leather,2011,WBSKG9C50BE367849,,E367849,"MSRP,ZCP,ZPP.3,2MK,6FL",,,"Mar 31, 2010",,,,,,,,,,,
A75 - Melbourne Red Metallic,,NCSW - Black Novillo Leather,2011,WBSKG9C57BE367850,,E367850,"MSRP,ZPP.3,ZTP,2MK,2MT.1,302,403,6FL,655,752",,,"Mar 31, 2010",550,,,,,,,,,,
300 - Alpine White,,NCSW - Black Novillo Leather,2011,WBSKG9C59BE367851,,E367851,"MSRP,ZCP,ZPP.3,ZTP,494,6FL,655,752",,,"Mar 31, 2010",,,,,,,,,,,
A73 - Jerez Black Metallic,,NCH2 - Fox Red Novillo Leather,2011,WBSKG9C50BE367852,,E367852,"MSRP,ZPP.1,ZTP,2MK,2MT.1,403,507,6FL,655,752",,,"Mar 31, 2010",550,,,,,,,,,,
A75 - Melbourne Red Metallic,,GEAT - Anthracite/Black Cloth & Leather,2011,WBSKG9C52BE367853,,E367853,"MSRP,ZTP,2MT.1,302,494,639,655,771",,,"Apr 1, 2010",550,,,,,,,,,,
A73 - Jerez Black Metallic,,NCSW - Black Novillo Leather,2011,WBSKG9C54BE367854,,E367854,"MSRP,ZCP,ZPP.3,ZTP,2MK,302,494,507,6FL,655,752",,,"Apr 1, 2010",550,,,,,,,,,,
A73 - Jerez Black Metallic,,NCH3 - Beige Novillo Leather,2011,WBSKG9C56BE367855,,E367855,"MSRP,ZPP.3,ZTP,2MK,2MT.1,302,6FL,655,752",,,"Apr 1, 2010",550,,,,,,,,,,
668 - Jet Black,,NCSW - Black Novillo Leather,2011,WBSKG9C58BE367856,,E367856,"MSRP,863",,,"Apr 1, 2010",950,,,,,,,,,,
A73 - Jerez Black Metallic,,NCH2 - Fox Red Novillo Leather,2011,WBSKG9C5XBE367857,,E367857,"MSRP,ZCP,ZPP.3,ZTP,2MK,6FL,655,752",,,"Apr 1, 2010",550,,,,,,,,,,
381 - Le Mans Blue Metallic,,NCH1 - Silver Novillo Leather,2011,WBSKG9C51BE367858,,E367858,"MSRP,ZCW,ZPP.2,ZTP,2MK,2MT.1,6FL,752",,,"Apr 1, 2010",550,,,,,,,,,,
A30 - Interlagos Blue Metallic,,NCSW - Black Novillo Leather,2011,WBSKG9C53BE367859,,E367859,"MSRP,ZCP,ZPP.3,ZTP,2MK,302,6FL,655,752",,,"Apr 1, 2010",550,,,,,,,,,,
A30 - Interlagos Blue Metallic,,NCSW - Black Novillo Leather,2011,WBSKG9C5XBE367860,,E367860,"MSRP,ZCP,ZCW,ZPP.3,ZTP,302,507,5AC,6FL,6NF,655,752",,,"Apr 1, 2010",550,,,,,,,,,,
A30 - Interlagos Blue Metallic,,NCSW - Black Novillo Leather,2011,WBSKG9C51BE367861,,E367861,"MSRP,ZPP.3,ZTP,2MK,403,494,507,6FL,6NF,655",,,"Apr 1, 2010",550,,,,,,,,,,
668 - Jet Black,,NCH2 - Fox Red Novillo Leather,2011,WBSKG9C53BE367862,,E367862,"MSRP,ZPP.3,2MT.1,6FL,655",,,"Apr 1, 2010",,,,,,,,,,,
300 - Alpine White,,NDSW - Black Extended Novillo Leather,2011,WBSKG9C55BE367863,,E367863,"MSRP,ZCP,ZTP,6FL,752,771",,,"Apr 1, 2010",2000,,,,,,,,,,
A52 - Space Gray Metallic,,NDSW - Black Extended Novillo Leather,2011,WBSKG9C57BE367864,,E367864,"MSRP,ZCP,ZPP.3,ZTP,2MK,302,494,507,5AC,6FL,655,752",,,"Apr 1, 2010",550/1100,,,,,,,,,,
A52 - Space Gray Metallic,,NDSW - Black Extended Novillo Leather,2011,WBSKG9C59BE367865,,E367865,"MSRP,ZPP.3,ZTP,2MT.1,403,6FL,655,752",,,"Apr 1, 2010",550/1100,,,,,,,,,,
A30 - Interlagos Blue Metallic,,NCH3 - Beige Novillo Leather,2011,WBSKG9C50BE367866,,E367866,"MSRP,ZCP,ZCW,ZPP.2,ZTP,403,507,6FL,655",,,"Apr 1, 2010",550,,,,,,,,,,
668 - Jet Black,,NCSW - Black Novillo Leather,2011,WBSKG9C52BE367867,,E367867,"MSRP,ZCW,ZPP.3,ZTP,2MK,2MT.1,403,6FL,655,752",,,"Apr 1, 2010",,,,,,,,,,,
668 - Jet Black,,GEAT - Anthracite/Black Cloth & Leather,2011,WBSKG9C54BE367868,,E367868,"MSRP,ZCP,6FL,771",,,"Apr 1, 2010",,,,,,,,,,,
668 - Jet Black,,NCSW - Black Novillo Leather,2011,WBSKG9C56BE367869,,E367869,"MSRP,ZCW,ZPP.2,ZTP,2MK,2MT.1,302,403,6FL,6NF,655",,,"Apr 1, 2010",,,,,,,,,,,
668 - Jet Black,,NDSW - Black Extended Novillo Leather,2011,WBSKG9C52BE367870,,E367870,"MSRP,ZCP,ZCW,ZPP.3,ZTP,403,6FL,655,752",,,"Apr 1, 2010",1100,,,,,,,,,,
668 - Jet Black,,NCSW - Black Novillo Leather,2011,WBSKG9C54BE367871,,E367871,"MSRP,ZTP,2MT.1,403,494,507,639,6FL,752,771",,,"Apr 6, 2010",950,,,,,,,,,,
668 - Jet Black,,NCSW - Black Novillo Leather,2011,WBSKG9C56BE367872,,E367872,"MSRP,ZCW,ZPP.3,ZTP,2MK,6FL,752",,,"Apr 6, 2010",,,,,,,,,,,
381 - Le Mans Blue Metallic,,NDSW - Black Extended Novillo Leather,2011,WBSKG9C58BE367873,,E367873,"MSRP,ZCP,ZPP.3,ZTP,2MK,302,403,494,6FL,655,752",,,"Apr 6, 2010",550/1100,,,,,,,,,,
A30 - Interlagos Blue Metallic,,NCH1 - Silver Novillo Leather,2011,WBSKG9C5XBE367874,,E367874,"MSRP,ZCP,ZPP.1,ZTP,2MK,403,494,6FL",,,"Apr 6, 2010",550,,,,,,,,,,
668 - Jet Black,,NCSW - Black Novillo Leather,2011,WBSKG9C51BE367875,,E367875,"MSRP,ZCP,ZPP.3,ZTP,2MK,6FL,6NF,655",,,"Apr 6, 2010",,,,,,,,,,,
668 - Jet Black,,NCSW - Black Novillo Leather,2011,WBSKG9C53BE367876,,E367876,"MSRP,ZPP.3,ZTP,2MK,2MT.1,302,6FL,6NF,655,752",,,"Apr 6, 2010",,,,,,,,,,,
668 - Jet Black,,NCSW - Black Novillo Leather,2011,WBSKG9C55BE367877,,E367877,"MSRP,ZCP,ZCW,ZPP.3,ZTP,2MK,6FL,6NF,655,752",,,"Apr 6, 2010",,,,,,,,,,,
668 - Jet Black,,NCSW - Black Novillo Leather,2011,WBSKG9C57BE367878,,E367878,"MSRP,ZCP,ZPP.3,ZTP,2MK,494,6FL,6NF,655",,,"Apr 6, 2010",,,,,,,,,,,
668 - Jet Black,,NCSW - Black Novillo Leather,2011,WBSKG9C59BE367879,,E367879,"MSRP,ZPP.3,ZTP,2MK,2MT.1,494,6FL,6NF,655",,,"Apr 6, 2010",,,,,,,,,,,
668 - Jet Black,,GEAT - Anthracite/Black Cloth & Leather,2011,WBSKG9C55BE367880,,E367880,"MSRP,609,6FL,752,771,863",,,"Apr 6, 2010",,,,,,,,,,,
300 - Alpine White,,NCSW - Black Novillo Leather,2011,WBSKG9C57BE367881,,E367881,"MSRP,ZCP,ZPP.3,ZTP,2MK,494,6FL,655",,,"Apr 6, 2010",,,,,,,,,,,
A52 - Space Gray Metallic,,NCSW - Black Novillo Leather,2011,WBSKG9C59BE367882,,E367882,"MSRP,ZCW,ZPP.3,ZTP,2MT.1,403,6FL,655",,,"Apr 6, 2010",550,,,,,,,,,,
300 - Alpine White,,NCSW - Black Novillo Leather,2011,WBSKG9C50BE367883,,E367883,"MSRP,ZCW,ZPP.3,ZTP,2MK,2MT.1,302,403,507,6FL,655",,,"Apr 6, 2010",,,,,,,,,,,
A52 - Space Gray Metallic,,NCH1 - Silver Novillo Leather,2011,WBSKG9C52BE367884,,E367884,"MSRP,ZCP,ZPP.3,ZTP,2MK,302,494,507,6FL,655,752,863",,,"Apr 6, 2010",550,,,,,,,,,,
300 - Alpine White,,NCSW - Black Novillo Leather,2011,WBSKG9C54BE367885,,E367885,"MSRP,ZCW,ZPP.3,ZTP,2MK,2MT.1,302,6FL,655,752",,,"Apr 6, 2010",,,,,,,,,,,
300 - Alpine White,,NCSW - Black Novillo Leather,2011,WBSKG9C56BE367886,,E367886,"MSRP,ZCP,ZPP.3,ZTP,2MK,302,494,5AC,6FL,655,752",,,"Apr 6, 2010",,,,,,,,,,,
300 - Alpine White,,NCSW - Black Novillo Leather,2011,WBSKG9C58BE367887,,E367887,"MSRP,ZCP,ZPP.3,ZTP,302,494,6FL,655,752",,,"Apr 6, 2010",,,,,,,,,,,
300 - Alpine White,,NCSW - Black Novillo Leather,2011,WBSKG9C5XBE367888,,E367888,"MSRP,ZCW,ZPP.3,ZTP,2MK,302,507,6FL,655",,,"Apr 6, 2010",,,,,,,,,,,
300 - Alpine White,,NCH2 - Fox Red Novillo Leather,2011,WBSKG9C51BE367889,,E367889,"MSRP,ZCP,ZPP.3,ZTP,2MK,415,507,752",,,"Apr 6, 2010",,,,,,,,,,,
300 - Alpine White,,NCSW - Black Novillo Leather,2011,WBSKG9C58BE367890,,E367890,"MSRP,ZPP.3,ZTP,2MK,2MT.1,494,6FL,655,752",,,"Apr 7, 2010",,,,,,,,,,,
300 - Alpine White,,NCSW - Black Novillo Leather,2011,WBSKG9C5XBE367891,,E367891,"MSRP,ZCP,ZPP.3,ZTP,2MK,302,494,6FL,655,752",,,"Apr 7, 2010",,,,,,,,,,,
300 - Alpine White,,NCSW - Black Novillo Leather,2011,WBSKG9C51BE367892,,E367892,"MSRP,ZPP.3,ZTP,2MT.1,507,6FL,655,752",,,"Apr 7, 2010",,,,,,,,,,,
A29 - Silverstone Metallic II,,NCSW - Black Novillo Leather,2011,WBSKG9C53BE367893,,E367893,"MSRP,ZCW,ZPP.1,2MT.1,302,507,6FL,6NF,655",,,"Apr 7, 2010",550,,,,,,,,,,
668 - Jet Black,,NDH3 - Beige Novillo Extended Leather,2011,WBSKG9C55BE367894,,E367894,"MSRP,ZCW,ZPP.2,ZTP,2MK,2MT.1,302,403,507,5AC,6FL,6NF,655,752",,,"Apr 7, 2010",1100,,,,,,,,,,
A73 - Jerez Black Metallic,,NDH2 - Fox Red Extended Leather,2011,WBSKG9C57BE367895,,E367895,"MSRP,ZCP,ZPP.3,ZTP,2MK,415,494,507,5AC,6FL,6NF,655,752",,,"Apr 7, 2010",550/1100,,,,,,,,,,
A52 - Space Gray Metallic,,NCSW - Black Novillo Leather,2011,WBSKG9C59BE367896,,E367896,"MSRP,ZCP,ZCW,ZPP.2,ZTP,2MK,302,403,507,6FL,6NF,752",,,"Apr 7, 2010",550,,,,,,,,,,
668 - Jet Black,,NDH3 - Beige Novillo Extended Leather,2011,WBSKG9C50BE367897,,E367897,"MSRP,ZCW,ZPP.2,ZTP,403,507,5AC,6FL,6NF,655,752",,,"Apr 7, 2010",1100,,,,,,,,,,
A29 - Silverstone Metallic II,,NDH2 - Fox Red Extended Leather,2011,WBSKG9C52BE367898,,E367898,"MSRP,ZPP.2,ZTP,2MK,2MT.1,302,403,507,6FL,6NF,655,752",,,"Apr 7, 2010",550/1100,,,,,,,,,,
A52 - Space Gray Metallic,,NCSW - Black Novillo Leather,2011,WBSKG9C54BE367899,,E367899,"MSRP,ZPP.3,ZTP,2MK,2MT.1,302,403,494,5AC,6FL,655",,,"Apr 7, 2010",550,,,,,,,,,,
A73 - Jerez Black Metallic,,NDH3 - Beige Novillo Extended Leather,2011,WBSKG9C57BE367900,,E367900,"MSRP,ZPP.2,ZTP,2MK,2MT.1,403,494,6FL,655",,,"Apr 7, 2010",550/1100,,,,,,,,,,
300 - Alpine White,,NDSW - Black Extended Novillo Leather,2011,WBSKG9C59BE367901,,E367901,"MSRP,ZPP.3,ZTP,2MT.1,494,507,5AC,6FL,655",,,"Apr 8, 2010",1100,,,,,,,,,,
300 - Alpine White,,NCSW - Black Novillo Leather,2011,WBSKG9C50BE367902,,E367902,"MSRP,ZCP,ZPP.3,ZTP,2MK,302,494,6FL,655,752",,,"Apr 8, 2010",,,,,,,,,,,
A52 - Space Gray Metallic,,NDSW - Black Extended Novillo Leather,2011,WBSKG9C52BE367903,,E367903,"MSRP,ZPP.3,ZTP,2MT.1,403,6FL,655",,,"Apr 8, 2010",550/1100,,,,,,,,,,
300 - Alpine White,,NCSW - Black Novillo Leather,2011,WBSKG9C54BE367904,,E367904,"MSRP,ZPP.3,ZTP,2MT.1,302,403,494,507,6FL,655",,,"Apr 8, 2010",,,,,,,,,,,
A73 - Jerez Black Metallic,,NCSW - Black Novillo Leather,2011,WBSKG9C56BE367905,,E367905,"MSRP,ZPP.3,ZTP,2MK,2MT.1,302,403,494,507,6FL,6NF,752",,,"Apr 8, 2010",550,,,,,,,,,,
A75 - Melbourne Red Metallic,,NDSW - Black Extended Novillo Leather,2011,WBSKG9C58BE367906,,E367906,"MSRP,ZPP.3,ZTP,2MK,494,6FL,752",,,"Apr 8, 2010",550/1100,,,,,,,,,,
300 - Alpine White,,NCSW - Black Novillo Leather,2011,WBSKG9C5XBE367907,,E367907,"MSRP,ZCP,ZPP.3,ZTP,2MK,494,507,6FL,6NF,655",,,"Apr 8, 2010",,,,,,,,,,,
300 - Alpine White,,NCSW - Black Novillo Leather,2011,WBSKG9C51BE367908,,E367908,"MSRP,ZPP.3,ZTP,2MK,302,507,6FL,655,863",,,"Apr 8, 2010",,,,,,,,,,,
,,Z1XX - Unknown Upholstery Code,2011,WBSKG9C53BE367909,,E367909,"MSRP,ZCP,ZPP.3,ZTP,302,415,494,507,5AC,6FL,6NF,655,752",,,"Apr 15, 2010",,,,,,,,,,,
,,NCSW - Black Novillo Leather,2011,WBSKG9C5XBE367910,,E367910,"MSRP,ZCP,4MY,6FL",,,"Apr 16, 2010",950,,,,,,,,,,
B05 - Monte Carlo Blue,,Z1XX - Unknown Upholstery Code,2011,WBSKG9C51BE367911,,E367911,"MSRP,ZCP,ZCW,ZTP,302,415,507,6FL,655,752",,,"Apr 17, 2010",,,CAN,,,,,,,,
300 - Alpine White,,NCH2 - Fox Red Novillo Leather,2011,WBSKG9C53BE367912,,E367912,"MSRP,ZCP,ZCW,ZPP.3,ZTP,2MK,403,6FL,6NF,655",,,"Apr 8, 2010",,,,,,,,,,,
668 - Jet Black,,NCH2 - Fox Red Novillo Leather,2011,WBSKG9C55BE367913,,E367913,"MSRP,2MT.1,403,494,4MZ,6FL",,,"Apr 8, 2010",950,,,,,,,,,,
A52 - Space Gray Metallic,,NCH2 - Fox Red Novillo Leather,2011,WBSKG9C57BE367914,,E367914,"MSRP,ZCP,ZCW,ZPP.3,ZTP,302,6FL",,,"Apr 8, 2010",550,,,,,,,,,,
381 - Le Mans Blue Metallic,,NCSW - Black Novillo Leather,2011,WBSKG9C59BE367915,,E367915,"MSRP,ZCP,ZPP.1,ZTP,2MK,302,403,494,507,6FL,752",,,"Apr 8, 2010",550,,,,,,,,,,
300 - Alpine White,,NDSW - Black Extended Novillo Leather,2011,WBSKG9C50BE367916,,E367916,"MSRP,ZCW,ZPP.3,ZTP,302,403,507,6FL,655,752",,,"Apr 8, 2010",1100,,,,,,,,,,
300 - Alpine White,,NCH2 - Fox Red Novillo Leather,2011,WBSKG9C52BE367917,,E367917,"MSRP,ZCP,ZPP.3,ZTP,2MK,302,494,507,6FL,6NF,655,752",,,"Apr 8, 2010",,,,,,,,,,,
300 - Alpine White,,NCSW - Black Novillo Leather,2011,WBSKG9C54BE367918,,E367918,"MSRP,ZPP.3,ZTP,2MK,2MT.1,302,494,507,6FL,655,752",,,"Apr 8, 2010",,,,,,,,,,,
300 - Alpine White,,NDH2 - Fox Red Extended Leather,2011,WBSKG9C56BE367919,,E367919,"MSRP,ZCP,ZCW,ZPP.3,ZTP,2MK,302,507,5AC,6FL,6NF,655,752",,,"Apr 9, 2010",1100,,,,,,,,,,
300 - Alpine White,,NCSW - Black Novillo Leather,2011,WBSKG9C52BE367920,,E367920,"MSRP,ZCW,ZPP.1,ZTP,2MK,2MT.1,302,403,6FL,6NF,655,752",,,"Apr 9, 2010",,,,,,,,,,,
A52 - Space Gray Metallic,,NCSW - Black Novillo Leather,2011,WBSKG9C54BE367921,,E367921,"MSRP,ZCP,ZPP.3,ZTP,2MK,494,6FL,6NF,655,752",,,"Apr 9, 2010",550,,,,,,,,,,
A52 - Space Gray Metallic,,NDSW - Black Extended Novillo Leather,2011,WBSKG9C56BE367922,,E367922,"MSRP,ZPP.3,ZTP,2MK,2MT.1,403,507,6FL,655,752",,,"Apr 9, 2010",550/1100,,,,,,,,,,
A52 - Space Gray Metallic,,NCSW - Black Novillo Leather,2011,WBSKG9C58BE367923,,E367923,"MSRP,ZPP.3,ZTP,2MK,2MT.1,302,403,6FL,655",,,"Apr 9, 2010",550,,,,,,,,,,
A52 - Space Gray Metallic,,GEAT - Anthracite/Black Cloth & Leather,2011,WBSKG9C5XBE367924,,E367924,"MSRP,ZCP,ZTP,494,4MY,507,6FL,655",,,"Apr 9, 2010",550,,,,,,,,,,
A52 - Space Gray Metallic,,NCSW - Black Novillo Leather,2011,WBSKG9C51BE367925,,E367925,"MSRP,ZCW,ZPP.2,ZTP,2MK,2MT.1,302,403,507,6FL,6NF,655,752",,,"Apr 9, 2010",550,,,,,,,,,,
A52 - Space Gray Metallic,,NCSW - Black Novillo Leather,2011,WBSKG9C53BE367926,,E367926,"MSRP,ZCW,ZPP.2,ZTP,2MK,2MT.1,302,403,507,6FL,6NF,655,752",,,"Apr 9, 2010",550,,,,,,,,,,
A29 - Silverstone Metallic II,,NCSW - Black Novillo Leather,2011,WBSKG9C55BE367927,,E367927,"MSRP,ZCW,ZPP.3,ZTP,403,6FL",,,"Apr 9, 2010",550,,,,,,,,,,
A52 - Space Gray Metallic,,NCH2 - Fox Red Novillo Leather,2011,WBSKG9C57BE367928,,E367928,"MSRP,ZCP,2MK,302,4MX,6FL,655",,,"Apr 9, 2010",550/950,,,,,,,,,,
A29 - Silverstone Metallic II,,NCSW - Black Novillo Leather,2011,WBSKG9C59BE367929,,E367929,"MSRP,ZPP.1,ZTP,403,494,6FL,655",,,"Apr 9, 2010",550,,,,,,,,,,
A73 - Jerez Black Metallic,,NCSW - Black Novillo Leather,2011,WBSKG9C55BE367930,,E367930,"MSRP,2MK,2MT.1,302,403,494,639,6FL,6NF,655,771",,,"Apr 9, 2010",550/950,,,,,,,,,,
668 - Jet Black,,NCSW - Black Novillo Leather,2011,WBSKG9C57BE367931,,E367931,"MSRP,ZCP,ZPP.3,ZTP,2MK,302,494,507,6FL,655,752",,,"Apr 9, 2010",,,,,,,,,,,
300 - Alpine White,,NCSW - Black Novillo Leather,2011,WBSKG9C59BE367932,,E367932,"MSRP,ZCP,ZPP.3,ZTP,2MK,494,507,6FL,6NF,655,752",,,"Apr 9, 2010",,,,,,,,,,,
A73 - Jerez Black Metallic,,NCSW - Black Novillo Leather,2011,WBSKG9C50BE367933,,E367933,"MSRP,ZPP.1,ZTP,2MK,2MT.1,302,507,6FL,655,752",,,"Apr 9, 2010",550,,,,,,,,,,
668 - Jet Black,,NCSW - Black Novillo Leather,2011,WBSKG9C52BE367934,,E367934,"MSRP,ZCP,ZPP.3,2MK,494,6FL,655",,,"Apr 9, 2010",,,,,,,,,,,
A73 - Jerez Black Metallic,,NCSW - Black Novillo Leather,2011,WBSKG9C54BE367935,,E367935,"MSRP,ZCW,ZPP.3,ZTP,2MT.1,302,403,507,6FL,655,752",,,"Apr 9, 2010",550,,,,,,,,,,
300 - Alpine White,,NCSW - Black Novillo Leather,2011,WBSKG9C56BE367936,,E367936,"MSRP,ZPP.3,ZTP,2MK,2MT.1,403,494,6FL,655,752",,,"Apr 9, 2010",,,,,,,,,,,
A75 - Melbourne Red Metallic,,NCSW - Black Novillo Leather,2011,WBSKG9C58BE367937,,E367937,"MSRP,ZPP.3,ZTP,2MK,2MT.1,494,6FL,655,752",,,"Apr 9, 2010",550,,,,,,,,,,
300 - Alpine White,,NCSW - Black Novillo Leather,2011,WBSKG9C5XBE367938,,E367938,"MSRP,ZPP.3,ZTP,2MK,2MT.1,403,6FL,655,752",,,"Apr 12, 2010",,,,,,,,,,,
A73 - Jerez Black Metallic,,NCSW - Black Novillo Leather,2011,WBSKG9C51BE367939,,E367939,"MSRP,ZCP,ZCW,ZPP.3,ZTP,2MK,302,403,6FL,655,752",,,"Apr 12, 2010",550,,,,,,,,,,
A73 - Jerez Black Metallic,,NCSW - Black Novillo Leather,2011,WBSKG9C58BE367940,,E367940,"MSRP,ZTP,2MK,2MT.1,403,494,639,6FL,771",,,"Apr 12, 2010",550/950,,,,,,,,,,
A75 - Melbourne Red Metallic,,NCSW - Black Novillo Leather,2011,WBSKG9C5XBE367941,,E367941,"MSRP,ZCP,ZPP.3,ZTP,2MK,302,403,494,6FL,655",,,"Apr 12, 2010",550,,,,,,,,,,
A73 - Jerez Black Metallic,,NCSW - Black Novillo Leather,2011,WBSKG9C51BE367942,,E367942,"MSRP,ZPP.3,ZTP,2MK,2MT.1,302,507,6FL,6NF,655,752",,,"Apr 12, 2010",550,,,,,,,,,,
A75 - Melbourne Red Metallic,,NCH2 - Fox Red Novillo Leather,2011,WBSKG9C53BE367943,,E367943,"MSRP,ZCP,ZTP,302,4MY,507,6FL,863",,,"Apr 12, 2010",550/950,,,,,,,,,,
A75 - Melbourne Red Metallic,,NCSW - Black Novillo Leather,2011,WBSKG9C55BE367944,,E367944,"MSRP,ZPP.1,ZTP,2MK,2MT.1,403,494,6FL,655",,,"Apr 12, 2010",550,,,,,,,,,,
A29 - Silverstone Metallic II,,NCSW - Black Novillo Leather,2011,WBSKG9C57BE367945,,E367945,"MSRP,ZPP.3,ZTP,2MK,2MT.1,494,6FL,655,752",,,"Apr 12, 2010",550,,,,,,,,,,
A73 - Jerez Black Metallic,,NCSW - Black Novillo Leather,2011,WBSKG9C59BE367946,,E367946,"MSRP,2MK,403,494,639,6FL,771",,,"Apr 12, 2010",550/950,,,,,,,,,,
300 - Alpine White,,NCSW - Black Novillo Leather,2011,WBSKG9C50BE367947,,E367947,"MSRP,ZPP.3,2MT.1",,,"Apr 12, 2010",,,,,,,,,,,
381 - Le Mans Blue Metallic,,NCSW - Black Novillo Leather,2011,WBSKG9C52BE367948,,E367948,"MSRP,ZPP.3,ZTP,2MK,2MT.1,403,6FL",,,"Apr 12, 2010",550,,,,,,,,,,
300 - Alpine White,,NCSW - Black Novillo Leather,2011,WBSKG9C54BE367949,,E367949,"MSRP,ZCP,ZPP.3,ZTP,2MK,403,494,507,6FL,655,752",,,"Apr 12, 2010",,,,,,,,,,,
381 - Le Mans Blue Metallic,,NDH1 - Silver Novillo Extended Leather,2011,WBSKG9C50BE367950,,E367950,"MSRP,ZPP.3,ZTP,2MK,2MT.1,302,403,507,6FL,655,752",,,"Apr 12, 2010",550/1100,,,,,,,,,,
668 - Jet Black,,NCSW - Black Novillo Leather,2011,WBSKG9C52BE367951,,E367951,"MSRP,ZPP.3,ZTP,2MT.1,302,494,507,6FL,752",,,"Apr 12, 2010",,,,,,,,,,,
300 - Alpine White,,NCSW - Black Novillo Leather,2011,WBSKG9C54BE367952,,E367952,"MSRP,ZPP.3,ZTP,2MT.1,403,494,507,6FL,655,752",,,"Apr 13, 2010",,,,,,,,,,,
668 - Jet Black,,NCSW - Black Novillo Leather,2011,WBSKG9C56BE367953,,E367953,"MSRP,ZCP,403,4MY",,,"Apr 13, 2010",950,,,,,,,,,,
300 - Alpine White,,NCSW - Black Novillo Leather,2011,WBSKG9C58BE367954,,E367954,"MSRP,ZCP,ZPP.1,ZTP,2MK,302,494,6FL,6NF,655,752",,,"Apr 13, 2010",,,,,,,,,,,
381 - Le Mans Blue Metallic,,NCSW - Black Novillo Leather,2011,WBSKG9C5XBE367955,,E367955,"MSRP,ZCW,ZPP.3,ZTP,2MT.1,403,507,6FL,655,752",,,"Apr 13, 2010",550,,,,,,,,,,
300 - Alpine White,,NCSW - Black Novillo Leather,2011,WBSKG9C51BE367956,,E367956,"MSRP,ZCP,ZPP.3,ZTP,2MK,302,494,507,6FL,655,752",,,"Apr 13, 2010",,,,,,,,,,,
300 - Alpine White,,NCSW - Black Novillo Leather,2011,WBSKG9C53BE367957,,E367957,"MSRP,ZCP,ZPP.3,ZTP,2MK,494,6FL,655,752",,,"Apr 13, 2010",,,,,,,,,,,
A52 - Space Gray Metallic,,NCSW - Black Novillo Leather,2011,WBSKG9C55BE367958,,E367958,"MSRP,ZCP,ZPP.3,ZTP,2MK,494,6FL,6NF,655,752",,,"Apr 13, 2010",550,,,,,,,,,,
381 - Le Mans Blue Metallic,,NCSW - Black Novillo Leather,2011,WBSKG9C57BE367959,,E367959,"MSRP,ZPP.3,ZTP,2MK,302,507,5AC,6FL,6NF,655,752",,,"Apr 13, 2010",550,,,,,,,,,,
A52 - Space Gray Metallic,,NCH1 - Silver Novillo Leather,2011,WBSKG9C53BE367960,,E367960,"MSRP,ZPP.1,ZTP,2MK,2MT.1,494,6FL,655",,,"Apr 13, 2010",550,,,,,,,,,,
A52 - Space Gray Metallic,,NCSW - Black Novillo Leather,2011,WBSKG9C55BE367961,,E367961,"MSRP,ZTP,2MK,2MT.1,494,639,6FL,655,771",,,"Apr 13, 2010",550/950,,,,,,,,,,
300 - Alpine White,,GEAT - Anthracite/Black Cloth & Leather,2011,WBSKG9C57BE367962,,E367962,"MSRP,ZCP,2MK,302,609,639,6FL,771",,,"Apr 13, 2010",,,,,,,,,,,
A73 - Jerez Black Metallic,,NCSW - Black Novillo Leather,2011,WBSKG9C59BE367963,,E367963,"MSRP,ZPP.2,2MK,2MT.1,403,494",,,"Apr 13, 2010",550,,,,,,,,,,
668 - Jet Black,,NCSW - Black Novillo Leather,2011,WBSKG9C50BE367964,,E367964,"MSRP,ZCW,ZPP.3,ZTP,2MT.1,403,6FL",,,"Apr 13, 2010",,,,,,,,,,,
A52 - Space Gray Metallic,,NCSW - Black Novillo Leather,2011,WBSKG9C52BE367965,,E367965,"MSRP,ZCP,ZCW,ZPP.3,ZTP,302,6FL,655,752",,,"Apr 13, 2010",550,,,,,,,,,,
300 - Alpine White,,GEAT - Anthracite/Black Cloth & Leather,2011,WBSKG9C54BE367966,,E367966,"MSRP,ZCP,ZPP.3,6FL,655",,,"Apr 13, 2010",,,,,,,,,,,
A73 - Jerez Black Metallic,,NCSW - Black Novillo Leather,2011,WBSKG9C56BE367967,,E367967,"MSRP,ZCP,ZPP.3,ZTP,2MK,403,507,6FL",,,"Apr 13, 2010",550,,,,,,,,,,
668 - Jet Black,,NCH2 - Fox Red Novillo Leather,2011,WBSKG9C58BE367968,,E367968,"MSRP,ZCW,ZPP.3,ZTP,2MK,2MT.1,302,415,507,6FL,655,752",,,"Apr 14, 2010",,,,,,,,,,,
300 - Alpine White,,NCH3 - Beige Novillo Leather,2011,WBSKG9C5XBE367969,,E367969,"MSRP,ZPP.3,ZTP,2MT.1,403,494,6FL,655",,,"Apr 14, 2010",,,,,,,,,,,
668 - Jet Black,,NCSW - Black Novillo Leather,2011,WBSKG9C56BE367970,,E367970,"MSRP,ZPP.3,ZTP,2MK,2MT.1,302,494,6FL,655",,,"Apr 14, 2010",,,,,,,,,,,
A52 - Space Gray Metallic,,NCH2 - Fox Red Novillo Leather,2011,WBSKG9C58BE367971,,E367971,"MSRP,ZCP,ZCW,ZPP.3,ZTP,302,507,5AC,6FL,6NF,655,752",,,"Apr 14, 2010",550,,,,,,,,,,
300 - Alpine White,,NCH3 - Beige Novillo Leather,2011,WBSKG9C5XBE367972,,E367972,"MSRP,ZCP,ZCW,ZPP.3,ZTP,2MK,6FL,6NF,752",,,"Apr 14, 2010",,,,,,,,,,,
668 - Jet Black,,NCSW - Black Novillo Leather,2011,WBSKG9C51BE367973,,E367973,"MSRP,ZCP,ZPP.3,ZTP,494,6FL,655",,,"Apr 14, 2010",,,,,,,,,,,
668 - Jet Black,,NCH1 - Silver Novillo Leather,2011,WBSKG9C53BE367974,,E367974,"MSRP,ZCP,ZPP.3,ZTP,2MK,302,6FL,655,752",,,"Apr 14, 2010",,,,,,,,,,,
300 - Alpine White,,NCSW - Black Novillo Leather,2011,WBSKG9C55BE367975,,E367975,"MSRP,494,507,609,6FL,655",,,"Apr 14, 2010",950,,,,,,,,,,
668 - Jet Black,,NCSW - Black Novillo Leather,2011,WBSKG9C57BE367976,,E367976,"MSRP,ZCP,ZPP.3,ZTP,494,6FL,6NF,655,752",,,"Apr 14, 2010",,,,,,,,,,,
668 - Jet Black,,NCSW - Black Novillo Leather,2011,WBSKG9C59BE367977,,E367977,"MSRP,ZCP,ZPP.3,ZTP,2MK,494,507,6FL,6NF,655",,,"Apr 14, 2010",,,,,,,,,,,
668 - Jet Black,,NCSW - Black Novillo Leather,2011,WBSKG9C50BE367978,,E367978,"MSRP,ZCP,ZPP.3,ZTP,2MK,494,507,6FL,655,752",,,"Apr 14, 2010",,,,,,,,,,,
300 - Alpine White,,GEAT - Anthracite/Black Cloth & Leather,2011,WBSKG9C52BE367979,,E367979,"MSRP,ZCP,494,6FL,771",,,"Apr 14, 2010",,,,,,,,,,,
300 - Alpine White,,NCSW - Black Novillo Leather,2011,WBSKG9C59BE367980,,E367980,"MSRP,ZPP.3,ZTP,2MK,2MT.1,302,403,494,507,6FL,655,752",,,"Apr 14, 2010",,,,,,,,,,,
668 - Jet Black,,NCSW - Black Novillo Leather,2011,WBSKG9C50BE367981,,E367981,"MSRP,ZCW,ZPP.2,ZTP,2MT.1,302,403,6FL,655,752",,,"Apr 14, 2010",,,,,,,,,,,
A52 - Space Gray Metallic,,NCSW - Black Novillo Leather,2011,WBSKG9C52BE367982,,E367982,"MSRP,ZCP,ZPP.3,ZTP,2MK,507,6FL,655",,,"Apr 15, 2010",550,,,,,,,,,,
300 - Alpine White,,NDH1 - Silver Novillo Extended Leather,2011,WBSKG9C54BE367983,,E367983,"MSRP,ZPP.3,ZTP,2MK,2MT.1,302,403,415,494,507,655,752",,,"Apr 15, 2010",1100,,,,,,,,,,
381 - Le Mans Blue Metallic,,NCSW - Black Novillo Leather,2011,WBSKG9C56BE367984,,E367984,"MSRP,ZCP,ZCW,ZPP.3,ZTP,2MK,302,403,507,5AC,6FL,655,752",,,"Apr 15, 2010",550,,,,,,,,,,
381 - Le Mans Blue Metallic,,NDSW - Black Extended Novillo Leather,2011,WBSKG9C58BE367985,,E367985,"MSRP,ZCP,ZPP.3,ZTP,302,507,6FL,6NF,752",,,"Apr 15, 2010",550/1100,,,,,,,,,,
381 - Le Mans Blue Metallic,,NCSW - Black Novillo Leather,2011,WBSKG9C5XBE367986,,E367986,"MSRP,ZCW,ZPP.3,ZTP,2MK,2MT.1,403,6FL,752",,,"Apr 15, 2010",550,,,,,,,,,,
381 - Le Mans Blue Metallic,,NCSW - Black Novillo Leather,2011,WBSKG9C51BE367987,,E367987,"MSRP,ZCP,ZPP.1,ZTP,2MK,302,494,6FL,6NF,655,752",,,"Apr 15, 2010",,,,,,,,,,,
300 - Alpine White,,NCSW - Black Novillo Leather,2011,WBSKG9C53BE367988,,E367988,"MSRP,ZCP,ZPP.3,ZTP,2MK,6FL,655,752",,,"Apr 15, 2010",,,,,,,,,,,
300 - Alpine White,,NCH2 - Fox Red Novillo Leather,2011,WBSKG9C55BE367989,,E367989,"MSRP,ZPP.3,ZTP,2MT.1,494,6FL,863",,,"Apr 15, 2010",,,,,,,,,,,
A30 - Interlagos Blue Metallic,,NCH3 - Beige Novillo Leather,2011,WBSKG9C51BE367990,,E367990,"MSRP,ZCP,ZPP.2,ZTP,302,6FL,6NF,752",,,"Apr 15, 2010",550,,,,,,,,,,
A30 - Interlagos Blue Metallic,,NCSW - Black Novillo Leather,2011,WBSKG9C53BE367991,,E367991,"MSRP,ZCP,ZPP.3,ZTP,302,494,507,6FL",,,"Apr 15, 2010",550,,,,,,,,,,
U83 - Frozen Grey ,,NDSW - Black Extended Novillo Leather,2011,WBSKG9C55BE367992,,E367992,"MSRP,ZCW,ZPP.3,ZTP,2MK,2MT.1,302,415,507,6FL,655,752",,,"Apr 23, 2010",1100,,CAN,,,,,,,,
300 - Alpine White,,NCSW - Black Novillo Leather,2011,WBSKG9C57BE367993,,E367993,"MSRP,ZCP,ZTP,2MK,494,507,5AC,6FL,6NF,655,752",,,"Apr 26, 2010",950,,,,,,,,,,
300 - Alpine White,,NCH2 - Fox Red Novillo Leather,2011,WBSKG9C59BE367994,,E367994,"MSRP,ZCP,ZPP.3,ZTP,2MK,302,507,6FL,752",,,"Apr 15, 2010",,,,,,,,,,,
A73 - Jerez Black Metallic,,NCSW - Black Novillo Leather,2011,WBSKG9C50BE367995,,E367995,"MSRP,ZCP,ZPP.1,2MK,494,6FL,655",,,"Apr 16, 2010",550,,,,,,,,,,
A52 - Space Gray Metallic,,NCSW - Black Novillo Leather,2011,WBSKG9C52BE367996,,E367996,"MSRP,ZPP.1,ZTP,2MK,302,403,494,507,6FL,6NF,655",,,"Apr 16, 2010",550,,,,,,,,,,
300 - Alpine White,,NDSW - Black Extended Novillo Leather,2011,WBSKG9C54BE367997,,E367997,"MSRP,ZCP,ZCW,ZPP.3,ZTP,2MK,302,403,415,507,5AC,6FL,6NF,655,752",,,"Apr 16, 2010",1100,,,,,,,,,,
A73 - Jerez Black Metallic,,NCH1 - Silver Novillo Leather,2011,WBSKG9C56BE367998,,E367998,"MSRP,ZCW,ZPP.3,ZTP,2MT.1,302,403,6FL,655,752",,,"Apr 16, 2010",550,,,,,,,,,,
A73 - Jerez Black Metallic,,NCH1 - Silver Novillo Leather,2011,WBSKG9C58BE367999,,E367999,"MSRP,ZPP.3,ZTP,2MK,2MT.1,302,403,494,6FL,6NF,655,752",,,"Apr 16, 2010",550,,,,,,,,,,
A73 - Jerez Black Metallic,,NCSW - Black Novillo Leather,2011,WBSKG9C59BE368000,,E368000,"MSRP,ZPP.1,ZTP,2MK,2MT.1,302,403,494,507,6FL,6NF,655",,,"Apr 16, 2010",550,,,,,,,,,,
A73 - Jerez Black Metallic,,NCSW - Black Novillo Leather,2011,WBSKG9C50BE368001,,E368001,"MSRP,ZCW,ZPP.3,ZTP,2MT.1,302,403,507,6FL,6NF,655",,,"Apr 16, 2010",550,,,,,,,,,,
A29 - Silverstone Metallic II,,NDH2 - Fox Red Extended Leather,2011,WBSKG9C52BE368002,,E368002,"MSRP,ZCP,ZPP.3,ZTP,6FL,752,863",,,"Apr 16, 2010",550/1100,,,,,,,,,,
300 - Alpine White,,NDSW - Black Extended Novillo Leather,2011,WBSKG9C54BE368003,,E368003,"MSRP,ZCP,ZPP.3,ZTP,2MK,302,415,494,507,6FL,6NF",,,"Apr 16, 2010",1100,,,,,,,,,,
300 - Alpine White,,NCH1 - Silver Novillo Leather,2011,WBSKG9C56BE368004,,E368004,"MSRP,ZCP,ZPP.3,ZTP,302,415,494,507,6FL",,,"Apr 16, 2010",,,,,,,,,,,
A73 - Jerez Black Metallic,,NCSW - Black Novillo Leather,2011,WBSKG9C58BE368005,,E368005,"MSRP,ZCP,ZCW,ZPP.3,ZTP,2MK,302,403,6FL,6NF,655,752",,,"Apr 16, 2010",550,,,,,,,,,,
A73 - Jerez Black Metallic,,NCSW - Black Novillo Leather,2011,WBSKG9C5XBE368006,,E368006,"MSRP,ZPP.3,ZTP,2MK,2MT.1,494,6FL,655,752",,,"Apr 16, 2010",550,,,,,,,,,,
A73 - Jerez Black Metallic,,NCSW - Black Novillo Leather,2011,WBSKG9C51BE368007,,E368007,"MSRP,ZPP.3,ZTP,2MK,2MT.1,494,6FL,655,752",,,"Apr 16, 2010",550,,,,,,,,,,
300 - Alpine White,,NDH2 - Fox Red Extended Leather,2011,WBSKG9C53BE368008,,E368008,"MSRP,ZCP,ZCW,ZPP.3,ZTP,2MK,302,403,507,6FL,6NF,752",,,"Apr 17, 2010",1100,,,,,,,,,,
381 - Le Mans Blue Metallic,,NCSW - Black Novillo Leather,2011,WBSKG9C55BE368009,,E368009,"MSRP,ZPP.3,ZTP,2MK,2MT.1,403,507,6FL,655,752",,,"Apr 17, 2010",550,,,,,,,,,,
300 - Alpine White,,NCH3 - Beige Novillo Leather,2011,WBSKG9C51BE368010,,E368010,"MSRP,ZPP.2,2MK,2MT.1,403,494,6FL,655",,,"Apr 17, 2010",,,,,,,,,,,
300 - Alpine White,,NDH2 - Fox Red Extended Leather,2011,WBSKG9C53BE368011,,E368011,"MSRP,494,507,609,6FL,655",,,"Apr 17, 2010",2000,,,,,,,,,,
A73 - Jerez Black Metallic,,NCSW - Black Novillo Leather,2011,WBSKG9C55BE368012,,E368012,"MSRP,ZPP.3,ZTP,2MT.1,302,403,494,6FL,752",,,"Apr 17, 2010",550,,,,,,,,,,
668 - Jet Black,,GEAT - Anthracite/Black Cloth & Leather,2011,WBSKG9C57BE368013,,E368013,"MSRP,2MT.1,4MY,6FL",,,"Apr 17, 2010",,,,,,,,,,,
300 - Alpine White,,NCSW - Black Novillo Leather,2011,WBSKG9C59BE368014,,E368014,"MSRP,ZCP,ZPP.1,ZTP,2MK,302,494,507,6FL,6NF,655,752",,,"Apr 17, 2010",,,,,,,,,,,
300 - Alpine White,,NCSW - Black Novillo Leather,2011,WBSKG9C50BE368015,,E368015,"MSRP,ZCP,ZPP.3,ZTP,2MK,302,494,6FL,655,752",,,"Apr 17, 2010",,,,,,,,,,,
668 - Jet Black,,NCSW - Black Novillo Leather,2011,WBSKG9C52BE368016,,E368016,"MSRP,ZPP.1,302,494,6FL,655",,,"Apr 19, 2010",,,,,,,,,,,
668 - Jet Black,,NCH3 - Beige Novillo Leather,2011,WBSKG9C54BE368017,,E368017,"MSRP,ZPP.2,ZTP,2MK,2MT.1,302,6FL,655,752",,,"Apr 19, 2010",,,,,,,,,,,
300 - Alpine White,,NCSW - Black Novillo Leather,2011,WBSKG9C56BE368018,,E368018,"MSRP,494,507,609,6FL,655",,,"Apr 19, 2010",950,,,,,,,,,,
A52 - Space Gray Metallic,,NDH2 - Fox Red Extended Leather,2011,WBSKG9C58BE368019,,E368019,"MSRP,ZCP,ZCW,ZPP.3,ZTP,2MK,302,507,6FL,655,752",,,"Apr 19, 2010",550/1100,,,,,,,,,,
668 - Jet Black,,NCH2 - Fox Red Novillo Leather,2011,WBSKG9C54BE368020,,E368020,"MSRP,ZTP,2MK,302,6FL,655,771",,,"Apr 19, 2010",950,,,,,,,,,,
A73 - Jerez Black Metallic,,NCH2 - Fox Red Novillo Leather,2011,WBSKG9C56BE368021,,E368021,"MSRP,ZCP,ZPP.3,ZTP,302,507,6FL,655",,,"Apr 19, 2010",550,,,,,,,,,,
A73 - Jerez Black Metallic,,NCSW - Black Novillo Leather,2011,WBSKG9C58BE368022,,E368022,"MSRP,ZCW,ZPP.3,ZTP,2MT.1,302,6FL,655",,,"Apr 19, 2010",550,,,,,,,,,,
A73 - Jerez Black Metallic,,NDSW - Black Extended Novillo Leather,2011,WBSKG9C5XBE368023,,E368023,"MSRP,ZCP,ZPP.1,ZTP,2MK,494,6FL,655,752",,,"Apr 19, 2010",550/1100,,,,,,,,,,
A73 - Jerez Black Metallic,,NDSW - Black Extended Novillo Leather,2011,WBSKG9C51BE368024,,E368024,"MSRP,ZCP,ZPP.3,ZTP,2MK,302,494,507,6FL,655,752",,,"Apr 19, 2010",550/1100,,,,,,,,,,
300 - Alpine White,,NCSW - Black Novillo Leather,2011,WBSKG9C53BE368025,,E368025,"MSRP,ZCP,ZPP.3,ZTP,2MK,302,403,494,6FL,655,752",,,"Apr 19, 2010",,,,,,,,,,,
A75 - Melbourne Red Metallic,,NCSW - Black Novillo Leather,2011,WBSKG9C55BE368026,,E368026,"MSRP,ZCP,ZPP.1,ZTP,2MK,403,507,6FL,655,752",,,"Apr 19, 2010",550,,,,,,,,,,
300 - Alpine White,,NCH3 - Beige Novillo Leather,2011,WBSKG9C57BE368027,,E368027,"MSRP,ZPP.2,ZTP,2MK,2MT.1,494,507,6FL,6NF,655,752",,,"Apr 19, 2010",,,,,,,,,,,
300 - Alpine White,,NDH2 - Fox Red Extended Leather,2011,WBSKG9C59BE368028,,E368028,"MSRP,ZCP,ZCW,ZPP.2,ZTP,6FL,6NF,752",,,"Apr 19, 2010",1100,,,,,,,,,,
A52 - Space Gray Metallic,,NCSW - Black Novillo Leather,2011,WBSKG9C50BE368029,,E368029,"MSRP,ZCP,ZPP.3,655",,,"Apr 19, 2010",550,,,,,,,,,,
300 - Alpine White,,NCSW - Black Novillo Leather,2011,WBSKG9C57BE368030,,E368030,"MSRP,ZPP.3,ZTP,2MK,2MT.1,494,507,6FL,6NF,655,752",,,"Apr 19, 2010",,,,,,,,,,,
300 - Alpine White,,NDSW - Black Extended Novillo Leather,2011,WBSKG9C59BE368031,,E368031,"MSRP,ZPP.3,ZTP,2MK,2MT.1,494,507,6FL,655,752",,,"Apr 20, 2010",1100,,,,,,,,,,
668 - Jet Black,,NCSW - Black Novillo Leather,2011,WBSKG9C50BE368032,,E368032,"MSRP,ZCP,ZPP.3,ZTP,302,403,494,6FL,6NF,655",,,"Apr 20, 2010",,,,,,,,,,,
A75 - Melbourne Red Metallic,,NCSW - Black Novillo Leather,2011,WBSKG9C52BE368033,,E368033,"MSRP,ZPP.1,ZTP,2MK,2MT.1,302,507,5AC,6FL",,,"Apr 20, 2010",550,,,,,,,,,,
A52 - Space Gray Metallic,,NDSW - Black Extended Novillo Leather,2011,WBSKG9C54BE368034,,E368034,"MSRP,ZCW,ZPP.1,ZTP,2MK,2MT.1,6FL,655,752",,,"Apr 20, 2010",550/1100,,,,,,,,,,
668 - Jet Black,,NCSW - Black Novillo Leather,2011,WBSKG9C56BE368035,,E368035,"MSRP,ZPP.3,ZTP,2MK,2MT.1,302,403,494,5AC,6FL,655,752",,,"Apr 20, 2010",,,,,,,,,,,
668 - Jet Black,,NCSW - Black Novillo Leather,2011,WBSKG9C58BE368036,,E368036,"MSRP,ZCW,ZPP.3,ZTP,302,507,6FL",,,"Apr 20, 2010",,,,,,,,,,,
668 - Jet Black,,NCSW - Black Novillo Leather,2011,WBSKG9C5XBE368037,,E368037,"MSRP,ZPP.3,ZTP,2MK,2MT.1,403,6FL,655,752",,,"Apr 20, 2010",,,,,,,,,,,
381 - Le Mans Blue Metallic,,NCSW - Black Novillo Leather,2011,WBSKG9C51BE368038,,E368038,"MSRP,ZCW,ZPP.3,ZTP,2MT.1,403,507,6FL,655,752",,,"Apr 20, 2010",550,,,,,,,,,,
A52 - Space Gray Metallic,,NCH1 - Silver Novillo Leather,2011,WBSKG9C53BE368039,,E368039,"MSRP,ZPP.2,ZTP,2MK,2MT.1,494,6FL,655",,,"Apr 20, 2010",550,,,,,,,,,,
668 - Jet Black,,NCSW - Black Novillo Leather,2011,WBSKG9C5XBE368040,,E368040,"MSRP,ZCP,ZPP.3,ZTP,2MK,494,6FL,6NF,655,752",,,"Apr 20, 2010",,,,,,,,,,,
668 - Jet Black,,NDSW - Black Extended Novillo Leather,2011,WBSKG9C51BE368041,,E368041,"MSRP,ZCW,ZPP.1,ZTP,2MK,2MT.1,302,507,5AC,6FL,6NF,655,752",,,"Apr 20, 2010",1100,,,,,,,,,,
668 - Jet Black,,NCSW - Black Novillo Leather,2011,WBSKG9C53BE368042,,E368042,"MSRP,ZPP.1,ZTP,2MT.1,302,403,494,6FL",,,"Apr 20, 2010",,,,,,,,,,,
,,NDH3 - Beige Novillo Extended Leather,2011,WBSKG9C55BE368043,,E368043,"MSRP,ZCW,ZPP.2,ZTP,2MK,2MT.1,302,403,507,6FL,6NF,655,752",,,"Apr 20, 2010",1100,,,,,,,,,,
A52 - Space Gray Metallic,,NCH2 - Fox Red Novillo Leather,2011,WBSKG9C57BE368044,,E368044,"MSRP,ZCW,ZPP.3,ZTP,302,403,507,6FL",,,"Apr 20, 2010",550,,,,,,,,,,
A52 - Space Gray Metallic,,NCH2 - Fox Red Novillo Leather,2011,WBSKG9C59BE368045,,E368045,"MSRP,ZPP.2,2MK,2MT.1,302,403,415,507",,,"Apr 20, 2010",550,,,,,,,,,,
300 - Alpine White,,NDH2 - Fox Red Extended Leather,2011,WBSKG9C50BE368046,,E368046,"MSRP,ZCP,ZCW,ZPP.1,ZTP,302,415,507,5AC,6FL,6NF,655,752",,,"Apr 23, 2010",1100,,,,,,,,,,
300 - Alpine White,,NDH2 - Fox Red Extended Leather,2011,WBSKG9C52BE368047,,E368047,"MSRP,ZCP,ZPP.3,ZTP,2MK,494,507,5AC,6FL,6NF,655,752",,,"Apr 23, 2010",1100,,,,,,,,,,
300 - Alpine White,,NCSW - Black Novillo Leather,2011,WBSKG9C54BE368048,,E368048,"MSRP,ZCW,ZPP.3,ZTP,2MK,302,507,6FL",,,"Apr 23, 2010",,,,,,,,,,,
300 - Alpine White,,NCH2 - Fox Red Novillo Leather,2011,WBSKG9C56BE368049,,E368049,"MSRP,ZCW,ZPP.3,ZTP,302,507,6FL",,,"Apr 23, 2010",,,,,,,,,,,
300 - Alpine White,,NCSW - Black Novillo Leather,2011,WBSKG9C52BE368050,,E368050,"MSRP,ZCW,ZPP.3,ZTP,2MT.1,302,415,507,6FL,655,752",,,"Apr 23, 2010",,,,,,,,,,,
300 - Alpine White,,NCSW - Black Novillo Leather,2011,WBSKG9C54BE368051,,E368051,"MSRP,ZCW,ZPP.1,ZTP,2MK,2MT.1,302,415,507,6FL,655,752",,,"Apr 23, 2010",,,,,,,,,,,
300 - Alpine White,,NCH2 - Fox Red Novillo Leather,2011,WBSKG9C56BE368052,,E368052,"MSRP,ZCW,ZPP.3,ZTP,302,6FL,655,752",,,"Apr 23, 2010",,,,,,,,,,,
300 - Alpine White,,NCSW - Black Novillo Leather,2011,WBSKG9C58BE368053,,E368053,"MSRP,ZCP,ZPP.3,ZTP,2MK,494,6FL,6NF,655",,,"Apr 23, 2010",,,,,,,,,,,
300 - Alpine White,,NDH2 - Fox Red Extended Leather,2011,WBSKG9C5XBE368054,,E368054,"MSRP,ZCP,ZCW,ZPP.3,ZTP,302,507,5AC,6FL,6NF,655,752",,,"Apr 23, 2010",1100,,,,,,,,,,
300 - Alpine White,,NCSW - Black Novillo Leather,2011,WBSKG9C51BE368055,,E368055,"MSRP,ZCW,ZPP.3,ZTP,2MK,2MT.1,302,6FL,655",,,"Apr 23, 2010",,,,,,,,,,,
300 - Alpine White,,NCSW - Black Novillo Leather,2011,WBSKG9C53BE368056,,E368056,"MSRP,ZCP,ZCW,ZPP.3,ZTP,2MK,302,6FL,6NF,655,752",,,"Apr 23, 2010",,,,,,,,,,,
300 - Alpine White,,NCSW - Black Novillo Leather,2011,WBSKG9C55BE368057,,E368057,"MSRP,ZCW,ZPP.1,ZTP,2MK,2MT.1,302,507,5AC,6FL,6NF,655,752",,,"Apr 23, 2010",,,,,,,,,,,
300 - Alpine White,,NCSW - Black Novillo Leather,2011,WBSKG9C57BE368058,,E368058,"MSRP,ZCW,ZPP.3,ZTP,2MK,2MT.1,507,5AC,6FL,6NF,655,752",,,"Apr 23, 2010",,,,,,,,,,,
300 - Alpine White,,NCSW - Black Novillo Leather,2011,WBSKG9C59BE368059,,E368059,"MSRP,ZCW,ZPP.3,ZTP,2MK,2MT.1,6FL,6NF,655,752",,,"Apr 23, 2010",,,,,,,,,,,
A52 - Space Gray Metallic,,NCSW - Black Novillo Leather,2011,WBSKG9C55BE368060,,E368060,"MSRP,ZPP.3,ZTP,2MK,2MT.1,494,6FL,655,752",,,"Apr 23, 2010",550,,,,,,,,,,
A30 - Interlagos Blue Metallic,,GEAT - Anthracite/Black Cloth & Leather,2011,WBSKG9C57BE368061,,E368061,"MSRP,ZCW,ZPP.3,2MK,302,322,6FL",,,"Apr 23, 2010",550,,,,,,,,,,
A30 - Interlagos Blue Metallic,,NCSW - Black Novillo Leather,2011,WBSKG9C59BE368062,,E368062,"MSRP,ZCP,ZPP.3,494,6FL,655",,,"Apr 23, 2010",550,,,,,,,,,,
300 - Alpine White,,NCSW - Black Novillo Leather,2011,WBSKG9C50BE368063,,E368063,"MSRP,ZCP,ZPP.3,ZTP,2MK,302",,,"Apr 24, 2010",,,,,,,,,,,
300 - Alpine White,,NDSW - Black Extended Novillo Leather,2011,WBSKG9C52BE368064,,E368064,"MSRP,ZCP,ZCW,ZPP.2,ZTP,2MK,302,403,507,5AC,6FL,6NF,655,752",,,"Apr 24, 2010",1100,,,,,,,,,,
668 - Jet Black,,NCSW - Black Novillo Leather,2011,WBSKG9C54BE368065,,E368065,"MSRP,ZPP.3,ZTP,2MT.1,302,403,494,507,5AC,6FL,655,752",,,"Apr 24, 2010",,,,,,,,,,,
A52 - Space Gray Metallic,,NDSW - Black Extended Novillo Leather,2011,WBSKG9C56BE368066,,E368066,"MSRP,ZCP,ZCW,ZPP.2,ZTP,2MK,302,507,6FL,6NF,655,752",,,"Apr 24, 2010",550/1100,,,,,,,,,,
A30 - Interlagos Blue Metallic,,NCH1 - Silver Novillo Leather,2011,WBSKG9C58BE368067,,E368067,"MSRP,ZCW,ZPP.1,ZTP,2MK,2MT.1,302,403,6FL,655,752",,,"Apr 24, 2010",550,,,,,,,,,,
A52 - Space Gray Metallic,,NCSW - Black Novillo Leather,2011,WBSKG9C5XBE368068,,E368068,"MSRP,ZCP,ZCW,ZPP.3,ZTP,2MK,302,415,507,6FL,655,752",,,"Apr 24, 2010",550,,,,,,,,,,
A52 - Space Gray Metallic,,NCSW - Black Novillo Leather,2011,WBSKG9C51BE368069,,E368069,"MSRP,ZCP,ZCW,ZPP.3,ZTP,2MK,302,507,6FL,6NF,655,752",,,"Apr 24, 2010",550,,,,,,,,,,
A29 - Silverstone Metallic II,,NCSW - Black Novillo Leather,2011,WBSKG9C58BE368070,,E368070,"MSRP,ZTP,2MK,302,494,4MY,507,655",,,"Apr 24, 2010",550/950,,,,,,,,,,
A29 - Silverstone Metallic II,,NCSW - Black Novillo Leather,2011,WBSKG9C5XBE368071,,E368071,"MSRP,ZPP.1,ZTP,2MK,2MT.1,6FL,655,752",,,"Apr 24, 2010",550,,,,,,,,,,
A52 - Space Gray Metallic,,NCSW - Black Novillo Leather,2011,WBSKG9C51BE368072,,E368072,"MSRP,ZTP,2MT.1,302,507,6FL,655,771",,,"Apr 24, 2010",550/950,,,,,,,,,,
300 - Alpine White,,NDH2 - Fox Red Extended Leather,2011,WBSKG9C53BE368073,,E368073,"MSRP,ZCP,ZPP.3,ZTP,2MK,302,494,6FL,655,752",,,"Apr 26, 2010",1100,,,,,,,,,,
U83 - Frozen Grey ,,NDSW - Black Extended Novillo Leather,2011,WBSKG9C55BE368074,,E368074,"MSRP,ZCP,ZCW,ZPP.3,ZTP,302,415,507,6FL,655,752",,,"Apr 28, 2010",1100,,CAN,,,,,,,,
X04 - Unknown Paint Code,,NCH2 - Fox Red Novillo Leather,2011,WBSKG9C57BE368075,,E368075,"MSRP,ZCW,ZPP.1,302,322,403,415,507,6FL,655,752",,,"Apr 29, 2010",,,,,,,,,,,
U91 - Frozen Black ,,Z1XX - Unknown Upholstery Code,2011,WBSKG9C59BE368076,,E368076,"MSRP,ZCW,ZPP.3,ZTP,2MK,2MT.1,302,415,507,6FL,655,752",,,"Apr 30, 2010",,,CAN,,,,,,,,
U91 - Frozen Black ,,Z1XX - Unknown Upholstery Code,2011,WBSKG9C50BE368077,,E368077,"MSRP,ZCW,ZPP.3,ZTP,2MK,2MT.1,302,415,507,6FL,655,752",,,"Apr 30, 2010",,,CAN,,,,,,,,
A73 - Jerez Black Metallic,,NCSW - Black Novillo Leather,2011,WBSKG9C52BE368078,,E368078,"MSRP,ZCP,494,4MZ,6FL,655",,,"Apr 26, 2010",550/950,,,,,,,,,,
A73 - Jerez Black Metallic,,NCSW - Black Novillo Leather,2011,WBSKG9C54BE368079,,E368079,"MSRP,ZPP.3,ZTP,2MT.1,403,6FL",,,"Apr 26, 2010",550,,,,,,,,,,
300 - Alpine White,,NCSW - Black Novillo Leather,2011,WBSKG9C50BE368080,,E368080,"MSRP,ZCP,ZPP.3,ZTP,2MK,302,494,6FL,655,752",,,"Apr 26, 2010",,,,,,,,,,,
300 - Alpine White,,NCSW - Black Novillo Leather,2011,WBSKG9C52BE368081,,E368081,"MSRP,ZPP.3,ZTP,2MK,2MT.1,302,403,494,6FL,6NF,655",,,"Apr 26, 2010",,,,,,,,,,,
300 - Alpine White,,NCH2 - Fox Red Novillo Leather,2011,WBSKG9C54BE368082,,E368082,"MSRP,ZCW,ZPP.3,ZTP,2MK,302,403,507,6FL",,,"Apr 26, 2010",,,,,,,,,,,
A73 - Jerez Black Metallic,,NCH2 - Fox Red Novillo Leather,2011,WBSKG9C56BE368083,,E368083,"MSRP,ZCP,ZTP,2MK,403,4MY,507,6FL,752",,,"Apr 26, 2010",550/950,,,,,,,,,,
A30 - Interlagos Blue Metallic,,NCSW - Black Novillo Leather,2011,WBSKG9C58BE368084,,E368084,"MSRP,ZCP,ZPP.1,ZTP,494,507,5AC,6FL",,,"Apr 26, 2010",550,,,,,,,,,,
300 - Alpine White,,NCSW - Black Novillo Leather,2011,WBSKG9C5XBE368085,,E368085,"MSRP,ZPP.2,ZTP,2MK,2MT.1,302,403,507,6FL,6NF,655,752",,,"Apr 26, 2010",,,,,,,,,,,
A30 - Interlagos Blue Metallic,,NCH3 - Beige Novillo Leather,2011,WBSKG9C51BE368086,,E368086,"MSRP,ZCP,ZTP,302,403,494,639,6FL,752,771",,,"Apr 27, 2010",550/950,,,,,,,,,,
A52 - Space Gray Metallic,,NCSW - Black Novillo Leather,2011,WBSKG9C53BE368087,,E368087,"MSRP,ZPP.1,ZTP,2MK,2MT.1,302,403,494,6FL",,,"Apr 27, 2010",550,,,,,,,,,,
A52 - Space Gray Metallic,,NCSW - Black Novillo Leather,2011,WBSKG9C55BE368088,,E368088,"MSRP,ZPP.2,ZTP,2MK,2MT.1,403,494,507,5AC,6FL,655,752",,,"Apr 26, 2010",550,,,,,,,,,,
A52 - Space Gray Metallic,,NCSW - Black Novillo Leather,2011,WBSKG9C57BE368089,,E368089,"MSRP,ZPP.3,ZTP,2MT.1,302,403,494,6FL,655,752",,,"Apr 26, 2010",550,,,,,,,,,,
668 - Jet Black,,NCSW - Black Novillo Leather,2011,WBSKG9C53BE368090,,E368090,"MSRP,ZPP.3,ZTP,2MK,2MT.1,302,494,6FL,655,752",,,"Apr 27, 2010",,,,,,,,,,,
A30 - Interlagos Blue Metallic,,NDSW - Black Extended Novillo Leather,2011,WBSKG9C55BE368091,,E368091,"MSRP,ZCP,ZPP.2,ZTP,2MK,302,494,507,5AC,6FL,6NF,655,752",,,"Apr 27, 2010",550/1100,,,,,,,,,,
300 - Alpine White,,NCSW - Black Novillo Leather,2011,WBSKG9C57BE368092,,E368092,"MSRP,2MK,4MY,6FL",,,"Apr 27, 2010",950,,,,,,,,,,
300 - Alpine White,,NCSW - Black Novillo Leather,2011,WBSKG9C59BE368093,,E368093,"MSRP,ZCW,ZPP.3,ZTP,2MK,2MT.1,403,6FL,752",,,"Apr 27, 2010",,,,,,,,,,,
300 - Alpine White,,NDH2 - Fox Red Extended Leather,2011,WBSKG9C50BE368094,,E368094,"MSRP,ZCW,ZPP.3,ZTP,2MT.1,403,6FL,6NF,655,752",,,"Apr 27, 2010",1100,,,,,,,,,,
A52 - Space Gray Metallic,,NCH2 - Fox Red Novillo Leather,2011,WBSKG9C52BE368095,,E368095,"MSRP,ZCW,ZPP.3,ZTP,2MT.1,302,403,415,507,6FL,655,752",,,"Apr 27, 2010",550,,,,,,,,,,
A52 - Space Gray Metallic,,NCSW - Black Novillo Leather,2011,WBSKG9C54BE368096,,E368096,"MSRP,ZPP.3,ZTP,2MK,2MT.1,403,494,6FL,655,752",,,"Apr 27, 2010",550,,,,,,,,,,
A29 - Silverstone Metallic II,,NCSW - Black Novillo Leather,2011,WBSKG9C56BE368097,,E368097,"MSRP,ZPP.1,ZTP,2MK,2MT.1,302,403,6FL,655,752",,,"Apr 28, 2010",550,,,,,,,,,,
A52 - Space Gray Metallic,,NCSW - Black Novillo Leather,2011,WBSKG9C58BE368098,,E368098,"MSRP,ZCW,ZPP.3,2MK,2MT.1,302,403,415,507,609,6FL,6NF,752",,,"Apr 28, 2010",550,,,,,,,,,,
A52 - Space Gray Metallic,,NDSW - Black Extended Novillo Leather,2011,WBSKG9C5XBE368099,,E368099,"MSRP,ZCP,ZCW,ZPP.3,ZTP,2MK,302,403,507,5AC,6FL,6NF,752",,,"Apr 28, 2010",550/1100,,,,,,,,,,
300 - Alpine White,,NCH2 - Fox Red Novillo Leather,2011,WBSKG9C52BE368100,,E368100,"MSRP,ZCP,ZPP.3,ZTP,302,6FL,655,752",,,"Apr 28, 2010",,,,,,,,,,,
300 - Alpine White,,NDH1 - Silver Novillo Extended Leather,2011,WBSKG9C54BE368101,,E368101,"MSRP,ZCW,ZPP.1,ZTP,2MK,2MT.1,302,415,507,6FL,655,752",,,"Apr 28, 2010",1100,,,,,,,,,,
300 - Alpine White,,NCSW - Black Novillo Leather,2011,WBSKG9C56BE368102,,E368102,"MSRP,ZCW,ZPP.3,ZTP,2MK,2MT.1,302,415,507,6FL,655,752",,,"Apr 28, 2010",,,,,,,,,,,
300 - Alpine White,,NDSW - Black Extended Novillo Leather,2011,WBSKG9C58BE368103,,E368103,"MSRP,ZCP,ZCW,ZPP.3,ZTP,6FL,655,752",,,"Apr 28, 2010",1100,,,,,,,,,,
668 - Jet Black,,NDSW - Black Extended Novillo Leather,2011,WBSKG9C5XBE368104,,E368104,"MSRP,ZCW,ZPP.3,ZTP,2MT.1,302,403,415,507,6FL,655,752",,,"Apr 28, 2010",1100,,,,,,,,,,
668 - Jet Black,,NCH2 - Fox Red Novillo Leather,2011,WBSKG9C51BE368105,,E368105,"MSRP,ZCW,ZPP.1,ZTP,2MK,403,507,6FL,655",,,"Apr 28, 2010",,,,,,,,,,,
668 - Jet Black,,NDH2 - Fox Red Extended Leather,2011,WBSKG9C53BE368106,,E368106,"MSRP,ZCW,ZPP.2,ZTP,2MK,2MT.1,302,403,507,6FL,6NF,655,752",,,"Apr 28, 2010",1100,,,,,,,,,,
300 - Alpine White,,NDH2 - Fox Red Extended Leather,2011,WBSKG9C55BE368107,,E368107,"MSRP,ZCP,ZPP.3,494,609,6FL,6NF,655",,,"Apr 28, 2010",1100,,,,,,,,,,
A73 - Jerez Black Metallic,,NDSW - Black Extended Novillo Leather,2011,WBSKG9C57BE368108,,E368108,"MSRP,ZCP,ZCW,ZPP.3,ZTP,2MK,403,507,6FL,655,752",,,"Apr 28, 2010",550/1100,,,,,,,,,,
300 - Alpine White,,NDH2 - Fox Red Extended Leather,2011,WBSKG9C59BE368109,,E368109,"MSRP,ZCW,ZPP.3,ZTP,2MK,2MT.1,302,415,507,6FL,655,752",,,"Apr 29, 2010",1100,,,,,,,,,,
300 - Alpine White,,NCSW - Black Novillo Leather,2011,WBSKG9C55BE368110,,E368110,"MSRP,ZCP,ZCW,ZPP.3,ZTP,2MK,302,415,507,6FL,655,752",,,"Apr 29, 2010",,,,,,,,,,,
A52 - Space Gray Metallic,,NCH2 - Fox Red Novillo Leather,2011,WBSKG9C57BE368111,,E368111,"MSRP,ZCP,ZCW,ZPP.1,ZTP,302,415,507,6FL,655,752",,,"Apr 29, 2010",550,,,,,,,,,,
A52 - Space Gray Metallic,,NCSW - Black Novillo Leather,2011,WBSKG9C59BE368112,,E368112,"MSRP,ZCP,ZPP.3,ZTP,2MK,494,6FL,655,752",,,"Apr 29, 2010",550,,,,,,,,,,
A52 - Space Gray Metallic,,NCSW - Black Novillo Leather,2011,WBSKG9C50BE368113,,E368113,"MSRP,ZPP.3,ZTP,2MK,2MT.1,6FL,655",,,"Apr 29, 2010",550,,,,,,,,,,
300 - Alpine White,,NCH2 - Fox Red Novillo Leather,2011,WBSKG9C52BE368114,,E368114,"MSRP,ZCP,ZPP.3,ZTP,2MK,507,6FL,655",,,"Apr 29, 2010",,,,,,,,,,,
A52 - Space Gray Metallic,,NCSW - Black Novillo Leather,2011,WBSKG9C54BE368115,,E368115,"MSRP,ZTP,403,415,494,639,6FL,6NF,752,771",,,"Apr 29, 2010",550/950,,,,,,,,,,
668 - Jet Black,,NCSW - Black Novillo Leather,2011,WBSKG9C56BE368116,,E368116,"MSRP,ZPP.1,2MK,2MT.1,494,6FL,655",,,"Apr 29, 2010",,,,,,,,,,,
300 - Alpine White,,NCH2 - Fox Red Novillo Leather,2011,WBSKG9C58BE368117,,E368117,"MSRP,ZCW,ZPP.3,2MT.1,302,322,6FL,655,752",,,"Apr 29, 2010",,,,,,,,,,,
668 - Jet Black,,NCH2 - Fox Red Novillo Leather,2011,WBSKG9C5XBE368118,,E368118,"MSRP,ZCP,ZPP.3,ZTP,2MK,302,403,494,6FL,655,752",,,"Apr 29, 2010",,,,,,,,,,,
A73 - Jerez Black Metallic,,NCH2 - Fox Red Novillo Leather,2011,WBSKG9C51BE368119,,E368119,"MSRP,2MK,2MT.1,302,4MY,6FL",,,"Apr 29, 2010",550/950,,,,,,,,,,
300 - Alpine White,,NCSW - Black Novillo Leather,2011,WBSKG9C58BE368120,,E368120,"MSRP,ZCW,ZPP.3,ZTP,2MK,302,507,6FL",,,"Apr 30, 2010",,,,,,,,,,,
300 - Alpine White,,NDH2 - Fox Red Extended Leather,2011,WBSKG9C5XBE368121,,E368121,"MSRP,ZPP.3,ZTP,2MK,494,507,6FL,6NF,752",,,"Apr 30, 2010",1100,,,,,,,,,,
300 - Alpine White,,NCH2 - Fox Red Novillo Leather,2011,WBSKG9C51BE368122,,E368122,"MSRP,ZCP,ZPP.3,ZTP,2MK,302,507,6FL",,,"Apr 30, 2010",,,,,,,,,,,
668 - Jet Black,,NCSW - Black Novillo Leather,2011,WBSKG9C53BE368123,,E368123,"MSRP,ZPP.1,ZTP,302,494,6FL,752",,,"Apr 30, 2010",,,,,,,,,,,
A73 - Jerez Black Metallic,,NCSW - Black Novillo Leather,2011,WBSKG9C55BE368124,,E368124,"MSRP,ZPP.3,494",,,"Apr 30, 2010",550,,,,,,,,,,
475 - Black Sapphire Metallic,,GEAT - Anthracite/Black Cloth & Leather,2011,WBSKG9C57BE368125,,E368125,"MSRP,302,322,494,609,6FL,6NF,6NR",,,"Apr 30, 2010",,,,,,,,,,,
300 - Alpine White,,NCSW - Black Novillo Leather,2011,WBSKG9C59BE368126,,E368126,"MSRP,ZPP.3,ZTP,2MT.1,6FL,6NF,752",,,"Apr 30, 2010",,,,,,,,,,,
A73 - Jerez Black Metallic,,NDSW - Black Extended Novillo Leather,2011,WBSKG9C50BE368127,,E368127,"MSRP,ZCP,ZCW,ZPP.1,ZTP,302,507,6FL,655,752",,,"Apr 30, 2010",550/1100,,,,,,,,,,
A73 - Jerez Black Metallic,,NDH3 - Beige Novillo Extended Leather,2011,WBSKG9C52BE368128,,E368128,"MSRP,ZCW,ZPP.3,ZTP,2MK,2MT.1,302,415,507,6FL,655,752",,,"Apr 30, 2010",550/1100,,,,,,,,,,
A75 - Melbourne Red Metallic,,GEAT - Anthracite/Black Cloth & Leather,2011,WBSKG9C54BE368129,,E368129,"MSRP,ZTP,2MK,2MT.1,771",,,"Apr 30, 2010",550,,,,,,,,,,
A73 - Jerez Black Metallic,,NDH2 - Fox Red Extended Leather,2011,WBSKG9C50BE368130,,E368130,"MSRP,ZCP,ZPP.3,ZTP,2MK,415,507,6FL,6NF,655,752",,,"Apr 30, 2010",550/1100,,,,,,,,,,
U83 - Frozen Grey ,,NCH5 - Fox Red/Black Novillo Leather,2011,WBSKG9C52BE368131,,E368131,"MSRP,ZCP,ZPP.3,ZTP,2MK,494,507,6FL,655,752",,,"May 3, 2010",,,,,,,,,,,
U83 - Frozen Grey ,,NCH5 - Fox Red/Black Novillo Leather,2011,WBSKG9C54BE368132,,E368132,"MSRP,ZCP,ZPP.3,ZTP,2MK,494,507,6FL,655,752",,,"May 3, 2010",,,,,,,,,,,
U83 - Frozen Grey ,,NCH5 - Fox Red/Black Novillo Leather,2011,WBSKG9C56BE368133,,E368133,"MSRP,ZCP,ZPP.3,ZTP,2MK,494,507,6FL,655,752",,,"May 4, 2010",,,,,,,,,,,
U83 - Frozen Grey ,,NCH5 - Fox Red/Black Novillo Leather,2011,WBSKG9C58BE368134,,E368134,"MSRP,ZCP,ZPP.3,ZTP,2MK,494,507,6FL,655,752",,,"May 4, 2010",,,,,,,,,,,
U83 - Frozen Grey ,,NCH5 - Fox Red/Black Novillo Leather,2011,WBSKG9C5XBE368135,,E368135,"MSRP,ZCP,ZPP.3,ZTP,2MK,494,507,6FL,655,752",,,"May 5, 2010",,,,,,,,,,,
U91 - Frozen Black ,,Z1XX - Unknown Upholstery Code,2011,WBSKG9C51BE368136,,E368136,"MSRP,ZCW,ZPP.3,ZTP,2MK,2MT.1,302,415,507,6FL,655,752",,,"May 6, 2010",,,CAN,,,,,,,,
300 - Alpine White,,GEAT - Anthracite/Black Cloth & Leather,2011,WBSKG9C53BE368137,,E368137,"MSRP,507,771",,,"May 3, 2010",,,,,,,,,,,
668 - Jet Black,,NCSW - Black Novillo Leather,2011,WBSKG9C55BE368138,,E368138,"MSRP,ZCW,ZPP.3,ZTP,2MT.1,302,415,507,6FL,655,752",,,"May 3, 2010",,,,,,,,,,,
668 - Jet Black,,NCH3 - Beige Novillo Leather,2011,WBSKG9C57BE368139,,E368139,"MSRP,ZCP,ZPP.1,ZTP,403,6FL,6NF",,,"May 3, 2010",,,,,,,,,,,
A30 - Interlagos Blue Metallic,,NCSW - Black Novillo Leather,2011,WBSKG9C53BE368140,,E368140,"MSRP,ZCP,ZPP.3,ZTP,507,6FL,6NF,655,752",,,"May 3, 2010",550,,,,,,,,,,
300 - Alpine White,,NCSW - Black Novillo Leather,2011,WBSKG9C55BE368141,,E368141,"MSRP,ZCP,ZCW,ZPP.3,ZTP,2MK,6FL,6NF,655,752",,,"May 3, 2010",,,,,,,,,,,
668 - Jet Black,,NCH2 - Fox Red Novillo Leather,2011,WBSKG9C57BE368142,,E368142,"MSRP,ZCP,ZPP.3,302",,,"May 3, 2010",,,,,,,,,,,
A52 - Space Gray Metallic,,NCH2 - Fox Red Novillo Leather,2011,WBSKG9C59BE368143,,E368143,"MSRP,ZCP,ZCW,ZPP.3,ZTP,2MK,302,6FL,655,752",,,"May 3, 2010",550,,,,,,,,,,
300 - Alpine White,,NCSW - Black Novillo Leather,2011,WBSKG9C50BE368144,,E368144,"MSRP,ZCP,ZCW,ZPP.3,ZTP,6FL,752",,,"May 3, 2010",,,,,,,,,,,
A52 - Space Gray Metallic,,GEAT - Anthracite/Black Cloth & Leather,2011,WBSKG9C52BE368145,,E368145,"MSRP,ZCP,771",,,"May 4, 2010",550,,,,,,,,,,
300 - Alpine White,,NCSW - Black Novillo Leather,2011,WBSKG9C54BE368146,,E368146,"MSRP,ZCW,ZPP.3,ZTP,2MK,2MT.1,302,415,507,6FL,655,752",,,"May 4, 2010",,,,,,,,,,,
300 - Alpine White,,NCSW - Black Novillo Leather,2011,WBSKG9C56BE368147,,E368147,"MSRP,ZCW,ZPP.3,ZTP,2MK,2MT.1,302,415,507,6FL,655,752",,,"May 4, 2010",,,,,,,,,,,
300 - Alpine White,,NCSW - Black Novillo Leather,2011,WBSKG9C58BE368148,,E368148,"MSRP,ZCW,ZPP.3,ZTP,2MK,2MT.1,302,415,507,6FL,655,752",,,"May 4, 2010",,,,,,,,,,,
668 - Jet Black,,NCSW - Black Novillo Leather,2011,WBSKG9C5XBE368149,,E368149,"MSRP,ZCW,ZPP.3,ZTP,2MT.1,302,415,507,6FL,655,752",,,"May 4, 2010",,,,,,,,,,,
668 - Jet Black,,NCSW - Black Novillo Leather,2011,WBSKG9C56BE368150,,E368150,"MSRP,ZCW,ZPP.3,ZTP,2MT.1,302,415,507,6FL,655,752",,,"May 4, 2010",,,,,,,,,,,
300 - Alpine White,,NCSW - Black Novillo Leather,2011,WBSKG9C58BE368151,,E368151,"MSRP,ZCW,ZPP.3,ZTP,2MK,2MT.1,302,415,507,6FL,655,752",,,"May 4, 2010",,,,,,,,,,,
A52 - Space Gray Metallic,,NCH2 - Fox Red Novillo Leather,2011,WBSKG9C5XBE368152,,E368152,"MSRP,ZPP.2,2MT.1,609,6FL,752",,,"May 5, 2010",550,,,,,,,,,,
300 - Alpine White,,NCH3 - Beige Novillo Leather,2011,WBSKG9C51BE368153,,E368153,"MSRP,ZPP.3,2MK,302,494,507,609,6FL,863",,,"May 5, 2010",,,,,,,,,,,
300 - Alpine White,,NDSW - Black Extended Novillo Leather,2011,WBSKG9C53BE368154,,E368154,"MSRP,ZCP,ZCW,ZPP.1,ZTP,2MK,302,6FL",,,"May 5, 2010",1100,,,,,,,,,,
A29 - Silverstone Metallic II,,GEAT - Anthracite/Black Cloth & Leather,2011,WBSKG9C55BE368155,,E368155,"MSRP,639,6FL,655,771",,,"May 5, 2010",550,,,,,,,,,,
A75 - Melbourne Red Metallic,,GEAT - Anthracite/Black Cloth & Leather,2011,WBSKG9C57BE368156,,E368156,"MSRP,ZCW,ZPP.3,ZTP,2MK,302,415,507,6FL,655,752",,,"May 5, 2010",550,,,,,,,,,,
668 - Jet Black,,NCSW - Black Novillo Leather,2011,WBSKG9C59BE368157,,E368157,"MSRP,ZCW,ZPP.3,ZTP,302,403,507,6FL,655,752",,,"May 5, 2010",,,,,,,,,,,
A29 - Silverstone Metallic II,,NCSW - Black Novillo Leather,2011,WBSKG9C50BE368158,,E368158,"MSRP,ZCW,ZPP.1,2MT.1,302,322,507,6FL,655,752",,,"May 5, 2010",550,,,,,,,,,,
A73 - Jerez Black Metallic,,NDSW - Black Extended Novillo Leather,2011,WBSKG9C52BE368159,,E368159,"MSRP,ZCP,ZCW,ZPP.3,ZTP,2MK,302,403,415,507,5AC,6FL,6NF,655,752",,,"May 5, 2010",550/1100,,,,,,,,,,
A73 - Jerez Black Metallic,,NDH3 - Beige Novillo Extended Leather,2011,WBSKG9C59BE368160,,E368160,"MSRP,ZCW,ZPP.3,ZTP,2MK,2MT.1,302,415,507,6FL,655,752",,,"May 5, 2010",550/1100,,,,,,,,,,
A73 - Jerez Black Metallic,,NCSW - Black Novillo Leather,2011,WBSKG9C50BE368161,,E368161,"MSRP,ZCP,ZCW,ZPP.3,ZTP,302,403,415,507,6FL,655,752",,,"May 5, 2010",550,,,,,,,,,,
A29 - Silverstone Metallic II,,NCSW - Black Novillo Leather,2011,WBSKG9C52BE368162,,E368162,"MSRP,ZCP,ZPP.3,ZTP,302,507,6FL,655,752",,,"May 5, 2010",550,,,,,,,,,,
A29 - Silverstone Metallic II,,GEAT - Anthracite/Black Cloth & Leather,2011,WBSKG9C54BE368163,,E368163,"MSRP,ZTP,2MT.1,302,6FL,771,863",,,"May 7, 2010",550,,,,,,,,,,
A73 - Jerez Black Metallic,,NDSW - Black Extended Novillo Leather,2011,WBSKG9C56BE368164,,E368164,"MSRP,ZCW,ZPP.3,ZTP,2MT.1,302,415,507,6FL,655,752",,,"May 5, 2010",550/1100,,,,,,,,,,
A73 - Jerez Black Metallic,,NCSW - Black Novillo Leather,2011,WBSKG9C58BE368165,,E368165,"MSRP,ZCW,ZPP.3,ZTP,2MT.1,302,415,507,6FL,655,752",,,"May 6, 2010",550,,,,,,,,,,
300 - Alpine White,,NDH1 - Silver Novillo Extended Leather,2011,WBSKG9C5XBE368166,,E368166,"MSRP,ZPP.3,ZTP,2MT.1,302,494,507,6FL,752",,,"May 6, 2010",1100,,,,,,,,,,
A29 - Silverstone Metallic II,,NDH2 - Fox Red Extended Leather,2011,WBSKG9C51BE368167,,E368167,"MSRP,ZCW,ZPP.3,ZTP,2MT.1,302,5AC,6FL,6NF,655,752",,,"May 6, 2010",550/1100,,,,,,,,,,
337 - Dakar Yellow 2,,NCSW - Black Novillo Leather,2011,WBSKG9C53BE368168,,E368168,"MSRP,ZPP.3,ZTP,2MK,2MT.1,302,403,507,6FL,6NF,655,752",,,"May 10, 2010",,,,,,,,,,,
U83 - Frozen Grey ,,NCH5 - Fox Red/Black Novillo Leather,2011,WBSKG9C55BE368169,,E368169,"MSRP,ZCP,ZPP.3,ZTP,2MK,494,507,6FL,655,752",,,"May 11, 2010",,,,,,,,,,,
354 - Titanium Silver Metallic,,NDH1 - Silver Novillo Extended Leather,2011,WBSKG9C51BE368170,,E368170,"MSRP,ZCP,ZCW,ZPP.1,ZTP,2MK,302,403,415,507,6FL,6NF,655,752",,,"May 12, 2010",1100,,,,,,,,,,
300 - Alpine White,,NCH2 - Fox Red Novillo Leather,2011,WBSKG9C53BE368171,,E368171,"MSRP,ZPP.3,ZTP,2MK,6FL",,,"May 6, 2010",,,,,,,,,,,
381 - Le Mans Blue Metallic,,NCH3 - Beige Novillo Leather,2011,WBSKG9C55BE368172,,E368172,"MSRP,ZCP,ZCW,ZPP.3,ZTP,302,507,6FL,752",,,"May 6, 2010",550,,,,,,,,,,
300 - Alpine White,,GEAT - Anthracite/Black Cloth & Leather,2011,WBSKG9C57BE368173,,E368173,"MSRP,771",,,"May 6, 2010",,,,,,,,,,,
668 - Jet Black,,NCSW - Black Novillo Leather,2011,WBSKG9C59BE368174,,E368174,"MSRP,ZCW,ZPP.3,ZTP,2MK,302,403,6FL,655,752",,,"May 6, 2010",,,,,,,,,,,
A52 - Space Gray Metallic,,NCH3 - Beige Novillo Leather,2011,WBSKG9C50BE368175,,E368175,"MSRP,ZCW,ZPP.3,ZTP,2MK,302,403,415,507,6FL,655,752",,,"May 6, 2010",550,,,,,,,,,,
668 - Jet Black,,NCH2 - Fox Red Novillo Leather,2011,WBSKG9C52BE368176,,E368176,"MSRP,ZCW,ZPP.1,ZTP,2MK,2MT.1,302,415,507,6FL,655,752",,,"May 6, 2010",,,,,,,,,,,
A52 - Space Gray Metallic,,NCH2 - Fox Red Novillo Leather,2011,WBSKG9C54BE368177,,E368177,"MSRP,ZPP.2,302,403,415,6FL",,,"May 6, 2010",550,,,,,,,,,,
300 - Alpine White,,NCSW - Black Novillo Leather,2011,WBSKG9C56BE368178,,E368178,"MSRP,ZPP.3,ZTP,6FL",,,"May 6, 2010",,,,,,,,,,,
300 - Alpine White,,NCSW - Black Novillo Leather,2011,WBSKG9C58BE368179,,E368179,"MSRP,ZPP.2,ZTP,2MK,2MT.1,302,494,507,6FL,6NF,655,752",,,"May 6, 2010",,,,,,,,,,,
A52 - Space Gray Metallic,,NDH2 - Fox Red Extended Leather,2011,WBSKG9C54BE368180,,E368180,"MSRP,ZCW,ZPP.3,ZTP,2MK,2MT.1,302,415,507,5AC,6FL,655,752",,,"May 7, 2010",550/1100,,,,,,,,,,
300 - Alpine White,,NDH2 - Fox Red Extended Leather,2011,WBSKG9C56BE368181,,E368181,"MSRP,ZCP,ZCW,ZPP.3,ZTP,2MK,507,6FL,752,863",,,"May 7, 2010",1100,,,,,,,,,,
A96 - Mineral White Met.,,NDH1 - Silver Novillo Extended Leather,2011,WBSKG9C58BE368182,,E368182,"MSRP,ZCW,ZPP.1,ZTP,2MT.1,415,5AC,6FL,6NF",,,"Jun 16, 2010",1100,,,,,,,,,,
A96 - Mineral White Met.,,NDH2 - Fox Red Extended Leather,2011,WBSKG9C5XBE368183,,E368183,"MSRP,ZPP.3,ZTP,2MK,2MT.1,415,494,5AC,6FL,6NF",,,"Jun 18, 2010",1100,,,,,,,,,,
A75 - Melbourne Red Metallic,,NCH2 - Fox Red Novillo Leather,2011,WBSKG9C51BE368184,,E368184,"MSRP,ZPP.1,2MT.1,302,415,6FL",,,"May 7, 2010",550,,,,,,,,,,
300 - Alpine White,,NCSW - Black Novillo Leather,2011,WBSKG9C53BE368185,,E368185,"MSRP,ZCW,ZPP.3,ZTP,2MK,2MT.1,302,507,5AC,6FL,6NF,655,752",,,"May 7, 2010",,,,,,,,,,,
A73 - Jerez Black Metallic,,NCSW - Black Novillo Leather,2011,WBSKG9C55BE368186,,E368186,"MSRP,ZCP,ZPP.3,ZTP,2MK,403,415,494,507,5AC,6FL,655,752",,,"May 7, 2010",550,,,,,,,,,,
A73 - Jerez Black Metallic,,NCSW - Black Novillo Leather,2011,WBSKG9C57BE368187,,E368187,"MSRP,ZPP.3,ZTP,2MK,2MT.1,403,494,6FL,655,752",,,"May 7, 2010",550,,,,,,,,,,
A73 - Jerez Black Metallic,,NCH3 - Beige Novillo Leather,2011,WBSKG9C59BE368188,,E368188,"MSRP,ZPP.3,ZTP,2MK,2MT.1,403,494,6FL,655,752",,,"May 7, 2010",550,,,,,,,,,,
A75 - Melbourne Red Metallic,,NDH3 - Beige Novillo Extended Leather,2011,WBSKG9C50BE368189,,E368189,"MSRP,ZTP,302,403,415,4MZ,6FL",,,"May 7, 2010",550/2000,,,,,,,,,,
A73 - Jerez Black Metallic,,NCSW - Black Novillo Leather,2011,WBSKG9C57BE368190,,E368190,"MSRP,ZCW,ZPP.3,ZTP,2MT.1,302,403,507,6FL,655,752",,,"May 7, 2010",550,,,,,,,,,,
A73 - Jerez Black Metallic,,NCH2 - Fox Red Novillo Leather,2011,WBSKG9C59BE368191,,E368191,"MSRP,ZCW,ZPP.3,ZTP,302,507,6FL,6NF,655,752",,,"May 8, 2010",550,,,,,,,,,,
300 - Alpine White,,NCH2 - Fox Red Novillo Leather,2011,WBSKG9C50BE368192,,E368192,"MSRP,ZCP,ZPP.3,ZTP,2MK,302,494,507,6FL,655",,,"May 8, 2010",,,,,,,,,,,
A73 - Jerez Black Metallic,,NCSW - Black Novillo Leather,2011,WBSKG9C52BE368193,,E368193,"MSRP,ZPP.3,ZTP,2MK,2MT.1,302,403,494,507,6FL,6NF,655,752",,,"May 8, 2010",550,,,,,,,,,,
A73 - Jerez Black Metallic,,NCSW - Black Novillo Leather,2011,WBSKG9C54BE368194,,E368194,"MSRP,ZPP.3,ZTP,2MK,2MT.1,302,494,6FL,655,752",,,"May 8, 2010",550,,,,,,,,,,
A75 - Melbourne Red Metallic,,NCH1 - Silver Novillo Leather,2011,WBSKG9C56BE368195,,E368195,"MSRP,ZCW,ZPP.3,ZTP,2MK,302,507,6FL,655,752",,,"May 8, 2010",550,,,,,,,,,,
381 - Le Mans Blue Metallic,,NCSW - Black Novillo Leather,2011,WBSKG9C58BE368196,,E368196,"MSRP,ZCP,ZPP.3,ZTP,2MK,403,415,494,6FL,752",,,"May 10, 2010",550,,,,,,,,,,
A52 - Space Gray Metallic,,NDSW - Black Extended Novillo Leather,2011,WBSKG9C5XBE368197,,E368197,"MSRP,ZCP,ZPP.3,403,609,6FL,6NF",,,"May 10, 2010",1100,,,,,,,,,,
381 - Le Mans Blue Metallic,,NCSW - Black Novillo Leather,2011,WBSKG9C51BE368198,,E368198,"MSRP,ZCP,ZCW,ZPP.3,302,322,6FL",,,"May 10, 2010",550,,,,,,,,,,
300 - Alpine White,,NCH2 - Fox Red Novillo Leather,2011,WBSKG9C53BE368199,,E368199,"MSRP,ZCP,2MK,771",,,"May 10, 2010",950,,,,,,,,,,
300 - Alpine White,,NCSW - Black Novillo Leather,2011,WBSKG9C56BE368200,,E368200,"MSRP,2MK,639,6FL,771",,,"May 10, 2010",950,,,,,,,,,,
300 - Alpine White,,GEAT - Anthracite/Black Cloth & Leather,2011,WBSKG9C58BE368201,,E368201,"MSRP,ZCP,ZPP.3,494,6FL",,,"May 10, 2010",,,,,,,,,,,
300 - Alpine White,,NDSW - Black Extended Novillo Leather,2011,WBSKG9C5XBE368202,,E368202,"MSRP,ZCP,ZCW,ZPP.3,ZTP,302,507,6FL,6NF,752",,,"May 10, 2010",1100,,,,,,,,,,
381 - Le Mans Blue Metallic,,NCH1 - Silver Novillo Leather,2011,WBSKG9C51BE368203,,E368203,"MSRP,ZCP,ZPP.3,ZTP,302,403,494,6FL,655,752",,,"May 10, 2010",550,,,,,,,,,,
A52 - Space Gray Metallic,,NCSW - Black Novillo Leather,2011,WBSKG9C53BE368204,,E368204,"MSRP,ZCP,ZCW,ZPP.3,ZTP,302,507,6FL,6NF,752,863",,,"May 10, 2010",550,,,,,,,,,,
A73 - Jerez Black Metallic,,NDH1 - Silver Novillo Extended Leather,2011,WBSKG9C55BE368205,,E368205,"MSRP,ZCP,ZPP.2,ZTP,2MK,302,403,415,507",,,"May 10, 2010",550/1100,,,,,,,,,,
300 - Alpine White,,NCH2 - Fox Red Novillo Leather,2011,WBSKG9C57BE368206,,E368206,"MSRP,ZCP,ZCW,ZPP.3,ZTP,2MK,302,507,6FL,655,752",,,"May 10, 2010",,,,,,,,,,,
668 - Jet Black,,NDH2 - Fox Red Extended Leather,2011,WBSKG9C59BE368207,,E368207,"MSRP,ZPP.3,ZTP,2MK,2MT.1,302,494,5AC,6FL,655,752",,,"May 10, 2010",1100,,,,,,,,,,
A73 - Jerez Black Metallic,,NCSW - Black Novillo Leather,2011,WBSKG9C50BE368208,,E368208,"MSRP,ZCW,ZPP.3,ZTP,2MK,2MT.1,302,403,507,6FL,6NF,655,752",,,"May 10, 2010",550,,,,,,,,,,
668 - Jet Black,,NCSW - Black Novillo Leather,2011,WBSKG9C52BE368209,,E368209,"MSRP,ZCP,ZCW,ZPP.3,ZTP,2MK,302,6FL,6NF,655,752",,,"May 10, 2010",,,,,,,,,,,
381 - Le Mans Blue Metallic,,NCSW - Black Novillo Leather,2011,WBSKG9C59BE368210,,E368210,"MSRP,ZCP,ZPP.3,ZTP,2MK,302,494,6FL",,,"May 10, 2010",550,,,,,,,,,,
381 - Le Mans Blue Metallic,,NCSW - Black Novillo Leather,2011,WBSKG9C50BE368211,,E368211,"MSRP,ZCW,ZPP.3,ZTP,302,415,507,6FL,655,752",,,"May 11, 2010",550,,,,,,,,,,
300 - Alpine White,,NCSW - Black Novillo Leather,2011,WBSKG9C52BE368212,,E368212,"MSRP,ZCP,ZPP.3,2MK,507,6FL",,,"May 11, 2010",,,,,,,,,,,
300 - Alpine White,,NDH2 - Fox Red Extended Leather,2011,WBSKG9C54BE368213,,E368213,"MSRP,ZPP.3,ZTP,2MK,2MT.1,302,415,494,507,6FL,6NF,655,752",,,"May 11, 2010",1100,,,,,,,,,,
A52 - Space Gray Metallic,,NDSW - Black Extended Novillo Leather,2011,WBSKG9C56BE368214,,E368214,"MSRP,ZCP,ZPP.3,ZTP,2MK,415,494,507,6FL,6NF,655,752",,,"May 11, 2010",550/1100,,,,,,,,,,
668 - Jet Black,,NCSW - Black Novillo Leather,2011,WBSKG9C58BE368215,,E368215,"MSRP,ZCP,ZCW,ZPP.3,ZTP,2MK,302,403,6FL,655,752",,,"May 11, 2010",,,,,,,,,,,
668 - Jet Black,,NDSW - Black Extended Novillo Leather,2011,WBSKG9C5XBE368216,,E368216,"MSRP,ZCP,ZCW,ZPP.3,ZTP,2MK,415,507,5AC,6FL,655,752",,,"May 11, 2010",1100,,,,,,,,,,
668 - Jet Black,,NCSW - Black Novillo Leather,2011,WBSKG9C51BE368217,,E368217,"MSRP,ZPP.3,ZTP,494",,,"May 11, 2010",,,,,,,,,,,
668 - Jet Black,,NCSW - Black Novillo Leather,2011,WBSKG9C53BE368218,,E368218,"MSRP,ZCW,ZPP.3,ZTP,2MT.1,302,403,6FL,655,752",,,"May 11, 2010",,,,,,,,,,,
A52 - Space Gray Metallic,,NCSW - Black Novillo Leather,2011,WBSKG9C55BE368219,,E368219,"MSRP,ZCP,ZPP.1,ZTP,2MK,6FL,6NF",,,"May 11, 2010",550,,,,,,,,,,
300 - Alpine White,,NDSW - Black Extended Novillo Leather,2011,WBSKG9C51BE368220,,E368220,"MSRP,ZCW,ZPP.3,ZTP,2MT.1,302,403,507,5AC,6FL,6NF,752",,,"May 11, 2010",1100,,,,,,,,,,
300 - Alpine White,,NCH2 - Fox Red Novillo Leather,2011,WBSKG9C53BE368221,,E368221,"MSRP,ZPP.1,ZTP,403,507,6FL,655",,,"May 11, 2010",,,,,,,,,,,
300 - Alpine White,,NCH2 - Fox Red Novillo Leather,2011,WBSKG9C55BE368222,,E368222,"MSRP,2MK,403,494,609,639,771",,,"May 11, 2010",950,,,,,,,,,,
A52 - Space Gray Metallic,,NCSW - Black Novillo Leather,2011,WBSKG9C57BE368223,,E368223,"MSRP,ZCP,ZPP.3,ZTP,2MK,302,494,507,6FL,655",,,"May 11, 2010",550,,,,,,,,,,
A52 - Space Gray Metallic,,NCSW - Black Novillo Leather,2011,WBSKG9C59BE368224,,E368224,"MSRP,ZCP,ZPP.3,ZTP,302,494,6FL,655,752",,,"May 11, 2010",550,,,,,,,,,,
A52 - Space Gray Metallic,,NCSW - Black Novillo Leather,2011,WBSKG9C50BE368225,,E368225,"MSRP,ZCP,ZPP.3,ZTP,2MK,494,507,6FL,655,752",,,"May 11, 2010",550,,,,,,,,,,
A52 - Space Gray Metallic,,NCH2 - Fox Red Novillo Leather,2011,WBSKG9C52BE368226,,E368226,"MSRP,ZCP,ZCW,ZPP.3,ZTP,2MK,415,507,5AC,752,863",,,"May 12, 2010",550,,,,,,,,,,
300 - Alpine White,,NCSW - Black Novillo Leather,2011,WBSKG9C54BE368227,,E368227,"MSRP,ZPP.3,ZTP,2MK,2MT.1,494,507,6FL,655,752",,,"May 12, 2010",,,,,,,,,,,
U83 - Frozen Grey ,,NCSW - Black Novillo Leather,2011,WBSKG9C56BE368228,,E368228,"MSRP,ZCW,ZPP.3,ZTP,2MK,2MT.1,302,415,507,6FL,655,752",,,"May 18, 2010",,,,,,,,,,,
U83 - Frozen Grey ,,NCSW - Black Novillo Leather,2011,WBSKG9C58BE368229,,E368229,"MSRP,ZCW,ZPP.3,2MT.1,302,322,6FL,655,752",,,"May 18, 2010",,,,,,,,,,,
299 - Techno Violet Metallic,,NCSW - Black Novillo Leather,2011,WBSKG9C54BE368230,,E368230,"MSRP,ZCW,ZPP.1,ZTP,2MK,2MT.1,302,415,507,6FL,655,752",,,"May 18, 2010",,,,,,,,,,,
U83 - Frozen Grey ,,NCSW - Black Novillo Leather,2011,WBSKG9C56BE368231,,E368231,"MSRP,ZCW,ZPP.1,ZTP,2MT.1,302,403,415,507,6FL,655,752",,,"May 19, 2010",,,,,,,,,,,
300 - Alpine White,,NCSW - Black Novillo Leather,2011,WBSKG9C58BE368232,,E368232,"MSRP,ZCW,ZPP.3,ZTP,2MK,2MT.1,302,415,507,6FL,655,752",,,"May 12, 2010",,,,,,,,,,,
A30 - Interlagos Blue Metallic,,NCSW - Black Novillo Leather,2011,WBSKG9C5XBE368233,,E368233,"MSRP,ZCP,ZPP.3,ZTP,2MK,507,6FL,752",,,"May 12, 2010",550,,,,,,,,,,
A30 - Interlagos Blue Metallic,,NCSW - Black Novillo Leather,2011,WBSKG9C51BE368234,,E368234,"MSRP,ZCP,ZCW,ZPP.3,2MK,403,609,6FL,655",,,"May 12, 2010",550,,,,,,,,,,
300 - Alpine White,,NCSW - Black Novillo Leather,2011,WBSKG9C53BE368235,,E368235,"MSRP,ZCW,ZPP.3,ZTP,2MK,2MT.1,302,415,507,6FL,655,752",,,"May 12, 2010",,,,,,,,,,,
300 - Alpine White,,NCSW - Black Novillo Leather,2011,WBSKG9C55BE368236,,E368236,"MSRP,ZCW,ZPP.3,ZTP,2MK,2MT.1,302,415,507,6FL,655,752",,,"May 12, 2010",,,,,,,,,,,
300 - Alpine White,,NCSW - Black Novillo Leather,2011,WBSKG9C57BE368237,,E368237,"MSRP,ZCP,ZPP.3,ZTP,2MK,494,507,6FL,6NF,655,752",,,"May 12, 2010",,,,,,,,,,,
300 - Alpine White,,NCH3 - Beige Novillo Leather,2011,WBSKG9C59BE368238,,E368238,"MSRP,ZCP,ZPP.3,ZTP,2MK,302,403,507,6FL,6NF,655,752",,,"May 12, 2010",,,,,,,,,,,
300 - Alpine White,,NDSW - Black Extended Novillo Leather,2011,WBSKG9C50BE368239,,E368239,"MSRP,ZCP,ZPP.3,ZTP,2MK,302,494,6FL,655,752",,,"May 12, 2010",1100,,,,,,,,,,
A52 - Space Gray Metallic,,NCH2 - Fox Red Novillo Leather,2011,WBSKG9C57BE368240,,E368240,"MSRP,ZCP,ZCW,ZPP.3,ZTP,403,507,6FL,655,752",,,"May 12, 2010",550,,,,,,,,,,
300 - Alpine White,,NCSW - Black Novillo Leather,2011,WBSKG9C59BE368241,,E368241,"MSRP,ZCP,ZCW,ZPP.3,ZTP,2MK,302,507,6FL,6NF,655,752",,,"May 12, 2010",,,,,,,,,,,
A75 - Melbourne Red Metallic,,NCH3 - Beige Novillo Leather,2011,WBSKG9C50BE368242,,E368242,"MSRP,ZPP.3,ZTP,2MK,2MT.1,752",,,"May 14, 2010",550,,,,,,,,,,
A29 - Silverstone Metallic II,,NCSW - Black Novillo Leather,2011,WBSKG9C52BE368243,,E368243,"MSRP,ZCP,ZPP.3,ZTP,2MK,302,415,494,507,6FL,655,752",,,"May 14, 2010",550,,,,,,,,,,
A73 - Jerez Black Metallic,,NCH3 - Beige Novillo Leather,2011,WBSKG9C54BE368244,,E368244,"MSRP,ZCW,ZPP.2,ZTP,2MT.1,302,403,415,6FL,6NF,752",,,"May 14, 2010",550,,,,,,,,,,
A52 - Space Gray Metallic,,NCSW - Black Novillo Leather,2011,WBSKG9C56BE368245,,E368245,"MSRP,ZPP.1,ZTP,2MK,6FL,863",,,"May 14, 2010",550,,,,,,,,,,
A73 - Jerez Black Metallic,,NDH3 - Beige Novillo Extended Leather,2011,WBSKG9C58BE368246,,E368246,"MSRP,ZCW,ZPP.3,ZTP,2MK,2MT.1,302,403,415,507,6FL,6NF,655,752",,,"May 14, 2010",550/1100,,,,,,,,,,
300 - Alpine White,,NCH2 - Fox Red Novillo Leather,2011,WBSKG9C5XBE368247,,E368247,"MSRP,ZCP,ZPP.3,ZTP,2MK,302,494,507,6FL,6NF,655,752",,,"May 14, 2010",,,,,,,,,,,
A29 - Silverstone Metallic II,,NDH1 - Silver Novillo Extended Leather,2011,WBSKG9C51BE368248,,E368248,"MSRP,ZCP,ZCW,ZPP.3,ZTP,2MK,302,507,5AC,6FL,655,752",,,"May 14, 2010",550/1100,,,,,,,,,,
A73 - Jerez Black Metallic,,NCSW - Black Novillo Leather,2011,WBSKG9C53BE368249,,E368249,"MSRP,ZCP,ZCW,ZPP.3,ZTP,2MK,302,403,6FL,6NF,655,752",,,"May 14, 2010",550,,,,,,,,,,
A73 - Jerez Black Metallic,,NCSW - Black Novillo Leather,2011,WBSKG9C5XBE368250,,E368250,"MSRP,ZCW,ZPP.1,ZTP,2MK,2MT.1,302,403,6FL,6NF,655,752",,,"May 14, 2010",550,,,,,,,,,,
668 - Jet Black,,NCSW - Black Novillo Leather,,WBSKG9C51BE368251,,E368251,"MSRP,ZCW,ZPP.3,ZTP,2MK,2MT.1,6FL,655,752",,,"May 14, 2010",,,,,,,,,,,
300 - Alpine White,,NCSW - Black Novillo Leather,,WBSKG9C53BE368252,,E368252,"MSRP,ZCP,ZPP.3,ZTP,2MK,302,494,507,6FL,655",,,"May 14, 2010",,,,,,,,,,,
300 - Alpine White,,NCSW - Black Novillo Leather,,WBSKG9C55BE368253,,E368253,"MSRP,ZCW,ZPP.3,ZTP,2MK,2MT.1,302,415,507,6FL,752",,,"May 14, 2010",,,,,,,,,,,
A73 - Jerez Black Metallic,,NCSW - Black Novillo Leather,,WBSKG9C57BE368254,,E368254,"MSRP,ZCW,ZPP.3,ZTP,2MT.1,403,6FL,6NF,655,752",,,"May 14, 2010",550,,,,,,,,,,
A73 - Jerez Black Metallic,,NCSW - Black Novillo Leather,,WBSKG9C59BE368255,,E368255,"MSRP,ZCP,ZPP.3,ZTP,6FL,752",,,"May 15, 2010",550,,,,,,,,,,
A73 - Jerez Black Metallic,,NCSW - Black Novillo Leather,,WBSKG9C50BE368256,,E368256,"MSRP,ZPP.1,ZTP,2MK,2MT.1,302,6FL,655,752",,,"May 15, 2010",550,,,,,,,,,,
A73 - Jerez Black Metallic,,NCSW - Black Novillo Leather,,WBSKG9C52BE368257,,E368257,"MSRP,ZPP.3,ZTP,2MK,2MT.1,302,494,507,5AC,6FL,752",,,"May 15, 2010",550,,,,,,,,,,
A52 - Space Gray Metallic,,NCSW - Black Novillo Leather,,WBSKG9C54BE368258,,E368258,"MSRP,ZCW,ZPP.2,ZTP,2MK,2MT.1,302,507,6FL,655,752",,,"May 15, 2010",550,,,,,,,,,,
A52 - Space Gray Metallic,,NDSW - Black Extended Novillo Leather,,WBSKG9C56BE368259,,E368259,"MSRP,ZPP.3,ZTP,2MK,2MT.1,494,507,6FL,655",,,"May 15, 2010",550/1100,,,,,,,,,,
300 - Alpine White,,NCSW - Black Novillo Leather,,WBSKG9C52BE368260,,E368260,"MSRP,ZPP.1,ZTP,2MK,2MT.1,302,6FL,655,752",,,"May 17, 2010",,,,,,,,,,,
300 - Alpine White,,NCSW - Black Novillo Leather,,WBSKG9C54BE368261,,E368261,"MSRP,ZCP,6FL,771",,,"May 17, 2010",950,,,,,,,,,,
668 - Jet Black,,NCSW - Black Novillo Leather,,WBSKG9C56BE368262,,E368262,"MSRP,ZCP,ZPP.3,2MK,6FL",,,"May 17, 2010",,,,,,,,,,,
A75 - Melbourne Red Metallic,,NCSW - Black Novillo Leather,,WBSKG9C58BE368263,,E368263,"MSRP,ZCP,ZPP.3,ZTP,2MK,403,494,6FL,6NF,752",,,"May 17, 2010",550,,,,,,,,,,
300 - Alpine White,,NCSW - Black Novillo Leather,,WBSKG9C5XBE368264,,E368264,"MSRP,ZCW,ZPP.3,2MT.1,6FL",,,"May 17, 2010",,,,,,,,,,,
300 - Alpine White,,NDSW - Black Extended Novillo Leather,,WBSKG9C51BE368265,,E368265,"MSRP,ZCP,ZCW,ZPP.3,ZTP,302,507,5AC,6FL,6NF,655,752",,,"May 17, 2010",1100,,,,,,,,,,
A73 - Jerez Black Metallic,,NCH2 - Fox Red Novillo Leather,,WBSKG9C53BE368266,,E368266,"MSRP,ZPP.3,ZTP,2MK,2MT.1,302,403,494,507,6FL,655,752",,,"May 17, 2010",550,,,,,,,,,,
A75 - Melbourne Red Metallic,,NCSW - Black Novillo Leather,,WBSKG9C55BE368267,,E368267,"MSRP,ZCP,ZPP.1,403,609,655",,,"May 17, 2010",550,,,,,,,,,,
300 - Alpine White,,NCSW - Black Novillo Leather,,WBSKG9C57BE368268,,E368268,"MSRP,ZPP.3,ZTP,2MK,2MT.1,302,494,6FL,655,752",,,"May 17, 2010",,,,,,,,,,,
A75 - Melbourne Red Metallic,,NDSW - Black Extended Novillo Leather,,WBSKG9C59BE368269,,E368269,"MSRP,ZPP.1,2MK,2MT.1,494,507,609,6FL",,,"May 17, 2010",550/1100,,,,,,,,,,
668 - Jet Black,,NCSW - Black Novillo Leather,,WBSKG9C55BE368270,,E368270,"MSRP,ZCP,ZPP.3,ZTP,2MK,302,494,507,6FL,655",,,"May 17, 2010",,,,,,,,,,,
300 - Alpine White,,NCH2 - Fox Red Novillo Leather,,WBSKG9C57BE368271,,E368271,"MSRP,ZCP,ZTP,494,4MY",,,"May 17, 2010",950,,,,,,,,,,
381 - Le Mans Blue Metallic,,NDH3 - Beige Novillo Extended Leather,,WBSKG9C59BE368272,,E368272,"MSRP,ZPP.2,ZTP,2MK,2MT.1,302,494,6FL,752",,,"May 17, 2010",550/1100,,,,,,,,,,
A75 - Melbourne Red Metallic,,NCSW - Black Novillo Leather,,WBSKG9C50BE368273,,E368273,"MSRP,ZCP,ZPP.3,2MK",,,"May 18, 2010",550,,,,,,,,,,
A73 - Jerez Black Metallic,,NCH2 - Fox Red Novillo Leather,,WBSKG9C52BE368274,,E368274,"MSRP,ZCP,ZPP.3,ZTP,2MK,302,403,494,6FL,6NF,655,752",,,"May 18, 2010",550,,,,,,,,,,
668 - Jet Black,,NDSW - Black Extended Novillo Leather,,WBSKG9C54BE368275,,E368275,"MSRP,ZCP,ZPP.3,ZTP,302,403,6FL,655,752",,,"May 18, 2010",1100,,,,,,,,,,
A52 - Space Gray Metallic,,NCSW - Black Novillo Leather,,WBSKG9C56BE368276,,E368276,"MSRP,ZPP.3,ZTP,403,494",,,"May 18, 2010",550,,,,,,,,,,
300 - Alpine White,,NCSW - Black Novillo Leather,,WBSKG9C58BE368277,,E368277,"MSRP,ZCP,ZPP.3,ZTP,302,403,494,507,6FL,655,752",,,"May 18, 2010",,,,,,,,,,,
300 - Alpine White,,NCH2 - Fox Red Novillo Leather,,WBSKG9C5XBE368278,,E368278,"MSRP,ZCP,ZPP.3,ZTP,2MK,403,507,6FL,6NF,655,752",,,"May 18, 2010",,,,,,,,,,,
300 - Alpine White,,NCH2 - Fox Red Novillo Leather,,WBSKG9C51BE368279,,E368279,"MSRP,ZPP.3,ZTP,403",,,"May 18, 2010",,,,,,,,,,,
300 - Alpine White,,NCH2 - Fox Red Novillo Leather,,WBSKG9C58BE368280,,E368280,"MSRP,ZCP,ZPP.3,ZTP,2MK,494,6FL,655,752",,,"May 18, 2010",,,,,,,,,,,
A52 - Space Gray Metallic,,NCSW - Black Novillo Leather,,WBSKG9C5XBE368281,,E368281,"MSRP,ZPP.3,ZTP,2MK,403,507,6FL,6NF,752",,,"May 18, 2010",550,,,,,,,,,,
A52 - Space Gray Metallic,,NCSW - Black Novillo Leather,,WBSKG9C51BE368282,,E368282,"MSRP,ZCP,ZPP.3,ZTP,302,494,507,6FL,6NF,655,752",,,"May 18, 2010",550,,,,,,,,,,
668 - Jet Black,,NCSW - Black Novillo Leather,,WBSKG9C53BE368283,,E368283,"MSRP,ZCW,ZPP.1,ZTP,2MK,2MT.1,302,403,507,5AC,6FL,655,752",,,"May 18, 2010",,,,,,,,,,,
668 - Jet Black,,NCSW - Black Novillo Leather,,WBSKG9C55BE368284,,E368284,"MSRP,ZCP,ZPP.3,ZTP,2MK,302,403,494,507,5AC,6FL,6NF,655,752",,,"May 18, 2010",,,,,,,,,,,
300 - Alpine White,,NCH2 - Fox Red Novillo Leather,,WBSKG9C57BE368285,,E368285,"MSRP,ZCP,ZCW,ZPP.3,ZTP,302,415,6FL,6NF,752",,,"May 18, 2010",,,,,,,,,,,
300 - Alpine White,,NCSW - Black Novillo Leather,,WBSKG9C59BE368286,,E368286,"MSRP,ZCP,ZPP.3,ZTP,2MK,494,507,6FL,655,752",,,"May 18, 2010",,,,,,,,,,,
300 - Alpine White,,NCSW - Black Novillo Leather,,WBSKG9C50BE368287,,E368287,"MSRP,ZCP,ZPP.3,ZTP,507,6FL,655,752",,,"May 18, 2010",,,,,,,,,,,
300 - Alpine White,,NCSW - Black Novillo Leather,,WBSKG9C52BE368288,,E368288,"MSRP,ZCP,ZPP.3,507,609,6FL",,,"May 18, 2010",,,,,,,,,,,
300 - Alpine White,,NCH2 - Fox Red Novillo Leather,,WBSKG9C54BE368289,,E368289,"MSRP,ZCP,ZPP.3,ZTP,2MK,302,507,6FL",,,"May 19, 2010",,,,,,,,,,,
300 - Alpine White,,NCSW - Black Novillo Leather,,WBSKG9C50BE368290,,E368290,"MSRP,ZCP,ZPP.3,2MK,507,6FL",,,"May 19, 2010",,,,,,,,,,,
668 - Jet Black,,NCSW - Black Novillo Leather,,WBSKG9C52BE368291,,E368291,"MSRP,ZPP.3,ZTP,2MK,2MT.1,302,494,507,5AC,6FL,655,752",,,"May 19, 2010",,,,,,,,,,,
300 - Alpine White,,NCSW - Black Novillo Leather,,WBSKG9C54BE368292,,E368292,"MSRP,ZPP.3,2MT.1,6FL",,,"May 19, 2010",,,,,,,,,,,
A73 - Jerez Black Metallic,,NCSW - Black Novillo Leather,,WBSKG9C56BE368293,,E368293,"MSRP,ZCP,ZPP.3,ZTP,494,6FL,655",,,"May 19, 2010",550,,,,,,,,,,
A30 - Interlagos Blue Metallic,,NDSW - Black Extended Novillo Leather,,WBSKG9C58BE368294,,E368294,"MSRP,ZCP,ZCW,ZPP.3,ZTP,2MK,302,415,507,5AC,6FL,655,752",,,"May 19, 2010",550/1100,,,,,,,,,,
381 - Le Mans Blue Metallic,,NCSW - Black Novillo Leather,,WBSKG9C5XBE368295,,E368295,"MSRP,ZPP.3,ZTP,2MK,2MT.1,403,507,6FL,655,752",,,"May 19, 2010",550,,,,,,,,,,
A30 - Interlagos Blue Metallic,,NCSW - Black Novillo Leather,,WBSKG9C51BE368296,,E368296,"MSRP,ZCP,ZPP.3,ZTP,2MK,403,6FL,655,752",,,"May 19, 2010",550,,,,,,,,,,
A30 - Interlagos Blue Metallic,,NCH1 - Silver Novillo Leather,,WBSKG9C53BE368297,,E368297,"MSRP,ZCW,ZPP.3,ZTP,2MK,2MT.1,302,507,6FL,655,752",,,"May 19, 2010",550,,,,,,,,,,
300 - Alpine White,,NDSW - Black Extended Novillo Leather,,WBSKG9C55BE368298,,E368298,"MSRP,ZCW,ZPP.1,ZTP,2MK,2MT.1,302,403,507,5AC,6FL,655,752",,,"May 19, 2010",1100,,,,,,,,,,
A29 - Silverstone Metallic II,,NCSW - Black Novillo Leather,,WBSKG9C57BE368299,,E368299,"MSRP,ZCP,ZCW,ZPP.3,ZTP,403,507,6FL,655",,,5-19-2010,550,,,,,,,,,,
A29 - Silverstone Metallic II,,GEAT - Anthracite/Black Cloth & Leather,,WBSKG9C5XBE368300,,E368300,"MSRP,ZCP,ZPP.3,ZTP,494,507,6FL,6NF,655,752",,,5-19-2010,550,,,,,,,,,,
A30 - Interlagos Blue Metallic,,NCSW - Black Novillo Leather,,WBSKG9C51BE368301,,E368301,"MSRP,ZCW,ZPP.3,ZTP,2MK,2MT.1,6FL,655,752",,,"May 19, 2010",550,,,,,,,,,,
S58 - Avertine Silver,,NDSW - Black Extended Novillo Leather,,WBSKG9C53BE368302,,E368302,"MSRP,ZCP,ZCW,ZTP,302,403,415,507,6FL,655,752",,,"May 25, 2010",2000,,,,,,,,,,
U83 - Frozen Grey ,,NCH5 - Fox Red/Black Novillo Leather,,WBSKG9C55BE368303,,E368303,"MSRP,ZCP,ZPP.3,ZTP,2MK,494,507,6FL,655,752",,,"May 26, 2010",,,,,,,,,,,
S34 - Unknown Paint Code,,NCSW - Black Novillo Leather,,WBSKG9C57BE368304,,E368304,"MSRP,ZCW,ZPP.3,2MT.1,302,322,403,6FL",,,"May 26, 2010",,,,,,,,,,,
300 - Alpine White,,NCH2 - Fox Red Novillo Leather,,WBSKG9C59BE368305,,E368305,"MSRP,ZPP.3,ZTP,2MK,2MT.1,302,403,494,6FL,6NF,655,752",,,"May 21, 2010",,,,,,,,,,,
A52 - Space Gray Metallic,,GEAT - Anthracite/Black Cloth & Leather,,WBSKG9C50BE368306,,E368306,"MSRP,ZCP,2MK,6FL,771",,,"May 21, 2010",550,,,,,,,,,,
A73 - Jerez Black Metallic,,NDSW - Black Extended Novillo Leather,,WBSKG9C52BE368307,,E368307,"MSRP,ZCW,ZPP.3,ZTP,2MK,2MT.1,302,403,6FL,6NF,655,752",,,"May 20, 2010",550/1100,,,,,,,,,,
A30 - Interlagos Blue Metallic,,NDH2 - Fox Red Extended Leather,,WBSKG9C54BE368308,,E368308,"MSRP,ZCP,ZCW,ZPP.3,ZTP,2MK,302,507,5AC,6FL,6NF,655,752",,,"May 20, 2010",550/1100,,,,,,,,,,
A52 - Space Gray Metallic,,GEAT - Anthracite/Black Cloth & Leather,,WBSKG9C56BE368309,,E368309,"MSRP,ZCP,ZCW,ZTP,302,403,507,639,6FL,655,771",,,"May 20, 2010",550,,,,,,,,,,
300 - Alpine White,,GEAT - Anthracite/Black Cloth & Leather,,WBSKG9C52BE368310,,E368310,"MSRP,ZPP.3,6FL,655",,,"May 20, 2010",,,,,,,,,,,
300 - Alpine White,,GEAT - Anthracite/Black Cloth & Leather,,WBSKG9C54BE368311,,E368311,"MSRP,771",,,"May 20, 2010",,,,,,,,,,,
A73 - Jerez Black Metallic,,NCH3 - Beige Novillo Leather,,WBSKG9C56BE368312,,E368312,"MSRP,ZCP,ZCW,ZPP.2,ZTP,302,415,507,6FL,752",,,"May 20, 2010",550,,,,,,,,,,
381 - Le Mans Blue Metallic,,NCSW - Black Novillo Leather,,WBSKG9C58BE368313,,E368313,"MSRP,ZPP.3,ZTP,2MT.1,403,494,507,6FL",,,"May 20, 2010",550,,,,,,,,,,
A52 - Space Gray Metallic,,NDH2 - Fox Red Extended Leather,,WBSKG9C5XBE368314,,E368314,"MSRP,ZPP.3,ZTP,2MK,2MT.1,752",,,"May 20, 2010",550/1100,,,,,,,,,,
300 - Alpine White,,NCSW - Black Novillo Leather,,WBSKG9C51BE368315,,E368315,"MSRP,ZCP,ZTP,2MK,302,415,4MY,507,6FL",,,"May 20, 2010",950,,,,,,,,,,
300 - Alpine White,,NCH2 - Fox Red Novillo Leather,,WBSKG9C53BE368316,,E368316,"MSRP,ZCP,ZPP.3,ZTP,302,507,6FL",,,"May 20, 2010",,,,,,,,,,,
300 - Alpine White,,NCSW - Black Novillo Leather,,WBSKG9C55BE368317,,E368317,"MSRP,ZPP.1,ZTP,2MK,2MT.1,494,507,6FL,6NF,752",,,"May 21, 2010",,,,,,,,,,,
300 - Alpine White,,NCH2 - Fox Red Novillo Leather,,WBSKG9C57BE368318,,E368318,"MSRP,ZCP,ZPP.3,ZTP,494,6FL,655,752",,,"May 21, 2010",,,,,,,,,,,
300 - Alpine White,,NCSW - Black Novillo Leather,,WBSKG9C59BE368319,,E368319,"MSRP,ZCP,ZPP.3,ZTP,2MK,494,6FL,655,752",,,"May 21, 2010",,,,,,,,,,,
300 - Alpine White,,NCH3 - Beige Novillo Leather,,WBSKG9C55BE368320,,E368320,"MSRP,ZCP,ZPP.3,ZTP,2MK,302,494,507,6FL,6NF,655,752",,,"May 21, 2010",,,,,,,,,,,
300 - Alpine White,,NCH2 - Fox Red Novillo Leather,,WBSKG9C57BE368321,,E368321,"MSRP,ZCW,ZPP.3,ZTP,2MT.1,302,415,507,6FL,655,752",,,"May 21, 2010",,,,,,,,,,,
300 - Alpine White,,NCSW - Black Novillo Leather,,WBSKG9C59BE368322,,E368322,"MSRP,ZCW,ZPP.3,ZTP,2MK,2MT.1,302,415,507,6FL,655,752",,,"May 21, 2010",,,,,,,,,,,
A75 - Melbourne Red Metallic,,NCH2 - Fox Red Novillo Leather,,WBSKG9C50BE368323,,E368323,"MSRP,ZCW,ZPP.1,ZTP,302,507,6FL,752",,,"May 21, 2010",550,,,,,,,,,,
A29 - Silverstone Metallic II,,GEAT - Anthracite/Black Cloth & Leather,,WBSKG9C52BE368324,,E368324,"MSRP,ZCP,ZPP.3,2MK,302,6FL,655",,,"May 21, 2010",550,,,,,,,,,,
A29 - Silverstone Metallic II,,NCSW - Black Novillo Leather,,WBSKG9C54BE368325,,E368325,"MSRP,ZCW,ZPP.3,2MK,2MT.1,302,6FL,655",,,"May 21, 2010",550,,,,,,,,,,
A73 - Jerez Black Metallic,,NDH3 - Beige Novillo Extended Leather,,WBSKG9C56BE368326,,E368326,"MSRP,ZPP.2,ZTP,2MK,2MT.1,507,6FL,655,752",,,"May 21, 2010",550/1100,,,,,,,,,,
A73 - Jerez Black Metallic,,NCSW - Black Novillo Leather,,WBSKG9C58BE368327,,E368327,"MSRP,ZCP,ZPP.3,ZTP,2MK,494,6FL,655",,,"May 21, 2010",550,,,,,,,,,,
A73 - Jerez Black Metallic,,NCSW - Black Novillo Leather,,WBSKG9C5XBE368328,,E368328,"MSRP,ZPP.3,2MK,2MT.1,302,494,6FL,655",,,"May 21, 2010",550,,,,,,,,,,
668 - Jet Black,,NCSW - Black Novillo Leather,,WBSKG9C51BE368329,,E368329,"MSRP,ZCP,ZPP.3,ZTP",,,"May 21, 2010",,,,,,,,,,,
A73 - Jerez Black Metallic,,NCSW - Black Novillo Leather,,WBSKG9C58BE368330,,E368330,"MSRP,ZCP,ZPP.3,ZTP,2MK,494,6FL,655,752",,,"May 21, 2010",550,,,,,,,,,,
A73 - Jerez Black Metallic,,NCH3 - Beige Novillo Leather,,WBSKG9C5XBE368331,,E368331,"MSRP,ZCW,ZPP.3,ZTP,2MK,2MT.1,403,6FL,655,752",,,"May 21, 2010",550,,,,,,,,,,
A73 - Jerez Black Metallic,,NCSW - Black Novillo Leather,,WBSKG9C51BE368332,,E368332,"MSRP,ZCW,ZPP.3,ZTP,2MK,2MT.1,302,403,507,6FL,752",,,"May 22, 2010",550,,,,,,,,,,
A73 - Jerez Black Metallic,,NCSW - Black Novillo Leather,,WBSKG9C53BE368333,,E368333,"MSRP,ZCW,ZPP.3,ZTP,2MK,2MT.1,302,403,6FL,655,752",,,"May 22, 2010",550,,,,,,,,,,
A73 - Jerez Black Metallic,,NCSW - Black Novillo Leather,,WBSKG9C55BE368334,,E368334,"MSRP,ZPP.3,ZTP,2MK,2MT.1,403,494,6FL,752",,,"May 22, 2010",550,,,,,,,,,,
A73 - Jerez Black Metallic,,NCSW - Black Novillo Leather,,WBSKG9C57BE368335,,E368335,"MSRP,ZCW,ZPP.3,ZTP,2MK,2MT.1,302,507,5AC,6FL,6NF,655,752",,,"May 22, 2010",550,,,,,,,,,,
A73 - Jerez Black Metallic,,NCH1 - Silver Novillo Leather,,WBSKG9C59BE368336,,E368336,"MSRP,ZCP,ZPP.1,ZTP,2MK,302,507,6FL,6NF,655,752",,,05-22-2010,550,,,,,,,,,,
A73 - Jerez Black Metallic,,NCH1 - Silver Novillo Leather,,WBSKG9C50BE368337,,E368337,"MSRP,ZCP,ZPP.1,ZTP,2MK,302,494,507,6FL,6NF,655,752",,,"May 22, 2010",550,,,,,,,,,,
300 - Alpine White,,GEAT - Anthracite/Black Cloth & Leather,,WBSKG9C52BE368338,,E368338,"MSRP,2MT.1,771",,,"May 25, 2010",,,,,,,,,,,
A52 - Space Gray Metallic,,NCSW - Black Novillo Leather,,WBSKG9C54BE368339,,E368339,"MSRP,ZPP.3,ZTP,2MT.1,507,6FL,655,752",,,"May 25, 2010",550,,,,,,,,,,
A75 - Melbourne Red Metallic,,NCH3 - Beige Novillo Leather,,WBSKG9C50BE368340,,E368340,"MSRP,ZCP,ZPP.3,2MK,403,494,6FL",,,"May 25, 2010",550,,,,,,,,,,
300 - Alpine White,,NCSW - Black Novillo Leather,,WBSKG9C52BE368341,,E368341,"MSRP,ZPP.3,ZTP,2MK,2MT.1,6FL,752",,,"May 25, 2010",,,,,,,,,,,
A52 - Space Gray Metallic,,NCH2 - Fox Red Novillo Leather,,WBSKG9C54BE368342,,E368342,"MSRP,ZCP,ZPP.3,ZTP,415,494,6FL,655,752",,,05-25-2010,550,,,,,,,,,,
668 - Jet Black,,NCH2 - Fox Red Novillo Leather,,WBSKG9C56BE368343,,E368343,"MSRP,ZPP.3,ZTP,2MK,2MT.1,403,494,507,6FL,655,752",,,"May 25, 2010",,,,,,,,,,,
A52 - Space Gray Metallic,,NCSW - Black Novillo Leather,,WBSKG9C58BE368344,,E368344,"MSRP,ZCP,ZPP.3,ZTP,2MK,302,5AC,6FL,6NF,655,752",,,"May 25, 2010",550,,,,,,,,,,
668 - Jet Black,,NCH3 - Beige Novillo Leather,,WBSKG9C5XBE368345,,E368345,"MSRP,ZCW,ZPP.3,ZTP,2MK,302,507,6FL,6NF,655,752",,,"May 25, 2010",,,,,,,,,,,
668 - Jet Black,,NCSW - Black Novillo Leather,,WBSKG9C51BE368346,,E368346,"MSRP,ZTP,2MT.1,302,6FL,752,771",,,"May 25, 2010",950,,,,,,,,,,
300 - Alpine White,,GEAT - Anthracite/Black Cloth & Leather,,WBSKG9C53BE368347,,E368347,"MSRP,ZCP,4MY,6FL,655",,,05-25-2010,,,,,,,,,,,
300 - Alpine White,,NCH2 - Fox Red Novillo Leather,,WBSKG9C55BE368348,,E368348,"MSRP,ZCP,ZCW,ZPP.3,ZTP,2MK,6FL,655",,,"May 25, 2010",,,,,,,,,,,
A75 - Melbourne Red Metallic,,NCH1 - Silver Novillo Leather,,WBSKG9C57BE368349,,E368349,"MSRP,ZPP.3,ZTP,2MK,494,507,6FL,655,752",,,"May 25, 2010",550,,,,,,,,,,
A75 - Melbourne Red Metallic,,NCSW - Black Novillo Leather,,WBSKG9C53BE368350,,E368350,"MSRP,ZCP,ZCW,ZPP.3,ZTP,2MK,6FL,6NF,655,752",,,"May 25, 2010",550,,,,,,,,,,
300 - Alpine White,,NCSW - Black Novillo Leather,,WBSKG9C55BE368351,,E368351,"MSRP,ZCP,ZCW,ZPP.3,ZTP,2MK,507,6FL,655",,,"May 25, 2010",,,,,,,,,,,
300 - Alpine White,,NCSW - Black Novillo Leather,,WBSKG9C57BE368352,,E368352,"MSRP,ZCP,ZCW,ZPP.1,ZTP,507,6FL,655,752",,,05-25-2010,,,,,,,,,,,
300 - Alpine White,,NCH3 - Beige Novillo Leather,,WBSKG9C59BE368353,,E368353,"MSRP,ZCW,ZTP,2MT.1,4MY,863",,,"May 25, 2010",950,,,,,,,,,,
300 - Alpine White,,NCSW - Black Novillo Leather,,WBSKG9C50BE368354,,E368354,"MSRP,ZPP.3,ZTP,403,494,6FL",,,"May 25, 2010",,,,,,,,,,,
A52 - Space Gray Metallic,,NCSW - Black Novillo Leather,,WBSKG9C52BE368355,,E368355,"MSRP,2MK,2MT.1,4MY",,,"May 26, 2010",550/950,,,,,,,,,,
381 - Le Mans Blue Metallic,,NCSW - Black Novillo Leather,,WBSKG9C54BE368356,,E368356,"MSRP,ZCP,ZPP.3,ZTP,2MK,302,494,6FL,6NF,655,752",,,"May 26, 2010",550,,,,,,,,,,
668 - Jet Black,,NCSW - Black Novillo Leather,,WBSKG9C56BE368357,,E368357,"MSRP,ZPP.3,ZTP,2MK,2MT.1,403,494,5AC,6FL,655,752",,,"May 26, 2010",,,,,,,,,,,
300 - Alpine White,,NCH2 - Fox Red Novillo Leather,,WBSKG9C58BE368358,,E368358,"MSRP,ZCP,ZCW,ZPP.3,ZTP,2MK,507,6FL,6NF",,,05-26-2010,,,,,,,,,,,
300 - Alpine White,,NCH1 - Silver Novillo Leather,,WBSKG9C5XBE368359,,E368359,"MSRP,ZCP,ZCW,507,6FL,771",,,"May 26, 2010",950,,,,,,,,,,
A52 - Space Gray Metallic,,NCH2 - Fox Red Novillo Leather,,WBSKG9C56BE368360,,E368360,"MSRP,ZCW,ZPP.3,ZTP,2MK,2MT.1,6FL,655,752",,,"May 26, 2010",550,,,,,,,,,,
381 - Le Mans Blue Metallic,,NCSW - Black Novillo Leather,,WBSKG9C58BE368361,,E368361,"MSRP,ZCP,ZPP.3,ZTP,2MK,302,494,507,6FL,655,752",,,"May 26, 2010",550,,,,,,,,,,
A52 - Space Gray Metallic,,GEAT - Anthracite/Black Cloth & Leather,,WBSKG9C5XBE368362,,E368362,"MSRP,ZCP,507,639,6FL,771",,,"May 26, 2010",550,,,,,,,,,,
A73 - Jerez Black Metallic,,NDH1 - Silver Novillo Extended Leather,,WBSKG9C51BE368363,,E368363,"MSRP,ZCP,ZCW,ZPP.3,ZTP,2MK,302,507,5AC,6FL,6NF,655,752",,,"May 26, 2010",550/1100,,,,,,,,,,
300 - Alpine White,,NCH2 - Fox Red Novillo Leather,,WBSKG9C53BE368364,,E368364,"MSRP,ZCP,ZPP.1,ZTP,2MK,302,403,5AC,6FL,6NF,655,752",,,05-26-2010,,,,,,,,,,,
300 - Alpine White,,NCSW - Black Novillo Leather,,WBSKG9C55BE368365,,E368365,"MSRP,ZCW,ZPP.3,ZTP,2MK,2MT.1,403,507,6FL,655,752",,,"May 26, 2010",,,,,,,,,,,
300 - Alpine White,,NCH2 - Fox Red Novillo Leather,,WBSKG9C57BE368366,,E368366,"MSRP,ZCP,ZPP.3,ZTP,2MK,302,507,6FL,655,752",,,"May 27, 2010",,,,,,,,,,,
668 - Jet Black,,NCSW - Black Novillo Leather,,WBSKG9C59BE368367,,E368367,"MSRP,ZCP,ZCW,ZPP.3,ZTP,2MK,302,403,507,6FL,655,752",,,"May 27, 2010",,,,,,,,,,,
300 - Alpine White,,NDH2 - Fox Red Extended Leather,,WBSKG9C50BE368368,,E368368,"MSRP,ZCP,ZPP.3,ZTP,2MK,494,6FL,655",,,"May 27, 2010",1100,,,,,,,,,,
300 - Alpine White,,NCSW - Black Novillo Leather,,WBSKG9C52BE368369,,E368369,"MSRP,ZPP.3,ZTP,2MT.1,302,494,6FL,655",,,05-27-2010,,,,,,,,,,,
300 - Alpine White,,NCH2 - Fox Red Novillo Leather,,WBSKG9C59BE368370,,E368370,"MSRP,ZCP,ZPP.3,ZTP,2MK,494,6FL,655,752",,,"May 27, 2010",,,,,,,,,,,
300 - Alpine White,,NCSW - Black Novillo Leather,,WBSKG9C50BE368371,,E368371,"MSRP,ZCP,ZPP.3,ZTP,2MK,302,415,6FL,6NF,752",,,"May 27, 2010",,,,,,,,,,,
300 - Alpine White,,NCSW - Black Novillo Leather,,WBSKG9C52BE368372,,E368372,"MSRP,ZCP,ZPP.1,ZTP,2MK,302,494,6FL,6NF,655,752",,,"May 27, 2010",,,,,,,,,,,
300 - Alpine White,,NCH2 - Fox Red Novillo Leather,,WBSKG9C54BE368373,,E368373,"MSRP,ZCP,ZCW,ZPP.3,ZTP,507,6FL,6NF,752",,,"May 28, 2010",,,,,,,,,,,
668 - Jet Black,,NCSW - Black Novillo Leather,,WBSKG9C56BE368374,,E368374,"MSRP,ZPP.3,ZTP,2MK,2MT.1,494,6FL,655,752",,,"May 28, 2010",,,,,,,,,,,
668 - Jet Black,,NCH2 - Fox Red Novillo Leather,,WBSKG9C58BE368375,,E368375,"MSRP,ZCP,ZPP.3,ZTP,2MK,494,6FL",,,05-28-2010,,,,,,,,,,,
668 - Jet Black,,NCH1 - Silver Novillo Leather,,WBSKG9C5XBE368376,,E368376,"MSRP,ZPP.3,ZTP,2MK,2MT.1,302,494,6FL,6NF,752",,,"May 28, 2010",,,,,,,,,,,
A52 - Space Gray Metallic,,NCH2 - Fox Red Novillo Leather,,WBSKG9C51BE368377,,E368377,"MSRP,ZCP,ZPP.1,ZTP,6FL,655,752",,,"May 28, 2010",$550.00,,,,,,,,,,
300 - Alpine White,,NCSW - Black Novillo Leather,,WBSKG9C53BE368378,,E368378,"MSRP,ZCP,302,4MX,609,655",,,"May 27, 2010",$950.00,,,,,,,,,,
U83 - Frozen Grey ,,NCH5 - Fox Red/Black Novillo Leather,,WBSKG9C55BE368379,,E368379,"MSRP,ZCP,ZPP.3,ZTP,2MK,494,507,6FL,655,752",,,"Jun 1, 2010",,,,,,,,,,,
U83 - Frozen Grey ,,NCH5 - Fox Red/Black Novillo Leather,,WBSKG9C51BE368380,,E368380,"MSRP,ZCP,ZPP.3,ZTP,2MK,494,507,6FL,655,752",,,"Jun 2, 2010",,,,,,,,,,,
300 - Alpine White,,GEAT - Anthracite/Black Cloth & Leather,,WBSKG9C53BE368381,,E368381,"MSRP,ZCP,2MK,302,494,6FL,655,771",,,"May 28, 2010",,,,,,,,,,,
300 - Alpine White,,NCSW - Black Novillo Leather,,WBSKG9C55BE368382,,E368382,"MSRP,ZCP,ZPP.3,ZTP,2MK,494,6FL,655,752",,,"May 28, 2010",,,,,,,,,,,
300 - Alpine White,,NCH2 - Fox Red Novillo Leather,,WBSKG9C57BE368383,,E368383,"MSRP,ZCP,ZPP.3,ZTP,2MK,302,494,507,5AC,6FL,6NF,655,752",,,"May 28, 2010",,,,,,,,,,,
300 - Alpine White,,NDSW - Black Extended Novillo Leather,,WBSKG9C59BE368384,,E368384,"MSRP,ZPP.3,ZTP,2MK,2MT.1,302,415,507,6FL,6NF,655,752",,,"May 28, 2010","$1,100.00",,,,,,,,,,
300 - Alpine White,,NCH3 - Beige Novillo Leather,,WBSKG9C50BE368385,,E368385,"MSRP,ZCW,ZPP.3,ZTP,2MK,2MT.1,302,403,507,6FL,655,752",,,05-28-2010,,,,,,,,,,,
A52 - Space Gray Metallic,,NCSW - Black Novillo Leather,,WBSKG9C52BE368386,,E368386,"MSRP,ZPP.3,ZTP,2MK,2MT.1,403,494,6FL,655",,,"May 28, 2010",$550.00,,,,,,,,,,
A52 - Space Gray Metallic,,NCSW - Black Novillo Leather,,WBSKG9C54BE368387,,E368387,"MSRP,ZCW,ZPP.3,ZTP,2MK,403,507,752",,,"May 28, 2010",$550.00,,,,,,,,,,
A52 - Space Gray Metallic,,NCSW - Black Novillo Leather,,WBSKG9C56BE368388,,E368388,"MSRP,ZCP,ZCW,ZPP.3,ZTP,403,6FL,6NF,752",,,"May 28, 2010",$550.00,,,,,,,,,,
A52 - Space Gray Metallic,,NDH1 - Silver Novillo Extended Leather,,WBSKG9C58BE368389,,E368389,"MSRP,ZCP,ZPP.1,ZTP,2MK,403,507,6FL,752",,,"May 28, 2010",550/1100,,,,,,,,,,
A52 - Space Gray Metallic,,NCSW - Black Novillo Leather,,WBSKG9C54BE368390,,E368390,"MSRP,ZPP.1,ZTP,2MK,2MT.1,302,403,494,507,6FL",,,"May 28, 2010",$550.00,,,,,,,,,,
A52 - Space Gray Metallic,,NCSW - Black Novillo Leather,,WBSKG9C56BE368391,,E368391,"MSRP,ZCP,ZPP.3,ZTP,2MK,403,494,507,5AC,6FL,655,752",,,"May 28, 2010",$550.00,,,,,,,,,,
A52 - Space Gray Metallic,,NCSW - Black Novillo Leather,,WBSKG9C58BE368392,,E368392,"MSRP,ZCP,ZPP.3,ZTP,403,494,6FL",,,5-28-2010,$550.00,,,,,,,,,,
300 - Alpine White,,NCH2 - Fox Red Novillo Leather,,WBSKG9C5XBE368393,,E368393,"MSRP,ZCP,ZPP.3,ZTP,302,507,5AC,6FL,655,752",,,"May 28, 2010",,,,,,,,,,,
300 - Alpine White,,NCH2 - Fox Red Novillo Leather,,WBSKG9C51BE368394,,E368394,"MSRP,ZCP,ZCW,ZPP.3,ZTP,302,415,5AC,6FL,6NF,752",,,"May 29, 2010",,,,,,,,,,,
300 - Alpine White,,NCSW - Black Novillo Leather,,WBSKG9C53BE368395,,E368395,"MSRP,ZCW,ZPP.3,ZTP,2MK,302,403,6FL,655",,,"May 29, 2010",,,,,,,,,,,
668 - Jet Black,,NCSW - Black Novillo Leather,,WBSKG9C55BE368396,,E368396,"MSRP,ZPP.3,ZTP,2MK,2MT.1,494,6FL,752",,,"May 29, 2010",,,,,,,,,,,
300 - Alpine White,,NCH2 - Fox Red Novillo Leather,,WBSKG9C57BE368397,,E368397,"MSRP,ZCW,ZPP.3,ZTP,2MK,2MT.1,302,507,6FL",,,"May 29, 2010",,,,,,,,,,,
A52 - Space Gray Metallic,,NDSW - Black Extended Novillo Leather,,WBSKG9C59BE368398,,E368398,"MSRP,ZCP,ZPP.3,ZTP,2MK,302,494,507,6FL,655,752",,,"May 29, 2010",550/1100,,,,,,,,,,
300 - Alpine White,,NCSW - Black Novillo Leather,,WBSKG9C50BE368399,,E368399,"MSRP,ZCP,ZPP.3,ZTP,2MK,494,6FL,655",,,"May 29, 2010",,,,,,,,,,,
668 - Jet Black,,NCSW - Black Novillo Leather,,WBSKG9C53BE368400,,E368400,"MSRP,ZCP,ZCW,ZPP.3,ZTP,302,403,6FL,655,752",,,"May 31, 2010",,,,,,,,,,,
A30 - Interlagos Blue Metallic,,NCSW - Black Novillo Leather,,WBSKG9C55BE368401,,E368401,"MSRP,ZCP,ZCW,ZPP.3,ZTP,2MK,6FL,6NF,655,752",,,6-1-2010,$550.00,,,,,,,,,,
A75 - Melbourne Red Metallic,,NDSW - Black Extended Novillo Leather,,WBSKG9C57BE368402,,E368402,"MSRP,ZPP.3,ZTP,507,6FL",,,"May 31, 2010",550/1100,,,,,,,,,,
A75 - Melbourne Red Metallic,,NCSW - Black Novillo Leather,,WBSKG9C59BE368403,,E368403,"MSRP,ZCP,ZCW,ZPP.1,2MK,302",,,"May 31, 2010",$550.00,,,,,,,,,,
668 - Jet Black,,NDSW - Black Extended Novillo Leather,,WBSKG9C50BE368404,,E368404,"MSRP,ZCW,ZPP.1,ZTP,2MK,2MT.1,302,403,507,5AC,6FL,655,752",,,5-31-2010,"$1,100.00",,,,,,,,,,
A29 - Silverstone Metallic II,,NCH2 - Fox Red Novillo Leather,,WBSKG9C52BE368405,,E368405,"MSRP,ZPP.2,ZTP,2MK,2MT.1,302,415,494,507,6FL,6NF,752",,,5-31-2010,550,,,,,,,,,,
300 - Alpine White,,NCH2 - Fox Red Novillo Leather,,WBSKG9C54BE368406,,E368406,"MSRP,ZPP.3,ZTP,2MT.1,494,5AC,6FL,6NF,655",,,"May 31, 2010",,,,,,,,,,,
A30 - Interlagos Blue Metallic,,NDH1 - Silver Novillo Extended Leather,,WBSKG9C56BE368407,,E368407,"MSRP,ZCP,ZCW,ZPP.3,ZTP,6FL,655,752",,,"May 31, 2010",550/1100,,,,,,,,,,
A73 - Jerez Black Metallic,,NDH2 - Fox Red Extended Leather,,WBSKG9C58BE368408,,E368408,"MSRP,ZCP,ZPP.3,ZTP,2MK,302,507,6FL,752",,,"May 31, 2010",550/1100,,,,,,,,,,
A75 - Melbourne Red Metallic,,NDSW - Black Extended Novillo Leather,,WBSKG9C5XBE368409,,E368409,"MSRP,ZCP,ZCW,ZPP.3,ZTP,2MK,302,415,507,5AC,6FL,752",,,"May 31, 2010",550/1100,,,,,,,,,,
A75 - Melbourne Red Metallic,,NCSW - Black Novillo Leather,,WBSKG9C56BE368410,,E368410,"MSRP,ZCP,ZCW,ZPP.3,ZTP,302,507,6FL,655,752",,,"May 31, 2010",550,,,,,,,,,,
A73 - Jerez Black Metallic,,NCSW - Black Novillo Leather,,WBSKG9C58BE368411,,E368411,"MSRP,ZCP,ZCW,ZPP.3,ZTP,2MK,302,403,507,6FL,6NF,655,752",,,"May 31, 2010",550,,,,,,,,,,
A29 - Silverstone Metallic II,,NDSW - Black Extended Novillo Leather,,WBSKG9C5XBE368412,,E368412,"MSRP,ZCP,ZCW,ZPP.1,ZTP,2MK,302,415,507,5AC,6FL,752",,,"May 31, 2010",550/1100,,,,,,,,,,
A73 - Jerez Black Metallic,,NCSW - Black Novillo Leather,,WBSKG9C51BE368413,,E368413,"MSRP,ZCW,ZPP.3,ZTP,2MT.1,6FL,752",,,"May 31, 2010",550,,,,,,,,,,
A29 - Silverstone Metallic II,,NDSW - Black Extended Novillo Leather,,WBSKG9C53BE368414,,E368414,"MSRP,ZCP,ZCW,ZPP.3,ZTP,2MK,302,415,507,5AC,6FL,752",,,"May 31, 2010",550/1100,,,,,,,,,,
A29 - Silverstone Metallic II,,NDSW - Black Extended Novillo Leather,,WBSKG9C55BE368415,,E368415,"MSRP,ZPP.3,ZTP,2MK,2MT.1,302,415,494,507,5AC,6FL,6NF,655,752",,,"May 31, 2010",550/1100,,,,,,,,,,
A29 - Silverstone Metallic II,,NCSW - Black Novillo Leather,,WBSKG9C57BE368416,,E368416,"MSRP,ZCP,ZTP,494,4MY,6FL,863",,,"May 31, 2010",550/950,,,,,,,,,,
A73 - Jerez Black Metallic,,NCSW - Black Novillo Leather,,WBSKG9C59BE368417,,E368417,"MSRP,ZCP,ZPP.3,ZTP,2MK,302,6FL,6NF",,,"May 31, 2010",550,,,,,,,,,,
300 - Alpine White,,NCSW - Black Novillo Leather,,WBSKG9C50BE368418,,E368418,"MSRP,ZCW,ZPP.3,ZTP,2MT.1,302,403,6FL,655,752",,,"Jun 1, 2010",,,,,,,,,,,
668 - Jet Black,,NCSW - Black Novillo Leather,,WBSKG9C52BE368419,,E368419,"MSRP,ZPP.3,ZTP,2MK,2MT.1,302,494,6FL,655,752",,,"Jun 1, 2010",,,,,,,,,,,
300 - Alpine White,,NDSW - Black Extended Novillo Leather,,WBSKG9C59BE368420,,E368420,"MSRP,ZCW,ZPP.1,ZTP,2MT.1,507,6FL,6NF,655,752",,,6-1-2010,1100,,,,,,,,,,
300 - Alpine White,,GEAT - Anthracite/Black Cloth & Leather,,WBSKG9C50BE368421,,E368421,"MSRP,ZCP,2MK,771",,,"Jun 1, 2010",,,,,,,,,,,
300 - Alpine White,,NDSW - Black Extended Novillo Leather,,WBSKG9C52BE368422,,E368422,"MSRP,ZCW,ZPP.1,ZTP,2MT.1,507,6FL,6NF,655,752",,,"Jun 1, 2010",1100,,,,,,,,,,
300 - Alpine White,,NDSW - Black Extended Novillo Leather,,WBSKG9C54BE368423,,E368423,"MSRP,ZCP,ZCW,ZPP.2,ZTP,2MK,302,415,507,5AC,6FL,752",,,6-1-2010,1100,,,,,,,,,,
381 - Le Mans Blue Metallic,,NCSW - Black Novillo Leather,,WBSKG9C56BE368424,,E368424,"MSRP,ZCP,ZPP.2,ZTP,403,6FL,6NF,655,752",,,"Jun 1, 2010",550,,,,,,,,,,
300 - Alpine White,,NDH3 - Beige Novillo Extended Leather,,WBSKG9C58BE368425,,E368425,"MSRP,ZPP.2,ZTP,2MT.1,302",,,"Jun 1, 2010",1100,,,,,,,,,,
300 - Alpine White,,NCSW - Black Novillo Leather,,WBSKG9C5XBE368426,,E368426,"MSRP,ZCP,ZCW,ZPP.3,ZTP,2MK,302,507,5AC,6FL,752,863",,,"Jun 1, 2010",,,,,,,,,,,
A73 - Jerez Black Metallic,,NCH2 - Fox Red Novillo Leather,,WBSKG9C51BE368427,,E368427,"MSRP,ZCP,ZPP.3,ZTP,2MK,403,494,507,6FL",,,"Jun 1, 2010",550,,,,,,,,,,
A29 - Silverstone Metallic II,,NCH2 - Fox Red Novillo Leather,,WBSKG9C53BE368428,,E368428,"MSRP,ZCP,ZCW,ZPP.1,ZTP,2MK,302,403,6FL,655,863",,,"Jun 1, 2010",550,,,,,,,,,,
A73 - Jerez Black Metallic,,NCH2 - Fox Red Novillo Leather,,WBSKG9C55BE368429,,E368429,"MSRP,ZCW,ZPP.3,ZTP,2MT.1,302,403,415,507,6FL,655,752",,,"Jun 1, 2010",550,,,,,,,,,,
300 - Alpine White,,NCH3 - Beige Novillo Leather,,WBSKG9C51BE368430,,E368430,"MSRP,494,507,609,6FL,655",,,"Jun 1, 2010",950,,,,,,,,,,
A75 - Melbourne Red Metallic,,NDSW - Black Extended Novillo Leather,,WBSKG9C53BE368431,,E368431,"MSRP,ZCW,ZPP.3,ZTP,2MT.1,507,6FL,6NF,655,752",,,"Jun 1, 2010",550/1100,,,,,,,,,,
A75 - Melbourne Red Metallic,,NDSW - Black Extended Novillo Leather,,WBSKG9C55BE368432,,E368432,"MSRP,ZCP,ZPP.3,ZTP,494,507,6FL,752",,,"Jun 1, 2010",550/1100,,,,,,,,,,
300 - Alpine White,,NCSW - Black Novillo Leather,,WBSKG9C57BE368433,,E368433,"MSRP,ZCW,ZPP.3,ZTP,2MT.1,302,415,507,6FL,655,752",,,"Jun 1, 2010",,,,,,,,,,,
381 - Le Mans Blue Metallic,,NCSW - Black Novillo Leather,,WBSKG9C59BE368434,,E368434,"MSRP,ZCP,ZCW,ZPP.3,ZTP,2MK,302,6FL,6NF,655",,,"Jun 2, 2010",550,,,,,,,,,,
A73 - Jerez Black Metallic,,NDH2 - Fox Red Extended Leather,,WBSKG9C50BE368435,,E368435,"MSRP,ZCP,ZPP.3,ZTP,2MK,302,403,507,6FL,752",,,"Jun 2, 2010",550/1100,,,,,,,,,,
A30 - Interlagos Blue Metallic,,NCSW - Black Novillo Leather,,WBSKG9C52BE368436,,E368436,"MSRP,ZCP,771,863",,,"Jun 2, 2010",550/950,,,,,,,,,,
300 - Alpine White,,NCH2 - Fox Red Novillo Leather,,WBSKG9C54BE368437,,E368437,"MSRP,ZCP,ZCW,ZPP.3,302,322,6FL",,,"Jun 2, 2010",,,,,,,,,,,
A73 - Jerez Black Metallic,,NCH3 - Beige Novillo Leather,,WBSKG9C56BE368438,,E368438,"MSRP,ZCP,ZPP.1,ZTP,2MK,302,507,6FL,6NF,655,752",,,"Jun 2, 2010",550,,,,,,,,,,
A73 - Jerez Black Metallic,,NCSW - Black Novillo Leather,,WBSKG9C58BE368439,,E368439,"MSRP,ZCP,ZCW,ZPP.3,ZTP,2MK,403,6FL,655,752",,,"Jun 2, 2010",550,,,,,,,,,,
A52 - Space Gray Metallic,,NDH2 - Fox Red Extended Leather,,WBSKG9C54BE368440,,E368440,"MSRP,ZCP,ZCW,ZPP.3,ZTP,2MK,302,415,507,5AC,6FL,752",,,"Jun 2, 2010",550/1100,,,,,,,,,,
A30 - Interlagos Blue Metallic,,NCH2 - Fox Red Novillo Leather,,WBSKG9C56BE368441,,E368441,"MSRP,ZCP,ZTP,639,6FL,6NF,771",,,"Jun 2, 2010",550/950,,,,,,,,,,
A52 - Space Gray Metallic,,NCSW - Black Novillo Leather,,WBSKG9C58BE368442,,E368442,"MSRP,ZCP,ZPP.3,ZTP,2MK,302,494,507,6FL,655",,,"Jun 2, 2010",550,,,,,,,,,,
A52 - Space Gray Metallic,,NDH2 - Fox Red Extended Leather,,WBSKG9C5XBE368443,,E368443,"MSRP,ZCP,2MK,4MY,609,6FL,752",,,"Jun 2, 2010",550/2000,,,,,,,,,,
A52 - Space Gray Metallic,,NCSW - Black Novillo Leather,,WBSKG9C51BE368444,,E368444,"MSRP,ZPP.3,ZTP,2MK,2MT.1,6FL,752",,,"Jun 2, 2010",550,,,,,,,,,,
A30 - Interlagos Blue Metallic,,NCH3 - Beige Novillo Leather,,WBSKG9C53BE368445,,E368445,"MSRP,ZPP.1,ZTP,2MT.1,507,6FL,6NF,655,752",,,"Jun 2, 2010",550,,,,,,,,,,
300 - Alpine White,,NDH3 - Beige Novillo Extended Leather,,WBSKG9C55BE368446,,E368446,"MSRP,ZCP,ZCW,ZPP.3,ZTP,2MK,302,415,507,5AC,6FL,752",,,"Jun 2, 2010",1100,,,,,,,,,,
300 - Alpine White,,NDSW - Black Extended Novillo Leather,,WBSKG9C57BE368447,,E368447,"MSRP,ZCP,ZTP,2MK,302,4MX,655",,,"Jun 2, 2010",2000,,,,,,,,,,
300 - Alpine White,,NDSW - Black Extended Novillo Leather,,WBSKG9C59BE368448,,E368448,"MSRP,ZCP,ZCW,ZPP.1,ZTP,2MK,507,6FL,863",,,"Jun 2, 2010",1100,,,,,,,,,,
A30 - Interlagos Blue Metallic,,NCSW - Black Novillo Leather,,WBSKG9C50BE368449,,E368449,"MSRP,ZCW,ZPP.3,ZTP,302,6FL,863",,,"Jun 4, 2010",550,,,,,,,,,,
U83 - Frozen Grey ,,NCH5 - Fox Red/Black Novillo Leather,,WBSKG9C57BE368450,,E368450,"MSRP,ZCP,ZPP.3,ZTP,2MK,494,507,6FL,655,752",,,"Jun 8, 2010",,,,,,,,,,,
U83 - Frozen Grey ,,NCH5 - Fox Red/Black Novillo Leather,,WBSKG9C59BE368451,,E368451,"MSRP,ZCP,ZPP.3,ZTP,2MK,494,507,6FL,655,752",,,"Jun 8, 2010",,,,,,,,,,,
453 - Midnight Blue Metallic ,,ZAP2 - Unknown Upholstery Code,,WBSKG9C50BE368452,,E368452,"MSRP,ZCP,ZTP,2MK,403,4MY,507,6FL,752",,,"Jun 8, 2010",,,,,,,,,,,
U83 - Frozen Grey ,,NCH5 - Fox Red/Black Novillo Leather,,WBSKG9C52BE368453,,E368453,"MSRP,ZCP,ZPP.3,ZTP,2MK,494,507,6FL,655,752",,,"Jun 9, 2010",,,,,,,,,,,
U83 - Frozen Grey ,,NCH5 - Fox Red/Black Novillo Leather,,WBSKG9C54BE368454,,E368454,"MSRP,ZCP,ZPP.3,ZTP,2MK,494,507,6FL,655,752",,,"Jun 9, 2010",,,,,,,,,,,
U83 - Frozen Grey ,,NCH5 - Fox Red/Black Novillo Leather,,WBSKG9C56BE368455,,E368455,"MSRP,ZCP,ZPP.3,ZTP,2MK,494,507,6FL,655,752",,,"Jun 9, 2010",,,,,,,,,,,
U83 - Frozen Grey ,,NCH5 - Fox Red/Black Novillo Leather,,WBSKG9C58BE368456,,E368456,"MSRP,ZCP,ZPP.3,ZTP,2MK,494,507,6FL,655,752",,,"Jun 10, 2010",,,,,,,,,,,
A73 - Jerez Black Metallic,,GEAT - Anthracite/Black Cloth & Leather,,WBSKG9C5XBE368457,,E368457,"MSRP,ZCW,ZPP.1,302,322,6FL",,,"Jun 4, 2010",550,,,,,,,,,,
A73 - Jerez Black Metallic,,NCSW - Black Novillo Leather,,WBSKG9C51BE368458,,E368458,"MSRP,ZPP.3,ZTP,2MK,2MT.1,403,494,6FL,655",,,"Jun 4, 2010",550,,,,,,,,,,
A96 - Unknown Paint Code,,NCH2 - Fox Red Novillo Leather,,WBSKG9C53BE368459,,E368459,"MSRP,ZCW,ZPP.3,2MK,2MT.1,302,322,415,507,6FL,655,752",,,"Jun 4, 2010",,,,,,,,,,,
300 - Alpine White,,GEAT - Anthracite/Black Cloth & Leather,,WBSKG9C5XBE368460,,E368460,"MSRP,ZCP,ZPP.3,6FL",,,"Jun 4, 2010",,,,,,,,,,,
668 - Jet Black,,NCSW - Black Novillo Leather,,WBSKG9C51BE368461,,E368461,"MSRP,ZCW,ZTP,2MK,2MT.1,4MX,6FL,6NR,655,752",,,"Jun 4, 2010",950,,,,,,,,,,
668 - Jet Black,,NCSW - Black Novillo Leather,,WBSKG9C53BE368462,,E368462,"MSRP,ZCP,ZPP.3,ZTP,2MK,6FL,655,752",,,"Jun 4, 2010",,,,,,,,,,,
A73 - Jerez Black Metallic,,NDSW - Black Extended Novillo Leather,,WBSKG9C55BE368463,,E368463,"MSRP,ZPP.3,ZTP,2MK,2MT.1,302,494,507,6FL,6NF,655,752",,,"Jun 4, 2010",550/1100,,,,,,,,,,
A96 - Unknown Paint Code,,NDH2 - Fox Red Extended Leather,,WBSKG9C57BE368464,,E368464,"MSRP,ZCW,ZPP.1,ZTP,2MK,2MT.1,302,415,507,6FL,655,752",,,"Jun 4, 2010",1100,,,,,,,,,,
A73 - Jerez Black Metallic,,NCSW - Black Novillo Leather,,WBSKG9C59BE368465,,E368465,"MSRP,ZPP.3,ZTP,2MK,2MT.1,6FL,655",,,"Jun 5, 2010",550,,,,,,,,,,
A73 - Jerez Black Metallic,,NCSW - Black Novillo Leather,,WBSKG9C50BE368466,,E368466,"MSRP,ZCW,ZPP.1,ZTP,2MK,2MT.1,302,415,507,6FL,655,752",,,"Jun 5, 2010",550,,,,,,,,,,
668 - Jet Black,,NCSW - Black Novillo Leather,,WBSKG9C52BE368467,,E368467,"MSRP,ZPP.3,2MT.1,403,494",,,"Jun 7, 2010",,,,,,,,,,,
381 - Le Mans Blue Metallic,,NCSW - Black Novillo Leather,,WBSKG9C54BE368468,,E368468,"MSRP,ZCP,ZPP.3,ZTP,2MK,302,494,507,6FL,655,752",,,"Jun 7, 2010",550,,,,,,,,,,
A52 - Space Gray Metallic,,NDSW - Black Extended Novillo Leather,,WBSKG9C56BE368469,,E368469,"MSRP,ZCP,ZCW,ZPP.1,ZTP,2MK,302,507,5AC,6FL,655,752",,,"Jun 7, 2010",550/1100,,,,,,,,,,
668 - Jet Black,,NCSW - Black Novillo Leather,,WBSKG9C52BE368470,,E368470,"MSRP,ZCP,ZCW,ZPP.3,ZTP,2MK,302,6FL,6NF,655,752",,,"Jun 7, 2010",,,,,,,,,,,
300 - Alpine White,,NCH2 - Fox Red Novillo Leather,,WBSKG9C54BE368471,,E368471,"MSRP,ZPP.1,2MK,2MT.1,403,6FL",,,"Jun 7, 2010",,,,,,,,,,,
300 - Alpine White,,NCSW - Black Novillo Leather,,WBSKG9C56BE368472,,E368472,"MSRP,ZCP,ZCW,ZPP.3,ZTP,302,507,5AC,6FL,752",,,"Jun 7, 2010",,,,,,,,,,,
A52 - Space Gray Metallic,,NCSW - Black Novillo Leather,,WBSKG9C58BE368473,,E368473,"MSRP,ZCP,ZPP.3,ZTP,2MK,494,507,6FL,6NF,655",,,"Jun 7, 2010",550,,,,,,,,,,
300 - Alpine White,,NCSW - Black Novillo Leather,,WBSKG9C5XBE368474,,E368474,"MSRP,ZPP.3,ZTP,2MK,2MT.1,302,494,507,5AC,6FL,6NF,655,752",,,"Jun 8, 2010",,,,,,,,,,,
300 - Alpine White,,NCSW - Black Novillo Leather,,WBSKG9C51BE368475,,E368475,"MSRP,ZCP,ZPP.3,ZTP,2MK,302,6FL",,,"Jun 8, 2010",,,,,,,,,,,
A73 - Jerez Black Metallic,,NCH2 - Fox Red Novillo Leather,,WBSKG9C53BE368476,,E368476,"MSRP,ZCW,ZPP.3,ZTP,2MK,2MT.1,302,507,5AC,6FL,655,752",,,"Jun 8, 2010",550,,,,,,,,,,
300 - Alpine White,,GEAT - Anthracite/Black Cloth & Leather,,WBSKG9C55BE368477,,E368477,"MSRP,ZPP.3,ZTP,2MK,302,507,6FL,6NF,655,752",,,"Jun 8, 2010",,,,,,,,,,,
A52 - Space Gray Metallic,,NDH3 - Beige Novillo Extended Leather,,WBSKG9C57BE368478,,E368478,"MSRP,ZCP,ZCW,ZPP.3,ZTP,2MK,302,415,507,6FL,6NF,752",,,"Jun 9, 2010",550/1100,,,,,,,,,,
A29 - Silverstone Metallic II,,NCSW - Black Novillo Leather,,WBSKG9C59BE368479,,E368479,"MSRP,ZCW,ZPP.1,302,322,403,6FL,655,752",,,"Jun 9, 2010",550,,,,,,,,,,
A30 - Interlagos Blue Metallic,,NCSW - Black Novillo Leather,,WBSKG9C55BE368480,,E368480,"MSRP,ZCP,2MK,494,639,6FL,771",,,"Jun 9, 2010",550/950,,,,,,,,,,
A29 - Silverstone Metallic II,,GEAT - Anthracite/Black Cloth & Leather,,WBSKG9C57BE368481,,E368481,"MSRP,ZCW,ZPP.1,302,322,6FL",,,"Jun 9, 2010",550,,,,,,,,,,
A52 - Space Gray Metallic,,NCSW - Black Novillo Leather,,WBSKG9C59BE368482,,E368482,"MSRP,ZPP.3,ZTP,2MK,2MT.1,302,494,6FL,655,752",,,"Jun 9, 2010",550,,,,,,,,,,
A30 - Interlagos Blue Metallic,,NCSW - Black Novillo Leather,,WBSKG9C50BE368483,,E368483,"MSRP,ZCW,ZPP.3,ZTP,2MT.1,302,415,507,6FL,655,752",,,"Jun 9, 2010",550,,,,,,,,,,
A29 - Silverstone Metallic II,,NCH2 - Fox Red Novillo Leather,,WBSKG9C52BE368484,,E368484,"MSRP,ZCW,ZPP.1,ZTP,2MT.1,6FL,655,752",,,"Jun 9, 2010",550,,,,,,,,,,
U83 - Frozen Grey ,,NCH5 - Fox Red/Black Novillo Leather,,WBSKG9C54BE368485,,E368485,"MSRP,ZCP,ZPP.3,ZTP,2MK,494,507,6FL,655,752",,,"Jun 15, 2010",,,Sterling BMW,,,,,,,,
U83 - Frozen Grey ,,NCH5 - Fox Red/Black Novillo Leather,,WBSKG9C56BE368486,,E368486,"MSRP,ZCP,ZPP.3,ZTP,2MK,494,507,6FL,655,752",,,"Jun 15, 2010",,,,,,,,,,,
U83 - Frozen Grey ,,NCH5 - Fox Red/Black Novillo Leather,,WBSKG9C58BE368487,,E368487,"MSRP,ZCP,ZTP,2MK,494,4MY,507,6FL,6NF,6NR,655,752",,,"Jun 15, 2010",950,,,,,,,,,,
U83 - Frozen Grey ,,NDSW - Black Extended Novillo Leather,,WBSKG9C5XBE368488,,E368488,"MSRP,ZCW,ZPP.3,ZTP,2MT.1,302,415,507,6FL,655,752",,,"Jun 17, 2010",1100,,,,,,,,,,
A75 - Melbourne Red Metallic,,NCSW - Black Novillo Leather,,WBSKG9C51BE368489,,E368489,"MSRP,ZPP.3,ZTP,2MK,494,6FL,752",,,"Jun 10, 2010",550,,,,,,,,,,
381 - Le Mans Blue Metallic,,NCH1 - Silver Novillo Leather,,WBSKG9C58BE368490,,E368490,"MSRP,ZPP.1,ZTP,2MK,2MT.1,494,507,6FL,6NF,655,752",,,"Jun 10, 2010",550,,,,,,,,,,
A73 - Jerez Black Metallic,,NCH2 - Fox Red Novillo Leather,,WBSKG9C5XBE368491,,E368491,"MSRP,2MK,2MT.1,302,4MY,6FL",,,"Jun 10, 2010",550/950,,,,,,,,,,
A75 - Melbourne Red Metallic,,NCSW - Black Novillo Leather,,WBSKG9C51BE368492,,E368492,"MSRP,ZCW,ZPP.3,ZTP,2MK,2MT.1,507,6FL",,,"Jun 10, 2010",550,,,,,,,,,,
A73 - Jerez Black Metallic,,NCH3 - Beige Novillo Leather,,WBSKG9C53BE368493,,E368493,"MSRP,ZCP,ZPP.2,ZTP,2MK,403,494,507,6FL,6NF,655,752",,,"Jun 10, 2010",550,,,,,,,,,,
A73 - Jerez Black Metallic,,NCH3 - Beige Novillo Leather,,WBSKG9C55BE368494,,E368494,"MSRP,ZCW,ZPP.2,ZTP,2MK,2MT.1,302,403,507,6FL,655,752",,,"Jun 10, 2010",550,,,,,,,,,,
300 - Alpine White,,NCH2 - Fox Red Novillo Leather,,WBSKG9C57BE368495,,E368495,"MSRP,ZCW,ZPP.3,ZTP,2MK,2MT.1,302,6FL",,,"Jun 10, 2010",,,,,,,,,,,
A52 - Space Gray Metallic,,NCSW - Black Novillo Leather,,WBSKG9C59BE368496,,E368496,"MSRP,ZCP,ZPP.1,ZTP,302,403,494,6FL,6NF,655,752",,,"Jun 10, 2010",550,,,,,,,,,,
A73 - Jerez Black Metallic,,NCSW - Black Novillo Leather,,WBSKG9C50BE368497,,E368497,"MSRP,ZCW,ZPP.3,ZTP,2MK,415,507,5AC,6FL,6NF,655,752",,,"Jun 10, 2010",550,,,,,,,,,,
300 - Alpine White,,NDH2 - Fox Red Extended Leather,,WBSKG9C52BE368498,,E368498,"MSRP,ZCP,ZCW,ZPP.3,ZTP,2MK,302,507,6FL,752",,,"Jun 10, 2010",1100,,,,,,,,,,
300 - Alpine White,,GEAT - Anthracite/Black Cloth & Leather,,WBSKG9C54BE368499,,E368499,"MSRP,ZCP,ZCW,ZPP.1,ZTP,6FL,752",,,"Jun 10, 2010",,,,,,,,,,,
668 - Jet Black,,NCSW - Black Novillo Leather,,WBSKG9C57BE368500,,E368500,"MSRP,ZCW,ZPP.3,ZTP,2MK,2MT.1,302,403,507,6FL,655,752",,,"Jun 10, 2010",,,,,,,,,,,
A73 - Jerez Black Metallic,,NCH2 - Fox Red Novillo Leather,,WBSKG9C59BE368501,,E368501,"MSRP,ZCW,ZPP.3,2MT.1,6FL,6NF",,,"Jun 11, 2010",550,,,,,,,,,,
300 - Alpine White,,NCSW - Black Novillo Leather,,WBSKG9C50BE368502,,E368502,"MSRP,494,507,609,6FL,655",,,"Jun 11, 2010",950,,,,,,,,,,
A75 - Melbourne Red Metallic,,NCSW - Black Novillo Leather,,WBSKG9C52BE368503,,E368503,"MSRP,ZPP.1,ZTP,2MK,2MT.1,6FL,6NF,655,752",,,"Jun 11, 2010",550,,,,,,,,,,
300 - Alpine White,,GEAT - Anthracite/Black Cloth & Leather,,WBSKG9C54BE368504,,E368504,"MSRP,ZPP.2,ZTP,403,494,6FL",,,"Jun 11, 2010",,,,,,,,,,,
A73 - Jerez Black Metallic,,NCSW - Black Novillo Leather,,WBSKG9C56BE368505,,E368505,"MSRP,ZCP,ZCW,ZPP.3,ZTP,2MK,6FL,655,752",,,"Jun 11, 2010",550,,,,,,,,,,
A73 - Jerez Black Metallic,,NCH2 - Fox Red Novillo Leather,,WBSKG9C58BE368506,,E368506,"MSRP,ZPP.3,ZTP,2MK,2MT.1,494,6FL,655",,,"Jun 11, 2010",550,,,,,,,,,,
A73 - Jerez Black Metallic,,NCSW - Black Novillo Leather,,WBSKG9C5XBE368507,,E368507,"MSRP,ZCW,ZPP.3,ZTP,2MT.1,302,403,507,5AC,6FL,655,752",,,"Jun 11, 2010",550,,,,,,,,,,
A73 - Jerez Black Metallic,,NCSW - Black Novillo Leather,,WBSKG9C51BE368508,,E368508,"MSRP,ZCW,ZPP.3,ZTP,302,403,507,6FL,655,752",,,"Jun 11, 2010",550,,,,,,,,,,
A73 - Jerez Black Metallic,,NCSW - Black Novillo Leather,,WBSKG9C53BE368509,,E368509,"MSRP,ZCW,ZPP.3,ZTP,2MK,2MT.1,302,403,6FL,752",,,"Jun 11, 2010",550,,,,,,,,,,
668 - Jet Black,,NDSW - Black Extended Novillo Leather,,WBSKG9C5XBE368510,,E368510,"MSRP,ZPP.3,ZTP,2MT.1,403,494,6FL,655,752",,,"Jun 11, 2010",1100,,,,,,,,,,
A73 - Jerez Black Metallic,,NCSW - Black Novillo Leather,,WBSKG9C51BE368511,,E368511,"MSRP,ZCW,ZTP,2MT.1,302,403,4MY,507,6FL",,,"Jun 11, 2010",550/950,,,,,,,,,,
A30 - Interlagos Blue Metallic,,NCH2 - Fox Red Novillo Leather,,WBSKG9C53BE368512,,E368512,"MSRP,ZCW,ZPP.3,ZTP,2MT.1,302,403,415,507,6FL,655,752",,,"Jun 11, 2010",550,,,,,,,,,,
300 - Alpine White,,NCH2 - Fox Red Novillo Leather,,WBSKG9C55BE368513,,E368513,"MSRP,ZCP,ZPP.3,ZTP,2MK,302,507,6FL,655,752",,,"Jun 11, 2010",,,,,,,,,,,
A73 - Jerez Black Metallic,,NCH1 - Silver Novillo Leather,,WBSKG9C57BE368514,,E368514,"MSRP,ZCW,ZPP.3,ZTP,2MK,2MT.1,302,6FL,6NF,655,752",,,"Jun 11, 2010",550,,,,,,,,,,
381 - Le Mans Blue Metallic,,NCSW - Black Novillo Leather,,WBSKG9C59BE368515,,E368515,"MSRP,ZCW,ZPP.3,ZTP,2MK,2MT.1,403,6FL,655",,,"Jun 14, 2010",550,,,,,,,,,,
668 - Jet Black,,NCSW - Black Novillo Leather,,WBSKG9C50BE368516,,E368516,"MSRP,ZPP.3,ZTP,2MK,2MT.1,302,507,6FL,655",,,"Jun 14, 2010",,,,,,,,,,,
A52 - Space Gray Metallic,,NCSW - Black Novillo Leather,,WBSKG9C52BE368517,,E368517,"MSRP,ZCP,ZPP.3,ZTP,2MK,403,494,6FL,655,752",,,"Jun 14, 2010",550,,,,,,,,,,
A73 - Jerez Black Metallic,,NCH3 - Beige Novillo Leather,,WBSKG9C54BE368518,,E368518,"MSRP,ZPP.2,ZTP,2MK,2MT.1,302,403,507,6FL,655,752",,,"Jun 14, 2010",550,,,,,,,,,,
A73 - Jerez Black Metallic,,NCH3 - Beige Novillo Leather,,WBSKG9C56BE368519,,E368519,"MSRP,ZCP,ZPP.3,ZTP,2MK,302,403,507,6FL,6NF,655,752",,,"Jun 14, 2010",550,,,,,,,,,,
A73 - Jerez Black Metallic,,NDH3 - Beige Novillo Extended Leather,,WBSKG9C52BE368520,,E368520,"MSRP,ZCW,ZPP.2,ZTP,2MK,2MT.1,302,403,507,6FL,655,752",,,"Jun 14, 2010",550/1100,,,,,,,,,,
A73 - Jerez Black Metallic,,NCH2 - Fox Red Novillo Leather,,WBSKG9C54BE368521,,E368521,"MSRP,ZPP.1,ZTP,2MK,2MT.1,302,403,6FL,752",,,"Jun 14, 2010",550,,,,,,,,,,
A73 - Jerez Black Metallic,,NCSW - Black Novillo Leather,,WBSKG9C56BE368522,,E368522,"MSRP,ZCW,ZPP.3,ZTP,2MT.1,302,403,6FL,655,752",,,"Jun 14, 2010",550,,,,,,,,,,
668 - Jet Black,,NCSW - Black Novillo Leather,,WBSKG9C58BE368523,,E368523,"MSRP,ZPP.3,ZTP,2MK,2MT.1,6FL,655",,,"Jun 14, 2010",,,,,,,,,,,
381 - Le Mans Blue Metallic,,NCSW - Black Novillo Leather,,WBSKG9C5XBE368524,,E368524,"MSRP,ZCP,ZCW,ZPP.3,ZTP,2MK,6FL,655,752",,,"Jun 14, 2010",550,,,,,,,,,,
A73 - Jerez Black Metallic,,NCH2 - Fox Red Novillo Leather,,WBSKG9C51BE368525,,E368525,"MSRP,ZCP,ZCW,ZPP.3,ZTP,2MK,302",,,"Jun 14, 2010",550,,,,,,,,,,
A73 - Jerez Black Metallic,,NCH2 - Fox Red Novillo Leather,,WBSKG9C53BE368526,,E368526,"MSRP,ZCP,ZPP.3,ZTP,2MK,6FL,6NF,655,752",,,"Jun 14, 2010",550,,,,,,,,,,
A52 - Space Gray Metallic,,NCSW - Black Novillo Leather,,WBSKG9C55BE368527,,E368527,"MSRP,ZPP.1,ZTP,2MK,2MT.1,302,403,507,6FL,655",,,"Jun 15, 2010",550,,,,,,,,,,
668 - Jet Black,,,,WBSKG9C57BE368528,,E368528,MSRP,,,,,,,,,,,,,,
A52 - Space Gray Metallic,,,,WBSKG9C59BE368529,,E368529,MSRP,,,,,,,,,,,,,,
A73 - Jerez Black Met.,,,,WBSKG9C55BE368530,,E368530,,,,,,,,,,,,,,,
668 - Jet Black,,NCH2 - Fox Red Novillo Leather,,WBSKG9C57BE368531,,E368531,"MSRP,ZCP,ZPP.3,ZTP,2MK,302,494,5AC,6FL,6NF,655,752",,,"Jun 15, 2010",,,,,,,,,,,
668 - Jet Black,,NCSW - Black Novillo Leather,,WBSKG9C59BE368532,,E368532,"MSRP,ZPP.3,ZTP,2MK,403,415,494,507,6FL,752",,,"Jun 15, 2010",,,,,,,,,,,
A52 - Space Gray Metallic,,NDSW - Black Extended Novillo Leather,,WBSKG9C50BE368533,,E368533,"MSRP,ZCP,ZPP.3,ZTP,2MK,302,494,507,6FL,655,752",,,"Jun 15, 2010",550/1100,,,,,,,,,,
A52 - Space Gray Metallic,,NCSW - Black Novillo Leather,,WBSKG9C52BE368534,,E368534,"MSRP,ZPP.3,ZTP,2MK,2MT.1,302,494,507,6FL,655,752",,,"Jun 15, 2010",550,,,,,,,,,,
A52 - Space Gray Metallic,,NCSW - Black Novillo Leather,,WBSKG9C54BE368535,,E368535,"MSRP,ZCP,ZCW,ZPP.3,ZTP,2MK,302,6FL,655,752",,,"Jun 15, 2010",550,,,,,,,,,,
300 - Alpine White,,NCSW - Black Novillo Leather,,WBSKG9C56BE368536,,E368536,"MSRP,ZCW,ZPP.3,ZTP,2MT.1,302,507,6FL,6NF",,,"Jun 15, 2010",,,,,,,,,,,
300 - Alpine White,,NCSW - Black Novillo Leather,,WBSKG9C58BE368537,,E368537,"MSRP,ZCP,ZPP.3,ZTP,2MK,302,415,6FL,6NF,752",,,"Jun 15, 2010",,,,,,,,,,,
300 - Alpine White,,NCH3 - Beige Novillo Leather,,WBSKG9C5XBE368538,,E368538,"MSRP,ZCW,ZPP.2,ZTP,2MK,2MT.1,403,507,6FL,655,752",,,"Jun 15, 2010",,,,,,,,,,,
300 - Alpine White,,NCSW - Black Novillo Leather,,WBSKG9C51BE368539,,E368539,"MSRP,ZCP,ZPP.3,ZTP,2MK,302,494,5AC,6FL,655,752",,,"Jun 15, 2010",,,,,,,,,,,
668 - Jet Black,,NCSW - Black Novillo Leather,,WBSKG9C58BE368540,,E368540,"MSRP,ZPP.3,ZTP,2MK,2MT.1,403,494,507,6FL,752",,,"Jun 16, 2010",,,,,,,,,,,
A29 - Silverstone Metallic II,,NCSW - Black Novillo Leather,,WBSKG9C5XBE368541,,E368541,"MSRP,ZPP.1,ZTP,2MT.1,403,494,655",,,"Jun 16, 2010",550,,,,,,,,,,
A52 - Space Gray Metallic,,NCSW - Black Novillo Leather,,WBSKG9C51BE368542,,E368542,"MSRP,ZCP,ZPP.3,ZTP,2MK,302,494,507,6FL,6NF,655,752",,,"Jun 16, 2010",550,,,,,,,,,,
A29 - Silverstone Metallic II,,NCH2 - Fox Red Novillo Leather,,WBSKG9C53BE368543,,E368543,"MSRP,ZCW,ZPP.1,ZTP,2MT.1,403,6FL,655,752",,,"Jun 16, 2010",550,,,,,,,,,,
381 - Le Mans Blue Metallic,,NDH1 - Silver Novillo Extended Leather,,WBSKG9C55BE368544,,E368544,"MSRP,ZCP,ZPP.1,ZTP,2MK,302,403,494,507,5AC,6FL,6NF,655,752",,,"Jun 16, 2010",550/1100,,,,,,,,,,
381 - Le Mans Blue Metallic,,NCH3 - Beige Novillo Leather,,WBSKG9C57BE368545,,E368545,"MSRP,ZPP.3,ZTP,2MK,302,494,507,5AC,6FL,752",,,"Jun 16, 2010",550,,,,,,,,,,
668 - Jet Black,,NCSW - Black Novillo Leather,,WBSKG9C59BE368546,,E368546,"MSRP,ZCP,ZPP.3,ZTP,2MK,494,507,6FL,6NF,655",,,"Jun 16, 2010",,,,,,,,,,,
668 - Jet Black,,NCSW - Black Novillo Leather,,WBSKG9C50BE368547,,E368547,"MSRP,ZCP,ZPP.2,ZTP,2MK,403,6FL,655,752",,,"Jun 16, 2010",,,,,,,,,,,
300 - Alpine White,,NDH2 - Fox Red Extended Leather,,WBSKG9C52BE368548,,E368548,"MSRP,ZCP,ZCW,ZPP.3,ZTP,2MK,302,415,507,6FL,6NF,752",,,"Jun 16, 2010",1100,,,,,,,,,,
A52 - Space Gray Metallic,,NCSW - Black Novillo Leather,,WBSKG9C54BE368549,,E368549,"MSRP,ZTP,2MT.1,302,403,507,639,6FL,752,771",,,"Jun 16, 2010",550/950,,,,,,,,,,
U83 - Frozen Grey ,,NCH5 - Fox Red/Black Novillo Leather,,WBSKG9C50BE368550,,E368550,"MSRP,ZCP,ZPP.3,ZTP,2MK,494,507,6FL,655,752",,,"Jun 23, 2010",,,,,,,,,,,
U83 - Frozen Grey ,,NCH5 - Fox Red/Black Novillo Leather,,WBSKG9C52BE368551,,E368551,"MSRP,ZCP,ZPP.3,ZTP,2MK,494,507,6FL,655,752",,,"Jun 23, 2010",,,,,,,,,,,
U83 - Frozen Grey ,,NCH5 - Fox Red/Black Novillo Leather,,WBSKG9C54BE368552,,E368552,"MSRP,ZCP,ZPP.3,ZTP,2MK,494,507,6FL,655,752",,,"Jun 23, 2010",,,,,,,,,,,
U83 - Frozen Grey ,,NCH5 - Fox Red/Black Novillo Leather,,WBSKG9C56BE368553,,E368553,"MSRP,ZCP,ZPP.3,ZTP,2MK,494,507,6FL,655,752",,,"Jun 24, 2010",,,,,,,,,,,
U83 - Frozen Grey ,,NCH5 - Fox Red/Black Novillo Leather,,WBSKG9C58BE368554,,E368554,"MSRP,ZCP,ZPP.3,ZTP,2MK,494,507,6FL,655,752",,,"Jun 24, 2010",,,,,,,,,,,
U83 - Frozen Grey ,,NCH5 - Fox Red/Black Novillo Leather,,WBSKG9C5XBE368555,,E368555,"MSRP,ZCP,ZPP.3,ZTP,2MK,494,507,6FL,655,752",,,"Jun 24, 2010",,,,,,,,,,,
A75 - Melbourne Red Metallic,,NCH3 - Beige Novillo Leather,,WBSKG9C51BE368556,,E368556,"MSRP,ZCP,ZPP.3,ZTP,494,6FL,752",,,"Jun 17, 2010",550,,,,,,,,,,
300 - Alpine White,,NCH2 - Fox Red Novillo Leather,,WBSKG9C53BE368557,,E368557,"MSRP,ZCP,ZPP.3,ZTP,2MK,507,6FL,655,752",,,"Jun 17, 2010",,,,,,,,,,,
300 - Alpine White,,NCSW - Black Novillo Leather,,WBSKG9C55BE368558,,E368558,"MSRP,ZCP,ZPP.3,494,609,6FL,655",,,"Jun 17, 2010",,,,,,,,,,,
668 - Jet Black,,NCSW - Black Novillo Leather,,WBSKG9C57BE368559,,E368559,"MSRP,ZPP.1,ZTP,302,494,6FL",,,"Jun 17, 2010",,,,,,,,,,,
381 - Le Mans Blue Metallic,,NDH2 - Fox Red Extended Leather,,WBSKG9C53BE368560,,E368560,"MSRP,ZCW,ZPP.3,ZTP,6FL,655,752",,,"Jun 17, 2010",550/1100,,,,,,,,,,
668 - Jet Black,,NCH2 - Fox Red Novillo Leather,,WBSKG9C55BE368561,,E368561,"MSRP,ZCP,ZPP.3,ZTP,302,507,5AC,6FL,6NF,655,752",,,"Jun 17, 2010",,,,,,,,,,,
668 - Jet Black,,NCH2 - Fox Red Novillo Leather,,WBSKG9C57BE368562,,E368562,"MSRP,ZCP,ZCW,ZPP.3,ZTP,302,507,6FL",,,"Jun 17, 2010",,,,,,,,,,,
668 - Jet Black,,GEAT - Anthracite/Black Cloth & Leather,,WBSKG9C59BE368563,,E368563,"MSRP,ZTP,2MK,302,507,639,6FL,771",,,"Jun 17, 2010",,,,,,,,,,,
A52 - Space Gray Metallic,,NDSW - Black Extended Novillo Leather,,WBSKG9C50BE368564,,E368564,"MSRP,ZCP,ZPP.1,ZTP,2MK,494,6FL,655",,,"Jun 17, 2010",550/1100,,,,,,,,,,
300 - Alpine White,,GEAT - Anthracite/Black Cloth & Leather,,WBSKG9C52BE368565,,E368565,"MSRP,ZCP,ZTP,494,6FL,655,752,771",,,"Jun 18, 2010",,,,,,,,,,,
300 - Alpine White,,NCSW - Black Novillo Leather,,WBSKG9C54BE368566,,E368566,"MSRP,ZCP,ZPP.3,ZTP,2MK,507,6FL,6NF,655,752",,,"Jun 18, 2010",,,,,,,,,,,
A73 - Jerez Black Metallic,,NCSW - Black Novillo Leather,,WBSKG9C56BE368567,,E368567,"MSRP,ZCW,ZPP.3,ZTP,2MT.1,403,507,6FL,655,752",,,"Jun 18, 2010",550,,,,,,,,,,
A52 - Space Gray Metallic,,NDH3 - Beige Novillo Extended Leather,,WBSKG9C58BE368568,,E368568,"MSRP,ZCP,ZCW,ZPP.2,ZTP,2MK,302,403,507,5AC,6FL,6NF,655,752",,,"Jun 18, 2010",550/1100,,,,,,,,,,
A52 - Space Gray Metallic,,NCH2 - Fox Red Novillo Leather,,WBSKG9C5XBE368569,,E368569,"MSRP,ZCP,ZCW,ZPP.3,ZTP,302,403,507,6FL,655,752",,,"Jun 18, 2010",550,,,,,,,,,,
300 - Alpine White,,GEAT - Anthracite/Black Cloth & Leather,,WBSKG9C56BE368570,,E368570,"MSRP,ZTP,494,4MY,507,6FL,863",,,"Jun 18, 2010",,,,,,,,,,,
A73 - Jerez Black Metallic,,NCSW - Black Novillo Leather,,WBSKG9C58BE368571,,E368571,"MSRP,ZCP,ZPP.3,ZTP,2MK,6FL,655,752",,,"Jun 18, 2010",550,,,,,,,,,,
A73 - Jerez Black Metallic,,NCH2 - Fox Red Novillo Leather,,WBSKG9C5XBE368572,,E368572,"MSRP,ZCP,ZPP.3,ZTP,302,6FL,752",,,"Jun 18, 2010",550,,,,,,,,,,
A73 - Jerez Black Metallic,,NCSW - Black Novillo Leather,,WBSKG9C51BE368573,,E368573,"MSRP,ZPP.3,ZTP,2MK,2MT.1,494,6FL,655,752",,,"Jun 18, 2010",550,,,,,,,,,,
668 - Jet Black,,NDH2 - Fox Red Extended Leather,,WBSKG9C53BE368574,,E368574,"MSRP,ZCP,ZCW,ZPP.1,ZTP,302,507,5AC,6FL,655,752",,,"Jun 18, 2010",1100,,,,,,,,,,
668 - Jet Black,,NDH2 - Fox Red Extended Leather,,WBSKG9C55BE368575,,E368575,"MSRP,ZCP,ZPP.3,ZTP,2MK,302,494,5AC,6FL,752",,,"Jun 18, 2010",1100,,,,,,,,,,
300 - Alpine White,,NCH3 - Beige Novillo Leather,,WBSKG9C57BE368576,,E368576,"MSRP,ZPP.3,2MK,2MT.1,403",,,"Jun 21, 2010",,,,,,,,,,,
A52 - Space Gray Metallic,,NDH1 - Silver Novillo Extended Leather,,WBSKG9C59BE368577,,E368577,"MSRP,ZCP,ZPP.1,ZTP,2MK,302,403,494,507,5AC,6FL,6NF,655,752",,,"Jun 21, 2010",550/1100,,,,,,,,,,
A52 - Space Gray Metallic,,NCSW - Black Novillo Leather,,WBSKG9C50BE368578,,E368578,"MSRP,ZCP,ZPP.3,ZTP,2MK,6FL,655,752",,,"Jun 21, 2010",550,,,,,,,,,,
300 - Alpine White,,NCH3 - Beige Novillo Leather,,WBSKG9C52BE368579,,E368579,"MSRP,ZPP.2,ZTP,2MK,2MT.1,302,403,494,507,6FL,6NF,655,752",,,"Jun 21, 2010",,,,,,,,,,,
668 - Jet Black,,NDH2 - Fox Red Extended Leather,,WBSKG9C59BE368580,,E368580,"MSRP,ZCP,ZPP.1,ZTP,2MK,302,415,494,507,5AC,6FL,6NF,655,752",,,"Jun 21, 2010",1100,,,,,,,,,,
668 - Jet Black,,NCSW - Black Novillo Leather,,WBSKG9C50BE368581,,E368581,"MSRP,ZCW,ZPP.1,ZTP,2MK,2MT.1,507,5AC,655,752",,,"Jun 21, 2010",,,,,,,,,,,
300 - Alpine White,,NCH2 - Fox Red Novillo Leather,,WBSKG9C52BE368582,,E368582,"MSRP,ZPP.3,ZTP,415,6FL",,,"Jun 21, 2010",,,,,,,,,,,
300 - Alpine White,,NCSW - Black Novillo Leather,,WBSKG9C54BE368583,,E368583,"MSRP,ZCP,ZPP.1,ZTP,494,6FL,752",,,"Jun 21, 2010",,,,,,,,,,,
300 - Alpine White,,NCSW - Black Novillo Leather,,WBSKG9C56BE368584,,E368584,"MSRP,ZCP,ZPP.1,ZTP,494,6FL,655",,,"Jun 21, 2010",,,,,,,,,,,
300 - Alpine White,,NCSW - Black Novillo Leather,,WBSKG9C58BE368585,,E368585,"MSRP,ZCW,ZPP.2,ZTP,2MK,2MT.1,302,6FL,655",,,"Jun 22, 2010",,,,,,,,,,,
A52 - Space Gray Metallic,,NCSW - Black Novillo Leather,,WBSKG9C5XBE368586,,E368586,"MSRP,ZPP.3,2MK,2MT.1,494,6FL,655",,,"Jun 22, 2010",550,,,,,,,,,,
300 - Alpine White,,NCSW - Black Novillo Leather,,WBSKG9C51BE368587,,E368587,"MSRP,ZCP,ZCW,ZPP.3,ZTP,2MK,6FL,6NF,655,752",,,"Jun 22, 2010",,,,,,,,,,,
300 - Alpine White,,NCH2 - Fox Red Novillo Leather,,WBSKG9C53BE368588,,E368588,"MSRP,ZCP,ZCW,ZPP.3,ZTP,2MK,403,6FL,655,752",,,"Jun 22, 2010",,,,,,,,,,,
A30 - Interlagos Blue Metallic,,NDSW - Black Extended Novillo Leather,,WBSKG9C55BE368589,,E368589,"MSRP,ZPP.3,ZTP,2MK,2MT.1,302,6FL,655,752",,,"Jun 22, 2010",550/1100,,,,,,,,,,
668 - Jet Black,,NCSW - Black Novillo Leather,,WBSKG9C51BE368590,,E368590,"MSRP,ZPP.3,ZTP,2MK,2MT.1,403,494,6FL,655,752",,,"Jun 22, 2010",,,,,,,,,,,
A30 - Interlagos Blue Metallic,,NCSW - Black Novillo Leather,,WBSKG9C53BE368591,,E368591,"MSRP,ZCP,ZPP.1,ZTP,403,507,6FL,655,752",,,"Jun 22, 2010",550,,,,,,,,,,
A30 - Interlagos Blue Metallic,,NCH3 - Beige Novillo Leather,,WBSKG9C55BE368592,,E368592,"MSRP,ZCW,ZPP.2,ZTP,2MK,302,403,507,6FL,655",,,"Jun 22, 2010",550,,,,,,,,,,
300 - Alpine White,,NCSW - Black Novillo Leather,,WBSKG9C57BE368593,,E368593,"MSRP,ZCP,ZCW,ZPP.3,ZTP,2MK,6FL",,,"Jun 22, 2010",,,,,,,,,,,
300 - Alpine White,,NDH2 - Fox Red Extended Leather,,WBSKG9C59BE368594,,E368594,"MSRP,ZCP,ZPP.3,ZTP,2MK,302,415,507,6FL,752",,,"Jun 22, 2010",1100,,,,,,,,,,
300 - Alpine White,,NCH2 - Fox Red Novillo Leather,,WBSKG9C50BE368595,,E368595,"MSRP,ZCP,ZPP.3,ZTP,2MK,302,415,494,507,6FL,655",,,"Jun 22, 2010",,,,,,,,,,,
A30 - Interlagos Blue Metallic,,NCSW - Black Novillo Leather,,WBSKG9C52BE368596,,E368596,"MSRP,ZPP.3,ZTP,2MK,2MT.1,302,507,6FL,655,752",,,"Jun 22, 2010",550,,,,,,,,,,
A30 - Interlagos Blue Metallic,,NCSW - Black Novillo Leather,,WBSKG9C54BE368597,,E368597,"MSRP,ZCP,ZPP.3,ZTP,2MK,302,507,6FL,655,752",,,"Jun 22, 2010",550,,,,,,,,,,
A30 - Interlagos Blue Metallic,,NCSW - Black Novillo Leather,,WBSKG9C56BE368598,,E368598,"MSRP,ZCP,ZCW,ZPP.3,ZTP,2MK,302,507,6FL,6NF,655,752",,,"Jun 23, 2010",550,,,,,,,,,,
A30 - Interlagos Blue Metallic,,NCSW - Black Novillo Leather,,WBSKG9C58BE368599,,E368599,"MSRP,ZCP,ZCW,ZPP.3,ZTP,302,507,6FL,655,752",,,"Jun 23, 2010",550,,,,,,,,,,
A30 - Interlagos Blue Metallic,,NCSW - Black Novillo Leather,,WBSKG9C50BE368600,,E368600,"MSRP,ZCW,ZPP.3,ZTP,2MK,2MT.1,302,415,507,6FL,655,752",,,"Jun 23, 2010",550,,,,,,,,,,
A75 - Melbourne Red Metallic,,NCSW - Black Novillo Leather,,WBSKG9C52BE368601,,E368601,"MSRP,ZCP,ZPP.3,ZTP,494,507,6FL",,,"Jun 23, 2010",550,,,,,,,,,,
668 - Jet Black,,NCSW - Black Novillo Leather,,WBSKG9C54BE368602,,E368602,"MSRP,ZPP.3,ZTP,2MK,2MT.1,494,507,6FL,655,752",,,"Jun 23, 2010",,,,,,,,,,,
A52 - Space Gray Metallic,,NCSW - Black Novillo Leather,,WBSKG9C56BE368603,,E368603,"MSRP,ZPP.3,ZTP,2MK,2MT.1,302,494,5AC,6FL,655,752",,,"Jun 23, 2010",550,,,,,,,,,,
A52 - Space Gray Metallic,,NCH2 - Fox Red Novillo Leather,,WBSKG9C58BE368604,,E368604,"MSRP,ZCP,ZCW,ZPP.3,ZTP,2MK,6FL,655,752",,,"Jun 23, 2010",550,,,,,,,,,,
668 - Jet Black,,NCH2 - Fox Red Novillo Leather,,WBSKG9C5XBE368605,,E368605,"MSRP,ZCP,ZPP.3,ZTP,2MK,302,494,507,6FL,655,752",,,"Jun 23, 2010",,,,,,,,,,,
300 - Alpine White,,NCSW - Black Novillo Leather,,WBSKG9C51BE368606,,E368606,"MSRP,ZCP,ZCW,ZPP.3,ZTP,2MK,302,507,6FL,752",,,"Jun 23, 2010",,,,,,,,,,,
668 - Jet Black,,NCSW - Black Novillo Leather,,WBSKG9C53BE368607,,E368607,"MSRP,ZCP,ZPP.3,ZTP,302,494,6FL,6NF,655",,,"Jun 23, 2010",,,,,,,,,,,
300 - Alpine White,,NCH2 - Fox Red Novillo Leather,,WBSKG9C55BE368608,,E368608,"MSRP,ZCP,ZPP.3,ZTP,2MK,302,507,6FL,6NF,655,752",,,"Jun 23, 2010",,,,,,,,,,,
A73 - Jerez Black Metallic,,NCSW - Black Novillo Leather,,WBSKG9C57BE368609,,E368609,"MSRP,ZCW,ZPP.1,ZTP,403,6FL,655,752",,,"Jun 24, 2010",550,,,,,,,,,,
U83 - Frozen Grey ,,NCH5 - Fox Red/Black Novillo Leather,,WBSKG9C53BE368610,,E368610,"MSRP,ZCP,ZPP.3,ZTP,2MK,494,507,6FL,655,752",,,"Jun 28, 2010",,,,,,,,,,,
U21 - Brilliant White Metallic Tricoat,,NCH2 - Fox Red Novillo Leather,,WBSKG9C55BE368611,,E368611,"MSRP,ZCW,ZPP.3,ZTP,2MK,2MT.1,302,507,5AC,6FL,6NF,655,752",,,"Jun 28, 2010",,,,,,,,,,,
A73 - Jerez Black Metallic,,NCH3 - Beige Novillo Leather,,WBSKG9C57BE368612,,E368612,"MSRP,ZPP.2,2MT.1,403,6FL",,,"Jun 24, 2010",550,,,,,,,,,,
300 - Alpine White,,GEAT - Anthracite/Black Cloth & Leather,,WBSKG9C59BE368613,,E368613,"MSRP,ZCP,ZTP,2MK,4MY,752",,,"Jun 24, 2010",,,,,,,,,,,
300 - Alpine White,,NCSW - Black Novillo Leather,,WBSKG9C50BE368614,,E368614,"MSRP,ZPP.1,ZTP,2MT.1,302,403,494,6FL",,,"Jun 24, 2010",,,,,,,,,,,
A29 - Silverstone Metallic II,,NDH2 - Fox Red Extended Leather,,WBSKG9C52BE368615,,E368615,"MSRP,ZCP,ZPP.3,ZTP,494,507,6FL,655,752",,,"Jun 24, 2010",550/1100,,,,,,,,,,
300 - Alpine White,,NDSW - Black Extended Novillo Leather,,WBSKG9C54BE368616,,E368616,"MSRP,ZCW,ZPP.3,ZTP,2MT.1,302,6FL,6NF,752",,,"Jun 24, 2010",1100,,,,,,,,,,
300 - Alpine White,,NCH2 - Fox Red Novillo Leather,,WBSKG9C56BE368617,,E368617,"MSRP,ZPP.3,ZTP,2MK,2MT.1,494,6FL,6NF,655,752",,,"Jun 24, 2010",,,,,,,,,,,
300 - Alpine White,,NCH2 - Fox Red Novillo Leather,,WBSKG9C58BE368618,,E368618,"MSRP,ZPP.3,ZTP,2MK,2MT.1,494,507,6FL,655,752",,,"Jun 24, 2010",,,,,,,,,,,
668 - Jet Black,,NCH3 - Beige Novillo Leather,,WBSKG9C5XBE368619,,E368619,"MSRP,ZPP.3,ZTP,2MK,2MT.1,302,403,494,507,5AC,6FL,655,752",,,"Jun 24, 2010",,,,,,,,,,,
300 - Alpine White,,NCSW - Black Novillo Leather,,WBSKG9C56BE368620,,E368620,"MSRP,ZPP.3,ZTP,494,752",,,"Jun 24, 2010",,,,,,,,,,,
300 - Alpine White,,NCSW - Black Novillo Leather,,WBSKG9C58BE368621,,E368621,"MSRP,ZPP.1,ZTP,2MK,2MT.1,494,6FL,655,752",,,"Jun 24, 2010",,,,,,,,,,,
300 - Alpine White,,NCH2 - Fox Red Novillo Leather,,WBSKG9C5XBE368622,,E368622,"MSRP,ZCP,ZCW,ZPP.3,ZTP,302,403,415,507,6FL,6NF,655,752",,,"Jun 25, 2010",,,,,,,,,,,
300 - Alpine White,,NCSW - Black Novillo Leather,,WBSKG9C51BE368623,,E368623,"MSRP,ZPP.1,2MK,2MT.1,6FL,655",,,"Jun 25, 2010",,,,,,,,,,,
300 - Alpine White,,NCSW - Black Novillo Leather,,WBSKG9C53BE368624,,E368624,"MSRP,ZCP,ZCW,ZPP.3,ZTP,2MK,6FL,655,752",,,"Jun 25, 2010",,,,,,,,,,,
300 - Alpine White,,NCH3 - Beige Novillo Leather,,WBSKG9C55BE368625,,E368625,"MSRP,ZCP,ZCW,ZPP.3,ZTP,2MK,6FL,655,752",,,"Jun 25, 2010",,,,,,,,,,,
300 - Alpine White,,NCSW - Black Novillo Leather,,WBSKG9C57BE368626,,E368626,"MSRP,ZPP.2,ZTP,2MK,2MT.1,6FL,655",,,"Jun 25, 2010",,,,,,,,,,,
300 - Alpine White,,NCH2 - Fox Red Novillo Leather,,WBSKG9C59BE368627,,E368627,"MSRP,ZCP,ZPP.3,ZTP,2MK,6FL,752",,,"Jun 25, 2010",,,,,,,,,,,
300 - Alpine White,,NCSW - Black Novillo Leather,,WBSKG9C50BE368628,,E368628,"MSRP,ZCP,ZPP.3,ZTP,302,494,507,6FL,655",,,"Jun 25, 2010",,,,,,,,,,,
300 - Alpine White,,GEAT - Anthracite/Black Cloth & Leather,,WBSKG9C52BE368629,,E368629,"MSRP,2MT.1,4MY,609",,,"Jun 25, 2010",,,,,,,,,,,
A52 - Space Gray Metallic,,NCSW - Black Novillo Leather,,WBSKG9C59BE368630,,E368630,"MSRP,ZCP,ZPP.1,ZTP,2MK,494,6FL,6NF",,,"Jun 25, 2010",550,,,,,,,,,,
A52 - Space Gray Metallic,,NDSW - Black Extended Novillo Leather,,WBSKG9C50BE368631,,E368631,"MSRP,ZCP,ZPP.1,ZTP,2MK,494,507,6FL,6NF,655,752",,,"Jun 25, 2010",550/1100,,,,,,,,,,
668 - Jet Black,,NDSW - Black Extended Novillo Leather,,WBSKG9C52BE368632,,E368632,"MSRP,ZCP,ZPP.1,ZTP,2MK,302,494,507,6FL,752",,,"Jun 28, 2010",1100,,,,,,,,,,
300 - Alpine White,,NCSW - Black Novillo Leather,,WBSKG9C54BE368633,,E368633,"MSRP,ZPP.3,ZTP,2MK,2MT.1,302,6FL,6NF,6NR,655,752",,,"Jun 28, 2010",,,,,,,,,,,
381 - Le Mans Blue Metallic,,NCSW - Black Novillo Leather,,WBSKG9C56BE368634,,E368634,"MSRP,ZPP.1,ZTP,2MK,2MT.1,302,507,5AC,6FL,6NF,655,752",,,"Jun 28, 2010",550,,,,,,,,,,
300 - Alpine White,,NCH2 - Fox Red Novillo Leather,,WBSKG9C58BE368635,,E368635,"MSRP,ZCP,ZPP.1,ZTP,2MK,302,6FL,6NF,752",,,"Jun 28, 2010",,,,,,,,,,,
A29 - Silverstone Metallic II,,GEAT - Anthracite/Black Cloth & Leather,,WBSKG9C5XBE368636,,E368636,"MSRP,ZPP.3,ZTP,2MK,2MT.1,302,403,494,507,6FL,655,752",,,"Jun 28, 2010",550,,,,,,,,,,
381 - Le Mans Blue Metallic,,NCSW - Black Novillo Leather,,WBSKG9C51BE368637,,E368637,"MSRP,ZCP,ZPP.3,ZTP,2MK,6FL,655,752",,,"Jun 28, 2010",550,,,,,,,,,,
A29 - Silverstone Metallic II,,NDSW - Black Extended Novillo Leather,,WBSKG9C53BE368638,,E368638,"MSRP,ZPP.3,ZTP,2MK,302,403,6FL,6NF,655,752",,,"Jun 28, 2010",550/1100,,,,,,,,,,
381 - Le Mans Blue Metallic,,NCH1 - Silver Novillo Leather,,WBSKG9C55BE368639,,E368639,"MSRP,ZCW,ZPP.3,ZTP,2MK,2MT.1,6FL,655,752",,,"Jun 28, 2010",550,,,,,,,,,,
300 - Alpine White,,NDSW - Black Extended Novillo Leather,,WBSKG9C51BE368640,,E368640,"MSRP,ZCP,ZPP.3,ZTP,2MK,6FL",,,"Jun 28, 2010",1100,,,,,,,,,,
300 - Alpine White,,NCSW - Black Novillo Leather,,WBSKG9C53BE368641,,E368641,"MSRP,ZCP,ZCW,ZPP.3,ZTP,302,507,6FL",,,"Jun 28, 2010",,,,,,,,,,,
A29 - Silverstone Metallic II,,NCSW - Black Novillo Leather,,WBSKG9C55BE368642,,E368642,"MSRP,ZPP.2,ZTP,2MK,2MT.1,302,415,494,507,5AC,655,752",,,"Jun 28, 2010",550,,,,,,,,,,
A29 - Silverstone Metallic II,,NCSW - Black Novillo Leather,,WBSKG9C57BE368643,,E368643,"MSRP,ZCP,ZPP.3,ZTP,302,494,6FL,655,752",,,"Jun 28, 2010",550,,,,,,,,,,
668 - Jet Black,,NCSW - Black Novillo Leather,,WBSKG9C59BE368644,,E368644,"MSRP,ZCW,ZPP.3,ZTP,2MK,2MT.1,302,507,6FL",,,"Jun 29, 2010",,,,,,,,,,,
A52 - Space Gray Metallic,,NCH1 - Silver Novillo Leather,,WBSKG9C50BE368645,,E368645,"MSRP,ZPP.3,ZTP,2MK,2MT.1,403,6FL,655",,,"Jun 30, 2010",550,,,,,,,,,,
668 - Jet Black,,NCSW - Black Novillo Leather,,WBSKG9C52BE368646,,E368646,"MSRP,ZCW,ZPP.2,ZTP,2MT.1,302,403,6FL,655,752",,,"Jul 1, 2010",,,,,,,,,,,
300 - Alpine White,,NDSW - Black Extended Novillo Leather,,WBSKG9C54BE368647,,E368647,"MSRP,494,507,609,6FL,655",,,"Jul 1, 2010",2000,,,,,,,,,,
A73 - Jerez Black Metallic,,ZAP2 - Unknown Upholstery Code,,WBSKG9C56BE368648,,E368648,"MSRP,ZCP,ZPP.3,ZTP,2MK,302,507,6FL,655,752",,,"Jul 7, 2010",550,,,,,,,,,,
U83 - Frozen Grey ,,NCH5 - Fox Red/Black Novillo Leather,,WBSKG9C58BE368649,,E368649,"MSRP,ZCP,ZPP.3,ZTP,2MK,494,507,6FL,655,752",,,"Jul 8, 2010",,,,,,,,,,,
A73 - Jerez Black Metallic,,NCH2 - Fox Red Novillo Leather,,WBSKG9C54BE368650,,E368650,"MSRP,ZCW,ZPP.3,2MK,403,6FL",,,"Jun 29, 2010",550,,,,,,,,,,
300 - Alpine White,,NCH2 - Fox Red Novillo Leather,,WBSKG9C56BE368651,,E368651,"MSRP,ZCP,ZPP.2,2MK,6FL,6NF,655",,,"Jun 29, 2010",,,,,,,,,,,
668 - Jet Black,,NCSW - Black Novillo Leather,,WBSKG9C58BE368652,,E368652,"MSRP,ZCP,ZPP.3,ZTP,2MK,403,507,6FL,655,752",,,"Jun 29, 2010",,,,,,,,,,,
A52 - Space Gray Metallic,,NCSW - Black Novillo Leather,,WBSKG9C5XBE368653,,E368653,"MSRP,ZCW,ZPP.2,ZTP,2MK,2MT.1,507,6FL,655",,,"Jun 29, 2010",550,,,,,,,,,,
300 - Alpine White,,NCSW - Black Novillo Leather,,WBSKG9C51BE368654,,E368654,"MSRP,ZPP.3,ZTP,2MK,2MT.1,403,494,6FL,655,752",,,"Jun 29, 2010",,,,,,,,,,,
300 - Alpine White,,NCSW - Black Novillo Leather,,WBSKG9C53BE368655,,E368655,"MSRP,ZPP.3,ZTP,2MK,2MT.1,302,403,494,507,6FL,6NF,655,752",,,"Jun 29, 2010",,,,,,,,,,,
A75 - Melbourne Red Metallic,,NCSW - Black Novillo Leather,,WBSKG9C55BE368656,,E368656,"MSRP,ZPP.3,ZTP,2MK,2MT.1,494,6FL,655,752",,,"Jun 29, 2010",550,,,,,,,,,,
A73 - Jerez Black Metallic,,NCSW - Black Novillo Leather,,WBSKG9C57BE368657,,E368657,"MSRP,ZPP.2,ZTP,2MK,2MT.1,302,415,507,6FL,6NF,752",,,"Jun 29, 2010",550,,,,,,,,,,
A52 - Space Gray Metallic,,NCSW - Black Novillo Leather,,WBSKG9C59BE368658,,E368658,"MSRP,ZCW,ZPP.3,ZTP,2MT.1,302,415,507,5AC,6FL,6NF,655,752",,,"Jun 29, 2010",550,,,,,,,,,,
A52 - Space Gray Metallic,,NDH3 - Beige Novillo Extended Leather,,WBSKG9C50BE368659,,E368659,"MSRP,ZCP,ZCW,ZPP.2,ZTP,2MK,302,415,507,6FL,752,863",,,"Jun 29, 2010",550/1100,,,,,,,,,,
668 - Jet Black,,NDSW - Black Extended Novillo Leather,,WBSKG9C57BE368660,,E368660,"MSRP,ZCP,ZPP.1,ZTP,2MK,302,403,494,507,6FL,6NF,655,752",,,"Jun 29, 2010",1100,,,,,,,,,,
A75 - Melbourne Red Metallic,,NCSW - Black Novillo Leather,,WBSKG9C59BE368661,,E368661,"MSRP,ZCP,ZPP.3,ZTP,2MK,494,507,6FL,863",,,"Jun 30, 2010",550,,,,,,,,,,
A73 - Jerez Black Metallic,,NCSW - Black Novillo Leather,,WBSKG9C50BE368662,,E368662,"MSRP,ZPP.2,2MK,2MT.1,494,507,6FL",,,"Jun 30, 2010",550,,,,,,,,,,
A29 - Silverstone Metallic II,,NCSW - Black Novillo Leather,,WBSKG9C52BE368663,,E368663,"MSRP,ZCW,ZPP.1,2MK,2MT.1,302,403,6FL,6NF,655",,,"Jun 30, 2010",550,,,,,,,,,,
A73 - Jerez Black Metallic,,NCSW - Black Novillo Leather,,WBSKG9C54BE368664,,E368664,"MSRP,ZCW,ZPP.1,ZTP,2MK,2MT.1,302,415,507,6FL,655,752",,,"Jun 30, 2010",550,,,,,,,,,,
A73 - Jerez Black Metallic,,NCH3 - Beige Novillo Leather,,WBSKG9C56BE368665,,E368665,"MSRP,ZCW,ZPP.1,403,6FL,6NF",,,"Jun 30, 2010",550,,,,,,,,,,
A29 - Silverstone Metallic II,,NCSW - Black Novillo Leather,,WBSKG9C58BE368666,,E368666,"MSRP,ZPP.1,ZTP,2MK,2MT.1,6FL",,,"Jun 30, 2010",550,,,,,,,,,,
A29 - Silverstone Metallic II,,NCSW - Black Novillo Leather,,WBSKG9C5XBE368667,,E368667,"MSRP,ZCW,ZPP.3,ZTP,2MK,302,415,507,6FL,655,752",,,"Jun 30, 2010",550,,,,,,,,,,
A73 - Jerez Black Metallic,,NCSW - Black Novillo Leather,,WBSKG9C51BE368668,,E368668,"MSRP,ZCP,ZCW,ZPP.2,ZTP,302,507,5AC,6FL,6NF,655,752",,,"Jun 30, 2010",550,,,,,,,,,,
A73 - Jerez Black Metallic,,NCH2 - Fox Red Novillo Leather,,WBSKG9C53BE368669,,E368669,"MSRP,ZCW,ZPP.3,ZTP,2MK,2MT.1,302,415,507,6FL,655,752",,,"Jul 1, 2010",550,,,,,,,,,,
381 - Le Mans Blue Metallic,,NCSW - Black Novillo Leather,,WBSKG9C5XBE368670,,E368670,"MSRP,ZPP.1,ZTP,2MT.1,403,507,6FL,655,752",,,"Jul 1, 2010",550,,,,,,,,,,
A52 - Space Gray Metallic,,NCH2 - Fox Red Novillo Leather,,WBSKG9C51BE368671,,E368671,"MSRP,ZCP,ZCW,ZPP.3,ZTP,2MK,302,6FL,655,752",,,"Jul 1, 2010",550,,,,,,,,,,
300 - Alpine White,,NCSW - Black Novillo Leather,,WBSKG9C53BE368672,,E368672,"MSRP,ZCP,ZPP.1,302,507",,,"Jul 1, 2010",,,,,,,,,,,
A52 - Space Gray Metallic,,NCSW - Black Novillo Leather,,WBSKG9C55BE368673,,E368673,"MSRP,ZPP.3,2MK,6FL,655",,,"Jul 1, 2010",550,,,,,,,,,,
A73 - Jerez Black Metallic,,NCSW - Black Novillo Leather,,WBSKG9C57BE368674,,E368674,"MSRP,ZCW,ZPP.3,ZTP,302,415,507,6FL,655,752",,,"Jul 1, 2010",550,,,,,,,,,,
A52 - Space Gray Metallic,,NCH2 - Fox Red Novillo Leather,,WBSKG9C59BE368675,,E368675,"MSRP,ZCP,4MY,6FL",,,"Jul 1, 2010",550/950,,,,,,,,,,
300 - Alpine White,,GEAT - Anthracite/Black Cloth & Leather,,WBSKG9C50BE368676,,E368676,"MSRP,2MK,6FL,771,863",,,"Jul 1, 2010",,,,,,,,,,,
A73 - Jerez Black Metallic,,NCSW - Black Novillo Leather,,WBSKG9C52BE368677,,E368677,"MSRP,ZCP,ZCW,ZPP.1,ZTP,2MK,302,403,507,6FL,6NF,655",,,"Jul 1, 2010",550,,,,,,,,,,
A73 - Jerez Black Metallic,,NCH3 - Beige Novillo Leather,,WBSKG9C54BE368678,,E368678,"MSRP,ZPP.3,ZTP,2MK,2MT.1,302,403,507,5AC,6FL,655,752",,,"Jul 2, 2010",550,,,,,,,,,,
A73 - Jerez Black Metallic,,NCSW - Black Novillo Leather,,WBSKG9C56BE368679,,E368679,"MSRP,ZCW,ZPP.3,ZTP,2MK,302,403,6FL,6NF,655",,,"Jul 2, 2010",550,,,,,,,,,,
A73 - Jerez Black Metallic,,NCSW - Black Novillo Leather,,WBSKG9C52BE368680,,E368680,"MSRP,ZCP,ZCW,ZPP.3,ZTP,2MK,302,403,507,5AC,6FL,6NF,655,752",,,"Jul 2, 2010",550,,,,,,,,,,
A73 - Jerez Black Metallic,,NCSW - Black Novillo Leather,,WBSKG9C54BE368681,,E368681,"MSRP,ZCP,ZPP.3,ZTP,302,403,6FL,6NF",,,"Jul 2, 2010",550,,,,,,,,,,
A75 - Melbourne Red Metallic,,NCSW - Black Novillo Leather,,WBSKG9C56BE368682,,E368682,"MSRP,ZPP.2,ZTP,2MK,2MT.1,403,494,6FL,655,752",,,"Jul 2, 2010",550,,,,,,,,,,
A75 - Melbourne Red Metallic,,NCSW - Black Novillo Leather,,WBSKG9C58BE368683,,E368683,"MSRP,2MK,2MT.1,302,403,4MY,507",,,"Jul 2, 2010",550/950,,,,,,,,,,
300 - Alpine White,,NCH2 - Fox Red Novillo Leather,,WBSKG9C5XBE368684,,E368684,"MSRP,ZCP,ZPP.3,ZTP,6FL,752",,,"Jul 2, 2010",,,,,,,,,,,
A75 - Melbourne Red Metallic,,NCSW - Black Novillo Leather,,WBSKG9C51BE368685,,E368685,"MSRP,ZCP,ZPP.3,ZTP,2MK,494",,,"Jul 2, 2010",550,,,,,,,,,,
A75 - Melbourne Red Metallic,,NCSW - Black Novillo Leather,,WBSKG9C53BE368686,,E368686,"MSRP,ZCW,ZPP.3,ZTP,2MT.1,302,403,507,5AC,6FL,655,752",,,"Jul 2, 2010",550,,,,,,,,,,
A75 - Melbourne Red Metallic,,NCH3 - Beige Novillo Leather,,WBSKG9C55BE368687,,E368687,"MSRP,ZCP,ZCW,ZPP.3,ZTP,2MK,302,507,6FL,655,752",,,"Jul 2, 2010",550,,,,,,,,,,
A75 - Melbourne Red Metallic,,NCSW - Black Novillo Leather,,WBSKG9C57BE368688,,E368688,"MSRP,ZCP,ZPP.3,ZTP,2MK,302,415,494,507,6FL,655",,,"Jul 5, 2010",550,,,,,,,,,,
A75 - Melbourne Red Metallic,,NCSW - Black Novillo Leather,,WBSKG9C59BE368689,,E368689,"MSRP,ZCW,ZPP.3,ZTP,2MK,2MT.1,302,6FL",,,"Jul 5, 2010",550,,,,,,,,,,
300 - Alpine White,,GEAT - Anthracite/Black Cloth & Leather,,WBSKG9C55BE368690,,E368690,"MSRP,507,609,771",,,"Jul 5, 2010",,,,,,,,,,,
300 - Alpine White,,NCH2 - Fox Red Novillo Leather,,WBSKG9C57BE368691,,E368691,"MSRP,ZCW,ZPP.3,ZTP,2MK,2MT.1,302,507,6FL,6NF,655",,,"Jul 5, 2010",,,,,,,,,,,
A52 - Space Gray Metallic,,NCH2 - Fox Red Novillo Leather,,WBSKG9C59BE368692,,E368692,"MSRP,ZCP,ZPP.3,ZTP,2MK,302,6FL,752",,,"Jul 5, 2010",550,,,,,,,,,,
300 - Alpine White,,NCSW - Black Novillo Leather,,WBSKG9C50BE368693,,E368693,"MSRP,ZCP,ZPP.2,302,403,415,6FL",,,"Jul 5, 2010",,,,,,,,,,,
A52 - Space Gray Metallic,,NCH2 - Fox Red Novillo Leather,,WBSKG9C52BE368694,,E368694,"MSRP,ZPP.2,ZTP,2MK,2MT.1,403,494,6FL,655,752",,,"Jul 5, 2010",550,,,,,,,,,,
300 - Alpine White,,GEAT - Anthracite/Black Cloth & Leather,,WBSKG9C54BE368695,,E368695,"MSRP,4MY,6FL",,,"Jul 5, 2010",,,,,,,,,,,
668 - Jet Black,,NCSW - Black Novillo Leather,,WBSKG9C56BE368696,,E368696,"MSRP,ZCP,ZCW,ZPP.3,ZTP,2MK,302,6FL,655,752",,,"Jul 5, 2010",,,,,,,,,,,
300 - Alpine White,,NDH2 - Fox Red Extended Leather,,WBSKG9C58BE368697,,E368697,"MSRP,ZCW,ZPP.3,ZTP,2MK,2MT.1,302,507,5AC,6FL,6NF,655,752",,,"Jul 5, 2010",1100,,,,,,,,,,
300 - Alpine White,,NDH2 - Fox Red Extended Leather,,WBSKG9C5XBE368698,,E368698,"MSRP,ZCP,ZCW,ZPP.3,ZTP,2MK,302,507,5AC,6FL,6NF,655,752",,,"Jul 5, 2010",1100,,,,,,,,,,
300 - Alpine White,,NCH2 - Fox Red Novillo Leather,,WBSKG9C51BE368699,,E368699,"MSRP,ZPP.3,ZTP,2MK,494,507,6FL,6NF",,,"Jul 5, 2010",,,,,,,,,,,
381 - Le Mans Blue Metallic,,NCH2 - Fox Red Novillo Leather,,WBSKG9C54BE368700,,E368700,"MSRP,ZCP,ZCW,ZPP.1,ZTP,2MK,302,415,507,5AC,6FL,6NF,655,752",,,"Jul 5, 2010",550,,,,,,,,,,
668 - Jet Black,,NCSW - Black Novillo Leather,,WBSKG9C56BE368701,,E368701,"MSRP,ZCP,403,494,609,655,771",,,"Jul 6, 2010",950,,,,,,,,,,
300 - Alpine White,,NCSW - Black Novillo Leather,,WBSKG9C58BE368702,,E368702,"MSRP,ZCP,ZPP.3,ZTP,2MK,302,494,507,5AC,6FL,655,752",,,"Jul 6, 2010",,,,,,,,,,,
668 - Jet Black,,NCSW - Black Novillo Leather,,WBSKG9C5XBE368703,,E368703,"MSRP,ZCP,ZCW,ZPP.3,ZTP,2MK,302,6FL,752",,,"Jul 6, 2010",,,,,,,,,,,
A75 - Melbourne Red Metallic,,NDH3 - Beige Novillo Extended Leather,,WBSKG9C51BE368704,,E368704,"MSRP,ZCP,ZPP.3,ZTP,2MK,302,403,415,494,507,6FL,655,752",,,"Jul 6, 2010",550/1100,,,,,,,,,,
300 - Alpine White,,NCSW - Black Novillo Leather,,WBSKG9C53BE368705,,E368705,"MSRP,ZPP.3,ZTP,2MK,2MT.1,302,494,507,6FL,6NF,655,752",,,"Jul 6, 2010",,,,,,,,,,,
300 - Alpine White,,NDH3 - Beige Novillo Extended Leather,,WBSKG9C55BE368706,,E368706,"MSRP,ZCP,ZPP.2,ZTP,2MK,494,507,6FL,6NF,655",,,"Jul 6, 2010",1100,,,,,,,,,,
300 - Alpine White,,NDSW - Black Extended Novillo Leather,,WBSKG9C57BE368707,,E368707,"MSRP,ZCP,ZCW,ZPP.3,ZTP,2MK,302,415,507,5AC,6FL,6NF,655,752",,,"Jul 6, 2010",1100,,,,,,,,,,
300 - Alpine White,,NCH1 - Silver Novillo Leather,,WBSKG9C59BE368708,,E368708,"MSRP,ZCW,ZPP.3,ZTP,2MT.1,655,752",,,"Jul 6, 2010",,,,,,,,,,,
A52 - Space Gray Metallic,,NCH2 - Fox Red Novillo Leather,,WBSKG9C50BE368709,,E368709,"MSRP,ZCW,ZPP.1,ZTP,2MT.1,302,403,415,507,6FL,655,752",,,"Jul 6, 2010",550,,,,,,,,,,
668 - Jet Black,,NDH2 - Fox Red Extended Leather,,WBSKG9C57BE368710,,E368710,"MSRP,ZCP,ZPP.3,ZTP,2MK,507,6FL,6NF,655,752",,,"Jul 6, 2010",1100,,,,,,,,,,
A52 - Space Gray Metallic,,NDH2 - Fox Red Extended Leather,,WBSKG9C59BE368711,,E368711,MSRP,,,"Jul 6, 2010",2000,,,,,,,,,,
300 - Alpine White,,NCSW - Black Novillo Leather,,WBSKG9C50BE368712,,E368712,"MSRP,ZCP,ZCW,ZPP.3,ZTP,507",,,"Jul 6, 2010",,,,,,,,,,,
300 - Alpine White,,GEAT - Anthracite/Black Cloth & Leather,,WBSKG9C52BE368713,,E368713,"MSRP,ZCP,ZTP,302,4MX,6FL,752,863",,,"Jul 6, 2010",,,,,,,,,,,
300 - Alpine White,,NDSW - Black Extended Novillo Leather,,WBSKG9C54BE368714,,E368714,"MSRP,ZCP,ZPP.3,ZTP,2MK,302,507,6FL,6NF,752",,,"Jul 7, 2010",1100,,,,,,,,,,
A73 - Jerez Black Metallic,,NCH2 - Fox Red Novillo Leather,,WBSKG9C56BE368715,,E368715,"MSRP,ZCP,ZCW,ZPP.2,ZTP,6FL,655,752",,,"Jul 7, 2010",550,,,,,,,,,,
A29 - Silverstone Metallic II,,NCSW - Black Novillo Leather,,WBSKG9C58BE368716,,E368716,"MSRP,ZPP.1,ZTP,2MK,2MT.1,302,494,507,6FL,752,863",,,"Jul 7, 2010",550,,,,,,,,,,
A29 - Silverstone Metallic II,,NDH2 - Fox Red Extended Leather,,WBSKG9C5XBE368717,,E368717,"MSRP,ZCP,ZCW,ZPP.3,ZTP,302,403,6FL,655,752",,,"Jul 7, 2010",550/1100,,,,,,,,,,
A73 - Jerez Black Metallic,,NCH2 - Fox Red Novillo Leather,,WBSKG9C51BE368718,,E368718,"MSRP,ZCP,ZPP.1,ZTP,2MK,494,507,5AC,6FL,655,752",,,"Jul 7, 2010",550,,,,,,,,,,
A73 - Jerez Black Metallic,,NDH2 - Fox Red Extended Leather,,WBSKG9C53BE368719,,E368719,"MSRP,ZCP,ZCW,ZPP.3,ZTP,2MK,302,507,5AC,6FL,6NF,655,752",,,"Jul 8, 2010",550/1100,,,,,,,,,,
U83 - Frozen Grey ,,NCH5 - Fox Red/Black Novillo Leather,,WBSKG9C5XBE368720,,E368720,"MSRP,ZCP,ZPP.3,ZTP,2MK,494,507,6FL,655,752",,,"Jul 14, 2010",,,,,,,,,,,
U83 - Frozen Grey ,,NCH5 - Fox Red/Black Novillo Leather,,WBSKG9C51BE368721,,E368721,"MSRP,ZCP,ZPP.3,ZTP,2MK,494,507,6FL,655,752",,,"Jul 15, 2010",,,,,,,,,,,
A52 - Space Gray Metallic,,NCSW - Black Novillo Leather,,WBSKG9C53BE368722,,E368722,"MSRP,ZCP,ZCW,ZPP.3,ZTP,302,415,507,6FL,752,863",,,"Jul 8, 2010",550,,,,,,,,,,
A73 - Jerez Black Metallic,,NCSW - Black Novillo Leather,,WBSKG9C55BE368723,,E368723,"MSRP,ZCP,ZPP.3,ZTP,2MK,6FL",,,"Jul 8, 2010",550,,,,,,,,,,
300 - Alpine White,,NDH2 - Fox Red Extended Leather,,WBSKG9C57BE368724,,E368724,"MSRP,ZCP,ZPP.3,ZTP,2MK,415,507,6FL,655,752",,,"Jul 8, 2010",1100,,,,,,,,,,
A73 - Jerez Black Metallic,,NCH2 - Fox Red Novillo Leather,,WBSKG9C59BE368725,,E368725,"MSRP,ZPP.3,494,6FL",,,"Jul 8, 2010",550,,,,,,,,,,
A73 - Jerez Black Metallic,,NCSW - Black Novillo Leather,,WBSKG9C50BE368726,,E368726,"MSRP,ZPP.1,2MT.1,494,6FL",,,"Jul 8, 2010",550,,,,,,,,,,
300 - Alpine White,,NCSW - Black Novillo Leather,,WBSKG9C52BE368727,,E368727,"MSRP,ZCP,ZCW,ZPP.3,ZTP,302",,,"Jul 8, 2010",,,,,,,,,,,
300 - Alpine White,,NCH2 - Fox Red Novillo Leather,,WBSKG9C54BE368728,,E368728,"MSRP,ZCP,ZPP.3,ZTP,2MK,302,494,507,6FL,6NF,655,752",,,"Jul 8, 2010",,,,,,,,,,,
300 - Alpine White,,NDH3 - Beige Novillo Extended Leather,,WBSKG9C56BE368729,,E368729,"MSRP,ZCP,ZCW,ZPP.3,ZTP,2MK,403,507,6FL,655,752",,,"Jul 8, 2010",1100,,,,,,,,,,
300 - Alpine White,,NDH1 - Silver Novillo Extended Leather,,WBSKG9C52BE368730,,E368730,"MSRP,494,507,609,6FL,655",,,"Jul 8, 2010",2000,,,,,,,,,,
A29 - Silverstone Metallic II,,NCSW - Black Novillo Leather,,WBSKG9C54BE368731,,E368731,"MSRP,ZPP.3,ZTP,302,403,494,655",,,"Jul 8, 2010",550,,,,,,,,,,
A73 - Jerez Black Metallic,,NCH2 - Fox Red Novillo Leather,,WBSKG9C56BE368732,,E368732,"MSRP,ZPP.3,2MT.1,403,494,507,6FL,6NF,655",,,"Jul 9, 2010",550,,,,,,,,,,
668 - Jet Black,,NCH2 - Fox Red Novillo Leather,,WBSKG9C58BE368733,,E368733,"MSRP,ZPP.2,ZTP,2MT.1,6FL,752",,,"Jul 9, 2010",,,,,,,,,,,
A29 - Silverstone Metallic II,,NCSW - Black Novillo Leather,,WBSKG9C5XBE368734,,E368734,"MSRP,ZPP.3,ZTP,2MK,2MT.1,403,6FL,655,752",,,"Jul 9, 2010",550,,,,,,,,,,
A29 - Silverstone Metallic II,,NCSW - Black Novillo Leather,,WBSKG9C51BE368735,,E368735,"MSRP,ZPP.3,ZTP,2MK,2MT.1,302,403,507,6FL,655,752",,,"Jul 9, 2010",550,,,,,,,,,,
A29 - Silverstone Metallic II,,NCSW - Black Novillo Leather,,WBSKG9C53BE368736,,E368736,"MSRP,ZCW,ZPP.3,ZTP,2MT.1,507,6FL,655,752",,,"Jul 9, 2010",550,,,,,,,,,,
A73 - Jerez Black Metallic,,NCH3 - Beige Novillo Leather,,WBSKG9C55BE368737,,E368737,"MSRP,ZCP,ZPP.3,ZTP,2MK,302,507,6FL,6NF,655,752",,,"Jul 9, 2010",550,,,,,,,,,,
A73 - Jerez Black Metallic,,NCSW - Black Novillo Leather,,WBSKG9C57BE368738,,E368738,"MSRP,ZPP.3,ZTP,2MK,2MT.1,302,403,494,6FL,655",,,"Jul 9, 2010",550,,,,,,,,,,
A73 - Jerez Black Metallic,,NCSW - Black Novillo Leather,,WBSKG9C59BE368739,,E368739,"MSRP,ZCW,ZPP.1,ZTP,2MK,2MT.1,302,403,6FL,6NF,655,752",,,"Jul 9, 2010",550,,,,,,,,,,
A73 - Jerez Black Metallic,,NDSW - Black Extended Novillo Leather,,WBSKG9C55BE368740,,E368740,"MSRP,ZPP.3,ZTP,2MK,2MT.1,403,6FL,655,752",,,"Jul 9, 2010",550/1100,,,,,,,,,,
A29 - Silverstone Metallic II,,NCSW - Black Novillo Leather,,WBSKG9C57BE368741,,E368741,"MSRP,ZCP,ZPP.1,ZTP,2MK,494,6FL,655,752",,,"Jul 9, 2010",550,,,,,,,,,,
A73 - Jerez Black Metallic,,NCSW - Black Novillo Leather,,WBSKG9C59BE368742,,E368742,"MSRP,ZCP,ZCW,ZPP.3,ZTP,2MK,302,507,6FL,6NF,655,752",,,"Jul 9, 2010",550,,,,,,,,,,
A73 - Jerez Black Metallic,,NCSW - Black Novillo Leather,,WBSKG9C50BE368743,,E368743,"MSRP,ZPP.1,ZTP,2MT.1,507,6FL,6NF,752,863",,,"Jul 12, 2010",550,,,,,,,,,,
A73 - Jerez Black Metallic,,NCSW - Black Novillo Leather,,WBSKG9C52BE368744,,E368744,"MSRP,ZCW,ZPP.3,ZTP,2MK,2MT.1,302,415,507,6FL,655,752",,,"Jul 12, 2010",550,,,,,,,,,,
A52 - Space Gray Metallic,,NDH2 - Fox Red Extended Leather,,WBSKG9C54BE368745,,E368745,"MSRP,ZCW,ZPP.3,ZTP,2MK,2MT.1,415,507,6FL,752",,,"Jul 12, 2010",550/1100,,,,,,,,,,
300 - Alpine White,,GEAT - Anthracite/Black Cloth & Leather,,WBSKG9C56BE368746,,E368746,"MSRP,ZCP,302,4MX,507,6FL,863",,,"Jul 12, 2010",,,,,,,,,,,
668 - Jet Black,,GEAT - Anthracite/Black Cloth & Leather,,WBSKG9C58BE368747,,E368747,"MSRP,639,6FL,771",,,"Jul 12, 2010",,,,,,,,,,,
300 - Alpine White,,NDSW - Black Extended Novillo Leather,,WBSKG9C5XBE368748,,E368748,"MSRP,ZCP,ZCW,ZPP.3,ZTP,2MK,302,507,6FL,655,752",,,"Jul 12, 2010",1100,,,,,,,,,,
381 - Le Mans Blue Metallic,,NCH3 - Beige Novillo Leather,,WBSKG9C51BE368749,,E368749,"MSRP,ZPP.3,ZTP,2MK,2MT.1,302,403,507,6FL,6NF,655,752",,,"Jul 12, 2010",550,,,,,,,,,,
A96 - Mineral White Met.,,NCSW - Black Novillo Leather,,WBSKG9C58BE368750,,E368750,"MSRP,ZCW,ZPP.3,ZTP,2MT.1,302,6FL",,,"Jul 12, 2010",,,,,,,,,,,
381 - Le Mans Blue Metallic,,NCSW - Black Novillo Leather,,WBSKG9C5XBE368751,,E368751,"MSRP,ZCW,ZPP.3,ZTP,2MT.1,302,403,6FL,6NF,655,752",,,"Jul 12, 2010",550,,,,,,,,,,
300 - Alpine White,,NCH3 - Beige Novillo Leather,,WBSKG9C51BE368752,,E368752,"MSRP,494,507,609,6FL,655",,,"Jul 12, 2010",950,,,,,,,,,,
381 - Le Mans Blue Metallic,,NCSW - Black Novillo Leather,,WBSKG9C53BE368753,,E368753,"MSRP,ZCW,ZPP.3,ZTP,2MK,2MT.1,302,403,507,6FL,655",,,"Jul 12, 2010",550,,,,,,,,,,
A73 - Jerez Black Metallic,,NDSW - Black Extended Novillo Leather,,WBSKG9C55BE368754,,E368754,"MSRP,ZPP.3,ZTP,2MK,302,403,494,6FL,655,752",,,"Jul 12, 2010",550/1100,,,,,,,,,,
668 - Jet Black,,NCSW - Black Novillo Leather,,WBSKG9C57BE368755,,E368755,"MSRP,ZCP,ZPP.3,ZTP,2MK,302,494,6FL,6NF,655,752",,,"Jul 13, 2010",,,,,,,,,,,
381 - Le Mans Blue Metallic,,NDSW - Black Extended Novillo Leather,,WBSKG9C59BE368756,,E368756,"MSRP,ZPP.3,ZTP,2MK,2MT.1,6FL,752",,,"Jul 13, 2010",550/1100,,,,,,,,,,
300 - Alpine White,,NCSW - Black Novillo Leather,,WBSKG9C50BE368757,,E368757,"MSRP,ZPP.3,ZTP,2MK,2MT.1,302,403,494,6FL,6NF,655,752",,,"Jul 13, 2010",,,,,,,,,,,
668 - Jet Black,,NCSW - Black Novillo Leather,,WBSKG9C52BE368758,,E368758,"MSRP,ZCP,ZPP.1,ZTP,2MK,302,403,507,5AC,6FL,655,752",,,"Jul 13, 2010",,,,,,,,,,,
668 - Jet Black,,NCSW - Black Novillo Leather,,WBSKG9C54BE368759,,E368759,"MSRP,ZCW,ZPP.3,ZTP,6FL,752",,,"Jul 13, 2010",,,,,,,,,,,
300 - Alpine White,,NCH2 - Fox Red Novillo Leather,,WBSKG9C50BE368760,,E368760,"MSRP,ZCP,ZTP,2MK,302,415,4MY,507,6FL,752",,,"Jul 13, 2010",950,,,,,,,,,,
300 - Alpine White,,NCSW - Black Novillo Leather,,WBSKG9C52BE368761,,E368761,"MSRP,ZCP,ZPP.3,ZTP,2MK,302,507,6FL,6NF,655,752",,,"Jul 13, 2010",,,,,,,,,,,
668 - Jet Black,,NCSW - Black Novillo Leather,,WBSKG9C54BE368762,,E368762,"MSRP,ZCP,ZTP,2MK,403,494,4MZ,6FL,6NF,6NR,655,752",,,"Jul 13, 2010",950,,,,,,,,,,
300 - Alpine White,,NCSW - Black Novillo Leather,,WBSKG9C56BE368763,,E368763,"MSRP,ZCP,ZPP.3,ZTP,2MK,494,6FL,655,752",,,"Jul 13, 2010",,,,,,,,,,,
300 - Alpine White,,NCH2 - Fox Red Novillo Leather,,WBSKG9C58BE368764,,E368764,"MSRP,ZCP,ZPP.3,ZTP,2MK,302,494,507,6FL,6NF,655,752",,,"Jul 13, 2010",,,,,,,,,,,
300 - Alpine White,,NCSW - Black Novillo Leather,,WBSKG9C5XBE368765,,E368765,"MSRP,ZCP,ZPP.3,ZTP,2MK,302,494,507,6FL",,,"Jul 13, 2010",,,,,,,,,,,
668 - Jet Black,,NCSW - Black Novillo Leather,,WBSKG9C51BE368766,,E368766,"MSRP,ZCP,403,494,609,655,752,771",,,"Jul 13, 2010",950,,,,,,,,,,
668 - Jet Black,,NCSW - Black Novillo Leather,,WBSKG9C53BE368767,,E368767,"MSRP,ZCP,ZPP.3,ZTP,302,403,494,6FL,6NF,655,752",,,"Jul 13, 2010",,,,,,,,,,,
A52 - Space Gray Metallic,,NCSW - Black Novillo Leather,,WBSKG9C55BE368768,,E368768,"MSRP,ZCP,ZPP.3,ZTP,2MK,302,494,6FL,6NF,655,752",,,"Jul 13, 2010",550,,,,,,,,,,
668 - Jet Black,,NCSW - Black Novillo Leather,,WBSKG9C57BE368769,,E368769,"MSRP,ZCP,ZPP.3,ZTP,2MK,403,494,6FL,655,752",,,"Jul 14, 2010",,,,,,,,,,,
A52 - Space Gray Metallic,,NCSW - Black Novillo Leather,,WBSKG9C53BE368770,,E368770,"MSRP,ZPP.2,ZTP,2MT.1,302,494,6FL,752",,,"Jul 14, 2010",550,,,,,,,,,,
300 - Alpine White,,NCSW - Black Novillo Leather,,WBSKG9C55BE368771,,E368771,"MSRP,ZCP,ZCW,ZPP.3,ZTP,2MK,507,655,752",,,"Jul 14, 2010",,,,,,,,,,,
300 - Alpine White,,NCH2 - Fox Red Novillo Leather,,WBSKG9C57BE368772,,E368772,"MSRP,ZCP,ZPP.3,ZTP,2MK,302,494,507,6FL,752",,,"Jul 14, 2010",,,,,,,,,,,
A52 - Space Gray Metallic,,NCH2 - Fox Red Novillo Leather,,WBSKG9C59BE368773,,E368773,"MSRP,ZCP,ZCW,ZPP.3,ZTP,302,403,415,507,6FL,752",,,"Jul 15, 2010",550,,,,,,,,,,
A52 - Space Gray Metallic,,NCSW - Black Novillo Leather,,WBSKG9C50BE368774,,E368774,"MSRP,ZCP,ZPP.3,ZTP,2MK,302,494,6FL,655,752",,,"Jul 16, 2010",550,,,,,,,,,,
300 - Alpine White,,NCSW - Black Novillo Leather,,WBSKG9C52BE368775,,E368775,"MSRP,ZPP.3,ZTP,2MK,2MT.1,302,403,494,5AC,6FL,655,752",,,"Jul 14, 2010",,,,,,,,,,,
A52 - Space Gray Metallic,,NCSW - Black Novillo Leather,,WBSKG9C54BE368776,,E368776,"MSRP,ZCP,ZCW,ZPP.3,ZTP,302,415,6FL,6NF,655,752",,,"Jul 16, 2010",550,,,,,,,,,,
300 - Alpine White,,GEAT - Anthracite/Black Cloth & Leather,,WBSKG9C56BE368777,,E368777,"MSRP,ZCP,494,4MY,6FL",,,"Jul 14, 2010",,,,,,,,,,,
300 - Alpine White,,NDSW - Black Extended Novillo Leather,,WBSKG9C58BE368778,,E368778,"MSRP,ZCP,ZCW,ZPP.3,ZTP,2MK,302,403,415,507,5AC,6FL,655,752",,,"Jul 16, 2010",1100,,,,,,,,,,
A73 - Jerez Black Metallic,,NCSW - Black Novillo Leather,,WBSKG9C5XBE368779,,E368779,"MSRP,ZPP.3,ZTP,2MT.1,403,655,752",,,"Jul 14, 2010",550,,,,,,,,,,
A75 - Melbourne Red Metallic,,NCSW - Black Novillo Leather,,WBSKG9C56BE368780,,E368780,"MSRP,ZCP,ZPP.2,ZTP,2MK,302,507,5AC,6FL,6NF,655,752",,,"Jul 14, 2010",550,,,,,,,,,,
300 - Alpine White,,NCSW - Black Novillo Leather,,WBSKG9C58BE368781,,E368781,"MSRP,ZCP,ZPP.3,ZTP,2MK,6FL,655,752",,,"Jul 14, 2010",,,,,,,,,,,
300 - Alpine White,,GEAT - Anthracite/Black Cloth & Leather,,WBSKG9C5XBE368782,,E368782,"MSRP,ZCP,ZTP,639,771",,,"Jul 14, 2010",,,,,,,,,,,
300 - Alpine White,,NDH3 - Beige Novillo Extended Leather,,WBSKG9C51BE368783,,E368783,"MSRP,ZCP,ZCW,ZPP.3,ZTP,2MK,507,6FL,655,752",,,"Jul 14, 2010",1100,,,,,,,,,,
300 - Alpine White,,NCH2 - Fox Red Novillo Leather,,WBSKG9C53BE368784,,E368784,"MSRP,ZCP,ZPP.3,ZTP,2MK,507,6FL,6NF,655,752",,,"Jul 14, 2010",,,,,,,,,,,
A52 - Space Gray Metallic,,NCSW - Black Novillo Leather,,WBSKG9C55BE368785,,E368785,"MSRP,ZCP,ZPP.3,403,494,6FL,655",,,"Jul 15, 2010",550,,,,,,,,,,
U83 - Frozen Grey ,,NCH5 - Fox Red/Black Novillo Leather,,WBSKG9C57BE368786,,E368786,"MSRP,ZCP,ZPP.3,ZTP,2MK,494,507,6FL,655,752",,,"Jul 22, 2010",,,,,,,,,,,
U83 - Frozen Grey ,,NCH5 - Fox Red/Black Novillo Leather,,WBSKG9C59BE368787,,E368787,"MSRP,ZCP,ZPP.3,ZTP,2MK,494,507,6FL,655,752",,,"Jul 22, 2010",,,,,,,,,,,
A29 - Silverstone Metallic II,,NCSW - Black Novillo Leather,,WBSKG9C50BE368788,,E368788,"MSRP,2MK,302,771",,,"Jul 15, 2010",550/950,,,,,,,,,,
A73 - Jerez Black Metallic,,NCSW - Black Novillo Leather,,WBSKG9C52BE368789,,E368789,"MSRP,ZCP,ZCW,ZPP.1,ZTP,2MK,302,507,6FL,655",,,"Jul 15, 2010",550,,,,,,,,,,
A75 - Melbourne Red Metallic,,GEAT - Anthracite/Black Cloth & Leather,,WBSKG9C59BE368790,,E368790,"MSRP,4MX,655",,,"Jul 15, 2010",550,,,,,,,,,,
668 - Jet Black,,NCSW - Black Novillo Leather,,WBSKG9C50BE368791,,E368791,"MSRP,ZCW,ZPP.3,ZTP,2MK,302,403,415,507,6FL",,,"Jul 15, 2010",,,,,,,,,,,
A73 - Jerez Black Metallic,,NCH3 - Beige Novillo Leather,,WBSKG9C52BE368792,,E368792,"MSRP,ZCW,ZPP.3,ZTP,2MK,2MT.1,302,403,507,6FL,655",,,"Jul 16, 2010",550,,,,,,,,,,
300 - Alpine White,,NDH2 - Fox Red Extended Leather,,WBSKG9C54BE368793,,E368793,"MSRP,ZCP,ZPP.3,ZTP,2MK,302,507,6FL,6NF,752",,,"Jul 15, 2010",1100,,,,,,,,,,
A52 - Space Gray Metallic,,GEAT - Anthracite/Black Cloth & Leather,,WBSKG9C56BE368794,,E368794,"MSRP,ZCP,ZTP,2MK,302,4MY,6FL,6NF",,,"Jul 15, 2010",550,,,,,,,,,,
A73 - Jerez Black Metallic,,NCH3 - Beige Novillo Leather,,WBSKG9C58BE368795,,E368795,"MSRP,ZCP,ZPP.3,ZTP,302,494,6FL,655,752",,,"Jul 15, 2010",550,,,,,,,,,,
A73 - Jerez Black Metallic,,NCSW - Black Novillo Leather,,WBSKG9C5XBE368796,,E368796,"MSRP,ZCW,ZPP.2,ZTP,2MK,2MT.1,302,403,507,6FL,6NF,655,752",,,"Jul 15, 2010",550,,,,,,,,,,
A30 - Interlagos Blue Metallic,,NDH1 - Silver Novillo Extended Leather,,WBSKG9C51BE368797,,E368797,"MSRP,ZCP,ZCW,ZPP.1,ZTP,2MK,415,507,6FL,655,752",,,"Jul 16, 2010",550/1100,,,,,,,,,,
A73 - Jerez Black Metallic,,NCSW - Black Novillo Leather,,WBSKG9C53BE368798,,E368798,"MSRP,ZCW,ZPP.3,ZTP,2MT.1,6FL,655",,,"Jul 16, 2010",550,,,,,,,,,,
A73 - Jerez Black Metallic,,NCSW - Black Novillo Leather,,WBSKG9C55BE368799,,E368799,"MSRP,ZPP.1,ZTP,2MK,2MT.1,494,6FL,655,752",,,"Jul 16, 2010",550,,,,,,,,,,
A73 - Jerez Black Metallic,,NCSW - Black Novillo Leather,,WBSKG9C58BE368800,,E368800,"MSRP.1,ZCW,ZP2.3,ZCV,2MT.1,302,507,6FL,6NF,655,752",,,"Jul 16, 2010",550,,,,,,,,,,
A73 - Jerez Black Metallic,,NCSW - Black Novillo Leather,,WBSKG9C5XBE368801,,E368801,"MSRP.1,ZCW,ZP2.3,ZCV,2MK,2MT.1,302,507,5AC,6FL,655",,,"Jul 16, 2010",550,,,,,,,,,,
381 - Le Mans Blue Metallic,,NCSW - Black Novillo Leather,,WBSKG9C51BE368802,,E368802,"MSRP.1,ZCW,ZP2.1,ZCV,2MK,2MT.1,302,403,507,6FL,655,752",,,"Jul 20, 2010",550,,,,,,,,,,
A73 - Jerez Black Metallic,,NCSW - Black Novillo Leather,,WBSKG9C53BE368803,,E368803,"MSRP.1,ZCP,ZP2.3,ZTP,2MK,494,6FL,655,752",,,"Jul 16, 2010",550,,,,,,,,,,
A73 - Jerez Black Metallic,,NCH3 - Beige Novillo Leather,,WBSKG9C55BE368804,,E368804,"MSRP.1,ZCP,ZP2.3,ZTP,2MK,302,494,6FL,655,752",,,"Jul 16, 2010",550,,,,,,,,,,
381 - Le Mans Blue Metallic,,NCSW - Black Novillo Leather,,WBSKG9C57BE368805,,E368805,"MSRP.1,ZCW,ZTP,2MT.1,302,403,639,6FL,655,771",,,"Jul 16, 2010",550/950,,,,,,,,,,
A73 - Jerez Black Metallic,,NCSW - Black Novillo Leather,,WBSKG9C59BE368806,,E368806,"MSRP.1,ZCW,ZP2.3,ZCV,2MK,2MT.1,302,403,507,6FL,6NF,655,752",,,"Jul 20, 2010",550,,,,,,,,,,
A73 - Jerez Black Metallic,,NCSW - Black Novillo Leather,,WBSKG9C50BE368807,,E368807,"MSRP.1,ZCP,ZCW,ZP2.3,ZCV,302,507,5AC,6FL,6NF,655,752",,,"Jul 16, 2010",550,,,,,,,,,,
A73 - Jerez Black Metallic,,NDH2 - Fox Red Extended Leather,,WBSKG9C52BE368808,,E368808,"MSRP.1,ZCP,ZCW,ZP2.3,ZCV,2MK,302,403,415,507,5AC,6FL,6NF,655,752",,,"Jul 19, 2010",550/1100,,,,,,,,,,
A73 - Jerez Black Metallic,,NCSW - Black Novillo Leather,,WBSKG9C54BE368809,,E368809,"MSRP.1,ZCW,ZP2.3,ZTP,2MT.1,302,6FL",,,"Jul 19, 2010",550,,,,,,,,,,
300 - Alpine White,,NCH2 - Fox Red Novillo Leather,,WBSKG9C50BE368810,,E368810,"MSRP.1,ZP2.1,ZTP,2MK,2MT.1,403,494,6FL,655,752",,,"Jul 19, 2010",,,,,,,,,,,
300 - Alpine White,,NDH2 - Fox Red Extended Leather,,WBSKG9C52BE368811,,E368811,"MSRP.1,494,507,609,6FL,655",,,"Jul 19, 2010",2000,,,,,,,,,,
300 - Alpine White,,NDSW - Black Extended Novillo Leather,,WBSKG9C54BE368812,,E368812,"MSRP.1,ZCW,ZP2.3,ZCV,2MK,2MT.1,302,507,6FL,655,752",,,"Jul 19, 2010",1100,,,,,,,,,,
300 - Alpine White,,NDH2 - Fox Red Extended Leather,,WBSKG9C56BE368813,,E368813,"MSRP.1,ZCW,ZP2.1,ZTP,302,6FL,655,752",,,"Jul 19, 2010",1100,,,,,,,,,,
300 - Alpine White,,NCSW - Black Novillo Leather,,WBSKG9C58BE368814,,E368814,"MSRP.1,ZP2.3,ZTP,6FL",,,"Jul 19, 2010",,,,,,,,,,,
A75 - Melbourne Red Metallic,,NCSW - Black Novillo Leather,,WBSKG9C5XBE368815,,E368815,"MSRP.1,ZCP,ZCW,ZP2.3,ZTP,2MK,6FL,6NF,655,752",,,"Jul 19, 2010",550,,,,,,,,,,
A75 - Melbourne Red Metallic,,NCSW - Black Novillo Leather,,WBSKG9C51BE368816,,E368816,"MSRP.1,ZCP,ZP2.3,ZTP,2MK,302,494,6FL,655,752",,,"Jul 19, 2010",550,,,,,,,,,,
A75 - Melbourne Red Metallic,,NCH3 - Beige Novillo Leather,,WBSKG9C53BE368817,,E368817,"MSRP.1,ZP2.2,ZTP,2MT.1,302,403,6FL,655,752",,,"Jul 19, 2010",550,,,,,,,,,,
A52 - Space Gray Metallic,,NCSW - Black Novillo Leather,,WBSKG9C55BE368818,,E368818,"MSRP.1,ZCW,ZP2.3,ZCV,2MT.1,302,403,507,5AC,6FL,6NF,655",,,"Jul 19, 2010",550,,,,,,,,,,
A29 - Silverstone Metallic II,,NCH2 - Fox Red Novillo Leather,,WBSKG9C57BE368819,,E368819,"MSRP.1,ZCW,ZP2.3,ZTP,2MK,2MT.1,302,415,507,6FL,655,752",,,"Jul 20, 2010",550,,,,,,,,,,
668 - Jet Black,,NCH2 - Fox Red Novillo Leather,,WBSKG9C53BE368820,,E368820,"MSRP.1,ZP2.2,ZTP,2MT.1,403,494,6FL,6NF",,,"Jul 20, 2010",,,,,,,,,,,
668 - Jet Black,,NCH2 - Fox Red Novillo Leather,,WBSKG9C55BE368821,,E368821,"MSRP.1,ZP2.3,ZTP,2MK,2MT.1,494,6FL,655,752",,,"Jul 20, 2010",,,,,,,,,,,
300 - Alpine White,,NCSW - Black Novillo Leather,,WBSKG9C57BE368822,,E368822,"MSRP.1,ZP2.3,2MK,2MT.1,6FL",,,"Jul 20, 2010",,,,,,,,,,,
668 - Jet Black,,NCSW - Black Novillo Leather,,WBSKG9C59BE368823,,E368823,"MSRP.1,ZCP,771",,,"Jul 20, 2010",950,,,,,,,,,,
668 - Jet Black,,NCSW - Black Novillo Leather,,WBSKG9C50BE368824,,E368824,"MSRP.1,ZCW,ZP2.3,ZTP,2MT.1,6FL,655,752",,,"Jul 20, 2010",,,,,,,,,,,
300 - Alpine White,,NCSW - Black Novillo Leather,,WBSKG9C52BE368825,,E368825,"MSRP.1,ZCP,ZP2.3,ZTP,2MK,494,6FL,655",,,"Jul 20, 2010",,,,,,,,,,,
300 - Alpine White,,NCSW - Black Novillo Leather,,WBSKG9C54BE368826,,E368826,"MSRP.1,ZCP,ZP2.3,ZCV,2MK,302,494,507,6FL,655,752",,,"Jul 20, 2010",,,,,,,,,,,
A52 - Space Gray Metallic,,NDH2 - Fox Red Extended Leather,,WBSKG9C56BE368827,,E368827,"MSRP.1,ZCP,ZP2.3,ZTP,403,494,6FL,655,752",,,"Jul 20, 2010",550/1100,,,,,,,,,,
A52 - Space Gray Metallic,,NCH2 - Fox Red Novillo Leather,,WBSKG9C58BE368828,,E368828,"MSRP.1,ZCP,ZP2.3,ZCV,2MK,302,403,494,507,5AC,6FL,655,752",,,"Jul 20, 2010",550,,,,,,,,,,
668 - Jet Black,,NCSW - Black Novillo Leather,,WBSKG9C5XBE368829,,E368829,"MSRP.1,ZP2.3,ZTP,2MK,2MT.1,403,494,6FL,6NF,655,752",,,"Jul 20, 2010",,,,,,,,,,,
300 - Alpine White,,NCSW - Black Novillo Leather,,WBSKG9C56BE368830,,E368830,"MSRP.1,403,494,655,771",,,"Jul 21, 2010",950,,,,,,,,,,
300 - Alpine White,,NCH2 - Fox Red Novillo Leather,,WBSKG9C58BE368831,,E368831,"MSRP.1,ZP2.2,2MK,2MT.1,494,609,6FL,655,752",,,"Jul 21, 2010",,,,,,,,,,,
300 - Alpine White,,NCSW - Black Novillo Leather,,WBSKG9C5XBE368832,,E368832,"MSRP.1,ZCP,ZP2.3,ZTP,2MK,403,494,6FL,6NF,655",,,"Jul 21, 2010",,,,,,,,,,,
300 - Alpine White,,NCSW - Black Novillo Leather,,WBSKG9C51BE368833,,E368833,"MSRP.1,ZCP,ZP2.3,ZTP,2MK,403,494,6FL,655,752",,,"Jul 21, 2010",,,,,,,,,,,
300 - Alpine White,,NDH2 - Fox Red Extended Leather,,WBSKG9C53BE368834,,E368834,"MSRP.1,ZP2.1,ZTP,2MT.1,403,494,507,6FL",,,"Jul 21, 2010",1100,,,,,,,,,,
300 - Alpine White,,NCH3 - Beige Novillo Leather,,WBSKG9C55BE368835,,E368835,"MSRP.1,ZP2.2,2MK,2MT.1,403",,,"Jul 21, 2010",,,,,,,,,,,
300 - Alpine White,,NDSW - Black Extended Novillo Leather,,WBSKG9C57BE368836,,E368836,"MSRP.1,ZCP,ZP2.3,ZCV,2MK,302,494,507,6FL,655,752",,,"Jul 21, 2010",1100,,,,,,,,,,
300 - Alpine White,,NCH3 - Beige Novillo Leather,,WBSKG9C59BE368837,,E368837,"MSRP.1,ZCW,ZP2.3,2MK,2MT.1,302,609,6FL,752",,,"Jul 21, 2010",,,,,,,,,,,
668 - Jet Black,,NCH4 - Palladium/Black Novillo Leather,,WBSKG9C50BE368838,,E368838,"MSRP.1,ZCP,ZP2.3,ZTP,2MK,302,494,6FL,6NF,655,752",,,"Jul 21, 2010",,,,,,,,,,,
A52 - Space Gray Metallic,,NCSW - Black Novillo Leather,,WBSKG9C52BE368839,,E368839,"MSRP.1,ZP2.1,2MK,2MT.1,302,507,6FL,655",,,"Jul 21, 2010",550,,,,,,,,,,
300 - Alpine White,,NCSW - Black Novillo Leather,,WBSKG9C59BE368840,,E368840,"MSRP.1,ZCP,ZCW,ZP2.3,ZCV,2MK,302,403,415,507,6FL,655,752",,,"Jul 22, 2010",,,,,,,,,,,
668 - Jet Black,,NCSW - Black Novillo Leather,,WBSKG9C50BE368841,,E368841,"MSRP.1,ZP2.3,ZTP,2MT.1,403,494,6FL,655,752",,,"Jul 22, 2010",,,,,,,,,,,
300 - Alpine White,,NCSW - Black Novillo Leather,,WBSKG9C52BE368842,,E368842,"MSRP.1,ZCP,ZP2.1,ZTP,2MK,494,6FL,655,752",,,"Jul 22, 2010",,,,,,,,,,,
300 - Alpine White,,NCSW - Black Novillo Leather,,WBSKG9C54BE368843,,E368843,"MSRP.1,ZP2.3,ZTP,2MK,2MT.1,494,6FL,655,752",,,"Jul 22, 2010",,,,,,,,,,,
300 - Alpine White,,NCH2 - Fox Red Novillo Leather,,WBSKG9C56BE368844,,E368844,"MSRP.1,ZCP,ZP2.3,ZTP,2MK,302,494,5AC,6FL,655",,,"Jul 22, 2010",,,,,,,,,,,
A30 - Interlagos Blue Metallic,,NCSW - Black Novillo Leather,,WBSKG9C58BE368845,,E368845,"MSRP.1,ZCP,ZP2.3,2MK,403,494,6FL,6NF,655",,,"Jul 22, 2010",550,,,,,,,,,,
A30 - Interlagos Blue Metallic,,NCSW - Black Novillo Leather,,WBSKG9C5XBE368846,,E368846,"MSRP.1,ZP2.3,ZTP,2MK,2MT.1,302,403,6FL,6NF,655,752",,,"Jul 22, 2010",550,,,,,,,,,,
A73 - Jerez Black Metallic,,NCH3 - Beige Novillo Leather,,WBSKG9C51BE368847,,E368847,"MSRP.1,ZCW,ZP2.3,ZTP,302,403,6FL,655,752",,,"Jul 22, 2010",550,,,,,,,,,,
A52 - Space Gray Metallic,,NCSW - Black Novillo Leather,,WBSKG9C53BE368848,,E368848,"MSRP.1,ZCW,ZP2.1,ZTP,302,403,5AC,6FL,6NF,752",,,"Jul 22, 2010",550,,,,,,,,,,
300 - Alpine White,,GEAT - Anthracite/Black Cloth & Leather,,WBSKG9C55BE368849,,E368849,"MSRP.1,2MK,494,4MY,6FL",,,"Jul 22, 2010",,,,,,,,,,,
300 - Alpine White,,NDSW - Black Extended Novillo Leather,,WBSKG9C51BE368850,,E368850,"MSRP.1,ZCP,ZP2.3,ZTP,2MK,6FL,655,752",,,"Jul 22, 2010",1100,,,,,,,,,,
A52 - Space Gray Metallic,,GEAT - Anthracite/Black Cloth & Leather,,WBSKG9C53BE368851,,E368851,"MSRP.1,ZCP,ZP2.1,ZTP,415,494,6FL,655,752",,,"Jul 22, 2010",550,,,,,,,,,,
381 - Le Mans Blue Metallic,,NDH3 - Beige Novillo Extended Leather,,WBSKG9C55BE368852,,E368852,"MSRP.1,ZCP,ZP2.2,ZTP,2MK,415,6FL,6NF,655",,,"Jul 22, 2010",550/1100,,,,,,,,,,
300 - Alpine White,,NCSW - Black Novillo Leather,,WBSKG9C57BE368853,,E368853,"MSRP.1,ZCP,ZP2.3,ZCV,2MK,302,494,507,6FL,6NF,655,752",,,"Jul 22, 2010",,,,,,,,,,,
A30 - Interlagos Blue Metallic,,NCSW - Black Novillo Leather,,WBSKG9C59BE368854,,E368854,"MSRP.1,ZCP,ZP2.3,ZTP,2MK,494,507,6FL,655,752",,,"Jul 22, 2010",550,,,,,,,,,,
300 - Alpine White,,GEAT - Anthracite/Black Cloth & Leather,,WBSKG9C50BE368855,,E368855,"MSRP.1, 2MT.1,494,4MY",,,"Jul 23, 2010",,,,,,,,,,,
A30 - Interlagos Blue Metallic,,NCSW - Black Novillo Leather,,WBSKG9C52BE368856,,E368856,"MSRP.1,ZCP,ZP2.3",,,"Jul 23, 2010",550,,,,,,,,,,
A29 - Silverstone Metallic II,,NCSW - Black Novillo Leather,,WBSKG9C54BE368857,,E368857,"MSRP.1,ZP2.1,ZTP,2MK,2MT.1,403,494,6FL,655,752",,,"Jul 23, 2010",550,,,,,,,,,,
A29 - Silverstone Metallic II,,NCSW - Black Novillo Leather,,WBSKG9C56BE368858,,E368858,"MSRP.1,ZCW,ZP2.1,ZCV,302,403,507,6FL,6NF,655,752",,,"Jul 23, 2010",550,,,,,,,,,,
A29 - Silverstone Metallic II,,NCSW - Black Novillo Leather,,WBSKG9C58BE368859,,E368859,"MSRP.1,ZCP,ZP2.3,ZTP,2MK,415,507,6FL,6NF,655",,,"Jul 23, 2010",550,,,,,,,,,,
A29 - Silverstone Metallic II,,NCSW - Black Novillo Leather,,WBSKG9C54BE368860,,E368860,"MSRP.1,ZCP,ZP2.2,ZCV,2MK,302,403,494,507,6FL,752",,,"Jul 23, 2010",550,,,,,,,,,,
A29 - Silverstone Metallic II,,NCSW - Black Novillo Leather,,WBSKG9C56BE368861,,E368861,"MSRP.1,ZCP,ZCW,ZP2.3,ZTP,507,6FL,6NF,655,752",,,"Jul 23, 2010",550,,,,,,,,,,
A29 - Silverstone Metallic II,,NCSW - Black Novillo Leather,,WBSKG9C58BE368862,,E368862,"MSRP.1,ZCP,2MK,302,494,4MY,507,609,6FL,752",,,"Jul 23, 2010",550/950,,,,,,,,,,
668 - Jet Black,,NCSW - Black Novillo Leather,,WBSKG9C5XBE368863,,E368863,"MSRP.1,ZP2.1,ZTP,2MK,2MT.1,302,403,494,6FL,655,752",,,"Jul 23, 2010",,,,,,,,,,,
A29 - Silverstone Metallic II,,NCSW - Black Novillo Leather,,WBSKG9C51BE368864,,E368864,"MSRP.1,ZP2.3,ZTP,2MK,2MT.1,494,507,6FL,655,752",,,"Jul 23, 2010",550,,,,,,,,,,
A52 - Space Gray Metallic,,NCSW - Black Novillo Leather,,WBSKG9C53BE368865,,E368865,"MSRP.1,ZCP,ZP2.3,ZCV,2MK,302,403,415,494,507,5AC,6FL,655,752",,,"Jul 23, 2010",550,,,,,,,,,,
A52 - Space Gray Metallic,,NCSW - Black Novillo Leather,,WBSKG9C55BE368866,,E368866,"MSRP.1,ZCP,ZP2.3,ZCV,2MK,302,494,507,6FL,655,752",,,"Jul 23, 2010",550,,,,,,,,,,
A73 - Jerez Black Metallic,,NCSW - Black Novillo Leather,,WBSKG9C57BE368867,,E368867,"MSRP.1,ZCP,ZCW,ZP2.3,ZTP,2MK,302,403,6FL,655,752",,,"Jul 23, 2010",550,,,,,,,,,,
668 - Jet Black,,NDSW - Black Extended Novillo Leather,,WBSKG9C59BE368868,,E368868,"MSRP.1,ZCP,ZCW,ZP2.3,ZCV,2MK,302,507,6FL,655,752",,,"Jul 23, 2010",1100,,,,,,,,,,
A73 - Jerez Black Metallic,,NDSW - Black Extended Novillo Leather,,WBSKG9C50BE368869,,E368869,"MSRP.1,ZCP,ZP2.3,ZTP,2MK,403,494,6FL,655,752",,,"Jul 26, 2010",550/1100,,,,,,,,,,
A73 - Jerez Black Metallic,,NCSW - Black Novillo Leather,,WBSKG9C57BE368870,,E368870,"MSRP.1,ZP2.3,ZTP,2MK,2MT.1,494,507,6FL,655,752",,,"Jul 26, 2010",550,,,,,,,,,,
A73 - Jerez Black Metallic,,NCSW - Black Novillo Leather,,WBSKG9C59BE368871,,E368871,"MSRP.1,ZP2.3,ZCV,2MK,2MT.1,302,403,494,507,6FL,6NF,655,752",,,"Jul 26, 2010",550,,,,,,,,,,
A73 - Jerez Black Metallic,,NCSW - Black Novillo Leather,,WBSKG9C50BE368872,,E368872,"MSRP.1,ZCW,ZP2.3,ZTP,2MK,2MT.1,302,403,6FL,655",,,"Jul 26, 2010",550,,,,,,,,,,
A73 - Jerez Black Metallic,,NCSW - Black Novillo Leather,,WBSKG9C52BE368873,,E368873,"MSRP.1,ZCW,ZP2.3,ZCV,2MK,2MT.1,302,403,507,6FL,655,752",,,"Jul 26, 2010",550,,,,,,,,,,
A73 - Jerez Black Metallic,,NCSW - Black Novillo Leather,,WBSKG9C54BE368874,,E368874,"MSRP.1,ZCP,ZP2.3,ZTP,2MK,494,6FL,655,752",,,"Jul 26, 2010",550,,,,,,,,,,
A73 - Jerez Black Metallic,,NCSW - Black Novillo Leather,,WBSKG9C56BE368875,,E368875,"MSRP.1,ZCW,ZP2.3,ZCV,2MK,2MT.1,302,403,507,6FL,655,752",,,"Jul 26, 2010",550,,,,,,,,,,
A73 - Jerez Black Metallic,,NCSW - Black Novillo Leather,,WBSKG9C58BE368876,,E368876,"MSRP.1,ZP2.3,ZTP,2MK,2MT.1,403,6FL,655,752",,,"Jul 26, 2010",550,,,,,,,,,,
A73 - Jerez Black Metallic,,NCSW - Black Novillo Leather,,WBSKG9C5XBE368877,,E368877,"MSRP.1,ZCW,ZP2.3,ZTP,2MK,2MT.1,302,6FL,655,752",,,"Jul 26, 2010",550,,,,,,,,,,
A73 - Jerez Black Metallic,,NCH3 - Beige Novillo Leather,,WBSKG9C51BE368878,,E368878,"MSRP.1,ZCP,ZCW,ZP2.3,ZCV,2MK,302,403,507,5AC,6FL,6NF,655,752",,,"Jul 26, 2010",550,,,,,,,,,,
A73 - Jerez Black Metallic,,NDH1 - Silver Novillo Extended Leather,,WBSKG9C53BE368879,,E368879,"MSRP.1,ZP2.1,ZCV,302,494,507,6FL,6NF,655,752",,,"Jul 26, 2010",550/1100,,,,,,,,,,
A73 - Jerez Black Metallic,,NCSW - Black Novillo Leather,,WBSKG9C5XBE368880,,E368880,"MSRP.1,ZCW,ZP2.3,ZTP,2MK,2MT.1,302,6FL,655,752",,,"Jul 26, 2010",550,,,,,,,,,,
A73 - Jerez Black Metallic,,NCSW - Black Novillo Leather,,WBSKG9C51BE368881,,E368881,"MSRP.1,ZCP,ZP2.3,ZTP,2MK,494,507,6FL,752",,,"Jul 26, 2010",550,,,,,,,,,,
A29 - Silverstone Metallic II,,NCSW - Black Novillo Leather,,WBSKG9C53BE368882,,E368882,"MSRP.1,ZCW,ZP2.1,2MT.1,302,322,403,6FL",,,"Jul 26, 2010",550,,,,,,,,,,
300 - Alpine White,,NCH2 - Fox Red Novillo Leather,,WBSKG9C55BE368883,,E368883,"MSRP.1,ZCP,ZP2.3,ZTP,6FL,752",,,"Jul 27, 2010",,,,,,,,,,,
A52 - Space Gray Metallic,,NCH2 - Fox Red Novillo Leather,,WBSKG9C57BE368884,,E368884,"MSRP.1,ZCW,ZP2.3,ZTP,2MT.1,403,6FL,6NF,655,752",,,"Jul 27, 2010",550,,,,,,,,,,
300 - Alpine White,,NCH2 - Fox Red Novillo Leather,,WBSKG9C59BE368885,,E368885,"MSRP.1,ZCP,ZP2.3,2MK,609,6FL",,,"Jul 27, 2010",,,,,,,,,,,
381 - Le Mans Blue Metallic,,NDSW - Black Extended Novillo Leather,,WBSKG9C50BE368886,,E368886,"MSRP.1,ZCP,ZP2.3,ZTP,415,494,5AC,6FL,6NF,655,752",,,"Jul 27, 2010",550/1100,,,,,,,,,,
300 - Alpine White,,NDH2 - Fox Red Extended Leather,,WBSKG9C52BE368887,,E368887,"MSRP.1,ZCP,ZP2.3,ZTP,302,655",,,"Jul 27, 2010",1100,,,,,,,,,,
300 - Alpine White,,NDH2 - Fox Red Extended Leather,,WBSKG9C54BE368888,,E368888,"MSRP.1,ZCP,ZP2.1,ZCV,302,494,507,6FL,6NF,655,752",,,"Jul 27, 2010",1100,,,,,,,,,,
300 - Alpine White,,NCSW - Black Novillo Leather,,WBSKG9C56BE368889,,E368889,"MSRP.1,ZCW,ZP2.3,ZCV,2MK,2MT.1,302,507,6FL,752",,,"Jul 27, 2010",,,,,,,,,,,
300 - Alpine White,,NDSW - Black Extended Novillo Leather,,WBSKG9C52BE368890,,E368890,"MSRP.1,ZCP,ZCW,ZP2.3,ZCV,302,415,507,5AC,6FL,6NF,655,752",,,"Jul 27, 2010",1100,,,,,,,,,,
A75 - Melbourne Red Metallic,,NDH3 - Beige Novillo Extended Leather,,WBSKG9C54BE368891,,E368891,"MSRP.1,ZP2.2,ZTP,2MK,2MT.1,494,507,5AC",,,"Jul 27, 2010",550/1100,,,,,,,,,,
300 - Alpine White,,NCSW - Black Novillo Leather,,WBSKG9C56BE368892,,E368892,"MSRP.1,ZCP,ZP2.3,ZCV,302,494,507,6FL,752",,,"Jul 27, 2010",,,,,,,,,,,
300 - Alpine White,,NDH2 - Fox Red Extended Leather,,WBSKG9C58BE368893,,E368893,"MSRP.1,ZCP,ZCW,ZP2.1,ZTP,2MK,302,507,6FL,655,752",,,"Jul 27, 2010",1100,,,,,,,,,,
A52 - Space Gray Metallic,,NCSW - Black Novillo Leather,,WBSKG9C5XBE368894,,E368894,"MSRP.1,494,771",,,"Jul 27, 2010",550/950,,,,,,,,,,
668 - Jet Black,,NCH4 - Palladium/Black Novillo Leather,,WBSKG9C51BE368895,,E368895,"MSRP.1,ZP2.3,2MT.1,655",,,"Jul 27, 2010",,,,,,,,,,,
300 - Alpine White,,NCSW - Black Novillo Leather,,WBSKG9C53BE368896,,E368896,"MSRP.1,ZCP,ZCW,ZP2.3,ZCV,302,507,5AC,6FL,655,752",,,"Jul 27, 2010",,,,,,,,,,,
300 - Alpine White,,NCSW - Black Novillo Leather,,WBSKG9C55BE368897,,E368897,"MSRP.1,ZCW,ZP2.3,ZCV,2MK,2MT.1,302,403,507,6FL,655,752",,,"Jul 27, 2010",,,,,,,,,,,
668 - Jet Black,,GEAT - Anthracite/Black Cloth & Leather,,WBSKG9C57BE368898,,E368898,"MSRP.1,ZCW,ZP2.3,ZTP,2MT.1,302,403,6FL",,,"Jul 27, 2010",,,,,,,,,,,
668 - Jet Black,,NCSW - Black Novillo Leather,,WBSKG9C59BE368899,,E368899,"MSRP.1,2MK,494,4MZ",,,"Jul 28, 2010",950,,,,,,,,,,
300 - Alpine White,,NCSW - Black Novillo Leather,,WBSKG9C51BE368900,,E368900,"MSRP.1,ZCW,ZP2.3,2MT.1,403,507,6FL",,,"Jul 28, 2010",,,,,,,,,,,
300 - Alpine White,,NCSW - Black Novillo Leather,,WBSKG9C53BE368901,,E368901,"MSRP.1,ZCP,ZCW,ZP2.3,ZTP,2MK,507,6FL,6NF,655,752",,,"Jul 28, 2010",,,,,,,,,,,
300 - Alpine White,,NCH2 - Fox Red Novillo Leather,,WBSKG9C55BE368902,,E368902,"MSRP.1,ZP2.3,ZTP,2MK,2MT.1,302,403,6FL,655,752",,,"Jul 28, 2010",,,,,,,,,,,
668 - Jet Black,,NCH3 - Beige Novillo Leather,,WBSKG9C57BE368903,,E368903,"MSRP.1,ZP2.2,ZTP,2MT.1,6FL,6NF,655,752",,,"Jul 28, 2010",,,,,,,,,,,
668 - Jet Black,,NDH2 - Fox Red Extended Leather,,WBSKG9C59BE368904,,E368904,"MSRP.1,ZCW,ZP2.1,ZTP,2MK,2MT.1,302,415,507,6FL,655,752",,,"Jul 28, 2010",1100,,,,,,,,,,
300 - Alpine White,,NCSW - Black Novillo Leather,,WBSKG9C50BE368905,,E368905,"MSRP.1,ZCW,ZP2.3,ZTP,2MT.1,302,403,507,6FL",,,"Jul 28, 2010",,,,,,,,,,,
300 - Alpine White,,NCSW - Black Novillo Leather,,WBSKG9C52BE368906,,E368906,"MSRP.1,ZCP,ZP2.3,ZTP,2MK,302,6FL,6NF,655,752",,,"Jul 28, 2010",,,,,,,,,,,
300 - Alpine White,,NCSW - Black Novillo Leather,,WBSKG9C54BE368907,,E368907,"MSRP.1,ZP2.3,ZCV,2MK,2MT.1,302,494,507,6FL,6NF,655,752",,,"Jul 28, 2010",,,,,,,,,,,
300 - Alpine White,,NDSW - Black Extended Novillo Leather,,WBSKG9C56BE368908,,E368908,"MSRP.1,ZCP,ZP2.3,ZCV,2MK,302,494,507,6FL,752",,,"Jul 28, 2010",1100,,,,,,,,,,
300 - Alpine White,,NCSW - Black Novillo Leather,,WBSKG9C58BE368909,,E368909,"MSRP.1,ZCW,ZP2.3,ZTP,2MK,2MT.1,6FL,655,752",,,"Jul 28, 2010",,,,,,,,,,,
A52 - Space Gray Metallic,,NCSW - Black Novillo Leather,,WBSKG9C54BE368910,,E368910,"MSRP.1,ZCW,ZP2.3,ZTP,2MK,2MT.1,302,6FL,655,752",,,"Jul 28, 2010",550,,,,,,,,,,
A52 - Space Gray Metallic,,NCH2 - Fox Red Novillo Leather,,WBSKG9C56BE368911,,E368911,"MSRP.1,ZCP,ZCW,ZP2.3,ZCV,2MK,302,507,6FL,655,752",,,"Jul 28, 2010",550,,,,,,,,,,
A52 - Space Gray Metallic,,NCSW - Black Novillo Leather,,WBSKG9C58BE368912,,E368912,"MSRP.1,ZCP,ZP2.1,ZTP,494,507,6FL,655",,,"Jul 28, 2010",550,,,,,,,,,,
A52 - Space Gray Metallic,,NCH2 - Fox Red Novillo Leather,,WBSKG9C5XBE368913,,E368913,"MSRP.1,ZCP,ZCW,ZP2.2,ZTP,2MK,302,6FL,6NF,655,752",,,"Jul 28, 2010",550,,,,,,,,,,
668 - Jet Black,,NCSW - Black Novillo Leather,,WBSKG9C51BE368914,,E368914,"MSRP.1,ZP2.3,ZCV,2MK,2MT.1,302,494,507,6FL,6NF,655,752",,,"Jul 28, 2010",,,,,,,,,,,
300 - Alpine White,,NCH3 - Beige Novillo Leather,,WBSKG9C53BE368915,,E368915,"MSRP.1,ZP2.3,2MT.1",,,"Jul 29, 2010",,,,,,,,,,,
A75 - Melbourne Red Metallic,,NCSW - Black Novillo Leather,,WBSKG9C55BE368916,,E368916,"MSRP.1,ZCW,ZP2.1,2MK,403,6FL,655",,,"Jul 29, 2010",550,,,,,,,,,,
300 - Alpine White,,GEAT - Anthracite/Black Cloth & Leather,,WBSKG9C57BE368917,,E368917,"MSRP.1,2MT.1,4MY,6FL",,,"Jul 29, 2010",,,,,,,,,,,
300 - Alpine White,,GEAT - Anthracite/Black Cloth & Leather,,WBSKG9C59BE368918,,E368918,"MSRP.1,507,771",,,"Jul 29, 2010",,,,,,,,,,,
381 - Le Mans Blue Metallic,,NCSW - Black Novillo Leather,,WBSKG9C50BE368919,,E368919,"MSRP.1,ZCW,ZP2.3,ZTP,302,415,507,6FL,655,752",,,"Jul 29, 2010",550,,,,,,,,,,
668 - Jet Black,,NDSW - Black Extended Novillo Leather,,WBSKG9C57BE368920,,E368920,"MSRP.1,ZCW,ZP2.1,ZCV,2MK,2MT.1,302,403,507,5AC,6FL,6NF,655,752",,,"Jul 29, 2010",1100,,,,,,,,,,
A75 - Melbourne Red Metallic,,NCSW - Black Novillo Leather,,WBSKG9C59BE368921,,E368921,"MSRP.1,ZCW,ZP2.3,ZCV,2MK,2MT.1,302,415,507,5AC,6FL,6NF,655,863",,,"Jul 29, 2010",550,,,,,,,,,,
668 - Jet Black,,NCH5 - Fox Red/Black Novillo Leather,,WBSKG9C50BE368922,,E368922,"MSRP.1,ZCW,ZP2.3,ZCV,2MK,2MT.1,302,403,507,6FL,655,752",,,"Jul 29, 2010",,,,,,,,,,,
300 - Alpine White,,NCH2 - Fox Red Novillo Leather,,WBSKG9C52BE368923,,E368923,"MSRP.1,ZCP,ZP2.1,ZTP,403,494,5AC,6FL,655,752",,,"Jul 29, 2010",,,,,,,,,,,
A75 - Melbourne Red Metallic,,NDH1 - Silver Novillo Extended Leather,,WBSKG9C54BE368924,,E368924,"MSRP.1,ZCP,ZCW,ZP2.1,ZCV,2MK,302,415,507,6FL,6NF,752,863",,,"Jul 29, 2010",550/1100,,,,,,,,,,
300 - Alpine White,,NCSW - Black Novillo Leather,,WBSKG9C56BE368925,,E368925,"MSRP.1,ZP2.3,ZTP,2MK,2MT.1,494,6FL,655,752",,,"Jul 29, 2010",,,,,,,,,,,
300 - Alpine White,,NCSW - Black Novillo Leather,,WBSKG9C58BE368926,,E368926,"MSRP.1,ZCP,ZP2.3,ZCV,2MK,302,494,507,6FL,655,752",,,"Jul 29, 2010",,,,,,,,,,,
300 - Alpine White,,NCSW - Black Novillo Leather,,WBSKG9C5XBE368927,,E368927,"MSRP.1,ZCP,ZP2.3,ZCV,2MK,302,494,507,6FL,655,752",,,"Jul 29, 2010",,,,,,,,,,,
300 - Alpine White,,NCH2 - Fox Red Novillo Leather,,WBSKG9C51BE368928,,E368928,"MSRP.1,ZCP,ZCW,ZP2.3,ZCV,302,415,507,6FL",,,"Jul 29, 2010",,,,,,,,,,,
300 - Alpine White,,NCSW - Black Novillo Leather,,WBSKG9C53BE368929,,E368929,"MSRP.1,ZCW,ZP2.3,ZTP,2MK,2MT.1,6FL,6NF,655,752",,,"Jul 29, 2010",,,,,,,,,,,
A75 - Melbourne Red Metallic,,NCSW - Black Novillo Leather,,WBSKG9C5XBE368930,,E368930,"MSRP.1,ZCP,ZP2.2,ZTP,2MK,6FL,6NF,655",,,"Jul 30, 2010",550,,,,,,,,,,
A75 - Melbourne Red Metallic,,NCSW - Black Novillo Leather,,WBSKG9C51BE368931,,E368931,"MSRP.1,ZCP,ZP2.3,ZCV,302,494,507,5AC,6FL,752",,,"Jul 30, 2010",550,,,,,,,,,,
,,,,VIN SKIP,,IN SKIP,,,,,,,,,,,,,,,
,,,,VIN SKIP,,IN SKIP,,,,,,,,,,,,,,,
,,,,VIN SKIP,,IN SKIP,,,,,,,,,,,,,,,
A52 - Space Gray Metallic,,NCH1 - Silver Novillo Leather,,WBSKG9C59BE368935,,E368935,"MSRP.1,ZCP,ZCW,ZP2.3,ZCV,2MK,302,415,507,6FL",,,"Jul 30, 2010",550,,,,,,,,,,
300 - Alpine White,,NCH5 - Fox Red/Black Novillo Leather,,WBSKG9C50BE368936,,E368936,"MSRP.1,ZCP,ZCW,ZP2.3,ZCV,302,507,6FL,6NF,752",,,"Jul 30, 2010",,,,,,,,,,,
300 - Alpine White,,NCH1 - Silver Novillo Leather,,WBSKG9C52BE368937,,E368937,"MSRP.1,ZCP,ZCV,302,4MY,507,6FL",,,"Jul 30, 2010",950,,,,,,,,,,
A73 - Jerez Black Metallic,,NCH5 - Fox Red/Black Novillo Leather,,WBSKG9C54BE368938,,E368938,"MSRP.1,ZCP,ZCW,ZP2.3,ZCV,2MK,302,507,5AC,6FL,6NF,655,752",,,"Jul 30, 2010",550,,,,,,,,,,
A96 - Mineral White Met.,,NCSW - Black Novillo Leather,,WBSKG9C56BE368939,,E368939,"MSRP.1,ZCP,ZP2.3,ZCV,2MK,302,494,507,6FL,655,863",,,"Aug 30, 2010",,,,,,,,,,,
A52 - Space Gray Metallic,,NCSW - Black Novillo Leather,,WBSKG9C52BE368940,,E368940,"MSRP.1,ZP2.3,ZCV,2MK,2MT.1,302,494,507,5AC,6FL,6NF,655",,,"Aug 30, 2010",550,,,,,,,,,,
A73 - Jerez Black Metallic,,NCSW - Black Novillo Leather,,WBSKG9C54BE368941,,E368941,"MSRP.1,ZCW,ZP2.3,ZCV,2MK,2MT.1,302,507,6FL,752,863",,,"Aug 30, 2010",550,,,,,,,,,,
A52 - Space Gray Metallic,,NCH5 - Fox Red/Black Novillo Leather,,WBSKG9C56BE368942,,E368942,"MSRP.1,ZCP,ZP2.3,ZCV,2MK,302,494,507,6FL,655,752",,,"Sep 3, 2010",550,,,,,,,,,,
A30 - Interlagos Blue Metallic,,NCH5 - Fox Red/Black Novillo Leather,,WBSKG9C58BE368943,,E368943,"MSRP.1,ZCP,ZCW,ZP2.3,ZCV,2MK,302,507,5AC,6FL,655,752",,,"Sep 3, 2010",550,,,,,,,,,,
A96 - Mineral White Met.,,NDH3 - Beige Novillo Extended Leather,,WBSKG9C5XBE368944,,E368944,"MSRP.1,ZCW,ZP2.2,ZCV,2MK,2MT.1,302,403,415,507,5AC,6FL,6NF,655,752",,,"Sep 3, 2010",1100,,,,,,,,,,
381 - Le Mans Blue Metallic,,NCSW - Black Novillo Leather,,WBSKG9C51BE368945,,E368945,"MSRP.1,ZP2.2,ZCV,2MK,2MT.1,302,403,494,507,6FL,655,752",,,"Sep 6, 2010",550,,,,,,,,,,
A75 - Melbourne Red Metallic,,NDSW - Black Extended Novillo Leather,,WBSKG9C53BE368946,,E368946,"MSRP.1,ZCP,ZP2.1,ZCV,2MK,302,403,494,507,6FL,655,752",,,"Sep 6, 2010",550/1100,,,,,,,,,,
A30 - Interlagos Blue Metallic,,NCH3 - Beige Novillo Leather,,WBSKG9C55BE368947,,E368947,"MSRP.1,2MT.1,494,639,6FL,771",,,"Sep 6, 2010",550/950,,,,,,,,,,
300 - Alpine White,,NDH2 - Fox Red Extended Leather,,WBSKG9C57BE368948,,E368948,"MSRP.1,ZCP,ZCW,ZP2.1,ZCV,302,507,6FL,752",,,"Sep 6, 2010",1100,,,,,,,,,,
300 - Alpine White,,NDH2 - Fox Red Extended Leather,,WBSKG9C59BE368949,,E368949,"MSRP.1,ZCP,ZCW,ZP2.3,ZCV,2MK,302,415,507,6FL,655,752",,,"Sep 6, 2010",1100,,,,,,,,,,
300 - Alpine White,,NCH2 - Fox Red Novillo Leather,,WBSKG9C55BE368950,,E368950,"MSRP.1,ZP2.3,ZCV,2MK,2MT.1,302,507,6FL,655,752",,,"Sep 6, 2010",,,,,,,,,,,
668 - Jet Black,,NCSW - Black Novillo Leather,,WBSKG9C57BE368951,,E368951,"MSRP.1,ZCP,ZP2.3,ZCV,302,507,6FL,6NF,655,752",,,"Sep 7, 2010",,,,,,,,,,,
300 - Alpine White,,NCH3 - Beige Novillo Leather,,WBSKG9C59BE368952,,E368952,"MSRP.1,ZCP,ZCW,ZP2.1,ZCV,2MK,302,507,5AC,6FL,655,752",,,"Sep 7, 2010",,,,,,,,,,,
300 - Alpine White,,NCSW - Black Novillo Leather,,WBSKG9C50BE368953,,E368953,"MSRP.1,2MK,2MT.1,4MY,507,609,6FL,752",,,"Sep 7, 2010",950,,,,,,,,,,
A52 - Space Gray Metallic,,NCH2 - Fox Red Novillo Leather,,WBSKG9C52BE368954,,E368954,"MSRP.1,ZP2.3,2MT.1,609,6FL",,,"Sep 7, 2010",550,,,,,,,,,,
300 - Alpine White,,NCSW - Black Novillo Leather,,WBSKG9C54BE368955,,E368955,"MSRP.1,ZCP,ZCW,ZP2.3,ZCV,2MK,302,507,6FL,6NF,655,752",,,"Sep 7, 2010",,,,,,,,,,,
300 - Alpine White,,NCSW - Black Novillo Leather,,WBSKG9C56BE368956,,E368956,"MSRP.1,ZCP,ZP2.3,ZCV,2MK,302,507,6FL,655,752",,,"Sep 7, 2010",,,,,,,,,,,
A52 - Space Gray Metallic,,NCSW - Black Novillo Leather,,WBSKG9C58BE368957,,E368957,"MSRP.1,ZCP,ZP2.3,507,609,6FL",,,"Sep 8, 2010",550,,,,,,,,,,
A30 - Interlagos Blue Metallic,,NCSW - Black Novillo Leather,,WBSKG9C5XBE368958,,E368958,"MSRP.1,ZCP,ZCW,ZP2.3,ZCV,302,403,507,6FL,655",,,"Sep 8, 2010",550,,,,,,,,,,
A30 - Interlagos Blue Metallic,,NCH1 - Silver Novillo Leather,,WBSKG9C51BE368959,,E368959,"MSRP.1,ZP2.1,ZCV,302,494,507,6FL,6NF,752",,,"Sep 8, 2010",550,,,,,,,,,,
300 - Alpine White,,NCH3 - Beige Novillo Leather,,WBSKG9C58BE368960,,E368960,"MSRP.1,ZP2.1,2MK,6FL",,,"Sep 8, 2010",,,,,,,,,,,
300 - Alpine White,,NCSW - Black Novillo Leather,,WBSKG9C5XBE368961,,E368961,"MSRP.1,ZCP,ZP2.3,ZCV,2MK,302,494,507,6FL,6NF,655,752",,,"Sep 8, 2010",,,,,,,,,,,
A96 - Unknown Paint Code,,NDH2 - Fox Red Extended Leather,,WBSKG9C51BE368962,,E368962,"MSRP.1,ZCP,ZP2.3,ZCV,302,494,507,5AC,6FL,6NF,752",,,"Sep 8, 2010",1100,,,,,,,,,,
A30 - Interlagos Blue Metallic,,NCSW - Black Novillo Leather,,WBSKG9C53BE368963,,E368963,"MSRP.1,ZCP,ZP2.1,2MK,403,609,6FL,6NF,655",,,"Sep 8, 2010",550,,,,,,,,,,
300 - Alpine White,,NDH2 - Fox Red Extended Leather,,WBSKG9C55BE368964,,E368964,"MSRP.1,ZCP,ZCW,ZP2.1,ZCV,2MK,302,415,507,5AC,6FL,6NF,655,752",,,"Sep 8, 2010",1100,,,,,,,,,,
A96 - Mineral White Met.,,NCH5 - Fox Red/Black Novillo Leather,,WBSKG9C57BE368965,,E368965,"MSRP.1,ZCP,ZP2.3,ZCV,2MK,302,507,6FL,655,752",,,"Sep 8, 2010",,,,,,,,,,,
300 - Alpine White,,NCH2 - Fox Red Novillo Leather,,WBSKG9C59BE368966,,E368966,"MSRP.1,ZCW,ZP2.1,ZTP,2MK,2MT.1,302,415,507,6FL,655,752",,,"Sep 8, 2010",,,,,,,,,,,
381 - Le Mans Blue Metallic,,NDSW - Black Extended Novillo Leather,,WBSKG9C50BE368967,,E368967,"MSRP.1,ZCP,ZCW,ZP2.1,ZCV,2MK,302,415,507,6FL,655,752,863",,,"Sep 8, 2010",550/1100,,,,,,,,,,
300 - Alpine White,,NCSW - Black Novillo Leather,,WBSKG9C52BE368968,,E368968,"MSRP.1,ZCP,ZCW,ZP2.3,ZCV,302,403,507,5AC,6FL",,,"Sep 9, 2010",,,,,,,,,,,
A29 - Silverstone Metallic II,,NDH1 - Silver Novillo Extended Leather,,WBSKG9C54BE368969,,E368969,"MSRP.1,ZP2.1,ZCV,2MK,302,403,507,6FL",,,"Sep 9, 2010",550/1100,,,,,,,,,,
300 - Alpine White,,NCH2 - Fox Red Novillo Leather,,WBSKG9C50BE368970,,E368970,"MSRP.1,494,507,609,6FL,655",,,"Sep 9, 2010",950,,,,,,,,,,
"314 - Hellrot $5,000",,ZAP2 - Unknown Upholstery Code,,WBSKG9C52BE368971,,E368971,"MSRP.1,ZCP,ZCW,ZCV,2MK,302,507,6FL,752",,,"Sep 17, 2010",,,,,,,,,,,
300 - Alpine White,,NCSW - Black Novillo Leather,,WBSKG9C54BE368972,,E368972,"MSRP.1,ZCP,ZP2.1,ZCV,2MK,302,403,494,507,5AC,6FL,655,752",,,"Sep 9, 2010",,,,,,,,,,,
A73 - Jerez Black Metallic,,NCSW - Black Novillo Leather,,WBSKG9C56BE368973,,E368973,"MSRP.1,ZP2.3,ZCV,2MK,2MT.1,302,507,6FL,655,752",,,"Sep 9, 2010",550,,,,,,,,,,
A73 - Jerez Black Metallic,,NCSW - Black Novillo Leather,,WBSKG9C58BE368974,,E368974,"MSRP.1,ZCP,ZP2.3,ZCV,2MK,302,494,507,6FL,655,752",,,"Sep 9, 2010",550,,,,,,,,,,
300 - Alpine White,,NDSW - Black Extended Novillo Leather,,WBSKG9C5XBE368975,,E368975,"MSRP.1,ZP2.2,ZCV,302,403,494,507,6FL",,,"Sep 9, 2010",1100,,,,,,,,,,
A73 - Jerez Black Metallic,,NCH3 - Beige Novillo Leather,,WBSKG9C51BE368976,,E368976,"MSRP.1,ZCP,494,507,639,6FL,771",,,"Sep 9, 2010",550/950,,,,,,,,,,
300 - Alpine White,,NCH1 - Silver Novillo Leather,,WBSKG9C53BE368977,,E368977,"MSRP.1,ZP2.3,ZCV,2MK,2MT.1,302,403,507,6FL,655",,,"Sep 9, 2010",,,,,,,,,,,
A29 - Silverstone Metallic II,,NDH2 - Fox Red Extended Leather,,WBSKG9C55BE368978,,E368978,"MSRP.1,ZCW,ZP2.3,ZCV,2MT.1,302,403,507,5AC,6FL,655,752",,,"Sep 9, 2010",550/1100,,,,,,,,,,
A52 - Space Gray Metallic,,NCSW - Black Novillo Leather,,WBSKG9C57BE368979,,E368979,"MSRP.1,ZCP,ZP2.1,ZCV,302,494,507,6FL,655,752",,,"Sep 9, 2010",550,,,,,,,,,,
A52 - Space Gray Metallic,,NCSW - Black Novillo Leather,,WBSKG9C53BE368980,,E368980,"MSRP.1,ZCP,ZCW,ZP2.3,ZCV,2MK,302,415,507,6FL",,,"Sep 10, 2010",550,,,,,,,,,,
A73 - Jerez Black Metallic,,NCSW - Black Novillo Leather,,WBSKG9C55BE368981,,E368981,"MSRP.1,ZP2.3,ZCV,2MK,2MT.1,302,494,507,6FL,655,752",,,"Sep 10, 2010",550,,,,,,,,,,
300 - Alpine White,,NCH2 - Fox Red Novillo Leather,,WBSKG9C57BE368982,,E368982,"MSRP.1,ZCP,ZP2.1,ZCV,302,494,507,6FL,6NF,655,752",,,"Sep 10, 2010",,,,,,,,,,,
300 - Alpine White,,NDSW - Black Extended Novillo Leather,,WBSKG9C59BE368983,,E368983,"MSRP.1,ZCP,ZCW,ZP2.3,ZCV,302,507,6FL,6NF,752",,,"Sep 10, 2010",1100,,,,,,,,,,
300 - Alpine White,,NCH2 - Fox Red Novillo Leather,,WBSKG9C50BE368984,,E368984,"MSRP.1,ZP2.3,ZCV,302,507,6FL,752",,,"Sep 10, 2010",,,,,,,,,,,
A29 - Silverstone Metallic II,,NCH1 - Silver Novillo Leather,,WBSKG9C52BE368985,,E368985,"MSRP.1,ZP2.3,ZCV,2MK,2MT.1,302,415,494,507,6FL,6NF,655,752",,,"Sep 10, 2010",550,,,,,,,,,,
A73 - Jerez Black Metallic,,NCH4 - Palladium/Black Novillo Leather,,WBSKG9C54BE368986,,E368986,"MSRP.1,ZCP,ZP2.3,ZCV,2MK,302,494,507,6FL",,,"Sep 10, 2010",550,,,,,,,,,,
A52 - Space Gray Metallic,,NCSW - Black Novillo Leather,,WBSKG9C56BE368987,,E368987,"MSRP.1,ZCP,ZP2.3,ZCV,2MK,302,494,507,6FL,655,752",,,"Sep 10, 2010",550,,,,,,,,,,
A73 - Jerez Black Metallic,,NCSW - Black Novillo Leather,,WBSKG9C58BE368988,,E368988,"MSRP.1,ZCP,ZP2.3,ZCV,2MK,302,494,507,6FL,752",,,"Sep 10, 2010",550,,,,,,,,,,
A52 - Space Gray Metallic,,NCSW - Black Novillo Leather,,WBSKG9C5XBE368989,,E368989,"MSRP.1,ZCP,ZP2.3,ZCV,2MK,302,494,507,6FL,655,752",,,"Sep 10, 2010",550,,,,,,,,,,
A52 - Space Gray Metallic,,NCH2 - Fox Red Novillo Leather,,WBSKG9C56BE368990,,E368990,"MSRP.1,ZCP,ZP2.3,ZCV,302,507,6FL",,,"Sep 10, 2010",550,,,,,,,,,,
A73 - Jerez Black Metallic,,NCH2 - Fox Red Novillo Leather,,WBSKG9C58BE368991,,E368991,"MSRP.1,2MK,771",,,"Sep 10, 2010",550/950,,,,,,,,,,
668 - Jet Black,,NCSW - Black Novillo Leather,,WBSKG9C5XBE368992,,E368992,"MSRP.1,ZCW,ZP2.3,ZCV,2MK,2MT.1,302,507,6FL,6NF,655,752",,,"Sep 10, 2010",,,,,,,,,,,
300 - Alpine White,,NCH1 - Silver Novillo Leather,,WBSKG9C51BE368993,,E368993,"MSRP.1,2MK,403,415,4MX,507",,,"Sep 10, 2010",950,,,,,,,,,,
A52 - Space Gray Metallic,,NCSW - Black Novillo Leather,,WBSKG9C53BE368994,,E368994,"MSRP.1,ZCP,ZP2.3,ZCV,2MK,302,494,507,5AC,6FL,6NF,655,752",,,"Sep 10, 2010",550,,,,,,,,,,
A52 - Space Gray Metallic,,NCH2 - Fox Red Novillo Leather,,WBSKG9C55BE368995,,E368995,"MSRP.1,ZCP,2MK,494,4MY,655",,,"Sep 10, 2010",550/950,,,,,,,,,,
A73 - Jerez Black Metallic,,NCH1 - Silver Novillo Leather,,WBSKG9C57BE368996,,E368996,"MSRP.1,ZP2.1,ZCV,2MK,2MT.1,302,494,507,6FL,655,752",,,"Sep 10, 2010",550,,,,,,,,,,
A73 - Jerez Black Metallic,,NCH3 - Beige Novillo Leather,,WBSKG9C59BE368997,,E368997,"MSRP.1,ZCW,ZP2.3,ZCV,2MK,302,507,5AC,6FL,6NF,752",,,"Sep 10, 2010",550,,,,,,,,,,
381 - Le Mans Blue Metallic,,NDSW - Black Extended Novillo Leather,,WBSKG9C50BE368998,,E368998,"MSRP.1,ZCP,ZP2.3,ZCV,2MK,302,415,494,507,6FL,6NF,655,752",,,"Sep 10, 2010",550/1100,,,,,,,,,,
A52 - Space Gray Metallic,,NCH2 - Fox Red Novillo Leather,,WBSKG9C52BE368999,,E368999,"MSRP.1,ZCP,ZP2.3,ZCV,302,403,507,6FL,752",,,"Sep 10, 2010",550,,,,,,,,,,
A52 - Space Gray Metallic,,NCSW - Black Novillo Leather,,WBSKG9C53BE369000,,E369000,"MSRP.1,ZP2.1,2MK,2MT.1,302,403,507,609,6FL,6NF,655,752",,,"Sep 13, 2010",550,,,,,,,,,,
668 - Jet Black,,NCSW - Black Novillo Leather,,WBSKG9C55BE369001,,E369001,"MSRP.1,ZP2.3,ZCV,2MK,2MT.1,302,403,494,507,6FL,752",,,"Sep 13, 2010",,,,,,,,,,,
381 - Le Mans Blue Metallic,,NCH3 - Beige Novillo Leather,,WBSKG9C57BE369002,,E369002,"MSRP.1,ZCW,ZP2.1,ZCV,2MK,2MT.1,302,507,5AC,6FL,655",,,"Sep 13, 2010",550,,,,,,,,,,
300 - Alpine White,,NCH3 - Beige Novillo Leather,,WBSKG9C59BE369003,,E369003,"MSRP.1,ZP2.2,ZCV,2MK,302,403,415,494,507,6FL,6NF,655,752",,,"Sep 13, 2010",,,,,,,,,,,
A73 - Jerez Black Metallic,,NDSW - Black Extended Novillo Leather,,WBSKG9C50BE369004,,E369004,"MSRP.1,ZCW,ZP2.1,ZCV,2MK,2MT.1,302,403,507,6FL,6NF",,,"Sep 13, 2010",550/1100,,,,,,,,,,
A73 - Jerez Black Metallic,,NCH3 - Beige Novillo Leather,,WBSKG9C52BE369005,,E369005,"MSRP.1,ZP2.3,403,494,609,6FL",,,"Sep 13, 2010",550,,,,,,,,,,
A73 - Jerez Black Metallic,,NCH3 - Beige Novillo Leather,,WBSKG9C54BE369006,,E369006,"MSRP.1,ZCP,ZCW,ZP2.3,ZCV,2MK,302,403,415,507,5AC,6FL,6NF,655,752",,,"Sep 13, 2010",550,,,,,,,,,,
300 - Alpine White,,NDSW - Black Extended Novillo Leather,,WBSKG9C56BE369007,,E369007,"MSRP.1,ZCP,ZP2.3,ZCV,302,507,6FL,752",,,"Sep 13, 2010",1100,,,,,,,,,,
A52 - Space Gray Metallic,,NCH2 - Fox Red Novillo Leather,,WBSKG9C58BE369008,,E369008,"MSRP.1,ZCP,ZP2.3,2MK,302,609,6FL",,,"Sep 13, 2010",550,,,,,,,,,,
300 - Alpine White,,NDSW - Black Extended Novillo Leather,,WBSKG9C5XBE369009,,E369009,"MSRP.1,ZCP,ZP2.3,ZCV,2MK,302,494,507,6FL,6NF,655,752",,,"Sep 13, 2010",1100,,,,,,,,,,
A73 - Jerez Black Metallic,,NCH2 - Fox Red Novillo Leather,,WBSKG9C56BE369010,,E369010,"MSRP.1,ZCP,ZCW,ZP2.3,ZCV,2MK,302,403,507,5AC,6FL,6NF,655,752",,,"Sep 13, 2010",550,,,,,,,,,,
A73 - Jerez Black Metallic,,NCSW - Black Novillo Leather,,WBSKG9C58BE369011,,E369011,"MSRP.1,ZCV,2MT.1,302,403,494,4MZ,507,6FL",,,"Sep 13, 2010",550/950,,,,,,,,,,
300 - Alpine White,,NCSW - Black Novillo Leather,,WBSKG9C5XBE369012,,E369012,"MSRP.1,ZCP,ZP2.3,609,6FL,655,752",,,"Sep 13, 2010",,,,,,,,,,,
A52 - Space Gray Metallic,,NCH3 - Beige Novillo Leather,,WBSKG9C51BE369013,,E369013,"MSRP.1,ZCP,ZP2.2,ZCV,302,403,494,507,6FL,6NF,655,752",,,"Sep 13, 2010",550,,,,,,,,,,
300 - Alpine White,,NCH5 - Fox Red/Black Novillo Leather,,WBSKG9C53BE369014,,E369014,"MSRP.1,ZCP,ZCV,302,4MY,507,6FL",,,"Sep 14, 2010",950,,,,,,,,,,
300 - Alpine White,,NCSW - Black Novillo Leather,,WBSKG9C55BE369015,,E369015,"MSRP.1,ZCP,ZCW,ZP2.3,302,609,6FL,752",,,"Sep 14, 2010",,,,,,,,,,,
A96 - Mineral White Met.,,NCSW - Black Novillo Leather,,WBSKG9C57BE369016,,E369016,"MSRP.1,ZCP,ZCW,ZP2.3,ZCV,2MK,302,507,6FL,655,752",,,"Sep 14, 2010",,,,,,,,,,,
A96 - Mineral White Met.,,NDH2 - Fox Red Extended Leather,,WBSKG9C59BE369017,,E369017,"MSRP.1,ZCW,ZP2.1,ZTP,2MK,2MT.1,302,415,507,6FL,655,752",,,"Sep 14, 2010",1100,,,,,,,,,,
A52 - Space Gray Metallic,,NCH2 - Fox Red Novillo Leather,,WBSKG9C50BE369018,,E369018,"MSRP.1,ZCP,ZP2.3,ZCV,2MK,302,494,507,6FL,655,752",,,"Sep 14, 2010",550,,,,,,,,,,
A29 - Silverstone Metallic II,,GEAT - Anthracite/Black Cloth & Leather,,WBSKG9C52BE369019,,E369019,"MSRP.1,2MT.1,6FL,771",,,"Sep 14, 2010",550,,,,,,,,,,
668 - Jet Black,,NDH2 - Fox Red Extended Leather,,WBSKG9C59BE369020,,E369020,"MSRP.1,ZCP,ZP2.3,ZCV,302,494,507,6FL",,,"Sep 14, 2010",1100,,,,,,,,,,
A29 - Silverstone Metallic II,,NCH1 - Silver Novillo Leather,,WBSKG9C50BE369021,,E369021,"MSRP.1,ZCP,ZP2.3,2MK,302,403,494,609,6FL,655",,,"Sep 14, 2010",550,,,,,,,,,,
A29 - Silverstone Metallic II,,NCH1 - Silver Novillo Leather,,WBSKG9C52BE369022,,E369022,"MSRP.1,ZCP,ZP2.1,ZCV,302,494,507,6FL,6NF,655",,,"Sep 14, 2010",550,,,,,,,,,,
A29 - Silverstone Metallic II,,NDH2 - Fox Red Extended Leather,,WBSKG9C54BE369023,,E369023,"MSRP.1,ZCP,ZP2.3,ZCV,302,415,507,6FL,752",,,"Sep 14, 2010",550/1100,,,,,,,,,,
A75 - Melbourne Red Metallic,,NCH2 - Fox Red Novillo Leather,,WBSKG9C56BE369024,,E369024,"MSRP.1,ZCP,ZCW,ZP2.3,ZCV,302,415,507,6FL",,,"Sep 14, 2010",550,https://bringatrailer.com/listing/2011-bmw-m3-coupe-116/,,,,,,,,,
A75 - Melbourne Red Metallic,,NCSW - Black Novillo Leather,,WBSKG9C58BE369025,,E369025,"MSRP.1,ZCP,ZCW,ZP2.3,ZCV,2MK,302,507,6FL,655,752",,,"Sep 14, 2010",550,,,,,,,,,,
A75 - Melbourne Red Metallic,,NCH3 - Beige Novillo Leather,,WBSKG9C5XBE369026,,E369026,"MSRP.1,ZCP,ZP2.3,ZCV,302,507,6FL,752,863",,,"Sep 15, 2010",550,,,,,,,,,,
A29 - Silverstone Metallic II,,NCH1 - Silver Novillo Leather,,WBSKG9C51BE369027,,E369027,"MSRP.1,ZCP,ZCW,ZP2.3,ZCV,2MK,302,403,415,507,6FL,655,752",,,"Sep 15, 2010",550,,,,,,,,,,
A29 - Silverstone Metallic II,,NCH2 - Fox Red Novillo Leather,,WBSKG9C53BE369028,,E369028,"MSRP.1,ZP2.3,ZCV,2MK,2MT.1,302,403,494,507,6FL,6NF,655,752",,,"Sep 15, 2010",550,,,,,,,,,,
A75 - Melbourne Red Metallic,,NDH3 - Beige Novillo Extended Leather,,WBSKG9C55BE369029,,E369029,"MSRP.1,ZCP,ZP2.2,ZCV,2MK,302,403,494,507,6FL,655,752",,,"Sep 15, 2010",550/1100,,,,,,,,,,
300 - Alpine White,,NDSW - Black Extended Novillo Leather,,WBSKG9C51BE369030,,E369030,"MSRP.1,494,507,609,6FL,655",,,"Sep 15, 2010",2000,,,,,,,,,,
A75 - Melbourne Red Metallic,,NDSW - Black Extended Novillo Leather,,WBSKG9C53BE369031,,E369031,"MSRP.1,ZCP,ZP2.2,ZCV,2MK,302,403,494,507,6FL,655,752",,,"Sep 15, 2010",550/1100,,,,,,,,,,
A29 - Silverstone Metallic II,,NDSW - Black Extended Novillo Leather,,WBSKG9C55BE369032,,E369032,"MSRP.1,ZCP,ZP2.3,ZCV,302,403,415,494,507,6FL,655,752",,,"Sep 15, 2010",550/1100,,,,,,,,,,
668 - Jet Black,,NDH2 - Fox Red Extended Leather,,WBSKG9C57BE369033,,E369033,"MSRP.1,2MT.1,403,4MY,609,6FL,655",,,"Sep 15, 2010",2000,,,,,,,,,,
300 - Alpine White,,NDH2 - Fox Red Extended Leather,,WBSKG9C59BE369034,,E369034,"MSRP.1,ZCP,ZP2.1,ZCV,2MK,302,403,494,507,6FL,752",,,"Sep 15, 2010",1100,,,,,,,,,,
A30 - Interlagos Blue Metallic,,NCSW - Black Novillo Leather,,WBSKG9C50BE369035,,E369035,"MSRP.1,ZCP,ZCW,ZP2.3,ZCV,2MK,302,403,507,6FL,655,752",,,"Sep 15, 2010",550,,,,,,,,,,
A96 - Unknown Paint Code,,NCH5 - Fox Red/Black Novillo Leather,,WBSKG9C52BE369036,,E369036,"MSRP.1,ZCP,2MK,4MY,609,6FL",,,"Sep 16, 2010",950,,,,,,,,,,
300 - Alpine White,,NCSW - Black Novillo Leather,,WBSKG9C54BE369037,,E369037,"MSRP.1,ZP2.3,2MK,494,6FL",,,"Sep 16, 2010",,,,,,,,,,,
300 - Alpine White,,NCSW - Black Novillo Leather,,WBSKG9C56BE369038,,E369038,"MSRP.1,ZP2.3,ZCV,2MK,2MT.1,302,415,507,6FL,752",,,"Sep 16, 2010",,,,,,,,,,,
A30 - Interlagos Blue Metallic,,NCSW - Black Novillo Leather,,WBSKG9C58BE369039,,E369039,"MSRP.1,ZCP,ZP2.1,ZCV,2MK,302,403,494,507,6FL,655,752",,,"Sep 16, 2010",550,,,,,,,,,,
300 - Alpine White,,NDH2 - Fox Red Extended Leather,,WBSKG9C54BE369040,,E369040,"MSRP.1,ZCP,ZP2.3,ZCV,2MK,302,494,507,6FL,752",,,"Sep 16, 2010",1100,,,,,,,,,,
300 - Alpine White,,NDH2 - Fox Red Extended Leather,,WBSKG9C56BE369041,,E369041,"MSRP.1,ZCP,ZP2.3,ZTP,302,415,494,5AC,6FL,6NF,655,752",,,"Sep 16, 2010",1100,,,,,,,,,,
300 - Alpine White,,NDH2 - Fox Red Extended Leather,,WBSKG9C58BE369042,,E369042,"MSRP.1,ZCW,ZP2.3,ZCV,2MT.1,302,507,6FL,752",,,"Sep 16, 2010",1100,,,,,,,,,,
300 - Alpine White,,NCH4 - Palladium/Black Novillo Leather,,WBSKG9C5XBE369043,,E369043,"MSRP.1,ZP2.1,2MK,494,6FL",,,"Sep 16, 2010",,,,,,,,,,,
668 - Jet Black,,NDSW - Black Extended Novillo Leather,,WBSKG9C51BE369044,,E369044,"MSRP.1,ZP2.3,ZCV,2MK,2MT.1,302,507,6FL,655,752",,,"Sep 16, 2010",1100,,,,,,,,,,
A52 - Space Gray Metallic,,NDH1 - Silver Novillo Extended Leather,,WBSKG9C53BE369045,,E369045,"MSRP.1,ZP2.3,ZCV,2MK,2MT.1,302,403,507,6FL,655,752",,,"Sep 16, 2010",550/1100,,,,,,,,,,
668 - Jet Black,,NCSW - Black Novillo Leather,,WBSKG9C55BE369046,,E369046,"MSRP.1,ZCP,609,771",,,"Sep 16, 2010",950,,,,,,,,,,
A52 - Space Gray Metallic,,NCSW - Black Novillo Leather,,WBSKG9C57BE369047,,E369047,"MSRP.1,ZCW,ZP2.3,ZCV,302,507,6FL,655",,,"Sep 16, 2010",550,,,,,,,,,,
A52 - Space Gray Metallic,,NCH2 - Fox Red Novillo Leather,,WBSKG9C59BE369048,,E369048,"MSRP.1,ZCP,ZCW,ZP2.3,ZCV,302,507,6FL,6NF,655,752",,,"Sep 16, 2010",550,,,,,,,,,,
A30 - Interlagos Blue Metallic,,NDH3 - Beige Novillo Extended Leather,,WBSKG9C50BE369049,,E369049,"MSRP.1,ZCP,ZP2.3,ZCV,302,494,507,6FL,752",,,"Sep 16, 2010",550/1100,,,,,,,,,,
A30 - Interlagos Blue Metallic,,NCSW - Black Novillo Leather,,WBSKG9C57BE369050,,E369050,"MSRP.1,ZCP,ZP2.1,ZCV,2MK,302,403,507,6FL,655,752",,,"Sep 16, 2010",550,,,,,,,,,,
A30 - Interlagos Blue Metallic,,NDSW - Black Extended Novillo Leather,,WBSKG9C59BE369051,,E369051,"MSRP.1,ZCP,ZCV,2MK,302,415,4MX,507,6FL",,,"Sep 17, 2010",550/2000,,,,,,,,,,
A52 - Space Gray Metallic,,NCH1 - Silver Novillo Leather,,WBSKG9C50BE369052,,E369052,"MSRP.1,ZCP,ZP2.3,ZCV,2MK,302,507,6FL,655,752",,,"Sep 17, 2010",550,,,,,,,,,,
A73 - Jerez Black Metallic,,NCH3 - Beige Novillo Leather,,WBSKG9C52BE369053,,E369053,"MSRP.1,ZCP,ZCW,ZP2.3,ZCV,2MK,302,507,6FL,752",,,"Sep 17, 2010",550,,,,,,,,,,
A73 - Jerez Black Metallic,,NCSW - Black Novillo Leather,,WBSKG9C54BE369054,,E369054,"MSRP.1,ZCP,ZP2.3,2MK,302,609,6FL,655,752",,,"Sep 17, 2010",550,,,,,,,,,,
300 - Alpine White,,NCH2 - Fox Red Novillo Leather,,WBSKG9C56BE369055,,E369055,"MSRP.1,ZCP,ZCW,ZP2.3,ZCV,302,403,507,6FL",,,"Sep 17, 2010",,,,,,,,,,,
A30 - Interlagos Blue Metallic,,GEAT - Anthracite/Black Cloth & Leather,,WBSKG9C58BE369056,,E369056,"MSRP.1,ZCV,2MT.1,302,403,4MY,507,6FL,6NF,752",,,"Sep 17, 2010",550,,,,,,,,,,
300 - Alpine White,,NCH5 - Fox Red/Black Novillo Leather,,WBSKG9C5XBE369057,,E369057,"MSRP.1,ZCP,ZP2.3,ZCV,2MK,302,415,494,507,6FL,655,752",,,"Sep 17, 2010",,,,,,,,,,,
300 - Alpine White,,NCSW - Black Novillo Leather,,WBSKG9C51BE369058,,E369058,"MSRP.1,494,655,771",,,"Sep 17, 2010",950,,,,,,,,,,
A96 - Mineral White Met.,,NCH1 - Silver Novillo Leather,,WBSKG9C53BE369059,,E369059,"MSRP.1,ZCP,ZCW,ZP2.3,ZCV,302,403,507,6FL,655,752",,,"Sep 17, 2010",,,,,,,,,,,
668 - Jet Black,,NCH2 - Fox Red Novillo Leather,,WBSKG9C5XBE369060,,E369060,"MSRP.1,ZCP,ZP2.2,ZCV,302,507,6FL,655,752",,,"Sep 17, 2010",,,,,,,,,,,
A96 - Mineral White Met.,,NCSW - Black Novillo Leather,,WBSKG9C51BE369061,,E369061,"MSRP.1,ZP2.3,ZCV,2MK,2MT.1,302,494,507,6FL,655,752",,,"Sep 17, 2010",,,,,,,,,,,
668 - Jet Black,,NCH2 - Fox Red Novillo Leather,,WBSKG9C53BE369062,,E369062,"MSRP.1,ZP2.3,403,6FL",,,"Sep 17, 2010",,,,,,,,,,,
668 - Jet Black,,GEAT - Anthracite/Black Cloth & Leather,,WBSKG9C55BE369063,,E369063,"MSRP.1,ZCP,302,507,771",,,"Sep 17, 2010",,,,,,,,,,,
A96 - Mineral White Met.,,NCSW - Black Novillo Leather,,WBSKG9C57BE369064,,E369064,"MSRP.1,ZCP,ZP2.3,ZCV,302,494,507,6FL,863",,,"Sep 17, 2010",,,,,,,,,,,
A96 - Mineral White Met.,,NCH5 - Fox Red/Black Novillo Leather,,WBSKG9C59BE369065,,E369065,"MSRP.1,ZCP,ZP2.3,2MK,302,415,494,507,6FL,655",,,"Sep 17, 2010",,,,,,,,,,,
A75 - Melbourne Red Metallic,,NDSW - Black Extended Novillo Leather,,WBSKG9C50BE369066,,E369066,"MSRP.1,ZCP,ZP2.2,ZCV,2MK,302,403,494,507,6FL,655,752",,,"Sep 17, 2010",550/1100,,,,,,,,,,
A75 - Melbourne Red Metallic,,NDSW - Black Extended Novillo Leather,,WBSKG9C52BE369067,,E369067,"MSRP.1,ZCP,ZP2.2,ZCV,2MK,302,403,494,507,6FL,655,752",,,"Sep 17, 2010",550/1100,,,,,,,,,,
A75 - Melbourne Red Metallic,,NDSW - Black Extended Novillo Leather,,WBSKG9C54BE369068,,E369068,"MSRP.1,ZCP,ZP2.2,ZCV,2MK,302,403,494,507,6FL,655,752",,,"Sep 17, 2010",550/1100,,,,,,,,,,
A73 - Jerez Black Metallic,,NCSW - Black Novillo Leather,,WBSKG9C56BE369069,,E369069,"MSRP.1,ZP2.3,2MT.1,494,6FL,655",,,"Sep 18, 2010",550,,,,,,,,,,
300 - Alpine White,,GEAT - Anthracite/Black Cloth & Leather,,WBSKG9C52BE369070,,E369070,"MSRP.1,ZCP,2MK,4MY,6FL,655",,,"Sep 18, 2010",,,,,,,,,,,
300 - Alpine White,,NCSW - Black Novillo Leather,,WBSKG9C54BE369071,,E369071,"MSRP.1,ZCP,ZP2.3,ZCV,2MK,302,494,507,6FL,752",,,"Sep 18, 2010",,,,,,,,,,,
A52 - Space Gray Metallic,,NCH2 - Fox Red Novillo Leather,,WBSKG9C56BE369072,,E369072,"MSRP.1,ZCW,ZP2.3,ZTP,2MK,403,507,6FL,655",,,"Sep 18, 2010",550,,,,,,,,,,
300 - Alpine White,,NDSW - Black Extended Novillo Leather,,WBSKG9C58BE369073,,E369073,"MSRP.1,ZCP,ZP2.1,ZCV,2MK,302,494,507,5AC,6FL,655,752",,,"Sep 18, 2010",1100,,,,,,,,,,
300 - Alpine White,,NCH2 - Fox Red Novillo Leather,,WBSKG9C5XBE369074,,E369074,"MSRP.1,494,507,609,6FL,655",,,"Sep 18, 2010",950,,,,,,,,,,
A75 - Melbourne Red Metallic,,NCSW - Black Novillo Leather,,WBSKG9C51BE369075,,E369075,"MSRP.1,ZCP,ZCW,ZP2.3,ZCV,2MK,302,507,6FL,6NF,655,752",,,"Sep 20, 2010",550,,,,,,,,,,
668 - Jet Black,,NDSW - Black Extended Novillo Leather,,WBSKG9C53BE369076,,E369076,"MSRP.1,ZP2.3,ZCV,2MT.1,302,494,507,5AC,6FL,6NF,655,752",,,"Sep 20, 2010",1100,,,,,,,,,,
300 - Alpine White,,NCSW - Black Novillo Leather,,WBSKG9C55BE369077,,E369077,"MSRP.1,ZP2.3,ZCV,2MK,302,507,6FL,655,752",,,"Sep 20, 2010",,,,,,,,,,,
A52 - Space Gray Metallic,,NCH2 - Fox Red Novillo Leather,,WBSKG9C57BE369078,,E369078,"MSRP.1,ZCP,ZP2.3,ZCV,2MK,302,507,6FL,752",,,"Sep 20, 2010",550,,,,,,,,,,
300 - Alpine White,,NCSW - Black Novillo Leather,,WBSKG9C59BE369079,,E369079,"MSRP.1,ZCW,ZTP,2MK,302,4MY,507,6FL,752",,,"Sep 20, 2010",950,,,,,,,,,,
300 - Alpine White,,NCH2 - Fox Red Novillo Leather,,WBSKG9C55BE369080,,E369080,"MSRP.1,ZP2.1,ZCV,2MK,2MT.1,302,403,415,507,6FL,752",,,"Sep 20, 2010",,,,,,,,,,,
300 - Alpine White,,NDH2 - Fox Red Extended Leather,,WBSKG9C57BE369081,,E369081,"MSRP.1,ZCP,ZP2.3,ZCV,2MK,302,507,6FL,6NF,6NR,655,752",,,"Sep 20, 2010",1100,,,,,,,,,,
300 - Alpine White,,NCSW - Black Novillo Leather,,WBSKG9C59BE369082,,E369082,"MSRP.1,ZCP,ZP2.3,ZCV,2MK,302,494,507,6FL,655,752",,,"Sep 20, 2010",,,,,,,,,,,
300 - Alpine White,,NCSW - Black Novillo Leather,,WBSKG9C50BE369083,,E369083,"MSRP.1,ZCP,ZCW,ZP2.3,ZCV,2MK,302,507,6FL,6NF,655,752",,,"Sep 20, 2010",,,,,,,,,,,
300 - Alpine White,,NCH2 - Fox Red Novillo Leather,,WBSKG9C52BE369084,,E369084,"MSRP.1,ZCP,ZP2.3,ZCV,2MK,302,494,507,6FL,655,752",,,"Sep 20, 2010",,,,,,,,,,,
300 - Alpine White,,NCSW - Black Novillo Leather,,WBSKG9C54BE369085,,E369085,"MSRP.1,ZP2.3,ZCV,2MK,2MT.1,302,494,507,6FL,655,752",,,"Sep 20, 2010",,,,,,,,,,,
A96 - Mineral White Met.,,NCSW - Black Novillo Leather,,WBSKG9C56BE369086,,E369086,"MSRP.1,ZCP,ZP2.1,ZCV,2MK,302,494,507,6FL,6NF,655,752",,,"Sep 20, 2010",,,,,,,,,,,
A96 - Mineral White Met.,,NCH5 - Fox Red/Black Novillo Leather,,WBSKG9C58BE369087,,E369087,"MSRP.1,ZCP,ZP2.3,ZCV,2MK,302,494,507,6FL,6NF,655,752",,,"Sep 20, 2010",,,,,,,,,,,
A73 - Jerez Black Metallic,,NCH4 - Palladium/Black Novillo Leather,,WBSKG9C5XBE369088,,E369088,"MSRP.1,ZCP,ZP2.3,ZCV,302,415,494,507,6FL,655,752",,,"Sep 20, 2010",550,,,,,,,,,,
A75 - Melbourne Red Metallic,,NCH3 - Beige Novillo Leather,,WBSKG9C51BE369089,,E369089,"MSRP.1,ZCP,ZP2.2,2MK,302,507,609,6FL",,,"Sep 20, 2010",550,,,,,,,,,,
A52 - Space Gray Metallic,,NCH4 - Palladium/Black Novillo Leather,,WBSKG9C58BE369090,,E369090,"MSRP.1,ZCP,ZP2.3,ZCV,2MK,302,494,507,6FL,655,752",,,"Sep 20, 2010",550,,,,,,,,,,
A73 - Jerez Black Metallic,,NCSW - Black Novillo Leather,,WBSKG9C5XBE369091,,E369091,"MSRP.1,ZCP,ZP2.3,ZCV,2MK,302,507,6FL,6NF,655,752",,,"Sep 20, 2010",550,,,,,,,,,,
A73 - Jerez Black Metallic,,NCSW - Black Novillo Leather,,WBSKG9C51BE369092,,E369092,"MSRP.1,ZP2.3,2MK,2MT.1,609,6FL",,,"Sep 20, 2010",550,,,,,,,,,,
A73 - Jerez Black Metallic,,NCH1 - Silver Novillo Leather,,WBSKG9C53BE369093,,E369093,"MSRP.1,ZP2.3,ZCV,2MT.1,302,507,6FL,6NF,752",,,"Sep 21, 2010",550,,,,,,,,,,
668 - Jet Black,,GEAT - Anthracite/Black Cloth & Leather,,WBSKG9C55BE369094,,E369094,"MSRP.1,2MK,2MT.1,771",,,"Sep 21, 2010",,,,,,,,,,,
300 - Alpine White,,NDH2 - Fox Red Extended Leather,,WBSKG9C57BE369095,,E369095,"MSRP.1,ZCW,2MK,302,403,609,639,6FL,6NF,752,771",,,"Sep 21, 2010",2000,,,,,,,,,,
668 - Jet Black,,NCH5 - Fox Red/Black Novillo Leather,,WBSKG9C59BE369096,,E369096,"MSRP.1,ZCP,ZCW,ZP2.3,ZCV,2MK,302,403,507,5AC,6FL,655,752",,,"Sep 21, 2010",,,,,,,,,,,
300 - Alpine White,,NCSW - Black Novillo Leather,,WBSKG9C50BE369097,,E369097,"MSRP.1,ZP2.3,ZCV,2MK,2MT.1,302,507,6FL",,,"Sep 21, 2010",,,,,,,,,,,
300 - Alpine White,,NCH5 - Fox Red/Black Novillo Leather,,WBSKG9C52BE369098,,E369098,"MSRP.1,ZCP,ZCW,ZP2.3,ZCV,2MK,302,507,6FL,752",,,"Sep 21, 2010",,,,,,,,,,,
A52 - Space Gray Metallic,,NCSW - Black Novillo Leather,,WBSKG9C54BE369099,,E369099,"MSRP.1,ZCP,ZP2.1,ZCV,2MK,302,494,507,6FL,6NF,655,752",,,"Sep 21, 2010",550,,,,,,,,,,
A73 - Jerez Black Metallic,,NCH1 - Silver Novillo Leather,,WBSKG9C57BE369100,,E369100,"MSRP.1,ZCW,ZP2.3,ZCV,302,507,5AC,6FL,752,863",,,"Sep 21, 2010",550,,,,,,,,,,
A30 - Interlagos Blue Metallic,,NCH4 - Palladium/Black Novillo Leather,,WBSKG9C59BE369101,,E369101,"MSRP.1,ZCP,ZCW,ZP2.1,ZCV,2MK,302,507,6FL,655,752",,,"Sep 21, 2010",550,,,,,,,,,,
A52 - Space Gray Metallic,,NCSW - Black Novillo Leather,,WBSKG9C50BE369102,,E369102,"MSRP.1,ZCP,ZP2.3,ZCV,2MK,302,494,507,6FL,655,752",,,"Sep 21, 2010",550,,,,,,,,,,
A52 - Space Gray Metallic,,NDSW - Black Extended Novillo Leather,,WBSKG9C52BE369103,,E369103,"MSRP.1,ZCP,ZCW,ZP2.3,ZCV,2MK,302,403,507,6FL,655,752",,,"Sep 21, 2010",550/1100,,,,,,,,,,
A52 - Space Gray Metallic,,NDH2 - Fox Red Extended Leather,,WBSKG9C54BE369104,,E369104,"MSRP.1,ZCP,ZP2.3,ZCV,2MK,302,494,507,6FL",,,"Sep 21, 2010",550/1100,,,,,,,,,,
A30 - Interlagos Blue Metallic,,NCSW - Black Novillo Leather,,WBSKG9C56BE369105,,E369105,"MSRP.1,ZCP,ZP2.3,ZCV,2MK,302,507,6FL",,,"Sep 21, 2010",550,,,,,,,,,,
A73 - Jerez Black Metallic,,NCSW - Black Novillo Leather,,WBSKG9C58BE369106,,E369106,"MSRP.1,ZCP,ZCW,ZP2.3,ZCV,2MK,302,403,507,5AC,6FL,6NF,655,752",,,"Sep 21, 2010",550,,,,,,,,,,
A30 - Interlagos Blue Metallic,,NCH2 - Fox Red Novillo Leather,,WBSKG9C5XBE369107,,E369107,"MSRP.1,ZCP,ZP2.1,2MK,415,494,609,6FL,655,752",,,"Sep 21, 2010",550,,,,,,,,,,
300 - Alpine White,,NCH2 - Fox Red Novillo Leather,,WBSKG9C51BE369108,,E369108,"MSRP.1,ZCP,ZP2.3,ZCV,2MK,302,507,6FL,6NF,655,752",,,"Sep 21, 2010",,,,,,,,,,,
300 - Alpine White,,NCH3 - Beige Novillo Leather,,WBSKG9C53BE369109,,E369109,"MSRP.1,ZCP,ZCW,ZP2.1,ZCV,2MK,302,507,5AC,6FL,655,752",,,"Sep 21, 2010",,,,,,,,,,,
A30 - Interlagos Blue Metallic,,NCSW - Black Novillo Leather,,WBSKG9C5XBE369110,,E369110,"MSRP.1,2MT.1,4MY,609,6FL",,,"Sep 21, 2010",550/950,,,,,,,,,,
A30 - Interlagos Blue Metallic,,NDSW - Black Extended Novillo Leather,,WBSKG9C51BE369111,,E369111,"MSRP.1,ZCP,ZP2.3,ZCV,302,494,507,6FL,655,752",,,"Sep 21, 2010",550/1100,,,,,,,,,,
A73 - Jerez Black Metallic,,NDH1 - Silver Novillo Extended Leather,,WBSKG9C53BE369112,,E369112,"MSRP.1,ZP2.1,ZCV,2MK,2MT.1,302,415,494,507,6FL,655,752",,,"Sep 22, 2010",550/1100,,,,,,,,,,
A52 - Space Gray Metallic,,NDSW - Black Extended Novillo Leather,,WBSKG9C55BE369113,,E369113,"MSRP.1,ZCP,ZP2.3,ZCV,2MK,302,415,494,507,5AC,6FL,655,752",,,"Sep 22, 2010",550/1100,,,,,,,,,,
A52 - Space Gray Metallic,,NCSW - Black Novillo Leather,,WBSKG9C57BE369114,,E369114,"MSRP.1,ZCP,ZCW,ZP2.3,609,6FL,655,752",,,"Sep 22, 2010",550,,,,,,,,,,
A52 - Space Gray Metallic,,NCH2 - Fox Red Novillo Leather,,WBSKG9C59BE369115,,E369115,"MSRP.1,2MK,403,6FL,771",,,"Sep 22, 2010",550/950,,,,,,,,,,
A52 - Space Gray Metallic,,NCSW - Black Novillo Leather,,WBSKG9C50BE369116,,E369116,"MSRP.1,ZCP,ZP2.3,ZCV,302,494,507,6FL,655",,,"Sep 22, 2010",550,,,,,,,,,,
A30 - Interlagos Blue Metallic,,NCSW - Black Novillo Leather,,WBSKG9C52BE369117,,E369117,"MSRP.1,ZCW,ZP2.3,ZCV,2MK,2MT.1,302,507,6FL,752,863",,,"Sep 22, 2010",550,,,,,,,,,,
A96 - Mineral White Met.,,NCSW - Black Novillo Leather,,WBSKG9C54BE369118,,E369118,"MSRP.1,ZP2.1,ZCV,2MK,2MT.1,302,507,6FL,752",,,"Sep 22, 2010",,,,,,,,,,,
A29 - Silverstone Metallic II,,NDSW - Black Extended Novillo Leather,,WBSKG9C56BE369119,,E369119,"MSRP.1,ZCP,ZCW,ZP2.3,ZCV,2MK,302,415,507,5AC,6FL,655,752",,,"Sep 22, 2010",550/1100,,,,,,,,,,
A29 - Silverstone Metallic II,,NCH4 - Palladium/Black Novillo Leather,,WBSKG9C52BE369120,,E369120,"MSRP.1,ZCP,ZCW,ZP2.3,ZCV,2MK,302,507,5AC,6FL,752,863",,,"Sep 22, 2010",550,,,,,,,,,,
300 - Alpine White,,NCSW - Black Novillo Leather,,WBSKG9C54BE369121,,E369121,"MSRP.1,ZCW,ZP2.3,ZCV,2MK,2MT.1,302,415,507,6FL,6NF,655,752",,,"Sep 22, 2010",,,,,,,,,,,
A96 - Mineral White Met.,,NCSW - Black Novillo Leather,,WBSKG9C56BE369122,,E369122,"MSRP.1,ZCP,ZCW,ZP2.3,ZCV,2MK,302,403,507,6FL,6NF,655,752",,,"Sep 22, 2010",,,,,,,,,,,
300 - Alpine White,,NCSW - Black Novillo Leather,,WBSKG9C58BE369123,,E369123,"MSRP.1,2MK,2MT.1,403,494,609,639,6FL,771",,,"Sep 22, 2010",950,,,,,,,,,,
A73 - Jerez Black Metallic,,NCSW - Black Novillo Leather,,WBSKG9C5XBE369124,,E369124,"MSRP.1,ZP2.3,ZCV,2MT.1,302,403,507,6FL,655,752",,,"Sep 22, 2010",550,,,,,,,,,,
381 - Le Mans Blue Metallic,,NDH2 - Fox Red Extended Leather,,WBSKG9C51BE369125,,E369125,"MSRP.1,ZP2.3,ZCV,302,403,415,494,507,6FL,655",,,"Sep 23, 2010",550/1100,,,,,,,,,,
300 - Alpine White,,NCSW - Black Novillo Leather,,WBSKG9C53BE369126,,E369126,"MSRP.1,ZCP,ZP2.2,ZCV,302,415,494,507,6FL,6NF",,,"Sep 23, 2010",,,,,,,,,,,
300 - Alpine White,,NCSW - Black Novillo Leather,,WBSKG9C55BE369127,,E369127,"MSRP.1,ZCP,ZCW,ZP2.3,ZCV,2MK,302,507,6FL,655,752",,,"Sep 23, 2010",,,,,,,,,,,
300 - Alpine White,,NDH2 - Fox Red Extended Leather,,WBSKG9C57BE369128,,E369128,"MSRP.1,ZCP,ZP2.3,ZCV,302,507,6FL,6NF,752",,,"Sep 23, 2010",1100,,,,,,,,,,
300 - Alpine White,,NCH2 - Fox Red Novillo Leather,,WBSKG9C59BE369129,,E369129,"MSRP.1,ZCP,2MK,4MY,609,6FL",,,"Sep 23, 2010",950,,,,,,,,,,
381 - Le Mans Blue Metallic,,NCH3 - Beige Novillo Leather,,WBSKG9C55BE369130,,E369130,"MSRP.1,ZCP,ZP2.3,ZCV,2MK,302,403,494,507,6FL,6NF,752",,,"Sep 23, 2010",550,,,,,,,,,,
300 - Alpine White,,NCSW - Black Novillo Leather,,WBSKG9C57BE369131,,E369131,"MSRP.1,ZCP,ZP2.3,6FL,655",,,"Sep 23, 2010",,,,,,,,,,,
300 - Alpine White,,NCSW - Black Novillo Leather,,WBSKG9C59BE369132,,E369132,"MSRP.1,2MK,2MT.1,639,6FL,771",,,"Sep 23, 2010",950,,,,,,,,,,
A96 - Mineral White Met.,,NCSW - Black Novillo Leather,,WBSKG9C50BE369133,,E369133,"MSRP.1,ZCP,ZCW,ZP2.1,ZCV,2MK,302,507,6FL,752",,,"Sep 23, 2010",,,,,,,,,,,
A96 - Mineral White Met.,,NCH3 - Beige Novillo Leather,,WBSKG9C52BE369134,,E369134,"MSRP.1,ZCP,ZCW,ZP2.2,ZCV,2MK,302,415,507,6FL,6NF,655,752",,,"Sep 23, 2010",,,,,,,,,,,
A96 - Mineral White Met.,,NCH2 - Fox Red Novillo Leather,,WBSKG9C54BE369135,,E369135,"MSRP.1,ZCW,ZP2.3,ZTP,2MK,2MT.1,302,415,507,6FL,655,752",,,"Sep 23, 2010",,,,,,,,,,,
A52 - Space Gray Metallic,,NCH2 - Fox Red Novillo Leather,,WBSKG9C56BE369136,,E369136,"MSRP.1,ZCP,ZCW,ZP2.3,ZCV,302,507,6FL",,,"Sep 23, 2010",550,,,,,,,,,,
A52 - Space Gray Metallic,,NCH5 - Fox Red/Black Novillo Leather,,WBSKG9C58BE369137,,E369137,"MSRP.1,ZCP,ZP2.3,ZCV,2MK,302,494,507,6FL,752",,,"Sep 23, 2010",550,,,,,,,,,,
A52 - Space Gray Metallic,,NCSW - Black Novillo Leather,,WBSKG9C5XBE369138,,E369138,"MSRP.1,ZP2.1,ZCV,2MT.1,302,507,6FL",,,"Sep 23, 2010",550,,,,,,,,,,
300 - Alpine White,,NCH1 - Silver Novillo Leather,,WBSKG9C51BE369139,,E369139,"MSRP.1,494,507,609,6FL,655",,,"Sep 23, 2010",950,,,,,,,,,,
300 - Alpine White,,NDH2 - Fox Red Extended Leather,,WBSKG9C58BE369140,,E369140,"MSRP.1,ZCW,ZP2.3,ZCV,2MK,2MT.1,302,507,6FL,655,752",,,"Sep 24, 2010",1100,,,,,,,,,,
300 - Alpine White,,NCSW - Black Novillo Leather,,WBSKG9C5XBE369141,,E369141,"MSRP.1,ZCW,ZP2.3,ZTP,2MT.1,302,507,6FL,655,752",,,"Sep 24, 2010",,,,,,,,,,,
381 - Le Mans Blue Metallic,,NCSW - Black Novillo Leather,,WBSKG9C51BE369142,,E369142,"MSRP.1,ZCP,ZP2.3,ZCV,2MK,302,494,507,6FL,752",,,"Sep 24, 2010",550,,,,,,,,,,
300 - Alpine White,,NDH2 - Fox Red Extended Leather,,WBSKG9C53BE369143,,E369143,"MSRP.1,ZCP,ZP2.3,ZCV,2MK,302,494,507,5AC,6FL,6NF,752",,,"Sep 24, 2010",1100,,,,,,,,,,
A96 - Mineral White Met.,,NCH3 - Beige Novillo Leather,,WBSKG9C55BE369144,,E369144,"MSRP.1,ZP2.2,2MK,2MT.1,302,507,6FL",,,"Sep 24, 2010",,,,,,,,,,,
300 - Alpine White,,GEAT - Anthracite/Black Cloth & Leather,,WBSKG9C57BE369145,,E369145,"MSRP.1,609,771",,,"Sep 24, 2010",,,,,,,,,,,
A52 - Space Gray Metallic,,NCSW - Black Novillo Leather,,WBSKG9C59BE369146,,E369146,"MSRP.1,ZCP,ZCW,ZP2.3,ZCV,2MK,302,403,507,6FL,655,752",,,"Sep 24, 2010",550,,,,,,,,,,
300 - Alpine White,,NCH2 - Fox Red Novillo Leather,,WBSKG9C50BE369147,,E369147,"MSRP.1,2MT.1,4MY,6FL",,,"Sep 24, 2010",950,,,,,,,,,,
A96 - Mineral White Met.,,NCH4 - Palladium/Black Novillo Leather,,WBSKG9C52BE369148,,E369148,"MSRP.1,ZCP,ZCW,ZP2.3,ZCV,2MK,302,507,5AC,6FL,752,863",,,"Sep 24, 2010",,,,,,,,,,,
300 - Alpine White,,GEAT - Anthracite/Black Cloth & Leather,,WBSKG9C54BE369149,,E369149,"MSRP.1,ZCV,2MK,302,507,639,6FL,771",,,"Sep 24, 2010",,,,,,,,,,,
300 - Alpine White,,NCSW - Black Novillo Leather,,WBSKG9C50BE369150,,E369150,"MSRP.1,ZCP,ZP2.3,ZCV,302,494,507,6FL",,,"Sep 24, 2010",,,,,,,,,,,
300 - Alpine White,,NDH3 - Beige Novillo Extended Leather,,WBSKG9C52BE369151,,E369151,"MSRP.1,ZCP,ZP2.2,ZCV,2MK,302,507,6FL,752",,,"Sep 24, 2010",1100,,,,,,,,,,
300 - Alpine White,,GEAT - Anthracite/Black Cloth & Leather,,WBSKG9C54BE369152,,E369152,"MSRP.1,ZCP,ZCV,302,507,639,6FL,655,771",,,"Sep 24, 2010",,,,,,,,,,,
300 - Alpine White,,NCSW - Black Novillo Leather,,WBSKG9C56BE369153,,E369153,"MSRP.1,ZCP,ZP2.3,ZCV,302,494,507,6FL,655,752",,,"Sep 24, 2010",,,,,,,,,,,
A52 - Space Gray Metallic,,NCSW - Black Novillo Leather,,WBSKG9C58BE369154,,E369154,"MSRP.1,ZCP,ZP2.3,ZCV,302,403,507,6FL",,,"Sep 24, 2010",550,,,,,,,,,,
A52 - Space Gray Metallic,,NCSW - Black Novillo Leather,,WBSKG9C5XBE369155,,E369155,"MSRP.1,ZCP,ZP2.3,ZCV,302,403,507,6FL",,,"Sep 24, 2010",550,,,,,,,,,,
300 - Alpine White,,NCH3 - Beige Novillo Leather,,WBSKG9C51BE369156,,E369156,"MSRP.1,ZP2.2,ZCV,2MK,302,403,494,507,6FL,6NF",,,"Sep 24, 2010",,,,,,,,,,,
300 - Alpine White,,GEAT - Anthracite/Black Cloth & Leather,,WBSKG9C53BE369157,,E369157,"MSRP.1,ZCV,302,403,507,639,6FL,752,771",,,"Sep 24, 2010",,,,,,,,,,,
A73 - Jerez Black Metallic,,NCH5 - Fox Red/Black Novillo Leather,,WBSKG9C55BE369158,,E369158,"MSRP.1,ZCP,ZP2.3,ZCV,302,415,507,5AC,6FL,655",,,"Sep 27, 2010",550,,,,,,,,,,
A73 - Jerez Black Metallic,,NCSW - Black Novillo Leather,,WBSKG9C57BE369159,,E369159,"MSRP.1,ZCW,ZP2.3,ZTP,2MK,2MT.1,302,415,507,6FL,655,752",,,"Sep 27, 2010",550,,,,,,,,,,
A96 - Mineral White Met.,,NCSW - Black Novillo Leather,,WBSKG9C53BE369160,,E369160,"MSRP.1,ZP2.2,ZCV,2MK,2MT.1,302,403,507,6FL,752",,,"Sep 27, 2010",,,,,,,,,,,
A73 - Jerez Black Metallic,,NCSW - Black Novillo Leather,,WBSKG9C55BE369161,,E369161,"MSRP.1,ZCP,ZCW,ZP2.3,ZTP,2MK,302,415,507,6FL,655,752",,,"Sep 27, 2010",550,,,,,,,,,,
A75 - Melbourne Red Metallic,,NCSW - Black Novillo Leather,,WBSKG9C57BE369162,,E369162,"MSRP.1,ZCP,ZP2.3,ZCV,2MK,302,494,507,6FL,752",,,"Sep 27, 2010",550,,,,,,,,,,
A52 - Space Gray Metallic,,NDH1 - Silver Novillo Extended Leather,,WBSKG9C59BE369163,,E369163,"MSRP.1,ZCW,ZP2.3,ZCV,2MT.1,302,403,507,6FL",,,"Sep 27, 2010",550/1100,,,,,,,,,,
668 - Jet Black,,NCSW - Black Novillo Leather,,WBSKG9C50BE369164,,E369164,"MSRP.1,ZCP,ZP2.3,ZCV,302,403,415,507,5AC,6FL,752",,,"Sep 27, 2010",,,,,,,,,,,
A52 - Space Gray Metallic,,NCH3 - Beige Novillo Leather,,WBSKG9C52BE369165,,E369165,"MSRP.1,ZP2.3,ZCV,2MK,302,403,507,6FL,6NF",,,"Sep 27, 2010",550,,,,,,,,,,
A52 - Space Gray Metallic,,NCSW - Black Novillo Leather,,WBSKG9C54BE369166,,E369166,"MSRP.1,ZCP,ZCW,ZP2.1,ZCV,2MK,302,403,415,507,5AC,6FL,655,752",,,"Sep 27, 2010",550,,,,,,,,,,
A75 - Melbourne Red Metallic,,NDSW - Black Extended Novillo Leather,,WBSKG9C56BE369167,,E369167,"MSRP.1,ZCP,ZP2.3,ZCV,2MK,302,403,494,507,6FL,655,752",,,"Sep 27, 2010",550/1100,,,,,,,,,,
A75 - Melbourne Red Metallic,,NDH3 - Beige Novillo Extended Leather,,WBSKG9C58BE369168,,E369168,"MSRP.1,ZCP,ZP2.3,ZCV,2MK,302,403,415,494,507,5AC,6FL,752,863",,,"Sep 27, 2010",550/1100,,,,,,,,,,
668 - Jet Black,,NDH2 - Fox Red Extended Leather,,WBSKG9C5XBE369169,,E369169,"MSRP.1,ZP2.3,ZCV,2MT.1,302,403,494,507,6FL",,,"Sep 27, 2010",1100,,,,,,,,,,
381 - Le Mans Blue Metallic,,NCSW - Black Novillo Leather,,WBSKG9C56BE369170,,E369170,"MSRP.1,ZCP,ZP2.3,ZCV,2MK,302,494,507,6FL",,,"Sep 27, 2010",550,,,,,,,,,,
A29 - Silverstone Metallic II,,NCH2 - Fox Red Novillo Leather,,WBSKG9C58BE369171,,E369171,"MSRP.1,ZCP,ZCV,2MK,302,494,4MY,507,6FL,655,752",,,"Sep 27, 2010",550/950,,,,,,,,,,
A29 - Silverstone Metallic II,,NCSW - Black Novillo Leather,,WBSKG9C5XBE369172,,E369172,"MSRP.1,ZCW,ZP2.3,ZTP,2MK,2MT.1,302,415,507,6FL,655,752",,,"Sep 27, 2010",550,,,,,,,,,,
A29 - Silverstone Metallic II,,NCSW - Black Novillo Leather,,WBSKG9C51BE369173,,E369173,"MSRP.1,ZCW,ZP2.3,ZTP,2MT.1,302,415,507,6FL,655,752",,,"Sep 27, 2010",550,,,,,,,,,,
300 - Alpine White,,NDH2 - Fox Red Extended Leather,,WBSKG9C53BE369174,,E369174,"MSRP.1,ZCP,4MZ,609,6FL",,,"Sep 27, 2010",2000,,,,,,,,,,
300 - Alpine White,,NDSW - Black Extended Novillo Leather,,WBSKG9C55BE369175,,E369175,"MSRP.1,ZCP,ZP2.3,ZCV,302,494,507,6FL,6NF,655,752",,,"Sep 27, 2010",1100,,,,,,,,,,
300 - Alpine White,,NCSW - Black Novillo Leather,,WBSKG9C57BE369176,,E369176,"MSRP.1,ZCP,ZP2.3,2MK,494,609,6FL,655",,,"Sep 27, 2010",,,,,,,,,,,
A73 - Jerez Black Metallic,,NCSW - Black Novillo Leather,,WBSKG9C59BE369177,,E369177,"MSRP.1,ZCW,ZP2.3,ZCV,2MK,302,507,6FL,6NF,655",,,"Sep 27, 2010",550,,,,,,,,,,
381 - Le Mans Blue Metallic,,NDSW - Black Extended Novillo Leather,,WBSKG9C50BE369178,,E369178,"MSRP.1,ZP2.3,ZCV,2MT.1,302,494,507,6FL,863",,,"Sep 28, 2010",550/1100,,,,,,,,,,
A73 - Jerez Black Metallic,,NCH2 - Fox Red Novillo Leather,,WBSKG9C52BE369179,,E369179,"MSRP.1,ZCW,ZP2.3,ZTP,2MK,2MT.1,302,415,507,6FL,655,752",,,"Sep 28, 2010",550,,,,,,,,,,
A75 - Melbourne Red Metallic,,NDH3 - Beige Novillo Extended Leather,,WBSKG9C59BE369180,,E369180,"MSRP.1,ZCP,ZCW,ZP2.3,ZCV,302,507,6FL,6NF,655,752",,,"Sep 28, 2010",550/1100,,,,,,,,,,
A75 - Melbourne Red Metallic,,NCH3 - Beige Novillo Leather,,WBSKG9C50BE369181,,E369181,"MSRP.1,ZCP,ZCW,ZP2.3,ZCV,2MK,302,507,6FL,655,752",,,"Sep 28, 2010",550,,,,,,,,,,
A75 - Melbourne Red Metallic,,NCH3 - Beige Novillo Leather,,WBSKG9C52BE369182,,E369182,"MSRP.1,ZCP,ZCW,ZP2.2,ZCV,2MK,302,507,6FL,6NF,655,752",,,"Sep 28, 2010",550,,,,,,,,,,
300 - Alpine White,,NDSW - Black Extended Novillo Leather,,WBSKG9C54BE369183,,E369183,"MSRP.1,ZCP,ZP2.3,ZCV,302,415,494,507,6FL,6NF,655,752",,,"Sep 28, 2010",1100,,,,,,,,,,
300 - Alpine White,,NDH2 - Fox Red Extended Leather,,WBSKG9C56BE369184,,E369184,"MSRP.1,ZCW,ZP2.3,ZTP,2MK,2MT.1,302,415,507,6FL,655,752",,,"Sep 28, 2010",1100,,,,,,,,,,
300 - Alpine White,,NCH2 - Fox Red Novillo Leather,,WBSKG9C58BE369185,,E369185,"MSRP.1,ZCP,ZCW,6FL,655,771",,,"Sep 28, 2010",950,,,,,,,,,,
668 - Jet Black,,NCSW - Black Novillo Leather,,WBSKG9C5XBE369186,,E369186,"MSRP.1,ZCW,ZP2.3,ZTP,302,415,507,6FL,655,752",,,"Sep 28, 2010",,,,,,,,,,,
668 - Jet Black,,NCSW - Black Novillo Leather,,WBSKG9C51BE369187,,E369187,"MSRP.1,ZCP,ZCW,ZP2.1,ZCV,302,403,415,507,5AC,6FL,752",,,"Sep 28, 2010",,,,,,,,,,,
300 - Alpine White,,GEAT - Anthracite/Black Cloth & Leather,,WBSKG9C53BE369188,,E369188,"MSRP.1,ZCP,507,771",,,"Sep 28, 2010",,,,,,,,,,,
A52 - Space Gray Metallic,,NCH4 - Palladium/Black Novillo Leather,,WBSKG9C55BE369189,,E369189,"MSRP.1,ZCP,2MK,494,4MY,507,655",,,"Sep 28, 2010",550/950,,,,,,,,,,
A96 - Mineral White Met.,,NCH4 - Palladium/Black Novillo Leather,,WBSKG9C51BE369190,,E369190,"MSRP.1,ZCP,ZCV,2MK,302,4MX,507,6FL,6NF,752",,,"Sep 28, 2010",950,,,,,,,,,,
A96 - Mineral White Met.,,NDH3 - Beige Novillo Extended Leather,,WBSKG9C53BE369191,,E369191,"MSRP.1,ZCW,ZP2.3,ZCV,2MT.1,302,507,6FL,655,752",,,"Sep 28, 2010",1100,,,,,,,,,,
A52 - Space Gray Metallic,,NCH2 - Fox Red Novillo Leather,,WBSKG9C55BE369192,,E369192,"MSRP.1,ZCP,ZCW,ZP2.3,ZCV,2MK,302,507,6FL,655",,,"Sep 28, 2010",550,,,,,,,,,,
300 - Alpine White,,NCSW - Black Novillo Leather,,WBSKG9C57BE369193,,E369193,"MSRP.1,ZCP,ZP2.3,ZCV,2MK,302,507,6FL,655,752",,,"Sep 29, 2010",,,,,,,,,,,
300 - Alpine White,,NCH2 - Fox Red Novillo Leather,,WBSKG9C59BE369194,,E369194,"MSRP.1,ZCV,2MK,2MT.1,302,507,6FL,752,771",,,"Sep 29, 2010",950,,,,,,,,,,
A52 - Space Gray Metallic,,NCSW - Black Novillo Leather,,WBSKG9C50BE369195,,E369195,"MSRP.1,ZP2.1,ZCV,302,507,6FL",,,"Sep 29, 2010",550,,,,,,,,,,
A96 - Unknown Paint Code,,NCH5 - Fox Red/Black Novillo Leather,,WBSKG9C52BE369196,,E369196,"MSRP.1,ZCP,ZCW,ZP2.3,ZCV,2MK,302,507,6FL,655,752",,,"Sep 29, 2010",,,,,,,,,,,
A52 - Space Gray Metallic,,NCH2 - Fox Red Novillo Leather,,WBSKG9C54BE369197,,E369197,"MSRP.1,ZCP,ZCW,ZP2.3,ZCV,2MK,302,415,507,6FL,655,752",,,"Sep 29, 2010",550,,,,,,,,,,
300 - Alpine White,,NCSW - Black Novillo Leather,,WBSKG9C56BE369198,,E369198,"MSRP.1,ZCW,ZP2.1,ZTP,2MK,302,415,507,6FL,655,752",,,"Sep 29, 2010",,,,,,,,,,,
300 - Alpine White,,NCSW - Black Novillo Leather,,WBSKG9C58BE369199,,E369199,"MSRP.1,ZCW,ZP2.3,ZTP,2MT.1,302,6FL",,,"Sep 29, 2010",,,,,,,,,,,
A96 - Mineral White Met.,,NCSW - Black Novillo Leather,,WBSKG9C50BE369200,,E369200,"MSRP.1,ZCW,ZP2.1,ZTP,2MT.1,302,415,507,6FL,655,752",,,"Sep 29, 2010",,,,,,,,,,,
300 - Alpine White,,NCH2 - Fox Red Novillo Leather,,WBSKG9C52BE369201,,E369201,"MSRP.1,ZCW,ZP2.1,ZTP,2MK,2MT.1,302,415,507,6FL,655,752",,,"Sep 29, 2010",,,,,,,,,,,
300 - Alpine White,,NDSW - Black Extended Novillo Leather,,WBSKG9C54BE369202,,E369202,"MSRP.1,ZCP,ZP2.3,ZCV,2MK,302,415,494,507,6FL,655,752,863",,,"Sep 29, 2010",1100,,,,,,,,,,
668 - Jet Black,,NCSW - Black Novillo Leather,,WBSKG9C56BE369203,,E369203,"MSRP.1,ZCW,ZP2.3,302,322,6FL",,,"Sep 29, 2010",,,,,,,,,,,
A30 - Interlagos Blue Metallic,,NCH1 - Silver Novillo Leather,,WBSKG9C58BE369204,,E369204,"MSRP.1,ZP2.3,2MT.1,494,6FL,655",,,"Sep 29, 2010",550,,,,,,,,,,
668 - Jet Black,,NCH2 - Fox Red Novillo Leather,,WBSKG9C5XBE369205,,E369205,"MSRP.1,ZCW,ZP2.3,ZCV,2MT.1,302,507,6FL,752",,,"Sep 29, 2010",,,,,,,,,,,
A52 - Space Gray Metallic,,NCSW - Black Novillo Leather,,WBSKG9C51BE369206,,E369206,"MSRP.1,2MK,2MT.1,302,4MY,609,6FL,6NF,655,752",,,"Sep 29, 2010",550/950,,,,,,,,,,
300 - Alpine White,,GEAT - Anthracite/Black Cloth & Leather,,WBSKG9C53BE369207,,E369207,"MSRP.1,ZCP,ZCV,2MK,302,4MY,507,6FL",,,"Sep 29, 2010",,,,,,,,,,,
A73 - Jerez Black Metallic,,NCH2 - Fox Red Novillo Leather,,WBSKG9C55BE369208,,E369208,"MSRP.1,ZCP,ZCW,ZP2.3,ZCV,302,403,507,6FL,6NF",,,"Sep 29, 2010",550,,,,,,,,,,
A96 - Mineral White Met.,,NCSW - Black Novillo Leather,,WBSKG9C57BE369209,,E369209,"MSRP.1,ZCW,ZP2.1,ZTP,2MT.1,302,415,507,6FL,655,752",,,"Sep 29, 2010",,,,,,,,,,,
A30 - Interlagos Blue Metallic,,NDH2 - Fox Red Extended Leather,,WBSKG9C53BE369210,,E369210,"MSRP.1,ZCP,ZP2.3,ZCV,2MK,302,494,507,5AC,6FL,6NF,752",,,"Sep 29, 2010",550/1100,,,,,,,,,,
300 - Alpine White,,NCSW - Black Novillo Leather,,WBSKG9C55BE369211,,E369211,"MSRP.1,ZCP,ZP2.3,ZCV,2MK,302,494,507,6FL,655,752",,,"Sep 30, 2010",,,,,,,,,,,
300 - Alpine White,,NCSW - Black Novillo Leather,,WBSKG9C57BE369212,,E369212,"MSRP.1,ZCP,ZP2.1,ZCV,2MK,302,507,6FL,655,752",,,"Sep 30, 2010",,,,,,,,,,,
300 - Alpine White,,NCSW - Black Novillo Leather,,WBSKG9C59BE369213,,E369213,"MSRP.1,ZCP,ZP2.3,ZCV,302,494,507,6FL,752",,,"Sep 30, 2010",,,,,,,,,,,
300 - Alpine White,,NCSW - Black Novillo Leather,,WBSKG9C50BE369214,,E369214,"MSRP.1,ZCP,ZP2.3,ZCV,302,494,507,6FL,655",,,"Sep 30, 2010",,,,,,,,,,,
300 - Alpine White,,NCH5 - Fox Red/Black Novillo Leather,,WBSKG9C52BE369215,,E369215,"MSRP.1,ZCP,ZCV,302,4MY,507,6FL",,,"Sep 30, 2010",950,,,,,,,,,,
A75 - Melbourne Red Metallic,,NDH1 - Silver Novillo Extended Leather,,WBSKG9C54BE369216,,E369216,"MSRP.1,ZCP,ZCW,ZP2.3,ZCV,302,507,6FL,6NF,655,752",,,"Sep 30, 2010",550/1100,,,,,,,,,,
300 - Alpine White,,NCSW - Black Novillo Leather,,WBSKG9C56BE369217,,E369217,"MSRP.1,ZCW,ZP2.3,ZTP,2MK,2MT.1,302,415,507,6FL,655,752",,,"Sep 30, 2010",,,,,,,,,,,
300 - Alpine White,,NCH2 - Fox Red Novillo Leather,,WBSKG9C58BE369218,,E369218,"MSRP.1,ZCW,ZP2.1,ZTP,2MT.1,302,6FL",,,"Sep 30, 2010",,,,,,,,,,,
300 - Alpine White,,NCH2 - Fox Red Novillo Leather,,WBSKG9C5XBE369219,,E369219,"MSRP.1,ZCW,ZP2.3,ZTP,2MK,302,415,507,6FL,655,752",,,"Sep 30, 2010",,,,,,,,,,,
300 - Alpine White,,NCH2 - Fox Red Novillo Leather,,WBSKG9C56BE369220,,E369220,"MSRP.1,ZCP,ZP2.3,ZCV,2MK,302,494,507,6FL",,,"Sep 30, 2010",,,,,,,,,,,
,,Z1XX - Unknown Upholstery Code,,WBSKG9C58BE369221,,E369221,"MSRP.1,ZCP,ZCW,ZP2.3,ZTP,2MK,302,415,507,6FL,655,752",,,"Oct 7, 2010",,,,,,,,,,,
A73 - Jerez Black Metallic,,NCSW - Black Novillo Leather,,WBSKG9C5XBE369222,,E369222,"MSRP.1,ZCP,ZCW,ZP2.3,ZCV,2MK,302,403,507,6FL,752,863",,,"Sep 30, 2010",550,,,,,,,,,,
A52 - Space Gray Metallic,,NCH2 - Fox Red Novillo Leather,,WBSKG9C51BE369223,,E369223,"MSRP.1,ZP2.3,ZCV,2MT.1,302,403,494,507,6FL,6NF,655,752",,,"Sep 30, 2010",550,,,,,,,,,,
A96 - Unknown Paint Code,,NDH2 - Fox Red Extended Leather,,WBSKG9C53BE369224,,E369224,"MSRP.1,ZCW,ZP2.3,ZTP,302,415,507,6FL,655,752",,,"Sep 30, 2010",1100,,,,,,,,,,
300 - Alpine White,,NCSW - Black Novillo Leather,,WBSKG9C55BE369225,,E369225,"MSRP.1,ZP2.3,ZCV,2MK,2MT.1,302,494,507,6FL,752",,,"Sep 30, 2010",,,,,,,,,,,
300 - Alpine White,,NCSW - Black Novillo Leather,,WBSKG9C57BE369226,,E369226,"MSRP.1,ZP2.3,ZCV,2MK,2MT.1,302,494,507,6FL,655,752",,,"Sep 30, 2010",,,,,,,,,,,
300 - Alpine White,,NDH3 - Beige Novillo Extended Leather,,WBSKG9C59BE369227,,E369227,"MSRP.1,ZCP,ZCV,302,507,6FL,655,771",,,"Sep 30, 2010",2000,,,,,,,,,,
A73 - Jerez Black Metallic,,NDH3 - Beige Novillo Extended Leather,,WBSKG9C50BE369228,,E369228,"MSRP.1,ZCP,ZCW,ZP2.2,ZCV,2MK,302,415,507,5AC,6FL,655,752",,,"Sep 30, 2010",550/1100,,,,,,,,,,
300 - Alpine White,,NCSW - Black Novillo Leather,,WBSKG9C52BE369229,,E369229,"MSRP.1,ZCP,ZP2.3,ZCV,2MK,302,494,507,6FL,752",,,"Sep 30, 2010",,,,,,,,,,,
300 - Alpine White,,GEAT - Anthracite/Black Cloth & Leather,,WBSKG9C59BE369230,,E369230,"MSRP.1,639,6FL,771",,,"Oct 1, 2010",,,,,,,,,,,
300 - Alpine White,,NCSW - Black Novillo Leather,,WBSKG9C50BE369231,,E369231,"MSRP.1,ZCP,ZP2.3,ZCV,302,507,6FL",,,"Oct 1, 2010",,,,,,,,,,,
668 - Jet Black,,NCSW - Black Novillo Leather,,WBSKG9C52BE369232,,E369232,"MSRP.1,ZCP,ZP2.3,ZCV,2MK,302,494,507,6FL,655,752",,,"Oct 1, 2010",,,,,,,,,,,
300 - Alpine White,,NCSW - Black Novillo Leather,,WBSKG9C54BE369233,,E369233,"MSRP.1,ZCP,ZP2.3,ZCV,2MK,302,494,507,6FL",,,"Oct 1, 2010",,,,,,,,,,,
300 - Alpine White,,NCSW - Black Novillo Leather,,WBSKG9C56BE369234,,E369234,"MSRP.1,ZP2.3,ZCV,2MT.1,302,403,494,507,6FL,6NF,655",,,"Oct 1, 2010",,,,,,,,,,,
300 - Alpine White,,NDH2 - Fox Red Extended Leather,,WBSKG9C58BE369235,,E369235,"MSRP.1,ZP2.3,ZCV,2MK,302,494,507,6FL",,,"Oct 1, 2010",1100,,,,,,,,,,
A30 - Interlagos Blue Metallic,,NCSW - Black Novillo Leather,,WBSKG9C5XBE369236,,E369236,"MSRP.1,ZCP,ZP2.3,ZCV,2MK,302,494,507,6FL,655,752",,,"Oct 4, 2010",550,,,,,,,,,,
300 - Alpine White,,NDH2 - Fox Red Extended Leather,,WBSKG9C51BE369237,,E369237,"MSRP.1,ZCP,ZP2.1,2MK,415,507,609,6FL,6NF,752",,,"Oct 4, 2010",1100,,,,,,,,,,
A52 - Space Gray Metallic,,NCH5 - Fox Red/Black Novillo Leather,,WBSKG9C53BE369238,,E369238,"MSRP.1,ZP2.2,ZCV,2MK,2MT.1,302,403,494,507,6FL,655,752",,,"Oct 4, 2010",550,,,,,,,,,,
A52 - Space Gray Metallic,,NCH2 - Fox Red Novillo Leather,,WBSKG9C55BE369239,,E369239,"MSRP.1,ZP2.3,ZCV,302,507,6FL,6NF,655",,,"Oct 5, 2010",550,,,,,,,,,,
381 - Le Mans Blue Metallic,,NDH1 - Silver Novillo Extended Leather,,WBSKG9C51BE369240,,E369240,"MSRP.1,ZP2.3,ZCV,2MK,302,507,6FL,6NF",,,"Oct 6, 2010",550/1100,,,,,,,,,,
A96 - Mineral White Met.,,NCSW - Black Novillo Leather,,WBSKG9C53BE369241,,E369241,"MSRP.1,ZCP,ZP2.1,ZCV,2MK,302,494,507,6FL,655,752",,,"Oct 6, 2010",,,,,,,,,,,
A52 - Space Gray Metallic,,NCH2 - Fox Red Novillo Leather,,WBSKG9C55BE369242,,E369242,"MSRP.1,ZCP,ZP2.3,ZCV,2MK,302,494,507,6FL,655",,,"Oct 6, 2010",550,,,,,,,,,,
300 - Alpine White,,NDH2 - Fox Red Extended Leather,,WBSKG9C57BE369243,,E369243,"MSRP.1,ZCP,ZCW,ZP2.3,2MK,403,507,5AC,609,6FL,6NF,752",,,"Oct 6, 2010",1100,,,,,,,,,,
,,NDSW - Black Extended Novillo Leather,,WBSKG9C59BE369244,,E369244,"MSRP.1,ZCW,ZP2.3,ZTP,2MK,302,415,507,6FL,655,752",,,"Oct 14, 2010",1100,,,,,,,,,,
,,NDSW - Black Extended Novillo Leather,,WBSKG9C50BE369245,,E369245,"MSRP.1,ZCW,ZP2.3,ZTP,2MK,2MT.1,302,415,507,6FL,655,752",,,"Oct 14, 2010",1100,,,,,,,,,,
,,Z1XX - Unknown Upholstery Code,,WBSKG9C52BE369246,,E369246,"MSRP.1,ZCP,ZCW,ZP2.3,ZTP,2MK,302,415,507,6FL,655,752",,,"Oct 14, 2010",,,,,,,,,,,
381 - Le Mans Blue Metallic,,NCH2 - Fox Red Novillo Leather,,WBSKG9C54BE369247,,E369247,"MSRP.1,ZCP,ZP2.3,494,507,6FL",,,"Oct 7, 2010",550,,,,,,,,,,
300 - Alpine White,,NCH2 - Fox Red Novillo Leather,,WBSKG9C56BE369248,,E369248,"MSRP.1,ZCP,ZP2.3,ZCV,2MK,302,507,6FL,752",,,"Oct 7, 2010",,,,,,,,,,,
300 - Alpine White,,NCSW - Black Novillo Leather,,WBSKG9C58BE369249,,E369249,"MSRP.1,ZCP,ZCW,2MK,302,415,6FL,771",,,"Oct 8, 2010",950,,,,,,,,,,
668 - Jet Black,,NCH2 - Fox Red Novillo Leather,,WBSKG9C54BE369250,,E369250,"MSRP.1,ZCP,ZP2.3,ZCV,302,403,494,507,5AC,6FL,752",,,"Oct 8, 2010",,,,,,,,,,,
300 - Alpine White,,NCH2 - Fox Red Novillo Leather,,WBSKG9C56BE369251,,E369251,"MSRP.1,2MK,2MT.1,4MY",,,"Oct 9, 2010",950,,,,,,,,,,
A96 - Mineral White Met.,,NDH3 - Beige Novillo Extended Leather,,WBSKG9C58BE369252,,E369252,"MSRP.1,ZCP,ZP2.3,ZCV,2MK,302,415,494,507,5AC,6FL,6NF,655,752",,,"Oct 9, 2010",1100,,,,,,,,,,
668 - Jet Black,,NCSW - Black Novillo Leather,,WBSKG9C5XBE369253,,E369253,"MSRP.1,ZCP,ZCW,ZP2.3,ZCV,2MK,302,403,507,6FL,655,752",,,"Oct 9, 2010",,,,,,,,,,,
A52 - Space Gray Metallic,,NCSW - Black Novillo Leather,,WBSKG9C51BE369254,,E369254,"MSRP.1,ZP2.1,2MK,403,609,6FL,752",,,"Oct 9, 2010",550,,,,,,,,,,
A52 - Space Gray Metallic,,NCH2 - Fox Red Novillo Leather,,WBSKG9C53BE369255,,E369255,"MSRP.1,ZP2.1,ZCV,302,403,494,507,6FL,863",,,"Oct 9, 2010",550,,,,,,,,,,
668 - Jet Black,,NDSW - Black Extended Novillo Leather,,WBSKG9C55BE369256,,E369256,"MSRP.1,ZCP,ZP2.3,ZCV,302,403,494,507,6FL,6NF,655,752",,,"Oct 9, 2010",1100,,,,,,,,,,
A96 - Mineral White Met.,,NCH2 - Fox Red Novillo Leather,,WBSKG9C57BE369257,,E369257,"MSRP.1,ZCP,ZP2.3,ZCV,2MK,302,494,507,6FL,655,752",,,"Oct 9, 2010",,,,,,,,,,,
668 - Jet Black,,NCSW - Black Novillo Leather,,WBSKG9C59BE369258,,E369258,"MSRP.1,ZCP,ZP2.1,ZCV,2MK,302,403,494,507,6FL,752",,,"Oct 9, 2010",,,,,,,,,,,
A52 - Space Gray Metallic,,NCSW - Black Novillo Leather,,WBSKG9C50BE369259,,E369259,"MSRP.1,ZCP,ZP2.3,ZCV,2MK,302,415,507,6FL,752",,,"Oct 9, 2010",550,,,,,,,,,,
A52 - Space Gray Metallic,,NCH5 - Fox Red/Black Novillo Leather,,WBSKG9C57BE369260,,E369260,"MSRP.1,ZCP,ZP2.3,ZCV,2MK,302,494,507,6FL,752",,,"Oct 9, 2010",550,,,,,,,,,,
A52 - Space Gray Metallic,,NCSW - Black Novillo Leather,,WBSKG9C59BE369261,,E369261,"MSRP.1,ZCP,ZCW,609,639,6FL,6NF,655,771",,,"Oct 11, 2010",550/950,,,,,,,,,,
A52 - Space Gray Metallic,,GEAT - Anthracite/Black Cloth & Leather,,WBSKG9C50BE369262,,E369262,"MSRP.1,ZCW,ZP2.1,ZTP,2MK,302,415,507,6FL,655,752",,,"Oct 11, 2010",550,,,,,,,,,,
A52 - Space Gray Metallic,,NCSW - Black Novillo Leather,,WBSKG9C52BE369263,,E369263,"MSRP.1,ZCW,ZP2.1,ZCV,2MK,302,507,6FL,863",,,"Oct 11, 2010",550,,,,,,,,,,
300 - Alpine White,,NCH5 - Fox Red/Black Novillo Leather,,WBSKG9C54BE369264,,E369264,"MSRP.1,ZCP,ZP2.3,ZCV,2MK,302,507,6FL",,,"Oct 11, 2010",,,,,,,,,,,
300 - Alpine White,,NCH2 - Fox Red Novillo Leather,,WBSKG9C56BE369265,,E369265,"MSRP.1,ZP2.3,609,6FL",,,"Oct 11, 2010",,,,,,,,,,,
300 - Alpine White,,NCSW - Black Novillo Leather,,WBSKG9C58BE369266,,E369266,"MSRP.1,ZCV,2MK,2MT.1,302,507,6FL,771",,,"Oct 11, 2010",950,,,,,,,,,,
300 - Alpine White,,NCSW - Black Novillo Leather,,WBSKG9C5XBE369267,,E369267,"MSRP.1,ZCP,ZP2.3,ZCV,2MK,302,494,507,6FL,752",,,"Oct 11, 2010",,,,,,,,,,,
300 - Alpine White,,NCSW - Black Novillo Leather,,WBSKG9C51BE369268,,E369268,"MSRP.1,ZP2.3,ZCV,2MK,2MT.1,302,494,507,6FL,655,752",,,"Oct 11, 2010",,,,,,,,,,,
300 - Alpine White,,NCSW - Black Novillo Leather,,WBSKG9C53BE369269,,E369269,"MSRP.1,ZP2.2,ZCV,2MK,2MT.1,302,494,507,6FL,6NF,655",,,"Oct 11, 2010",,,,,,,,,,,
300 - Alpine White,,NCH2 - Fox Red Novillo Leather,,WBSKG9C5XBE369270,,E369270,"MSRP.1,ZCW,ZP2.3,ZTP,2MK,2MT.1,302,415,507,6FL,655,752",,,"Oct 11, 2010",,,,,,,,,,,
A52 - Space Gray Metallic,,NCH2 - Fox Red Novillo Leather,,WBSKG9C51BE369271,,E369271,"MSRP.1,ZP2.3,ZCV,2MT.1,302,403,494,507,6FL,655,752",,,"Oct 11, 2010",550,,,,,,,,,,
A96 - Mineral White Met.,,NCSW - Black Novillo Leather,,WBSKG9C53BE369272,,E369272,"MSRP.1,ZCP,ZP2.2,2MK,494,609,6FL,655,752",,,"Oct 11, 2010",,,,,,,,,,,
300 - Alpine White,,NCSW - Black Novillo Leather,,WBSKG9C55BE369273,,E369273,"MSRP.1,494,507,609,6FL,655",,,"Oct 11, 2010",950,,,,,,,,,,
A73 - Jerez Black Metallic,,GEAT - Anthracite/Black Cloth & Leather,,WBSKG9C57BE369274,,E369274,"MSRP.1,ZCP,2MK,771",,,"Oct 12, 2010",550,,,,,,,,,,
A73 - Jerez Black Metallic,,NCH3 - Beige Novillo Leather,,WBSKG9C59BE369275,,E369275,"MSRP.1,ZP2.3,ZCV,302,403,415,494,507,6FL",,,"Oct 12, 2010",550,,,,,,,,,,
A73 - Jerez Black Metallic,,NCH3 - Beige Novillo Leather,,WBSKG9C50BE369276,,E369276,"MSRP.1,ZCP,ZP2.1,ZCV,2MK,302,403,494,507,6FL,6NF,655",,,"Oct 12, 2010",550,,,,,,,,,,
300 - Alpine White,,NCH5 - Fox Red/Black Novillo Leather,,WBSKG9C52BE369277,,E369277,"MSRP.1,ZCP,ZP2.1,ZCV,2MK,302,507,6FL,752",,,"Oct 12, 2010",,,,,,,,,,,
A73 - Jerez Black Metallic,,NDH3 - Beige Novillo Extended Leather,,WBSKG9C54BE369278,,E369278,"MSRP.1,ZCP,ZP2.3,ZCV,2MK,302,494,507,6FL,6NF,752",,,"Oct 12, 2010",550/1100,,,,,,,,,,
A73 - Jerez Black Metallic,,NDSW - Black Extended Novillo Leather,,WBSKG9C56BE369279,,E369279,"MSRP.1,ZCP,ZCW,4MY,507,609,6FL,655,752",,,"Oct 13, 2010",550/2000,,,,,,,,,,
A73 - Jerez Black Metallic,,NCSW - Black Novillo Leather,,WBSKG9C52BE369280,,E369280,"MSRP.1,ZCP,ZCV,2MK,302,507,6FL,771",,,"Oct 13, 2010",550/950,,,,,,,,,,
A73 - Jerez Black Metallic,,NCSW - Black Novillo Leather,,WBSKG9C54BE369281,,E369281,"MSRP.1,ZCV,302,494,4MZ,507,6FL,655,752",,,"Oct 13, 2010",550/950,,,,,,,,,,
A73 - Jerez Black Metallic,,NCH5 - Fox Red/Black Novillo Leather,,WBSKG9C56BE369282,,E369282,"MSRP.1,ZCP,ZP2.3,ZCV,302,403,494,507,6FL",,,"Oct 13, 2010",550,,,,,,,,,,
,,NDSW - Black Extended Novillo Leather,,WBSKG9C58BE369283,,E369283,"MSRP.1,ZCP,ZCW,ZP2.3,ZTP,2MK,302,415,507,6FL,655,752",,,"Oct 21, 2010",1100,,,,,,,,,,
,,NDSW - Black Extended Novillo Leather,,WBSKG9C5XBE369284,,E369284,"MSRP.1,ZCW,ZP2.3,ZTP,2MT.1,302,6FL",,,"Oct 21, 2010",1100,,,,,,,,,,
"X04 - Moonstone - $5,000.00",,NCSW - Black Novillo Leather,,WBSKG9C51BE369285,,E369285,"MSRP.1,ZCW,ZP2.3,ZTP,2MK,2MT.1,302,403,415,507,6FL,655,752",,,"Oct 22, 2010",,,,,,,,,,,
668 - Jet Black,,NCH5 - Fox Red/Black Novillo Leather,,WBSKG9C53BE369286,,E369286,"MSRP.1,ZCP,ZCV,2MK,302,494,507,6FL,655,752",,,"Oct 22, 2010",950,,,,,,,,,,
X03 - Ruby Black Metallic 1 of 17,,NDSW - Black Extended Novillo Leather,,WBSKG9C55BE369287,,E369287,"MSRP.1,ZCW,ZP2.3,ZTP,2MK,2MT.1,302,415,507,6FL,655,752",,,"Oct 25, 2010",1100,,,,,,,,,,
,,NDSW - Black Extended Novillo Leather,,WBSKG9C57BE369288,,E369288,"MSRP.1,ZCW,ZP2.1,ZTP,2MK,2MT.1,302,415,507,6FL,655,752",,,"Oct 22, 2010",1100,,,,,,,,,,
,,Z1XX - Unknown Upholstery Code,,WBSKG9C59BE369289,,E369289,"MSRP.1,ZCP,ZCW,ZP2.3,ZTP,2MK,302,415,507,6FL,655,752",,,"Oct 22, 2010",,,,,,,,,,,
X03 - Ruby Black Metallic 1 of 17,,NCH2 - Fox Red Novillo Leather,,WBSKG9C55BE369290,,E369290,"MSRP.1,ZCW,ZTP,2MK,2MT.1,302,415,507,6FL,655,752",,,"Oct 25, 2010",950,,,,,,,,,,
A96 - Mineral White Met.,,ZAP2 - Unknown Upholstery Code,,WBSKG9C57BE369291,,E369291,"MSRP.1,ZCP,ZCW,ZP2.2,ZTP,2MK,302,415,507,6FL,655,752",,,"Oct 22, 2010",,,,,,,,,,,
300 - Alpine White,,NCSW - Black Novillo Leather,,WBSKG9C59BE369292,,E369292,"MSRP.1,ZCV,2MK,2MT.1,302,415,494,507,6FL,655,752",,,"Oct 22, 2010",950,,,,,,,,,,
A73 - Jerez Black Metallic,,NCH3 - Beige Novillo Leather,,WBSKG9C50BE369293,,E369293,"MSRP.1,ZCW,ZP2.1,2MK,2MT.1,302,322,6FL",,,"Oct 13, 2010",550,,,,,,,,,,
300 - Alpine White,,GEAT - Anthracite/Black Cloth & Leather,,WBSKG9C52BE369294,,E369294,"MSRP.1,ZCP,ZCV,302,403,507,639,6FL,6NF,771",,,"Oct 13, 2010",,,,,,,,,,,
381 - Le Mans Blue Metallic,,NDSW - Black Extended Novillo Leather,,WBSKG9C54BE369295,,E369295,"MSRP.1,ZCP,ZCW,ZP2.3,ZCV,2MK,302,507,5AC,6FL,655,752",,,"Oct 13, 2010",550/1100,,,,,,,,,,
300 - Alpine White,,NCH1 - Silver Novillo Leather,,WBSKG9C56BE369296,,E369296,"MSRP.1,ZCP,415,494,6FL,655,771",,,"Oct 13, 2010",950,,,,,,,,,,
A73 - Jerez Black Metallic,,NCH4 - Palladium/Black Novillo Leather,,WBSKG9C58BE369297,,E369297,"MSRP.1,ZCP,ZCW,ZP2.3,ZTP,2MK,302,415,5AC,6FL,6NF,752",,,"Oct 13, 2010",550,,,,,,,,,,
A96 - Mineral White Met.,,NCH3 - Beige Novillo Leather,,WBSKG9C5XBE369298,,E369298,"MSRP.1,ZCV,2MK,2MT.1,302,403,494,4MY,507,6FL,655,752",,,"Oct 13, 2010",950,,,,,,,,,,
A73 - Jerez Black Metallic,,NCH2 - Fox Red Novillo Leather,,WBSKG9C51BE369299,,E369299,"MSRP.1,ZCW,ZP2.3,ZTP,2MK,2MT.1,302,403,415,507,6FL,655,752",,,"Oct 13, 2010",550,,,,,,,,,,
A96 - Mineral White Met.,,NCH2 - Fox Red Novillo Leather,,WBSKG9C54BE369300,,E369300,"MSRP.1,ZCP,ZCW,ZP2.3,ZCV,302,415,507,6FL,6NF,752",,,"Oct 13, 2010",,,,,,,,,,,
A52 - Space Gray Metallic,,NCH3 - Beige Novillo Leather,,WBSKG9C56BE369301,,E369301,"MSRP.1,ZP2.2,ZCV,302,403,494,507,6FL,655,752",,,"Oct 13, 2010",550,,,,,,,,,,
381 - Le Mans Blue Metallic,,NCSW - Black Novillo Leather,,WBSKG9C58BE369302,,E369302,"MSRP.1,ZCP,ZCW,ZP2.3,ZCV,2MK,302,507,6FL,6NF,655,752",,,"Oct 13, 2010",550,,,,,,,,,,
381 - Le Mans Blue Metallic,,NCSW - Black Novillo Leather,,WBSKG9C5XBE369303,,E369303,"MSRP.1,ZP2.3,ZCV,302,494,507,6FL,655,752",,,"Oct 13, 2010",550,,,,,,,,,,
381 - Le Mans Blue Metallic,,NCH3 - Beige Novillo Leather,,WBSKG9C51BE369304,,E369304,"MSRP.1,ZCP,ZCW,ZP2.1,ZCV,2MK,302,507,6FL,752,863",,,"Oct 14, 2010",550,,,,,,,,,,
A73 - Jerez Black Metallic,,NCSW - Black Novillo Leather,,WBSKG9C53BE369305,,E369305,"MSRP.1,ZCP,ZCW,ZP2.3,ZCV,2MK,302,507,6FL,6NF,655,752",,,"Oct 14, 2010",550,,,,,,,,,,
A73 - Jerez Black Metallic,,NCSW - Black Novillo Leather,,WBSKG9C55BE369306,,E369306,"MSRP.1,ZCW,ZP2.1,ZCV,2MK,302,507,6FL,655,752,863",,,"Oct 14, 2010",550,,,,,,,,,,
A73 - Jerez Black Metallic,,NCH3 - Beige Novillo Leather,,WBSKG9C57BE369307,,E369307,"MSRP.1,ZCP,ZCW,ZP2.3,ZCV,2MK,302,403,507,5AC,6FL,6NF,655,752",,,"Oct 14, 2010",550,,,,,,,,,,
668 - Jet Black,,NCSW - Black Novillo Leather,,WBSKG9C59BE369308,,E369308,"MSRP.1,2MK,2MT.1,4MY,609,6FL,655",,,"Oct 14, 2010",950,,,,,,,,,,
668 - Jet Black,,GEAT - Anthracite/Black Cloth & Leather,,WBSKG9C50BE369309,,E369309,"MSRP.1,2MK,2MT.1,302,415,494,4MY,507,609,6FL",,,"Oct 14, 2010",,,,,,,,,,,
A29 - Silverstone Metallic II,,NCSW - Black Novillo Leather,,WBSKG9C57BE369310,,E369310,"MSRP.1,ZCP,ZCW,ZP2.3,ZCV,2MK,302,415,507,6FL,6NF,655,752",,,"Oct 14, 2010",550,,,,,,,,,,
300 - Alpine White,,NCSW - Black Novillo Leather,,WBSKG9C59BE369311,,E369311,"MSRP.1,ZCP,ZP2.3,ZCV,2MK,302,415,494,507,6FL,655,752",,,"Oct 14, 2010",,,,,,,,,,,
668 - Jet Black,,NCSW - Black Novillo Leather,,WBSKG9C50BE369312,,E369312,"MSRP.1,302,4MZ,507,6FL,655",,,"Oct 14, 2010",950,,,,,,,,,,
300 - Alpine White,,NCSW - Black Novillo Leather,,WBSKG9C52BE369313,,E369313,"MSRP.1,ZCP,ZP2.3,ZCV,302,494,507,6FL",,,"Oct 14, 2010",,,,,,,,,,,
300 - Alpine White,,NDH2 - Fox Red Extended Leather,,WBSKG9C54BE369314,,E369314,"MSRP.1,ZCP,ZP2.3,ZCV,302,494,507,6FL",,,"Oct 14, 2010",1100,,,,,,,,,,
668 - Jet Black,,GEAT - Anthracite/Black Cloth & Leather,,WBSKG9C56BE369315,,E369315,"MSRP.1,ZCP,771",,,"Oct 14, 2010",,,,,,,,,,,
A30 - Interlagos Blue Metallic,,NCH3 - Beige Novillo Leather,,WBSKG9C58BE369316,,E369316,"MSRP.1,ZCV,2MT.1,302,403,507,6FL,655,771",,,"Oct 14, 2010",550/950,,,,,,,,,,
A30 - Interlagos Blue Metallic,,NCSW - Black Novillo Leather,,WBSKG9C5XBE369317,,E369317,"MSRP.1,ZCP,ZP2.3,ZCV,302,403,494,507,6FL,655,752",,,"Oct 14, 2010",550,,,,,,,,,,
A30 - Interlagos Blue Metallic,,NDSW - Black Extended Novillo Leather,,WBSKG9C51BE369318,,E369318,"MSRP.1,ZCP,ZP2.2,ZCV,2MK,302,403,415,494,507,5AC,6FL,6NF,752,863",,,"Oct 14, 2010",550/1100,,,,,,,,,,
300 - Alpine White,,NCSW - Black Novillo Leather,,WBSKG9C53BE369319,,E369319,"MSRP.1,ZCP,ZP2.3,ZCV,2MK,302,507,6FL",,,"Oct 14, 2010",,,,,,,,,,,
668 - Jet Black,,GEAT - Anthracite/Black Cloth & Leather,,WBSKG9C5XBE369320,,E369320,"MSRP.1,2MK,2MT.1,4MY,6FL",,,"Oct 15, 2010",,,,,,,,,,,
A96 - Mineral White Met.,,GEAT - Anthracite/Black Cloth & Leather,,WBSKG9C51BE369321,,E369321,"MSRP.1,ZCP,2MK,494,4MZ,6FL,6NF",,,"Dec 3, 2010",,,,,,,,,,,
381 - Le Mans Blue Metallic,,GEAT - Anthracite/Black Cloth & Leather,,WBSKG9C53BE369322,,E369322,"MSRP.1,ZCP,494,4MX,6FL,6NF",,,"Dec 3, 2010",550,,,,,,,,,,
A75 - Melbourne Red Metallic,,GEAT - Anthracite/Black Cloth & Leather,,WBSKG9C55BE369323,,E369323,"MSRP.1,ZCP,2MK,494,4MX,6FL,6NF",,,"Dec 6, 2010",550,,,,,,,,,,
A73 - Jerez Black Metallic,,NCSW - Black Novillo Leather,,WBSKG9C57BE369324,,E369324,"MSRP.1,ZCP,ZCV,302,403,494,507,6FL,752,771",,,"Oct 15, 2010",550/950,,,,,,,,,,
A96 - Mineral White Met.,,NCH2 - Fox Red Novillo Leather,,WBSKG9C59BE369325,,E369325,"MSRP.1,ZCP,302,4MX,6FL",,,"Oct 15, 2010",950,,,,,,,,,,
A52 - Space Gray Metallic,,NCH5 - Fox Red/Black Novillo Leather,,WBSKG9C50BE369326,,E369326,"MSRP.1,ZCP,ZP2.3,507,6FL",,,"Oct 16, 2010",550,,,,,,,,,,
A73 - Jerez Black Metallic,,NCSW - Black Novillo Leather,,WBSKG9C52BE369327,,E369327,"MSRP.1,ZP2.3,ZCV,2MK,302,403,494,507,6FL,6NF,655",,,"Oct 16, 2010",550,,,,,,,,,,
A73 - Jerez Black Metallic,,NCSW - Black Novillo Leather,,WBSKG9C54BE369328,,E369328,"MSRP.1,ZP2.3,ZCV,2MK,2MT.1,302,494,507,6FL,752",,,"Oct 16, 2010",550,,,,,,,,,,
A52 - Space Gray Metallic,,NCH1 - Silver Novillo Leather,,WBSKG9C56BE369329,,E369329,"MSRP.1,ZCP,4MX,6FL",,,"Oct 16, 2010",550/950,,,,,,,,,,
A96 - Mineral White Met.,,NCH3 - Beige Novillo Leather,,WBSKG9C52BE369330,,E369330,"MSRP.1,ZP2.2,ZCV,2MK,2MT.1,302,403,494,507,5AC,6FL,655",,,"Oct 16, 2010",,,,,,,,,,,
A73 - Jerez Black Metallic,,NCH5 - Fox Red/Black Novillo Leather,,WBSKG9C54BE369331,,E369331,"MSRP.1,ZCP,ZP2.3,ZCV,2MK,302,415,507,6FL,655,752",,,"Oct 16, 2010",550,,,,,,,,,,
300 - Alpine White,,NCH3 - Beige Novillo Leather,,WBSKG9C56BE369332,,E369332,"MSRP.1,ZP2.2,ZCV,2MT.1,302,403,494,507,6FL,655",,,"Oct 16, 2010",,,,,,,,,,,
A73 - Jerez Black Metallic,,NCSW - Black Novillo Leather,,WBSKG9C58BE369333,,E369333,"MSRP.1,ZP2.3,ZCV,2MK,2MT.1,302,507,6FL,655,752",,,"Oct 16, 2010",550,,,,,,,,,,
A52 - Space Gray Metallic,,GEAT - Anthracite/Black Cloth & Leather,,WBSKG9C5XBE369334,,E369334,"MSRP.1,ZCP,2MK,4MY,609,6FL,655",,,"Oct 16, 2010",550,,,,,,,,,,
668 - Jet Black,,NCH5 - Fox Red/Black Novillo Leather,,WBSKG9C51BE369335,,E369335,"MSRP.1,ZP2.3,ZCV,2MK,2MT.1,302,403,494,507,6FL,6NF,655,752",,,"Oct 18, 2010",,,,,,,,,,,
300 - Alpine White,,NCH5 - Fox Red/Black Novillo Leather,,WBSKG9C53BE369336,,E369336,"MSRP.1,494,507,609,6FL,655",,,"Oct 18, 2010",950,,,,,,,,,,
A96 - Mineral White Met.,,GEAT - Anthracite/Black Cloth & Leather,,WBSKG9C55BE369337,,E369337,"MSRP.1,ZCP,494,609,639,6FL,655,752,771",,,"Oct 18, 2010",,,,,,,,,,,
668 - Jet Black,,NDSW - Black Extended Novillo Leather,,WBSKG9C57BE369338,,E369338,"MSRP.1,ZCP,ZP2.3,ZCV,2MK,302,507,6FL,752",,,"Oct 18, 2010",1100,,,,,,,,,,
381 - Le Mans Blue Metallic,,NCSW - Black Novillo Leather,,WBSKG9C59BE369339,,E369339,"MSRP.1,ZCP,ZCW,ZP2.1,ZCV,302,507,6FL,655,752",,,"Oct 18, 2010",550,,,,,,,,,,
381 - Le Mans Blue Metallic,,NCSW - Black Novillo Leather,,WBSKG9C55BE369340,,E369340,"MSRP.1,ZCP,ZP2.3,ZCV,2MK,302,494,507,6FL,655,752",,,"Oct 18, 2010",550,,,,,,,,,,
300 - Alpine White,,NCH2 - Fox Red Novillo Leather,,WBSKG9C57BE369341,,E369341,"MSRP.1,ZP2.3,ZCV,302,494,507,6FL,752,863",,,"Oct 18, 2010",,,,,,,,,,,
A96 - Mineral White Met.,,NCH2 - Fox Red Novillo Leather,,WBSKG9C59BE369342,,E369342,"MSRP.1,ZCP,ZP2.3,2MK,494,609,6FL,6NF,655,752",,,"Oct 18, 2010",,,,,,,,,,,
A73 - Jerez Black Metallic,,NCH4 - Palladium/Black Novillo Leather,,WBSKG9C50BE369343,,E369343,"MSRP.1,ZCP,ZCW,ZP2.3,ZCV,2MK,302,507,6FL,6NF,752",,,"Oct 18, 2010",550,,,,,,,,,,
668 - Jet Black,,NCSW - Black Novillo Leather,,WBSKG9C52BE369344,,E369344,"MSRP.1,ZP2.3,ZCV,2MT.1,302,403,494,507,6FL,655,752",,,"Oct 18, 2010",,,,,,,,,,,
668 - Jet Black,,NCSW - Black Novillo Leather,,WBSKG9C54BE369345,,E369345,"MSRP.1,ZP2.2,ZCV,2MK,2MT.1,302,403,494,507,6FL,655,752",,,"Oct 18, 2010",,,,,,,,,,,
A52 - Space Gray Metallic,,NCH2 - Fox Red Novillo Leather,,WBSKG9C56BE369346,,E369346,"MSRP.1,403,494,507,6FL,771",,,"Oct 18, 2010",550/950,,,,,,,,,,
300 - Alpine White,,NCSW - Black Novillo Leather,,WBSKG9C58BE369347,,E369347,"MSRP.1,ZCP,ZCW,ZP2.3,ZCV,302,507,6FL,752",,,"Oct 18, 2010",,,,,,,,,,,
668 - Jet Black,,NCSW - Black Novillo Leather,,WBSKG9C5XBE369348,,E369348,"MSRP.1,ZP2.3,2MK,2MT.1,6FL,655",,,"Oct 18, 2010",,,,,,,,,,,
300 - Alpine White,,NCH5 - Fox Red/Black Novillo Leather,,WBSKG9C51BE369349,,E369349,"MSRP.1,ZCP,ZCW,ZP2.3,ZCV,2MK,302,415,507,6FL,6NF,655,752",,,"Oct 18, 2010",,,,,,,,,,,
300 - Alpine White,,NCH2 - Fox Red Novillo Leather,,WBSKG9C58BE369350,,E369350,"MSRP.1,ZCP,ZP2.3,ZCV,302,403,494,507,6FL,655,752",,,"Oct 18, 2010",,https://bringatrailer.com/listing/2011-bmw-m3-coupe-110/,,,,,,,,,
300 - Alpine White,,NCH4 - Palladium/Black Novillo Leather,,WBSKG9C5XBE369351,,E369351,"MSRP.1,ZCP,ZCW,ZP2.3,ZCV,2MK,302,507,6FL,752",,,"Oct 18, 2010",,,,,,,,,,,
300 - Alpine White,,GEAT - Anthracite/Black Cloth & Leather,,WBSKG9C51BE369352,,E369352,"MSRP.1,ZCV,2MT.1,302,403,494,4MY,507,6FL",,,"Oct 18, 2010",,,,,,,,,,,
A96 - Mineral White Met.,,NCSW - Black Novillo Leather,,WBSKG9C53BE369353,,E369353,"MSRP.1,ZCP,ZCW,ZP2.3,ZCV,2MK,302,403,507,6FL,655,752",,,"Oct 18, 2010",,,,,,,,,,,
300 - Alpine White,,NCSW - Black Novillo Leather,,WBSKG9C55BE369354,,E369354,"MSRP.1,ZCP,ZCW,ZP2.3,2MK,609,6FL,6NF,655,752",,,"Oct 18, 2010",,,,,,,,,,,
668 - Jet Black,,NCSW - Black Novillo Leather,,WBSKG9C57BE369355,,E369355,"MSRP.1,ZCP,ZCW,ZP2.3,ZCV,302,507,6FL,655,752",,,"Oct 18, 2010",,,,,,,,,,,
668 - Jet Black,,NCH5 - Fox Red/Black Novillo Leather,,WBSKG9C59BE369356,,E369356,"MSRP.1,ZCP,ZCW,ZP2.3,ZCV,2MK,302,403,507,6FL,6NF,655,752",,,"Oct 18, 2010",,,,,,,,,,,
668 - Jet Black,,NDSW - Black Extended Novillo Leather,,WBSKG9C50BE369357,,E369357,"MSRP.1,ZCP,ZCW,ZP2.3,ZCV,302,403,415,507,5AC,6FL,6NF,752",,,"Oct 19, 2010",1100,,,,,,,,,,
A96 - Mineral White Met.,,NCSW - Black Novillo Leather,,WBSKG9C52BE369358,,E369358,"MSRP.1,ZP2.3,ZCV,2MK,2MT.1,302,403,494,507,6FL,6NF,655,752",,,"Oct 19, 2010",,,,,,,,,,,
A96 - Mineral White Met.,,NCH3 - Beige Novillo Leather,,WBSKG9C54BE369359,,E369359,"MSRP.1,ZP2.2,ZCV,2MK,2MT.1,302,403,494,507,5AC,6FL,655",,,"Oct 19, 2010",,,,,,,,,,,
A96 - Mineral White Met.,,NCH3 - Beige Novillo Leather,,WBSKG9C50BE369360,,E369360,"MSRP.1,ZCW,ZP2.2,ZCV,2MK,2MT.1,302,403,507,6FL,655,752",,,"Oct 19, 2010",,,,,,,,,,,
300 - Alpine White,,NDSW - Black Extended Novillo Leather,,WBSKG9C52BE369361,,E369361,"MSRP.1,ZCW,ZP2.3,ZCV,2MT.1,302,403,507,5AC,6FL,6NF,655,752",,,"Oct 19, 2010",1100,,,,,,,,,,
A96 - Mineral White Met.,,NCH2 - Fox Red Novillo Leather,,WBSKG9C54BE369362,,E369362,"MSRP.1,ZCP,ZP2.3,ZCV,2MK,302,494,507,6FL,655,752",,,"Oct 19, 2010",,,,,,,,,,,
A96 - Mineral White Met.,,NCH5 - Fox Red/Black Novillo Leather,,WBSKG9C56BE369363,,E369363,"MSRP.1,ZCP,ZP2.2,ZCV,2MK,302,415,494,507,6FL,655,752",,,"Oct 19, 2010",,,,,,,,,,,
A96 - Mineral White Met.,,NCSW - Black Novillo Leather,,WBSKG9C58BE369364,,E369364,"MSRP.1,ZCP,ZP2.3,ZCV,2MK,302,415,494,507,5AC,6FL,752",,,"Oct 19, 2010",,,,,,,,,,,
300 - Alpine White,,NCSW - Black Novillo Leather,,WBSKG9C5XBE369365,,E369365,"MSRP.1,ZCW,ZP2.3,ZCV,2MK,2MT.1,302,507,6FL,6NF,655",,,"Oct 19, 2010",,,,,,,,,,,
300 - Alpine White,,NDSW - Black Extended Novillo Leather,,WBSKG9C51BE369366,,E369366,"MSRP.1,ZCP,ZP2.3,ZCV,302,507,6FL,752",,,"Oct 19, 2010",1100,,,,,,,,,,
A52 - Space Gray Metallic,,NCH4 - Palladium/Black Novillo Leather,,WBSKG9C53BE369367,,E369367,"MSRP.1,ZCP,ZP2.3,ZCV,302,494,507,6FL,655,752",,,"Oct 19, 2010",550,,,,,,,,,,
A52 - Space Gray Metallic,,NDH3 - Beige Novillo Extended Leather,,WBSKG9C55BE369368,,E369368,"MSRP.1,ZCP,ZCW,ZP2.3,ZCV,2MK,302,415,507,6FL,6NF,752",,,"Oct 19, 2010",550/1100,,,,,,,,,,
300 - Alpine White,,NCSW - Black Novillo Leather,,WBSKG9C57BE369369,,E369369,"MSRP.1,ZCP,ZCW,ZP2.3,ZCV,2MK,302,507,6FL,655,752",,,"Oct 19, 2010",,,,,,,,,,,
A52 - Space Gray Metallic,,NCSW - Black Novillo Leather,,WBSKG9C53BE369370,,E369370,"MSRP.1,ZCP,ZCW,ZP2.1,ZCV,302,403,507,6FL,655",,,"Oct 19, 2010",550,,,,,,,,,,
A52 - Space Gray Metallic,,NCSW - Black Novillo Leather,,WBSKG9C55BE369371,,E369371,"MSRP.1,ZCP,ZP2.3,ZTP,2MK,302,494,6FL,6NF,655,752",,,"Oct 19, 2010",550,,,,,,,,,,
A52 - Space Gray Metallic,,NCSW - Black Novillo Leather,,WBSKG9C57BE369372,,E369372,"MSRP.1,ZCP,ZP2.3,ZCV,2MK,302,494,507,6FL,655,752",,,"Oct 19, 2010",550,,,,,,,,,,
A52 - Space Gray Metallic,,GEAT - Anthracite/Black Cloth & Leather,,WBSKG9C59BE369373,,E369373,"MSRP.1,ZCV,302,4MY,507,6FL,655",,,"Oct 19, 2010",550,,,,,,,,,,
668 - Jet Black,,NCSW - Black Novillo Leather,,WBSKG9C50BE369374,,E369374,"MSRP.1,ZCW,ZP2.3,ZCV,2MT.1,302,403,507,6FL,655",,,"Oct 19, 2010",,,,,,,,,,,
668 - Jet Black,,NCH5 - Fox Red/Black Novillo Leather,,WBSKG9C52BE369375,,E369375,"MSRP.1,ZP2.3,ZCV,2MT.1,302,507,6FL,655",,,"Oct 19, 2010",,,,,,,,,,,
668 - Jet Black,,NCSW - Black Novillo Leather,,WBSKG9C54BE369376,,E369376,"MSRP.1,ZCP,ZP2.3,ZCV,2MK,302,415,494,507,6FL,6NF,655,752",,,"Oct 20, 2010",,,,,,,,,,,
A96 - Mineral White Met.,,NCSW - Black Novillo Leather,,WBSKG9C56BE369377,,E369377,"MSRP.1,ZP2.1,ZCV,2MK,2MT.1,302,494,507,6FL,655,752",,,"Oct 20, 2010",,,,,,,,,,,
A96 - Mineral White Met.,,NCH2 - Fox Red Novillo Leather,,WBSKG9C58BE369378,,E369378,"MSRP.1,ZCP,ZP2.3,609,6FL",,,"Oct 20, 2010",,,,,,,,,,,
668 - Jet Black,,NCSW - Black Novillo Leather,,WBSKG9C5XBE369379,,E369379,"MSRP.1,ZP2.3,ZCV,2MK,2MT.1,302,403,494,507,6FL,6NF,655,752",,,"Oct 20, 2010",,,,,,,,,,,
668 - Jet Black,,NCH4 - Palladium/Black Novillo Leather,,WBSKG9C56BE369380,,E369380,"MSRP.1,ZCP,ZP2.3,ZCV,2MK,302,403,494,507,6FL,655,752",,,"Oct 20, 2010",,,,,,,,,,,
A96 - Mineral White Met.,,NCH3 - Beige Novillo Leather,,WBSKG9C58BE369381,,E369381,"MSRP.1,ZCP,ZP2.2,ZCV,2MK,302,494,507,6FL,752",,,"Oct 20, 2010",,,,,,,,,,,
A96 - Mineral White Met.,,NCSW - Black Novillo Leather,,WBSKG9C5XBE369382,,E369382,"MSRP.1,ZCP,ZP2.2,ZCV,2MK,302,494,507,6FL,655,752",,,"Oct 20, 2010",,,,,,,,,,,
668 - Jet Black,,NCSW - Black Novillo Leather,,WBSKG9C51BE369383,,E369383,"MSRP.1,ZP2.1,ZCV,2MK,2MT.1,302,403,507,6FL",,,"Oct 20, 2010",,,,,,,,,,,
668 - Jet Black,,NCH2 - Fox Red Novillo Leather,,WBSKG9C53BE369384,,E369384,"MSRP.1,ZCP,ZCW,ZP2.2,ZCV,302,403,415,507,6FL,6NF,752",,,"Oct 20, 2010",,,,,,,,,,,
300 - Alpine White,,NCSW - Black Novillo Leather,,WBSKG9C55BE369385,,E369385,"MSRP.1,ZP2.3,ZCV,2MK,2MT.1,302,403,494,507,6FL,655,752",,,"Oct 20, 2010",,,,,,,,,,,
A96 - Mineral White Met.,,NDH2 - Fox Red Extended Leather,,WBSKG9C57BE369386,,E369386,"MSRP.1,ZCP,ZP2.3,ZCV,2MK,302,415,494,507,5AC,6FL,752",,,"Oct 20, 2010",1100,,,,,,,,,,
300 - Alpine White,,NCH5 - Fox Red/Black Novillo Leather,,WBSKG9C59BE369387,,E369387,"MSRP.1,ZP2.3,ZCV,2MK,2MT.1,302,403,494,507,6FL,655,752",,,"Oct 20, 2010",,,,,,,,,,,
300 - Alpine White,,NCH5 - Fox Red/Black Novillo Leather,,WBSKG9C50BE369388,,E369388,"MSRP.1,2MK,2MT.1,494,4MY,507,609,6FL",,,"Oct 20, 2010",950,,,,,,,,,,
A96 - Mineral White Met.,,NCH2 - Fox Red Novillo Leather,,WBSKG9C52BE369389,,E369389,"MSRP.1,ZCW,ZP2.3,ZCV,2MK,302,403,507,6FL,655,752",,,"Oct 20, 2010",,,,,,,,,,,
300 - Alpine White,,NCH2 - Fox Red Novillo Leather,,WBSKG9C59BE369390,,E369390,"MSRP.1,ZCP,ZCW,ZP2.3,ZCV,2MK,302,507,6FL,655,752",,,"Oct 20, 2010",,,,,,,,,,,
300 - Alpine White,,NCH5 - Fox Red/Black Novillo Leather,,WBSKG9C50BE369391,,E369391,"MSRP.1,ZCP,ZCW,ZP2.3,ZCV,2MK,302,507,6FL,655,752",,,"Oct 20, 2010",,,,,,,,,,,
300 - Alpine White,,NDSW - Black Extended Novillo Leather,,WBSKG9C52BE369392,,E369392,"MSRP.1,ZCP,ZCW,ZP2.3,ZCV,2MK,302,507,6FL,6NF,655,752",,,"Oct 20, 2010",1100,,,,,,,,,,
300 - Alpine White,,NCH3 - Beige Novillo Leather,,WBSKG9C54BE369393,,E369393,"MSRP.1,ZCP,ZCW,ZP2.3,ZCV,2MK,302,403,507,6FL,6NF,655,752",,,"Oct 20, 2010",,,,,,,,,,,
668 - Jet Black,,NCH5 - Fox Red/Black Novillo Leather,,WBSKG9C56BE369394,,E369394,"MSRP.1,ZP2.2,ZCV,2MK,2MT.1,302,494,507,6FL,655,752",,,"Oct 20, 2010",,,,,,,,,,,
668 - Jet Black,,NCSW - Black Novillo Leather,,WBSKG9C58BE369395,,E369395,"MSRP.1,ZCP,ZP2.3,ZCV,2MK,302,415,507,5AC,6FL,655,752",,,"Oct 21, 2010",,,,,,,,,,,
A29 - Silverstone Metallic II,,NCSW - Black Novillo Leather,,WBSKG9C5XBE369396,,E369396,"MSRP.1,ZCW,ZP2.3,ZCV,2MK,2MT.1,302,403,507,6FL,655,752",,,"Oct 21, 2010",550,,,,,,,,,,
668 - Jet Black,,NCSW - Black Novillo Leather,,WBSKG9C51BE369397,,E369397,"MSRP.1,ZCP,ZP2.3,ZCV,2MK,302,494,507,6FL,655,752",,,"Oct 21, 2010",,,,,,,,,,,
300 - Alpine White,,NCH5 - Fox Red/Black Novillo Leather,,WBSKG9C53BE369398,,E369398,"MSRP.1,ZCP,ZP2.3,ZCV,2MK,302,507,6FL,655,752",,,"Oct 21, 2010",,,,,,,,,,,
668 - Jet Black,,NCH5 - Fox Red/Black Novillo Leather,,WBSKG9C55BE369399,,E369399,"MSRP.1,ZCP,ZP2.3,ZCV,2MK,302,415,494,507,5AC,6FL,6NF,655,752",,,"Oct 21, 2010",,,,,,,,,,,
A29 - Silverstone Metallic II,,NCH1 - Silver Novillo Leather,,WBSKG9C58BE369400,,E369400,"MSRP.1,ZP2.1,ZCV,2MK,2MT.1,302,494,507,6FL,655,752",,,"Oct 21, 2010",550,,,,,,,,,,
A29 - Silverstone Metallic II,,NCH4 - Palladium/Black Novillo Leather,,WBSKG9C5XBE369401,,E369401,"MSRP.1,ZCP,ZCW,ZP2.1,ZCV,2MK,302,415,507,5AC,6FL,655,752",,,"Oct 21, 2010",550,,,,,,,,,,
A29 - Silverstone Metallic II,,NCH2 - Fox Red Novillo Leather,,WBSKG9C51BE369402,,E369402,"MSRP.1,ZCP,ZCW,ZP2.1,ZCV,302,507,6FL,655,752",,,"Oct 21, 2010",550,,,,,,,,,,
A29 - Silverstone Metallic II,,NCH4 - Palladium/Black Novillo Leather,,WBSKG9C53BE369403,,E369403,"MSRP.1,ZCP,ZP2.3,ZCV,2MK,302,494,507,6FL,6NF,655,752",,,"Oct 21, 2010",550,,,,,,,,,,
A29 - Silverstone Metallic II,,NCH4 - Palladium/Black Novillo Leather,,WBSKG9C55BE369404,,E369404,"MSRP.1,ZP2.3,ZCV,2MK,2MT.1,302,494,507,5AC,6FL,6NF,655,752",,,"Oct 21, 2010",550,,,,,,,,,,
A29 - Silverstone Metallic II,,NCH4 - Palladium/Black Novillo Leather,,WBSKG9C57BE369405,,E369405,"MSRP.1,ZCP,ZP2.3,ZCV,2MK,302,494,507,5AC,6FL,6NF,752",,,"Oct 21, 2010",550,,,,,,,,,,
A96 - Mineral White Met.,,NCSW - Black Novillo Leather,,WBSKG9C59BE369406,,E369406,"MSRP.1,ZP2.3,ZCV,2MK,2MT.1,302,494,507,6FL,6NF,655,752",,,"Oct 21, 2010",,,,,,,,,,,
A96 - Mineral White Met.,,NCH2 - Fox Red Novillo Leather,,WBSKG9C50BE369407,,E369407,"MSRP.1,ZCW,ZP2.1,ZTP,2MK,2MT.1,302,415,507,6FL,655,752",,,"Oct 21, 2010",,,,,,,,,,,
300 - Alpine White,,NCSW - Black Novillo Leather,,WBSKG9C52BE369408,,E369408,"MSRP.1,ZCP,ZP2.1,ZCV,2MK,302,494,507,5AC,6FL,6NF,655,752",,,"Oct 21, 2010",,,,,,,,,,,
300 - Alpine White,,NCSW - Black Novillo Leather,,WBSKG9C54BE369409,,E369409,"MSRP.1,ZCP,ZP2.3,ZCV,2MK,302,494,507,6FL,655,752",,,"Oct 21, 2010",,,,,,,,,,,
300 - Alpine White,,NCH5 - Fox Red/Black Novillo Leather,,WBSKG9C50BE369410,,E369410,"MSRP.1,ZCP,ZP2.3,ZCV,2MK,302,494,507,6FL,655,752",,,"Oct 21, 2010",,,,,,,,,,,
300 - Alpine White,,NCSW - Black Novillo Leather,,WBSKG9C52BE369411,,E369411,"MSRP.1,ZCP,ZP2.1,ZCV,2MK,302,507,6FL,655,752",,,"Oct 21, 2010",,,,,,,,,,,
300 - Alpine White,,NCSW - Black Novillo Leather,,WBSKG9C54BE369412,,E369412,"MSRP.1,ZCP,ZP2.1,ZCV,2MK,302,494,507,6FL,6NF,655,752",,,"Oct 21, 2010",,,,,,,,,,,
,,NDSW - Black Extended Novillo Leather,,WBSKG9C56BE369413,,E369413,"MSRP.1,ZCW,ZP2.3,ZTP,2MK,2MT.1,302,415,507,6FL,655,752",,,"Oct 28, 2010",1100,,,,,,,,,,
,,NDSW - Black Extended Novillo Leather,,WBSKG9C58BE369414,,E369414,"MSRP.1,ZCW,ZP2.3,ZTP,2MT.1,302,415,507,6FL,655,752",,,"Oct 28, 2010",1100,,,,,,,,,,
668 - Jet Black,,NCH5 - Fox Red/Black Novillo Leather,,WBSKG9C5XBE369415,,E369415,"MSRP.1,ZCP,ZCW,ZCV,2MK,302,507,6FL,655,752",,,"Oct 28, 2010",950,,,,,,,,,,
,,NCSW - Black Novillo Leather,,WBSKG9C51BE369416,,E369416,"MSRP.1,ZCW,ZP2.3,ZTP,302,415,507,6FL,655,752",,,"Oct 29, 2010",,,,,,,,,,,
,,NDH2 - Fox Red Extended Leather,,WBSKG9C53BE369417,,E369417,"MSRP.1,ZCW,ZP2.1,ZTP,2MK,2MT.1,302,415,507,6FL,655,752",,,"Oct 29, 2010",1100,,,,,,,,,,
,,Z1XX - Unknown Upholstery Code,,WBSKG9C55BE369418,,E369418,"MSRP.1,ZCP,ZCW,ZP2.3,ZTP,2MK,302,415,507,6FL,655,752",,,"Oct 29, 2010",,,,,,,,,,,
,,NCSW - Black Novillo Leather,,WBSKG9C57BE369419,,E369419,"MSRP.1,ZCP,ZP2.3,ZCV,302,494,507,6FL,6NF,655,752",,,"Oct 29, 2010",,,,,,,,,,,
,,NCSW - Black Novillo Leather,,WBSKG9C53BE369420,,E369420,"MSRP.1,ZCP,ZCW,ZP2.3,ZCV,2MK,302,507,6FL,6NF,752",,,"Oct 29, 2010",,,,,,,,,,,
A96 - Mineral White Met.,,NCSW - Black Novillo Leather,,WBSKG9C55BE369421,,E369421,"MSRP.1,ZCP,ZP2.2,494,507,609,6FL,6NF",,,"Oct 22, 2010",,,,,,,,,,,
A75 - Melbourne Red Metallic,,GEAT - Anthracite/Black Cloth & Leather,,WBSKG9C57BE369422,,E369422,"MSRP.1,4MX,655",,,"Oct 22, 2010",550,,,,,,,,,,
300 - Alpine White,,NDH2 - Fox Red Extended Leather,,WBSKG9C59BE369423,,E369423,"MSRP.1,ZCP,ZCW,ZP2.3,ZCV,2MK,302,415,507,5AC,6FL,655,752",,,"Oct 22, 2010",1100,,,,,,,,,,
300 - Alpine White,,NCSW - Black Novillo Leather,,WBSKG9C50BE369424,,E369424,"MSRP.1,ZCP,ZCW,ZP2.3,ZCV,2MK,302,507,6FL,6NF,655,752",,,"Oct 25, 2010",,,,,,,,,,,
A52 - Space Gray Metallic,,NCSW - Black Novillo Leather,,WBSKG9C52BE369425,,E369425,"MSRP.1,ZP2.3,2MK,6FL,655",,,"Oct 25, 2010",550,,,,,,,,,,
A96 - Mineral White Met.,,GEAT - Anthracite/Black Cloth & Leather,,WBSKG9C54BE369426,,E369426,"MSRP.1,2MT.1,6FL,655,771",,,"Oct 25, 2010",,,,,,,,,,,
A73 - Jerez Black Metallic,,NCSW - Black Novillo Leather,,WBSKG9C56BE369427,,E369427,"MSRP.1,ZCP,ZP2.3,ZCV,2MK,302,494,507,6FL,655,752",,,"Oct 25, 2010",550,,,,,,,,,,
A73 - Jerez Black Metallic,,NCH2 - Fox Red Novillo Leather,,WBSKG9C58BE369428,,E369428,"MSRP.1,ZCP,2MK,403,494,4MY,6FL",,,"Oct 25, 2010",550/950,,,,,,,,,,
A73 - Jerez Black Metallic,,NCH3 - Beige Novillo Leather,,WBSKG9C5XBE369429,,E369429,"MSRP.1,ZCW,ZP2.3,ZCV,2MK,2MT.1,302,403,507,6FL,6NF,655,752",,,"Oct 25, 2010",550,,,,,,,,,,
A96 - Mineral White Met.,,NCH1 - Silver Novillo Leather,,WBSKG9C56BE369430,,E369430,"MSRP.1,2MK,2MT.1,639,6FL,771",,,"Oct 25, 2010",950,,,,,,,,,,
300 - Alpine White,,GEAT - Anthracite/Black Cloth & Leather,,WBSKG9C58BE369431,,E369431,"MSRP.1,ZCP,494,4MY,6FL",,,"Oct 25, 2010",,,,,,,,,,,
300 - Alpine White,,NCSW - Black Novillo Leather,,WBSKG9C5XBE369432,,E369432,"MSRP.1,ZP2.3,ZCV,2MK,2MT.1,302,403,494,507,6FL,752",,,"Oct 25, 2010",,,,,,,,,,,
A73 - Jerez Black Metallic,,NCSW - Black Novillo Leather,,WBSKG9C51BE369433,,E369433,"MSRP.1,ZP2.1,2MK,2MT.1,403,609,6FL,655,752",,,"Oct 25, 2010",550,,,,,,,,,,
A73 - Jerez Black Metallic,,NCH3 - Beige Novillo Leather,,WBSKG9C53BE369434,,E369434,"MSRP.1,ZCP,ZP2.2,ZCV,2MK,302,494,507,6FL,655",,,"Oct 25, 2010",550,,,,,,,,,,
381 - Le Mans Blue Metallic,,NCSW - Black Novillo Leather,,WBSKG9C55BE369435,,E369435,"MSRP.1,ZCP,ZP2.3,ZCV,2MK,302,403,507,6FL,655",,,"Oct 25, 2010",550,,,,,,,,,,
300 - Alpine White,,NCSW - Black Novillo Leather,,WBSKG9C57BE369436,,E369436,"MSRP.1,ZCP,ZP2.3,ZCV,2MK,302,415,494,507,6FL,6NF,655,752",,,"Oct 25, 2010",,,,,,,,,,,
A96 - Mineral White Met.,,NCH4 - Palladium/Black Novillo Leather,,WBSKG9C59BE369437,,E369437,"MSRP.1,ZP2.1,ZCV,2MT.1,302,415,507,6FL,6NF",,,"Oct 25, 2010",,,,,,,,,,,
A73 - Jerez Black Metallic,,NDH2 - Fox Red Extended Leather,,WBSKG9C50BE369438,,E369438,"MSRP.1,ZP2.1,2MK,2MT.1,403,494,5AC,609,6FL,655,752",,,"Oct 25, 2010",550/1100,,,,,,,,,,
A73 - Jerez Black Metallic,,NCSW - Black Novillo Leather,,WBSKG9C52BE369439,,E369439,"MSRP.1,ZCP,ZP2.3,ZCV,2MK,302,403,507,6FL,655,752",,,"Oct 25, 2010",550,,,,,,,,,,
300 - Alpine White,,NCSW - Black Novillo Leather,,WBSKG9C59BE369440,,E369440,"MSRP.1,ZCP,ZP2.1,ZCV,2MK,302,494,507,6FL,6NF",,,"Oct 26, 2010",,,,,,,,,,,
A73 - Jerez Black Metallic,,NCSW - Black Novillo Leather,,WBSKG9C50BE369441,,E369441,"MSRP.1,ZCP,ZP2.2,ZCV,2MK,302,403,494,507,6FL,752",,,"Oct 26, 2010",550,,,,,,,,,,
668 - Jet Black,,NCH2 - Fox Red Novillo Leather,,WBSKG9C52BE369442,,E369442,"MSRP.1,ZCW,ZP2.3,ZCV,2MT.1,302,507,6FL,655,752",,,"Oct 26, 2010",,,,,,,,,,,
A73 - Jerez Black Metallic,,NCH5 - Fox Red/Black Novillo Leather,,WBSKG9C54BE369443,,E369443,"MSRP.1,ZCP,ZCW,ZP2.3,ZCV,2MK,302,507,6FL,655,752",,,"Oct 26, 2010",550,,,,,,,,,,
A73 - Jerez Black Metallic,,NCSW - Black Novillo Leather,,WBSKG9C56BE369444,,E369444,"MSRP.1,ZCW,ZP2.2,ZCV,2MK,2MT.1,302,507,6FL,655,752",,,"Oct 26, 2010",550,,,,,,,,,,
A52 - Space Gray Metallic,,NCSW - Black Novillo Leather,,WBSKG9C58BE369445,,E369445,"MSRP.1,ZCW,ZP2.2,ZCV,2MK,2MT.1,302,507,6FL",,,"Oct 26, 2010",550,,,,,,,,,,
A73 - Jerez Black Metallic,,NCSW - Black Novillo Leather,,WBSKG9C5XBE369446,,E369446,"MSRP.1,ZP2.3,ZCV,2MK,2MT.1,302,403,494,507,6FL,6NF,655,752",,,"Oct 26, 2010",550,,,,,,,,,,
381 - Le Mans Blue Metallic,,NCH1 - Silver Novillo Leather,,WBSKG9C51BE369447,,E369447,"MSRP.1,ZP2.1,302,507,6FL,655",,,"Oct 26, 2010",550,,,,,,,,,,
A73 - Jerez Black Metallic,,NCH3 - Beige Novillo Leather,,WBSKG9C53BE369448,,E369448,"MSRP.1,ZCP,ZCW,ZP2.3,ZCV,302,403,507,6FL,655,752",,,"Oct 26, 2010",550,,,,,,,,,,
668 - Jet Black,,NCSW - Black Novillo Leather,,WBSKG9C55BE369449,,E369449,"MSRP.1,ZCP,ZP2.3,ZCV,2MK,302,494,507,6FL,655,752",,,"Oct 26, 2010",,,,,,,,,,,
A73 - Jerez Black Metallic,,NCSW - Black Novillo Leather,,WBSKG9C51BE369450,,E369450,"MSRP.1,ZCP,ZCW,ZP2.2,ZCV,2MK,302,403,507,5AC,6FL,6NF,655,752",,,"Oct 26, 2010",550,,,,,,,,,,
A73 - Jerez Black Metallic,,NCSW - Black Novillo Leather,,WBSKG9C53BE369451,,E369451,"MSRP.1,ZCW,ZP2.3,ZCV,2MK,2MT.1,302,403,507,6FL,655,752",,,"Oct 26, 2010",550,,,,,,,,,,
300 - Alpine White,,NCH5 - Fox Red/Black Novillo Leather,,WBSKG9C55BE369452,,E369452,"MSRP.1,ZCV,2MT.1,302,494,4MY,507,6FL",,,"Oct 26, 2010",950,,,,,,,,,,
A96 - Mineral White Met.,,NCH3 - Beige Novillo Leather,,WBSKG9C57BE369453,,E369453,"MSRP.1,ZP2.3,ZCV,2MK,302,507,6FL,752",,,"Oct 26, 2010",,,,,,,,,,,
668 - Jet Black,,NCH4 - Palladium/Black Novillo Leather,,WBSKG9C59BE369454,,E369454,"MSRP.1,ZCP,ZP2.3,ZCV,2MK,302,494,507,6FL,655,752",,,"Oct 26, 2010",,,,,,,,,,,
300 - Alpine White,,NDH3 - Beige Novillo Extended Leather,,WBSKG9C50BE369455,,E369455,"MSRP.1,ZCP,ZCW,ZP2.3,ZCV,302,403,507,5AC,6FL,752",,,"Oct 26, 2010",1100,,,,,,,,,,
300 - Alpine White,,NDH2 - Fox Red Extended Leather,,WBSKG9C52BE369456,,E369456,"MSRP.1,ZCP,ZP2.1,2MK,403,494,609,6FL,6NF,752",,,"Oct 26, 2010",1100,,,,,,,,,,
A96 - Mineral White Met.,,NCH1 - Silver Novillo Leather,,WBSKG9C54BE369457,,E369457,"MSRP.1,ZCP,ZP2.3,ZCV,2MK,302,494,507,6FL,655,752",,,"Oct 26, 2010",,,,,,,,,,,
A73 - Jerez Black Metallic,,NCSW - Black Novillo Leather,,WBSKG9C56BE369458,,E369458,"MSRP.1,ZCP,ZP2.3,ZCV,2MK,302,494,507,6FL,655,752",,,"Oct 26, 2010",550,,,,,,,,,,
A73 - Jerez Black Metallic,,NCSW - Black Novillo Leather,,WBSKG9C58BE369459,,E369459,"MSRP.1,ZCP,ZCW,ZP2.3,ZCV,302,403,507,5AC,6FL,6NF,655,752",,,"Oct 26, 2010",550,,,,,,,,,,
A73 - Jerez Black Metallic,,NCH5 - Fox Red/Black Novillo Leather,,WBSKG9C54BE369460,,E369460,"MSRP.1,ZCP,ZP2.3,ZCV,2MK,302,507,6FL,655,752",,,"Oct 26, 2010",550,,,,,,,,,,
A73 - Jerez Black Metallic,,NCSW - Black Novillo Leather,,WBSKG9C56BE369461,,E369461,"MSRP.1,ZCP,ZP2.3,ZCV,302,507,6FL",,,"Oct 26, 2010",550,,,,,,,,,,
A73 - Jerez Black Metallic,,NCSW - Black Novillo Leather,,WBSKG9C58BE369462,,E369462,"MSRP.1,ZCP,ZP2.3,ZCV,2MK,302,494,507,6FL,752",,,"Oct 26, 2010",550,,,,,,,,,,
A52 - Space Gray Metallic,,NCSW - Black Novillo Leather,,WBSKG9C5XBE369463,,E369463,"MSRP.1,ZP2.3,ZCV,2MT.1,302,403,507,6FL,655,752",,,"Oct 26, 2010",550,,,,,,,,,,
A52 - Space Gray Metallic,,NCH5 - Fox Red/Black Novillo Leather,,WBSKG9C51BE369464,,E369464,"MSRP.1,ZCP,ZP2.3,ZCV,2MK,302,507,6FL,655,752",,,"Oct 27, 2010",550,,,,,,,,,,
381 - Le Mans Blue Metallic,,NCSW - Black Novillo Leather,,WBSKG9C53BE369465,,E369465,"MSRP.1,ZP2.3,ZCV,2MK,2MT.1,302,494,507,6FL,655,752",,,"Oct 27, 2010",550,,,,,,,,,,
381 - Le Mans Blue Metallic,,NCSW - Black Novillo Leather,,WBSKG9C55BE369466,,E369466,"MSRP.1,ZCP,ZP2.1,ZCV,2MK,302,415,507,5AC,6FL,6NF,655,752",,,"Oct 27, 2010",550,,,,,,,,,,
381 - Le Mans Blue Metallic,,NDSW - Black Extended Novillo Leather,,WBSKG9C57BE369467,,E369467,"MSRP.1,ZCP,ZP2.3,ZCV,302,507,5AC,6FL,655,752",,,"Oct 27, 2010",550/1100,,,,,,,,,,
A30 - Interlagos Blue Metallic,,NCSW - Black Novillo Leather,,WBSKG9C59BE369468,,E369468,"MSRP.1,ZCW,ZP2.3,ZCV,2MK,2MT.1,302,507,6FL,655,752",,,"Oct 27, 2010",550,,,,,,,,,,
668 - Jet Black,,NCSW - Black Novillo Leather,,WBSKG9C50BE369469,,E369469,"MSRP.1,ZCP,ZP2.3,ZCV,2MK,302,494,507,6FL,655,752",,,"Oct 27, 2010",,,,,,,,,,,
A75 - Melbourne Red Metallic,,NCH3 - Beige Novillo Leather,,WBSKG9C57BE369470,,E369470,"MSRP.1,ZP2.3,ZCV,2MT.1,302,403,494,507,5AC,6FL,655,752",,,"Oct 27, 2010",550,,,,,,,,,,
A30 - Interlagos Blue Metallic,,NCH5 - Fox Red/Black Novillo Leather,,WBSKG9C59BE369471,,E369471,"MSRP.1,ZCP,ZCW,ZP2.3,ZCV,2MK,302,415,507,5AC,6FL,655,752",,,"Oct 27, 2010",550,,,,,,,,,,
A30 - Interlagos Blue Metallic,,NCH3 - Beige Novillo Leather,,WBSKG9C50BE369472,,E369472,"MSRP.1,ZCP,ZP2.3,ZCV,302,494,507,6FL,6NF,655",,,"Oct 27, 2010",550,,,,,,,,,,
A30 - Interlagos Blue Metallic,,NCSW - Black Novillo Leather,,WBSKG9C52BE369473,,E369473,"MSRP.1,ZCP,ZCW,ZP2.1,403,6FL,6NF,655",,,"Oct 27, 2010",550,,,,,,,,,,
A30 - Interlagos Blue Metallic,,GEAT - Anthracite/Black Cloth & Leather,,WBSKG9C54BE369474,,E369474,"MSRP.1,2MT.1,494,609,639,6FL,771",,,"Oct 27, 2010",550,,,,,,,,,,
A30 - Interlagos Blue Metallic,,NCH3 - Beige Novillo Leather,,WBSKG9C56BE369475,,E369475,"MSRP.1,ZCP,ZP2.1,ZCV,2MK,302,403,507,6FL,655,752",,,"Oct 27, 2010",550,,,,,,,,,,
668 - Jet Black,,NCH5 - Fox Red/Black Novillo Leather,,WBSKG9C58BE369476,,E369476,"MSRP.1,ZCP,ZCW,ZP2.3,ZCV,2MK,302,507,6FL,655,752",,,"Oct 27, 2010",,,,,,,,,,,
A75 - Melbourne Red Metallic,,NCSW - Black Novillo Leather,,WBSKG9C5XBE369477,,E369477,"MSRP.1,ZCP,ZCW,ZP2.3,ZCV,2MK,302,507,6FL,655,752",,,"Oct 27, 2010",550,,,,,,,,,,
A30 - Interlagos Blue Metallic,,NCSW - Black Novillo Leather,,WBSKG9C51BE369478,,E369478,"MSRP.1,ZCP,ZP2.3,ZCV,2MK,302,403,494,507,6FL,655,752",,,"Oct 27, 2010",550,,,,,,,,,,
A75 - Melbourne Red Metallic,,NCSW - Black Novillo Leather,,WBSKG9C53BE369479,,E369479,"MSRP.1,ZCP,ZCW,ZP2.3,ZCV,2MK,302,403,507,6FL,655,752",,,"Oct 27, 2010",550,,,,,,,,,,
A75 - Melbourne Red Metallic,,NCSW - Black Novillo Leather,,WBSKG9C5XBE369480,,E369480,"MSRP.1,ZP2.3,2MK,2MT.1,609,6FL",,,"Oct 27, 2010",550,,,,,,,,,,
A30 - Interlagos Blue Metallic,,NDH1 - Silver Novillo Extended Leather,,WBSKG9C51BE369481,,E369481,"MSRP.1,ZCP,ZP2.3,ZCV,2MK,302,403,415,494,507,5AC,6FL,6NF,655,752",,,"Oct 27, 2010",550/1100,,,,,,,,,,
A75 - Melbourne Red Metallic,,NDSW - Black Extended Novillo Leather,,WBSKG9C53BE369482,,E369482,"MSRP.1,ZCP,ZCW,ZP2.3,ZCV,2MK,302,403,507,5AC,6FL,6NF,655,752",,,"Oct 27, 2010",550/1100,,,,,,,,,,
A75 - Melbourne Red Metallic,,NCSW - Black Novillo Leather,,WBSKG9C55BE369483,,E369483,"MSRP.1,ZP2.2,ZCV,2MK,2MT.1,302,403,507,6FL",,,"Oct 27, 2010",550,,,,,,,,,,
A96 - Mineral White Met.,,NCSW - Black Novillo Leather,,WBSKG9C57BE369484,,E369484,"MSRP.1,ZP2.3,ZCV,2MK,2MT.1,302,403,494,507,6FL,655,752",,,"Oct 27, 2010",,,,,,,,,,,
300 - Alpine White,,NCSW - Black Novillo Leather,,WBSKG9C59BE369485,,E369485,"MSRP.1,ZCP,ZCW,ZP2.3,ZCV,2MK,302,403,507,6FL,6NF,655,752",,,"Oct 27, 2010",,,,,,,,,,,
A75 - Melbourne Red Metallic,,NCSW - Black Novillo Leather,,WBSKG9C50BE369486,,E369486,"MSRP.1,ZCP,ZP2.3,ZCV,2MK,302,494,507,6FL,655,752",,,"Oct 27, 2010",550,,,,,,,,,,
A30 - Interlagos Blue Metallic,,NCSW - Black Novillo Leather,,WBSKG9C52BE369487,,E369487,"MSRP.1,ZCP,ZP2.2,ZCV,2MK,302,403,494,507,6FL,655,752",,,"Oct 27, 2010",550,,,,,,,,,,
A96 - Mineral White Met.,,NCH1 - Silver Novillo Leather,,WBSKG9C54BE369488,,E369488,"MSRP.1,ZCP,ZP2.1,ZCV,302,507,5AC,6FL",,,"Oct 27, 2010",,,,,,,,,,,
A75 - Melbourne Red Metallic,,NCSW - Black Novillo Leather,,WBSKG9C56BE369489,,E369489,"MSRP.1,ZCP,ZP2.3,ZCV,2MK,302,494,507,6FL,6NF,655,752",,,"Oct 27, 2010",550,,,,,,,,,,
A75 - Melbourne Red Metallic,,NDSW - Black Extended Novillo Leather,,WBSKG9C52BE369490,,E369490,"MSRP.1,ZCP,ZP2.2,415,494,507,609,6FL,655,752",,,"Oct 27, 2010",550/1100,,,,,,,,,,
A96 - Mineral White Met.,,NCH3 - Beige Novillo Leather,,WBSKG9C54BE369491,,E369491,"MSRP.1,ZCP,ZCV,2MK,302,494,4MY,507,6FL,655,752",,,"Oct 27, 2010",950,,,,,,,,,,
A96 - Mineral White Met.,,NCH5 - Fox Red/Black Novillo Leather,,WBSKG9C56BE369492,,E369492,"MSRP.1,ZCP,ZP2.3,ZCV,2MK,302,507,6FL,752",,,"Oct 27, 2010",,,,,,,,,,,
A96 - Mineral White Met.,,NCSW - Black Novillo Leather,,WBSKG9C58BE369493,,E369493,"MSRP.1,ZCP,ZP2.1,ZCV,2MK,302,507,6FL,752",,,"Oct 27, 2010",,,,,,,,,,,
A96 - Mineral White Met.,,NCSW - Black Novillo Leather,,WBSKG9C5XBE369494,,E369494,"MSRP.1,ZP2.3,ZCV,2MK,2MT.1,302,415,507,6FL,752",,,"Oct 28, 2010",,,,,,,,,,,
A96 - Mineral White Met.,,NCH5 - Fox Red/Black Novillo Leather,,WBSKG9C51BE369495,,E369495,"MSRP.1,ZCP,ZCW,ZP2.3,ZCV,2MK,302,507,6FL,6NF,655,752",,,"Oct 28, 2010",,,,,,,,,,,
300 - Alpine White,,NCH2 - Fox Red Novillo Leather,,WBSKG9C53BE369496,,E369496,"MSRP.1,494,507,609,6FL,655",,,"Oct 28, 2010",950,,,,,,,,,,
A52 - Space Gray Metallic,,NCH5 - Fox Red/Black Novillo Leather,,WBSKG9C55BE369497,,E369497,"MSRP.1,ZCP,ZCW,ZP2.3,ZCV,2MK,302,415,507,5AC,6FL,655,752",,,"Oct 28, 2010",550,,,,,,,,,,
A52 - Space Gray Metallic,,NCSW - Black Novillo Leather,,WBSKG9C57BE369498,,E369498,"MSRP.1,ZP2.1,ZCV,302,507,6FL",,,"Oct 28, 2010",550,,,,,,,,,,
A52 - Space Gray Metallic,,NCSW - Black Novillo Leather,,WBSKG9C59BE369499,,E369499,"MSRP.1,ZCP,ZCW,ZP2.3,2MK,609,6FL,655,752",,,"Oct 28, 2010",,,,,,,,,,,
,,,,VIN SKIP,,IN SKIP,,,,,,,,,,,,,,,
A52 - Space Gray Metallic,,NCSW - Black Novillo Leather,,WBSKG9C50BE645200,,E645200,"MSRP.1,ZCP,ZCV,2MK,302,494,507,639,6FL,771",,,"Oct 28, 2010",550/950,,,,,,,,,,
A75 - Melbourne Red Metallic,,NCSW - Black Novillo Leather,,WBSKG9C52BE645201,,E645201,"MSRP.1,ZCP,ZP2.3,ZCV,302,403,494,507,6FL",,,"Oct 28, 2010",550,,,,,,,,,,
A30 - Interlagos Blue Metallic,,NDSW - Black Extended Novillo Leather,,WBSKG9C54BE645202,,E645202,"MSRP.1,ZP2.3,ZCV,2MK,2MT.1,302,403,494,507,6FL,6NF,655,752",,,"Oct 28, 2010",550/1100,,,,,,,,,,
A52 - Space Gray Metallic,,NCSW - Black Novillo Leather,,WBSKG9C56BE645203,,E645203,"MSRP.1,ZCP,ZP2.3,ZCV,2MK,302,415,507,5AC,6FL,752",,,"Oct 28, 2010",550,,,,,,,,,,
A52 - Space Gray Metallic,,NCH5 - Fox Red/Black Novillo Leather,,WBSKG9C58BE645204,,E645204,"MSRP.1,ZP2.3,ZCV,302,494,507,6FL,752,863",,,"Oct 28, 2010",550,,,,,,,,,,
A96 - Mineral White Met.,,NCSW - Black Novillo Leather,,WBSKG9C5XBE645205,,E645205,"MSRP.1,ZCP,ZCW,ZP2.3,ZCV,2MK,302,507,6FL,655,752",,,"Oct 28, 2010",,,,,,,,,,,
668 - Jet Black,,NCSW - Black Novillo Leather,,WBSKG9C51BE645206,,E645206,"MSRP.1,ZCP,ZP2.3,ZCV,2MK,302,494,507,6FL,655",,,"Oct 28, 2010",,,,,,,,,,,
A96 - Mineral White Met.,,NCSW - Black Novillo Leather,,WBSKG9C53BE645207,,E645207,"MSRP.1,ZCP,ZCW,ZP2.2,ZCV,2MK,302,403,507,6FL,655,752",,,"Oct 28, 2010",,,,,,,,,,,
A96 - Mineral White Met.,,NCSW - Black Novillo Leather,,WBSKG9C55BE645208,,E645208,"MSRP.1,ZCP,ZCW,ZP2.2,ZCV,2MK,302,403,507,6FL,752",,,"Oct 28, 2010",,,,,,,,,,,
668 - Jet Black,,GEAT - Anthracite/Black Cloth & Leather,,WBSKG9C57BE645209,,E645209,"MSRP.1,ZCP,ZCV,2MK,302,4MY,507,6FL",,,"Oct 28, 2010",,,,,,,,,,,
668 - Jet Black,,NCH2 - Fox Red Novillo Leather,,WBSKG9C53BE645210,,E645210,"MSRP.1,ZP2.3,ZCV,2MK,2MT.1,302,494,507,6FL,655",,,"Oct 28, 2010",,,,,,,,,,,
668 - Jet Black,,NCSW - Black Novillo Leather,,WBSKG9C55BE645211,,E645211,"MSRP.1,ZCP,ZP2.3,ZCV,2MK,302,494,507,6FL,655,752",,,"Oct 28, 2010",,,,,,,,,,,
A29 - Silverstone Metallic II,,NCH2 - Fox Red Novillo Leather,,WBSKG9C57BE645212,,E645212,"MSRP.1,ZCP,ZCW,ZP2.3,ZCV,302,403,507,6FL,655",,,"Oct 28, 2010",550,,,,,,,,,,
A29 - Silverstone Metallic II,,NCH4 - Palladium/Black Novillo Leather,,WBSKG9C59BE645213,,E645213,"MSRP.1,ZCP,ZP2.1,ZCV,2MK,302,403,415,507,5AC,6FL,6NF,655,752",,,"Oct 28, 2010",550,,,,,,,,,,
300 - Alpine White,,NCSW - Black Novillo Leather,,WBSKG9C50BE645214,,E645214,"MSRP.1,494,507,609,6FL,655",,,"Oct 28, 2010",950,,,,,,,,,,
668 - Jet Black,,NCSW - Black Novillo Leather,,WBSKG9C52BE645215,,E645215,"MSRP.1,ZCP,ZP2.3,302,609,6FL,655",,,"Oct 28, 2010",,,,,,,,,,,
300 - Alpine White,,NCSW - Black Novillo Leather,,WBSKG9C54BE645216,,E645216,"MSRP.1,494,507,609,6FL,655",,,"Oct 28, 2010",950,,,,,,,,,,
A73 - Jerez Black Metallic,,NDSW - Black Extended Novillo Leather,,WBSKG9C56BE645217,,E645217,"MSRP.1,ZP2.3,ZCV,2MK,2MT.1,302,507,6FL,655,752",,,"Oct 28, 2010",550/1100,,,,,,,,,,
A30 - Interlagos Blue Metallic,,NDSW - Black Extended Novillo Leather,,WBSKG9C58BE645218,,E645218,"MSRP.1,ZCP,ZCW,ZP2.3,ZCV,2MK,302,507,5AC,6FL,6NF,752",,,"Oct 28, 2010",550/1100,,,,,,,,,,
A29 - Silverstone Metallic II,,NCSW - Black Novillo Leather,,WBSKG9C5XBE645219,,E645219,"MSRP.1,ZCW,ZP2.3,2MK,2MT.1,609,6FL",,,"Oct 28, 2010",,,,,,,,,,,
300 - Alpine White,,NCSW - Black Novillo Leather,,WBSKG9C56BE645220,,E645220,"MSRP.1,ZCP,ZCV,302,507,639,6FL,771",,,"Oct 29, 2010",950,,,,,,,,,,
300 - Alpine White,,NDH2 - Fox Red Extended Leather,,WBSKG9C58BE645221,,E645221,"MSRP.1,ZCP,ZP2.3,ZCV,2MK,302,494,507,6FL,6NF,655,752",,,"Oct 29, 2010",1100,,,,,,,,,,
U91 - Frozen Black ,,Z1XX - Unknown Upholstery Code,,WBSKG9C5XBE645222,,E645222,"MSRP.1,ZCP,ZCW,ZP2.3,ZTP,2MK,302,415,507,6FL,655,752",,,"Nov 4, 2010",,salvage,CAN,,,,,,,,
668 - Jet Black,,NCSW - Black Novillo Leather,,WBSKG9C51BE645223,,E645223,"MSRP.1,ZCP,ZP2.3,2MK,494,609,6FL,655,752",,,"Oct 29, 2010",,,,,,,,,,,
A52 - Space Gray Metallic,,NCSW - Black Novillo Leather,,WBSKG9C53BE645224,,E645224,"MSRP.1,ZCP,ZP2.3,ZCV,2MK,302,403,494,507,6FL,655,752",,,"Oct 29, 2010",550,,,,,,,,,,
A52 - Space Gray Metallic,,NCSW - Black Novillo Leather,,WBSKG9C55BE645225,,E645225,"MSRP.1,ZCW,ZP2.3,ZCV,2MK,2MT.1,302,507,6FL,6NF,655,752",,,"Oct 29, 2010",550,,,,,,,,,,
A52 - Space Gray Metallic,,NCH2 - Fox Red Novillo Leather,,WBSKG9C57BE645226,,E645226,"MSRP.1,ZCP,ZP2.1,ZCV,2MK,302,403,507,6FL,752",,,"Oct 29, 2010",550,,,,,,,,,,
A52 - Space Gray Metallic,,NDH2 - Fox Red Extended Leather,,WBSKG9C59BE645227,,E645227,"MSRP.1,ZCP,ZP2.3,ZCV,302,494,507,5AC,6FL,752",,,"Oct 29, 2010",550/1100,,,,,,,,,,
A52 - Space Gray Metallic,,NCH2 - Fox Red Novillo Leather,,WBSKG9C50BE645228,,E645228,"MSRP.1,ZCP,ZP2.3,ZCV,2MK,302,507,6FL,655,752",,,"Oct 29, 2010",550,,,,,,,,,,
300 - Alpine White,,NCH5 - Fox Red/Black Novillo Leather,,WBSKG9C52BE645229,,E645229,"MSRP.1,494,507,609,6FL,655",,,"Oct 29, 2010",950,,,,,,,,,,
300 - Alpine White,,NCH1 - Silver Novillo Leather,,WBSKG9C59BE645230,,E645230,"MSRP.1,ZCP,ZCV,302,494,4MY,507,6FL,655",,,"Oct 29, 2010",950,,,,,,,,,,
A52 - Space Gray Metallic,,NCSW - Black Novillo Leather,,WBSKG9C50BE645231,,E645231,"MSRP.1,ZP2.3,ZCV,2MK,2MT.1,302,403,494,507,5AC,6FL,6NF,655,752",,,"Oct 29, 2010",550,,,,,,,,,,
300 - Alpine White,,NCSW - Black Novillo Leather,,WBSKG9C52BE645232,,E645232,"MSRP.1,ZCP,ZP2.3,2MK,494,507,609,6FL,6NF,655,752",,,"Oct 29, 2010",,,,,,,,,,,
300 - Alpine White,,NCH2 - Fox Red Novillo Leather,,WBSKG9C54BE645233,,E645233,"MSRP.1,ZP2.3,ZCV,2MK,2MT.1,302,494,507,6FL",,,"Oct 29, 2010",,,,,,,,,,,
300 - Alpine White,,NCH5 - Fox Red/Black Novillo Leather,,WBSKG9C56BE645234,,E645234,"MSRP.1,ZCP,ZP2.3,ZCV,2MK,302,494,507,6FL,6NF,655,752",,,"Oct 29, 2010",,,,,,,,,,,
668 - Jet Black,,NCSW - Black Novillo Leather,,WBSKG9C58BE645235,,E645235,"MSRP.1,ZCP,ZCW,ZP2.3,ZCV,2MK,302,403,507,6FL,655",,,"Oct 29, 2010",,,,,,,,,,,
668 - Jet Black,,NCSW - Black Novillo Leather,,WBSKG9C5XBE645236,,E645236,"MSRP.1,ZCW,ZP2.2,ZCV,2MT.1,302,403,415,507,5AC,6FL,6NF,655,752",,,"Oct 29, 2010",,,,,,,,,,,
668 - Jet Black,,NCSW - Black Novillo Leather,,WBSKG9C51BE645237,,E645237,"MSRP.1,ZCP,ZP2.2,ZCV,2MK,302,403,494,507,6FL,655,752",,,"Oct 29, 2010",,,,,,,,,,,
668 - Jet Black,,NCSW - Black Novillo Leather,,WBSKG9C53BE645238,,E645238,"MSRP.1,ZCP,ZCW,ZP2.3,ZCV,302,403,507,6FL,655,752",,,"Oct 29, 2010",,,,,,,,,,,
668 - Jet Black,,NCSW - Black Novillo Leather,,WBSKG9C55BE645239,,E645239,"MSRP.1,ZP2.3,ZCV,2MK,2MT.1,302,403,494,507,6FL,655,752",,,"Oct 29, 2010",,,,,,,,,,,
668 - Jet Black,,GEAT - Anthracite/Black Cloth & Leather,,WBSKG9C51BE645240,,E645240,"MSRP.1,ZCP,2MK,4MZ,609,6FL,655",,,"Oct 29, 2010",,,,,,,,,,,
668 - Jet Black,,NCSW - Black Novillo Leather,,WBSKG9C53BE645241,,E645241,"MSRP.1,ZCP,ZP2.3,ZCV,302,403,494,507,6FL,655,752",,,"Oct 29, 2010",,,,,,,,,,,
300 - Alpine White,,NCSW - Black Novillo Leather,,WBSKG9C55BE645242,,E645242,"MSRP.1,ZCP,ZP2.3,ZCV,2MK,302,403,494,507,6FL,655,752",,,"Nov 3, 2010",,,,,,,,,,,
300 - Alpine White,,NCH2 - Fox Red Novillo Leather,,WBSKG9C57BE645243,,E645243,"MSRP.1,ZP2.3,ZCV,302,403,507,6FL",,,"Nov 4, 2010",,,,,,,,,,,
300 - Alpine White,,NCSW - Black Novillo Leather,,WBSKG9C59BE645244,,E645244,"MSRP.1,ZCP,ZCW,ZP2.3,ZCV,302,403,507,6FL,6NF,655,752",,,"Nov 4, 2010",,,,,,,,,,,
B05 - Monte Carlo Blue,,NCSW - Black Novillo Leather,,WBSKG9C50BE645245,,E645245,"MSRP.1,ZCP,ZCW,ZP2.2,ZTP,302,403,415,507,6FL,655,752",,,"Nov 5, 2010",,,,,,,,,,,
U91 - Frozen Black ,,Z1XX - Unknown Upholstery Code,,WBSKG9C52BE645246,,E645246,"MSRP.1,ZCP,ZCW,ZP2.3,ZTP,2MK,302,415,507,6FL,655,752",,,"Nov 8, 2010",,,CAN,,,,,,,,
A73 - Jerez Black Metallic,,NCH3 - Beige Novillo Leather,,WBSKG9C54BE645247,,E645247,"MSRP.1,ZCP,494,4MY,6FL",,,"Nov 5, 2010",550/950,,,,,,,,,,
381 - Le Mans Blue Metallic,,NCH1 - Silver Novillo Leather,,WBSKG9C56BE645248,,E645248,"MSRP.1,ZCW,ZP2.3,ZTP,2MK,302,507,6FL,655,752",,,"Nov 5, 2010",550,,,,,,,,,,
A73 - Jerez Black Metallic,,NCH1 - Silver Novillo Leather,,WBSKG9C58BE645249,,E645249,"MSRP.1,ZP2.1,ZCV,2MK,2MT.1,302,494,507,6FL,655",,,"Nov 5, 2010",550,,,,,,,,,,
A73 - Jerez Black Metallic,,NCH2 - Fox Red Novillo Leather,,WBSKG9C54BE645250,,E645250,"MSRP.1,ZP2.3,ZCV,2MK,2MT.1,302,494,507,6FL,863",,,"Nov 5, 2010",550,,,,,,,,,,
A73 - Jerez Black Metallic,,NCH5 - Fox Red/Black Novillo Leather,,WBSKG9C56BE645251,,E645251,"MSRP.1,ZP2.3,ZCV,2MK,2MT.1,302,403,494,507,6FL,655",,,"Nov 5, 2010",550,,,,,,,,,,
U91 - Frozen Black ,,Z1XX - Unknown Upholstery Code,,WBSKG9C58BE645252,,E645252,"MSRP.1,ZCP,ZCW,ZP2.3,ZTP,2MK,302,415,507,6FL,655,752",,,"Nov 11, 2010",,,CAN,,,,,,,,
A73 - Jerez Black Metallic,,GEAT - Anthracite/Black Cloth & Leather,,WBSKG9C5XBE645253,,E645253,"MSRP.1,494,639,6FL,655,771",,,"Nov 6, 2010",550,,,,,,,,,,
A29 - Silverstone Metallic II,,NCSW - Black Novillo Leather,,WBSKG9C51BE645254,,E645254,"MSRP.1,ZCP,ZP2.3,ZCV,2MK,302,403,507,6FL,655,752",,,"Nov 6, 2010",550,,,,,,,,,,
A29 - Silverstone Metallic II,,NCSW - Black Novillo Leather,,WBSKG9C53BE645255,,E645255,"MSRP.1,ZCW,ZP2.3,ZCV,2MK,2MT.1,302,507,5AC,6FL,655,752",,,"Nov 6, 2010",550,,,,,,,,,,
A29 - Silverstone Metallic II,,NDSW - Black Extended Novillo Leather,,WBSKG9C55BE645256,,E645256,"MSRP.1,ZCW,ZP2.3,ZCV,2MK,2MT.1,302,507,6FL,655,752",,,"Nov 6, 2010",550/1100,,,,,,,,,,
A96 - Unknown Paint Code,,NCH3 - Beige Novillo Leather,,WBSKG9C57BE645257,,E645257,"MSRP.1,ZP2.2,ZCV,2MK,2MT.1,302,403,494,507,6FL,655,752",,,"Nov 8, 2010",,,,,,,,,,,
A73 - Jerez Black Metallic,,NCH4 - Palladium/Black Novillo Leather,,WBSKG9C59BE645258,,E645258,"MSRP.1,ZCP,ZCW,ZP2.3,6FL",,,"Nov 8, 2010",550,,,,,,,,,,
A29 - Silverstone Metallic II,,NCSW - Black Novillo Leather,,WBSKG9C50BE645259,,E645259,"MSRP.1,ZCP,ZP2.3,ZCV,2MK,302,403,494,507,6FL,655,752",,,"Nov 8, 2010",550,,,,,,,,,,
A29 - Silverstone Metallic II,,NCSW - Black Novillo Leather,,WBSKG9C57BE645260,,E645260,"MSRP.1,ZCP,ZP2.3,ZCV,2MK,302,415,494,507,6FL,6NF,655,752",,,"Nov 8, 2010",550,,,,,,,,,,
A29 - Silverstone Metallic II,,NCSW - Black Novillo Leather,,WBSKG9C59BE645261,,E645261,"MSRP.1,ZCW,ZP2.3,ZTP,2MK,2MT.1,302,403,415,507,6FL,655,752",,,"Nov 8, 2010",550,,,,,,,,,,
U91 - Frozen Black ,,Z1XX - Unknown Upholstery Code,,WBSKG9C50BE645262,,E645262,"MSRP.1,ZCP,ZCW,ZP2.3,ZTP,2MK,302,415,507,6FL,752",,,"Nov 12, 2010",,,CAN,,,,,,,,
A96 - Mineral White Met.,,NCSW - Black Novillo Leather,,WBSKG9C52BE645263,,E645263,"MSRP.1,ZCW,ZP2.3,ZTP,2MT.1,302,403,415,507,6FL,655,752",,,"Nov 8, 2010",,,,,,,,,,,
300 - Alpine White,,NCSW - Black Novillo Leather,,WBSKG9C54BE645264,,E645264,"MSRP.1,ZP2.3,ZCV,2MK,2MT.1,302,403,494,507,6FL",,,"Nov 8, 2010",,,,,,,,,,,
668 - Jet Black,,NCSW - Black Novillo Leather,,WBSKG9C56BE645265,,E645265,"MSRP.1,ZP2.3,ZCV,2MK,2MT.1,302,403,494,507,6FL,655,752",,,"Nov 9, 2010",,,,,,,,,,,
668 - Jet Black,,NCSW - Black Novillo Leather,,WBSKG9C58BE645266,,E645266,"MSRP.1,ZCP,ZP2.3,ZCV,2MK,302,494,507,6FL,655,752",,,"Nov 9, 2010",,,,,,,,,,,
A96 - Mineral White Met.,,NDH3 - Beige Novillo Extended Leather,,WBSKG9C5XBE645267,,E645267,"MSRP.1,ZCP,ZP2.2,ZCV,302,507,6FL,752",,,"Nov 9, 2010",1100,,,,,,,,,,
A96 - Mineral White Met.,,NDSW - Black Extended Novillo Leather,,WBSKG9C51BE645268,,E645268,"MSRP.1,ZCW,ZP2.3,ZTP,2MT.1,302,415,507,6FL,655,752",,,"Nov 9, 2010",1100,,,,,,,,,,
A73 - Jerez Black Metallic,,NCH2 - Fox Red Novillo Leather,,WBSKG9C53BE645269,,E645269,"MSRP.1,ZCP,ZCW,ZP2.1,ZTP,302,415,507,6FL,655,752",,,"Nov 9, 2010",550,,,,,,,,,,
668 - Jet Black,,NDSW - Black Extended Novillo Leather,,WBSKG9C5XBE645270,,E645270,"MSRP.1,ZCP,ZP2.3,ZCV,2MK,302,494,507,6FL,655,752",,,"Nov 9, 2010",1100,,,,,,,,,,
300 - Alpine White,,NCSW - Black Novillo Leather,,WBSKG9C51BE645271,,E645271,"MSRP.1,ZCP,ZP2.3,ZCV,2MK,302,494,507,6FL,752",,,"Nov 9, 2010",,,,,,,,,,,
A30 - Interlagos Blue Metallic,,NCH3 - Beige Novillo Leather,,WBSKG9C53BE645272,,E645272,"MSRP.1,ZCP,ZP2.2,2MK,403,494,6FL",,,"Nov 9, 2010",550,,,,,,,,,,
668 - Jet Black,,NCH5 - Fox Red/Black Novillo Leather,,WBSKG9C55BE645273,,E645273,"MSRP.1,ZCP,ZP2.3,ZCV,2MK,302,494,507,6FL,752",,,"Nov 9, 2010",,,,,,,,,,,
668 - Jet Black,,NCSW - Black Novillo Leather,,WBSKG9C57BE645274,,E645274,"MSRP.1,ZP2.3,ZCV,2MK,2MT.1,302,494,507,6FL,655,752",,,"Nov 10, 2010",,,,,,,,,,,
381 - Le Mans Blue Metallic,,NCH1 - Silver Novillo Leather,,WBSKG9C59BE645275,,E645275,"MSRP.1,ZP2.1,ZCV,302,507,6FL",,,"Nov 10, 2010",550,,,,,,,,,,
A52 - Space Gray Metallic,,NDSW - Black Extended Novillo Leather,,WBSKG9C50BE645276,,E645276,"MSRP.1,ZCP,ZP2.3,ZCV,302,507,6FL,752",,,"Nov 10, 2010",550/1100,,,,,,,,,,
A52 - Space Gray Metallic,,NCH4 - Palladium/Black Novillo Leather,,WBSKG9C52BE645277,,E645277,"MSRP.1,ZCP,ZP2.3,ZCV,2MK,302,415,494,507,5AC,6FL,655,752",,,"Nov 10, 2010",550,,,,,,,,,,
A96 - Mineral White Met.,,NDH3 - Beige Novillo Extended Leather,,WBSKG9C54BE645278,,E645278,"MSRP.1,ZP2.2,ZCV,2MK,302,507,6FL",,,"Nov 10, 2010",1100,,,,,,,,,,
A52 - Space Gray Metallic,,NCSW - Black Novillo Leather,,WBSKG9C56BE645279,,E645279,"MSRP.1,ZCP,ZP2.3,2MK,302,609,6FL,655,752",,,"Nov 10, 2010",550,,,,,,,,,,
381 - Le Mans Blue Metallic,,NCH3 - Beige Novillo Leather,,WBSKG9C52BE645280,,E645280,"MSRP.1,ZCP,ZCV,2MK,302,494,4MY,507,6FL,655,752",,,"Nov 10, 2010",550/950,,,,,,,,,,
300 - Alpine White,,NCSW - Black Novillo Leather,,WBSKG9C54BE645281,,E645281,"MSRP.1,ZCP,ZP2.3,ZCV,2MK,302,507,6FL,752",,,"Nov 10, 2010",,,,,,,,,,,
A30 - Interlagos Blue Metallic,,NDH1 - Silver Novillo Extended Leather,,WBSKG9C56BE645282,,E645282,"MSRP.1,ZP2.3,ZCV,302,494,507,6FL",,,"Nov 10, 2010",550/1100,,,,,,,,,,
300 - Alpine White,,NCH5 - Fox Red/Black Novillo Leather,,WBSKG9C58BE645283,,E645283,"MSRP.1,ZCP,ZCW,ZP2.3,ZCV,2MK,302,415,507,6FL,655,752",,,"Nov 10, 2010",,,,,,,,,,,
381 - Le Mans Blue Metallic,,NDH1 - Silver Novillo Extended Leather,,WBSKG9C5XBE645284,,E645284,"MSRP.1,ZCP,ZP2.3,ZCV,302,494,507,5AC,6FL,6NF,6NR,655,752",,,"Nov 10, 2010",550/1100,,,,,,,,,,
668 - Jet Black,,NCSW - Black Novillo Leather,,WBSKG9C51BE645285,,E645285,"MSRP.1,ZCP,ZP2.3,ZCV,2MK,302,507,6FL,752",,,"Nov 10, 2010",,,,,,,,,,,
300 - Alpine White,,NCSW - Black Novillo Leather,,WBSKG9C53BE645286,,E645286,"MSRP.1,ZCP,ZCW,ZP2.3,ZCV,302,507,6FL,6NF,752",,,"Nov 10, 2010",,,,,,,,,,,
A96 - Mineral White Met.,,NCSW - Black Novillo Leather,,WBSKG9C55BE645287,,E645287,"MSRP.1,ZCW,ZP2.3,ZTP,2MK,2MT.1,302,415,507,6FL,655,752",,,"Nov 10, 2010",,,,,,,,,,,
300 - Alpine White,,NCSW - Black Novillo Leather,,WBSKG9C57BE645288,,E645288,"MSRP.1,ZCW,ZP2.3,ZCV,2MK,2MT.1,302,403,507,6FL,655,752",,,"Nov 11, 2010",,,,,,,,,,,
A52 - Space Gray Metallic,,NCSW - Black Novillo Leather,,WBSKG9C59BE645289,,E645289,"MSRP.1,ZCP,ZP2.3,ZCV,2MK,302,403,494,507,5AC,6FL,6NF,655,752",,,"Nov 11, 2010",550,,,,,,,,,,
A52 - Space Gray Metallic,,NCSW - Black Novillo Leather,,WBSKG9C55BE645290,,E645290,"MSRP.1,ZCP,ZP2.3,ZCV,2MK,302,403,494,507,6FL,655,752",,,"Nov 11, 2010",550,,,,,,,,,,
A52 - Space Gray Metallic,,NCH5 - Fox Red/Black Novillo Leather,,WBSKG9C57BE645291,,E645291,"MSRP.1,ZP2.3,ZCV,2MT.1,302,403,494,507,6FL,752",,,"Nov 11, 2010",550,,,,,,,,,,
300 - Alpine White,,NDSW - Black Extended Novillo Leather,,WBSKG9C59BE645292,,E645292,"MSRP.1,ZCW,ZP2.3,ZCV,2MK,2MT.1,302,403,507,5AC,6FL,6NF,655,752",,,"Nov 11, 2010",1100,,,,,,,,,,
300 - Alpine White,,NCSW - Black Novillo Leather,,WBSKG9C50BE645293,,E645293,"MSRP.1,ZCP,ZP2.3,ZCV,2MK,302,403,494,507,6FL,655,752",,,"Nov 11, 2010",,,,,,,,,,,
337 - Dakar Yellow 2,,NCSW - Black Novillo Leather,,WBSKG9C52BE645294,,E645294,"MSRP.1,ZCP,ZP2.3,ZCV,2MK,302,415,494,507,6FL,655,752",,,"Nov 18, 2010",,,,,,,,,,,
U91 - Frozen Black ,,Z1XX - Unknown Upholstery Code,,WBSKG9C54BE645295,,E645295,"MSRP.1,ZCP,ZCW,ZP2.3,ZTP,2MK,302,415,507,6FL,655,752",,,"Nov 19, 2010",,,CAN,,,,,,,,
U91 - Frozen Black ,,Z1XX - Unknown Upholstery Code,,WBSKG9C56BE645296,,E645296,"MSRP.1,ZCP,ZCW,ZP2.3,ZTP,2MK,302,415,507,6FL,655,752",,,"Nov 22, 2010",,,CAN,,,,,,,,
381 - Le Mans Blue Metallic,,NCH3 - Beige Novillo Leather,,WBSKG9C58BE645297,,E645297,"MSRP.1,ZCP,ZP2.1,302,403,494,6FL",,,"Nov 11, 2010",550,,,,,,,,,,
300 - Alpine White,,NCSW - Black Novillo Leather,,WBSKG9C5XBE645298,,E645298,"MSRP.1,494,507,609,6FL,655",,,"Nov 11, 2010",950,,,,,,,,,,
A29 - Silverstone Metallic II,,NCH1 - Silver Novillo Leather,,WBSKG9C51BE645299,,E645299,"MSRP.1,2MK,2MT.1,639,6FL,771",,,"Nov 11, 2010",550/950,,,,,,,,,,
A73 - Jerez Black Metallic,,NCSW - Black Novillo Leather,,WBSKG9C54BE645300,,E645300,"MSRP.1,ZP2.1,403,6FL,6NF,655",,,"Nov 11, 2010",550,,,,,,,,,,
A52 - Space Gray Metallic,,NCH2 - Fox Red Novillo Leather,,WBSKG9C56BE645301,,E645301,"MSRP.1,ZCP,ZCW,ZP2.3,ZCV,302,507,5AC,6FL,6NF,655,752",,,"Nov 11, 2010",550,,,,,,,,,,
A52 - Space Gray Metallic,,NCH5 - Fox Red/Black Novillo Leather,,WBSKG9C58BE645302,,E645302,"MSRP.1,ZCW,ZP2.3,ZCV,2MK,2MT.1,302,507,5AC,6FL,655,752",,,"Nov 12, 2010",550,,,,,,,,,,
A52 - Space Gray Metallic,,NCSW - Black Novillo Leather,,WBSKG9C5XBE645303,,E645303,"MSRP.1,ZCP,ZP2.3,ZCV,2MK,302,507,6FL,752",,,"Nov 12, 2010",550,,,,,,,,,,
A73 - Jerez Black Metallic,,NCH4 - Palladium/Black Novillo Leather,,WBSKG9C51BE645304,,E645304,"MSRP.1,ZP2.1,ZCV,2MK,302,403,507,6FL,6NF,655,752",,,"Nov 12, 2010",550,,,,,,,,,,
A73 - Jerez Black Metallic,,NCSW - Black Novillo Leather,,WBSKG9C53BE645305,,E645305,"MSRP.1,ZCP,ZCW,ZP2.1,ZCV,302,507,6FL,6NF,655,752",,,"Nov 12, 2010",550,,,,,,,,,,
A29 - Silverstone Metallic II,,NDSW - Black Extended Novillo Leather,,WBSKG9C55BE645306,,E645306,"MSRP.1,ZCP,ZCW,ZP2.1,ZCV,2MK,302,403,415,507,5AC,6FL,6NF,655,752",,,"Nov 12, 2010",550/1100,,,,,,,,,,
A73 - Jerez Black Metallic,,NCH2 - Fox Red Novillo Leather,,WBSKG9C57BE645307,,E645307,"MSRP.1,ZCP,ZCW,ZP2.2,ZCV,302,403,507,6FL,655,752",,,"Nov 12, 2010",550,,,,,,,,,,
A73 - Jerez Black Metallic,,NCSW - Black Novillo Leather,,WBSKG9C59BE645308,,E645308,"MSRP.1,ZP2.3,ZCV,2MK,2MT.1,302,403,494,507,6FL,752",,,"Nov 12, 2010",550,,,,,,,,,,
A73 - Jerez Black Metallic,,NCSW - Black Novillo Leather,,WBSKG9C50BE645309,,E645309,"MSRP.1,ZCP,ZP2.3,403,494,609,6FL,655,752",,,"Nov 12, 2010",550,,,,,,,,,,
A29 - Silverstone Metallic II,,NCH4 - Palladium/Black Novillo Leather,,WBSKG9C57BE645310,,E645310,"MSRP.1,ZCP,ZP2.1,ZCV,2MK,302,403,415,494,507,5AC,6FL,6NF,655,752",,,"Nov 12, 2010",550,,,,,,,,,,
A73 - Jerez Black Metallic,,NCSW - Black Novillo Leather,,WBSKG9C59BE645311,,E645311,"MSRP.1,ZP2.3,2MK,2MT.1,609,6FL",,,"Nov 12, 2010",550,,,,,,,,,,
668 - Jet Black,,NDSW - Black Extended Novillo Leather,,WBSKG9C50BE645312,,E645312,"MSRP.1,ZP2.1,ZCV,302,494,507,6FL,655,752",,,"Nov 12, 2010",1100,,,,,,,,,,
300 - Alpine White,,NCSW - Black Novillo Leather,,WBSKG9C52BE645313,,E645313,"MSRP.1,ZCP,2MK,4MY,6FL",,,"Nov 12, 2010",950,,,,,,,,,,
300 - Alpine White,,NCH2 - Fox Red Novillo Leather,,WBSKG9C54BE645314,,E645314,"MSRP.1,2MT.1,507,639,6FL,771",,,"Nov 12, 2010",950,,,,,,,,,,
300 - Alpine White,,GEAT - Anthracite/Black Cloth & Leather,,WBSKG9C56BE645315,,E645315,"MSRP.1,2MK,2MT.1,403,494,639,6FL,771",,,"Nov 12, 2010",,,,,,,,,,,
668 - Jet Black,,NCSW - Black Novillo Leather,,WBSKG9C58BE645316,,E645316,"MSRP.1,ZCP,ZCW,ZP2.1,ZCV,302,507,5AC,6FL,6NF,655,752",,,"Nov 12, 2010",,,,,,,,,,,
668 - Jet Black,,NCH2 - Fox Red Novillo Leather,,WBSKG9C5XBE645317,,E645317,"MSRP.1,ZP2.3,ZCV,2MK,2MT.1,302,403,507,6FL,655,752",,,"Nov 15, 2010",,,,,,,,,,,
A52 - Space Gray Metallic,,NCSW - Black Novillo Leather,,WBSKG9C51BE645318,,E645318,"MSRP.1,ZCW,ZP2.3,ZCV,2MK,2MT.1,302,507,5AC,6FL,6NF,655,752",,,"Nov 15, 2010",550,,,,,,,,,,
A96 - Mineral White Met.,,NCH3 - Beige Novillo Leather,,WBSKG9C53BE645319,,E645319,"MSRP.1,ZCP,ZP2.3,ZCV,2MK,302,403,415,494,507,5AC,6FL,655,752",,,"Nov 15, 2010",,,,,,,,,,,
A52 - Space Gray Metallic,,NCSW - Black Novillo Leather,,WBSKG9C5XBE645320,,E645320,"MSRP.1,ZP2.3,2MK,2MT.1,403,494,609,6FL,752",,,"Nov 15, 2010",550,,,,,,,,,,
A96 - Mineral White Met.,,NCSW - Black Novillo Leather,,WBSKG9C51BE645321,,E645321,"MSRP.1,ZCP,ZCW,ZP2.3,ZCV,2MK,302,507,6FL",,,"Nov 15, 2010",,,,,,,,,,,
300 - Alpine White,,NCH5 - Fox Red/Black Novillo Leather,,WBSKG9C53BE645322,,E645322,"MSRP.1,ZP2.3,2MK,2MT.1,507,609,6FL",,,"Nov 15, 2010",,,,,,,,,,,
300 - Alpine White,,NDSW - Black Extended Novillo Leather,,WBSKG9C55BE645323,,E645323,"MSRP.1,ZCP,ZP2.3,ZCV,302,507,6FL,6NF,655,752",,,"Nov 15, 2010",1100,,,,,,,,,,
A52 - Space Gray Metallic,,NCH5 - Fox Red/Black Novillo Leather,,WBSKG9C57BE645324,,E645324,"MSRP.1,ZCP,ZCW,ZP2.3,ZCV,302,507,5AC,6FL",,,"Nov 15, 2010",550,,,,,,,,,,
A96 - Unknown Paint Code,,NCH5 - Fox Red/Black Novillo Leather,,WBSKG9C59BE645325,,E645325,"MSRP.1,ZCP,ZCW,ZP2.3,ZCV,2MK,302,403,415,507,5AC,6FL,655,752",,,"Nov 15, 2010",,,,,,,,,,,
668 - Jet Black,,NCH2 - Fox Red Novillo Leather,,WBSKG9C50BE645326,,E645326,"MSRP.1,ZCP,494,4MZ,6FL",,,"Nov 15, 2010",950,,,,,,,,,,
A52 - Space Gray Metallic,,NCH3 - Beige Novillo Leather,,WBSKG9C52BE645327,,E645327,"MSRP.1,ZCP,ZCW,ZP2.3,ZCV,302,403,507,6FL,655,752",,,"Nov 15, 2010",550,,,,,,,,,,
668 - Jet Black,,NCSW - Black Novillo Leather,,WBSKG9C54BE645328,,E645328,"MSRP.1,ZCW,ZP2.3,ZCV,2MK,302,507,6FL,752",,,"Nov 16, 2010",,,,,,,,,,,
A96 - Mineral White Met.,,NCSW - Black Novillo Leather,,WBSKG9C56BE645329,,E645329,"MSRP.1,2MT.1,4MZ,609,655",,,"Nov 16, 2010",950,,,,,,,,,,
668 - Jet Black,,NDSW - Black Extended Novillo Leather,,WBSKG9C52BE645330,,E645330,"MSRP.1,ZCP,ZCW,ZP2.3,ZCV,2MK,302,507,6FL,6NF,655,752",,,"Nov 16, 2010",1100,,,,,,,,,,
A75 - Melbourne Red Metallic,,NCSW - Black Novillo Leather,,WBSKG9C54BE645331,,E645331,"MSRP.1,ZCP,ZP2.3,ZCV,2MK,302,507,6FL",,,"Nov 16, 2010",550,,,,,,,,,,
A52 - Space Gray Metallic,,NCSW - Black Novillo Leather,,WBSKG9C56BE645332,,E645332,"MSRP.1,ZCP,ZP2.1,ZCV,2MK,302,494,507,6FL,655,752",,,"Nov 16, 2010",550,,,,,,,,,,
300 - Alpine White,,NCH5 - Fox Red/Black Novillo Leather,,WBSKG9C58BE645333,,E645333,"MSRP.1,ZCP,ZP2.3,ZCV,2MK,302,494,507,6FL,655,752",,,"Nov 16, 2010",,,,,,,,,,,
A96 - Mineral White Met.,,NCH5 - Fox Red/Black Novillo Leather,,WBSKG9C5XBE645334,,E645334,"MSRP.1,ZCP,ZP2.3,ZCV,2MK,302,415,494,507,6FL,655,752",,,"Nov 16, 2010",,,,,,,,,,,
300 - Alpine White,,NCSW - Black Novillo Leather,,WBSKG9C51BE645335,,E645335,"MSRP.1,ZP2.1,ZCV,2MT.1,302,494,507,6FL,655,752",,,"Nov 16, 2010",,,,,,,,,,,
300 - Alpine White,,NCSW - Black Novillo Leather,,WBSKG9C53BE645336,,E645336,"MSRP.1,ZCP,ZCW,ZP2.3,ZCV,2MK,302,507,6FL,6NF,655,752",,,"Nov 16, 2010",,,,,,,,,,,
A96 - Mineral White Met.,,NCH2 - Fox Red Novillo Leather,,WBSKG9C55BE645337,,E645337,"MSRP.1,ZCW,ZP2.3,ZCV,2MT.1,302,507,5AC,6FL,655,752",,,"Nov 16, 2010",,,,,,,,,,,
300 - Alpine White,,NCSW - Black Novillo Leather,,WBSKG9C57BE645338,,E645338,"MSRP.1,ZCP,ZP2.3,ZCV,2MK,302,415,494,507,6FL,6NF,655,752",,,"Nov 16, 2010",,,,,,,,,,,
A52 - Space Gray Metallic,,NCH1 - Silver Novillo Leather,,WBSKG9C59BE645339,,E645339,"MSRP.1,ZP2.2,ZCV,2MK,2MT.1,302,403,494,507,6FL,6NF,655,752",,,"Nov 16, 2010",550,,,,,,,,,,
300 - Alpine White,,NDSW - Black Extended Novillo Leather,,WBSKG9C55BE645340,,E645340,"MSRP.1,ZCP,ZCW,ZP2.3,ZCV,2MK,302,507,5AC,6FL,752",,,"Jan 14, 2011",1100,,,,,,,,,,
A30 - Interlagos Blue Metallic,,NDSW - Black Extended Novillo Leather,,WBSKG9C57BE645341,,E645341,"MSRP.1,ZCP,ZCW,ZP2.1,ZCV,2MK,302,415,507,6FL,655,752",,,"Nov 16, 2010",550/1100,,,,,,,,,,
A52 - Space Gray Metallic,,NCH5 - Fox Red/Black Novillo Leather,,WBSKG9C59BE645342,,E645342,"MSRP.1,ZP2.3,ZCV,2MK,2MT.1,302,507,6FL,655",,,"Nov 16, 2010",550,,,,,,,,,,
668 - Jet Black,,NCH5 - Fox Red/Black Novillo Leather,,WBSKG9C50BE645343,,E645343,"MSRP.1,ZCP,ZP2.3,ZCV,2MK,302,507,6FL,655,752",,,"Nov 17, 2010",,,,,,,,,,,
381 - Le Mans Blue Metallic,,NCSW - Black Novillo Leather,,WBSKG9C52BE645344,,E645344,"MSRP.1,ZCP,ZCW,ZP2.3,ZCV,2MK,302,507,6FL,6NF,655,752",,,"Nov 17, 2010",550,,,,,,,,,,
A52 - Space Gray Metallic,,NCH2 - Fox Red Novillo Leather,,WBSKG9C54BE645345,,E645345,"MSRP.1,ZCP,ZP2.3,ZCV,302,507,6FL",,,"Nov 17, 2010",550,,,,,,,,,,
381 - Le Mans Blue Metallic,,NCH1 - Silver Novillo Leather,,WBSKG9C56BE645346,,E645346,"MSRP.1,ZCP,ZP2.1,ZCV,2MK,302,415,507,6FL,6NF,655,752",,,"Nov 17, 2010",550,,,,,,,,,,
A73 - Jerez Black Metallic,,NCH5 - Fox Red/Black Novillo Leather,,WBSKG9C58BE645347,,E645347,"MSRP.1,ZCP,ZCW,ZP2.3,ZCV,2MK,302,415,507,6FL,655,752",,,"Nov 17, 2010",550,,,,,,,,,,
300 - Alpine White,,NCH5 - Fox Red/Black Novillo Leather,,WBSKG9C5XBE645348,,E645348,"MSRP.1,ZCP,ZP2.3,ZCV,2MK,302,507,6FL,6NF,655,752",,,"Nov 17, 2010",,,,,,,,,,,
337 - Dakar Yellow 2,,NCSW - Black Novillo Leather,,WBSKG9C51BE645349,,E645349,"MSRP.1,ZCP,ZP2.3,ZCV,2MK,302,494,507,6FL,6NF,655,752",,,"Nov 22, 2010",,,,,,,,,,,
A52 - Space Gray Metallic,,NCSW - Black Novillo Leather,,WBSKG9C58BE645350,,E645350,"MSRP.1,2MK,2MT.1,403,4MY,6FL,655",,,"Nov 17, 2010",550/950,,,,,,,,,,
A96 - Unknown Paint Code,,NCSW - Black Novillo Leather,,WBSKG9C5XBE645351,,E645351,"MSRP.1,ZCP,ZP2.2,ZCV,2MK,302,507,6FL,6NF,752",,,"Nov 18, 2010",,,,,,,,,,,
A96 - Mineral White Met.,,NCH5 - Fox Red/Black Novillo Leather,,WBSKG9C51BE645352,,E645352,"MSRP.1,ZCP,ZP2.3,ZCV,302,403,494,507,6FL,655,752",,,"Nov 18, 2010",,,,,,,,,,,
A75 - Melbourne Red Metallic,,NCH3 - Beige Novillo Leather,,WBSKG9C53BE645353,,E645353,"MSRP.1,ZCP,ZP2.3,ZCV,2MK,302,494,507,5AC,6FL,655,752",,,"Nov 18, 2010",550,,,,,,,,,,
300 - Alpine White,,NDSW - Black Extended Novillo Leather,,WBSKG9C55BE645354,,E645354,"MSRP.1,ZCW,ZP2.3,ZCV,2MT.1,302,403,507,5AC,6FL,6NF,655,752",,,"Nov 18, 2010",1100,,,,,,,,,,
668 - Jet Black,,NCH1 - Silver Novillo Leather,,WBSKG9C57BE645355,,E645355,"MSRP.1,ZP2.1,ZCV,2MK,302,507,6FL,655,752",,,"Nov 18, 2010",,,,,,,,,,,
A52 - Space Gray Metallic,,NDH1 - Silver Novillo Extended Leather,,WBSKG9C59BE645356,,E645356,"MSRP.1,ZCW,ZP2.1,ZCV,302,403,415,507,5AC,6FL,655,752",,,"Nov 18, 2010",550/1100,,,,,,,,,,
300 - Alpine White,,NCH3 - Beige Novillo Leather,,WBSKG9C50BE645357,,E645357,"MSRP.1,ZP2.2,ZCV,2MT.1,302,403,494,507,6FL",,,"Nov 18, 2010",,,,,,,,,,,
300 - Alpine White,,NCSW - Black Novillo Leather,,WBSKG9C52BE645358,,E645358,"MSRP.1,ZCP,ZP2.3,ZCV,302,403,415,494,507,6FL,6NF,752",,,"Nov 18, 2010",,,,,,,,,,,
A52 - Space Gray Metallic,,NCSW - Black Novillo Leather,,WBSKG9C54BE645359,,E645359,"MSRP.1,ZP2.3,ZCV,2MK,2MT.1,302,403,494,507,6FL,655,752",,,"Nov 18, 2010",550,,,,,,,,,,
U91 - Frozen Black ,,Z1XX - Unknown Upholstery Code,,WBSKG9C50BE645360,,E645360,"MSRP.1,ZCP,ZCW,ZP2.3,ZTP,2MK,302,415,507,6FL,655,752",,,"Nov 25, 2010",,,CAN,,,,,,,,
U91 - Frozen Black ,,Z1XX - Unknown Upholstery Code,,WBSKG9C52BE645361,,E645361,"MSRP.1,ZCP,ZCW,ZP2.3,ZTP,2MK,302,415,507,6FL,655,752",,,"Nov 26, 2010",,,CAN,,,,,,,,
U91 - Frozen Black ,,Z1XX - Unknown Upholstery Code,,WBSKG9C54BE645362,,E645362,"MSRP.1,ZCP,ZCW,ZP2.3,ZTP,2MK,302,415,507,6FL,655,752",,,"Nov 29, 2010",,,CAN,,,,,,,,
U91 - Frozen Black ,,Z1XX - Unknown Upholstery Code,,WBSKG9C56BE645363,,E645363,"MSRP.1,ZCP,ZCW,ZP2.3,ZTP,2MK,302,415,507,6FL,655,752",,,"Nov 29, 2010",,,CAN,,,,,,,,
A96 - Mineral White Met.,,NCSW - Black Novillo Leather,,WBSKG9C58BE645364,,E645364,"MSRP.1,ZCP,2MK,507,6FL",,,"Nov 29, 2010",950,,,,,,,,,,
300 - Alpine White,,NCH5 - Fox Red/Black Novillo Leather,,WBSKG9C5XBE645365,,E645365,"MSRP.1,ZCP,ZCV,2MK,302,494,507,6FL,752",,,"Nov 29, 2010",950,,,,,,,,,,
A73 - Jerez Black Metallic,,NCSW - Black Novillo Leather,,WBSKG9C51BE645366,,E645366,"MSRP.1,ZCP,ZCV,2MK,302,494,507,6FL,752",,,"Nov 29, 2010",550/950,,,,,,,,,,
668 - Jet Black,,NCSW - Black Novillo Leather,,WBSKG9C53BE645367,,E645367,"MSRP.1,2MK,2MT.1,639,6FL,771",,,"Nov 19, 2010",950,,,,,,,,,,
668 - Jet Black,,NCSW - Black Novillo Leather,,WBSKG9C55BE645368,,E645368,"MSRP.1,ZP2.3,494,6FL",,,"Nov 19, 2010",,,,,,,,,,,
A96 - Mineral White Met.,,NCH5 - Fox Red/Black Novillo Leather,,WBSKG9C57BE645369,,E645369,"MSRP.1,ZCP,ZP2.3,ZCV,2MK,302,415,507,6FL,655,752",,,"Nov 19, 2010",,,,,,,,,,,
A73 - Jerez Black Metallic,,NCSW - Black Novillo Leather,,WBSKG9C53BE645370,,E645370,"MSRP.1,ZCP,ZP2.3,ZCV,2MK,302,494,507,6FL,655",,,"Nov 19, 2010",550,,,,,,,,,,
A52 - Space Gray Metallic,,NDSW - Black Extended Novillo Leather,,WBSKG9C55BE645371,,E645371,"MSRP.1,ZCP,ZP2.3,ZCV,2MK,302,494,507,6FL,752",,,"Nov 19, 2010",550/1100,,,,,,,,,,
300 - Alpine White,,NCSW - Black Novillo Leather,,WBSKG9C57BE645372,,E645372,"MSRP.1,ZP2.3,ZCV,2MT.1,302,403,494,507,6FL,752",,,"Nov 19, 2010",,,,,,,,,,,
381 - Le Mans Blue Metallic,,NCSW - Black Novillo Leather,,WBSKG9C59BE645373,,E645373,"MSRP.1,ZCP,ZCW,ZP2.2,ZCV,2MK,302,403,507,5AC,6FL,655,752",,,"Nov 19, 2010",550,,,,,,,,,,
A52 - Space Gray Metallic,,NCSW - Black Novillo Leather,,WBSKG9C50BE645374,,E645374,"MSRP.1,ZCV,2MK,302,403,507,639,6FL,771",,,"Nov 19, 2010",550/950,,,,,,,,,,
300 - Alpine White,,NDSW - Black Extended Novillo Leather,,WBSKG9C52BE645375,,E645375,"MSRP.1,ZCP,ZP2.3,ZCV,2MK,302,415,494,507,6FL,655,752",,,"Nov 19, 2010",1100,,,,,,,,,,
300 - Alpine White,,NCSW - Black Novillo Leather,,WBSKG9C54BE645376,,E645376,"MSRP.1,ZCP,ZP2.3,ZCV,2MK,302,403,494,507,6FL,655,752",,,"Nov 19, 2010",,,,,,,,,,,
300 - Alpine White,,NDH2 - Fox Red Extended Leather,,WBSKG9C56BE645377,,E645377,"MSRP.1,ZCW,ZP2.3,ZCV,2MK,302,415,507,6FL",,,"Nov 19, 2010",1100,,,,,,,,,,
300 - Alpine White,,NDH2 - Fox Red Extended Leather,,WBSKG9C58BE645378,,E645378,"MSRP.1,ZCP,ZCW,ZP2.3,ZCV,2MK,302,507,6FL,655,752",,,"Nov 19, 2010",1100,,,,,,,,,,
300 - Alpine White,,NCH2 - Fox Red Novillo Leather,,WBSKG9C5XBE645379,,E645379,"MSRP.1,ZCW,ZP2.1,ZTP,2MK,2MT.1,302,507,6FL",,,"Nov 19, 2010",,,,,,,,,,,
A73 - Jerez Black Metallic,,NCSW - Black Novillo Leather,,WBSKG9C56BE645380,,E645380,"MSRP.1,ZCP,ZP2.3,ZCV,2MK,302,415,494,507,6FL,6NF,655,752",,,"Nov 19, 2010",550,,,,,,,,,,
A73 - Jerez Black Metallic,,NCSW - Black Novillo Leather,,WBSKG9C58BE645381,,E645381,"MSRP.1,ZCP,ZP2.3,ZCV,2MK,302,507,6FL,752",,,"Nov 22, 2010",550,,,,,,,,,,
A52 - Space Gray Metallic,,NCH5 - Fox Red/Black Novillo Leather,,WBSKG9C5XBE645382,,E645382,"MSRP.1,ZCP,ZP2.3,ZCV,2MK,302,403,494,507,6FL,655,752",,,"Nov 22, 2010",550,,,,,,,,,,
A73 - Jerez Black Metallic,,NCSW - Black Novillo Leather,,WBSKG9C51BE645383,,E645383,"MSRP.1,ZCV,2MT.1,302,4MY,507,6FL",,,"Nov 22, 2010",550/950,,,,,,,,,,
A52 - Space Gray Metallic,,NCH5 - Fox Red/Black Novillo Leather,,WBSKG9C53BE645384,,E645384,"MSRP.1,ZCP,ZP2.3,ZCV,2MK,302,494,507,6FL,655",,,"Nov 22, 2010",550,,,,,,,,,,
381 - Le Mans Blue Metallic,,NCSW - Black Novillo Leather,,WBSKG9C55BE645385,,E645385,"MSRP.1,ZCW,ZP2.1,ZCV,2MK,2MT.1,302,507,6FL,655,752",,,"Nov 22, 2010",550,,,,,,,,,,
668 - Jet Black,,NCSW - Black Novillo Leather,,WBSKG9C57BE645386,,E645386,"MSRP.1,ZP2.3,ZCV,2MK,2MT.1,302,403,494,507,6FL,655,752",,,"Nov 22, 2010",,,,,,,,,,,
381 - Le Mans Blue Metallic,,NCSW - Black Novillo Leather,,WBSKG9C59BE645387,,E645387,"MSRP.1,ZCP,ZCV,302,494,507,639,6FL,655,771",,,"Nov 22, 2010",550/950,,,,,,,,,,
A73 - Jerez Black Metallic,,NCSW - Black Novillo Leather,,WBSKG9C50BE645388,,E645388,"MSRP.1,ZCP,ZCW,ZP2.3,ZCV,2MK,302,403,507,6FL,6NF,655,752",,,"Nov 22, 2010",550,,,,,,,,,,
A73 - Jerez Black Metallic,,NCH5 - Fox Red/Black Novillo Leather,,WBSKG9C52BE645389,,E645389,"MSRP.1,ZCP,ZCW,ZP2.3,2MK,403,609,6FL,655,752",,,"Nov 22, 2010",550,,,,,,,,,,
A73 - Jerez Black Metallic,,NCH2 - Fox Red Novillo Leather,,WBSKG9C59BE645390,,E645390,"MSRP.1,ZCP,ZCW,ZP2.3,ZCV,2MK,302,403,507,6FL,655,752",,,"Nov 22, 2010",550,,,,,,,,,,
A73 - Jerez Black Metallic,,NDH3 - Beige Novillo Extended Leather,,WBSKG9C50BE645391,,E645391,"MSRP.1,ZP2.2,ZCV,302,403,494,507,6FL,655,752",,,"Nov 22, 2010",550/1100,,,,,,,,,,
A73 - Jerez Black Metallic,,NCSW - Black Novillo Leather,,WBSKG9C52BE645392,,E645392,"MSRP.1,ZCW,ZP2.3,ZCV,2MT.1,302,403,507,6FL,6NF,655,752",,,"Nov 22, 2010",550,,,,,,,,,,
A52 - Space Gray Metallic,,NCH5 - Fox Red/Black Novillo Leather,,WBSKG9C54BE645393,,E645393,"MSRP.1,ZCP,ZCW,ZP2.3,ZCV,2MK,302,507,6FL,6NF,655,752",,,"Nov 22, 2010",550,,,,,,,,,,
668 - Jet Black,,NCH5 - Fox Red/Black Novillo Leather,,WBSKG9C56BE645394,,E645394,"MSRP.1,ZCP,ZP2.3,ZCV,2MK,302,494,507,6FL,655,752",,,"Nov 22, 2010",,,,,,,,,,,
668 - Jet Black,,NCSW - Black Novillo Leather,,WBSKG9C58BE645395,,E645395,"MSRP.1,ZCP,ZP2.3,ZCV,2MK,302,494,507,6FL,655,752",,,"Nov 22, 2010",,,,,,,,,,,
668 - Jet Black,,NCSW - Black Novillo Leather,,WBSKG9C5XBE645396,,E645396,"MSRP.1,ZCP,ZP2.1,ZCV,2MK,302,494,507,6FL,6NF,655,752",,,"Nov 22, 2010",,,,,,,,,,,
668 - Jet Black,,NCSW - Black Novillo Leather,,WBSKG9C51BE645397,,E645397,"MSRP.1,ZCP,ZP2.3,ZCV,2MK,302,494,507,6FL,655,752",,,"Nov 22, 2010",,,,,,,,,,,
668 - Jet Black,,NCH5 - Fox Red/Black Novillo Leather,,WBSKG9C53BE645398,,E645398,"MSRP.1,ZCP,ZP2.3,ZCV,2MK,302,494,507,6FL,655,752",,,"Nov 23, 2010",,,,,,,,,,,
A73 - Jerez Black Metallic,,NCH4 - Palladium/Black Novillo Leather,,WBSKG9C55BE645399,,E645399,"MSRP.1,ZCW,ZP2.3,ZCV,2MK,2MT.1,302,507,6FL,655,752",,,"Nov 23, 2010",550,,,,,,,,,,
300 - Alpine White,,NCSW - Black Novillo Leather,,WBSKG9C58BE645400,,E645400,"MSRP.1,ZCP,ZP2.3,2MK,494,507,609,6FL,6NF,655,752",,,"Nov 23, 2010",,,,,,,,,,,
300 - Alpine White,,NCSW - Black Novillo Leather,,WBSKG9C5XBE645401,,E645401,"MSRP.1,ZCP,ZP2.3,2MK,415,494,507,609,6FL",,,"Nov 23, 2010",,,,,,,,,,,
A52 - Space Gray Metallic,,GEAT - Anthracite/Black Cloth & Leather,,WBSKG9C51BE645402,,E645402,"MSRP.1,6FL,771",,,"Nov 23, 2010",550,,,,,,,,,,
668 - Jet Black,,NCSW - Black Novillo Leather,,WBSKG9C53BE645403,,E645403,"MSRP.1,ZCP,ZP2.3,ZCV,2MK,302,403,494,507,6FL,752",,,"Nov 23, 2010",,,,,,,,,,,
A52 - Space Gray Metallic,,NCH3 - Beige Novillo Leather,,WBSKG9C55BE645404,,E645404,"MSRP.1,ZP2.3,ZCV,2MK,2MT.1,302,403,494,507,6FL,6NF,655,752",,,"Nov 23, 2010",550,,,,,,,,,,
A75 - Melbourne Red Metallic,,NCH3 - Beige Novillo Leather,,WBSKG9C57BE645405,,E645405,"MSRP.1,ZCP,ZP2.1,ZCV,2MK,302,403,494,507,6FL,655",,,"Nov 23, 2010",550,,,,,,,,,,
668 - Jet Black,,NCSW - Black Novillo Leather,,WBSKG9C59BE645406,,E645406,"MSRP.1,ZCP,ZP2.3,ZCV,2MK,302,403,494,507,5AC,6FL,655,752",,,"Nov 23, 2010",,,,,,,,,,,
300 - Alpine White,,NCSW - Black Novillo Leather,,WBSKG9C50BE645407,,E645407,"MSRP.1,ZP2.3,ZCV,2MT.1,302,403,494,507,6FL,655,752",,,"Nov 23, 2010",,,,,,,,,,,
A96 - Mineral White Met.,,NDSW - Black Extended Novillo Leather,,WBSKG9C52BE645408,,E645408,"MSRP.1,ZCW,ZP2.3,ZCV,2MK,2MT.1,302,507,6FL,655",,,"Nov 23, 2010",1100,,,,,,,,,,
381 - Le Mans Blue Metallic,,NCSW - Black Novillo Leather,,WBSKG9C54BE645409,,E645409,"MSRP.1,ZCP,ZP2.3,ZCV,2MK,302,494,507,6FL,655,752",,,"Nov 23, 2010",550,,,,,,,,,,
A96 - Mineral White Met.,,NCSW - Black Novillo Leather,,WBSKG9C50BE645410,,E645410,"MSRP.1,ZCP,ZP2.2,ZCV,2MK,302,507,6FL,6NF,655,752",,,"Nov 23, 2010",,,,,,,,,,,
A96 - Mineral White Met.,,NCSW - Black Novillo Leather,,WBSKG9C52BE645411,,E645411,"MSRP.1,ZCP,ZP2.3,ZCV,2MK,302,494,507,6FL,6NF,655,752",,,"Nov 23, 2010",,,,,,,,,,,
300 - Alpine White,,NCSW - Black Novillo Leather,,WBSKG9C54BE645412,,E645412,"MSRP.1,ZCP,302,4MY",,,"Nov 23, 2010",950,,,,,,,,,,
A75 - Melbourne Red Metallic,,NCSW - Black Novillo Leather,,WBSKG9C56BE645413,,E645413,"MSRP.1,ZCP,ZP2.3,ZCV,2MK,302,494,507,6FL,752",,,"Nov 23, 2010",550,,,,,,,,,,
300 - Alpine White,,NCSW - Black Novillo Leather,,WBSKG9C58BE645414,,E645414,"MSRP.1,ZCP,ZCW,ZP2.3,ZCV,2MK,302,507,5AC,6FL,6NF,655,752",,,"Nov 23, 2010",,,,,,,,,,,
300 - Alpine White,,NCSW - Black Novillo Leather,,WBSKG9C5XBE645415,,E645415,"MSRP.1,494,507,609,6FL,655",,,"Nov 24, 2010",950,,,,,,,,,,
300 - Alpine White,,NCSW - Black Novillo Leather,,WBSKG9C51BE645416,,E645416,"MSRP.1,ZCP,ZP2.3,ZCV,2MK,302,494,507,6FL,655,752",,,"Nov 24, 2010",,,,,,,,,,,
300 - Alpine White,,NCSW - Black Novillo Leather,,WBSKG9C53BE645417,,E645417,"MSRP.1,ZCW,ZP2.3,ZCV,2MK,302,507,6FL,655,752",,,"Nov 24, 2010",,,,,,,,,,,
300 - Alpine White,,NDSW - Black Extended Novillo Leather,,WBSKG9C55BE645418,,E645418,"MSRP.1,ZCP,ZP2.3,ZCV,2MK,302,507,6FL,6NF,752",,,"Nov 24, 2010",1100,,,,,,,,,,
A52 - Space Gray Metallic,,NDSW - Black Extended Novillo Leather,,WBSKG9C57BE645419,,E645419,"MSRP.1,ZCP,ZP2.3,ZCV,2MK,302,494,507,6FL",,,"Nov 24, 2010",550/1100,,,,,,,,,,
A29 - Silverstone Metallic II,,NCH4 - Palladium/Black Novillo Leather,,WBSKG9C53BE645420,,E645420,"MSRP.1,ZCP,ZP2.3,2MK,507,6FL",,,"Nov 24, 2010",550,,,,,,,,,,
A52 - Space Gray Metallic,,NCSW - Black Novillo Leather,,WBSKG9C55BE645421,,E645421,"MSRP.1,ZCP,ZP2.3,ZCV,2MK,302,494,507,6FL,655,752",,,"Nov 24, 2010",550,,,,,,,,,,
A52 - Space Gray Metallic,,NCH5 - Fox Red/Black Novillo Leather,,WBSKG9C57BE645422,,E645422,"MSRP.1,ZCP,ZP2.3,ZCV,302,415,494,507,6FL,6NF,655",,,"Nov 24, 2010",550,,,,,,,,,,
668 - Jet Black,,NCSW - Black Novillo Leather,,WBSKG9C59BE645423,,E645423,"MSRP.1,ZCP,ZCW,ZP2.3,ZCV,302,403,415,507,6FL,6NF,655,752",,,"Nov 24, 2010",,,,,,,,,,,
668 - Jet Black,,NCH3 - Beige Novillo Leather,,WBSKG9C50BE645424,,E645424,"MSRP.1,ZCP,ZCW,ZP2.3,ZCV,2MK,302,403,507,6FL,655,752",,,"Nov 25, 2010",,,,,,,,,,,
A52 - Space Gray Metallic,,NCSW - Black Novillo Leather,,WBSKG9C52BE645425,,E645425,"MSRP.1,ZP2.3,ZCV,2MT.1,302,403,415,494,507,6FL",,,"Nov 24, 2010",550,,,,,,,,,,
300 - Alpine White,,NCSW - Black Novillo Leather,,WBSKG9C54BE645426,,E645426,"MSRP.1,ZP2.3,ZCV,2MT.1,302,494,507,6FL,655,752",,,"Nov 24, 2010",,,,,,,,,,,
A29 - Silverstone Metallic II,,NCSW - Black Novillo Leather,,WBSKG9C56BE645427,,E645427,"MSRP.1,ZCP,ZCW,ZP2.3,ZCV,302,403,507,6FL,655",,,"Nov 24, 2010",550,,,,,,,,,,
300 - Alpine White,,NCH2 - Fox Red Novillo Leather,,WBSKG9C58BE645428,,E645428,"MSRP.1,ZCP,ZCV,302,4MX,507,6FL,655",,,"Nov 24, 2010",950,,,,,,,,,,
300 - Alpine White,,NCH5 - Fox Red/Black Novillo Leather,,WBSKG9C5XBE645429,,E645429,"MSRP.1,ZCP,ZP2.3,ZCV,2MK,302,507,6FL,6NF,655,752",,,"Nov 24, 2010",,,,,,,,,,,
300 - Alpine White,,NCH2 - Fox Red Novillo Leather,,WBSKG9C56BE645430,,E645430,"MSRP.1,ZCP,ZP2.3,ZCV,2MK,302,494,507,6FL,655,752",,,"Nov 24, 2010",,,,,,,,,,,
A29 - Silverstone Metallic II,,NCH2 - Fox Red Novillo Leather,,WBSKG9C58BE645431,,E645431,"MSRP.1,ZCP,ZP2.3,ZCV,2MK,302,507,6FL",,,"Nov 24, 2010",550,,,,,,,,,,
A29 - Silverstone Metallic II,,NCH1 - Silver Novillo Leather,,WBSKG9C5XBE645432,,E645432,"MSRP.1,ZCV,2MK,2MT.1,302,415,4MY,507,6FL,6NF,655,752",,,"Nov 25, 2010",550/950,,,,,,,,,,
300 - Alpine White,,NCSW - Black Novillo Leather,,WBSKG9C51BE645433,,E645433,"MSRP.1,ZP2.3,ZCV,2MK,2MT.1,302,507,6FL,655,752",,,"Nov 25, 2010",,,,,,,,,,,
300 - Alpine White,,NCH2 - Fox Red Novillo Leather,,WBSKG9C53BE645434,,E645434,"MSRP.1,494,507,609,6FL,655",,,"Nov 25, 2010",950,,,,,,,,,,
300 - Alpine White,,NCH2 - Fox Red Novillo Leather,,WBSKG9C55BE645435,,E645435,"MSRP.1,ZCP,2MK,302,403,4MY,507,6FL",,,"Nov 25, 2010",950,,,,,,,,,,
A52 - Space Gray Metallic,,NDSW - Black Extended Novillo Leather,,WBSKG9C57BE645436,,E645436,"MSRP.1,ZCP,ZCW,ZP2.3,ZCV,2MK,302,403,507,6FL,6NF,655,752",,,"Nov 25, 2010",550/1100,,,,,,,,,,
300 - Alpine White,,NCSW - Black Novillo Leather,,WBSKG9C59BE645437,,E645437,"MSRP.1,ZCW,ZP2.3,ZCV,2MK,2MT.1,302,403,507,6FL,655,752",,,"Nov 25, 2010",,,,,,,,,,,
A52 - Space Gray Metallic,,NCH5 - Fox Red/Black Novillo Leather,,WBSKG9C50BE645438,,E645438,"MSRP.1,ZCP,ZCW,ZCV,2MK,302,4MY,507,6FL,655,752",,,"Nov 25, 2010",550/950,,,,,,,,,,
A73 - Jerez Black Metallic,,NCSW - Black Novillo Leather,,WBSKG9C52BE645439,,E645439,"MSRP.1,ZP2.1,ZCV,2MK,2MT.1,302,403,494,507,6FL,655",,,"Nov 25, 2010",550,,,,,,,,,,
A96 - Mineral White Met.,,NCSW - Black Novillo Leather,,WBSKG9C59BE645440,,E645440,"MSRP.1,ZCP,ZP2.3,ZCV,2MK,302,494,507,6FL,655",,,"Nov 25, 2010",,,,,,,,,,,
A96 - Mineral White Met.,,NCH5 - Fox Red/Black Novillo Leather,,WBSKG9C50BE645441,,E645441,"MSRP.1,ZCP,ZP2.3,ZCV,302,415,494,507,6FL,655,752",,,"Nov 25, 2010",,,,,,,,,,,
A96 - Mineral White Met.,,NCH2 - Fox Red Novillo Leather,,WBSKG9C52BE645442,,E645442,"MSRP.1,ZCP,494,609,639,6FL,771",,,"Nov 25, 2010",950,,,,,,,,,,
A96 - Mineral White Met.,,NCSW - Black Novillo Leather,,WBSKG9C54BE645443,,E645443,"MSRP.1,ZCP,ZP2.3,ZCV,2MK,302,415,494,507,6FL,655,752",,,"Nov 25, 2010",,,,,,,,,,,
A96 - Mineral White Met.,,NCH1 - Silver Novillo Leather,,WBSKG9C56BE645444,,E645444,"MSRP.1,ZCP,ZP2.3,ZCV,2MK,302,494,507,6FL,863",,,"Nov 25, 2010",,,,,,,,,,,
300 - Alpine White,,NCSW - Black Novillo Leather,,WBSKG9C58BE645445,,E645445,"MSRP.1,ZCP,ZP2.3,ZCV,2MK,302,507,6FL,655,752",,,"Nov 25, 2010",,,,,,,,,,,
300 - Alpine White,,NCSW - Black Novillo Leather,,WBSKG9C5XBE645446,,E645446,"MSRP.1,ZP2.3,ZCV,2MK,2MT.1,302,494,507,6FL,6NF,655,752",,,"Nov 26, 2010",,,,,,,,,,,
A96 - Mineral White Met.,,NCSW - Black Novillo Leather,,WBSKG9C51BE645447,,E645447,"MSRP.1,ZCP,ZCV,2MK,302,494,4MY,507,6FL,655",,,"Nov 26, 2010",950,,,,,,,,,,
A96 - Mineral White Met.,,GEAT - Anthracite/Black Cloth & Leather,,WBSKG9C53BE645448,,E645448,"MSRP.1,2MK,2MT.1,494,639,655,771",,,"Nov 26, 2010",,,,,,,,,,,
A52 - Space Gray Metallic,,NDH1 - Silver Novillo Extended Leather,,WBSKG9C55BE645449,,E645449,"MSRP.1,ZP2.3,ZCV,2MK,2MT.1,302,507,6FL,655,752",,,"Nov 26, 2010",550/1100,,,,,,,,,,
A30 - Interlagos Blue Metallic,,NDSW - Black Extended Novillo Leather,,WBSKG9C51BE645450,,E645450,"MSRP.1,ZCP,ZCW,ZP2.3,ZCV,302,415,507,5AC,6FL,6NF,655,752",,,"Nov 26, 2010",550/1100,,,,,,,,,,
A52 - Space Gray Metallic,,NCSW - Black Novillo Leather,,WBSKG9C53BE645451,,E645451,"MSRP.1,ZCP,ZCV,ZP2.3,2MK,302,403,415,494,507,5AC,6FL,655,752",,,"Nov 26, 2010",550,,,,,,,,,,
A52 - Space Gray Metallic,,NCSW - Black Novillo Leather,,WBSKG9C55BE645452,,E645452,"MSRP.1,ZCW,ZCV,ZP2.3,2MK,2MT.1,302,403,415,507,6FL,6NF,655,752",,,"Nov 26, 2010",550,,,,,,,,,,
A30 - Interlagos Blue Metallic,,NCH4 - Palladium/Black Novillo Leather,,WBSKG9C57BE645453,,E645453,"MSRP.1,ZCP,ZCV,ZP2.3,2MK,302,403,507,6FL,655,752",,,"Nov 26, 2010",550,,,,,,,,,,
A30 - Interlagos Blue Metallic,,NCSW - Black Novillo Leather,,WBSKG9C59BE645454,,E645454,"MSRP.1,ZCP,ZP2.3,2MK,415,494,507,609,6FL,655",,,"Nov 27, 2010",550,,,,,,,,,,
A30 - Interlagos Blue Metallic,,NDH1 - Silver Novillo Extended Leather,,WBSKG9C50BE645455,,E645455,"MSRP.1,ZCP,ZCV,ZP2.3,2MK,302,507,6FL,655,752",,,"Nov 27, 2010",550/1100,,,,,,,,,,
A96 - Mineral White Met.,,NCH4 - Palladium/Black Novillo Leather,,WBSKG9C52BE645456,,E645456,"MSRP.1,ZCP,ZCV,ZP2.3,2MK,302,507,6FL,655,752",,,"Nov 27, 2010",,,,,,,,,,,
A96 - Mineral White Met.,,NCSW - Black Novillo Leather,,WBSKG9C54BE645457,,E645457,"MSRP.1,ZCP,ZCV,ZP2.1,2MK,302,494,507,6FL,6NF,655,752",,,"Nov 27, 2010",,,,,,,,,,,
A96 - Mineral White Met.,,NCH3 - Beige Novillo Leather,,WBSKG9C56BE645458,,E645458,"MSRP.1,ZCP,ZCV,ZP2.3,2MK,302,494,507,6FL,6NF,655,752",,,"Nov 27, 2010",,,,,,,,,,,
A30 - Interlagos Blue Metallic,,NCH1 - Silver Novillo Leather,,WBSKG9C58BE645459,,E645459,"MSRP.1,ZCP,ZCV,ZP2.3,302,494,507,6FL,655,752",,,"Nov 27, 2010",550,,,,,,,,,,
A30 - Interlagos Blue Metallic,,NCH4 - Palladium/Black Novillo Leather,,WBSKG9C54BE645460,,E645460,"MSRP.1,ZP2.3,403,609,6FL",,,"Nov 27, 2010",550,,,,,,,,,,
668 - Jet Black,,GEAT - Anthracite/Black Cloth & Leather,,WBSKG9C56BE645461,,E645461,"MSRP.1,403,639,771",,,"Nov 29, 2010",,,,,,,,,,,
300 - Alpine White,,NCSW - Black Novillo Leather,,WBSKG9C58BE645462,,E645462,"MSRP.1,ZCW,ZCV,2MK,302,507,6FL,771",,,"Nov 29, 2010",950,,,,,,,,,,
A52 - Space Gray Metallic,,NCH5 - Fox Red/Black Novillo Leather,,WBSKG9C5XBE645463,,E645463,"MSRP.1,ZCP,ZCV,ZP2.3,2MK,302,415,494,507,6FL,655,752",,,"Nov 29, 2010",550,,,,,,,,,,
A52 - Space Gray Metallic,,NCSW - Black Novillo Leather,,WBSKG9C51BE645464,,E645464,"MSRP.1,ZCV,ZP2.3,2MK,2MT.1,302,494,507,5AC,6FL,6NF,655,752",,,"Nov 29, 2010",550,,,,,,,,,,
300 - Alpine White,,NDH3 - Beige Novillo Extended Leather,,WBSKG9C53BE645465,,E645465,"MSRP.1,ZCV,ZP2.3,2MK,2MT.1,302,507,6FL,655,752",,,"Nov 29, 2010",1100,,,,,,,,,,
300 - Alpine White,,NCH5 - Fox Red/Black Novillo Leather,,WBSKG9C55BE645466,,E645466,"MSRP.1,ZCW,ZCV,ZP2.3,2MK,2MT.1,302,507,6FL,655,752",,,"Nov 29, 2010",,,,,,,,,,,
300 - Alpine White,,NCSW - Black Novillo Leather,,WBSKG9C57BE645467,,E645467,"MSRP.1,ZCP,ZCW,ZCV,ZP2.3,2MK,302,507,6FL,655,752",,,"Nov 29, 2010",,,,,,,,,,,
300 - Alpine White,,NCSW - Black Novillo Leather,,WBSKG9C59BE645468,,E645468,"MSRP.1,ZCP,ZCW,ZCV,302,403,4MY,507,6FL",,,"Nov 29, 2010",950,,,,,,,,,,
,,Z1XX - Unknown Upholstery Code,,WBSKG9C50BE645469,,E645469,"MSRP.1,ZCP,ZCW,ZP2.3,ZTP,2MK,302,415,507,6FL,655,752",,,"Nov 30, 2010",,,,,,,,,,,
,,Z1XX - Unknown Upholstery Code,,WBSKG9C57BE645470,,E645470,"MSRP.1,ZCP,ZCW,ZP2.3,ZTP,2MK,302,415,507,6FL,655,752",,,"Dec 1, 2010",,,,,,,,,,,
,,Z1XX - Unknown Upholstery Code,,WBSKG9C59BE645471,,E645471,"MSRP.1,ZCP,ZCW,ZP2.3,ZTP,2MK,302,415,507,6FL,655,752",,,"Dec 2, 2010",,,,,,,,,,,
B05 - Monte Carlo Blue,,NCH3 - Beige Novillo Leather,,WBSKG9C50BE645472,,E645472,"MSRP.1,ZCP,ZCV,2MK,302,4MY,507,6FL,6NF,655,752",,,"Dec 3, 2010",950,,,,,,,,,,
,,Z1XX - Unknown Upholstery Code,,WBSKG9C52BE645473,,E645473,"MSRP.1,ZCP,ZCW,ZP2.3,ZTP,2MK,302,415,507,6FL,655,752",,,"Dec 7, 2010",,,,,,,,,,,
U91 - Frozen Black ,,Z1XX - Unknown Upholstery Code,,WBSKG9C54BE645474,,E645474,"MSRP.1,ZCP,ZCW,ZP2.3,ZTP,2MK,302,415,507,6FL,655,752",,,"Dec 9, 2010",,,CAN,,,,,,,,
,,Z1XX - Unknown Upholstery Code,,WBSKG9C56BE645475,,E645475,"MSRP.1,ZCP,ZCW,ZP2.3,ZTP,2MK,302,415,507,6FL,655,752",,,"Dec 10, 2010",,,,,,,,,,,
,,Z1XX - Unknown Upholstery Code,,WBSKG9C58BE645476,,E645476,"MSRP.1,ZCP,ZCW,ZP2.3,ZTP,2MK,302,415,507,6FL,655,752",,,"Dec 14, 2010",,,,,,,,,,,
300 - Alpine White,,NCH2 - Fox Red Novillo Leather,,WBSKG9C5XBE645477,,E645477,"MSRP.1,ZCP,ZCW,ZP2.3,ZTP,2MK,302,415,507,6FL,655,752",,,"Dec 17, 2010",,,,,,,,,,,
X03 - Ruby Black Metallic 1 of 17,,NDH2 - Fox Red Extended Leather,,WBSKG9C51BE645478,,E645478,"MSRP.1,ZCW,ZTP,2MK,2MT.1,302,415,507,6FL,655,752",,,"Dec 17, 2010",2000,,,,,,,,,,
A52 - Space Gray Metallic,,NCH2 - Fox Red Novillo Leather,,WBSKG9C53BE645479,,E645479,"MSRP.1,ZCP,ZCW,ZCV,ZP2.3,302,415,507,6FL",,,"Dec 7, 2010",550,,,,,,,,,,
300 - Alpine White,,NCH4 - Palladium/Black Novillo Leather,,WBSKG9C5XBE645480,,E645480,"MSRP.1,ZCP,ZCV,ZP2.3,2MK,302,494,507,6FL,752",,,"Dec 9, 2010",,,,,,,,,,,
668 - Jet Black,,NCSW - Black Novillo Leather,,WBSKG9C51BE645481,,E645481,"MSRP.1,ZCV,2MT.1,302,507,639,6FL,752,771",,,"Dec 9, 2010",950,,,,,,,,,,
A52 - Space Gray Metallic,,NCH4 - Palladium/Black Novillo Leather,,WBSKG9C53BE645482,,E645482,"MSRP.1,ZCP,ZCV,ZP2.3,2MK,302,507,6FL,655,752",,,"Dec 9, 2010",550,,,,,,,,,,
A73 - Jerez Black Metallic,,NCSW - Black Novillo Leather,,WBSKG9C55BE645483,,E645483,"MSRP.1,ZCP,ZP2.3,302,494,507,6FL",,,"Dec 9, 2010",550,,,,,,,,,,
A96 - Mineral White Met.,,NCSW - Black Novillo Leather,,WBSKG9C57BE645484,,E645484,"MSRP.1,ZCV,ZP2.2,2MK,2MT.1,302,403,507,6FL,752",,,"Dec 10, 2010",,,,,,,,,,,
381 - Le Mans Blue Metallic,,NCSW - Black Novillo Leather,,WBSKG9C59BE645485,,E645485,"MSRP.1,ZCP,ZCV,ZP2.3,2MK,302,494,507,6FL,6NF,655,752",,,"Dec 10, 2010",550,,,,,,,,,,
A96 - Mineral White Met.,,NCSW - Black Novillo Leather,,WBSKG9C50BE645486,,E645486,"MSRP.1,ZCP,ZCV,ZP2.3,2MK,302,494,507,6FL,752",,,"Dec 10, 2010",,,,,,,,,,,
A96 - Mineral White Met.,,NCH5 - Fox Red/Black Novillo Leather,,WBSKG9C52BE645487,,E645487,"MSRP.1,ZCP,ZCV,ZP2.3,2MK,302,403,415,494,507,6FL,655,752",,,"Dec 10, 2010",,,,,,,,,,,
A73 - Jerez Black Metallic,,NCH3 - Beige Novillo Leather,,WBSKG9C54BE645488,,E645488,"MSRP.1,ZCP,ZCW,ZCV,ZP2.1,2MK,302,403,415,507,6FL,6NF,655,752",,,"Dec 10, 2010",550,,,,,,,,,,
A29 - Silverstone Metallic II,,NCSW - Black Novillo Leather,,WBSKG9C56BE645489,,E645489,"MSRP.1,ZP2.3,2MK,2MT.1,403,609,6FL,752",,,"Dec 10, 2010",550,,,,,,,,,,
381 - Le Mans Blue Metallic,,NCH4 - Palladium/Black Novillo Leather,,WBSKG9C52BE645490,,E645490,"MSRP.1,ZCP,ZCV,ZP2.2,2MK,302,507,6FL",,,"Dec 10, 2010",550,,,,,,,,,,
A29 - Silverstone Metallic II,,NCH4 - Palladium/Black Novillo Leather,,WBSKG9C54BE645491,,E645491,"MSRP.1,ZCP,ZCV,ZP2.3,2MK,302,494,507,6FL,752",,,"Dec 10, 2010",550,,,,,,,,,,
A73 - Jerez Black Metallic,,NDSW - Black Extended Novillo Leather,,WBSKG9C56BE645492,,E645492,"MSRP.1,ZCW,ZCV,ZP2.2,2MK,2MT.1,302,415,507,6FL,6NF,655,752",,,"Dec 10, 2010",550/1100,,,,,,,,,,
A73 - Jerez Black Metallic,,NCH2 - Fox Red Novillo Leather,,WBSKG9C58BE645493,,E645493,"MSRP.1,ZCP,ZCV,ZP2.1,2MK,302,507,6FL",,,"Dec 10, 2010",550,,,,,,,,,,
A29 - Silverstone Metallic II,,NCSW - Black Novillo Leather,,WBSKG9C5XBE645494,,E645494,"MSRP.1,ZCW,ZCV,ZP2.3,2MK,2MT.1,302,403,507,5AC,6FL,6NF,655,752",,,"Dec 13, 2010",550,,,,,,,,,,
A73 - Jerez Black Metallic,,NCSW - Black Novillo Leather,,WBSKG9C51BE645495,,E645495,"MSRP.1,ZCP,4MY,609,6FL",,,"Dec 10, 2010",550/950,,,,,,,,,,
A73 - Jerez Black Metallic,,NDH2 - Fox Red Extended Leather,,WBSKG9C53BE645496,,E645496,"MSRP.1,ZCP,ZP2.3,609,6FL,752",,,"Dec 10, 2010",550/1100,,,,,,,,,,
668 - Jet Black,,NCSW - Black Novillo Leather,,WBSKG9C55BE645497,,E645497,"MSRP.1,ZCV,ZP2.2,2MK,302,403,494,507,6FL,6NF",,,"Dec 10, 2010",,,,,,,,,,,
A73 - Jerez Black Metallic,,NCH5 - Fox Red/Black Novillo Leather,,WBSKG9C57BE645498,,E645498,"MSRP.1,ZCP,ZCV,ZP2.3,302,403,494,507,6FL",,,"Dec 10, 2010",550,,,,,,,,,,
A52 - Space Gray Metallic,,NCH2 - Fox Red Novillo Leather,,WBSKG9C59BE645499,,E645499,"MSRP.1,ZCP,ZP2.3,2MK,415,507,5AC,6FL",,,"Dec 10, 2010",550,,,,,,,,,,
A52 - Space Gray Metallic,,NCH2 - Fox Red Novillo Leather,,WBSKG9C51BE645500,,E645500,"MSRP.1,ZCP,ZP2.3,2MK,415,494,6FL",,,"Dec 11, 2010",550,,,,,,,,,,
668 - Jet Black,,NCH5 - Fox Red/Black Novillo Leather,,WBSKG9C53BE645501,,E645501,"MSRP.1,ZCP,ZCV,ZP2.3,2MK,302,415,494,507,6FL,6NF,655,752",,,"Dec 13, 2010",,,,,,,,,,,
300 - Alpine White,,NCH2 - Fox Red Novillo Leather,,WBSKG9C55BE645502,,E645502,"MSRP.1,ZCP,ZP2.3,6FL",,,"Dec 13, 2010",,,,,,,,,,,
300 - Alpine White,,NCSW - Black Novillo Leather,,WBSKG9C57BE645503,,E645503,"MSRP.1,ZP2.3,2MK,2MT.1,494,6FL,6NF,655",,,"Dec 13, 2010",,,,,,,,,,,
A73 - Jerez Black Metallic,,NCSW - Black Novillo Leather,,WBSKG9C59BE645504,,E645504,"MSRP.1,ZCP,ZCW,ZCV,ZP2.2,2MK,302,403,507,6FL,6NF,655,752",,,"Dec 13, 2010",550,,,,,,,,,,
A52 - Space Gray Metallic,,NCH1 - Silver Novillo Leather,,WBSKG9C50BE645505,,E645505,"MSRP.1,ZP2.3,2MT.1,494,609,6FL,6NF,655,752",,,"Dec 13, 2010",550,,,,,,,,,,
A96 - Mineral White Met.,,NCH2 - Fox Red Novillo Leather,,WBSKG9C52BE645506,,E645506,"MSRP.1,ZCP,ZCW,ZCV,ZP2.3,2MK,302,403,507,6FL,655,752",,,"Dec 13, 2010",,,,,,,,,,,
A73 - Jerez Black Metallic,,NDH2 - Fox Red Extended Leather,,WBSKG9C54BE645507,,E645507,"MSRP.1,ZCP,ZCW,ZCV,ZP2.2,2MK,302,507,6FL,752",,,"Dec 13, 2010",550/1100,,,,,,,,,,
300 - Alpine White,,GEAT - Anthracite/Black Cloth & Leather,,WBSKG9C56BE645508,,E645508,"MSRP.1,ZCP,2MK,771",,,"Dec 13, 2010",,,,,,,,,,,
A52 - Space Gray Metallic,,NCSW - Black Novillo Leather,,WBSKG9C58BE645509,,E645509,"MSRP.1,ZCW,ZP2.3,ZTP,2MK,2MT.1,302,415,507,6FL,655,752",,,"Dec 13, 2010",550,,,,,,,,,,
A73 - Jerez Black Metallic,,NCSW - Black Novillo Leather,,WBSKG9C54BE645510,,E645510,"MSRP.1,ZCP,ZCV,ZP2.3,2MK,302,494,507,6FL,655,752",,,"Dec 13, 2010",550,,,,,,,,,,
A96 - Mineral White Met.,,NCH5 - Fox Red/Black Novillo Leather,,WBSKG9C56BE645511,,E645511,"MSRP.1,ZCP,ZCV,ZP2.3,2MK,302,494,507,6FL,6NF,655,752",,,"Dec 13, 2010",,,,,,,,,,,
A96 - Mineral White Met.,,NCSW - Black Novillo Leather,,WBSKG9C58BE645512,,E645512,"MSRP.1,ZCV,ZP2.1,2MT.1,302,507,6FL,655,752",,,"Dec 13, 2010",,,,,,,,,,,
A96 - Mineral White Met.,,NCSW - Black Novillo Leather,,WBSKG9C5XBE645513,,E645513,"MSRP.1,ZCP,ZCV,ZP2.3,302,507,6FL,752,863",,,"Dec 13, 2010",,,,,,,,,,,
668 - Jet Black,,GEAT - Anthracite/Black Cloth & Leather,,WBSKG9C51BE645514,,E645514,"MSRP.1,ZCP,ZCW,ZCV,2MK,302,507,639,6FL,6NF,655,752,771",,,"Dec 13, 2010",,,,,,,,,,,
A73 - Jerez Black Metallic,,NCH5 - Fox Red/Black Novillo Leather,,WBSKG9C53BE645515,,E645515,"MSRP.1,ZCP,ZCW,ZCV,ZP2.3,302,507,6FL,752,863",,,"Dec 13, 2010",550,,,,,,,,,,
668 - Jet Black,,NCH1 - Silver Novillo Leather,,WBSKG9C55BE645516,,E645516,"MSRP.1,ZP2.3,2MT.1,494,609,6FL,655,752",,,"Dec 13, 2010",,,,,,,,,,,
668 - Jet Black,,NCH3 - Beige Novillo Leather,,WBSKG9C57BE645517,,E645517,"MSRP.1,ZCV,ZP2.2,2MK,2MT.1,302,403,494,507,6FL,6NF,655,752",,,"Dec 13, 2010",,,,,,,,,,,
300 - Alpine White,,NCSW - Black Novillo Leather,,WBSKG9C59BE645518,,E645518,"MSRP.1,ZCP,ZCV,ZP2.3,2MK,302,494,507,6FL,6NF,655,752",,,"Dec 14, 2010",,,,,,,,,,,
300 - Alpine White,,GEAT - Anthracite/Black Cloth & Leather,,WBSKG9C50BE645519,,E645519,"MSRP.1,ZCP,ZCV,2MK,302,4MY,507,6FL",,,"Dec 14, 2010",,,,,,,,,,,
300 - Alpine White,,NCH2 - Fox Red Novillo Leather,,WBSKG9C57BE645520,,E645520,"MSRP.1,ZCP,ZCV,ZP2.3,302,494,507,6FL",,,"Dec 14, 2010",,,,,,,,,,,
668 - Jet Black,,NCSW - Black Novillo Leather,,WBSKG9C59BE645521,,E645521,"MSRP.1,ZP2.3,494,609,6FL",,,"Dec 14, 2010",,,,,,,,,,,
A52 - Space Gray Metallic,,NDH3 - Beige Novillo Extended Leather,,WBSKG9C50BE645522,,E645522,"MSRP.1,ZCP,ZCV,ZP2.3,2MK,302,403,494,507,5AC,6FL,6NF,655,752",,,"Dec 14, 2010",550/1100,,,,,,,,,,
300 - Alpine White,,NDH2 - Fox Red Extended Leather,,WBSKG9C52BE645523,,E645523,"MSRP.1,ZCW,ZCV,ZP2.1,2MK,2MT.1,302,507,6FL,752",,,"Dec 14, 2010",1100,,,,,,,,,,
668 - Jet Black,,NDH2 - Fox Red Extended Leather,,WBSKG9C54BE645524,,E645524,"MSRP.1,ZCP,ZCW,ZCV,ZP2.3,302,403,415,507,5AC,6FL,655,752",,,"Dec 14, 2010",1100,,,,,,,,,,
300 - Alpine White,,NCH2 - Fox Red Novillo Leather,,WBSKG9C56BE645525,,E645525,"MSRP.1,ZCV,ZP2.3,2MK,302,507,6FL,752",,,"Dec 14, 2010",,,,,,,,,,,
A52 - Space Gray Metallic,,NCSW - Black Novillo Leather,,WBSKG9C58BE645526,,E645526,"MSRP.1,ZCP,ZCV,ZP2.3,2MK,302,507,6FL,655,752",,,"Dec 14, 2010",550,,,,,,,,,,
668 - Jet Black,,NCSW - Black Novillo Leather,,WBSKG9C5XBE645527,,E645527,"MSRP.1,ZCP,ZCV,ZP2.3,2MK,302,494,507,6FL",,,"Dec 14, 2010",,,,,,,,,,,
668 - Jet Black,,NDSW - Black Extended Novillo Leather,,WBSKG9C51BE645528,,E645528,"MSRP.1,ZCV,ZP2.3,2MT.1,302,494,507,5AC,6FL,6NF,752",,,"Dec 14, 2010",1100,,,,,,,,,,
A52 - Space Gray Metallic,,NCH1 - Silver Novillo Leather,,WBSKG9C53BE645529,,E645529,"MSRP.1,ZCP,ZCV,2MK,302,507,6FL,655,752,771",,,"Dec 14, 2010",550/950,,,,,,,,,,
668 - Jet Black,,NDH2 - Fox Red Extended Leather,,WBSKG9C5XBE645530,,E645530,"MSRP.1,ZCP,ZCW,ZCV,2MK,302,415,507,5AC,6FL,6NF,655,752",,,"Dec 20, 2010",2000,,,,,,,,,,
668 - Jet Black,,NCSW - Black Novillo Leather,,WBSKG9C51BE645531,,E645531,"MSRP.1,ZCP,ZCV,ZP2.3,302,494,507,6FL,6NF,655,752",,,"Dec 14, 2010",,,,,,,,,,,
668 - Jet Black,,NCSW - Black Novillo Leather,,WBSKG9C53BE645532,,E645532,"MSRP.1,ZCP,ZCV,ZP2.3,2MK,302,403,415,494,507,5AC,6FL,6NF,655,752",,,"Dec 15, 2010",,,,,,,,,,,
668 - Jet Black,,NCSW - Black Novillo Leather,,WBSKG9C55BE645533,,E645533,"MSRP.1,ZCV,ZP2.3,302,494,507,6FL",,,"Dec 15, 2010",,,,,,,,,,,
A73 - Jerez Black Metallic,,NCH4 - Palladium/Black Novillo Leather,,WBSKG9C57BE645534,,E645534,"MSRP.1,ZCP,ZCW,ZCV,ZP2.3,302,403,507,6FL,752",,,"Dec 15, 2010",550,,,,,,,,,,
300 - Alpine White,,NCSW - Black Novillo Leather,,WBSKG9C59BE645535,,E645535,"MSRP.1,ZCP,ZCW,ZCV,ZP2.3,2MK,302,403,507,5AC,6FL",,,"Dec 15, 2010",,,,,,,,,,,
A96 - Mineral White Met.,,NCH5 - Fox Red/Black Novillo Leather,,WBSKG9C50BE645536,,E645536,"MSRP.1,ZCP,ZCV,ZP2.3,2MK,302,415,507,5AC,6FL,6NF,655,752",,,"Dec 15, 2010",,,,,,,,,,,
A96 - Mineral White Met.,,NCSW - Black Novillo Leather,,WBSKG9C52BE645537,,E645537,"MSRP.1,ZCP,ZCV,ZP2.3,2MK,302,494,507,6FL",,,"Dec 15, 2010",,,,,,,,,,,
668 - Jet Black,,NCH2 - Fox Red Novillo Leather,,WBSKG9C54BE645538,,E645538,"MSRP.1,ZCP,ZCW,ZCV,ZP2.3,2MK,302,507,6FL,655,752",,,"Dec 15, 2010",,,,,,,,,,,
668 - Jet Black,,NCSW - Black Novillo Leather,,WBSKG9C56BE645539,,E645539,"MSRP.1,ZCP,ZCV,ZP2.3,302,494,507,6FL",,,"Dec 15, 2010",,,,,,,,,,,
300 - Alpine White,,NCH2 - Fox Red Novillo Leather,,WBSKG9C52BE645540,,E645540,"MSRP.1,ZCP,ZCW,ZCV,ZP2.3,302,507,6FL,655,752",,,"Dec 15, 2010",,,,,,,,,,,
300 - Alpine White,,NDH2 - Fox Red Extended Leather,,WBSKG9C54BE645541,,E645541,"MSRP.1,ZCV,ZP2.3,2MK,2MT.1,302,507,6FL,655,752",,,"Dec 15, 2010",1100,,,,,,,,,,
300 - Alpine White,,NCH2 - Fox Red Novillo Leather,,WBSKG9C56BE645542,,E645542,"MSRP.1,ZCP,ZCV,ZP2.3,2MK,302,494,507,6FL,655,752",,,"Dec 15, 2010",,,,,,,,,,,
A52 - Space Gray Metallic,,NCSW - Black Novillo Leather,,WBSKG9C58BE645543,,E645543,"MSRP.1,ZCP,ZCV,ZP2.3,302,494,507,6FL",,,"Dec 15, 2010",550,,,,,,,,,,
A52 - Space Gray Metallic,,NCSW - Black Novillo Leather,,WBSKG9C5XBE645544,,E645544,"MSRP.1,ZCP,ZCV,ZP2.2,2MK,302,494,507,6FL,655,752",,,"Dec 15, 2010",550,,,,,,,,,,
A52 - Space Gray Metallic,,NCH4 - Palladium/Black Novillo Leather,,WBSKG9C51BE645545,,E645545,"MSRP.1,ZCP,ZCW,ZCV,ZP2.3,2MK,302,507,6FL,655,752",,,"Dec 15, 2010",550,,,,,,,,,,
A52 - Space Gray Metallic,,NCSW - Black Novillo Leather,,WBSKG9C53BE645546,,E645546,"MSRP.1,ZCW,ZP2.3,ZTP,2MK,2MT.1,302,415,507,6FL,655,752",,,"Dec 15, 2010",550,,,,,,,,,,
668 - Jet Black,,NCH2 - Fox Red Novillo Leather,,WBSKG9C55BE645547,,E645547,"MSRP.1,ZCV,ZP2.3,2MK,2MT.1,302,494,507,6FL,752",,,"Dec 15, 2010",,,,,,,,,,,
668 - Jet Black,,NCSW - Black Novillo Leather,,WBSKG9C57BE645548,,E645548,"MSRP.1,2MT.1,4MY,6FL,655",,,"Dec 15, 2010",950,,,,,,,,,,
668 - Jet Black,,NCSW - Black Novillo Leather,,WBSKG9C59BE645549,,E645549,"MSRP.1,ZCP,ZP2.3,2MK,494,6FL,6NF,655",,,"Dec 15, 2010",,,,,,,,,,,
A73 - Jerez Black Metallic,,NCSW - Black Novillo Leather,,WBSKG9C55BE645550,,E645550,"MSRP.1,ZP2.3,2MK,2MT.1,6FL,655",,,"Dec 15, 2010",550,,,,,,,,,,
A75 - Melbourne Red Metallic,,GEAT - Anthracite/Black Cloth & Leather,,WBSKG9C57BE645551,,E645551,"MSRP.1,2MK,494,4MZ,609,6FL",,,"Dec 15, 2010",550,,,,,,,,,,
A75 - Melbourne Red Metallic,,NDSW - Black Extended Novillo Leather,,WBSKG9C59BE645552,,E645552,"MSRP.1,ZCP,ZCV,ZP2.2,2MK,302,403,494,507,6FL",,,"Dec 15, 2010",550/1100,,,,,,,,,,
300 - Alpine White,,NCSW - Black Novillo Leather,,WBSKG9C50BE645553,,E645553,"MSRP.1,ZCV,ZP2.3,2MK,2MT.1,302,403,494,507,6FL,655,752",,,"Dec 16, 2010",,,,,,,,,,,
A73 - Jerez Black Metallic,,NCSW - Black Novillo Leather,,WBSKG9C52BE645554,,E645554,"MSRP.1,ZCP,ZCV,ZP2.3,302,494,507,6FL,655,752",,,"Dec 16, 2010",550,,,,,,,,,,
668 - Jet Black,,NDH2 - Fox Red Extended Leather,,WBSKG9C54BE645555,,E645555,"MSRP.1,ZCP,ZCV,ZP2.3,302,494,507,6FL,655,752",,,"Dec 16, 2010",1100,,,,,,,,,,
381 - Le Mans Blue Metallic,,NCH3 - Beige Novillo Leather,,WBSKG9C56BE645556,,E645556,"MSRP.1,ZCW,ZCV,ZP2.3,2MK,2MT.1,302,403,507,6FL,6NF,655,752",,,"Dec 16, 2010",550,,,,,,,,,,
A73 - Jerez Black Metallic,,NCSW - Black Novillo Leather,,WBSKG9C58BE645557,,E645557,"MSRP.1,ZCV,ZP2.3,302,403,494,507,6FL,655",,,"Dec 16, 2010",550,,,,,,,,,,
300 - Alpine White,,NDSW - Black Extended Novillo Leather,,WBSKG9C5XBE645558,,E645558,"MSRP.1,ZCP,ZCW,ZCV,ZP2.3,302,507,5AC,6FL,6NF,655,752",,,"Dec 16, 2010",1100,,,,,,,,,,
381 - Le Mans Blue Metallic,,NDH1 - Silver Novillo Extended Leather,,WBSKG9C51BE645559,,E645559,"MSRP.1,ZCP,ZCW,ZCV,ZP2.3,2MK,302,415,507,6FL,655,752",,,"Dec 16, 2010",550/1100,,,,,,,,,,
A29 - Silverstone Metallic II,,NCH4 - Palladium/Black Novillo Leather,,WBSKG9C58BE645560,,E645560,"MSRP.1,ZCP,ZCW,ZCV,ZP2.3,2MK,302,415,507,5AC,6FL,6NF,655,752",,,"Dec 16, 2010",550,,,,,,,,,,
A52 - Space Gray Metallic,,NDSW - Black Extended Novillo Leather,,WBSKG9C5XBE645561,,E645561,"MSRP.1,ZCP,ZCW,ZCV,ZP2.3,302,415,507,5AC,6FL,6NF,655,752",,,"Dec 16, 2010",550/1100,,,,,,,,,,
300 - Alpine White,,NCSW - Black Novillo Leather,,WBSKG9C51BE645562,,E645562,"MSRP.1,ZCP,ZCV,ZP2.3,2MK,302,403,494,507,6FL,655,752",,,"Dec 16, 2010",,,,,,,,,,,
A96 - Mineral White Met.,,NCSW - Black Novillo Leather,,WBSKG9C53BE645563,,E645563,"MSRP.1,ZP2.2,2MT.1,494,6FL",,,"Dec 16, 2010",,,,,,,,,,,
A52 - Space Gray Metallic,,NCSW - Black Novillo Leather,,WBSKG9C55BE645564,,E645564,"MSRP.1,ZCP,ZCV,ZP2.3,302,403,507,6FL",,,"Dec 16, 2010",550,,,,,,,,,,
A52 - Space Gray Metallic,,NCH4 - Palladium/Black Novillo Leather,,WBSKG9C57BE645565,,E645565,"MSRP.1,ZCP,ZCW,ZCV,ZP2.3,2MK,302,415,507,6FL,6NF,655,752",,,"Dec 17, 2010",550,,,,,,,,,,
A52 - Space Gray Metallic,,NCSW - Black Novillo Leather,,WBSKG9C59BE645566,,E645566,"MSRP.1,ZCP,ZCW,ZCV,ZP2.1,2MK,302,403,415,507,5AC,6FL,655,752",,,"Dec 17, 2010",,,,,,,,,,,
300 - Alpine White,,NCSW - Black Novillo Leather,,WBSKG9C50BE645567,,E645567,"MSRP.1,ZCP,ZP2.3,2MK,494,6FL,655",,,"Dec 17, 2010",,,,,,,,,,,
A52 - Space Gray Metallic,,NDSW - Black Extended Novillo Leather,,WBSKG9C52BE645568,,E645568,"MSRP.1,ZCP,ZCW,ZCV,ZP2.1,302,507,6FL,6NF,655,752",,,"Dec 17, 2010",550/1100,,,,,,,,,,
300 - Alpine White,,GEAT - Anthracite/Black Cloth & Leather,,WBSKG9C54BE645569,,E645569,"MSRP.1,ZCP,2MK,302,4MY,6FL,655",,,"Dec 17, 2010",,,,,,,,,,,
A52 - Space Gray Metallic,,NCSW - Black Novillo Leather,,WBSKG9C50BE645570,,E645570,"MSRP.1,ZCP,ZCW,ZCV,ZP2.3,2MK,302,507,6FL,655,752",,,"Dec 17, 2010",550,,,,,,,,,,
A52 - Space Gray Metallic,,NCSW - Black Novillo Leather,,WBSKG9C52BE645571,,E645571,"MSRP.1,ZCP,ZP2.3,2MK,494,609,6FL,6NF,655,752",,,"Dec 17, 2010",550,,,,,,,,,,
A52 - Space Gray Metallic,,NCH5 - Fox Red/Black Novillo Leather,,WBSKG9C54BE645572,,E645572,"MSRP.1,ZCP,ZCV,ZP2.3,2MK,302,494,507,6FL,655,752",,,"Dec 17, 2010",550,,,,,,,,,,
A52 - Space Gray Metallic,,NCSW - Black Novillo Leather,,WBSKG9C56BE645573,,E645573,"MSRP.1,ZCV,ZP2.2,302,494,507,6FL",,,"Dec 17, 2010",550,,,,,,,,,,
A96 - Mineral White Met.,,NCH4 - Palladium/Black Novillo Leather,,WBSKG9C58BE645574,,E645574,"MSRP.1,ZCP,ZCV,ZP2.3,2MK,302,507,6FL,6NF,655,752",,,"Dec 17, 2010",,,,,,,,,,,
A96 - Mineral White Met.,,GEAT - Anthracite/Black Cloth & Leather,,WBSKG9C5XBE645575,,E645575,"MSRP.1,ZCP,ZCV,302,494,507,639,6FL,655,752,771",,,"Dec 17, 2010",,,,,,,,,,,
A96 - Mineral White Met.,,NCSW - Black Novillo Leather,,WBSKG9C51BE645576,,E645576,"MSRP.1,ZCP,ZCV,ZP2.3,2MK,302,415,494,507,6FL,6NF,655,752",,,"Dec 17, 2010",,,,,,,,,,,
300 - Alpine White,,NCH2 - Fox Red Novillo Leather,,WBSKG9C53BE645577,,E645577,"MSRP.1,ZCP,ZCW,ZCV,ZP2.3,2MK,302,403,507,6FL,655,752",,,"Dec 17, 2010",,,,,,,,,,,
A29 - Silverstone Metallic II,,NCH3 - Beige Novillo Leather,,WBSKG9C55BE645578,,E645578,"MSRP.1,ZCV,ZP2.1,2MK,302,403,415,507,6FL,752",,,"Dec 17, 2010",550,,,,,,,,,,
300 - Alpine White,,NCSW - Black Novillo Leather,,WBSKG9C57BE645579,,E645579,"MSRP.1,ZCP,ZCV,ZP2.3,2MK,302,494,507,6FL,6NF,655,752",,,"Dec 17, 2010",,,,,,,,,,,
300 - Alpine White,,NCSW - Black Novillo Leather,,WBSKG9C53BE645580,,E645580,"MSRP.1,ZCP,ZCV,ZP2.3,2MK,302,494,507,6FL,752",,,"Dec 17, 2010",,,,,,,,,,,
300 - Alpine White,,NCSW - Black Novillo Leather,,WBSKG9C55BE645581,,E645581,"MSRP.1,ZCP,ZP2.2,2MK,494,609,6FL,655",,,"Dec 17, 2010",,,,,,,,,,,
A29 - Silverstone Metallic II,,NCSW - Black Novillo Leather,,WBSKG9C57BE645582,,E645582,"MSRP.1,ZCP,ZCW,ZCV,ZP2.3,2MK,302,403,507,6FL,655,752",,,"Dec 17, 2010",550,,,,,,,,,,
300 - Alpine White,,NCH3 - Beige Novillo Leather,,WBSKG9C59BE645583,,E645583,"MSRP.1,ZCW,ZCV,ZP2.3,2MK,2MT.1,302,403,507,6FL,655,752",,,"Dec 17, 2010",,,,,,,,,,,
668 - Jet Black,,NCSW - Black Novillo Leather,,WBSKG9C50BE645584,,E645584,"MSRP.1,ZCP,ZCV,ZP2.3,2MK,302,403,415,507,6FL,6NF,655,752",,,"Dec 17, 2010",,,,,,,,,,,
668 - Jet Black,,NCSW - Black Novillo Leather,,WBSKG9C52BE645585,,E645585,"MSRP.1,ZCP,ZCV,ZP2.3,2MK,302,494,507,6FL,752",,,"Dec 17, 2010",,,,,,,,,,,
668 - Jet Black,,NCSW - Black Novillo Leather,,WBSKG9C54BE645586,,E645586,"MSRP.1,ZCP,ZCV,ZP2.1,2MK,302,415,494,507,6FL,655,752",,,"Dec 17, 2010",,,,,,,,,,,
A73 - Jerez Black Metallic,,NCSW - Black Novillo Leather,,WBSKG9C56BE645587,,E645587,"MSRP.1,ZCP,ZCW,ZP2.2,2MK,403,609,6FL,655,752",,,"Dec 20, 2010",550,,,,,,,,,,
668 - Jet Black,,NCSW - Black Novillo Leather,,WBSKG9C58BE645588,,E645588,"MSRP.1,ZCP,ZCW,ZCV,ZP2.3,2MK,302,507,6FL,6NF,655,752",,,"Dec 20, 2010",,,,,,,,,,,
381 - Le Mans Blue Metallic,,NDSW - Black Extended Novillo Leather,,WBSKG9C5XBE645589,,E645589,"MSRP.1,ZCP,ZCV,ZP2.1,2MK,302,507,6FL",,,"Dec 20, 2010",550/1100,,,,,,,,,,
300 - Alpine White,,NCSW - Black Novillo Leather,,WBSKG9C56BE645590,,E645590,"MSRP.1,ZCW,ZCV,ZP2.1,2MK,302,507,6FL,752",,,"Dec 20, 2010",,,,,,,,,,,
A30 - Interlagos Blue Metallic,,NCSW - Black Novillo Leather,,WBSKG9C58BE645591,,E645591,"MSRP.1,ZCP,ZCV,ZP2.3,2MK,302,415,494,507,6FL,752",,,"Dec 20, 2010",550,,,,,,,,,,
A73 - Jerez Black Metallic,,NCSW - Black Novillo Leather,,WBSKG9C5XBE645592,,E645592,"MSRP.1,ZCW,ZCV,ZP2.3,2MK,2MT.1,302,403,507,6FL,6NF,655,752",,,"Dec 20, 2010",550,,,,,,,,,,
300 - Alpine White,,NDSW - Black Extended Novillo Leather,,WBSKG9C51BE645593,,E645593,"MSRP.1,ZCP,ZCV,ZP2.3,2MK,302,415,494,507,5AC,6FL,6NF,655,752",,,"Dec 20, 2010",1100,,,,,,,,,,
A73 - Jerez Black Metallic,,NCSW - Black Novillo Leather,,WBSKG9C53BE645594,,E645594,"MSRP.1,ZCW,ZCV,ZP2.3,2MK,2MT.1,302,403,507,6FL,655,752",,,"Dec 20, 2010",550,,,,,,,,,,
A30 - Interlagos Blue Metallic,,NCSW - Black Novillo Leather,,WBSKG9C55BE645595,,E645595,"MSRP.1,ZCP,ZCW,ZCV,ZP2.3,2MK,302,403,507,6FL,655,752",,,"Dec 20, 2010",550,,,,,,,,,,
381 - Le Mans Blue Metallic,,NCH3 - Beige Novillo Leather,,WBSKG9C57BE645596,,E645596,"MSRP.1,ZCP,ZCV,ZP2.3,2MK,302,494,507,6FL,655,752",,,"Dec 20, 2010",550,,,,,,,,,,
381 - Le Mans Blue Metallic,,NCSW - Black Novillo Leather,,WBSKG9C59BE645597,,E645597,"MSRP.1,ZCW,ZP2.1,ZTP,302,6FL",,,"Dec 20, 2010",550,,,,,,,,,,
A75 - Melbourne Red Metallic,,NCH5 - Fox Red/Black Novillo Leather,,WBSKG9C50BE645598,,E645598,"MSRP.1,ZCP,ZCW,ZCV,ZP2.3,2MK,302,415,507,5AC,6FL,655,752",,,"Dec 20, 2010",550,,,,,,,,,,
668 - Jet Black,,NDSW - Black Extended Novillo Leather,,WBSKG9C52BE645599,,E645599,"MSRP.1,ZCP,ZCV,ZP2.3,2MK,302,415,494,507,6FL,6NF,655,752",,,"Dec 20, 2010",1100,,,,,,,,,,
A29 - Silverstone Metallic II,,NCH4 - Palladium/Black Novillo Leather,,WBSKG9C55BE645600,,E645600,"MSRP.1,ZCP,ZCV,ZP2.3,2MK,302,494,507,5AC,6FL,655,752",,,"Dec 21, 2010",550,,,,,,,,,,
668 - Jet Black,,NCSW - Black Novillo Leather,,WBSKG9C57BE645601,,E645601,"MSRP.1,ZCP,ZCV,ZP2.3,2MK,302,403,415,494,507,6FL,6NF,655,752",,,"Dec 21, 2010",,,,,,,,,,,
668 - Jet Black,,NCSW - Black Novillo Leather,,WBSKG9C59BE645602,,E645602,"MSRP.1,ZCP,ZCW,ZCV,ZP2.1,2MK,302,403,507,6FL,655,752",,,"Dec 21, 2010",,,,,,,,,,,
A29 - Silverstone Metallic II,,NCSW - Black Novillo Leather,,WBSKG9C50BE645603,,E645603,"MSRP.1,ZCV,ZP2.3,2MK,2MT.1,302,494,507,6FL,655,752",,,"Dec 21, 2010",550,,,,,,,,,,
668 - Jet Black,,NCSW - Black Novillo Leather,,WBSKG9C52BE645604,,E645604,"MSRP.1,ZCP,ZCV,ZP2.3,2MK,302,494,507,6FL,752",,,"Dec 21, 2010",,,,,,,,,,,
668 - Jet Black,,NCH5 - Fox Red/Black Novillo Leather,,WBSKG9C54BE645605,,E645605,"MSRP.1,ZCW,ZCV,ZP2.3,2MK,2MT.1,302,507,6FL,6NF,655,752",,,"Dec 21, 2010",,,,,,,,,,,
A73 - Jerez Black Metallic,,NCSW - Black Novillo Leather,,WBSKG9C56BE645606,,E645606,"MSRP.1,ZCV,ZP2.3,2MK,2MT.1,302,494,507,6FL,655,752",,,"Dec 21, 2010",550,,,,,,,,,,
668 - Jet Black,,NCH5 - Fox Red/Black Novillo Leather,,WBSKG9C58BE645607,,E645607,"MSRP.1,ZCP,ZCW,ZCV,ZP2.3,2MK,302,403,507,6FL,655,752",,,"Dec 21, 2010",,,,,,,,,,,
A29 - Silverstone Metallic II,,NCH1 - Silver Novillo Leather,,WBSKG9C5XBE645608,,E645608,"MSRP.1,ZCW,ZP2.3,ZTP,2MK,2MT.1,302,415,507,6FL,655,752",,,"Dec 21, 2010",550,,,,,,,,,,
A73 - Jerez Black Metallic,,NCH1 - Silver Novillo Leather,,WBSKG9C51BE645609,,E645609,"MSRP.1,ZCP,ZCV,ZP2.3,2MK,302,507,6FL,6NF,655",,,"Dec 21, 2010",550,,,,,,,,,,
A73 - Jerez Black Metallic,,NCH1 - Silver Novillo Leather,,WBSKG9C58BE645610,,E645610,"MSRP.1,ZCP,ZCV,2MK,302,4MY,507,6FL,655,752",,,"Dec 21, 2010",550/950,,,,,,,,,,
A73 - Jerez Black Metallic,,NCSW - Black Novillo Leather,,WBSKG9C5XBE645611,,E645611,"MSRP.1,ZCW,ZCV,ZP2.3,2MK,302,507,6FL,655,752",,,"Dec 21, 2010",550,,,,,,,,,,
A75 - Melbourne Red Metallic,,NDSW - Black Extended Novillo Leather,,WBSKG9C51BE645612,,E645612,"MSRP.1,ZCP,ZCV,ZP2.3,2MK,302,507,6FL,655,752",,,"Jan 7, 2011",550/1100,,,,,,,,,,
668 - Jet Black,,NCSW - Black Novillo Leather,,WBSKG9C53BE645613,,E645613,"MSRP.1,ZCP,ZCV,ZP2.3,2MK,302,507,6FL,655,752",,,"Jan 10, 2011",,,,,,,,,,,
668 - Jet Black,,NCSW - Black Novillo Leather,,WBSKG9C55BE645614,,E645614,"MSRP.1,ZCP,ZCV,ZP2.3,2MK,302,507,6FL,655,752",,,"Jan 10, 2011",,,,,,,,,,,
668 - Jet Black,,NCSW - Black Novillo Leather,,WBSKG9C57BE645615,,E645615,"MSRP.1,ZCP,ZCV,ZP2.3,2MK,302,494,507,6FL,6NF,655,752",,,"Jan 10, 2011",,,,,,,,,,,
668 - Jet Black,,NCH3 - Beige Novillo Leather,,WBSKG9C59BE645616,,E645616,"MSRP.1,ZCP,ZCV,302,494,4MZ,507,6FL,863",,,"Jan 10, 2011",950,,,,,,,,,,
A75 - Melbourne Red Metallic,,NCSW - Black Novillo Leather,,WBSKG9C50BE645617,,E645617,"MSRP.1,ZCP,ZCW,ZCV,ZP2.3,2MK,302,507,5AC,6FL,655,752",,,"Jan 10, 2011",550,,,,,,,,,,
300 - Alpine White,,NCSW - Black Novillo Leather,,WBSKG9C52BE645618,,E645618,"MSRP.1,ZCP,ZCV,ZP2.3,2MK,302,494,507,6FL,655,752",,,"Jan 11, 2011",,,,,,,,,,,
300 - Alpine White,,NCSW - Black Novillo Leather,,WBSKG9C54BE645619,,E645619,"MSRP.1,ZCV,ZP2.3,2MK,302,494,507,6FL,863",,,"Jan 11, 2011",,,,,,,,,,,
300 - Alpine White,,NCH2 - Fox Red Novillo Leather,,WBSKG9C50BE645620,,E645620,"MSRP.1,ZCP,ZCV,ZP2.3,2MK,302,494,507,6FL,655",,,"Jan 12, 2011",,,,,,,,,,,
A52 - Space Gray Metallic,,NCSW - Black Novillo Leather,,WBSKG9C52BE645621,,E645621,"MSRP.1,ZCP,ZCV,ZP2.3,2MK,302,403,494,507,6FL,6NF,655,752",,,"Jan 12, 2011",550,,,,,,,,,,
300 - Alpine White,,NCSW - Black Novillo Leather,,WBSKG9C54BE645622,,E645622,"MSRP.1,ZCP,ZCV,ZP2.3,302,494,507,6FL,752",,,"Jan 12, 2011",,,,,,,,,,,
A73 - Jerez Black Metallic,,NCH3 - Beige Novillo Leather,,WBSKG9C56BE645623,,E645623,"MSRP.1,ZCV,ZP2.3,2MK,2MT.1,302,494,507,6FL,655,752",,,"Jan 13, 2011",550,,,,,,,,,,
A75 - Melbourne Red Metallic,,NCH2 - Fox Red Novillo Leather,,WBSKG9C58BE645624,,E645624,"MSRP.1,ZCP,ZP2.3,302,494,609,6FL,752",,,"Jan 13, 2011",550,,,,,,,,,,
A73 - Jerez Black Metallic,,NCH5 - Fox Red/Black Novillo Leather,,WBSKG9C5XBE645625,,E645625,"MSRP.1,ZCP,ZCW,ZCV,ZP2.3,302,403,507,6FL,6NF,752",,,"Jan 13, 2011",550,,,,,,,,,,
A96 - Mineral White Met.,,NDSW - Black Extended Novillo Leather,,WBSKG9C51BE645626,,E645626,"MSRP.1,ZCP,ZCW,ZCV,ZP2.3,2MK,302,415,507,6FL,6NF,752,863",,,"Jan 13, 2011",1100,,,,,,,,,,
A29 - Silverstone Metallic II,,NCH1 - Silver Novillo Leather,,WBSKG9C53BE645627,,E645627,"MSRP.1,ZCP,ZCV,ZP2.3,302,494,507,6FL,863",,,"Jan 13, 2011",550,,,,,,,,,,
A96 - Mineral White Met.,,NCSW - Black Novillo Leather,,WBSKG9C55BE645628,,E645628,"MSRP.1,ZCP,ZCV,ZP2.3,2MK,302,507,6FL,655",,,"Jan 14, 2011",,,,,,,,,,,
A96 - Mineral White Met.,,NCSW - Black Novillo Leather,,WBSKG9C57BE645629,,E645629,"MSRP.1,ZCP,ZCV,ZP2.3,302,507,6FL",,,"Jan 14, 2011",,,,,,,,,,,
A96 - Mineral White Met.,,NCH5 - Fox Red/Black Novillo Leather,,WBSKG9C53BE645630,,E645630,"MSRP.1,ZCP,ZCV,ZP2.3,2MK,302,494,507,6FL,655",,,"Jan 15, 2011",,,,,,,,,,,
A75 - Melbourne Red Metallic,,NCSW - Black Novillo Leather,,WBSKG9C55BE645631,,E645631,"MSRP.1,ZCP,ZCV,ZP2.3,2MK,302,507,6FL,655,752",,,"Jan 15, 2011",550,,,,,,,,,,
A52 - Space Gray Metallic,,NCH5 - Fox Red/Black Novillo Leather,,WBSKG9C57BE645632,,E645632,"MSRP.1,ZP2.3,2MK,2MT.1,403,494,507,609,6FL,655,752",,,"Jan 15, 2011",550,,,,,,,,,,
A52 - Space Gray Metallic,,NCSW - Black Novillo Leather,,WBSKG9C59BE645633,,E645633,"MSRP.1,ZCP,ZCW,ZCV,ZP2.3,2MK,302,403,415,507,6FL,655,752",,,"Jan 15, 2011",550,,,,,,,,,,
668 - Jet Black,,NCSW - Black Novillo Leather,,WBSKG9C50BE645634,,E645634,"MSRP.1,ZCP,ZCV,ZP2.3,302,403,494,507,6FL,655,752",,,"Jan 15, 2011",,,,,,,,,,,
A73 - Jerez Black Metallic,,NCSW - Black Novillo Leather,,WBSKG9C52BE645635,,E645635,"MSRP.1,ZCV,ZP2.3,2MK,2MT.1,302,494,507,6FL,655,752",,,"Jan 15, 2011",550,,,,,,,,,,
668 - Jet Black,,NCH5 - Fox Red/Black Novillo Leather,,WBSKG9C54BE645636,,E645636,"MSRP.1,ZCP,ZCV,ZP2.3,302,507,6FL,6NF,655,752",,,"Jan 15, 2011",,,,,,,,,,,
A96 - Mineral White Met.,,NDSW - Black Extended Novillo Leather,,WBSKG9C56BE645637,,E645637,"MSRP.1,ZCP,ZCV,ZP2.3,2MK,302,494,507,6FL,752",,,"Jan 15, 2011",1100,,,,,,,,,,
668 - Jet Black,,NCH5 - Fox Red/Black Novillo Leather,,WBSKG9C58BE645638,,E645638,"MSRP.1,ZCV,ZP2.3,2MK,2MT.1,302,494,507,6FL",,,"Jan 17, 2011",,,,,,,,,,,
A73 - Jerez Black Metallic,,NCH3 - Beige Novillo Leather,,WBSKG9C5XBE645639,,E645639,"MSRP.1,ZCP,ZCV,ZP2.3,302,403,494,507,6FL,655,752",,,"Jan 17, 2011",550,,,,,,,,,,
668 - Jet Black,,NCH5 - Fox Red/Black Novillo Leather,,WBSKG9C56BE645640,,E645640,"MSRP.1,ZCP,ZCW,ZCV,ZP2.3,2MK,302,403,507,5AC,6FL,655,752",,,"Jan 17, 2011",,,,,,,,,,,
A73 - Jerez Black Metallic,,NCSW - Black Novillo Leather,,WBSKG9C58BE645641,,E645641,"MSRP.1,ZCV,ZP2.1,2MK,2MT.1,302,403,494,507,5AC,6FL,6NF,655,752",,,"Jan 17, 2011",550,,,,,,,,,,
A96 - Mineral White Met.,,NCSW - Black Novillo Leather,,WBSKG9C5XBE645642,,E645642,"MSRP.1,ZCP,ZCW,ZCV,ZP2.3,2MK,302,507,6FL,863",,,"Jan 17, 2011",,,,,,,,,,,
A73 - Jerez Black Metallic,,NCSW - Black Novillo Leather,,WBSKG9C51BE645643,,E645643,"MSRP.1,ZCP,ZCV,ZP2.3,302,507,6FL",,,"Jan 17, 2011",550,,,,,,,,,,
A73 - Jerez Black Metallic,,NCH3 - Beige Novillo Leather,,WBSKG9C53BE645644,,E645644,"MSRP.1,ZCP,ZCW,ZCV,ZP2.3,302,507,6FL,655,752",,,"Jan 18, 2011",550,,,,,,,,,,
A73 - Jerez Black Metallic,,NDSW - Black Extended Novillo Leather,,WBSKG9C55BE645645,,E645645,"MSRP.1,ZCP,ZP2.1,ZTP,2MK,302,6FL,752",,,"Jan 18, 2011",550/1100,,,,,,,,,,
A73 - Jerez Black Metallic,,NCSW - Black Novillo Leather,,WBSKG9C57BE645646,,E645646,"MSRP.1,ZCW,ZCV,ZP2.3,2MK,302,507,6FL,655,752",,,"Jan 18, 2011",550,,,,,,,,,,
A73 - Jerez Black Metallic,,NCSW - Black Novillo Leather,,WBSKG9C59BE645647,,E645647,"MSRP.1,ZCW,ZCV,ZP2.3,2MK,2MT.1,302,507,6FL,6NF,655,752",,,"Jan 18, 2011",550,,,,,,,,,,
A73 - Jerez Black Metallic,,NCSW - Black Novillo Leather,,WBSKG9C50BE645648,,E645648,"MSRP.1,ZCW,ZCV,ZP2.2,2MT.1,302,403,507,6FL",,,"Jan 18, 2011",550,,,,,,,,,,
U94 - Fire Orange 2,,NCSW - Black Novillo Leather,,WBSKG9C52BE645649,,E645649,"MSRP.1,ZCP,ZCV,ZP2.3,2MK,302,415,494,507,6FL,6NF,655,752",,,"Jan 20, 2011",,,,,,,,,,,
A96 - Mineral White Met.,,NCH3 - Beige Novillo Leather,,WBSKG9C59BE645650,,E645650,"MSRP.1,ZCP,ZP2.3,2MK,302,494",,,"Jan 18, 2011",,,,,,,,,,,
300 - Alpine White,,NCH5 - Fox Red/Black Novillo Leather,,WBSKG9C50BE645651,,E645651,"MSRP.1,ZCP,ZCW,ZP2.2,609,6FL,655",,,"Jan 19, 2011",,,,,,,,,,,
300 - Alpine White,,NCSW - Black Novillo Leather,,WBSKG9C52BE645652,,E645652,"MSRP.1,ZCP,ZCW,ZCV,ZP2.3,2MK,302,507,6FL,655,752",,,"Jan 19, 2011",,,,,,,,,,,
A52 - Space Gray Metallic,,NCSW - Black Novillo Leather,,WBSKG9C54BE645653,,E645653,"MSRP.1,ZCP,ZCV,ZP2.3,302,494,507,5AC,6FL,655,752",,,"Jan 19, 2011",550,,,,,,,,,,
A52 - Space Gray Metallic,,NCH5 - Fox Red/Black Novillo Leather,,WBSKG9C56BE645654,,E645654,"MSRP.1,ZCP,ZCV,ZP2.3,2MK,302,507,5AC,6FL,6NF,655,752",,,"Jan 19, 2011",550,,,,,,,,,,
A29 - Silverstone Metallic II,,NCSW - Black Novillo Leather,,WBSKG9C58BE645655,,E645655,"MSRP.1,ZCP,ZCV,ZP2.3,302,415,494,507,6FL,752",,,"Jan 19, 2011",550,,,,,,,,,,
300 - Alpine White,,NCSW - Black Novillo Leather,,WBSKG9C5XBE645656,,E645656,"MSRP.1,ZCP,ZCW,4MY",,,"Jan 19, 2011",950,,,,,,,,,,
A52 - Space Gray Metallic,,NCH5 - Fox Red/Black Novillo Leather,,WBSKG9C51BE645657,,E645657,"MSRP.1,ZCP,ZP2.3,2MK,655",,,"Jan 19, 2011",550,,,,,,,,,,
A96 - Mineral White Met.,,NCSW - Black Novillo Leather,,WBSKG9C53BE645658,,E645658,"MSRP.1,ZCV,ZP2.3,2MK,302,494,507,6FL",,,"Jan 19, 2011",,,,,,,,,,,
A96 - Mineral White Met.,,NCH2 - Fox Red Novillo Leather,,WBSKG9C55BE645659,,E645659,"MSRP.1,ZCW,ZCV,ZP2.1,2MT.1,302,507,5AC,6FL,655,752",,,"Jan 19, 2011",,,,,,,,,,,
A73 - Jerez Black Metallic,,NCH2 - Fox Red Novillo Leather,,WBSKG9C51BE645660,,E645660,"MSRP.1,ZCV,ZP2.3,2MT.1,302,403,494,507,6FL,655,752",,,"Jan 19, 2011",550,,,,,,,,,,
A73 - Jerez Black Metallic,,NCH3 - Beige Novillo Leather,,WBSKG9C53BE645661,,E645661,"MSRP.1,ZCW,ZCV,ZP2.3,302,403,507,6FL",,,"Jan 19, 2011",550,,,,,,,,,,
668 - Jet Black,,NCSW - Black Novillo Leather,,WBSKG9C55BE645662,,E645662,"MSRP.1,ZCV,ZP2.3,2MK,302,507,6FL,752",,,"Jan 19, 2011",,,,,,,,,,,
300 - Alpine White,,NCH5 - Fox Red/Black Novillo Leather,,WBSKG9C57BE645663,,E645663,"MSRP.1,ZCV,ZP2.3,2MT.1,302,403,507,6FL",,,"Jan 20, 2011",,,,,,,,,,,
A52 - Space Gray Metallic,,NCSW - Black Novillo Leather,,WBSKG9C59BE645664,,E645664,"MSRP.1,ZCW,ZCV,ZP2.1,2MK,302,403,415,507,6FL,752",,,"Jan 20, 2011",550,,,,,,,,,,
A75 - Melbourne Red Metallic,,NCSW - Black Novillo Leather,,WBSKG9C50BE645665,,E645665,"MSRP.1,ZCP,ZCV,ZP2.3,2MK,302,403,494,507,6FL,655,752",,,"Jan 20, 2011",550,,,,,,,,,,
300 - Alpine White,,NCSW - Black Novillo Leather,,WBSKG9C52BE645666,,E645666,"MSRP.1,ZCV,ZP2.3,302,415,494,507,6FL,6NF,752",,,"Jan 20, 2011",,,,,,,,,,,
668 - Jet Black,,NDSW - Black Extended Novillo Leather,,WBSKG9C54BE645667,,E645667,"MSRP.1,ZCP,ZCW,ZCV,ZP2.3,302,507,6FL,6NF,655,752",,,"Jan 20, 2011",1100,,,,,,,,,,
A52 - Space Gray Metallic,,NDSW - Black Extended Novillo Leather,,WBSKG9C56BE645668,,E645668,"MSRP.1,ZCP,ZCV,ZP2.3,302,415,507,5AC,6FL,6NF,655,752",,,"Jan 20, 2011",550/1100,,,,,,,,,,
A30 - Interlagos Blue Metallic,,NCSW - Black Novillo Leather,,WBSKG9C58BE645669,,E645669,"MSRP.1,ZCP,ZCV,ZP2.3,2MK,302,494,507,6FL,655,752",,,"Jan 20, 2011",550,,,,,,,,,,
A52 - Space Gray Metallic,,NCSW - Black Novillo Leather,,WBSKG9C54BE645670,,E645670,"MSRP.1,ZCP,ZCV,ZP2.3,2MK,302,494,507,6FL,752",,,"Jan 20, 2011",550,,,,,,,,,,
A75 - Melbourne Red Metallic,,NCSW - Black Novillo Leather,,WBSKG9C56BE645671,,E645671,"MSRP.1,ZCP,ZCW,ZCV,ZP2.3,2MK,302,507,6FL,655,752",,,"Jan 21, 2011",550,,,,,,,,,,
300 - Alpine White,,NCH5 - Fox Red/Black Novillo Leather,,WBSKG9C58BE645672,,E645672,"MSRP.1,ZCP,ZCV,ZP2.3,2MK,302,415,494,507,6FL,6NF,655,752",,,"Jan 21, 2011",,,,,,,,,,,
B05 - Monte Carlo Blue,,NCH3 - Beige Novillo Leather,,WBSKG9C5XBE645673,,E645673,"MSRP.1,ZCP,ZCW,ZCV,2MK,302,4MY,507,6FL,752",,,"Jan 26, 2011",950,,,,,,,,,,
668 - Jet Black,,NCSW - Black Novillo Leather,,WBSKG9C51BE645674,,E645674,"MSRP.1,ZCP,ZCV,2MK,302,403,494,507,6FL,6NF,655,752",,,"Jan 31, 2011",950,,,,,,,,,,
A73 - Jerez Black Metallic,,NCH4 - Palladium/Black Novillo Leather,,WBSKG9C53BE645675,,E645675,"MSRP.1,ZCW,ZCV,ZP2.3,2MK,2MT.1,302,415,507,6FL,6NF,655,752",,,"Jan 21, 2011",550,,,,,,,,,,
300 - Alpine White,,NCH2 - Fox Red Novillo Leather,,WBSKG9C55BE645676,,E645676,"MSRP.1,ZCP,2MK,302,4MY,507,6FL,655",,,"Jan 21, 2011",950,,,,,,,,,,
A52 - Space Gray Metallic,,NCH5 - Fox Red/Black Novillo Leather,,WBSKG9C57BE645677,,E645677,"MSRP.1,ZCP,ZCW,ZCV,ZP2.3,302,415,507,6FL,6NF,655,752",,,"Jan 21, 2011",550,,,,,,,,,,
A52 - Space Gray Metallic,,GEAT - Anthracite/Black Cloth & Leather,,WBSKG9C59BE645678,,E645678,"MSRP.1,ZCP,ZCW,ZCV,2MK,302,415,507,639,6FL,655,752,771",,,"Jan 21, 2011",550,,,,,,,,,,
668 - Jet Black,,NCSW - Black Novillo Leather,,WBSKG9C50BE645679,,E645679,"MSRP.1,2MK,2MT.1,302,639,771",,,"Jan 21, 2011",950,,,,,,,,,,
A73 - Jerez Black Metallic,,NCH3 - Beige Novillo Leather,,WBSKG9C57BE645680,,E645680,"MSRP.1,ZCP,2MK,302,4MY,6FL",,,"Jan 21, 2011",550/950,,,,,,,,,,
A73 - Jerez Black Metallic,,NCSW - Black Novillo Leather,,WBSKG9C59BE645681,,E645681,"MSRP.1,ZCP,ZCW,ZCV,ZP2.3,302,507,6FL,655,752",,,"Jan 21, 2011",550,,,,,,,,,,
300 - Alpine White,,NDSW - Black Extended Novillo Leather,,WBSKG9C50BE645682,,E645682,"MSRP.1,ZCP,ZCV,ZP2.3,302,494,507,6FL,6NF,655,752",,,"Jan 21, 2011",1100,,,,,,,,,,
A73 - Jerez Black Metallic,,NCH4 - Palladium/Black Novillo Leather,,WBSKG9C52BE645683,,E645683,"MSRP.1,ZCW,ZCV,ZP2.3,2MK,302,507,6FL,655,752",,,"Jan 21, 2011",550,,,,,,,,,,
A73 - Jerez Black Metallic,,NCSW - Black Novillo Leather,,WBSKG9C54BE645684,,E645684,"MSRP.1,ZCV,ZP2.3,2MK,2MT.1,302,494,507,6FL,655,752",,,"Jan 21, 2011",550,,,,,,,,,,
A73 - Jerez Black Metallic,,NCSW - Black Novillo Leather,,WBSKG9C56BE645685,,E645685,"MSRP.1,ZCP,ZCV,ZP2.3,2MK,302,494,507,6FL,655,752",,,"Jan 21, 2011",550,,,,,,,,,,
A73 - Jerez Black Metallic,,NCH3 - Beige Novillo Leather,,WBSKG9C58BE645686,,E645686,"MSRP.1,ZCP,ZCV,ZP2.2,2MK,302,494,507,6FL,655",,,"Jan 21, 2011",550,,,,,,,,,,
300 - Alpine White,,NCSW - Black Novillo Leather,,WBSKG9C5XBE645687,,E645687,"MSRP.1,ZP2.2,2MT.1",,,"Jan 22, 2011",,,,,,,,,,,
381 - Le Mans Blue Metallic,,NCSW - Black Novillo Leather,,WBSKG9C51BE645688,,E645688,"MSRP.1,ZCP,ZCW,ZCV,ZP2.1,302,403,507,6FL,655,752",,,"Jan 22, 2011",550,,,,,,,,,,
668 - Jet Black,,NCSW - Black Novillo Leather,,WBSKG9C53BE645689,,E645689,"MSRP.1,ZCW,ZP2.3,2MT.1,609,6FL",,,"Jan 22, 2011",,,,,,,,,,,
381 - Le Mans Blue Metallic,,NCH1 - Silver Novillo Leather,,WBSKG9C5XBE645690,,E645690,"MSRP.1,ZCP,ZCW,ZCV,ZP2.3,2MK,302,403,507,6FL,655,752",,,"Jan 22, 2011",550,,,,,,,,,,
381 - Le Mans Blue Metallic,,NCSW - Black Novillo Leather,,WBSKG9C51BE645691,,E645691,"MSRP.1,ZCP,ZCV,ZP2.3,2MK,302,494,507,6FL,655,752",,,"Jan 22, 2011",550,,,,,,,,,,
A96 - Mineral White Met.,,NDSW - Black Extended Novillo Leather,,WBSKG9C53BE645692,,E645692,"MSRP.1,ZCP,ZCV,ZP2.3,2MK,302,494,507,6FL,6NF,655,752",,,"Jan 22, 2011",1100,,,,,,,,,,
668 - Jet Black,,NCH2 - Fox Red Novillo Leather,,WBSKG9C55BE645693,,E645693,"MSRP.1,ZCW,ZCV,ZP2.3,2MK,2MT.1,302,507,6FL,655,752",,,"Jan 22, 2011",,,,,,,,,,,
A96 - Unknown Paint Code,,NCH5 - Fox Red/Black Novillo Leather,,WBSKG9C57BE645694,,E645694,"MSRP.1,ZCP,ZCV,ZP2.3,2MK,302,507,6FL,655,752",,,"Jan 24, 2011",,,,,,,,,,,
668 - Jet Black,,NCSW - Black Novillo Leather,,WBSKG9C59BE645695,,E645695,"MSRP.1,ZCW,ZCV,ZP2.3,2MT.1,302,507,6FL,655,752",,,"Jan 24, 2011",,,,,,,,,,,
A52 - Space Gray Metallic,,NCSW - Black Novillo Leather,,WBSKG9C50BE645696,,E645696,"MSRP.1,ZCP,ZCV,ZP2.3,302,403,507,6FL",,,"Jan 24, 2011",550,,,,,,,,,,
668 - Jet Black,,NCSW - Black Novillo Leather,,WBSKG9C52BE645697,,E645697,"MSRP.1,ZP2.2,2MK,2MT.1,403,494,609,6FL,6NF,655,752",,,"Jan 24, 2011",,,,,,,,,,,
A96 - Mineral White Met.,,NCSW - Black Novillo Leather,,WBSKG9C54BE645698,,E645698,"MSRP.1,ZCP,ZP2.3,2MK,494,609,6FL,655",,,"Jan 24, 2011",,,,,,,,,,,
300 - Alpine White,,NCSW - Black Novillo Leather,,WBSKG9C56BE645699,,E645699,"MSRP.1,ZCP,ZCV,ZP2.3,2MK,302,494,507,6FL,655,752",,,"Jan 24, 2011",,,,,,,,,,,
300 - Alpine White,,NCSW - Black Novillo Leather,,WBSKG9C59BE645700,,E645700,"MSRP.1,ZCP,ZCV,ZP2.3,2MK,302,494,507,6FL,655,752",,,"Jan 24, 2011",,,,,,,,,,,
300 - Alpine White,,NCH5 - Fox Red/Black Novillo Leather,,WBSKG9C50BE645701,,E645701,"MSRP.1,ZP2.3,2MK,2MT.1,494,609,6FL",,,"Jan 24, 2011",,,,,,,,,,,
300 - Alpine White,,NCSW - Black Novillo Leather,,WBSKG9C52BE645702,,E645702,"MSRP.1,ZCP,ZCV,ZP2.3,2MK,302,507,6FL,655,752",,,"Jan 24, 2011",,,,,,,,,,,
300 - Alpine White,,NCSW - Black Novillo Leather,,WBSKG9C54BE645703,,E645703,"MSRP.1,ZCW,ZCV,ZP2.1,2MK,302,507,6FL,655,752",,,"Jan 24, 2011",,,,,,,,,,,
300 - Alpine White,,NCSW - Black Novillo Leather,,WBSKG9C56BE645704,,E645704,"MSRP.1,ZCP,ZCW,ZCV,ZP2.3,302,507,6FL,655,752",,,"Jan 24, 2011",,,,,,,,,,,
A52 - Space Gray Metallic,,NCSW - Black Novillo Leather,,WBSKG9C58BE645705,,E645705,"MSRP.1,ZCP,ZCW,ZCV,ZP2.2,2MK,302,507,6FL,6NF,655,752",,,"Jan 24, 2011",550,,,,,,,,,,
A52 - Space Gray Metallic,,NCSW - Black Novillo Leather,,WBSKG9C5XBE645706,,E645706,"MSRP.1,ZCV,ZP2.3,2MK,2MT.1,302,507,6FL,655,752",,,"Jan 24, 2011",550,,,,,,,,,,
A52 - Space Gray Metallic,,NCH5 - Fox Red/Black Novillo Leather,,WBSKG9C51BE645707,,E645707,"MSRP.1,ZCP,ZCV,ZP2.3,2MK,302,494,507,6FL,655,752",,,"Jan 24, 2011",550,,,,,,,,,,
A52 - Space Gray Metallic,,NDH1 - Silver Novillo Extended Leather,,WBSKG9C53BE645708,,E645708,"MSRP.1,ZCP,ZCW,ZCV,ZP2.3,2MK,302,507,6FL,6NF,655,752",,,"Jan 24, 2011",550/1100,,,,,,,,,,
A96 - Mineral White Met.,,NCSW - Black Novillo Leather,,WBSKG9C55BE645709,,E645709,"MSRP.1,ZCP,ZCW,ZCV,ZP2.3,2MK,302,403,507,6FL,655,752",,,"Jan 24, 2011",,,,,,,,,,,
668 - Jet Black,,NCSW - Black Novillo Leather,,WBSKG9C51BE645710,,E645710,"MSRP.1,ZCV,ZP2.3,2MK,2MT.1,302,403,507,6FL,655,752",,,"Jan 24, 2011",,,,,,,,,,,
A96 - Mineral White Met.,,NCH2 - Fox Red Novillo Leather,,WBSKG9C53BE645711,,E645711,"MSRP.1,ZCP,ZCV,ZP2.3,2MK,302,494,507,6FL,655,752",,,"Jan 24, 2011",,,,,,,,,,,
300 - Alpine White,,NCSW - Black Novillo Leather,,WBSKG9C55BE645712,,E645712,"MSRP.1,ZCV,ZP2.2,2MK,2MT.1,302,403,494,507,6FL,655,752",,,"Jan 24, 2011",,,,,,,,,,,
A96 - Mineral White Met.,,NCSW - Black Novillo Leather,,WBSKG9C57BE645713,,E645713,"MSRP.1,ZCP,ZCV,ZP2.3,2MK,302,507,6FL,655,752",,,"Jan 24, 2011",,,,,,,,,,,
300 - Alpine White,,NCH2 - Fox Red Novillo Leather,,WBSKG9C59BE645714,,E645714,"MSRP.1,ZCV,ZP2.1,2MT.1,302,403,507,6FL,655",,,"Jan 24, 2011",,,,,,,,,,,
A96 - Mineral White Met.,,NCSW - Black Novillo Leather,,WBSKG9C50BE645715,,E645715,"MSRP.1,ZCP,ZCW,ZCV,ZP2.3,2MK,302,507,6FL,655,752",,,"Jan 24, 2011",,,,,,,,,,,
A96 - Mineral White Met.,,NCSW - Black Novillo Leather,,WBSKG9C52BE645716,,E645716,"MSRP.1,ZCV,ZP2.3,2MK,2MT.1,302,494,507,6FL",,,"Jan 24, 2011",,,,,,,,,,,
668 - Jet Black,,NCSW - Black Novillo Leather,,WBSKG9C54BE645717,,E645717,"MSRP.1,ZCP,ZCV,ZP2.3,2MK,302,415,507,6FL,6NF,655,752",,,"Jan 24, 2011",,,,,,,,,,,
300 - Alpine White,,NCSW - Black Novillo Leather,,WBSKG9C56BE645718,,E645718,"MSRP.1,ZCW,ZCV,ZP2.3,2MK,2MT.1,302,507,5AC,6FL,655,752",,,"Jan 24, 2011",,,,,,,,,,,
668 - Jet Black,,NCH5 - Fox Red/Black Novillo Leather,,WBSKG9C58BE645719,,E645719,"MSRP.1,ZCP,ZCV,2MK,302,415,494,4MY,507,5AC,6FL,6NF,6NR,752",,,"Jan 25, 2011",950,,,,,,,,,,
300 - Alpine White,,NDH2 - Fox Red Extended Leather,,WBSKG9C54BE645720,,E645720,"MSRP.1,ZCP,ZCV,ZP2.3,2MK,302,507,6FL,6NF,655,752",,,"Jan 25, 2011",1100,,,,,,,,,,
300 - Alpine White,,NCSW - Black Novillo Leather,,WBSKG9C56BE645721,,E645721,"MSRP.1,ZCV,ZP2.3,2MK,2MT.1,302,494,507,6FL,655,752",,,"Jan 25, 2011",,,,,,,,,,,
300 - Alpine White,,NCSW - Black Novillo Leather,,WBSKG9C58BE645722,,E645722,"MSRP.1,ZCP,ZCV,ZP2.3,2MK,302,494,507,6FL,655,752",,,"Jan 25, 2011",,,,,,,,,,,
300 - Alpine White,,NCSW - Black Novillo Leather,,WBSKG9C5XBE645723,,E645723,"MSRP.1,ZCP,ZCV,ZP2.2,2MK,302,494,507,6FL,655,752",,,"Jan 25, 2011",,,,,,,,,,,
300 - Alpine White,,NCH2 - Fox Red Novillo Leather,,WBSKG9C51BE645724,,E645724,"MSRP.1,ZCP,ZCV,ZP2.3,302,494,507,6FL,6NF,655,752",,,"Jan 25, 2011",,,,,,,,,,,
300 - Alpine White,,NCH5 - Fox Red/Black Novillo Leather,,WBSKG9C53BE645725,,E645725,"MSRP.1,ZCP,ZCW,ZTP,2MK,302,415,4MY,507",,,"Jan 25, 2011",950,,,,,,,,,,
A52 - Space Gray Metallic,,NCSW - Black Novillo Leather,,WBSKG9C55BE645726,,E645726,"MSRP.1,ZCP,ZCV,ZP2.3,2MK,302,494,507,6FL,655,752",,,"Jan 25, 2011",550,,,,,,,,,,
300 - Alpine White,,NCH2 - Fox Red Novillo Leather,,WBSKG9C57BE645727,,E645727,"MSRP.1,ZCP,ZCV,ZP2.3,2MK,302,415,494,507,6FL,6NF,655,752",,,"Jan 25, 2011",,,,,,,,,,,
A52 - Space Gray Metallic,,NDSW - Black Extended Novillo Leather,,WBSKG9C59BE645728,,E645728,"MSRP.1,ZCP,ZCW,ZCV,ZP2.1,2MK,302,415,507,6FL,6NF,655,752",,,"Jan 25, 2011",550/1100,,,,,,,,,,
A52 - Space Gray Metallic,,NCSW - Black Novillo Leather,,WBSKG9C50BE645729,,E645729,"MSRP.1,ZCP,ZCV,ZP2.3,2MK,302,494,507,6FL,655,752",,,"Jan 25, 2011",550,,,,,,,,,,
A52 - Space Gray Metallic,,NCH4 - Palladium/Black Novillo Leather,,WBSKG9C57BE645730,,E645730,"MSRP.1,ZCP,ZCW,ZCV,ZP2.3,2MK,302,507,5AC,6FL,752",,,"Jan 25, 2011",550,,,,,,,,,,
A52 - Space Gray Metallic,,NCH5 - Fox Red/Black Novillo Leather,,WBSKG9C59BE645731,,E645731,"MSRP.1,ZCP,ZCV,ZP2.3,2MK,302,494,507,6FL,655,752",,,"Jan 25, 2011",550,,,,,,,,,,
A73 - Jerez Black Metallic,,NCSW - Black Novillo Leather,,WBSKG9C50BE645732,,E645732,"MSRP.1,ZCW,ZCV,ZP2.3,2MT.1,302,403,507,6FL,655,752",,,"Feb 14, 2011",550,,,,,,,,,,
A73 - Jerez Black Metallic,,NCH3 - Beige Novillo Leather,,WBSKG9C52BE645733,,E645733,"MSRP.1,ZCW,ZCV,ZP2.3,2MK,2MT.1,302,403,507,6FL,655,752",,,"Jan 25, 2011",550,,,,,,,,,,
A73 - Jerez Black Metallic,,NCSW - Black Novillo Leather,,WBSKG9C54BE645734,,E645734,"MSRP.1,ZCW,ZCV,ZP2.3,2MK,2MT.1,302,403,507,6FL,752",,,"Jan 25, 2011",550,,,,,,,,,,
A96 - Mineral White Met.,,NDSW - Black Extended Novillo Leather,,WBSKG9C56BE645735,,E645735,"MSRP.1,ZCP,ZCV,ZP2.3,302,415,494,507,6FL,655,752",,,"Jan 25, 2011",1100,,,,,,,,,,
A96 - Mineral White Met.,,NCH5 - Fox Red/Black Novillo Leather,,WBSKG9C58BE645736,,E645736,"MSRP.1,ZCW,ZCV,ZP2.3,2MK,2MT.1,302,507,6FL,6NF,655,752",,,"Jan 25, 2011",,,,,,,,,,,
300 - Alpine White,,NCSW - Black Novillo Leather,,WBSKG9C5XBE645737,,E645737,"MSRP.1,ZCP,ZCV,ZP2.3,2MK,302,507,6FL,655,752",,,"Jan 25, 2011",,,,,,,,,,,
300 - Alpine White,,NCSW - Black Novillo Leather,,WBSKG9C51BE645738,,E645738,"MSRP.1,ZCP,ZCV,ZP2.3,2MK,302,494,507,6FL,655,752",,,"Jan 26, 2011",,,,,,,,,,,
A73 - Jerez Black Metallic,,NCSW - Black Novillo Leather,,WBSKG9C53BE645739,,E645739,"MSRP.1,ZCP,ZCV,ZP2.3,2MK,302,403,494,507,6FL,655,752",,,"Jan 26, 2011",550,,,,,,,,,,
A73 - Jerez Black Metallic,,NCH3 - Beige Novillo Leather,,WBSKG9C5XBE645740,,E645740,"MSRP.1,ZCP,ZCV,ZP2.3,2MK,302,403,494,507,6FL,655,752",,,"Jan 26, 2011",550,,,,,,,,,,
A73 - Jerez Black Metallic,,NDSW - Black Extended Novillo Leather,,WBSKG9C51BE645741,,E645741,"MSRP.1,ZCP,ZCW,ZCV,ZP2.3,2MK,302,403,507,6FL,6NF,655,752",,,"Jan 26, 2011",550/1100,,,,,,,,,,
A73 - Jerez Black Metallic,,NCH4 - Palladium/Black Novillo Leather,,WBSKG9C53BE645742,,E645742,"MSRP.1,ZCW,ZCV,2MK,2MT.1,302,4MY,507,6FL",,,"Jan 26, 2011",550/950,,,,,,,,,,
A73 - Jerez Black Metallic,,NCH5 - Fox Red/Black Novillo Leather,,WBSKG9C55BE645743,,E645743,"MSRP.1,ZCV,ZP2.3,2MK,2MT.1,302,494,507,6FL",,,"Jan 26, 2011",550,,,,,,,,,,
300 - Alpine White,,NCH3 - Beige Novillo Leather,,WBSKG9C57BE645744,,E645744,"MSRP.1,ZCP,ZCV,ZP2.3,2MK,302,494,507,6FL,752",,,"Jan 26, 2011",,,,,,,,,,,
A73 - Jerez Black Met.,,NCSW - Black Novillo Leather,,WBSKG9C59BE645745,,E645745,"MSRP.1,ZCP,2MK,302,494,4MY,609,6FL,655",,,"Jan 26, 2011",950,,,,,,,,,,
300 - Alpine White,,NCSW - Black Novillo Leather,,WBSKG9C50BE645746,,E645746,"MSRP.1,ZCP,ZCW,ZCV,ZP2.3,2MK,302,507,6FL,655,752",,,"Jan 26, 2011",,,,,,,,,,,
A73 - Jerez Black Metallic,,NCSW - Black Novillo Leather,,WBSKG9C52BE645747,,E645747,"MSRP.1,ZCP,ZCV,ZP2.3,302,494,507,6FL,6NF,655,752",,,"Jan 26, 2011",550,,,,,,,,,,
668 - Jet Black,,NCSW - Black Novillo Leather,,WBSKG9C54BE645748,,E645748,"MSRP.1,ZCP,ZCV,ZP2.3,2MK,302,494,507,6FL,655,752",,,"Jan 26, 2011",,,,,,,,,,,
300 - Alpine White,,NCH4 - Palladium/Black Novillo Leather,,WBSKG9C56BE645749,,E645749,"MSRP.1,ZCW,ZCV,2MK,2MT.1,302,4MY,507,6FL,655,752",,,"Jan 26, 2011",950,,,,,,,,,,
300 - Alpine White,,NCSW - Black Novillo Leather,,WBSKG9C52BE645750,,E645750,"MSRP.1,ZCV,ZP2.3,2MK,2MT.1,302,507,6FL,752",,,"Jan 26, 2011",,,,,,,,,,,
668 - Jet Black,,NCH4 - Palladium/Black Novillo Leather,,WBSKG9C54BE645751,,E645751,"MSRP.1,ZCP,ZCV,ZP2.3,2MK,302,494,507,6FL,6NF,655,752",,,"Jan 26, 2011",,,,,,,,,,,
668 - Jet Black,,NCSW - Black Novillo Leather,,WBSKG9C56BE645752,,E645752,"MSRP.1,ZCP,ZCV,ZP2.3,2MK,302,494,507,6FL,655",,,"Jan 26, 2011",,,,,,,,,,,
668 - Jet Black,,NCSW - Black Novillo Leather,,WBSKG9C58BE645753,,E645753,"MSRP.1,ZCP,ZP2.3,302,609,6FL",,,"Jan 26, 2011",,,,,,,,,,,
668 - Jet Black,,NCSW - Black Novillo Leather,,WBSKG9C5XBE645754,,E645754,"MSRP.1,ZCP,ZCW,ZCV,ZP2.2,2MK,302,403,415,507,6FL,655,752",,,"Jan 26, 2011",,,,,,,,,,,
668 - Jet Black,,NCSW - Black Novillo Leather,,WBSKG9C51BE645755,,E645755,"MSRP.1,ZCP,ZCV,ZP2.3,2MK,302,494,507,6FL,655,752",,,"Jan 26, 2011",,,,,,,,,,,
300 - Alpine White,,NCSW - Black Novillo Leather,,WBSKG9C53BE645756,,E645756,"MSRP.1,ZCV,ZP2.3,2MK,2MT.1,302,507,6FL,752",,,"Jan 26, 2011",,,,,,,,,,,
300 - Alpine White,,NCSW - Black Novillo Leather,,WBSKG9C55BE645757,,E645757,"MSRP.1,ZCP,ZCV,ZP2.3,2MK,302,415,494,507,6FL,6NF,655,752",,,"Jan 27, 2011",,,,,,,,,,,
A96 - Mineral White Met.,,NCH2 - Fox Red Novillo Leather,,WBSKG9C57BE645758,,E645758,"MSRP.1,ZCP,ZCV,ZP2.3,2MK,302,403,494,507,6FL,655,752",,,"Jan 27, 2011",,,,,,,,,,,
300 - Alpine White,,NCSW - Black Novillo Leather,,WBSKG9C59BE645759,,E645759,"MSRP.1,ZCP,ZCV,ZP2.3,2MK,302,494,507,6FL,655,752",,,"Jan 27, 2011",,,,,,,,,,,
A96 - Unknown Paint Code,,NCSW - Black Novillo Leather,,WBSKG9C55BE645760,,E645760,"MSRP.1,ZCP,ZCV,ZP2.3,2MK,302,403,494,507,6FL,655,752",,,"Jan 27, 2011",,,,,,,,,,,
668 - Jet Black,,NCSW - Black Novillo Leather,,WBSKG9C57BE645761,,E645761,"MSRP.1,ZCP,ZCV,ZP2.3,2MK,302,507,6FL,655,752",,,"Jan 27, 2011",,,,,,,,,,,
668 - Jet Black,,NCSW - Black Novillo Leather,,WBSKG9C59BE645762,,E645762,"MSRP.1,ZCP,ZCV,ZP2.3,2MK,302,494,507,6FL,655,752",,,"Jan 27, 2011",,,,,,,,,,,
A96 - Mineral White Met.,,NCH4 - Palladium/Black Novillo Leather,,WBSKG9C50BE645763,,E645763,"MSRP.1,ZCP,ZCV,ZP2.1,2MK,302,403,494,507,6FL,6NF,655,752",,,"Jan 27, 2011",,,,,,,,,,,
300 - Alpine White,,NCSW - Black Novillo Leather,,WBSKG9C52BE645764,,E645764,"MSRP.1,ZCP,ZCV,ZP2.3,2MK,302,494,507,6FL,655,752",,,"Jan 27, 2011",,,,,,,,,,,
300 - Alpine White,,NCSW - Black Novillo Leather,,WBSKG9C54BE645765,,E645765,"MSRP.1,ZCP,ZCV,ZP2.1,2MK,302,415,507,6FL,6NF,655,752",,,"Jan 27, 2011",,,,,,,,,,,
300 - Alpine White,,NCSW - Black Novillo Leather,,WBSKG9C56BE645766,,E645766,"MSRP.1,ZCP,ZCV,ZP2.3,2MK,302,507,6FL,655,752",,,"Jan 27, 2011",,,,,,,,,,,
300 - Alpine White,,NDH2 - Fox Red Extended Leather,,WBSKG9C58BE645767,,E645767,"MSRP.1,ZCP,ZCW,ZCV,ZP2.3,2MK,302,415,507,5AC,6FL,655,752",,,"Jan 27, 2011",1100,,,,,,,,,,
300 - Alpine White,,NCH5 - Fox Red/Black Novillo Leather,,WBSKG9C5XBE645768,,E645768,"MSRP.1,ZCP,ZCV,ZP2.3,2MK,302,494,507,6FL,6NF,655,752",,,"Jan 27, 2011",,,,,,,,,,,
300 - Alpine White,,NCH5 - Fox Red/Black Novillo Leather,,WBSKG9C51BE645769,,E645769,"MSRP.1,ZCV,ZP2.3,2MK,2MT.1,302,494,507,6FL",,,"Jan 27, 2011",,,,,,,,,,,
300 - Alpine White,,NCSW - Black Novillo Leather,,WBSKG9C58BE645770,,E645770,"MSRP.1,ZCP,ZCV,ZP2.3,2MK,302,494,507,6FL,655,752",,,"Jan 27, 2011",,,,,,,,,,,
300 - Alpine White,,NCSW - Black Novillo Leather,,WBSKG9C5XBE645771,,E645771,"MSRP.1,ZCP,ZCV,ZP2.3,2MK,302,494,507,6FL,655,752",,,"Jan 27, 2011",,,,,,,,,,,
A52 - Space Gray Metallic,,NCSW - Black Novillo Leather,,WBSKG9C51BE645772,,E645772,"MSRP.1,ZCP,ZCV,ZP2.3,2MK,302,494,507,6FL,752",,,"Jan 27, 2011",550,,,,,,,,,,
A52 - Space Gray Metallic,,NCSW - Black Novillo Leather,,WBSKG9C53BE645773,,E645773,"MSRP.1,ZCP,ZCV,ZP2.1,2MK,302,494,507,6FL,752",,,"Jan 27, 2011",550,,,,,,,,,,
A52 - Space Gray Metallic,,NCSW - Black Novillo Leather,,WBSKG9C55BE645774,,E645774,"MSRP.1,ZCP,ZCV,ZP2.3,2MK,302,494,507,6FL,655,752",,,"Jan 27, 2011",550,,,,,,,,,,
A29 - Silverstone Metallic II,,NCSW - Black Novillo Leather,,WBSKG9C57BE645775,,E645775,"MSRP.1,ZCP,4MY,655",,,"Jan 27, 2011",550/950,,,,,,,,,,
A29 - Silverstone Metallic II,,NCSW - Black Novillo Leather,,WBSKG9C59BE645776,,E645776,"MSRP.1,ZCP,ZCV,ZP2.3,2MK,302,403,494,507,6FL,655,752",,,"Jan 27, 2011",550,,,,,,,,,,
A29 - Silverstone Metallic II,,NCH4 - Palladium/Black Novillo Leather,,WBSKG9C50BE645777,,E645777,"MSRP.1,ZCP,ZCV,ZP2.3,2MK,302,507,6FL,6NF,655,752",,,"Jan 27, 2011",550,,,,,,,,,,
A29 - Silverstone Metallic II,,NCH4 - Palladium/Black Novillo Leather,,WBSKG9C52BE645778,,E645778,"MSRP.1,ZCP,ZCV,ZP2.3,2MK,302,403,494,507,6FL,655,752",,,"Jan 27, 2011",550,,,,,,,,,,
A29 - Silverstone Metallic II,,NCSW - Black Novillo Leather,,WBSKG9C54BE645779,,E645779,"MSRP.1,ZCP,ZCV,ZP2.3,2MK,302,494,507,6FL,655,752",,,"Jan 28, 2011",550,,,,,,,,,,
A29 - Silverstone Metallic II,,NCH1 - Silver Novillo Leather,,WBSKG9C50BE645780,,E645780,"MSRP.1,ZCP,ZCV,302,494,507,639,6FL,655,771",,,"Jan 28, 2011",550/950,,,,,,,,,,
A29 - Silverstone Metallic II,,NCH4 - Palladium/Black Novillo Leather,,WBSKG9C52BE645781,,E645781,"MSRP.1,ZCP,ZCV,ZP2.1,2MK,302,403,415,494,507,6FL,6NF,655,752",,,"Jan 28, 2011",550,,,,,,,,,,
A29 - Silverstone Metallic II,,NDSW - Black Extended Novillo Leather,,WBSKG9C54BE645782,,E645782,"MSRP.1,ZCP,ZCV,ZP2.3,2MK,302,403,494,507,5AC,6FL,655,752",,,"Jan 28, 2011",550/1100,,,,,,,,,,
300 - Alpine White,,NCH2 - Fox Red Novillo Leather,,WBSKG9C56BE645783,,E645783,"MSRP.1,ZCP,ZCV,ZP2.3,302,494,507,6FL,655,752",,,"Jan 28, 2011",,,,,,,,,,,
A73 - Jerez Black Metallic,,NCSW - Black Novillo Leather,,WBSKG9C58BE645784,,E645784,"MSRP.1,ZCW,ZCV,ZP2.3,2MK,2MT.1,302,403,507,6FL,655,752",,,"Jan 28, 2011",550,,,,,,,,,,
300 - Alpine White,,NDH2 - Fox Red Extended Leather,,WBSKG9C5XBE645785,,E645785,"MSRP.1,ZCP,ZCW,ZCV,ZP2.3,2MK,302,415,507,6FL,655,752",,,"Jan 28, 2011",1100,,,,,,,,,,
300 - Alpine White,,NCSW - Black Novillo Leather,,WBSKG9C51BE645786,,E645786,"MSRP.1,ZCP,ZCV,ZP2.3,2MK,302,494,507,6FL,655,752",,,"Jan 28, 2011",,,,,,,,,,,
A30 - Interlagos Blue Metallic,,NCH3 - Beige Novillo Leather,,WBSKG9C53BE645787,,E645787,"MSRP.1,ZCW,ZCV,ZP2.3,2MK,302,403,415,507,6FL,655,752",,,"Jan 28, 2011",550,,,,,,,,,,
668 - Jet Black,,NCSW - Black Novillo Leather,,WBSKG9C55BE645788,,E645788,"MSRP.1,ZCV,ZP2.3,2MK,2MT.1,302,494,507,6FL,6NF,655,752",,,"Jan 28, 2011",,,,,,,,,,,
A52 - Space Gray Metallic,,NCH2 - Fox Red Novillo Leather,,WBSKG9C57BE645789,,E645789,"MSRP.1,ZCP,ZCV,ZP2.3,2MK,302,507,6FL,655,752",,,"Jan 28, 2011",550,,,,,,,,,,
A30 - Interlagos Blue Metallic,,NCH3 - Beige Novillo Leather,,WBSKG9C53BE645790,,E645790,"MSRP.1,ZP2.2,494,507,609,6FL,6NF,752",,,"Jan 28, 2011",550,,,,,,,,,,
A30 - Interlagos Blue Metallic,,NCSW - Black Novillo Leather,,WBSKG9C55BE645791,,E645791,"MSRP.1,ZCW,ZP2.3,2MK,2MT.1,609,6FL,655",,,"Jan 28, 2011",550,,,,,,,,,,
A30 - Interlagos Blue Metallic,,NCSW - Black Novillo Leather,,WBSKG9C57BE645792,,E645792,"MSRP.1,ZCV,ZP2.3,2MK,2MT.1,302,494,507,6FL",,,"Jan 28, 2011",550,,,,,,,,,,
U91 - Frozen Black ,,Z1XX - Unknown Upholstery Code,,WBSKG9C59BE645793,,E645793,"MSRP.1,ZCP,ZCW,ZP2.3,ZTP,2MK,302,415,507,6FL,655,752",,,"Jan 31, 2011",,,"BMW Sherbrooke, CAN",,,,,,,,
U91 - Frozen Black ,,Z1XX - Unknown Upholstery Code,,WBSKG9C50BE645794,,E645794,"MSRP.1,ZCP,ZCW,ZP2.3,ZTP,2MK,302,415,507,6FL,655,752",,,"Feb 1, 2011",,,"BMW Laval, CAN",,,,,,,,
U94 - Fire Orange 2,,NCSW - Black Novillo Leather,,WBSKG9C52BE645795,,E645795,"MSRP.1,ZCP,ZCW,ZP2.3,ZTP,2MK,302,415,507,6FL,655,752",,,"Feb 3, 2011",,,"Calgary BMW, CAN",,,,,,,,
U83 - Frozen Grey ,,NCSW - Black Novillo Leather,,WBSKG9C54BE645796,,E645796,"MSRP.1,ZCW,ZP2.1,ZTP,2MK,2MT.1,302,415,507,6FL,655,752",,,"Feb 4, 2011",,,CAN,,,,,,,,
"X04 - Moonstone - $5,000.00",,ZAP2 - Unknown Upholstery Code,,WBSKG9C56BE645797,,E645797,"MSRP.1,ZCW,ZP2.3,ZTP,2MK,2MT.1,302,415,507,6FL,655,752",,,"Feb 3, 2011",,,,,,,,,,,
"X04 - Moonstone - $5,000.00",,ZAP2 - Unknown Upholstery Code,,WBSKG9C58BE645798,,E645798,"MSRP.1,ZCW,ZTP,2MK,2MT.1,302,403,6FL,655,752",,,"Feb 4, 2011",,,,,,,,,,,
A96 - Mineral White Met.,,GEAT - Anthracite/Black Cloth & Leather,,WBSKG9C5XBE645799,,E645799,"MSRP.1,ZCP,494,4MY,507,6FL,655",,,"Jan 28, 2011",,,,,,,,,,,
300 - Alpine White,,NCH2 - Fox Red Novillo Leather,,WBSKG9C52BE645800,,E645800,"MSRP.1,ZCV,ZP2.3,2MT.1,302,403,494,507,6FL,752",,,"Jan 29, 2011",,,,,,,,,,,
A75 - Melbourne Red Metallic,,NDSW - Black Extended Novillo Leather,,WBSKG9C54BE645801,,E645801,"MSRP.1,ZCP,ZCV,ZP2.3,302,494,507,5AC,6FL,6NF,655,752",,,"Jan 29, 2011",550/1100,,,,,,,,,,
A75 - Melbourne Red Metallic,,NCSW - Black Novillo Leather,,WBSKG9C56BE645802,,E645802,"MSRP.1,ZCP,ZCV,ZP2.3,302,507,6FL,752",,,"Jan 29, 2011",550,,,,,,,,,,
A75 - Melbourne Red Metallic,,NCSW - Black Novillo Leather,,WBSKG9C58BE645803,,E645803,"MSRP.1,ZCW,ZCV,ZP2.3,2MK,2MT.1,302,403,507,6FL",,,"Jan 29, 2011",550,,,,,,,,,,
668 - Jet Black,,NCH4 - Palladium/Black Novillo Leather,,WBSKG9C5XBE645804,,E645804,"MSRP.1,ZCP,ZCW,ZCV,ZP2.1,302,403,507,6FL,655,752",,,"Jan 29, 2011",,,,,,,,,,,
A96 - Mineral White Met.,,NCH5 - Fox Red/Black Novillo Leather,,WBSKG9C51BE645805,,E645805,"MSRP.1,ZCP,ZCV,ZP2.3,2MK,302,494,507,6FL,752",,,"Jan 29, 2011",,,,,,,,,,,
A75 - Melbourne Red Metallic,,NCH4 - Palladium/Black Novillo Leather,,WBSKG9C53BE645806,,E645806,"MSRP.1,ZCP,ZCW,ZCV,ZP2.2,302,403,415,507,6FL,6NF,655,752",,,"Jan 29, 2011",550,,,,,,,,,,
A52 - Space Gray Metallic,,NCH5 - Fox Red/Black Novillo Leather,,WBSKG9C55BE645807,,E645807,"MSRP.1,ZCP,ZCV,ZP2.3,2MK,302,507,6FL,655,752",,,"Jan 29, 2011",550,,,,,,,,,,
A96 - Mineral White Met.,,NCH3 - Beige Novillo Leather,,WBSKG9C57BE645808,,E645808,"MSRP.1,ZCW,ZCV,ZP2.3,2MK,2MT.1,302,403,507,6FL,6NF,752",,,"Jan 29, 2011",,,,,,,,,,,
300 - Alpine White,,NCH2 - Fox Red Novillo Leather,,WBSKG9C59BE645809,,E645809,"MSRP.1,ZCP,ZCW,ZCV,ZP2.3,2MK,302,403,507,6FL,655,752",,,"Jan 29, 2011",,,,,,,,,,,
300 - Alpine White,,NCH5 - Fox Red/Black Novillo Leather,,WBSKG9C55BE645810,,E645810,"MSRP.1,ZCW,ZCV,302,403,4MY,507,6FL",,,"Jan 31, 2011",950,,,,,,,,,,
A52 - Space Gray Metallic,,NCSW - Black Novillo Leather,,WBSKG9C57BE645811,,E645811,"MSRP.1,ZCP,ZCV,ZP2.3,2MK,302,494,507,6FL,655,752",,,"Jan 31, 2011",550,,,,,,,,,,
A52 - Space Gray Metallic,,NCH5 - Fox Red/Black Novillo Leather,,WBSKG9C59BE645812,,E645812,"MSRP.1,ZCP,ZCV,ZP2.3,2MK,302,494,507,6FL,6NF,655,752",,,"Jan 31, 2011",550,,,,,,,,,,
,,NCSW - Black Novillo Leather,,WBSKG9C50BE645813,,E645813,"MSRP.1,ZCP,ZCW,ZP2.3,ZTP,2MK,302,415,507,6FL,655,752",,,"Feb 11, 2011",,,,,,,,,,,
A52 - Space Gray Metallic,,Z1XX - Unknown Upholstery Code,,WBSKG9C52BE645814,,E645814,"MSRP.1,ZCP,ZCW,ZP2.1,ZTP,2MK,302,415,507,6FL,655,752",,,"Feb 11, 2011",550,,,,,,,,,,
300 - Alpine White,,NDSW - Black Extended Novillo Leather,,WBSKG9C54BE645815,,E645815,"MSRP.1,ZCP,ZCW,ZCV,ZP2.2,2MK,302,507,6FL,655,752",,,"Feb 7, 2011",1100,,,,,,,,,,
668 - Jet Black,,GEAT - Anthracite/Black Cloth & Leather,,WBSKG9C56BE645816,,E645816,"MSRP.1,2MT.1,655,771",,,"Feb 4, 2011",,,,,,,,,,,
A52 - Space Gray Metallic,,NCH1 - Silver Novillo Leather,,WBSKG9C58BE645817,,E645817,"MSRP.1,302,4MX",,,"Feb 7, 2011",550/950,,,,,,,,,,
668 - Jet Black,,NCSW - Black Novillo Leather,,WBSKG9C5XBE645818,,E645818,"MSRP.1,ZCP,ZP2.3,6FL,655",,,"Feb 7, 2011",,,,,,,,,,,
A30 - Interlagos Blue Metallic,,NDSW - Black Extended Novillo Leather,,WBSKG9C51BE645819,,E645819,"MSRP.1,ZCP,ZCW,ZCV,ZP2.3,2MK,302,403,415,507,5AC,6FL,6NF,655,752",,,"Feb 7, 2011",550/1100,,,,,,,,,,
A30 - Interlagos Blue Metallic,,NCH1 - Silver Novillo Leather,,WBSKG9C58BE645820,,E645820,"MSRP.1,403,609,639,655,752,771",,,"Feb 7, 2011",550/950,,,,,,,,,,
A30 - Interlagos Blue Metallic,,NDH3 - Beige Novillo Extended Leather,,WBSKG9C5XBE645821,,E645821,"MSRP.1,ZCW,ZCV,ZP2.2,2MK,2MT.1,302,507,6FL,752",,,"Feb 7, 2011",550/1100,,,,,,,,,,
A96 - Mineral White Met.,,NDH2 - Fox Red Extended Leather,,WBSKG9C51BE645822,,E645822,"MSRP.1,ZCP,ZCW,ZCV,ZP2.3,2MK,302,507,6FL,6NF",,,"Feb 7, 2011",1100,,,,,,,,,,
A52 - Space Gray Metallic,,NCSW - Black Novillo Leather,,WBSKG9C53BE645823,,E645823,"MSRP.1,ZCW,ZCV,ZP2.3,302,507,6FL,752",,,"Feb 7, 2011",550,,,,,,,,,,
A96 - Mineral White Met.,,NCSW - Black Novillo Leather,,WBSKG9C55BE645824,,E645824,"MSRP.1,2MK,4MY,6FL",,,"Feb 8, 2011",950,,,,,,,,,,
668 - Jet Black,,NCSW - Black Novillo Leather,,WBSKG9C57BE645825,,E645825,"MSRP.1,ZCV,ZP2.3,2MT.1,302,507,6FL,655,752",,,"Feb 8, 2011",,,,,,,,,,,
668 - Jet Black,,NCSW - Black Novillo Leather,,WBSKG9C59BE645826,,E645826,"MSRP.1,ZCW,ZCV,ZP2.1,2MK,302,507,6FL,655",,,"Feb 8, 2011",,,,,,,,,,,
A29 - Silverstone Metallic II,,NCSW - Black Novillo Leather,,WBSKG9C50BE645827,,E645827,"MSRP.1,ZCP,ZCV,ZP2.3,2MK,302,494,507,6FL,655,752",,,"Feb 8, 2011",550,,,,,,,,,,
A52 - Space Gray Metallic,,NCSW - Black Novillo Leather,,WBSKG9C52BE645828,,E645828,"MSRP.1,ZCP,ZCV,ZP2.1,2MK,302,403,507,6FL",,,"Feb 8, 2011",550,,,,,,,,,,
A52 - Space Gray Metallic,,NCSW - Black Novillo Leather,,WBSKG9C54BE645829,,E645829,"MSRP.1,ZCP,ZCW,ZCV,ZP2.1,2MK,302,403,507,6FL,752",,,"Feb 8, 2011",550,,,,,,,,,,
A29 - Silverstone Metallic II,,NCSW - Black Novillo Leather,,WBSKG9C50BE645830,,E645830,"MSRP.1,ZCP,ZCW,ZCV,ZP2.2,302,507,6FL,655",,,"Feb 8, 2011",550,,,,,,,,,,
300 - Alpine White,,NCSW - Black Novillo Leather,,WBSKG9C52BE645831,,E645831,"MSRP.1,ZCV,ZP2.1,2MK,302,403,507,5AC,6FL,6NF,752",,,"Feb 8, 2011",,,,,,,,,,,
300 - Alpine White,,NCH5 - Fox Red/Black Novillo Leather,,WBSKG9C54BE645832,,E645832,"MSRP.1,ZCP,ZCW,ZCV,ZP2.3,2MK,302,507,6FL,655,752",,,"Feb 8, 2011",,,,,,,,,,,
300 - Alpine White,,NCH2 - Fox Red Novillo Leather,,WBSKG9C56BE645833,,E645833,"MSRP.1,ZCW,ZP2.3,ZTP,2MK,2MT.1,302,415,507,6FL,655,752",,,"Feb 8, 2011",,,,,,,,,,,
A73 - Jerez Black Metallic,,NCH2 - Fox Red Novillo Leather,,WBSKG9C58BE645834,,E645834,"MSRP.1,ZCP,ZCV,ZP2.2,302,403,415,494,507,6FL,655,752",,,"Feb 8, 2011",550,,,,,,,,,,
381 - Le Mans Blue Metallic,,NCSW - Black Novillo Leather,,WBSKG9C5XBE645835,,E645835,"MSRP.1,ZCP,ZCV,ZP2.3,302,507,6FL,752",,,"Feb 9, 2011",550,,,,,,,,,,
381 - Le Mans Blue Metallic,,NCH2 - Fox Red Novillo Leather,,WBSKG9C51BE645836,,E645836,"MSRP.1,ZCW,ZP2.3,ZTP,2MK,302,507,6FL,655",,,"Feb 9, 2011",550,,,,,,,,,,
381 - Le Mans Blue Metallic,,NCSW - Black Novillo Leather,,WBSKG9C53BE645837,,E645837,"MSRP.1,ZCW,ZCV,ZP2.3,2MK,2MT.1,302,507,6FL",,,"Feb 9, 2011",550,,,,,,,,,,
A96 - Mineral White Met.,,NCSW - Black Novillo Leather,,WBSKG9C55BE645838,,E645838,"MSRP.1,ZCP,ZCV,ZP2.3,302,507,6FL,655,752",,,"Feb 9, 2011",,,,,,,,,,,
300 - Alpine White,,NCSW - Black Novillo Leather,,WBSKG9C57BE645839,,E645839,"MSRP.1,ZCP,ZCW,ZCV,ZP2.3,302,507,6FL,655,752",,,"Feb 9, 2011",,,,,,,,,,,
A52 - Space Gray Metallic,,NCH1 - Silver Novillo Leather,,WBSKG9C53BE645840,,E645840,"MSRP.1,494,4MY,609,6FL,752",,,"Feb 9, 2011",550/950,,,,,,,,,,
A73 - Jerez Black Metallic,,NCSW - Black Novillo Leather,,WBSKG9C55BE645841,,E645841,"MSRP.1,ZCP,ZCV,ZP2.3,2MK,302,494,507,6FL,6NF,655,752",,,"Feb 9, 2011",550,,,,,,,,,,
A75 - Melbourne Red Metallic,,NDH2 - Fox Red Extended Leather,,WBSKG9C57BE645842,,E645842,"MSRP.1,ZCP,ZCW,ZCV,ZP2.3,302,403,415,507,6FL,655,752",,,"Feb 10, 2011",550/1100,,,,,,,,,,
A75 - Melbourne Red Metallic,,NCH2 - Fox Red Novillo Leather,,WBSKG9C59BE645843,,E645843,"MSRP.1,ZP2.3,2MK,302,403,494,507,609,6FL",,,"Feb 10, 2011",550,,,,,,,,,,
A96 - Mineral White Met.,,NCH2 - Fox Red Novillo Leather,,WBSKG9C50BE645844,,E645844,"MSRP.1,ZCP,ZCV,ZP2.3,2MK,302,507,6FL,655,752",,,"Feb 10, 2011",,,,,,,,,,,
A96 - Mineral White Met.,,NDH3 - Beige Novillo Extended Leather,,WBSKG9C52BE645845,,E645845,"MSRP.1,ZCP,ZCW,ZCV,ZP2.3,2MK,302,507,5AC,6FL,6NF,655,752",,,"Feb 10, 2011",1100,,,,,,,,,,
A96 - Mineral White Met.,,NCSW - Black Novillo Leather,,WBSKG9C54BE645846,,E645846,"MSRP.1,ZCP,ZCW,ZCV,ZP2.3,2MK,302,507,5AC,6FL,655,752",,,"Feb 10, 2011",,,,,,,,,,,
A75 - Melbourne Red Metallic,,NCSW - Black Novillo Leather,,WBSKG9C56BE645847,,E645847,"MSRP.1,ZCW,ZP2.3,ZTP,2MK,302,403,6FL",,,"Feb 10, 2011",550,,,,,,,,,,
A96 - Mineral White Met.,,NCH2 - Fox Red Novillo Leather,,WBSKG9C58BE645848,,E645848,"MSRP.1,ZCP,ZCW,ZP2.3,ZTP,2MK,302,415,507,6FL,655,752",,,"Feb 10, 2011",,,,,,,,,,,
A75 - Melbourne Red Metallic,,NDSW - Black Extended Novillo Leather,,WBSKG9C5XBE645849,,E645849,"MSRP.1,ZCP,ZCV,ZP2.3,2MK,302,415,494,507,6FL,6NF,655,752",,,"Feb 10, 2011",550/1100,,,,,,,,,,
A52 - Space Gray Metallic,,NCSW - Black Novillo Leather,,WBSKG9C56BE645850,,E645850,"MSRP.1,ZCP,ZCV,ZP2.3,2MK,302,494,507,6FL,655,752",,,"Feb 10, 2011",550,,,,,,,,,,
A96 - Mineral White Met.,,NDH2 - Fox Red Extended Leather,,WBSKG9C58BE645851,,E645851,"MSRP.1,ZCP,ZCW,ZCV,ZP2.3,302,403,415,507,5AC,6FL,6NF,655,752",,,"Feb 11, 2011",1100,,,,,,,,,,
300 - Alpine White,,NCSW - Black Novillo Leather,,WBSKG9C5XBE645852,,E645852,"MSRP.1,ZCP,ZCV,ZP2.3,2MK,302,494,507,6FL,655,752",,,"Feb 11, 2011",,,,,,,,,,,
A75 - Melbourne Red Metallic,,NCSW - Black Novillo Leather,,WBSKG9C51BE645853,,E645853,"MSRP.1,ZCP,ZCW,ZP2.1,ZTP,302,403,6FL",,,"Feb 11, 2011",550,,,,,,,,,,
300 - Alpine White,,GEAT - Anthracite/Black Cloth & Leather,,WBSKG9C53BE645854,,E645854,"MSRP.1,2MK,302,403,639,771",,,"Feb 11, 2011",,,,,,,,,,,
A73 - Jerez Black Metallic,,NCH5 - Fox Red/Black Novillo Leather,,WBSKG9C55BE645855,,E645855,"MSRP.1,ZP2.3,403,415,494,6FL,6NF,655",,,"Feb 11, 2011",550,,,,,,,,,,
300 - Alpine White,,NCH5 - Fox Red/Black Novillo Leather,,WBSKG9C57BE645856,,E645856,"MSRP.1,ZCP,ZCV,ZP2.3,2MK,302,507,6FL,655,752",,,"Feb 11, 2011",,,,,,,,,,,
300 - Alpine White,,NCH2 - Fox Red Novillo Leather,,WBSKG9C59BE645857,,E645857,"MSRP.1,ZCP,ZCV,ZP2.3,302,494,507,6FL,752",,,"Feb 11, 2011",,,,,,,,,,,
A52 - Space Gray Metallic,,NCSW - Black Novillo Leather,,WBSKG9C50BE645858,,E645858,"MSRP.1,2MK,771",,,"Feb 14, 2011",550/950,,,,,,,,,,
668 - Jet Black,,NCSW - Black Novillo Leather,,WBSKG9C52BE645859,,E645859,"MSRP.1,ZCP,ZCW,ZP2.2,2MK",,,"Feb 14, 2011",,,,,,,,,,,
300 - Alpine White,,NCH2 - Fox Red Novillo Leather,,WBSKG9C59BE645860,,E645860,"MSRP.1,ZCP,ZCV,ZP2.3,2MK,302,507,6FL,752",,,"Feb 14, 2011",,,,,,,,,,,
300 - Alpine White,,NCH5 - Fox Red/Black Novillo Leather,,WBSKG9C50BE645861,,E645861,"MSRP.1,ZCP,ZCV,ZP2.3,302,494,507,6FL,752",,,"Feb 14, 2011",,,,,,,,,,,
668 - Jet Black,,NCSW - Black Novillo Leather,,WBSKG9C52BE645862,,E645862,"MSRP.1,ZCP,ZCW,ZCV,ZP2.3,302,507,6FL,6NF,655,752",,,"Feb 14, 2011",,,,,,,,,,,
668 - Jet Black,,NCSW - Black Novillo Leather,,WBSKG9C54BE645863,,E645863,"MSRP.1,ZCP,ZCV,ZP2.3,2MK,302,494,507,6FL,752",,,"Feb 14, 2011",,,,,,,,,,,
668 - Jet Black,,NCSW - Black Novillo Leather,,WBSKG9C56BE645864,,E645864,"MSRP.1,ZCW,ZCV,ZP2.1,302,507,6FL,655,752",,,"Feb 14, 2011",,,,,,,,,,,
A73 - Jerez Black Metallic,,NCH5 - Fox Red/Black Novillo Leather,,WBSKG9C58BE645865,,E645865,"MSRP.1,ZCV,ZP2.3,2MK,2MT.1,302,507,5AC,6FL,752",,,"Feb 14, 2011",550,,,,,,,,,,
300 - Alpine White,,NDH2 - Fox Red Extended Leather,,WBSKG9C5XBE645866,,E645866,"MSRP.1,ZCW,ZP2.3,ZTP,2MK,2MT.1,302,415,507,6FL,655,752",,,"Feb 15, 2011",1100,,,,,,,,,,
668 - Jet Black,,NCSW - Black Novillo Leather,,WBSKG9C51BE645867,,E645867,"MSRP.1,ZP2.1,2MT.1",,,"Feb 15, 2011",,,,,,,,,,,
300 - Alpine White,,NCH1 - Silver Novillo Leather,,WBSKG9C53BE645868,,E645868,"MSRP.1,ZCP,ZP2.1,302,655",,,"Feb 15, 2011",,,,,,,,,,,
A52 - Space Gray Metallic,,NDSW - Black Extended Novillo Leather,,WBSKG9C55BE645869,,E645869,"MSRP.1,ZCV,ZP2.3,2MK,302,403,494,507,6FL,655,752",,,"Feb 15, 2011",550/1100,,,,,,,,,,
300 - Alpine White,,NCH4 - Palladium/Black Novillo Leather,,WBSKG9C51BE645870,,E645870,"MSRP.1,494,507,609,6FL,655",,,"Feb 15, 2011",950,,,,,,,,,,
668 - Jet Black,,NDSW - Black Extended Novillo Leather,,WBSKG9C53BE645871,,E645871,"MSRP.1,ZCP,ZCV,ZP2.3,2MK,302,415,494,507,6FL,6NF,655,752",,,"Feb 15, 2011",1100,,,,,,,,,,
A52 - Space Gray Metallic,,NCH2 - Fox Red Novillo Leather,,WBSKG9C55BE645872,,E645872,"MSRP.1,ZCW,ZCV,ZP2.1,2MK,2MT.1,302,403,507,6FL,752",,,"Feb 15, 2011",550,,,,,,,,,,
A96 - Mineral White Met.,,NCSW - Black Novillo Leather,,WBSKG9C57BE645873,,E645873,"MSRP.1,ZCW,ZCV,ZP2.2,2MK,2MT.1,302,403,507,6FL,752",,,"Feb 15, 2011",,,,,,,,,,,
A96 - Mineral White Met.,,GEAT - Anthracite/Black Cloth & Leather,,WBSKG9C59BE645874,,E645874,"MSRP.1,ZCP,2MK,4MY,609,6FL,655",,,"Feb 15, 2011",,,,,,,,,,,
668 - Jet Black,,NCSW - Black Novillo Leather,,WBSKG9C50BE645875,,E645875,"MSRP.1,ZCP,ZCV,ZP2.3,302,403,494,507,6FL,752",,,"Feb 15, 2011",,,,,,,,,,,
300 - Alpine White,,NCSW - Black Novillo Leather,,WBSKG9C52BE645876,,E645876,"MSRP.1,ZCP,ZCV,ZP2.3,2MK,302,403,494,507,6FL",,,"Feb 15, 2011",,,,,,,,,,,
A29 - Silverstone Metallic II,,NCH4 - Palladium/Black Novillo Leather,,WBSKG9C54BE645877,,E645877,"MSRP.1,ZCP,ZCV,ZP2.3,302,507,6FL,6NF,752",,,"Feb 15, 2011",550,,,,,,,,,,
A29 - Silverstone Metallic II,,NCH4 - Palladium/Black Novillo Leather,,WBSKG9C56BE645878,,E645878,"MSRP.1,ZCP,ZCW,ZCV,ZP2.3,2MK,302,507,6FL,6NF,655,752",,,"Feb 15, 2011",550,,,,,,,,,,
300 - Alpine White,,NCH2 - Fox Red Novillo Leather,,WBSKG9C58BE645879,,E645879,"MSRP.1,ZCP,ZCW,ZCV,ZP2.1,2MK,302,507,6FL",,,"Feb 15, 2011",,,,,,,,,,,
300 - Alpine White,,NCSW - Black Novillo Leather,,WBSKG9C54BE645880,,E645880,"MSRP.1,ZCV,302,494,507,639,6FL,771",,,"Feb 15, 2011",950,,,,,,,,,,
300 - Alpine White,,NCSW - Black Novillo Leather,,WBSKG9C56BE645881,,E645881,"MSRP.1,ZCP,ZCV,ZP2.3,2MK,302,494,507,6FL,655",,,"Feb 16, 2011",,,,,,,,,,,
300 - Alpine White,,NDSW - Black Extended Novillo Leather,,WBSKG9C58BE645882,,E645882,"MSRP.1,ZCP,ZCW,ZCV,ZP2.3,2MK,302,507,6FL,6NF,655,752",,,"Feb 16, 2011",1100,,,,,,,,,,
381 - Le Mans Blue Metallic,,NDSW - Black Extended Novillo Leather,,WBSKG9C5XBE645883,,E645883,"MSRP.1,ZCP,ZCW,ZCV,ZP2.1,2MK,302,403,507,6FL,6NF,655,752",,,"Feb 16, 2011",550/1100,,,,,,,,,,
300 - Alpine White,,NCH5 - Fox Red/Black Novillo Leather,,WBSKG9C51BE645884,,E645884,"MSRP.1,ZCV,ZP2.3,2MK,2MT.1,302,494,507,6FL,752",,,"Feb 16, 2011",,,,,,,,,,,
A96 - Mineral White Met.,,NDH2 - Fox Red Extended Leather,,WBSKG9C53BE645885,,E645885,"MSRP.1,ZCW,ZCV,ZP2.3,302,403,507,6FL,655,752",,,"Feb 16, 2011",1100,,,,,,,,,,
381 - Le Mans Blue Metallic,,NCSW - Black Novillo Leather,,WBSKG9C55BE645886,,E645886,"MSRP.1,ZCV,ZP2.1,2MK,2MT.1,302,403,415,494,507,6FL,6NF,752",,,"Feb 16, 2011",550,,,,,,,,,,
A52 - Space Gray Metallic,,NCSW - Black Novillo Leather,,WBSKG9C57BE645887,,E645887,"MSRP.1,ZCW,ZCV,ZP2.2,2MK,302,403,507,6FL,655",,,"Feb 16, 2011",550,,,,,,,,,,
A52 - Space Gray Metallic,,NCH5 - Fox Red/Black Novillo Leather,,WBSKG9C59BE645888,,E645888,"MSRP.1,ZCP,ZCW,ZCV,ZP2.3,2MK,302,415,507,5AC,6FL,655,752",,,"Feb 16, 2011",550,,,,,,,,,,
A96 - Mineral White Met.,,NCH5 - Fox Red/Black Novillo Leather,,WBSKG9C50BE645889,,E645889,"MSRP.1,ZCV,2MK,302,494,4MY,507,6FL,655,752",,,"Feb 16, 2011",950,,,,,,,,,,
668 - Jet Black,,NCSW - Black Novillo Leather,,WBSKG9C57BE645890,,E645890,"MSRP.1,ZCP,ZCV,302,403,4MZ,507,6FL,6NF",,,"Feb 16, 2011",950,,,,,,,,,,
A52 - Space Gray Metallic,,NCH5 - Fox Red/Black Novillo Leather,,WBSKG9C59BE645891,,E645891,"MSRP.1,ZCP,ZCV,ZP2.3,2MK,302,415,494,507,6FL,6NF,655,752",,,"Feb 16, 2011",550,,,,,,,,,,
A52 - Space Gray Metallic,,NCSW - Black Novillo Leather,,WBSKG9C50BE645892,,E645892,"MSRP.1,ZCP,ZCV,ZP2.3,2MK,302,494,507,6FL,6NF,655,752",,,"Feb 16, 2011",550,,,,,,,,,,
X03 - Ruby Black Metallic 1 of 17,,NCH2 - Fox Red Novillo Leather,,WBSKG9C52BE645893,,E645893,"MSRP.1,ZCW,ZTP,2MK,2MT.1,302,415,507,6FL,655,752, XE8",,,"Feb 25, 2011",950,,,,,,,,,,
A96 - Mineral White Met.,,NCH5 - Fox Red/Black Novillo Leather,,WBSKG9C54BE645894,,E645894,"MSRP.1,ZCP,2MK,494,609,6FL,6NF,655",,,"Feb 25, 2011",950,,,,,,,,,,
A73 - Jerez Black Metallic,,NCH3 - Beige Novillo Leather,,WBSKG9C56BE645895,,E645895,"MSRP.1,ZCW,ZCV,ZP2.2,2MT.1,302,403,507,6FL,655,752",,,"Feb 17, 2011",550,,,,,,,,,,
A75 - Melbourne Red Metallic,,NCSW - Black Novillo Leather,,WBSKG9C58BE645896,,E645896,"MSRP.1,ZCP,2MK,771",,,"Feb 17, 2011",550/950,,,,,,,,,,
A75 - Melbourne Red Metallic,,NCH5 - Fox Red/Black Novillo Leather,,WBSKG9C5XBE645897,,E645897,"MSRP.1,ZCP,ZCV,ZP2.3,2MK,302,507,6FL,6NF",,,"Feb 17, 2011",550,,,,,,,,,,
A75 - Melbourne Red Metallic,,NCH5 - Fox Red/Black Novillo Leather,,WBSKG9C51BE645898,,E645898,"MSRP.1,ZCP,ZCV,ZP2.3,2MK,302,494,507,6FL,655",,,"Feb 17, 2011",550,,,,,,,,,,
A96 - Unknown Paint Code,,NCH5 - Fox Red/Black Novillo Leather,,WBSKG9C53BE645899,,E645899,"MSRP.1,ZCP,ZCV,302,4MY,507,6FL,655,752",,,"Feb 17, 2011",950,,,,,,,,,,
A73 - Jerez Black Metallic,,NDSW - Black Extended Novillo Leather,,WBSKG9C56BE645900,,E645900,"MSRP.1,ZCV,ZP2.1,2MK,302,507,6FL,6NF,655,752",,,"Feb 17, 2011",550/1100,,,,,,,,,,
A52 - Space Gray Metallic,,NCSW - Black Novillo Leather,,WBSKG9C58BE645901,,E645901,"MSRP.1,ZCP,ZCV,ZP2.3,302,494,507,6FL,655,752",,,"Feb 17, 2011",550,,,,,,,,,,
A73 - Jerez Black Metallic,,NCH5 - Fox Red/Black Novillo Leather,,WBSKG9C5XBE645902,,E645902,"MSRP.1,ZCP,ZCV,ZP2.3,2MK,302,403,507,6FL,752",,,"Feb 18, 2011",550,,,,,,,,,,
A73 - Jerez Black Metallic,,NDH3 - Beige Novillo Extended Leather,,WBSKG9C51BE645903,,E645903,"MSRP.1,ZCP,ZCW,ZCV,ZP2.3,302,403,507,6FL,655,752",,,"Feb 18, 2011",550/1100,,,,,,,,,,
A73 - Jerez Black Metallic,,NCH4 - Palladium/Black Novillo Leather,,WBSKG9C53BE645904,,E645904,"MSRP.1,ZCP,ZCV,2MK,302,494,4MY,507,6FL,6NF,655",,,"Feb 18, 2011",550/950,,,,,,,,,,
A96 - Mineral White Met.,,NCSW - Black Novillo Leather,,WBSKG9C55BE645905,,E645905,"MSRP.1,ZCW,ZCV,ZP2.3,2MK,2MT.1,302,403,507,6FL,752",,,"Feb 18, 2011",,,,,,,,,,,
A73 - Jerez Black Metallic,,NCSW - Black Novillo Leather,,WBSKG9C57BE645906,,E645906,"MSRP.1,ZCP,ZCW,ZCV,ZP2.2,302,403,415,507,5AC,6FL,6NF,655,752",,,"Feb 18, 2011",550,,,,,,,,,,
A96 - Unknown Paint Code,,NCH4 - Palladium/Black Novillo Leather,,WBSKG9C59BE645907,,E645907,"MSRP.1,ZCP,ZCV,ZP2.1,2MK,302,415,494,507,6FL,6NF,752",,,"Feb 18, 2011",,,,,,,,,,,
A52 - Space Gray Metallic,,NCH5 - Fox Red/Black Novillo Leather,,WBSKG9C50BE645908,,E645908,"MSRP.1,ZCP,ZCV,ZP2.3,2MK,302,507,6FL",,,"Feb 18, 2011",550,,,,,,,,,,
A52 - Space Gray Metallic,,NCH4 - Palladium/Black Novillo Leather,,WBSKG9C52BE645909,,E645909,"MSRP.1,ZCP,ZCV,ZP2.3,2MK,302,494,507,6FL,6NF,655,752",,,"Feb 18, 2011",550,,,,,,,,,,
A52 - Space Gray Metallic,,NCSW - Black Novillo Leather,,WBSKG9C59BE645910,,E645910,"MSRP.1,ZCP,ZCV,ZP2.3,2MK,302,494,507,5AC,6FL,655",,,"Feb 18, 2011",550,,,,,,,,,,
A73 - Jerez Black Metallic,,NCSW - Black Novillo Leather,,WBSKG9C50BE645911,,E645911,"MSRP.1,ZCP,ZCV,ZP2.3,2MK,302,494,507,6FL,655,752",,,"Feb 18, 2011",550,,,,,,,,,,
A73 - Jerez Black Metallic,,NDSW - Black Extended Novillo Leather,,WBSKG9C52BE645912,,E645912,"MSRP.1,ZCP,ZCW,ZCV,ZP2.3,2MK,302,507,6FL,752",,,"Feb 18, 2011",550/1100,,,,,,,,,,
A73 - Jerez Black Metallic,,NCH4 - Palladium/Black Novillo Leather,,WBSKG9C54BE645913,,E645913,"MSRP.1,ZCP,ZCV,ZP2.3,2MK,302,494,507,6FL,6NF,655,752",,,"Feb 18, 2011",550,,,,,,,,,,
A73 - Jerez Black Metallic,,NCSW - Black Novillo Leather,,WBSKG9C56BE645914,,E645914,"MSRP.1,ZCP,ZCV,ZP2.3,302,507,6FL,6NF",,,"Feb 18, 2011",550,,,,,,,,,,
A73 - Jerez Black Metallic,,NCSW - Black Novillo Leather,,WBSKG9C58BE645915,,E645915,"MSRP.1,ZCV,ZP2.1,2MK,302,507,6FL",,,"Feb 18, 2011",550,,,,,,,,,,
A73 - Jerez Black Metallic,,NCSW - Black Novillo Leather,,WBSKG9C5XBE645916,,E645916,"MSRP.1,2MK,2MT.1,494,4MY,609,6FL,6NF,655",,,"Feb 18, 2011",550/950,,,,,,,,,,
668 - Jet Black,,NCH1 - Silver Novillo Leather,,WBSKG9C51BE645917,,E645917,"MSRP.1,ZCP,302,403,4MY,655",,,"Feb 18, 2011",950,,,,,,,,,,
A96 - Mineral White Met.,,NCH2 - Fox Red Novillo Leather,,WBSKG9C53BE645918,,E645918,"MSRP.1,ZCV,2MT.1,302,494,4MX,507,6FL,6NF,655",,,"Feb 19, 2011",950,,,,,,,,,,
A52 - Space Gray Metallic,,NCSW - Black Novillo Leather,,WBSKG9C55BE645919,,E645919,"MSRP.1,ZCV,ZP2.2,2MK,2MT.1,302,403,494,507,6FL,752",,,"Feb 19, 2011",550,,,,,,,,,,
A30 - Interlagos Blue Metallic,,NCSW - Black Novillo Leather,,WBSKG9C51BE645920,,E645920,"MSRP.1,ZCW,ZCV,ZP2.2,2MK,2MT.1,302,403,507,6FL,752",,,"Feb 19, 2011",550,,,,,,,,,,
300 - Alpine White,,NDSW - Black Extended Novillo Leather,,WBSKG9C53BE645921,,E645921,"MSRP.1,ZCP,ZCW,ZCV,ZP2.3,2MK,302,507,6FL,6NF,655,752",,,"Feb 19, 2011",1100,,,,,,,,,,
A30 - Interlagos Blue Metallic,,NCH3 - Beige Novillo Leather,,WBSKG9C55BE645922,,E645922,"MSRP.1,ZCP,ZP2.3,2MK,403,415,609,6FL,752",,,"Feb 19, 2011",550,,,,,,,,,,
300 - Alpine White,,NDSW - Black Extended Novillo Leather,,WBSKG9C57BE645923,,E645923,"MSRP.1,ZCP,ZCW,ZCV,ZP2.3,2MK,302,507,6FL,6NF,655,752",,,"Feb 19, 2011",1100,,,,,,,,,,
668 - Jet Black,,NCSW - Black Novillo Leather,,WBSKG9C59BE645924,,E645924,"MSRP.1,ZCW,ZCV,ZP2.1,302,507,6FL,655,752",,,"Feb 19, 2011",,,,,,,,,,,
381 - Le Mans Blue Metallic,,NCSW - Black Novillo Leather,,WBSKG9C50BE645925,,E645925,"MSRP.1,ZCP,ZCW,ZCV,ZP2.3,2MK,302,507,6FL,6NF,752",,,"Feb 21, 2011",550,,,,,,,,,,
A30 - Interlagos Blue Metallic,,NCH1 - Silver Novillo Leather,,WBSKG9C52BE645926,,E645926,"MSRP.1,ZCP,ZCV,ZP2.3,2MK,302,507,6FL,752",,,"Feb 21, 2011",550,,,,,,,,,,
A30 - Interlagos Blue Metallic,,NCH1 - Silver Novillo Leather,,WBSKG9C54BE645927,,E645927,"MSRP.1,ZCP,ZCW,ZCV,ZP2.1,2MK,302,507,5AC,6FL,6NF,655,752",,,"Feb 21, 2011",550,,,,,,,,,,
A30 - Interlagos Blue Metallic,,NCH1 - Silver Novillo Leather,,WBSKG9C56BE645928,,E645928,"MSRP.1,ZCP,ZCV,ZP2.1,2MK,302,494,507,6FL,752",,,"Feb 21, 2011",550,,,,,,,,,,
A96 - Mineral White Met.,,NCH5 - Fox Red/Black Novillo Leather,,WBSKG9C58BE645929,,E645929,"MSRP.1,ZCP,ZCV,ZP2.3,2MK,302,494,507,6FL,655,752",,,"Feb 21, 2011",,,,,,,,,,,
A75 - Melbourne Red Metallic,,NCSW - Black Novillo Leather,,WBSKG9C54BE645930,,E645930,"MSRP.1,ZCP,ZCV,ZP2.3,2MK,302,403,494,507,6FL,655",,,"Feb 21, 2011",550,,,,,,,,,,
300 - Alpine White,,NCSW - Black Novillo Leather,,WBSKG9C56BE645931,,E645931,"MSRP.1,ZP2.2,2MK,2MT.1,494,6FL,655",,,"Feb 21, 2011",,,,,,,,,,,
668 - Jet Black,,NCH2 - Fox Red Novillo Leather,,WBSKG9C58BE645932,,E645932,"MSRP.1,ZP2.2,494,6FL",,,"Feb 21, 2011",,,,,,,,,,,
A73 - Jerez Black Metallic,,NCH2 - Fox Red Novillo Leather,,WBSKG9C5XBE645933,,E645933,"MSRP.1,ZCV,ZP2.3,2MK,2MT.1,302,403,494,507,6FL,655,752",,,"Feb 21, 2011",550,,,,,,,,,,
A73 - Jerez Black Metallic,,NCSW - Black Novillo Leather,,WBSKG9C51BE645934,,E645934,"MSRP.1,ZCW,ZCV,ZP2.2,2MK,2MT.1,302,403,507,6FL,752",,,"Feb 21, 2011",550,,,,,,,,,,
A73 - Jerez Black Metallic,,NCSW - Black Novillo Leather,,WBSKG9C53BE645935,,E645935,"MSRP.1,ZCP,ZCW,ZCV,ZP2.3,2MK,302,507,5AC,6FL,655,752",,,"Feb 21, 2011",550,,,,,,,,,,
A73 - Jerez Black Metallic,,NCSW - Black Novillo Leather,,WBSKG9C55BE645936,,E645936,"MSRP.1,ZCP,ZCW,ZCV,ZP2.3,2MK,302,415,507,5AC,6FL,655,752",,,"Feb 21, 2011",550,,,,,,,,,,
A96 - Unknown Paint Code,,NDSW - Black Extended Novillo Leather,,WBSKG9C57BE645937,,E645937,"MSRP.1,ZCP,ZCW,ZCV,ZP2.1,2MK,302,415,507,5AC,6FL,6NF,752",,,"Feb 21, 2011",1100,,,,,,,,,,
A73 - Jerez Black Metallic,,NCH3 - Beige Novillo Leather,,WBSKG9C59BE645938,,E645938,"MSRP.1,ZCW,ZCV,ZP2.3,302,403,507,6FL",,,"Feb 21, 2011",550,,,,,,,,,,
A73 - Jerez Black Metallic,,NCH5 - Fox Red/Black Novillo Leather,,WBSKG9C50BE645939,,E645939,"MSRP.1,ZCP,ZCW,ZCV,ZP2.3,302,403,507,6FL,6NF,655,752",,,"Feb 21, 2011",550,,,,,,,,,,
A73 - Jerez Black Metallic,,NCH3 - Beige Novillo Leather,,WBSKG9C57BE645940,,E645940,"MSRP.1,ZCW,ZP2.3,2MK,2MT.1,403,609,6FL,752",,,"Feb 21, 2011",550,,,,,,,,,,
A73 - Jerez Black Metallic,,NDSW - Black Extended Novillo Leather,,WBSKG9C59BE645941,,E645941,"MSRP.1,ZCP,ZCW,ZCV,ZP2.3,2MK,302,403,415,507,5AC,6FL,6NF,655,752",,,"Feb 21, 2011",550/1100,,,,,,,,,,
A73 - Jerez Black Metallic,,NCH4 - Palladium/Black Novillo Leather,,WBSKG9C50BE645942,,E645942,"MSRP.1,ZCP,ZCV,ZP2.3,2MK,302,403,494,507,6FL,752",,,"Feb 22, 2011",550,,,,,,,,,,
A75 - Melbourne Red Metallic,,NCSW - Black Novillo Leather,,WBSKG9C52BE645943,,E645943,"MSRP.1,ZCP,4MY,609,6FL,655",,,"Feb 22, 2011",550/950,,,,,,,,,,
A75 - Melbourne Red Metallic,,NCH3 - Beige Novillo Leather,,WBSKG9C54BE645944,,E645944,"MSRP.1,ZCP,ZCW,ZCV,ZP2.2,2MK,302,415,507,5AC,6FL,6NF,655,752",,,"Feb 22, 2011",550,,,,,,,,,,
A75 - Melbourne Red Metallic,,NCSW - Black Novillo Leather,,WBSKG9C56BE645945,,E645945,"MSRP.1,ZCV,2MK,2MT.1,302,494,507,639,6FL,6NF,655,752,771",,,"Feb 22, 2011",550/950,,,,,,,,,,
A75 - Melbourne Red Metallic,,NCSW - Black Novillo Leather,,WBSKG9C58BE645946,,E645946,"MSRP.1,ZCP,ZCW,ZP2.3,ZTP,2MK,302,415,507,6FL,655,752",,,"Feb 22, 2011",550,,,,,,,,,,
A75 - Melbourne Red Metallic,,NCH5 - Fox Red/Black Novillo Leather,,WBSKG9C5XBE645947,,E645947,"MSRP.1,ZCP,ZCW,ZCV,ZP2.3,2MK,302,415,507,5AC,6FL,6NF,655,752",,,"Feb 22, 2011",550,,,,,,,,,,
A73 - Jerez Black Metallic,,NCSW - Black Novillo Leather,,WBSKG9C51BE645948,,E645948,"MSRP.1,ZCP,ZCV,ZP2.3,2MK,302,494,507,6FL,655,752",,,"Feb 22, 2011",550,,,,,,,,,,
300 - Alpine White,,NDH2 - Fox Red Extended Leather,,WBSKG9C53BE645949,,E645949,"MSRP.1,ZCP,ZCV,ZP2.3,2MK,302,415,507,5AC,6FL,6NF,752",,,"Feb 22, 2011",1100,,,,,,,,,,
300 - Alpine White,,NDSW - Black Extended Novillo Leather,,WBSKG9C5XBE645950,,E645950,"MSRP.1,ZCP,ZCV,ZP2.3,2MK,302,415,494,507,6FL,6NF,655,752",,,"Feb 22, 2011",1100,,,,,,,,,,
300 - Alpine White,,NCH4 - Palladium/Black Novillo Leather,,WBSKG9C51BE645951,,E645951,"MSRP.1,ZCP,ZCV,302,4MY,507,6FL,655",,,"Feb 22, 2011",950,,,,,,,,,,
668 - Jet Black,,GEAT - Anthracite/Black Cloth & Leather,,WBSKG9C53BE645952,,E645952,"MSRP.1,ZCP,2MK,4MY,6FL",,,"Feb 22, 2011",,,,,,,,,,,
668 - Jet Black,,NCH5 - Fox Red/Black Novillo Leather,,WBSKG9C55BE645953,,E645953,"MSRP.1,2MK,2MT.1,4MY",,,"Feb 22, 2011",950,,,,,,,,,,
A52 - Space Gray Metallic,,NCSW - Black Novillo Leather,,WBSKG9C57BE645954,,E645954,"MSRP.1,ZCP,ZCV,ZP2.1,2MK,302,507,6FL,655,752",,,"Feb 22, 2011",550,,,,,,,,,,
A96 - Mineral White Met.,,NCSW - Black Novillo Leather,,WBSKG9C59BE645955,,E645955,"MSRP.1,ZCP,ZCW,ZCV,ZP2.3,2MK,302,507,6FL,6NF,655,752",,,"Feb 22, 2011",,,,,,,,,,,
A96 - Mineral White Met.,,NCSW - Black Novillo Leather,,WBSKG9C50BE645956,,E645956,"MSRP.1,ZCV,ZP2.3,2MK,302,494,507,6FL,655,752",,,"Feb 22, 2011",,,,,,,,,,,
668 - Jet Black,,NCSW - Black Novillo Leather,,WBSKG9C52BE645957,,E645957,"MSRP.1,ZCW,ZCV,ZP2.1,2MK,2MT.1,302,507,6FL,655,752",,,"Feb 22, 2011",,,,,,,,,,,
668 - Jet Black,,NCH5 - Fox Red/Black Novillo Leather,,WBSKG9C54BE645958,,E645958,"MSRP.1,ZCW,ZCV,ZP2.3,2MT.1,302,507,5AC,6FL,6NF,655,752",,,"Feb 23, 2011",,,,,,,,,,,
A96 - Mineral White Met.,,NCH5 - Fox Red/Black Novillo Leather,,WBSKG9C56BE645959,,E645959,"MSRP.1,ZCP,ZCW,ZCV,ZP2.3,2MK,302,507,6FL,752",,,"Feb 23, 2011",,,,,,,,,,,
A96 - Mineral White Met.,,NCH3 - Beige Novillo Leather,,WBSKG9C52BE645960,,E645960,"MSRP.1,ZCP,ZCV,ZP2.3,2MK,302,494,507,6FL,655,752",,,"Feb 23, 2011",,,,,,,,,,,
300 - Alpine White,,NCH5 - Fox Red/Black Novillo Leather,,WBSKG9C54BE645961,,E645961,"MSRP.1,ZCP,ZCW,ZCV,ZP2.3,2MK,302,507,5AC,6FL,655,752",,,"Feb 23, 2011",,,,,,,,,,,
300 - Alpine White,,NCSW - Black Novillo Leather,,WBSKG9C56BE645962,,E645962,"MSRP.1,ZCP,ZCW,ZCV,ZP2.3,2MK,302,507,6FL,6NR,655,752",,,"Feb 23, 2011",,,,,,,,,,,
300 - Alpine White,,NCSW - Black Novillo Leather,,WBSKG9C58BE645963,,E645963,"MSRP.1,ZCP,ZCW,ZCV,ZP2.3,302,507,6FL,6NF,655,752",,,"Feb 23, 2011",,,,,,,,,,,
300 - Alpine White,,NCSW - Black Novillo Leather,,WBSKG9C5XBE645964,,E645964,"MSRP.1,ZCP,ZCV,ZP2.3,2MK,302,494,507,5AC,6FL,752",,,"Feb 23, 2011",,,,,,,,,,,
300 - Alpine White,,NCH2 - Fox Red Novillo Leather,,WBSKG9C51BE645965,,E645965,"MSRP.1,ZP2.3,2MT.1,403,507",,,"Feb 23, 2011",,,,,,,,,,,
300 - Alpine White,,GEAT - Anthracite/Black Cloth & Leather,,WBSKG9C53BE645966,,E645966,"MSRP.1,ZCP,2MK,4MY,6FL",,,"Feb 23, 2011",,,,,,,,,,,
668 - Jet Black,,NCSW - Black Novillo Leather,,WBSKG9C55BE645967,,E645967,"MSRP.1,ZCP,ZCV,ZP2.3,2MK,302,494,507,6FL,655,752",,,"Feb 23, 2011",,,,,,,,,,,
668 - Jet Black,,NCSW - Black Novillo Leather,,WBSKG9C57BE645968,,E645968,"MSRP.1,ZCP,ZCV,2MK,302,494,4MY,507,6FL,655,752",,,"Feb 23, 2011",950,,,,,,,,,,
668 - Jet Black,,NCSW - Black Novillo Leather,,WBSKG9C59BE645969,,E645969,"MSRP.1,ZCV,ZP2.3,2MK,302,403,507,6FL,655,752",,,"Feb 23, 2011",,,,,,,,,,,
668 - Jet Black,,NCSW - Black Novillo Leather,,WBSKG9C55BE645970,,E645970,"MSRP.1,ZCP,ZCW,ZCV,ZP2.3,2MK,302,403,415,507,6FL,655,752",,,"Feb 23, 2011",,,,,,,,,,,
300 - Alpine White,,GEAT - Anthracite/Black Cloth & Leather,,WBSKG9C57BE645971,,E645971,"MSRP.1,ZCP,6FL,771",,,"Feb 23, 2011",,,,,,,,,,,
668 - Jet Black,,NCSW - Black Novillo Leather,,WBSKG9C59BE645972,,E645972,"MSRP.1,ZCP,ZCV,ZP2.3,2MK,302,494,507,6FL,655,752",,,"Feb 23, 2011",,,,,,,,,,,
668 - Jet Black,,NCSW - Black Novillo Leather,,WBSKG9C50BE645973,,E645973,"MSRP.1,ZCV,ZP2.3,2MK,2MT.1,302,507,6FL",,,"Feb 23, 2011",,,,,,,,,,,
668 - Jet Black,,NCH5 - Fox Red/Black Novillo Leather,,WBSKG9C52BE645974,,E645974,"MSRP.1,ZCP,ZCW,ZCV,ZP2.3,2MK,302,403,507,6FL,655,752",,,"Feb 23, 2011",,,,,,,,,,,
A96 - Mineral White Met.,,NCH5 - Fox Red/Black Novillo Leather,,WBSKG9C54BE645975,,E645975,"MSRP.1,ZCP,ZCV,ZP2.3,2MK,302,494,507,6FL,752",,,"Feb 23, 2011",,,,,,,,,,,
668 - Jet Black,,NCSW - Black Novillo Leather,,WBSKG9C56BE645976,,E645976,"MSRP.1,ZP2.3,2MK,2MT.1,415,494,507,609,6FL",,,"Feb 23, 2011",,,,,,,,,,,
300 - Alpine White,,NCH2 - Fox Red Novillo Leather,,WBSKG9C58BE645977,,E645977,"MSRP.1,6FL,771",,,"Feb 23, 2011",950,,,,,,,,,,
300 - Alpine White,,GEAT - Anthracite/Black Cloth & Leather,,WBSKG9C5XBE645978,,E645978,"MSRP.1,2MT.1,4MY,6FL",,,"Feb 23, 2011",,,,,,,,,,,
A96 - Mineral White Met.,,NCSW - Black Novillo Leather,,WBSKG9C51BE645979,,E645979,"MSRP.1,ZCP,ZCW,ZCV,ZP2.3,2MK,302,507,6FL,655,752",,,"Feb 24, 2011",,,,,,,,,,,
300 - Alpine White,,NCSW - Black Novillo Leather,,WBSKG9C58BE645980,,E645980,"MSRP.1,ZCP,ZCV,ZP2.3,2MK,302,403,494,507,6FL,655",,,"Feb 24, 2011",,,,,,,,,,,
A96 - Mineral White Met.,,NCSW - Black Novillo Leather,,WBSKG9C5XBE645981,,E645981,"MSRP.1,ZCP,ZCW,ZCV,ZP2.3,2MK,302,507,5AC,6FL,655,752",,,"Feb 24, 2011",,,,,,,,,,,
A96 - Mineral White Met.,,NCH2 - Fox Red Novillo Leather,,WBSKG9C51BE645982,,E645982,"MSRP.1,ZCW,ZP2.3,ZTP,2MT.1,302,507,6FL",,,"Feb 24, 2011",,,,,,,,,,,
A73 - Jerez Black Metallic,,NDH2 - Fox Red Extended Leather,,WBSKG9C53BE645983,,E645983,"MSRP.1,ZCP,ZCW,ZCV,ZP2.3,2MK,302,403,507,6FL,655,752",,,"Feb 24, 2011",550/1100,,,,,,,,,,
300 - Alpine White,,NCSW - Black Novillo Leather,,WBSKG9C55BE645984,,E645984,"MSRP.1,ZCP,ZCW,ZCV,ZP2.1,302,507,6FL",,,"Feb 24, 2011",,,,,,,,,,,
300 - Alpine White,,NCSW - Black Novillo Leather,,WBSKG9C57BE645985,,E645985,"MSRP.1,ZCV,ZP2.3,2MK,2MT.1,302,494,507,6FL,655,752",,,"Feb 24, 2011",,,,,,,,,,,
300 - Alpine White,,NCSW - Black Novillo Leather,,WBSKG9C59BE645986,,E645986,"MSRP.1,ZCV,ZP2.3,2MK,2MT.1,302,507,6FL,655,752",,,"Feb 24, 2011",,,,,,,,,,,
300 - Alpine White,,NCSW - Black Novillo Leather,,WBSKG9C50BE645987,,E645987,"MSRP.1,ZCP,ZCW,ZCV,ZP2.3,302,507,6FL,655,752",,,"Feb 24, 2011",,,,,,,,,,,
300 - Alpine White,,NCSW - Black Novillo Leather,,WBSKG9C52BE645988,,E645988,"MSRP.1,ZCV,ZP2.3,2MK,302,494,507,6FL,752",,,"Feb 24, 2011",,,,,,,,,,,
A52 - Space Gray Metallic,,GEAT - Anthracite/Black Cloth & Leather,,WBSKG9C54BE645989,,E645989,"MSRP.1,494,609,639,6FL,655,771",,,"Feb 24, 2011",550,,,,,,,,,,
A52 - Space Gray Metallic,,NCSW - Black Novillo Leather,,WBSKG9C50BE645990,,E645990,"MSRP.1,ZCP,ZCV,2MK,302,494,4MY,507,6FL,655,752",,,"Feb 24, 2011",550/950,,,,,,,,,,
A52 - Space Gray Metallic,,NCSW - Black Novillo Leather,,WBSKG9C52BE645991,,E645991,"MSRP.1,ZCP,ZCV,ZP2.3,302,494,507,6FL,655,752",,,"Feb 24, 2011",550,,,,,,,,,,
300 - Alpine White,,NCSW - Black Novillo Leather,,WBSKG9C54BE645992,,E645992,"MSRP.1,ZCP,ZCV,ZP2.1,2MK,302,494,507,6FL",,,"Feb 24, 2011",,,,,,,,,,,
300 - Alpine White,,NCH2 - Fox Red Novillo Leather,,WBSKG9C56BE645993,,E645993,"MSRP.1,ZCV,ZP2.3,302,507,6FL",,,"Feb 24, 2011",,,,,,,,,,,
300 - Alpine White,,GEAT - Anthracite/Black Cloth & Leather,,WBSKG9C58BE645994,,E645994,"MSRP.1,ZCP,ZCW,771",,,"Feb 24, 2011",,,,,,,,,,,
668 - Jet Black,,NCH5 - Fox Red/Black Novillo Leather,,WBSKG9C5XBE645995,,E645995,"MSRP.1,ZCP,ZCV,ZP2.3,2MK,302,494,507,6FL,655,752",,,"Feb 24, 2011",,,,,,,,,,,
A96 - Unknown Paint Code,,NCSW - Black Novillo Leather,,WBSKG9C51BE645996,,E645996,"MSRP.1,ZCP,ZCV,ZP2.3,2MK,302,403,494,507,6FL,655,752",,,"Feb 24, 2011",,,,,,,,,,,
300 - Alpine White,,NCSW - Black Novillo Leather,,WBSKG9C53BE645997,,E645997,"MSRP.1,ZCV,ZP2.3,2MK,302,507,6FL,655,752",,,"Feb 24, 2011",,,,,,,,,,,
300 - Alpine White,,GEAT - Anthracite/Black Cloth & Leather,,WBSKG9C55BE645998,,E645998,"MSRP.1,771",,,"Feb 24, 2011",,,,,,,,,,,
300 - Alpine White,,GEAT - Anthracite/Black Cloth & Leather,,WBSKG9C57BE645999,,E645999,"MSRP.1,2MK,2MT.1,6FL,771",,,"Feb 24, 2011",,,,,,,,,,,
668 - Jet Black,,NCSW - Black Novillo Leather,,WBSKG9C58BE646000,,E646000,"MSRP.1,ZCW,ZP2.3,2MK,2MT.1,403,609,6FL,655",,,"Feb 24, 2011",,,,,,,,,,,
668 - Jet Black,,NCSW - Black Novillo Leather,,WBSKG9C5XBE646001,,E646001,"MSRP.1,ZCW,ZCV,ZP2.2,2MK,2MT.1,302,403,6FL,752",,,"Feb 24, 2011",,,,,,,,,,,
668 - Jet Black,,NCSW - Black Novillo Leather,,WBSKG9C51BE646002,,E646002,"MSRP.1,ZCV,ZP2.3,2MK,2MT.1,302,403,494,507,6FL,655,752",,,"Feb 24, 2011",,,,,,,,,,,
668 - Jet Black,,NCSW - Black Novillo Leather,,WBSKG9C53BE646003,,E646003,"MSRP.1,ZCP,ZCV,ZP2.3,2MK,302,403,494,507,6FL,655",,,"Feb 24, 2011",,,,,,,,,,,
668 - Jet Black,,NCH2 - Fox Red Novillo Leather,,WBSKG9C55BE646004,,E646004,"MSRP.1,ZCV,ZP2.3,2MK,2MT.1,302,494,507,6FL,655,752",,,"Feb 24, 2011",,,,,,,,,,,
668 - Jet Black,,NCSW - Black Novillo Leather,,WBSKG9C57BE646005,,E646005,"MSRP.1,ZCP,ZCV,ZP2.3,2MK,302,494,507,6FL,6NF,655,752",,,"Feb 24, 2011",,,,,,,,,,,
668 - Jet Black,,NCSW - Black Novillo Leather,,WBSKG9C59BE646006,,E646006,"MSRP.1,ZCP,ZCW,ZCV,ZP2.3,2MK,302,403,415,507,6FL,6NF,655,752",,,"Feb 24, 2011",,,,,,,,,,,
668 - Jet Black,,NCH2 - Fox Red Novillo Leather,,WBSKG9C50BE646007,,E646007,"MSRP.1,ZCP,ZCV,ZP2.3,2MK,302,415,494,507,6FL,6NF,655,752",,,"Feb 24, 2011",,,,,,,,,,,
A73 - Jerez Black Metallic,,NCH2 - Fox Red Novillo Leather,,WBSKG9C52BE646008,,E646008,"MSRP.1,ZCP,ZCV,2MK,302,403,494,4MY,507,6FL,752",,,"Feb 24, 2011",550/950,,,,,,,,,,
A52 - Space Gray Metallic,,NCSW - Black Novillo Leather,,WBSKG9C54BE646009,,E646009,"MSRP.1,ZCP,ZCV,ZP2.3,2MK,302,403,494,507,6FL,655,752",,,"Feb 25, 2011",550,,,,,,,,,,
A30 - Interlagos Blue Metallic,,NDSW - Black Extended Novillo Leather,,WBSKG9C50BE646010,,E646010,"MSRP.1,ZCP,ZCW,ZCV,ZP2.3,302,507,6FL,752",,,"Feb 25, 2011",550/1100,,,,,,,,,,
300 - Alpine White,,NCSW - Black Novillo Leather,,WBSKG9C52BE646011,,E646011,"MSRP.1,ZCP,ZCV,ZP2.1,2MK,302,507,6FL,752",,,"Feb 25, 2011",,,,,,,,,,,
A52 - Space Gray Metallic,,NCSW - Black Novillo Leather,,WBSKG9C54BE646012,,E646012,"MSRP.1,ZCW,ZCV,ZP2.3,2MK,2MT.1,302,403,507,6FL,655,752",,,"Feb 25, 2011",550,,,,,,,,,,
A52 - Space Gray Metallic,,NCSW - Black Novillo Leather,,WBSKG9C56BE646013,,E646013,"MSRP.1,ZCP,ZCW,ZCV,ZP2.2,2MK,302,403,507,6FL,655,752",,,"Feb 25, 2011",550,,,,,,,,,,
A52 - Space Gray Metallic,,NCSW - Black Novillo Leather,,WBSKG9C58BE646014,,E646014,"MSRP.1,ZCP,ZCV,ZP2.3,2MK,302,494,507,6FL,6NF,655",,,"Feb 25, 2011",550,,,,,,,,,,
A52 - Space Gray Metallic,,NCH5 - Fox Red/Black Novillo Leather,,WBSKG9C5XBE646015,,E646015,"MSRP.1,ZCP,ZCV,ZP2.3,2MK,302,494,507,6FL,655,752",,,"Feb 25, 2011",550,,,,,,,,,,
A29 - Silverstone Metallic II,,NCSW - Black Novillo Leather,,WBSKG9C51BE646016,,E646016,"MSRP.1,ZCP,ZCV,ZP2.3,2MK,302,403,494,507,6FL,655,752",,,"Feb 25, 2011",550,,,,,,,,,,
300 - Alpine White,,NCH3 - Beige Novillo Leather,,WBSKG9C53BE646017,,E646017,"MSRP.1,ZCV,ZP2.2,2MK,2MT.1,302,403,507,6FL,655,752",,,"Feb 25, 2011",,,,,,,,,,,
A52 - Space Gray Metallic,,NCH2 - Fox Red Novillo Leather,,WBSKG9C55BE646018,,E646018,"MSRP.1,ZCP,ZCV,ZP2.3,2MK,302,494,507,6FL,6NF,655,752",,,"Feb 25, 2011",550,,,,,,,,,,
300 - Alpine White,,NCH2 - Fox Red Novillo Leather,,WBSKG9C57BE646019,,E646019,"MSRP.1,ZCP,ZCW,ZCV,ZP2.3,2MK,403,507,6FL,655,752",,,"Feb 25, 2011",,,,,,,,,,,
A52 - Space Gray Metallic,,NCSW - Black Novillo Leather,,WBSKG9C53BE646020,,E646020,"MSRP.1,ZCP,ZCV,ZP2.3,2MK,302,507,6FL,752",,,"Feb 25, 2011",550,,,,,,,,,,
A29 - Silverstone Metallic II,,NCSW - Black Novillo Leather,,WBSKG9C55BE646021,,E646021,"MSRP.1,ZCP,ZCW,ZCV,ZP2.3,2MK,302,507,6FL,655,752",,,"Feb 25, 2011",550,,,,,,,,,,
A29 - Silverstone Metallic II,,NCH1 - Silver Novillo Leather,,WBSKG9C57BE646022,,E646022,"MSRP.1,ZCW,ZCV,ZP2.3,302,507,6FL,655,752",,,"Feb 25, 2011",550,,,,,,,,,,
A29 - Silverstone Metallic II,,NCH4 - Palladium/Black Novillo Leather,,WBSKG9C59BE646023,,E646023,"MSRP.1,ZCP,ZCW,ZCV,ZP2.3,2MK,302,415,507,5AC,6FL,655,752",,,"Feb 25, 2011",550,,,,,,,,,,
A29 - Silverstone Metallic II,,NCSW - Black Novillo Leather,,WBSKG9C50BE646024,,E646024,"MSRP.1,ZCP,ZCV,ZP2.3,2MK,302,415,507,6FL,655,752",,,"Feb 25, 2011",550,,,,,,,,,,
A29 - Silverstone Metallic II,,NCH2 - Fox Red Novillo Leather,,WBSKG9C52BE646025,,E646025,"MSRP.1,ZCP,ZCV,ZP2.3,2MK,302,494,507,6FL,752",,,"Feb 25, 2011",550,,,,,,,,,,
300 - Alpine White,,NCSW - Black Novillo Leather,,WBSKG9C54BE646026,,E646026,"MSRP.1,ZCP,ZCW,ZCV,ZP2.3,2MK,302,415,507,6FL,6NF,6NR,655,752",,,"Feb 25, 2011",,,,,,,,,,,
300 - Alpine White,,NCSW - Black Novillo Leather,,WBSKG9C56BE646027,,E646027,"MSRP.1,ZCP,ZCV,ZP2.3,2MK,302,494,507,6FL,655",,,"Feb 25, 2011",,,,,,,,,,,
300 - Alpine White,,NCH2 - Fox Red Novillo Leather,,WBSKG9C58BE646028,,E646028,"MSRP.1,ZCP,ZCV,ZP2.3,2MK,302,494,507,6FL,6NF,655,752",,,"Feb 25, 2011",,,,,,,,,,,
300 - Alpine White,,NDH1 - Silver Novillo Extended Leather,,WBSKG9C5XBE646029,,E646029,"MSRP.1,ZCP,ZCV,ZP2.1,2MK,302,415,507,6FL,6NF,655,752",,,"Feb 25, 2011",1100,,,,,,,,,,
300 - Alpine White,,NCSW - Black Novillo Leather,,WBSKG9C56BE646030,,E646030,"MSRP.1,ZCP,ZCW,ZCV,302,4MY,507,6FL,655,752",,,"Feb 25, 2011",950,,,,,,,,,,
300 - Alpine White,,NCH5 - Fox Red/Black Novillo Leather,,WBSKG9C58BE646031,,E646031,"MSRP.1,ZCP,ZCV,ZP2.3,2MK,302,415,494,507,6FL,6NF,655,752",,,"Feb 25, 2011",,,,,,,,,,,
300 - Alpine White,,NCSW - Black Novillo Leather,,WBSKG9C5XBE646032,,E646032,"MSRP.1,ZCV,ZP2.2,2MK,302,507,6FL,752",,,"Feb 25, 2011",,,,,,,,,,,
300 - Alpine White,,NCSW - Black Novillo Leather,,WBSKG9C51BE646033,,E646033,"MSRP.1,ZCP,ZCV,ZP2.1,2MK,302,494,507,6FL,655,752",,,"Feb 25, 2011",,,,,,,,,,,
300 - Alpine White,,NCH2 - Fox Red Novillo Leather,,WBSKG9C53BE646034,,E646034,"MSRP.1,ZCP,ZCV,ZP2.3,2MK,302,507,6FL,6NF,655,752",,,"Feb 25, 2011",,,,,,,,,,,
300 - Alpine White,,NCSW - Black Novillo Leather,,WBSKG9C55BE646035,,E646035,"MSRP.1,ZCP,ZCV,ZP2.3,2MK,302,494,507,6FL,6NF,655,752",,,"Feb 25, 2011",,,,,,,,,,,
300 - Alpine White,,NCSW - Black Novillo Leather,,WBSKG9C57BE646036,,E646036,"MSRP.1,ZCP,ZCV,ZP2.3,2MK,302,494,507,6FL,6NF",,,"Feb 25, 2011",,,,,,,,,,,
300 - Alpine White,,NCSW - Black Novillo Leather,,WBSKG9C59BE646037,,E646037,"MSRP.1,ZCP,ZCW,ZCV,ZP2.3,2MK,302,507,6FL,6NF,655,752",,,"Feb 28, 2011",,,,,,,,,,,
300 - Alpine White,,NCSW - Black Novillo Leather,,WBSKG9C50BE646038,,E646038,"MSRP.1,ZCW,ZCV,ZP2.3,2MK,2MT.1,302,415,507,6FL,655,752",,,"Feb 28, 2011",,,,,,,,,,,
A90 - Sophisto Grey Brilliant Effect Metallic  ,,NCSW - Black Novillo Leather,,WBSKG9C52BE646039,,E646039,"MSRP.1,ZCW,ZCV,ZP2.3,302,403,507,6FL,752",,,"Mar 4, 2011",,,,,,,,,,,
A30 - Interlagos Blue Metallic,,NCSW - Black Novillo Leather,,WBSKG9C59BE646040,,E646040,"MSRP.1,ZCP,ZCW,ZCV,ZP2.3,2MK,302,403,415,507,6FL,655",,,"Mar 1, 2011",550,,,,,,,,,,
A52 - Space Gray Metallic,,GEAT - Anthracite/Black Cloth & Leather,,WBSKG9C50BE646041,,E646041,"MSRP.1,ZCP,ZCV,2MK,302,4MY,507,6FL",,,"Mar 2, 2011",550,,,,,,,,,,
A96 - Mineral White Met.,,NCH2 - Fox Red Novillo Leather,,WBSKG9C52BE646042,,E646042,"MSRP.1,403,6FL,771",,,"Mar 3, 2011",950,,,,,,,,,,
A73 - Jerez Black Metallic,,NDH2 - Fox Red Extended Leather,,WBSKG9C54BE646043,,E646043,"MSRP.1,ZCP,ZCV,ZP2.3,302,507,6FL,752",,,"Mar 7, 2011",550/1100,,,,,,,,,,
A96 - Mineral White Met.,,NCH2 - Fox Red Novillo Leather,,WBSKG9C56BE646044,,E646044,"MSRP.1,ZCP,ZCV,ZP2.3,2MK,302,494,507,6FL,6NF,6NR,655",,,"Mar 7, 2011",,,,,,,,,,,
300 - Alpine White,,NCH5 - Fox Red/Black Novillo Leather,,WBSKG9C58BE646045,,E646045,"MSRP.1,ZCP,ZCV,ZP2.3,2MK,302,494,507,6FL,6NF,6NR,752",,,"Mar 7, 2011",,,,,,,,,,,
300 - Alpine White,,NCSW - Black Novillo Leather,,WBSKG9C5XBE646046,,E646046,"MSRP.1,ZCP,ZCV,ZP2.3,2MK,302,494,507,6FL,6NF,6NR,655,752",,,"Mar 8, 2011",,,,,,,,,,,
A52 - Space Gray Metallic,,NCSW - Black Novillo Leather,,WBSKG9C51BE646047,,E646047,"MSRP.1,ZCP,ZCW,ZCV,ZP2.3,2MK,302,415,507,6FL,655,752",,,"Mar 9, 2011",550,,,,,,,,,,
668 - Jet Black,,NCH3 - Beige Novillo Leather,,WBSKG9C53BE646048,,E646048,"MSRP.1,ZCP,403,494,4MY,6FL",,,"Mar 10, 2011",950,,,,,,,,,,
A30 - Interlagos Blue Metallic,,NCSW - Black Novillo Leather,,WBSKG9C55BE646049,,E646049,"MSRP.1,ZCP,ZCV,ZP2.3,302,403,507,6FL,6NF,6NR,655,752",,,"Mar 10, 2011",550,,,,,,,,,,
A52 - Space Gray Metallic,,NCSW - Black Novillo Leather,,WBSKG9C51BE646050,,E646050,"MSRP.1,ZCP,ZCV,ZP2.3,302,507,6FL",,,"Mar 10, 2011",550,,,,,,,,,,
300 - Alpine White,,NCSW - Black Novillo Leather,,WBSKG9C53BE646051,,E646051,"MSRP.1,ZCP,ZCV,2MK,302,4MY,507,6FL,752",,,"Mar 10, 2011",950,,,,,,,,,,
300 - Alpine White,,NCSW - Black Novillo Leather,,WBSKG9C55BE646052,,E646052,"MSRP.1,ZCP,ZCV,2MK,302,4MY,507,6FL,752",,,"Mar 10, 2011",950,,,,,,,,,,
A96 - Mineral White Met.,,NCH5 - Fox Red/Black Novillo Leather,,WBSKG9C57BE646053,,E646053,"MSRP.1,ZCW,ZCV,ZP2.3,2MK,2MT.1,302,403,507,6FL,655",,,"Mar 10, 2011",,,,,,,,,,,
A73 - Jerez Black Metallic,,NCSW - Black Novillo Leather,,WBSKG9C59BE646054,,E646054,"MSRP.1,ZCP,ZCV,ZP2.1,302,415,494,507,6FL,752",,,"Mar 11, 2011",550,,,,,,,,,,
A30 - Interlagos Blue Metallic,,NCSW - Black Novillo Leather,,WBSKG9C50BE646055,,E646055,"MSRP.1,ZCP,ZCW,ZCV,ZP2.3,2MK,302,403,415,507,5AC,6FL,655,752",,,"Mar 11, 2011",550,,,,,,,,,,
668 - Jet Black,,NCH2 - Fox Red Novillo Leather,,WBSKG9C52BE646056,,E646056,"MSRP.1,ZCP,ZCV,ZP2.3,302,507,6FL",,,"Mar 14, 2011",,,,,,,,,,,
A52 - Space Gray Metallic,,NCH5 - Fox Red/Black Novillo Leather,,WBSKG9C54BE646057,,E646057,"MSRP.1,ZCP,ZCV,ZP2.3,302,494,507,6FL,752",,,"Mar 14, 2011",550,,,,,,,,,,
A29 - Silverstone Metallic II,,NCH2 - Fox Red Novillo Leather,,WBSKG9C56BE646058,,E646058,"MSRP.1,ZCP,ZCW,ZCV,ZP2.3,302,507,6FL,6NF,6NR,752",,,"Mar 14, 2011",550,,,,,,,,,,
300 - Alpine White,,NCH2 - Fox Red Novillo Leather,,WBSKG9C58BE646059,,E646059,"MSRP.1,ZCP,494,4MY,507,6FL",,,"Mar 14, 2011",950,,,,,,,,,,
A52 - Space Gray Metallic,,NCSW - Black Novillo Leather,,WBSKG9C54BE646060,,E646060,"MSRP.1,ZP2.1,403,494",,,"Mar 15, 2011",550,,,,,,,,,,
A96 - Mineral White Met.,,NCH2 - Fox Red Novillo Leather,,WBSKG9C56BE646061,,E646061,"MSRP.1,ZCP,ZCV,ZP2.3,2MK,302,494,507,6FL,6NF,6NR",,,"Mar 16, 2011",,,,,,,,,,,
A52 - Space Gray Metallic,,NCSW - Black Novillo Leather,,WBSKG9C58BE646062,,E646062,"MSRP.1,ZCV,ZP2.3,2MT.1,302,507,6FL",,,"Mar 17, 2011",550,,,,,,,,,,
A30 - Interlagos Blue Metallic,,NCH1 - Silver Novillo Leather,,WBSKG9C5XBE646063,,E646063,"MSRP.1,ZCP,ZCW,ZCV,ZP2.3,2MK,302,415,507,6FL,6NF,6NR,655,752",,,"Mar 17, 2011",550,,,,,,,,,,
300 - Alpine White,,NCH5 - Fox Red/Black Novillo Leather,,WBSKG9C51BE646064,,E646064,"MSRP.1,ZCP,ZCV,ZP2.3,302,494,507,6FL,655",,,"Mar 17, 2011",,,,,,,,,,,
A52 - Space Gray Metallic,,NDH2 - Fox Red Extended Leather,,WBSKG9C53BE646065,,E646065,"MSRP.1,ZCP,ZCV,ZP2.3,2MK,302,415,494,6FL,6NF,6NR,655,752",,,"Mar 17, 2011",550/1100,,,,,,,,,,
A75 - Melbourne Red Metallic,,NCH5 - Fox Red/Black Novillo Leather,,WBSKG9C55BE646066,,E646066,"MSRP.1,ZCP,ZCV,ZP2.3,2MK,302,415,494,507,6FL,6NF,6NR",,,"Mar 17, 2011",550,,,,,,,,,,
A30 - Interlagos Blue Metallic,,NCH2 - Fox Red Novillo Leather,,WBSKG9C57BE646067,,E646067,"MSRP.1,ZCP,2MK,771",,,"Mar 17, 2011",550/950,,,,,,,,,,
A29 - Silverstone Metallic II,,NDSW - Black Extended Novillo Leather,,WBSKG9C59BE646068,,E646068,"MSRP.1,ZCW,ZCV,ZP2.3,2MK,2MT.1,302,403,415,507,5AC,6FL,655,752",,,"Mar 17, 2011",550/1100,,,,,,,,,,
A52 - Space Gray Metallic,,NCH2 - Fox Red Novillo Leather,,WBSKG9C50BE646069,,E646069,"MSRP.1,ZCW,ZCV,ZP2.1,2MT.1,302,403,415,507,6FL,655,752",,,"Mar 18, 2011",550,,,,,,,,,,
A96 - Mineral White Met.,,NDSW - Black Extended Novillo Leather,,WBSKG9C57BE646070,,E646070,"MSRP.1,ZCP,ZCW,ZCV,ZP2.2,302,507,6FL,655,752",,,"Mar 18, 2011",1100,,,,,,,,,,
300 - Alpine White,,GEAT - Anthracite/Black Cloth & Leather,,WBSKG9C59BE646071,,E646071,"MSRP.1,ZCP,771",,,"Mar 18, 2011",,,,,,,,,,,
381 - Le Mans Blue Metallic,,NCSW - Black Novillo Leather,,WBSKG9C50BE646072,,E646072,"MSRP.1,ZCW,ZCV,ZP2.3,2MT.1,302,6FL",,,"Mar 18, 2011",550,,,,,,,,,,
A52 - Space Gray Metallic,,NDSW - Black Extended Novillo Leather,,WBSKG9C52BE646073,,E646073,"MSRP.1,ZCP,ZCV,ZP2.3,2MK,302,494,507,5AC,6FL,6NF,6NR,655,752",,,"Mar 18, 2011",550/1100,,,,,,,,,,
A52 - Space Gray Metallic,,NCH5 - Fox Red/Black Novillo Leather,,WBSKG9C54BE646074,,E646074,"MSRP.1,ZCV,2MK,2MT.1,302,4MX,507,6FL",,,"Mar 21, 2011",550/950,,,,,,,,,,
668 - Jet Black,,NCH5 - Fox Red/Black Novillo Leather,,WBSKG9C56BE646075,,E646075,"MSRP.1,ZCP,ZCV,ZP2.3,302,507,6FL,6NF,6NR",,,"Mar 21, 2011",,,,,,,,,,,
A52 - Space Gray Metallic,,NCSW - Black Novillo Leather,,WBSKG9C58BE646076,,E646076,"MSRP.1,ZCP,ZCV,ZP2.3,2MK,302,507,6FL,6NF,6NR,752",,,"Mar 21, 2011",550,,,,,,,,,,
300 - Alpine White,,NCH2 - Fox Red Novillo Leather,,WBSKG9C5XBE646077,,E646077,"MSRP.1,ZCW,ZCV,ZP2.3,302,415,507,6FL,655,752",,,"Mar 21, 2011",,,,,,,,,,,
A96 - Unknown Paint Code,,NDSW - Black Extended Novillo Leather,,WBSKG9C51BE646078,,E646078,"MSRP.1,ZCW,ZCV,ZP2.1,2MK,302,415,507,6FL,655,752",,,"Mar 21, 2011",1100,,,,,,,,,,
300 - Alpine White,,NCH2 - Fox Red Novillo Leather,,WBSKG9C53BE646079,,E646079,"MSRP.1,ZCV,ZP2.3,2MK,2MT.1,302,507,6FL",,,"Mar 22, 2011",,,,,,,,,,,
A73 - Jerez Black Metallic,,NCH2 - Fox Red Novillo Leather,,WBSKG9C5XBE646080,,E646080,"MSRP.1,ZCP,ZCW,ZCV,ZP2.1,302,403,415,507,6FL,655,752",,,"Mar 22, 2011",550,,,,,,,,,,
A96 - Mineral White Met.,,NCSW - Black Novillo Leather,,WBSKG9C51BE646081,,E646081,"MSRP.1,ZCV,ZP2.3,2MK,2MT.1,302,494,507,6FL,655",,,"Mar 22, 2011",,,,,,,,,,,
668 - Jet Black,,NCSW - Black Novillo Leather,,WBSKG9C53BE646082,,E646082,"MSRP.1,2MT.1,494,507,771",,,"Mar 22, 2011",950,,,,,,,,,,
A96 - Mineral White Met.,,NCSW - Black Novillo Leather,,WBSKG9C55BE646083,,E646083,"MSRP.1,ZCP,ZP2.2,302,655",,,"Mar 23, 2011",,,,,,,,,,,
300 - Alpine White,,NCSW - Black Novillo Leather,,WBSKG9C57BE646084,,E646084,"MSRP.1,ZCP,ZCV,ZP2.1,2MK,302,415,494,507,5AC,6FL,655,752",,,"Mar 23, 2011",,,,,,,,,,,
668 - Jet Black,,NCH5 - Fox Red/Black Novillo Leather,,WBSKG9C59BE646085,,E646085,"MSRP.1,ZCP,ZCV,ZP2.3,2MK,302,415,494,507,6FL,6NF,6NR,655,752",,,"Mar 23, 2011",,,,,,,,,,,
381 - Le Mans Blue Metallic,,NCSW - Black Novillo Leather,,WBSKG9C50BE646086,,E646086,"MSRP.1,ZCP,4MY,6FL",,,"Mar 24, 2011",550/950,,,,,,,,,,
A52 - Space Gray Metallic,,NCSW - Black Novillo Leather,,WBSKG9C52BE646087,,E646087,"MSRP.1,494,4MX,6FL",,,"Mar 24, 2011",550/950,,,,,,,,,,
A73 - Jerez Black Metallic,,NDH2 - Fox Red Extended Leather,,WBSKG9C54BE646088,,E646088,"MSRP.1,ZCP,ZP2.3,2MK,609,6FL",,,"Mar 24, 2011",550/1100,,,,,,,,,,
A73 - Jerez Black Metallic,,NDSW - Black Extended Novillo Leather,,WBSKG9C56BE646089,,E646089,"MSRP.1,ZCP,ZCW,ZCV,ZP2.3,2MK,302,507,5AC,6FL,752",,,"Mar 24, 2011",550/1100,,,,,,,,,,
A29 - Silverstone Metallic II,,NCSW - Black Novillo Leather,,WBSKG9C52BE646090,,E646090,"MSRP.1,ZCW,ZP2.1,302,322,6FL",,,"Mar 24, 2011",550,,,,,,,,,,
A52 - Space Gray Metallic,,NCSW - Black Novillo Leather,,WBSKG9C54BE646091,,E646091,"MSRP.1,494,4MX,6FL",,,"Mar 25, 2011",550/950,,,,,,,,,,
A52 - Space Gray Metallic,,NCSW - Black Novillo Leather,,WBSKG9C56BE646092,,E646092,"MSRP.1,ZCP,302,4MY,6FL",,,"Mar 25, 2011",550/950,,,,,,,,,,
A52 - Space Gray Metallic,,NCSW - Black Novillo Leather,,WBSKG9C58BE646093,,E646093,"MSRP.1,ZP2.3,302,415,494,6FL,655",,,"Mar 25, 2011",550,,,,,,,,,,
300 - Alpine White,,NDSW - Black Extended Novillo Leather,,WBSKG9C5XBE646094,,E646094,"MSRP.1,ZCP,ZCV,ZP2.3,2MK,302,494,507,6FL,6NF,6NR,655,752",,,"Mar 25, 2011",1100,,,,,,,,,,
300 - Alpine White,,GEAT - Anthracite/Black Cloth & Leather,,WBSKG9C51BE646095,,E646095,"MSRP.1,639,6FL,771",,,"Mar 25, 2011",,,,,,,,,,,
668 - Jet Black,,NCSW - Black Novillo Leather,,WBSKG9C53BE646096,,E646096,"MSRP.1,ZCW,ZP2.3,2MT.1,302,322,415,507,6FL,655,752",,,"Mar 25, 2011",,,,,,,,,,,
300 - Alpine White,,NCSW - Black Novillo Leather,,WBSKG9C55BE646097,,E646097,"MSRP.1,ZCW,ZCV,ZP2.3,302,507,6FL",,,"Mar 25, 2011",,,,,,,,,,,
381 - Le Mans Blue Metallic,,NCSW - Black Novillo Leather,,WBSKG9C57BE646098,,E646098,"MSRP.1,ZCV,ZP2.1,2MT.1,302,403,507,6FL,6NF,6NR,655,752",,,"Mar 25, 2011",550,,,,,,,,,,
A52 - Space Gray Metallic,,NCSW - Black Novillo Leather,,WBSKG9C59BE646099,,E646099,"MSRP.1,ZCP,ZCV,ZP2.3,2MK,302,403,494,507,6FL,6NF,6NR,655,752",,,"Mar 25, 2011",550,,,,,,,,,,
381 - Le Mans Blue Metallic,,NCSW - Black Novillo Leather,,WBSKG9C51BE646100,,E646100,"MSRP.1,ZCP,ZCV,ZP2.3,302,494,507,6FL,6NF,6NR,752",,,"Mar 25, 2011",550,,,,,,,,,,
300 - Alpine White,,NCSW - Black Novillo Leather,,WBSKG9C53BE646101,,E646101,"MSRP.1,ZCW,ZCV,ZP2.3,2MK,2MT.1,302,415,507,6FL,655,752",,,"Mar 25, 2011",,,,,,,,,,,
A73 - Jerez Black Metallic,,NCH3 - Beige Novillo Leather,,WBSKG9C55BE646102,,E646102,"MSRP.1,ZCP,ZCV,ZP2.2,2MK,302,507,6FL,6NF,6NR,655,752",,,"Mar 25, 2011",550,,,,,,,,,,
A73 - Jerez Black Metallic,,NCSW - Black Novillo Leather,,WBSKG9C57BE646103,,E646103,"MSRP.1,ZCV,ZP2.3,2MT.1,302,415,494,507,6FL,6NF,6NR,655",,,"Mar 25, 2011",550,,,,,,,,,,
A73 - Jerez Black Metallic,,NCSW - Black Novillo Leather,,WBSKG9C59BE646104,,E646104,"MSRP.1,ZCP,ZCW,ZCV,ZP2.3,2MK,302,415,507,6FL,655,752",,,"Mar 25, 2011",550,,,,,,,,,,
A73 - Jerez Black Metallic,,NCH1 - Silver Novillo Leather,,WBSKG9C50BE646105,,E646105,"MSRP.1,ZCW,ZCV,ZP2.3,2MK,2MT.1,302,403,415,507,6FL,655,752",,,"Mar 28, 2011",550,,,,,,,,,,
381 - Le Mans Blue Metallic,,NCH3 - Beige Novillo Leather,,WBSKG9C52BE646106,,E646106,"MSRP.1,ZCW,ZP2.2,609,6FL,655",,,"Mar 28, 2011",550,,,,,,,,,,
337 - Dakar Yellow 2,,NCSW - Black Novillo Leather,,WBSKG9C54BE646107,,E646107,"MSRP.1,ZCP,ZCV,ZP2.3,2MK,302,494,507,6FL,6NF,6NR,655,752",,,"Apr 1, 2011",,,,,,,,,,,
300 - Alpine White,,NDH2 - Fox Red Extended Leather,,WBSKG9C56BE646108,,E646108,"MSRP.1,ZCP,ZCV,ZP2.3,302,415,494,507,5AC,6FL,6NF,6NR,655,752",,,"Mar 28, 2011",1100,,,,,,,,,,
668 - Jet Black,,NCSW - Black Novillo Leather,,WBSKG9C58BE646109,,E646109,"MSRP.1,ZCW,ZCV,ZP2.3,2MK,2MT.1,302,415,507,6FL,655,752",,,"Mar 28, 2011",,,,,,,,,,,
A30 - Interlagos Blue Metallic,,GEAT - Anthracite/Black Cloth & Leather,,WBSKG9C54BE646110,,E646110,"MSRP.1,ZCP,2MK,494,6FL,771",,,"Mar 28, 2011",550,,,,,,,,,,
A52 - Space Gray Metallic,,NCSW - Black Novillo Leather,,WBSKG9C56BE646111,,E646111,"MSRP.1,ZCV,ZP2.3,2MT.1,302,507,6FL",,,"Mar 28, 2011",550,,,,,,,,,,
A52 - Space Gray Metallic,,NCH1 - Silver Novillo Leather,,WBSKG9C58BE646112,,E646112,"MSRP.1,ZCP,ZCW,ZCV,ZP2.3,2MK,302,507,6FL",,,"Mar 28, 2011",550,,,,,,,,,,
381 - Le Mans Blue Metallic,,NDSW - Black Extended Novillo Leather,,WBSKG9C5XBE646113,,E646113,"MSRP.1,ZCP,ZCV,ZP2.3,302,494,507,6FL,6NF,6NR,752",,,"Mar 28, 2011",550/1100,,,,,,,,,,
300 - Alpine White,,NCH2 - Fox Red Novillo Leather,,WBSKG9C51BE646114,,E646114,"MSRP.1,ZCP,ZCV,ZP2.3,302,494,507,6FL",,,"Mar 28, 2011",,,,,,,,,,,
381 - Le Mans Blue Metallic,,NDSW - Black Extended Novillo Leather,,WBSKG9C53BE646115,,E646115,"MSRP.1,ZCV,ZP2.1,2MT.1,302,494,507,6FL,752",,,"Mar 28, 2011",550/1100,,,,,,,,,,
300 - Alpine White,,NCSW - Black Novillo Leather,,WBSKG9C55BE646116,,E646116,"MSRP.1,ZCP,ZCV,302,494,507,639,6FL,655,771",,,"Mar 28, 2011",950,,,,,,,,,,
A73 - Jerez Black Metallic,,NCH2 - Fox Red Novillo Leather,,WBSKG9C57BE646117,,E646117,"MSRP.1,ZCW,ZCV,ZP2.3,2MK,2MT.1,302,415,507,6FL,655,752",,,"Mar 28, 2011",550,,,,,,,,,,
300 - Alpine White,,NDSW - Black Extended Novillo Leather,,WBSKG9C59BE646118,,E646118,"MSRP.1,ZCP,ZCW,ZCV,ZP2.3,2MK,302,507,6FL,6NF,6NR,655,752",,,"Mar 28, 2011",1100,,,,,,,,,,
668 - Jet Black,,GEAT - Anthracite/Black Cloth & Leather,,WBSKG9C50BE646119,,E646119,"MSRP.1,ZCW,ZCV,2MK,2MT.1,302,403,507,639,6FL,6NF,6NR,655,771",,,"Mar 29, 2011",,,,,,,,,,,
A96 - Mineral White Met.,,NCSW - Black Novillo Leather,,WBSKG9C57BE646120,,E646120,"MSRP.1,ZCV,ZP2.3,302,507,6FL",,,"Mar 29, 2011",,,,,,,,,,,
A52 - Space Gray Metallic,,NCSW - Black Novillo Leather,,WBSKG9C59BE646121,,E646121,"MSRP.1,ZCP,ZCW,ZCV,ZP2.1,302,6FL,6NF,6NR",,,"Mar 29, 2011",550,,,,,,,,,,
A52 - Space Gray Metallic,,NCSW - Black Novillo Leather,,WBSKG9C50BE646122,,E646122,"MSRP.1,ZCW,ZCV,ZP2.1,302,403,507,6FL,752",,,"Mar 29, 2011",550,,,,,,,,,,
668 - Jet Black,,NCSW - Black Novillo Leather,,WBSKG9C52BE646123,,E646123,"MSRP.1,ZCV,ZP2.3,2MK,2MT.1,302,494,507,6FL,6NF,6NR,655,752",,,"Mar 29, 2011",,,,,,,,,,,
A52 - Space Gray Metallic,,NCSW - Black Novillo Leather,,WBSKG9C54BE646124,,E646124,"MSRP.1,ZCP,ZCW,ZCV,ZP2.3,302,403,507,6FL,655,752",,,"Mar 29, 2011",550,,,,,,,,,,
A52 - Space Gray Metallic,,NDH2 - Fox Red Extended Leather,,WBSKG9C56BE646125,,E646125,"MSRP.1,ZCP,ZP2.3,403,494,609,6FL,6NF,6NR,752",,,"Mar 29, 2011",550/1100,,,,,,,,,,
A52 - Space Gray Metallic,,GEAT - Anthracite/Black Cloth & Leather,,WBSKG9C58BE646126,,E646126,"MSRP.1,ZCP,ZCV,2MK,302,403,507,639,6FL,752,771",,,"Mar 29, 2011",550,,,,,,,,,,
A52 - Space Gray Metallic,,NCSW - Black Novillo Leather,,WBSKG9C5XBE646127,,E646127,"MSRP.1,ZCW,ZCV,ZP2.3,2MK,2MT.1,302,403,507,6FL",,,"Mar 29, 2011",550,,,,,,,,,,
668 - Jet Black,,GEAT - Anthracite/Black Cloth & Leather,,WBSKG9C51BE646128,,E646128,"MSRP.1,ZCP,ZCW,ZCV,ZP2.3,2MK,302,6FL,655,752",,,"Mar 29, 2011",,,,,,,,,,,
A52 - Space Gray Metallic,,NDSW - Black Extended Novillo Leather,,WBSKG9C53BE646129,,E646129,"MSRP.1,ZCW,ZCV,ZP2.3,2MK,2MT.1,302,403,415,507,6FL,655,752",,,"Mar 29, 2011",550/1100,,,,,,,,,,
300 - Alpine White,,NCSW - Black Novillo Leather,,WBSKG9C5XBE646130,,E646130,"MSRP.1,ZCV,ZP2.3,2MK,2MT.1,302,403,415,494,507,6FL,655,752",,,"Mar 29, 2011",,,,,,,,,,,
300 - Alpine White,,NCSW - Black Novillo Leather,,WBSKG9C51BE646131,,E646131,"MSRP.1,ZCV,ZP2.2,2MK,2MT.1,302,403,415,507,6FL,655",,,"Mar 29, 2011",,,,,,,,,,,
A29 - Silverstone Metallic II,,NDH3 - Beige Novillo Extended Leather,,WBSKG9C53BE646132,,E646132,"MSRP.1,ZCV,ZP2.2,2MK,2MT.1,302,403,494,507,6FL,6NF,6NR,752",,,"Mar 29, 2011",550/1100,,,,,,,,,,
A96 - Mineral White Met.,,NDSW - Black Extended Novillo Leather,,WBSKG9C55BE646133,,E646133,"MSRP.1,ZCP,ZCV,ZP2.3,302,507,6FL,6NF,6NR,655,752",,,"Mar 29, 2011",1100,,,,,,,,,,
A96 - Mineral White Met.,,NCH5 - Fox Red/Black Novillo Leather,,WBSKG9C57BE646134,,E646134,"MSRP.1,ZCP,ZCV,ZP2.3,2MK,302,415,494,507,6FL,6NF,6NR,655,752",,,"Mar 29, 2011",,,,,,,,,,,
A96 - Mineral White Met.,,NDH2 - Fox Red Extended Leather,,WBSKG9C59BE646135,,E646135,"MSRP.1,ZCP,ZCV,ZP2.3,2MK,302,507,6FL,6NF,6NR,752",,,"Mar 29, 2011",1100,,,,,,,,,,
A96 - Unknown Paint Code,,NCSW - Black Novillo Leather,,WBSKG9C50BE646136,,E646136,"MSRP.1,ZCP,ZCV,ZP2.3,2MK,302,494,507,6FL,6NF,6NR",,,"Mar 29, 2011",,,,,,,,,,,
300 - Alpine White,,NCH2 - Fox Red Novillo Leather,,WBSKG9C52BE646137,,E646137,"MSRP.1,ZCP,ZCV,ZP2.3,2MK,302,494,507,6FL,6NF,6NR,752",,,"Mar 29, 2011",,,,,,,,,,,
300 - Alpine White,,NCSW - Black Novillo Leather,,WBSKG9C54BE646138,,E646138,"MSRP.1,ZCP,ZCV,ZP2.3,2MK,302,494,507,6FL,6NF,6NR,655,752",,,"Mar 29, 2011",,,,,,,,,,,
300 - Alpine White,,NCSW - Black Novillo Leather,,WBSKG9C56BE646139,,E646139,"MSRP.1,ZCP,ZCV,ZP2.3,302,494,507,6FL",,,"Mar 29, 2011",,,,,,,,,,,
300 - Alpine White,,NCSW - Black Novillo Leather,,WBSKG9C52BE646140,,E646140,"MSRP.1,ZCW,ZCV,ZP2.3,2MK,2MT.1,302,415,507,6FL,655,752",,,"Mar 29, 2011",,,,,,,,,,,
A29 - Silverstone Metallic II,,NCH2 - Fox Red Novillo Leather,,WBSKG9C54BE646141,,E646141,"MSRP.1,ZCV,ZP2.1,2MK,2MT.1,302,494,507,6FL,6NF,6NR,752",,,"Mar 29, 2011",550,,,,,,,,,,
A52 - Space Gray Metallic,,NCSW - Black Novillo Leather,,WBSKG9C56BE646142,,E646142,"MSRP.1,ZCP,ZCW,ZCV,ZP2.3,2MK,302,415,507,6FL,655,752",,,"Mar 29, 2011",550,,,,,,,,,,
300 - Alpine White,,NDH3 - Beige Novillo Extended Leather,,WBSKG9C58BE646143,,E646143,"MSRP.1,ZCW,ZCV,ZP2.3,302,403,415,507,6FL,655,752",,,"Mar 30, 2011",1100,,,,,,,,,,
A75 - Melbourne Red Metallic,,NCH3 - Beige Novillo Leather,,WBSKG9C5XBE646144,,E646144,"MSRP.1,ZCP,ZCV,ZP2.2,2MK,302,507,6FL",,,"Mar 30, 2011",550,,,,,,,,,,
A73 - Jerez Black Metallic,,NCSW - Black Novillo Leather,,WBSKG9C51BE646145,,E646145,"MSRP.1,ZCW,ZCV,ZP2.1,2MK,2MT.1,302,403,507,5AC,6FL,6NF,6NR,752",,,"Mar 30, 2011",550,,,,,,,,,,
A73 - Jerez Black Metallic,,NCH2 - Fox Red Novillo Leather,,WBSKG9C53BE646146,,E646146,"MSRP.1,ZCV,302,4MY,507,6FL",,,"Mar 30, 2011",550/950,,,,,,,,,,
A75 - Melbourne Red Metallic,,NCH3 - Beige Novillo Leather,,WBSKG9C55BE646147,,E646147,"MSRP.1,ZCW,ZCV,ZP2.2,2MT.1,302,6FL,655,752",,,"Mar 30, 2011",550,,,,,,,,,,
300 - Alpine White,,NCSW - Black Novillo Leather,,WBSKG9C57BE646148,,E646148,"MSRP.1,ZCW,ZCV,ZP2.3,2MK,2MT.1,302,403,507,6FL",,,"Mar 30, 2011",,,,,,,,,,,
A52 - Space Gray Metallic,,NCH3 - Beige Novillo Leather,,WBSKG9C59BE646149,,E646149,"MSRP.1,ZCP,ZCV,2MK,302,403,494,507,639,6FL,771",,,"Mar 30, 2011",550/950,,,,,,,,,,
668 - Jet Black,,NCSW - Black Novillo Leather,,WBSKG9C55BE646150,,E646150,"MSRP.1,ZCW,ZCV,ZP2.3,2MT.1,302,403,415,507,6FL,655,752",,,"Mar 30, 2011",,,,,,,,,,,
300 - Alpine White,,NCSW - Black Novillo Leather,,WBSKG9C57BE646151,,E646151,"MSRP.1,ZCV,ZP2.3,2MK,302,403,494,507,6FL,655",,,"Mar 30, 2011",,,,,,,,,,,
A52 - Space Gray Metallic,,NCSW - Black Novillo Leather,,WBSKG9C59BE646152,,E646152,"MSRP.1,ZCV,ZP2.3,2MK,2MT.1,302,403,494,507,6FL,6NF,6NR,655",,,"Mar 31, 2011",550,,,,,,,,,,
668 - Jet Black,,GEAT - Anthracite/Black Cloth & Leather,,WBSKG9C50BE646153,,E646153,"MSRP.1,655,771",,,"Mar 31, 2011",,,,,,,,,,,
A73 - Jerez Black Metallic,,NCSW - Black Novillo Leather,,WBSKG9C52BE646154,,E646154,"MSRP.1,ZP2.1,2MK,2MT.1,302,655",,,"Mar 31, 2011",550,,,,,,,,,,
A75 - Melbourne Red Metallic,,NCSW - Black Novillo Leather,,WBSKG9C54BE646155,,E646155,"MSRP.1,ZCP,ZCW,ZCV,ZP2.3,2MK,302,507,6FL,655,752",,,"Mar 31, 2011",550,,,,,,,,,,
A75 - Melbourne Red Metallic,,GEAT - Anthracite/Black Cloth & Leather,,WBSKG9C56BE646156,,E646156,"MSRP.1,ZCW,ZCV,ZP2.3,2MT.1,302,415,6FL,752",,,"Mar 31, 2011",550,,,,,,,,,,
668 - Jet Black,,NDSW - Black Extended Novillo Leather,,WBSKG9C58BE646157,,E646157,"MSRP.1,ZCP,ZCW,ZCV,ZP2.3,2MK,302,415,507,6FL,655,752",,,"Mar 31, 2011",1100,,,,,,,,,,
A96 - Mineral White Met.,,NCSW - Black Novillo Leather,,WBSKG9C5XBE646158,,E646158,"MSRP.1,ZCP,ZCW,ZCV,ZP2.3,2MK,302,507,5AC,6FL,6NF,6NR,655,752",,,"Mar 31, 2011",,,,,,,,,,,
A73 - Jerez Black Metallic,,NCH2 - Fox Red Novillo Leather,,WBSKG9C51BE646159,,E646159,"MSRP.1,ZCP,ZCV,302,4MY,507,6FL",,,"Mar 31, 2011",550/950,,,,,,,,,,
A73 - Jerez Black Metallic,,NCH1 - Silver Novillo Leather,,WBSKG9C58BE646160,,E646160,"MSRP.1,ZCP,ZCV,ZP2.2,302,415,507,6FL,6NF,6NR,655,752",,,"Mar 31, 2011",550,,,,,,,,,,
A73 - Jerez Black Metallic,,NCH3 - Beige Novillo Leather,,WBSKG9C5XBE646161,,E646161,"MSRP.1,ZCV,2MK,302,403,494,4MZ,507,6FL",,,"Mar 31, 2011",550/950,,,,,,,,,,
A75 - Melbourne Red Metallic,,NCSW - Black Novillo Leather,,WBSKG9C51BE646162,,E646162,"MSRP.1,ZCP,ZCW,ZCV,ZP2.3,302,403,415,507,5AC,6FL,6NF,6NR,655,752",,,"Mar 31, 2011",550,,,,,,,,,,
A73 - Jerez Black Metallic,,NCH5 - Fox Red/Black Novillo Leather,,WBSKG9C53BE646163,,E646163,"MSRP.1,ZCP,ZCV,ZP2.1,302,507,6FL,6NF,6NR,655,752",,,"Mar 31, 2011",550,,,,,,,,,,
A96 - Unknown Paint Code,,NCH4 - Palladium/Black Novillo Leather,,WBSKG9C55BE646164,,E646164,"MSRP.1,ZP2.3,2MK,2MT.1,494,609,6FL,6NF,6NR",,,"Apr 1, 2011",,,,,,,,,,,
A52 - Space Gray Metallic,,NCSW - Black Novillo Leather,,WBSKG9C57BE646165,,E646165,"MSRP.1,ZCP,ZCW,ZP2.3,302,655",,,"Apr 1, 2011",550,,,,,,,,,,
A96 - Unknown Paint Code,,NCH3 - Beige Novillo Leather,,WBSKG9C59BE646166,,E646166,"MSRP.1,ZCW,ZCV,ZP2.3,2MT.1,302,507,6FL,655,752",,,"Apr 1, 2011",,,,,,,,,,,
668 - Jet Black,,NCSW - Black Novillo Leather,,WBSKG9C50BE646167,,E646167,"MSRP.1,ZCP,403,494,4MX",,,"Apr 1, 2011",950,,,,,,,,,,
381 - Le Mans Blue Metallic,,NDH3 - Beige Novillo Extended Leather,,WBSKG9C52BE646168,,E646168,"MSRP.1,ZCV,ZP2.2,2MK,302,403,507,6FL,752",,,"Apr 1, 2011",550/1100,,,,,,,,,,
A52 - Space Gray Metallic,,GEAT - Anthracite/Black Cloth & Leather,,WBSKG9C54BE646169,,E646169,"MSRP.1,ZCP,494,655,771",,,"Apr 1, 2011",550,,,,,,,,,,
300 - Alpine White,,GEAT - Anthracite/Black Cloth & Leather,,WBSKG9C50BE646170,,E646170,"MSRP.1,771",,,"Apr 1, 2011",,,,,,,,,,,
300 - Alpine White,,NCSW - Black Novillo Leather,,WBSKG9C52BE646171,,E646171,"MSRP.1,ZCP,ZP2.3,302,494,6FL",,,"Apr 1, 2011",,,,,,,,,,,
A52 - Space Gray Metallic,,NCH5 - Fox Red/Black Novillo Leather,,WBSKG9C54BE646172,,E646172,"MSRP.1,ZCP,ZCW,ZCV,ZP2.3,2MK,302,507,6FL,6NF,6NR,655,752",,,"Apr 1, 2011",550,,,,,,,,,,
A52 - Space Gray Metallic,,NDSW - Black Extended Novillo Leather,,WBSKG9C56BE646173,,E646173,"MSRP.1,ZCP,ZCV,ZP2.1,2MK,302,415,494,507,6FL,6NF,6NR,655,752",,,"Apr 1, 2011",550/1100,,,,,,,,,,
A52 - Space Gray Metallic,,NCSW - Black Novillo Leather,,WBSKG9C58BE646174,,E646174,"MSRP.1,4MY,609,752",,,"Apr 1, 2011",550/950,,,,,,,,,,
A52 - Space Gray Metallic,,NCSW - Black Novillo Leather,,WBSKG9C5XBE646175,,E646175,"MSRP.1,ZCW,ZCV,ZP2.3,2MT.1,302,415,507,6FL,655,752",,,"Apr 1, 2011",550,,,,,,,,,,
300 - Alpine White,,NDH2 - Fox Red Extended Leather,,WBSKG9C51BE646176,,E646176,"MSRP.1,ZCP,ZCW,ZCV,ZP2.3,2MK,302,507,6FL,655,752",,,"Apr 1, 2011",1100,,,,,,,,,,
300 - Alpine White,,NDH2 - Fox Red Extended Leather,,WBSKG9C53BE646177,,E646177,"MSRP.1,ZCP,ZCW,ZCV,ZP2.3,2MK,302,415,507,6FL,752",,,"Apr 1, 2011",1100,,,,,,,,,,
300 - Alpine White,,NCSW - Black Novillo Leather,,WBSKG9C55BE646178,,E646178,"MSRP.1,ZCP,ZCW,ZCV,ZP2.3,2MK,302,507,6FL,6NF,6NR,655,752",,,"Apr 1, 2011",,,,,,,,,,,
300 - Alpine White,,GEAT - Anthracite/Black Cloth & Leather,,WBSKG9C57BE646179,,E646179,"MSRP.1,ZCP,ZCW,ZCV,2MK,302,4MY,507,6FL,6NF,6NR,752",,,"Apr 1, 2011",,,,,,,,,,,
300 - Alpine White,,NCSW - Black Novillo Leather,,WBSKG9C53BE646180,,E646180,"MSRP.1,ZCW,ZCV,ZP2.3,2MK,2MT.1,302,415,507,6FL,655,752",,,"Apr 1, 2011",,,,,,,,,,,
300 - Alpine White,,NCH2 - Fox Red Novillo Leather,,WBSKG9C55BE646181,,E646181,"MSRP.1,ZCP,ZCW,ZCV,ZP2.3,2MK,302,507,5AC,6FL,6NF,6NR,655,752",,,"Apr 4, 2011",,,,,,,,,,,
A52 - Space Gray Metallic,,NCSW - Black Novillo Leather,,WBSKG9C57BE646182,,E646182,"MSRP.1,ZCP,ZCW,ZCV,ZP2.3,302,403,507,6FL,6NF,6NR,655",,,"Apr 4, 2011",550,,,,,,,,,,
A73 - Jerez Black Metallic,,NCSW - Black Novillo Leather,,WBSKG9C59BE646183,,E646183,"MSRP.1,ZCW,ZP2.3,2MT.1,302,322,403,6FL",,,"Apr 4, 2011",550,,,,,,,,,,
300 - Alpine White,,NCH2 - Fox Red Novillo Leather,,WBSKG9C50BE646184,,E646184,"MSRP.1,ZCW,ZP2.3,302,322,6FL",,,"Apr 4, 2011",,,,,,,,,,,
381 - Le Mans Blue Metallic,,NCSW - Black Novillo Leather,,WBSKG9C52BE646185,,E646185,"MSRP.1,ZCP,ZP2.3,494",,,"Apr 4, 2011",550,,,,,,,,,,
668 - Jet Black,,NCSW - Black Novillo Leather,,WBSKG9C54BE646186,,E646186,"MSRP.1,ZCP,ZCW,ZCV,ZP2.2,2MK,302,507,6FL,6NF,6NR,655,752",,,"Apr 4, 2011",,,,,,,,,,,
668 - Jet Black,,NCSW - Black Novillo Leather,,WBSKG9C56BE646187,,E646187,"MSRP.1,2MK,403,415,494,609,639,6FL,752,771",,,"Apr 4, 2011",950,,,,,,,,,,
A73 - Jerez Black Metallic,,NCH2 - Fox Red Novillo Leather,,WBSKG9C58BE646188,,E646188,"MSRP.1,ZCP,ZCW,ZCV,ZP2.3,2MK,302,415,507,6FL,655,752",,,"Apr 4, 2011",550,,,,,,,,,,
A96 - Mineral White Met.,,NDSW - Black Extended Novillo Leather,,WBSKG9C5XBE646189,,E646189,"MSRP.1,ZCV,ZP2.2,2MK,2MT.1,302,415,494,507,5AC,6FL,6NF,6NR,655,752",,,"Apr 4, 2011",1100,,,,,,,,,,
A52 - Space Gray Metallic,,NCSW - Black Novillo Leather,,WBSKG9C56BE646190,,E646190,"MSRP.1,ZCP,ZCV,ZP2.3,2MK,302,494,507,6FL,6NF,6NR,655",,,"Apr 4, 2011",550,,,,,,,,,,
A52 - Space Gray Metallic,,NCSW - Black Novillo Leather,,WBSKG9C58BE646191,,E646191,"MSRP.1,ZCV,ZP2.3,2MT.1,302,494,507,6FL,655",,,"Apr 4, 2011",550,,,,,,,,,,
A52 - Space Gray Metallic,,NCSW - Black Novillo Leather,,WBSKG9C5XBE646192,,E646192,"MSRP.1,ZCP,ZCW,ZCV,ZP2.3,2MK,302,507,6FL,6NF,6NR,752",,,"Apr 4, 2011",550,,,,,,,,,,
A52 - Space Gray Metallic,,NCSW - Black Novillo Leather,,WBSKG9C51BE646193,,E646193,"MSRP.1,ZCW,ZCV,ZP2.3,2MK,2MT.1,302,507,6FL,655",,,"Apr 4, 2011",550,,,,,,,,,,
300 - Alpine White,,NCH2 - Fox Red Novillo Leather,,WBSKG9C53BE646194,,E646194,"MSRP.1,ZCP,ZCV,ZP2.3,302,494,507,6FL,6NF,6NR,655,752",,,"Apr 4, 2011",,,,,,,,,,,
A52 - Space Gray Metallic,,NCSW - Black Novillo Leather,,WBSKG9C55BE646195,,E646195,"MSRP.1,ZCW,ZCV,ZP2.1,2MK,2MT.1,302,507,6FL,6NF,6NR,655,752",,,"Apr 5, 2011",550,,,,,,,,,,
U91 - Frozen Black ,,Z1XX - Unknown Upholstery Code,,WBSKG9C57BE646196,,E646196,"MSRP.1,ZCP,ZCV,ZP2.3,2MK,302,494,507,6FL,655,752",,,"Apr 13, 2011",,,CAN,,,,,,,,
"X04 - Moonstone - $5,000.00",,NCSW - Black Novillo Leather,,WBSKG9C59BE646197,,E646197,"MSRP.1,ZCW,ZP2.1,2MT.1,302,322,403,415,507,6FL,655,752",,,"Apr 14, 2011",,,,,,,,,,,
U91 - Frozen Black ,,NCH2 - Fox Red Novillo Leather,,WBSKG9C50BE646198,,E646198,"MSRP.1,ZCW,ZP2.3,2MK,2MT.1,302,322,6FL,655,752",,,"Apr 14, 2011",,,CAN,,,,,,,,
668 - Jet Black,,NDSW - Black Extended Novillo Leather,,WBSKG9C52BE646199,,E646199,"MSRP.1,ZCP,ZCV,2MK,302,494,507,6FL,655",,,"Apr 14, 2011",2000,,,,,,,,,,
A73 - Jerez Black Metallic,,NCSW - Black Novillo Leather,,WBSKG9C55BE646200,,E646200,"MSRP.1,ZCP,2MK,507,6FL",,,"Apr 14, 2011",550/950,,,,,,,,,,
A29 - Silverstone Metallic II,,NCH1 - Silver Novillo Leather,,WBSKG9C57BE646201,,E646201,"MSRP.1,ZCP,ZCW,ZCV,2MK,302,507,6FL,655",,,"Apr 14, 2011",550/950,,,,,,,,,,
381 - Le Mans Blue Metallic,,NCSW - Black Novillo Leather,,WBSKG9C59BE646202,,E646202,"MSRP.1,ZCW,ZCV,ZP2.1,2MK,2MT.1,302,507,6FL,655,752",,,"Apr 5, 2011",550,,,,,,,,,,
381 - Le Mans Blue Metallic,,NCH5 - Fox Red/Black Novillo Leather,,WBSKG9C50BE646203,,E646203,"MSRP.1,ZP2.3,2MK,2MT.1",,,"Apr 5, 2011",550,,,,,,,,,,
A96 - Mineral White Met.,,NCH3 - Beige Novillo Leather,,WBSKG9C52BE646204,,E646204,"MSRP.1,ZCV,ZP2.3,2MK,2MT.1,302,494,507,6FL,6NF,6NR,655",,,"Apr 5, 2011",,,,,,,,,,,
A52 - Space Gray Metallic,,NCSW - Black Novillo Leather,,WBSKG9C54BE646205,,E646205,"MSRP.1,ZCP,ZCW,ZCV,ZP2.3,302,403,507,6FL,655,752",,,"Apr 5, 2011",550,,,,,,,,,,
A52 - Space Gray Metallic,,NCH2 - Fox Red Novillo Leather,,WBSKG9C56BE646206,,E646206,"MSRP.1,ZCP,ZCW,ZCV,ZP2.3,2MK,302,403,415,507,6FL",,,"Apr 5, 2011",550,,,,,,,,,,
381 - Le Mans Blue Metallic,,NCSW - Black Novillo Leather,,WBSKG9C58BE646207,,E646207,"MSRP.1,ZCP,ZCW,ZCV,ZP2.3,2MK,302,403,507,6FL,6NF,6NR,655,752",,,"Apr 5, 2011",550,,,,,,,,,,
300 - Alpine White,,NCH2 - Fox Red Novillo Leather,,WBSKG9C5XBE646208,,E646208,"MSRP.1,ZCV,ZP2.3,2MK,2MT.1,302,403,507,6FL",,,"Apr 5, 2011",,,,,,,,,,,
A29 - Silverstone Metallic II,,NCH2 - Fox Red Novillo Leather,,WBSKG9C51BE646209,,E646209,"MSRP.1,ZCV,ZP2.2,2MK,302,507,6FL",,,"Apr 5, 2011",550,,,,,,,,,,
300 - Alpine White,,NCH5 - Fox Red/Black Novillo Leather,,WBSKG9C58BE646210,,E646210,"MSRP.1,ZCP,ZCV,ZP2.3,2MK,302,494,507,6FL,6NF,6NR,655,752",,,"Apr 5, 2011",,,,,,,,,,,
300 - Alpine White,,NCSW - Black Novillo Leather,,WBSKG9C5XBE646211,,E646211,"MSRP.1,ZCW,ZCV,ZP2.3,2MK,2MT.1,302,415,507,6FL,655,752",,,"Apr 5, 2011",,,,,,,,,,,
300 - Alpine White,,NCSW - Black Novillo Leather,,WBSKG9C51BE646212,,E646212,"MSRP.1,ZCW,ZCV,ZP2.3,2MK,2MT.1,302,415,507,6FL,655,752",,,"Apr 5, 2011",,,,,,,,,,,
300 - Alpine White,,NCSW - Black Novillo Leather,,WBSKG9C53BE646213,,E646213,"MSRP.1,ZCW,ZCV,ZP2.3,2MK,2MT.1,302,415,507,6FL,655,752",,,"Apr 5, 2011",,,,,,,,,,,
668 - Jet Black,,NCH5 - Fox Red/Black Novillo Leather,,WBSKG9C55BE646214,,E646214,"MSRP.1,ZCP,ZCV,ZP2.1,2MK,302,403,415,494,507,6FL,6NF,6NR,655,752",,,"Apr 6, 2011",,,,,,,,,,,
A29 - Silverstone Metallic II,,NCSW - Black Novillo Leather,,WBSKG9C57BE646215,,E646215,"MSRP.1,ZCP,ZCV,ZP2.3,2MK,302,494,507,6FL,6NF,6NR,655,752",,,"Apr 6, 2011",550,,,,,,,,,,
A75 - Melbourne Red Metallic,,NDSW - Black Extended Novillo Leather,,WBSKG9C59BE646216,,E646216,"MSRP.1,ZCP,ZCW,ZCV,ZP2.3,2MK,302,415,5AC,6FL,655,752",,,"Apr 6, 2011",550/1100,,,,,,,,,,
A30 - Interlagos Blue Metallic,,NCH1 - Silver Novillo Leather,,WBSKG9C50BE646217,,E646217,"MSRP.1,ZCW,ZCV,ZP2.1,2MT.1,302,403,6FL",,,"Apr 6, 2011",550,,,,,,,,,,
A30 - Interlagos Blue Metallic,,NDH1 - Silver Novillo Extended Leather,,WBSKG9C52BE646218,,E646218,"MSRP.1,ZCP,ZCW,ZCV,ZP2.3,2MK,302,507,5AC,6FL,6NF,6NR,655,752",,,"Apr 6, 2011",550/1100,,,,,,,,,,
A30 - Interlagos Blue Metallic,,NCSW - Black Novillo Leather,,WBSKG9C54BE646219,,E646219,"MSRP.1,ZCP,ZCW,ZCV,ZP2.3,2MK,302,507,6FL,6NF,6NR,655",,,"Apr 6, 2011",550,,,,,,,,,,
A30 - Interlagos Blue Metallic,,NCH5 - Fox Red/Black Novillo Leather,,WBSKG9C50BE646220,,E646220,"MSRP.1,ZCV,2MK,2MT.1,302,4MY,507,6FL,655",,,"Apr 6, 2011",550/950,,,,,,,,,,
A30 - Interlagos Blue Metallic,,NCSW - Black Novillo Leather,,WBSKG9C52BE646221,,E646221,"MSRP.1,ZCW,ZCV,ZP2.1,2MK,2MT.1,302,507,6FL,655,752",,,"Apr 6, 2011",550,,,,,,,,,,
A30 - Interlagos Blue Metallic,,NCH2 - Fox Red Novillo Leather,,WBSKG9C54BE646222,,E646222,"MSRP.1,ZCV,2MK,302,4MX,507,6FL,752",,,"Apr 6, 2011",550/950,,,,,,,,,,
668 - Jet Black,,NCSW - Black Novillo Leather,,WBSKG9C56BE646223,,E646223,"MSRP.1,ZCP,ZCW,ZCV,ZP2.3,302,507,6FL",,,"Apr 6, 2011",,,,,,,,,,,
A52 - Space Gray Metallic,,NCSW - Black Novillo Leather,,WBSKG9C58BE646224,,E646224,"MSRP.1,ZCP,ZCV,ZP2.3,2MK,302,494,507,6FL,6NF,6NR,655,752",,,"Apr 7, 2011",550,,,,,,,,,,
A29 - Silverstone Metallic II,,NCSW - Black Novillo Leather,,WBSKG9C5XBE646225,,E646225,"MSRP.1,ZCP,403,494,4MX,6FL,655",,,"Apr 7, 2011",550/950,,,,,,,,,,
A52 - Space Gray Metallic,,NCSW - Black Novillo Leather,,WBSKG9C51BE646226,,E646226,"MSRP.1,ZCP,ZCV,ZP2.3,2MK,302,494,507,6FL,6NF,6NR,655,752",,,"Apr 7, 2011",550,,,,,,,,,,
A96 - Mineral White Met.,,NCSW - Black Novillo Leather,,WBSKG9C53BE646227,,E646227,"MSRP.1,ZCW,ZCV,ZP2.2,2MK,2MT.1,302,403,507,5AC,6FL,6NF,6NR,655",,,"Apr 7, 2011",,,,,,,,,,,
300 - Alpine White,,NCSW - Black Novillo Leather,,WBSKG9C55BE646228,,E646228,"MSRP.1,ZCP,ZCV,ZP2.3,302,403,415,494,507,5AC,6FL,6NF,6NR,655,752",,,"Apr 7, 2011",,,,,,,,,,,
A52 - Space Gray Metallic,,NCH2 - Fox Red Novillo Leather,,WBSKG9C57BE646229,,E646229,"MSRP.1,ZCV,ZP2.3,2MT.1,302,494,507,6FL,752",,,"Apr 7, 2011",550,,,,,,,,,,
A52 - Space Gray Metallic,,NCH5 - Fox Red/Black Novillo Leather,,WBSKG9C53BE646230,,E646230,"MSRP.1,ZCP,ZCV,ZP2.3,302,494,507,6FL",,,"Apr 7, 2011",550,,,,,,,,,,
A52 - Space Gray Metallic,,NCSW - Black Novillo Leather,,WBSKG9C55BE646231,,E646231,"MSRP.1,ZCP,ZCW,ZCV,ZP2.3,2MK,302,507,6FL,6NF,6NR,752",,,"Apr 7, 2011",550,,,,,,,,,,
300 - Alpine White,,NCSW - Black Novillo Leather,,WBSKG9C57BE646232,,E646232,"MSRP.1,ZCP,ZCV,ZP2.3,302,403,415,494,507,5AC,6FL,6NF,6NR,655,752",,,"Apr 7, 2011",,,,,,,,,,,
300 - Alpine White,,NCSW - Black Novillo Leather,,WBSKG9C59BE646233,,E646233,"MSRP.1,ZCW,ZCV,ZP2.2,302,403,507,6FL,655",,,"Apr 7, 2011",,,,,,,,,,,
300 - Alpine White,,NCSW - Black Novillo Leather,,WBSKG9C50BE646234,,E646234,"MSRP.1,ZCP,ZCV,ZP2.3,2MK,302,494,507,6FL,6NF,6NR,655,752",,,"Apr 7, 2011",,,,,,,,,,,
A73 - Jerez Black Metallic,,NCH5 - Fox Red/Black Novillo Leather,,WBSKG9C52BE646235,,E646235,"MSRP.1,ZCP,ZP2.3,494,609,6FL",,,"Apr 7, 2011",550,,,,,,,,,,
668 - Jet Black,,NCSW - Black Novillo Leather,,WBSKG9C54BE646236,,E646236,"MSRP.1,2MK,2MT.1,4MY,6FL",,,"Apr 8, 2011",950,,,,,,,,,,
A30 - Interlagos Blue Metallic,,NCH5 - Fox Red/Black Novillo Leather,,WBSKG9C56BE646237,,E646237,"MSRP.1,ZCP,ZCV,ZP2.1,302,403,507,6FL",,,"Apr 8, 2011",550,,,,,,,,,,
668 - Jet Black,,NCSW - Black Novillo Leather,,WBSKG9C58BE646238,,E646238,"MSRP.1,ZCP,ZCW,ZCV,ZP2.3,2MK,302,507,6FL,6NF,6NR,655,752",,,"Apr 8, 2011",,,,,,,,,,,
381 - Le Mans Blue Metallic,,NDSW - Black Extended Novillo Leather,,WBSKG9C5XBE646239,,E646239,"MSRP.1,ZCW,ZCV,ZP2.3,2MT.1,302,403,507,6FL,655,752",,,"Apr 8, 2011",550/1100,,,,,,,,,,
A73 - Jerez Black Metallic,,NCSW - Black Novillo Leather,,WBSKG9C56BE646240,,E646240,"MSRP.1,ZCP,ZCV,ZP2.2,302,403,494,507,6FL,6NF,6NR,655,752",,,"Apr 8, 2011",550,,,,,,,,,,
381 - Le Mans Blue Metallic,,NCSW - Black Novillo Leather,,WBSKG9C58BE646241,,E646241,"MSRP.1,ZCV,ZP2.1,2MK,2MT.1,302,494,507,6FL,655,752",,,"Apr 8, 2011",550,,,,,,,,,,
A29 - Silverstone Metallic II,,NCSW - Black Novillo Leather,,WBSKG9C5XBE646242,,E646242,"MSRP.1,ZCV,ZP2.1,2MK,302,494,507,6FL",,,"Apr 8, 2011",550,,,,,,,,,,
A29 - Silverstone Metallic II,,NDH1 - Silver Novillo Extended Leather,,WBSKG9C51BE646243,,E646243,"MSRP.1,ZCV,ZP2.3,2MK,2MT.1,302,494,507,6FL,6NF,6NR,655,752",,,"Apr 8, 2011",550/1100,,,,,,,,,,
A29 - Silverstone Metallic II,,NCH4 - Palladium/Black Novillo Leather,,WBSKG9C53BE646244,,E646244,"MSRP.1,ZCP,ZCV,ZP2.3,302,415,507,6FL,6NF,6NR,752",,,"Apr 11, 2011",550,,,,,,,,,,
300 - Alpine White,,NDH2 - Fox Red Extended Leather,,WBSKG9C55BE646245,,E646245,"MSRP.1,ZCW,ZCV,ZP2.3,302,415,507,6FL,6NF,6NR,655,752",,,"Apr 11, 2011",1100,,,,,,,,,,
381 - Le Mans Blue Metallic,,NCSW - Black Novillo Leather,,WBSKG9C57BE646246,,E646246,"MSRP.1,ZCW,ZCV,ZP2.3,2MK,2MT.1,302,415,507,6FL,6NF,6NR,655,752",,,"Apr 11, 2011",550,,,,,,,,,,
A73 - Jerez Black Metallic,,NCSW - Black Novillo Leather,,WBSKG9C59BE646247,,E646247,"MSRP.1,ZCV,ZP2.3,2MK,302,494,507,6FL,6NF,6NR,752",,,"Apr 11, 2011",550,,,,,,,,,,
668 - Jet Black,,NCSW - Black Novillo Leather,,WBSKG9C50BE646248,,E646248,"MSRP.1,ZCV,ZP2.2,2MT.1,302,403,494,507,6FL,752",,,"Apr 11, 2011",,,,,,,,,,,
A96 - Mineral White Met.,,NCSW - Black Novillo Leather,,WBSKG9C52BE646249,,E646249,"MSRP.1,ZCV,ZP2.3,2MK,2MT.1,302,507,6FL,752",,,"Apr 11, 2011",,,,,,,,,,,
A96 - Mineral White Met.,,NCSW - Black Novillo Leather,,WBSKG9C59BE646250,,E646250,"MSRP.1,ZCP,ZCW,ZCV,ZP2.3,2MK,302,507,6FL,6NF,6NR,655,752",,,"Apr 11, 2011",,,,,,,,,,,
A96 - Unknown Paint Code,,NCSW - Black Novillo Leather,,WBSKG9C50BE646251,,E646251,"MSRP.1,ZCP,ZCV,ZP2.3,2MK,302,415,494,507,6FL,6NF,6NR,655,752",,,"Apr 11, 2011",,,,,,,,,,,
A96 - Unknown Paint Code,,NCH2 - Fox Red Novillo Leather,,WBSKG9C52BE646252,,E646252,"MSRP.1,ZCP,ZP2.3,609,6FL,655",,,"Apr 11, 2011",,,,,,,,,,,
A96 - Unknown Paint Code,,NCH2 - Fox Red Novillo Leather,,WBSKG9C54BE646253,,E646253,"MSRP.1,ZCP,ZP2.3,2MK,494,507,609,6FL,6NF,6NR,752",,,"Apr 11, 2011",,,,,,,,,,,
300 - Alpine White,,NDH2 - Fox Red Extended Leather,,WBSKG9C56BE646254,,E646254,"MSRP.1,ZCP,ZCW,ZCV,ZP2.3,302,415,507,6FL,6NF,6NR,655,752",,,"Apr 11, 2011",1100,,,,,,,,,,
300 - Alpine White,,NCH5 - Fox Red/Black Novillo Leather,,WBSKG9C58BE646255,,E646255,"MSRP.1,ZCP,ZCV,ZP2.3,302,415,494,507,6FL,6NF,6NR,752",,,"Apr 11, 2011",,,,,,,,,,,
A29 - Silverstone Metallic II,,NCSW - Black Novillo Leather,,WBSKG9C5XBE646256,,E646256,"MSRP.1,ZCP,ZCW,ZCV,ZP2.3,2MK,302,507,6FL,655",,,"Apr 11, 2011",550,,,,,,,,,,
A29 - Silverstone Metallic II,,GEAT - Anthracite/Black Cloth & Leather,,WBSKG9C51BE646257,,E646257,"MSRP.1,ZCP,2MK,494,4MY,609,6FL,6NF,6NR,752",,,"Apr 11, 2011",550,,,,,,,,,,
300 - Alpine White,,NCSW - Black Novillo Leather,,WBSKG9C53BE646258,,E646258,"MSRP.1,ZCP,ZCV,ZP2.3,2MK,302,415,494,507,6FL,6NF,6NR,655,752",,,"Apr 11, 2011",,,,,,,,,,,
300 - Alpine White,,NCSW - Black Novillo Leather,,WBSKG9C55BE646259,,E646259,"MSRP.1,ZCW,ZCV,ZP2.3,2MK,2MT.1,302,415,507,6FL,655,752",,,"Apr 11, 2011",,,CAN,,,,,,,,
A30 - Interlagos Blue Metallic,,NCH4 - Palladium/Black Novillo Leather,,WBSKG9C51BE646260,,E646260,"MSRP.1,ZCP,ZCW,ZCV,ZP2.2,2MK,302,415,507,5AC,6FL,6NF,6NR,752",,,"Apr 12, 2011",550,,,,,,,,,,
A96 - Mineral White Met.,,NCH2 - Fox Red Novillo Leather,,WBSKG9C53BE646261,,E646261,"MSRP.1,ZCP,ZCV,ZP2.3,2MK,302,507,6FL,655,752",,,"Apr 12, 2011",,,,,,,,,,,
300 - Alpine White,,NCH4 - Palladium/Black Novillo Leather,,WBSKG9C55BE646262,,E646262,"MSRP.1,ZCP,ZP2.3,2MK,6FL",,,"Apr 12, 2011",,,,,,,,,,,
A52 - Space Gray Metallic,,NCSW - Black Novillo Leather,,WBSKG9C57BE646263,,E646263,"MSRP.1,ZCW,ZCV,ZP2.3,2MT.1,302,507,6FL",,,"Apr 12, 2011",550,,,,,,,,,,
381 - Le Mans Blue Metallic,,NDH3 - Beige Novillo Extended Leather,,WBSKG9C59BE646264,,E646264,"MSRP.1,ZCP,ZCV,ZP2.2,2MK,302,403,507,6FL,655,752",,,"Apr 12, 2011",550/1100,,,,,,,,,,
A52 - Space Gray Metallic,,NCSW - Black Novillo Leather,,WBSKG9C50BE646265,,E646265,"MSRP.1,ZCP,ZCV,ZP2.3,302,494,507,6FL,6NF,6NR",,,"Apr 12, 2011",550,,,,,,,,,,
381 - Le Mans Blue Metallic,,NDH3 - Beige Novillo Extended Leather,,WBSKG9C52BE646266,,E646266,"MSRP.1,ZCP,ZCW,ZCV,ZP2.3,302,403,415,507,6FL,655,752",,,"Apr 12, 2011",550/1100,,,,,,,,,,
A96 - Unknown Paint Code,,NDSW - Black Extended Novillo Leather,,WBSKG9C54BE646267,,E646267,"MSRP.1,ZCV,ZP2.2,2MK,2MT.1,302,403,415,494,507,5AC,6FL,6NF,6NR,655,752",,,"Apr 12, 2011",1100,,,,,,,,,,
300 - Alpine White,,NCSW - Black Novillo Leather,,WBSKG9C56BE646268,,E646268,"MSRP.1,ZCP,ZP2.3,494,609,6FL",,,"Apr 12, 2011",,,,,,,,,,,
A96 - Mineral White Met.,,NDH1 - Silver Novillo Extended Leather,,WBSKG9C58BE646269,,E646269,"MSRP.1,ZCV,ZP2.3,2MK,302,403,415,507,6FL,752",,,"Apr 12, 2011",1100,,,,,,,,,,
668 - Jet Black,,NCH5 - Fox Red/Black Novillo Leather,,WBSKG9C54BE646270,,E646270,"MSRP.1,ZCP,ZCW,ZCV,ZP2.3,2MK,302,403,507,6FL,6NF,6NR,655,752",,,"Apr 12, 2011",,,,,,,,,,,
A73 - Jerez Black Metallic,,NCH4 - Palladium/Black Novillo Leather,,WBSKG9C56BE646271,,E646271,"MSRP.1,ZCP,ZCV,ZP2.3,2MK,302,494,507,6FL,6NF,6NR,752",,,"Apr 12, 2011",550,,,,,,,,,,
A73 - Jerez Black Metallic,,NCSW - Black Novillo Leather,,WBSKG9C58BE646272,,E646272,"MSRP.1,ZCP,ZCW,ZCV,ZP2.3,302,507,6FL,752",,,"Apr 12, 2011",550,,,,,,,,,,
668 - Jet Black,,NCSW - Black Novillo Leather,,WBSKG9C5XBE646273,,E646273,"MSRP.1,ZCP,ZCW,ZCV,ZP2.3,2MK,302,403,507,5AC,6FL,6NF,6NR,655,752",,,"Apr 13, 2011",,,,,,,,,,,
399 - Atlantis Blue Metallic,,ZAP2 - Unknown Upholstery Code,,WBSKG9C51BE646274,,E646274,"MSRP.1,ZCP,ZCV,ZP2.3,2MK,302,494,507,6FL,655,752",,,"Apr 15, 2011",,,,,,,,,,,
A73 - Jerez Black Metallic,,Z1XX - Unknown Upholstery Code,,WBSKG9C53BE646275,,E646275,"MSRP.1,ZCP,ZCW,ZCV,2MK,302,403,507,6FL,6NF,6NR,655,752",,,"Apr 18, 2011",550,,,,,,,,,,
U91 - Frozen Black ,,Z1XX - Unknown Upholstery Code,,WBSKG9C55BE646276,,E646276,"MSRP.1,ZCP,ZCV,ZP2.3,2MK,302,494,507,6FL,655,752",,,"Apr 20, 2011",,,,,,,,,,,
A75 - Melbourne Red Metallic,,NDH1 - Silver Novillo Extended Leather,,WBSKG9C57BE646277,,E646277,"MSRP.1,ZCP,ZCV,ZP2.3,302,403,494,507,6FL,6NF,6NR,752",,,"Apr 13, 2011",550/1100,,,,,,,,,,
A75 - Melbourne Red Metallic,,NCH5 - Fox Red/Black Novillo Leather,,WBSKG9C59BE646278,,E646278,"MSRP.1,ZCP,ZCV,ZP2.3,302,403,494,507,6FL,6NF,6NR,752",,,"Apr 13, 2011",550,,,,,,,,,,
300 - Alpine White,,NCSW - Black Novillo Leather,,WBSKG9C50BE646279,,E646279,"MSRP.1,ZCV,ZP2.2,2MK,302,403,507,6FL,655,752",,,"Apr 13, 2011",,,,,,,,,,,
300 - Alpine White,,GEAT - Anthracite/Black Cloth & Leather,,WBSKG9C57BE646280,,E646280,"MSRP.1,ZCP,ZCV,2MK,302,507,639,6FL,6NF,6NR,655,752,771",,,"Apr 13, 2011",,,,,,,,,,,
A52 - Space Gray Metallic,,NCSW - Black Novillo Leather,,WBSKG9C59BE646281,,E646281,"MSRP.1,ZCP,ZCW,ZCV,ZP2.3,2MK,302,507,6FL",,,"Apr 13, 2011",550,,,,,,,,,,
A29 - Silverstone Metallic II,,NCSW - Black Novillo Leather,,WBSKG9C50BE646282,,E646282,"MSRP.1,ZCP,ZCV,ZP2.1,2MK,302,494,507,6FL",,,"Apr 14, 2011",550,,,,,,,,,,
A30 - Interlagos Blue Metallic,,NCH4 - Palladium/Black Novillo Leather,,WBSKG9C52BE646283,,E646283,"MSRP.1,ZCP,ZCW,ZCV,ZP2.1,2MK,302,403,507,5AC,6FL,655,752",,,"Apr 14, 2011",550,,,,,,,,,,
A52 - Space Gray Metallic,,NCSW - Black Novillo Leather,,WBSKG9C54BE646284,,E646284,"MSRP.1,2MK,2MT.1,403,507,609,639,6FL,655,752,771",,,"Apr 14, 2011",550/950,,,,,,,,,,
A73 - Jerez Black Metallic,,NDH2 - Fox Red Extended Leather,,WBSKG9C56BE646285,,E646285,"MSRP.1,ZCP,ZCV,ZP2.3,2MK,302,415,507,5AC,6FL,6NF,6NR,655,752",,,"Apr 14, 2011",550/1100,,,,,,,,,,
A29 - Silverstone Metallic II,,NCSW - Black Novillo Leather,,WBSKG9C58BE646286,,E646286,"MSRP.1,ZCV,ZP2.3,2MK,2MT.1,302,403,494,507,6FL,6NF,6NR,655",,,"Apr 14, 2011",550,,,,,,,,,,
A73 - Jerez Black Metallic,,NCSW - Black Novillo Leather,,WBSKG9C5XBE646287,,E646287,"MSRP.1,ZCP,ZCV,ZP2.3,2MK,302,507,6FL,6NF,6NR,655,752",,,"Apr 14, 2011",550,,,,,,,,,,
A75 - Melbourne Red Metallic,,NCH5 - Fox Red/Black Novillo Leather,,WBSKG9C51BE646288,,E646288,"MSRP.1,ZCV,2MK,302,507,639,6FL,6NF,6NR,655,771",,,"Apr 14, 2011",550/950,,,,,,,,,,
A73 - Jerez Black Metallic,,NCSW - Black Novillo Leather,,WBSKG9C53BE646289,,E646289,"MSRP.1,ZCP,ZCV,ZP2.3,2MK,302,507,6FL,6NF,6NR,655,752",,,"Apr 14, 2011",550,,,,,,,,,,
A75 - Melbourne Red Metallic,,NCSW - Black Novillo Leather,,WBSKG9C5XBE646290,,E646290,"MSRP.1,ZCP,ZCW,ZCV,ZP2.3,302,507,6FL,655,752",,,"Apr 14, 2011",550,,,,,,,,,,
A75 - Melbourne Red Metallic,,NCSW - Black Novillo Leather,,WBSKG9C51BE646291,,E646291,"MSRP.1,ZCP,ZCW,ZCV,ZP2.1,2MK,302,415,507,6FL,6NF,6NR,655,752",,,"Apr 15, 2011",550,,,,,,,,,,
A52 - Space Gray Metallic,,NCSW - Black Novillo Leather,,WBSKG9C53BE646292,,E646292,"MSRP.1,2MT.1,494,771",,,"Apr 15, 2011",550/950,,,,,,,,,,
A96 - Mineral White Met.,,GEAT - Anthracite/Black Cloth & Leather,,WBSKG9C55BE646293,,E646293,"MSRP.1,ZCP,2MK,415,6FL,771",,,"Apr 15, 2011",,,,,,,,,,,
300 - Alpine White,,NCSW - Black Novillo Leather,,WBSKG9C57BE646294,,E646294,"MSRP.1,2MT.1,494,771",,,"Apr 15, 2011",950,,,,,,,,,,
A52 - Space Gray Metallic,,NCH5 - Fox Red/Black Novillo Leather,,WBSKG9C59BE646295,,E646295,"MSRP.1,ZCP,ZCV,ZP2.3,2MK,302,415,494,507,6FL,6NF,6NR,655,752",,,"Apr 15, 2011",550,,,,,,,,,,
A52 - Space Gray Metallic,,NCSW - Black Novillo Leather,,WBSKG9C50BE646296,,E646296,"MSRP.1,ZCP,ZCV,ZP2.3,2MK,302,494,507,6FL,6NF,6NR,655,752",,,"Apr 15, 2011",550,,,,,,,,,,
A52 - Space Gray Metallic,,NDH1 - Silver Novillo Extended Leather,,WBSKG9C52BE646297,,E646297,"MSRP.1,ZCP,ZCW,ZCV,ZP2.3,2MK,302,415,507,6FL,6NF,6NR,752",,,"Apr 15, 2011",550/1100,,,,,,,,,,
A52 - Space Gray Metallic,,NCH2 - Fox Red Novillo Leather,,WBSKG9C54BE646298,,E646298,"MSRP.1,ZCV,ZP2.3,302,507,6FL,6NF,6NR",,,"Apr 15, 2011",550,,,,,,,,,,
A96 - Mineral White Met.,,NCSW - Black Novillo Leather,,WBSKG9C56BE646299,,E646299,"MSRP.1,ZCP,ZCV,ZP2.3,2MK,302,494,507,6FL,752",,,"Apr 15, 2011",,,,,,,,,,,
A96 - Mineral White Met.,,NCSW - Black Novillo Leather,,WBSKG9C59BE646300,,E646300,"MSRP.1,ZCP,ZCV,ZP2.2,2MK,302,494,507,6FL,6NF,6NR,655,752",,,"Apr 15, 2011",,,,,,,,,,,
A96 - Mineral White Met.,,NCH2 - Fox Red Novillo Leather,,WBSKG9C50BE646301,,E646301,"MSRP.1,ZCP,ZCV,ZP2.3,2MK,302,507,6FL",,,"Apr 15, 2011",,,,,,,,,,,
300 - Alpine White,,NCSW - Black Novillo Leather,,WBSKG9C52BE646302,,E646302,"MSRP.1,ZCP,ZCV,ZP2.3,2MK,302,494,507,6FL,655,752",,,"Apr 15, 2011",,,,,,,,,,,
300 - Alpine White,,NCSW - Black Novillo Leather,,WBSKG9C54BE646303,,E646303,"MSRP.1,ZCP,ZCV,ZP2.3,2MK,302,494,507,6FL,6NF,6NR,655,752",,,"Apr 15, 2011",,,,,,,,,,,
300 - Alpine White,,NCSW - Black Novillo Leather,,WBSKG9C56BE646304,,E646304,"MSRP.1,ZCW,ZCV,ZP2.3,2MK,2MT.1,302,507,6FL,6NF,6NR,655,752",,,"Apr 15, 2011",,,,,,,,,,,
300 - Alpine White,,NCSW - Black Novillo Leather,,WBSKG9C58BE646305,,E646305,"MSRP.1,ZCP,ZCV,ZP2.3,2MK,302,494,507,6FL,6NF,6NR,655,752",,,"Apr 15, 2011",,,,,,,,,,,
300 - Alpine White,,NCH5 - Fox Red/Black Novillo Leather,,WBSKG9C5XBE646306,,E646306,"MSRP.1,ZCP,ZCV,ZP2.3,2MK,302,494,507,6FL,6NF,6NR,655",,,"Apr 15, 2011",,,,,,,,,,,
300 - Alpine White,,NDH2 - Fox Red Extended Leather,,WBSKG9C51BE646307,,E646307,"MSRP.1,ZCP,ZCV,302,494,4MY,507,6FL,655",,,"Apr 15, 2011",2000,,,,,,,,,,
300 - Alpine White,,NDH2 - Fox Red Extended Leather,,WBSKG9C53BE646308,,E646308,"MSRP.1,ZCP,ZCW,ZCV,ZP2.3,2MK,302,507,6FL,6NF,6NR,752",,,"Apr 18, 2011",1100,,,,,,,,,,
A52 - Space Gray Metallic,,NCSW - Black Novillo Leather,,WBSKG9C55BE646309,,E646309,"MSRP.1,ZCW,ZP2.1,2MT.1,403,609,6FL,655,752",,,"Apr 18, 2011",550,,,,,,,,,,
A52 - Space Gray Metallic,,NCH1 - Silver Novillo Leather,,WBSKG9C51BE646310,,E646310,"MSRP.1,ZCV,ZP2.1,302,403,494,507,6FL,655",,,"Apr 18, 2011",550,,,,,,,,,,
A52 - Space Gray Metallic,,NDSW - Black Extended Novillo Leather,,WBSKG9C53BE646311,,E646311,"MSRP.1,ZCP,ZCV,ZP2.1,302,403,507,6FL,6NF,6NR,752",,,"Apr 18, 2011",550/1100,,,,,,,,,,
A52 - Space Gray Metallic,,NDH2 - Fox Red Extended Leather,,WBSKG9C55BE646312,,E646312,"MSRP.1,ZCP,ZCW,ZCV,ZP2.1,2MK,302,403,507,5AC,6FL,6NF,6NR,655,752",,,"Apr 18, 2011",550/1100,,,,,,,,,,
300 - Alpine White,,NCSW - Black Novillo Leather,,WBSKG9C57BE646313,,E646313,"MSRP.1,ZCP,ZCV,ZP2.3,2MK,302,403,494,507,6FL,6NF,6NR,655,752",,,"Apr 18, 2011",,,,,,,,,,,
300 - Alpine White,,NCH2 - Fox Red Novillo Leather,,WBSKG9C59BE646314,,E646314,"MSRP.1,ZCW,ZCV,ZP2.2,2MK,302,403,507,6FL,655",,,"Apr 18, 2011",,,,,,,,,,,
A96 - Mineral White Met.,,NCSW - Black Novillo Leather,,WBSKG9C50BE646315,,E646315,"MSRP.1,ZCP,ZCW,ZCV,ZP2.3,2MK,302,507,6FL,6NF,6NR,655,752",,,"Apr 18, 2011",,,,,,,,,,,
A96 - Mineral White Met.,,NCSW - Black Novillo Leather,,WBSKG9C52BE646316,,E646316,"MSRP.1,ZCV,ZP2.3,2MK,2MT.1,302,494,507,6FL,6NF,6NR,655",,,"Apr 18, 2011",,,,,,,,,,,
A96 - Unknown Paint Code,,NCH5 - Fox Red/Black Novillo Leather,,WBSKG9C54BE646317,,E646317,"MSRP.1,ZCP,ZCW,ZCV,ZP2.3,2MK,302,415,507,5AC,6FL,752",,,"Apr 18, 2011",,,,,,,,,,,
300 - Alpine White,,NCH5 - Fox Red/Black Novillo Leather,,WBSKG9C56BE646318,,E646318,"MSRP.1,ZCP,ZCV,ZP2.3,2MK,302,415,494,507,6FL,6NF,6NR,655,752",,,"Apr 18, 2011",,,,,,,,,,,
300 - Alpine White,,NCSW - Black Novillo Leather,,WBSKG9C58BE646319,,E646319,"MSRP.1,ZCP,ZCV,ZP2.3,2MK,302,415,494,507,6FL,655,752",,,"Apr 18, 2011",,,,,,,,,,,
300 - Alpine White,,NCH2 - Fox Red Novillo Leather,,WBSKG9C54BE646320,,E646320,"MSRP.1,ZCP,ZCW,ZCV,ZP2.3,302,507,6FL",,,"Apr 18, 2011",,,,,,,,,,,
300 - Alpine White,,GEAT - Anthracite/Black Cloth & Leather,,WBSKG9C56BE646321,,E646321,"MSRP.1,ZCP,2MK,639,771",,,"Apr 18, 2011",,,,,,,,,,,
300 - Alpine White,,NCSW - Black Novillo Leather,,WBSKG9C58BE646322,,E646322,"MSRP.1,ZCP,ZCV,ZP2.3,2MK,302,494,507,6FL,655,752",,,"Apr 19, 2011",,,,,,,,,,,
,,NCH1 - Silver Novillo Leather,,WBSKG9C5XBE646323,,E646323,"MSRP.1,ZCP,ZCV,2MK,302,4MY,507,6FL,655,752",,,"Apr 26, 2011",950,,,,,,,,,,
X03 - Unknown Paint Code,,ZACM - Unknown Upholstery Code,,WBSKG9C51BE646324,,E646324,"MSRP.1,ZCW,ZCV,2MK,302,415,507,6FL,655,752",,,"Apr 28, 2011",,,CAN,,,,,,,,
668 - Jet Black,,NCH2 - Fox Red Novillo Leather,,WBSKG9C53BE646325,,E646325,"MSRP.1,ZCP,ZCV,302,403,507,639,6FL,771",,,"Apr 19, 2011",950,,,,,,,,,,
A96 - Mineral White Met.,,NCH2 - Fox Red Novillo Leather,,WBSKG9C55BE646326,,E646326,"MSRP.1,ZCP,ZCW,ZCV,ZP2.3,2MK,302,415,507,5AC,6FL,6NF,6NR,655,752",,,"Apr 19, 2011",,,,,,,,,,,
A96 - Mineral White Met.,,NCSW - Black Novillo Leather,,WBSKG9C57BE646327,,E646327,"MSRP.1,ZCP,4MX,6FL,655",,,"Apr 19, 2011",950,,,,,,,,,,
300 - Alpine White,,NCSW - Black Novillo Leather,,WBSKG9C59BE646328,,E646328,"MSRP.1,ZCP,ZCV,ZP2.3,2MK,302,494,507,6FL,655,752",,,"Apr 19, 2011",,,,,,,,,,,
668 - Jet Black,,NCH5 - Fox Red/Black Novillo Leather,,WBSKG9C50BE646329,,E646329,"MSRP.1,ZCP,ZCV,ZP2.3,2MK,302,415,494,507,6FL,6NF,6NR,655,752",,,"Apr 19, 2011",,,,,,,,,,,
668 - Jet Black,,NCH5 - Fox Red/Black Novillo Leather,,WBSKG9C57BE646330,,E646330,"MSRP.1,ZCP,ZCV,ZP2.3,2MK,302,494,507,6FL,6NF,6NR,655,752",,,"Apr 19, 2011",,,,,,,,,,,
668 - Jet Black,,NCH4 - Palladium/Black Novillo Leather,,WBSKG9C59BE646331,,E646331,"MSRP.1,ZCW,ZCV,ZP2.2,2MK,2MT.1,302,507,6FL",,,"Apr 19, 2011",,,,,,,,,,,
668 - Jet Black,,NCH5 - Fox Red/Black Novillo Leather,,WBSKG9C50BE646332,,E646332,"MSRP.1,ZCP,ZCV,ZP2.3,2MK,302,494,507,6FL,6NF,6NR,655,752",,,"Apr 19, 2011",,,,,,,,,,,
668 - Jet Black,,NCSW - Black Novillo Leather,,WBSKG9C52BE646333,,E646333,"MSRP.1,ZCV,ZP2.3,2MK,2MT.1,302,494,507,6FL,6NF,6NR,655,752",,,"Apr 19, 2011",,,,,,,,,,,
A75 - Melbourne Red Metallic,,NCSW - Black Novillo Leather,,WBSKG9C54BE646334,,E646334,"MSRP.1,ZCP,ZCW,ZCV,302,403,507,639,6FL,771",,,"Apr 20, 2011",550/950,,,,,,,,,,
668 - Jet Black,,NCH5 - Fox Red/Black Novillo Leather,,WBSKG9C56BE646335,,E646335,"MSRP.1,ZCP,ZCW,ZP2.3,302,507",,,"Apr 20, 2011",,,,,,,,,,,
A96 - Mineral White Met.,,NCSW - Black Novillo Leather,,WBSKG9C58BE646336,,E646336,"MSRP.1,ZCP,ZCV,ZP2.2,2MK,302,403,507,6FL,6NF,6NR,655,752",,,"Apr 20, 2011",,,,,,,,,,,
A96 - Mineral White Met.,,NCH3 - Beige Novillo Leather,,WBSKG9C5XBE646337,,E646337,"MSRP.1,ZCW,ZCV,ZP2.1,2MK,2MT.1,302,403,6FL",,,"Apr 20, 2011",,,CAN,,,,,,,,
300 - Alpine White,,NDSW - Black Extended Novillo Leather,,WBSKG9C51BE646338,,E646338,"MSRP.1,ZCW,ZCV,ZP2.1,2MT.1,302,403,415,507,6FL,655,752",,,"Apr 20, 2011",1100,,CAN,,,,,,,,
668 - Jet Black,,NCSW - Black Novillo Leather,,WBSKG9C53BE646339,,E646339,"MSRP.1,ZCV,ZP2.1,2MK,2MT.1,302,403,494,507,6FL",,,"Apr 21, 2011",,,,,,,,,,,
381 - Le Mans Blue Metallic,,NCH2 - Fox Red Novillo Leather,,WBSKG9C5XBE646340,,E646340,"MSRP.1,ZCW,ZP2.3,302,322,6FL,655,752",,,"Apr 21, 2011",550,,CAN,,,,,,,,
381 - Le Mans Blue Metallic,,NCSW - Black Novillo Leather,,WBSKG9C51BE646341,,E646341,"MSRP.1,ZCP,ZCV,ZP2.3,2MK,302,494,507,6FL,752",,,"Apr 21, 2011",550,,,,,,,,,,
A52 - Space Gray Metallic,,NCH2 - Fox Red Novillo Leather,,WBSKG9C53BE646342,,E646342,"MSRP.1,ZCW,ZP2.3,2MT.1,302,322,6FL",,,"Apr 21, 2011",550,,CAN,,,,,,,,
A73 - Jerez Black Metallic,,NCSW - Black Novillo Leather,,WBSKG9C55BE646343,,E646343,"MSRP.1,ZCP,ZCV,ZP2.3,2MK,302,494,507,6FL,6NF,6NR,655,752",,,"Apr 21, 2011",550,,,,,,,,,,
668 - Jet Black,,NCSW - Black Novillo Leather,,WBSKG9C57BE646344,,E646344,"MSRP.1,ZCW,ZCV,ZP2.3,2MK,2MT.1,302,403,507,6FL,6NF,6NR,655,752",,,"Apr 21, 2011",,,,,,,,,,,
668 - Jet Black,,NCSW - Black Novillo Leather,,WBSKG9C59BE646345,,E646345,"MSRP.1,ZCW,ZCV,ZP2.1,2MK,302,403,507,6FL,6NF,6NR,655,752",,,"Apr 21, 2011",,,,,,,,,,,
A52 - Space Gray Metallic,,NDSW - Black Extended Novillo Leather,,WBSKG9C50BE646346,,E646346,"MSRP.1,ZCP,ZCV,ZP2.3,2MK,302,494,507,6FL,6NF,6NR,655,752",,,"Apr 21, 2011",550/1100,,,,,,,,,,
381 - Le Mans Blue Metallic,,NCSW - Black Novillo Leather,,WBSKG9C52BE646347,,E646347,"MSRP.1,ZCV,2MK,302,403,507,639,6FL,771",,,"Apr 21, 2011",550/950,,,,,,,,,,
A73 - Jerez Black Metallic,,NDSW - Black Extended Novillo Leather,,WBSKG9C54BE646348,,E646348,"MSRP.1,ZCP,ZCV,ZP2.3,302,494,507,6FL",,,"Apr 21, 2011",550/1100,,,,,,,,,,
300 - Alpine White,,NCSW - Black Novillo Leather,,WBSKG9C56BE646349,,E646349,"MSRP.1,ZCP,ZCV,302,507,639,6FL,771",,,"Apr 21, 2011",950,,,,,,,,,,
300 - Alpine White,,NCH1 - Silver Novillo Leather,,WBSKG9C52BE646350,,E646350,"MSRP.1,ZCW,ZCV,ZP2.1,2MK,2MT.1,302,415,507,6FL,6NF,6NR,655,752",,,"Apr 21, 2011",,,CAN,,,,,,,,
A52 - Space Gray Metallic,,NCH2 - Fox Red Novillo Leather,,WBSKG9C54BE646351,,E646351,"MSRP.1,ZCP,ZP2.3,2MK,494,6FL",,,"Apr 26, 2011",550,,,,,,,,,,
A96 - Mineral White Met.,,NCH2 - Fox Red Novillo Leather,,WBSKG9C56BE646352,,E646352,"MSRP.1,ZCP,ZCW,ZCV,ZP2.3,2MK,302,507,6FL,6NF,6NR,655,752",,,"Apr 26, 2011",,,,,,,,,,,
300 - Alpine White,,NCSW - Black Novillo Leather,,WBSKG9C58BE646353,,E646353,"MSRP.1,ZCW,ZP2.3,302,322,6FL,655,752",,,"Apr 26, 2011",,,CAN,,,,,,,,
A29 - Silverstone Metallic II,,NCH1 - Silver Novillo Leather,,WBSKG9C5XBE646354,,E646354,"MSRP.1,ZCW,ZCV,ZP2.3,2MK,302,507,6FL,655,752",,,"Apr 26, 2011",550,,,,,,,,,,
A73 - Jerez Black Metallic,,NDH2 - Fox Red Extended Leather,,WBSKG9C51BE646355,,E646355,"MSRP.1,ZCP,ZCW,ZCV,ZP2.3,2MK,302,403,415,507,5AC,6FL,6NF,6NR,655,752",,,"Apr 26, 2011",550/1100,,,,,,,,,,
A29 - Silverstone Metallic II,,NCSW - Black Novillo Leather,,WBSKG9C53BE646356,,E646356,"MSRP.1,ZCP,ZCV,ZP2.1,302,494,507,6FL,752",,,"Apr 26, 2011",550,,,,,,,,,,
A96 - Mineral White Met.,,NCSW - Black Novillo Leather,,WBSKG9C55BE646357,,E646357,"MSRP.1,ZCW,ZCV,ZP2.3,2MT.1,302,403,6FL,655,752",,,"Apr 26, 2011",,,CAN,,,,,,,,
A75 - Melbourne Red Metallic,,NCSW - Black Novillo Leather,,WBSKG9C57BE646358,,E646358,"MSRP.1,ZCP,ZP2.3,2MK,403,494,609,6FL,655,752",,,"Apr 26, 2011",550,,,,,,,,,,
300 - Alpine White,,NCSW - Black Novillo Leather,,WBSKG9C59BE646359,,E646359,"MSRP.1,ZCP,ZCV,ZP2.3,2MK,302,403,494,507,6FL,6NF,6NR",,,"Apr 26, 2011",,,,,,,,,,,
668 - Jet Black,,NCSW - Black Novillo Leather,,WBSKG9C55BE646360,,E646360,"MSRP.1,ZCP,ZCV,ZP2.3,2MK,302,494,507,6FL,752",,,"Apr 26, 2011",,,,,,,,,,,
668 - Jet Black,,NCSW - Black Novillo Leather,,WBSKG9C57BE646361,,E646361,"MSRP.1,ZCV,ZP2.3,2MT.1,302,403,494,507,6FL,6NF,6NR,752",,,"Apr 26, 2011",,,,,,,,,,,
300 - Alpine White,,NCH2 - Fox Red Novillo Leather,,WBSKG9C59BE646362,,E646362,"MSRP.1,ZCW,ZCV,ZP2.3,2MK,2MT.1,302,403,415,507,6FL,655,752",,,"Apr 27, 2011",,,CAN,,,,,,,,
381 - Le Mans Blue Metallic,,NCSW - Black Novillo Leather,,WBSKG9C50BE646363,,E646363,"MSRP.1,ZCP,ZCV,ZP2.2,302,494,507,6FL,6NF,6NR,655,752",,,"Apr 26, 2011",550,,,,,,,,,,
300 - Alpine White,,GEAT - Anthracite/Black Cloth & Leather,,WBSKG9C52BE646364,,E646364,"MSRP.1,ZCP,ZCW,ZCV,ZP2.3,2MK,302,415,507,6FL,6NF,6NR,655,752",,,"Apr 26, 2011",,,CAN,,,,,,,,
A30 - Interlagos Blue Metallic,,NCH4 - Palladium/Black Novillo Leather,,WBSKG9C54BE646365,,E646365,"MSRP.1,ZCP,ZCW,ZCV,ZP2.3,302,507,6FL,6NF,6NR,655,752",,,"Apr 27, 2011",550,,,,,,,,,,
A30 - Interlagos Blue Metallic,,NCSW - Black Novillo Leather,,WBSKG9C56BE646366,,E646366,"MSRP.1,ZCW,ZCV,ZP2.3,2MK,2MT.1,302,415,507,6FL,6NF,6NR,655,752",,,"Apr 27, 2011",550,,CAN,,,,,,,,
668 - Jet Black,,NCSW - Black Novillo Leather,,WBSKG9C58BE646367,,E646367,"MSRP.1,ZCV,ZP2.3,2MK,2MT.1,302,403,494,507,6FL,6NF,6NR,655",,,"Apr 27, 2011",,,,,,,,,,,
A96 - Mineral White Met.,,NCSW - Black Novillo Leather,,WBSKG9C5XBE646368,,E646368,"MSRP.1,ZCV,ZP2.3,2MK,2MT.1,302,494,507,6FL,6NF,6NR,655,752",,,"Apr 27, 2011",,,,,,,,,,,
300 - Alpine White,,NCSW - Black Novillo Leather,,WBSKG9C51BE646369,,E646369,"MSRP.1,ZCW,ZP2.1,2MK,2MT.1,302,322,415,507,6FL,655,752",,,"Apr 27, 2011",,,CAN,,,,,,,,
A96 - Mineral White Met.,,NCH2 - Fox Red Novillo Leather,,WBSKG9C58BE646370,,E646370,"MSRP.1,ZCP,ZCW,ZCV,ZP2.3,2MK,302,507,6FL,6NF,6NR,655,752",,,"Apr 27, 2011",,,,,,,,,,,
A30 - Interlagos Blue Metallic,,NCSW - Black Novillo Leather,,WBSKG9C5XBE646371,,E646371,"MSRP.1,ZP2.3,2MK,2MT.1,507,609,6FL",,,"Apr 27, 2011",550,,,,,,,,,,
A52 - Space Gray Metallic,,NCSW - Black Novillo Leather,,WBSKG9C51BE646372,,E646372,"MSRP.1,2MK,2MT.1,507,609,771",,,"Apr 27, 2011",550/950,,,,,,,,,,
A52 - Space Gray Metallic,,NCSW - Black Novillo Leather,,WBSKG9C53BE646373,,E646373,"MSRP.1,ZCV,ZP2.1,2MK,2MT.1,302,494,507,6FL,655,752",,,"Apr 27, 2011",550,,,,,,,,,,
A52 - Space Gray Metallic,,NDSW - Black Extended Novillo Leather,,WBSKG9C55BE646374,,E646374,"MSRP.1,ZCW,ZCV,ZP2.2,2MK,2MT.1,302,415,507,5AC,6FL,6NF,6NR,752",,,"Apr 27, 2011",550/1100,,,,,,,,,,
300 - Alpine White,,NCSW - Black Novillo Leather,,WBSKG9C57BE646375,,E646375,"MSRP.1,ZCP,ZCV,2MK,302,494,4MY,507,6FL,6NF,6NR,752",,,"Apr 27, 2011",950,,,,,,,,,,
300 - Alpine White,,GEAT - Anthracite/Black Cloth & Leather,,WBSKG9C59BE646376,,E646376,"MSRP.1,ZCP,609,752,771",,,"Apr 27, 2011",,,,,,,,,,,
300 - Alpine White,,NDH3 - Beige Novillo Extended Leather,,WBSKG9C50BE646377,,E646377,"MSRP.1,ZCP,ZCW,ZCV,ZP2.3,2MK,302,415,507,5AC,6FL,6NF,6NR",,,"Apr 27, 2011",1100,,,,,,,,,,
381 - Le Mans Blue Metallic,,NCSW - Black Novillo Leather,,WBSKG9C52BE646378,,E646378,"MSRP.1,ZCP,2MK,302,507,6FL,771",,,"Apr 27, 2011",550/950,,,,,,,,,,
300 - Alpine White,,NCSW - Black Novillo Leather,,WBSKG9C54BE646379,,E646379,"MSRP.1,ZCW,ZCV,ZP2.3,2MK,2MT.1,302,415,507,6FL,6NF,6NR,655,752",,,"Apr 27, 2011",,,CAN,,,,,,,,
A52 - Space Gray Metallic,,NCH3 - Beige Novillo Leather,,WBSKG9C50BE646380,,E646380,"MSRP.1,ZCW,ZCV,ZP2.2,302,415,507,6FL,655,752",,,"Apr 27, 2011",550,,CAN,,,,,,,,
300 - Alpine White,,NCSW - Black Novillo Leather,,WBSKG9C52BE646381,,E646381,"MSRP.1,ZCP,ZCV,ZP2.3,2MK,302,494,507,6FL,6NF,6NR,752",,,"Apr 28, 2011",,,,,,,,,,,
668 - Jet Black,,NCSW - Black Novillo Leather,,WBSKG9C54BE646382,,E646382,"MSRP.1,ZCP,ZP2.1,403,609,6FL,655,752",,,"Apr 28, 2011",,,,,,,,,,,
A52 - Space Gray Metallic,,NCSW - Black Novillo Leather,,WBSKG9C56BE646383,,E646383,"MSRP.1,ZCP,ZCW,ZCV,ZP2.3,302,403,507,6FL,655",,,"Apr 28, 2011",550,,,,,,,,,,
A52 - Space Gray Metallic,,NCH5 - Fox Red/Black Novillo Leather,,WBSKG9C58BE646384,,E646384,"MSRP.1,ZCP,ZCV,ZP2.3,2MK,302,415,507,6FL",,,"Apr 28, 2011",550,,,,,,,,,,
A73 - Jerez Black Metallic,,NCH5 - Fox Red/Black Novillo Leather,,WBSKG9C5XBE646385,,E646385,"MSRP.1,ZCP,ZCV,ZP2.3,2MK,302,507,6FL,752",,,"Apr 28, 2011",550,,,,,,,,,,
381 - Le Mans Blue Metallic,,NCH5 - Fox Red/Black Novillo Leather,,WBSKG9C51BE646386,,E646386,"MSRP.1,ZCP,ZP2.1,403,494,609,6FL",,,"Apr 28, 2011",550,,,,,,,,,,
A52 - Space Gray Metallic,,NCSW - Black Novillo Leather,,WBSKG9C53BE646387,,E646387,"MSRP.1,ZCP,ZCV,ZP2.3,302,494,507,6FL,655,752",,,"Apr 28, 2011",550,,,,,,,,,,
A52 - Space Gray Metallic,,NCSW - Black Novillo Leather,,WBSKG9C55BE646388,,E646388,"MSRP.1,ZCV,ZP2.2,2MK,2MT.1,302,494,507,6FL,655",,,"Apr 28, 2011",550,,,,,,,,,,
300 - Alpine White,,NCSW - Black Novillo Leather,,WBSKG9C57BE646389,,E646389,"MSRP.1,ZCP,ZCW,ZCV,ZP2.3,2MK,302,507,6FL",,,"Apr 28, 2011",,,,,,,,,,,
300 - Alpine White,,NCSW - Black Novillo Leather,,WBSKG9C53BE646390,,E646390,"MSRP.1,ZCW,ZCV,ZP2.1,2MK,2MT.1,302,415,507,6FL,6NF,6NR,655,752",,,"Apr 29, 2011",,,CAN,,,,,,,,
A52 - Space Gray Metallic,,NDSW - Black Extended Novillo Leather,,WBSKG9C55BE646391,,E646391,"MSRP.1,ZCP,ZCV,ZP2.3,2MK,302,415,507,6FL,6NF,6NR,655,752",,,"Apr 29, 2011",550/1100,,,,,,,,,,
U91 - Frozen Black ,,NCSW - Black Novillo Leather,,WBSKG9C57BE646392,,E646392,"MSRP.1,ZCP,ZCV,ZP2.3,2MK,302,494,507,6FL,6NF,6NR,752",,,"May 2, 2011",,,,,,,,,,,
300 - Alpine White,,NCSW - Black Novillo Leather,,WBSKG9C59BE646393,,E646393,"MSRP.1,ZCP,ZCV,ZP2.3,302,494,507,6FL,6NF,6NR,655",,,"May 4, 2011",,,,,,,,,,,
A75 - Melbourne Red Metallic,,NCH3 - Beige Novillo Leather,,WBSKG9C50BE646394,,E646394,"MSRP.1,ZCP,ZCV,ZP2.2,302,403,494,507,6FL",,,"May 5, 2011",550,,,,,,,,,,
A52 - Space Gray Metallic,,NCH4 - Palladium/Black Novillo Leather,,WBSKG9C52BE646395,,E646395,"MSRP.1,ZCP,ZCW,ZCV,ZP2.3,2MK,302,403,507,6FL,655",,,"May 5, 2011",550,,,,,,,,,,
A75 - Melbourne Red Metallic,,NCH3 - Beige Novillo Leather,,WBSKG9C54BE646396,,E646396,"MSRP.1,ZCP,ZCW,ZCV,ZP2.3,2MK,302,415,507,5AC,6FL,6NF,6NR,655,752",,,"May 5, 2011",550,,,,,,,,,,
U91 - Frozen Black ,,Z1XX - Unknown Upholstery Code,,WBSKG9C56BE646397,,E646397,"MSRP.1,ZCP,ZCV,ZP2.3,2MK,302,494,507,6FL,655,752",,,"May 11, 2011",,,,,,,,,,,
U91 - Frozen Black ,,Z1XX - Unknown Upholstery Code,,WBSKG9C58BE646398,,E646398,"MSRP.1,ZCP,ZCV,ZP2.3,2MK,302,494,507,6FL,655,752",,,"May 11, 2011",,,,,,,,,,,
300 - Alpine White,,NCSW - Black Novillo Leather,,WBSKG9C5XBE646399,,E646399,"MSRP.1,ZCP,ZP2.3,403,415,5AC,6FL",,,"May 6, 2011",,,,,,,,,,,
,,,,VIN SKIP,,,,,,,,,,,,,,,,,
A73 - Jerez Black Metallic,,NCSW - Black Novillo Leather,,WBSKG9C50BE796800,,E796800,"MSRP.1,ZCP,ZCV,ZP2.3,2MK,302,494,507,6FL,6NF,6NR,655,752",,,"May 6, 2011",550,,,,,,,,,,
381 - Le Mans Blue Met.,,NCH4 - Palladium/Black Novillo Leather,,WBSKG9C52BE796801,,E796801,"MSRP.1,ZCP,ZCW,ZCV,ZP2.2,2MK,302,507,5AC,6FL,655,752",,,"May 7, 2011",,,,,,,,,,,
300 - Alpine White,,NCSW - Black Novillo Leather,,WBSKG9C54BE796802,,E796802,"MSRP.1,ZCP,ZCV,ZP2.3,2MK,302,494,507,6FL,6NF,6NR,655,752",,,"May 9, 2011",,,,,,,,,,,
A30 - Interlagos Blue Metallic,,GEAT - Anthracite/Black Cloth & Leather,,WBSKG9C56BE796803,,E796803,"MSRP.1,403,494,6FL,771",,,"May 9, 2011",550,,,,,,,,,,
A30 - Interlagos Blue Metallic,,NCSW - Black Novillo Leather,,WBSKG9C58BE796804,,E796804,"MSRP.1,ZCP,494,639,6FL,655,771",,,"May 10, 2011",550/950,,,,,,,,,,
A29 - Silverstone Metallic II,,NCSW - Black Novillo Leather,,WBSKG9C5XBE796805,,E796805,"MSRP.1,ZCP,ZCV,ZP2.3,302,415,507,6FL,6NF,6NR,655,752",,,"May 10, 2011",550,,,,,,,,,,
A96 - Mineral White Met.,,NDH3 - Beige Novillo Extended Leather,,WBSKG9C51BE796806,,E796806,"MSRP.1,ZCP,ZCV,ZP2.3,302,415,494,507,6FL,6NF,6NR",,,"May 11, 2011",1100,,,,,,,,,,
A96 - Mineral White Met.,,NCH2 - Fox Red Novillo Leather,,WBSKG9C53BE796807,,E796807,"MSRP.1,ZCP,ZCV,ZP2.1,2MK,302,507,6FL,752",,,"May 11, 2011",,,,,,,,,,,
A96 - Mineral White Met.,,NDSW - Black Extended Novillo Leather,,WBSKG9C55BE796808,,E796808,"MSRP.1,ZCP,ZCV,ZP2.3,2MK,302,494,507,6FL,6NF,6NR,655,752",,,"May 12, 2011",1100,,,,,,,,,,
A52 - Space Gray Metallic,,NCSW - Black Novillo Leather,,WBSKG9C57BE796809,,E796809,"MSRP.1,ZCP,ZCV,ZP2.3,302,494,507,5AC,6FL,6NF,6NR,752",,,"May 12, 2011",550,,,,,,,,,,
,,Z1XX - Unknown Upholstery Code,,WBSKG9C53BE796810,,E796810,"MSRP.1,ZCP,ZCV,ZP2.3,2MK,302,494,507,6FL,655,752",,,"May 17, 2011",,,,,,,,,,,
,,NCSW - Black Novillo Leather,,WBSKG9C55BE796811,,E796811,"MSRP.1,ZCP,ZCV,ZP2.3,2MK,302,507,6FL",,,"May 18, 2011",,,,,,,,,,,
,,NDH2 - Fox Red Extended Leather,,WBSKG9C57BE796812,,E796812,"MSRP.1,ZCP,ZCW,ZCV,ZP2.3,302,415,507,5AC,6FL,6NF,6NR,655,752",,,"May 18, 2011",1100,,,,,,,,,,
,,Z1XX - Unknown Upholstery Code,,WBSKG9C59BE796813,,E796813,"MSRP.1,ZCP,ZCV,ZP2.3,2MK,302,494,507,6FL,655,752",,,"May 19, 2011",,,,,,,,,,,
,,Z1XX - Unknown Upholstery Code,,WBSKG9C50BE796814,,E796814,"MSRP.1,ZCP,ZCV,ZP2.3,2MK,302,494,507,6FL,655,752",,,"May 18, 2011",,,,,,,,,,,
,,Z1XX - Unknown Upholstery Code,,WBSKG9C52BE796815,,E796815,"MSRP.1,ZCP,ZCV,ZP2.3,2MK,302,494,507,6FL,655,752",,,"May 20, 2011",,,,,,,,,,,
,,Z1XX - Unknown Upholstery Code,,WBSKG9C54BE796816,,E796816,"MSRP.1,ZCP,ZCV,ZP2.3,2MK,302,494,507,6FL,655,752",,,"May 19, 2011",,,,,,,,,,,
,,Z1XX - Unknown Upholstery Code,,WBSKG9C56BE796817,,E796817,"MSRP.1,ZCP,ZCV,ZP2.3,2MK,302,494,507,6FL,655,752",,,"May 21, 2011",,,,,,,,,,,
,,Z1XX - Unknown Upholstery Code,,WBSKG9C58BE796818,,E796818,"MSRP.1,ZCP,ZCV,ZP2.3,2MK,302,494,507,6FL,655,752",,,"May 21, 2011",,,,,,,,,,,
A96 - Unknown Paint Code,,NCSW - Black Novillo Leather,,WBSKG9C5XBE796819,,E796819,"MSRP.1,ZCP,2MK,507,6FL,655",,,"May 21, 2011",950,,,,,,,,,,
668 - Jet Black,,NCH5 - Fox Red/Black Novillo Leather,,WBSKG9C56BE796820,,E796820,"MSRP.1,ZCP,ZCW,ZCV,ZP2.1,2MK,302,403,507,6FL,655,752",,,"May 12, 2011",,,,,,,,,,,
300 - Alpine White,,NCSW - Black Novillo Leather,,WBSKG9C58BE796821,,E796821,"MSRP.1,494,507,609,6FL,655",,,"May 12, 2011",950,,,,,,,,,,
300 - Alpine White,,GEAT - Anthracite/Black Cloth & Leather,,WBSKG9C5XBE796822,,E796822,"MSRP.1,ZCW,ZCV,ZP2.3,2MT.1,302,415,507,6FL,655,752",,,"May 13, 2011",,,CAN,,,,,,,,
668 - Jet Black,,NDH3 - Beige Novillo Extended Leather,,WBSKG9C51BE796823,,E796823,"MSRP.1,ZCP,ZCV,ZP2.2,302,403,494,507,6FL,6NF,6NR,655,752",,,"May 13, 2011",1100,,,,,,,,,,
A96 - Unknown Paint Code,,NCSW - Black Novillo Leather,,WBSKG9C53BE796824,,E796824,"MSRP.1,ZCP,2MK,494,4MZ,609,6FL,655",,,"May 13, 2011",950,,,,,,,,,,
300 - Alpine White,,NCSW - Black Novillo Leather,,WBSKG9C55BE796825,,E796825,"MSRP.1,ZCW,ZCV,ZP2.3,2MT.1,302,415,507,6FL,655,752",,,"May 13, 2011",,,CAN,,,,,,,,
300 - Alpine White,,NCSW - Black Novillo Leather,,WBSKG9C57BE796826,,E796826,"MSRP.1,ZCP,ZCV,ZP2.1,302,494,507,6FL,6NF,6NR",,,"May 13, 2011",,,,,,,,,,,
300 - Alpine White,,NCSW - Black Novillo Leather,,WBSKG9C59BE796827,,E796827,"MSRP.1,2MT.1,4MY",,,"May 13, 2011",950,,,,,,,,,,
A96 - Unknown Paint Code,,NDSW - Black Extended Novillo Leather,,WBSKG9C50BE796828,,E796828,"MSRP.1,ZCV,ZP2.3,302,494,507,6FL,752",,,"May 13, 2011",1100,,,,,,,,,,
300 - Alpine White,,NDH2 - Fox Red Extended Leather,,WBSKG9C52BE796829,,E796829,"MSRP.1,ZCP,ZCV,ZP2.3,2MK,302,507,5AC,6FL,6NF,6NR,655,752",,,"May 14, 2011",1100,,,,,,,,,,
668 - Jet Black,,NCH3 - Beige Novillo Leather,,WBSKG9C59BE796830,,E796830,"MSRP.1,ZCP,ZP2.2,2MK,403,494,609,6FL",,,"May 14, 2011",,,,,,,,,,,
381 - Le Mans Blue Metallic,,NDH3 - Beige Novillo Extended Leather,,WBSKG9C50BE796831,,E796831,"MSRP.1,ZCP,ZP2.2,494,609,6FL,655",,,"May 14, 2011",550/1100,,,,,,,,,,
668 - Jet Black,,NDSW - Black Extended Novillo Leather,,WBSKG9C52BE796832,,E796832,"MSRP.1,ZCP,ZCW,ZCV,ZP2.3,302,403,415,507,5AC,6FL,6NF,6NR,752",,,"May 14, 2011",1100,,,,,,,,,,
A29 - Silverstone Metallic II,,NCH4 - Palladium/Black Novillo Leather,,WBSKG9C54BE796833,,E796833,"MSRP.1,ZCP,ZCV,ZP2.2,2MK,302,415,507,6FL,6NF,6NR,655,752",,,"May 16, 2011",550,,,,,,,,,,
A29 - Silverstone Metallic II,,NCSW - Black Novillo Leather,,WBSKG9C56BE796834,,E796834,"MSRP.1,ZCW,ZCV,ZP2.1,2MT.1,302,415,507,6FL,655,752",,,"May 16, 2011",550,,CAN,,,,,,,,
300 - Alpine White,,NCH3 - Beige Novillo Leather,,WBSKG9C58BE796835,,E796835,"MSRP.1,ZCV,ZP2.3,2MK,2MT.1,302,494,507,6FL,6NF,6NR,655,752",,,"May 16, 2011",,,,,,,,,,,
A73 - Jerez Black Metallic,,NCSW - Black Novillo Leather,,WBSKG9C5XBE796836,,E796836,"MSRP.1,ZCP,ZCW,ZCV,ZP2.3,302,507,6FL,655,752",,,"May 16, 2011",550,,,,,,,,,,
A30 - Interlagos Blue Metallic,,NCH3 - Beige Novillo Leather,,WBSKG9C51BE796837,,E796837,"MSRP.1,ZCW,ZCV,ZP2.2,302,403,507,6FL,6NF,6NR",,,"May 16, 2011",550,,,,,,,,,,
A96 - Unknown Paint Code,,NCH5 - Fox Red/Black Novillo Leather,,WBSKG9C53BE796838,,E796838,"MSRP.1,ZCP,ZCV,ZP2.3,2MK,302,403,494,507,6FL,6NF,6NR,655,752",,,"May 16, 2011",,,,,,,,,,,
A52 - Space Gray Metallic,,GEAT - Anthracite/Black Cloth & Leather,,WBSKG9C55BE796839,,E796839,"MSRP.1,ZCP,494,507,639,6FL,771",,,"May 16, 2011",550,,,,,,,,,,
668 - Jet Black,,NCH2 - Fox Red Novillo Leather,,WBSKG9C51BE796840,,E796840,"MSRP.1,ZCP,ZCV,ZP2.3,2MK,302,494,507,6FL,6NF,6NR,655",,,"May 17, 2011",,,,,,,,,,,
A75 - Melbourne Red Metallic,,NCH3 - Beige Novillo Leather,,WBSKG9C53BE796841,,E796841,"MSRP.1,ZCP,ZCV,ZP2.3,2MK,302,494,507,5AC,6FL,6NF,6NR,752",,,"May 17, 2011",550,,,,,,,,,,
A52 - Space Gray Metallic,,NCSW - Black Novillo Leather,,WBSKG9C55BE796842,,E796842,"MSRP.1,ZCP,ZCV,ZP2.3,2MK,302,507,6FL,752",,,"May 17, 2011",550,,,,,,,,,,
668 - Jet Black,,NCSW - Black Novillo Leather,,WBSKG9C57BE796843,,E796843,"MSRP.1,ZCW,ZP2.1,2MK,2MT.1",,,"May 17, 2011",,,,,,,,,,,
668 - Jet Black,,NCSW - Black Novillo Leather,,WBSKG9C59BE796844,,E796844,"MSRP.1,ZCP,2MK,4MY,507,609,655,752",,,"May 17, 2011",950,,,,,,,,,,
A73 - Jerez Black Metallic,,NCSW - Black Novillo Leather,,WBSKG9C50BE796845,,E796845,"MSRP.1,ZCW,ZCV,ZP2.3,2MT.1,302,403,507,6FL,655,752",,,"May 17, 2011",550,,,,,,,,,,
A73 - Jerez Black Metallic,,NCSW - Black Novillo Leather,,WBSKG9C52BE796846,,E796846,"MSRP.1,ZCP,ZCW,ZCV,ZP2.2,2MK,302,403,507,5AC,6FL,6NF,6NR,655,752",,,"May 18, 2011",550,,,,,,,,,,
668 - Jet Black,,NCSW - Black Novillo Leather,,WBSKG9C54BE796847,,E796847,"MSRP.1,ZCP,ZCV,ZP2.3,2MK,302,494,507,6FL,6NF,6NR,655",,,"May 18, 2011",,,,,,,,,,,
,,NDH2 - Fox Red Extended Leather,,WBSKG9C56BE796848,,E796848,"MSRP.1,ZCP,ZCV,ZP2.3,302,415,507,6FL,6NF,6NR,752",,,"May 23, 2011",1100,,,,,,,,,,
,,Z1XX - Unknown Upholstery Code,,WBSKG9C58BE796849,,E796849,"MSRP.1,ZCP,ZCV,ZP2.3,2MK,302,494,507,6FL,655,752",,,"May 24, 2011",,,,,,,,,,,
,,NDSW - Black Extended Novillo Leather,,WBSKG9C54BE796850,,E796850,"MSRP.1,ZCV,302,415,4MY,507,6FL,6NF,6NR,655,752",,,"May 25, 2011",2000,,,,,,,,,,
,,Z1XX - Unknown Upholstery Code,,WBSKG9C56BE796851,,E796851,"MSRP.1,ZCP,ZCV,ZP2.3,2MK,302,494,507,6FL,655,752",,,"May 25, 2011",,,,,,,,,,,
,,Z1XX - Unknown Upholstery Code,,WBSKG9C58BE796852,,E796852,"MSRP.1,ZCP,ZCV,ZP2.3,2MK,302,494,507,6FL,655,752",,,"May 25, 2011",,,,,,,,,,,
,,Z1XX - Unknown Upholstery Code,,WBSKG9C5XBE796853,,E796853,"MSRP.1,ZCP,ZCV,ZP2.3,2MK,302,494,507,6FL,655,752",,,"May 26, 2011",,,,,,,,,,,
,,Z1XX - Unknown Upholstery Code,,WBSKG9C51BE796854,,E796854,"MSRP.1,ZCP,ZCV,ZP2.3,2MK,302,494,507,6FL,655,752",,,"May 26, 2011",,,,,,,,,,,
,,Z1XX - Unknown Upholstery Code,,WBSKG9C53BE796855,,E796855,"MSRP.1,ZCP,ZCV,ZP2.3,2MK,302,494,507,6FL,655,752",,,"May 28, 2011",,,,,,,,,,,
A75 - Melbourne Red Metallic,,Z1XX - Unknown Upholstery Code,,WBSKG9C55BE796856,,E796856,"MSRP.1,ZCP,ZCV,ZP2.3,302,403,415,494,507,5AC,6FL,6NF,6NR,655,752",,,"May 30, 2011",550,,,,,,,,,,
,,Z1XX - Unknown Upholstery Code,,WBSKG9C57BE796857,,E796857,"MSRP.1,ZCP,ZCV,ZP2.3,2MK,302,494,507,6FL,655,752",,,"May 31, 2011",,,,,,,,,,,
A96 - Unknown Paint Code,,NCH3 - Beige Novillo Leather,,WBSKG9C59BE796858,,E796858,"MSRP.1,ZCP,ZCV,ZP2.3,2MK,302,403,415,494,507,6FL,6NF,6NR,655,752",,,"May 18, 2011",,,,,,,,,,,
A52 - Space Gray Metallic,,NDSW - Black Extended Novillo Leather,,WBSKG9C50BE796859,,E796859,"MSRP.1,ZCP,ZCV,ZP2.2,2MK,302,403,494,507,6FL,6NF,6NR",,,"May 18, 2011",550/1100,,,,,,,,,,
A52 - Space Gray Metallic,,NCH5 - Fox Red/Black Novillo Leather,,WBSKG9C57BE796860,,E796860,"MSRP.1,ZCP,ZP2.3,2MK,655",,,"May 18, 2011",550,,,,,,,,,,
A96 - Unknown Paint Code,,NCSW - Black Novillo Leather,,WBSKG9C59BE796861,,E796861,"MSRP.1,ZCP,ZCW,ZCV,ZP2.3,2MK,302,507,6FL,6NF,6NR,655,752",,,"May 18, 2011",,,,,,,,,,,
A96 - Unknown Paint Code,,NCH5 - Fox Red/Black Novillo Leather,,WBSKG9C50BE796862,,E796862,"MSRP.1,ZCV,ZP2.2,2MK,2MT.1,302,507,6FL",,,"May 18, 2011",,,,,,,,,,,
300 - Alpine White,,NCSW - Black Novillo Leather,,WBSKG9C52BE796863,,E796863,"MSRP.1,ZCP,ZCW,ZCV,ZP2.3,302,415,507,6FL,6NF,6NR,752",,,"May 19, 2011",,,,,,,,,,,
381 - Le Mans Blue Metallic,,NCH1 - Silver Novillo Leather,,WBSKG9C54BE796864,,E796864,"MSRP.1,ZCP,ZCV,ZP2.2,2MK,302,507,6FL",,,"May 19, 2011",550,,,,,,,,,,
A73 - Jerez Black Metallic,,NCH5 - Fox Red/Black Novillo Leather,,WBSKG9C56BE796865,,E796865,"MSRP.1,ZCV,ZP2.3,2MK,2MT.1,302,494,507,6FL,6NF,6NR,655",,,"May 19, 2011",550,,,,,,,,,,
381 - Le Mans Blue Metallic,,NCH3 - Beige Novillo Leather,,WBSKG9C58BE796866,,E796866,"MSRP.1,ZCW,ZCV,ZP2.3,2MK,302,415,507,6FL,655,752",,,"May 19, 2011",550,,CAN,,,,,,,,
A96 - Unknown Paint Code,,NCSW - Black Novillo Leather,,WBSKG9C5XBE796867,,E796867,"MSRP.1,ZCP,ZCV,ZP2.3,2MK,302,494,507,6FL,6NF,6NR,655,752",,,"May 19, 2011",,,,,,,,,,,
A96 - Unknown Paint Code,,NCSW - Black Novillo Leather,,WBSKG9C51BE796868,,E796868,"MSRP.1,ZCP,ZCV,ZP2.3,2MK,302,494,507,6FL,6NF,6NR,655,752",,,"May 19, 2011",,,,,,,,,,,
A52 - Space Gray Metallic,,NDSW - Black Extended Novillo Leather,,WBSKG9C53BE796869,,E796869,"MSRP.1,ZCP,ZCW,ZCV,ZP2.3,2MK,302,403,415,507,6FL,752",,,"May 20, 2011",550/1100,,,,,,,,,,
A75 - Melbourne Red Metallic,,NCSW - Black Novillo Leather,,WBSKG9C5XBE796870,,E796870,"MSRP.1,ZCP,403,771",,,"May 20, 2011",550/950,,,,,,,,,,
A30 - Interlagos Blue Metallic,,NCH2 - Fox Red Novillo Leather,,WBSKG9C51BE796871,,E796871,"MSRP.1,ZCP,ZCW,ZCV,ZP2.3,302,507,6FL,655,752",,,"May 20, 2011",550,,,,,,,,,,
A30 - Interlagos Blue Metallic,,NCSW - Black Novillo Leather,,WBSKG9C53BE796872,,E796872,"MSRP.1,ZCV,ZP2.3,2MK,2MT.1,302,494,507,6FL,655",,,"May 20, 2011",550,,,,,,,,,,
A52 - Space Gray Metallic,,NDSW - Black Extended Novillo Leather,,WBSKG9C55BE796873,,E796873,"MSRP.1,ZCW,ZCV,ZP2.2,2MK,2MT.1,302,403,415,507,5AC,6FL,6NF,6NR,752",,,"May 20, 2011",550/1100,,,,,,,,,,
A96 - Unknown Paint Code,,NCSW - Black Novillo Leather,,WBSKG9C57BE796874,,E796874,"MSRP.1,ZCW,ZCV,ZP2.3,2MK,2MT.1,302,415,507,6FL,655,752",,,"May 20, 2011",,,CAN,,,,,,,,
A75 - Melbourne Red Metallic,,GEAT - Anthracite/Black Cloth & Leather,,WBSKG9C59BE796875,,E796875,"MSRP.1,ZCP,2MK,494,4MX,609,6FL,6NF,6NR,752",,,"May 20, 2011",550,,,,,,,,,,
A30 - Interlagos Blue Metallic,,NCSW - Black Novillo Leather,,WBSKG9C50BE796876,,E796876,"MSRP.1,ZCP,ZCV,ZP2.3,2MK,302,415,507,5AC,6FL,6NF,6NR,655,752",,,"May 20, 2011",550,,,,,,,,,,
A75 - Melbourne Red Metallic,,NCSW - Black Novillo Leather,,WBSKG9C52BE796877,,E796877,"MSRP.1,ZCP,ZCV,ZP2.3,302,494,507,6FL,752",,,"May 21, 2011",550,,,,,,,,,,
A73 - Jerez Black Metallic,,NCH4 - Palladium/Black Novillo Leather,,WBSKG9C54BE796878,,E796878,"MSRP.1,ZCV,ZP2.3,2MK,2MT.1,302,403,507,6FL,655,752",,,"May 21, 2011",550,,,,,,,,,,
A73 - Jerez Black Metallic,,NCH2 - Fox Red Novillo Leather,,WBSKG9C56BE796879,,E796879,"MSRP.1,ZCW,ZCV,ZP2.3,2MK,2MT.1,302,403,415,507,6FL,6NF,6NR,655,752",,,"May 21, 2011",550,,CAN,,,,,,,,
300 - Alpine White,,NCH2 - Fox Red Novillo Leather,,WBSKG9C52BE796880,,E796880,"MSRP.1,ZCP,2MK,4MY,609",,,"May 21, 2011",950,,,,,,,,,,
A52 - Space Gray Metallic,,NCH2 - Fox Red Novillo Leather,,WBSKG9C54BE796881,,E796881,"MSRP.1,ZP2.3,2MT.1,507,609,6FL",,,"May 21, 2011",550,,,,,,,,,,
A73 - Jerez Black Metallic,,NCSW - Black Novillo Leather,,WBSKG9C56BE796882,,E796882,"MSRP.1,ZP2.3,2MK,2MT.1,494,609,6FL,6NF,6NR,655,752",,,"May 23, 2011",550,,,,,,,,,,
A73 - Jerez Black Metallic,,NCSW - Black Novillo Leather,,WBSKG9C58BE796883,,E796883,"MSRP.1,ZCP,ZCW,ZCV,ZP2.2,2MK,302,415,507,6FL,6NF,6NR,655,752",,,"May 23, 2011",550,,,,,,,,,,
A73 - Jerez Black Metallic,,NCSW - Black Novillo Leather,,WBSKG9C5XBE796884,,E796884,"MSRP.1,ZP2.3,2MK,2MT.1,302,494,609,6FL,6NF,6NR,752",,,"May 23, 2011",550,,,,,,,,,,
A73 - Jerez Black Metallic,,NCSW - Black Novillo Leather,,WBSKG9C51BE796885,,E796885,"MSRP.1,ZCP,ZCV,ZP2.3,2MK,302,415,494,507,5AC,6FL,655",,,"May 23, 2011",550,,,,,,,,,,
A73 - Jerez Black Metallic,,NCH4 - Palladium/Black Novillo Leather,,WBSKG9C53BE796886,,E796886,"MSRP.1,ZCP,ZCV,ZP2.3,2MK,302,494,507,6FL,6NF,6NR",,,"May 23, 2011",550,,,,,,,,,,
A73 - Jerez Black Metallic,,NCSW - Black Novillo Leather,,WBSKG9C55BE796887,,E796887,"MSRP.1,ZCW,ZCV,ZP2.1,2MT.1,302,415,507,6FL,655,752",,,"May 23, 2011",550,,CAN,,,,,,,,
A73 - Jerez Black Metallic,,NCSW - Black Novillo Leather,,WBSKG9C57BE796888,,E796888,"MSRP.1,ZCW,ZCV,ZP2.3,2MK,302,507,5AC,6FL,6NF,6NR,752",,,"May 23, 2011",550,,,,,,,,,,
300 - Alpine White,,NCSW - Black Novillo Leather,,WBSKG9C59BE796889,,E796889,"MSRP.1,ZCP,ZCW,ZCV,ZP2.2,302,507,5AC,6FL,655,752",,,"May 23, 2011",,,,,,,,,,,
300 - Alpine White,,NCH2 - Fox Red Novillo Leather,,WBSKG9C55BE796890,,E796890,"MSRP.1,ZCW,ZCV,ZP2.3,2MK,2MT.1,302,415,507,6FL,655,752",,,"May 23, 2011",,,CAN,,,,,,,,
A52 - Space Gray Metallic,,NCH4 - Palladium/Black Novillo Leather,,WBSKG9C57BE796891,,E796891,"MSRP.1,ZCV,ZP2.2,2MK,302,403,494,507,6FL,6NF,6NR,752",,,"May 23, 2011",550,,,,,,,,,,
668 - Jet Black,,NCSW - Black Novillo Leather,,WBSKG9C59BE796892,,E796892,"MSRP.1,ZCP,ZP2.1,2MK,494,609,6FL,6NF,6NR",,,"May 23, 2011",,,,,,,,,,,
A52 - Space Gray Metallic,,NCSW - Black Novillo Leather,,WBSKG9C50BE796893,,E796893,"MSRP.1,ZCP,ZP2.3,2MK",,,"May 23, 2011",550,,,,,,,,,,
300 - Alpine White,,NCH1 - Silver Novillo Leather,,WBSKG9C52BE796894,,E796894,"MSRP.1,ZCP,4MX",,,"May 23, 2011",950,,,,,,,,,,
300 - Alpine White,,NCH1 - Silver Novillo Leather,,WBSKG9C54BE796895,,E796895,"MSRP.1,ZCP,ZCW,ZCV,ZP2.3,2MK,302,415,507,5AC,6FL,6NF,6NR,752",,,"May 24, 2011",,,,,,,,,,,
668 - Jet Black,,NCSW - Black Novillo Leather,,WBSKG9C56BE796896,,E796896,"MSRP.1,ZCW,ZCV,ZP2.1,2MT.1,302,6FL",,,"May 24, 2011",,,CAN,,,,,,,,
668 - Jet Black,,NCSW - Black Novillo Leather,,WBSKG9C58BE796897,,E796897,"MSRP.1,ZCW,ZCV,ZP2.1,2MT.1,302,415,507,6FL,655,752",,,"May 24, 2011",,,CAN,,,,,,,,
668 - Jet Black,,NCH5 - Fox Red/Black Novillo Leather,,WBSKG9C5XBE796898,,E796898,"MSRP.1,ZCP,ZP2.3,403,494,609,6FL,655",,,"May 24, 2011",,,,,,,,,,,
300 - Alpine White,,NCSW - Black Novillo Leather,,WBSKG9C51BE796899,,E796899,"MSRP.1,ZCW,ZCV,ZP2.3,2MT.1,302,415,507,6FL,655,752",,,"May 24, 2011",,,CAN,,,,,,,,
A96 - Unknown Paint Code,,NCH2 - Fox Red Novillo Leather,,WBSKG9C54BE796900,,E796900,"MSRP.1,ZCW,ZCV,ZP2.3,2MK,2MT.1,302,415,507,6FL,655,752",,,"May 24, 2011",,,CAN,,,,,,,,
A73 - Jerez Black Metallic,,NDH2 - Fox Red Extended Leather,,WBSKG9C56BE796901,,E796901,"MSRP.1,ZCP,ZCV,ZP2.3,2MK,302,415,507,5AC,6FL,6NF,6NR,655,752",,,"May 24, 2011",550/1100,,,,,,,,,,
300 - Alpine White,,NCH2 - Fox Red Novillo Leather,,WBSKG9C58BE796902,,E796902,"MSRP.1,ZP2.3,2MK,6FL",,,"May 24, 2011",,,,,,,,,,,
A96 - Unknown Paint Code,,NCH2 - Fox Red Novillo Leather,,WBSKG9C5XBE796903,,E796903,"MSRP.1,ZCW,ZCV,ZP2.3,2MK,2MT.1,302,403,6FL",,,"May 24, 2011",,,CAN,,,,,,,,
A73 - Jerez Black Metallic,,NCSW - Black Novillo Leather,,WBSKG9C51BE796904,,E796904,"MSRP.1,ZCP,ZCW,ZCV,ZP2.3,302,507,6FL,752",,,"May 24, 2011",550,,,,,,,,,,
668 - Jet Black,,NCH1 - Silver Novillo Leather,,WBSKG9C53BE796905,,E796905,"MSRP.1,ZCV,ZP2.3,2MK,2MT.1,302,403,494,507,6FL,655,752",,,"May 24, 2011",,,,,,,,,,,
668 - Jet Black,,NCSW - Black Novillo Leather,,WBSKG9C55BE796906,,E796906,"MSRP.1,ZCP,ZCW,ZCV,ZP2.3,2MK,302,507,6FL,6NF,6NR,752",,,"May 24, 2011",,,,,,,,,,,
668 - Jet Black,,NCSW - Black Novillo Leather,,WBSKG9C57BE796907,,E796907,"MSRP.1,ZCW,ZCV,ZP2.1,302,415,507,6FL,655,752",,,"May 24, 2011",,,CAN,,,,,,,,
A52 - Space Gray Metallic,,NCH5 - Fox Red/Black Novillo Leather,,WBSKG9C59BE796908,,E796908,"MSRP.1,ZCP,ZCW,ZCV,ZP2.3,2MK,302,403,507,6FL,6NF,6NR,655,752",,,"May 25, 2011",550,,,,,,,,,,
,,NDH2 - Fox Red Extended Leather,,WBSKG9C50BE796909,,E796909,"MSRP.1,ZCP,ZCV,ZP2.3,2MK,302,415,494,507,6FL,6NF,6NR,655,752",,,"May 25, 2011",1100,,,,,,,,,,
A52 - Space Gray Metallic,,NCSW - Black Novillo Leather,,WBSKG9C57BE796910,,E796910,"MSRP.1,ZCW,ZCV,ZP2.3,2MK,2MT.1,302,403,507,6FL,6NF,6NR,655,752",,,"May 25, 2011",550,,,,,,,,,,
A52 - Space Gray Metallic,,NCH4 - Palladium/Black Novillo Leather,,WBSKG9C59BE796911,,E796911,"MSRP.1,ZCP,ZCW,ZCV,ZP2.3,2MK,302,403,507,6FL,6NF,6NR,655,752",,,"May 25, 2011",550,,,,,,,,,,
A96 - Unknown Paint Code,,NCH5 - Fox Red/Black Novillo Leather,,WBSKG9C50BE796912,,E796912,"MSRP.1,ZCP,ZCV,ZP2.3,2MK,302,494,507,5AC,6FL,6NF,6NR,655,752",,,"May 25, 2011",,,,,,,,,,,
A96 - Unknown Paint Code,,NCSW - Black Novillo Leather,,WBSKG9C52BE796913,,E796913,"MSRP.1,ZCP,ZCV,ZP2.3,2MK,302,494,507,6FL,6NF,6NR,655",,,"May 25, 2011",,,,,,,,,,,
300 - Alpine White,,GEAT - Anthracite/Black Cloth & Leather,,WBSKG9C54BE796914,,E796914,"MSRP.1,ZCP,403,6FL,771",,,"May 25, 2011",,,,,,,,,,,
A96 - Unknown Paint Code,,NCH5 - Fox Red/Black Novillo Leather,,WBSKG9C56BE796915,,E796915,"MSRP.1,ZCP,ZCW,ZCV,ZP2.3,2MK,302,507,6FL,6NF,6NR,655,752",,,"May 25, 2011",,,,,,,,,,,
A96 - Unknown Paint Code,,NCH5 - Fox Red/Black Novillo Leather,,WBSKG9C58BE796916,,E796916,"MSRP.1,ZCP,ZCV,ZP2.3,2MK,302,494,507,6FL,655,752",,,"May 25, 2011",,,,,,,,,,,
A96 - Unknown Paint Code,,NCSW - Black Novillo Leather,,WBSKG9C5XBE796917,,E796917,"MSRP.1,ZCP,ZCV,2MK,302,415,494,4MY,507,6FL,6NF,6NR,655",,,"May 25, 2011",950,,,,,,,,,,
381 - Le Mans Blue Metallic,,NCSW - Black Novillo Leather,,WBSKG9C51BE796918,,E796918,"MSRP.1,ZCP,ZCV,ZP2.2,302,494,507,6FL,6NF,6NR",,,"May 25, 2011",550,,,,,,,,,,
A52 - Space Gray Metallic,,NCSW - Black Novillo Leather,,WBSKG9C53BE796919,,E796919,"MSRP.1,ZCV,ZP2.3,2MK,2MT.1,302,507,6FL,655",,,"May 25, 2011",550,,,,,,,,,,
381 - Le Mans Blue Metallic,,NCH1 - Silver Novillo Leather,,WBSKG9C5XBE796920,,E796920,"MSRP.1,ZCP,ZCW,ZCV,ZP2.3,2MK,302,507,6FL,6NF,6NR,752",,,"May 25, 2011",550,,,,,,,,,,
A52 - Space Gray Metallic,,NCH4 - Palladium/Black Novillo Leather,,WBSKG9C51BE796921,,E796921,"MSRP.1,ZCP,ZCW,ZCV,ZP2.3,302,507,6FL,6NF,6NR,655,752",,,"May 25, 2011",550,,,,,,,,,,
300 - Alpine White,,NCH5 - Fox Red/Black Novillo Leather,,WBSKG9C53BE796922,,E796922,"MSRP.1,ZCP,ZCW,ZCV,ZP2.3,2MK,302,507,6FL,6NF,6NR,655,752",,,"May 25, 2011",,,,,,,,,,,
300 - Alpine White,,NCSW - Black Novillo Leather,,WBSKG9C55BE796923,,E796923,"MSRP.1,ZCP,ZCW,ZCV,ZP2.3,2MK,302,507,6FL,6NF,6NR,655",,,"May 25, 2011",,,,,,,,,,,
668 - Jet Black,,NCH3 - Beige Novillo Leather,,WBSKG9C57BE796924,,E796924,"MSRP.1,ZCP,ZCV,ZP2.2,2MK,302,403,494,507,6FL,655,752",,,"May 25, 2011",,,,,,,,,,,
668 - Jet Black,,NCSW - Black Novillo Leather,,WBSKG9C59BE796925,,E796925,"MSRP.1,ZCP,ZCV,ZP2.3,302,507,6FL,655,752",,,"May 25, 2011",,,,,,,,,,,
668 - Jet Black,,NCH4 - Palladium/Black Novillo Leather,,WBSKG9C50BE796926,,E796926,"MSRP.1,ZCP,ZCV,ZP2.3,2MK,302,494,507,6FL,6NF,6NR,752",,,"May 25, 2011",,,,,,,,,,,
A29 - Silverstone Metallic II,,NCSW - Black Novillo Leather,,WBSKG9C52BE796927,,E796927,"MSRP.1,ZCP,ZCV,ZP2.2,2MK,302,403,415,494,507,6FL,6NF,6NR,655",,,"May 25, 2011",550,,,,,,,,,,
A52 - Space Gray Metallic,,NCH2 - Fox Red Novillo Leather,,WBSKG9C54BE796928,,E796928,"MSRP.1,ZCW,ZCV,ZP2.3,2MK,2MT.1,302,403,507,5AC,6FL,6NF,6NR,655,752",,,"May 26, 2011",550,,,,,,,,,,
A75 - Melbourne Red Metallic,,NCSW - Black Novillo Leather,,WBSKG9C56BE796929,,E796929,"MSRP.1,ZCP,ZP2.3,2MK,403,494,609,6FL,655",,,"May 26, 2011",550,,,,,,,,,,
A75 - Melbourne Red Metallic,,GEAT - Anthracite/Black Cloth & Leather,,WBSKG9C52BE796930,,E796930,"MSRP.1,ZCP,302,4MY,6FL",,,"May 26, 2011",550,,,,,,,,,,
A52 - Space Gray Metallic,,NDH3 - Beige Novillo Extended Leather,,WBSKG9C54BE796931,,E796931,"MSRP.1,ZCP,ZCW,ZCV,ZP2.3,2MK,302,507,6FL,655",,,"May 26, 2011",550/1100,,,,,,,,,,
A29 - Silverstone Metallic II,,NCSW - Black Novillo Leather,,WBSKG9C56BE796932,,E796932,"MSRP.1,ZCP,ZCV,ZP2.1,2MK,302,403,494,507,6FL",,,"May 26, 2011",550,,,,,,,,,,
A29 - Silverstone Metallic II,,NCSW - Black Novillo Leather,,WBSKG9C58BE796933,,E796933,"MSRP.1,ZCW,ZCV,ZP2.1,302,403,6FL",,,"May 26, 2011",550,,CAN,,,,,,,,
A96 - Unknown Paint Code,,NCSW - Black Novillo Leather,,WBSKG9C5XBE796934,,E796934,"MSRP.1,ZP2.3,2MK,302,655",,,"May 26, 2011",,,,,,,,,,,
A96 - Unknown Paint Code,,NCH5 - Fox Red/Black Novillo Leather,,WBSKG9C51BE796935,,E796935,"MSRP.1,ZCP,ZCW,ZCV,ZP2.3,2MK,302,415,507,6FL,6NF,6NR,752",,,"May 26, 2011",,,,,,,,,,,
A96 - Unknown Paint Code,,NDH2 - Fox Red Extended Leather,,WBSKG9C53BE796936,,E796936,"MSRP.1,ZCV,ZP2.3,2MK,302,415,507,5AC,6FL",,,"May 26, 2011",1100,,,,,,,,,,
300 - Alpine White,,NCSW - Black Novillo Leather,,WBSKG9C55BE796937,,E796937,"MSRP.1,ZCP,ZCV,ZP2.3,2MK,302,494,507,6FL,6NF,6NR,655,752",,,"May 26, 2011",,,,,,,,,,,
300 - Alpine White,,NCH5 - Fox Red/Black Novillo Leather,,WBSKG9C57BE796938,,E796938,"MSRP.1,ZCV,ZP2.3,2MK,302,494,507,6FL,6NF,6NR,655,752",,,"May 26, 2011",,,,,,,,,,,
668 - Jet Black,,NCSW - Black Novillo Leather,,WBSKG9C59BE796939,,E796939,"MSRP.1,ZCW,ZCV,ZP2.3,2MT.1,302,6FL,655,752",,,"May 26, 2011",,,CAN,,,,,,,,
668 - Jet Black,,NCSW - Black Novillo Leather,,WBSKG9C55BE796940,,E796940,"MSRP.1,ZCV,2MK,2MT.1,302,494,507,639,6FL,771",,,"May 26, 2011",950,,,,,,,,,,
300 - Alpine White,,NCSW - Black Novillo Leather,,WBSKG9C57BE796941,,E796941,"MSRP.1,ZCP,ZCV,ZP2.1,302,494,507,6FL,752",,,"May 26, 2011",,,,,,,,,,,
300 - Alpine White,,NCH2 - Fox Red Novillo Leather,,WBSKG9C59BE796942,,E796942,"MSRP.1,ZCP,2MK,4MY,609",,,"May 26, 2011",950,,,,,,,,,,
A75 - Melbourne Red Metallic,,NCSW - Black Novillo Leather,,WBSKG9C50BE796943,,E796943,"MSRP.1,ZCP,ZCW,ZCV,ZP2.1,2MK,302,507,5AC,6FL,6NF,6NR,752",,,"May 26, 2011",550,,,,,,,,,,
A29 - Silverstone Metallic II,,NCSW - Black Novillo Leather,,WBSKG9C52BE796944,,E796944,"MSRP.1,ZCW,2MK,4MX,609,6FL,655",,,"May 26, 2011",550/950,,,,,,,,,,
A29 - Silverstone Metallic II,,NCSW - Black Novillo Leather,,WBSKG9C54BE796945,,E796945,"MSRP.1,ZCW,ZCV,ZP2.3,2MT.1,302,415,507,6FL,655,752",,,"May 26, 2011",550,,CAN,,,,,,,,
,,NCSW - Black Novillo Leather,,WBSKG9C56BE796946,,E796946,"MSRP.1,ZCP,ZCW,ZCV,ZP2.3,2MK,302,415,507,6FL,655,752",,,"Jun 1, 2011",,,CAN,,,,,,,,
,,NDSW - Black Extended Novillo Leather,,WBSKG9C58BE796947,,E796947,"MSRP.1,ZCP,ZCW,ZCV,ZP2.3,2MK,302,415,507,6FL,655,752",,,"May 31, 2011",1100,,CAN,,,,,,,,
,,Z1XX - Unknown Upholstery Code,,WBSKG9C5XBE796948,,E796948,"MSRP.1,ZCP,ZCV,ZP2.3,2MK,302,494,507,6FL,655,752",,,"Jun 1, 2011",,,,,,,,,,,
,,NDSW - Black Extended Novillo Leather,,WBSKG9C51BE796949,,E796949,"MSRP.1,ZCP,ZCW,ZCV,ZP2.3,2MK,302,415,507,6FL,655,752",,,"Jun 3, 2011",1100,,CAN,,,,,,,,
,,NDSW - Black Extended Novillo Leather,,WBSKG9C58BE796950,,E796950,"MSRP.1,ZCP,ZCW,ZCV,ZP2.1,2MK,302,415,507,6FL,655,752",,,"Jun 3, 2011",1100,,CAN,,,,,,,,
,,Z1XX - Unknown Upholstery Code,,WBSKG9C5XBE796951,,E796951,"MSRP.1,ZCP,ZCV,ZP2.3,2MK,302,494,507,6FL,655,752",,,"Jun 1, 2011",,,,,,,,,,,
A96 - Unknown Paint Code,,NCH2 - Fox Red Novillo Leather,,WBSKG9C51BE796952,,E796952,"MSRP.1,ZCW,ZCV,ZP2.3,2MT.1,302,403,415,507,6FL,6NF,6NR,655,752",,,"May 26, 2011",,,CAN,,,,,,,,
A96 - Unknown Paint Code,,NCSW - Black Novillo Leather,,WBSKG9C53BE796953,,E796953,"MSRP.1,ZCP,ZCV,ZP2.3,2MK,302,507,6FL,6NF,6NR,752",,,"May 27, 2011",,,,,,,,,,,
A52 - Space Gray Metallic,,NCSW - Black Novillo Leather,,WBSKG9C55BE796954,,E796954,"MSRP.1,ZCP,ZCV,ZP2.3,2MK,302,494,507,6FL,6NF,6NR,655,752",,,"May 27, 2011",550,,,,,,,,,,
668 - Jet Black,,NCSW - Black Novillo Leather,,WBSKG9C57BE796955,,E796955,"MSRP.1,ZCP,ZCV,ZP2.3,2MK,302,494,507,6FL,655,752",,,"May 27, 2011",,,,,,,,,,,
668 - Jet Black,,NCSW - Black Novillo Leather,,WBSKG9C59BE796956,,E796956,"MSRP.1,ZCP,ZCV,ZP2.3,2MK,302,415,494,507,6FL,6NF,6NR,655,752",,,"May 27, 2011",,,,,,,,,,,
668 - Jet Black,,NCH5 - Fox Red/Black Novillo Leather,,WBSKG9C50BE796957,,E796957,"MSRP.1,ZCP,ZCV,ZP2.3,302,507,6FL,655,752",,,"May 27, 2011",,,,,,,,,,,
668 - Jet Black,,NCSW - Black Novillo Leather,,WBSKG9C52BE796958,,E796958,"MSRP.1,ZCW,ZCV,ZP2.3,2MK,2MT.1,302,415,507,6FL,655,752",,,"May 27, 2011",,,CAN,,,,,,,,
381 - Le Mans Blue Metallic,,NCH4 - Palladium/Black Novillo Leather,,WBSKG9C54BE796959,,E796959,"MSRP.1,ZCP,ZP2.2,415,494,609,6FL,6NF,6NR,655,752",,,"May 27, 2011",550,,,,,,,,,,
300 - Alpine White,,NDSW - Black Extended Novillo Leather,,WBSKG9C50BE796960,,E796960,"MSRP.1,ZCP,ZCW,ZCV,ZP2.3,2MK,302,507,5AC,6FL,6NF,6NR,655,752",,,"May 27, 2011",1100,,,,,,,,,,
300 - Alpine White,,NCSW - Black Novillo Leather,,WBSKG9C52BE796961,,E796961,"MSRP.1,ZCP,ZCV,302,494,4MY,507,6FL,6NF,6NR",,,"May 27, 2011",950,,,,,,,,,,
300 - Alpine White,,NCSW - Black Novillo Leather,,WBSKG9C54BE796962,,E796962,"MSRP.1,ZCP,ZCV,ZP2.1,2MK,302,494,507,6FL,6NF,6NR,655,752",,,"May 27, 2011",,,,,,,,,,,
300 - Alpine White,,NCSW - Black Novillo Leather,,WBSKG9C56BE796963,,E796963,"MSRP.1,ZCP,ZCV,ZP2.3,2MK,302,494,507,6FL,6NF,6NR,655",,,"May 27, 2011",,,,,,,,,,,
A52 - Space Gray Metallic,,NCSW - Black Novillo Leather,,WBSKG9C58BE796964,,E796964,"MSRP.1,ZCP,ZCV,ZP2.3,2MK,302,415,494,507,5AC,6FL,6NF,6NR,655,752",,,"May 27, 2011",550,,,,,,,,,,
A52 - Space Gray Metallic,,NDH2 - Fox Red Extended Leather,,WBSKG9C5XBE796965,,E796965,"MSRP.1,ZCW,ZCV,ZP2.3,2MK,2MT.1,302,415,507,6FL,6NF,6NR,655,752",,,"May 27, 2011",550/1100,,CAN,,,,,,,,
A52 - Space Gray Metallic,,NCSW - Black Novillo Leather,,WBSKG9C51BE796966,,E796966,"MSRP.1,ZCW,ZCV,ZP2.1,2MT.1,302,415,507,6FL,655,752",,,"May 27, 2011",550,,CAN,,,,,,,,
,,NCSW - Black Novillo Leather,,WBSKG9C53BE796967,,E796967,"MSRP.1,ZCP,ZCV,2MK,302,494,4MY,507,6FL,655",,,"May 27, 2011",950,,,,,,,,,,
A52 - Space Gray Metallic,,NDH2 - Fox Red Extended Leather,,WBSKG9C55BE796968,,E796968,"MSRP.1,ZCW,ZCV,ZP2.3,2MK,2MT.1,302,415,507,6FL,6NF,6NR,655,752",,,"May 27, 2011",550/1100,,CAN,,,,,,,,
300 - Alpine White,,NCSW - Black Novillo Leather,,WBSKG9C57BE796969,,E796969,"MSRP.1,ZCP,ZCW,ZCV,ZP2.3,302,415,507,6FL,6NF,6NR,655,752",,,"May 28, 2011",,,CAN,,,,,,,,
668 - Jet Black,,NCSW - Black Novillo Leather,,WBSKG9C53BE796970,,E796970,"MSRP.1,ZCV,ZP2.3,302,403,494,507,6FL,6NF,6NR",,,"May 28, 2011",,,,,,,,,,,
300 - Alpine White,,NCH5 - Fox Red/Black Novillo Leather,,WBSKG9C55BE796971,,E796971,"MSRP.1,ZCP,ZCV,ZP2.3,2MK,302,507,6FL,6NF,6NR,752",,,"May 28, 2011",,,,,,,,,,,
A30 - Interlagos Blue Metallic,,NCSW - Black Novillo Leather,,WBSKG9C57BE796972,,E796972,"MSRP.1,ZCW,ZCV,ZP2.1,2MK,2MT.1,302,403,507,6FL,6NF,6NR,655,752",,,"May 28, 2011",550,,,,,,,,,,
A52 - Space Gray Metallic,,NCSW - Black Novillo Leather,,WBSKG9C59BE796973,,E796973,"MSRP.1,ZCW,ZCV,ZP2.2,2MK,2MT.1,302,403,415,507,5AC,6FL,6NF,6NR,655,752",,,"May 28, 2011",550,,,,,,,,,,
300 - Alpine White,,NCH2 - Fox Red Novillo Leather,,WBSKG9C50BE796974,,E796974,"MSRP.1,ZCV,ZP2.1,2MK,2MT.1,302,494,507,6FL,655,752",,,"May 28, 2011",,,,,,,,,,,
300 - Alpine White,,NCH2 - Fox Red Novillo Leather,,WBSKG9C52BE796975,,E796975,"MSRP.1,ZCP,ZCV,ZP2.3,302,507,6FL,6NF,6NR",,,"May 28, 2011",,,,,,,,,,,
668 - Jet Black,,NCSW - Black Novillo Leather,,WBSKG9C54BE796976,,E796976,"MSRP.1,ZCP,ZCV,ZP2.1,2MK,302,415,494,507,6FL,6NF,6NR,655,752",,,"May 29, 2011",,,,,,,,,,,
668 - Jet Black,,NCSW - Black Novillo Leather,,WBSKG9C56BE796977,,E796977,"MSRP.1,ZCP,ZCV,ZP2.3,2MK,302,494,507,6FL,6NF,6NR,752",,,"May 30, 2011",,,,,,,,,,,
300 - Alpine White,,NCSW - Black Novillo Leather,,WBSKG9C58BE796978,,E796978,"MSRP.1,ZCP,ZCV,ZP2.3,2MK,302,494,507,6FL,752",,,"May 30, 2011",,,,,,,,,,,
300 - Alpine White,,NCH2 - Fox Red Novillo Leather,,WBSKG9C5XBE796979,,E796979,"MSRP.1,ZCP,ZCV,ZP2.3,2MK,302,415,494,507,6FL,6NF,6NR,655,752",,,"May 30, 2011",,,,,,,,,,,
300 - Alpine White,,NCSW - Black Novillo Leather,,WBSKG9C56BE796980,,E796980,"MSRP.1,ZCP,ZCV,ZP2.3,2MK,302,507,6FL,6NF,6NR,655",,,"May 30, 2011",,,,,,,,,,,
300 - Alpine White,,NCSW - Black Novillo Leather,,WBSKG9C58BE796981,,E796981,"MSRP.1,ZCP,ZCV,ZP2.3,2MK,302,494,507,6FL,6NF,6NR,752",,,"May 30, 2011",,,,,,,,,,,
300 - Alpine White,,NCSW - Black Novillo Leather,,WBSKG9C5XBE796982,,E796982,"MSRP.1,ZCP,ZCV,ZP2.3,2MK,302,494,507,6FL,6NF,6NR,655,752",,,"May 30, 2011",,,,,,,,,,,
300 - Alpine White,,NCSW - Black Novillo Leather,,WBSKG9C51BE796983,,E796983,"MSRP.1,ZCP,ZCV,ZP2.2,2MK,302,494,507,6FL,6NF,6NR,655,752",,,"May 30, 2011",,,,,,,,,,,
300 - Alpine White,,NCSW - Black Novillo Leather,,WBSKG9C53BE796984,,E796984,"MSRP.1,ZCP,ZCV,ZP2.3,2MK,302,494,507,6FL,752",,,"May 30, 2011",,,,,,,,,,,
300 - Alpine White,,NCH2 - Fox Red Novillo Leather,,WBSKG9C55BE796985,,E796985,"MSRP.1,ZCW,ZCV,ZP2.3,2MK,2MT.1,302,415,507,6FL,655,752",,,"May 30, 2011",,,CAN,,,,,,,,
300 - Alpine White,,NCH2 - Fox Red Novillo Leather,,WBSKG9C57BE796986,,E796986,"MSRP.1,ZCW,ZCV,ZP2.3,2MK,2MT.1,302,415,507,6FL,655,752",,,"May 30, 2011",,,CAN,,,,,,,,
A52 - Space Gray Metallic,,NCH5 - Fox Red/Black Novillo Leather,,WBSKG9C59BE796987,,E796987,"MSRP.1,ZCP,771",,,"May 30, 2011",550/950,,,,,,,,,,
A52 - Space Gray Metallic,,NCH5 - Fox Red/Black Novillo Leather,,WBSKG9C50BE796988,,E796988,"MSRP.1,ZCV,ZP2.3,302,494,507,6FL",,,"May 30, 2011",550,,,,,,,,,,
A52 - Space Gray Metallic,,NCH2 - Fox Red Novillo Leather,,WBSKG9C52BE796989,,E796989,"MSRP.1,ZCV,ZP2.3,2MK,2MT.1,302,507,6FL,752",,,"May 30, 2011",550,,,,,,,,,,
A73 - Jerez Black Metallic,,NCSW - Black Novillo Leather,,WBSKG9C59BE796990,,E796990,"MSRP.1,ZCV,ZP2.3,2MK,2MT.1,302,494,507,6FL,752",,,"May 30, 2011",550,,,,,,,,,,
A29 - Silverstone Metallic II,,NCSW - Black Novillo Leather,,WBSKG9C50BE796991,,E796991,"MSRP.1,ZCW,ZP2.2,2MK,403",,,"May 30, 2011",550,,,,,,,,,,
A52 - Space Gray Metallic,,NDSW - Black Extended Novillo Leather,,WBSKG9C52BE796992,,E796992,"MSRP.1,ZCP,ZCV,ZP2.1,302,415,494,507,6FL,655,752",,,"May 31, 2011",550/1100,,,,,,,,,,
A52 - Space Gray Metallic,,NCSW - Black Novillo Leather,,WBSKG9C54BE796993,,E796993,"MSRP.1,ZCP,ZCW,ZCV,ZP2.1,2MK,302,403,507,6FL,6NF,6NR,655,752",,,"May 31, 2011",550,,,,,,,,,,
A96 - Unknown Paint Code,,GEAT - Anthracite/Black Cloth & Leather,,WBSKG9C56BE796994,,E796994,"MSRP.1,ZCP,ZCV,302,415,494,4MY,507,6FL,6NF,6NR,655,752",,,"May 31, 2011",,,,,,,,,,,
668 - Jet Black,,NCSW - Black Novillo Leather,,WBSKG9C58BE796995,,E796995,"MSRP.1,ZCV,ZP2.3,2MK,2MT.1,302,403,494,507,6FL,6NF,6NR,655,752",,,"May 31, 2011",,,,,,,,,,,
A73 - Jerez Black Metallic,,NDH3 - Beige Novillo Extended Leather,,WBSKG9C5XBE796996,,E796996,"MSRP.1,ZCW,ZCV,ZP2.2,2MT.1,302,403,507,6FL,6NF,6NR,655,752",,,"May 31, 2011",550/1100,,,,,,,,,,
A75 - Melbourne Red Metallic,,NCSW - Black Novillo Leather,,WBSKG9C51BE796997,,E796997,"MSRP.1,ZCV,ZP2.2,2MK,2MT.1,302,403,494,507,6FL,6NF,6NR,655,752",,,"May 31, 2011",550,,,,,,,,,,
300 - Alpine White,,NCH2 - Fox Red Novillo Leather,,WBSKG9C53BE796998,,E796998,"MSRP.1,ZCW,ZCV,ZP2.1,2MK,2MT.1,302,403,415,507,6FL,655,752",,,"May 31, 2011",,,CAN,,,,,,,,
A73 - Jerez Black Metallic,,GEAT - Anthracite/Black Cloth & Leather,,WBSKG9C55BE796999,,E796999,"MSRP.1,ZCW,ZCV,302,507,639,6FL,771",,,"May 31, 2011",550,,,,,,,,,,
A73 - Jerez Black Metallic,,NCSW - Black Novillo Leather,,WBSKG9C56BE797000,,E797000,"MSRP.1,ZCW,ZCV,ZP2.1,2MT.1,302,507,6FL,6NF,6NR,752",,,"May 31, 2011",550,,,,,,,,,,
A30 - Interlagos Blue Metallic,,NDSW - Black Extended Novillo Leather,,WBSKG9C58BE797001,,E797001,"MSRP.1,ZCV,ZP2.3,2MT.1,302,507,6FL,6NF,6NR,655,752",,,"May 31, 2011",550/1100,,,,,,,,,,
A52 - Space Gray Metallic,,NCSW - Black Novillo Leather,,WBSKG9C5XBE797002,,E797002,"MSRP.1,ZCP,ZCW,ZCV,ZP2.3,302,415,507,6FL,6NF,6NR,655,752",,,"May 31, 2011",550,,,,,,,,,,
A29 - Silverstone Metallic II,,NDH3 - Beige Novillo Extended Leather,,WBSKG9C51BE797003,,E797003,"MSRP.1,ZCP,ZCW,ZCV,ZP2.2,302,507,6FL,6NF,6NR,655",,,"May 31, 2011",550/1100,,,,,,,,,,
300 - Alpine White,,NDSW - Black Extended Novillo Leather,,WBSKG9C53BE797004,,E797004,"MSRP.1,ZCW,ZP2.3,2MK,2MT.1,5AC,609,6FL,6NF,6NR,655,752",,,"May 31, 2011",1100,,,,,,,,,,
A73 - Jerez Black Metallic,,NCSW - Black Novillo Leather,,WBSKG9C55BE797005,,E797005,"MSRP.1,ZCP,ZCV,ZP2.2,302,403,507,6FL,6NF,6NR,752",,,"May 31, 2011",550,,,,,,,,,,
668 - Jet Black,,NCH4 - Palladium/Black Novillo Leather,,WBSKG9C57BE797006,,E797006,"MSRP.1,ZCW,ZCV,ZP2.2,2MK,2MT.1,302,403,507,6FL",,,"May 31, 2011",,,,,,,,,,,
A96 - Unknown Paint Code,,NCH2 - Fox Red Novillo Leather,,WBSKG9C59BE797007,,E797007,"MSRP.1,ZCW,ZCV,ZP2.3,2MK,2MT.1,302,507,6FL,6NF,6NR,655,752",,,"May 31, 2011",,,,,,,,,,,
A73 - Jerez Black Metallic,,NCH3 - Beige Novillo Leather,,WBSKG9C50BE797008,,E797008,"MSRP.1,ZCP,ZCV,ZP2.2,2MK,302,403,507,6FL,655",,,"May 31, 2011",550,,,,,,,,,,
A96 - Unknown Paint Code,,NDSW - Black Extended Novillo Leather,,WBSKG9C52BE797009,,E797009,"MSRP.1,ZCP,ZCW,ZCV,ZP2.3,2MK,302,507,6FL,655,752",,,"May 31, 2011",1100,,,,,,,,,,
668 - Jet Black,,NCSW - Black Novillo Leather,,WBSKG9C59BE797010,,E797010,"MSRP.1,ZCW,ZCV,ZP2.1,2MT.1,302,6FL,655,752",,,"Jun 1, 2011",,,CAN,,,,,,,,
300 - Alpine White,,NDH2 - Fox Red Extended Leather,,WBSKG9C50BE797011,,E797011,"MSRP.1,ZCP,ZCV,ZP2.3,302,494,507,6FL,6NF,6NR,655,752",,,"Jun 1, 2011",1100,,,,,,,,,,
668 - Jet Black,,NCH3 - Beige Novillo Leather,,WBSKG9C52BE797012,,E797012,"MSRP.1,ZCP,ZCV,ZP2.3,302,494,507,6FL,6NF,6NR,655,752",,,"Jun 1, 2011",,,,,,,,,,,
A73 - Jerez Black Metallic,,NCSW - Black Novillo Leather,,WBSKG9C54BE797013,,E797013,"MSRP.1,ZCP,ZCV,ZP2.1,302,403,507,6FL",,,"Jun 1, 2011",550,,,,,,,,,,
A96 - Unknown Paint Code,,NDH3 - Beige Novillo Extended Leather,,WBSKG9C56BE797014,,E797014,"MSRP.1,ZCP,ZCW,ZCV,ZP2.2,2MK,302,507,6FL,6NF,6NR,752",,,"Jun 1, 2011",1100,,,,,,,,,,
300 - Alpine White,,NDH2 - Fox Red Extended Leather,,WBSKG9C58BE797015,,E797015,"MSRP.1,ZCP,ZCV,ZP2.3,2MK,302,494,507,6FL,752",,,"Jun 1, 2011",1100,,,,,,,,,,
300 - Alpine White,,NCH5 - Fox Red/Black Novillo Leather,,WBSKG9C5XBE797016,,E797016,"MSRP.1,ZCP,ZCV,ZP2.3,2MK,302,494,507,6FL,6NF,6NR,752",,,"Jun 1, 2011",,,,,,,,,,,
300 - Alpine White,,NCSW - Black Novillo Leather,,WBSKG9C51BE797017,,E797017,"MSRP.1,ZCP,ZCV,ZP2.3,2MK,302,494,507,6FL,6NF,6NR,655,752",,,"Jun 1, 2011",,,,,,,,,,,
300 - Alpine White,,NCH5 - Fox Red/Black Novillo Leather,,WBSKG9C53BE797018,,E797018,"MSRP.1,ZCP,ZCV,ZP2.3,2MK,302,494,507,6FL,6NF,6NR,752",,,"Jun 1, 2011",,,,,,,,,,,
300 - Alpine White,,NCSW - Black Novillo Leather,,WBSKG9C55BE797019,,E797019,"MSRP.1,ZCV,ZP2.3,2MK,2MT.1,302,494,507,6FL,6NF,6NR,655",,,"Jun 1, 2011",,,,,,,,,,,
300 - Alpine White,,NCH5 - Fox Red/Black Novillo Leather,,WBSKG9C51BE797020,,E797020,"MSRP.1,ZCP,ZCW,ZCV,ZP2.1,2MK,302,507,6FL,6NF,6NR",,,"Jun 1, 2011",,,,,,,,,,,
300 - Alpine White,,NCSW - Black Novillo Leather,,WBSKG9C53BE797021,,E797021,"MSRP.1,ZCP,ZCW,ZCV,ZP2.1,2MK,302,507,5AC,6FL,6NF,6NR,655",,,"Jun 1, 2011",,,,,,,,,,,
300 - Alpine White,,NDH2 - Fox Red Extended Leather,,WBSKG9C55BE797022,,E797022,"MSRP.1,ZCW,ZCV,ZP2.3,2MK,2MT.1,302,415,507,6FL,6NF,6NR,655,752",,,"Jun 1, 2011",1100,,CAN,,,,,,,,
300 - Alpine White,,NDSW - Black Extended Novillo Leather,,WBSKG9C57BE797023,,E797023,"MSRP.1,ZCV,ZP2.3,302,403,494,507,6FL,655,752",,,"Jun 3, 2011",1100,,,,,,,,,,
668 - Jet Black,,NCSW - Black Novillo Leather,,WBSKG9C59BE797024,,E797024,"MSRP.1,ZCV,ZP2.3,2MK,2MT.1,302,494,507,5AC,6FL,6NF,6NR,655",,,"Jun 3, 2011",,,,,,,,,,,
300 - Alpine White,,NCSW - Black Novillo Leather,,WBSKG9C50BE797025,,E797025,"MSRP.1,ZCP,ZCW,ZCV,ZP2.3,302,415,507,6FL,655,752",,,"Jun 3, 2011",,,CAN,,,,,,,,
668 - Jet Black,,NCSW - Black Novillo Leather,,WBSKG9C52BE797026,,E797026,"MSRP.1,ZCP,ZCW,ZCV,ZP2.3,302,403,507,6FL,655,752",,,"Jun 4, 2011",,,,,,,,,,,
A75 - Melbourne Red Metallic,,NCSW - Black Novillo Leather,,WBSKG9C54BE797027,,E797027,"MSRP.1,ZCP,ZCW,ZCV,ZP2.3,2MK,302,507,5AC,6FL,6NF,6NR,752",,,"Jun 6, 2011",550,,,,,,,,,,
300 - Alpine White,,NCH2 - Fox Red Novillo Leather,,WBSKG9C56BE797028,,E797028,"MSRP.1,ZCP,ZCW,ZCV,ZP2.3,2MK,302,415,507,6FL,655,752",,,"Jun 6, 2011",,,CAN,,,,,,,,
300 - Alpine White,,NCH4 - Palladium/Black Novillo Leather,,WBSKG9C58BE797029,,E797029,"MSRP.1,ZCP,ZCW,ZCV,ZP2.1,2MK,302,415,507,6FL,6NF,6NR,752",,,"Jun 6, 2011",,,,,,,,,,,
300 - Alpine White,,NCSW - Black Novillo Leather,,WBSKG9C54BE797030,,E797030,"MSRP.1,ZCV,ZP2.3,302,507,6FL,6NF,6NR",,,"Jun 7, 2011",,,,,,,,,,,
A96 - Unknown Paint Code,,NCH2 - Fox Red Novillo Leather,,WBSKG9C56BE797031,,E797031,"MSRP.1,ZCP,ZCW,ZCV,ZP2.3,2MK,302,403,415,507,5AC,6FL,6NF,6NR,655,752",,,"Jun 8, 2011",,,,,,,,,,,
668 - Jet Black,,NCH3 - Beige Novillo Leather,,WBSKG9C58BE797032,,E797032,"MSRP.1,ZCP,ZCV,ZP2.2,2MK,302,403,507,6FL,6NF,6NR,752",,,"Jun 8, 2011",,,,,,,,,,,
A96 - Unknown Paint Code,,NDH2 - Fox Red Extended Leather,,WBSKG9C5XBE797033,,E797033,"MSRP.1,ZCP,ZCV,ZP2.3,2MK,302,507,6FL,655,752",,,"Jun 8, 2011",1100,,,,,,,,,,
300 - Alpine White,,NCH5 - Fox Red/Black Novillo Leather,,WBSKG9C51BE797034,,E797034,"MSRP.1,ZCP,ZP2.1,302,609,6FL,6NF,6NR",,,"Jun 8, 2011",,,,,,,,,,,
300 - Alpine White,,NCSW - Black Novillo Leather,,WBSKG9C53BE797035,,E797035,"MSRP.1,ZCP,302,771",,,"Jun 8, 2011",950,,,,,,,,,,
668 - Jet Black,,NCH5 - Fox Red/Black Novillo Leather,,WBSKG9C55BE797036,,E797036,"MSRP.1,ZCP,ZCV,ZP2.1,302,494,507,6FL,655,752",,,"Jun 10, 2011",,,,,,,,,,,
A73 - Jerez Black Metallic,,NCSW - Black Novillo Leather,,WBSKG9C57BE797037,,E797037,"MSRP.1,ZCP,494,4MY,6FL",,,"Jun 10, 2011",550/950,,,,,,,,,,
A96 - Unknown Paint Code,,NCH5 - Fox Red/Black Novillo Leather,,WBSKG9C59BE797038,,E797038,"MSRP.1,ZCP,ZCV,ZP2.3,2MK,302,494,507,6FL,6NF,6NR,655,752",,,"Jun 10, 2011",,,,,,,,,,,
A52 - Space Gray Metallic,,NCH4 - Palladium/Black Novillo Leather,,WBSKG9C50BE797039,,E797039,"MSRP.1,ZCP,ZCV,ZP2.3,302,494,507,6FL,752",,,"Jun 10, 2011",550,,,,,,,,,,
A52 - Space Gray Metallic,,NCSW - Black Novillo Leather,,WBSKG9C57BE797040,,E797040,"MSRP.1,ZCP,ZCW,ZCV,ZP2.3,302,507,6FL,655,752",,,"Jun 14, 2011",550,,,,,,,,,,
A73 - Jerez Black Metallic,,NCSW - Black Novillo Leather,,WBSKG9C59BE797041,,E797041,"MSRP.1,ZCP,ZCV,ZP2.3,2MK,302,494,507,6FL,752",,,"Jun 14, 2011",550,,,,,,,,,,
A73 - Jerez Black Metallic,,NCH2 - Fox Red Novillo Leather,,WBSKG9C50BE797042,,E797042,"MSRP.1,ZCV,ZP2.3,302,507,6FL,6NF,6NR",,,"Jun 15, 2011",550,,,,,,,,,,
,,NDSW - Black Extended Novillo Leather,,WBSKG9C52BE797043,,E797043,"MSRP.1,ZCP,ZCW,ZCV,ZP2.3,2MK,302,415,507,5AC,6FL,6NF,6NR,655,752",,,"Jun 27, 2011",1100,,,,,,,,,,
,,NCSW - Black Novillo Leather,,WBSKG9C54BE797044,,E797044,"MSRP.1,ZCW,ZCV,ZP2.1,2MK,2MT.1,302,507,6FL",,,"Jun 28, 2011",,,CAN,,,,,,,,
,,NDSW - Black Extended Novillo Leather,,WBSKG9C56BE797045,,E797045,"MSRP.1,ZCP,ZCW,ZCV,ZP2.1,2MK,302,415,507,6FL,655,752",,,"Jun 28, 2011",1100,,CAN,,,,,,,,
,,NDSW - Black Extended Novillo Leather,,WBSKG9C58BE797046,,E797046,"MSRP.1,ZCP,ZCW,ZCV,ZP2.1,2MK,302,415,507,6FL,655,752",,,"Jun 28, 2011",1100,,CAN,,,,,,,,
,,NCH4 - Palladium/Black Novillo Leather,,WBSKG9C5XBE797047,,E797047,"MSRP.1,ZCP,ZCW,ZCV,ZP2.3,2MK,302,403,415,507,6FL,6NF,6NR,655,752",,,"Jun 30, 2011",,,,,,,,,,,
668 - Jet Black,,ZAP2 - Unknown Upholstery Code,,WBSKG9C51BE797048,,E797048,"MSRP.1,ZCP,ZCV,2MK,302,6FL,6NF,6NR,752",,,"Jun 30, 2011",,,,,,,,,,,
A73 - Jerez Black Metallic,,NCH1 - Silver Novillo Leather,,WBSKG9C53BE797049,,E797049,"MSRP.1,ZCV,ZP2.3,2MK,2MT.1,302,403,494,507,6FL,6NF,6NR,655",,,"Jun 15, 2011",550,,,,,,,,,,
381 - Le Mans Blue Metallic,,NCSW - Black Novillo Leather,,WBSKG9C5XBE797050,,E797050,"MSRP.1,ZCV,ZP2.3,302,507,6FL,6NF,6NR",,,"Jun 15, 2011",550,,,,,,,,,,
668 - Jet Black,,NCSW - Black Novillo Leather,,WBSKG9C51BE797051,,E797051,"MSRP.1,ZCP,ZCV,ZP2.1,302,415,494,507,6FL,6NF,6NR,752",,,"Jun 15, 2011",,,,,,,,,,,
A96 - Unknown Paint Code,,NCSW - Black Novillo Leather,,WBSKG9C53BE797052,,E797052,"MSRP.1,ZCP,2MK,639,6FL,771",,,"Jun 15, 2011",950,,,,,,,,,,
381 - Le Mans Blue Metallic,,NCSW - Black Novillo Leather,,WBSKG9C55BE797053,,E797053,"MSRP.1,ZCW,ZCV,ZP2.1,2MK,2MT.1,302,403,507,6FL,655,752",,,"Jun 16, 2011",550,,,,,,,,,,
300 - Alpine White,,NCH2 - Fox Red Novillo Leather,,WBSKG9C57BE797054,,E797054,"MSRP.1,ZCP,ZCW,ZCV,ZP2.3,2MK,302,507,6FL,6NF,6NR,655,752",,,"Jun 17, 2011",,,,,,,,,,,
300 - Alpine White,,GEAT - Anthracite/Black Cloth & Leather,,WBSKG9C59BE797055,,E797055,"MSRP.1,2MK,2MT.1,771",,,"Jun 17, 2011",,,,,,,,,,,
A75 - Melbourne Red Metallic,,GEAT - Anthracite/Black Cloth & Leather,,WBSKG9C50BE797056,,E797056,"MSRP.1,ZCW,ZP2.3,2MK,302,322,6FL,655",,,"Jun 17, 2011",550,,CAN,,,,,,,,
300 - Alpine White,,NDSW - Black Extended Novillo Leather,,WBSKG9C52BE797057,,E797057,"MSRP.1,ZCW,ZCV,ZP2.3,2MK,2MT.1,302,507,6FL,6NF,6NR,655,752",,,"Jun 17, 2011",1100,,,,,,,,,,
A30 - Interlagos Blue Metallic,,NCH4 - Palladium/Black Novillo Leather,,WBSKG9C54BE797058,,E797058,"MSRP.1,ZCP,ZCV,ZP2.3,302,403,494,507,6FL,6NF,6NR,655,752",,,"Jun 24, 2011",550,,,,,,,,,,
A52 - Space Gray Metallic,,NCH5 - Fox Red/Black Novillo Leather,,WBSKG9C56BE797059,,E797059,"MSRP.1,ZCP,ZCW,ZP2.3,2MK,507,6FL",,,"Jun 24, 2011",550,,,,,,,,,,
A96 - Unknown Paint Code,,NCSW - Black Novillo Leather,,WBSKG9C52BE797060,,E797060,"MSRP.1,ZCP,ZCV,ZP2.3,2MK,302,415,494,507,6FL,6NF,6NR,655,752",,,"Jun 24, 2011",,,,,,,,,,,
668 - Jet Black,,NCSW - Black Novillo Leather,,WBSKG9C54BE797061,,E797061,"MSRP.1,ZCP,ZCW,ZCV,ZP2.3,2MK,302,507,6FL,655,752",,,"Jun 24, 2011",,,,,,,,,,,
A73 - Jerez Black Metallic,,NCH3 - Beige Novillo Leather,,WBSKG9C56BE797062,,E797062,"MSRP.1,ZCW,ZCV,ZP2.1,2MK,2MT.1,302,415,507,6FL,655,752",,,"Jun 27, 2011",550,,CAN,,,,,,,,
A96 - Unknown Paint Code,,NCH1 - Silver Novillo Leather,,WBSKG9C58BE797063,,E797063,"MSRP.1,ZP2.3,494,609,6FL,752",,,"Jun 27, 2011",,,,,,,,,,,
A30 - Interlagos Blue Metallic,,NCH5 - Fox Red/Black Novillo Leather,,WBSKG9C5XBE797064,,E797064,"MSRP.1,ZCP,ZCW,ZCV,ZP2.2,2MK,302,507,6FL,6NF,6NR,752",,,"Jun 27, 2011",550,,,,,,,,,,
A75 - Melbourne Red Metallic,,NCH5 - Fox Red/Black Novillo Leather,,WBSKG9C51BE797065,,E797065,"MSRP.1,ZCP,ZCV,ZP2.1,302,494,507,6FL,6NF,6NR,655,752",,,"Jun 27, 2011",550,,,,,,,,,,
300 - Alpine White,,NCH2 - Fox Red Novillo Leather,,WBSKG9C53BE797066,,E797066,"MSRP.1,ZCW,2MT.1,4MY,655",,,"Jun 27, 2011",950,,,,,,,,,,
300 - Alpine White,,NCH2 - Fox Red Novillo Leather,,WBSKG9C55BE797067,,E797067,"MSRP.1,ZCP,4MY,6FL",,,"Jun 27, 2011",950,,,,,,,,,,
A73 - Jerez Black Metallic,,NCH4 - Palladium/Black Novillo Leather,,WBSKG9C57BE797068,,E797068,"MSRP.1,ZCP,ZCV,ZP2.3,2MK,302,494,507,6FL,6NF,6NR,752",,,"Jun 27, 2011",550,,,,,,,,,,
A73 - Jerez Black Metallic,,NCSW - Black Novillo Leather,,WBSKG9C59BE797069,,E797069,"MSRP.1,ZCV,ZP2.3,302,507,6FL,6NF,6NR,655",,,"Jun 27, 2011",550,,,,,,,,,,
668 - Jet Black,,NCSW - Black Novillo Leather,,WBSKG9C55BE797070,,E797070,"MSRP.1,ZCW,ZCV,ZP2.3,2MK,302,415,507,6FL,6NF,6NR,655,752",,,"Jun 27, 2011",,,CAN,,,,,,,,
A96 - Unknown Paint Code,,NCSW - Black Novillo Leather,,WBSKG9C57BE797071,,E797071,"MSRP.1,ZCV,2MK,302,494,4MX,507,6FL",,,"Jun 28, 2011",950,,,,,,,,,,
A96 - Unknown Paint Code,,NCSW - Black Novillo Leather,,WBSKG9C59BE797072,,E797072,"MSRP.1,ZCW,ZCV,ZP2.3,2MK,2MT.1,302,507,6FL",,,"Jun 28, 2011",,,CAN,,,,,,,,
A73 - Jerez Black Metallic,,NCH2 - Fox Red Novillo Leather,,WBSKG9C50BE797073,,E797073,"MSRP.1,ZCP,ZCV,ZP2.2,2MK,302,403,494,507,6FL,655,752",,,"Jun 28, 2011",550,,,,,,,,,,
A73 - Jerez Black Metallic,,NDH2 - Fox Red Extended Leather,,WBSKG9C52BE797074,,E797074,"MSRP.1,ZCP,ZCW,ZCV,ZP2.3,2MK,302,403,415,507,5AC,6FL,6NF,6NR,655,752",,,"Jun 28, 2011",550/1100,,,,,,,,,,
A73 - Jerez Black Metallic,,NDH1 - Silver Novillo Extended Leather,,WBSKG9C54BE797075,,E797075,"MSRP.1,ZCW,ZCV,ZP2.1,2MK,2MT.1,302,403,415,507,6FL,6NF,6NR,655,752",,,"Jun 28, 2011",550/1100,,CAN,,,,,,,,
A52 - Space Gray Metallic,,NCH4 - Palladium/Black Novillo Leather,,WBSKG9C56BE797076,,E797076,"MSRP.1,ZCP,ZCV,ZP2.3,2MK,302,415,507,6FL,6NF,6NR,655,752",,,"Jun 28, 2011",550,,,,,,,,,,
A73 - Jerez Black Metallic,,NCH2 - Fox Red Novillo Leather,,WBSKG9C58BE797077,,E797077,"MSRP.1,ZCP,ZCW,ZCV,ZP2.1,302,403,415,507,6FL,6NF,6NR,655,752",,,"Jun 28, 2011",550,,CAN,,,,,,,,
300 - Alpine White,,NCH2 - Fox Red Novillo Leather,,WBSKG9C5XBE797078,,E797078,"MSRP.1,ZCW,ZCV,ZP2.3,2MK,2MT.1,302,415,507,6FL,655,752",,,"Jun 28, 2011",,,CAN,,,,,,,,
300 - Alpine White,,NCH2 - Fox Red Novillo Leather,,WBSKG9C51BE797079,,E797079,"MSRP.1,ZCP,2MK,302,6FL,771",,,"Jun 30, 2011",950,,,,,,,,,,
300 - Alpine White,,NCH2 - Fox Red Novillo Leather,,WBSKG9C58BE797080,,E797080,"MSRP.1,ZCP,ZCV,ZP2.3,2MK,302,494,507,5AC,6FL,6NF,6NR,655",,,"Jun 30, 2011",,,,,,,,,,,
300 - Alpine White,,NCH3 - Beige Novillo Leather,,WBSKG9C5XBE797081,,E797081,"MSRP.1,2MK,403,494,771",,,"Jun 30, 2011",950,,,,,,,,,,
300 - Alpine White,,NCSW - Black Novillo Leather,,WBSKG9C51BE797082,,E797082,"MSRP.1,ZCP,ZCW,ZCV,ZP2.3,2MK,302,507,6FL,6NF,6NR,655,752",,,"Jun 30, 2011",,,,,,,,,,,
300 - Alpine White,,NCH5 - Fox Red/Black Novillo Leather,,WBSKG9C53BE797083,,E797083,"MSRP.1,ZCP,ZCW,ZCV,ZP2.3,2MK,302,507,6FL,6NF,6NR,655,752",,,"Jun 30, 2011",,,,,,,,,,,
300 - Alpine White,,NCSW - Black Novillo Leather,,WBSKG9C55BE797084,,E797084,"MSRP.1,ZCP,ZCW,ZCV,ZP2.3,302,403,507,6FL,6NF,6NR,655,752",,,"Jun 30, 2011",,,,,,,,,,,
300 - Alpine White,,NCH2 - Fox Red Novillo Leather,,WBSKG9C57BE797085,,E797085,"MSRP.1,ZCP,ZCW,ZCV,ZP2.3,302,415,507,6FL,752",,,"Jun 30, 2011",,,,,,,,,,,
668 - Jet Black,,NCSW - Black Novillo Leather,,WBSKG9C59BE797086,,E797086,"MSRP.1,ZCP,ZCW,ZCV,ZP2.3,2MK,302,507,6FL,655,752",,,"Jun 30, 2011",,,,,,,,,,,
A52 - Space Gray Metallic,,NCSW - Black Novillo Leather,,WBSKG9C50BE797087,,E797087,"MSRP.1,ZCP,ZCV,ZP2.1,2MK,302,494,507,6FL,655,752",,,"Jun 30, 2011",550,,,,,,,,,,
A96 - Unknown Paint Code,,NCH5 - Fox Red/Black Novillo Leather,,WBSKG9C52BE797088,,E797088,"MSRP.1,ZCP,ZCW,ZCV,ZP2.3,2MK,302,507,6FL,6NF,6NR,752",,,"Jun 30, 2011",,,,,,,,,,,
A96 - Unknown Paint Code,,NDH3 - Beige Novillo Extended Leather,,WBSKG9C54BE797089,,E797089,"MSRP.1,ZCP,ZCV,ZP2.3,2MK,302,403,415,494,507,5AC,6FL,6NF,6NR,655,752",,,"Jun 30, 2011",1100,,,,,,,,,,
668 - Jet Black,,NCSW - Black Novillo Leather,,WBSKG9C50BE797090,,E797090,"MSRP.1,ZCP,ZCV,2MK,302,403,494,4MY,507,6FL,6NF,6NR,655,752",,,"Jun 30, 2011",950,,,,,,,,,,
A96 - Unknown Paint Code,,NCSW - Black Novillo Leather,,WBSKG9C52BE797091,,E797091,"MSRP.1,ZCV,ZP2.3,302,507,6FL,6NF,6NR",,,"Jun 30, 2011",,,,,,,,,,,
668 - Jet Black,,NCSW - Black Novillo Leather,,WBSKG9C54BE797092,,E797092,"MSRP.1,ZCW,ZCV,ZP2.2,302,403,507,6FL,6NF,6NR,655,752",,,"Jun 30, 2011",,,,,,,,,,,
381 - Le Mans Blue Metallic,,NCSW - Black Novillo Leather,,WBSKG9C56BE797093,,E797093,"MSRP.1,ZCP,ZCW,ZCV,ZP2.3,2MK,302,507,6FL,6NF,6NR,752",,,"Jun 30, 2011",550,,,,,,,,,,
A73 - Jerez Black Metallic,,NCSW - Black Novillo Leather,,WBSKG9C58BE797094,,E797094,"MSRP.1,ZCP,ZCV,ZP2.3,2MK,302,415,494,507,6FL,655",,,"Jun 30, 2011",550,,,,,,,,,,
381 - Le Mans Blue Metallic,,NCSW - Black Novillo Leather,,WBSKG9C5XBE797095,,E797095,"MSRP.1,ZCW,ZCV,ZP2.3,2MK,2MT.1,302,403,507,6FL,655,752",,,"Jun 30, 2011",550,,,,,,,,,,
381 - Le Mans Blue Metallic,,NCH1 - Silver Novillo Leather,,WBSKG9C51BE797096,,E797096,"MSRP.1,ZP2.1,403,609,6FL",,,"Jun 30, 2011",550,,,,,,,,,,
A73 - Jerez Black Metallic,,NCH1 - Silver Novillo Leather,,WBSKG9C53BE797097,,E797097,"MSRP.1,ZCW,2MK,403,4MY,609,6FL,655",,,"Jun 30, 2011",550/950,,,,,,,,,,
A96 - Unknown Paint Code,,NCH1 - Silver Novillo Leather,,WBSKG9C55BE797098,,E797098,"MSRP.1,ZCW,ZCV,ZP2.3,2MK,302,507,5AC,6FL,6NF,6NR,655,752",,,"Jun 30, 2011",,,,,,,,,,,
A96 - Unknown Paint Code,,NCH5 - Fox Red/Black Novillo Leather,,WBSKG9C57BE797099,,E797099,"MSRP.1,ZCP,ZCV,ZP2.3,2MK,302,494,507,6FL,6NF,6NR",,,"Jun 30, 2011",,,,,,,,,,,
S34 - Unknown Paint Code,,NCSW - Black Novillo Leather,,WBSKG9C5XBE797100,,E797100,"MSRP.1,ZCW,ZCV,2MK,2MT.1,302,415,507,6FL,655,752",,,"Jul 6, 2011",950,,CAN,,,,,,,,
A52 - Space Gray Metallic,,NCSW - Black Novillo Leather,,WBSKG9C51BE797101,,E797101,"MSRP.1,ZCP,403,494,609,639,6FL,6NF,6NR,655,771",,,"Jun 30, 2011",550/950,,,,,,,,,,
A29 - Silverstone Metallic II,,NCH2 - Fox Red Novillo Leather,,WBSKG9C53BE797102,,E797102,"MSRP.1,ZCP,ZCW,ZCV,ZP2.3,302,403,507,6FL",,,"Jun 30, 2011",550,,,,,,,,,,
A29 - Silverstone Metallic II,,NCH4 - Palladium/Black Novillo Leather,,WBSKG9C55BE797103,,E797103,"MSRP.1,ZCP,ZCW,ZCV,ZP2.3,2MK,302,403,507,6FL,6NF,6NR,655,752",,,"Jun 30, 2011",550,,,,,,,,,,
A96 - Unknown Paint Code,,NCH3 - Beige Novillo Leather,,WBSKG9C57BE797104,,E797104,"MSRP.1,ZCP,2MK,302,4MY",,,"Jun 30, 2011",950,,,,,,,,,,
A96 - Unknown Paint Code,,NDSW - Black Extended Novillo Leather,,WBSKG9C59BE797105,,E797105,"MSRP.1,ZCP,ZCW,ZCV,ZP2.3,2MK,302,415,507,6FL,6NF,6NR,655,752",,,"Jul 1, 2011",1100,,,,,,,,,,
A73 - Jerez Black Metallic,,NCSW - Black Novillo Leather,,WBSKG9C50BE797106,,E797106,"MSRP.1,ZP2.1,403,494",,,"Jul 1, 2011",550,,,,,,,,,,
A73 - Jerez Black Metallic,,NCH5 - Fox Red/Black Novillo Leather,,WBSKG9C52BE797107,,E797107,"MSRP.1,ZCP,ZCV,2MK,302,403,494,4MY,507,6FL,752",,,"Jul 1, 2011",550/950,,,,,,,,,,
A73 - Jerez Black Metallic,,NCH5 - Fox Red/Black Novillo Leather,,WBSKG9C54BE797108,,E797108,"MSRP.1,ZCP,ZCW,ZCV,ZP2.3,2MK,302,403,507,6FL,655",,,"Jul 1, 2011",550,,,,,,,,,,
A96 - Unknown Paint Code,,NCSW - Black Novillo Leather,,WBSKG9C56BE797109,,E797109,"MSRP.1,ZCP,ZCV,ZP2.3,2MK,302,494,507,6FL,6NF,6NR,655,752",,,"Jul 1, 2011",,,,,,,,,,,
300 - Alpine White,,NCSW - Black Novillo Leather,,WBSKG9C52BE797110,,E797110,"MSRP.1,ZCP,ZCW,ZCV,ZP2.3,2MK,302,415,507,5AC,6FL,6NF,6NR,655,752",,,"Jul 1, 2011",,,,,,,,,,,
A29 - Silverstone Metallic II,,NDSW - Black Extended Novillo Leather,,WBSKG9C54BE797111,,E797111,"MSRP.1,ZCV,ZP2.1,2MK,2MT.1,302,403,415,494,507,6FL,655,752",,,"Jul 1, 2011",550/1100,,,,,,,,,,
300 - Alpine White,,NCH5 - Fox Red/Black Novillo Leather,,WBSKG9C56BE797112,,E797112,"MSRP.1,494,507,609,6FL,655",,,"Jul 1, 2011",950,,,,,,,,,,
668 - Jet Black,,NCH4 - Palladium/Black Novillo Leather,,WBSKG9C58BE797113,,E797113,"MSRP.1,ZCP,ZCW,ZCV,ZP2.3,2MK,302,403,415,507,6FL,655,752",,,"Jul 1, 2011",,,,,,,,,,,
A30 - Interlagos Blue Metallic,,NCH4 - Palladium/Black Novillo Leather,,WBSKG9C5XBE797114,,E797114,"MSRP.1,ZCP,ZCV,ZP2.3,302,403,494,507,6FL,6NF,6NR,655,752",,,"Jul 1, 2011",550,,,,,,,,,,
300 - Alpine White,,NCH2 - Fox Red Novillo Leather,,WBSKG9C51BE797115,,E797115,"MSRP.1,ZCP,ZCW,ZCV,ZP2.3,2MK,302,415,507,5AC,6FL,6NF,6NR,655,752",,,"Jul 1, 2011",,,,,,,,,,,
A73 - Jerez Black Metallic,,NCSW - Black Novillo Leather,,WBSKG9C53BE797116,,E797116,"MSRP.1,ZCP,ZCW,ZCV,ZP2.3,302,507,5AC,6FL,6NF,6NR,655,752",,,"Jul 1, 2011",550,,,,,,,,,,
A73 - Jerez Black Metallic,,NCH3 - Beige Novillo Leather,,WBSKG9C55BE797117,,E797117,"MSRP.1,ZCP,ZCV,ZP2.2,302,415,507,5AC,6FL,752",,,"Jul 1, 2011",550,,,,,,,,,,
A73 - Jerez Black Metallic,,NCH2 - Fox Red Novillo Leather,,WBSKG9C57BE797118,,E797118,"MSRP.1,ZCP,ZCW,ZCV,ZP2.3,2MK,302,415,507,6FL,6NF,6NR,655,752",,,"Jul 1, 2011",550,,,,,,,,,,
300 - Alpine White,,NCSW - Black Novillo Leather,,WBSKG9C59BE797119,,E797119,"MSRP.1,ZCP,2MK,494,4MY,609,6FL,6NF,6NR,655",,,"Jul 1, 2011",950,,,,,,,,,,
300 - Alpine White,,NDSW - Black Extended Novillo Leather,,WBSKG9C55BE797120,,E797120,"MSRP.1,ZCV,ZP2.3,2MT.1,302,507,6FL,6NF,6NR,752",,,"Jul 1, 2011",1100,,,,,,,,,,
A73 - Jerez Black Metallic,,NCSW - Black Novillo Leather,,WBSKG9C57BE797121,,E797121,"MSRP.1,ZCP,ZCW,ZCV,ZP2.3,2MK,302,507,6FL,6NF,6NR,655",,,"Jul 1, 2011",550,,,,,,,,,,
A73 - Jerez Black Metallic,,NDH3 - Beige Novillo Extended Leather,,WBSKG9C59BE797122,,E797122,"MSRP.1,ZCP,ZCW,ZCV,ZP2.3,2MK,302,415,507,6FL,655,752",,,"Jul 1, 2011",550/1100,,,,,,,,,,
A73 - Jerez Black Metallic,,NCSW - Black Novillo Leather,,WBSKG9C50BE797123,,E797123,"MSRP.1,ZCW,ZCV,ZP2.2,2MK,2MT.1,302,415,507,6FL,655,752",,,"Jul 1, 2011",550,,CAN,,,,,,,,
A73 - Jerez Black Metallic,,NCH3 - Beige Novillo Leather,,WBSKG9C52BE797124,,E797124,"MSRP.1,ZCV,ZP2.3,2MK,2MT.1,302,494,507,6FL,6NF,6NR,752",,,"Jul 1, 2011",550,,,,,,,,,,
A73 - Jerez Black Metallic,,NCSW - Black Novillo Leather,,WBSKG9C54BE797125,,E797125,"MSRP.1,ZCV,ZP2.3,302,507,6FL,6NF,6NR",,,"Jul 1, 2011",550,,,,,,,,,,
668 - Jet Black,,NCH3 - Beige Novillo Leather,,WBSKG9C56BE797126,,E797126,"MSRP.1,ZCP,ZCW,ZCV,ZP2.2,302,507,6FL,752",,,"Jul 1, 2011",,,,,,,,,,,
A29 - Silverstone Metallic II,,NCH2 - Fox Red Novillo Leather,,WBSKG9C58BE797127,,E797127,"MSRP.1,ZCW,ZCV,ZP2.2,2MT.1,302,507,6FL,752",,,"Jul 1, 2011",550,,,,,,,,,,
A29 - Silverstone Metallic II,,NCH3 - Beige Novillo Leather,,WBSKG9C5XBE797128,,E797128,"MSRP.1,ZCP,ZCV,ZP2.3,2MK,302,507,6FL,6NF,6NR",,,"Jul 1, 2011",550,,,,,,,,,,
A29 - Silverstone Metallic II,,NDH2 - Fox Red Extended Leather,,WBSKG9C51BE797129,,E797129,"MSRP.1,ZCP,ZCW,ZCV,ZP2.1,2MK,302,415,507,6FL,6NF,6NR,752",,,"Jul 1, 2011",550/1100,,,,,,,,,,
A29 - Silverstone Metallic II,,NCSW - Black Novillo Leather,,WBSKG9C58BE797130,,E797130,"MSRP.1,ZCP,ZCW,ZCV,ZP2.3,2MK,302,507,5AC,6FL,6NF,6NR,655",,,"Jul 1, 2011",550,,,,,,,,,,
A96 - Unknown Paint Code,,NCSW - Black Novillo Leather,,WBSKG9C5XBE797131,,E797131,"MSRP.1,ZCV,ZP2.3,302,507,6FL,6NF,6NR",,,"Jul 1, 2011",,,,,,,,,,,
A73 - Jerez Black Metallic,,NCH2 - Fox Red Novillo Leather,,WBSKG9C51BE797132,,E797132,"MSRP.1,ZCP,ZCV,ZP2.3,2MK,302,494,507,6FL,752",,,"Jul 1, 2011",550,,,,,,,,,,
A73 - Jerez Black Metallic,,NCSW - Black Novillo Leather,,WBSKG9C53BE797133,,E797133,"MSRP.1,2MK,2MT.1,507,6FL",,,"Jul 1, 2011",550/950,,,,,,,,,,
668 - Jet Black,,NCSW - Black Novillo Leather,,WBSKG9C55BE797134,,E797134,"MSRP.1,ZCP,ZCW,ZCV,ZP2.3,2MK,302,507,6FL,6NF,6NR,655,752",,,"Jul 11, 2011",,,,,,,,,,,
A75 - Melbourne Red Metallic,,NCH5 - Fox Red/Black Novillo Leather,,WBSKG9C57BE797135,,E797135,"MSRP.1,ZCP,ZP2.3,494,6FL",,,"Jul 1, 2011",550,,,,,,,,,,
A96 - Unknown Paint Code,,NDSW - Black Extended Novillo Leather,,WBSKG9C59BE797136,,E797136,"MSRP.1,ZCP,ZCV,ZP2.3,2MK,302,507,6FL,6NF,6NR,655,752",,,"Jul 1, 2011",1100,,,,,,,,,,
A96 - Unknown Paint Code,,NCH5 - Fox Red/Black Novillo Leather,,WBSKG9C50BE797137,,E797137,"MSRP.1,ZCP,ZCV,2MK,302,494,507,639,6FL,655,771",,,"Jul 1, 2011",950,,,,,,,,,,
300 - Alpine White,,NCH2 - Fox Red Novillo Leather,,WBSKG9C52BE797138,,E797138,"MSRP.1,494,507,609,6FL,655",,,"Jul 4, 2011",950,,,,,,,,,,
A96 - Unknown Paint Code,,NCSW - Black Novillo Leather,,WBSKG9C54BE797139,,E797139,"MSRP.1,ZCP,ZCV,ZP2.3,2MK,302,403,415,507,6FL,752",,,"Jul 4, 2011",,,,,,,,,,,
668 - Jet Black,,NCH3 - Beige Novillo Leather,,WBSKG9C50BE797140,,E797140,"MSRP.1,ZCP,ZCW,ZCV,ZP2.2,2MK,302,403,507,5AC,6FL,6NF,6NR,655,752",,,"Jul 4, 2011",,,,,,,,,,,
A52 - Space Gray Metallic,,NCSW - Black Novillo Leather,,WBSKG9C52BE797141,,E797141,"MSRP.1,ZCP,ZCW,ZCV,302,4MY,507,6FL,752",,,"Jul 4, 2011",550/950,,,,,,,,,,
A52 - Space Gray Metallic,,NCH2 - Fox Red Novillo Leather,,WBSKG9C54BE797142,,E797142,"MSRP.1,ZCP,ZCW,ZCV,ZP2.1,302,507,6FL,6NF,6NR,655,752",,,"Jul 4, 2011",550,,,,,,,,,,
A52 - Space Gray Metallic,,NCSW - Black Novillo Leather,,WBSKG9C56BE797143,,E797143,"MSRP.1,ZCP,ZCV,ZP2.3,2MK,302,403,415,494,507,6FL,6NF,6NR,655,752",,,"Jul 4, 2011",550,,,,,,,,,,
A96 - Unknown Paint Code,,NCH5 - Fox Red/Black Novillo Leather,,WBSKG9C58BE797144,,E797144,"MSRP.1,ZCP,ZCV,2MK,302,494,507,639,6FL,771",,,"Jul 4, 2011",950,,,,,,,,,,
300 - Alpine White,,NCSW - Black Novillo Leather,,WBSKG9C5XBE797145,,E797145,"MSRP.1,494,507,609,6FL,655",,,"Jul 4, 2011",950,,,,,,,,,,
A52 - Space Gray Metallic,,NCSW - Black Novillo Leather,,WBSKG9C51BE797146,,E797146,"MSRP.1,ZCP,ZCW,ZCV,ZP2.3,2MK,302,507,5AC,6FL",,,"Jul 4, 2011",550,,,,,,,,,,
668 - Jet Black,,NCSW - Black Novillo Leather,,WBSKG9C53BE797147,,E797147,"MSRP.1,ZCW,ZCV,ZP2.3,2MK,2MT.1,302,415,507,6FL,655,752",,,"Jul 4, 2011",,,CAN,,,,,,,,
A52 - Space Gray Metallic,,NCH1 - Silver Novillo Leather,,WBSKG9C55BE797148,,E797148,"MSRP.1,ZCP,ZCV,ZP2.2,302,403,507,6FL,752",,,"Jul 4, 2011",550,,,,,,,,,,
300 - Alpine White,,NCSW - Black Novillo Leather,,WBSKG9C57BE797149,,E797149,"MSRP.1,494,507,609,6FL,655",,,"Jul 4, 2011",950,,,,,,,,,,
300 - Alpine White,,NCH5 - Fox Red/Black Novillo Leather,,WBSKG9C53BE797150,,E797150,"MSRP.1,ZCP,ZCV,ZP2.1,2MK,302,403,494,507,6FL",,,"Jul 4, 2011",,,,,,,,,,,
A73 - Jerez Black Metallic,,NCH2 - Fox Red Novillo Leather,,WBSKG9C55BE797151,,E797151,"MSRP.1,ZCV,ZP2.3,2MK,2MT.1,302,403,494,507,6FL,6NF,6NR,655,752",,,"Jul 4, 2011",550,,,,,,,,,,
300 - Alpine White,,NCH2 - Fox Red Novillo Leather,,WBSKG9C57BE797152,,E797152,"MSRP.1,ZCP,ZCW,ZCV,ZP2.3,2MK,302,507,6FL,752",,,"Jul 4, 2011",,,,,,,,,,,
300 - Alpine White,,NCSW - Black Novillo Leather,,WBSKG9C59BE797153,,E797153,"MSRP.1,ZCP,ZCV,ZP2.3,2MK,302,403,494,507,6FL,6NF,6NR,655,752",,,"Jul 4, 2011",,,,,,,,,,,
A75 - Melbourne Red Metallic,,NDH2 - Fox Red Extended Leather,,WBSKG9C50BE797154,,E797154,"MSRP.1,ZCV,ZP2.1,2MK,2MT.1,302,403,494,507,6FL",,,"Jul 4, 2011",550/1100,,,,,,,,,,
300 - Alpine White,,NCSW - Black Novillo Leather,,WBSKG9C52BE797155,,E797155,"MSRP.1,ZCP,ZCW,ZCV,ZP2.3,2MK,302,507,6FL,655",,,"Jul 4, 2011",,,,,,,,,,,
300 - Alpine White,,NDH2 - Fox Red Extended Leather,,WBSKG9C54BE797156,,E797156,"MSRP.1,ZCP,ZCV,ZP2.3,2MK,302,507,6FL,6NF,6NR,655,752",,,"Jul 4, 2011",1100,,,,,,,,,,
A75 - Melbourne Red Metallic,,NCSW - Black Novillo Leather,,WBSKG9C56BE797157,,E797157,"MSRP.1,ZCP,ZCV,ZP2.3,2MK,302,494,507,6FL,6NF,6NR,655,752",,,"Jul 4, 2011",550,,,,,,,,,,
A75 - Melbourne Red Metallic,,NDSW - Black Extended Novillo Leather,,WBSKG9C58BE797158,,E797158,"MSRP.1,ZCW,ZCV,ZP2.3,2MT.1,302,415,507,6FL,655,752",,,"Jul 4, 2011",550/1100,,CAN,,,,,,,,
A75 - Melbourne Red Metallic,,NCSW - Black Novillo Leather,,WBSKG9C5XBE797159,,E797159,"MSRP.1,ZCW,ZCV,ZP2.1,302,6FL,6NF,6NR,655,752",,,"Jul 4, 2011",550,,CAN,,,,,,,,
A75 - Melbourne Red Metallic,,NCSW - Black Novillo Leather,,WBSKG9C56BE797160,,E797160,"MSRP.1,ZCW,ZCV,ZP2.3,2MT.1,302,415,507,6FL,6NF,6NR,655,752",,,"Jul 4, 2011",550,,CAN,,,,,,,,
300 - Alpine White,,NCSW - Black Novillo Leather,,WBSKG9C58BE797161,,E797161,"MSRP.1,ZCW,ZCV,ZP2.3,2MK,2MT.1,302,415,507,6FL,655,752",,,"Jul 4, 2011",,,CAN,,,,,,,,
300 - Alpine White,,NCSW - Black Novillo Leather,,WBSKG9C5XBE797162,,E797162,"MSRP.1,ZCW,ZCV,ZP2.3,2MK,2MT.1,302,415,507,6FL,655,752",,,"Jul 4, 2011",,,CAN,,,,,,,,
300 - Alpine White,,NCSW - Black Novillo Leather,,WBSKG9C51BE797163,,E797163,"MSRP.1,ZCW,ZCV,ZP2.3,2MK,2MT.1,302,415,507,6FL,655,752",,,"Jul 4, 2011",,,CAN,,,,,,,,
300 - Alpine White,,NCSW - Black Novillo Leather,,WBSKG9C53BE797164,,E797164,"MSRP.1,ZCW,ZCV,ZP2.3,2MK,2MT.1,302,415,507,6FL,655,752",,,"Jul 4, 2011",,,CAN,,,,,,,,
300 - Alpine White,,NCSW - Black Novillo Leather,,WBSKG9C55BE797165,,E797165,"MSRP.1,ZCW,ZCV,ZP2.3,2MK,2MT.1,302,415,507,6FL,655,752",,,"Jul 4, 2011",,,CAN,,,,,,,,
300 - Alpine White,,NCSW - Black Novillo Leather,,WBSKG9C57BE797166,,E797166,"MSRP.1,ZCW,ZCV,ZP2.3,2MK,2MT.1,302,415,507,6FL,655,752",,,"Jul 5, 2011",,,CAN,,,,,,,,
668 - Jet Black,,NCH2 - Fox Red Novillo Leather,,WBSKG9C59BE797167,,E797167,"MSRP.1,ZCW,ZP2.3,2MT.1,302,322,6FL",,,"Jul 5, 2011",,,CAN,,,,,,,,
381 - Le Mans Blue Metallic,,NCSW - Black Novillo Leather,,WBSKG9C50BE797168,,E797168,"MSRP.1,ZCV,2MT.1,302,403,494,507,639,6FL,752,771",,,"Jul 5, 2011",550/950,,,,,,,,,,
A52 - Space Gray Metallic,,NCSW - Black Novillo Leather,,WBSKG9C52BE797169,,E797169,"MSRP.1,ZCV,ZP2.3,302,507,6FL,6NF,6NR",,,"Jul 5, 2011",550,,,,,,,,,,
A52 - Space Gray Metallic,,NCSW - Black Novillo Leather,,WBSKG9C59BE797170,,E797170,"MSRP.1,ZCW,ZCV,ZP2.1,2MT.1,302,403,507,6FL,655,752",,,"Jul 5, 2011",550,,,,,,,,,,
A73 - Jerez Black Metallic,,NCSW - Black Novillo Leather,,WBSKG9C50BE797171,,E797171,"MSRP.1,403,4MX,6FL",,,"Jul 5, 2011",550/950,,,,,,,,,,
A52 - Space Gray Metallic,,NCSW - Black Novillo Leather,,WBSKG9C52BE797172,,E797172,"MSRP.1,ZCV,ZP2.3,302,507,6FL,6NF,6NR",,,"Jul 5, 2011",550,,,,,,,,,,
300 - Alpine White,,NCH1 - Silver Novillo Leather,,WBSKG9C54BE797173,,E797173,"MSRP.1,ZCV,ZP2.3,2MK,302,415,507,6FL,655",,,"Jul 5, 2011",,,,,,,,,,,
300 - Alpine White,,NCSW - Black Novillo Leather,,WBSKG9C56BE797174,,E797174,"MSRP.1,ZP2.3,2MT.1,6FL",,,"Jul 5, 2011",,,,,,,,,,,
A52 - Space Gray Metallic,,NCH2 - Fox Red Novillo Leather,,WBSKG9C58BE797175,,E797175,"MSRP.1,ZCW,ZCV,ZP2.1,2MT.1,302,403,415,507,6FL,6NF,6NR,655,752",,,"Jul 5, 2011",550,,CAN,,,,,,,,
381 - Le Mans Blue Metallic,,GEAT - Anthracite/Black Cloth & Leather,,WBSKG9C5XBE797176,,E797176,"MSRP.1,302,4MY,6FL",,,"Jul 5, 2011",550,,,,,,,,,,
300 - Alpine White,,NCH2 - Fox Red Novillo Leather,,WBSKG9C51BE797177,,E797177,"MSRP.1,ZCV,ZP2.1,2MT.1,302,403,507,6FL",,,"Jul 5, 2011",,,,,,,,,,,
300 - Alpine White,,NCH2 - Fox Red Novillo Leather,,WBSKG9C53BE797178,,E797178,"MSRP.1,ZCW,ZCV,ZP2.3,2MT.1,302,403,507,6FL",,,"Jul 5, 2011",,,,,,,,,,,
A73 - Jerez Black Metallic,,NCH2 - Fox Red Novillo Leather,,WBSKG9C55BE797179,,E797179,"MSRP.1,ZCP,ZCV,ZP2.3,2MK,302,507,6FL,6NF,6NR,655,752",,,"Jul 5, 2011",550,,,,,,,,,,
A96 - Unknown Paint Code,,NCH5 - Fox Red/Black Novillo Leather,,WBSKG9C51BE797180,,E797180,"MSRP.1,ZCP,ZCW,ZCV,ZP2.3,302,403,507,6FL,752",,,"Jul 5, 2011",,,,,,,,,,,
A73 - Jerez Black Metallic,,NCSW - Black Novillo Leather,,WBSKG9C53BE797181,,E797181,"MSRP.1,ZCW,ZCV,ZP2.3,2MK,2MT.1,302,415,507,6FL,655,752",,,"Jul 5, 2011",550,,CAN,,,,,,,,
A73 - Jerez Black Metallic,,NCSW - Black Novillo Leather,,WBSKG9C55BE797182,,E797182,"MSRP.1,ZCW,ZCV,ZP2.3,2MK,2MT.1,302,415,507,6FL,655,752",,,"Jul 5, 2011",550,,CAN,,,,,,,,
A73 - Jerez Black Metallic,,NCSW - Black Novillo Leather,,WBSKG9C57BE797183,,E797183,"MSRP.1,ZCW,ZCV,ZP2.3,2MK,2MT.1,302,415,507,6FL,655,752",,,"Jul 5, 2011",550,,CAN,,,,,,,,
668 - Jet Black,,NDH2 - Fox Red Extended Leather,,WBSKG9C59BE797184,,E797184,"MSRP.1,ZCV,ZP2.3,2MK,302,494,507,6FL,655",,,"Jul 5, 2011",1100,,,,,,,,,,
668 - Jet Black,,NCSW - Black Novillo Leather,,WBSKG9C50BE797185,,E797185,"MSRP.1,ZCP,ZCV,ZP2.3,2MK,302,494,507,6FL,752",,,"Jul 5, 2011",,,,,,,,,,,
668 - Jet Black,,NCH2 - Fox Red Novillo Leather,,WBSKG9C52BE797186,,E797186,"MSRP.1,ZCV,ZP2.3,302,494,507,6FL",,,"Jul 5, 2011",,,,,,,,,,,
668 - Jet Black,,NCH5 - Fox Red/Black Novillo Leather,,WBSKG9C54BE797187,,E797187,"MSRP.1,ZCP,ZCV,ZP2.3,2MK,302,494,507,6FL,6NF,6NR,655,752",,,"Jul 5, 2011",,,,,,,,,,,
668 - Jet Black,,NCSW - Black Novillo Leather,,WBSKG9C56BE797188,,E797188,"MSRP.1,ZCW,ZCV,ZP2.3,2MK,2MT.1,302,415,507,6FL,655,752",,,"Jul 5, 2011",,,CAN,,,,,,,,
668 - Jet Black,,NCSW - Black Novillo Leather,,WBSKG9C58BE797189,,E797189,"MSRP.1,ZCW,ZCV,ZP2.3,2MK,2MT.1,302,415,507,6FL,655,752",,,"Jul 5, 2011",,,CAN,,,,,,,,
668 - Jet Black,,NCH2 - Fox Red Novillo Leather,,WBSKG9C54BE797190,,E797190,"MSRP.1,ZCP,ZCV,ZP2.3,302,494,507,6FL,655,752",,,"Jul 5, 2011",,,,,,,,,,,
300 - Alpine White,,NDSW - Black Extended Novillo Leather,,WBSKG9C56BE797191,,E797191,"MSRP.1,ZCP,ZCV,ZP2.3,2MK,302,494,507,6FL,752",,,"Jul 5, 2011",1100,,,,,,,,,,
A75 - Melbourne Red Metallic,,NCH5 - Fox Red/Black Novillo Leather,,WBSKG9C58BE797192,,E797192,"MSRP.1,ZCV,ZP2.3,302,494,507,6FL,6NF,6NR,655",,,"Jul 5, 2011",550,,,,,,,,,,
300 - Alpine White,,NDH2 - Fox Red Extended Leather,,WBSKG9C5XBE797193,,E797193,"MSRP.1,ZCP,ZCW,ZCV,ZP2.3,2MK,302,415,507,6FL,655",,,"Jul 5, 2011",1100,,,,,,,,,,
300 - Alpine White,,NCH5 - Fox Red/Black Novillo Leather,,WBSKG9C51BE797194,,E797194,"MSRP.1,ZCP,ZCW,ZCV,ZP2.3,2MK,302,507,6FL,6NF,6NR,655,752",,,"Jul 5, 2011",,,,,,,,,,,
300 - Alpine White,,NDSW - Black Extended Novillo Leather,,WBSKG9C53BE797195,,E797195,"MSRP.1,ZCP,ZCW,ZCV,ZP2.3,2MK,302,507,6FL,6NF,6NR,655,752",,,"Jul 5, 2011",1100,,,,,,,,,,
381 - Le Mans Blue Metallic,,NDH3 - Beige Novillo Extended Leather,,WBSKG9C55BE797196,,E797196,"MSRP.1,ZCV,ZP2.3,2MT.1,302,494,507,6FL,6NF,6NR,655,752",,,"Jul 5, 2011",550/1100,,,,,,,,,,
A96 - Unknown Paint Code,,NCSW - Black Novillo Leather,,WBSKG9C57BE797197,,E797197,"MSRP.1,ZCP,ZCV,ZP2.3,2MK,302,494,507,6FL,6NF,6NR,655,752",,,"Jul 5, 2011",,,,,,,,,,,
300 - Alpine White,,NCSW - Black Novillo Leather,,WBSKG9C59BE797198,,E797198,"MSRP.1,494,507,609,6FL,655",,,"Jul 5, 2011",950,,,,,,,,,,
A96 - Unknown Paint Code,,NCSW - Black Novillo Leather,,WBSKG9C50BE797199,,E797199,"MSRP.1,ZCP,ZCV,ZP2.3,2MK,302,494,507,6FL,6NF,6NR,655,752",,,"Jul 6, 2011",,,,,,,,,,,
A96 - Unknown Paint Code,,NDSW - Black Extended Novillo Leather,,WBSKG9C53BE797200,,E797200,"MSRP.1,ZCP,ZCV,ZP2.2,2MK,302,494,507,6FL,6NF,6NR,752",,,"Jul 6, 2011",1100,,,,,,,,,,
300 - Alpine White,,NCSW - Black Novillo Leather,,WBSKG9C55BE797201,,E797201,"MSRP.1,ZCP,302,771",,,"Jul 6, 2011",950,,,,,,,,,,
300 - Alpine White,,NCSW - Black Novillo Leather,,WBSKG9C57BE797202,,E797202,"MSRP.1,494,507,609,6FL,655",,,"Jul 6, 2011",950,,,,,,,,,,
A73 - Jerez Black Metallic,,NDSW - Black Extended Novillo Leather,,WBSKG9C59BE797203,,E797203,"MSRP.1,ZCV,ZP2.1,2MK,2MT.1,302,403,415,507,5AC,6FL,655,752",,,"Jul 6, 2011",550/1100,,,,,,,,,,
A73 - Jerez Black Metallic,,NDH2 - Fox Red Extended Leather,,WBSKG9C50BE797204,,E797204,"MSRP.1,ZCW,ZCV,ZP2.2,2MK,2MT.1,302,403,415,507,6FL,655,752",,,"Jul 6, 2011",550/1100,,CAN,,,,,,,,
668 - Jet Black,,NDSW - Black Extended Novillo Leather,,WBSKG9C52BE797205,,E797205,"MSRP.1,ZCP,ZCW,ZCV,ZP2.3,302,415,507,6FL,752",,,"Jul 6, 2011",1100,,,,,,,,,,
A52 - Space Gray Metallic,,NCSW - Black Novillo Leather,,WBSKG9C54BE797206,,E797206,"MSRP.1,ZCP,ZCV,ZP2.3,302,507,6FL",,,"Jul 6, 2011",550,,,,,,,,,,
668 - Jet Black,,NCSW - Black Novillo Leather,,WBSKG9C56BE797207,,E797207,"MSRP.1,ZCP,ZCV,ZP2.3,2MK,302,494,507,6FL,6NF,6NR,655,752",,,"Jul 6, 2011",,,,,,,,,,,
A52 - Space Gray Metallic,,NCH5 - Fox Red/Black Novillo Leather,,WBSKG9C58BE797208,,E797208,"MSRP.1,ZCP,ZCV,ZP2.3,2MK,302,494,507,6FL,6NF,6NR,655,752",,,"Jul 6, 2011",550,,,,,,,,,,
A30 - Interlagos Blue Metallic,,NCSW - Black Novillo Leather,,WBSKG9C5XBE797209,,E797209,"MSRP.1,ZCP,ZCW,ZCV,ZP2.3,302,403,507,6FL,655,752",,,"Jul 6, 2011",550,,,,,,,,,,
A29 - Silverstone Metallic II,,NCH5 - Fox Red/Black Novillo Leather,,WBSKG9C56BE797210,,E797210,"MSRP.1,ZCP,ZCV,2MK,302,4MZ,507,6FL,655",,,"Jul 6, 2011",550/950,,,,,,,,,,
A73 - Jerez Black Metallic,,NCSW - Black Novillo Leather,,WBSKG9C58BE797211,,E797211,"MSRP.1,ZCW,ZCV,ZP2.3,2MK,2MT.1,302,415,507,6FL,655,752",,,"Jul 6, 2011",550,,CAN,,,,,,,,
A75 - Melbourne Red Metallic,,NCH5 - Fox Red/Black Novillo Leather,,WBSKG9C5XBE797212,,E797212,"MSRP.1,ZCP,ZCV,ZP2.3,2MK,302,494,507,6FL,6NF,6NR",,,"Jul 6, 2011",550,,,,,,,,,,
A30 - Interlagos Blue Metallic,,NCSW - Black Novillo Leather,,WBSKG9C51BE797213,,E797213,"MSRP.1,ZCP,ZCV,ZP2.1,302,403,507,6FL,6NF,6NR,655",,,"Jul 6, 2011",550,,,,,,,,,,
A75 - Melbourne Red Metallic,,NCH5 - Fox Red/Black Novillo Leather,,WBSKG9C53BE797214,,E797214,"MSRP.1,ZCV,ZP2.2,2MT.1,302,507,6FL",,,"Jul 6, 2011",550,,,,,,,,,,
A75 - Melbourne Red Metallic,,NCH4 - Palladium/Black Novillo Leather,,WBSKG9C55BE797215,,E797215,"MSRP.1,ZCV,ZP2.3,302,507,6FL,655",,,"Jul 6, 2011",550,,,,,,,,,,
A96 - Unknown Paint Code,,NCH2 - Fox Red Novillo Leather,,WBSKG9C57BE797216,,E797216,"MSRP.1,ZCP,ZCV,2MK,302,4MY,507,6FL",,,"Jul 6, 2011",950,,,,,,,,,,
A73 - Jerez Black Metallic,,NCSW - Black Novillo Leather,,WBSKG9C59BE797217,,E797217,"MSRP.1,ZCW,ZCV,ZP2.3,2MK,2MT.1,302,415,507,6FL,655,752",,,"Jul 6, 2011",550,,CAN,,,,,,,,
A73 - Jerez Black Metallic,,NCSW - Black Novillo Leather,,WBSKG9C50BE797218,,E797218,"MSRP.1,ZCW,ZCV,ZP2.3,2MK,2MT.1,302,415,507,6FL,655,752",,,"Jul 6, 2011",550,,CAN,,,,,,,,
A73 - Jerez Black Metallic,,NCSW - Black Novillo Leather,,WBSKG9C52BE797219,,E797219,"MSRP.1,ZCW,ZCV,ZP2.3,2MK,2MT.1,302,415,507,6FL,655,752",,,"Jul 6, 2011",550,,CAN,,,,,,,,
A73 - Jerez Black Metallic,,NCSW - Black Novillo Leather,,WBSKG9C59BE797220,,E797220,"MSRP.1,ZCW,ZCV,ZP2.3,2MK,2MT.1,302,415,507,6FL,655,752",,,"Jul 6, 2011",550,,CAN,,,,,,,,
A73 - Jerez Black Metallic,,NCSW - Black Novillo Leather,,WBSKG9C50BE797221,,E797221,"MSRP.1,ZCW,ZCV,ZP2.3,2MK,2MT.1,302,415,507,6FL,655,752",,,"Jul 6, 2011",550,,CAN,,,,,,,,
A30 - Interlagos Blue Metallic,,NCH3 - Beige Novillo Leather,,WBSKG9C52BE797222,,E797222,"MSRP.1,ZCV,ZP2.1,2MK,302,494,507,6FL",,,"Jul 6, 2011",550,,,,,,,,,,
A96 - Unknown Paint Code,,NCH2 - Fox Red Novillo Leather,,WBSKG9C54BE797223,,E797223,"MSRP.1,ZCP,ZCV,ZP2.3,302,494,507,6FL,752",,,"Jul 6, 2011",,,,,,,,,,,
A52 - Space Gray Metallic,,NCSW - Black Novillo Leather,,WBSKG9C56BE797224,,E797224,"MSRP.1,ZCP,ZCV,ZP2.3,302,403,494,507,6FL,6NF,6NR,752",,,"Jul 6, 2011",550,,,,,,,,,,
A96 - Unknown Paint Code,,NCH5 - Fox Red/Black Novillo Leather,,WBSKG9C58BE797225,,E797225,"MSRP.1,ZCP,ZCV,ZP2.3,2MK,302,494,507,6FL,6NF,6NR,655,752",,,"Jul 6, 2011",,,,,,,,,,,
300 - Alpine White,,NCH2 - Fox Red Novillo Leather,,WBSKG9C5XBE797226,,E797226,"MSRP.1,494,507,609,6FL,655",,,"Jul 6, 2011",950,,,,,,,,,,
300 - Alpine White,,NCSW - Black Novillo Leather,,WBSKG9C51BE797227,,E797227,"MSRP.1,ZCP,ZCW,ZCV,ZP2.3,2MK,302,415,507,6FL,752",,,"Jul 6, 2011",,,,,,,,,,,
300 - Alpine White,,NCSW - Black Novillo Leather,,WBSKG9C53BE797228,,E797228,"MSRP.1,ZCV,ZP2.3,2MT.1,302,494,507,6FL,752",,,"Jul 7, 2011",,,,,,,,,,,
300 - Alpine White,,NCH5 - Fox Red/Black Novillo Leather,,WBSKG9C55BE797229,,E797229,"MSRP.1,ZCP,ZCW,ZCV,ZP2.3,2MK,302,415,507,6FL",,,"Jul 7, 2011",,,,,,,,,,,
,,Z1XX - Unknown Upholstery Code,,WBSKG9C51BE797230,,E797230,"MSRP.1,ZCP,ZCW,ZCV,ZP2.3,302,415,507,6FL,655,752",,,"Jul 13, 2011",,,CAN,,,,,,,,
668 - Jet Black,,NCSW - Black Novillo Leather,,WBSKG9C53BE797231,,E797231,"MSRP.1,ZCP,ZCW,ZCV,ZP2.3,302,403,507,6FL,6NF,6NR,752",,,"Jul 7, 2011",,,,,,,,,,,
A52 - Space Gray Metallic,,NDH2 - Fox Red Extended Leather,,WBSKG9C55BE797232,,E797232,"MSRP.1,ZCP,ZCV,ZP2.3,302,403,494,507,6FL,6NF,6NR,752",,,"Jul 7, 2011",550/1100,,,,,,,,,,
A52 - Space Gray Metallic,,GEAT - Anthracite/Black Cloth & Leather,,WBSKG9C57BE797233,,E797233,"MSRP.1,2MK,494,6FL,771",,,"Jul 7, 2011",550,,,,,,,,,,
A52 - Space Gray Metallic,,NCH4 - Palladium/Black Novillo Leather,,WBSKG9C59BE797234,,E797234,"MSRP.1,ZCP,ZCW,ZCV,ZP2.1,302,415,507,6FL,752",,,"Jul 7, 2011",550,,,,,,,,,,
300 - Alpine White,,NCH2 - Fox Red Novillo Leather,,WBSKG9C50BE797235,,E797235,"MSRP.1,ZCP,ZCV,ZP2.1,2MK,302,494,507,6FL,6NF,6NR,655,752",,,"Jul 7, 2011",,,,,,,,,,,
300 - Alpine White,,NCSW - Black Novillo Leather,,WBSKG9C52BE797236,,E797236,"MSRP.1,ZCP,ZCW,ZP2.3",,,"Jul 7, 2011",,,,,,,,,,,
A52 - Space Gray Metallic,,NCH2 - Fox Red Novillo Leather,,WBSKG9C54BE797237,,E797237,"MSRP.1,ZCP,ZCV,ZP2.1,302,507,6FL,6NF,6NR",,,"Jul 7, 2011",550,,,,,,,,,,
300 - Alpine White,,NCH3 - Beige Novillo Leather,,WBSKG9C56BE797238,,E797238,"MSRP.1,ZP2.3,2MK,302,494,6FL,655",,,"Jul 7, 2011",,,,,,,,,,,
668 - Jet Black,,NDH1 - Silver Novillo Extended Leather,,WBSKG9C58BE797239,,E797239,"MSRP.1,ZCW,ZCV,ZP2.3,2MT.1,302,403,415,507,6FL",,,"Jul 7, 2011",1100,,,,,,,,,,
A96 - Unknown Paint Code,,NDH3 - Beige Novillo Extended Leather,,WBSKG9C54BE797240,,E797240,"MSRP.1,ZCW,ZCV,ZP2.3,2MK,2MT.1,302,403,415,507,6FL,655,752",,,"Jul 7, 2011",1100,,,,,,,,,,
A73 - Jerez Black Metallic,,NDSW - Black Extended Novillo Leather,,WBSKG9C56BE797241,,E797241,"MSRP.1,ZCW,ZCV,ZP2.3,2MK,2MT.1,302,403,507,6FL,655,752",,,"Jul 7, 2011",550/1100,,,,,,,,,,
A52 - Space Gray Metallic,,NDSW - Black Extended Novillo Leather,,WBSKG9C58BE797242,,E797242,"MSRP.1,ZCV,ZP2.3,2MT.1,302,494,507,6FL,6NF,6NR,655",,,"Jul 7, 2011",550/1100,,,,,,,,,,
A52 - Space Gray Metallic,,NCSW - Black Novillo Leather,,WBSKG9C5XBE797243,,E797243,"MSRP.1,ZCP,ZCW,ZCV,ZP2.1,302,507,6FL,6NF,6NR,655,752",,,"Jul 7, 2011",550,,,,,,,,,,
A96 - Unknown Paint Code,,NCSW - Black Novillo Leather,,WBSKG9C51BE797244,,E797244,"MSRP.1,ZCW,ZCV,ZP2.3,2MK,2MT.1,302,6FL",,,"Jul 7, 2011",,,CAN,,,,,,,,
A75 - Melbourne Red Metallic,,NCSW - Black Novillo Leather,,WBSKG9C53BE797245,,E797245,"MSRP.1,ZCW,ZCV,ZP2.3,2MK,2MT.1,302,507,6FL,6NF,6NR,655,752",,,"Jul 7, 2011",550,,,,,,,,,,
A75 - Melbourne Red Metallic,,NCSW - Black Novillo Leather,,WBSKG9C55BE797246,,E797246,"MSRP.1,ZCW,ZCV,ZP2.3,302,415,507,6FL,655,752",,,"Jul 7, 2011",550,,CAN,,,,,,,,
300 - Alpine White,,NCSW - Black Novillo Leather,,WBSKG9C57BE797247,,E797247,"MSRP.1,ZCP,ZCV,ZP2.1,2MK,302,507,6FL,655",,,"Jul 7, 2011",,,,,,,,,,,
300 - Alpine White,,NCSW - Black Novillo Leather,,WBSKG9C59BE797248,,E797248,"MSRP.1,ZCP,ZCV,ZP2.3,2MK,302,494,507,6FL,6NF,6NR,752",,,"Jul 7, 2011",,,,,,,,,,,
300 - Alpine White,,NDH2 - Fox Red Extended Leather,,WBSKG9C50BE797249,,E797249,"MSRP.1,ZCP,ZCW,ZCV,ZP2.3,2MK,302,507,6FL,6NF,6NR,752",,,"Jul 7, 2011",1100,,,,,,,,,,
300 - Alpine White,,NCH2 - Fox Red Novillo Leather,,WBSKG9C57BE797250,,E797250,"MSRP.1,ZCP,ZCV,ZP2.3,2MK,302,494,507,6FL,6NF,6NR",,,"Jul 7, 2011",,,,,,,,,,,
300 - Alpine White,,NCSW - Black Novillo Leather,,WBSKG9C59BE797251,,E797251,"MSRP.1,ZCP,ZCV,ZP2.3,2MK,302,494,507,6FL,6NF,6NR,655,752",,,"Jul 7, 2011",,,,,,,,,,,
300 - Alpine White,,NCH2 - Fox Red Novillo Leather,,WBSKG9C50BE797252,,E797252,"MSRP.1,ZCW,ZCV,ZP2.2,302,507,6FL",,,"Jul 7, 2011",,,,,,,,,,,
300 - Alpine White,,NCH2 - Fox Red Novillo Leather,,WBSKG9C52BE797253,,E797253,"MSRP.1,ZCP,ZCV,ZP2.3,2MK,302,507,6FL,655",,,"Jul 7, 2011",,,,,,,,,,,
300 - Alpine White,,NCH5 - Fox Red/Black Novillo Leather,,WBSKG9C54BE797254,,E797254,"MSRP.1,ZCP,ZCV,ZP2.3,302,494,507,6FL,6NF,6NR,655,752",,,"Jul 7, 2011",,,,,,,,,,,
300 - Alpine White,,NCH2 - Fox Red Novillo Leather,,WBSKG9C56BE797255,,E797255,"MSRP.1,ZCV,ZP2.1,2MT.1,302,494,507,6FL,6NF,6NR,752",,,"Jul 7, 2011",,,,,,,,,,,
300 - Alpine White,,NCH2 - Fox Red Novillo Leather,,WBSKG9C58BE797256,,E797256,"MSRP.1,ZCP,ZCW,ZCV,ZP2.1,2MK,302,415,507,5AC,6FL,6NF,6NR,655,752",,,"Jul 7, 2011",,,,,,,,,,,
300 - Alpine White,,NCH5 - Fox Red/Black Novillo Leather,,WBSKG9C5XBE797257,,E797257,"MSRP.1,ZCP,ZP2.3,2MK,302,494,507,609,6FL,6NF,6NR,655",,,"Jul 7, 2011",,,,,,,,,,,
300 - Alpine White,,NCH2 - Fox Red Novillo Leather,,WBSKG9C51BE797258,,E797258,"MSRP.1,ZCW,ZCV,ZP2.3,2MK,302,507,6FL",,,"Jul 7, 2011",,,CAN,,,,,,,,
300 - Alpine White,,NCSW - Black Novillo Leather,,WBSKG9C53BE797259,,E797259,"MSRP.1,ZCW,ZCV,ZP2.3,2MK,2MT.1,302,415,507,6FL,655,752",,,"Jul 7, 2011",,,CAN,,,,,,,,
300 - Alpine White,,NCSW - Black Novillo Leather,,WBSKG9C5XBE797260,,E797260,"MSRP.1,ZCP,ZCW,ZCV,ZP2.3,2MK,302,415,507,6FL,655,752",,,"Jul 7, 2011",,,CAN,,,,,,,,
300 - Alpine White,,NCH2 - Fox Red Novillo Leather,,WBSKG9C51BE797261,,E797261,"MSRP.1,ZCW,ZCV,ZP2.3,2MT.1,302,415,507,6FL,655,752",,,"Jul 7, 2011",,,CAN,,,,,,,,
A29 - Silverstone Metallic II,,NCSW - Black Novillo Leather,,WBSKG9C53BE797262,,E797262,"MSRP.1,ZCW,ZCV,ZP2.3,2MK,2MT.1,302,6FL",,,"Jul 8, 2011",550,,CAN,,,,,,,,
300 - Alpine White,,NCSW - Black Novillo Leather,,WBSKG9C55BE797263,,E797263,"MSRP.1,ZCW,ZCV,ZP2.1,2MK,2MT.1,302,415,507,6FL,655,752",,,"Jul 8, 2011",,,CAN,,,,,,,,
A30 - Interlagos Blue Metallic,,NCSW - Black Novillo Leather,,WBSKG9C57BE797264,,E797264,"MSRP.1,ZCW,ZCV,ZP2.3,2MK,2MT.1,302,415,507,6FL,655,752",,,"Jul 8, 2011",550,,CAN,,,,,,,,
A73 - Jerez Black Metallic,,NCSW - Black Novillo Leather,,WBSKG9C59BE797265,,E797265,"MSRP.1,ZCP,ZCV,ZP2.3,2MK,302,415,494,507,5AC,6FL,655",,,"Jul 8, 2011",550,,,,,,,,,,
300 - Alpine White,,NCSW - Black Novillo Leather,,WBSKG9C50BE797266,,E797266,"MSRP.1,ZCW,ZCV,ZP2.3,2MK,2MT.1,302,415,507,6FL,655,752",,,"Jul 8, 2011",,,CAN,,,,,,,,
A73 - Jerez Black Metallic,,NCSW - Black Novillo Leather,,WBSKG9C52BE797267,,E797267,"MSRP.1,ZCW,ZCV,ZP2.3,2MK,2MT.1,302,415,507,6FL,655,752",,,"Jul 8, 2011",550,,CAN,,,,,,,,
A73 - Jerez Black Metallic,,NCSW - Black Novillo Leather,,WBSKG9C54BE797268,,E797268,"MSRP.1,ZCW,ZCV,ZP2.3,2MK,2MT.1,302,415,507,6FL,655,752",,,"Jul 8, 2011",550,,CAN,,,,,,,,
A73 - Jerez Black Metallic,,GEAT - Anthracite/Black Cloth & Leather,,WBSKG9C56BE797269,,E797269,"MSRP.1,ZCW,ZP2.2,302,322,415,507,6FL,655,752",,,"Jul 8, 2011",550,,CAN,,,,,,,,
A73 - Jerez Black Metallic,,NDH1 - Silver Novillo Extended Leather,,WBSKG9C52BE797270,,E797270,"MSRP.1,ZCW,ZCV,ZP2.3,2MK,2MT.1,302,415,507,6FL,6NF,6NR,655,752",,,"Jul 8, 2011",550/1100,,CAN,,,,,,,,
A73 - Jerez Black Metallic,,NCSW - Black Novillo Leather,,WBSKG9C54BE797271,,E797271,"MSRP.1,ZCW,ZCV,ZP2.3,2MK,2MT.1,302,415,507,6FL,655,752",,,"Jul 8, 2011",550,,CAN,,,,,,,,
668 - Jet Black,,NCSW - Black Novillo Leather,,WBSKG9C56BE797272,,E797272,"MSRP.1,ZCP,ZCW,ZCV,ZP2.3,2MK,302,507,6FL,655,752",,,"Jul 8, 2011",,,,,,,,,,,
668 - Jet Black,,NCSW - Black Novillo Leather,,WBSKG9C58BE797273,,E797273,"MSRP.1,ZCW,ZCV,ZP2.3,2MK,2MT.1,302,415,507,6FL,655,752",,,"Jul 8, 2011",,,CAN,,,,,,,,
300 - Alpine White,,NCSW - Black Novillo Leather,,WBSKG9C5XBE797274,,E797274,"MSRP.1,ZCW,ZCV,ZP2.3,2MT.1,302,415,507,6FL,655,752",,,"Jul 11, 2011",,,CAN,,,,,,,,
300 - Alpine White,,NCH2 - Fox Red Novillo Leather,,WBSKG9C51BE797275,,E797275,"MSRP.1,ZCW,ZCV,ZP2.3,2MK,2MT.1,302,6FL",,,"Jul 11, 2011",,,CAN,,,,,,,,
A52 - Space Gray Metallic,,NCSW - Black Novillo Leather,,WBSKG9C53BE797276,,E797276,"MSRP.1,ZCW,ZCV,ZP2.3,2MT.1,302,415,507,6FL,655,752",,,"Jul 11, 2011",550,,CAN,,,,,,,,
300 - Alpine White,,NCH2 - Fox Red Novillo Leather,,WBSKG9C55BE797277,,E797277,"MSRP.1,ZCP,ZCW,ZCV,ZP2.3,302,403,415,507,5AC,6FL,6NF,6NR,752",,,"Jul 11, 2011",,,,,,,,,,,
A52 - Space Gray Metallic,,NCH2 - Fox Red Novillo Leather,,WBSKG9C57BE797278,,E797278,"MSRP.1,ZCW,ZCV,ZP2.3,2MK,2MT.1,302,403,415,507,6FL,655,752",,,"Jul 11, 2011",550,,CAN,,,,,,,,
A96 - Unknown Paint Code,,NDSW - Black Extended Novillo Leather,,WBSKG9C59BE797279,,E797279,"MSRP.1,ZCP,ZCW,ZCV,ZP2.3,302,415,507,6FL,655,752",,,"Jul 11, 2011",1100,,CAN,,,,,,,,
A30 - Interlagos Blue Metallic,,GEAT - Anthracite/Black Cloth & Leather,,WBSKG9C55BE797280,,E797280,"MSRP.1,ZCV,2MT.1,302,403,507,639,6FL,771",,,"Jul 13, 2011",550,,,,,,,,,,
300 - Alpine White,,NCSW - Black Novillo Leather,,WBSKG9C57BE797281,,E797281,"MSRP.1,ZCW,ZCV,ZP2.3,2MK,2MT.1,302,415,507,6FL,655,752",,,"Jul 13, 2011",,,CAN,,,,,,,,
A52 - Space Gray Metallic,,NCH2 - Fox Red Novillo Leather,,WBSKG9C59BE797282,,E797282,"MSRP.1,ZCV,ZP2.3,2MT.1,302,403,415,494,507,6FL,655,752",,,"Jul 14, 2011",550,,,,,,,,,,
A75 - Melbourne Red Metallic,,GEAT - Anthracite/Black Cloth & Leather,,WBSKG9C50BE797283,,E797283,"MSRP.1,ZCP,302,403,415,494,4MY,507,6FL",,,"Jul 14, 2011",550,,,,,,,,,,
668 - Jet Black,,NCSW - Black Novillo Leather,,WBSKG9C52BE797284,,E797284,"MSRP.1,ZCP,ZCV,ZP2.3,2MK,302,403,507,6FL,6NF,6NR",,,"Jul 14, 2011",,,,,,,,,,,
300 - Alpine White,,NCSW - Black Novillo Leather,,WBSKG9C54BE797285,,E797285,"MSRP.1,ZP2.3,2MK,2MT.1,494",,,"Jul 14, 2011",,,,,,,,,,,
381 - Le Mans Blue Metallic,,GEAT - Anthracite/Black Cloth & Leather,,WBSKG9C56BE797286,,E797286,"MSRP.1,ZCW,ZCV,ZP2.3,302,507,6FL",,,"Jul 14, 2011",550,,CAN,,,,,,,,
381 - Le Mans Blue Metallic,,NCSW - Black Novillo Leather,,WBSKG9C58BE797287,,E797287,"MSRP.1,ZCW,ZCV,ZP2.3,2MK,2MT.1,302,415,507,6FL,655,752",,,"Jul 15, 2011",550,,CAN,,,,,,,,
300 - Alpine White,,NCSW - Black Novillo Leather,,WBSKG9C5XBE797288,,E797288,"MSRP.1,ZCP,ZCV,ZP2.3,2MK,302,494,507,6FL,6NF,6NR",,,"Jul 15, 2011",,,,,,,,,,,
668 - Jet Black,,NCH3 - Beige Novillo Leather,,WBSKG9C51BE797289,,E797289,"MSRP.1,ZCW,ZCV,ZP2.3,2MK,2MT.1,302,415,507,6FL,6NF,6NR,655,752",,,"Jul 15, 2011",,,CAN,,,,,,,,
668 - Jet Black,,NCSW - Black Novillo Leather,,WBSKG9C58BE797290,,E797290,"MSRP.1,ZCW,ZCV,ZP2.3,2MK,2MT.1,302,415,507,6FL,655,752",,,"Jul 15, 2011",,,CAN,,,,,,,,
A96 - Unknown Paint Code,,NCH2 - Fox Red Novillo Leather,,WBSKG9C5XBE797291,,E797291,"MSRP.1,ZCP,ZCV,ZP2.1,2MK,302,494,507,6FL,6NF,6NR,655,752",,,"Jul 15, 2011",,,,,,,,,,,
300 - Alpine White,,NCSW - Black Novillo Leather,,WBSKG9C51BE797292,,E797292,"MSRP.1,ZCW,ZCV,ZP2.3,2MK,2MT.1,302,415,507,6FL,655,752",,,"Jul 15, 2011",,,CAN,,,,,,,,
300 - Alpine White,,NCSW - Black Novillo Leather,,WBSKG9C53BE797293,,E797293,"MSRP.1,ZCW,ZCV,ZP2.3,2MK,2MT.1,302,415,507,6FL,655,752",,,"Jul 15, 2011",,,CAN,,,,,,,,
A73 - Jerez Black Metallic,,NDSW - Black Extended Novillo Leather,,WBSKG9C55BE797294,,E797294,"MSRP.1,ZP2.3,2MT.1,302,403,609,6FL",,,"Jul 18, 2011",550/1100,,,,,,,,,,
A73 - Jerez Black Metallic,,NDH2 - Fox Red Extended Leather,,WBSKG9C57BE797295,,E797295,"MSRP.1,ZCP,ZCW,ZCV,ZP2.3,302,403,415,507,6FL,6NF,6NR,655,752",,,"Jul 18, 2011",550/1100,,CAN,,,,,,,,
A73 - Jerez Black Metallic,,NDH3 - Beige Novillo Extended Leather,,WBSKG9C59BE797296,,E797296,"MSRP.1,ZCP,ZCV,ZP2.2,2MK,302,507,6FL,6NF,6NR",,,"Jul 18, 2011",550/1100,,,,,,,,,,
A73 - Jerez Black Metallic,,NCH3 - Beige Novillo Leather,,WBSKG9C50BE797297,,E797297,"MSRP.1,ZCW,ZCV,ZP2.3,2MK,2MT.1,302,415,507,6FL,6NF,6NR,655,752",,,"Jul 18, 2011",550,,CAN,,,,,,,,
A73 - Jerez Black Metallic,,NDH2 - Fox Red Extended Leather,,WBSKG9C52BE797298,,E797298,"MSRP.1,ZCW,ZCV,ZP2.1,2MT.1,302,415,507,6FL,6NF,6NR,655,752",,,"Jul 18, 2011",550/1100,,CAN,,,,,,,,
A73 - Jerez Black Metallic,,NCH2 - Fox Red Novillo Leather,,WBSKG9C54BE797299,,E797299,"MSRP.1,ZCW,ZCV,ZP2.3,2MK,2MT.1,302,415,507,5AC,6FL,6NF,6NR,655,752",,,"Jul 18, 2011",550,,CAN,,,,,,,,
A73 - Jerez Black Metallic,,NCSW - Black Novillo Leather,,WBSKG9C57BE797300,,E797300,"MSRP.1,ZCW,ZCV,ZP2.3,2MT.1,302,415,507,6FL,655,752",,,"Jul 18, 2011",550,,CAN,,,,,,,,
,,ZAP2 - Unknown Upholstery Code,,WBSKG9C59BE797301,,E797301,"MSRP.1,ZCP,ZCW,ZCV,2MK,302,6FL,6NF,6NR,655,752",,,"Jul 25, 2011",,,CAN,,,,,,,,
A96 - Unknown Paint Code,,ZAP2 - Unknown Upholstery Code,,WBSKG9C50BE797302,,E797302,"MSRP.1,ZCP,ZCV,2MK,302,415,507,6FL,6NF,6NR,752",,,"Jul 29, 2011",,,,,,,,,,,
A73 - Jerez Black Metallic,,NCSW - Black Novillo Leather,,WBSKG9C52BE797303,,E797303,"MSRP.1,ZCP,ZCW,ZCV,ZP2.3,302,415,507,6FL,655,752",,,"Jul 18, 2011",550,,CAN,,,,,,,,
A96 - Unknown Paint Code,,NCH3 - Beige Novillo Leather,,WBSKG9C54BE797304,,E797304,"MSRP.1,ZP2.2,403,494,507,609,6FL",,,"Jul 18, 2011",,,,,,,,,,,
A96 - Unknown Paint Code,,NDH2 - Fox Red Extended Leather,,WBSKG9C56BE797305,,E797305,"MSRP.1,ZCW,ZCV,ZP2.3,2MK,2MT.1,302,403,415,507,6FL,6NF,6NR,655,752",,,"Jul 19, 2011",1100,,CAN,,,,,,,,
A73 - Jerez Black Metallic,,NCSW - Black Novillo Leather,,WBSKG9C58BE797306,,E797306,"MSRP.1,ZCW,ZCV,ZP2.3,2MK,2MT.1,302,415,507,6FL,655,752",,,"Jul 19, 2011",550,,CAN,,,,,,,,
A73 - Jerez Black Metallic,,NCSW - Black Novillo Leather,,WBSKG9C5XBE797307,,E797307,"MSRP.1,ZCW,ZCV,ZP2.3,2MK,2MT.1,302,415,507,6FL,655,752",,,"Jul 19, 2011",550,,CAN,,,,,,,,
A73 - Jerez Black Metallic,,NCSW - Black Novillo Leather,,WBSKG9C51BE797308,,E797308,"MSRP.1,ZCW,ZCV,ZP2.3,2MK,2MT.1,302,415,507,6FL,6NF,6NR,655,752",,,"Jul 19, 2011",550,,CAN,,,,,,,,
668 - Jet Black,,NCSW - Black Novillo Leather,,WBSKG9C53BE797309,,E797309,"MSRP.1,ZCP,ZCW,ZCV,ZP2.2,2MK,302,403,415,507,6FL,6NF,6NR,655,752",,,"Jul 19, 2011",,,,,,,,,,,
A29 - Silverstone Metallic II,,NCH1 - Silver Novillo Leather,,WBSKG9C5XBE797310,,E797310,"MSRP.1,ZP2.2,2MK,2MT.1",,,"Jul 19, 2011",550,,,,,,,,,,
A52 - Space Gray Metallic,,NCSW - Black Novillo Leather,,WBSKG9C51BE797311,,E797311,"MSRP.1,ZCP,ZP2.2,494,609,6FL",,,"Jul 20, 2011",550,,,,,,,,,,
A52 - Space Gray Metallic,,NCSW - Black Novillo Leather,,WBSKG9C53BE797312,,E797312,"MSRP.1,ZCW,ZCV,ZP2.3,2MK,2MT.1,302,415,507,6FL,655,752",,,"Jul 20, 2011",550,,CAN,,,,,,,,
A96 - Unknown Paint Code,,NCH2 - Fox Red Novillo Leather,,WBSKG9C55BE797313,,E797313,"MSRP.1,ZCW,ZCV,ZP2.3,2MK,2MT.1,302,415,507,6FL,655,752",,,"Jul 20, 2011",,,CAN,,,,,,,,
,,NCSW - Black Novillo Leather,,WBSKG9C55CE797314,,E797314,"MSRP.1,ZCP,ZCW,2MK,302,322,415,4MY,6FL,655",,,"Sep 6, 2011",950,,,,,,,,,,
A96 - Unknown Paint Code,,NCSW - Black Novillo Leather,,WBSKG9C59BE797315,,E797315,"MSRP.1,ZCW,ZCV,ZP2.3,2MK,2MT.1,302,415,507,6FL,655,752",,,"Jul 20, 2011",,,CAN,,,,,,,,
300 - Alpine White,,NCSW - Black Novillo Leather,,WBSKG9C50BE797316,,E797316,"MSRP.1,ZCW,ZCV,2MK,2MT.1,302,415,4MY,507,6FL,655,752",,,"Jul 20, 2011",950,,CAN,,,,,,,,
668 - Jet Black,,NDH2 - Fox Red Extended Leather,,WBSKG9C52BE797317,,E797317,"MSRP.1,ZCV,302,507,639,6FL,771",,,"Jul 21, 2011",2000,,,,,,,,,,
300 - Alpine White,,NCSW - Black Novillo Leather,,WBSKG9C54BE797318,,E797318,"MSRP.1,ZCP,494,4MX,6FL",,,"Jul 21, 2011",950,,,,,,,,,,
A75 - Melbourne Red Metallic,,NDSW - Black Extended Novillo Leather,,WBSKG9C56BE797319,,E797319,"MSRP.1,ZCP,ZCW,ZCV,ZP2.3,2MK,302,507,5AC,6FL,6NF,6NR,655,752",,,"Jul 21, 2011",550/1100,,,,,,,,,,
668 - Jet Black,,NCSW - Black Novillo Leather,,WBSKG9C52BE797320,,E797320,"MSRP.1,ZCV,ZP2.3,2MK,2MT.1,302,507,6FL,6NF,6NR,655,752",,,"Jul 21, 2011",,,,,,,,,,,
381 - Le Mans Blue Metallic,,GEAT - Anthracite/Black Cloth & Leather,,WBSKG9C54BE797321,,E797321,"MSRP.1,ZCP,2MK,415,771",,,"Jul 21, 2011",550,,,,,,,,,,
A52 - Space Gray Metallic,,NCH5 - Fox Red/Black Novillo Leather,,WBSKG9C56BE797322,,E797322,"MSRP.1,ZCP,403,415,771",,,"Jul 21, 2011",550/950,,,,,,,,,,
300 - Alpine White,,NCSW - Black Novillo Leather,,WBSKG9C58BE797323,,E797323,"MSRP.1,ZP2.3,2MK,2MT.1,507,609,6FL",,,"Jul 21, 2011",,,,,,,,,,,
A52 - Space Gray Metallic,,GEAT - Anthracite/Black Cloth & Leather,,WBSKG9C5XBE797324,,E797324,"MSRP.1,ZCV,302,403,507,639,6FL,771",,,"Jul 21, 2011",550,,,,,,,,,,
381 - Le Mans Blue Metallic,,NCH1 - Silver Novillo Leather,,WBSKG9C51BE797325,,E797325,"MSRP.1,ZP2.1,403,494,655",,,"Jul 22, 2011",550,,,,,,,,,,
668 - Jet Black,,NCSW - Black Novillo Leather,,WBSKG9C53BE797326,,E797326,"MSRP.1,ZCP,ZCV,ZP2.3,2MK,302,494,507,6FL,6NF,6NR,655,752",,,"Jul 22, 2011",,,,,,,,,,,
A96 - Unknown Paint Code,,NDH2 - Fox Red Extended Leather,,WBSKG9C55BE797327,,E797327,"MSRP.1,ZCP,ZCV,ZP2.3,2MK,302,507,6FL,6NF,6NR,655,752",,,"Jul 22, 2011",1100,,,,,,,,,,
381 - Le Mans Blue Metallic,,NCSW - Black Novillo Leather,,WBSKG9C57BE797328,,E797328,"MSRP.1,ZCP,ZP2.1,403,494,6FL,655",,,"Jul 22, 2011",550,,,,,,,,,,
A52 - Space Gray Metallic,,NCSW - Black Novillo Leather,,WBSKG9C59BE797329,,E797329,"MSRP.1,ZCP,ZCV,ZP2.2,2MK,302,403,415,494,507,6FL,6NF,6NR,655,752",,,"Jul 22, 2011",550,,,,,,,,,,
300 - Alpine White,,NCSW - Black Novillo Leather,,WBSKG9C55BE797330,,E797330,"MSRP.1,ZCP,ZCW,ZCV,ZP2.3,2MK,302,403,507,6FL,6NF,6NR,655,752",,,"Jul 22, 2011",,,,,,,,,,,
A96 - Unknown Paint Code,,NCSW - Black Novillo Leather,,WBSKG9C57BE797331,,E797331,"MSRP.1,ZCP,ZCW,ZCV,ZP2.3,302,507,6FL,6NF,6NR,655,752",,,"Jul 22, 2011",,https://bringatrailer.com/listing/2011-bmw-m3-coupe-33/,,,,,,,,,
300 - Alpine White,,NCSW - Black Novillo Leather,,WBSKG9C59BE797332,,E797332,"MSRP.1,ZCP,ZCW,ZCV,ZP2.3,302,403,415,6FL,752",,,"Jul 22, 2011",,,,,,,,,,,
A96 - Unknown Paint Code,,NDH2 - Fox Red Extended Leather,,WBSKG9C50BE797333,,E797333,"MSRP.1,ZCW,ZCV,ZP2.3,2MK,2MT.1,302,415,507,6FL,6NF,6NR,655,752",,,"Jul 22, 2011",1100,,CAN,,,,,,,,
A96 - Unknown Paint Code,,NDH2 - Fox Red Extended Leather,,WBSKG9C52BE797334,,E797334,"MSRP.1,ZCW,ZCV,ZP2.3,2MK,2MT.1,302,415,507,6FL,6NF,6NR,655,752",,,"Jul 22, 2011",1100,,CAN,,,,,,,,
381 - Le Mans Blue Metallic,,NCSW - Black Novillo Leather,,WBSKG9C54BE797335,,E797335,"MSRP.1,ZCP,ZCW,ZCV,ZP2.3,2MK,302,403,507,5AC,6FL,6NF,6NR,655,752",,,"Jul 22, 2011",550,,,,,,,,,,
300 - Alpine White,,NCH5 - Fox Red/Black Novillo Leather,,WBSKG9C56BE797336,,E797336,"MSRP.1,ZCP,ZCV,ZP2.3,2MK,302,507,6FL,6NF,6NR,752",,,"Jul 22, 2011",,,,,,,,,,,
300 - Alpine White,,NCH5 - Fox Red/Black Novillo Leather,,WBSKG9C58BE797337,,E797337,"MSRP.1,ZCP,ZCW,ZCV,ZP2.3,302,507,6FL,6NF,6NR,655,752",,,"Jul 22, 2011",,,,,,,,,,,
300 - Alpine White,,NCH2 - Fox Red Novillo Leather,,WBSKG9C5XBE797338,,E797338,"MSRP.1,ZCP,ZCW,ZCV,ZP2.1,302,507,6FL,752",,,"Jul 22, 2011",,,,,,,,,,,
300 - Alpine White,,NCSW - Black Novillo Leather,,WBSKG9C51BE797339,,E797339,"MSRP.1,ZCP,ZCV,ZP2.3,302,507,6FL,6NF,6NR,655",,,"Jul 22, 2011",,,,,,,,,,,
381 - Le Mans Blue Metallic,,NCSW - Black Novillo Leather,,WBSKG9C58BE797340,,E797340,"MSRP.1,ZCW,ZCV,ZP2.3,2MT.1,302,6FL",,,"Jul 22, 2011",550,,CAN,,,,,,,,
300 - Alpine White,,NCH3 - Beige Novillo Leather,,WBSKG9C5XBE797341,,E797341,"MSRP.1,ZCP,ZCV,ZP2.3,2MK,302,494,507,6FL,6NF,6NR,655,752",,,"Jul 22, 2011",,,,,,,,,,,
300 - Alpine White,,NDH2 - Fox Red Extended Leather,,WBSKG9C51BE797342,,E797342,"MSRP.1,ZCP,ZCV,ZP2.3,302,494,507,6FL,6NF,6NR,655,752",,,"Jul 22, 2011",1100,,,,,,,,,,
300 - Alpine White,,NCSW - Black Novillo Leather,,WBSKG9C53BE797343,,E797343,"MSRP.1,ZCP,ZCW,ZCV,ZP2.3,2MK,302,415,507,5AC,6FL,6NF,6NR,655,752",,,"Jul 25, 2011",,,,,,,,,,,
300 - Alpine White,,NCSW - Black Novillo Leather,,WBSKG9C55BE797344,,E797344,"MSRP.1,ZCP,ZCV,ZP2.3,302,507,6FL",,,"Jul 25, 2011",,,,,,,,,,,
300 - Alpine White,,NCSW - Black Novillo Leather,,WBSKG9C57BE797345,,E797345,"MSRP.1,ZCW,ZCV,ZP2.3,2MK,2MT.1,302,415,507,6FL,655,752",,,"Jul 25, 2011",,,CAN,,,,,,,,
A73 - Jerez Black Metallic,,NCSW - Black Novillo Leather,,WBSKG9C59BE797346,,E797346,"MSRP.1,ZCV,ZP2.2,2MK,2MT.1,302,494,507,6FL,6NF,6NR,655,752",,,"Jul 25, 2011",550,,,,,,,,,,
A73 - Jerez Black Metallic,,NCSW - Black Novillo Leather,,WBSKG9C50BE797347,,E797347,"MSRP.1,ZCW,ZCV,ZP2.3,2MK,2MT.1,302,415,507,5AC,6FL,6NF,6NR,655,752",,,"Jul 25, 2011",550,,,,,,,,,,
A73 - Jerez Black Metallic,,NCSW - Black Novillo Leather,,WBSKG9C52BE797348,,E797348,"MSRP.1,ZCP,ZCV,ZP2.3,2MK,302,507,6FL,6NF,6NR,655,752",,,"Jul 25, 2011",550,,,,,,,,,,
A96 - Unknown Paint Code,,NCH5 - Fox Red/Black Novillo Leather,,WBSKG9C54BE797349,,E797349,"MSRP.1,ZCP,ZCV,ZP2.3,2MK,302,494,507,6FL,6NF,6NR,655",,,"Jul 25, 2011",,,,,,,,,,,
A73 - Jerez Black Metallic,,NCH4 - Palladium/Black Novillo Leather,,WBSKG9C50BE797350,,E797350,"MSRP.1,ZCP,ZCW,ZCV,ZP2.3,2MK,302,415,507,5AC,6FL,6NF,6NR,655",,,"Jul 25, 2011",550,,,,,,,,,,
A30 - Interlagos Blue Metallic,,NCSW - Black Novillo Leather,,WBSKG9C52BE797351,,E797351,"MSRP.1,ZCP,ZCV,ZP2.3,2MK,302,403,494,507,6FL,6NF,6NR,655,752",,,"Jul 25, 2011",550,,,,,,,,,,
668 - Jet Black,,NCH4 - Palladium/Black Novillo Leather,,WBSKG9C54BE797352,,E797352,"MSRP.1,2MT.1,4MY,6FL,655",,,"Jul 25, 2011",950,,,,,,,,,,
668 - Jet Black,,NCSW - Black Novillo Leather,,WBSKG9C56BE797353,,E797353,"MSRP.1,ZCP,ZCV,ZP2.3,2MK,302,494,507,6FL,6NF,6NR,655,752",,,"Jul 25, 2011",,,,,,,,,,,
A96 - Unknown Paint Code,,NCSW - Black Novillo Leather,,WBSKG9C58BE797354,,E797354,"MSRP.1,ZCW,ZCV,ZP2.3,2MK,2MT.1,302,403,415,507,6FL,655,752",,,"Jul 25, 2011",,,,,,,,,,,
668 - Jet Black,,GEAT - Anthracite/Black Cloth & Leather,,WBSKG9C5XBE797355,,E797355,"MSRP.1,2MT.1,609,655,771",,,"Jul 25, 2011",,,,,,,,,,,
300 - Alpine White,,NCH2 - Fox Red Novillo Leather,,WBSKG9C51BE797356,,E797356,"MSRP.1,ZCP,ZCW,ZCV,ZP2.3,2MK,302,403,415,507,6FL,655,752",,,"Jul 25, 2011",,,,,,,,,,,
300 - Alpine White,,NCSW - Black Novillo Leather,,WBSKG9C53BE797357,,E797357,"MSRP.1,ZCW,ZCV,ZP2.3,2MT.1,302,507,6FL,655",,,"Jul 25, 2011",,,,,,,,,,,
300 - Alpine White,,NCH1 - Silver Novillo Leather,,WBSKG9C55BE797358,,E797358,"MSRP.1,494,507,609,6FL,655",,,"Jul 25, 2011",950,,,,,,,,,,
300 - Alpine White,,NCH2 - Fox Red Novillo Leather,,WBSKG9C57BE797359,,E797359,"MSRP.1,ZCP,ZCW,ZCV,2MK,302,415,4MY,507,6FL,752",,,"Jul 25, 2011",950,,,,,,,,,,
300 - Alpine White,,NCSW - Black Novillo Leather,,WBSKG9C53BE797360,,E797360,"MSRP.1,ZCW,ZCV,ZP2.3,2MT.1,302,415,507,6FL,6NF,6NR,655,752",,,"Jul 25, 2011",,,CAN,,,,,,,,
A75 - Melbourne Red Metallic,,NDSW - Black Extended Novillo Leather,,WBSKG9C55BE797361,,E797361,"MSRP.1,ZCP,ZCW,ZCV,ZP2.1,2MK,302,415,507,6FL,655,752",,,"Jul 25, 2011",550/1100,,,,,,,,,,
A96 - Unknown Paint Code,,NCH5 - Fox Red/Black Novillo Leather,,WBSKG9C57BE797362,,E797362,"MSRP.1,ZCP,ZCW,639,6FL,771",,,"Jul 25, 2011",950,,,,,,,,,,
A96 - Unknown Paint Code,,NCH2 - Fox Red Novillo Leather,,WBSKG9C59BE797363,,E797363,"MSRP.1,ZCP,ZCV,ZP2.3,302,507,6FL",,,"Jul 25, 2011",,,,,,,,,,,
A29 - Silverstone Metallic II,,NCSW - Black Novillo Leather,,WBSKG9C50BE797364,,E797364,"MSRP.1,ZCP,ZCV,ZP2.3,302,403,494,507,6FL,655",,,"Jul 25, 2011",550,,,,,,,,,,
381 - Le Mans Blue Metallic,,NCH3 - Beige Novillo Leather,,WBSKG9C52BE797365,,E797365,"MSRP.1,ZCP,ZP2.3,403,415,655",,,"Jul 25, 2011",550,,,,,,,,,,
A96 - Unknown Paint Code,,NCH1 - Silver Novillo Leather,,WBSKG9C54BE797366,,E797366,"MSRP.1,ZP2.1,302,494,507",,,"Jul 26, 2011",,,,,,,,,,,
668 - Jet Black,,NCSW - Black Novillo Leather,,WBSKG9C56BE797367,,E797367,"MSRP.1,ZCP,ZCV,ZP2.3,2MK,302,403,415,494,507,6FL,6NF,6NR,655,752",,,"Jul 26, 2011",,,,,,,,,,,
A52 - Space Gray Metallic,,GEAT - Anthracite/Black Cloth & Leather,,WBSKG9C58BE797368,,E797368,"MSRP.1,2MK,4MY,6FL",,,"Jul 26, 2011",550,,,,,,,,,,
668 - Jet Black,,NCH5 - Fox Red/Black Novillo Leather,,WBSKG9C5XBE797369,,E797369,"MSRP.1,ZCP,ZCW,ZCV,ZP2.3,2MK,302,403,415,507,5AC,6FL,6NF,6NR,655,752",,,"Jul 26, 2011",,,,,,,,,,,
A96 - Unknown Paint Code,,NCH3 - Beige Novillo Leather,,WBSKG9C56BE797370,,E797370,"MSRP.1,ZCV,ZP2.3,2MK,2MT.1,302,507,6FL,6NF,6NR,655",,,"Jul 26, 2011",,,,,,,,,,,
A73 - Jerez Black Metallic,,NCH4 - Palladium/Black Novillo Leather,,WBSKG9C58BE797371,,E797371,"MSRP.1,ZCP,ZCV,ZP2.3,2MK,302,403,494,507,6FL,6NF,6NR,655",,,"Jul 26, 2011",550,,,,,,,,,,
A96 - Unknown Paint Code,,NCH5 - Fox Red/Black Novillo Leather,,WBSKG9C5XBE797372,,E797372,"MSRP.1,ZCV,ZP2.3,2MK,2MT.1,302,415,494,507,6FL,6NF,6NR,655",,,"Jul 26, 2011",,,,,,,,,,,
A52 - Space Gray Metallic,,GEAT - Anthracite/Black Cloth & Leather,,WBSKG9C51BE797373,,E797373,"MSRP.1,ZCP,2MK,302,494,4MY,507,6FL",,,"Jul 26, 2011",550,,,,,,,,,,
A96 - Unknown Paint Code,,NCH5 - Fox Red/Black Novillo Leather,,WBSKG9C53BE797374,,E797374,"MSRP.1,ZCP,ZCW,ZCV,ZP2.3,2MK,302,415,507,6FL,6NF,6NR,752",,,"Jul 26, 2011",,,,,,,,,,,
A96 - Unknown Paint Code,,NCH2 - Fox Red Novillo Leather,,WBSKG9C55BE797375,,E797375,"MSRP.1,ZCP,ZCW,ZCV,ZP2.3,2MK,302,507,6FL,6NF,6NR,655,752",,,"Jul 26, 2011",,,,,,,,,,,
A96 - Unknown Paint Code,,NCH2 - Fox Red Novillo Leather,,WBSKG9C57BE797376,,E797376,"MSRP.1,ZCP,ZCV,ZP2.3,2MK,302,494,507,6FL,6NF,6NR,655,752",,,"Jul 26, 2011",,,,,,,,,,,
A96 - Unknown Paint Code,,GEAT - Anthracite/Black Cloth & Leather,,WBSKG9C59BE797377,,E797377,"MSRP.1,ZCP,ZCV,2MK,302,494,4MY,507,6FL,752",,,"Jul 26, 2011",,,,,,,,,,,
A96 - Unknown Paint Code,,NCSW - Black Novillo Leather,,WBSKG9C50BE797378,,E797378,"MSRP.1,ZCP,ZCV,ZP2.3,2MK,302,415,494,507,6FL,6NF,6NR,655,752",,,"Jul 26, 2011",,,,,,,,,,,
A96 - Unknown Paint Code,,NCSW - Black Novillo Leather,,WBSKG9C52BE797379,,E797379,"MSRP.1,ZCW,ZCV,ZP2.3,2MK,2MT.1,302,415,507,6FL,655,752",,,"Jul 26, 2011",,,CAN,,,,,,,,
A96 - Unknown Paint Code,,NCH2 - Fox Red Novillo Leather,,WBSKG9C59BE797380,,E797380,"MSRP.1,ZCW,ZCV,ZP2.3,2MK,2MT.1,302,415,507,6FL,6NF,6NR,655,752",,,"Jul 26, 2011",,,CAN,,,,,,,,
A52 - Space Gray Metallic,,NCSW - Black Novillo Leather,,WBSKG9C50BE797381,,E797381,"MSRP.1,ZCP,ZCV,ZP2.3,2MK,302,494,507,6FL,6NF,6NR,655,752",,,"Jul 26, 2011",550,,,,,,,,,,
A52 - Space Gray Metallic,,NCSW - Black Novillo Leather,,WBSKG9C52BE797382,,E797382,"MSRP.1,ZCP,ZCV,ZP2.1,2MK,302,494,507,6FL,6NF,6NR,655,752",,,"Jul 26, 2011",550,,,,,,,,,,
A52 - Space Gray Metallic,,NCSW - Black Novillo Leather,,WBSKG9C54BE797383,,E797383,"MSRP.1,ZCP,ZCV,ZP2.3,2MK,302,494,507,6FL,6NF,6NR,655,752",,,"Jul 26, 2011",550,,,,,,,,,,
A52 - Space Gray Metallic,,NCSW - Black Novillo Leather,,WBSKG9C56BE797384,,E797384,"MSRP.1,ZCP,ZCV,ZP2.3,2MK,302,494,507,6FL,6NF,6NR,655,752",,,"Jul 26, 2011",550,,,,,,,,,,
A52 - Space Gray Metallic,,NCH4 - Palladium/Black Novillo Leather,,WBSKG9C58BE797385,,E797385,"MSRP.1,ZCP,ZCV,ZP2.3,2MK,302,494,507,6FL,6NF,6NR,655,752",,,"Jul 26, 2011",550,,,,,,,,,,
A52 - Space Gray Metallic,,NCH2 - Fox Red Novillo Leather,,WBSKG9C5XBE797386,,E797386,"MSRP.1,ZCP,ZCV,ZP2.3,2MK,302,494,507,6FL,6NF,6NR",,,"Jul 26, 2011",550,,,,,,,,,,
A52 - Space Gray Metallic,,NCSW - Black Novillo Leather,,WBSKG9C51BE797387,,E797387,"MSRP.1,ZCP,ZCV,ZP2.3,2MK,302,494,507,6FL,655,752",,,"Jul 26, 2011",550,,,,,,,,,,
A52 - Space Gray Metallic,,NCH4 - Palladium/Black Novillo Leather,,WBSKG9C53BE797388,,E797388,"MSRP.1,ZCP,ZCV,ZP2.1,2MK,302,507,6FL,6NF,6NR,752",,,"Jul 26, 2011",550,,,,,,,,,,
668 - Jet Black,,NCSW - Black Novillo Leather,,WBSKG9C55BE797389,,E797389,"MSRP.1,ZCP,ZP2.3,2MK,507,609,6FL,6NF,6NR,655,752",,,"Jul 26, 2011",,,,,,,,,,,
300 - Alpine White,,NCSW - Black Novillo Leather,,WBSKG9C51BE797390,,E797390,"MSRP.1,ZCP,302,4MY",,,"Jul 26, 2011",950,,,,,,,,,,
300 - Alpine White,,NDSW - Black Extended Novillo Leather,,WBSKG9C53BE797391,,E797391,"MSRP.1,ZCV,ZP2.1,2MK,2MT.1,302,403,507,6FL,655,752",,,"Jul 26, 2011",1100,,,,,,,,,,
668 - Jet Black,,NCSW - Black Novillo Leather,,WBSKG9C55BE797392,,E797392,"MSRP.1,ZP2.3,2MK,2MT.1,6FL,655",,,"Jul 26, 2011",,,,,,,,,,,
300 - Alpine White,,NCH2 - Fox Red Novillo Leather,,WBSKG9C57BE797393,,E797393,"MSRP.1,ZCP,ZCV,ZP2.3,2MK,302,507,6FL,6NF,6NR,655,752",,,"Jul 26, 2011",,,,,,,,,,,
A73 - Jerez Black Metallic,,NDH2 - Fox Red Extended Leather,,WBSKG9C59BE797394,,E797394,"MSRP.1,ZCP,ZCW,ZCV,ZP2.2,2MK,302,403,507,5AC,6FL,655,752",,,"Jul 26, 2011",550/1100,,,,,,,,,,
668 - Jet Black,,NCSW - Black Novillo Leather,,WBSKG9C50BE797395,,E797395,"MSRP.1,ZCP,ZCV,ZP2.3,2MK,302,494,507,6FL,6NF,6NR,655,752",,,"Jul 26, 2011",,,,,,,,,,,
300 - Alpine White,,NCSW - Black Novillo Leather,,WBSKG9C52BE797396,,E797396,"MSRP.1,ZCP,ZCW,ZCV,ZP2.3,2MK,302,403,415,507,5AC,6FL,6NF,6NR,655,752",,,"Jul 26, 2011",,,,,,,,,,,
668 - Jet Black,,NDSW - Black Extended Novillo Leather,,WBSKG9C54BE797397,,E797397,"MSRP.1,ZCP,ZCV,ZP2.2,2MK,302,415,494,507,6FL,6NF,6NR,655,752",,,"Jul 26, 2011",1100,,,,,,,,,,
300 - Alpine White,,NCSW - Black Novillo Leather,,WBSKG9C56BE797398,,E797398,"MSRP.1,ZCP,ZCV,ZP2.3,2MK,302,415,494,507,6FL,6NF,6NR,655,752",,,"Jul 27, 2011",,,,,,,,,,,
668 - Jet Black,,NCSW - Black Novillo Leather,,WBSKG9C58BE797399,,E797399,"MSRP.1,2MT.1,4MY",,,"Jul 27, 2011",950,,,,,,,,,,
668 - Jet Black,,NCSW - Black Novillo Leather,,WBSKG9C50BE797400,,E797400,"MSRP.1,ZCP,ZCV,ZP2.3,2MK,302,494,507,6FL,6NF,6NR,655",,,"Jul 27, 2011",,,,,,,,,,,
A73 - Jerez Black Metallic,,NDSW - Black Extended Novillo Leather,,WBSKG9C52BE797401,,E797401,"MSRP.1,ZCV,ZP2.1,2MK,2MT.1,302,415,507,5AC,6FL,655,752",,,"Jul 27, 2011",550/1100,,,,,,,,,,
300 - Alpine White,,NCSW - Black Novillo Leather,,WBSKG9C54BE797402,,E797402,"MSRP.1,ZCP,ZCV,ZP2.3,2MK,302,494,507,6FL,6NF,6NR,655",,,"Jul 27, 2011",,,,,,,,,,,
A73 - Jerez Black Metallic,,NCH3 - Beige Novillo Leather,,WBSKG9C56BE797403,,E797403,"MSRP.1,ZCP,ZCW,ZCV,ZP2.3,2MK,302,507,6FL,655,752",,,"Jul 27, 2011",550,,,,,,,,,,
A73 - Jerez Black Metallic,,NCH5 - Fox Red/Black Novillo Leather,,WBSKG9C58BE797404,,E797404,"MSRP.1,ZCP,ZCW,ZCV,ZP2.3,302,415,507,6FL,6NF,6NR,655,752",,,"Jul 27, 2011",550,,,,,,,,,,
A73 - Jerez Black Metallic,,NCH5 - Fox Red/Black Novillo Leather,,WBSKG9C5XBE797405,,E797405,"MSRP.1,ZCP,ZCV,ZP2.1,2MK,302,507,6FL,655,752",,,"Jul 27, 2011",550,,,,,,,,,,
A73 - Jerez Black Metallic,,NCH5 - Fox Red/Black Novillo Leather,,WBSKG9C51BE797406,,E797406,"MSRP.1,ZCP,609,771",,,"Jul 27, 2011",550/950,,,,,,,,,,
300 - Alpine White,,NCSW - Black Novillo Leather,,WBSKG9C53BE797407,,E797407,"MSRP.1,ZCP,ZCV,ZP2.3,302,494,507,6FL,6NF,6NR,655",,,"Jul 27, 2011",,,,,,,,,,,
300 - Alpine White,,NCSW - Black Novillo Leather,,WBSKG9C55BE797408,,E797408,"MSRP.1,ZCP,ZCV,ZP2.3,2MK,302,507,6FL,6NF,6NR,655,752",,,"Jul 27, 2011",,,,,,,,,,,
300 - Alpine White,,NCSW - Black Novillo Leather,,WBSKG9C57BE797409,,E797409,"MSRP.1,ZCP,ZCV,ZP2.3,2MK,302,494,507,6FL,6NF,6NR,655,752",,,"Jul 27, 2011",,,,,,,,,,,
300 - Alpine White,,NCSW - Black Novillo Leather,,WBSKG9C53BE797410,,E797410,"MSRP.1,ZCV,ZP2.3,2MK,302,507,6FL",,,"Jul 27, 2011",,,,,,,,,,,
300 - Alpine White,,NCH5 - Fox Red/Black Novillo Leather,,WBSKG9C55BE797411,,E797411,"MSRP.1,ZCP,ZCV,ZP2.3,2MK,302,507,6FL,6NF,6NR,752",,,"Jul 27, 2011",,,,,,,,,,,
300 - Alpine White,,NCH1 - Silver Novillo Leather,,WBSKG9C57BE797412,,E797412,"MSRP.1,ZCV,ZP2.1,2MK,302,415,494,507,6FL,655,752",,,"Jul 27, 2011",,,,,,,,,,,
300 - Alpine White,,NCH5 - Fox Red/Black Novillo Leather,,WBSKG9C59BE797413,,E797413,"MSRP.1,2MK,2MT.1,494,609,6FL,6NF,6NR,771",,,"Jul 27, 2011",950,,,,,,,,,,
300 - Alpine White,,NCH2 - Fox Red Novillo Leather,,WBSKG9C50BE797414,,E797414,"MSRP.1,ZCP,ZP2.3,2MK,507,609,6FL,6NF,6NR,752",,,"Jul 27, 2011",,,,,,,,,,,
,,NCSW - Black Novillo Leather,,WBSKG9C52BE797415,,E797415,"MSRP.1,ZCP,ZCV,ZP2.3,302,494,507,6FL,6NF,6NR,655,752",,,"Jul 27, 2011",,,,,,,,,,,
,,NCH4 - Palladium/Black Novillo Leather,,WBSKG9C54BE797416,,E797416,"MSRP.1,ZCV,ZP2.3,2MK,302,494,507,6FL,6NF,6NR,752",,,"Jul 27, 2011",,,,,,,,,,,
300 - Alpine White,,NCSW - Black Novillo Leather,,WBSKG9C56BE797417,,E797417,"MSRP.1,ZCP,302,494,6FL,771",,,"Jul 27, 2011",950,,,,,,,,,,
300 - Alpine White,,NCH2 - Fox Red Novillo Leather,,WBSKG9C58BE797418,,E797418,"MSRP.1,ZCP,ZCV,ZP2.3,2MK,302,415,507,5AC,6FL,6NF,6NR,752",,,"Jul 28, 2011",,,,,,,,,,,
300 - Alpine White,,NCSW - Black Novillo Leather,,WBSKG9C5XBE797419,,E797419,"MSRP.1,ZCP,ZCV,ZP2.3,2MK,302,494,507,6FL,6NF,6NR,752",,,"Jul 28, 2011",,,,,,,,,,,
300 - Alpine White,,NCH2 - Fox Red Novillo Leather,,WBSKG9C56BE797420,,E797420,"MSRP.1,ZCP,ZCV,ZP2.3,2MK,302,507,6FL,6NF,6NR,752",,,"Jul 28, 2011",,,,,,,,,,,
A29 - Silverstone Metallic II,,NCSW - Black Novillo Leather,,WBSKG9C58BE797421,,E797421,"MSRP.1,ZCW,ZCV,ZP2.2,2MK,2MT.1,302,415,507,5AC,6FL,6NF,6NR,655,752",,,"Jul 28, 2011",550,,,,,,,,,,
300 - Alpine White,,GEAT - Anthracite/Black Cloth & Leather,,WBSKG9C5XBE797422,,E797422,"MSRP.1,609,771",,,"Jul 28, 2011",,,,,,,,,,,
A29 - Silverstone Metallic II,,NCH4 - Palladium/Black Novillo Leather,,WBSKG9C51BE797423,,E797423,"MSRP.1,ZP2.3,2MK,2MT.1,494,507,6FL",,,"Jul 28, 2011",550,,,,,,,,,,
300 - Alpine White,,NDH1 - Silver Novillo Extended Leather,,WBSKG9C53BE797424,,E797424,"MSRP.1,ZCV,2MK,302,415,4MX,507,6FL,6NF,6NR",,,"Jul 28, 2011",2000,,,,,,,,,,
300 - Alpine White,,NCSW - Black Novillo Leather,,WBSKG9C55BE797425,,E797425,"MSRP.1,ZCP,ZCV,ZP2.3,2MK,302,415,494,507,6FL,655",,,"Jul 28, 2011",,,,,,,,,,,
300 - Alpine White,,NDSW - Black Extended Novillo Leather,,WBSKG9C57BE797426,,E797426,"MSRP.1,ZCP,ZCW,ZCV,ZP2.1,2MK,302,403,507,6FL,6NF,6NR,655",,,"Jul 28, 2011",1100,,,,,,,,,,
300 - Alpine White,,NCSW - Black Novillo Leather,,WBSKG9C59BE797427,,E797427,"MSRP.1,ZCP,ZCW,ZCV,ZP2.3,302,403,507,6FL,6NF,6NR",,,"Jul 28, 2011",,,,,,,,,,,
300 - Alpine White,,NCSW - Black Novillo Leather,,WBSKG9C50BE797428,,E797428,"MSRP.1,ZCW,ZCV,ZP2.3,2MT.1,302,507,6FL,6NF,6NR,655,752",,,"Jul 29, 2011",,,,,,,,,,,
A96 - Unknown Paint Code,,NCSW - Black Novillo Leather,,WBSKG9C52BE797429,,E797429,"MSRP.1,ZCP,ZCW,ZCV,ZP2.1,302,403,507,6FL",,,"Jul 29, 2011",,,,,,,,,,,
A52 - Space Gray Metallic,,NCSW - Black Novillo Leather,,WBSKG9C59BE797430,,E797430,"MSRP.1,ZCP,ZCW,ZCV,ZP2.3,302,507,6FL,6NF,6NR,655,752",,,"Jul 29, 2011",550,,,,,,,,,,
A52 - Space Gray Metallic,,NCSW - Black Novillo Leather,,WBSKG9C50BE797431,,E797431,"MSRP.1,ZCP,ZCV,ZP2.3,2MK,302,507,6FL,6NF,6NR,655,752",,,"Jul 29, 2011",550,,,,,,,,,,
A52 - Space Gray Metallic,,NCSW - Black Novillo Leather,,WBSKG9C52BE797432,,E797432,"MSRP.1,ZCP,ZP2.3,2MK,302,609,6FL,6NF,6NR",,,"Jul 29, 2011",550,,,,,,,,,,
A52 - Space Gray Metallic,,NCSW - Black Novillo Leather,,WBSKG9C54BE797433,,E797433,"MSRP.1,ZCP,ZCW,ZCV,ZP2.3,2MK,302,415,507,6FL,655,752",,,"Jul 29, 2011",550,,CAN,,,,,,,,
A96 - Unknown Paint Code,,NDH2 - Fox Red Extended Leather,,WBSKG9C56BE797434,,E797434,"MSRP.1,ZCP,ZCV,ZP2.3,302,494,507,6FL,752",,,"Jul 29, 2011",1100,,,,,,,,,,
A96 - Unknown Paint Code,,NCH2 - Fox Red Novillo Leather,,WBSKG9C58BE797435,,E797435,"MSRP.1,ZCP,ZCW,ZCV,ZP2.2,2MK,302,507,6FL,6NF,6NR,655",,,"Jul 29, 2011",,,,,,,,,,,
A96 - Unknown Paint Code,,NCSW - Black Novillo Leather,,WBSKG9C5XBE797436,,E797436,"MSRP.1,ZCP,ZCW,ZCV,ZP2.3,2MK,302,415,507,5AC,6FL,6NF,6NR,655,752",,,"Jul 29, 2011",,,,,,,,,,,
A29 - Silverstone Metallic II,,NCH2 - Fox Red Novillo Leather,,WBSKG9C51BE797437,,E797437,"MSRP.1,ZCV,ZP2.3,2MK,302,494,507,6FL,6NF,6NR",,,"Jul 29, 2011",550,,,,,,,,,,
A75 - Melbourne Red Metallic,,NCSW - Black Novillo Leather,,WBSKG9C53BE797438,,E797438,"MSRP.1,ZCP,ZCV,ZP2.3,2MK,302,494,507,6FL,6NF,6NR,655,752",,,"Jul 29, 2011",550,,,,,,,,,,
A96 - Unknown Paint Code,,NCH5 - Fox Red/Black Novillo Leather,,WBSKG9C55BE797439,,E797439,"MSRP.1,ZCP,ZCW,ZCV,ZP2.3,2MK,302,507,6FL,6NF,6NR,655,752",,,"Jul 29, 2011",,,,,,,,,,,
668 - Jet Black,,NCH2 - Fox Red Novillo Leather,,WBSKG9C51BE797440,,E797440,"MSRP.1,ZCP,ZCW,ZCV,ZP2.3,2MK,302,403,507,5AC,6FL,6NF,6NR,655,752",,,"Jul 29, 2011",,,,,,,,,,,
A73 - Jerez Black Metallic,,NCSW - Black Novillo Leather,,WBSKG9C53BE797441,,E797441,"MSRP.1,ZCP,ZCW,ZCV,ZP2.1,302,403,507,6FL,6NF,6NR",,,"Aug 1, 2011",550,,,,,,,,,,
A96 - Unknown Paint Code,,NCH5 - Fox Red/Black Novillo Leather,,WBSKG9C55BE797442,,E797442,"MSRP.1,ZCP,ZCV,ZP2.3,2MK,302,415,494,507,5AC,6FL,6NF,6NR,655,752",,,"Aug 1, 2011",,,,,,,,,,,
A52 - Space Gray Metallic,,NCH4 - Palladium/Black Novillo Leather,,WBSKG9C57BE797443,,E797443,"MSRP.1,ZCV,ZP2.3,302,494,507,6FL,6NF,6NR,752",,,"Aug 1, 2011",550,,,,,,,,,,
300 - Alpine White,,NCH2 - Fox Red Novillo Leather,,WBSKG9C59BE797444,,E797444,"MSRP.1,ZCP,ZCV,ZP2.3,302,507,6FL",,,"Aug 1, 2011",,,,,,,,,,,
300 - Alpine White,,NCH2 - Fox Red Novillo Leather,,WBSKG9C50BE797445,,E797445,"MSRP.1,ZCV,ZP2.3,302,507,6FL,6NF,6NR",,,"Aug 1, 2011",,,,,,,,,,,
A52 - Space Gray Metallic,,GEAT - Anthracite/Black Cloth & Leather,,WBSKG9C52BE797446,,E797446,"MSRP.1,ZCP,302,494,4MY,655",,,"Aug 1, 2011",550,,,,,,,,,,
,,NCSW - Black Novillo Leather,,WBSKG9C54BE797447,,E797447,"MSRP.1,ZCV,ZP2.3,2MK,302,507,6FL,6NF,6NR,655",,,"Aug 8, 2011",,,,,,,,,,,
,,NCSW - Black Novillo Leather,,WBSKG9C56BE797448,,E797448,"MSRP.1,ZCV,ZP2.3,302,507,6FL,6NF,6NR,655",,,"Aug 10, 2011",,,,,,,,,,,
,,NDSW - Black Extended Novillo Leather,,WBSKG9C58BE797449,,E797449,"MSRP.1,ZCP,ZCV,ZP2.3,2MK,302,494,507,6FL,6NF,6NR,655,752",,,"Aug 10, 2011",1100,,,,,,,,,,
A73 - Jerez Black Metallic,,NCSW - Black Novillo Leather,,WBSKG9C54BE797450,,E797450,"MSRP.1,ZCP,ZCW,ZCV,ZP2.3,2MK,302,507,6FL,655,752",,,"Aug 3, 2011",550,,,,,,,,,,
A96 - Unknown Paint Code,,NCH5 - Fox Red/Black Novillo Leather,,WBSKG9C56BE797451,,E797451,"MSRP.1,ZCP,ZCW,ZCV,ZP2.2,2MK,302,403,507,6FL,6NF,6NR",,,"Aug 3, 2011",,,,,,,,,,,
668 - Jet Black,,NCSW - Black Novillo Leather,,WBSKG9C58BE797452,,E797452,"MSRP.1,ZCV,302,494,4MZ,507,6FL,6NF,6NR,752",,,"Aug 3, 2011",950,,,,,,,,,,
A73 - Jerez Black Metallic,,NCSW - Black Novillo Leather,,WBSKG9C5XBE797453,,E797453,"MSRP.1,ZCV,ZP2.3,302,507,6FL,752",,,"Aug 4, 2011",550,,,,,,,,,,
A30 - Interlagos Blue Metallic,,NCH4 - Palladium/Black Novillo Leather,,WBSKG9C51BE797454,,E797454,"MSRP.1,ZCP,ZCV,ZP2.1,2MK,302,507,6FL,752",,,"Aug 4, 2011",550,,,,,,,,,,
668 - Jet Black,,NCSW - Black Novillo Leather,,WBSKG9C53BE797455,,E797455,"MSRP.1,ZCP,ZCV,2MK,302,507,6FL,6NF,6NR",,,"Aug 18, 2011",950,,,,,,,,,,
,,Z1XX - Unknown Upholstery Code,,WBSKG9C55BE797456,,E797456,"MSRP.1,ZCP,ZCV,ZP2.3,2MK,302,403,415,507,5AC,6FL,6NF,6NR,655,752",,,"Aug 18, 2011",,,,,,,,,,,
A96 - Unknown Paint Code,,NCSW - Black Novillo Leather,,WBSKG9C57BE797457,,E797457,"MSRP.1,ZCP,ZCW,ZCV,ZP2.3,2MK,302,507,6FL,6NF,6NR,655",,,"Aug 5, 2011",,,,,,,,,,,
A52 - Space Gray Metallic,,NCH2 - Fox Red Novillo Leather,,WBSKG9C59BE797458,,E797458,"MSRP.1,2MK,403,4MY,507",,,"Aug 5, 2011",550/950,,,,,,,,,,
A52 - Space Gray Metallic,,NCSW - Black Novillo Leather,,WBSKG9C50BE797459,,E797459,"MSRP.1,ZCV,ZP2.3,302,494,507,6FL",,,"Aug 5, 2011",550,,,,,,,,,,
A73 - Jerez Black Metallic,,NCH2 - Fox Red Novillo Leather,,WBSKG9C57BE797460,,E797460,"MSRP.1,ZCW,ZP2.2,2MK,302,403,507,6FL",,,"Aug 5, 2011",550,,,,,,,,,,
300 - Alpine White,,NCSW - Black Novillo Leather,,WBSKG9C59BE797461,,E797461,"MSRP.1,ZCP,ZCV,ZP2.3,2MK,302,494,507,6FL,6NF,6NR,655,752",,,"Aug 5, 2011",,,,,,,,,,,
300 - Alpine White,,NCSW - Black Novillo Leather,,WBSKG9C50BE797462,,E797462,"MSRP.1,ZCP,ZCV,ZP2.3,2MK,302,494,507,6FL,752",,,"Aug 5, 2011",,,,,,,,,,,
A52 - Space Gray Metallic,,NCSW - Black Novillo Leather,,WBSKG9C52BE797463,,E797463,"MSRP.1,ZCP,ZCV,ZP2.3,2MK,302,403,494,507,6FL,6NF,6NR,752",,,"Aug 5, 2011",550,,,,,,,,,,
A75 - Melbourne Red Metallic,,Z1XX - Unknown Upholstery Code,,WBSKG9C54BE797464,,E797464,"MSRP.1,ZCP,ZCW,ZCV,ZP2.3,302,403,507,6FL,655",,,"Aug 26, 2011",550,,,,,,,,,,
381 - Le Mans Blue Metallic,,NCSW - Black Novillo Leather,,WBSKG9C56BE797465,,E797465,"MSRP.1,ZCV,ZP2.3,2MK,2MT.1,302,494,507,6FL,6NF,6NR,752",,,"Aug 10, 2011",550,,,,,,,,,,
A52 - Space Gray Metallic,,NCSW - Black Novillo Leather,,WBSKG9C58BE797466,,E797466,"MSRP.1,ZP2.3,2MK,2MT.1,302,6FL",,,"Aug 10, 2011",550,,,,,,,,,,
300 - Alpine White,,NCH5 - Fox Red/Black Novillo Leather,,WBSKG9C5XBE797467,,E797467,"MSRP.1,494,507,609,6FL,655",,,"Aug 10, 2011",950,,,,,,,,,,
300 - Alpine White,,NCH2 - Fox Red Novillo Leather,,WBSKG9C51BE797468,,E797468,"MSRP.1,ZCP,ZCW,4MY,655",,,"Aug 10, 2011",950,,,,,,,,,,
A52 - Space Gray Metallic,,NCSW - Black Novillo Leather,,WBSKG9C53BE797469,,E797469,"MSRP.1,ZCP,ZCW,ZCV,ZP2.3,2MK,302,507,5AC,6FL,655",,,"Aug 10, 2011",550,,,,,,,,,,
381 - Le Mans Blue Metallic,,NDH3 - Beige Novillo Extended Leather,,WBSKG9C5XBE797470,,E797470,"MSRP.1,ZCP,ZCV,ZP2.2,302,415,507,6FL,655,752",,,"Aug 10, 2011",550/1100,,,,,,,,,,
A96 - Unknown Paint Code,,NCH5 - Fox Red/Black Novillo Leather,,WBSKG9C51BE797471,,E797471,"MSRP.1,ZCP,ZCV,ZP2.3,2MK,302,415,494,507,6FL,6NF,6NR,655,752",,,"Aug 10, 2011",,,,,,,,,,,
300 - Alpine White,,NCSW - Black Novillo Leather,,WBSKG9C53BE797472,,E797472,"MSRP.1,ZCP,ZCW,ZCV,ZP2.3,302,507,6FL,6NF,6NR,752",,,"Aug 10, 2011",,,,,,,,,,,
A96 - Unknown Paint Code,,NCSW - Black Novillo Leather,,WBSKG9C55BE797473,,E797473,"MSRP.1,ZCP,ZCW,ZCV,ZP2.3,2MK,302,507,6FL,6NF,6NR,752",,,"Aug 10, 2011",,,,,,,,,,,
668 - Jet Black,,NCH2 - Fox Red Novillo Leather,,WBSKG9C57BE797474,,E797474,"MSRP.1,ZCP,ZCW,ZCV,ZP2.3,2MK,302,403,415,507,6FL,6NF,6NR,655,752",,,"Aug 11, 2011",,,,,,,,,,,
300 - Alpine White,,NCSW - Black Novillo Leather,,WBSKG9C59BE797475,,E797475,"MSRP.1,ZCP,ZCV,ZP2.3,2MK,302,494,507,6FL,6NF,6NR,655,752",,,"Aug 11, 2011",,,,,,,,,,,
300 - Alpine White,,NCH5 - Fox Red/Black Novillo Leather,,WBSKG9C50BE797476,,E797476,"MSRP.1,ZCV,ZP2.3,2MK,2MT.1,302,494,507,6FL,655",,,"Aug 11, 2011",,,,,,,,,,,
300 - Alpine White,,NCH5 - Fox Red/Black Novillo Leather,,WBSKG9C52BE797477,,E797477,"MSRP.1,ZCP,ZCV,ZP2.3,2MK,302,415,494,507,6FL,6NF,6NR,655,752",,,"Aug 11, 2011",,,,,,,,,,,
300 - Alpine White,,NCSW - Black Novillo Leather,,WBSKG9C54BE797478,,E797478,"MSRP.1,ZCV,2MT.1,302,507,639,6FL,752,771",,,"Aug 11, 2011",950,,,,,,,,,,
A30 - Interlagos Blue Metallic,,NCH5 - Fox Red/Black Novillo Leather,,WBSKG9C56BE797479,,E797479,"MSRP.1,ZCV,ZP2.3,2MK,302,494,507,6FL,6NF,6NR,655,752",,,"Aug 11, 2011",550,,,,,,,,,,
381 - Le Mans Blue Metallic,,NCH4 - Palladium/Black Novillo Leather,,WBSKG9C52BE797480,,E797480,"MSRP.1,ZCP,ZCV,ZP2.3,302,507,6FL",,,"Aug 11, 2011",550,,,,,,,,,,
381 - Le Mans Blue Metallic,,NCSW - Black Novillo Leather,,WBSKG9C54BE797481,,E797481,"MSRP.1,ZCP,ZCW,ZCV,ZP2.1,302,403,507,6FL,6NF,6NR,752",,,"Aug 11, 2011",550,,,,,,,,,,
A29 - Silverstone Metallic II,,NCH4 - Palladium/Black Novillo Leather,,WBSKG9C56BE797482,,E797482,"MSRP.1,2MK,403,655,771",,,"Aug 12, 2011",550/950,,,,,,,,,,
A73 - Jerez Black Metallic,,NCSW - Black Novillo Leather,,WBSKG9C58BE797483,,E797483,"MSRP.1,ZCP,ZCW,ZCV,ZP2.3,2MK,302,403,507,6FL,655,752",,,"Aug 12, 2011",550,,,,,,,,,,
A73 - Jerez Black Metallic,,NDH3 - Beige Novillo Extended Leather,,WBSKG9C5XBE797484,,E797484,"MSRP.1,ZCP,ZCV,ZP2.3,302,415,494,507,6FL,6NF,6NR",,,"Aug 12, 2011",550/1100,,,,,,,,,,
A73 - Jerez Black Metallic,,NCH5 - Fox Red/Black Novillo Leather,,WBSKG9C51BE797485,,E797485,"MSRP.1,494,507,639,6FL,771",,,"Aug 12, 2011",550/950,,,,,,,,,,
A29 - Silverstone Metallic II,,GEAT - Anthracite/Black Cloth & Leather,,WBSKG9C53BE797486,,E797486,"MSRP.1,2MK,4MX,6FL",,,"Aug 17, 2011",550,,,,,,,,,,
A75 - Melbourne Red Metallic,,NCSW - Black Novillo Leather,,WBSKG9C55BE797487,,E797487,"MSRP.1,ZCP,ZCV,ZP2.3,302,494,507,6FL,752",,,"Aug 18, 2011",550,,,,,,,,,,
A29 - Silverstone Metallic II,,NCSW - Black Novillo Leather,,WBSKG9C57BE797488,,E797488,"MSRP.1,ZCP,ZCW,ZP2.1,2MK,507,6FL",,,"Aug 18, 2011",550,,,,,,,,,,
A73 - Jerez Black Metallic,,NCH2 - Fox Red Novillo Leather,,WBSKG9C59BE797489,,E797489,"MSRP.1,ZCP,ZCW,ZCV,ZP2.3,2MK,302,403,507,5AC,6FL,752",,,"Aug 19, 2011",550,,,,,,,,,,
A52 - Space Gray Metallic,,NCSW - Black Novillo Leather,,WBSKG9C55BE797490,,E797490,"MSRP.1,ZP2.2,302,403,494,655",,,"Aug 22, 2011",550,,,,,,,,,,
A96 - Unknown Paint Code,,NCH2 - Fox Red Novillo Leather,,WBSKG9C57BE797491,,E797491,"MSRP.1,ZCP,ZCV,ZP2.3,2MK,302,494,507,6FL,6NF,6NR",,,"Aug 22, 2011",,,,,,,,,,,
A29 - Silverstone Metallic II,,NCSW - Black Novillo Leather,,WBSKG9C59BE797492,,E797492,"MSRP.1,ZCP,ZCV,ZP2.2,2MK,302,415,494,507,6FL,6NF,6NR,655,752",,,"Aug 22, 2011",550,,,,,,,,,,
A29 - Silverstone Metallic II,,NCSW - Black Novillo Leather,,WBSKG9C50BE797493,,E797493,"MSRP.1,ZCV,ZP2.1,302,494,507,6FL",,,"Aug 22, 2011",550,,,,,,,,,,
A75 - Melbourne Red Metallic,,NCH3 - Beige Novillo Leather,,WBSKG9C52BE797494,,E797494,"MSRP.1,ZCP,ZCW,ZCV,ZP2.2,2MK,302,507,6FL,6NF,6NR,655,752",,,"Aug 22, 2011",550,,,,,,,,,,
A30 - Interlagos Blue Metallic,,NCH5 - Fox Red/Black Novillo Leather,,WBSKG9C54BE797495,,E797495,"MSRP.1,ZCV,ZP2.3,2MK,302,494,507,6FL,6NF,6NR,655,752",,,"Aug 22, 2011",550,,,,,,,,,,
A52 - Space Gray Metallic,,NDSW - Black Extended Novillo Leather,,WBSKG9C56BE797496,,E797496,"MSRP.1,ZCP,ZCW,ZCV,ZP2.1,2MK,302,403,507,5AC,6FL,6NF,6NR,752",,,"Aug 23, 2011",550/1100,,,,,,,,,,
668 - Jet Black,,NCSW - Black Novillo Leather,,WBSKG9C58BE797497,,E797497,"MSRP.1,ZCV,ZP2.1,302,507,6FL,6NF,6NR,752",,,"Aug 23, 2011",,,,,,,,,,,
A52 - Space Gray Metallic,,NCSW - Black Novillo Leather,,WBSKG9C5XBE797498,,E797498,"MSRP.1,ZCP,ZCV,ZP2.3,2MK,302,507,6FL",,,"Aug 23, 2011",550,,,,,,,,,,
A52 - Space Gray Metallic,,NCH2 - Fox Red Novillo Leather,,WBSKG9C51BE797499,,E797499,"MSRP.1,ZCP,ZCV,2MK,302,4MY,507,6FL,752",,,"Aug 23, 2011",550/950,,,,,,,,,,
300 - Alpine White,,NDSW - Black Extended Novillo Leather,,WBSKG9C54BE797500,,E797500,"MSRP.1,ZCP,ZCV,2MK,302,4MY,507,6FL,655,752",,,"Aug 23, 2011",2000,,,,,,,,,,
A73 - Jerez Black Metallic,,NCSW - Black Novillo Leather,,WBSKG9C56BE797501,,E797501,"MSRP.1,ZCV,ZP2.3,2MK,2MT.1,302,494,507,6FL",,,"Aug 23, 2011",550,,,,,,,,,,
381 - Le Mans Blue Metallic,,NCSW - Black Novillo Leather,,WBSKG9C58BE797502,,E797502,"MSRP.1,ZCP,ZCV,ZP2.1,302,494,507,6FL,6NF,6NR",,,"Aug 23, 2011",550,,,,,,,,,,
,,NDSW - Black Extended Novillo Leather,,WBSKG9C5XBE797503,,E797503,"MSRP.1,ZCP,ZCW,ZCV,ZP2.3,302,507,6FL,6NF,6NR,655,752",,,"Aug 29, 2011",1100,,,,,,,,,,
,,Z1XX - Unknown Upholstery Code,,WBSKG9C51BE797504,,E797504,"MSRP.1,ZCP,ZCW,ZCV,ZP2.3,2MK,302,415,507,6FL,655,752",,,"Aug 30, 2011",,,CAN,,,,,,,,
300 - Alpine White,,NCSW - Black Novillo Leather,,WBSKG9C53BE797505,,E797505,"MSRP.1,494,507,609,6FL,655",,,"Aug 25, 2011",950,,,,,,,,,,
668 - Jet Black,,NCH4 - Palladium/Black Novillo Leather,,WBSKG9C55BE797506,,E797506,"MSRP.1,ZCP,ZCW,ZCV,ZP2.3,2MK,302,507,6FL,655,752",,,"Aug 29, 2011",,,,,,,,,,,
300 - Alpine White,,NCH2 - Fox Red Novillo Leather,,WBSKG9C57BE797507,,E797507,"MSRP.1,ZCP,ZCV,ZP2.3,2MK,302,403,415,507,5AC,6FL,655,752",,,"Aug 29, 2011",,,,,,,,,,,
A73 - Jerez Black Metallic,,NCH4 - Palladium/Black Novillo Leather,,WBSKG9C59BE797508,,E797508,"MSRP.1,ZCP,ZCV,ZP2.3,2MK,302,403,494,507,6FL,6NF,6NR,655",,,"Aug 30, 2011",550,,,,,,,,,,
,,,,VIN SKIP 2012,,,,,,,,,,,,,,,,,
,,,,WBSKG9C50BE797510,,,,,,,,,,,,,,,,,
,,,,WBSKG9C50BE797511,,,,,,,,,,,,,,,,,
,,,,WBSKG9C50BE797512,,,,,,,,,,,,,,,,,
,,,,WBSKG9C50BE797513,,,,,,,,,,,,,,,,,
,,,,WBSKG9C50BE797514,,,,,,,,,,,,,,,,,
,,,,WBSKG9C50BE797515,,,,,,,,,,,,,,,,,
,,,,WBSKG9C50BE797516,,,,,,,,,,,,,,,,,
,,,,WBSKG9C50BE797517,,,,,,,,,,,,,,,,,
,,,,WBSKG9C50BE797518,,,,,,,,,,,,,,,,,
,,,,WBSKG9C50BE797519,,,,,,,,,,,,,,,,,
,,,,WBSKG9C50BE797520,,,,,,,,,,,,,,,,,
,,,,WBSKG9C50BE797521,,,,,,,,,,,,,,,,,
,,,,WBSKG9C50BE797522,,,,,,,,,,,,,,,,,
,,,,WBSKG9C50BE797523,,,,,,,,,,,,,,,,,
,,,,WBSKG9C50BE797524,,,,,,,,,,,,,,,,,
,,,,WBSKG9C50BE797525,,,,,,,,,,,,,,,,,
,,,,WBSKG9C50BE797526,,,,,,,,,,,,,,,,,
,,,,WBSKG9C50BE797527,,,,,,,,,,,,,,,,,
,,,,WBSKG9C50BE797528,,,,,,,,,,,,,,,,,
,,,,WBSKG9C50BE797529,,,,,,,,,,,,,,,,,
,,,,WBSKG9C50BE797530,,,,,,,,,,,,,,,,,
,,,,WBSKG9C50BE797531,,,,,,,,,,,,,,,,,
,,,,,,,,,,,,,,,,,,,,,
,,,,,,,,,,,,,,,,,,,,,
,,,,,,,,,,,,,,,,,,,,,
,,,,,,,,,,,,,,,,,,,,,
,,,,,,,,,,,,,,,,,,,,,
,,,,,,,,,,,,,,,,,,,,,
,,MSRP.3,MSRP,,"$56,500.00",,,,,,,,,,,,,,,,
,,MSRP.2,MSRP,,"$54,850.00",,,,,,,,,,,,,,,,
,,MSRP.1,MSRP,,"$58,900.00",,,,,,,,,,,,,,,,
,,MSRP,MSRP,,"$58,400.00",,,,,,,,,,,,,,,,
,,Z9B,INDIVIDUAL PAINT Canada,,"$3,900.00",,,,,,,,,,,,,,,,
,,IND,INDIVIDUAL PAINT,,"$5,000.00",,,,,,,,,,,,,,,,
,,ZCP,Competition Package                                                                                                                          - Dynamic Damper Control,,"$2,500.00",,,,,,,,,,,,,,,,
,,ZCV,"Convenience Package                                                                                                                     - Anti-theft alarm system
- Comfort Access keyless entry
- Park Distance Control (rear)
- Navigation System
- Voice-Command
- iPod & USB adapter
- Real Time Traffic Information",,"$2,900.00",,,,,,,,,,,,,,,,
,,,,,,,,,,,,,,,,,,,,,
,,ZCW,"Cold Weather Package                                                                                                                      - Split fold-down-rear seat
- Heated front seats
- Retractable headlight washers",,"$1,000.00",,,,,,,,,,,,,,,,
,,ZPP.1,"Premium Package                                                                                                                    - Power-folding auto mirrors
- Universal garage-door opener
- Power front seats
- Carbon Leather interior trim
- Interior mirror with compass
- BMW Assist w/enhanced BT & USB",,"$2,000.00",,,,,,,,,,,,,,,,
,,ZPP.2,,,"$2,000.00",,,,,,,,,,,,,,,,
,,ZPP.3,,,"$2,000.00",,,,,,,,,,,,,,,,
,,ZP2,,,"$2,500.00",,,,,,,,,,,,,,,,
,,ZP2.1,,,"$2,500.00",,,,,,,,,,,,,,,,
,,ZP2.2,,,"$2,500.00",,,,,,,,,,,,,,,,
,,ZP2.3,,,"$2,500.00",,,,,,,,,,,,,,,,
,,ZP2.4,"Premium Package 2                                                                                                                     - Power-folding auto mirrors
- Universal garage-door opener
- Power front seats
- Carbon Leather interior trim
- Interior mirror with compass
- BMW Assist w/enhanced BT & USB",,"$2,500.00",,,,,,,,,,,,,,,,
,,,,,,,,,,,,,,,,,,,,,
,,"ZP3,",,,"$2,500.00",,,,,,,,,,,,,,,,
,,ZP3.1,,,"$2,500.00",,,,,,,,,,,,,,,,
,,ZP3.2,,,"$2,500.00",,,,,,,,,,,,,,,,
,,ZP3.3,,,"$2,500.00",,,,,,,,,,,,,,,,
,,ZP3.4,"Premium Package 3                                                                                                                     - Power-folding auto mirrors
- Universal garage-door opener
- Power front seats
- Carbon Leather interior trim
- Interior mirror with compass
- BMW Assist w/enhanced BT & USB",,"$2,500.00",,,,,,,,,,,,,,,,
,,,,,,,,,,,,,,,,,,,,,
,,ZTP,"Technology Package                                                                                               
- M Drive
- Comfort Access keyless entry
- Navigation system

        ",,"$3,250.00",,,,,,,,,,,,,,,,
,,,,,,,,,,,,,,,,,,,,,
,,223,Dynamic Damper Control,,"$1,000.00",,,,,,,,,,,,,,,,
,,2MK.1,M Double-Clutch Transmission,,"$2,700.00",,,,,,,,,,,,,,,,
,,2MK,M Double-Clutch Transmission,,"$2,900.00",,,,,,,,,,,,,,,,
,,2MT.1,"19"" Alloy Double-Spoke Wheels ",,"$1,200.00",,,,,,,,,,,,,,,,
,,2MT,"19"" Alloy Double-Spoke Wheels ",,"$1,250.00",,,,,,,,,,,,,,,,
,,4MX,BRUSHED ALUMINUM TRIM,,$500.00,,,,,,,,,,,,,,,,
,,4MY,CARBON LEATHER INTERIOR TRIM,,$500.00,,,,,,,,,,,,,,,,
,,4MZ,WALNUT INTERIOR TRIM,,$500.00,,,,,,,,,,,,,,,,
,,403,Moonroof                                                                                                       ,,"$1,050.00",,,,,,,,,,,,,,,,
,,415,"Power rear sunshade                                                                                     
Manual side/rear power shades
                                               ",,$350.00,,,,,,,,,,,,,,,,
,,465,Split-Fold Down Rear Seat                                                                           ,,$475.00,,,,,,,,,,,,,,,,
,,494,Heated Front Seats                                                                                      ,,$500.00,,,,,,,,,,,,,,,,
,,302,Anti-Theft Alarm System ,,$400.00,,,,,,,,,,,,,,,,
,,320,Model Desingation - Deletion,,$0.00,,,,,,,,,,,,,,,,
,,507,Rear Park Distance Control ,,$380.00,,,,,,,,,,,,,,,,
,,5AC,Automatic High Beams ,,$250.00,,,,,,,,,,,,,,,,
,,609,Navigation System ,,"$1,250.00",,,,,,,,,,,,,,,,
,,6FL,iPod & USB Adapter ,,$400.00,,,,,,,,,,,,,,,,
,,639,BMW Assist w. Bluetooth ,,$750.00,,,,,,,,,,,,,,,,
,,,,,,,,,,,,,,,,,,,,,
,,6NF,Smartphone Integration,,$150.00,,,,,,,,,,,,,,,,
,,653,HD Radio,,$350.00,,,,,,,,,,,,,,,,
,,655, Satellite Radio ,,$595.00,,,,,,,,,,,,,,,,
,,6NR,BMW Apps ,,$250.00,,,,,,,,,,,,,,,,
,,752,Enhanced Premium Sound ,,"$1,900.00",,,,,,,,,,,,,,,,
,,771,TITANIUM SHADOW TRIM,,$0.00,,,,,,,,,,,,,,,,
,,863,EURO DELIVERY,,,,,,,,,,,,,,,,,,
,,XE2,"Ind.fine Wood Trim Maple Wood,anthr",,"$1,080.00",,,,,,,,,,,,,,,,
,,XE3,Ind.Ind.fine Wood Eukalyptus,,"$1,080.00",,,,,,,,,,,,,,,,
,,XE8,Ind.Black Piano Trim,,"$1,080.00",,,,,,,,,,,,,,,,
,,,,,,,,,,,,,,,,,,,,,
,,,M Performance Parts,,,,,,,,,,,,,,,,,,
,,Z04 ,Aluminum Pedals ,,$210.00,,,,,,,,,,,,,,,,
,,Z06, Black Kidney Grilles ,,$162.00,,,,,,,,,,,,,,,,
,,Z10,M Performance Exhaust ,,"$4,067.00",,,,,,,,,,,,,,,,
,,Z12 ,Alcanata Performance Steering Wheel,,$885.00,,,,,,,,,,,,,,,,
,,Z17 ,Carbon Fiber Front Splitters,,$911.00,,,,,,,,,,,,,,,,
,,Z21 ,Carbon Fiber Mirror Caps,,$712.00,,,,,,,,,,,,,,,,
,,Z22,Carbon Fiber Spoiler,,$622.00,,,,,,,,,,,,,,,,
,,Z62 ,Wheel Locks,,,,,,,,,,,,,,,,,,