 ,,INTERIOR,YEAR,VIN,,,Package Codes,PACKAGES,MSRP,PROD.,,,DEALER NAME,Port,Carrier,VPC,Details,V-Spec,Sticker,Invoice,VIN fill done Sun Aug 10 2025 11:35:08 GMT-0500 (Central Daylight Time)
300 - Alpine White,,LWNZ - Unknown Upholstery Code,,WBSUR9C50BVS96400,,VS96400,"MSRP,ZCV,ZPP,688",,,"Aug 19, 2011",,,,,,,,,,,
475 - Black Sapphire Metallic,,LWNZ - Unknown Upholstery Code,,WBSUR9C52BVS96401,,VS96401,"MSRP,ZCV,ZPP,655",,,"Aug 19, 2011",,,,,,,,,,,
300 - Alpine White,,LWNZ - Unknown Upholstery Code,,WBSUR9C54BVS96402,,VS96402,"MSRP,ZCV,ZPP,494,655,688,6NR",,,"Aug 19, 2011",,,,,,,,,,,
B44 - Valencia Orange Metallic,,LWNZ - Unknown Upholstery Code,,WBSUR9C56BVS96403,,VS96403,"MSRP,ZCV,ZPP,494,655,688,6NR",,,"Aug 19, 2011",,,,,,,,,,,
B44 - Valencia Orange Metallic,,LWNZ - Unknown Upholstery Code,,WBSUR9C58BVS96404,,VS96404,"MSRP,ZCV,ZPP,494,655,688,6NR",,,"Aug 20, 2011",,,,,,,,,,,
B44 - Valencia Orange Metallic,,LWNZ - Unknown Upholstery Code,,WBSUR9C5XBVS96405,,VS96405,"MSRP,ZCV,ZPP,494,655,688,6NR",,,"Aug 20, 2011",,,,,,,,,,,
B44 - Valencia Orange Metallic,,LWNZ - Unknown Upholstery Code,,WBSUR9C51BVS96406,,VS96406,"MSRP,ZCV,ZPP,494,655,688,6NR",,,"Aug 20, 2011",,,,,,,,,,,
B44 - Valencia Orange Metallic,,LWNZ - Unknown Upholstery Code,,WBSUR9C53BVS96407,,VS96407,"MSRP,494,655,688",,,"Aug 20, 2011",,,,,,,,,,,
B44 - Valencia Orange Metallic,,LWNZ - Unknown Upholstery Code,,WBSUR9C55BVS96408,,VS96408,"MSRP,494",,,"Aug 20, 2011",,,,,,,,,,,
300 - Alpine White,,LWNZ - Unknown Upholstery Code,,WBSUR9C57BVS96409,,VS96409,"MSRP,ZCV,ZPP,494,655,688,6NR",,,"Aug 20, 2011",,,,,,,,,,,
300 - Alpine White,,LWNZ - Unknown Upholstery Code,,WBSUR9C53BVS96410,,VS96410,"MSRP,494,655",,,"Aug 20, 2011",,,,,,,,,,,
B44 - Valencia Orange Metallic,,LWNZ - Unknown Upholstery Code,,WBSUR9C55BVS96411,,VS96411,"MSRP,ZCV,ZPP,494,655,688,6NR",,,"Aug 20, 2011",,,,,,,,,,,
B44 - Valencia Orange Metallic,,LWNZ - Unknown Upholstery Code,,WBSUR9C57BVS96412,,VS96412,"MSRP,ZCV,ZPP,494,655,688",,,"Aug 22, 2011",,,,,,,,,,,
300 - Alpine White,,LWNZ - Unknown Upholstery Code,,WBSUR9C59BVS96413,,VS96413,"MSRP,ZCV,ZPP,494,655,688",,,"Aug 22, 2011",,,,,,,,,,,
300 - Alpine White,,LWNZ - Unknown Upholstery Code,,WBSUR9C50BVS96414,,VS96414,"MSRP,ZCV,ZPP,494,688,6NR",,,"Aug 22, 2011",,,,,,,,,,,
475 - Black Sapphire Metallic,,LWNZ - Unknown Upholstery Code,,WBSUR9C52BVS96415,,VS96415,"MSRP,ZCV,ZPP,688,6NR",,,"Aug 22, 2011",,,,,,,,,,,
475 - Black Sapphire Metallic,,LWNZ - Unknown Upholstery Code,,WBSUR9C54BVS96416,,VS96416,"MSRP,ZCV,ZPP,688,6NR",,,"Aug 22, 2011",,,,,,,,,,,
475 - Black Sapphire Metallic,,LWNZ - Unknown Upholstery Code,,WBSUR9C56BVS96417,,VS96417,"MSRP,494,655",,,"Aug 25, 2011",,,,,,,,,,,
475 - Black Sapphire Metallic,,LWNZ - Unknown Upholstery Code,,WBSUR9C58BVS96418,,VS96418,"MSRP,494,688",,,"Aug 25, 2011",,,,,,,,,,,
B44 - Valencia Orange Metallic,,LWNZ - Unknown Upholstery Code,,WBSUR9C5XBVS96419,,VS96419,"MSRP,ZPP,688",,,"Aug 25, 2011",,,,,,,,,,,
B44 - Valencia Orange Metallic,,LWNZ - Unknown Upholstery Code,,WBSUR9C56BVS96420,,VS96420,"MSRP,ZPP,494,655,688",,,"Aug 26, 2011",,,,,,,,,,,
300 - Alpine White,,LWNZ - Unknown Upholstery Code,,WBSUR9C58BVS96421,,VS96421,"MSRP,494",,,"Aug 26, 2011",,,,,,,,,,,
B44 - Valencia Orange Metallic,,LWNZ - Unknown Upholstery Code,,WBSUR9C5XBVS96422,,VS96422,"MSRP,ZPP,494,655,688",,,"Aug 26, 2011",,,,,,,,,,,
475 - Black Sapphire Metallic,,LWNZ - Unknown Upholstery Code,,WBSUR9C51BVS96423,,VS96423,"MSRP,ZCV,ZPP,494,655,688,6NR",,,"Aug 27, 2011",,,,,,,,,,,
475 - Black Sapphire Metallic,,LWNZ - Unknown Upholstery Code,,WBSUR9C53BVS96424,,VS96424,"MSRP,ZCV,ZPP,494,655,688,6NR",,,"Aug 27, 2011",,,,,,,,,,,
B44 - Valencia Orange Metallic,,LWNZ - Unknown Upholstery Code,,WBSUR9C55BVS96425,,VS96425,"MSRP,ZCV,ZPP,494,655,688",,,"Aug 29, 2011",,,,,,,,,,,
B44 - Valencia Orange Metallic,,LWNZ - Unknown Upholstery Code,,WBSUR9C57BVS96426,,VS96426,"MSRP,494",,,"Aug 30, 2011",,,,,,,,,,,
B44 - Valencia Orange Metallic,,LWNZ - Unknown Upholstery Code,,WBSUR9C59BVS96427,,VS96427,"MSRP,ZCV,ZPP,655,688,6NR",,,"Aug 30, 2011",,,,,,,,,,,
300 - Alpine White,,LWNZ - Unknown Upholstery Code,,WBSUR9C50BVS96428,,VS96428,"MSRP,ZCV,ZPP,688",,,"Aug 30, 2011",,,,,,,,,,,
300 - Alpine White,,LWNZ - Unknown Upholstery Code,,WBSUR9C52BVS96429,,VS96429,"MSRP,ZCV,ZPP,494,688",,,"Aug 30, 2011",,,,,,,,,,,
B44 - Valencia Orange Metallic,,LWNZ - Unknown Upholstery Code,,WBSUR9C59BVS96430,,VS96430,"MSRP,ZCV,ZPP,688,6NR",,,"Aug 30, 2011",,,,,,,,,,,
300 - Alpine White,,LWNZ - Unknown Upholstery Code,,WBSUR9C50BVS96431,,VS96431,"MSRP,ZCV,ZPP,655,688,6NR",,,"Aug 30, 2011",,,,,,,,,,,
B44 - Valencia Orange Metallic,,LWNZ - Unknown Upholstery Code,,WBSUR9C52BVS96432,,VS96432,"MSRP,ZCV,ZPP,494,655,688,6NR",,,"Aug 30, 2011",,,,,,,,,,,
B44 - Valencia Orange Metallic,,LWNZ - Unknown Upholstery Code,,WBSUR9C54BVS96433,,VS96433,"MSRP,ZCV,ZPP,494,655,688",,,"Aug 30, 2011",,,,,,,,,,,
B44 - Valencia Orange Metallic,,LWNZ - Unknown Upholstery Code,,WBSUR9C56BVS96434,,VS96434,"MSRP,ZCV,ZPP,494,655,688",,,"Aug 30, 2011",,,,,,,,,,,
B44 - Valencia Orange Metallic,,LWNZ - Unknown Upholstery Code,,WBSUR9C58BVS96435,,VS96435,"MSRP,ZCV,ZPP,494,655,688",,,"Aug 30, 2011",,,,,,,,,,,
B44 - Valencia Orange Metallic,,LWNZ - Unknown Upholstery Code,,WBSUR9C5XBVS96436,,VS96436,"MSRP,494,655,688",,,"Aug 30, 2011",,,,,,,,,,,
B44 - Valencia Orange Metallic,,LWNZ - Unknown Upholstery Code,,WBSUR9C51BVS96437,,VS96437,"MSRP,ZCV,ZPP,494,688,6NR",,,"Aug 30, 2011",,,,,,,,,,,
B44 - Valencia Orange Metallic,,LWNZ - Unknown Upholstery Code,,WBSUR9C53BVS96438,,VS96438,"MSRP,ZCV,ZPP,494,655,688",,,"Aug 30, 2011",,,,,,,,,,,
B44 - Valencia Orange Metallic,,LWNZ - Unknown Upholstery Code,,WBSUR9C55BVS96439,,VS96439,"MSRP,ZCV,ZPP,494,655,688,6NR",,,"Aug 31, 2011",,,,,,,,,,,
300 - Alpine White,,LWNZ - Unknown Upholstery Code,,WBSUR9C51BVS96440,,VS96440,"MSRP,ZCV,ZPP,494,688,6NR",,,"Aug 31, 2011",,,,,,,,,,,
300 - Alpine White,,LWNZ - Unknown Upholstery Code,,WBSUR9C53BVS96441,,VS96441,"MSRP,ZCV,ZPP,655",,,"Aug 31, 2011",,,,,,,,,,,
475 - Black Sapphire Metallic,,LWNZ - Unknown Upholstery Code,,WBSUR9C55BVS96442,,VS96442,"MSRP,ZCV,ZPP,494,688,6NR",,,"Aug 31, 2011",,,,,,,,,,,
B44 - Valencia Orange Metallic,,LWNZ - Unknown Upholstery Code,,WBSUR9C57BVS96443,,VS96443,"MSRP,ZCV,ZPP,494,688,6NR",,,"Aug 31, 2011",,,,,,,,,,,
B44 - Valencia Orange Metallic,,LWNZ - Unknown Upholstery Code,,WBSUR9C59BVS96444,,VS96444,MSRP,,,"Aug 31, 2011",,,,,,,,,,,
B44 - Valencia Orange Metallic,,LWNZ - Unknown Upholstery Code,,WBSUR9C50BVS96445,,VS96445,MSRP,,,"Aug 31, 2011",,,,,,,,,,,
300 - Alpine White,,LWNZ - Unknown Upholstery Code,,WBSUR9C52BVS96446,,VS96446,MSRP,,,"Aug 31, 2011",,,,,,,,,,,
B44 - Valencia Orange Metallic,,LWNZ - Unknown Upholstery Code,,WBSUR9C54BVS96447,,VS96447,"MSRP,ZPP,494,655",,,"Aug 31, 2011",,,,,,,,,,,
300 - Alpine White,,LWNZ - Unknown Upholstery Code,,WBSUR9C56BVS96448,,VS96448,"MSRP,494,655",,,"Aug 31, 2011",,,,,,,,,,,
B44 - Valencia Orange Metallic,,LWNZ - Unknown Upholstery Code,,WBSUR9C58BVS96449,,VS96449,"MSRP,494",,,"Aug 31, 2011",,,,,,,,,,,
300 - Alpine White,,LWNZ - Unknown Upholstery Code,,WBSUR9C54BVS96450,,VS96450,"MSRP,ZPP,494",,,"Aug 31, 2011",,,,,,,,,,,
B44 - Valencia Orange Metallic,,LWNZ - Unknown Upholstery Code,,WBSUR9C56BVS96451,,VS96451,"MSRP,ZCV,ZPP,494,688,6NR",,,"Aug 31, 2011",,,,,,,,,,,
475 - Black Sapphire Metallic,,LWNZ - Unknown Upholstery Code,,WBSUR9C58BVS96452,,VS96452,"MSRP,ZCV,ZPP,494",,,"Aug 31, 2011",,,,,,,,,,,
B44 - Valencia Orange Metallic,,LWNZ - Unknown Upholstery Code,,WBSUR9C5XBVS96453,,VS96453,"MSRP,ZCV,ZPP,494,655,688,6NR",,,"Aug 31, 2011",,,,,,,,,,,
300 - Alpine White,,LWNZ - Unknown Upholstery Code,,WBSUR9C51BVS96454,,VS96454,"MSRP,494,655",,,"Aug 31, 2011",,,,,,,,,,,
B44 - Valencia Orange Metallic,,LWNZ - Unknown Upholstery Code,,WBSUR9C53BVS96455,,VS96455,"MSRP,ZPP,494,655,688",,,"Sep 1, 2011",,,,,,,,,,,
475 - Black Sapphire Metallic,,LWNZ - Unknown Upholstery Code,,WBSUR9C55BVS96456,,VS96456,"MSRP,688",,,"Sep 1, 2011",,,,,,,,,,,
475 - Black Sapphire Metallic,,LWNZ - Unknown Upholstery Code,,WBSUR9C57BVS96457,,VS96457,"MSRP,494",,,"Sep 1, 2011",,,,,,,,,,,
300 - Alpine White,,LWNZ - Unknown Upholstery Code,,WBSUR9C59BVS96458,,VS96458,"MSRP,494",,,"Sep 1, 2011",,,,,,,,,,,
475 - Black Sapphire Metallic,,LWNZ - Unknown Upholstery Code,,WBSUR9C50BVS96459,,VS96459,"MSRP,494",,,"Sep 1, 2011",,,,,,,,,,,
300 - Alpine White,,LWNZ - Unknown Upholstery Code,,WBSUR9C57BVS96460,,VS96460,"MSRP,ZPP",,,"Sep 1, 2011",,,,,,,,,,,
475 - Black Sapphire Metallic,,LWNZ - Unknown Upholstery Code,,WBSUR9C59BVS96461,,VS96461,"MSRP,494",,,"Sep 1, 2011",,,,,,,,,,,
B44 - Valencia Orange Metallic,,LWNZ - Unknown Upholstery Code,,WBSUR9C50BVS96462,,VS96462,"MSRP,494",,,"Sep 1, 2011",,,,,,,,,,,
B44 - Valencia Orange Metallic,,LWNZ - Unknown Upholstery Code,,WBSUR9C52BVS96463,,VS96463,"MSRP,ZCV,ZPP,688",,,"Sep 1, 2011",,,,,,,,,,,
300 - Alpine White,,LWNZ - Unknown Upholstery Code,,WBSUR9C54BVS96464,,VS96464,"MSRP,ZCV,ZPP,494,688",,,"Sep 1, 2011",,,,,,,,,,,
B44 - Valencia Orange Metallic,,LWNZ - Unknown Upholstery Code,,WBSUR9C56BVS96465,,VS96465,"MSRP,ZCV,ZPP,494,655,688",,,"Sep 1, 2011",,,,,,,,,,,
300 - Alpine White,,LWNZ - Unknown Upholstery Code,,WBSUR9C58BVS96466,,VS96466,"MSRP,ZPP,655,688",,,"Sep 1, 2011",,,,,,,,,,,
B44 - Valencia Orange Metallic,,LWNZ - Unknown Upholstery Code,,WBSUR9C5XBVS96467,,VS96467,"MSRP,ZCV,ZPP,494,655,688,6NR",,,"Sep 1, 2011",,,,,,,,,,,
B44 - Valencia Orange Metallic,,LWNZ - Unknown Upholstery Code,,WBSUR9C51BVS96468,,VS96468,"MSRP,ZCV,ZPP,655,688",,,"Sep 2, 2011",,,,,,,,,,,
B44 - Valencia Orange Metallic,,LWNZ - Unknown Upholstery Code,,WBSUR9C53BVS96469,,VS96469,"MSRP,ZCV,ZPP",,,"Sep 2, 2011",,,,,,,,,,,
300 - Alpine White,,LWNZ - Unknown Upholstery Code,,WBSUR9C5XBVS96470,,VS96470,"MSRP,ZCV,ZPP,494,655,688,6NR",,,"Sep 2, 2011",,,,,,,,,,,
300 - Alpine White,,LWNZ - Unknown Upholstery Code,,WBSUR9C51BVS96471,,VS96471,"MSRP,494,655",,,"Sep 2, 2011",,,,,,,,,,,
475 - Black Sapphire Metallic,,LWNZ - Unknown Upholstery Code,,WBSUR9C53BVS96472,,VS96472,"MSRP,ZCV,ZPP,494,655,688",,,"Sep 2, 2011",,,,,,,,,,,
B44 - Valencia Orange Metallic,,LWNZ - Unknown Upholstery Code,,WBSUR9C55BVS96473,,VS96473,"MSRP,ZCV,ZPP,688",,,"Sep 2, 2011",,,,,,,,,,,
B44 - Valencia Orange Metallic,,LWNZ - Unknown Upholstery Code,,WBSUR9C57BVS96474,,VS96474,"MSRP,ZCV,ZPP,494,655,688,6NR",,,"Sep 2, 2011",,,,,,,,,,,
B44 - Valencia Orange Metallic,,LWNZ - Unknown Upholstery Code,,WBSUR9C59BVS96475,,VS96475,"MSRP,ZCV,ZPP,494,688,6NR",,,"Sep 2, 2011",,,,,,,,,,,
B44 - Valencia Orange Metallic,,LWNZ - Unknown Upholstery Code,,WBSUR9C50BVS96476,,VS96476,"MSRP,ZCV,ZPP,494,655,688,6NR",,,"Sep 2, 2011",,,,,,,,,,,
300 - Alpine White,,LWNZ - Unknown Upholstery Code,,WBSUR9C52BVS96477,,VS96477,"MSRP,ZPP,494,688",,,"Sep 2, 2011",,,,,,,,,,,
475 - Black Sapphire Metallic,,LWNZ - Unknown Upholstery Code,,WBSUR9C54BVS96478,,VS96478,"MSRP,ZCV,ZPP,494,655,688,6NR",,,"Sep 2, 2011",,,,,,,,,,,
B44 - Valencia Orange Metallic,,LWNZ - Unknown Upholstery Code,,WBSUR9C56BVS96479,,VS96479,"MSRP,ZCV,ZPP,494,655,688,6NR",,,"Sep 2, 2011",,,,,,,,,,,
300 - Alpine White,,LWNZ - Unknown Upholstery Code,,WBSUR9C52BVS96480,,VS96480,MSRP,,,"Sep 2, 2011",,,,,,,,,,,
300 - Alpine White,,LWNZ - Unknown Upholstery Code,,WBSUR9C54BVS96481,,VS96481,"MSRP,494",,,"Sep 2, 2011",,,,,,,,,,,
300 - Alpine White,,LWNZ - Unknown Upholstery Code,,WBSUR9C56BVS96482,,VS96482,"MSRP,494,688",,,"Sep 2, 2011",,,,,,,,,,,
B44 - Valencia Orange Metallic,,LWNZ - Unknown Upholstery Code,,WBSUR9C58BVS96483,,VS96483,"MSRP,494",,,"Sep 2, 2011",,,,,,,,,,,
B44 - Valencia Orange Metallic,,LWNZ - Unknown Upholstery Code,,WBSUR9C5XBVS96484,,VS96484,"MSRP,ZPP",,,"Sep 2, 2011",,,,,,,,,,,
300 - Alpine White,,LWNZ - Unknown Upholstery Code,,WBSUR9C51BVS96485,,VS96485,"MSRP,494,655,688",,,"Sep 2, 2011",,,,,,,,,,,
B44 - Valencia Orange Metallic,,LWNZ - Unknown Upholstery Code,,WBSUR9C53BVS96486,,VS96486,"MSRP,494,688",,,"Sep 3, 2011",,,,,,,,,,,
B44 - Valencia Orange Metallic,,LWNZ - Unknown Upholstery Code,,WBSUR9C55BVS96487,,VS96487,"MSRP,688",,,"Sep 3, 2011",,,,,,,,,,,
300 - Alpine White,,LWNZ - Unknown Upholstery Code,,WBSUR9C57BVS96488,,VS96488,"MSRP,ZCV,ZPP,688,6NR",,,"Sep 3, 2011",,,,,,,,,,,
B44 - Valencia Orange Metallic,,LWNZ - Unknown Upholstery Code,,WBSUR9C59BVS96489,,VS96489,"MSRP,ZCV,ZPP,494,655,688,6NR",,,"Sep 3, 2011",,,,,,,,,,,
B44 - Valencia Orange Metallic,,LWNZ - Unknown Upholstery Code,,WBSUR9C55BVS96490,,VS96490,"MSRP,ZCV,ZPP,494,655,688,6NR",,,"Sep 3, 2011",,,,,,,,,,,
300 - Alpine White,,LWNZ - Unknown Upholstery Code,,WBSUR9C57BVS96491,,VS96491,"MSRP,494,655",,,"Sep 3, 2011",,,,,,,,,,,
B44 - Valencia Orange Metallic,,LWNZ - Unknown Upholstery Code,,WBSUR9C59BVS96492,,VS96492,"MSRP,ZCV,ZPP,494,655,688,6NR",,,"Sep 3, 2011",,,,,,,,,,,
300 - Alpine White,,LWNZ - Unknown Upholstery Code,,WBSUR9C50BVS96493,,VS96493,"MSRP,ZCV,ZPP,655,688",,,"Sep 3, 2011",,,,,,,,,,,
B44 - Valencia Orange Metallic,,LWNZ - Unknown Upholstery Code,,WBSUR9C52BVS96494,,VS96494,"MSRP,ZCV,ZPP,655",,,"Sep 3, 2011",,,,,,,,,,,
300 - Alpine White,,LWNZ - Unknown Upholstery Code,,WBSUR9C54BVS96495,,VS96495,"MSRP,ZCV,ZPP,494,655,688",,,"Sep 3, 2011",,,,,,,,,,,
300 - Alpine White,,LWNZ - Unknown Upholstery Code,,WBSUR9C56BVS96496,,VS96496,"MSRP,ZCV,ZPP,494,655,688,6NR",,,"Sep 3, 2011",,,,,,,,,,,
B44 - Valencia Orange Metallic,,LWNZ - Unknown Upholstery Code,,WBSUR9C58BVS96497,,VS96497,"MSRP,ZCV,ZPP,494,655,688,6NR",,,"Sep 3, 2011",,,,,,,,,,,
B44 - Valencia Orange Metallic,,LWNZ - Unknown Upholstery Code,,WBSUR9C5XBVS96498,,VS96498,"MSRP,ZCV,ZPP,494,655,688,6NR",,,"Sep 3, 2011",,,,,,,,,,,
B44 - Valencia Orange Metallic,,LWNZ - Unknown Upholstery Code,,WBSUR9C51BVS96499,,VS96499,"MSRP,ZCV,ZPP,494,655,688,6NR",,,"Sep 5, 2011",,,,,,,,,,,
B44 - Valencia Orange Metallic,,LWNZ - Unknown Upholstery Code,,WBSUR9C54BVS96500,,VS96500,"MSRP,ZCV,ZPP,494,655,688,6NR",,,"Sep 5, 2011",,,,,,,,,,,
300 - Alpine White,,LWNZ - Unknown Upholstery Code,,WBSUR9C56BVS96501,,VS96501,"MSRP,494,655",,,"Sep 5, 2011",,,,,,,,,,,
300 - Alpine White,,LWNZ - Unknown Upholstery Code,,WBSUR9C58BVS96502,,VS96502,MSRP,,,"Sep 5, 2011",,,,,,,,,,,
300 - Alpine White,,LWNZ - Unknown Upholstery Code,,WBSUR9C5XBVS96503,,VS96503,"MSRP,ZCV,ZPP,494,688,6NR",,,"Sep 5, 2011",,,,,,,,,,,
300 - Alpine White,,LWNZ - Unknown Upholstery Code,,WBSUR9C51BVS96504,,VS96504,"MSRP,ZCV,ZPP,494,655,688,6NR",,,"Sep 5, 2011",,,,,,,,,,,
B44 - Valencia Orange Metallic,,LWNZ - Unknown Upholstery Code,,WBSUR9C53BVS96505,,VS96505,"MSRP,ZCV,ZPP,494,655,688,6NR",,,"Sep 5, 2011",,,,,,,,,,,
B44 - Valencia Orange Metallic,,LWNZ - Unknown Upholstery Code,,WBSUR9C55BVS96506,,VS96506,"MSRP,ZCV,ZPP,494,6NR",,,"Sep 5, 2011",,,,,,,,,,,
B44 - Valencia Orange Metallic,,LWNZ - Unknown Upholstery Code,,WBSUR9C57BVS96507,,VS96507,"MSRP,ZCV,ZPP,494,655,688,6NR",,,"Sep 5, 2011",,,,,,,,,,,
475 - Black Sapphire Metallic,,LWNZ - Unknown Upholstery Code,,WBSUR9C59BVS96508,,VS96508,"MSRP,ZCV,ZPP,494,688",,,"Sep 5, 2011",,,,,,,,,,,
B44 - Valencia Orange Metallic,,LWNZ - Unknown Upholstery Code,,WBSUR9C50BVS96509,,VS96509,"MSRP,ZCV,ZPP,494,655,688",,,"Sep 5, 2011",,,,,,,,,,,
475 - Black Sapphire Metallic,,LWNZ - Unknown Upholstery Code,,WBSUR9C57BVS96510,,VS96510,"MSRP,ZCV,ZPP,494,655,688,6NR",,,"Sep 6, 2011",,,,,,,,,,,
B44 - Valencia Orange Metallic,,LWNZ - Unknown Upholstery Code,,WBSUR9C59BVS96511,,VS96511,"MSRP,ZCV,ZPP,494,655,688,6NR",,,"Sep 6, 2011",,,,,,,,,,,
300 - Alpine White,,LWNZ - Unknown Upholstery Code,,WBSUR9C50BVS96512,,VS96512,"MSRP,ZCV,ZPP,494,688",,,"Sep 6, 2011",,,,,,,,,,,
B44 - Valencia Orange Metallic,,LWNZ - Unknown Upholstery Code,,WBSUR9C52BVS96513,,VS96513,"MSRP,ZCV,ZPP,494,655,688,6NR",,,"Sep 6, 2011",,,,,,,,,,,
B44 - Valencia Orange Metallic,,LWNZ - Unknown Upholstery Code,,WBSUR9C54BVS96514,,VS96514,"MSRP,ZCV,ZPP,494,655,688,6NR",,,"Sep 6, 2011",,,,,,,,,,,
B44 - Valencia Orange Metallic,,LWNZ - Unknown Upholstery Code,,WBSUR9C56BVS96515,,VS96515,"MSRP,ZCV,ZPP",,,"Sep 6, 2011",,,,,,,,,,,
B44 - Valencia Orange Metallic,,LWNZ - Unknown Upholstery Code,,WBSUR9C58BVS96516,,VS96516,"MSRP,ZCV,ZPP,6NR",,,"Sep 6, 2011",,,,,,,,,,,
300 - Alpine White,,LWNZ - Unknown Upholstery Code,,WBSUR9C5XBVS96517,,VS96517,"MSRP,ZCV,ZPP,494,655,688",,,"Sep 6, 2011",,,,,,,,,,,
475 - Black Sapphire Metallic,,LWNZ - Unknown Upholstery Code,,WBSUR9C51BVS96518,,VS96518,"MSRP,ZCV,ZPP,494,655,688",,,"Sep 6, 2011",,,,,,,,,,,
B44 - Valencia Orange Metallic,,LWNZ - Unknown Upholstery Code,,WBSUR9C53BVS96519,,VS96519,"MSRP,ZCV,ZPP,494,655,688",,,"Sep 6, 2011",,,,,,,,,,,
475 - Black Sapphire Metallic,,LWNZ - Unknown Upholstery Code,,WBSUR9C5XBVS96520,,VS96520,"MSRP,ZCV,ZPP,494,655,688",,,"Sep 6, 2011",,,,,,,,,,,
300 - Alpine White,,LWNZ - Unknown Upholstery Code,,WBSUR9C51BVS96521,,VS96521,"MSRP,ZCV,ZPP,494,655,688,6NR",,,"Sep 6, 2011",,,,,,,,,,,
300 - Alpine White,,LWNZ - Unknown Upholstery Code,,WBSUR9C53BVS96522,,VS96522,"MSRP,688",,,"Sep 6, 2011",,,,,,,,,,,
300 - Alpine White,,LWNZ - Unknown Upholstery Code,,WBSUR9C55BVS96523,,VS96523,"MSRP,ZCV,ZPP,494,655,688,6NR",,,"Sep 7, 2011",,,,,,,,,,,
B44 - Valencia Orange Metallic,,LWNZ - Unknown Upholstery Code,,WBSUR9C57BVS96524,,VS96524,"MSRP,ZCV,ZPP",,,"Sep 8, 2011",,,,,,,,,,,
300 - Alpine White,,LWNZ - Unknown Upholstery Code,,WBSUR9C59BVS96525,,VS96525,"MSRP,ZCV,ZPP,655,688,6NR",,,"Sep 8, 2011",,,,,,,,,,,
300 - Alpine White,,LWNZ - Unknown Upholstery Code,,WBSUR9C50BVS96526,,VS96526,MSRP,,,"Sep 9, 2011",,,,,,,,,,,
B44 - Valencia Orange Metallic,,LWNZ - Unknown Upholstery Code,,WBSUR9C52BVS96527,,VS96527,MSRP,,,"Sep 9, 2011",,,,,,,,,,,
B44 - Valencia Orange Metallic,,LWNZ - Unknown Upholstery Code,,WBSUR9C54BVS96528,,VS96528,"MSRP,ZCV,ZPP,494,688",,,"Sep 9, 2011",,,,,,,,,,,
475 - Black Sapphire Metallic,,LWNZ - Unknown Upholstery Code,,WBSUR9C56BVS96529,,VS96529,MSRP,,,"Sep 10, 2011",,,,,,,,,,,
475 - Black Sapphire Metallic,,LWNZ - Unknown Upholstery Code,,WBSUR9C52BVS96530,,VS96530,"MSRP,494",,,"Sep 10, 2011",,,,,,,,,,,
B44 - Valencia Orange Metallic,,LWNZ - Unknown Upholstery Code,,WBSUR9C54BVS96531,,VS96531,"MSRP,655,688",,,"Sep 10, 2011",,,,,,,,,,,
B44 - Valencia Orange Metallic,,LWNZ - Unknown Upholstery Code,,WBSUR9C56BVS96532,,VS96532,MSRP,,,"Sep 10, 2011",,,,,,,,,,,
B44 - Valencia Orange Metallic,,LWNZ - Unknown Upholstery Code,,WBSUR9C58BVS96533,,VS96533,"MSRP,ZPP,688,6NR",,,"Sep 10, 2011",,,,,,,,,,,
300 - Alpine White,,LWNZ - Unknown Upholstery Code,,WBSUR9C5XBVS96534,,VS96534,MSRP,,,"Sep 10, 2011",,,,,,,,,,,
300 - Alpine White,,LWNZ - Unknown Upholstery Code,,WBSUR9C51BVS96535,,VS96535,"MSRP,655",,,"Sep 10, 2011",,,,,,,,,,,
475 - Black Sapphire Metallic,,LWNZ - Unknown Upholstery Code,,WBSUR9C53BVS96536,,VS96536,"MSRP,494,688",,,"Sep 10, 2011",,,,,,,,,,,
B44 - Valencia Orange Metallic,,LWNZ - Unknown Upholstery Code,,WBSUR9C55BVS96537,,VS96537,"MSRP,494",,,"Sep 10, 2011",,,,,,,,,,,
300 - Alpine White,,LWNZ - Unknown Upholstery Code,,WBSUR9C57BVS96538,,VS96538,"MSRP,494,655",,,"Sep 10, 2011",,,,,,,,,,,
475 - Black Sapphire Metallic,,LWNZ - Unknown Upholstery Code,,WBSUR9C59BVS96539,,VS96539,"MSRP,494",,,"Sep 10, 2011",,,,,,,,,,,
475 - Black Sapphire Metallic,,LWNZ - Unknown Upholstery Code,,WBSUR9C55BVS96540,,VS96540,"MSRP,494",,,"Sep 10, 2011",,,,,,,,,,,
475 - Black Sapphire Metallic,,LWNZ - Unknown Upholstery Code,,WBSUR9C57BVS96541,,VS96541,"MSRP,ZCV,ZPP,494,655,688",,,"Sep 10, 2011",,,,,,,,,,,
300 - Alpine White,,LWNZ - Unknown Upholstery Code,,WBSUR9C59BVS96542,,VS96542,"MSRP,ZCV,ZPP,494",,,"Sep 10, 2011",,,,,,,,,,,
B44 - Valencia Orange Metallic,,LWNZ - Unknown Upholstery Code,,WBSUR9C50BVS96543,,VS96543,"MSRP,ZCV,ZPP,655,688",,,"Sep 10, 2011",,,,,,,,,,,
475 - Black Sapphire Metallic,,LWNZ - Unknown Upholstery Code,,WBSUR9C52BVS96544,,VS96544,"MSRP,ZCV,ZPP,494,655,688,6NR",,,"Sep 10, 2011",,,,,,,,,,,
B44 - Valencia Orange Metallic,,LWNZ - Unknown Upholstery Code,,WBSUR9C54BVS96545,,VS96545,"MSRP,ZCV,ZPP,494,655,688,6NR",,,"Sep 10, 2011",,,,,,,,,,,
B44 - Valencia Orange Metallic,,LWNZ - Unknown Upholstery Code,,WBSUR9C56BVS96546,,VS96546,"MSRP,ZCV,ZPP,494,688,6NR",,,"Sep 10, 2011",,,,,,,,,,,
B44 - Valencia Orange Metallic,,LWNZ - Unknown Upholstery Code,,WBSUR9C58BVS96547,,VS96547,"MSRP,ZPP,494,655",,,"Sep 10, 2011",,,,,,,,,,,
B44 - Valencia Orange Metallic,,LWNZ - Unknown Upholstery Code,,WBSUR9C5XBVS96548,,VS96548,"MSRP,ZPP",,,"Sep 10, 2011",,,,,,,,,,,
475 - Black Sapphire Metallic,,LWNZ - Unknown Upholstery Code,,WBSUR9C51BVS96549,,VS96549,"MSRP,ZCV,ZPP,494,655,688,6NR",,,"Sep 10, 2011",,,,,,,,,,,
475 - Black Sapphire Metallic,,LWNZ - Unknown Upholstery Code,,WBSUR9C58BVS96550,,VS96550,"MSRP,ZPP,494",,,"Sep 12, 2011",,,,,,,,,,,
B44 - Valencia Orange Metallic,,LWNZ - Unknown Upholstery Code,,WBSUR9C5XBVS96551,,VS96551,"MSRP,ZPP,494,655,688",,,"Sep 12, 2011",,,,,,,,,,,
300 - Alpine White,,LWNZ - Unknown Upholstery Code,,WBSUR9C51BVS96552,,VS96552,"MSRP,494",,,"Sep 12, 2011",,,,,,,,,,,
300 - Alpine White,,LWNZ - Unknown Upholstery Code,,WBSUR9C53BVS96553,,VS96553,"MSRP,ZCV,ZPP,494,688,6NR",,,"Sep 12, 2011",,,,,,,,,,,
300 - Alpine White,,LWNZ - Unknown Upholstery Code,,WBSUR9C55BVS96554,,VS96554,"MSRP,ZCV,ZPP,494,655,688,6NR",,,"Sep 12, 2011",,,,,,,,,,,
300 - Alpine White,,LWNZ - Unknown Upholstery Code,,WBSUR9C57BVS96555,,VS96555,"MSRP,494,655",,,"Sep 12, 2011",,,,,,,,,,,
475 - Black Sapphire Metallic,,LWNZ - Unknown Upholstery Code,,WBSUR9C59BVS96556,,VS96556,"MSRP,ZCV,ZPP,494,655,688,6NR",,,"Sep 12, 2011",,,,,,,,,,,
B44 - Valencia Orange Metallic,,LWNZ - Unknown Upholstery Code,,WBSUR9C50BVS96557,,VS96557,"MSRP,ZCV,ZPP,655,688,6NR",,,"Sep 12, 2011",,,,,,,,,,,
475 - Black Sapphire Metallic,,LWNZ - Unknown Upholstery Code,,WBSUR9C52BVS96558,,VS96558,"MSRP,ZCV,ZPP,494,688,6NR",,,"Sep 12, 2011",,,,,,,,,,,
300 - Alpine White,,LWNZ - Unknown Upholstery Code,,WBSUR9C54BVS96559,,VS96559,MSRP,,,"Sep 12, 2011",,,,,,,,,,,
B44 - Valencia Orange Metallic,,LWNZ - Unknown Upholstery Code,,WBSUR9C50BVS96560,,VS96560,"MSRP,ZCV,ZPP,494,688,6NR",,,"Sep 12, 2011",,,,,,,,,,,
B44 - Valencia Orange Metallic,,LWNZ - Unknown Upholstery Code,,WBSUR9C52BVS96561,,VS96561,"MSRP,ZCV,ZPP,494,655,688,6NR",,,"Sep 13, 2011",,,,,,,,,,,
B44 - Valencia Orange Metallic,,LWNZ - Unknown Upholstery Code,,WBSUR9C54BVS96562,,VS96562,"MSRP,ZCV,ZPP,494,655,688,6NR",,,"Sep 13, 2011",,,,,,,,,,,
475 - Black Sapphire Metallic,,LWNZ - Unknown Upholstery Code,,WBSUR9C56BVS96563,,VS96563,"MSRP,ZCV,ZPP,494,655,688,6NR",,,"Sep 13, 2011",,,,,,,,,,,
475 - Black Sapphire Metallic,,LWNZ - Unknown Upholstery Code,,WBSUR9C58BVS96564,,VS96564,"MSRP,ZCV,ZPP,494,655,688,6NR",,,"Sep 13, 2011",,,,,,,,,,,
475 - Black Sapphire Metallic,,LWNZ - Unknown Upholstery Code,,WBSUR9C5XBVS96565,,VS96565,"MSRP,ZCV,ZPP,494,655,688,6NR",,,"Sep 13, 2011",,,,,,,,,,,
300 - Alpine White,,LWNZ - Unknown Upholstery Code,,WBSUR9C51BVS96566,,VS96566,"MSRP,ZCV,ZPP,655,688,6NR",,,"Sep 13, 2011",,,,,,,,,,,
B44 - Valencia Orange Metallic,,LWNZ - Unknown Upholstery Code,,WBSUR9C53BVS96567,,VS96567,"MSRP,ZCV,ZPP,494,655,688",,,"Sep 13, 2011",,,,,,,,,,,
B44 - Valencia Orange Metallic,,LWNZ - Unknown Upholstery Code,,WBSUR9C55BVS96568,,VS96568,"MSRP,ZCV,ZPP,494,688,6NR",,,"Sep 13, 2011",,,,,,,,,,,
300 - Alpine White,,LWNZ - Unknown Upholstery Code,,WBSUR9C57BVS96569,,VS96569,"MSRP,ZCV,ZPP,494,655,688,6NR",,,"Sep 13, 2011",,,,,,,,,,,
300 - Alpine White,,LWNZ - Unknown Upholstery Code,,WBSUR9C53BVS96570,,VS96570,"MSRP,ZCV,ZPP,688,6NR",,,"Sep 13, 2011",,,,,,,,,,,
B44 - Valencia Orange Metallic,,LWNZ - Unknown Upholstery Code,,WBSUR9C55BVS96571,,VS96571,"MSRP,ZCV,ZPP,494,655,688,6NR",,,"Sep 13, 2011",,,,,,,,,,,
300 - Alpine White,,LWNZ - Unknown Upholstery Code,,WBSUR9C57BVS96572,,VS96572,"MSRP,494,655",,,"Sep 14, 2011",,,,,,,,,,,
475 - Black Sapphire Metallic,,LWNZ - Unknown Upholstery Code,,WBSUR9C59BVS96573,,VS96573,"MSRP,ZCV,ZPP,494,655,688,6NR",,,"Sep 14, 2011",,,,,,,,,,,
,,LWNZ - Unknown Upholstery Code,,WBSUR9C50BVS96574,,VS96574,"MSRP,ZCV,ZPP,494,655,688,6NR",,,"Sep 14, 2011",,,,,,,,,,,
B44 - Valencia Orange Metallic,,LWNZ - Unknown Upholstery Code,,WBSUR9C52BVS96575,,VS96575,"MSRP,ZCV,ZPP,494,655,688,6NR",,,"Sep 14, 2011",,,,,,,,,,,
B44 - Valencia Orange Metallic,,LWNZ - Unknown Upholstery Code,,WBSUR9C54BVS96576,,VS96576,"MSRP,ZCV,ZPP,494,655,688,6NR",,,"Sep 14, 2011",,,,,,,,,,,
475 - Black Sapphire Metallic,,LWNZ - Unknown Upholstery Code,,WBSUR9C56BVS96577,,VS96577,"MSRP,ZCV,ZPP,494,655,688",,,"Sep 14, 2011",,,,,,,,,,,
300 - Alpine White,,LWNZ - Unknown Upholstery Code,,WBSUR9C58BVS96578,,VS96578,"MSRP,ZCV,ZPP,494,655,688",,,"Sep 14, 2011",,,,,,,,,,,
300 - Alpine White,,LWNZ - Unknown Upholstery Code,,WBSUR9C5XBVS96579,,VS96579,"MSRP,494,688",,,"Sep 15, 2011",,,,,,,,,,,
300 - Alpine White,,LWNZ - Unknown Upholstery Code,,WBSUR9C56BVS96580,,VS96580,"MSRP,655,688",,,"Sep 15, 2011",,,,,,,,,,,
300 - Alpine White,,LWNZ - Unknown Upholstery Code,,WBSUR9C58BVS96581,,VS96581,"MSRP,688",,,"Sep 16, 2011",,,,,,,,,,,
B44 - Valencia Orange Metallic,,LWNZ - Unknown Upholstery Code,,WBSUR9C5XBVS96582,,VS96582,"MSRP,494,6NR",,,"Sep 16, 2011",,,,,,,,,,,
300 - Alpine White,,LWNZ - Unknown Upholstery Code,,WBSUR9C51BVS96583,,VS96583,"MSRP,ZCV,ZPP,494,688",,,"Sep 16, 2011",,,,,,,,,,,
B44 - Valencia Orange Metallic,,LWNZ - Unknown Upholstery Code,,WBSUR9C53BVS96584,,VS96584,"MSRP,ZCV,ZPP,494,655,688,6NR",,,"Sep 16, 2011",,,,,,,,,,,
B44 - Valencia Orange Metallic,,LWNZ - Unknown Upholstery Code,,WBSUR9C55BVS96585,,VS96585,"MSRP,ZPP,655,688",,,"Sep 16, 2011",,,,,,,,,,,
300 - Alpine White,,LWNZ - Unknown Upholstery Code,,WBSUR9C57BVS96586,,VS96586,"MSRP,ZPP,494",,,"Sep 16, 2011",,,,,,,,,,,
B44 - Valencia Orange Metallic,,LWNZ - Unknown Upholstery Code,,WBSUR9C59BVS96587,,VS96587,"MSRP,494",,,"Sep 17, 2011",,,,,,,,,,,
B44 - Valencia Orange Metallic,,LWNZ - Unknown Upholstery Code,,WBSUR9C50BVS96588,,VS96588,"MSRP,ZCV,ZPP,688,6NR",,,"Sep 17, 2011",,,,,,,,,,,
B44 - Valencia Orange Metallic,,LWNZ - Unknown Upholstery Code,,WBSUR9C52BVS96589,,VS96589,"MSRP,ZPP,494,688",,,"Sep 17, 2011",,,,,,,,,,,
B44 - Valencia Orange Metallic,,LWNZ - Unknown Upholstery Code,,WBSUR9C59BVS96590,,VS96590,"MSRP,ZCV,ZPP,494,688",,,"Sep 17, 2011",,,,,,,,,,,
475 - Black Sapphire Metallic,,LWNZ - Unknown Upholstery Code,,WBSUR9C50BVS96591,,VS96591,"MSRP,ZPP,494,655",,,"Sep 17, 2011",,,,,,,,,,,
475 - Black Sapphire Metallic,,LWNZ - Unknown Upholstery Code,,WBSUR9C52BVS96592,,VS96592,"MSRP,ZPP",,,"Sep 17, 2011",,,,,,,,,,,
B44 - Valencia Orange Metallic,,LWNZ - Unknown Upholstery Code,,WBSUR9C54BVS96593,,VS96593,"MSRP,ZPP,688",,,"Sep 17, 2011",,,,,,,,,,,
300 - Alpine White,,LWNZ - Unknown Upholstery Code,,WBSUR9C56BVS96594,,VS96594,MSRP,,,"Sep 17, 2011",,,,,,,,,,,
B44 - Valencia Orange Metallic,,LWNZ - Unknown Upholstery Code,,WBSUR9C58BVS96595,,VS96595,"MSRP,655",,,"Sep 17, 2011",,,,,,,,,,,
300 - Alpine White,,LWNZ - Unknown Upholstery Code,,WBSUR9C5XBVS96596,,VS96596,"MSRP,ZCV,ZPP,6NR",,,"Sep 17, 2011",,,,,,,,,,,
300 - Alpine White,,LWNZ - Unknown Upholstery Code,,WBSUR9C51BVS96597,,VS96597,"MSRP,494",,,"Sep 17, 2011",,,,,,,,,,,
300 - Alpine White,,LWNZ - Unknown Upholstery Code,,WBSUR9C53BVS96598,,VS96598,MSRP,,,"Sep 17, 2011",,,,,,,,,,,
B44 - Valencia Orange Metallic,,LWNZ - Unknown Upholstery Code,,WBSUR9C55BVS96599,,VS96599,"MSRP,494",,,"Sep 17, 2011",,,,,,,,,,,
,,,,VIN SKIP,,,,,,,,,,,,,,,,,
300 - Alpine White,,LWNZ - Unknown Upholstery Code,,WBSUR9C51BVT47600,,VT47600,"MSRP,494",,,"Sep 17, 2011",,,,,,,,,,,
B44 - Valencia Orange Metallic,,LWNZ - Unknown Upholstery Code,,WBSUR9C53BVT47601,,VT47601,"MSRP,688",,,"Sep 17, 2011",,,,,,,,,,,
B44 - Valencia Orange Metallic,,LWNZ - Unknown Upholstery Code,,WBSUR9C55BVT47602,,VT47602,"MSRP,494,688",,,"Sep 19, 2011",,,,,,,,,,,
B44 - Valencia Orange Metallic,,LWNZ - Unknown Upholstery Code,,WBSUR9C57BVT47603,,VT47603,"MSRP,494,688",,,"Sep 19, 2011",,,,,,,,,,,
300 - Alpine White,,LWNZ - Unknown Upholstery Code,,WBSUR9C59BVT47604,,VT47604,"MSRP,ZPP,494,655,688",,,"Sep 19, 2011",,,,,,,,,,,
300 - Alpine White,,LWNZ - Unknown Upholstery Code,,WBSUR9C50BVT47605,,VT47605,MSRP,,,"Sep 19, 2011",,,,,,,,,,,
475 - Black Sapphire Metallic,,LWNZ - Unknown Upholstery Code,,WBSUR9C52BVT47606,,VT47606,"MSRP,ZCV,ZPP,494,655,688,6NR",,,"Sep 19, 2011",,,,,,,,,,,
475 - Black Sapphire Metallic,,LWNZ - Unknown Upholstery Code,,WBSUR9C54BVT47607,,VT47607,"MSRP,ZPP,494",,,"Sep 19, 2011",,,,,,,,,,,
B44 - Valencia Orange Metallic,,LWNZ - Unknown Upholstery Code,,WBSUR9C56BVT47608,,VT47608,"MSRP,ZCV,ZPP,494,655,688,6NR",,,"Sep 19, 2011",,,,,,,,,,,
475 - Black Sapphire Metallic,,LWNZ - Unknown Upholstery Code,,WBSUR9C58BVT47609,,VT47609,"MSRP,ZCV,ZPP,494,655,688,6NR",,,"Sep 19, 2011",,,,,,,,,,,
B44 - Valencia Orange Metallic,,LWNZ - Unknown Upholstery Code,,WBSUR9C54BVT47610,,VT47610,"MSRP,ZCV,ZPP,494,655,688,6NR",,,"Sep 19, 2011",,,,,,,,,,,
B44 - Valencia Orange Metallic,,LWNZ - Unknown Upholstery Code,,WBSUR9C56BVT47611,,VT47611,"MSRP,ZCV,ZPP,494,655,688,6NR",,,"Sep 19, 2011",,,,,,,,,,,
300 - Alpine White,,LWNZ - Unknown Upholstery Code,,WBSUR9C58BVT47612,,VT47612,"MSRP,494,655",,,"Sep 20, 2011",,,,,,,,,,,
B44 - Valencia Orange Metallic,,LWNZ - Unknown Upholstery Code,,WBSUR9C5XBVT47613,,VT47613,"MSRP,ZCV,ZPP,494,655,688,6NR",,,"Sep 20, 2011",,,,,,,,,,,
300 - Alpine White,,LWNZ - Unknown Upholstery Code,,WBSUR9C51BVT47614,,VT47614,MSRP,,,"Sep 20, 2011",,,,,,,,,,,
300 - Alpine White,,LWNZ - Unknown Upholstery Code,,WBSUR9C53BVT47615,,VT47615,MSRP,,,"Sep 20, 2011",,,,,,,,,,,
300 - Alpine White,,LWNZ - Unknown Upholstery Code,,WBSUR9C55BVT47616,,VT47616,"MSRP,ZCV,ZPP,494,688,6NR",,,"Sep 20, 2011",,,,,,,,,,,
B44 - Valencia Orange Metallic,,LWNZ - Unknown Upholstery Code,,WBSUR9C57BVT47617,,VT47617,"MSRP,494,688",,,"Sep 20, 2011",,,,,,,,,,,
300 - Alpine White,,LWNZ - Unknown Upholstery Code,,WBSUR9C59BVT47618,,VT47618,"MSRP,ZCV,ZPP,494,655,688,6NR",,,"Sep 20, 2011",,,,,,,,,,,
475 - Black Sapphire Metallic,,LWNZ - Unknown Upholstery Code,,WBSUR9C50BVT47619,,VT47619,"MSRP,ZCV,ZPP,494,655,688,6NR",,,"Sep 20, 2011",,,,,,,,,,,
300 - Alpine White,,LWNZ - Unknown Upholstery Code,,WBSUR9C57BVT47620,,VT47620,"MSRP,ZCV,ZPP,494,655,688",,,"Sep 20, 2011",,,,,,,,,,,
475 - Black Sapphire Metallic,,LWNZ - Unknown Upholstery Code,,WBSUR9C59BVT47621,,VT47621,"MSRP,ZCV,ZPP,494,655,688",,,"Sep 20, 2011",,,,,,,,,,,
B44 - Valencia Orange Metallic,,LWNZ - Unknown Upholstery Code,,WBSUR9C50BVT47622,,VT47622,"MSRP,ZCV,ZPP,655,688,6NR",,,"Sep 20, 2011",,,,,,,,,,,
300 - Alpine White,,LWNZ - Unknown Upholstery Code,,WBSUR9C52BVT47623,,VT47623,"MSRP,ZCV,ZPP,494,688",,,"Sep 20, 2011",,,,,,,,,,,
B44 - Valencia Orange Metallic,,LWNZ - Unknown Upholstery Code,,WBSUR9C54BVT47624,,VT47624,"MSRP,ZCV,ZPP,494,655,688,6NR",,,"Sep 21, 2011",,,,,,,,,,,
B44 - Valencia Orange Metallic,,LWNZ - Unknown Upholstery Code,,WBSUR9C56BVT47625,,VT47625,"MSRP,ZCV,ZPP,494,655,688,6NR",,,"Sep 21, 2011",,,,,,,,,,,
475 - Black Sapphire Metallic,,LWNZ - Unknown Upholstery Code,,WBSUR9C58BVT47626,,VT47626,"MSRP,ZCV,ZPP,494,655,688,6NR",,,"Sep 21, 2011",,,,,,,,,,,
B44 - Valencia Orange Metallic,,LWNZ - Unknown Upholstery Code,,WBSUR9C5XBVT47627,,VT47627,"MSRP,ZCV,ZPP,494,688,6NR",,,"Sep 21, 2011",,,,,,,,,,,
300 - Alpine White,,LWNZ - Unknown Upholstery Code,,WBSUR9C51BVT47628,,VT47628,"MSRP,494,655",,,"Sep 21, 2011",,,,,,,,,,,
B44 - Valencia Orange Metallic,,LWNZ - Unknown Upholstery Code,,WBSUR9C53BVT47629,,VT47629,"MSRP,ZCV,ZPP,494,655,688,6NR",,,"Sep 21, 2011",,,,,,,,,,,
B44 - Valencia Orange Metallic,,LWNZ - Unknown Upholstery Code,,WBSUR9C5XBVT47630,,VT47630,"MSRP,ZCV,ZPP,494,688",,,"Sep 26, 2011",,,,,,,,,,,
300 - Alpine White,,LWNZ - Unknown Upholstery Code,,WBSUR9C51BVT47631,,VT47631,"MSRP,494,688",,,"Sep 24, 2011",,,,,,,,,,,
B44 - Valencia Orange Metallic,,LWNZ - Unknown Upholstery Code,,WBSUR9C53BVT47632,,VT47632,"MSRP,ZPP,494,655",,,"Sep 24, 2011",,,,,,,,,,,
300 - Alpine White,,LWNZ - Unknown Upholstery Code,,WBSUR9C55BVT47633,,VT47633,"MSRP,ZPP,494,688",,,"Sep 26, 2011",,,,,,,,,,,
300 - Alpine White,,LWNZ - Unknown Upholstery Code,,WBSUR9C57BVT47634,,VT47634,"MSRP,494,655",,,"Sep 26, 2011",,,,,,,,,,,
B44 - Valencia Orange Metallic,,LWNZ - Unknown Upholstery Code,,WBSUR9C59BVT47635,,VT47635,"MSRP,688",,,"Sep 26, 2011",,,,,,,,,,,
300 - Alpine White,,LWNZ - Unknown Upholstery Code,,WBSUR9C50BVT47636,,VT47636,"MSRP,655,688",,,"Sep 26, 2011",,,,,,,,,,,
B44 - Valencia Orange Metallic,,LWNZ - Unknown Upholstery Code,,WBSUR9C52BVT47637,,VT47637,MSRP,,,"Sep 26, 2011",,,,,,,,,,,
300 - Alpine White,,LWNZ - Unknown Upholstery Code,,WBSUR9C54BVT47638,,VT47638,"MSRP,494",,,"Sep 26, 2011",,,,,,,,,,,
475 - Black Sapphire Metallic,,LWNZ - Unknown Upholstery Code,,WBSUR9C56BVT47639,,VT47639,"MSRP,494",,,"Sep 26, 2011",,,,,,,,,,,
B44 - Valencia Orange Metallic,,LWNZ - Unknown Upholstery Code,,WBSUR9C52BVT47640,,VT47640,"MSRP,ZCV,ZPP,494,688,6NR",,,"Sep 27, 2011",,,,,,,,,,,
300 - Alpine White,,LWNZ - Unknown Upholstery Code,,WBSUR9C54BVT47641,,VT47641,"MSRP,ZCV,ZPP,494,655,688,6NR",,,"Sep 27, 2011",,,,,,,,,,,
B44 - Valencia Orange Metallic,,LWNZ - Unknown Upholstery Code,,WBSUR9C56BVT47642,,VT47642,"MSRP,ZCV,ZPP,494,655,688,6NR",,,"Sep 27, 2011",,,,,,,,,,,
300 - Alpine White,,LWNZ - Unknown Upholstery Code,,WBSUR9C58BVT47643,,VT47643,"MSRP,ZCV,ZPP,494,655,688,6NR",,,"Sep 27, 2011",,,,,,,,,,,
300 - Alpine White,,LWNZ - Unknown Upholstery Code,,WBSUR9C5XBVT47644,,VT47644,"MSRP,ZPP,494,688",,,"Sep 27, 2011",,,,,,,,,,,
B44 - Valencia Orange Metallic,,LWNZ - Unknown Upholstery Code,,WBSUR9C51BVT47645,,VT47645,"MSRP,ZCV,ZPP,494,655,688",,,"Sep 27, 2011",,,,,,,,,,,
300 - Alpine White,,LWNZ - Unknown Upholstery Code,,WBSUR9C53BVT47646,,VT47646,"MSRP,ZCV,ZPP,494,688,6NR",,,"Sep 27, 2011",,,,,,,,,,,
B44 - Valencia Orange Metallic,,LWNZ - Unknown Upholstery Code,,WBSUR9C55BVT47647,,VT47647,"MSRP,ZCV,ZPP,494,655,6NR",,,"Sep 27, 2011",,,,,,,,,,,
B44 - Valencia Orange Metallic,,LWNZ - Unknown Upholstery Code,,WBSUR9C57BVT47648,,VT47648,"MSRP,ZCV,ZPP,655,688",,,"Sep 27, 2011",,,,,,,,,,,
300 - Alpine White,,LWNZ - Unknown Upholstery Code,,WBSUR9C59BVT47649,,VT47649,"MSRP,ZCV,ZPP,494,655,688,6NR",,,"Sep 27, 2011",,,,,,,,,,,
B44 - Valencia Orange Metallic,,LWNZ - Unknown Upholstery Code,,WBSUR9C55BVT47650,,VT47650,"MSRP,ZCV,ZPP,494,655,688,6NR",,,"Sep 27, 2011",,,,,,,,,,,
300 - Alpine White,,LWNZ - Unknown Upholstery Code,,WBSUR9C57BVT47651,,VT47651,"MSRP,ZCV,ZPP,494,688",,,"Sep 27, 2011",,,,,,,,,,,
300 - Alpine White,,LWNZ - Unknown Upholstery Code,,WBSUR9C59BVT47652,,VT47652,"MSRP,ZCV,ZPP,494,655,688,6NR",,,"Sep 27, 2011",,,,,,,,,,,
300 - Alpine White,,LWNZ - Unknown Upholstery Code,,WBSUR9C50BVT47653,,VT47653,"MSRP,ZCV,ZPP,494,655,688,6NR",,,"Sep 27, 2011",,,,,,,,,,,
300 - Alpine White,,LWNZ - Unknown Upholstery Code,,WBSUR9C52BVT47654,,VT47654,"MSRP,ZCV,ZPP,494,655,688,6NR",,,"Sep 27, 2011",,,,,,,,,,,
B44 - Valencia Orange Metallic,,LWNZ - Unknown Upholstery Code,,WBSUR9C54BVT47655,,VT47655,"MSRP,ZCV,ZPP,494,655,688",,,"Sep 27, 2011",,,,,,,,,,,
475 - Black Sapphire Metallic,,LWNZ - Unknown Upholstery Code,,WBSUR9C56BVT47656,,VT47656,"MSRP,ZCV,ZPP,494,655,688,6NR",,,"Sep 27, 2011",,,,,,,,,,,
300 - Alpine White,,LWNZ - Unknown Upholstery Code,,WBSUR9C58BVT47657,,VT47657,"MSRP,494,655",,,"Sep 27, 2011",,,,,,,,,,,
475 - Black Sapphire Metallic,,LWNZ - Unknown Upholstery Code,,WBSUR9C5XBVT47658,,VT47658,"MSRP,ZCV,ZPP,494,655,688,6NR",,,"Sep 28, 2011",,,,,,,,,,,
B44 - Valencia Orange Metallic,,LWNZ - Unknown Upholstery Code,,WBSUR9C51BVT47659,,VT47659,"MSRP,ZCV,ZPP,494,688,6NR",,,"Sep 28, 2011",,,,,,,,,,,
B44 - Valencia Orange Metallic,,LWNZ - Unknown Upholstery Code,,WBSUR9C58BVT47660,,VT47660,"MSRP,ZCV,ZPP,494,655,688,6NR",,,"Sep 28, 2011",,,,,,,,,,,
300 - Alpine White,,LWNZ - Unknown Upholstery Code,,WBSUR9C5XBVT47661,,VT47661,"MSRP,ZCV,ZPP,494,688,6NR",,,"Sep 28, 2011",,,,,,,,,,,
B44 - Valencia Orange Metallic,,LWNZ - Unknown Upholstery Code,,WBSUR9C51BVT47662,,VT47662,"MSRP,ZCV,ZPP,494,655,688,6NR",,,"Sep 28, 2011",,,,,,,,,,,
475 - Black Sapphire Metallic,,LWNZ - Unknown Upholstery Code,,WBSUR9C53BVT47663,,VT47663,"MSRP,ZCV,ZPP,494,655",,,"Sep 28, 2011",,,,,,,,,,,
300 - Alpine White,,LWNZ - Unknown Upholstery Code,,WBSUR9C55BVT47664,,VT47664,"MSRP,ZCV,ZPP",,,"Sep 28, 2011",,,,,,,,,,,
300 - Alpine White,,LWNZ - Unknown Upholstery Code,,WBSUR9C57BVT47665,,VT47665,"MSRP,494",,,"Sep 30, 2011",,,,,,,,,,,
300 - Alpine White,,LWNZ - Unknown Upholstery Code,,WBSUR9C59BVT47666,,VT47666,"MSRP,688",,,"Sep 30, 2011",,,,,,,,,,,
475 - Black Sapphire Metallic,,LWNZ - Unknown Upholstery Code,,WBSUR9C50BVT47667,,VT47667,"MSRP,688",,,"Oct 1, 2011",,,,,,,,,,,
300 - Alpine White,,LWNZ - Unknown Upholstery Code,,WBSUR9C52BVT47668,,VT47668,"MSRP,655",,,"Oct 1, 2011",,,,,,,,,,,
B44 - Valencia Orange Metallic,,LWNZ - Unknown Upholstery Code,,WBSUR9C54BVT47669,,VT47669,"MSRP,494,688",,,"Oct 1, 2011",,,,,,,,,,,
B44 - Valencia Orange Metallic,,LWNZ - Unknown Upholstery Code,,WBSUR9C50BVT47670,,VT47670,"MSRP,494,655,688",,,"Oct 1, 2011",,,,,,,,,,,
300 - Alpine White,,LWNZ - Unknown Upholstery Code,,WBSUR9C52BVT47671,,VT47671,"MSRP,655,688",,,"Oct 1, 2011",,,,,,,,,,,
300 - Alpine White,,LWNZ - Unknown Upholstery Code,,WBSUR9C54BVT47672,,VT47672,"MSRP,494",,,"Oct 1, 2011",,,,,,,,,,,
475 - Black Sapphire Metallic,,LWNZ - Unknown Upholstery Code,,WBSUR9C56BVT47673,,VT47673,"MSRP,ZPP,494,655,688",,,"Oct 1, 2011",,,,,,,,,,,
475 - Black Sapphire Metallic,,LWNZ - Unknown Upholstery Code,,WBSUR9C58BVT47674,,VT47674,"MSRP,494,688",,,"Oct 1, 2011",,,,,,,,,,,
B44 - Valencia Orange Metallic,,LWNZ - Unknown Upholstery Code,,WBSUR9C5XBVT47675,,VT47675,MSRP,,,"Oct 1, 2011",,,,,,,,,,,
475 - Black Sapphire Metallic,,LWNZ - Unknown Upholstery Code,,WBSUR9C51BVT47676,,VT47676,"MSRP,494",,,"Oct 1, 2011",,,,,,,,,,,
300 - Alpine White,,LWNZ - Unknown Upholstery Code,,WBSUR9C53BVT47677,,VT47677,"MSRP,ZCV,ZPP,688,6NR",,,"Oct 1, 2011",,,,,,,,,,,
B44 - Valencia Orange Metallic,,LWNZ - Unknown Upholstery Code,,WBSUR9C55BVT47678,,VT47678,"MSRP,ZPP,688",,,"Oct 1, 2011",,,,,,,,,,,
300 - Alpine White,,LWNZ - Unknown Upholstery Code,,WBSUR9C57BVT47679,,VT47679,"MSRP,ZCV,ZPP,494,655,688,6NR",,,"Oct 4, 2011",,,,,,,,,,,
B44 - Valencia Orange Metallic,,LWNZ - Unknown Upholstery Code,,WBSUR9C53BVT47680,,VT47680,"MSRP,ZCV,ZPP,494,655,688,6NR",,,"Oct 4, 2011",,,,,,,,,,,
300 - Alpine White,,LWNZ - Unknown Upholstery Code,,WBSUR9C55BVT47681,,VT47681,"MSRP,ZCV,ZPP,688,6NR",,,"Oct 4, 2011",,,,,,,,,,,
300 - Alpine White,,LWNZ - Unknown Upholstery Code,,WBSUR9C57BVT47682,,VT47682,"MSRP,ZCV,ZPP,494,688",,,"Oct 4, 2011",,,,,,,,,,,
B44 - Valencia Orange Metallic,,LWNZ - Unknown Upholstery Code,,WBSUR9C59BVT47683,,VT47683,"MSRP,ZCV,ZPP,494,655,6NR",,,"Oct 4, 2011",,,,,,,,,,,
B44 - Valencia Orange Metallic,,LWNZ - Unknown Upholstery Code,,WBSUR9C50BVT47684,,VT47684,"MSRP,ZCV,ZPP,655,688,6NR",,,"Oct 4, 2011",,,,,,,,,,,
475 - Black Sapphire Metallic,,LWNZ - Unknown Upholstery Code,,WBSUR9C52BVT47685,,VT47685,"MSRP,ZCV,ZPP,494,655,688,6NR",,,"Oct 4, 2011",,,,,,,,,,,
475 - Black Sapphire Metallic,,LWNZ - Unknown Upholstery Code,,WBSUR9C54BVT47686,,VT47686,"MSRP,ZCV,ZPP,494,655,688,6NR",,,"Oct 4, 2011",,,,,,,,,,,
B44 - Valencia Orange Metallic,,LWNZ - Unknown Upholstery Code,,WBSUR9C56BVT47687,,VT47687,"MSRP,ZCV,ZPP,494,655,688,6NR",,,"Oct 4, 2011",,,,,,,,,,,
300 - Alpine White,,LWNZ - Unknown Upholstery Code,,WBSUR9C58BVT47688,,VT47688,"MSRP,494,655",,,"Oct 4, 2011",,,,,,,,,,,
B44 - Valencia Orange Metallic,,LWNZ - Unknown Upholstery Code,,WBSUR9C5XBVT47689,,VT47689,"MSRP,ZCV,ZPP,688,6NR",,,"Oct 4, 2011",,,,,,,,,,,
B44 - Valencia Orange Metallic,,LWNZ - Unknown Upholstery Code,,WBSUR9C56BVT47690,,VT47690,"MSRP,ZCV,ZPP,494,655,688,6NR",,,"Oct 4, 2011",,,,,,,,,,,
B44 - Valencia Orange Metallic,,LWNZ - Unknown Upholstery Code,,WBSUR9C58BVT47691,,VT47691,"MSRP,ZCV,ZPP,494,655",,,"Oct 4, 2011",,,,,,,,,,,
300 - Alpine White,,LWNZ - Unknown Upholstery Code,,WBSUR9C5XBVT47692,,VT47692,"MSRP,ZCV,ZPP,494,655,688,6NR",,,"Oct 4, 2011",,,,,,,,,,,
B44 - Valencia Orange Metallic,,LWNZ - Unknown Upholstery Code,,WBSUR9C51BVT47693,,VT47693,"MSRP,ZCV,ZPP,494,655,688,6NR",,,"Oct 4, 2011",,,,,,,,,,,
475 - Black Sapphire Metallic,,LWNZ - Unknown Upholstery Code,,WBSUR9C53BVT47694,,VT47694,"MSRP,ZCV,ZPP,655,688,6NR",,,"Oct 5, 2011",,,,,,,,,,,
B44 - Valencia Orange Metallic,,LWNZ - Unknown Upholstery Code,,WBSUR9C55BVT47695,,VT47695,"MSRP,ZCV,ZPP,494,655,688,6NR",,,"Oct 5, 2011",,,,,,,,,,,
B44 - Valencia Orange Metallic,,LWNZ - Unknown Upholstery Code,,WBSUR9C57BVT47696,,VT47696,"MSRP,ZCV,ZPP,494,688,6NR",,,"Oct 5, 2011",,,,,,,,,,,
B44 - Valencia Orange Metallic,,LWNZ - Unknown Upholstery Code,,WBSUR9C59BVT47697,,VT47697,"MSRP,ZCV,ZPP,494,655,688,6NR",,,"Oct 5, 2011",,,,,,,,,,,
B44 - Valencia Orange Metallic,,LWNZ - Unknown Upholstery Code,,WBSUR9C50BVT47698,,VT47698,"MSRP,ZCV,ZPP,494,655,688",,,"Oct 5, 2011",,,,,,,,,,,
300 - Alpine White,,LWNZ - Unknown Upholstery Code,,WBSUR9C52BVT47699,,VT47699,"MSRP,ZCV,ZPP,494,655,688",,,"Oct 5, 2011",,,,,,,,,,,
B44 - Valencia Orange Metallic,,LWNZ - Unknown Upholstery Code,,WBSUR9C55BVT47700,,VT47700,"MSRP,ZCV,ZPP,494,655,688",,,"Oct 5, 2011",,,,,,,,,,,
B44 - Valencia Orange Metallic,,LWNZ - Unknown Upholstery Code,,WBSUR9C57BVT47701,,VT47701,"MSRP,ZCV,ZPP,688,6NR",,,"Oct 5, 2011",,,,,,,,,,,
300 - Alpine White,,LWNZ - Unknown Upholstery Code,,WBSUR9C59BVT47702,,VT47702,"MSRP,ZCV,ZPP,494,655,688,6NR",,,"Oct 5, 2011",,,,,,,,,,,
300 - Alpine White,,LWNZ - Unknown Upholstery Code,,WBSUR9C50BVT47703,,VT47703,"MSRP,688",,,"Oct 10, 2011",,,,,,,,,,,
475 - Black Sapphire Metallic,,LWNZ - Unknown Upholstery Code,,WBSUR9C52BVT47704,,VT47704,"MSRP,494,655,688",,,"Oct 10, 2011",,,,,,,,,,,
475 - Black Sapphire Metallic,,LWNZ - Unknown Upholstery Code,,WBSUR9C54BVT47705,,VT47705,"MSRP,688",,,"Oct 10, 2011",,,,,,,,,,,
475 - Black Sapphire Metallic,,LWNZ - Unknown Upholstery Code,,WBSUR9C56BVT47706,,VT47706,"MSRP,494,688",,,"Oct 10, 2011",,,,,,,,,,,
300 - Alpine White,,LWNZ - Unknown Upholstery Code,,WBSUR9C58BVT47707,,VT47707,"MSRP,ZPP,688",,,"Oct 10, 2011",,,,,,,,,,,
B44 - Valencia Orange Metallic,,LWNZ - Unknown Upholstery Code,,WBSUR9C5XBVT47708,,VT47708,"MSRP,688",,,"Oct 10, 2011",,,,,,,,,,,
475 - Black Sapphire Metallic,,LWNZ - Unknown Upholstery Code,,WBSUR9C51BVT47709,,VT47709,"MSRP,494,688",,,"Oct 10, 2011",,,,,,,,,,,
B44 - Valencia Orange Metallic,,LWNZ - Unknown Upholstery Code,,WBSUR9C58BVT47710,,VT47710,"MSRP,ZCV,ZPP,494,655,688,6NR",,,"Oct 10, 2011",,,,,,,,,,,
B44 - Valencia Orange Metallic,,LWNZ - Unknown Upholstery Code,,WBSUR9C5XBVT47711,,VT47711,MSRP,,,"Oct 10, 2011",,,,,,,,,,,
300 - Alpine White,,LWNZ - Unknown Upholstery Code,,WBSUR9C51BVT47712,,VT47712,MSRP,,,"Oct 10, 2011",,,,,,,,,,,
475 - Black Sapphire Metallic,,LWNZ - Unknown Upholstery Code,,WBSUR9C53BVT47713,,VT47713,"MSRP,494",,,"Oct 10, 2011",,,,,,,,,,,
B44 - Valencia Orange Metallic,,LWNZ - Unknown Upholstery Code,,WBSUR9C55BVT47714,,VT47714,"MSRP,ZPP,494,655",,,"Oct 10, 2011",,,,,,,,,,,
475 - Black Sapphire Metallic,,LWNZ - Unknown Upholstery Code,,WBSUR9C57BVT47715,,VT47715,"MSRP,ZCV,ZPP,494,688,6NR",,,"Oct 10, 2011",,,,,,,,,,,
300 - Alpine White,,LWNZ - Unknown Upholstery Code,,WBSUR9C59BVT47716,,VT47716,"MSRP,ZPP,688",,,"Oct 10, 2011",,,,,,,,,,,
B44 - Valencia Orange Metallic,,LWNZ - Unknown Upholstery Code,,WBSUR9C50BVT47717,,VT47717,"MSRP,ZPP,494,688",,,"Oct 10, 2011",,,,,,,,,,,
B44 - Valencia Orange Metallic,,LWNZ - Unknown Upholstery Code,,WBSUR9C52BVT47718,,VT47718,"MSRP,ZCV,ZPP,494,655,688,6NR",,,"Oct 10, 2011",,,,,,,,,,,
B44 - Valencia Orange Metallic,,LWNZ - Unknown Upholstery Code,,WBSUR9C54BVT47719,,VT47719,"MSRP,ZPP,494,688",,,"Oct 10, 2011",,,,,,,,,,,
300 - Alpine White,,LWNZ - Unknown Upholstery Code,,WBSUR9C50BVT47720,,VT47720,"MSRP,ZCV,ZPP,494,655,688,6NR",,,"Oct 10, 2011",,,,,,,,,,,
B44 - Valencia Orange Metallic,,LWNZ - Unknown Upholstery Code,,WBSUR9C52BVT47721,,VT47721,"MSRP,ZCV,ZPP,494,655,688,6NR",,,"Oct 11, 2011",,,,,,,,,,,
300 - Alpine White,,LWNZ - Unknown Upholstery Code,,WBSUR9C54BVT47722,,VT47722,"MSRP,ZCV,ZPP,494,655,688,6NR",,,"Oct 11, 2011",,,,,,,,,,,
300 - Alpine White,,LWNZ - Unknown Upholstery Code,,WBSUR9C56BVT47723,,VT47723,"MSRP,ZCV,ZPP,494,655,688,6NR",,,"Oct 11, 2011",,,,,,,,,,,
B44 - Valencia Orange Metallic,,LWNZ - Unknown Upholstery Code,,WBSUR9C58BVT47724,,VT47724,"MSRP,ZCV,ZPP,494,655,688,6NR",,,"Oct 11, 2011",,,,,,,,,,,
300 - Alpine White,,LWNZ - Unknown Upholstery Code,,WBSUR9C5XBVT47725,,VT47725,"MSRP,ZCV,ZPP,655",,,"Oct 11, 2011",,,,,,,,,,,
B44 - Valencia Orange Metallic,,LWNZ - Unknown Upholstery Code,,WBSUR9C51BVT47726,,VT47726,"MSRP,ZCV,ZPP,494,655,688,6NR",,,"Oct 11, 2011",,,,,,,,,,,
475 - Black Sapphire Metallic,,LWNZ - Unknown Upholstery Code,,WBSUR9C53BVT47727,,VT47727,"MSRP,ZCV,ZPP,494,655,688,6NR",,,"Oct 11, 2011",,,,,,,,,,,
B44 - Valencia Orange Metallic,,LWNZ - Unknown Upholstery Code,,WBSUR9C55BVT47728,,VT47728,"MSRP,ZCV,ZPP,494,688,6NR",,,"Oct 11, 2011",,,,,,,,,,,
475 - Black Sapphire Metallic,,LWNZ - Unknown Upholstery Code,,WBSUR9C57BVT47729,,VT47729,"MSRP,ZCV,ZPP,494,655,688,6NR",,,"Oct 11, 2011",,,,,,,,,,,
300 - Alpine White,,LWNZ - Unknown Upholstery Code,,WBSUR9C53BVT47730,,VT47730,"MSRP,ZCV,ZPP,655,688,6NR",,,"Oct 11, 2011",,,,,,,,,,,
B44 - Valencia Orange Metallic,,LWNZ - Unknown Upholstery Code,,WBSUR9C55BVT47731,,VT47731,"MSRP,ZCV,ZPP,494,655,688,6NR",,,"Oct 11, 2011",,,,,,,,,,,
B44 - Valencia Orange Metallic,,LWNZ - Unknown Upholstery Code,,WBSUR9C57BVT47732,,VT47732,"MSRP,ZCV,ZPP,494,655,688,6NR",,,"Oct 11, 2011",,,,,,,,,,,
B44 - Valencia Orange Metallic,,LWNZ - Unknown Upholstery Code,,WBSUR9C59BVT47733,,VT47733,"MSRP,ZCV,ZPP,494,655,688",,,"Oct 11, 2011",,,,,,,,,,,
B44 - Valencia Orange Metallic,,LWNZ - Unknown Upholstery Code,,WBSUR9C50BVT47734,,VT47734,"MSRP,ZCV,ZPP,494,655,688,6NR",,,"Oct 11, 2011",,,,,,,,,,,
475 - Black Sapphire Metallic,,LWNZ - Unknown Upholstery Code,,WBSUR9C52BVT47735,,VT47735,"MSRP,ZCV,ZPP,494,688,6NR",,,"Oct 11, 2011",,,,,,,,,,,
B44 - Valencia Orange Metallic,,LWNZ - Unknown Upholstery Code,,WBSUR9C54BVT47736,,VT47736,"MSRP,ZCV,ZPP,494,655,688,6NR",,,"Oct 11, 2011",,,,,,,,,,,
B44 - Valencia Orange Metallic,,LWNZ - Unknown Upholstery Code,,WBSUR9C56BVT47737,,VT47737,"MSRP,ZCV,ZPP,494,655,688,6NR",,,"Oct 12, 2011",,,,,,,,,,,
475 - Black Sapphire Metallic,,LWNZ - Unknown Upholstery Code,,WBSUR9C58BVT47738,,VT47738,"MSRP,ZCV,ZPP,494,655,688,6NR",,,"Oct 12, 2011",,,,,,,,,,,
300 - Alpine White,,LWNZ - Unknown Upholstery Code,,WBSUR9C5XBVT47739,,VT47739,"MSRP,ZCV,ZPP,494,655,688,6NR",,,"Oct 12, 2011",,,,,,,,,,,
B44 - Valencia Orange Metallic,,LWNZ - Unknown Upholstery Code,,WBSUR9C56BVT47740,,VT47740,"MSRP,ZCV,ZPP,494,655,688,6NR",,,"Oct 12, 2011",,,,,,,,,,,
B44 - Valencia Orange Metallic,,LWNZ - Unknown Upholstery Code,,WBSUR9C58BVT47741,,VT47741,"MSRP,ZCV,ZPP,494,688",,,"Oct 12, 2011",,,,,,,,,,,
B44 - Valencia Orange Metallic,,LWNZ - Unknown Upholstery Code,,WBSUR9C5XBVT47742,,VT47742,"MSRP,ZCV,ZPP,494,655,688,6NR",,,"Oct 12, 2011",,,,,,,,,,,
B44 - Valencia Orange Metallic,,LWNZ - Unknown Upholstery Code,,WBSUR9C51BVT47743,,VT47743,"MSRP,ZCV,ZPP,688",,,"Oct 12, 2011",,,,,,,,,,,
300 - Alpine White,,LWNZ - Unknown Upholstery Code,,WBSUR9C53BVT47744,,VT47744,"MSRP,ZCV,ZPP,494,655,688,6NR",,,"Oct 12, 2011",,,,,,,,,,,
475 - Black Sapphire Metallic,,LWNZ - Unknown Upholstery Code,,WBSUR9C55BVT47745,,VT47745,"MSRP,494",,,"Oct 14, 2011",,,,,,,,,,,
300 - Alpine White,,LWNZ - Unknown Upholstery Code,,WBSUR9C57BVT47746,,VT47746,"MSRP,ZCV,ZPP,494,655,688,6NR",,,"Oct 14, 2011",,,,,,,,,,,
475 - Black Sapphire Metallic,,LWNZ - Unknown Upholstery Code,,WBSUR9C59BVT47747,,VT47747,"MSRP,ZPP,494,688",,,"Oct 15, 2011",,,,,,,,,,,
300 - Alpine White,,LWNZ - Unknown Upholstery Code,,WBSUR9C50BVT47748,,VT47748,"MSRP,ZCV,ZPP,494,655,688",,,"Oct 15, 2011",,,,,,,,,,,
300 - Alpine White,,LWNZ - Unknown Upholstery Code,,WBSUR9C52BVT47749,,VT47749,"MSRP,ZCV,ZPP,494,688,6NR",,,"Oct 15, 2011",,,,,,,,,,,
B44 - Valencia Orange Metallic,,LWNZ - Unknown Upholstery Code,,WBSUR9C59BVT47750,,VT47750,"MSRP,ZCV,ZPP,494,655,688,6NR",,,"Oct 15, 2011",,,,,,,,,,,
475 - Black Sapphire Metallic,,LWNZ - Unknown Upholstery Code,,WBSUR9C50BVT47751,,VT47751,"MSRP,ZCV,ZPP,494,655,688,6NR",,,"Oct 15, 2011",,,,,,,,,,,
475 - Black Sapphire Metallic,,LWNZ - Unknown Upholstery Code,,WBSUR9C52BVT47752,,VT47752,"MSRP,ZCV,ZPP,494,655,688",,,"Oct 15, 2011",,,,,,,,,,,
475 - Black Sapphire Metallic,,LWNZ - Unknown Upholstery Code,,WBSUR9C54BVT47753,,VT47753,"MSRP,ZPP,494",,,"Oct 15, 2011",,,,,,,,,,,
475 - Black Sapphire Metallic,,LWNZ - Unknown Upholstery Code,,WBSUR9C56BVT47754,,VT47754,"MSRP,ZCV,ZPP,494,655,688,6NR",,,"Oct 15, 2011",,,,,,,,,,,
300 - Alpine White,,LWNZ - Unknown Upholstery Code,,WBSUR9C58BVT47755,,VT47755,"MSRP,ZCV,ZPP,494,655,688,6NR",,,"Oct 15, 2011",,,,,,,,,,,
300 - Alpine White,,LWNZ - Unknown Upholstery Code,,WBSUR9C5XBVT47756,,VT47756,"MSRP,ZCV,ZPP,494,655,688,6NR",,,"Oct 15, 2011",,,,,,,,,,,
475 - Black Sapphire Metallic,,LWNZ - Unknown Upholstery Code,,WBSUR9C51BVT47757,,VT47757,"MSRP,ZCV,ZPP,494,655,688",,,"Oct 17, 2011",,,,,,,,,,,
B44 - Valencia Orange Metallic,,LWNZ - Unknown Upholstery Code,,WBSUR9C53BVT47758,,VT47758,"MSRP,ZCV,ZPP,494,655,688,6NR",,,"Oct 17, 2011",,,,,,,,,,,
475 - Black Sapphire Metallic,,LWNZ - Unknown Upholstery Code,,WBSUR9C55BVT47759,,VT47759,"MSRP,ZCV,ZPP,494,688,6NR",,,"Oct 17, 2011",,,,,,,,,,,
475 - Black Sapphire Metallic,,LWNZ - Unknown Upholstery Code,,WBSUR9C51BVT47760,,VT47760,"MSRP,ZCV,ZPP,494,655,688,6NR",,,"Oct 17, 2011",,,,,,,,,,,
300 - Alpine White,,LWNZ - Unknown Upholstery Code,,WBSUR9C53BVT47761,,VT47761,"MSRP,ZCV,ZPP,688",,,"Oct 17, 2011",,,,,,,,,,,
475 - Black Sapphire Metallic,,LWNZ - Unknown Upholstery Code,,WBSUR9C55BVT47762,,VT47762,"MSRP,494",,,"Oct 17, 2011",,,,,,,,,,,
300 - Alpine White,,LWNZ - Unknown Upholstery Code,,WBSUR9C57BVT47763,,VT47763,"MSRP,494,655",,,"Oct 17, 2011",,,,,,,,,,,
B44 - Valencia Orange Metallic,,LWNZ - Unknown Upholstery Code,,WBSUR9C59BVT47764,,VT47764,"MSRP,ZCV,ZPP,494,655,688,6NR",,,"Oct 17, 2011",,,,,,,,,,,
300 - Alpine White,,LWNZ - Unknown Upholstery Code,,WBSUR9C50BVT47765,,VT47765,MSRP,,,"Oct 19, 2011",,,,,,,,,,,
300 - Alpine White,,LWNZ - Unknown Upholstery Code,,WBSUR9C52BVT47766,,VT47766,"MSRP,688",,,"Oct 19, 2011",,,,,,,,,,,
475 - Black Sapphire Metallic,,LWNZ - Unknown Upholstery Code,,WBSUR9C54BVT47767,,VT47767,"MSRP,ZPP,494",,,"Oct 19, 2011",,,,,,,,,,,
300 - Alpine White,,LWNZ - Unknown Upholstery Code,,WBSUR9C56BVT47768,,VT47768,"MSRP,ZPP,494,655,688",,,"Oct 19, 2011",,,,,,,,,,,
B44 - Valencia Orange Metallic,,LWNZ - Unknown Upholstery Code,,WBSUR9C58BVT47769,,VT47769,"MSRP,ZCV,ZPP,494,655,688,6NR",,,"Oct 19, 2011",,,,,,,,,,,
475 - Black Sapphire Metallic,,LWNZ - Unknown Upholstery Code,,WBSUR9C54BVT47770,,VT47770,"MSRP,ZPP,494,655,688",,,"Oct 19, 2011",,,,,,,,,,,
B44 - Valencia Orange Metallic,,LWNZ - Unknown Upholstery Code,,WBSUR9C56BVT47771,,VT47771,"MSRP,ZCV,ZPP,494,655,688,6NR",,,"Oct 19, 2011",,,,,,,,,,,
B44 - Valencia Orange Metallic,,LWNZ - Unknown Upholstery Code,,WBSUR9C58BVT47772,,VT47772,"MSRP,ZPP,494",,,"Oct 19, 2011",,,,,,,,,,,
475 - Black Sapphire Metallic,,LWNZ - Unknown Upholstery Code,,WBSUR9C5XBVT47773,,VT47773,"MSRP,ZPP,494,655,688",,,"Oct 20, 2011",,,,,,,,,,,
B44 - Valencia Orange Metallic,,LWNZ - Unknown Upholstery Code,,WBSUR9C51BVT47774,,VT47774,"MSRP,ZPP,655,688",,,"Oct 20, 2011",,,,,,,,,,,
B44 - Valencia Orange Metallic,,LWNZ - Unknown Upholstery Code,,WBSUR9C53BVT47775,,VT47775,"MSRP,ZPP,494,688",,,"Oct 20, 2011",,,,,,,,,,,
300 - Alpine White,,LWNZ - Unknown Upholstery Code,,WBSUR9C55BVT47776,,VT47776,"MSRP,ZPP,688",,,"Oct 20, 2011",,,,,,,,,,,
300 - Alpine White,,LWNZ - Unknown Upholstery Code,,WBSUR9C57BVT47777,,VT47777,"MSRP,ZCV,ZPP,494,688,6NR",,,"Oct 20, 2011",,,,,,,,,,,
300 - Alpine White,,LWNZ - Unknown Upholstery Code,,WBSUR9C59BVT47778,,VT47778,"MSRP,494,655",,,"Oct 20, 2011",,,,,,,,,,,
B44 - Valencia Orange Metallic,,LWNZ - Unknown Upholstery Code,,WBSUR9C50BVT47779,,VT47779,"MSRP,ZCV,ZPP,494,688,6NR",,,"Oct 21, 2011",,,,,,,,,,,
B44 - Valencia Orange Metallic,,LWNZ - Unknown Upholstery Code,,WBSUR9C57BVT47780,,VT47780,"MSRP,ZCV,ZPP,494,655,688,6NR",,,"Oct 21, 2011",,,,,,,,,,,
300 - Alpine White,,LWNZ - Unknown Upholstery Code,,WBSUR9C59BVT47781,,VT47781,"MSRP,ZCV,ZPP,494,688,6NR",,,"Oct 22, 2011",,,,,,,,,,,
475 - Black Sapphire Metallic,,LWNZ - Unknown Upholstery Code,,WBSUR9C50BVT47782,,VT47782,"MSRP,ZCV,ZPP,494,655,688,6NR",,,"Oct 22, 2011",,,,,,,,,,,
475 - Black Sapphire Metallic,,LWNZ - Unknown Upholstery Code,,WBSUR9C52BVT47783,,VT47783,"MSRP,ZCV,ZPP,494,655,688",,,"Oct 22, 2011",,,,,,,,,,,
B44 - Valencia Orange Metallic,,LWNZ - Unknown Upholstery Code,,WBSUR9C54BVT47784,,VT47784,"MSRP,ZCV,ZPP,494,688,6NR",,,"Oct 22, 2011",,,,,,,,,,,
300 - Alpine White,,LWNZ - Unknown Upholstery Code,,WBSUR9C56BVT47785,,VT47785,"MSRP,494,655",,,"Oct 22, 2011",,,,,,,,,,,
475 - Black Sapphire Metallic,,LWNZ - Unknown Upholstery Code,,WBSUR9C58BVT47786,,VT47786,"MSRP,ZCV,ZPP,494,655,688,6NR",,,"Oct 22, 2011",,,,,,,,,,,
475 - Black Sapphire Metallic,,LWNZ - Unknown Upholstery Code,,WBSUR9C5XBVT47787,,VT47787,"MSRP,ZCV,ZPP,688",,,"Oct 22, 2011",,,,,,,,,,,
300 - Alpine White,,LWNZ - Unknown Upholstery Code,,WBSUR9C51BVT47788,,VT47788,"MSRP,494,655",,,"Oct 22, 2011",,,,,,,,,,,
B44 - Valencia Orange Metallic,,LWNZ - Unknown Upholstery Code,,WBSUR9C53BVT47789,,VT47789,"MSRP,ZCV,ZPP,655,688,6NR",,,"Oct 22, 2011",,,,,,,,,,,
475 - Black Sapphire Metallic,,LWNZ - Unknown Upholstery Code,,WBSUR9C5XBVT47790,,VT47790,"MSRP,ZCV,ZPP,494,655,688,6NR",,,"Oct 22, 2011",,,,,,,,,,,
B44 - Valencia Orange Metallic,,LWNZ - Unknown Upholstery Code,,WBSUR9C51BVT47791,,VT47791,"MSRP,ZCV,ZPP,494,655,688,6NR",,,"Oct 22, 2011",,,,,,,,,,,
B44 - Valencia Orange Metallic,,LWNZ - Unknown Upholstery Code,,WBSUR9C53BVT47792,,VT47792,"MSRP,ZCV,ZPP,494,655,688,6NR",,,"Oct 22, 2011",,,,,,,,,,,
B44 - Valencia Orange Metallic,,LWNZ - Unknown Upholstery Code,,WBSUR9C55BVT47793,,VT47793,"MSRP,ZCV,ZPP,494,688,6NR",,,"Oct 22, 2011",,,,,,,,,,,
B44 - Valencia Orange Metallic,,LWNZ - Unknown Upholstery Code,,WBSUR9C57BVT47794,,VT47794,"MSRP,ZPP,494,655,688",,,"Oct 22, 2011",,,,,,,,,,,
B44 - Valencia Orange Metallic,,LWNZ - Unknown Upholstery Code,,WBSUR9C59BVT47795,,VT47795,"MSRP,ZCV,ZPP,494,655,688,6NR",,,"Oct 22, 2011",,,,,,,,,,,
300 - Alpine White,,LWNZ - Unknown Upholstery Code,,WBSUR9C50BVT47796,,VT47796,"MSRP,ZCV,ZPP,494,655,688",,,"Oct 22, 2011",,,,,,,,,,,
300 - Alpine White,,LWNZ - Unknown Upholstery Code,,WBSUR9C52BVT47797,,VT47797,"MSRP,ZCV,ZPP,655,688",,,"Oct 22, 2011",,,,,,,,,,,
B44 - Valencia Orange Metallic,,LWNZ - Unknown Upholstery Code,,WBSUR9C54BVT47798,,VT47798,"MSRP,ZCV,ZPP",,,"Oct 24, 2011",,,,,,,,,,,
B44 - Valencia Orange Metallic,,LWNZ - Unknown Upholstery Code,,WBSUR9C56BVT47799,,VT47799,"MSRP,ZPP,688",,,"Oct 24, 2011",,,,,,,,,,,
300 - Alpine White,,LWNZ - Unknown Upholstery Code,,WBSUR9C59BVT47800,,VT47800,"MSRP,ZCV,ZPP,655,688,6NR",,,"Oct 25, 2011",,,,,,,,,,,
B44 - Valencia Orange Metallic,,LWNZ - Unknown Upholstery Code,,WBSUR9C50BVT47801,,VT47801,"MSRP,494",,,"Oct 25, 2011",,,,,,,,,,,
300 - Alpine White,,LWNZ - Unknown Upholstery Code,,WBSUR9C52BVT47802,,VT47802,"MSRP,494",,,"Oct 25, 2011",,,,,,,,,,,
300 - Alpine White,,LWNZ - Unknown Upholstery Code,,WBSUR9C54BVT47803,,VT47803,"MSRP,494,655",,,"Oct 25, 2011",,,,,,,,,,,
475 - Black Sapphire Metallic,,LWNZ - Unknown Upholstery Code,,WBSUR9C56BVT47804,,VT47804,"MSRP,494,688",,,"Oct 25, 2011",,,,,,,,,,,
300 - Alpine White,,LWNZ - Unknown Upholstery Code,,WBSUR9C58BVT47805,,VT47805,"MSRP,494",,,"Oct 25, 2011",,,,,,,,,,,
475 - Black Sapphire Metallic,,LWNZ - Unknown Upholstery Code,,WBSUR9C5XBVT47806,,VT47806,"MSRP,ZCV,ZPP,494,655,688,6NR",,,"Oct 25, 2011",,,,,,,,,,,
300 - Alpine White,,LWNZ - Unknown Upholstery Code,,WBSUR9C51BVT47807,,VT47807,"MSRP,ZCV,ZPP,494,655,688,6NR",,,"Oct 25, 2011",,,,,,,,,,,
475 - Black Sapphire Metallic,,LWNZ - Unknown Upholstery Code,,WBSUR9C53BVT47808,,VT47808,"MSRP,ZCV,ZPP,494,655,688,6NR",,,"Oct 25, 2011",,,,,,,,,,,
300 - Alpine White,,LWNZ - Unknown Upholstery Code,,WBSUR9C55BVT47809,,VT47809,"MSRP,ZCV,ZPP,494,688,6NR",,,"Oct 25, 2011",,,,,,,,,,,
300 - Alpine White,,LWNZ - Unknown Upholstery Code,,WBSUR9C51BVT47810,,VT47810,"MSRP,ZCV,ZPP,494,655,688,6NR",,,"Oct 25, 2011",,,,,,,,,,,
475 - Black Sapphire Metallic,,LWNZ - Unknown Upholstery Code,,WBSUR9C53BVT47811,,VT47811,"MSRP,ZCV,ZPP,494,655,688,6NR",,,"Oct 25, 2011",,,,,,,,,,,
475 - Black Sapphire Metallic,,LWNZ - Unknown Upholstery Code,,WBSUR9C55BVT47812,,VT47812,"MSRP,ZCV,ZPP,494,655,688,6NR",,,"Oct 25, 2011",,,,,,,,,,,
475 - Black Sapphire Metallic,,LWNZ - Unknown Upholstery Code,,WBSUR9C57BVT47813,,VT47813,"MSRP,ZCV,ZPP,494,655,688",,,"Oct 25, 2011",,,,,,,,,,,
300 - Alpine White,,LWNZ - Unknown Upholstery Code,,WBSUR9C59BVT47814,,VT47814,"MSRP,ZCV,ZPP,494,655,688,6NR",,,"Oct 25, 2011",,,,,,,,,,,
300 - Alpine White,,LWNZ - Unknown Upholstery Code,,WBSUR9C50BVT47815,,VT47815,MSRP,,,"Oct 26, 2011",,,,,,,,,,,
B44 - Valencia Orange Metallic,,LWNZ - Unknown Upholstery Code,,WBSUR9C52BVT47816,,VT47816,"MSRP,ZCV,ZPP,494,655,688",,,"Oct 26, 2011",,,,,,,,,,,
475 - Black Sapphire Metallic,,LWNZ - Unknown Upholstery Code,,WBSUR9C54BVT47817,,VT47817,"MSRP,ZCV,ZPP,688,6NR",,,"Oct 26, 2011",,,,,,,,,,,
300 - Alpine White,,LWNZ - Unknown Upholstery Code,,WBSUR9C56BVT47818,,VT47818,"MSRP,ZCV,ZPP,494,655,688,6NR",,,"Oct 26, 2011",,,,,,,,,,,
475 - Black Sapphire Metallic,,LWNZ - Unknown Upholstery Code,,WBSUR9C58BVT47819,,VT47819,"MSRP,ZCV,ZPP,494,655,688,6NR",,,"Oct 26, 2011",,,,,,,,,,,
B44 - Valencia Orange Metallic,,LWNZ - Unknown Upholstery Code,,WBSUR9C54BVT47820,,VT47820,"MSRP,ZCV,ZPP,655,6NR",,,"Oct 26, 2011",,,,,,,,,,,
300 - Alpine White,,LWNZ - Unknown Upholstery Code,,WBSUR9C56BVT47821,,VT47821,"MSRP,ZCV,ZPP,494,655,688,6NR",,,"Oct 26, 2011",,,,,,,,,,,
300 - Alpine White,,LWNZ - Unknown Upholstery Code,,WBSUR9C58BVT47822,,VT47822,"MSRP,ZCV,ZPP,494,655,688,6NR",,,"Oct 26, 2011",,,,,,,,,,,
B44 - Valencia Orange Metallic,,LWNZ - Unknown Upholstery Code,,WBSUR9C5XBVT47823,,VT47823,"MSRP,ZCV,ZPP,494,655,688,6NR",,,"Oct 26, 2011",,,,,,,,,,,
B44 - Valencia Orange Metallic,,LWNZ - Unknown Upholstery Code,,WBSUR9C51BVT47824,,VT47824,"MSRP,ZCV,ZPP,494,655,688,6NR",,,"Oct 26, 2011",,,,,,,,,,,
B44 - Valencia Orange Metallic,,LWNZ - Unknown Upholstery Code,,WBSUR9C53BVT47825,,VT47825,"MSRP,ZCV,ZPP,494,688,6NR",,,"Oct 26, 2011",,,,,,,,,,,
B44 - Valencia Orange Metallic,,LWNZ - Unknown Upholstery Code,,WBSUR9C55BVT47826,,VT47826,"MSRP,ZCV,ZPP,494,655,688,6NR",,,"Oct 26, 2011",,,,,,,,,,,
300 - Alpine White,,LWNZ - Unknown Upholstery Code,,WBSUR9C57BVT47827,,VT47827,"MSRP,ZCV,ZPP,494,655,688,6NR",,,"Oct 26, 2011",,,,,,,,,,,
B44 - Valencia Orange Metallic,,LWNZ - Unknown Upholstery Code,,WBSUR9C59BVT47828,,VT47828,"MSRP,ZPP,494,655,688",,,"Oct 27, 2011",,,,,,,,,,,
475 - Black Sapphire Metallic,,LWNZ - Unknown Upholstery Code,,WBSUR9C50BVT47829,,VT47829,"MSRP,494",,,"Oct 27, 2011",,,,,,,,,,,
B44 - Valencia Orange Metallic,,LWNZ - Unknown Upholstery Code,,WBSUR9C57BVT47830,,VT47830,"MSRP,ZCV,ZPP,494,655,688,6NR",,,"Oct 27, 2011",,,,,,,,,,,
475 - Black Sapphire Metallic,,LWNZ - Unknown Upholstery Code,,WBSUR9C59BVT47831,,VT47831,"MSRP,ZCV,ZPP,494,655,688,6NR",,,"Oct 27, 2011",,,,,,,,,,,
B44 - Valencia Orange Metallic,,LWNZ - Unknown Upholstery Code,,WBSUR9C50BVT47832,,VT47832,"MSRP,ZCV,ZPP,688,6NR",,,"Oct 27, 2011",,,,,,,,,,,
B44 - Valencia Orange Metallic,,LWNZ - Unknown Upholstery Code,,WBSUR9C52BVT47833,,VT47833,"MSRP,ZCV,ZPP,494,655,688,6NR",,,"Oct 27, 2011",,,,,,,,,,,
B44 - Valencia Orange Metallic,,LWNZ - Unknown Upholstery Code,,WBSUR9C54BVT47834,,VT47834,"MSRP,ZCV,ZPP,494,688,6NR",,,"Oct 27, 2011",,,,,,,,,,,
B44 - Valencia Orange Metallic,,LWNZ - Unknown Upholstery Code,,WBSUR9C56BVT47835,,VT47835,"MSRP,ZCV,ZPP,494,655,688,6NR",,,"Oct 28, 2011",,,,,,,,,,,
475 - Black Sapphire Metallic,,LWNZ - Unknown Upholstery Code,,WBSUR9C58BVT47836,,VT47836,"MSRP,ZCV,ZPP,494,655,688",,,"Oct 28, 2011",,,,,,,,,,,
B44 - Valencia Orange Metallic,,LWNZ - Unknown Upholstery Code,,WBSUR9C5XBVT47837,,VT47837,"MSRP,ZCV,ZPP,494,655,688,6NR",,,"Nov 2, 2011",,,,,,,,,,,
B44 - Valencia Orange Metallic,,LWNZ - Unknown Upholstery Code,,WBSUR9C51BVT47838,,VT47838,"MSRP,ZCV,ZPP,494,655,688,6NR",,,"Nov 2, 2011",,,,,,,,,,,
300 - Alpine White,,LWNZ - Unknown Upholstery Code,,WBSUR9C53BVT47839,,VT47839,"MSRP,ZPP,494,655,688",,,"Nov 3, 2011",,,,,,,,,,,
B44 - Valencia Orange Metallic,,LWNZ - Unknown Upholstery Code,,WBSUR9C5XBVT47840,,VT47840,"MSRP,688",,,"Nov 7, 2011",,,,,,,,,,,
475 - Black Sapphire Metallic,,LWNZ - Unknown Upholstery Code,,WBSUR9C51BVT47841,,VT47841,"MSRP,494,6NR",,,"Nov 7, 2011",,,,,,,,,,,
475 - Black Sapphire Metallic,,LWNZ - Unknown Upholstery Code,,WBSUR9C53BVT47842,,VT47842,"MSRP,494",,,"Nov 7, 2011",,,,,,,,,,,
475 - Black Sapphire Metallic,,LWNZ - Unknown Upholstery Code,,WBSUR9C55BVT47843,,VT47843,"MSRP,ZCV,ZPP,494,655,688,6NR",,,"Nov 7, 2011",,,,,,,,,,,
475 - Black Sapphire Metallic,,LWNZ - Unknown Upholstery Code,,WBSUR9C57BVT47844,,VT47844,"MSRP,ZCV,ZPP,494,655,688,6NR",,,"Nov 7, 2011",,,,,,,,,,,
475 - Black Sapphire Metallic,,LWNZ - Unknown Upholstery Code,,WBSUR9C59BVT47845,,VT47845,"MSRP,ZCV,ZPP,494,655,688,6NR",,,"Nov 8, 2011",,,,,,,,,,,
475 - Black Sapphire Metallic,,LWNZ - Unknown Upholstery Code,,WBSUR9C50BVT47846,,VT47846,"MSRP,ZPP,494,655,688",,,"Nov 11, 2011",,,,,,,,,,,
B44 - Valencia Orange Metallic,,LWNZ - Unknown Upholstery Code,,WBSUR9C52BVT47847,,VT47847,"MSRP,494",,,"Nov 12, 2011",,,,,,,,,,,
475 - Black Sapphire Metallic,,LWNZ - Unknown Upholstery Code,,WBSUR9C54BVT47848,,VT47848,"MSRP,ZPP,494,655,688",,,"Nov 12, 2011",,,,,,,,,,,
B44 - Valencia Orange Metallic,,LWNZ - Unknown Upholstery Code,,WBSUR9C56BVT47849,,VT47849,"MSRP,494",,,"Nov 12, 2011",,,,,,,,,,,
B44 - Valencia Orange Metallic,,LWNZ - Unknown Upholstery Code,,WBSUR9C52BVT47850,,VT47850,"MSRP,ZCV,ZPP,494,655,688",,,"Nov 12, 2011",,,,,,,,,,,
300 - Alpine White,,LWNZ - Unknown Upholstery Code,,WBSUR9C54BVT47851,,VT47851,"MSRP,ZCV,ZPP,494,655,688",,,"Nov 12, 2011",,,,,,,,,,,
B44 - Valencia Orange Metallic,,LWNZ - Unknown Upholstery Code,,WBSUR9C56BVT47852,,VT47852,"MSRP,ZPP,494,655,688",,,"Nov 14, 2011",,,,,,,,,,,
B44 - Valencia Orange Metallic,,LWNZ - Unknown Upholstery Code,,WBSUR9C58BVT47853,,VT47853,"MSRP,ZCV,ZPP,494,655,688,6NR",,,"Nov 22, 2011",,,,,,,,,,,
B44 - Valencia Orange Metallic,,LWNZ - Unknown Upholstery Code,,WBSUR9C5XBVT47854,,VT47854,"MSRP,ZCV,ZPP,494,655,688,6NR",,,"Nov 22, 2011",,,,,,,,,,,
300 - Alpine White,,LWNZ - Unknown Upholstery Code,,WBSUR9C51BVT47855,,VT47855,"MSRP,494",,,"Nov 23, 2011",,,,,,,,,,,
B44 - Valencia Orange Metallic,,LWNZ - Unknown Upholstery Code,,WBSUR9C53BVT47856,,VT47856,"MSRP,494,6NR",,,"Nov 23, 2011",,,,,,,,,,,
B44 - Valencia Orange Metallic,,LWNZ - Unknown Upholstery Code,,WBSUR9C55BVT47857,,VT47857,"MSRP,ZCV,ZPP,494,655,688,6NR",,,"Nov 24, 2011",,,,,,,,,,,
300 - Alpine White,,LWNZ - Unknown Upholstery Code,,WBSUR9C57BVT47858,,VT47858,"MSRP,ZCV,ZPP,494,655,688,6NR",,,"Nov 24, 2011",,,,,,,,,,,
300 - Alpine White,,LWNZ - Unknown Upholstery Code,,WBSUR9C59BVT47859,,VT47859,"MSRP,ZCV,ZPP,494,655,688,6NR",,,"Nov 24, 2011",,,,,,,,,,,
300 - Alpine White,,LWNZ - Unknown Upholstery Code,,WBSUR9C55BVT47860,,VT47860,"MSRP,ZCV,ZPP,494,655,688",,,"Nov 24, 2011",,,,,,,,,,,
B44 - Valencia Orange Metallic,,LWNZ - Unknown Upholstery Code,,WBSUR9C57BVT47861,,VT47861,"MSRP,ZCV,ZPP,494,655,688",,,"Nov 24, 2011",,,,,,,,,,,
300 - Alpine White,,LWNZ - Unknown Upholstery Code,,WBSUR9C59BVT47862,,VT47862,"MSRP,494",,,"Nov 24, 2011",,,,,,,,,,,
B44 - Valencia Orange Metallic,,LWNZ - Unknown Upholstery Code,,WBSUR9C50BVT47863,,VT47863,"MSRP,494",,,"Nov 24, 2011",,,,,,,,,,,
B44 - Valencia Orange Metallic,,LWNZ - Unknown Upholstery Code,,WBSUR9C52BVT47864,,VT47864,"MSRP,ZCV,ZPP,494,655,688,6NR",,,"Nov 26, 2011",,,,,,,,,,,
B44 - Valencia Orange Metallic,,LWNZ - Unknown Upholstery Code,,WBSUR9C54BVT47865,,VT47865,"MSRP,ZCV,ZPP,494,655,688,6NR",,,"Nov 26, 2011",,,,,,,,,,,
B44 - Valencia Orange Metallic,,LWNZ - Unknown Upholstery Code,,WBSUR9C56BVT47866,,VT47866,"MSRP,ZCV,ZPP,494,655,688,6NR",,,"Dec 2, 2011",,,,,,,,,,,
B44 - Valencia Orange Metallic,,LWNZ - Unknown Upholstery Code,,WBSUR9C58BVT47867,,VT47867,"MSRP,ZCV,ZPP,494,655,688",,,"Dec 2, 2011",,,,,,,,,,,
B44 - Valencia Orange Metallic,,LWNZ - Unknown Upholstery Code,,WBSUR9C5XBVT47868,,VT47868,"MSRP,ZCV,ZPP,494,655,688,6NR",,,"Dec 2, 2011",,,,,,,,,,,
300 - Alpine White,,LWNZ - Unknown Upholstery Code,,WBSUR9C51BVT47869,,VT47869,"MSRP,ZCV,ZPP,494,655,688,6NR",,,"Dec 2, 2011",,,,,,,,,,,
B44 - Valencia Orange Metallic,,LWNZ - Unknown Upholstery Code,,WBSUR9C58BVT47870,,VT47870,"MSRP,ZCV,ZPP,494,655,688,6NR",,,"Dec 2, 2011",,,,,,,,,,,
B44 - Valencia Orange Metallic,,LWNZ - Unknown Upholstery Code,,WBSUR9C5XBVT47871,,VT47871,"MSRP,494",,,"Dec 3, 2011",,,,,,,,,,,
300 - Alpine White,,LWNZ - Unknown Upholstery Code,,WBSUR9C51BVT47872,,VT47872,"MSRP,494",,,"Dec 3, 2011",,,,,,,,,,,
300 - Alpine White,,LWNZ - Unknown Upholstery Code,,WBSUR9C53BVT47873,,VT47873,"MSRP,494",,,"Dec 12, 2011",,,,,,,,,,,
B44 - Valencia Orange Metallic,,LWNZ - Unknown Upholstery Code,,WBSUR9C55BVT47874,,VT47874,"MSRP,494,6NR",,,"Dec 12, 2011",,,,,,,,,,,
300 - Alpine White,,LWNZ - Unknown Upholstery Code,,WBSUR9C57BVT47875,,VT47875,"MSRP,ZCV,ZPP,494,655,688",,,"Dec 12, 2011",,,,,,,,,,,
475 - Black Sapphire Metallic,,LWNZ - Unknown Upholstery Code,,WBSUR9C59BVT47876,,VT47876,"MSRP,ZCV,ZPP,494,655,688,6NR",,,"Dec 13, 2011",,,,,,,,,,,
475 - Black Sapphire Metallic,,LWNZ - Unknown Upholstery Code,,WBSUR9C50BVT47877,,VT47877,"MSRP,ZCV,494,655,688,6NR",,,"Dec 13, 2011",,,,,,,,,,,
300 - Alpine White,,LWNZ - Unknown Upholstery Code,,WBSUR9C52BVT47878,,VT47878,"MSRP,ZPP,494,655,688",,,"Dec 17, 2011",,,,,,,,,,,
B44 - Valencia Orange Metallic,,LWNZ - Unknown Upholstery Code,,WBSUR9C54BVT47879,,VT47879,"MSRP,494,6NR",,,"Dec 17, 2011",,,,,,,,,,,
B44 - Valencia Orange Metallic,,LWNZ - Unknown Upholstery Code,,WBSUR9C50BVT47880,,VT47880,"MSRP,494",,,"Dec 17, 2011",,,,,,,,,,,
475 - Black Sapphire Metallic,,LWNZ - Unknown Upholstery Code,,WBSUR9C52BVT47881,,VT47881,"MSRP,ZPP,494,655,688",,,"Dec 17, 2011",,,,,,,,,,,
B44 - Valencia Orange Metallic,,LWNZ - Unknown Upholstery Code,,WBSUR9C54BVT47882,,VT47882,"MSRP,ZCV,ZPP,494,655,688,6NR",,,"Dec 17, 2011",,,,,,,,,,,
,,,,VIN SKIP,,,,,,,,,,,,,,,,,
475 - Black Sapphire Metallic,,LWNZ - Unknown Upholstery Code,,WBSUR9C55BVP75900,,VP75900,"MSRP,ZCV,494,655,688",,,"Sep 23, 2010",,,,,,,,,,,
300 - Alpine White,,LWNZ - Unknown Upholstery Code,,WBSUR9C57BVP75901,,VP75901,"MSRP,ZPP,494,655",,,"Oct 27, 2010",,,,,,,,,,,
300 - Alpine White,,LWNZ - Unknown Upholstery Code,,WBSUR9C59BVP75902,,VP75902,"MSRP,ZPP,494,655",,,"Oct 27, 2010",,,,,,,,,,,
475 - Black Sapphire Metallic,,LWNZ - Unknown Upholstery Code,,WBSUR9C50BVP75903,,VP75903,"MSRP,ZPP,494,655",,,"Oct 27, 2010",,,,,,,,,,,
B44 - Valencia Orange Metallic,,LWNZ - Unknown Upholstery Code,,WBSUR9C52BVP75904,,VP75904,"MSRP,ZPP,494,655",,,"Oct 27, 2010",,,,,,,,,,,
B44 - Valencia Orange Metallic,,LWNZ - Unknown Upholstery Code,,WBSUR9C54BVP75905,,VP75905,"MSRP,ZPP,494,655",,,"Oct 26, 2010",,,,,,,,,,,
B44 - Valencia Orange Metallic,,LWNZ - Unknown Upholstery Code,,WBSUR9C56BVP75906,,VP75906,"MSRP,ZCV,ZPP,494,655,688,6NR",,,"Oct 28, 2010",,,,,,,,,,,
B44 - Valencia Orange Metallic,,LWNZ - Unknown Upholstery Code,,WBSUR9C58BVP75907,,VP75907,"MSRP,ZCV,ZPP,494,655,688",,,"Oct 27, 2010",,,,,,,,,,,
B44 - Valencia Orange Metallic,,LWNZ - Unknown Upholstery Code,,WBSUR9C5XBVP75908,,VP75908,"MSRP,ZPP,494,655",,,"Oct 27, 2010",,,,,,,,,,,
475 - Black Sapphire Metallic,,LWNZ - Unknown Upholstery Code,,WBSUR9C51BVP75909,,VP75909,"MSRP,ZPP,494,655",,,"Oct 27, 2010",,,,,,,,,,,
B44 - Valencia Orange Metallic,,LWNZ - Unknown Upholstery Code,,WBSUR9C58BVP75910,,VP75910,"MSRP,655",,,"Nov 16, 2010",,,,,,,,,,,
475 - Black Sapphire Metallic,,LWNZ - Unknown Upholstery Code,,WBSUR9C5XBVP75911,,VP75911,"MSRP,655",,,"Nov 18, 2010",,,,,,,,,,,
475 - Black Sapphire Metallic,,LWNZ - Unknown Upholstery Code,,WBSUR9C51BVP75912,,VP75912,"MSRP,ZPP,494,655",,,"Dec 7, 2010",,,,,,,,,,,
B44 - Valencia Orange Metallic,,LWNZ - Unknown Upholstery Code,,WBSUR9C53BVP75913,,VP75913,"MSRP,ZPP,494",,,"Feb 17, 2011",,,,,,,,,,,
475 - Black Sapphire Metallic,,LWNZ - Unknown Upholstery Code,,WBSUR9C55BVP75914,,VP75914,"MSRP,ZPP,494",,,"Feb 17, 2011",,,,,,,,,,,
475 - Black Sapphire Metallic,,LWNZ - Unknown Upholstery Code,,WBSUR9C57BVP75915,,VP75915,"MSRP,ZPP,494",,,"Mar 7, 2011",,,,,,,,,,,
300 - Alpine White,,LWNZ - Unknown Upholstery Code,,WBSUR9C59BVP75916,,VP75916,"MSRP,ZPP,494",,,"Mar 7, 2011",,,,,,,,,,,
B44 - Valencia Orange Metallic,,LWNZ - Unknown Upholstery Code,,WBSUR9C50BVP75917,,VP75917,"MSRP,ZCV,ZPP,494,655,688,6NR",,,"Mar 8, 2011",,,,,,,,,,,
B44 - Valencia Orange Metallic,,LWNZ - Unknown Upholstery Code,,WBSUR9C52BVP75918,,VP75918,"MSRP,ZPP,494",,,"Mar 9, 2011",,,,,,,,,,,
B44 - Valencia Orange Metallic,,LWNZ - Unknown Upholstery Code,,WBSUR9C54BVP75919,,VP75919,"MSRP,ZPP,494",,,"Mar 8, 2011",,,,,,,,,,,
B44 - Valencia Orange Metallic,,LWNZ - Unknown Upholstery Code,,WBSUR9C50BVP75920,,VP75920,"MSRP,ZPP,494",,,"Mar 9, 2011",,,,,,,,,,,
B44 - Valencia Orange Metallic,,LWNZ - Unknown Upholstery Code,,WBSUR9C52BVP75921,,VP75921,"MSRP,ZPP,494,655",,,"Mar 10, 2011",,,,,,,,,,,
B44 - Valencia Orange Metallic,,LWNZ - Unknown Upholstery Code,,WBSUR9C54BVP75922,,VP75922,"MSRP,ZCV,ZPP,494,655,688,6NR",,,"Mar 10, 2011",,,,,,,,,,,
B44 - Valencia Orange Metallic,,LWNZ - Unknown Upholstery Code,,WBSUR9C56BVP75923,,VP75923,"MSRP,ZCV,ZPP,494,655,688,6NR",,,"Mar 10, 2011",,,,,,,,,,,
B44 - Valencia Orange Metallic,,LWNZ - Unknown Upholstery Code,,WBSUR9C58BVP75924,,VP75924,"MSRP,ZCV,ZPP,494,655,688,6NR",,,"Mar 4, 2011",,,,,,,,,,,
300 - Alpine White,,LWNZ - Unknown Upholstery Code,,WBSUR9C5XBVP75925,,VP75925,"MSRP,ZCV,ZPP,494,655,688,6NR",,,"Mar 4, 2011",,,,,,,,,,,
B44 - Valencia Orange Metallic,,LWNZ - Unknown Upholstery Code,,WBSUR9C51BVP75926,,VP75926,"MSRP,ZCV,ZPP,494,655,688,6NR",,,"Mar 5, 2011",,,,,,,,,,,
B44 - Valencia Orange Metallic,,LWNZ - Unknown Upholstery Code,,WBSUR9C53BVP75927,,VP75927,"MSRP,494",,,"Mar 7, 2011",,,,,,,,,,,
300 - Alpine White,,LWNZ - Unknown Upholstery Code,,WBSUR9C55BVP75928,,VP75928,"MSRP,494",,,"Mar 7, 2011",,,,,,,,,,,
B44 - Valencia Orange Metallic,,LWNZ - Unknown Upholstery Code,,WBSUR9C57BVP75929,,VP75929,"MSRP,ZCV,ZPP,494,655,688,6NR",,,"Mar 8, 2011",,,,,,,,,,,
B44 - Valencia Orange Metallic,,LWNZ - Unknown Upholstery Code,,WBSUR9C53BVP75930,,VP75930,"MSRP,ZCV,ZPP,494,655,688,6NR",,,"Mar 8, 2011",,,,,,,,,,,
475 - Black Sapphire Metallic,,LWNZ - Unknown Upholstery Code,,WBSUR9C55BVP75931,,VP75931,"MSRP,ZPP,494,655,688",,,"Mar 9, 2011",,,,,,,,,,,
300 - Alpine White,,LWNZ - Unknown Upholstery Code,,WBSUR9C57BVP75932,,VP75932,"MSRP,494,655",,,"Mar 10, 2011",,,,,,,,,,,
475 - Black Sapphire Metallic,,LWNZ - Unknown Upholstery Code,,WBSUR9C59BVP75933,,VP75933,"MSRP,ZCV,ZPP,655,688,6NR",,,"Mar 9, 2011",,,,,,,,,,,
475 - Black Sapphire Metallic,,LWNZ - Unknown Upholstery Code,,WBSUR9C50BVP75934,,VP75934,"MSRP,ZCV,ZPP,688,6NR",,,"Mar 10, 2011",,,,,,,,,,,
475 - Black Sapphire Metallic,,LWNZ - Unknown Upholstery Code,,WBSUR9C52BVP75935,,VP75935,"MSRP,ZCV,ZPP,494,655,688",,,"Mar 10, 2011",,,,,,,,,,,
B44 - Valencia Orange Metallic,,LWNZ - Unknown Upholstery Code,,WBSUR9C54BVP75936,,VP75936,"MSRP,ZCV,ZPP,655,688,6NR",,,"Mar 12, 2011",,,,,,,,,,,
300 - Alpine White,,LWNZ - Unknown Upholstery Code,,WBSUR9C56BVP75937,,VP75937,"MSRP,ZCV,ZPP,494,655,688,6NR",,,"Mar 11, 2011",,,,,,,,,,,
300 - Alpine White,,LWNZ - Unknown Upholstery Code,,WBSUR9C58BVP75938,,VP75938,"MSRP,ZCV,ZPP,494,655,6NR",,,"Mar 11, 2011",,,,,,,,,,,
300 - Alpine White,,LWNZ - Unknown Upholstery Code,,WBSUR9C5XBVP75939,,VP75939,"MSRP,494,688",,,"Mar 12, 2011",,,,,,,,,,,
B44 - Valencia Orange Metallic,,LWNZ - Unknown Upholstery Code,,WBSUR9C56BVP75940,,VP75940,"MSRP,ZCV,ZPP,494,655,688",,,"Mar 14, 2011",,,,,,,,,,,
B44 - Valencia Orange Metallic,,LWNZ - Unknown Upholstery Code,,WBSUR9C58BVP75941,,VP75941,"MSRP,ZCV,ZPP,688",,,"Mar 15, 2011",,,,,,,,,,,
475 - Black Sapphire Metallic,,LWNZ - Unknown Upholstery Code,,WBSUR9C5XBVP75942,,VP75942,"MSRP,ZCV,ZPP,494,655,688",,,"Mar 16, 2011",,,,,,,,,,,
B44 - Valencia Orange Metallic,,LWNZ - Unknown Upholstery Code,,WBSUR9C51BVP75943,,VP75943,"MSRP,ZCV,ZPP,494,655,688",,,"Mar 16, 2011",,,,,,,,,,,
B44 - Valencia Orange Metallic,,LWNZ - Unknown Upholstery Code,,WBSUR9C53BVP75944,,VP75944,"MSRP,ZCV,ZPP,494,655,688,6NR",,,"Mar 16, 2011",,,,,,,,,,,
475 - Black Sapphire Metallic,,LWNZ - Unknown Upholstery Code,,WBSUR9C55BVP75945,,VP75945,"MSRP,ZPP,494,655,688",,,"Mar 21, 2011",,,,,,,,,,,
300 - Alpine White,,LWNZ - Unknown Upholstery Code,,WBSUR9C57BVP75946,,VP75946,"MSRP,ZCV,ZPP,494,655,688,6NR",,,"Mar 25, 2011",,,,,,,,,,,
475 - Black Sapphire Metallic,,LWNZ - Unknown Upholstery Code,,WBSUR9C59BVP75947,,VP75947,"MSRP,ZCV,ZPP,494,655,688,6NR",,,"Mar 25, 2011",,,,,,,,,,,
B44 - Valencia Orange Metallic,,LWNZ - Unknown Upholstery Code,,WBSUR9C50BVP75948,,VP75948,"MSRP,494",,,"Mar 26, 2011",,,,,,,,,,,
B44 - Valencia Orange Metallic,,LWNZ - Unknown Upholstery Code,,WBSUR9C52BVP75949,,VP75949,"MSRP,494",,,"Mar 26, 2011",,,,,,,,,,,
475 - Black Sapphire Metallic,,LWNZ - Unknown Upholstery Code,,WBSUR9C59BVP75950,,VP75950,"MSRP,494",,,"Mar 26, 2011",,,,,,,,,,,
B44 - Valencia Orange Metallic,,LWNZ - Unknown Upholstery Code,,WBSUR9C50BVP75951,,VP75951,"MSRP,ZCV,ZPP,494,655,688,6NR",,,3-26-2011,,,,,,,,,,,
475 - Black Sapphire Metallic,,LWNZ - Unknown Upholstery Code,,WBSUR9C52BVP75952,,VP75952,"MSRP,494,655",,,5-3-2011,,,,,,,,,,,
300 - Alpine White,,LWNZ - Unknown Upholstery Code,,WBSUR9C54BVP75953,,VP75953,"MSRP,ZPP,494,655,688",,,"Mar 31, 2011",,,,,,,,,,,
475 - Black Sapphire Metallic,,LWNZ - Unknown Upholstery Code,,WBSUR9C56BVP75954,,VP75954,"MSRP,655",,,"Mar 30, 2011",,,,,,,,,,,
300 - Alpine White,,LWNZ - Unknown Upholstery Code,,WBSUR9C58BVP75955,,VP75955,"MSRP,494",,,"Mar 31, 2011",,,,,,,,,,,
300 - Alpine White,,LWNZ - Unknown Upholstery Code,,WBSUR9C5XBVP75956,,VP75956,"MSRP,494",,,"Mar 31, 2011",,,,,,,,,,,
475 - Black Sapphire Metallic,,LWNZ - Unknown Upholstery Code,,WBSUR9C51BVP75957,,VP75957,"MSRP,ZCV,ZPP,494,655,688,6NR",,,"Mar 31, 2011",,,,,,,,,,,
300 - Alpine White,,LWNZ - Unknown Upholstery Code,,WBSUR9C53BVP75958,,VP75958,"MSRP,ZPP,688",,,"Mar 31, 2011",,,,,,,,,,,
300 - Alpine White,,LWNZ - Unknown Upholstery Code,,WBSUR9C55BVP75959,,VP75959,"MSRP,494",,,"Apr 1, 2011",,,,,,,,,,,
B44 - Valencia Orange Metallic,,LWNZ - Unknown Upholstery Code,,WBSUR9C51BVP75960,,VP75960,"MSRP,ZPP,494,655",,,"Apr 1, 2011",,,,,,,,,,,
475 - Black Sapphire Metallic,,LWNZ - Unknown Upholstery Code,,WBSUR9C53BVP75961,,VP75961,"MSRP,ZCV,ZPP,655,688,6NR",,,"Apr 1, 2011",,,,,,,,,,,
300 - Alpine White,,LWNZ - Unknown Upholstery Code,,WBSUR9C55BVP75962,,VP75962,"MSRP,ZCV,ZPP,494,655,688,6NR",,,"Apr 2, 2011",,,,,,,,,,,
300 - Alpine White,,LWNZ - Unknown Upholstery Code,,WBSUR9C57BVP75963,,VP75963,"MSRP,ZCV,ZPP,494,688,6NR",,,"Apr 2, 2011",,,,,,,,,,,
475 - Black Sapphire Metallic,,LWNZ - Unknown Upholstery Code,,WBSUR9C59BVP75964,,VP75964,"MSRP,ZPP,655,688",,,"Apr 2, 2011",,,,,,,,,,,
B44 - Valencia Orange Metallic,,LWNZ - Unknown Upholstery Code,,WBSUR9C50BVP75965,,VP75965,"MSRP,ZCV,ZPP,494,655,688,6NR",,,"Apr 2, 2011",,,,,,,,,,,
475 - Black Sapphire Metallic,,LWNZ - Unknown Upholstery Code,,WBSUR9C52BVP75966,,VP75966,"MSRP,655",,,"Apr 4, 2011",,,,,,,,,,,
300 - Alpine White,,LWNZ - Unknown Upholstery Code,,WBSUR9C54BVP75967,,VP75967,"MSRP,655,688",,,"Apr 4, 2011",,,,,,,,,,,
300 - Alpine White,,LWNZ - Unknown Upholstery Code,,WBSUR9C56BVP75968,,VP75968,"MSRP,688",,,"Apr 4, 2011",,,,,,,,,,,
B44 - Valencia Orange Metallic,,LWNZ - Unknown Upholstery Code,,WBSUR9C58BVP75969,,VP75969,"MSRP,494",,,"Apr 4, 2011",,,,,,,,,,,
300 - Alpine White,,LWNZ - Unknown Upholstery Code,,WBSUR9C54BVP75970,,VP75970,"MSRP,ZCV,ZPP,688,6NR",,,"Apr 6, 2011",,,,,,,,,,,
475 - Black Sapphire Metallic,,LWNZ - Unknown Upholstery Code,,WBSUR9C56BVP75971,,VP75971,"MSRP,ZCV,ZPP,494,655,688,6NR",,,"Apr 6, 2011",,,,,,,,,,,
475 - Black Sapphire Metallic,,LWNZ - Unknown Upholstery Code,,WBSUR9C58BVP75972,,VP75972,"MSRP,ZCV,ZPP",,,"Apr 7, 2011",,,,,,,,,,,
300 - Alpine White,,LWNZ - Unknown Upholstery Code,,WBSUR9C5XBVP75973,,VP75973,"MSRP,ZCV,ZPP,494",,,"Apr 7, 2011",,,,,,,,,,,
B44 - Valencia Orange Metallic,,LWNZ - Unknown Upholstery Code,,WBSUR9C51BVP75974,,VP75974,"MSRP,ZCV,ZPP,655,688,6NR",,,"Apr 7, 2011",,,,,,,,,,,
300 - Alpine White,,LWNZ - Unknown Upholstery Code,,WBSUR9C53BVP75975,,VP75975,"MSRP,ZCV,ZPP,494,655,688,6NR",,,"Apr 8, 2011",,,,,,,,,,,
300 - Alpine White,,LWNZ - Unknown Upholstery Code,,WBSUR9C55BVP75976,,VP75976,"MSRP,ZCV,ZPP,494,655,688,6NR",,,"Apr 8, 2011",,,,,,,,,,,
300 - Alpine White,,LWNZ - Unknown Upholstery Code,,WBSUR9C57BVP75977,,VP75977,"MSRP,ZCV,ZPP,494,655,688,6NR",,,"Apr 9, 2011",,,,,,,,,,,
300 - Alpine White,,LWNZ - Unknown Upholstery Code,,WBSUR9C59BVP75978,,VP75978,"MSRP,ZCV,ZPP,494,655,688,6NR",,,"Apr 9, 2011",,,,,,,,,,,
B44 - Valencia Orange Metallic,,LWNZ - Unknown Upholstery Code,,WBSUR9C50BVP75979,,VP75979,"MSRP,ZCV,ZPP,688",,,"Apr 9, 2011",,,,,,,,,,,
B44 - Valencia Orange Metallic,,LWNZ - Unknown Upholstery Code,,WBSUR9C57BVP75980,,VP75980,"MSRP,ZCV,ZPP,494,655,688",,,"Apr 9, 2011",,,,,,,,,,,
300 - Alpine White,,LWNZ - Unknown Upholstery Code,,WBSUR9C59BVP75981,,VP75981,"MSRP,ZCV,ZPP,494,655,688",,,"Apr 9, 2011",,,,,,,,,,,
300 - Alpine White,,LWNZ - Unknown Upholstery Code,,WBSUR9C50BVP75982,,VP75982,"MSRP,ZCV,ZPP,494,655,688",,,"Apr 9, 2011",,,,,,,,,,,
B44 - Valencia Orange Metallic,,LWNZ - Unknown Upholstery Code,,WBSUR9C52BVP75983,,VP75983,"MSRP,ZCV,ZPP,494,655,688,6NR",,,"Apr 11, 2011",,,,,,,,,,,
B44 - Valencia Orange Metallic,,LWNZ - Unknown Upholstery Code,,WBSUR9C54BVP75984,,VP75984,"MSRP,ZCV,ZPP,494,655,688,6NR",,,"Apr 11, 2011",,,,,,,,,,,
B44 - Valencia Orange Metallic,,LWNZ - Unknown Upholstery Code,,WBSUR9C56BVP75985,,VP75985,"MSRP,ZCV,ZPP,494,655,688,6NR",,,"Apr 11, 2011",,,,,,,,,,,
B44 - Valencia Orange Metallic,,LWNZ - Unknown Upholstery Code,,WBSUR9C58BVP75986,,VP75986,"MSRP,ZCV,ZPP,494,655,688,6NR",,,"Apr 12, 2011",,,,,,,,,,,
B44 - Valencia Orange Metallic,,LWNZ - Unknown Upholstery Code,,WBSUR9C5XBVP75987,,VP75987,"MSRP,494",,,"Apr 13, 2011",,,,,,,,,,,
475 - Black Sapphire Metallic,,LWNZ - Unknown Upholstery Code,,WBSUR9C51BVP75988,,VP75988,"MSRP,ZCV,ZPP,494,655,688,6NR",,,04-13-2011,,,,,,,,,,,
300 - Alpine White,,LWNZ - Unknown Upholstery Code,,WBSUR9C53BVP75989,,VP75989,"MSRP,ZCV,ZPP,688,6NR",,,"Apr 13, 2011",,,,,,,,,,,
300 - Alpine White,,LWNZ - Unknown Upholstery Code,,WBSUR9C5XBVP75990,,VP75990,"MSRP,ZCV,ZPP,655,688",,,"Apr 14, 2011",,,,,,,,,,,
475 - Black Sapphire Metallic,,LWNZ - Unknown Upholstery Code,,WBSUR9C51BVP75991,,VP75991,"MSRP,ZCV,ZPP,494,688,6NR",,,"Apr 14, 2011",,,,,,,,,,,
B44 - Valencia Orange Metallic,,LWNZ - Unknown Upholstery Code,,WBSUR9C53BVP75992,,VP75992,"MSRP,ZCV,ZPP,494,655,688,6NR",,,"Apr 14, 2011",,,,,,,,,,,
475 - Black Sapphire Metallic,,LWNZ - Unknown Upholstery Code,,WBSUR9C55BVP75993,,VP75993,"MSRP,ZCV,ZPP,494,655,688,6NR",,,"Apr 14, 2011",,,,,,,,,,,
475 - Black Sapphire Metallic,,LWNZ - Unknown Upholstery Code,,WBSUR9C57BVP75994,,VP75994,"MSRP,ZCV,ZPP,494,655,688,6NR",,,04-14-2011,,,,,,,,,,,
B44 - Valencia Orange Metallic,,LWNZ - Unknown Upholstery Code,,WBSUR9C59BVP75995,,VP75995,"MSRP,ZCV,ZPP,494,655,688",,,"Apr 14, 2011",,,,,,,,,,,
B44 - Valencia Orange Metallic,,LWNZ - Unknown Upholstery Code,,WBSUR9C50BVP75996,,VP75996,"MSRP,ZCV,ZPP,494,655,688",,,"Apr 14, 2011",,,,,,,,,,,
300 - Alpine White,,LWNZ - Unknown Upholstery Code,,WBSUR9C52BVP75997,,VP75997,"MSRP,ZPP,688",,,"Apr 15, 2011",,,,,,,,,,,
475 - Black Sapphire Metallic,,LWNZ - Unknown Upholstery Code,,WBSUR9C54BVP75998,,VP75998,"MSRP,494,6NR",,,"Apr 15, 2011",,,,,,,,,,,
300 - Alpine White,,LWNZ - Unknown Upholstery Code,,WBSUR9C56BVP75999,,VP75999,"MSRP,494",,,04-15-2011,,,,,,,,,,,
300 - Alpine White,,LWNZ - Unknown Upholstery Code,,WBSUR9C57BVP76000,,VP76000,"MSRP,ZCV,ZPP,6NR",,,"Apr 15, 2011",,,,,,,,,,,
B44 - Valencia Orange Metallic,,LWNZ - Unknown Upholstery Code,,WBSUR9C59BVP76001,,VP76001,"MSRP,ZCV,ZPP,494,655,688,6NR",,,"Apr 15, 2011",,,,,,,,,,,
B44 - Valencia Orange Metallic,,LWNZ - Unknown Upholstery Code,,WBSUR9C50BVP76002,,VP76002,"MSRP,ZCV,ZPP,494,655,6NR",,,"Apr 15, 2011",,,,,,,,,,,
300 - Alpine White,,LWNZ - Unknown Upholstery Code,,WBSUR9C52BVP76003,,VP76003,MSRP,,,"Apr 16, 2011",,,,,,,,,,,
475 - Black Sapphire Metallic,,LWNZ - Unknown Upholstery Code,,WBSUR9C54BVP76004,,VP76004,"MSRP,494",,,04-16-2011,,,,,,,,,,,
300 - Alpine White,,LWNZ - Unknown Upholstery Code,,WBSUR9C56BVP76005,,VP76005,"MSRP,494",,,"Apr 16, 2011",,,,,,,,,,,
300 - Alpine White,,LWNZ - Unknown Upholstery Code,,WBSUR9C58BVP76006,,VP76006,"MSRP,ZCV,ZPP,688,6NR",,,"Apr 18, 2011",,,,,,,,,,,
300 - Alpine White,,LWNZ - Unknown Upholstery Code,,WBSUR9C5XBVP76007,,VP76007,"MSRP,ZCV,ZPP,494,655,688,6NR",,,"Apr 18, 2011",,,,,,,,,,,
300 - Alpine White,,LWNZ - Unknown Upholstery Code,,WBSUR9C51BVP76008,,VP76008,"MSRP,ZCV,ZPP,494,655,688,6NR",,,"Apr 18, 2011",,,,,,,,,,,
475 - Black Sapphire Metallic,,LWNZ - Unknown Upholstery Code,,WBSUR9C53BVP76009,,VP76009,"MSRP,ZCV,ZPP,494,655,688,6NR",,,"Apr 18, 2011",,,,,,,,,,,
475 - Black Sapphire Metallic,,LWNZ - Unknown Upholstery Code,,WBSUR9C5XBVP76010,,VP76010,"MSRP,ZCV,ZPP,494,655,688,6NR",,,04-19-2011,,,,,,,,,,,
B44 - Valencia Orange Metallic,,LWNZ - Unknown Upholstery Code,,WBSUR9C51BVP76011,,VP76011,"MSRP,ZCV,ZPP,494,655,688,6NR",,,"Apr 19, 2011",,,,,,,,,,,
B44 - Valencia Orange Metallic,,LWNZ - Unknown Upholstery Code,,WBSUR9C53BVP76012,,VP76012,"MSRP,ZPP,494,655,688",,,"Apr 19, 2011",,,,,,,,,,,
300 - Alpine White,,LWNZ - Unknown Upholstery Code,,WBSUR9C55BVP76013,,VP76013,"MSRP,494",,,"Apr 20, 2011",,,,,,,,,,,
300 - Alpine White,,LWNZ - Unknown Upholstery Code,,WBSUR9C57BVP76014,,VP76014,"MSRP,ZCV,ZPP,494,655,688",,,"Apr 20, 2011",,,,,,,,,,,
475 - Black Sapphire Metallic,,LWNZ - Unknown Upholstery Code,,WBSUR9C59BVP76015,,VP76015,"MSRP,ZCV,ZPP,494,655,688,6NR",,,"Apr 20, 2011",,,,,,,,,,,
B44 - Valencia Orange Metallic,,LWNZ - Unknown Upholstery Code,,WBSUR9C50BVP76016,,VP76016,"MSRP,ZCV,ZPP,494,688,6NR",,,04-20-2011,,,,,,,,,,,
475 - Black Sapphire Metallic,,LWNZ - Unknown Upholstery Code,,WBSUR9C52BVP76017,,VP76017,"MSRP,ZCV,ZPP,494,688,6NR",,,"Apr 20, 2011",,,,,,,,,,,
B44 - Valencia Orange Metallic,,LWNZ - Unknown Upholstery Code,,WBSUR9C54BVP76018,,VP76018,"MSRP,ZCV,ZPP,494,655,688,6NR",,,"Apr 20, 2011",,,,,,,,,,,
300 - Alpine White,,LWNZ - Unknown Upholstery Code,,WBSUR9C56BVP76019,,VP76019,"MSRP,ZCV,ZPP,494,655,688,6NR",,,"Apr 20, 2011",,,,,,,,,,,
B44 - Valencia Orange Metallic,,LWNZ - Unknown Upholstery Code,,WBSUR9C52BVP76020,,VP76020,"MSRP,ZCV,ZPP,494,655,688",,,"Apr 20, 2011",,,,,,,,,,,
300 - Alpine White,,LWNZ - Unknown Upholstery Code,,WBSUR9C54BVP76021,,VP76021,"MSRP,ZCV,ZPP,494,655,688,6NR",,,04-20-2011,,,,,,,,,,,
B44 - Valencia Orange Metallic,,LWNZ - Unknown Upholstery Code,,WBSUR9C56BVP76022,,VP76022,"MSRP,ZCV,ZPP,494,655,688,6NR",,,"Apr 20, 2011",,,,,,,,,,,
475 - Black Sapphire Metallic,,LWNZ - Unknown Upholstery Code,,WBSUR9C58BVP76023,,VP76023,"MSRP,ZCV,ZPP,494,655,688",,,"Apr 20, 2011",,,,,,,,,,,
300 - Alpine White,,LWNZ - Unknown Upholstery Code,,WBSUR9C5XBVP76024,,VP76024,"MSRP,ZCV,ZPP,494,655,688,6NR",,,"Apr 20, 2011",,,,,,,,,,,
475 - Black Sapphire Metallic,,LWNZ - Unknown Upholstery Code,,WBSUR9C51BVP76025,,VP76025,"MSRP,ZCV,ZPP,494,688,6NR",,,"Apr 21, 2011",,,,,,,,,,,
300 - Alpine White,,LWNZ - Unknown Upholstery Code,,WBSUR9C53BVP76026,,VP76026,MSRP,,,"Apr 21, 2011",,,,,,,,,,,
B44 - Valencia Orange Metallic,,LWNZ - Unknown Upholstery Code,,WBSUR9C55BVP76027,,VP76027,"MSRP,ZCV,ZPP,494,655,688",,,04-21-2011,,,,,,,,,,,
B44 - Valencia Orange Metallic,,LWNZ - Unknown Upholstery Code,,WBSUR9C57BVP76028,,VP76028,"MSRP,ZCV,ZPP,655,688,6NR",,,"Apr 26, 2011",,,,,,,,,,,
475 - Black Sapphire Metallic,,LWNZ - Unknown Upholstery Code,,WBSUR9C59BVP76029,,VP76029,"MSRP,ZPP,494,688",,,"Apr 26, 2011",,,,,,,,,,,
300 - Alpine White,,LWNZ - Unknown Upholstery Code,,WBSUR9C55BVP76030,,VP76030,"MSRP,ZCV,ZPP,494,655,688,6NR",,,"Apr 27, 2011",,,,,,,,,,,
475 - Black Sapphire Metallic,,LWNZ - Unknown Upholstery Code,,WBSUR9C57BVP76031,,VP76031,"MSRP,ZCV,ZPP,494",,,"Apr 27, 2011",,,,,,,,,,,
475 - Black Sapphire Metallic,,LWNZ - Unknown Upholstery Code,,WBSUR9C59BVP76032,,VP76032,"MSRP,494,6NR",,,"Apr 29, 2011",,,,,,,,,,,
300 - Alpine White,,LWNZ - Unknown Upholstery Code,,WBSUR9C50BVP76033,,VP76033,"MSRP,ZCV,ZPP,494,655,688,6NR",,,"Apr 29, 2011",,,,,,,,,,,
300 - Alpine White,,LWNZ - Unknown Upholstery Code,,WBSUR9C52BVP76034,,VP76034,"MSRP,ZPP,494,655,688",,,"Apr 29, 2011",,,,,,,,,,,
B44 - Valencia Orange Metallic,,LWNZ - Unknown Upholstery Code,,WBSUR9C54BVP76035,,VP76035,"MSRP,ZPP",,,"Apr 29, 2011",,,,,,,,,,,
300 - Alpine White,,LWNZ - Unknown Upholstery Code,,WBSUR9C56BVP76036,,VP76036,"MSRP,ZPP,494,655,688",,,"Apr 30, 2011",,,,,,,,,,,
300 - Alpine White,,LWNZ - Unknown Upholstery Code,,WBSUR9C58BVP76037,,VP76037,"MSRP,494",,,04-30-2011,,,,,,,,,,,
B44 - Valencia Orange Metallic,,LWNZ - Unknown Upholstery Code,,WBSUR9C5XBVP76038,,VP76038,"MSRP,ZCV,ZPP,494,655,688",,,"Apr 30, 2011",,,,,,,,,,,
B44 - Valencia Orange Metallic,,LWNZ - Unknown Upholstery Code,,WBSUR9C51BVP76039,,VP76039,"MSRP,ZCV,ZPP,494,655,688,6NR",,,"Apr 30, 2011",,,,,,,,,,,
300 - Alpine White,,LWNZ - Unknown Upholstery Code,,WBSUR9C58BVP76040,,VP76040,"MSRP,ZCV,ZPP,494,655,688,6NR",,,"Apr 30, 2011",,,,,,,,,,,
475 - Black Sapphire Metallic,,LWNZ - Unknown Upholstery Code,,WBSUR9C5XBVP76041,,VP76041,"MSRP,ZCV,ZPP,494,655,688,6NR",,,"Apr 30, 2011",,,,,,,,,,,
300 - Alpine White,,LWNZ - Unknown Upholstery Code,,WBSUR9C51BVP76042,,VP76042,"MSRP,ZCV,ZPP,494,655,688,6NR",,,"Apr 30, 2011",,,,,,,,,,,
B44 - Valencia Orange Metallic,,LWNZ - Unknown Upholstery Code,,WBSUR9C53BVP76043,,VP76043,"MSRP,ZCV,ZPP,494,655,688,6NR",,,"Apr 30, 2011",,,,,,,,,,,
475 - Black Sapphire Metallic,,LWNZ - Unknown Upholstery Code,,WBSUR9C55BVP76044,,VP76044,"MSRP,ZCV,ZPP,494,655,688,6NR",,,5-2-2011,,,,,,,,,,,
B44 - Valencia Orange Metallic,,LWNZ - Unknown Upholstery Code,,WBSUR9C57BVP76045,,VP76045,"MSRP,ZCV,ZPP,688",,,"May 3, 2011",,,,,,,,,,,
B44 - Valencia Orange Metallic,,LWNZ - Unknown Upholstery Code,,WBSUR9C59BVP76046,,VP76046,"MSRP,ZCV,ZPP,494,655,688,6NR",,,"May 3, 2011",,,,,,,,,,,
300 - Alpine White,,LWNZ - Unknown Upholstery Code,,WBSUR9C50BVP76047,,VP76047,"MSRP,ZCV,ZPP,494,655,688,6NR",,,"May 3, 2011",,,,,,,,,,,
300 - Alpine White,,LWNZ - Unknown Upholstery Code,,WBSUR9C52BVP76048,,VP76048,"MSRP,ZCV,ZPP,494,655,688,6NR",,,"May 4, 2011",,,,,,,,,,,
300 - Alpine White,,LWNZ - Unknown Upholstery Code,,WBSUR9C54BVP76049,,VP76049,"MSRP,ZCV,ZPP,494,655,688,6NR",,,"May 5, 2011",,,,,,,,,,,
B44 - Valencia Orange Metallic,,LWNZ - Unknown Upholstery Code,,WBSUR9C50BVP76050,,VP76050,"MSRP,ZCV,ZPP,494,655,688",,,"May 5, 2011",,,,,,,,,,,
B44 - Valencia Orange Metallic,,LWNZ - Unknown Upholstery Code,,WBSUR9C52BVP76051,,VP76051,"MSRP,ZCV,ZPP,494,655,688,6NR",,,"May 5, 2011",,,,,,,,,,,
B44 - Valencia Orange Metallic,,LWNZ - Unknown Upholstery Code,,WBSUR9C54BVP76052,,VP76052,"MSRP,ZCV,ZPP,494,655,688",,,"May 5, 2011",,,,,,,,,,,
475 - Black Sapphire Metallic,,LWNZ - Unknown Upholstery Code,,WBSUR9C56BVP76053,,VP76053,"MSRP,ZCV,ZPP,494,655,688,6NR",,,5-6-2011,,,,,,,,,,,
300 - Alpine White,,LWNZ - Unknown Upholstery Code,,WBSUR9C58BVP76054,,VP76054,"MSRP,ZPP,688",,,"May 6, 2011",,,,,,,,,,,
475 - Black Sapphire Metallic,,LWNZ - Unknown Upholstery Code,,WBSUR9C5XBVP76055,,VP76055,"MSRP,494,655,6NR",,,"May 7, 2011",,,,,,,,,,,
300 - Alpine White,,LWNZ - Unknown Upholstery Code,,WBSUR9C51BVP76056,,VP76056,"MSRP,ZPP,494,655,688",,,5-7-2011,,,,,,,,,,,
475 - Black Sapphire Metallic,,LWNZ - Unknown Upholstery Code,,WBSUR9C53BVP76057,,VP76057,"MSRP,ZPP,494,655,688",,,5-7-2011,,,,,,,,,,,
B44 - Valencia Orange Metallic,,LWNZ - Unknown Upholstery Code,,WBSUR9C55BVP76058,,VP76058,"MSRP,ZCV,ZPP,494,688,6NR",,,"May 7, 2011",,,,,,,,,,,
300 - Alpine White,,LWNZ - Unknown Upholstery Code,,WBSUR9C57BVP76059,,VP76059,"MSRP,ZCV,ZPP,494,655,688,6NR",,,"May 7, 2011",,,,,,,,,,,
475 - Black Sapphire Metallic,,LWNZ - Unknown Upholstery Code,,WBSUR9C53BVP76060,,VP76060,MSRP,,,"May 7, 2011",,,,,,,,,,,
B44 - Valencia Orange Metallic,,LWNZ - Unknown Upholstery Code,,WBSUR9C55BVP76061,,VP76061,"MSRP,494",,,"May 7, 2011",,,,,,,,,,,
300 - Alpine White,,LWNZ - Unknown Upholstery Code,,WBSUR9C57BVP76062,,VP76062,"MSRP,ZPP,655,688",,,"May 9, 2011",,,,,,,,,,,
B44 - Valencia Orange Metallic,,LWNZ - Unknown Upholstery Code,,WBSUR9C59BVP76063,,VP76063,"MSRP,ZCV,ZPP,494,655,688,6NR",,,"May 9, 2011",,,,,,,,,,,
B44 - Valencia Orange Metallic,,LWNZ - Unknown Upholstery Code,,WBSUR9C50BVP76064,,VP76064,"MSRP,ZCV,ZPP,494,655,688,6NR",,,"May 9, 2011",,,,,,,,,,,
300 - Alpine White,,LWNZ - Unknown Upholstery Code,,WBSUR9C52BVP76065,,VP76065,"MSRP,494,655,688",,,"May 9, 2011",,,,,,,,,,,
300 - Alpine White,,LWNZ - Unknown Upholstery Code,,WBSUR9C54BVP76066,,VP76066,"MSRP,ZPP,494,655,688",,,"May 10, 2011",,,,,,,,,,,
B44 - Valencia Orange Metallic,,LWNZ - Unknown Upholstery Code,,WBSUR9C56BVP76067,,VP76067,"MSRP,ZCV,ZPP,494,655,688,6NR",,,"May 10, 2011",,,,,,,,,,,
B44 - Valencia Orange Metallic,,LWNZ - Unknown Upholstery Code,,WBSUR9C58BVP76068,,VP76068,"MSRP,ZCV,ZPP,494,688",,,"May 10, 2011",,,,,,,,,,,
B44 - Valencia Orange Metallic,,LWNZ - Unknown Upholstery Code,,WBSUR9C5XBVP76069,,VP76069,"MSRP,ZCV,ZPP,494,655,688,6NR",,,"May 11, 2011",,,,,,,,,,,
B44 - Valencia Orange Metallic,,LWNZ - Unknown Upholstery Code,,WBSUR9C56BVP76070,,VP76070,"MSRP,ZCV,ZPP,494,688",,,"May 11, 2011",,,,,,,,,,,
300 - Alpine White,,LWNZ - Unknown Upholstery Code,,WBSUR9C58BVP76071,,VP76071,"MSRP,ZCV,ZPP,494,688,6NR",,,"May 12, 2011",,,,,,,,,,,
B44 - Valencia Orange Metallic,,LWNZ - Unknown Upholstery Code,,WBSUR9C5XBVP76072,,VP76072,"MSRP,ZCV,ZPP,494,6NR",,,5-12-2011,,,,,,,,,,,
B44 - Valencia Orange Metallic,,LWNZ - Unknown Upholstery Code,,WBSUR9C51BVP76073,,VP76073,"MSRP,ZCV,ZPP,494,655,688,6NR",,,"May 12, 2011",,,,,,,,,,,
B44 - Valencia Orange Metallic,,LWNZ - Unknown Upholstery Code,,WBSUR9C53BVP76074,,VP76074,"MSRP,ZCV,ZPP,494,655,688,6NR",,,"May 12, 2011",,,,,,,,,,,
475 - Black Sapphire Metallic,,LWNZ - Unknown Upholstery Code,,WBSUR9C55BVP76075,,VP76075,"MSRP,ZCV,ZPP,494,655,688,6NR",,,5-12-2011,,,,,,,,,,,
B44 - Valencia Orange Metallic,,LWNZ - Unknown Upholstery Code,,WBSUR9C57BVP76076,,VP76076,"MSRP,494",,,"May 12, 2011",,,,,,,,,,,
B44 - Valencia Orange Metallic,,LWNZ - Unknown Upholstery Code,,WBSUR9C59BVP76077,,VP76077,"MSRP,494",,,"May 13, 2011",,,,,,,,,,,
300 - Alpine White,,LWNZ - Unknown Upholstery Code,,WBSUR9C50BVP76078,,VP76078,"MSRP,494,688",,,"May 13, 2011",,,,,,,,,,,
300 - Alpine White,,LWNZ - Unknown Upholstery Code,,WBSUR9C52BVP76079,,VP76079,"MSRP,ZCV,ZPP,494,655,688,6NR",,,"May 14, 2011",,,,,,,,,,,
B44 - Valencia Orange Metallic,,LWNZ - Unknown Upholstery Code,,WBSUR9C59BVP76080,,VP76080,"MSRP,ZPP,494,655,688",,,"May 14, 2011",,,,,,,,,,,
300 - Alpine White,,LWNZ - Unknown Upholstery Code,,WBSUR9C50BVP76081,,VP76081,"MSRP,ZCV,ZPP,494,655,688,6NR",,,"May 16, 2011",,,,,,,,,,,
300 - Alpine White,,LWNZ - Unknown Upholstery Code,,WBSUR9C52BVP76082,,VP76082,"MSRP,ZCV,ZPP,494,688,6NR",,,"May 16, 2011",,,,,,,,,,,
475 - Black Sapphire Metallic,,LWNZ - Unknown Upholstery Code,,WBSUR9C54BVP76083,,VP76083,"MSRP,ZPP,494,655,688",,,"May 16, 2011",,,,,,,,,,,
B44 - Valencia Orange Metallic,,LWNZ - Unknown Upholstery Code,,WBSUR9C56BVP76084,,VP76084,"MSRP,ZCV,ZPP,494,655,688",,,"May 16, 2011",,,,,,,,,,,
B44 - Valencia Orange Metallic,,LWNZ - Unknown Upholstery Code,,WBSUR9C58BVP76085,,VP76085,"MSRP,ZCV,ZPP,494,655,688,6NR",,,"May 16, 2011",,,,,,,,,,,
B44 - Valencia Orange Metallic,,LWNZ - Unknown Upholstery Code,,WBSUR9C5XBVP76086,,VP76086,MSRP,,,"May 16, 2011",,,,,,,,,,,
B44 - Valencia Orange Metallic,,LWNZ - Unknown Upholstery Code,,WBSUR9C51BVP76087,,VP76087,"MSRP,ZCV,ZPP,494,688",,,"May 16, 2011",,,,,,,,,,,
B44 - Valencia Orange Metallic,,LWNZ - Unknown Upholstery Code,,WBSUR9C53BVP76088,,VP76088,"MSRP,ZPP,494",,,"May 17, 2011",,,,,,,,,,,
B44 - Valencia Orange Metallic,,LWNZ - Unknown Upholstery Code,,WBSUR9C55BVP76089,,VP76089,"MSRP,ZCV,ZPP,494,655,688,6NR",,,"May 17, 2011",,,,,,,,,,,
B44 - Valencia Orange Metallic,,LWNZ - Unknown Upholstery Code,,WBSUR9C51BVP76090,,VP76090,"MSRP,ZCV,ZPP,494,655,688,6NR",,,"May 17, 2011",,,,,,,,,,,
475 - Black Sapphire Metallic,,LWNZ - Unknown Upholstery Code,,WBSUR9C53BVP76091,,VP76091,"MSRP,ZCV,ZPP,494,655,688,6NR",,,"May 17, 2011",,,,,,,,,,,
B44 - Valencia Orange Metallic,,LWNZ - Unknown Upholstery Code,,WBSUR9C55BVP76092,,VP76092,"MSRP,ZCV,ZPP,494,655,688,6NR",,,"May 18, 2011",,,,,,,,,,,
B44 - Valencia Orange Metallic,,LWNZ - Unknown Upholstery Code,,WBSUR9C57BVP76093,,VP76093,"MSRP,ZCV,ZPP,494,655,688",,,"May 18, 2011",,,,,,,,,,,
B44 - Valencia Orange Metallic,,LWNZ - Unknown Upholstery Code,,WBSUR9C59BVP76094,,VP76094,"MSRP,494",,,"May 18, 2011",,,,,,,,,,,
475 - Black Sapphire Metallic,,LWNZ - Unknown Upholstery Code,,WBSUR9C50BVP76095,,VP76095,"MSRP,ZCV,ZPP,688",,,"May 19, 2011",,,,,,,,,,,
300 - Alpine White,,LWNZ - Unknown Upholstery Code,,WBSUR9C52BVP76096,,VP76096,"MSRP,ZCV,ZPP,494,655,688,6NR",,,"May 19, 2011",,,,,,,,,,,
475 - Black Sapphire Metallic,,LWNZ - Unknown Upholstery Code,,WBSUR9C54BVP76097,,VP76097,"MSRP,ZCV,ZPP,494,655,688,6NR",,,"May 19, 2011",,,,,,,,,,,
B44 - Valencia Orange Metallic,,LWNZ - Unknown Upholstery Code,,WBSUR9C56BVP76098,,VP76098,"MSRP,ZCV,ZPP,494,655,688,6NR",,,"May 19, 2011",,,,,,,,,,,
300 - Alpine White,,LWNZ - Unknown Upholstery Code,,WBSUR9C58BVP76099,,VP76099,"MSRP,ZCV,ZPP,494,655,688",,,"May 19, 2011",,,,,,,,,,,
300 - Alpine White,,LWNZ - Unknown Upholstery Code,,WBSUR9C50BVP76100,,VP76100,"MSRP,494,6NR",,,"May 19, 2011",,,,,,,,,,,
300 - Alpine White,,LWNZ - Unknown Upholstery Code,,WBSUR9C52BVP76101,,VP76101,"MSRP,ZCV,ZPP,494,6NR",,,"May 19, 2011",,,,,,,,,,,
475 - Black Sapphire Metallic,,LWNZ - Unknown Upholstery Code,,WBSUR9C54BVP76102,,VP76102,"MSRP,ZCV,ZPP,494,688",,,"May 19, 2011",,,,,,,,,,,
300 - Alpine White,,LWNZ - Unknown Upholstery Code,,WBSUR9C56BVP76103,,VP76103,"MSRP,ZCV,ZPP,494,655,688,6NR",,,"May 20, 2011",,,,,,,,,,,
300 - Alpine White,,LWNZ - Unknown Upholstery Code,,WBSUR9C58BVP76104,,VP76104,"MSRP,ZCV,ZPP,494,655,688,6NR",,,"May 20, 2011",,,,,,,,,,,
475 - Black Sapphire Metallic,,LWNZ - Unknown Upholstery Code,,WBSUR9C5XBVP76105,,VP76105,"MSRP,655",,,"May 20, 2011",,,,,,,,,,,
475 - Black Sapphire Metallic,,LWNZ - Unknown Upholstery Code,,WBSUR9C51BVP76106,,VP76106,"MSRP,ZCV,ZPP,655",,,"May 20, 2011",,,,,,,,,,,
B44 - Valencia Orange Metallic,,LWNZ - Unknown Upholstery Code,,WBSUR9C53BVP76107,,VP76107,"MSRP,ZCV,ZPP,494,655,688,6NR",,,"May 20, 2011",,,,,,,,,,,
300 - Alpine White,,LWNZ - Unknown Upholstery Code,,WBSUR9C55BVP76108,,VP76108,"MSRP,ZCV,ZPP,688,6NR",,,"May 20, 2011",,,,,,,,,,,
B44 - Valencia Orange Metallic,,LWNZ - Unknown Upholstery Code,,WBSUR9C57BVP76109,,VP76109,"MSRP,ZCV,ZPP,494,655,688,6NR",,,"May 20, 2011",,,,,,,,,,,
300 - Alpine White,,LWNZ - Unknown Upholstery Code,,WBSUR9C53BVP76110,,VP76110,"MSRP,ZCV,ZPP,494,655,688,6NR",,,"May 20, 2011",,,,,,,,,,,
475 - Black Sapphire Metallic,,LWNZ - Unknown Upholstery Code,,WBSUR9C55BVP76111,,VP76111,"MSRP,494",,,"May 20, 2011",,,,,,,,,,,
475 - Black Sapphire Metallic,,LWNZ - Unknown Upholstery Code,,WBSUR9C57BVP76112,,VP76112,"MSRP,494",,,"May 20, 2011",,,,,,,,,,,
B44 - Valencia Orange Metallic,,LWNZ - Unknown Upholstery Code,,WBSUR9C59BVP76113,,VP76113,"MSRP,ZCV,ZPP,494,6NR",,,"May 21, 2011",,,,,,,,,,,
300 - Alpine White,,LWNZ - Unknown Upholstery Code,,WBSUR9C50BVP76114,,VP76114,"MSRP,ZCV,ZPP,494,655,688,6NR",,,"May 21, 2011",,,,,,,,,,,
475 - Black Sapphire Metallic,,LWNZ - Unknown Upholstery Code,,WBSUR9C52BVP76115,,VP76115,"MSRP,ZPP,688",,,"May 21, 2011",,,,,,,,,,,
300 - Alpine White,,LWNZ - Unknown Upholstery Code,,WBSUR9C54BVP76116,,VP76116,"MSRP,ZCV,ZPP,494,655,688,6NR",,,"May 23, 2011",,,,,,,,,,,
300 - Alpine White,,LWNZ - Unknown Upholstery Code,,WBSUR9C56BVP76117,,VP76117,"MSRP,ZCV,ZPP,494,655,688,6NR",,,"May 23, 2011",,,,,,,,,,,
B44 - Valencia Orange Metallic,,LWNZ - Unknown Upholstery Code,,WBSUR9C58BVP76118,,VP76118,"MSRP,ZCV,ZPP,494,655,688,6NR",,,"May 23, 2011",,,,,,,,,,,
B44 - Valencia Orange Metallic,,LWNZ - Unknown Upholstery Code,,WBSUR9C5XBVP76119,,VP76119,"MSRP,ZCV,ZPP,494,655,688,6NR",,,"May 23, 2011",,,,,,,,,,,
300 - Alpine White,,LWNZ - Unknown Upholstery Code,,WBSUR9C56BVP76120,,VP76120,"MSRP,ZCV,ZPP,494,688,6NR",,,"May 24, 2011",,,,,,,,,,,
300 - Alpine White,,LWNZ - Unknown Upholstery Code,,WBSUR9C58BVP76121,,VP76121,"MSRP,ZCV,ZPP,494,688",,,"May 24, 2011",,,,,,,,,,,
300 - Alpine White,,LWNZ - Unknown Upholstery Code,,WBSUR9C5XBVP76122,,VP76122,"MSRP,ZCV,ZPP,494",,,"May 25, 2011",,,,,,,,,,,
B44 - Valencia Orange Metallic,,LWNZ - Unknown Upholstery Code,,WBSUR9C51BVP76123,,VP76123,"MSRP,ZCV,ZPP,494,655,688,6NR",,,"May 25, 2011",,,,,,,,,,,
B44 - Valencia Orange Metallic,,LWNZ - Unknown Upholstery Code,,WBSUR9C53BVP76124,,VP76124,"MSRP,ZCV,ZPP,494,655,688,6NR",,,"May 26, 2011",,,,,,,,,,,
B44 - Valencia Orange Metallic,,LWNZ - Unknown Upholstery Code,,WBSUR9C55BVP76125,,VP76125,"MSRP,ZCV,ZPP,494,655,688,6NR",,,"May 26, 2011",,,,,,,,,,,
B44 - Valencia Orange Metallic,,LWNZ - Unknown Upholstery Code,,WBSUR9C57BVP76126,,VP76126,"MSRP,ZCV,ZPP,494,688,6NR",,,"May 26, 2011",,,,,,,,,,,
475 - Black Sapphire Metallic,,LWNZ - Unknown Upholstery Code,,WBSUR9C59BVP76127,,VP76127,"MSRP,ZCV,ZPP,494,655,688,6NR",,,"May 26, 2011",,,,,,,,,,,
300 - Alpine White,,LWNZ - Unknown Upholstery Code,,WBSUR9C50BVP76128,,VP76128,"MSRP,ZCV,ZPP,494,655,688,6NR",,,"May 27, 2011",,,,,,,,,,,
300 - Alpine White,,LWNZ - Unknown Upholstery Code,,WBSUR9C52BVP76129,,VP76129,"MSRP,ZCV,ZPP,494,655,688",,,"May 27, 2011",,,,,,,,,,,
B44 - Valencia Orange Metallic,,LWNZ - Unknown Upholstery Code,,WBSUR9C59BVP76130,,VP76130,"MSRP,ZCV,ZPP,494,655,688,6NR",,,"May 27, 2011",,,,,,,,,,,
300 - Alpine White,,LWNZ - Unknown Upholstery Code,,WBSUR9C50BVP76131,,VP76131,"MSRP,ZCV,ZPP,494,655,688,6NR",,,"May 27, 2011",,,,,,,,,,,
300 - Alpine White,,LWNZ - Unknown Upholstery Code,,WBSUR9C52BVP76132,,VP76132,"MSRP,ZCV,ZPP,494,655,688",,,"May 27, 2011",,,,,,,,,,,
B44 - Valencia Orange Metallic,,LWNZ - Unknown Upholstery Code,,WBSUR9C54BVP76133,,VP76133,"MSRP,ZCV,ZPP,494,655,688,6NR",,,"May 27, 2011",,,,,,,,,,,
300 - Alpine White,,LWNZ - Unknown Upholstery Code,,WBSUR9C56BVP76134,,VP76134,"MSRP,ZCV,ZPP,494,655,688,6NR",,,"May 27, 2011",,,,,,,,,,,
B44 - Valencia Orange Metallic,,LWNZ - Unknown Upholstery Code,,WBSUR9C58BVP76135,,VP76135,MSRP,,,"May 28, 2011",,,,,,,,,,,
B44 - Valencia Orange Metallic,,LWNZ - Unknown Upholstery Code,,WBSUR9C5XBVP76136,,VP76136,"MSRP,ZCV,ZPP,494,688,6NR",,,"May 28, 2011",,,,,,,,,,,
475 - Black Sapphire Metallic,,LWNZ - Unknown Upholstery Code,,WBSUR9C51BVP76137,,VP76137,"MSRP,ZPP,688",,,"May 28, 2011",,,,,,,,,,,
300 - Alpine White,,LWNZ - Unknown Upholstery Code,,WBSUR9C53BVP76138,,VP76138,"MSRP,ZCV,ZPP,494,688,6NR",,,"May 28, 2011",,,,,,,,,,,
475 - Black Sapphire Metallic,,LWNZ - Unknown Upholstery Code,,WBSUR9C55BVP76139,,VP76139,"MSRP,ZCV,ZPP,494,655,688,6NR",,,"May 28, 2011",,,,,,,,,,,
475 - Black Sapphire Metallic,,LWNZ - Unknown Upholstery Code,,WBSUR9C51BVP76140,,VP76140,"MSRP,ZCV,ZPP,494,655,688,6NR",,,"May 28, 2011",,,,,,,,,,,
300 - Alpine White,,LWNZ - Unknown Upholstery Code,,WBSUR9C53BVP76141,,VP76141,"MSRP,494",,,"May 28, 2011",,,,,,,,,,,
300 - Alpine White,,LWNZ - Unknown Upholstery Code,,WBSUR9C55BVP76142,,VP76142,"MSRP,ZCV,ZPP,494,6NR",,,"May 30, 2011",,,,,,,,,,,
300 - Alpine White,,LWNZ - Unknown Upholstery Code,,WBSUR9C57BVP76143,,VP76143,"MSRP,ZCV,ZPP,494,655,688",,,"Jun 1, 2011",,,,,,,,,,,
B44 - Valencia Orange Metallic,,LWNZ - Unknown Upholstery Code,,WBSUR9C59BVP76144,,VP76144,"MSRP,ZCV,ZPP,494,655,688,6NR",,,"Jun 1, 2011",,,,,,,,,,,
475 - Black Sapphire Metallic,,LWNZ - Unknown Upholstery Code,,WBSUR9C50BVP76145,,VP76145,"MSRP,ZCV,ZPP,494,655,688,6NR",,,"Jun 1, 2011",,,,,,,,,,,
475 - Black Sapphire Metallic,,LWNZ - Unknown Upholstery Code,,WBSUR9C52BVP76146,,VP76146,"MSRP,ZCV,ZPP,494,655,688,6NR",,,"Jun 1, 2011",,,,,,,,,,,
300 - Alpine White,,LWNZ - Unknown Upholstery Code,,WBSUR9C54BVP76147,,VP76147,"MSRP,494,655",,,"Jun 1, 2011",,,,,,,,,,,
300 - Alpine White,,LWNZ - Unknown Upholstery Code,,WBSUR9C56BVP76148,,VP76148,"MSRP,494,6NR",,,"Jun 3, 2011",,,,,,,,,,,
475 - Black Sapphire Metallic,,LWNZ - Unknown Upholstery Code,,WBSUR9C58BVP76149,,VP76149,"MSRP,494,6NR",,,"Jun 3, 2011",,,,,,,,,,,
B44 - Valencia Orange Metallic,,LWNZ - Unknown Upholstery Code,,WBSUR9C54BVP76150,,VP76150,"MSRP,688",,,"Jun 3, 2011",,,,,,,,,,,
300 - Alpine White,,LWNZ - Unknown Upholstery Code,,WBSUR9C56BVP76151,,VP76151,"MSRP,ZCV,ZPP,494,655,688,6NR",,,"Jun 4, 2011",,,,,,,,,,,
475 - Black Sapphire Metallic,,LWNZ - Unknown Upholstery Code,,WBSUR9C58BVP76152,,VP76152,"MSRP,ZCV,ZPP,494,655,688,6NR",,,"Jun 4, 2011",,,,,,,,,,,
475 - Black Sapphire Metallic,,LWNZ - Unknown Upholstery Code,,WBSUR9C5XBVP76153,,VP76153,"MSRP,ZCV,ZPP",,,"Jun 5, 2011",,,,,,,,,,,
B44 - Valencia Orange Metallic,,LWNZ - Unknown Upholstery Code,,WBSUR9C51BVP76154,,VP76154,"MSRP,ZCV,ZPP,494,6NR",,,"Jun 6, 2011",,,,,,,,,,,
300 - Alpine White,,LWNZ - Unknown Upholstery Code,,WBSUR9C53BVP76155,,VP76155,"MSRP,ZCV,ZPP,494,655,688,6NR",,,"Jun 6, 2011",,,,,,,,,,,
B44 - Valencia Orange Metallic,,LWNZ - Unknown Upholstery Code,,WBSUR9C55BVP76156,,VP76156,"MSRP,ZCV,ZPP,494,688",,,"Jun 7, 2011",,,,,,,,,,,
B44 - Valencia Orange Metallic,,LWNZ - Unknown Upholstery Code,,WBSUR9C57BVP76157,,VP76157,"MSRP,ZCV,ZPP,494,655,688",,,"Jun 7, 2011",,,,,,,,,,,
300 - Alpine White,,LWNZ - Unknown Upholstery Code,,WBSUR9C59BVP76158,,VP76158,"MSRP,ZCV,ZPP,494,655,688,6NR",,,"Jun 7, 2011",,,,,,,,,,,
B44 - Valencia Orange Metallic,,LWNZ - Unknown Upholstery Code,,WBSUR9C50BVP76159,,VP76159,"MSRP,ZCV,ZPP,494,655,6NR",,,"Jun 7, 2011",,,,,,,,,,,
300 - Alpine White,,LWNZ - Unknown Upholstery Code,,WBSUR9C57BVP76160,,VP76160,"MSRP,ZCV,ZPP,494,655,688",,,"Jun 7, 2011",,,,,,,,,,,
475 - Black Sapphire Metallic,,LWNZ - Unknown Upholstery Code,,WBSUR9C59BVP76161,,VP76161,"MSRP,ZCV,ZPP,494,655,688",,,"Jun 7, 2011",,,,,,,,,,,
B44 - Valencia Orange Metallic,,LWNZ - Unknown Upholstery Code,,WBSUR9C50BVP76162,,VP76162,"MSRP,ZCV,ZPP,494,655,688,6NR",,,"Jun 7, 2011",,,,,,,,,,,
B44 - Valencia Orange Metallic,,LWNZ - Unknown Upholstery Code,,WBSUR9C52BVP76163,,VP76163,"MSRP,ZCV,ZPP,494,655,688,6NR",,,"Jun 8, 2011",,,,,,,,,,,
300 - Alpine White,,LWNZ - Unknown Upholstery Code,,WBSUR9C54BVP76164,,VP76164,"MSRP,ZCV,ZPP,494,655,688,6NR",,,"Jun 8, 2011",,,,,,,,,,,
475 - Black Sapphire Metallic,,LWNZ - Unknown Upholstery Code,,WBSUR9C56BVP76165,,VP76165,"MSRP,494",,,"Jun 8, 2011",,,,,,,,,,,
B44 - Valencia Orange Metallic,,LWNZ - Unknown Upholstery Code,,WBSUR9C58BVP76166,,VP76166,MSRP,,,"Jun 9, 2011",,,,,,,,,,,
300 - Alpine White,,LWNZ - Unknown Upholstery Code,,WBSUR9C5XBVP76167,,VP76167,"MSRP,494",,,"Jun 9, 2011",,,,,,,,,,,
475 - Black Sapphire Metallic,,LWNZ - Unknown Upholstery Code,,WBSUR9C51BVP76168,,VP76168,"MSRP,494",,,"Jun 9, 2011",,,,,,,,,,,
300 - Alpine White,,LWNZ - Unknown Upholstery Code,,WBSUR9C53BVP76169,,VP76169,"MSRP,ZPP,655,688",,,"Jun 11, 2011",,,,,,,,,,,
B44 - Valencia Orange Metallic,,LWNZ - Unknown Upholstery Code,,WBSUR9C5XBVP76170,,VP76170,"MSRP,ZCV,ZPP,494,655,688,6NR",,,"Jun 11, 2011",,,,,,,,,,,
B44 - Valencia Orange Metallic,,LWNZ - Unknown Upholstery Code,,WBSUR9C51BVP76171,,VP76171,"MSRP,ZCV,ZPP,494,655,688",,,"Jun 11, 2011",,,,,,,,,,,
475 - Black Sapphire Metallic,,LWNZ - Unknown Upholstery Code,,WBSUR9C53BVP76172,,VP76172,"MSRP,ZCV,ZPP,494,655,688,6NR",,,"Jun 11, 2011",,,,,,,,,,,
300 - Alpine White,,LWNZ - Unknown Upholstery Code,,WBSUR9C55BVP76173,,VP76173,"MSRP,ZCV,ZPP,494,655,688,6NR",,,"Jun 11, 2011",,,,,,,,,,,
300 - Alpine White,,LWNZ - Unknown Upholstery Code,,WBSUR9C57BVP76174,,VP76174,"MSRP,ZCV,ZPP,655",,,"Jun 11, 2011",,,,,,,,,,,
300 - Alpine White,,LWNZ - Unknown Upholstery Code,,WBSUR9C59BVP76175,,VP76175,"MSRP,ZCV,ZPP,655",,,"Jun 14, 2011",,,,,,,,,,,
300 - Alpine White,,LWNZ - Unknown Upholstery Code,,WBSUR9C50BVP76176,,VP76176,"MSRP,494,655,688",,,"Jun 14, 2011",,,,,,,,,,,
475 - Black Sapphire Metallic,,LWNZ - Unknown Upholstery Code,,WBSUR9C52BVP76177,,VP76177,"MSRP,494,688",,,"Jun 14, 2011",,,,,,,,,,,
B44 - Valencia Orange Metallic,,LWNZ - Unknown Upholstery Code,,WBSUR9C54BVP76178,,VP76178,"MSRP,ZCV,ZPP,688",,,"Jun 14, 2011",,,,,,,,,,,
300 - Alpine White,,LWNZ - Unknown Upholstery Code,,WBSUR9C56BVP76179,,VP76179,"MSRP,ZCV,ZPP,655,688,6NR",,,"Jun 15, 2011",,,,,,,,,,,
B44 - Valencia Orange Metallic,,LWNZ - Unknown Upholstery Code,,WBSUR9C52BVP76180,,VP76180,"MSRP,ZCV,ZPP,494,688",,,"Jun 15, 2011",,,,,,,,,,,
300 - Alpine White,,LWNZ - Unknown Upholstery Code,,WBSUR9C54BVP76181,,VP76181,"MSRP,ZCV,ZPP,494,688,6NR",,,"Jun 15, 2011",,,,,,,,,,,
B44 - Valencia Orange Metallic,,LWNZ - Unknown Upholstery Code,,WBSUR9C56BVP76182,,VP76182,"MSRP,ZCV,ZPP,494,655,688,6NR",,,"Jun 16, 2011",,,,,,,,,,,
300 - Alpine White,,LWNZ - Unknown Upholstery Code,,WBSUR9C58BVP76183,,VP76183,"MSRP,ZCV,ZPP,494,655,688,6NR",,,"Jun 16, 2011",,,,,,,,,,,
300 - Alpine White,,LWNZ - Unknown Upholstery Code,,WBSUR9C5XBVP76184,,VP76184,"MSRP,ZCV,ZPP,494,655,688,6NR",,,"Jun 16, 2011",,,,,,,,,,,
475 - Black Sapphire Metallic,,LWNZ - Unknown Upholstery Code,,WBSUR9C51BVP76185,,VP76185,"MSRP,ZCV,ZPP,494,655,688",,,"Jun 16, 2011",,,,,,,,,,,
475 - Black Sapphire Metallic,,LWNZ - Unknown Upholstery Code,,WBSUR9C53BVP76186,,VP76186,"MSRP,494",,,"Jun 16, 2011",,,,,,,,,,,
B44 - Valencia Orange Metallic,,LWNZ - Unknown Upholstery Code,,WBSUR9C55BVP76187,,VP76187,"MSRP,494",,,"Jun 16, 2011",,,,,,,,,,,
B44 - Valencia Orange Metallic,,LWNZ - Unknown Upholstery Code,,WBSUR9C57BVP76188,,VP76188,"MSRP,ZCV,ZPP,494,655,688,6NR",,,"Jun 16, 2011",,,,,,,,,,,
B44 - Valencia Orange Metallic,,LWNZ - Unknown Upholstery Code,,WBSUR9C59BVP76189,,VP76189,"MSRP,494",,,"Jun 17, 2011",,,,,,,,,,,
B44 - Valencia Orange Metallic,,LWNZ - Unknown Upholstery Code,,WBSUR9C55BVP76190,,VP76190,"MSRP,ZCV,ZPP,494,688,6NR",,,"Jun 17, 2011",,,,,,,,,,,
475 - Black Sapphire Metallic,,LWNZ - Unknown Upholstery Code,,WBSUR9C57BVP76191,,VP76191,"MSRP,494",,,"Jun 18, 2011",,,,,,,,,,,
300 - Alpine White,,LWNZ - Unknown Upholstery Code,,WBSUR9C59BVP76192,,VP76192,"MSRP,ZPP,688",,,"Jun 18, 2011",,,,,,,,,,,
B44 - Valencia Orange Metallic,,LWNZ - Unknown Upholstery Code,,WBSUR9C50BVP76193,,VP76193,"MSRP,ZCV,ZPP,494,655,688,6NR",,,"Jun 18, 2011",,,,,,,,,,,
B44 - Valencia Orange Metallic,,LWNZ - Unknown Upholstery Code,,WBSUR9C52BVP76194,,VP76194,"MSRP,ZCV,ZPP,494,655,688,6NR",,,"Jun 18, 2011",,,,,,,,,,,
300 - Alpine White,,LWNZ - Unknown Upholstery Code,,WBSUR9C54BVP76195,,VP76195,"MSRP,ZCV,ZPP,494,655,688,6NR",,,"Jun 18, 2011",,,,,,,,,,,
300 - Alpine White,,LWNZ - Unknown Upholstery Code,,WBSUR9C56BVP76196,,VP76196,"MSRP,ZPP,494,655,688",,,"Jun 20, 2011",,,,,,,,,,,
300 - Alpine White,,LWNZ - Unknown Upholstery Code,,WBSUR9C58BVP76197,,VP76197,"MSRP,494,688",,,"Jun 20, 2011",,,,,,,,,,,
300 - Alpine White,,LWNZ - Unknown Upholstery Code,,WBSUR9C5XBVP76198,,VP76198,"MSRP,ZPP,655,688",,,"Jun 20, 2011",,,,,,,,,,,
300 - Alpine White,,LWNZ - Unknown Upholstery Code,,WBSUR9C51BVP76199,,VP76199,"MSRP,ZCV,ZPP,494,655,688,6NR",,,"Jun 20, 2011",,,,,,,,,,,
300 - Alpine White,,LWNZ - Unknown Upholstery Code,,WBSUR9C54BVP76200,,VP76200,MSRP,,,"Jun 21, 2011",,,,,,,,,,,
300 - Alpine White,,LWNZ - Unknown Upholstery Code,,WBSUR9C56BVP76201,,VP76201,"MSRP,ZCV,ZPP,494,655,688",,,"Jun 21, 2011",,,,,,,,,,,
300 - Alpine White,,LWNZ - Unknown Upholstery Code,,WBSUR9C58BVP76202,,VP76202,"MSRP,ZCV,ZPP,494,655,688",,,"Jun 21, 2011",,,,,,,,,,,
475 - Black Sapphire Metallic,,LWNZ - Unknown Upholstery Code,,WBSUR9C5XBVP76203,,VP76203,"MSRP,ZCV,ZPP,494,655,688,6NR",,,"Jun 22, 2011",,,,,,,,,,,
B44 - Valencia Orange Metallic,,LWNZ - Unknown Upholstery Code,,WBSUR9C51BVP76204,,VP76204,"MSRP,ZCV,ZPP,494,655,688,6NR",,,"Jun 22, 2011",,,,,,,,,,,
475 - Black Sapphire Metallic,,LWNZ - Unknown Upholstery Code,,WBSUR9C53BVP76205,,VP76205,"MSRP,ZCV,ZPP,494,655,688,6NR",,,"Jun 22, 2011",,,,,,,,,,,
475 - Black Sapphire Metallic,,LWNZ - Unknown Upholstery Code,,WBSUR9C55BVP76206,,VP76206,"MSRP,ZCV,ZPP,655,688",,,"Jun 22, 2011",,,,,,,,,,,
B44 - Valencia Orange Metallic,,LWNZ - Unknown Upholstery Code,,WBSUR9C57BVP76207,,VP76207,"MSRP,ZCV,ZPP,494,655,688,6NR",,,"Jun 23, 2011",,,,,,,,,,,
B44 - Valencia Orange Metallic,,LWNZ - Unknown Upholstery Code,,WBSUR9C59BVP76208,,VP76208,"MSRP,ZCV,ZPP,494,655,688,6NR",,,"Jun 23, 2011",,,,,,,,,,,
B44 - Valencia Orange Metallic,,LWNZ - Unknown Upholstery Code,,WBSUR9C50BVP76209,,VP76209,"MSRP,ZCV,ZPP,494,655,688,6NR",,,"Jun 24, 2011",,,,,,,,,,,
B44 - Valencia Orange Metallic,,LWNZ - Unknown Upholstery Code,,WBSUR9C57BVP76210,,VP76210,"MSRP,ZCV,ZPP,494,655,688,6NR",,,"Jun 24, 2011",,,,,,,,,,,
475 - Black Sapphire Metallic,,LWNZ - Unknown Upholstery Code,,WBSUR9C59BVP76211,,VP76211,"MSRP,ZCV,ZPP,494,655,688,6NR",,,"Jun 24, 2011",,,,,,,,,,,
B44 - Valencia Orange Metallic,,LWNZ - Unknown Upholstery Code,,WBSUR9C50BVP76212,,VP76212,"MSRP,ZCV,ZPP,494,655,688,6NR",,,"Jun 24, 2011",,,,,,,,,,,
475 - Black Sapphire Metallic,,LWNZ - Unknown Upholstery Code,,WBSUR9C52BVP76213,,VP76213,"MSRP,ZCV,ZPP,655,688",,,"Jun 24, 2011",,,,,,,,,,,
B44 - Valencia Orange Metallic,,LWNZ - Unknown Upholstery Code,,WBSUR9C54BVP76214,,VP76214,"MSRP,ZPP,494,655",,,"Jun 24, 2011",,,,,,,,,,,
300 - Alpine White,,LWNZ - Unknown Upholstery Code,,WBSUR9C56BVP76215,,VP76215,"MSRP,ZPP,688",,,"Jun 24, 2011",,,,,,,,,,,
B44 - Valencia Orange Metallic,,LWNZ - Unknown Upholstery Code,,WBSUR9C58BVP76216,,VP76216,"MSRP,ZCV,ZPP,494,655,688,6NR",,,"Jun 25, 2011",,,,,,,,,,,
B44 - Valencia Orange Metallic,,LWNZ - Unknown Upholstery Code,,WBSUR9C5XBVP76217,,VP76217,"MSRP,ZPP,494,688",,,"Jun 25, 2011",,,,,,,,,,,
B44 - Valencia Orange Metallic,,LWNZ - Unknown Upholstery Code,,WBSUR9C51BVP76218,,VP76218,"MSRP,ZCV,ZPP,494,655,688,6NR",,,"Jun 25, 2011",,,,,,,,,,,
300 - Alpine White,,LWNZ - Unknown Upholstery Code,,WBSUR9C53BVP76219,,VP76219,"MSRP,688",,,"Jun 25, 2011",,,,,,,,,,,
B44 - Valencia Orange Metallic,,LWNZ - Unknown Upholstery Code,,WBSUR9C5XBVP76220,,VP76220,"MSRP,494",,,"Jun 27, 2011",,,,,,,,,,,
300 - Alpine White,,LWNZ - Unknown Upholstery Code,,WBSUR9C51BVP76221,,VP76221,"MSRP,ZCV,ZPP,688,6NR",,,"Jun 28, 2011",,,,,,,,,,,
B44 - Valencia Orange Metallic,,LWNZ - Unknown Upholstery Code,,WBSUR9C53BVP76222,,VP76222,"MSRP,ZCV,ZPP,494,688,6NR",,,"Jun 28, 2011",,,,,,,,,,,
475 - Black Sapphire Metallic,,LWNZ - Unknown Upholstery Code,,WBSUR9C55BVP76223,,VP76223,"MSRP,ZCV,ZPP",,,"Jun 28, 2011",,,,,,,,,,,
300 - Alpine White,,LWNZ - Unknown Upholstery Code,,WBSUR9C57BVP76224,,VP76224,"MSRP,ZCV,ZPP,494,655,688,6NR",,,"Jun 28, 2011",,,,,,,,,,,
300 - Alpine White,,LWNZ - Unknown Upholstery Code,,WBSUR9C59BVP76225,,VP76225,"MSRP,ZCV,ZPP,494,655,688,6NR",,,"Jun 28, 2011",,,,,,,,,,,
300 - Alpine White,,LWNZ - Unknown Upholstery Code,,WBSUR9C50BVP76226,,VP76226,"MSRP,ZCV,ZPP,494,655,688,6NR",,,"Jun 28, 2011",,,,,,,,,,,
B44 - Valencia Orange Metallic,,LWNZ - Unknown Upholstery Code,,WBSUR9C52BVP76227,,VP76227,"MSRP,ZPP,494",,,"Jun 28, 2011",,,,,,,,,,,
B44 - Valencia Orange Metallic,,LWNZ - Unknown Upholstery Code,,WBSUR9C54BVP76228,,VP76228,"MSRP,ZCV,ZPP,494,655,688,6NR",,,"Jun 29, 2011",,,,,,,,,,,
475 - Black Sapphire Metallic,,LWNZ - Unknown Upholstery Code,,WBSUR9C56BVP76229,,VP76229,"MSRP,ZCV,ZPP,494,688",,,"Jun 29, 2011",,,,,,,,,,,
300 - Alpine White,,LWNZ - Unknown Upholstery Code,,WBSUR9C52BVP76230,,VP76230,"MSRP,494,655,688",,,"Jun 29, 2011",,,,,,,,,,,
300 - Alpine White,,LWNZ - Unknown Upholstery Code,,WBSUR9C54BVP76231,,VP76231,"MSRP,494,655,688",,,"Jun 29, 2011",,,,,,,,,,,
475 - Black Sapphire Metallic,,LWNZ - Unknown Upholstery Code,,WBSUR9C56BVP76232,,VP76232,"MSRP,494,688",,,"Jun 29, 2011",,,,,,,,,,,
475 - Black Sapphire Metallic,,LWNZ - Unknown Upholstery Code,,WBSUR9C58BVP76233,,VP76233,"MSRP,ZPP,494,688",,,"Jun 29, 2011",,,,,,,,,,,
B44 - Valencia Orange Metallic,,LWNZ - Unknown Upholstery Code,,WBSUR9C5XBVP76234,,VP76234,"MSRP,ZPP,494,655,688",,,"Jun 29, 2011",,,,,,,,,,,
B44 - Valencia Orange Metallic,,LWNZ - Unknown Upholstery Code,,WBSUR9C51BVP76235,,VP76235,MSRP,,,"Jun 30, 2011",,,,,,,,,,,
300 - Alpine White,,LWNZ - Unknown Upholstery Code,,WBSUR9C53BVP76236,,VP76236,MSRP,,,"Jun 30, 2011",,,,,,,,,,,
B44 - Valencia Orange Metallic,,LWNZ - Unknown Upholstery Code,,WBSUR9C55BVP76237,,VP76237,"MSRP,494",,,"Jun 30, 2011",,,,,,,,,,,
475 - Black Sapphire Metallic,,LWNZ - Unknown Upholstery Code,,WBSUR9C57BVP76238,,VP76238,"MSRP,ZCV,ZPP,494,655,688",,,"Jul 1, 2011",,,,,,,,,,,
B44 - Valencia Orange Metallic,,LWNZ - Unknown Upholstery Code,,WBSUR9C59BVP76239,,VP76239,"MSRP,ZCV,ZPP,494,655,688,6NR",,,"Jul 1, 2011",,,,,,,,,,,
B44 - Valencia Orange Metallic,,LWNZ - Unknown Upholstery Code,,WBSUR9C55BVP76240,,VP76240,"MSRP,ZCV,ZPP,494,655,688",,,"Jul 1, 2011",,,,,,,,,,,
475 - Black Sapphire Metallic,,LWNZ - Unknown Upholstery Code,,WBSUR9C57BVP76241,,VP76241,"MSRP,ZCV,ZPP,494,655,688,6NR",,,"Jul 1, 2011",,,,,,,,,,,
B44 - Valencia Orange Metallic,,LWNZ - Unknown Upholstery Code,,WBSUR9C59BVP76242,,VP76242,"MSRP,ZCV,ZPP,494,655,688",,,"Jul 2, 2011",,,,,,,,,,,
B44 - Valencia Orange Metallic,,LWNZ - Unknown Upholstery Code,,WBSUR9C50BVP76243,,VP76243,"MSRP,ZCV,ZPP,494,655,688,6NR",,,"Jul 2, 2011",,,,,,,,,,,
475 - Black Sapphire Metallic,,LWNZ - Unknown Upholstery Code,,WBSUR9C52BVP76244,,VP76244,"MSRP,ZCV,ZPP,494,655,688,6NR",,,"Jul 2, 2011",,,,,,,,,,,
475 - Black Sapphire Metallic,,LWNZ - Unknown Upholstery Code,,WBSUR9C54BVP76245,,VP76245,"MSRP,ZCV,ZPP,494,688",,,"Jul 2, 2011",,,,,,,,,,,
300 - Alpine White,,LWNZ - Unknown Upholstery Code,,WBSUR9C56BVP76246,,VP76246,"MSRP,ZCV,ZPP",,,"Jul 2, 2011",,,,,,,,,,,
300 - Alpine White,,LWNZ - Unknown Upholstery Code,,WBSUR9C58BVP76247,,VP76247,"MSRP,ZCV,494,655,688,6NR",,,"Jul 4, 2011",,,,,,,,,,,
300 - Alpine White,,LWNZ - Unknown Upholstery Code,,WBSUR9C5XBVP76248,,VP76248,"MSRP,ZCV,ZPP,494,655,688,6NR",,,"Jul 4, 2011",,,,,,,,,,,
B44 - Valencia Orange Metallic,,LWNZ - Unknown Upholstery Code,,WBSUR9C51BVP76249,,VP76249,"MSRP,ZCV,ZPP",,,"Jul 4, 2011",,,,,,,,,,,
B44 - Valencia Orange Metallic,,LWNZ - Unknown Upholstery Code,,WBSUR9C58BVP76250,,VP76250,"MSRP,ZCV,ZPP,494,655,688,6NR",,,"Jul 4, 2011",,,,,,,,,,,
300 - Alpine White,,LWNZ - Unknown Upholstery Code,,WBSUR9C5XBVP76251,,VP76251,"MSRP,ZCV,ZPP,494,688",,,"Jul 4, 2011",,,,,,,,,,,
300 - Alpine White,,LWNZ - Unknown Upholstery Code,,WBSUR9C51BVP76252,,VP76252,"MSRP,ZCV,ZPP,494,655,688,6NR",,,"Jul 5, 2011",,,,,,,,,,,
B44 - Valencia Orange Metallic,,LWNZ - Unknown Upholstery Code,,WBSUR9C53BVP76253,,VP76253,"MSRP,ZCV,ZPP,494,688,6NR",,,"Jul 6, 2011",,,,,,,,,,,
B44 - Valencia Orange Metallic,,LWNZ - Unknown Upholstery Code,,WBSUR9C55BVP76254,,VP76254,"MSRP,ZCV,ZPP,494,655,688,6NR",,,"Jul 6, 2011",,,,,,,,,,,
475 - Black Sapphire Metallic,,LWNZ - Unknown Upholstery Code,,WBSUR9C57BVP76255,,VP76255,"MSRP,ZCV,ZPP,494,688,6NR",,,"Jul 6, 2011",,,,,,,,,,,
300 - Alpine White,,LWNZ - Unknown Upholstery Code,,WBSUR9C59BVP76256,,VP76256,"MSRP,ZCV,ZPP,494,655,688,6NR",,,"Jul 6, 2011",,,,,,,,,,,
300 - Alpine White,,LWNZ - Unknown Upholstery Code,,WBSUR9C50BVP76257,,VP76257,"MSRP,ZCV,ZPP,494,688,6NR",,,"Jul 6, 2011",,,,,,,,,,,
300 - Alpine White,,LWNZ - Unknown Upholstery Code,,WBSUR9C52BVP76258,,VP76258,"MSRP,ZCV,ZPP,494,655,688,6NR",,,"Jul 7, 2011",,,,,,,,,,,
B44 - Valencia Orange Metallic,,LWNZ - Unknown Upholstery Code,,WBSUR9C54BVP76259,,VP76259,"MSRP,ZCV,ZPP,494,655,688,6NR",,,"Jul 7, 2011",,,,,,,,,,,
300 - Alpine White,,LWNZ - Unknown Upholstery Code,,WBSUR9C50BVP76260,,VP76260,MSRP,,,"Jul 7, 2011",,,,,,,,,,,
B44 - Valencia Orange Metallic,,LWNZ - Unknown Upholstery Code,,WBSUR9C52BVP76261,,VP76261,"MSRP,494,6NR",,,"Jul 7, 2011",,,,,,,,,,,
300 - Alpine White,,LWNZ - Unknown Upholstery Code,,WBSUR9C54BVP76262,,VP76262,"MSRP,494,688",,,"Jul 8, 2011",,,,,,,,,,,
300 - Alpine White,,LWNZ - Unknown Upholstery Code,,WBSUR9C56BVP76263,,VP76263,"MSRP,494,688",,,"Jul 8, 2011",,,,,,,,,,,
B44 - Valencia Orange Metallic,,LWNZ - Unknown Upholstery Code,,WBSUR9C58BVP76264,,VP76264,"MSRP,ZCV,ZPP,494,655,688,6NR",,,"Jul 8, 2011",,,,,,,,,,,
300 - Alpine White,,LWNZ - Unknown Upholstery Code,,WBSUR9C5XBVP76265,,VP76265,"MSRP,ZCV,ZPP,688,6NR",,,"Jul 8, 2011",,,,,,,,,,,
475 - Black Sapphire Metallic,,LWNZ - Unknown Upholstery Code,,WBSUR9C51BVP76266,,VP76266,"MSRP,ZCV,ZPP,494,655,688,6NR",,,"Jul 8, 2011",,,,,,,,,,,
B44 - Valencia Orange Metallic,,LWNZ - Unknown Upholstery Code,,WBSUR9C53BVP76267,,VP76267,"MSRP,ZPP,688",,,"Jul 9, 2011",,,,,,,,,,,
B44 - Valencia Orange Metallic,,LWNZ - Unknown Upholstery Code,,WBSUR9C55BVP76268,,VP76268,"MSRP,ZPP,494",,,"Jul 9, 2011",,,,,,,,,,,
300 - Alpine White,,LWNZ - Unknown Upholstery Code,,WBSUR9C57BVP76269,,VP76269,"MSRP,ZPP,688",,,"Jul 9, 2011",,,,,,,,,,,
475 - Black Sapphire Metallic,,LWNZ - Unknown Upholstery Code,,WBSUR9C53BVP76270,,VP76270,"MSRP,ZPP,494,688",,,"Jul 11, 2011",,,,,,,,,,,
475 - Black Sapphire Metallic,,LWNZ - Unknown Upholstery Code,,WBSUR9C55BVP76271,,VP76271,"MSRP,655,688",,,"Jul 11, 2011",,,,,,,,,,,
300 - Alpine White,,LWNZ - Unknown Upholstery Code,,WBSUR9C57BVP76272,,VP76272,"MSRP,494",,,"Jul 11, 2011",,,,,,,,,,,
B44 - Valencia Orange Metallic,,LWNZ - Unknown Upholstery Code,,WBSUR9C59BVP76273,,VP76273,"MSRP,ZCV,ZPP,494,688",,,"Jul 12, 2011",,,,,,,,,,,
300 - Alpine White,,LWNZ - Unknown Upholstery Code,,WBSUR9C50BVP76274,,VP76274,"MSRP,ZCV,ZPP,494,655,688,6NR",,,"Jul 12, 2011",,,,,,,,,,,
300 - Alpine White,,LWNZ - Unknown Upholstery Code,,WBSUR9C52BVP76275,,VP76275,"MSRP,ZCV,ZPP,688",,,"Jul 12, 2011",,,,,,,,,,,
300 - Alpine White,,LWNZ - Unknown Upholstery Code,,WBSUR9C54BVP76276,,VP76276,"MSRP,ZCV,ZPP,494,688,6NR",,,"Jul 12, 2011",,,,,,,,,,,
B44 - Valencia Orange Metallic,,LWNZ - Unknown Upholstery Code,,WBSUR9C56BVP76277,,VP76277,"MSRP,ZCV,ZPP,494,655",,,"Jul 12, 2011",,,,,,,,,,,
B44 - Valencia Orange Metallic,,LWNZ - Unknown Upholstery Code,,WBSUR9C58BVP76278,,VP76278,"MSRP,ZCV,ZPP,688,6NR",,,"Jul 12, 2011",,,,,,,,,,,
B44 - Valencia Orange Metallic,,LWNZ - Unknown Upholstery Code,,WBSUR9C5XBVP76279,,VP76279,"MSRP,ZCV,ZPP,494,655,688,6NR",,,"Jul 12, 2011",,,,,,,,,,,
B44 - Valencia Orange Metallic,,LWNZ - Unknown Upholstery Code,,WBSUR9C56BVP76280,,VP76280,"MSRP,ZCV,ZPP,494,655,688,6NR",,,"Jul 13, 2011",,,,,,,,,,,
B44 - Valencia Orange Metallic,,LWNZ - Unknown Upholstery Code,,WBSUR9C58BVP76281,,VP76281,"MSRP,ZCV,ZPP,494,655,688,6NR",,,"Jul 13, 2011",,,,,,,,,,,
B44 - Valencia Orange Metallic,,LWNZ - Unknown Upholstery Code,,WBSUR9C5XBVP76282,,VP76282,"MSRP,ZCV,ZPP,494,688",,,"Jul 13, 2011",,,,,,,,,,,
300 - Alpine White,,LWNZ - Unknown Upholstery Code,,WBSUR9C51BVP76283,,VP76283,"MSRP,ZCV,ZPP,494,688",,,"Jul 13, 2011",,,,,,,,,,,
300 - Alpine White,,LWNZ - Unknown Upholstery Code,,WBSUR9C53BVP76284,,VP76284,"MSRP,ZCV,ZPP,494,655,688,6NR",,,"Jul 13, 2011",,,,,,,,,,,
475 - Black Sapphire Metallic,,LWNZ - Unknown Upholstery Code,,WBSUR9C55BVP76285,,VP76285,"MSRP,ZCV,ZPP,494,655,688,6NR",,,"Jul 13, 2011",,,,,,,,,,,
475 - Black Sapphire Metallic,,LWNZ - Unknown Upholstery Code,,WBSUR9C57BVP76286,,VP76286,"MSRP,688",,,"Jul 13, 2011",,,,,,,,,,,
475 - Black Sapphire Metallic,,LWNZ - Unknown Upholstery Code,,WBSUR9C59BVP76287,,VP76287,"MSRP,688",,,"Jul 13, 2011",,,,,,,,,,,
B44 - Valencia Orange Metallic,,LWNZ - Unknown Upholstery Code,,WBSUR9C50BVP76288,,VP76288,"MSRP,ZPP,494",,,"Jul 14, 2011",,,,,,,,,,,
475 - Black Sapphire Metallic,,LWNZ - Unknown Upholstery Code,,WBSUR9C52BVP76289,,VP76289,"MSRP,494",,,"Jul 14, 2011",,,,,,,,,,,
B44 - Valencia Orange,,LWNZ - Unknown Upholstery Code,,WBSUR9C59BVP76290,,VP76290,"MSRP,688",,,"Jul 14, 2011",,,,,,,,,,,
300 - Alpine White,,LWNZ - Unknown Upholstery Code,,WBSUR9C50BVP76291,,VP76291,"MSRP,494",,,"Jul 14, 2011",,,,,,,,,,,
B44 - Valencia Orange Metallic,,LWNZ - Unknown Upholstery Code,,WBSUR9C52BVP76292,,VP76292,"MSRP,ZCV,ZPP,494,655,688",,,"Jul 14, 2011",,,,,,,,,,,
475 - Black Sapphire Metallic,,LWNZ - Unknown Upholstery Code,,WBSUR9C54BVP76293,,VP76293,"MSRP,ZCV,ZPP,494,655,688,6NR",,,"Jul 14, 2011",,,,,,,,,,,
B44 - Valencia Orange Metallic,,LWNZ - Unknown Upholstery Code,,WBSUR9C56BVP76294,,VP76294,"MSRP,494",,,"Jul 14, 2011",,,,,,,,,,,
300 - Alpine White,,LWNZ - Unknown Upholstery Code,,WBSUR9C58BVP76295,,VP76295,"MSRP,494,655",,,"Jul 14, 2011",,,,,,,,,,,
475 - Black Sapphire Metallic,,LWNZ - Unknown Upholstery Code,,WBSUR9C5XBVP76296,,VP76296,"MSRP,ZCV,ZPP,494,655,688,6NR",,,"Jul 15, 2011",,,,,,,,,,,
B44 - Valencia Orange Metallic,,LWNZ - Unknown Upholstery Code,,WBSUR9C51BVP76297,,VP76297,"MSRP,ZCV,ZPP,494,655,688,6NR",,,"Jul 15, 2011",,,,,,,,,,,
300 - Alpine White,,LWNZ - Unknown Upholstery Code,,WBSUR9C53BVP76298,,VP76298,"MSRP,494,6NR",,,"Jul 15, 2011",,,,,,,,,,,
475 - Black Sapphire Metallic,,LWNZ - Unknown Upholstery Code,,WBSUR9C55BVP76299,,VP76299,"MSRP,ZCV,ZPP,494,688,6NR",,,"Jul 15, 2011",,,,,,,,,,,
475 - Black Sapphire Metallic,,LWNZ - Unknown Upholstery Code,,WBSUR9C58BVP76300,,VP76300,"MSRP,ZCV,ZPP,655,688",,,"Jul 15, 2011",,,,,,,,,,,
B44 - Valencia Orange Metallic,,LWNZ - Unknown Upholstery Code,,WBSUR9C5XBVP76301,,VP76301,"MSRP,ZCV,ZPP,494,655,688,6NR",,,"Jul 15, 2011",,,,,,,,,,,
B44 - Valencia Orange Metallic,,LWNZ - Unknown Upholstery Code,,WBSUR9C51BVP76302,,VP76302,"MSRP,ZCV,ZPP,494,688",,,"Jul 15, 2011",,,,,,,,,,,
B44 - Valencia Orange Metallic,,LWNZ - Unknown Upholstery Code,,WBSUR9C53BVP76303,,VP76303,"MSRP,ZCV,ZPP,494,688,6NR",,,"Jul 16, 2011",,,,,,,,,,,
300 - Alpine White,,LWNZ - Unknown Upholstery Code,,WBSUR9C55BVP76304,,VP76304,"MSRP,ZCV,ZPP,494,655,688,6NR",,,"Jul 16, 2011",,,,,,,,,,,
300 - Alpine White,,LWNZ - Unknown Upholstery Code,,WBSUR9C57BVP76305,,VP76305,"MSRP,655",,,"Jul 16, 2011",,,,,,,,,,,
300 - Alpine White,,LWNZ - Unknown Upholstery Code,,WBSUR9C59BVP76306,,VP76306,"MSRP,ZCV,ZPP,494,655,688",,,"Jul 16, 2011",,,,,,,,,,,
B44 - Valencia Orange Metallic,,LWNZ - Unknown Upholstery Code,,WBSUR9C50BVP76307,,VP76307,"MSRP,ZCV,ZPP,494,655,688,6NR",,,"Jul 16, 2011",,,,,,,,,,,
B44 - Valencia Orange Metallic,,LWNZ - Unknown Upholstery Code,,WBSUR9C52BVP76308,,VP76308,"MSRP,494",,,"Jul 16, 2011",,,,,,,,,,,
B44 - Valencia Orange Metallic,,LWNZ - Unknown Upholstery Code,,WBSUR9C54BVP76309,,VP76309,"MSRP,ZCV,ZPP,494,655,688,6NR",,,"Jul 16, 2011",,,,,,,,,,,
475 - Black Sapphire Metallic,,LWNZ - Unknown Upholstery Code,,WBSUR9C50BVP76310,,VP76310,"MSRP,ZCV,ZPP,494,655,688,6NR",,,"Jul 18, 2011",,,,,,,,,,,
B44 - Valencia Orange Metallic,,LWNZ - Unknown Upholstery Code,,WBSUR9C52BVP76311,,VP76311,"MSRP,ZCV,ZPP,494,655,688,6NR",,,"Jul 18, 2011",,,,,,,,,,,
300 - Alpine White,,LWNZ - Unknown Upholstery Code,,WBSUR9C54BVP76312,,VP76312,"MSRP,ZCV,ZPP,494,655,688,6NR",,,"Jul 18, 2011",,,,,,,,,,,
475 - Black Sapphire Metallic,,LWNZ - Unknown Upholstery Code,,WBSUR9C56BVP76313,,VP76313,"MSRP,ZCV,ZPP,494,655,688",,,"Jul 18, 2011",,,,,,,,,,,
475 - Black Sapphire Metallic,,LWNZ - Unknown Upholstery Code,,WBSUR9C58BVP76314,,VP76314,"MSRP,ZCV,ZPP,494,655,688",,,"Jul 18, 2011",,,,,,,,,,,
B44 - Valencia Orange Metallic,,LWNZ - Unknown Upholstery Code,,WBSUR9C5XBVP76315,,VP76315,"MSRP,ZCV,ZPP,494,655,688,6NR",,,"Jul 18, 2011",,,,,,,,,,,
475 - Black Sapphire Metallic,,LWNZ - Unknown Upholstery Code,,WBSUR9C51BVP76316,,VP76316,"MSRP,ZCV,ZPP,494,655,688,6NR",,,"Jul 19, 2011",,,,,,,,,,,
300 - Alpine White,,LWNZ - Unknown Upholstery Code,,WBSUR9C53BVP76317,,VP76317,"MSRP,ZCV,ZPP,494,655,688,6NR",,,"Jul 19, 2011",,,,,,,,,,,
B44 - Valencia Orange Metallic,,LWNZ - Unknown Upholstery Code,,WBSUR9C55BVP76318,,VP76318,"MSRP,ZCV,ZPP,655,688,6NR",,,"Jul 19, 2011",,,,,,,,,,,
300 - Alpine White,,LWNZ - Unknown Upholstery Code,,WBSUR9C57BVP76319,,VP76319,"MSRP,ZCV,ZPP,494",,,"Jul 19, 2011",,,,,,,,,,,
B44 - Valencia Orange Metallic,,LWNZ - Unknown Upholstery Code,,WBSUR9C53BVP76320,,VP76320,"MSRP,ZCV,ZPP,494,655,688,6NR",,,"Jul 19, 2011",,,,,,,,,,,
300 - Alpine White,,LWNZ - Unknown Upholstery Code,,WBSUR9C55BVP76321,,VP76321,"MSRP,ZCV,ZPP,494,655,688,6NR",,,"Jul 19, 2011",,,,,,,,,,,
B44 - Valencia Orange Metallic,,LWNZ - Unknown Upholstery Code,,WBSUR9C57BVP76322,,VP76322,"MSRP,494",,,"Jul 20, 2011",,,,,,,,,,,
B44 - Valencia Orange Metallic,,LWNZ - Unknown Upholstery Code,,WBSUR9C59BVP76323,,VP76323,"MSRP,494",,,"Jul 20, 2011",,,,,,,,,,,
300 - Alpine White,,LWNZ - Unknown Upholstery Code,,WBSUR9C50BVP76324,,VP76324,MSRP,,,"Jul 21, 2011",,,,,,,,,,,
475 - Black Sapphire Metallic,,LWNZ - Unknown Upholstery Code,,WBSUR9C52BVP76325,,VP76325,"MSRP,494,688",,,"Jul 21, 2011",,,,,,,,,,,
475 - Black Sapphire Metallic,,LWNZ - Unknown Upholstery Code,,WBSUR9C54BVP76326,,VP76326,MSRP,,,"Jul 21, 2011",,,,,,,,,,,
300 - Alpine White,,LWNZ - Unknown Upholstery Code,,WBSUR9C56BVP76327,,VP76327,"MSRP,494",,,"Jul 21, 2011",,,,,,,,,,,
B44 - Valencia Orange Metallic,,LWNZ - Unknown Upholstery Code,,WBSUR9C58BVP76328,,VP76328,"MSRP,ZCV,ZPP,494,688,6NR",,,"Jul 22, 2011",,,,,,,,,,,
300 - Alpine White,,LWNZ - Unknown Upholstery Code,,WBSUR9C5XBVP76329,,VP76329,"MSRP,494",,,"Jul 22, 2011",,,,,,,,,,,
B44 - Valencia Orange Metallic,,LWNZ - Unknown Upholstery Code,,WBSUR9C56BVP76330,,VP76330,"MSRP,ZCV,ZPP,494,655,688",,,"Jul 22, 2011",,,,,,,,,,,
300 - Alpine White,,LWNZ - Unknown Upholstery Code,,WBSUR9C58BVP76331,,VP76331,"MSRP,ZCV,ZPP,494,655,688",,,"Jul 22, 2011",,,,,,,,,,,
B44 - Valencia Orange Metallic,,LWNZ - Unknown Upholstery Code,,WBSUR9C5XBVP76332,,VP76332,"MSRP,ZCV,ZPP,494,655,688",,,"Jul 22, 2011",,,,,,,,,,,
300 - Alpine White,,LWNZ - Unknown Upholstery Code,,WBSUR9C51BVP76333,,VP76333,"MSRP,ZCV,ZPP,494,655,688,6NR",,,"Jul 22, 2011",,,,,,,,,,,
B44 - Valencia Orange Metallic,,LWNZ - Unknown Upholstery Code,,WBSUR9C53BVP76334,,VP76334,"MSRP,688",,,"Aug 5, 2011",,,,,,,,,,,
B44 - Valencia Orange Metallic,,LWNZ - Unknown Upholstery Code,,WBSUR9C55BVP76335,,VP76335,"MSRP,494,655,688",,,"Aug 5, 2011",,,,,,,,,,,
B44 - Valencia Orange Metallic,,LWNZ - Unknown Upholstery Code,,WBSUR9C57BVP76336,,VP76336,"MSRP,688",,,"Aug 8, 2011",,,,,,,,,,,
B44 - Valencia Orange Metallic,,LWNZ - Unknown Upholstery Code,,WBSUR9C59BVP76337,,VP76337,"MSRP,ZCV,ZPP,494,655,688,6NR",,,"Aug 8, 2011",,,,,,,,,,,
475 - Black Sapphire Metallic,,LWNZ - Unknown Upholstery Code,,WBSUR9C50BVP76338,,VP76338,"MSRP,494",,,"Aug 8, 2011",,,,,,,,,,,
300 - Alpine White,,LWNZ - Unknown Upholstery Code,,WBSUR9C52BVP76339,,VP76339,"MSRP,494",,,"Aug 8, 2011",,,,,,,,,,,
B44 - Valencia Orange Metallic,,LWNZ - Unknown Upholstery Code,,WBSUR9C59BVP76340,,VP76340,"MSRP,ZCV,ZPP,494,655,688,6NR",,,"Aug 8, 2011",,,,,,,,,,,
B44 - Valencia Orange Metallic,,LWNZ - Unknown Upholstery Code,,WBSUR9C50BVP76341,,VP76341,"MSRP,ZCV,ZPP,494,655,688",,,"Aug 8, 2011",,,,,,,,,,,
475 - Black Sapphire Metallic,,LWNZ - Unknown Upholstery Code,,WBSUR9C52BVP76342,,VP76342,"MSRP,ZCV,ZPP,494,655,688,6NR",,,"Aug 8, 2011",,,,,,,,,,,
475 - Black Sapphire Metallic,,LWNZ - Unknown Upholstery Code,,WBSUR9C54BVP76343,,VP76343,"MSRP,ZCV,ZPP,494,655,688,6NR",,,"Aug 8, 2011",,,,,,,,,,,
475 - Black Sapphire Metallic,,LWNZ - Unknown Upholstery Code,,WBSUR9C56BVP76344,,VP76344,"MSRP,ZCV,ZPP,494,655,688,6NR",,,"Aug 9, 2011",,,,,,,,,,,
475 - Black Sapphire Metallic,,LWNZ - Unknown Upholstery Code,,WBSUR9C58BVP76345,,VP76345,"MSRP,ZCV,ZPP,494,655,688",,,"Aug 9, 2011",,,,,,,,,,,
475 - Black Sapphire Metallic,,LWNZ - Unknown Upholstery Code,,WBSUR9C5XBVP76346,,VP76346,"MSRP,688",,,"Aug 9, 2011",,,,,,,,,,,
B44 - Valencia Orange Metallic,,LWNZ - Unknown Upholstery Code,,WBSUR9C51BVP76347,,VP76347,"MSRP,655,688",,,"Aug 9, 2011",,,,,,,,,,,
300 - Alpine White,,LWNZ - Unknown Upholstery Code,,WBSUR9C53BVP76348,,VP76348,"MSRP,655",,,"Aug 9, 2011",,,,,,,,,,,
475 - Black Sapphire Metallic,,LWNZ - Unknown Upholstery Code,,WBSUR9C55BVP76349,,VP76349,"MSRP,494",,,"Aug 9, 2011",,,,,,,,,,,
300 - Alpine White,,LWNZ - Unknown Upholstery Code,,WBSUR9C51BVP76350,,VP76350,"MSRP,ZCV,ZPP,494,655,688,6NR",,,"Aug 10, 2011",,,,,,,,,,,
300 - Alpine White,,LWNZ - Unknown Upholstery Code,,WBSUR9C53BVP76351,,VP76351,"MSRP,ZCV,ZPP,494,655,688,6NR",,,"Aug 10, 2011",,,,,,,,,,,
300 - Alpine White,,LWNZ - Unknown Upholstery Code,,WBSUR9C55BVP76352,,VP76352,"MSRP,ZCV,ZPP,494,655,688",,,"Aug 10, 2011",,,,,,,,,,,
B44 - Valencia Orange Metallic,,LWNZ - Unknown Upholstery Code,,WBSUR9C57BVP76353,,VP76353,"MSRP,ZCV,ZPP,494,688",,,"Aug 10, 2011",,,,,,,,,,,
B44 - Valencia Orange Metallic,,LWNZ - Unknown Upholstery Code,,WBSUR9C59BVP76354,,VP76354,"MSRP,ZCV,ZPP,494,655,688",,,"Aug 12, 2011",,,,,,,,,,,
300 - Alpine White,,LWNZ - Unknown Upholstery Code,,WBSUR9C50BVP76355,,VP76355,"MSRP,494",,,"Aug 12, 2011",,,,,,,,,,,
B44 - Valencia Orange Metallic,,LWNZ - Unknown Upholstery Code,,WBSUR9C52BVP76356,,VP76356,"MSRP,ZCV,ZPP,655,6NR",,,"Aug 12, 2011",,,,,,,,,,,
475 - Black Sapphire Metallic,,LWNZ - Unknown Upholstery Code,,WBSUR9C54BVP76357,,VP76357,"MSRP,494",,,"Aug 12, 2011",,,,,,,,,,,
B44 - Valencia Orange Metallic,,LWNZ - Unknown Upholstery Code,,WBSUR9C56BVP76358,,VP76358,"MSRP,494",,,"Aug 12, 2011",,,,,,,,,,,
B44 - Valencia Orange Metallic,,LWNZ - Unknown Upholstery Code,,WBSUR9C58BVP76359,,VP76359,"MSRP,494,688",,,"Aug 12, 2011",,,,,,,,,,,
475 - Black Sapphire Metallic,,LWNZ - Unknown Upholstery Code,,WBSUR9C54BVP76360,,VP76360,"MSRP,ZPP,655,688",,,"Aug 12, 2011",,,,,,,,,,,
300 - Alpine White,,LWNZ - Unknown Upholstery Code,,WBSUR9C56BVP76361,,VP76361,"MSRP,ZCV,ZPP,494,655,688,6NR",,,"Aug 12, 2011",,,,,,,,,,,
B44 - Valencia Orange Metallic,,LWNZ - Unknown Upholstery Code,,WBSUR9C58BVP76362,,VP76362,"MSRP,ZPP,494,655,688",,,"Aug 12, 2011",,,,,,,,,,,
300 - Alpine White,,LWNZ - Unknown Upholstery Code,,WBSUR9C5XBVP76363,,VP76363,"MSRP,ZCV,ZPP,655,688,6NR",,,"Aug 13, 2011",,,,,,,,,,,
300 - Alpine White,,LWNZ - Unknown Upholstery Code,,WBSUR9C51BVP76364,,VP76364,"MSRP,ZCV,ZPP,494,6NR",,,"Aug 13, 2011",,,,,,,,,,,
B44 - Valencia Orange Metallic,,LWNZ - Unknown Upholstery Code,,WBSUR9C53BVP76365,,VP76365,"MSRP,ZPP,494,655,688,6NR",,,"Aug 13, 2011",,,,,,,,,,,
300 - Alpine White,,LWNZ - Unknown Upholstery Code,,WBSUR9C55BVP76366,,VP76366,"MSRP,688",,,"Aug 17, 2011",,,,,,,,,,,
B44 - Valencia Orange Metallic,,LWNZ - Unknown Upholstery Code,,WBSUR9C57BVP76367,,VP76367,"MSRP,ZPP,494",,,"Aug 17, 2011",,,,,,,,,,,
B44 - Valencia Orange Metallic,,LWNZ - Unknown Upholstery Code,,WBSUR9C59BVP76368,,VP76368,"MSRP,494,655",,,"Aug 17, 2011",,,,,,,,,,,
B44 - Valencia Orange Metallic,,LWNZ - Unknown Upholstery Code,,WBSUR9C50BVP76369,,VP76369,MSRP,,,"Aug 18, 2011",,,,,,,,,,,
300 - Alpine White,,LWNZ - Unknown Upholstery Code,,WBSUR9C57BVP76370,,VP76370,"MSRP,494,655",,,"Aug 18, 2011",,,,,,,,,,,
B44 - Valencia Orange Metallic,,LWNZ - Unknown Upholstery Code,,WBSUR9C59BVP76371,,VP76371,"MSRP,494",,,"Aug 18, 2011",,,,,,,,,,,
B44 - Valencia Orange Metallic,,LWNZ - Unknown Upholstery Code,,WBSUR9C50BVP76372,,VP76372,MSRP,,,"Aug 18, 2011",,,,,,,,,,,
300 - Alpine White,,LWNZ - Unknown Upholstery Code,,WBSUR9C52BVP76373,,VP76373,"MSRP,ZPP,688",,,"Aug 18, 2011",,,,,,,,,,,
B44 - Valencia Orange Metallic,,LWNZ - Unknown Upholstery Code,,WBSUR9C54BVP76374,,VP76374,"MSRP,655,688",,,"Aug 18, 2011",,,,,,,,,,,
475 - Black Sapphire Metallic,,LWNZ - Unknown Upholstery Code,,WBSUR9C56BVP76375,,VP76375,"MSRP,ZPP,494,655,688",,,"Aug 18, 2011",,,,,,,,,,,
B44 - Valencia Orange Metallic,,LWNZ - Unknown Upholstery Code,,WBSUR9C58BVP76376,,VP76376,"MSRP,ZPP,494,655,688",,,"Aug 18, 2011",,,,,,,,,,,
300 - Alpine White,,LWNZ - Unknown Upholstery Code,,WBSUR9C5XBVP76377,,VP76377,"MSRP,ZCV,ZPP,655,688,6NR",,,"Aug 18, 2011",,,,,,,,,,,
300 - Alpine White,,LWNZ - Unknown Upholstery Code,,WBSUR9C51BVP76378,,VP76378,"MSRP,ZPP,494",,,"Aug 18, 2011",,,,,,,,,,,
300 - Alpine White,,LWNZ - Unknown Upholstery Code,,WBSUR9C53BVP76379,,VP76379,"MSRP,ZPP,494,655,688",,,"Aug 18, 2011",,,,,,,,,,,
475 - Black Sapphire Metallic,,LWNZ - Unknown Upholstery Code,,WBSUR9C5XBVP76380,,VP76380,"MSRP,655,688",,,"Aug 18, 2011",,,,,,,,,,,
B44 - Valencia Orange Metallic,,LWNZ - Unknown Upholstery Code,,WBSUR9C51BVP76381,,VP76381,MSRP,,,"Aug 18, 2011",,,,,,,,,,,
300 - Alpine White,,LWNZ - Unknown Upholstery Code,,WBSUR9C53BVP76382,,VP76382,"MSRP,ZPP,494,655",,,"Aug 18, 2011",,,,,,,,,,,
300 - Alpine White,,LWNZ - Unknown Upholstery Code,,WBSUR9C55BVP76383,,VP76383,"MSRP,494,655",,,"Aug 18, 2011",,,,,,,,,,,
B44 - Valencia Orange Metallic,,LWNZ - Unknown Upholstery Code,,WBSUR9C57BVP76384,,VP76384,"MSRP,ZPP,494,688",,,"Aug 18, 2011",,,,,,,,,,,
300 - Alpine White,,LWNZ - Unknown Upholstery Code,,WBSUR9C59BVP76385,,VP76385,"MSRP,655",,,"Aug 19, 2011",,,,,,,,,,,
300 - Alpine White,,LWNZ - Unknown Upholstery Code,,WBSUR9C50BVP76386,,VP76386,MSRP,,,"Aug 19, 2011",,,,,,,,,,,
300 - Alpine White,,LWNZ - Unknown Upholstery Code,,WBSUR9C52BVP76387,,VP76387,MSRP,,,"Aug 19, 2011",,,,,,,,,,,
300 - Alpine White,,LWNZ - Unknown Upholstery Code,,WBSUR9C54BVP76388,,VP76388,MSRP,,,"Aug 19, 2011",,,,,,,,,,,
475 - Black Sapphire Metallic,,LWNZ - Unknown Upholstery Code,,WBSUR9C56BVP76389,,VP76389,"MSRP,494,655,688",,,"Aug 19, 2011",,,,,,,,,,,
300 - Alpine White,,LWNZ - Unknown Upholstery Code,,WBSUR9C52BVP76390,,VP76390,"MSRP,655",,,"Aug 19, 2011",,,,,,,,,,,
B44 - Valencia Orange Metallic,,LWNZ - Unknown Upholstery Code,,WBSUR9C54BVP76391,,VP76391,"MSRP,ZCV,ZPP,494,655,688",,,"Aug 19, 2011",,,,,,,,,,,
B44 - Valencia Orange Metallic,,LWNZ - Unknown Upholstery Code,,WBSUR9C56BVP76392,,VP76392,"MSRP,ZCV,ZPP,494,655,688,6NR",,,"Aug 19, 2011",,,,,,,,,,,
B44 - Valencia Orange Metallic,,LWNZ - Unknown Upholstery Code,,WBSUR9C58BVP76393,,VP76393,"MSRP,ZCV,ZPP,494,655,688",,,"Aug 19, 2011",,,,,,,,,,,
B44 - Valencia Orange Metallic,,LWNZ - Unknown Upholstery Code,,WBSUR9C5XBVP76394,,VP76394,"MSRP,ZCV,ZPP,494,655,688,6NR",,,"Aug 19, 2011",,,,,,,,,,,
B44 - Valencia Orange Metallic,,LWNZ - Unknown Upholstery Code,,WBSUR9C51BVP76395,,VP76395,"MSRP,ZCV,ZPP,494,655,688",,,"Aug 19, 2011",,,,,,,,,,,
300 - Alpine White,,LWNZ - Unknown Upholstery Code,,WBSUR9C53BVP76396,,VP76396,"MSRP,ZCV,ZPP,494,688",,,"Aug 19, 2011",,,,,,,,,,,
B44 - Valencia Orange Metallic,,LWNZ - Unknown Upholstery Code,,WBSUR9C55BVP76397,,VP76397,"MSRP,ZCV,ZPP,494,655,688,6NR",,,"Aug 19, 2011",,,,,,,,,,,
475 - Black Sapphire Metallic,,LWNZ - Unknown Upholstery Code,,WBSUR9C57BVP76398,,VP76398,"MSRP,ZCV,ZPP,494,655,688,6NR",,,"Aug 19, 2011",,,,,,,,,,,
300 - Alpine White,,LWNZ - Unknown Upholstery Code,,WBSUR9C59BVP76399,,VP76399,"MSRP,ZCV,ZPP,655,688,6NR",,,"Aug 19, 2011",,,,,,,,,,,
,,,,,,,,,,,,,,,,,,,,,
,,,,,,,,,,,,,,,,,,,,,
,,,,,,,,,,,,,,,,,,,,,
,,,,,,,,,,,,,,,,,,,,,
,,,,,,,,,,,,,,,,,,,,,
,,,,,,,,,,,,,,,,,,,,,
,,,,,,,,,,,,,,,,,,,,,
,,,,,,,,,,,,,,,,,,,,,
,,,,,,,,,,,,,,,,,,,,,
,,,,,,,,,,,,,,,,,,,,,
,,,,,,,,,,,,,,,,,,,,,
,,,,,,,,,,,,,,,,,,,,,
,,,,,,,,,,,,,,,,,,,,,
,,,,,,,,,,,,,,,,,,,,,
,,,,,,,,,,,,,,,,,,,,,
,,,,,,,,,,,,,,,,,,,,,
,,,,,,,,,,,,,,,,,,,,,
,,,,,,,,,,,,,,,,,,,,,
,,,,,,,,,,,,,,,,,,,,,
,,,,,,,,,,,,,,,,,,,,,
,,,,,,,,,,,,,,,,,,,,,
,,,,,,,,,,,,,,,,,,,,,
,,,,,,,,,,,,,,,,,,,,,
,,,,,,,,,,,,,,,,,,,,,
,,,,,,,,,,,,,,,,,,,,,
,,,,,,,,,,,,,,,,,,,,,
,,,,,,,,,,,,,,,,,,,,,
,,,,,,,,,,,,,,,,,,,,,
,,,,,,,,,,,,,,,,,,,,,
,,,,,,,,,,,,,,,,,,,,,
,,,,,,,,,,,,,,,,,,,,,
,,,,,,,,,,,,,,,,,,,,,
,,,,,,,,,,,,,,,,,,,,,
,,,,,,,,,,,,,,,,,,,,,
,,,,,,,,,,,,,,,,,,,,,
,,,,,,,,,,,,,,,,,,,,,
,,,,,,,,,,,,,,,,,,,,,
,,,,,,,,,,,,,,,,,,,,,
,,,,,,,,,,,,,,,,,,,,,
,,,,,,,,,,,,,,,,,,,,,
,,,,,,,,,,,,,,,,,,,,,
,,,,,,,,,,,,,,,,,,,,,
,,,,,,,,,,,,,,,,,,,,,
,,,,,,,,,,,,,,,,,,,,,
,,,,,,,,,,,,,,,,,,,,,
,,,,,,,,,,,,,,,,,,,,,
,,,,,,,,,,,,,,,,,,,,,
,,,,,,,,,,,,,,,,,,,,,
,,,,,,,,,,,,,,,,,,,,,
,,,,,,,,,,,,,,,,,,,,,
,,,,,,,,,,,,,,,,,,,,,
,,,,,,,,,,,,,,,,,,,,,
,,,,,,,,,,,,,,,,,,,,,
,,,,,,,,,,,,,,,,,,,,,
,,,,,,,,,,,,,,,,,,,,,
,,,,,,,,,,,,,,,,,,,,,
,,,,,,,,,,,,,,,,,,,,,
,,,,,,,,,,,,,,,,,,,,,
,,,,,,,,,,,,,,,,,,,,,
,,,,,,,,,,,,,,,,,,,,,
,,,,,,,,,,,,,,,,,,,,,
,,,,,,,,,,,,,,,,,,,,,
,,,,,,,,,,,,,,,,,,,,,
,,,,,,,,,,,,,,,,,,,,,
,,,,,,,,,,,,,,,,,,,,,
,,,,,,,,,,,,,,,,,,,,,
,,,,,,,,,,,,,,,,,,,,,
,,,,,,,,,,,,,,,,,,,,,
,,,,,,,,,,,,,,,,,,,,,
,,,,,,,,,,,,,,,,,,,,,
,,,,,,,,,,,,,,,,,,,,,
,,,,,,,,,,,,,,,,,,,,,
,,,,,,,,,,,,,,,,,,,,,
,,,,,,,,,,,,,,,,,,,,,
,,,,,,,,,,,,,,,,,,,,,
,,,,,,,,,,,,,,,,,,,,,
,,,,,,,,,,,,,,,,,,,,,
,,,,,,,,,,,,,,,,,,,,,
,,,,,,,,,,,,,,,,,,,,,
,,,,,,,,,,,,,,,,,,,,,
,,,,,,,,,,,,,,,,,,,,,
,,,,,,,,,,,,,,,,,,,,,
,,,,,,,,,,,,,,,,,,,,,
,,,,,,,,,,,,,,,,,,,,,
,,,,,,,,,,,,,,,,,,,,,
,,,,,,,,,,,,,,,,,,,,,
,,,,,,,,,,,,,,,,,,,,,
,,,,,,,,,,,,,,,,,,,,,
,,,,,,,,,,,,,,,,,,,,,
,,,,,,,,,,,,,,,,,,,,,
,,,,,,,,,,,,,,,,,,,,,
,,,,,,,,,,,,,,,,,,,,,
,,,,,,,,,,,,,,,,,,,,,
,,,,,,,,,,,,,,,,,,,,,
,,,,,,,,,,,,,,,,,,,,,
,,,,,,,,,,,,,,,,,,,,,
,,,,,,,,,,,,,,,,,,,,,
,,,,,,,,,,,,,,,,,,,,,
,,,,,,,,,,,,,,,,,,,,,
,,,,,,,,,,,,,,,,,,,,,
,,,,,,,,,,,,,,,,,,,,,
,,,,,,,,,,,,,,,,,,,,,
,,,,,,,,,,,,,,,,,,,,,
,,,,,,,,,,,,,,,,,,,,,
,,,,,,,,,,,,,,,,,,,,,
,,,,,,,,,,,,,,,,,,,,,
,,,,,,,,,,,,,,,,,,,,,
,,,,,,,,,,,,,,,,,,,,,
,,,,,,,,,,,,,,,,,,,,,
,,,,,,,,,,,,,,,,,,,,,
,,,,,,,,,,,,,,,,,,,,,
,,,,,,,,,,,,,,,,,,,,,
,,,,,,,,,,,,,,,,,,,,,
,,,,,,,,,,,,,,,,,,,,,
,,,,,,,,,,,,,,,,,,,,,
,,,,,,,,,,,,,,,,,,,,,
,,,,,,,,,,,,,,,,,,,,,
,,,,,,,,,,,,,,,,,,,,,
,,,,,,,,,,,,,,,,,,,,,
,,,,,,,,,,,,,,,,,,,,,
,,,,,,,,,,,,,,,,,,,,,
,,,,,,,,,,,,,,,,,,,,,
,,,,,,,,,,,,,,,,,,,,,
,,,,,,,,,,,,,,,,,,,,,
,,,,,,,,,,,,,,,,,,,,,
,,,,,,,,,,,,,,,,,,,,,
,,,,,,,,,,,,,,,,,,,,,
,,,,,,,,,,,,,,,,,,,,,
,,,,,,,,,,,,,,,,,,,,,
,,,,,,,,,,,,,,,,,,,,,
,,,,,,,,,,,,,,,,,,,,,
,,,,,,,,,,,,,,,,,,,,,
,,,,,,,,,,,,,,,,,,,,,
,,,,,,,,,,,,,,,,,,,,,
,,,,,,,,,,,,,,,,,,,,,
,,,,,,,,,,,,,,,,,,,,,
,,,,,,,,,,,,,,,,,,,,,
,,,,,,,,,,,,,,,,,,,,,
,,,,,,,,,,,,,,,,,,,,,
,,,,,,,,,,,,,,,,,,,,,
,,,,,,,,,,,,,,,,,,,,,
,,,,,,,,,,,,,,,,,,,,,
,,,,,,,,,,,,,,,,,,,,,
,,,,,,,,,,,,,,,,,,,,,
,,,,,,,,,,,,,,,,,,,,,
,,,,,,,,,,,,,,,,,,,,,
,,,,,,,,,,,,,,,,,,,,,
,,,,,,,,,,,,,,,,,,,,,
,,,,,,,,,,,,,,,,,,,,,
,,,,,,,,,,,,,,,,,,,,,
,,,,,,,,,,,,,,,,,,,,,
,,,,,,,,,,,,,,,,,,,,,
,,,,,,,,,,,,,,,,,,,,,
,,,,,,,,,,,,,,,,,,,,,
,,,,,,,,,,,,,,,,,,,,,
,,,,,,,,,,,,,,,,,,,,,
,,,,,,,,,,,,,,,,,,,,,
,,,,,,,,,,,,,,,,,,,,,
,,,,,,,,,,,,,,,,,,,,,
,,,,,,,,,,,,,,,,,,,,,
,,,,,,,,,,,,,,,,,,,,,
,,,,,,,,,,,,,,,,,,,,,
,,,,,,,,,,,,,,,,,,,,,
,,,,,,,,,,,,,,,,,,,,,
,,,,,,,,,,,,,,,,,,,,,
,,,,,,,,,,,,,,,,,,,,,
,,,,,,,,,,,,,,,,,,,,,
,,,,,,,,,,,,,,,,,,,,,
,,,,,,,,,,,,,,,,,,,,,
,,,,,,,,,,,,,,,,,,,,,
,,,,,,,,,,,,,,,,,,,,,
,,,,,,,,,,,,,,,,,,,,,
,,,,,,,,,,,,,,,,,,,,,
,,,,,,,,,,,,,,,,,,,,,
,,,,,,,,,,,,,,,,,,,,,
,,,,,,,,,,,,,,,,,,,,,
,,,,,,,,,,,,,,,,,,,,,
,,,,,,,,,,,,,,,,,,,,,
,,,,,,,,,,,,,,,,,,,,,
,,,,,,,,,,,,,,,,,,,,,
,,,,,,,,,,,,,,,,,,,,,
,,,,,,,,,,,,,,,,,,,,,
,,,,,,,,,,,,,,,,,,,,,
,,,,,,,,,,,,,,,,,,,,,
,,,,,,,,,,,,,,,,,,,,,
,,,,,,,,,,,,,,,,,,,,,
,,,,,,,,,,,,,,,,,,,,,
,,,,,,,,,,,,,,,,,,,,,
,,,,,,,,,,,,,,,,,,,,,
,,,,,,,,,,,,,,,,,,,,,
,,,,,,,,,,,,,,,,,,,,,
,,,,,,,,,,,,,,,,,,,,,
,,,,,,,,,,,,,,,,,,,,,
,,,,,,,,,,,,,,,,,,,,,
,,,,,,,,,,,,,,,,,,,,,
,,,,,,,,,,,,,,,,,,,,,
,,,,,,,,,,,,,,,,,,,,,
,,,,,,,,,,,,,,,,,,,,,
,,,,,,,,,,,,,,,,,,,,,
,,,,,,,,,,,,,,,,,,,,,
,,,,,,,,,,,,,,,,,,,,,
,,,,,,,,,,,,,,,,,,,,,
,,,,,,,,,,,,,,,,,,,,,
,,,,,,,,,,,,,,,,,,,,,
,,,,,,,,,,,,,,,,,,,,,
,,,,,,,,,,,,,,,,,,,,,
,,,,,,,,,,,,,,,,,,,,,
,,,,,,,,,,,,,,,,,,,,,
,,,,,,,,,,,,,,,,,,,,,
,,,,,,,,,,,,,,,,,,,,,
,,,,,,,,,,,,,,,,,,,,,
,,,,,,,,,,,,,,,,,,,,,
,,,,,,,,,,,,,,,,,,,,,
,,,,,,,,,,,,,,,,,,,,,
,,,,,,,,,,,,,,,,,,,,,
,,,,,,,,,,,,,,,,,,,,,
,,,,,,,,,,,,,,,,,,,,,
,,,,,,,,,,,,,,,,,,,,,
,,,,,,,,,,,,,,,,,,,,,
,,,,,,,,,,,,,,,,,,,,,
,,,,,,,,,,,,,,,,,,,,,
,,,,,,,,,,,,,,,,,,,,,
,,,,,,,,,,,,,,,,,,,,,
,,,,,,,,,,,,,,,,,,,,,
,,,,,,,,,,,,,,,,,,,,,
,,,,,,,,,,,,,,,,,,,,,
,,,,,,,,,,,,,,,,,,,,,
,,,,,,,,,,,,,,,,,,,,,
,,,,,,,,,,,,,,,,,,,,,
,,,,,,,,,,,,,,,,,,,,,
,,,,,,,,,,,,,,,,,,,,,
,,,,,,,,,,,,,,,,,,,,,
,,,,,,,,,,,,,,,,,,,,,
,,,,,,,,,,,,,,,,,,,,,
,,,,,,,,,,,,,,,,,,,,,
,,,,,,,,,,,,,,,,,,,,,
,,,,,,,,,,,,,,,,,,,,,
,,,,,,,,,,,,,,,,,,,,,
,,,,,,,,,,,,,,,,,,,,,
,,,,,,,,,,,,,,,,,,,,,
,,,,,,,,,,,,,,,,,,,,,
,,,,,,,,,,,,,,,,,,,,,
,,,,,,,,,,,,,,,,,,,,,
,,,,,,,,,,,,,,,,,,,,,
,,,,,,,,,,,,,,,,,,,,,
,,,,,,,,,,,,,,,,,,,,,
,,,,,,,,,,,,,,,,,,,,,
,,,,,,,,,,,,,,,,,,,,,
,,,,,,,,,,,,,,,,,,,,,
,,,,,,,,,,,,,,,,,,,,,
,,,,,,,,,,,,,,,,,,,,,
,,,,,,,,,,,,,,,,,,,,,
,,,,,,,,,,,,,,,,,,,,,
,,,,,,,,,,,,,,,,,,,,,
,,,,,,,,,,,,,,,,,,,,,
,,,,,,,,,,,,,,,,,,,,,
,,,,,,,,,,,,,,,,,,,,,
,,,,,,,,,,,,,,,,,,,,,
,,,,,,,,,,,,,,,,,,,,,
,,,,,,,,,,,,,,,,,,,,,
,,,,,,,,,,,,,,,,,,,,,
,,,,,,,,,,,,,,,,,,,,,
,,,,,,,,,,,,,,,,,,,,,
,,,,,,,,,,,,,,,,,,,,,
,,,,,,,,,,,,,,,,,,,,,
,,,,,,,,,,,,,,,,,,,,,
,,,,,,,,,,,,,,,,,,,,,
,,,,,,,,,,,,,,,,,,,,,
,,,,,,,,,,,,,,,,,,,,,
,,,,,,,,,,,,,,,,,,,,,
,,,,,,,,,,,,,,,,,,,,,
,,,,,,,,,,,,,,,,,,,,,
,,,,,,,,,,,,,,,,,,,,,
,,,,,,,,,,,,,,,,,,,,,
,,,,,,,,,,,,,,,,,,,,,
,,,,,,,,,,,,,,,,,,,,,
,,,,,,,,,,,,,,,,,,,,,
,,,,,,,,,,,,,,,,,,,,,
,,,,,,,,,,,,,,,,,,,,,
,,,,,,,,,,,,,,,,,,,,,
,,,,,,,,,,,,,,,,,,,,,
,,,,,,,,,,,,,,,,,,,,,
,,,,,,,,,,,,,,,,,,,,,
,,,,,,,,,,,,,,,,,,,,,
,,,,,,,,,,,,,,,,,,,,,
,,,,,,,,,,,,,,,,,,,,,
,,,,,,,,,,,,,,,,,,,,,
,,,,,,,,,,,,,,,,,,,,,
,,,,,,,,,,,,,,,,,,,,,
,,,,,,,,,,,,,,,,,,,,,
,,,,,,,,,,,,,,,,,,,,,
,,,,,,,,,,,,,,,,,,,,,
,,,,,,,,,,,,,,,,,,,,,
,,,,,,,,,,,,,,,,,,,,,
,,,,,,,,,,,,,,,,,,,,,
,,,,,,,,,,,,,,,,,,,,,
,,,,,,,,,,,,,,,,,,,,,
,,,,,,,,,,,,,,,,,,,,,
,,,,,,,,,,,,,,,,,,,,,
,,,,,,,,,,,,,,,,,,,,,
,,,,,,,,,,,,,,,,,,,,,
,,,,,,,,,,,,,,,,,,,,,
,,,,,,,,,,,,,,,,,,,,,
,,,,,,,,,,,,,,,,,,,,,
,,,,,,,,,,,,,,,,,,,,,
,,,,,,,,,,,,,,,,,,,,,
,,,,,,,,,,,,,,,,,,,,,
,,,,,,,,,,,,,,,,,,,,,
,,,,,,,,,,,,,,,,,,,,,
,,,,,,,,,,,,,,,,,,,,,
,,,,,,,,,,,,,,,,,,,,,
,,,,,,,,,,,,,,,,,,,,,
,,,,,,,,,,,,,,,,,,,,,
,,,,,,,,,,,,,,,,,,,,,
,,,,,,,,,,,,,,,,,,,,,
,,,,,,,,,,,,,,,,,,,,,
,,,,,,,,,,,,,,,,,,,,,
,,,,,,,,,,,,,,,,,,,,,
,,,,,,,,,,,,,,,,,,,,,
,,,,,,,,,,,,,,,,,,,,,
,,,,,,,,,,,,,,,,,,,,,
,,,,,,,,,,,,,,,,,,,,,
,,,,,,,,,,,,,,,,,,,,,
,,,,,,,,,,,,,,,,,,,,,
,,,,,,,,,,,,,,,,,,,,,
,,,,,,,,,,,,,,,,,,,,,
,,,,,,,,,,,,,,,,,,,,,
,,,,,,,,,,,,,,,,,,,,,
,,,,,,,,,,,,,,,,,,,,,
,,,,,,,,,,,,,,,,,,,,,
,,,,,,,,,,,,,,,,,,,,,
,,,,,,,,,,,,,,,,,,,,,
,,,,,,,,,,,,,,,,,,,,,
,,,,,,,,,,,,,,,,,,,,,
,,,,,,,,,,,,,,,,,,,,,
,,,,,,,,,,,,,,,,,,,,,
,,,,,,,,,,,,,,,,,,,,,
,,,,,,,,,,,,,,,,,,,,,
,,,,,,,,,,,,,,,,,,,,,
,,,,,,,,,,,,,,,,,,,,,
,,,,,,,,,,,,,,,,,,,,,
,,,,,,,,,,,,,,,,,,,,,
,,,,,,,,,,,,,,,,,,,,,
,,,,,,,,,,,,,,,,,,,,,
,,,,,,,,,,,,,,,,,,,,,
,,,,,,,,,,,,,,,,,,,,,
,,,,,,,,,,,,,,,,,,,,,
,,,,,,,,,,,,,,,,,,,,,
,,,,,,,,,,,,,,,,,,,,,
,,,,,,,,,,,,,,,,,,,,,
,,,,,,,,,,,,,,,,,,,,,
,,,,,,,,,,,,,,,,,,,,,
,,,,,,,,,,,,,,,,,,,,,
,,,,,,,,,,,,,,,,,,,,,
,,,,,,,,,,,,,,,,,,,,,
,,,,,,,,,,,,,,,,,,,,,
,,,,,,,,,,,,,,,,,,,,,
,,,,,,,,,,,,,,,,,,,,,
,,,,,,,,,,,,,,,,,,,,,
,,,,,,,,,,,,,,,,,,,,,
,,,,,,,,,,,,,,,,,,,,,
,,,,,,,,,,,,,,,,,,,,,
,,,,,,,,,,,,,,,,,,,,,
,,,,,,,,,,,,,,,,,,,,,
,,,,,,,,,,,,,,,,,,,,,
,,,,,,,,,,,,,,,,,,,,,
,,,,,,,,,,,,,,,,,,,,,
,,,,,,,,,,,,,,,,,,,,,
,,,,,,,,,,,,,,,,,,,,,
,,,,,,,,,,,,,,,,,,,,,
,,,,,,,,,,,,,,,,,,,,,
,,,,,,,,,,,,,,,,,,,,,
,,,,,,,,,,,,,,,,,,,,,
,,,,,,,,,,,,,,,,,,,,,
,,,,,,,,,,,,,,,,,,,,,
,,,,,,,,,,,,,,,,,,,,,
,,,,,,,,,,,,,,,,,,,,,
,,,,,,,,,,,,,,,,,,,,,
,,,,,,,,,,,,,,,,,,,,,
,,,,,,,,,,,,,,,,,,,,,
,,,,,,,,,,,,,,,,,,,,,
,,,,,,,,,,,,,,,,,,,,,
,,,,,,,,,,,,,,,,,,,,,
,,,,,,,,,,,,,,,,,,,,,
,,,,,,,,,,,,,,,,,,,,,
,,,,,,,,,,,,,,,,,,,,,
,,,,,,,,,,,,,,,,,,,,,
,,,,,,,,,,,,,,,,,,,,,
,,,,,,,,,,,,,,,,,,,,,
,,,,,,,,,,,,,,,,,,,,,
,,,,,,,,,,,,,,,,,,,,,
,,,,,,,,,,,,,,,,,,,,,
,,,,,,,,,,,,,,,,,,,,,
,,,,,,,,,,,,,,,,,,,,,
,,,,,,,,,,,,,,,,,,,,,
,,,,,,,,,,,,,,,,,,,,,
,,,,,,,,,,,,,,,,,,,,,
,,,,,,,,,,,,,,,,,,,,,
,,,,,,,,,,,,,,,,,,,,,
,,,,,,,,,,,,,,,,,,,,,
,,,,,,,,,,,,,,,,,,,,,
,,,,,,,,,,,,,,,,,,,,,
,,,,,,,,,,,,,,,,,,,,,
,,,,,,,,,,,,,,,,,,,,,
,,,,,,,,,,,,,,,,,,,,,
,,,,,,,,,,,,,,,,,,,,,
,,,,,,,,,,,,,,,,,,,,,
,,,,,,,,,,,,,,,,,,,,,
,,,,,,,,,,,,,,,,,,,,,
,,,,,,,,,,,,,,,,,,,,,
,,,,,,,,,,,,,,,,,,,,,
,,,,,,,,,,,,,,,,,,,,,
,,,,,,,,,,,,,,,,,,,,,
,,,,,,,,,,,,,,,,,,,,,
,,,,,,,,,,,,,,,,,,,,,
,,,,,,,,,,,,,,,,,,,,,
,,,,,,,,,,,,,,,,,,,,,
,,,,,,,,,,,,,,,,,,,,,
,,,,,,,,,,,,,,,,,,,,,
,,,,,,,,,,,,,,,,,,,,,
,,,,,,,,,,,,,,,,,,,,,
,,,,,,,,,,,,,,,,,,,,,
,,,,,,,,,,,,,,,,,,,,,
,,,,,,,,,,,,,,,,,,,,,
,,,,,,,,,,,,,,,,,,,,,
,,,,,,,,,,,,,,,,,,,,,
,,,,,,,,,,,,,,,,,,,,,
,,,,,,,,,,,,,,,,,,,,,
,,,,,,,,,,,,,,,,,,,,,
,,,,,,,,,,,,,,,,,,,,,
,,,,,,,,,,,,,,,,,,,,,
,,,,,,,,,,,,,,,,,,,,,
,,,,,,,,,,,,,,,,,,,,,
,,,,,,,,,,,,,,,,,,,,,
,,,,,,,,,,,,,,,,,,,,,
,,,,,,,,,,,,,,,,,,,,,
,,,,,,,,,,,,,,,,,,,,,
,,,,,,,,,,,,,,,,,,,,,
,,,,,,,,,,,,,,,,,,,,,
,,,,,,,,,,,,,,,,,,,,,
,,,,,,,,,,,,,,,,,,,,,
,,,,,,,,,,,,,,,,,,,,,
,,,,,,,,,,,,,,,,,,,,,
,,,,,,,,,,,,,,,,,,,,,
,,,,,,,,,,,,,,,,,,,,,
,,,,,,,,,,,,,,,,,,,,,
,,,,,,,,,,,,,,,,,,,,,
,,,,,,,,,,,,,,,,,,,,,
,,,,,,,,,,,,,,,,,,,,,
,,,,,,,,,,,,,,,,,,,,,
,,,,,,,,,,,,,,,,,,,,,
,,,,,,,,,,,,,,,,,,,,,
,,,,,,,,,,,,,,,,,,,,,
,,,,,,,,,,,,,,,,,,,,,
,,,,,,,,,,,,,,,,,,,,,
,,,,,,,,,,,,,,,,,,,,,
,,,,,,,,,,,,,,,,,,,,,
,,,,,,,,,,,,,,,,,,,,,
,,,,,,,,,,,,,,,,,,,,,
,,,,,,,,,,,,,,,,,,,,,
,,,,,,,,,,,,,,,,,,,,,
,,,,,,,,,,,,,,,,,,,,,
,,,,,,,,,,,,,,,,,,,,,
,,,,,,,,,,,,,,,,,,,,,
,,,,,,,,,,,,,,,,,,,,,
,,,,,,,,,,,,,,,,,,,,,
,,,,,,,,,,,,,,,,,,,,,
,,,,,,,,,,,,,,,,,,,,,
,,,,,,,,,,,,,,,,,,,,,
,,,,,,,,,,,,,,,,,,,,,
,,,,,,,,,,,,,,,,,,,,,
,,,,,,,,,,,,,,,,,,,,,
,,,,,,,,,,,,,,,,,,,,,
,,,,,,,,,,,,,,,,,,,,,
,,,,,,,,,,,,,,,,,,,,,
,,,,,,,,,,,,,,,,,,,,,
,,,,,,,,,,,,,,,,,,,,,
,,,,,,,,,,,,,,,,,,,,,
,,,,,,,,,,,,,,,,,,,,,
,,,,,,,,,,,,,,,,,,,,,
,,,,,,,,,,,,,,,,,,,,,
,,,,,,,,,,,,,,,,,,,,,
,,,,,,,,,,,,,,,,,,,,,
,,,,,,,,,,,,,,,,,,,,,
,,,,,,,,,,,,,,,,,,,,,
,,,,,,,,,,,,,,,,,,,,,
,,,,,,,,,,,,,,,,,,,,,
,,,,,,,,,,,,,,,,,,,,,
,,,,,,,,,,,,,,,,,,,,,
,,,,,,,,,,,,,,,,,,,,,
,,,,,,,,,,,,,,,,,,,,,
,,,,,,,,,,,,,,,,,,,,,
,,,,,,,,,,,,,,,,,,,,,
,,,,,,,,,,,,,,,,,,,,,
,,,,,,,,,,,,,,,,,,,,,
,,,,,,,,,,,,,,,,,,,,,
,,,,,,,,,,,,,,,,,,,,,
,,,,,,,,,,,,,,,,,,,,,
,,,,,,,,,,,,,,,,,,,,,
,,,,,,,,,,,,,,,,,,,,,
,,,,,,,,,,,,,,,,,,,,,
,,,,,,,,,,,,,,,,,,,,,
,,,,,,,,,,,,,,,,,,,,,
,,,,,,,,,,,,,,,,,,,,,
,,,,,,,,,,,,,,,,,,,,,
,,,,,,,,,,,,,,,,,,,,,
,,,,,,,,,,,,,,,,,,,,,
,,,,,,,,,,,,,,,,,,,,,
,,,,,,,,,,,,,,,,,,,,,
,,,,,,,,,,,,,,,,,,,,,
,,,,,,,,,,,,,,,,,,,,,
,,,,,,,,,,,,,,,,,,,,,
,,,,,,,,,,,,,,,,,,,,,
,,,,,,,,,,,,,,,,,,,,,
,,,,,,,,,,,,,,,,,,,,,
,,,,,,,,,,,,,,,,,,,,,
,,,,,,,,,,,,,,,,,,,,,
,,,,,,,,,,,,,,,,,,,,,
,,,,,,,,,,,,,,,,,,,,,
,,,,,,,,,,,,,,,,,,,,,
,,,,,,,,,,,,,,,,,,,,,
,,,,,,,,,,,,,,,,,,,,,
,,,,,,,,,,,,,,,,,,,,,
,,,,,,,,,,,,,,,,,,,,,
,,,,,,,,,,,,,,,,,,,,,
,,,,,,,,,,,,,,,,,,,,,
,,,,,,,,,,,,,,,,,,,,,
,,,,,,,,,,,,,,,,,,,,,
,,,,,,,,,,,,,,,,,,,,,
,,,,,,,,,,,,,,,,,,,,,
,,,,,,,,,,,,,,,,,,,,,
,,,,,,,,,,,,,,,,,,,,,
,,,,,,,,,,,,,,,,,,,,,
,,,,,,,,,,,,,,,,,,,,,
,,,,,,,,,,,,,,,,,,,,,
,,,,,,,,,,,,,,,,,,,,,
,,,,,,,,,,,,,,,,,,,,,
,,,,,,,,,,,,,,,,,,,,,
,,,,,,,,,,,,,,,,,,,,,
,,,,,,,,,,,,,,,,,,,,,
,,,,,,,,,,,,,,,,,,,,,
,,,,,,,,,,,,,,,,,,,,,
,,,,,,,,,,,,,,,,,,,,,
,,,,,,,,,,,,,,,,,,,,,
,,,,,,,,,,,,,,,,,,,,,
,,,,,,,,,,,,,,,,,,,,,
,,,,,,,,,,,,,,,,,,,,,
,,,,,,,,,,,,,,,,,,,,,
,,,,,,,,,,,,,,,,,,,,,
,,,,,,,,,,,,,,,,,,,,,
,,,,,,,,,,,,,,,,,,,,,
,,,,,,,,,,,,,,,,,,,,,
,,,,,,,,,,,,,,,,,,,,,
,,,,,,,,,,,,,,,,,,,,,
,,,,,,,,,,,,,,,,,,,,,
,,,,,,,,,,,,,,,,,,,,,
,,,,,,,,,,,,,,,,,,,,,
,,,,,,,,,,,,,,,,,,,,,
,,,,,,,,,,,,,,,,,,,,,
,,,,,,,,,,,,,,,,,,,,,
,,,,,,,,,,,,,,,,,,,,,
,,,,,,,,,,,,,,,,,,,,,
,,,,,,,,,,,,,,,,,,,,,
,,,,,,,,,,,,,,,,,,,,,
,,,,,,,,,,,,,,,,,,,,,
,,,,,,,,,,,,,,,,,,,,,
,,,,,,,,,,,,,,,,,,,,,
,,,,,,,,,,,,,,,,,,,,,
,,,,,,,,,,,,,,,,,,,,,
,,,,,,,,,,,,,,,,,,,,,
,,,,,,,,,,,,,,,,,,,,,
,,,,,,,,,,,,,,,,,,,,,
,,,,,,,,,,,,,,,,,,,,,
,,,,,,,,,,,,,,,,,,,,,
,,,,,,,,,,,,,,,,,,,,,
,,,,,,,,,,,,,,,,,,,,,
,,,,,,,,,,,,,,,,,,,,,
,,,,,,,,,,,,,,,,,,,,,
,,,,,,,,,,,,,,,,,,,,,
,,,,,,,,,,,,,,,,,,,,,
,,,,,,,,,,,,,,,,,,,,,
,,,,,,,,,,,,,,,,,,,,,
,,,,,,,,,,,,,,,,,,,,,
,,,,,,,,,,,,,,,,,,,,,
,,,,,,,,,,,,,,,,,,,,,
,,,,,,,,,,,,,,,,,,,,,
,,,,,,,,,,,,,,,,,,,,,
,,,,,,,,,,,,,,,,,,,,,
,,,,,,,,,,,,,,,,,,,,,
,,,,,,,,,,,,,,,,,,,,,
,,,,,,,,,,,,,,,,,,,,,
,,,,,,,,,,,,,,,,,,,,,
,,,,,,,,,,,,,,,,,,,,,
,,,,,,,,,,,,,,,,,,,,,
,,,,,,,,,,,,,,,,,,,,,
,,,,,,,,,,,,,,,,,,,,,
,,,,,,,,,,,,,,,,,,,,,
,,,,,,,,,,,,,,,,,,,,,
,,,,,,,,,,,,,,,,,,,,,
,,,,,,,,,,,,,,,,,,,,,
,,,,,,,,,,,,,,,,,,,,,
,,,,,,,,,,,,,,,,,,,,,
,,,,,,,,,,,,,,,,,,,,,
,,,,,,,,,,,,,,,,,,,,,
,,,,,,,,,,,,,,,,,,,,,
,,,,,,,,,,,,,,,,,,,,,
,,,,,,,,,,,,,,,,,,,,,
,,,,,,,,,,,,,,,,,,,,,
,,,,,,,,,,,,,,,,,,,,,
,,,,,,,,,,,,,,,,,,,,,
,,,,,,,,,,,,,,,,,,,,,
,,,,,,,,,,,,,,,,,,,,,
,,,,,,,,,,,,,,,,,,,,,
,,,,,,,,,,,,,,,,,,,,,
,,,,,,,,,,,,,,,,,,,,,
,,,,,,,,,,,,,,,,,,,,,
,,,,,,,,,,,,,,,,,,,,,
,,,,,,,,,,,,,,,,,,,,,
,,,,,,,,,,,,,,,,,,,,,
,,,,,,,,,,,,,,,,,,,,,
,,,,,,,,,,,,,,,,,,,,,
,,,,,,,,,,,,,,,,,,,,,
,,,,,,,,,,,,,,,,,,,,,
,,,,,,,,,,,,,,,,,,,,,
,,,,,,,,,,,,,,,,,,,,,
,,,,,,,,,,,,,,,,,,,,,
,,,,,,,,,,,,,,,,,,,,,
,,,,,,,,,,,,,,,,,,,,,
,,,,,,,,,,,,,,,,,,,,,
,,,,,,,,,,,,,,,,,,,,,
,,,,,,,,,,,,,,,,,,,,,
,,,,,,,,,,,,,,,,,,,,,
,,,,,,,,,,,,,,,,,,,,,
,,,,,,,,,,,,,,,,,,,,,
,,,,,,,,,,,,,,,,,,,,,
,,,,,,,,,,,,,,,,,,,,,
,,,,,,,,,,,,,,,,,,,,,
,,,,,,,,,,,,,,,,,,,,,
,,,,,,,,,,,,,,,,,,,,,
,,,,,,,,,,,,,,,,,,,,,
,,,,,,,,,,,,,,,,,,,,,
,,,,,,,,,,,,,,,,,,,,,
,,,,,,,,,,,,,,,,,,,,,
,,,,,,,,,,,,,,,,,,,,,
,,,,,,,,,,,,,,,,,,,,,
,,,,,,,,,,,,,,,,,,,,,
,,,,,,,,,,,,,,,,,,,,,
,,,,,,,,,,,,,,,,,,,,,
,,,,,,,,,,,,,,,,,,,,,
,,,,,,,,,,,,,,,,,,,,,
,,,,,,,,,,,,,,,,,,,,,
,,,,,,,,,,,,,,,,,,,,,
,,,,,,,,,,,,,,,,,,,,,
,,,,,,,,,,,,,,,,,,,,,
,,,,,,,,,,,,,,,,,,,,,
,,,,,,,,,,,,,,,,,,,,,
,,,,,,,,,,,,,,,,,,,,,
,,,,,,,,,,,,,,,,,,,,,
,,,,,,,,,,,,,,,,,,,,,
,,,,,,,,,,,,,,,,,,,,,
,,,,,,,,,,,,,,,,,,,,,
,,,,,,,,,,,,,,,,,,,,,
,,,,,,,,,,,,,,,,,,,,,
,,,,,,,,,,,,,,,,,,,,,
,,,,,,,,,,,,,,,,,,,,,
,,,,,,,,,,,,,,,,,,,,,
,,,,,,,,,,,,,,,,,,,,,
,,,,,,,,,,,,,,,,,,,,,
,,,,,,,,,,,,,,,,,,,,,
,,,,,,,,,,,,,,,,,,,,,
,,,,,,,,,,,,,,,,,,,,,
,,,,,,,,,,,,,,,,,,,,,
,,,,,,,,,,,,,,,,,,,,,
,,,,,,,,,,,,,,,,,,,,,
,,,,,,,,,,,,,,,,,,,,,
,,,,,,,,,,,,,,,,,,,,,
,,,,,,,,,,,,,,,,,,,,,
,,,,,,,,,,,,,,,,,,,,,
,,,,,,,,,,,,,,,,,,,,,
,,,,,,,,,,,,,,,,,,,,,
,,,,,,,,,,,,,,,,,,,,,
,,,,,,,,,,,,,,,,,,,,,
,,,,,,,,,,,,,,,,,,,,,
,,,,,,,,,,,,,,,,,,,,,
,,,,,,,,,,,,,,,,,,,,,
,,,,,,,,,,,,,,,,,,,,,
,,,,,,,,,,,,,,,,,,,,,
,,,,,,,,,,,,,,,,,,,,,
,,,,,,,,,,,,,,,,,,,,,
,,,,,,,,,,,,,,,,,,,,,
,,,,,,,,,,,,,,,,,,,,,
,,,,,,,,,,,,,,,,,,,,,
,,,,,,,,,,,,,,,,,,,,,
,,,,,,,,,,,,,,,,,,,,,
,,,,,,,,,,,,,,,,,,,,,
,,,,,,,,,,,,,,,,,,,,,
,,,,,,,,,,,,,,,,,,,,,
,,,,,,,,,,,,,,,,,,,,,
,,,,,,,,,,,,,,,,,,,,,
,,,,,,,,,,,,,,,,,,,,,
,,,,,,,,,,,,,,,,,,,,,
,,,,,,,,,,,,,,,,,,,,,
,,,,,,,,,,,,,,,,,,,,,
,,,,,,,,,,,,,,,,,,,,,
,,,,,,,,,,,,,,,,,,,,,
,,,,,,,,,,,,,,,,,,,,,
,,,,,,,,,,,,,,,,,,,,,
,,,,,,,,,,,,,,,,,,,,,
,,,,,,,,,,,,,,,,,,,,,
,,,,,,,,,,,,,,,,,,,,,
,,,,,,,,,,,,,,,,,,,,,
,,,,,,,,,,,,,,,,,,,,,
,,,,,,,,,,,,,,,,,,,,,
,,,,,,,,,,,,,,,,,,,,,
,,,,,,,,,,,,,,,,,,,,,
,,,,,,,,,,,,,,,,,,,,,
,,,,,,,,,,,,,,,,,,,,,
,,,,,,,,,,,,,,,,,,,,,
,,,,,,,,,,,,,,,,,,,,,
,,,,,,,,,,,,,,,,,,,,,
,,,,,,,,,,,,,,,,,,,,,
,,,,,,,,,,,,,,,,,,,,,
,,,,,,,,,,,,,,,,,,,,,
,,,,,,,,,,,,,,,,,,,,,
,,,,,,,,,,,,,,,,,,,,,
,,,,,,,,,,,,,,,,,,,,,
,,,,,,,,,,,,,,,,,,,,,
,,,,,,,,,,,,,,,,,,,,,
,,,,,,,,,,,,,,,,,,,,,
,,,,,,,,,,,,,,,,,,,,,
,,,,,,,,,,,,,,,,,,,,,
,,,,,,,,,,,,,,,,,,,,,
,,,,,,,,,,,,,,,,,,,,,
,,,,,,,,,,,,,,,,,,,,,
,,,,,,,,,,,,,,,,,,,,,
,,,,,,,,,,,,,,,,,,,,,
,,,,,,,,,,,,,,,,,,,,,
,,,,,,,,,,,,,,,,,,,,,
,,,,,,,,,,,,,,,,,,,,,
,,,,,,,,,,,,,,,,,,,,,
,,,,,,,,,,,,,,,,,,,,,
,,,,,,,,,,,,,,,,,,,,,
,,,,,,,,,,,,,,,,,,,,,
,,,,,,,,,,,,,,,,,,,,,
,,,,,,,,,,,,,,,,,,,,,
,,,,,,,,,,,,,,,,,,,,,
,,,,,,,,,,,,,,,,,,,,,
,,,,,,,,,,,,,,,,,,,,,
,,,,,,,,,,,,,,,,,,,,,
,,,,,,,,,,,,,,,,,,,,,
,,,,,,,,,,,,,,,,,,,,,
,,,,,,,,,,,,,,,,,,,,,
,,,,,,,,,,,,,,,,,,,,,
,,,,,,,,,,,,,,,,,,,,,
,,,,,,,,,,,,,,,,,,,,,
,,,,,,,,,,,,,,,,,,,,,
,,,,,,,,,,,,,,,,,,,,,
,,,,,,,,,,,,,,,,,,,,,
,,,,,,,,,,,,,,,,,,,,,
,,,,,,,,,,,,,,,,,,,,,
,,,,,,,,,,,,,,,,,,,,,
,,,,,,,,,,,,,,,,,,,,,
,,,,,,,,,,,,,,,,,,,,,
,,,,,,,,,,,,,,,,,,,,,
,,,,,,,,,,,,,,,,,,,,,
,,,,,,,,,,,,,,,,,,,,,
,,,,,,,,,,,,,,,,,,,,,
,,,,,,,,,,,,,,,,,,,,,
,,,,,,,,,,,,,,,,,,,,,
,,,,,,,,,,,,,,,,,,,,,
,,,,,,,,,,,,,,,,,,,,,
,,,,,,,,,,,,,,,,,,,,,
,,,,,,,,,,,,,,,,,,,,,
,,,,,,,,,,,,,,,,,,,,,
,,,,,,,,,,,,,,,,,,,,,
,,,,,,,,,,,,,,,,,,,,,
,,,,,,,,,,,,,,,,,,,,,
,,,,,,,,,,,,,,,,,,,,,
,,,,,,,,,,,,,,,,,,,,,
,,,,,,,,,,,,,,,,,,,,,
,,,,,,,,,,,,,,,,,,,,,
,,,,,,,,,,,,,,,,,,,,,
,,,,,,,,,,,,,,,,,,,,,
,,,,,,,,,,,,,,,,,,,,,
,,,,,,,,,,,,,,,,,,,,,
,,,,,,,,,,,,,,,,,,,,,
,,,,,,,,,,,,,,,,,,,,,
,,,,,,,,,,,,,,,,,,,,,
,,,,,,,,,,,,,,,,,,,,,
,,,,,,,,,,,,,,,,,,,,,
,,,,,,,,,,,,,,,,,,,,,
,,,,,,,,,,,,,,,,,,,,,
,,,,,,,,,,,,,,,,,,,,,
,,,,,,,,,,,,,,,,,,,,,
,,,,,,,,,,,,,,,,,,,,,
,,,,,,,,,,,,,,,,,,,,,
,,,,,,,,,,,,,,,,,,,,,
,,,,,,,,,,,,,,,,,,,,,
,,,,,,,,,,,,,,,,,,,,,
,,,,,,,,,,,,,,,,,,,,,
,,,,,,,,,,,,,,,,,,,,,
,,,,,,,,,,,,,,,,,,,,,
,,,,,,,,,,,,,,,,,,,,,
,,,,,,,,,,,,,,,,,,,,,
,,,,,,,,,,,,,,,,,,,,,
,,,,,,,,,,,,,,,,,,,,,
,,,,,,,,,,,,,,,,,,,,,
,,,,,,,,,,,,,,,,,,,,,
,,,,,,,,,,,,,,,,,,,,,
,,,,,,,,,,,,,,,,,,,,,
,,,,,,,,,,,,,,,,,,,,,
,,,,,,,,,,,,,,,,,,,,,
,,,,,,,,,,,,,,,,,,,,,
,,,,,,,,,,,,,,,,,,,,,
,,,,,,,,,,,,,,,,,,,,,
,,,,,,,,,,,,,,,,,,,,,
,,,,,,,,,,,,,,,,,,,,,
,,,,,,,,,,,,,,,,,,,,,
,,,,,,,,,,,,,,,,,,,,,
,,,,,,,,,,,,,,,,,,,,,
,,,,,,,,,,,,,,,,,,,,,
,,,,,,,,,,,,,,,,,,,,,
,,,,,,,,,,,,,,,,,,,,,
,,,,,,,,,,,,,,,,,,,,,
,,,,,,,,,,,,,,,,,,,,,
,,,,,,,,,,,,,,,,,,,,,
,,,,,,,,,,,,,,,,,,,,,
,,,,,,,,,,,,,,,,,,,,,
,,,,,,,,,,,,,,,,,,,,,
,,,,,,,,,,,,,,,,,,,,,
,,,,,,,,,,,,,,,,,,,,,
,,,,,,,,,,,,,,,,,,,,,
,,,,,,,,,,,,,,,,,,,,,
,,,,,,,,,,,,,,,,,,,,,
,,,,,,,,,,,,,,,,,,,,,
,,,,,,,,,,,,,,,,,,,,,
,,,,,,,,,,,,,,,,,,,,,
,,,,,,,,,,,,,,,,,,,,,
,,,,,,,,,,,,,,,,,,,,,
,,,,,,,,,,,,,,,,,,,,,
,,,,,,,,,,,,,,,,,,,,,
,,,,,,,,,,,,,,,,,,,,,
,,,,,,,,,,,,,,,,,,,,,
,,,,,,,,,,,,,,,,,,,,,
,,,,,,,,,,,,,,,,,,,,,
,,,,,,,,,,,,,,,,,,,,,
,,,,,,,,,,,,,,,,,,,,,
,,,,,,,,,,,,,,,,,,,,,
,,,,,,,,,,,,,,,,,,,,,
,,,,,,,,,,,,,,,,,,,,,
,,,,,,,,,,,,,,,,,,,,,
,,,,,,,,,,,,,,,,,,,,,
,,,,,,,,,,,,,,,,,,,,,
,,,,,,,,,,,,,,,,,,,,,
,,,,,,,,,,,,,,,,,,,,,
,,,,,,,,,,,,,,,,,,,,,
,,,,,,,,,,,,,,,,,,,,,
,,,,,,,,,,,,,,,,,,,,,
,,,,,,,,,,,,,,,,,,,,,
,,,,,,,,,,,,,,,,,,,,,
,,,,,,,,,,,,,,,,,,,,,
,,,,,,,,,,,,,,,,,,,,,
,,,,,,,,,,,,,,,,,,,,,
,,,,,,,,,,,,,,,,,,,,,
,,,,,,,,,,,,,,,,,,,,,
,,,,,,,,,,,,,,,,,,,,,
,,,,,,,,,,,,,,,,,,,,,
,,,,,,,,,,,,,,,,,,,,,
,,,,,,,,,,,,,,,,,,,,,
,,,,,,,,,,,,,,,,,,,,,
,,,,,,,,,,,,,,,,,,,,,
,,,,,,,,,,,,,,,,,,,,,
,,,,,,,,,,,,,,,,,,,,,
,,,,,,,,,,,,,,,,,,,,,
,,,,,,,,,,,,,,,,,,,,,
,,,,,,,,,,,,,,,,,,,,,
,,,,,,,,,,,,,,,,,,,,,
,,,,,,,,,,,,,,,,,,,,,
,,,,,,,,,,,,,,,,,,,,,
,,,,,,,,,,,,,,,,,,,,,
,,,,,,,,,,,,,,,,,,,,,
,,,,,,,,,,,,,,,,,,,,,
,,,,,,,,,,,,,,,,,,,,,
,,,,,,,,,,,,,,,,,,,,,
,,,,,,,,,,,,,,,,,,,,,
,,,,,,,,,,,,,,,,,,,,,
,,,,,,,,,,,,,,,,,,,,,
,,,,,,,,,,,,,,,,,,,,,
,,,,,,,,,,,,,,,,,,,,,
,,,,,,,,,,,,,,,,,,,,,
,,,,,,,,,,,,,,,,,,,,,
,,,,,,,,,,,,,,,,,,,,,
,,,,,,,,,,,,,,,,,,,,,
,,,,,,,,,,,,,,,,,,,,,
,,,,,,,,,,,,,,,,,,,,,
,,,,,,,,,,,,,,,,,,,,,
,,,,,,,,,,,,,,,,,,,,,
,,,,,,,,,,,,,,,,,,,,,
,,,,,,,,,,,,,,,,,,,,,
,,,,,,,,,,,,,,,,,,,,,
,,,,,,,,,,,,,,,,,,,,,
,,,,,,,,,,,,,,,,,,,,,
,,,,,,,,,,,,,,,,,,,,,
,,,,,,,,,,,,,,,,,,,,,
,,,,,,,,,,,,,,,,,,,,,
,,,,,,,,,,,,,,,,,,,,,
,,,,,,,,,,,,,,,,,,,,,
,,,,,,,,,,,,,,,,,,,,,
,,,,,,,,,,,,,,,,,,,,,
,,,,,,,,,,,,,,,,,,,,,
,,,,,,,,,,,,,,,,,,,,,
,,,,,,,,,,,,,,,,,,,,,
,,,,,,,,,,,,,,,,,,,,,
,,,,,,,,,,,,,,,,,,,,,
,,,,,,,,,,,,,,,,,,,,,
,,,,,,,,,,,,,,,,,,,,,
,,,,,,,,,,,,,,,,,,,,,
,,,,,,,,,,,,,,,,,,,,,
,,,,,,,,,,,,,,,,,,,,,
,,,,,,,,,,,,,,,,,,,,,
,,,,,,,,,,,,,,,,,,,,,
,,,,,,,,,,,,,,,,,,,,,
,,,,,,,,,,,,,,,,,,,,,
,,,,,,,,,,,,,,,,,,,,,
,,,,,,,,,,,,,,,,,,,,,
,,,,,,,,,,,,,,,,,,,,,
,,,,,,,,,,,,,,,,,,,,,
,,,,,,,,,,,,,,,,,,,,,
,,,,,,,,,,,,,,,,,,,,,
,,,,,,,,,,,,,,,,,,,,,
,,,,,,,,,,,,,,,,,,,,,
,,,,,,,,,,,,,,,,,,,,,
,,,,,,,,,,,,,,,,,,,,,
,,,,,,,,,,,,,,,,,,,,,
,,,,,,,,,,,,,,,,,,,,,
,,,,,,,,,,,,,,,,,,,,,
,,,,,,,,,,,,,,,,,,,,,
,,,,,,,,,,,,,,,,,,,,,
,,,,,,,,,,,,,,,,,,,,,
,,,,,,,,,,,,,,,,,,,,,
,,,,,,,,,,,,,,,,,,,,,
,,,,,,,,,,,,,,,,,,,,,
,,,,,,,,,,,,,,,,,,,,,
,,,,,,,,,,,,,,,,,,,,,
,,,,,,,,,,,,,,,,,,,,,
,,,,,,,,,,,,,,,,,,,,,
,,,,,,,,,,,,,,,,,,,,,
,,,,,,,,,,,,,,,,,,,,,
,,,,,,,,,,,,,,,,,,,,,
,,,,,,,,,,,,,,,,,,,,,
,,,,,,,,,,,,,,,,,,,,,
,,,,,,,,,,,,,,,,,,,,,
,,,,,,,,,,,,,,,,,,,,,
,,,,,,,,,,,,,,,,,,,,,
,,,,,,,,,,,,,,,,,,,,,
,,,,,,,,,,,,,,,,,,,,,
,,,,,,,,,,,,,,,,,,,,,
,,,,,,,,,,,,,,,,,,,,,
,,,,,,,,,,,,,,,,,,,,,
,,,,,,,,,,,,,,,,,,,,,
,,,,,,,,,,,,,,,,,,,,,
,,,,,,,,,,,,,,,,,,,,,
,,,,,,,,,,,,,,,,,,,,,
,,,,,,,,,,,,,,,,,,,,,
,,,,,,,,,,,,,,,,,,,,,
,,,,,,,,,,,,,,,,,,,,,
,,,,,,,,,,,,,,,,,,,,,
,,,,,,,,,,,,,,,,,,,,,
,,,,,,,,,,,,,,,,,,,,,
,,,,,,,,,,,,,,,,,,,,,
,,,,,,,,,,,,,,,,,,,,,
,,,,,,,,,,,,,,,,,,,,,
,,,,,,,,,,,,,,,,,,,,,
,,,,,,,,,,,,,,,,,,,,,
,,,,,,,,,,,,,,,,,,,,,
,,,,,,,,,,,,,,,,,,,,,
,,,,,,,,,,,,,,,,,,,,,
,,,,,,,,,,,,,,,,,,,,,
,,,,,,,,,,,,,,,,,,,,,
,,,,,,,,,,,,,,,,,,,,,
,,,,,,,,,,,,,,,,,,,,,
,,,,,,,,,,,,,,,,,,,,,
,,,,,,,,,,,,,,,,,,,,,
,,,,,,,,,,,,,,,,,,,,,
,,,,,,,,,,,,,,,,,,,,,
,,,,,,,,,,,,,,,,,,,,,
,,,,,,,,,,,,,,,,,,,,,
,,,,,,,,,,,,,,,,,,,,,
,,,,,,,,,,,,,,,,,,,,,
,,,,,,,,,,,,,,,,,,,,,
,,,,,,,,,,,,,,,,,,,,,
,,,,,,,,,,,,,,,,,,,,,
,,,,,,,,,,,,,,,,,,,,,
,,,,,,,,,,,,,,,,,,,,,
,,,,,,,,,,,,,,,,,,,,,
,,,,,,,,,,,,,,,,,,,,,
,,MSRP.3,MSRP,,"$56,500.00",,,,,,,,,,,,,,,,
,,MSRP.2,MSRP,,"$54,850.00",,,,,,,,,,,,,,,,
,,MSRP.1,MSRP,,"$55,400.00",,,,,,,,,,,,,,,,
,,MSRP,MSRP,,"$57,850.00",,,,,,,,,,,,,,,,
,,Z9B,INDIVIDUAL PAINT Canada,,"$3,900.00",,,,,,,,,,,,,,,,
,,IND,INDIVIDUAL PAINT,,"$5,000.00",,,,,,,,,,,,,,,,
,,ZCP,Competition Package                                                                                                                          - Dynamic Damper Control,,"$2,500.00",,,,,,,,,,,,,,,,
,,ZCV,"Convenience Package                                                                                                                     - Anti-theft alarm system
- Comfort Access keyless entry
- Park Distance Control (rear)
- Navigation System
- Voice-Command
- iPod & USB adapter
- Real Time Traffic Information",,"$2,900.00",,,,,,,,,,,,,,,,
,,,,,,,,,,,,,,,,,,,,,
,,ZCW,"Cold Weather Package                                                                                                                      - Split fold-down-rear seat
- Heated front seats
- Retractable headlight washers",,"$1,000.00",,,,,,,,,,,,,,,,
,,ZPP.1,"Premium Package                                                                                                                    - Power-folding auto mirrors
- Universal garage-door opener
- Power front seats
- Carbon Leather interior trim
- Interior mirror with compass
- BMW Assist w/enhanced BT & USB",,"$2,000.00",,,,,,,,,,,,,,,,
,,ZPP.2,,,"$2,000.00",,,,,,,,,,,,,,,,
,,ZPP.3,,,"$2,000.00",,,,,,,,,,,,,,,,
,,ZP2,,,"$2,500.00",,,,,,,,,,,,,,,,
,,ZP2.1,,,"$2,500.00",,,,,,,,,,,,,,,,
,,ZP2.2,,,"$2,500.00",,,,,,,,,,,,,,,,
,,ZP2.3,,,"$2,500.00",,,,,,,,,,,,,,,,
,,ZP2.4,"Premium Package 2                                                                                                                     - Power-folding auto mirrors
- Universal garage-door opener
- Power front seats
- Carbon Leather interior trim
- Interior mirror with compass
- BMW Assist w/enhanced BT & USB",,"$2,500.00",,,,,,,,,,,,,,,,
,,,,,,,,,,,,,,,,,,,,,
,,"ZP3,",,,"$2,500.00",,,,,,,,,,,,,,,,
,,ZP3.1,,,"$2,500.00",,,,,,,,,,,,,,,,
,,ZP3.2,,,"$2,500.00",,,,,,,,,,,,,,,,
,,ZP3.3,,,"$2,500.00",,,,,,,,,,,,,,,,
,,ZP3.4,"Premium Package 3                                                                                                                     - Power-folding auto mirrors
- Universal garage-door opener
- Power front seats
- Carbon Leather interior trim
- Interior mirror with compass
- BMW Assist w/enhanced BT & USB",,"$2,500.00",,,,,,,,,,,,,,,,
,,,,,,,,,,,,,,,,,,,,,
,,ZTP,"Technology Package                                                                                               
- M Drive
- Comfort Access keyless entry
- Navigation system

        ",,"$3,250.00",,,,,,,,,,,,,,,,
,,,,,,,,,,,,,,,,,,,,,
,,223,Dynamic Damper Control,,"$1,000.00",,,,,,,,,,,,,,,,
,,2MK.1,M Double-Clutch Transmission,,"$2,700.00",,,,,,,,,,,,,,,,
,,2MK,M Double-Clutch Transmission,,"$2,900.00",,,,,,,,,,,,,,,,
,,2MT.1,"19"" Alloy Double-Spoke Wheels ",,"$1,200.00",,,,,,,,,,,,,,,,
,,2MT,"19"" Alloy Double-Spoke Wheels ",,"$1,250.00",,,,,,,,,,,,,,,,
,,4MX,BRUSHED ALUMINUM TRIM,,$500.00,,,,,,,,,,,,,,,,
,,4MY,CARBON LEATHER INTERIOR TRIM,,$500.00,,,,,,,,,,,,,,,,
,,4MZ,WALNUT INTERIOR TRIM,,$500.00,,,,,,,,,,,,,,,,
,,403,Moonroof                                                                                                       ,,"$1,050.00",,,,,,,,,,,,,,,,
,,417,"Power rear sunshade                                                                                     
Manual side/rear power shades
                                               ",,$575.00,,,,,,,,,,,,,,,,
,,465,Split-Fold Down Rear Seat                                                                           ,,$475.00,,,,,,,,,,,,,,,,
,,494,Heated Front Seats                                                                                      ,,$500.00,,,,,,,,,,,,,,,,
,,302,Alarm System ,,$400.00,S,,,,,,,,,,,,,,,
,,320,Model Desingation - Deletion,,$0.00,,,,,,,,,,,,,,,,
,,507,Rear Park Distance Control ,,$350.00,,,,,,,,,,,,,,,,
,,5AC,Automatic High Beams ,,$250.00,,,,,,,,,,,,,,,,
,,609,Navigation System ,,"$2,100.00",,,,,,,,,,,,,,,,
,,6FL,iPod & USB Adapter ,,$400.00,,,,,,,,,,,,,,,,
,,639,BMW Assist w. Bluetooth ,,$750.00,,,,,,,,,,,,,,,,
,,,,,,,,,,,,,,,,,,,,,
,,6NF,Smartphone Integration,,$150.00,,,,,,,,,,,,,,,,
,,653,HD Radio,,$350.00,,,,,,,,,,,,,,,,
,,655, Satellite Radio ,,$595.00,,,,,,,,,,,,,,,,
,,6NR,BMW Apps ,,$250.00,,,,,,,,,,,,,,,,
,,752,Enhanced Premium Sound ,,"$1,900.00",,,,,,,,,,,,,,,,
,,771,TITANIUM SHADOW TRIM,,$0.00,,,,,,,,,,,,,,,,
,,863,EURO DELIVERY,,,,,,,,,,,,,,,,,,
,,XE2,"Ind.fine Wood Trim Maple Wood,anthr",,"$1,080.00",,,,,,,,,,,,,,,,
,,XE3,Ind.Ind.fine Wood Eukalyptus,,"$1,080.00",,,,,,,,,,,,,,,,
,,XE8,Ind.Black Piano Trim,,"$1,080.00",,,,,,,,,,,,,,,,
,,,,,,,,,,,,,,,,,,,,,
,,,M Performance Parts,,,,,,,,,,,,,,,,,,
,,Z04 ,Aluminum Pedals ,,$210.00,,,,,,,,,,,,,,,,
,,Z06, Black Kidney Grilles ,,$162.00,,,,,,,,,,,,,,,,
,,Z10,M Performance Exhaust ,,"$4,067.00",,,,,,,,,,,,,,,,
,,Z12 ,Alcanata Performance Steering Wheel,,$885.00,,,,,,,,,,,,,,,,
,,Z17 ,Carbon Fiber Front Splitters,,$911.00,,,,,,,,,,,,,,,,
,,Z21 ,Carbon Fiber Mirror Caps,,$712.00,,,,,,,,,,,,,,,,
,,Z22,Carbon Fiber Spoiler,,$622.00,,,,,,,,,,,,,,,,
,,Z62 ,Wheel Locks,,,,,,,,,,,,,,,,,,