EXTERIOR,,INTERIOR,2011,VIN,,,Package Codes,PACKAGES,MSRP,PROD.,,,DEALER NAME,Port,Carrier,VPC,Details,V-Spec,Sticker,Invoice,VIN fill done Sun Aug 10 2025 11:35:08 GMT-0500 (Central Daylight Time)
,,,2012,VIN SKIP 2012,,,,,,,,,,,,,,,,,
A73 - Jerez Black Metallic,,NCH2 - Fox Red Novillo Leather,2012,WBSKG9C55CE797510,,E797510,"MSRP.1,ZCP,2MK,302,322,4MY,6FL",,,08-31-2011,550/950,,,,,,,,,,
668 - Jet Black,,NCSW - Black Novillo Leather,2012,WBSKG9C57CE797511,,E797511,"MSRP.1,ZCP,ZCV,ZPP.3,2MK,302,415,494,507,6FL,6NF,6NR,655,752",,,08-31-2011,,,,,,,,,,,
A96 - Mineral White Metallic,,NCSW - Black Novillo Leather,2012,WBSKG9C59CE797512,,E797512,"MSRP.1,ZCP,ZCW,ZCV,ZPP.3,2MK,302,415,507,6FL,6NF,6NR,655,752",,,08-31-2011,,,,,,,,,,,
A96 - Mineral White Metallic,,NCH5 - Fox Red/Black Novillo Leather,2012,WBSKG9C50CE797513,,E797513,"MSRP.1,ZCP,ZCW,ZCV,ZPP.1,2MK,302,415,507,6FL,752",,,08-31-2011,,,,,,,,,,,
668 - Jet Black,,NCSW - Black Novillo Leather,2012,WBSKG9C52CE797514,,E797514,"MSRP.1,ZCP,ZCV,ZPP.1,2MK,302,415,494,507,6FL,6NF,6NR,655,752",,,08-31-2011,,,,,,,,,,,
300 - Alpine White,,NCSW - Black Novillo Leather,2012,WBSKG9C54CE797515,,E797515,"MSRP.1,ZCV,ZPP.3,2MT.1,302,415,494,507,6FL,752",,,08-31-2011,,,,,,,,,,,
A96 - Mineral White Metallic,,NCH2 - Fox Red Novillo Leather,2012,WBSKG9C56CE797516,,E797516,"MSRP.1,ZCW,ZCV,ZPP.3,2MK,2MT.1,302,403,415,507,6FL,6NF,6NR,655,752",,,08-31-2011,,,,,,,,,,,
300 - Alpine White,,NCSW - Black Novillo Leather,2012,WBSKG9C58CE797517,,E797517,"MSRP.1,ZCP,ZCW,ZCV,ZPP.3,2MK,302,415,507,6FL,6NF,6NR,655,752",,,09-01-2011,,,,,,,,,,,
381 - Le Mans Blue Metallic,,NCSW - Black Novillo Leather,2012,WBSKG9C5XCE797518,,E797518,"MSRP.1,ZCP,ZCV,ZPP.3,2MK,302,415,494,507,6FL,6NF,6NR,655,752",,,09-01-2011,550,,,,,,,,,,
381 - Le Mans Blue Metallic,,NCSW - Black Novillo Leather,2012,WBSKG9C51CE797519,,E797519,"MSRP.1,ZCP,ZCV,ZPP.3,302,415,494,507,6FL,6NF,6NR,752",,,09-01-2011,550,,,,,,,,,,
381 - Le Mans Blue Metallic,,NCH1 - Silver Novillo Leather,2012,WBSKG9C58CE797520,,E797520,"MSRP.1,ZCV,ZPP.1,302,415,494,507,6FL,6NF,6NR",,,09-01-2011,550,,,,,,,,,,
668 - Jet Black,,NCSW - Black Novillo Leather,2012,WBSKG9C5XCE797521,,E797521,"MSRP.1,ZCP,ZCW,ZCV,ZPP.3,2MK,302,403,415,507,6FL,655,752",,,09-01-2011,,,,,,,,,,,
A96 - Mineral White Metallic,,NCH5 - Fox Red/Black Novillo Leather,2012,WBSKG9C51CE797522,,E797522,"MSRP.1,ZCV,ZPP.2,302,403,415,494,507,6FL",,,09-01-2011,,,,,,,,,,,
W07 - Frozen Silver Metallic,,Z1XX - Unknown Upholstery Code,2012,WBSKG9C53CE797523,,E797523,"MSRP.1,ZCP,ZCW,ZCV,ZPP.1,2MK,302,415,507,6FL,6NF,6NR,655",,,09-17-2011,,,,,,,,,,,
W07 - Frozen Silver Metallic,,Z1XX - Unknown Upholstery Code,2012,WBSKG9C55CE797524,,E797524,"MSRP.1,ZCP,ZCW,ZCV,ZPP.1,2MK,302,415,507,6FL,6NF,6NR",,,09-17-2011,,,,,,,,,,,
W07 - Frozen Silver Metallic,,Z1XX - Unknown Upholstery Code,2012,WBSKG9C57CE797525,,E797525,"MSRP.1,ZCP,ZCW,ZCV,ZPP.1,2MK,302,415,507,6FL,6NF,6NR,655",,,09-16-2011,,,,,,,,,,,
A96 - Mineral White Metallic,,NCH5 - Fox Red/Black Novillo Leather,2012,WBSKG9C59CE797526,,E797526,"MSRP.1,ZCP,ZCV,ZPP.3,2MK,302,415,507,6FL",,,09-02-2011,,,,,,,,,,,
A52 - Space Gray Metallic,,NCH5 - Fox Red/Black Novillo Leather,2012,WBSKG9C50CE797527,,E797527,"MSRP.1,ZCV,ZPP.3,2MT.1,302,403,415,494,507,6FL,655",,,09-02-2011,550,,,,,,,,,,
A52 - Space Gray Metallic,,NCSW - Black Novillo Leather,2012,WBSKG9C52CE797528,,E797528,"MSRP.1,ZCP,ZCV,ZPP.3,2MK,302,403,415,507,6FL,6NF,6NR,655,752",,,09-02-2011,550,,,,,,,,,,
668 - Jet Black,,NCH3 - Beige Novillo Leather,2012,WBSKG9C54CE797529,,E797529,"MSRP.1,ZCP,ZCW,ZCV,ZPP.3,2MK,302,415,507,6FL,655",,,09-02-2011,,,,,,,,,,,
A96 - Mineral White Metallic,,NCSW - Black Novillo Leather,2012,WBSKG9C50CE797530,,E797530,"MSRP.1,ZCP,ZCV,ZPP.3,2MK,302,415,494,507,5AC,6FL,6NF,6NR,655,752",,,09-02-2011,,,,,,,,,,,
A96 - Mineral White Metallic,,NDSW - Black Extended Novillo Leather,2012,WBSKG9C52CE797531,,E797531,"MSRP.1,ZCV,ZPP.3,2MK,2MT.1,302,415,494,507,6FL,6NF,6NR,655,752",,,09-02-2011,1100,,,,,,,,,,
668 - Jet Black,,NCSW - Black Novillo Leather,2012,WBSKG9C54CE797532,,E797532,"MSRP.1,ZCP,ZCV,ZPP.3,302,415,494,507,6FL,6NF,6NR,655,752",,,09-03-2011,,,,,,,,,,,
668 - Jet Black,,NCSW - Black Novillo Leather,2012,WBSKG9C56CE797533,,E797533,"MSRP.1,ZCW,ZCV,ZPP.1,2MT.1,302,403,415,507,6FL,752",,,09-02-2011,,,,,,,,,,,
A96 - Mineral White Metallic,,NDSW - Black Extended Novillo Leather,2012,WBSKG9C58CE797534,,E797534,"MSRP.1,ZCP,ZCW,ZCV,302,415,4MY,507,6FL,6NF,6NR,655,752",,,09-03-2011,2000,,,,,,,,,,
381 - Le Mans Blue Metallic,,NDSW - Black Extended Novillo Leather,2012,WBSKG9C5XCE797535,,E797535,"MSRP.1,ZCP,ZCV,ZPP.3,302,415,494,507,5AC,6FL,6NF,6NR,655,752",,,09-03-2011,550/1100,,,,,,,,,,
A75 - Melbourne Red Metallic,,NCSW - Black Novillo Leather,,WBSKG9C51CE797536,,E797536,"MSRP.1,ZCP,ZCW,ZCV,ZPP.3,2MK,302,415,507,6FL,6NF,6NR,655,752",,,09-03-2011,550,,,,,,,,,,
A75 - Melbourne Red Metallic,,NCSW - Black Novillo Leather,,WBSKG9C53CE797537,,E797537,"MSRP.1,ZCP,ZCV,ZPP.3,302,415,494,507,6FL,752",,,09-03-2011,550,,,,,,,,,,
A75 - Melbourne Red Metallic,,NCH3 - Beige Novillo Leather,,WBSKG9C55CE797538,,E797538,"MSRP.1,ZCP,ZCV,ZPP.3,2MK,302,415,494,507,6FL,6NF,6NR,655",,,09-03-2011,550,,,,,,,,,,
300 - Alpine White,,NCH5 - Fox Red/Black Novillo Leather,,WBSKG9C57CE797539,,E797539,"MSRP.1,ZCP,2MK,302,322,4MY,6FL,655",,,09-03-2011,950,,,,,,,,,,
300 - Alpine White,,NCH1 - Silver Novillo Leather,,WBSKG9C53CE797540,,E797540,"MSRP.1,ZCP,ZCV,ZPP.3,2MK,302,415,507,6FL,6NF,6NR,655",,,09-03-2011,,,,,,,,,,,
300 - Alpine White,,NCH5 - Fox Red/Black Novillo Leather,,WBSKG9C55CE797541,,E797541,"MSRP.1,ZCP,ZCV,ZPP.3,2MK,302,415,494,507,6FL,6NF,6NR,655,752",,,09-05-2011,,,,,,,,,,,
668 - Jet Black,,NDSW - Black Extended Novillo Leather,,WBSKG9C57CE797542,,E797542,"MSRP.1,ZCP,ZCW,ZCV,ZPP.3,2MK,302,403,415,507,6FL,6NF,6NR,655,752",,,09-05-2011,1100,,,,,,,,,,
300 - Alpine White,,NCH4 - Palladium/Black Novillo Leather,,WBSKG9C59CE797543,,E797543,"MSRP.1,ZCP,ZCV,ZPP.1,2MK,302,403,415,494,507,6FL,6NF,6NR,655,752",,,09-05-2011,,,,,,,,,,,
A96 - Mineral White Metallic,,NDH2 - Fox Red Extended Leather,,WBSKG9C50CE797544,,E797544,"MSRP.1,ZCP,ZCV,ZPP.2,2MK,302,403,415,494,507,6FL,6NF,6NR,752",,,09-05-2011,1100,,,,,,,,,,
668 - Jet Black,,NCSW - Black Novillo Leather,,WBSKG9C52CE797545,,E797545,"MSRP.1,ZCP,ZCV,ZPP.3,2MK,302,403,415,507,6FL,6NF,6NR,655",,,09-05-2011,,,,,,,,,,,
A30 - Interlagos Blue Metallic,,NCH4 - Palladium/Black Novillo Leather,,WBSKG9C54CE797546,,E797546,"MSRP.1,ZCV,ZPP.1,302,403,415,507,6FL,752",,,09-06-2011,550,,,,,,,,,,
A75 - Melbourne Red Metallic,,NCSW - Black Novillo Leather,,WBSKG9C56CE797547,,E797547,"MSRP.1,ZCP,ZCV,ZPP.3,2MK,302,415,494,507,6FL,6NF,6NR,752",,,09-05-2011,550,,,,,,,,,,
381 - Le Mans Blue Metallic,,NDSW - Black Extended Novillo Leather,,WBSKG9C58CE797548,,E797548,"MSRP.1,ZCP,ZCW,ZCV,302,415,4MY,507,6FL,6NF,6NR,655,752",,,09-05-2011,550/2000,,CAN,,,,,,,,
300 - Alpine White,,NCH3 - Beige Novillo Leather,,WBSKG9C5XCE797549,,E797549,"MSRP.1,494,507,609,6FL,655",,,09-05-2011,950,,,,,,,,,,
A73 - Jerez Black Metallic,,NCH5 - Fox Red/Black Novillo Leather,,WBSKG9C56CE797550,,E797550,"MSRP.1,ZCP,ZCV,ZPP.3,2MK,302,415,494,507,6FL,6NF,6NR,655,752",,,09-06-2011,550,,,,,,,,,,
W07 - Frozen Silver Metallic,,Z1XX - Unknown Upholstery Code,,WBSKG9C58CE797551,,E797551,"MSRP.1,ZCP,ZCW,ZCV,ZPP.1,2MK,302,415,507,6FL,6NF,6NR",,,09-13-2011,,,,,,,,,,,
W07 - Frozen Silver Metallic,,Z1XX - Unknown Upholstery Code,,WBSKG9C5XCE797552,,E797552,"MSRP.1,ZCP,ZCW,ZCV,ZPP.1,2MK,302,415,507,6FL,6NF,6NR",,,09-13-2011,,,,,,,,,,,
W07 - Frozen Silver Metallic,,Z1XX - Unknown Upholstery Code,,WBSKG9C51CE797553,,E797553,"MSRP.1,ZCP,ZCW,ZCV,ZPP.1,2MK,302,415,507,6FL,6NF,6NR,655",,,09-13-2011,,,,,,,,,,,
"X04 - Moonstone - $5,000.00",,NDH2 - Fox Red Extended Leather,,WBSKG9C53CE797554,,E797554,"MSRP.1,ZCP,ZCV,ZPP.3,2MK,302,415,494,507,6FL,6NF,6NR,655,752",,,09-14-2011,1100,,,,,,,,,,
W07 - Frozen Silver Metallic,,Z1XX - Unknown Upholstery Code,,WBSKG9C55CE797555,,E797555,"MSRP.1,ZCP,ZCW,ZCV,ZPP.1,2MK,302,415,507,6FL,6NF,6NR",,,09-14-2011,,,,,,,,,,,
W07 - Frozen Silver Metallic,,Z1XX - Unknown Upholstery Code,,WBSKG9C57CE797556,,E797556,"MSRP.1,ZCP,ZCW,ZCV,ZPP.1,2MK,302,415,507,6FL,6NF,6NR,655",,,09-14-2011,,,,,,,,,,,
W07 - Frozen Silver Metallic,,Z1XX - Unknown Upholstery Code,,WBSKG9C59CE797557,,E797557,"MSRP.1,ZCP,ZCW,ZCV,ZPP.1,2MK,302,415,507,6FL,6NF,6NR",,,09-14-2011,,,,,,,,,,,
X03 - Ruby Black Metallic 1 of 17,,NDSW - Black Extended Novillo Leather,,WBSKG9C50CE797558,,E797558,"MSRP.1,ZCP,ZCV,ZPP.3,2MK,302,415,494,507,6FL,6NF,6NR,655,752",,,09-15-2011,1100,,,,,,,,,,
W07 - Frozen Silver Metallic,,Z1XX - Unknown Upholstery Code,,WBSKG9C52CE797559,,E797559,"MSRP.1,ZCP,ZCW,ZCV,ZPP.1,2MK,302,415,507,6FL,6NF,6NR",,,09-15-2011,,,,,,,,,,,
W07 - Frozen Silver Metallic,,Z1XX - Unknown Upholstery Code,,WBSKG9C59CE797560,,E797560,"MSRP.1,ZCP,ZCW,ZCV,ZPP.1,2MK,302,415,507,6FL,6NF,6NR",,,09-15-2011,,,,,,,,,,,
W07 - Frozen Silver Metallic,,Z1XX - Unknown Upholstery Code,,WBSKG9C50CE797561,,E797561,"MSRP.1,ZCP,ZCW,ZCV,ZPP.1,2MK,302,415,507,6FL,6NF,6NR,655",,,09-15-2011,,,,,,,,,,,
W07 - Frozen Silver Metallic,,Z1XX - Unknown Upholstery Code,,WBSKG9C52CE797562,,E797562,"MSRP.1,ZCP,ZCW,ZCV,ZPP.1,2MK,302,415,507,6FL,6NF,6NR",,,09-16-2011,,,,,,,,,,,
A96 - Mineral White Metallic,,NDH3 - Beige Novillo Extended Leather,,WBSKG9C54CE797563,,E797563,"MSRP.1,ZCP,ZCV,ZPP.1,302,415,507,6FL,655",,,09-06-2011,1100,,,,,,,,,,
A96 - Mineral White Metallic,,NCH5 - Fox Red/Black Novillo Leather,,WBSKG9C56CE797564,,E797564,"MSRP.1,ZCP,ZCV,ZPP.3,2MK,302,415,494,507,6FL,6NF,6NR,655,752",,,09-06-2011,,,,,,,,,,,
A52 - Space Gray Metallic,,NCH5 - Fox Red/Black Novillo Leather,,WBSKG9C58CE797565,,E797565,"MSRP.1,ZCP,ZCV,ZPP.3,302,415,507,6FL",,,09-06-2011,550,,,,,,,,,,
A52 - Space Gray Metallic,,NCSW - Black Novillo Leather,,WBSKG9C5XCE797566,,E797566,"MSRP.1,ZCP,ZCV,ZPP.3,302,415,507,6FL,752",,,09-06-2011,550,,,,,,,,,,
A73 - Jerez Black Metallic,,NDSW - Black Extended Novillo Leather,,WBSKG9C51CE797567,,E797567,"MSRP.1,ZCP,ZCW,ZCV,ZPP.3,2MK,302,403,415,507,5AC,6FL,6NF,6NR,655,752",,,09-06-2011,550/1100,,,,,,,,,,
A29 - Silverstone Metallic II,,NCSW - Black Novillo Leather,,WBSKG9C53CE797568,,E797568,"MSRP.1,ZCP,ZCV,ZPP.1,302,403,415,494,507,6FL",,,09-06-2011,550,,,,,,,,,,
A73 - Jerez Black Metallic,,NDH3 - Beige Novillo Extended Leather,,WBSKG9C55CE797569,,E797569,"MSRP.1,ZCP,ZCW,ZCV,ZPP.2,2MK,302,403,415,507,5AC,6FL,6NF,6NR,655,752",,,09-07-2011,550/1100,,,,,,,,,,
A30 - Interlagos Blue Metallic,,NCSW - Black Novillo Leather,,WBSKG9C51CE797570,,E797570,"MSRP.1,ZCW,ZCV,ZPP.1,2MK,302,415,507,6FL,655",,,09-07-2011,550,,,,,,,,,,
A73 - Jerez Black Metallic,,NCSW - Black Novillo Leather,,WBSKG9C53CE797571,,E797571,"MSRP.1,ZCV,ZPP.1,2MK,302,403,415,494,507,6FL,655,752",,,09-07-2011,550,,,,,,,,,,
A52 - Space Gray Metallic,,NDSW - Black Extended Novillo Leather,,WBSKG9C55CE797572,,E797572,"MSRP.1,ZCP,ZCW,ZCV,ZPP.3,302,415,507,6FL,6NF,6NR,655,752",,,09-07-2011,550/1100,,,,,,,,,,
A73 - Jerez Black Metallic,,NCH3 - Beige Novillo Leather,,WBSKG9C57CE797573,,E797573,"MSRP.1,ZCP,ZCW,ZCV,ZPP.3,302,403,415,507,6FL,655,752",,,09-07-2011,550,,,,,,,,,,
300 - Alpine White,,NCH2 - Fox Red Novillo Leather,,WBSKG9C59CE797574,,E797574,"MSRP.1,ZCV,ZPP.3,2MK,2MT.1,302,415,507,6FL",,,09-07-2011,,,,,,,,,,,
A52 - Space Gray Metallic,,NCH5 - Fox Red/Black Novillo Leather,,WBSKG9C50CE797575,,E797575,"MSRP.1,ZCP,ZCW,ZCV,ZPP.3,2MK,302,403,415,507,6FL",,,09-08-2011,550,,,,,,,,,,
300 - Alpine White,,NCH5 - Fox Red/Black Novillo Leather,,WBSKG9C52CE797576,,E797576,"MSRP.1,ZCP,ZCW,ZCV,ZPP.3,2MK,302,415,507,6FL,6NF,6NR,655,752",,,09-08-2011,,,,,,,,,,,
A30 - Interlagos Blue Metallic,,NCH4 - Palladium/Black Novillo Leather,,WBSKG9C54CE797577,,E797577,"MSRP.1,ZCP,ZCW,ZCV,ZPP.3,2MK,302,403,415,507,6FL,6NF,6NR,655,752",,,09-08-2011,550,,,,,,,,,,
A52 - Space Gray Metallic,,NCH2 - Fox Red Novillo Leather,,WBSKG9C56CE797578,,E797578,"MSRP.1,ZCV,ZPP.3,2MK,302,415,507,6FL,655",,,09-08-2011,550,,,,,,,,,,
A96 - Mineral White Metallic,,NCH2 - Fox Red Novillo Leather,,WBSKG9C58CE797579,,E797579,"MSRP.1,ZCP,ZCW,ZCV,ZPP.3,302,415,507,6FL,655,752",,,09-08-2011,,,,,,,,,,,
A96 - Mineral White Metallic,,NCSW - Black Novillo Leather,,WBSKG9C54CE797580,,E797580,"MSRP.1,ZCP,ZCV,ZPP.3,2MK,302,403,415,507,5AC,6FL,655,752",,,09-08-2011,,,,,,,,,,,
A96 - Mineral White Metallic,,NCSW - Black Novillo Leather,,WBSKG9C56CE797581,,E797581,"MSRP.1,ZCP,ZCW,ZCV,ZPP.1,2MK,302,403,415,507,6FL,752",,,09-08-2011,,,,,,,,,,,
381 - Le Mans Blue Metallic,,NCSW - Black Novillo Leather,,WBSKG9C58CE797582,,E797582,"MSRP.1,ZCP,ZCV,ZPP.1,2MK,302,415,494,507,6FL",,,09-09-2011,550,,,,,,,,,,
300 - Alpine White,,NCH2 - Fox Red Novillo Leather,,WBSKG9C5XCE797583,,E797583,"MSRP.1,ZCV,ZPP.1,2MK,2MT.1,302,403,415,507,6FL,6NF,6NR,655,752",,,09-10-2011,,,,,,,,,,,
668 - Jet Black,,NCSW - Black Novillo Leather,,WBSKG9C51CE797584,,E797584,"MSRP.1,ZCP,ZCV,ZPP.3,2MK,302,403,415,494,507,6FL,6NF,6NR,655,752",,,09-10-2011,,,,,,,,,,,
A96 - Mineral White Metallic,,NCH3 - Beige Novillo Leather,,WBSKG9C53CE797585,,E797585,"MSRP.1,ZCV,ZPP.3,2MK,2MT.1,302,403,415,494,507,6FL,6NF,6NR,655,752",,,09-10-2011,,,,,,,,,,,
668 - Jet Black,,NCSW - Black Novillo Leather,,WBSKG9C55CE797586,,E797586,"MSRP.1,ZCW,ZCV,ZPP.1,2MT.1,302,403,415,507,6FL,655",,,09-10-2011,,,,,,,,,,,
300 - Alpine White,,NCH2 - Fox Red Novillo Leather,,WBSKG9C57CE797587,,E797587,"MSRP.1,2MT.1,302,6FL,771",,,09-12-2011,950,,,,,,,,,,
300 - Alpine White,,GEAT - Anthracite/Black Cloth & Leather,,WBSKG9C59CE797588,,E797588,"MSRP.1,2MK,302,403,415,507,6FL,771",,,09-12-2011,,,,,,,,,,,
A52 - Space Gray Metallic,,NCH5 - Fox Red/Black Novillo Leather,,WBSKG9C50CE797589,,E797589,"MSRP.1,ZCP,ZCV,ZPP.3,2MK,302,403,415,494,507,6FL,6NF,6NR,655,752",,,09-12-2011,550,,,,,,,,,,
300 - Alpine White,,NCSW - Black Novillo Leather,,WBSKG9C57CE797590,,E797590,"MSRP.1,ZCP,ZCV,ZPP.3,302,415,494,507,6FL,655,752",,,09-12-2011,,,,,,,,,,,
A96 - Mineral White Metallic,,NCSW - Black Novillo Leather,,WBSKG9C59CE797591,,E797591,"MSRP.1,ZCP,ZCV,ZPP.3,2MK,302,415,494,507,5AC,6FL,6NF,6NR,655,752",,,09-12-2011,,,,,,,,,,,
381 - Le Mans Blue Metallic,,NCSW - Black Novillo Leather,,WBSKG9C50CE797592,,E797592,"MSRP.1,ZCW,ZCV,ZPP.3,2MK,2MT.1,302,415,507,6FL,752",,,09-12-2011,550,,,,,,,,,,
381 - Le Mans Blue Metallic,,NCSW - Black Novillo Leather,,WBSKG9C52CE797593,,E797593,"MSRP.1,ZCV,ZPP.1,2MK,2MT.1,302,415,507,6FL,6NF,6NR,752",,,09-12-2011,550,,,,,,,,,,
381 - Le Mans Blue Metallic,,NCSW - Black Novillo Leather,,WBSKG9C54CE797594,,E797594,"MSRP.1,ZCP,ZCW,ZCV,302,415,4MY,507,6FL,6NF,6NR,655,752",,,09-13-2011,550/950,,CAN,,,,,,,,
A52 - Space Gray Metallic,,NCSW - Black Novillo Leather,,WBSKG9C56CE797595,,E797595,"MSRP.1,ZCP,ZCW,ZCV,ZPP.3,2MK,302,415,507,6FL,6NF,6NR,752",,,09-13-2011,550,,,,,,,,,,
A30 - Interlagos Blue Metallic,,NDH3 - Beige Novillo Extended Leather,,WBSKG9C58CE797596,,E797596,"MSRP.1,ZCP,ZCW,ZCV,ZPP.3,2MK,302,415,507,6FL,6NF,6NR,752",,,09-13-2011,550/1100,,,,,,,,,,
A52 - Space Gray Metallic,,NCH5 - Fox Red/Black Novillo Leather,,WBSKG9C5XCE797597,,E797597,"MSRP.1,ZCP,ZCV,ZPP.3,2MK,302,415,494,507,6FL,6NF,6NR,655,752",,,09-13-2011,550,,,,,,,,,,
405 - Imola Red II,,ZAC8 - Unknown Upholstery Code,,WBSKG9C51CE797598,,E797598,"MSRP.1,IND,ZCW,ZCV,2MK,2MT.1,302,403,415,4MY,507,6FL,6NF,6NR,655,752",,,09-19-2011,,,CAN,,,,,,,,
337 - Dakar Yellow 2,,NDSW - Black Extended Novillo Leather,,WBSKG9C53CE797599,,E797599,"MSRP.1,IND,ZCP,ZCW,ZCV,2MK,302,415,4MY,507,6FL,6NF,6NR,655,752",,,09-17-2011,2000,,CAN,,,,,,,,
S34 - Azurite Black Metallic,,ZACM - Unknown Upholstery Code,,WBSKG9C56CE797600,,E797600,"MSRP.1,IND,ZCP,ZCV,ZPP.3,2MK,302,415,494,507,6FL,6NF,6NR,655,752",,,09-17-2011,,,,,,,,,,,
W07 - Frozen Silver Metallic,,Z1XX - Unknown Upholstery Code,,WBSKG9C58CE797601,,E797601,"MSRP.1,ZCP,ZCW,ZCV,ZPP.1,2MK,302,415,507,6FL,6NF,6NR",,,09-19-2011,,,,,,,,,,,
W07 - Frozen Silver Metallic,,Z1XX - Unknown Upholstery Code,,WBSKG9C5XCE797602,,E797602,"MSRP.1,ZCP,ZCW,ZCV,ZPP.1,2MK,302,415,507,6FL,6NF,6NR",,,09-19-2011,,,,,,,,,,,
W07 - Frozen Silver Metallic,,Z1XX - Unknown Upholstery Code,,WBSKG9C51CE797603,,E797603,MSRP.1,,,09-19-2011,,,,,,,,,,,
A73 - Jerez Black Metallic,,Z1XX - Unknown Upholstery Code,,WBSKG9C53CE797604,,E797604,"MSRP.1,ZCP,ZCV,ZPP.1,2MK,302,415,507,6FL,6NF,6NR,655",,,09-17-2011,550,,,,,,,,,,
U94 - Fire Orange 2,,GEAT - Anthracite/Black Cloth & Leather,,WBSKG9C55CE797605,,E797605,"MSRP.1,ZCP,2MK,302,494,6FL,771",,,09-19-2011,,,,,,,,,,,
S34 - Azurite Black Metallic,,NCSW - Black Novillo Leather,,WBSKG9C57CE797606,,E797606,"MSRP.1,ZCW,ZCV,2MK,302,403,415,507,6FL,655,752",,,09-20-2011,950,,CAN,,,,,,,,
S34 - Azurite Black Metallic,,NCSW - Black Novillo Leather,,WBSKG9C59CE797607,,E797607,"MSRP.1,ZCP,ZCV,ZPP.1,2MK,302,415,494,507,6FL,6NF,6NR,655,752",,,09-20-2011,,,,,,,,,,,
W07 - Frozen Silver Metallic,,Z1XX - Unknown Upholstery Code,,WBSKG9C50CE797608,,E797608,"MSRP.1,ZCP,ZCW,ZCV,ZPP.1,2MK,302,415,507,6FL,6NF,6NR",,,09-22-2011,,,,,,,,,,,
"X04 - Moonstone - $5,000.00",,NDH1 - Silver Novillo Extended Leather,,WBSKG9C52CE797609,,E797609,"MSRP.1,ZCP,ZCV,ZPP.2,2MK,302,403,415,494,507,6FL,6NF,6NR,655,752",,,09-22-2011,1100,,,,,,,,,,
W07 - Frozen Silver Metallic,,Z1XX - Unknown Upholstery Code,,WBSKG9C59CE797610,,E797610,"MSRP.1,ZCP,ZCW,ZCV,ZPP.1,2MK,302,415,507,6FL,6NF,6NR,655",,,"Sep 22, 2011",,,,,,,,,,,
W07 - Frozen Silver Metallic,,Z1XX - Unknown Upholstery Code,,WBSKG9C50CE797611,,E797611,"MSRP.1,ZCP,ZCW,ZCV,ZPP.1,2MK,302,415,507,6FL,6NF,6NR",,,"Sep 22, 2011",,,,,,,,,,,
W07 - Frozen Silver Metallic,,Z1XX - Unknown Upholstery Code,,WBSKG9C52CE797612,,E797612,"MSRP.1,ZCP,ZCW,ZCV,ZPP.1,2MK,302,415,507,5AC,6FL,6NF,6NR,752",,,"Sep 22, 2011",,,,,,,,,,,
X03 - Ruby Black Metallic 1 of 17,,ZACM - Unknown Upholstery Code,,WBSKG9C54CE797613,,E797613,"MSRP.1,ZCP,ZCW,ZCV,ZPP.2,2MK,302,415,507,5AC,6FL,655,752",,,"Sep 23, 2011",,,,,,,,,,,
X03 - Ruby Black Metallic 1 of 17,,NCSW - Black Novillo Leather,,WBSKG9C56CE797614,,E797614,"MSRP.1,ZCP,ZCV,ZPP.3,2MK,302,403,415,494,507,6FL,6NF,6NR,655,752",,,"Sep 23, 2011",,,,,,,,,,,
X03 - Ruby Black Metallic 1 of 17,,NDSW - Black Extended Novillo Leather,,WBSKG9C58CE797615,,E797615,"MSRP.1,ZCP,ZCV,ZPP.3,2MK,302,415,494,507,6FL,6NF,6NR,655,752",,,"Sep 23, 2011",1100,,,,,,,,,,
W07 - Frozen Silver Metallic,,Z1XX - Unknown Upholstery Code,,WBSKG9C5XCE797616,,E797616,"MSRP.1,ZCP,ZCW,ZCV,ZPP.1,2MK,302,415,507,6FL,6NF,6NR",,,"Sep 23, 2011",,,,,,,,,,,
W07 - Frozen Silver Metallic,,Z1XX - Unknown Upholstery Code,,WBSKG9C51CE797617,,E797617,"MSRP.1,ZCP,ZCW,ZCV,ZPP.1,2MK,302,415,507,6FL,6NF,6NR,655",,,"Sep 23, 2011",,,,,,,,,,,
300 - Alpine White,,Z1XX - Unknown Upholstery Code,,WBSKG9C53CE797618,,E797618,"MSRP.1,494,507,609,6FL,655",,,"Sep 23, 2011",,,,,,,,,,,
668 - Jet Black,,NCH2 - Fox Red Novillo Leather,,WBSKG9C55CE797619,,E797619,"MSRP.1,ZCP,ZCV,ZPP.3,2MK,302,415,494,507,6FL,6NF,6NR,752",,,"Sep 13, 2011",,,,,,,,,,,
A29 - Silverstone Metallic II,,NCSW - Black Novillo Leather,,WBSKG9C51CE797620,,E797620,"MSRP.1,ZCP,ZCV,ZPP.3,302,403,415,494,507,6FL,655",,,"Sep 13, 2011",550,,,,,,,,,,
A29 - Silverstone Metallic II,,NCSW - Black Novillo Leather,,WBSKG9C53CE797621,,E797621,"MSRP.1,ZCV,ZPP.3,2MK,2MT.1,302,415,494,507,6FL,655",,,"Sep 13, 2011",550,,,,,,,,,,
A29 - Silverstone Metallic II,,NCSW - Black Novillo Leather,,WBSKG9C55CE797622,,E797622,"MSRP.1,ZCP,ZCW,ZCV,ZPP.3,2MK,302,403,415,507,6FL,6NF,6NR,655,752",,,"Sep 13, 2011",550,,,,,,,,,,
A29 - Silverstone Metallic II,,NDSW - Black Extended Novillo Leather,,WBSKG9C57CE797623,,E797623,"MSRP.1,ZCP,ZCW,ZCV,ZPP.3,2MK,302,415,507,6FL,6NF,6NR,655,752",,,"Sep 13, 2011",550/1100,,,,,,,,,,
A29 - Silverstone Metallic II,,NCSW - Black Novillo Leather,,WBSKG9C59CE797624,,E797624,"MSRP.1,ZCW,ZCV,ZPP.2,2MK,302,403,415,507,6FL,655,752",,,"Sep 13, 2011",550,,,,,,,,,,
A29 - Silverstone Metallic II,,NCSW - Black Novillo Leather,,WBSKG9C50CE797625,,E797625,"MSRP.1,ZCP,ZCW,ZCV,ZPP.3,2MK,302,403,415,507,6FL,655",,,"Sep 13, 2011",550,,,,,,,,,,
A29 - Silverstone Metallic II,,NCSW - Black Novillo Leather,,WBSKG9C52CE797626,,E797626,"MSRP.1,ZCP,ZCV,ZPP.3,302,403,415,494,507,6FL,655",,,"Sep 13, 2011",550,,,,,,,,,,
A29 - Silverstone Metallic II,,NCH4 - Palladium/Black Novillo Leather,,WBSKG9C54CE797627,,E797627,"MSRP.1,ZCV,ZPP.1,2MK,2MT.1,302,415,494,507,6FL,752",,,"Sep 13, 2011",550,,,,,,,,,,
300 - Alpine White,,NCSW - Black Novillo Leather,,WBSKG9C56CE797628,,E797628,"MSRP.1,ZCP,ZCW,ZCV,ZPP.3,2MK,302,415,507,5AC,6FL,6NF,6NR,655,752",,,"Sep 14, 2011",,,,,,,,,,,
300 - Alpine White,,NCSW - Black Novillo Leather,,WBSKG9C58CE797629,,E797629,"MSRP.1,ZCP,ZCV,ZPP.3,2MK,302,415,494,507,6FL,6NF,6NR,655,752",,,"Sep 14, 2011",,,,,,,,,,,
300 - Alpine White,,NCSW - Black Novillo Leather,,WBSKG9C54CE797630,,E797630,"MSRP.1,ZCP,ZCW,ZCV,ZPP.3,2MK,302,415,507,6FL,6NF,6NR,655,752",,,"Sep 14, 2011",,,,,,,,,,,
A75 - Melbourne Red Metallic,,NDSW - Black Extended Novillo Leather,,WBSKG9C56CE797631,,E797631,"MSRP.1,ZCP,ZCV,ZPP.3,2MK,302,415,507,6FL,6NF,6NR,655,752",,,"Sep 14, 2011",550/1100,,,,,,,,,,
A52 - Space Gray Metallic,,NDSW - Black Extended Novillo Leather,,WBSKG9C58CE797632,,E797632,"MSRP.1,ZCP,ZCW,ZCV,ZPP.3,2MK,302,403,415,507,6FL,6NF,6NR,655,752",,,"Sep 14, 2011",550/1100,,,,,,,,,,
A73 - Jerez Black Metallic,,NDH3 - Beige Novillo Extended Leather,,WBSKG9C5XCE797633,,E797633,"MSRP.1,ZCP,ZCW,ZCV,ZPP.2,2MK,302,403,415,507,6FL,6NF,6NR,655,752",,,"Sep 14, 2011",550/1100,,,,,,,,,,
A73 - Jerez Black Metallic,,NCSW - Black Novillo Leather,,WBSKG9C51CE797634,,E797634,"MSRP.1,ZCP,ZCW,ZCV,ZPP.3,2MK,302,403,415,507,6FL,6NF,6NR,655,752",,,"Sep 14, 2011",550,,,,,,,,,,
A73 - Jerez Black Metallic,,NCSW - Black Novillo Leather,,WBSKG9C53CE797635,,E797635,"MSRP.1,ZCP,ZCW,ZCV,ZPP.3,302,403,415,507,6FL,6NF,6NR,655",,,"Sep 14, 2011",550,,,,,,,,,,
668 - Jet Black,,GEAT - Anthracite/Black Cloth & Leather,,WBSKG9C55CE797636,,E797636,"MSRP.1,ZCV,302,4MY,6FL,6NF,6NR",,,"Sep 15, 2011",,,,,,,,,,,
A73 - Jerez Black Metallic,,NCH5 - Fox Red/Black Novillo Leather,,WBSKG9C57CE797637,,E797637,"MSRP.1,ZCP,ZCV,ZPP.3,2MK,302,403,415,494,507,6FL",,,"Sep 15, 2011",550,,,,,,,,,,
668 - Jet Black,,NCH5 - Fox Red/Black Novillo Leather,,WBSKG9C59CE797638,,E797638,"MSRP.1,ZCP,302,6FL,771",,,"Sep 15, 2011",950,,,,,,,,,,
668 - Jet Black,,NCH2 - Fox Red Novillo Leather,,WBSKG9C50CE797639,,E797639,"MSRP.1,ZCV,ZPP.3,2MK,2MT.1,302,403,415,507,6FL,655",,,"Sep 15, 2011",,,,,,,,,,,
300 - Alpine White,,NCSW - Black Novillo Leather,,WBSKG9C57CE797640,,E797640,"MSRP.1,ZCP,ZCV,ZPP.3,2MK,302,415,494,507,6FL,655",,,"Sep 15, 2011",,,,,,,,,,,
300 - Alpine White,,NCH5 - Fox Red/Black Novillo Leather,,WBSKG9C59CE797641,,E797641,"MSRP.1,ZCP,ZCV,ZPP.3,2MK,302,403,415,494,507,6FL,6NF,6NR,655,752",,,"Sep 15, 2011",,,,,,,,,,,
300 - Alpine White,,NCSW - Black Novillo Leather,,WBSKG9C50CE797642,,E797642,"MSRP.1,ZCP,ZCW,ZCV,ZPP.3,2MK,302,403,415,507,6FL,6NF,6NR,655,752",,,"Sep 15, 2011",,,,,,,,,,,
300 - Alpine White,,NCH5 - Fox Red/Black Novillo Leather,,WBSKG9C52CE797643,,E797643,"MSRP.1,ZCP,ZCV,ZPP.3,2MK,302,403,415,494,507,6FL,6NF,6NR,655,752",,,"Sep 15, 2011",,,,,,,,,,,
668 - Jet Black,,NCH4 - Palladium/Black Novillo Leather,,WBSKG9C54CE797644,,E797644,"MSRP.1,ZCP,ZCV,ZPP.1,302,415,494,507,6FL,6NF,6NR",,,"Sep 15, 2011",,,,,,,,,,,
A96 - Mineral White Metallic,,NDH1 - Silver Novillo Extended Leather,,WBSKG9C56CE797645,,E797645,"MSRP.1,ZCP,ZCW,ZCV,ZPP.3,2MK,302,415,507,6FL,6NF,6NR",,,"Sep 15, 2011",1100,,,,,,,,,,
300 - Alpine White,,NCH2 - Fox Red Novillo Leather,,WBSKG9C58CE797646,,E797646,"MSRP.1,ZCP,ZCW,ZCV,302,415,4MY,507,6FL,6NF,6NR,655,752",,,"Sep 15, 2011",950,,CAN,,,,,,,,
668 - Jet Black,,NCSW - Black Novillo Leather,,WBSKG9C5XCE797647,,E797647,"MSRP.1,ZCW,ZCV,ZPP.3,2MK,2MT.1,302,403,415,507,6FL,655,752",,,"Sep 15, 2011",,,,,,,,,,,
A73 - Jerez Black Metallic,,NCSW - Black Novillo Leather,,WBSKG9C51CE797648,,E797648,"MSRP.1,ZCW,ZCV,ZPP.3,2MK,2MT.1,302,403,415,507,6FL,6NF,6NR,655,752",,,"Sep 16, 2011",550,,,,,,,,,,
A73 - Jerez Black Metallic,,NCSW - Black Novillo Leather,,WBSKG9C53CE797649,,E797649,"MSRP.1,ZCW,ZCV,2MT.1,302,403,415,4MY,507,6FL,655,752",,,"Sep 16, 2011",550/950,,CAN,,,,,,,,
381 - Le Mans Blue Metallic,,NCSW - Black Novillo Leather,,WBSKG9C5XCE797650,,E797650,"MSRP.1,ZCV,ZPP.2,2MT.1,302,403,415,507,5AC,6FL,655,752",,,"Sep 16, 2011",550,,,,,,,,,,
A96 - Mineral White Metallic,,NCSW - Black Novillo Leather,,WBSKG9C51CE797651,,E797651,"MSRP.1,ZCP,ZCV,ZPP.2,2MK,302,415,494,507,6FL,6NF,6NR,655,752",,,"Sep 16, 2011",,,,,,,,,,,
A52 - Space Gray Metallic,,NCSW - Black Novillo Leather,,WBSKG9C53CE797652,,E797652,"MSRP.1,ZCP,ZCV,ZPP.1,302,403,415,507,6FL,752",,,"Sep 16, 2011",550,,,,,,,,,,
A96 - Mineral White Metallic,,NDH3 - Beige Novillo Extended Leather,,WBSKG9C55CE797653,,E797653,"MSRP.1,ZCP,ZCW,ZCV,ZPP.3,2MK,302,415,507,6FL,655,752",,,"Sep 16, 2011",1100,,,,,,,,,,
381 - Le Mans Blue Metallic,,NDSW - Black Extended Novillo Leather,,WBSKG9C57CE797654,,E797654,"MSRP.1,ZCP,ZCV,ZPP.3,302,415,494,507,6FL,6NF,6NR,752",,,"Sep 16, 2011",550/1100,,,,,,,,,,
A96 - Mineral White Metallic,,NCSW - Black Novillo Leather,,WBSKG9C59CE797655,,E797655,"MSRP.1,ZCW,ZCV,2MT.1,302,415,4MX,507,6FL,6NF,6NR,655,752",,,"Sep 16, 2011",950,,CAN,,,,,,,,
A52 - Space Gray Metallic,,NCH5 - Fox Red/Black Novillo Leather,,WBSKG9C50CE797656,,E797656,"MSRP.1,ZCP,ZCV,ZPP.3,2MK,302,403,415,507,6FL,655,752",,,"Sep 16, 2011",550,,,,,,,,,,
A29 - Silverstone Metallic II,,NCSW - Black Novillo Leather,,WBSKG9C52CE797657,,E797657,"MSRP.1,ZCP,ZCW,ZCV,ZPP.1,2MK,302,415,507,6FL,6NF,6NR",,,"Sep 17, 2011",550,,,,,,,,,,
668 - Jet Black,,NCH2 - Fox Red Novillo Leather,,WBSKG9C54CE797658,,E797658,"MSRP.1,ZCP,ZCW,ZCV,ZPP.3,2MK,302,415,507,6FL,6NF,6NR,655,752",,,"Sep 19, 2011",,,,,,,,,,,
A52 - Space Gray Metallic,,NCH4 - Palladium/Black Novillo Leather,,WBSKG9C56CE797659,,E797659,"MSRP.1,ZCP,ZCV,ZPP.3,302,415,494,507,6FL,6NF,6NR,655,752",,,"Sep 19, 2011",550,,,,,,,,,,
668 - Jet Black,,NCH5 - Fox Red/Black Novillo Leather,,WBSKG9C52CE797660,,E797660,"MSRP.1,ZCP,ZCW,ZCV,ZPP.3,2MK,302,415,507,6FL,6NF,6NR,655,752",,,"Sep 19, 2011",,,,,,,,,,,
A96 - Mineral White Metallic,,NCH5 - Fox Red/Black Novillo Leather,,WBSKG9C54CE797661,,E797661,"MSRP.1,ZCP,ZCV,ZPP.3,2MK,302,415,494,507,6FL,6NF,6NR,655,752",,,"Sep 19, 2011",,,,,,,,,,,
300 - Alpine White,,NDH2 - Fox Red Extended Leather,,WBSKG9C56CE797662,,E797662,"MSRP.1,ZCP,ZCW,ZCV,ZPP.3,2MK,302,415,507,6FL,6NF,6NR,752",,,"Sep 19, 2011",1100,,,,,,,,,,
A73 - Jerez Black Metallic,,NDSW - Black Extended Novillo Leather,,WBSKG9C58CE797663,,E797663,"MSRP.1,ZCP,ZCV,ZPP.3,2MK,302,415,494,507,6FL,655,752",,,"Sep 19, 2011",550/1100,,,,,,,,,,
A73 - Jerez Black Metallic,,NCSW - Black Novillo Leather,,WBSKG9C5XCE797664,,E797664,"MSRP.1,ZCP,ZCW,ZCV,ZPP.3,302,415,507,6FL,6NF,6NR,655,752",,,"Sep 19, 2011",550,,,,,,,,,,
S34 - Azurite Black Metallic,,NDSW - Black Extended Novillo Leather,,WBSKG9C51CE797665,,E797665,"MSRP.1,ZCP,ZCV,ZPP.3,2MK,302,415,494,507,6FL,6NF,6NR,655,752",,,"Sep 27, 2011",1100,,,,,,,,,,
X03 - Ruby Black Metallic 1 of 17,,NDSW - Black Extended Novillo Leather,,WBSKG9C53CE797666,,E797666,"MSRP.1,ZCP,ZCV,ZPP.3,2MK,302,415,494,507,6FL,6NF,6NR,655,752",,,"Sep 28, 2011",1100,,,,,,,,,,
X03 - Ruby Black Metallic 1 of 17,,NCH3 - Beige Novillo Leather,,WBSKG9C55CE797667,,E797667,"MSRP.1,ZCV,ZPP.3,2MT.1,302,403,415,494,507,5AC,6FL,6NF,6NR,655,752",,,"Sep 28, 2011",,,,,,,,,,,
X03 - Ruby Black Metallic 1 of 17,,NCSW - Black Novillo Leather,,WBSKG9C57CE797668,,E797668,"MSRP.1,ZCP,ZCV,ZPP.1,302,403,415,494,507,6FL,6NF,6NR,655",,,"Sep 28, 2011",,,,,,,,,,,
"X04 - Moonstone - $5,000.00",,NCSW - Black Novillo Leather,,WBSKG9C59CE797669,,E797669,"MSRP.1,ZCP,ZCW,ZCV,ZPP.3,2MK,302,415,507,5AC,6FL,6NF,6NR,655,752",,,"Sep 29, 2011",,,,,,,,,,,
668 - Jet Black,,NCSW - Black Novillo Leather,,WBSKG9C55CE797670,,E797670,"MSRP.1,ZCP,ZCV,ZPP.3,2MK,302,415,494,507,6FL,6NF,6NR,655,752",,,"Sep 20, 2011",,,,,,,,,,,
A73 - Jerez Black Metallic,,NCSW - Black Novillo Leather,,WBSKG9C57CE797671,,E797671,"MSRP.1,ZCP,ZCW,ZCV,ZPP.3,2MK,302,415,507,6FL,6NF,6NR,655,752",,,"Sep 20, 2011",550,,,,,,,,,,
A73 - Jerez Black Metallic,,NCH3 - Beige Novillo Leather,,WBSKG9C59CE797672,,E797672,"MSRP.1,ZCP,ZCV,ZPP.2,2MK,302,415,494,507,6FL,655",,,"Sep 20, 2011",550,,,,,,,,,,
A96 - Mineral White Metallic,,NCSW - Black Novillo Leather,,WBSKG9C50CE797673,,E797673,"MSRP.1,ZCP,ZCW,ZCV,ZPP.1,2MK,302,415,507,6FL,6NF,6NR",,,"Sep 20, 2011",,,,,,,,,,,
A52 - Space Gray Metallic,,NDSW - Black Extended Novillo Leather,,WBSKG9C52CE797674,,E797674,"MSRP.1,ZCP,ZCV,ZPP.1,2MK,302,415,494,507,5AC,6FL,6NF,6NR,655,752",,,"Sep 20, 2011",550/1100,,,,,,,,,,
A75 - Melbourne Red Metallic,,NCSW - Black Novillo Leather,,WBSKG9C54CE797675,,E797675,"MSRP.1,ZCP,ZCV,ZPP.1,302,415,494,507,6FL,6NF,6NR",,,"Sep 20, 2011",550,,,,,,,,,,
A30 - Interlagos Blue Metallic,,NDSW - Black Extended Novillo Leather,,WBSKG9C56CE797676,,E797676,"MSRP.1,ZCP,ZCW,ZCV,ZPP.3,302,415,507,5AC,6FL,6NF,6NR,655,752",,,"Sep 20, 2011",550/1100,,,,,,,,,,
A75 - Melbourne Red Metallic,,NCSW - Black Novillo Leather,,WBSKG9C58CE797677,,E797677,"MSRP.1,ZCP,ZCW,ZCV,ZPP.1,2MK,302,415,507,6FL,6NF,6NR,752",,,"Sep 20, 2011",550,,,,,,,,,,
X03 - Unknown Paint Code,,NCSW - Black Novillo Leather,,WBSKG9C5XCE797678,,E797678,"MSRP.1,ZCP,ZCV,ZPP.3,2MK,302,415,494,507,6FL,6NF,6NR,655,752",,,"Sep 28, 2011",,,,,,,,,,,
300 - Alpine White,,NCSW - Black Novillo Leather,,WBSKG9C51CE797679,,E797679,"MSRP.1,ZCP,ZCW,2MK,302,322,415,4MY,6FL,655,752",,,"Oct 26, 2011",950,,CAN,,,,,,,,
A52 - Space Gray Metallic,,NCH2 - Fox Red Novillo Leather,,WBSKG9C58CE797680,,E797680,"MSRP.1,ZCP,ZCW,ZCV,ZPP.3,302,403,415,507,6FL,6NF,6NR,655,752",,,"Sep 21, 2011",550,,,,,,,,,,
300 - Alpine White,,NCH3 - Beige Novillo Leather,,WBSKG9C5XCE797681,,E797681,"MSRP.1,ZCP,ZCV,ZPP.3,2MK,302,415,507,6FL,655,752",,,"Sep 21, 2011",,,,,,,,,,,
300 - Alpine White,,NDSW - Black Extended Novillo Leather,,WBSKG9C51CE797682,,E797682,"MSRP.1,ZCP,ZCV,ZPP.3,2MK,302,415,494,507,5AC,6FL,6NF,6NR,655,752",,,"Sep 21, 2011",1100,,,,,,,,,,
300 - Alpine White,,NCH2 - Fox Red Novillo Leather,,WBSKG9C53CE797683,,E797683,"MSRP.1,ZCP,ZCV,ZPP.3,2MK,302,415,494,507,6FL,6NF,6NR,655,752",,,"Sep 21, 2011",,,,,,,,,,,
300 - Alpine White,,NDSW - Black Extended Novillo Leather,,WBSKG9C55CE797684,,E797684,"MSRP.1,494,507,609,6FL,655",,,"Sep 21, 2011",2000,,,,,,,,,,
300 - Alpine White,,NCSW - Black Novillo Leather,,WBSKG9C57CE797685,,E797685,"MSRP.1,ZCP,ZCV,ZPP.3,2MK,302,415,494,507,6FL,6NF,6NR,655,752",,,"Sep 21, 2011",,,,,,,,,,,
300 - Alpine White,,NCSW - Black Novillo Leather,,WBSKG9C59CE797686,,E797686,"MSRP.1,ZCP,ZCV,ZPP.3,2MK,302,415,494,507,6FL,6NF,6NR,655,752",,,"Sep 21, 2011",,,,,,,,,,,
A96 - Mineral White Metallic,,NCH5 - Fox Red/Black Novillo Leather,,WBSKG9C50CE797687,,E797687,"MSRP.1,ZCP,ZCW,ZCV,ZPP.3,2MK,302,415,507,6FL,6NF,6NR,655,752",,,"Sep 21, 2011",,,,,,,,,,,
668 - Jet Black,,NCH2 - Fox Red Novillo Leather,,WBSKG9C52CE797688,,E797688,"MSRP.1,ZCV,ZPP.3,2MK,302,415,507,6FL",,,"Sep 21, 2011",,,,,,,,,,,
A52 - Space Gray Metallic,,NCSW - Black Novillo Leather,,WBSKG9C54CE797689,,E797689,"MSRP.1,ZCW,ZCV,ZPP.1,2MK,2MT.1,302,415,507,6FL,6NF,6NR,655",,,"Sep 21, 2011",550,,,,,,,,,,
A73 - Jerez Black Metallic,,NCSW - Black Novillo Leather,,WBSKG9C50CE797690,,E797690,"MSRP.1,ZCP,ZCW,ZCV,ZPP.3,2MK,302,415,507,6FL,6NF,6NR,655,752",,,"Sep 21, 2011",550,,,,,,,,,,
A29 - Silverstone Metallic II,,NCH2 - Fox Red Novillo Leather,,WBSKG9C52CE797691,,E797691,"MSRP.1,ZCW,ZCV,2MK,302,415,4MY,507,6FL,6NF,6NR,655,752",,,"Sep 22, 2011",550/950,,CAN,,,,,,,,
668 - Jet Black,,NDSW - Black Extended Novillo Leather,,WBSKG9C54CE797692,,E797692,"MSRP.1,ZCP,ZCV,ZPP.3,2MK,302,403,415,494,507,5AC,6FL,752",,,"Sep 22, 2011",1100,,,,,,,,,,
381 - Le Mans Blue Metallic,,NCH4 - Palladium/Black Novillo Leather,,WBSKG9C56CE797693,,E797693,"MSRP.1,ZCP,ZCV,ZPP.3,2MK,302,415,494,507,5AC,6FL,6NF,6NR,655,752",,,"Sep 22, 2011",550,,,,,,,,,,
668 - Jet Black,,GEAT - Anthracite/Black Cloth & Leather,,WBSKG9C58CE797694,,E797694,"MSRP.1,ZCV,302,494,4MY,6FL,6NF,6NR",,,"Sep 22, 2011",,,,,,,,,,,
A96 - Mineral White Metallic,,NDSW - Black Extended Novillo Leather,,WBSKG9C5XCE797695,,E797695,"MSRP.1,ZCP,ZCW,ZCV,ZPP.3,2MK,302,415,507,5AC,6FL,6NF,6NR,655,752",,,"Sep 22, 2011",1100,,,,,,,,,,
A73 - Jerez Black Metallic,,NCSW - Black Novillo Leather,,WBSKG9C51CE797696,,E797696,"MSRP.1,ZCP,ZCW,ZCV,ZPP.2,2MK,302,415,507,6FL,6NF,6NR,752",,,"Sep 22, 2011",550,,,,,,,,,,
A96 - Mineral White Metallic,,NCH1 - Silver Novillo Leather,,WBSKG9C53CE797697,,E797697,"MSRP.1,ZCP,ZCW,ZCV,ZPP.1,2MK,302,415,507,6FL,6NF,6NR,655,752",,,"Sep 22, 2011",,,,,,,,,,,
A96 - Mineral White Metallic,,NCH3 - Beige Novillo Leather,,WBSKG9C55CE797698,,E797698,"MSRP.1,ZCP,ZCV,ZPP.3,2MK,302,415,494,507,6FL,6NF,6NR,655,752",,,"Sep 22, 2011",,,,,,,,,,,
A96 - Mineral White Metallic,,NCSW - Black Novillo Leather,,WBSKG9C57CE797699,,E797699,"MSRP.1,ZCP,ZCV,ZPP.3,302,415,494,507,6FL,6NF,6NR,655,752",,,"Sep 22, 2011",,,,,,,,,,,
A52 - Space Gray Metallic,,NDH2 - Fox Red Extended Leather,,WBSKG9C5XCE797700,,E797700,"MSRP.1,ZCP,ZCW,ZCV,ZPP.3,302,415,507,6FL,655,752",,,"Sep 23, 2011",1100,,,,,,,,,,
300 - Alpine White,,NCH2 - Fox Red Novillo Leather,,WBSKG9C51CE797701,,E797701,"MSRP.1,ZCP,ZCW,ZCV,ZPP.3,302,403,415,507,6FL,6NF,6NR,655,752",,,"Sep 23, 2011",,,,,,,,,,,
A52 - Space Gray Metallic,,NCH1 - Silver Novillo Leather,,WBSKG9C53CE797702,,E797702,"MSRP.1,ZCP,ZCV,ZPP.3,302,415,494,507,6FL,6NF,6NR,752",,,"Sep 23, 2011",550,,,,,,,,,,
A29 - Silverstone Metallic II,,NCSW - Black Novillo Leather,,WBSKG9C55CE797703,,E797703,"MSRP.1,ZCP,ZCV,ZPP.3,2MK,302,415,507,6FL,6NF,6NR,752",,,"Sep 23, 2011",550,,,,,,,,,,
A29 - Silverstone Metallic II,,NCH5 - Fox Red/Black Novillo Leather,,WBSKG9C57CE797704,,E797704,"MSRP.1,ZCP,ZCW,ZCV,ZPP.3,2MK,302,415,507,6FL,752",,,"Sep 23, 2011",550,,,,,,,,,,
300 - Alpine White,,NCH4 - Palladium/Black Novillo Leather,,WBSKG9C59CE797705,,E797705,"MSRP.1,494,507,609,6FL,655",,,"Sep 23, 2011",950,,,,,,,,,,
668 - Jet Black,,NCSW - Black Novillo Leather,,WBSKG9C50CE797706,,E797706,"MSRP.1,ZCP,ZCV,ZPP.3,302,415,507,6FL,6NF,6NR,655,752",,,"Sep 26, 2011",,,,,,,,,,,
668 - Jet Black,,NCSW - Black Novillo Leather,,WBSKG9C52CE797707,,E797707,"MSRP.1,ZCV,ZPP.2,2MT.1,302,403,415,507,5AC,6FL,655,752",,,"Sep 26, 2011",,,,,,,,,,,
300 - Alpine White,,NDH2 - Fox Red Extended Leather,,WBSKG9C54CE797708,,E797708,"MSRP.1,494,507,609,6FL,655",,,"Sep 26, 2011",2000,,,,,,,,,,
300 - Alpine White,,NCH5 - Fox Red/Black Novillo Leather,,WBSKG9C56CE797709,,E797709,"MSRP.1,ZCP,302,415,494,4MX,609,6FL,6NF,6NR,655",,,"Sep 26, 2011",950,,,,,,,,,,
300 - Alpine White,,NCSW - Black Novillo Leather,,WBSKG9C52CE797710,,E797710,"MSRP.1,ZCP,ZCV,ZPP.3,2MK,302,415,494,507,6FL,6NF,6NR,655,752",,,"Sep 26, 2011",,,,,,,,,,,
A73 - Jerez Black Metallic,,NDSW - Black Extended Novillo Leather,,WBSKG9C54CE797711,,E797711,"MSRP.1,ZCP,ZCW,ZCV,ZPP.3,2MK,302,415,507,5AC,6FL,6NF,6NR,655,752",,,"Sep 26, 2011",550/1100,,,,,,,,,,
A75 - Melbourne Red Metallic,,NCH3 - Beige Novillo Leather,,WBSKG9C56CE797712,,E797712,"MSRP.1,ZCP,ZCV,ZPP.3,2MK,302,403,415,494,507,6FL,6NF,6NR,655,752",,,"Sep 26, 2011",550,,,,,,,,,,
A96 - Mineral White Metallic,,NCSW - Black Novillo Leather,,WBSKG9C58CE797713,,E797713,"MSRP.1,ZCW,ZCV,ZPP.3,2MT.1,302,403,415,507,6FL,655,752",,,"Sep 26, 2011",,,,,,,,,,,
300 - Alpine White,,NDH2 - Fox Red Extended Leather,,WBSKG9C5XCE797714,,E797714,"MSRP.1,ZCP,ZCV,ZPP.3,2MK,302,415,507,6FL,6NF,6NR,655",,,"Sep 26, 2011",1100,,,,,,,,,,
A73 - Jerez Black Metallic,,NCSW - Black Novillo Leather,,WBSKG9C51CE797715,,E797715,"MSRP.1,ZCV,ZPP.3,2MK,302,415,494,507,6FL",,,"Sep 26, 2011",550,,,,,,,,,,
A30 - Interlagos Blue Metallic,,NCSW - Black Novillo Leather,,WBSKG9C53CE797716,,E797716,"MSRP.1,ZCP,ZCW,ZCV,ZPP.3,2MK,302,415,507,6FL,6NF,6NR,655,752",,,"Sep 26, 2011",550,,,,,,,,,,
668 - Jet Black,,NCSW - Black Novillo Leather,,WBSKG9C55CE797717,,E797717,"MSRP.1,ZCP,ZCV,ZPP.3,2MK,302,415,494,507,6FL,6NF,6NR,655,752",,,"Sep 26, 2011",,,,,,,,,,,
668 - Jet Black,,NDH2 - Fox Red Extended Leather,,WBSKG9C57CE797718,,E797718,"MSRP.1,ZCP,ZCW,ZCV,ZPP.3,302,403,415,507,6FL,6NF,6NR,655,752",,,"Sep 27, 2011",1100,,,,,,,,,,
A30 - Interlagos Blue Metallic,,NCH4 - Palladium/Black Novillo Leather,,WBSKG9C59CE797719,,E797719,"MSRP.1,ZCP,ZCW,ZCV,ZPP.3,2MK,302,403,415,507,6FL,6NF,6NR,655,752",,,"Sep 27, 2011",550,,,,,,,,,,
A73 - Jerez Black Metallic,,NCSW - Black Novillo Leather,,WBSKG9C55CE797720,,E797720,"MSRP.1,ZCP,ZCV,ZPP.3,2MK,302,403,415,494,507,6FL,6NF,6NR,655,752",,,"Sep 27, 2011",550,,,,,,,,,,
A96 - Mineral White Metallic,,NCH2 - Fox Red Novillo Leather,,WBSKG9C57CE797721,,E797721,"MSRP.1,ZCP,ZCW,ZCV,302,403,415,4MX,507,6FL,6NF,6NR,655,752",,,"Sep 27, 2011",950,,CAN,,,,,,,,
300 - Alpine White,,NCH5 - Fox Red/Black Novillo Leather,,WBSKG9C59CE797722,,E797722,"MSRP.1,ZCP,302,415,494,4MX,609,6FL,6NF,6NR,655",,,"Sep 27, 2011",950,,,,,,,,,,
668 - Jet Black,,NCH5 - Fox Red/Black Novillo Leather,,WBSKG9C50CE797723,,E797723,"MSRP.1,ZCP,ZCV,ZPP.3,2MK,302,415,494,507,6FL,6NF,6NR,655,752",,,"Sep 27, 2011",,,,,,,,,,,
668 - Jet Black,,NCSW - Black Novillo Leather,,WBSKG9C52CE797724,,E797724,"MSRP.1,ZCP,ZCV,ZPP.3,2MK,302,415,494,507,6FL,6NF,6NR,655",,,"Sep 27, 2011",,,,,,,,,,,
668 - Jet Black,,NCH5 - Fox Red/Black Novillo Leather,,WBSKG9C54CE797725,,E797725,"MSRP.1,ZCP,ZCV,ZPP.3,302,415,507,6FL,6NF,6NR,655,752",,,"Sep 27, 2011",,,,,,,,,,,
A73 - Jerez Black Metallic,,NCH2 - Fox Red Novillo Leather,,WBSKG9C56CE797726,,E797726,"MSRP.1,ZCW,ZCV,ZPP.3,2MK,302,415,507,6FL,6NF,6NR,655,752",,,"Sep 27, 2011",550,,,,,,,,,,
A73 - Jerez Black Metallic,,NCH2 - Fox Red Novillo Leather,,WBSKG9C58CE797727,,E797727,"MSRP.1,ZCP,ZCW,ZCV,2MK,302,415,4MY,507,6FL,6NF,6NR,655,752",,,"Sep 27, 2011",550/950,,CAN,,,,,,,,
A96 - Mineral White Metallic,,NDH2 - Fox Red Extended Leather,,WBSKG9C5XCE797728,,E797728,"MSRP.1,ZCP,ZCV,ZPP.3,302,415,494,507,6FL,6NF,6NR,752",,,"Sep 27, 2011",1100,,,,,,,,,,
668 - Jet Black,,NCSW - Black Novillo Leather,,WBSKG9C51CE797729,,E797729,"MSRP.1,ZCP,ZCV,ZPP.3,2MK,302,415,494,507,6FL,6NF,6NR,655,752",,,"Sep 27, 2011",,,,,,,,,,,
668 - Jet Black,,NCH5 - Fox Red/Black Novillo Leather,,WBSKG9C58CE797730,,E797730,"MSRP.1,ZCP,ZCV,ZPP.3,2MK,302,415,494,507,6FL,6NF,6NR,655,752",,,"Sep 27, 2011",,,,,,,,,,,
381 - Le Mans Blue Metallic,,NCH3 - Beige Novillo Leather,,WBSKG9C5XCE797731,,E797731,"MSRP.1,ZCP,ZCW,ZCV,2MK,302,415,4MY,507,6FL,655,752",,,"Sep 28, 2011",550/950,,CAN,,,,,,,,
A96 - Mineral White Metallic,,NCSW - Black Novillo Leather,,WBSKG9C51CE797732,,E797732,"MSRP.1,ZCP,ZCW,ZCV,ZPP.3,2MK,302,415,507,6FL,6NF,6NR,655,752",,,"Sep 28, 2011",,,,,,,,,,,
A29 - Silverstone Metallic II,,NCH4 - Palladium/Black Novillo Leather,,WBSKG9C53CE797733,,E797733,"MSRP.1,ZCP,ZCV,ZPP.3,2MK,302,415,494,507,6FL,6NF,6NR,655",,,"Sep 28, 2011",550,,,,,,,,,,
668 - Jet Black,,NDSW - Black Extended Novillo Leather,,WBSKG9C55CE797734,,E797734,"MSRP.1,ZCP,ZCV,ZPP.3,2MK,302,403,415,494,507,6FL,6NF,6NR,655,752",,,"Sep 28, 2011",1100,,,,,,,,,,
A73 - Jerez Black Metallic,,NCH2 - Fox Red Novillo Leather,,WBSKG9C57CE797735,,E797735,"MSRP.1,ZCV,ZPP.1,302,403,415,494,507,6FL",,,"Sep 28, 2011",550,,,,,,,,,,
668 - Jet Black,,NDH2 - Fox Red Extended Leather,,WBSKG9C59CE797736,,E797736,"MSRP.1,ZCP,ZCV,ZPP.3,302,403,415,507,6FL,6NF,6NR,752",,,"Sep 28, 2011",1100,,,,,,,,,,
A52 - Space Gray Metallic,,NCSW - Black Novillo Leather,,WBSKG9C50CE797737,,E797737,"MSRP.1,ZCP,ZCW,ZCV,ZPP.3,2MK,302,403,415,507,6FL,6NF,6NR,655,752",,,"Sep 29, 2011",550,,,,,,,,,,
A96 - Mineral White Metallic,,NDSW - Black Extended Novillo Leather,,WBSKG9C52CE797738,,E797738,"MSRP.1,ZCP,ZCV,ZPP.3,2MK,302,415,494,507,6FL,6NF,6NR,655",,,"Sep 29, 2011",1100,,,,,,,,,,
A52 - Space Gray Metallic,,NDSW - Black Extended Novillo Leather,,WBSKG9C54CE797739,,E797739,"MSRP.1,ZCP,ZCW,ZCV,ZPP.3,2MK,302,415,507,6FL,6NF,6NR,655,752",,,"Sep 29, 2011",550/1100,,,,,,,,,,
300 - Alpine White,,NCH5 - Fox Red/Black Novillo Leather,,WBSKG9C50CE797740,,E797740,"MSRP.1,494,507,609,6FL,655",,,"Sep 29, 2011",950,,,,,,,,,,
A73 - Jerez Black Metallic,,NDSW - Black Extended Novillo Leather,,WBSKG9C52CE797741,,E797741,"MSRP.1,ZCP,ZCW,ZCV,ZPP.1,302,403,415,507,6FL,6NF,6NR,655,752",,,"Sep 29, 2011",550/1100,,,,,,,,,,
A73 - Jerez Black Metallic,,NDH3 - Beige Novillo Extended Leather,,WBSKG9C54CE797742,,E797742,"MSRP.1,ZCW,ZCV,ZPP.2,2MT.1,302,415,507,6FL,752",,,"Sep 29, 2011",550/1100,,,,,,,,,,
A73 - Jerez Black Metallic,,NCSW - Black Novillo Leather,,WBSKG9C56CE797743,,E797743,"MSRP.1,ZCP,ZCV,ZPP.2,2MK,302,403,415,494,507,6FL,6NF,6NR,655,752",,,"Sep 29, 2011",550,,,,,,,,,,
A29 - Silverstone Metallic II,,NDH2 - Fox Red Extended Leather,,WBSKG9C58CE797744,,E797744,"MSRP.1,ZCP,ZCW,ZCV,ZPP.3,2MK,302,403,415,507,5AC,6FL,6NF,6NR,655,752",,,"Sep 30, 2011",550/1100,,,,,,,,,,
U91 - Frozen Black ,,NDH2 - Fox Red Extended Leather,,WBSKG9C5XCE797745,,E797745,"MSRP.1,ZCP,ZCW,ZCV,ZPP.1,2MK,302,415,507,6FL,6NF,6NR,655,752",,,"Sep 30, 2011",1100,,CAN,,,,,,,,
U91 - Frozen Black ,,NDH2 - Fox Red Extended Leather,,WBSKG9C51CE797746,,E797746,"MSRP.1,ZCP,ZCW,ZCV,ZPP.1,2MK,302,415,507,6FL,6NF,6NR,655,752",,,"Oct 1, 2011",1100,,,,,,,,,,
W07 - Frozen Silver Metallic,,Z1XX - Unknown Upholstery Code,,WBSKG9C53CE797747,,E797747,"MSRP.1,ZCP,ZCW,ZCV,ZPP.1,2MK,302,415,507,6FL,6NF,6NR,655",,,"Oct 1, 2011",,,,,,,,,,,
W07 - Frozen Silver Metallic,,Z1XX - Unknown Upholstery Code,,WBSKG9C55CE797748,,E797748,"MSRP.1,ZCP,ZCW,ZCV,ZPP.1,2MK,302,415,507,6FL,6NF,6NR",,,"Oct 1, 2011",,,,,,,,,,,
W07 - Frozen Silver Metallic,,Z1XX - Unknown Upholstery Code,,WBSKG9C57CE797749,,E797749,"MSRP.1,ZCP,ZCW,ZCV,ZPP.1,2MK,302,415,507,6FL,6NF,6NR",,,"Sep 30, 2011",,,,,,,,,,,
A96 - Mineral White Metallic,,NCSW - Black Novillo Leather,,WBSKG9C53CE797750,,E797750,"MSRP.1,ZCP,ZCV,302,4MX,6FL",,,"Sep 29, 2011",950,,,,,,,,,,
A96 - Mineral White Metallic,,NCSW - Black Novillo Leather,,WBSKG9C55CE797751,,E797751,"MSRP.1,ZCP,ZCW,ZCV,ZPP.3,2MK,302,415,507,6FL,6NF,6NR,655,752",,,"Sep 29, 2011",,,,,,,,,,,
A96 - Mineral White Metallic,,NCSW - Black Novillo Leather,,WBSKG9C57CE797752,,E797752,"MSRP.1,ZCV,ZPP.3,2MK,2MT.1,302,415,507,6FL,6NF,6NR",,,"Sep 30, 2011",,,,,,,,,,,
A96 - Mineral White Metallic,,NCH2 - Fox Red Novillo Leather,,WBSKG9C59CE797753,,E797753,"MSRP.1,ZCW,2MT.1,302,322,4MY,6FL",,,"Sep 30, 2011",950,,CAN,,,,,,,,
300 - Alpine White,,NCH5 - Fox Red/Black Novillo Leather,,WBSKG9C50CE797754,,E797754,"MSRP.1,ZCP,ZPP.3,2MK,302,322,415,507,752",,,"Sep 30, 2011",,,,,,,,,,,
300 - Alpine White,,NCH2 - Fox Red Novillo Leather,,WBSKG9C52CE797755,,E797755,"MSRP.1,ZCP,2MK,302,4MY,609,6FL,6NF,6NR",,,"Sep 30, 2011",950,,,,,,,,,,
300 - Alpine White,,NCH2 - Fox Red Novillo Leather,,WBSKG9C54CE797756,,E797756,"MSRP.1,ZCV,302,6FL,6NF,6NR,771",,,"Sep 30, 2011",950,,,,,,,,,,
300 - Alpine White,,NCH5 - Fox Red/Black Novillo Leather,,WBSKG9C56CE797757,,E797757,"MSRP.1,ZCP,ZCV,ZPP.3,2MK,302,415,494,507,5AC,6FL,6NF,6NR,655,752",,,"Sep 30, 2011",,,,,,,,,,,
300 - Alpine White,,NCH4 - Palladium/Black Novillo Leather,,WBSKG9C58CE797758,,E797758,"MSRP.1,ZCV,ZPP.3,2MK,302,415,494,507,6FL,752",,,"Sep 30, 2011",,,,,,,,,,,
300 - Alpine White,,NCSW - Black Novillo Leather,,WBSKG9C5XCE797759,,E797759,"MSRP.1,ZCP,ZCV,ZPP.3,2MK,302,415,494,507,6FL,6NF,6NR,655,752",,,"Sep 30, 2011",,,,,,,,,,,
A52 - Space Gray Metallic,,NCSW - Black Novillo Leather,,WBSKG9C56CE797760,,E797760,"MSRP.1,ZCP,ZCV,ZPP.3,2MK,302,415,494,507,6FL,6NF,6NR,655,752",,,"Sep 30, 2011",550,,,,,,,,,,
A75 - Melbourne Red Metallic,,NCSW - Black Novillo Leather,,WBSKG9C58CE797761,,E797761,"MSRP.1,ZCP,ZCW,ZCV,ZPP.3,2MK,302,403,415,507,6FL,6NF,6NR,655,752",,,"Sep 30, 2011",550,,,,,,,,,,
A52 - Space Gray Metallic,,NCH2 - Fox Red Novillo Leather,,WBSKG9C5XCE797762,,E797762,"MSRP.1,ZCP,ZCW,ZCV,ZPP.3,2MK,302,415,507,6FL,6NF,6NR,655",,,"Sep 30, 2011",550,,,,,,,,,,
A52 - Space Gray Metallic,,NCH2 - Fox Red Novillo Leather,,WBSKG9C51CE797763,,E797763,"MSRP.1,ZCV,ZPP.3,2MK,2MT.1,302,415,494,507,6FL,6NF,6NR",,,"Sep 30, 2011",550,,,,,,,,,,
300 - Alpine White,,NCH5 - Fox Red/Black Novillo Leather,,WBSKG9C53CE797764,,E797764,"MSRP.1,ZCP,ZCV,ZPP.3,2MK,302,415,494,507,6FL,6NF,6NR,655,752",,,"Sep 30, 2011",,,,,,,,,,,
300 - Alpine White,,NCSW - Black Novillo Leather,,WBSKG9C55CE797765,,E797765,"MSRP.1,ZCV,ZPP.3,302,415,494,507,6FL,752",,,"Sep 30, 2011",,,,,,,,,,,
A73 - Jerez Black Metallic,,NDSW - Black Extended Novillo Leather,,WBSKG9C57CE797766,,E797766,"MSRP.1,ZCP,ZCV,ZPP.3,2MK,302,415,494,507,6FL,6NF,6NR,752",,,"Sep 30, 2011",550/1100,,,,,,,,,,
381 - Le Mans Blue Metallic,,NCH5 - Fox Red/Black Novillo Leather,,WBSKG9C59CE797767,,E797767,"MSRP.1,ZCP,ZCV,ZPP.3,2MK,302,415,507,6FL,6NF,6NR,655",,,"Sep 30, 2011",550,,,,,,,,,,
A52 - Space Gray Metallic,,NCH5 - Fox Red/Black Novillo Leather,,WBSKG9C50CE797768,,E797768,"MSRP.1,ZCP,ZCV,ZPP.3,302,415,494,507,6FL,655",,,"Sep 30, 2011",550,,,,,,,,,,
W07 - Frozen Silver Metallic,,Z1XX - Unknown Upholstery Code,,WBSKG9C52CE797769,,E797769,"MSRP.1,ZCP,ZCW,ZCV,ZPP.1,2MK,302,415,507,6FL,6NF,6NR",,,"Oct 5, 2011",,,,,,,,,,,
W07 - Frozen Silver Metallic,,Z1XX - Unknown Upholstery Code,,WBSKG9C59CE797770,,E797770,"MSRP.1,ZCP,ZCW,ZCV,ZPP.1,2MK,302,415,507,6FL,6NF,6NR",,,"Oct 4, 2011",,,,,,,,,,,
W07 - Frozen Silver Metallic,,Z1XX - Unknown Upholstery Code,,WBSKG9C50CE797771,,E797771,"MSRP.1,ZCP,ZCW,ZCV,ZPP.1,2MK,302,415,507,6FL,6NF,6NR",,,"Oct 4, 2011",,,,,,,,,,,
W07 - Frozen Silver Metallic,,Z1XX - Unknown Upholstery Code,,WBSKG9C52CE797772,,E797772,"MSRP.1,ZCP,ZCW,ZCV,ZPP.1,2MK,302,415,507,6FL,6NF,6NR",,,"Oct 5, 2011",,,,,,,,,,,
W07 - Frozen Silver Metallic,,Z1XX - Unknown Upholstery Code,,WBSKG9C54CE797773,,E797773,"MSRP.1,ZCP,ZCW,ZCV,ZPP.1,2MK,302,415,507,6FL,6NF,6NR,655",,,"Oct 6, 2011",,,,,,,,,,,
W07 - Frozen Silver Metallic,,Z1XX - Unknown Upholstery Code,,WBSKG9C56CE797774,,E797774,"MSRP.1,ZCP,ZCW,ZCV,ZPP.1,2MK,302,415,507,6FL,6NF,6NR",,,"Oct 6, 2011",,,,,,,,,,,
W07 - Frozen Silver Metallic,,Z1XX - Unknown Upholstery Code,,WBSKG9C58CE797775,,E797775,"MSRP.1,ZCP,ZCW,ZCV,ZPP.1,2MK,302,415,507,6FL,6NF,6NR,655",,,"Oct 6, 2011",,,,,,,,,,,
W07 - Frozen Silver Metallic,,Z1XX - Unknown Upholstery Code,,WBSKG9C5XCE797776,,E797776,"MSRP.1,ZCP,ZCW,ZCV,ZPP.1,2MK,302,415,507,6FL,6NF,6NR,655",,,"Oct 6, 2011",,,,,,,,,,,
300 - Alpine White,,Z1XX - Unknown Upholstery Code,,WBSKG9C51CE797777,,E797777,"MSRP.1,494,507,609,6FL,655",,,"Oct 7, 2011",,,,,,,,,,,
W07 - Frozen Silver Metallic,,Z1XX - Unknown Upholstery Code,,WBSKG9C53CE797778,,E797778,"MSRP.1,ZCP,ZCW,ZCV,ZPP.1,2MK,302,415,507,6FL,6NF,6NR",,,"Oct 8, 2011",,,,,,,,,,,
W07 - Frozen Silver Metallic,,Z1XX - Unknown Upholstery Code,,WBSKG9C55CE797779,,E797779,"MSRP.1,ZCP,ZCW,ZCV,ZPP.1,2MK,302,415,507,6FL,6NF,6NR,655",,,"Oct 7, 2011",,,,,,,,,,,
A73 - Jerez Black Metallic,,NCH2 - Fox Red Novillo Leather,,WBSKG9C51CE797780,,E797780,"MSRP.1,ZCW,2MT.1,302,322,403,4MY,6FL",,,"Oct 1, 2011",550/950,,CAN,,,,,,,,
448 - Ind. Lauguna Seca Blue,,ZAP2 - Unknown Upholstery Code,,WBSKG9C53CE797781,,E797781,"MSRP.1,IND,ZCP,ZCV,ZPP.1,302,415,494,507,6FL,6NF,6NR,655",,,"Oct 13, 2011",,,,,,,,,,,
X03 - Ruby Black Metallic 1 of 17,,NCH5 - Fox Red/Black Novillo Leather,,WBSKG9C55CE797782,,E797782,"MSRP.1,ZCP,ZCW,ZCV,ZPP.1,2MK,302,415,507,6FL,6NF,6NR,752",,,"Oct 14, 2011",,,,,,,,,,,
X03 - Ruby Black Metallic 1 of 17,,NCSW - Black Novillo Leather,,WBSKG9C57CE797783,,E797783,"MSRP.1,ZCP,ZCW,ZCV,ZPP.3,2MK,302,403,415,507,5AC,6FL,6NF,6NR,655,752",,,"Oct 14, 2011",,,,,,,,,,,
W07 - Frozen Silver Metallic,,Z1XX - Unknown Upholstery Code,,WBSKG9C59CE797784,,E797784,"MSRP.1,ZCP,ZCW,ZCV,ZPP.1,2MK,302,415,507,6FL,6NF,6NR",,,"Oct 14, 2011",,,,,,,,,,,
W07 - Frozen Silver Metallic,,Z1XX - Unknown Upholstery Code,,WBSKG9C50CE797785,,E797785,"MSRP.1,ZCP,ZCW,ZCV,ZPP.1,2MK,302,415,507,6FL,6NF,6NR",,,"Oct 15, 2011",,,,,,,,,,,
A52 - Space Gray Metallic,,NCH5 - Fox Red/Black Novillo Leather,,WBSKG9C52CE797786,,E797786,"MSRP.1,ZCP,ZCV,ZPP.3,2MK,302,415,494,507,5AC,6FL,6NF,6NR,655,752",,,"Oct 5, 2011",550,,,,,,,,,,
A73 - Jerez Black Metallic,,NCH5 - Fox Red/Black Novillo Leather,,WBSKG9C54CE797787,,E797787,"MSRP.1,ZCP,ZCV,ZPP.3,2MK,302,403,415,494,507,6FL,6NF,6NR",,,"Oct 5, 2011",550,,,,,,,,,,
668 - Jet Black,,NCSW - Black Novillo Leather,,WBSKG9C56CE797788,,E797788,"MSRP.1,ZCP,302,403,494,4MY,6FL",,,"Oct 5, 2011",950,,,,,,,,,,
A73 - Jerez Black Metallic,,NCSW - Black Novillo Leather,,WBSKG9C58CE797789,,E797789,"MSRP.1,ZCW,ZCV,2MK,2MT.1,302,403,4MX,6FL,6NF,6NR",,,"Oct 5, 2011",550/950,,CAN,,,,,,,,
668 - Jet Black,,NCH2 - Fox Red Novillo Leather,,WBSKG9C54CE797790,,E797790,"MSRP.1,ZCP,ZCW,ZCV,ZPP.3,2MK,302,403,415,507,6FL,6NF,6NR,655,752",,,"Oct 5, 2011",,,,,,,,,,,
668 - Jet Black,,NCSW - Black Novillo Leather,,WBSKG9C56CE797791,,E797791,"MSRP.1,ZCP,ZCW,ZCV,ZPP.3,302,403,415,507,6FL,655,752",,,"Oct 5, 2011",,,,,,,,,,,
668 - Jet Black,,NDH2 - Fox Red Extended Leather,,WBSKG9C58CE797792,,E797792,"MSRP.1,ZCP,ZCV,ZPP.3,302,403,415,494,507,6FL,752",,,"Oct 5, 2011",1100,,,,,,,,,,
381 - Le Mans Blue Metallic,,NCSW - Black Novillo Leather,,WBSKG9C5XCE797793,,E797793,"MSRP.1,ZCP,ZCV,ZPP.3,2MK,302,403,415,494,507,6FL,6NF,6NR,655,752",,,"Oct 5, 2011",550,,,,,,,,,,
A73 - Jerez Black Metallic,,NDH3 - Beige Novillo Extended Leather,,WBSKG9C51CE797794,,E797794,"MSRP.1,ZCW,ZCV,ZPP.3,2MT.1,302,403,415,507,5AC,6FL,6NF,6NR,655,752",,,"Oct 6, 2011",550/1100,,,,,,,,,,
A96 - Mineral White Metallic,,NDH1 - Silver Novillo Extended Leather,,WBSKG9C53CE797795,,E797795,"MSRP.1,ZCP,ZCV,ZPP.1,2MK,302,415,507,6FL",,,"Oct 6, 2011",1100,,,,,,,,,,
A73 - Jerez Black Metallic,,NCSW - Black Novillo Leather,,WBSKG9C55CE797796,,E797796,"MSRP.1,ZCP,ZCV,ZPP.2,2MK,302,403,415,494,507,6FL,6NF,6NR,752",,,"Oct 6, 2011",550,,,,,,,,,,
A96 - Mineral White Metallic,,NCSW - Black Novillo Leather,,WBSKG9C57CE797797,,E797797,"MSRP.1,ZCP,ZCV,ZPP.3,2MK,302,415,494,507,6FL,6NF,6NR,655,752",,,"Oct 6, 2011",,,,,,,,,,,
300 - Alpine White,,NCSW - Black Novillo Leather,,WBSKG9C59CE797798,,E797798,"MSRP.1,494,507,609,6FL,655",,,"Oct 7, 2011",950,,,,,,,,,,
A73 - Jerez Black Met.,,NCH2 - Fox Red Novillo Leather,,WBSKG9C50CE797799,,E797799,"MSRP.1,ZCW,ZCV,2MK,2MT.1,302,415,4MY,507,6FL,655,752",,,"Oct 7, 2011",950,,CAN,,,,,,,,
A96 - Mineral White Metallic,,NCH2 - Fox Red Novillo Leather,,WBSKG9C53CE797800,,E797800,"MSRP.1,ZCP,ZCV,ZPP.3,2MK,302,415,507,6FL,6NF,6NR,655,752",,,"Oct 7, 2011",,,,,,,,,,,
A73 - Jerez Black Metallic,,NCSW - Black Novillo Leather,,WBSKG9C55CE797801,,E797801,"MSRP.1,ZCV,ZPP.3,2MK,2MT.1,302,403,415,494,507,6FL",,,"Oct 7, 2011",550,,,,,,,,,,
A30 - Interlagos Blue Metallic,,NCSW - Black Novillo Leather,,WBSKG9C57CE797802,,E797802,"MSRP.1,ZCW,ZCV,2MT.1,302,4MY,6FL,6NF,6NR,655",,,"Oct 7, 2011",550/950,,CAN,,,,,,,,
A52 - Space Gray Metallic,,NCH1 - Silver Novillo Leather,,WBSKG9C59CE797803,,E797803,"MSRP.1,ZCV,ZPP.1,2MK,2MT.1,302,403,415,494,507,6FL,6NF,6NR,655",,,"Oct 7, 2011",550,,,,,,,,,,
300 - Alpine White,,GEAT - Anthracite/Black Cloth & Leather,,WBSKG9C50CE797804,,E797804,"MSRP.1,ZCV,2MK,302,403,6FL,771",,,"Oct 7, 2011",,,,,,,,,,,
300 - Alpine White,,NCSW - Black Novillo Leather,,WBSKG9C52CE797805,,E797805,"MSRP.1,ZCW,ZCV,2MK,2MT.1,302,403,415,4MX,507,6FL,6NF,6NR,655,752",,,"Oct 7, 2011",950,,CAN,,,,,,,,
A30 - Interlagos Blue Metallic,,NCH1 - Silver Novillo Leather,,WBSKG9C54CE797806,,E797806,"MSRP.1,ZCP,ZCW,ZCV,2MK,302,415,4MY,507,6FL,6NF,6NR,655,752",,,"Oct 7, 2011",550/950,,CAN,,,,,,,,
300 - Alpine White,,NCH2 - Fox Red Novillo Leather,,WBSKG9C56CE797807,,E797807,"MSRP.1,ZCW,ZCV,2MK,2MT.1,302,415,4MX,507,6FL,655,752",,,"Oct 7, 2011",950,,CAN,,,,,,,,
U96 - Speed Yellow,,NCSW - Black Novillo Leather,,WBSKG9C58CE797808,,E797808,"MSRP.1,ZCP,ZCV,ZPP.3,2MK,302,415,494,507,5AC,6FL,6NF,6NR,655,752",,,"Oct 24, 2011",,,,,,,,,,,
A73 - Jerez Black Metallic,,NDSW - Black Extended Novillo Leather,,WBSKG9C5XCE797809,,E797809,"MSRP.1,ZCP,ZCV,ZPP.3,302,403,415,494,507,6FL,752",,,"Oct 7, 2011",550/1100,,,,,,,,,,
381 - Le Mans Blue Metallic,,GEAT - Anthracite/Black Cloth & Leather,,WBSKG9C56CE797810,,E797810,"MSRP.1,ZCP,302,4MY,609,6FL,6NF,6NR,655",,,"Oct 8, 2011",550,,,,,,,,,,
A29 - Silverstone Metallic II,,NCSW - Black Novillo Leather,,WBSKG9C58CE797811,,E797811,"MSRP.1,ZCP,ZCW,ZCV,ZPP.1,2MK,302,403,415,507,6FL,6NF,6NR,655,752",,,"Oct 8, 2011",550,,,,,,,,,,
A29 - Silverstone Metallic II,,NCSW - Black Novillo Leather,,WBSKG9C5XCE797812,,E797812,"MSRP.1,ZCW,ZCV,ZPP.3,2MT.1,302,415,507,6FL,6NF,6NR,655,752",,,"Oct 8, 2011",550,,,,,,,,,,
A29 - Silverstone Metallic II,,NCSW - Black Novillo Leather,,WBSKG9C51CE797813,,E797813,"MSRP.1,ZCP,ZCV,ZPP.3,2MK,302,403,415,507,5AC,6FL",,,"Oct 8, 2011",550,,,,,,,,,,
A52 - Space Gray Metallic,,NCSW - Black Novillo Leather,,WBSKG9C53CE797814,,E797814,"MSRP.1,ZCV,ZPP.3,2MK,302,403,415,507,6FL,752",,,"Oct 10, 2011",550,,,,,,,,,,
A29 - Silverstone Metallic II,,NCH4 - Palladium/Black Novillo Leather,,WBSKG9C55CE797815,,E797815,"MSRP.1,ZCV,ZPP.1,302,415,494,507,6FL,655",,,"Oct 10, 2011",550,,,,,,,,,,
381 - Le Mans Blue Metallic,,GEAT - Anthracite/Black Cloth & Leather,,WBSKG9C57CE797816,,E797816,"MSRP.1,ZCP,2MK,302,415,4MY,609,6FL,6NF,6NR,655",,,"Oct 10, 2011",550,,,,,,,,,,
381 - Le Mans Blue Metallic,,NCSW - Black Novillo Leather,,WBSKG9C59CE797817,,E797817,"MSRP.1,ZCP,ZPP.3,2MK,302,322,415,494,507,655,752",,,"Oct 10, 2011",550,,,,,,,,,,
300 - Alpine White,,NDSW - Black Extended Novillo Leather,,WBSKG9C50CE797818,,E797818,"MSRP.1,ZCP,ZCV,ZPP.3,2MK,302,415,494,507,6FL,6NF,6NR,655,752",,,"Oct 10, 2011",1100,,,,,,,,,,
668 - Jet Black,,NCSW - Black Novillo Leather,,WBSKG9C52CE797819,,E797819,"MSRP.1,ZCP,ZCV,ZPP.3,2MK,302,415,494,507,6FL,6NF,6NR,655,752",,,"Oct 10, 2011",,,,,,,,,,,
668 - Jet Black,,NCSW - Black Novillo Leather,,WBSKG9C59CE797820,,E797820,"MSRP.1,ZCP,ZPP.3,2MK,302,322,403,415,507,655,752",,,"Oct 10, 2011",,,,,,,,,,,
300 - Alpine White,,NCSW - Black Novillo Leather,,WBSKG9C50CE797821,,E797821,"MSRP.1,ZCP,ZCW,ZCV,ZPP.3,2MK,302,403,415,507,6FL,6NF,6NR,655,752",,,"Oct 10, 2011",,,,,,,,,,,
668 - Jet Black,,NCH5 - Fox Red/Black Novillo Leather,,WBSKG9C52CE797822,,E797822,"MSRP.1,ZCP,ZCV,ZPP.3,2MK,302,415,494,507,6FL,6NF,6NR,655,752",,,"Oct 11, 2011",,,,,,,,,,,
668 - Jet Black,,NDSW - Black Extended Novillo Leather,,WBSKG9C54CE797823,,E797823,"MSRP.1,ZCP,ZCV,ZPP.3,2MK,302,415,507,6FL",,,"Oct 11, 2011",1100,,,,,,,,,,
475 - Unknown Paint Code,,NDSW - Black Extended Novillo Leather,,WBSKG9C56CE797824,,E797824,"MSRP.1,ZCW,302,322,403,507,6FL,655",,,"Oct 11, 2011",2000,,CAN,,,,,,,,
300 - Alpine White,,NCH2 - Fox Red Novillo Leather,,WBSKG9C58CE797825,,E797825,"MSRP.1,494,507,609,6FL,655",,,"Oct 11, 2011",950,,,,,,,,,,
668 - Jet Black,,NCSW - Black Novillo Leather,,WBSKG9C5XCE797826,,E797826,"MSRP.1,ZCP,ZCV,ZPP.3,2MK,302,403,415,494,507,6FL,6NF,6NR,752",,,"Oct 11, 2011",,,,,,,,,,,
668 - Jet Black,,NCH2 - Fox Red Novillo Leather,,WBSKG9C51CE797827,,E797827,"MSRP.1,ZCP,ZCW,ZCV,ZPP.3,302,403,415,507,6FL,6NF,6NR,655,752",,,"Oct 11, 2011",,,,,,,,,,,
668 - Jet Black,,NDH3 - Beige Novillo Extended Leather,,WBSKG9C53CE797828,,E797828,"MSRP.1,ZCP,ZCV,ZPP.2,2MK,302,403,415,494,507,6FL,6NF,6NR,655,752",,,"Oct 12, 2011",1100,,,,,,,,,,
A52 - Space Gray Metallic,,NCH1 - Silver Novillo Leather,,WBSKG9C55CE797829,,E797829,"MSRP.1,ZCP,ZCV,ZPP.2,2MK,302,403,415,494,507,6FL,655,752",,,"Oct 11, 2011",550,,,,,,,,,,
300 - Alpine White,,NCSW - Black Novillo Leather,,WBSKG9C51CE797830,,E797830,"MSRP.1,ZCP,ZPP.3,2MK,302,322,415,494,507,655,752",,,"Oct 12, 2011",,,,,,,,,,,
300 - Alpine White,,NCH2 - Fox Red Novillo Leather,,WBSKG9C53CE797831,,E797831,"MSRP.1,ZPP.3,2MK,302,322,415,494,507,5AC,6FL",,,"Oct 12, 2011",,,,,,,,,,,
A96 - Mineral White Metallic,,NCSW - Black Novillo Leather,,WBSKG9C55CE797832,,E797832,"MSRP.1,ZPP.3,302,322,403,415,507,752",,,"Oct 12, 2011",,,,,,,,,,,
300 - Alpine White,,NCSW - Black Novillo Leather,,WBSKG9C57CE797833,,E797833,"MSRP.1,ZCW,ZCV,2MK,302,415,4MY,507,6FL,6NF,6NR,655,752",,,"Oct 12, 2011",950,,CAN,,,,,,,,
668 - Jet Black,,NCSW - Black Novillo Leather,,WBSKG9C59CE797834,,E797834,"MSRP.1,ZCP,ZCV,ZPP.3,2MK,302,403,415,494,507,6FL,6NF,6NR,655",,,"Oct 12, 2011",,,,,,,,,,,
A52 - Space Gray Metallic,,NCH4 - Palladium/Black Novillo Leather,,WBSKG9C50CE797835,,E797835,"MSRP.1,ZCP,ZCV,ZPP.3,2MK,302,403,415,494,507,6FL,6NF,6NR,655,752",,,"Oct 12, 2011",550,,,,,,,,,,
A52 - Space Gray Metallic,,NCSW - Black Novillo Leather,,WBSKG9C52CE797836,,E797836,"MSRP.1,ZCW,ZCV,ZPP.1,2MK,2MT.1,302,403,415,507,6FL,6NF,6NR,655",,,"Oct 12, 2011",550,,,,,,,,,,
A73 - Jerez Black Metallic,,NCSW - Black Novillo Leather,,WBSKG9C54CE797837,,E797837,"MSRP.1,ZCP,ZCV,ZPP.3,2MK,302,403,415,494,507,6FL,6NF,6NR,655,752",,,"Oct 12, 2011",550,,,,,,,,,,
668 - Jet Black,,NCSW - Black Novillo Leather,,WBSKG9C56CE797838,,E797838,"MSRP.1,2MT.1,302,403,771",,,"Oct 13, 2011",950,,,,,,,,,,
668 - Jet Black,,NCSW - Black Novillo Leather,,WBSKG9C58CE797839,,E797839,"MSRP.1,2MT.1,302,494,609,771",,,"Oct 13, 2011",950,,,,,,,,,,
A96 - Mineral White Metallic,,NCH5 - Fox Red/Black Novillo Leather,,WBSKG9C54CE797840,,E797840,"MSRP.1,ZCP,ZCV,ZPP.3,2MK,302,415,494,507,6FL,6NF,6NR,655,752",,,"Oct 13, 2011",,,,,,,,,,,
300 - Alpine White,,NCSW - Black Novillo Leather,,WBSKG9C56CE797841,,E797841,"MSRP.1,ZCP,ZCW,ZCV,ZPP.3,2MK,302,403,415,507,6FL,6NF,6NR,655,752",,,"Oct 13, 2011",,,,,,,,,,,
A96 - Mineral White Metallic,,NCH2 - Fox Red Novillo Leather,,WBSKG9C58CE797842,,E797842,"MSRP.1,ZCP,ZCV,ZPP.3,2MK,302,415,494,507,6FL,752",,,"Oct 13, 2011",,,,,,,,,,,
300 - Alpine White,,NCSW - Black Novillo Leather,,WBSKG9C5XCE797843,,E797843,"MSRP.1,ZCP,ZCV,ZPP.3,2MK,302,403,415,494,507,6FL,6NF,6NR",,,"Oct 13, 2011",,,,,,,,,,,
300 - Alpine White,,NCH2 - Fox Red Novillo Leather,,WBSKG9C51CE797844,,E797844,"MSRP.1,ZCW,ZCV,ZPP.3,2MK,2MT.1,302,403,415,507,5AC,6FL,6NF,6NR,655,752",,,"Oct 13, 2011",,,,,,,,,,,
668 - Jet Black,,NCSW - Black Novillo Leather,,WBSKG9C53CE797845,,E797845,"MSRP.1,ZCP,ZCW,ZCV,ZPP.3,2MK,302,403,415,507,6FL,6NF,6NR,655,752",,,"Oct 13, 2011",,,,,,,,,,,
668 - Jet Black,,NCSW - Black Novillo Leather,,WBSKG9C55CE797846,,E797846,"MSRP.1,ZCW,ZCV,ZPP.3,2MK,2MT.1,302,403,415,507,6FL,655,752",,,"Oct 13, 2011",,,,,,,,,,,
300 - Alpine White,,NCH3 - Beige Novillo Leather,,WBSKG9C57CE797847,,E797847,"MSRP.1,ZCP,ZCW,ZCV,ZPP.3,302,403,415,507,5AC,6FL,6NF,6NR,655,752",,,"Oct 13, 2011",,,,,,,,,,,
300 - Alpine White,,NCH2 - Fox Red Novillo Leather,,WBSKG9C59CE797848,,E797848,"MSRP.1,ZCW,ZCV,ZPP.3,2MK,2MT.1,302,403,415,507,6FL,6NF,6NR,655,752",,,"Oct 13, 2011",,,,,,,,,,,
300 - Alpine White,,NCSW - Black Novillo Leather,,WBSKG9C50CE797849,,E797849,"MSRP.1,ZCP,ZCV,ZPP.3,2MK,302,403,415,494,507,6FL,6NF,6NR,655,752",,,"Oct 13, 2011",,,,,,,,,,,
,,Z1XX - Unknown Upholstery Code,,WBSKG9C57CE797850,,E797850,"MSRP.1,ZCP,ZCW,ZCV,ZPP.1,2MK,302,415,507,6FL,6NF,6NR",,,"Oct 15, 2011",,,,,,,,,,,
A73 - Jerez Black Metallic,,NCH5 - Fox Red/Black Novillo Leather,,WBSKG9C59CE797851,,E797851,"MSRP.1,ZCP,ZCW,ZCV,ZPP.3,2MK,302,415,507,6FL,6NF,6NR,752",,,"Oct 13, 2011",550,,,,,,,,,,
668 - Jet Black,,NDSW - Black Extended Novillo Leather,,WBSKG9C50CE797852,,E797852,"MSRP.1,ZCP,ZCW,ZCV,ZPP.3,2MK,302,403,415,507,6FL,6NF,6NR,752",,,"Oct 14, 2011",1100,,,,,,,,,,
A96 - Mineral White Metallic,,NCH5 - Fox Red/Black Novillo Leather,,WBSKG9C52CE797853,,E797853,"MSRP.1,ZCP,ZCV,ZPP.3,2MK,302,415,507,6FL",,,"Oct 14, 2011",,,,,,,,,,,
A73 - Jerez Black Metallic,,NDH2 - Fox Red Extended Leather,,WBSKG9C54CE797854,,E797854,"MSRP.1,ZCP,ZCV,ZPP.1,2MK,302,415,507,5AC,6FL,6NF,6NR,655,752",,,"Oct 14, 2011",550/1100,,,,,,,,,,
381 - Le Mans Blue Metallic,,NCSW - Black Novillo Leather,,WBSKG9C56CE797855,,E797855,"MSRP.1,ZCP,ZCW,ZCV,ZPP.1,302,403,415,507,6FL,655,752",,,"Oct 14, 2011",550,,,,,,,,,,
A75 - Melbourne Red Metallic,,NCSW - Black Novillo Leather,,WBSKG9C58CE797856,,E797856,"MSRP.1,ZPP.3,2MK,2MT.1,302,322,403,415,507",,,"Oct 14, 2011",550,,,,,,,,,,
A29 - Silverstone Metallic II,,NCSW - Black Novillo Leather,,WBSKG9C5XCE797857,,E797857,"MSRP.1,ZCP,ZCW,ZCV,ZPP.1,2MK,302,403,415,507,6FL,6NF,6NR,655",,,"Oct 14, 2011",550,,,,,,,,,,
A73 - Jerez Black Metallic,,NCH2 - Fox Red Novillo Leather,,WBSKG9C51CE797858,,E797858,"MSRP.1,ZCP,ZCV,ZPP.2,2MK,302,403,415,494,507,6FL,6NF,6NR,655,752",,,"Oct 14, 2011",550,,,,,,,,,,
A29 - Silverstone Metallic II,,NCSW - Black Novillo Leather,,WBSKG9C53CE797859,,E797859,"MSRP.1,ZCP,ZCV,ZPP.2,2MK,302,403,415,494,507,6FL,6NF,6NR,655,752",,,"Oct 14, 2011",550,,,,,,,,,,
A73 - Jerez Black Metallic,,NCH4 - Palladium/Black Novillo Leather,,WBSKG9C5XCE797860,,E797860,"MSRP.1,ZCP,ZCV,ZPP.3,2MK,302,403,415,494,507,6FL,6NF,6NR,655,752",,,"Oct 14, 2011",550,,,,,,,,,,
A73 - Jerez Black Metallic,,NCSW - Black Novillo Leather,,WBSKG9C51CE797861,,E797861,"MSRP.1,ZCW,ZCV,ZPP.3,2MT.1,302,403,415,507,6FL,655,752",,,"Oct 15, 2011",550,,,,,,,,,,
A73 - Jerez Black Metallic,,NCSW - Black Novillo Leather,,WBSKG9C53CE797862,,E797862,"MSRP.1,ZCP,ZCV,ZPP.1,2MK,302,403,415,494,507,6FL,6NF,6NR,655,752",,,"Oct 15, 2011",550,,,,,,,,,,
300 - Alpine White,,NCH5 - Fox Red/Black Novillo Leather,,WBSKG9C55CE797863,,E797863,"MSRP.1,ZCV,ZPP.3,2MT.1,302,415,494,507,6FL,752",,,"Oct 15, 2011",,,,,,,,,,,
300 - Alpine White,,NCH5 - Fox Red/Black Novillo Leather,,WBSKG9C57CE797864,,E797864,"MSRP.1,ZCP,302,609,6FL,771",,,"Oct 15, 2011",950,,,,,,,,,,
668 - Jet Black,,NCH5 - Fox Red/Black Novillo Leather,,WBSKG9C59CE797865,,E797865,"MSRP.1,ZCP,ZCV,ZPP.3,302,415,507,6FL,6NF,6NR",,,"Oct 15, 2011",,,,,,,,,,,
A30 - Interlagos Blue Metallic,,NDSW - Black Extended Novillo Leather,,WBSKG9C50CE797866,,E797866,"MSRP.1,ZCP,ZCW,ZCV,ZPP.3,2MK,302,415,507,5AC,6FL,6NF,6NR,655,752",,,"Oct 15, 2011",550/1100,,,,,,,,,,
A52 - Space Gray Metallic,,NCH2 - Fox Red Novillo Leather,,WBSKG9C52CE797867,,E797867,"MSRP.1,ZCP,ZCV,ZPP.3,302,415,494,507,6FL,6NF,6NR,655,752",,,"Oct 17, 2011",550,,,,,,,,,,
A73 - Jerez Black Metallic,,NCSW - Black Novillo Leather,,WBSKG9C54CE797868,,E797868,"MSRP.1,ZCP,ZCV,ZPP.3,2MK,302,403,415,494,507,6FL,6NF,6NR,655",,,"Oct 17, 2011",550,,,,,,,,,,
A73 - Jerez Black Metallic,,NCH3 - Beige Novillo Leather,,WBSKG9C56CE797869,,E797869,"MSRP.1,ZCP,ZCV,ZPP.3,2MK,302,403,415,494,507,6FL,6NF,6NR,655,752",,,"Oct 17, 2011",550,,,,,,,,,,
A96 - Mineral White Metallic,,NCSW - Black Novillo Leather,,WBSKG9C52CE797870,,E797870,"MSRP.1,ZCP,ZCW,ZCV,ZPP.3,2MK,302,415,507,6FL,6NF,6NR,655",,,"Oct 17, 2011",,,,,,,,,,,
A73 - Jerez Black Metallic,,NCH2 - Fox Red Novillo Leather,,WBSKG9C54CE797871,,E797871,"MSRP.1,ZCV,ZPP.2,302,403,415,494,507,6FL,655,752",,,"Oct 17, 2011",550,,,,,,,,,,
668 - Jet Black,,NCSW - Black Novillo Leather,,WBSKG9C56CE797872,,E797872,"MSRP.1,ZCP,ZCV,ZPP.1,2MK,302,403,415,494,507,5AC,6FL,6NF,6NR,655,752",,,"Oct 17, 2011",,,,,,,,,,,
A52 - Space Gray Metallic,,NCH2 - Fox Red Novillo Leather,,WBSKG9C58CE797873,,E797873,"MSRP.1,ZCW,ZCV,ZPP.3,2MK,2MT.1,302,403,415,507,6FL,6NF,6NR,655,752",,,"Oct 17, 2011",550,,,,,,,,,,
A52 - Space Gray Metallic,,NCSW - Black Novillo Leather,,WBSKG9C5XCE797874,,E797874,"MSRP.1,ZCP,ZCV,ZPP.3,2MK,302,403,415,494,507,6FL,6NF,6NR,655,752",,,"Oct 17, 2011",550,,,,,,,,,,
A75 - Melbourne Red Metallic,,NCSW - Black Novillo Leather,,WBSKG9C51CE797875,,E797875,"MSRP.1,ZCV,ZPP.1,2MT.1,302,403,415,494,507,6FL,6NF,6NR,655",,,"Oct 17, 2011",550,,,,,,,,,,
,,NCSW - Black Novillo Leather,,WBSKG9C53CE797876,,E797876,"MSRP.1,ZCP,ZCV,ZPP.3,302,415,507,6FL,6NF,6NR,752",,,"Oct 24, 2011",,,,,,,,,,,
,,NDSW - Black Extended Novillo Leather,,WBSKG9C55CE797877,,E797877,"MSRP.1,ZCP,ZCW,ZCV,ZPP.3,2MK,302,415,507,5AC,6FL,6NF,6NR,655,752",,,"Oct 24, 2011",1100,,,,,,,,,,
,,Z1XX - Unknown Upholstery Code,,WBSKG9C57CE797878,,E797878,"MSRP.1,ZCP,ZCV,ZPP.3,2MK,302,415,494,507,5AC,6FL,6NF,6NR,655,752",,,"Oct 25, 2011",,,,,,,,,,,
,,NDSW - Black Extended Novillo Leather,,WBSKG9C59CE797879,,E797879,"MSRP.1,ZCP,ZCW,ZCV,ZPP.3,2MK,302,403,415,507,5AC,6FL,6NF,6NR,655,752",,,"Oct 25, 2011",1100,,,,,,,,,,
,,NCSW - Black Novillo Leather,,WBSKG9C55CE797880,,E797880,"MSRP.1,ZCP,ZCW,ZCV,2MK,302,415,4MY,507,6FL,6NF,6NR,655,752",,,"Oct 27, 2011",950,,CAN,,,,,,,,
,,NCSW - Black Novillo Leather,,WBSKG9C57CE797881,,E797881,"MSRP.1,ZCP,ZCW,ZCV,2MK,302,415,4MY,507,6FL,655,752",,,"Oct 27, 2011",950,,CAN,,,,,,,,
,,NCSW - Black Novillo Leather,,WBSKG9C59CE797882,,E797882,"MSRP.1,ZCP,ZCW,ZCV,2MK,302,415,4MY,507,6FL,655,752",,,"Oct 27, 2011",950,,CAN,,,,,,,,
,,NCSW - Black Novillo Leather,,WBSKG9C50CE797883,,E797883,"MSRP.1,ZCP,ZCW,ZCV,2MK,302,415,4MY,507,6FL,655,752",,,"Oct 28, 2011",950,,CAN,,,,,,,,
668 - Jet Black,,NCH3 - Beige Novillo Leather,,WBSKG9C52CE797884,,E797884,"MSRP.1,ZCP,ZPP.2,2MK,302,322,403,415,494,507,752",,,"Oct 17, 2011",,,,,,,,,,,
668 - Jet Black,,NDSW - Black Extended Novillo Leather,,WBSKG9C54CE797885,,E797885,"MSRP.1,ZCP,ZCW,ZCV,ZPP.3,302,403,415,507,5AC,6FL,6NF,6NR,655,752",,,"Oct 17, 2011",1100,,,,,,,,,,
381 - Le Mans Blue Metallic,,NCH1 - Silver Novillo Leather,,WBSKG9C56CE797886,,E797886,"MSRP.1,ZPP.1,302,322,403,415,494,507,655",,,"Oct 18, 2011",550,,,,,,,,,,
668 - Jet Black,,NCSW - Black Novillo Leather,,WBSKG9C58CE797887,,E797887,"MSRP.1,ZCP,ZCW,ZCV,ZPP.3,2MK,302,403,415,507,6FL,6NF,6NR,655",,,"Oct 18, 2011",,,,,,,,,,,
A96 - Mineral White Metallic,,NDH2 - Fox Red Extended Leather,,WBSKG9C5XCE797888,,E797888,"MSRP.1,ZCP,ZCV,ZPP.3,2MK,302,415,507,5AC,6FL,6NF,6NR,655,752",,,"Oct 18, 2011",1100,,,,,,,,,,
668 - Jet Black,,NCSW - Black Novillo Leather,,WBSKG9C51CE797889,,E797889,"MSRP.1,ZCW,ZCV,ZPP.2,302,403,415,507,6FL,6NF,6NR,655,752",,,"Oct 18, 2011",,,,,,,,,,,
668 - Jet Black,,NCSW - Black Novillo Leather,,WBSKG9C58CE797890,,E797890,"MSRP.1,ZCW,ZCV,ZPP.2,302,403,415,507,6FL,6NF,6NR,655,752",,,"Oct 18, 2011",,,,,,,,,,,
A75 - Melbourne Red Metallic,,NCSW - Black Novillo Leather,,WBSKG9C5XCE797891,,E797891,"MSRP.1,ZCP,ZCW,ZCV,ZPP.3,2MK,302,403,415,507,6FL,6NF,6NR,752",,,"Oct 18, 2011",550,,,,,,,,,,
A96 - Mineral White Metallic,,NDH2 - Fox Red Extended Leather,,WBSKG9C51CE797892,,E797892,"MSRP.1,ZCP,ZCW,ZCV,ZPP.3,2MK,302,415,507,6FL,6NF,6NR,752",,,"Oct 18, 2011",1100,,,,,,,,,,
A96 - Mineral White Metallic,,NCSW - Black Novillo Leather,,WBSKG9C53CE797893,,E797893,"MSRP.1,ZCP,ZCW,ZCV,ZPP.3,2MK,302,415,507,6FL,6NF,6NR,655,752",,,"Oct 18, 2011",,,,,,,,,,,
A75 - Melbourne Red Metallic,,NCSW - Black Novillo Leather,,WBSKG9C55CE797894,,E797894,"MSRP.1,ZCP,ZCV,ZPP.1,2MK,302,403,415,494,507,6FL,6NF,6NR,655,752",,,"Oct 18, 2011",550,,,,,,,,,,
A75 - Melbourne Red Metallic,,NCSW - Black Novillo Leather,,WBSKG9C57CE797895,,E797895,"MSRP.1,ZCW,ZCV,2MT.1,302,403,415,4MY,507,6FL,6NF,6NR,655,752",,,"Oct 18, 2011",550/950,,CAN,,,,,,,,
381 - Le Mans Blue Metallic,,NCH1 - Silver Novillo Leather,,WBSKG9C59CE797896,,E797896,"MSRP.1,ZCV,ZPP.1,302,403,415,507,6FL",,,"Oct 18, 2011",550,,,,,,,,,,
A73 - Jerez Black Metallic,,NCSW - Black Novillo Leather,,WBSKG9C50CE797897,,E797897,"MSRP.1,ZCP,ZCV,ZPP.2,2MK,302,403,415,507,6FL,6NF,6NR,655,752",,,"Oct 18, 2011",550,,,,,,,,,,
A52 - Space Gray Metallic,,NDH1 - Silver Novillo Extended Leather,,WBSKG9C52CE797898,,E797898,"MSRP.1,ZCV,ZPP.1,2MK,2MT.1,302,403,415,494,507,6FL,6NF,6NR,752",,,"Oct 19, 2011",550/1100,,,,,,,,,,
A52 - Space Gray Metallic,,NCSW - Black Novillo Leather,,WBSKG9C54CE797899,,E797899,"MSRP.1,ZCP,ZCW,ZCV,ZPP.3,302,403,415,507,5AC,6FL,6NF,6NR,655,752",,,"Oct 19, 2011",550,,,,,,,,,,
A52 - Space Gray Metallic,,NCSW - Black Novillo Leather,,WBSKG9C57CE797900,,E797900,"MSRP.1,ZCP,ZCV,ZPP.3,2MK,302,415,507,6FL,6NF,6NR",,,"Oct 19, 2011",550,,,,,,,,,,
A73 - Jerez Black Metallic,,NCSW - Black Novillo Leather,,WBSKG9C59CE797901,,E797901,"MSRP.1,ZCP,ZCW,ZCV,ZPP.3,2MK,302,403,415,507,6FL,6NF,6NR,655,752",,,"Oct 19, 2011",550,,,,,,,,,,
300 - Alpine White,,GEAT - Anthracite/Black Cloth & Leather,,WBSKG9C50CE797902,,E797902,"MSRP.1,ZCP,302,655,771",,,"Oct 19, 2011",,,,,,,,,,,
300 - Alpine White,,GEAT - Anthracite/Black Cloth & Leather,,WBSKG9C52CE797903,,E797903,"MSRP.1,ZCP,4MY,6FL,655",,,"Oct 19, 2011",,,,,,,,,,,
A52 - Space Gray Metallic,,NCH2 - Fox Red Novillo Leather,,WBSKG9C54CE797904,,E797904,"MSRP.1,ZCP,ZCW,ZCV,302,403,415,4MX,507,6FL,6NF,6NR,655,752",,,"Oct 19, 2011",550/950,,CAN,,,,,,,,
300 - Alpine White,,NCSW - Black Novillo Leather,,WBSKG9C56CE797905,,E797905,"MSRP.1,ZCP,ZCW,ZCV,ZPP.3,302,415,507,6FL,6NF,6NR,655",,,"Oct 19, 2011",,,,,,,,,,,
300 - Alpine White,,NCSW - Black Novillo Leather,,WBSKG9C58CE797906,,E797906,"MSRP.1,ZCP,ZCV,ZPP.3,2MK,302,415,494,507,6FL,6NF,6NR,655,752",,,"Oct 20, 2011",,,,,,,,,,,
300 - Alpine White,,GEAT - Anthracite/Black Cloth & Leather,,WBSKG9C5XCE797907,,E797907,"MSRP.1,ZCP,ZCV,302,4MY,6FL",,,"Oct 20, 2011",,,,,,,,,,,
300 - Alpine White,,NCSW - Black Novillo Leather,,WBSKG9C51CE797908,,E797908,"MSRP.1,ZCP,ZCV,ZPP.3,2MK,302,415,494,507,6FL,6NF,6NR,655,752",,,"Oct 20, 2011",,,,,,,,,,,
300 - Alpine White,,NCH2 - Fox Red Novillo Leather,,WBSKG9C53CE797909,,E797909,"MSRP.1,ZCP,ZCW,ZCV,ZPP.3,302,415,507,6FL,6NF,6NR,655,752",,,"Oct 20, 2011",,,,,,,,,,,
300 - Alpine White,,GEAT - Anthracite/Black Cloth & Leather,,WBSKG9C5XCE797910,,E797910,"MSRP.1,2MT.1,302,4MY,609,6FL,655",,,"Oct 20, 2011",,,,,,,,,,,
300 - Alpine White,,NCSW - Black Novillo Leather,,WBSKG9C51CE797911,,E797911,"MSRP.1,494,507,609,6FL,655",,,"Oct 20, 2011",950,,,,,,,,,,
300 - Alpine White,,NCSW - Black Novillo Leather,,WBSKG9C53CE797912,,E797912,"MSRP.1,ZCP,ZCV,ZPP.3,302,415,494,507,6FL,6NF,6NR,655,752",,,"Oct 20, 2011",,,,,,,,,,,
300 - Alpine White,,NCSW - Black Novillo Leather,,WBSKG9C55CE797913,,E797913,"MSRP.1,ZCV,ZPP.3,2MK,302,415,494,507,6FL,655",,,"Oct 20, 2011",,,,,,,,,,,
A73 - Jerez Black Metallic,,NCSW - Black Novillo Leather,,WBSKG9C57CE797914,,E797914,"MSRP.1,ZCP,ZCW,302,4MY,6FL",,,"Oct 20, 2011",550/950,,,,,,,,,,
668 - Jet Black,,NCSW - Black Novillo Leather,,WBSKG9C59CE797915,,E797915,"MSRP.1,ZCP,ZCV,ZPP.3,2MK,302,415,494,507,6FL,6NF,6NR,655,752",,,"Oct 20, 2011",,,,,,,,,,,
300 - Alpine White,,NDH2 - Fox Red Extended Leather,,WBSKG9C50CE797916,,E797916,"MSRP.1,ZCP,ZCW,ZCV,ZPP.3,302,415,507,6FL,6NF,6NR,752",,,"Oct 20, 2011",1100,,,,,,,,,,
A73 - Jerez Black Metallic,,NCSW - Black Novillo Leather,,WBSKG9C52CE797917,,E797917,"MSRP.1,ZCP,ZCW,ZCV,ZPP.3,2MK,302,415,507,6FL,6NF,6NR,655,752",,,"Oct 20, 2011",550,,,,,,,,,,
300 - Alpine White,,NCH5 - Fox Red/Black Novillo Leather,,WBSKG9C54CE797918,,E797918,"MSRP.1,ZCP,ZCV,ZPP.3,2MK,302,415,494,507,6FL,6NF,6NR,752",,,"Oct 20, 2011",,,,,,,,,,,
A52 - Space Gray Metallic,,NCH5 - Fox Red/Black Novillo Leather,,WBSKG9C56CE797919,,E797919,"MSRP.1,ZCP,ZCW,ZCV,ZPP.3,2MK,302,415,507,6FL,6NF,6NR,655,752",,,"Oct 20, 2011",550,,,,,,,,,,
A73 - Jerez Black Metallic,,GEAT - Anthracite/Black Cloth & Leather,,WBSKG9C52CE797920,,E797920,"MSRP.1,2MT.1,302,4MY,507",,,"Oct 20, 2011",550,,,,,,,,,,
300 - Alpine White,,GEAT - Anthracite/Black Cloth & Leather,,WBSKG9C54CE797921,,E797921,"MSRP.1,302,6FL,771",,,"Oct 21, 2011",,,,,,,,,,,
A96 - Mineral White Metallic,,NCH2 - Fox Red Novillo Leather,,WBSKG9C56CE797922,,E797922,"MSRP.1,ZCP,ZCW,ZCV,ZPP.2,302,415,507,6FL",,,"Oct 21, 2011",,,,,,,,,,,
A75 - Melbourne Red Metallic,,NCH3 - Beige Novillo Leather,,WBSKG9C58CE797923,,E797923,"MSRP.1,ZCP,ZCV,ZPP.1,302,415,507,6FL",,,"Oct 21, 2011",550,,,,,,,,,,
A96 - Mineral White Metallic,,NCH5 - Fox Red/Black Novillo Leather,,WBSKG9C5XCE797924,,E797924,"MSRP.1,ZCP,ZCV,2MK,302,415,494,4MY,6FL,6NF,6NR,655,752",,,"Oct 21, 2011",950,,,,,,,,,,
300 - Alpine White,,NCSW - Black Novillo Leather,,WBSKG9C51CE797925,,E797925,"MSRP.1,ZCP,ZCV,ZPP.3,2MK,302,415,494,507,6FL,6NF,6NR,655,752",,,"Oct 21, 2011",,,,,,,,,,,
381 - Le Mans Blue Metallic,,NCSW - Black Novillo Leather,,WBSKG9C53CE797926,,E797926,"MSRP.1,ZCP,ZCV,ZPP.3,2MK,302,415,494,507,6FL,6NF,6NR,655,752",,,"Oct 21, 2011",550,,,,,,,,,,
381 - Le Mans Blue Metallic,,NDSW - Black Extended Novillo Leather,,WBSKG9C55CE797927,,E797927,"MSRP.1,ZCP,ZCV,ZPP.1,2MK,302,415,494,507,6FL,6NF,6NR,752",,,"Oct 21, 2011",550/1100,,,,,,,,,,
300 - Alpine White,,NCH2 - Fox Red Novillo Leather,,WBSKG9C57CE797928,,E797928,"MSRP.1,ZCP,ZCV,ZPP.3,302,415,494,507,6FL,6NF,6NR,752",,,"Oct 22, 2011",,,,,,,,,,,
668 - Jet Black,,GEAT - Anthracite/Black Cloth & Leather,,WBSKG9C59CE797929,,E797929,"MSRP.1,302,6FL,771",,,"Oct 22, 2011",,,,,,,,,,,
668 - Jet Black,,NCH2 - Fox Red Novillo Leather,,WBSKG9C55CE797930,,E797930,"MSRP.1,ZCP,ZCW,ZPP.3,2MK,302,322,415,507,655",,,"Oct 22, 2011",,,,,,,,,,,
300 - Alpine White,,NDSW - Black Extended Novillo Leather,,WBSKG9C57CE797931,,E797931,"MSRP.1,ZCP,ZCV,ZPP.2,2MK,302,415,494,507,6FL",,,"Oct 24, 2011",1100,,,,,,,,,,
300 - Alpine White,,NCSW - Black Novillo Leather,,WBSKG9C59CE797932,,E797932,"MSRP.1,ZCP,ZCV,2MK,302,4MY,6FL",,,"Oct 24, 2011",950,,,,,,,,,,
A52 - Space Gray Metallic,,NCH2 - Fox Red Novillo Leather,,WBSKG9C50CE797933,,E797933,"MSRP.1,ZCP,ZCW,ZCV,302,415,4MY,507,6FL,6NF,6NR,655,752",,,"Oct 24, 2011",550/950,,CAN,,,,,,,,
A73 - Jerez Black Metallic,,NDSW - Black Extended Novillo Leather,,WBSKG9C52CE797934,,E797934,"MSRP.1,ZCP,ZCV,ZPP.2,2MK,302,415,507,6FL,6NF,6NR,655,752",,,"Oct 24, 2011",550/1100,,,,,,,,,,
A73 - Jerez Black Metallic,,GEAT - Anthracite/Black Cloth & Leather,,WBSKG9C54CE797935,,E797935,"MSRP.1,ZCV,2MT.1,302,4MX,6FL",,,"Oct 24, 2011",550,,,,,,,,,,
A75 - Melbourne Red Metallic,,NCSW - Black Novillo Leather,,WBSKG9C56CE797936,,E797936,"MSRP.1,ZCP,ZCV,ZPP.3,2MK,302,415,494,507,6FL,6NF,6NR,752",,,"Oct 24, 2011",550,,,,,,,,,,
A96 - Mineral White Metallic,,NCH5 - Fox Red/Black Novillo Leather,,WBSKG9C58CE797937,,E797937,"MSRP.1,ZCP,ZCW,ZCV,ZPP.3,2MK,302,415,507,6FL,6NF,6NR,655,752",,,"Oct 24, 2011",,,,,,,,,,,
A29 - Silverstone Metallic II,,NCH1 - Silver Novillo Leather,,WBSKG9C5XCE797938,,E797938,"MSRP.1,ZCP,ZCW,ZCV,ZPP.3,2MK,302,415,507,6FL",,,"Oct 24, 2011",550,,,,,,,,,,
300 - Alpine White,,NCSW - Black Novillo Leather,,WBSKG9C51CE797939,,E797939,"MSRP.1,494,507,609,6FL,655",,,"Oct 24, 2011",950,,,,,,,,,,
300 - Alpine White,,NCH2 - Fox Red Novillo Leather,,WBSKG9C58CE797940,,E797940,"MSRP.1,2MK,2MT.1,302,609,6FL,6NF,6NR,771",,,"Oct 24, 2011",950,,,,,,,,,,
300 - Alpine White,,NCSW - Black Novillo Leather,,WBSKG9C5XCE797941,,E797941,"MSRP.1,ZCP,ZCW,ZPP.3,2MK,302,322,415,507,655,752",,,"Oct 25, 2011",,,,,,,,,,,
A96 - Mineral White Metallic,,NCSW - Black Novillo Leather,,WBSKG9C51CE797942,,E797942,"MSRP.1,ZCP,ZCV,ZPP.3,302,415,494,507,6FL,6NF,6NR,655,752",,,"Oct 25, 2011",,,,,,,,,,,
300 - Alpine White,,NCH1 - Silver Novillo Leather,,WBSKG9C53CE797943,,E797943,"MSRP.1,302,4MY,6FL",,,"Oct 25, 2011",950,,,,,,,,,,
300 - Alpine White,,NDH2 - Fox Red Extended Leather,,WBSKG9C55CE797944,,E797944,"MSRP.1,ZCP,ZCW,ZCV,ZPP.3,2MK,302,415,507,5AC,6FL,6NF,6NR,655,752",,,"Oct 25, 2011",1100,,,,,,,,,,
300 - Alpine White,,NCSW - Black Novillo Leather,,WBSKG9C57CE797945,,E797945,"MSRP.1,ZCP,ZCW,ZCV,ZPP.3,2MK,302,415,507,6FL,6NF,6NR,655,752",,,"Oct 25, 2011",,,,,,,,,,,
A96 - Mineral White Metallic,,NCH5 - Fox Red/Black Novillo Leather,,WBSKG9C59CE797946,,E797946,"MSRP.1,ZCP,ZCV,ZPP.3,2MK,302,415,494,507,6FL,6NF,6NR,655,752",,,"Oct 26, 2011",,,,,,,,,,,
A52 - Space Gray Metallic,,NCSW - Black Novillo Leather,,WBSKG9C50CE797947,,E797947,"MSRP.1,ZCV,ZPP.3,2MK,302,415,507,6FL,6NF,6NR",,,"Oct 26, 2011",550,,,,,,,,,,
A75 - Melbourne Red Metallic,,NCSW - Black Novillo Leather,,WBSKG9C52CE797948,,E797948,"MSRP.1,ZCP,ZCW,ZCV,ZPP.3,2MK,302,415,507,6FL,6NF,6NR,655,752",,,"Oct 26, 2011",550,,,,,,,,,,
668 - Jet Black,,NCSW - Black Novillo Leather,,WBSKG9C54CE797949,,E797949,"MSRP.1,ZCP,ZCW,ZCV,ZPP.3,2MK,302,415,507,6FL,6NF,6NR,655,752",,,"Oct 26, 2011",,,,,,,,,,,
300 - Alpine White,,NCSW - Black Novillo Leather,,WBSKG9C50CE797950,,E797950,"MSRP.1,ZCP,ZCV,ZPP.3,2MK,302,415,494,507,6FL,6NF,6NR,655,752",,,"Oct 26, 2011",,,,,,,,,,,
300 - Alpine White,,NCH2 - Fox Red Novillo Leather,,WBSKG9C52CE797951,,E797951,"MSRP.1,ZCP,2MK,302,4MX,507,6FL",,,"Oct 26, 2011",950,,,,,,,,,,
300 - Alpine White,,NDH2 - Fox Red Extended Leather,,WBSKG9C54CE797952,,E797952,"MSRP.1,ZCP,ZCV,ZPP.3,302,403,415,507,6FL,6NF,6NR,752",,,"Oct 26, 2011",1100,,,,,,,,,,
A52 - Space Gray Metallic,,NCSW - Black Novillo Leather,,WBSKG9C56CE797953,,E797953,"MSRP.1,ZCW,ZCV,ZPP.3,2MK,2MT.1,302,415,507,6FL,6NF,6NR,655,752",,,"Oct 26, 2011",550,,,,,,,,,,
A52 - Space Gray Metallic,,NDSW - Black Extended Novillo Leather,,WBSKG9C58CE797954,,E797954,"MSRP.1,ZCP,ZCW,ZCV,ZPP.3,302,415,507,5AC,6FL,6NF,6NR,655,752",,,"Oct 26, 2011",550/1100,,,,,,,,,,
A96 - Mineral White Metallic,,NCH3 - Beige Novillo Leather,,WBSKG9C5XCE797955,,E797955,"MSRP.1,ZCP,ZCW,ZCV,ZPP.3,2MK,302,403,415,507,6FL,6NF,6NR,655,752",,,"Oct 26, 2011",,,,,,,,,,,
A73 - Jerez Black Metallic,,NDSW - Black Extended Novillo Leather,,WBSKG9C51CE797956,,E797956,"MSRP.1,ZCW,ZCV,ZPP.3,2MK,2MT.1,302,403,415,507,6FL,6NF,6NR,655,752",,,"Oct 26, 2011",550/1100,,,,,,,,,,
A73 - Jerez Black Metallic,,NDSW - Black Extended Novillo Leather,,WBSKG9C53CE797957,,E797957,"MSRP.1,ZCP,ZCV,ZPP.2,2MK,302,403,415,494,507,6FL,6NF,6NR,655,752",,,"Oct 26, 2011",550/1100,,,,,,,,,,
A73 - Jerez Black Metallic,,NCH2 - Fox Red Novillo Leather,,WBSKG9C55CE797958,,E797958,"MSRP.1,ZCP,ZCW,ZCV,ZPP.3,2MK,302,415,507,5AC,6FL,6NF,6NR,655,752",,,"Oct 26, 2011",550,,,,,,,,,,
A30 - Interlagos Blue Metallic,,NCH1 - Silver Novillo Leather,,WBSKG9C57CE797959,,E797959,"MSRP.1,ZCP,ZCV,ZPP.1,2MK,302,403,415,494,507,6FL,6NF,6NR,752",,,"Oct 27, 2011",550,,,,,,,,,,
A73 - Jerez Black Metallic,,NDSW - Black Extended Novillo Leather,,WBSKG9C53CE797960,,E797960,"MSRP.1,ZCP,ZCV,ZPP.3,2MK,302,415,494,507,6FL,6NF,6NR,655,752",,,"Oct 27, 2011",550/1100,,,,,,,,,,
300 - Alpine White,,NCSW - Black Novillo Leather,,WBSKG9C55CE797961,,E797961,"MSRP.1,ZCP,ZPP.3,302,322,415,494,507,6FL,752",,,"Oct 27, 2011",,,,,,,,,,,
A29 - Silverstone Metallic II,,NCH4 - Palladium/Black Novillo Leather,,WBSKG9C57CE797962,,E797962,"MSRP.1,ZCP,ZPP.3,2MK,302,322,403,415,494,507,6FL,655,752",,,"Oct 27, 2011",550,,,,,,,,,,
A73 - Jerez Black Metallic,,NCH4 - Palladium/Black Novillo Leather,,WBSKG9C59CE797963,,E797963,"MSRP.1,ZCW,ZPP.1,2MT.1,302,322,403,415,507,655",,,"Oct 27, 2011",550,,,,,,,,,,
A73 - Jerez Black Metallic,,NCH3 - Beige Novillo Leather,,WBSKG9C50CE797964,,E797964,"MSRP.1,ZCP,ZCV,ZPP.3,2MK,302,403,415,494,507,6FL,655",,,"Oct 28, 2011",550,,,,,,,,,,
668 - Jet Black,,NCSW - Black Novillo Leather,,WBSKG9C52CE797965,,E797965,"MSRP.1,ZCP,ZPP.2,2MK,302,322,415,507",,,"Oct 28, 2011",,,,,,,,,,,
381 - Le Mans Blue Metallic,,NCSW - Black Novillo Leather,,WBSKG9C54CE797966,,E797966,"MSRP.1,ZPP.3,2MK,2MT.1,302,322,403,415,494,507,5AC,6FL,655",,,"Oct 28, 2011",550,,,,,,,,,,
300 - Alpine White,,NCSW - Black Novillo Leather,,WBSKG9C56CE797967,,E797967,"MSRP.1,ZCP,302,4MY",,,"Oct 28, 2011",950,,,,,,,,,,
300 - Alpine White,,GEAT - Anthracite/Black Cloth & Leather,,WBSKG9C58CE797968,,E797968,"MSRP.1,ZCP,302,6FL,771",,,"Oct 28, 2011",,,,,,,,,,,
A52 - Space Gray Metallic,,NDH2 - Fox Red Extended Leather,,WBSKG9C5XCE797969,,E797969,"MSRP.1,ZCP,ZCV,ZPP.3,2MK,302,415,507,6FL,6NF,6NR,655,752",,,"Oct 28, 2011",550/1100,,,,,,,,,,
A52 - Space Gray Metallic,,NCH5 - Fox Red/Black Novillo Leather,,WBSKG9C56CE797970,,E797970,"MSRP.1,ZCP,ZCW,ZCV,ZPP.1,302,415,507,6FL,6NF,6NR,655,752",,,"Oct 28, 2011",550,,,,,,,,,,
300 - Alpine White,,NCSW - Black Novillo Leather,,WBSKG9C58CE797971,,E797971,"MSRP.1,ZCP,ZCV,2MK,302,494,4MX,6FL,6NF,6NR",,,"Oct 28, 2011",950,,,,,,,,,,
A96 - Mineral White Metallic,,NCH5 - Fox Red/Black Novillo Leather,,WBSKG9C5XCE797972,,E797972,"MSRP.1,ZCP,ZCV,ZPP.3,2MK,302,415,494,507,6FL,6NF,6NR,655,752",,,"Oct 28, 2011",,,,,,,,,,,
A96 - Mineral White Metallic,,NCH5 - Fox Red/Black Novillo Leather,,WBSKG9C51CE797973,,E797973,"MSRP.1,ZCP,ZCV,ZPP.3,2MK,302,415,494,507,6FL,6NF,6NR,655,752",,,"Oct 28, 2011",,,,,,,,,,,
668 - Jet Black,,NCSW - Black Novillo Leather,,WBSKG9C53CE797974,,E797974,"MSRP.1,ZCP,ZCV,ZPP.3,2MK,302,403,415,507,6FL,655,752",,,"Oct 28, 2011",,,,,,,,,,,
A96 - Mineral White Metallic,,NCH5 - Fox Red/Black Novillo Leather,,WBSKG9C55CE797975,,E797975,"MSRP.1,ZCP,ZCW,ZCV,ZPP.3,302,415,507,6FL,6NF,6NR,655,752",,,"Oct 28, 2011",,,,,,,,,,,
A52 - Space Gray Metallic,,NCH2 - Fox Red Novillo Leather,,WBSKG9C57CE797976,,E797976,"MSRP.1,ZCP,ZCV,ZPP.3,302,415,494,507,6FL,6NF,6NR",,,"Oct 28, 2011",550,,,,,,,,,,
A96 - Mineral White Metallic,,NCH2 - Fox Red Novillo Leather,,WBSKG9C59CE797977,,E797977,"MSRP.1,ZCP,ZCW,ZCV,2MK,302,415,4MY,507,6FL,6NF,6NR,655,752",,,"Oct 28, 2011",950,,CAN,,,,,,,,
A52 - Space Gray Metallic,,NCH1 - Silver Novillo Leather,,WBSKG9C50CE797978,,E797978,"MSRP.1,ZCP,ZCV,ZPP.3,2MK,302,415,494,507,6FL",,,"Oct 28, 2011",550,,,,,,,,,,
668 - Jet Black,,NCSW - Black Novillo Leather,,WBSKG9C52CE797979,,E797979,"MSRP.1,ZCP,ZCV,ZPP.3,2MK,302,403,415,494,507,6FL,6NF,6NR,655,752",,,"Oct 29, 2011",,,,,,,,,,,
A52 - Space Gray Metallic,,NDH2 - Fox Red Extended Leather,,WBSKG9C59CE797980,,E797980,"MSRP.1,ZCP,ZCW,ZCV,ZPP.3,2MK,302,415,507,5AC,6FL,6NF,6NR,655,752",,,"Oct 29, 2011",550/1100,,,,,,,,,,
668 - Jet Black,,NCSW - Black Novillo Leather,,WBSKG9C50CE797981,,E797981,"MSRP.1,ZCV,ZPP.1,2MK,2MT.1,302,403,415,507,5AC,6FL,752",,,"Oct 29, 2011",,,,,,,,,,,
668 - Jet Black,,NCSW - Black Novillo Leather,,WBSKG9C52CE797982,,E797982,"MSRP.1,ZCW,ZCV,ZPP.1,2MK,302,403,415,507,6FL,6NF,6NR,655,752",,,"Oct 29, 2011",,,,,,,,,,,
A52 - Space Gray Metallic,,NCSW - Black Novillo Leather,,WBSKG9C54CE797983,,E797983,"MSRP.1,ZCP,ZCV,ZPP.3,2MK,302,415,507,5AC,6FL,655,752",,,"Oct 29, 2011",550,,,,,,,,,,
A52 - Space Gray Metallic,,NCSW - Black Novillo Leather,,WBSKG9C56CE797984,,E797984,"MSRP.1,ZCP,ZCV,ZPP.3,302,403,415,494,507,6FL,6NF,6NR,655,752",,,"Oct 29, 2011",550,,,,,,,,,,
381 - Le Mans Blue Metallic,,GEAT - Anthracite/Black Cloth & Leather,,WBSKG9C58CE797985,,E797985,"MSRP.1,ZCP,302,4MY,609,6FL,6NF,6NR,655",,,"Oct 29, 2011",550,,,,,,,,,,
381 - Le Mans Blue Metallic,,NCH1 - Silver Novillo Leather,,WBSKG9C5XCE797986,,E797986,"MSRP.1,ZCP,ZCV,ZPP.3,2MK,302,403,415,494,507,6FL,6NF,6NR,655",,,"Oct 29, 2011",550,,,,,,,,,,
A73 - Jerez Black Metallic,,NCSW - Black Novillo Leather,,WBSKG9C51CE797987,,E797987,"MSRP.1,ZCV,ZPP.3,2MK,2MT.1,302,415,507,6FL",,,"Oct 29, 2011",550,,,,,,,,,,
A73 - Jerez Black Metallic,,NCH2 - Fox Red Novillo Leather,,WBSKG9C53CE797988,,E797988,"MSRP.1,ZCP,ZCV,ZPP.3,2MK,302,403,415,507,6FL,6NF,6NR,752",,,"Oct 29, 2011",550,,,,,,,,,,
A75 - Melbourne Red Metallic,,NCH3 - Beige Novillo Leather,,WBSKG9C55CE797989,,E797989,"MSRP.1,ZCP,ZCW,ZCV,ZPP.2,2MK,302,403,415,507,6FL,655,752",,,"Oct 29, 2011",550,,,,,,,,,,
A73 - Jerez Black Metallic,,NCSW - Black Novillo Leather,,WBSKG9C51CE797990,,E797990,"MSRP.1,ZCV,ZPP.3,2MK,2MT.1,302,415,494,507,6FL",,,"Oct 29, 2011",550,,,,,,,,,,
A75 - Melbourne Red Metallic,,NCSW - Black Novillo Leather,,WBSKG9C53CE797991,,E797991,"MSRP.1,ZCP,ZCW,ZCV,2MK,302,4MX,6FL",,,"Oct 31, 2011",550/950,,CAN,,,,,,,,
"X10 - Tanzinite Blue Metallic - $5,000.00",,ZAP2 - Unknown Upholstery Code,,WBSKG9C55CE797992,,E797992,"MSRP.1,IND,ZCW,ZCV,ZPP.2,2MK,2MT.1,302,403,415,507,6FL,655,752",,,"Nov 14, 2011",,,,,,,,,,,
668 - Jet Black,,NCSW - Black Novillo Leather,,WBSKG9C57CE797993,,E797993,"MSRP.1,ZCW,2MT.1,302,322,403,415,4MX,507,752",,,"Nov 2, 2011",950,,,,,,,,,,
A52 - Space Gray Metallic,,NCSW - Black Novillo Leather,,WBSKG9C59CE797994,,E797994,"MSRP.1,ZCP,ZCV,ZPP.3,2MK,302,403,415,494,507,6FL,6NF,6NR,655",,,"Nov 2, 2011",550,,,,,,,,,,
A52 - Space Gray Metallic,,NCSW - Black Novillo Leather,,WBSKG9C50CE797995,,E797995,"MSRP.1,ZCP,ZCV,ZPP.3,2MK,302,403,415,507,6FL,6NF,6NR,655,752",,,"Nov 2, 2011",550,,,,,,,,,,
300 - Alpine White,,NCSW - Black Novillo Leather,,WBSKG9C52CE797996,,E797996,"MSRP.1,ZCP,ZCV,ZPP.3,302,403,415,494,507,6FL,655",,,"Nov 2, 2011",,,,,,,,,,,
A52 - Space Gray Metallic,,NCSW - Black Novillo Leather,,WBSKG9C54CE797997,,E797997,"MSRP.1,ZCP,ZCW,ZCV,ZPP.3,302,403,415,507,6FL,6NF,6NR,655,752",,,"Nov 2, 2011",550,,,,,,,,,,
A52 - Space Gray Metallic,,NCH2 - Fox Red Novillo Leather,,WBSKG9C56CE797998,,E797998,"MSRP.1,ZCW,ZCV,ZPP.3,2MK,2MT.1,302,403,415,507,6FL,6NF,6NR,655",,,"Nov 2, 2011",550,,,,,,,,,,
300 - Alpine White,,NCSW - Black Novillo Leather,,WBSKG9C58CE797999,,E797999,"MSRP.1,ZCP,ZCV,ZPP.3,2MK,302,403,415,494,507,6FL,6NF,6NR,655,752",,,"Nov 2, 2011",,,,,,,,,,,
A73 - Jerez Black Metallic,,NCH3 - Beige Novillo Leather,,WBSKG9C59CE798000,,E798000,"MSRP.1,ZCP,ZCV,ZPP.2,2MK,302,403,415,494,507,5AC,6FL,6NF,6NR,655,752",,,"Nov 2, 2011",550,,,,,,,,,,
300 - Alpine White,,NCSW - Black Novillo Leather,,WBSKG9C50CE798001,,E798001,"MSRP.1,ZCW,ZPP.1,2MK,2MT.1,302,403,6FL,655",,,"Nov 2, 2011",,,,,,,,,,,
300 - Alpine White,,NDSW - Black Extended Novillo Leather,,WBSKG9C52CE798002,,E798002,"MSRP.1,ZCP,ZCW,ZPP.3,2MK,302,403,5AC,6FL,6NF,6NR,655,752",,,"Nov 2, 2011",1100,,,,,,,,,,
A73 - Jerez Black Metallic,,NCSW - Black Novillo Leather,,WBSKG9C54CE798003,,E798003,"MSRP.1,ZCW,ZPP.2,2MK,2MT.1,302,403,6FL,6NF,6NR,655,752",,,"Nov 2, 2011",550,,,,,,,,,,
A73 - Jerez Black Metallic,,NDSW - Black Extended Novillo Leather,,WBSKG9C56CE798004,,E798004,"MSRP.1,ZCP,ZPP.3,2MK,302,403,6FL,6NF,6NR,655,752",,,"Nov 2, 2011",550/1100,,,,,,,,,,
A73 - Jerez Black Metallic,,NCH2 - Fox Red Novillo Leather,,WBSKG9C58CE798005,,E798005,"MSRP.1,ZCP,ZCW,ZPP.3,302,403,6FL,6NF,6NR,655,752",,,"Nov 3, 2011",550,,,,,,,,,,
668 - Jet Black,,NCSW - Black Novillo Leather,,WBSKG9C5XCE798006,,E798006,"MSRP.1,ZCP,ZPP.3,2MK,302,403,494,6FL,6NF,6NR,655,752",,,"Nov 3, 2011",,,,,,,,,,,
668 - Jet Black,,NCH2 - Fox Red Novillo Leather,,WBSKG9C51CE798007,,E798007,"MSRP.1,ZCP,ZCW,ZPP.3,2MK,302,403,6FL,6NF,6NR,655,752",,,"Nov 3, 2011",,,,,,,,,,,
668 - Jet Black,,NCSW - Black Novillo Leather,,WBSKG9C53CE798008,,E798008,"MSRP.1,ZPP.1,2MK,2MT.1,302,403,494,6FL,655",,,"Nov 3, 2011",,,,,,,,,,,
668 - Jet Black,,NCSW - Black Novillo Leather,,WBSKG9C55CE798009,,E798009,"MSRP.1,ZCP,ZPP.3,2MK,302,403,494,6FL,6NF,6NR,655,752",,,"Nov 3, 2011",,,,,,,,,,,
668 - Jet Black,,NCH5 - Fox Red/Black Novillo Leather,,WBSKG9C51CE798010,,E798010,"MSRP.1,ZCP,ZCW,ZPP.3,2MK,302,403,6FL,655,752",,,"Nov 3, 2011",,,,,,,,,,,
668 - Jet Black,,NDH1 - Silver Novillo Extended Leather,,WBSKG9C53CE798011,,E798011,"MSRP.1,ZPP.3,2MK,2MT.1,302,403,494,6FL,6NF,6NR,655,752",,,"Nov 3, 2011",1100,,,,,,,,,,
300 - Alpine White,,NCH5 - Fox Red/Black Novillo Leather,,WBSKG9C55CE798012,,E798012,"MSRP.1,ZPP.3,2MT.1,302,6FL,6NF,6NR,752",,,"Nov 3, 2011",,,,,,,,,,,
300 - Alpine White,,NCH1 - Silver Novillo Leather,,WBSKG9C57CE798013,,E798013,"MSRP.1,2MK,302,494,4MZ,609,6FL",,,"Nov 3, 2011",950,,,,,,,,,,
300 - Alpine White,,NCH5 - Fox Red/Black Novillo Leather,,WBSKG9C59CE798014,,E798014,"MSRP.1,ZCP,ZPP.3,2MK,302,6FL,752",,,"Nov 3, 2011",,,,,,,,,,,
668 - Jet Black,,NCH5 - Fox Red/Black Novillo Leather,,WBSKG9C50CE798015,,E798015,"MSRP.1,2MK,2MT.1,302,322,403,415,494,4MX,507,6FL,655",,,"Nov 3, 2011",950,,,,,,,,,,
A29 - Silverstone Metallic II,,NCSW - Black Novillo Leather,,WBSKG9C52CE798016,,E798016,"MSRP.1,ZCP,ZPP.2,2MK,302,403,494,5AC,6FL,655,752",,,"Nov 3, 2011",550,,,,,,,,,,
668 - Jet Black,,NCSW - Black Novillo Leather,,WBSKG9C54CE798017,,E798017,"MSRP.1,ZCP,2MK,302,322,4MY,507,609,6FL",,,"Nov 3, 2011",950,,,,,,,,,,
668 - Jet Black,,NCH2 - Fox Red Novillo Leather,,WBSKG9C56CE798018,,E798018,"MSRP.1,ZCP,ZCW,ZPP.3,2MK,302,6FL,655",,,"Nov 3, 2011",,,,,,,,,,,
668 - Jet Black,,NDSW - Black Extended Novillo Leather,,WBSKG9C58CE798019,,E798019,"MSRP.1,ZCP,ZCW,ZPP.3,302,403,5AC,6FL,6NF,6NR,655,752",,,"Nov 3, 2011",1100,,,,,,,,,,
A29 - Silverstone Metallic II,,NCSW - Black Novillo Leather,,WBSKG9C54CE798020,,E798020,"MSRP.1,ZPP.2,2MK,302,494,6FL,6NF,6NR,655,752",,,"Nov 4, 2011",550,,,,,,,,,,
300 - Alpine White,,NCSW - Black Novillo Leather,,WBSKG9C56CE798021,,E798021,"MSRP.1,ZCP,ZPP.3,2MK,302,403,494,6FL,655",,,"Nov 4, 2011",,,,,,,,,,,
300 - Alpine White,,NCSW - Black Novillo Leather,,WBSKG9C58CE798022,,E798022,"MSRP.1,ZCP,ZPP.1,302,403,494,6FL,6NF,6NR,752",,,"Nov 4, 2011",,,,,,,,,,,
A73 - Jerez Black Metallic,,NCH2 - Fox Red Novillo Leather,,WBSKG9C5XCE798023,,E798023,"MSRP.1,ZCP,ZCW,2MK,302,322,415,4MX,507,609,6FL,6NF,6NR,655,752",,,"Nov 4, 2011",550/950,,CAN,,,,,,,,
300 - Alpine White,,NCSW - Black Novillo Leather,,WBSKG9C51CE798024,,E798024,"MSRP.1,ZCP,ZPP.3,2MK,302,403,494,6FL,6NF,6NR,655,752",,,"Nov 4, 2011",,,,,,,,,,,
300 - Alpine White,,NCSW - Black Novillo Leather,,WBSKG9C53CE798025,,E798025,"MSRP.1,ZCP,ZPP.3,2MK,302,403,6FL",,,"Nov 4, 2011",,,,,,,,,,,
300 - Alpine White,,NCH2 - Fox Red Novillo Leather,,WBSKG9C55CE798026,,E798026,"MSRP.1,ZCP,ZPP.3,2MK,302,403,494,6FL,6NF,6NR,655,752",,,"Nov 4, 2011",,,,,,,,,,,
A96 - Mineral White Metallic,,NCH5 - Fox Red/Black Novillo Leather,,WBSKG9C57CE798027,,E798027,"MSRP.1,ZPP.1,2MK,302,403,6FL",,,"Nov 4, 2011",,,,,,,,,,,
A96 - Mineral White Metallic,,NCSW - Black Novillo Leather,,WBSKG9C59CE798028,,E798028,"MSRP.1,ZPP.3,2MK,2MT.1,302,403,494,6FL,752",,,"Nov 4, 2011",,,,,,,,,,,
A96 - Mineral White Metallic,,NCH2 - Fox Red Novillo Leather,,WBSKG9C50CE798029,,E798029,"MSRP.1,ZCP,ZCW,302,322,403,415,4MY,507,609,6FL,655,752",,,"Nov 4, 2011",950,,CAN,,,,,,,,
300 - Alpine White,,NCH5 - Fox Red/Black Novillo Leather,,WBSKG9C57CE798030,,E798030,"MSRP.1,ZCP,302,6FL,655,771",,,"Nov 4, 2011",950,,,,,,,,,,
668 - Jet Black,,NCSW - Black Novillo Leather,,WBSKG9C59CE798031,,E798031,"MSRP.1,ZCP,ZPP.3,2MK,302,494,5AC,6FL,6NF,6NR,655,752",,,"Nov 4, 2011",,,,,,,,,,,
300 - Alpine White,,NDH3 - Beige Novillo Extended Leather,,WBSKG9C50CE798032,,E798032,"MSRP.1,ZCP,ZPP.2,302,403,494,6FL,6NF,6NR,655",,,"Nov 4, 2011",1100,,,,,,,,,,
668 - Jet Black,,NCH3 - Beige Novillo Leather,,WBSKG9C52CE798033,,E798033,"MSRP.1,ZCP,ZCW,ZPP.3,2MK,302,6FL,6NF,6NR,752",,,"Nov 4, 2011",,,,,,,,,,,
300 - Alpine White,,NDSW - Black Extended Novillo Leather,,WBSKG9C54CE798034,,E798034,"MSRP.1,ZCP,ZPP.1,302,6FL,655,752",,,"Nov 4, 2011",1100,,,,,,,,,,
300 - Alpine White,,NCSW - Black Novillo Leather,,WBSKG9C56CE798035,,E798035,"MSRP.1,ZCP,ZCW,ZPP.3,2MK,302,403,6FL,6NF,6NR,655,752",,,"Nov 4, 2011",,,,,,,,,,,
A96 - Mineral White Metallic,,NDSW - Black Extended Novillo Leather,,WBSKG9C58CE798036,,E798036,"MSRP.1,ZCP,ZCW,2MK,302,322,415,4MX,507,609,6FL,6NF,6NR,655,752",,,"Nov 4, 2011",2000,,CAN,,,,,,,,
A75 - Melbourne Red Metallic,,NCSW - Black Novillo Leather,,WBSKG9C5XCE798037,,E798037,"MSRP.1,ZPP.2,302,494,6FL,752",,,"Nov 5, 2011",550,,,,,,,,,,
300 - Alpine White,,NCH2 - Fox Red Novillo Leather,,WBSKG9C51CE798038,,E798038,"MSRP.1,2MK,2MT.1,302,403,609,6FL,655,771",,,"Nov 5, 2011",950,,,,,,,,,,
A73 - Jerez Black Metallic,,NCSW - Black Novillo Leather,,WBSKG9C53CE798039,,E798039,"MSRP.1,ZCP,ZPP.3,302,6FL,6NF,6NR,752",,,"Nov 5, 2011",550,,,,,,,,,,
A96 - Mineral White Metallic,,NCH2 - Fox Red Novillo Leather,,WBSKG9C5XCE798040,,E798040,"MSRP.1,ZCP,ZPP.3,2MK,302,6FL,6NF,6NR,752",,,"Nov 5, 2011",,,,,,,,,,,
A73 - Jerez Black Metallic,,GEAT - Anthracite/Black Cloth & Leather,,WBSKG9C51CE798041,,E798041,"MSRP.1,ZCP,ZCW,2MK,302,322,415,4MX,507,609,6FL,6NF,6NR",,,"Nov 5, 2011",550,,,,,,,,,,
381 - Le Mans Blue Metallic,,NCSW - Black Novillo Leather,,WBSKG9C53CE798042,,E798042,"MSRP.1,ZCP,ZPP.3,2MK,302,403,6FL,6NF,6NR,655,752",,,"Nov 5, 2011",550,,,,,,,,,,
300 - Alpine White,,NCSW - Black Novillo Leather,,WBSKG9C55CE798043,,E798043,"MSRP.1,ZCP,ZCW,ZPP.3,2MK,302,6FL",,,"Nov 7, 2011",,,,,,,,,,,
A30 - Interlagos Blue Metallic,,NCSW - Black Novillo Leather,,WBSKG9C57CE798044,,E798044,"MSRP.1,ZCP,2MK,302,322,415,4MY,507,6FL",,,"Nov 7, 2011",550/950,,,,,,,,,,
A52 - Space Gray Metallic,,NCSW - Black Novillo Leather,,WBSKG9C59CE798045,,E798045,"MSRP.1,ZCP,ZCW,ZPP.3,2MK,302,6FL,6NF,6NR,655,752",,,"Nov 7, 2011",550,,,,,,,,,,
300 - Alpine White,,NCSW - Black Novillo Leather,,WBSKG9C50CE798046,,E798046,"MSRP.1,ZCP,ZPP.3,2MK,302,494,6FL,6NF,6NR,655,752",,,"Nov 7, 2011",,,,,,,,,,,
A52 - Space Gray Metallic,,NDSW - Black Extended Novillo Leather,,WBSKG9C52CE798047,,E798047,"MSRP.1,ZCP,ZPP.3,2MK,302,5AC,6FL,6NF,6NR,655,752",,,"Nov 7, 2011",550/1100,,,,,,,,,,
A52 - Space Gray Metallic,,NCH5 - Fox Red/Black Novillo Leather,,WBSKG9C54CE798048,,E798048,"MSRP.1,ZCP,ZPP.3,2MK,302,494,6FL,6NF,6NR,655,752",,,"Nov 7, 2011",550,,,,,,,,,,
A52 - Space Gray Metallic,,NCSW - Black Novillo Leather,,WBSKG9C56CE798049,,E798049,"MSRP.1,ZCP,ZPP.3,2MK,302,494,6FL,6NF,6NR,752",,,"Nov 7, 2011",550,,,,,,,,,,
A52 - Space Gray Metallic,,NCSW - Black Novillo Leather,,WBSKG9C52CE798050,,E798050,"MSRP.1,ZCP,ZPP.3,302,494,6FL,6NF,6NR,752",,,"Nov 7, 2011",550,,,,,,,,,,
,,NCH5 - Fox Red/Black Novillo Leather,,WBSKG9C54CE798051,,E798051,"MSRP.1,ZCP,ZPP.3,2MK,302,494,6FL,6NF,6NR,752",,,"Nov 7, 2011",,,,,,,,,,,
A96 - Mineral White Metallic,,NCH2 - Fox Red Novillo Leather,,WBSKG9C56CE798052,,E798052,"MSRP.1,ZCP,ZCW,ZPP.3,2MK,302,6FL,6NF,6NR,655,752",,,"Nov 7, 2011",,,,,,,,,,,
668 - Jet Black,,NCH5 - Fox Red/Black Novillo Leather,,WBSKG9C58CE798053,,E798053,"MSRP.1,ZCP,ZCW,ZPP.3,2MK,302,6FL,6NF,6NR,752",,,"Nov 7, 2011",,,,,,,,,,,
A96 - Mineral White Metallic,,NCSW - Black Novillo Leather,,WBSKG9C5XCE798054,,E798054,"MSRP.1,ZCP,ZPP.3,302,6FL,655",,,"Nov 8, 2011",,,,,,,,,,,
A73 - Jerez Black Metallic,,NCSW - Black Novillo Leather,,WBSKG9C51CE798055,,E798055,"MSRP.1,ZCP,ZPP.3,2MK,302,494,5AC,6FL,655",,,"Nov 8, 2011",550,,,,,,,,,,
A73 - Jerez Black Metallic,,NDSW - Black Extended Novillo Leather,,WBSKG9C53CE798056,,E798056,"MSRP.1,ZCP,ZPP.3,302,494,6FL,6NF,6NR",,,"Nov 8, 2011",550/1100,,,,,,,,,,
A73 - Jerez Black Metallic,,NCH2 - Fox Red Novillo Leather,,WBSKG9C55CE798057,,E798057,"MSRP.1,ZCP,ZPP.3,2MK,302,6FL,6NF,6NR",,,"Nov 8, 2011",550,,,,,,,,,,
U94 - Fire Orange 2,,NCSW - Black Novillo Leather,,WBSKG9C57CE798058,,E798058,"MSRP.1,IND,ZPP.3,2MK,302,494,6FL,6NF,6NR",,,"Nov 21, 2011",,,,,,,,,,,
300 - Alpine White,,NCSW - Black Novillo Leather,,WBSKG9C59CE798059,,E798059,"MSRP.1,ZCP,ZPP.3,2MK,302,494,5AC,6FL,655",,,"Nov 8, 2011",,,,,,,,,,,
300 - Alpine White,,NCSW - Black Novillo Leather,,WBSKG9C55CE798060,,E798060,"MSRP.1,494,507,609,6FL,655",,,"Nov 8, 2011",950,,,,,,,,,,
668 - Jet Black,,NCSW - Black Novillo Leather,,WBSKG9C57CE798061,,E798061,"MSRP.1,ZCP,ZPP.1,2MK,302,6FL,6NF,6NR,655,752",,,"Nov 8, 2011",,,,,,,,,,,
A52 - Space Gray Metallic,,NDSW - Black Extended Novillo Leather,,WBSKG9C59CE798062,,E798062,"MSRP.1,ZCP,ZPP.3,2MK,302,494,6FL,6NF,6NR,655,752",,,"Nov 8, 2011",550/1100,,,,,,,,,,
A96 - Mineral White Metallic,,NCH4 - Palladium/Black Novillo Leather,,WBSKG9C50CE798063,,E798063,"MSRP.1,ZCP,ZPP.3,2MK,302,494,6FL,6NF,6NR,655,752",,,"Nov 8, 2011",,,,,,,,,,,
A96 - Mineral White Metallic,,NCH2 - Fox Red Novillo Leather,,WBSKG9C52CE798064,,E798064,"MSRP.1,ZCP,ZPP.3,2MK,302,5AC,6FL,6NF,6NR,655,752",,,"Nov 9, 2011",,,,,,,,,,,
A73 - Jerez Black Metallic,,NDSW - Black Extended Novillo Leather,,WBSKG9C54CE798065,,E798065,"MSRP.1,ZCP,ZPP.3,302,6FL,6NF,6NR,655,752",,,"Nov 9, 2011",550/1100,,,,,,,,,,
A75 - Melbourne Red Metallic,,NDSW - Black Extended Novillo Leather,,WBSKG9C56CE798066,,E798066,"MSRP.1,ZCP,ZPP.3,2MK,302,494,6FL,6NF,6NR,752",,,"Nov 9, 2011",550/1100,,,,,,,,,,
300 - Alpine White,,NCSW - Black Novillo Leather,,WBSKG9C58CE798067,,E798067,"MSRP.1,ZCP,ZPP.3,2MK,302,494,6FL,6NF,6NR,655",,,"Nov 9, 2011",,,,,,,,,,,
300 - Alpine White,,NCSW - Black Novillo Leather,,WBSKG9C5XCE798068,,E798068,"MSRP.1,ZCP,ZPP.3,2MK,302,6FL,655,752",,,"Nov 9, 2011",,,,,,,,,,,
300 - Alpine White,,NCH3 - Beige Novillo Leather,,WBSKG9C51CE798069,,E798069,"MSRP.1,ZCP,ZPP.3,2MK,302,6FL,655,752",,,"Nov 9, 2011",,,,,,,,,,,
A30 - Interlagos Blue Metallic,,NCSW - Black Novillo Leather,,WBSKG9C58CE798070,,E798070,"MSRP.1,ZCP,302,322,403,415,4MY,507,655,752",,,"Nov 9, 2011",550/950,,,,,,,,,,
300 - Alpine White,,NCH2 - Fox Red Novillo Leather,,WBSKG9C5XCE798071,,E798071,"MSRP.1,494,507,609,6FL,655",,,"Nov 9, 2011",950,,,,,,,,,,
300 - Alpine White,,NCH4 - Palladium/Black Novillo Leather,,WBSKG9C51CE798072,,E798072,"MSRP.1,ZCP,ZPP.3,2MK,302,494,5AC,6FL,752",,,"Nov 10, 2011",,,,,,,,,,,
668 - Jet Black,,NCSW - Black Novillo Leather,,WBSKG9C53CE798073,,E798073,"MSRP.1,ZCP,ZPP.3,302,494,6FL,6NF,6NR",,,"Nov 10, 2011",,,,,,,,,,,
A75 - Melbourne Red Metallic,,NDSW - Black Extended Novillo Leather,,WBSKG9C55CE798074,,E798074,"MSRP.1,ZCP,ZPP.3,2MK,302,494,6FL,6NF,6NR,655,752",,,"Nov 10, 2011",550/1100,,,,,,,,,,
A52 - Space Gray Metallic,,NCH2 - Fox Red Novillo Leather,,WBSKG9C57CE798075,,E798075,"MSRP.1,ZCP,ZPP.1,302,494,6FL,6NF,6NR,655,752",,,"Nov 10, 2011",550,,,,,,,,,,
A52 - Space Gray Metallic,,NCSW - Black Novillo Leather,,WBSKG9C59CE798076,,E798076,"MSRP.1,ZCP,ZCW,2MK,302,322,403,4MZ,609,6FL",,,"Nov 10, 2011",550/950,,CAN,,,,,,,,
A52 - Space Gray Metallic,,NCH3 - Beige Novillo Leather,,WBSKG9C50CE798077,,E798077,"MSRP.1,ZCP,ZPP.2,2MK,302,494,6FL,6NF,6NR,655",,,"Nov 10, 2011",,,,,,,,,,,
A52 - Space Gray Metallic,,NDH1 - Silver Novillo Extended Leather,,WBSKG9C52CE798078,,E798078,"MSRP.1,ZCP,ZPP.3,2MK,302,6FL,655,752",,,"Nov 10, 2011",550/1100,,,,,,,,,,
A52 - Space Gray Metallic,,NCH2 - Fox Red Novillo Leather,,WBSKG9C54CE798079,,E798079,"MSRP.1,ZCP,ZPP.1,2MK,302,494,6FL,6NF,6NR,655,752",,,"Nov 10, 2011",550,,,,,,,,,,
381 - Le Mans Blue Metallic,,GEAT - Anthracite/Black Cloth & Leather,,WBSKG9C50CE798080,,E798080,"MSRP.1,2MK,302,322,4MX,6FL,655",,,"Nov 10, 2011",550,,,,,,,,,,
668 - Jet Black,,NCH2 - Fox Red Novillo Leather,,WBSKG9C52CE798081,,E798081,"MSRP.1,302,403,494,4MZ,6FL",,,"Nov 10, 2011",950,,,,,,,,,,
300 - Alpine White,,NCSW - Black Novillo Leather,,WBSKG9C54CE798082,,E798082,"MSRP.1,ZCP,ZPP.1,2MK,302,494,6FL,6NF,6NR,655",,,"Nov 10, 2011",,,,,,,,,,,
A29 - Silverstone Metallic II,,NDSW - Black Extended Novillo Leather,,WBSKG9C56CE798083,,E798083,"MSRP.1,ZCP,ZPP.1,2MK,302,6FL,752",,,"Nov 10, 2011",550/1100,,,,,,,,,,
300 - Alpine White,,NCSW - Black Novillo Leather,,WBSKG9C58CE798084,,E798084,"MSRP.1,ZCP,ZPP.3,2MK,302,6FL,6NF,6NR,655,752",,,"Nov 10, 2011",,,,,,,,,,,
A96 - Mineral White Metallic,,NDH2 - Fox Red Extended Leather,,WBSKG9C5XCE798085,,E798085,"MSRP.1,ZCP,ZPP.3,2MK,302,403,494,5AC,6FL,6NF,6NR,655,752",,,"Nov 10, 2011",1100,,,,,,,,,,
A29 - Silverstone Metallic II,,NCH1 - Silver Novillo Leather,,WBSKG9C51CE798086,,E798086,"MSRP.1,ZCP,ZCW,ZPP.3,302,6FL,6NF,6NR,655",,,"Nov 10, 2011",550,,,,,,,,,,
A29 - Silverstone Metallic II,,NCH1 - Silver Novillo Leather,,WBSKG9C53CE798087,,E798087,"MSRP.1,ZCP,ZPP.3,2MK,302,6FL,655,752",,,"Nov 11, 2011",550,,,,,,,,,,
300 - Alpine White,,NCH2 - Fox Red Novillo Leather,,WBSKG9C55CE798088,,E798088,"MSRP.1,ZCW,2MK,302,322,415,4MZ,507,609,6FL,6NF,6NR,655,752",,,"Nov 11, 2011",950,,CAN,,,,,,,,
A96 - Mineral White Metallic,,NDH2 - Fox Red Extended Leather,,WBSKG9C57CE798089,,E798089,"MSRP.1,ZCP,ZCW,ZPP.3,2MK,302,5AC,6FL,6NF,6NR,655,752",,,"Nov 11, 2011",1100,,,,,,,,,,
300 - Alpine White,,NCH2 - Fox Red Novillo Leather,,WBSKG9C53CE798090,,E798090,"MSRP.1,ZCP,ZCW,2MK,302,322,415,4MY,507,609,6FL,6NF,6NR,655,752",,,"Nov 11, 2011",950,,CAN,,,,,,,,
381 - Le Mans Blue Metallic,,NCSW - Black Novillo Leather,,WBSKG9C55CE798091,,E798091,"MSRP.1,ZCP,ZPP.3,2MK,302,494,6FL",,,"Nov 11, 2011",550,,,,,,,,,,
A73 - Jerez Black Metallic,,NCH4 - Palladium/Black Novillo Leather,,WBSKG9C57CE798092,,E798092,"MSRP.1,ZCP,ZPP.3,2MK,302,494,5AC,6FL,6NF,6NR,655,752",,,"Nov 11, 2011",550,,,,,,,,,,
A73 - Jerez Black Metallic,,NCSW - Black Novillo Leather,,WBSKG9C59CE798093,,E798093,"MSRP.1,ZPP.1,2MK,302,6FL",,,"Nov 11, 2011",550,,,,,,,,,,
A29 - Silverstone Metallic II,,NCSW - Black Novillo Leather,,WBSKG9C50CE798094,,E798094,"MSRP.1,ZCP,ZPP.3,2MK,302,494,6FL,6NF,6NR,655,752",,,"Nov 11, 2011",550,,,,,,,,,,
A73 - Jerez Black Metallic,,NCH5 - Fox Red/Black Novillo Leather,,WBSKG9C52CE798095,,E798095,"MSRP.1,ZCP,ZCW,ZPP.3,2MK,302,6FL,6NF,6NR,752",,,"Nov 12, 2011",550,,,,,,,,,,
300 - Alpine White,,NDSW - Black Extended Novillo Leather,,WBSKG9C54CE798096,,E798096,"MSRP.1,ZCP,ZCW,ZPP.3,2MK,302,6FL,6NF,6NR,752",,,"Nov 12, 2011",1100,,,,,,,,,,
300 - Alpine White,,NCSW - Black Novillo Leather,,WBSKG9C56CE798097,,E798097,"MSRP.1,ZCP,ZCW,ZPP.2,302,5AC,6FL,6NF,6NR,655,752",,,"Nov 12, 2011",,,,,,,,,,,
300 - Alpine White,,NCSW - Black Novillo Leather,,WBSKG9C58CE798098,,E798098,"MSRP.1,ZCP,ZCW,ZPP.3,2MK,302,6FL,6NF,6NR,655,752",,,"Nov 12, 2011",,,,,,,,,,,
A96 - Mineral White Metallic,,NCSW - Black Novillo Leather,,WBSKG9C5XCE798099,,E798099,"MSRP.1,ZCP,ZPP.3,2MK,302,494,5AC,6FL,6NF,6NR,655,752",,,"Nov 12, 2011",,,,,,,,,,,
A52 - Space Gray Metallic,,NCH2 - Fox Red Novillo Leather,,WBSKG9C52CE798100,,E798100,"MSRP.1,ZCP,ZPP.3,2MK,302,494,6FL,6NF,6NR,655,752",,,"Nov 12, 2011",550,,,,,,,,,,
A75 - Melbourne Red Metallic,,NDSW - Black Extended Novillo Leather,,WBSKG9C54CE798101,,E798101,"MSRP.1,ZCP,ZPP.3,2MK,302,494,6FL,6NF,6NR,655,752",,,"Nov 14, 2011",550/1100,,,,,,,,,,
A75 - Melbourne Red Metallic,,NCH3 - Beige Novillo Leather,,WBSKG9C56CE798102,,E798102,"MSRP.1,ZPP.2,2MK,2MT.1,302,494,6FL,655",,,"Nov 14, 2011",550,,,,,,,,,,
668 - Jet Black,,NCSW - Black Novillo Leather,,WBSKG9C58CE798103,,E798103,"MSRP.1,ZCP,ZPP.1,302,403,6FL,655,752",,,"Nov 14, 2011",,,,,,,,,,,
300 - Alpine White,,NCSW - Black Novillo Leather,,WBSKG9C5XCE798104,,E798104,"MSRP.1,ZCP,ZPP.3,2MK,302,403,6FL,752",,,"Nov 14, 2011",,,,,,,,,,,
300 - Alpine White,,NDH2 - Fox Red Extended Leather,,WBSKG9C51CE798105,,E798105,"MSRP.1,ZCW,2MK,2MT.1,302,322,403,415,4MX,507,609,6FL,6NF,6NR,655,752",,,"Nov 14, 2011",2000,,CAN,,,,,,,,
A30 - Interlagos Blue Metallic,,NDSW - Black Extended Novillo Leather,,WBSKG9C53CE798106,,E798106,"MSRP.1,ZCP,ZCW,ZPP.3,2MK,302,403,6FL,6NF,6NR,655,752",,,"Nov 14, 2011",550/1100,,,,,,,,,,
668 - Jet Black,,GEAT - Anthracite/Black Cloth & Leather,,WBSKG9C55CE798107,,E798107,"MSRP.1,2MK,302,403,494,4MY,6FL",,,"Nov 14, 2011",,,,,,,,,,,
300 - Alpine White,,GEAT - Anthracite/Black Cloth & Leather,,WBSKG9C57CE798108,,E798108,"MSRP.1,ZCP,302,322,6FL,771",,,"Nov 14, 2011",,,,,,,,,,,
300 - Alpine White,,NCSW - Black Novillo Leather,,WBSKG9C59CE798109,,E798109,"MSRP.1,ZCP,ZPP.1,2MK,302,403,6FL,6NF,6NR,752",,,"Nov 14, 2011",,,,,,,,,,,
300 - Alpine White,,NDH2 - Fox Red Extended Leather,,WBSKG9C55CE798110,,E798110,"MSRP.1,ZCP,ZCW,ZPP.3,302,6FL,6NF,6NR,655,752",,,"Nov 14, 2011",1100,,,,,,,,,,
668 - Jet Black,,NCSW - Black Novillo Leather,,WBSKG9C57CE798111,,E798111,"MSRP.1,ZCP,ZPP.3,2MK,302,403,494,6FL,6NF,6NR,655,752",,,"Nov 14, 2011",,,,,,,,,,,
300 - Alpine White,,NCH5 - Fox Red/Black Novillo Leather,,WBSKG9C59CE798112,,E798112,"MSRP.1,ZCP,ZPP.3,2MK,302,403,494,6FL,6NF,6NR,655,752",,,"Nov 14, 2011",,,,,,,,,,,
381 - Le Mans Blue Metallic,,NDSW - Black Extended Novillo Leather,,WBSKG9C50CE798113,,E798113,"MSRP.1,ZCP,ZPP.1,302,6FL,752",,,"Nov 14, 2011",550/1100,,,,,,,,,,
668 - Jet Black,,NCH5 - Fox Red/Black Novillo Leather,,WBSKG9C52CE798114,,E798114,"MSRP.1,ZCW,ZPP.3,2MK,2MT.1,302,403,6FL,6NF,6NR,655,752",,,"Nov 14, 2011",,,,,,,,,,,
381 - Le Mans Blue Metallic,,NCSW - Black Novillo Leather,,WBSKG9C54CE798115,,E798115,"MSRP.1,ZCP,ZCW,ZPP.3,2MK,302,403,6FL,6NF,6NR,655,752",,,"Nov 14, 2011",550,,,,,,,,,,
A73 - Jerez Black Metallic,,NCSW - Black Novillo Leather,,WBSKG9C56CE798116,,E798116,"MSRP.1,ZCP,ZPP.3,302,494,6FL,6NF,6NR,655,752",,,"Nov 14, 2011",550,,,,,,,,,,
A73 - Jerez Black Metallic,,NCH4 - Palladium/Black Novillo Leather,,WBSKG9C58CE798117,,E798117,"MSRP.1,ZCP,ZPP.3,2MK,302,494,6FL,6NF,6NR,752",,,"Nov 15, 2011",550,,,,,,,,,,
A73 - Jerez Black Metallic,,NCH3 - Beige Novillo Leather,,WBSKG9C5XCE798118,,E798118,"MSRP.1,ZCP,ZCW,2MK,302,322,415,4MZ,507,609,6FL,6NF,6NR,655,752",,,"Nov 15, 2011",550/950,,CAN,,,,,,,,
A75 - Melbourne Red Metallic,,NCH5 - Fox Red/Black Novillo Leather,,WBSKG9C51CE798119,,E798119,"MSRP.1,ZCP,ZPP.3,2MK,302,494,6FL,6NF,6NR,752",,,"Nov 15, 2011",550,,,,,,,,,,
U94 - Fire Orange 2,,NCSW - Black Novillo Leather,,WBSKG9C58CE798120,,E798120,"MSRP.1,IND,ZCP,ZPP.3,6NR,655,752",,,"Nov 22, 2011",,,,,,,,,,,
U94 - Fire Orange 2,,NCSW - Black Novillo Leather,,WBSKG9C5XCE798121,,E798121,"MSRP.1,IND,ZCP,ZPP.3,2MK,302,494,6FL,655,752",,,"Nov 22, 2011",,,,,,,,,,,
,,NCSW - Black Novillo Leather,,WBSKG9C51CE798122,,E798122,"MSRP.1,ZCP,ZCW,ZPP.3,2MK,655,752",,,"Nov 24, 2011",950,,,,,,,,,,
U91 - Frozen Black ,,NCH5 - Fox Red/Black Novillo Leather,,WBSKG9C53CE798123,,E798123,"MSRP.1,IND,ZCP,ZCW,ZPP.3,2MK,6NR,655,752",,,"Nov 24, 2011",,,,,,,,,,,
448 - Ind. Lauguna Seca Blue,,GEAT - Anthracite/Black Cloth & Leather,,WBSKG9C55CE798124,,E798124,"MSRP.1,IND,ZCP,ZCW,ZPP.3,2MK,655,752",,,"Nov 28, 2011",,,CAN,,,,,,,,
U91 - Frozen Black ,,Z1XX - Unknown Upholstery Code,,WBSKG9C57CE798125,,E798125,"MSRP.1,ZCP,ZPP.3,2MK,302,403,494,6FL,655,752",,,"Nov 28, 2011",,,,,,,,,,,
300 - Alpine White,,NCSW - Black Novillo Leather,,WBSKG9C59CE798126,,E798126,"MSRP.1,ZCP,ZPP.3,2MK,302,6FL,6NF,6NR,655",,,"Nov 15, 2011",,,,,,,,,,,
A52 - Space Gray Metallic,,NDSW - Black Extended Novillo Leather,,WBSKG9C50CE798127,,E798127,"MSRP.1,ZCP,ZPP.3,2MK,302,494,6FL,752",,,"Nov 15, 2011",550/1100,,,,,,,,,,
A52 - Space Gray Metallic,,NCSW - Black Novillo Leather,,WBSKG9C52CE798128,,E798128,"MSRP.1,ZCP,ZCW,2MK,302,322,4MX,609,6FL,655",,,"Nov 15, 2011",550/950,,CAN,,,,,,,,
A75 - Melbourne Red Metallic,,NCH3 - Beige Novillo Leather,,WBSKG9C54CE798129,,E798129,"MSRP.1,ZCP,ZPP.3,2MK,302,494,6FL,6NF,6NR,655,752",,,"Nov 15, 2011",550,,,,,,,,,,
300 - Alpine White,,NCSW - Black Novillo Leather,,WBSKG9C50CE798130,,E798130,"MSRP.1,ZCP,ZPP.3,2MK,302,6FL,6NF,6NR,655,752",,,"Nov 15, 2011",,,,,,,,,,,
300 - Alpine White,,NDSW - Black Extended Novillo Leather,,WBSKG9C52CE798131,,E798131,"MSRP.1,ZCW,2MT.1,302,322,415,4MY,507,609,6FL,6NF,6NR,655,752",,,"Nov 16, 2011",2000,,CAN,,,,,,,,
300 - Alpine White,,GEAT - Anthracite/Black Cloth & Leather,,WBSKG9C54CE798132,,E798132,"MSRP.1,2MK,302,494,507,609,6FL,771",,,"Nov 16, 2011",,,,,,,,,,,
A96 - Mineral White Metallic,,NCSW - Black Novillo Leather,,WBSKG9C56CE798133,,E798133,"MSRP.1,ZCP,ZPP.3,2MK,302,403,494,6FL,6NF,6NR,655,752",,,"Nov 16, 2011",,,,,,,,,,,
668 - Jet Black,,NDH2 - Fox Red Extended Leather,,WBSKG9C58CE798134,,E798134,"MSRP.1,ZCP,ZPP.3,2MK,302,403,494,5AC,6FL,6NF,6NR,655,752",,,"Nov 16, 2011",1100,,,,,,,,,,
A52 - Space Gray Metallic,,NCSW - Black Novillo Leather,,WBSKG9C5XCE798135,,E798135,"MSRP.1,ZCP,ZPP.2,302,403,6FL,655",,,"Nov 16, 2011",550,,,,,,,,,,
A73 - Jerez Black Metallic,,NCH3 - Beige Novillo Leather,,WBSKG9C51CE798136,,E798136,"MSRP.1,ZCP,ZPP.3,2MK,302,403,494,6FL,6NF,6NR,655,752",,,"Nov 16, 2011",550,,,,,,,,,,
A73 - Jerez Black Metallic,,NCH2 - Fox Red Novillo Leather,,WBSKG9C53CE798137,,E798137,"MSRP.1,ZCW,ZPP.3,2MK,2MT.1,302,403,5AC,6FL,6NF,6NR,655,752",,,"Nov 16, 2011",550,,,,,,,,,,
A30 - Interlagos Blue Metallic,,NCSW - Black Novillo Leather,,WBSKG9C55CE798138,,E798138,"MSRP.1,ZCP,ZCW,ZPP.3,302,403,6FL,6NF,6NR,655,752",,,"Nov 16, 2011",550,,,,,,,,,,
A29 - Silverstone Metallic II,,NCH4 - Palladium/Black Novillo Leather,,WBSKG9C57CE798139,,E798139,"MSRP.1,ZCP,ZPP.1,2MK,302,403,6FL,6NF,6NR,655,752",,,"Nov 16, 2011",550,,,,,,,,,,
300 - Alpine White,,NDH2 - Fox Red Extended Leather,,WBSKG9C53CE798140,,E798140,"MSRP.1,ZCP,ZCW,ZPP.3,2MK,302,5AC,6FL,6NF,6NR,655,752",,,"Nov 16, 2011",1100,,,,,,,,,,
A96 - Mineral White Metallic,,NCH4 - Palladium/Black Novillo Leather,,WBSKG9C55CE798141,,E798141,"MSRP.1,ZCP,ZPP.3,2MK,302,494,5AC,6FL,6NF,6NR,655,752",,,"Nov 17, 2011",,,,,,,,,,,
A96 - Mineral White Metallic,,NCH2 - Fox Red Novillo Leather,,WBSKG9C57CE798142,,E798142,"MSRP.1,ZCP,ZCW,2MK,302,322,415,4MY,5AC,609,6FL,6NF,6NR,752",,,"Nov 17, 2011",950,,,,,,,,,,
A96 - Mineral White Metallic,,NCH5 - Fox Red/Black Novillo Leather,,WBSKG9C59CE798143,,E798143,"MSRP.1,ZCP,ZPP.3,302,6FL",,,"Nov 17, 2011",,,,,,,,,,,
A96 - Mineral White Metallic,,NCSW - Black Novillo Leather,,WBSKG9C50CE798144,,E798144,"MSRP.1,ZPP.2,2MK,2MT.1,302,403,6FL,6NF,6NR,655,752",,,"Nov 17, 2011",,,,,,,,,,,
A96 - Mineral White Metallic,,NCSW - Black Novillo Leather,,WBSKG9C52CE798145,,E798145,"MSRP.1,ZCP,ZPP.3,302,6FL",,,"Nov 17, 2011",,,,,,,,,,,
A52 - Space Gray Metallic,,NCSW - Black Novillo Leather,,WBSKG9C54CE798146,,E798146,"MSRP.1,ZCP,ZCW,ZPP.3,2MK,302,403,5AC,6FL,6NF,6NR,655,752",,,"Nov 17, 2011",550,,,,,,,,,,
A96 - Mineral White Metallic,,NDH3 - Beige Novillo Extended Leather,,WBSKG9C56CE798147,,E798147,"MSRP.1,ZPP.2,2MT.1,302,403,494,5AC,6FL,6NF,6NR,655,752",,,"Nov 17, 2011",1100,,,,,,,,,,
A96 - Mineral White Metallic,,NCSW - Black Novillo Leather,,WBSKG9C58CE798148,,E798148,"MSRP.1,ZCP,ZCW,302,322,415,4MX,507,609,6FL,6NF,6NR,655,752",,,"Nov 17, 2011",950,,CAN,,,,,,,,
300 - Alpine White,,NCH5 - Fox Red/Black Novillo Leather,,WBSKG9C5XCE798149,,E798149,"MSRP.1,ZCP,ZCW,ZPP.3,2MK,302,6FL,752",,,"Nov 17, 2011",,,,,,,,,,,
A52 - Space Gray Metallic,,NCSW - Black Novillo Leather,,WBSKG9C56CE798150,,E798150,"MSRP.1,ZCP,ZCW,ZPP.3,2MK,302,403,6FL,6NF,6NR,655,752",,,"Nov 17, 2011",550,,,,,,,,,,
300 - Alpine White,,NDH2 - Fox Red Extended Leather,,WBSKG9C58CE798151,,E798151,"MSRP.1,ZCP,ZCW,2MK,302,322,415,4MY,507,609,6FL,655,752",,,"Nov 17, 2011",2000,,CAN,,,,,,,,
668 - Jet Black,,NCSW - Black Novillo Leather,,WBSKG9C5XCE798152,,E798152,"MSRP.1,ZCP,ZCW,ZPP.1,2MK,302,5AC,6FL,6NF,6NR,655,752",,,"Nov 17, 2011",,,,,,,,,,,
A52 - Space Gray Metallic,,NCH5 - Fox Red/Black Novillo Leather,,WBSKG9C51CE798153,,E798153,"MSRP.1,ZPP.2,2MK,302,403,6FL,6NF,6NR,752",,,"Nov 17, 2011",550,,,,,,,,,,
A29 - Silverstone Metallic II,,NCSW - Black Novillo Leather,,WBSKG9C53CE798154,,E798154,"MSRP.1,ZCP,ZPP.3,2MK,302,494,6FL,6NF,6NR,655,752",,,"Nov 18, 2011",550,,,,,,,,,,
381 - Le Mans Blue Metallic,,NCH1 - Silver Novillo Leather,,WBSKG9C55CE798155,,E798155,"MSRP.1,ZCP,ZPP.3,2MK,302,494,6FL,6NF,6NR,655,752",,,"Nov 18, 2011",550,,,,,,,,,,
668 - Jet Black,,NCSW - Black Novillo Leather,,WBSKG9C57CE798156,,E798156,"MSRP.1,ZPP.3,2MK,302,403,494,6FL,752",,,"Nov 18, 2011",,,,,,,,,,,
A29 - Silverstone Metallic II,,NCSW - Black Novillo Leather,,WBSKG9C59CE798157,,E798157,"MSRP.1,ZCP,ZPP.3,2MK,302,494,6FL,6NF,6NR,655,752",,,"Nov 18, 2011",550,,,,,,,,,,
A29 - Silverstone Metallic II,,NDH3 - Beige Novillo Extended Leather,,WBSKG9C50CE798158,,E798158,"MSRP.1,ZCP,ZPP.2,302,6FL,6NF,6NR,655,752",,,"Nov 18, 2011",550/1100,,,,,,,,,,
A29 - Silverstone Metallic II,,NDSW - Black Extended Novillo Leather,,WBSKG9C52CE798159,,E798159,"MSRP.1,ZCP,ZCW,ZPP.3,302,5AC,6FL,6NF,6NR,655,752",,,"Nov 18, 2011",550/1100,,CAN,,,,,,,,
A29 - Silverstone Metallic II,,NCH4 - Palladium/Black Novillo Leather,,WBSKG9C59CE798160,,E798160,"MSRP.1,ZCW,ZPP.1,2MK,2MT.1,302,5AC,6FL,6NF,6NR,655,752",,,"Nov 18, 2011",550,,,,,,,,,,
A29 - Silverstone Metallic II,,NDSW - Black Extended Novillo Leather,,WBSKG9C50CE798161,,E798161,"MSRP.1,ZPP.1,2MK,2MT.1,302,403,494,6FL,655,752",,,"Nov 18, 2011",550/1100,,,,,,,,,,
668 - Jet Black,,NCSW - Black Novillo Leather,,WBSKG9C52CE798162,,E798162,"MSRP.1,ZCP,ZCW,ZPP.3,2MK,302,403,5AC,6FL,752",,,"Nov 18, 2011",,,,,,,,,,,
A75 - Melbourne Red Metallic,,NCSW - Black Novillo Leather,,WBSKG9C54CE798163,,E798163,"MSRP.1,ZCP,ZPP.2,2MK,302,403,6FL,6NF,6NR,655,752",,,"Nov 18, 2011",550,,,,,,,,,,
300 - Alpine White,,NCSW - Black Novillo Leather,,WBSKG9C56CE798164,,E798164,"MSRP.1,ZCP,2MK,302,494,4MY,655",,,"Nov 18, 2011",950,,,,,,,,,,
300 - Alpine White,,NCSW - Black Novillo Leather,,WBSKG9C58CE798165,,E798165,"MSRP.1,ZCP,302,4MY,609,6FL,6NF,6NR",,,"Nov 19, 2011",950,,,,,,,,,,
300 - Alpine White,,NCSW - Black Novillo Leather,,WBSKG9C5XCE798166,,E798166,"MSRP.1,ZCW,ZPP.3,2MT.1,302,5AC,6FL,6NF,6NR,655,752",,,"Nov 19, 2011",,,,,,,,,,,
300 - Alpine White,,NCH5 - Fox Red/Black Novillo Leather,,WBSKG9C51CE798167,,E798167,"MSRP.1,ZCP,ZPP.3,2MK,302,494,6FL,6NF,6NR,655,752",,,"Nov 19, 2011",,,,,,,,,,,
668 - Jet Black,,NDSW - Black Extended Novillo Leather,,WBSKG9C53CE798168,,E798168,"MSRP.1,ZCP,ZPP.2,2MK,302,494,6FL,6NF,6NR,655,752",,,"Nov 19, 2011",1100,,,,,,,,,,
A52 - Space Gray Metallic,,NCSW - Black Novillo Leather,,WBSKG9C55CE798169,,E798169,"MSRP.1,ZCP,ZPP.3,2MK,302,494,6FL,6NF,6NR",,,"Nov 19, 2011",550,,,,,,,,,,
A52 - Space Gray Metallic,,NCH5 - Fox Red/Black Novillo Leather,,WBSKG9C51CE798170,,E798170,"MSRP.1,ZCP,ZCW,ZPP.3,2MK,302,5AC,6FL,6NF,6NR,655,752",,,"Nov 19, 2011",550,,,,,,,,,,
668 - Jet Black,,NCSW - Black Novillo Leather,,WBSKG9C53CE798171,,E798171,"MSRP.1,ZCP,ZCW,ZPP.3,2MK,302,403,6FL,6NF,6NR,655,752",,,"Nov 19, 2011",,,,,,,,,,,
300 - Alpine White,,NCSW - Black Novillo Leather,,WBSKG9C55CE798172,,E798172,"MSRP.1,ZPP.3,2MK,2MT.1,302,494,6FL,6NF,6NR",,,"Nov 19, 2011",,,,,,,,,,,
A52 - Space Gray Metallic,,NCSW - Black Novillo Leather,,WBSKG9C57CE798173,,E798173,"MSRP.1,ZCP,ZPP.3,2MK,302,494,6FL,6NF,6NR,655,752",,,"Nov 19, 2011",550,,,,,,,,,,
A52 - Space Gray Metallic,,NCSW - Black Novillo Leather,,WBSKG9C59CE798174,,E798174,"MSRP.1,ZCP,ZCW,ZPP.2,2MK,302,6FL,6NF,6NR,655,752",,,"Nov 21, 2011",550,,,,,,,,,,
A73 - Jerez Black Metallic,,NCH4 - Palladium/Black Novillo Leather,,WBSKG9C50CE798175,,E798175,"MSRP.1,ZCP,ZCW,ZPP.3,2MK,302,6FL,6NF,6NR,655,752",,,"Nov 21, 2011",550,,,,,,,,,,
A73 - Jerez Black Metallic,,NCSW - Black Novillo Leather,,WBSKG9C52CE798176,,E798176,"MSRP.1,ZCP,ZPP.3,2MK,302,403,494,6FL,655,752",,,"Nov 21, 2011",550,,,,,,,,,,
A73 - Jerez Black Metallic,,NCSW - Black Novillo Leather,,WBSKG9C54CE798177,,E798177,"MSRP.1,ZCP,ZPP.3,2MK,302,494,6FL,6NF,6NR,655,752",,,"Nov 21, 2011",550,,,,,,,,,,
A73 - Jerez Black Metallic,,NCSW - Black Novillo Leather,,WBSKG9C56CE798178,,E798178,"MSRP.1,ZCP,ZPP.3,302,494,6FL,6NF,6NR,655,752",,,"Nov 21, 2011",550,,,,,,,,,,
A73 - Jerez Black Metallic,,NCSW - Black Novillo Leather,,WBSKG9C58CE798179,,E798179,"MSRP.1,ZCP,ZPP.3,2MK,302,494,6FL,6NF,6NR,655,752",,,"Nov 21, 2011",550,,,,,,,,,,
A73 - Jerez Black Metallic,,NCH2 - Fox Red Novillo Leather,,WBSKG9C54CE798180,,E798180,"MSRP.1,ZCW,ZPP.3,2MT.1,302,6FL,6NF,6NR,655,752",,,"Nov 21, 2011",550,,,,,,,,,,
300 - Alpine White,,NCSW - Black Novillo Leather,,WBSKG9C56CE798181,,E798181,"MSRP.1,ZCP,2MK,302,494,4MY,655",,,"Nov 21, 2011",950,,,,,,,,,,
300 - Alpine White,,GEAT - Anthracite/Black Cloth & Leather,,WBSKG9C58CE798182,,E798182,"MSRP.1,ZCP,302,6FL,771",,,"Nov 21, 2011",,,,,,,,,,,
668 - Jet Black,,NCSW - Black Novillo Leather,,WBSKG9C5XCE798183,,E798183,"MSRP.1,ZCP,ZPP.1,2MK,302,6FL,655,752",,,"Nov 21, 2011",,,,,,,,,,,
668 - Jet Black,,NCSW - Black Novillo Leather,,WBSKG9C51CE798184,,E798184,"MSRP.1,ZCP,ZCW,ZPP.3,2MK,6NR,655,752",,,"Nov 21, 2011",,,,,,,,,,,
A52 - Space Gray Metallic,,NDSW - Black Extended Novillo Leather,,WBSKG9C53CE798185,,E798185,"MSRP.1,ZCP,ZPP.3,2MK,302,494,6FL,6NF,6NR,655,752",,,"Nov 21, 2011",1100,,,,,,,,,,
A30 - Interlagos Blue Metallic,,NCH3 - Beige Novillo Leather,,WBSKG9C55CE798186,,E798186,"MSRP.1,ZCP,ZCW,ZPP.2,302,5AC,6FL,6NF,6NR,655",,,"Nov 21, 2011",550,,,,,,,,,,
300 - Alpine White,,NCH3 - Beige Novillo Leather,,WBSKG9C57CE798187,,E798187,"MSRP.1,ZCP,ZPP.3,2MK,302,403,6FL,6NF,6NR,655,752",,,"Nov 21, 2011",,,,,,,,,,,
300 - Alpine White,,NDH2 - Fox Red Extended Leather,,WBSKG9C59CE798188,,E798188,"MSRP.1,ZCP,ZPP.3,2MK,302,403,494,6FL,6NF,6NR,655,752",,,"Nov 21, 2011",1100,,,,,,,,,,
300 - Alpine White,,NCH3 - Beige Novillo Leather,,WBSKG9C50CE798189,,E798189,"MSRP.1,ZCP,ZPP.3,2MK,302,403,494,6FL,6NF,6NR,655,752",,,"Nov 21, 2011",,,,,,,,,,,
A52 - Space Gray Metallic,,NCH4 - Palladium/Black Novillo Leather,,WBSKG9C57CE798190,,E798190,"MSRP.1,ZCP,ZCW,ZPP.3,2MK,302,403,6FL,6NF,6NR,655",,,"Nov 21, 2011",550,,,,,,,,,,
668 - Jet Black,,NCSW - Black Novillo Leather,,WBSKG9C59CE798191,,E798191,"MSRP.1,ZCP,ZCW,ZPP.3,2MK,302,403,6FL,6NF,6NR,655,752",,,"Nov 22, 2011",,,,,,,,,,,
A96 - Mineral White Metallic,,NCSW - Black Novillo Leather,,WBSKG9C50CE798192,,E798192,"MSRP.1,ZCP,ZPP.3,2MK,302,494,6FL,6NF,6NR,655,752",,,"Nov 22, 2011",,,,,,,,,,,
A96 - Mineral White Metallic,,NCH5 - Fox Red/Black Novillo Leather,,WBSKG9C52CE798193,,E798193,"MSRP.1,ZCP,ZPP.3,2MK,302,494,6FL,6NF,6NR,655,752",,,"Nov 22, 2011",,,,,,,,,,,
668 - Jet Black,,NCSW - Black Novillo Leather,,WBSKG9C54CE798194,,E798194,"MSRP.1,ZCP,ZCW,ZPP.1,2MK,302,5AC,6FL,6NF,6NR,655,752",,,"Nov 22, 2011",,,,,,,,,,,
300 - Alpine White,,NCH2 - Fox Red Novillo Leather,,WBSKG9C56CE798195,,E798195,"MSRP.1,ZCP,2MK,302,4MY,507,655",,,"Nov 22, 2011",950,,,,,,,,,,
300 - Alpine White,,NCSW - Black Novillo Leather,,WBSKG9C58CE798196,,E798196,"MSRP.1,ZCW,302,322,415,4MX,507,6FL,655",,,"Nov 22, 2011",950,,,,,,,,,,
668 - Jet Black,,NCSW - Black Novillo Leather,,WBSKG9C5XCE798197,,E798197,"MSRP.1,ZCP,ZCW,ZPP.3,2MK,302,403,6FL,6NF,6NR,655,752",,,"Nov 22, 2011",,,,,,,,,,,
A75 - Melbourne Red Metallic,,NCH3 - Beige Novillo Leather,,WBSKG9C51CE798198,,E798198,"MSRP.1,302,322,415,4MX,507,6FL,655,752",,,"Nov 22, 2011",550/950,,,,,,,,,,
300 - Alpine White,,NCSW - Black Novillo Leather,,WBSKG9C53CE798199,,E798199,"MSRP.1,ZCP,ZPP.3,2MK,302,6FL,6NF,6NR,655",,,"Nov 22, 2011",,,,,,,,,,,
300 - Alpine White,,NCSW - Black Novillo Leather,,WBSKG9C56CE798200,,E798200,"MSRP.1,302,4MY,609,6FL,6NF,6NR,655",,,"Nov 23, 2011",950,,,,,,,,,,
A96 - Mineral White Metallic,,NCH5 - Fox Red/Black Novillo Leather,,WBSKG9C58CE798201,,E798201,"MSRP.1,ZCP,ZPP.3,2MK,302,494,6FL,6NF,6NR,655,752",,,"Nov 23, 2011",,,,,,,,,,,
A96 - Mineral White Metallic,,NCH3 - Beige Novillo Leather,,WBSKG9C5XCE798202,,E798202,"MSRP.1,ZCP,ZPP.3,2MK,302,494,6FL,6NF,6NR,655,752",,,"Nov 23, 2011",,,,,,,,,,,
668 - Jet Black,,NCSW - Black Novillo Leather,,WBSKG9C51CE798203,,E798203,"MSRP.1,ZPP.3,2MK,302,494,6FL,6NF,6NR,655,752",,,"Nov 23, 2011",,,,,,,,,,,
A73 - Jerez Black Metallic,,NCH2 - Fox Red Novillo Leather,,WBSKG9C53CE798204,,E798204,"MSRP.1,ZCP,ZCW,302,322,403,415,4MX,507,609,6FL,6NF,6NR,655,752",,,"Nov 23, 2011",550/950,,CAN,,,,,,,,
300 - Alpine White,,NCH2 - Fox Red Novillo Leather,,WBSKG9C55CE798205,,E798205,"MSRP.1,ZPP.1,2MK,302,494,6FL,752",,,"Nov 23, 2011",,,,,,,,,,,
A73 - Jerez Black Metallic,,NCH4 - Palladium/Black Novillo Leather,,WBSKG9C57CE798206,,E798206,"MSRP.1,ZCP,ZPP.3,2MK,302,494,6FL,6NF,6NR,655,752",,,"Nov 23, 2011",550,,,,,,,,,,
A73 - Jerez Black Metallic,,NCSW - Black Novillo Leather,,WBSKG9C59CE798207,,E798207,"MSRP.1,ZCP,ZCW,2MK,302,322,415,4MY,507,609,6FL,6NF,6NR,655,752",,,"Nov 23, 2011",550/950,,CAN,,,,,,,,
668 - Jet Black,,NCSW - Black Novillo Leather,,WBSKG9C50CE798208,,E798208,"MSRP.1,ZCP,302,494,6FL,771",,,"Nov 23, 2011",950,,,,,,,,,,
A73 - Jerez Black Metallic,,NCSW - Black Novillo Leather,,WBSKG9C52CE798209,,E798209,"MSRP.1,ZCW,2MK,2MT.1,302,322,403,415,4MX,507,609,6FL,6NF,6NR,655,752",,,"Nov 23, 2011",550/950,,CAN,,,,,,,,
A52 - Space Gray Metallic,,NDSW - Black Extended Novillo Leather,,WBSKG9C59CE798210,,E798210,"MSRP.1,ZCP,ZCW,ZPP.3,302,6FL,655,752",,,"Nov 23, 2011",550/1100,,,,,,,,,,
A73 - Jerez Black Metallic,,NCH2 - Fox Red Novillo Leather,,WBSKG9C50CE798211,,E798211,"MSRP.1,ZCP,ZCW,302,322,403,415,4MX,507,609,6FL,6NF,6NR,655,752",,,"Nov 23, 2011",550/950,,CAN,,,,,,,,
300 - Alpine White,,NCH5 - Fox Red/Black Novillo Leather,,WBSKG9C52CE798212,,E798212,"MSRP.1,ZCP,ZCW,ZPP.3,2MK,302,6FL,6NF,6NR",,,"Nov 23, 2011",,,,,,,,,,,
A29 - Silverstone Metallic II,,NCSW - Black Novillo Leather,,WBSKG9C54CE798213,,E798213,"MSRP.1,ZCP,2MK,302,322,403,415,494,4MY,507,655",,,"Nov 23, 2011",550/950,,,,,,,,,,
A73 - Jerez Black Metallic,,NCH4 - Palladium/Black Novillo Leather,,WBSKG9C56CE798214,,E798214,"MSRP.1,ZCP,ZPP.3,2MK,302,494,6FL,6NF,6NR,752",,,"Nov 24, 2011",550,,,,,,,,,,
668 - Jet Black,,NCSW - Black Novillo Leather,,WBSKG9C58CE798215,,E798215,"MSRP.1,ZCP,ZPP.3,2MK,302,494,6FL,6NF,6NR,655",,,"Nov 24, 2011",,,,,,,,,,,
668 - Jet Black,,NCSW - Black Novillo Leather,,WBSKG9C5XCE798216,,E798216,"MSRP.1,ZCP,ZPP.3,2MK,302,6FL,6NF,6NR,752",,,"Nov 24, 2011",,,,,,,,,,,
381 - Le Mans Blue Metallic,,NCSW - Black Novillo Leather,,WBSKG9C51CE798217,,E798217,"MSRP.1,2MK,2MT.1,302,322,403,415,494,4MY,507,6FL",,,"Nov 24, 2011",550/950,,,,,,,,,,
668 - Jet Black,,NCSW - Black Novillo Leather,,WBSKG9C53CE798218,,E798218,"MSRP.1,ZCP,ZPP.1,302,6FL,6NF,6NR,752",,,"Nov 24, 2011",,,,,,,,,,,
A96 - Mineral White Metallic,,NCSW - Black Novillo Leather,,WBSKG9C55CE798219,,E798219,"MSRP.1,ZCP,ZPP.3,2MK,302,494,6FL,6NF,6NR,655,752",,,"Nov 24, 2011",,,,,,,,,,,
300 - Alpine White,,NDH2 - Fox Red Extended Leather,,WBSKG9C51CE798220,,E798220,"MSRP.1,ZCP,ZCW,ZPP.3,2MK,302,5AC,6FL,6NF,6NR,655,752",,,"Nov 24, 2011",1100,,,,,,,,,,
300 - Alpine White,,NCH2 - Fox Red Novillo Leather,,WBSKG9C53CE798221,,E798221,"MSRP.1,ZCP,ZCW,ZPP.3,2MK,302,6FL,6NF,6NR,655",,,"Nov 24, 2011",,,,,,,,,,,
300 - Alpine White,,NDSW - Black Extended Novillo Leather,,WBSKG9C55CE798222,,E798222,"MSRP.1,ZCP,ZPP.3,2MK,302,494,6FL,6NF,6NR,655,752",,,"Nov 24, 2011",1100,,,,,,,,,,
300 - Alpine White,,NCSW - Black Novillo Leather,,WBSKG9C57CE798223,,E798223,"MSRP.1,2MK,302,4MY,609,6FL,655",,,"Nov 24, 2011",950,,,,,,,,,,
381 - Le Mans Blue Metallic,,NCH4 - Palladium/Black Novillo Leather,,WBSKG9C59CE798224,,E798224,"MSRP.1,ZCP,ZPP.3,2MK,302,6FL,6NF,6NR,655",,,"Nov 25, 2011",550,,,,,,,,,,
381 - Le Mans Blue Metallic,,NCSW - Black Novillo Leather,,WBSKG9C50CE798225,,E798225,"MSRP.1,ZCP,ZCW,ZPP.3,2MK,302,5AC,6FL,6NF,6NR,655,752",,,"Nov 25, 2011",550,,,,,,,,,,
300 - Alpine White,,NCSW - Black Novillo Leather,,WBSKG9C52CE798226,,E798226,"MSRP.1,ZCP,ZCW,ZPP.2,2MK,302,403,6FL,6NF,6NR,655,752",,,"Nov 25, 2011",,,,,,,,,,,
A52 - Space Gray Metallic,,NCH5 - Fox Red/Black Novillo Leather,,WBSKG9C54CE798227,,E798227,"MSRP.1,ZCP,ZPP.2,2MK,302,403,494,5AC,6FL,655,752",,,"Nov 25, 2011",550,,,,,,,,,,
A96 - Mineral White Metallic,,NCSW - Black Novillo Leather,,WBSKG9C56CE798228,,E798228,"MSRP.1,ZCP,2MK,302,322,415,494,4MZ,507,752",,,"Nov 25, 2011",950,,,,,,,,,,
A52 - Space Gray Metallic,,NCH2 - Fox Red Novillo Leather,,WBSKG9C58CE798229,,E798229,"MSRP.1,ZCP,2MK,302,322,415,494,4MX,507,752",,,"Nov 25, 2011",550/950,,,,,,,,,,
300 - Alpine White,,NCH4 - Palladium/Black Novillo Leather,,WBSKG9C54CE798230,,E798230,"MSRP.1,ZCP,ZPP.3,2MK,302,494,6FL,6NF,6NR,655",,,"Nov 25, 2011",,,,,,,,,,,
300 - Alpine White,,NCH2 - Fox Red Novillo Leather,,WBSKG9C56CE798231,,E798231,"MSRP.1,ZCP,ZCW,ZPP.3,302,6FL",,,"Nov 25, 2011",,,,,,,,,,,
668 - Jet Black,,NCH5 - Fox Red/Black Novillo Leather,,WBSKG9C58CE798232,,E798232,"MSRP.1,ZCP,ZPP.3,2MK,302,494,6FL,6NF,6NR,655,752",,,"Nov 25, 2011",,,,,,,,,,,
668 - Jet Black,,NCSW - Black Novillo Leather,,WBSKG9C5XCE798233,,E798233,"MSRP.1,ZCP,2MK,322,415,494,4MY,507,609,6FL,6NF,6NR,752",,,"Nov 25, 2011",950,,,,,,,,,,
A73 - Jerez Black Metallic,,NCSW - Black Novillo Leather,,WBSKG9C51CE798234,,E798234,"MSRP.1,ZCP,ZCW,ZPP.3,2MK,302,6FL,752",,,"Nov 25, 2011",550,,,,,,,,,,
A73 - Jerez Black Metallic,,GEAT - Anthracite/Black Cloth & Leather,,WBSKG9C53CE798235,,E798235,"MSRP.1,ZCP,ZCW,2MK,302,322,415,4MX,507,609,6FL,6NF,6NR",,,"Nov 25, 2011",550,,,,,,,,,,
300 - Alpine White,,NCSW - Black Novillo Leather,,WBSKG9C55CE798236,,E798236,"MSRP.1,ZPP.3,2MK,2MT.1,302,494,6FL,6NF,6NR,655,752",,,"Nov 26, 2011",,,,,,,,,,,
A52 - Space Gray Metallic,,NCSW - Black Novillo Leather,,WBSKG9C57CE798237,,E798237,"MSRP.1,ZCP,ZPP.3,2MK,302,403,494,6FL,6NF,6NR,655,752",,,"Nov 26, 2011",550,,,,,,,,,,
A73 - Jerez Black Metallic,,NCH2 - Fox Red Novillo Leather,,WBSKG9C59CE798238,,E798238,"MSRP.1,ZCW,ZPP.3,2MK,2MT.1,302,403,6FL,6NF,6NR,655,752",,,"Nov 26, 2011",550,,,,,,,,,,
A96 - Mineral White Metallic,,NCH5 - Fox Red/Black Novillo Leather,,WBSKG9C50CE798239,,E798239,"MSRP.1,ZCP,ZPP.3,2MK,302,494,6FL,6NF,6NR,655",,,"Nov 26, 2011",,,,,,,,,,,
A73 - Jerez Black Metallic,,NCSW - Black Novillo Leather,,WBSKG9C57CE798240,,E798240,"MSRP.1,ZCP,ZCW,ZPP.3,2MK,302,403,5AC,6FL,6NF,6NR,655,752",,,"Nov 26, 2011",550,,,,,,,,,,
300 - Alpine White,,NCSW - Black Novillo Leather,,WBSKG9C59CE798241,,E798241,"MSRP.1,ZCP,2MK,302,494,4MY,6FL,655",,,"Nov 26, 2011",950,,,,,,,,,,
A52 - Space Gray Metallic,,NCH1 - Silver Novillo Leather,,WBSKG9C50CE798242,,E798242,"MSRP.1,302,322,403,415,494,4MX,507,655",,,"Nov 26, 2011",550/950,,,,,,,,,,
A73 - Jerez Black Metallic,,NCH3 - Beige Novillo Leather,,WBSKG9C52CE798243,,E798243,"MSRP.1,ZCP,ZPP.3,2MK,302,6FL,655",,,"Nov 26, 2011",550,,,,,,,,,,
A73 - Jerez Black Metallic,,NCH1 - Silver Novillo Leather,,WBSKG9C54CE798244,,E798244,"MSRP.1,ZCP,ZPP.1,2MK,302,494,6FL,6NF,6NR,655",,,"Nov 28, 2011",550,,,,,,,,,,
300 - Alpine White,,NCSW - Black Novillo Leather,,WBSKG9C56CE798245,,E798245,"MSRP.1,ZCP,ZCW,ZPP.3,302,403,6FL,6NF,6NR,655,752",,,"Nov 28, 2011",,,,,,,,,,,
A73 - Jerez Black Metallic,,NCH5 - Fox Red/Black Novillo Leather,,WBSKG9C58CE798246,,E798246,"MSRP.1,ZCP,ZPP.3,2MK,302,494,6FL,655,752",,,"Nov 28, 2011",550,,,,,,,,,,
668 - Jet Black,,NCH5 - Fox Red/Black Novillo Leather,,WBSKG9C5XCE798247,,E798247,"MSRP.1,ZCP,ZPP.3,2MK,302,494,5AC,6FL,6NF,6NR,655,752",,,"Nov 28, 2011",,,,,,,,,,,
668 - Jet Black,,NCH5 - Fox Red/Black Novillo Leather,,WBSKG9C51CE798248,,E798248,"MSRP.1,ZCP,ZPP.1,302,494,6FL,6NF,6NR,655,752",,,"Nov 28, 2011",,,,,,,,,,,
A96 - Mineral White Metallic,,NCH2 - Fox Red Novillo Leather,,WBSKG9C53CE798249,,E798249,"MSRP.1,ZCP,2MK,302,322,415,4MX,507",,,"Nov 28, 2011",950,,,,,,,,,,
300 - Alpine White,,NCH5 - Fox Red/Black Novillo Leather,,WBSKG9C5XCE798250,,E798250,"MSRP.1,ZCP,ZCW,ZPP.3,2MK,302,6FL,6NF,6NR,655,752",,,"Nov 28, 2011",,,,,,,,,,,
300 - Alpine White,,NDH3 - Beige Novillo Extended Leather,,WBSKG9C51CE798251,,E798251,"MSRP.1,ZCP,ZCW,ZPP.2,302,5AC,6FL,6NF,6NR,655,752",,,"Nov 28, 2011",1100,,,,,,,,,,
381 - Le Mans Blue Metallic,,NDSW - Black Extended Novillo Leather,,WBSKG9C53CE798252,,E798252,"MSRP.1,ZCP,ZPP.3,302,494,6FL,6NF,6NR,752",,,"Nov 28, 2011",550/1100,,,,,,,,,,
300 - Alpine White,,NCH2 - Fox Red Novillo Leather,,WBSKG9C55CE798253,,E798253,"MSRP.1,ZCP,ZCW,302,322,415,4MY,507,609,6FL,6NF,6NR,655,752",,,"Nov 28, 2011",950,,CAN,,,,,,,,
A75 - Melbourne Red Metallic,,NCSW - Black Novillo Leather,,WBSKG9C57CE798254,,E798254,"MSRP.1,ZCP,ZPP.3,302,6FL,6NF,6NR",,,"Nov 28, 2011",550,,,,,,,,,,
A52 - Space Gray Metallic,,NCSW - Black Novillo Leather,,WBSKG9C59CE798255,,E798255,"MSRP.1,ZCW,ZPP.3,2MK,2MT.1,302,403,6FL,6NF,6NR,655,752",,,"Nov 28, 2011",550,,,,,,,,,,
300 - Alpine White,,NCH2 - Fox Red Novillo Leather,,WBSKG9C50CE798256,,E798256,"MSRP.1,ZCP,ZPP.3,2MK,302,403,494,6FL,6NF,6NR,655,752",,,"Nov 29, 2011",,,,,,,,,,,
381 - Le Mans Blue Metallic,,NCSW - Black Novillo Leather,,WBSKG9C52CE798257,,E798257,"MSRP.1,ZCP,ZCW,ZPP.3,2MK,302,5AC,6FL,6NF,6NR,655,752",,,"Nov 29, 2011",550,,,,,,,,,,
A96 - Mineral White Metallic,,NDSW - Black Extended Novillo Leather,,WBSKG9C54CE798258,,E798258,"MSRP.1,ZCP,ZCW,ZPP.3,2MK,302,6FL,6NF,6NR,655,752",,,"Nov 29, 2011",1100,,,,,,,,,,
A73 - Jerez Black Metallic,,NCSW - Black Novillo Leather,,WBSKG9C56CE798259,,E798259,"MSRP.1,ZCP,ZCW,ZPP.3,302,6FL,655",,,"Nov 29, 2011",550,,,,,,,,,,
A73 - Jerez Black Metallic,,NCSW - Black Novillo Leather,,WBSKG9C52CE798260,,E798260,"MSRP.1,ZCW,ZPP.2,302,403,6FL,655",,,"Nov 29, 2011",550,,,,,,,,,,
A73 - Jerez Black Metallic,,NCSW - Black Novillo Leather,,WBSKG9C54CE798261,,E798261,"MSRP.1,ZCP,ZPP.3,2MK,302,403,494,6FL,6NF,6NR,655,752",,,"Nov 29, 2011",550,,,,,,,,,,
A73 - Jerez Black Metallic,,NCSW - Black Novillo Leather,,WBSKG9C56CE798262,,E798262,"MSRP.1,ZCP,ZPP.3,302,403,494,6FL,6NF,6NR",,,"Nov 29, 2011",550,,,,,,,,,,
300 - Alpine White,,NCH2 - Fox Red Novillo Leather,,WBSKG9C58CE798263,,E798263,"MSRP.1,ZCP,ZPP.3,302,494,6FL,6NF,6NR,655,752",,,"Nov 29, 2011",,,,,,,,,,,
300 - Alpine White,,NCSW - Black Novillo Leather,,WBSKG9C5XCE798264,,E798264,"MSRP.1,ZCP,ZPP.3,2MK,302,494,6FL,6NF,6NR,752",,,"Nov 29, 2011",,,,,,,,,,,
A30 - Interlagos Blue Metallic,,NCSW - Black Novillo Leather,,WBSKG9C51CE798265,,E798265,"MSRP.1,ZCP,302,494,609,6FL,771",,,"Nov 29, 2011",550/950,,,,,,,,,,
A29 - Silverstone Metallic II,,NCSW - Black Novillo Leather,,WBSKG9C53CE798266,,E798266,"MSRP.1,302,322,403,415,4MX,507",,,"Nov 30, 2011",550/950,,,,,,,,,,
A30 - Interlagos Blue Metallic,,NDH1 - Silver Novillo Extended Leather,,WBSKG9C55CE798267,,E798267,"MSRP.1,ZPP.2,2MK,2MT.1,302,403,6FL,655,752",,,"Nov 30, 2011",550/1100,,,,,,,,,,
A96 - Mineral White Metallic,,NCSW - Black Novillo Leather,,WBSKG9C57CE798268,,E798268,"MSRP.1,ZCW,ZPP.3,2MK,2MT.1,302,6FL,6NF,6NR",,,"Dec 1, 2011",,,,,,,,,,,
300 - Alpine White,,NDH2 - Fox Red Extended Leather,,WBSKG9C59CE798269,,E798269,"MSRP.1,ZCW,ZPP.3,302,6FL,6NF,6NR,655,752",,,"Dec 1, 2011",1100,,,,,,,,,,
B05 - Monte Carlo Blue,,NCSW - Black Novillo Leather,,WBSKG9C55CE798270,,E798270,"MSRP.1,IND,ZCP,ZPP.3,494,6NR,655,752",,,"Dec 14, 2011",,,,,,,,,,,
300 - Alpine White,,NCH2 - Fox Red Novillo Leather,,WBSKG9C57CE798271,,E798271,"MSRP.1,2MT.1,302,4MZ,609,6FL",,,"Dec 1, 2011",950,,,,,,,,,,
A52 - Space Gray Metallic,,NCSW - Black Novillo Leather,,WBSKG9C59CE798272,,E798272,"MSRP.1,302,322,415,4MY,609,6FL,655,752",,,"Dec 2, 2011",550/950,,,,,,,,,,
A52 - Space Gray Metallic,,GEAT - Anthracite/Black Cloth & Leather,,WBSKG9C50CE798273,,E798273,"MSRP.1,ZCP,2MK,302,507,6FL,771",,,"Dec 3, 2011",550,,,,,,,,,,
300 - Alpine White,,NDH2 - Fox Red Extended Leather,,WBSKG9C52CE798274,,E798274,"MSRP.1,ZPP.3,2MK,2MT.1,302,6FL,6NF,6NR,655",,,"Dec 3, 2011",1100,,,,,,,,,,
A52 - Space Gray Metallic,,NCH2 - Fox Red Novillo Leather,,WBSKG9C54CE798275,,E798275,"MSRP.1,ZPP.3,302,6FL",,,"Dec 3, 2011",550,,,,,,,,,,
A96 - Mineral White Metallic,,NCSW - Black Novillo Leather,,WBSKG9C56CE798276,,E798276,"MSRP.1,ZCP,ZPP.3,2MK,302,494,6FL,6NF,6NR",,,"Dec 5, 2011",,,,,,,,,,,
A30 - Interlagos Blue Metallic,,NCH1 - Silver Novillo Leather,,WBSKG9C58CE798277,,E798277,"MSRP.1,ZCP,ZCW,ZPP.1,302,403,6FL,655,752",,,"Dec 5, 2011",550,,,,,,,,,,
A96 - Mineral White Metallic,,NCSW - Black Novillo Leather,,WBSKG9C5XCE798278,,E798278,"MSRP.1,ZCP,ZPP.3,2MK,302,6FL,6NF,6NR,655,752",,,"Dec 5, 2011",,,,,,,,,,,
A52 - Space Gray Metallic,,NCH2 - Fox Red Novillo Leather,,WBSKG9C51CE798279,,E798279,"MSRP.1,ZCP,ZCW,ZPP.3,2MK,302,5AC,6FL,6NF,6NR,752",,,"Dec 5, 2011",550,,,,,,,,,,
A73 - Jerez Black Metallic,,NDH2 - Fox Red Extended Leather,,WBSKG9C58CE798280,,E798280,"MSRP.1,ZCP,ZCW,ZPP.3,302,403,6FL,6NF,6NR,655,752",,,"Dec 5, 2011",550/1100,,,,,,,,,,
300 - Alpine White,,NCSW - Black Novillo Leather,,WBSKG9C5XCE798281,,E798281,"MSRP.1,ZCP,ZCW,ZPP.3,302,6FL,6NF,6NR",,,"Dec 5, 2011",,,,,,,,,,,
668 - Jet Black,,NCH5 - Fox Red/Black Novillo Leather,,WBSKG9C51CE798282,,E798282,"MSRP.1,ZCP,ZPP.3,2MK,302,494,6FL,6NF,6NR,655,752",,,"Dec 5, 2011",,,,,,,,,,,
300 - Alpine White,,NCSW - Black Novillo Leather,,WBSKG9C53CE798283,,E798283,"MSRP.1,ZCP,ZPP.3,2MK,302,403,6FL,6NF,6NR,655,752",,,"Dec 5, 2011",,,,,,,,,,,
A52 - Space Gray Metallic,,NDSW - Black Extended Novillo Leather,,WBSKG9C55CE798284,,E798284,"MSRP.1,ZCP,ZPP.2,302,403,494,6FL,655,752",,,"Dec 5, 2011",550/1100,,,,,,,,,,
668 - Jet Black,,NCSW - Black Novillo Leather,,WBSKG9C57CE798285,,E798285,"MSRP.1,ZCP,ZPP.3,2MK,302,403,6FL,6NF,6NR,655,752",,,"Dec 6, 2011",,,,,,,,,,,
668 - Jet Black,,NCSW - Black Novillo Leather,,WBSKG9C59CE798286,,E798286,"MSRP.1,ZCP,ZPP.3,2MK,302,403,6FL,6NF,6NR,752",,,"Dec 6, 2011",,,,,,,,,,,
A96 - Mineral White Metallic,,NCH5 - Fox Red/Black Novillo Leather,,WBSKG9C50CE798287,,E798287,"MSRP.1,ZCP,ZCW,ZPP.1,2MK,302,6FL,6NF,6NR,655,752",,,"Dec 6, 2011",,,,,,,,,,,
A96 - Mineral White Metallic,,NCSW - Black Novillo Leather,,WBSKG9C52CE798288,,E798288,"MSRP.1,ZCP,ZPP.3,2MK,302,6FL,6NF,6NR,752",,,"Dec 6, 2011",,,,,,,,,,,
668 - Jet Black,,NCSW - Black Novillo Leather,,WBSKG9C54CE798289,,E798289,"MSRP.1,ZCP,ZCW,ZPP.3,2MK,302,5AC,6FL,6NF,6NR,655,752",,,"Dec 6, 2011",,,,,,,,,,,
A52 - Space Gray Metallic,,NCH2 - Fox Red Novillo Leather,,WBSKG9C50CE798290,,E798290,"MSRP.1,ZCP,ZCW,ZPP.3,2MK,302,5AC,6FL,6NF,6NR,655,752",,,"Dec 6, 2011",550,,,,,,,,,,
668 - Jet Black,,NCSW - Black Novillo Leather,,WBSKG9C52CE798291,,E798291,"MSRP.1,ZCP,ZCW,ZPP.3,2MK,302,6FL,6NF,6NR,655,752",,,"Dec 6, 2011",,,,,,,,,,,
300 - Alpine White,,NCH1 - Silver Novillo Leather,,WBSKG9C54CE798292,,E798292,"MSRP.1,ZPP.3,302,403,494,6FL,6NF,6NR,752",,,"Dec 6, 2011",,,,,,,,,,,
A96 - Mineral White Metallic,,NCH5 - Fox Red/Black Novillo Leather,,WBSKG9C56CE798293,,E798293,"MSRP.1,ZCP,ZPP.3,302,6FL,6NF,6NR,752",,,"Dec 6, 2011",,,,,,,,,,,
A96 - Mineral White Metallic,,NCH5 - Fox Red/Black Novillo Leather,,WBSKG9C58CE798294,,E798294,"MSRP.1,ZCP,ZPP.3,2MK,302,494,6FL,6NF,6NR,655,752",,,"Dec 6, 2011",,,,,,,,,,,
668 - Jet Black,,NCSW - Black Novillo Leather,,WBSKG9C5XCE798295,,E798295,"MSRP.1,ZCP,ZPP.3,2MK,302,403,6FL,6NF,6NR,655,752",,,"Dec 6, 2011",,,,,,,,,,,
A75 - Melbourne Red Metallic,,NCSW - Black Novillo Leather,,WBSKG9C51CE798296,,E798296,"MSRP.1,ZCP,ZPP.3,2MK,302,494,6FL,6NF,6NR,655",,,"Dec 6, 2011",550,,,,,,,,,,
668 - Jet Black,,NCSW - Black Novillo Leather,,WBSKG9C53CE798297,,E798297,"MSRP.1,ZCP,ZPP.3,2MK,302,403,6FL,6NF,6NR,655,752",,,"Dec 6, 2011",,,,,,,,,,,
668 - Jet Black,,NCSW - Black Novillo Leather,,WBSKG9C55CE798298,,E798298,"MSRP.1,ZCP,ZPP.3,2MK,302,403,6FL,6NF,6NR,655,752",,,"Dec 7, 2011",,,,,,,,,,,
668 - Jet Black,,NCSW - Black Novillo Leather,,WBSKG9C57CE798299,,E798299,"MSRP.1,ZCP,ZPP.3,2MK,302,403,6FL,6NF,6NR,655,752",,,"Dec 7, 2011",,,,,,,,,,,
668 - Jet Black,,NCSW - Black Novillo Leather,,WBSKG9C5XCE798300,,E798300,"MSRP.1,ZCP,ZPP.3,2MK,302,403,6FL,6NF,6NR,655,752",,,"Dec 7, 2011",,,,,,,,,,,
A73 - Jerez Black Metallic,,NDSW - Black Extended Novillo Leather,,WBSKG9C51CE798301,,E798301,"MSRP.1,ZCP,ZCW,ZPP.1,302,403,5AC,6FL,6NF,6NR,655,752",,,"Dec 7, 2011",550/1100,,,,,,,,,,
A96 - Mineral White Metallic,,NCH2 - Fox Red Novillo Leather,,WBSKG9C53CE798302,,E798302,"MSRP.1,ZCP,ZPP.1,2MK,302,6FL",,,"Dec 7, 2011",,,,,,,,,,,
A75 - Melbourne Red Metallic,,NCSW - Black Novillo Leather,,WBSKG9C55CE798303,,E798303,"MSRP.1,302,322,609,6FL,6NF,6NR,771",,,"Dec 7, 2011",550/950,,,,,,,,,,
668 - Jet Black,,NCSW - Black Novillo Leather,,WBSKG9C57CE798304,,E798304,"MSRP.1,ZCP,ZPP.3,2MK,302,403,6FL,6NF,6NR,655,752",,,"Dec 8, 2011",,,,,,,,,,,
300 - Alpine White,,NCSW - Black Novillo Leather,,WBSKG9C59CE798305,,E798305,"MSRP.1,ZCP,ZPP.3,2MK,302,6FL,6NF,6NR,655,752",,,"Dec 9, 2011",,,,,,,,,,,
A52 - Space Gray Metallic,,NDH2 - Fox Red Extended Leather,,WBSKG9C50CE798306,,E798306,"MSRP.1,ZCP,ZPP.3,2MK,302,6FL,655,752",,,"Dec 8, 2011",550/1100,,,,,,,,,,
300 - Alpine White,,NCSW - Black Novillo Leather,,WBSKG9C52CE798307,,E798307,"MSRP.1,ZCP,ZPP.3,2MK,302,6FL,6NF,6NR,655,752",,,"Dec 9, 2011",,,,,,,,,,,
A52 - Space Gray Metallic,,NCH5 - Fox Red/Black Novillo Leather,,WBSKG9C54CE798308,,E798308,"MSRP.1,ZCP,ZPP.3,302,494,6FL,6NF,6NR,655,752",,,12-8-2011,550,,,,,,,,,,
300 - Alpine White,,NCSW - Black Novillo Leather,,WBSKG9C56CE798309,,E798309,"MSRP.1,ZCP,ZPP.3,302,494,6FL,6NF,6NR,655",,,12-8-2011,,,,,,,,,,,
300 - Alpine White,,NCSW - Black Novillo Leather,,WBSKG9C52CE798310,,E798310,"MSRP.1,ZCP,ZPP.3,2MK,302,403,6FL,6NF,6NR,655,752",,,"Dec 7, 2011",,,,,,,,,,,
300 - Alpine White,,NCSW - Black Novillo Leather,,WBSKG9C54CE798311,,E798311,"MSRP.1,ZCP,ZPP.3,2MK,302,403,6FL,6NF,6NR,655,752",,,"Dec 7, 2011",,,,,,,,,,,
300 - Alpine White,,NCSW - Black Novillo Leather,,WBSKG9C56CE798312,,E798312,"MSRP.1,ZCP,ZPP.3,2MK,302,403,6FL,6NF,6NR,655,752",,,"Dec 7, 2011",,,,,,,,,,,
300 - Alpine White,,NCSW - Black Novillo Leather,,WBSKG9C58CE798313,,E798313,"MSRP.1,ZCP,ZPP.3,2MK,302,403,6FL,6NF,6NR,655,752",,,"Dec 7, 2011",,,,,,,,,,,
300 - Alpine White,,NCSW - Black Novillo Leather,,WBSKG9C5XCE798314,,E798314,"MSRP.1,ZCP,ZPP.3,2MK,302,403,6FL,6NF,6NR,655,752",,,"Dec 8, 2011",,,,,,,,,,,
300 - Alpine White,,NCSW - Black Novillo Leather,,WBSKG9C51CE798315,,E798315,"MSRP.1,ZCP,ZPP.3,2MK,302,403,6FL,6NF,6NR,655,752",,,"Dec 8, 2011",,,,,,,,,,,
300 - Alpine White,,NCSW - Black Novillo Leather,,WBSKG9C53CE798316,,E798316,"MSRP.1,ZCP,ZPP.3,2MK,302,403,6FL,6NF,6NR,655,752",,,"Dec 8, 2011",,,,,,,,,,,
300 - Alpine White,,NCSW - Black Novillo Leather,,WBSKG9C55CE798317,,E798317,"MSRP.1,ZCP,ZPP.3,2MK,302,403,6FL,6NF,6NR,655,752",,,"Dec 8, 2011",,,,,,,,,,,
300 - Alpine White,,NCSW - Black Novillo Leather,,WBSKG9C57CE798318,,E798318,"MSRP.1,ZCP,ZPP.3,2MK,302,403,6FL,6NF,6NR,655,752",,,"Dec 8, 2011",,,,,,,,,,,
300 - Alpine White,,NCSW - Black Novillo Leather,,WBSKG9C59CE798319,,E798319,"MSRP.1,ZCP,ZPP.3,2MK,302,403,6FL,6NF,6NR,655,752",,,"Dec 8, 2011",,,,,,,,,,,
668 - Jet Black,,NCSW - Black Novillo Leather,,WBSKG9C55CE798320,,E798320,"MSRP.1,ZPP.3,2MK,2MT.1,302,6FL,655,752",,,"Dec 9, 2011",,,,,,,,,,,
300 - Alpine White,,NCSW - Black Novillo Leather,,WBSKG9C57CE798321,,E798321,"MSRP.1,ZCP,ZCW,ZPP.3,2MK,302,6FL,6NF,6NR,655,752",,,"Dec 12, 2011",,,,,,,,,,,
300 - Alpine White,,NCSW - Black Novillo Leather,,WBSKG9C59CE798322,,E798322,"MSRP.1,ZCP,ZPP.1,2MK,302,494,6FL,6NF,6NR,655,752",,,"Dec 9, 2011",,,,,,,,,,,
448 - Ind. Lauguna Seca Blue,,GEAT - Anthracite/Black Cloth & Leather,,WBSKG9C50CE798323,,E798323,"MSRP.1,IND,2MK,2MT.1,302,494,4MY,507,6FL",,,"Dec 19, 2011",,,,,,,,,,,
U94 - Fire Orange 2,,Z1XX - Unknown Upholstery Code,,WBSKG9C52CE798324,,E798324,"MSRP.1,IND,ZCP,ZPP.3,2MK,494,5AC,6NR,655,752",,,"Dec 20, 2011",,,,,,,,,,,
U96 - Speed Yellow,,NCSW - Black Novillo Leather,,WBSKG9C54CE798325,,E798325,"MSRP.1,IND,ZCP,ZPP.3,2MK,494,6NR,752",,,"Dec 19, 2011",,,,,,,,,,,
300 - Alpine White,,NCH1 - Silver Novillo Leather,,WBSKG9C56CE798326,,E798326,"MSRP.1,ZCP,2MK,302,4MX,6FL",,,"Dec 12, 2011",950,,,,,,,,,,
A96 - Mineral White Metallic,,NCH2 - Fox Red Novillo Leather,,WBSKG9C58CE798327,,E798327,"MSRP.1,ZPP.3,2MK,2MT.1,302,6FL",,,"Dec 12, 2011",,,,,,,,,,,
300 - Alpine White,,NCSW - Black Novillo Leather,,WBSKG9C5XCE798328,,E798328,"MSRP.1,ZCP,302,322,6FL,771",,,"Dec 12, 2011",950,,,,,,,,,,
668 - Jet Black,,NCSW - Black Novillo Leather,,WBSKG9C51CE798329,,E798329,"MSRP.1,ZCP,ZPP.3,2MK,302,403,6FL,6NF,6NR,655,752",,,"Dec 12, 2011",,,,,,,,,,,
300 - Alpine White,,NDSW - Black Extended Novillo Leather,,WBSKG9C58CE798330,,E798330,"MSRP.1,ZCP,ZPP.3,2MK,302,494,6FL,6NF,6NR,655,752",,,"Dec 12, 2011",1100,,,,,,,,,,
A29 - Silverstone Metallic II,,NCH4 - Palladium/Black Novillo Leather,,WBSKG9C5XCE798331,,E798331,"MSRP.1,ZCP,ZPP.3,2MK,302,494,6FL,6NF,6NR,655,752",,,"Dec 12, 2011",550,,,,,,,,,,
668 - Jet Black,,NCSW - Black Novillo Leather,,WBSKG9C51CE798332,,E798332,"MSRP.1,ZCP,ZPP.3,2MK,302,403,6FL,6NF,6NR,655,752",,,"Dec 12, 2011",,,,,,,,,,,
A52 - Space Gray Metallic,,NCSW - Black Novillo Leather,,WBSKG9C53CE798333,,E798333,"MSRP.1,ZCP,ZCW,ZPP.2,2MK,302,403,5AC,6FL,6NF,6NR,655,752",,,"Dec 12, 2011",550,,,,,,,,,,
668 - Jet Black,,NCH5 - Fox Red/Black Novillo Leather,,WBSKG9C55CE798334,,E798334,"MSRP.1,2MK,2MT.1,302,403,4MY,609,6FL,655",,,"Dec 12, 2011",950,,,,,,,,,,
668 - Jet Black,,NCSW - Black Novillo Leather,,WBSKG9C57CE798335,,E798335,"MSRP.1,ZCP,ZPP.3,2MK,302,403,6FL,6NF,6NR,655,752",,,"Dec 14, 2011",,,,,,,,,,,
668 - Jet Black,,NDSW - Black Extended Novillo Leather,,WBSKG9C59CE798336,,E798336,"MSRP.1,ZCP,ZPP.3,2MK,302,494,6FL,6NF,6NR,655,752",,,"Dec 14, 2011",1100,,,,,,,,,,
381 - Le Mans Blue Metallic,,NDSW - Black Extended Novillo Leather,,WBSKG9C50CE798337,,E798337,"MSRP.1,ZCP,ZCW,ZPP.3,2MK,302,6FL,6NF,6NR,655,752",,,"Dec 14, 2011",550/1100,,,,,,,,,,
381 - Le Mans Blue Metallic,,NDSW - Black Extended Novillo Leather,,WBSKG9C52CE798338,,E798338,"MSRP.1,ZCP,ZCW,ZPP.3,2MK,302,5AC,6FL,6NF,6NR,752",,,"Dec 14, 2011",550/1100,,,,,,,,,,
A75 - Melbourne Red Metallic,,NDSW - Black Extended Novillo Leather,,WBSKG9C54CE798339,,E798339,"MSRP.1,ZPP.3,2MT.1,302,403,6FL,6NF,6NR,655,752",,,"Dec 14, 2011",550/1100,,,,,,,,,,
A73 - Jerez Black Metallic,,NDSW - Black Extended Novillo Leather,,WBSKG9C50CE798340,,E798340,"MSRP.1,ZCP,ZPP.3,2MK,302,494,6FL,655,752",,,"Dec 14, 2011",550/1100,,,,,,,,,,
300 - Alpine White,,NCH5 - Fox Red/Black Novillo Leather,,WBSKG9C52CE798341,,E798341,"MSRP.1,ZCP,ZPP.3,2MK,302,6FL,752",,,"Dec 15, 2011",,,,,,,,,,,
381 - Le Mans Blue Metallic,,NCH1 - Silver Novillo Leather,,WBSKG9C54CE798342,,E798342,"MSRP.1,ZCP,ZPP.1,2MK,302,6FL,6NF,6NR,655,752",,,"Dec 15, 2011",550,,,,,,,,,,
A52 - Space Gray Metallic,,NDSW - Black Extended Novillo Leather,,WBSKG9C56CE798343,,E798343,"MSRP.1,ZCP,ZCW,ZPP.3,2MK,302,6FL,6NF,6NR,655,752",,,"Dec 15, 2011",550/1100,,,,,,,,,,
A75 - Melbourne Red Metallic,,NCH5 - Fox Red/Black Novillo Leather,,WBSKG9C58CE798344,,E798344,"MSRP.1,ZCP,ZPP.3,2MK,302,494,5AC,6FL,6NF,6NR,655,752",,,"Dec 15, 2011",550,,,,,,,,,,
A75 - Melbourne Red Metallic,,NDSW - Black Extended Novillo Leather,,WBSKG9C5XCE798345,,E798345,"MSRP.1,ZCP,ZPP.3,2MK,302,494,6FL,655,752",,,12-15-2011,550/1100,,,,,,,,,,
668 - Jet Black,,NCSW - Black Novillo Leather,,WBSKG9C51CE798346,,E798346,"MSRP.1,ZCP,ZPP.3,2MK,302,403,6FL,6NF,6NR,655,752",,,"Dec 15, 2011",,,,,,,,,,,
668 - Jet Black,,NCSW - Black Novillo Leather,,WBSKG9C53CE798347,,E798347,"MSRP.1,ZCP,ZPP.3,2MK,302,403,6FL,6NF,6NR,655,752",,,"Dec 15, 2011",,,,,,,,,,,
668 - Jet Black,,NCSW - Black Novillo Leather,,WBSKG9C55CE798348,,E798348,"MSRP.1,ZCP,ZPP.3,2MK,302,403,6FL,6NF,6NR,655,752",,,"Dec 15, 2011",,,,,,,,,,,
300 - Alpine White,,NCSW - Black Novillo Leather,,WBSKG9C57CE798349,,E798349,"MSRP.1,ZPP.1,2MT.1,302,403,494,6FL,752",,,"Dec 15, 2011",,,,,,,,,,,
668 - Jet Black,,NCSW - Black Novillo Leather,,WBSKG9C53CE798350,,E798350,"MSRP.1,ZCP,ZPP.3,2MK,302,403,6FL,6NF,6NR,655,752",,,"Dec 15, 2011",,,,,,,,,,,
A73 - Jerez Black Metallic,,NCH2 - Fox Red Novillo Leather,,WBSKG9C55CE798351,,E798351,"MSRP.1,ZCP,ZCW,ZPP.1,2MK,302,6FL,6NF,6NR,655,752",,,12-15-2011,550,,,,,,,,,,
A73 - Jerez Black Metallic,,NCSW - Black Novillo Leather,,WBSKG9C57CE798352,,E798352,"MSRP.1,ZCP,ZPP.3,2MK,302,494,6FL,6NF,6NR,752",,,"Dec 15, 2011",550,,,,,,,,,,
300 - Alpine White,,NCSW - Black Novillo Leather,,WBSKG9C59CE798353,,E798353,"MSRP.1,2MK,2MT.1,302,322,403,4MX,609,6FL,655",,,"Dec 15, 2011",950,,,,,,,,,,
A96 - Mineral White Metallic,,NDSW - Black Extended Novillo Leather,,WBSKG9C50CE798354,,E798354,"MSRP.1,ZCP,ZCW,ZPP.3,2MK,302,5AC,6FL,6NF,6NR,752",,,"Dec 15, 2011",1100,,,,,,,,,,
A96 - Mineral White Metallic,,GEAT - Anthracite/Black Cloth & Leather,,WBSKG9C52CE798355,,E798355,"MSRP.1,ZCP,2MK,302,322,4MX,6FL,655",,,"Feb 3, 2012",,,,,,,,,,,
A96 - Mineral White Metallic,,GEAT - Anthracite/Black Cloth & Leather,,WBSKG9C54CE798356,,E798356,"MSRP.1,ZCP,2MK,302,322,4MX,6FL,655",,,02-03-2012,,,,,,,,,,,
300 - Alpine White,,GEAT - Anthracite/Black Cloth & Leather,,WBSKG9C56CE798357,,E798357,"MSRP.1,ZCP,2MK,302,322,4MX,6FL,655",,,"Feb 6, 2012",,,,,,,,,,,
,,NCSW - Black Novillo Leather,,WBSKG9C58CE798358,,E798358,"MSRP.1,ZCP,ZPP.3,2MK,302,494,6FL,6NF,6NR,655,752",,,"Jan 4, 2012",,,,,,,,,,,
S34 - Unknown Paint Code,,ZAC8 - Unknown Upholstery Code,,WBSKG9C5XCE798359,,E798359,"MSRP.1,ZCP,ZPP.3,2MK,302,494,6FL,6NF,6NR,655,752",,,"Jan 4, 2012",,,,,,,,,,,
A96 - Mineral White Metallic,,NDSW - Black Extended Novillo Leather,,WBSKG9C56CE798360,,E798360,"MSRP.1,ZCP,302,322,415,494,507,5AC,609,6FL,6NF,6NR,655,752",,,"Jan 5, 2012",2000,,,,,,,,,,
A96 - Mineral White Metallic,,ZAP2 - Unknown Upholstery Code,,WBSKG9C58CE798361,,E798361,"MSRP.1,ZCP,ZPP.3,2MK,302,5AC,6FL,6NF,6NR,655,752",,,01-05-2012,,,,,,,,,,,
300 - Alpine White,,GEAT - Anthracite/Black Cloth & Leather,,WBSKG9C5XCE798362,,E798362,"MSRP.1,302,507,6FL,771",,,"Dec 16, 2011",,,,,,,,,,,
381 - Le Mans Blue Metallic,,NCSW - Black Novillo Leather,,WBSKG9C51CE798363,,E798363,"MSRP.1,ZCP,302,403,6FL,771",,,"Dec 16, 2011",550/950,,,,,,,,,,
300 - Alpine White,,NCSW - Black Novillo Leather,,WBSKG9C53CE798364,,E798364,"MSRP.1,ZCP,ZPP.3,2MK,302,494,6FL,6NF,6NR,655,752",,,"Dec 16, 2011",,,,,,,,,,,
300 - Alpine White,,NCSW - Black Novillo Leather,,WBSKG9C55CE798365,,E798365,"MSRP.1,ZCP,2MK,302,494,609,6FL,6NF,6NR,771",,,"Dec 16, 2011",950,,,,,,,,,,
300 - Alpine White,,NCH5 - Fox Red/Black Novillo Leather,,WBSKG9C57CE798366,,E798366,"MSRP.1,ZPP.3,2MT.1,302,6FL,752",,,"Dec 16, 2011",,,,,,,,,,,
300 - Alpine White,,NCSW - Black Novillo Leather,,WBSKG9C59CE798367,,E798367,"MSRP.1,ZCP,ZPP.3,2MK,302,403,494,6FL,6NF,6NR,655,752",,,12-16-2011,,,,,,,,,,,
300 - Alpine White,,NCSW - Black Novillo Leather,,WBSKG9C50CE798368,,E798368,"MSRP.1,ZCP,ZPP.3,2MK,302,403,6FL,6NF,6NR,655,752",,,"Dec 16, 2011",,,,,,,,,,,
300 - Alpine White,,NCSW - Black Novillo Leather,,WBSKG9C52CE798369,,E798369,"MSRP.1,ZCP,ZPP.3,2MK,302,403,6FL,6NF,6NR,655,752",,,"Dec 16, 2011",,,,,,,,,,,
A96 - Mineral White Metallic,,NCSW - Black Novillo Leather,,WBSKG9C59CE798370,,E798370,"MSRP.1,ZPP.3,302,403,6FL,752",,,"Dec 16, 2011",,,,,,,,,,,
A52 - Space Gray Metallic,,NCSW - Black Novillo Leather,,WBSKG9C50CE798371,,E798371,"MSRP.1,ZCP,ZPP.3,2MK,302,494,6FL,752",,,"Dec 16, 2011",550,,,,,,,,,,
A52 - Space Gray Metallic,,NCSW - Black Novillo Leather,,WBSKG9C52CE798372,,E798372,"MSRP.1,ZCP,ZPP.3,2MK,302,494,6FL,6NF,6NR,752",,,"Dec 16, 2011",550,,,,,,,,,,
A73 - Jerez Black Metallic,,NCH4 - Palladium/Black Novillo Leather,,WBSKG9C54CE798373,,E798373,"MSRP.1,ZCW,ZPP.1,2MT.1,302,6FL,6NF,6NR,655,752",,,12-16-2011,550,,,,,,,,,,
A30 - Interlagos Blue Metallic,,NCSW - Black Novillo Leather,,WBSKG9C56CE798374,,E798374,"MSRP.1,ZCP,ZPP.3,2MK,302,494,5AC,6FL,655",,,"Dec 16, 2011",550,,,,,,,,,,
A30 - Interlagos Blue Metallic,,NCH4 - Palladium/Black Novillo Leather,,WBSKG9C58CE798375,,E798375,"MSRP.1,ZCP,ZPP.3,302,6FL,6NF,6NR,752",,,"Dec 16, 2011",550,,,,,,,,,,
A96 - Mineral White Metallic,,NCSW - Black Novillo Leather,,WBSKG9C5XCE798376,,E798376,"MSRP.1,ZCP,ZPP.3,2MK,302,494,6FL,655,752",,,"Dec 16, 2011",,,,,,,,,,,
A96 - Mineral White Metallic,,NCH3 - Beige Novillo Leather,,WBSKG9C51CE798377,,E798377,"MSRP.1,ZCP,ZPP.3,2MK,302,6FL,6NF,6NR",,,"Dec 16, 2011",,,,,,,,,,,
A73 - Jerez Black Metallic,,NCH3 - Beige Novillo Leather,,WBSKG9C53CE798378,,E798378,"MSRP.1,ZCP,ZPP.2,2MK,302,494,6FL,655",,,12-17-2011,550,,,,,,,,,,
300 - Alpine White,,NCH3 - Beige Novillo Leather,,WBSKG9C55CE798379,,E798379,"MSRP.1,ZCP,ZPP.3,302,494,6FL,6NF,6NR,655",,,"Dec 17, 2011",,,,,,,,,,,
381 - Le Mans Blue Metallic,,NCH3 - Beige Novillo Leather,,WBSKG9C51CE798380,,E798380,"MSRP.1,ZCP,ZCW,ZPP.3,302,403,6FL,6NF,6NR,752",,,"Dec 19, 2011",550,,,,,,,,,,
A73 - Jerez Black Metallic,,NCH2 - Fox Red Novillo Leather,,WBSKG9C53CE798381,,E798381,"MSRP.1,ZCP,ZCW,ZPP.1,2MK,302,403,6FL",,,"Jan 4, 2012",550,,,,,,,,,,
A73 - Jerez Black Metallic,,NCH3 - Beige Novillo Leather,,WBSKG9C55CE798382,,E798382,"MSRP.1,ZCP,ZCW,ZPP.3,2MK,302,6FL,752",,,"Jan 4, 2012",550,,,,,,,,,,
U91 - Frozen Black ,,NDH2 - Fox Red Extended Leather,,WBSKG9C57CE798383,,E798383,"MSRP.1,ZCP,ZPP.3,2MK,302,494,6FL,6NF,6NR,655,752",,,"Jan 11, 2012",1100,,,,,,,,,,
B05 - Monte Carlo Blue,,NDSW - Black Extended Novillo Leather,,WBSKG9C59CE798384,,E798384,"MSRP.1,IND,ZCP,ZPP.3,494,6NR,752",,,01-11-2012,"$1,100.00",,,,,,,,,,
381 - Le Mans Blue Metallic,,NCH3 - Beige Novillo Leather,,WBSKG9C50CE798385,,E798385,"MSRP.1,ZCP,ZCW,ZPP.2,2MK,302,5AC,6FL,6NF,6NR,655,752",,,"Jan 4, 2012",$550.00,,,,,,,,,,
A75 - Melbourne Red Metallic,,NCH3 - Beige Novillo Leather,,WBSKG9C52CE798386,,E798386,"MSRP.1,ZCP,ZCW,ZPP.1,2MK,302,5AC,6FL,6NF,6NR,655,752",,,"Jan 5, 2012",$550.00,,,,,,,,,,
A52 - Space Gray Metallic,,NCH1 - Silver Novillo Leather,,WBSKG9C54CE798387,,E798387,"MSRP.1,ZCP,ZPP.3,302,403,494,6FL,655,752",,,"Jan 5, 2012",,,,,,,,,,,
300 - Alpine White,,NCH4 - Palladium/Black Novillo Leather,,WBSKG9C56CE798388,,E798388,"MSRP.1,ZCP,ZCW,302,403,4MY,507,609,6FL,655",,,"Jan 11, 2012",$950.00,,,,,,,,,,
300 - Alpine White,,NCSW - Black Novillo Leather,,WBSKG9C58CE798389,,E798389,"MSRP.1,ZCP,ZPP.3,2MK,302,403,494,6FL,655,752",,,"Jan 11, 2012",,,,,,,,,,,
300 - Alpine White,,NCSW - Black Novillo Leather,,WBSKG9C54CE798390,,E798390,"MSRP.1,ZCP,ZCW,ZPP.1,2MK,302,403,5AC,6FL,6NF,6NR,655,752",,,"Jan 12, 2012",,,,,,,,,,,
668 - Jet Black,,NCSW - Black Novillo Leather,,WBSKG9C56CE798391,,E798391,"MSRP.1,ZCP,ZPP.3,2MK,302,403,494,6FL,6NF,6NR,655,752",,,"Jan 12, 2012",,,,,,,,,,,
A52 - Space Gray Metallic,,NCSW - Black Novillo Leather,,WBSKG9C58CE798392,,E798392,"MSRP.1,ZCP,ZPP.1,302,403,6FL,6NF,6NR,655",,,"Jan 12, 2012",$550.00,,,,,,,,,,
300 - Alpine White,,NDSW - Black Extended Novillo Leather,,WBSKG9C5XCE798393,,E798393,"MSRP.1,ZPP.3,2MK,2MT.1,302,403,6FL,6NF,6NR,752",,,"Jan 12, 2012","$1,100.00",,,,,,,,,,
A29 - Silverstone Metallic II,,NCH4 - Palladium/Black Novillo Leather,,WBSKG9C51CE798394,,E798394,"MSRP.1,ZCP,ZCW,ZPP.3,2MK,302,403,6FL,6NF,6NR,655,752",,,01-12-2012,$550.00,,,,,,,,,,
A75 - Melbourne Red Metallic,,NDSW - Black Extended Novillo Leather,,WBSKG9C53CE798395,,E798395,"MSRP.1,ZCP,ZCW,ZPP.2,2MK,302,5AC,6FL,6NF,6NR,655,752",,,"Jan 12, 2012",550/1100,,,,,,,,,,
300 - Alpine White,,NCH3 - Beige Novillo Leather,,WBSKG9C55CE798396,,E798396,"MSRP.1,ZCP,302,322,494,609,6FL,771",,,"Jan 12, 2012",$950.00,,,,,,,,,,
300 - Alpine White,,NCH5 - Fox Red/Black Novillo Leather,,WBSKG9C57CE798397,,E798397,"MSRP.1,ZCP,ZPP.3,2MK,302,6FL,6NF,6NR",,,"Jan 12, 2012",,,,,,,,,,,
A29 - Silverstone Metallic II,,NCH4 - Palladium/Black Novillo Leather,,WBSKG9C59CE798398,,E798398,"MSRP.1,ZCP,ZCW,ZPP.3,2MK,302,5AC,6FL,6NF,6NR,655,752",,,"Jan 13, 2012",$550.00,,,,,,,,,,
A29 - Silverstone Metallic II,,NCH3 - Beige Novillo Leather,,WBSKG9C50CE798399,,E798399,"MSRP.1,302,403,494,4MY,507,609,6FL,655",,,"Jan 13, 2012",550/950,,,,,,,,,,
A29 - Silverstone Metallic II,,NCSW - Black Novillo Leather,,WBSKG9C53CE798400,,E798400,"MSRP.1,ZPP.3,2MT.1,302,403,494,6FL,655,752",,,"Jan 13, 2012",$550.00,,,,,,,,,,
A29 - Silverstone Metallic II,,NCSW - Black Novillo Leather,,WBSKG9C55CE798401,,E798401,"MSRP.1,2MK,302,403,4MX,609,6FL",,,1-13-2012,550/950,,,,,,,,,,
A29 - Silverstone Metallic II,,NCSW - Black Novillo Leather,,WBSKG9C57CE798402,,E798402,"MSRP.1,ZPP.1,302,403,6FL",,,"Jan 13, 2012",$550.00,,,,,,,,,,
A30 - Interlagos Blue Metallic,,NDH2 - Fox Red Extended Leather,,WBSKG9C59CE798403,,E798403,"MSRP.1,ZCW,ZPP.3,302,403,6FL,6NF,6NR,752",,,"Jan 13, 2012",550/1100,,,,,,,,,,
300 - Alpine White,,NDSW - Black Extended Novillo Leather,,WBSKG9C50CE798404,,E798404,"MSRP.1,ZCP,ZCW,ZPP.3,302,6FL,6NF,6NR,655,752",,,"Jan 13, 2012","$1,100.00",,,,,,,,,,
A73 - Jerez Black Metallic,,NCH5 - Fox Red/Black Novillo Leather,,WBSKG9C52CE798405,,E798405,"MSRP.1,ZPP.1,2MK,302,494,6FL,655,752",,,"Jan 13, 2012",$550.00,,,,,,,,,,
A96 - Mineral White Metallic,,GEAT - Anthracite/Black Cloth & Leather,,WBSKG9C54CE798406,,E798406,"MSRP.1,ZCP,302,494,507,609,6FL,6NF,6NR,771",,,"Jan 13, 2012",,,,,,,,,,,
300 - Alpine White,,NCH5 - Fox Red/Black Novillo Leather,,WBSKG9C56CE798407,,E798407,"MSRP.1,ZCP,ZCW,ZPP.3,2MK,302,5AC,6FL,6NF,6NR,655,752",,,"Jan 16, 2012",,,,,,,,,,,
300 - Alpine White,,NCH2 - Fox Red Novillo Leather,,WBSKG9C58CE798408,,E798408,"MSRP.1,ZCP,ZCW,ZPP.1,2MK,302,5AC,6FL,6NF,6NR,655,752",,,"Jan 16, 2012",,,,,,,,,,,
668 - Jet Black,,NCH5 - Fox Red/Black Novillo Leather,,WBSKG9C5XCE798409,,E798409,"MSRP.1,ZCP,2MK,302,322,415,4MY,507,609,6FL,655,752",,,"Jan 16, 2012",$950.00,,,,,,,,,,
A52 - Space Gray Metallic,,NCH5 - Fox Red/Black Novillo Leather,,WBSKG9C56CE798410,,E798410,"MSRP.1,ZPP.3,2MK,2MT.1,302,6FL,752",,,1-17-2012,$550.00,,,,,,,,,,
381 - Le Mans Blue Metallic,,NCH4 - Palladium/Black Novillo Leather,,WBSKG9C58CE798411,,E798411,"MSRP.1,ZCP,ZCW,ZPP.1,2MK,302,5AC,6FL,6NF,6NR,655,752",,,"Jan 17, 2012",$550.00,,,,,,,,,,
300 - Alpine White,,NCH2 - Fox Red Novillo Leather,,WBSKG9C5XCE798412,,E798412,"MSRP.1,ZCP,ZPP.3,302,6FL,6NF,6NR,752",,,"Jan 17, 2012",,,,,,,,,,,
A96 - Mineral White Metallic,,NCSW - Black Novillo Leather,,WBSKG9C51CE798413,,E798413,"MSRP.1,ZCP,ZPP.3,2MK,302,494,6FL,6NF,6NR,655,752",,,1-17-2012,,,,,,,,,,,
A52 - Space Gray Metallic,,NCSW - Black Novillo Leather,,WBSKG9C53CE798414,,E798414,"MSRP.1,ZCP,ZCW,ZPP.2,302,5AC,6FL,6NF,6NR,655,752",,,1-17-2012,550,,,,,,,,,,
A30 - Interlagos Blue Metallic,,NDSW - Black Extended Novillo Leather,,WBSKG9C55CE798415,,E798415,"MSRP.1,ZCW,ZPP.3,2MK,2MT.1,302,5AC,6FL,6NF,6NR,655,752",,,"Jan 17, 2012",550/1100,,,,,,,,,,
A75 - Melbourne Red Metallic,,NDSW - Black Extended Novillo Leather,,WBSKG9C57CE798416,,E798416,"MSRP.1,ZCP,ZCW,ZPP.3,2MK,302,6FL,6NF,6NR,752",,,"Jan 17, 2012",550/1100,,,,,,,,,,
A75 - Melbourne Red Metallic,,NCH5 - Fox Red/Black Novillo Leather,,WBSKG9C59CE798417,,E798417,"MSRP.1,ZCP,ZCW,ZPP.1,2MK,302,5AC,6FL,6NF,6NR,655,752",,,"Jan 18, 2012",550,,,,,,,,,,
381 - Le Mans Blue Metallic,,NDSW - Black Extended Novillo Leather,,WBSKG9C50CE798418,,E798418,"MSRP.1,ZCP,ZCW,ZPP.1,2MK,302,5AC,6FL,6NF,6NR,655,752",,,"Jan 18, 2012",550/1100,,,,,,,,,,
U91 - Frozen Black ,,NDSW - Black Extended Novillo Leather,,WBSKG9C52CE798419,,E798419,"MSRP.1,ZCP,ZCW,302,322,415,4MY,507,609,6FL,6NF,6NR,655,752",,,"Jan 25, 2012",2000,,CAN,,,,,,,,
U91 - Frozen Black ,,NDSW - Black Extended Novillo Leather,,WBSKG9C59CE798420,,E798420,"MSRP.1,ZCP,ZCW,2MK,302,322,415,4MY,507,609,6FL,6NF,6NR,655,752",,,"Jan 25, 2012",2000,,CAN,,,,,,,,
U94 - Fire Orange 2,,NDSW - Black Extended Novillo Leather,,WBSKG9C50CE798421,,E798421,"MSRP.1,IND,ZCP,ZCW,ZPP.3,2MK,6NR,655,752",,,"Jan 26, 2012",2000,,CAN,,,,,,,,
621 - Messing Metallic,,NDSW - Black Extended Novillo Leather,,WBSKG9C52CE798422,,E798422,"MSRP.1,IND,ZCP,ZCW,2MK,302,322,415,4MX,507,609,6FL,6NF,6NR,655,752",,,"Jan 27, 2012",2000,,CAN,,,,,,,,
337 - Dakar Yellow 2,,Z1XX - Unknown Upholstery Code,,WBSKG9C54CE798423,,E798423,"MSRP.1,IND,ZCP,ZCW,ZPP.3,2MK,6NR,655,752",,,"Jan 26, 2012",,,,,,,,,,,
668 - Jet Black,,NCH5 - Fox Red/Black Novillo Leather,,WBSKG9C56CE798424,,E798424,"MSRP.1,ZCP,ZPP.3,2MK,302,494,6FL,6NF,6NR,655,752",,,"Jan 18, 2012",,,,,,,,,,,
A96 - Mineral White Metallic,,NCH2 - Fox Red Novillo Leather,,WBSKG9C58CE798425,,E798425,"MSRP.1,ZCP,ZCW,ZPP.3,2MK,302,5AC,6FL,6NF,6NR,655,752",,,"Jan 18, 2012",,,,,,,,,,,
A29 - Silverstone Metallic II,,NCH5 - Fox Red/Black Novillo Leather,,WBSKG9C5XCE798426,,E798426,"MSRP.1,ZCP,ZPP.3,2MK,302,494,6FL,655",,,"Jan 18, 2012",550,,,,,,,,,,
300 - Alpine White,,NCSW - Black Novillo Leather,,WBSKG9C51CE798427,,E798427,"MSRP.1,ZPP.3,302,403,494,6FL,655,752",,,"Jan 19, 2012",,,,,,,,,,,
300 - Alpine White,,NCH2 - Fox Red Novillo Leather,,WBSKG9C53CE798428,,E798428,"MSRP.1,494,507,609,6FL,655",,,"Jan 19, 2012",950,,,,,,,,,,
A29 - Silverstone Metallic II,,NDSW - Black Extended Novillo Leather,,WBSKG9C55CE798429,,E798429,"MSRP.1,ZCP,ZCW,ZPP.1,2MK,302,5AC,6FL,6NF,6NR,655,752",,,1-19-2012,550/1100,,,,,,,,,,
A73 - Jerez Black Metallic,,NCH2 - Fox Red Novillo Leather,,WBSKG9C51CE798430,,E798430,"MSRP.1,ZCP,ZPP.2,302,6FL,6NF,6NR",,,"Jan 19, 2012",550,,,,,,,,,,
A96 - Mineral White Metallic,,NCH2 - Fox Red Novillo Leather,,WBSKG9C53CE798431,,E798431,"MSRP.1,ZCP,ZCW,ZPP.3,2MK,302,403,6FL,6NF,6NR,655,752",,,"Jan 19, 2012",,,,,,,,,,,
A52 - Space Gray Metallic,,NCH3 - Beige Novillo Leather,,WBSKG9C55CE798432,,E798432,"MSRP.1,ZCP,ZPP.3,2MK,302,403,494,5AC,6FL,6NF,6NR,655,752",,,1-19-2012,550,,,,,,,,,,
A73 - Jerez Black Metallic,,NCH2 - Fox Red Novillo Leather,,WBSKG9C57CE798433,,E798433,"MSRP.1,ZPP.3,302,403,6FL",,,"Jan 20, 2012",550,,,,,,,,,,
A73 - Jerez Black Metallic,,NCH5 - Fox Red/Black Novillo Leather,,WBSKG9C59CE798434,,E798434,"MSRP.1,ZCP,ZPP.3,302,6FL",,,"Jan 20, 2012",550,,,,,,,,,,
300 - Alpine White,,NCSW - Black Novillo Leather,,WBSKG9C50CE798435,,E798435,"MSRP.1,ZCP,ZPP.1,2MK,302,494,6FL,6NF,6NR,655,752",,,"Jan 20, 2012",,,,,,,,,,,
300 - Alpine White,,NCSW - Black Novillo Leather,,WBSKG9C52CE798436,,E798436,"MSRP.1,ZCP,ZCW,ZPP.2,2MK,302,5AC,6FL,6NF,6NR,655,752",,,"Jan 20, 2012",,,,,,,,,,,
300 - Alpine White,,NCSW - Black Novillo Leather,,WBSKG9C54CE798437,,E798437,"MSRP.1,ZCP,ZCW,ZPP.3,2MK,302,6FL,6NF,6NR,752",,,"Jan 23, 2012",,,,,,,,,,,
300 - Alpine White,,NCSW - Black Novillo Leather,,WBSKG9C56CE798438,,E798438,"MSRP.1,ZCP,ZCW,ZPP.3,2MK,302,6FL,6NF,6NR,655,752",,,"Jan 23, 2012",,,,,,,,,,,
300 - Alpine White,,NCH3 - Beige Novillo Leather,,WBSKG9C58CE798439,,E798439,"MSRP.1,ZCP,ZPP.2,2MK,302,494,6FL,6NF,6NR,655,752",,,"Jan 23, 2012",,,,,,,,,,,
A52 - Space Gray Metallic,,NCH1 - Silver Novillo Leather,,WBSKG9C54CE798440,,E798440,"MSRP.1,ZCP,ZCW,ZPP.2,302,403,5AC,6FL,6NR",,,"Jan 23, 2012",550,,,,,,,,,,
300 - Alpine White,,NCSW - Black Novillo Leather,,WBSKG9C56CE798441,,E798441,"MSRP.1,ZCP,ZCW,ZPP.3,2MK,302,6FL,6NF,6NR,752",,,"Jan 23, 2012",,,,,,,,,,,
300 - Alpine White,,NCH2 - Fox Red Novillo Leather,,WBSKG9C58CE798442,,E798442,"MSRP.1,ZCP,302,609,6FL,6NF,6NR,771",,,"Jan 24, 2012",950,,,,,,,,,,
A96 - Mineral White Metallic,,NCH5 - Fox Red/Black Novillo Leather,,WBSKG9C5XCE798443,,E798443,"MSRP.1,ZCP,ZPP.3,2MK,302,494,5AC,6FL,655,752",,,"Jan 24, 2012",,,,,,,,,,,
A30 - Interlagos Blue Metallic,,GEAT - Anthracite/Black Cloth & Leather,,WBSKG9C51CE798444,,E798444,"MSRP.1,ZCP,ZCW,2MK,302,6FL,771",,,"Jan 25, 2012",550,,,,,,,,,,
668 - Jet Black,,NCSW - Black Novillo Leather,,WBSKG9C53CE798445,,E798445,"MSRP.1,ZCP,ZPP.3,302,6FL,6NF,6NR,655,752",,,"Jan 24, 2012",,,,,,,,,,,
668 - Jet Black,,NCSW - Black Novillo Leather,,WBSKG9C55CE798446,,E798446,"MSRP.1,ZPP.3,302,6FL,6NF,6NR,752",,,"Jan 24, 2012",,,,,,,,,,,
A73 - Jerez Black Metallic,,NCH2 - Fox Red Novillo Leather,,WBSKG9C57CE798447,,E798447,"MSRP.1,ZPP.3,2MK,302,6FL",,,"Jan 25, 2012",550,,,,,,,,,,
668 - Jet Black,,NCH5 - Fox Red/Black Novillo Leather,,WBSKG9C59CE798448,,E798448,"MSRP.1,ZCP,ZPP.3,302,403,6FL,6NF,6NR,655,752",,,"Jan 25, 2012",,,,,,,,,,,
668 - Jet Black,,NCSW - Black Novillo Leather,,WBSKG9C50CE798449,,E798449,"MSRP.1,ZCP,ZPP.3,2MK,302,494,6FL,6NF,6NR,655,752",,,"Jan 25, 2012",,,,,,,,,,,
668 - Jet Black,,NCH5 - Fox Red/Black Novillo Leather,,WBSKG9C57CE798450,,E798450,"MSRP.1,ZCP,ZCW,ZPP.3,2MK,302,403,6FL,6NF,6NR,655,752",,,"Jan 26, 2012",,,,,,,,,,,
A96 - Mineral White Metallic,,NCH2 - Fox Red Novillo Leather,,WBSKG9C59CE798451,,E798451,"MSRP.1,ZCP,ZPP.3,2MK,302,494,6FL,655,752",,,"Jan 26, 2012",,,,,,,,,,,
A52 - Space Gray Metallic,,NCSW - Black Novillo Leather,,WBSKG9C50CE798452,,E798452,"MSRP.1,ZCP,ZPP.3,2MK,302,494,6FL,752",,,"Jan 26, 2012",550,,,,,,,,,,
A52 - Space Gray Metallic,,NCSW - Black Novillo Leather,,WBSKG9C52CE798453,,E798453,"MSRP.1,ZCP,ZCW,ZPP.2,302,6FL,655",,,"Jan 26, 2012",550,,,,,,,,,,
A75 - Melbourne Red Metallic,,NCSW - Black Novillo Leather,,WBSKG9C54CE798454,,E798454,"MSRP.1,ZCP,ZCW,ZPP.3,2MK,302,6FL,6NF,6NR,655,752",,,"Jan 26, 2012",550,,,,,,,,,,
A96 - Mineral White Metallic,,NCH2 - Fox Red Novillo Leather,,WBSKG9C56CE798455,,E798455,"MSRP.1,ZCP,ZPP.3,2MK,302,494,6FL",,,"Jan 26, 2012",,,,,,,,,,,
A73 - Jerez Black Metallic,,NCH1 - Silver Novillo Leather,,WBSKG9C58CE798456,,E798456,"MSRP.1,ZCP,ZPP.1,2MK,302,403,494,6FL,655",,,"Jan 26, 2012",550,,,,,,,,,,
300 - Alpine White,,NDH2 - Fox Red Extended Leather,,WBSKG9C5XCE798457,,E798457,"MSRP.1,ZCP,ZCW,ZPP.3,2MK,302,5AC,6FL,6NF,6NR,655,752",,,"Jan 26, 2012",1100,,,,,,,,,,
300 - Alpine White,,NCSW - Black Novillo Leather,,WBSKG9C51CE798458,,E798458,"MSRP.1,ZCP,ZPP.3,2MK,302,6FL,752",,,"Jan 26, 2012",,,,,,,,,,,
300 - Alpine White,,NCH2 - Fox Red Novillo Leather,,WBSKG9C53CE798459,,E798459,"MSRP.1,ZCW,ZPP.3,2MK,2MT.1,302,6FL,6NF,6NR,655,752",,,"Jan 27, 2012",,,,,,,,,,,
300 - Alpine White,,NCSW - Black Novillo Leather,,WBSKG9C5XCE798460,,E798460,"MSRP.1,ZCP,ZPP.3,2MK,302,494,6FL,6NF,6NR,655,752",,,"Jan 27, 2012",,,,,,,,,,,
300 - Alpine White,,NCSW - Black Novillo Leather,,WBSKG9C51CE798461,,E798461,"MSRP.1,ZCP,ZPP.3,2MK,302,494,6FL,6NF,6NR,752",,,"Jan 27, 2012",,,,,,,,,,,
300 - Alpine White,,NCSW - Black Novillo Leather,,WBSKG9C53CE798462,,E798462,"MSRP.1,ZCP,ZPP.3,2MK,302,494,5AC,6FL,6NF,6NR,655,752",,,"Jan 27, 2012",,,,,,,,,,,
A96 - Mineral White Metallic,,NCH5 - Fox Red/Black Novillo Leather,,WBSKG9C55CE798463,,E798463,"MSRP.1,ZCP,ZPP.3,2MK,302,494,6FL,6NF,6NR,655,752",,,"Jan 27, 2012",,,,,,,,,,,
381 - Le Mans Blue Metallic,,NCH1 - Silver Novillo Leather,,WBSKG9C57CE798464,,E798464,"MSRP.1,ZCP,2MK,302,322,403,494,4MY,6FL",,,"Jan 27, 2012",550/950,,,,,,,,,,
A96 - Mineral White Metallic,,NCH2 - Fox Red Novillo Leather,,WBSKG9C59CE798465,,E798465,"MSRP.1,ZCP,ZCW,ZPP.3,2MK,302,6FL,752",,,"Jan 27, 2012",,,,,,,,,,,
300 - Alpine White,,NCH2 - Fox Red Novillo Leather,,WBSKG9C50CE798466,,E798466,"MSRP.1,ZCW,2MK,2MT.1,302,322,415,4MY,507,609,6FL,655,752",,,"Jan 27, 2012",950,,CAN,,,,,,,,
300 - Alpine White,,NCH2 - Fox Red Novillo Leather,,WBSKG9C52CE798467,,E798467,"MSRP.1,ZCP,ZCW,302,322,415,4MY,507,609,6FL,6NF,6NR,655,752",,,"Jan 27, 2012",950,,CAN,,,,,,,,
W07 - Frozen Silver Metallic,,Z1XX - Unknown Upholstery Code,,WBSKG9C54CE798468,,E798468,"MSRP.1,ZCP,ZCW,2MK,302,322,415,507,609,6FL,6NF,6NR,655,752,771",,,"Jan 31, 2012",,,CAN,,,,,,,,
W07 - Frozen Silver Metallic,,Z1XX - Unknown Upholstery Code,,WBSKG9C56CE798469,,E798469,"MSRP.1,ZCP,ZCW,2MK,302,322,415,507,609,6FL,6NF,6NR,655,752,771",,,"Feb 1, 2012",,,CAN,,,,,,,,
W07 - Frozen Silver Metallic,,Z1XX - Unknown Upholstery Code,,WBSKG9C52CE798470,,E798470,"MSRP.1,ZCP,ZCW,2MK,302,322,415,507,609,6FL,6NF,6NR,655,752,771",,,"Feb 1, 2012",,,CAN,,,,,,,,
W07 - Frozen Silver Metallic,,Z1XX - Unknown Upholstery Code,,WBSKG9C54CE798471,,E798471,"MSRP.1,ZCP,ZCW,2MK,302,322,415,507,609,6FL,6NF,6NR,655,752,771",,,"Feb 1, 2012",,,CAN,,,,,,,,
448 - Ind. Lauguna Seca Blue,,NCSW - Black Novillo Leather,,WBSKG9C56CE798472,,E798472,"MSRP.1,IND,ZCP,ZPP.3,5AC,6NR,655,752",,,"Feb 3, 2012",,,,,,,,,,,
W07 - Frozen Silver Metallic,,Z1XX - Unknown Upholstery Code,,WBSKG9C58CE798473,,E798473,"MSRP.1,ZCP,ZCW,2MK,302,322,415,507,609,6FL,6NF,6NR,655,752,771",,,"Feb 3, 2012",,,CAN,,,,,,,,
U91 - Frozen Black ,,NCSW - Black Novillo Leather,,WBSKG9C5XCE798474,,E798474,"MSRP.1,ZCP,ZCW,ZPP.3,2MK,302,5AC,6FL,6NF,6NR,655,752",,,"Feb 3, 2012",,,,,,,,,,,
,,Z1XX - Unknown Upholstery Code,,WBSKG9C51CE798475,,E798475,"MSRP.1,ZCP,ZCW,2MK,302,322,415,507,609,6FL,6NF,6NR,655,752,771",,,"Feb 6, 2012",,,CAN,,,,,,,,
,,Z1XX - Unknown Upholstery Code,,WBSKG9C53CE798476,,E798476,"MSRP.1,ZCP,ZCW,2MK,302,322,415,507,609,6FL,6NF,6NR,655,752,771",,,"Feb 6, 2012",,,CAN,,,,,,,,
300 - Alpine White,,NDSW - Black Extended Novillo Leather,,WBSKG9C55CE798477,,E798477,"MSRP.1,ZCP,ZCW,ZPP.3,2MK,302,6FL,6NF,6NR,655,752",,,"Jan 27, 2012",1100,,,,,,,,,,
A52 - Space Gray Metallic,,NDSW - Black Extended Novillo Leather,,WBSKG9C57CE798478,,E798478,"MSRP.1,ZCP,ZCW,ZPP.3,2MK,302,403,6FL,655,752",,,"Jan 27, 2012",550/1100,,,,,,,,,,
668 - Jet Black,,NCH5 - Fox Red/Black Novillo Leather,,WBSKG9C59CE798479,,E798479,"MSRP.1,ZCP,ZPP.3,2MK,302,494,6FL,6NF,6NR,655,752",,,"Jan 27, 2012",,,,,,,,,,,
300 - Alpine White,,NCH2 - Fox Red Novillo Leather,,WBSKG9C55CE798480,,E798480,"MSRP.1,ZCP,ZPP.3,2MK,302,494,5AC,6FL,6NF,6NR,655,752",,,"Jan 28, 2012",,,,,,,,,,,
300 - Alpine White,,NCH4 - Palladium/Black Novillo Leather,,WBSKG9C57CE798481,,E798481,"MSRP.1,ZCP,ZPP.3,302,494,6FL,752",,,"Jan 28, 2012",,,,,,,,,,,
300 - Alpine White,,NCH2 - Fox Red Novillo Leather,,WBSKG9C59CE798482,,E798482,"MSRP.1,ZPP.3,2MK,2MT.1,302,494,5AC,6FL,6NF,6NR",,,"Jan 28, 2012",,,,,,,,,,,
300 - Alpine White,,GEAT - Anthracite/Black Cloth & Leather,,WBSKG9C50CE798483,,E798483,"MSRP.1,ZCP,302,322,4MY,609,6FL",,,"Jan 28, 2012",,,,,,,,,,,
A52 - Space Gray Metallic,,NCH2 - Fox Red Novillo Leather,,WBSKG9C52CE798484,,E798484,"MSRP.1,ZCP,ZPP.3,302,6FL,6NF,6NR,752",,,"Jan 28, 2012",550,,,,,,,,,,
A29 - Silverstone Metallic II,,GEAT - Anthracite/Black Cloth & Leather,,WBSKG9C54CE798485,,E798485,"MSRP.1,302,494,4MY,609,6FL",,,"Jan 28, 2012",550,,,,,,,,,,
A52 - Space Gray Metallic,,NCH5 - Fox Red/Black Novillo Leather,,WBSKG9C56CE798486,,E798486,"MSRP.1,ZPP.3,2MK,2MT.1,302,494,6FL,752",,,"Jan 30, 2012",550,,,,,,,,,,
A52 - Space Gray Metallic,,NCSW - Black Novillo Leather,,WBSKG9C58CE798487,,E798487,"MSRP.1,ZCP,ZPP.1,2MK,302,494,6FL,6NF,6NR,752",,,"Jan 30, 2012",550,,,,,,,,,,
A52 - Space Gray Metallic,,NDH2 - Fox Red Extended Leather,,WBSKG9C5XCE798488,,E798488,"MSRP.1,ZPP.1,2MT.1,302,6FL,6NF,6NR,752",,,"Jan 30, 2012",550/1100,,,,,,,,,,
A73 - Jerez Black Metallic,,NCH2 - Fox Red Novillo Leather,,WBSKG9C51CE798489,,E798489,"MSRP.1,ZCP,ZPP.3,2MK,302,494,6FL,6NF,6NR,655",,,"Jan 30, 2012",550,,,,,,,,,,
300 - Alpine White,,NCSW - Black Novillo Leather,,WBSKG9C58CE798490,,E798490,"MSRP.1,ZCW,ZPP.3,2MK,2MT.1,302,5AC,6FL,6NF,6NR,655,752",,,"Jan 30, 2012",,,,,,,,,,,
300 - Alpine White,,NCH2 - Fox Red Novillo Leather,,WBSKG9C5XCE798491,,E798491,"MSRP.1,ZCP,ZCW,ZPP.3,2MK,302,6FL,6NF,6NR,655",,,"Jan 30, 2012",,,,,,,,,,,
300 - Alpine White,,NDSW - Black Extended Novillo Leather,,WBSKG9C51CE798492,,E798492,"MSRP.1,ZCP,ZPP.3,302,6FL,6NF,6NR,655,752",,,"Jan 30, 2012",1100,,,,,,,,,,
300 - Alpine White,,NDSW - Black Extended Novillo Leather,,WBSKG9C53CE798493,,E798493,"MSRP.1,ZCP,ZPP.3,2MK,302,6FL,752",,,"Jan 30, 2012",1100,,,,,,,,,,
668 - Jet Black,,NCH5 - Fox Red/Black Novillo Leather,,WBSKG9C55CE798494,,E798494,"MSRP.1,ZCP,ZPP.1,302,494,6FL,655,752",,,"Jan 30, 2012",,,,,,,,,,,
668 - Jet Black,,NCH5 - Fox Red/Black Novillo Leather,,WBSKG9C57CE798495,,E798495,"MSRP.1,ZPP.3,2MK,2MT.1,302,6FL,6NF,6NR,752",,,"Jan 30, 2012",,,,,,,,,,,
A52 - Space Gray Metallic,,NCH2 - Fox Red Novillo Leather,,WBSKG9C59CE798496,,E798496,"MSRP.1,ZCP,ZCW,ZPP.3,302,6FL,6NF,6NR,655,752",,,"Jan 30, 2012",550,,,,,,,,,,
A96 - Mineral White Metallic,,NCH2 - Fox Red Novillo Leather,,WBSKG9C50CE798497,,E798497,"MSRP.1,ZCP,ZPP.3,2MK,302,494,6FL,6NF,6NR,655,752",,,"Jan 30, 2012",,,,,,,,,,,
A96 - Mineral White Metallic,,NDH2 - Fox Red Extended Leather,,WBSKG9C52CE798498,,E798498,"MSRP.1,ZCP,ZPP.3,302,494,6FL,6NF,6NR,655",,,"Jan 31, 2012",1100,,,,,,,,,,
A52 - Space Gray Metallic,,NCH5 - Fox Red/Black Novillo Leather,,WBSKG9C54CE798499,,E798499,"MSRP.1,ZCP,ZPP.3,2MK,302,494,6FL,6NR,655,752",,,"Jan 31, 2012",550,,,,,,,,,,
A52 - Space Gray Metallic,,NCH2 - Fox Red Novillo Leather,,WBSKG9C57CE798500,,E798500,"MSRP.1,ZCP,ZPP.1,2MK,302,494,6FL,752",,,"Jan 31, 2012",550,,,,,,,,,,
A52 - Space Gray Metallic,,NCH5 - Fox Red/Black Novillo Leather,,WBSKG9C59CE798501,,E798501,"MSRP.1,ZCP,ZPP.3,302,494,6FL,6NF,6NR,752",,,"Jan 31, 2012",550,,,,,,,,,,
A96 - Mineral White Metallic,,NDH2 - Fox Red Extended Leather,,WBSKG9C50CE798502,,E798502,"MSRP.1,ZCP,ZCW,ZPP.1,302,6FL,6NF,6NR,655,752",,,"Jan 31, 2012",1100,,,,,,,,,,
300 - Alpine White,,NCH2 - Fox Red Novillo Leather,,WBSKG9C52CE798503,,E798503,"MSRP.1,ZCP,2MK,302,403,4MY,507,6FL",,,"Jan 31, 2012",950,,,,,,,,,,
A96 - Mineral White Metallic,,NCH5 - Fox Red/Black Novillo Leather,,WBSKG9C54CE798504,,E798504,"MSRP.1,ZCP,ZPP.3,2MK,302,494,6FL,6NF,6NR,655,752",,,"Jan 31, 2012",,,,,,,,,,,
300 - Alpine White,,NCSW - Black Novillo Leather,,WBSKG9C56CE798505,,E798505,"MSRP.1,ZCP,ZCW,2MK,302,322,415,4MY,507,609,6FL,6NF,6NR,655,752",,,"Feb 1, 2012",950,,CAN,,,,,,,,
W07 - Frozen Silver Metallic,,Z1XX - Unknown Upholstery Code,,WBSKG9C58CE798506,,E798506,"MSRP.1,ZCP,ZCW,2MK,302,322,415,507,609,6FL,6NF,6NR,655,752,771",,,"Feb 8, 2012",,,CAN,,,,,,,,
W07 - Frozen Silver Metallic,,Z1XX - Unknown Upholstery Code,,WBSKG9C5XCE798507,,E798507,"MSRP.1,ZCP,ZCW,2MK,302,322,415,507,609,6FL,6NF,6NR,655,752,771",,,"Feb 8, 2012",,,CAN,,,,,,,,
W07 - Frozen Silver Metallic,,Z1XX - Unknown Upholstery Code,,WBSKG9C51CE798508,,E798508,"MSRP.1,ZCP,ZCW,2MK,302,322,415,507,609,6FL,6NF,6NR,655,752,771",,,"Feb 8, 2012",,,CAN,,,,,,,,
W14 - Ind. Java Green Met.,,Z1XX - Unknown Upholstery Code,,WBSKG9C53CE798509,,E798509,"MSRP.1,IND,ZCP,ZPP.3,2MK,494,5AC,6NR,655,752",,,"Feb 8, 2012",,,,,,,,,,,
W07 - Frozen Silver Metallic,,Z1XX - Unknown Upholstery Code,,WBSKG9C5XCE798510,,E798510,"MSRP.1,ZCP,ZCW,2MK,302,322,415,507,609,6FL,6NF,6NR,655,752,771",,,"Feb 8, 2012",,,CAN,,,,,,,,
W07 - Frozen Silver Metallic,,Z1XX - Unknown Upholstery Code,,WBSKG9C51CE798511,,E798511,"MSRP.1,ZCP,ZCW,2MK,302,322,415,507,609,6FL,6NF,6NR,655,752,771",,,"Feb 8, 2012",,,CAN,,,,,,,,
W07 - Frozen Silver Metallic,,Z1XX - Unknown Upholstery Code,,WBSKG9C53CE798512,,E798512,"MSRP.1,ZCP,ZCW,2MK,302,322,415,507,609,6FL,6NF,6NR,655,752,771",,,"Feb 9, 2012",,,CAN,,,,,,,,
W07 - Frozen Silver Metallic,,Z1XX - Unknown Upholstery Code,,WBSKG9C55CE798513,,E798513,"MSRP.1,ZCP,ZCW,2MK,302,322,415,507,609,6FL,6NF,6NR,655,752,771",,,"Feb 10, 2012",,,CAN,,,,,,,,
W07 - Frozen Silver Metallic,,Z1XX - Unknown Upholstery Code,,WBSKG9C57CE798514,,E798514,"MSRP.1,ZCP,ZCW,2MK,302,322,415,507,609,6FL,6NF,6NR,655,752,771",,,"Feb 9, 2012",,,CAN,,,,,,,,
,,Z1XX - Unknown Upholstery Code,,WBSKG9C59CE798515,,E798515,"MSRP.1,ZCP,ZPP.3,2MK,302,494,5AC,6FL,6NF,6NR,655,752",,,"Feb 10, 2012",,,,,,,,,,,
A96 - Mineral White Metallic,,NCSW - Black Novillo Leather,,WBSKG9C50CE798516,,E798516,"MSRP.1,ZCP,ZCW,ZPP.3,302,6FL,752",,,"Feb 1, 2012",,,,,,,,,,,
A52 - Space Gray Metallic,,NCSW - Black Novillo Leather,,WBSKG9C52CE798517,,E798517,"MSRP.1,ZCP,ZCW,ZPP.3,302,6FL,655",,,"Feb 1, 2012",550,,,,,,,,,,
A96 - Mineral White Metallic,,NCSW - Black Novillo Leather,,WBSKG9C54CE798518,,E798518,"MSRP.1,ZCW,ZPP.3,302,6FL,6NF,6NR",,,"Feb 1, 2012",,,,,,,,,,,
A52 - Space Gray Metallic,,NCSW - Black Novillo Leather,,WBSKG9C56CE798519,,E798519,"MSRP.1,ZPP.3,2MT.1,302,494,6FL",,,"Feb 2, 2012",550,,,,,,,,,,
300 - Alpine White,,NCH5 - Fox Red/Black Novillo Leather,,WBSKG9C52CE798520,,E798520,"MSRP.1,ZCP,ZCW,ZPP.3,2MK,302,6FL,6NF,6NR,752",,,"Feb 2, 2012",,,,,,,,,,,
A52 - Space Gray Metallic,,NCH4 - Palladium/Black Novillo Leather,,WBSKG9C54CE798521,,E798521,"MSRP.1,ZCP,ZPP.1,302,403,494,5AC,6FL,6NF,6NR,655,752",,,"Feb 2, 2012",550,,,,,,,,,,
A96 - Mineral White Metallic,,NDSW - Black Extended Novillo Leather,,WBSKG9C56CE798522,,E798522,"MSRP.1,ZCP,ZCW,ZPP.3,2MK,302,5AC,6FL,6NF,6NR,655,752",,,"Feb 2, 2012",1100,,,,,,,,,,
300 - Alpine White,,NCH5 - Fox Red/Black Novillo Leather,,WBSKG9C58CE798523,,E798523,"MSRP.1,ZCP,302,494,6FL,655,771",,,"Feb 2, 2012",950,,,,,,,,,,
300 - Alpine White,,NCH5 - Fox Red/Black Novillo Leather,,WBSKG9C5XCE798524,,E798524,"MSRP.1,ZCP,ZPP.3,2MK,302,6FL",,,"Feb 2, 2012",,,,,,,,,,,
668 - Jet Black,,GEAT - Anthracite/Black Cloth & Leather,,WBSKG9C51CE798525,,E798525,"MSRP.1,302,4MY,609,6FL,6NF,6NR",,,"Feb 2, 2012",,,,,,,,,,,
A52 - Space Gray Metallic,,NCH2 - Fox Red Novillo Leather,,WBSKG9C53CE798526,,E798526,"MSRP.1,ZCP,ZCW,ZPP.1,2MK,302,6FL,6NF,6NR,752",,,"Feb 2, 2012",550,,,,,,,,,,
A96 - Mineral White Metallic,,NCH5 - Fox Red/Black Novillo Leather,,WBSKG9C55CE798527,,E798527,"MSRP.1,ZCP,ZPP.3,2MK,302,494,6FL,6NF,6NR,655,752",,,"Feb 3, 2012",,,,,,,,,,,
A96 - Mineral White Metallic,,NDH2 - Fox Red Extended Leather,,WBSKG9C57CE798528,,E798528,"MSRP.1,ZCP,ZPP.3,2MK,302,403,6FL,6NF,6NR,752",,,"Feb 3, 2012",1100,,,,,,,,,,
300 - Alpine White,,NCH2 - Fox Red Novillo Leather,,WBSKG9C59CE798529,,E798529,"MSRP.1,ZCP,302,6FL,771",,,"Feb 3, 2012",950,,,,,,,,,,
A96 - Mineral White Metallic,,NDH2 - Fox Red Extended Leather,,WBSKG9C55CE798530,,E798530,"MSRP.1,ZCP,ZCW,ZPP.3,2MK,302,5AC,6FL,6NF,6NR,655,752",,,"Feb 3, 2012",1100,,,,,,,,,,
A96 - Mineral White Metallic,,NCH2 - Fox Red Novillo Leather,,WBSKG9C57CE798531,,E798531,"MSRP.1,ZCP,ZCW,ZPP.3,302,5AC,6FL,6NF,6NR,655,752",,,"Feb 3, 2012",,,,,,,,,,,
300 - Alpine White,,GEAT - Anthracite/Black Cloth & Leather,,WBSKG9C59CE798532,,E798532,"MSRP.1,ZCP,ZCW,2MK,302,507,6FL,771",,,"Feb 3, 2012",,,,,,,,,,,
300 - Alpine White,,NCH5 - Fox Red/Black Novillo Leather,,WBSKG9C50CE798533,,E798533,"MSRP.1,ZPP.3,2MK,302,494,5AC,6FL,6NF,6NR,752",,,"Feb 6, 2012",,,,,,,,,,,
A96 - Mineral White Metallic,,NCH1 - Silver Novillo Leather,,WBSKG9C52CE798534,,E798534,"MSRP.1,ZCP,ZCW,ZPP.3,2MK,302,5AC,6FL,6NF,6NR,752",,,"Feb 6, 2012",,,,,,,,,,,
668 - Jet Black,,NCH2 - Fox Red Novillo Leather,,WBSKG9C54CE798535,,E798535,"MSRP.1,ZCP,ZPP.3,2MK,302,494,5AC,6FL,6NF,6NR,655,752",,,"Feb 8, 2012",,,,,,,,,,,
A73 - Jerez Black Metallic,,NCSW - Black Novillo Leather,,WBSKG9C56CE798536,,E798536,"MSRP.1,ZPP.2,302,6FL",,,"Feb 9, 2012",550,,,,,,,,,,
A52 - Space Gray Metallic,,NDSW - Black Extended Novillo Leather,,WBSKG9C58CE798537,,E798537,"MSRP.1,ZCP,ZPP.3,302,494,6FL,6NF,6NR,655,752",,,"Feb 9, 2012",550/1100,,,,,,,,,,
668 - Jet Black,,NCH5 - Fox Red/Black Novillo Leather,,WBSKG9C5XCE798538,,E798538,"MSRP.1,ZCP,ZPP.3,2MK,302,494,6FL,655,752",,,"Feb 15, 2012",,,,,,,,,,,
A29 - Silverstone Metallic II,,NCH5 - Fox Red/Black Novillo Leather,,WBSKG9C51CE798539,,E798539,"MSRP.1,ZCP,ZCW,ZPP.3,2MK,302,5AC,6FL,6NF,6NR,752",,,"Feb 16, 2012",550,,,,,,,,,,
300 - Alpine White,,NCSW - Black Novillo Leather,,WBSKG9C58CE798540,,E798540,"MSRP.1,ZCP,ZCW,2MK,302,322,415,4MY,507,609,6FL,6NF,6NR,655,752",,,"Feb 16, 2012",950,,CAN,,,,,,,,
300 - Alpine White,,NCSW - Black Novillo Leather,,WBSKG9C5XCE798541,,E798541,"MSRP.1,ZCP,ZCW,2MK,302,322,415,4MY,507,609,6FL,6NF,6NR,655,752",,,"Feb 18, 2012",950,,CAN,,,,,,,,
A96 - Mineral White Metallic,,NCH2 - Fox Red Novillo Leather,,WBSKG9C51CE798542,,E798542,"MSRP.1,ZPP.3,302,494,6FL",,,"Feb 20, 2012",,,,,,,,,,,
,,GEAT - Anthracite/Black Cloth & Leather,,WBSKG9C53CE798543,,E798543,"MSRP.1,ZCP,ZCW,2MK,302,322,4MY,6FL",,,"Feb 27, 2012",,,CAN,,,,,,,,
300 - Alpine White,,NCSW - Black Novillo Leather,,WBSKG9C55CE798544,,E798544,"MSRP.1,ZCP,ZCW,2MK,302,322,415,4MY,507,609,6FL,655,752",,,"Feb 21, 2012",950,,CAN,,,,,,,,
300 - Alpine White,,NCSW - Black Novillo Leather,,WBSKG9C57CE798545,,E798545,"MSRP.1,ZCP,ZCW,2MK,302,322,415,4MY,507,609,6FL,655,752",,,"Feb 22, 2012",950,,CAN,,,,,,,,
300 - Alpine White,,NCSW - Black Novillo Leather,,WBSKG9C59CE798546,,E798546,"MSRP.1,ZCP,ZCW,2MK,302,322,415,4MY,507,609,6FL,6NF,6NR,655,752",,,"Feb 24, 2012",950,,CAN,,,,,,,,
A52 - Space Gray Metallic,,NCSW - Black Novillo Leather,,WBSKG9C50CE798547,,E798547,"MSRP.1,ZCP,ZCW,2MK,302,322,415,4MY,507,609,6FL,6NF,6NR,655,752",,,"Feb 25, 2012",550/950,,CAN,,,,,,,,
300 - Alpine White,,NCSW - Black Novillo Leather,,WBSKG9C52CE798548,,E798548,"MSRP.1,ZCP,ZCW,2MK,302,322,415,4MY,507,609,6FL,655,752",,,"Feb 25, 2012",950,,CAN,,,,,,,,
300 - Alpine White,,NCSW - Black Novillo Leather,,WBSKG9C54CE798549,,E798549,"MSRP.1,ZCP,ZCW,2MK,302,322,415,4MY,507,609,6FL,655,752",,,"Feb 25, 2012",950,,CAN,,,,,,,,
300 - Alpine White,,NCSW - Black Novillo Leather,,WBSKG9C50CE798550,,E798550,"MSRP.1,ZCP,ZCW,2MK,302,322,415,4MY,507,609,6FL,6NF,6NR,655,752",,,"Feb 27, 2012",950,,CAN,,,,,,,,
300 - Alpine White,,NCSW - Black Novillo Leather,,WBSKG9C52CE798551,,E798551,"MSRP.1,ZCP,ZCW,2MK,302,322,415,4MY,507,609,6FL,655,752",,,"Feb 27, 2012",950,,CAN,,,,,,,,
300 - Alpine White,,NCSW - Black Novillo Leather,,WBSKG9C54CE798552,,E798552,"MSRP.1,ZCP,ZCW,2MK,302,322,415,4MY,507,609,6FL,655,752",,,"Feb 28, 2012",950,,CAN,,,,,,,,
300 - Alpine White,,NCH2 - Fox Red Novillo Leather,,WBSKG9C56CE798553,,E798553,"MSRP.1,ZCP,ZCW,2MK,302,322,415,4MY,507,609,6FL,655,752",,,"Feb 28, 2012",950,,CAN,,,,,,,,
,,Z1XX - Unknown Upholstery Code,,WBSKG9C58CE798554,,E798554,"MSRP.1,ZCP,ZCW,2MK,302,322,415,507,609,6FL,6NF,6NR,655,752,771",,,"Mar 1, 2012",,,CAN,,,,,,,,
,,Z1XX - Unknown Upholstery Code,,WBSKG9C5XCE798555,,E798555,"MSRP.1,ZCP,ZCW,2MK,302,322,415,507,609,6FL,6NF,6NR,655,752,771",,,"Mar 5, 2012",,,CAN,,,,,,,,
,,Z1XX - Unknown Upholstery Code,,WBSKG9C51CE798556,,E798556,"MSRP.1,ZCP,ZCW,2MK,302,322,415,507,609,6FL,6NF,6NR,655,752,771",,,"Mar 5, 2012",,,CAN,,,,,,,,
,,NCH1 - Silver Novillo Leather,,WBSKG9C53CE798557,,E798557,"MSRP.1,ZCP,ZPP.3,2MK,302,6FL",,,"Mar 5, 2012",,,,,,,,,,,
,,Z1XX - Unknown Upholstery Code,,WBSKG9C55CE798558,,E798558,"MSRP.1,ZCP,ZPP.3,2MK,302,494,5AC,6FL,6NF,6NR,655,752",,,"Mar 6, 2012",,,,,,,,,,,
,,Z1XX - Unknown Upholstery Code,,WBSKG9C57CE798559,,E798559,"MSRP.1,ZCP,ZCW,2MK,302,322,415,507,609,6FL,6NF,6NR,655,752,771",,,"Mar 6, 2012",,,CAN,,,,,,,,
,,Z1XX - Unknown Upholstery Code,,WBSKG9C53CE798560,,E798560,"MSRP.1,ZCP,ZCW,2MK,302,322,415,507,609,6FL,6NF,6NR,655,752,771",,,"Mar 6, 2012",,,CAN,,,,,,,,
300 - Alpine White,,NCSW - Black Novillo Leather,,WBSKG9C55CE798561,,E798561,"MSRP.1,494,507,609,6FL,655",,,"Mar 7, 2012",950,,,,,,,,,,
,,Z1XX - Unknown Upholstery Code,,WBSKG9C57CE798562,,E798562,"MSRP.1,ZCP,ZCW,2MK,302,322,415,507,609,6FL,6NF,6NR,655,752,771",,,"Mar 7, 2012",,,CAN,,,,,,,,
,,Z1XX - Unknown Upholstery Code,,WBSKG9C59CE798563,,E798563,"MSRP.1,ZCP,ZCW,2MK,302,322,415,507,609,6FL,6NF,6NR,655,752,771",,,"Mar 7, 2012",,,CAN,,,,,,,,
,,Z1XX - Unknown Upholstery Code,,WBSKG9C50CE798564,,E798564,"MSRP.1,ZCP,ZCW,2MK,302,322,415,507,609,6FL,6NF,6NR,655,752,771",,,"Mar 8, 2012",,,CAN,,,,,,,,
,,Z1XX - Unknown Upholstery Code,,WBSKG9C52CE798565,,E798565,"MSRP.1,ZCP,ZCW,2MK,302,322,415,507,609,6FL,6NF,6NR,655,752,771",,,"Mar 8, 2012",,,CAN,,,,,,,,
,,Z1XX - Unknown Upholstery Code,,WBSKG9C54CE798566,,E798566,"MSRP.1,ZCP,ZCW,2MK,302,322,415,507,609,6FL,6NF,6NR,655,752,771",,,"Mar 9, 2012",,,CAN,,,,,,,,
A52 - Space Gray Metallic,,NCSW - Black Novillo Leather,,WBSKG9C56CE798567,,E798567,"MSRP.1,ZCP,ZCW,ZPP.2,2MK,302,403,5AC,6FL,6NF,6NR,655,752",,,"Feb 28, 2012",550,,,,,,,,,,
A96 - Mineral White Metallic,,NCH2 - Fox Red Novillo Leather,,WBSKG9C58CE798568,,E798568,"MSRP.1,ZCP,ZCW,ZPP.3,302,5AC,6FL,6NF,6NR",,,"Feb 29, 2012",,,,,,,,,,,
A96 - Mineral White Metallic,,NDH2 - Fox Red Extended Leather,,WBSKG9C5XCE798569,,E798569,"MSRP.1,ZCP,ZPP.3,2MK,302,6FL,6NF,6NR",,,"Feb 29, 2012",1100,,,,,,,,,,
A52 - Space Gray Metallic,,NCH4 - Palladium/Black Novillo Leather,,WBSKG9C56CE798570,,E798570,"MSRP.1,ZCP,ZPP.3,2MK,302,494,6FL",,,"Feb 29, 2012",550,,,,,,,,,,
A52 - Space Gray Metallic,,NDH2 - Fox Red Extended Leather,,WBSKG9C58CE798571,,E798571,"MSRP.1,ZCP,ZPP.3,302,494,6FL,6NF,6NR,655",,,"Mar 1, 2012",550/1100,,,,,,,,,,
A96 - Mineral White Metallic,,NCH1 - Silver Novillo Leather,,WBSKG9C5XCE798572,,E798572,"MSRP.1,ZCP,ZPP.3,2MK,302,494,6FL",,,"Mar 1, 2012",,,,,,,,,,,
A75 - Melbourne Red Metallic,,NCSW - Black Novillo Leather,,WBSKG9C51CE798573,,E798573,"MSRP.1,ZCP,2MK,302,4MY,6FL",,,"Mar 2, 2012",550/950,,,,,,,,,,
A52 - Space Gray Metallic,,NCH5 - Fox Red/Black Novillo Leather,,WBSKG9C53CE798574,,E798574,"MSRP.1,ZCP,ZPP.3,302,403,494,6FL,6NF,6NR,655,752",,,"Mar 2, 2012",550,,,,,,,,,,
A52 - Space Gray Metallic,,NCSW - Black Novillo Leather,,WBSKG9C55CE798575,,E798575,"MSRP.1,ZPP.3,302,6FL,6NF,6NR,655,752",,,"Mar 2, 2012",550,,,,,,,,,,
A29 - Silverstone Metallic II,,NCH2 - Fox Red Novillo Leather,,WBSKG9C57CE798576,,E798576,"MSRP.1,ZCP,302,494,4MY,6FL",,,"Mar 5, 2012",550/950,,,,,,,,,,
A52 - Space Gray Metallic,,NCSW - Black Novillo Leather,,WBSKG9C59CE798577,,E798577,"MSRP.1,ZCW,ZPP.3,302,6FL,6NF,6NR,752",,,"Mar 5, 2012",550,,,,,,,,,,
,,NCSW - Black Novillo Leather,,WBSKG9C50CE798578,,E798578,"MSRP.1,ZCP,ZCW,ZPP.3,2MK,302,6FL",,,"Mar 12, 2012",,,,,,,,,,,
,,NCSW - Black Novillo Leather,,WBSKG9C52CE798579,,E798579,"MSRP.1,ZCP,ZPP.3,2MK,302,494,6FL,655",,,"Mar 13, 2012",,,,,,,,,,,
,,NCSW - Black Novillo Leather,,WBSKG9C59CE798580,,E798580,"MSRP.1,ZCW,ZPP.1,2MK,302,403,6FL,655",,,"Mar 13, 2012",,,,,,,,,,,
,,ZAP2 - Unknown Upholstery Code,,WBSKG9C50CE798581,,E798581,"MSRP.1,ZCP,ZCW,ZPP.3,2MK,302,5AC,6FL,6NF,6NR,655,752",,,"Mar 14, 2012",,,,,,,,,,,
300 - Alpine White,,Z1XX - Unknown Upholstery Code,,WBSKG9C52CE798582,,E798582,"MSRP.1,494,507,609,6FL,655",,,"Mar 16, 2012",,,,,,,,,,,
X04 - Unknown Paint Code,,NCSW - Black Novillo Leather,,WBSKG9C54CE798583,,E798583,"MSRP.1,ZCW,2MT.1,302,322,403,415,507,6FL,655,752",,,"Mar 16, 2012",950,,CAN,,,,,,,,
,,NCH3 - Beige Novillo Leather,,WBSKG9C56CE798584,,E798584,"MSRP.1,ZCP,ZCW,ZPP.1,2MK,302,6FL,6NF,6NR,655,752",,,"Mar 16, 2012",,,,,,,,,,,
381 - Le Mans Blue Metallic,,GEAT - Anthracite/Black Cloth & Leather,,WBSKG9C58CE798585,,E798585,"MSRP.1,302,322,403,494,4MX,507,6FL,655",,,"Mar 8, 2012",550,,,,,,,,,,
A52 - Space Gray Metallic,,NCSW - Black Novillo Leather,,WBSKG9C5XCE798586,,E798586,"MSRP.1,ZCP,ZPP.1,2MK,302,6FL",,,"Mar 10, 2012",550,,,,,,,,,,
A30 - Interlagos Blue Metallic,,NCSW - Black Novillo Leather,,WBSKG9C51CE798587,,E798587,"MSRP.1,ZPP.3,2MT.1,302,494,6FL,655",,,"Mar 10, 2012",550,,,,,,,,,,
A30 - Interlagos Blue Metallic,,NCH5 - Fox Red/Black Novillo Leather,,WBSKG9C53CE798588,,E798588,"MSRP.1,ZPP.1,302,6FL",,,"Mar 12, 2012",550,,,,,,,,,,
A73 - Jerez Black Metallic,,NCSW - Black Novillo Leather,,WBSKG9C55CE798589,,E798589,"MSRP.1,ZCP,ZPP.3,2MK,302,6FL,6NF,6NR",,,"Mar 12, 2012",550,,,,,,,,,,
A96 - Mineral White Metallic,,NCH2 - Fox Red Novillo Leather,,WBSKG9C51CE798590,,E798590,"MSRP.1,ZCP,ZPP.3,302,6FL,655,752",,,"Mar 14, 2012",,,,,,,,,,,
,,NCSW - Black Novillo Leather,,WBSKG9C53CE798591,,E798591,"MSRP.1,ZCP,ZCW,302,322,4MY,609,6FL,6NF,6NR",,,"Mar 20, 2012",950,,CAN,,,,,,,,
,,GEAT - Anthracite/Black Cloth & Leather,,WBSKG9C55CE798592,,E798592,"MSRP.1,302,4MY,6FL",,,"Mar 21, 2012",,,,,,,,,,,
,,NCSW - Black Novillo Leather,,WBSKG9C57CE798593,,E798593,"MSRP.1,ZCP,ZPP.3,302,494,6FL,752",,,"Mar 21, 2012",,,,,,,,,,,
300 - Alpine White,,NCSW - Black Novillo Leather,,WBSKG9C59CE798594,,E798594,"MSRP.1,ZCP,ZPP.3,2MK,302,494,6FL,6NF,6NR,752",,,"Mar 14, 2012",,,,,,,,,,,
A52 - Space Gray Metallic,,NCH2 - Fox Red Novillo Leather,,WBSKG9C50CE798595,,E798595,"MSRP.1,ZCP,ZPP.3,2MK,302,494,6FL,6NF,6NR,655,752",,,"Mar 15, 2012",550,,,,,,,,,,
300 - Alpine White,,NCSW - Black Novillo Leather,,WBSKG9C52CE798596,,E798596,"MSRP.1,ZCW,2MK,2MT.1,302,322,415,4MY,507,609,6FL,6NF,6NR,655,752",,,"Mar 15, 2012",950,,CAN,,,,,,,,
,,NDSW - Black Extended Novillo Leather,,WBSKG9C54CE798597,,E798597,"MSRP.1,ZCP,ZPP.3,2MK,302,494,6FL,6NF,6NR,655,752",,,"Mar 26, 2012",1100,,,,,,,,,,
,,NDSW - Black Extended Novillo Leather,,WBSKG9C56CE798598,,E798598,"MSRP.1,ZCP,ZCW,2MK,302,322,415,4MY,507,609,6FL,6NF,6NR,655,752",,,"Mar 28, 2012",2000,,CAN,,,,,,,,
,,NDSW - Black Extended Novillo Leather,,WBSKG9C58CE798599,,E798599,"MSRP.1,ZCP,ZCW,2MK,302,322,415,4MY,507,609,6FL,6NF,6NR,655,752",,,"Mar 28, 2012",2000,,CAN,,,,,,,,
,,NCSW - Black Novillo Leather,,WBSKG9C50CE798600,,E798600,"MSRP.1,ZCP,ZCW,2MK,302,322,415,4MY,507,609,6FL,655,752",,,"Mar 30, 2012",950,,CAN,,,,,,,,
668 - Jet Black,,NCSW - Black Novillo Leather,,WBSKG9C52CE798601,,E798601,"MSRP.1,ZCP,ZCW,2MK,302,322,403,415,4MY,507,609,6FL,6NF,6NR,655,752",,,"Mar 29, 2012",950,,CAN,,,,,,,,
,,NDSW - Black Extended Novillo Leather,,WBSKG9C54CE798602,,E798602,"MSRP.1,ZCP,ZPP.3,2MK,302,494,6FL,6NF,6NR,655,752",,,"Mar 30, 2012",1100,,,,,,,,,,
300 - Alpine White,,GEAT - Anthracite/Black Cloth & Leather,,WBSKG9C56CE798603,,E798603,"MSRP.1,ZCP,302,494,4MY,609,6FL",,,"Mar 15, 2012",,,,,,,,,,,
A29 - Silverstone Metallic II,,NCH1 - Silver Novillo Leather,,WBSKG9C58CE798604,,E798604,"MSRP.1,ZCW,ZPP.3,302,6FL,6NF,6NR",,,"Mar 15, 2012",550,,,,,,,,,,
300 - Alpine White,,NCH3 - Beige Novillo Leather,,WBSKG9C5XCE798605,,E798605,"MSRP.1,ZCW,302,322,415,4MY,507,609,6FL,655,752",,,"Mar 15, 2012",950,,CAN,,,,,,,,
381 - Le Mans Blue Metallic,,NCH3 - Beige Novillo Leather,,WBSKG9C51CE798606,,E798606,"MSRP.1,ZCW,ZPP.2,302,6FL,655",,,"Mar 15, 2012",550,,,,,,,,,,
381 - Le Mans Blue Metallic,,NCH2 - Fox Red Novillo Leather,,WBSKG9C53CE798607,,E798607,"MSRP.1,ZCP,ZPP.3,302,494,6FL,6NF,6NR,752",,,"Mar 16, 2012",550,,,,,,,,,,
381 - Le Mans Blue Metallic,,NCSW - Black Novillo Leather,,WBSKG9C55CE798608,,E798608,"MSRP.1,ZCP,ZPP.3,2MK,302,494,6FL,6NF,6NR,655,752",,,"Mar 16, 2012",550,,,,,,,,,,
A52 - Space Gray Metallic,,NCSW - Black Novillo Leather,,WBSKG9C57CE798609,,E798609,"MSRP.1,ZCP,ZCW,ZPP.1,302,403,6FL,6NF,6NR",,,"Mar 16, 2012",550,,,,,,,,,,
381 - Le Mans Blue Metallic,,NDSW - Black Extended Novillo Leather,,WBSKG9C53CE798610,,E798610,"MSRP.1,ZPP.3,2MT.1,302,403,494,5AC,6FL,655,752",,,"Mar 16, 2012",550/1100,,,,,,,,,,
381 - Le Mans Blue Metallic,,NCH3 - Beige Novillo Leather,,WBSKG9C55CE798611,,E798611,"MSRP.1,ZCP,ZPP.2,302,403,6FL,6NF,6NR,655,752",,,"Mar 16, 2012",550,,,,,,,,,,
A75 - Melbourne Red Metallic,,NCSW - Black Novillo Leather,,WBSKG9C57CE798612,,E798612,"MSRP.1,ZCP,302,4MY,6FL,655",,,"Mar 16, 2012",550/950,,,,,,,,,,
300 - Alpine White,,NCSW - Black Novillo Leather,,WBSKG9C59CE798613,,E798613,"MSRP.1,ZCP,ZPP.2,2MK,302,494,6FL,6NF,6NR,655,752",,,"Mar 16, 2012",,,,,,,,,,,
300 - Alpine White,,NDSW - Black Extended Novillo Leather,,WBSKG9C50CE798614,,E798614,"MSRP.1,ZCP,ZPP.3,302,6FL,6NF,6NR,752",,,"Mar 16, 2012",1100,,,,,,,,,,
A75 - Melbourne Red Metallic,,NCSW - Black Novillo Leather,,WBSKG9C52CE798615,,E798615,"MSRP.1,ZCP,ZPP.2,302,494,6FL,655",,,"Mar 16, 2012",550,,,,,,,,,,
A75 - Melbourne Red Metallic,,NCSW - Black Novillo Leather,,WBSKG9C54CE798616,,E798616,"MSRP.1,ZCP,ZPP.3,2MK,302,494,6FL,6NF,6NR,655,752",,,"Mar 16, 2012",550,,,,,,,,,,
A29 - Silverstone Metallic II,,NCSW - Black Novillo Leather,,WBSKG9C56CE798617,,E798617,"MSRP.1,ZCW,ZPP.3,2MK,302,6FL,655,752",,,"Mar 16, 2012",550,,,,,,,,,,
668 - Jet Black,,NDH3 - Beige Novillo Extended Leather,,WBSKG9C58CE798618,,E798618,"MSRP.1,ZCP,ZPP.2,2MK,302,403,494,5AC,6FL,6NF,6NR,655,752",,,"Mar 16, 2012",1100,,,,,,,,,,
A52 - Space Gray Metallic,,NCH2 - Fox Red Novillo Leather,,WBSKG9C5XCE798619,,E798619,"MSRP.1,302,507,609,6FL,771",,,"Mar 16, 2012",550/950,,,,,,,,,,
668 - Jet Black,,NCSW - Black Novillo Leather,,WBSKG9C56CE798620,,E798620,"MSRP.1,ZCP,2MK,302,322,494,4MY,609,6FL",,,"Mar 17, 2012",950,,,,,,,,,,
A29 - Silverstone Metallic II,,NCH4 - Palladium/Black Novillo Leather,,WBSKG9C58CE798621,,E798621,"MSRP.1,ZCP,ZPP.3,2MK,302,403,494,6FL,655,752",,,"Mar 17, 2012",550,,,,,,,,,,
A29 - Silverstone Metallic II,,NCSW - Black Novillo Leather,,WBSKG9C5XCE798622,,E798622,"MSRP.1,ZCP,ZPP.2,2MK,302,403,5AC,6FL,6NF,6NR,655",,,"Mar 17, 2012",550,,,,,,,,,,
A96 - Mineral White Metallic,,NCSW - Black Novillo Leather,,WBSKG9C51CE798623,,E798623,"MSRP.1,ZCP,ZPP.3,2MK,302,494,6FL,6NF,6NR,655",,,"Mar 17, 2012",,,,,,,,,,,
A52 - Space Gray Metallic,,NCSW - Black Novillo Leather,,WBSKG9C53CE798624,,E798624,"MSRP.1,ZPP.3,2MK,2MT.1,302,6FL,6NF,6NR",,,"Mar 17, 2012",550,,,,,,,,,,
A96 - Mineral White Metallic,,NCSW - Black Novillo Leather,,WBSKG9C55CE798625,,E798625,"MSRP.1,ZCP,ZPP.3,2MK,302,494,6FL",,,"Mar 17, 2012",,,,,,,,,,,
A96 - Mineral White Metallic,,NCSW - Black Novillo Leather,,WBSKG9C57CE798626,,E798626,"MSRP.1,ZCP,ZPP.2,2MK,302,494,6FL,752",,,"Mar 17, 2012",,,,,,,,,,,
A73 - Jerez Black Metallic,,NCSW - Black Novillo Leather,,WBSKG9C59CE798627,,E798627,"MSRP.1,ZCP,ZCW,ZPP.1,302,5AC,6FL,655",,,"Mar 17, 2012",550,,,,,,,,,,
A30 - Interlagos Blue Metallic,,NCH1 - Silver Novillo Leather,,WBSKG9C50CE798628,,E798628,"MSRP.1,302,4MY,507,6FL",,,"Mar 19, 2012",550/950,,,,,,,,,,
A52 - Space Gray Metallic,,NCSW - Black Novillo Leather,,WBSKG9C52CE798629,,E798629,"MSRP.1,302,403,415,494,4MZ,6FL",,,"Mar 19, 2012",550/950,,,,,,,,,,
300 - Alpine White,,NCSW - Black Novillo Leather,,WBSKG9C59CE798630,,E798630,"MSRP.1,ZPP.1,2MT.1,302,403,494,6FL,655",,,"Mar 19, 2012",,,,,,,,,,,
A30 - Interlagos Blue Metallic,,NCH1 - Silver Novillo Leather,,WBSKG9C50CE798631,,E798631,"MSRP.1,ZCP,ZCW,302,322,403,4MX,609,6FL",,,"Mar 19, 2012",550/950,,CAN,,,,,,,,
A96 - Mineral White Metallic,,NDH2 - Fox Red Extended Leather,,WBSKG9C52CE798632,,E798632,"MSRP.1,ZCP,ZPP.2,2MK,302,403,494,6FL,6NF,6NR,655,752",,,"Mar 19, 2012",1100,,,,,,,,,,
300 - Alpine White,,NDH1 - Silver Novillo Extended Leather,,WBSKG9C54CE798633,,E798633,"MSRP.1,ZCP,ZCW,ZPP.3,2MK,302,6FL,6NF,6NR,655,752",,,"Mar 19, 2012",1100,,,,,,,,,,
A52 - Space Gray Metallic,,NDSW - Black Extended Novillo Leather,,WBSKG9C56CE798634,,E798634,"MSRP.1,ZCP,ZPP.3,302,6FL",,,"Mar 19, 2012",550/1100,,,,,,,,,,
A52 - Space Gray Metallic,,NCSW - Black Novillo Leather,,WBSKG9C58CE798635,,E798635,"MSRP.1,ZCP,ZPP.3,2MK,302,494,6FL,655,752",,,"Mar 19, 2012",550,,,,,,,,,,
300 - Alpine White,,NCSW - Black Novillo Leather,,WBSKG9C5XCE798636,,E798636,"MSRP.1,ZCP,ZCW,ZPP.3,2MK,302,6FL,6NF,6NR,655,752",,,"Mar 19, 2012",,,,,,,,,,,
300 - Alpine White,,NDH3 - Beige Novillo Extended Leather,,WBSKG9C51CE798637,,E798637,"MSRP.1,ZPP.1,2MK,302,6FL,6NF,6NR,655,752",,,"Mar 19, 2012",1100,,,,,,,,,,
300 - Alpine White,,NCSW - Black Novillo Leather,,WBSKG9C53CE798638,,E798638,"MSRP.1,ZCP,ZPP.3,2MK,302,6FL",,,"Mar 19, 2012",,,,,,,,,,,
A96 - Mineral White Metallic,,NCSW - Black Novillo Leather,,WBSKG9C55CE798639,,E798639,"MSRP.1,302,322,494,4MY,609,6FL",,,"Mar 19, 2012",950,,,,,,,,,,
668 - Jet Black,,NCSW - Black Novillo Leather,,WBSKG9C51CE798640,,E798640,"MSRP.1,ZCW,302,4MY,6FL,655",,,"Mar 19, 2012",950,,,,,,,,,,
668 - Jet Black,,NCSW - Black Novillo Leather,,WBSKG9C53CE798641,,E798641,"MSRP.1,ZCP,302,403,494,4MY,6FL",,,"Mar 19, 2012",950,,,,,,,,,,
A73 - Jerez Black Metallic,,NCSW - Black Novillo Leather,,WBSKG9C55CE798642,,E798642,"MSRP.1,ZCP,302,494,4MX,6FL,655",,,"Mar 19, 2012",550/950,,,,,,,,,,
A75 - Melbourne Red Metallic,,NCH5 - Fox Red/Black Novillo Leather,,WBSKG9C57CE798643,,E798643,"MSRP.1,ZCP,ZPP.3,2MK,302,494,5AC,6FL,655,752",,,"Mar 20, 2012",550,,,,,,,,,,
A75 - Melbourne Red Metallic,,NDSW - Black Extended Novillo Leather,,WBSKG9C59CE798644,,E798644,"MSRP.1,ZCP,ZPP.3,2MK,302,403,5AC,6FL,752",,,"Mar 20, 2012",550/1100,,,,,,,,,,
A75 - Melbourne Red Metallic,,NCH5 - Fox Red/Black Novillo Leather,,WBSKG9C50CE798645,,E798645,"MSRP.1,ZCP,ZCW,ZPP.3,2MK,302,403,5AC,6FL,655,752",,,"Mar 20, 2012",550,,,,,,,,,,
A52 - Space Gray Metallic,,NDSW - Black Extended Novillo Leather,,WBSKG9C52CE798646,,E798646,"MSRP.1,ZCP,ZCW,ZPP.3,302,403,5AC,6FL,6NF,6NR,752",,,"Mar 20, 2012",550/1100,,,,,,,,,,
A75 - Melbourne Red Metallic,,NCSW - Black Novillo Leather,,WBSKG9C54CE798647,,E798647,"MSRP.1,ZCP,ZCW,ZPP.3,2MK,302,6FL,6NF,6NR,752",,,"Mar 20, 2012",550,,,,,,,,,,
300 - Alpine White,,NCH2 - Fox Red Novillo Leather,,WBSKG9C56CE798648,,E798648,"MSRP.1,ZCP,302,322,4MY,6FL",,,"Mar 20, 2012",950,,,,,,,,,,
668 - Jet Black,,NCSW - Black Novillo Leather,,WBSKG9C58CE798649,,E798649,"MSRP.1,ZCP,ZPP.3,302,403,494,6FL",,,"Mar 20, 2012",,,,,,,,,,,
A75 - Melbourne Red Metallic,,NDSW - Black Extended Novillo Leather,,WBSKG9C54CE798650,,E798650,"MSRP.1,ZCP,ZPP.3,2MK,302,494,5AC,6FL",,,"Mar 20, 2012",550/1100,,,,,,,,,,
668 - Jet Black,,NDSW - Black Extended Novillo Leather,,WBSKG9C56CE798651,,E798651,"MSRP.1,ZCP,ZCW,ZPP.3,2MK,302,5AC,6FL,6NF,6NR,655,752",,,"Mar 20, 2012",1100,,,,,,,,,,
300 - Alpine White,,NCH5 - Fox Red/Black Novillo Leather,,WBSKG9C58CE798652,,E798652,"MSRP.1,ZCW,ZPP.3,2MT.1,302,403,6FL,655",,,"Mar 20, 2012",,,,,,,,,,,
A30 - Interlagos Blue Metallic,,NCH4 - Palladium/Black Novillo Leather,,WBSKG9C5XCE798653,,E798653,"MSRP.1,ZCP,ZPP.1,302,403,6FL,6NF,6NR,752",,,"Mar 20, 2012",550,,,,,,,,,,
668 - Jet Black,,NDSW - Black Extended Novillo Leather,,WBSKG9C51CE798654,,E798654,"MSRP.1,ZCP,ZPP.3,302,494,5AC,6FL,6NF,6NR,655,752",,,"Mar 20, 2012",1100,,,,,,,,,,
A30 - Interlagos Blue Metallic,,NCH1 - Silver Novillo Leather,,WBSKG9C53CE798655,,E798655,"MSRP.1,ZCP,302,4MX,6FL,655",,,"Mar 20, 2012",550/950,,,,,,,,,,
300 - Alpine White,,NDSW - Black Extended Novillo Leather,,WBSKG9C55CE798656,,E798656,"MSRP.1,ZCP,ZCW,ZPP.3,2MK,302,6FL,6NF,6NR,655,752",,,"Mar 20, 2012",1100,,,,,,,,,,
A52 - Space Gray Metallic,,NCSW - Black Novillo Leather,,WBSKG9C57CE798657,,E798657,"MSRP.1,ZCP,ZPP.3,302,494,6FL,6NF,6NR,655,752",,,"Mar 21, 2012",550,,,,,,,,,,
300 - Alpine White,,NCH4 - Palladium/Black Novillo Leather,,WBSKG9C59CE798658,,E798658,"MSRP.1,ZCP,ZCW,ZPP.3,2MK,302,403,6FL,655,752",,,"Mar 21, 2012",,,,,,,,,,,
A52 - Space Gray Metallic,,NCH4 - Palladium/Black Novillo Leather,,WBSKG9C50CE798659,,E798659,"MSRP.1,ZPP.1,2MK,2MT.1,302,494,6FL,655",,,"Mar 21, 2012",550,,,,,,,,,,
A52 - Space Gray Metallic,,NCH2 - Fox Red Novillo Leather,,WBSKG9C57CE798660,,E798660,"MSRP.1,ZCP,ZCW,ZPP.3,2MK,302,5AC,6FL,6NF,6NR,655,752",,,"Mar 21, 2012",550,,,,,,,,,,
A52 - Space Gray Metallic,,NCH5 - Fox Red/Black Novillo Leather,,WBSKG9C59CE798661,,E798661,"MSRP.1,ZPP.3,302,494,6FL,6NF,6NR,752",,,"Mar 21, 2012",550,,,,,,,,,,
A73 - Jerez Black Metallic,,NCH3 - Beige Novillo Leather,,WBSKG9C50CE798662,,E798662,"MSRP.1,ZCP,ZPP.3,302,494,6FL",,,"Mar 21, 2012",550,,,,,,,,,,
A73 - Jerez Black Metallic,,NCH2 - Fox Red Novillo Leather,,WBSKG9C52CE798663,,E798663,"MSRP.1,ZCP,ZCW,302,322,415,4MY,507,609,6FL,655,752",,,"Mar 21, 2012",550/950,,CAN,,,,,,,,
A52 - Space Gray Metallic,,NCSW - Black Novillo Leather,,WBSKG9C54CE798664,,E798664,"MSRP.1,ZPP.1,2MK,2MT.1,302,403,6FL,752",,,"Mar 21, 2012",550,,,,,,,,,,
A73 - Jerez Black Metallic,,NCSW - Black Novillo Leather,,WBSKG9C56CE798665,,E798665,"MSRP.1,ZCP,ZCW,ZPP.3,2MK,302,403,5AC,6FL,6NF,6NR,655",,,"Mar 21, 2012",550,,,,,,,,,,
A30 - Interlagos Blue Metallic,,NCH1 - Silver Novillo Leather,,WBSKG9C58CE798666,,E798666,"MSRP.1,2MK,302,494,4MX,6FL,655",,,"Mar 21, 2012",550/950,,,,,,,,,,
300 - Alpine White,,NDSW - Black Extended Novillo Leather,,WBSKG9C5XCE798667,,E798667,"MSRP.1,ZCP,ZPP.3,2MK,302,494,6FL,6NF,6NR,655,752",,,"Mar 21, 2012",1100,,,,,,,,,,
300 - Alpine White,,NCSW - Black Novillo Leather,,WBSKG9C51CE798668,,E798668,"MSRP.1,ZPP.2,2MT.1,302,6FL,6NF,6NR",,,"Mar 21, 2012",,,,,,,,,,,
300 - Alpine White,,NCH5 - Fox Red/Black Novillo Leather,,WBSKG9C53CE798669,,E798669,"MSRP.1,ZCP,ZPP.3,2MK,302,494,6FL,6NF,6NR,655,752",,,"Mar 21, 2012",,,,,,,,,,,
300 - Alpine White,,NCSW - Black Novillo Leather,,WBSKG9C5XCE798670,,E798670,"MSRP.1,ZCP,ZCW,ZPP.3,302,6FL,655,752",,,"Mar 21, 2012",,,,,,,,,,,
A73 - Jerez Black Metallic,,NDSW - Black Extended Novillo Leather,,WBSKG9C51CE798671,,E798671,"MSRP.1,ZCP,ZCW,302,322,415,4MY,507,609,6FL,6NF,6NR,655,752",,,"Mar 22, 2012",550/2000,,CAN,,,,,,,,
A96 - Mineral White Metallic,,NCSW - Black Novillo Leather,,WBSKG9C53CE798672,,E798672,"MSRP.1,ZCP,ZPP.3,2MK,302,6FL",,,"Mar 22, 2012",,,,,,,,,,,
A96 - Mineral White Metallic,,NCSW - Black Novillo Leather,,WBSKG9C55CE798673,,E798673,"MSRP.1,ZCW,ZPP.3,2MK,2MT.1,302,6FL,6NF,6NR,655,752",,,"Mar 22, 2012",,,,,,,,,,,
A96 - Mineral White Metallic,,NDSW - Black Extended Novillo Leather,,WBSKG9C57CE798674,,E798674,"MSRP.1,ZCP,ZCW,ZPP.3,2MK,302,5AC,6FL,6NF,6NR,655,752",,,"Mar 22, 2012",1100,,,,,,,,,,
300 - Alpine White,,NDH2 - Fox Red Extended Leather,,WBSKG9C59CE798675,,E798675,"MSRP.1,ZCP,ZCW,302,322,415,4MY,507,609,6FL,6NF,6NR,655,752",,,"Mar 22, 2012",2000,,CAN,,,,,,,,
A30 - Interlagos Blue Metallic,,GEAT - Anthracite/Black Cloth & Leather,,WBSKG9C50CE798676,,E798676,"MSRP.1,ZCP,302,4MY,609,6FL",,,"Mar 22, 2012",550,,,,,,,,,,
668 - Jet Black,,NDSW - Black Extended Novillo Leather,,WBSKG9C52CE798677,,E798677,"MSRP.1,ZCP,ZPP.3,2MK,302,403,494,6FL,655,752",,,"Mar 22, 2012",1100,,,,,,,,,,
300 - Alpine White,,NCSW - Black Novillo Leather,,WBSKG9C54CE798678,,E798678,"MSRP.1,ZCP,ZPP.1,302,6FL,6NF,6NR,752",,,"Mar 22, 2012",,,,,,,,,,,
300 - Alpine White,,NDSW - Black Extended Novillo Leather,,WBSKG9C56CE798679,,E798679,"MSRP.1,ZPP.3,2MK,2MT.1,302,6FL,6NF,6NR,655",,,"Mar 22, 2012",1100,,,,,,,,,,
A75 - Melbourne Red Metallic,,NCSW - Black Novillo Leather,,WBSKG9C52CE798680,,E798680,"MSRP.1,ZCP,ZPP.3,302,6FL,6NF,6NR,655",,,"Mar 22, 2012",550,,,,,,,,,,
A52 - Space Gray Metallic,,NDSW - Black Extended Novillo Leather,,WBSKG9C54CE798681,,E798681,"MSRP.1,ZCP,ZPP.3,302,494,6FL,752",,,"Mar 22, 2012",550/1100,,,,,,,,,,
381 - Le Mans Blue Metallic,,NCH3 - Beige Novillo Leather,,WBSKG9C56CE798682,,E798682,"MSRP.1,ZCP,ZPP.2,2MK,302,403,494,5AC,6FL,6NF,6NR",,,"Mar 23, 2012",550,,,,,,,,,,
A52 - Space Gray Metallic,,NCSW - Black Novillo Leather,,WBSKG9C58CE798683,,E798683,"MSRP.1,ZCP,ZPP.3,2MK,302,494,5AC,6FL,6NF,6NR,655,752",,,"Mar 23, 2012",550,,,,,,,,,,
A73 - Jerez Black Metallic,,NCH4 - Palladium/Black Novillo Leather,,WBSKG9C5XCE798684,,E798684,"MSRP.1,ZPP.1,2MK,302,403,494,6FL,6NF,6NR,655,752",,,"Mar 23, 2012",550,,,,,,,,,,
668 - Jet Black,,NCSW - Black Novillo Leather,,WBSKG9C51CE798685,,E798685,"MSRP.1,ZCP,ZPP.3,302,494,6FL,655,752",,,"Mar 23, 2012",,,,,,,,,,,
A75 - Melbourne Red Metallic,,NCH5 - Fox Red/Black Novillo Leather,,WBSKG9C53CE798686,,E798686,"MSRP.1,ZCW,ZPP.1,2MK,2MT.1,302,403,6FL,6NF,6NR",,,"Mar 23, 2012",550,,,,,,,,,,
A75 - Melbourne Red Metallic,,NCSW - Black Novillo Leather,,WBSKG9C55CE798687,,E798687,"MSRP.1,ZCP,ZPP.3,302,403,494,6FL,6NF,6NR,752",,,"Mar 23, 2012",550,,,,,,,,,,
381 - Le Mans Blue Metallic,,NCSW - Black Novillo Leather,,WBSKG9C57CE798688,,E798688,"MSRP.1,ZCP,ZPP.3,2MK,302,6FL,655",,,"Mar 23, 2012",550,,,,,,,,,,
A75 - Melbourne Red Metallic,,NCH5 - Fox Red/Black Novillo Leather,,WBSKG9C59CE798689,,E798689,"MSRP.1,ZCP,ZCW,ZPP.1,302,6FL,752",,,"Mar 23, 2012",550,,,,,,,,,,
A96 - Mineral White Metallic,,NCSW - Black Novillo Leather,,WBSKG9C55CE798690,,E798690,"MSRP.1,ZCP,ZPP.3,2MK,302,494,6FL,6NF,6NR,655,752",,,"Mar 23, 2012",,,,,,,,,,,
A96 - Mineral White Metallic,,NCSW - Black Novillo Leather,,WBSKG9C57CE798691,,E798691,"MSRP.1,ZCP,ZPP.3,2MK,302,494,6FL,6NF,6NR,655,752",,,"Mar 23, 2012",,,,,,,,,,,
A75 - Melbourne Red Metallic,,NDH3 - Beige Novillo Extended Leather,,WBSKG9C59CE798692,,E798692,"MSRP.1,ZCP,ZPP.3,2MK,302,494,5AC,6FL,752",,,"Mar 23, 2012",550/1100,,,,,,,,,,
A75 - Melbourne Red Metallic,,NCSW - Black Novillo Leather,,WBSKG9C50CE798693,,E798693,"MSRP.1,2MK,302,4MX,609,6FL",,,"Mar 23, 2012",550/950,,,,,,,,,,
A30 - Interlagos Blue Metallic,,NCSW - Black Novillo Leather,,WBSKG9C52CE798694,,E798694,"MSRP.1,ZPP.3,2MK,302,6FL",,,"Mar 23, 2012",550,,,,,,,,,,
A73 - Jerez Black Metallic,,NDH3 - Beige Novillo Extended Leather,,WBSKG9C54CE798695,,E798695,"MSRP.1,ZCP,ZPP.3,302,6FL,655,752",,,"Mar 23, 2012",550/1100,,,,,,,,,,
A73 - Jerez Black Metallic,,NCSW - Black Novillo Leather,,WBSKG9C56CE798696,,E798696,"MSRP.1,ZPP.2,2MK,302,6FL",,,"Mar 23, 2012",550,,,,,,,,,,
668 - Jet Black,,NCSW - Black Novillo Leather,,WBSKG9C58CE798697,,E798697,"MSRP.1,ZCP,ZPP.3,2MK,302,494,5AC,6FL,6NF,6NR,655,752",,,"Mar 23, 2012",,,,,,,,,,,
668 - Jet Black,,NCSW - Black Novillo Leather,,WBSKG9C5XCE798698,,E798698,"MSRP.1,ZCP,ZCW,ZPP.3,2MK,302,403,5AC,6FL,6NF,6NR,752",,,"Mar 23, 2012",,,,,,,,,,,
668 - Jet Black,,NDH2 - Fox Red Extended Leather,,WBSKG9C51CE798699,,E798699,"MSRP.1,ZCP,ZCW,ZPP.3,2MK,302,6FL,655",,,"Mar 23, 2012",1100,,,,,,,,,,
300 - Alpine White,,NCH2 - Fox Red Novillo Leather,,WBSKG9C54CE798700,,E798700,"MSRP.1,ZCP,ZPP.3,2MK,302,494,6FL,655",,,"Mar 24, 2012",,,,,,,,,,,
A52 - Space Gray Metallic,,NCSW - Black Novillo Leather,,WBSKG9C56CE798701,,E798701,"MSRP.1,ZPP.3,2MK,302,494,6FL",,,"Mar 24, 2012",550,,,,,,,,,,
A30 - Interlagos Blue Metallic,,NDSW - Black Extended Novillo Leather,,WBSKG9C58CE798702,,E798702,"MSRP.1,ZCP,ZCW,ZPP.3,302,5AC,6FL,6NF,6NR,655,752",,,"Mar 24, 2012",550/1100,,,,,,,,,,
300 - Alpine White,,NDSW - Black Extended Novillo Leather,,WBSKG9C5XCE798703,,E798703,"MSRP.1,ZCP,ZCW,ZPP.3,2MK,302,403,6FL,6NF,6NR,752",,,"Mar 24, 2012",1100,,,,,,,,,,
668 - Jet Black,,NCSW - Black Novillo Leather,,WBSKG9C51CE798704,,E798704,"MSRP.1,ZPP.3,2MT.1,302,6FL",,,"Mar 24, 2012",,,,,,,,,,,
A96 - Mineral White Metallic,,NCSW - Black Novillo Leather,,WBSKG9C53CE798705,,E798705,"MSRP.1,ZCP,ZCW,ZPP.3,2MK,302,5AC,6FL,6NF,6NR,655,752",,,"Mar 24, 2012",,,,,,,,,,,
300 - Alpine White,,NCSW - Black Novillo Leather,,WBSKG9C55CE798706,,E798706,"MSRP.1,ZCP,ZPP.3,302,494,6FL,6NF,6NR,655,752",,,"Mar 24, 2012",,,,,,,,,,,
668 - Jet Black,,NCSW - Black Novillo Leather,,WBSKG9C57CE798707,,E798707,"MSRP.1,ZPP.3,2MK,302,403,6FL",,,"Mar 24, 2012",,,,,,,,,,,
A73 - Jerez Black Metallic,,NDSW - Black Extended Novillo Leather,,WBSKG9C59CE798708,,E798708,"MSRP.1,ZCP,ZCW,ZPP.3,2MK,302,403,6FL,6NF,6NR,655,752",,,"Mar 24, 2012",550/1100,,,,,,,,,,
A73 - Jerez Black Metallic,,NCSW - Black Novillo Leather,,WBSKG9C50CE798709,,E798709,"MSRP.1,ZCP,ZPP.1,2MK,302,403,494,5AC,6FL,752",,,"Mar 24, 2012",550,,,,,,,,,,
A73 - Jerez Black Metallic,,NCSW - Black Novillo Leather,,WBSKG9C57CE798710,,E798710,"MSRP.1,ZCP,ZCW,ZPP.3,2MK,302,403,5AC,6FL,6NF,6NR,655,752",,,"Mar 26, 2012",550,,,,,,,,,,
300 - Alpine White,,NCSW - Black Novillo Leather,,WBSKG9C59CE798711,,E798711,"MSRP.1,ZCP,ZCW,ZPP.3,2MK,302,6FL,6NF,6NR,655,752",,,"Mar 26, 2012",,,,,,,,,,,
300 - Alpine White,,NCSW - Black Novillo Leather,,WBSKG9C50CE798712,,E798712,"MSRP.1,ZCP,ZPP.3,2MK,302,494,6FL,6NF,6NR,655",,,"Mar 26, 2012",,,,,,,,,,,
300 - Alpine White,,GEAT - Anthracite/Black Cloth & Leather,,WBSKG9C52CE798713,,E798713,"MSRP.1,ZCP,302,322,494,609,6FL,6NF,6NR,771",,,"Mar 26, 2012",,,,,,,,,,,
A73 - Jerez Black Metallic,,NCSW - Black Novillo Leather,,WBSKG9C54CE798714,,E798714,"MSRP.1,ZCP,ZPP.2,2MK,302,403,6FL,6NF,6NR,655,752",,,"Mar 26, 2012",550,,,,,,,,,,
A96 - Mineral White Metallic,,NCSW - Black Novillo Leather,,WBSKG9C56CE798715,,E798715,"MSRP.1,ZCP,ZCW,ZPP.3,2MK,302,6FL,6NF,6NR,752",,,"Mar 26, 2012",,,,,,,,,,,
A73 - Jerez Black Metallic,,NCSW - Black Novillo Leather,,WBSKG9C58CE798716,,E798716,"MSRP.1,ZCP,ZCW,ZPP.3,2MK,302,403,6FL,655,752",,,"Mar 26, 2012",550,,,,,,,,,,
A96 - Mineral White Metallic,,NDH3 - Beige Novillo Extended Leather,,WBSKG9C5XCE798717,,E798717,"MSRP.1,ZPP.2,2MT.1,302,403,494,6FL,655",,,"Mar 26, 2012",1100,,,,,,,,,,
300 - Alpine White,,NCSW - Black Novillo Leather,,WBSKG9C51CE798718,,E798718,"MSRP.1,ZCP,ZCW,ZPP.3,2MK,302,6FL,6NF,6NR,655",,,"Mar 26, 2012",,,,,,,,,,,
668 - Jet Black,,NCH2 - Fox Red Novillo Leather,,WBSKG9C53CE798719,,E798719,"MSRP.1,ZCP,ZPP.3,2MK,302,494,6FL,655,752",,,"Mar 26, 2012",,,,,,,,,,,
668 - Jet Black,,NCH5 - Fox Red/Black Novillo Leather,,WBSKG9C5XCE798720,,E798720,"MSRP.1,ZPP.2,2MK,2MT.1,302,494,6FL,6NF,6NR,655,752",,,"Mar 26, 2012",,,,,,,,,,,
A96 - Mineral White Metallic,,NDSW - Black Extended Novillo Leather,,WBSKG9C51CE798721,,E798721,"MSRP.1,ZCP,ZCW,ZPP.3,2MK,302,6FL,752",,,"Mar 26, 2012",1100,,,,,,,,,,
668 - Jet Black,,NDSW - Black Extended Novillo Leather,,WBSKG9C53CE798722,,E798722,"MSRP.1,ZCP,ZPP.3,2MK,302,6FL,6NF,6NR,752",,,"Mar 26, 2012",1100,,,,,,,,,,
A52 - Space Gray Metallic,,NCSW - Black Novillo Leather,,WBSKG9C55CE798723,,E798723,"MSRP.1,ZCP,ZCW,ZPP.3,2MK,302,6FL,6NF,6NR,655,752",,,"Mar 27, 2012",550,,,,,,,,,,
A52 - Space Gray Metallic,,NDSW - Black Extended Novillo Leather,,WBSKG9C57CE798724,,E798724,"MSRP.1,ZCP,ZCW,ZPP.3,2MK,302,6FL,6NF,6NR,655,752",,,"Mar 27, 2012",550/1100,,,,,,,,,,
A52 - Space Gray Metallic,,NCSW - Black Novillo Leather,,WBSKG9C59CE798725,,E798725,"MSRP.1,ZCP,ZCW,ZPP.3,2MK,302,6FL,6NF,6NR,655,752",,,"Mar 27, 2012",550,,,,,,,,,,
A73 - Jerez Black Metallic,,NCH3 - Beige Novillo Leather,,WBSKG9C50CE798726,,E798726,"MSRP.1,ZCP,ZCW,ZPP.3,2MK,302,6FL,6NF,6NR,752",,,"Mar 27, 2012",550,,,,,,,,,,
300 - Alpine White,,NCSW - Black Novillo Leather,,WBSKG9C52CE798727,,E798727,"MSRP.1,ZCP,ZCW,2MK,302,322,415,4MY,507,609,6FL,6NF,6NR,655,752",,,"Mar 27, 2012",950,,CAN,,,,,,,,
A96 - Mineral White Metallic,,NCSW - Black Novillo Leather,,WBSKG9C54CE798728,,E798728,"MSRP.1,ZCP,ZPP.3,302,6FL,752",,,"Mar 27, 2012",,,,,,,,,,,
A52 - Space Gray Metallic,,NDSW - Black Extended Novillo Leather,,WBSKG9C56CE798729,,E798729,"MSRP.1,ZCP,ZCW,ZPP.3,302,5AC,6FL,6NF,6NR,752",,,"Mar 27, 2012",550/1100,,,,,,,,,,
A96 - Mineral White Metallic,,NCSW - Black Novillo Leather,,WBSKG9C52CE798730,,E798730,"MSRP.1,ZCP,ZPP.3,2MK,302,6FL,6NF,6NR,655",,,"Mar 27, 2012",,,,,,,,,,,
A96 - Mineral White Metallic,,NDH2 - Fox Red Extended Leather,,WBSKG9C54CE798731,,E798731,"MSRP.1,ZCP,ZCW,ZPP.3,2MK,302,6FL,655,752",,,"Mar 27, 2012",1100,,,,,,,,,,
A96 - Mineral White Metallic,,NDSW - Black Extended Novillo Leather,,WBSKG9C56CE798732,,E798732,"MSRP.1,ZCP,ZPP.3,2MK,302,494,6FL,6NF,6NR,655,752",,,"Mar 27, 2012",1100,,,,,,,,,,
A96 - Mineral White Metallic,,NDSW - Black Extended Novillo Leather,,WBSKG9C58CE798733,,E798733,"MSRP.1,ZCP,ZPP.3,2MK,302,494,5AC,6FL,6NF,6NR,655,752",,,"Mar 27, 2012",1100,,,,,,,,,,
A96 - Mineral White Metallic,,NDSW - Black Extended Novillo Leather,,WBSKG9C5XCE798734,,E798734,"MSRP.1,ZCP,ZCW,ZPP.3,2MK,302,5AC,6FL,6NF,6NR,655,752",,,"Mar 27, 2012",1100,,,,,,,,,,
300 - Alpine White,,NCH5 - Fox Red/Black Novillo Leather,,WBSKG9C51CE798735,,E798735,"MSRP.1,ZCP,ZPP.3,2MK,302,494,6FL",,,"Mar 27, 2012",,,,,,,,,,,
300 - Alpine White,,NCSW - Black Novillo Leather,,WBSKG9C53CE798736,,E798736,"MSRP.1,ZCP,ZPP.3,2MK,302,494,6FL,6NF,6NR,655,752",,,"Mar 27, 2012",,,,,,,,,,,
300 - Alpine White,,NCH5 - Fox Red/Black Novillo Leather,,WBSKG9C55CE798737,,E798737,"MSRP.1,ZCP,ZPP.3,2MK,302,494,5AC,6FL,6NF,6NR,655,752",,,"Mar 28, 2012",,,,,,,,,,,
300 - Alpine White,,NCH5 - Fox Red/Black Novillo Leather,,WBSKG9C57CE798738,,E798738,"MSRP.1,ZCP,ZPP.3,2MK,302,494,6FL,6NF,6NR,655",,,"Mar 28, 2012",,,,,,,,,,,
300 - Alpine White,,NCH4 - Palladium/Black Novillo Leather,,WBSKG9C59CE798739,,E798739,"MSRP.1,ZCP,ZPP.2,2MK,302,494,6FL,6NF,6NR,655,752",,,"Mar 28, 2012",,,,,,,,,,,
300 - Alpine White,,NCSW - Black Novillo Leather,,WBSKG9C55CE798740,,E798740,"MSRP.1,ZCP,ZCW,ZPP.3,2MK,302,6FL,6NF,6NR,655,752",,,"Mar 28, 2012",,,,,,,,,,,
300 - Alpine White,,NCH2 - Fox Red Novillo Leather,,WBSKG9C57CE798741,,E798741,"MSRP.1,ZCP,ZCW,2MK,302,322,415,4MY,507,609,6FL,6NF,6NR,655,752",,,"Mar 28, 2012",950,,CAN,,,,,,,,
300 - Alpine White,,NCSW - Black Novillo Leather,,WBSKG9C59CE798742,,E798742,"MSRP.1,ZCW,2MT.1,302,322,4MY,609,6FL",,,"Mar 28, 2012",950,,CAN,,,,,,,,
300 - Alpine White,,NCSW - Black Novillo Leather,,WBSKG9C50CE798743,,E798743,"MSRP.1,ZCP,ZCW,302,322,4MY,609,6FL",,,"Mar 28, 2012",950,,CAN,,,,,,,,
A96 - Mineral White Metallic,,NCH5 - Fox Red/Black Novillo Leather,,WBSKG9C52CE798744,,E798744,"MSRP.1,ZPP.3,2MK,302,6FL,6NF,6NR",,,"Mar 28, 2012",,,,,,,,,,,
A96 - Mineral White Metallic,,NDH2 - Fox Red Extended Leather,,WBSKG9C54CE798745,,E798745,"MSRP.1,ZCP,ZPP.3,2MK,302,6FL,655",,,"Mar 28, 2012",1100,,,,,,,,,,
A73 - Jerez Black Metallic,,NDSW - Black Extended Novillo Leather,,WBSKG9C56CE798746,,E798746,"MSRP.1,ZCP,ZCW,ZPP.3,302,403,6FL,6NF,6NR,752",,,"Mar 28, 2012",550/1100,,,,,,,,,,
A96 - Mineral White Metallic,,NCH2 - Fox Red Novillo Leather,,WBSKG9C58CE798747,,E798747,"MSRP.1,ZCP,ZPP.3,2MK,302,494,6FL,6NF,6NR,655,752",,,"Mar 28, 2012",,,,,,,,,,,
A96 - Mineral White Metallic,,NDH2 - Fox Red Extended Leather,,WBSKG9C5XCE798748,,E798748,"MSRP.1,ZCP,ZPP.3,2MK,302,5AC,6FL,6NF,6NR,655,752",,,"Mar 28, 2012",1100,,,,,,,,,,
A29 - Silverstone Metallic II,,NCSW - Black Novillo Leather,,WBSKG9C51CE798749,,E798749,"MSRP.1,ZCP,ZPP.3,302,494,5AC,6FL,6NF,6NR,655",,,"Mar 29, 2012",550,,,,,,,,,,
A73 - Jerez Black Metallic,,NCSW - Black Novillo Leather,,WBSKG9C58CE798750,,E798750,"MSRP.1,ZCW,ZPP.3,2MT.1,302,6FL",,,"Mar 29, 2012",550,,,,,,,,,,
A29 - Silverstone Metallic II,,NCSW - Black Novillo Leather,,WBSKG9C5XCE798751,,E798751,"MSRP.1,ZCW,ZPP.3,2MK,302,403,6FL,6NF,6NR",,,"Mar 29, 2012",550,,,,,,,,,,
A73 - Jerez Black Metallic,,NDSW - Black Extended Novillo Leather,,WBSKG9C51CE798752,,E798752,"MSRP.1,ZCP,ZPP.3,2MK,302,403,494,5AC,6FL,6NF,6NR,655,752",,,"Mar 29, 2012",550/1100,,,,,,,,,,
A29 - Silverstone Metallic II,,NCH5 - Fox Red/Black Novillo Leather,,WBSKG9C53CE798753,,E798753,"MSRP.1,ZCP,ZPP.3,302,403,6FL,6NF,6NR,655,752",,,"Mar 29, 2012",550,,,,,,,,,,
A29 - Silverstone Metallic II,,NCH4 - Palladium/Black Novillo Leather,,WBSKG9C55CE798754,,E798754,"MSRP.1,ZCP,ZPP.3,302,6FL,655,752",,,"Mar 29, 2012",550,,,,,,,,,,
300 - Alpine White,,NCH5 - Fox Red/Black Novillo Leather,,WBSKG9C57CE798755,,E798755,"MSRP.1,ZCP,ZPP.3,302,6FL,6NF,6NR,752",,,"Mar 29, 2012",,,,,,,,,,,
300 - Alpine White,,NCSW - Black Novillo Leather,,WBSKG9C59CE798756,,E798756,"MSRP.1,ZPP.3,302,403,6FL",,,"Mar 29, 2012",,,,,,,,,,,
A96 - Mineral White Metallic,,NCH2 - Fox Red Novillo Leather,,WBSKG9C50CE798757,,E798757,"MSRP.1,ZCP,ZCW,ZPP.3,302,6FL,6NF,6NR,655",,,"Mar 29, 2012",,,,,,,,,,,
A30 - Interlagos Blue Metallic,,NCSW - Black Novillo Leather,,WBSKG9C52CE798758,,E798758,"MSRP.1,ZCP,ZPP.3,2MK,302,494,6FL,752",,,"Mar 29, 2012",550,,,,,,,,,,
A96 - Mineral White Metallic,,NDSW - Black Extended Novillo Leather,,WBSKG9C54CE798759,,E798759,"MSRP.1,ZCP,2MK,302,322,415,494,4MY,5AC,609,6FL,6NF,6NR,655,752",,,"Mar 29, 2012",2000,,,,,,,,,,
A30 - Interlagos Blue Metallic,,NDH3 - Beige Novillo Extended Leather,,WBSKG9C50CE798760,,E798760,"MSRP.1,ZCP,ZCW,ZPP.3,2MK,302,6FL,6NF,6NR,655,752",,,"Mar 30, 2012",550/1100,,,,,,,,,,
A96 - Mineral White Metallic,,NCH5 - Fox Red/Black Novillo Leather,,WBSKG9C52CE798761,,E798761,"MSRP.1,ZCP,ZPP.2,302,494,6FL,752",,,"Mar 30, 2012",,,,,,,,,,,
381 - Le Mans Blue Metallic,,NCSW - Black Novillo Leather,,WBSKG9C54CE798762,,E798762,"MSRP.1,ZCP,ZPP.3,2MK,302,494,6FL,6NF,6NR,752",,,"Mar 30, 2012",550,,,,,,,,,,
A73 - Jerez Black Metallic,,NDSW - Black Extended Novillo Leather,,WBSKG9C56CE798763,,E798763,"MSRP.1,ZCP,ZCW,ZPP.1,302,6FL,6NF,6NR,655,752",,,"Mar 31, 2012",550/1100,,,,,,,,,,
300 - Alpine White,,NCSW - Black Novillo Leather,,WBSKG9C58CE798764,,E798764,"MSRP.1,ZCP,ZCW,ZPP.3,2MK,302,6FL,6NF,6NR,752",,,"Apr 3, 2012",,,,,,,,,,,
381 - Le Mans Blue Metallic,,NDH3 - Beige Novillo Extended Leather,,WBSKG9C5XCE798765,,E798765,"MSRP.1,ZCP,ZCW,ZPP.3,302,403,6FL,6NF,6NR,655",,,"Apr 3, 2012",550/1100,,,,,,,,,,
A52 - Space Gray Metallic,,NCH5 - Fox Red/Black Novillo Leather,,WBSKG9C51CE798766,,E798766,"MSRP.1,ZCP,ZPP.3,2MK,302,494,6FL",,,"Apr 5, 2012",550,,,,,,,,,,
,,NCSW - Black Novillo Leather,,WBSKG9C53CE798767,,E798767,"MSRP.1,ZCP,ZCW,ZPP.3,2MK,302,6FL,6NF,6NR,655,752",,,"Apr 16, 2012",,,,,,,,,,,
,,Z1XX - Unknown Upholstery Code,,WBSKG9C55CE798768,,E798768,"MSRP.1,ZCP,ZPP.3,2MK,302,494,6FL,6NF,6NR,655,752",,,"Apr 16, 2012",,,,,,,,,,,
668 - Jet Black,,NCSW - Black Novillo Leather,,WBSKG9C57CE798769,,E798769,"MSRP.1,ZCP,ZCW,302,322,415,4MY,507,609,6FL,655,752",,,"Apr 16, 2012",950,,CAN,,,,,,,,
,,NCSW - Black Novillo Leather,,WBSKG9C53CE798770,,E798770,"MSRP.1,ZCP,ZPP.3,302,494,6FL,752",,,"Apr 17, 2012",,,,,,,,,,,
,,NCSW - Black Novillo Leather,,WBSKG9C55CE798771,,E798771,"MSRP.1,ZCP,ZCW,ZPP.1,302,5AC,6FL,6NF,6NR,655,752",,,"Apr 17, 2012",,,,,,,,,,,
A52 - Space Gray Metallic,,NDH1 - Silver Novillo Extended Leather,,WBSKG9C57CE798772,,E798772,"MSRP.1,ZCP,ZCW,ZPP.3,302,5AC,6FL,752",,,"Apr 11, 2012",550/1100,,,,,,,,,,
381 - Le Mans Blue Metallic,,NCSW - Black Novillo Leather,,WBSKG9C59CE798773,,E798773,"MSRP.1,ZCP,ZCW,2MK,302,322,415,4MY,507,609,6FL,6NF,6NR,752",,,"Apr 12, 2012",550/950,,,,,,,,,,
381 - Le Mans Blue Metallic,,NCSW - Black Novillo Leather,,WBSKG9C50CE798774,,E798774,"MSRP.1,ZPP.1,2MK,302,6FL",,,"Apr 13, 2012",550,,,,,,,,,,
A73 - Jerez Black Metallic,,NCSW - Black Novillo Leather,,WBSKG9C52CE798775,,E798775,"MSRP.1,ZCP,ZCW,2MK,302,322,415,4MY,507,609,6FL,6NF,6NR,655,752",,,"Apr 13, 2012",550/950,,CAN,,,,,,,,
381 - Le Mans Blue Metallic,,NDH3 - Beige Novillo Extended Leather,,WBSKG9C54CE798776,,E798776,"MSRP.1,ZCP,ZPP.2,302,403,494,6FL,655,752",,,"Apr 13, 2012",550/1100,,,,,,,,,,
A29 - Silverstone Metallic II,,NCSW - Black Novillo Leather,,WBSKG9C56CE798777,,E798777,"MSRP.1,ZCP,ZPP.2,2MK,302,403,494,6FL,6NF,6NR,752",,,"Apr 13, 2012",550,,,,,,,,,,
A73 - Jerez Black Metallic,,NCH2 - Fox Red Novillo Leather,,WBSKG9C58CE798778,,E798778,"MSRP.1,ZCP,ZCW,ZPP.2,2MK,302,403,6FL,655,752",,,"Apr 13, 2012",550,,,,,,,,,,
A73 - Jerez Black Metallic,,NCSW - Black Novillo Leather,,WBSKG9C5XCE798779,,E798779,"MSRP.1,ZCP,ZCW,2MK,302,322,415,4MY,507,609,6FL,655,752",,,"Apr 13, 2012",550/950,,CAN,,,,,,,,
A30 - Interlagos Blue Metallic,,NCSW - Black Novillo Leather,,WBSKG9C56CE798780,,E798780,"MSRP.1,ZCP,ZCW,302,322,415,4MY,507,6FL,655,752",,,"Apr 14, 2012",550/950,,CAN,,,,,,,,
300 - Alpine White,,NCSW - Black Novillo Leather,,WBSKG9C58CE798781,,E798781,"MSRP.1,ZPP.3,2MK,2MT.1,302,494,6FL,6NF,6NR,655,752",,,"Apr 14, 2012",,,,,,,,,,,
A73 - Jerez Black Metallic,,NCH5 - Fox Red/Black Novillo Leather,,WBSKG9C5XCE798782,,E798782,"MSRP.1,ZPP.3,302,403,494,6FL,6NF,6NR",,,"Apr 16, 2012",550,,,,,,,,,,
A73 - Jerez Black Metallic,,NCSW - Black Novillo Leather,,WBSKG9C51CE798783,,E798783,"MSRP.1,ZCW,2MT.1,302,322,403,4MY,609,6FL",,,"Apr 16, 2012",550/950,,CAN,,,,,,,,
A29 - Silverstone Metallic II,,NDH2 - Fox Red Extended Leather,,WBSKG9C53CE798784,,E798784,"MSRP.1,ZCP,ZPP.3,302,494,6FL,655,752",,,"Apr 16, 2012",550/1100,,,,,,,,,,
,,GEAT - Anthracite/Black Cloth & Leather,,WBSKG9C55CE798785,,E798785,"MSRP.1,ZCP,2MK,302,4MY,6FL",,,"Apr 25, 2012",,,,,,,,,,,
,,NCSW - Black Novillo Leather,,WBSKG9C57CE798786,,E798786,"MSRP.1,ZCP,ZPP.3,302,494,6FL,6NF,6NR,655,752",,,"Apr 25, 2012",,,,,,,,,,,
A29 - Silverstone Metallic II,,NCH1 - Silver Novillo Leather,,WBSKG9C59CE798787,,E798787,"MSRP.1,ZCP,2MK,302,4MY,6FL",,,"Apr 16, 2012",550/950,,,,,,,,,,
668 - Jet Black,,NCSW - Black Novillo Leather,,WBSKG9C50CE798788,,E798788,"MSRP.1,ZCP,ZCW,302,322,415,4MY,507,6FL,655,752",,,"Apr 16, 2012",950,,CAN,,,,,,,,
300 - Alpine White,,NCH2 - Fox Red Novillo Leather,,WBSKG9C52CE798789,,E798789,"MSRP.1,ZCP,ZPP.2,302,403,494,6FL",,,"Apr 17, 2012",,,,,,,,,,,
A96 - Mineral White Metallic,,NCH1 - Silver Novillo Leather,,WBSKG9C59CE798790,,E798790,"MSRP.1,ZCP,ZCW,ZPP.3,2MK,302,6FL,6NF,6NR",,,"Apr 17, 2012",,,,,,,,,,,
A75 - Melbourne Red Metallic,,NCH2 - Fox Red Novillo Leather,,WBSKG9C50CE798791,,E798791,"MSRP.1,ZPP.3,2MK,302,6FL",,,"Apr 17, 2012",550,,,,,,,,,,
A52 - Space Gray Metallic,,NCH2 - Fox Red Novillo Leather,,WBSKG9C52CE798792,,E798792,"MSRP.1,ZCP,302,322,494,4MX,6FL",,,"Apr 17, 2012",550/950,,,,,,,,,,
300 - Alpine White,,NCSW - Black Novillo Leather,,WBSKG9C54CE798793,,E798793,"MSRP.1,ZCP,ZPP.3,2MK,302,494,6FL,6NF,6NR,752",,,"Apr 18, 2012",,,,,,,,,,,
A29 - Silverstone Metallic II,,NCSW - Black Novillo Leather,,WBSKG9C56CE798794,,E798794,"MSRP.1,ZCW,2MT.1,302,322,415,4MY,507,609,6FL,6NF,6NR,655,752",,,"Apr 18, 2012",550/950,,CAN,,,,,,,,
A75 - Melbourne Red Metallic,,NDH3 - Beige Novillo Extended Leather,,WBSKG9C58CE798795,,E798795,"MSRP.1,ZCP,ZPP.3,2MK,302,494,6FL,6NF,6NR,655,752",,,"Apr 18, 2012",550/1100,,,,,,,,,,
A30 - Interlagos Blue Metallic,,GEAT - Anthracite/Black Cloth & Leather,,WBSKG9C5XCE798796,,E798796,"MSRP.1,302,403,494,4MZ,6FL,655",,,"Apr 18, 2012",550,,,,,,,,,,
A73 - Jerez Black Metallic,,NDH2 - Fox Red Extended Leather,,WBSKG9C51CE798797,,E798797,"MSRP.1,ZCP,ZCW,ZPP.3,302,6FL,6NF,6NR,655,752",,,"Apr 18, 2012",550/1100,,,,,,,,,,
668 - Jet Black,,NCH2 - Fox Red Novillo Leather,,WBSKG9C53CE798798,,E798798,"MSRP.1,ZPP.3,302,403,6FL,655",,,"Apr 18, 2012",,,,,,,,,,,
A29 - Silverstone Metallic II,,NCH1 - Silver Novillo Leather,,WBSKG9C55CE798799,,E798799,"MSRP.1,ZCW,2MK,302,322,4MY,609,6FL",,,"Apr 19, 2012",550/950,,CAN,,,,,,,,
A96 - Mineral White Metallic,,NCH3 - Beige Novillo Leather,,WBSKG9C58CE798800,,E798800,"MSRP.1,ZCP,ZCW,ZPP.3,302,403,5AC,6FL,655,752",,,"Apr 19, 2012",,,,,,,,,,,
A52 - Space Gray Metallic,,NCH3 - Beige Novillo Leather,,WBSKG9C5XCE798801,,E798801,"MSRP.1,ZCP,ZCW,302,322,415,4MY,507,6FL,655,752",,,"Apr 19, 2012",550/950,,CAN,,,,,,,,
A96 - Mineral White Metallic,,NCSW - Black Novillo Leather,,WBSKG9C51CE798802,,E798802,"MSRP.1,ZCP,ZPP.3,2MK,302,5AC,6FL,752",,,"Apr 19, 2012",,,,,,,,,,,
300 - Alpine White,,NCH3 - Beige Novillo Leather,,WBSKG9C53CE798803,,E798803,"MSRP.1,ZCP,ZCW,ZPP.3,2MK,302,6FL,6NF,6NR,655,752",,,"Apr 19, 2012",,,,,,,,,,,
300 - Alpine White,,NCSW - Black Novillo Leather,,WBSKG9C55CE798804,,E798804,"MSRP.1,ZCP,ZCW,ZPP.3,2MK,302,5AC,6FL,6NF,6NR,655,752",,,"Apr 19, 2012",,,,,,,,,,,
300 - Alpine White,,NCSW - Black Novillo Leather,,WBSKG9C57CE798805,,E798805,"MSRP.1,ZCP,ZPP.1,302,6FL,6NF,6NR",,,"Apr 19, 2012",,,,,,,,,,,
A52 - Space Gray Metallic,,NCH5 - Fox Red/Black Novillo Leather,,WBSKG9C59CE798806,,E798806,"MSRP.1,ZCP,2MK,302,494,4MY,6FL",,,"Apr 19, 2012",550/950,,,,,,,,,,
A52 - Space Gray Metallic,,NDH2 - Fox Red Extended Leather,,WBSKG9C50CE798807,,E798807,"MSRP.1,ZCP,ZCW,ZPP.3,2MK,302,5AC,6FL,6NF,6NR,655,752",,,"Apr 20, 2012",550/1100,,,,,,,,,,
,,NDH2 - Fox Red Extended Leather,,WBSKG9C52CE798808,,E798808,"MSRP.1,ZCP,ZCW,2MK,302,322,415,4MX,507,609,6FL,6NF,6NR,655,752",,,"Apr 20, 2012",2000,,CAN,,,,,,,,
A96 - Mineral White Metallic,,GEAT - Anthracite/Black Cloth & Leather,,WBSKG9C54CE798809,,E798809,"MSRP.1,ZCP,302,322,494,4MY,609,6FL,655",,,"Apr 20, 2012",,,,,,,,,,,
A73 - Jerez Black Metallic,,NCH3 - Beige Novillo Leather,,WBSKG9C50CE798810,,E798810,"MSRP.1,ZPP.3,2MK,2MT.1,302,6FL,6NF,6NR",,,"Apr 20, 2012",550,,,,,,,,,,
A96 - Mineral White Metallic,,NCH2 - Fox Red Novillo Leather,,WBSKG9C52CE798811,,E798811,"MSRP.1,ZCP,ZCW,ZPP.3,2MK,302,6FL,6NF,6NR,655,752",,,"Apr 20, 2012",,,,,,,,,,,
300 - Alpine White,,NCSW - Black Novillo Leather,,WBSKG9C54CE798812,,E798812,"MSRP.1,ZCP,ZPP.3,2MK,302,494,6FL,6NF,6NR,655",,,"Apr 20, 2012",,,,,,,,,,,
300 - Alpine White,,NCH2 - Fox Red Novillo Leather,,WBSKG9C56CE798813,,E798813,"MSRP.1,ZCP,ZPP.3,2MK,302,494,6FL,752",,,"Apr 20, 2012",,,,,,,,,,,
A73 - Jerez Black Metallic,,NCSW - Black Novillo Leather,,WBSKG9C58CE798814,,E798814,"MSRP.1,ZCP,ZPP.2,2MK,302,5AC,6FL,6NF,6NR",,,"Apr 20, 2012",550,,,,,,,,,,
A73 - Jerez Black Metallic,,NCSW - Black Novillo Leather,,WBSKG9C5XCE798815,,E798815,"MSRP.1,ZCP,ZPP.3,302,494,6FL,6NF,6NR,655",,,"Apr 20, 2012",550,,,,,,,,,,
668 - Jet Black,,NCSW - Black Novillo Leather,,WBSKG9C51CE798816,,E798816,"MSRP.1,ZCW,ZPP.3,2MK,2MT.1,302,5AC,6FL,6NF,6NR,655",,,"Apr 21, 2012",,,,,,,,,,,
668 - Jet Black,,NCH3 - Beige Novillo Leather,,WBSKG9C53CE798817,,E798817,"MSRP.1,ZCP,2MK,302,415,494,4MY,609,6FL,6NF,6NR",,,"Apr 21, 2012",950,,,,,,,,,,
668 - Jet Black,,NCH2 - Fox Red Novillo Leather,,WBSKG9C55CE798818,,E798818,"MSRP.1,ZCP,ZCW,2MK,302,322,415,4MX,507,609,6FL,6NF,6NR,655,752",,,"Apr 21, 2012",950,,CAN,,,,,,,,
A96 - Mineral White Metallic,,NCSW - Black Novillo Leather,,WBSKG9C57CE798819,,E798819,"MSRP.1,ZCP,ZPP.3,2MK,302,494,6FL,6NF,6NR,655",,,"Apr 21, 2012",,,,,,,,,,,
A52 - Space Gray Metallic,,NCH1 - Silver Novillo Leather,,WBSKG9C53CE798820,,E798820,"MSRP.1,2MK,2MT.1,302,403,4MY,6FL",,,"Apr 21, 2012",550/950,,,,,,,,,,
A52 - Space Gray Metallic,,NCH2 - Fox Red Novillo Leather,,WBSKG9C55CE798821,,E798821,"MSRP.1,ZPP.3,302,6FL",,,"Apr 21, 2012",550,,,,,,,,,,
A96 - Mineral White Metallic,,NDH2 - Fox Red Extended Leather,,WBSKG9C57CE798822,,E798822,"MSRP.1,ZCP,ZCW,ZPP.3,2MK,302,5AC,6FL,6NF,6NR,655,752",,,"Apr 21, 2012",1100,,,,,,,,,,
A96 - Mineral White Metallic,,NCH5 - Fox Red/Black Novillo Leather,,WBSKG9C59CE798823,,E798823,"MSRP.1,ZCP,ZPP.3,2MK,302,494,6FL,6NF,6NR,655,752",,,"Apr 23, 2012",,,,,,,,,,,
A52 - Space Gray Metallic,,NCSW - Black Novillo Leather,,WBSKG9C50CE798824,,E798824,"MSRP.1,ZCP,ZPP.2,2MK,302,6FL,6NF,6NR,655",,,"Apr 23, 2012",550,,,,,,,,,,
300 - Alpine White,,NCSW - Black Novillo Leather,,WBSKG9C52CE798825,,E798825,"MSRP.1,ZCP,ZPP.3,2MK,302,494,6FL",,,"Apr 23, 2012",,,,,,,,,,,
A52 - Space Gray Metallic,,NDH2 - Fox Red Extended Leather,,WBSKG9C54CE798826,,E798826,"MSRP.1,ZCP,ZPP.3,2MK,302,494,6FL,6NF,6NR,655,752",,,"Apr 23, 2012",550/1100,,,,,,,,,,
A52 - Space Gray Metallic,,NCSW - Black Novillo Leather,,WBSKG9C56CE798827,,E798827,"MSRP.1,ZCP,ZPP.3,302,403,6FL",,,"Apr 23, 2012",550,,,,,,,,,,
A52 - Space Gray Metallic,,NCSW - Black Novillo Leather,,WBSKG9C58CE798828,,E798828,"MSRP.1,ZCP,ZCW,2MK,302,322,403,415,4MX,507,609,6FL,6NF,6NR,655,752",,,"Apr 23, 2012",550/950,,CAN,,,,,,,,
300 - Alpine White,,NDH2 - Fox Red Extended Leather,,WBSKG9C5XCE798829,,E798829,"MSRP.1,ZPP.3,2MK,2MT.1,302,403,494,6FL,655,752",,,"Apr 23, 2012",1100,,,,,,,,,,
A52 - Space Gray Metallic,,NCH2 - Fox Red Novillo Leather,,WBSKG9C56CE798830,,E798830,"MSRP.1,2MT.1,302,403,494,6FL,771",,,"Apr 23, 2012",550/950,,,,,,,,,,
668 - Jet Black,,NCSW - Black Novillo Leather,,WBSKG9C58CE798831,,E798831,"MSRP.1,ZCP,ZCW,ZPP.3,2MK,302,6FL,6NF,6NR,655,752",,,"Apr 23, 2012",,,,,,,,,,,
668 - Jet Black,,NCSW - Black Novillo Leather,,WBSKG9C5XCE798832,,E798832,"MSRP.1,ZCP,ZPP.3,2MK,302,494,6FL,6NF,6NR,655,752",,,"Apr 23, 2012",,,,,,,,,,,
668 - Jet Black,,NCSW - Black Novillo Leather,,WBSKG9C51CE798833,,E798833,"MSRP.1,ZCP,ZCW,2MK,302,322,415,4MY,507,609,6FL,655,752",,,"Apr 24, 2012",950,,CAN,,,,,,,,
668 - Jet Black,,NCH2 - Fox Red Novillo Leather,,WBSKG9C53CE798834,,E798834,"MSRP.1,ZCP,ZPP.3,302,403,494,6FL,6NF,6NR,655,752",,,"Apr 24, 2012",,,,,,,,,,,
A52 - Space Gray Metallic,,NCSW - Black Novillo Leather,,WBSKG9C55CE798835,,E798835,"MSRP.1,ZCP,ZCW,ZPP.3,2MK,302,403,6FL,6NF,6NR,655,752",,,"Apr 24, 2012",550,,,,,,,,,,
300 - Alpine White,,NCH5 - Fox Red/Black Novillo Leather,,WBSKG9C57CE798836,,E798836,"MSRP.1,2MK,302,322,415,494,4MY,507,609,6FL",,,"Apr 24, 2012",950,,,,,,,,,,
300 - Alpine White,,NDH2 - Fox Red Extended Leather,,WBSKG9C59CE798837,,E798837,"MSRP.1,ZCP,ZCW,ZPP.3,302,6FL,752",,,"Apr 24, 2012",1100,,,,,,,,,,
300 - Alpine White,,NCH2 - Fox Red Novillo Leather,,WBSKG9C50CE798838,,E798838,"MSRP.1,ZCP,ZCW,ZPP.2,302,6FL",,,"Apr 24, 2012",,,,,,,,,,,
A52 - Space Gray Metallic,,NCSW - Black Novillo Leather,,WBSKG9C52CE798839,,E798839,"MSRP.1,ZCP,ZPP.3,2MK,302,494,5AC,6FL,6NF,6NR,655,752",,,"Apr 24, 2012",550,,,,,,,,,,
300 - Alpine White,,NCH2 - Fox Red Novillo Leather,,WBSKG9C59CE798840,,E798840,"MSRP.1,ZCP,ZCW,2MK,302,322,415,4MY,507,609,6FL,655,752",,,"Apr 24, 2012",950,,CAN,,,,,,,,
A73 - Jerez Black Metallic,,NCSW - Black Novillo Leather,,WBSKG9C50CE798841,,E798841,"MSRP.1,ZCP,ZPP.3,302,403,6FL",,,"Apr 24, 2012",550,,,,,,,,,,
300 - Alpine White,,NCH2 - Fox Red Novillo Leather,,WBSKG9C52CE798842,,E798842,"MSRP.1,ZPP.3,2MK,302,494,6FL,6NF,6NR",,,"Apr 25, 2012",,,,,,,,,,,
300 - Alpine White,,NCSW - Black Novillo Leather,,WBSKG9C54CE798843,,E798843,"MSRP.1,ZCP,ZPP.3,2MK,302,494,5AC,6FL,6NF,6NR,655,752",,,"Apr 25, 2012",,,,,,,,,,,
A96 - Mineral White Metallic,,NCH2 - Fox Red Novillo Leather,,WBSKG9C56CE798844,,E798844,"MSRP.1,ZCW,302,322,415,4MY,507,609,6FL,655,752",,,"Apr 25, 2012",950,,CAN,,,,,,,,
A73 - Jerez Black Metallic,,NCSW - Black Novillo Leather,,WBSKG9C58CE798845,,E798845,"MSRP.1,ZCP,ZPP.1,302,403,494,6FL,6NF,6NR,655,752",,,"Apr 25, 2012",550,,,,,,,,,,
668 - Jet Black,,NCSW - Black Novillo Leather,,WBSKG9C5XCE798846,,E798846,"MSRP.1,ZCP,ZPP.3,2MK,302,494,6FL,6NF,6NR,655,752",,,"Apr 25, 2012",,,,,,,,,,,
A73 - Jerez Black Metallic,,NDH2 - Fox Red Extended Leather,,WBSKG9C51CE798847,,E798847,"MSRP.1,ZCW,2MT.1,302,322,415,4MY,507,609,6FL,655,752",,,"Apr 25, 2012",550/2000,,CAN,,,,,,,,
A73 - Jerez Black Metallic,,NCH2 - Fox Red Novillo Leather,,WBSKG9C53CE798848,,E798848,"MSRP.1,ZCP,ZCW,302,322,403,415,4MX,507,609,6FL,6NF,6NR,655,752",,,"Apr 25, 2012",550/950,,CAN,,,,,,,,
300 - Alpine White,,NCSW - Black Novillo Leather,,WBSKG9C55CE798849,,E798849,"MSRP.1,ZCP,ZPP.3,2MK,302,494,6FL,6NF,6NR,655,752",,,"Apr 25, 2012",,,,,,,,,,,
A30 - Interlagos Blue Metallic,,NCH4 - Palladium/Black Novillo Leather,,WBSKG9C51CE798850,,E798850,"MSRP.1,ZCP,ZCW,ZPP.1,302,403,6FL,6NF,6NR,655,752",,,"Apr 26, 2012",550,,,,,,,,,,
,,NDSW - Black Extended Novillo Leather,,WBSKG9C53CE798851,,E798851,"MSRP.1,ZCW,ZPP.3,2MK,302,403,6FL,752",,,"Apr 26, 2012",1100,,,,,,,,,,
300 - Alpine White,,NCH5 - Fox Red/Black Novillo Leather,,WBSKG9C55CE798852,,E798852,"MSRP.1,ZCP,ZPP.3,2MK,302,494,6FL,752",,,"Apr 26, 2012",,,,,,,,,,,
300 - Alpine White,,NCH2 - Fox Red Novillo Leather,,WBSKG9C57CE798853,,E798853,"MSRP.1,ZCP,2MK,302,4MY,6FL",,,"Apr 26, 2012",950,,,,,,,,,,
A29 - Silverstone Metallic II,,NCSW - Black Novillo Leather,,WBSKG9C59CE798854,,E798854,"MSRP.1,ZCP,ZPP.3,302,494,6FL,6NF,6NR",,,"Apr 26, 2012",550,,,,,,,,,,
381 - Le Mans Blue Metallic,,NDH3 - Beige Novillo Extended Leather,,WBSKG9C50CE798855,,E798855,"MSRP.1,ZCP,ZPP.2,302,494,6FL,6NF,6NR,752",,,"Apr 26, 2012",550/1100,,,,,,,,,,
A96 - Mineral White Metallic,,NDH2 - Fox Red Extended Leather,,WBSKG9C52CE798856,,E798856,"MSRP.1,ZCP,ZCW,ZPP.3,302,6FL,655",,,"Apr 27, 2012",1100,,,,,,,,,,
A30 - Interlagos Blue Metallic,,NDSW - Black Extended Novillo Leather,,WBSKG9C54CE798857,,E798857,"MSRP.1,ZCP,ZCW,ZPP.3,2MK,302,6FL,655,752",,,"Apr 27, 2012",550/1100,,,,,,,,,,
A96 - Mineral White Metallic,,NCSW - Black Novillo Leather,,WBSKG9C56CE798858,,E798858,"MSRP.1,ZCP,ZCW,ZPP.3,2MK,302,5AC,6FL,752",,,"Apr 27, 2012",,,,,,,,,,,
A30 - Interlagos Blue Metallic,,NCSW - Black Novillo Leather,,WBSKG9C58CE798859,,E798859,"MSRP.1,ZCW,ZPP.3,2MK,2MT.1,302,6FL,6NF,6NR,655,752",,,"Apr 27, 2012",550,,,,,,,,,,
A73 - Jerez Black Metallic,,NCSW - Black Novillo Leather,,WBSKG9C54CE798860,,E798860,"MSRP.1,ZCP,ZPP.3,2MK,302,494,6FL,6NF,6NR,655,752",,,"Apr 27, 2012",550,,,,,,,,,,
A73 - Jerez Black Metallic,,NCSW - Black Novillo Leather,,WBSKG9C56CE798861,,E798861,"MSRP.1,ZCP,ZPP.3,2MK,302,6FL,655,752",,,"Apr 27, 2012",550,,,,,,,,,,
300 - Alpine White,,NCH2 - Fox Red Novillo Leather,,WBSKG9C58CE798862,,E798862,"MSRP.1,ZCP,ZPP.3,2MK,302,494,6FL",,,"Apr 27, 2012",,,,,,,,,,,
668 - Jet Black,,NCH5 - Fox Red/Black Novillo Leather,,WBSKG9C5XCE798863,,E798863,"MSRP.1,ZPP.3,302,6FL",,,"Apr 28, 2012",,,,,,,,,,,
A96 - Mineral White Metallic,,NCSW - Black Novillo Leather,,WBSKG9C51CE798864,,E798864,"MSRP.1,ZCP,302,4MY,609,6FL,655",,,"Apr 27, 2012",950,,,,,,,,,,
300 - Alpine White,,NDH2 - Fox Red Extended Leather,,WBSKG9C53CE798865,,E798865,"MSRP.1,ZPP.3,2MK,2MT.1,302,494,6FL,655",,,"Apr 28, 2012",1100,,,,,,,,,,
A73 - Jerez Black Metallic,,NCH2 - Fox Red Novillo Leather,,WBSKG9C55CE798866,,E798866,"MSRP.1,ZCP,ZCW,ZPP.2,302,6FL,6NF,6NR,655",,,"Apr 28, 2012",550,,,,,,,,,,
A96 - Mineral White Metallic,,NCH5 - Fox Red/Black Novillo Leather,,WBSKG9C57CE798867,,E798867,"MSRP.1,ZCP,ZCW,ZPP.3,2MK,302,6FL,6NF,6NR",,,"Apr 28, 2012",,,,,,,,,,,
A73 - Jerez Black Metallic,,NCSW - Black Novillo Leather,,WBSKG9C59CE798868,,E798868,"MSRP.1,ZCP,ZCW,302,322,4MY,609,6FL",,,"Apr 28, 2012",550/950,,CAN,,,,,,,,
381 - Le Mans Blue Metallic,,NDH1 - Silver Novillo Extended Leather,,WBSKG9C50CE798869,,E798869,"MSRP.1,ZCP,ZCW,ZPP.3,2MK,302,5AC,6FL,6NF,6NR,752",,,"Apr 28, 2012",550/1100,,,,,,,,,,
A52 - Space Gray Metallic,,NCH5 - Fox Red/Black Novillo Leather,,WBSKG9C57CE798870,,E798870,"MSRP.1,ZCP,ZPP.3,2MK,302,6FL,6NF,6NR,655,752",,,"Apr 28, 2012",550,,,,,,,,,,
A52 - Space Gray Metallic,,NCH2 - Fox Red Novillo Leather,,WBSKG9C59CE798871,,E798871,"MSRP.1,ZPP.3,2MK,2MT.1,302,403,494,6FL,752",,,"Apr 28, 2012",550,,,,,,,,,,
,,Z1XX - Unknown Upholstery Code,,WBSKG9C50CE798872,,E798872,"MSRP.1,ZCP,ZPP.3,2MK,302,494,6FL,6NF,6NR,655,752",,,"May 9, 2012",,,,,,,,,,,
300 - Alpine White,,NCH5 - Fox Red/Black Novillo Leather,,WBSKG9C52CE798873,,E798873,"MSRP.1,302,322,494,609,6FL,6NF,6NR,771",,,"Apr 30, 2012",950,,,,,,,,,,
668 - Jet Black,,NCSW - Black Novillo Leather,,WBSKG9C54CE798874,,E798874,"MSRP.1,302,4MX,6FL",,,"May 2, 2012",950,,,,,,,,,,
300 - Alpine White,,NCSW - Black Novillo Leather,,WBSKG9C56CE798875,,E798875,"MSRP.1,ZCP,ZCW,ZPP.3,302,6FL,752",,,"May 2, 2012",,,,,,,,,,,
A52 - Space Gray Metallic,,NCH3 - Beige Novillo Leather,,WBSKG9C58CE798876,,E798876,"MSRP.1,ZCP,ZPP.3,302,6FL,6NF,6NR,752",,,"May 2, 2012",550,,,,,,,,,,
A52 - Space Gray Metallic,,GEAT - Anthracite/Black Cloth & Leather,,WBSKG9C5XCE798877,,E798877,"MSRP.1,ZCP,302,4MX,6FL",,,"May 2, 2012",550,,,,,,,,,,
A52 - Space Gray Metallic,,NDSW - Black Extended Novillo Leather,,WBSKG9C51CE798878,,E798878,"MSRP.1,ZCP,ZPP.3,2MK,302,5AC,6FL,6NF,6NR,752",,,"May 3, 2012",550/1100,,,,,,,,,,
A29 - Silverstone Metallic II,,NCSW - Black Novillo Leather,,WBSKG9C53CE798879,,E798879,"MSRP.1,ZCP,ZCW,ZPP.3,2MK,302,6FL,6NF,6NR,655,752",,,"May 4, 2012",550,,,,,,,,,,
668 - Jet Black,,NCSW - Black Novillo Leather,,WBSKG9C5XCE798880,,E798880,"MSRP.1,ZCP,ZCW,ZPP.3,302,6FL,655,752",,,"May 4, 2012",,,,,,,,,,,
300 - Alpine White,,NCH3 - Beige Novillo Leather,,WBSKG9C51CE798881,,E798881,"MSRP.1,2MT.1,302,6FL,771",,,"May 5, 2012",950,,,,,,,,,,
,,NCSW - Black Novillo Leather,,WBSKG9C53CE798882,,E798882,"MSRP.1,ZCP,ZPP.3,302,494,6FL,6NF,6NR",,,"May 15, 2012",,,,,,,,,,,
,,GEAT - Anthracite/Black Cloth & Leather,,WBSKG9C55CE798883,,E798883,"MSRP.1,ZCP,2MK,302,322,494,4MY,507,6FL",,,"May 16, 2012",,,,,,,,,,,
300 - Alpine White,,NCSW - Black Novillo Leather,,WBSKG9C57CE798884,,E798884,"MSRP.1,ZCP,ZCW,ZPP.3,302,6FL,6NF,6NR",,,"May 7, 2012",,,,,,,,,,,
381 - Le Mans Blue Metallic,,NCSW - Black Novillo Leather,,WBSKG9C59CE798885,,E798885,"MSRP.1,ZCP,ZPP.3,2MK,302,6FL",,,"May 9, 2012",550,,,,,,,,,,
A52 - Space Gray Metallic,,NCSW - Black Novillo Leather,,WBSKG9C50CE798886,,E798886,"MSRP.1,ZCP,ZPP.3,302,403,494,6FL",,,"May 10, 2012",550,,,,,,,,,,
A52 - Space Gray Metallic,,NCSW - Black Novillo Leather,,WBSKG9C52CE798887,,E798887,"MSRP.1,ZCP,302,4MY,609,6FL",,,"May 11, 2012",550/950,,,,,,,,,,
A96 - Mineral White Metallic,,NCH3 - Beige Novillo Leather,,WBSKG9C54CE798888,,E798888,"MSRP.1,ZPP.2,2MK,2MT.1,302,403,6FL,655",,,"May 11, 2012",,,,,,,,,,,
381 - Le Mans Blue Metallic,,NCH3 - Beige Novillo Leather,,WBSKG9C56CE798889,,E798889,"MSRP.1,ZCP,ZPP.3,302,6FL,752",,,"May 11, 2012",550,,,,,,,,,,
668 - Jet Black,,NCH2 - Fox Red Novillo Leather,,WBSKG9C52CE798890,,E798890,"MSRP.1,ZCP,ZPP.3,302,403,494,6FL,752",,,"May 11, 2012",,,,,,,,,,,
A29 - Silverstone Metallic II,,NCSW - Black Novillo Leather,,WBSKG9C54CE798891,,E798891,"MSRP.1,ZCP,ZCW,ZPP.3,2MK,302,6FL,6NF,6NR,752",,,"May 11, 2012",550,,,,,,,,,,
A96 - Mineral White Metallic,,NDH2 - Fox Red Extended Leather,,WBSKG9C56CE798892,,E798892,"MSRP.1,ZCP,ZCW,ZPP.2,2MK,302,403,6FL,6NF,6NR,655,752",,,"May 11, 2012",1100,,,,,,,,,,
A75 - Melbourne Red Metallic,,NCH3 - Beige Novillo Leather,,WBSKG9C58CE798893,,E798893,"MSRP.1,ZPP.3,2MK,2MT.1,302,494,6FL,655",,,"May 11, 2012",550,,,,,,,,,,
A29 - Silverstone Metallic II,,NCSW - Black Novillo Leather,,WBSKG9C5XCE798894,,E798894,"MSRP.1,ZCW,ZPP.1,2MK,302,403,5AC,6FL,6NF,6NR,655",,,"May 11, 2012",550,,,,,,,,,,
A29 - Silverstone Metallic II,,NCH2 - Fox Red Novillo Leather,,WBSKG9C51CE798895,,E798895,"MSRP.1,ZCP,ZPP.2,2MK,302,403,494,6FL,752",,,"May 12, 2012",550,,,,,,,,,,
,,NCH5 - Fox Red/Black Novillo Leather,,WBSKG9C53CE798896,,E798896,"MSRP.1,ZPP.3,302,494,6FL",,,"May 21, 2012",,,,,,,,,,,
,,NCSW - Black Novillo Leather,,WBSKG9C55CE798897,,E798897,"MSRP.1,ZCP,ZPP.3,2MK,302,494,6FL,6NF,6NR,655,752",,,"May 29, 2012",,,,,,,,,,,
300 - Alpine White,,NCSW - Black Novillo Leather,,WBSKG9C57CE798898,,E798898,"MSRP.1,ZPP.3,302,6FL,6NF,6NR",,,"May 12, 2012",,,,,,,,,,,
668 - Jet Black,,NCH5 - Fox Red/Black Novillo Leather,,WBSKG9C59CE798899,,E798899,"MSRP.1,ZCP,ZCW,ZPP.1,302,5AC,6FL,6NF,6NR,655,752",,,"May 12, 2012",,,,,,,,,,,
A75 - Melbourne Red Metallic,,NCSW - Black Novillo Leather,,WBSKG9C51CE798900,,E798900,"MSRP.1,ZCW,ZPP.3,302,403,6FL,6NF,6NR",,,"May 12, 2012",550,,,,,,,,,,
A96 - Mineral White Metallic,,NCSW - Black Novillo Leather,,WBSKG9C53CE798901,,E798901,"MSRP.1,ZCP,ZCW,ZPP.1,302,403,6FL,6NF,6NR,752",,,"May 12, 2012",,,,,,,,,,,
A73 - Jerez Black Metallic,,NCH1 - Silver Novillo Leather,,WBSKG9C55CE798902,,E798902,"MSRP.1,ZCW,ZPP.2,2MT.1,302,403,6FL,6NF,6NR,655",,,"May 14, 2012",550,,,,,,,,,,
A52 - Space Gray Metallic,,NDH2 - Fox Red Extended Leather,,WBSKG9C57CE798903,,E798903,"MSRP.1,ZCP,ZPP.2,302,494,6FL,6NF,6NR,752",,,"May 14, 2012",550/1100,,,,,,,,,,
A52 - Space Gray Metallic,,GEAT - Anthracite/Black Cloth & Leather,,WBSKG9C59CE798904,,E798904,"MSRP.1,ZCP,ZCW,2MK,302,322,4MY,507,609,6FL,6NF,6NR,655",,,"May 14, 2012",550,,,,,,,,,,
A75 - Melbourne Red Metallic,,NCSW - Black Novillo Leather,,WBSKG9C50CE798905,,E798905,"MSRP.1,ZCP,ZCW,ZPP.3,2MK,302,6FL,6NF,6NR,752",,,"May 14, 2012",550,,CAN,,,,,,,,
A75 - Melbourne Red Metallic,,NCSW - Black Novillo Leather,,WBSKG9C52CE798906,,E798906,"MSRP.1,ZCP,ZPP.3,2MK,302,494,5AC,6FL,6NF,6NR",,,"May 14, 2012",550,,,,,,,,,,
300 - Alpine White,,NCSW - Black Novillo Leather,,WBSKG9C54CE798907,,E798907,"MSRP.1,ZCP,ZPP.1,2MK,302,494,6FL,752",,,"May 14, 2012",,,,,,,,,,,
300 - Alpine White,,NCH5 - Fox Red/Black Novillo Leather,,WBSKG9C56CE798908,,E798908,"MSRP.1,ZCP,ZCW,ZPP.3,2MK,302,6FL,6NF,6NR,655,752",,,"May 14, 2012",,,,,,,,,,,
A52 - Space Gray Metallic,,NCSW - Black Novillo Leather,,WBSKG9C58CE798909,,E798909,"MSRP.1,ZCP,ZPP.3,302,494,6FL,6NF,6NR,752",,,"May 15, 2012",550,,,,,,,,,,
A96 - Mineral White Metallic,,NCH5 - Fox Red/Black Novillo Leather,,WBSKG9C54CE798910,,E798910,"MSRP.1,ZCP,ZPP.3,2MK,302,494,5AC,6FL,6NF,6NR,655,752",,,"May 14, 2012",,,,,,,,,,,
A73 - Jerez Black Metallic,,NCH3 - Beige Novillo Leather,,WBSKG9C56CE798911,,E798911,"MSRP.1,ZCP,ZCW,ZPP.3,2MK,302,6FL,6NF,6NR,752",,,"May 14, 2012",550,,,,,,,,,,
A73 - Jerez Black Metallic,,NCSW - Black Novillo Leather,,WBSKG9C58CE798912,,E798912,"MSRP.1,ZCP,ZPP.3,2MK,302,494,5AC,6FL,6NF,6NR,655,752",,,"May 15, 2012",550,,,,,,,,,,
A30 - Interlagos Blue Metallic,,NCSW - Black Novillo Leather,,WBSKG9C5XCE798913,,E798913,"MSRP.1,ZCP,ZCW,ZPP.3,2MK,302,6FL,6NF,6NR,752",,,"May 15, 2012",550,,,,,,,,,,
381 - Le Mans Blue Metallic,,NCSW - Black Novillo Leather,,WBSKG9C51CE798914,,E798914,"MSRP.1,ZPP.3,302,6FL",,,"May 15, 2012",550,,,,,,,,,,
A73 - Jerez Black Metallic,,NCSW - Black Novillo Leather,,WBSKG9C53CE798915,,E798915,"MSRP.1,ZCP,ZCW,ZPP.3,302,6FL,6NF,6NR,655,752",,,"May 15, 2012",550,,,,,,,,,,
A73 - Jerez Black Metallic,,NCSW - Black Novillo Leather,,WBSKG9C55CE798916,,E798916,"MSRP.1,ZCP,ZPP.3,2MK,302,403,494,5AC,6FL,6NF,6NR,655,752",,,"May 15, 2012",550,,,,,,,,,,
,,NCH4 - Palladium/Black Novillo Leather,,WBSKG9C57CE798917,,E798917,"MSRP.1,ZCP,ZPP.3,2MK,302,494,6FL,655,752",,,"May 30, 2012",,,,,,,,,,,
300 - Alpine White,,Z1XX - Unknown Upholstery Code,,WBSKG9C59CE798918,,E798918,"MSRP.1,494,507,609,6FL,655",,,"May 31, 2012",,,,,,,,,,,
,,NCSW - Black Novillo Leather,,WBSKG9C50CE798919,,E798919,"MSRP.1,ZCP,ZCW,ZPP.3,2MK,302,5AC,6FL,6NF,6NR,655,752",,,"May 30, 2012",,,,,,,,,,,
X03 - Unknown Paint Code,,NCSW - Black Novillo Leather,,WBSKG9C57CE798920,,E798920,"MSRP.1,ZCP,ZCW,302,322,4MY,609,6FL,6NF,6NR",,,"May 31, 2012",950,,CAN,,,,,,,,
,,Z1XX - Unknown Upholstery Code,,WBSKG9C59CE798921,,E798921,"MSRP.1,ZCW,ZPP.3,2MK,2MT.1,302,5AC,6FL,6NF,6NR,655,752",,,"Jun 1, 2012",,,,,,,,,,,
A52 - Space Gray Metallic,,NCH3 - Beige Novillo Leather,,WBSKG9C50CE798922,,E798922,"MSRP.1,ZPP.1,2MK,2MT.1,302,403,6FL",,,"May 16, 2012",550,,,,,,,,,,
300 - Alpine White,,NCSW - Black Novillo Leather,,WBSKG9C52CE798923,,E798923,"MSRP.1,ZCP,ZCW,ZPP.3,2MK,302,5AC,6FL,6NF,6NR,655,752",,,"May 16, 2012",,,,,,,,,,,
300 - Alpine White,,NCH5 - Fox Red/Black Novillo Leather,,WBSKG9C54CE798924,,E798924,"MSRP.1,ZCP,ZPP.3,302,494,6FL,752",,,"May 16, 2012",,,,,,,,,,,
A52 - Space Gray Metallic,,NDSW - Black Extended Novillo Leather,,WBSKG9C56CE798925,,E798925,"MSRP.1,ZCP,ZPP.3,2MK,302,494,6FL,6NF,6NR",,,"May 16, 2012",550/1100,,,,,,,,,,
A52 - Space Gray Metallic,,NCSW - Black Novillo Leather,,WBSKG9C58CE798926,,E798926,"MSRP.1,ZPP.3,2MK,2MT.1,302,494,6FL,6NF,6NR,655,752",,,"May 16, 2012",550,,,,,,,,,,
300 - Alpine White,,NDSW - Black Extended Novillo Leather,,WBSKG9C5XCE798927,,E798927,"MSRP.1,ZCP,ZPP.3,2MK,302,494,6FL",,,"May 16, 2012",1100,,,,,,,,,,
300 - Alpine White,,NDSW - Black Extended Novillo Leather,,WBSKG9C51CE798928,,E798928,"MSRP.1,ZCP,ZPP.3,2MK,302,494,6FL,6NF,6NR,752",,,"May 16, 2012",1100,,,,,,,,,,
300 - Alpine White,,NDH2 - Fox Red Extended Leather,,WBSKG9C53CE798929,,E798929,"MSRP.1,ZCP,ZCW,ZPP.3,302,6FL,6NF,6NR,655,752",,,"May 16, 2012",1100,,,,,,,,,,
300 - Alpine White,,NCH5 - Fox Red/Black Novillo Leather,,WBSKG9C5XCE798930,,E798930,"MSRP.1,ZCP,ZPP.3,302,6FL",,,"May 16, 2012",,,,,,,,,,,
A30 - Interlagos Blue Metallic,,NDH1 - Silver Novillo Extended Leather,,WBSKG9C51CE798931,,E798931,"MSRP.1,ZCP,ZCW,ZPP.1,302,6FL,6NF,6NR,655,752",,,"May 16, 2012",550/1100,,,,,,,,,,
A75 - Melbourne Red Metallic,,GEAT - Anthracite/Black Cloth & Leather,,WBSKG9C53CE798932,,E798932,"MSRP.1,ZCP,302,609,6FL,771",,,"May 18, 2012",550,,,,,,,,,,
381 - Le Mans Blue Metallic,,NCSW - Black Novillo Leather,,WBSKG9C55CE798933,,E798933,"MSRP.1,ZCW,ZPP.1,2MK,2MT.1,302,5AC,6FL,6NF,6NR,655,752",,,"May 18, 2012",550,,,,,,,,,,
A52 - Space Gray Metallic,,NCSW - Black Novillo Leather,,WBSKG9C57CE798934,,E798934,"MSRP.1,ZCP,ZPP.3,2MK,302,494,6FL,752",,,"May 18, 2012",550,,,,,,,,,,
300 - Alpine White,,NDSW - Black Extended Novillo Leather,,WBSKG9C59CE798935,,E798935,"MSRP.1,494,507,609,6FL,655",,,"May 18, 2012",2000,,,,,,,,,,
A52 - Space Gray Metallic,,NCSW - Black Novillo Leather,,WBSKG9C50CE798936,,E798936,"MSRP.1,ZCP,ZPP.2,302,494,6FL,6NF,6NR",,,"May 18, 2012",550,,,,,,,,,,
300 - Alpine White,,NCSW - Black Novillo Leather,,WBSKG9C52CE798937,,E798937,"MSRP.1,ZCP,ZPP.3,302,494,6FL,655,752",,,"May 18, 2012",,,,,,,,,,,
300 - Alpine White,,NCH2 - Fox Red Novillo Leather,,WBSKG9C54CE798938,,E798938,"MSRP.1,ZCP,302,494,4MZ,609,6FL,6NF,6NR,655",,,"May 18, 2012",950,,,,,,,,,,
300 - Alpine White,,NCH2 - Fox Red Novillo Leather,,WBSKG9C56CE798939,,E798939,"MSRP.1,ZPP.3,2MK,302,494,6FL,6NF,6NR",,,"May 19, 2012",,,,,,,,,,,
A52 - Space Gray Metallic,,NCH2 - Fox Red Novillo Leather,,WBSKG9C52CE798940,,E798940,"MSRP.1,ZCP,ZPP.3,2MK,302,494,6FL,6NF,6NR,655,752",,,"May 19, 2012",550,,,,,,,,,,
A52 - Space Gray Metallic,,NCH5 - Fox Red/Black Novillo Leather,,WBSKG9C54CE798941,,E798941,"MSRP.1,ZCP,302,4MY,609,6FL",,,"May 19, 2012",550/950,,,,,,,,,,
A73 - Jerez Black Metallic,,NCH3 - Beige Novillo Leather,,WBSKG9C56CE798942,,E798942,"MSRP.1,ZPP.1,2MT.1,302,494,6FL,655",,,"May 19, 2012",550,,,,,,,,,,
A30 - Interlagos Blue Metallic,,NCSW - Black Novillo Leather,,WBSKG9C58CE798943,,E798943,"MSRP.1,ZCP,ZPP.3,302,494,6FL,655,752",,,"May 19, 2012",550,,,,,,,,,,
A52 - Space Gray Metallic,,NCH5 - Fox Red/Black Novillo Leather,,WBSKG9C5XCE798944,,E798944,"MSRP.1,ZCP,2MK,302,322,403,494,4MZ,507,609,6FL,655",,,"May 19, 2012",550/950,,,,,,,,,,
668 - Jet Black,,NCSW - Black Novillo Leather,,WBSKG9C51CE798945,,E798945,"MSRP.1,ZCW,ZPP.1,302,403,6FL,752",,,"May 19, 2012",,,,,,,,,,,
668 - Jet Black,,NCSW - Black Novillo Leather,,WBSKG9C53CE798946,,E798946,"MSRP.1,ZCP,ZPP.3,2MK,302,494,6FL,6NF,6NR,655,752",,,"May 19, 2012",,,,,,,,,,,
300 - Alpine White,,NCSW - Black Novillo Leather,,WBSKG9C55CE798947,,E798947,"MSRP.1,ZCP,ZPP.3,302,403,494,6FL,6NF,6NR,655,752",,,"May 19, 2012",,,,,,,,,,,
300 - Alpine White,,NCSW - Black Novillo Leather,,WBSKG9C57CE798948,,E798948,"MSRP.1,ZCP,ZPP.3,2MK,302,494,6FL,752",,,"May 19, 2012",,,,,,,,,,,
A30 - Interlagos Blue Metallic,,NCH3 - Beige Novillo Leather,,WBSKG9C59CE798949,,E798949,"MSRP.1,ZPP.2,2MT.1,302,403,6FL",,,"May 19, 2012",550,,,,,,,,,,
300 - Alpine White,,NCSW - Black Novillo Leather,,WBSKG9C55CE798950,,E798950,"MSRP.1,ZCP,ZPP.3,2MK,302,494,5AC,6FL,6NF,6NR,655,752",,,"May 19, 2012",,,,,,,,,,,
A96 - Mineral White Metallic,,NCH5 - Fox Red/Black Novillo Leather,,WBSKG9C57CE798951,,E798951,"MSRP.1,ZCP,ZPP.3,2MK,302,494,6FL,6NF,6NR,655,752",,,"May 19, 2012",,,,,,,,,,,
A75 - Melbourne Red Metallic,,NCSW - Black Novillo Leather,,WBSKG9C59CE798952,,E798952,"MSRP.1,ZCP,2MK,302,322,494,4MY,609,6FL",,,"May 21, 2012",550/950,,,,,,,,,,
A73 - Jerez Black Metallic,,NCH3 - Beige Novillo Leather,,WBSKG9C50CE798953,,E798953,"MSRP.1,ZCW,ZPP.2,2MK,302,6FL,655,752",,,"May 21, 2012",550,,,,,,,,,,
300 - Alpine White,,NCSW - Black Novillo Leather,,WBSKG9C52CE798954,,E798954,"MSRP.1,494,507,609,6FL,655",,,"May 21, 2012",950,,,,,,,,,,
A75 - Melbourne Red Metallic,,NCH5 - Fox Red/Black Novillo Leather,,WBSKG9C54CE798955,,E798955,"MSRP.1,ZCP,ZCW,ZPP.3,2MK,302,6FL,6NF,6NR,655,752",,,"May 21, 2012",550,,,,,,,,,,
A52 - Space Gray Metallic,,NCH2 - Fox Red Novillo Leather,,WBSKG9C56CE798956,,E798956,"MSRP.1,ZCP,ZPP.3,2MK,302,494,6FL,6NF,6NR,752",,,"May 21, 2012",550,,,,,,,,,,
A96 - Mineral White Metallic,,NCH5 - Fox Red/Black Novillo Leather,,WBSKG9C58CE798957,,E798957,"MSRP.1,ZCP,ZCW,ZPP.1,2MK,302,403,5AC,6FL,6NF,6NR,655,752",,,"May 21, 2012",,,,,,,,,,,
A96 - Mineral White Metallic,,NCH5 - Fox Red/Black Novillo Leather,,WBSKG9C5XCE798958,,E798958,"MSRP.1,ZCP,ZCW,ZPP.3,2MK,302,5AC,6FL,6NF,6NR,655,752",,,"May 21, 2012",,,,,,,,,,,
668 - Jet Black,,NCSW - Black Novillo Leather,,WBSKG9C51CE798959,,E798959,"MSRP.1,ZCP,ZPP.3,2MK,302,494,6FL,6NF,6NR,655,752",,,"May 21, 2012",,,,,,,,,,,
300 - Alpine White,,GEAT - Anthracite/Black Cloth & Leather,,WBSKG9C58CE798960,,E798960,"MSRP.1,ZCP,302,322,415,494,4MY,6FL",,,"May 21, 2012",,,,,,,,,,,
300 - Alpine White,,NCSW - Black Novillo Leather,,WBSKG9C5XCE798961,,E798961,"MSRP.1,ZCP,ZPP.3,2MK,302,494,6FL,6NF,6NR,655,752",,,"May 22, 2012",,,,,,,,,,,
300 - Alpine White,,NCSW - Black Novillo Leather,,WBSKG9C51CE798962,,E798962,"MSRP.1,494,507,609,6FL,655",,,"May 22, 2012",950,,,,,,,,,,
A96 - Mineral White Metallic,,NCH5 - Fox Red/Black Novillo Leather,,WBSKG9C53CE798963,,E798963,"MSRP.1,ZCP,ZPP.3,2MK,302,6FL,752",,,"May 22, 2012",,,,,,,,,,,
A73 - Jerez Black Metallic,,NCSW - Black Novillo Leather,,WBSKG9C55CE798964,,E798964,"MSRP.1,ZCP,ZCW,2MK,302,4MY,507,609,6FL,655",,,"May 23, 2012",550/950,,,,,,,,,,
A75 - Melbourne Red Metallic,,NDH1 - Silver Novillo Extended Leather,,WBSKG9C57CE798965,,E798965,"MSRP.1,ZCP,ZCW,ZPP.3,302,6FL,6NF,6NR,655,752",,,"May 22, 2012",550/1100,,,,,,,,,,
A75 - Melbourne Red Metallic,,GEAT - Anthracite/Black Cloth & Leather,,WBSKG9C59CE798966,,E798966,"MSRP.1,ZCP,ZCW,302,322,415,4MY,507,609,6FL,655,752",,,"May 22, 2012",550,,CAN,,,,,,,,
668 - Jet Black,,GEAT - Anthracite/Black Cloth & Leather,,WBSKG9C50CE798967,,E798967,"MSRP.1,302,494,609,6FL,771",,,"May 22, 2012",,,,,,,,,,,
300 - Alpine White,,NCH2 - Fox Red Novillo Leather,,WBSKG9C52CE798968,,E798968,"MSRP.1,ZCP,ZPP.3,302,494,6FL,6NF,6NR",,,"May 22, 2012",,,,,,,,,,,
A75 - Melbourne Red Metallic,,GEAT - Anthracite/Black Cloth & Leather,,WBSKG9C54CE798969,,E798969,"MSRP.1,ZCP,ZCW,302,403,4MX,6FL",,,"May 23, 2012",550,,,,,,,,,,
300 - Alpine White,,NCSW - Black Novillo Leather,,WBSKG9C50CE798970,,E798970,"MSRP.1,ZCP,ZCW,ZPP.1,302,6FL,6NF,6NR,655,752",,,"May 23, 2012",,,,,,,,,,,
300 - Alpine White,,NDSW - Black Extended Novillo Leather,,WBSKG9C52CE798971,,E798971,"MSRP.1,ZCP,ZCW,ZPP.3,2MK,302,6FL,6NF,6NR,655,752",,,"May 23, 2012",1100,,,,,,,,,,
A75 - Melbourne Red Metallic,,GEAT - Anthracite/Black Cloth & Leather,,WBSKG9C54CE798972,,E798972,"MSRP.1,2MK,2MT.1,302,4MY,6FL",,,"May 23, 2012",550,,,,,,,,,,
300 - Alpine White,,NCH2 - Fox Red Novillo Leather,,WBSKG9C56CE798973,,E798973,"MSRP.1,ZCP,ZPP.3,2MK,302,494,5AC,6FL,6NF,6NR,655,752",,,"May 23, 2012",,,,,,,,,,,
300 - Alpine White,,NCSW - Black Novillo Leather,,WBSKG9C58CE798974,,E798974,"MSRP.1,494,507,609,6FL,655",,,"May 23, 2012",950,,,,,,,,,,
A29 - Silverstone Metallic II,,NCH5 - Fox Red/Black Novillo Leather,,WBSKG9C5XCE798975,,E798975,"MSRP.1,ZCP,ZPP.3,2MK,302,494,6FL",,,"May 24, 2012",550,,,,,,,,,,
A29 - Silverstone Metallic II,,NCSW - Black Novillo Leather,,WBSKG9C51CE798976,,E798976,"MSRP.1,ZCP,ZCW,ZPP.1,2MK,302,5AC,6FL,655,752",,,"May 24, 2012",550,,,,,,,,,,
668 - Jet Black,,GEAT - Anthracite/Black Cloth & Leather,,WBSKG9C53CE798977,,E798977,"MSRP.1,ZCP,2MK,302,6FL,771",,,"May 24, 2012",,,,,,,,,,,
A29 - Silverstone Metallic II,,NCSW - Black Novillo Leather,,WBSKG9C55CE798978,,E798978,"MSRP.1,ZCW,ZPP.3,2MK,302,403,6FL,6NF,6NR",,,"May 24, 2012",550,,,,,,,,,,
A52 - Space Gray Metallic,,NCSW - Black Novillo Leather,,WBSKG9C57CE798979,,E798979,"MSRP.1,ZCP,ZCW,ZPP.1,2MK,302,403,6FL,6NF,6NR",,,"May 25, 2012",550,,,,,,,,,,
381 - Le Mans Blue Metallic,,NCSW - Black Novillo Leather,,WBSKG9C53CE798980,,E798980,"MSRP.1,ZCP,ZCW,ZPP.3,2MK,302,6FL,6NF,6NR,752",,,"May 25, 2012",550,,,,,,,,,,
A96 - Mineral White Metallic,,GEAT - Anthracite/Black Cloth & Leather,,WBSKG9C55CE798981,,E798981,"MSRP.1,ZCP,302,4MY,609,6FL",,,"May 25, 2012",,,,,,,,,,,
A73 - Jerez Black Metallic,,NCH5 - Fox Red/Black Novillo Leather,,WBSKG9C57CE798982,,E798982,"MSRP.1,ZCP,302,403,6FL,771",,,"May 25, 2012",550/950,,,,,,,,,,
300 - Alpine White,,NDH2 - Fox Red Extended Leather,,WBSKG9C59CE798983,,E798983,"MSRP.1,ZCP,ZPP.1,2MK,302,494,6FL,6NF,6NR,655,752",,,"May 25, 2012",1100,,,,,,,,,,
668 - Jet Black,,NDSW - Black Extended Novillo Leather,,WBSKG9C50CE798984,,E798984,"MSRP.1,ZCP,ZCW,ZPP.3,2MK,302,5AC,6FL,6NF,6NR,752",,,"May 25, 2012",1100,,,,,,,,,,
A96 - Mineral White Metallic,,NCSW - Black Novillo Leather,,WBSKG9C52CE798985,,E798985,"MSRP.1,ZCP,2MK,302,4MY,6FL",,,"May 25, 2012",950,,,,,,,,,,
A30 - Interlagos Blue Metallic,,NCSW - Black Novillo Leather,,WBSKG9C54CE798986,,E798986,"MSRP.1,302,6FL,771",,,"May 25, 2012",550/950,,,,,,,,,,
A29 - Silverstone Metallic II,,NCH2 - Fox Red Novillo Leather,,WBSKG9C56CE798987,,E798987,"MSRP.1,ZCP,ZPP.1,2MK,302,6FL",,,"May 26, 2012",550,,,,,,,,,,
A52 - Space Gray Metallic,,NCH5 - Fox Red/Black Novillo Leather,,WBSKG9C58CE798988,,E798988,"MSRP.1,ZCP,ZPP.2,2MK,302,403,494,6FL,6NF,6NR,655,752",,,"May 26, 2012",550,,,,,,,,,,
A52 - Space Gray Metallic,,NCSW - Black Novillo Leather,,WBSKG9C5XCE798989,,E798989,"MSRP.1,ZCP,ZPP.3,302,494,6FL,655,752",,,"May 26, 2012",550,,,,,,,,,,
A52 - Space Gray Metallic,,NCSW - Black Novillo Leather,,WBSKG9C56CE798990,,E798990,"MSRP.1,ZCP,ZPP.3,2MK,302,494,6FL,6NF,6NR",,,"May 29, 2012",550,,,,,,,,,,
300 - Alpine White,,NDSW - Black Extended Novillo Leather,,WBSKG9C58CE798991,,E798991,"MSRP.1,ZCP,ZCW,ZPP.2,302,6FL,6NF,6NR,655,752",,,"May 29, 2012",1100,,,,,,,,,,
A52 - Space Gray Metallic,,NCH5 - Fox Red/Black Novillo Leather,,WBSKG9C5XCE798992,,E798992,"MSRP.1,ZPP.3,302,403,494,6FL,6NF,6NR",,,"May 29, 2012",550,,,,,,,,,,
300 - Alpine White,,NCH3 - Beige Novillo Leather,,WBSKG9C51CE798993,,E798993,"MSRP.1,ZPP.2,2MK,302,6FL,655",,,"May 29, 2012",,,,,,,,,,,
300 - Alpine White,,NDH2 - Fox Red Extended Leather,,WBSKG9C53CE798994,,E798994,"MSRP.1,ZCP,ZCW,ZPP.3,2MK,302,5AC,6FL,6NF,6NR,655,752",,,"May 29, 2012",1100,,,,,,,,,,
A96 - Mineral White Metallic,,NCH4 - Palladium/Black Novillo Leather,,WBSKG9C55CE798995,,E798995,"MSRP.1,ZCP,ZPP.3,2MK,302,494,5AC,6FL,655,752",,,"May 29, 2012",,,,,,,,,,,
A52 - Space Gray Metallic,,NCH2 - Fox Red Novillo Leather,,WBSKG9C57CE798996,,E798996,"MSRP.1,ZCP,ZPP.3,2MK,302,494,6FL,6NF,6NR,655,752",,,"May 29, 2012",550,,,,,,,,,,
A52 - Space Gray Metallic,,NCSW - Black Novillo Leather,,WBSKG9C59CE798997,,E798997,"MSRP.1,ZCP,ZCW,2MK,302,322,415,4MY,507,609,6FL,6NF,6NR,655,752",,,"May 29, 2012",550/950,,CAN,,,,,,,,
A73 - Jerez Black Metallic,,NCSW - Black Novillo Leather,,WBSKG9C50CE798998,,E798998,"MSRP.1,ZCP,ZPP.2,302,403,6FL,752",,,"May 29, 2012",550,,,,,,,,,,
A73 - Jerez Black Metallic,,NCSW - Black Novillo Leather,,WBSKG9C52CE798999,,E798999,"MSRP.1,ZCP,ZCW,ZPP.3,302,403,6FL,6NF,6NR,655,752",,,"May 29, 2012",550,,,,,,,,,,
668 - Jet Black,,NCSW - Black Novillo Leather,,WBSKG9C53CE799000,,E799000,"MSRP.1,ZCP,ZPP.3,2MK,302,494,6FL,655,752",,,"May 30, 2012",,,,,,,,,,,
A73 - Jerez Black Metallic,,NCSW - Black Novillo Leather,,WBSKG9C55CE799001,,E799001,"MSRP.1,ZCP,ZPP.3,2MK,302,6FL",,,"May 30, 2012",550,,,,,,,,,,
A73 - Jerez Black Metallic,,NDH2 - Fox Red Extended Leather,,WBSKG9C57CE799002,,E799002,"MSRP.1,ZCP,ZCW,ZPP.3,302,5AC,6FL,6NF,6NR,655,752",,,"May 30, 2012",550/1100,,,,,,,,,,
300 - Alpine White,,NCSW - Black Novillo Leather,,WBSKG9C59CE799003,,E799003,"MSRP.1,ZCP,ZCW,302,322,4MY,6FL",,,"May 30, 2012",950,,CAN,,,,,,,,
A29 - Silverstone Metallic II,,NCH3 - Beige Novillo Leather,,WBSKG9C50CE799004,,E799004,"MSRP.1,2MT.1,302,403,4MZ,609,6FL",,,"May 30, 2012",550/950,,,,,,,,,,
A75 - Melbourne Red Metallic,,NCSW - Black Novillo Leather,,WBSKG9C52CE799005,,E799005,"MSRP.1,ZCP,302,322,415,494,4MY,6FL",,,"May 30, 2012",550/950,,,,,,,,,,
A52 - Space Gray Metallic,,GEAT - Anthracite/Black Cloth & Leather,,WBSKG9C54CE799006,,E799006,"MSRP.1,ZCP,302,494,4MY,6FL,655",,,"May 30, 2012",550,,,,,,,,,,
A73 - Jerez Black Metallic,,NCSW - Black Novillo Leather,,WBSKG9C56CE799007,,E799007,"MSRP.1,ZCW,ZPP.2,2MK,302,403,6FL",,,"May 30, 2012",550,,,,,,,,,,
668 - Jet Black,,GEAT - Anthracite/Black Cloth & Leather,,WBSKG9C58CE799008,,E799008,"MSRP.1,ZCW,302,322,4MX,609,6FL",,,"May 30, 2012",,,,,,,,,,,
300 - Alpine White,,NDSW - Black Extended Novillo Leather,,WBSKG9C5XCE799009,,E799009,"MSRP.1,494,507,609,6FL,655",,,"May 30, 2012",2000,,,,,,,,,,
A30 - Interlagos Blue Metallic,,NCSW - Black Novillo Leather,,WBSKG9C56CE799010,,E799010,"MSRP.1,ZCP,ZPP.3,302,403,6FL,6NF,6NR,655,752",,,"May 30, 2012",550,,,,,,,,,,
A96 - Mineral White Metallic,,NCH5 - Fox Red/Black Novillo Leather,,WBSKG9C58CE799011,,E799011,"MSRP.1,ZCP,302,322,4MY,507,6FL",,,"May 30, 2012",950,,,,,,,,,,
381 - Le Mans Blue Metallic,,NCH1 - Silver Novillo Leather,,WBSKG9C5XCE799012,,E799012,"MSRP.1,302,4MX,609,6FL",,,"May 30, 2012",550/950,,,,,,,,,,
300 - Alpine White,,NDH2 - Fox Red Extended Leather,,WBSKG9C51CE799013,,E799013,"MSRP.1,ZCP,ZPP.3,2MK,302,6FL,6NF,6NR",,,"May 31, 2012",1100,,,,,,,,,,
A29 - Silverstone Metallic II,,NCH5 - Fox Red/Black Novillo Leather,,WBSKG9C53CE799014,,E799014,"MSRP.1,ZCP,ZPP.1,2MK,302,6FL,6NF,6NR",,,"May 31, 2012",550,,,,,,,,,,
A30 - Interlagos Blue Metallic,,GEAT - Anthracite/Black Cloth & Leather,,WBSKG9C55CE799015,,E799015,"MSRP.1,2MK,302,322,4MY,609,6FL",,,"Jun 6, 2012",550,,,,,,,,,,
668 - Jet Black,,GEAT - Anthracite/Black Cloth & Leather,,WBSKG9C57CE799016,,E799016,"MSRP.1,ZCP,302,403,6FL,655,771",,,"Jun 6, 2012",,,,,,,,,,,
300 - Alpine White,,NCH2 - Fox Red Novillo Leather,,WBSKG9C59CE799017,,E799017,"MSRP.1,ZCP,ZCW,302,322,403,4MY,609,6FL,6NF,6NR",,,"Jun 8, 2012",950,,CAN,,,,,,,,
300 - Alpine White,,NCH4 - Palladium/Black Novillo Leather,,WBSKG9C50CE799018,,E799018,"MSRP.1,494,507,609,6FL,655",,,"Jun 9, 2012",950,,,,,,,,,,
,,NCSW - Black Novillo Leather,,WBSKG9C52CE799019,,E799019,"MSRP.1,ZCP,2MK,302,494,4MY,609,6FL",,,"Jun 18, 2012",950,,,,,,,,,,
,,NCH2 - Fox Red Novillo Leather,,WBSKG9C59CE799020,,E799020,"MSRP.1,ZCP,2MK,302,4MY,507,609,6FL,6NF,6NR",,,"Jun 19, 2012",950,,,,,,,,,,
300 - Alpine White,,NCH2 - Fox Red Novillo Leather,,WBSKG9C50CE799021,,E799021,"MSRP.1,ZCP,ZCW,2MK,302,322,415,4MY,507,609,6FL,655,752",,,"Jun 14, 2012",950,,CAN,,,,,,,,
300 - Alpine White,,NDSW - Black Extended Novillo Leather,,WBSKG9C52CE799022,,E799022,"MSRP.1,ZCP,ZCW,2MK,302,322,415,4MY,507,609,6FL,6NF,6NR,655,752",,,"Jun 15, 2012",2000,,CAN,,,,,,,,
A73 - Jerez Black Metallic,,NCSW - Black Novillo Leather,,WBSKG9C54CE799023,,E799023,"MSRP.1,ZCP,ZCW,302,322,403,4MY,6FL",,,"Jun 15, 2012",550/950,,,,,,,,,,
300 - Alpine White,,NCH2 - Fox Red Novillo Leather,,WBSKG9C56CE799024,,E799024,"MSRP.1,ZCP,ZCW,2MK,302,322,415,4MY,507,609,6FL,655,752",,,"Jun 15, 2012",950,,CAN,,,,,,,,
A52 - Space Gray Metallic,,NCSW - Black Novillo Leather,,WBSKG9C58CE799025,,E799025,"MSRP.1,ZPP.2,302,403,494,6FL,6NF,6NR,752",,,"Jun 16, 2012",550,,,,,,,,,,
A52 - Space Gray Metallic,,ZAP2 - Unknown Upholstery Code,,WBSKG9C5XCE799026,,E799026,"MSRP.1,ZCP,ZCW,ZPP.3,2MK,302,6FL,6NF,6NR,752",,,"Jun 27, 2012",550,,,,,,,,,,
,,NCSW - Black Novillo Leather,,WBSKG9C51CE799027,,E799027,"MSRP.1,ZCP,ZCW,ZPP.3,2MK,302,5AC,6FL,6NF,6NR,655,752",,,"Jun 27, 2012",,,,,,,,,,,
S34 - Unknown Paint Code,,Z1XX - Unknown Upholstery Code,,WBSKG9C53CE799028,,E799028,"MSRP.1,ZCP,ZCW,302,322,4MY,507,609,6FL,655",,,"Jun 28, 2012",,,CAN,,,,,,,,
,,,,WBSKG9C50BE799029,,E799029,MSRP.1,,,,,,,,,,,,,,
,,NCH2 - Fox Red Novillo Leather,,WBSKG9C51CE799030,,E799030,MSRP.1,,,"Jun 18, 2012",950,,,,,,,,,,
,,,,WBSKG9C50BE799031,,E799031,MSRP.1,,,,,,,,,,,,,,
381 - Le Mans Blue Metallic,,NCSW - Black Novillo Leather,,WBSKG9C55CE799032,,E799032,"MSRP.1,ZCP,ZPP.3,2MK,302,494,6FL",,,"Jun 19, 2012",550,,,,,,,,,,
A75 - Melbourne Red Metallic,,NCSW - Black Novillo Leather,,WBSKG9C57CE799033,,E799033,"MSRP.1,ZCP,ZCW,ZPP.3,2MK,302,6FL,6NF,6NR,655,752",,,"Jun 19, 2012",550,,,,,,,,,,
A30 - Interlagos Blue Metallic,,NCH2 - Fox Red Novillo Leather,,WBSKG9C59CE799034,,E799034,"MSRP.1,ZCW,2MT.1,302,322,403,415,4MY,507,609,6FL,655,752",,,"Jun 19, 2012",550/950,,CAN,,,,,,,,
A29 - Silverstone Metallic II,,NCH4 - Palladium/Black Novillo Leather,,WBSKG9C50CE799035,,E799035,"MSRP.1,ZCP,ZCW,ZPP.1,302,6FL",,,"Jun 20, 2012",550,,,,,,,,,,
A29 - Silverstone Metallic II,,NCSW - Black Novillo Leather,,WBSKG9C52CE799036,,E799036,"MSRP.1,ZCW,2MT.1,302,322,415,4MY,507,609,6FL,655,752",,,"Jun 20, 2012",550/950,,CAN,,,,,,,,
A29 - Silverstone Metallic II,,NCH4 - Palladium/Black Novillo Leather,,WBSKG9C54CE799037,,E799037,"MSRP.1,ZCP,ZPP.3,2MK,302,494,6FL,6NF,6NR,655,752",,,"Jun 21, 2012",550,,,,,,,,,,
668 - Jet Black,,NCSW - Black Novillo Leather,,WBSKG9C56CE799038,,E799038,"MSRP.1,ZPP.3,2MK,302,403,6FL",,,"Jun 21, 2012",,,,,,,,,,,
A52 - Space Gray Metallic,,GEAT - Anthracite/Black Cloth & Leather,,WBSKG9C58CE799039,,E799039,"MSRP.1,ZCP,2MK,302,507,6FL,771",,,"Jun 21, 2012",550,,,,,,,,,,
A75 - Melbourne Red Metallic,,NCSW - Black Novillo Leather,,WBSKG9C54CE799040,,E799040,"MSRP.1,ZCW,ZPP.3,2MK,302,6FL,6NF,6NR,655",,,"Jun 21, 2012",550,,,,,,,,,,
668 - Jet Black,,NDH3 - Beige Novillo Extended Leather,,WBSKG9C56CE799041,,E799041,"MSRP.1,ZCP,ZCW,ZPP.2,2MK,302,403,6FL,655",,,"Jun 21, 2012",1100,,,,,,,,,,
A52 - Space Gray Metallic,,NCSW - Black Novillo Leather,,WBSKG9C58CE799042,,E799042,"MSRP.1,ZCP,ZCW,ZPP.3,2MK,302,6FL,6NF,6NR",,,"Jun 21, 2012",550,,,,,,,,,,
A52 - Space Gray Metallic,,NCH5 - Fox Red/Black Novillo Leather,,WBSKG9C5XCE799043,,E799043,"MSRP.1,ZCP,ZPP.3,2MK,302,6FL,6NF,6NR,655,752",,,"Jun 21, 2012",550,,,,,,,,,,
A52 - Space Gray Metallic,,NCSW - Black Novillo Leather,,WBSKG9C51CE799044,,E799044,"MSRP.1,ZCP,ZCW,ZPP.3,2MK,302,6FL,6NF,6NR,655,752",,,"Jun 21, 2012",550,,,,,,,,,,
300 - Alpine White,,NCH5 - Fox Red/Black Novillo Leather,,WBSKG9C53CE799045,,E799045,"MSRP.1,ZCP,ZCW,ZPP.3,2MK,302,6FL,6NF,6NR,655,752",,,"Jun 22, 2012",,,,,,,,,,,
300 - Alpine White,,NCSW - Black Novillo Leather,,WBSKG9C55CE799046,,E799046,"MSRP.1,ZCP,ZCW,ZPP.3,2MK,302,6FL,6NF,6NR,655,752",,,"Jun 22, 2012",,,,,,,,,,,
300 - Alpine White,,NCSW - Black Novillo Leather,,WBSKG9C57CE799047,,E799047,"MSRP.1,ZCP,ZCW,ZPP.3,2MK,302,5AC,6FL,6NF,6NR,655,752",,,"Jun 22, 2012",,,,,,,,,,,
668 - Jet Black,,NCSW - Black Novillo Leather,,WBSKG9C59CE799048,,E799048,"MSRP.1,ZCP,ZCW,ZPP.1,302,403,6FL",,,"Jun 22, 2012",,,,,,,,,,,
300 - Alpine White,,NDH2 - Fox Red Extended Leather,,WBSKG9C50CE799049,,E799049,"MSRP.1,ZCP,ZCW,2MK,302,322,415,4MY,507,609,6FL,6NF,6NR,655,752",,,"Jun 22, 2012",2000,,CAN,,,,,,,,
300 - Alpine White,,NDSW - Black Extended Novillo Leather,,WBSKG9C57CE799050,,E799050,"MSRP.1,ZCP,ZCW,302,322,415,4MY,507,609,6FL,6NF,6NR,655,752",,,"Jun 22, 2012",2000,,CAN,,,,,,,,
A73 - Jerez Black Metallic,,NCSW - Black Novillo Leather,,WBSKG9C59CE799051,,E799051,"MSRP.1,ZCP,ZCW,2MK,302,322,415,4MY,507,609,6FL,6NF,6NR,655,752",,,"Jun 22, 2012",550/950,,CAN,,,,,,,,
381 - Le Mans Blue Metallic,,NCSW - Black Novillo Leather,,WBSKG9C50CE799052,,E799052,"MSRP.1,ZCP,2MK,302,4MY,609,6FL",,,"Jun 22, 2012",550/950,,,,,,,,,,
A73 - Jerez Black Metallic,,NCSW - Black Novillo Leather,,WBSKG9C52CE799053,,E799053,"MSRP.1,ZCP,ZCW,ZPP.3,2MK,302,6FL,6NF,6NR",,,"Jun 23, 2012",550,,,,,,,,,,
668 - Jet Black,,NCSW - Black Novillo Leather,,WBSKG9C54CE799054,,E799054,"MSRP.1,ZCW,ZPP.3,2MK,2MT.1,302,403,6FL,6NF,6NR,655,752",,,"Jun 23, 2012",,,,,,,,,,,
300 - Alpine White,,NDH3 - Beige Novillo Extended Leather,,WBSKG9C56CE799055,,E799055,"MSRP.1,ZCP,ZPP.3,2MK,302,494,6FL,6NF,6NR,752",,,"Jun 23, 2012",1100,,,,,,,,,,
A96 - Mineral White Metallic,,NCH2 - Fox Red Novillo Leather,,WBSKG9C58CE799056,,E799056,"MSRP.1,ZPP.3,2MK,2MT.1,302,494,6FL",,,"Jun 23, 2012",,,,,,,,,,,
300 - Alpine White,,NDSW - Black Extended Novillo Leather,,WBSKG9C5XCE799057,,E799057,"MSRP.1,ZCP,ZCW,2MK,302,322,415,4MY,507,609,6FL,6NF,6NR,655,752",,,"Jun 23, 2012",2000,,CAN,,,,,,,,
300 - Alpine White,,NCSW - Black Novillo Leather,,WBSKG9C51CE799058,,E799058,"MSRP.1,ZPP.3,302,403,6FL,752",,,"Jun 25, 2012",,,,,,,,,,,
A73 - Jerez Black Metallic,,NDSW - Black Extended Novillo Leather,,WBSKG9C53CE799059,,E799059,"MSRP.1,ZCP,ZCW,2MK,302,322,415,4MY,507,609,6FL,6NF,6NR,655,752",,,"Jun 25, 2012",550/2000,,CAN,,,,,,,,
668 - Jet Black,,GEAT - Anthracite/Black Cloth & Leather,,WBSKG9C5XCE799060,,E799060,"MSRP.1,ZCP,ZCW,302,322,4MY,6FL",,,"Jun 25, 2012",,,CAN,,,,,,,,
668 - Jet Black,,GEAT - Anthracite/Black Cloth & Leather,,WBSKG9C51CE799061,,E799061,"MSRP.1,ZCP,ZCW,302,403,4MY,6FL",,,"Jun 25, 2012",,,,,,,,,,,
300 - Alpine White,,NCH3 - Beige Novillo Leather,,WBSKG9C53CE799062,,E799062,"MSRP.1,2MK,302,6FL,655,771",,,"Jun 25, 2012",950,,,,,,,,,,
668 - Jet Black,,NCH2 - Fox Red Novillo Leather,,WBSKG9C55CE799063,,E799063,"MSRP.1,ZCP,ZCW,302,322,403,4MY,609,6FL,6NF,6NR",,,"Jun 25, 2012",950,,CAN,,,,,,,,
668 - Jet Black,,NDSW - Black Extended Novillo Leather,,WBSKG9C57CE799064,,E799064,"MSRP.1,ZCP,ZCW,ZPP.3,2MK,302,5AC,6FL,6NF,6NR,655,752",,,"Jun 25, 2012",1100,,,,,,,,,,
300 - Alpine White,,NDH2 - Fox Red Extended Leather,,WBSKG9C59CE799065,,E799065,"MSRP.1,ZCP,ZCW,ZPP.3,2MK,302,5AC,6FL,6NF,6NR,655,752",,,"Jun 25, 2012",1100,,,,,,,,,,
A73 - Jerez Black Metallic,,NCSW - Black Novillo Leather,,WBSKG9C50CE799066,,E799066,"MSRP.1,ZPP.3,2MT.1,302,403,494,6FL,6NF,6NR,655",,,"Jun 25, 2012",550,,,,,,,,,,
300 - Alpine White,,NDSW - Black Extended Novillo Leather,,WBSKG9C52CE799067,,E799067,"MSRP.1,ZCW,2MK,2MT.1,302,322,415,4MY,507,609,6FL,6NF,6NR,655,752",,,"Jun 26, 2012",2000,,CAN,,,,,,,,
300 - Alpine White,,GEAT - Anthracite/Black Cloth & Leather,,WBSKG9C54CE799068,,E799068,"MSRP.1,302,6FL,771",,,"Jun 26, 2012",,,,,,,,,,,
668 - Jet Black,,NCSW - Black Novillo Leather,,WBSKG9C56CE799069,,E799069,"MSRP.1,ZCP,302,4MY,6FL",,,"Jun 26, 2012",950,,,,,,,,,,
A30 - Interlagos Blue Metallic,,NCSW - Black Novillo Leather,,WBSKG9C52CE799070,,E799070,"MSRP.1,ZCP,ZPP.3,2MK,302,6FL,6NF,6NR,752",,,"Jun 27, 2012",550,,,,,,,,,,
A73 - Jerez Black Metallic,,NDSW - Black Extended Novillo Leather,,WBSKG9C54CE799071,,E799071,"MSRP.1,ZCP,ZPP.3,302,494,6FL,655,752",,,"Jun 27, 2012",550/1100,,,,,,,,,,
668 - Jet Black,,NCSW - Black Novillo Leather,,WBSKG9C56CE799072,,E799072,"MSRP.1,ZCP,2MK,302,494,4MY,6FL,655",,,"Jun 27, 2012",950,,,,,,,,,,
A73 - Jerez Black Metallic,,NCH5 - Fox Red/Black Novillo Leather,,WBSKG9C58CE799073,,E799073,"MSRP.1,ZCP,ZPP.3,302,494,6FL,6NF,6NR,655,752",,,"Jun 27, 2012",550,,,,,,,,,,
,,GEAT - Anthracite/Black Cloth & Leather,,WBSKG9C5XCE799074,,E799074,"MSRP.1,ZCP,2MK,302,494,609,6FL,6NF,6NR,771",,,"Jun 27, 2012",,,,,,,,,,,
A73 - Jerez Black Metallic,,NCH5 - Fox Red/Black Novillo Leather,,WBSKG9C51CE799075,,E799075,"MSRP.1,ZCP,ZPP.1,302,6FL,6NF,6NR,655,752",,,"Jun 27, 2012",550,,,,,,,,,,
A52 - Space Gray Metallic,,NCSW - Black Novillo Leather,,WBSKG9C53CE799076,,E799076,"MSRP.1,ZCP,ZPP.3,302,6FL,6NF,6NR",,,"Jun 28, 2012",550,,,,,,,,,,
A30 - Interlagos Blue Metallic,,NCSW - Black Novillo Leather,,WBSKG9C55CE799077,,E799077,"MSRP.1,ZCP,ZPP.1,302,494,6FL,6NF,6NR",,,"Jun 28, 2012",550,,,,,,,,,,
A73 - Jerez Black Metallic,,NCSW - Black Novillo Leather,,WBSKG9C57CE799078,,E799078,"MSRP.1,ZCP,302,415,494,4MY,6FL",,,"Jun 28, 2012",550/950,,,,,,,,,,
668 - Jet Black,,NCSW - Black Novillo Leather,,WBSKG9C59CE799079,,E799079,"MSRP.1,ZCP,ZPP.3,2MK,302,494,6FL,752",,,"Jun 29, 2012",,,,,,,,,,,
,,,,2013 VINS,,,,,,,,,,,,,,,,,
,,,,WBSKG9C50BE799080,,E799080,,,,,,,,,,,,,,,
,,,,WBSKG9C50BE799081,,E799081,,,,,,,,,,,,,,,
,,,,WBSKG9C50BE799082,,E799082,,,,,,,,,,,,,,,
,,,,,,,,,,,,,,,,,,,,,
,,,,,,,,,,,,,,,,,,,,,
,,,,,,,,,,,,,,,,,,,,,
,,,,,,,,,,,,,,,,,,,,,
,,,,,,,,,,,,,,,,,,,,,
,,,,,,,,,,,,,,,,,,,,,
,,,,,,,,,,,,,,,,,,,,,
,,,,,,,,,,,,,,,,,,,,,
,,,,,,,,,,,,,,,,,,,,,
,,,,,,,,,,,,,,,,,,,,,
,,,,,,,,,,,,,,,,,,,,,
,,,,,,,,,,,,,,,,,,,,,
,,,,,,,,,,,,,,,,,,,,,
,,,,,,,,,,,,,,,,,,,,,
,,,,,,,,,,,,,,,,,,,,,
,,,,,,,,,,,,,,,,,,,,,
,,,,,,,,,,,,,,,,,,,,,
,,,,,,,,,,,,,,,,,,,,,
,,,,,,,,,,,,,,,,,,,,,
,,,,,,,,,,,,,,,,,,,,,
,,,,,,,,,,,,,,,,,,,,,
,,,,,,,,,,,,,,,,,,,,,
,,,,,,,,,,,,,,,,,,,,,
,,,,,,,,,,,,,,,,,,,,,
,,,,,,,,,,,,,,,,,,,,,
,,,,,,,,,,,,,,,,,,,,,
,,,,,,,,,,,,,,,,,,,,,
,,,,,,,,,,,,,,,,,,,,,
,,,,,,,,,,,,,,,,,,,,,
,,,,,,,,,,,,,,,,,,,,,
,,,,,,,,,,,,,,,,,,,,,
,,,,,,,,,,,,,,,,,,,,,
,,,,,,,,,,,,,,,,,,,,,
,,,,,,,,,,,,,,,,,,,,,
,,,,,,,,,,,,,,,,,,,,,
,,,,,,,,,,,,,,,,,,,,,
,,,,,,,,,,,,,,,,,,,,,
,,,,,,,,,,,,,,,,,,,,,
,,,,,,,,,,,,,,,,,,,,,
,,,,,,,,,,,,,,,,,,,,,
,,,,,,,,,,,,,,,,,,,,,
,,,,,,,,,,,,,,,,,,,,,
,,,,,,,,,,,,,,,,,,,,,
,,,,,,,,,,,,,,,,,,,,,
,,,,,,,,,,,,,,,,,,,,,
,,,,,,,,,,,,,,,,,,,,,
,,,,,,,,,,,,,,,,,,,,,
,,,,,,,,,,,,,,,,,,,,,
,,,,,,,,,,,,,,,,,,,,,
,,,,,,,,,,,,,,,,,,,,,
,,,,,,,,,,,,,,,,,,,,,
,,,,,,,,,,,,,,,,,,,,,
,,,,,,,,,,,,,,,,,,,,,
,,,,,,,,,,,,,,,,,,,,,
,,,,,,,,,,,,,,,,,,,,,
,,,,,,,,,,,,,,,,,,,,,
,,,,,,,,,,,,,,,,,,,,,
,,,,,,,,,,,,,,,,,,,,,
,,,,,,,,,,,,,,,,,,,,,
,,,,,,,,,,,,,,,,,,,,,
,,,,,,,,,,,,,,,,,,,,,
,,,,,,,,,,,,,,,,,,,,,
,,,,,,,,,,,,,,,,,,,,,
,,,,,,,,,,,,,,,,,,,,,
,,,,,,,,,,,,,,,,,,,,,
,,,,,,,,,,,,,,,,,,,,,
,,,,,,,,,,,,,,,,,,,,,
,,,,,,,,,,,,,,,,,,,,,
,,,,,,,,,,,,,,,,,,,,,
,,,,,,,,,,,,,,,,,,,,,
,,,,,,,,,,,,,,,,,,,,,
,,,,,,,,,,,,,,,,,,,,,
,,,,,,,,,,,,,,,,,,,,,
,,,,,,,,,,,,,,,,,,,,,
,,,,,,,,,,,,,,,,,,,,,
,,,,,,,,,,,,,,,,,,,,,
,,,,,,,,,,,,,,,,,,,,,
,,,,,,,,,,,,,,,,,,,,,
,,,,,,,,,,,,,,,,,,,,,
,,,,,,,,,,,,,,,,,,,,,
,,,,,,,,,,,,,,,,,,,,,
,,,,,,,,,,,,,,,,,,,,,
,,,,,,,,,,,,,,,,,,,,,
,,,,,,,,,,,,,,,,,,,,,
,,,,,,,,,,,,,,,,,,,,,
,,,,,,,,,,,,,,,,,,,,,
,,,,,,,,,,,,,,,,,,,,,
,,,,,,,,,,,,,,,,,,,,,
,,,,,,,,,,,,,,,,,,,,,
,,,,,,,,,,,,,,,,,,,,,
,,,,,,,,,,,,,,,,,,,,,
,,,,,,,,,,,,,,,,,,,,,
,,,,,,,,,,,,,,,,,,,,,
,,,,,,,,,,,,,,,,,,,,,
,,,,,,,,,,,,,,,,,,,,,
,,,,,,,,,,,,,,,,,,,,,
,,,,,,,,,,,,,,,,,,,,,
,,,,,,,,,,,,,,,,,,,,,
,,,,,,,,,,,,,,,,,,,,,
,,,,,,,,,,,,,,,,,,,,,
,,,,,,,,,,,,,,,,,,,,,
,,,,,,,,,,,,,,,,,,,,,
,,,,,,,,,,,,,,,,,,,,,
,,,,,,,,,,,,,,,,,,,,,
,,,,,,,,,,,,,,,,,,,,,
,,,,,,,,,,,,,,,,,,,,,
,,,,,,,,,,,,,,,,,,,,,
,,,,,,,,,,,,,,,,,,,,,
,,,,,,,,,,,,,,,,,,,,,
,,,,,,,,,,,,,,,,,,,,,
,,,,,,,,,,,,,,,,,,,,,
,,,,,,,,,,,,,,,,,,,,,
,,,,,,,,,,,,,,,,,,,,,
,,,,,,,,,,,,,,,,,,,,,
,,,,,,,,,,,,,,,,,,,,,
,,,,,,,,,,,,,,,,,,,,,
,,,,,,,,,,,,,,,,,,,,,
,,,,,,,,,,,,,,,,,,,,,
,,,,,,,,,,,,,,,,,,,,,
,,,,,,,,,,,,,,,,,,,,,
,,,,,,,,,,,,,,,,,,,,,
,,,,,,,,,,,,,,,,,,,,,
,,,,,,,,,,,,,,,,,,,,,
,,,,,,,,,,,,,,,,,,,,,
,,,,,,,,,,,,,,,,,,,,,
,,,,,,,,,,,,,,,,,,,,,
,,,,,,,,,,,,,,,,,,,,,
,,,,,,,,,,,,,,,,,,,,,
,,,,,,,,,,,,,,,,,,,,,
,,,,,,,,,,,,,,,,,,,,,
,,,,,,,,,,,,,,,,,,,,,
,,,,,,,,,,,,,,,,,,,,,
,,,,,,,,,,,,,,,,,,,,,
,,,,,,,,,,,,,,,,,,,,,
,,,,,,,,,,,,,,,,,,,,,
,,,,,,,,,,,,,,,,,,,,,
,,,,,,,,,,,,,,,,,,,,,
,,,,,,,,,,,,,,,,,,,,,
,,,,,,,,,,,,,,,,,,,,,
,,,,,,,,,,,,,,,,,,,,,
,,,,,,,,,,,,,,,,,,,,,
,,,,,,,,,,,,,,,,,,,,,
,,,,,,,,,,,,,,,,,,,,,
,,,,,,,,,,,,,,,,,,,,,
,,,,,,,,,,,,,,,,,,,,,
,,,,,,,,,,,,,,,,,,,,,
,,,,,,,,,,,,,,,,,,,,,
,,,,,,,,,,,,,,,,,,,,,
,,,,,,,,,,,,,,,,,,,,,
,,,,,,,,,,,,,,,,,,,,,
,,,,,,,,,,,,,,,,,,,,,
,,,,,,,,,,,,,,,,,,,,,
,,,,,,,,,,,,,,,,,,,,,
,,,,,,,,,,,,,,,,,,,,,
,,,,,,,,,,,,,,,,,,,,,
,,,,,,,,,,,,,,,,,,,,,
,,,,,,,,,,,,,,,,,,,,,
,,,,,,,,,,,,,,,,,,,,,
,,,,,,,,,,,,,,,,,,,,,
,,,,,,,,,,,,,,,,,,,,,
,,,,,,,,,,,,,,,,,,,,,
,,,,,,,,,,,,,,,,,,,,,
,,,,,,,,,,,,,,,,,,,,,
,,,,,,,,,,,,,,,,,,,,,
,,,,,,,,,,,,,,,,,,,,,
,,,,,,,,,,,,,,,,,,,,,
,,,,,,,,,,,,,,,,,,,,,
,,,,,,,,,,,,,,,,,,,,,
,,,,,,,,,,,,,,,,,,,,,
,,,,,,,,,,,,,,,,,,,,,
,,,,,,,,,,,,,,,,,,,,,
,,,,,,,,,,,,,,,,,,,,,
,,,,,,,,,,,,,,,,,,,,,
,,,,,,,,,,,,,,,,,,,,,
,,,,,,,,,,,,,,,,,,,,,
,,,,,,,,,,,,,,,,,,,,,
,,,,,,,,,,,,,,,,,,,,,
,,,,,,,,,,,,,,,,,,,,,
,,,,,,,,,,,,,,,,,,,,,
,,,,,,,,,,,,,,,,,,,,,
,,,,,,,,,,,,,,,,,,,,,
,,,,,,,,,,,,,,,,,,,,,
,,,,,,,,,,,,,,,,,,,,,
,,,,,,,,,,,,,,,,,,,,,
,,,,,,,,,,,,,,,,,,,,,
,,,,,,,,,,,,,,,,,,,,,
,,,,,,,,,,,,,,,,,,,,,
,,,,,,,,,,,,,,,,,,,,,
,,,,,,,,,,,,,,,,,,,,,
,,,,,,,,,,,,,,,,,,,,,
,,,,,,,,,,,,,,,,,,,,,
,,,,,,,,,,,,,,,,,,,,,
,,,,,,,,,,,,,,,,,,,,,
,,,,,,,,,,,,,,,,,,,,,
,,,,,,,,,,,,,,,,,,,,,
,,,,,,,,,,,,,,,,,,,,,
,,,,,,,,,,,,,,,,,,,,,
,,,,,,,,,,,,,,,,,,,,,
,,,,,,,,,,,,,,,,,,,,,
,,,,,,,,,,,,,,,,,,,,,
,,,,,,,,,,,,,,,,,,,,,
,,,,,,,,,,,,,,,,,,,,,
,,,,,,,,,,,,,,,,,,,,,
,,,,,,,,,,,,,,,,,,,,,
,,,,,,,,,,,,,,,,,,,,,
,,,,,,,,,,,,,,,,,,,,,
,,,,,,,,,,,,,,,,,,,,,
,,,,,,,,,,,,,,,,,,,,,
,,,,,,,,,,,,,,,,,,,,,
,,,,,,,,,,,,,,,,,,,,,
,,,,,,,,,,,,,,,,,,,,,
,,,,,,,,,,,,,,,,,,,,,
,,,,,,,,,,,,,,,,,,,,,
,,,,,,,,,,,,,,,,,,,,,
,,,,,,,,,,,,,,,,,,,,,
,,,,,,,,,,,,,,,,,,,,,
,,,,,,,,,,,,,,,,,,,,,
,,,,,,,,,,,,,,,,,,,,,
,,,,,,,,,,,,,,,,,,,,,
,,,,,,,,,,,,,,,,,,,,,
,,,,,,,,,,,,,,,,,,,,,
,,,,,,,,,,,,,,,,,,,,,
,,,,,,,,,,,,,,,,,,,,,
,,,,,,,,,,,,,,,,,,,,,
,,,,,,,,,,,,,,,,,,,,,
,,,,,,,,,,,,,,,,,,,,,
,,,,,,,,,,,,,,,,,,,,,
,,,,,,,,,,,,,,,,,,,,,
,,,,,,,,,,,,,,,,,,,,,
,,,,,,,,,,,,,,,,,,,,,
,,,,,,,,,,,,,,,,,,,,,
,,,,,,,,,,,,,,,,,,,,,
,,,,,,,,,,,,,,,,,,,,,
,,,,,,,,,,,,,,,,,,,,,
,,,,,,,,,,,,,,,,,,,,,
,,,,,,,,,,,,,,,,,,,,,
,,,,,,,,,,,,,,,,,,,,,
,,,,,,,,,,,,,,,,,,,,,
,,,,,,,,,,,,,,,,,,,,,
,,,,,,,,,,,,,,,,,,,,,
,,,,,,,,,,,,,,,,,,,,,
,,,,,,,,,,,,,,,,,,,,,
,,,,,,,,,,,,,,,,,,,,,
,,,,,,,,,,,,,,,,,,,,,
,,,,,,,,,,,,,,,,,,,,,
,,,,,,,,,,,,,,,,,,,,,
,,,,,,,,,,,,,,,,,,,,,
,,,,,,,,,,,,,,,,,,,,,
,,,,,,,,,,,,,,,,,,,,,
,,,,,,,,,,,,,,,,,,,,,
,,,,,,,,,,,,,,,,,,,,,
,,,,,,,,,,,,,,,,,,,,,
,,,,,,,,,,,,,,,,,,,,,
,,,,,,,,,,,,,,,,,,,,,
,,,,,,,,,,,,,,,,,,,,,
,,,,,,,,,,,,,,,,,,,,,
,,,,,,,,,,,,,,,,,,,,,
,,,,,,,,,,,,,,,,,,,,,
,,,,,,,,,,,,,,,,,,,,,
,,,,,,,,,,,,,,,,,,,,,
,,,,,,,,,,,,,,,,,,,,,
,,,,,,,,,,,,,,,,,,,,,
,,,,,,,,,,,,,,,,,,,,,
,,,,,,,,,,,,,,,,,,,,,
,,,,,,,,,,,,,,,,,,,,,
,,,,,,,,,,,,,,,,,,,,,
,,,,,,,,,,,,,,,,,,,,,
,,,,,,,,,,,,,,,,,,,,,
,,,,,,,,,,,,,,,,,,,,,
,,,,,,,,,,,,,,,,,,,,,
,,,,,,,,,,,,,,,,,,,,,
,,,,,,,,,,,,,,,,,,,,,
,,,,,,,,,,,,,,,,,,,,,
,,,,,,,,,,,,,,,,,,,,,
,,,,,,,,,,,,,,,,,,,,,
,,,,,,,,,,,,,,,,,,,,,
,,,,,,,,,,,,,,,,,,,,,
,,,,,,,,,,,,,,,,,,,,,
,,,,,,,,,,,,,,,,,,,,,
,,,,,,,,,,,,,,,,,,,,,
,,,,,,,,,,,,,,,,,,,,,
,,,,,,,,,,,,,,,,,,,,,
,,,,,,,,,,,,,,,,,,,,,
,,,,,,,,,,,,,,,,,,,,,
,,,,,,,,,,,,,,,,,,,,,
,,,,,,,,,,,,,,,,,,,,,
,,,,,,,,,,,,,,,,,,,,,
,,,,,,,,,,,,,,,,,,,,,
,,,,,,,,,,,,,,,,,,,,,
,,,,,,,,,,,,,,,,,,,,,
,,,,,,,,,,,,,,,,,,,,,
,,,,,,,,,,,,,,,,,,,,,
,,,,,,,,,,,,,,,,,,,,,
,,,,,,,,,,,,,,,,,,,,,
,,,,,,,,,,,,,,,,,,,,,
,,,,,,,,,,,,,,,,,,,,,
,,,,,,,,,,,,,,,,,,,,,
,,,,,,,,,,,,,,,,,,,,,
,,,,,,,,,,,,,,,,,,,,,
,,,,,,,,,,,,,,,,,,,,,
,,,,,,,,,,,,,,,,,,,,,
,,,,,,,,,,,,,,,,,,,,,
,,,,,,,,,,,,,,,,,,,,,
,,,,,,,,,,,,,,,,,,,,,
,,,,,,,,,,,,,,,,,,,,,
,,,,,,,,,,,,,,,,,,,,,
,,,,,,,,,,,,,,,,,,,,,
,,,,,,,,,,,,,,,,,,,,,
,,,,,,,,,,,,,,,,,,,,,
,,,,,,,,,,,,,,,,,,,,,
,,,,,,,,,,,,,,,,,,,,,
,,,,,,,,,,,,,,,,,,,,,
,,,,,,,,,,,,,,,,,,,,,
,,,,,,,,,,,,,,,,,,,,,
,,,,,,,,,,,,,,,,,,,,,
,,,,,,,,,,,,,,,,,,,,,
,,,,,,,,,,,,,,,,,,,,,
,,,,,,,,,,,,,,,,,,,,,
,,,,,,,,,,,,,,,,,,,,,
,,,,,,,,,,,,,,,,,,,,,
,,,,,,,,,,,,,,,,,,,,,
,,,,,,,,,,,,,,,,,,,,,
,,,,,,,,,,,,,,,,,,,,,
,,,,,,,,,,,,,,,,,,,,,
,,,,,,,,,,,,,,,,,,,,,
,,,,,,,,,,,,,,,,,,,,,
,,,,,,,,,,,,,,,,,,,,,
,,,,,,,,,,,,,,,,,,,,,
,,,,,,,,,,,,,,,,,,,,,
,,,,,,,,,,,,,,,,,,,,,
,,,,,,,,,,,,,,,,,,,,,
,,,,,,,,,,,,,,,,,,,,,
,,,,,,,,,,,,,,,,,,,,,
,,,,,,,,,,,,,,,,,,,,,
,,,,,,,,,,,,,,,,,,,,,
,,,,,,,,,,,,,,,,,,,,,
,,,,,,,,,,,,,,,,,,,,,
,,,,,,,,,,,,,,,,,,,,,
,,,,,,,,,,,,,,,,,,,,,
,,,,,,,,,,,,,,,,,,,,,
,,,,,,,,,,,,,,,,,,,,,
,,,,,,,,,,,,,,,,,,,,,
,,,,,,,,,,,,,,,,,,,,,
,,,,,,,,,,,,,,,,,,,,,
,,,,,,,,,,,,,,,,,,,,,
,,,,,,,,,,,,,,,,,,,,,
,,,,,,,,,,,,,,,,,,,,,
,,,,,,,,,,,,,,,,,,,,,
,,,,,,,,,,,,,,,,,,,,,
,,,,,,,,,,,,,,,,,,,,,
,,,,,,,,,,,,,,,,,,,,,
,,,,,,,,,,,,,,,,,,,,,
,,,,,,,,,,,,,,,,,,,,,
,,,,,,,,,,,,,,,,,,,,,
,,,,,,,,,,,,,,,,,,,,,
,,,,,,,,,,,,,,,,,,,,,
,,,,,,,,,,,,,,,,,,,,,
,,,,,,,,,,,,,,,,,,,,,
,,,,,,,,,,,,,,,,,,,,,
,,,,,,,,,,,,,,,,,,,,,
,,,,,,,,,,,,,,,,,,,,,
,,,,,,,,,,,,,,,,,,,,,
,,,,,,,,,,,,,,,,,,,,,
,,,,,,,,,,,,,,,,,,,,,
,,,,,,,,,,,,,,,,,,,,,
,,,,,,,,,,,,,,,,,,,,,
,,,,,,,,,,,,,,,,,,,,,
,,,,,,,,,,,,,,,,,,,,,
,,,,,,,,,,,,,,,,,,,,,
,,,,,,,,,,,,,,,,,,,,,
,,,,,,,,,,,,,,,,,,,,,
,,,,,,,,,,,,,,,,,,,,,
,,,,,,,,,,,,,,,,,,,,,
,,,,,,,,,,,,,,,,,,,,,
,,,,,,,,,,,,,,,,,,,,,
,,,,,,,,,,,,,,,,,,,,,
,,,,,,,,,,,,,,,,,,,,,
,,,,,,,,,,,,,,,,,,,,,
,,,,,,,,,,,,,,,,,,,,,
,,,,,,,,,,,,,,,,,,,,,
,,,,,,,,,,,,,,,,,,,,,
,,,,,,,,,,,,,,,,,,,,,
,,,,,,,,,,,,,,,,,,,,,
,,,,,,,,,,,,,,,,,,,,,
,,,,,,,,,,,,,,,,,,,,,
,,,,,,,,,,,,,,,,,,,,,
,,,,,,,,,,,,,,,,,,,,,
,,,,,,,,,,,,,,,,,,,,,
,,,,,,,,,,,,,,,,,,,,,
,,,,,,,,,,,,,,,,,,,,,
,,,,,,,,,,,,,,,,,,,,,
,,,,,,,,,,,,,,,,,,,,,
,,,,,,,,,,,,,,,,,,,,,
,,,,,,,,,,,,,,,,,,,,,
,,,,,,,,,,,,,,,,,,,,,
,,,,,,,,,,,,,,,,,,,,,
,,,,,,,,,,,,,,,,,,,,,
,,,,,,,,,,,,,,,,,,,,,
,,,,,,,,,,,,,,,,,,,,,
,,,,,,,,,,,,,,,,,,,,,
,,,,,,,,,,,,,,,,,,,,,
,,,,,,,,,,,,,,,,,,,,,
,,,,,,,,,,,,,,,,,,,,,
,,,,,,,,,,,,,,,,,,,,,
,,,,,,,,,,,,,,,,,,,,,
,,,,,,,,,,,,,,,,,,,,,
,,,,,,,,,,,,,,,,,,,,,
,,,,,,,,,,,,,,,,,,,,,
,,,,,,,,,,,,,,,,,,,,,
,,,,,,,,,,,,,,,,,,,,,
,,,,,,,,,,,,,,,,,,,,,
,,,,,,,,,,,,,,,,,,,,,
,,,,,,,,,,,,,,,,,,,,,
,,,,,,,,,,,,,,,,,,,,,
,,,,,,,,,,,,,,,,,,,,,
,,,,,,,,,,,,,,,,,,,,,
,,,,,,,,,,,,,,,,,,,,,
,,,,,,,,,,,,,,,,,,,,,
,,,,,,,,,,,,,,,,,,,,,
,,,,,,,,,,,,,,,,,,,,,
,,,,,,,,,,,,,,,,,,,,,
,,,,,,,,,,,,,,,,,,,,,
,,,,,,,,,,,,,,,,,,,,,
,,,,,,,,,,,,,,,,,,,,,
,,,,,,,,,,,,,,,,,,,,,
,,,,,,,,,,,,,,,,,,,,,
,,,,,,,,,,,,,,,,,,,,,
,,,,,,,,,,,,,,,,,,,,,
,,,,,,,,,,,,,,,,,,,,,
,,,,,,,,,,,,,,,,,,,,,
,,,,,,,,,,,,,,,,,,,,,
,,,,,,,,,,,,,,,,,,,,,
,,,,,,,,,,,,,,,,,,,,,
,,,,,,,,,,,,,,,,,,,,,
,,,,,,,,,,,,,,,,,,,,,
,,,,,,,,,,,,,,,,,,,,,
,,,,,,,,,,,,,,,,,,,,,
,,,,,,,,,,,,,,,,,,,,,
,,,,,,,,,,,,,,,,,,,,,
,,,,,,,,,,,,,,,,,,,,,
,,,,,,,,,,,,,,,,,,,,,
,,,,,,,,,,,,,,,,,,,,,
,,,,,,,,,,,,,,,,,,,,,
,,,,,,,,,,,,,,,,,,,,,
,,,,,,,,,,,,,,,,,,,,,
,,,,,,,,,,,,,,,,,,,,,
,,,,,,,,,,,,,,,,,,,,,
,,,,,,,,,,,,,,,,,,,,,
,,,,,,,,,,,,,,,,,,,,,
,,,,,,,,,,,,,,,,,,,,,
,,,,,,,,,,,,,,,,,,,,,
,,,,,,,,,,,,,,,,,,,,,
,,,,,,,,,,,,,,,,,,,,,
,,,,,,,,,,,,,,,,,,,,,
,,,,,,,,,,,,,,,,,,,,,
,,,,,,,,,,,,,,,,,,,,,
,,,,,,,,,,,,,,,,,,,,,
,,,,,,,,,,,,,,,,,,,,,
,,,,,,,,,,,,,,,,,,,,,
,,,,,,,,,,,,,,,,,,,,,
,,,,,,,,,,,,,,,,,,,,,
,,,,,,,,,,,,,,,,,,,,,
,,,,,,,,,,,,,,,,,,,,,
,,,,,,,,,,,,,,,,,,,,,
,,,,,,,,,,,,,,,,,,,,,
,,,,,,,,,,,,,,,,,,,,,
,,,,,,,,,,,,,,,,,,,,,
,,,,,,,,,,,,,,,,,,,,,
,,,,,,,,,,,,,,,,,,,,,
,,,,,,,,,,,,,,,,,,,,,
,,,,,,,,,,,,,,,,,,,,,
,,,,,,,,,,,,,,,,,,,,,
,,,,,,,,,,,,,,,,,,,,,
,,,,,,,,,,,,,,,,,,,,,
,,,,,,,,,,,,,,,,,,,,,
,,,,,,,,,,,,,,,,,,,,,
,,,,,,,,,,,,,,,,,,,,,
,,,,,,,,,,,,,,,,,,,,,
,,,,,,,,,,,,,,,,,,,,,
,,,,,,,,,,,,,,,,,,,,,
,,,,,,,,,,,,,,,,,,,,,
,,,,,,,,,,,,,,,,,,,,,
,,,,,,,,,,,,,,,,,,,,,
,,,,,,,,,,,,,,,,,,,,,
,,,,,,,,,,,,,,,,,,,,,
,,,,,,,,,,,,,,,,,,,,,
,,,,,,,,,,,,,,,,,,,,,
,,,,,,,,,,,,,,,,,,,,,
,,,,,,,,,,,,,,,,,,,,,
,,,,,,,,,,,,,,,,,,,,,
,,,,,,,,,,,,,,,,,,,,,
,,,,,,,,,,,,,,,,,,,,,
,,,,,,,,,,,,,,,,,,,,,
,,,,,,,,,,,,,,,,,,,,,
,,,,,,,,,,,,,,,,,,,,,
,,,,,,,,,,,,,,,,,,,,,
,,,,,,,,,,,,,,,,,,,,,
,,,,,,,,,,,,,,,,,,,,,
,,,,,,,,,,,,,,,,,,,,,
,,,,,,,,,,,,,,,,,,,,,
,,,,,,,,,,,,,,,,,,,,,
,,,,,,,,,,,,,,,,,,,,,
,,,,,,,,,,,,,,,,,,,,,
,,,,,,,,,,,,,,,,,,,,,
,,,,,,,,,,,,,,,,,,,,,
,,,,,,,,,,,,,,,,,,,,,
,,,,,,,,,,,,,,,,,,,,,
,,,,,,,,,,,,,,,,,,,,,
,,,,,,,,,,,,,,,,,,,,,
,,,,,,,,,,,,,,,,,,,,,
,,,,,,,,,,,,,,,,,,,,,
,,,,,,,,,,,,,,,,,,,,,
,,,,,,,,,,,,,,,,,,,,,
,,,,,,,,,,,,,,,,,,,,,
,,,,,,,,,,,,,,,,,,,,,
,,,,,,,,,,,,,,,,,,,,,
,,,,,,,,,,,,,,,,,,,,,
,,,,,,,,,,,,,,,,,,,,,
,,,,,,,,,,,,,,,,,,,,,
,,,,,,,,,,,,,,,,,,,,,
,,,,,,,,,,,,,,,,,,,,,
,,,,,,,,,,,,,,,,,,,,,
,,,,,,,,,,,,,,,,,,,,,
,,,,,,,,,,,,,,,,,,,,,
,,,,,,,,,,,,,,,,,,,,,
,,,,,,,,,,,,,,,,,,,,,
,,,,,,,,,,,,,,,,,,,,,
,,,,,,,,,,,,,,,,,,,,,
,,,,,,,,,,,,,,,,,,,,,
,,,,,,,,,,,,,,,,,,,,,
,,,,,,,,,,,,,,,,,,,,,
,,,,,,,,,,,,,,,,,,,,,
,,,,,,,,,,,,,,,,,,,,,
,,,,,,,,,,,,,,,,,,,,,
,,,,,,,,,,,,,,,,,,,,,
,,,,,,,,,,,,,,,,,,,,,
,,,,,,,,,,,,,,,,,,,,,
,,,,,,,,,,,,,,,,,,,,,
,,,,,,,,,,,,,,,,,,,,,
,,,,,,,,,,,,,,,,,,,,,
,,,,,,,,,,,,,,,,,,,,,
,,,,,,,,,,,,,,,,,,,,,
,,,,,,,,,,,,,,,,,,,,,
,,,,,,,,,,,,,,,,,,,,,
,,,,,,,,,,,,,,,,,,,,,
,,,,,,,,,,,,,,,,,,,,,
,,,,,,,,,,,,,,,,,,,,,
,,,,,,,,,,,,,,,,,,,,,
,,,,,,,,,,,,,,,,,,,,,
,,,,,,,,,,,,,,,,,,,,,
,,,,,,,,,,,,,,,,,,,,,
,,,,,,,,,,,,,,,,,,,,,
,,,,,,,,,,,,,,,,,,,,,
,,,,,,,,,,,,,,,,,,,,,
,,,,,,,,,,,,,,,,,,,,,
,,,,,,,,,,,,,,,,,,,,,
,,,,,,,,,,,,,,,,,,,,,
,,,,,,,,,,,,,,,,,,,,,
,,,,,,,,,,,,,,,,,,,,,
,,,,,,,,,,,,,,,,,,,,,
,,,,,,,,,,,,,,,,,,,,,
,,,,,,,,,,,,,,,,,,,,,
,,,,,,,,,,,,,,,,,,,,,
,,,,,,,,,,,,,,,,,,,,,
,,,,,,,,,,,,,,,,,,,,,
,,,,,,,,,,,,,,,,,,,,,
,,,,,,,,,,,,,,,,,,,,,
,,,,,,,,,,,,,,,,,,,,,
,,,,,,,,,,,,,,,,,,,,,
,,,,,,,,,,,,,,,,,,,,,
,,,,,,,,,,,,,,,,,,,,,
,,,,,,,,,,,,,,,,,,,,,
,,,,,,,,,,,,,,,,,,,,,
,,,,,,,,,,,,,,,,,,,,,
,,,,,,,,,,,,,,,,,,,,,
,,,,,,,,,,,,,,,,,,,,,
,,,,,,,,,,,,,,,,,,,,,
,,,,,,,,,,,,,,,,,,,,,
,,,,,,,,,,,,,,,,,,,,,
,,,,,,,,,,,,,,,,,,,,,
,,,,,,,,,,,,,,,,,,,,,
,,,,,,,,,,,,,,,,,,,,,
,,,,,,,,,,,,,,,,,,,,,
,,,,,,,,,,,,,,,,,,,,,
,,,,,,,,,,,,,,,,,,,,,
,,,,,,,,,,,,,,,,,,,,,
,,,,,,,,,,,,,,,,,,,,,
,,,,,,,,,,,,,,,,,,,,,
,,,,,,,,,,,,,,,,,,,,,
,,,,,,,,,,,,,,,,,,,,,
,,,,,,,,,,,,,,,,,,,,,
,,,,,,,,,,,,,,,,,,,,,
,,,,,,,,,,,,,,,,,,,,,
,,,,,,,,,,,,,,,,,,,,,
,,,,,,,,,,,,,,,,,,,,,
,,,,,,,,,,,,,,,,,,,,,
,,,,,,,,,,,,,,,,,,,,,
,,,,,,,,,,,,,,,,,,,,,
,,,,,,,,,,,,,,,,,,,,,
,,,,,,,,,,,,,,,,,,,,,
,,,,,,,,,,,,,,,,,,,,,
,,,,,,,,,,,,,,,,,,,,,
,,,,,,,,,,,,,,,,,,,,,
,,,,,,,,,,,,,,,,,,,,,
,,,,,,,,,,,,,,,,,,,,,
,,,,,,,,,,,,,,,,,,,,,
,,,,,,,,,,,,,,,,,,,,,
,,,,,,,,,,,,,,,,,,,,,
,,,,,,,,,,,,,,,,,,,,,
,,,,,,,,,,,,,,,,,,,,,
,,,,,,,,,,,,,,,,,,,,,
,,,,,,,,,,,,,,,,,,,,,
,,,,,,,,,,,,,,,,,,,,,
,,,,,,,,,,,,,,,,,,,,,
,,,,,,,,,,,,,,,,,,,,,
,,,,,,,,,,,,,,,,,,,,,
,,,,,,,,,,,,,,,,,,,,,
,,,,,,,,,,,,,,,,,,,,,
,,,,,,,,,,,,,,,,,,,,,
,,,,,,,,,,,,,,,,,,,,,
,,,,,,,,,,,,,,,,,,,,,
,,,,,,,,,,,,,,,,,,,,,
,,,,,,,,,,,,,,,,,,,,,
,,,,,,,,,,,,,,,,,,,,,
,,,,,,,,,,,,,,,,,,,,,
,,,,,,,,,,,,,,,,,,,,,
,,,,,,,,,,,,,,,,,,,,,
,,,,,,,,,,,,,,,,,,,,,
,,,,,,,,,,,,,,,,,,,,,
,,,,,,,,,,,,,,,,,,,,,
,,,,,,,,,,,,,,,,,,,,,
,,,,,,,,,,,,,,,,,,,,,
,,,,,,,,,,,,,,,,,,,,,
,,,,,,,,,,,,,,,,,,,,,
,,,,,,,,,,,,,,,,,,,,,
,,,,,,,,,,,,,,,,,,,,,
,,,,,,,,,,,,,,,,,,,,,
,,,,,,,,,,,,,,,,,,,,,
,,,,,,,,,,,,,,,,,,,,,
,,,,,,,,,,,,,,,,,,,,,
,,,,,,,,,,,,,,,,,,,,,
,,,,,,,,,,,,,,,,,,,,,
,,,,,,,,,,,,,,,,,,,,,
,,,,,,,,,,,,,,,,,,,,,
,,,,,,,,,,,,,,,,,,,,,
,,,,,,,,,,,,,,,,,,,,,
,,,,,,,,,,,,,,,,,,,,,
,,,,,,,,,,,,,,,,,,,,,
,,,,,,,,,,,,,,,,,,,,,
,,,,,,,,,,,,,,,,,,,,,
,,,,,,,,,,,,,,,,,,,,,
,,,,,,,,,,,,,,,,,,,,,
,,,,,,,,,,,,,,,,,,,,,
,,,,,,,,,,,,,,,,,,,,,
,,,,,,,,,,,,,,,,,,,,,
,,,,,,,,,,,,,,,,,,,,,
,,,,,,,,,,,,,,,,,,,,,
,,,,,,,,,,,,,,,,,,,,,
,,,,,,,,,,,,,,,,,,,,,
,,,,,,,,,,,,,,,,,,,,,
,,,,,,,,,,,,,,,,,,,,,
,,,,,,,,,,,,,,,,,,,,,
,,,,,,,,,,,,,,,,,,,,,
,,,,,,,,,,,,,,,,,,,,,
,,,,,,,,,,,,,,,,,,,,,
,,,,,,,,,,,,,,,,,,,,,
,,,,,,,,,,,,,,,,,,,,,
,,,,,,,,,,,,,,,,,,,,,
,,,,,,,,,,,,,,,,,,,,,
,,,,,,,,,,,,,,,,,,,,,
,,,,,,,,,,,,,,,,,,,,,
,,,,,,,,,,,,,,,,,,,,,
,,,,,,,,,,,,,,,,,,,,,
,,,,,,,,,,,,,,,,,,,,,
,,,,,,,,,,,,,,,,,,,,,
,,,,,,,,,,,,,,,,,,,,,
,,,,,,,,,,,,,,,,,,,,,
,,,,,,,,,,,,,,,,,,,,,
,,,,,,,,,,,,,,,,,,,,,
,,,,,,,,,,,,,,,,,,,,,
,,,,,,,,,,,,,,,,,,,,,
,,,,,,,,,,,,,,,,,,,,,
,,,,,,,,,,,,,,,,,,,,,
,,,,,,,,,,,,,,,,,,,,,
,,,,,,,,,,,,,,,,,,,,,
,,,,,,,,,,,,,,,,,,,,,
,,,,,,,,,,,,,,,,,,,,,
,,,,,,,,,,,,,,,,,,,,,
,,,,,,,,,,,,,,,,,,,,,
,,,,,,,,,,,,,,,,,,,,,
,,,,,,,,,,,,,,,,,,,,,
,,,,,,,,,,,,,,,,,,,,,
,,,,,,,,,,,,,,,,,,,,,
,,,,,,,,,,,,,,,,,,,,,
,,,,,,,,,,,,,,,,,,,,,
,,,,,,,,,,,,,,,,,,,,,
,,,,,,,,,,,,,,,,,,,,,
,,,,,,,,,,,,,,,,,,,,,
,,,,,,,,,,,,,,,,,,,,,
,,,,,,,,,,,,,,,,,,,,,
,,,,,,,,,,,,,,,,,,,,,
,,,,,,,,,,,,,,,,,,,,,
,,,,,,,,,,,,,,,,,,,,,
,,,,,,,,,,,,,,,,,,,,,
,,,,,,,,,,,,,,,,,,,,,
,,,,,,,,,,,,,,,,,,,,,
,,,,,,,,,,,,,,,,,,,,,
,,,,,,,,,,,,,,,,,,,,,
,,,,,,,,,,,,,,,,,,,,,
,,,,,,,,,,,,,,,,,,,,,
,,,,,,,,,,,,,,,,,,,,,
,,,,,,,,,,,,,,,,,,,,,
,,,,,,,,,,,,,,,,,,,,,
,,,,,,,,,,,,,,,,,,,,,
,,,,,,,,,,,,,,,,,,,,,
,,,,,,,,,,,,,,,,,,,,,
,,,,,,,,,,,,,,,,,,,,,
,,,,,,,,,,,,,,,,,,,,,
,,,,,,,,,,,,,,,,,,,,,
,,,,,,,,,,,,,,,,,,,,,
,,,,,,,,,,,,,,,,,,,,,
,,,,,,,,,,,,,,,,,,,,,
,,,,,,,,,,,,,,,,,,,,,
,,,,,,,,,,,,,,,,,,,,,
,,,,,,,,,,,,,,,,,,,,,
,,,,,,,,,,,,,,,,,,,,,
,,,,,,,,,,,,,,,,,,,,,
,,,,,,,,,,,,,,,,,,,,,
,,,,,,,,,,,,,,,,,,,,,
,,,,,,,,,,,,,,,,,,,,,
,,,,,,,,,,,,,,,,,,,,,
,,,,,,,,,,,,,,,,,,,,,
,,,,,,,,,,,,,,,,,,,,,
,,,,,,,,,,,,,,,,,,,,,
,,,,,,,,,,,,,,,,,,,,,
,,,,,,,,,,,,,,,,,,,,,
,,,,,,,,,,,,,,,,,,,,,
,,,,,,,,,,,,,,,,,,,,,
,,,,,,,,,,,,,,,,,,,,,
,,,,,,,,,,,,,,,,,,,,,
,,,,,,,,,,,,,,,,,,,,,
,,,,,,,,,,,,,,,,,,,,,
,,,,,,,,,,,,,,,,,,,,,
,,,,,,,,,,,,,,,,,,,,,
,,,,,,,,,,,,,,,,,,,,,
,,,,,,,,,,,,,,,,,,,,,
,,,,,,,,,,,,,,,,,,,,,
,,,,,,,,,,,,,,,,,,,,,
,,,,,,,,,,,,,,,,,,,,,
,,,,,,,,,,,,,,,,,,,,,
,,,,,,,,,,,,,,,,,,,,,
,,,,,,,,,,,,,,,,,,,,,
,,,,,,,,,,,,,,,,,,,,,
,,,,,,,,,,,,,,,,,,,,,
,,,,,,,,,,,,,,,,,,,,,
,,,,,,,,,,,,,,,,,,,,,
,,,,,,,,,,,,,,,,,,,,,
,,,,,,,,,,,,,,,,,,,,,
,,,,,,,,,,,,,,,,,,,,,
,,,,,,,,,,,,,,,,,,,,,
,,,,,,,,,,,,,,,,,,,,,
,,,,,,,,,,,,,,,,,,,,,
,,,,,,,,,,,,,,,,,,,,,
,,,,,,,,,,,,,,,,,,,,,
,,,,,,,,,,,,,,,,,,,,,
,,,,,,,,,,,,,,,,,,,,,
,,,,,,,,,,,,,,,,,,,,,
,,,,,,,,,,,,,,,,,,,,,
,,,,,,,,,,,,,,,,,,,,,
,,,,,,,,,,,,,,,,,,,,,
,,,,,,,,,,,,,,,,,,,,,
,,,,,,,,,,,,,,,,,,,,,
,,,,,,,,,,,,,,,,,,,,,
,,,,,,,,,,,,,,,,,,,,,
,,,,,,,,,,,,,,,,,,,,,
,,,,,,,,,,,,,,,,,,,,,
,,,,,,,,,,,,,,,,,,,,,
,,,,,,,,,,,,,,,,,,,,,
,,,,,,,,,,,,,,,,,,,,,
,,,,,,,,,,,,,,,,,,,,,
,,,,,,,,,,,,,,,,,,,,,
,,,,,,,,,,,,,,,,,,,,,
,,,,,,,,,,,,,,,,,,,,,
,,,,,,,,,,,,,,,,,,,,,
,,,,,,,,,,,,,,,,,,,,,
,,,,,,,,,,,,,,,,,,,,,
,,,,,,,,,,,,,,,,,,,,,
,,,,,,,,,,,,,,,,,,,,,
,,,,,,,,,,,,,,,,,,,,,
,,,,,,,,,,,,,,,,,,,,,
,,,,,,,,,,,,,,,,,,,,,
,,,,,,,,,,,,,,,,,,,,,
,,,,,,,,,,,,,,,,,,,,,
,,,,,,,,,,,,,,,,,,,,,
,,,,,,,,,,,,,,,,,,,,,
,,,,,,,,,,,,,,,,,,,,,
,,,,,,,,,,,,,,,,,,,,,
,,,,,,,,,,,,,,,,,,,,,
,,,,,,,,,,,,,,,,,,,,,
,,,,,,,,,,,,,,,,,,,,,
,,,,,,,,,,,,,,,,,,,,,
,,,,,,,,,,,,,,,,,,,,,
,,,,,,,,,,,,,,,,,,,,,
,,,,,,,,,,,,,,,,,,,,,
,,,,,,,,,,,,,,,,,,,,,
,,,,,,,,,,,,,,,,,,,,,
,,,,,,,,,,,,,,,,,,,,,
,,,,,,,,,,,,,,,,,,,,,
,,,,,,,,,,,,,,,,,,,,,
,,,,,,,,,,,,,,,,,,,,,
,,,,,,,,,,,,,,,,,,,,,
,,,,,,,,,,,,,,,,,,,,,
,,,,,,,,,,,,,,,,,,,,,
,,,,,,,,,,,,,,,,,,,,,
,,,,,,,,,,,,,,,,,,,,,
,,,,,,,,,,,,,,,,,,,,,
,,,,,,,,,,,,,,,,,,,,,
,,,,,,,,,,,,,,,,,,,,,
,,,,,,,,,,,,,,,,,,,,,
,,,,,,,,,,,,,,,,,,,,,
,,,,,,,,,,,,,,,,,,,,,
,,,,,,,,,,,,,,,,,,,,,
,,,,,,,,,,,,,,,,,,,,,
,,,,,,,,,,,,,,,,,,,,,
,,,,,,,,,,,,,,,,,,,,,
,,,,,,,,,,,,,,,,,,,,,
,,,,,,,,,,,,,,,,,,,,,
,,,,,,,,,,,,,,,,,,,,,
,,,,,,,,,,,,,,,,,,,,,
,,,,,,,,,,,,,,,,,,,,,
,,,,,,,,,,,,,,,,,,,,,
,,,,,,,,,,,,,,,,,,,,,
,,,,,,,,,,,,,,,,,,,,,
,,,,,,,,,,,,,,,,,,,,,
,,,,,,,,,,,,,,,,,,,,,
,,,,,,,,,,,,,,,,,,,,,
,,,,,,,,,,,,,,,,,,,,,
,,,,,,,,,,,,,,,,,,,,,
,,,,,,,,,,,,,,,,,,,,,
,,,,,,,,,,,,,,,,,,,,,
,,,,,,,,,,,,,,,,,,,,,
,,,,,,,,,,,,,,,,,,,,,
,,,,,,,,,,,,,,,,,,,,,
,,,,,,,,,,,,,,,,,,,,,
,,,,,,,,,,,,,,,,,,,,,
,,,,,,,,,,,,,,,,,,,,,
,,,,,,,,,,,,,,,,,,,,,
,,,,,,,,,,,,,,,,,,,,,
,,,,,,,,,,,,,,,,,,,,,
,,,,,,,,,,,,,,,,,,,,,
,,,,,,,,,,,,,,,,,,,,,
,,,,,,,,,,,,,,,,,,,,,
,,,,,,,,,,,,,,,,,,,,,
,,,,,,,,,,,,,,,,,,,,,
,,,,,,,,,,,,,,,,,,,,,
,,,,,,,,,,,,,,,,,,,,,
,,,,,,,,,,,,,,,,,,,,,
,,,,,,,,,,,,,,,,,,,,,
,,,,,,,,,,,,,,,,,,,,,
,,,,,,,,,,,,,,,,,,,,,
,,,,,,,,,,,,,,,,,,,,,
,,,,,,,,,,,,,,,,,,,,,
,,,,,,,,,,,,,,,,,,,,,
,,,,,,,,,,,,,,,,,,,,,
,,,,,,,,,,,,,,,,,,,,,
,,,,,,,,,,,,,,,,,,,,,
,,,,,,,,,,,,,,,,,,,,,
,,,,,,,,,,,,,,,,,,,,,
,,,,,,,,,,,,,,,,,,,,,
,,,,,,,,,,,,,,,,,,,,,
,,,,,,,,,,,,,,,,,,,,,
,,,,,,,,,,,,,,,,,,,,,
,,,,,,,,,,,,,,,,,,,,,
,,,,,,,,,,,,,,,,,,,,,
,,,,,,,,,,,,,,,,,,,,,
,,,,,,,,,,,,,,,,,,,,,
,,,,,,,,,,,,,,,,,,,,,
,,,,,,,,,,,,,,,,,,,,,
,,,,,,,,,,,,,,,,,,,,,
,,,,,,,,,,,,,,,,,,,,,
,,,,,,,,,,,,,,,,,,,,,
,,,,,,,,,,,,,,,,,,,,,
,,,,,,,,,,,,,,,,,,,,,
,,,,,,,,,,,,,,,,,,,,,
,,,,,,,,,,,,,,,,,,,,,
,,,,,,,,,,,,,,,,,,,,,
,,,,,,,,,,,,,,,,,,,,,
,,,,,,,,,,,,,,,,,,,,,
,,,,,,,,,,,,,,,,,,,,,
,,,,,,,,,,,,,,,,,,,,,
,,,,,,,,,,,,,,,,,,,,,
,,,,,,,,,,,,,,,,,,,,,
,,,,,,,,,,,,,,,,,,,,,
,,,,,,,,,,,,,,,,,,,,,
,,,,,,,,,,,,,,,,,,,,,
,,,,,,,,,,,,,,,,,,,,,
,,,,,,,,,,,,,,,,,,,,,
,,,,,,,,,,,,,,,,,,,,,
,,,,,,,,,,,,,,,,,,,,,
,,,,,,,,,,,,,,,,,,,,,
,,,,,,,,,,,,,,,,,,,,,
,,,,,,,,,,,,,,,,,,,,,
,,,,,,,,,,,,,,,,,,,,,
,,,,,,,,,,,,,,,,,,,,,
,,,,,,,,,,,,,,,,,,,,,
,,,,,,,,,,,,,,,,,,,,,
,,,,,,,,,,,,,,,,,,,,,
,,,,,,,,,,,,,,,,,,,,,
,,,,,,,,,,,,,,,,,,,,,
,,,,,,,,,,,,,,,,,,,,,
,,,,,,,,,,,,,,,,,,,,,
,,,,,,,,,,,,,,,,,,,,,
,,,,,,,,,,,,,,,,,,,,,
,,,,,,,,,,,,,,,,,,,,,
,,,,,,,,,,,,,,,,,,,,,
,,,,,,,,,,,,,,,,,,,,,
,,,,,,,,,,,,,,,,,,,,,
,,,,,,,,,,,,,,,,,,,,,
,,,,,,,,,,,,,,,,,,,,,
,,,,,,,,,,,,,,,,,,,,,
,,,,,,,,,,,,,,,,,,,,,
,,,,,,,,,,,,,,,,,,,,,
,,,,,,,,,,,,,,,,,,,,,
,,,,,,,,,,,,,,,,,,,,,
,,,,,,,,,,,,,,,,,,,,,
,,,,,,,,,,,,,,,,,,,,,
,,,,,,,,,,,,,,,,,,,,,
,,,,,,,,,,,,,,,,,,,,,
,,,,,,,,,,,,,,,,,,,,,
,,,,,,,,,,,,,,,,,,,,,
,,,,,,,,,,,,,,,,,,,,,
,,,,,,,,,,,,,,,,,,,,,
,,,,,,,,,,,,,,,,,,,,,
,,,,,,,,,,,,,,,,,,,,,
,,,,,,,,,,,,,,,,,,,,,
,,,,,,,,,,,,,,,,,,,,,
,,,,,,,,,,,,,,,,,,,,,
,,,,,,,,,,,,,,,,,,,,,
,,,,,,,,,,,,,,,,,,,,,
,,,,,,,,,,,,,,,,,,,,,
,,,,,,,,,,,,,,,,,,,,,
,,,,,,,,,,,,,,,,,,,,,
,,,,,,,,,,,,,,,,,,,,,
,,,,,,,,,,,,,,,,,,,,,
,,,,,,,,,,,,,,,,,,,,,
,,,,,,,,,,,,,,,,,,,,,
,,,,,,,,,,,,,,,,,,,,,
,,,,,,,,,,,,,,,,,,,,,
,,,,,,,,,,,,,,,,,,,,,
,,,,,,,,,,,,,,,,,,,,,
,,,,,,,,,,,,,,,,,,,,,
,,,,,,,,,,,,,,,,,,,,,
,,,,,,,,,,,,,,,,,,,,,
,,,,,,,,,,,,,,,,,,,,,
,,,,,,,,,,,,,,,,,,,,,
,,,,,,,,,,,,,,,,,,,,,
,,,,,,,,,,,,,,,,,,,,,
,,,,,,,,,,,,,,,,,,,,,
,,,,,,,,,,,,,,,,,,,,,
,,,,,,,,,,,,,,,,,,,,,
,,,,,,,,,,,,,,,,,,,,,
,,,,,,,,,,,,,,,,,,,,,
,,,,,,,,,,,,,,,,,,,,,
,,,,,,,,,,,,,,,,,,,,,
,,,,,,,,,,,,,,,,,,,,,
,,,,,,,,,,,,,,,,,,,,,
,,,,,,,,,,,,,,,,,,,,,
,,,,,,,,,,,,,,,,,,,,,
,,,,,,,,,,,,,,,,,,,,,
,,,,,,,,,,,,,,,,,,,,,
,,,,,,,,,,,,,,,,,,,,,
,,,,,,,,,,,,,,,,,,,,,
,,,,,,,,,,,,,,,,,,,,,
,,,,,,,,,,,,,,,,,,,,,
,,,,,,,,,,,,,,,,,,,,,
,,,,,,,,,,,,,,,,,,,,,
,,,,,,,,,,,,,,,,,,,,,
,,,,,,,,,,,,,,,,,,,,,
,,,,,,,,,,,,,,,,,,,,,
,,,,,,,,,,,,,,,,,,,,,
,,,,,,,,,,,,,,,,,,,,,
,,,,,,,,,,,,,,,,,,,,,
,,,,,,,,,,,,,,,,,,,,,
,,,,,,,,,,,,,,,,,,,,,
,,,,,,,,,,,,,,,,,,,,,
,,,,,,,,,,,,,,,,,,,,,
,,,,,,,,,,,,,,,,,,,,,
,,,,,,,,,,,,,,,,,,,,,
,,,,,,,,,,,,,,,,,,,,,
,,,,,,,,,,,,,,,,,,,,,
,,,,,,,,,,,,,,,,,,,,,
,,,,,,,,,,,,,,,,,,,,,
,,,,,,,,,,,,,,,,,,,,,
,,,,,,,,,,,,,,,,,,,,,
,,,,,,,,,,,,,,,,,,,,,
,,,,,,,,,,,,,,,,,,,,,
,,,,,,,,,,,,,,,,,,,,,
,,,,,,,,,,,,,,,,,,,,,
,,,,,,,,,,,,,,,,,,,,,
,,,,,,,,,,,,,,,,,,,,,
,,,,,,,,,,,,,,,,,,,,,
,,,,,,,,,,,,,,,,,,,,,
,,,,,,,,,,,,,,,,,,,,,
,,,,,,,,,,,,,,,,,,,,,
,,,,,,,,,,,,,,,,,,,,,
,,,,,,,,,,,,,,,,,,,,,
,,,,,,,,,,,,,,,,,,,,,
,,,,,,,,,,,,,,,,,,,,,
,,,,,,,,,,,,,,,,,,,,,
,,,,,,,,,,,,,,,,,,,,,
,,,,,,,,,,,,,,,,,,,,,
,,,,,,,,,,,,,,,,,,,,,
,,,,,,,,,,,,,,,,,,,,,
,,,,,,,,,,,,,,,,,,,,,
,,,,,,,,,,,,,,,,,,,,,
,,,,,,,,,,,,,,,,,,,,,
,,,,,,,,,,,,,,,,,,,,,
,,,,,,,,,,,,,,,,,,,,,
,,,,,,,,,,,,,,,,,,,,,
,,,,,,,,,,,,,,,,,,,,,
,,,,,,,,,,,,,,,,,,,,,
,,,,,,,,,,,,,,,,,,,,,
,,,,,,,,,,,,,,,,,,,,,
,,,,,,,,,,,,,,,,,,,,,
,,,,,,,,,,,,,,,,,,,,,
,,,,,,,,,,,,,,,,,,,,,
,,,,,,,,,,,,,,,,,,,,,
,,,,,,,,,,,,,,,,,,,,,
,,,,,,,,,,,,,,,,,,,,,
,,,,,,,,,,,,,,,,,,,,,
,,,,,,,,,,,,,,,,,,,,,
,,,,,,,,,,,,,,,,,,,,,
,,,,,,,,,,,,,,,,,,,,,
,,,,,,,,,,,,,,,,,,,,,
,,,,,,,,,,,,,,,,,,,,,
,,,,,,,,,,,,,,,,,,,,,
,,,,,,,,,,,,,,,,,,,,,
,,,,,,,,,,,,,,,,,,,,,
,,,,,,,,,,,,,,,,,,,,,
,,,,,,,,,,,,,,,,,,,,,
,,,,,,,,,,,,,,,,,,,,,
,,,,,,,,,,,,,,,,,,,,,
,,,,,,,,,,,,,,,,,,,,,
,,,,,,,,,,,,,,,,,,,,,
,,,,,,,,,,,,,,,,,,,,,
,,,,,,,,,,,,,,,,,,,,,
,,,,,,,,,,,,,,,,,,,,,
,,,,,,,,,,,,,,,,,,,,,
,,,,,,,,,,,,,,,,,,,,,
,,,,,,,,,,,,,,,,,,,,,
,,,,,,,,,,,,,,,,,,,,,
,,,,,,,,,,,,,,,,,,,,,
,,,,,,,,,,,,,,,,,,,,,
,,,,,,,,,,,,,,,,,,,,,
,,,,,,,,,,,,,,,,,,,,,
,,,,,,,,,,,,,,,,,,,,,
,,,,,,,,,,,,,,,,,,,,,
,,,,,,,,,,,,,,,,,,,,,
,,,,,,,,,,,,,,,,,,,,,
,,,,,,,,,,,,,,,,,,,,,
,,,,,,,,,,,,,,,,,,,,,
,,,,,,,,,,,,,,,,,,,,,
,,,,,,,,,,,,,,,,,,,,,
,,,,,,,,,,,,,,,,,,,,,
,,,,,,,,,,,,,,,,,,,,,
,,,,,,,,,,,,,,,,,,,,,
,,,,,,,,,,,,,,,,,,,,,
,,,,,,,,,,,,,,,,,,,,,
,,,,,,,,,,,,,,,,,,,,,
,,,,,,,,,,,,,,,,,,,,,
,,,,,,,,,,,,,,,,,,,,,
,,,,,,,,,,,,,,,,,,,,,
,,,,,,,,,,,,,,,,,,,,,
,,,,,,,,,,,,,,,,,,,,,
,,,,,,,,,,,,,,,,,,,,,
,,,,,,,,,,,,,,,,,,,,,
,,,,,,,,,,,,,,,,,,,,,
,,,,,,,,,,,,,,,,,,,,,
,,,,,,,,,,,,,,,,,,,,,
,,,,,,,,,,,,,,,,,,,,,
,,,,,,,,,,,,,,,,,,,,,
,,,,,,,,,,,,,,,,,,,,,
,,,,,,,,,,,,,,,,,,,,,
,,,,,,,,,,,,,,,,,,,,,
,,,,,,,,,,,,,,,,,,,,,
,,,,,,,,,,,,,,,,,,,,,
,,,,,,,,,,,,,,,,,,,,,
,,,,,,,,,,,,,,,,,,,,,
,,,,,,,,,,,,,,,,,,,,,
,,,,,,,,,,,,,,,,,,,,,
,,,,,,,,,,,,,,,,,,,,,
,,,,,,,,,,,,,,,,,,,,,
,,,,,,,,,,,,,,,,,,,,,
,,,,,,,,,,,,,,,,,,,,,
,,,,,,,,,,,,,,,,,,,,,
,,,,,,,,,,,,,,,,,,,,,
,,,,,,,,,,,,,,,,,,,,,
,,,,,,,,,,,,,,,,,,,,,
,,,,,,,,,,,,,,,,,,,,,
,,,,,,,,,,,,,,,,,,,,,
,,,,,,,,,,,,,,,,,,,,,
,,,,,,,,,,,,,,,,,,,,,
,,,,,,,,,,,,,,,,,,,,,
,,,,,,,,,,,,,,,,,,,,,
,,,,,,,,,,,,,,,,,,,,,
,,,,,,,,,,,,,,,,,,,,,
,,,,,,,,,,,,,,,,,,,,,
,,,,,,,,,,,,,,,,,,,,,
,,,,,,,,,,,,,,,,,,,,,
,,,,,,,,,,,,,,,,,,,,,
,,,,,,,,,,,,,,,,,,,,,
,,,,,,,,,,,,,,,,,,,,,
,,,,,,,,,,,,,,,,,,,,,
,,,,,,,,,,,,,,,,,,,,,
,,,,,,,,,,,,,,,,,,,,,
,,,,,,,,,,,,,,,,,,,,,
,,,,,,,,,,,,,,,,,,,,,
,,,,,,,,,,,,,,,,,,,,,
,,,,,,,,,,,,,,,,,,,,,
,,,,,,,,,,,,,,,,,,,,,
,,,,,,,,,,,,,,,,,,,,,
,,,,,,,,,,,,,,,,,,,,,
,,,,,,,,,,,,,,,,,,,,,
,,,,,,,,,,,,,,,,,,,,,
,,,,,,,,,,,,,,,,,,,,,
,,,,,,,,,,,,,,,,,,,,,
,,,,,,,,,,,,,,,,,,,,,
,,,,,,,,,,,,,,,,,,,,,
,,,,,,,,,,,,,,,,,,,,,
,,,,,,,,,,,,,,,,,,,,,
,,,,,,,,,,,,,,,,,,,,,
,,,,,,,,,,,,,,,,,,,,,
,,,,,,,,,,,,,,,,,,,,,
,,,,,,,,,,,,,,,,,,,,,
,,,,,,,,,,,,,,,,,,,,,
,,,,,,,,,,,,,,,,,,,,,
,,,,,,,,,,,,,,,,,,,,,
,,,,,,,,,,,,,,,,,,,,,
,,,,,,,,,,,,,,,,,,,,,
,,,,,,,,,,,,,,,,,,,,,
,,,,,,,,,,,,,,,,,,,,,
,,,,,,,,,,,,,,,,,,,,,
,,,,,,,,,,,,,,,,,,,,,
,,,,,,,,,,,,,,,,,,,,,
,,,,,,,,,,,,,,,,,,,,,
,,,,,,,,,,,,,,,,,,,,,
,,,,,,,,,,,,,,,,,,,,,
,,,,,,,,,,,,,,,,,,,,,
,,,,,,,,,,,,,,,,,,,,,
,,,,,,,,,,,,,,,,,,,,,
,,,,,,,,,,,,,,,,,,,,,
,,,,,,,,,,,,,,,,,,,,,
,,,,,,,,,,,,,,,,,,,,,
,,,,,,,,,,,,,,,,,,,,,
,,,,,,,,,,,,,,,,,,,,,
,,,,,,,,,,,,,,,,,,,,,
,,,,,,,,,,,,,,,,,,,,,
,,,,,,,,,,,,,,,,,,,,,
,,,,,,,,,,,,,,,,,,,,,
,,,,,,,,,,,,,,,,,,,,,
,,,,,,,,,,,,,,,,,,,,,
,,,,,,,,,,,,,,,,,,,,,
,,,,,,,,,,,,,,,,,,,,,
,,,,,,,,,,,,,,,,,,,,,
,,,,,,,,,,,,,,,,,,,,,
,,,,,,,,,,,,,,,,,,,,,
,,,,,,,,,,,,,,,,,,,,,
,,,,,,,,,,,,,,,,,,,,,
,,,,,,,,,,,,,,,,,,,,,
,,,,,,,,,,,,,,,,,,,,,
,,,,,,,,,,,,,,,,,,,,,
,,,,,,,,,,,,,,,,,,,,,
,,,,,,,,,,,,,,,,,,,,,
,,,,,,,,,,,,,,,,,,,,,
,,,,,,,,,,,,,,,,,,,,,
,,,,,,,,,,,,,,,,,,,,,
,,,,,,,,,,,,,,,,,,,,,
,,,,,,,,,,,,,,,,,,,,,
,,,,,,,,,,,,,,,,,,,,,
,,,,,,,,,,,,,,,,,,,,,
,,,,,,,,,,,,,,,,,,,,,
,,,,,,,,,,,,,,,,,,,,,
,,,,,,,,,,,,,,,,,,,,,
,,,,,,,,,,,,,,,,,,,,,
,,,,,,,,,,,,,,,,,,,,,
,,,,,,,,,,,,,,,,,,,,,
,,,,,,,,,,,,,,,,,,,,,
,,,,,,,,,,,,,,,,,,,,,
,,,,,,,,,,,,,,,,,,,,,
,,,,,,,,,,,,,,,,,,,,,
,,,,,,,,,,,,,,,,,,,,,
,,,,,,,,,,,,,,,,,,,,,
,,,,,,,,,,,,,,,,,,,,,
,,,,,,,,,,,,,,,,,,,,,
,,,,,,,,,,,,,,,,,,,,,
,,,,,,,,,,,,,,,,,,,,,
,,,,,,,,,,,,,,,,,,,,,
,,,,,,,,,,,,,,,,,,,,,
,,,,,,,,,,,,,,,,,,,,,
,,,,,,,,,,,,,,,,,,,,,
,,,,,,,,,,,,,,,,,,,,,
,,,,,,,,,,,,,,,,,,,,,
,,,,,,,,,,,,,,,,,,,,,
,,,,,,,,,,,,,,,,,,,,,
,,,,,,,,,,,,,,,,,,,,,
,,,,,,,,,,,,,,,,,,,,,
,,,,,,,,,,,,,,,,,,,,,
,,,,,,,,,,,,,,,,,,,,,
,,,,,,,,,,,,,,,,,,,,,
,,,,,,,,,,,,,,,,,,,,,
,,,,,,,,,,,,,,,,,,,,,
,,,,,,,,,,,,,,,,,,,,,
,,,,,,,,,,,,,,,,,,,,,
,,,,,,,,,,,,,,,,,,,,,
,,,,,,,,,,,,,,,,,,,,,
,,,,,,,,,,,,,,,,,,,,,
,,,,,,,,,,,,,,,,,,,,,
,,,,,,,,,,,,,,,,,,,,,
,,,,,,,,,,,,,,,,,,,,,
,,,,,,,,,,,,,,,,,,,,,
,,,,,,,,,,,,,,,,,,,,,
,,,,,,,,,,,,,,,,,,,,,
,,,,,,,,,,,,,,,,,,,,,
,,,,,,,,,,,,,,,,,,,,,
,,,,,,,,,,,,,,,,,,,,,
,,,,,,,,,,,,,,,,,,,,,
,,,,,,,,,,,,,,,,,,,,,
,,,,,,,,,,,,,,,,,,,,,
,,,,,,,,,,,,,,,,,,,,,
,,,,,,,,,,,,,,,,,,,,,
,,,,,,,,,,,,,,,,,,,,,
,,,,,,,,,,,,,,,,,,,,,
,,,,,,,,,,,,,,,,,,,,,
,,,,,,,,,,,,,,,,,,,,,
,,,,,,,,,,,,,,,,,,,,,
,,,,,,,,,,,,,,,,,,,,,
,,,,,,,,,,,,,,,,,,,,,
,,,,,,,,,,,,,,,,,,,,,
,,,,,,,,,,,,,,,,,,,,,
,,,,,,,,,,,,,,,,,,,,,
,,,,,,,,,,,,,,,,,,,,,
,,,,,,,,,,,,,,,,,,,,,
,,,,,,,,,,,,,,,,,,,,,
,,,,,,,,,,,,,,,,,,,,,
,,,,,,,,,,,,,,,,,,,,,
,,,,,,,,,,,,,,,,,,,,,
,,,,,,,,,,,,,,,,,,,,,
,,,,,,,,,,,,,,,,,,,,,
,,,,,,,,,,,,,,,,,,,,,
,,,,,,,,,,,,,,,,,,,,,
,,,,,,,,,,,,,,,,,,,,,
,,,,,,,,,,,,,,,,,,,,,
,,,,,,,,,,,,,,,,,,,,,
,,,,,,,,,,,,,,,,,,,,,
,,,,,,,,,,,,,,,,,,,,,
,,,,,,,,,,,,,,,,,,,,,
,,,,,,,,,,,,,,,,,,,,,
,,,,,,,,,,,,,,,,,,,,,
,,,,,,,,,,,,,,,,,,,,,
,,,,,,,,,,,,,,,,,,,,,
,,,,,,,,,,,,,,,,,,,,,
,,,,,,,,,,,,,,,,,,,,,
,,,,,,,,,,,,,,,,,,,,,
,,,,,,,,,,,,,,,,,,,,,
,,,,,,,,,,,,,,,,,,,,,
,,,,,,,,,,,,,,,,,,,,,
,,,,,,,,,,,,,,,,,,,,,
,,,,,,,,,,,,,,,,,,,,,
,,,,,,,,,,,,,,,,,,,,,
,,,,,,,,,,,,,,,,,,,,,
,,,,,,,,,,,,,,,,,,,,,
,,,,,,,,,,,,,,,,,,,,,
,,,,,,,,,,,,,,,,,,,,,
,,,,,,,,,,,,,,,,,,,,,
,,,,,,,,,,,,,,,,,,,,,
,,,,,,,,,,,,,,,,,,,,,
,,,,,,,,,,,,,,,,,,,,,
,,,,,,,,,,,,,,,,,,,,,
,,,,,,,,,,,,,,,,,,,,,
,,,,,,,,,,,,,,,,,,,,,
,,,,,,,,,,,,,,,,,,,,,
,,,,,,,,,,,,,,,,,,,,,
,,,,,,,,,,,,,,,,,,,,,
,,,,,,,,,,,,,,,,,,,,,
,,,,,,,,,,,,,,,,,,,,,
,,,,,,,,,,,,,,,,,,,,,
,,,,,,,,,,,,,,,,,,,,,
,,,,,,,,,,,,,,,,,,,,,
,,,,,,,,,,,,,,,,,,,,,
,,,,,,,,,,,,,,,,,,,,,
,,,,,,,,,,,,,,,,,,,,,
,,,,,,,,,,,,,,,,,,,,,
,,,,,,,,,,,,,,,,,,,,,
,,,,,,,,,,,,,,,,,,,,,
,,,,,,,,,,,,,,,,,,,,,
,,,,,,,,,,,,,,,,,,,,,
,,,,,,,,,,,,,,,,,,,,,
,,,,,,,,,,,,,,,,,,,,,
,,,,,,,,,,,,,,,,,,,,,
,,,,,,,,,,,,,,,,,,,,,
,,,,,,,,,,,,,,,,,,,,,
,,,,,,,,,,,,,,,,,,,,,
,,,,,,,,,,,,,,,,,,,,,
,,,,,,,,,,,,,,,,,,,,,
,,,,,,,,,,,,,,,,,,,,,
,,,,,,,,,,,,,,,,,,,,,
,,,,,,,,,,,,,,,,,,,,,
,,,,,,,,,,,,,,,,,,,,,
,,,,,,,,,,,,,,,,,,,,,
,,,,,,,,,,,,,,,,,,,,,
,,,,,,,,,,,,,,,,,,,,,
,,,,,,,,,,,,,,,,,,,,,
,,,,,,,,,,,,,,,,,,,,,
,,,,,,,,,,,,,,,,,,,,,
,,,,,,,,,,,,,,,,,,,,,
,,,,,,,,,,,,,,,,,,,,,
,,,,,,,,,,,,,,,,,,,,,
,,,,,,,,,,,,,,,,,,,,,
,,,,,,,,,,,,,,,,,,,,,
,,,,,,,,,,,,,,,,,,,,,
,,,,,,,,,,,,,,,,,,,,,
,,,,,,,,,,,,,,,,,,,,,
,,,,,,,,,,,,,,,,,,,,,
,,,,,,,,,,,,,,,,,,,,,
,,,,,,,,,,,,,,,,,,,,,
,,,,,,,,,,,,,,,,,,,,,
,,,,,,,,,,,,,,,,,,,,,
,,,,,,,,,,,,,,,,,,,,,
,,,,,,,,,,,,,,,,,,,,,
,,,,,,,,,,,,,,,,,,,,,
,,,,,,,,,,,,,,,,,,,,,
,,,,,,,,,,,,,,,,,,,,,
,,,,,,,,,,,,,,,,,,,,,
,,,,,,,,,,,,,,,,,,,,,
,,,,,,,,,,,,,,,,,,,,,
,,,,,,,,,,,,,,,,,,,,,
,,,,,,,,,,,,,,,,,,,,,
,,,,,,,,,,,,,,,,,,,,,
,,,,,,,,,,,,,,,,,,,,,
,,,,,,,,,,,,,,,,,,,,,
,,,,,,,,,,,,,,,,,,,,,
,,,,,,,,,,,,,,,,,,,,,
,,,,,,,,,,,,,,,,,,,,,
,,,,,,,,,,,,,,,,,,,,,
,,,,,,,,,,,,,,,,,,,,,
,,,,,,,,,,,,,,,,,,,,,
,,,,,,,,,,,,,,,,,,,,,
,,,,,,,,,,,,,,,,,,,,,
,,,,,,,,,,,,,,,,,,,,,
,,,,,,,,,,,,,,,,,,,,,
,,,,,,,,,,,,,,,,,,,,,
,,,,,,,,,,,,,,,,,,,,,
,,,,,,,,,,,,,,,,,,,,,
,,,,,,,,,,,,,,,,,,,,,
,,,,,,,,,,,,,,,,,,,,,
,,,,,,,,,,,,,,,,,,,,,
,,,,,,,,,,,,,,,,,,,,,
,,,,,,,,,,,,,,,,,,,,,
,,,,,,,,,,,,,,,,,,,,,
,,,,,,,,,,,,,,,,,,,,,
,,,,,,,,,,,,,,,,,,,,,
,,,,,,,,,,,,,,,,,,,,,
,,,,,,,,,,,,,,,,,,,,,
,,,,,,,,,,,,,,,,,,,,,
,,,,,,,,,,,,,,,,,,,,,
,,,,,,,,,,,,,,,,,,,,,
,,,,,,,,,,,,,,,,,,,,,
,,,,,,,,,,,,,,,,,,,,,
,,,,,,,,,,,,,,,,,,,,,
,,,,,,,,,,,,,,,,,,,,,
,,,,,,,,,,,,,,,,,,,,,
,,,,,,,,,,,,,,,,,,,,,
,,,,,,,,,,,,,,,,,,,,,
,,,,,,,,,,,,,,,,,,,,,
,,,,,,,,,,,,,,,,,,,,,
,,,,,,,,,,,,,,,,,,,,,
,,,,,,,,,,,,,,,,,,,,,
,,,,,,,,,,,,,,,,,,,,,
,,,,,,,,,,,,,,,,,,,,,
,,,,,,,,,,,,,,,,,,,,,
,,,,,,,,,,,,,,,,,,,,,
,,,,,,,,,,,,,,,,,,,,,
,,,,,,,,,,,,,,,,,,,,,
,,,,,,,,,,,,,,,,,,,,,
,,,,,,,,,,,,,,,,,,,,,
,,,,,,,,,,,,,,,,,,,,,
,,,,,,,,,,,,,,,,,,,,,
,,,,,,,,,,,,,,,,,,,,,
,,,,,,,,,,,,,,,,,,,,,
,,,,,,,,,,,,,,,,,,,,,
,,,,,,,,,,,,,,,,,,,,,
,,,,,,,,,,,,,,,,,,,,,
,,,,,,,,,,,,,,,,,,,,,
,,,,,,,,,,,,,,,,,,,,,
,,,,,,,,,,,,,,,,,,,,,
,,,,,,,,,,,,,,,,,,,,,
,,,,,,,,,,,,,,,,,,,,,
,,,,,,,,,,,,,,,,,,,,,
,,,,,,,,,,,,,,,,,,,,,
,,,,,,,,,,,,,,,,,,,,,
,,,,,,,,,,,,,,,,,,,,,
,,,,,,,,,,,,,,,,,,,,,
,,,,,,,,,,,,,,,,,,,,,
,,,,,,,,,,,,,,,,,,,,,
,,,,,,,,,,,,,,,,,,,,,
,,,,,,,,,,,,,,,,,,,,,
,,,,,,,,,,,,,,,,,,,,,
,,,,,,,,,,,,,,,,,,,,,
,,,,,,,,,,,,,,,,,,,,,
,,,,,,,,,,,,,,,,,,,,,
,,,,,,,,,,,,,,,,,,,,,
,,,,,,,,,,,,,,,,,,,,,
,,,,,,,,,,,,,,,,,,,,,
,,,,,,,,,,,,,,,,,,,,,
,,,,,,,,,,,,,,,,,,,,,
,,,,,,,,,,,,,,,,,,,,,
,,,,,,,,,,,,,,,,,,,,,
,,,,,,,,,,,,,,,,,,,,,
,,,,,,,,,,,,,,,,,,,,,
,,,,,,,,,,,,,,,,,,,,,
,,,,,,,,,,,,,,,,,,,,,
,,,,,,,,,,,,,,,,,,,,,
,,,,,,,,,,,,,,,,,,,,,
,,,,,,,,,,,,,,,,,,,,,
,,,,,,,,,,,,,,,,,,,,,
,,,,,,,,,,,,,,,,,,,,,
,,,,,,,,,,,,,,,,,,,,,
,,,,,,,,,,,,,,,,,,,,,
,,,,,,,,,,,,,,,,,,,,,
,,,,,,,,,,,,,,,,,,,,,
,,,,,,,,,,,,,,,,,,,,,
,,,,,,,,,,,,,,,,,,,,,
,,,,,,,,,,,,,,,,,,,,,
,,,,,,,,,,,,,,,,,,,,,
,,,,,,,,,,,,,,,,,,,,,
,,,,,,,,,,,,,,,,,,,,,
,,,,,,,,,,,,,,,,,,,,,
,,,,,,,,,,,,,,,,,,,,,
,,,,,,,,,,,,,,,,,,,,,
,,,,,,,,,,,,,,,,,,,,,
,,,,,,,,,,,,,,,,,,,,,
,,,,,,,,,,,,,,,,,,,,,
,,,,,,,,,,,,,,,,,,,,,
,,,,,,,,,,,,,,,,,,,,,
,,,,,,,,,,,,,,,,,,,,,
,,,,,,,,,,,,,,,,,,,,,
,,,,,,,,,,,,,,,,,,,,,
,,,,,,,,,,,,,,,,,,,,,
,,,,,,,,,,,,,,,,,,,,,
,,,,,,,,,,,,,,,,,,,,,
,,,,,,,,,,,,,,,,,,,,,
,,,,,,,,,,,,,,,,,,,,,
,,,,,,,,,,,,,,,,,,,,,
,,,,,,,,,,,,,,,,,,,,,
,,,,,,,,,,,,,,,,,,,,,
,,,,,,,,,,,,,,,,,,,,,
,,,,,,,,,,,,,,,,,,,,,
,,,,,,,,,,,,,,,,,,,,,
,,,,,,,,,,,,,,,,,,,,,
,,,,,,,,,,,,,,,,,,,,,
,,,,,,,,,,,,,,,,,,,,,
,,,,,,,,,,,,,,,,,,,,,
,,,,,,,,,,,,,,,,,,,,,
,,,,,,,,,,,,,,,,,,,,,
,,,,,,,,,,,,,,,,,,,,,
,,,,,,,,,,,,,,,,,,,,,
,,,,,,,,,,,,,,,,,,,,,
,,,,,,,,,,,,,,,,,,,,,
,,,,,,,,,,,,,,,,,,,,,
,,,,,,,,,,,,,,,,,,,,,
,,,,,,,,,,,,,,,,,,,,,
,,,,,,,,,,,,,,,,,,,,,
,,,,,,,,,,,,,,,,,,,,,
,,,,,,,,,,,,,,,,,,,,,
,,,,,,,,,,,,,,,,,,,,,
,,,,,,,,,,,,,,,,,,,,,
,,,,,,,,,,,,,,,,,,,,,
,,,,,,,,,,,,,,,,,,,,,
,,,,,,,,,,,,,,,,,,,,,
,,,,,,,,,,,,,,,,,,,,,
,,,,,,,,,,,,,,,,,,,,,
,,,,,,,,,,,,,,,,,,,,,
,,,,,,,,,,,,,,,,,,,,,
,,,,,,,,,,,,,,,,,,,,,
,,,,,,,,,,,,,,,,,,,,,
,,,,,,,,,,,,,,,,,,,,,
,,,,,,,,,,,,,,,,,,,,,
,,,,,,,,,,,,,,,,,,,,,
,,,,,,,,,,,,,,,,,,,,,
,,,,,,,,,,,,,,,,,,,,,
,,,,,,,,,,,,,,,,,,,,,
,,,,,,,,,,,,,,,,,,,,,
,,,,,,,,,,,,,,,,,,,,,
,,,,,,,,,,,,,,,,,,,,,
,,,,,,,,,,,,,,,,,,,,,
,,,,,,,,,,,,,,,,,,,,,
,,,,,,,,,,,,,,,,,,,,,
,,,,,,,,,,,,,,,,,,,,,
,,,,,,,,,,,,,,,,,,,,,
,,,,,,,,,,,,,,,,,,,,,
,,,,,,,,,,,,,,,,,,,,,
,,,,,,,,,,,,,,,,,,,,,
,,,,,,,,,,,,,,,,,,,,,
,,,,,,,,,,,,,,,,,,,,,
,,,,,,,,,,,,,,,,,,,,,
,,,,,,,,,,,,,,,,,,,,,
,,,,,,,,,,,,,,,,,,,,,
,,,,,,,,,,,,,,,,,,,,,
,,,,,,,,,,,,,,,,,,,,,
,,,,,,,,,,,,,,,,,,,,,
,,,,,,,,,,,,,,,,,,,,,
,,,,,,,,,,,,,,,,,,,,,
,,,,,,,,,,,,,,,,,,,,,
,,,,,,,,,,,,,,,,,,,,,
,,,,,,,,,,,,,,,,,,,,,
,,,,,,,,,,,,,,,,,,,,,
,,,,,,,,,,,,,,,,,,,,,
,,,,,,,,,,,,,,,,,,,,,
,,,,,,,,,,,,,,,,,,,,,
,,,,,,,,,,,,,,,,,,,,,
,,,,,,,,,,,,,,,,,,,,,
,,,,,,,,,,,,,,,,,,,,,
,,,,,,,,,,,,,,,,,,,,,
,,,,,,,,,,,,,,,,,,,,,
,,,,,,,,,,,,,,,,,,,,,
,,,,,,,,,,,,,,,,,,,,,
,,,,,,,,,,,,,,,,,,,,,
,,,,,,,,,,,,,,,,,,,,,
,,,,,,,,,,,,,,,,,,,,,
,,,,,,,,,,,,,,,,,,,,,
,,,,,,,,,,,,,,,,,,,,,
,,,,,,,,,,,,,,,,,,,,,
,,,,,,,,,,,,,,,,,,,,,
,,,,,,,,,,,,,,,,,,,,,
,,,,,,,,,,,,,,,,,,,,,
,,,,,,,,,,,,,,,,,,,,,
,,,,,,,,,,,,,,,,,,,,,
,,,,,,,,,,,,,,,,,,,,,
,,,,,,,,,,,,,,,,,,,,,
,,,,,,,,,,,,,,,,,,,,,
,,,,,,,,,,,,,,,,,,,,,
,,,,,,,,,,,,,,,,,,,,,
,,,,,,,,,,,,,,,,,,,,,
,,,,,,,,,,,,,,,,,,,,,
,,,,,,,,,,,,,,,,,,,,,
,,,,,,,,,,,,,,,,,,,,,
,,,,,,,,,,,,,,,,,,,,,
,,,,,,,,,,,,,,,,,,,,,
,,,,,,,,,,,,,,,,,,,,,
,,,,,,,,,,,,,,,,,,,,,
,,,,,,,,,,,,,,,,,,,,,
,,,,,,,,,,,,,,,,,,,,,
,,,,,,,,,,,,,,,,,,,,,
,,,,,,,,,,,,,,,,,,,,,
,,,,,,,,,,,,,,,,,,,,,
,,,,,,,,,,,,,,,,,,,,,
,,,,,,,,,,,,,,,,,,,,,
,,,,,,,,,,,,,,,,,,,,,
,,,,,,,,,,,,,,,,,,,,,
,,,,,,,,,,,,,,,,,,,,,
,,,,,,,,,,,,,,,,,,,,,
,,,,,,,,,,,,,,,,,,,,,
,,,,,,,,,,,,,,,,,,,,,
,,,,,,,,,,,,,,,,,,,,,
,,,,,,,,,,,,,,,,,,,,,
,,,,,,,,,,,,,,,,,,,,,
,,,,,,,,,,,,,,,,,,,,,
,,,,,,,,,,,,,,,,,,,,,
,,,,,,,,,,,,,,,,,,,,,
,,,,,,,,,,,,,,,,,,,,,
,,,,,,,,,,,,,,,,,,,,,
,,,,,,,,,,,,,,,,,,,,,
,,,,,,,,,,,,,,,,,,,,,
,,,,,,,,,,,,,,,,,,,,,
,,,,,,,,,,,,,,,,,,,,,
,,,,,,,,,,,,,,,,,,,,,
,,,,,,,,,,,,,,,,,,,,,
,,,,,,,,,,,,,,,,,,,,,
,,,,,,,,,,,,,,,,,,,,,
,,,,,,,,,,,,,,,,,,,,,
,,,,,,,,,,,,,,,,,,,,,
,,,,,,,,,,,,,,,,,,,,,
,,,,,,,,,,,,,,,,,,,,,
,,,,,,,,,,,,,,,,,,,,,
,,,,,,,,,,,,,,,,,,,,,
,,,,,,,,,,,,,,,,,,,,,
,,,,,,,,,,,,,,,,,,,,,
,,,,,,,,,,,,,,,,,,,,,
,,,,,,,,,,,,,,,,,,,,,
,,,,,,,,,,,,,,,,,,,,,
,,,,,,,,,,,,,,,,,,,,,
,,,,,,,,,,,,,,,,,,,,,
,,,,,,,,,,,,,,,,,,,,,
,,,,,,,,,,,,,,,,,,,,,
,,,,,,,,,,,,,,,,,,,,,
,,,,,,,,,,,,,,,,,,,,,
,,,,,,,,,,,,,,,,,,,,,
,,,,,,,,,,,,,,,,,,,,,
,,,,,,,,,,,,,,,,,,,,,
,,,,,,,,,,,,,,,,,,,,,
,,,,,,,,,,,,,,,,,,,,,
,,,,,,,,,,,,,,,,,,,,,
,,,,,,,,,,,,,,,,,,,,,
,,,,,,,,,,,,,,,,,,,,,
,,,,,,,,,,,,,,,,,,,,,
,,,,,,,,,,,,,,,,,,,,,
,,,,,,,,,,,,,,,,,,,,,
,,,,,,,,,,,,,,,,,,,,,
,,,,,,,,,,,,,,,,,,,,,
,,,,,,,,,,,,,,,,,,,,,
,,,,,,,,,,,,,,,,,,,,,
,,,,,,,,,,,,,,,,,,,,,
,,,,,,,,,,,,,,,,,,,,,
,,,,,,,,,,,,,,,,,,,,,
,,,,,,,,,,,,,,,,,,,,,
,,,,,,,,,,,,,,,,,,,,,
,,,,,,,,,,,,,,,,,,,,,
,,,,,,,,,,,,,,,,,,,,,
,,,,,,,,,,,,,,,,,,,,,
,,,,,,,,,,,,,,,,,,,,,
,,,,,,,,,,,,,,,,,,,,,
,,,,,,,,,,,,,,,,,,,,,
,,,,,,,,,,,,,,,,,,,,,
,,,,,,,,,,,,,,,,,,,,,
,,,,,,,,,,,,,,,,,,,,,
,,,,,,,,,,,,,,,,,,,,,
,,,,,,,,,,,,,,,,,,,,,
,,,,,,,,,,,,,,,,,,,,,
,,,,,,,,,,,,,,,,,,,,,
,,,,,,,,,,,,,,,,,,,,,
,,,,,,,,,,,,,,,,,,,,,
,,,,,,,,,,,,,,,,,,,,,
,,,,,,,,,,,,,,,,,,,,,
,,,,,,,,,,,,,,,,,,,,,
,,,,,,,,,,,,,,,,,,,,,
,,,,,,,,,,,,,,,,,,,,,
,,,,,,,,,,,,,,,,,,,,,
,,,,,,,,,,,,,,,,,,,,,
,,,,,,,,,,,,,,,,,,,,,
,,,,,,,,,,,,,,,,,,,,,
,,,,,,,,,,,,,,,,,,,,,
,,,,,,,,,,,,,,,,,,,,,
,,,,,,,,,,,,,,,,,,,,,
,,,,,,,,,,,,,,,,,,,,,
,,,,,,,,,,,,,,,,,,,,,
,,,,,,,,,,,,,,,,,,,,,
,,,,,,,,,,,,,,,,,,,,,
,,,,,,,,,,,,,,,,,,,,,
,,,,,,,,,,,,,,,,,,,,,
,,,,,,,,,,,,,,,,,,,,,
,,,,,,,,,,,,,,,,,,,,,
,,,,,,,,,,,,,,,,,,,,,
,,,,,,,,,,,,,,,,,,,,,
,,,,,,,,,,,,,,,,,,,,,
,,,,,,,,,,,,,,,,,,,,,
,,,,,,,,,,,,,,,,,,,,,
,,,,,,,,,,,,,,,,,,,,,
,,,,,,,,,,,,,,,,,,,,,
,,,,,,,,,,,,,,,,,,,,,
,,,,,,,,,,,,,,,,,,,,,
,,,,,,,,,,,,,,,,,,,,,
,,,,,,,,,,,,,,,,,,,,,
,,,,,,,,,,,,,,,,,,,,,
,,,,,,,,,,,,,,,,,,,,,
,,,,,,,,,,,,,,,,,,,,,
,,,,,,,,,,,,,,,,,,,,,
,,,,,,,,,,,,,,,,,,,,,
,,,,,,,,,,,,,,,,,,,,,
,,,,,,,,,,,,,,,,,,,,,
,,,,,,,,,,,,,,,,,,,,,
,,,,,,,,,,,,,,,,,,,,,
,,,,,,,,,,,,,,,,,,,,,
,,,,,,,,,,,,,,,,,,,,,
,,,,,,,,,,,,,,,,,,,,,
,,,,,,,,,,,,,,,,,,,,,
,,,,,,,,,,,,,,,,,,,,,
,,,,,,,,,,,,,,,,,,,,,
,,,,,,,,,,,,,,,,,,,,,
,,,,,,,,,,,,,,,,,,,,,
,,,,,,,,,,,,,,,,,,,,,
,,,,,,,,,,,,,,,,,,,,,
,,,,,,,,,,,,,,,,,,,,,
,,,,,,,,,,,,,,,,,,,,,
,,,,,,,,,,,,,,,,,,,,,
,,,,,,,,,,,,,,,,,,,,,
,,,,,,,,,,,,,,,,,,,,,
,,,,,,,,,,,,,,,,,,,,,
,,,,,,,,,,,,,,,,,,,,,
,,,,,,,,,,,,,,,,,,,,,
,,,,,,,,,,,,,,,,,,,,,
,,,,,,,,,,,,,,,,,,,,,
,,,,,,,,,,,,,,,,,,,,,
,,,,,,,,,,,,,,,,,,,,,
,,,,,,,,,,,,,,,,,,,,,
,,,,,,,,,,,,,,,,,,,,,
,,,,,,,,,,,,,,,,,,,,,
,,,,,,,,,,,,,,,,,,,,,
,,,,,,,,,,,,,,,,,,,,,
,,,,,,,,,,,,,,,,,,,,,
,,,,,,,,,,,,,,,,,,,,,
,,,,,,,,,,,,,,,,,,,,,
,,,,,,,,,,,,,,,,,,,,,
,,,,,,,,,,,,,,,,,,,,,
,,,,,,,,,,,,,,,,,,,,,
,,,,,,,,,,,,,,,,,,,,,
,,,,,,,,,,,,,,,,,,,,,
,,,,,,,,,,,,,,,,,,,,,
,,,,,,,,,,,,,,,,,,,,,
,,,,,,,,,,,,,,,,,,,,,
,,,,,,,,,,,,,,,,,,,,,
,,,,,,,,,,,,,,,,,,,,,
,,,,,,,,,,,,,,,,,,,,,
,,,,,,,,,,,,,,,,,,,,,
,,,,,,,,,,,,,,,,,,,,,
,,,,,,,,,,,,,,,,,,,,,
,,,,,,,,,,,,,,,,,,,,,
,,,,,,,,,,,,,,,,,,,,,
,,,,,,,,,,,,,,,,,,,,,
,,,,,,,,,,,,,,,,,,,,,
,,,,,,,,,,,,,,,,,,,,,
,,,,,,,,,,,,,,,,,,,,,
,,,,,,,,,,,,,,,,,,,,,
,,,,,,,,,,,,,,,,,,,,,
,,,,,,,,,,,,,,,,,,,,,
,,,,,,,,,,,,,,,,,,,,,
,,,,,,,,,,,,,,,,,,,,,
,,,,,,,,,,,,,,,,,,,,,
,,,,,,,,,,,,,,,,,,,,,
,,,,,,,,,,,,,,,,,,,,,
,,,,,,,,,,,,,,,,,,,,,
,,,,,,,,,,,,,,,,,,,,,
,,,,,,,,,,,,,,,,,,,,,
,,,,,,,,,,,,,,,,,,,,,
,,,,,,,,,,,,,,,,,,,,,
,,,,,,,,,,,,,,,,,,,,,
,,,,,,,,,,,,,,,,,,,,,
,,,,,,,,,,,,,,,,,,,,,
,,,,,,,,,,,,,,,,,,,,,
,,,,,,,,,,,,,,,,,,,,,
,,,,,,,,,,,,,,,,,,,,,
,,,,,,,,,,,,,,,,,,,,,
,,,,,,,,,,,,,,,,,,,,,
,,,,,,,,,,,,,,,,,,,,,
,,,,,,,,,,,,,,,,,,,,,
,,,,,,,,,,,,,,,,,,,,,
,,,,,,,,,,,,,,,,,,,,,
,,,,,,,,,,,,,,,,,,,,,
,,,,,,,,,,,,,,,,,,,,,
,,,,,,,,,,,,,,,,,,,,,
,,,,,,,,,,,,,,,,,,,,,
,,,,,,,,,,,,,,,,,,,,,
,,,,,,,,,,,,,,,,,,,,,
,,,,,,,,,,,,,,,,,,,,,
,,,,,,,,,,,,,,,,,,,,,
,,,,,,,,,,,,,,,,,,,,,
,,,,,,,,,,,,,,,,,,,,,
,,,,,,,,,,,,,,,,,,,,,
,,,,,,,,,,,,,,,,,,,,,
,,,,,,,,,,,,,,,,,,,,,
,,,,,,,,,,,,,,,,,,,,,
,,,,,,,,,,,,,,,,,,,,,
,,,,,,,,,,,,,,,,,,,,,
,,,,,,,,,,,,,,,,,,,,,
,,,,,,,,,,,,,,,,,,,,,
,,,,,,,,,,,,,,,,,,,,,
,,,,,,,,,,,,,,,,,,,,,
,,,,,,,,,,,,,,,,,,,,,
,,,,,,,,,,,,,,,,,,,,,
,,,,,,,,,,,,,,,,,,,,,
,,,,,,,,,,,,,,,,,,,,,
,,,,,,,,,,,,,,,,,,,,,
,,,,,,,,,,,,,,,,,,,,,
,,,,,,,,,,,,,,,,,,,,,
,,,,,,,,,,,,,,,,,,,,,
,,,,,,,,,,,,,,,,,,,,,
,,,,,,,,,,,,,,,,,,,,,
,,,,,,,,,,,,,,,,,,,,,
,,,,,,,,,,,,,,,,,,,,,
,,,,,,,,,,,,,,,,,,,,,
,,,,,,,,,,,,,,,,,,,,,
,,,,,,,,,,,,,,,,,,,,,
,,,,,,,,,,,,,,,,,,,,,
,,,,,,,,,,,,,,,,,,,,,
,,,,,,,,,,,,,,,,,,,,,
,,,,,,,,,,,,,,,,,,,,,
,,,,,,,,,,,,,,,,,,,,,
,,,,,,,,,,,,,,,,,,,,,
,,,,,,,,,,,,,,,,,,,,,
,,,,,,,,,,,,,,,,,,,,,
,,,,,,,,,,,,,,,,,,,,,
,,,,,,,,,,,,,,,,,,,,,
,,,,,,,,,,,,,,,,,,,,,
,,,,,,,,,,,,,,,,,,,,,
,,,,,,,,,,,,,,,,,,,,,
,,,,,,,,,,,,,,,,,,,,,
,,,,,,,,,,,,,,,,,,,,,
,,,,,,,,,,,,,,,,,,,,,
,,,,,,,,,,,,,,,,,,,,,
,,,,,,,,,,,,,,,,,,,,,
,,,,,,,,,,,,,,,,,,,,,
,,,,,,,,,,,,,,,,,,,,,
,,,,,,,,,,,,,,,,,,,,,
,,,,,,,,,,,,,,,,,,,,,
,,,,,,,,,,,,,,,,,,,,,
,,,,,,,,,,,,,,,,,,,,,
,,,,,,,,,,,,,,,,,,,,,
,,,,,,,,,,,,,,,,,,,,,
,,,,,,,,,,,,,,,,,,,,,
,,,,,,,,,,,,,,,,,,,,,
,,,,,,,,,,,,,,,,,,,,,
,,,,,,,,,,,,,,,,,,,,,
,,,,,,,,,,,,,,,,,,,,,
,,,,,,,,,,,,,,,,,,,,,
,,,,,,,,,,,,,,,,,,,,,
,,,,,,,,,,,,,,,,,,,,,
,,,,,,,,,,,,,,,,,,,,,
,,,,,,,,,,,,,,,,,,,,,
,,,,,,,,,,,,,,,,,,,,,
,,,,,,,,,,,,,,,,,,,,,
,,,,,,,,,,,,,,,,,,,,,
,,,,,,,,,,,,,,,,,,,,,
,,,,,,,,,,,,,,,,,,,,,
,,,,,,,,,,,,,,,,,,,,,
,,,,,,,,,,,,,,,,,,,,,
,,,,,,,,,,,,,,,,,,,,,
,,,,,,,,,,,,,,,,,,,,,
,,,,,,,,,,,,,,,,,,,,,
,,,,,,,,,,,,,,,,,,,,,
,,,,,,,,,,,,,,,,,,,,,
,,,,,,,,,,,,,,,,,,,,,
,,,,,,,,,,,,,,,,,,,,,
,,,,,,,,,,,,,,,,,,,,,
,,,,,,,,,,,,,,,,,,,,,
,,,,,,,,,,,,,,,,,,,,,
,,,,,,,,,,,,,,,,,,,,,
,,,,,,,,,,,,,,,,,,,,,
,,,,,,,,,,,,,,,,,,,,,
,,,,,,,,,,,,,,,,,,,,,
,,,,,,,,,,,,,,,,,,,,,
,,,,,,,,,,,,,,,,,,,,,
,,,,,,,,,,,,,,,,,,,,,
,,,,,,,,,,,,,,,,,,,,,
,,,,,,,,,,,,,,,,,,,,,
,,,,,,,,,,,,,,,,,,,,,
,,,,,,,,,,,,,,,,,,,,,
,,,,,,,,,,,,,,,,,,,,,
,,,,,,,,,,,,,,,,,,,,,
,,,,,,,,,,,,,,,,,,,,,
,,,,,,,,,,,,,,,,,,,,,
,,,,,,,,,,,,,,,,,,,,,
,,,,,,,,,,,,,,,,,,,,,
,,,,,,,,,,,,,,,,,,,,,
,,,,,,,,,,,,,,,,,,,,,
,,,,,,,,,,,,,,,,,,,,,
,,,,,,,,,,,,,,,,,,,,,
,,,,,,,,,,,,,,,,,,,,,
,,,,,,,,,,,,,,,,,,,,,
,,,,,,,,,,,,,,,,,,,,,
,,,,,,,,,,,,,,,,,,,,,
,,,,,,,,,,,,,,,,,,,,,
,,,,,,,,,,,,,,,,,,,,,
,,,,,,,,,,,,,,,,,,,,,
,,,,,,,,,,,,,,,,,,,,,
,,,,,,,,,,,,,,,,,,,,,
,,,,,,,,,,,,,,,,,,,,,
,,,,,,,,,,,,,,,,,,,,,
,,,,,,,,,,,,,,,,,,,,,
,,,,,,,,,,,,,,,,,,,,,
,,,,,,,,,,,,,,,,,,,,,
,,,,,,,,,,,,,,,,,,,,,
,,,,,,,,,,,,,,,,,,,,,
,,,,,,,,,,,,,,,,,,,,,
,,,,,,,,,,,,,,,,,,,,,
,,,,,,,,,,,,,,,,,,,,,
,,,,,,,,,,,,,,,,,,,,,
,,,,,,,,,,,,,,,,,,,,,
,,,,,,,,,,,,,,,,,,,,,
,,,,,,,,,,,,,,,,,,,,,
,,,,,,,,,,,,,,,,,,,,,
,,,,,,,,,,,,,,,,,,,,,
,,,,,,,,,,,,,,,,,,,,,
,,,,,,,,,,,,,,,,,,,,,
,,,,,,,,,,,,,,,,,,,,,
,,,,,,,,,,,,,,,,,,,,,
,,,,,,,,,,,,,,,,,,,,,
,,,,,,,,,,,,,,,,,,,,,
,,,,,,,,,,,,,,,,,,,,,
,,,,,,,,,,,,,,,,,,,,,
,,,,,,,,,,,,,,,,,,,,,
,,,,,,,,,,,,,,,,,,,,,
,,,,,,,,,,,,,,,,,,,,,
,,,,,,,,,,,,,,,,,,,,,
,,,,,,,,,,,,,,,,,,,,,
,,,,,,,,,,,,,,,,,,,,,
,,,,,,,,,,,,,,,,,,,,,
,,,,,,,,,,,,,,,,,,,,,
,,,,,,,,,,,,,,,,,,,,,
,,,,,,,,,,,,,,,,,,,,,
,,,,,,,,,,,,,,,,,,,,,
,,,,,,,,,,,,,,,,,,,,,
,,,,,,,,,,,,,,,,,,,,,
,,,,,,,,,,,,,,,,,,,,,
,,,,,,,,,,,,,,,,,,,,,
,,,,,,,,,,,,,,,,,,,,,
,,,,,,,,,,,,,,,,,,,,,
,,,,,,,,,,,,,,,,,,,,,
,,,,,,,,,,,,,,,,,,,,,
,,,,,,,,,,,,,,,,,,,,,
,,,,,,,,,,,,,,,,,,,,,
,,,,,,,,,,,,,,,,,,,,,
,,,,,,,,,,,,,,,,,,,,,
,,,,,,,,,,,,,,,,,,,,,
,,,,,,,,,,,,,,,,,,,,,
,,,,,,,,,,,,,,,,,,,,,
,,,,,,,,,,,,,,,,,,,,,
,,,,,,,,,,,,,,,,,,,,,
,,,,,,,,,,,,,,,,,,,,,
,,,,,,,,,,,,,,,,,,,,,
,,,,,,,,,,,,,,,,,,,,,
,,,,,,,,,,,,,,,,,,,,,
,,,,,,,,,,,,,,,,,,,,,
,,,,,,,,,,,,,,,,,,,,,
,,,,,,,,,,,,,,,,,,,,,
,,,,,,,,,,,,,,,,,,,,,
,,,,,,,,,,,,,,,,,,,,,
,,,,,,,,,,,,,,,,,,,,,
,,,,,,,,,,,,,,,,,,,,,
,,,,,,,,,,,,,,,,,,,,,
,,,,,,,,,,,,,,,,,,,,,
,,,,,,,,,,,,,,,,,,,,,
,,,,,,,,,,,,,,,,,,,,,
,,,,,,,,,,,,,,,,,,,,,
,,,,,,,,,,,,,,,,,,,,,
,,,,,,,,,,,,,,,,,,,,,
,,,,,,,,,,,,,,,,,,,,,
,,,,,,,,,,,,,,,,,,,,,
,,,,,,,,,,,,,,,,,,,,,
,,,,,,,,,,,,,,,,,,,,,
,,,,,,,,,,,,,,,,,,,,,
,,,,,,,,,,,,,,,,,,,,,
,,,,,,,,,,,,,,,,,,,,,
,,,,,,,,,,,,,,,,,,,,,
,,,,,,,,,,,,,,,,,,,,,
,,,,,,,,,,,,,,,,,,,,,
,,,,,,,,,,,,,,,,,,,,,
,,,,,,,,,,,,,,,,,,,,,
,,,,,,,,,,,,,,,,,,,,,
,,,,,,,,,,,,,,,,,,,,,
,,,,,,,,,,,,,,,,,,,,,
,,,,,,,,,,,,,,,,,,,,,
,,,,,,,,,,,,,,,,,,,,,
,,,,,,,,,,,,,,,,,,,,,
,,,,,,,,,,,,,,,,,,,,,
,,,,,,,,,,,,,,,,,,,,,
,,,,,,,,,,,,,,,,,,,,,
,,,,,,,,,,,,,,,,,,,,,
,,,,,,,,,,,,,,,,,,,,,
,,,,,,,,,,,,,,,,,,,,,
,,,,,,,,,,,,,,,,,,,,,
,,,,,,,,,,,,,,,,,,,,,
,,,,,,,,,,,,,,,,,,,,,
,,,,,,,,,,,,,,,,,,,,,
,,,,,,,,,,,,,,,,,,,,,
,,,,,,,,,,,,,,,,,,,,,
,,,,,,,,,,,,,,,,,,,,,
,,,,,,,,,,,,,,,,,,,,,
,,,,,,,,,,,,,,,,,,,,,
,,,,,,,,,,,,,,,,,,,,,
,,,,,,,,,,,,,,,,,,,,,
,,,,,,,,,,,,,,,,,,,,,
,,,,,,,,,,,,,,,,,,,,,
,,,,,,,,,,,,,,,,,,,,,
,,,,,,,,,,,,,,,,,,,,,
,,,,,,,,,,,,,,,,,,,,,
,,,,,,,,,,,,,,,,,,,,,
,,,,,,,,,,,,,,,,,,,,,
,,,,,,,,,,,,,,,,,,,,,
,,,,,,,,,,,,,,,,,,,,,
,,,,,,,,,,,,,,,,,,,,,
,,,,,,,,,,,,,,,,,,,,,
,,,,,,,,,,,,,,,,,,,,,
,,,,,,,,,,,,,,,,,,,,,
,,,,,,,,,,,,,,,,,,,,,
,,,,,,,,,,,,,,,,,,,,,
,,,,,,,,,,,,,,,,,,,,,
,,,,,,,,,,,,,,,,,,,,,
,,,,,,,,,,,,,,,,,,,,,
,,,,,,,,,,,,,,,,,,,,,
,,,,,,,,,,,,,,,,,,,,,
,,,,,,,,,,,,,,,,,,,,,
,,,,,,,,,,,,,,,,,,,,,
,,,,,,,,,,,,,,,,,,,,,
,,,,,,,,,,,,,,,,,,,,,
,,,,,,,,,,,,,,,,,,,,,
,,,,,,,,,,,,,,,,,,,,,
,,,,,,,,,,,,,,,,,,,,,
,,,,,,,,,,,,,,,,,,,,,
,,,,,,,,,,,,,,,,,,,,,
,,,,,,,,,,,,,,,,,,,,,
,,,,,,,,,,,,,,,,,,,,,
,,,,,,,,,,,,,,,,,,,,,
,,,,,,,,,,,,,,,,,,,,,
,,,,,,,,,,,,,,,,,,,,,
,,,,,,,,,,,,,,,,,,,,,
,,,,,,,,,,,,,,,,,,,,,
,,,,,,,,,,,,,,,,,,,,,
,,,,,,,,,,,,,,,,,,,,,
,,,,,,,,,,,,,,,,,,,,,
,,,,,,,,,,,,,,,,,,,,,
,,,,,,,,,,,,,,,,,,,,,
,,,,,,,,,,,,,,,,,,,,,
,,,,,,,,,,,,,,,,,,,,,
,,,,,,,,,,,,,,,,,,,,,
,,,,,,,,,,,,,,,,,,,,,
,,,,,,,,,,,,,,,,,,,,,
,,,,,,,,,,,,,,,,,,,,,
,,,,,,,,,,,,,,,,,,,,,
,,,,,,,,,,,,,,,,,,,,,
,,,,,,,,,,,,,,,,,,,,,
,,,,,,,,,,,,,,,,,,,,,
,,,,,,,,,,,,,,,,,,,,,
,,,,,,,,,,,,,,,,,,,,,
,,,,,,,,,,,,,,,,,,,,,
,,,,,,,,,,,,,,,,,,,,,
,,,,,,,,,,,,,,,,,,,,,
,,,,,,,,,,,,,,,,,,,,,
,,,,,,,,,,,,,,,,,,,,,
,,,,,,,,,,,,,,,,,,,,,
,,,,,,,,,,,,,,,,,,,,,
,,,,,,,,,,,,,,,,,,,,,
,,,,,,,,,,,,,,,,,,,,,
,,,,,,,,,,,,,,,,,,,,,
,,,,,,,,,,,,,,,,,,,,,
,,,,,,,,,,,,,,,,,,,,,
,,,,,,,,,,,,,,,,,,,,,
,,,,,,,,,,,,,,,,,,,,,
,,,,,,,,,,,,,,,,,,,,,
,,,,,,,,,,,,,,,,,,,,,
,,,,,,,,,,,,,,,,,,,,,
,,,,,,,,,,,,,,,,,,,,,
,,,,,,,,,,,,,,,,,,,,,
,,,,,,,,,,,,,,,,,,,,,
,,,,,,,,,,,,,,,,,,,,,
,,,,,,,,,,,,,,,,,,,,,
,,,,,,,,,,,,,,,,,,,,,
,,,,,,,,,,,,,,,,,,,,,
,,,,,,,,,,,,,,,,,,,,,
,,,,,,,,,,,,,,,,,,,,,
,,,,,,,,,,,,,,,,,,,,,
,,,,,,,,,,,,,,,,,,,,,
,,,,,,,,,,,,,,,,,,,,,
,,,,,,,,,,,,,,,,,,,,,
,,,,,,,,,,,,,,,,,,,,,
,,,,,,,,,,,,,,,,,,,,,
,,,,,,,,,,,,,,,,,,,,,
,,,,,,,,,,,,,,,,,,,,,
,,,,,,,,,,,,,,,,,,,,,
,,,,,,,,,,,,,,,,,,,,,
,,,,,,,,,,,,,,,,,,,,,
,,,,,,,,,,,,,,,,,,,,,
,,,,,,,,,,,,,,,,,,,,,
,,,,,,,,,,,,,,,,,,,,,
,,,,,,,,,,,,,,,,,,,,,
,,,,,,,,,,,,,,,,,,,,,
,,,,,,,,,,,,,,,,,,,,,
,,,,,,,,,,,,,,,,,,,,,
,,,,,,,,,,,,,,,,,,,,,
,,,,,,,,,,,,,,,,,,,,,
,,,,,,,,,,,,,,,,,,,,,
,,,,,,,,,,,,,,,,,,,,,
,,,,,,,,,,,,,,,,,,,,,
,,,,,,,,,,,,,,,,,,,,,
,,,,,,,,,,,,,,,,,,,,,
,,,,,,,,,,,,,,,,,,,,,
,,,,,,,,,,,,,,,,,,,,,
,,,,,,,,,,,,,,,,,,,,,
,,,,,,,,,,,,,,,,,,,,,
,,,,,,,,,,,,,,,,,,,,,
,,,,,,,,,,,,,,,,,,,,,
,,,,,,,,,,,,,,,,,,,,,
,,,,,,,,,,,,,,,,,,,,,
,,,,,,,,,,,,,,,,,,,,,
,,,,,,,,,,,,,,,,,,,,,
,,,,,,,,,,,,,,,,,,,,,
,,,,,,,,,,,,,,,,,,,,,
,,,,,,,,,,,,,,,,,,,,,
,,,,,,,,,,,,,,,,,,,,,
,,,,,,,,,,,,,,,,,,,,,
,,,,,,,,,,,,,,,,,,,,,
,,,,,,,,,,,,,,,,,,,,,
,,,,,,,,,,,,,,,,,,,,,
,,,,,,,,,,,,,,,,,,,,,
,,,,,,,,,,,,,,,,,,,,,
,,,,,,,,,,,,,,,,,,,,,
,,,,,,,,,,,,,,,,,,,,,
,,,,,,,,,,,,,,,,,,,,,
,,,,,,,,,,,,,,,,,,,,,
,,,,,,,,,,,,,,,,,,,,,
,,,,,,,,,,,,,,,,,,,,,
,,,,,,,,,,,,,,,,,,,,,
,,,,,,,,,,,,,,,,,,,,,
,,,,,,,,,,,,,,,,,,,,,
,,,,,,,,,,,,,,,,,,,,,
,,,,,,,,,,,,,,,,,,,,,
,,,,,,,,,,,,,,,,,,,,,
,,,,,,,,,,,,,,,,,,,,,
,,,,,,,,,,,,,,,,,,,,,
,,,,,,,,,,,,,,,,,,,,,
,,,,,,,,,,,,,,,,,,,,,
,,,,,,,,,,,,,,,,,,,,,
,,,,,,,,,,,,,,,,,,,,,
,,,,,,,,,,,,,,,,,,,,,
,,,,,,,,,,,,,,,,,,,,,
,,,,,,,,,,,,,,,,,,,,,
,,,,,,,,,,,,,,,,,,,,,
,,,,,,,,,,,,,,,,,,,,,
,,,,,,,,,,,,,,,,,,,,,
,,,,,,,,,,,,,,,,,,,,,
,,,,,,,,,,,,,,,,,,,,,
,,,,,,,,,,,,,,,,,,,,,
,,,,,,,,,,,,,,,,,,,,,
,,,,,,,,,,,,,,,,,,,,,
,,,,,,,,,,,,,,,,,,,,,
,,,,,,,,,,,,,,,,,,,,,
,,,,,,,,,,,,,,,,,,,,,
,,,,,,,,,,,,,,,,,,,,,
,,,,,,,,,,,,,,,,,,,,,
,,,,,,,,,,,,,,,,,,,,,
,,,,,,,,,,,,,,,,,,,,,
,,,,,,,,,,,,,,,,,,,,,
,,,,,,,,,,,,,,,,,,,,,
,,,,,,,,,,,,,,,,,,,,,
,,,,,,,,,,,,,,,,,,,,,
,,,,,,,,,,,,,,,,,,,,,
,,,,,,,,,,,,,,,,,,,,,
,,,,,,,,,,,,,,,,,,,,,
,,,,,,,,,,,,,,,,,,,,,
,,,,,,,,,,,,,,,,,,,,,
,,,,,,,,,,,,,,,,,,,,,
,,,,,,,,,,,,,,,,,,,,,
,,,,,,,,,,,,,,,,,,,,,
,,,,,,,,,,,,,,,,,,,,,
,,,,,,,,,,,,,,,,,,,,,
,,,,,,,,,,,,,,,,,,,,,
,,,,,,,,,,,,,,,,,,,,,
,,,,,,,,,,,,,,,,,,,,,
,,,,,,,,,,,,,,,,,,,,,
,,,,,,,,,,,,,,,,,,,,,
,,,,,,,,,,,,,,,,,,,,,
,,,,,,,,,,,,,,,,,,,,,
,,,,,,,,,,,,,,,,,,,,,
,,,,,,,,,,,,,,,,,,,,,
,,,,,,,,,,,,,,,,,,,,,
,,,,,,,,,,,,,,,,,,,,,
,,,,,,,,,,,,,,,,,,,,,
,,,,,,,,,,,,,,,,,,,,,
,,,,,,,,,,,,,,,,,,,,,
,,,,,,,,,,,,,,,,,,,,,
,,,,,,,,,,,,,,,,,,,,,
,,,,,,,,,,,,,,,,,,,,,
,,,,,,,,,,,,,,,,,,,,,
,,,,,,,,,,,,,,,,,,,,,
,,,,,,,,,,,,,,,,,,,,,
,,,,,,,,,,,,,,,,,,,,,
,,,,,,,,,,,,,,,,,,,,,
,,,,,,,,,,,,,,,,,,,,,
,,,,,,,,,,,,,,,,,,,,,
,,,,,,,,,,,,,,,,,,,,,
,,,,,,,,,,,,,,,,,,,,,
,,,,,,,,,,,,,,,,,,,,,
,,,,,,,,,,,,,,,,,,,,,
,,,,,,,,,,,,,,,,,,,,,
,,,,,,,,,,,,,,,,,,,,,
,,,,,,,,,,,,,,,,,,,,,
,,,,,,,,,,,,,,,,,,,,,
,,,,,,,,,,,,,,,,,,,,,
,,,,,,,,,,,,,,,,,,,,,
,,,,,,,,,,,,,,,,,,,,,
,,,,,,,,,,,,,,,,,,,,,
,,,,,,,,,,,,,,,,,,,,,
,,,,,,,,,,,,,,,,,,,,,
,,,,,,,,,,,,,,,,,,,,,
,,,,,,,,,,,,,,,,,,,,,
,,,,,,,,,,,,,,,,,,,,,
,,,,,,,,,,,,,,,,,,,,,
,,,,,,,,,,,,,,,,,,,,,
,,,,,,,,,,,,,,,,,,,,,
,,,,,,,,,,,,,,,,,,,,,
,,,,,,,,,,,,,,,,,,,,,
,,,,,,,,,,,,,,,,,,,,,
,,,,,,,,,,,,,,,,,,,,,
,,,,,,,,,,,,,,,,,,,,,
,,,,,,,,,,,,,,,,,,,,,
,,,,,,,,,,,,,,,,,,,,,
,,,,,,,,,,,,,,,,,,,,,
,,,,,,,,,,,,,,,,,,,,,
,,,,,,,,,,,,,,,,,,,,,
,,,,,,,,,,,,,,,,,,,,,
,,,,,,,,,,,,,,,,,,,,,
,,,,,,,,,,,,,,,,,,,,,
,,,,,,,,,,,,,,,,,,,,,
,,,,,,,,,,,,,,,,,,,,,
,,,,,,,,,,,,,,,,,,,,,
,,,,,,,,,,,,,,,,,,,,,
,,,,,,,,,,,,,,,,,,,,,
,,,,,,,,,,,,,,,,,,,,,
,,,,,,,,,,,,,,,,,,,,,
,,,,,,,,,,,,,,,,,,,,,
,,,,,,,,,,,,,,,,,,,,,
,,,,,,,,,,,,,,,,,,,,,
,,,,,,,,,,,,,,,,,,,,,
,,,,,,,,,,,,,,,,,,,,,
,,,,,,,,,,,,,,,,,,,,,
,,,,,,,,,,,,,,,,,,,,,
,,,,,,,,,,,,,,,,,,,,,
,,,,,,,,,,,,,,,,,,,,,
,,,,,,,,,,,,,,,,,,,,,
,,,,,,,,,,,,,,,,,,,,,
,,,,,,,,,,,,,,,,,,,,,
,,,,,,,,,,,,,,,,,,,,,
,,,,,,,,,,,,,,,,,,,,,
,,,,,,,,,,,,,,,,,,,,,
,,,,,,,,,,,,,,,,,,,,,
,,,,,,,,,,,,,,,,,,,,,
,,,,,,,,,,,,,,,,,,,,,
,,,,,,,,,,,,,,,,,,,,,
,,,,,,,,,,,,,,,,,,,,,
,,,,,,,,,,,,,,,,,,,,,
,,,,,,,,,,,,,,,,,,,,,
,,,,,,,,,,,,,,,,,,,,,
,,,,,,,,,,,,,,,,,,,,,
,,,,,,,,,,,,,,,,,,,,,
,,,,,,,,,,,,,,,,,,,,,
,,,,,,,,,,,,,,,,,,,,,
,,,,,,,,,,,,,,,,,,,,,
,,,,,,,,,,,,,,,,,,,,,
,,,,,,,,,,,,,,,,,,,,,
,,,,,,,,,,,,,,,,,,,,,
,,,,,,,,,,,,,,,,,,,,,
,,,,,,,,,,,,,,,,,,,,,
,,,,,,,,,,,,,,,,,,,,,
,,,,,,,,,,,,,,,,,,,,,
,,,,,,,,,,,,,,,,,,,,,
,,,,,,,,,,,,,,,,,,,,,
,,,,,,,,,,,,,,,,,,,,,
,,,,,,,,,,,,,,,,,,,,,
,,,,,,,,,,,,,,,,,,,,,
,,,,,,,,,,,,,,,,,,,,,
,,,,,,,,,,,,,,,,,,,,,
,,,,,,,,,,,,,,,,,,,,,
,,,,,,,,,,,,,,,,,,,,,
,,,,,,,,,,,,,,,,,,,,,
,,,,,,,,,,,,,,,,,,,,,
,,,,,,,,,,,,,,,,,,,,,
,,,,,,,,,,,,,,,,,,,,,
,,,,,,,,,,,,,,,,,,,,,
,,,,,,,,,,,,,,,,,,,,,
,,,,,,,,,,,,,,,,,,,,,
,,,,,,,,,,,,,,,,,,,,,
,,,,,,,,,,,,,,,,,,,,,
,,,,,,,,,,,,,,,,,,,,,
,,,,,,,,,,,,,,,,,,,,,
,,,,,,,,,,,,,,,,,,,,,
,,,,,,,,,,,,,,,,,,,,,
,,,,,,,,,,,,,,,,,,,,,
,,,,,,,,,,,,,,,,,,,,,
,,,,,,,,,,,,,,,,,,,,,
,,,,,,,,,,,,,,,,,,,,,
,,,,,,,,,,,,,,,,,,,,,
,,,,,,,,,,,,,,,,,,,,,
,,,,,,,,,,,,,,,,,,,,,
,,,,,,,,,,,,,,,,,,,,,
,,,,,,,,,,,,,,,,,,,,,
,,,,,,,,,,,,,,,,,,,,,
,,,,,,,,,,,,,,,,,,,,,
,,,,,,,,,,,,,,,,,,,,,
,,,,,,,,,,,,,,,,,,,,,
,,,,,,,,,,,,,,,,,,,,,
,,,,,,,,,,,,,,,,,,,,,
,,,,,,,,,,,,,,,,,,,,,
,,,,,,,,,,,,,,,,,,,,,
,,,,,,,,,,,,,,,,,,,,,
,,,,,,,,,,,,,,,,,,,,,
,,,,,,,,,,,,,,,,,,,,,
,,,,,,,,,,,,,,,,,,,,,
,,,,,,,,,,,,,,,,,,,,,
,,,,,,,,,,,,,,,,,,,,,
,,,,,,,,,,,,,,,,,,,,,
,,,,,,,,,,,,,,,,,,,,,
,,,,,,,,,,,,,,,,,,,,,
,,,,,,,,,,,,,,,,,,,,,
,,,,,,,,,,,,,,,,,,,,,
,,,,,,,,,,,,,,,,,,,,,
,,,,,,,,,,,,,,,,,,,,,
,,,,,,,,,,,,,,,,,,,,,
,,,,,,,,,,,,,,,,,,,,,
,,,,,,,,,,,,,,,,,,,,,
,,,,,,,,,,,,,,,,,,,,,
,,,,,,,,,,,,,,,,,,,,,
,,,,,,,,,,,,,,,,,,,,,
,,,,,,,,,,,,,,,,,,,,,
,,,,,,,,,,,,,,,,,,,,,
,,,,,,,,,,,,,,,,,,,,,
,,,,,,,,,,,,,,,,,,,,,
,,,,,,,,,,,,,,,,,,,,,
,,,,,,,,,,,,,,,,,,,,,
,,,,,,,,,,,,,,,,,,,,,
,,,,,,,,,,,,,,,,,,,,,
,,,,,,,,,,,,,,,,,,,,,
,,,,,,,,,,,,,,,,,,,,,
,,,,,,,,,,,,,,,,,,,,,
,,,,,,,,,,,,,,,,,,,,,
,,,,,,,,,,,,,,,,,,,,,
,,,,,,,,,,,,,,,,,,,,,
,,,,,,,,,,,,,,,,,,,,,
,,,,,,,,,,,,,,,,,,,,,
,,,,,,,,,,,,,,,,,,,,,
,,,,,,,,,,,,,,,,,,,,,
,,,,,,,,,,,,,,,,,,,,,
,,,,,,,,,,,,,,,,,,,,,
,,,,,,,,,,,,,,,,,,,,,
,,,,,,,,,,,,,,,,,,,,,
,,,,,,,,,,,,,,,,,,,,,
,,,,,,,,,,,,,,,,,,,,,
,,,,,,,,,,,,,,,,,,,,,
,,,,,,,,,,,,,,,,,,,,,
,,,,,,,,,,,,,,,,,,,,,
,,,,,,,,,,,,,,,,,,,,,
,,,,,,,,,,,,,,,,,,,,,
,,,,,,,,,,,,,,,,,,,,,
,,,,,,,,,,,,,,,,,,,,,
,,,,,,,,,,,,,,,,,,,,,
,,,,,,,,,,,,,,,,,,,,,
,,,,,,,,,,,,,,,,,,,,,
,,,,,,,,,,,,,,,,,,,,,
,,,,,,,,,,,,,,,,,,,,,
,,,,,,,,,,,,,,,,,,,,,
,,,,,,,,,,,,,,,,,,,,,
,,,,,,,,,,,,,,,,,,,,,
,,,,,,,,,,,,,,,,,,,,,
,,,,,,,,,,,,,,,,,,,,,
,,,,,,,,,,,,,,,,,,,,,
,,,,,,,,,,,,,,,,,,,,,
,,,,,,,,,,,,,,,,,,,,,
,,,,,,,,,,,,,,,,,,,,,
,,,,,,,,,,,,,,,,,,,,,
,,,,,,,,,,,,,,,,,,,,,
,,,,,,,,,,,,,,,,,,,,,
,,,,,,,,,,,,,,,,,,,,,
,,,,,,,,,,,,,,,,,,,,,
,,,,,,,,,,,,,,,,,,,,,
,,,,,,,,,,,,,,,,,,,,,
,,,,,,,,,,,,,,,,,,,,,
,,,,,,,,,,,,,,,,,,,,,
,,,,,,,,,,,,,,,,,,,,,
,,,,,,,,,,,,,,,,,,,,,
,,,,,,,,,,,,,,,,,,,,,
,,,,,,,,,,,,,,,,,,,,,
,,,,,,,,,,,,,,,,,,,,,
,,,2011,,,,,,,,,,,,,,,,,,
,,,2011,,,,,,,,,,,,,,,,,,
,,,2011,,,,,,,,,,,,,,,,,,
,,,2011,,,,,,,,,,,,,,,,,,
,,,2011,,,,,,,,,,,,,,,,,,
,,,2011,,,,,,,,,,,,,,,,,,
,,MSRP.3,2011,,"$56,500.00",,,,,,,,,,,,,,,,
,,MSRP.2,2011,,"$54,850.00",,,,,,,,,,,,,,,,
,,MSRP.1,2011,,"$58,900.00",,,,,,,,,,,,,,,,
,,MSRP,2011,,"$58,400.00",,,,,,,,,,,,,,,,
,,Z9B,2011,,"$3,900.00",,,,,,,,,,,,,,,,
,,IND,2011,,"$5,000.00",,,,,,,,,,,,,,,,
,,ZCP,2011,,"$2,500.00",,,,,,,,,,,,,,,,
,,ZCV,2011,,"$2,900.00",,,,,,,,,,,,,,,,
,,,2011,,,,,,,,,,,,,,,,,,
,,ZCW,2011,,"$1,000.00",,,,,,,,,,,,,,,,
,,ZPP.1,2011,,"$2,000.00",,,,,,,,,,,,,,,,
,,ZPP.2,2011,,"$2,000.00",,,,,,,,,,,,,,,,
,,ZPP.3,2011,,"$2,000.00",,,,,,,,,,,,,,,,
,,ZP2,2011,,"$2,500.00",,,,,,,,,,,,,,,,
,,ZP2.1,2011,,"$2,500.00",,,,,,,,,,,,,,,,
,,ZP2.2,2011,,"$2,500.00",,,,,,,,,,,,,,,,
,,ZP2.3,2011,,"$2,500.00",,,,,,,,,,,,,,,,
,,ZP2.4,2011,,"$2,500.00",,,,,,,,,,,,,,,,
,,,2011,,,,,,,,,,,,,,,,,,
,,"ZP3,",2011,,"$2,500.00",,,,,,,,,,,,,,,,
,,ZP3.1,2011,,"$2,500.00",,,,,,,,,,,,,,,,
,,ZP3.2,2011,,"$2,500.00",,,,,,,,,,,,,,,,
,,ZP3.3,2011,,"$2,500.00",,,,,,,,,,,,,,,,
,,ZP3.4,2011,,"$2,500.00",,,,,,,,,,,,,,,,
,,,2011,,,,,,,,,,,,,,,,,,
,,ZTP,2011,,"$3,250.00",,,,,,,,,,,,,,,,
,,,2011,,,,,,,,,,,,,,,,,,
,,223,2011,,"$1,000.00",,,,,,,,,,,,,,,,
,,2MK.1,2011,,"$2,700.00",,,,,,,,,,,,,,,,
,,2MK,2011,,"$2,900.00",,,,,,,,,,,,,,,,
,,2MT.1,2011,,"$1,200.00",,,,,,,,,,,,,,,,
,,2MT,2011,,"$1,250.00",,,,,,,,,,,,,,,,
,,4MX,2011,,$500.00,,,,,,,,,,,,,,,,
,,4MY,2011,,$500.00,,,,,,,,,,,,,,,,
,,4MZ,2011,,$500.00,,,,,,,,,,,,,,,,
,,403,2011,,"$1,050.00",,,,,,,,,,,,,,,,
,,415,2011,,$350.00,,,,,,,,,,,,,,,,
,,465,2011,,$475.00,,,,,,,,,,,,,,,,
,,494,2011,,$500.00,,,,,,,,,,,,,,,,
,,302,2011,,$400.00,,,,,,,,,,,,,,,,
,,320,2011,,$0.00,,,,,,,,,,,,,,,,
,,507,2011,,$380.00,,,,,,,,,,,,,,,,
,,5AC,2011,,$250.00,,,,,,,,,,,,,,,,
,,609,2011,,"$1,250.00",,,,,,,,,,,,,,,,
,,6FL,2011,,$400.00,,,,,,,,,,,,,,,,
,,639,2011,,$750.00,,,,,,,,,,,,,,,,
,,,2011,,,,,,,,,,,,,,,,,,
,,6NF,2011,,$150.00,,,,,,,,,,,,,,,,
,,653,2011,,$350.00,,,,,,,,,,,,,,,,
,,655,2011,,$595.00,,,,,,,,,,,,,,,,
,,6NR,2011,,$250.00,,,,,,,,,,,,,,,,
,,752,2011,,"$1,900.00",,,,,,,,,,,,,,,,
,,771,2011,,$0.00,,,,,,,,,,,,,,,,
,,863,2011,,,,,,,,,,,,,,,,,,
,,XE2,2011,,"$1,080.00",,,,,,,,,,,,,,,,
,,XE3,2011,,"$1,080.00",,,,,,,,,,,,,,,,
,,XE8,2011,,"$1,080.00",,,,,,,,,,,,,,,,
,,,2011,,,,,,,,,,,,,,,,,,
,,,2011,,,,,,,,,,,,,,,,,,
,,Z04 ,2011,,$210.00,,,,,,,,,,,,,,,,
,,Z06,2011,,$162.00,,,,,,,,,,,,,,,,
,,Z10,2011,,"$4,067.00",,,,,,,,,,,,,,,,
,,Z12 ,2011,,$885.00,,,,,,,,,,,,,,,,
,,Z17 ,2011,,$911.00,,,,,,,,,,,,,,,,
,,Z21 ,2011,,$712.00,,,,,,,,,,,,,,,,
,,Z22,2011,,$622.00,,,,,,,,,,,,,,,,
,,Z62 ,2011,,,,,,,,,,,,,,,,,,
,,,2011,,,,,,,,,,,,,,,,,,
,,,2011,,,,,,,,,,,,,,,,,,
,,,2011,,,,,,,,,,,,,,,,,,
,,,2011,,,,,,,,,,,,,,,,,,
,,,2011,,,,,,,,,,,,,,,,,,
,,,2011,,,,,,,,,,,,,,,,,,
,,,2011,,,,,,,,,,,,,,,,,,
,,,2011,,,,,,,,,,,,,,,,,,
,,,2011,,,,,,,,,,,,,,,,,,
,,,2011,,,,,,,,,,,,,,,,,,
,,,2011,,,,,,,,,,,,,,,,,,
,,,2011,,,,,,,,,,,,,,,,,,
,,,2011,,,,,,,,,,,,,,,,,,
,,,2011,,,,,,,,,,,,,,,,,,
,,,2011,,,,,,,,,,,,,,,,,,
,,,2011,,,,,,,,,,,,,,,,,,
,,,2011,,,,,,,,,,,,,,,,,,
,,,2011,,,,,,,,,,,,,,,,,,
,,,2011,,,,,,,,,,,,,,,,,,
,,,2011,,,,,,,,,,,,,,,,,,
,,,2011,,,,,,,,,,,,,,,,,,
,,,2011,,,,,,,,,,,,,,,,,,
,,,2011,,,,,,,,,,,,,,,,,,
,,,2011,,,,,,,,,,,,,,,,,,
,,,2011,,,,,,,,,,,,,,,,,,
,,,2011,,,,,,,,,,,,,,,,,,
,,,2011,,,,,,,,,,,,,,,,,,
,,,2011,,,,,,,,,,,,,,,,,,
,,,2011,,,,,,,,,,,,,,,,,,
,,,2011,,,,,,,,,,,,,,,,,,
,,,2011,,,,,,,,,,,,,,,,,,
,,,2011,,,,,,,,,,,,,,,,,,
,,,2011,,,,,,,,,,,,,,,,,,
,,,2011,,,,,,,,,,,,,,,,,,
,,,2011,,,,,,,,,,,,,,,,,,
,,,2011,,,,,,,,,,,,,,,,,,
,,,2011,,,,,,,,,,,,,,,,,,
,,,2011,,,,,,,,,,,,,,,,,,
,,,2011,,,,,,,,,,,,,,,,,,
,,,2011,,,,,,,,,,,,,,,,,,
,,,2011,,,,,,,,,,,,,,,,,,
,,,2011,,,,,,,,,,,,,,,,,,
,,,2011,,,,,,,,,,,,,,,,,,
,,,2011,,,,,,,,,,,,,,,,,,
,,,2011,,,,,,,,,,,,,,,,,,
,,,2011,,,,,,,,,,,,,,,,,,
,,,2011,,,,,,,,,,,,,,,,,,
,,,2011,,,,,,,,,,,,,,,,,,
,,,2011,,,,,,,,,,,,,,,,,,
,,,2011,,,,,,,,,,,,,,,,,,
,,,2011,,,,,,,,,,,,,,,,,,
,,,2011,,,,,,,,,,,,,,,,,,
,,,2011,,,,,,,,,,,,,,,,,,
,,,2011,,,,,,,,,,,,,,,,,,
,,,2011,,,,,,,,,,,,,,,,,,
,,,2011,,,,,,,,,,,,,,,,,,
,,,2011,,,,,,,,,,,,,,,,,,
,,,2011,,,,,,,,,,,,,,,,,,
,,,2011,,,,,,,,,,,,,,,,,,
,,,2011,,,,,,,,,,,,,,,,,,
,,,2011,,,,,,,,,,,,,,,,,,
,,,2011,,,,,,,,,,,,,,,,,,
,,,2011,,,,,,,,,,,,,,,,,,
,,,2011,,,,,,,,,,,,,,,,,,
,,,2011,,,,,,,,,,,,,,,,,,
,,,2011,,,,,,,,,,,,,,,,,,
,,,2011,,,,,,,,,,,,,,,,,,
,,,2011,,,,,,,,,,,,,,,,,,
,,,2011,,,,,,,,,,,,,,,,,,
,,,2011,,,,,,,,,,,,,,,,,,
,,,2011,,,,,,,,,,,,,,,,,,
,,,2011,,,,,,,,,,,,,,,,,,
,,,2011,,,,,,,,,,,,,,,,,,
,,,2011,,,,,,,,,,,,,,,,,,
,,,2011,,,,,,,,,,,,,,,,,,
,,,2011,,,,,,,,,,,,,,,,,,
,,,2011,,,,,,,,,,,,,,,,,,
,,,2011,,,,,,,,,,,,,,,,,,
,,,2011,,,,,,,,,,,,,,,,,,
,,,2011,,,,,,,,,,,,,,,,,,
,,,2011,,,,,,,,,,,,,,,,,,
,,,2011,,,,,,,,,,,,,,,,,,
,,,2011,,,,,,,,,,,,,,,,,,
,,,2011,,,,,,,,,,,,,,,,,,
,,,2011,,,,,,,,,,,,,,,,,,
,,,2011,,,,,,,,,,,,,,,,,,
,,,2011,,,,,,,,,,,,,,,,,,
,,,2011,,,,,,,,,,,,,,,,,,
,,,2011,,,,,,,,,,,,,,,,,,
,,,2011,,,,,,,,,,,,,,,,,,
,,,2011,,,,,,,,,,,,,,,,,,
,,,2011,,,,,,,,,,,,,,,,,,
,,,2011,,,,,,,,,,,,,,,,,,
,,,2011,,,,,,,,,,,,,,,,,,
,,,2011,,,,,,,,,,,,,,,,,,
,,,2011,,,,,,,,,,,,,,,,,,
,,,2011,,,,,,,,,,,,,,,,,,
,,,2011,,,,,,,,,,,,,,,,,,
,,,2011,,,,,,,,,,,,,,,,,,
,,,2011,,,,,,,,,,,,,,,,,,
,,,2011,,,,,,,,,,,,,,,,,,
,,,2011,,,,,,,,,,,,,,,,,,
,,,2011,,,,,,,,,,,,,,,,,,
,,,2011,,,,,,,,,,,,,,,,,,
,,,2011,,,,,,,,,,,,,,,,,,
,,,2011,,,,,,,,,,,,,,,,,,
,,,2011,,,,,,,,,,,,,,,,,,
,,,2011,,,,,,,,,,,,,,,,,,
,,,2011,,,,,,,,,,,,,,,,,,
,,,2011,,,,,,,,,,,,,,,,,,
,,,2011,,,,,,,,,,,,,,,,,,
,,,2011,,,,,,,,,,,,,,,,,,
,,,2011,,,,,,,,,,,,,,,,,,
,,,2011,,,,,,,,,,,,,,,,,,
,,,2011,,,,,,,,,,,,,,,,,,