EXTERIOR,,INTERIOR,2011,VIN,,,Package Codes,PACKAGES,MSRP,PROD.,,,DEALER NAME,Port,Carrier,VPC,Details,V-Spec,Sticker,Invoice,VIN fill done Sun Aug 10 2025 11:35:08 GMT-0500 (Central Daylight Time)
,,,,2013 VINS,,,,,,,,,,,,,,,,,
A30 - Interlagos Blue Metallic,,NCSW - Black Novillo Leather,2013,WBSKG9C53DE799080,,E799080,"MSRP.1,ZCW,302,322,403,4MX,609,6FL,6NF,6NR",,,06-30-2012,550/950,,CAN,,,,,,,,
U91 - Frozen Black ,,NCH5 - Fox Red/Black Novillo Leather,2013,WBSKG9C55DE799081,,E799081,"MSRP.1,2MK,302,322,4MY,507",,,07-11-2012,950,,,,,,,,,,
A52 - Space Gray Metallic,,NCH2 - Fox Red Novillo Leather,2013,WBSKG9C57DE799082,,E799082,"MSRP.1,ZCP,ZCW,2MK,302,322,415,4MY,507,609,6FL,6NF,6NR,655,752",,,07-12-2012,550/950,,CAN,,,,,,,,
A52 - Space Gray Metallic,,NCSW - Black Novillo Leather,2013,WBSKG9C59DE799083,,E799083,"MSRP.1,ZCP,ZCW,ZPP.3,2MK,302,6FL,6NF,6NR,752",,,06-30-2012,550,,,,,,,,,,
300 - Alpine White,,NCH2 - Fox Red Novillo Leather,2013,WBSKG9C50DE799084,,E799084,"MSRP.1,ZCP,ZPP.3,302,6FL,655",,,06-30-2012,,,,,,,,,,,
300 - Alpine White,,NCH2 - Fox Red Novillo Leather,2013,WBSKG9C52DE799085,,E799085,"MSRP.1,ZCW,2MK,2MT.1,302,322,415,4MY,507,609,6FL,6NF,6NR,655,752",,,06-30-2012,950,,CAN,,,,,,,,
A96 - Mineral White Metallic,,NCSW - Black Novillo Leather,2013,WBSKG9C54DE799086,,E799086,"MSRP.1,ZCP,ZCW,ZPP.3,2MK,302,6FL,6NF,6NR,752",,,07-03-2012,,,,,,,,,,,
A52 - Space Gray Metallic,,NCH2 - Fox Red Novillo Leather,2013,WBSKG9C56DE799087,,E799087,"MSRP.1,ZCP,ZPP.2,302,403,494,6FL,6NF,6NR,655,752",,,07-03-2012,550,,,,,,,,,,
300 - Alpine White,,NDSW - Black Extended Novillo Leather,2013,WBSKG9C58DE799088,,E799088,"MSRP.1,ZCP,ZPP.3,2MK,302,494,6FL,6NF,6NR,655,752",,,07-03-2012,1100,,,,,,,,,,
300 - Alpine White,,NCSW - Black Novillo Leather,2013,WBSKG9C5XDE799089,,E799089,"MSRP.1,ZCP,ZCW,ZPP.3,302,6FL,6NF,6NR,655,752",,,07-03-2012,,,,,,,,,,,
300 - Alpine White,,NCSW - Black Novillo Leather,2013,WBSKG9C56DE799090,,E799090,"MSRP.1,ZCP,ZPP.3,2MK,302,403,494,6FL,6NF,6NR,655,752",,,07-03-2012,,,,,,,,,,,
300 - Alpine White,,GEAT - Anthracite/Black Cloth & Leather,2013,WBSKG9C58DE799091,,E799091,"MSRP.1,ZCP,2MK,302,494,609,6FL,771",,,07-03-2012,,,,,,,,,,,
A73 - Jerez Black Metallic,,NCSW - Black Novillo Leather,2013,WBSKG9C5XDE799092,,E799092,"MSRP.1,ZCP,ZCW,ZPP.3,302,5AC,6FL,6NF,6NR,655,752",,,07-03-2012,550,,,,,,,,,,
300 - Alpine White,,NDH3 - Beige Novillo Extended Leather,2013,WBSKG9C51DE799093,,E799093,"MSRP.1,ZCP,2MK,302,322,494,4MY,609,6FL,655",,,07-03-2012,2000,,,,,,,,,,
A52 - Space Gray Metallic,,NCH5 - Fox Red/Black Novillo Leather,2013,WBSKG9C53DE799094,,E799094,"MSRP.1,ZCP,ZCW,ZPP.3,2MK,302,403,6FL,6NF,6NR,655,752",,,07-03-2012,550,,,,,,,,,,
300 - Alpine White,,NCSW - Black Novillo Leather,2013,WBSKG9C55DE799095,,E799095,"MSRP.1,ZCP,ZPP.3,302,6FL",,,07-04-2012,,,,,,,,,,,
A96 - Mineral White Metallic,,NCH2 - Fox Red Novillo Leather,2013,WBSKG9C57DE799096,,E799096,"MSRP.1,ZCW,ZPP.3,2MT.1,302,6FL,6NF,6NR,655",,,07-04-2012,,,,,,,,,,,
A73 - Jerez Black Metallic,,NCH2 - Fox Red Novillo Leather,2013,WBSKG9C59DE799097,,E799097,"MSRP.1,ZCP,ZCW,2MK,302,322,415,4MY,507,609,6FL,655,752",,,07-04-2012,550/950,,CAN,,,,,,,,
300 - Alpine White,,NCSW - Black Novillo Leather,2013,WBSKG9C50DE799098,,E799098,"MSRP.1,ZCP,ZCW,ZPP.3,2MK,302,6FL,6NF,6NR,655,752",,,07-04-2012,,,,,,,,,,,
A96 - Mineral White Metallic,,NCSW - Black Novillo Leather,2013,WBSKG9C52DE799099,,E799099,"MSRP.1,ZCP,ZPP.3,2MK,302,494,5AC,6FL,6NF,6NR,655,752",,,07-04-2012,,,,,,,,,,,
A96 - Mineral White Metallic,,NDH2 - Fox Red Extended Leather,2013,WBSKG9C55DE799100,,E799100,"MSRP.1,ZCP,ZPP.3,2MK,302,6FL,655",,,07-04-2012,1100,,,,,,,,,,
A75 - Melbourne Red Metallic,,NCSW - Black Novillo Leather,2013,WBSKG9C57DE799101,,E799101,"MSRP.1,ZCP,ZPP.1,302,494,6FL",,,07-05-2012,550,,,,,,,,,,
A75 - Melbourne Red Metallic,,NDSW - Black Extended Novillo Leather,2013,WBSKG9C59DE799102,,E799102,"MSRP.1,ZCP,ZPP.3,2MK,302,494,5AC,6FL,6NF,6NR,655,752",,,07-05-2012,550/1100,,,,,,,,,,
668 - Jet Black,,NCSW - Black Novillo Leather,2013,WBSKG9C50DE799103,,E799103,"MSRP.1,ZCW,ZPP.1,302,6FL,752",,,07-05-2012,,,,,,,,,,,
668 - Jet Black,,NCH1 - Silver Novillo Leather,2013,WBSKG9C52DE799104,,E799104,"MSRP.1,ZPP.1,2MK,2MT.1,302,494,6FL",,,07-05-2012,,,,,,,,,,,
381 - Le Mans Blue Metallic,,NCSW - Black Novillo Leather,2013,WBSKG9C54DE799105,,E799105,"MSRP.1,ZCP,ZCW,302,322,415,4MY,507,609,6FL,655,752",,,07-05-2012,550/950,,CAN,,,,,,,,
A30 - Interlagos Blue Metallic,,NCSW - Black Novillo Leather,2013,WBSKG9C56DE799106,,E799106,"MSRP.1,ZCP,ZPP.3,2MK,302,494,5AC,6FL,6NF,6NR,655,752",,,07-05-2012,550,,,,,,,,,,
668 - Jet Black,,GEAT - Anthracite/Black Cloth & Leather,2013,WBSKG9C58DE799107,,E799107,"MSRP.1,2MK,2MT.1,302,322,403,494,4MY,507,6FL",,,07-05-2012,,,,,,,,,,,
A52 - Space Gray Metallic,,NCSW - Black Novillo Leather,2013,WBSKG9C5XDE799108,,E799108,"MSRP.1,ZCP,ZPP.2,2MK,302,494,6FL",,,07-05-2012,550,,,,,,,,,,
A52 - Space Gray Metallic,,NCSW - Black Novillo Leather,2013,WBSKG9C51DE799109,,E799109,"MSRP.1,ZCP,ZCW,ZPP.3,2MK,302,6FL,6NF,6NR,655,752",,,07-05-2012,550,,,,,,,,,,
A52 - Space Gray Metallic,,NCH5 - Fox Red/Black Novillo Leather,2013,WBSKG9C58DE799110,,E799110,"MSRP.1,ZPP.1,2MK,302,494,6FL,752",,,07-05-2012,550,,,,,,,,,,
A75 - Melbourne Red Metallic,,NDH3 - Beige Novillo Extended Leather,2013,WBSKG9C5XDE799111,,E799111,"MSRP.1,ZCP,ZCW,302,322,415,4MY,507,609,6FL,6NF,6NR,655,752",,,07-05-2012,550/2000,,CAN,,,,,,,,
300 - Alpine White,,GEAT - Anthracite/Black Cloth & Leather,2013,WBSKG9C51DE799112,,E799112,"MSRP.1,ZCP,2MK,302,322,6FL,771",,,08-17-2012,,,,,,,,,,,
327 - Santorini Blue ,,NCSW - Black Novillo Leather,2013,WBSKG9C53DE799113,,E799113,"MSRP.1,IND,ZCP,ZCW,ZPP.3,2MK,302,6FL,6NF,6NR,655,752",,,07-16-2012,,,,,,,,,,,
337 - Dakar Yellow 2,,NCSW - Black Novillo Leather,2013,WBSKG9C55DE799114,,E799114,"MSRP.1,IND,ZCP,ZCW,ZPP.3,2MK,302,5AC,6FL,6NF,6NR,655,752",,,07-16-2012,,,,,,,,,,,
U83 - Frozen Grey ,,NDH2 - Fox Red Extended Leather,2013,WBSKG9C57DE799115,,E799115,"MSRP.1,IND,ZCP,ZCW,ZPP.3,2MK,302,5AC,6FL,6NF,6NR,655,752",,,07-16-2012,1100,,,,,,,,,,
U94 - Fire Orange 2,,NCSW - Black Novillo Leather,2013,WBSKG9C59DE799116,,E799116,"MSRP.1,IND,ZCP,ZPP.3,302,6FL",,,07-19-2012,,,,,,,,,,,
U94 - Fire Orange 2,,NDSW - Black Extended Novillo Leather,2013,WBSKG9C50DE799117,,E799117,"MSRP.1,IND,ZCP,ZCW,2MK,6NR,655,752",,,07-20-2012,2000,,CAN,,,,,,,,
300 - Alpine White,,NCSW - Black Novillo Leather,2013,WBSKG9C52DE799118,,E799118,"MSRP.1,ZCP,ZCW,ZPP.3,2MK,302,6FL,6NF,6NR,655,752",,,07-06-2012,,,,,,,,,,,
A29 - Silverstone Metallic II,,NCSW - Black Novillo Leather,2013,WBSKG9C54DE799119,,E799119,"MSRP.1,ZCP,ZPP.3,2MK,302,494,6FL,6NF,6NR,655",,,07-05-2012,550,,,,,,,,,,
A29 - Silverstone Metallic II,,NCH1 - Silver Novillo Leather,2013,WBSKG9C50DE799120,,E799120,"MSRP.1,ZCP,ZCW,ZPP.2,302,403,6FL",,,07-06-2012,550,,,,,,,,,,
668 - Jet Black,,NCSW - Black Novillo Leather,2013,WBSKG9C52DE799121,,E799121,"MSRP.1,ZCP,ZPP.3,2MK,302,5AC,6FL,6NF,6NR,655,752",,,07-06-2012,,,,,,,,,,,
668 - Jet Black,,NCSW - Black Novillo Leather,2013,WBSKG9C54DE799122,,E799122,"MSRP.1,ZCP,ZPP.3,302,494,6FL,6NF,6NR,655,752",,,07-06-2012,,,,,,,,,,,
A75 - Melbourne Red Metallic,,NDH3 - Beige Novillo Extended Leather,2013,WBSKG9C56DE799123,,E799123,"MSRP.1,ZCP,ZPP.3,2MK,302,494,6FL,6NF,6NR,752",,,07-06-2012,550/1100,,,,,,,,,,
A29 - Silverstone Metallic II,,NCH5 - Fox Red/Black Novillo Leather,2013,WBSKG9C58DE799124,,E799124,"MSRP.1,ZCP,ZPP.3,2MK,302,494,5AC,6FL,6NF,6NR,655,752",,,07-06-2012,550,,,,,,,,,,
A29 - Silverstone Metallic II,,NCSW - Black Novillo Leather,2013,WBSKG9C5XDE799125,,E799125,"MSRP.1,ZCP,ZPP.1,2MK,302,6FL,6NF,6NR,752",,,07-06-2012,550,,,,,,,,,,
300 - Alpine White,,NDH2 - Fox Red Extended Leather,2013,WBSKG9C51DE799126,,E799126,"MSRP.1,494,507,609,6FL,655",,,07-07-2012,2000,,,,,,,,,,
300 - Alpine White,,NCH3 - Beige Novillo Leather,2013,WBSKG9C53DE799127,,E799127,"MSRP.1,494,507,609,6FL,655",,,07-09-2012,950,,,,,,,,,,
A52 - Space Gray Metallic,,NCSW - Black Novillo Leather,2013,WBSKG9C55DE799128,,E799128,"MSRP.1,ZCP,ZCW,ZPP.1,2MK,302,403,5AC,6FL,6NF,6NR",,,07-09-2012,550,,,,,,,,,,
668 - Jet Black,,NCH5 - Fox Red/Black Novillo Leather,2013,WBSKG9C57DE799129,,E799129,"MSRP.1,ZCP,ZCW,ZPP.3,2MK,302,5AC,6FL,6NF,6NR,655,752",,,07-09-2012,,,,,,,,,,,
A73 - Jerez Black Metallic,,NCH5 - Fox Red/Black Novillo Leather,2013,WBSKG9C53DE799130,,E799130,"MSRP.1,ZPP.3,302,403,6FL",,,07-09-2012,550,,,,,,,,,,
A73 - Jerez Black Metallic,,NCSW - Black Novillo Leather,2013,WBSKG9C55DE799131,,E799131,"MSRP.1,ZCP,ZCW,ZPP.3,302,403,6FL,655",,,07-09-2012,550,,,,,,,,,,
A52 - Space Gray Metallic,,NCH5 - Fox Red/Black Novillo Leather,2013,WBSKG9C57DE799132,,E799132,"MSRP.1,ZCP,ZCW,ZPP.3,302,5AC,6FL,6NF,6NR,655,752",,,07-09-2012,550,,,,,,,,,,
A75 - Melbourne Red Metallic,,NCSW - Black Novillo Leather,2013,WBSKG9C59DE799133,,E799133,"MSRP.1,ZCP,ZPP.3,2MK,302,494,6FL,655,752",,,07-09-2012,550,,,,,,,,,,
A30 - Interlagos Blue Metallic,,NCH1 - Silver Novillo Leather,2013,WBSKG9C50DE799134,,E799134,"MSRP.1,ZCP,ZCW,ZPP.1,302,6FL,752",,,07-09-2012,550,,,,,,,,,,
A52 - Space Gray Metallic,,NDSW - Black Extended Novillo Leather,2013,WBSKG9C52DE799135,,E799135,"MSRP.1,ZCP,ZPP.3,2MK,302,6FL,655",,,07-09-2012,550/1100,,,,,,,,,,
300 - Alpine White,,NCH2 - Fox Red Novillo Leather,2013,WBSKG9C54DE799136,,E799136,"MSRP.1,ZCP,ZCW,2MK,302,322,415,4MY,507,609,6FL,655,752",,,07-09-2012,950,,CAN,,,,,,,,
A96 - Mineral White Metallic,,NDH2 - Fox Red Extended Leather,2013,WBSKG9C56DE799137,,E799137,"MSRP.1,ZCP,ZCW,ZPP.3,2MK,302,6FL,6NF,6NR,752",,,07-10-2012,1100,,,,,,,,,,
300 - Alpine White,,NCH2 - Fox Red Novillo Leather,2013,WBSKG9C58DE799138,,E799138,"MSRP.1,ZCP,ZPP.3,2MK,302,494,6FL,6NF,6NR,752",,,07-10-2012,,,,,,,,,,,
300 - Alpine White,,NCSW - Black Novillo Leather,2013,WBSKG9C5XDE799139,,E799139,"MSRP.1,ZCP,ZCW,ZPP.3,2MK,302,6FL,6NF,6NR,655,752",,,07-10-2012,,,,,,,,,,,
300 - Alpine White,,NCSW - Black Novillo Leather,2013,WBSKG9C56DE799140,,E799140,"MSRP.1,ZCP,ZPP.3,2MK,302,494,5AC,6FL,6NF,6NR,752",,,07-11-2012,,,,,,,,,,,
300 - Alpine White,,NCSW - Black Novillo Leather,2013,WBSKG9C58DE799141,,E799141,"MSRP.1,ZCP,ZPP.3,2MK,302,494,6FL,6NF,6NR,655,752",,,07-12-2012,,,,,,,,,,,
A29 - Silverstone Metallic II,,NDH3 - Beige Novillo Extended Leather,2013,WBSKG9C5XDE799142,,E799142,"MSRP.1,ZCP,ZPP.3,2MK,302,5AC,6FL,752",,,07-12-2012,550/1100,,,,,,,,,,
A96 - Mineral White Metallic,,NCSW - Black Novillo Leather,2013,WBSKG9C51DE799143,,E799143,"MSRP.1,ZCP,ZCW,ZPP.3,2MK,302,6FL,752",,,07-13-2012,,,,,,,,,,,
A30 - Interlagos Blue Metallic,,NCSW - Black Novillo Leather,2013,WBSKG9C53DE799144,,E799144,"MSRP.1,ZCP,ZPP.3,302,6FL,6NF,6NR,655",,,07-13-2012,550,,,,,,,,,,
300 - Alpine White,,NDSW - Black Extended Novillo Leather,2013,WBSKG9C55DE799145,,E799145,"MSRP.1,ZCP,ZPP.3,2MK,302,6FL,752",,,07-13-2012,1100,,,,,,,,,,
300 - Alpine White,,NCH2 - Fox Red Novillo Leather,2013,WBSKG9C57DE799146,,E799146,"MSRP.1,ZCP,ZCW,ZPP.3,2MK,302,5AC,6FL,6NF,6NR,655,752",,,07-13-2012,,,,,,,,,,,
A30 - Interlagos Blue Metallic,,NCSW - Black Novillo Leather,2013,WBSKG9C59DE799147,,E799147,"MSRP.1,ZCW,2MK,302,403,4MZ,507,6FL,655",,,07-14-2012,550/950,,,,,,,,,,
A75 - Melbourne Red Metallic,,NCH5 - Fox Red/Black Novillo Leather,2013,WBSKG9C50DE799148,,E799148,"MSRP.1,ZCP,302,322,403,6FL,771",,,07-14-2012,550/950,,,,,,,,,,
668 - Jet Black,,NDSW - Black Extended Novillo Leather,2013,WBSKG9C52DE799149,,E799149,"MSRP.1,ZCP,ZCW,ZPP.3,2MK,302,5AC,6FL,6NF,6NR,655,752",,,07-14-2012,1100,,,,,,,,,,
A96 - Mineral White Metallic,,NDH2 - Fox Red Extended Leather,2013,WBSKG9C59DE799150,,E799150,"MSRP.1,ZCP,ZPP.3,2MK,302,494,6FL,6NF,6NR,655",,,07-16-2012,1100,,,,,,,,,,
A73 - Jerez Black Metallic,,NCSW - Black Novillo Leather,2013,WBSKG9C50DE799151,,E799151,"MSRP.1,ZCP,ZPP.3,2MK,302,6FL",,,07-16-2012,550,,,,,,,,,,
A96 - Mineral White Metallic,,NCH5 - Fox Red/Black Novillo Leather,2013,WBSKG9C52DE799152,,E799152,"MSRP.1,ZCP,2MK,302,322,403,609,6FL,655,771",,,07-16-2012,950,,,,,,,,,,
300 - Alpine White,,NCH2 - Fox Red Novillo Leather,2013,WBSKG9C54DE799153,,E799153,"MSRP.1,ZCW,2MK,2MT.1,302,322,415,4MX,507,609,6FL,655,752",,,07-16-2012,950,,CAN,,,,,,,,
A52 - Space Gray Metallic,,NCH2 - Fox Red Novillo Leather,2013,WBSKG9C56DE799154,,E799154,"MSRP.1,ZCP,2MK,302,322,4MY,6FL",,,07-16-2012,550/950,,,,,,,,,,
A75 - Melbourne Red Metallic,,GEAT - Anthracite/Black Cloth & Leather,2013,WBSKG9C58DE799155,,E799155,"MSRP.1,ZCP,ZCW,ZPP.3,2MK,302,6FL,6NF,6NR,655,752",,,07-16-2012,550,,,,,,,,,,
A75 - Melbourne Red Metallic,,NCSW - Black Novillo Leather,2013,WBSKG9C5XDE799156,,E799156,"MSRP.1,ZCP,ZCW,ZPP.3,2MK,302,6FL,6NF,6NR",,,07-16-2012,550,,,,,,,,,,
381 - Le Mans Blue Metallic,,NCSW - Black Novillo Leather,2013,WBSKG9C51DE799157,,E799157,"MSRP.1,ZCP,ZCW,ZPP.3,302,6FL,655",,,07-16-2012,550,,,,,,,,,,
381 - Le Mans Blue Metallic,,NCSW - Black Novillo Leather,2013,WBSKG9C53DE799158,,E799158,"MSRP.1,ZCP,ZPP.2,302,403,6FL,655,752",,,07-17-2012,550,,,,,,,,,,
381 - Le Mans Blue Metallic,,NCH2 - Fox Red Novillo Leather,2013,WBSKG9C55DE799159,,E799159,"MSRP.1,ZCP,ZPP.3,302,494,6FL,752",,,07-17-2012,550,,,,,,,,,,
A52 - Space Gray Metallic,,NCH3 - Beige Novillo Leather,2013,WBSKG9C51DE799160,,E799160,"MSRP.1,ZCP,ZPP.3,302,494,6FL,655,752",,,07-17-2012,550,,,,,,,,,,
A52 - Space Gray Metallic,,NDSW - Black Extended Novillo Leather,2013,WBSKG9C53DE799161,,E799161,"MSRP.1,ZCW,ZPP.3,2MT.1,302,6FL,6NF,6NR,752",,,07-17-2012,550/1100,,,,,,,,,,
A30 - Interlagos Blue Metallic,,NDSW - Black Extended Novillo Leather,2013,WBSKG9C55DE799162,,E799162,"MSRP.1,ZCW,ZPP.3,2MK,302,403,6FL,6NF,6NR,655",,,07-17-2012,550/1100,,,,,,,,,,
A52 - Space Gray Metallic,,NCH2 - Fox Red Novillo Leather,2013,WBSKG9C57DE799163,,E799163,"MSRP.1,ZCP,ZCW,2MK,302,322,415,4MX,507,609,6FL,655,752",,,07-17-2012,550/950,,CAN,,,,,,,,
A73 - Jerez Black Metallic,,NCSW - Black Novillo Leather,2013,WBSKG9C59DE799164,,E799164,"MSRP.1,ZCP,ZPP.3,2MK,302,494,5AC,6FL,6NF,6NR,655,752",,,07-17-2012,550,,,,,,,,,,
A52 - Space Gray Metallic,,NDH2 - Fox Red Extended Leather,2013,WBSKG9C50DE799165,,E799165,"MSRP.1,ZCP,2MK,302,494,4MY,609,6FL",,,07-17-2012,550/2000,,,,,,,,,,
A52 - Space Gray Metallic,,NCSW - Black Novillo Leather,2013,WBSKG9C52DE799166,,E799166,"MSRP.1,ZCP,ZCW,ZPP.2,2MK,302,403,6FL,655,752",,,07-17-2012,550,,,,,,,,,,
A96 - Mineral White Metallic,,NCSW - Black Novillo Leather,2013,WBSKG9C54DE799167,,E799167,"MSRP.1,ZCP,ZPP.3,2MK,302,494,6FL,655,752",,,07-18-2012,,,,,,,,,,,
A75 - Melbourne Red Metallic,,NCH5 - Fox Red/Black Novillo Leather,2013,WBSKG9C56DE799168,,E799168,"MSRP.1,ZCP,ZCW,ZPP.3,2MK,302,5AC,6FL,6NF,6NR,752",,,07-18-2012,550,,,,,,,,,,
300 - Alpine White,,GEAT - Anthracite/Black Cloth & Leather,2013,WBSKG9C58DE799169,,E799169,"MSRP.1,ZCP,302,6FL,771",,,07-18-2012,,,,,,,,,,,
668 - Jet Black,,NCH5 - Fox Red/Black Novillo Leather,2013,WBSKG9C54DE799170,,E799170,"MSRP.1,ZCP,ZPP.3,2MK,302,494,5AC,6FL,6NF,6NR,655,752",,,07-18-2012,,,,,,,,,,,
A52 - Space Gray Metallic,,NCSW - Black Novillo Leather,2013,WBSKG9C56DE799171,,E799171,"MSRP.1,ZCW,ZPP.3,302,403,6FL,6NF,6NR,655,752",,,07-18-2012,550,,,,,,,,,,
A73 - Jerez Black Metallic,,NCSW - Black Novillo Leather,2013,WBSKG9C58DE799172,,E799172,"MSRP.1,ZCP,ZCW,2MK,302,322,403,415,4MY,507,609,6FL,655,752",,,07-18-2012,550/950,,CAN,,,,,,,,
668 - Jet Black,,NCSW - Black Novillo Leather,2013,WBSKG9C5XDE799173,,E799173,"MSRP.1,ZCP,ZPP.3,302,494,6FL,6NF,6NR",,,07-18-2012,,,,,,,,,,,
668 - Jet Black,,NDSW - Black Extended Novillo Leather,2013,WBSKG9C51DE799174,,E799174,"MSRP.1,ZCP,ZPP.3,2MK,302,494,6FL,655,752",,,07-18-2012,1100,,,,,,,,,,
A96 - Mineral White Metallic,,NCH5 - Fox Red/Black Novillo Leather,2013,WBSKG9C53DE799175,,E799175,"MSRP.1,ZCP,ZCW,ZPP.1,2MK,302,6FL",,,07-18-2012,,,,,,,,,,,
A30 - Interlagos Blue Metallic,,NDSW - Black Extended Novillo Leather,2013,WBSKG9C55DE799176,,E799176,"MSRP.1,ZCP,ZCW,ZPP.1,2MK,302,403,6FL",,,07-18-2012,550/1100,,,,,,,,,,
A73 - Jerez Black Metallic,,NCH5 - Fox Red/Black Novillo Leather,2013,WBSKG9C57DE799177,,E799177,"MSRP.1,ZCP,ZPP.3,2MK,302,494,6FL,6NF,6NR,655,752",,,07-18-2012,550,,,,,,,,,,
A73 - Jerez Black Metallic,,NDH2 - Fox Red Extended Leather,2013,WBSKG9C59DE799178,,E799178,"MSRP.1,ZPP.3,2MK,302,6FL,6NF,6NR",,,07-18-2012,550/1100,,,,,,,,,,
S34 - Unknown Paint Code,,NCSW - Black Novillo Leather,2013,WBSKG9C50DE799179,,E799179,"MSRP.1,ZCP,ZCW,2MK,302,322,6FL",,,07-21-2012,950,,CAN,,,,,,,,
A29 - Silverstone Metallic II,,NCSW - Black Novillo Leather,2013,WBSKG9C57DE799180,,E799180,"MSRP.1,ZCW,302,322,403,4MY,609,6FL",,,"Jul 18, 2012",550/950,,CAN,,,,,,,,
A73 - Jerez Black Metallic,,NCSW - Black Novillo Leather,2013,WBSKG9C59DE799181,,E799181,"MSRP.1,ZCP,ZCW,ZPP.2,302,403,6FL,6NF,6NR,655,752",,,"Jul 18, 2012",550,,,,,,,,,,
668 - Jet Black,,NCH2 - Fox Red Novillo Leather,2013,WBSKG9C50DE799182,,E799182,"MSRP.1,ZCP,ZCW,ZPP.1,2MK,302,403,6FL,752",,,"Jul 19, 2012",,,,,,,,,,,
300 - Alpine White,,GEAT - Anthracite/Black Cloth & Leather,2013,WBSKG9C52DE799183,,E799183,"MSRP.1,2MK,302,322,494,4MY,609,6FL,655",,,"Jul 19, 2012",,,,,,,,,,,
300 - Alpine White,,NDH2 - Fox Red Extended Leather,2013,WBSKG9C54DE799184,,E799184,"MSRP.1,ZCP,ZCW,ZPP.3,2MK,302,5AC,6FL,6NF,6NR,655,752",,,"Jul 19, 2012",1100,,,,,,,,,,
668 - Jet Black,,GEAT - Anthracite/Black Cloth & Leather,2013,WBSKG9C56DE799185,,E799185,"MSRP.1,302,403,4MZ,609,6FL",,,"Jul 19, 2012",,,,,,,,,,,
A30 - Interlagos Blue Metallic,,NDSW - Black Extended Novillo Leather,2013,WBSKG9C58DE799186,,E799186,"MSRP.1,ZCP,ZPP.3,2MK,302,403,6FL,6NF,6NR,655,752",,,"Jul 19, 2012",550/1100,,,,,,,,,,
300 - Alpine White,,NCSW - Black Novillo Leather,2013,WBSKG9C5XDE799187,,E799187,"MSRP.1,ZCP,ZPP.3,2MK,302,6FL,655",,,"Jul 19, 2012",,,,,,,,,,,
A29 - Silverstone Metallic II,,NCH3 - Beige Novillo Leather,2013,WBSKG9C51DE799188,,E799188,"MSRP.1,ZCP,ZPP.3,2MK,302,6FL,655",,,"Jul 19, 2012",550,,,,,,,,,,
A29 - Silverstone Metallic II,,NDH2 - Fox Red Extended Leather,2013,WBSKG9C53DE799189,,E799189,"MSRP.1,ZCP,ZCW,ZPP.3,302,5AC,6FL,6NF,6NR,752",,,"Jul 19, 2012",550/1100,,,,,,,,,,
A29 - Silverstone Metallic II,,NCSW - Black Novillo Leather,2013,WBSKG9C5XDE799190,,E799190,"MSRP.1,ZCP,ZPP.1,2MK,302,494,6FL,6NF,6NR,655,752",,,"Jul 19, 2012",550,,,,,,,,,,
A96 - Mineral White Metallic,,NDSW - Black Extended Novillo Leather,2013,WBSKG9C51DE799191,,E799191,"MSRP.1,ZCP,ZPP.3,2MK,302,6FL,6NF,6NR,655,752",,,"Jul 19, 2012",1100,,,,,,,,,,
A96 - Mineral White Metallic,,NCH5 - Fox Red/Black Novillo Leather,2013,WBSKG9C53DE799192,,E799192,"MSRP.1,ZCP,ZPP.3,2MK,302,494,6FL,6NF,6NR,655",,,"Jul 19, 2012",,,,,,,,,,,
300 - Alpine White,,NCSW - Black Novillo Leather,2013,WBSKG9C55DE799193,,E799193,"MSRP.1,ZCP,ZCW,ZPP.3,2MK,302,6FL",,,"Jul 19, 2012",,,,,,,,,,,
300 - Alpine White,,NCSW - Black Novillo Leather,2013,WBSKG9C57DE799194,,E799194,"MSRP.1,ZCP,ZPP.3,2MK,302,494,6FL,6NF,6NR,752",,,"Jul 19, 2012",,,,,,,,,,,
300 - Alpine White,,NCSW - Black Novillo Leather,2013,WBSKG9C59DE799195,,E799195,"MSRP.1,ZCW,ZPP.3,302,6FL,6NF,6NR",,,"Jul 19, 2012",,,,,,,,,,,
U94 - Fire Orange 2,,NCSW - Black Novillo Leather,2013,WBSKG9C50DE799196,,E799196,"MSRP.1,IND,ZCP,ZCW,ZPP.3,2MK,5AC,6NR,655,752,Z06,Z17,Z21,Z59",,,"Jul 25, 2012",,,,,,,,,,,
W14 - Ind. Java Green Met.,,NDSW - Black Extended Novillo Leather,2013,WBSKG9C52DE799197,,E799197,"MSRP.1,IND,ZCP,ZCW,ZPP.3,2MK,5AC,6NR,655,752,Z06,Z17,Z21,Z22,Z59",,,"Jul 25, 2012",1100,,,,,,,,,,
U91 - Frozen Black ,,NCSW - Black Novillo Leather,2013,WBSKG9C54DE799198,,E799198,"MSRP.1,IND,ZCP,ZCW,ZPP.3,2MK,6NR,655,752",,,"Jul 25, 2012",,,,,,,,,,,
300 - Alpine White,,NCSW - Black Novillo Leather,2013,WBSKG9C56DE799199,,E799199,"MSRP.1,ZCP,ZPP.1,2MK,302,494,5AC,6FL,6NF,6NR,752",,,"Jul 19, 2012",,,,,,,,,,,
300 - Alpine White,,NCSW - Black Novillo Leather,2013,WBSKG9C59DE799200,,E799200,"MSRP.1,ZCP,ZCW,302,4MY,6FL",,,"Jul 20, 2012",950,,,,,,,,,,
300 - Alpine White,,NCSW - Black Novillo Leather,2013,WBSKG9C50DE799201,,E799201,"MSRP.1,494,507,609,6FL,655",,,"Jul 20, 2012",950,,,,,,,,,,
300 - Alpine White,,NCSW - Black Novillo Leather,2013,WBSKG9C52DE799202,,E799202,"MSRP.1,ZCW,ZPP.3,2MT.1,302,6FL,655,752",,,"Jul 20, 2012",,,,,,,,,,,
300 - Alpine White,,NCSW - Black Novillo Leather,2013,WBSKG9C54DE799203,,E799203,"MSRP.1,ZCP,ZPP.3,2MK,302,494,6FL,752",,,"Jul 20, 2012",,,,,,,,,,,
300 - Alpine White,,NCH2 - Fox Red Novillo Leather,2013,WBSKG9C56DE799204,,E799204,"MSRP.1,ZCP,ZPP.3,2MK,302,494,6FL,6NF,6NR,655,752",,,"Jul 20, 2012",,,,,,,,,,,
A75 - Melbourne Red Metallic,,NCSW - Black Novillo Leather,2013,WBSKG9C58DE799205,,E799205,"MSRP.1,ZCP,ZPP.3,302,494,6FL",,,"Jul 20, 2012",550,,,,,,,,,,
668 - Jet Black,,GEAT - Anthracite/Black Cloth & Leather,2013,WBSKG9C5XDE799206,,E799206,"MSRP.1,302,403,4MX,609,6FL,6NF,6NR,655",,,"Jul 20, 2012",,,,,,,,,,,
A96 - Mineral White Metallic,,NCH5 - Fox Red/Black Novillo Leather,2013,WBSKG9C51DE799207,,E799207,"MSRP.1,ZCP,ZPP.2,2MK,302,403,494,5AC,6FL,6NF,6NR,655,752",,,"Jul 20, 2012",,,,,,,,,,,
A96 - Mineral White Metallic,,NDSW - Black Extended Novillo Leather,2013,WBSKG9C53DE799208,,E799208,"MSRP.1,ZCP,ZCW,ZPP.3,2MK,302,6FL,6NF,6NR,655,752",,,"Jul 20, 2012",1100,,,,,,,,,,
A96 - Mineral White Metallic,,NCH2 - Fox Red Novillo Leather,2013,WBSKG9C55DE799209,,E799209,"MSRP.1,ZPP.2,2MT.1,302,403,6FL,655",,,"Jul 20, 2012",,,,,,,,,,,
A96 - Mineral White Metallic,,NCH2 - Fox Red Novillo Leather,2013,WBSKG9C51DE799210,,E799210,"MSRP.1,ZCP,ZPP.3,2MK,302,494,6FL,6NF,6NR,655,752",,,"Jul 20, 2012",,,,,,,,,,,
A96 - Mineral White Metallic,,NDH2 - Fox Red Extended Leather,2013,WBSKG9C53DE799211,,E799211,"MSRP.1,ZCW,2MT.1,302,322,4MX,609,6FL",,,"Jul 20, 2012",2000,,CAN,,,,,,,,
A96 - Mineral White Metallic,,NCH2 - Fox Red Novillo Leather,2013,WBSKG9C55DE799212,,E799212,"MSRP.1,ZCP,ZCW,302,322,403,415,4MX,507,609,6FL,6NF,6NR,655,752",,,"Jul 20, 2012",950,,CAN,,,,,,,,
A75 - Melbourne Red Metallic,,NCSW - Black Novillo Leather,2013,WBSKG9C57DE799213,,E799213,"MSRP.1,ZCP,ZPP.3,2MK,302,494,6FL,752",,,"Jul 20, 2012",550,,,,,,,,,,
300 - Alpine White,,NDSW - Black Extended Novillo Leather,2013,WBSKG9C59DE799214,,E799214,"MSRP.1,ZCP,ZPP.3,2MK,302,494,5AC,6FL,6NF,6NR,655,752",,,"Jul 20, 2012",1100,,,,,,,,,,
300 - Alpine White,,NCSW - Black Novillo Leather,2013,WBSKG9C50DE799215,,E799215,"MSRP.1,ZCP,ZPP.3,2MK,302,494,6FL,6NF,6NR,655,752",,,"Jul 20, 2012",,,,,,,,,,,
300 - Alpine White,,NCSW - Black Novillo Leather,2013,WBSKG9C52DE799216,,E799216,"MSRP.1,ZCP,ZPP.3,2MK,302,494,6FL,6NF,6NR,655,752",,,"Jul 20, 2012",,,,,,,,,,,
300 - Alpine White,,NCH2 - Fox Red Novillo Leather,2013,WBSKG9C54DE799217,,E799217,"MSRP.1,ZCW,2MK,2MT.1,302,322,4MY,507,609,6FL,6NF,6NR",,,"Jul 21, 2012",950,,CAN,,,,,,,,
300 - Alpine White,,NCH2 - Fox Red Novillo Leather,2013,WBSKG9C56DE799218,,E799218,"MSRP.1,ZCP,ZCW,ZPP.3,2MK,302,6FL",,,"Jul 21, 2012",,,,,,,,,,,
300 - Alpine White,,NCH2 - Fox Red Novillo Leather,2013,WBSKG9C58DE799219,,E799219,"MSRP.1,494,507,609,6FL,655",,,"Jul 21, 2012",950,,,,,,,,,,
300 - Alpine White,,NCH2 - Fox Red Novillo Leather,2013,WBSKG9C54DE799220,,E799220,"MSRP.1,ZCP,ZCW,ZPP.3,2MK,302,6FL,655,752",,,"Jul 21, 2012",,,,,,,,,,,
A52 - Space Gray Metallic,,NCSW - Black Novillo Leather,2013,WBSKG9C56DE799221,,E799221,"MSRP.1,ZCP,ZPP.3,2MK,302,403,494,6FL,6NF,6NR,655,752",,,"Jul 21, 2012",550,,,,,,,,,,
300 - Alpine White,,NDSW - Black Extended Novillo Leather,2013,WBSKG9C58DE799222,,E799222,"MSRP.1,ZCP,ZPP.3,2MK,302,494,6FL,6NF,6NR,655,752",,,"Jul 21, 2012",1100,,,,,,,,,,
300 - Alpine White,,NDSW - Black Extended Novillo Leather,2013,WBSKG9C5XDE799223,,E799223,"MSRP.1,ZCP,ZPP.2,302,494,6FL,6NF,6NR,655,752",,,"Jul 21, 2012",1100,,,,,,,,,,
300 - Alpine White,,NCH2 - Fox Red Novillo Leather,2013,WBSKG9C51DE799224,,E799224,"MSRP.1,ZCP,ZCW,ZPP.3,2MK,302,403,5AC,6FL,6NF,6NR,655,752",,,"Jul 21, 2012",,,,,,,,,,,
300 - Alpine White,,NDSW - Black Extended Novillo Leather,2013,WBSKG9C53DE799225,,E799225,"MSRP.1,ZCW,ZPP.3,2MK,2MT.1,302,403,5AC,6FL,6NF,6NR,752",,,"Jul 23, 2012",1100,,,,,,,,,,
381 - Le Mans Blue Metallic,,NCH1 - Silver Novillo Leather,2013,WBSKG9C55DE799226,,E799226,"MSRP.1,ZCP,ZCW,ZPP.3,302,403,6FL,6NF,6NR,655,752",,,"Jul 23, 2012",550,,,,,,,,,,
300 - Alpine White,,NCSW - Black Novillo Leather,2013,WBSKG9C57DE799227,,E799227,"MSRP.1,ZCP,ZPP.3,302,403,6FL,6NF,6NR,655,752",,,"Jul 23, 2012",,,,,,,,,,,
300 - Alpine White,,NCSW - Black Novillo Leather,2013,WBSKG9C59DE799228,,E799228,"MSRP.1,ZCP,ZPP.3,2MK,302,6FL,655",,,"Jul 23, 2012",,,,,,,,,,,
A73 - Jerez Black Metallic,,NCSW - Black Novillo Leather,2013,WBSKG9C50DE799229,,E799229,"MSRP.1,ZCP,ZPP.3,2MK,302,494,6FL",,,"Jul 23, 2012",550,,,,,,,,,,
A73 - Jerez Black Metallic,,GEAT - Anthracite/Black Cloth & Leather,2013,WBSKG9C57DE799230,,E799230,"MSRP.1,ZCP,ZCW,2MK,302,322,4MY,6FL",,,"Jul 23, 2012",550,,CAN,,,,,,,,
300 - Alpine White,,GEAT - Anthracite/Black Cloth & Leather,2013,WBSKG9C59DE799231,,E799231,"MSRP.1,302,6FL,771",,,"Jul 23, 2012",,,,,,,,,,,
668 - Jet Black,,NCSW - Black Novillo Leather,2013,WBSKG9C50DE799232,,E799232,"MSRP.1,ZCP,ZPP.3,2MK,302,5AC,6FL,6NF,6NR,655,752",,,"Jul 23, 2012",,,,,,,,,,,
A30 - Interlagos Blue Metallic,,NCSW - Black Novillo Leather,2013,WBSKG9C52DE799233,,E799233,"MSRP.1,ZCP,ZCW,ZPP.3,2MK,302,5AC,6FL,6NF,6NR,655,752",,,"Jul 24, 2012",550,,,,,,,,,,
A75 - Melbourne Red Metallic,,NCH5 - Fox Red/Black Novillo Leather,2013,WBSKG9C54DE799234,,E799234,"MSRP.1,ZCP,ZPP.3,2MK,302,403,6FL,6NF,6NR,655,752",,,"Jul 23, 2012",550,,,,,,,,,,
668 - Jet Black,,NCSW - Black Novillo Leather,2013,WBSKG9C56DE799235,,E799235,"MSRP.1,ZCP,ZPP.3,2MK,302,494,6FL,6NF,6NR,655,752",,,"Jul 23, 2012",,,,,,,,,,,
A96 - Mineral White Metallic,,NCH4 - Palladium/Black Novillo Leather,2013,WBSKG9C58DE799236,,E799236,"MSRP.1,ZCP,2MK,302,494,4MX,609,6FL,6NF,6NR,655",,,"Jul 23, 2012",950,,,,,,,,,,
A75 - Melbourne Red Metallic,,NCH3 - Beige Novillo Leather,2013,WBSKG9C5XDE799237,,E799237,"MSRP.1,ZPP.2,2MT.1,302,403,5AC,6FL,655",,,"Jul 23, 2012",550,,,,,,,,,,
A96 - Mineral White Metallic,,NDH2 - Fox Red Extended Leather,2013,WBSKG9C51DE799238,,E799238,"MSRP.1,ZCP,ZCW,ZPP.3,2MK,302,6FL,6NF,6NR,655,752",,,"Jul 23, 2012",1100,,,,,,,,,,
300 - Alpine White,,NCSW - Black Novillo Leather,2013,WBSKG9C53DE799239,,E799239,"MSRP.1,ZCP,ZPP.3,2MK,302,6FL,6NF,6NR,655,752",,,"Jul 24, 2012",,,,,,,,,,,
A52 - Space Gray Metallic,,NCSW - Black Novillo Leather,2013,WBSKG9C5XDE799240,,E799240,"MSRP.1,ZCP,ZCW,ZPP.3,2MK,302,5AC,6FL,6NF,6NR,655,752",,,"Jul 24, 2012",550,,,,,,,,,,
A75 - Melbourne Red Metallic,,NCSW - Black Novillo Leather,2013,WBSKG9C51DE799241,,E799241,"MSRP.1,ZCP,ZCW,ZPP.3,2MK,302,403,6FL,6NF,6NR,655,752",,,"Jul 24, 2012",550,,,,,,,,,,
A52 - Space Gray Metallic,,NDSW - Black Extended Novillo Leather,2013,WBSKG9C53DE799242,,E799242,"MSRP.1,ZCP,ZPP.1,2MK,302,6FL,6NF,6NR,655,752",,,"Jul 24, 2012",550/1100,,,,,,,,,,
A73 - Jerez Black Metallic,,NCSW - Black Novillo Leather,2013,WBSKG9C55DE799243,,E799243,"MSRP.1,ZCP,ZPP.3,2MK,302,403,6FL,6NF,6NR,655",,,"Jul 24, 2012",550,,,,,,,,,,
A96 - Mineral White Metallic,,NCSW - Black Novillo Leather,2013,WBSKG9C57DE799244,,E799244,"MSRP.1,ZCP,ZCW,ZPP.2,2MK,302,403,6FL,6NF,6NR,655,752",,,"Jul 24, 2012",,,,,,,,,,,
668 - Jet Black,,NCH5 - Fox Red/Black Novillo Leather,2013,WBSKG9C59DE799245,,E799245,"MSRP.1,ZCP,ZPP.3,302,403,494,6FL,6NF,6NR,655,752",,,"Jul 24, 2012",,,,,,,,,,,
337 - Dakar Yellow 2,,NCSW - Black Novillo Leather,2013,WBSKG9C50DE799246,,E799246,"MSRP.1,IND,ZCP,ZPP.1,2MK,302,494,6FL,Z59",,,"Jul 31, 2012",,,,,,,,,,,
300 - Alpine White,,NCH3 - Beige Novillo Leather,2013,WBSKG9C52DE799247,,E799247,"MSRP.1,ZCP,ZPP.2,2MK,302,403,494,5AC,6FL,6NF,6NR,655,752",,,"Jul 24, 2012",,,,,,,,,,,
A96 - Mineral White Metallic,,NDH3 - Beige Novillo Extended Leather,2013,WBSKG9C54DE799248,,E799248,"MSRP.1,ZPP.3,2MK,2MT.1,302,403,494,6FL,6NF,6NR,655,752",,,"Jul 24, 2012",1100,,,,,,,,,,
300 - Alpine White,,NCSW - Black Novillo Leather,2013,WBSKG9C56DE799249,,E799249,"MSRP.1,ZCP,ZCW,ZPP.3,2MK,302,6FL,6NF,6NR,655",,,"Jul 24, 2012",,,,,,,,,,,
300 - Alpine White,,NCH5 - Fox Red/Black Novillo Leather,2013,WBSKG9C52DE799250,,E799250,"MSRP.1,ZCW,ZPP.2,2MK,2MT.1,302,5AC,6FL,6NF,6NR,655,752",,,"Jul 24, 2012",,,,,,,,,,,
A52 - Space Gray Metallic,,NCSW - Black Novillo Leather,2013,WBSKG9C54DE799251,,E799251,"MSRP.1,ZCP,ZCW,ZPP.3,2MK,302,403,6FL,6NF,6NR,655,752",,,"Jul 24, 2012",550,,,,,,,,,,
668 - Jet Black,,NCSW - Black Novillo Leather,2013,WBSKG9C56DE799252,,E799252,"MSRP.1,ZCP,ZPP.3,2MK,302,403,494,6FL,6NF,6NR,655,752",,,"Jul 25, 2012",,,,,,,,,,,
300 - Alpine White,,NDSW - Black Extended Novillo Leather,2013,WBSKG9C58DE799253,,E799253,"MSRP.1,ZCP,ZCW,ZPP.3,2MK,302,5AC,6FL,6NF,6NR,655,752",,,"Jul 25, 2012",1100,,,,,,,,,,
300 - Alpine White,,NCSW - Black Novillo Leather,2013,WBSKG9C5XDE799254,,E799254,"MSRP.1,ZCP,ZCW,ZPP.3,2MK,302,6FL,6NF,6NR,655,752",,,"Jul 25, 2012",,,,,,,,,,,
668 - Jet Black,,NCSW - Black Novillo Leather,2013,WBSKG9C51DE799255,,E799255,"MSRP.1,ZCP,ZCW,ZPP.3,2MK,302,6FL,6NF,6NR,655,752",,,"Jul 25, 2012",,,,,,,,,,,
A96 - Mineral White Metallic,,NCH2 - Fox Red Novillo Leather,2013,WBSKG9C53DE799256,,E799256,"MSRP.1,2MK,302,322,494,4MY,609,6FL,6NF",,,"Jul 25, 2012",950,,,,,,,,,,
668 - Jet Black,,NCH5 - Fox Red/Black Novillo Leather,2013,WBSKG9C55DE799257,,E799257,"MSRP.1,ZCP,ZCW,ZPP.1,2MK,302,6FL,6NF,6NR,752",,,"Jul 25, 2012",,,,,,,,,,,
A96 - Mineral White Metallic,,NCH3 - Beige Novillo Leather,2013,WBSKG9C57DE799258,,E799258,"MSRP.1,ZCP,ZCW,ZPP.3,302,403,5AC,6FL",,,"Jul 25, 2012",,,,,,,,,,,
A96 - Mineral White Metallic,,NCH3 - Beige Novillo Leather,2013,WBSKG9C59DE799259,,E799259,"MSRP.1,ZCP,ZCW,ZPP.2,2MK,302,403,5AC,6FL,6NF,6NR,655,752",,,"Jul 25, 2012",,,,,,,,,,,
A96 - Mineral White Metallic,,NCH4 - Palladium/Black Novillo Leather,2013,WBSKG9C55DE799260,,E799260,"MSRP.1,ZCP,ZCW,ZPP.3,2MK,302,403,6FL,6NF,6NR,655,752",,,"Jul 25, 2012",,,,,,,,,,,
A96 - Mineral White Metallic,,NDH2 - Fox Red Extended Leather,2013,WBSKG9C57DE799261,,E799261,"MSRP.1,ZCP,ZPP.3,2MK,302,5AC,6FL,6NF,6NR,655,752",,,"Jul 25, 2012",1100,,,,,,,,,,
A30 - Interlagos Blue Metallic,,NCH1 - Silver Novillo Leather,2013,WBSKG9C59DE799262,,E799262,"MSRP.1,ZCP,ZCW,ZPP.3,2MK,302,5AC,6FL,6NF,6NR,655,752",,,"Jul 25, 2012",550,,,,,,,,,,
300 - Alpine White,,NCSW - Black Novillo Leather,2013,WBSKG9C50DE799263,,E799263,"MSRP.1,ZCP,ZCW,2MK,302,322,415,4MY,507,609,6FL,6NF,6NR,655,752",,,"Jul 25, 2012",950,,CAN,,,,,,,,
300 - Alpine White,,NCSW - Black Novillo Leather,2013,WBSKG9C52DE799264,,E799264,"MSRP.1,ZCP,ZCW,ZPP.3,2MK,302,5AC,6FL,6NF,6NR,752",,,"Jul 25, 2012",,,,,,,,,,,
668 - Jet Black,,NDSW - Black Extended Novillo Leather,2013,WBSKG9C54DE799265,,E799265,"MSRP.1,ZCP,ZPP.3,2MK,302,494,5AC,6FL,6NF,6NR,752",,,"Jul 25, 2012",1100,,,,,,,,,,
300 - Alpine White,,GEAT - Anthracite/Black Cloth & Leather,2013,WBSKG9C56DE799266,,E799266,"MSRP.1,ZCP,2MK,302,6FL,771",,,"Jul 25, 2012",,,,,,,,,,,
A96 - Mineral White Metallic,,NDH2 - Fox Red Extended Leather,2013,WBSKG9C58DE799267,,E799267,"MSRP.1,ZCP,ZCW,ZPP.3,2MK,302,403,6FL,6NF,6NR,655,752",,,"Jul 26, 2012",1100,,,,,,,,,,
300 - Alpine White,,NCH3 - Beige Novillo Leather,2013,WBSKG9C5XDE799268,,E799268,"MSRP.1,ZCP,ZPP.3,302,494,6FL,6NF,6NR,655",,,"Jul 26, 2012",,,,,,,,,,,
668 - Jet Black,,NCSW - Black Novillo Leather,2013,WBSKG9C51DE799269,,E799269,"MSRP.1,ZCW,ZPP.1,2MK,2MT.1,302,403,6FL,6NF,6NR,655",,,"Jul 26, 2012",,,,,,,,,,,
A75 - Melbourne Red Metallic,,NDSW - Black Extended Novillo Leather,2013,WBSKG9C58DE799270,,E799270,"MSRP.1,ZCP,ZPP.3,2MK,302,403,494,5AC,6FL,6NF,6NR,655,752",,,"Jul 26, 2012",550/1100,,,,,,,,,,
668 - Jet Black,,NCH5 - Fox Red/Black Novillo Leather,2013,WBSKG9C5XDE799271,,E799271,"MSRP.1,ZCP,ZCW,ZPP.3,302,403,6FL,6NF,6NR,655,752",,,"Jul 26, 2012",,,,,,,,,,,
A73 - Jerez Black Metallic,,NCH4 - Palladium/Black Novillo Leather,2013,WBSKG9C51DE799272,,E799272,"MSRP.1,ZCP,ZPP.3,2MK,302,403,494,6FL,6NF,6NR,655,752",,,"Jul 26, 2012",550,,,,,,,,,,
668 - Jet Black,,NDSW - Black Extended Novillo Leather,2013,WBSKG9C53DE799273,,E799273,"MSRP.1,ZCP,ZPP.3,2MK,302,494,6FL,655,752",,,"Jul 26, 2012",1100,,,,,,,,,,
A73 - Jerez Black Metallic,,NCSW - Black Novillo Leather,2013,WBSKG9C55DE799274,,E799274,"MSRP.1,ZCP,ZPP.3,2MK,302,403,494,5AC,6FL,6NF,6NR,655,752",,,"Jul 26, 2012",550,,,,,,,,,,
A52 - Space Gray Metallic,,NCH2 - Fox Red Novillo Leather,2013,WBSKG9C57DE799275,,E799275,"MSRP.1,ZPP.3,2MK,2MT.1,302,6FL,6NF,6NR,655,752",,,"Jul 26, 2012",550,,,,,,,,,,
300 - Alpine White,,NCSW - Black Novillo Leather,2013,WBSKG9C59DE799276,,E799276,"MSRP.1,ZCP,ZPP.3,2MK,494,655,6NR,752",,,"Jul 26, 2012",950,,,,,,,,,,
A96 - Mineral White Metallic,,NCSW - Black Novillo Leather,2013,WBSKG9C50DE799277,,E799277,"MSRP.1,ZCP,ZPP.3,2MK,302,494,6FL,6NF,6NR,752",,,"Jul 26, 2012",,,,,,,,,,,
A73 - Jerez Black Metallic,,NCSW - Black Novillo Leather,2013,WBSKG9C52DE799278,,E799278,"MSRP.1,ZCP,ZPP.2,302,6FL,6NF,6NR,655,752",,,"Jul 26, 2012",550,,,,,,,,,,
A30 - Interlagos Blue Metallic,,NCH5 - Fox Red/Black Novillo Leather,2013,WBSKG9C54DE799279,,E799279,"MSRP.1,ZCP,ZPP.3,302,494,6FL,6NF,6NR,655",,,"Jul 26, 2012",550,,,,,,,,,,
300 - Alpine White,,GEAT - Anthracite/Black Cloth & Leather,2013,WBSKG9C50DE799280,,E799280,"MSRP.1,ZCP,2MK,302,322,6FL,771",,,"Aug 14, 2012",,,,,,,,,,,
668 - Jet Black,,NCSW - Black Novillo Leather,2013,WBSKG9C52DE799281,,E799281,"MSRP.1,ZCW,ZPP.3,2MK,2MT.1,302,403,6FL,6NF,6NR,655,752",,,"Jul 26, 2012",,,,,,,,,,,
A96 - Mineral White Metallic,,NCH5 - Fox Red/Black Novillo Leather,2013,WBSKG9C54DE799282,,E799282,"MSRP.1,ZCP,ZPP.3,2MK,302,494,6FL,6NF,6NR,655,752",,,"Jul 27, 2012",,,,,,,,,,,
668 - Jet Black,,NCSW - Black Novillo Leather,2013,WBSKG9C56DE799283,,E799283,"MSRP.1,ZCP,ZPP.1,302,494,6FL,6NF,6NR,655,752",,,"Jul 27, 2012",,,,,,,,,,,
668 - Jet Black,,NCSW - Black Novillo Leather,2013,WBSKG9C58DE799284,,E799284,"MSRP.1,ZPP.1,302,403,6FL,752",,,"Jul 27, 2012",,,,,,,,,,,
668 - Jet Black,,NCSW - Black Novillo Leather,2013,WBSKG9C5XDE799285,,E799285,"MSRP.1,ZCP,ZPP.3,302,494,6FL,6NF,6NR,655,752",,,"Jul 27, 2012",,,,,,,,,,,
668 - Jet Black,,NCSW - Black Novillo Leather,2013,WBSKG9C51DE799286,,E799286,"MSRP.1,ZCP,ZPP.3,2MK,302,494,6FL,6NF,6NR,655,752",,,"Jul 27, 2012",,,,,,,,,,,
A73 - Jerez Black Metallic,,NCSW - Black Novillo Leather,2013,WBSKG9C53DE799287,,E799287,"MSRP.1,ZCP,ZCW,ZPP.3,302,403,6FL,655,752",,,"Jul 27, 2012",550,,,,,,,,,,
300 - Alpine White,,NDSW - Black Extended Novillo Leather,2013,WBSKG9C55DE799288,,E799288,"MSRP.1,ZCP,ZPP.3,302,494,6FL,6NF,6NR,655,752",,,"Jul 27, 2012",1100,,,,,,,,,,
300 - Alpine White,,NCSW - Black Novillo Leather,2013,WBSKG9C57DE799289,,E799289,"MSRP.1,ZCP,ZPP.3,2MK,302,494,6FL,6NF,6NR,655,752",,,"Jul 27, 2012",,,,,,,,,,,
A73 - Jerez Black Metallic,,NCH3 - Beige Novillo Leather,2013,WBSKG9C53DE799290,,E799290,"MSRP.1,ZCP,ZPP.3,2MK,302,6FL,6NF,6NR,655,752",,,"Jul 27, 2012",550,,,,,,,,,,
A73 - Jerez Black Metallic,,NCSW - Black Novillo Leather,2013,WBSKG9C55DE799291,,E799291,"MSRP.1,ZCP,ZCW,ZPP.3,2MK,302,403,6FL,6NF,6NR,655,752",,,"Jul 27, 2012",550,,,,,,,,,,
A73 - Jerez Black Metallic,,NCH4 - Palladium/Black Novillo Leather,2013,WBSKG9C57DE799292,,E799292,"MSRP.1,ZCP,ZCW,ZPP.3,302,403,5AC,6FL,6NF,6NR,655,752",,,"Jul 27, 2012",550,,,,,,,,,,
A30 - Interlagos Blue Metallic,,NCH4 - Palladium/Black Novillo Leather,2013,WBSKG9C59DE799293,,E799293,"MSRP.1,ZPP.3,2MK,2MT.1,302,494,5AC,6FL,6NF,6NR,752",,,"Jul 27, 2012",550,,,,,,,,,,
300 - Alpine White,,NDSW - Black Extended Novillo Leather,2013,WBSKG9C50DE799294,,E799294,"MSRP.1,ZCP,ZPP.3,2MK,302,494,6FL,6NF,6NR,752",,,"Jul 27, 2012",1100,,,,,,,,,,
A96 - Mineral White Metallic,,NCH2 - Fox Red Novillo Leather,2013,WBSKG9C52DE799295,,E799295,"MSRP.1,ZCP,ZPP.3,2MK,302,494,6FL,6NF,6NR,655,752",,,"Jul 28, 2012",,,,,,,,,,,
668 - Jet Black,,NCSW - Black Novillo Leather,2013,WBSKG9C54DE799296,,E799296,"MSRP.1,ZCP,ZCW,ZPP.3,302,403,6FL,655,752",,,"Jul 28, 2012",,,,,,,,,,,
A73 - Jerez Black Metallic,,NCSW - Black Novillo Leather,2013,WBSKG9C56DE799297,,E799297,"MSRP.1,ZCP,ZPP.3,2MK,302,403,6FL,6NF,6NR,655",,,"Jul 28, 2012",550,,,,,,,,,,
300 - Alpine White,,NCH5 - Fox Red/Black Novillo Leather,2013,WBSKG9C58DE799298,,E799298,"MSRP.1,ZCP,ZPP.3,2MK,302,6FL,6NF,6NR,655,752",,,"Jul 28, 2012",,,,,,,,,,,
,,,2013,VIN SKIP,,,,,,,,,,,,,,,,,
A30 - Interlagos Blue Metallic,,NCSW - Black Novillo Leather,2013,WBSKG9C57DJ592800,,J592800,"MSRP.1,ZCP,ZCW,ZPP.3,302,403,5AC,6FL,6NF,6NR,655,752",,,"Jul 28, 2012",550,,,,,,,,,,
300 - Alpine White,,NCH2 - Fox Red Novillo Leather,2013,WBSKG9C59DJ592801,,J592801,"MSRP.1,ZCP,ZPP.3,2MK,302,494,5AC,6FL,6NF,6NR,655,752",,,"Jul 28, 2012",,,,,,,,,,,
668 - Jet Black,,NCH4 - Palladium/Black Novillo Leather,2013,WBSKG9C50DJ592802,,J592802,"MSRP.1,ZCP,ZPP.3,2MK,302,6FL,6NF,6NR,655,752",,,"Jul 30, 2012",,,,,,,,,,,
668 - Jet Black,,NCSW - Black Novillo Leather,2013,WBSKG9C52DJ592803,,J592803,"MSRP.1,ZCP,ZCW,ZPP.1,2MK,302,6FL,6NF,6NR,752",,,"Jul 30, 2012",,,,,,,,,,,
668 - Jet Black,,NCSW - Black Novillo Leather,2013,WBSKG9C54DJ592804,,J592804,"MSRP.1,ZCP,ZCW,ZPP.3,302,6FL,6NF,6NR,655,752",,,"Jul 30, 2012",,,,,,,,,,,
300 - Alpine White,,NCH5 - Fox Red/Black Novillo Leather,2013,WBSKG9C56DJ592805,,J592805,"MSRP.1,ZCP,ZPP.3,2MK,302,494,6FL,6NF,6NR,752",,,"Jul 30, 2012",,,,,,,,,,,
300 - Alpine White,,NCH5 - Fox Red/Black Novillo Leather,2013,WBSKG9C58DJ592806,,J592806,"MSRP.1,ZPP.3,2MK,2MT.1,302,6FL,6NF,6NR,655,752",,,"Jul 30, 2012",,,,,,,,,,,
300 - Alpine White,,NCSW - Black Novillo Leather,2013,WBSKG9C5XDJ592807,,J592807,"MSRP.1,ZCW,2MK,2MT.1,302,322,415,4MY,507,609,6FL,6NF,6NR,655,752",,,"Jul 30, 2012",950,,CAN,,,,,,,,
A73 - Jerez Black Metallic,,NCH3 - Beige Novillo Leather,2013,WBSKG9C51DJ592808,,J592808,"MSRP.1,ZCP,ZCW,ZPP.3,2MK,302,6FL",,,"Jul 30, 2012",550,,,,,,,,,,
A73 - Jerez Black Metallic,,NDSW - Black Extended Novillo Leather,2013,WBSKG9C53DJ592809,,J592809,"MSRP.1,ZCP,ZPP.1,2MK,302,494,5AC,6FL,6NF,6NR,655,752",,,"Jul 30, 2012",550/1100,,,,,,,,,,
A73 - Jerez Black Metallic,,NDSW - Black Extended Novillo Leather,2013,WBSKG9C5XDJ592810,,J592810,"MSRP.1,ZCP,ZPP.3,2MK,302,494,6FL,6NF,6NR,752",,,"Jul 30, 2012",550/1100,,,,,,,,,,
668 - Jet Black,,NCSW - Black Novillo Leather,2013,WBSKG9C51DJ592811,,J592811,"MSRP.1,ZCP,ZPP.3,2MK,302,6FL,6NF,6NR,655,752",,,"Jul 30, 2012",,,,,,,,,,,
668 - Jet Black,,NCSW - Black Novillo Leather,2013,WBSKG9C53DJ592812,,J592812,"MSRP.1,ZCP,ZCW,ZPP.3,2MK,302,403,5AC,6FL,6NF,6NR,655,752",,,"Jul 30, 2012",,,,,,,,,,,
668 - Jet Black,,NCH2 - Fox Red Novillo Leather,2013,WBSKG9C55DJ592813,,J592813,"MSRP.1,ZCP,ZCW,ZPP.3,302,403,6FL,6NF,6NR,655,752",,,"Jul 30, 2012",,,,,,,,,,,
668 - Jet Black,,NCSW - Black Novillo Leather,2013,WBSKG9C57DJ592814,,J592814,"MSRP.1,ZCP,ZPP.1,2MK,302,6FL,655,752",,,"Jul 31, 2012",,,,,,,,,,,
A75 - Melbourne Red Metallic,,NDSW - Black Extended Novillo Leather,2013,WBSKG9C59DJ592815,,J592815,"MSRP.1,ZCP,ZPP.2,2MK,302,403,494,5AC,6FL,6NF,6NR,655,752",,,"Jul 31, 2012",550/1100,,,,,,,,,,
668 - Jet Black,,NCH3 - Beige Novillo Leather,2013,WBSKG9C50DJ592816,,J592816,"MSRP.1,ZCP,ZPP.3,2MK,302,494,6FL,655,752",,,"Jul 31, 2012",,,,,,,,,,,
668 - Jet Black,,NCH5 - Fox Red/Black Novillo Leather,2013,WBSKG9C52DJ592817,,J592817,"MSRP.1,ZCP,ZPP.3,2MK,302,494,6FL,6NF,6NR,655,752",,,"Jul 31, 2012",,,,,,,,,,,
381 - Le Mans Blue Metallic,,NCH4 - Palladium/Black Novillo Leather,2013,WBSKG9C54DJ592818,,J592818,"MSRP.1,ZPP.3,2MK,302,6FL,752",,,"Jul 31, 2012",550,,,,,,,,,,
A52 - Space Gray Metallic,,NCH5 - Fox Red/Black Novillo Leather,2013,WBSKG9C56DJ592819,,J592819,"MSRP.1,ZCP,ZCW,ZPP.3,2MK,302,6FL,655,752",,,"Jul 31, 2012",550,,,,,,,,,,
A52 - Space Gray Metallic,,NCH5 - Fox Red/Black Novillo Leather,2013,WBSKG9C52DJ592820,,J592820,"MSRP.1,ZCP,ZCW,ZPP.2,2MK,302,6FL,6NF,6NR,655,752",,,"Jul 31, 2012",550,,,,,,,,,,
A52 - Space Gray Metallic,,NCH1 - Silver Novillo Leather,2013,WBSKG9C54DJ592821,,J592821,"MSRP.1,ZCP,ZCW,ZPP.3,2MK,302,5AC,6FL,6NF,6NR,752",,,"Jul 31, 2012",550,,,,,,,,,,
A52 - Space Gray Metallic,,NDH3 - Beige Novillo Extended Leather,2013,WBSKG9C56DJ592822,,J592822,"MSRP.1,ZCP,ZCW,ZPP.3,302,6FL,6NF,6NR,655,752",,,"Jul 31, 2012",550/1100,,,,,,,,,,
A52 - Space Gray Metallic,,NCH2 - Fox Red Novillo Leather,2013,WBSKG9C58DJ592823,,J592823,"MSRP.1,ZCP,ZPP.3,302,6FL,752",,,"Jul 31, 2012",550,,,,,,,,,,
A75 - Melbourne Red Metallic,,NDSW - Black Extended Novillo Leather,2013,WBSKG9C5XDJ592824,,J592824,"MSRP.1,ZCP,ZPP.3,2MK,302,6FL,6NF,6NR,655,752",,,"Jul 31, 2012",550/1100,,,,,,,,,,
A75 - Melbourne Red Metallic,,NCSW - Black Novillo Leather,2013,WBSKG9C51DJ592825,,J592825,"MSRP.1,ZCW,302,322,4MX,6FL",,,"Jul 31, 2012",550/950,,CAN,,,,,,,,
668 - Jet Black,,NCH5 - Fox Red/Black Novillo Leather,2013,WBSKG9C53DJ592826,,J592826,"MSRP.1,ZCP,ZCW,ZPP.3,2MK,302,5AC,6FL,6NF,6NR,655,752",,,"Jul 31, 2012",,,,,,,,,,,
668 - Jet Black,,NCH5 - Fox Red/Black Novillo Leather,2013,WBSKG9C55DJ592827,,J592827,"MSRP.1,ZCP,ZCW,ZPP.1,2MK,302,403,6FL,655",,,"Jul 31, 2012",,,,,,,,,,,
300 - Alpine White,,NCSW - Black Novillo Leather,2013,WBSKG9C57DJ592828,,J592828,"MSRP.1,494,507,609,6FL,655",,,"Aug 1, 2012",950,,,,,,,,,,
A29 - Silverstone Metallic II,,GEAT - Anthracite/Black Cloth & Leather,2013,WBSKG9C59DJ592829,,J592829,"MSRP.1,302,403,6FL,771",,,"Aug 1, 2012",550,,,,,,,,,,
A29 - Silverstone Metallic II,,NCH4 - Palladium/Black Novillo Leather,2013,WBSKG9C55DJ592830,,J592830,"MSRP.1,ZCP,ZCW,ZPP.3,2MK,302,5AC,6FL,6NF,6NR,655,752",,,"Aug 1, 2012",550,,,,,,,,,,
381 - Le Mans Blue Metallic,,NCSW - Black Novillo Leather,2013,WBSKG9C57DJ592831,,J592831,"MSRP.1,ZCP,ZPP.3,2MK,302,6FL,655,752",,,"Aug 1, 2012",550,,,,,,,,,,
A75 - Melbourne Red Metallic,,NCH5 - Fox Red/Black Novillo Leather,2013,WBSKG9C59DJ592832,,J592832,"MSRP.1,ZCP,ZPP.3,2MK,302,494,6FL,655,752",,,"Aug 1, 2012",550,,,,,,,,,,
A52 - Space Gray Metallic,,NCSW - Black Novillo Leather,2013,WBSKG9C50DJ592833,,J592833,"MSRP.1,ZCP,ZCW,ZPP.3,2MK,302,6FL,6NF,6NR,655,752",,,"Aug 1, 2012",550,,,,,,,,,,
A29 - Silverstone Metallic II,,NDH2 - Fox Red Extended Leather,2013,WBSKG9C52DJ592834,,J592834,"MSRP.1,ZCP,ZCW,ZPP.2,2MK,302,5AC,6FL,6NF,6NR",,,"Aug 1, 2012",550/1100,,,,,,,,,,
381 - Le Mans Blue Metallic,,NCSW - Black Novillo Leather,2013,WBSKG9C54DJ592835,,J592835,"MSRP.1,ZCP,ZCW,2MK,302,322,415,4MY,507,609,6FL,655,752",,,"Aug 1, 2012",550/950,,CAN,,,,,,,,
U94 - Fire Orange 2,,GEAT - Anthracite/Black Cloth & Leather,2013,WBSKG9C56DJ592836,,J592836,"MSRP.1,LRPE,ZCP,ZCW,ZPP.3,2MK,6NR,655,752",,,"Aug 7, 2012",,,,,,,,,,,
U94 - Fire Orange 2,,NCSW - Black Novillo Leather,2013,WBSKG9C58DJ592837,,J592837,"MSRP.1,LRPE,ZCP,ZCW,ZPP.3,302,6FL,6NF,6NR,655,752",,,"Aug 7, 2012",,,,,,,,,,,
U94 - Fire Orange 2,,GEAT - Anthracite/Black Cloth & Leather,2013,WBSKG9C5XDJ592838,,J592838,"MSRP.1,LRPE,ZCP,ZCW,ZPP.3,302,6FL,6NF,6NR,655,752",,,"Aug 7, 2012",,,,,,,,,,,
U94 - Fire Orange 2,,NCSW - Black Novillo Leather,2013,WBSKG9C51DJ592839,,J592839,"MSRP.1,LRPE,ZCP,ZPP.3,2MK,302,6FL,6NF,6NR,655,752",,,"Aug 7, 2012",,,,,,,,,,,
U94 - Fire Orange 2,,GEAT - Anthracite/Black Cloth & Leather,2013,WBSKG9C58DJ592840,,J592840,"MSRP.1,LRPE,ZCP,2MK,302,4MY,6FL",,,"Aug 7, 2012",,,,,,,,,,,
U94 - Fire Orange 2,,GEAT - Anthracite/Black Cloth & Leather,2013,WBSKG9C5XDJ592841,,J592841,"MSRP.1,LRPE,ZCP,302,4MY,6FL,655,752",,,"Aug 8, 2012",,,,,,,,,,,
U94 - Fire Orange 2,,GEAT - Anthracite/Black Cloth & Leather,2013,WBSKG9C51DJ592842,,J592842,"MSRP.1,LRPE,ZCP,ZPP.3,2MK,302,494,6FL,655",,,"Aug 8, 2012",,,,,,,,,,,
U94 - Fire Orange 2,,NCSW - Black Novillo Leather,2013,WBSKG9C53DJ592843,,J592843,"MSRP.1,LRPE,ZCP,ZCW,ZPP.3,2MK,302,6FL,6NF,6NR",,,"Aug 8, 2012",,,,,,,,,,,
U94 - Fire Orange 2,,GEAT - Anthracite/Black Cloth & Leather,2013,WBSKG9C55DJ592844,,J592844,"MSRP.1,LRPE,ZCP,ZPP.3,2MK,302,494,6FL,6NF,6NR,752",,,"Aug 8, 2012",,,,,,,,,,,
U94 - Fire Orange 2,,NCSW - Black Novillo Leather,2013,WBSKG9C57DJ592845,,J592845,"MSRP.1,LRPE,ZCP,ZPP.3,2MK,302,6FL,655,752",,,"Aug 8, 2012",,,,,,,,,,,
U94 - Fire Orange 2,,NDSW - Black Extended Novillo Leather,2013,WBSKG9C59DJ592846,,J592846,"MSRP.1,LRPE,ZCP,ZPP.3,302,494,6FL,6NF,6NR,655,752",,,"Aug 8, 2012",1100,,,,,,,,,,
U94 - Fire Orange 2,,GEAT - Anthracite/Black Cloth & Leather,2013,WBSKG9C50DJ592847,,J592847,"MSRP.1,LRPE,ZCP,ZCW,ZPP.3,2MK,302,6FL",,,"Aug 9, 2012",,,,,,,,,,,
U94 - Fire Orange 2,,NDSW - Black Extended Novillo Leather,2013,WBSKG9C52DJ592848,,J592848,"MSRP.1,LRPE,ZCP,ZCW,ZPP.3,2MK,302,5AC,6FL,6NF,6NR,655,752",,,"Aug 8, 2012",1100,,,,,,,,,,
U94 - Fire Orange 2,,NCSW - Black Novillo Leather,2013,WBSKG9C54DJ592849,,J592849,"MSRP.1,LRPE,ZCP,ZPP.3,2MK,302,494,6FL,655,752",,,"Aug 9, 2012",,,,,,,,,,,
U94 - Fire Orange 2,,NCSW - Black Novillo Leather,2013,WBSKG9C50DJ592850,,J592850,"MSRP.1,LRPE,ZCP,ZPP.3,2MK,302,494,5AC,6FL,6NF,6NR,655,752",,,"Aug 9, 2012",,,,,,,,,,,
U94 - Fire Orange 2,,NCSW - Black Novillo Leather,2013,WBSKG9C52DJ592851,,J592851,"MSRP.1,LRPE,ZCP,ZCW,ZPP.3,2MK,302,6FL,6NF,6NR,655",,,"Aug 10, 2012",,,,,,,,,,,
U94 - Fire Orange 2,,NDSW - Black Extended Novillo Leather,2013,WBSKG9C54DJ592852,,J592852,"MSRP.1,LRPE,ZCP,ZCW,ZPP.3,302,5AC,6FL,6NF,6NR,655,752",,,"Aug 9, 2012",1100,,,,,,,,,,
U94 - Fire Orange 2,,NCSW - Black Novillo Leather,2013,WBSKG9C56DJ592853,,J592853,"MSRP.1,LRPE,ZCP,ZPP.3,2MK,302,494,6FL,6NF,6NR,752",,,"Aug 9, 2012",,,,,,,,,,,
U94 - Fire Orange 2,,NCSW - Black Novillo Leather,2013,WBSKG9C58DJ592854,,J592854,"MSRP.1,LRPE,ZCP,ZPP.3,2MK,302,494,6FL,6NF,6NR,655,752",,,"Aug 9, 2012",,,,,,,,,,,
U94 - Fire Orange 2,,NCSW - Black Novillo Leather,2013,WBSKG9C5XDJ592855,,J592855,"MSRP.1,LRPE,ZCP,ZPP.3,2MK,302,6FL,6NF,6NR,655",,,"Aug 9, 2012",,,,,,,,,,,
U94 - Fire Orange 2,,NDSW - Black Extended Novillo Leather,2013,WBSKG9C51DJ592856,,J592856,"MSRP.1,LRPE,ZCP,ZPP.3,2MK,326,494,655,6NR,752",,,"Sep 4, 2012",2000,,,,,,,,,,
U94 - Fire Orange 2,,NCSW - Black Novillo Leather,2013,WBSKG9C53DJ592857,,J592857,"MSRP.1,LRPE,ZCP,ZCW,ZPP.3,302,5AC,6FL,655,752",,,"Aug 10, 2012",,,,,,,,,,,
U94 - Fire Orange 2,,NCSW - Black Novillo Leather,2013,WBSKG9C55DJ592858,,J592858,"MSRP.1,LRPE,ZCP,302,4MY,6FL",,,"Aug 10, 2012",950,,,,,,,,,,
490 - Special Paint,,GEAT - Anthracite/Black Cloth & Leather,2013,WBSKG9C57DJ592859,,J592859,"MSRP.1,ZCP,ZPP.3,302,494,6FL,6NF,6NR",,,"Aug 10, 2012",550,,,,,,,,,,
U94 - Fire Orange 2,,NCSW - Black Novillo Leather,2013,WBSKG9C53DJ592860,,J592860,"MSRP.1,LRPE,ZCP,ZPP.3,2MK,302,494,6FL,6NF,6NR",,,"Aug 10, 2012",,,,,,,,,,,
A73 - Jerez Black Metallic,,NCH2 - Fox Red Novillo Leather,2013,WBSKG9C55DJ592861,,J592861,"MSRP.1,ZCP,2MK,302,322,403,494,4MY,6FL",,,"Aug 1, 2012",550/950,,,,,,,,,,
A73 - Jerez Black Metallic,,NDH3 - Beige Novillo Extended Leather,2013,WBSKG9C57DJ592862,,J592862,"MSRP.1,ZCP,ZPP.1,2MK,302,6FL,752",,,"Aug 1, 2012",550/1100,,,,,,,,,,
668 - Jet Black,,NCH2 - Fox Red Novillo Leather,2013,WBSKG9C59DJ592863,,J592863,"MSRP.1,302,322,403,494,609,6FL,771",,,"Aug 2, 2012",950,,,,,,,,,,
300 - Alpine White,,NCH5 - Fox Red/Black Novillo Leather,2013,WBSKG9C50DJ592864,,J592864,"MSRP.1,ZCP,ZPP.1,2MK,302,6FL",,,"Aug 2, 2012",,,,,,,,,,,
300 - Alpine White,,NCSW - Black Novillo Leather,2013,WBSKG9C52DJ592865,,J592865,"MSRP.1,ZCP,ZPP.3,2MK,302,494,5AC,6FL,6NF,6NR,655,752",,,"Aug 2, 2012",,,,,,,,,,,
300 - Alpine White,,NCSW - Black Novillo Leather,2013,WBSKG9C54DJ592866,,J592866,"MSRP.1,ZCP,ZPP.3,2MK,302,494,6FL,6NF,6NR,655,752",,,"Aug 2, 2012",,,,,,,,,,,
300 - Alpine White,,NDH2 - Fox Red Extended Leather,2013,WBSKG9C56DJ592867,,J592867,"MSRP.1,ZCP,ZPP.3,302,494,6FL,752",,,"Aug 2, 2012",1100,,,,,,,,,,
A52 - Space Gray Metallic,,NCSW - Black Novillo Leather,2013,WBSKG9C58DJ592868,,J592868,"MSRP.1,ZCP,ZPP.3,302,494,6FL,655",,,"Aug 2, 2012",550,,,,,,,,,,
300 - Alpine White,,NCSW - Black Novillo Leather,2013,WBSKG9C5XDJ592869,,J592869,"MSRP.1,ZCP,ZCW,ZPP.3,302,5AC,6FL,655,752",,,"Aug 2, 2012",,,,,,,,,,,
300 - Alpine White,,NCSW - Black Novillo Leather,2013,WBSKG9C56DJ592870,,J592870,"MSRP.1,ZCP,ZPP.3,2MK,302,6FL,6NF,6NR,752",,,"Aug 2, 2012",,,,,,,,,,,
A52 - Space Gray Metallic,,NCSW - Black Novillo Leather,2013,WBSKG9C58DJ592871,,J592871,"MSRP.1,ZCP,ZPP.1,302,6FL",,,"Aug 2, 2012",550,,,,,,,,,,
A52 - Space Gray Metallic,,NCSW - Black Novillo Leather,2013,WBSKG9C5XDJ592872,,J592872,"MSRP.1,ZCW,2MK,2MT.1,302,322,4MY,609,6FL,6NF,6NR",,,"Aug 2, 2012",550/950,,CAN,,,,,,,,
300 - Alpine White,,NCH2 - Fox Red Novillo Leather,2013,WBSKG9C51DJ592873,,J592873,"MSRP.1,ZPP.3,2MK,302,494,6FL",,,"Aug 2, 2012",,,,,,,,,,,
A96 - Mineral White Metallic,,NCH3 - Beige Novillo Leather,2013,WBSKG9C53DJ592874,,J592874,"MSRP.1,ZCP,ZPP.3,2MK,302,494,6FL,655",,,"Aug 2, 2012",,,,,,,,,,,
A96 - Mineral White Metallic,,NCSW - Black Novillo Leather,2013,WBSKG9C55DJ592875,,J592875,"MSRP.1,ZCP,ZCW,ZPP.3,2MK,302,6FL,6NF,6NR,655",,,"Aug 2, 2012",,,,,,,,,,,
300 - Alpine White,,NCSW - Black Novillo Leather,2013,WBSKG9C57DJ592876,,J592876,"MSRP.1,ZCP,ZPP.1,302,6FL,6NF,6NR,655",,,"Aug 2, 2012",,,,,,,,,,,
A73 - Jerez Black Metallic,,NDSW - Black Extended Novillo Leather,2013,WBSKG9C59DJ592877,,J592877,"MSRP.1,ZCP,ZCW,ZPP.2,2MK,302,403,5AC,6FL,6NF,6NR,655,752",,,"Aug 2, 2012",550/1100,,,,,,,,,,
300 - Alpine White,,NCH1 - Silver Novillo Leather,2013,WBSKG9C50DJ592878,,J592878,"MSRP.1,ZCP,ZPP.3,302,494,6FL",,,"Aug 3, 2012",,,,,,,,,,,
A73 - Jerez Black Metallic,,NCH3 - Beige Novillo Leather,2013,WBSKG9C52DJ592879,,J592879,"MSRP.1,ZCP,ZPP.2,302,494,5AC,6FL,655",,,"Aug 3, 2012",550,,,,,,,,,,
A29 - Silverstone Metallic II,,GEAT - Anthracite/Black Cloth & Leather,2013,WBSKG9C59DJ592880,,J592880,"MSRP.1,ZCP,ZCW,302,322,4MY,507,609,6FL",,,"Aug 3, 2012",550,,,,,,,,,,
300 - Alpine White,,NCH3 - Beige Novillo Leather,2013,WBSKG9C50DJ592881,,J592881,"MSRP.1,ZCW,ZPP.3,2MK,302,6FL,752",,,"Aug 3, 2012",,,,,,,,,,,
300 - Alpine White,,NCH4 - Palladium/Black Novillo Leather,2013,WBSKG9C52DJ592882,,J592882,"MSRP.1,ZPP.3,2MK,2MT.1,302,494,6FL,6NF,6NR,655",,,"Aug 3, 2012",,,,,,,,,,,
300 - Alpine White,,NCH5 - Fox Red/Black Novillo Leather,2013,WBSKG9C54DJ592883,,J592883,"MSRP.1,ZCP,ZPP.3,2MK,302,494,5AC,6FL,6NF,6NR,655,752",,,"Aug 3, 2012",,,,,,,,,,,
300 - Alpine White,,NCSW - Black Novillo Leather,2013,WBSKG9C56DJ592884,,J592884,"MSRP.1,ZCP,ZPP.3,2MK,302,494,5AC,6FL,6NF,6NR,655,752",,,"Aug 3, 2012",,,,,,,,,,,
300 - Alpine White,,NCH2 - Fox Red Novillo Leather,2013,WBSKG9C58DJ592885,,J592885,"MSRP.1,ZCP,ZCW,ZPP.3,302,403,6FL,6NF,6NR,655,752",,,"Aug 3, 2012",,,,,,,,,,,
300 - Alpine White,,NDSW - Black Extended Novillo Leather,2013,WBSKG9C5XDJ592886,,J592886,"MSRP.1,ZCP,ZPP.3,2MK,302,494,6FL,655,752",,,"Aug 3, 2012",1100,,,,,,,,,,
A96 - Mineral White Metallic,,NDH2 - Fox Red Extended Leather,2013,WBSKG9C51DJ592887,,J592887,"MSRP.1,ZCP,ZCW,ZPP.3,2MK,302,5AC,6FL,6NF,6NR,655,752",,,"Aug 3, 2012",1100,,,,,,,,,,
300 - Alpine White,,NCH2 - Fox Red Novillo Leather,2013,WBSKG9C53DJ592888,,J592888,"MSRP.1,ZCP,2MK,302,4MY,6FL",,,"Aug 4, 2012",950,,,,,,,,,,
A75 - Melbourne Red Metallic,,GEAT - Anthracite/Black Cloth & Leather,2013,WBSKG9C55DJ592889,,J592889,"MSRP.1,302,4MY,6FL,655",,,"Aug 4, 2012",550,,,,,,,,,,
A75 - Melbourne Red Metallic,,NDSW - Black Extended Novillo Leather,2013,WBSKG9C51DJ592890,,J592890,"MSRP.1,ZCP,ZPP.1,302,494,6FL,6NF,6NR,752",,,"Aug 4, 2012",550/1100,,,,,,,,,,
300 - Alpine White,,NCSW - Black Novillo Leather,2013,WBSKG9C53DJ592891,,J592891,"MSRP.1,ZCP,ZCW,ZPP.3,2MK,302,6FL,6NF,6NR,655,752",,,"Aug 4, 2012",,,,,,,,,,,
381 - Le Mans Blue Metallic,,GEAT - Anthracite/Black Cloth & Leather,2013,WBSKG9C55DJ592892,,J592892,"MSRP.1,ZCW,302,403,4MY,6FL,655",,,"Aug 4, 2012",550,,,,,,,,,,
A96 - Mineral White Metallic,,NCH5 - Fox Red/Black Novillo Leather,2013,WBSKG9C57DJ592893,,J592893,"MSRP.1,ZCP,ZPP.3,2MK,302,6FL,6NF,6NR,655",,,"Aug 4, 2012",,,,,,,,,,,
A96 - Mineral White Metallic,,NCSW - Black Novillo Leather,2013,WBSKG9C59DJ592894,,J592894,"MSRP.1,ZCP,ZPP.3,2MK,302,494,6FL,6NF,6NR,655,752",,,"Aug 6, 2012",,,,,,,,,,,
381 - Le Mans Blue Metallic,,NCSW - Black Novillo Leather,2013,WBSKG9C50DJ592895,,J592895,"MSRP.1,ZCP,ZCW,2MK,302,322,4MY,609,6FL,6NF,6NR",,,"Aug 6, 2012",550/950,,CAN,,,,,,,,
A52 - Space Gray Metallic,,NCH5 - Fox Red/Black Novillo Leather,2013,WBSKG9C52DJ592896,,J592896,"MSRP.1,ZPP.3,2MK,302,6FL",,,"Aug 6, 2012",550,,,,,,,,,,
A52 - Space Gray Metallic,,NCSW - Black Novillo Leather,2013,WBSKG9C54DJ592897,,J592897,"MSRP.1,ZCP,ZPP.3,2MK,302,494,6FL,6NF,6NR,752",,,"Aug 6, 2012",550,,,,,,,,,,
A30 - Interlagos Blue Metallic,,GEAT - Anthracite/Black Cloth & Leather,2013,WBSKG9C56DJ592898,,J592898,"MSRP.1,ZCW,2MK,2MT.1,302,322,415,4MY,6FL",,,"Aug 6, 2012",550,,,,,,,,,,
668 - Jet Black,,NCH5 - Fox Red/Black Novillo Leather,2013,WBSKG9C58DJ592899,,J592899,"MSRP.1,ZCP,ZCW,ZPP.3,2MK,302,403,6FL,6NF,6NR,655,752",,,"Aug 7, 2012",,,,,,,,,,,
300 - Alpine White,,NCSW - Black Novillo Leather,2013,WBSKG9C50DJ592900,,J592900,"MSRP.1,ZCP,ZPP.3,2MK,302,403,6FL,655,752",,,"Aug 7, 2012",,,,,,,,,,,
A73 - Jerez Black Metallic,,NCSW - Black Novillo Leather,2013,WBSKG9C52DJ592901,,J592901,"MSRP.1,ZCP,ZCW,ZPP.3,2MK,302,403,6FL,6NF,6NR,655,752",,,"Aug 7, 2012",550,,,,,,,,,,
381 - Le Mans Blue Metallic,,Z1XX - Unknown Upholstery Code,2013,WBSKG9C54DJ592902,,J592902,"MSRP.1,ZCP,ZPP.3,2MK,302,494,5AC,6FL,6NF,6NR,752",,,"Aug 13, 2012",550,,,,,,,,,,
U94 - Fire Orange 2,,NDSW - Black Extended Novillo Leather,2013,WBSKG9C56DJ592903,,J592903,"MSRP.1,LRPE,ZCP,ZCW,ZPP.3,2MK,302,5AC,6FL,6NF,6NR,655,752",,,"Aug 13, 2012",1100,,,,,,,,,,
U94 - Fire Orange 2,,NDSW - Black Extended Novillo Leather,2013,WBSKG9C58DJ592904,,J592904,"MSRP.1,LRPE,ZCP,ZPP.3,2MK,302,6FL,655,752",,,"Sep 4, 2012",1100,,,,,,,,,,
U94 - Fire Orange 2,,NDSW - Black Extended Novillo Leather,2013,WBSKG9C5XDJ592905,,J592905,"MSRP.1,LRPE,ZCP,ZCW,2MK,302,322,415,4MY,507,609,6FL,6NF,6NR,655,752",,,"Aug 14, 2012",2000,,CAN,,,,,,,,
A96 - Mineral White Metallic,,NCSW - Black Novillo Leather,2013,WBSKG9C51DJ592906,,J592906,"MSRP.1,ZCP,ZCW,302,322,415,4MX,507,609,6FL,6NF,6NR,655,752",,,"Aug 14, 2012",950,,CAN,,,,,,,,
U94 - Fire Orange 2,,NDSW - Black Extended Novillo Leather,2013,WBSKG9C53DJ592907,,J592907,"MSRP.1,LRPE,ZCP,ZPP.3,302,494,6FL,6NF,6NR,752",,,"Aug 14, 2012",1100,,,,,,,,,,
U94 - Fire Orange 2,,NDSW - Black Extended Novillo Leather,2013,WBSKG9C55DJ592908,,J592908,"MSRP.1,LRPE,ZCP,ZCW,ZPP.3,2MK,302,5AC,6FL,6NF,6NR,655,752",,,"Aug 14, 2012",1100,,,,,,,,,,
U94 - Fire Orange 2,,NCSW - Black Novillo Leather,2013,WBSKG9C57DJ592909,,J592909,"MSRP.1,LRPE,ZCP,ZPP.3,2MK,302,494,6FL,752",,,"Aug 13, 2012",,,,,,,,,,,
U94 - Fire Orange 2,,NCSW - Black Novillo Leather,2013,WBSKG9C53DJ592910,,J592910,"MSRP.1,LRPE,ZCP,ZPP.3,2MK,302,6FL,6NF,6NR,752",,,"Aug 13, 2012",,,,,,,,,,,
U94 - Fire Orange 2,,NCSW - Black Novillo Leather,2013,WBSKG9C55DJ592911,,J592911,"MSRP.1,LRPE,ZCP,ZPP.3,2MK,302,494,6FL,6NF,6NR,655,752",,,"Aug 13, 2012",,,,,,,,,,,
U94 - Fire Orange 2,,NCSW - Black Novillo Leather,2013,WBSKG9C57DJ592912,,J592912,"MSRP.1,LRPE,ZCP,ZCW,ZPP.3,302,5AC,6FL,655,752",,,"Aug 14, 2012",,,,,,,,,,,
U94 - Fire Orange 2,,NCSW - Black Novillo Leather,2013,WBSKG9C59DJ592913,,J592913,"MSRP.1,LRPE,ZCP,ZCW,ZPP.3,2MK,302,6FL,6NF,6NR,655,752",,,"Aug 16, 2012",,,,,,,,,,,
U94 - Fire Orange 2,,GEAT - Anthracite/Black Cloth & Leather,2013,WBSKG9C50DJ592914,,J592914,"MSRP.1,LRPE,ZCP,ZCW,ZPP.3,302,6FL,655,752",,,"Aug 16, 2012",,,,,,,,,,,
U94 - Fire Orange 2,,NDSW - Black Extended Novillo Leather,2013,WBSKG9C52DJ592915,,J592915,"MSRP.1,LRPE,ZCP,ZCW,ZPP.3,2MK,302,5AC,6FL,6NF,6NR,655,752",,,"Aug 16, 2012",1100,,,,,,,,,,
U94 - Fire Orange 2,,GEAT - Anthracite/Black Cloth & Leather,2013,WBSKG9C54DJ592916,,J592916,"MSRP.1,LRPE,ZCP,ZCW,ZPP.3,302,6FL",,,"Aug 16, 2012",,,,,,,,,,,
U94 - Fire Orange 2,,NCSW - Black Novillo Leather,2013,WBSKG9C56DJ592917,,J592917,"MSRP.1,LRPE,ZCP,ZCW,ZPP.3,2MK,302,6FL,6NF,6NR,655,752",,,"Aug 14, 2012",,,,,,,,,,,
U94 - Fire Orange 2,,NDSW - Black Extended Novillo Leather,2013,WBSKG9C58DJ592918,,J592918,"MSRP.1,LRPE,ZCP,ZCW,ZPP.3,2MK,302,5AC,6FL,6NF,6NR,655",,,"Aug 16, 2012",1100,,,,,,,,,,
U94 - Fire Orange 2,,NCSW - Black Novillo Leather,2013,WBSKG9C5XDJ592919,,J592919,"MSRP.1,LRPE,ZCP,ZPP.3,2MK,302,494,5AC,6FL,6NF,6NR,655,752",,,"Aug 16, 2012",,,,,,,,,,,
U94 - Fire Orange 2,,GEAT - Anthracite/Black Cloth & Leather,2013,WBSKG9C56DJ592920,,J592920,"MSRP.1,LRPE,ZCP,ZPP.3,2MK,302,494,6FL,6NF,6NR,655,752",,,"Aug 17, 2012",,,,,,,,,,,
U94 - Fire Orange 2,,NCSW - Black Novillo Leather,2013,WBSKG9C58DJ592921,,J592921,"MSRP.1,LRPE,ZCP,ZPP.3,2MK,302,494,5AC,6FL,6NF,6NR,655,752",,,"Aug 16, 2012",,,,,,,,,,,
U94 - Fire Orange 2,,NDSW - Black Extended Novillo Leather,2013,WBSKG9C5XDJ592922,,J592922,"MSRP.1,LRPE,ZCP,ZPP.3,2MK,302,6FL,6NF,6NR,655",,,"Aug 16, 2012",1100,,,,,,,,,,
300 - Alpine White,,NCSW - Black Novillo Leather,2013,WBSKG9C51DJ592923,,J592923,"MSRP.1,494,507,609,6FL,655",,,"Aug 16, 2012",950,,,,,,,,,,
U94 - Fire Orange 2,,GEAT - Anthracite/Black Cloth & Leather,2013,WBSKG9C53DJ592924,,J592924,"MSRP.1,LRPE,ZCP,ZPP.3,302,494,6FL,6NF,6NR",,,"Aug 17, 2012",,,,,,,,,,,
U94 - Fire Orange 2,,NCSW - Black Novillo Leather,2013,WBSKG9C55DJ592925,,J592925,"MSRP.1,LRPE,ZCP,ZPP.3,2MK,302,494,6FL,6NF,6NR",,,"Aug 17, 2012",,,,,,,,,,,
U94 - Fire Orange 2,,GEAT - Anthracite/Black Cloth & Leather,2013,WBSKG9C57DJ592926,,J592926,"MSRP.1,LRPE,ZCP,302,322,494,4MY,507,6FL,655",,,"Aug 17, 2012",,,,,,,,,,,
U94 - Fire Orange 2,,GEAT - Anthracite/Black Cloth & Leather,2013,WBSKG9C59DJ592927,,J592927,"MSRP.1,LRPE,ZCP,2MK,302,4MY,6FL,655",,,"Aug 17, 2012",,,,,,,,,,,
U94 - Fire Orange 2,,NDSW - Black Extended Novillo Leather,2013,WBSKG9C50DJ592928,,J592928,"MSRP.1,LRPE,ZCP,ZPP.3,2MK,302,6FL,6NF,6NR,655,752",,,"Aug 17, 2012",1100,,,,,,,,,,
U94 - Fire Orange 2,,NDSW - Black Extended Novillo Leather,2013,WBSKG9C52DJ592929,,J592929,"MSRP.1,LRPE,ZCP,ZCW,ZPP.3,2MK,302,5AC,6FL,6NF,6NR,655,752",,,"Aug 17, 2012",1100,,,,,,,,,,
A96 - Mineral White Metallic,,NDH1 - Silver Novillo Extended Leather,2013,WBSKG9C59DJ592930,,J592930,"MSRP.1,ZPP.2,2MK,302,403,494,6FL,6NF,6NR,655,752",,,"Aug 8, 2012",1100,,,,,,,,,,
A52 - Space Gray Metallic,,NCH3 - Beige Novillo Leather,2013,WBSKG9C50DJ592931,,J592931,"MSRP.1,ZCP,ZPP.3,302,494,6FL,6NF,6NR,655",,,"Aug 8, 2012",550,,,,,,,,,,
A73 - Jerez Black Metallic,,NCSW - Black Novillo Leather,2013,WBSKG9C52DJ592932,,J592932,"MSRP.1,ZCP,ZCW,ZPP.3,2MK,302,6FL,6NF,6NR,752",,,"Aug 8, 2012",550,,,,,,,,,,
A52 - Space Gray Metallic,,NCSW - Black Novillo Leather,2013,WBSKG9C54DJ592933,,J592933,"MSRP.1,ZPP.1,2MK,2MT.1,302,403,494,6FL,6NF,6NR",,,"Aug 8, 2012",550,,,,,,,,,,
300 - Alpine White,,NCSW - Black Novillo Leather,2013,WBSKG9C56DJ592934,,J592934,"MSRP.1,ZCP,ZCW,ZPP.3,2MK,302,6FL,6NF,6NR,655,752",,,"Aug 8, 2012",,,,,,,,,,,
300 - Alpine White,,NCSW - Black Novillo Leather,2013,WBSKG9C58DJ592935,,J592935,"MSRP.1,ZCP,ZPP.3,2MK,302,494,6FL,655",,,"Aug 9, 2012",,,,,,,,,,,
300 - Alpine White,,NCH2 - Fox Red Novillo Leather,2013,WBSKG9C5XDJ592936,,J592936,"MSRP.1,ZCP,ZPP.3,2MK,302,494,6FL,752",,,"Aug 9, 2012",,,,,,,,,,,
668 - Jet Black,,NCSW - Black Novillo Leather,2013,WBSKG9C51DJ592937,,J592937,"MSRP.1,ZCP,ZCW,ZPP.3,2MK,302,6FL,6NF,6NR,655,752",,,"Aug 9, 2012",,,,,,,,,,,
300 - Alpine White,,NCH2 - Fox Red Novillo Leather,2013,WBSKG9C53DJ592938,,J592938,"MSRP.1,ZCP,ZCW,ZPP.3,2MK,302,6FL,6NF,6NR,752",,,"Aug 9, 2012",,,,,,,,,,,
A96 - Mineral White Metallic,,NCH2 - Fox Red Novillo Leather,2013,WBSKG9C55DJ592939,,J592939,"MSRP.1,ZCP,ZPP.3,2MK,302,494,6FL,6NF,6NR",,,"Aug 9, 2012",,,,,,,,,,,
A96 - Mineral White Metallic,,NDSW - Black Extended Novillo Leather,2013,WBSKG9C51DJ592940,,J592940,"MSRP.1,ZCP,ZCW,ZPP.3,2MK,302,5AC,6FL,6NF,6NR,655,752",,,"Aug 9, 2012",1100,,,,,,,,,,
A96 - Mineral White Metallic,,NCSW - Black Novillo Leather,2013,WBSKG9C53DJ592941,,J592941,"MSRP.1,ZCW,ZPP.3,2MK,302,6FL,6NF,6NR",,,"Aug 9, 2012",,,,,,,,,,,
300 - Alpine White,,NDH2 - Fox Red Extended Leather,2013,WBSKG9C55DJ592942,,J592942,"MSRP.1,ZCP,ZPP.3,2MK,302,494,5AC,6FL,6NF,6NR,752",,,"Aug 9, 2012",1100,,,,,,,,,,
A96 - Mineral White Metallic,,NDH3 - Beige Novillo Extended Leather,2013,WBSKG9C57DJ592943,,J592943,"MSRP.1,ZCP,ZCW,ZPP.3,2MK,302,403,5AC,6FL,6NF,6NR,655,752",,,"Aug 10, 2012",1100,,,,,,,,,,
A73 - Jerez Black Metallic,,NCSW - Black Novillo Leather,2013,WBSKG9C59DJ592944,,J592944,"MSRP.1,ZCP,ZCW,ZPP.2,2MK,302,5AC,6FL,6NF,6NR,752",,,"Aug 10, 2012",550,,,,,,,,,,
A73 - Jerez Black Metallic,,NCSW - Black Novillo Leather,2013,WBSKG9C50DJ592945,,J592945,"MSRP.1,ZCP,ZCW,ZPP.3,2MK,302,403,6FL,6NF,6NR,655,752",,,"Aug 10, 2012",550,,,,,,,,,,
A73 - Jerez Black Metallic,,NCH2 - Fox Red Novillo Leather,2013,WBSKG9C52DJ592946,,J592946,"MSRP.1,ZPP.2,2MK,2MT.1,302,494,6FL",,,"Aug 10, 2012",550,,,,,,,,,,
A52 - Space Gray Metallic,,NCSW - Black Novillo Leather,2013,WBSKG9C54DJ592947,,J592947,"MSRP.1,ZCP,ZCW,ZPP.2,2MK,302,403,6FL,6NF,6NR,655,752",,,"Aug 10, 2012",550,,,,,,,,,,
300 - Alpine White,,NCH5 - Fox Red/Black Novillo Leather,2013,WBSKG9C56DJ592948,,J592948,"MSRP.1,ZCP,ZPP.3,302,6FL,6NF,6NR,655",,,"Aug 10, 2012",,,,,,,,,,,
300 - Alpine White,,GEAT - Anthracite/Black Cloth & Leather,2013,WBSKG9C58DJ592949,,J592949,"MSRP.1,ZCP,302,6FL,771",,,"Aug 11, 2012",,,,,,,,,,,
668 - Jet Black,,NCH5 - Fox Red/Black Novillo Leather,2013,WBSKG9C54DJ592950,,J592950,"MSRP.1,ZCP,ZPP.3,2MK,302,494,5AC,6FL,6NF,6NR,655,752",,,"Aug 11, 2012",,,,,,,,,,,
668 - Jet Black,,NCH2 - Fox Red Novillo Leather,2013,WBSKG9C56DJ592951,,J592951,"MSRP.1,ZCP,ZCW,ZPP.3,2MK,302,6FL,6NF,6NR,655,752",,,"Aug 11, 2012",,,,,,,,,,,
300 - Alpine White,,NDSW - Black Extended Novillo Leather,2013,WBSKG9C58DJ592952,,J592952,"MSRP.1,ZCP,ZPP.1,302,494,6FL,655",,,"Aug 11, 2012",1100,,,,,,,,,,
300 - Alpine White,,NDSW - Black Extended Novillo Leather,2013,WBSKG9C5XDJ592953,,J592953,"MSRP.1,ZCP,ZCW,2MK,302,322,415,4MY,507,609,6FL,6NF,6NR,655,752",,,"Aug 13, 2012",2000,,CAN,,,,,,,,
668 - Jet Black,,NCSW - Black Novillo Leather,2013,WBSKG9C51DJ592954,,J592954,"MSRP.1,ZCP,ZCW,302,322,4MX,609,6FL,6NF,6NR",,,"Aug 13, 2012",950,,CAN,,,,,,,,
A30 - Interlagos Blue Metallic,,NCH1 - Silver Novillo Leather,2013,WBSKG9C53DJ592955,,J592955,"MSRP.1,ZCP,ZPP.1,2MK,302,403,494,6FL,6NF,6NR,752",,,"Aug 13, 2012",550,,,,,,,,,,
A75 - Melbourne Red Metallic,,NCH2 - Fox Red Novillo Leather,2013,WBSKG9C55DJ592956,,J592956,"MSRP.1,ZCW,ZPP.3,2MK,2MT.1,302,403,5AC,6FL",,,"Aug 14, 2012",550,,,,,,,,,,
A73 - Jerez Black Metallic,,NDH3 - Beige Novillo Extended Leather,2013,WBSKG9C57DJ592957,,J592957,"MSRP.1,ZPP.3,2MK,302,403,494,6FL,6NF,6NR",,,"Aug 14, 2012",550/1100,,,,,,,,,,
A73 - Jerez Black Metallic,,NCH1 - Silver Novillo Leather,2013,WBSKG9C59DJ592958,,J592958,"MSRP.1,302,403,4MY,609,6FL",,,"Aug 14, 2012",550/950,,,,,,,,,,
300 - Alpine White,,NCSW - Black Novillo Leather,2013,WBSKG9C50DJ592959,,J592959,"MSRP.1,ZCP,ZPP.3,2MK,302,494,6FL,6NF,6NR,655,752",,,"Aug 14, 2012",,,,,,,,,,,
300 - Alpine White,,GEAT - Anthracite/Black Cloth & Leather,2013,WBSKG9C57DJ592960,,J592960,"MSRP.1,ZCP,ZCW,ZPP.3,302,6FL,6NF,6NR,655,752",,,"Aug 16, 2012",,,,,,,,,,,
A96 - Mineral White Metallic,,NCH5 - Fox Red/Black Novillo Leather,2013,WBSKG9C59DJ592961,,J592961,"MSRP.1,ZCP,ZCW,ZPP.3,2MK,302,6FL,6NF,6NR,655,752",,,"Aug 16, 2012",,,,,,,,,,,
A96 - Mineral White Metallic,,NCH5 - Fox Red/Black Novillo Leather,2013,WBSKG9C50DJ592962,,J592962,"MSRP.1,2MT.1,302,403,4MY,6FL",,,"Aug 16, 2012",950,,,,,,,,,,
300 - Alpine White,,NCSW - Black Novillo Leather,2013,WBSKG9C52DJ592963,,J592963,"MSRP.1,ZCW,ZPP.3,302,403,6FL",,,"Aug 16, 2012",,,,,,,,,,,
U94 - Fire Orange 2,,GEAT - Anthracite/Black Cloth & Leather,2013,WBSKG9C54DJ592964,,J592964,"MSRP.1,LRPE,ZCP,2MK,302,4MY,609,6FL,6NF,6NR,655",,,"Aug 20, 2012",,,,,,,,,,,
U94 - Fire Orange 2,,NCSW - Black Novillo Leather,2013,WBSKG9C56DJ592965,,J592965,"MSRP.1,LRPE,ZCP,ZCW,ZPP.3,2MK,302,6FL,655,752",,,"Aug 20, 2012",,,,,,,,,,,
U94 - Fire Orange 2,,NDSW - Black Extended Novillo Leather,2013,WBSKG9C58DJ592966,,J592966,"MSRP.1,LRPE,ZCP,ZCW,ZPP.3,2MK,302,5AC,6FL,6NF,6NR,655,752",,,"Aug 20, 2012",1100,,,,,,,,,,
U94 - Fire Orange 2,,NDSW - Black Extended Novillo Leather,2013,WBSKG9C5XDJ592967,,J592967,"MSRP.1,LRPE,ZCP,ZCW,ZPP.3,302,5AC,6FL,6NF,6NR,655,752",,,"Aug 18, 2012",1100,,,,,,,,,,
U94 - Fire Orange 2,,NDSW - Black Extended Novillo Leather,2013,WBSKG9C51DJ592968,,J592968,"MSRP.1,LRPE,ZCP,ZCW,ZPP.3,302,6FL,6NF,6NR,655,752",,,"Aug 21, 2012",1100,,,,,,,,,,
U94 - Fire Orange 2,,NCSW - Black Novillo Leather,2013,WBSKG9C53DJ592969,,J592969,"MSRP.1,LRPE,ZCP,ZCW,ZPP.3,302,5AC,6FL,6NF,6NR,655,752",,,"Aug 21, 2012",,,,,,,,,,,
U94 - Fire Orange 2,,NCSW - Black Novillo Leather,2013,WBSKG9C5XDJ592970,,J592970,"MSRP.1,LRPE,ZCP,ZCW,ZPP.3,2MK,302,6FL,6NF,6NR,655,752",,,"Aug 20, 2012",,,,,,,,,,,
U94 - Fire Orange 2,,NCSW - Black Novillo Leather,2013,WBSKG9C51DJ592971,,J592971,"MSRP.1,LRPE,ZCP,ZPP.3,302,6FL,6NF,6NR,655,752",,,"Aug 20, 2012",,,,,,,,,,,
U94 - Fire Orange 2,,NCSW - Black Novillo Leather,2013,WBSKG9C53DJ592972,,J592972,"MSRP.1,LRPE,ZCP,ZCW,ZPP.3,2MK,302,6FL,6NF,6NR,655,752",,,"Aug 20, 2012",,,,,,,,,,,
W93 - Frozen Brilliant White Metallic,,NDSW - Black Extended Novillo Leather,2013,WBSKG9C55DJ592973,,J592973,"MSRP.1,ZCP,ZPP.3,2MK,302,494,5AC,6FL,6NF,6NR,655,752",,,"Aug 20, 2012",1100,,,,,,,,,,
U94 - Fire Orange 2,,NDSW - Black Extended Novillo Leather,2013,WBSKG9C57DJ592974,,J592974,"MSRP.1,LRPE,ZCP,ZPP.3,2MK,302,494,6FL,6NF,6NR,655,752",,,"Aug 22, 2012",1100,,,,,,,,,,
U94 - Fire Orange 2,,NDSW - Black Extended Novillo Leather,2013,WBSKG9C59DJ592975,,J592975,"MSRP.1,LRPE,ZCP,ZCW,ZPP.3,2MK,302,5AC,6FL,6NF,6NR,655,752",,,"Aug 21, 2012",1100,,,,,,,,,,
U94 - Fire Orange 2,,GEAT - Anthracite/Black Cloth & Leather,2013,WBSKG9C50DJ592976,,J592976,"MSRP.1,LRPE,ZCP,ZCW,ZPP.3,2MK,302,6FL",,,"Aug 21, 2012",,,,,,,,,,,
U94 - Fire Orange 2,,NCSW - Black Novillo Leather,2013,WBSKG9C52DJ592977,,J592977,"MSRP.1,LRPE,ZCP,ZCW,ZPP.3,2MK,302,5AC,6FL,6NF,6NR,655,752",,,"Aug 21, 2012",,,,,,,,,,,
U94 - Fire Orange 2,,NCSW - Black Novillo Leather,2013,WBSKG9C54DJ592978,,J592978,"MSRP.1,LRPE,ZCP,ZPP.3,2MK,302,494,6FL,655",,,"Aug 21, 2012",,,,,,,,,,,
U94 - Fire Orange 2,,NCSW - Black Novillo Leather,2013,WBSKG9C56DJ592979,,J592979,"MSRP.1,LRPE,ZCP,ZCW,ZPP.3,2MK,302,6FL,6NF,6NR,655,752",,,"Aug 22, 2012",,,,,,,,,,,
W93 - Frozen Brilliant White Metallic,,NDSW - Black Extended Novillo Leather,2013,WBSKG9C52DJ592980,,J592980,"MSRP.1,ZCP,ZPP.3,2MK,302,494,6FL,6NF,6NR,655,752",,,"Aug 23, 2012",1100,,,,,,,,,,
U94 - Fire Orange 2,,GEAT - Anthracite/Black Cloth & Leather,2013,WBSKG9C54DJ592981,,J592981,"MSRP.1,LRPE,ZCP,ZCW,ZPP.3,2MK,302,6FL,6NF,6NR,655,752",,,"Aug 22, 2012",,,,,,,,,,,
U94 - Fire Orange 2,,NCSW - Black Novillo Leather,2013,WBSKG9C56DJ592982,,J592982,"MSRP.1,LRPE,ZCP,ZCW,ZPP.3,2MK,302,5AC,6FL,6NF,6NR,655,752",,,"Aug 22, 2012",,,,,,,,,,,
U94 - Fire Orange 2,,GEAT - Anthracite/Black Cloth & Leather,2013,WBSKG9C58DJ592983,,J592983,"MSRP.1,LRPE,ZCP,302,494,4MY,609,6FL,6NF,6NR",,,"Aug 23, 2012",,,,,,,,,,,
U94 - Fire Orange 2,,NCSW - Black Novillo Leather,2013,WBSKG9C5XDJ592984,,J592984,"MSRP.1,LRPE,ZCP,ZPP.3,302,494,6FL,655",,,"Aug 23, 2012",,,,,,,,,,,
U94 - Fire Orange 2,,NDSW - Black Extended Novillo Leather,2013,WBSKG9C51DJ592985,,J592985,"MSRP.1,LRPE,ZCP,ZCW,ZPP.3,2MK,302,5AC,6FL,6NF,6NR,655,752",,,"Aug 24, 2012",1100,,,,,,,,,,
U94 - Fire Orange 2,,NDSW - Black Extended Novillo Leather,2013,WBSKG9C53DJ592986,,J592986,"MSRP.1LRPE,,ZCP,ZCW,ZPP.3,302,5AC,6FL,6NF,6NR,655,752",,,"Aug 24, 2012",1100,,,,,,,,,,
U94 - Fire Orange 2,,NDSW - Black Extended Novillo Leather,2013,WBSKG9C55DJ592987,,J592987,"MSRP.1,LRPE,ZCP,ZPP.3,2MK,302,494,6FL,6NF,6NR,655,752",,,"Aug 24, 2012",1100,,,,,,,,,,
U94 - Fire Orange 2,,NCSW - Black Novillo Leather,2013,WBSKG9C57DJ592988,,J592988,"MSRP.1,LRPE,ZCP,ZPP.3,302,494,5AC,6FL,6NF,6NR,655,752",,,"Aug 23, 2012",,,,,,,,,,,
U94 - Fire Orange 2,,NDSW - Black Extended Novillo Leather,2013,WBSKG9C59DJ592989,,J592989,"MSRP.1,LRPE,ZCP,ZPP.3,2MK,302,494,5AC,6FL,6NF,6NR,655,752",,,"Aug 23, 2012",1100,,,,,,,,,,
448 - Ind. Lauguna Seca Blue,,NCSW - Black Novillo Leather,2013,WBSKG9C55DJ592990,,J592990,"MSRP.1,IND,ZCP,ZPP.3,2MK,302,494,6FL,6NF,6NR,655,752",,,"Aug 23, 2012",,,,,,,,,,,
B05 - Monte Carlo Blue,,GEAT - Anthracite/Black Cloth & Leather,2013,WBSKG9C57DJ592991,,J592991,"MSRP.1,IND,302,6FL,771",,,"Aug 23, 2012",,,,,,,,,,,
A29 - Silverstone Metallic II,,NCSW - Black Novillo Leather,2013,WBSKG9C59DJ592992,,J592992,"MSRP.1,ZCP,ZPP.3,2MK,302,494,6FL,6NF,6NR,752",,,"Aug 16, 2012",550,,,,,,,,,,
A52 - Space Gray Metallic,,NCSW - Black Novillo Leather,2013,WBSKG9C50DJ592993,,J592993,"MSRP.1,ZCP,ZCW,ZPP.3,302,6FL,6NF,6NR,655",,,"Aug 16, 2012",550,,,,,,,,,,
A52 - Space Gray Metallic,,NCH4 - Palladium/Black Novillo Leather,2013,WBSKG9C52DJ592994,,J592994,"MSRP.1,ZCP,ZPP.3,2MK,302,494,6FL,6NF,6NR,655,752",,,"Aug 16, 2012",550,,,,,,,,,,
668 - Jet Black,,NCH5 - Fox Red/Black Novillo Leather,2013,WBSKG9C54DJ592995,,J592995,"MSRP.1,ZCP,ZPP.3,302,403,494,6FL,6NF,6NR,655,752",,,"Aug 17, 2012",,,,,,,,,,,
A52 - Space Gray Metallic,,NCSW - Black Novillo Leather,2013,WBSKG9C56DJ592996,,J592996,"MSRP.1,ZCP,ZPP.3,2MK,302,494,6FL,6NF,6NR,655,752",,,"Aug 17, 2012",550,,,,,,,,,,
A73 - Jerez Black Metallic,,NCH5 - Fox Red/Black Novillo Leather,2013,WBSKG9C58DJ592997,,J592997,"MSRP.1,ZCP,ZPP.3,2MK,302,6FL,6NF,6NR,752",,,"Aug 17, 2012",550,,,,,,,,,,
300 - Alpine White,,NCSW - Black Novillo Leather,2013,WBSKG9C5XDJ592998,,J592998,"MSRP.1,2MK,302,322,609,6FL,6NF,6NR,771",,,"Aug 17, 2012",950,,,,,,,,,,
A96 - Mineral White Metallic,,NCH2 - Fox Red Novillo Leather,2013,WBSKG9C51DJ592999,,J592999,"MSRP.1,ZCP,ZCW,2MK,302,322,415,4MY,507,609,6FL,6NF,6NR,655,752",,,"Aug 18, 2012",950,,CAN,,,,,,,,
A29 - Silverstone Metallic II,,NCSW - Black Novillo Leather,2013,WBSKG9C52DJ593000,,J593000,"MSRP.1,ZCP,ZCW,ZPP.3,2MK,302,6FL,6NF,6NR,655,752",,,"Aug 17, 2012",550,,,,,,,,,,
381 - Le Mans Blue Metallic,,NCSW - Black Novillo Leather,2013,WBSKG9C54DJ593001,,J593001,"MSRP.1,ZCP,ZPP.1,2MK,302,494,6FL,6NF,6NR",,,"Aug 18, 2012",550,,,,,,,,,,
A73 - Jerez Black Metallic,,NCSW - Black Novillo Leather,2013,WBSKG9C56DJ593002,,J593002,"MSRP.1,ZCP,ZPP.3,2MK,302,494,6FL,752",,,"Aug 18, 2012",550,,,,,,,,,,
A73 - Jerez Black Metallic,,NCH4 - Palladium/Black Novillo Leather,2013,WBSKG9C58DJ593003,,J593003,"MSRP.1,ZCP,ZCW,ZPP.3,2MK,302,6FL,6NF,6NR,655,752",,,"Aug 18, 2012",550,,,,,,,,,,
A73 - Jerez Black Metallic,,NCH2 - Fox Red Novillo Leather,2013,WBSKG9C5XDJ593004,,J593004,"MSRP.1,ZCP,ZCW,ZPP.3,2MK,302,6FL,6NF,6NR,655",,,"Aug 18, 2012",550,,,,,,,,,,
A52 - Space Gray Metallic,,NDSW - Black Extended Novillo Leather,2013,WBSKG9C51DJ593005,,J593005,"MSRP.1,ZCP,ZCW,ZPP.1,2MK,302,403,6FL,6NF,6NR,655",,,"Aug 18, 2012",550/1100,,,,,,,,,,
A73 - Jerez Black Metallic,,NCSW - Black Novillo Leather,2013,WBSKG9C53DJ593006,,J593006,"MSRP.1,ZCP,ZPP.1,302,6FL",,,"Aug 18, 2012",550,,,,,,,,,,
A73 - Jerez Black Metallic,,GEAT - Anthracite/Black Cloth & Leather,2013,WBSKG9C55DJ593007,,J593007,"MSRP.1,ZCP,2MK,302,322,494,4MX,609,6FL",,,"Aug 18, 2012",550,,,,,,,,,,
A73 - Jerez Black Metallic,,NCH5 - Fox Red/Black Novillo Leather,2013,WBSKG9C57DJ593008,,J593008,"MSRP.1,ZCP,ZPP.3,2MK,302,494,6FL,6NF,6NR,655,752",,,"Aug 18, 2012",550,,,,,,,,,,
A73 - Jerez Black Metallic,,NCSW - Black Novillo Leather,2013,WBSKG9C59DJ593009,,J593009,"MSRP.1,ZCW,2MK,2MT.1,302,322,403,415,4MX,507,609,6FL,6NF,6NR,655,752",,,"Aug 18, 2012",550/950,,CAN,,,,,,,,
A73 - Jerez Black Metallic,,NCH4 - Palladium/Black Novillo Leather,2013,WBSKG9C55DJ593010,,J593010,"MSRP.1,ZCP,ZPP.3,2MK,302,494,6FL,6NF,6NR,655,752",,,"Aug 20, 2012",550,,,,,,,,,,
A73 - Jerez Black Metallic,,NCSW - Black Novillo Leather,2013,WBSKG9C57DJ593011,,J593011,"MSRP.1,ZCP,ZCW,ZPP.3,2MK,302,6FL,6NF,6NR,655,752",,,"Aug 20, 2012",550,,,,,,,,,,
668 - Jet Black,,NCSW - Black Novillo Leather,2013,WBSKG9C59DJ593012,,J593012,"MSRP.1,ZCP,ZPP.3,2MK,302,494,5AC,6FL,6NF,6NR,655,752",,,"Aug 20, 2012",,,,,,,,,,,
668 - Jet Black,,NCSW - Black Novillo Leather,2013,WBSKG9C50DJ593013,,J593013,"MSRP.1,ZCW,ZPP.1,302,6FL,6NF,6NR,752",,,"Aug 20, 2012",,,,,,,,,,,
300 - Alpine White,,NCSW - Black Novillo Leather,2013,WBSKG9C52DJ593014,,J593014,"MSRP.1,ZCP,ZCW,ZPP.3,2MK,302,6FL,6NF,6NR,752",,,"Aug 20, 2012",,,,,,,,,,,
668 - Jet Black,,NCSW - Black Novillo Leather,2013,WBSKG9C54DJ593015,,J593015,"MSRP.1,ZCP,ZPP.3,2MK,302,5AC,6FL,6NF,6NR,655,752",,,"Aug 20, 2012",,,,,,,,,,,
300 - Alpine White,,NCH4 - Palladium/Black Novillo Leather,2013,WBSKG9C56DJ593016,,J593016,"MSRP.1,ZCP,ZPP.3,2MK,302,403,494,6FL,6NF,6NR,655,752",,,"Aug 20, 2012",,,,,,,,,,,
668 - Jet Black,,NCH5 - Fox Red/Black Novillo Leather,2013,WBSKG9C58DJ593017,,J593017,"MSRP.1,ZCP,ZPP.3,2MK,302,6FL,752",,,"Aug 20, 2012",,,,,,,,,,,
300 - Alpine White,,NCSW - Black Novillo Leather,2013,WBSKG9C5XDJ593018,,J593018,"MSRP.1,ZCP,ZCW,ZPP.3,302,403,6FL,655,752",,,"Aug 20, 2012",,,,,,,,,,,
668 - Jet Black,,NCH4 - Palladium/Black Novillo Leather,2013,WBSKG9C51DJ593019,,J593019,"MSRP.1,ZCP,ZPP.3,2MK,302,494,5AC,6FL,6NF,6NR,655,752",,,"Aug 20, 2012",,,,,,,,,,,
300 - Alpine White,,NCSW - Black Novillo Leather,2013,WBSKG9C58DJ593020,,J593020,"MSRP.1,ZCP,ZCW,ZPP.3,302,403,6FL,6NF,6NR,655,752",,,"Aug 20, 2012",,,,,,,,,,,
A96 - Mineral White Metallic,,NDH2 - Fox Red Extended Leather,2013,WBSKG9C5XDJ593021,,J593021,"MSRP.1,ZCP,ZCW,ZPP.3,2MK,302,5AC,6FL,6NF,6NR,655,752",,,"Aug 21, 2012",1100,,,,,,,,,,
A52 - Space Gray Metallic,,NDH3 - Beige Novillo Extended Leather,2013,WBSKG9C51DJ593022,,J593022,"MSRP.1,ZPP.2,2MK,2MT.1,302,6FL,6NF,6NR,655",,,"Aug 21, 2012",550/1100,,,,,,,,,,
A52 - Space Gray Metallic,,NCH5 - Fox Red/Black Novillo Leather,2013,WBSKG9C53DJ593023,,J593023,"MSRP.1,ZCP,ZPP.3,2MK,302,5AC,6FL,6NF,6NR,655,752",,,"Aug 21, 2012",550,,,,,,,,,,
A75 - Melbourne Red Metallic,,NCSW - Black Novillo Leather,2013,WBSKG9C55DJ593024,,J593024,"MSRP.1,ZCP,ZPP.3,2MK,302,494,6FL,6NF,6NR,655,752",,,"Aug 21, 2012",550,,,,,,,,,,
A52 - Space Gray Metallic,,NCH3 - Beige Novillo Leather,2013,WBSKG9C57DJ593025,,J593025,"MSRP.1,ZCP,ZCW,ZPP.3,2MK,302,403,5AC,6FL,6NF,6NR,655,752",,,"Aug 21, 2012",550,,,,,,,,,,
300 - Alpine White,,NCSW - Black Novillo Leather,2013,WBSKG9C59DJ593026,,J593026,"MSRP.1,ZCP,ZPP.3,2MK,302,403,494,6FL,6NF,6NR,655,752",,,"Aug 21, 2012",,,,,,,,,,,
A52 - Space Gray Metallic,,NCH2 - Fox Red Novillo Leather,2013,WBSKG9C50DJ593027,,J593027,"MSRP.1,ZCP,ZCW,2MK,302,322,415,4MY,507,5AC,609,6FL,6NF,6NR,655,752",,,"Aug 21, 2012",550/950,,,,,,,,,,
A75 - Melbourne Red Metallic,,NCH3 - Beige Novillo Leather,2013,WBSKG9C52DJ593028,,J593028,"MSRP.1,ZCP,ZPP.3,2MK,302,403,494,6FL,6NF,6NR,655,752",,,"Aug 21, 2012",550,,,,,,,,,,
300 - Alpine White,,NCSW - Black Novillo Leather,2013,WBSKG9C54DJ593029,,J593029,"MSRP.1,ZCW,ZPP.3,2MT.1,302,403,6FL,655",,,"Aug 21, 2012",,,,,,,,,,,
A96 - Mineral White Metallic,,NDH3 - Beige Novillo Extended Leather,2013,WBSKG9C50DJ593030,,J593030,"MSRP.1,ZPP.2,2MT.1,302,403,6FL,6NF,6NR,655",,,"Aug 21, 2012",1100,,,,,,,,,,
300 - Alpine White,,GEAT - Anthracite/Black Cloth & Leather,2013,WBSKG9C52DJ593031,,J593031,"MSRP.1,2MK,302,4MY,6FL",,,"Aug 21, 2012",,,,,,,,,,,
300 - Alpine White,,NCSW - Black Novillo Leather,2013,WBSKG9C54DJ593032,,J593032,"MSRP.1,ZCP,ZPP.3,2MK,302,494,6FL,6NF,6NR,655,752",,,"Aug 21, 2012",,,,,,,,,,,
300 - Alpine White,,NCSW - Black Novillo Leather,2013,WBSKG9C56DJ593033,,J593033,"MSRP.1,ZCP,ZPP.3,302,494,6FL",,,"Aug 21, 2012",,,,,,,,,,,
668 - Jet Black,,NCH4 - Palladium/Black Novillo Leather,2013,WBSKG9C58DJ593034,,J593034,"MSRP.1,ZCP,ZPP.3,2MK,302,403,494,6FL,6NF,6NR,655,752",,,"Aug 21, 2012",,,,,,,,,,,
A96 - Mineral White Metallic,,NDH2 - Fox Red Extended Leather,2013,WBSKG9C5XDJ593035,,J593035,"MSRP.1,ZCP,ZCW,ZPP.1,302,403,6FL,752",,,"Aug 21, 2012",1100,,,,,,,,,,
A96 - Mineral White Metallic,,NCSW - Black Novillo Leather,2013,WBSKG9C51DJ593036,,J593036,"MSRP.1,ZCP,ZCW,ZPP.1,2MK,302,5AC,6FL,6NF,6NR,752",,,"Aug 22, 2012",,,,,,,,,,,
668 - Jet Black,,NDSW - Black Extended Novillo Leather,2013,WBSKG9C53DJ593037,,J593037,"MSRP.1,ZCP,ZPP.3,302,5AC,6FL,6NF,6NR,655,752",,,"Aug 22, 2012",1100,,,,,,,,,,
668 - Jet Black,,NCSW - Black Novillo Leather,2013,WBSKG9C55DJ593038,,J593038,"MSRP.1,ZCP,ZCW,ZPP.3,2MK,302,403,6FL,6NF,6NR,655",,,"Aug 22, 2012",,,,,,,,,,,
300 - Alpine White,,NCSW - Black Novillo Leather,2013,WBSKG9C57DJ593039,,J593039,"MSRP.1,ZCP,ZPP.3,2MK,302,494,5AC,6FL,6NF,6NR,655,752",,,"Aug 22, 2012",,,,,,,,,,,
300 - Alpine White,,NCH1 - Silver Novillo Leather,2013,WBSKG9C53DJ593040,,J593040,"MSRP.1,ZPP.3,2MK,2MT.1,302,494,6FL,6NF,6NR,752",,,"Aug 22, 2012",,,,,,,,,,,
668 - Jet Black,,NCSW - Black Novillo Leather,2013,WBSKG9C55DJ593041,,J593041,"MSRP.1,ZCP,ZCW,ZPP.1,302,403,6FL,752",,,"Aug 22, 2012",,,,,,,,,,,
A73 - Jerez Black Metallic,,NCSW - Black Novillo Leather,2013,WBSKG9C57DJ593042,,J593042,"MSRP.1,ZCW,2MK,2MT.1,302,322,403,4MX,5AC,609,6FL,6NF,6NR",,,"Aug 22, 2012",550/950,,,,,,,,,,
668 - Jet Black,,NCSW - Black Novillo Leather,2013,WBSKG9C59DJ593043,,J593043,"MSRP.1,ZCP,ZCW,ZPP.1,302,403,6FL,6NF,6NR,655,752",,,"Aug 22, 2012",,,,,,,,,,,
300 - Alpine White,,NCH2 - Fox Red Novillo Leather,2013,WBSKG9C50DJ593044,,J593044,"MSRP.1,ZCP,ZPP.3,302,6FL",,,"Aug 22, 2012",,,,,,,,,,,
300 - Alpine White,,NCSW - Black Novillo Leather,2013,WBSKG9C52DJ593045,,J593045,"MSRP.1,ZCP,ZPP.3,2MK,302,494,6FL,6NF,6NR,655,752",,,"Aug 22, 2012",,,,,,,,,,,
A96 - Mineral White Metallic,,GEAT - Anthracite/Black Cloth & Leather,2013,WBSKG9C54DJ593046,,J593046,"MSRP.1,ZCP,2MK,302,415,507,609,6FL,6NF,6NR,771",,,"Aug 22, 2012",,,,,,,,,,,
668 - Jet Black,,NCSW - Black Novillo Leather,2013,WBSKG9C56DJ593047,,J593047,"MSRP.1,ZPP.3,2MK,2MT.1,302,403,494,6FL,655,752",,,"Aug 22, 2012",,,,,,,,,,,
A73 - Jerez Black Metallic,,NCSW - Black Novillo Leather,2013,WBSKG9C58DJ593048,,J593048,"MSRP.1,ZCP,ZCW,ZPP.3,2MK,302,6FL,6NF,6NR,655,752",,,"Aug 22, 2012",550,,,,,,,,,,
A73 - Jerez Black Metallic,,NCSW - Black Novillo Leather,2013,WBSKG9C5XDJ593049,,J593049,"MSRP.1,2MK,2MT.1,302,322,415,494,4MY,609,6FL,6NF,6NR,752",,,"Aug 22, 2012",550/950,,,,,,,,,,
A73 - Jerez Black Metallic,,NDH3 - Beige Novillo Extended Leather,2013,WBSKG9C56DJ593050,,J593050,"MSRP.1,ZCP,ZPP.2,2MK,302,494,6FL,6NF,6NR",,,"Aug 22, 2012",550/1100,,,,,,,,,,
A73 - Jerez Black Metallic,,NCH1 - Silver Novillo Leather,2013,WBSKG9C58DJ593051,,J593051,"MSRP.1,ZCP,ZPP.3,302,403,494,6FL,655,752",,,"Aug 22, 2012",550,,,,,,,,,,
A52 - Space Gray Metallic,,NCSW - Black Novillo Leather,2013,WBSKG9C5XDJ593052,,J593052,"MSRP.1,ZCP,ZPP.3,2MK,302,494,6FL,655,752",,,"Aug 22, 2012",550,,,,,,,,,,
A73 - Jerez Black Metallic,,NCSW - Black Novillo Leather,2013,WBSKG9C51DJ593053,,J593053,"MSRP.1,302,403,494,4MZ,507,609,6FL",,,"Aug 22, 2012",550/950,,,,,,,,,,
A52 - Space Gray Metallic,,NCSW - Black Novillo Leather,2013,WBSKG9C53DJ593054,,J593054,"MSRP.1,ZCP,ZPP.3,2MK,302,6FL,6NF,6NR,655",,,"Aug 23, 2012",550,,,,,,,,,,
A73 - Jerez Black Metallic,,NCSW - Black Novillo Leather,2013,WBSKG9C55DJ593055,,J593055,"MSRP.1,ZCP,ZCW,ZPP.1,302,403,5AC,6FL,6NF,6NR,655,752",,,"Aug 23, 2012",550,,,,,,,,,,
A73 - Jerez Black Metallic,,NCSW - Black Novillo Leather,2013,WBSKG9C57DJ593056,,J593056,"MSRP.1,ZCP,ZPP.3,2MK,302,403,6FL,655",,,"Aug 23, 2012",550,,,,,,,,,,
A73 - Jerez Black Metallic,,NCSW - Black Novillo Leather,2013,WBSKG9C59DJ593057,,J593057,"MSRP.1,ZCP,ZCW,ZPP.3,2MK,302,403,5AC,6FL,6NF,6NR,752",,,"Aug 23, 2012",550,,,,,,,,,,
A73 - Jerez Black Metallic,,NCH1 - Silver Novillo Leather,2013,WBSKG9C50DJ593058,,J593058,"MSRP.1,ZCP,ZCW,ZPP.1,2MK,302,403,6FL,655,752",,,"Aug 23, 2012",550,,,,,,,,,,
A52 - Space Gray Metallic,,NDH3 - Beige Novillo Extended Leather,2013,WBSKG9C52DJ593059,,J593059,"MSRP.1,ZCP,ZCW,ZPP.3,2MK,302,6FL,6NF,6NR,752",,,"Aug 23, 2012",550/1100,,,,,,,,,,
A73 - Jerez Black Metallic,,NDH2 - Fox Red Extended Leather,2013,WBSKG9C59DJ593060,,J593060,"MSRP.1,ZCP,ZCW,ZPP.3,2MK,302,403,6FL,6NF,6NR,655,752",,,"Aug 23, 2012",550/1100,,,,,,,,,,
A73 - Jerez Black Metallic,,NCSW - Black Novillo Leather,2013,WBSKG9C50DJ593061,,J593061,"MSRP.1,ZPP.3,2MK,2MT.1,302,494,5AC,6FL,6NF,6NR,752",,,"Aug 23, 2012",550,,,,,,,,,,
A73 - Jerez Black Metallic,,NCSW - Black Novillo Leather,2013,WBSKG9C52DJ593062,,J593062,"MSRP.1,302,4MX,6FL",,,"Aug 23, 2012",550/950,,,,,,,,,,
A73 - Jerez Black Metallic,,NCSW - Black Novillo Leather,2013,WBSKG9C54DJ593063,,J593063,"MSRP.1,ZCP,ZCW,ZPP.3,2MK,302,403,5AC,6FL,6NF,6NR,752",,,"Aug 23, 2012",550,,,,,,,,,,
U94 - Fire Orange 2,,GEAT - Anthracite/Black Cloth & Leather,2013,WBSKG9C56DJ593064,,J593064,"MSRP.1,LRPE,ZCP,ZPP.3,302,494,6FL,6NF,6NR",,,"Aug 25, 2012",,,,,,,,,,,
U94 - Fire Orange 2,,GEAT - Anthracite/Black Cloth & Leather,2013,WBSKG9C58DJ593065,,J593065,"MSRP.1,LRPE,ZCP,ZPP.3,2MK,302,494,6FL,6NF,6NR,655,752",,,"Aug 25, 2012",,,,,,,,,,,
U94 - Fire Orange 2,,NCSW - Black Novillo Leather,2013,WBSKG9C5XDJ593066,,J593066,"MSRP.1,LRPE,ZCP,ZCW,ZPP.3,2MK,302,6FL,6NF,6NR,655,752",,,"Aug 24, 2012",,,,,,,,,,,
U94 - Fire Orange 2,,NCSW - Black Novillo Leather,2013,WBSKG9C51DJ593067,,J593067,"MSRP.1,LRPE,ZCP,ZCW,ZPP.3,302,5AC,6FL,6NF,6NR,655,752",,,"Aug 24, 2012",,,,,,,,,,,
U94 - Fire Orange 2,,NCSW - Black Novillo Leather,2013,WBSKG9C53DJ593068,,J593068,"MSRP.1,LRPE,ZCP,ZCW,ZPP.3,2MK,302,6FL,6NF,6NR,655,752",,,"Aug 27, 2012",,,,,,,,,,,
U94 - Fire Orange 2,,NDSW - Black Extended Novillo Leather,2013,WBSKG9C55DJ593069,,J593069,"MSRP.1,LRPE,ZCP,ZCW,ZPP.3,2MK,302,6FL,6NF,6NR,655,752",,,"Aug 28, 2012",1100,,,,,,,,,,
U94 - Fire Orange 2,,NDSW - Black Extended Novillo Leather,2013,WBSKG9C51DJ593070,,J593070,"MSRP.1,LRPE,ZCP,ZCW,ZPP.3,2MK,302,5AC,6FL,6NF,6NR,655,752",,,"Aug 28, 2012",1100,,,,,,,,,,
300 - Alpine White,,GEAT - Anthracite/Black Cloth & Leather,2013,WBSKG9C53DJ593071,,J593071,"MSRP.1,494,507,609,6FL,655",,,"Aug 27, 2012",,,,,,,,,,,
U94 - Fire Orange 2,,NDSW - Black Extended Novillo Leather,2013,WBSKG9C55DJ593072,,J593072,"MSRP.1,LRPE,ZCP,ZPP.3,2MK,302,494,5AC,6FL,6NF,6NR,655,752",,,"Aug 27, 2012",1100,,,,,,,,,,
U94 - Fire Orange 2,,NCSW - Black Novillo Leather,2013,WBSKG9C57DJ593073,,J593073,"MSRP.1,LRPE,ZCP,ZPP.3,302,494,6FL,6NF,6NR,655,752",,,"Aug 29, 2012",,,,,,,,,,,
U94 - Fire Orange 2,,NDSW - Black Extended Novillo Leather,2013,WBSKG9C59DJ593074,,J593074,"MSRP.1,LRPE,ZCP,ZPP.3,2MK,302,6FL,6NF,6NR,752",,,"Aug 29, 2012",1100,,,,,,,,,,
U94 - Fire Orange 2,,NCSW - Black Novillo Leather,2013,WBSKG9C50DJ593075,,J593075,"MSRP.1,LRPE,ZCP,ZPP.3,2MK,302,494,6FL,6NF,6NR,655,752",,,"Aug 29, 2012",,,,,,,,,,,
U94 - Fire Orange 2,,NDSW - Black Extended Novillo Leather,2013,WBSKG9C52DJ593076,,J593076,"MSRP.1,LRPE,ZCP,ZCW,ZPP.3,2MK,302,5AC,6FL,6NF,6NR,655,752",,,"Aug 28, 2012",1100,,,,,,,,,,
U94 - Fire Orange 2,,NCSW - Black Novillo Leather,2013,WBSKG9C54DJ593077,,J593077,"MSRP.1,LRPE,ZCP,ZPP.3,2MK,302,494,5AC,6FL,6NF,6NR,655,752",,,"Aug 28, 2012",,,,,,,,,,,
337 - Dakar Yellow 2,,NDSW - Black Extended Novillo Leather,2013,WBSKG9C56DJ593078,,J593078,"MSRP.1,IND,ZCP,ZPP.3,2MK,302,494,5AC,6FL,6NF,6NR,655,752",,,"Aug 28, 2012",1100,,,,,,,,,,
W14 - Ind. Java Green Met.,,NDSW - Black Extended Novillo Leather,2013,WBSKG9C58DJ593079,,J593079,"MSRP.1,IND,ZCP,ZCW,ZPP.3,2MK,302,6FL,6NF,6NR,655,752",,,"Aug 28, 2012",1100,,,,,,,,,,
U94 - Fire Orange 2,,NCSW - Black Novillo Leather,2013,WBSKG9C54DJ593080,,J593080,"MSRP.1,LRPE,ZCP,ZPP.3,2MK,302,494,6FL,655,752",,,"Aug 29, 2012",,,,,,,,,,,
U94 - Fire Orange 2,,NDSW - Black Extended Novillo Leather,2013,WBSKG9C56DJ593081,,J593081,"MSRP.1,LRPE,ZCP,ZCW,ZPP.3,2MK,302,6FL,6NF,6NR,655,752",,,"Aug 30, 2012",1100,,,,,,,,,,
U94 - Fire Orange 2,,GEAT - Anthracite/Black Cloth & Leather,2013,WBSKG9C58DJ593082,,J593082,"MSRP.1,LRPE,ZCP,ZCW,ZPP.3,302,5AC,6FL,6NF,6NR,655,752",,,"Aug 30, 2012",,,,,,,,,,,
U94 - Fire Orange 2,,NCSW - Black Novillo Leather,2013,WBSKG9C5XDJ593083,,J593083,"MSRP.1,LRPE,ZCP,ZPP.3,2MK,302,494,6FL,6NF,6NR,655,752",,,"Aug 30, 2012",,,,,,,,,,,
U94 - Fire Orange 2,,GEAT - Anthracite/Black Cloth & Leather,2013,WBSKG9C51DJ593084,,J593084,"MSRP.1,LRPE,ZCP,ZPP.3,2MK,302,494,5AC,6FL,6NF,6NR,655,752",,,"Aug 29, 2012",,,,,,,,,,,
U94 - Fire Orange 2,,GEAT - Anthracite/Black Cloth & Leather,2013,WBSKG9C53DJ593085,,J593085,"MSRP.1,LRPE,ZCP,ZPP.3,302,494,6FL,6NF,6NR",,,"Aug 30, 2012",,,,,,,,,,,
U94 - Fire Orange 2,,GEAT - Anthracite/Black Cloth & Leather,2013,WBSKG9C55DJ593086,,J593086,"MSRP.1,LRPE,ZCP,ZCW,ZPP.3,302,5AC,6FL,6NF,6NR,655,752",,,"Aug 31, 2012",,,,,,,,,,,
U94 - Fire Orange 2,,NCSW - Black Novillo Leather,2013,WBSKG9C57DJ593087,,J593087,"MSRP.1,LRPE,ZCP,ZCW,ZPP.3,302,6FL,6NF,6NR,655,752",,,"Aug 30, 2012",,,,,,,,,,,
U94 - Fire Orange 2,,GEAT - Anthracite/Black Cloth & Leather,2013,WBSKG9C59DJ593088,,J593088,"MSRP.1,LRPE,ZCP,ZPP.3,302,494,6FL,655,752",,,"Aug 30, 2012",,,,,,,,,,,
U94 - Fire Orange 2,,NCSW - Black Novillo Leather,2013,WBSKG9C50DJ593089,,J593089,"MSRP.1,LRPE,ZCP,ZCW,ZPP.3,302,5AC,6FL,6NF,6NR,655,752",,,"Aug 30, 2012",,,,,,,,,,,
300 - Alpine White,,NCSW - Black Novillo Leather,2013,WBSKG9C57DJ593090,,J593090,"MSRP.1,494,507,609,6FL,655",,,"Aug 24, 2012",950,,,,,,,,,,
300 - Alpine White,,NCSW - Black Novillo Leather,2013,WBSKG9C59DJ593091,,J593091,"MSRP.1,494,507,609,6FL,655",,,"Aug 23, 2012",950,,,,,,,,,,
A52 - Space Gray Metallic,,NCH5 - Fox Red/Black Novillo Leather,2013,WBSKG9C50DJ593092,,J593092,"MSRP.1,2MT.1,302,322,4MY,507,6FL",,,"Aug 23, 2012",550/950,,,,,,,,,,
300 - Alpine White,,NCSW - Black Novillo Leather,2013,WBSKG9C52DJ593093,,J593093,"MSRP.1,ZPP.3,2MK,2MT.1,302,6FL,6NF,6NR,655,752",,,"Aug 23, 2012",,,,,,,,,,,
668 - Jet Black,,NCSW - Black Novillo Leather,2013,WBSKG9C54DJ593094,,J593094,"MSRP.1,ZCP,ZPP.3,2MK,302,403,6FL,6NF,6NR,655,752",,,"Aug 23, 2012",,,,,,,,,,,
300 - Alpine White,,NCSW - Black Novillo Leather,2013,WBSKG9C56DJ593095,,J593095,"MSRP.1,ZCP,ZCW,ZPP.3,2MK,302,5AC,6FL,6NF,6NR,655,752",,,"Aug 23, 2012",,,,,,,,,,,
300 - Alpine White,,NCH2 - Fox Red Novillo Leather,2013,WBSKG9C58DJ593096,,J593096,"MSRP.1,ZCP,ZPP.3,2MK,302,494,6FL,6NF,6NR,752",,,"Aug 23, 2012",,,,,,,,,,,
A30 - Interlagos Blue Metallic,,NCSW - Black Novillo Leather,2013,WBSKG9C5XDJ593097,,J593097,"MSRP.1,ZCP,ZCW,302,403,4MX,6FL",,,"Aug 24, 2012",550/950,,,,,,,,,,
A96 - Mineral White Metallic,,NCSW - Black Novillo Leather,2013,WBSKG9C51DJ593098,,J593098,"MSRP.1,ZCP,ZPP.3,2MK,302,494,6FL,6NF,6NR,655,752",,,"Aug 24, 2012",,,,,,,,,,,
A96 - Mineral White Metallic,,NCH2 - Fox Red Novillo Leather,2013,WBSKG9C53DJ593099,,J593099,"MSRP.1,ZCP,ZPP.3,302,494,6FL,6NF,6NR",,,"Aug 24, 2012",,,,,,,,,,,
668 - Jet Black,,NCSW - Black Novillo Leather,2013,WBSKG9C56DJ593100,,J593100,"MSRP.1,ZCP,2MK,302,322,403,415,4MY,609,6FL,6NF,6NR,655,752",,,"Aug 24, 2012",950,,,,,,,,,,
300 - Alpine White,,GEAT - Anthracite/Black Cloth & Leather,2013,WBSKG9C58DJ593101,,J593101,"MSRP.1,ZCP,ZPP.3,2MK,302,494,5AC,6FL,6NF,6NR,655,752",,,"Aug 24, 2012",,,,,,,,,,,
A96 - Mineral White Metallic,,NDSW - Black Extended Novillo Leather,2013,WBSKG9C5XDJ593102,,J593102,"MSRP.1,ZCP,ZCW,ZPP.3,302,6FL,6NF,6NR",,,"Aug 24, 2012",1100,,,,,,,,,,
A96 - Mineral White Metallic,,NCSW - Black Novillo Leather,,WBSKG9C51DJ593103,,J593103,"MSRP.1,ZCP,ZCW,ZPP.3,2MK,302,5AC,6FL,6NF,6NR,655,752",,,"Aug 24, 2012",,,,,,,,,,,
A29 - Silverstone Metallic II,,NCH4 - Palladium/Black Novillo Leather,,WBSKG9C53DJ593104,,J593104,"MSRP.1,ZCP,ZPP.3,2MK,302,6FL,6NF,6NR,752",,,"Aug 24, 2012",550,,,,,,,,,,
668 - Jet Black,,NCH5 - Fox Red/Black Novillo Leather,,WBSKG9C55DJ593105,,J593105,"MSRP.1,ZCP,2MK,302,322,403,494,4MY,609,6FL,655",,,"Aug 24, 2012",950,,,,,,,,,,
A29 - Silverstone Metallic II,,NCSW - Black Novillo Leather,,WBSKG9C57DJ593106,,J593106,"MSRP.1,ZCP,ZPP.3,2MK,302,494,6FL,6NF,6NR,655,752",,,"Aug 24, 2012",550,,,,,,,,,,
A29 - Silverstone Metallic II,,NCH2 - Fox Red Novillo Leather,,WBSKG9C59DJ593107,,J593107,"MSRP.1,ZCP,ZCW,ZPP.3,2MK,302,6FL,655,752",,,"Aug 24, 2012",550,,,,,,,,,,
300 - Alpine White,,NCH4 - Palladium/Black Novillo Leather,,WBSKG9C50DJ593108,,J593108,"MSRP.1,ZCP,ZPP.3,2MK,302,494,5AC,6FL,6NF,6NR,655,752",,,"Aug 24, 2012",,,,,,,,,,,
300 - Alpine White,,NCH5 - Fox Red/Black Novillo Leather,,WBSKG9C52DJ593109,,J593109,"MSRP.1,ZPP.1,2MK,2MT.1,302,6FL,655",,,"Aug 24, 2012",,,,,,,,,,,
300 - Alpine White,,NCSW - Black Novillo Leather,,WBSKG9C59DJ593110,,J593110,"MSRP.1,ZCP,ZPP.3,2MK,302,5AC,6FL,6NF,6NR,655,752",,,"Aug 24, 2012",,,,,,,,,,,
A96 - Mineral White Metallic,,NCSW - Black Novillo Leather,,WBSKG9C50DJ593111,,J593111,"MSRP.1,ZCP,ZPP.2,302,6FL,6NF,6NR,655,752",,,"Aug 24, 2012",,,,,,,,,,,
A75 - Melbourne Red Metallic,,NCSW - Black Novillo Leather,,WBSKG9C52DJ593112,,J593112,"MSRP.1,2MK,302,4MY,6FL",,,"Aug 24, 2012",550/950,,,,,,,,,,
300 - Alpine White,,NDH2 - Fox Red Extended Leather,,WBSKG9C54DJ593113,,J593113,"MSRP.1,ZCP,ZCW,ZPP.3,2MK,302,403,6FL,6NF,6NR,655",,,"Aug 24, 2012",1100,,,,,,,,,,
381 - Le Mans Blue Metallic,,NCSW - Black Novillo Leather,,WBSKG9C56DJ593114,,J593114,"MSRP.1,ZCP,ZPP.3,2MK,302,494,6FL,6NF,6NR,752",,,"Aug 24, 2012",550,,,,,,,,,,
381 - Le Mans Blue Metallic,,NCSW - Black Novillo Leather,,WBSKG9C58DJ593115,,J593115,"MSRP.1,ZCP,ZCW,ZPP.3,2MK,302,6FL,6NF,6NR,655,752",,,"Aug 25, 2012",550,,,,,,,,,,
381 - Le Mans Blue Metallic,,NCSW - Black Novillo Leather,,WBSKG9C5XDJ593116,,J593116,"MSRP.1,ZCP,ZPP.3,302,6FL",,,"Aug 25, 2012",550,,,,,,,,,,
381 - Le Mans Blue Metallic,,GEAT - Anthracite/Black Cloth & Leather,,WBSKG9C51DJ593117,,J593117,"MSRP.1,302,403,494,4MY,507,6FL",,,"Aug 25, 2012",550,,,,,,,,,,
381 - Le Mans Blue Metallic,,NCH3 - Beige Novillo Leather,,WBSKG9C53DJ593118,,J593118,"MSRP.1,ZCP,ZPP.3,302,6FL,6NF,6NR,655",,,"Aug 25, 2012",550,,,,,,,,,,
A75 - Melbourne Red Metallic,,NCH5 - Fox Red/Black Novillo Leather,,WBSKG9C55DJ593119,,J593119,"MSRP.1,ZCP,ZPP.1,2MK,302,494,5AC,6FL,6NF,6NR,655,752",,,"Aug 25, 2012",550,,,,,,,,,,
668 - Jet Black,,NDSW - Black Extended Novillo Leather,,WBSKG9C51DJ593120,,J593120,"MSRP.1,ZCP,ZPP.1,2MK,302,403,494,5AC,6FL,6NF,6NR,655,752",,,"Aug 25, 2012",1100,,,,,,,,,,
381 - Le Mans Blue Metallic,,NCH1 - Silver Novillo Leather,,WBSKG9C53DJ593121,,J593121,"MSRP.1,ZPP.1,2MK,302,403,494,6FL,6NF,6NR,655,752",,,"Aug 25, 2012",550,,,,,,,,,,
A75 - Melbourne Red Metallic,,NCSW - Black Novillo Leather,,WBSKG9C55DJ593122,,J593122,"MSRP.1,ZCP,ZPP.3,2MK,302,494,6FL,655,752",,,"Aug 25, 2012",550,,,,,,,,,,
A75 - Melbourne Red Metallic,,NCSW - Black Novillo Leather,,WBSKG9C57DJ593123,,J593123,"MSRP.1,ZCP,2MK,302,4MY,609,6FL",,,"Aug 25, 2012",550/950,,,,,,,,,,
A75 - Melbourne Red Metallic,,NCH5 - Fox Red/Black Novillo Leather,,WBSKG9C59DJ593124,,J593124,"MSRP.1,ZCW,ZPP.3,2MK,302,6FL,655,752",,,"Aug 25, 2012",550,,,,,,,,,,
381 - Le Mans Blue Metallic,,NCH3 - Beige Novillo Leather,,WBSKG9C50DJ593125,,J593125,"MSRP.1,ZCP,ZCW,ZPP.3,302,403,6FL,6NF,6NR,752",,,"Aug 27, 2012",550,,,,,,,,,,
A75 - Melbourne Red Metallic,,GEAT - Anthracite/Black Cloth & Leather,,WBSKG9C52DJ593126,,J593126,"MSRP.1,ZCP,ZPP.3,2MK,302,494,6FL,6NF,6NR,655,752",,,"Aug 27, 2012",550,,,,,,,,,,
381 - Le Mans Blue Metallic,,NCH3 - Beige Novillo Leather,,WBSKG9C54DJ593127,,J593127,"MSRP.1,ZCP,ZCW,ZPP.3,302,403,6FL,6NF,6NR,752",,,"Aug 27, 2012",550,,,,,,,,,,
A75 - Melbourne Red Metallic,,NDSW - Black Extended Novillo Leather,,WBSKG9C56DJ593128,,J593128,"MSRP.1,ZCP,ZCW,ZPP.3,2MK,302,403,5AC,6FL,6NF,6NR,655",,,"Aug 27, 2012",550/1100,,,,,,,,,,
A75 - Melbourne Red Metallic,,NCSW - Black Novillo Leather,,WBSKG9C58DJ593129,,J593129,"MSRP.1,ZCW,ZPP.3,2MK,302,403,6FL,6NF,6NR,655,752",,,"Aug 27, 2012",550,,,,,,,,,,
A75 - Melbourne Red Metallic,,NDSW - Black Extended Novillo Leather,,WBSKG9C54DJ593130,,J593130,"MSRP.1,ZCP,ZCW,ZPP.3,2MK,302,403,5AC,6FL,6NF,6NR,655,752",,,"Aug 27, 2012",550/1100,,,,,,,,,,
A75 - Melbourne Red Metallic,,NCH5 - Fox Red/Black Novillo Leather,,WBSKG9C56DJ593131,,J593131,"MSRP.1,ZCP,ZPP.3,2MK,302,403,494,6FL,655,752",,,"Aug 27, 2012",550,,,,,,,,,,
A75 - Melbourne Red Metallic,,NDH3 - Beige Novillo Extended Leather,,WBSKG9C58DJ593132,,J593132,"MSRP.1,ZCP,ZPP.3,2MK,302,403,494,6FL,6NF,6NR,655,752",,,"Aug 27, 2012",550/1100,,,,,,,,,,
300 - Alpine White,,NCSW - Black Novillo Leather,,WBSKG9C5XDJ593133,,J593133,"MSRP.1,ZCP,ZPP.3,2MK,302,494,6FL,6NF,6NR,655,752",,,"Aug 27, 2012",,,,,,,,,,,
A52 - Space Gray Metallic,,GEAT - Anthracite/Black Cloth & Leather,,WBSKG9C51DJ593134,,J593134,"MSRP.1,ZCP,302,322,494,507,6FL,771",,,"Aug 27, 2012",550,,,,,,,,,,
300 - Alpine White,,NCSW - Black Novillo Leather,,WBSKG9C53DJ593135,,J593135,"MSRP.1,ZCP,ZPP.3,2MK,302,494,6FL,655,752",,,"Aug 27, 2012",,,,,,,,,,,
A52 - Space Gray Metallic,,NCH2 - Fox Red Novillo Leather,,WBSKG9C55DJ593136,,J593136,"MSRP.1,ZCP,2MK,302,494,6FL,771",,,"Aug 27, 2012",550/950,,,,,,,,,,
300 - Alpine White,,NDH2 - Fox Red Extended Leather,,WBSKG9C57DJ593137,,J593137,"MSRP.1,494,507,609,6FL,655",,,"Aug 27, 2012",2000,,,,,,,,,,
300 - Alpine White,,NCH5 - Fox Red/Black Novillo Leather,,WBSKG9C59DJ593138,,J593138,"MSRP.1,ZCP,ZCW,ZPP.3,302,6FL",,,"Aug 27, 2012",,,,,,,,,,,
300 - Alpine White,,NCSW - Black Novillo Leather,,WBSKG9C50DJ593139,,J593139,"MSRP.1,ZCP,ZPP.3,2MK,302,494,6FL,6NF,6NR,655,752",,,"Aug 27, 2012",,,,,,,,,,,
300 - Alpine White,,NCSW - Black Novillo Leather,,WBSKG9C57DJ593140,,J593140,"MSRP.1,ZCW,ZPP.3,2MK,2MT.1,302,403,6FL,6NF,6NR,655,752",,,"Aug 27, 2012",,,,,,,,,,,
300 - Alpine White,,NDH2 - Fox Red Extended Leather,,WBSKG9C59DJ593141,,J593141,"MSRP.1,ZCP,ZPP.3,2MK,302,494,6FL,655,752",,,"Aug 27, 2012",1100,,,,,,,,,,
A96 - Mineral White Metallic,,NCH5 - Fox Red/Black Novillo Leather,,WBSKG9C50DJ593142,,J593142,"MSRP.1,ZCP,ZPP.3,2MK,302,494,6FL,6NF,6NR,655,752",,,"Aug 27, 2012",,,,,,,,,,,
A96 - Mineral White Metallic,,NCH5 - Fox Red/Black Novillo Leather,,WBSKG9C52DJ593143,,J593143,"MSRP.1,ZCP,ZPP.3,2MK,302,494,6FL,6NF,6NR",,,"Aug 27, 2012",,,,,,,,,,,
300 - Alpine White,,NCH5 - Fox Red/Black Novillo Leather,,WBSKG9C54DJ593144,,J593144,"MSRP.1,ZCP,ZPP.3,2MK,302,403,6FL,6NF,6NR,655,752",,,"Aug 27, 2012",,,,,,,,,,,
A96 - Mineral White Metallic,,NCSW - Black Novillo Leather,,WBSKG9C56DJ593145,,J593145,"MSRP.1,ZCP,ZCW,ZPP.3,2MK,302,6FL,6NF,6NR,655,752",,,"Aug 28, 2012",,,,,,,,,,,
300 - Alpine White,,NCH2 - Fox Red Novillo Leather,,WBSKG9C58DJ593146,,J593146,"MSRP.1,ZCP,ZPP.3,2MK,302,403,494,6FL,6NF,6NR,655,752",,,"Aug 28, 2012",,,,,,,,,,,
A96 - Mineral White Metallic,,NDSW - Black Extended Novillo Leather,,WBSKG9C5XDJ593147,,J593147,"MSRP.1,ZCP,ZPP.3,302,403,494,5AC,6FL,6NF,6NR,655",,,"Aug 28, 2012",1100,,,,,,,,,,
300 - Alpine White,,NCSW - Black Novillo Leather,,WBSKG9C51DJ593148,,J593148,"MSRP.1,494,507,609,6FL,655",,,"Aug 28, 2012",950,,,,,,,,,,
300 - Alpine White,,NCH3 - Beige Novillo Leather,,WBSKG9C53DJ593149,,J593149,"MSRP.1,ZCP,ZCW,ZPP.2,2MK,302,403,6FL,6NF,6NR,655,752",,,"Aug 28, 2012",,,,,,,,,,,
A52 - Space Gray Metallic,,NCSW - Black Novillo Leather,,WBSKG9C5XDJ593150,,J593150,"MSRP.1,ZCP,ZCW,ZPP.3,2MK,302,403,6FL,6NF,6NR,655,752",,,"Aug 28, 2012",550,,,,,,,,,,
A52 - Space Gray Metallic,,NCSW - Black Novillo Leather,,WBSKG9C51DJ593151,,J593151,"MSRP.1,ZCP,ZPP.3,302,403,494,6FL",,,"Aug 28, 2012",550,,,,,,,,,,
A75 - Melbourne Red Metallic,,NCSW - Black Novillo Leather,,WBSKG9C53DJ593152,,J593152,"MSRP.1,ZCP,302,403,494,4MX,609,6FL",,,"Aug 28, 2012",550/950,,,,,,,,,,
A30 - Interlagos Blue Metallic,,NCSW - Black Novillo Leather,,WBSKG9C55DJ593153,,J593153,"MSRP.1,ZCP,ZPP.3,2MK,302,6FL,6NF,6NR,655,752",,,"Aug 28, 2012",550,,,,,,,,,,
A52 - Space Gray Metallic,,NCSW - Black Novillo Leather,,WBSKG9C57DJ593154,,J593154,"MSRP.1,ZCP,ZCW,ZPP.3,2MK,302,6FL,6NF,6NR,655,752",,,"Aug 28, 2012",550,,,,,,,,,,
381 - Le Mans Blue Metallic,,NCH1 - Silver Novillo Leather,,WBSKG9C59DJ593155,,J593155,"MSRP.1,ZCP,ZCW,ZPP.3,302,403,6FL,6NF,6NR,655,752",,,"Aug 28, 2012",550,,,,,,,,,,
A52 - Space Gray Metallic,,NCSW - Black Novillo Leather,,WBSKG9C50DJ593156,,J593156,"MSRP.1,ZCP,ZPP.3,2MK,302,6FL,6NF,6NR,655",,,"Aug 28, 2012",550,,,,,,,,,,
A30 - Interlagos Blue Metallic,,NCSW - Black Novillo Leather,,WBSKG9C52DJ593157,,J593157,"MSRP.1,ZCP,ZCW,ZPP.3,2MK,302,403,5AC,6FL,6NF,6NR,655,752",,,"Aug 28, 2012",550,,,,,,,,,,
A30 - Interlagos Blue Metallic,,NCSW - Black Novillo Leather,,WBSKG9C54DJ593158,,J593158,"MSRP.1,ZCP,ZPP.3,302,494,6FL,655",,,"Aug 28, 2012",550,,,,,,,,,,
A52 - Space Gray Metallic,,NDSW - Black Extended Novillo Leather,,WBSKG9C56DJ593159,,J593159,"MSRP.1,ZCW,ZPP.3,2MK,2MT.1,302,5AC,6FL,6NF,6NR,655,752",,,"Aug 28, 2012",550/1100,,,,,,,,,,
A52 - Space Gray Metallic,,NDSW - Black Extended Novillo Leather,,WBSKG9C52DJ593160,,J593160,"MSRP.1,ZCP,ZCW,ZPP.3,302,6FL,6NF,6NR,655,752",,,"Aug 28, 2012",550/1100,,,,,,,,,,
A52 - Space Gray Metallic,,NCSW - Black Novillo Leather,,WBSKG9C54DJ593161,,J593161,"MSRP.1,ZCP,ZPP.3,302,494,5AC,6FL",,,"Aug 29, 2012",550,,,,,,,,,,
A73 - Jerez Black Metallic,,NCSW - Black Novillo Leather,,WBSKG9C56DJ593162,,J593162,"MSRP.1,ZCP,ZCW,ZPP.3,2MK,302,403,6FL,6NF,6NR,655,752",,,"Aug 29, 2012",550,,,,,,,,,,
A73 - Jerez Black Metallic,,NCH3 - Beige Novillo Leather,,WBSKG9C58DJ593163,,J593163,"MSRP.1,ZCP,ZCW,ZPP.3,2MK,302,403,6FL,6NF,6NR,655,752",,,"Aug 29, 2012",550,,,,,,,,,,
381 - Le Mans Blue Metallic,,NDH3 - Beige Novillo Extended Leather,,WBSKG9C5XDJ593164,,J593164,"MSRP.1,ZCP,ZPP.3,302,403,494,6FL,6NF,6NR",,,"Aug 29, 2012",550/1100,,,,,,,,,,
A52 - Space Gray Metallic,,NCH5 - Fox Red/Black Novillo Leather,,WBSKG9C51DJ593165,,J593165,"MSRP.1,ZCP,ZCW,ZPP.3,302,403,6FL,6NF,6NR,655,752",,,"Aug 29, 2012",550,,,,,,,,,,
A52 - Space Gray Metallic,,NCH4 - Palladium/Black Novillo Leather,,WBSKG9C53DJ593166,,J593166,"MSRP.1,ZCP,ZPP.3,302,403,494,6FL",,,"Aug 29, 2012",550,,,,,,,,,,
668 - Jet Black,,NCSW - Black Novillo Leather,,WBSKG9C55DJ593167,,J593167,"MSRP.1,ZCP,2MK,302,322,4MX,6FL,655",,,"Aug 29, 2012",950,,,,,,,,,,
300 - Alpine White,,NCH3 - Beige Novillo Leather,,WBSKG9C57DJ593168,,J593168,"MSRP.1,302,4MY,6FL",,,"Aug 29, 2012",950,,,,,,,,,,
A30 - Interlagos Blue Metallic,,NCH1 - Silver Novillo Leather,,WBSKG9C59DJ593169,,J593169,"MSRP.1,ZPP.3,2MT.1,302,6FL",,,"Aug 29, 2012",550,,,,,,,,,,
A52 - Space Gray Metallic,,NCSW - Black Novillo Leather,,WBSKG9C55DJ593170,,J593170,"MSRP.1,ZCP,ZCW,ZPP.3,2MK,302,5AC,6FL,6NF,6NR,655,752",,,"Aug 29, 2012",550,,,,,,,,,,
A30 - Interlagos Blue Metallic,,NCSW - Black Novillo Leather,,WBSKG9C57DJ593171,,J593171,"MSRP.1,ZCP,ZCW,ZPP.3,2MK,302,403,6FL,6NF,6NR,655,752",,,"Aug 29, 2012",550,,,,,,,,,,
A52 - Space Gray Metallic,,NCSW - Black Novillo Leather,,WBSKG9C59DJ593172,,J593172,"MSRP.1,ZCP,ZCW,ZPP.3,2MK,302,403,6FL,6NF,6NR",,,"Aug 29, 2012",550,,,,,,,,,,
668 - Jet Black,,NCH5 - Fox Red/Black Novillo Leather,,WBSKG9C50DJ593173,,J593173,"MSRP.1,ZCP,ZPP.3,302,494,6FL,6NF,6NR,655,752",,,"Aug 29, 2012",,,,,,,,,,,
A75 - Melbourne Red Metallic,,NCSW - Black Novillo Leather,,WBSKG9C52DJ593174,,J593174,"MSRP.1,ZCP,ZPP.3,2MK,302,494,5AC,6FL,6NF,6NR,655,752",,,"Aug 29, 2012",550,,,,,,,,,,
A96 - Mineral White Metallic,,NCH4 - Palladium/Black Novillo Leather,,WBSKG9C54DJ593175,,J593175,"MSRP.1,ZCP,ZPP.3,2MK,302,403,6FL",,,"Aug 29, 2012",,,,,,,,,,,
A96 - Mineral White Metallic,,NCH2 - Fox Red Novillo Leather,,WBSKG9C56DJ593176,,J593176,"MSRP.1,ZCP,ZCW,ZPP.2,2MK,302,403,6FL,6NF,6NR,655,752",,,"Aug 29, 2012",,,,,,,,,,,
A96 - Mineral White Metallic,,NDSW - Black Extended Novillo Leather,,WBSKG9C58DJ593177,,J593177,"MSRP.1,ZCP,ZPP.3,2MK,302,403,6FL",,,"Aug 29, 2012",1100,,,,,,,,,,
A73 - Jerez Black Metallic,,NCH2 - Fox Red Novillo Leather,,WBSKG9C5XDJ593178,,J593178,"MSRP.1,ZCP,ZCW,ZPP.1,2MK,302,6FL,6NF,6NR,655,752",,,"Aug 30, 2012",550,,,,,,,,,,
668 - Jet Black,,NCH4 - Palladium/Black Novillo Leather,,WBSKG9C51DJ593179,,J593179,"MSRP.1,ZCP,ZCW,ZPP.3,2MK,302,403,6FL,6NF,6NR,655,752",,,"Aug 30, 2012",,,,,,,,,,,
A73 - Jerez Black Metallic,,NCH5 - Fox Red/Black Novillo Leather,,WBSKG9C58DJ593180,,J593180,"MSRP.1,ZCP,ZPP.3,2MK,302,6FL,6NF,6NR,752",,,"Aug 30, 2012",550,,,,,,,,,,
300 - Alpine White,,NCSW - Black Novillo Leather,,WBSKG9C5XDJ593181,,J593181,"MSRP.1,494,507,609,6FL,655",,,"Aug 30, 2012",950,,,,,,,,,,
300 - Alpine White,,NCSW - Black Novillo Leather,,WBSKG9C51DJ593182,,J593182,"MSRP.1,ZCP,ZPP.3,2MK,302,494,6FL,6NF,6NR,655,752",,,"Aug 30, 2012",,,,,,,,,,,
A73 - Jerez Black Metallic,,NDH1 - Silver Novillo Extended Leather,,WBSKG9C53DJ593183,,J593183,"MSRP.1,ZPP.3,2MK,2MT.1,302,403,494,6FL",,,"Aug 30, 2012",550/1100,,,,,,,,,,
U94 - Fire Orange 2,,NCSW - Black Novillo Leather,,WBSKG9C55DJ593184,,J593184,"MSRP.1,LRPE,ZCP,ZCW,ZPP.3,2MK,302,6FL,655,752",,,"Aug 31, 2012",,,,,,,,,,,
U94 - Fire Orange 2,,NDSW - Black Extended Novillo Leather,,WBSKG9C57DJ593185,,J593185,"MSRP.1,LRPE,ZCP,ZCW,ZPP.3,2MK,302,5AC,6FL,6NF,6NR,655,752",,,"Sep 1, 2012",1100,,,,,,,,,,
U94 - Fire Orange 2,,NCSW - Black Novillo Leather,,WBSKG9C59DJ593186,,J593186,"MSRP.1,LRPE,ZCP,ZPP.3,2MK,302,494,6FL,6NF,6NR",,,"Aug 31, 2012",,,,,,,,,,,
U94 - Fire Orange 2,,Z1XX - Unknown Upholstery Code,,WBSKG9C50DJ593187,,J593187,"MSRP.1,ZCP,ZCW,ZPP.3,2MK,302,6FL,6NF,6NR,655,752",,,"Aug 31, 2012",,NOT a LIMEROCK,,,,,,,,,
U94 - Fire Orange 2,,NCSW - Black Novillo Leather,,WBSKG9C52DJ593188,,J593188,"MSRP.1,LRPE,ZCP,ZCW,ZPP.3,2MK,302,5AC,6FL,6NF,6NR,655,752",,,"Sep 3, 2012",,,,,,,,,,,
U94 - Fire Orange 2,,NDSW - Black Extended Novillo Leather,,WBSKG9C54DJ593189,,J593189,"MSRP.1,LRPE,ZCP,ZCW,ZPP.3,2MK,302,5AC,6FL,6NF,6NR,655,752",,,"Sep 3, 2012",1100,,,,,,,,,,
U94 - Fire Orange 2,,GEAT - Anthracite/Black Cloth & Leather,,WBSKG9C50DJ593190,,J593190,"MSRP.1,LRPE,ZCP,ZPP.3,302,494,6FL,655,752",,,"Sep 3, 2012",,,,,,,,,,,
U94 - Fire Orange 2,,NDSW - Black Extended Novillo Leather,,WBSKG9C52DJ593191,,J593191,"MSRP.1,LRPE,ZCP,ZPP.3,2MK,302,494,6FL,6NF,6NR,655,752",,,"Sep 4, 2012",1100,,,,,,,,,,
U94 - Fire Orange 2,,NCSW - Black Novillo Leather,,WBSKG9C54DJ593192,,J593192,"MSRP.1,LRPE,ZCP,ZCW,ZPP.3,2MK,302,6FL,6NF,6NR,655,752",,,"Sep 3, 2012",,,,,,,,,,,
U94 - Fire Orange 2,,NDSW - Black Extended Novillo Leather,,WBSKG9C56DJ593193,,J593193,"MSRP.1,LRPE,ZCP,ZPP.3,2MK,302,494,6FL,6NF,6NR,655,752",,,"Sep 3, 2012",1100,,,,,,,,,,
U94 - Fire Orange 2,,NCSW - Black Novillo Leather,,WBSKG9C58DJ593194,,J593194,"MSRP.1,LRPE,ZCP,ZCW,ZPP.3,302,6FL",,,"Sep 4, 2012",,,,,,,,,,,
U94 - Fire Orange 2,,NCSW - Black Novillo Leather,,WBSKG9C5XDJ593195,,J593195,"MSRP.1,LRPE,ZCP,ZPP.3,2MK,302,6FL,6NF,6NR,655,752",,,"Sep 5, 2012",,,,,,,,,,,
U94 - Fire Orange 2,,NDSW - Black Extended Novillo Leather,,WBSKG9C51DJ593196,,J593196,"MSRP.1,LRPE,ZCP,ZCW,ZPP.3,2MK,302,5AC,6FL,6NF,6NR,655,752",,,"Sep 4, 2012",1100,,,,,,,,,,
U94 - Fire Orange 2,,NCSW - Black Novillo Leather,,WBSKG9C53DJ593197,,J593197,"MSRP.1,LRPE,ZCP,ZCW,ZPP.3,2MK,302,5AC,6FL,6NF,6NR,655,752",,,"Sep 4, 2012",,,,,,,,,,,
U94 - Fire Orange 2,,NCSW - Black Novillo Leather,,WBSKG9C55DJ593198,,J593198,"MSRP.1,LRPE,ZCP,ZPP.3,2MK,302,494,6FL,6NF,6NR,655,752",,,"Sep 5, 2012",,,,,,,,,,,
U94 - Fire Orange 2,,NCSW - Black Novillo Leather,,WBSKG9C57DJ593199,,J593199,"MSRP.1,LRPE,ZCP,2MK,302,4MY,507,609,6FL",,,"Sep 4, 2012",950,,,,,,,,,,
U94 - Fire Orange 2,,NCSW - Black Novillo Leather,,WBSKG9C5XDJ593200,,J593200,"MSRP.1,LRPE,ZCP,ZPP.3,2MK,302,494,6FL,6NF,6NR,655,752",,,"Sep 5, 2012",,,,,,,,,,,
U94 - Fire Orange 2,,NDSW - Black Extended Novillo Leather,,WBSKG9C51DJ593201,,J593201,"MSRP.1,LRPE,ZCP,ZPP.3,2MK,302,494,6FL,6NF,6NR,752",,,"Sep 6, 2012",1100,,,,,,,,,,
U94 - Fire Orange 2,,GEAT - Anthracite/Black Cloth & Leather,,WBSKG9C53DJ593202,,J593202,"MSRP.1,LRPE,ZCP,ZPP.3,2MK,302,494,5AC,6FL,6NF,6NR,655,752",,,"Sep 6, 2012",,,,,,,,,,,
U94 - Fire Orange 2,,NDSW - Black Extended Novillo Leather,,WBSKG9C55DJ593203,,J593203,"MSRP.1,LRPE,ZCP,ZPP.3,2MK,302,6FL,752",,,"Sep 5, 2012",1100,,,,,,,,,,
U94 - Fire Orange 2,,NDSW - Black Extended Novillo Leather,,WBSKG9C57DJ593204,,J593204,"MSRP.1,LRPE,ZCP,ZCW,ZPP.3,2MK,302,6FL,6NF,6NR,655,752",,,"Sep 5, 2012",1100,,,,,,,,,,
W91 - Ind. Frozen Blue Met.,,NCSW - Black Novillo Leather,,WBSKG9C59DJ593205,,J593205,"MSRP.1,ZCP,ZPP.3,302,6FL,6NF,6NR,655,752",,,"Sep 5, 2012",,,,,,,,,,,
U94 - Fire Orange 2,,NCSW - Black Novillo Leather,,WBSKG9C50DJ593206,,J593206,"MSRP.1,LRPE,ZCP,ZCW,ZPP.3,2MK,302,5AC,6FL,6NF,6NR,655,752",,,"Sep 7, 2012",,,,,,,,,,,
U94 - Fire Orange 2,,NCSW - Black Novillo Leather,,WBSKG9C52DJ593207,,J593207,"MSRP.1,LRPE,ZCP,ZCW,ZPP.3,2MK,302,6FL,655,752",,,"Sep 7, 2012",,AutoCouture DREAM BUILD,,,,,,,,,
U94 - Fire Orange 2,,NCSW - Black Novillo Leather,,WBSKG9C54DJ593208,,J593208,"MSRP.1,LRPE,ZCP,ZCW,ZPP.3,2MK,302,6FL,6NF,6NR,655,752",,,"Sep 6, 2012",,,,,,,,,,,
U94 - Fire Orange 2,,NCSW - Black Novillo Leather,,WBSKG9C56DJ593209,,J593209,"MSRP.1,LRPE,ZCP,ZCW,ZPP.3,2MK,302,6FL,6NF,6NR,655,752",,,"Sep 6, 2012",,,,,,,,,,,
U94 - Fire Orange 2,,NCSW - Black Novillo Leather,,WBSKG9C52DJ593210,,J593210,"MSRP.1,LRPE,ZCP,ZPP.3,2MK,302,494,5AC,6FL,6NF,6NR,655,752",,,"Sep 6, 2012",,,,,,,,,,,
S34 - Azurite Black Metallic,,NDSW - Black Extended Novillo Leather,,WBSKG9C54DJ593211,,J593211,"MSRP.1,IND,ZCP,ZCW,2MK,302,322,403,415,507,609,6FL,6NF,6NR,655,752",,,"Sep 7, 2012",2000,,CAN,,,,,,,,
A30 - Interlagos Blue Metallic,,GEAT - Anthracite/Black Cloth & Leather,,WBSKG9C56DJ593212,,J593212,"MSRP.1,ZCP,302,6FL,771",,,"Aug 30, 2012",550,,,,,,,,,,
300 - Alpine White,,NCH5 - Fox Red/Black Novillo Leather,,WBSKG9C58DJ593213,,J593213,"MSRP.1,ZCP,ZPP.3,2MK,302,494,6FL,6NF,6NR,655,752",,,"Aug 30, 2012",,,,,,,,,,,
300 - Alpine White,,NCH5 - Fox Red/Black Novillo Leather,,WBSKG9C5XDJ593214,,J593214,"MSRP.1,ZCP,ZPP.3,2MK,302,6FL,655,752",,,"Aug 30, 2012",,,,,,,,,,,
300 - Alpine White,,NCSW - Black Novillo Leather,,WBSKG9C51DJ593215,,J593215,"MSRP.1,ZCP,ZPP.3,2MK,302,494,6FL,6NF,6NR,655,752",,,"Aug 30, 2012",,,,,,,,,,,
A96 - Mineral White Metallic,,NDSW - Black Extended Novillo Leather,,WBSKG9C53DJ593216,,J593216,"MSRP.1,ZCP,ZPP.3,2MK,302,403,6FL,655",,,"Aug 30, 2012",1100,,,,,,,,,,
A96 - Mineral White Metallic,,NDH2 - Fox Red Extended Leather,,WBSKG9C55DJ593217,,J593217,"MSRP.1,ZCP,ZCW,ZPP.3,302,6FL,6NF,6NR,752",,,"Aug 30, 2012",1100,,,,,,,,,,
668 - Jet Black,,NCH2 - Fox Red Novillo Leather,,WBSKG9C57DJ593218,,J593218,"MSRP.1,ZCW,ZPP.3,2MK,302,6FL,6NF,6NR,655,752",,,"Aug 30, 2012",,,,,,,,,,,
A29 - Silverstone Metallic II,,NCH2 - Fox Red Novillo Leather,,WBSKG9C59DJ593219,,J593219,"MSRP.1,ZCP,ZPP.2,2MK,302,403,6FL,6NF,6NR,752",,,"Aug 30, 2012",550,,,,,,,,,,
668 - Jet Black,,NCSW - Black Novillo Leather,,WBSKG9C55DJ593220,,J593220,"MSRP.1,ZCP,ZCW,ZPP.1,2MK,302,6FL,655,752",,,"Aug 30, 2012",,,,,,,,,,,
A29 - Silverstone Metallic II,,NCSW - Black Novillo Leather,,WBSKG9C57DJ593221,,J593221,"MSRP.1,ZCP,ZCW,ZPP.3,2MK,302,6FL,6NF,6NR,655,752",,,"Aug 30, 2012",550,,,,,,,,,,
A29 - Silverstone Metallic II,,NCH4 - Palladium/Black Novillo Leather,,WBSKG9C59DJ593222,,J593222,"MSRP.1,ZCP,ZPP.3,2MK,302,6FL,6NF,6NR,752",,,"Aug 30, 2012",550,,,,,,,,,,
A29 - Silverstone Metallic II,,NCH4 - Palladium/Black Novillo Leather,,WBSKG9C50DJ593223,,J593223,"MSRP.1,ZCP,ZPP.3,2MK,302,6FL,655",,,"Aug 31, 2012",550,,,,,,,,,,
A29 - Silverstone Metallic II,,NCH4 - Palladium/Black Novillo Leather,,WBSKG9C52DJ593224,,J593224,"MSRP.1,ZCP,ZCW,ZPP.2,2MK,302,403,6FL,6NF,6NR,655,752",,,"Aug 31, 2012",550,,,,,,,,,,
A29 - Silverstone Metallic II,,NCH4 - Palladium/Black Novillo Leather,,WBSKG9C54DJ593225,,J593225,"MSRP.1,ZCP,ZCW,ZPP.3,302,403,5AC,6FL,655",,,"Aug 31, 2012",550,,,,,,,,,,
A29 - Silverstone Metallic II,,NCH5 - Fox Red/Black Novillo Leather,,WBSKG9C56DJ593226,,J593226,"MSRP.1,ZPP.1,302,403,494,6FL,655",,,"Aug 31, 2012",550,,,,,,,,,,
668 - Jet Black,,NCSW - Black Novillo Leather,,WBSKG9C58DJ593227,,J593227,"MSRP.1,ZCP,ZPP.3,2MK,302,5AC,6FL,6NF,6NR,655,752",,,"Aug 31, 2012",,,,,,,,,,,
300 - Alpine White,,NDSW - Black Extended Novillo Leather,,WBSKG9C5XDJ593228,,J593228,"MSRP.1,ZCP,ZPP.3,302,494,6FL,752",,,"Sep 5, 2012",1100,,,,,,,,,,
U83 - Frozen Grey ,,NCSW - Black Novillo Leather,,WBSKG9C51DJ593229,,J593229,"MSRP.1,ZCP,ZCW,ZPP.3,2MK,302,5AC,6FL,6NF,6NR,752",,,"Sep 7, 2012",,,,,,,,,,,
U94 - Fire Orange 2,,NCSW - Black Novillo Leather,,WBSKG9C58DJ593230,,J593230,"MSRP.1,LRPE,ZCP,ZPP.3,302,494,6FL,655,752",,,"Sep 8, 2012",,,,,,,,,,,
U94 - Fire Orange 2,,NDSW - Black Extended Novillo Leather,,WBSKG9C5XDJ593231,,J593231,"MSRP.1,LRPE,ZCP,ZCW,ZPP.3,2MK,302,5AC,6FL,6NF,6NR,655,752",,,"Sep 8, 2012",1100,,,,,,,,,,
U94 - Fire Orange 2,,GEAT - Anthracite/Black Cloth & Leather,,WBSKG9C51DJ593232,,J593232,"MSRP.1,LRPE,ZCP,302,4MY,507,6FL",,,"Sep 7, 2012",,,,,,,,,,,
U94 - Fire Orange 2,,NCSW - Black Novillo Leather,,WBSKG9C53DJ593233,,J593233,"MSRP.1,LRPE,ZCP,ZPP.3,2MK,302,494,6FL,6NF,6NR,655,752",,,"Sep 7, 2012",,,,,,,,,,,
U94 - Fire Orange 2,,NDSW - Black Extended Novillo Leather,,WBSKG9C55DJ593234,,J593234,"MSRP.1,LRPE,ZCP,ZCW,ZPP.3,2MK,302,5AC,6FL,6NF,6NR,655,752",,,"Sep 7, 2012",1100,,,,,,,,,,
U94 - Fire Orange 2,,NCSW - Black Novillo Leather,,WBSKG9C57DJ593235,,J593235,"MSRP.1,LRPE,ZCP,ZCW,ZPP.3,2MK,302,6FL,6NF,6NR,655,752",,,"Sep 8, 2012",,,,,,,,,,,
U94 - Fire Orange 2,,NCSW - Black Novillo Leather,,WBSKG9C59DJ593236,,J593236,"MSRP.1,LRPE,ZCP,ZCW,ZPP.3,2MK,302,5AC,6FL,6NF,6NR,655,752",,,"Sep 8, 2012",,,,,,,,,,,
U94 - Fire Orange 2,,GEAT - Anthracite/Black Cloth & Leather,,WBSKG9C50DJ593237,,J593237,"MSRP.1,LRPE,ZCP,302,494,4MY,507,6FL,655",,,"Sep 8, 2012",,,,,,,,,,,
U94 - Fire Orange 2,,NCSW - Black Novillo Leather,,WBSKG9C52DJ593238,,J593238,"MSRP.1,LRPE,ZCP,ZCW,ZPP.3,302,6FL,6NF,6NR,655,752",,,"Sep 10, 2012",,,,,,,,,,,
U94 - Fire Orange 2,,NCSW - Black Novillo Leather,,WBSKG9C54DJ593239,,J593239,"MSRP.1,LRPE,ZCP,ZCW,ZPP.3,302,6FL,6NF,6NR,655,752",,,"Sep 10, 2012",,,,,,,,,,,
U94 - Fire Orange 2,,NCSW - Black Novillo Leather,,WBSKG9C50DJ593240,,J593240,"MSRP.1,LRPE,ZCP,ZCW,ZPP.3,2MK,302,5AC,6FL,6NF,6NR,655,752",,,"Sep 10, 2012",,,,,,,,,,,
U94 - Fire Orange 2,,NCSW - Black Novillo Leather,,WBSKG9C52DJ593241,,J593241,"MSRP.1,LRPE,ZCP,ZPP.3,2MK,302,6FL,6NF,6NR,655,752",,,"Sep 10, 2012",,,,,,,,,,,
U94 - Fire Orange 2,,NCSW - Black Novillo Leather,,WBSKG9C54DJ593242,,J593242,"MSRP.1,LRPE,ZCP,302,494,4MY,507,6FL",,,"Sep 10, 2012",950,,,,,,,,,,
U94 - Fire Orange 2,,NCSW - Black Novillo Leather,,WBSKG9C56DJ593243,,J593243,"MSRP.1,LRPE,ZCP,ZCW,ZPP.3,2MK,302,6FL,6NF,6NR,655",,,"Sep 10, 2012",,,,,,,,,,,
W93 - Frozen Brilliant White Metallic,,GEAT - Anthracite/Black Cloth & Leather,,WBSKG9C58DJ593244,,J593244,"MSRP.1,ZCP,302,322,494,4MY,507,609,6FL,6NF,6NR",,,"Sep 10, 2012",,,,,,,,,,,
U94 - Fire Orange 2,,GEAT - Anthracite/Black Cloth & Leather,,WBSKG9C5XDJ593245,,J593245,"MSRP.1,LRPE,ZCP,ZPP.3,2MK,302,494,6FL,6NF,6NR,655,752",,,"Sep 12, 2012",,,,,,,,,,,
U94 - Fire Orange 2,,NDSW - Black Extended Novillo Leather,,WBSKG9C51DJ593246,,J593246,"MSRP.1,LRPE,ZCP,ZPP.3,2MK,302,494,6FL,6NF,6NR,655,752",,,"Sep 12, 2012",1100,,,,,,,,,,
U94 - Fire Orange 2,,NDSW - Black Extended Novillo Leather,,WBSKG9C53DJ593247,,J593247,"MSRP.1,LRPE,ZCP,ZCW,ZPP.3,302,6FL,6NF,6NR,655,752",,,"Sep 12, 2012",1100,,,,,,,,,,
U94 - Fire Orange 2,,GEAT - Anthracite/Black Cloth & Leather,,WBSKG9C55DJ593248,,J593248,"MSRP.1,LRPE,ZCP,ZCW,ZPP.3,2MK,302,5AC,6FL,6NF,6NR,655,752",,,"Sep 11, 2012",,,,,,,,,,,
U94 - Fire Orange 2,,NDSW - Black Extended Novillo Leather,,WBSKG9C57DJ593249,,J593249,"MSRP.1,LRPE,ZCP,ZPP.3,2MK,302,494,6FL,6NF,6NR,655,752",,,"Sep 11, 2012",1100,,,,,,,,,,
U94 - Fire Orange 2,,NCSW - Black Novillo Leather,,WBSKG9C53DJ593250,,J593250,"MSRP.1,LRPE,ZCP,ZPP.3,2MK,302,494,6FL,6NF,6NR,655,752",,,"Sep 11, 2012",,,,,,,,,,,
U94 - Fire Orange 2,,NCSW - Black Novillo Leather,,WBSKG9C55DJ593251,,J593251,"MSRP.1,LRPE,ZCP,ZCW,ZPP.3,2MK,302,6FL,6NF,6NR,655,752",,,"Sep 13, 2012",,,,,,,,,,,
U94 - Fire Orange 2,,GEAT - Anthracite/Black Cloth & Leather,,WBSKG9C57DJ593252,,J593252,"MSRP.1,LRPE,ZCP,2MK,302,494,4MY,507,6FL",,,"Sep 12, 2012",,,,,,,,,,,
U94 - Fire Orange 2,,NDSW - Black Extended Novillo Leather,,WBSKG9C59DJ593253,,J593253,"MSRP.1,LRPE,ZCP,ZCW,ZPP.3,2MK,302,5AC,6FL,6NF,6NR,655,752",,,"Sep 13, 2012",1100,,,,,,,,,,
U94 - Fire Orange 2,,NCSW - Black Novillo Leather,,WBSKG9C50DJ593254,,J593254,"MSRP.1,LRPE,ZCP,2MK,302,322,494,4MY,507,609,6FL",,,"Sep 12, 2012",950,,,,,,,,,,
U94 - Fire Orange 2,,NCSW - Black Novillo Leather,,WBSKG9C52DJ593255,,J593255,"MSRP.1,LRPE,ZCP,ZCW,ZPP.3,2MK,302,6FL,6NF,6NR,655",,,"Sep 12, 2012",,,,,,,,,,,
U94 - Fire Orange 2,,NDSW - Black Extended Novillo Leather,,WBSKG9C54DJ593256,,J593256,"MSRP.1,LRPE,ZCP,ZCW,ZPP.3,2MK,302,5AC,6FL,6NF,6NR,655,752",,,"Sep 12, 2012",1100,,,,,,,,,,
W14 - Ind. Java Green Met.,,Z1XX - Unknown Upholstery Code,,WBSKG9C56DJ593257,,J593257,"MSRP.1,IND,ZCP,ZCW,ZPP.3,2MK,302,6FL,6NF,6NR,655,752",,,"Sep 12, 2012",,,,,,,,,,,
A30 - Interlagos Blue Metallic,,NCSW - Black Novillo Leather,,WBSKG9C58DJ593258,,J593258,"MSRP.1,302,322,403,494,4MX,507,6FL",,,"Sep 6, 2012",550/950,,,,,,,,,,
300 - Alpine White,,NCSW - Black Novillo Leather,,WBSKG9C5XDJ593259,,J593259,"MSRP.1,ZPP.1,2MK,2MT.1,302,6FL,6NF,6NR,752",,,"Sep 7, 2012",,,,,,,,,,,
300 - Alpine White,,NCH3 - Beige Novillo Leather,,WBSKG9C56DJ593260,,J593260,"MSRP.1,302,507,609,6FL,771",,,"Sep 8, 2012",950,,,,,,,,,,
A75 - Melbourne Red Metallic,,NCH2 - Fox Red Novillo Leather,,WBSKG9C58DJ593261,,J593261,"MSRP.1,ZPP.3,302,6FL,6NF,6NR",,,"Sep 8, 2012",550,,,,,,,,,,
381 - Le Mans Blue Metallic,,NCH4 - Palladium/Black Novillo Leather,,WBSKG9C5XDJ593262,,J593262,"MSRP.1,ZCW,ZPP.1,2MK,302,403,6FL,655",,,"Sep 8, 2012",550,,,,,,,,,,
668 - Jet Black,,NCH3 - Beige Novillo Leather,,WBSKG9C51DJ593263,,J593263,"MSRP.1,ZCP,ZPP.2,302,403,6FL,655,752",,,"Sep 10, 2012",,,,,,,,,,,
U94 - Fire Orange 2,,GEAT - Anthracite/Black Cloth & Leather,,WBSKG9C53DJ593264,,J593264,"MSRP.1,LRPE,ZCP,ZPP.3,2MK,302,494,6FL,655,752",,,"Sep 15, 2012",,,,,,,,,,,
B05 - Monte Carlo Blue,,ZAP2 - Unknown Upholstery Code,,WBSKG9C55DJ593265,,J593265,"MSRP.1,IND,ZCP,ZPP.4,2MK,326,494,5AC,6NR,752,XE8",,,"Sep 15, 2012",,,,,,,,,,,
U94 - Fire Orange 2,,NDSW - Black Extended Novillo Leather,,WBSKG9C57DJ593266,,J593266,"MSRP.1,LRPE,ZCP,ZCW,ZPP.3,302,5AC,6FL,6NF,6NR,655,752",,,"Sep 14, 2012",1100,,,,,,,,,,
U94 - Fire Orange 2,,NCSW - Black Novillo Leather,,WBSKG9C59DJ593267,,J593267,"MSRP.1,LRPE,ZCP,ZCW,ZPP.3,2MK,302,6FL,6NF,6NR,655,752",,,"Sep 14, 2012",,,,,,,,,,,
U94 - Fire Orange 2,,NDSW - Black Extended Novillo Leather,,WBSKG9C50DJ593268,,J593268,"MSRP.1,LRPE,ZCP,ZPP.3,2MK,302,494,6FL,6NF,6NR,655,752",,,"Sep 14, 2012",1100,,,,,,,,,,
U94 - Fire Orange 2,,GEAT - Anthracite/Black Cloth & Leather,,WBSKG9C52DJ593269,,J593269,"MSRP.1,LRPE,ZCP,ZCW,ZPP.3,2MK,302,6FL,6NF,6NR,655,752",,,"Sep 14, 2012",,,,,,,,,,,
A96 - Mineral White Metallic,,NCSW - Black Novillo Leather,,WBSKG9C59DJ593270,,J593270,"MSRP.1,ZCW,2MT.1,302,322,4MX,507,609,6FL",,,"Sep 12, 2012",950,,CAN,,,,,,,,
A96 - Mineral White Metallic,,NCSW - Black Novillo Leather,,WBSKG9C50DJ593271,,J593271,"MSRP.1,ZCP,ZPP.3,2MK,302,403,494,6FL,6NF,6NR",,,"Sep 13, 2012",,,,,,,,,,,
A52 - Space Gray Metallic,,GEAT - Anthracite/Black Cloth & Leather,,WBSKG9C52DJ593272,,J593272,"MSRP.1,2MK,302,322,403,4MY,507,6FL",,,"Sep 13, 2012",550,,,,,,,,,,
A30 - Interlagos Blue Metallic,,NCH5 - Fox Red/Black Novillo Leather,,WBSKG9C54DJ593273,,J593273,"MSRP.1,ZPP.3,302,403,494,6FL,6NF,6NR,655",,,"Sep 13, 2012",550,,,,,,,,,,
U94 - Fire Orange 2,,NDSW - Black Extended Novillo Leather,,WBSKG9C56DJ593274,,J593274,"MSRP.1,LRPE,ZCP,ZCW,ZPP.3,2MK,302,5AC,6FL,6NF,6NR,655,752",,,"Sep 18, 2012",1100,,,,,,,,,,
U94 - Fire Orange 2,,NCSW - Black Novillo Leather,,WBSKG9C58DJ593275,,J593275,"MSRP.1,LRPE,ZCP,ZPP.3,2MK,302,494,6FL,6NF,6NR,655,752",,,"Sep 17, 2012",,,,,,,,,,,
U94 - Fire Orange 2,,NCSW - Black Novillo Leather,,WBSKG9C5XDJ593276,,J593276,"MSRP.1,LRPE,ZCP,ZPP.3,302,494,6FL,6NF,6NR",,,"Sep 17, 2012",,,,,,,,,,,
U94 - Fire Orange 2,,NDSW - Black Extended Novillo Leather,,WBSKG9C51DJ593277,,J593277,"MSRP.1,LRPE,ZCP,ZCW,ZPP.3,2MK,302,5AC,6FL,6NF,6NR,655,752",,,"Sep 17, 2012",1100,,,,,,,,,,
U94 - Fire Orange 2,,NCSW - Black Novillo Leather,,WBSKG9C53DJ593278,,J593278,"MSRP.1,LRPE,ZCP,ZCW,ZPP.3,2MK,302,5AC,6FL,6NF,6NR,655,752",,,"Sep 17, 2012",,,,,,,,,,,
U94 - Fire Orange 2,,NDSW - Black Extended Novillo Leather,,WBSKG9C55DJ593279,,J593279,"MSRP.1,LRPE,ZCP,ZCW,ZPP.3,2MK,302,6FL,752",,,"Sep 20, 2012",1100,,,,,,,,,,
U94 - Fire Orange 2,,NDSW - Black Extended Novillo Leather,,WBSKG9C51DJ593280,,J593280,"MSRP.1,LRPE,ZCP,ZPP.3,302,494,6FL,6NF,6NR,655,752",,,"Sep 19, 2012",1100,,,,,,,,,,
U94 - Fire Orange 2,,NCSW - Black Novillo Leather,,WBSKG9C53DJ593281,,J593281,"MSRP.1,LRPE,ZCP,ZPP.3,2MK,302,494,6FL,6NF,6NR,655,752",,,"Sep 19, 2012",,,,,,,,,,,
U94 - Fire Orange 2,,GEAT - Anthracite/Black Cloth & Leather,,WBSKG9C55DJ593282,,J593282,"MSRP.1,LRPE,ZCP,302,494,4MY,507,6FL,655",,,"Sep 18, 2012",,,,,,,,,,,
U94 - Fire Orange 2,,NCSW - Black Novillo Leather,,WBSKG9C57DJ593283,,J593283,"MSRP.1,LRPE,ZCP,ZPP.3,302,494,6FL,655",,,"Sep 20, 2012",,,,,,,,,,,
U94 - Fire Orange 2,,NDSW - Black Extended Novillo Leather,,WBSKG9C59DJ593284,,J593284,"MSRP.1,LRPE,ZCP,ZCW,ZPP.3,2MK,302,6FL,6NF,6NR,655,752",,,"Sep 21, 2012",1100,,,,,,,,,,
U94 - Fire Orange 2,,GEAT - Anthracite/Black Cloth & Leather,,WBSKG9C50DJ593285,,J593285,"MSRP.1,LRPE,ZCP,ZPP.3,2MK,302,494,6FL,6NF,6NR,655,752",,,"Sep 20, 2012",,,,,,,,,,,
U94 - Fire Orange 2,,GEAT - Anthracite/Black Cloth & Leather,,WBSKG9C52DJ593286,,J593286,"MSRP.1,LRPE,ZCP,ZPP.3,302,494,6FL,6NF,6NR,655,752",,,"Sep 20, 2012",,,,,,,,,,,
U94 - Fire Orange 2,,NCSW - Black Novillo Leather,,WBSKG9C54DJ593287,,J593287,"MSRP.1,LRPE,ZCP,ZPP.3,2MK,302,494,6FL,6NF,6NR,655,752",,,"Sep 19, 2012",,,,,,,,,,,
U94 - Fire Orange 2,,NDSW - Black Extended Novillo Leather,,WBSKG9C56DJ593288,,J593288,"MSRP.1,LRPE,ZCP,ZCW,ZPP.3,2MK,302,6FL,6NF,6NR,655,752",,,"Sep 22, 2012",1100,,,,,,,,,,
U94 - Fire Orange 2,,NDSW - Black Extended Novillo Leather,,WBSKG9C58DJ593289,,J593289,"MSRP.1,LRPE,ZCP,ZCW,ZPP.3,2MK,302,5AC,6FL,6NF,6NR,655,752",,,"Sep 22, 2012",1100,,,,,,,,,,
U94 - Fire Orange 2,,NCSW - Black Novillo Leather,,WBSKG9C54DJ593290,,J593290,"MSRP.1,LRPE,ZCP,ZPP.3,2MK,302,494,6FL,6NF,6NR,655",,,"Sep 20, 2012",,,,,,,,,,,
U94 - Fire Orange 2,,NDSW - Black Extended Novillo Leather,,WBSKG9C56DJ593291,,J593291,"MSRP.1,LRPE,ZCP,ZCW,ZPP.3,302,6FL,6NF,6NR,752",,,"Sep 20, 2012",1100,,,,,,,,,,
U94 - Fire Orange 2,,NCSW - Black Novillo Leather,,WBSKG9C58DJ593292,,J593292,"MSRP.1,LRPE,ZCP,ZPP.3,2MK,302,494,6FL,752",,,"Sep 20, 2012",,,,,,,,,,,
U94 - Fire Orange 2,,NCSW - Black Novillo Leather,,WBSKG9C5XDJ593293,,J593293,"MSRP.1,LRPE,ZCP,ZCW,ZPP.3,2MK,302,6FL,655,752",,,"Sep 20, 2012",,,,,,,,,,,
P56 - Signal Green ,,NCH4 - Palladium/Black Novillo Leather,,WBSKG9C51DJ593294,,J593294,"MSRP.1,IND,ZPP.3,302,494,6FL",,,"Sep 21, 2012",,,,,,,,,,,
U91 - Frozen Black ,,NCSW - Black Novillo Leather,,WBSKG9C53DJ593295,,J593295,"MSRP.1,ZCW,2MK,2MT.1,302,322,415,4MY,507,609,6FL,6NF,6NR,655,752",,,"Sep 25, 2012",950,,CAN,,,,,,,,
W14 - Ind. Java Green Met.,,NCSW - Black Novillo Leather,,WBSKG9C55DJ593296,,J593296,"MSRP.1,IND,ZCP,ZCW,ZPP.3,2MK,302,6FL,6NF,6NR,655,752",,,"Sep 26, 2012",,,,,,,,,,,
W93 - Frozen Brilliant White Metallic,,Z1XX - Unknown Upholstery Code,,WBSKG9C57DJ593297,,J593297,"MSRP.1,ZCP,ZCW,ZPP.3,2MK,302,6FL,6NF,6NR,655,752",,,"Sep 26, 2012",,,,,,,,,,,
W91 - Ind. Frozen Blue Met.,,NDSW - Black Extended Novillo Leather,,WBSKG9C59DJ593298,,J593298,"MSRP.1,ZCP,ZPP.3,2MK,302,494,5AC,6FL,6NF,6NR,655,752",,,"Sep 27, 2012",1100,,,,,,,,,,
A96 - Mineral White Metallic,,NCSW - Black Novillo Leather,,WBSKG9C50DJ593299,,J593299,"MSRP.1,ZCP,ZCW,ZPP.3,302,6FL",,,"Sep 13, 2012",,,,,,,,,,,
A96 - Mineral White Metallic,,NCH2 - Fox Red Novillo Leather,,WBSKG9C53DJ593300,,J593300,"MSRP.1,ZCP,2MK,302,322,494,4MY,507,6FL",,,"Sep 14, 2012",950,,,,,,,,,,
668 - Jet Black,,NCH2 - Fox Red Novillo Leather,,WBSKG9C55DJ593301,,J593301,"MSRP.1,ZCP,ZPP.3,2MK,302,494,6FL,6NF,6NR,655,752",,,"Sep 14, 2012",,,,,,,,,,,
300 - Alpine White,,NCSW - Black Novillo Leather,,WBSKG9C57DJ593302,,J593302,"MSRP.1,ZCP,ZPP.2,2MK,302,494,6FL,6NF,6NR,655,752",,,"Sep 15, 2012",,,,,,,,,,,
A73 - Jerez Black Metallic,,NCSW - Black Novillo Leather,,WBSKG9C59DJ593303,,J593303,"MSRP.1,302,4MX,507,609,6FL",,,"Sep 15, 2012",550/950,,,,,,,,,,
A52 - Space Gray Metallic,,NCSW - Black Novillo Leather,,WBSKG9C50DJ593304,,J593304,"MSRP.1,ZCP,ZPP.3,2MK,302,494,6FL,6NF,6NR",,,"Sep 15, 2012",550,,,,,,,,,,
A52 - Space Gray Metallic,,NCSW - Black Novillo Leather,,WBSKG9C52DJ593305,,J593305,"MSRP.1,ZCP,ZCW,ZPP.3,302,403,6FL,6NF,6NR,655,752",,,"Sep 15, 2012",550,,,,,,,,,,
A30 - Interlagos Blue Metallic,,NCH3 - Beige Novillo Leather,,WBSKG9C54DJ593306,,J593306,"MSRP.1,ZCP,ZPP.3,302,6FL,6NF,6NR,752",,,"Sep 17, 2012",550,,,,,,,,,,
300 - Alpine White,,NCH5 - Fox Red/Black Novillo Leather,,WBSKG9C56DJ593307,,J593307,"MSRP.1,ZCP,ZCW,ZPP.3,2MK,302,403,6FL,6NF,6NR,655,752",,,"Sep 17, 2012",,,,,,,,,,,
668 - Jet Black,,NCSW - Black Novillo Leather,,WBSKG9C58DJ593308,,J593308,"MSRP.1,ZCP,ZPP.3,2MK,302,403,6FL,6NF,6NR,655",,,"Sep 17, 2012",,,,,,,,,,,
A52 - Space Gray Metallic,,NCSW - Black Novillo Leather,,WBSKG9C5XDJ593309,,J593309,"MSRP.1,ZCP,302,322,494,507,6FL,771",,,"Sep 17, 2012",550/950,,,,,,,,,,
300 - Alpine White,,NDH2 - Fox Red Extended Leather,,WBSKG9C56DJ593310,,J593310,"MSRP.1,ZCP,ZCW,ZPP.3,2MK,302,6FL,6NF,6NR,655,752",,,"Sep 18, 2012",1100,,,,,,,,,,
A52 - Space Gray Metallic,,NCH5 - Fox Red/Black Novillo Leather,,WBSKG9C58DJ593311,,J593311,"MSRP.1,ZCP,302,4MY,507,609,6FL",,,"Sep 18, 2012",550/950,,,,,,,,,,
300 - Alpine White,,GEAT - Anthracite/Black Cloth & Leather,,WBSKG9C5XDJ593312,,J593312,"MSRP.1,2MT.1,302,494,4MY,507,6FL",,,"Sep 18, 2012",,,,,,,,,,,
A96 - Mineral White Metallic,,NCH2 - Fox Red Novillo Leather,,WBSKG9C51DJ593313,,J593313,"MSRP.1,ZCP,2MK,302,494,4MY,507,6FL,655",,,"Sep 18, 2012",950,,,,,,,,,,
300 - Alpine White,,NCSW - Black Novillo Leather,,WBSKG9C53DJ593314,,J593314,"MSRP.1,ZCP,ZPP.3,302,494,6FL,655",,,"Sep 18, 2012",,,,,,,,,,,
A73 - Jerez Black Metallic,,NDSW - Black Extended Novillo Leather,,WBSKG9C55DJ593315,,J593315,"MSRP.1,ZCP,ZCW,ZPP.2,2MK,302,403,6FL,752",,,"Sep 18, 2012",550/1100,,,,,,,,,,
A96 - Mineral White Metallic,,NCH2 - Fox Red Novillo Leather,,WBSKG9C57DJ593316,,J593316,"MSRP.1,ZCP,ZCW,ZPP.3,302,5AC,6FL,6NF,6NR,655,752",,,"Sep 18, 2012",,,,,,,,,,,
A29 - Silverstone Metallic II,,NDH1 - Silver Novillo Extended Leather,,WBSKG9C59DJ593317,,J593317,"MSRP.1,ZCP,ZPP.3,2MK,302,494,6FL,6NF,6NR,655,752",,,"Sep 19, 2012",550/1100,,,,,,,,,,
A29 - Silverstone Metallic II,,NCH1 - Silver Novillo Leather,,WBSKG9C50DJ593318,,J593318,"MSRP.1,ZCP,ZCW,ZPP.3,2MK,302,5AC,6FL,6NF,6NR",,,"Sep 19, 2012",550,,,,,,,,,,
A29 - Silverstone Metallic II,,NCSW - Black Novillo Leather,,WBSKG9C52DJ593319,,J593319,"MSRP.1,ZCP,ZPP.3,2MK,302,403,494,6FL,6NF,6NR,655,752",,,"Sep 19, 2012",550,,,,,,,,,,
300 - Alpine White,,NCSW - Black Novillo Leather,,WBSKG9C59DJ593320,,J593320,"MSRP.1,ZCW,ZPP.3,2MK,2MT.1,302,6FL",,,"Sep 19, 2012",,,,,,,,,,,
A73 - Jerez Black Metallic,,NDH2 - Fox Red Extended Leather,,WBSKG9C50DJ593321,,J593321,"MSRP.1,2MK,302,494,4MX,507,609,6FL",,,"Sep 19, 2012",550/2000,,,,,,,,,,
A30 - Interlagos Blue Metallic,,NCH5 - Fox Red/Black Novillo Leather,,WBSKG9C52DJ593322,,J593322,"MSRP.1,ZPP.3,302,403,6FL,6NF,6NR",,,"Sep 20, 2012",550,,,,,,,,,,
A75 - Melbourne Red Metallic,,NCH2 - Fox Red Novillo Leather,,WBSKG9C54DJ593323,,J593323,"MSRP.1,ZCP,ZPP.3,302,494,5AC,6FL,6NF,6NR,752",,,"Sep 20, 2012",550,,,,,,,,,,
A73 - Jerez Black Metallic,,NDH2 - Fox Red Extended Leather,,WBSKG9C56DJ593324,,J593324,"MSRP.1,ZPP.1,2MK,2MT.1,302,5AC,6FL,6NF,6NR,655,752",,,"Sep 20, 2012",550/1100,,,,,,,,,,
381 - Le Mans Blue Metallic,,NCSW - Black Novillo Leather,,WBSKG9C58DJ593325,,J593325,"MSRP.1,ZPP.1,2MT.1,302,494,6FL,6NF,6NR,655",,,"Sep 20, 2012",550,,,,,,,,,,
668 - Jet Black,,NCSW - Black Novillo Leather,,WBSKG9C5XDJ593326,,J593326,"MSRP.1,2MK,302,403,494,4MY,507,6FL",,,"Sep 20, 2012",950,,,,,,,,,,
300 - Alpine White,,GEAT - Anthracite/Black Cloth & Leather,,WBSKG9C51DJ593327,,J593327,"MSRP.1,ZCP,2MK,302,4MY,507,609,6FL,6NF,6NR,655",,,"Sep 20, 2012",,,,,,,,,,,
A96 - Mineral White Metallic,,NCH2 - Fox Red Novillo Leather,,WBSKG9C53DJ593328,,J593328,"MSRP.1,ZCP,ZPP.3,302,6FL,752",,,"Sep 21, 2012",,,,,,,,,,,
A96 - Mineral White Metallic,,NDH2 - Fox Red Extended Leather,,WBSKG9C55DJ593329,,J593329,"MSRP.1,ZCP,ZPP.3,2MK,302,494,6FL,752",,,"Sep 21, 2012",1100,,,,,,,,,,
A30 - Interlagos Blue Metallic,,NCSW - Black Novillo Leather,,WBSKG9C51DJ593330,,J593330,"MSRP.1,ZCW,2MK,302,322,403,415,4MY,507,6FL,655,752",,,"Sep 21, 2012",550/950,,CAN,,,,,,,,
668 - Jet Black,,NCH5 - Fox Red/Black Novillo Leather,,WBSKG9C53DJ593331,,J593331,"MSRP.1,ZCP,ZPP.3,2MK,302,5AC,6FL,752",,,"Sep 21, 2012",,,,,,,,,,,
300 - Alpine White,,NCH2 - Fox Red Novillo Leather,,WBSKG9C55DJ593332,,J593332,"MSRP.1,ZCP,ZPP.3,2MK,302,494,6FL,6NF,6NR",,,"Sep 21, 2012",,,,,,,,,,,
300 - Alpine White,,NDSW - Black Extended Novillo Leather,,WBSKG9C57DJ593333,,J593333,"MSRP.1,ZCP,ZPP.1,2MK,302,494,6FL,655,752",,,"Sep 21, 2012",1100,,,,,,,,,,
A73 - Jerez Black Metallic,,NCSW - Black Novillo Leather,,WBSKG9C59DJ593334,,J593334,"MSRP.1,ZCP,ZCW,302,322,415,4MY,507,609,6FL,6NF,6NR,655,752",,,"Sep 21, 2012",550/950,,CAN,,,,,,,,
300 - Alpine White,,GEAT - Anthracite/Black Cloth & Leather,,WBSKG9C50DJ593335,,J593335,"MSRP.1,ZCP,302,494,4MY,507,6FL",,,"Sep 21, 2012",,,,,,,,,,,
668 - Jet Black,,NCH5 - Fox Red/Black Novillo Leather,,WBSKG9C52DJ593336,,J593336,"MSRP.1,ZCP,ZCW,ZPP.3,302,6FL,655,752",,,"Sep 21, 2012",,,,,,,,,,,
A29 - Silverstone Metallic II,,NCSW - Black Novillo Leather,,WBSKG9C54DJ593337,,J593337,"MSRP.1,ZPP.1,2MK,302,6FL,655",,,"Sep 22, 2012",550,,,,,,,,,,
A52 - Space Gray Metallic,,NCSW - Black Novillo Leather,,WBSKG9C56DJ593338,,J593338,"MSRP.1,ZPP.2,2MT.1,302,403,494,6FL,655",,,"Sep 22, 2012",550,,,,,,,,,,
381 - Le Mans Blue Metallic,,NDSW - Black Extended Novillo Leather,,WBSKG9C58DJ593339,,J593339,"MSRP.1,ZCP,ZCW,ZPP.3,2MK,302,403,5AC,6FL,752",,,"Sep 22, 2012",550/1100,,,,,,,,,,
A29 - Silverstone Metallic II,,NCH4 - Palladium/Black Novillo Leather,,WBSKG9C54DJ593340,,J593340,"MSRP.1,ZCP,ZCW,ZPP.1,2MK,302,5AC,6FL,6NF,6NR,655,752",,,"Sep 22, 2012",550,,,,,,,,,,
A29 - Silverstone Metallic II,,NCSW - Black Novillo Leather,,WBSKG9C56DJ593341,,J593341,"MSRP.1,ZCP,ZPP.3,2MK,302,6FL,6NF,6NR,655,752",,,"Sep 22, 2012",550,,,,,,,,,,
381 - Le Mans Blue Metallic,,NCH4 - Palladium/Black Novillo Leather,,WBSKG9C58DJ593342,,J593342,"MSRP.1,ZCP,ZPP.3,2MK,302,403,494,6FL,6NF,6NR,655",,,"Sep 22, 2012",550,,,,,,,,,,
A96 - Mineral White Metallic,,NCSW - Black Novillo Leather,,WBSKG9C5XDJ593343,,J593343,"MSRP.1,ZCP,ZCW,ZPP.3,2MK,302,5AC,6FL,6NF,6NR,655,752",,,"Sep 22, 2012",,,,,,,,,,,
A73 - Jerez Black Metallic,,NCH3 - Beige Novillo Leather,,WBSKG9C51DJ593344,,J593344,"MSRP.1,ZCP,2MK,302,403,507,609,6FL,771",,,"Sep 22, 2012",550/950,,,,,,,,,,
A75 - Melbourne Red Metallic,,NCSW - Black Novillo Leather,,WBSKG9C53DJ593345,,J593345,"MSRP.1,ZCP,ZPP.3,2MK,302,494,6FL,6NF,6NR,655,752",,,"Sep 22, 2012",550,,,,,,,,,,
A96 - Mineral White Metallic,,NCSW - Black Novillo Leather,,WBSKG9C55DJ593346,,J593346,"MSRP.1,ZCP,ZCW,ZPP.3,2MK,302,6FL,6NF,6NR,655,752",,,"Sep 22, 2012",,,,,,,,,,,
A96 - Mineral White Metallic,,NCSW - Black Novillo Leather,,WBSKG9C57DJ593347,,J593347,"MSRP.1,ZCP,ZCW,ZPP.3,2MK,302,6FL,6NF,6NR,655,752",,,"Sep 22, 2012",,,,,,,,,,,
A96 - Mineral White Metallic,,NCSW - Black Novillo Leather,,WBSKG9C59DJ593348,,J593348,"MSRP.1,ZCP,ZCW,ZPP.3,2MK,302,6FL,6NF,6NR,655,752",,,"Sep 22, 2012",,,,,,,,,,,
A75 - Melbourne Red Metallic,,NCSW - Black Novillo Leather,,WBSKG9C50DJ593349,,J593349,"MSRP.1,ZCP,ZCW,ZPP.1,2MK,302,6FL,655",,,"Sep 22, 2012",550,,,,,,,,,,
381 - Le Mans Blue Metallic,,NDH1 - Silver Novillo Extended Leather,,WBSKG9C57DJ593350,,J593350,"MSRP.1,ZCP,ZPP.3,2MK,302,494,6FL,6NF,6NR",,,"Sep 22, 2012",550/1100,,,,,,,,,,
381 - Le Mans Blue Metallic,,NCH4 - Palladium/Black Novillo Leather,,WBSKG9C59DJ593351,,J593351,"MSRP.1,ZCP,ZPP.3,2MK,302,494,5AC,6FL,6NF,6NR,655,752",,,"Sep 22, 2012",550,,,,,,,,,,
381 - Le Mans Blue Metallic,,NDSW - Black Extended Novillo Leather,,WBSKG9C50DJ593352,,J593352,"MSRP.1,ZCP,ZCW,ZPP.3,2MK,302,5AC,6FL,6NF,6NR,655,752",,,"Sep 22, 2012",550/1100,,,,,,,,,,
300 - Alpine White,,NCH5 - Fox Red/Black Novillo Leather,,WBSKG9C52DJ593353,,J593353,"MSRP.1,494,507,609,6FL,655",,,"Sep 24, 2012",950,,,,,,,,,,
381 - Le Mans Blue Metallic,,NCH4 - Palladium/Black Novillo Leather,,WBSKG9C54DJ593354,,J593354,"MSRP.1,ZCP,ZCW,ZPP.1,2MK,302,6FL,6NF,6NR,655,752",,,"Sep 24, 2012",550,,,,,,,,,,
A73 - Jerez Black Metallic,,NCSW - Black Novillo Leather,,WBSKG9C56DJ593355,,J593355,"MSRP.1,ZCP,ZCW,ZPP.3,302,6FL,6NF,6NR,655",,,"Sep 24, 2012",550,,,,,,,,,,
A30 - Interlagos Blue Metallic,,NCSW - Black Novillo Leather,,WBSKG9C58DJ593356,,J593356,"MSRP.1,ZCP,ZPP.3,2MK,302,6FL,6NF,6NR,655,752",,,"Sep 24, 2012",550,,,,,,,,,,
B41 - Signapore Grey Metallic,,NDH2 - Fox Red Extended Leather,,WBSKG9C5XDJ593357,,J593357,"MSRP.1,IND,ZCP,ZCW,ZPP.3,2MK,302,5AC,6FL,6NF,6NR",,,"Oct 4, 2012",1100,,,,,,,,,,
A52 - Space Gray Metallic,,NCH5 - Fox Red/Black Novillo Leather,,WBSKG9C51DJ593358,,J593358,"MSRP.1,ZCP,ZCW,ZPP.3,2MK,302,403,5AC,6FL,6NF,6NR,655,752",,,"Sep 24, 2012",550,,,,,,,,,,
300 - Alpine White,,GEAT - Anthracite/Black Cloth & Leather,,WBSKG9C53DJ593359,,J593359,"MSRP.1,2MK,302,507,609,6FL,771",,,"Sep 24, 2012",,,,,,,,,,,
A96 - Mineral White Metallic,,NCSW - Black Novillo Leather,,WBSKG9C5XDJ593360,,J593360,"MSRP.1,ZCP,2MK,302,4MZ,507,609,6FL",,,"Sep 24, 2012",950,,,,,,,,,,
300 - Alpine White,,NCSW - Black Novillo Leather,,WBSKG9C51DJ593361,,J593361,"MSRP.1,ZCP,ZCW,ZPP.3,2MK,302,6FL,6NF,6NR,655",,,"Sep 24, 2012",,,,,,,,,,,
300 - Alpine White,,NCSW - Black Novillo Leather,,WBSKG9C53DJ593362,,J593362,"MSRP.1,ZCP,ZCW,ZPP.3,2MK,302,6FL,6NF,6NR,655,752",,,"Sep 24, 2012",,,,,,,,,,,
A52 - Space Gray Metallic,,NCH1 - Silver Novillo Leather,,WBSKG9C55DJ593363,,J593363,"MSRP.1,ZPP.2,2MK,2MT.1,302,6FL,6NF,6NR,655",,,"Sep 24, 2012",550,,,,,,,,,,
A75 - Melbourne Red Met.,,GEAT - Anthracite/Black Cloth & Leather,,WBSKG9C57DJ593364,,J593364,"MSRP.1,ZCP,ZCW,ZPP.2,2MK,302,403,6FL,6NF,6NR,655,752",,,"Sep 24, 2012",,,,,,,,,,,
A52 - Space Gray Metallic,,NDSW - Black Extended Novillo Leather,,WBSKG9C59DJ593365,,J593365,"MSRP.1,ZCP,ZCW,ZPP.3,2MK,302,5AC,6FL,6NF,6NR,655,752",,,"Sep 24, 2012",550/1100,,,,,,,,,,
A52 - Space Gray Metallic,,NCH2 - Fox Red Novillo Leather,,WBSKG9C50DJ593366,,J593366,"MSRP.1,ZCP,ZPP.1,302,6FL,655",,,"Sep 24, 2012",550,,,,,,,,,,
A52 - Space Gray Metallic,,NCSW - Black Novillo Leather,,WBSKG9C52DJ593367,,J593367,"MSRP.1,ZCP,ZPP.3,302,494,6FL,6NF,6NR",,,"Sep 24, 2012",550,,,,,,,,,,
668 - Jet Black,,NCH5 - Fox Red/Black Novillo Leather,,WBSKG9C54DJ593368,,J593368,"MSRP.1,ZCP,ZCW,ZPP.3,2MK,302,6FL,6NF,6NR,752",,,"Sep 24, 2012",,,,,,,,,,,
668 - Jet Black,,NCSW - Black Novillo Leather,,WBSKG9C56DJ593369,,J593369,"MSRP.1,ZCP,ZPP.3,2MK,302,494,6FL",,,"Sep 24, 2012",,,,,,,,,,,
A73 - Jerez Black Metallic,,NCH5 - Fox Red/Black Novillo Leather,,WBSKG9C52DJ593370,,J593370,"MSRP.1,ZCP,ZCW,ZPP.3,2MK,302,6FL,6NF,6NR,655,752",,,"Sep 25, 2012",550,,,,,,,,,,
A75 - Melbourne Red Metallic,,NCSW - Black Novillo Leather,,WBSKG9C54DJ593371,,J593371,"MSRP.1,ZCP,ZCW,ZPP.3,2MK,302,403,6FL,6NF,6NR,655,752",,,"Sep 25, 2012",550,,,,,,,,,,
A30 - Interlagos Blue Metallic,,NCSW - Black Novillo Leather,,WBSKG9C56DJ593372,,J593372,"MSRP.1,ZCP,ZPP.3,2MK,302,403,494,6FL,6NF,6NR,655,752",,,"Sep 25, 2012",550,,,,,,,,,,
A73 - Jerez Black Metallic,,NCSW - Black Novillo Leather,,WBSKG9C58DJ593373,,J593373,"MSRP.1,ZCP,ZCW,ZPP.2,2MK,302,6FL,6NF,6NR,655,752",,,"Sep 25, 2012",550,,,,,,,,,,
A52 - Space Gray Metallic,,NDH2 - Fox Red Extended Leather,,WBSKG9C5XDJ593374,,J593374,"MSRP.1,ZCP,ZCW,ZPP.3,2MK,302,5AC,6FL,6NF,6NR,655,752",,,"Sep 25, 2012",550/1100,,,,,,,,,,
A75 - Melbourne Red Metallic,,NDSW - Black Extended Novillo Leather,,WBSKG9C51DJ593375,,J593375,"MSRP.1,ZCP,ZPP.3,2MK,302,403,494,6FL,655,752",,,"Sep 25, 2012",550/1100,,,,,,,,,,
A96 - Mineral White Metallic,,NCH1 - Silver Novillo Leather,,WBSKG9C53DJ593376,,J593376,"MSRP.1,ZCP,302,322,403,507,6FL,655,771",,,"Sep 25, 2012",950,,,,,,,,,,
300 - Alpine White,,NCSW - Black Novillo Leather,,WBSKG9C55DJ593377,,J593377,"MSRP.1,ZCP,ZCW,ZPP.3,2MK,302,6FL,6NF,6NR,655,752",,,"Sep 25, 2012",,,,,,,,,,,
300 - Alpine White,,NCH2 - Fox Red Novillo Leather,,WBSKG9C57DJ593378,,J593378,"MSRP.1,ZCP,ZPP.3,302,494,6FL,655",,,9-25-2012,,,,,,,,,,,
300 - Alpine White,,NCSW - Black Novillo Leather,,WBSKG9C59DJ593379,,J593379,"MSRP.1,ZCP,ZCW,ZPP.3,2MK,302,6FL,6NF,6NR,655,752",,,9-25-2012,,,,,,,,,,,
A73 - Jerez Black Metallic,,NDSW - Black Extended Novillo Leather,,WBSKG9C55DJ593380,,J593380,"MSRP.1,ZCP,ZPP.3,2MK,302,403,494,6FL,6NF,6NR,655",,,"Sep 25, 2012",550/1100,,,,,,,,,,
A52 - Space Gray Metallic,,NCH2 - Fox Red Novillo Leather,,WBSKG9C57DJ593381,,J593381,"MSRP.1,ZCP,ZPP.3,2MK,302,6FL,6NF,6NR,655,752",,,"Sep 25, 2012",550,,,,,,,,,,
A52 - Space Gray Metallic,,NCSW - Black Novillo Leather,,WBSKG9C59DJ593382,,J593382,"MSRP.1,ZCP,ZPP.3,2MK,302,494,6FL,6NF,6NR",,,"Sep 25, 2012",550,,,,,,,,,,
A73 - Jerez Black Metallic,,NCH5 - Fox Red/Black Novillo Leather,,WBSKG9C50DJ593383,,J593383,"MSRP.1,ZCP,ZPP.3,2MK,302,403,494,6FL,6NF,6NR,655,752",,,"Sep 25, 2012",550,,,,,,,,,,
A96 - Mineral White Metallic,,NCH2 - Fox Red Novillo Leather,,WBSKG9C52DJ593384,,J593384,"MSRP.1,ZCP,ZCW,ZPP.3,302,6FL,752",,,"Sep 25, 2012",,,,,,,,,,,
A52 - Space Gray Metallic,,NDH2 - Fox Red Extended Leather,,WBSKG9C54DJ593385,,J593385,"MSRP.1,ZCP,ZPP.3,2MK,302,494,5AC,6FL,6NF,6NR,655,752",,,"Sep 26, 2012",550/1100,,,,,,,,,,
A52 - Space Gray Metallic,,NCH4 - Palladium/Black Novillo Leather,,WBSKG9C56DJ593386,,J593386,"MSRP.1,ZCP,ZCW,ZPP.3,2MK,302,6FL,6NF,6NR,655,752",,,"Sep 26, 2012",550,,,,,,,,,,
300 - Alpine White,,NDSW - Black Extended Novillo Leather,,WBSKG9C58DJ593387,,J593387,"MSRP.1,ZCP,ZCW,ZPP.3,2MK,302,6FL,6NF,6NR,655,752",,,"Sep 26, 2012",1100,,,,,,,,,,
300 - Alpine White,,NCH1 - Silver Novillo Leather,,WBSKG9C5XDJ593388,,J593388,"MSRP.1,ZPP.1,2MK,2MT.1,302,494,6FL,752",,,"Sep 26, 2012",,,,,,,,,,,
300 - Alpine White,,NDSW - Black Extended Novillo Leather,,WBSKG9C51DJ593389,,J593389,"MSRP.1,ZCP,ZCW,ZPP.3,2MK,302,6FL,6NF,6NR,655,752",,,"Sep 26, 2012",1100,,,,,,,,,,
A75 - Melbourne Red Metallic,,NCSW - Black Novillo Leather,,WBSKG9C58DJ593390,,J593390,"MSRP.1,ZCP,ZCW,ZPP.3,2MK,302,5AC,6FL,6NF,6NR,655,752",,,"Sep 26, 2012",550,,,,,,,,,,
300 - Alpine White,,NCSW - Black Novillo Leather,,WBSKG9C5XDJ593391,,J593391,"MSRP.1,ZCP,ZPP.3,2MK,302,494,6FL,655,752",,,"Sep 26, 2012",,,,,,,,,,,
300 - Alpine White,,NCSW - Black Novillo Leather,,WBSKG9C51DJ593392,,J593392,"MSRP.1,ZPP.3,2MK,2MT.1,302,494,6FL,6NF,6NR,655,752",,,"Sep 26, 2012",,,,,,,,,,,
A29 - Silverstone Metallic II,,NCSW - Black Novillo Leather,,WBSKG9C53DJ593393,,J593393,"MSRP.1,ZCW,ZPP.3,2MK,2MT.1,302,403,6FL,6NF,6NR,655,752",,,"Sep 26, 2012",550,,,,,,,,,,
668 - Jet Black,,NCSW - Black Novillo Leather,,WBSKG9C55DJ593394,,J593394,"MSRP.1,ZCP,ZPP.3,302,494,6FL,6NF,6NR,655,752",,,"Sep 26, 2012",,,,,,,,,,,
A29 - Silverstone Metallic II,,NDSW - Black Extended Novillo Leather,,WBSKG9C57DJ593395,,J593395,"MSRP.1,ZCP,ZCW,ZPP.3,2MK,302,6FL,6NF,6NR,655,752",,,"Sep 27, 2012",550/1100,,,,,,,,,,
668 - Jet Black,,NDSW - Black Extended Novillo Leather,,WBSKG9C59DJ593396,,J593396,"MSRP.1,ZCP,ZPP.3,2MK,302,494,6FL,6NF,6NR,655,752",,,"Sep 26, 2012",1100,,,,,,,,,,
A29 - Silverstone Metallic II,,NDSW - Black Extended Novillo Leather,,WBSKG9C50DJ593397,,J593397,"MSRP.1,ZCP,ZPP.2,2MK,302,403,6FL,6NF,6NR,655,752",,,"Sep 26, 2012",550/1100,,,,,,,,,,
A29 - Silverstone Metallic II,,NCH2 - Fox Red Novillo Leather,,WBSKG9C52DJ593398,,J593398,"MSRP.1,ZCP,ZPP.3,2MK,302,494,6FL,6NF,6NR,655,752",,,"Sep 26, 2012",550,,,,,,,,,,
A52 - Space Gray Metallic,,NDH2 - Fox Red Extended Leather,,WBSKG9C54DJ593399,,J593399,"MSRP.1,ZCP,ZPP.3,302,6FL",,,"Sep 27, 2012",550/1100,,,,,,,,,,
668 - Jet Black,,GEAT - Anthracite/Black Cloth & Leather,,WBSKG9C57DJ593400,,J593400,"MSRP.1,ZCP,ZPP.1,302,494,6FL,655",,,"Sep 27, 2012",,,,,,,,,,,
A73 - Jerez Black Metallic,,NDH3 - Beige Novillo Extended Leather,,WBSKG9C59DJ593401,,J593401,"MSRP.1,ZCP,ZPP.3,2MK,302,494,6FL,6NF,6NR,655,752",,,"Sep 27, 2012",550/1100,,,,,,,,,,
A52 - Space Gray Metallic,,NCH2 - Fox Red Novillo Leather,,WBSKG9C50DJ593402,,J593402,"MSRP.1,ZCP,ZCW,ZPP.3,2MK,302,403,5AC,6FL,6NF,6NR,655,752",,,"Sep 27, 2012",550,,,,,,,,,,
A73 - Jerez Black Metallic,,NCH2 - Fox Red Novillo Leather,,WBSKG9C52DJ593403,,J593403,"MSRP.1,ZCP,ZPP.3,2MK,302,494,6FL,6NF,6NR,655",,,"Sep 27, 2012",550,,,,,,,,,,
300 - Alpine White,,NCSW - Black Novillo Leather,,WBSKG9C54DJ593404,,J593404,"MSRP.1,ZCP,ZPP.3,2MK,302,494,6FL,6NF,6NR,655,752",,,"Sep 27, 2012",,,,,,,,,,,
A73 - Jerez Black Metallic,,NCSW - Black Novillo Leather,,WBSKG9C56DJ593405,,J593405,"MSRP.1,ZCP,ZPP.3,2MK,302,494,6FL,6NF,6NR,655,752",,,"Sep 27, 2012",550,,,,,,,,,,
A52 - Space Gray Metallic,,NCH4 - Palladium/Black Novillo Leather,,WBSKG9C58DJ593406,,J593406,"MSRP.1,ZPP.3,2MK,302,494,6FL,6NF,6NR,655",,,"Sep 27, 2012",550,,,,,,,,,,
300 - Alpine White,,NCSW - Black Novillo Leather,,WBSKG9C5XDJ593407,,J593407,"MSRP.1,ZCP,ZPP.3,2MK,302,494,6FL,6NF,6NR,655,752",,,"Sep 27, 2012",,,,,,,,,,,
300 - Alpine White,,NCSW - Black Novillo Leather,,WBSKG9C51DJ593408,,J593408,"MSRP.1,ZCP,ZPP.3,2MK,302,494,5AC,6FL,6NF,6NR,655,752",,,"Sep 27, 2012",,,,,,,,,,,
A96 - Mineral White Metallic,,NCH2 - Fox Red Novillo Leather,,WBSKG9C53DJ593409,,J593409,"MSRP.1,ZCP,ZPP.3,2MK,302,494,6FL,752",,,"Sep 27, 2012",,,,,,,,,,,
A75 - Melbourne Red Metallic,,NCSW - Black Novillo Leather,,WBSKG9C5XDJ593410,,J593410,"MSRP.1,ZCP,ZCW,ZPP.3,2MK,302,6FL,6NF,6NR,655,752",,,"Sep 27, 2012",550,,,,,,,,,,
A96 - Mineral White Metallic,,NCH5 - Fox Red/Black Novillo Leather,,WBSKG9C51DJ593411,,J593411,"MSRP.1,ZCP,ZPP.3,2MK,302,494,6FL,6NF,6NR,752",,,"Sep 27, 2012",,,,,,,,,,,
A75 - Melbourne Red Metallic,,NCH5 - Fox Red/Black Novillo Leather,,WBSKG9C53DJ593412,,J593412,"MSRP.1,ZCP,ZCW,ZPP.3,2MK,302,6FL,6NF,6NR,655,752",,,"Sep 27, 2012",550,,,,,,,,,,
300 - Alpine White,,NCH2 - Fox Red Novillo Leather,,WBSKG9C55DJ593413,,J593413,"MSRP.1,ZPP.3,2MK,2MT.1,302,6FL,655,752",,,"Sep 27, 2012",,,,,,,,,,,
A96 - Mineral White Metallic,,NDH2 - Fox Red Extended Leather,,WBSKG9C57DJ593414,,J593414,"MSRP.1,ZCP,ZPP.3,2MK,302,494,6FL,655",,,"Sep 27, 2012",1100,,,,,,,,,,
A96 - Mineral White Metallic,,NCSW - Black Novillo Leather,,WBSKG9C59DJ593415,,J593415,"MSRP.1,ZCP,ZCW,ZPP.3,2MK,302,5AC,6FL,6NF,6NR,655,752",,,09-28-2012,,,,,,,,,,,
A96 - Mineral White Metallic,,NCSW - Black Novillo Leather,,WBSKG9C50DJ593416,,J593416,"MSRP.1,ZCP,ZCW,ZPP.3,2MK,302,6FL,6NF,6NR,655,752",,,"Sep 28, 2012",,,,,,,,,,,
A96 - Mineral White Metallic,,NCH4 - Palladium/Black Novillo Leather,,WBSKG9C52DJ593417,,J593417,"MSRP.1,ZPP.3,2MK,2MT.1,302,6FL,655,752",,,"Sep 28, 2012",,,,,,,,,,,
A96 - Mineral White Metallic,,NDSW - Black Extended Novillo Leather,,WBSKG9C54DJ593418,,J593418,"MSRP.1,ZCP,ZPP.3,2MK,302,494,5AC,6FL,6NF,6NR,655,752",,,"Sep 28, 2012",1100,,,,,,,,,,
300 - Alpine White,,GEAT - Anthracite/Black Cloth & Leather,,WBSKG9C56DJ593419,,J593419,"MSRP.1,ZCP,ZPP.3,2MK,302,6FL,752",,,"Sep 28, 2012",,,,,,,,,,,
300 - Alpine White,,NCSW - Black Novillo Leather,,WBSKG9C52DJ593420,,J593420,"MSRP.1,ZCP,ZPP.2,2MK,302,6FL,6NF,6NR,655,752",,,"Sep 28, 2012",,,,,,,,,,,
A96 - Mineral White Metallic,,NDSW - Black Extended Novillo Leather,,WBSKG9C54DJ593421,,J593421,"MSRP.1,ZCP,ZPP.3,2MK,302,403,494,6FL,6NF,6NR,752",,,09-28-2012,1100,,,,,,,,,,
A96 - Mineral White Metallic,,NCSW - Black Novillo Leather,,WBSKG9C56DJ593422,,J593422,"MSRP.1,ZCP,ZCW,ZPP.3,2MK,302,5AC,6FL,6NF,6NR,655,752",,,"Sep 28, 2012",,,,,,,,,,,
A96 - Mineral White Metallic,,NCSW - Black Novillo Leather,,WBSKG9C58DJ593423,,J593423,"MSRP.1,ZCP,ZPP.3,2MK,302,6FL,6NF,6NR,655,752",,,"Sep 28, 2012",,,,,,,,,,,
A73 - Jerez Black Metallic,,NCSW - Black Novillo Leather,,WBSKG9C5XDJ593424,,J593424,"MSRP.1,ZCW,ZPP.3,302,403,6FL,752",,,"Sep 28, 2012",550,,,,,,,,,,
A30 - Interlagos Blue Metallic,,NCSW - Black Novillo Leather,,WBSKG9C51DJ593425,,J593425,"MSRP.1,ZPP.3,2MK,2MT.1,302,403,6FL,6NF,6NR,655",,,"Sep 28, 2012",550,,,,,,,,,,
A73 - Jerez Black Metallic,,NCSW - Black Novillo Leather,,WBSKG9C53DJ593426,,J593426,"MSRP.1,ZCP,ZCW,ZPP.2,302,403,6FL,6NF,6NR,655,752",,,09-28-2012,550,,,,,,,,,,
A73 - Jerez Black Metallic,,NDSW - Black Extended Novillo Leather,,WBSKG9C55DJ593427,,J593427,"MSRP.1,ZCW,ZPP.3,2MK,2MT.1,302,403,6FL,655,752",,,"Sep 28, 2012",550/1100,,,,,,,,,,
A29 - Silverstone Metallic II,,NCSW - Black Novillo Leather,,WBSKG9C57DJ593428,,J593428,"MSRP.1,ZPP.3,2MK,302,494,6FL,655",,,"Sep 28, 2012",550,,,,,,,,,,
300 - Alpine White,,NCH3 - Beige Novillo Leather,,WBSKG9C59DJ593429,,J593429,"MSRP.1,ZCW,ZPP.3,2MK,302,6FL,6NF,6NR,655,752",,,"Sep 28, 2012",,,,,,,,,,,
668 - Jet Black,,NCSW - Black Novillo Leather,,WBSKG9C55DJ593430,,J593430,"MSRP.1,ZCP,ZPP.2,2MK,302,403,494,6FL,6NF,6NR,655,752",,,"Sep 28, 2012",,,,,,,,,,,
381 - Le Mans Blue Metallic,,NCSW - Black Novillo Leather,,WBSKG9C57DJ593431,,J593431,"MSRP.1,ZCP,ZPP.3,2MK,302,494,5AC,6FL,6NF,6NR,655,752",,,09-28-2012,550,,,,,,,,,,
A52 - Space Gray Metallic,,GEAT - Anthracite/Black Cloth & Leather,,WBSKG9C59DJ593432,,J593432,"MSRP.1,ZCP,302,322,4MX,507,609,6FL,6NF,6NR",,,"Sep 28, 2012",550,,,,,,,,,,
A96 - Mineral White Metallic,,GEAT - Anthracite/Black Cloth & Leather,,WBSKG9C50DJ593433,,J593433,"MSRP.1,ZCP,2MK,302,507,609,6FL,771",,,"Sep 29, 2012",,,,,,,,,,,
A52 - Space Gray Metallic,,NCH5 - Fox Red/Black Novillo Leather,,WBSKG9C52DJ593434,,J593434,"MSRP.1,ZCP,ZPP.3,2MK,302,5AC,6FL,752",,,"Sep 29, 2012",550,,,,,,,,,,
A75 - Melbourne Red Metallic,,GEAT - Anthracite/Black Cloth & Leather,,WBSKG9C54DJ593435,,J593435,"MSRP.1,ZCP,302,494,4MY,507,609,6FL,6NF,6NR",,,"Sep 29, 2012",550,,,,,,,,,,
A73 - Jerez Black Metallic,,NCSW - Black Novillo Leather,,WBSKG9C56DJ593436,,J593436,"MSRP.1,ZCP,ZPP.2,302,403,494,6FL,752",,,"Sep 29, 2012",550,,,,,,,,,,
A96 - Mineral White Metallic,,NCH3 - Beige Novillo Leather,,WBSKG9C58DJ593437,,J593437,"MSRP.1,2MK,2MT.1,302,322,4MZ,507,609,6FL",,,09-29-2012,950,,,,,,,,,,
300 - Alpine White,,NCH2 - Fox Red Novillo Leather,,WBSKG9C5XDJ593438,,J593438,"MSRP.1,ZCP,ZPP.3,2MK,302,494,5AC,6FL,6NF,6NR,655,752",,,"Sep 29, 2012",,,,,,,,,,,
300 - Alpine White,,NCSW - Black Novillo Leather,,WBSKG9C51DJ593439,,J593439,"MSRP.1,ZCP,ZCW,ZPP.3,2MK,302,5AC,6FL,655,752",,,"Sep 29, 2012",,,,,,,,,,,
300 - Alpine White,,NDSW - Black Extended Novillo Leather,,WBSKG9C58DJ593440,,J593440,"MSRP.1,ZCP,ZCW,ZPP.3,2MK,302,5AC,6FL,6NF,6NR,655,752",,,"Sep 29, 2012",1100,,,,,,,,,,
668 - Jet Black,,NCH5 - Fox Red/Black Novillo Leather,,WBSKG9C5XDJ593441,,J593441,"MSRP.1,ZCP,ZPP.3,302,403,494,6FL",,,"Sep 29, 2012",,,,,,,,,,,
300 - Alpine White,,NCSW - Black Novillo Leather,,WBSKG9C51DJ593442,,J593442,"MSRP.1,ZCP,ZPP.3,2MK,302,403,6FL,6NF,6NR,655,752",,,"Sep 29, 2012",,,,,,,,,,,
W93 - Frozen Brilliant White Metallic,,NCSW - Black Novillo Leather,,WBSKG9C53DJ593443,,J593443,"MSRP.1,ZCP,ZPP.3,2MK,302,494,6FL,6NF,6NR,655,752",,,10-08-2012,,,,,,,,,,,
U91 - Frozen Black ,,Z1XX - Unknown Upholstery Code,,WBSKG9C55DJ593444,,J593444,"MSRP.1,ZCP,ZCW,ZPP.3,2MK,302,6FL,6NF,6NR,655,752",,,"Oct 8, 2012",,,,,,,,,,,
A73 - Jerez Black Metallic,,NCH5 - Fox Red/Black Novillo Leather,,WBSKG9C57DJ593445,,J593445,"MSRP.1,ZCP,ZPP.3,302,403,494,6FL,655",,,"Oct 1, 2012",550,,,,,,,,,,
300 - Alpine White,,NCH2 - Fox Red Novillo Leather,,WBSKG9C59DJ593446,,J593446,"MSRP.1,ZCP,ZCW,ZPP.3,2MK,302,6FL,6NF,6NR,655,752",,,"Oct 1, 2012",,,,,,,,,,,
300 - Alpine White,,NCH5 - Fox Red/Black Novillo Leather,,WBSKG9C50DJ593447,,J593447,"MSRP.1,ZCW,ZPP.3,2MK,2MT.1,302,6FL,6NF,6NR,752",,,"Oct 1, 2012",,,,,,,,,,,
A96 - Mineral White Metallic,,NCSW - Black Novillo Leather,,WBSKG9C52DJ593448,,J593448,"MSRP.1,ZCP,ZPP.3,2MK,302,5AC,6FL,655",,,10-01-2012,,,,,,,,,,,
A30 - Interlagos Blue Metallic,,NDH3 - Beige Novillo Extended Leather,,WBSKG9C54DJ593449,,J593449,"MSRP.1,ZPP.2,302,494,6FL,6NF,6NR",,,"Oct 2, 2012",550/1100,,,,,,,,,,
A52 - Space Gray Metallic,,NCH1 - Silver Novillo Leather,,WBSKG9C50DJ593450,,J593450,"MSRP.1,ZPP.1,2MT.1,302,494,6FL,655,752",,,"Oct 4, 2012",550,,,,,,,,,,
300 - Alpine White,,NCSW - Black Novillo Leather,,WBSKG9C52DJ593451,,J593451,"MSRP.1,ZCP,ZPP.3,302,494,5AC,6FL,6NF,6NR",,,"Oct 4, 2012",,,,,,,,,,,
300 - Alpine White,,GEAT - Anthracite/Black Cloth & Leather,,WBSKG9C54DJ593452,,J593452,"MSRP.1,ZCP,302,507,6FL,771",,,"Oct 4, 2012",,,,,,,,,,,
300 - Alpine White,,NCSW - Black Novillo Leather,,WBSKG9C56DJ593453,,J593453,"MSRP.1,ZCP,ZPP.3,2MK,302,494,6FL,6NF,6NR,655,752",,,"Oct 4, 2012",,,,,,,,,,,
A29 - Silverstone Metallic II,,NCH4 - Palladium/Black Novillo Leather,,WBSKG9C58DJ593454,,J593454,"MSRP.1,ZCP,ZPP.1,2MK,302,6FL,6NF,6NR,655,752",,,10-05-2012,$550.00,,,,,,,,,,
300 - Alpine White,,NCH5 - Fox Red/Black Novillo Leather,,WBSKG9C5XDJ593455,,J593455,"MSRP.1,ZCP,ZPP.3,2MK,302,6FL",,,"Oct 4, 2012",,,,,,,,,,,
A73 - Jerez Black Metallic,,NCH3 - Beige Novillo Leather,,WBSKG9C51DJ593456,,J593456,"MSRP.1,ZCP,ZPP.2,2MK,302,494,6FL",,,"Oct 4, 2012",$550.00,,,,,,,,,,
300 - Alpine White,,NCH1 - Silver Novillo Leather,,WBSKG9C53DJ593457,,J593457,"MSRP.1,ZCP,302,4MX,507,6FL",,,"Oct 5, 2012",$950.00,,,,,,,,,,
A52 - Space Gray Metallic,,NCH5 - Fox Red/Black Novillo Leather,,WBSKG9C55DJ593458,,J593458,"MSRP.1,ZCP,ZCW,ZPP.3,2MK,302,403,6FL,6NF,6NR,655,752",,,"Oct 5, 2012",$550.00,,,,,,,,,,
A52 - Space Gray Metallic,,NDSW - Black Extended Novillo Leather,,WBSKG9C57DJ593459,,J593459,"MSRP.1,ZCP,ZPP.3,302,403,494,6FL,6NF,6NR,655,752",,,"Oct 6, 2012",550/1100,,,,,,,,,,
A52 - Space Gray Metallic,,NDSW - Black Extended Novillo Leather,,WBSKG9C53DJ593460,,J593460,"MSRP.1,ZCW,ZPP.1,2MK,302,5AC,6FL,6NF,6NR,752",,,"Oct 6, 2012",550/1100,,,,,,,,,,
A73 - Jerez Black Metallic,,NCH1 - Silver Novillo Leather,,WBSKG9C55DJ593461,,J593461,"MSRP.1,ZCW,ZPP.3,2MT.1,302,6FL,6NF,6NR,655,752",,,"Oct 6, 2012",$550.00,,,,,,,,,,
300 - Alpine White,,NCSW - Black Novillo Leather,,WBSKG9C57DJ593462,,J593462,"MSRP.1,ZCP,ZCW,ZPP.3,2MK,302,5AC,6FL,6NF,6NR,655,752",,,"Oct 6, 2012",,,,,,,,,,,
A52 - Space Gray Metallic,,NCH2 - Fox Red Novillo Leather,,WBSKG9C59DJ593463,,J593463,"MSRP.1,ZCP,302,494,4MY,507,609,6FL",,,"Oct 6, 2012",550/950,,,,,,,,,,
U91 - Frozen Black ,,NDSW - Black Extended Novillo Leather,,WBSKG9C50DJ593464,,J593464,"MSRP.1,ZCP,ZCW,ZPP.3,2MK,302,6FL,6NF,6NR,655,752",,,10-13-2012,"$1,100.00",salvage,,,,,,,,,
W91 - Ind. Frozen Blue Met.,,Z1XX - Unknown Upholstery Code,,WBSKG9C52DJ593465,,J593465,"MSRP.1,ZCP,ZPP.3,302,6FL",,,"Oct 12, 2012",,,,,,,,,,,
U94 - Fire Orange 2,,NCSW - Black Novillo Leather,,WBSKG9C54DJ593466,,J593466,"MSRP.1,LRPE,ZCP,ZCW,ZPP.3,2MK,302,6FL,6NF,6NR,655,752",,,"Oct 12, 2012",,,,,,,,,,,
U94 - Fire Orange 2,,NCSW - Black Novillo Leather,,WBSKG9C56DJ593467,,J593467,"MSRP.1,LRPE,ZCP,ZCW,ZPP.3,2MK,302,6FL,6NF,6NR,655,752",,,"Oct 13, 2012",,,,,,,,,,,
U94 - Fire Orange 2,,NDSW - Black Extended Novillo Leather,,WBSKG9C58DJ593468,,J593468,"MSRP.1,LRPE,ZCP,ZPP.3,2MK,302,494,6FL,6NF,6NR,752",,,"Oct 12, 2012","$1,100.00",,,,,,,,,,
U94 - Fire Orange 2,,NCSW - Black Novillo Leather,,WBSKG9C5XDJ593469,,J593469,"MSRP.1,LRPE,ZCP,ZPP.3,2MK,302,494,6FL",,,"Oct 12, 2012",,,,,,,,,,,
U94 - Fire Orange 2,,NDSW - Black Extended Novillo Leather,,WBSKG9C56DJ593470,,J593470,"MSRP.1,LRPE,ZCP,ZCW,ZPP.3,302,6FL,6NF,6NR,655,752",,,"Oct 12, 2012","$1,100.00",,,,,,,,,,
U94 - Fire Orange 2,,NDSW - Black Extended Novillo Leather,,WBSKG9C58DJ593471,,J593471,"MSRP.1,LRPE,ZCP,ZCW,ZPP.3,302,5AC,6FL,6NF,6NR,655,752",,,10-15-2012,"$1,100.00",,,,,,,,,,
U94 - Fire Orange 2,,NCSW - Black Novillo Leather,,WBSKG9C5XDJ593472,,J593472,"MSRP.1,LRPE,ZCP,ZCW,ZPP.3,2MK,302,6FL,655,752",,,"Oct 16, 2012",,,,,,,,,,,
U94 - Fire Orange 2,,GEAT - Anthracite/Black Cloth & Leather,,WBSKG9C51DJ593473,,J593473,"MSRP.1,LRPE,ZCP,ZCW,ZPP.3,2MK,302,5AC,6FL,6NF,6NR,655",,,"Oct 16, 2012",,,,,,,,,,,
U94 - Fire Orange 2,,NDSW - Black Extended Novillo Leather,,WBSKG9C53DJ593474,,J593474,"MSRP.1,LRPE,ZCP,ZCW,ZPP.3,2MK,302,6FL,6NF,6NR,655,752",,,"Oct 15, 2012","$1,100.00",,,,,,,,,,
U94 - Fire Orange 2,,NDSW - Black Extended Novillo Leather,,WBSKG9C55DJ593475,,J593475,"MSRP.1,LRPE,ZCP,ZPP.3,2MK,302,494,6FL,6NF,6NR,752",,,"Oct 16, 2012","$1,100.00",,,,,,,,,,
U94 - Fire Orange 2,,NDSW - Black Extended Novillo Leather,,WBSKG9C57DJ593476,,J593476,"MSRP.1,LRPE,ZCP,ZCW,ZPP.3,2MK,302,6FL,6NF,6NR,655,752",,,"Oct 16, 2012","$1,100.00",,,,,,,,,,
U94 - Fire Orange 2,,NDSW - Black Extended Novillo Leather,,WBSKG9C59DJ593477,,J593477,"MSRP.1,LRPE,ZCP,ZCW,ZPP.3,2MK,302,6FL,6NF,6NR,655,752",,,"Oct 16, 2012","$1,100.00",,,,,,,,,,
U94 - Fire Orange 2,,NDSW - Black Extended Novillo Leather,,WBSKG9C50DJ593478,,J593478,"MSRP.1,LRPE,ZCP,ZCW,ZPP.3,302,6FL,6NF,6NR,752",,,"Oct 16, 2012","$1,100.00",,,,,,,,,,
U94 - Fire Orange 2,,NCSW - Black Novillo Leather,,WBSKG9C52DJ593479,,J593479,"MSRP.1,LRPE,ZCP,ZPP.3,2MK,302,494,6FL,6NF,6NR,655",,,"Oct 16, 2012",,,,,,,,,,,
U94 - Fire Orange 2,,NCSW - Black Novillo Leather,,WBSKG9C59DJ593480,,J593480,"MSRP.1,LRPE,ZCP,ZCW,ZPP.3,302,6FL,6NF,6NR,655,752",,,10-17-2012,,,,,,,,,,,
U94 - Fire Orange 2,,NDSW - Black Extended Novillo Leather,,WBSKG9C50DJ593481,,J593481,"MSRP.1,LRPE,ZCP,ZCW,ZPP.3,2MK,302,5AC,6FL,6NF,6NR,655,752",,,"Oct 17, 2012","$1,100.00",,,,,,,,,,
U94 - Fire Orange 2,,GEAT - Anthracite/Black Cloth & Leather,,WBSKG9C52DJ593482,,J593482,"MSRP.1,LRPE,ZCP,ZCW,ZPP.3,302,6FL,6NF,6NR,655,752",,,"Oct 17, 2012",,,,,,,,,,,
U94 - Fire Orange 2,,NCSW - Black Novillo Leather,,WBSKG9C54DJ593483,,J593483,"MSRP.1,LRPE,ZCP,ZCW,ZPP.3,302,6FL,6NF,6NR,655,752",,,10-17-2012,,,,,,,,,,,
U94 - Fire Orange 2,,NCSW - Black Novillo Leather,,WBSKG9C56DJ593484,,J593484,"MSRP.1,LRPE,ZCP,ZPP.3,2MK,302,494,6FL,655,752",,,10-16-2012,,,,,,,,,,,
U94 - Fire Orange 2,,NCSW - Black Novillo Leather,,WBSKG9C58DJ593485,,J593485,"MSRP.1,LRPE,ZCP,ZCW,ZPP.3,2MK,302,6FL,6NF,6NR,655,752",,,"Oct 18, 2012",,,,,,,,,,,
U94 - Fire Orange 2,,NDSW - Black Extended Novillo Leather,,WBSKG9C5XDJ593486,,J593486,"MSRP.1,LRPE,ZCP,ZCW,ZPP.3,2MK,302,5AC,6FL,6NF,6NR,655,752",,,"Oct 19, 2012",1100,,,,,,,,,,
U94 - Fire Orange 2,,NDSW - Black Extended Novillo Leather,,WBSKG9C51DJ593487,,J593487,"MSRP.1,LRPE,ZCP,ZPP.3,2MK,302,494,6FL,655,752",,,"Oct 18, 2012",1100,,,,,,,,,,
U94 - Fire Orange 2,,NDSW - Black Extended Novillo Leather,,WBSKG9C53DJ593488,,J593488,"MSRP.1,LRPE,ZCP,ZCW,ZPP.3,2MK,302,5AC,6FL,6NF,6NR,655,752",,,"Oct 18, 2012",1100,,,,,,,,,,
U94 - Fire Orange 2,,NCSW - Black Novillo Leather,,WBSKG9C55DJ593489,,J593489,"MSRP.1,LRPE,ZCP,ZCW,ZPP.3,2MK,302,6FL,6NF,6NR,655,752",,,"Oct 18, 2012",,,,,,,,,,,
U94 - Fire Orange 2,,NDSW - Black Extended Novillo Leather,,WBSKG9C51DJ593490,,J593490,"MSRP.1,LRPE,ZCP,ZCW,ZPP.3,2MK,302,5AC,6FL,6NF,6NR,655,752",,,"Oct 19, 2012",1100,,,,,,,,,,
668 - Jet Black,,NCSW - Black Novillo Leather,,WBSKG9C53DJ593491,,J593491,"MSRP.1,ZCP,ZPP.3,2MK,302,6FL,6NF,6NR,655,752",,,"Oct 8, 2012",,,,,,,,,,,
A96 - Mineral White Metallic,,NCH2 - Fox Red Novillo Leather,,WBSKG9C55DJ593492,,J593492,"MSRP.1,ZCP,ZPP.3,302,494,6FL,6NF,6NR,752",,,"Oct 8, 2012",,,,,,,,,,,
A73 - Jerez Black Metallic,,NCSW - Black Novillo Leather,,WBSKG9C57DJ593493,,J593493,"MSRP.1,ZCP,ZCW,ZPP.3,2MK,302,6FL,6NF,6NR,655,752",,,"Oct 8, 2012",550,,,,,,,,,,
A73 - Jerez Black Metallic,,NCH5 - Fox Red/Black Novillo Leather,,WBSKG9C59DJ593494,,J593494,"MSRP.1,ZCP,ZCW,ZPP.3,302,6FL,6NF,6NR,655,752",,,"Oct 8, 2012",550,,,,,,,,,,
668 - Jet Black,,NCH2 - Fox Red Novillo Leather,,WBSKG9C50DJ593495,,J593495,"MSRP.1,ZCP,ZCW,ZPP.3,302,6FL,6NF,6NR",,,"Oct 9, 2012",,,,,,,,,,,
A30 - Interlagos Blue Metallic,,NCSW - Black Novillo Leather,,WBSKG9C52DJ593496,,J593496,"MSRP.1,ZPP.3,2MK,302,6FL,655,752",,,"Oct 9, 2012",550,,,,,,,,,,
A96 - Mineral White Metallic,,NDH2 - Fox Red Extended Leather,,WBSKG9C54DJ593497,,J593497,"MSRP.1,ZCP,ZPP.3,2MK,302,494,6FL,6NF,6NR,655,752",,,"Oct 9, 2012",1100,,,,,,,,,,
300 - Alpine White,,NCH2 - Fox Red Novillo Leather,,WBSKG9C56DJ593498,,J593498,"MSRP.1,ZCP,ZPP.3,2MK,302,5AC,6FL,6NF,6NR,752",,,"Oct 9, 2012",,,,,,,,,,,
668 - Jet Black,,NDSW - Black Extended Novillo Leather,,WBSKG9C58DJ593499,,J593499,"MSRP.1,ZPP.3,302,403,494,6FL,6NF,6NR,752",,,10-9-2012,1100,,,,,,,,,,
A73 - Jerez Black Metallic,,NDSW - Black Extended Novillo Leather,,WBSKG9C50DJ593500,,J593500,"MSRP.1,ZCW,ZPP.2,2MT.1,302,403,6FL,655,752",,,"Oct 10, 2012",550/1100,,,,,,,,,,
A96 - Mineral White Metallic,,NCH2 - Fox Red Novillo Leather,,WBSKG9C52DJ593501,,J593501,"MSRP.1,ZCP,ZPP.3,2MK,302,6FL,6NF,6NR,655",,,"Oct 10, 2012",,,,,,,,,,,
300 - Alpine White,,NCSW - Black Novillo Leather,,WBSKG9C54DJ593502,,J593502,"MSRP.1,ZPP.3,2MK,302,494,6FL",,,10-10-2012,,,,,,,,,,,
300 - Alpine White,,NDSW - Black Extended Novillo Leather,,WBSKG9C56DJ593503,,J593503,"MSRP.1,ZCP,ZCW,ZPP.3,2MK,302,5AC,6FL,6NF,6NR,655,752",,,"Oct 10, 2012",1100,,,,,,,,,,
A73 - Jerez Black Metallic,,NDSW - Black Extended Novillo Leather,,WBSKG9C58DJ593504,,J593504,"MSRP.1,ZCP,ZCW,ZPP.3,2MK,302,5AC,6FL,6NF,6NR,752",,,"Oct 10, 2012",550/1100,,,,,,,,,,
A29 - Silverstone Metallic II,,NCH2 - Fox Red Novillo Leather,,WBSKG9C5XDJ593505,,J593505,"MSRP.1,ZCW,2MK,2MT.1,302,322,403,415,4MY,507,609,6FL,6NF,6NR,655,752",,,"Oct 11, 2012",550/950,,CAN,,,,,,,,
A29 - Silverstone Metallic II,,NDH2 - Fox Red Extended Leather,,WBSKG9C51DJ593506,,J593506,"MSRP.1,ZCP,ZCW,ZPP.3,2MK,302,6FL,6NF,6NR,655,752",,,"Oct 11, 2012",550/1100,,,,,,,,,,
A29 - Silverstone Metallic II,,GEAT - Anthracite/Black Cloth & Leather,,WBSKG9C53DJ593507,,J593507,"MSRP.1,2MK,302,322,403,4MY,507,6FL,655",,,"Oct 12, 2012",550,,,,,,,,,,
A29 - Silverstone Metallic II,,NCSW - Black Novillo Leather,,WBSKG9C55DJ593508,,J593508,"MSRP.1,ZCW,ZPP.3,2MK,302,6FL,655",,,"Oct 12, 2012",550,,,,,,,,,,
A96 - Mineral White Metallic,,NCSW - Black Novillo Leather,,WBSKG9C57DJ593509,,J593509,"MSRP.1,ZPP.3,2MT.1,302,6FL,752",,,"Oct 15, 2012",,,,,,,,,,,
300 - Alpine White,,GEAT - Anthracite/Black Cloth & Leather,,WBSKG9C53DJ593510,,J593510,"MSRP.1,ZCP,2MK,302,415,4MY,507,609,6FL,6NF,6NR",,,"Oct 13, 2012",,,,,,,,,,,
A73 - Jerez Black Metallic,,NCH3 - Beige Novillo Leather,,WBSKG9C55DJ593511,,J593511,"MSRP.1,ZCP,ZCW,ZPP.3,2MK,302,403,6FL,655,752",,,"Oct 13, 2012",550,,,,,,,,,,
A52 - Space Gray Metallic,,NCSW - Black Novillo Leather,,WBSKG9C57DJ593512,,J593512,"MSRP.1,ZCP,ZCW,ZPP.3,302,6FL",,,"Oct 13, 2012",550,,,,,,,,,,
U96 - Speed Yellow,,NCSW - Black Novillo Leather,,WBSKG9C59DJ593513,,J593513,"MSRP.1,IND,ZCP,302,322,494,4MY,507,6FL",,,"Oct 19, 2012",950,,,,,,,,,,
W07 - Frozen Silver Metallic,,Z1XX - Unknown Upholstery Code,,WBSKG9C50DJ593514,,J593514,"MSRP.1,IND,ZCP,ZCW,ZPP.3,403,655,752",,,"Oct 22, 2012",,,,,,,,,,,
U91 - Frozen Black ,,Z1XX - Unknown Upholstery Code,,WBSKG9C52DJ593515,,J593515,"MSRP.1,ZCP,ZCW,ZPP.3,2MK,302,6FL,6NF,6NR,655,752",,,"Oct 23, 2012",,,,,,,,,,,
B05 - Monte Carlo Blue,,NDH3 - Beige Novillo Extended Leather,,WBSKG9C54DJ593516,,J593516,"MSRP.1,IND,ZCP,ZCW,ZPP.2,2MK,302,403,6FL,6NF,6NR,752",,,"Oct 24, 2012",1100,,,,,,,,,,
A52 - Space Gray Metallic,,NCSW - Black Novillo Leather,,WBSKG9C56DJ593517,,J593517,"MSRP.1,ZCP,ZCW,ZPP.3,2MK,302,6FL,655,752",,,"Oct 15, 2012",550,,,,,,,,,,
A75 - Melbourne Red Metallic,,NCSW - Black Novillo Leather,,WBSKG9C58DJ593518,,J593518,"MSRP.1,ZCP,ZCW,ZPP.3,302,6FL,6NF,6NR,655,752",,,"Oct 15, 2012",550,,,,,,,,,,
A75 - Melbourne Red Metallic,,GEAT - Anthracite/Black Cloth & Leather,,WBSKG9C5XDJ593519,,J593519,"MSRP.1,ZCP,2MK,302,322,494,4MY,507,609,6FL,6NF,6NR",,,"Oct 16, 2012",550,,,,,,,,,,
300 - Alpine White,,NCH3 - Beige Novillo Leather,,WBSKG9C56DJ593520,,J593520,"MSRP.1,ZCP,2MK,302,403,415,494,4MZ,507,6FL",,,"Oct 16, 2012",950,,,,,,,,,,
A52 - Space Gray Metallic,,NCSW - Black Novillo Leather,,WBSKG9C58DJ593521,,J593521,"MSRP.1,ZPP.3,2MK,2MT.1,302,403,494,6FL,6NF,6NR",,,"Oct 16, 2012",550,,,,,,,,,,
A96 - Mineral White Metallic,,NCH5 - Fox Red/Black Novillo Leather,,WBSKG9C5XDJ593522,,J593522,"MSRP.1,ZPP.3,2MK,2MT.1,302,494,6FL,752",,,"Oct 17, 2012",,,,,,,,,,,
A96 - Mineral White Metallic,,GEAT - Anthracite/Black Cloth & Leather,,WBSKG9C51DJ593523,,J593523,"MSRP.1,ZCW,302,322,507,6FL,771",,,"Oct 17, 2012",,,,,,,,,,,
A96 - Mineral White Metallic,,GEAT - Anthracite/Black Cloth & Leather,,WBSKG9C53DJ593524,,J593524,"MSRP.1,ZCP,2MK,302,322,4MX,507,609,6FL",,,"Oct 17, 2012",,,,,,,,,,,
300 - Alpine White,,NCSW - Black Novillo Leather,,WBSKG9C55DJ593525,,J593525,"MSRP.1,ZCP,ZPP.3,302,403,494,6FL,6NF,6NR,655,752",,,"Oct 17, 2012",,,,,,,,,,,
300 - Alpine White,,NDH2 - Fox Red Extended Leather,,WBSKG9C57DJ593526,,J593526,"MSRP.1,ZCP,ZCW,ZPP.3,302,5AC,6FL,6NF,6NR,655",,,"Oct 17, 2012",1100,,,,,,,,,,
300 - Alpine White,,NCH2 - Fox Red Novillo Leather,,WBSKG9C59DJ593527,,J593527,"MSRP.1,ZCP,ZPP.3,2MK,302,494,6FL,6NF,6NR,655,752",,,"Oct 17, 2012",,,,,,,,,,,
300 - Alpine White,,NCH2 - Fox Red Novillo Leather,,WBSKG9C50DJ593528,,J593528,"MSRP.1,ZCP,ZCW,ZPP.3,2MK,302,5AC,6FL,6NF,6NR,655,752",,,"Oct 18, 2012",,,,,,,,,,,
B45 Estroil Blue II,,Z1XX - Unknown Upholstery Code,,WBSKG9C52DJ593529,,J593529,"MSRP.1,IND,ZCP,ZPP.3,2MK,494,6NR,655,752",,,"Oct 26, 2012",,,,,,,,,,,
337 - Dakar Yellow 2,,NCSW - Black Novillo Leather,,WBSKG9C59DJ593530,,J593530,"MSRP.1,IND,ZCP,ZPP.3,2MK,302,494,6FL,6NF,6NR,655,752",,,"Oct 29, 2012",,,,,,,,,,,
B50 - Sakhir Orange Metallic,,NCSW - Black Novillo Leather,,WBSKG9C50DJ593531,,J593531,"MSRP.1,IND,ZCP,ZPP.3,2MK,494,5AC,6NR,655,752",,,"Oct 29, 2012",,,,,,,,,,,
W14 - Ind. Java Green Met.,,Z1XX - Unknown Upholstery Code,,WBSKG9C52DJ593532,,J593532,"MSRP.1,IND,ZCP,ZPP.3,2MK,302,494,6FL,6NF,6NR,655,752",,,"Oct 29, 2012",,,,,,,,,,,
W14 - Ind. Java Green Met.,,Z1XX - Unknown Upholstery Code,,WBSKG9C54DJ593533,,J593533,"MSRP.1,iND,ZCP,ZCW,ZPP.3,2MK,302,6FL,6NF,6NR,655,752",,,"Oct 30, 2012",,,,,,,,,,,
300 - Alpine White,,GEAT - Anthracite/Black Cloth & Leather,,WBSKG9C56DJ593534,,J593534,"MSRP.1,ZCP,302,322,4MY,507,6FL",,,"Oct 18, 2012",,,,,,,,,,,
300 - Alpine White,,GEAT - Anthracite/Black Cloth & Leather,,WBSKG9C58DJ593535,,J593535,"MSRP.1,ZCP,2MK,302,494,4MY,507,6FL",,,"Oct 18, 2012",,,,,,,,,,,
300 - Alpine White,,NCSW - Black Novillo Leather,,WBSKG9C5XDJ593536,,J593536,"MSRP.1,2MK,302,507,6FL,771",,,"Oct 18, 2012",950,,,,,,,,,,
A96 - Mineral White Metallic,,NCH5 - Fox Red/Black Novillo Leather,,WBSKG9C51DJ593537,,J593537,"MSRP.1,ZCP,ZPP.3,2MK,302,6FL,6NF,6NR,752",,,"Oct 19, 2012",,,,,,,,,,,
A96 - Mineral White Metallic,,NCH4 - Palladium/Black Novillo Leather,,WBSKG9C53DJ593538,,J593538,"MSRP.1,ZCP,ZPP.3,2MK,302,494,6FL",,,"Oct 19, 2012",,,,,,,,,,,
A73 - Jerez Black Metallic,,NCSW - Black Novillo Leather,,WBSKG9C55DJ593539,,J593539,"MSRP.1,ZCP,ZCW,ZPP.1,2MK,302,6FL,6NF,6NR,655",,,"Oct 19, 2012",550,,,,,,,,,,
300 - Alpine White,,NCH2 - Fox Red Novillo Leather,,WBSKG9C51DJ593540,,J593540,"MSRP.1,ZCP,ZPP.3,2MK,302,494,5AC,6FL,752",,,"Oct 19, 2012",,,,,,,,,,,
300 - Alpine White,,NDSW - Black Extended Novillo Leather,,WBSKG9C53DJ593541,,J593541,"MSRP.1,ZCP,ZCW,ZPP.3,302,6FL,655,752",,,"Oct 19, 2012",1100,,,,,,,,,,
A75 - Melbourne Red Metallic,,NCSW - Black Novillo Leather,,WBSKG9C55DJ593542,,J593542,"MSRP.1,ZCP,ZPP.3,2MK,302,6FL,6NF,6NR,752",,,"Oct 19, 2012",550,,,,,,,,,,
A29 - Silverstone Metallic II,,NCH1 - Silver Novillo Leather,,WBSKG9C57DJ593543,,J593543,"MSRP.1,ZPP.3,2MK,2MT.1,302,6FL,6NF,6NR,655,752",,,"Oct 19, 2012",550,,,,,,,,,,
A52 - Space Gray Metallic,,NDSW - Black Extended Novillo Leather,,WBSKG9C59DJ593544,,J593544,"MSRP.1,ZCP,ZPP.3,2MK,302,494,5AC,6FL,6NF,6NR,655,752",,,"Oct 19, 2012",550/1100,,,,,,,,,,
381 - Le Mans Blue Metallic,,NCSW - Black Novillo Leather,,WBSKG9C50DJ593545,,J593545,"MSRP.1,ZCP,ZCW,ZPP.3,2MK,302,5AC,6FL,6NF,6NR,655,752",,,"Oct 19, 2012",550,,,,,,,,,,
A73 - Jerez Black Metallic,,NCSW - Black Novillo Leather,,WBSKG9C52DJ593546,,J593546,"MSRP.1,ZPP.2,2MK,302,494,5AC,6FL,655,752",,,"Oct 20, 2012",550,,,,,,,,,,
A75 - Melbourne Red Metallic,,NCSW - Black Novillo Leather,,WBSKG9C54DJ593547,,J593547,"MSRP.1,ZCP,ZCW,ZPP.3,2MK,302,403,5AC,6FL,6NF,6NR,655,752",,,"Oct 20, 2012",550,,,,,,,,,,
A29 - Silverstone Metallic II,,GEAT - Anthracite/Black Cloth & Leather,,WBSKG9C56DJ593548,,J593548,"MSRP.1,ZCP,2MK,302,494,4MX,507,609,6FL,6NF,6NR,655",,,"Oct 20, 2012",550,,,,,,,,,,
381 - Le Mans Blue Metallic,,NCSW - Black Novillo Leather,,WBSKG9C58DJ593549,,J593549,"MSRP.1,ZCP,ZPP.3,2MK,302,494,6FL,6NF,6NR,655,752",,,"Oct 20, 2012",550,,,,,,,,,,
A29 - Silverstone Metallic II,,NCH4 - Palladium/Black Novillo Leather,,WBSKG9C54DJ593550,,J593550,"MSRP.1,ZCP,ZCW,ZPP.3,2MK,302,5AC,6FL,6NF,6NR,655,752",,,"Oct 22, 2012",550,,,,,,,,,,
A29 - Silverstone Metallic II,,NCSW - Black Novillo Leather,,WBSKG9C56DJ593551,,J593551,"MSRP.1,ZCP,ZPP.3,2MK,302,403,494,6FL,6NF,6NR",,,"Oct 20, 2012",550,,,,,,,,,,
381 - Le Mans Blue Metallic,,NCSW - Black Novillo Leather,,WBSKG9C58DJ593552,,J593552,"MSRP.1,ZCP,ZPP.3,2MK,302,494,6FL,6NF,6NR,655,752",,,"Oct 20, 2012",550,,,,,,,,,,
A73 - Jerez Black Metallic,,NCSW - Black Novillo Leather,,WBSKG9C5XDJ593553,,J593553,"MSRP.1,ZCP,ZCW,ZPP.3,2MK,302,6FL,6NF,6NR,655,752",,,"Oct 20, 2012",550,,,,,,,,,,
A29 - Silverstone Metallic II,,NCH4 - Palladium/Black Novillo Leather,,WBSKG9C51DJ593554,,J593554,"MSRP.1,ZCP,ZPP.3,2MK,302,494,6FL,6NF,6NR,655,752",,,"Oct 20, 2012",550,,,,,,,,,,
381 - Le Mans Blue Metallic,,NCSW - Black Novillo Leather,,WBSKG9C53DJ593555,,J593555,"MSRP.1,ZCP,ZCW,ZPP.3,2MK,302,403,5AC,6FL,6NF,6NR,655,752",,,"Oct 20, 2012",550,,,,,,,,,,
381 - Le Mans Blue Metallic,,NDSW - Black Extended Novillo Leather,,WBSKG9C55DJ593556,,J593556,"MSRP.1,ZPP.3,2MT.1,302,403,494,5AC,6FL,6NF,6NR,655,752",,,"Oct 20, 2012",550/1100,,,,,,,,,,
A52 - Space Gray Metallic,,NCSW - Black Novillo Leather,,WBSKG9C57DJ593557,,J593557,"MSRP.1,ZCP,ZCW,ZPP.1,302,403,6FL,655,752",,,"Oct 22, 2012",550,,,,,,,,,,
A52 - Space Gray Metallic,,NCSW - Black Novillo Leather,,WBSKG9C59DJ593558,,J593558,"MSRP.1,ZCP,ZCW,ZPP.3,302,5AC,6FL,6NF,6NR,655,752",,,"Oct 22, 2012",550,,,,,,,,,,
300 - Alpine White,,NCSW - Black Novillo Leather,,WBSKG9C50DJ593559,,J593559,"MSRP.1,ZCP,ZCW,ZPP.3,302,6FL,6NF,6NR,655",,,"Oct 22, 2012",,,,,,,,,,,
A52 - Space Gray Metallic,,NCH2 - Fox Red Novillo Leather,,WBSKG9C57DJ593560,,J593560,"MSRP.1,ZCP,ZPP.3,2MK,302,6FL,6NF,6NR,655,752",,,"Oct 22, 2012",550,,,,,,,,,,
A52 - Space Gray Metallic,,NCSW - Black Novillo Leather,,WBSKG9C59DJ593561,,J593561,"MSRP.1,ZCP,ZPP.2,302,6FL",,,"Oct 22, 2012",550,,,,,,,,,,
A96 - Mineral White Metallic,,NCH5 - Fox Red/Black Novillo Leather,,WBSKG9C50DJ593562,,J593562,"MSRP.1,ZCP,ZCW,ZPP.3,2MK,302,6FL,6NF,6NR,655,752",,,"Oct 22, 2012",,,,,,,,,,,
A96 - Mineral White Metallic,,NCSW - Black Novillo Leather,,WBSKG9C52DJ593563,,J593563,"MSRP.1,ZCP,ZCW,ZPP.3,2MK,302,5AC,6FL,6NF,6NR,655,752",,,"Oct 22, 2012",,,,,,,,,,,
300 - Alpine White,,NDSW - Black Extended Novillo Leather,,WBSKG9C54DJ593564,,J593564,"MSRP.1,ZCP,ZCW,ZPP.3,302,6FL,6NF,6NR,655,752",,,"Oct 22, 2012",1100,,,,,,,,,,
A52 - Space Gray Metallic,,GEAT - Anthracite/Black Cloth & Leather,,WBSKG9C56DJ593565,,J593565,"MSRP.1,ZCP,2MK,302,322,4MX,507,609,6FL,6NF,6NR",,,"Oct 22, 2012",550,,,,,,,,,,
300 - Alpine White,,NDH2 - Fox Red Extended Leather,,WBSKG9C58DJ593566,,J593566,"MSRP.1,ZCP,ZPP.3,2MK,302,494,6FL,6NF,6NR,655,752",,,"Oct 22, 2012",1100,,,,,,,,,,
A73 - Jerez Black Metallic,,NCSW - Black Novillo Leather,,WBSKG9C5XDJ593567,,J593567,"MSRP.1,ZCP,ZPP.3,2MK,302,494,6FL,6NF,6NR,655,752",,,"Oct 22, 2012",550,,,,,,,,,,
668 - Jet Black,,NDSW - Black Extended Novillo Leather,,WBSKG9C51DJ593568,,J593568,"MSRP.1,ZCP,ZCW,ZPP.3,2MK,302,5AC,6FL,6NF,6NR,655,752",,,"Oct 22, 2012",1100,,,,,,,,,,
A30 - Interlagos Blue Metallic,,NCSW - Black Novillo Leather,,WBSKG9C53DJ593569,,J593569,"MSRP.1,ZCP,ZCW,ZPP.3,302,6FL,6NF,6NR,655,752",,,"Oct 23, 2012",550,,,,,,,,,,
A30 - Interlagos Blue Metallic,,NCSW - Black Novillo Leather,,WBSKG9C5XDJ593570,,J593570,"MSRP.1,ZCP,ZCW,ZPP.1,2MK,302,403,5AC,6FL,6NF,6NR,655,752",,,"Oct 23, 2012",550,,,,,,,,,,
300 - Alpine White,,NCH2 - Fox Red Novillo Leather,,WBSKG9C51DJ593571,,J593571,"MSRP.1,ZCP,ZCW,ZPP.3,2MK,302,403,5AC,6FL,6NF,6NR,655,752",,,"Oct 23, 2012",,,,,,,,,,,
A73 - Jerez Black Metallic,,NDSW - Black Extended Novillo Leather,,WBSKG9C53DJ593572,,J593572,"MSRP.1,ZCP,ZCW,ZPP.2,2MK,302,6FL,6NF,6NR,655",,,"Oct 23, 2012",550/1100,,,,,,,,,,
668 - Jet Black,,NCSW - Black Novillo Leather,,WBSKG9C55DJ593573,,J593573,"MSRP.1,ZCP,ZCW,2MK,302,322,415,4MY,507,609,6FL,6NF,6NR,655,752",,,"Oct 23, 2012",950,,CAN,,,,,,,,
300 - Alpine White,,NCSW - Black Novillo Leather,,WBSKG9C57DJ593574,,J593574,"MSRP.1,ZCP,ZCW,ZPP.3,302,5AC,6FL,6NF,6NR,655,752",,,"Oct 23, 2012",,,,,,,,,,,
300 - Alpine White,,NDSW - Black Extended Novillo Leather,,WBSKG9C59DJ593575,,J593575,"MSRP.1,ZCP,ZCW,ZPP.3,2MK,302,6FL,6NF,6NR,655,752",,,"Oct 23, 2012",1100,,,,,,,,,,
300 - Alpine White,,NCH5 - Fox Red/Black Novillo Leather,,WBSKG9C50DJ593576,,J593576,"MSRP.1,ZCP,ZPP.3,302,6FL,752",,,"Oct 23, 2012",,,,,,,,,,,
668 - Jet Black,,NCSW - Black Novillo Leather,,WBSKG9C52DJ593577,,J593577,"MSRP.1,ZCP,ZPP.3,2MK,302,6FL,655",,,"Oct 23, 2012",,,,,,,,,,,
668 - Jet Black,,NCSW - Black Novillo Leather,,WBSKG9C54DJ593578,,J593578,"MSRP.1,ZCP,ZCW,ZPP.3,2MK,302,6FL,655,752",,,"Oct 23, 2012",,,,,,,,,,,
A73 - Jerez Black Metallic,,GEAT - Anthracite/Black Cloth & Leather,,WBSKG9C56DJ593579,,J593579,"MSRP.1,2MK,302,494,4MY,507,609,6FL",,,"Oct 23, 2012",550,,,,,,,,,,
A30 - Interlagos Blue Metallic,,NCH3 - Beige Novillo Leather,,WBSKG9C52DJ593580,,J593580,"MSRP.1,ZCP,ZCW,ZPP.2,302,6FL,6NF,6NR,655,752",,,"Oct 23, 2012",550,,,,,,,,,,
A30 - Interlagos Blue Metallic,,NCSW - Black Novillo Leather,,WBSKG9C54DJ593581,,J593581,"MSRP.1,ZCP,ZPP.3,2MK,302,494,5AC,6FL,6NF,6NR,655,752",,,"Oct 23, 2012",550,,,,,,,,,,
300 - Alpine White,,NCSW - Black Novillo Leather,,WBSKG9C56DJ593582,,J593582,"MSRP.1,ZCP,ZPP.3,2MK,302,6FL,6NF,6NR,655,752",,,"Oct 24, 2012",,,,,,,,,,,
668 - Jet Black,,NDSW - Black Extended Novillo Leather,,WBSKG9C58DJ593583,,J593583,"MSRP.1,ZCP,ZCW,ZPP.3,2MK,302,6FL,6NF,6NR,752",,,"Oct 24, 2012",1100,,,,,,,,,,
A73 - Jerez Black Metallic,,NCSW - Black Novillo Leather,,WBSKG9C5XDJ593584,,J593584,"MSRP.1,ZCP,ZCW,ZPP.3,2MK,302,5AC,6FL,6NF,6NR,655,752",,,"Oct 24, 2012",550,,,,,,,,,,
A73 - Jerez Black Metallic,,NCSW - Black Novillo Leather,,WBSKG9C51DJ593585,,J593585,"MSRP.1,ZCW,ZPP.3,2MK,2MT.1,302,6FL,6NF,6NR,655,752",,,"Oct 24, 2012",550,,,,,,,,,,
668 - Jet Black,,NCSW - Black Novillo Leather,,WBSKG9C53DJ593586,,J593586,"MSRP.1,ZCP,ZPP.3,2MK,302,403,494,5AC,6FL,6NF,6NR,655,752",,,"Oct 24, 2012",,,,,,,,,,,
668 - Jet Black,,NCSW - Black Novillo Leather,,WBSKG9C55DJ593587,,J593587,"MSRP.1,ZCP,ZCW,ZPP.3,302,403,5AC,6FL,6NF,6NR,655,752",,,"Oct 24, 2012",,,,,,,,,,,
A73 - Jerez Black Metallic,,NDSW - Black Extended Novillo Leather,,WBSKG9C57DJ593588,,J593588,"MSRP.1,ZCP,ZPP.3,2MK,302,494,5AC,6FL,6NF,6NR,655,752",,,"Oct 24, 2012",550/1100,,,,,,,,,,
A96 - Mineral White Metallic,,NCSW - Black Novillo Leather,,WBSKG9C59DJ593589,,J593589,"MSRP.1,ZCP,ZPP.3,2MK,302,494,6FL,6NF,6NR,655,752",,,"Oct 24, 2012",,,,,,,,,,,
A96 - Mineral White Metallic,,NCSW - Black Novillo Leather,,WBSKG9C55DJ593590,,J593590,"MSRP.1,ZCP,ZPP.3,2MK,302,494,6FL,6NF,6NR,752",,,"Oct 24, 2012",,,,,,,,,,,
668 - Jet Black,,NCH5 - Fox Red/Black Novillo Leather,,WBSKG9C57DJ593591,,J593591,"MSRP.1,ZCP,ZCW,ZPP.3,302,5AC,6FL,6NF,6NR,655,752",,,"Oct 24, 2012",,,,,,,,,,,
668 - Jet Black,,NCSW - Black Novillo Leather,,WBSKG9C59DJ593592,,J593592,"MSRP.1,ZCP,ZCW,ZPP.3,2MK,302,6FL,6NF,6NR,655,752",,,"Oct 24, 2012",,,,,,,,,,,
668 - Jet Black,,NCH5 - Fox Red/Black Novillo Leather,,WBSKG9C50DJ593593,,J593593,"MSRP.1,ZCP,ZCW,ZPP.3,2MK,302,6FL,6NF,6NR,655,752",,,"Oct 25, 2012",,,,,,,,,,,
668 - Jet Black,,NCSW - Black Novillo Leather,,WBSKG9C52DJ593594,,J593594,"MSRP.1,ZCP,ZPP.3,2MK,302,494,5AC,6FL,6NF,6NR,752",,,"Oct 25, 2012",,,,,,,,,,,
300 - Alpine White,,NCH2 - Fox Red Novillo Leather,,WBSKG9C54DJ593595,,J593595,"MSRP.1,ZCP,ZCW,ZPP.3,2MK,302,6FL,6NF,6NR,655,752",,,"Oct 25, 2012",,,,,,,,,,,
668 - Jet Black,,NCSW - Black Novillo Leather,,WBSKG9C56DJ593596,,J593596,"MSRP.1,ZCP,ZPP.3,2MK,302,6FL,6NF,6NR",,,"Oct 25, 2012",,,,,,,,,,,
300 - Alpine White,,NCSW - Black Novillo Leather,,WBSKG9C58DJ593597,,J593597,"MSRP.1,ZCP,ZPP.1,2MK,302,494,6FL,6NF,6NR,655,752",,,"Oct 25, 2012",,,,,,,,,,,
A52 - Space Gray Metallic,,NCSW - Black Novillo Leather,,WBSKG9C5XDJ593598,,J593598,"MSRP.1,ZCW,ZPP.3,2MK,302,6FL,655",,,"Oct 25, 2012",550,,,,,,,,,,
A73 - Jerez Black Metallic,,NDSW - Black Extended Novillo Leather,,WBSKG9C51DJ593599,,J593599,"MSRP.1,ZCW,ZPP.2,302,403,6FL,6NF,6NR,655,752",,,"Oct 25, 2012",550/1100,,,,,,,,,,
A73 - Jerez Black Metallic,,NCH4 - Palladium/Black Novillo Leather,,WBSKG9C54DJ593600,,J593600,"MSRP.1,ZCP,ZCW,ZPP.3,2MK,302,6FL,6NF,6NR",,,"Oct 25, 2012",550,,,,,,,,,,
A96 - Mineral White Metallic,,NCH2 - Fox Red Novillo Leather,,WBSKG9C56DJ593601,,J593601,"MSRP.1,ZCP,ZPP.3,2MK,302,494,6FL,6NF,6NR,655,752",,,"Oct 25, 2012",,,,,,,,,,,
A96 - Mineral White Metallic,,NCSW - Black Novillo Leather,,WBSKG9C58DJ593602,,J593602,"MSRP.1,ZCP,ZPP.3,2MK,302,6FL",,,"Oct 25, 2012",,,,,,,,,,,
A96 - Mineral White Metallic,,NCSW - Black Novillo Leather,,WBSKG9C5XDJ593603,,J593603,"MSRP.1,ZCP,ZPP.3,2MK,302,5AC,6FL,6NF,6NR,655,752",,,"Oct 25, 2012",,,,,,,,,,,
A96 - Mineral White Metallic,,NCH5 - Fox Red/Black Novillo Leather,,WBSKG9C51DJ593604,,J593604,"MSRP.1,ZCP,ZPP.3,2MK,302,494,5AC,6FL,6NF,6NR,655,752",,,"Oct 25, 2012",,,,,,,,,,,
A73 - Jerez Black Metallic,,NCSW - Black Novillo Leather,,WBSKG9C53DJ593605,,J593605,"MSRP.1,ZCP,ZCW,ZPP.3,302,6FL,6NF,6NR,655,752",,,"Oct 26, 2012",550,,,,,,,,,,
A73 - Jerez Black Metallic,,NCSW - Black Novillo Leather,,WBSKG9C55DJ593606,,J593606,"MSRP.1,ZCP,ZPP.3,302,494,6FL,6NF,6NR,655,752",,,"Oct 26, 2012",550,,,,,,,,,,
300 - Alpine White,,NCSW - Black Novillo Leather,,WBSKG9C57DJ593607,,J593607,"MSRP.1,ZPP.3,2MK,2MT.1,302,494,6FL,655,752",,,"Oct 26, 2012",,,,,,,,,,,
A73 - Jerez Black Metallic,,NCH2 - Fox Red Novillo Leather,,WBSKG9C59DJ593608,,J593608,"MSRP.1,ZCP,ZCW,ZPP.3,2MK,302,6FL,6NF,6NR,655,752",,,"Oct 26, 2012",550,,,,,,,,,,
668 - Jet Black,,NCSW - Black Novillo Leather,,WBSKG9C50DJ593609,,J593609,"MSRP.1,ZCP,ZPP.3,2MK,302,494,6FL,6NF,6NR,655,752",,,"Oct 26, 2012",,,,,,,,,,,
300 - Alpine White,,NCSW - Black Novillo Leather,,WBSKG9C57DJ593610,,J593610,"MSRP.1,ZCP,ZPP.3,2MK,302,494,6FL,6NF,6NR,655,752",,,"Oct 26, 2012",,,,,,,,,,,
A52 - Space Gray Metallic,,NCSW - Black Novillo Leather,,WBSKG9C59DJ593611,,J593611,"MSRP.1,ZCP,ZCW,ZPP.3,302,403,6FL,6NF,6NR,655",,,"Oct 26, 2012",550,,,,,,,,,,
300 - Alpine White,,NCSW - Black Novillo Leather,,WBSKG9C50DJ593612,,J593612,"MSRP.1,ZCP,ZPP.3,2MK,302,494,5AC,6FL,6NF,6NR,655,752",,,"Oct 26, 2012",,,,,,,,,,,
300 - Alpine White,,NCH2 - Fox Red Novillo Leather,,WBSKG9C52DJ593613,,J593613,"MSRP.1,ZCP,ZCW,ZPP.1,2MK,302,5AC,6FL,6NF,6NR,655,752",,,"Oct 26, 2012",,,,,,,,,,,
300 - Alpine White,,NCH5 - Fox Red/Black Novillo Leather,,WBSKG9C54DJ593614,,J593614,"MSRP.1,ZCP,ZPP.3,2MK,302,494,6FL,6NF,6NR,655",,,"Oct 26, 2012",,,,,,,,,,,
300 - Alpine White,,NCH5 - Fox Red/Black Novillo Leather,,WBSKG9C56DJ593615,,J593615,"MSRP.1,ZCP,ZPP.3,2MK,302,494,5AC,6FL,6NF,6NR,655,752",,,"Oct 27, 2012",,,,,,,,,,,
381 - Le Mans Blue Metallic,,NCH3 - Beige Novillo Leather,,WBSKG9C58DJ593616,,J593616,"MSRP.1,ZCP,ZCW,ZPP.3,2MK,302,403,5AC,6FL,6NF,6NR,655,752",,,"Oct 27, 2012",550,,,,,,,,,,
300 - Alpine White,,NCH5 - Fox Red/Black Novillo Leather,,WBSKG9C5XDJ593617,,J593617,"MSRP.1,ZCP,ZPP.3,2MK,302,494,5AC,6FL,6NF,6NR,655,752",,,"Oct 27, 2012",,,,,,,,,,,
381 - Le Mans Blue Metallic,,NCSW - Black Novillo Leather,,WBSKG9C51DJ593618,,J593618,"MSRP.1,ZCW,ZPP.3,2MK,2MT.1,302,403,5AC,6FL,6NF,6NR,655,752",,,"Oct 27, 2012",550,,,,,,,,,,
668 - Jet Black,,NCSW - Black Novillo Leather,,WBSKG9C53DJ593619,,J593619,"MSRP.1,ZCP,ZPP.3,2MK,302,403,494,6FL,6NF,6NR,655,752",,,"Oct 27, 2012",,,,,,,,,,,
A52 - Space Gray Metallic,,NCSW - Black Novillo Leather,,WBSKG9C5XDJ593620,,J593620,"MSRP.1,ZCP,ZPP.3,2MK,302,494,6FL,6NF,6NR,655,752",,,"Oct 27, 2012",550,,,,,,,,,,
A52 - Space Gray Metallic,,NDSW - Black Extended Novillo Leather,,WBSKG9C51DJ593621,,J593621,"MSRP.1,ZCP,ZCW,ZPP.3,2MK,302,5AC,6FL,6NF,6NR,655,752",,,"Oct 27, 2012",550/1100,,,,,,,,,,
668 - Jet Black,,NCH3 - Beige Novillo Leather,,WBSKG9C53DJ593622,,J593622,"MSRP.1,ZCP,2MK,302,494,4MZ,609,6FL,6NF,6NR,655",,,"Oct 27, 2012",950,,,,,,,,,,
A30 - Interlagos Blue Metallic,,NCSW - Black Novillo Leather,,WBSKG9C55DJ593623,,J593623,"MSRP.1,ZCP,ZCW,ZPP.3,2MK,302,6FL,6NF,6NR,655,752",,,"Oct 27, 2012",550,,,,,,,,,,
668 - Jet Black,,NDSW - Black Extended Novillo Leather,,WBSKG9C57DJ593624,,J593624,"MSRP.1,ZCP,ZPP.1,2MK,302,403,494,5AC,6FL,6NF,6NR,655,752",,,"Oct 27, 2012",1100,,,,,,,,,,
A73 - Jerez Black Metallic,,NCH1 - Silver Novillo Leather,,WBSKG9C59DJ593625,,J593625,"MSRP.1,ZCP,ZCW,ZPP.2,2MK,302,403,6FL,6NF,6NR,655,752",,,"Oct 29, 2012",550,,,,,,,,,,
300 - Alpine White,,NCH5 - Fox Red/Black Novillo Leather,,WBSKG9C50DJ593626,,J593626,"MSRP.1,ZCW,ZPP.3,2MK,2MT.1,302,403,5AC,6FL,655,752",,,"Oct 28, 2012",,,,,,,,,,,
668 - Jet Black,,NCSW - Black Novillo Leather,,WBSKG9C52DJ593627,,J593627,"MSRP.1,ZCP,ZPP.3,2MK,302,494,6FL,6NF,6NR,655",,,"Oct 29, 2012",,,,,,,,,,,
668 - Jet Black,,NCH2 - Fox Red Novillo Leather,,WBSKG9C54DJ593628,,J593628,"MSRP.1,ZCP,ZPP.3,2MK,302,494,6FL,6NF,6NR,655",,,"Oct 29, 2012",,,,,,,,,,,
300 - Alpine White,,NCSW - Black Novillo Leather,,WBSKG9C56DJ593629,,J593629,"MSRP.1,ZCP,ZPP.3,2MK,302,494,6FL,6NF,6NR,655,752",,,"Oct 29, 2012",,,,,,,,,,,
A30 - Interlagos Blue Metallic,,NCSW - Black Novillo Leather,,WBSKG9C52DJ593630,,J593630,"MSRP.1,ZCP,ZPP.3,2MK,302,494,6FL,655",,,"Oct 29, 2012",550,,,,,,,,,,
300 - Alpine White,,NCSW - Black Novillo Leather,,WBSKG9C54DJ593631,,J593631,"MSRP.1,ZCP,ZCW,2MK,302,322,415,4MY,507,609,6FL,655,752",,,"Oct 29, 2012",950,,CAN,,,,,,,,
A73 - Jerez Black Metallic,,NCH3 - Beige Novillo Leather,,WBSKG9C56DJ593632,,J593632,"MSRP.1,ZCP,ZCW,ZPP.1,2MK,302,6FL,6NF,6NR,655,752",,,"Oct 29, 2012",550,,,,,,,,,,
300 - Alpine White,,NCSW - Black Novillo Leather,,WBSKG9C58DJ593633,,J593633,"MSRP.1,ZCP,ZPP.3,2MK,302,494,6FL,6NF,6NR,655,752",,,"Oct 29, 2012",,,,,,,,,,,
A52 - Space Gray Metallic,,NCH2 - Fox Red Novillo Leather,,WBSKG9C5XDJ593634,,J593634,"MSRP.1,ZCP,ZPP.2,302,6FL,6NF,6NR,655,752",,,"Oct 29, 2012",550,,,,,,,,,,
300 - Alpine White,,NCSW - Black Novillo Leather,,WBSKG9C51DJ593635,,J593635,"MSRP.1,ZPP.3,302,403,6FL,752",,,"Oct 29, 2012",,,,,,,,,,,
A73 - Jerez Black Metallic,,NCSW - Black Novillo Leather,,WBSKG9C53DJ593636,,J593636,"MSRP.1,ZCP,ZPP.3,2MK,302,494,6FL,6NF,6NR,752",,,"Oct 29, 2012",550,,,,,,,,,,
U94 - Fire Orange 2,,NCSW - Black Novillo Leather,,WBSKG9C55DJ593637,,J593637,"MSRP.1,LRPE,ZCP,ZPP.3,2MK,302,494,6FL",,,"Nov 6, 2012",,,,,,,,,,,
A29 - Silverstone Metallic II,,NDSW - Black Extended Novillo Leather,,WBSKG9C57DJ593638,,J593638,"MSRP.1,ZCW,ZPP.3,2MK,2MT.1,302,5AC,6FL,6NF,6NR,655,752",,,"Oct 29, 2012",550/1100,,,,,,,,,,
668 - Jet Black,,NCSW - Black Novillo Leather,,WBSKG9C59DJ593639,,J593639,"MSRP.1,ZCP,ZCW,ZPP.3,2MK,302,6FL,6NF,6NR,655,752",,,"Oct 29, 2012",,,,,,,,,,,
300 - Alpine White,,NCSW - Black Novillo Leather,,WBSKG9C55DJ593640,,J593640,"MSRP.1,ZCP,ZCW,ZPP.3,2MK,302,6FL",,,"Oct 29, 2012",,,,,,,,,,,
668 - Jet Black,,NCH3 - Beige Novillo Leather,,WBSKG9C57DJ593641,,J593641,"MSRP.1,ZCP,ZCW,ZPP.3,2MK,302,5AC,6FL,6NF,6NR,655,752",,,"Oct 29, 2012",,,,,,,,,,,
300 - Alpine White,,NCSW - Black Novillo Leather,,WBSKG9C59DJ593642,,J593642,"MSRP.1,ZCP,ZPP.3,2MK,302,494,5AC,6FL,6NF,6NR,655,752",,,"Oct 30, 2012",,,,,,,,,,,
A73 - Jerez Black Metallic,,NCH4 - Palladium/Black Novillo Leather,,WBSKG9C50DJ593643,,J593643,"MSRP.1,ZCP,ZCW,ZPP.3,2MK,302,5AC,6FL,655,752",,,"Oct 30, 2012",550,,,,,,,,,,
300 - Alpine White,,NDH2 - Fox Red Extended Leather,,WBSKG9C52DJ593644,,J593644,"MSRP.1,ZCP,ZCW,ZPP.3,2MK,302,5AC,6FL,6NF,6NR,655,752",,,"Oct 30, 2012",1100,,,,,,,,,,
300 - Alpine White,,NCSW - Black Novillo Leather,,WBSKG9C54DJ593645,,J593645,"MSRP.1,ZCP,ZCW,ZPP.3,2MK,302,5AC,6FL,6NF,6NR,655,752",,,"Oct 30, 2012",,,,,,,,,,,
300 - Alpine White,,NCSW - Black Novillo Leather,,WBSKG9C56DJ593646,,J593646,"MSRP.1,ZCP,ZPP.3,302,494,6FL,655",,,"Oct 30, 2012",,,,,,,,,,,
668 - Jet Black,,NCH3 - Beige Novillo Leather,,WBSKG9C58DJ593647,,J593647,"MSRP.1,ZCW,ZPP.3,302,403,6FL,6NF,6NR,655,752",,,"Oct 30, 2012",,,,,,,,,,,
300 - Alpine White,,NCSW - Black Novillo Leather,,WBSKG9C5XDJ593648,,J593648,"MSRP.1,ZCP,ZPP.3,2MK,302,494,6FL,6NF,6NR,752",,,"Oct 30, 2012",,,,,,,,,,,
300 - Alpine White,,NDSW - Black Extended Novillo Leather,,WBSKG9C51DJ593649,,J593649,"MSRP.1,ZCP,ZPP.3,2MK,302,494,5AC,6FL,6NF,6NR,655,752",,,"Oct 30, 2012",1100,,,,,,,,,,
A73 - Jerez Black Metallic,,NCH2 - Fox Red Novillo Leather,,WBSKG9C58DJ593650,,J593650,"MSRP.1,ZCP,ZCW,ZPP.3,2MK,302,403,6FL,6NF,6NR,655,752",,,"Oct 30, 2012",550,,,,,,,,,,
668 - Jet Black,,GEAT - Anthracite/Black Cloth & Leather,,WBSKG9C5XDJ593651,,J593651,"MSRP.1,ZCP,2MK,302,494,4MY,609,6FL,6NF,6NR,655",,,"Oct 30, 2012",,,,,,,,,,,
U91 - Frozen Black ,,NCSW - Black Novillo Leather,,WBSKG9C51DJ593652,,J593652,"MSRP.1,ZCP,ZCW,ZPP.3,2MK,302,6FL,6NF,6NR,655,752",,,"Nov 9, 2012",,,,,,,,,,,
337 - Dakar Yellow 2,,NCSW - Black Novillo Leather,,WBSKG9C53DJ593653,,J593653,"MSRP.1,IND,ZCP,ZPP.1,302,494,6FL,6NF,6NR,655,752",,,"Nov 12, 2012",,,,,,,,,,,
448 - Ind. Lauguna Seca Blue,,NCH1 - Silver Novillo Leather,,WBSKG9C55DJ593654,,J593654,"MSRP.1,IND,ZCP,ZPP.3,302,494,6FL,6NF,6NR,655",,,"Nov 12, 2012",,,,,,,,,,,
A96 - Mineral White Metallic,,NCSW - Black Novillo Leather,,WBSKG9C57DJ593655,,J593655,"MSRP.1,ZCP,ZPP.3,2MK,302,494,5AC,6FL,6NF,6NR,752",,,"Oct 30, 2012",,,,,,,,,,,
300 - Alpine White,,NCH2 - Fox Red Novillo Leather,,WBSKG9C59DJ593656,,J593656,"MSRP.1,ZCP,ZPP.3,2MK,302,403,494,6FL,6NF,6NR,655",,,"Oct 30, 2012",,,,,,,,,,,
A96 - Mineral White Metallic,,NCSW - Black Novillo Leather,,WBSKG9C50DJ593657,,J593657,"MSRP.1,ZCP,ZCW,ZPP.3,2MK,302,6FL,6NF,6NR,655,752",,,"Oct 30, 2012",,,,,,,,,,,
A75 - Melbourne Red Metallic,,GEAT - Anthracite/Black Cloth & Leather,,WBSKG9C52DJ593658,,J593658,"MSRP.1,ZCP,302,4MX,609,6FL,655",,,"Oct 30, 2012",550,,,,,,,,,,
A52 - Space Gray Metallic,,NCH2 - Fox Red Novillo Leather,,WBSKG9C54DJ593659,,J593659,"MSRP.1,ZCP,ZCW,ZPP.3,302,6FL,752",,,"Oct 30, 2012",550,,,,,,,,,,
300 - Alpine White,,NCSW - Black Novillo Leather,,WBSKG9C50DJ593660,,J593660,"MSRP.1,ZCP,ZCW,ZPP.3,2MK,302,6FL,6NF,6NR,655,752",,,"Oct 31, 2012",,,,,,,,,,,
300 - Alpine White,,NCSW - Black Novillo Leather,,WBSKG9C52DJ593661,,J593661,"MSRP.1,ZCP,ZCW,ZPP.3,2MK,302,6FL,655,752",,,"Oct 31, 2012",,,,,,,,,,,
A52 - Space Gray Metallic,,NCH5 - Fox Red/Black Novillo Leather,,WBSKG9C54DJ593662,,J593662,"MSRP.1,ZCP,ZCW,ZPP.1,2MK,302,6FL,6NF,6NR,655,752",,,"Oct 31, 2012",550,,,,,,,,,,
A52 - Space Gray Metallic,,NCH5 - Fox Red/Black Novillo Leather,,WBSKG9C56DJ593663,,J593663,"MSRP.1,ZCP,ZCW,ZPP.3,2MK,302,6FL,6NF,6NR,655,752",,,"Oct 31, 2012",550,,,,,,,,,,
A52 - Space Gray Metallic,,GEAT - Anthracite/Black Cloth & Leather,,WBSKG9C58DJ593664,,J593664,"MSRP.1,ZCW,302,609,6FL,6NF,6NR,655,771",,,"Oct 31, 2012",550,,,,,,,,,,
A73 - Jerez Black Metallic,,NCSW - Black Novillo Leather,,WBSKG9C5XDJ593665,,J593665,"MSRP.1,ZCP,ZCW,ZPP.3,2MK,302,6FL,6NF,6NR,655,752",,,"Oct 31, 2012",550,,,,,,,,,,
A73 - Jerez Black Metallic,,NCH4 - Palladium/Black Novillo Leather,,WBSKG9C51DJ593666,,J593666,"MSRP.1,ZCP,ZCW,ZPP.3,2MK,302,5AC,6FL,6NF,6NR,655,752",,,"Oct 31, 2012",550,,,,,,,,,,
668 - Jet Black,,NDSW - Black Extended Novillo Leather,,WBSKG9C53DJ593667,,J593667,"MSRP.1,ZCP,ZPP.1,2MK,302,5AC,6FL,6NF,6NR,655,752",,,"Oct 31, 2012",1100,,,,,,,,,,
668 - Jet Black,,NCSW - Black Novillo Leather,,WBSKG9C55DJ593668,,J593668,"MSRP.1,ZCW,ZPP.3,302,6FL,655",,,"Oct 31, 2012",,,,,,,,,,,
A30 - Interlagos Blue Metallic,,NCH3 - Beige Novillo Leather,,WBSKG9C57DJ593669,,J593669,"MSRP.1,ZCP,ZCW,ZPP.3,2MK,302,5AC,6FL,6NF,6NR,655,752",,,"Oct 31, 2012",550,,,,,,,,,,
300 - Alpine White,,GEAT - Anthracite/Black Cloth & Leather,,WBSKG9C53DJ593670,,J593670,"MSRP.1,ZCP,2MK,302,6FL,771",,,"Oct 31, 2012",,,,,,,,,,,
300 - Alpine White,,GEAT - Anthracite/Black Cloth & Leather,,WBSKG9C55DJ593671,,J593671,"MSRP.1,302,322,4MY,6FL,655",,,"Oct 31, 2012",,,,,,,,,,,
300 - Alpine White,,NCH5 - Fox Red/Black Novillo Leather,,WBSKG9C57DJ593672,,J593672,"MSRP.1,ZCP,ZCW,ZPP.3,2MK,302,6FL",,,"Nov 2, 2012",,,,,,,,,,,
A75 - Melbourne Red Metallic,,NCH3 - Beige Novillo Leather,,WBSKG9C59DJ593673,,J593673,"MSRP.1,ZCP,ZPP.2,2MK,302,403,494,6FL,6NF,6NR,655,752",,,"Nov 2, 2012",550,,,,,,,,,,
A75 - Melbourne Red Metallic,,NCSW - Black Novillo Leather,,WBSKG9C50DJ593674,,J593674,"MSRP.1,ZCP,ZPP.3,2MK,302,494,5AC,6FL,6NF,6NR,655,752",,,"Nov 2, 2012",550,,,,,,,,,,
A52 - Space Gray Metallic,,NCH3 - Beige Novillo Leather,,WBSKG9C52DJ593675,,J593675,"MSRP.1,ZCP,ZCW,ZPP.3,2MK,302,403,5AC,6FL,6NF,6NR,655,752",,,"Nov 2, 2012",550,,,,,,,,,,
A52 - Space Gray Metallic,,NCSW - Black Novillo Leather,,WBSKG9C54DJ593676,,J593676,"MSRP.1,ZCP,ZPP.3,302,6FL",,,"Nov 2, 2012",550,,,,,,,,,,
A52 - Space Gray Metallic,,NCH5 - Fox Red/Black Novillo Leather,,WBSKG9C56DJ593677,,J593677,"MSRP.1,ZCP,ZPP.3,2MK,302,494,6FL,6NF,6NR,655,752",,,"Nov 2, 2012",550,,,,,,,,,,
A73 - Jerez Black Metallic,,NCSW - Black Novillo Leather,,WBSKG9C58DJ593678,,J593678,"MSRP.1,ZCP,ZCW,ZPP.3,302,403,6FL,6NF,6NR,655,752",,,"Nov 2, 2012",550,,,,,,,,,,
A52 - Space Gray Metallic,,NCH5 - Fox Red/Black Novillo Leather,,WBSKG9C5XDJ593679,,J593679,"MSRP.1,ZCP,ZPP.3,2MK,302,6FL,6NF,6NR,752",,,"Nov 2, 2012",550,,,,,,,,,,
668 - Jet Black,,NCSW - Black Novillo Leather,,WBSKG9C56DJ593680,,J593680,"MSRP.1,ZCP,ZCW,ZPP.3,2MK,302,6FL,6NF,6NR,655,752",,,"Nov 2, 2012",,,,,,,,,,,
A73 - Jerez Black Metallic,,NCSW - Black Novillo Leather,,WBSKG9C58DJ593681,,J593681,"MSRP.1,ZPP.3,2MK,2MT.1,302,494,6FL,6NF,6NR,655",,,"Nov 2, 2012",550,,,,,,,,,,
A73 - Jerez Black Metallic,,NCSW - Black Novillo Leather,,WBSKG9C5XDJ593682,,J593682,"MSRP.1,ZCP,ZCW,ZPP.3,2MK,302,403,6FL,6NF,6NR,752",,,"Nov 3, 2012",550,,,,,,,,,,
668 - Jet Black,,NCH5 - Fox Red/Black Novillo Leather,,WBSKG9C51DJ593683,,J593683,"MSRP.1,ZCP,ZPP.3,2MK,302,5AC,6FL,6NF,6NR,655,752",,,"Nov 3, 2012",,,,,,,,,,,
A30 - Interlagos Blue Metallic,,NCSW - Black Novillo Leather,,WBSKG9C53DJ593684,,J593684,"MSRP.1,ZCP,ZPP.3,302,494,5AC,6FL,6NF,6NR,655,752",,,"Nov 3, 2012",550,,,,,,,,,,
300 - Alpine White,,NCSW - Black Novillo Leather,,WBSKG9C55DJ593685,,J593685,"MSRP.1,ZCP,ZPP.3,2MK,302,6FL,752",,,"Nov 3, 2012",,,,,,,,,,,
A73 - Jerez Black Metallic,,NCSW - Black Novillo Leather,,WBSKG9C57DJ593686,,J593686,"MSRP.1,ZCP,ZCW,ZPP.3,2MK,302,403,6FL,6NF,6NR,655,752",,,"Nov 5, 2012",550,,,,,,,,,,
300 - Alpine White,,NCH3 - Beige Novillo Leather,,WBSKG9C59DJ593687,,J593687,"MSRP.1,ZCP,ZPP.1,2MK,302,494,6FL",,,"Nov 5, 2012",,,,,,,,,,,
300 - Alpine White,,NCH5 - Fox Red/Black Novillo Leather,,WBSKG9C50DJ593688,,J593688,"MSRP.1,ZCP,ZPP.3,2MK,302,494,6FL,6NF,6NR,655,752",,,"Nov 5, 2012",,,,,,,,,,,
300 - Alpine White,,NCSW - Black Novillo Leather,,WBSKG9C52DJ593689,,J593689,"MSRP.1,ZCP,ZPP.3,302,494,6FL,655,752",,,"Nov 5, 2012",,,,,,,,,,,
300 - Alpine White,,NCSW - Black Novillo Leather,,WBSKG9C59DJ593690,,J593690,"MSRP.1,ZCW,ZPP.3,302,6FL",,,"Nov 5, 2012",,,,,,,,,,,
300 - Alpine White,,NCSW - Black Novillo Leather,,WBSKG9C50DJ593691,,J593691,"MSRP.1,ZCP,ZPP.3,2MK,302,494,6FL,6NF,6NR,655",,,"Nov 5, 2012",,,,,,,,,,,
300 - Alpine White,,NCSW - Black Novillo Leather,,WBSKG9C52DJ593692,,J593692,"MSRP.1,ZCP,ZPP.3,2MK,302,6FL,655,752",,,"Nov 5, 2012",,,,,,,,,,,
A75 - Melbourne Red Metallic,,NDSW - Black Extended Novillo Leather,,WBSKG9C54DJ593693,,J593693,"MSRP.1,ZCP,ZCW,ZPP.2,2MK,302,403,5AC,6FL,655,752",,,"Nov 5, 2012",550/1100,,,,,,,,,,
A52 - Space Gray Metallic,,NCSW - Black Novillo Leather,,WBSKG9C56DJ593694,,J593694,"MSRP.1,ZCP,ZPP.3,2MK,302,494,6FL,6NF,6NR,752",,,"Nov 5, 2012",550,,,,,,,,,,
A52 - Space Gray Metallic,,NCSW - Black Novillo Leather,,WBSKG9C58DJ593695,,J593695,"MSRP.1,ZCP,ZPP.3,2MK,302,494,6FL,6NF,6NR,752",,,"Nov 5, 2012",550,,,,,,,,,,
A52 - Space Gray Metallic,,NCSW - Black Novillo Leather,,WBSKG9C5XDJ593696,,J593696,"MSRP.1,ZCP,ZPP.3,2MK,302,494,6FL,6NF,6NR,655,752",,,"Nov 5, 2012",550,,,,,,,,,,
A52 - Space Gray Metallic,,NDH2 - Fox Red Extended Leather,,WBSKG9C51DJ593697,,J593697,"MSRP.1,ZCP,ZCW,ZPP.3,302,6FL,6NF,6NR,655,752",,,"Nov 5, 2012",550/1100,,,,,,,,,,
A52 - Space Gray Metallic,,NCH5 - Fox Red/Black Novillo Leather,,WBSKG9C53DJ593698,,J593698,"MSRP.1,ZPP.2,2MK,2MT.1,302,6FL,6NF,6NR,655,752",,,"Nov 5, 2012",550,,,,,,,,,,
A52 - Space Gray Metallic,,NCSW - Black Novillo Leather,,WBSKG9C55DJ593699,,J593699,"MSRP.1,ZPP.1,2MK,302,403,494,6FL",,,"Nov 6, 2012",550,,,,,,,,,,
A52 - Space Gray Metallic,,NDH2 - Fox Red Extended Leather,,WBSKG9C58DJ593700,,J593700,"MSRP.1,ZCP,ZPP.3,2MK,302,403,494,6FL,6NF,6NR",,,"Nov 6, 2012",550/1100,,,,,,,,,,
,,,,WBSKG9C57DJ593701,,J593701,,,,,,,,,,,,,,,
,,,,WBSKG9C57DJ593702,,J593702,,,,,,,,,,,,,,,
,,,,WBSKG9C57DJ593703,,J593703,,,,,,,,,,,,,,,
,,,,WBSKG9C57DJ593704,,J593704,,,,,,,,,,,,,,,
,,,,WBSKG9C57DJ593705,,J593705,,,,,,,,,,,,,,,
,,,,WBSKG9C57DJ593706,,J593706,,,,,,,,,,,,,,,
,,,,WBSKG9C57DJ593707,,J593707,,,,,,,,,,,,,,,
,,,,WBSKG9C57DJ593708,,J593708,,,,,,,,,,,,,,,
,,,,WBSKG9C57DJ593709,,J593709,,,,,,,,,,,,,,,
,,,,WBSKG9C57DJ593710,,J593710,,,,,,,,,,,,,,,
,,,,WBSKG9C57DJ593711,,J593711,,,,,,,,,,,,,,,
,,,,WBSKG9C57DJ593712,,J593712,,,,,,,,,,,,,,,
,,,,WBSKG9C57DJ593713,,J593713,,,,,,,,,,,,,,,
,,,,WBSKG9C57DJ593714,,J593714,,,,,,,,,,,,,,,
,,,,WBSKG9C57DJ593715,,J593715,,,,,,,,,,,,,,,
,,,,WBSKG9C57DJ593716,,J593716,,,,,,,,,,,,,,,
,,,,WBSKG9C57DJ593717,,J593717,,,,,,,,,,,,,,,
,,,,WBSKG9C57DJ593718,,J593718,,,,,,,,,,,,,,,
,,,,WBSKG9C57DJ593719,,J593719,,,,,,,,,,,,,,,
,,,,WBSKG9C57DJ593720,,J593720,,,,,,,,,,,,,,,
,,,,WBSKG9C57DJ593721,,J593721,,,,,,,,,,,,,,,
,,,,WBSKG9C57DJ593722,,J593722,,,,,,,,,,,,,,,
,,,,WBSKG9C57DJ593723,,J593723,,,,,,,,,,,,,,,
,,,,WBSKG9C57DJ593724,,J593724,,,,,,,,,,,,,,,
,,,,WBSKG9C57DJ593725,,J593725,,,,,,,,,,,,,,,
,,,,WBSKG9C57DJ593726,,J593726,,,,,,,,,,,,,,,
,,,,WBSKG9C57DJ593727,,J593727,,,,,,,,,,,,,,,
,,,,WBSKG9C57DJ593728,,J593728,,,,,,,,,,,,,,,
,,,,WBSKG9C57DJ593729,,J593729,,,,,,,,,,,,,,,
,,,,WBSKG9C57DJ593730,,J593730,,,,,,,,,,,,,,,
,,,,WBSKG9C57DJ593731,,J593731,,,,,,,,,,,,,,,
,,,,WBSKG9C57DJ593732,,J593732,,,,,,,,,,,,,,,
,,,,WBSKG9C57DJ593733,,J593733,,,,,,,,,,,,,,,
,,,,WBSKG9C57DJ593734,,J593734,,,,,,,,,,,,,,,
,,,,WBSKG9C57DJ593735,,J593735,,,,,,,,,,,,,,,
,,,,WBSKG9C57DJ593736,,J593736,,,,,,,,,,,,,,,
,,,,WBSKG9C57DJ593737,,J593737,,,,,,,,,,,,,,,
,,,,WBSKG9C57DJ593738,,J593738,,,,,,,,,,,,,,,
,,,,WBSKG9C57DJ593739,,J593739,,,,,,,,,,,,,,,
,,,,WBSKG9C57DJ593740,,J593740,,,,,,,,,,,,,,,
,,,,WBSKG9C57DJ593741,,J593741,,,,,,,,,,,,,,,
,,,,WBSKG9C57DJ593742,,J593742,,,,,,,,,,,,,,,
,,,,WBSKG9C57DJ593743,,J593743,,,,,,,,,,,,,,,
,,,,WBSKG9C57DJ593744,,J593744,,,,,,,,,,,,,,,
,,,,WBSKG9C57DJ593745,,J593745,,,,,,,,,,,,,,,
,,,,WBSKG9C57DJ593746,,J593746,,,,,,,,,,,,,,,
,,,,WBSKG9C57DJ593747,,J593747,,,,,,,,,,,,,,,
,,,,WBSKG9C57DJ593748,,J593748,,,,,,,,,,,,,,,
,,,,WBSKG9C57DJ593749,,J593749,,,,,,,,,,,,,,,
,,,,WBSKG9C57DJ593750,,J593750,,,,,,,,,,,,,,,
,,,,WBSKG9C57DJ593751,,J593751,,,,,,,,,,,,,,,
,,,,WBSKG9C57DJ593752,,J593752,,,,,,,,,,,,,,,
,,,,WBSKG9C57DJ593753,,J593753,,,,,,,,,,,,,,,
,,,,WBSKG9C57DJ593754,,J593754,,,,,,,,,,,,,,,
,,,,WBSKG9C57DJ593755,,J593755,,,,,,,,,,,,,,,
,,,,WBSKG9C57DJ593756,,J593756,,,,,,,,,,,,,,,
,,,,WBSKG9C57DJ593757,,J593757,,,,,,,,,,,,,,,
,,,,WBSKG9C57DJ593758,,J593758,,,,,,,,,,,,,,,
,,,,WBSKG9C57DJ593759,,J593759,,,,,,,,,,,,,,,
,,,,WBSKG9C57DJ593760,,J593760,,,,,,,,,,,,,,,
,,,,WBSKG9C57DJ593761,,J593761,,,,,,,,,,,,,,,
,,,,WBSKG9C57DJ593762,,J593762,,,,,,,,,,,,,,,
,,,,WBSKG9C57DJ593763,,J593763,,,,,,,,,,,,,,,
,,,,WBSKG9C57DJ593764,,J593764,,,,,,,,,,,,,,,
,,,,WBSKG9C57DJ593765,,J593765,,,,,,,,,,,,,,,
,,,,WBSKG9C57DJ593766,,J593766,,,,,,,,,,,,,,,
,,,,WBSKG9C57DJ593767,,J593767,,,,,,,,,,,,,,,
,,,,WBSKG9C57DJ593768,,J593768,,,,,,,,,,,,,,,
,,,,WBSKG9C57DJ593769,,J593769,,,,,,,,,,,,,,,
,,,,WBSKG9C57DJ593770,,J593770,,,,,,,,,,,,,,,
,,,,WBSKG9C57DJ593771,,J593771,,,,,,,,,,,,,,,
,,,,WBSKG9C57DJ593772,,J593772,,,,,,,,,,,,,,,
,,,,WBSKG9C57DJ593773,,J593773,,,,,,,,,,,,,,,
,,,,WBSKG9C57DJ593774,,J593774,,,,,,,,,,,,,,,
,,,,WBSKG9C57DJ593775,,J593775,,,,,,,,,,,,,,,
,,,,WBSKG9C57DJ593776,,J593776,,,,,,,,,,,,,,,
,,,,WBSKG9C57DJ593777,,J593777,,,,,,,,,,,,,,,
,,,,WBSKG9C57DJ593778,,J593778,,,,,,,,,,,,,,,
,,,,WBSKG9C57DJ593779,,J593779,,,,,,,,,,,,,,,
,,,,WBSKG9C57DJ593780,,J593780,,,,,,,,,,,,,,,
,,,,WBSKG9C57DJ593781,,J593781,,,,,,,,,,,,,,,
,,,,WBSKG9C57DJ593782,,J593782,,,,,,,,,,,,,,,
,,,,WBSKG9C57DJ593783,,J593783,,,,,,,,,,,,,,,
,,,,WBSKG9C57DJ593784,,J593784,,,,,,,,,,,,,,,
,,,,WBSKG9C57DJ593785,,J593785,,,,,,,,,,,,,,,
,,,,WBSKG9C57DJ593786,,J593786,,,,,,,,,,,,,,,
,,,,WBSKG9C57DJ593787,,J593787,,,,,,,,,,,,,,,
,,,,WBSKG9C57DJ593788,,J593788,,,,,,,,,,,,,,,
,,,,WBSKG9C57DJ593789,,J593789,,,,,,,,,,,,,,,
,,,,WBSKG9C57DJ593790,,J593790,,,,,,,,,,,,,,,
,,,,WBSKG9C57DJ593791,,J593791,,,,,,,,,,,,,,,
,,,,WBSKG9C57DJ593792,,J593792,,,,,,,,,,,,,,,
,,,,WBSKG9C57DJ593793,,J593793,,,,,,,,,,,,,,,
,,,,WBSKG9C57DJ593794,,J593794,,,,,,,,,,,,,,,
,,,,WBSKG9C57DJ593795,,J593795,,,,,,,,,,,,,,,
,,,,WBSKG9C57DJ593796,,J593796,,,,,,,,,,,,,,,
,,,,WBSKG9C57DJ593797,,J593797,,,,,,,,,,,,,,,
,,,,WBSKG9C57DJ593798,,J593798,,,,,,,,,,,,,,,
,,,,WBSKG9C57DJ593799,,J593799,,,,,,,,,,,,,,,
,,,,WBSKG9C57DJ593800,,J593800,,,,,,,,,,,,,,,
,,,,WBSKG9C57DJ593801,,J593801,,,,,,,,,,,,,,,
,,,,WBSKG9C57DJ593802,,J593802,,,,,,,,,,,,,,,
,,,,WBSKG9C57DJ593803,,J593803,,,,,,,,,,,,,,,
,,,,WBSKG9C57DJ593804,,J593804,,,,,,,,,,,,,,,
,,,,WBSKG9C57DJ593805,,J593805,,,,,,,,,,,,,,,
,,,,WBSKG9C57DJ593806,,J593806,,,,,,,,,,,,,,,
,,,,WBSKG9C57DJ593807,,J593807,,,,,,,,,,,,,,,
,,,,WBSKG9C57DJ593808,,J593808,,,,,,,,,,,,,,,
,,,,WBSKG9C57DJ593809,,J593809,,,,,,,,,,,,,,,
,,,,WBSKG9C57DJ593810,,J593810,,,,,,,,,,,,,,,
,,,,WBSKG9C57DJ593811,,J593811,,,,,,,,,,,,,,,
,,,,WBSKG9C57DJ593812,,J593812,,,,,,,,,,,,,,,
,,,,WBSKG9C57DJ593813,,J593813,,,,,,,,,,,,,,,
,,,,WBSKG9C57DJ593814,,J593814,,,,,,,,,,,,,,,
,,,,WBSKG9C57DJ593815,,J593815,,,,,,,,,,,,,,,
,,,,WBSKG9C57DJ593816,,J593816,,,,,,,,,,,,,,,
,,,,WBSKG9C57DJ593817,,J593817,,,,,,,,,,,,,,,
,,,,WBSKG9C57DJ593818,,J593818,,,,,,,,,,,,,,,
,,,,WBSKG9C57DJ593819,,J593819,,,,,,,,,,,,,,,
,,,,WBSKG9C57DJ593820,,J593820,,,,,,,,,,,,,,,
,,,,WBSKG9C57DJ593821,,J593821,,,,,,,,,,,,,,,
,,,,WBSKG9C57DJ593822,,J593822,,,,,,,,,,,,,,,
,,,,WBSKG9C57DJ593823,,J593823,,,,,,,,,,,,,,,
,,,,WBSKG9C57DJ593824,,J593824,,,,,,,,,,,,,,,
,,,,WBSKG9C57DJ593825,,J593825,,,,,,,,,,,,,,,
,,,,WBSKG9C57DJ593826,,J593826,,,,,,,,,,,,,,,
,,,,WBSKG9C57DJ593827,,J593827,,,,,,,,,,,,,,,
,,,,WBSKG9C57DJ593828,,J593828,,,,,,,,,,,,,,,
,,,,WBSKG9C57DJ593829,,J593829,,,,,,,,,,,,,,,
,,,,WBSKG9C57DJ593830,,J593830,,,,,,,,,,,,,,,
,,,,WBSKG9C57DJ593831,,J593831,,,,,,,,,,,,,,,
,,,,WBSKG9C57DJ593832,,J593832,,,,,,,,,,,,,,,
,,,,WBSKG9C57DJ593833,,J593833,,,,,,,,,,,,,,,
,,,,WBSKG9C57DJ593834,,J593834,,,,,,,,,,,,,,,
,,,,WBSKG9C57DJ593835,,J593835,,,,,,,,,,,,,,,
,,,,WBSKG9C57DJ593836,,J593836,,,,,,,,,,,,,,,
,,,,WBSKG9C57DJ593837,,J593837,,,,,,,,,,,,,,,
,,,,WBSKG9C57DJ593838,,J593838,,,,,,,,,,,,,,,
,,,,WBSKG9C57DJ593839,,J593839,,,,,,,,,,,,,,,
,,,,WBSKG9C57DJ593840,,J593840,,,,,,,,,,,,,,,
,,,,WBSKG9C57DJ593841,,J593841,,,,,,,,,,,,,,,
,,,,WBSKG9C57DJ593842,,J593842,,,,,,,,,,,,,,,
,,,,WBSKG9C57DJ593843,,J593843,,,,,,,,,,,,,,,
,,,,WBSKG9C57DJ593844,,J593844,,,,,,,,,,,,,,,
,,,,WBSKG9C57DJ593845,,J593845,,,,,,,,,,,,,,,
,,,,WBSKG9C57DJ593846,,J593846,,,,,,,,,,,,,,,
,,,,WBSKG9C57DJ593847,,J593847,,,,,,,,,,,,,,,
,,,,WBSKG9C57DJ593848,,J593848,,,,,,,,,,,,,,,
,,,,WBSKG9C57DJ593849,,J593849,,,,,,,,,,,,,,,
,,,,WBSKG9C57DJ593850,,J593850,,,,,,,,,,,,,,,
,,,,WBSKG9C57DJ593851,,J593851,,,,,,,,,,,,,,,
,,,,WBSKG9C57DJ593852,,J593852,,,,,,,,,,,,,,,
,,,,WBSKG9C57DJ593853,,J593853,,,,,,,,,,,,,,,
,,,,WBSKG9C57DJ593854,,J593854,,,,,,,,,,,,,,,
,,,,WBSKG9C57DJ593855,,J593855,,,,,,,,,,,,,,,
,,,,WBSKG9C57DJ593856,,J593856,,,,,,,,,,,,,,,
,,,,WBSKG9C57DJ593857,,J593857,,,,,,,,,,,,,,,
,,,,WBSKG9C57DJ593858,,J593858,,,,,,,,,,,,,,,
,,,,WBSKG9C57DJ593859,,J593859,,,,,,,,,,,,,,,
,,,,WBSKG9C57DJ593860,,J593860,,,,,,,,,,,,,,,
,,,,WBSKG9C57DJ593861,,J593861,,,,,,,,,,,,,,,
,,,,WBSKG9C57DJ593862,,J593862,,,,,,,,,,,,,,,
,,,,WBSKG9C57DJ593863,,J593863,,,,,,,,,,,,,,,
,,,,WBSKG9C57DJ593864,,J593864,,,,,,,,,,,,,,,
,,,,WBSKG9C57DJ593865,,J593865,,,,,,,,,,,,,,,
,,,,WBSKG9C57DJ593866,,J593866,,,,,,,,,,,,,,,
,,,,WBSKG9C57DJ593867,,J593867,,,,,,,,,,,,,,,
,,,,WBSKG9C57DJ593868,,J593868,,,,,,,,,,,,,,,
,,,,WBSKG9C57DJ593869,,J593869,,,,,,,,,,,,,,,
,,,,WBSKG9C57DJ593870,,J593870,,,,,,,,,,,,,,,
,,,,WBSKG9C57DJ593871,,J593871,,,,,,,,,,,,,,,
,,,,WBSKG9C57DJ593872,,J593872,,,,,,,,,,,,,,,
,,,,WBSKG9C57DJ593873,,J593873,,,,,,,,,,,,,,,
,,,,WBSKG9C57DJ593874,,J593874,,,,,,,,,,,,,,,
,,,,WBSKG9C57DJ593875,,J593875,,,,,,,,,,,,,,,
,,,,WBSKG9C57DJ593876,,J593876,,,,,,,,,,,,,,,
,,,,WBSKG9C57DJ593877,,J593877,,,,,,,,,,,,,,,
,,,,WBSKG9C57DJ593878,,J593878,,,,,,,,,,,,,,,
,,,,WBSKG9C57DJ593879,,J593879,,,,,,,,,,,,,,,
,,,,WBSKG9C57DJ593880,,J593880,,,,,,,,,,,,,,,
,,,,WBSKG9C57DJ593881,,J593881,,,,,,,,,,,,,,,
,,,,WBSKG9C57DJ593882,,J593882,,,,,,,,,,,,,,,
,,,,WBSKG9C57DJ593883,,J593883,,,,,,,,,,,,,,,
,,,,WBSKG9C57DJ593884,,J593884,,,,,,,,,,,,,,,
,,,,WBSKG9C57DJ593885,,J593885,,,,,,,,,,,,,,,
,,,,WBSKG9C57DJ593886,,J593886,,,,,,,,,,,,,,,
,,,,WBSKG9C57DJ593887,,J593887,,,,,,,,,,,,,,,
,,,,WBSKG9C57DJ593888,,J593888,,,,,,,,,,,,,,,
,,,,WBSKG9C57DJ593889,,J593889,,,,,,,,,,,,,,,
,,,,WBSKG9C57DJ593890,,J593890,,,,,,,,,,,,,,,
,,,,WBSKG9C57DJ593891,,J593891,,,,,,,,,,,,,,,
,,,,WBSKG9C57DJ593892,,J593892,,,,,,,,,,,,,,,
,,,,WBSKG9C57DJ593893,,J593893,,,,,,,,,,,,,,,
,,,,WBSKG9C57DJ593894,,J593894,,,,,,,,,,,,,,,
,,,,WBSKG9C57DJ593895,,J593895,,,,,,,,,,,,,,,
,,,,WBSKG9C57DJ593896,,J593896,,,,,,,,,,,,,,,
,,,,WBSKG9C57DJ593897,,J593897,,,,,,,,,,,,,,,
,,,,WBSKG9C57DJ593898,,J593898,,,,,,,,,,,,,,,
,,,,WBSKG9C57DJ593899,,J593899,,,,,,,,,,,,,,,
,,,,WBSKG9C57DJ593900,,J593900,,,,,,,,,,,,,,,
,,,,WBSKG9C57DJ593901,,J593901,,,,,,,,,,,,,,,
,,,,WBSKG9C57DJ593902,,J593902,,,,,,,,,,,,,,,
,,,,WBSKG9C57DJ593903,,J593903,,,,,,,,,,,,,,,
,,,,WBSKG9C57DJ593904,,J593904,,,,,,,,,,,,,,,
,,,,WBSKG9C57DJ593905,,J593905,,,,,,,,,,,,,,,
,,,,WBSKG9C57DJ593906,,J593906,,,,,,,,,,,,,,,
,,,,WBSKG9C57DJ593907,,J593907,,,,,,,,,,,,,,,
,,,,WBSKG9C57DJ593908,,J593908,,,,,,,,,,,,,,,
,,,,WBSKG9C57DJ593909,,J593909,,,,,,,,,,,,,,,
,,,,WBSKG9C57DJ593910,,J593910,,,,,,,,,,,,,,,
,,,,WBSKG9C57DJ593911,,J593911,,,,,,,,,,,,,,,
,,,,WBSKG9C57DJ593912,,J593912,,,,,,,,,,,,,,,
,,,,WBSKG9C57DJ593913,,J593913,,,,,,,,,,,,,,,
,,,,WBSKG9C57DJ593914,,J593914,,,,,,,,,,,,,,,
,,,,WBSKG9C57DJ593915,,J593915,,,,,,,,,,,,,,,
,,,,WBSKG9C57DJ593916,,J593916,,,,,,,,,,,,,,,
,,,,WBSKG9C57DJ593917,,J593917,,,,,,,,,,,,,,,
,,,,WBSKG9C57DJ593918,,J593918,,,,,,,,,,,,,,,
,,,,WBSKG9C57DJ593919,,J593919,,,,,,,,,,,,,,,
,,,,WBSKG9C57DJ593920,,J593920,,,,,,,,,,,,,,,
,,,,WBSKG9C57DJ593921,,J593921,,,,,,,,,,,,,,,
,,,,WBSKG9C57DJ593922,,J593922,,,,,,,,,,,,,,,
,,,,WBSKG9C57DJ593923,,J593923,,,,,,,,,,,,,,,
,,,,WBSKG9C57DJ593924,,J593924,,,,,,,,,,,,,,,
,,,,WBSKG9C57DJ593925,,J593925,,,,,,,,,,,,,,,
,,,,WBSKG9C57DJ593926,,J593926,,,,,,,,,,,,,,,
,,,,WBSKG9C57DJ593927,,J593927,,,,,,,,,,,,,,,
,,,,WBSKG9C57DJ593928,,J593928,,,,,,,,,,,,,,,
,,,,WBSKG9C57DJ593929,,J593929,,,,,,,,,,,,,,,
,,,,WBSKG9C57DJ593930,,J593930,,,,,,,,,,,,,,,
,,,,WBSKG9C57DJ593931,,J593931,,,,,,,,,,,,,,,
,,,,WBSKG9C57DJ593932,,J593932,,,,,,,,,,,,,,,
,,,,WBSKG9C57DJ593933,,J593933,,,,,,,,,,,,,,,
,,,,WBSKG9C57DJ593934,,J593934,,,,,,,,,,,,,,,
,,,,WBSKG9C57DJ593935,,J593935,,,,,,,,,,,,,,,
,,,,WBSKG9C57DJ593936,,J593936,,,,,,,,,,,,,,,
,,,,WBSKG9C57DJ593937,,J593937,,,,,,,,,,,,,,,
,,,,WBSKG9C57DJ593938,,J593938,,,,,,,,,,,,,,,
,,,,WBSKG9C57DJ593939,,J593939,,,,,,,,,,,,,,,
,,,,WBSKG9C57DJ593940,,J593940,,,,,,,,,,,,,,,
,,,,WBSKG9C57DJ593941,,J593941,,,,,,,,,,,,,,,
,,,,WBSKG9C57DJ593942,,J593942,,,,,,,,,,,,,,,
,,,,WBSKG9C57DJ593943,,J593943,,,,,,,,,,,,,,,
,,,,WBSKG9C57DJ593944,,J593944,,,,,,,,,,,,,,,
,,,,WBSKG9C57DJ593945,,J593945,,,,,,,,,,,,,,,
,,,,WBSKG9C57DJ593946,,J593946,,,,,,,,,,,,,,,
,,,,WBSKG9C57DJ593947,,J593947,,,,,,,,,,,,,,,
,,,,WBSKG9C57DJ593948,,J593948,,,,,,,,,,,,,,,
,,,,WBSKG9C57DJ593949,,J593949,,,,,,,,,,,,,,,
,,,,WBSKG9C57DJ593950,,J593950,,,,,,,,,,,,,,,
,,,,WBSKG9C57DJ593951,,J593951,,,,,,,,,,,,,,,
,,,,WBSKG9C57DJ593952,,J593952,,,,,,,,,,,,,,,
,,,,WBSKG9C57DJ593953,,J593953,,,,,,,,,,,,,,,
,,,,WBSKG9C57DJ593954,,J593954,,,,,,,,,,,,,,,
,,,,WBSKG9C57DJ593955,,J593955,,,,,,,,,,,,,,,
,,,,WBSKG9C57DJ593956,,J593956,,,,,,,,,,,,,,,
,,,,WBSKG9C57DJ593957,,J593957,,,,,,,,,,,,,,,
,,,,WBSKG9C57DJ593958,,J593958,,,,,,,,,,,,,,,
,,,,WBSKG9C57DJ593959,,J593959,,,,,,,,,,,,,,,
,,,,WBSKG9C57DJ593960,,J593960,,,,,,,,,,,,,,,
,,,,WBSKG9C57DJ593961,,J593961,,,,,,,,,,,,,,,
,,,,WBSKG9C57DJ593962,,J593962,,,,,,,,,,,,,,,
,,,,WBSKG9C57DJ593963,,J593963,,,,,,,,,,,,,,,
,,,,WBSKG9C57DJ593964,,J593964,,,,,,,,,,,,,,,
,,,,WBSKG9C57DJ593965,,J593965,,,,,,,,,,,,,,,
,,,,WBSKG9C57DJ593966,,J593966,,,,,,,,,,,,,,,
,,,,WBSKG9C57DJ593967,,J593967,,,,,,,,,,,,,,,
,,,,WBSKG9C57DJ593968,,J593968,,,,,,,,,,,,,,,
,,,,WBSKG9C57DJ593969,,J593969,,,,,,,,,,,,,,,
,,,,WBSKG9C57DJ593970,,J593970,,,,,,,,,,,,,,,
,,,,WBSKG9C57DJ593971,,J593971,,,,,,,,,,,,,,,
,,,,WBSKG9C57DJ593972,,J593972,,,,,,,,,,,,,,,
,,,,WBSKG9C57DJ593973,,J593973,,,,,,,,,,,,,,,
,,,,WBSKG9C57DJ593974,,J593974,,,,,,,,,,,,,,,
,,,,WBSKG9C57DJ593975,,J593975,,,,,,,,,,,,,,,
,,,,WBSKG9C57DJ593976,,J593976,,,,,,,,,,,,,,,
,,,,WBSKG9C57DJ593977,,J593977,,,,,,,,,,,,,,,
,,,,WBSKG9C57DJ593978,,J593978,,,,,,,,,,,,,,,
,,,,WBSKG9C57DJ593979,,J593979,,,,,,,,,,,,,,,
,,,,WBSKG9C57DJ593980,,J593980,,,,,,,,,,,,,,,
,,,,WBSKG9C57DJ593981,,J593981,,,,,,,,,,,,,,,
,,,,WBSKG9C57DJ593982,,J593982,,,,,,,,,,,,,,,
,,,,WBSKG9C57DJ593983,,J593983,,,,,,,,,,,,,,,
,,,,WBSKG9C57DJ593984,,J593984,,,,,,,,,,,,,,,
,,,,WBSKG9C57DJ593985,,J593985,,,,,,,,,,,,,,,
,,,,WBSKG9C57DJ593986,,J593986,,,,,,,,,,,,,,,
,,,,WBSKG9C57DJ593987,,J593987,,,,,,,,,,,,,,,
,,,,WBSKG9C57DJ593988,,J593988,,,,,,,,,,,,,,,
,,,,WBSKG9C57DJ593989,,J593989,,,,,,,,,,,,,,,
,,,,WBSKG9C57DJ593990,,J593990,,,,,,,,,,,,,,,
,,,,WBSKG9C57DJ593991,,J593991,,,,,,,,,,,,,,,
,,,,WBSKG9C57DJ593992,,J593992,,,,,,,,,,,,,,,
,,,,WBSKG9C57DJ593993,,J593993,,,,,,,,,,,,,,,
,,,,WBSKG9C57DJ593994,,J593994,,,,,,,,,,,,,,,
,,,,WBSKG9C57DJ593995,,J593995,,,,,,,,,,,,,,,
,,,,WBSKG9C57DJ593996,,J593996,,,,,,,,,,,,,,,
,,,,WBSKG9C57DJ593997,,J593997,,,,,,,,,,,,,,,
,,,,WBSKG9C57DJ593998,,J593998,,,,,,,,,,,,,,,
,,,,WBSKG9C57DJ593999,,J593999,,,,,,,,,,,,,,,
,,,,WBSKG9C57DJ594000,,J594000,,,,,,,,,,,,,,,
,,,,WBSKG9C57DJ594001,,J594001,,,,,,,,,,,,,,,
,,,,,,,,,,,,,,,,,,,,,
,,,,,,,,,,,,,,,,,,,,,
,,,,,,,,,,,,,,,,,,,,,
,,,,,,,,,,,,,,,,,,,,,
,,,,,,,,,,,,,,,,,,,,,
,,,,,,,,,,,,,,,,,,,,,
,,,,,,,,,,,,,,,,,,,,,
,,,,,,,,,,,,,,,,,,,,,
,,,,,,,,,,,,,,,,,,,,,
,,,,,,,,,,,,,,,,,,,,,
,,,,,,,,,,,,,,,,,,,,,
,,,,,,,,,,,,,,,,,,,,,
,,,,,,,,,,,,,,,,,,,,,
,,,,,,,,,,,,,,,,,,,,,
,,,,,,,,,,,,,,,,,,,,,
,,,,,,,,,,,,,,,,,,,,,
,,,,,,,,,,,,,,,,,,,,,
,,,,,,,,,,,,,,,,,,,,,
,,,,,,,,,,,,,,,,,,,,,
,,,,,,,,,,,,,,,,,,,,,
,,,,,,,,,,,,,,,,,,,,,
,,,,,,,,,,,,,,,,,,,,,
,,,,,,,,,,,,,,,,,,,,,
,,,,,,,,,,,,,,,,,,,,,
,,,,,,,,,,,,,,,,,,,,,
,,,,,,,,,,,,,,,,,,,,,
,,,,,,,,,,,,,,,,,,,,,
,,,,,,,,,,,,,,,,,,,,,
,,,,,,,,,,,,,,,,,,,,,
,,,,,,,,,,,,,,,,,,,,,
,,,,,,,,,,,,,,,,,,,,,
,,,,,,,,,,,,,,,,,,,,,
,,,,,,,,,,,,,,,,,,,,,
,,,,,,,,,,,,,,,,,,,,,
,,,,,,,,,,,,,,,,,,,,,
,,,,,,,,,,,,,,,,,,,,,
,,,,,,,,,,,,,,,,,,,,,
,,,,,,,,,,,,,,,,,,,,,
,,,,,,,,,,,,,,,,,,,,,
,,,,,,,,,,,,,,,,,,,,,
,,,,,,,,,,,,,,,,,,,,,
,,,,,,,,,,,,,,,,,,,,,
,,,,,,,,,,,,,,,,,,,,,
,,,,,,,,,,,,,,,,,,,,,
,,,,,,,,,,,,,,,,,,,,,
,,,,,,,,,,,,,,,,,,,,,
,,,,,,,,,,,,,,,,,,,,,
,,,,,,,,,,,,,,,,,,,,,
,,,,,,,,,,,,,,,,,,,,,
,,,,,,,,,,,,,,,,,,,,,
,,,,,,,,,,,,,,,,,,,,,
,,,,,,,,,,,,,,,,,,,,,
,,,,,,,,,,,,,,,,,,,,,
,,,,,,,,,,,,,,,,,,,,,
,,,,,,,,,,,,,,,,,,,,,
,,,,,,,,,,,,,,,,,,,,,
,,,,,,,,,,,,,,,,,,,,,
,,,,,,,,,,,,,,,,,,,,,
,,,,,,,,,,,,,,,,,,,,,
,,,,,,,,,,,,,,,,,,,,,
,,,,,,,,,,,,,,,,,,,,,
,,,,,,,,,,,,,,,,,,,,,
,,,,,,,,,,,,,,,,,,,,,
,,,,,,,,,,,,,,,,,,,,,
,,,,,,,,,,,,,,,,,,,,,
,,,,,,,,,,,,,,,,,,,,,
,,,,,,,,,,,,,,,,,,,,,
,,,,,,,,,,,,,,,,,,,,,
,,,,,,,,,,,,,,,,,,,,,
,,,,,,,,,,,,,,,,,,,,,
,,,,,,,,,,,,,,,,,,,,,
,,,,,,,,,,,,,,,,,,,,,
,,,,,,,,,,,,,,,,,,,,,
,,,,,,,,,,,,,,,,,,,,,
,,,,,,,,,,,,,,,,,,,,,
,,,,,,,,,,,,,,,,,,,,,
,,,,,,,,,,,,,,,,,,,,,
,,,,,,,,,,,,,,,,,,,,,
,,,,,,,,,,,,,,,,,,,,,
,,,,,,,,,,,,,,,,,,,,,
,,,,,,,,,,,,,,,,,,,,,
,,,,,,,,,,,,,,,,,,,,,
,,,,,,,,,,,,,,,,,,,,,
,,,,,,,,,,,,,,,,,,,,,
,,,,,,,,,,,,,,,,,,,,,
,,,,,,,,,,,,,,,,,,,,,
,,,,,,,,,,,,,,,,,,,,,
,,,,,,,,,,,,,,,,,,,,,
,,,,,,,,,,,,,,,,,,,,,
,,,,,,,,,,,,,,,,,,,,,
,,,,,,,,,,,,,,,,,,,,,
,,,,,,,,,,,,,,,,,,,,,
,,,,,,,,,,,,,,,,,,,,,
,,,,,,,,,,,,,,,,,,,,,
,,,,,,,,,,,,,,,,,,,,,
,,,,,,,,,,,,,,,,,,,,,
,,,,,,,,,,,,,,,,,,,,,
,,,,,,,,,,,,,,,,,,,,,
,,,,,,,,,,,,,,,,,,,,,
,,,,,,,,,,,,,,,,,,,,,
,,,,,,,,,,,,,,,,,,,,,
,,,,,,,,,,,,,,,,,,,,,
,,,,,,,,,,,,,,,,,,,,,
,,,,,,,,,,,,,,,,,,,,,
,,,,,,,,,,,,,,,,,,,,,
,,,,,,,,,,,,,,,,,,,,,
,,,,,,,,,,,,,,,,,,,,,
,,,,,,,,,,,,,,,,,,,,,
,,,,,,,,,,,,,,,,,,,,,
,,,,,,,,,,,,,,,,,,,,,
,,,,,,,,,,,,,,,,,,,,,
,,,,,,,,,,,,,,,,,,,,,
,,,,,,,,,,,,,,,,,,,,,
,,,,,,,,,,,,,,,,,,,,,
,,,,,,,,,,,,,,,,,,,,,
,,,,,,,,,,,,,,,,,,,,,
,,,,,,,,,,,,,,,,,,,,,
,,,,,,,,,,,,,,,,,,,,,
,,,,,,,,,,,,,,,,,,,,,
,,,,,,,,,,,,,,,,,,,,,
,,,,,,,,,,,,,,,,,,,,,
,,,,,,,,,,,,,,,,,,,,,
,,,,,,,,,,,,,,,,,,,,,
,,,,,,,,,,,,,,,,,,,,,
,,,,,,,,,,,,,,,,,,,,,
,,,,,,,,,,,,,,,,,,,,,
,,,,,,,,,,,,,,,,,,,,,
,,,,,,,,,,,,,,,,,,,,,
,,,,,,,,,,,,,,,,,,,,,
,,,,,,,,,,,,,,,,,,,,,
,,,,,,,,,,,,,,,,,,,,,
,,,,,,,,,,,,,,,,,,,,,
,,,,,,,,,,,,,,,,,,,,,
,,,,,,,,,,,,,,,,,,,,,
,,,,,,,,,,,,,,,,,,,,,
,,,,,,,,,,,,,,,,,,,,,
,,,,,,,,,,,,,,,,,,,,,
,,,,,,,,,,,,,,,,,,,,,
,,,,,,,,,,,,,,,,,,,,,
,,,,,,,,,,,,,,,,,,,,,
,,,,,,,,,,,,,,,,,,,,,
,,,,,,,,,,,,,,,,,,,,,
,,,,,,,,,,,,,,,,,,,,,
,,,,,,,,,,,,,,,,,,,,,
,,,,,,,,,,,,,,,,,,,,,
,,,,,,,,,,,,,,,,,,,,,
,,,,,,,,,,,,,,,,,,,,,
,,,,,,,,,,,,,,,,,,,,,
,,,,,,,,,,,,,,,,,,,,,
,,,,,,,,,,,,,,,,,,,,,
,,,,,,,,,,,,,,,,,,,,,
,,,,,,,,,,,,,,,,,,,,,
,,,,,,,,,,,,,,,,,,,,,
,,,,,,,,,,,,,,,,,,,,,
,,,,,,,,,,,,,,,,,,,,,
,,,,,,,,,,,,,,,,,,,,,
,,,,,,,,,,,,,,,,,,,,,
,,,,,,,,,,,,,,,,,,,,,
,,,,,,,,,,,,,,,,,,,,,
,,,,,,,,,,,,,,,,,,,,,
,,,,,,,,,,,,,,,,,,,,,
,,,,,,,,,,,,,,,,,,,,,
,,,,,,,,,,,,,,,,,,,,,
,,,,,,,,,,,,,,,,,,,,,
,,,,,,,,,,,,,,,,,,,,,
,,,,,,,,,,,,,,,,,,,,,
,,,,,,,,,,,,,,,,,,,,,
,,,,,,,,,,,,,,,,,,,,,
,,,,,,,,,,,,,,,,,,,,,
,,,,,,,,,,,,,,,,,,,,,
,,,,,,,,,,,,,,,,,,,,,
,,,,,,,,,,,,,,,,,,,,,
,,,,,,,,,,,,,,,,,,,,,
,,,,,,,,,,,,,,,,,,,,,
,,,,,,,,,,,,,,,,,,,,,
,,,,,,,,,,,,,,,,,,,,,
,,,,,,,,,,,,,,,,,,,,,
,,,,,,,,,,,,,,,,,,,,,
,,,,,,,,,,,,,,,,,,,,,
,,,,,,,,,,,,,,,,,,,,,
,,,,,,,,,,,,,,,,,,,,,
,,,,,,,,,,,,,,,,,,,,,
,,,,,,,,,,,,,,,,,,,,,
,,,,,,,,,,,,,,,,,,,,,
,,,,,,,,,,,,,,,,,,,,,
,,,,,,,,,,,,,,,,,,,,,
,,,,,,,,,,,,,,,,,,,,,
,,,,,,,,,,,,,,,,,,,,,
,,,,,,,,,,,,,,,,,,,,,
,,,,,,,,,,,,,,,,,,,,,
,,,,,,,,,,,,,,,,,,,,,
,,,,,,,,,,,,,,,,,,,,,
,,,,,,,,,,,,,,,,,,,,,
,,,,,,,,,,,,,,,,,,,,,
,,,,,,,,,,,,,,,,,,,,,
,,,,,,,,,,,,,,,,,,,,,
,,,,,,,,,,,,,,,,,,,,,
,,,,,,,,,,,,,,,,,,,,,
,,,,,,,,,,,,,,,,,,,,,
,,,,,,,,,,,,,,,,,,,,,
,,,,,,,,,,,,,,,,,,,,,
,,,,,,,,,,,,,,,,,,,,,
,,,,,,,,,,,,,,,,,,,,,
,,,,,,,,,,,,,,,,,,,,,
,,,,,,,,,,,,,,,,,,,,,
,,,,,,,,,,,,,,,,,,,,,
,,,,,,,,,,,,,,,,,,,,,
,,,,,,,,,,,,,,,,,,,,,
,,,,,,,,,,,,,,,,,,,,,
,,,,,,,,,,,,,,,,,,,,,
,,,,,,,,,,,,,,,,,,,,,
,,,,,,,,,,,,,,,,,,,,,
,,,,,,,,,,,,,,,,,,,,,
,,,,,,,,,,,,,,,,,,,,,
,,,,,,,,,,,,,,,,,,,,,
,,,,,,,,,,,,,,,,,,,,,
,,,,,,,,,,,,,,,,,,,,,
,,,,,,,,,,,,,,,,,,,,,
,,,,,,,,,,,,,,,,,,,,,
,,,,,,,,,,,,,,,,,,,,,
,,,,,,,,,,,,,,,,,,,,,
,,,,,,,,,,,,,,,,,,,,,
,,,,,,,,,,,,,,,,,,,,,
,,,,,,,,,,,,,,,,,,,,,
,,,,,,,,,,,,,,,,,,,,,
,,,,,,,,,,,,,,,,,,,,,
,,,,,,,,,,,,,,,,,,,,,
,,,,,,,,,,,,,,,,,,,,,
,,,,,,,,,,,,,,,,,,,,,
,,,,,,,,,,,,,,,,,,,,,
,,,,,,,,,,,,,,,,,,,,,
,,,,,,,,,,,,,,,,,,,,,
,,,,,,,,,,,,,,,,,,,,,
,,,,,,,,,,,,,,,,,,,,,
,,,,,,,,,,,,,,,,,,,,,
,,,,,,,,,,,,,,,,,,,,,
,,,,,,,,,,,,,,,,,,,,,
,,,,,,,,,,,,,,,,,,,,,
,,,,,,,,,,,,,,,,,,,,,
,,,,,,,,,,,,,,,,,,,,,
,,,,,,,,,,,,,,,,,,,,,
,,,,,,,,,,,,,,,,,,,,,
,,,,,,,,,,,,,,,,,,,,,
,,,,,,,,,,,,,,,,,,,,,
,,,,,,,,,,,,,,,,,,,,,
,,,,,,,,,,,,,,,,,,,,,
,,,,,,,,,,,,,,,,,,,,,
,,,,,,,,,,,,,,,,,,,,,
,,,,,,,,,,,,,,,,,,,,,
,,,,,,,,,,,,,,,,,,,,,
,,,,,,,,,,,,,,,,,,,,,
,,,,,,,,,,,,,,,,,,,,,
,,,,,,,,,,,,,,,,,,,,,
,,,,,,,,,,,,,,,,,,,,,
,,,,,,,,,,,,,,,,,,,,,
,,,,,,,,,,,,,,,,,,,,,
,,,,,,,,,,,,,,,,,,,,,
,,,,,,,,,,,,,,,,,,,,,
,,,,,,,,,,,,,,,,,,,,,
,,,,,,,,,,,,,,,,,,,,,
,,,,,,,,,,,,,,,,,,,,,
,,,,,,,,,,,,,,,,,,,,,
,,,,,,,,,,,,,,,,,,,,,
,,,,,,,,,,,,,,,,,,,,,
,,,,,,,,,,,,,,,,,,,,,
,,,,,,,,,,,,,,,,,,,,,
,,,,,,,,,,,,,,,,,,,,,
,,,,,,,,,,,,,,,,,,,,,
,,,,,,,,,,,,,,,,,,,,,
,,,,,,,,,,,,,,,,,,,,,
,,,,,,,,,,,,,,,,,,,,,
,,,,,,,,,,,,,,,,,,,,,
,,,,,,,,,,,,,,,,,,,,,
,,,,,,,,,,,,,,,,,,,,,
,,,,,,,,,,,,,,,,,,,,,
,,,,,,,,,,,,,,,,,,,,,
,,,,,,,,,,,,,,,,,,,,,
,,,,,,,,,,,,,,,,,,,,,
,,,,,,,,,,,,,,,,,,,,,
,,,,,,,,,,,,,,,,,,,,,
,,,,,,,,,,,,,,,,,,,,,
,,,,,,,,,,,,,,,,,,,,,
,,,,,,,,,,,,,,,,,,,,,
,,,,,,,,,,,,,,,,,,,,,
,,,,,,,,,,,,,,,,,,,,,
,,,,,,,,,,,,,,,,,,,,,
,,,,,,,,,,,,,,,,,,,,,
,,,,,,,,,,,,,,,,,,,,,
,,,,,,,,,,,,,,,,,,,,,
,,,,,,,,,,,,,,,,,,,,,
,,,,,,,,,,,,,,,,,,,,,
,,,,,,,,,,,,,,,,,,,,,
,,,,,,,,,,,,,,,,,,,,,
,,,,,,,,,,,,,,,,,,,,,
,,,,,,,,,,,,,,,,,,,,,
,,,,,,,,,,,,,,,,,,,,,
,,,,,,,,,,,,,,,,,,,,,
,,,,,,,,,,,,,,,,,,,,,
,,,,,,,,,,,,,,,,,,,,,
,,,,,,,,,,,,,,,,,,,,,
,,,,,,,,,,,,,,,,,,,,,
,,,,,,,,,,,,,,,,,,,,,
,,,,,,,,,,,,,,,,,,,,,
,,,,,,,,,,,,,,,,,,,,,
,,,,,,,,,,,,,,,,,,,,,
,,,,,,,,,,,,,,,,,,,,,
,,,,,,,,,,,,,,,,,,,,,
,,,,,,,,,,,,,,,,,,,,,
,,,,,,,,,,,,,,,,,,,,,
,,,,,,,,,,,,,,,,,,,,,
,,,,,,,,,,,,,,,,,,,,,
,,,,,,,,,,,,,,,,,,,,,
,,,,,,,,,,,,,,,,,,,,,
,,,,,,,,,,,,,,,,,,,,,
,,,,,,,,,,,,,,,,,,,,,
,,,,,,,,,,,,,,,,,,,,,
,,,,,,,,,,,,,,,,,,,,,
,,,,,,,,,,,,,,,,,,,,,
,,,,,,,,,,,,,,,,,,,,,
,,,,,,,,,,,,,,,,,,,,,
,,,,,,,,,,,,,,,,,,,,,
,,,,,,,,,,,,,,,,,,,,,
,,,,,,,,,,,,,,,,,,,,,
,,,,,,,,,,,,,,,,,,,,,
,,,,,,,,,,,,,,,,,,,,,
,,,,,,,,,,,,,,,,,,,,,
,,,,,,,,,,,,,,,,,,,,,
,,,,,,,,,,,,,,,,,,,,,
,,,,,,,,,,,,,,,,,,,,,
,,,,,,,,,,,,,,,,,,,,,
,,,,,,,,,,,,,,,,,,,,,
,,,,,,,,,,,,,,,,,,,,,
,,,,,,,,,,,,,,,,,,,,,
,,,,,,,,,,,,,,,,,,,,,
,,,,,,,,,,,,,,,,,,,,,
,,,,,,,,,,,,,,,,,,,,,
,,,,,,,,,,,,,,,,,,,,,
,,,,,,,,,,,,,,,,,,,,,
,,,,,,,,,,,,,,,,,,,,,
,,,,,,,,,,,,,,,,,,,,,
,,,,,,,,,,,,,,,,,,,,,
,,,,,,,,,,,,,,,,,,,,,
,,,,,,,,,,,,,,,,,,,,,
,,,,,,,,,,,,,,,,,,,,,
,,,,,,,,,,,,,,,,,,,,,
,,,,,,,,,,,,,,,,,,,,,
,,,,,,,,,,,,,,,,,,,,,
,,,,,,,,,,,,,,,,,,,,,
,,,,,,,,,,,,,,,,,,,,,
,,,,,,,,,,,,,,,,,,,,,
,,,,,,,,,,,,,,,,,,,,,
,,,,,,,,,,,,,,,,,,,,,
,,,,,,,,,,,,,,,,,,,,,
,,,,,,,,,,,,,,,,,,,,,
,,,,,,,,,,,,,,,,,,,,,
,,,,,,,,,,,,,,,,,,,,,
,,,,,,,,,,,,,,,,,,,,,
,,,,,,,,,,,,,,,,,,,,,
,,,,,,,,,,,,,,,,,,,,,
,,,,,,,,,,,,,,,,,,,,,
,,,,,,,,,,,,,,,,,,,,,
,,,,,,,,,,,,,,,,,,,,,
,,,,,,,,,,,,,,,,,,,,,
,,,,,,,,,,,,,,,,,,,,,
,,,,,,,,,,,,,,,,,,,,,
,,,,,,,,,,,,,,,,,,,,,
,,,,,,,,,,,,,,,,,,,,,
,,,,,,,,,,,,,,,,,,,,,
,,,,,,,,,,,,,,,,,,,,,
,,,,,,,,,,,,,,,,,,,,,
,,,,,,,,,,,,,,,,,,,,,
,,,,,,,,,,,,,,,,,,,,,
,,,,,,,,,,,,,,,,,,,,,
,,,,,,,,,,,,,,,,,,,,,
,,,,,,,,,,,,,,,,,,,,,
,,,,,,,,,,,,,,,,,,,,,
,,,,,,,,,,,,,,,,,,,,,
,,,,,,,,,,,,,,,,,,,,,
,,,,,,,,,,,,,,,,,,,,,
,,,,,,,,,,,,,,,,,,,,,
,,,,,,,,,,,,,,,,,,,,,
,,,,,,,,,,,,,,,,,,,,,
,,,,,,,,,,,,,,,,,,,,,
,,,,,,,,,,,,,,,,,,,,,
,,,,,,,,,,,,,,,,,,,,,
,,,,,,,,,,,,,,,,,,,,,
,,,,,,,,,,,,,,,,,,,,,
,,,,,,,,,,,,,,,,,,,,,
,,,,,,,,,,,,,,,,,,,,,
,,,,,,,,,,,,,,,,,,,,,
,,,,,,,,,,,,,,,,,,,,,
,,,,,,,,,,,,,,,,,,,,,
,,,,,,,,,,,,,,,,,,,,,
,,,,,,,,,,,,,,,,,,,,,
,,,,,,,,,,,,,,,,,,,,,
,,,,,,,,,,,,,,,,,,,,,
,,,,,,,,,,,,,,,,,,,,,
,,,,,,,,,,,,,,,,,,,,,
,,,,,,,,,,,,,,,,,,,,,
,,,,,,,,,,,,,,,,,,,,,
,,,,,,,,,,,,,,,,,,,,,
,,,,,,,,,,,,,,,,,,,,,
,,,,,,,,,,,,,,,,,,,,,
,,,,,,,,,,,,,,,,,,,,,
,,,,,,,,,,,,,,,,,,,,,
,,,,,,,,,,,,,,,,,,,,,
,,,,,,,,,,,,,,,,,,,,,
,,,,,,,,,,,,,,,,,,,,,
,,,,,,,,,,,,,,,,,,,,,
,,,,,,,,,,,,,,,,,,,,,
,,,,,,,,,,,,,,,,,,,,,
,,,,,,,,,,,,,,,,,,,,,
,,,,,,,,,,,,,,,,,,,,,
,,,,,,,,,,,,,,,,,,,,,
,,,,,,,,,,,,,,,,,,,,,
,,,,,,,,,,,,,,,,,,,,,
,,,,,,,,,,,,,,,,,,,,,
,,,,,,,,,,,,,,,,,,,,,
,,,,,,,,,,,,,,,,,,,,,
,,,,,,,,,,,,,,,,,,,,,
,,,,,,,,,,,,,,,,,,,,,
,,,,,,,,,,,,,,,,,,,,,
,,,,,,,,,,,,,,,,,,,,,
,,,,,,,,,,,,,,,,,,,,,
,,,,,,,,,,,,,,,,,,,,,
,,,,,,,,,,,,,,,,,,,,,
,,,,,,,,,,,,,,,,,,,,,
,,,,,,,,,,,,,,,,,,,,,
,,,,,,,,,,,,,,,,,,,,,
,,,,,,,,,,,,,,,,,,,,,
,,,,,,,,,,,,,,,,,,,,,
,,,,,,,,,,,,,,,,,,,,,
,,,,,,,,,,,,,,,,,,,,,
,,,,,,,,,,,,,,,,,,,,,
,,,,,,,,,,,,,,,,,,,,,
,,,,,,,,,,,,,,,,,,,,,
,,,,,,,,,,,,,,,,,,,,,
,,,,,,,,,,,,,,,,,,,,,
,,,,,,,,,,,,,,,,,,,,,
,,,,,,,,,,,,,,,,,,,,,
,,,,,,,,,,,,,,,,,,,,,
,,,,,,,,,,,,,,,,,,,,,
,,,,,,,,,,,,,,,,,,,,,
,,,,,,,,,,,,,,,,,,,,,
,,,,,,,,,,,,,,,,,,,,,
,,,,,,,,,,,,,,,,,,,,,
,,,,,,,,,,,,,,,,,,,,,
,,,,,,,,,,,,,,,,,,,,,
,,,,,,,,,,,,,,,,,,,,,
,,,,,,,,,,,,,,,,,,,,,
,,,,,,,,,,,,,,,,,,,,,
,,,,,,,,,,,,,,,,,,,,,
,,,,,,,,,,,,,,,,,,,,,
,,,,,,,,,,,,,,,,,,,,,
,,,,,,,,,,,,,,,,,,,,,
,,,,,,,,,,,,,,,,,,,,,
,,,,,,,,,,,,,,,,,,,,,
,,,,,,,,,,,,,,,,,,,,,
,,,,,,,,,,,,,,,,,,,,,
,,,,,,,,,,,,,,,,,,,,,
,,,,,,,,,,,,,,,,,,,,,
,,,,,,,,,,,,,,,,,,,,,
,,,,,,,,,,,,,,,,,,,,,
,,,,,,,,,,,,,,,,,,,,,
,,,,,,,,,,,,,,,,,,,,,
,,,,,,,,,,,,,,,,,,,,,
,,,,,,,,,,,,,,,,,,,,,
,,,,,,,,,,,,,,,,,,,,,
,,,,,,,,,,,,,,,,,,,,,
,,,,,,,,,,,,,,,,,,,,,
,,,,,,,,,,,,,,,,,,,,,
,,,,,,,,,,,,,,,,,,,,,
,,,,,,,,,,,,,,,,,,,,,
,,,,,,,,,,,,,,,,,,,,,
,,,,,,,,,,,,,,,,,,,,,
,,,,,,,,,,,,,,,,,,,,,
,,,,,,,,,,,,,,,,,,,,,
,,,,,,,,,,,,,,,,,,,,,
,,,,,,,,,,,,,,,,,,,,,
,,,,,,,,,,,,,,,,,,,,,
,,,,,,,,,,,,,,,,,,,,,
,,,,,,,,,,,,,,,,,,,,,
,,,,,,,,,,,,,,,,,,,,,
,,,,,,,,,,,,,,,,,,,,,
,,,,,,,,,,,,,,,,,,,,,
,,,,,,,,,,,,,,,,,,,,,
,,,,,,,,,,,,,,,,,,,,,
,,,,,,,,,,,,,,,,,,,,,
,,,,,,,,,,,,,,,,,,,,,
,,,,,,,,,,,,,,,,,,,,,
,,,,,,,,,,,,,,,,,,,,,
,,,,,,,,,,,,,,,,,,,,,
,,,,,,,,,,,,,,,,,,,,,
,,,,,,,,,,,,,,,,,,,,,
,,,,,,,,,,,,,,,,,,,,,
,,,,,,,,,,,,,,,,,,,,,
,,,,,,,,,,,,,,,,,,,,,
,,,,,,,,,,,,,,,,,,,,,
,,,,,,,,,,,,,,,,,,,,,
,,,,,,,,,,,,,,,,,,,,,
,,,,,,,,,,,,,,,,,,,,,
,,,,,,,,,,,,,,,,,,,,,
,,,,,,,,,,,,,,,,,,,,,
,,,,,,,,,,,,,,,,,,,,,
,,,,,,,,,,,,,,,,,,,,,
,,,,,,,,,,,,,,,,,,,,,
,,,,,,,,,,,,,,,,,,,,,
,,,,,,,,,,,,,,,,,,,,,
,,,,,,,,,,,,,,,,,,,,,
,,,,,,,,,,,,,,,,,,,,,
,,,,,,,,,,,,,,,,,,,,,
,,,,,,,,,,,,,,,,,,,,,
,,,,,,,,,,,,,,,,,,,,,
,,,,,,,,,,,,,,,,,,,,,
,,,,,,,,,,,,,,,,,,,,,
,,,,,,,,,,,,,,,,,,,,,
,,,,,,,,,,,,,,,,,,,,,
,,,,,,,,,,,,,,,,,,,,,
,,,,,,,,,,,,,,,,,,,,,
,,,,,,,,,,,,,,,,,,,,,
,,,,,,,,,,,,,,,,,,,,,
,,,,,,,,,,,,,,,,,,,,,
,,,,,,,,,,,,,,,,,,,,,
,,,,,,,,,,,,,,,,,,,,,
,,,,,,,,,,,,,,,,,,,,,
,,,,,,,,,,,,,,,,,,,,,
,,,,,,,,,,,,,,,,,,,,,
,,,,,,,,,,,,,,,,,,,,,
,,,,,,,,,,,,,,,,,,,,,
,,,,,,,,,,,,,,,,,,,,,
,,,,,,,,,,,,,,,,,,,,,
,,,,,,,,,,,,,,,,,,,,,
,,,,,,,,,,,,,,,,,,,,,
,,,,,,,,,,,,,,,,,,,,,
,,,,,,,,,,,,,,,,,,,,,
,,,,,,,,,,,,,,,,,,,,,
,,,,,,,,,,,,,,,,,,,,,
,,,,,,,,,,,,,,,,,,,,,
,,,,,,,,,,,,,,,,,,,,,
,,,,,,,,,,,,,,,,,,,,,
,,,,,,,,,,,,,,,,,,,,,
,,,,,,,,,,,,,,,,,,,,,
,,,,,,,,,,,,,,,,,,,,,
,,,,,,,,,,,,,,,,,,,,,
,,,,,,,,,,,,,,,,,,,,,
,,,,,,,,,,,,,,,,,,,,,
,,,,,,,,,,,,,,,,,,,,,
,,,,,,,,,,,,,,,,,,,,,
,,,,,,,,,,,,,,,,,,,,,
,,,,,,,,,,,,,,,,,,,,,
,,,,,,,,,,,,,,,,,,,,,
,,,,,,,,,,,,,,,,,,,,,
,,,,,,,,,,,,,,,,,,,,,
,,,,,,,,,,,,,,,,,,,,,
,,,,,,,,,,,,,,,,,,,,,
,,,,,,,,,,,,,,,,,,,,,
,,,,,,,,,,,,,,,,,,,,,
,,,,,,,,,,,,,,,,,,,,,
,,,,,,,,,,,,,,,,,,,,,
,,,,,,,,,,,,,,,,,,,,,
,,,,,,,,,,,,,,,,,,,,,
,,,,,,,,,,,,,,,,,,,,,
,,,,,,,,,,,,,,,,,,,,,
,,,,,,,,,,,,,,,,,,,,,
,,,,,,,,,,,,,,,,,,,,,
,,,,,,,,,,,,,,,,,,,,,
,,,,,,,,,,,,,,,,,,,,,
,,,,,,,,,,,,,,,,,,,,,
,,,,,,,,,,,,,,,,,,,,,
,,,,,,,,,,,,,,,,,,,,,
,,,,,,,,,,,,,,,,,,,,,
,,,,,,,,,,,,,,,,,,,,,
,,,,,,,,,,,,,,,,,,,,,
,,,,,,,,,,,,,,,,,,,,,
,,,,,,,,,,,,,,,,,,,,,
,,,,,,,,,,,,,,,,,,,,,
,,,,,,,,,,,,,,,,,,,,,
,,,,,,,,,,,,,,,,,,,,,
,,,,,,,,,,,,,,,,,,,,,
,,,,,,,,,,,,,,,,,,,,,
,,,,,,,,,,,,,,,,,,,,,
,,,,,,,,,,,,,,,,,,,,,
,,,,,,,,,,,,,,,,,,,,,
,,,,,,,,,,,,,,,,,,,,,
,,,,,,,,,,,,,,,,,,,,,
,,,,,,,,,,,,,,,,,,,,,
,,,,,,,,,,,,,,,,,,,,,
,,,,,,,,,,,,,,,,,,,,,
,,,,,,,,,,,,,,,,,,,,,
,,,,,,,,,,,,,,,,,,,,,
,,,,,,,,,,,,,,,,,,,,,
,,,,,,,,,,,,,,,,,,,,,
,,,,,,,,,,,,,,,,,,,,,
,,,,,,,,,,,,,,,,,,,,,
,,,,,,,,,,,,,,,,,,,,,
,,,,,,,,,,,,,,,,,,,,,
,,,,,,,,,,,,,,,,,,,,,
,,,,,,,,,,,,,,,,,,,,,
,,,,,,,,,,,,,,,,,,,,,
,,,,,,,,,,,,,,,,,,,,,
,,,,,,,,,,,,,,,,,,,,,
,,,,,,,,,,,,,,,,,,,,,
,,,,,,,,,,,,,,,,,,,,,
,,,,,,,,,,,,,,,,,,,,,
,,,,,,,,,,,,,,,,,,,,,
,,,,,,,,,,,,,,,,,,,,,
,,,,,,,,,,,,,,,,,,,,,
,,,,,,,,,,,,,,,,,,,,,
,,,,,,,,,,,,,,,,,,,,,
,,,,,,,,,,,,,,,,,,,,,
,,,,,,,,,,,,,,,,,,,,,
,,,,,,,,,,,,,,,,,,,,,
,,,,,,,,,,,,,,,,,,,,,
,,,,,,,,,,,,,,,,,,,,,
,,,,,,,,,,,,,,,,,,,,,
,,,,,,,,,,,,,,,,,,,,,
,,,,,,,,,,,,,,,,,,,,,
,,,,,,,,,,,,,,,,,,,,,
,,,,,,,,,,,,,,,,,,,,,
,,,,,,,,,,,,,,,,,,,,,
,,,,,,,,,,,,,,,,,,,,,
,,,,,,,,,,,,,,,,,,,,,
,,,,,,,,,,,,,,,,,,,,,
,,,,,,,,,,,,,,,,,,,,,
,,,,,,,,,,,,,,,,,,,,,
,,,,,,,,,,,,,,,,,,,,,
,,,,,,,,,,,,,,,,,,,,,
,,,,,,,,,,,,,,,,,,,,,
,,,,,,,,,,,,,,,,,,,,,
,,,,,,,,,,,,,,,,,,,,,
,,,,,,,,,,,,,,,,,,,,,
,,,,,,,,,,,,,,,,,,,,,
,,,,,,,,,,,,,,,,,,,,,
,,,,,,,,,,,,,,,,,,,,,
,,,,,,,,,,,,,,,,,,,,,
,,,,,,,,,,,,,,,,,,,,,
,,,,,,,,,,,,,,,,,,,,,
,,,,,,,,,,,,,,,,,,,,,
,,,,,,,,,,,,,,,,,,,,,
,,,,,,,,,,,,,,,,,,,,,
,,,,,,,,,,,,,,,,,,,,,
,,,,,,,,,,,,,,,,,,,,,
,,,,,,,,,,,,,,,,,,,,,
,,,,,,,,,,,,,,,,,,,,,
,,,,,,,,,,,,,,,,,,,,,
,,,,,,,,,,,,,,,,,,,,,
,,,,,,,,,,,,,,,,,,,,,
,,,,,,,,,,,,,,,,,,,,,
,,,,,,,,,,,,,,,,,,,,,
,,,,,,,,,,,,,,,,,,,,,
,,,,,,,,,,,,,,,,,,,,,
,,,,,,,,,,,,,,,,,,,,,
,,,,,,,,,,,,,,,,,,,,,
,,,,,,,,,,,,,,,,,,,,,
,,,,,,,,,,,,,,,,,,,,,
,,,,,,,,,,,,,,,,,,,,,
,,,,,,,,,,,,,,,,,,,,,
,,,,,,,,,,,,,,,,,,,,,
,,,,,,,,,,,,,,,,,,,,,
,,,,,,,,,,,,,,,,,,,,,
,,,,,,,,,,,,,,,,,,,,,
,,,,,,,,,,,,,,,,,,,,,
,,,,,,,,,,,,,,,,,,,,,
,,,,,,,,,,,,,,,,,,,,,
,,,,,,,,,,,,,,,,,,,,,
,,,,,,,,,,,,,,,,,,,,,
,,,,,,,,,,,,,,,,,,,,,
,,,,,,,,,,,,,,,,,,,,,
,,,,,,,,,,,,,,,,,,,,,
,,,,,,,,,,,,,,,,,,,,,
,,,,,,,,,,,,,,,,,,,,,
,,,,,,,,,,,,,,,,,,,,,
,,,,,,,,,,,,,,,,,,,,,
,,,,,,,,,,,,,,,,,,,,,
,,,,,,,,,,,,,,,,,,,,,
,,,,,,,,,,,,,,,,,,,,,
,,,,,,,,,,,,,,,,,,,,,
,,,,,,,,,,,,,,,,,,,,,
,,,,,,,,,,,,,,,,,,,,,
,,,,,,,,,,,,,,,,,,,,,
,,,,,,,,,,,,,,,,,,,,,
,,,,,,,,,,,,,,,,,,,,,
,,,,,,,,,,,,,,,,,,,,,
,,,,,,,,,,,,,,,,,,,,,
,,,,,,,,,,,,,,,,,,,,,
,,,,,,,,,,,,,,,,,,,,,
,,,,,,,,,,,,,,,,,,,,,
,,,,,,,,,,,,,,,,,,,,,
,,,,,,,,,,,,,,,,,,,,,
,,,,,,,,,,,,,,,,,,,,,
,,,,,,,,,,,,,,,,,,,,,
,,,,,,,,,,,,,,,,,,,,,
,,,,,,,,,,,,,,,,,,,,,
,,,,,,,,,,,,,,,,,,,,,
,,,,,,,,,,,,,,,,,,,,,
,,,,,,,,,,,,,,,,,,,,,
,,,,,,,,,,,,,,,,,,,,,
,,,,,,,,,,,,,,,,,,,,,
,,,,,,,,,,,,,,,,,,,,,
,,,,,,,,,,,,,,,,,,,,,
,,,,,,,,,,,,,,,,,,,,,
,,,,,,,,,,,,,,,,,,,,,
,,,,,,,,,,,,,,,,,,,,,
,,,,,,,,,,,,,,,,,,,,,
,,,,,,,,,,,,,,,,,,,,,
,,,,,,,,,,,,,,,,,,,,,
,,,,,,,,,,,,,,,,,,,,,
,,,,,,,,,,,,,,,,,,,,,
,,,,,,,,,,,,,,,,,,,,,
,,,,,,,,,,,,,,,,,,,,,
,,,,,,,,,,,,,,,,,,,,,
,,,,,,,,,,,,,,,,,,,,,
,,,,,,,,,,,,,,,,,,,,,
,,,,,,,,,,,,,,,,,,,,,
,,,,,,,,,,,,,,,,,,,,,
,,,,,,,,,,,,,,,,,,,,,
,,,,,,,,,,,,,,,,,,,,,
,,,,,,,,,,,,,,,,,,,,,
,,,,,,,,,,,,,,,,,,,,,
,,,,,,,,,,,,,,,,,,,,,
,,,,,,,,,,,,,,,,,,,,,
,,,,,,,,,,,,,,,,,,,,,
,,,,,,,,,,,,,,,,,,,,,
,,,,,,,,,,,,,,,,,,,,,
,,,,,,,,,,,,,,,,,,,,,
,,,,,,,,,,,,,,,,,,,,,
,,,,,,,,,,,,,,,,,,,,,
,,,,,,,,,,,,,,,,,,,,,
,,,,,,,,,,,,,,,,,,,,,
,,,,,,,,,,,,,,,,,,,,,
,,,,,,,,,,,,,,,,,,,,,
,,,,,,,,,,,,,,,,,,,,,
,,,,,,,,,,,,,,,,,,,,,
,,,,,,,,,,,,,,,,,,,,,
,,,,,,,,,,,,,,,,,,,,,
,,,,,,,,,,,,,,,,,,,,,
,,,,,,,,,,,,,,,,,,,,,
,,,,,,,,,,,,,,,,,,,,,
,,,,,,,,,,,,,,,,,,,,,
,,,,,,,,,,,,,,,,,,,,,
,,,,,,,,,,,,,,,,,,,,,
,,,,,,,,,,,,,,,,,,,,,
,,,,,,,,,,,,,,,,,,,,,
,,,,,,,,,,,,,,,,,,,,,
,,,,,,,,,,,,,,,,,,,,,
,,,,,,,,,,,,,,,,,,,,,
,,,,,,,,,,,,,,,,,,,,,
,,,,,,,,,,,,,,,,,,,,,
,,,,,,,,,,,,,,,,,,,,,
,,,,,,,,,,,,,,,,,,,,,
,,,,,,,,,,,,,,,,,,,,,
,,,,,,,,,,,,,,,,,,,,,
,,,,,,,,,,,,,,,,,,,,,
,,,,,,,,,,,,,,,,,,,,,
,,,,,,,,,,,,,,,,,,,,,
,,,,,,,,,,,,,,,,,,,,,
,,,,,,,,,,,,,,,,,,,,,
,,,,,,,,,,,,,,,,,,,,,
,,,,,,,,,,,,,,,,,,,,,
,,,,,,,,,,,,,,,,,,,,,
,,,,,,,,,,,,,,,,,,,,,
,,,,,,,,,,,,,,,,,,,,,
,,,,,,,,,,,,,,,,,,,,,
,,,,,,,,,,,,,,,,,,,,,
,,,,,,,,,,,,,,,,,,,,,
,,,,,,,,,,,,,,,,,,,,,
,,,,,,,,,,,,,,,,,,,,,
,,,,,,,,,,,,,,,,,,,,,
,,,,,,,,,,,,,,,,,,,,,
,,,,,,,,,,,,,,,,,,,,,
,,,,,,,,,,,,,,,,,,,,,
,,,,,,,,,,,,,,,,,,,,,
,,,,,,,,,,,,,,,,,,,,,
,,,,,,,,,,,,,,,,,,,,,
,,,,,,,,,,,,,,,,,,,,,
,,,,,,,,,,,,,,,,,,,,,
,,,,,,,,,,,,,,,,,,,,,
,,,,,,,,,,,,,,,,,,,,,
,,,,,,,,,,,,,,,,,,,,,
,,,,,,,,,,,,,,,,,,,,,
,,,,,,,,,,,,,,,,,,,,,
,,,,,,,,,,,,,,,,,,,,,
,,,,,,,,,,,,,,,,,,,,,
,,,,,,,,,,,,,,,,,,,,,
,,,,,,,,,,,,,,,,,,,,,
,,,,,,,,,,,,,,,,,,,,,
,,,,,,,,,,,,,,,,,,,,,
,,,,,,,,,,,,,,,,,,,,,
,,,,,,,,,,,,,,,,,,,,,
,,,,,,,,,,,,,,,,,,,,,
,,,,,,,,,,,,,,,,,,,,,
,,,,,,,,,,,,,,,,,,,,,
,,,,,,,,,,,,,,,,,,,,,
,,,,,,,,,,,,,,,,,,,,,
,,,,,,,,,,,,,,,,,,,,,
,,,,,,,,,,,,,,,,,,,,,
,,,,,,,,,,,,,,,,,,,,,
,,,,,,,,,,,,,,,,,,,,,
,,,,,,,,,,,,,,,,,,,,,
,,,,,,,,,,,,,,,,,,,,,
,,,,,,,,,,,,,,,,,,,,,
,,,,,,,,,,,,,,,,,,,,,
,,,,,,,,,,,,,,,,,,,,,
,,,,,,,,,,,,,,,,,,,,,
,,,,,,,,,,,,,,,,,,,,,
,,,,,,,,,,,,,,,,,,,,,
,,,,,,,,,,,,,,,,,,,,,
,,,,,,,,,,,,,,,,,,,,,
,,,,,,,,,,,,,,,,,,,,,
,,,,,,,,,,,,,,,,,,,,,
,,,,,,,,,,,,,,,,,,,,,
,,,,,,,,,,,,,,,,,,,,,
,,,,,,,,,,,,,,,,,,,,,
,,,,,,,,,,,,,,,,,,,,,
,,,,,,,,,,,,,,,,,,,,,
,,,,,,,,,,,,,,,,,,,,,
,,,,,,,,,,,,,,,,,,,,,
,,,,,,,,,,,,,,,,,,,,,
,,,,,,,,,,,,,,,,,,,,,
,,,,,,,,,,,,,,,,,,,,,
,,,,,,,,,,,,,,,,,,,,,
,,,,,,,,,,,,,,,,,,,,,
,,,,,,,,,,,,,,,,,,,,,
,,,,,,,,,,,,,,,,,,,,,
,,,,,,,,,,,,,,,,,,,,,
,,,,,,,,,,,,,,,,,,,,,
,,,,,,,,,,,,,,,,,,,,,
,,,,,,,,,,,,,,,,,,,,,
,,,,,,,,,,,,,,,,,,,,,
,,,,,,,,,,,,,,,,,,,,,
,,,,,,,,,,,,,,,,,,,,,
,,,,,,,,,,,,,,,,,,,,,
,,,,,,,,,,,,,,,,,,,,,
,,,,,,,,,,,,,,,,,,,,,
,,,,,,,,,,,,,,,,,,,,,
,,,,,,,,,,,,,,,,,,,,,
,,,,,,,,,,,,,,,,,,,,,
,,,,,,,,,,,,,,,,,,,,,
,,,,,,,,,,,,,,,,,,,,,
,,,,,,,,,,,,,,,,,,,,,
,,,,,,,,,,,,,,,,,,,,,
,,,,,,,,,,,,,,,,,,,,,
,,,,,,,,,,,,,,,,,,,,,
,,,,,,,,,,,,,,,,,,,,,
,,,,,,,,,,,,,,,,,,,,,
,,,,,,,,,,,,,,,,,,,,,
,,,,,,,,,,,,,,,,,,,,,
,,,,,,,,,,,,,,,,,,,,,
,,,,,,,,,,,,,,,,,,,,,
,,,,,,,,,,,,,,,,,,,,,
,,,,,,,,,,,,,,,,,,,,,
,,,,,,,,,,,,,,,,,,,,,
,,,,,,,,,,,,,,,,,,,,,
,,,,,,,,,,,,,,,,,,,,,
,,,,,,,,,,,,,,,,,,,,,
,,,,,,,,,,,,,,,,,,,,,
,,,,,,,,,,,,,,,,,,,,,
,,,,,,,,,,,,,,,,,,,,,
,,,,,,,,,,,,,,,,,,,,,
,,,,,,,,,,,,,,,,,,,,,
,,,,,,,,,,,,,,,,,,,,,
,,,,,,,,,,,,,,,,,,,,,
,,,,,,,,,,,,,,,,,,,,,
,,,,,,,,,,,,,,,,,,,,,
,,,,,,,,,,,,,,,,,,,,,
,,,,,,,,,,,,,,,,,,,,,
,,,,,,,,,,,,,,,,,,,,,
,,,,,,,,,,,,,,,,,,,,,
,,,,,,,,,,,,,,,,,,,,,
,,,,,,,,,,,,,,,,,,,,,
,,,,,,,,,,,,,,,,,,,,,
,,,,,,,,,,,,,,,,,,,,,
,,,,,,,,,,,,,,,,,,,,,
,,,,,,,,,,,,,,,,,,,,,
,,,,,,,,,,,,,,,,,,,,,
,,,,,,,,,,,,,,,,,,,,,
,,,,,,,,,,,,,,,,,,,,,
,,,,,,,,,,,,,,,,,,,,,
,,,,,,,,,,,,,,,,,,,,,
,,,,,,,,,,,,,,,,,,,,,
,,,,,,,,,,,,,,,,,,,,,
,,,,,,,,,,,,,,,,,,,,,
,,,,,,,,,,,,,,,,,,,,,
,,,,,,,,,,,,,,,,,,,,,
,,,,,,,,,,,,,,,,,,,,,
,,,,,,,,,,,,,,,,,,,,,
,,,,,,,,,,,,,,,,,,,,,
,,,,,,,,,,,,,,,,,,,,,
,,,,,,,,,,,,,,,,,,,,,
,,,,,,,,,,,,,,,,,,,,,
,,,,,,,,,,,,,,,,,,,,,
,,,,,,,,,,,,,,,,,,,,,
,,,,,,,,,,,,,,,,,,,,,
,,,,,,,,,,,,,,,,,,,,,
,,,,,,,,,,,,,,,,,,,,,
,,,,,,,,,,,,,,,,,,,,,
,,,,,,,,,,,,,,,,,,,,,
,,,,,,,,,,,,,,,,,,,,,
,,,,,,,,,,,,,,,,,,,,,
,,,,,,,,,,,,,,,,,,,,,
,,,,,,,,,,,,,,,,,,,,,
,,,,,,,,,,,,,,,,,,,,,
,,,,,,,,,,,,,,,,,,,,,
,,,,,,,,,,,,,,,,,,,,,
,,,,,,,,,,,,,,,,,,,,,
,,,,,,,,,,,,,,,,,,,,,
,,,,,,,,,,,,,,,,,,,,,
,,,,,,,,,,,,,,,,,,,,,
,,,,,,,,,,,,,,,,,,,,,
,,,,,,,,,,,,,,,,,,,,,
,,,,,,,,,,,,,,,,,,,,,
,,,,,,,,,,,,,,,,,,,,,
,,,,,,,,,,,,,,,,,,,,,
,,,,,,,,,,,,,,,,,,,,,
,,,,,,,,,,,,,,,,,,,,,
,,,,,,,,,,,,,,,,,,,,,
,,,,,,,,,,,,,,,,,,,,,
,,,,,,,,,,,,,,,,,,,,,
,,,,,,,,,,,,,,,,,,,,,
,,,,,,,,,,,,,,,,,,,,,
,,,,,,,,,,,,,,,,,,,,,
,,,,,,,,,,,,,,,,,,,,,
,,,,,,,,,,,,,,,,,,,,,
,,,,,,,,,,,,,,,,,,,,,
,,,,,,,,,,,,,,,,,,,,,
,,,,,,,,,,,,,,,,,,,,,
,,,,,,,,,,,,,,,,,,,,,
,,,,,,,,,,,,,,,,,,,,,
,,,,,,,,,,,,,,,,,,,,,
,,,,,,,,,,,,,,,,,,,,,
,,,,,,,,,,,,,,,,,,,,,
,,,,,,,,,,,,,,,,,,,,,
,,,,,,,,,,,,,,,,,,,,,
,,,,,,,,,,,,,,,,,,,,,
,,,,,,,,,,,,,,,,,,,,,
,,,,,,,,,,,,,,,,,,,,,
,,,,,,,,,,,,,,,,,,,,,
,,,,,,,,,,,,,,,,,,,,,
,,,,,,,,,,,,,,,,,,,,,
,,,,,,,,,,,,,,,,,,,,,
,,,,,,,,,,,,,,,,,,,,,
,,,,,,,,,,,,,,,,,,,,,
,,,,,,,,,,,,,,,,,,,,,
,,,,,,,,,,,,,,,,,,,,,
,,,,,,,,,,,,,,,,,,,,,
,,,,,,,,,,,,,,,,,,,,,
,,,,,,,,,,,,,,,,,,,,,
,,,,,,,,,,,,,,,,,,,,,
,,,,,,,,,,,,,,,,,,,,,
,,,,,,,,,,,,,,,,,,,,,
,,,,,,,,,,,,,,,,,,,,,
,,,,,,,,,,,,,,,,,,,,,
,,,,,,,,,,,,,,,,,,,,,
,,,,,,,,,,,,,,,,,,,,,
,,,,,,,,,,,,,,,,,,,,,
,,,,,,,,,,,,,,,,,,,,,
,,,,,,,,,,,,,,,,,,,,,
,,,,,,,,,,,,,,,,,,,,,
,,,,,,,,,,,,,,,,,,,,,
,,,,,,,,,,,,,,,,,,,,,
,,,,,,,,,,,,,,,,,,,,,
,,,,,,,,,,,,,,,,,,,,,
,,,,,,,,,,,,,,,,,,,,,
,,,,,,,,,,,,,,,,,,,,,
,,,,,,,,,,,,,,,,,,,,,
,,,,,,,,,,,,,,,,,,,,,
,,,,,,,,,,,,,,,,,,,,,
,,,,,,,,,,,,,,,,,,,,,
,,,,,,,,,,,,,,,,,,,,,
,,,,,,,,,,,,,,,,,,,,,
,,,,,,,,,,,,,,,,,,,,,
,,,,,,,,,,,,,,,,,,,,,
,,,,,,,,,,,,,,,,,,,,,
,,,,,,,,,,,,,,,,,,,,,
,,,,,,,,,,,,,,,,,,,,,
,,,,,,,,,,,,,,,,,,,,,
,,,,,,,,,,,,,,,,,,,,,
,,,,,,,,,,,,,,,,,,,,,
,,,,,,,,,,,,,,,,,,,,,
,,,,,,,,,,,,,,,,,,,,,
,,,,,,,,,,,,,,,,,,,,,
,,,,,,,,,,,,,,,,,,,,,
,,,,,,,,,,,,,,,,,,,,,
,,,,,,,,,,,,,,,,,,,,,
,,,,,,,,,,,,,,,,,,,,,
,,,,,,,,,,,,,,,,,,,,,
,,,,,,,,,,,,,,,,,,,,,
,,,,,,,,,,,,,,,,,,,,,
,,,,,,,,,,,,,,,,,,,,,
,,,,,,,,,,,,,,,,,,,,,
,,,,,,,,,,,,,,,,,,,,,
,,,,,,,,,,,,,,,,,,,,,
,,,,,,,,,,,,,,,,,,,,,
,,,,,,,,,,,,,,,,,,,,,
,,,,,,,,,,,,,,,,,,,,,
,,,,,,,,,,,,,,,,,,,,,
,,,,,,,,,,,,,,,,,,,,,
,,,,,,,,,,,,,,,,,,,,,
,,,,,,,,,,,,,,,,,,,,,
,,,,,,,,,,,,,,,,,,,,,
,,,,,,,,,,,,,,,,,,,,,
,,,,,,,,,,,,,,,,,,,,,
,,,,,,,,,,,,,,,,,,,,,
,,,,,,,,,,,,,,,,,,,,,
,,,,,,,,,,,,,,,,,,,,,
,,,,,,,,,,,,,,,,,,,,,
,,,,,,,,,,,,,,,,,,,,,
,,,,,,,,,,,,,,,,,,,,,
,,,,,,,,,,,,,,,,,,,,,
,,,,,,,,,,,,,,,,,,,,,
,,,,,,,,,,,,,,,,,,,,,
,,,,,,,,,,,,,,,,,,,,,
,,,,,,,,,,,,,,,,,,,,,
,,,,,,,,,,,,,,,,,,,,,
,,,,,,,,,,,,,,,,,,,,,
,,,,,,,,,,,,,,,,,,,,,
,,,,,,,,,,,,,,,,,,,,,
,,,,,,,,,,,,,,,,,,,,,
,,,,,,,,,,,,,,,,,,,,,
,,,,,,,,,,,,,,,,,,,,,
,,,,,,,,,,,,,,,,,,,,,
,,,,,,,,,,,,,,,,,,,,,
,,,,,,,,,,,,,,,,,,,,,
,,,,,,,,,,,,,,,,,,,,,
,,,,,,,,,,,,,,,,,,,,,
,,,,,,,,,,,,,,,,,,,,,
,,,,,,,,,,,,,,,,,,,,,
,,,,,,,,,,,,,,,,,,,,,
,,,,,,,,,,,,,,,,,,,,,
,,,,,,,,,,,,,,,,,,,,,
,,,,,,,,,,,,,,,,,,,,,
,,,,,,,,,,,,,,,,,,,,,
,,,,,,,,,,,,,,,,,,,,,
,,,,,,,,,,,,,,,,,,,,,
,,,,,,,,,,,,,,,,,,,,,
,,,,,,,,,,,,,,,,,,,,,
,,,,,,,,,,,,,,,,,,,,,
,,,,,,,,,,,,,,,,,,,,,
,,,,,,,,,,,,,,,,,,,,,
,,,,,,,,,,,,,,,,,,,,,
,,,,,,,,,,,,,,,,,,,,,
,,,,,,,,,,,,,,,,,,,,,
,,,,,,,,,,,,,,,,,,,,,
,,,,,,,,,,,,,,,,,,,,,
,,,,,,,,,,,,,,,,,,,,,
,,,,,,,,,,,,,,,,,,,,,
,,,,,,,,,,,,,,,,,,,,,
,,,,,,,,,,,,,,,,,,,,,
,,,,,,,,,,,,,,,,,,,,,
,,,,,,,,,,,,,,,,,,,,,
,,,,,,,,,,,,,,,,,,,,,
,,,,,,,,,,,,,,,,,,,,,
,,,,,,,,,,,,,,,,,,,,,
,,,,,,,,,,,,,,,,,,,,,
,,,,,,,,,,,,,,,,,,,,,
,,,,,,,,,,,,,,,,,,,,,
,,,,,,,,,,,,,,,,,,,,,
,,,,,,,,,,,,,,,,,,,,,
,,,,,,,,,,,,,,,,,,,,,
,,,,,,,,,,,,,,,,,,,,,
,,,,,,,,,,,,,,,,,,,,,
,,,,,,,,,,,,,,,,,,,,,
,,,,,,,,,,,,,,,,,,,,,
,,,,,,,,,,,,,,,,,,,,,
,,,,,,,,,,,,,,,,,,,,,
,,,,,,,,,,,,,,,,,,,,,
,,,,,,,,,,,,,,,,,,,,,
,,,,,,,,,,,,,,,,,,,,,
,,,,,,,,,,,,,,,,,,,,,
,,,,,,,,,,,,,,,,,,,,,
,,,,,,,,,,,,,,,,,,,,,
,,,,,,,,,,,,,,,,,,,,,
,,,,,,,,,,,,,,,,,,,,,
,,,,,,,,,,,,,,,,,,,,,
,,,,,,,,,,,,,,,,,,,,,
,,,,,,,,,,,,,,,,,,,,,
,,,,,,,,,,,,,,,,,,,,,
,,,,,,,,,,,,,,,,,,,,,
,,,,,,,,,,,,,,,,,,,,,
,,,,,,,,,,,,,,,,,,,,,
,,,,,,,,,,,,,,,,,,,,,
,,,,,,,,,,,,,,,,,,,,,
,,,,,,,,,,,,,,,,,,,,,
,,,,,,,,,,,,,,,,,,,,,
,,,,,,,,,,,,,,,,,,,,,
,,,,,,,,,,,,,,,,,,,,,
,,,,,,,,,,,,,,,,,,,,,
,,,,,,,,,,,,,,,,,,,,,
,,,,,,,,,,,,,,,,,,,,,
,,,,,,,,,,,,,,,,,,,,,
,,,,,,,,,,,,,,,,,,,,,
,,,,,,,,,,,,,,,,,,,,,
,,,,,,,,,,,,,,,,,,,,,
,,,,,,,,,,,,,,,,,,,,,
,,,,,,,,,,,,,,,,,,,,,
,,,,,,,,,,,,,,,,,,,,,
,,,,,,,,,,,,,,,,,,,,,
,,,,,,,,,,,,,,,,,,,,,
,,,,,,,,,,,,,,,,,,,,,
,,,,,,,,,,,,,,,,,,,,,
,,,,,,,,,,,,,,,,,,,,,
,,,,,,,,,,,,,,,,,,,,,
,,,,,,,,,,,,,,,,,,,,,
,,,,,,,,,,,,,,,,,,,,,
,,,,,,,,,,,,,,,,,,,,,
,,,,,,,,,,,,,,,,,,,,,
,,,,,,,,,,,,,,,,,,,,,
,,,,,,,,,,,,,,,,,,,,,
,,,,,,,,,,,,,,,,,,,,,
,,,,,,,,,,,,,,,,,,,,,
,,,,,,,,,,,,,,,,,,,,,
,,,,,,,,,,,,,,,,,,,,,
,,,,,,,,,,,,,,,,,,,,,
,,,,,,,,,,,,,,,,,,,,,
,,,,,,,,,,,,,,,,,,,,,
,,,,,,,,,,,,,,,,,,,,,
,,,,,,,,,,,,,,,,,,,,,
,,,,,,,,,,,,,,,,,,,,,
,,,,,,,,,,,,,,,,,,,,,
,,,,,,,,,,,,,,,,,,,,,
,,,,,,,,,,,,,,,,,,,,,
,,,,,,,,,,,,,,,,,,,,,
,,,,,,,,,,,,,,,,,,,,,
,,,,,,,,,,,,,,,,,,,,,
,,,,,,,,,,,,,,,,,,,,,
,,,,,,,,,,,,,,,,,,,,,
,,,,,,,,,,,,,,,,,,,,,
,,,,,,,,,,,,,,,,,,,,,
,,,,,,,,,,,,,,,,,,,,,
,,,,,,,,,,,,,,,,,,,,,
,,,,,,,,,,,,,,,,,,,,,
,,,,,,,,,,,,,,,,,,,,,
,,,,,,,,,,,,,,,,,,,,,
,,,,,,,,,,,,,,,,,,,,,
,,,,,,,,,,,,,,,,,,,,,
,,,,,,,,,,,,,,,,,,,,,
,,,,,,,,,,,,,,,,,,,,,
,,,,,,,,,,,,,,,,,,,,,
,,,,,,,,,,,,,,,,,,,,,
,,,,,,,,,,,,,,,,,,,,,
,,,,,,,,,,,,,,,,,,,,,
,,,,,,,,,,,,,,,,,,,,,
,,,,,,,,,,,,,,,,,,,,,
,,,,,,,,,,,,,,,,,,,,,
,,,,,,,,,,,,,,,,,,,,,
,,,,,,,,,,,,,,,,,,,,,
,,,,,,,,,,,,,,,,,,,,,
,,,,,,,,,,,,,,,,,,,,,
,,,,,,,,,,,,,,,,,,,,,
,,,,,,,,,,,,,,,,,,,,,
,,,,,,,,,,,,,,,,,,,,,
,,,,,,,,,,,,,,,,,,,,,
,,,,,,,,,,,,,,,,,,,,,
,,,,,,,,,,,,,,,,,,,,,
,,,,,,,,,,,,,,,,,,,,,
,,,,,,,,,,,,,,,,,,,,,
,,,,,,,,,,,,,,,,,,,,,
,,,,,,,,,,,,,,,,,,,,,
,,,,,,,,,,,,,,,,,,,,,
,,,,,,,,,,,,,,,,,,,,,
,,,,,,,,,,,,,,,,,,,,,
,,,,,,,,,,,,,,,,,,,,,
,,,,,,,,,,,,,,,,,,,,,
,,,,,,,,,,,,,,,,,,,,,
,,,,,,,,,,,,,,,,,,,,,
,,,,,,,,,,,,,,,,,,,,,
,,,,,,,,,,,,,,,,,,,,,
,,,,,,,,,,,,,,,,,,,,,
,,,,,,,,,,,,,,,,,,,,,
,,,,,,,,,,,,,,,,,,,,,
,,,,,,,,,,,,,,,,,,,,,
,,,,,,,,,,,,,,,,,,,,,
,,,,,,,,,,,,,,,,,,,,,
,,,,,,,,,,,,,,,,,,,,,
,,,,,,,,,,,,,,,,,,,,,
,,,,,,,,,,,,,,,,,,,,,
,,,,,,,,,,,,,,,,,,,,,
,,,,,,,,,,,,,,,,,,,,,
,,,,,,,,,,,,,,,,,,,,,
,,,,,,,,,,,,,,,,,,,,,
,,,,,,,,,,,,,,,,,,,,,
,,,,,,,,,,,,,,,,,,,,,
,,,,,,,,,,,,,,,,,,,,,
,,,,,,,,,,,,,,,,,,,,,
,,,,,,,,,,,,,,,,,,,,,
,,,,,,,,,,,,,,,,,,,,,
,,,,,,,,,,,,,,,,,,,,,
,,,,,,,,,,,,,,,,,,,,,
,,,,,,,,,,,,,,,,,,,,,
,,,,,,,,,,,,,,,,,,,,,
,,,,,,,,,,,,,,,,,,,,,
,,,,,,,,,,,,,,,,,,,,,
,,,,,,,,,,,,,,,,,,,,,
,,,,,,,,,,,,,,,,,,,,,
,,,,,,,,,,,,,,,,,,,,,
,,,,,,,,,,,,,,,,,,,,,
,,,,,,,,,,,,,,,,,,,,,
,,,,,,,,,,,,,,,,,,,,,
,,,,,,,,,,,,,,,,,,,,,
,,,,,,,,,,,,,,,,,,,,,
,,,,,,,,,,,,,,,,,,,,,
,,,,,,,,,,,,,,,,,,,,,
,,,,,,,,,,,,,,,,,,,,,
,,,,,,,,,,,,,,,,,,,,,
,,,,,,,,,,,,,,,,,,,,,
,,,,,,,,,,,,,,,,,,,,,
,,,,,,,,,,,,,,,,,,,,,
,,,,,,,,,,,,,,,,,,,,,
,,,,,,,,,,,,,,,,,,,,,
,,,,,,,,,,,,,,,,,,,,,
,,,,,,,,,,,,,,,,,,,,,
,,,,,,,,,,,,,,,,,,,,,
,,,,,,,,,,,,,,,,,,,,,
,,,,,,,,,,,,,,,,,,,,,
,,,,,,,,,,,,,,,,,,,,,
,,,,,,,,,,,,,,,,,,,,,
,,,,,,,,,,,,,,,,,,,,,
,,,,,,,,,,,,,,,,,,,,,
,,,,,,,,,,,,,,,,,,,,,
,,,,,,,,,,,,,,,,,,,,,
,,,,,,,,,,,,,,,,,,,,,
,,,,,,,,,,,,,,,,,,,,,
,,,,,,,,,,,,,,,,,,,,,
,,,,,,,,,,,,,,,,,,,,,
,,,,,,,,,,,,,,,,,,,,,
,,,,,,,,,,,,,,,,,,,,,
,,,,,,,,,,,,,,,,,,,,,
,,,,,,,,,,,,,,,,,,,,,
,,,,,,,,,,,,,,,,,,,,,
,,,,,,,,,,,,,,,,,,,,,
,,,,,,,,,,,,,,,,,,,,,
,,,,,,,,,,,,,,,,,,,,,
,,,,,,,,,,,,,,,,,,,,,
,,,,,,,,,,,,,,,,,,,,,
,,,,,,,,,,,,,,,,,,,,,
,,,,,,,,,,,,,,,,,,,,,
,,,,,,,,,,,,,,,,,,,,,
,,,,,,,,,,,,,,,,,,,,,
,,,,,,,,,,,,,,,,,,,,,
,,,,,,,,,,,,,,,,,,,,,
,,,,,,,,,,,,,,,,,,,,,
,,,,,,,,,,,,,,,,,,,,,
,,,,,,,,,,,,,,,,,,,,,
,,,,,,,,,,,,,,,,,,,,,
,,,,,,,,,,,,,,,,,,,,,
,,,,,,,,,,,,,,,,,,,,,
,,,,,,,,,,,,,,,,,,,,,
,,,,,,,,,,,,,,,,,,,,,
,,,,,,,,,,,,,,,,,,,,,
,,,,,,,,,,,,,,,,,,,,,
,,,,,,,,,,,,,,,,,,,,,
,,,,,,,,,,,,,,,,,,,,,
,,,,,,,,,,,,,,,,,,,,,
,,,,,,,,,,,,,,,,,,,,,
,,,,,,,,,,,,,,,,,,,,,
,,,,,,,,,,,,,,,,,,,,,
,,,,,,,,,,,,,,,,,,,,,
,,,,,,,,,,,,,,,,,,,,,
,,,,,,,,,,,,,,,,,,,,,
,,,,,,,,,,,,,,,,,,,,,
,,,,,,,,,,,,,,,,,,,,,
,,,,,,,,,,,,,,,,,,,,,
,,,,,,,,,,,,,,,,,,,,,
,,,,,,,,,,,,,,,,,,,,,
,,,,,,,,,,,,,,,,,,,,,
,,,,,,,,,,,,,,,,,,,,,
,,,,,,,,,,,,,,,,,,,,,
,,,,,,,,,,,,,,,,,,,,,
,,,,,,,,,,,,,,,,,,,,,
,,,,,,,,,,,,,,,,,,,,,
,,,,,,,,,,,,,,,,,,,,,
,,,,,,,,,,,,,,,,,,,,,
,,,,,,,,,,,,,,,,,,,,,
,,,,,,,,,,,,,,,,,,,,,
,,,,,,,,,,,,,,,,,,,,,
,,,,,,,,,,,,,,,,,,,,,
,,,,,,,,,,,,,,,,,,,,,
,,,,,,,,,,,,,,,,,,,,,
,,,,,,,,,,,,,,,,,,,,,
,,,,,,,,,,,,,,,,,,,,,
,,,,,,,,,,,,,,,,,,,,,
,,,,,,,,,,,,,,,,,,,,,
,,,,,,,,,,,,,,,,,,,,,
,,,,,,,,,,,,,,,,,,,,,
,,,,,,,,,,,,,,,,,,,,,
,,,,,,,,,,,,,,,,,,,,,
,,,,,,,,,,,,,,,,,,,,,
,,,,,,,,,,,,,,,,,,,,,
,,,,,,,,,,,,,,,,,,,,,
,,,,,,,,,,,,,,,,,,,,,
,,,,,,,,,,,,,,,,,,,,,
,,,,,,,,,,,,,,,,,,,,,
,,,,,,,,,,,,,,,,,,,,,
,,,,,,,,,,,,,,,,,,,,,
,,,,,,,,,,,,,,,,,,,,,
,,,,,,,,,,,,,,,,,,,,,
,,,,,,,,,,,,,,,,,,,,,
,,,,,,,,,,,,,,,,,,,,,
,,,,,,,,,,,,,,,,,,,,,
,,,,,,,,,,,,,,,,,,,,,
,,,,,,,,,,,,,,,,,,,,,
,,,,,,,,,,,,,,,,,,,,,
,,,,,,,,,,,,,,,,,,,,,
,,,,,,,,,,,,,,,,,,,,,
,,,,,,,,,,,,,,,,,,,,,
,,,,,,,,,,,,,,,,,,,,,
,,,,,,,,,,,,,,,,,,,,,
,,,,,,,,,,,,,,,,,,,,,
,,,,,,,,,,,,,,,,,,,,,
,,,,,,,,,,,,,,,,,,,,,
,,,,,,,,,,,,,,,,,,,,,
,,,,,,,,,,,,,,,,,,,,,
,,,,,,,,,,,,,,,,,,,,,
,,,,,,,,,,,,,,,,,,,,,
,,,,,,,,,,,,,,,,,,,,,
,,,,,,,,,,,,,,,,,,,,,
,,,,,,,,,,,,,,,,,,,,,
,,,,,,,,,,,,,,,,,,,,,
,,,,,,,,,,,,,,,,,,,,,
,,,,,,,,,,,,,,,,,,,,,
,,,,,,,,,,,,,,,,,,,,,
,,,,,,,,,,,,,,,,,,,,,
,,,,,,,,,,,,,,,,,,,,,
,,,,,,,,,,,,,,,,,,,,,
,,,,,,,,,,,,,,,,,,,,,
,,,,,,,,,,,,,,,,,,,,,
,,,,,,,,,,,,,,,,,,,,,
,,,,,,,,,,,,,,,,,,,,,
,,,,,,,,,,,,,,,,,,,,,
,,,,,,,,,,,,,,,,,,,,,
,,,,,,,,,,,,,,,,,,,,,
,,,,,,,,,,,,,,,,,,,,,
,,,,,,,,,,,,,,,,,,,,,
,,,,,,,,,,,,,,,,,,,,,
,,,,,,,,,,,,,,,,,,,,,
,,,,,,,,,,,,,,,,,,,,,
,,,,,,,,,,,,,,,,,,,,,
,,,,,,,,,,,,,,,,,,,,,
,,,,,,,,,,,,,,,,,,,,,
,,,,,,,,,,,,,,,,,,,,,
,,,,,,,,,,,,,,,,,,,,,
,,,,,,,,,,,,,,,,,,,,,
,,,,,,,,,,,,,,,,,,,,,
,,,,,,,,,,,,,,,,,,,,,
,,,,,,,,,,,,,,,,,,,,,
,,,,,,,,,,,,,,,,,,,,,
,,,,,,,,,,,,,,,,,,,,,
,,,,,,,,,,,,,,,,,,,,,
,,,,,,,,,,,,,,,,,,,,,
,,,,,,,,,,,,,,,,,,,,,
,,,,,,,,,,,,,,,,,,,,,
,,,,,,,,,,,,,,,,,,,,,
,,,,,,,,,,,,,,,,,,,,,
,,,,,,,,,,,,,,,,,,,,,
,,,,,,,,,,,,,,,,,,,,,
,,,,,,,,,,,,,,,,,,,,,
,,,,,,,,,,,,,,,,,,,,,
,,,,,,,,,,,,,,,,,,,,,
,,,,,,,,,,,,,,,,,,,,,
,,,,,,,,,,,,,,,,,,,,,
,,,,,,,,,,,,,,,,,,,,,
,,,,,,,,,,,,,,,,,,,,,
,,,,,,,,,,,,,,,,,,,,,
,,,,,,,,,,,,,,,,,,,,,
,,,,,,,,,,,,,,,,,,,,,
,,,,,,,,,,,,,,,,,,,,,
,,,,,,,,,,,,,,,,,,,,,
,,,,,,,,,,,,,,,,,,,,,
,,,,,,,,,,,,,,,,,,,,,
,,,,,,,,,,,,,,,,,,,,,
,,,,,,,,,,,,,,,,,,,,,
,,,,,,,,,,,,,,,,,,,,,
,,,,,,,,,,,,,,,,,,,,,
,,,,,,,,,,,,,,,,,,,,,
,,,,,,,,,,,,,,,,,,,,,
,,,,,,,,,,,,,,,,,,,,,
,,,,,,,,,,,,,,,,,,,,,
,,,,,,,,,,,,,,,,,,,,,
,,,,,,,,,,,,,,,,,,,,,
,,,,,,,,,,,,,,,,,,,,,
,,,,,,,,,,,,,,,,,,,,,
,,,,,,,,,,,,,,,,,,,,,
,,,,,,,,,,,,,,,,,,,,,
,,,,,,,,,,,,,,,,,,,,,
,,,,,,,,,,,,,,,,,,,,,
,,,,,,,,,,,,,,,,,,,,,
,,,,,,,,,,,,,,,,,,,,,
,,,,,,,,,,,,,,,,,,,,,
,,,,,,,,,,,,,,,,,,,,,
,,,,,,,,,,,,,,,,,,,,,
,,,,,,,,,,,,,,,,,,,,,
,,,,,,,,,,,,,,,,,,,,,
,,,,,,,,,,,,,,,,,,,,,
,,,,,,,,,,,,,,,,,,,,,
,,,,,,,,,,,,,,,,,,,,,
,,,,,,,,,,,,,,,,,,,,,
,,,,,,,,,,,,,,,,,,,,,
,,,,,,,,,,,,,,,,,,,,,
,,,,,,,,,,,,,,,,,,,,,
,,,,,,,,,,,,,,,,,,,,,
,,,,,,,,,,,,,,,,,,,,,
,,,,,,,,,,,,,,,,,,,,,
,,,,,,,,,,,,,,,,,,,,,
,,,,,,,,,,,,,,,,,,,,,
,,,,,,,,,,,,,,,,,,,,,
,,,,,,,,,,,,,,,,,,,,,
,,,,,,,,,,,,,,,,,,,,,
,,,,,,,,,,,,,,,,,,,,,
,,,,,,,,,,,,,,,,,,,,,
,,,,,,,,,,,,,,,,,,,,,
,,,,,,,,,,,,,,,,,,,,,
,,,,,,,,,,,,,,,,,,,,,
,,,,,,,,,,,,,,,,,,,,,
,,,,,,,,,,,,,,,,,,,,,
,,,,,,,,,,,,,,,,,,,,,
,,,,,,,,,,,,,,,,,,,,,
,,,,,,,,,,,,,,,,,,,,,
,,,,,,,,,,,,,,,,,,,,,
,,,,,,,,,,,,,,,,,,,,,
,,,,,,,,,,,,,,,,,,,,,
,,,,,,,,,,,,,,,,,,,,,
,,,,,,,,,,,,,,,,,,,,,
,,,,,,,,,,,,,,,,,,,,,
,,,,,,,,,,,,,,,,,,,,,
,,,,,,,,,,,,,,,,,,,,,
,,,,,,,,,,,,,,,,,,,,,
,,,,,,,,,,,,,,,,,,,,,
,,,,,,,,,,,,,,,,,,,,,
,,,,,,,,,,,,,,,,,,,,,
,,,,,,,,,,,,,,,,,,,,,
,,,,,,,,,,,,,,,,,,,,,
,,,,,,,,,,,,,,,,,,,,,
,,,,,,,,,,,,,,,,,,,,,
,,,,,,,,,,,,,,,,,,,,,
,,,,,,,,,,,,,,,,,,,,,
,,,,,,,,,,,,,,,,,,,,,
,,,,,,,,,,,,,,,,,,,,,
,,,,,,,,,,,,,,,,,,,,,
,,,,,,,,,,,,,,,,,,,,,
,,,,,,,,,,,,,,,,,,,,,
,,,,,,,,,,,,,,,,,,,,,
,,,,,,,,,,,,,,,,,,,,,
,,,,,,,,,,,,,,,,,,,,,
,,,,,,,,,,,,,,,,,,,,,
,,,,,,,,,,,,,,,,,,,,,
,,,,,,,,,,,,,,,,,,,,,
,,,,,,,,,,,,,,,,,,,,,
,,,,,,,,,,,,,,,,,,,,,
,,,,,,,,,,,,,,,,,,,,,
,,,,,,,,,,,,,,,,,,,,,
,,,,,,,,,,,,,,,,,,,,,
,,,,,,,,,,,,,,,,,,,,,
,,,,,,,,,,,,,,,,,,,,,
,,,,,,,,,,,,,,,,,,,,,
,,,,,,,,,,,,,,,,,,,,,
,,,,,,,,,,,,,,,,,,,,,
,,,,,,,,,,,,,,,,,,,,,
,,,,,,,,,,,,,,,,,,,,,
,,,,,,,,,,,,,,,,,,,,,
,,,,,,,,,,,,,,,,,,,,,
,,,,,,,,,,,,,,,,,,,,,
,,,,,,,,,,,,,,,,,,,,,
,,,,,,,,,,,,,,,,,,,,,
,,,,,,,,,,,,,,,,,,,,,
,,,,,,,,,,,,,,,,,,,,,
,,,,,,,,,,,,,,,,,,,,,
,,,,,,,,,,,,,,,,,,,,,
,,,,,,,,,,,,,,,,,,,,,
,,,,,,,,,,,,,,,,,,,,,
,,,,,,,,,,,,,,,,,,,,,
,,,,,,,,,,,,,,,,,,,,,
,,,,,,,,,,,,,,,,,,,,,
,,,,,,,,,,,,,,,,,,,,,
,,,,,,,,,,,,,,,,,,,,,
,,,,,,,,,,,,,,,,,,,,,
,,,,,,,,,,,,,,,,,,,,,
,,,,,,,,,,,,,,,,,,,,,
,,,,,,,,,,,,,,,,,,,,,
,,,,,,,,,,,,,,,,,,,,,
,,,,,,,,,,,,,,,,,,,,,
,,,,,,,,,,,,,,,,,,,,,
,,,,,,,,,,,,,,,,,,,,,
,,,,,,,,,,,,,,,,,,,,,
,,,,,,,,,,,,,,,,,,,,,
,,,,,,,,,,,,,,,,,,,,,
,,,,,,,,,,,,,,,,,,,,,
,,,,,,,,,,,,,,,,,,,,,
,,,,,,,,,,,,,,,,,,,,,
,,,,,,,,,,,,,,,,,,,,,
,,,,,,,,,,,,,,,,,,,,,
,,,,,,,,,,,,,,,,,,,,,
,,,,,,,,,,,,,,,,,,,,,
,,,,,,,,,,,,,,,,,,,,,
,,,,,,,,,,,,,,,,,,,,,
,,,,,,,,,,,,,,,,,,,,,
,,,,,,,,,,,,,,,,,,,,,
,,,,,,,,,,,,,,,,,,,,,
,,,,,,,,,,,,,,,,,,,,,
,,,,,,,,,,,,,,,,,,,,,
,,,,,,,,,,,,,,,,,,,,,
,,,,,,,,,,,,,,,,,,,,,
,,,,,,,,,,,,,,,,,,,,,
,,,,,,,,,,,,,,,,,,,,,
,,,,,,,,,,,,,,,,,,,,,
,,,,,,,,,,,,,,,,,,,,,
,,,,,,,,,,,,,,,,,,,,,
,,,,,,,,,,,,,,,,,,,,,
,,,,,,,,,,,,,,,,,,,,,
,,,,,,,,,,,,,,,,,,,,,
,,,,,,,,,,,,,,,,,,,,,
,,,,,,,,,,,,,,,,,,,,,
,,,,,,,,,,,,,,,,,,,,,
,,,,,,,,,,,,,,,,,,,,,
,,,,,,,,,,,,,,,,,,,,,
,,,,,,,,,,,,,,,,,,,,,
,,,,,,,,,,,,,,,,,,,,,
,,,,,,,,,,,,,,,,,,,,,
,,,,,,,,,,,,,,,,,,,,,
,,,,,,,,,,,,,,,,,,,,,
,,,,,,,,,,,,,,,,,,,,,
,,,,,,,,,,,,,,,,,,,,,
,,,,,,,,,,,,,,,,,,,,,
,,,,,,,,,,,,,,,,,,,,,
,,,,,,,,,,,,,,,,,,,,,
,,,,,,,,,,,,,,,,,,,,,
,,,,,,,,,,,,,,,,,,,,,
,,,,,,,,,,,,,,,,,,,,,
,,,,,,,,,,,,,,,,,,,,,
,,,,,,,,,,,,,,,,,,,,,
,,,,,,,,,,,,,,,,,,,,,
,,,,,,,,,,,,,,,,,,,,,
,,,,,,,,,,,,,,,,,,,,,
,,,,,,,,,,,,,,,,,,,,,
,,,,,,,,,,,,,,,,,,,,,
,,,,,,,,,,,,,,,,,,,,,
,,,,,,,,,,,,,,,,,,,,,
,,,,,,,,,,,,,,,,,,,,,
,,,,,,,,,,,,,,,,,,,,,
,,,,,,,,,,,,,,,,,,,,,
,,,,,,,,,,,,,,,,,,,,,
,,,,,,,,,,,,,,,,,,,,,
,,,,,,,,,,,,,,,,,,,,,
,,,,,,,,,,,,,,,,,,,,,
,,,,,,,,,,,,,,,,,,,,,
,,,,,,,,,,,,,,,,,,,,,
,,,,,,,,,,,,,,,,,,,,,
,,,,,,,,,,,,,,,,,,,,,
,,,,,,,,,,,,,,,,,,,,,
,,,,,,,,,,,,,,,,,,,,,
,,,,,,,,,,,,,,,,,,,,,
,,,,,,,,,,,,,,,,,,,,,
,,,,,,,,,,,,,,,,,,,,,
,,,,,,,,,,,,,,,,,,,,,
,,,,,,,,,,,,,,,,,,,,,
,,,,,,,,,,,,,,,,,,,,,
,,,,,,,,,,,,,,,,,,,,,
,,,,,,,,,,,,,,,,,,,,,
,,,,,,,,,,,,,,,,,,,,,
,,,,,,,,,,,,,,,,,,,,,
,,,,,,,,,,,,,,,,,,,,,
,,,,,,,,,,,,,,,,,,,,,
,,,,,,,,,,,,,,,,,,,,,
,,,,,,,,,,,,,,,,,,,,,
,,,,,,,,,,,,,,,,,,,,,
,,,,,,,,,,,,,,,,,,,,,
,,,,,,,,,,,,,,,,,,,,,
,,,,,,,,,,,,,,,,,,,,,
,,,,,,,,,,,,,,,,,,,,,
,,,,,,,,,,,,,,,,,,,,,
,,,,,,,,,,,,,,,,,,,,,
,,,,,,,,,,,,,,,,,,,,,
,,,,,,,,,,,,,,,,,,,,,
,,,,,,,,,,,,,,,,,,,,,
,,,,,,,,,,,,,,,,,,,,,
,,,,,,,,,,,,,,,,,,,,,
,,,,,,,,,,,,,,,,,,,,,
,,,,,,,,,,,,,,,,,,,,,
,,,,,,,,,,,,,,,,,,,,,
,,,,,,,,,,,,,,,,,,,,,
,,,,,,,,,,,,,,,,,,,,,
,,,,,,,,,,,,,,,,,,,,,
,,,,,,,,,,,,,,,,,,,,,
,,,,,,,,,,,,,,,,,,,,,
,,,,,,,,,,,,,,,,,,,,,
,,,,,,,,,,,,,,,,,,,,,
,,,,,,,,,,,,,,,,,,,,,
,,,,,,,,,,,,,,,,,,,,,
,,,,,,,,,,,,,,,,,,,,,
,,,,,,,,,,,,,,,,,,,,,
,,,,,,,,,,,,,,,,,,,,,
,,,,,,,,,,,,,,,,,,,,,
,,,,,,,,,,,,,,,,,,,,,
,,,,,,,,,,,,,,,,,,,,,
,,,,,,,,,,,,,,,,,,,,,
,,,,,,,,,,,,,,,,,,,,,
,,,,,,,,,,,,,,,,,,,,,
,,,,,,,,,,,,,,,,,,,,,
,,,,,,,,,,,,,,,,,,,,,
,,,,,,,,,,,,,,,,,,,,,
,,,,,,,,,,,,,,,,,,,,,
,,,,,,,,,,,,,,,,,,,,,
,,,,,,,,,,,,,,,,,,,,,
,,,,,,,,,,,,,,,,,,,,,
,,,,,,,,,,,,,,,,,,,,,
,,,,,,,,,,,,,,,,,,,,,
,,,,,,,,,,,,,,,,,,,,,
,,,,,,,,,,,,,,,,,,,,,
,,,,,,,,,,,,,,,,,,,,,
,,,,,,,,,,,,,,,,,,,,,
,,,,,,,,,,,,,,,,,,,,,
,,,,,,,,,,,,,,,,,,,,,
,,,,,,,,,,,,,,,,,,,,,
,,,,,,,,,,,,,,,,,,,,,
,,,,,,,,,,,,,,,,,,,,,
,,,,,,,,,,,,,,,,,,,,,
,,,,,,,,,,,,,,,,,,,,,
,,,,,,,,,,,,,,,,,,,,,
,,,,,,,,,,,,,,,,,,,,,
,,,,,,,,,,,,,,,,,,,,,
,,,,,,,,,,,,,,,,,,,,,
,,,,,,,,,,,,,,,,,,,,,
,,,,,,,,,,,,,,,,,,,,,
,,,,,,,,,,,,,,,,,,,,,
,,,,,,,,,,,,,,,,,,,,,
,,,,,,,,,,,,,,,,,,,,,
,,,,,,,,,,,,,,,,,,,,,
,,,,,,,,,,,,,,,,,,,,,
,,,,,,,,,,,,,,,,,,,,,
,,,,,,,,,,,,,,,,,,,,,
,,,,,,,,,,,,,,,,,,,,,
,,,,,,,,,,,,,,,,,,,,,
,,,,,,,,,,,,,,,,,,,,,
,,,,,,,,,,,,,,,,,,,,,
,,,,,,,,,,,,,,,,,,,,,
,,,,,,,,,,,,,,,,,,,,,
,,,,,,,,,,,,,,,,,,,,,
,,,,,,,,,,,,,,,,,,,,,
,,,,,,,,,,,,,,,,,,,,,
,,,,,,,,,,,,,,,,,,,,,
,,,,,,,,,,,,,,,,,,,,,
,,,,,,,,,,,,,,,,,,,,,
,,,,,,,,,,,,,,,,,,,,,
,,,,,,,,,,,,,,,,,,,,,
,,,,,,,,,,,,,,,,,,,,,
,,,,,,,,,,,,,,,,,,,,,
,,,,,,,,,,,,,,,,,,,,,
,,,,,,,,,,,,,,,,,,,,,
,,,,,,,,,,,,,,,,,,,,,
,,,,,,,,,,,,,,,,,,,,,
,,,,,,,,,,,,,,,,,,,,,
,,,,,,,,,,,,,,,,,,,,,
,,,,,,,,,,,,,,,,,,,,,
,,,,,,,,,,,,,,,,,,,,,
,,,,,,,,,,,,,,,,,,,,,
,,,,,,,,,,,,,,,,,,,,,
,,,,,,,,,,,,,,,,,,,,,
,,,,,,,,,,,,,,,,,,,,,
,,,,,,,,,,,,,,,,,,,,,
,,,,,,,,,,,,,,,,,,,,,
,,,,,,,,,,,,,,,,,,,,,
,,,,,,,,,,,,,,,,,,,,,
,,,,,,,,,,,,,,,,,,,,,
,,,,,,,,,,,,,,,,,,,,,
,,,,,,,,,,,,,,,,,,,,,
,,,,,,,,,,,,,,,,,,,,,
,,,,,,,,,,,,,,,,,,,,,
,,,,,,,,,,,,,,,,,,,,,
,,,,,,,,,,,,,,,,,,,,,
,,,,,,,,,,,,,,,,,,,,,
,,,,,,,,,,,,,,,,,,,,,
,,,,,,,,,,,,,,,,,,,,,
,,,,,,,,,,,,,,,,,,,,,
,,,,,,,,,,,,,,,,,,,,,
,,,,,,,,,,,,,,,,,,,,,
,,,,,,,,,,,,,,,,,,,,,
,,,,,,,,,,,,,,,,,,,,,
,,,,,,,,,,,,,,,,,,,,,
,,,,,,,,,,,,,,,,,,,,,
,,,,,,,,,,,,,,,,,,,,,
,,,,,,,,,,,,,,,,,,,,,
,,,,,,,,,,,,,,,,,,,,,
,,,,,,,,,,,,,,,,,,,,,
,,,,,,,,,,,,,,,,,,,,,
,,,,,,,,,,,,,,,,,,,,,
,,,,,,,,,,,,,,,,,,,,,
,,,,,,,,,,,,,,,,,,,,,
,,,,,,,,,,,,,,,,,,,,,
,,,,,,,,,,,,,,,,,,,,,
,,,,,,,,,,,,,,,,,,,,,
,,,,,,,,,,,,,,,,,,,,,
,,,,,,,,,,,,,,,,,,,,,
,,,,,,,,,,,,,,,,,,,,,
,,,,,,,,,,,,,,,,,,,,,
,,,,,,,,,,,,,,,,,,,,,
,,,,,,,,,,,,,,,,,,,,,
,,,,,,,,,,,,,,,,,,,,,
,,,,,,,,,,,,,,,,,,,,,
,,,,,,,,,,,,,,,,,,,,,
,,,,,,,,,,,,,,,,,,,,,
,,,,,,,,,,,,,,,,,,,,,
,,,,,,,,,,,,,,,,,,,,,
,,,,,,,,,,,,,,,,,,,,,
,,,,,,,,,,,,,,,,,,,,,
,,,,,,,,,,,,,,,,,,,,,
,,,,,,,,,,,,,,,,,,,,,
,,,,,,,,,,,,,,,,,,,,,
,,,,,,,,,,,,,,,,,,,,,
,,,,,,,,,,,,,,,,,,,,,
,,,,,,,,,,,,,,,,,,,,,
,,,,,,,,,,,,,,,,,,,,,
,,,,,,,,,,,,,,,,,,,,,
,,,,,,,,,,,,,,,,,,,,,
,,,,,,,,,,,,,,,,,,,,,
,,,,,,,,,,,,,,,,,,,,,
,,,,,,,,,,,,,,,,,,,,,
,,,,,,,,,,,,,,,,,,,,,
,,,,,,,,,,,,,,,,,,,,,
,,,,,,,,,,,,,,,,,,,,,
,,,,,,,,,,,,,,,,,,,,,
,,,,,,,,,,,,,,,,,,,,,
,,,,,,,,,,,,,,,,,,,,,
,,,,,,,,,,,,,,,,,,,,,
,,,,,,,,,,,,,,,,,,,,,
,,,,,,,,,,,,,,,,,,,,,
,,,,,,,,,,,,,,,,,,,,,
,,,,,,,,,,,,,,,,,,,,,
,,,,,,,,,,,,,,,,,,,,,
,,,,,,,,,,,,,,,,,,,,,
,,,,,,,,,,,,,,,,,,,,,
,,,,,,,,,,,,,,,,,,,,,
,,,,,,,,,,,,,,,,,,,,,
,,,,,,,,,,,,,,,,,,,,,
,,,,,,,,,,,,,,,,,,,,,
,,,,,,,,,,,,,,,,,,,,,
,,,,,,,,,,,,,,,,,,,,,
,,,,,,,,,,,,,,,,,,,,,
,,,,,,,,,,,,,,,,,,,,,
,,,,,,,,,,,,,,,,,,,,,
,,,,,,,,,,,,,,,,,,,,,
,,,,,,,,,,,,,,,,,,,,,
,,,,,,,,,,,,,,,,,,,,,
,,,,,,,,,,,,,,,,,,,,,
,,,,,,,,,,,,,,,,,,,,,
,,,,,,,,,,,,,,,,,,,,,
,,,,,,,,,,,,,,,,,,,,,
,,,,,,,,,,,,,,,,,,,,,
,,,,,,,,,,,,,,,,,,,,,
,,,,,,,,,,,,,,,,,,,,,
,,,,,,,,,,,,,,,,,,,,,
,,,,,,,,,,,,,,,,,,,,,
,,,,,,,,,,,,,,,,,,,,,
,,,,,,,,,,,,,,,,,,,,,
,,,,,,,,,,,,,,,,,,,,,
,,,,,,,,,,,,,,,,,,,,,
,,,,,,,,,,,,,,,,,,,,,
,,,,,,,,,,,,,,,,,,,,,
,,,,,,,,,,,,,,,,,,,,,
,,,,,,,,,,,,,,,,,,,,,
,,,,,,,,,,,,,,,,,,,,,
,,,,,,,,,,,,,,,,,,,,,
,,,,,,,,,,,,,,,,,,,,,
,,,,,,,,,,,,,,,,,,,,,
,,,,,,,,,,,,,,,,,,,,,
,,,,,,,,,,,,,,,,,,,,,
,,,,,,,,,,,,,,,,,,,,,
,,,,,,,,,,,,,,,,,,,,,
,,,,,,,,,,,,,,,,,,,,,
,,,,,,,,,,,,,,,,,,,,,
,,,,,,,,,,,,,,,,,,,,,
,,,,,,,,,,,,,,,,,,,,,
,,,,,,,,,,,,,,,,,,,,,
,,,,,,,,,,,,,,,,,,,,,
,,,,,,,,,,,,,,,,,,,,,
,,,,,,,,,,,,,,,,,,,,,
,,,,,,,,,,,,,,,,,,,,,
,,,,,,,,,,,,,,,,,,,,,
,,,,,,,,,,,,,,,,,,,,,
,,,,,,,,,,,,,,,,,,,,,
,,,,,,,,,,,,,,,,,,,,,
,,,,,,,,,,,,,,,,,,,,,
,,,,,,,,,,,,,,,,,,,,,
,,,,,,,,,,,,,,,,,,,,,
,,,,,,,,,,,,,,,,,,,,,
,,,,,,,,,,,,,,,,,,,,,
,,,,,,,,,,,,,,,,,,,,,
,,,,,,,,,,,,,,,,,,,,,
,,,,,,,,,,,,,,,,,,,,,
,,,,,,,,,,,,,,,,,,,,,
,,,,,,,,,,,,,,,,,,,,,
,,,,,,,,,,,,,,,,,,,,,
,,,,,,,,,,,,,,,,,,,,,
,,,,,,,,,,,,,,,,,,,,,
,,,,,,,,,,,,,,,,,,,,,
,,,,,,,,,,,,,,,,,,,,,
,,,,,,,,,,,,,,,,,,,,,
,,,,,,,,,,,,,,,,,,,,,
,,,,,,,,,,,,,,,,,,,,,
,,,,,,,,,,,,,,,,,,,,,
,,,,,,,,,,,,,,,,,,,,,
,,,,,,,,,,,,,,,,,,,,,
,,,,,,,,,,,,,,,,,,,,,
,,,,,,,,,,,,,,,,,,,,,
,,,,,,,,,,,,,,,,,,,,,
,,,,,,,,,,,,,,,,,,,,,
,,,,,,,,,,,,,,,,,,,,,
,,,,,,,,,,,,,,,,,,,,,
,,,,,,,,,,,,,,,,,,,,,
,,,,,,,,,,,,,,,,,,,,,
,,,,,,,,,,,,,,,,,,,,,
,,,,,,,,,,,,,,,,,,,,,
,,,,,,,,,,,,,,,,,,,,,
,,,,,,,,,,,,,,,,,,,,,
,,,,,,,,,,,,,,,,,,,,,
,,,,,,,,,,,,,,,,,,,,,
,,,,,,,,,,,,,,,,,,,,,
,,,,,,,,,,,,,,,,,,,,,
,,,,,,,,,,,,,,,,,,,,,
,,,,,,,,,,,,,,,,,,,,,
,,,,,,,,,,,,,,,,,,,,,
,,,,,,,,,,,,,,,,,,,,,
,,,,,,,,,,,,,,,,,,,,,
,,,,,,,,,,,,,,,,,,,,,
,,,,,,,,,,,,,,,,,,,,,
,,,,,,,,,,,,,,,,,,,,,
,,,,,,,,,,,,,,,,,,,,,
,,,,,,,,,,,,,,,,,,,,,
,,,,,,,,,,,,,,,,,,,,,
,,,,,,,,,,,,,,,,,,,,,
,,,,,,,,,,,,,,,,,,,,,
,,,,,,,,,,,,,,,,,,,,,
,,,,,,,,,,,,,,,,,,,,,
,,,,,,,,,,,,,,,,,,,,,
,,,,,,,,,,,,,,,,,,,,,
,,,,,,,,,,,,,,,,,,,,,
,,,,,,,,,,,,,,,,,,,,,
,,,,,,,,,,,,,,,,,,,,,
,,,,,,,,,,,,,,,,,,,,,
,,,,,,,,,,,,,,,,,,,,,
,,,,,,,,,,,,,,,,,,,,,
,,,,,,,,,,,,,,,,,,,,,
,,,,,,,,,,,,,,,,,,,,,
,,,,,,,,,,,,,,,,,,,,,
,,,,,,,,,,,,,,,,,,,,,
,,,,,,,,,,,,,,,,,,,,,
,,,,,,,,,,,,,,,,,,,,,
,,,,,,,,,,,,,,,,,,,,,
,,,,,,,,,,,,,,,,,,,,,
,,,,,,,,,,,,,,,,,,,,,
,,,,,,,,,,,,,,,,,,,,,
,,,,,,,,,,,,,,,,,,,,,
,,,,,,,,,,,,,,,,,,,,,
,,,,,,,,,,,,,,,,,,,,,
,,,,,,,,,,,,,,,,,,,,,
,,,,,,,,,,,,,,,,,,,,,
,,,,,,,,,,,,,,,,,,,,,
,,,,,,,,,,,,,,,,,,,,,
,,,,,,,,,,,,,,,,,,,,,
,,,,,,,,,,,,,,,,,,,,,
,,,,,,,,,,,,,,,,,,,,,
,,,,,,,,,,,,,,,,,,,,,
,,,,,,,,,,,,,,,,,,,,,
,,,,,,,,,,,,,,,,,,,,,
,,,,,,,,,,,,,,,,,,,,,
,,,,,,,,,,,,,,,,,,,,,
,,,,,,,,,,,,,,,,,,,,,
,,,,,,,,,,,,,,,,,,,,,
,,,,,,,,,,,,,,,,,,,,,
,,,,,,,,,,,,,,,,,,,,,
,,,,,,,,,,,,,,,,,,,,,
,,,,,,,,,,,,,,,,,,,,,
,,,,,,,,,,,,,,,,,,,,,
,,,,,,,,,,,,,,,,,,,,,
,,,,,,,,,,,,,,,,,,,,,
,,,,,,,,,,,,,,,,,,,,,
,,,,,,,,,,,,,,,,,,,,,
,,,,,,,,,,,,,,,,,,,,,
,,,,,,,,,,,,,,,,,,,,,
,,,,,,,,,,,,,,,,,,,,,
,,,,,,,,,,,,,,,,,,,,,
,,,,,,,,,,,,,,,,,,,,,
,,,,,,,,,,,,,,,,,,,,,
,,,,,,,,,,,,,,,,,,,,,
,,,,,,,,,,,,,,,,,,,,,
,,,,,,,,,,,,,,,,,,,,,
,,,,,,,,,,,,,,,,,,,,,
,,,,,,,,,,,,,,,,,,,,,
,,,,,,,,,,,,,,,,,,,,,
,,,,,,,,,,,,,,,,,,,,,
,,,,,,,,,,,,,,,,,,,,,
,,,,,,,,,,,,,,,,,,,,,
,,,,,,,,,,,,,,,,,,,,,
,,,,,,,,,,,,,,,,,,,,,
,,,,,,,,,,,,,,,,,,,,,
,,,,,,,,,,,,,,,,,,,,,
,,,,,,,,,,,,,,,,,,,,,
,,,,,,,,,,,,,,,,,,,,,
,,,,,,,,,,,,,,,,,,,,,
,,,,,,,,,,,,,,,,,,,,,
,,,,,,,,,,,,,,,,,,,,,
,,,,,,,,,,,,,,,,,,,,,
,,,,,,,,,,,,,,,,,,,,,
,,,,,,,,,,,,,,,,,,,,,
,,,,,,,,,,,,,,,,,,,,,
,,,,,,,,,,,,,,,,,,,,,
,,,,,,,,,,,,,,,,,,,,,
,,,,,,,,,,,,,,,,,,,,,
,,,,,,,,,,,,,,,,,,,,,
,,,,,,,,,,,,,,,,,,,,,
,,,,,,,,,,,,,,,,,,,,,
,,,,,,,,,,,,,,,,,,,,,
,,,,,,,,,,,,,,,,,,,,,
,,,,,,,,,,,,,,,,,,,,,
,,,,,,,,,,,,,,,,,,,,,
,,,,,,,,,,,,,,,,,,,,,
,,,,,,,,,,,,,,,,,,,,,
,,,,,,,,,,,,,,,,,,,,,
,,,,,,,,,,,,,,,,,,,,,
,,,,,,,,,,,,,,,,,,,,,
,,,,,,,,,,,,,,,,,,,,,
,,,,,,,,,,,,,,,,,,,,,
,,,,,,,,,,,,,,,,,,,,,
,,,,,,,,,,,,,,,,,,,,,
,,,,,,,,,,,,,,,,,,,,,
,,,,,,,,,,,,,,,,,,,,,
,,,,,,,,,,,,,,,,,,,,,
,,,,,,,,,,,,,,,,,,,,,
,,,,,,,,,,,,,,,,,,,,,
,,,,,,,,,,,,,,,,,,,,,
,,,,,,,,,,,,,,,,,,,,,
,,,,,,,,,,,,,,,,,,,,,
,,,,,,,,,,,,,,,,,,,,,
,,,,,,,,,,,,,,,,,,,,,
,,,,,,,,,,,,,,,,,,,,,
,,,,,,,,,,,,,,,,,,,,,
,,,,,,,,,,,,,,,,,,,,,
,,,,,,,,,,,,,,,,,,,,,
,,,,,,,,,,,,,,,,,,,,,
,,,,,,,,,,,,,,,,,,,,,
,,,,,,,,,,,,,,,,,,,,,
,,,,,,,,,,,,,,,,,,,,,
,,,,,,,,,,,,,,,,,,,,,
,,,,,,,,,,,,,,,,,,,,,
,,,,,,,,,,,,,,,,,,,,,
,,,,,,,,,,,,,,,,,,,,,
,,,,,,,,,,,,,,,,,,,,,
,,,,,,,,,,,,,,,,,,,,,
,,,,,,,,,,,,,,,,,,,,,
,,,,,,,,,,,,,,,,,,,,,
,,,,,,,,,,,,,,,,,,,,,
,,,,,,,,,,,,,,,,,,,,,
,,,,,,,,,,,,,,,,,,,,,
,,,,,,,,,,,,,,,,,,,,,
,,,,,,,,,,,,,,,,,,,,,
,,,,,,,,,,,,,,,,,,,,,
,,,,,,,,,,,,,,,,,,,,,
,,,,,,,,,,,,,,,,,,,,,
,,,,,,,,,,,,,,,,,,,,,
,,,,,,,,,,,,,,,,,,,,,
,,,,,,,,,,,,,,,,,,,,,
,,,,,,,,,,,,,,,,,,,,,
,,,,,,,,,,,,,,,,,,,,,
,,,,,,,,,,,,,,,,,,,,,
,,,,,,,,,,,,,,,,,,,,,
,,,,,,,,,,,,,,,,,,,,,
,,,,,,,,,,,,,,,,,,,,,
,,,,,,,,,,,,,,,,,,,,,
,,,,,,,,,,,,,,,,,,,,,
,,,,,,,,,,,,,,,,,,,,,
,,,,,,,,,,,,,,,,,,,,,
,,,,,,,,,,,,,,,,,,,,,
,,,,,,,,,,,,,,,,,,,,,
,,,,,,,,,,,,,,,,,,,,,
,,,,,,,,,,,,,,,,,,,,,
,,,,,,,,,,,,,,,,,,,,,
,,,,,,,,,,,,,,,,,,,,,
,,,,,,,,,,,,,,,,,,,,,
,,,,,,,,,,,,,,,,,,,,,
,,,,,,,,,,,,,,,,,,,,,
,,,,,,,,,,,,,,,,,,,,,
,,,,,,,,,,,,,,,,,,,,,
,,,,,,,,,,,,,,,,,,,,,
,,,,,,,,,,,,,,,,,,,,,
,,,,,,,,,,,,,,,,,,,,,
,,,,,,,,,,,,,,,,,,,,,
,,,,,,,,,,,,,,,,,,,,,
,,,,,,,,,,,,,,,,,,,,,
,,,,,,,,,,,,,,,,,,,,,
,,,,,,,,,,,,,,,,,,,,,
,,,,,,,,,,,,,,,,,,,,,
,,,,,,,,,,,,,,,,,,,,,
,,,,,,,,,,,,,,,,,,,,,
,,,,,,,,,,,,,,,,,,,,,
,,,,,,,,,,,,,,,,,,,,,
,,,,,,,,,,,,,,,,,,,,,
,,,,,,,,,,,,,,,,,,,,,
,,,,,,,,,,,,,,,,,,,,,
,,,,,,,,,,,,,,,,,,,,,
,,,,,,,,,,,,,,,,,,,,,
,,,,,,,,,,,,,,,,,,,,,
,,,,,,,,,,,,,,,,,,,,,
,,,,,,,,,,,,,,,,,,,,,
,,,,,,,,,,,,,,,,,,,,,
,,,,,,,,,,,,,,,,,,,,,
,,,,,,,,,,,,,,,,,,,,,
,,,,,,,,,,,,,,,,,,,,,
,,,,,,,,,,,,,,,,,,,,,
,,,,,,,,,,,,,,,,,,,,,
,,,,,,,,,,,,,,,,,,,,,
,,,,,,,,,,,,,,,,,,,,,
,,,,,,,,,,,,,,,,,,,,,
,,,,,,,,,,,,,,,,,,,,,
,,,,,,,,,,,,,,,,,,,,,
,,,,,,,,,,,,,,,,,,,,,
,,,,,,,,,,,,,,,,,,,,,
,,,,,,,,,,,,,,,,,,,,,
,,,,,,,,,,,,,,,,,,,,,
,,,,,,,,,,,,,,,,,,,,,
,,,,,,,,,,,,,,,,,,,,,
,,,,,,,,,,,,,,,,,,,,,
,,,,,,,,,,,,,,,,,,,,,
,,,,,,,,,,,,,,,,,,,,,
,,,,,,,,,,,,,,,,,,,,,
,,,,,,,,,,,,,,,,,,,,,
,,,,,,,,,,,,,,,,,,,,,
,,,,,,,,,,,,,,,,,,,,,
,,,,,,,,,,,,,,,,,,,,,
,,,,,,,,,,,,,,,,,,,,,
,,,,,,,,,,,,,,,,,,,,,
,,,,,,,,,,,,,,,,,,,,,
,,,,,,,,,,,,,,,,,,,,,
,,,,,,,,,,,,,,,,,,,,,
,,,,,,,,,,,,,,,,,,,,,
,,,,,,,,,,,,,,,,,,,,,
,,,,,,,,,,,,,,,,,,,,,
,,,,,,,,,,,,,,,,,,,,,
,,,,,,,,,,,,,,,,,,,,,
,,,,,,,,,,,,,,,,,,,,,
,,,,,,,,,,,,,,,,,,,,,
,,,,,,,,,,,,,,,,,,,,,
,,,,,,,,,,,,,,,,,,,,,
,,,,,,,,,,,,,,,,,,,,,
,,,,,,,,,,,,,,,,,,,,,
,,,,,,,,,,,,,,,,,,,,,
,,,,,,,,,,,,,,,,,,,,,
,,,,,,,,,,,,,,,,,,,,,
,,,,,,,,,,,,,,,,,,,,,
,,,,,,,,,,,,,,,,,,,,,
,,,,,,,,,,,,,,,,,,,,,
,,,,,,,,,,,,,,,,,,,,,
,,,,,,,,,,,,,,,,,,,,,
,,,,,,,,,,,,,,,,,,,,,
,,,,,,,,,,,,,,,,,,,,,
,,,,,,,,,,,,,,,,,,,,,
,,,,,,,,,,,,,,,,,,,,,
,,,,,,,,,,,,,,,,,,,,,
,,,,,,,,,,,,,,,,,,,,,
,,,,,,,,,,,,,,,,,,,,,
,,,,,,,,,,,,,,,,,,,,,
,,,,,,,,,,,,,,,,,,,,,
,,,,,,,,,,,,,,,,,,,,,
,,,,,,,,,,,,,,,,,,,,,
,,,,,,,,,,,,,,,,,,,,,
,,,,,,,,,,,,,,,,,,,,,
,,,,,,,,,,,,,,,,,,,,,
,,,,,,,,,,,,,,,,,,,,,
,,,,,,,,,,,,,,,,,,,,,
,,,,,,,,,,,,,,,,,,,,,
,,,,,,,,,,,,,,,,,,,,,
,,,,,,,,,,,,,,,,,,,,,
,,,,,,,,,,,,,,,,,,,,,
,,,,,,,,,,,,,,,,,,,,,
,,,,,,,,,,,,,,,,,,,,,
,,,,,,,,,,,,,,,,,,,,,
,,,,,,,,,,,,,,,,,,,,,
,,,,,,,,,,,,,,,,,,,,,
,,,,,,,,,,,,,,,,,,,,,
,,,,,,,,,,,,,,,,,,,,,
,,,,,,,,,,,,,,,,,,,,,
,,,,,,,,,,,,,,,,,,,,,
,,,,,,,,,,,,,,,,,,,,,
,,,,,,,,,,,,,,,,,,,,,
,,,,,,,,,,,,,,,,,,,,,
,,,,,,,,,,,,,,,,,,,,,
,,,,,,,,,,,,,,,,,,,,,
,,,,,,,,,,,,,,,,,,,,,
,,,,,,,,,,,,,,,,,,,,,
,,,,,,,,,,,,,,,,,,,,,
,,,,,,,,,,,,,,,,,,,,,
,,,,,,,,,,,,,,,,,,,,,
,,,,,,,,,,,,,,,,,,,,,
,,,,,,,,,,,,,,,,,,,,,
,,,,,,,,,,,,,,,,,,,,,
,,,,,,,,,,,,,,,,,,,,,
,,,,,,,,,,,,,,,,,,,,,
,,,,,,,,,,,,,,,,,,,,,
,,,,,,,,,,,,,,,,,,,,,
,,,,,,,,,,,,,,,,,,,,,
,,,,,,,,,,,,,,,,,,,,,
,,,,,,,,,,,,,,,,,,,,,
,,,,,,,,,,,,,,,,,,,,,
,,,,,,,,,,,,,,,,,,,,,
,,,,,,,,,,,,,,,,,,,,,
,,,,,,,,,,,,,,,,,,,,,
,,,,,,,,,,,,,,,,,,,,,
,,,,,,,,,,,,,,,,,,,,,
,,,,,,,,,,,,,,,,,,,,,
,,,,,,,,,,,,,,,,,,,,,
,,,,,,,,,,,,,,,,,,,,,
,,,,,,,,,,,,,,,,,,,,,
,,,,,,,,,,,,,,,,,,,,,
,,,,,,,,,,,,,,,,,,,,,
,,,,,,,,,,,,,,,,,,,,,
,,,,,,,,,,,,,,,,,,,,,
,,,,,,,,,,,,,,,,,,,,,
,,,,,,,,,,,,,,,,,,,,,
,,,,,,,,,,,,,,,,,,,,,
,,,,,,,,,,,,,,,,,,,,,
,,,,,,,,,,,,,,,,,,,,,
,,,,,,,,,,,,,,,,,,,,,
,,,,,,,,,,,,,,,,,,,,,
,,,,,,,,,,,,,,,,,,,,,
,,,,,,,,,,,,,,,,,,,,,
,,,,,,,,,,,,,,,,,,,,,
,,,,,,,,,,,,,,,,,,,,,
,,,,,,,,,,,,,,,,,,,,,
,,,,,,,,,,,,,,,,,,,,,
,,,,,,,,,,,,,,,,,,,,,
,,,,,,,,,,,,,,,,,,,,,
,,,,,,,,,,,,,,,,,,,,,
,,,,,,,,,,,,,,,,,,,,,
,,,,,,,,,,,,,,,,,,,,,
,,,,,,,,,,,,,,,,,,,,,
,,,,,,,,,,,,,,,,,,,,,
,,,,,,,,,,,,,,,,,,,,,
,,,,,,,,,,,,,,,,,,,,,
,,,,,,,,,,,,,,,,,,,,,
,,,,,,,,,,,,,,,,,,,,,
,,,,,,,,,,,,,,,,,,,,,
,,,,,,,,,,,,,,,,,,,,,
,,,,,,,,,,,,,,,,,,,,,
,,,,,,,,,,,,,,,,,,,,,
,,,,,,,,,,,,,,,,,,,,,
,,,,,,,,,,,,,,,,,,,,,
,,,,,,,,,,,,,,,,,,,,,
,,,,,,,,,,,,,,,,,,,,,
,,,,,,,,,,,,,,,,,,,,,
,,,,,,,,,,,,,,,,,,,,,
,,,,,,,,,,,,,,,,,,,,,
,,,,,,,,,,,,,,,,,,,,,
,,,,,,,,,,,,,,,,,,,,,
,,,,,,,,,,,,,,,,,,,,,
,,,,,,,,,,,,,,,,,,,,,
,,,,,,,,,,,,,,,,,,,,,
,,,,,,,,,,,,,,,,,,,,,
,,,,,,,,,,,,,,,,,,,,,
,,,,,,,,,,,,,,,,,,,,,
,,,,,,,,,,,,,,,,,,,,,
,,,,,,,,,,,,,,,,,,,,,
,,,,,,,,,,,,,,,,,,,,,
,,,,,,,,,,,,,,,,,,,,,
,,,,,,,,,,,,,,,,,,,,,
,,,,,,,,,,,,,,,,,,,,,
,,,,,,,,,,,,,,,,,,,,,
,,,,,,,,,,,,,,,,,,,,,
,,,,,,,,,,,,,,,,,,,,,
,,,,,,,,,,,,,,,,,,,,,
,,,,,,,,,,,,,,,,,,,,,
,,,,,,,,,,,,,,,,,,,,,
,,,,,,,,,,,,,,,,,,,,,
,,,,,,,,,,,,,,,,,,,,,
,,,,,,,,,,,,,,,,,,,,,
,,,,,,,,,,,,,,,,,,,,,
,,,,,,,,,,,,,,,,,,,,,
,,,,,,,,,,,,,,,,,,,,,
,,,,,,,,,,,,,,,,,,,,,
,,,,,,,,,,,,,,,,,,,,,
,,,,,,,,,,,,,,,,,,,,,
,,,,,,,,,,,,,,,,,,,,,
,,,,,,,,,,,,,,,,,,,,,
,,,,,,,,,,,,,,,,,,,,,
,,,,,,,,,,,,,,,,,,,,,
,,,,,,,,,,,,,,,,,,,,,
,,,,,,,,,,,,,,,,,,,,,
,,,,,,,,,,,,,,,,,,,,,
,,,,,,,,,,,,,,,,,,,,,
,,,,,,,,,,,,,,,,,,,,,
,,,,,,,,,,,,,,,,,,,,,
,,,,,,,,,,,,,,,,,,,,,
,,,,,,,,,,,,,,,,,,,,,
,,,,,,,,,,,,,,,,,,,,,
,,,,,,,,,,,,,,,,,,,,,
,,,,,,,,,,,,,,,,,,,,,
,,,,,,,,,,,,,,,,,,,,,
,,,,,,,,,,,,,,,,,,,,,
,,,,,,,,,,,,,,,,,,,,,
,,,,,,,,,,,,,,,,,,,,,
,,,,,,,,,,,,,,,,,,,,,
,,,,,,,,,,,,,,,,,,,,,
,,,,,,,,,,,,,,,,,,,,,
,,,,,,,,,,,,,,,,,,,,,
,,,,,,,,,,,,,,,,,,,,,
,,,,,,,,,,,,,,,,,,,,,
,,,,,,,,,,,,,,,,,,,,,
,,,,,,,,,,,,,,,,,,,,,
,,,,,,,,,,,,,,,,,,,,,
,,,,,,,,,,,,,,,,,,,,,
,,,,,,,,,,,,,,,,,,,,,
,,,,,,,,,,,,,,,,,,,,,
,,,,,,,,,,,,,,,,,,,,,
,,,,,,,,,,,,,,,,,,,,,
,,,,,,,,,,,,,,,,,,,,,
,,,,,,,,,,,,,,,,,,,,,
,,,,,,,,,,,,,,,,,,,,,
,,,,,,,,,,,,,,,,,,,,,
,,,,,,,,,,,,,,,,,,,,,
,,,,,,,,,,,,,,,,,,,,,
,,,,,,,,,,,,,,,,,,,,,
,,,,,,,,,,,,,,,,,,,,,
,,,,,,,,,,,,,,,,,,,,,
,,,,,,,,,,,,,,,,,,,,,
,,,,,,,,,,,,,,,,,,,,,
,,,,,,,,,,,,,,,,,,,,,
,,,,,,,,,,,,,,,,,,,,,
,,,,,,,,,,,,,,,,,,,,,
,,,,,,,,,,,,,,,,,,,,,
,,,,,,,,,,,,,,,,,,,,,
,,,,,,,,,,,,,,,,,,,,,
,,,,,,,,,,,,,,,,,,,,,
,,,,,,,,,,,,,,,,,,,,,
,,,,,,,,,,,,,,,,,,,,,
,,,,,,,,,,,,,,,,,,,,,
,,,,,,,,,,,,,,,,,,,,,
,,,,,,,,,,,,,,,,,,,,,
,,,,,,,,,,,,,,,,,,,,,
,,,,,,,,,,,,,,,,,,,,,
,,,,,,,,,,,,,,,,,,,,,
,,,,,,,,,,,,,,,,,,,,,
,,,,,,,,,,,,,,,,,,,,,
,,,,,,,,,,,,,,,,,,,,,
,,,,,,,,,,,,,,,,,,,,,
,,,,,,,,,,,,,,,,,,,,,
,,,,,,,,,,,,,,,,,,,,,
,,,,,,,,,,,,,,,,,,,,,
,,,,,,,,,,,,,,,,,,,,,
,,,,,,,,,,,,,,,,,,,,,
,,,,,,,,,,,,,,,,,,,,,
,,,,,,,,,,,,,,,,,,,,,
,,,,,,,,,,,,,,,,,,,,,
,,,,,,,,,,,,,,,,,,,,,
,,,,,,,,,,,,,,,,,,,,,
,,,,,,,,,,,,,,,,,,,,,
,,,,,,,,,,,,,,,,,,,,,
,,,,,,,,,,,,,,,,,,,,,
,,,,,,,,,,,,,,,,,,,,,
,,,,,,,,,,,,,,,,,,,,,
,,,,,,,,,,,,,,,,,,,,,
,,,,,,,,,,,,,,,,,,,,,
,,,,,,,,,,,,,,,,,,,,,
,,,,,,,,,,,,,,,,,,,,,
,,,,,,,,,,,,,,,,,,,,,
,,,,,,,,,,,,,,,,,,,,,
,,,,,,,,,,,,,,,,,,,,,
,,,,,,,,,,,,,,,,,,,,,
,,,,,,,,,,,,,,,,,,,,,
,,,,,,,,,,,,,,,,,,,,,
,,,,,,,,,,,,,,,,,,,,,
,,,,,,,,,,,,,,,,,,,,,
,,,,,,,,,,,,,,,,,,,,,
,,,,,,,,,,,,,,,,,,,,,
,,,,,,,,,,,,,,,,,,,,,
,,,,,,,,,,,,,,,,,,,,,
,,,,,,,,,,,,,,,,,,,,,
,,,,,,,,,,,,,,,,,,,,,
,,,,,,,,,,,,,,,,,,,,,
,,,,,,,,,,,,,,,,,,,,,
,,,,,,,,,,,,,,,,,,,,,
,,,,,,,,,,,,,,,,,,,,,
,,,,,,,,,,,,,,,,,,,,,
,,,,,,,,,,,,,,,,,,,,,
,,,,,,,,,,,,,,,,,,,,,
,,,,,,,,,,,,,,,,,,,,,
,,,,,,,,,,,,,,,,,,,,,
,,,,,,,,,,,,,,,,,,,,,
,,,,,,,,,,,,,,,,,,,,,
,,,,,,,,,,,,,,,,,,,,,
,,,,,,,,,,,,,,,,,,,,,
,,,,,,,,,,,,,,,,,,,,,
,,,,,,,,,,,,,,,,,,,,,
,,,,,,,,,,,,,,,,,,,,,
,,,,,,,,,,,,,,,,,,,,,
,,,,,,,,,,,,,,,,,,,,,
,,,,,,,,,,,,,,,,,,,,,
,,,,,,,,,,,,,,,,,,,,,
,,,,,,,,,,,,,,,,,,,,,
,,,,,,,,,,,,,,,,,,,,,
,,,,,,,,,,,,,,,,,,,,,
,,,,,,,,,,,,,,,,,,,,,
,,,,,,,,,,,,,,,,,,,,,
,,,,,,,,,,,,,,,,,,,,,
,,,,,,,,,,,,,,,,,,,,,
,,,,,,,,,,,,,,,,,,,,,
,,,,,,,,,,,,,,,,,,,,,
,,,,,,,,,,,,,,,,,,,,,
,,,,,,,,,,,,,,,,,,,,,
,,,,,,,,,,,,,,,,,,,,,
,,,,,,,,,,,,,,,,,,,,,
,,,,,,,,,,,,,,,,,,,,,
,,,,,,,,,,,,,,,,,,,,,
,,,,,,,,,,,,,,,,,,,,,
,,,,,,,,,,,,,,,,,,,,,
,,,,,,,,,,,,,,,,,,,,,
,,,,,,,,,,,,,,,,,,,,,
,,,,,,,,,,,,,,,,,,,,,
,,,,,,,,,,,,,,,,,,,,,
,,,,,,,,,,,,,,,,,,,,,
,,,,,,,,,,,,,,,,,,,,,
,,,,,,,,,,,,,,,,,,,,,
,,,,,,,,,,,,,,,,,,,,,
,,,,,,,,,,,,,,,,,,,,,
,,,,,,,,,,,,,,,,,,,,,
,,,,,,,,,,,,,,,,,,,,,
,,,,,,,,,,,,,,,,,,,,,
,,,,,,,,,,,,,,,,,,,,,
,,,,,,,,,,,,,,,,,,,,,
,,,,,,,,,,,,,,,,,,,,,
,,,,,,,,,,,,,,,,,,,,,
,,,,,,,,,,,,,,,,,,,,,
,,,,,,,,,,,,,,,,,,,,,
,,,,,,,,,,,,,,,,,,,,,
,,,,,,,,,,,,,,,,,,,,,
,,,,,,,,,,,,,,,,,,,,,
,,,,,,,,,,,,,,,,,,,,,
,,,,,,,,,,,,,,,,,,,,,
,,,,,,,,,,,,,,,,,,,,,
,,,,,,,,,,,,,,,,,,,,,
,,,,,,,,,,,,,,,,,,,,,
,,,,,,,,,,,,,,,,,,,,,
,,,,,,,,,,,,,,,,,,,,,
,,,,,,,,,,,,,,,,,,,,,
,,,,,,,,,,,,,,,,,,,,,
,,,,,,,,,,,,,,,,,,,,,
,,,,,,,,,,,,,,,,,,,,,
,,,,,,,,,,,,,,,,,,,,,
,,,,,,,,,,,,,,,,,,,,,
,,,,,,,,,,,,,,,,,,,,,
,,,,,,,,,,,,,,,,,,,,,
,,,,,,,,,,,,,,,,,,,,,
,,,,,,,,,,,,,,,,,,,,,
,,,,,,,,,,,,,,,,,,,,,
,,,,,,,,,,,,,,,,,,,,,
,,,,,,,,,,,,,,,,,,,,,
,,,,,,,,,,,,,,,,,,,,,
,,,,,,,,,,,,,,,,,,,,,
,,,,,,,,,,,,,,,,,,,,,
,,,,,,,,,,,,,,,,,,,,,
,,,,,,,,,,,,,,,,,,,,,
,,,,,,,,,,,,,,,,,,,,,
,,,,,,,,,,,,,,,,,,,,,
,,,,,,,,,,,,,,,,,,,,,
,,,,,,,,,,,,,,,,,,,,,
,,,,,,,,,,,,,,,,,,,,,
,,,,,,,,,,,,,,,,,,,,,
,,,,,,,,,,,,,,,,,,,,,
,,,,,,,,,,,,,,,,,,,,,
,,,,,,,,,,,,,,,,,,,,,
,,,,,,,,,,,,,,,,,,,,,
,,,,,,,,,,,,,,,,,,,,,
,,,,,,,,,,,,,,,,,,,,,
,,,,,,,,,,,,,,,,,,,,,
,,,,,,,,,,,,,,,,,,,,,
,,,,,,,,,,,,,,,,,,,,,
,,,,,,,,,,,,,,,,,,,,,
,,,,,,,,,,,,,,,,,,,,,
,,,,,,,,,,,,,,,,,,,,,
,,,,,,,,,,,,,,,,,,,,,
,,,,,,,,,,,,,,,,,,,,,
,,,,,,,,,,,,,,,,,,,,,
,,,,,,,,,,,,,,,,,,,,,
,,,,,,,,,,,,,,,,,,,,,
,,,,,,,,,,,,,,,,,,,,,
,,,,,,,,,,,,,,,,,,,,,
,,,,,,,,,,,,,,,,,,,,,
,,,,,,,,,,,,,,,,,,,,,
,,,,,,,,,,,,,,,,,,,,,
,,,,,,,,,,,,,,,,,,,,,
,,,,,,,,,,,,,,,,,,,,,
,,,,,,,,,,,,,,,,,,,,,
,,,,,,,,,,,,,,,,,,,,,
,,,,,,,,,,,,,,,,,,,,,
,,,,,,,,,,,,,,,,,,,,,
,,,,,,,,,,,,,,,,,,,,,
,,,,,,,,,,,,,,,,,,,,,
,,,,,,,,,,,,,,,,,,,,,
,,,,,,,,,,,,,,,,,,,,,
,,,,,,,,,,,,,,,,,,,,,
,,,,,,,,,,,,,,,,,,,,,
,,,,,,,,,,,,,,,,,,,,,
,,,,,,,,,,,,,,,,,,,,,
,,,,,,,,,,,,,,,,,,,,,
,,,,,,,,,,,,,,,,,,,,,
,,,,,,,,,,,,,,,,,,,,,
,,,,,,,,,,,,,,,,,,,,,
,,,,,,,,,,,,,,,,,,,,,
,,,,,,,,,,,,,,,,,,,,,
,,,,,,,,,,,,,,,,,,,,,
,,,,,,,,,,,,,,,,,,,,,
,,,,,,,,,,,,,,,,,,,,,
,,,,,,,,,,,,,,,,,,,,,
,,,,,,,,,,,,,,,,,,,,,
,,,,,,,,,,,,,,,,,,,,,
,,,,,,,,,,,,,,,,,,,,,
,,,,,,,,,,,,,,,,,,,,,
,,,,,,,,,,,,,,,,,,,,,
,,,,,,,,,,,,,,,,,,,,,
,,,,,,,,,,,,,,,,,,,,,
,,,,,,,,,,,,,,,,,,,,,
,,,,,,,,,,,,,,,,,,,,,
,,,,,,,,,,,,,,,,,,,,,
,,,,,,,,,,,,,,,,,,,,,
,,,,,,,,,,,,,,,,,,,,,
,,,,,,,,,,,,,,,,,,,,,
,,,,,,,,,,,,,,,,,,,,,
,,,,,,,,,,,,,,,,,,,,,
,,,,,,,,,,,,,,,,,,,,,
,,,,,,,,,,,,,,,,,,,,,
,,,,,,,,,,,,,,,,,,,,,
,,,,,,,,,,,,,,,,,,,,,
,,,,,,,,,,,,,,,,,,,,,
,,,,,,,,,,,,,,,,,,,,,
,,,,,,,,,,,,,,,,,,,,,
,,,,,,,,,,,,,,,,,,,,,
,,,,,,,,,,,,,,,,,,,,,
,,,,,,,,,,,,,,,,,,,,,
,,,,,,,,,,,,,,,,,,,,,
,,,,,,,,,,,,,,,,,,,,,
,,,,,,,,,,,,,,,,,,,,,
,,,,,,,,,,,,,,,,,,,,,
,,,,,,,,,,,,,,,,,,,,,
,,,,,,,,,,,,,,,,,,,,,
,,,,,,,,,,,,,,,,,,,,,
,,,,,,,,,,,,,,,,,,,,,
,,,,,,,,,,,,,,,,,,,,,
,,,,,,,,,,,,,,,,,,,,,
,,,,,,,,,,,,,,,,,,,,,
,,,,,,,,,,,,,,,,,,,,,
,,,,,,,,,,,,,,,,,,,,,
,,,,,,,,,,,,,,,,,,,,,
,,,,,,,,,,,,,,,,,,,,,
,,,,,,,,,,,,,,,,,,,,,
,,,,,,,,,,,,,,,,,,,,,
,,,,,,,,,,,,,,,,,,,,,
,,,,,,,,,,,,,,,,,,,,,
,,,,,,,,,,,,,,,,,,,,,
,,,,,,,,,,,,,,,,,,,,,
,,,,,,,,,,,,,,,,,,,,,
,,,,,,,,,,,,,,,,,,,,,
,,,,,,,,,,,,,,,,,,,,,
,,,,,,,,,,,,,,,,,,,,,
,,,,,,,,,,,,,,,,,,,,,
,,,,,,,,,,,,,,,,,,,,,
,,,,,,,,,,,,,,,,,,,,,
,,,,,,,,,,,,,,,,,,,,,
,,,,,,,,,,,,,,,,,,,,,
,,,,,,,,,,,,,,,,,,,,,
,,,,,,,,,,,,,,,,,,,,,
,,,,,,,,,,,,,,,,,,,,,
,,,,,,,,,,,,,,,,,,,,,
,,,,,,,,,,,,,,,,,,,,,
,,,,,,,,,,,,,,,,,,,,,
,,,,,,,,,,,,,,,,,,,,,
,,,,,,,,,,,,,,,,,,,,,
,,,,,,,,,,,,,,,,,,,,,
,,,,,,,,,,,,,,,,,,,,,
,,,,,,,,,,,,,,,,,,,,,
,,,,,,,,,,,,,,,,,,,,,
,,,,,,,,,,,,,,,,,,,,,
,,,,,,,,,,,,,,,,,,,,,
,,,,,,,,,,,,,,,,,,,,,
,,,,,,,,,,,,,,,,,,,,,
,,,,,,,,,,,,,,,,,,,,,
,,,,,,,,,,,,,,,,,,,,,
,,,,,,,,,,,,,,,,,,,,,
,,,,,,,,,,,,,,,,,,,,,
,,,,,,,,,,,,,,,,,,,,,
,,,,,,,,,,,,,,,,,,,,,
,,,,,,,,,,,,,,,,,,,,,
,,,,,,,,,,,,,,,,,,,,,
,,,,,,,,,,,,,,,,,,,,,
,,,,,,,,,,,,,,,,,,,,,
,,,,,,,,,,,,,,,,,,,,,
,,,,,,,,,,,,,,,,,,,,,
,,,,,,,,,,,,,,,,,,,,,
,,,,,,,,,,,,,,,,,,,,,
,,,,,,,,,,,,,,,,,,,,,
,,,,,,,,,,,,,,,,,,,,,
,,,,,,,,,,,,,,,,,,,,,
,,,,,,,,,,,,,,,,,,,,,
,,,,,,,,,,,,,,,,,,,,,
,,,,,,,,,,,,,,,,,,,,,
,,,,,,,,,,,,,,,,,,,,,
,,,,,,,,,,,,,,,,,,,,,
,,,,,,,,,,,,,,,,,,,,,
,,,,,,,,,,,,,,,,,,,,,
,,,,,,,,,,,,,,,,,,,,,
,,,,,,,,,,,,,,,,,,,,,
,,,,,,,,,,,,,,,,,,,,,
,,,,,,,,,,,,,,,,,,,,,
,,,,,,,,,,,,,,,,,,,,,
,,,,,,,,,,,,,,,,,,,,,
,,,,,,,,,,,,,,,,,,,,,
,,,,,,,,,,,,,,,,,,,,,
,,,2011,,,,,,,,,,,,,,,,,,
,,,2011,,,,,,,,,,,,,,,,,,
,,,2011,,,,,,,,,,,,,,,,,,
,,,2011,,,,,,,,,,,,,,,,,,
,,,2011,,,,,,,,,,,,,,,,,,
,,,2011,,,,,,,,,,,,,,,,,,
,,MSRP.3,2011,,"$56,500.00",,,,,,,,,,,,,,,,
,,MSRP.2,2011,,"$54,850.00",,,,,,,,,,,,,,,,
,,MSRP.1,2011,,"$58,900.00",,,,,,,,,,,,,,,,
,,MSRP,2011,,"$58,400.00",,,,,,,,,,,,,,,,
,,Z9B,2011,,"$3,900.00",,,,,,,,,,,,,,,,
,,IND,2011,,"$5,000.00",,,,,,,,,,,,,,,,
,,ZCP,2011,,"$2,500.00",,,,,,,,,,,,,,,,
,,ZCV,2011,,"$2,900.00",,,,,,,,,,,,,,,,
,,,2011,,,,,,,,,,,,,,,,,,
,,ZCW,2011,,"$1,000.00",,,,,,,,,,,,,,,,
,,ZPP.1,2011,,"$2,000.00",,,,,,,,,,,,,,,,
,,ZPP.2,2011,,"$2,000.00",,,,,,,,,,,,,,,,
,,ZPP.3,2011,,"$2,000.00",,,,,,,,,,,,,,,,
,,ZP2,2011,,"$2,500.00",,,,,,,,,,,,,,,,
,,ZP2.1,2011,,"$2,500.00",,,,,,,,,,,,,,,,
,,ZP2.2,2011,,"$2,500.00",,,,,,,,,,,,,,,,
,,ZP2.3,2011,,"$2,500.00",,,,,,,,,,,,,,,,
,,ZP2.4,2011,,"$2,500.00",,,,,,,,,,,,,,,,
,,,2011,,,,,,,,,,,,,,,,,,
,,"ZP3,",2011,,"$2,500.00",,,,,,,,,,,,,,,,
,,ZP3.1,2011,,"$2,500.00",,,,,,,,,,,,,,,,
,,ZP3.2,2011,,"$2,500.00",,,,,,,,,,,,,,,,
,,ZP3.3,2011,,"$2,500.00",,,,,,,,,,,,,,,,
,,ZP3.4,2011,,"$2,500.00",,,,,,,,,,,,,,,,
,,,2011,,,,,,,,,,,,,,,,,,
,,ZTP,2011,,"$3,250.00",,,,,,,,,,,,,,,,
,,,2011,,,,,,,,,,,,,,,,,,
,,223,2011,,"$1,000.00",,,,,,,,,,,,,,,,
,,2MK.1,2011,,"$2,700.00",,,,,,,,,,,,,,,,
,,2MK,2011,,"$2,900.00",,,,,,,,,,,,,,,,
,,2MT.1,2011,,"$1,200.00",,,,,,,,,,,,,,,,
,,2MT,2011,,"$1,250.00",,,,,,,,,,,,,,,,
,,4MX,2011,,$500.00,,,,,,,,,,,,,,,,
,,4MY,2011,,$500.00,,,,,,,,,,,,,,,,
,,4MZ,2011,,$500.00,,,,,,,,,,,,,,,,
,,403,2011,,"$1,050.00",,,,,,,,,,,,,,,,
,,415,2011,,$350.00,,,,,,,,,,,,,,,,
,,465,2011,,$475.00,,,,,,,,,,,,,,,,
,,494,2011,,$500.00,,,,,,,,,,,,,,,,
,,302,2011,,$400.00,,,,,,,,,,,,,,,,
,,320,2011,,$0.00,,,,,,,,,,,,,,,,
,,507,2011,,$380.00,,,,,,,,,,,,,,,,
,,5AC,2011,,$250.00,,,,,,,,,,,,,,,,
,,609,2011,,"$1,250.00",,,,,,,,,,,,,,,,
,,6FL,2011,,$400.00,,,,,,,,,,,,,,,,
,,639,2011,,$750.00,,,,,,,,,,,,,,,,
,,,2011,,,,,,,,,,,,,,,,,,
,,6NF,2011,,$150.00,,,,,,,,,,,,,,,,
,,653,2011,,$350.00,,,,,,,,,,,,,,,,
,,655,2011,,$595.00,,,,,,,,,,,,,,,,
,,6NR,2011,,$250.00,,,,,,,,,,,,,,,,
,,752,2011,,"$1,900.00",,,,,,,,,,,,,,,,
,,771,2011,,$0.00,,,,,,,,,,,,,,,,
,,863,2011,,,,,,,,,,,,,,,,,,
,,XE2,2011,,"$1,080.00",,,,,,,,,,,,,,,,
,,XE3,2011,,"$1,080.00",,,,,,,,,,,,,,,,
,,XE8,2011,,"$1,080.00",,,,,,,,,,,,,,,,
,,,2011,,,,,,,,,,,,,,,,,,
,,,2011,,,,,,,,,,,,,,,,,,
,,Z04 ,2011,,$210.00,,,,,,,,,,,,,,,,
,,Z06,2011,,$162.00,,,,,,,,,,,,,,,,
,,Z10,2011,,"$4,067.00",,,,,,,,,,,,,,,,
,,Z12 ,2011,,$885.00,,,,,,,,,,,,,,,,
,,Z17 ,2011,,$911.00,,,,,,,,,,,,,,,,
,,Z21 ,2011,,$712.00,,,,,,,,,,,,,,,,
,,Z22,2011,,$622.00,,,,,,,,,,,,,,,,
,,Z62 ,2011,,,,,,,,,,,,,,,,,,
,,,2011,,,,,,,,,,,,,,,,,,
,,,2011,,,,,,,,,,,,,,,,,,
,,,2011,,,,,,,,,,,,,,,,,,
,,,2011,,,,,,,,,,,,,,,,,,
,,,2011,,,,,,,,,,,,,,,,,,
,,,2011,,,,,,,,,,,,,,,,,,
,,,2011,,,,,,,,,,,,,,,,,,
,,,2011,,,,,,,,,,,,,,,,,,
,,,2011,,,,,,,,,,,,,,,,,,
,,,2011,,,,,,,,,,,,,,,,,,
,,,2011,,,,,,,,,,,,,,,,,,
,,,2011,,,,,,,,,,,,,,,,,,
,,,2011,,,,,,,,,,,,,,,,,,
,,,2011,,,,,,,,,,,,,,,,,,
,,,2011,,,,,,,,,,,,,,,,,,
,,,2011,,,,,,,,,,,,,,,,,,
,,,2011,,,,,,,,,,,,,,,,,,
,,,2011,,,,,,,,,,,,,,,,,,
,,,2011,,,,,,,,,,,,,,,,,,
,,,2011,,,,,,,,,,,,,,,,,,
,,,2011,,,,,,,,,,,,,,,,,,
,,,2011,,,,,,,,,,,,,,,,,,
,,,2011,,,,,,,,,,,,,,,,,,
,,,2011,,,,,,,,,,,,,,,,,,
,,,2011,,,,,,,,,,,,,,,,,,
,,,2011,,,,,,,,,,,,,,,,,,
,,,2011,,,,,,,,,,,,,,,,,,
,,,2011,,,,,,,,,,,,,,,,,,
,,,2011,,,,,,,,,,,,,,,,,,
,,,2011,,,,,,,,,,,,,,,,,,
,,,2011,,,,,,,,,,,,,,,,,,
,,,2011,,,,,,,,,,,,,,,,,,
,,,2011,,,,,,,,,,,,,,,,,,
,,,2011,,,,,,,,,,,,,,,,,,
,,,2011,,,,,,,,,,,,,,,,,,
,,,2011,,,,,,,,,,,,,,,,,,
,,,2011,,,,,,,,,,,,,,,,,,
,,,2011,,,,,,,,,,,,,,,,,,
,,,2011,,,,,,,,,,,,,,,,,,
,,,2011,,,,,,,,,,,,,,,,,,
,,,2011,,,,,,,,,,,,,,,,,,
,,,2011,,,,,,,,,,,,,,,,,,
,,,2011,,,,,,,,,,,,,,,,,,
,,,2011,,,,,,,,,,,,,,,,,,
,,,2011,,,,,,,,,,,,,,,,,,
,,,2011,,,,,,,,,,,,,,,,,,
,,,2011,,,,,,,,,,,,,,,,,,
,,,2011,,,,,,,,,,,,,,,,,,
,,,2011,,,,,,,,,,,,,,,,,,
,,,2011,,,,,,,,,,,,,,,,,,
,,,2011,,,,,,,,,,,,,,,,,,
,,,2011,,,,,,,,,,,,,,,,,,
,,,2011,,,,,,,,,,,,,,,,,,
,,,2011,,,,,,,,,,,,,,,,,,
,,,2011,,,,,,,,,,,,,,,,,,
,,,2011,,,,,,,,,,,,,,,,,,
,,,2011,,,,,,,,,,,,,,,,,,
,,,2011,,,,,,,,,,,,,,,,,,
,,,2011,,,,,,,,,,,,,,,,,,
,,,2011,,,,,,,,,,,,,,,,,,
,,,2011,,,,,,,,,,,,,,,,,,
,,,2011,,,,,,,,,,,,,,,,,,
,,,2011,,,,,,,,,,,,,,,,,,
,,,2011,,,,,,,,,,,,,,,,,,
,,,2011,,,,,,,,,,,,,,,,,,
,,,2011,,,,,,,,,,,,,,,,,,
,,,2011,,,,,,,,,,,,,,,,,,
,,,2011,,,,,,,,,,,,,,,,,,
,,,2011,,,,,,,,,,,,,,,,,,
,,,2011,,,,,,,,,,,,,,,,,,
,,,2011,,,,,,,,,,,,,,,,,,
,,,2011,,,,,,,,,,,,,,,,,,
,,,2011,,,,,,,,,,,,,,,,,,
,,,2011,,,,,,,,,,,,,,,,,,
,,,2011,,,,,,,,,,,,,,,,,,
,,,2011,,,,,,,,,,,,,,,,,,
,,,2011,,,,,,,,,,,,,,,,,,
,,,2011,,,,,,,,,,,,,,,,,,
,,,2011,,,,,,,,,,,,,,,,,,
,,,2011,,,,,,,,,,,,,,,,,,
,,,2011,,,,,,,,,,,,,,,,,,
,,,2011,,,,,,,,,,,,,,,,,,
,,,2011,,,,,,,,,,,,,,,,,,
,,,2011,,,,,,,,,,,,,,,,,,
,,,2011,,,,,,,,,,,,,,,,,,
,,,2011,,,,,,,,,,,,,,,,,,
,,,2011,,,,,,,,,,,,,,,,,,
,,,2011,,,,,,,,,,,,,,,,,,
,,,2011,,,,,,,,,,,,,,,,,,
,,,2011,,,,,,,,,,,,,,,,,,
,,,2011,,,,,,,,,,,,,,,,,,
,,,2011,,,,,,,,,,,,,,,,,,
,,,2011,,,,,,,,,,,,,,,,,,
,,,2011,,,,,,,,,,,,,,,,,,
,,,2011,,,,,,,,,,,,,,,,,,
,,,2011,,,,,,,,,,,,,,,,,,
,,,2011,,,,,,,,,,,,,,,,,,
,,,2011,,,,,,,,,,,,,,,,,,
,,,2011,,,,,,,,,,,,,,,,,,
,,,2011,,,,,,,,,,,,,,,,,,
,,,2011,,,,,,,,,,,,,,,,,,
,,,2011,,,,,,,,,,,,,,,,,,
,,,2011,,,,,,,,,,,,,,,,,,
,,,2011,,,,,,,,,,,,,,,,,,
,,,2011,,,,,,,,,,,,,,,,,,
,,,2011,,,,,,,,,,,,,,,,,,
,,,2011,,,,,,,,,,,,,,,,,,
,,,2011,,,,,,,,,,,,,,,,,,
,,,2011,,,,,,,,,,,,,,,,,,
,,,2011,,,,,,,,,,,,,,,,,,
,,,2011,,,,,,,,,,,,,,,,,,
,,,2011,,,,,,,,,,,,,,,,,,
,,,2011,,,,,,,,,,,,,,,,,,
,,,2011,,,,,,,,,,,,,,,,,,
,,,2011,,,,,,,,,,,,,,,,,,