EXTERIOR,Development code,INTERIOR,Year,VIN,,,,PACKAGES,MSRP,PROD,,,DEALER NAME,Port,Carrier,VPC,Details,V-Spec,Sticker,Invoice,VPC
475 - Black Sapphire Metallic,F97,LKSW - Black Extended Merino Leather,2020,5YMTS0C52LLA57585,,LA57585,2MK,,,"Jan 29, 2018",,USA,"Fuhrpark, München, DE",,,,,,,,
C28 - Donington Grey Metallic,F97,LKSW - Black Extended Merino Leather,2020,5YMTS0C54LLA57586,,LA57586,2MK,,,"Feb 8, 2018",,USA,"Fuhrpark, München, DE",,,,,,,,
C28 - Donington Grey Metallic,F97,LKSW - Black Extended Merino Leather,2020,5YMTS0C5XLLA57592,,LA57592,2MK,,,"Apr 23, 2018",,USA,"Fuhrpark, München, DE",,,,,,,,
A90 - Dark Graphite Metallic,F97,LKDA - Sakhir Orange Extended Merino Leather,2020,5YMTS0C53LLA57594,,LA57594,2MK,,,"May 2, 2018",,USA,"Fuhrpark, München, DE",,,,,,,,
C28 - Donington Grey Metallic,F97,HDJA - Black/Midrand Beige Two-Tone Merino Leather / Alcantara,2020,5YMTS0C55LLA57595,,LA57595,2MK,,,"Jun 16, 2018",,USA,"BMW OF NORTH AMERICA, Montvale, US",,,,,,,,
C1N - Sunstone Metallic,F97,LKSW - Black Extended Merino Leather,2020,5YMTS0C05LLA57598,,LA57598,2MK,,,"Sep 17, 2018",,USA,"Fuhrpark, München, DE",,,,,,,,
C28 - Donington Grey Metallic,F97,VAEW - BMW Individual Ivory White Extended Merino Leather,2020,5YMTS0C07LLA57604,,LA57604,2MK,,,"Nov 9, 2018",,USA,"BMW Canada Marketing Cars, Richmond Hill, CA",,,,,,,,
C28 - Donington Grey Metallic,F97,HDJA - Black/Midrand Beige Two-Tone Merino Leather / Alcantara,2020,5YMTS0C09LLA57605,,LA57605,2MK,,,"Dec 2, 2018",,USA,"Newburgh Auto Auction, Newburgh, US",,,,,,,,
C1N - Sunstone Metallic,F97,LKSW - Black Extended Merino Leather,2020,5YMTS0C06LLA57609,,LA57609,2MK,,,"Jan 29, 2019",,USA,"Fuhrpark, München, DE",,,,,,,,
C28 - Donington Grey Metallic,F97,LKDA - Sakhir Orange Extended Merino Leather,2020,5YMTS0C00MLA57610,,LA57610,2MK,,,"Feb 15, 2019",,USA,"Fuhrpark, München, DE",,,,,,,,
C28 - Donington Grey Metallic,F97,HDJA - Black/Midrand Beige Two-Tone Merino Leather / Alcantara,2020,5YMTS0C06LLA57612,,LA57612,2MK,,,"Mar 11, 2019",,USA,"Nevada Auto Auction, Las Vegas, US",,,,,,,,
C28 - Donington Grey Metallic,F97,HDJA - Black/Midrand Beige Two-Tone Merino Leather / Alcantara,2020,5YMTS0C03LLA57650,,LA57650,2MK,,,"Apr 7, 2019",,USA,"Woodcliff Lake NJ Company Cars, Woodcliff Lake, US",,,,,,,,
C28 - Donington Grey Metallic,F97,HDJA - Black/Midrand Beige Two-Tone Merino Leather / Alcantara,2020,5YMTS0C09LLA57636,,LA57636,2MK,,,"May 3, 2019",,USA,"Woodcliff Lake NJ Company Cars, Woodcliff Lake, US",,,,,,,,
C28 - Donington Grey Metallic,F97,HDJA - Black/Midrand Beige Two-Tone Merino Leather / Alcantara,2020,5YMTS0C06LLA57657,,LA57657,2MK,,,"May 16, 2019",,USA,"Atlanta Auto Auction/Manheim Greer, Red Oak, US",,,,,,,,
C28 - Donington Grey Metallic,F97,HDJA - Black/Midrand Beige Two-Tone Merino Leather / Alcantara,2020,5YMTS0C06LLA57755,,LA57755,2MK,,,"Jun 5, 2019",,USA,"Sterling BMW, Newport Beach, US",,,,,,,,
475 - Black Sapphire Metallic,F97,VATQ - BMW Individual Tartufo Extended Merino Leather,2020,5YMTS0C01LLA57856,,LA57856,2MK,,,"Jul 7, 2019",,USA,"Budds' BMW Oakville, Oakville, CA",,,,,,,,
C28 - Donington Grey Metallic,F97,MAH7 - Black Vernasca Leather,2020,5YMTS0C09LLA58026,,LA58026,2MK,,,"Jul 23, 2019",,USA,"Passport BMW, Suitland, US",,,,,,,,
C28 - Donington Grey Metallic,F97,LKHV - Adelaide Grey Extended Merino Leather,2020,5YMTS0C0XLLT09732,,LT09732,2MK,,,"Jul 28, 2019",,USA,"Bobby Rahal BMW of South Hills, Canonsburg, US",,,,,,,,
A90 - Dark Graphite Metallic,F97,HDJA - Black/Midrand Beige Two-Tone Merino Leather / Alcantara,2020,5YMTS0C06LLT09789,,LT09789,2MK,,,"Aug 1, 2019",,USA,"Alderson European Motors, Lubbock, US",,,,,,,,
300 - Alpine White,F97,LKDA - Sakhir Orange Extended Merino Leather,2020,5YMTS0C08LLT10085,,LT10085,2MK,,,"Aug 16, 2019",,USA,"BMW of Oyster Bay, Oyster Bay, US",,,,,,,,
300 - Alpine White,F97,VATQ - BMW Individual Tartufo Extended Merino Leather,2020,5YMTS0C08LLT10443,,LT10443,2MK,,,"Sep 2, 2019",,USA,"BMW of Fort Myers, Fort Myers, US",,,,,,,,
A90 - Dark Graphite Metallic,F97,LKDA - Sakhir Orange Extended Merino Leather,2020,5YMTS0C07LLT11003,,LT11003,2MK,,,"Sep 30, 2019",,USA,"BMW of Springfield, Springfield, US",,,,,,,,
300 - Alpine White,F97,MAH7 - Black Vernasca Leather,2020,5YMTS0C09L9B00904,,9B00904,2MK,,,"Oct 5, 2019",,USA,"Ferman BMW/Ferman MINI of Tampa Bay, Palm Harbor, US",,,,,,,,
300 - Alpine White,F97,LKSW - Black Extended Merino Leather,2020,5YMTS0C07L9B00920,,9B00920,2MK,,,"Oct 5, 2019",,USA,"BMW of Catonsville, Baltimore, US",,,,,,,,
475 - Black Sapphire Metallic,F97,LKHV - Adelaide Grey Extended Merino Leather,2020,5YMTS0C01L9B00928,,9B00928,2MK,,,"Oct 5, 2019",,USA,"Karl Knauz Motors, Lake Bluff, US",,,,,,,,
A90 - Dark Graphite Metallic,F97,VATQ - BMW Individual Tartufo Extended Merino Leather,2020,5YMTS0C09L9B00952,,9B00952,2MK,,,"Oct 6, 2019",,USA,"Apple BMW of York, York, US",,,,,,,,
475 - Black Sapphire Metallic,F97,LKDA - Sakhir Orange Extended Merino Leather,2020,5YMTS0C0XL9B00992,,9B00992,2MK,,,"Oct 6, 2019",,USA,"BMW of Mt. Kisco, Mount Kisco, US",,,,,,,,
475 - Black Sapphire Metallic,F97,LKSW - Black Extended Merino Leather,2020,5YMTS0C03L9B01000,,9B01000,2MK,,,"Oct 6, 2019",,USA,"BMW Portland, Portland, US",,,,,,,,
C3G - Toronto Red Metallic,F97,HDJA - Black/Midrand Beige Two-Tone Merino Leather / Alcantara,2020,5YMTS0C07L9B01016,,9B01016,2MK,,,"Oct 6, 2019",,USA,"BMW Northwest, Tacoma, US",,,,,,,,
A90 - Dark Graphite Metallic,F97,VAEW - BMW Individual Ivory White Extended Merino Leather,2020,5YMTS0C08L9B01056,,9B01056,2MK,,,"Oct 6, 2019",,USA,"BMW of Eugene, Eugene, US",,,,,,,,
C3G - Toronto Red Metallic,F97,LKSW - Black Extended Merino Leather,2020,5YMTS0C06L9B01072,,9B01072,2MK,,,"Oct 6, 2019",,USA,"Stevens Creek BMW, Santa Clara, US",,,,,,,,
A90 - Dark Graphite Metallic,F97,VAEW - BMW Individual Ivory White Extended Merino Leather,2020,5YMTS0C0XL9B01088,,9B01088,2MK,,,"Oct 6, 2019",,USA,"BMW of the Hudson Valley, Poughkeepsie, US",,,,,,,,
300 - Alpine White,F97,LKSW - Black Extended Merino Leather,2020,5YMTS0C09L9B01096,,9B01096,2MK,,,"Oct 6, 2019",,USA,"BMW London, London, CA",,,,,,,,
C28 - Donington Grey Metallic,F97,LKSW - Black Extended Merino Leather,2020,5YMTS0C03L9B01112,,9B01112,2MK,,,"Oct 7, 2019",,USA,"BMW Sainte-Julie, Sainte-Julie, CA",,,,,,,,
C28 - Donington Grey Metallic,F97,LKSW - Black Extended Merino Leather,2020,5YMTS0C02L9B01120,,9B01120,2MK,,,"Oct 7, 2019",,USA,"BMW of Fort Lauderdale, Fort Lauderdale, US",,,,,,,,
475 - Black Sapphire Metallic,F97,LKSW - Black Extended Merino Leather,2020,5YMTS0C06L9B01136,,9B01136,2MK,,,"Oct 7, 2019",,USA,"BMW of Grapevine, Grapevine, US",,,,,,,,
C28 - Donington Grey Metallic,F97,LKSW - Black Extended Merino Leather,2020,5YMTS0C05L9B01144,,9B01144,2MK,,,"Oct 7, 2019",,USA,"Elmhurst BMW, Elmhurst, US",,,,,,,,
475 - Black Sapphire Metallic,F97,LKSW - Black Extended Merino Leather,2020,5YMTS0C03L9B01160,,9B01160,2MK,,,"Oct 7, 2019",,USA,"BMW of Murray, Murray, US",,,,,,,,
475 - Black Sapphire Metallic,F97,HDJA - Black/Midrand Beige Two-Tone Merino Leather / Alcantara,2020,5YMTS0C06L9B01184,,9B01184,2MK,,,"Oct 7, 2019",,USA,"Chapman BMW, Chandler, US",,,,,,,,
475 - Black Sapphire Metallic,F97,MAH7 - Black Vernasca Leather,2020,5YMTS0C05L9B01192,,9B01192,2MK,,,"Oct 7, 2019",,USA,"McKenna BMW, Norwalk, US",,,,,,,,
C28 - Donington Grey Metallic,F97,LKSW - Black Extended Merino Leather,2020,5YMTS0C05L9B01208,,9B01208,2MK,,,"Oct 7, 2019",,USA,"BMW Markham, Markham, CA",,,,,,,,
C28 - Donington Grey Metallic,F97,LKSW - Black Extended Merino Leather,2020,5YMTS0C06L9B01248,,9B01248,2MK,,,"Oct 7, 2019",,USA,"Pfaff BMW, Mississauga, CA",,,,,,,,
C1M - Phytonic Blue Metallic,F97,HDJA - Black/Midrand Beige Two-Tone Merino Leather / Alcantara,2020,5YMTS0C08L9B03423,,9B03423,2MK,,,"Oct 7, 2019",,USA,"Long Beach BMW, Signal Hill, US",,,,,,,,
475 - Black Sapphire Metallic,F97,LKSW - Black Extended Merino Leather,2020,5YMTS0C00L9B03447,,9B03447,2MK,,,"Oct 7, 2019",,USA,"BMW of Mountain View, Mountain View, US",,,,,,,,
C1M - Phytonic Blue Metallic,F97,LKSW - Black Extended Merino Leather,2020,5YMTS0C08L9B03471,,9B03471,2MK,,,"Oct 7, 2019",,USA,"BMW of Grapevine, Grapevine, US",,,,,,,,
C28 - Donington Grey Metallic,F97,LKHV - Adelaide Grey Extended Merino Leather,2020,5YMTS0C02L9B03479,,9B03479,2MK,,,"Oct 7, 2019",,USA,"BMW of Little Rock, Little Rock, US",,,,,,,,
C1M - Phytonic Blue Metallic,F97,VAEW - BMW Individual Ivory White Extended Merino Leather,2020,5YMTS0C01L9B03487,,9B03487,2MK,,,"Oct 7, 2019",,USA,"Park Avenue BMW, Rochelle Park, US",,,,,,,,
300 - Alpine White,F97,LKSW - Black Extended Merino Leather,2020,5YMTS0C06L9B03503,,9B03503,2MK,,,"Oct 7, 2019",,USA,"BMW of Lancaster, Lancaster, US",,,,,,,,
C3G - Toronto Red Metallic,F97,VAEW - BMW Individual Ivory White Extended Merino Leather,2020,5YMTS0C0XL9B03519,,9B03519,2MK,,,"Oct 7, 2019",,USA,"BMW of Murray, Murray, US",,,,,,,,
C28 - Donington Grey Metallic,F97,LKHV - Adelaide Grey Extended Merino Leather,2020,5YMTS0C09L9B03527,,9B03527,2MK,,,"Oct 7, 2019",,USA,"Bachrodt BMW, Rockford, US",,,,,,,,
A90 - Dark Graphite Metallic,F97,HDJA - Black/Midrand Beige Two-Tone Merino Leather / Alcantara,2020,5YMTS0C08L9B03535,,9B03535,2MK,,,"Oct 7, 2019",,USA,"BMW of Norwood, Norwood, US",,,,,,,,
A90 - Dark Graphite Metallic,F97,LKHV - Adelaide Grey Extended Merino Leather,2020,5YMTS0C07L9B03543,,9B03543,2MK,,,"Oct 7, 2019",,USA,"BMW of Tigard, Tigard, US",,,,,,,,
C1M - Phytonic Blue Metallic,F97,MAH7 - Black Vernasca Leather,2020,5YMTS0C00L9B03559,,9B03559,2MK,,,"Oct 7, 2019",,USA,"Century West BMW, North Hollywood, US",,,,,,,,
C1M - Phytonic Blue Metallic,F97,LKHV - Adelaide Grey Extended Merino Leather,2020,5YMTS0C09L9B03575,,9B03575,2MK,,,"Oct 7, 2019",,USA,"Karl Knauz Motors, Lake Bluff, US",,,,,,,,
C3G - Toronto Red Metallic,F97,LKSW - Black Extended Merino Leather,2020,5YMTS0C08L9B03583,,9B03583,2MK,,,"Oct 7, 2019",,USA,"BMW Montreal Centre, Montreal, CA",,,,,,,,
C3G - Toronto Red Metallic,F97,LKHV - Adelaide Grey Extended Merino Leather,2020,5YMTS0C07L9B03591,,9B03591,2MK,,,"Oct 7, 2019",,USA,"BMW Royal Oak, Calgary, CA",,,,,,,,
C3G - Toronto Red Metallic,F97,LKSW - Black Extended Merino Leather,2020,5YMTS0C07L9B03607,,9B03607,2MK,,,"Oct 7, 2019",,USA,"BMW of Houston Midtown, Houston, US",,,,,,,,
C28 - Donington Grey Metallic,F97,LKSW - Black Extended Merino Leather,2020,5YMTS0C06L9B03615,,9B03615,2MK,,,"Oct 7, 2019",,USA,"BMW of Omaha/MINI of Omaha, Omaha, US",,,,,,,,
A90 - Dark Graphite Metallic,F97,LKSW - Black Extended Merino Leather,2020,5YMTS0C04L9B03631,,9B03631,2MK,,,"Oct 8, 2019",,USA,"BMW of Mountain View, Mountain View, US",,,,,,,,
C28 - Donington Grey Metallic,F97,LKSW - Black Extended Merino Leather,2020,5YMTS0C08L9B03647,,9B03647,2MK,,,"Oct 8, 2019",,USA,"BMW of Austin, Austin, US",,,,,,,,
C3G - Toronto Red Metallic,F97,LKHV - Adelaide Grey Extended Merino Leather,2020,5YMTS0C05L9B03671,,9B03671,2MK,,,"Oct 8, 2019",,USA,"Basney BMW, South Bend, US",,,,,,,,
C28 - Donington Grey Metallic,F97,LKDA - Sakhir Orange Extended Merino Leather,2020,5YMTS0C0XL9B03679,,9B03679,2MK,,,"Oct 8, 2019",,USA,"Nick Alexander Imports, Los Angeles, US",,,,,,,,
C3G - Toronto Red Metallic,F97,LKSW - Black Extended Merino Leather,2020,5YMTS0C09L9B03687,,9B03687,2MK,,,"Oct 8, 2019",,USA,"BMW of Palm Springs, Palm Springs, US",,,,,,,,
C28 - Donington Grey Metallic,F97,LKSW - Black Extended Merino Leather,2020,5YMTS0C03L9B03703,,9B03703,2MK,,,"Oct 8, 2019",,USA,"BMW of Murray, Murray, US",,,,,,,,
C1M - Phytonic Blue Metallic,F97,LKSW - Black Extended Merino Leather,2020,5YMTS0C07L9B04076,,9B04076,2MK,,,"Oct 8, 2019",,USA,"BMW of Houston Midtown, Houston, US",,,,,,,,
C28 - Donington Grey Metallic,F97,LKHV - Adelaide Grey Extended Merino Leather,2020,5YMTS0C06L9B04084,,9B04084,2MK,,,"Oct 8, 2019",,USA,"BMW of Fort Lauderdale, Fort Lauderdale, US",,,,,,,,
A90 - Dark Graphite Metallic,F97,LKDA - Sakhir Orange Extended Merino Leather,2020,5YMTS0C00L9B04100,,9B04100,2MK,,,"Oct 8, 2019",,USA,"Vista BMW, Coconut Creek, US",,,,,,,,
C28 - Donington Grey Metallic,F97,LKSW - Black Extended Merino Leather,2020,5YMTS0C03L9B04124,,9B04124,2MK,,,"Oct 8, 2019",,USA,"BMW of Bridgeport, Bridgeport, US",,,,,,,,
C3G - Toronto Red Metallic,F97,LKSW - Black Extended Merino Leather,2020,5YMTS0C02L9B04132,,9B04132,2MK,,,"Oct 8, 2019",,USA,"BMW of Southampton, Southampton, US",,,,,,,,
C1M - Phytonic Blue Metallic,F97,VAEW - BMW Individual Ivory White Extended Merino Leather,2020,5YMTS0C01L9B04140,,9B04140,2MK,,,"Oct 8, 2019",,USA,"I. G. Burton BMW, Milford, US",,,,,,,,
C3G - Toronto Red Metallic,F97,LKHV - Adelaide Grey Extended Merino Leather,2020,5YMTS0C03L9B04172,,9B04172,2MK,,,"Oct 8, 2019",,USA,"BMW of Idaho Falls, Idaho Falls, US",,,,,,,,
C3G - Toronto Red Metallic,F97,LKHV - Adelaide Grey Extended Merino Leather,2020,5YMTS0C07L9B04188,,9B04188,2MK,,,"Oct 8, 2019",,USA,"Gebhardt BMW, Boulder, US",,,,,,,,
A90 - Dark Graphite Metallic,F97,LKSW - Black Extended Merino Leather,2020,5YMTS0C06L9B04196,,9B04196,2MK,,,"Oct 8, 2019",,USA,"BMW of Milwaukee North, Milwaukee, US",,,,,,,,
C3G - Toronto Red Metallic,F97,LKSW - Black Extended Merino Leather,2020,5YMTS0C00L9B04212,,9B04212,2MK,,,"Oct 8, 2019",,USA,"Sharpe BMW, Grand Rapids, US",,,,,,,,
C3G - Toronto Red Metallic,F97,LKHV - Adelaide Grey Extended Merino Leather,2020,5YMTS0C04L9B04228,,9B04228,2MK,,,"Oct 8, 2019",,USA,"BMW Tucson, Tucson, US",,,,,,,,
C28 - Donington Grey Metallic,F97,VAEW - BMW Individual Ivory White Extended Merino Leather,2020,5YMTS0C02L9B04244,,9B04244,2MK,,,"Oct 8, 2019",,USA,"BMW of Traverse City, Traverse City, US",,,,,,,,
C1M - Phytonic Blue Metallic,F97,LKSW - Black Extended Merino Leather,2020,5YMTS0C01L9B04252,,9B04252,2MK,,,"Oct 8, 2019",,USA,"Hendrick BMW, Charlotte, US",,,,,,,,
C28 - Donington Grey Metallic,F97,LKDA - Sakhir Orange Extended Merino Leather,2020,5YMTS0C05L9B04268,,9B04268,2MK,,,"Oct 8, 2019",,USA,"BMW of Gwinnett Place, Duluth, US",,,,,,,,
C28 - Donington Grey Metallic,F97,MAH7 - Black Vernasca Leather,2020,5YMTS0C04L9B04276,,9B04276,2MK,,,"Oct 8, 2019",,USA,"Flemington BMW, Flemington, US",,,,,,,,
A90 - Dark Graphite Metallic,F97,LKSW - Black Extended Merino Leather,2020,5YMTS0C02L9B04292,,9B04292,2MK,,,"Oct 8, 2019",,USA,"Valencia BMW, Valencia, US",,,,,,,,
C28 - Donington Grey Metallic,F97,LKSW - Black Extended Merino Leather,2020,5YMTS0C08L9B04300,,9B04300,2MK,,,"Oct 8, 2019",,USA,"Century West BMW, North Hollywood, US",,,,,,,,
C28 - Donington Grey Metallic,F97,LKHV - Adelaide Grey Extended Merino Leather,2020,5YMTS0C01L9B04316,,9B04316,2MK,,,"Oct 8, 2019",,USA,"BMW of Lancaster, Lancaster, US",,,,,,,,
C28 - Donington Grey Metallic,F97,LKHV - Adelaide Grey Extended Merino Leather,2020,5YMTS0C00L9B04324,,9B04324,2MK,,,"Oct 9, 2019",,USA,"South Shore BMW, Rockland, US",,,,,,,,
A90 - Dark Graphite Metallic,F97,VATQ - BMW Individual Tartufo Extended Merino Leather,2020,5YMTS0C0XL9B04332,,9B04332,2MK,,,"Oct 9, 2019",,USA,"BMW of Owings Mills, Owings Mills, US",,,,,,,,
C28 - Donington Grey Metallic,F97,HDJA - Black/Midrand Beige Two-Tone Merino Leather / Alcantara,2020,5YMTS0C03L9B04348,,9B04348,2MK,,,"Oct 9, 2019",,USA,"Patrick BMW, Schaumburg, US",,,,,,,,
C3G - Toronto Red Metallic,F97,LKHV - Adelaide Grey Extended Merino Leather,2020,5YMTS0C02L9B04356,,9B04356,2MK,,,"Oct 9, 2019",,USA,"BMW of Tulsa, Tulsa, US",,,,,,,,
C3G - Toronto Red Metallic,F97,LKSW - Black Extended Merino Leather,2020,5YMTS0C01L9B04364,,9B04364,2MK,,,"Oct 9, 2019",,USA,"BMW of Raleigh, Raleigh, US",,,,,,,,
475 - Black Sapphire Metallic,F97,LKSW - Black Extended Merino Leather,2020,5YMTS0C02L9B05779,,9B05779,2MK,,,"Oct 9, 2019",,USA,"Schomp BMW of Highlands Ranch, Highlands Ranch, US",,,,,,,,
C28 - Donington Grey Metallic,F97,LKSW - Black Extended Merino Leather,2020,5YMTS0C08L9B05835,,9B05835,2MK,,,"Oct 9, 2019",,USA,"BMW of Murray, Murray, US",,,,,,,,
300 - Alpine White,F97,VAEW - BMW Individual Ivory White Extended Merino Leather,2020,5YMTS0C06L9B05851,,9B05851,2MK,,,"Oct 9, 2019",,USA,"Germain BMW of Naples, Naples, US",,,,,,,,
C1N - Sunstone Metallic,F97,VATQ - BMW Individual Tartufo Extended Merino Leather,2020,5YMTS0C0XL9B05867,,9B05867,2MK,,,"Oct 9, 2019",,USA,"Germain BMW of Naples, Naples, US",,,,,,,,
300 - Alpine White,F97,LKSW - Black Extended Merino Leather,2020,5YMTS0C07L9B05907,,9B05907,2MK,,,"Oct 10, 2019",,USA,"BMW of South Austin, Austin, US",,,,,,,,
A90 - Dark Graphite Metallic,F97,MAOQ - Oyster Vernasca Leather,2020,5YMTS0C05L9B05923,,9B05923,2MK,,,"Oct 10, 2019",,USA,"BMW of Asheville, Arden, US",,,,,,,,
C1M - Phytonic Blue Metallic,F97,VATQ - BMW Individual Tartufo Extended Merino Leather,2020,5YMTS0C08L9B05995,,9B05995,2MK,,,"Oct 10, 2019",,USA,"BMW Cleveland, Solan, US",,,,,,,,
300 - Alpine White,F97,VATQ - BMW Individual Tartufo Extended Merino Leather,2020,5YMTS0C02L9B06043,,9B06043,2MK,,,"Oct 10, 2019",,USA,"Germain BMW of Naples, Naples, US",,,,,,,,
C28 - Donington Grey Metallic,F97,HDJA - Black/Midrand Beige Two-Tone Merino Leather / Alcantara,2020,5YMTS0C03L9B06083,,9B06083,2MK,,,"Oct 10, 2019",,USA,"Rusnak BMW, Thousand Oaks, US",,,,,,,,
300 - Alpine White,F97,MAH7 - Black Vernasca Leather,2020,5YMTS0C02L9B06107,,9B06107,2MK,,,"Oct 10, 2019",,USA,"BMW of Buena Park, Buena Park, US",,,,,,,,
300 - Alpine White,F97,HDJA - Black/Midrand Beige Two-Tone Merino Leather / Alcantara,2020,5YMTS0C0XL9B06131,,9B06131,2MK,,,"Oct 10, 2019",,USA,"Roadshow BMW/MINI, Cordova, US",,,,,,,,
475 - Black Sapphire Metallic,F97,LKHV - Adelaide Grey Extended Merino Leather,2020,5YMTS0C03L9B06147,,9B06147,2MK,,,"Oct 10, 2019",,USA,"Fields BMW of Daytona, Daytona Beach, US",,,,,,,,
300 - Alpine White,F97,LKDA - Sakhir Orange Extended Merino Leather,2020,5YMTS0C02L9B06219,,9B06219,2MK,,,"Oct 10, 2019",,USA,"BMW of Bowling Green, Bowling Green, US",,,,,,,,
C3G - Toronto Red Metallic,F97,LKSW - Black Extended Merino Leather,2020,5YMTS0C01L9B06227,,9B06227,2MK,,,"Oct 10, 2019",,USA,"BMW of Denver Downtown, Denver, US",,,,,,,,
C1M - Phytonic Blue Metallic,F97,VATQ - BMW Individual Tartufo Extended Merino Leather,2020,5YMTS0C0XL9B06243,,9B06243,2MK,,,"Oct 10, 2019",,USA,"BMW Cleveland, Solan, US",,,,,,,,
A90 - Dark Graphite Metallic,F97,LKSW - Black Extended Merino Leather,2020,5YMTS0C09L9B06251,,9B06251,2MK,,,"Oct 10, 2019",,USA,"Roadshow BMW/MINI, Cordova, US",,,,,,,,
A90 - Dark Graphite Metallic,F97,LKSW - Black Extended Merino Leather,2020,5YMTS0C03L9B06259,,9B06259,2MK,,,"Oct 10, 2019",,USA,"BMW of Southampton, Southampton, US",,,,,,,,
300 - Alpine White,F97,VATQ - BMW Individual Tartufo Extended Merino Leather,2020,5YMTS0C02L9B06267,,9B06267,2MK,,,"Oct 10, 2019",,USA,"BMW of Norwood, Norwood, US",,,,,,,,
A90 - Dark Graphite Metallic,F97,LKSW - Black Extended Merino Leather,2020,5YMTS0C07L9B06331,,9B06331,2MK,,,"Oct 10, 2019",,USA,"BMW of Denver Downtown, Denver, US",,,,,,,,
475 - Black Sapphire Metallic,F97,VATQ - BMW Individual Tartufo Extended Merino Leather,2020,5YMTS0C00L9B06347,,9B06347,2MK,,,"Oct 10, 2019",,USA,"BMW of Reading, Reading, US",,,,,,,,
300 - Alpine White,F97,HDJA - Black/Midrand Beige Two-Tone Merino Leather / Alcantara,2020,5YMTS0C0XL9B06355,,9B06355,2MK,,,"Oct 10, 2019",,USA,"BMW of Denver Downtown, Denver, US",,,,,,,,
300 - Alpine White,F97,HDJA - Black/Midrand Beige Two-Tone Merino Leather / Alcantara,2020,5YMTS0C08L9B06371,,9B06371,2MK,,,"Oct 10, 2019",,USA,"BMW of Kansas City South, Kansas CIty, US",,,,,,,,
475 - Black Sapphire Metallic,F97,LKHV - Adelaide Grey Extended Merino Leather,2020,5YMTS0C02L9B06379,,9B06379,2MK,,,"Oct 10, 2019",,USA,"BMW of Norwood, Norwood, US",,,,,,,,
A90 - Dark Graphite Metallic,F97,LKSW - Black Extended Merino Leather,2020,5YMTS0C00L9B06395,,9B06395,2MK,,,"Oct 10, 2019",,USA,"Orange County BMW, Harriman, US",,,,,,,,
C3G - Toronto Red Metallic,F97,VAEW - BMW Individual Ivory White Extended Merino Leather,2020,5YMTS0C06L9B06403,,9B06403,2MK,,,"Oct 10, 2019",,USA,"Apple BMW of York, York, US",,,,,,,,
300 - Alpine White,F97,LKDA - Sakhir Orange Extended Merino Leather,2020,5YMTS0C0XL9B06419,,9B06419,2MK,,,"Oct 10, 2019",,USA,"BMW of Roseville, Roseville, US",,,,,,,,
C1M - Phytonic Blue Metallic,F97,LKHV - Adelaide Grey Extended Merino Leather,2020,5YMTS0C08L9B06435,,9B06435,2MK,,,"Oct 10, 2019",,USA,"BMW of Fairfax, Fairfax, US",,,,,,,,
A90 - Dark Graphite Metallic,F97,MAOQ - Oyster Vernasca Leather,2020,5YMTS0C07L9B06443,,9B06443,2MK,,,"Oct 10, 2019",,USA,"BMW of Roseville, Roseville, US",,,,,,,,
A90 - Dark Graphite Metallic,F97,MAOQ - Oyster Vernasca Leather,2020,5YMTS0C00L9B06459,,9B06459,2MK,,,"Oct 10, 2019",,USA,"BMW of Gwinnett Place, Duluth, US",,,,,,,,
300 - Alpine White,F97,LKDA - Sakhir Orange Extended Merino Leather,2020,5YMTS0C0XL9B06467,,9B06467,2MK,,,"Oct 10, 2019",,USA,"BMW of Eugene, Eugene, US",,,,,,,,
C28 - Donington Grey Metallic,F97,LKDA - Sakhir Orange Extended Merino Leather,2020,5YMTS0C08L9B06483,,9B06483,2MK,,,"Oct 10, 2019",,USA,"BMW of Alexandria, Alexandria, US",,,,,,,,
A90 - Dark Graphite Metallic,F97,LKDA - Sakhir Orange Extended Merino Leather,2020,5YMTS0C01L9B06499,,9B06499,2MK,,,"Oct 10, 2019",,USA,"Crevier BMW, Santa Ana, US",,,,,,,,
300 - Alpine White,F97,LKSW - Black Extended Merino Leather,2020,5YMTS0C07L9B06507,,9B06507,2MK,,,"Oct 10, 2019",,USA,"BMW of Roseville, Roseville, US",,,,,,,,
A90 - Dark Graphite Metallic,F97,LKSW - Black Extended Merino Leather,2020,5YMTS0C06L9B06515,,9B06515,2MK,,,"Oct 10, 2019",,USA,"Century West BMW, North Hollywood, US",,,,,,,,
300 - Alpine White,F97,LKDA - Sakhir Orange Extended Merino Leather,2020,5YMTS0C04L9B06531,,9B06531,2MK,,,"Oct 10, 2019",,USA,"Crevier BMW, Santa Ana, US",,,,,,,,
C28 - Donington Grey Metallic,F97,LKHV - Adelaide Grey Extended Merino Leather,2020,5YMTS0C09L9B06539,,9B06539,2MK,,,"Oct 10, 2019",,USA,"BMW of Wichita Falls, Wichita Falls, US",,,,,,,,
300 - Alpine White,F97,VATQ - BMW Individual Tartufo Extended Merino Leather,2020,5YMTS0C08L9B06547,,9B06547,2MK,,,"Oct 10, 2019",,USA,"BMW of Mt. Laurel, Mount Laurel, US",,,,,,,,
A90 - Dark Graphite Metallic,F97,LKHV - Adelaide Grey Extended Merino Leather,2020,5YMTS0C06L9B06563,,9B06563,2MK,,,"Oct 10, 2019",,USA,"BMW of Mt. Laurel, Mount Laurel, US",,,,,,,,
475 - Black Sapphire Metallic,F97,LKSW - Black Extended Merino Leather,2020,5YMTS0C05L9B06571,,9B06571,2MK,,,"Oct 10, 2019",,USA,"Schomp BMW of Highlands Ranch, Highlands Ranch, US",,,,,,,,
475 - Black Sapphire Metallic,F97,HDJA - Black/Midrand Beige Two-Tone Merino Leather / Alcantara,2020,5YMTS0C09L9B06587,,9B06587,2MK,,,"Oct 10, 2019",,USA,"Elmhurst BMW, Elmhurst, US",,,,,,,,
C28 - Donington Grey Metallic,F97,LKSW - Black Extended Merino Leather,2020,5YMTS0C08L9B06595,,9B06595,2MK,,,"Oct 10, 2019",,USA,"BMW of Cape Cod, Hyannis, US",,,,,,,,
300 - Alpine White,F97,HDJA - Black/Midrand Beige Two-Tone Merino Leather / Alcantara,2020,5YMTS0C02L9B06611,,9B06611,2MK,,,"Oct 11, 2019",,USA,"BMW of Ridgefield, Ridgefield, US",,,,,,,,
475 - Black Sapphire Metallic,F97,HDJA - Black/Midrand Beige Two-Tone Merino Leather / Alcantara,2020,5YMTS0C07L9B06619,,9B06619,2MK,,,"Oct 11, 2019",,USA,"BMW of Springfield, Springfield, US",,,,,,,,
475 - Black Sapphire Metallic,F97,LKSW - Black Extended Merino Leather,2020,5YMTS0C06L9B06627,,9B06627,2MK,,,"Oct 11, 2019",,USA,"BMW of Florence, Florence, US",,,,,,,,
C3G - Toronto Red Metallic,F97,MAH7 - Black Vernasca Leather,2020,5YMTS0C04L9B06643,,9B06643,2MK,,,"Oct 11, 2019",,USA,"BMW of Fairfax, Fairfax, US",,,,,,,,
475 - Black Sapphire Metallic,F97,LKSW - Black Extended Merino Leather,2020,5YMTS0C03L9B06651,,9B06651,2MK,,,"Oct 11, 2019",,USA,"BMW Levis, Levis, CA",,,,,,,,
475 - Black Sapphire Metallic,F97,LKDA - Sakhir Orange Extended Merino Leather,2020,5YMTS0C08L9B06659,,9B06659,2MK,,,"Oct 11, 2019",,USA,"BMW Markham, Markham, CA",,,,,,,,
475 - Black Sapphire Metallic,F97,LKSW - Black Extended Merino Leather,2020,5YMTS0C06L9B06675,,9B06675,2MK,,,"Oct 11, 2019",,USA,"Policaro BMW, Brampton, CA",,,,,,,,
C28 - Donington Grey Metallic,F97,LKHV - Adelaide Grey Extended Merino Leather,2020,5YMTS0C04L9B06691,,9B06691,2MK,,,"Oct 11, 2019",,USA,"BMW of Shrewsbury, Shrewsbury, US",,,,,,,,
C3G - Toronto Red Metallic,F97,LKHV - Adelaide Grey Extended Merino Leather,2020,5YMTS0C04L9B06707,,9B06707,2MK,,,"Oct 11, 2019",,USA,"Elmhurst BMW, Elmhurst, US",,,,,,,,
C1M - Phytonic Blue Metallic,F97,VAEW - BMW Individual Ivory White Extended Merino Leather,2020,5YMTS0C03L9B06715,,9B06715,2MK,,,"Oct 11, 2019",,USA,"BMW of Wilmington, Wilmington, US",,,,,,,,
C28 - Donington Grey Metallic,F97,LKDA - Sakhir Orange Extended Merino Leather,2020,5YMTS0C01L9B06731,,9B06731,2MK,,,"Oct 11, 2019",,USA,"Bavarian Motor Cars GmbH, Würzburg, DE",,,,,,,,
A90 - Dark Graphite Metallic,F97,LKSW - Black Extended Merino Leather,2020,5YMTS0C06L9B06739,,9B06739,2MK,,,"Oct 11, 2019",,USA,"Policaro BMW, Brampton, CA",,,,,,,,
C3G - Toronto Red Metallic,F97,LKSW - Black Extended Merino Leather,2020,5YMTS0C0XL9B07649,,9B07649,2MK,,,"Oct 11, 2019",,USA,"Tulley BMW, Nashua, US",,,,,,,,
475 - Black Sapphire Metallic,F97,LKSW - Black Extended Merino Leather,2020,5YMTS0C07L9B07673,,9B07673,2MK,,,"Oct 11, 2019",,USA,"BMW of Lincoln, Lincoln, US",,,,,,,,
300 - Alpine White,F97,VATQ - BMW Individual Tartufo Extended Merino Leather,2020,5YMTS0C08L9B07682,,9B07682,2MK,,,"Oct 11, 2019",,USA,"BMW of Wichita, Wichita, US",,,,,,,,
475 - Black Sapphire Metallic,F97,LKHV - Adelaide Grey Extended Merino Leather,2020,5YMTS0C0XL9B07747,,9B07747,2MK,,,"Oct 11, 2019",,USA,"BMW West Island, Dorval, CA",,,,,,,,
C1M - Phytonic Blue Metallic,F97,LKDA - Sakhir Orange Extended Merino Leather,2020,5YMTS0C06L9B07812,,9B07812,2MK,,,"Oct 11, 2019",,USA,"Bavaria BMW, Edmonton, CA",,,,,,,,
300 - Alpine White,F97,MAH7 - Black Vernasca Leather,2020,5YMTS0C01L9B07877,,9B07877,2MK,,,"Oct 11, 2019",,USA,"BMW of Lafayette, Lafayette, US",,,,,,,,
C28 - Donington Grey Metallic,F97,LKDA - Sakhir Orange Extended Merino Leather,2020,5YMTS0C01L9B07894,,9B07894,2MK,,,"Oct 11, 2019",,USA,"Tom Bush BMW Jacksonville, Jacksonville, US",,,,,,,,
300 - Alpine White,F97,LKSW - Black Extended Merino Leather,2020,5YMTS0C0XL9B07943,,9B07943,2MK,,,"Oct 11, 2019",,USA,"New Country BMW, Hartford, US",,,,,,,,
475 - Black Sapphire Metallic,F97,MAH7 - Black Vernasca Leather,2020,5YMTS0C03L9B07959,,9B07959,2MK,,,"Oct 11, 2019",,USA,"BMW of Williamsport, Muncy, US",,,,,,,,
300 - Alpine White,F97,VATQ - BMW Individual Tartufo Extended Merino Leather,2020,5YMTS0C04L9B07999,,9B07999,2MK,,,"Oct 11, 2019",,USA,"BMW of Roseville, Roseville, US",,,,,,,,
475 - Black Sapphire Metallic,F97,VAEW - BMW Individual Ivory White Extended Merino Leather,2020,5YMTS0C09L9B08047,,9B08047,2MK,,,"Oct 11, 2019",,USA,"BMW North Scottsdale, Phoenix, US",,,,,,,,
475 - Black Sapphire Metallic,F97,HDJA - Black/Midrand Beige Two-Tone Merino Leather / Alcantara,2020,5YMTS0C05L9B08112,,9B08112,2MK,,,"Oct 11, 2019",,USA,"BMW of Rochester Hills, Shelby Township, US",,,,,,,,
475 - Black Sapphire Metallic,F97,LKSW - Black Extended Merino Leather,2020,5YMTS0C0XL9B08137,,9B08137,2MK,,,"Oct 11, 2019",,USA,"Valley BMW, Modesto, US",,,,,,,,
300 - Alpine White,F97,LKSW - Black Extended Merino Leather,2020,5YMTS0C01L9B08169,,9B08169,2MK,,,"Oct 12, 2019",,USA,"Autobahn Motorcars, Fort Worth, US",,,,,,,,
300 - Alpine White,F97,MAH7 - Black Vernasca Leather,2020,5YMTS0C0XL9B08185,,9B08185,2MK,,,"Oct 12, 2019",,USA,"BMW of Salem, Salem, US",,,,,,,,
300 - Alpine White,F97,LKSW - Black Extended Merino Leather,2020,5YMTS0C07L9B08192,,9B08192,2MK,,,"Oct 12, 2019",,USA,"BMW of The Woodlands, The Woodlands, US",,,,,,,,
300 - Alpine White,F97,VATQ - BMW Individual Tartufo Extended Merino Leather,2020,5YMTS0C09L9B08209,,9B08209,2MK,,,"Oct 12, 2019",,USA,"Sandia BMW/MINI, Albuquerque, US",,,,,,,,
475 - Black Sapphire Metallic,F97,LKDA - Sakhir Orange Extended Merino Leather,2020,5YMTS0C05L9B08224,,9B08224,2MK,,,"Oct 12, 2019",,USA,"BMW of Omaha/MINI of Omaha, Omaha, US",,,,,,,,
475 - Black Sapphire Metallic,F97,HDJA - Black/Midrand Beige Two-Tone Merino Leather / Alcantara,2020,5YMTS0C04L9B08232,,9B08232,2MK,,,"Oct 12, 2019",,USA,"BMW of Huntsville, Huntsville, US",,,,,,,,
475 - Black Sapphire Metallic,F97,LKSW - Black Extended Merino Leather,2020,5YMTS0C03L9B08254,,9B08254,2MK,,,"Oct 12, 2019",,USA,"Sharpe BMW, Grand Rapids, US",,,,,,,,
300 - Alpine White,F97,LKDA - Sakhir Orange Extended Merino Leather,2020,5YMTS0C01L9B08270,,9B08270,2MK,,,"Oct 12, 2019",,USA,"BMW Tucson, Tucson, US",,,,,,,,
475 - Black Sapphire Metallic,F97,HDJA - Black/Midrand Beige Two-Tone Merino Leather / Alcantara,2020,5YMTS0C07L9B08287,,9B08287,2MK,,,"Oct 12, 2019",,USA,"McKenna BMW, Norwalk, US",,,,,,,,
300 - Alpine White,F97,LKDA - Sakhir Orange Extended Merino Leather,2020,5YMTS0C06L9B08295,,9B08295,2MK,,,"Oct 12, 2019",,USA,"McKenna BMW, Norwalk, US",,,,,,,,
300 - Alpine White,F97,VATQ - BMW Individual Tartufo Extended Merino Leather,2020,5YMTS0C01L9B08303,,9B08303,2MK,,,"Oct 12, 2019",,USA,"Braman Motorcars/Braman MINI of Pal, West Palm Beach, US",,,,,,,,
475 - Black Sapphire Metallic,F97,LKSW - Black Extended Merino Leather,2020,5YMTS0C00L9B08311,,9B08311,2MK,,,"Oct 12, 2019",,USA,"Braman Motorcars/Braman MINI of Pal, West Palm Beach, US",,,,,,,,
475 - Black Sapphire Metallic,F97,LKDA - Sakhir Orange Extended Merino Leather,2020,5YMTS0C06L9B08328,,9B08328,2MK,,,"Oct 12, 2019",,USA,"BMW of the Main Line, Bala Cynwyd, US",,,,,,,,
300 - Alpine White,F97,LKDA - Sakhir Orange Extended Merino Leather,2020,5YMTS0C04L9B08408,,9B08408,2MK,,,"Oct 12, 2019",,USA,"Flemington BMW, Flemington, US",,,,,,,,
475 - Black Sapphire Metallic,F97,LKHV - Adelaide Grey Extended Merino Leather,2020,5YMTS0C02L9B08424,,9B08424,2MK,,,"Oct 12, 2019",,USA,"BMW of Lancaster, Lancaster, US",,,,,,,,
C28 - Donington Grey Metallic,F97,LKSW - Black Extended Merino Leather,2020,5YMTS0C00L9B08440,,9B08440,2MK,,,"Oct 12, 2019",,USA,"BMW of Monterey, Seaside, US",,,,,,,,
300 - Alpine White,F97,LKDA - Sakhir Orange Extended Merino Leather,2020,5YMTS0C03L9B08464,,9B08464,2MK,,,"Oct 12, 2019",,USA,"Valley Auto World, Inc., Fayetteville, US",,,,,,,,
475 - Black Sapphire Metallic,F97,LKDA - Sakhir Orange Extended Merino Leather,2020,5YMTS0C01L9B08480,,9B08480,2MK,,,"Oct 12, 2019",,USA,"I. G. Burton BMW, Milford, US",,,,,,,,
C28 - Donington Grey Metallic,F97,LKSW - Black Extended Merino Leather,2020,5YMTS0C06L9B08488,,9B08488,2MK,,,"Oct 12, 2019",,USA,"BMW of Schererville, Schererville, US",,,,,,,,
475 - Black Sapphire Metallic,F97,LKDA - Sakhir Orange Extended Merino Leather,2020,5YMTS0C00L9B08504,,9B08504,2MK,,,"Oct 12, 2019",,USA,"BMW of Wilmington, Wilmington, US",,,,,,,,
C28 - Donington Grey Metallic,F97,LKSW - Black Extended Merino Leather,2020,5YMTS0C09L9B08520,,9B08520,2MK,,,"Oct 12, 2019",,USA,"BMW of Peoria, Peoria, US",,,,,,,,
475 - Black Sapphire Metallic,F97,LKSW - Black Extended Merino Leather,2020,5YMTS0C03L9B08528,,9B08528,2MK,,,"Oct 12, 2019",,USA,"BMW of Tri-Cities, Richland, US",,,,,,,,
475 - Black Sapphire Metallic,F97,MAH7 - Black Vernasca Leather,2020,5YMTS0C01L9B08544,,9B08544,2MK,,,"Oct 12, 2019",,USA,"Fields BMW, Winter Park, US",,,,,,,,
300 - Alpine White,F97,LKDA - Sakhir Orange Extended Merino Leather,2020,5YMTS0C0XL9B08560,,9B08560,2MK,,,"Oct 12, 2019",,USA,"Classic BMW, Plano, US",,,,,,,,
C1M - Phytonic Blue Metallic,F97,MAOQ - Oyster Vernasca Leather,2020,5YMTS0C04L9B08568,,9B08568,2MK,,,"Oct 12, 2019",,USA,"BMW of Gwinnett Place, Duluth, US",,,,,,,,
475 - Black Sapphire Metallic,F97,LKSW - Black Extended Merino Leather,2020,5YMTS0C02L9B08584,,9B08584,2MK,,,"Oct 12, 2019",,USA,"BMW of Akron, Akron, US",,,,,,,,
475 - Black Sapphire Metallic,F97,LKSW - Black Extended Merino Leather,2020,5YMTS0C01L9B08592,,9B08592,2MK,,,"Oct 12, 2019",,USA,"Perillo BMW, Inc., Chicago, US",,,,,,,,
C28 - Donington Grey Metallic,F97,LKDA - Sakhir Orange Extended Merino Leather,2020,5YMTS0C01L9B08608,,9B08608,2MK,,,"Oct 12, 2019",,USA,"Braman BMW/Braman MINI of Miami, Miami, US",,,,,,,,
C28 - Donington Grey Metallic,F97,LKSW - Black Extended Merino Leather,2020,5YMTS0C00L9B08616,,9B08616,2MK,,,"Oct 13, 2019",,USA,"BMW of Westbrook, Westbrook, US",,,,,,,,
475 - Black Sapphire Metallic,F97,MAH7 - Black Vernasca Leather,2020,5YMTS0C09L9B09537,,9B09537,2MK,,,"Oct 13, 2019",,USA,"BMW of Asheville, Arden, US",,,,,,,,
300 - Alpine White,F97,LKHV - Adelaide Grey Extended Merino Leather,2020,5YMTS0C06L9B09561,,9B09561,2MK,,,"Oct 13, 2019",,USA,"Baron BMW/MINI, Merriam, US",,,,,,,,
A90 - Dark Graphite Metallic,F97,VAEW - BMW Individual Ivory White Extended Merino Leather,2020,5YMTS0C00L9B09636,,9B09636,2MK,,,"Oct 13, 2019",,USA,"Arrowhead BMW, Glendale, US",,,,,,,,
300 - Alpine White,F97,LKDA - Sakhir Orange Extended Merino Leather,2020,5YMTS0C02L9B09685,,9B09685,2MK,,,"Oct 15, 2019",,USA,"BMW of Springfield, Springfield, US",,,,,,,,
C28 - Donington Grey Metallic,F97,VATQ - BMW Individual Tartufo Extended Merino Leather,2020,5YMTS0C01L9B09693,,9B09693,2MK,,,"Oct 14, 2019",,USA,"Tulley BMW, Nashua, US",,,,,,,,
A90 - Dark Graphite Metallic,F97,LKDA - Sakhir Orange Extended Merino Leather,2020,5YMTS0C07L9B09701,,9B09701,2MK,,,"Oct 14, 2019",,USA,"Open Road BMW, Edison, US",,,,,,,,
A90 - Dark Graphite Metallic,F97,LKSW - Black Extended Merino Leather,2020,5YMTS0C00L9B09717,,9B09717,2MK,,,"Oct 14, 2019",,USA,"BMW of Louisville, Louisville, US",,,,,,,,
C28 - Donington Grey Metallic,F97,HDJA - Black/Midrand Beige Two-Tone Merino Leather / Alcantara,2020,5YMTS0C09L9B09733,,9B09733,2MK,,,"Oct 14, 2019",,USA,"BMW of Riverside, Riverside, US",,,,,,,,
C3G - Toronto Red Metallic,F97,LKHV - Adelaide Grey Extended Merino Leather,2020,5YMTS0C02L9B09783,,9B09783,2MK,,,"Oct 14, 2019",,USA,"Kelly BMW, Columbus, US",,,,,,,,
C28 - Donington Grey Metallic,F97,LKSW - Black Extended Merino Leather,2020,5YMTS0C0XL9B09790,,9B09790,2MK,,,"Oct 14, 2019",,USA,"BMW of Tulsa, Tulsa, US",,,,,,,,
C28 - Donington Grey Metallic,F97,LKDA - Sakhir Orange Extended Merino Leather,2020,5YMTS0C04L9B09798,,9B09798,2MK,,,"Oct 14, 2019",,USA,"BMW of Springfield, Springfield, US",,,,,,,,
C28 - Donington Grey Metallic,F97,LKSW - Black Extended Merino Leather,2020,5YMTS0C0XL9B09806,,9B09806,2MK,,,"Oct 14, 2019",,USA,"BMW OF NORTH AMERICA, Montvale, US",,,,,,,,
C28 - Donington Grey Metallic,F97,LKSW - Black Extended Merino Leather,2020,5YMTS0C09L9B09814,,9B09814,2MK,,,"Oct 14, 2019",,USA,"BMW of Raleigh, Raleigh, US",,,,,,,,
475 - Black Sapphire Metallic,F97,LKHV - Adelaide Grey Extended Merino Leather,2020,5YMTS0C07L9B09830,,9B09830,2MK,,,"Oct 14, 2019",,USA,"BMW of Peabody, Peabody, US",,,,,,,,
C1M - Phytonic Blue Metallic,F97,VATQ - BMW Individual Tartufo Extended Merino Leather,2020,5YMTS0C01L9B09838,,9B09838,2MK,,,"Oct 14, 2019",,USA,"BMW of Charlottesville, Charlottesville, US",,,,,,,,
475 - Black Sapphire Metallic,F97,MAH7 - Black Vernasca Leather,2020,5YMTS0C00L9B09846,,9B09846,2MK,,,"Oct 14, 2019",,USA,"BMW of Dallas/MINI of Dallas, Dallas, US",,,,,,,,
C28 - Donington Grey Metallic,F97,LKSW - Black Extended Merino Leather,2020,5YMTS0C09L9B09862,,9B09862,2MK,,,"Oct 14, 2019",,USA,"Herb Chambers BMW, Charlestown, US",,,,,,,,
C28 - Donington Grey Metallic,F97,MAH7 - Black Vernasca Leather,2020,5YMTS0C08L9B09870,,9B09870,2MK,,,"Oct 14, 2019",,USA,"BMW of Lancaster, Lancaster, US",,,,,,,,
300 - Alpine White,F97,LKSW - Black Extended Merino Leather,2020,5YMTS0C02L9B09878,,9B09878,2MK,,,"Oct 14, 2019",,USA,"A & L BMW, Monroeville, US",,,,,,,,
C28 - Donington Grey Metallic,F97,MAH7 - Black Vernasca Leather,2020,5YMTS0C00L9B09894,,9B09894,2MK,,,"Oct 14, 2019",,USA,"Herb Chambers BMW, Charlestown, US",,,,,,,,
C28 - Donington Grey Metallic,F97,LKSW - Black Extended Merino Leather,2020,5YMTS0C05L9B09910,,9B09910,2MK,,,"Oct 14, 2019",,USA,"BMW of Fairfax, Fairfax, US",,,,,,,,
475 - Black Sapphire Metallic,F97,HDJA - Black/Midrand Beige Two-Tone Merino Leather / Alcantara,2020,5YMTS0C00L9B09927,,9B09927,2MK,,,"Oct 14, 2019",,USA,"BMW of Charlottesville, Charlottesville, US",,,,,,,,
C28 - Donington Grey Metallic,F97,LKHV - Adelaide Grey Extended Merino Leather,2020,5YMTS0C08L9B09951,,9B09951,2MK,,,"Oct 14, 2019",,USA,"BMW of South Austin, Austin, US",,,,,,,,
475 - Black Sapphire Metallic,F97,LKSW - Black Extended Merino Leather,2020,5YMTS0C02L9B09959,,9B09959,2MK,,,"Oct 14, 2019",,USA,"Auto West BMW, Richmond, CA",,,,,,,,
C28 - Donington Grey Metallic,F97,HDJA - Black/Midrand Beige Two-Tone Merino Leather / Alcantara,2020,5YMTS0C00L9B09975,,9B09975,2MK,,,"Oct 14, 2019",,USA,"BMW Levis, Levis, CA",,,,,,,,
C28 - Donington Grey Metallic,F97,LKHV - Adelaide Grey Extended Merino Leather,2020,5YMTS0C09L9B09991,,9B09991,2MK,,,"Oct 14, 2019",,USA,"Brian Jessel BMW, Vancouver, CA",,,,,,,,
C28 - Donington Grey Metallic,F97,LKDA - Sakhir Orange Extended Merino Leather,2020,5YMTS0C03L9B09999,,9B09999,2MK,,,"Oct 14, 2019",,USA,"Calgary BMW, Calgary, CA",,,,,,,,
C28 - Donington Grey Metallic,F97,LKSW - Black Extended Merino Leather,2020,5YMTS0C07L9B10007,,9B10007,2MK,,,"Oct 14, 2019",,USA,"BMW Autohaus, Thornhill, CA",,,,,,,,
C28 - Donington Grey Metallic,F97,LKDA - Sakhir Orange Extended Merino Leather,2020,5YMTS0C09L9B10039,,9B10039,2MK,,,"Oct 14, 2019",,USA,"Parkview BMW, North York, CA",,,,,,,,
475 - Black Sapphire Metallic,F97,LKSW - Black Extended Merino Leather,2020,5YMTS0C04L9B10112,,9B10112,2MK,,,"Oct 14, 2019",,USA,"BMW West Island, Dorval, CA",,,,,,,,
300 - Alpine White,F97,LKHV - Adelaide Grey Extended Merino Leather,2020,5YMTS0C08L9B10128,,9B10128,2MK,,,"Oct 14, 2019",,USA,"BMW Brossard, Brossard, CA",,,,,,,,
300 - Alpine White,F97,LKSW - Black Extended Merino Leather,2020,5YMTS0C09L9B11983,,9B11983,2MK,,,"Oct 14, 2019",,USA,"BMW of Houston North, Houston, US",,,,,,,,
300 - Alpine White,F97,MAOQ - Oyster Vernasca Leather,2020,5YMTS0C08L9B11991,,9B11991,2MK,,,"Oct 14, 2019",,USA,"Autobahn Motorcars, Fort Worth, US",,,,,,,,
C28 - Donington Grey Metallic,F97,VATQ - BMW Individual Tartufo Extended Merino Leather,2020,5YMTS0C06L9B12007,,9B12007,2MK,,,"Oct 14, 2019",,USA,"Moses BMW, St. Albans, US",,,,,,,,
300 - Alpine White,F97,LKDA - Sakhir Orange Extended Merino Leather,2020,5YMTS0C04L9B12023,,9B12023,2MK,,,"Oct 14, 2019",,USA,"Passport BMW, Suitland, US",,,,,,,,
300 - Alpine White,F97,LKHV - Adelaide Grey Extended Merino Leather,2020,5YMTS0C07L9B12047,,9B12047,2MK,,,"Oct 14, 2019",,USA,"BMW of Palm Springs, Palm Springs, US",,,,,,,,
C28 - Donington Grey Metallic,F97,LKSW - Black Extended Merino Leather,2020,5YMTS0C09L9B12079,,9B12079,2MK,,,"Oct 14, 2019",,USA,"Open Road BMW, Edison, US",,,,,,,,
C3G - Toronto Red Metallic,F97,VAEW - BMW Individual Ivory White Extended Merino Leather,2020,5YMTS0C09L9B12096,,9B12096,2MK,,,"Oct 14, 2019",,USA,"Open Road BMW, Edison, US",,,,,,,,
C28 - Donington Grey Metallic,F97,LKSW - Black Extended Merino Leather,2020,5YMTS0C04L9B12104,,9B12104,2MK,,,"Oct 14, 2019",,USA,"Bill Jacobs BMW/MINI, Naperville, US",,,,,,,,
C28 - Donington Grey Metallic,F97,LKHV - Adelaide Grey Extended Merino Leather,2020,5YMTS0C02L9B12120,,9B12120,2MK,,,"Oct 15, 2019",,USA,"Global Imports BMW, Atlanta, US",,,,,,,,
C3G - Toronto Red Metallic,F97,LKHV - Adelaide Grey Extended Merino Leather,2020,5YMTS0C07L9B12128,,9B12128,2MK,,,"Oct 15, 2019",,USA,"Union Park BMW, Wilmington, US",,,,,,,,
,F97,MAH7 - Black Vernasca Leather,2020,5YMTS0C06L9B12153,,9B12153,2MK,,,"Oct 15, 2019",,USA,"Ferman BMW/Ferman MINI of Tampa Bay, Palm Harbor, US",,,,,,,,
C3G - Toronto Red Metallic,F97,LKSW - Black Extended Merino Leather,2020,5YMTS0C05L9B12161,,9B12161,2MK,,,"Oct 15, 2019",,USA,"BMW of Freeport, Freeport, US",,,,,,,,
C28 - Donington Grey Metallic,F97,HDJA - Black/Midrand Beige Two-Tone Merino Leather / Alcantara,2020,5YMTS0C09L9B12177,,9B12177,2MK,,,"Oct 15, 2019",,USA,"Autogermana, Inc., Hato Rey, US",,,,,,,,
C3G - Toronto Red Metallic,F97,LKHV - Adelaide Grey Extended Merino Leather,2020,5YMTS0C07L9B12193,,9B12193,2MK,,,"Oct 15, 2019",,USA,"Autogermana, Inc., Hato Rey, US",,,,,,,,
C28 - Donington Grey Metallic,F97,VAEW - BMW Individual Ivory White Extended Merino Leather,2020,5YMTS0C02L9B12201,,9B12201,2MK,,,"Oct 15, 2019",,USA,"Braman Motorcars/Braman MINI of Pal, West Palm Beach, US",,,,,,,,
C3G - Toronto Red Metallic,F97,LKSW - Black Extended Merino Leather,2020,5YMTS0C07L9B12209,,9B12209,2MK,,,"Oct 15, 2019",,USA,"BMW of Gainesville, Gainesville, US",,,,,,,,
C28 - Donington Grey Metallic,F97,LKSW - Black Extended Merino Leather,2020,5YMTS0C07L9B12226,,9B12226,2MK,,,"Oct 15, 2019",,USA,"BMW of Gainesville, Gainesville, US",,,,,,,,
C28 - Donington Grey Metallic,F97,LKDA - Sakhir Orange Extended Merino Leather,2020,5YMTS0C05L9B12242,,9B12242,2MK,,,"Oct 15, 2019",,USA,"Steve Thomas BMW, Camarillo, US",,,,,,,,
C28 - Donington Grey Metallic,F97,MAOQ - Oyster Vernasca Leather,2020,5YMTS0C04L9B12250,,9B12250,2MK,,,"Oct 15, 2019",,USA,"Hilton Head BMW, Bluffton, US",,,,,,,,
C28 - Donington Grey Metallic,F97,LKSW - Black Extended Merino Leather,2020,5YMTS0C07L9B12274,,9B12274,2MK,,,"Oct 15, 2019",,USA,"Tulley BMW, Nashua, US",,,,,,,,
C28 - Donington Grey Metallic,F97,LKHV - Adelaide Grey Extended Merino Leather,2020,5YMTS0C01L9B12299,,9B12299,2MK,,,"Oct 15, 2019",,USA,"Winslow BMW of Colorado Springs, Colorado Springs, US",,,,,,,,
C28 - Donington Grey Metallic,F97,VAEW - BMW Individual Ivory White Extended Merino Leather,2020,5YMTS0C07L9B12307,,9B12307,2MK,,,"Oct 15, 2019",,USA,"BMW of Raleigh, Raleigh, US",,,,,,,,
C28 - Donington Grey Metallic,F97,MAH7 - Black Vernasca Leather,2020,5YMTS0C04L9B12331,,9B12331,2MK,,,"Oct 15, 2019",,USA,"BMW of Milwaukee North, Milwaukee, US",,,,,,,,
C28 - Donington Grey Metallic,F97,LKHV - Adelaide Grey Extended Merino Leather,2020,5YMTS0C08L9B12347,,9B12347,2MK,,,"Oct 15, 2019",,USA,"Herb Chambers BMW, Charlestown, US",,,,,,,,
475 - Black Sapphire Metallic,F97,LKSW - Black Extended Merino Leather,2020,5YMTS0C07L9B12372,,9B12372,2MK,,,"Oct 15, 2019",,USA,"BMW of Kansas City South, Kansas CIty, US",,,,,,,,
475 - Black Sapphire Metallic,F97,LKSW - Black Extended Merino Leather,2020,5YMTS0C06L9B12380,,9B12380,2MK,,,"Oct 15, 2019",,USA,"BMW of West St. Louis, Manchester, US",,,,,,,,
C3G - Toronto Red Metallic,F97,LKSW - Black Extended Merino Leather,2020,5YMTS0C07L9B14445,,9B14445,2MK,,,"Oct 15, 2019",,USA,"BMW of Raleigh, Raleigh, US",,,,,,,,
300 - Alpine White,F97,LKDA - Sakhir Orange Extended Merino Leather,2020,5YMTS0C0XL9B14469,,9B14469,2MK,,,"Oct 15, 2019",,USA,"BMW of Ramsey, Ramsey, US",,,,,,,,
300 - Alpine White,F97,VATQ - BMW Individual Tartufo Extended Merino Leather,2020,5YMTS0C09L9B14494,,9B14494,2MK,,,"Oct 15, 2019",,USA,"Tom Bush BMW Jacksonville, Jacksonville, US",,,,,,,,
300 - Alpine White,F97,LKSW - Black Extended Merino Leather,2020,5YMTS0C04L9B14502,,9B14502,2MK,,,"Oct 15, 2019",,USA,"Global Imports BMW, Atlanta, US",,,,,,,,
300 - Alpine White,F97,LKSW - Black Extended Merino Leather,2020,5YMTS0C06L9B14551,,9B14551,2MK,,,"Oct 15, 2019",,USA,"BMW of Akron, Akron, US",,,,,,,,
C3G - Toronto Red Metallic,F97,VATQ - BMW Individual Tartufo Extended Merino Leather,2020,5YMTS0C00L9B14559,,9B14559,2MK,,,"Oct 15, 2019",,USA,"Moses BMW, St. Albans, US",,,,,,,,
C3G - Toronto Red Metallic,F97,LKHV - Adelaide Grey Extended Merino Leather,2020,5YMTS0C0XL9B14567,,9B14567,2MK,,,"Oct 15, 2019",,USA,"BMW Ville de Quebec, Quebec City, CA",,,,,,,,
C28 - Donington Grey Metallic,F97,VATQ - BMW Individual Tartufo Extended Merino Leather,2020,5YMTS0C08L9B14583,,9B14583,2MK,,,"Oct 15, 2019",,USA,"Braman BMW/Braman MINI of Miami, Miami, US",,,,,,,,
300 - Alpine White,F97,LKDA - Sakhir Orange Extended Merino Leather,2020,5YMTS0C08L9B14616,,9B14616,2MK,,,"Oct 16, 2019",,USA,"Autogermana, Inc., Hato Rey, US",,,,,,,,
C28 - Donington Grey Metallic,F97,LKHV - Adelaide Grey Extended Merino Leather,2020,5YMTS0C06L9B14632,,9B14632,2MK,,,"Oct 16, 2019",,USA,"Braman Motorcars/Braman MINI of Pal, West Palm Beach, US",,,,,,,,
300 - Alpine White,F97,LKSW - Black Extended Merino Leather,2020,5YMTS0C01L9B14649,,9B14649,2MK,,,"Oct 16, 2019",,USA,"Braman BMW/Braman MINI of Miami, Miami, US",,,,,,,,
C3G - Toronto Red Metallic,F97,LKHV - Adelaide Grey Extended Merino Leather,2020,5YMTS0C00L9B14657,,9B14657,2MK,,,"Oct 16, 2019",,USA,"Hilton Head BMW, Bluffton, US",,,,,,,,
C3G - Toronto Red Metallic,F97,LKSW - Black Extended Merino Leather,2020,5YMTS0C0XL9B14665,,9B14665,2MK,,,"Oct 16, 2019",,USA,"BMW Fresno, Fresno, US",,,,,,,,
300 - Alpine White,F97,LKSW - Black Extended Merino Leather,2020,5YMTS0C08L9B14681,,9B14681,2MK,,,"Oct 16, 2019",,USA,"Steve Thomas BMW, Camarillo, US",,,,,,,,
300 - Alpine White,F97,LKSW - Black Extended Merino Leather,2020,5YMTS0C01L9B14697,,9B14697,2MK,,,"Oct 16, 2019",,USA,"BMW of Newton, Newton, US",,,,,,,,
300 - Alpine White,F97,LKSW - Black Extended Merino Leather,2020,5YMTS0C07L9B14705,,9B14705,2MK,,,"Oct 16, 2019",,USA,"BMW of Springfield, Springfield, US",,,,,,,,
C3G - Toronto Red Metallic,F97,LKHV - Adelaide Grey Extended Merino Leather,2020,5YMTS0C05L9B14721,,9B14721,2MK,,,"Oct 16, 2019",,USA,"BMW of Barrington, Barrington, US",,,,,,,,
C3G - Toronto Red Metallic,F97,VAEW - BMW Individual Ivory White Extended Merino Leather,2020,5YMTS0C06L9B14730,,9B14730,2MK,,,"Oct 16, 2019",,USA,"BMW of Devon, Devon, US",,,,,,,,
C3G - Toronto Red Metallic,F97,LKSW - Black Extended Merino Leather,2020,5YMTS0C00L9B14738,,9B14738,2MK,,,"Oct 16, 2019",,USA,"Niello BMW Sacramento, Sacramento, US",,,,,,,,
C3G - Toronto Red Metallic,F97,LKSW - Black Extended Merino Leather,2020,5YMTS0C09L9B14754,,9B14754,2MK,,,"Oct 16, 2019",,USA,"BMW of Reading, Reading, US",,,,,,,,
475 - Black Sapphire Metallic,F97,LKSW - Black Extended Merino Leather,2020,5YMTS0C07L9B14770,,9B14770,2MK,,,"Oct 16, 2019",,USA,"BMW of Wichita, Wichita, US",,,,,,,,
475 - Black Sapphire Metallic,F97,LKSW - Black Extended Merino Leather,2020,5YMTS0C00L9B14786,,9B14786,2MK,,,"Oct 16, 2019",,USA,"BMW of Sioux Falls, Sioux Falls, US",,,,,,,,
475 - Black Sapphire Metallic,F97,LKSW - Black Extended Merino Leather,2020,5YMTS0C07L9B14803,,9B14803,2MK,,,"Oct 16, 2019",,USA,"Dubuque BMW, Dubuque, US",,,,,,,,
475 - Black Sapphire Metallic,F97,LKSW - Black Extended Merino Leather,2020,5YMTS0C09L9B14835,,9B14835,2MK,,,"Oct 16, 2019",,USA,"BMW of North Liberty, North Liberty, US",,,,,,,,
475 - Black Sapphire Metallic,F97,VATQ - BMW Individual Tartufo Extended Merino Leather,2020,5YMTS0C09L9B14852,,9B14852,2MK,,,"Oct 16, 2019",,USA,"BMW of Peabody, Peabody, US",,,,,,,,
475 - Black Sapphire Metallic,F97,LKSW - Black Extended Merino Leather,2020,5YMTS0C08L9B14860,,9B14860,2MK,,,"Oct 16, 2019",,USA,"BMW of Stratham, Stratham, US",,,,,,,,
C3G - Toronto Red Metallic,F97,LKHV - Adelaide Grey Extended Merino Leather,2020,5YMTS0C02L9B14868,,9B14868,2MK,,,"Oct 16, 2019",,USA,"BMW Encinitas, Encinitas, US",,,,,,,,
C3G - Toronto Red Metallic,F97,MAH7 - Black Vernasca Leather,2020,5YMTS0C01L9B14876,,9B14876,2MK,,,"Oct 16, 2019",,USA,"BMW of Morristown, Morristown, US",,,,,,,,
475 - Black Sapphire Metallic,F97,LKSW - Black Extended Merino Leather,2020,5YMTS0C05L9B14900,,9B14900,2MK,,,"Oct 16, 2019",,USA,"BMW of Omaha/MINI of Omaha, Omaha, US",,,,,,,,
475 - Black Sapphire Metallic,F97,LKHV - Adelaide Grey Extended Merino Leather,2020,5YMTS0C08L9B16575,,9B16575,2MK,,,"Oct 16, 2019",,USA,"Tom Bush BMW Jacksonville, Jacksonville, US",,,,,,,,
C28 - Donington Grey Metallic,F97,MAH7 - Black Vernasca Leather,2020,5YMTS0C06L9B16607,,9B16607,2MK,,,"Oct 16, 2019",,USA,"Dreyer & Reinbold BMW/MINI, Indianapolis, US",,,,,,,,
A90 - Dark Graphite Metallic,F97,HDJA - Black/Midrand Beige Two-Tone Merino Leather / Alcantara,2020,5YMTS0C05L9B16615,,9B16615,2MK,,,"Oct 16, 2019",,USA,"Competition BMW of Smithtown, Saint James, US",,,,,,,,
C1M - Phytonic Blue Metallic,F97,MAOQ - Oyster Vernasca Leather,2020,5YMTS0C05L9B16632,,9B16632,2MK,,,"Oct 16, 2019",,USA,"Germain BMW of Naples, Naples, US",,,,,,,,
475 - Black Sapphire Metallic,F97,LKDA - Sakhir Orange Extended Merino Leather,2020,5YMTS0C06L9B16641,,9B16641,2MK,,,"Oct 16, 2019",,USA,"BMW of Freeport, Freeport, US",,,,,,,,
475 - Black Sapphire Metallic,F97,LKHV - Adelaide Grey Extended Merino Leather,2020,5YMTS0C07L9B16650,,9B16650,2MK,,,"Oct 16, 2019",,USA,"BMW of Freeport, Freeport, US",,,,,,,,
A90 - Dark Graphite Metallic,F97,MAH7 - Black Vernasca Leather,2020,5YMTS0C04L9B16668,,9B16668,2MK,,,"Oct 16, 2019",,USA,"BMW of Springfield, Springfield, US",,,,,,,,
A90 - Dark Graphite Metallic,F97,LKDA - Sakhir Orange Extended Merino Leather,2020,5YMTS0C05L9B16677,,9B16677,2MK,,,"Oct 16, 2019",,USA,"Center BMW, Sherman Oaks, US",,,,,,,,
C28 - Donington Grey Metallic,F97,HDJA - Black/Midrand Beige Two-Tone Merino Leather / Alcantara,2020,5YMTS0C09L9B16701,,9B16701,2MK,,,"Oct 16, 2019",,USA,"Classic BMW, Plano, US",,,,,,,,
300 - Alpine White,F97,LKDA - Sakhir Orange Extended Merino Leather,2020,5YMTS0C03L9B16709,,9B16709,2MK,,,"Oct 16, 2019",,USA,"Baron BMW/MINI, Merriam, US",,,,,,,,
C3G - Toronto Red Metallic,F97,HDJA - Black/Midrand Beige Two-Tone Merino Leather / Alcantara,2020,5YMTS0C02L9B16717,,9B16717,2MK,,,"Oct 16, 2019",,USA,"BMW of San Antonio/MINI of San Anto, San Antonio, US",,,,,,,,
C28 - Donington Grey Metallic,F97,VATQ - BMW Individual Tartufo Extended Merino Leather,2020,5YMTS0C01L9B16725,,9B16725,2MK,,,"Oct 16, 2019",,USA,"BMW Portland, Portland, US",,,,,,,,
300 - Alpine White,F97,LKSW - Black Extended Merino Leather,2020,5YMTS0C0XL9B16741,,9B16741,2MK,,,"Oct 17, 2019",,USA,"BMW of West Houston, Houston, US",,,,,,,,
A90 - Dark Graphite Metallic,F97,LKDA - Sakhir Orange Extended Merino Leather,2020,5YMTS0C03L9B16757,,9B16757,2MK,,,"Oct 17, 2019",,USA,"Ferman BMW/Ferman MINI of Tampa Bay, Palm Harbor, US",,,,,,,,
475 - Black Sapphire Metallic,F97,LKHV - Adelaide Grey Extended Merino Leather,2020,5YMTS0C01L9B16773,,9B16773,2MK,,,"Oct 17, 2019",,USA,"Nalley BMW of Decatur, Decatur, US",,,,,,,,
300 - Alpine White,F97,LKHV - Adelaide Grey Extended Merino Leather,2020,5YMTS0C04L9B16797,,9B16797,2MK,,,"Oct 17, 2019",,USA,"Moses BMW, St. Albans, US",,,,,,,,
475 - Black Sapphire Metallic,F97,LKSW - Black Extended Merino Leather,2020,5YMTS0C09L9B16813,,9B16813,2MK,,,"Oct 17, 2019",,USA,"Coggin BMW Treasure Coast, Fort Pierce, US",,,,,,,,
300 - Alpine White,F97,LKSW - Black Extended Merino Leather,2020,5YMTS0C00L9B16845,,9B16845,2MK,,,"Oct 17, 2019",,USA,"BMW of Westchester, White Plains, US",,,,,,,,
A90 - Dark Graphite Metallic,F97,MAOQ - Oyster Vernasca Leather,2020,5YMTS0C09L9B16861,,9B16861,2MK,,,"Oct 17, 2019",,USA,"Baron BMW/MINI, Merriam, US",,,,,,,,
C3G - Toronto Red Metallic,F97,LKSW - Black Extended Merino Leather,2020,5YMTS0C02L9B16877,,9B16877,2MK,,,"Oct 17, 2019",,USA,"Co's BMW Center, Loveland, US",,,,,,,,
A90 - Dark Graphite Metallic,F97,LKSW - Black Extended Merino Leather,2020,5YMTS0C00L9B16893,,9B16893,2MK,,,"Oct 17, 2019",,USA,"Baron BMW/MINI, Merriam, US",,,,,,,,
475 - Black Sapphire Metallic,F97,VATQ - BMW Individual Tartufo Extended Merino Leather,2020,5YMTS0C00L9B16909,,9B16909,2MK,,,"Oct 17, 2019",,USA,"New Country BMW, Hartford, US",,,,,,,,
C1M - Phytonic Blue Metallic,F97,VATQ - BMW Individual Tartufo Extended Merino Leather,2020,5YMTS0C09L9B16925,,9B16925,2MK,,,"Oct 17, 2019",,USA,"BMW of South Albany, Glenmont, US",,,,,,,,
475 - Black Sapphire Metallic,F97,LKSW - Black Extended Merino Leather,2020,5YMTS0C07L9B16941,,9B16941,2MK,,,"Oct 17, 2019",,USA,"Global Imports BMW, Atlanta, US",,,,,,,,
475 - Black Sapphire Metallic,F97,LKHV - Adelaide Grey Extended Merino Leather,2020,5YMTS0C01L9B16949,,9B16949,2MK,,,"Oct 17, 2019",,USA,"Stevens Creek BMW, Santa Clara, US",,,,,,,,
300 - Alpine White,F97,LKDA - Sakhir Orange Extended Merino Leather,2020,5YMTS0C0XL9B16965,,9B16965,2MK,,,"Oct 17, 2019",,USA,"BMW of Raleigh, Raleigh, US",,,,,,,,
C28 - Donington Grey Metallic,F97,HDJA - Black/Midrand Beige Two-Tone Merino Leather / Alcantara,2020,5YMTS0C08L9B16981,,9B16981,2MK,,,"Oct 17, 2019",,USA,"Crown BMW, Greensboro, US",,,,,,,,
300 - Alpine White,F97,HDJA - Black/Midrand Beige Two-Tone Merino Leather / Alcantara,2020,5YMTS0C01L9B16997,,9B16997,2MK,,,"Oct 17, 2019",,USA,"Irvine BMW, Irvine, US",,,,,,,,
300 - Alpine White,F97,MAOQ - Oyster Vernasca Leather,2020,5YMTS0C07L9B17006,,9B17006,2MK,,,"Oct 17, 2019",,USA,"BMW of Denver Downtown, Denver, US",,,,,,,,
C1M - Phytonic Blue Metallic,F97,LKDA - Sakhir Orange Extended Merino Leather,2020,5YMTS0C06L9B17014,,9B17014,2MK,,,"Oct 17, 2019",,USA,"BMW of Sterling, Sterling, US",,,,,,,,
A90 - Dark Graphite Metallic,F97,LKSW - Black Extended Merino Leather,2020,5YMTS0C04L9B17030,,9B17030,2MK,,,"Oct 17, 2019",,USA,"BMW of Fremont, Fremont, US",,,,,,,,
C28 - Donington Grey Metallic,F97,LKHV - Adelaide Grey Extended Merino Leather,2020,5YMTS0C08L9B17046,,9B17046,2MK,,,"Oct 17, 2019",,USA,"Rusnak BMW, Thousand Oaks, US",,,,,,,,
C3G - Toronto Red Metallic,F97,LKHV - Adelaide Grey Extended Merino Leather,2020,5YMTS0C07L9B17054,,9B17054,2MK,,,"Oct 17, 2019",,USA,"BMW of Anchorage, Anchorage, US",,,,,,,,
300 - Alpine White,F97,LKDA - Sakhir Orange Extended Merino Leather,2020,5YMTS0C07L9B17071,,9B17071,2MK,,,"Oct 17, 2019",,USA,"Brian Jessel BMW, Vancouver, CA",,,,,,,,
475 - Black Sapphire Metallic,F97,LKDA - Sakhir Orange Extended Merino Leather,2020,5YMTS0C01L9B17079,,9B17079,2MK,,,"Oct 17, 2019",,USA,"Rusnak BMW, Thousand Oaks, US",,,,,,,,
475 - Black Sapphire Metallic,F97,LKHV - Adelaide Grey Extended Merino Leather,2020,5YMTS0C0XL9B17095,,9B17095,2MK,,,"Oct 17, 2019",,USA,"Santa Monica BMW, Santa Monica, US",,,,,,,,
C3G - Toronto Red Metallic,F97,LKDA - Sakhir Orange Extended Merino Leather,2020,5YMTS0C05L9B17103,,9B17103,2MK,,,"Oct 17, 2019",,USA,"Fields BMW, Winter Park, US",,,,,,,,
300 - Alpine White,F97,LKSW - Black Extended Merino Leather,2020,5YMTS0C09L9B17119,,9B17119,2MK,,,"Oct 17, 2019",,USA,"BMW of Waterbury, Waterbury, US",,,,,,,,
475 - Black Sapphire Metallic,F97,VATQ - BMW Individual Tartufo Extended Merino Leather,2020,5YMTS0C08L9B17127,,9B17127,2MK,,,"Oct 17, 2019",,USA,"Braman BMW/Braman MINI of Miami, Miami, US",,,,,,,,
300 - Alpine White,F97,MAH7 - Black Vernasca Leather,2020,5YMTS0C09L9B17136,,9B17136,2MK,,,"Oct 17, 2019",,USA,"BMW of Okemos, Okemos, US",,,,,,,,
300 - Alpine White,F97,LKDA - Sakhir Orange Extended Merino Leather,2020,5YMTS0C07L9B17152,,9B17152,2MK,,,"Oct 17, 2019",,USA,"BMW of Manhasset, Manhasset, US",,,,,,,,
475 - Black Sapphire Metallic,F97,HDJA - Black/Midrand Beige Two-Tone Merino Leather / Alcantara,2020,5YMTS0C00L9B17168,,9B17168,2MK,,,"Oct 17, 2019",,USA,"BMW of Mountain View, Mountain View, US",,,,,,,,
C3G - Toronto Red Metallic,F97,LKDA - Sakhir Orange Extended Merino Leather,2020,5YMTS0C09L9B17184,,9B17184,2MK,,,"Oct 17, 2019",,USA,"Princeton BMW, Hamilton, US",,,,,,,,
475 - Black Sapphire Metallic,F97,HDJA - Black/Midrand Beige Two-Tone Merino Leather / Alcantara,2020,5YMTS0C05L9B17201,,9B17201,2MK,,,"Oct 17, 2019",,USA,"Century BMW, Greenville, US",,,,,,,,
C28 - Donington Grey Metallic,F97,LKHV - Adelaide Grey Extended Merino Leather,2020,5YMTS0C0XL9B17209,,9B17209,2MK,,,"Oct 17, 2019",,USA,"Kelly BMW, Columbus, US",,,,,,,,
475 - Black Sapphire Metallic,F97,LKSW - Black Extended Merino Leather,2020,5YMTS0C09L9B17217,,9B17217,2MK,,,"Oct 17, 2019",,USA,"Braman BMW/Braman MINI of Miami, Miami, US",,,,,,,,
C28 - Donington Grey Metallic,F97,VAEW - BMW Individual Ivory White Extended Merino Leather,2020,5YMTS0C08L9B17225,,9B17225,2MK,,,"Oct 17, 2019",,USA,"Braman Motorcars/Braman MINI of Pal, West Palm Beach, US",,,,,,,,
475 - Black Sapphire Metallic,F97,LKSW - Black Extended Merino Leather,2020,5YMTS0C07L9B17233,,9B17233,2MK,,,"Oct 17, 2019",,USA,"BMW of Gainesville, Gainesville, US",,,,,,,,
475 - Black Sapphire Metallic,F97,LKSW - Black Extended Merino Leather,2020,5YMTS0C00L9B17249,,9B17249,2MK,,,"Oct 17, 2019",,USA,"Hendrick BMW, Charlotte, US",,,,,,,,
475 - Black Sapphire Metallic,F97,LKDA - Sakhir Orange Extended Merino Leather,2020,5YMTS0C08L9B17256,,9B17256,2MK,,,"Oct 17, 2019",,USA,"Habberstad BMW, Huntington Station, US",,,,,,,,
475 - Black Sapphire Metallic,F97,HDJA - Black/Midrand Beige Two-Tone Merino Leather / Alcantara,2020,5YMTS0C08L9B17273,,9B17273,2MK,,,"Oct 17, 2019",,USA,"Habberstad BMW, Huntington Station, US",,,,,,,,
300 - Alpine White,F97,LKSW - Black Extended Merino Leather,2020,5YMTS0C05L9B17280,,9B17280,2MK,,,"Oct 17, 2019",,USA,"Habberstad BMW, Huntington Station, US",,,,,,,,
300 - Alpine White,F97,LKHV - Adelaide Grey Extended Merino Leather,2020,5YMTS0C09L9B17296,,9B17296,2MK,,,"Oct 17, 2019",,USA,"BMW of Mt. Laurel, Mount Laurel, US",,,,,,,,
300 - Alpine White,F97,LKDA - Sakhir Orange Extended Merino Leather,2020,5YMTS0C04L9B17304,,9B17304,2MK,,,"Oct 17, 2019",,USA,"Valencia BMW, Valencia, US",,,,,,,,
300 - Alpine White,F97,LKDA - Sakhir Orange Extended Merino Leather,2020,5YMTS0C02L9B17320,,9B17320,2MK,,,"Oct 17, 2019",,USA,"Valencia BMW, Valencia, US",,,,,,,,
475 - Black Sapphire Metallic,F97,LKSW - Black Extended Merino Leather,2020,5YMTS0C07L9B17328,,9B17328,2MK,,,"Oct 17, 2019",,USA,"Valencia BMW, Valencia, US",,,,,,,,
C3G - Toronto Red Metallic,F97,LKSW - Black Extended Merino Leather,2020,5YMTS0C07L9B17345,,9B17345,2MK,,,"Oct 17, 2019",,USA,"Crown BMW, Greensboro, US",,,,,,,,
300 - Alpine White,F97,LKHV - Adelaide Grey Extended Merino Leather,2020,5YMTS0C05L9B17361,,9B17361,2MK,,,"Oct 17, 2019",,USA,"Medford BMW, Medford, US",,,,,,,,
475 - Black Sapphire Metallic,F97,VAEW - BMW Individual Ivory White Extended Merino Leather,2020,5YMTS0C0XL9B17369,,9B17369,2MK,,,"Oct 17, 2019",,USA,"Steve Thomas BMW, Camarillo, US",,,,,,,,
475 - Black Sapphire Metallic,F97,LKSW - Black Extended Merino Leather,2020,5YMTS0C09L9B17377,,9B17377,2MK,,,"Oct 17, 2019",,USA,"BMW of Morristown, Morristown, US",,,,,,,,
C28 - Donington Grey Metallic,F97,LKDA - Sakhir Orange Extended Merino Leather,2020,5YMTS0C07L9B17393,,9B17393,2MK,,,"Oct 17, 2019",,USA,"BMW of West Houston, Houston, US",,,,,,,,
C28 - Donington Grey Metallic,F97,LKHV - Adelaide Grey Extended Merino Leather,2020,5YMTS0C03L9B17410,,9B17410,2MK,,,"Oct 17, 2019",,USA,"BMW of Stratham, Stratham, US",,,,,,,,
300 - Alpine White,F97,MAH7 - Black Vernasca Leather,2020,5YMTS0C08L9B17418,,9B17418,2MK,,,"Oct 17, 2019",,USA,"BMW of Fremont, Fremont, US",,,,,,,,
300 - Alpine White,F97,LKDA - Sakhir Orange Extended Merino Leather,2020,5YMTS0C07L9B17426,,9B17426,2MK,,,"Oct 17, 2019",,USA,"BMW of Pharr, Pharr, US",,,,,,,,
300 - Alpine White,F97,HDJA - Black/Midrand Beige Two-Tone Merino Leather / Alcantara,2020,5YMTS0C05L9B17442,,9B17442,2MK,,,"Oct 18, 2019",,USA,"BMW of Myrtle Beach, Myrtle Beach, US",,,,,,,,
C28 - Donington Grey Metallic,F97,LKDA - Sakhir Orange Extended Merino Leather,2020,5YMTS0C04L9B17450,,9B17450,2MK,,,"Oct 18, 2019",,USA,"Peter Pan BMW, Burlingame, US",,,,,,,,
300 - Alpine White,F97,LKSW - Black Extended Merino Leather,2020,5YMTS0C0XL9B17467,,9B17467,2MK,,,"Oct 18, 2019",,USA,"Classic BMW, Plano, US",,,,,,,,
C1M - Phytonic Blue Metallic,F97,VATQ - BMW Individual Tartufo Extended Merino Leather,2020,5YMTS0C09L9B17475,,9B17475,2MK,,,"Oct 18, 2019",,USA,"Brian Jessel BMW, Vancouver, CA",,,,,,,,
475 - Black Sapphire Metallic,F97,LKHV - Adelaide Grey Extended Merino Leather,2020,5YMTS0C07L9B17491,,9B17491,2MK,,,"Oct 18, 2019",,USA,"Baron BMW/MINI, Merriam, US",,,,,,,,
475 - Black Sapphire Metallic,F97,LKSW - Black Extended Merino Leather,2020,5YMTS0C01L9B17499,,9B17499,2MK,,,"Oct 18, 2019",,USA,"Jackie Cooper Imports/MINI, Edmond, US",,,,,,,,
300 - Alpine White,F97,LKSW - Black Extended Merino Leather,2020,5YMTS0C06L9B17515,,9B17515,2MK,,,"Oct 18, 2019",,USA,"BMW Autohaus, Thornhill, CA",,,,,,,,
475 - Black Sapphire Metallic,F97,HDJA - Black/Midrand Beige Two-Tone Merino Leather / Alcantara,2020,5YMTS0C07L9B17524,,9B17524,2MK,,,"Oct 18, 2019",,USA,"Autobahn Motorcars, Fort Worth, US",,,,,,,,
300 - Alpine White,F97,LKDA - Sakhir Orange Extended Merino Leather,2020,5YMTS0C05L9B17540,,9B17540,2MK,,,"Oct 18, 2019",,USA,"BMW Ville de Quebec, Quebec City, CA",,,,,,,,
A90 - Dark Graphite Metallic,F97,LKDA - Sakhir Orange Extended Merino Leather,2020,5YMTS0C0XL9B17548,,9B17548,2MK,,,"Oct 18, 2019",,USA,"Habberstad BMW, Huntington Station, US",,,,,,,,
300 - Alpine White,F97,LKHV - Adelaide Grey Extended Merino Leather,2020,5YMTS0C09L9B17587,,9B17587,2MK,,,"Oct 18, 2019",,USA,"Hendrick BMW, Charlotte, US",,,,,,,,
C28 - Donington Grey Metallic,F97,HDJA - Black/Midrand Beige Two-Tone Merino Leather / Alcantara,2020,5YMTS0C08L9B17595,,9B17595,2MK,,,"Oct 18, 2019",,USA,"Motorwerks BMW, Bloomington, US",,,,,,,,
A90 - Dark Graphite Metallic,F97,LKDA - Sakhir Orange Extended Merino Leather,2020,5YMTS0C06L9B17613,,9B17613,2MK,,,"Oct 18, 2019",,USA,"BMW of Morristown, Morristown, US",,,,,,,,
C1M - Phytonic Blue Metallic,F97,HDJA - Black/Midrand Beige Two-Tone Merino Leather / Alcantara,2020,5YMTS0C05L9B17621,,9B17621,2MK,,,"Oct 18, 2019",,USA,"West German BMW, Fort Washington, US",,,,,,,,
300 - Alpine White,F97,LKSW - Black Extended Merino Leather,2020,5YMTS0C08L9B17662,,9B17662,2MK,,,"Oct 18, 2019",,USA,"Arrowhead BMW, Glendale, US",,,,,,,,
A90 - Dark Graphite Metallic,F97,LKSW - Black Extended Merino Leather,2020,5YMTS0C07L9B17720,,9B17720,2MK,,,"Oct 18, 2019",,USA,"BMW of Austin, Austin, US",,,,,,,,
A90 - Dark Graphite Metallic,F97,LKDA - Sakhir Orange Extended Merino Leather,2020,5YMTS0C09L9B17752,,9B17752,2MK,,,"Oct 18, 2019",,USA,"Open Road BMW, Edison, US",,,,,,,,
C1M - Phytonic Blue Metallic,F97,LKHV - Adelaide Grey Extended Merino Leather,2020,5YMTS0C02L9B17768,,9B17768,2MK,,,"Oct 18, 2019",,USA,"D-Patrick Motoplex, Evansville, US",,,,,,,,
300 - Alpine White,F97,LKSW - Black Extended Merino Leather,2020,5YMTS0C05L9B17800,,9B17800,2MK,,,"Oct 18, 2019",,USA,"BMW of Bowling Green, Bowling Green, US",,,,,,,,
C28 - Donington Grey Metallic,F97,LKDA - Sakhir Orange Extended Merino Leather,2020,5YMTS0C06L9B17823,,9B17823,2MK,,,"Oct 18, 2019",,USA,"BMW of Brooklyn, Brooklyn, US",,,,,,,,
A90 - Dark Graphite Metallic,F97,HDJA - Black/Midrand Beige Two-Tone Merino Leather / Alcantara,2020,5YMTS0C0XL9B17873,,9B17873,2MK,,,"Oct 18, 2019",,USA,"Autogermana, Inc., Hato Rey, US",,,,,,,,
C1M - Phytonic Blue Metallic,F97,VAEW - BMW Individual Ivory White Extended Merino Leather,2020,5YMTS0C01L9B17938,,9B17938,2MK,,,"Oct 18, 2019",,USA,"Irvine BMW, Irvine, US",,,,,,,,
C1M - Phytonic Blue Metallic,F97,VAEW - BMW Individual Ivory White Extended Merino Leather,2020,5YMTS0C08L9B18004,,9B18004,2MK,,,"Oct 18, 2019",,USA,"BMW of Warwick, Warwick, US",,,,,,,,
300 - Alpine White,F97,MAOQ - Oyster Vernasca Leather,2020,5YMTS0C00L9B18112,,9B18112,2MK,,,"Oct 19, 2019",,USA,"Fields BMW, Winter Park, US",,,,,,,,
C1M - Phytonic Blue Metallic,F97,VAEW - BMW Individual Ivory White Extended Merino Leather,2020,5YMTS0C05L9B18137,,9B18137,2MK,,,"Oct 19, 2019",,USA,"BMW of Towson, Towson, US",,,,,,,,
A90 - Dark Graphite Metallic,F97,LKSW - Black Extended Merino Leather,2020,5YMTS0C05L9B18171,,9B18171,2MK,,,"Oct 19, 2019",,USA,"BMW of Las Vegas, Las Vegas, US",,,,,,,,
A90 - Dark Graphite Metallic,F97,HDJA - Black/Midrand Beige Two-Tone Merino Leather / Alcantara,2020,5YMTS0C02L9B18211,,9B18211,2MK,,,"Oct 19, 2019",,USA,"BMW of Minnetonka, Minnetonka, US",,,,,,,,
300 - Alpine White,F97,LKDA - Sakhir Orange Extended Merino Leather,2020,5YMTS0C04L9B18243,,9B18243,2MK,,,"Oct 19, 2019",,USA,"Erhard BMW of Bloomfield Hills, Bloomfield Hills, US",,,,,,,,
C1M - Phytonic Blue Metallic,F97,LKSW - Black Extended Merino Leather,2020,5YMTS0C08L9B18259,,9B18259,2MK,,,"Oct 19, 2019",,USA,"BMW of Minnetonka, Minnetonka, US",,,,,,,,
A90 - Dark Graphite Metallic,F97,VATQ - BMW Individual Tartufo Extended Merino Leather,2020,5YMTS0C06L9B18325,,9B18325,2MK,,,"Oct 19, 2019",,USA,"BMW of the Hudson Valley, Poughkeepsie, US",,,,,,,,
A90 - Dark Graphite Metallic,F97,LKHV - Adelaide Grey Extended Merino Leather,2020,5YMTS0C05L9B18333,,9B18333,2MK,,,"Oct 19, 2019",,USA,"BMW of Rochester Hills, Shelby Township, US",,,,,,,,
300 - Alpine White,F97,LKDA - Sakhir Orange Extended Merino Leather,2020,5YMTS0C0XL9B18358,,9B18358,2MK,,,"Oct 19, 2019",,USA,"BMW of Roxbury, Kenvil, US",,,,,,,,
C1M - Phytonic Blue Metallic,F97,HDJA - Black/Midrand Beige Two-Tone Merino Leather / Alcantara,2020,5YMTS0C06L9B18390,,9B18390,2MK,,,"Oct 19, 2019",,USA,"Braman Motorcars/Braman MINI of Pal, West Palm Beach, US",,,,,,,,
C1M - Phytonic Blue Metallic,F97,VAEW - BMW Individual Ivory White Extended Merino Leather,2020,5YMTS0C09L9B18447,,9B18447,2MK,,,"Oct 19, 2019",,USA,"BMW of Gainesville, Gainesville, US",,,,,,,,
A90 - Dark Graphite Metallic,F97,LKDA - Sakhir Orange Extended Merino Leather,2020,5YMTS0C07L9B18463,,9B18463,2MK,,,"Oct 19, 2019",,USA,"BMW of Manhasset, Manhasset, US",,,,,,,,
C1M - Phytonic Blue Metallic,F97,LKHV - Adelaide Grey Extended Merino Leather,2020,5YMTS0C06L9B18471,,9B18471,2MK,,,"Oct 19, 2019",,USA,"Schomp BMW of Highlands Ranch, Highlands Ranch, US",,,,,,,,
A90 - Dark Graphite Metallic,F97,LKSW - Black Extended Merino Leather,2020,5YMTS0C00L9B18496,,9B18496,2MK,,,"Oct 19, 2019",,USA,"Herb Chambers BMW, Charlestown, US",,,,,,,,
C1M - Phytonic Blue Metallic,F97,LKSW - Black Extended Merino Leather,2020,5YMTS0C06L9B18504,,9B18504,2MK,,,"Oct 19, 2019",,USA,"BMW of Tigard, Tigard, US",,,,,,,,
C1M - Phytonic Blue Metallic,F97,VAEW - BMW Individual Ivory White Extended Merino Leather,2020,5YMTS0C04L9B18520,,9B18520,2MK,,,"Oct 19, 2019",,USA,"Classic BMW, Plano, US",,,,,,,,
A90 - Dark Graphite Metallic,F97,LKHV - Adelaide Grey Extended Merino Leather,2020,5YMTS0C08L9B18536,,9B18536,2MK,,,"Oct 19, 2019",,USA,"Atlanta Auto Auction/Manheim Greer, Red Oak, US",,,,,,,,
A90 - Dark Graphite Metallic,F97,HDJA - Black/Midrand Beige Two-Tone Merino Leather / Alcantara,2020,5YMTS0C06L9B18552,,9B18552,2MK,,,"Oct 19, 2019",,USA,"BMW of West Houston, Houston, US",,,,,,,,
300 - Alpine White,F97,MAH7 - Black Vernasca Leather,2020,5YMTS0C00L9B20362,,9B20362,2MK,,,"Oct 19, 2019",,USA,"BMW of Tuscaloosa, Tuscaloosa, US",,,,,,,,
475 - Black Sapphire Metallic,F97,MAH7 - Black Vernasca Leather,2020,5YMTS0C0XL9B20370,,9B20370,2MK,,,"Oct 19, 2019",,USA,"Erhard BMW of Farmington Hills, Farmington Hills, US",,,,,,,,
475 - Black Sapphire Metallic,F97,LKDA - Sakhir Orange Extended Merino Leather,2020,5YMTS0C02L9B20394,,9B20394,2MK,,,"Oct 20, 2019",,USA,"BMW of West Houston, Houston, US",,,,,,,,
475 - Black Sapphire Metallic,F97,LKSW - Black Extended Merino Leather,2020,5YMTS0C08L9B20402,,9B20402,2MK,,,"Oct 20, 2019",,USA,"BMW of Fort Wayne, Fort Wayne, US",,,,,,,,
475 - Black Sapphire Metallic,F97,LKDA - Sakhir Orange Extended Merino Leather,2020,5YMTS0C01L9B20418,,9B20418,2MK,,,"Oct 20, 2019",,USA,"Fields BMW, Winter Park, US",,,,,,,,
C1M - Phytonic Blue Metallic,F97,LKHV - Adelaide Grey Extended Merino Leather,2020,5YMTS0C00L9B20426,,9B20426,2MK,,,"Oct 20, 2019",,USA,"BMW of Fort Lauderdale, Fort Lauderdale, US",,,,,,,,
A90 - Dark Graphite Metallic,F97,LKSW - Black Extended Merino Leather,2020,5YMTS0C0XL9B20434,,9B20434,2MK,,,"Oct 20, 2019",,USA,"Momentum BMW/MINI, Houston, US",,,,,,,,
475 - Black Sapphire Metallic,F97,LKSW - Black Extended Merino Leather,2020,5YMTS0C08L9B20450,,9B20450,2MK,,,"Oct 20, 2019",,USA,"Laurel BMW of Westmont, Westmont, US",,,,,,,,
475 - Black Sapphire Metallic,F97,MAH7 - Black Vernasca Leather,2020,5YMTS0C01L9B20466,,9B20466,2MK,,,"Oct 20, 2019",,USA,"BMW of Chattanooga, Chattanooga, US",,,,,,,,
300 - Alpine White,F97,LKDA - Sakhir Orange Extended Merino Leather,2020,5YMTS0C00L9B20474,,9B20474,2MK,,,"Oct 20, 2019",,USA,"BMW of Delray Beach, Delray Beach, US",,,,,,,,
475 - Black Sapphire Metallic,F97,VAEW - BMW Individual Ivory White Extended Merino Leather,2020,5YMTS0C09L9B20490,,9B20490,2MK,,,"Oct 21, 2019",,USA,"New Country BMW, Hartford, US",,,,,,,,
475 - Black Sapphire Metallic,F97,HDJA - Black/Midrand Beige Two-Tone Merino Leather / Alcantara,2020,5YMTS0C09L9B20506,,9B20506,2MK,,,"Oct 21, 2019",,USA,"BMW of Las Vegas, Las Vegas, US",,,,,,,,
300 - Alpine White,F97,LKDA - Sakhir Orange Extended Merino Leather,2020,5YMTS0C08L9B20514,,9B20514,2MK,,,"Oct 21, 2019",,USA,"Vista BMW, Coconut Creek, US",,,,,,,,
300 - Alpine White,F97,MAH7 - Black Vernasca Leather,2020,5YMTS0C07L9B20522,,9B20522,2MK,,,"Oct 21, 2019",,USA,"BMW of Bridgewater, Bridgewater, US",,,,,,,,
,F97,LKDA - Sakhir Orange Extended Merino Leather,2020,5YMTS0C00L9B20538,,9B20538,2MK,,,"Oct 21, 2019",,USA,"BMW of Bridgewater, Bridgewater, US",,,,,,,,
,F97,LKHV - Adelaide Grey Extended Merino Leather,2020,5YMTS0C09L9B20554,,9B20554,2MK,,,"Oct 21, 2019",,USA,"BMW North Scottsdale, Phoenix, US",,,,,,,,
475 - Black Sapphire Metallic,F97,LKSW - Black Extended Merino Leather,2020,5YMTS0C08L9B20562,,9B20562,2MK,,,"Oct 21, 2019",,USA,"BMW of Warwick, Warwick, US",,,,,,,,
475 - Black Sapphire Metallic,F97,LKDA - Sakhir Orange Extended Merino Leather,2020,5YMTS0C01L9B20578,,9B20578,2MK,,,"Oct 21, 2019",,USA,"BMW of Oyster Bay, Oyster Bay, US",,,,,,,,
475 - Black Sapphire Metallic,F97,LKDA - Sakhir Orange Extended Merino Leather,2020,5YMTS0C00L9B20586,,9B20586,2MK,,,"Oct 21, 2019",,USA,"Autogermana, Inc., Hato Rey, US",,,,,,,,
475 - Black Sapphire Metallic,F97,VATQ - BMW Individual Tartufo Extended Merino Leather,2020,5YMTS0C0XL9B20594,,9B20594,2MK,,,"Oct 21, 2019",,USA,"BMW of Grapevine, Grapevine, US",,,,,,,,
A90 - Dark Graphite Metallic,F97,LKHV - Adelaide Grey Extended Merino Leather,2020,5YMTS0C04L9B20610,,9B20610,2MK,,,"Oct 21, 2019",,USA,"BMW of Riverside, Riverside, US",,,,,,,,
A90 - Dark Graphite Metallic,F97,LKDA - Sakhir Orange Extended Merino Leather,2020,5YMTS0C09L9B20618,,9B20618,2MK,,,"Oct 21, 2019",,USA,"Braman BMW/Braman MINI of Miami, Miami, US",,,,,,,,
475 - Black Sapphire Metallic,F97,HDJA - Black/Midrand Beige Two-Tone Merino Leather / Alcantara,2020,5YMTS0C07L9B20634,,9B20634,2MK,,,"Oct 21, 2019",,USA,"BMW of San Diego, San Diego, US",,,,,,,,
475 - Black Sapphire Metallic,F97,LKDA - Sakhir Orange Extended Merino Leather,2020,5YMTS0C05L9B20650,,9B20650,2MK,,,"Oct 21, 2019",,USA,"Beverly Hills BMW, Los Angeles, US",,,,,,,,
A90 - Dark Graphite Metallic,F97,LKDA - Sakhir Orange Extended Merino Leather,2020,5YMTS0C09L9B20666,,9B20666,2MK,,,"Oct 21, 2019",,USA,"Braman BMW/Braman MINI of Miami, Miami, US",,,,,,,,
475 - Black Sapphire Metallic,F97,HDJA - Black/Midrand Beige Two-Tone Merino Leather / Alcantara,2020,5YMTS0C08L9B20674,,9B20674,2MK,,,"Oct 21, 2019",,USA,"BMW of Tenafly, Tenafly, US",,,,,,,,
A90 - Dark Graphite Metallic,F97,MAOQ - Oyster Vernasca Leather,2020,5YMTS0C07L9B20682,,9B20682,2MK,,,"Oct 21, 2019",,USA,"BMW of Toledo, Toledo, US",,,,,,,,
A90 - Dark Graphite Metallic,F97,LKDA - Sakhir Orange Extended Merino Leather,2020,5YMTS0C00L9B20698,,9B20698,2MK,,,"Oct 21, 2019",,USA,"BMW of Sudbury, Sudbury, US",,,,,,,,
300 - Alpine White,F97,LKSW - Black Extended Merino Leather,2020,5YMTS0C05L9B20714,,9B20714,2MK,,,"Oct 21, 2019",,USA,"Peterson BMW of Boise, Boise, US",,,,,,,,
300 - Alpine White,F97,MAOQ - Oyster Vernasca Leather,2020,5YMTS0C04L9B20722,,9B20722,2MK,,,"Oct 21, 2019",,USA,"BMW of Dallas/MINI of Dallas, Dallas, US",,,,,,,,
300 - Alpine White,F97,LKDA - Sakhir Orange Extended Merino Leather,2020,5YMTS0C08L9B20738,,9B20738,2MK,,,"Oct 21, 2019",,USA,"BMW of Pharr, Pharr, US",,,,,,,,
A90 - Dark Graphite Metallic,F97,LKSW - Black Extended Merino Leather,2020,5YMTS0C07L9B20746,,9B20746,2MK,,,"Oct 21, 2019",,USA,"BMW of Stratham, Stratham, US",,,,,,,,
300 - Alpine White,F97,LKSW - Black Extended Merino Leather,2020,5YMTS0C09L9B20778,,9B20778,2MK,,,"Oct 21, 2019",,USA,"BMW of Rockville, Rockville, US",,,,,,,,
300 - Alpine White,F97,LKSW - Black Extended Merino Leather,2020,5YMTS0C08L9B20786,,9B20786,2MK,,,"Oct 21, 2019",,USA,"BMW of San Rafael, San Rafael, US",,,,,,,,
A90 - Dark Graphite Metallic,F97,MAH7 - Black Vernasca Leather,2020,5YMTS0C02L9B20802,,9B20802,2MK,,,"Oct 21, 2019",,USA,"BMW of Columbia, Columbia, US",,,,,,,,
300 - Alpine White,F97,LKSW - Black Extended Merino Leather,2020,5YMTS0C06L9B20818,,9B20818,2MK,,,"Oct 21, 2019",,USA,"Flow BMW, Winston Salem, US",,,,,,,,
300 - Alpine White,F97,LKDA - Sakhir Orange Extended Merino Leather,2020,5YMTS0C05L9B20826,,9B20826,2MK,,,"Oct 21, 2019",,USA,"BMW of Wilmington, Wilmington, US",,,,,,,,
300 - Alpine White,F97,LKSW - Black Extended Merino Leather,2020,5YMTS0C04L9B20834,,9B20834,2MK,,,"Oct 21, 2019",,USA,"BMW of Owings Mills, Owings Mills, US",,,,,,,,
A90 - Dark Graphite Metallic,F97,LKDA - Sakhir Orange Extended Merino Leather,2020,5YMTS0C07L9B20858,,9B20858,2MK,,,"Oct 21, 2019",,USA,"BMW of Towson, Towson, US",,,,,,,,
300 - Alpine White,F97,LKSW - Black Extended Merino Leather,2020,5YMTS0C06L9B20866,,9B20866,2MK,,,"Oct 21, 2019",,USA,"BMW of Tri-Cities, Richland, US",,,,,,,,
A90 - Dark Graphite Metallic,F97,LKSW - Black Extended Merino Leather,2020,5YMTS0C03L9B20890,,9B20890,2MK,,,"Oct 21, 2019",,USA,"Richmond BMW, Richmond, US",,,,,,,,
A90 - Dark Graphite Metallic,F97,LKSW - Black Extended Merino Leather,2020,5YMTS0C01L9B20922,,9B20922,2MK,,,"Oct 21, 2019",,USA,"BMW of Reading, Reading, US",,,,,,,,
C3G - Toronto Red Metallic,F97,LKSW - Black Extended Merino Leather,2020,5YMTS0C07L9B21914,,9B21914,2MK,,,"Oct 21, 2019",,USA,"BMW of College Station, College Station, US",,,,,,,,
C3G - Toronto Red Metallic,F97,MAH7 - Black Vernasca Leather,2020,5YMTS0C09L9B21946,,9B21946,2MK,,,"Oct 21, 2019",,USA,"BMW of Crystal Lake, Crystal Lake, US",,,,,,,,
C3G - Toronto Red Metallic,F97,LKSW - Black Extended Merino Leather,2020,5YMTS0C07L9B21962,,9B21962,2MK,,,"Oct 21, 2019",,USA,"BMW of Catonsville, Baltimore, US",,,,,,,,
C3G - Toronto Red Metallic,F97,LKHV - Adelaide Grey Extended Merino Leather,2020,5YMTS0C00L9B21978,,9B21978,2MK,,,"Oct 21, 2019",,USA,"BMW of Fort Wayne, Fort Wayne, US",,,,,,,,
A90 - Dark Graphite Metallic,F97,LKDA - Sakhir Orange Extended Merino Leather,2020,5YMTS0C05L9B22026,,9B22026,2MK,,,"Oct 21, 2019",,USA,"BMW of Tenafly, Tenafly, US",,,,,,,,
475 - Black Sapphire Metallic,F97,LKHV - Adelaide Grey Extended Merino Leather,2020,5YMTS0C03L9B22042,,9B22042,2MK,,,"Oct 22, 2019",,USA,"Pacific BMW, Glendale, US",,,,,,,,
A90 - Dark Graphite Metallic,F97,MAH7 - Black Vernasca Leather,2020,5YMTS0C00L9B22130,,9B22130,2MK,,,"Oct 22, 2019",,USA,"Pacific BMW, Glendale, US",,,,,,,,
300 - Alpine White,F97,HDJA - Black/Midrand Beige Two-Tone Merino Leather / Alcantara,2020,5YMTS0C05L9B22138,,9B22138,2MK,,,"Oct 22, 2019",,USA,"Pacific BMW, Glendale, US",,,,,,,,
C1M - Phytonic Blue Metallic,F97,LKSW - Black Extended Merino Leather,2020,5YMTS0C03L9B22154,,9B22154,2MK,,,"Oct 22, 2019",,USA,"Laurel BMW of Westmont, Westmont, US",,,,,,,,
C1M - Phytonic Blue Metallic,F97,LKSW - Black Extended Merino Leather,2020,5YMTS0C06L9B22178,,9B22178,2MK,,,"Oct 22, 2019",,USA,"BMW of Delray Beach, Delray Beach, US",,,,,,,,
C1M - Phytonic Blue Metallic,F97,VATQ - BMW Individual Tartufo Extended Merino Leather,2020,5YMTS0C05L9B22186,,9B22186,2MK,,,"Oct 22, 2019",,USA,"BMW Encinitas, Encinitas, US",,,,,,,,
A90 - Dark Graphite Metallic,F97,MAOQ - Oyster Vernasca Leather,2020,5YMTS0C04L9B22194,,9B22194,2MK,,,"Oct 22, 2019",,USA,"Fields BMW, Winter Park, US",,,,,,,,
C3G - Toronto Red Metallic,F97,MAOQ - Oyster Vernasca Leather,2020,5YMTS0C09L9B22210,,9B22210,2MK,,,"Oct 22, 2019",,USA,"BMW OF NORTH AMERICA, Montvale, US",,,,,,,,
475 - Black Sapphire Metallic,F97,MAOQ - Oyster Vernasca Leather,2020,5YMTS0C03L9B22218,,9B22218,2MK,,,"Oct 22, 2019",,USA,"Fields BMW, Winter Park, US",,,,,,,,
C1M - Phytonic Blue Metallic,F97,LKDA - Sakhir Orange Extended Merino Leather,2020,5YMTS0C02L9B22226,,9B22226,2MK,,,"Oct 22, 2019",,USA,"BMW of Manhasset, Manhasset, US",,,,,,,,
475 - Black Sapphire Metallic,F97,LKHV - Adelaide Grey Extended Merino Leather,2020,5YMTS0C01L9B22234,,9B22234,2MK,,,"Oct 22, 2019",,USA,"West German BMW, Fort Washington, US",,,,,,,,
C1M - Phytonic Blue Metallic,F97,LKHV - Adelaide Grey Extended Merino Leather,2020,5YMTS0C00L9B22242,,9B22242,2MK,,,"Oct 22, 2019",,USA,"BMW Fresno, Fresno, US",,,,,,,,
C1M - Phytonic Blue Metallic,F97,VATQ - BMW Individual Tartufo Extended Merino Leather,2020,5YMTS0C0XL9B22250,,9B22250,2MK,,,"Oct 22, 2019",,USA,"BMW of Ocala, Ocala, US",,,,,,,,
475 - Black Sapphire Metallic,F97,VAEW - BMW Individual Ivory White Extended Merino Leather,2020,5YMTS0C04L9B22258,,9B22258,2MK,,,"Oct 22, 2019",,USA,"BMW of Mountain View, Mountain View, US",,,,,,,,
A90 - Dark Graphite Metallic,F97,MAH7 - Black Vernasca Leather,2020,5YMTS0C02L9B22274,,9B22274,2MK,,,"Oct 22, 2019",,USA,"BMW of Williamsport, Muncy, US",,,,,,,,
475 - Black Sapphire Metallic,F97,MAH7 - Black Vernasca Leather,2020,5YMTS0C01L9B22282,,9B22282,2MK,,,"Oct 22, 2019",,USA,"Valley Auto World, Inc., Fayetteville, US",,,,,,,,
475 - Black Sapphire Metallic,F97,VAEW - BMW Individual Ivory White Extended Merino Leather,2020,5YMTS0C00L9B22290,,9B22290,2MK,,,"Oct 22, 2019",,USA,"BMW of The Woodlands, The Woodlands, US",,,,,,,,
475 - Black Sapphire Metallic,F97,LKSW - Black Extended Merino Leather,2020,5YMTS0C00L9B22306,,9B22306,2MK,,,"Oct 22, 2019",,USA,"BMW of Owings Mills, Owings Mills, US",,,,,,,,
475 - Black Sapphire Metallic,F97,LKDA - Sakhir Orange Extended Merino Leather,2020,5YMTS0C0XL9B22314,,9B22314,2MK,,,"Oct 22, 2019",,USA,"Orange County BMW, Harriman, US",,,,,,,,
C1M - Phytonic Blue Metallic,F97,VAEW - BMW Individual Ivory White Extended Merino Leather,2020,5YMTS0C09L9B22322,,9B22322,2MK,,,"Oct 22, 2019",,USA,"BMW of Tri-Cities, Richland, US",,,,,,,,
475 - Black Sapphire Metallic,F97,LKSW - Black Extended Merino Leather,2020,5YMTS0C08L9B22330,,9B22330,2MK,,,"Oct 22, 2019",,USA,"BMW of Barrington, Barrington, US",,,,,,,,
C1M - Phytonic Blue Metallic,F97,MAH7 - Black Vernasca Leather,2020,5YMTS0C02L9B22338,,9B22338,2MK,,,"Oct 22, 2019",,USA,"East Bay BMW, Pleasanton, US",,,,,,,,
475 - Black Sapphire Metallic,F97,LKDA - Sakhir Orange Extended Merino Leather,2020,5YMTS0C00L9B22354,,9B22354,2MK,,,"Oct 22, 2019",,USA,"BMW of Kansas City South, Kansas CIty, US",,,,,,,,
C1M - Phytonic Blue Metallic,F97,MAH7 - Black Vernasca Leather,2020,5YMTS0C0XL9B22362,,9B22362,2MK,,,"Oct 22, 2019",,USA,"Casey BMW, Newport News, US",,,,,,,,
475 - Black Sapphire Metallic,F97,LKHV - Adelaide Grey Extended Merino Leather,2020,5YMTS0C03L9B22378,,9B22378,2MK,,,"Oct 22, 2019",,USA,"Elmhurst BMW, Elmhurst, US",,,,,,,,
C1M - Phytonic Blue Metallic,F97,LKHV - Adelaide Grey Extended Merino Leather,2020,5YMTS0C01L9B22394,,9B22394,2MK,,,"Oct 22, 2019",,USA,"BMW of Salem, Salem, US",,,,,,,,
475 - Black Sapphire Metallic,F97,HDJA - Black/Midrand Beige Two-Tone Merino Leather / Alcantara,2020,5YMTS0C07L9B22402,,9B22402,2MK,,,"Oct 22, 2019",,USA,"BMW of Salem, Salem, US",,,,,,,,
A90 - Dark Graphite Metallic,F97,LKHV - Adelaide Grey Extended Merino Leather,2020,5YMTS0C00L9B22418,,9B22418,2MK,,,"Oct 22, 2019",,USA,"Winslow BMW of Colorado Springs, Colorado Springs, US",,,,,,,,
475 - Black Sapphire Metallic,F97,LKSW - Black Extended Merino Leather,2020,5YMTS0C0XL9B22426,,9B22426,2MK,,,"Oct 22, 2019",,USA,"BMW of El Paso, El Paso, US",,,,,,,,
A90 - Dark Graphite Metallic,F97,LKDA - Sakhir Orange Extended Merino Leather,2020,5YMTS0C08L9B22442,,9B22442,2MK,,,"Oct 22, 2019",,USA,"South Shore BMW, Rockland, US",,,,,,,,
300 - Alpine White,F97,LKDA - Sakhir Orange Extended Merino Leather,2020,5YMTS0C01L9B22458,,9B22458,2MK,,,"Oct 22, 2019",,USA,"BMW of Reading, Reading, US",,,,,,,,
A90 - Dark Graphite Metallic,F97,LKHV - Adelaide Grey Extended Merino Leather,2020,5YMTS0C0XL9B22474,,9B22474,2MK,,,"Oct 22, 2019",,USA,"Classic BMW, Plano, US",,,,,,,,
475 - Black Sapphire Metallic,F97,LKSW - Black Extended Merino Leather,2020,5YMTS0C08L9B22490,,9B22490,2MK,,,"Oct 22, 2019",,USA,"Enterprise BMW, Appleton, US",,,,,,,,
300 - Alpine White,F97,MAH7 - Black Vernasca Leather,2020,5YMTS0C02L9B22498,,9B22498,2MK,,,"Oct 22, 2019",,USA,"BMW of Towson, Towson, US",,,,,,,,
300 - Alpine White,F97,MAH7 - Black Vernasca Leather,2020,5YMTS0C07L9B22514,,9B22514,2MK,,,"Oct 22, 2019",,USA,"Long Beach BMW, Signal Hill, US",,,,,,,,
C1M - Phytonic Blue Metallic,F97,LKDA - Sakhir Orange Extended Merino Leather,2020,5YMTS0C05L9B22530,,9B22530,2MK,,,"Oct 22, 2019",,USA,"Competition BMW of Smithtown, Saint James, US",,,,,,,,
300 - Alpine White,F97,VAEW - BMW Individual Ivory White Extended Merino Leather,2020,5YMTS0C09L9B22546,,9B22546,2MK,,,"Oct 22, 2019",,USA,"BMW of Grapevine, Grapevine, US",,,,,,,,
475 - Black Sapphire Metallic,F97,VAEW - BMW Individual Ivory White Extended Merino Leather,2020,5YMTS0C07L9B22562,,9B22562,2MK,,,"Oct 22, 2019",,USA,"Classic BMW, Plano, US",,,,,,,,
C28 - Donington Grey Metallic,F97,VATQ - BMW Individual Tartufo Extended Merino Leather,2020,5YMTS0C04L9B23491,,9B23491,2MK,,,"Oct 22, 2019",,USA,"BMW of Milwaukee North, Milwaukee, US",,,,,,,,
300 - Alpine White,F97,LKSW - Black Extended Merino Leather,2020,5YMTS0C09L9B23499,,9B23499,2MK,,,"Oct 22, 2019",,USA,"BMW of Springfield, Springfield, US",,,,,,,,
C1N - Sunstone Metallic,F97,HDJA - Black/Midrand Beige Two-Tone Merino Leather / Alcantara,2020,5YMTS0C04L9B23507,,9B23507,2MK,,,"Oct 22, 2019",,USA,"Schomp BMW of Highlands Ranch, Highlands Ranch, US",,,,,,,,
C1M - Phytonic Blue Metallic,F97,MAH7 - Black Vernasca Leather,2020,5YMTS0C02L9B23523,,9B23523,2MK,,,"Oct 22, 2019",,USA,"BMW of Toledo, Toledo, US",,,,,,,,
300 - Alpine White,F97,LKDA - Sakhir Orange Extended Merino Leather,2020,5YMTS0C01L9B23531,,9B23531,2MK,,,"Oct 22, 2019",,USA,"BMW of Sudbury, Sudbury, US",,,,,,,,
C1N - Sunstone Metallic,F97,VATQ - BMW Individual Tartufo Extended Merino Leather,2020,5YMTS0C06L9B23539,,9B23539,2MK,,,"Oct 22, 2019",,USA,"Chapman BMW, Chandler, US",,,,,,,,
300 - Alpine White,F97,LKDA - Sakhir Orange Extended Merino Leather,2020,5YMTS0C05L9B23547,,9B23547,2MK,,,"Oct 22, 2019",,USA,"Elite BMW, Ottawa, CA",,,,,,,,
300 - Alpine White,F97,HDJA - Black/Midrand Beige Two-Tone Merino Leather / Alcantara,2020,5YMTS0C03L9B23563,,9B23563,2MK,,,"Oct 22, 2019",,USA,"BMW Royal Oak, Calgary, CA",,,,,,,,
C28 - Donington Grey Metallic,F97,VATQ - BMW Individual Tartufo Extended Merino Leather,2020,5YMTS0C07L9B23579,,9B23579,2MK,,,"Oct 22, 2019",,USA,"BMW Grand River, Kitchener, CA",,,,,,,,
C28 - Donington Grey Metallic,F97,MAH7 - Black Vernasca Leather,2020,5YMTS0C0XL9B23611,,9B23611,2MK,,,"Oct 23, 2019",,USA,"BMW of Madison, Madison, US",,,,,,,,
C28 - Donington Grey Metallic,F97,MAH7 - Black Vernasca Leather,2020,5YMTS0C02L9B23635,,9B23635,2MK,,,"Oct 23, 2019",,USA,"BMW of Minnetonka, Minnetonka, US",,,,,,,,
C28 - Donington Grey Metallic,F97,LKSW - Black Extended Merino Leather,2020,5YMTS0C01L9B23691,,9B23691,2MK,,,"Oct 23, 2019",,USA,"Flow BMW, Winston Salem, US",,,,,,,,
C3G - Toronto Red Metallic,F97,MAH7 - Black Vernasca Leather,2020,5YMTS0C00L9B23715,,9B23715,2MK,,,"Oct 23, 2019",,USA,"BMW of Salem, Salem, US",,,,,,,,
A90 - Dark Graphite Metallic,F97,MAH7 - Black Vernasca Leather,2020,5YMTS0C02L9B23747,,9B23747,2MK,,,"Oct 23, 2019",,USA,"New Country BMW, Hartford, US",,,,,,,,
C3G - Toronto Red Metallic,F97,VAEW - BMW Individual Ivory White Extended Merino Leather,2020,5YMTS0C01L9B23755,,9B23755,2MK,,,"Oct 23, 2019",,USA,"Taylor BMW, Evans, US",,,,,,,,
C28 - Donington Grey Metallic,F97,VATQ - BMW Individual Tartufo Extended Merino Leather,2020,5YMTS0C04L9B23779,,9B23779,2MK,,,"Oct 23, 2019",,USA,"BMW of Brooklyn, Brooklyn, US",,,,,,,,
C28 - Donington Grey Metallic,F97,HDJA - Black/Midrand Beige Two-Tone Merino Leather / Alcantara,2020,5YMTS0C03L9B23787,,9B23787,2MK,,,"Oct 23, 2019",,USA,"BMW of Bloomfield, Bloomfield, US",,,,,,,,
C28 - Donington Grey Metallic,F97,LKSW - Black Extended Merino Leather,2020,5YMTS0C02L9B23795,,9B23795,2MK,,,"Oct 23, 2019",,USA,"BMW of Doylestown, Doylestown, US",,,,,,,,
C28 - Donington Grey Metallic,F97,LKDA - Sakhir Orange Extended Merino Leather,2020,5YMTS0C07L9B23811,,9B23811,2MK,,,"Oct 23, 2019",,USA,"BMW of Morristown, Morristown, US",,,,,,,,
300 - Alpine White,F97,LKSW - Black Extended Merino Leather,2020,5YMTS0C00L9B23827,,9B23827,2MK,,,"Oct 23, 2019",,USA,"Habberstad BMW, Huntington Station, US",,,,,,,,
C3G - Toronto Red Metallic,F97,MAH7 - Black Vernasca Leather,2020,5YMTS0C09L9B23843,,9B23843,2MK,,,"Oct 23, 2019",,USA,"BMW of San Francisco, San Francisco, US",,,,,,,,
C28 - Donington Grey Metallic,F97,MAH7 - Black Vernasca Leather,2020,5YMTS0C08L9B23851,,9B23851,2MK,,,"Oct 23, 2019",,USA,"BMW of Manhasset, Manhasset, US",,,,,,,,
C28 - Donington Grey Metallic,F97,MAH7 - Black Vernasca Leather,2020,5YMTS0C01L9B23867,,9B23867,2MK,,,"Oct 23, 2019",,USA,"BMW of Manhasset, Manhasset, US",,,,,,,,
C28 - Donington Grey Metallic,F97,MAH7 - Black Vernasca Leather,2020,5YMTS0C0XL9B23883,,9B23883,2MK,,,"Oct 23, 2019",,USA,"Braman Motorcars/Braman MINI of Pal, West Palm Beach, US",,,,,,,,
A90 - Dark Graphite Metallic,F97,LKHV - Adelaide Grey Extended Merino Leather,2020,5YMTS0C08L9B23915,,9B23915,2MK,,,"Oct 23, 2019",,USA,"BMW of Houston Midtown, Houston, US",,,,,,,,
C3G - Toronto Red Metallic,F97,VAEW - BMW Individual Ivory White Extended Merino Leather,2020,5YMTS0C07L9B23923,,9B23923,2MK,,,"Oct 23, 2019",,USA,"BMW of San Antonio/MINI of San Anto, San Antonio, US",,,,,,,,
C28 - Donington Grey Metallic,F97,LKHV - Adelaide Grey Extended Merino Leather,2020,5YMTS0C00L9B23939,,9B23939,2MK,,,"Oct 23, 2019",,USA,"Tulley BMW, Nashua, US",,,,,,,,
C28 - Donington Grey Metallic,F97,LKSW - Black Extended Merino Leather,2020,5YMTS0C09L9B23955,,9B23955,2MK,,,"Oct 23, 2019",,USA,"BMW of Southpoint, Durham, US",,,,,,,,
C28 - Donington Grey Metallic,F97,VATQ - BMW Individual Tartufo Extended Merino Leather,2020,5YMTS0C01L9B23979,,9B23979,2MK,,,"Oct 23, 2019",,USA,"BMW of Manhasset, Manhasset, US",,,,,,,,
C28 - Donington Grey Metallic,F97,MAH7 - Black Vernasca Leather,2020,5YMTS0C02L9B24123,,9B24123,2MK,,,"Oct 23, 2019",,USA,"BMW of Lafayette, Lafayette, US",,,,,,,,
C28 - Donington Grey Metallic,F97,MAH7 - Black Vernasca Leather,2020,5YMTS0C04L9B25029,,9B25029,2MK,,,"Oct 23, 2019",,USA,"Braman Motorcars/Braman MINI of Pal, West Palm Beach, US",,,,,,,,
300 - Alpine White,F97,LKSW - Black Extended Merino Leather,2020,5YMTS0C02L9B25045,,9B25045,2MK,,,"Oct 23, 2019",,USA,"BMW of Freeport, Freeport, US",,,,,,,,
C28 - Donington Grey Metallic,F97,VAEW - BMW Individual Ivory White Extended Merino Leather,2020,5YMTS0C01L9B25053,,9B25053,2MK,,,"Oct 23, 2019",,USA,"Ferman BMW/Ferman MINI of Tampa Bay, Palm Harbor, US",,,,,,,,
475 - Black Sapphire Metallic,F97,LKSW - Black Extended Merino Leather,2020,5YMTS0C00L9B25061,,9B25061,2MK,,,"Oct 23, 2019",,USA,"BMW of Springfield, Springfield, US",,,,,,,,
C28 - Donington Grey Metallic,F97,VATQ - BMW Individual Tartufo Extended Merino Leather,2020,5YMTS0C05L9B25069,,9B25069,2MK,,,"Oct 23, 2019",,USA,"BMW of Fairfax, Fairfax, US",,,,,,,,
C1M - Phytonic Blue Metallic,F97,MAH7 - Black Vernasca Leather,2020,5YMTS0C02L9B25093,,9B25093,2MK,,,"Oct 23, 2019",,USA,"BMW of Minnetonka, Minnetonka, US",,,,,,,,
C28 - Donington Grey Metallic,F97,LKDA - Sakhir Orange Extended Merino Leather,2020,5YMTS0C01L9B25117,,9B25117,2MK,,,"Oct 23, 2019",,USA,"Park Avenue BMW, Rochelle Park, US",,,,,,,,
C1M - Phytonic Blue Metallic,F97,VATQ - BMW Individual Tartufo Extended Merino Leather,2020,5YMTS0C0XL9B25133,,9B25133,2MK,,,"Oct 23, 2019",,USA,"BMW of Westbrook, Westbrook, US",,,,,,,,
C1M - Phytonic Blue Metallic,F97,LKSW - Black Extended Merino Leather,2020,5YMTS0C03L9B25149,,9B25149,2MK,,,"Oct 24, 2019",,USA,"Continental BMW of Darien, Darien, US",,,,,,,,
A90 - Dark Graphite Metallic,F97,LKHV - Adelaide Grey Extended Merino Leather,2020,5YMTS0C01L9B25165,,9B25165,2MK,,,"Oct 24, 2019",,USA,"Otto's BMW, Ottawa, CA",,,,,,,,
C28 - Donington Grey Metallic,F97,LKHV - Adelaide Grey Extended Merino Leather,2020,5YMTS0C0XL9B25181,,9B25181,2MK,,,"Oct 24, 2019",,USA,"Kelowna BMW, Kelowna, CA",,,,,,,,
475 - Black Sapphire Metallic,F97,LKSW - Black Extended Merino Leather,2020,5YMTS0C03L9B25197,,9B25197,2MK,,,"Oct 24, 2019",,USA,"BMW of Lancaster, Lancaster, US",,,,,,,,
300 - Alpine White,F97,LKDA - Sakhir Orange Extended Merino Leather,2020,5YMTS0C09L9B25205,,9B25205,2MK,,,"Oct 24, 2019",,USA,"Princeton BMW, Hamilton, US",,,,,,,,
300 - Alpine White,F97,VATQ - BMW Individual Tartufo Extended Merino Leather,2020,5YMTS0C07L9B25221,,9B25221,2MK,,,"Oct 24, 2019",,USA,"Classic BMW, Plano, US",,,,,,,,
300 - Alpine White,F97,VAEW - BMW Individual Ivory White Extended Merino Leather,2020,5YMTS0C0XL9B25245,,9B25245,2MK,,,"Oct 24, 2019",,USA,"BMW of Minnetonka, Minnetonka, US",,,,,,,,
475 - Black Sapphire Metallic,F97,LKHV - Adelaide Grey Extended Merino Leather,2020,5YMTS0C09L9B25253,,9B25253,2MK,,,"Oct 24, 2019",,USA,"Arrowhead BMW, Glendale, US",,,,,,,,
475 - Black Sapphire Metallic,F97,LKSW - Black Extended Merino Leather,2020,5YMTS0C02L9B25269,,9B25269,2MK,,,"Oct 24, 2019",,USA,"Open Road BMW, Edison, US",,,,,,,,
C1M - Phytonic Blue Metallic,F97,LKSW - Black Extended Merino Leather,2020,5YMTS0C01L9B25277,,9B25277,2MK,,,"Oct 24, 2019",,USA,"Bill Jacobs BMW/MINI, Naperville, US",,,,,,,,
C3G - Toronto Red Metallic,F97,LKSW - Black Extended Merino Leather,2020,5YMTS0C08L9B25325,,9B25325,2MK,,,"Oct 24, 2019",,USA,"BMW of Fort Walton Beach, Fort Walton Beach, US",,,,,,,,
300 - Alpine White,F97,LKSW - Black Extended Merino Leather,2020,5YMTS0C07L9B25333,,9B25333,2MK,,,"Oct 24, 2019",,USA,"BMW of Barrington, Barrington, US",,,,,,,,
475 - Black Sapphire Metallic,F97,LKSW - Black Extended Merino Leather,2020,5YMTS0C0XL9B25357,,9B25357,2MK,,,"Oct 24, 2019",,USA,"Wide World BMW, Spring Valley, US",,,,,,,,
475 - Black Sapphire Metallic,F97,VATQ - BMW Individual Tartufo Extended Merino Leather,2020,5YMTS0C09L9B25365,,9B25365,2MK,,,"Oct 24, 2019",,USA,"BMW of Catonsville, Baltimore, US",,,,,,,,
475 - Black Sapphire Metallic,F97,LKHV - Adelaide Grey Extended Merino Leather,2020,5YMTS0C08L9B25373,,9B25373,2MK,,,"Oct 24, 2019",,USA,"Circle BMW, Eatontown, US",,,,,,,,
C1M - Phytonic Blue Metallic,F97,LKDA - Sakhir Orange Extended Merino Leather,2020,5YMTS0C07L9B25381,,9B25381,2MK,,,"Oct 24, 2019",,USA,"Rallye BMW, Westbury, US",,,,,,,,
475 - Black Sapphire Metallic,F97,HDJA - Black/Midrand Beige Two-Tone Merino Leather / Alcantara,2020,5YMTS0C04L9B25421,,9B25421,2MK,,,"Oct 24, 2019",,USA,"BMW of Manhasset, Manhasset, US",,,,,,,,
C3G - Toronto Red Metallic,F97,MAH7 - Black Vernasca Leather,2020,5YMTS0C08L9B25437,,9B25437,2MK,,,"Oct 24, 2019",,USA,"Newbold BMW, O Fallon, US",,,,,,,,
C1M - Phytonic Blue Metallic,F97,LKHV - Adelaide Grey Extended Merino Leather,2020,5YMTS0C07L9B25445,,9B25445,2MK,,,"Oct 24, 2019",,USA,"Flemington BMW, Flemington, US",,,,,,,,
C1M - Phytonic Blue Metallic,F97,MAH7 - Black Vernasca Leather,2020,5YMTS0C05L9B25461,,9B25461,2MK,,,"Oct 24, 2019",,USA,"Open Road BMW, Edison, US",,,,,,,,
475 - Black Sapphire Metallic,F97,LKSW - Black Extended Merino Leather,2020,5YMTS0C09L9B25477,,9B25477,2MK,,,"Oct 24, 2019",,USA,"BMW of Westbrook, Westbrook, US",,,,,,,,
C3G - Toronto Red Metallic,F97,LKHV - Adelaide Grey Extended Merino Leather,2020,5YMTS0C07L9B25493,,9B25493,2MK,,,"Oct 24, 2019",,USA,"Newburgh Auto Auction, Newburgh, US",,,,,,,,
475 - Black Sapphire Metallic,F97,LKDA - Sakhir Orange Extended Merino Leather,2020,5YMTS0C02L9B25501,,9B25501,2MK,,,"Oct 24, 2019",,USA,"BMW of Minnetonka, Minnetonka, US",,,,,,,,
300 - Alpine White,F97,LKHV - Adelaide Grey Extended Merino Leather,2020,5YMTS0C02L9B26616,,9B26616,2MK,,,"Oct 24, 2019",,USA,"BMW of Manhattan, New York, US",,,,,,,,
C3G - Toronto Red Metallic,F97,LKSW - Black Extended Merino Leather,2020,5YMTS0C00L9B26923,,9B26923,2MK,,,"Oct 25, 2019",,USA,"BMW of Tulsa, Tulsa, US",,,,,,,,
C3G - Toronto Red Metallic,F97,LKHV - Adelaide Grey Extended Merino Leather,2020,5YMTS0C0XL9B26931,,9B26931,2MK,,,"Oct 25, 2019",,USA,"BMW of Peoria, Peoria, US",,,,,,,,
C1M - Phytonic Blue Metallic,F97,LKSW - Black Extended Merino Leather,2020,5YMTS0C02L9B26955,,9B26955,2MK,,,"Oct 25, 2019",,USA,"BMW of The Woodlands, The Woodlands, US",,,,,,,,
300 - Alpine White,F97,LKHV - Adelaide Grey Extended Merino Leather,2020,5YMTS0C00L9B26971,,9B26971,2MK,,,"Oct 25, 2019",,USA,"Otto's BMW, West Chester, US",,,,,,,,
C28 - Donington Grey Metallic,F97,LKDA - Sakhir Orange Extended Merino Leather,2020,5YMTS0C04L9B26987,,9B26987,2MK,,,"Oct 25, 2019",,USA,"BMW of Palm Springs, Palm Springs, US",,,,,,,,
C28 - Donington Grey Metallic,F97,MAH7 - Black Vernasca Leather,2020,5YMTS0C07L9B27003,,9B27003,2MK,,,"Oct 25, 2019",,USA,"Sterling BMW, Newport Beach, US",,,,,,,,
C3G - Toronto Red Metallic,F97,LKSW - Black Extended Merino Leather,2020,5YMTS0C06L9B27011,,9B27011,2MK,,,"Oct 25, 2019",,USA,"BMW of Westchester, White Plains, US",,,,,,,,
300 - Alpine White,F97,VAEW - BMW Individual Ivory White Extended Merino Leather,2020,5YMTS0C0XL9B27027,,9B27027,2MK,,,"Oct 25, 2019",,USA,"Arrowhead BMW, Glendale, US",,,,,,,,
C28 - Donington Grey Metallic,F97,LKDA - Sakhir Orange Extended Merino Leather,2020,5YMTS0C08L9B27043,,9B27043,2MK,,,"Oct 25, 2019",,USA,"New Country BMW, Hartford, US",,,,,,,,
C1M - Phytonic Blue Metallic,F97,LKSW - Black Extended Merino Leather,2020,5YMTS0C01L9B27059,,9B27059,2MK,,,"Oct 25, 2019",,USA,"BMW of Anchorage, Anchorage, US",,,,,,,,
300 - Alpine White,F97,LKDA - Sakhir Orange Extended Merino Leather,2020,5YMTS0C00L9B27067,,9B27067,2MK,,,"Oct 25, 2019",,USA,"BMW of Mt. Laurel, Mount Laurel, US",,,,,,,,
C3G - Toronto Red Metallic,F97,HDJA - Black/Midrand Beige Two-Tone Merino Leather / Alcantara,2020,5YMTS0C0XL9B27075,,9B27075,2MK,,,"Oct 25, 2019",,USA,"BMW of Devon, Devon, US",,,,,,,,
300 - Alpine White,F97,VATQ - BMW Individual Tartufo Extended Merino Leather,2020,5YMTS0C08L9B27091,,9B27091,2MK,,,"Oct 25, 2019",,USA,"BMW of Murray, Murray, US",,,,,,,,
C28 - Donington Grey Metallic,F97,LKDA - Sakhir Orange Extended Merino Leather,2020,5YMTS0C08L9B27107,,9B27107,2MK,,,"Oct 25, 2019",,USA,"BMW of Mt. Laurel, Mount Laurel, US",,,,,,,,
475 - Black Sapphire Metallic,F97,LKSW - Black Extended Merino Leather,2020,5YMTS0C07L9B27115,,9B27115,2MK,,,"Oct 25, 2019",,USA,"BMW of Mt. Laurel, Mount Laurel, US",,,,,,,,
300 - Alpine White,F97,VATQ - BMW Individual Tartufo Extended Merino Leather,2020,5YMTS0C05L9B27131,,9B27131,2MK,,,"Oct 25, 2019",,USA,"Sun Motor Cars BMW, Mechanicsburg, US",,,,,,,,
C28 - Donington Grey Metallic,F97,LKDA - Sakhir Orange Extended Merino Leather,2020,5YMTS0C0XL9B27139,,9B27139,2MK,,,"Oct 25, 2019",,USA,"Princeton BMW, Hamilton, US",,,,,,,,
300 - Alpine White,F97,HDJA - Black/Midrand Beige Two-Tone Merino Leather / Alcantara,2020,5YMTS0C08L9B27155,,9B27155,2MK,,,"Oct 25, 2019",,USA,"BMW of South Austin, Austin, US",,,,,,,,
300 - Alpine White,F97,VAEW - BMW Individual Ivory White Extended Merino Leather,2020,5YMTS0C06L9B27171,,9B27171,2MK,,,"Oct 25, 2019",,USA,"Schomp BMW of Highlands Ranch, Highlands Ranch, US",,,,,,,,
475 - Black Sapphire Metallic,F97,LKHV - Adelaide Grey Extended Merino Leather,2020,5YMTS0C00L9B27179,,9B27179,2MK,,,"Oct 25, 2019",,USA,"BMW of Dallas/MINI of Dallas, Dallas, US",,,,,,,,
475 - Black Sapphire Metallic,F97,LKSW - Black Extended Merino Leather,2020,5YMTS0C09L9B27195,,9B27195,2MK,,,"Oct 25, 2019",,USA,"Bill Jacobs BMW/MINI, Naperville, US",,,,,,,,
300 - Alpine White,F97,LKDA - Sakhir Orange Extended Merino Leather,2020,5YMTS0C04L9B27203,,9B27203,2MK,,,"Oct 25, 2019",,USA,"BMW Laval, Laval, CA",,,,,,,,
300 - Alpine White,F97,VAEW - BMW Individual Ivory White Extended Merino Leather,2020,5YMTS0C09L9B28217,,9B28217,2MK,,,"Oct 25, 2019",,USA,"BMW Performance Center (SC), Greer, US",,,,,,,,
C1M - Phytonic Blue Metallic,F97,MAH7 - Black Vernasca Leather,2020,5YMTS0C08L9B28225,,9B28225,2MK,,,"Oct 25, 2019",,USA,"Coggin BMW Treasure Coast, Fort Pierce, US",,,,,,,,
300 - Alpine White,F97,LKSW - Black Extended Merino Leather,2020,5YMTS0C06L9B28241,,9B28241,2MK,,,"Oct 26, 2019",,USA,"BMW of Honolulu, Honolulu, US",,,,,,,,
A90 - Dark Graphite Metallic,F97,LKSW - Black Extended Merino Leather,2020,5YMTS0C06L9B28305,,9B28305,2MK,,,"Oct 26, 2019",,USA,"BMW of Honolulu, Honolulu, US",,,,,,,,
A90 - Dark Graphite Metallic,F97,LKHV - Adelaide Grey Extended Merino Leather,2020,5YMTS0C05L9B28313,,9B28313,2MK,,,"Oct 26, 2019",,USA,"BMW of Dallas/MINI of Dallas, Dallas, US",,,,,,,,
A90 - Dark Graphite Metallic,F97,LKDA - Sakhir Orange Extended Merino Leather,2020,5YMTS0C09L9B28329,,9B28329,2MK,,,"Oct 26, 2019",,USA,"Orange County BMW, Harriman, US",,,,,,,,
300 - Alpine White,F97,LKDA - Sakhir Orange Extended Merino Leather,2020,5YMTS0C07L9B28345,,9B28345,2MK,,,"Oct 26, 2019",,USA,"BMW Portland, Portland, US",,,,,,,,
A90 - Dark Graphite Metallic,F97,LKHV - Adelaide Grey Extended Merino Leather,2020,5YMTS0C0XL9B28369,,9B28369,2MK,,,"Oct 26, 2019",,USA,"United BMW, Alpharetta, US",,,,,,,,
300 - Alpine White,F97,LKDA - Sakhir Orange Extended Merino Leather,2020,5YMTS0C08L9B28449,,9B28449,2MK,,,"Oct 26, 2019",,USA,"BMW of Fairfax, Fairfax, US",,,,,,,,
C1M - Phytonic Blue Metallic,F97,HDJA - Black/Midrand Beige Two-Tone Merino Leather / Alcantara,2020,5YMTS0C07L9B28457,,9B28457,2MK,,,"Oct 26, 2019",,USA,"BMW of Asheville, Arden, US",,,,,,,,
C1M - Phytonic Blue Metallic,F97,LKHV - Adelaide Grey Extended Merino Leather,2020,5YMTS0C08L9B28497,,9B28497,2MK,,,"Oct 26, 2019",,USA,"BMW Laval, Laval, CA",,,,,,,,
C1M - Phytonic Blue Metallic,F97,LKHV - Adelaide Grey Extended Merino Leather,2020,5YMTS0C02L9B28513,,9B28513,2MK,,,"Oct 26, 2019",,USA,"BMW of Las Vegas, Las Vegas, US",,,,,,,,
C28 - Donington Grey Metallic,F97,LKSW - Black Extended Merino Leather,2020,5YMTS0C04L9B28545,,9B28545,2MK,,,"Oct 26, 2019",,USA,"BMW Moncton, Dieppe, CA",,,,,,,,
475 - Black Sapphire Metallic,F97,MAOQ - Oyster Vernasca Leather,2020,5YMTS0C03L9B28617,,9B28617,2MK,,,"Oct 26, 2019",,USA,"BMW of Dayton, Dayton, US",,,,,,,,
C1N - Sunstone Metallic,F97,HDJA - Black/Midrand Beige Two-Tone Merino Leather / Alcantara,2020,5YMTS0C02L9B28673,,9B28673,2MK,,,"Oct 26, 2019",,USA,"BMW of Manhasset, Manhasset, US",,,,,,,,
475 - Black Sapphire Metallic,F97,MAH7 - Black Vernasca Leather,2020,5YMTS0C04L9B29680,,9B29680,2MK,,,"Oct 27, 2019",,USA,"Autohaus BMW of Maplewood, Saint Louis, US",,,,,,,,
300 - Alpine White,F97,LKDA - Sakhir Orange Extended Merino Leather,2020,5YMTS0C03L9B29752,,9B29752,2MK,,,"Oct 27, 2019",,USA,"BMW of Fort Lauderdale, Fort Lauderdale, US",,,,,,,,
C28 - Donington Grey Metallic,F97,LKDA - Sakhir Orange Extended Merino Leather,2020,5YMTS0C07L9B29768,,9B29768,2MK,,,"Oct 27, 2019",,USA,"BMW of Riverside, Riverside, US",,,,,,,,
C1M - Phytonic Blue Metallic,F97,LKSW - Black Extended Merino Leather,2020,5YMTS0C04L9B29792,,9B29792,2MK,,,"Oct 28, 2019",,USA,"BMW of Fremont, Fremont, US",,,,,,,,
C28 - Donington Grey Metallic,F97,LKDA - Sakhir Orange Extended Merino Leather,2020,5YMTS0C00L9B29840,,9B29840,2MK,,,"Oct 28, 2019",,USA,"BMW of the Permian Basin, Midland, US",,,,,,,,
C28 - Donington Grey Metallic,F97,LKSW - Black Extended Merino Leather,2020,5YMTS0C00L9B29904,,9B29904,2MK,,,"Oct 28, 2019",,USA,"BMW of Fairfax, Fairfax, US",,,,,,,,
C3G - Toronto Red Metallic,F97,LKHV - Adelaide Grey Extended Merino Leather,2020,5YMTS0C0XL9B29912,,9B29912,2MK,,,"Oct 28, 2019",,USA,"Circle BMW, Eatontown, US",,,,,,,,
A90 - Dark Graphite Metallic,F97,VATQ - BMW Individual Tartufo Extended Merino Leather,2020,5YMTS0C03L9B29928,,9B29928,2MK,,,"Oct 28, 2019",,USA,"BMW of Fairfax, Fairfax, US",,,,,,,,
475 - Black Sapphire Metallic,F97,LKSW - Black Extended Merino Leather,2020,5YMTS0C01L9B29944,,9B29944,2MK,,,"Oct 28, 2019",,USA,"BMW of South Austin, Austin, US",,,,,,,,
300 - Alpine White,F97,LKDA - Sakhir Orange Extended Merino Leather,2020,5YMTS0C00L9B29952,,9B29952,2MK,,,"Oct 28, 2019",,USA,"Union Park BMW, Wilmington, US",,,,,,,,
300 - Alpine White,F97,LKSW - Black Extended Merino Leather,2020,5YMTS0C04L9B29968,,9B29968,2MK,,,"Oct 28, 2019",,USA,"BMW of Devon, Devon, US",,,,,,,,
C28 - Donington Grey Metallic,F97,LKDA - Sakhir Orange Extended Merino Leather,2020,5YMTS0C02L9B29984,,9B29984,2MK,,,"Oct 28, 2019",,USA,"BMW of Sudbury, Sudbury, US",,,,,,,,
475 - Black Sapphire Metallic,F97,HDJA - Black/Midrand Beige Two-Tone Merino Leather / Alcantara,2020,5YMTS0C05L9B30000,,9B30000,2MK,,,"Oct 28, 2019",,USA,"BMW of Catonsville, Baltimore, US",,,,,,,,
C28 - Donington Grey Metallic,F97,LKDA - Sakhir Orange Extended Merino Leather,2020,5YMTS0C0XL9B30008,,9B30008,2MK,,,"Oct 28, 2019",,USA,"BMW of El Paso, El Paso, US",,,,,,,,
475 - Black Sapphire Metallic,F97,LKSW - Black Extended Merino Leather,2020,5YMTS0C09L9B30016,,9B30016,2MK,,,"Oct 28, 2019",,USA,"Tulley BMW, Nashua, US",,,,,,,,
C28 - Donington Grey Metallic,F97,LKDA - Sakhir Orange Extended Merino Leather,2020,5YMTS0C08L9B30024,,9B30024,2MK,,,"Oct 28, 2019",,USA,"BMW of Fort Lauderdale, Fort Lauderdale, US",,,,,,,,
A90 - Dark Graphite Metallic,F97,LKDA - Sakhir Orange Extended Merino Leather,2020,5YMTS0C06L9B30040,,9B30040,2MK,,,"Oct 28, 2019",,USA,"BMW of South Albany, Glenmont, US",,,,,,,,
C28 - Donington Grey Metallic,F97,LKDA - Sakhir Orange Extended Merino Leather,2020,5YMTS0C0XL9B30056,,9B30056,2MK,,,"Oct 28, 2019",,USA,"BMW of Fort Lauderdale, Fort Lauderdale, US",,,,,,,,
A90 - Dark Graphite Metallic,F97,LKDA - Sakhir Orange Extended Merino Leather,2020,5YMTS0C09L9B30064,,9B30064,2MK,,,"Oct 28, 2019",,USA,"BMW Regina, Regina, CA",,,,,,,,
475 - Black Sapphire Metallic,F97,VATQ - BMW Individual Tartufo Extended Merino Leather,2020,5YMTS0C07L9B30080,,9B30080,2MK,,,"Oct 28, 2019",,USA,"BMW St. John's, St. John's, CA",,,,,,,,
C28 - Donington Grey Metallic,F97,MAH7 - Black Vernasca Leather,2020,5YMTS0C01L9B30088,,9B30088,2MK,,,"Oct 28, 2019",,USA,"Momentum BMW/MINI, Houston, US",,,,,,,,
475 - Black Sapphire Metallic,F97,LKHV - Adelaide Grey Extended Merino Leather,2020,5YMTS0C00L9B30096,,9B30096,2MK,,,"Oct 28, 2019",,USA,"BMW Langley, Langley, CA",,,,,,,,
C28 - Donington Grey Metallic,F97,LKSW - Black Extended Merino Leather,2020,5YMTS0C05L9B30112,,9B30112,2MK,,,"Oct 28, 2019",,USA,"Pacific BMW, Glendale, US",,,,,,,,
C28 - Donington Grey Metallic,F97,LKSW - Black Extended Merino Leather,2020,5YMTS0C04L9B30120,,9B30120,2MK,,,"Oct 28, 2019",,USA,"BMW of Las Vegas, Las Vegas, US",,,,,,,,
475 - Black Sapphire Metallic,F97,LKSW - Black Extended Merino Leather,2020,5YMTS0C09L9B30128,,9B30128,2MK,,,"Oct 28, 2019",,USA,"BMW Durham, Ajax, CA",,,,,,,,
C28 - Donington Grey Metallic,F97,MAH7 - Black Vernasca Leather,2020,5YMTS0C08L9B30136,,9B30136,2MK,,,"Oct 28, 2019",,USA,"McKenna BMW, Norwalk, US",,,,,,,,
475 - Black Sapphire Metallic,F97,HDJA - Black/Midrand Beige Two-Tone Merino Leather / Alcantara,2020,5YMTS0C07L9B30144,,9B30144,2MK,,,"Oct 28, 2019",,USA,"Brian Jessel BMW, Vancouver, CA",,,,,,,,
C28 - Donington Grey Metallic,F97,HDJA - Black/Midrand Beige Two-Tone Merino Leather / Alcantara,2020,5YMTS0C06L9B30152,,9B30152,2MK,,,"Oct 28, 2019",,USA,"Passport BMW, Suitland, US",,,,,,,,
C28 - Donington Grey Metallic,F97,LKDA - Sakhir Orange Extended Merino Leather,2020,5YMTS0C05L9B30160,,9B30160,2MK,,,"Oct 28, 2019",,USA,"BMW of Freehold, Freehold, US",,,,,,,,
C28 - Donington Grey Metallic,F97,VAEW - BMW Individual Ivory White Extended Merino Leather,2020,5YMTS0C0XL9B30168,,9B30168,2MK,,,"Oct 28, 2019",,USA,"Valencia BMW, Valencia, US",,,,,,,,
C28 - Donington Grey Metallic,F97,LKDA - Sakhir Orange Extended Merino Leather,2020,5YMTS0C08L9B30184,,9B30184,2MK,,,"Oct 28, 2019",,USA,"BMW of Utica, Utica, US",,,,,,,,
C28 - Donington Grey Metallic,F97,MAOQ - Oyster Vernasca Leather,2020,5YMTS0C07L9B30192,,9B30192,2MK,,,"Oct 28, 2019",,USA,"Valley BMW, Modesto, US",,,,,,,,
C28 - Donington Grey Metallic,F97,LKHV - Adelaide Grey Extended Merino Leather,2020,5YMTS0C07L9B30208,,9B30208,2MK,,,"Oct 28, 2019",,USA,"Niello BMW Sacramento, Sacramento, US",,,,,,,,
C28 - Donington Grey Metallic,F97,LKSW - Black Extended Merino Leather,2020,5YMTS0C05L9B30224,,9B30224,2MK,,,"Oct 28, 2019",,USA,"BMW of Milwaukee North, Milwaukee, US",,,,,,,,
C28 - Donington Grey Metallic,F97,LKSW - Black Extended Merino Leather,2020,5YMTS0C03L9B30240,,9B30240,2MK,,,"Oct 28, 2019",,USA,"BMW of Spokane, Spokane, US",,,,,,,,
C28 - Donington Grey Metallic,F97,MAH7 - Black Vernasca Leather,2020,5YMTS0C08L9B30248,,9B30248,2MK,,,"Oct 28, 2019",,USA,"Santa Fe BMW, Santa Fe, US",,,,,,,,
C28 - Donington Grey Metallic,F97,LKSW - Black Extended Merino Leather,2020,5YMTS0C06L9B30264,,9B30264,2MK,,,"Oct 28, 2019",,USA,"Richmond BMW, Richmond, US",,,,,,,,
C28 - Donington Grey Metallic,F97,MAOQ - Oyster Vernasca Leather,2020,5YMTS0C04L9B30280,,9B30280,2MK,,,"Oct 28, 2019",,USA,"BMW of South Austin, Austin, US",,,,,,,,
C28 - Donington Grey Metallic,F97,LKDA - Sakhir Orange Extended Merino Leather,2020,5YMTS0C08L9B30296,,9B30296,2MK,,,"Oct 28, 2019",,USA,"BMW of Sterling, Sterling, US",,,,,,,,
C28 - Donington Grey Metallic,F97,HDJA - Black/Midrand Beige Two-Tone Merino Leather / Alcantara,2020,5YMTS0C02L9B30312,,9B30312,2MK,,,"Oct 28, 2019",,USA,"AH Euler Kaiserslautern GmbH, Kaiserslautern, DE",,,,,,,,
C28 - Donington Grey Metallic,F97,LKSW - Black Extended Merino Leather,2020,5YMTS0C06L9B30328,,9B30328,2MK,,,"Oct 28, 2019",,USA,"BMW of Gwinnett Place, Duluth, US",,,,,,,,
C28 - Donington Grey Metallic,F97,LKHV - Adelaide Grey Extended Merino Leather,2020,5YMTS0C04L9B30344,,9B30344,2MK,,,"Oct 28, 2019",,USA,"Chapman BMW, Chandler, US",,,,,,,,
475 - Black Sapphire Metallic,F97,VAEW - BMW Individual Ivory White Extended Merino Leather,2020,5YMTS0C09L9B31277,,9B31277,2MK,,,"Oct 28, 2019",,USA,"Walker BMW, Alexandria, US",,,,,,,,
C3G - Toronto Red Metallic,F97,LKSW - Black Extended Merino Leather,2020,5YMTS0C08L9B31285,,9B31285,2MK,,,"Oct 28, 2019",,USA,"BMW of the Permian Basin, Midland, US",,,,,,,,
475 - Black Sapphire Metallic,F97,LKSW - Black Extended Merino Leather,2020,5YMTS0C07L9B31293,,9B31293,2MK,,,"Oct 28, 2019",,USA,"BMW of North Liberty, North Liberty, US",,,,,,,,
475 - Black Sapphire Metallic,F97,MAOQ - Oyster Vernasca Leather,2020,5YMTS0C07L9B31309,,9B31309,2MK,,,"Oct 28, 2019",,USA,"BMW of Columbia, Columbia, US",,,,,,,,
300 - Alpine White,F97,LKHV - Adelaide Grey Extended Merino Leather,2020,5YMTS0C05L9B31325,,9B31325,2MK,,,"Oct 28, 2019",,USA,"BMW of Buena Park, Buena Park, US",,,,,,,,
475 - Black Sapphire Metallic,F97,LKSW - Black Extended Merino Leather,2020,5YMTS0C03L9B31341,,9B31341,2MK,,,"Oct 28, 2019",,USA,"McKenna BMW, Norwalk, US",,,,,,,,
C3G - Toronto Red Metallic,F97,LKSW - Black Extended Merino Leather,2020,5YMTS0C08L9B31349,,9B31349,2MK,,,"Oct 28, 2019",,USA,"Paul Miller BMW, Wayne, US",,,,,,,,
C3G - Toronto Red Metallic,F97,LKSW - Black Extended Merino Leather,2020,5YMTS0C07L9B31357,,9B31357,2MK,,,"Oct 28, 2019",,USA,"Bobby Rahal BMW of South Hills, Canonsburg, US",,,,,,,,
300 - Alpine White,F97,LKDA - Sakhir Orange Extended Merino Leather,2020,5YMTS0C05L9B31373,,9B31373,2MK,,,"Oct 29, 2019",,USA,"BMW of Fort Lauderdale, Fort Lauderdale, US",,,,,,,,
C3G - Toronto Red Metallic,F97,VAEW - BMW Individual Ivory White Extended Merino Leather,2020,5YMTS0C04L9B31381,,9B31381,2MK,,,"Oct 29, 2019",,USA,"BMW of Honolulu, Honolulu, US",,,,,,,,
475 - Black Sapphire Metallic,F97,HDJA - Black/Midrand Beige Two-Tone Merino Leather / Alcantara,2020,5YMTS0C08L9B31397,,9B31397,2MK,,,"Oct 29, 2019",,USA,"BMW of Honolulu, Honolulu, US",,,,,,,,
300 - Alpine White,F97,LKSW - Black Extended Merino Leather,2020,5YMTS0C03L9B31405,,9B31405,2MK,,,"Oct 29, 2019",,USA,"Momentum BMW/MINI, Houston, US",,,,,,,,
475 - Black Sapphire Metallic,F97,LKSW - Black Extended Merino Leather,2020,5YMTS0C02L9B31413,,9B31413,2MK,,,"Oct 29, 2019",,USA,"Momentum BMW/MINI, Houston, US",,,,,,,,
300 - Alpine White,F97,LKHV - Adelaide Grey Extended Merino Leather,2020,5YMTS0C06L9B31429,,9B31429,2MK,,,"Oct 29, 2019",,USA,"Momentum BMW/MINI, Houston, US",,,,,,,,
475 - Black Sapphire Metallic,F97,LKSW - Black Extended Merino Leather,2020,5YMTS0C04L9B31445,,9B31445,2MK,,,"Oct 29, 2019",,USA,"Center BMW, Sherman Oaks, US",,,,,,,,
300 - Alpine White,F97,LKDA - Sakhir Orange Extended Merino Leather,2020,5YMTS0C03L9B31453,,9B31453,2MK,,,"Oct 29, 2019",,USA,"Center BMW, Sherman Oaks, US",,,,,,,,
475 - Black Sapphire Metallic,F97,LKDA - Sakhir Orange Extended Merino Leather,2020,5YMTS0C07L9B31469,,9B31469,2MK,,,"Oct 29, 2019",,USA,"Center BMW, Sherman Oaks, US",,,,,,,,
,F97,VATQ - BMW Individual Tartufo Extended Merino Leather,2020,5YMTS0C06L9B31477,,9B31477,2MK,,,"Oct 29, 2019",,USA,"BMW of Westchester, White Plains, US",,,,,,,,
300 - Alpine White,F97,LKDA - Sakhir Orange Extended Merino Leather,2020,5YMTS0C04L9B31493,,9B31493,2MK,,,"Oct 29, 2019",,USA,"Open Road BMW, Edison, US",,,,,,,,
475 - Black Sapphire Metallic,F97,LKSW - Black Extended Merino Leather,2020,5YMTS0C04L9B31509,,9B31509,2MK,,,"Oct 29, 2019",,USA,"BMW of Buena Park, Buena Park, US",,,,,,,,
300 - Alpine White,F97,LKDA - Sakhir Orange Extended Merino Leather,2020,5YMTS0C03L9B31517,,9B31517,2MK,,,"Oct 29, 2019",,USA,"BMW of Buena Park, Buena Park, US",,,,,,,,
300 - Alpine White,F97,LKHV - Adelaide Grey Extended Merino Leather,2020,5YMTS0C02L9B31525,,9B31525,2MK,,,"Oct 29, 2019",,USA,"BMW of North Haven, North Haven, US",,,,,,,,
475 - Black Sapphire Metallic,F97,MAOQ - Oyster Vernasca Leather,2020,5YMTS0C01L9B31533,,9B31533,2MK,,,"Oct 29, 2019",,USA,"BMW North Scottsdale, Phoenix, US",,,,,,,,
475 - Black Sapphire Metallic,F97,LKDA - Sakhir Orange Extended Merino Leather,2020,5YMTS0C00L9B31541,,9B31541,2MK,,,"Oct 29, 2019",,USA,"BMW of Manhasset, Manhasset, US",,,,,,,,
300 - Alpine White,F97,HDJA - Black/Midrand Beige Two-Tone Merino Leather / Alcantara,2020,5YMTS0C05L9B31549,,9B31549,2MK,,,"Oct 29, 2019",,USA,"Autogermana, Inc., Hato Rey, US",,,,,,,,
475 - Black Sapphire Metallic,F97,LKDA - Sakhir Orange Extended Merino Leather,2020,5YMTS0C03L9B31565,,9B31565,2MK,,,"Oct 29, 2019",,USA,"Autogermana, Inc., Hato Rey, US",,,,,,,,
300 - Alpine White,F97,HDJA - Black/Midrand Beige Two-Tone Merino Leather / Alcantara,2020,5YMTS0C02L9B31573,,9B31573,2MK,,,"Oct 29, 2019",,USA,"BMW of Rochester Hills, Shelby Township, US",,,,,,,,
300 - Alpine White,F97,LKDA - Sakhir Orange Extended Merino Leather,2020,5YMTS0C06L9B31589,,9B31589,2MK,,,"Oct 29, 2019",,USA,"Braman BMW/Braman MINI of Miami, Miami, US",,,,,,,,
300 - Alpine White,F97,VATQ - BMW Individual Tartufo Extended Merino Leather,2020,5YMTS0C05L9B31597,,9B31597,2MK,,,"Oct 29, 2019",,USA,"BMW of Milwaukee North, Milwaukee, US",,,,,,,,
300 - Alpine White,F97,MAH7 - Black Vernasca Leather,2020,5YMTS0C0XL9B31613,,9B31613,2MK,,,"Oct 29, 2019",,USA,"BMW of Newton, Newton, US",,,,,,,,
475 - Black Sapphire Metallic,F97,LKSW - Black Extended Merino Leather,2020,5YMTS0C09L9B31621,,9B31621,2MK,,,"Oct 29, 2019",,USA,"Bob Smith BMW, Calabasas, US",,,,,,,,
300 - Alpine White,F97,LKSW - Black Extended Merino Leather,2020,5YMTS0C02L9B31637,,9B31637,2MK,,,"Oct 29, 2019",,USA,"Valley BMW, Modesto, US",,,,,,,,
475 - Black Sapphire Metallic,F97,LKSW - Black Extended Merino Leather,2020,5YMTS0C01L9B31645,,9B31645,2MK,,,"Oct 29, 2019",,USA,"BMW of Reading, Reading, US",,,,,,,,
475 - Black Sapphire Metallic,F97,HDJA - Black/Midrand Beige Two-Tone Merino Leather / Alcantara,2020,5YMTS0C0XL9B31661,,9B31661,2MK,,,"Oct 29, 2019",,USA,"East Bay BMW, Pleasanton, US",,,,,,,,
300 - Alpine White,F97,LKSW - Black Extended Merino Leather,2020,5YMTS0C03L9B31677,,9B31677,2MK,,,"Oct 29, 2019",,USA,"BMW of Kansas City South, Kansas CIty, US",,,,,,,,
475 - Black Sapphire Metallic,F97,LKSW - Black Extended Merino Leather,2020,5YMTS0C02L9B31685,,9B31685,2MK,,,"Oct 29, 2019",,USA,"BMW Seattle, Seattle, US",,,,,,,,
300 - Alpine White,F97,LKHV - Adelaide Grey Extended Merino Leather,2020,5YMTS0C01L9B31693,,9B31693,2MK,,,"Oct 29, 2019",,USA,"BMW of Sterling, Sterling, US",,,,,,,,
475 - Black Sapphire Metallic,F97,MAH7 - Black Vernasca Leather,2020,5YMTS0C01L9B31709,,9B31709,2MK,,,"Oct 29, 2019",,USA,"Flow BMW, Winston Salem, US",,,,,,,,
475 - Black Sapphire Metallic,F97,LKDA - Sakhir Orange Extended Merino Leather,2020,5YMTS0C0XL9B31725,,9B31725,2MK,,,"Oct 29, 2019",,USA,"BMW of Williamsport, Muncy, US",,,,,,,,
300 - Alpine White,F97,LKSW - Black Extended Merino Leather,2020,5YMTS0C09L9B31733,,9B31733,2MK,,,"Oct 29, 2019",,USA,"Checkered Flag BMW/MINI, Virginia Beach, US",,,,,,,,
300 - Alpine White,F97,LKDA - Sakhir Orange Extended Merino Leather,2020,5YMTS0C08L9B31741,,9B31741,2MK,,,"Oct 29, 2019",,USA,"BMW of Shrewsbury, Shrewsbury, US",,,,,,,,
475 - Black Sapphire Metallic,F97,LKDA - Sakhir Orange Extended Merino Leather,2020,5YMTS0C01L9B31757,,9B31757,2MK,,,"Oct 29, 2019",,USA,"United BMW, Alpharetta, US",,,,,,,,
475 - Black Sapphire Metallic,F97,LKDA - Sakhir Orange Extended Merino Leather,2020,5YMTS0C0XL9B31773,,9B31773,2MK,,,"Oct 29, 2019",,USA,"BMW of Minnetonka, Minnetonka, US",,,,,,,,
300 - Alpine White,F97,LKDA - Sakhir Orange Extended Merino Leather,2020,5YMTS0C09L9B31781,,9B31781,2MK,,,"Oct 29, 2019",,USA,"BMW of Tigard, Tigard, US",,,,,,,,
300 - Alpine White,F97,LKDA - Sakhir Orange Extended Merino Leather,2020,5YMTS0C03L9B31789,,9B31789,2MK,,,"Oct 29, 2019",,USA,"BMW of Brooklyn, Brooklyn, US",,,,,,,,
475 - Black Sapphire Metallic,F97,LKSW - Black Extended Merino Leather,2020,5YMTS0C08L9B31805,,9B31805,2MK,,,"Oct 29, 2019",,USA,"United BMW, Alpharetta, US",,,,,,,,
475 - Black Sapphire Metallic,F97,LKDA - Sakhir Orange Extended Merino Leather,2020,5YMTS0C06L9B31821,,9B31821,2MK,,,"Oct 29, 2019",,USA,"BMW of Lancaster, Lancaster, US",,,,,,,,
300 - Alpine White,F97,LKHV - Adelaide Grey Extended Merino Leather,2020,5YMTS0C0XL9B31837,,9B31837,2MK,,,"Oct 29, 2019",,USA,"BMW of Sterling, Sterling, US",,,,,,,,
300 - Alpine White,F97,MAH7 - Black Vernasca Leather,2020,5YMTS0C08L9B31853,,9B31853,2MK,,,"Oct 29, 2019",,USA,"BMW of South Austin, Austin, US",,,,,,,,
300 - Alpine White,F97,HDJA - Black/Midrand Beige Two-Tone Merino Leather / Alcantara,2020,5YMTS0C07L9B31861,,9B31861,2MK,,,"Oct 29, 2019",,USA,"BMW of Monterey, Seaside, US",,,,,,,,
300 - Alpine White,F97,MAH7 - Black Vernasca Leather,2020,5YMTS0C01L9B31869,,9B31869,2MK,,,"Oct 29, 2019",,USA,"BMW of Manhattan, New York, US",,,,,,,,
300 - Alpine White,F97,LKDA - Sakhir Orange Extended Merino Leather,2020,5YMTS0C0XL9B31885,,9B31885,2MK,,,"Oct 29, 2019",,USA,"BMW of Alexandria, Alexandria, US",,,,,,,,
A90 - Dark Graphite Metallic,F97,LKSW - Black Extended Merino Leather,2020,5YMTS0C04L9B31901,,9B31901,2MK,,,"Oct 29, 2019",,USA,"Competition BMW of Smithtown, Saint James, US",,,,,,,,
300 - Alpine White,F97,LKSW - Black Extended Merino Leather,2020,5YMTS0C06L9B31916,,9B31916,2MK,,,"Oct 29, 2019",,USA,"Peake BMW, Kenner, US",,,,,,,,
475 - Black Sapphire Metallic,F97,LKDA - Sakhir Orange Extended Merino Leather,2020,5YMTS0C00L9B31930,,9B31930,2MK,,,"Oct 29, 2019",,USA,"BMW of Manhasset, Manhasset, US",,,,,,,,
C1M - Phytonic Blue Metallic,F97,LKHV - Adelaide Grey Extended Merino Leather,2020,5YMTS0C09L9B33837,,9B33837,2MK,,,"Oct 29, 2019",,USA,"BMW of Gwinnett Place, Duluth, US",,,,,,,,
A90 - Dark Graphite Metallic,F97,LKSW - Black Extended Merino Leather,2020,5YMTS0C05L9B33933,,9B33933,2MK,,,"Oct 30, 2019",,USA,"Autobahn Motorcars, Fort Worth, US",,,,,,,,
A90 - Dark Graphite Metallic,F97,LKDA - Sakhir Orange Extended Merino Leather,2020,5YMTS0C04L9B33972,,9B33972,2MK,,,"Oct 30, 2019",,USA,"Paul Miller BMW, Wayne, US",,,,,,,,
C1M - Phytonic Blue Metallic,F97,LKDA - Sakhir Orange Extended Merino Leather,2020,5YMTS0C03L9B34028,,9B34028,2MK,,,"Oct 30, 2019",,USA,"BMW of Honolulu, Honolulu, US",,,,,,,,
C3G - Toronto Red Metallic,F97,LKSW - Black Extended Merino Leather,2020,5YMTS0C04L9B34068,,9B34068,2MK,,,"Oct 30, 2019",,USA,"BMW of Pittsburgh, Pittsburgh, US",,,,,,,,
A90 - Dark Graphite Metallic,F97,LKHV - Adelaide Grey Extended Merino Leather,2020,5YMTS0C02L9B34084,,9B34084,2MK,,,"Oct 30, 2019",,USA,"BMW of Buena Park, Buena Park, US",,,,,,,,
A90 - Dark Graphite Metallic,F97,MAOQ - Oyster Vernasca Leather,2020,5YMTS0C07L9B34100,,9B34100,2MK,,,"Oct 30, 2019",,USA,"BMW of Palm Springs, Palm Springs, US",,,,,,,,
C3G - Toronto Red Metallic,F97,LKSW - Black Extended Merino Leather,2020,5YMTS0C00L9B34116,,9B34116,2MK,,,"Oct 30, 2019",,USA,"New Motors, Inc., Erie, US",,,,,,,,
C3G - Toronto Red Metallic,F97,LKHV - Adelaide Grey Extended Merino Leather,2020,5YMTS0C08L9B34123,,9B34123,2MK,,,"Oct 30, 2019",,USA,"BMW of Roseville, Roseville, US",,,,,,,,
C3G - Toronto Red Metallic,F97,HDJA - Black/Midrand Beige Two-Tone Merino Leather / Alcantara,2020,5YMTS0C01L9B34139,,9B34139,2MK,,,"Oct 30, 2019",,USA,"BMW of San Diego, San Diego, US",,,,,,,,
C3G - Toronto Red Metallic,F97,LKHV - Adelaide Grey Extended Merino Leather,2020,5YMTS0C00L9B34147,,9B34147,2MK,,,"Oct 30, 2019",,USA,"Crevier BMW, Santa Ana, US",,,,,,,,
C1M - Phytonic Blue Metallic,F97,MAH7 - Black Vernasca Leather,2020,5YMTS0C09L9B34163,,9B34163,2MK,,,"Oct 30, 2019",,USA,"Chapman BMW, Chandler, US",,,,,,,,
C3G - Toronto Red Metallic,F97,LKSW - Black Extended Merino Leather,2020,5YMTS0C02L9B34179,,9B34179,2MK,,,"Oct 30, 2019",,USA,"BMW of West St. Louis, Manchester, US",,,,,,,,
C1M - Phytonic Blue Metallic,F97,VATQ - BMW Individual Tartufo Extended Merino Leather,2020,5YMTS0C00L9B34195,,9B34195,2MK,,,"Oct 30, 2019",,USA,"BMW Northwest, Tacoma, US",,,,,,,,
C3G - Toronto Red Metallic,F97,LKSW - Black Extended Merino Leather,2020,5YMTS0C05L9B34211,,9B34211,2MK,,,"Oct 30, 2019",,USA,"BMW of San Rafael, San Rafael, US",,,,,,,,
C3G - Toronto Red Metallic,F97,LKHV - Adelaide Grey Extended Merino Leather,2020,5YMTS0C09L9B34227,,9B34227,2MK,,,"Oct 30, 2019",,USA,"Niello BMW Sacramento, Sacramento, US",,,,,,,,
C1M - Phytonic Blue Metallic,F97,LKSW - Black Extended Merino Leather,2020,5YMTS0C08L9B34235,,9B34235,2MK,,,"Oct 30, 2019",,USA,"BMW of San Rafael, San Rafael, US",,,,,,,,
A90 - Dark Graphite Metallic,F97,LKSW - Black Extended Merino Leather,2020,5YMTS0C09L9B34258,,9B34258,2MK,,,"Oct 30, 2019",,USA,"BMW of Spokane, Spokane, US",,,,,,,,
A90 - Dark Graphite Metallic,F97,LKHV - Adelaide Grey Extended Merino Leather,2020,5YMTS0C05L9B34306,,9B34306,2MK,,,"Oct 30, 2019",,USA,"Flow BMW, Winston Salem, US",,,,,,,,
C1M - Phytonic Blue Metallic,F97,VATQ - BMW Individual Tartufo Extended Merino Leather,2020,5YMTS0C06L9B34346,,9B34346,2MK,,,"Oct 30, 2019",,USA,"BMW of Rockville, Rockville, US",,,,,,,,
C3G - Toronto Red Metallic,F97,LKSW - Black Extended Merino Leather,2020,5YMTS0C03L9B34384,,9B34384,2MK,,,"Oct 30, 2019",,USA,"BMW of Austin, Austin, US",,,,,,,,
C1M - Phytonic Blue Metallic,F97,VATQ - BMW Individual Tartufo Extended Merino Leather,2020,5YMTS0C00L9B34407,,9B34407,2MK,,,"Oct 30, 2019",,USA,"Chapman BMW, Chandler, US",,,,,,,,
C28 - Donington Grey Metallic,F97,LKHV - Adelaide Grey Extended Merino Leather,2020,5YMTS0C0XL9B34415,,9B34415,2MK,,,"Oct 30, 2019",,USA,"Reeves Import Motorcars, Inc., Tampa, US",,,,,,,,
475 - Black Sapphire Metallic,F97,LKHV - Adelaide Grey Extended Merino Leather,2020,5YMTS0C02L9B34439,,9B34439,2MK,,,"Oct 30, 2019",,USA,"BMW of Manhasset, Manhasset, US",,,,,,,,
300 - Alpine White,F97,MAH7 - Black Vernasca Leather,2020,5YMTS0C07L9B34727,,9B34727,2MK,,,"Oct 31, 2019",,USA,"Policaro BMW, Brampton, CA",,,,,,,,
C3G - Toronto Red Metallic,F97,LKSW - Black Extended Merino Leather,2020,5YMTS0C04L9B34751,,9B34751,2MK,,,"Oct 31, 2019",,USA,"BMW Ville de Quebec, Quebec City, CA",,,,,,,,
A90 - Dark Graphite Metallic,F97,LKDA - Sakhir Orange Extended Merino Leather,2020,5YMTS0C08L9B34767,,9B34767,2MK,,,"Oct 31, 2019",,USA,"Overseas Motors, Windsor, CA",,,,,,,,
A90 - Dark Graphite Metallic,F97,VATQ - BMW Individual Tartufo Extended Merino Leather,2020,5YMTS0C06L9B34783,,9B34783,2MK,,,"Oct 31, 2019",,USA,"BMW Toronto, Toronto, CA",,,,,,,,
300 - Alpine White,F97,LKDA - Sakhir Orange Extended Merino Leather,2020,5YMTS0C05L9B34791,,9B34791,2MK,,,"Oct 31, 2019",,USA,"Budds' BMW Oakville, Oakville, CA",,,,,,,,
C3G - Toronto Red Metallic,F97,LKHV - Adelaide Grey Extended Merino Leather,2020,5YMTS0C04L9B34815,,9B34815,2MK,,,"Oct 31, 2019",,USA,"BMW Levis, Levis, CA",,,,,,,,
300 - Alpine White,F97,LKDA - Sakhir Orange Extended Merino Leather,2020,5YMTS0C03L9B34871,,9B34871,2MK,,,"Oct 31, 2019",,USA,"Braman Motorcars/Braman MINI of Pal, West Palm Beach, US",,,,,,,,
C28 - Donington Grey Metallic,F97,LKSW - Black Extended Merino Leather,2020,5YMTS0C07L9B34887,,9B34887,2MK,,,"Oct 31, 2019",,USA,"Calgary BMW, Calgary, CA",,,,,,,,
475 - Black Sapphire Metallic,F97,LKDA - Sakhir Orange Extended Merino Leather,2020,5YMTS0C06L9B34895,,9B34895,2MK,,,"Oct 31, 2019",,USA,"BMW West Island, Dorval, CA",,,,,,,,
300 - Alpine White,F97,VATQ - BMW Individual Tartufo Extended Merino Leather,2020,5YMTS0C04L9B34958,,9B34958,2MK,,,"Oct 31, 2019",,USA,"BMW of Houston North, Houston, US",,,,,,,,
300 - Alpine White,F97,LKSW - Black Extended Merino Leather,2020,5YMTS0C05L9B34998,,9B34998,2MK,,,"Oct 31, 2019",,USA,"BMW Santa Barbara, Santa Barbara, US",,,,,,,,
300 - Alpine White,F97,MAH7 - Black Vernasca Leather,2020,5YMTS0C04L9B35060,,9B35060,2MK,,,"Oct 31, 2019",,USA,"BMW Langley, Langley, CA",,,,,,,,
475 - Black Sapphire Metallic,F97,VATQ - BMW Individual Tartufo Extended Merino Leather,2020,5YMTS0C07L9B35067,,9B35067,2MK,,,"Oct 31, 2019",,USA,"Performance BMW, St. Catharines, CA",,,,,,,,
C1M - Phytonic Blue Metallic,F97,LKHV - Adelaide Grey Extended Merino Leather,2020,5YMTS0C02L9B36658,,9B36658,2MK,,,"Oct 31, 2019",,USA,"BMW of Westchester, White Plains, US",,,,,,,,
C1M - Phytonic Blue Metallic,F97,VAEW - BMW Individual Ivory White Extended Merino Leather,2020,5YMTS0C0XL9B36665,,9B36665,2MK,,,"Oct 31, 2019",,USA,"BMW North Scottsdale, Phoenix, US",,,,,,,,
300 - Alpine White,F97,MAH7 - Black Vernasca Leather,2020,5YMTS0C08L9B36681,,9B36681,2MK,,,"Oct 31, 2019",,USA,"BMW Encinitas, Encinitas, US",,,,,,,,
475 - Black Sapphire Metallic,F97,LKHV - Adelaide Grey Extended Merino Leather,2020,5YMTS0C08L9B36695,,9B36695,2MK,,,"Oct 31, 2019",,USA,"Schomp BMW of Highlands Ranch, Highlands Ranch, US",,,,,,,,
475 - Black Sapphire Metallic,F97,HDJA - Black/Midrand Beige Two-Tone Merino Leather / Alcantara,2020,5YMTS0C04L9B36709,,9B36709,2MK,,,"Oct 31, 2019",,USA,"Vista BMW, Coconut Creek, US",,,,,,,,
C28 - Donington Grey Metallic,F97,LKHV - Adelaide Grey Extended Merino Leather,2020,5YMTS0C03L9B36717,,9B36717,2MK,,,"Oct 31, 2019",,USA,"BMW of Doylestown, Doylestown, US",,,,,,,,
C1M - Phytonic Blue Metallic,F97,VATQ - BMW Individual Tartufo Extended Merino Leather,2020,5YMTS0C01L9B36733,,9B36733,2MK,,,"Oct 31, 2019",,USA,"BMW of Newton, Newton, US",,,,,,,,
C1M - Phytonic Blue Metallic,F97,VAEW - BMW Individual Ivory White Extended Merino Leather,2020,5YMTS0C05L9B36749,,9B36749,2MK,,,"Oct 31, 2019",,USA,"BMW of South Austin, Austin, US",,,,,,,,
C1M - Phytonic Blue Metallic,F97,VATQ - BMW Individual Tartufo Extended Merino Leather,2020,5YMTS0C04MLT10084,,LT10084,2MK,,,"Oct 9, 2019",,USA,No information,,,,,,,,
475 - Black Sapphire Metallic,F97,LKHV - Adelaide Grey Extended Merino Leather,2020,5YMTS0C05LLT11002,,LT11002,2MK,,,"Oct 1, 2019",,USA,"BMW of Alexandria, Alexandria, US",,,,,,,,
300 - Alpine White,F97,VATQ - BMW Individual Tartufo Extended Merino Leather,2020,5YMTS0C0XLLT11013,,LT11013,2MK,,,"Oct 1, 2019",,USA,"BMW of South Albany, Glenmont, US",,,,,,,,
475 - Black Sapphire Metallic,F97,LKDA - Sakhir Orange Extended Merino Leather,2020,5YMTS0C01L9B36781,,9B36781,2MK,,,"Nov 1, 2019",,USA,"BMW Cleveland, Solan, US",,,,,,,,
475 - Black Sapphire Metallic,F97,MAH7 - Black Vernasca Leather,2020,5YMTS0C05L9B36797,,9B36797,2MK,,,"Nov 1, 2019",,USA,"BMW of Ramsey, Ramsey, US",,,,,,,,
475 - Black Sapphire Metallic,F97,LKDA - Sakhir Orange Extended Merino Leather,2020,5YMTS0C00L9B36805,,9B36805,2MK,,,"Nov 1, 2019",,USA,"Vista BMW, Coconut Creek, US",,,,,,,,
C28 - Donington Grey Metallic,F97,LKHV - Adelaide Grey Extended Merino Leather,2020,5YMTS0C07L9B36820,,9B36820,2MK,,,"Nov 1, 2019",,USA,"BMW of Murrieta, Murrieta, US",,,,,,,,
300 - Alpine White,F97,MAH7 - Black Vernasca Leather,2020,5YMTS0C00L9B36836,,9B36836,2MK,,,"Nov 1, 2019",,USA,"BMW of Lincoln, Lincoln, US",,,,,,,,
C28 - Donington Grey Metallic,F97,LKDA - Sakhir Orange Extended Merino Leather,2020,5YMTS0C0XL9B36844,,9B36844,2MK,,,"Nov 1, 2019",,USA,"Bluegrass BMW, Paducah, US",,,,,,,,
475 - Black Sapphire Metallic,F97,LKSW - Black Extended Merino Leather,2020,5YMTS0C01L9B36859,,9B36859,2MK,,,"Nov 1, 2019",,USA,"BMW of Bridgeport, Bridgeport, US",,,,,,,,
C28 - Donington Grey Metallic,F97,LKDA - Sakhir Orange Extended Merino Leather,2020,5YMTS0C09L9B36883,,9B36883,2MK,,,"Nov 1, 2019",,USA,"Sterling BMW, Newport Beach, US",,,,,,,,
475 - Black Sapphire Metallic,F97,LKDA - Sakhir Orange Extended Merino Leather,2020,5YMTS0C08L9B36891,,9B36891,2MK,,,"Nov 1, 2019",,USA,"BMW Portland, Portland, US",,,,,,,,
475 - Black Sapphire Metallic,F97,LKDA - Sakhir Orange Extended Merino Leather,2020,5YMTS0C02L9B36899,,9B36899,2MK,,,"Nov 1, 2019",,USA,"Rusnak BMW, Thousand Oaks, US",,,,,,,,
C1M - Phytonic Blue Metallic,F97,LKHV - Adelaide Grey Extended Merino Leather,2020,5YMTS0C08L9B36907,,9B36907,2MK,,,"Nov 1, 2019",,USA,"BMW of Salem, Salem, US",,,,,,,,
C28 - Donington Grey Metallic,F97,LKSW - Black Extended Merino Leather,2020,5YMTS0C07L9B36915,,9B36915,2MK,,,"Nov 1, 2019",,USA,"Fields BMW, Northfield, US",,,,,,,,
C28 - Donington Grey Metallic,F97,LKSW - Black Extended Merino Leather,2020,5YMTS0C06L9B36923,,9B36923,2MK,,,"Nov 1, 2019",,USA,"BMW of Dallas/MINI of Dallas, Dallas, US",,,,,,,,
300 - Alpine White,F97,LKDA - Sakhir Orange Extended Merino Leather,2020,5YMTS0C05L9B36931,,9B36931,2MK,,,"Nov 1, 2019",,USA,"Zeigler BMW, Kalamazoo, US",,,,,,,,
475 - Black Sapphire Metallic,F97,LKDA - Sakhir Orange Extended Merino Leather,2020,5YMTS0C0XL9B36939,,9B36939,2MK,,,"Nov 1, 2019",,USA,"Sandia BMW/MINI, Albuquerque, US",,,,,,,,
475 - Black Sapphire Metallic,F97,LKDA - Sakhir Orange Extended Merino Leather,2020,5YMTS0C07L9B36946,,9B36946,2MK,,,"Nov 1, 2019",,USA,"Bill Jacobs BMW/MINI, Naperville, US",,,,,,,,
C28 - Donington Grey Metallic,F97,LKDA - Sakhir Orange Extended Merino Leather,2020,5YMTS0C05L9B36962,,9B36962,2MK,,,"Nov 1, 2019",,USA,"BMW of Catonsville, Baltimore, US",,,,,,,,
C28 - Donington Grey Metallic,F97,LKDA - Sakhir Orange Extended Merino Leather,2020,5YMTS0C08L9B36986,,9B36986,2MK,,,"Nov 1, 2019",,USA,"BMW of Houston North, Houston, US",,,,,,,,
C28 - Donington Grey Metallic,F97,LKDA - Sakhir Orange Extended Merino Leather,2020,5YMTS0C05L9B36993,,9B36993,2MK,,,"Nov 1, 2019",,USA,"Schomp BMW of Highlands Ranch, Highlands Ranch, US",,,,,,,,
C1M - Phytonic Blue Metallic,F97,LKHV - Adelaide Grey Extended Merino Leather,2020,5YMTS0C07L9B37062,,9B37062,2MK,,,"Nov 1, 2019",,USA,"BMW of Fairfax, Fairfax, US",,,,,,,,
475 - Black Sapphire Metallic,F97,LKSW - Black Extended Merino Leather,2020,5YMTS0C00L9B37078,,9B37078,2MK,,,"Nov 1, 2019",,USA,"Sewickley BMW, Sewickley, US",,,,,,,,
475 - Black Sapphire Metallic,F97,LKSW - Black Extended Merino Leather,2020,5YMTS0C05L9B37108,,9B37108,2MK,,,"Nov 1, 2019",,USA,"BMW of Salem, Salem, US",,,,,,,,
C28 - Donington Grey Metallic,F97,LKSW - Black Extended Merino Leather,2020,5YMTS0C01L9B37123,,9B37123,2MK,,,"Nov 1, 2019",,USA,"Brian Jessel BMW, Vancouver, CA",,,,,,,,
475 - Black Sapphire Metallic,F97,LKDA - Sakhir Orange Extended Merino Leather,2020,5YMTS0C00L9B37145,,9B37145,2MK,,,"Nov 1, 2019",,USA,"Patrick BMW, Schaumburg, US",,,,,,,,
C28 - Donington Grey Metallic,F97,LKHV - Adelaide Grey Extended Merino Leather,2020,5YMTS0C0XL9B37153,,9B37153,2MK,,,"Nov 1, 2019",,USA,"BMW of Bowling Green, Bowling Green, US",,,,,,,,
475 - Black Sapphire Metallic,F97,LKDA - Sakhir Orange Extended Merino Leather,2020,5YMTS0C05L9B37268,,9B37268,2MK,,,"Nov 1, 2019",,USA,"Park Shore BMW, North Vancouver, CA",,,,,,,,
300 - Alpine White,F97,LKHV - Adelaide Grey Extended Merino Leather,2020,5YMTS0C09L9B37340,,9B37340,2MK,,,"Nov 1, 2019",,USA,"BMW Roanoke, Roanoke, US",,,,,,,,
300 - Alpine White,F97,LKSW - Black Extended Merino Leather,2020,5YMTS0C07L9B37420,,9B37420,2MK,,,"Nov 1, 2019",,USA,"Crevier BMW, Santa Ana, US",,,,,,,,
300 - Alpine White,F97,MAH7 - Black Vernasca Leather,2020,5YMTS0C01L9B37428,,9B37428,2MK,,,"Nov 1, 2019",,USA,"Circle BMW, Eatontown, US",,,,,,,,
A90 - Dark Graphite Metallic,F97,VATQ - BMW Individual Tartufo Extended Merino Leather,2020,5YMTS0C00L9B37436,,9B37436,2MK,,,"Nov 2, 2019",,USA,"BMW of Escondido, Escondido, US",,,,,,,,
300 - Alpine White,F97,VATQ - BMW Individual Tartufo Extended Merino Leather,2020,5YMTS0C09L9B37452,,9B37452,2MK,,,"Nov 2, 2019",,USA,"Bill Jacobs BMW/MINI, Naperville, US",,,,,,,,
300 - Alpine White,F97,MAH7 - Black Vernasca Leather,2020,5YMTS0C02L9B37468,,9B37468,2MK,,,"Nov 2, 2019",,USA,"Otto's BMW, West Chester, US",,,,,,,,
300 - Alpine White,F97,LKSW - Black Extended Merino Leather,2020,5YMTS0C00L9B37484,,9B37484,2MK,,,"Nov 2, 2019",,USA,"BMW of Murray, Murray, US",,,,,,,,
300 - Alpine White,F97,LKSW - Black Extended Merino Leather,2020,5YMTS0C05L9B37500,,9B37500,2MK,,,"Nov 2, 2019",,USA,"Germain BMW of Naples, Naples, US",,,,,,,,
300 - Alpine White,F97,LKSW - Black Extended Merino Leather,2020,5YMTS0C09L9B37516,,9B37516,2MK,,,"Nov 2, 2019",,USA,"Autohaus BMW of Maplewood, Saint Louis, US",,,,,,,,
300 - Alpine White,F97,LKDA - Sakhir Orange Extended Merino Leather,2020,5YMTS0C06L9B37540,,9B37540,2MK,,,"Nov 2, 2019",,USA,"Open Road BMW, Edison, US",,,,,,,,
300 - Alpine White,F97,VATQ - BMW Individual Tartufo Extended Merino Leather,2020,5YMTS0C00L9B37548,,9B37548,2MK,,,"Nov 2, 2019",,USA,"BMW of Fort Myers, Fort Myers, US",,,,,,,,
C3G - Toronto Red Metallic,F97,LKHV - Adelaide Grey Extended Merino Leather,2020,5YMTS0C09L9B37564,,9B37564,2MK,,,"Nov 2, 2019",,USA,"BMW of San Diego, San Diego, US",,,,,,,,
,F97,LKHV - Adelaide Grey Extended Merino Leather,2020,5YMTS0C08L9B37572,,9B37572,2MK,,,"Nov 2, 2019",,USA,"Sterling BMW, Newport Beach, US",,,,,,,,
C3G - Toronto Red Metallic,F97,LKHV - Adelaide Grey Extended Merino Leather,2020,5YMTS0C01L9B37588,,9B37588,2MK,,,"Nov 2, 2019",,USA,"South Bay BMW, Torrance, US",,,,,,,,
300 - Alpine White,F97,LKDA - Sakhir Orange Extended Merino Leather,2020,5YMTS0C06L9B37604,,9B37604,2MK,,,"Nov 2, 2019",,USA,"BMW Northwest, Tacoma, US",,,,,,,,
C3G - Toronto Red Metallic,F97,LKSW - Black Extended Merino Leather,2020,5YMTS0C05L9B37612,,9B37612,2MK,,,"Nov 2, 2019",,USA,"Grayson BMW, Knoxville, US",,,,,,,,
300 - Alpine White,F97,VAEW - BMW Individual Ivory White Extended Merino Leather,2020,5YMTS0C04L9B37620,,9B37620,2MK,,,"Nov 2, 2019",,USA,"BMW of Houston North, Houston, US",,,,,,,,
C3G - Toronto Red Metallic,F97,LKSW - Black Extended Merino Leather,2020,5YMTS0C07L9B37644,,9B37644,2MK,,,"Nov 2, 2019",,USA,"BMW of Asheville, Arden, US",,,,,,,,
C1N - Sunstone Metallic,F97,LKSW - Black Extended Merino Leather,2020,5YMTS0C0XL9B37668,,9B37668,2MK,,,"Nov 2, 2019",,USA,"BMW of Asheville, Arden, US",,,,,,,,
300 - Alpine White,F97,MAH7 - Black Vernasca Leather,2020,5YMTS0C03L9B37740,,9B37740,2MK,,,"Nov 2, 2019",,USA,"Motorwerks BMW, Bloomington, US",,,,,,,,
300 - Alpine White,F97,LKDA - Sakhir Orange Extended Merino Leather,2020,5YMTS0C08L9B37748,,9B37748,2MK,,,"Nov 2, 2019",,USA,"BMW of Southpoint, Durham, US",,,,,,,,
300 - Alpine White,F97,MAOQ - Oyster Vernasca Leather,2020,5YMTS0C04L9B37780,,9B37780,2MK,,,"Nov 2, 2019",,USA,"Casey BMW, Newport News, US",,,,,,,,
475 - Black Sapphire Metallic,F97,LKDA - Sakhir Orange Extended Merino Leather,2020,5YMTS0C08L9B37796,,9B37796,2MK,,,"Nov 2, 2019",,USA,"United BMW, Alpharetta, US",,,,,,,,
475 - Black Sapphire Metallic,F97,LKDA - Sakhir Orange Extended Merino Leather,2020,5YMTS0C03L9B37804,,9B37804,2MK,,,"Nov 2, 2019",,USA,"Daniels BMW, Allentown, US",,,,,,,,
300 - Alpine White,F97,LKSW - Black Extended Merino Leather,2020,5YMTS0C02L9B37812,,9B37812,2MK,,,"Nov 2, 2019",,USA,"Chapman BMW, Chandler, US",,,,,,,,
300 - Alpine White,F97,LKSW - Black Extended Merino Leather,2020,5YMTS0C06L9B37828,,9B37828,2MK,,,"Nov 2, 2019",,USA,"BMW of Southpoint, Durham, US",,,,,,,,
,F97,LKDA - Sakhir Orange Extended Merino Leather,2020,5YMTS0C05L9B37836,,9B37836,2MK,,,"Nov 2, 2019",,USA,"BMW of Greenwich, Greenwich, US",,,,,,,,
300 - Alpine White,F97,LKSW - Black Extended Merino Leather,2020,5YMTS0C03L9B37852,,9B37852,2MK,,,"Nov 2, 2019",,USA,"BMW of Ridgefield, Ridgefield, US",,,,,,,,
300 - Alpine White,F97,LKSW - Black Extended Merino Leather,2020,5YMTS0C06L9B37859,,9B37859,2MK,,,"Nov 2, 2019",,USA,"BMW West Island, Dorval, CA",,,,,,,,
300 - Alpine White,F97,LKDA - Sakhir Orange Extended Merino Leather,2020,5YMTS0C05L9B37867,,9B37867,2MK,,,"Nov 2, 2019",,USA,"BMW Grand River, Kitchener, CA",,,,,,,,
C1M - Phytonic Blue Metallic,F97,LKSW - Black Extended Merino Leather,2020,5YMTS0C04L9B38900,,9B38900,2MK,,,"Nov 3, 2019",,USA,"BMW of Salem, Salem, US",,,,,,,,
A90 - Dark Graphite Metallic,F97,LKHV - Adelaide Grey Extended Merino Leather,2020,5YMTS0C0XL9B38982,,9B38982,2MK,,,"Nov 4, 2019",,USA,"McKenna BMW, Norwalk, US",,,,,,,,
A90 - Dark Graphite Metallic,F97,VATQ - BMW Individual Tartufo Extended Merino Leather,2020,5YMTS0C01L9B39003,,9B39003,2MK,,,"Nov 4, 2019",,USA,"BMW of Murray, Murray, US",,,,,,,,
A90 - Dark Graphite Metallic,F97,LKSW - Black Extended Merino Leather,2020,5YMTS0C06L9B39014,,9B39014,2MK,,,"Nov 4, 2019",,USA,"Sun Motor Cars BMW, Mechanicsburg, US",,,,,,,,
A90 - Dark Graphite Metallic,F97,LKSW - Black Extended Merino Leather,2020,5YMTS0C01L9B39034,,9B39034,2MK,,,"Nov 4, 2019",,USA,"BMW of San Francisco, San Francisco, US",,,,,,,,
C1M - Phytonic Blue Metallic,F97,LKSW - Black Extended Merino Leather,2020,5YMTS0C08L9B39046,,9B39046,2MK,,,"Nov 4, 2019",,USA,"United BMW, Alpharetta, US",,,,,,,,
C1M - Phytonic Blue Metallic,F97,LKSW - Black Extended Merino Leather,2020,5YMTS0C00L9B39056,,9B39056,2MK,,,"Nov 4, 2019",,USA,"Classic BMW/Classic MINI, Willoughby Hills, US",,,,,,,,
C1M - Phytonic Blue Metallic,F97,LKSW - Black Extended Merino Leather,2020,5YMTS0C03L9B39066,,9B39066,2MK,,,"Nov 4, 2019",,USA,"BMW of Riverside, Riverside, US",,,,,,,,
A90 - Dark Graphite Metallic,F97,LKDA - Sakhir Orange Extended Merino Leather,2020,5YMTS0C09L9B39086,,9B39086,2MK,,,"Nov 4, 2019",,USA,"BMW of Cincinnati North, Cincinnati, US",,,,,,,,
A90 - Dark Graphite Metallic,F97,VATQ - BMW Individual Tartufo Extended Merino Leather,2020,5YMTS0C03L9B39097,,9B39097,2MK,,,"Nov 4, 2019",,USA,"BMW of Southpoint, Durham, US",,,,,,,,
A90 - Dark Graphite Metallic,F97,LKSW - Black Extended Merino Leather,2020,5YMTS0C05L9B39117,,9B39117,2MK,,,"Nov 4, 2019",,USA,"BMW Grand River, Kitchener, CA",,,,,,,,
C1M - Phytonic Blue Metallic,F97,LKSW - Black Extended Merino Leather,2020,5YMTS0C0XL9B39128,,9B39128,2MK,,,"Nov 4, 2019",,USA,"BMW of Delray Beach, Delray Beach, US",,,,,,,,
C1M - Phytonic Blue Metallic,F97,LKSW - Black Extended Merino Leather,2020,5YMTS0C04L9B39190,,9B39190,2MK,,,"Nov 4, 2019",,USA,"BMW of Orland Park, Orland Park, US",,,,,,,,
C28 - Donington Grey Metallic,F97,LKSW - Black Extended Merino Leather,2020,5YMTS0C00L9B39221,,9B39221,2MK,,,"Nov 4, 2019",,USA,"Braman Motorcars/Braman MINI of Pal, West Palm Beach, US",,,,,,,,
475 - Black Sapphire Metallic,F97,LKSW - Black Extended Merino Leather,2020,5YMTS0C00L9B39252,,9B39252,2MK,,,"Nov 4, 2019",,USA,"Orange County BMW, Harriman, US",,,,,,,,
C1M - Phytonic Blue Metallic,F97,MAH7 - Black Vernasca Leather,2020,5YMTS0C08L9B39273,,9B39273,2MK,,,"Nov 4, 2019",,USA,"Steve Thomas BMW, Camarillo, US",,,,,,,,
C1M - Phytonic Blue Metallic,F97,MAH7 - Black Vernasca Leather,2020,5YMTS0C02L9B39284,,9B39284,2MK,,,"Nov 4, 2019",,USA,"Braman Motorcars/Braman MINI of Pal, West Palm Beach, US",,,,,,,,
C1M - Phytonic Blue Metallic,F97,MAH7 - Black Vernasca Leather,2020,5YMTS0C05L9B39294,,9B39294,2MK,,,"Nov 4, 2019",,USA,"BMW of Kansas City South, Kansas CIty, US",,,,,,,,
C1M - Phytonic Blue Metallic,F97,MAH7 - Black Vernasca Leather,2020,5YMTS0C09L9B39346,,9B39346,2MK,,,"Nov 4, 2019",,USA,"BMW of San Francisco, San Francisco, US",,,,,,,,
C1M - Phytonic Blue Metallic,F97,MAH7 - Black Vernasca Leather,2020,5YMTS0C06L9B39367,,9B39367,2MK,,,"Nov 4, 2019",,USA,"Braman Motorcars/Braman MINI of Pal, West Palm Beach, US",,,,,,,,
C1M - Phytonic Blue Metallic,F97,MAH7 - Black Vernasca Leather,2020,5YMTS0C06L9B39398,,9B39398,2MK,,,"Nov 4, 2019",,USA,"BMW of Reading, Reading, US",,,,,,,,
300 - Alpine White,F97,LKDA - Sakhir Orange Extended Merino Leather,2020,5YMTS0C0XL9B39419,,9B39419,2MK,,,"Nov 4, 2019",,USA,"BMW of Monrovia, Monrovia, US",,,,,,,,
475 - Black Sapphire Metallic,F97,LKSW - Black Extended Merino Leather,2020,5YMTS0C02L9B39429,,9B39429,2MK,,,"Nov 4, 2019",,USA,"BMW of Monrovia, Monrovia, US",,,,,,,,
C1M - Phytonic Blue Metallic,F97,LKSW - Black Extended Merino Leather,2020,5YMTS0C0XL9B39470,,9B39470,2MK,,,"Nov 4, 2019",,USA,"Stevens Creek BMW, Santa Clara, US",,,,,,,,
300 - Alpine White,F97,LKSW - Black Extended Merino Leather,2020,5YMTS0C04L9B39481,,9B39481,2MK,,,"Nov 4, 2019",,USA,"BMW of Mountain View, Mountain View, US",,,,,,,,
300 - Alpine White,F97,LKDA - Sakhir Orange Extended Merino Leather,2020,5YMTS0C06L9B39501,,9B39501,2MK,,,"Nov 4, 2019",,USA,"Crevier BMW, Santa Ana, US",,,,,,,,
300 - Alpine White,F97,LKSW - Black Extended Merino Leather,2020,5YMTS0C05L9B39523,,9B39523,2MK,,,"Nov 4, 2019",,USA,"BMW of San Antonio/MINI of San Anto, San Antonio, US",,,,,,,,
475 - Black Sapphire Metallic,F97,MAH7 - Black Vernasca Leather,2020,5YMTS0C00L9B39543,,9B39543,2MK,,,"Nov 4, 2019",,USA,"Sandia BMW/MINI, Albuquerque, US",,,,,,,,
C28 - Donington Grey Metallic,F97,LKSW - Black Extended Merino Leather,2020,5YMTS0C03L9B39553,,9B39553,2MK,,,"Nov 4, 2019",,USA,"McKenna BMW, Norwalk, US",,,,,,,,
475 - Black Sapphire Metallic,F97,LKDA - Sakhir Orange Extended Merino Leather,2020,5YMTS0C08L9B39564,,9B39564,2MK,,,"Nov 4, 2019",,USA,"BMW of San Francisco, San Francisco, US",,,,,,,,
475 - Black Sapphire Metallic,F97,MAH7 - Black Vernasca Leather,2020,5YMTS0C05L9B39585,,9B39585,2MK,,,"Nov 4, 2019",,USA,"Plaza Motor Company, Creve Coeur, US",,,,,,,,
300 - Alpine White,F97,VAEW - BMW Individual Ivory White Extended Merino Leather,2020,5YMTS0C07L9B39605,,9B39605,2MK,,,"Nov 5, 2019",,USA,"BMW of Minnetonka, Minnetonka, US",,,,,,,,
300 - Alpine White,F97,LKHV - Adelaide Grey Extended Merino Leather,2020,5YMTS0C01L9B39616,,9B39616,2MK,,,"Nov 5, 2019",,USA,"Fields BMW, Winter Park, US",,,,,,,,
C1M - Phytonic Blue Metallic,F97,LKHV - Adelaide Grey Extended Merino Leather,2020,5YMTS0C04L9B39626,,9B39626,2MK,,,"Nov 5, 2019",,USA,"Competition BMW of Smithtown, Saint James, US",,,,,,,,
475 - Black Sapphire Metallic,F97,LKSW - Black Extended Merino Leather,2020,5YMTS0C01L9B39647,,9B39647,2MK,,,"Nov 5, 2019",,USA,"BMW of Omaha/MINI of Omaha, Omaha, US",,,,,,,,
300 - Alpine White,F97,LKSW - Black Extended Merino Leather,2020,5YMTS0C09L9B39668,,9B39668,2MK,,,"Nov 5, 2019",,USA,"BMW of the Hudson Valley, Poughkeepsie, US",,,,,,,,
475 - Black Sapphire Metallic,F97,LKDA - Sakhir Orange Extended Merino Leather,2020,5YMTS0C01L9B39678,,9B39678,2MK,,,"Nov 5, 2019",,USA,"Braman Motorcars/Braman MINI of Pal, West Palm Beach, US",,,,,,,,
300 - Alpine White,F97,MAH7 - Black Vernasca Leather,2020,5YMTS0C09L9B39699,,9B39699,2MK,,,"Nov 5, 2019",,USA,"BMW of Fairfax, Fairfax, US",,,,,,,,
C3G - Toronto Red Metallic,F97,MAH7 - Black Vernasca Leather,2020,5YMTS0C08L9B39709,,9B39709,2MK,,,"Nov 5, 2019",,USA,"Tom Bush BMW Jacksonville, Jacksonville, US",,,,,,,,
C28 - Donington Grey Metallic,F97,MAH7 - Black Vernasca Leather,2020,5YMTS0C07L9B39720,,9B39720,2MK,,,"Nov 5, 2019",,USA,"Autoplex BMW, Amarillo, US",,,,,,,,
475 - Black Sapphire Metallic,F97,MAH7 - Black Vernasca Leather,2020,5YMTS0C04L9B39741,,9B39741,2MK,,,"Nov 5, 2019",,USA,"BMW of Fairfax, Fairfax, US",,,,,,,,
A90 - Dark Graphite Metallic,F97,LKHV - Adelaide Grey Extended Merino Leather,2020,5YMTS0C0XL9B39761,,9B39761,2MK,,,"Nov 5, 2019",,USA,"BMW of San Francisco, San Francisco, US",,,,,,,,
475 - Black Sapphire Metallic,F97,MAH7 - Black Vernasca Leather,2020,5YMTS0C07L9B39782,,9B39782,2MK,,,"Nov 5, 2019",,USA,"BMW of Silver Spring, Silver Spring, US",,,,,,,,
C28 - Donington Grey Metallic,F97,LKSW - Black Extended Merino Leather,2020,5YMTS0C01L9B39793,,9B39793,2MK,,,"Nov 5, 2019",,USA,"Daniels BMW, Allentown, US",,,,,,,,
C1M - Phytonic Blue Metallic,F97,LKHV - Adelaide Grey Extended Merino Leather,2020,5YMTS0C00L9B39803,,9B39803,2MK,,,"Nov 5, 2019",,USA,"Stevens Creek BMW, Santa Clara, US",,,,,,,,
,F97,LKHV - Adelaide Grey Extended Merino Leather,2020,5YMTS0C08L9B39824,,9B39824,2MK,,,"Nov 5, 2019",,USA,"BMW of Minnetonka, Minnetonka, US",,,,,,,,
475 - Black Sapphire Metallic,F97,MAH7 - Black Vernasca Leather,2020,5YMTS0C05L9B39845,,9B39845,2MK,,,"Nov 5, 2019",,USA,"Crown BMW, Greensboro, US",,,,,,,,
C28 - Donington Grey Metallic,F97,LKDA - Sakhir Orange Extended Merino Leather,2020,5YMTS0C08L9B39855,,9B39855,2MK,,,"Nov 5, 2019",,USA,"Open Road BMW, Edison, US",,,,,,,,
C28 - Donington Grey Metallic,F97,MAH7 - Black Vernasca Leather,2020,5YMTS0C00L9B39865,,9B39865,2MK,,,"Nov 5, 2019",,USA,"BMW of Morristown, Morristown, US",,,,,,,,
475 - Black Sapphire Metallic,F97,LKHV - Adelaide Grey Extended Merino Leather,2020,5YMTS0C05L9B39876,,9B39876,2MK,,,"Nov 5, 2019",,USA,"Open Road BMW, Edison, US",,,,,,,,
475 - Black Sapphire Metallic,F97,LKDA - Sakhir Orange Extended Merino Leather,2020,5YMTS0C00L9B39896,,9B39896,2MK,,,"Nov 5, 2019",,USA,"BMW Seattle, Seattle, US",,,,,,,,
475 - Black Sapphire Metallic,F97,MAOQ - Oyster Vernasca Leather,2020,5YMTS0C04L9B39917,,9B39917,2MK,,,"Nov 5, 2019",,USA,"Fields BMW, Winter Park, US",,,,,,,,
475 - Black Sapphire Metallic,F97,MAH7 - Black Vernasca Leather,2020,5YMTS0C09L9B39928,,9B39928,2MK,,,"Nov 5, 2019",,USA,"BMW of Austin, Austin, US",,,,,,,,
300 - Alpine White,F97,LKDA - Sakhir Orange Extended Merino Leather,2020,5YMTS0C01L9B39938,,9B39938,2MK,,,"Nov 5, 2019",,USA,"BMW of Lancaster, Lancaster, US",,,,,,,,
C28 - Donington Grey Metallic,F97,LKSW - Black Extended Merino Leather,2020,5YMTS0C09L9B39959,,9B39959,2MK,,,"Nov 5, 2019",,USA,"Rusnak BMW, Thousand Oaks, US",,,,,,,,
475 - Black Sapphire Metallic,F97,LKDA - Sakhir Orange Extended Merino Leather,2020,5YMTS0C01L9B39969,,9B39969,2MK,,,"Nov 5, 2019",,USA,"BMW of San Diego, San Diego, US",,,,,,,,
475 - Black Sapphire Metallic,F97,LKDA - Sakhir Orange Extended Merino Leather,2020,5YMTS0C03L9B39990,,9B39990,2MK,,,"Nov 5, 2019",,USA,"BMW of Reading, Reading, US",,,,,,,,
300 - Alpine White,F97,LKSW - Black Extended Merino Leather,2020,5YMTS0C00L9B40000,,9B40000,2MK,,,"Nov 5, 2019",,USA,"Bill Jacobs BMW/MINI, Naperville, US",,,,,,,,
C28 - Donington Grey Metallic,F97,LKDA - Sakhir Orange Extended Merino Leather,2020,5YMTS0C05L9B40011,,9B40011,2MK,,,"Nov 5, 2019",,USA,"BMW of Manhasset, Manhasset, US",,,,,,,,
475 - Black Sapphire Metallic,F97,MAH7 - Black Vernasca Leather,2020,5YMTS0C08L9B40021,,9B40021,2MK,,,"Nov 5, 2019",,USA,"BMW of South Austin, Austin, US",,,,,,,,
475 - Black Sapphire Metallic,F97,MAOQ - Oyster Vernasca Leather,2020,5YMTS0C02L9B40032,,9B40032,2MK,,,"Nov 5, 2019",,USA,"Fields BMW, Winter Park, US",,,,,,,,
475 - Black Sapphire Metallic,F97,LKSW - Black Extended Merino Leather,2020,5YMTS0C05L9B40042,,9B40042,2MK,,,"Nov 5, 2019",,USA,"BMW of Fairfax, Fairfax, US",,,,,,,,
C28 - Donington Grey Metallic,F97,LKDA - Sakhir Orange Extended Merino Leather,2020,5YMTS0C00L9B40062,,9B40062,2MK,,,"Nov 5, 2019",,USA,"BMW of Minnetonka, Minnetonka, US",,,,,,,,
C28 - Donington Grey Metallic,F97,LKDA - Sakhir Orange Extended Merino Leather,2020,5YMTS0C08L9B40083,,9B40083,2MK,,,"Nov 5, 2019",,USA,"Fields BMW, Winter Park, US",,,,,,,,
475 - Black Sapphire Metallic,F97,LKHV - Adelaide Grey Extended Merino Leather,2020,5YMTS0C00L9B40093,,9B40093,2MK,,,"Nov 5, 2019",,USA,"BMW of Catonsville, Baltimore, US",,,,,,,,
C28 - Donington Grey Metallic,F97,LKSW - Black Extended Merino Leather,2020,5YMTS0C04L9B40114,,9B40114,2MK,,,"Nov 5, 2019",,USA,"McKenna BMW, Norwalk, US",,,,,,,,
475 - Black Sapphire Metallic,F97,LKDA - Sakhir Orange Extended Merino Leather,2020,5YMTS0C07L9B40124,,9B40124,2MK,,,"Nov 5, 2019",,USA,"BMW of Minnetonka, Minnetonka, US",,,,,,,,
C28 - Donington Grey Metallic,F97,LKSW - Black Extended Merino Leather,2020,5YMTS0C01L9B40135,,9B40135,2MK,,,"Nov 5, 2019",,USA,"Gault Auto Sport BMW, Endicott, US",,,,,,,,
C28 - Donington Grey Metallic,F97,LKSW - Black Extended Merino Leather,2020,5YMTS0C07L9B40155,,9B40155,2MK,,,"Nov 5, 2019",,USA,"BMW of Fairfax, Fairfax, US",,,,,,,,
C28 - Donington Grey Metallic,F97,LKDA - Sakhir Orange Extended Merino Leather,2020,5YMTS0C04L9B40176,,9B40176,2MK,,,"Nov 5, 2019",,USA,"Medford BMW, Medford, US",,,,,,,,
475 - Black Sapphire Metallic,F97,LKSW - Black Extended Merino Leather,2020,5YMTS0C09L9B40187,,9B40187,2MK,,,"Nov 5, 2019",,USA,"BMW of Minnetonka, Minnetonka, US",,,,,,,,
C28 - Donington Grey Metallic,F97,LKDA - Sakhir Orange Extended Merino Leather,2020,5YMTS0C05L9B41126,,9B41126,2MK,,,"Nov 5, 2019",,USA,"United BMW, Alpharetta, US",,,,,,,,
A90 - Dark Graphite Metallic,F97,LKSW - Black Extended Merino Leather,2020,5YMTS0C08L9B41167,,9B41167,2MK,,,"Nov 6, 2019",,USA,"Continental BMW of Darien, Darien, US",,,,,,,,
475 - Black Sapphire Metallic,F97,LKSW - Black Extended Merino Leather,2020,5YMTS0C00L9B41177,,9B41177,2MK,,,"Nov 6, 2019",,USA,"Laurel BMW of Westmont, Westmont, US",,,,,,,,
300 - Alpine White,F97,LKSW - Black Extended Merino Leather,2020,5YMTS0C08L9B41198,,9B41198,2MK,,,"Nov 6, 2019",,USA,"BMW of Champaign, Savoy, US",,,,,,,,
,F97,HDJA - Black/Midrand Beige Two-Tone Merino Leather / Alcantara,2020,5YMTS0C09L9B41209,,9B41209,2MK,,,"Nov 6, 2019",,USA,"Rallye BMW, Westbury, US",,,,,,,,
475 - Black Sapphire Metallic,F97,VATQ - BMW Individual Tartufo Extended Merino Leather,2020,5YMTS0C00L9B41230,,9B41230,2MK,,,"Nov 6, 2019",,USA,"BMW Markham, Markham, CA",,,,,,,,
300 - Alpine White,F97,LKDA - Sakhir Orange Extended Merino Leather,2020,5YMTS0C03L9B41240,,9B41240,2MK,,,"Nov 6, 2019",,USA,"BMW of Catonsville, Baltimore, US",,,,,,,,
300 - Alpine White,F97,LKSW - Black Extended Merino Leather,2020,5YMTS0C02L9B41262,,9B41262,2MK,,,"Nov 6, 2019",,USA,"BMW of Newton, Newton, US",,,,,,,,
300 - Alpine White,F97,MAH7 - Black Vernasca Leather,2020,5YMTS0C05L9B41272,,9B41272,2MK,,,"Nov 6, 2019",,USA,"BMW of Asheville, Arden, US",,,,,,,,
475 - Black Sapphire Metallic,F97,LKDA - Sakhir Orange Extended Merino Leather,2020,5YMTS0C0XL9B41283,,9B41283,2MK,,,"Nov 6, 2019",,USA,"BMW of Manhasset, Manhasset, US",,,,,,,,
C3G - Toronto Red Metallic,F97,LKSW - Black Extended Merino Leather,2020,5YMTS0C02L9B41293,,9B41293,2MK,,,"Nov 6, 2019",,USA,"BMW North Scottsdale, Phoenix, US",,,,,,,,
300 - Alpine White,F97,LKSW - Black Extended Merino Leather,2020,5YMTS0C06L9B41314,,9B41314,2MK,,,"Nov 6, 2019",,USA,"BMW of Ocala, Ocala, US",,,,,,,,
300 - Alpine White,F97,MAH7 - Black Vernasca Leather,2020,5YMTS0C09L9B41324,,9B41324,2MK,,,"Nov 6, 2019",,USA,"BMW of South Austin, Austin, US",,,,,,,,
475 - Black Sapphire Metallic,F97,LKDA - Sakhir Orange Extended Merino Leather,2020,5YMTS0C04L9B41344,,9B41344,2MK,,,"Nov 6, 2019",,USA,"BMW of Minnetonka, Minnetonka, US",,,,,,,,
300 - Alpine White,F97,LKSW - Black Extended Merino Leather,2020,5YMTS0C0XL9B41364,,9B41364,2MK,,,"Nov 6, 2019",,USA,"BMW of Reading, Reading, US",,,,,,,,
C3G - Toronto Red Metallic,F97,LKSW - Black Extended Merino Leather,2020,5YMTS0C04L9B41375,,9B41375,2MK,,,"Nov 6, 2019",,USA,"Fields BMW, Winter Park, US",,,,,,,,
475 - Black Sapphire Metallic,F97,LKHV - Adelaide Grey Extended Merino Leather,2020,5YMTS0C0XL9B41395,,9B41395,2MK,,,"Nov 6, 2019",,USA,"Medford BMW, Medford, US",,,,,,,,
475 - Black Sapphire Metallic,F97,LKDA - Sakhir Orange Extended Merino Leather,2020,5YMTS0C05L9B41417,,9B41417,2MK,,,"Nov 6, 2019",,USA,"Stevens Creek BMW, Santa Clara, US",,,,,,,,
475 - Black Sapphire Metallic,F97,LKDA - Sakhir Orange Extended Merino Leather,2020,5YMTS0C08L9B41427,,9B41427,2MK,,,"Nov 6, 2019",,USA,"Fields BMW, Winter Park, US",,,,,,,,
C1M - Phytonic Blue Metallic,F97,MAH7 - Black Vernasca Leather,2020,5YMTS0C03L9B41447,,9B41447,2MK,,,"Nov 6, 2019",,USA,"BMW of Ocala, Ocala, US",,,,,,,,
300 - Alpine White,F97,LKSW - Black Extended Merino Leather,2020,5YMTS0C08L9B41458,,9B41458,2MK,,,"Nov 6, 2019",,USA,"BMW of Santa Maria, Santa Maria, US",,,,,,,,
C1M - Phytonic Blue Metallic,F97,LKSW - Black Extended Merino Leather,2020,5YMTS0C00L9B41468,,9B41468,2MK,,,"Nov 6, 2019",,USA,"Santa Fe BMW, Santa Fe, US",,,,,,,,
475 - Black Sapphire Metallic,F97,MAH7 - Black Vernasca Leather,2020,5YMTS0C03L9B41478,,9B41478,2MK,,,"Nov 6, 2019",,USA,"Medford BMW, Medford, US",,,,,,,,
C3G - Toronto Red Metallic,F97,LKHV - Adelaide Grey Extended Merino Leather,2020,5YMTS0C08L9B41489,,9B41489,2MK,,,"Nov 6, 2019",,USA,"BMW of Alexandria, Alexandria, US",,,,,,,,
300 - Alpine White,F97,MAH7 - Black Vernasca Leather,2020,5YMTS0C06L9B41510,,9B41510,2MK,,,"Nov 6, 2019",,USA,"BMW of Austin, Austin, US",,,,,,,,
300 - Alpine White,F97,MAOQ - Oyster Vernasca Leather,2020,5YMTS0C09L9B41520,,9B41520,2MK,,,"Nov 6, 2019",,USA,"BMW of Fairfax, Fairfax, US",,,,,,,,
300 - Alpine White,F97,LKDA - Sakhir Orange Extended Merino Leather,2020,5YMTS0C06L9B41541,,9B41541,2MK,,,"Nov 6, 2019",,USA,"BMW of Fairfax, Fairfax, US",,,,,,,,
475 - Black Sapphire Metallic,F97,LKHV - Adelaide Grey Extended Merino Leather,2020,5YMTS0C09L9B41551,,9B41551,2MK,,,"Nov 6, 2019",,USA,"Rick Hendrick BMW Charleston, Charleston, US",,,,,,,,
475 - Black Sapphire Metallic,F97,LKSW - Black Extended Merino Leather,2020,5YMTS0C03L9B41562,,9B41562,2MK,,,"Nov 6, 2019",,USA,"BMW of Lancaster, Lancaster, US",,,,,,,,
A90 - Dark Graphite Metallic,F97,LKSW - Black Extended Merino Leather,2020,5YMTS0C06L9B41572,,9B41572,2MK,,,"Nov 6, 2019",,USA,"BMW Montreal Centre, Montreal, CA",,,,,,,,
300 - Alpine White,F97,LKSW - Black Extended Merino Leather,2020,5YMTS0C05L9B41594,,9B41594,2MK,,,"Nov 6, 2019",,USA,"Keeler BMW, Latham, US",,,,,,,,
475 - Black Sapphire Metallic,F97,LKSW - Black Extended Merino Leather,2020,5YMTS0C06L9B41605,,9B41605,2MK,,,"Nov 6, 2019",,USA,"Karl Knauz Motors, Lake Bluff, US",,,,,,,,
C3G - Toronto Red Metallic,F97,LKSW - Black Extended Merino Leather,2020,5YMTS0C03L9B41626,,9B41626,2MK,,,"Nov 6, 2019",,USA,"Arrowhead BMW, Glendale, US",,,,,,,,
475 - Black Sapphire Metallic,F97,LKSW - Black Extended Merino Leather,2020,5YMTS0C06L9B41636,,9B41636,2MK,,,"Nov 6, 2019",,USA,"BMW of Newton, Newton, US",,,,,,,,
475 - Black Sapphire Metallic,F97,LKSW - Black Extended Merino Leather,2020,5YMTS0C00L9B41647,,9B41647,2MK,,,"Nov 6, 2019",,USA,"Tulley BMW, Nashua, US",,,,,,,,
C3G - Toronto Red Metallic,F97,LKSW - Black Extended Merino Leather,2020,5YMTS0C05L9B41658,,9B41658,2MK,,,"Nov 6, 2019",,USA,"BMW of Manhasset, Manhasset, US",,,,,,,,
C28 - Donington Grey Metallic,F97,LKSW - Black Extended Merino Leather,2020,5YMTS0C0XL9B41669,,9B41669,2MK,,,"Nov 6, 2019",,USA,"Otto's BMW, Ottawa, CA",,,,,,,,
300 - Alpine White,F97,LKSW - Black Extended Merino Leather,2020,5YMTS0C01L9B41690,,9B41690,2MK,,,"Nov 6, 2019",,USA,"Bill Jacobs BMW/MINI, Naperville, US",,,,,,,,
C1M - Phytonic Blue Metallic,F97,HDJA - Black/Midrand Beige Two-Tone Merino Leather / Alcantara,2020,5YMTS0C03L9B41710,,9B41710,2MK,,,"Nov 6, 2019",,USA,"BMW Grand River, Kitchener, CA",,,,,,,,
300 - Alpine White,F97,LKDA - Sakhir Orange Extended Merino Leather,2020,5YMTS0C06L9B41720,,9B41720,2MK,,,"Nov 6, 2019",,USA,"Rallye BMW, Westbury, US",,,,,,,,
C3G - Toronto Red Metallic,F97,LKHV - Adelaide Grey Extended Merino Leather,2020,5YMTS0C09L9B41730,,9B41730,2MK,,,"Nov 6, 2019",,USA,"Rallye BMW, Westbury, US",,,,,,,,
C3G - Toronto Red Metallic,F97,LKSW - Black Extended Merino Leather,2020,5YMTS0C05L9B43524,,9B43524,2MK,,,"Nov 6, 2019",,USA,"BMW North Scottsdale, Phoenix, US",,,,,,,,
C28 - Donington Grey Metallic,F97,LKHV - Adelaide Grey Extended Merino Leather,2020,5YMTS0C00L9B43575,,9B43575,2MK,,,"Nov 6, 2019",,USA,"BMW of San Rafael, San Rafael, US",,,,,,,,
C3G - Toronto Red Metallic,F97,VATQ - BMW Individual Tartufo Extended Merino Leather,2020,5YMTS0C00L9B43690,,9B43690,2MK,,,"Nov 7, 2019",,USA,"BMW Portland, Portland, US",,,,,,,,
300 - Alpine White,F97,VATQ - BMW Individual Tartufo Extended Merino Leather,2020,5YMTS0C0XL9B43700,,9B43700,2MK,,,"Nov 7, 2019",,USA,"BMW of Rockville, Rockville, US",,,,,,,,
C3G - Toronto Red Metallic,F97,LKHV - Adelaide Grey Extended Merino Leather,2020,5YMTS0C07L9B43752,,9B43752,2MK,,,"Nov 7, 2019",,USA,"Gebhardt BMW, Boulder, US",,,,,,,,
475 - Black Sapphire Metallic,F97,VATQ - BMW Individual Tartufo Extended Merino Leather,2020,5YMTS0C05L9B43846,,9B43846,2MK,,,"Nov 7, 2019",,USA,"Irvine BMW, Irvine, US",,,,,,,,
C3G - Toronto Red Metallic,F97,LKHV - Adelaide Grey Extended Merino Leather,2020,5YMTS0C03L9B43876,,9B43876,2MK,,,"Nov 7, 2019",,USA,"BMW of Barrington, Barrington, US",,,,,,,,
C28 - Donington Grey Metallic,F97,LKHV - Adelaide Grey Extended Merino Leather,2020,5YMTS0C00L9B43897,,9B43897,2MK,,,"Nov 7, 2019",,USA,"Otto's BMW, West Chester, US",,,,,,,,
C3G - Toronto Red Metallic,F97,LKHV - Adelaide Grey Extended Merino Leather,2020,5YMTS0C0XL9B43907,,9B43907,2MK,,,"Nov 7, 2019",,USA,"BMW of Fort Lauderdale, Fort Lauderdale, US",,,,,,,,
C3G - Toronto Red Metallic,F97,HDJA - Black/Midrand Beige Two-Tone Merino Leather / Alcantara,2020,5YMTS0C04L9B43918,,9B43918,2MK,,,"Nov 7, 2019",,USA,"Global Imports BMW, Atlanta, US",,,,,,,,
C1M - Phytonic Blue Metallic,F97,MAH7 - Black Vernasca Leather,2020,5YMTS0C01L9B43939,,9B43939,2MK,,,"Nov 7, 2019",,USA,"BMW of Morristown, Morristown, US",,,,,,,,
C28 - Donington Grey Metallic,F97,LKDA - Sakhir Orange Extended Merino Leather,2020,5YMTS0C04L9B43949,,9B43949,2MK,,,"Nov 7, 2019",,USA,"BMW of San Rafael, San Rafael, US",,,,,,,,
C3G - Toronto Red Metallic,F97,HDJA - Black/Midrand Beige Two-Tone Merino Leather / Alcantara,2020,5YMTS0C03L9B43960,,9B43960,2MK,,,"Nov 7, 2019",,USA,"Melbourne BMW, Melbourne, US",,,,,,,,
A90 - Dark Graphite Metallic,F97,LKDA - Sakhir Orange Extended Merino Leather,2020,5YMTS0C08L9B43971,,9B43971,2MK,,,"Nov 7, 2019",,USA,"Rallye BMW, Westbury, US",,,,,,,,
A90 - Dark Graphite Metallic,F97,LKSW - Black Extended Merino Leather,2020,5YMTS0C07L9B43993,,9B43993,2MK,,,"Nov 7, 2019",,USA,"BMW Seattle, Seattle, US",,,,,,,,
A90 - Dark Graphite Metallic,F97,LKSW - Black Extended Merino Leather,2020,5YMTS0C00L9B44001,,9B44001,2MK,,,"Nov 7, 2019",,USA,"Motorwerks BMW, Bloomington, US",,,,,,,,
,F97,MAH7 - Black Vernasca Leather,2020,5YMTS0C08L9B44022,,9B44022,2MK,,,"Nov 7, 2019",,USA,"BMW of Raleigh, Raleigh, US",,,,,,,,
C3G - Toronto Red Metallic,F97,LKSW - Black Extended Merino Leather,2020,5YMTS0C00L9B44032,,9B44032,2MK,,,"Nov 7, 2019",,USA,"BMW of Myrtle Beach, Myrtle Beach, US",,,,,,,,
C3G - Toronto Red Metallic,F97,VAEW - BMW Individual Ivory White Extended Merino Leather,2020,5YMTS0C03L9B44042,,9B44042,2MK,,,"Nov 7, 2019",,USA,"Richmond BMW, Richmond, US",,,,,,,,
A90 - Dark Graphite Metallic,F97,LKSW - Black Extended Merino Leather,2020,5YMTS0C02L9B44064,,9B44064,2MK,,,"Nov 7, 2019",,USA,"BMW of Honolulu, Honolulu, US",,,,,,,,
C1M - Phytonic Blue Metallic,F97,LKSW - Black Extended Merino Leather,2020,5YMTS0C08L9B44084,,9B44084,2MK,,,"Nov 7, 2019",,USA,"Flemington BMW, Flemington, US",,,,,,,,
C1M - Phytonic Blue Metallic,F97,LKSW - Black Extended Merino Leather,2020,5YMTS0C00L9B44094,,9B44094,2MK,,,"Nov 7, 2019",,USA,"Peter Pan BMW, Burlingame, US",,,,,,,,
C1M - Phytonic Blue Metallic,F97,LKSW - Black Extended Merino Leather,2020,5YMTS0C01L9B44105,,9B44105,2MK,,,"Nov 7, 2019",,USA,"BMW of Springfield, Springfield, US",,,,,,,,
A90 - Dark Graphite Metallic,F97,LKHV - Adelaide Grey Extended Merino Leather,2020,5YMTS0C07L9B44125,,9B44125,2MK,,,"Nov 7, 2019",,USA,"BMW of Honolulu, Honolulu, US",,,,,,,,
C3G - Toronto Red Metallic,F97,LKSW - Black Extended Merino Leather,2020,5YMTS0C06L9B44147,,9B44147,2MK,,,"Nov 7, 2019",,USA,"BMW of Murray, Murray, US",,,,,,,,
C3G - Toronto Red Metallic,F97,LKHV - Adelaide Grey Extended Merino Leather,2020,5YMTS0C00L9B44158,,9B44158,2MK,,,"Nov 7, 2019",,USA,"Medford BMW, Medford, US",,,,,,,,
C28 - Donington Grey Metallic,F97,LKDA - Sakhir Orange Extended Merino Leather,2020,5YMTS0C04L9B45944,,9B45944,2MK,,,"Nov 7, 2019",,USA,"Vista BMW, Coconut Creek, US",,,,,,,,
A90 - Dark Graphite Metallic,F97,MAH7 - Black Vernasca Leather,2020,5YMTS0C01L9B45965,,9B45965,2MK,,,"Nov 7, 2019",,USA,"Budds' BMW Hamilton, Hamilton, CA",,,,,,,,
C28 - Donington Grey Metallic,F97,LKHV - Adelaide Grey Extended Merino Leather,2020,5YMTS0C02L9B46090,,9B46090,2MK,,,"Nov 8, 2019",,USA,"BMW of Murrieta, Murrieta, US",,,,,,,,
C28 - Donington Grey Metallic,F97,LKHV - Adelaide Grey Extended Merino Leather,2020,5YMTS0C03L9B46163,,9B46163,2MK,,,"Nov 8, 2019",,USA,"BMW of Fort Lauderdale, Fort Lauderdale, US",,,,,,,,
C28 - Donington Grey Metallic,F97,HDJA - Black/Midrand Beige Two-Tone Merino Leather / Alcantara,2020,5YMTS0C03L9B46194,,9B46194,2MK,,,"Nov 8, 2019",,USA,"BMW of Chattanooga, Chattanooga, US",,,,,,,,
C28 - Donington Grey Metallic,F97,LKDA - Sakhir Orange Extended Merino Leather,2020,5YMTS0C01L9B46226,,9B46226,2MK,,,"Nov 8, 2019",,USA,"BMW of Delray Beach, Delray Beach, US",,,,,,,,
C28 - Donington Grey Metallic,F97,LKDA - Sakhir Orange Extended Merino Leather,2020,5YMTS0C04L9B46236,,9B46236,2MK,,,"Nov 8, 2019",,USA,"BMW of Las Vegas, Las Vegas, US",,,,,,,,
C28 - Donington Grey Metallic,F97,LKHV - Adelaide Grey Extended Merino Leather,2020,5YMTS0C09L9B46247,,9B46247,2MK,,,"Nov 8, 2019",,USA,"Hendrick BMW, Charlotte, US",,,,,,,,
C28 - Donington Grey Metallic,F97,LKSW - Black Extended Merino Leather,2020,5YMTS0C06L9B46268,,9B46268,2MK,,,"Nov 8, 2019",,USA,"Coggin BMW Treasure Coast, Fort Pierce, US",,,,,,,,
C28 - Donington Grey Metallic,F97,LKSW - Black Extended Merino Leather,2020,5YMTS0C09L9B46278,,9B46278,2MK,,,"Nov 8, 2019",,USA,"BMW of Denver Downtown, Denver, US",,,,,,,,
C28 - Donington Grey Metallic,F97,MAOQ - Oyster Vernasca Leather,2020,5YMTS0C03L9B46289,,9B46289,2MK,,,"Nov 8, 2019",,USA,"BMW Encinitas, Encinitas, US",,,,,,,,
C28 - Donington Grey Metallic,F97,LKSW - Black Extended Merino Leather,2020,5YMTS0C06L9B46318,,9B46318,2MK,,,"Nov 8, 2019",,USA,"BMW Encinitas, Encinitas, US",,,,,,,,
C28 - Donington Grey Metallic,F97,LKHV - Adelaide Grey Extended Merino Leather,2020,5YMTS0C05L9B46391,,9B46391,2MK,,,"Nov 8, 2019",,USA,"Melbourne BMW, Melbourne, US",,,,,,,,
C28 - Donington Grey Metallic,F97,LKSW - Black Extended Merino Leather,2020,5YMTS0C0XL9B46421,,9B46421,2MK,,,"Nov 8, 2019",,USA,"Braman BMW/Braman MINI of Miami, Miami, US",,,,,,,,
C28 - Donington Grey Metallic,F97,LKDA - Sakhir Orange Extended Merino Leather,2020,5YMTS0C02L9B46431,,9B46431,2MK,,,"Nov 8, 2019",,USA,"Classic BMW, Plano, US",,,,,,,,
C28 - Donington Grey Metallic,F97,LKHV - Adelaide Grey Extended Merino Leather,2020,5YMTS0C07L9B46473,,9B46473,2MK,,,"Nov 8, 2019",,USA,"BMW of San Diego, San Diego, US",,,,,,,,
C28 - Donington Grey Metallic,F97,LKSW - Black Extended Merino Leather,2020,5YMTS0C05L9B46505,,9B46505,2MK,,,"Nov 8, 2019",,USA,"BMW of Murray, Murray, US",,,,,,,,
475 - Black Sapphire Metallic,F97,LKSW - Black Extended Merino Leather,2020,5YMTS0C02L9B46526,,9B46526,2MK,,,"Nov 8, 2019",,USA,"BMW Performance Center (SC), Greer, US",,,,,,,,
C28 - Donington Grey Metallic,F97,VATQ - BMW Individual Tartufo Extended Merino Leather,2020,5YMTS0C05L9B46536,,9B46536,2MK,,,"Nov 8, 2019",,USA,"BMW of Eugene, Eugene, US",,,,,,,,
C28 - Donington Grey Metallic,F97,LKHV - Adelaide Grey Extended Merino Leather,2020,5YMTS0C0XL9B46578,,9B46578,2MK,,,"Nov 8, 2019",,USA,"BMW of Bend, 2142, US",,,,,,,,
475 - Black Sapphire Metallic,F97,LKHV - Adelaide Grey Extended Merino Leather,2020,5YMTS0C07L9B47039,,9B47039,2MK,,,"Nov 8, 2019",,USA,"Beverly Hills BMW, Los Angeles, US",,,,,,,,
C28 - Donington Grey Metallic,F97,VATQ - BMW Individual Tartufo Extended Merino Leather,2020,5YMTS0C08L9B47065,,9B47065,2MK,,,"Nov 8, 2019",,USA,"South Motors BMW, Miami, US",,,,,,,,
300 - Alpine White,F97,LKDA - Sakhir Orange Extended Merino Leather,2020,5YMTS0C0XL9B47083,,9B47083,2MK,,,"Nov 8, 2019",,USA,"Open Road BMW, Edison, US",,,,,,,,
300 - Alpine White,F97,LKHV - Adelaide Grey Extended Merino Leather,2020,5YMTS0C00L9B47092,,9B47092,2MK,,,"Nov 8, 2019",,USA,"United BMW, Alpharetta, US",,,,,,,,
C1M - Phytonic Blue Metallic,F97,VAEW - BMW Individual Ivory White Extended Merino Leather,2020,5YMTS0C09L9B47110,,9B47110,2MK,,,"Nov 8, 2019",,USA,"BMW of Pittsburgh, Pittsburgh, US",,,,,,,,
C1M - Phytonic Blue Metallic,F97,LKDA - Sakhir Orange Extended Merino Leather,2020,5YMTS0C05L9B47119,,9B47119,2MK,,,"Nov 8, 2019",,USA,"BMW of Barrington, Barrington, US",,,,,,,,
300 - Alpine White,F97,LKHV - Adelaide Grey Extended Merino Leather,2020,5YMTS0C07L9B47137,,9B47137,2MK,,,"Nov 8, 2019",,USA,"Erhard BMW of Farmington Hills, Farmington Hills, US",,,,,,,,
475 - Black Sapphire Metallic,F97,LKHV - Adelaide Grey Extended Merino Leather,2020,5YMTS0C09L9B47155,,9B47155,2MK,,,"Nov 8, 2019",,USA,"Erhard BMW of Farmington Hills, Farmington Hills, US",,,,,,,,
475 - Black Sapphire Metallic,F97,HDJA - Black/Midrand Beige Two-Tone Merino Leather / Alcantara,2020,5YMTS0C0XL9B47164,,9B47164,2MK,,,"Nov 8, 2019",,USA,"BMW of Murrieta, Murrieta, US",,,,,,,,
300 - Alpine White,F97,HDJA - Black/Midrand Beige Two-Tone Merino Leather / Alcantara,2020,5YMTS0C08L9B47180,,9B47180,2MK,,,"Nov 8, 2019",,USA,"Laurel BMW of Westmont, Westmont, US",,,,,,,,
475 - Black Sapphire Metallic,F97,LKSW - Black Extended Merino Leather,2020,5YMTS0C02L9B47188,,9B47188,2MK,,,"Nov 8, 2019",,USA,"BMW of South Austin, Austin, US",,,,,,,,
300 - Alpine White,F97,LKDA - Sakhir Orange Extended Merino Leather,2020,5YMTS0C01L9B47196,,9B47196,2MK,,,"Nov 8, 2019",,USA,"BMW of Ramsey, Ramsey, US",,,,,,,,
300 - Alpine White,F97,LKDA - Sakhir Orange Extended Merino Leather,2020,5YMTS0C09L9B47205,,9B47205,2MK,,,"Nov 9, 2019",,USA,"BMW of Ridgefield, Ridgefield, US",,,,,,,,
475 - Black Sapphire Metallic,F97,LKDA - Sakhir Orange Extended Merino Leather,2020,5YMTS0C08L9B47213,,9B47213,2MK,,,"Nov 9, 2019",,USA,"BMW of Denver Downtown, Denver, US",,,,,,,,
475 - Black Sapphire Metallic,F97,LKSW - Black Extended Merino Leather,2020,5YMTS0C09L9B47222,,9B47222,2MK,,,"Nov 9, 2019",,USA,"BMW of Springfield, Springfield, US",,,,,,,,
475 - Black Sapphire Metallic,F97,LKDA - Sakhir Orange Extended Merino Leather,2020,5YMTS0C0XL9B47231,,9B47231,2MK,,,"Nov 9, 2019",,USA,"Beverly Hills BMW, Los Angeles, US",,,,,,,,
C1M - Phytonic Blue Metallic,F97,LKHV - Adelaide Grey Extended Merino Leather,2020,5YMTS0C05L9B47248,,9B47248,2MK,,,"Nov 9, 2019",,USA,"Melbourne BMW, Melbourne, US",,,,,,,,
475 - Black Sapphire Metallic,F97,VATQ - BMW Individual Tartufo Extended Merino Leather,2020,5YMTS0C07L9B47266,,9B47266,2MK,,,"Nov 9, 2019",,USA,"Century BMW, Greenville, US",,,,,,,,
475 - Black Sapphire Metallic,F97,LKHV - Adelaide Grey Extended Merino Leather,2020,5YMTS0C09L9B47284,,9B47284,2MK,,,"Nov 9, 2019",,USA,"BMW of Arlington, Arlington, US",,,,,,,,
300 - Alpine White,F97,MAH7 - Black Vernasca Leather,2020,5YMTS0C0XL9B47293,,9B47293,2MK,,,"Nov 9, 2019",,USA,"Braman BMW/Braman MINI of Miami, Miami, US",,,,,,,,
C1M - Phytonic Blue Metallic,F97,VAEW - BMW Individual Ivory White Extended Merino Leather,2020,5YMTS0C08L9B47311,,9B47311,2MK,,,"Nov 9, 2019",,USA,"BMW of Riverside, Riverside, US",,,,,,,,
300 - Alpine White,F97,MAH7 - Black Vernasca Leather,2020,5YMTS0C09L9B47320,,9B47320,2MK,,,"Nov 9, 2019",,USA,"Competition BMW of Smithtown, Saint James, US",,,,,,,,
475 - Black Sapphire Metallic,F97,VATQ - BMW Individual Tartufo Extended Merino Leather,2020,5YMTS0C06L9B47338,,9B47338,2MK,,,"Nov 9, 2019",,USA,"BMW of San Rafael, San Rafael, US",,,,,,,,
300 - Alpine White,F97,LKSW - Black Extended Merino Leather,2020,5YMTS0C07L9B47347,,9B47347,2MK,,,"Nov 9, 2019",,USA,"BMW Concord, Concord, US",,,,,,,,
C28 - Donington Grey Metallic,F97,LKSW - Black Extended Merino Leather,2020,5YMTS0C09L9B47365,,9B47365,2MK,,,"Nov 9, 2019",,USA,"BMW of Pharr, Pharr, US",,,,,,,,
300 - Alpine White,F97,HDJA - Black/Midrand Beige Two-Tone Merino Leather / Alcantara,2020,5YMTS0C0XL9B47374,,9B47374,2MK,,,"Nov 9, 2019",,USA,"BMW of Sterling, Sterling, US",,,,,,,,
C28 - Donington Grey Metallic,F97,LKSW - Black Extended Merino Leather,2020,5YMTS0C01L9B47392,,9B47392,2MK,,,"Nov 9, 2019",,USA,"Basney BMW, South Bend, US",,,,,,,,
C28 - Donington Grey Metallic,F97,LKSW - Black Extended Merino Leather,2020,5YMTS0C09L9B47401,,9B47401,2MK,,,"Nov 9, 2019",,USA,"BMW of Gwinnett Place, Duluth, US",,,,,,,,
C28 - Donington Grey Metallic,F97,LKDA - Sakhir Orange Extended Merino Leather,2020,5YMTS0C06L9B47419,,9B47419,2MK,,,"Nov 9, 2019",,USA,"BMW of Catonsville, Baltimore, US",,,,,,,,
C1M - Phytonic Blue Metallic,F97,VATQ - BMW Individual Tartufo Extended Merino Leather,2020,5YMTS0C07L9B47428,,9B47428,2MK,,,"Nov 9, 2019",,USA,"Richmond BMW, Richmond, US",,,,,,,,
,F97,LKHV - Adelaide Grey Extended Merino Leather,2020,5YMTS0C08L9B47437,,9B47437,2MK,,,"Nov 9, 2019",,USA,"BMW of Rockville, Rockville, US",,,,,,,,
,F97,LKDA - Sakhir Orange Extended Merino Leather,2020,5YMTS0C0XL9B47455,,9B47455,2MK,,,"Nov 9, 2019",,USA,"Casey BMW, Newport News, US",,,,,,,,
C28 - Donington Grey Metallic,F97,LKSW - Black Extended Merino Leather,2020,5YMTS0C00L9B47464,,9B47464,2MK,,,"Nov 9, 2019",,USA,"BMW of Fremont, Fremont, US",,,,,,,,
475 - Black Sapphire Metallic,F97,LKDA - Sakhir Orange Extended Merino Leather,2020,5YMTS0C02L9B47482,,9B47482,2MK,,,"Nov 9, 2019",,USA,"BMW of Gwinnett Place, Duluth, US",,,,,,,,
475 - Black Sapphire Metallic,F97,LKSW - Black Extended Merino Leather,2020,5YMTS0C03L9B47491,,9B47491,2MK,,,"Nov 9, 2019",,USA,"Enterprise BMW, Appleton, US",,,,,,,,
475 - Black Sapphire Metallic,F97,LKHV - Adelaide Grey Extended Merino Leather,2020,5YMTS0C05L9B47508,,9B47508,2MK,,,"Nov 9, 2019",,USA,"BMW of Roseville, Roseville, US",,,,,,,,
C28 - Donington Grey Metallic,F97,LKDA - Sakhir Orange Extended Merino Leather,2020,5YMTS0C03L9B47524,,9B47524,2MK,,,"Nov 9, 2019",,USA,"Schomp BMW of Highlands Ranch, Highlands Ranch, US",,,,,,,,
C3G - Toronto Red Metallic,F97,LKHV - Adelaide Grey Extended Merino Leather,2020,5YMTS0C02L9B47532,,9B47532,2MK,,,"Nov 9, 2019",,USA,"BMW of Orland Park, Orland Park, US",,,,,,,,
475 - Black Sapphire Metallic,F97,LKSW - Black Extended Merino Leather,2020,5YMTS0C01L9B47540,,9B47540,2MK,,,"Nov 9, 2019",,USA,"Wyoming Valley BMW, Plains, US",,,,,,,,
C1M - Phytonic Blue Metallic,F97,VAEW - BMW Individual Ivory White Extended Merino Leather,2020,5YMTS0C05L9B47556,,9B47556,2MK,,,"Nov 9, 2019",,USA,"Irvine BMW, Irvine, US",,,,,,,,
475 - Black Sapphire Metallic,F97,LKHV - Adelaide Grey Extended Merino Leather,2020,5YMTS0C07L9B47574,,9B47574,2MK,,,"Nov 9, 2019",,USA,"BMW of Houston North, Houston, US",,,,,,,,
475 - Black Sapphire Metallic,F97,LKSW - Black Extended Merino Leather,2020,5YMTS0C06L9B47582,,9B47582,2MK,,,"Nov 9, 2019",,USA,"BMW of Eugene, Eugene, US",,,,,,,,
300 - Alpine White,F97,VATQ - BMW Individual Tartufo Extended Merino Leather,2020,5YMTS0C0XL9B47598,,9B47598,2MK,,,"Nov 9, 2019",,USA,"BMW of Peabody, Peabody, US",,,,,,,,
475 - Black Sapphire Metallic,F97,LKSW - Black Extended Merino Leather,2020,5YMTS0C05L9B47606,,9B47606,2MK,,,"Nov 9, 2019",,USA,"Autohaus BMW of Maplewood, Saint Louis, US",,,,,,,,
C28 - Donington Grey Metallic,F97,LKHV - Adelaide Grey Extended Merino Leather,2020,5YMTS0C06L9B47615,,9B47615,2MK,,,"Nov 9, 2019",,USA,"BMW of Tigard, Tigard, US",,,,,,,,
,F97,VAEW - BMW Individual Ivory White Extended Merino Leather,2020,5YMTS0C08L9B47633,,9B47633,2MK,,,"Nov 10, 2019",,USA,"BMW of the Permian Basin, Midland, US",,,,,,,,
300 - Alpine White,F97,LKDA - Sakhir Orange Extended Merino Leather,2020,5YMTS0C09L9B47642,,9B47642,2MK,,,"Nov 10, 2019",,USA,"BMW of Florence, Florence, US",,,,,,,,
300 - Alpine White,F97,LKDA - Sakhir Orange Extended Merino Leather,2020,5YMTS0C08L9B47650,,9B47650,2MK,,,"Nov 10, 2019",,USA,"Alderson European Motors, Lubbock, US",,,,,,,,
,F97,HDJA - Black/Midrand Beige Two-Tone Merino Leather / Alcantara,2020,5YMTS0C05L9B47668,,9B47668,2MK,,,"Nov 10, 2019",,USA,"BMW of Murray, Murray, US",,,,,,,,
475 - Black Sapphire Metallic,F97,HDJA - Black/Midrand Beige Two-Tone Merino Leather / Alcantara,2020,5YMTS0C04L9B47676,,9B47676,2MK,,,"Nov 10, 2019",,USA,"BMW Fresno, Fresno, US",,,,,,,,
300 - Alpine White,F97,MAH7 - Black Vernasca Leather,2020,5YMTS0C02L9B48597,,9B48597,2MK,,,"Nov 10, 2019",,USA,"Classic BMW/Classic MINI, Willoughby Hills, US",,,,,,,,
475 - Black Sapphire Metallic,F97,LKDA - Sakhir Orange Extended Merino Leather,2020,5YMTS0C0XL9B48606,,9B48606,2MK,,,"Nov 10, 2019",,USA,"BMW Fresno, Fresno, US",,,,,,,,
300 - Alpine White,F97,HDJA - Black/Midrand Beige Two-Tone Merino Leather / Alcantara,2020,5YMTS0C0XL9B48640,,9B48640,2MK,,,"Nov 10, 2019",,USA,"BMW of San Francisco, San Francisco, US",,,,,,,,
C28 - Donington Grey Metallic,F97,LKDA - Sakhir Orange Extended Merino Leather,2020,5YMTS0C07L9B48739,,9B48739,2MK,,,"Nov 11, 2019",,USA,"Bluegrass BMW, Paducah, US",,,,,,,,
A90 - Dark Graphite Metallic,F97,LKSW - Black Extended Merino Leather,2020,5YMTS0C08L9B48748,,9B48748,2MK,,,"Nov 11, 2019",,USA,"BMW Encinitas, Encinitas, US",,,,,,,,
A90 - Dark Graphite Metallic,F97,VATQ - BMW Individual Tartufo Extended Merino Leather,2020,5YMTS0C09L9B48757,,9B48757,2MK,,,"Nov 11, 2019",,USA,"BMW of Tenafly, Tenafly, US",,,,,,,,
475 - Black Sapphire Metallic,F97,MAH7 - Black Vernasca Leather,2020,5YMTS0C0XL9B48766,,9B48766,2MK,,,"Nov 11, 2019",,USA,"BMW of Fairfax, Fairfax, US",,,,,,,,
C1M - Phytonic Blue Metallic,F97,MAOQ - Oyster Vernasca Leather,2020,5YMTS0C00L9B48775,,9B48775,2MK,,,"Nov 11, 2019",,USA,"South Shore BMW, Rockland, US",,,,,,,,
A90 - Dark Graphite Metallic,F97,LKDA - Sakhir Orange Extended Merino Leather,2020,5YMTS0C07L9B48854,,9B48854,2MK,,,"Nov 11, 2019",,USA,"BMW of Morristown, Morristown, US",,,,,,,,
300 - Alpine White,F97,LKDA - Sakhir Orange Extended Merino Leather,2020,5YMTS0C08L9B48863,,9B48863,2MK,,,"Nov 11, 2019",,USA,"Newbold BMW, O Fallon, US",,,,,,,,
A90 - Dark Graphite Metallic,F97,VATQ - BMW Individual Tartufo Extended Merino Leather,2020,5YMTS0C09L9B48872,,9B48872,2MK,,,"Nov 11, 2019",,USA,"Momentum BMW/MINI, Houston, US",,,,,,,,
A90 - Dark Graphite Metallic,F97,LKSW - Black Extended Merino Leather,2020,5YMTS0C0XL9B48881,,9B48881,2MK,,,"Nov 11, 2019",,USA,"Nick Alexander Imports, Los Angeles, US",,,,,,,,
475 - Black Sapphire Metallic,F97,LKHV - Adelaide Grey Extended Merino Leather,2020,5YMTS0C07L9B48899,,9B48899,2MK,,,"Nov 11, 2019",,USA,"BMW of Atlantic City, Egg Harbor Township, US",,,,,,,,
A90 - Dark Graphite Metallic,F97,MAH7 - Black Vernasca Leather,2020,5YMTS0C05L9B48917,,9B48917,2MK,,,"Nov 11, 2019",,USA,"Braman BMW/Braman MINI of Miami, Miami, US",,,,,,,,
A90 - Dark Graphite Metallic,F97,LKSW - Black Extended Merino Leather,2020,5YMTS0C07L9B48966,,9B48966,2MK,,,"Nov 11, 2019",,USA,"BMW of the Main Line, Bala Cynwyd, US",,,,,,,,
A90 - Dark Graphite Metallic,F97,MAH7 - Black Vernasca Leather,2020,5YMTS0C08L9B48975,,9B48975,2MK,,,"Nov 11, 2019",,USA,"BMW of Oyster Bay, Oyster Bay, US",,,,,,,,
475 - Black Sapphire Metallic,F97,MAH7 - Black Vernasca Leather,2020,5YMTS0C0XL9B48993,,9B48993,2MK,,,"Nov 11, 2019",,USA,"Classic BMW, Plano, US",,,,,,,,
A90 - Dark Graphite Metallic,F97,LKSW - Black Extended Merino Leather,2020,5YMTS0C06L9B49011,,9B49011,2MK,,,"Nov 11, 2019",,USA,"Competition BMW of Smithtown, Saint James, US",,,,,,,,
A90 - Dark Graphite Metallic,F97,VAEW - BMW Individual Ivory White Extended Merino Leather,2020,5YMTS0C01L9B49028,,9B49028,2MK,,,"Nov 11, 2019",,USA,"BMW Seattle, Seattle, US",,,,,,,,
A90 - Dark Graphite Metallic,F97,VATQ - BMW Individual Tartufo Extended Merino Leather,2020,5YMTS0C0XL9B49044,,9B49044,2MK,,,"Nov 11, 2019",,USA,"United BMW, Alpharetta, US",,,,,,,,
475 - Black Sapphire Metallic,F97,HDJA - Black/Midrand Beige Two-Tone Merino Leather / Alcantara,2020,5YMTS0C0XL9B49061,,9B49061,2MK,,,"Nov 11, 2019",,USA,"Keeler BMW, Latham, US",,,,,,,,
475 - Black Sapphire Metallic,F97,LKHV - Adelaide Grey Extended Merino Leather,2020,5YMTS0C05L9B49078,,9B49078,2MK,,,"Nov 11, 2019",,USA,"South Bay BMW, Torrance, US",,,,,,,,
C3G - Toronto Red Metallic,F97,VAEW - BMW Individual Ivory White Extended Merino Leather,2020,5YMTS0C03L9B49094,,9B49094,2MK,,,"Nov 11, 2019",,USA,"BMW of Sarasota, Sarasota, US",,,,,,,,
A90 - Dark Graphite Metallic,F97,MAH7 - Black Vernasca Leather,2020,5YMTS0C01L9B49109,,9B49109,2MK,,,"Nov 11, 2019",,USA,"BMW of Rochester, Rochester, US",,,,,,,,
C28 - Donington Grey Metallic,F97,MAH7 - Black Vernasca Leather,2020,5YMTS0C0XL9B49125,,9B49125,2MK,,,"Nov 11, 2019",,USA,"South Shore BMW, Rockland, US",,,,,,,,
C3G - Toronto Red Metallic,F97,MAH7 - Black Vernasca Leather,2020,5YMTS0C08L9B49141,,9B49141,2MK,,,"Nov 11, 2019",,USA,"Rallye BMW, Westbury, US",,,,,,,,
C1M - Phytonic Blue Metallic,F97,MAOQ - Oyster Vernasca Leather,2020,5YMTS0C01L9B49157,,9B49157,2MK,,,"Nov 11, 2019",,USA,"BMW of Manhasset, Manhasset, US",,,,,,,,
A90 - Dark Graphite Metallic,F97,VATQ - BMW Individual Tartufo Extended Merino Leather,2020,5YMTS0C0XL9B49173,,9B49173,2MK,,,"Nov 11, 2019",,USA,"BMW of Vista, Vista, US",,,,,,,,
C28 - Donington Grey Metallic,F97,LKSW - Black Extended Merino Leather,2020,5YMTS0C03L9B49189,,9B49189,2MK,,,"Nov 11, 2019",,USA,"Grayson BMW, Knoxville, US",,,,,,,,
A90 - Dark Graphite Metallic,F97,LKSW - Black Extended Merino Leather,2020,5YMTS0C08L9B49205,,9B49205,2MK,,,"Nov 11, 2019",,USA,"BMW of San Rafael, San Rafael, US",,,,,,,,
C28 - Donington Grey Metallic,F97,LKDA - Sakhir Orange Extended Merino Leather,2020,5YMTS0C03L9B49225,,9B49225,2MK,,,"Nov 11, 2019",,USA,"BMW of Lincoln, Lincoln, US",,,,,,,,
300 - Alpine White,F97,MAH7 - Black Vernasca Leather,2020,5YMTS0C07L9B50183,,9B50183,2MK,,,"Nov 11, 2019",,USA,"Schomp BMW of Highlands Ranch, Highlands Ranch, US",,,,,,,,
A90 - Dark Graphite Metallic,F97,MAH7 - Black Vernasca Leather,2020,5YMTS0C0XL9B50209,,9B50209,2MK,,,"Nov 11, 2019",,USA,"Orange County BMW, Harriman, US",,,,,,,,
300 - Alpine White,F97,LKDA - Sakhir Orange Extended Merino Leather,2020,5YMTS0C00L9B50218,,9B50218,2MK,,,"Nov 11, 2019",,USA,"BMW Portland, Portland, US",,,,,,,,
475 - Black Sapphire Metallic,F97,MAH7 - Black Vernasca Leather,2020,5YMTS0C03L9B50245,,9B50245,2MK,,,"Nov 11, 2019",,USA,"Schomp BMW of Highlands Ranch, Highlands Ranch, US",,,,,,,,
300 - Alpine White,F97,HDJA - Black/Midrand Beige Two-Tone Merino Leather / Alcantara,2020,5YMTS0C07L9B50281,,9B50281,2MK,,,"Nov 12, 2019",,USA,"Keeler BMW, Latham, US",,,,,,,,
475 - Black Sapphire Metallic,F97,HDJA - Black/Midrand Beige Two-Tone Merino Leather / Alcantara,2020,5YMTS0C06L9B50353,,9B50353,2MK,,,"Nov 12, 2019",,USA,"Circle BMW, Eatontown, US",,,,,,,,
475 - Black Sapphire Metallic,F97,VATQ - BMW Individual Tartufo Extended Merino Leather,2020,5YMTS0C07L9B50362,,9B50362,2MK,,,"Nov 12, 2019",,USA,"BMW of Westchester, White Plains, US",,,,,,,,
C28 - Donington Grey Metallic,F97,LKDA - Sakhir Orange Extended Merino Leather,2020,5YMTS0C09L9B50380,,9B50380,2MK,,,"Nov 12, 2019",,USA,"Patrick BMW, Schaumburg, US",,,,,,,,
300 - Alpine White,F97,LKDA - Sakhir Orange Extended Merino Leather,2020,5YMTS0C05L9B50389,,9B50389,2MK,,,"Nov 12, 2019",,USA,"South Bay BMW, Torrance, US",,,,,,,,
C28 - Donington Grey Metallic,F97,LKHV - Adelaide Grey Extended Merino Leather,2020,5YMTS0C06L9B50398,,9B50398,2MK,,,"Nov 12, 2019",,USA,"New Century BMW, Alhambra, US",,,,,,,,
300 - Alpine White,F97,LKSW - Black Extended Merino Leather,2020,5YMTS0C03L9B50407,,9B50407,2MK,,,"Nov 12, 2019",,USA,"Flemington BMW, Flemington, US",,,,,,,,
475 - Black Sapphire Metallic,F97,LKDA - Sakhir Orange Extended Merino Leather,2020,5YMTS0C04L9B50416,,9B50416,2MK,,,"Nov 12, 2019",,USA,"Flemington BMW, Flemington, US",,,,,,,,
C28 - Donington Grey Metallic,F97,HDJA - Black/Midrand Beige Two-Tone Merino Leather / Alcantara,2020,5YMTS0C06L9B50434,,9B50434,2MK,,,"Nov 12, 2019",,USA,"BMW of Fairfax, Fairfax, US",,,,,,,,
475 - Black Sapphire Metallic,F97,HDJA - Black/Midrand Beige Two-Tone Merino Leather / Alcantara,2020,5YMTS0C07L9B50443,,9B50443,2MK,,,"Nov 12, 2019",,USA,"Arrowhead BMW, Glendale, US",,,,,,,,
475 - Black Sapphire Metallic,F97,LKHV - Adelaide Grey Extended Merino Leather,2020,5YMTS0C08L9B50452,,9B50452,2MK,,,"Nov 12, 2019",,USA,"BMW of Little Rock, Little Rock, US",,,,,,,,
C28 - Donington Grey Metallic,F97,VAEW - BMW Individual Ivory White Extended Merino Leather,2020,5YMTS0C0XL9B50470,,9B50470,2MK,,,"Nov 12, 2019",,USA,"BMW of Norwood, Norwood, US",,,,,,,,
475 - Black Sapphire Metallic,F97,LKSW - Black Extended Merino Leather,2020,5YMTS0C03L9B50505,,9B50505,2MK,,,"Nov 12, 2019",,USA,"BMW of Dallas/MINI of Dallas, Dallas, US",,,,,,,,
475 - Black Sapphire Metallic,F97,LKHV - Adelaide Grey Extended Merino Leather,2020,5YMTS0C01L9B50521,,9B50521,2MK,,,"Nov 12, 2019",,USA,"BMW of Morristown, Morristown, US",,,,,,,,
475 - Black Sapphire Metallic,F97,HDJA - Black/Midrand Beige Two-Tone Merino Leather / Alcantara,2020,5YMTS0C05L9B50537,,9B50537,2MK,,,"Nov 12, 2019",,USA,"BMW of San Francisco, San Francisco, US",,,,,,,,
C28 - Donington Grey Metallic,F97,MAH7 - Black Vernasca Leather,2020,5YMTS0C07L9B50555,,9B50555,2MK,,,"Nov 12, 2019",,USA,"BMW of Norwood, Norwood, US",,,,,,,,
C28 - Donington Grey Metallic,F97,LKDA - Sakhir Orange Extended Merino Leather,2020,5YMTS0C00L9B50641,,9B50641,2MK,,,"Nov 12, 2019",,USA,"BMW of Austin, Austin, US",,,,,,,,
C28 - Donington Grey Metallic,F97,LKDA - Sakhir Orange Extended Merino Leather,2020,5YMTS0C08L9B50659,,9B50659,2MK,,,"Nov 12, 2019",,USA,"BMW Aurora, Aurora, CA",,,,,,,,
A90 - Dark Graphite Metallic,F97,MAH7 - Black Vernasca Leather,2020,5YMTS0C0XL9B50677,,9B50677,2MK,,,"Nov 12, 2019",,USA,"BMW of San Francisco, San Francisco, US",,,,,,,,
C28 - Donington Grey Metallic,F97,LKHV - Adelaide Grey Extended Merino Leather,2020,5YMTS0C0XL9B50694,,9B50694,2MK,,,"Nov 12, 2019",,USA,"Kelowna BMW, Kelowna, CA",,,,,,,,
C28 - Donington Grey Metallic,F97,LKDA - Sakhir Orange Extended Merino Leather,2020,5YMTS0C08L9B50712,,9B50712,2MK,,,"Nov 12, 2019",,USA,"Pfaff BMW, Mississauga, CA",,,,,,,,
C28 - Donington Grey Metallic,F97,LKDA - Sakhir Orange Extended Merino Leather,2020,5YMTS0C05L9B50764,,9B50764,2MK,,,"Nov 12, 2019",,USA,"Parkview BMW, North York, CA",,,,,,,,
475 - Black Sapphire Metallic,F97,MAH7 - Black Vernasca Leather,2020,5YMTS0C07L9B50796,,9B50796,2MK,,,"Nov 12, 2019",,USA,"Newbold BMW, O Fallon, US",,,,,,,,
475 - Black Sapphire Metallic,F97,LKDA - Sakhir Orange Extended Merino Leather,2020,5YMTS0C08L9B52637,,9B52637,2MK,,,"Nov 12, 2019",,USA,"BMW of Monrovia, Monrovia, US",,,,,,,,
475 - Black Sapphire Metallic,F97,HDJA - Black/Midrand Beige Two-Tone Merino Leather / Alcantara,2020,5YMTS0C07L9B52662,,9B52662,2MK,,,"Nov 12, 2019",,USA,"Chapman BMW, Chandler, US",,,,,,,,
C28 - Donington Grey Metallic,F97,LKSW - Black Extended Merino Leather,2020,5YMTS0C02L9B52696,,9B52696,2MK,,,"Nov 12, 2019",,USA,"Habberstad BMW, Huntington Station, US",,,,,,,,
C1M - Phytonic Blue Metallic,F97,LKSW - Black Extended Merino Leather,2020,5YMTS0C01L9B52768,,9B52768,2MK,,,"Nov 13, 2019",,USA,"Otto's BMW, West Chester, US",,,,,,,,
A90 - Dark Graphite Metallic,F97,LKHV - Adelaide Grey Extended Merino Leather,2020,5YMTS0C02L9B52777,,9B52777,2MK,,,"Nov 13, 2019",,USA,"BMW of Westchester, White Plains, US",,,,,,,,
A90 - Dark Graphite Metallic,F97,HDJA - Black/Midrand Beige Two-Tone Merino Leather / Alcantara,2020,5YMTS0C03L9B52786,,9B52786,2MK,,,"Nov 13, 2019",,USA,"BMW of Tyler, Tyler, US",,,,,,,,
300 - Alpine White,F97,VAEW - BMW Individual Ivory White Extended Merino Leather,2020,5YMTS0C04L9B52795,,9B52795,2MK,,,"Nov 13, 2019",,USA,"BMW of Fort Myers, Fort Myers, US",,,,,,,,
A90 - Dark Graphite Metallic,F97,VAEW - BMW Individual Ivory White Extended Merino Leather,2020,5YMTS0C01L9B52804,,9B52804,2MK,,,"Nov 13, 2019",,USA,"BMW of Northwest Arkansas, Bentonville, US",,,,,,,,
A90 - Dark Graphite Metallic,F97,VAEW - BMW Individual Ivory White Extended Merino Leather,2020,5YMTS0C02L9B52813,,9B52813,2MK,,,"Nov 13, 2019",,USA,"Orange County BMW, Harriman, US",,,,,,,,
300 - Alpine White,F97,LKDA - Sakhir Orange Extended Merino Leather,2020,5YMTS0C03L9B52822,,9B52822,2MK,,,"Nov 13, 2019",,USA,"Beverly Hills BMW, Los Angeles, US",,,,,,,,
475 - Black Sapphire Metallic,F97,HDJA - Black/Midrand Beige Two-Tone Merino Leather / Alcantara,2020,5YMTS0C04L9B52831,,9B52831,2MK,,,"Nov 13, 2019",,USA,"BMW of Southpoint, Durham, US",,,,,,,,
300 - Alpine White,F97,VATQ - BMW Individual Tartufo Extended Merino Leather,2020,5YMTS0C09L9B52839,,9B52839,2MK,,,"Nov 13, 2019",,USA,"BMW of Cincinnati North, Cincinnati, US",,,,,,,,
C1M - Phytonic Blue Metallic,F97,LKSW - Black Extended Merino Leather,2020,5YMTS0C08L9B52847,,9B52847,2MK,,,"Nov 13, 2019",,USA,"Sun Motor Cars BMW, Mechanicsburg, US",,,,,,,,
A90 - Dark Graphite Metallic,F97,LKSW - Black Extended Merino Leather,2020,5YMTS0C08L9B52864,,9B52864,2MK,,,"Nov 13, 2019",,USA,"Schomp BMW of Highlands Ranch, Highlands Ranch, US",,,,,,,,
300 - Alpine White,F97,MAOQ - Oyster Vernasca Leather,2020,5YMTS0C07L9B52872,,9B52872,2MK,,,"Nov 13, 2019",,USA,"BMW of Dallas/MINI of Dallas, Dallas, US",,,,,,,,
300 - Alpine White,F97,LKSW - Black Extended Merino Leather,2020,5YMTS0C08L9B52881,,9B52881,2MK,,,"Nov 13, 2019",,USA,"BMW of Tyler, Tyler, US",,,,,,,,
A90 - Dark Graphite Metallic,F97,VATQ - BMW Individual Tartufo Extended Merino Leather,2020,5YMTS0C09L9B52890,,9B52890,2MK,,,"Nov 13, 2019",,USA,"BMW of Rockville, Rockville, US",,,,,,,,
C28 - Donington Grey Metallic,F97,LKSW - Black Extended Merino Leather,2020,5YMTS0C05L9B52899,,9B52899,2MK,,,"Nov 13, 2019",,USA,"BMW of Nashville, Brentwood, US",,,,,,,,
A90 - Dark Graphite Metallic,F97,HDJA - Black/Midrand Beige Two-Tone Merino Leather / Alcantara,2020,5YMTS0C03L9B52917,,9B52917,2MK,,,"Nov 13, 2019",,USA,"BMW of Alexandria, Alexandria, US",,,,,,,,
300 - Alpine White,F97,LKSW - Black Extended Merino Leather,2020,5YMTS0C05L9B52935,,9B52935,2MK,,,"Nov 13, 2019",,USA,"BMW of Anchorage, Anchorage, US",,,,,,,,
475 - Black Sapphire Metallic,F97,MAOQ - Oyster Vernasca Leather,2020,5YMTS0C07L9B52953,,9B52953,2MK,,,"Nov 13, 2019",,USA,"BMW of Northwest Arkansas, Bentonville, US",,,,,,,,
475 - Black Sapphire Metallic,F97,LKSW - Black Extended Merino Leather,2020,5YMTS0C07L9B52970,,9B52970,2MK,,,"Nov 13, 2019",,USA,"BMW of Lancaster, Lancaster, US",,,,,,,,
475 - Black Sapphire Metallic,F97,HDJA - Black/Midrand Beige Two-Tone Merino Leather / Alcantara,2020,5YMTS0C00L9B52986,,9B52986,2MK,,,"Nov 13, 2019",,USA,"BMW of Idaho Falls, Idaho Falls, US",,,,,,,,
C1M - Phytonic Blue Metallic,F97,LKSW - Black Extended Merino Leather,2020,5YMTS0C03L9B53002,,9B53002,2MK,,,"Nov 13, 2019",,USA,"Fields BMW, Northfield, US",,,,,,,,
A90 - Dark Graphite Metallic,F97,LKSW - Black Extended Merino Leather,2020,5YMTS0C09L9B53019,,9B53019,2MK,,,"Nov 13, 2019",,USA,"BMW of Southpoint, Durham, US",,,,,,,,
475 - Black Sapphire Metallic,F97,LKSW - Black Extended Merino Leather,2020,5YMTS0C07L9B53035,,9B53035,2MK,,,"Nov 13, 2019",,USA,"BMW Laval, Laval, CA",,,,,,,,
C28 - Donington Grey Metallic,F97,VATQ - BMW Individual Tartufo Extended Merino Leather,2020,5YMTS0C06L9B53043,,9B53043,2MK,,,"Nov 13, 2019",,USA,"New Country BMW, Hartford, US",,,,,,,,
475 - Black Sapphire Metallic,F97,LKSW - Black Extended Merino Leather,2020,5YMTS0C08L9B53061,,9B53061,2MK,,,"Nov 13, 2019",,USA,"The BMW Store, Vancouver, CA",,,,,,,,
C1M - Phytonic Blue Metallic,F97,LKSW - Black Extended Merino Leather,2020,5YMTS0C05L9B53079,,9B53079,2MK,,,"Nov 13, 2019",,USA,"BMW Grand River, Kitchener, CA",,,,,,,,
300 - Alpine White,F97,LKDA - Sakhir Orange Extended Merino Leather,2020,5YMTS0C06L9B53088,,9B53088,2MK,,,"Nov 13, 2019",,USA,"Edmonton BMW, Edmonton, CA",,,,,,,,
300 - Alpine White,F97,LKDA - Sakhir Orange Extended Merino Leather,2020,5YMTS0C04L9B53106,,9B53106,2MK,,,"Nov 13, 2019",,USA,"Grenier BMW, Terrebonne, CA",,,,,,,,
475 - Black Sapphire Metallic,F97,MAH7 - Black Vernasca Leather,2020,5YMTS0C06L9B53124,,9B53124,2MK,,,"Nov 13, 2019",,USA,"BMW Aurora, Aurora, CA",,,,,,,,
A90 - Dark Graphite Metallic,F97,LKSW - Black Extended Merino Leather,2020,5YMTS0C08L9B53142,,9B53142,2MK,,,"Nov 13, 2019",,USA,"BMW Markham, Markham, CA",,,,,,,,
475 - Black Sapphire Metallic,F97,LKHV - Adelaide Grey Extended Merino Leather,2020,5YMTS0C09L9B53151,,9B53151,2MK,,,"Nov 13, 2019",,USA,"Hamel BMW, Blainville, CA",,,,,,,,
475 - Black Sapphire Metallic,F97,LKDA - Sakhir Orange Extended Merino Leather,2020,5YMTS0C04L9B53168,,9B53168,2MK,,,"Nov 13, 2019",,USA,"Maranello BMW, Vaughan, CA",,,,,,,,
475 - Black Sapphire Metallic,F97,LKDA - Sakhir Orange Extended Merino Leather,2020,5YMTS0C06L9B53186,,9B53186,2MK,,,"Nov 13, 2019",,USA,"BMW Autohaus, Thornhill, CA",,,,,,,,
A90 - Dark Graphite Metallic,F97,LKHV - Adelaide Grey Extended Merino Leather,2020,5YMTS0C04L9B53204,,9B53204,2MK,,,"Nov 13, 2019",,USA,"Park Shore BMW, North Vancouver, CA",,,,,,,,
300 - Alpine White,F97,LKDA - Sakhir Orange Extended Merino Leather,2020,5YMTS0C06L9B53222,,9B53222,2MK,,,"Nov 13, 2019",,USA,"BMW Nanaimo, Nanaimo, CA",,,,,,,,
475 - Black Sapphire Metallic,F97,LKSW - Black Extended Merino Leather,2020,5YMTS0C0XL9B53238,,9B53238,2MK,,,"Nov 13, 2019",,USA,"Brian Jessel BMW, Vancouver, CA",,,,,,,,
C28 - Donington Grey Metallic,F97,LKSW - Black Extended Merino Leather,2020,5YMTS0C08L9B53254,,9B53254,2MK,,,"Nov 13, 2019",,USA,"BMW of Dallas/MINI of Dallas, Dallas, US",,,,,,,,
475 - Black Sapphire Metallic,F97,LKSW - Black Extended Merino Leather,2020,5YMTS0C06L9B53270,,9B53270,2MK,,,"Nov 13, 2019",,USA,"BMW Sainte-Julie, Sainte-Julie, CA",,,,,,,,
475 - Black Sapphire Metallic,F97,LKSW - Black Extended Merino Leather,2020,5YMTS0C04L9B53350,,9B53350,2MK,,,"Nov 13, 2019",,USA,"South Motors BMW, Miami, US",,,,,,,,
C28 - Donington Grey Metallic,F97,LKSW - Black Extended Merino Leather,2020,5YMTS0C02L9B53413,,9B53413,2MK,,,"Nov 13, 2019",,USA,"BMW Concord, Concord, US",,,,,,,,
C28 - Donington Grey Metallic,F97,LKHV - Adelaide Grey Extended Merino Leather,2020,5YMTS0C05L9B53440,,9B53440,2MK,,,"Nov 14, 2019",,USA,"Pacific BMW, Glendale, US",,,,,,,,
C3G - Toronto Red Metallic,F97,LKSW - Black Extended Merino Leather,2020,5YMTS0C00L9B53457,,9B53457,2MK,,,"Nov 14, 2019",,USA,"Autogermana, Inc., Hato Rey, US",,,,,,,,
C1M - Phytonic Blue Metallic,F97,LKDA - Sakhir Orange Extended Merino Leather,2020,5YMTS0C03L9B53467,,9B53467,2MK,,,"Nov 14, 2019",,USA,"Open Road BMW, Edison, US",,,,,,,,
C1M - Phytonic Blue Metallic,F97,VAEW - BMW Individual Ivory White Extended Merino Leather,2020,5YMTS0C02L9B53475,,9B53475,2MK,,,"Nov 14, 2019",,USA,"Open Road BMW, Edison, US",,,,,,,,
C3G - Toronto Red Metallic,F97,LKSW - Black Extended Merino Leather,2020,5YMTS0C00L9B53491,,9B53491,2MK,,,"Nov 14, 2019",,USA,"Open Road BMW, Edison, US",,,,,,,,
C28 - Donington Grey Metallic,F97,LKSW - Black Extended Merino Leather,2020,5YMTS0C05L9B53499,,9B53499,2MK,,,"Nov 14, 2019",,USA,"Fields BMW - Lakeland, Lakeland, US",,,,,,,,
C28 - Donington Grey Metallic,F97,HDJA - Black/Midrand Beige Two-Tone Merino Leather / Alcantara,2020,5YMTS0C08L9B53531,,9B53531,2MK,,,"Nov 14, 2019",,USA,"BMW of Gwinnett Place, Duluth, US",,,,,,,,
C3G - Toronto Red Metallic,F97,HDJA - Black/Midrand Beige Two-Tone Merino Leather / Alcantara,2020,5YMTS0C01L9B53547,,9B53547,2MK,,,"Nov 14, 2019",,USA,"Santa Monica BMW, Santa Monica, US",,,,,,,,
C3G - Toronto Red Metallic,F97,LKSW - Black Extended Merino Leather,2020,5YMTS0C02L9B53556,,9B53556,2MK,,,"Nov 14, 2019",,USA,"South Motors BMW, Miami, US",,,,,,,,
C3G - Toronto Red Metallic,F97,LKSW - Black Extended Merino Leather,2020,5YMTS0C00L9B53572,,9B53572,2MK,,,"Nov 14, 2019",,USA,"BMW of El Cajon, El Cajon, US",,,,,,,,
C3G - Toronto Red Metallic,F97,LKHV - Adelaide Grey Extended Merino Leather,2020,5YMTS0C01L9B53581,,9B53581,2MK,,,"Nov 14, 2019",,USA,"BMW of Okemos, Okemos, US",,,,,,,,
C28 - Donington Grey Metallic,F97,LKSW - Black Extended Merino Leather,2020,5YMTS0C04L9B53607,,9B53607,2MK,,,"Nov 14, 2019",,USA,"BMW of Sioux Falls, Sioux Falls, US",,,,,,,,
A90 - Dark Graphite Metallic,F97,MAH7 - Black Vernasca Leather,2020,5YMTS0C06L9B53625,,9B53625,2MK,,,"Nov 14, 2019",,USA,"BMW of Brooklyn, Brooklyn, US",,,,,,,,
C3G - Toronto Red Metallic,F97,LKSW - Black Extended Merino Leather,2020,5YMTS0C05L9B53633,,9B53633,2MK,,,"Nov 14, 2019",,USA,"BMW North Scottsdale, Phoenix, US",,,,,,,,
C3G - Toronto Red Metallic,F97,LKHV - Adelaide Grey Extended Merino Leather,2020,5YMTS0C05L9B53650,,9B53650,2MK,,,"Nov 14, 2019",,USA,"Pacific BMW, Glendale, US",,,,,,,,
C28 - Donington Grey Metallic,F97,LKSW - Black Extended Merino Leather,2020,5YMTS0C09L9B53683,,9B53683,2MK,,,"Nov 14, 2019",,USA,"BMW of San Rafael, San Rafael, US",,,,,,,,
C1M - Phytonic Blue Metallic,F97,LKSW - Black Extended Merino Leather,2020,5YMTS0C01L9B53693,,9B53693,2MK,,,"Nov 14, 2019",,USA,"Peter Pan BMW, Burlingame, US",,,,,,,,
C28 - Donington Grey Metallic,F97,LKSW - Black Extended Merino Leather,2020,5YMTS0C07L9B53701,,9B53701,2MK,,,"Nov 14, 2019",,USA,"BMW of Idaho Falls, Idaho Falls, US",,,,,,,,
C3G - Toronto Red Metallic,F97,LKSW - Black Extended Merino Leather,2020,5YMTS0C0XL9B53725,,9B53725,2MK,,,"Nov 14, 2019",,USA,"BMW of Omaha/MINI of Omaha, Omaha, US",,,,,,,,
C3G - Toronto Red Metallic,F97,LKSW - Black Extended Merino Leather,2020,5YMTS0C00L9B53734,,9B53734,2MK,,,"Nov 14, 2019",,USA,"Classic BMW, Plano, US",,,,,,,,
C28 - Donington Grey Metallic,F97,HDJA - Black/Midrand Beige Two-Tone Merino Leather / Alcantara,2020,5YMTS0C02L9B53752,,9B53752,2MK,,,"Nov 14, 2019",,USA,"Tulley BMW, Nashua, US",,,,,,,,
C3G - Toronto Red Metallic,F97,LKSW - Black Extended Merino Leather,2020,5YMTS0C03L9B53761,,9B53761,2MK,,,"Nov 14, 2019",,USA,"Richmond BMW, Richmond, US",,,,,,,,
C28 - Donington Grey Metallic,F97,MAOQ - Oyster Vernasca Leather,2020,5YMTS0C04L9B53770,,9B53770,2MK,,,"Nov 14, 2019",,USA,"Crown BMW, Greensboro, US",,,,,,,,
C28 - Donington Grey Metallic,F97,LKHV - Adelaide Grey Extended Merino Leather,2020,5YMTS0C00L9B53779,,9B53779,2MK,,,"Nov 14, 2019",,USA,"South Shore BMW, Rockland, US",,,,,,,,
C28 - Donington Grey Metallic,F97,LKHV - Adelaide Grey Extended Merino Leather,2020,5YMTS0C01L9B53788,,9B53788,2MK,,,"Nov 14, 2019",,USA,"BMW of Salem, Salem, US",,,,,,,,
C28 - Donington Grey Metallic,F97,HDJA - Black/Midrand Beige Two-Tone Merino Leather / Alcantara,2020,5YMTS0C02L9B53797,,9B53797,2MK,,,"Nov 14, 2019",,USA,"BMW of Austin, Austin, US",,,,,,,,
C1M - Phytonic Blue Metallic,F97,LKDA - Sakhir Orange Extended Merino Leather,2020,5YMTS0C08L9B53805,,9B53805,2MK,,,"Nov 14, 2019",,USA,"Sharpe BMW, Grand Rapids, US",,,,,,,,
C28 - Donington Grey Metallic,F97,LKSW - Black Extended Merino Leather,2020,5YMTS0C01L9B53841,,9B53841,2MK,,,"Nov 14, 2019",,USA,"Jackie Cooper Imports/MINI, Edmond, US",,,,,,,,
C28 - Donington Grey Metallic,F97,LKDA - Sakhir Orange Extended Merino Leather,2020,5YMTS0C09L9B53859,,9B53859,2MK,,,"Nov 14, 2019",,USA,"BMW of Alexandria, Alexandria, US",,,,,,,,
C28 - Donington Grey Metallic,F97,MAH7 - Black Vernasca Leather,2020,5YMTS0C07L9B53875,,9B53875,2MK,,,"Nov 14, 2019",,USA,"BMW of Southampton, Southampton, US",,,,,,,,
C3G - Toronto Red Metallic,F97,VATQ - BMW Individual Tartufo Extended Merino Leather,2020,5YMTS0C05L9B53891,,9B53891,2MK,,,"Nov 14, 2019",,USA,"BMW of Springfield, Springfield, US",,,,,,,,
C28 - Donington Grey Metallic,F97,MAH7 - Black Vernasca Leather,2020,5YMTS0C05L9B53907,,9B53907,2MK,,,"Nov 14, 2019",,USA,"Autohaus BMW of Maplewood, Saint Louis, US",,,,,,,,
300 - Alpine White,F97,HDJA - Black/Midrand Beige Two-Tone Merino Leather / Alcantara,2020,5YMTS0C01L9B54875,,9B54875,2MK,,,"Nov 14, 2019",,USA,"East Bay BMW, Pleasanton, US",,,,,,,,
A90 - Dark Graphite Metallic,F97,LKSW - Black Extended Merino Leather,2020,5YMTS0C02L9B54884,,9B54884,2MK,,,"Nov 14, 2019",,USA,"BMW of Houston North, Houston, US",,,,,,,,
475 - Black Sapphire Metallic,F97,LKHV - Adelaide Grey Extended Merino Leather,2020,5YMTS0C01L9B54973,,9B54973,2MK,,,"Nov 14, 2019",,USA,"South Bay BMW, Torrance, US",,,,,,,,
300 - Alpine White,F97,LKSW - Black Extended Merino Leather,2020,5YMTS0C02L9B54982,,9B54982,2MK,,,"Nov 14, 2019",,USA,"BMW Concord, Concord, US",,,,,,,,
300 - Alpine White,F97,LKDA - Sakhir Orange Extended Merino Leather,2020,5YMTS0C00L9B55001,,9B55001,2MK,,,"Nov 14, 2019",,USA,"BMW of Monrovia, Monrovia, US",,,,,,,,
300 - Alpine White,F97,LKSW - Black Extended Merino Leather,2020,5YMTS0C0XL9B55037,,9B55037,2MK,,,"Nov 15, 2019",,USA,"Jackie Cooper Imports/MINI, Edmond, US",,,,,,,,
A90 - Dark Graphite Metallic,F97,LKSW - Black Extended Merino Leather,2020,5YMTS0C09L9B55045,,9B55045,2MK,,,"Nov 15, 2019",,USA,"Nalley BMW of Decatur, Decatur, US",,,,,,,,
475 - Black Sapphire Metallic,F97,LKHV - Adelaide Grey Extended Merino Leather,2020,5YMTS0C0XL9B55054,,9B55054,2MK,,,"Nov 15, 2019",,USA,"BMW of Sterling, Sterling, US",,,,,,,,
475 - Black Sapphire Metallic,F97,HDJA - Black/Midrand Beige Two-Tone Merino Leather / Alcantara,2020,5YMTS0C01L9B55072,,9B55072,2MK,,,"Nov 15, 2019",,USA,"BMW of Sterling, Sterling, US",,,,,,,,
300 - Alpine White,F97,VATQ - BMW Individual Tartufo Extended Merino Leather,2020,5YMTS0C00L9B55080,,9B55080,2MK,,,"Nov 15, 2019",,USA,"Open Road BMW, Edison, US",,,,,,,,
475 - Black Sapphire Metallic,F97,LKHV - Adelaide Grey Extended Merino Leather,2020,5YMTS0C08L9B55098,,9B55098,2MK,,,"Nov 15, 2019",,USA,"Park Place BMW, Rochester, US",,,,,,,,
300 - Alpine White,F97,LKSW - Black Extended Merino Leather,2020,5YMTS0C03L9B55106,,9B55106,2MK,,,"Nov 15, 2019",,USA,"Pacific BMW, Glendale, US",,,,,,,,
475 - Black Sapphire Metallic,F97,VATQ - BMW Individual Tartufo Extended Merino Leather,2020,5YMTS0C04L9B55115,,9B55115,2MK,,,"Nov 15, 2019",,USA,"Hendrick BMW, Charlotte, US",,,,,,,,
475 - Black Sapphire Metallic,F97,VAEW - BMW Individual Ivory White Extended Merino Leather,2020,5YMTS0C04L9B55132,,9B55132,2MK,,,"Nov 15, 2019",,USA,"Stevens Creek BMW, Santa Clara, US",,,,,,,,
300 - Alpine White,F97,LKDA - Sakhir Orange Extended Merino Leather,2020,5YMTS0C08L9B55151,,9B55151,2MK,,,"Nov 15, 2019",,USA,"BMW of Denver Downtown, Denver, US",,,,,,,,
A90 - Dark Graphite Metallic,F97,MAOQ - Oyster Vernasca Leather,2020,5YMTS0C02L9B55159,,9B55159,2MK,,,"Nov 15, 2019",,USA,"BMW of Bakersfield, Bakersfield, US",,,,,,,,
A90 - Dark Graphite Metallic,F97,VATQ - BMW Individual Tartufo Extended Merino Leather,2020,5YMTS0C02L9B55176,,9B55176,2MK,,,"Nov 15, 2019",,USA,"BMW of Silver Spring, Silver Spring, US",,,,,,,,
475 - Black Sapphire Metallic,F97,LKDA - Sakhir Orange Extended Merino Leather,2020,5YMTS0C03L9B55185,,9B55185,2MK,,,"Nov 15, 2019",,USA,"South Motors BMW, Miami, US",,,,,,,,
475 - Black Sapphire Metallic,F97,LKDA - Sakhir Orange Extended Merino Leather,2020,5YMTS0C02L9B55209,,9B55209,2MK,,,"Nov 15, 2019",,USA,"BMW of Bakersfield, Bakersfield, US",,,,,,,,
A90 - Dark Graphite Metallic,F97,LKHV - Adelaide Grey Extended Merino Leather,2020,5YMTS0C03L9B55218,,9B55218,2MK,,,"Nov 15, 2019",,USA,"BMW of El Cajon, El Cajon, US",,,,,,,,
475 - Black Sapphire Metallic,F97,HDJA - Black/Midrand Beige Two-Tone Merino Leather / Alcantara,2020,5YMTS0C04L9B55227,,9B55227,2MK,,,"Nov 15, 2019",,USA,"BMW of Alexandria, Alexandria, US",,,,,,,,
475 - Black Sapphire Metallic,F97,LKDA - Sakhir Orange Extended Merino Leather,2020,5YMTS0C06L9B55245,,9B55245,2MK,,,"Nov 15, 2019",,USA,"BMW of Freeport, Freeport, US",,,,,,,,
475 - Black Sapphire Metallic,F97,HDJA - Black/Midrand Beige Two-Tone Merino Leather / Alcantara,2020,5YMTS0C08L9B55263,,9B55263,2MK,,,"Nov 15, 2019",,USA,"BMW of Newton, Newton, US",,,,,,,,
A90 - Dark Graphite Metallic,F97,LKHV - Adelaide Grey Extended Merino Leather,2020,5YMTS0C09L9B55272,,9B55272,2MK,,,"Nov 15, 2019",,USA,"Nalley BMW of Decatur, Decatur, US",,,,,,,,
475 - Black Sapphire Metallic,F97,VATQ - BMW Individual Tartufo Extended Merino Leather,2020,5YMTS0C00L9B55290,,9B55290,2MK,,,"Nov 15, 2019",,USA,"East Bay BMW, Pleasanton, US",,,,,,,,
475 - Black Sapphire Metallic,F97,LKDA - Sakhir Orange Extended Merino Leather,2020,5YMTS0C07L9B55299,,9B55299,2MK,,,"Nov 15, 2019",,USA,"Flow BMW, Winston Salem, US",,,,,,,,
475 - Black Sapphire Metallic,F97,LKHV - Adelaide Grey Extended Merino Leather,2020,5YMTS0C03L9B55316,,9B55316,2MK,,,"Nov 15, 2019",,USA,"Niello BMW Sacramento, Sacramento, US",,,,,,,,
475 - Black Sapphire Metallic,F97,VAEW - BMW Individual Ivory White Extended Merino Leather,2020,5YMTS0C02L9B55324,,9B55324,2MK,,,"Nov 15, 2019",,USA,"Stevens Creek BMW, Santa Clara, US",,,,,,,,
A90 - Dark Graphite Metallic,F97,LKHV - Adelaide Grey Extended Merino Leather,2020,5YMTS0C00L9B55340,,9B55340,2MK,,,"Nov 15, 2019",,USA,"Stevens Creek BMW, Santa Clara, US",,,,,,,,
475 - Black Sapphire Metallic,F97,LKSW - Black Extended Merino Leather,2020,5YMTS0C07L9B55349,,9B55349,2MK,,,"Nov 15, 2019",,USA,"BMW of Rockville, Rockville, US",,,,,,,,
300 - Alpine White,F97,LKDA - Sakhir Orange Extended Merino Leather,2020,5YMTS0C09L9B55367,,9B55367,2MK,,,"Nov 15, 2019",,USA,"BMW of Alexandria, Alexandria, US",,,,,,,,
475 - Black Sapphire Metallic,F97,LKSW - Black Extended Merino Leather,2020,5YMTS0C01L9B55394,,9B55394,2MK,,,"Nov 15, 2019",,USA,"Patrick BMW, Schaumburg, US",,,,,,,,
A90 - Dark Graphite Metallic,F97,LKHV - Adelaide Grey Extended Merino Leather,2020,5YMTS0C09L9B55403,,9B55403,2MK,,,"Nov 15, 2019",,USA,"BMW of Kansas City South, Kansas CIty, US",,,,,,,,
A90 - Dark Graphite Metallic,F97,LKDA - Sakhir Orange Extended Merino Leather,2020,5YMTS0C0XL9B55412,,9B55412,2MK,,,"Nov 15, 2019",,USA,"BMW of Westbrook, Westbrook, US",,,,,,,,
475 - Black Sapphire Metallic,F97,LKDA - Sakhir Orange Extended Merino Leather,2020,5YMTS0C00L9B55421,,9B55421,2MK,,,"Nov 15, 2019",,USA,"BMW of Myrtle Beach, Myrtle Beach, US",,,,,,,,
475 - Black Sapphire Metallic,F97,LKSW - Black Extended Merino Leather,2020,5YMTS0C04L9B55437,,9B55437,2MK,,,"Nov 15, 2019",,USA,"BMW of El Paso, El Paso, US",,,,,,,,
475 - Black Sapphire Metallic,F97,LKHV - Adelaide Grey Extended Merino Leather,2020,5YMTS0C03L9B55445,,9B55445,2MK,,,"Nov 15, 2019",,USA,"BMW of The Woodlands, The Woodlands, US",,,,,,,,
A90 - Dark Graphite Metallic,F97,MAH7 - Black Vernasca Leather,2020,5YMTS0C00L9B57279,,9B57279,2MK,,,"Nov 15, 2019",,USA,"Plaza Motor Company, Creve Coeur, US",,,,,,,,
300 - Alpine White,F97,MAH7 - Black Vernasca Leather,2020,5YMTS0C09L9B57295,,9B57295,2MK,,,"Nov 15, 2019",,USA,"BMW of Barrington, Barrington, US",,,,,,,,
C28 - Donington Grey Metallic,F97,MAH7 - Black Vernasca Leather,2020,5YMTS0C07L9B57327,,9B57327,2MK,,,"Nov 15, 2019",,USA,"BMW of Tigard, Tigard, US",,,,,,,,
C3G - Toronto Red Metallic,F97,LKSW - Black Extended Merino Leather,2020,5YMTS0C0XL9B57371,,9B57371,2MK,,,"Nov 15, 2019",,USA,"Patrick BMW, Schaumburg, US",,,,,,,,
475 - Black Sapphire Metallic,F97,LKSW - Black Extended Merino Leather,2020,5YMTS0C00L9B57380,,9B57380,2MK,,,"Nov 15, 2019",,USA,"Crevier BMW, Santa Ana, US",,,,,,,,
300 - Alpine White,F97,LKDA - Sakhir Orange Extended Merino Leather,2020,5YMTS0C03L9B57423,,9B57423,2MK,,,"Nov 15, 2019",,USA,"BMW of Oyster Bay, Oyster Bay, US",,,,,,,,
300 - Alpine White,F97,LKDA - Sakhir Orange Extended Merino Leather,2020,5YMTS0C02L9B57476,,9B57476,2MK,,,"Nov 15, 2019",,USA,"BMW of El Cajon, El Cajon, US",,,,,,,,
300 - Alpine White,F97,LKSW - Black Extended Merino Leather,2020,5YMTS0C0XL9B57676,,9B57676,2MK,,,"Nov 16, 2019",,USA,"Competition BMW of Smithtown, Saint James, US",,,,,,,,
C28 - Donington Grey Metallic,F97,LKHV - Adelaide Grey Extended Merino Leather,2020,5YMTS0C01L9B57694,,9B57694,2MK,,,"Nov 16, 2019",,USA,"BMW of Murray, Murray, US",,,,,,,,
300 - Alpine White,F97,LKDA - Sakhir Orange Extended Merino Leather,2020,5YMTS0C05L9B57729,,9B57729,2MK,,,"Nov 16, 2019",,USA,"Peter Pan BMW, Burlingame, US",,,,,,,,
475 - Black Sapphire Metallic,F97,LKSW - Black Extended Merino Leather,2020,5YMTS0C06L9B57772,,9B57772,2MK,,,"Nov 16, 2019",,USA,"Bavaria BMW, Edmonton, CA",,,,,,,,
300 - Alpine White,F97,LKSW - Black Extended Merino Leather,2020,5YMTS0C07L9B57781,,9B57781,2MK,,,"Nov 16, 2019",,USA,"BMW of Austin, Austin, US",,,,,,,,
C28 - Donington Grey Metallic,F97,HDJA - Black/Midrand Beige Two-Tone Merino Leather / Alcantara,2020,5YMTS0C02L9B57798,,9B57798,2MK,,,"Nov 16, 2019",,USA,"Kelowna BMW, Kelowna, CA",,,,,,,,
300 - Alpine White,F97,LKSW - Black Extended Merino Leather,2020,5YMTS0C01L9B57842,,9B57842,2MK,,,"Nov 16, 2019",,USA,"Autohaus BMW of Maplewood, Saint Louis, US",,,,,,,,
475 - Black Sapphire Metallic,F97,LKSW - Black Extended Merino Leather,2020,5YMTS0C09L9B57930,,9B57930,2MK,,,"Nov 16, 2019",,USA,"BMW of Rockville, Rockville, US",,,,,,,,
300 - Alpine White,F97,LKDA - Sakhir Orange Extended Merino Leather,2020,5YMTS0C06L9B57996,,9B57996,2MK,,,"Nov 16, 2019",,USA,"BMW of Fort Lauderdale, Fort Lauderdale, US",,,,,,,,
300 - Alpine White,F97,LKDA - Sakhir Orange Extended Merino Leather,2020,5YMTS0C02L9B58031,,9B58031,2MK,,,"Nov 16, 2019",,USA,"BMW of Fort Lauderdale, Fort Lauderdale, US",,,,,,,,
C1M - Phytonic Blue Metallic,F97,LKSW - Black Extended Merino Leather,2020,5YMTS0C0XL9B58066,,9B58066,2MK,,,"Nov 17, 2019",,USA,"Autogermana, Inc., Hato Rey, US",,,,,,,,
300 - Alpine White,F97,LKDA - Sakhir Orange Extended Merino Leather,2020,5YMTS0C01L9B58098,,9B58098,2MK,,,"Nov 17, 2019",,USA,"South Motors BMW, Miami, US",,,,,,,,
300 - Alpine White,F97,MAH7 - Black Vernasca Leather,2020,5YMTS0C0XL9B58116,,9B58116,2MK,,,"Nov 17, 2019",,USA,"BMW of Buena Park, Buena Park, US",,,,,,,,
300 - Alpine White,F97,MAH7 - Black Vernasca Leather,2020,5YMTS0C0XL9B58133,,9B58133,2MK,,,"Nov 17, 2019",,USA,"Towne BMW, Williamsville, US",,,,,,,,
475 - Black Sapphire Metallic,F97,LKDA - Sakhir Orange Extended Merino Leather,2020,5YMTS0C02L9B58157,,9B58157,2MK,,,"Nov 17, 2019",,USA,"BMW of Riverside, Riverside, US",,,,,,,,
300 - Alpine White,F97,MAH7 - Black Vernasca Leather,2020,5YMTS0C03L9B58166,,9B58166,2MK,,,"Nov 17, 2019",,USA,"New Century BMW, Alhambra, US",,,,,,,,
300 - Alpine White,F97,VAEW - BMW Individual Ivory White Extended Merino Leather,2020,5YMTS0C00L9B58190,,9B58190,2MK,,,"Nov 18, 2019",,USA,"Classic BMW, Plano, US",,,,,,,,
300 - Alpine White,F97,MAH7 - Black Vernasca Leather,2020,5YMTS0C07L9B58199,,9B58199,2MK,,,"Nov 18, 2019",,USA,"Valencia BMW, Valencia, US",,,,,,,,
475 - Black Sapphire Metallic,F97,MAH7 - Black Vernasca Leather,2020,5YMTS0C04L9B58239,,9B58239,2MK,,,"Nov 18, 2019",,USA,"East Bay BMW, Pleasanton, US",,,,,,,,
475 - Black Sapphire Metallic,F97,MAH7 - Black Vernasca Leather,2020,5YMTS0C00L9B58271,,9B58271,2MK,,,"Nov 18, 2019",,USA,"BMW of Ontario, Ontario, US",,,,,,,,
300 - Alpine White,F97,MAH7 - Black Vernasca Leather,2020,5YMTS0C03L9B58295,,9B58295,2MK,,,"Nov 18, 2019",,USA,"BMW of San Diego, San Diego, US",,,,,,,,
300 - Alpine White,F97,LKHV - Adelaide Grey Extended Merino Leather,2020,5YMTS0C03L9B58328,,9B58328,2MK,,,"Nov 18, 2019",,USA,"BMW of Sterling, Sterling, US",,,,,,,,
300 - Alpine White,F97,LKDA - Sakhir Orange Extended Merino Leather,2020,5YMTS0C05L9B58346,,9B58346,2MK,,,"Nov 18, 2019",,USA,"BMW of Bloomington, Bloomington, US",,,,,,,,
C1M - Phytonic Blue Metallic,F97,LKSW - Black Extended Merino Leather,2020,5YMTS0C09L9B58382,,9B58382,2MK,,,"Nov 18, 2019",,USA,"Peter Pan BMW, Burlingame, US",,,,,,,,
C1M - Phytonic Blue Metallic,F97,LKSW - Black Extended Merino Leather,2020,5YMTS0C08L9B58390,,9B58390,2MK,,,"Nov 18, 2019",,USA,"BMW of Oyster Bay, Oyster Bay, US",,,,,,,,
300 - Alpine White,F97,LKDA - Sakhir Orange Extended Merino Leather,2020,5YMTS0C08L9B58406,,9B58406,2MK,,,"Nov 18, 2019",,USA,"BMW of Ramsey, Ramsey, US",,,,,,,,
C1M - Phytonic Blue Metallic,F97,MAH7 - Black Vernasca Leather,2020,5YMTS0C08L9B58423,,9B58423,2MK,,,"Nov 18, 2019",,USA,"BMW of Ontario, Ontario, US",,,,,,,,
A90 - Dark Graphite Metallic,F97,VAEW - BMW Individual Ivory White Extended Merino Leather,2020,5YMTS0C0XL9B58441,,9B58441,2MK,,,"Nov 18, 2019",,USA,"BMW of Cape Cod, Hyannis, US",,,,,,,,
A90 - Dark Graphite Metallic,F97,LKHV - Adelaide Grey Extended Merino Leather,2020,5YMTS0C07L9B58459,,9B58459,2MK,,,"Nov 18, 2019",,USA,"Bobby Rahal BMW of South Hills, Canonsburg, US",,,,,,,,
300 - Alpine White,F97,LKSW - Black Extended Merino Leather,2020,5YMTS0C09L9B58477,,9B58477,2MK,,,"Nov 18, 2019",,USA,"BMW of Vista, Vista, US",,,,,,,,
A90 - Dark Graphite Metallic,F97,HDJA - Black/Midrand Beige Two-Tone Merino Leather / Alcantara,2020,5YMTS0C0XL9B58486,,9B58486,2MK,,,"Nov 18, 2019",,USA,"Bobby Rahal BMW of South Hills, Canonsburg, US",,,,,,,,
A90 - Dark Graphite Metallic,F97,LKSW - Black Extended Merino Leather,2020,5YMTS0C08L9B58504,,9B58504,2MK,,,"Nov 18, 2019",,USA,"Autogermana, Inc., Hato Rey, US",,,,,,,,
A90 - Dark Graphite Metallic,F97,LKDA - Sakhir Orange Extended Merino Leather,2020,5YMTS0C06L9B58520,,9B58520,2MK,,,"Nov 18, 2019",,USA,"South Motors BMW, Miami, US",,,,,,,,
C1M - Phytonic Blue Metallic,F97,MAOQ - Oyster Vernasca Leather,2020,5YMTS0C00L9B58528,,9B58528,2MK,,,"Nov 18, 2019",,USA,"BMW of Bakersfield, Bakersfield, US",,,,,,,,
A90 - Dark Graphite Metallic,F97,LKDA - Sakhir Orange Extended Merino Leather,2020,5YMTS0C09L9B58544,,9B58544,2MK,,,"Nov 18, 2019",,USA,"BMW of Freeport, Freeport, US",,,,,,,,
A90 - Dark Graphite Metallic,F97,LKSW - Black Extended Merino Leather,2020,5YMTS0C07L9B59479,,9B59479,2MK,,,"Nov 18, 2019",,USA,"Herb Chambers BMW, Charlestown, US",,,,,,,,
475 - Black Sapphire Metallic,F97,HDJA - Black/Midrand Beige Two-Tone Merino Leather / Alcantara,2020,5YMTS0C03L9B59494,,9B59494,2MK,,,"Nov 18, 2019",,USA,"United BMW, Alpharetta, US",,,,,,,,
C1M - Phytonic Blue Metallic,F97,LKSW - Black Extended Merino Leather,2020,5YMTS0C02L9B59504,,9B59504,2MK,,,"Nov 18, 2019",,USA,"BMW of Catonsville, Baltimore, US",,,,,,,,
C28 - Donington Grey Metallic,F97,LKSW - Black Extended Merino Leather,2020,5YMTS0C07L9B59515,,9B59515,2MK,,,"Nov 18, 2019",,USA,"BMW of Delray Beach, Delray Beach, US",,,,,,,,
C28 - Donington Grey Metallic,F97,LKSW - Black Extended Merino Leather,2020,5YMTS0C09L9B59533,,9B59533,2MK,,,"Nov 18, 2019",,USA,"BMW Encinitas, Encinitas, US",,,,,,,,
C1M - Phytonic Blue Metallic,F97,VAEW - BMW Individual Ivory White Extended Merino Leather,2020,5YMTS0C03L9B59558,,9B59558,2MK,,,"Nov 18, 2019",,USA,"BMW of Freeport, Freeport, US",,,,,,,,
C28 - Donington Grey Metallic,F97,LKSW - Black Extended Merino Leather,2020,5YMTS0C04L9B59570,,9B59570,2MK,,,"Nov 18, 2019",,USA,"BMW of Oyster Bay, Oyster Bay, US",,,,,,,,
C28 - Donington Grey Metallic,F97,LKHV - Adelaide Grey Extended Merino Leather,2020,5YMTS0C0XL9B59587,,9B59587,2MK,,,"Nov 18, 2019",,USA,"BMW of Mt. Kisco, Mount Kisco, US",,,,,,,,
C1M - Phytonic Blue Metallic,F97,MAH7 - Black Vernasca Leather,2020,5YMTS0C04L9B59598,,9B59598,2MK,,,"Nov 18, 2019",,USA,"BMW of Morristown, Morristown, US",,,,,,,,
A90 - Dark Graphite Metallic,F97,LKSW - Black Extended Merino Leather,2020,5YMTS0C01L9B59624,,9B59624,2MK,,,"Nov 18, 2019",,USA,"Newbold BMW, O Fallon, US",,,,,,,,
300 - Alpine White,F97,LKHV - Adelaide Grey Extended Merino Leather,2020,5YMTS0C06L9B59666,,9B59666,2MK,,,"Nov 18, 2019",,USA,"Cain BMW, North Canton, US",,,,,,,,
475 - Black Sapphire Metallic,F97,LKSW - Black Extended Merino Leather,2020,5YMTS0C03L9B59690,,9B59690,2MK,,,"Nov 18, 2019",,USA,"Fields BMW, Winter Park, US",,,,,,,,
C28 - Donington Grey Metallic,F97,MAH7 - Black Vernasca Leather,2020,5YMTS0C0XL9B59704,,9B59704,2MK,,,"Nov 18, 2019",,USA,"Perillo BMW, Inc., Chicago, US",,,,,,,,
475 - Black Sapphire Metallic,F97,LKSW - Black Extended Merino Leather,2020,5YMTS0C00L9B59713,,9B59713,2MK,,,"Nov 18, 2019",,USA,"BMW of Ramsey, Ramsey, US",,,,,,,,
C28 - Donington Grey Metallic,F97,HDJA - Black/Midrand Beige Two-Tone Merino Leather / Alcantara,2020,5YMTS0C03L9B59723,,9B59723,2MK,,,"Nov 18, 2019",,USA,"BMW of Toledo, Toledo, US",,,,,,,,
C28 - Donington Grey Metallic,F97,VATQ - BMW Individual Tartufo Extended Merino Leather,2020,5YMTS0C07L9B59739,,9B59739,2MK,,,"Nov 18, 2019",,USA,"BMW of Tenafly, Tenafly, US",,,,,,,,
C28 - Donington Grey Metallic,F97,LKDA - Sakhir Orange Extended Merino Leather,2020,5YMTS0C02L9B59759,,9B59759,2MK,,,"Nov 19, 2019",,USA,"BMW of Ramsey, Ramsey, US",,,,,,,,
475 - Black Sapphire Metallic,F97,HDJA - Black/Midrand Beige Two-Tone Merino Leather / Alcantara,2020,5YMTS0C03L9B59768,,9B59768,2MK,,,"Nov 19, 2019",,USA,"BMW of Brooklyn, Brooklyn, US",,,,,,,,
C28 - Donington Grey Metallic,F97,LKSW - Black Extended Merino Leather,2020,5YMTS0C08L9B59782,,9B59782,2MK,,,"Nov 19, 2019",,USA,"BMW of Bakersfield, Bakersfield, US",,,,,,,,
475 - Black Sapphire Metallic,F97,LKHV - Adelaide Grey Extended Merino Leather,2020,5YMTS0C09L9B59791,,9B59791,2MK,,,"Nov 19, 2019",,USA,"Critz BMW, Savannah, US",,,,,,,,
300 - Alpine White,F97,LKDA - Sakhir Orange Extended Merino Leather,2020,5YMTS0C09L9B59807,,9B59807,2MK,,,"Nov 19, 2019",,USA,"Fields BMW, Northfield, US",,,,,,,,
C28 - Donington Grey Metallic,F97,MAH7 - Black Vernasca Leather,2020,5YMTS0C04L9B59830,,9B59830,2MK,,,"Nov 19, 2019",,USA,"BMW of Escondido, Escondido, US",,,,,,,,
A90 - Dark Graphite Metallic,F97,LKSW - Black Extended Merino Leather,2020,5YMTS0C00L9B59839,,9B59839,2MK,,,"Nov 19, 2019",,USA,"BMW of Reading, Reading, US",,,,,,,,
A90 - Dark Graphite Metallic,F97,MAH7 - Black Vernasca Leather,2020,5YMTS0C07L9B59854,,9B59854,2MK,,,"Nov 19, 2019",,USA,"Bobby Rahal BMW of South Hills, Canonsburg, US",,,,,,,,
A90 - Dark Graphite Metallic,F97,LKHV - Adelaide Grey Extended Merino Leather,2020,5YMTS0C0XL9B59864,,9B59864,2MK,,,"Nov 19, 2019",,USA,"Patrick BMW, Schaumburg, US",,,,,,,,
C3G - Toronto Red Metallic,F97,LKHV - Adelaide Grey Extended Merino Leather,2020,5YMTS0C00L9B59873,,9B59873,2MK,,,"Nov 19, 2019",,USA,"Chapman BMW, Chandler, US",,,,,,,,
300 - Alpine White,F97,LKHV - Adelaide Grey Extended Merino Leather,2020,5YMTS0C07L9B59885,,9B59885,2MK,,,"Nov 19, 2019",,USA,"BMW Tucson, Tucson, US",,,,,,,,
300 - Alpine White,F97,MAOQ - Oyster Vernasca Leather,2020,5YMTS0C08L9B59894,,9B59894,2MK,,,"Nov 19, 2019",,USA,"Fields BMW, Winter Park, US",,,,,,,,
C28 - Donington Grey Metallic,F97,LKSW - Black Extended Merino Leather,2020,5YMTS0C03L9B59902,,9B59902,2MK,,,"Nov 19, 2019",,USA,"Stevens Creek BMW, Santa Clara, US",,,,,,,,
475 - Black Sapphire Metallic,F97,MAH7 - Black Vernasca Leather,2020,5YMTS0C0XL9B59931,,9B59931,2MK,,,"Nov 19, 2019",,USA,"BMW of Oyster Bay, Oyster Bay, US",,,,,,,,
475 - Black Sapphire Metallic,F97,LKDA - Sakhir Orange Extended Merino Leather,2020,5YMTS0C03L9B59947,,9B59947,2MK,,,"Nov 19, 2019",,USA,"BMW of Freehold, Freehold, US",,,,,,,,
475 - Black Sapphire Metallic,F97,MAH7 - Black Vernasca Leather,2020,5YMTS0C08L9B59958,,9B59958,2MK,,,"Nov 19, 2019",,USA,"Century BMW, Greenville, US",,,,,,,,
C1M - Phytonic Blue Metallic,F97,MAOQ - Oyster Vernasca Leather,2020,5YMTS0C02L9B59969,,9B59969,2MK,,,"Nov 19, 2019",,USA,"Tulley BMW, Nashua, US",,,,,,,,
C28 - Donington Grey Metallic,F97,LKSW - Black Extended Merino Leather,2020,5YMTS0C05L9B59979,,9B59979,2MK,,,"Nov 19, 2019",,USA,"BMW of The Woodlands, The Woodlands, US",,,,,,,,
475 - Black Sapphire Metallic,F97,HDJA - Black/Midrand Beige Two-Tone Merino Leather / Alcantara,2020,5YMTS0C06L9B59988,,9B59988,2MK,,,"Nov 19, 2019",,USA,"BMW of Freeport, Freeport, US",,,,,,,,
C28 - Donington Grey Metallic,F97,LKDA - Sakhir Orange Extended Merino Leather,2020,5YMTS0C01L9B60014,,9B60014,2MK,,,"Nov 19, 2019",,USA,"BMW of Freeport, Freeport, US",,,,,,,,
C28 - Donington Grey Metallic,F97,HDJA - Black/Midrand Beige Two-Tone Merino Leather / Alcantara,2020,5YMTS0C02L9B60040,,9B60040,2MK,,,"Nov 19, 2019",,USA,"BMW of Pharr, Pharr, US",,,,,,,,
300 - Alpine White,F97,LKDA - Sakhir Orange Extended Merino Leather,2020,5YMTS0C07L9B60051,,9B60051,2MK,,,"Nov 19, 2019",,USA,"BMW of Freeport, Freeport, US",,,,,,,,
C1M - Phytonic Blue Metallic,F97,LKHV - Adelaide Grey Extended Merino Leather,2020,5YMTS0C01L9B60062,,9B60062,2MK,,,"Nov 19, 2019",,USA,"Competition BMW of Smithtown, Saint James, US",,,,,,,,
C28 - Donington Grey Metallic,F97,LKSW - Black Extended Merino Leather,2020,5YMTS0C09L9B60083,,9B60083,2MK,,,"Nov 19, 2019",,USA,"Valencia BMW, Valencia, US",,,,,,,,
C28 - Donington Grey Metallic,F97,LKDA - Sakhir Orange Extended Merino Leather,2020,5YMTS0C08L9B60091,,9B60091,2MK,,,"Nov 19, 2019",,USA,"BMW of Manhattan, New York, US",,,,,,,,
C28 - Donington Grey Metallic,F97,VAEW - BMW Individual Ivory White Extended Merino Leather,2020,5YMTS0C01L9B61938,,9B61938,2MK,,,"Nov 19, 2019",,USA,"Schomp BMW of Highlands Ranch, Highlands Ranch, US",,,,,,,,
C28 - Donington Grey Metallic,F97,LKSW - Black Extended Merino Leather,2020,5YMTS0C03L9B61956,,9B61956,2MK,,,"Nov 19, 2019",,USA,"BMW of Bellevue, Bellevue, US",,,,,,,,
300 - Alpine White,F97,MAH7 - Black Vernasca Leather,2020,5YMTS0C0XL9B61968,,9B61968,2MK,,,"Nov 19, 2019",,USA,"Crevier BMW, Santa Ana, US",,,,,,,,
C1M - Phytonic Blue Metallic,F97,VATQ - BMW Individual Tartufo Extended Merino Leather,2020,5YMTS0C00L9B61994,,9B61994,2MK,,,"Nov 19, 2019",,USA,"Habberstad BMW, Huntington Station, US",,,,,,,,
C1M - Phytonic Blue Metallic,F97,LKHV - Adelaide Grey Extended Merino Leather,2020,5YMTS0C01L9B62006,,9B62006,2MK,,,"Nov 19, 2019",,USA,"Valencia BMW, Valencia, US",,,,,,,,
A90 - Dark Graphite Metallic,F97,LKHV - Adelaide Grey Extended Merino Leather,2020,5YMTS0C09L9B62030,,9B62030,2MK,,,"Nov 19, 2019",,USA,"Atlanta Auto Auction/Manheim Greer, Red Oak, US",,,,,,,,
C28 - Donington Grey Metallic,F97,LKSW - Black Extended Merino Leather,2020,5YMTS0C03L9B62041,,9B62041,2MK,,,"Nov 19, 2019",,USA,"Nevada Auto Auction, Las Vegas, US",,,,,,,,
475 - Black Sapphire Metallic,F97,LKSW - Black Extended Merino Leather,2020,5YMTS0C08L9B62066,,9B62066,2MK,,,"Nov 19, 2019",,USA,"New Century BMW, Alhambra, US",,,,,,,,
C1N - Sunstone Metallic,F97,MAOQ - Oyster Vernasca Leather,2020,5YMTS0C04L9B62078,,9B62078,2MK,,,"Nov 19, 2019",,USA,"BMW of Las Vegas, Las Vegas, US",,,,,,,,
C28 - Donington Grey Metallic,F97,LKDA - Sakhir Orange Extended Merino Leather,2020,5YMTS0C0XL9B62103,,9B62103,2MK,,,"Nov 19, 2019",,USA,"Flemington BMW, Flemington, US",,,,,,,,
A90 - Dark Graphite Metallic,F97,LKSW - Black Extended Merino Leather,2020,5YMTS0C04L9B62114,,9B62114,2MK,,,"Nov 19, 2019",,USA,"Bob Smith BMW, Calabasas, US",,,,,,,,
C3G - Toronto Red Metallic,F97,LKHV - Adelaide Grey Extended Merino Leather,2020,5YMTS0C09L9B62139,,9B62139,2MK,,,"Nov 19, 2019",,USA,"BMW of Omaha/MINI of Omaha, Omaha, US",,,,,,,,
475 - Black Sapphire Metallic,F97,LKSW - Black Extended Merino Leather,2020,5YMTS0C01L9B62152,,9B62152,2MK,,,"Nov 19, 2019",,USA,"BMW of Omaha/MINI of Omaha, Omaha, US",,,,,,,,
A90 - Dark Graphite Metallic,F97,LKSW - Black Extended Merino Leather,2020,5YMTS0C08L9B62164,,9B62164,2MK,,,"Nov 19, 2019",,USA,"Fields BMW - Lakeland, Lakeland, US",,,,,,,,
300 - Alpine White,F97,MAH7 - Black Vernasca Leather,2020,5YMTS0C02L9B62175,,9B62175,2MK,,,"Nov 19, 2019",,USA,"BMW of Minnetonka, Minnetonka, US",,,,,,,,
475 - Black Sapphire Metallic,F97,LKHV - Adelaide Grey Extended Merino Leather,2020,5YMTS0C02L9B62189,,9B62189,2MK,,,"Nov 19, 2019",,USA,"Grayson BMW, Knoxville, US",,,,,,,,
A90 - Dark Graphite Metallic,F97,LKHV - Adelaide Grey Extended Merino Leather,2020,5YMTS0C08L9B62200,,9B62200,2MK,,,"Nov 19, 2019",,USA,"BMW of the Main Line, Bala Cynwyd, US",,,,,,,,
C1M - Phytonic Blue Metallic,F97,MAOQ - Oyster Vernasca Leather,2020,5YMTS0C04L9B62226,,9B62226,2MK,,,"Nov 20, 2019",,USA,"Peake BMW, Kenner, US",,,,,,,,
300 - Alpine White,F97,LKSW - Black Extended Merino Leather,2020,5YMTS0C02L9B62239,,9B62239,2MK,,,"Nov 20, 2019",,USA,"BMW of Springfield, Springfield, US",,,,,,,,
300 - Alpine White,F97,LKSW - Black Extended Merino Leather,2020,5YMTS0C0XL9B62263,,9B62263,2MK,,,"Nov 20, 2019",,USA,"BMW of Minnetonka, Minnetonka, US",,,,,,,,
C1M - Phytonic Blue Metallic,F97,LKHV - Adelaide Grey Extended Merino Leather,2020,5YMTS0C08L9B62276,,9B62276,2MK,,,"Nov 20, 2019",,USA,"BMW of Reading, Reading, US",,,,,,,,
300 - Alpine White,F97,LKSW - Black Extended Merino Leather,2020,5YMTS0C04L9B62288,,9B62288,2MK,,,"Nov 20, 2019",,USA,"Orange County BMW, Harriman, US",,,,,,,,
C1M - Phytonic Blue Metallic,F97,LKSW - Black Extended Merino Leather,2020,5YMTS0C03L9B62301,,9B62301,2MK,,,"Nov 20, 2019",,USA,"BMW of Morristown, Morristown, US",,,,,,,,
C3G - Toronto Red Metallic,F97,LKSW - Black Extended Merino Leather,2020,5YMTS0C04L9B62324,,9B62324,2MK,,,"Nov 20, 2019",,USA,"BMW of Ontario, Ontario, US",,,,,,,,
A90 - Dark Graphite Metallic,F97,MAH7 - Black Vernasca Leather,2020,5YMTS0C09L9B62349,,9B62349,2MK,,,"Nov 20, 2019",,USA,"Valencia BMW, Valencia, US",,,,,,,,
A90 - Dark Graphite Metallic,F97,MAH7 - Black Vernasca Leather,2020,5YMTS0C0XL9B62361,,9B62361,2MK,,,"Nov 20, 2019",,USA,"BMW of Atlantic City, Egg Harbor Township, US",,,,,,,,
C28 - Donington Grey Metallic,F97,LKSW - Black Extended Merino Leather,2020,5YMTS0C06L9B62373,,9B62373,2MK,,,"Nov 20, 2019",,USA,"BMW North Scottsdale, Phoenix, US",,,,,,,,
C28 - Donington Grey Metallic,F97,LKHV - Adelaide Grey Extended Merino Leather,2020,5YMTS0C02L9B62385,,9B62385,2MK,,,"Nov 20, 2019",,USA,"BMW of Murray, Murray, US",,,,,,,,
,F97,LKSW - Black Extended Merino Leather,2020,5YMTS0C01L9B62409,,9B62409,2MK,,,"Nov 20, 2019",,USA,"BMW Seattle, Seattle, US",,,,,,,,
A90 - Dark Graphite Metallic,F97,LKHV - Adelaide Grey Extended Merino Leather,2020,5YMTS0C00L9B62434,,9B62434,2MK,,,"Nov 20, 2019",,USA,"BMW of Minnetonka, Minnetonka, US",,,,,,,,
A90 - Dark Graphite Metallic,F97,MAH7 - Black Vernasca Leather,2020,5YMTS0C09L9B62447,,9B62447,2MK,,,"Nov 20, 2019",,USA,"BMW of Reading, Reading, US",,,,,,,,
C1M - Phytonic Blue Metallic,F97,LKSW - Black Extended Merino Leather,2020,5YMTS0C06L9B62471,,9B62471,2MK,,,"Nov 20, 2019",,USA,"BMW of Rochester, Rochester, US",,,,,,,,
A90 - Dark Graphite Metallic,F97,LKSW - Black Extended Merino Leather,2020,5YMTS0C09L9B62481,,9B62481,2MK,,,"Nov 20, 2019",,USA,"Sterling BMW, Newport Beach, US",,,,,,,,
A90 - Dark Graphite Metallic,F97,LKSW - Black Extended Merino Leather,2020,5YMTS0C05L9B62493,,9B62493,2MK,,,"Nov 20, 2019",,USA,"BMW of South Austin, Austin, US",,,,,,,,
A90 - Dark Graphite Metallic,F97,MAH7 - Black Vernasca Leather,2020,5YMTS0C08L9B62519,,9B62519,2MK,,,"Nov 20, 2019",,USA,"Orange County BMW, Harriman, US",,,,,,,,
C28 - Donington Grey Metallic,F97,LKHV - Adelaide Grey Extended Merino Leather,2020,5YMTS0C00L9B62546,,9B62546,2MK,,,"Nov 20, 2019",,USA,"Perillo BMW, Inc., Chicago, US",,,,,,,,
C28 - Donington Grey Metallic,F97,LKDA - Sakhir Orange Extended Merino Leather,2020,5YMTS0C05L9B62557,,9B62557,2MK,,,"Nov 21, 2019",,USA,"Center BMW, Sherman Oaks, US",,,,,,,,
475 - Black Sapphire Metallic,F97,VATQ - BMW Individual Tartufo Extended Merino Leather,2020,5YMTS0C05L9B63465,,9B63465,2MK,,,"Nov 20, 2019",,USA,"BMW of Devon, Devon, US",,,,,,,,
475 - Black Sapphire Metallic,F97,LKDA - Sakhir Orange Extended Merino Leather,2020,5YMTS0C08L9B63489,,9B63489,2MK,,,"Nov 20, 2019",,USA,"Sterling BMW, Newport Beach, US",,,,,,,,
475 - Black Sapphire Metallic,F97,LKSW - Black Extended Merino Leather,2020,5YMTS0C03L9B63514,,9B63514,2MK,,,"Nov 20, 2019",,USA,"Classic BMW, Plano, US",,,,,,,,
300 - Alpine White,F97,HDJA - Black/Midrand Beige Two-Tone Merino Leather / Alcantara,2020,5YMTS0C01L9B63527,,9B63527,2MK,,,"Nov 20, 2019",,USA,"BMW of Alexandria, Alexandria, US",,,,,,,,
475 - Black Sapphire Metallic,F97,LKSW - Black Extended Merino Leather,2020,5YMTS0C00L9B63552,,9B63552,2MK,,,"Nov 20, 2019",,USA,"BMW of Fairfax, Fairfax, US",,,,,,,,
C28 - Donington Grey Metallic,F97,LKSW - Black Extended Merino Leather,2020,5YMTS0C09L9B63565,,9B63565,2MK,,,"Nov 20, 2019",,USA,"Flemington BMW, Flemington, US",,,,,,,,
475 - Black Sapphire Metallic,F97,HDJA - Black/Midrand Beige Two-Tone Merino Leather / Alcantara,2020,5YMTS0C09L9B63579,,9B63579,2MK,,,"Nov 20, 2019",,USA,"Pacific BMW, Glendale, US",,,,,,,,
C28 - Donington Grey Metallic,F97,LKSW - Black Extended Merino Leather,2020,5YMTS0C08L9B63590,,9B63590,2MK,,,"Nov 20, 2019",,USA,"BMW of Little Rock, Little Rock, US",,,,,,,,
300 - Alpine White,F97,VAEW - BMW Individual Ivory White Extended Merino Leather,2020,5YMTS0C02L9B63617,,9B63617,2MK,,,"Nov 20, 2019",,USA,"BMW Performance Center (SC), Greer, US",,,,,,,,
300 - Alpine White,F97,LKSW - Black Extended Merino Leather,2020,5YMTS0C09L9B63629,,9B63629,2MK,,,"Nov 20, 2019",,USA,"BMW of San Rafael, San Rafael, US",,,,,,,,
C28 - Donington Grey Metallic,F97,LKSW - Black Extended Merino Leather,2020,5YMTS0C03L9B63643,,9B63643,2MK,,,"Nov 20, 2019",,USA,"BMW of Fairfax, Fairfax, US",,,,,,,,
C28 - Donington Grey Metallic,F97,LKDA - Sakhir Orange Extended Merino Leather,2020,5YMTS0C08L9B63668,,9B63668,2MK,,,"Nov 20, 2019",,USA,"Motorwerks BMW, Bloomington, US",,,,,,,,
A90 - Dark Graphite Metallic,F97,LKSW - Black Extended Merino Leather,2020,5YMTS0C00L9B63681,,9B63681,2MK,,,"Nov 20, 2019",,USA,"Stevens Creek BMW, Santa Clara, US",,,,,,,,
C28 - Donington Grey Metallic,F97,HDJA - Black/Midrand Beige Two-Tone Merino Leather / Alcantara,2020,5YMTS0C01L9B63706,,9B63706,2MK,,,"Nov 20, 2019",,USA,"Taylor BMW, Evans, US",,,,,,,,
475 - Black Sapphire Metallic,F97,LKSW - Black Extended Merino Leather,2020,5YMTS0C09L9B63730,,9B63730,2MK,,,"Nov 20, 2019",,USA,"BMW of Devon, Devon, US",,,,,,,,
C28 - Donington Grey Metallic,F97,HDJA - Black/Midrand Beige Two-Tone Merino Leather / Alcantara,2020,5YMTS0C09L9B63744,,9B63744,2MK,,,"Nov 20, 2019",,USA,"Taylor BMW, Evans, US",,,,,,,,
C28 - Donington Grey Metallic,F97,HDJA - Black/Midrand Beige Two-Tone Merino Leather / Alcantara,2020,5YMTS0C05L9B63756,,9B63756,2MK,,,"Nov 20, 2019",,USA,"Rusnak BMW, Thousand Oaks, US",,,,,,,,
C28 - Donington Grey Metallic,F97,LKDA - Sakhir Orange Extended Merino Leather,2020,5YMTS0C06L9B63782,,9B63782,2MK,,,"Nov 21, 2019",,USA,"Elmhurst BMW, Elmhurst, US",,,,,,,,
A90 - Dark Graphite Metallic,F97,LKDA - Sakhir Orange Extended Merino Leather,2020,5YMTS0C02L9B63794,,9B63794,2MK,,,"Nov 21, 2019",,USA,"BMW of Manhasset, Manhasset, US",,,,,,,,
C28 - Donington Grey Metallic,F97,MAH7 - Black Vernasca Leather,2020,5YMTS0C0XL9B63820,,9B63820,2MK,,,"Nov 21, 2019",,USA,"Rick Hendrick BMW Charleston, Charleston, US",,,,,,,,
C3G - Toronto Red Metallic,F97,LKSW - Black Extended Merino Leather,2020,5YMTS0C06L9B63832,,9B63832,2MK,,,"Nov 21, 2019",,USA,"BMW of Omaha/MINI of Omaha, Omaha, US",,,,,,,,
C28 - Donington Grey Metallic,F97,LKSW - Black Extended Merino Leather,2020,5YMTS0C04L9B63845,,9B63845,2MK,,,"Nov 21, 2019",,USA,"Continental BMW of Darien, Darien, US",,,,,,,,
C28 - Donington Grey Metallic,F97,LKSW - Black Extended Merino Leather,2020,5YMTS0C02L9B63858,,9B63858,2MK,,,"Nov 21, 2019",,USA,"BMW of Sioux Falls, Sioux Falls, US",,,,,,,,
C28 - Donington Grey Metallic,F97,LKSW - Black Extended Merino Leather,2020,5YMTS0C01L9B63883,,9B63883,2MK,,,"Nov 21, 2019",,USA,"Paul Miller BMW, Wayne, US",,,,,,,,
C3G - Toronto Red Metallic,F97,LKSW - Black Extended Merino Leather,2020,5YMTS0C0XL9B63896,,9B63896,2MK,,,"Nov 21, 2019",,USA,"Open Road BMW, Edison, US",,,,,,,,
C28 - Donington Grey Metallic,F97,LKHV - Adelaide Grey Extended Merino Leather,2020,5YMTS0C04L9B63909,,9B63909,2MK,,,"Nov 21, 2019",,USA,"BMW of North Haven, North Haven, US",,,,,,,,
C28 - Donington Grey Metallic,F97,VAEW - BMW Individual Ivory White Extended Merino Leather,2020,5YMTS0C01L9B63947,,9B63947,2MK,,,"Nov 21, 2019",,USA,"BMW of Fort Walton Beach, Fort Walton Beach, US",,,,,,,,
300 - Alpine White,F97,VATQ - BMW Individual Tartufo Extended Merino Leather,2020,5YMTS0C04L9B63960,,9B63960,2MK,,,"Nov 21, 2019",,USA,"Fields BMW, Winter Park, US",,,,,,,,
C1M - Phytonic Blue Metallic,F97,VATQ - BMW Individual Tartufo Extended Merino Leather,2020,5YMTS0C00L9B63986,,9B63986,2MK,,,"Nov 21, 2019",,USA,"BMW of Devon, Devon, US",,,,,,,,
C28 - Donington Grey Metallic,F97,LKHV - Adelaide Grey Extended Merino Leather,2020,5YMTS0C09L9B63999,,9B63999,2MK,,,"Nov 21, 2019",,USA,"Rusnak BMW, Thousand Oaks, US",,,,,,,,
C28 - Donington Grey Metallic,F97,LKDA - Sakhir Orange Extended Merino Leather,2020,5YMTS0C06L9B64012,,9B64012,2MK,,,"Nov 21, 2019",,USA,"BMW of Manhasset, Manhasset, US",,,,,,,,
C28 - Donington Grey Metallic,F97,LKSW - Black Extended Merino Leather,2020,5YMTS0C02L9B64024,,9B64024,2MK,,,"Nov 21, 2019",,USA,"BMW of Minnetonka, Minnetonka, US",,,,,,,,
C1M - Phytonic Blue Metallic,F97,LKDA - Sakhir Orange Extended Merino Leather,2020,5YMTS0C03L9B64050,,9B64050,2MK,,,"Nov 21, 2019",,USA,"BMW Performance Center (SC), Greer, US",,,,,,,,
A90 - Dark Graphite Metallic,F97,MAH7 - Black Vernasca Leather,2020,5YMTS0C08L9B64075,,9B64075,2MK,,,"Nov 21, 2019",,USA,"Erhard BMW of Bloomfield Hills, Bloomfield Hills, US",,,,,,,,
300 - Alpine White,F97,LKDA - Sakhir Orange Extended Merino Leather,2020,5YMTS0C0XL9B65003,,9B65003,2MK,,,"Nov 21, 2019",,USA,"BMW of Denver Downtown, Denver, US",,,,,,,,
300 - Alpine White,F97,MAOQ - Oyster Vernasca Leather,2020,5YMTS0C08L9B65016,,9B65016,2MK,,,"Nov 21, 2019",,USA,"BMW of Dallas/MINI of Dallas, Dallas, US",,,,,,,,
300 - Alpine White,F97,LKHV - Adelaide Grey Extended Merino Leather,2020,5YMTS0C07L9B65041,,9B65041,2MK,,,"Nov 21, 2019",,USA,"Elmhurst BMW, Elmhurst, US",,,,,,,,
C28 - Donington Grey Metallic,F97,VATQ - BMW Individual Tartufo Extended Merino Leather,2020,5YMTS0C05L9B65054,,9B65054,2MK,,,"Nov 21, 2019",,USA,"BMW of Tenafly, Tenafly, US",,,,,,,,
300 - Alpine White,F97,LKDA - Sakhir Orange Extended Merino Leather,2020,5YMTS0C03L9B65067,,9B65067,2MK,,,"Nov 21, 2019",,USA,"Irvine BMW, Irvine, US",,,,,,,,
300 - Alpine White,F97,LKSW - Black Extended Merino Leather,2020,5YMTS0C02L9B65092,,9B65092,2MK,,,"Nov 21, 2019",,USA,"BMW of Fairfax, Fairfax, US",,,,,,,,
475 - Black Sapphire Metallic,F97,VATQ - BMW Individual Tartufo Extended Merino Leather,2020,5YMTS0C07L9B65105,,9B65105,2MK,,,"Nov 21, 2019",,USA,"BMW of Fairfax, Fairfax, US",,,,,,,,
C28 - Donington Grey Metallic,F97,VATQ - BMW Individual Tartufo Extended Merino Leather,2020,5YMTS0C08L9B65131,,9B65131,2MK,,,"Nov 21, 2019",,USA,"BMW of Tenafly, Tenafly, US",,,,,,,,
300 - Alpine White,F97,LKHV - Adelaide Grey Extended Merino Leather,2020,5YMTS0C04L9B65143,,9B65143,2MK,,,"Nov 21, 2019",,USA,"BMW of Buena Park, Buena Park, US",,,,,,,,
475 - Black Sapphire Metallic,F97,MAH7 - Black Vernasca Leather,2020,5YMTS0C02L9B65156,,9B65156,2MK,,,"Nov 21, 2019",,USA,"Stevens Creek BMW, Santa Clara, US",,,,,,,,
475 - Black Sapphire Metallic,F97,LKHV - Adelaide Grey Extended Merino Leather,2020,5YMTS0C01L9B65181,,9B65181,2MK,,,"Nov 21, 2019",,USA,"BMW of Kansas City South, Kansas CIty, US",,,,,,,,
475 - Black Sapphire Metallic,F97,LKDA - Sakhir Orange Extended Merino Leather,2020,5YMTS0C0XL9B65194,,9B65194,2MK,,,"Nov 21, 2019",,USA,"BMW of Minnetonka, Minnetonka, US",,,,,,,,
475 - Black Sapphire Metallic,F97,LKSW - Black Extended Merino Leather,2020,5YMTS0C04L9B65207,,9B65207,2MK,,,"Nov 21, 2019",,USA,"BMW of Rochester, Rochester, US",,,,,,,,
475 - Black Sapphire Metallic,F97,HDJA - Black/Midrand Beige Two-Tone Merino Leather / Alcantara,2020,5YMTS0C03L9B65232,,9B65232,2MK,,,"Nov 21, 2019",,USA,"BMW of Bridgeport, Bridgeport, US",,,,,,,,
300 - Alpine White,F97,LKHV - Adelaide Grey Extended Merino Leather,2020,5YMTS0C01L9B65245,,9B65245,2MK,,,"Nov 21, 2019",,USA,"BMW of Cincinnati North, Cincinnati, US",,,,,,,,
300 - Alpine White,F97,LKSW - Black Extended Merino Leather,2020,5YMTS0C02L9B65271,,9B65271,2MK,,,"Nov 21, 2019",,USA,"Rusnak BMW, Thousand Oaks, US",,,,,,,,
475 - Black Sapphire Metallic,F97,LKSW - Black Extended Merino Leather,2020,5YMTS0C09L9B65283,,9B65283,2MK,,,"Nov 21, 2019",,USA,"BMW of Santa Maria, Santa Maria, US",,,,,,,,
475 - Black Sapphire Metallic,F97,MAH7 - Black Vernasca Leather,2020,5YMTS0C0XL9B65308,,9B65308,2MK,,,"Nov 21, 2019",,USA,"BMW of Mt. Kisco, Mount Kisco, US",,,,,,,,
300 - Alpine White,F97,LKSW - Black Extended Merino Leather,2020,5YMTS0C00L9B65320,,9B65320,2MK,,,"Nov 22, 2019",,USA,"BMW of Springfield, Springfield, US",,,,,,,,
A90 - Dark Graphite Metallic,F97,LKSW - Black Extended Merino Leather,2020,5YMTS0C05L9B65345,,9B65345,2MK,,,"Nov 22, 2019",,USA,"BMW North Scottsdale, Phoenix, US",,,,,,,,
475 - Black Sapphire Metallic,F97,LKSW - Black Extended Merino Leather,2020,5YMTS0C01L9B65357,,9B65357,2MK,,,"Nov 22, 2019",,USA,"BMW of Springfield, Springfield, US",,,,,,,,
300 - Alpine White,F97,LKDA - Sakhir Orange Extended Merino Leather,2020,5YMTS0C02L9B65383,,9B65383,2MK,,,"Nov 22, 2019",,USA,"BMW of Ocala, Ocala, US",,,,,,,,
C28 - Donington Grey Metallic,F97,LKSW - Black Extended Merino Leather,2020,5YMTS0C09L9B65395,,9B65395,2MK,,,"Nov 22, 2019",,USA,"Competition BMW of Smithtown, Saint James, US",,,,,,,,
300 - Alpine White,F97,LKSW - Black Extended Merino Leather,2020,5YMTS0C01L9B65407,,9B65407,2MK,,,"Nov 22, 2019",,USA,"BMW of Minnetonka, Minnetonka, US",,,,,,,,
C28 - Donington Grey Metallic,F97,LKHV - Adelaide Grey Extended Merino Leather,2020,5YMTS0C00L9B65432,,9B65432,2MK,,,"Nov 22, 2019",,USA,"BMW of Little Rock, Little Rock, US",,,,,,,,
C28 - Donington Grey Metallic,F97,LKHV - Adelaide Grey Extended Merino Leather,2020,5YMTS0C07L9B65444,,9B65444,2MK,,,"Nov 22, 2019",,USA,"BMW of Minnetonka, Minnetonka, US",,,,,,,,
C3G - Toronto Red Metallic,F97,MAH7 - Black Vernasca Leather,2020,5YMTS0C08L9B65470,,9B65470,2MK,,,"Nov 22, 2019",,USA,"BMW of Little Rock, Little Rock, US",,,,,,,,
475 - Black Sapphire Metallic,F97,LKDA - Sakhir Orange Extended Merino Leather,2020,5YMTS0C06L9B65483,,9B65483,2MK,,,"Nov 22, 2019",,USA,"Park Avenue BMW, Rochelle Park, US",,,,,,,,
475 - Black Sapphire Metallic,F97,MAOQ - Oyster Vernasca Leather,2020,5YMTS0C02L9B65495,,9B65495,2MK,,,"Nov 22, 2019",,USA,"BMW of Morristown, Morristown, US",,,,,,,,
475 - Black Sapphire Metallic,F97,LKSW - Black Extended Merino Leather,2020,5YMTS0C0XL9B65521,,9B65521,2MK,,,"Nov 22, 2019",,USA,"BMW of Omaha/MINI of Omaha, Omaha, US",,,,,,,,
C28 - Donington Grey Metallic,F97,LKSW - Black Extended Merino Leather,2020,5YMTS0C08L9B65534,,9B65534,2MK,,,"Nov 22, 2019",,USA,"BMW of Columbia, Columbia, US",,,,,,,,
C28 - Donington Grey Metallic,F97,LKHV - Adelaide Grey Extended Merino Leather,2020,5YMTS0C06L9B65547,,9B65547,2MK,,,"Nov 22, 2019",,USA,"BMW of Minnetonka, Minnetonka, US",,,,,,,,
475 - Black Sapphire Metallic,F97,LKSW - Black Extended Merino Leather,2020,5YMTS0C09L9B65574,,9B65574,2MK,,,"Nov 22, 2019",,USA,"BMW of Lafayette, Lafayette, US",,,,,,,,
475 - Black Sapphire Metallic,F97,LKSW - Black Extended Merino Leather,2020,5YMTS0C09L9B65588,,9B65588,2MK,,,"Nov 22, 2019",,USA,"Dreyer & Reinbold BMW/MINI, Indianapolis, US",,,,,,,,
475 - Black Sapphire Metallic,F97,LKSW - Black Extended Merino Leather,2020,5YMTS0C08L9B65601,,9B65601,2MK,,,"Nov 22, 2019",,USA,"Tulley BMW, Nashua, US",,,,,,,,
C1M - Phytonic Blue Metallic,F97,LKSW - Black Extended Merino Leather,2020,5YMTS0C04L9B66518,,9B66518,2MK,,,"Nov 22, 2019",,USA,"BMW of Gainesville, Gainesville, US",,,,,,,,
300 - Alpine White,F97,LKDA - Sakhir Orange Extended Merino Leather,2020,5YMTS0C09L9B66546,,9B66546,2MK,,,"Nov 22, 2019",,USA,"Open Road BMW, Edison, US",,,,,,,,
300 - Alpine White,F97,VATQ - BMW Individual Tartufo Extended Merino Leather,2020,5YMTS0C03L9B66574,,9B66574,2MK,,,"Nov 22, 2019",,USA,"BMW of South Atlanta, Union City, US",,,,,,,,
475 - Black Sapphire Metallic,F97,LKDA - Sakhir Orange Extended Merino Leather,2020,5YMTS0C0XL9B66586,,9B66586,2MK,,,"Nov 22, 2019",,USA,"BMW of Little Rock, Little Rock, US",,,,,,,,
300 - Alpine White,F97,VATQ - BMW Individual Tartufo Extended Merino Leather,2020,5YMTS0C00L9B66614,,9B66614,2MK,,,"Nov 22, 2019",,USA,"BMW of Bend, 2142, US",,,,,,,,
C28 - Donington Grey Metallic,F97,LKHV - Adelaide Grey Extended Merino Leather,2020,5YMTS0C00L9B66628,,9B66628,2MK,,,"Nov 22, 2019",,USA,"Niello BMW Sacramento, Sacramento, US",,,,,,,,
C28 - Donington Grey Metallic,F97,VATQ - BMW Individual Tartufo Extended Merino Leather,2020,5YMTS0C05L9B66642,,9B66642,2MK,,,"Nov 22, 2019",,USA,"BMW of Austin, Austin, US",,,,,,,,
475 - Black Sapphire Metallic,F97,MAH7 - Black Vernasca Leather,2020,5YMTS0C03L9B66669,,9B66669,2MK,,,"Nov 22, 2019",,USA,"BMW of Austin, Austin, US",,,,,,,,
C28 - Donington Grey Metallic,F97,VAEW - BMW Individual Ivory White Extended Merino Leather,2020,5YMTS0C08L9B66683,,9B66683,2MK,,,"Nov 22, 2019",,USA,"BMW of Temple, Temple, US",,,,,,,,
475 - Black Sapphire Metallic,F97,LKDA - Sakhir Orange Extended Merino Leather,2020,5YMTS0C09L9B66711,,9B66711,2MK,,,"Nov 22, 2019",,USA,"Competition BMW of Smithtown, Saint James, US",,,,,,,,
300 - Alpine White,F97,LKDA - Sakhir Orange Extended Merino Leather,2020,5YMTS0C09L9B66725,,9B66725,2MK,,,"Nov 22, 2019",,USA,"BMW of Monrovia, Monrovia, US",,,,,,,,
A90 - Dark Graphite Metallic,F97,VAEW - BMW Individual Ivory White Extended Merino Leather,2020,5YMTS0C07L9B66738,,9B66738,2MK,,,"Nov 22, 2019",,USA,"BMW of Catonsville, Baltimore, US",,,,,,,,
C1M - Phytonic Blue Metallic,F97,LKHV - Adelaide Grey Extended Merino Leather,2020,5YMTS0C06L9B66780,,9B66780,2MK,,,"Nov 22, 2019",,USA,"BMW of Fairfax, Fairfax, US",,,,,,,,
300 - Alpine White,F97,LKSW - Black Extended Merino Leather,2020,5YMTS0C07L9B66822,,9B66822,2MK,,,"Nov 22, 2019",,USA,"BMW of Orland Park, Orland Park, US",,,,,,,,
C28 - Donington Grey Metallic,F97,LKSW - Black Extended Merino Leather,2020,5YMTS0C07L9B66836,,9B66836,2MK,,,"Nov 22, 2019",,USA,"BMW of Murray, Murray, US",,,,,,,,
C3G - Toronto Red Metallic,F97,LKHV - Adelaide Grey Extended Merino Leather,2020,5YMTS0C0XL9B66863,,9B66863,2MK,,,"Nov 22, 2019",,USA,"BMW of Westchester, White Plains, US",,,,,,,,
C28 - Donington Grey Metallic,F97,LKDA - Sakhir Orange Extended Merino Leather,2020,5YMTS0C0XL9B66877,,9B66877,2MK,,,"Nov 22, 2019",,USA,"BMW of Springfield, Springfield, US",,,,,,,,
475 - Black Sapphire Metallic,F97,VATQ - BMW Individual Tartufo Extended Merino Leather,2020,5YMTS0C04L9B66891,,9B66891,2MK,,,"Nov 22, 2019",,USA,"BMW of Westchester, White Plains, US",,,,,,,,
475 - Black Sapphire Metallic,F97,LKDA - Sakhir Orange Extended Merino Leather,2020,5YMTS0C09L9B66904,,9B66904,2MK,,,"Nov 23, 2019",,USA,"BMW of the Main Line, Bala Cynwyd, US",,,,,,,,
C28 - Donington Grey Metallic,F97,LKDA - Sakhir Orange Extended Merino Leather,2020,5YMTS0C03L9B66932,,9B66932,2MK,,,"Nov 23, 2019",,USA,"BMW of Alexandria, Alexandria, US",,,,,,,,
475 - Black Sapphire Metallic,F97,HDJA - Black/Midrand Beige Two-Tone Merino Leather / Alcantara,2020,5YMTS0C03L9B66946,,9B66946,2MK,,,"Nov 23, 2019",,USA,"Herb Chambers BMW, Charlestown, US",,,,,,,,
475 - Black Sapphire Metallic,F97,VATQ - BMW Individual Tartufo Extended Merino Leather,2020,5YMTS0C01L9B66962,,9B66962,2MK,,,"Nov 23, 2019",,USA,"Bobby Rahal BMW of South Hills, Canonsburg, US",,,,,,,,
C3G - Toronto Red Metallic,F97,LKHV - Adelaide Grey Extended Merino Leather,2020,5YMTS0C0XL9B66975,,9B66975,2MK,,,"Nov 23, 2019",,USA,"BMW of Ridgefield, Ridgefield, US",,,,,,,,
300 - Alpine White,F97,LKDA - Sakhir Orange Extended Merino Leather,2020,5YMTS0C07L9B67002,,9B67002,2MK,,,"Nov 23, 2019",,USA,"Braman BMW/Braman MINI of Miami, Miami, US",,,,,,,,
C28 - Donington Grey Metallic,F97,LKHV - Adelaide Grey Extended Merino Leather,2020,5YMTS0C07L9B67016,,9B67016,2MK,,,"Nov 23, 2019",,USA,"Herb Chambers BMW, Charlestown, US",,,,,,,,
C28 - Donington Grey Metallic,F97,LKDA - Sakhir Orange Extended Merino Leather,2020,5YMTS0C05L9B67029,,9B67029,2MK,,,"Nov 23, 2019",,USA,"BMW of Springfield, Springfield, US",,,,,,,,
A90 - Dark Graphite Metallic,F97,LKHV - Adelaide Grey Extended Merino Leather,2020,5YMTS0C09L9B67082,,9B67082,2MK,,,"Nov 23, 2019",,USA,"Voss Village BMW, Dayton, US",,,,,,,,
300 - Alpine White,F97,LKDA - Sakhir Orange Extended Merino Leather,2020,5YMTS0C09L9B67096,,9B67096,2MK,,,"Nov 23, 2019",,USA,"BMW of Springfield, Springfield, US",,,,,,,,
475 - Black Sapphire Metallic,F97,LKDA - Sakhir Orange Extended Merino Leather,2020,5YMTS0C08L9B67123,,9B67123,2MK,,,"Nov 23, 2019",,USA,"BMW of Southpoint, Durham, US",,,,,,,,
C3G - Toronto Red Metallic,F97,VAEW - BMW Individual Ivory White Extended Merino Leather,2020,5YMTS0C04L9B67166,,9B67166,2MK,,,"Nov 23, 2019",,USA,"BMW of Riverside, Riverside, US",,,,,,,,
A90 - Dark Graphite Metallic,F97,LKSW - Black Extended Merino Leather,2020,5YMTS0C02L9B67179,,9B67179,2MK,,,"Nov 23, 2019",,USA,"Classic BMW, Plano, US",,,,,,,,
C28 - Donington Grey Metallic,F97,LKDA - Sakhir Orange Extended Merino Leather,2020,5YMTS0C01L9B67206,,9B67206,2MK,,,"Nov 23, 2019",,USA,"BMW of Ramsey, Ramsey, US",,,,,,,,
C1M - Phytonic Blue Metallic,F97,MAH7 - Black Vernasca Leather,2020,5YMTS0C06L9B67220,,9B67220,2MK,,,"Nov 23, 2019",,USA,"Long Beach BMW, Signal Hill, US",,,,,,,,
300 - Alpine White,F97,MAH7 - Black Vernasca Leather,2020,5YMTS0C06L9B67234,,9B67234,2MK,,,"Nov 23, 2019",,USA,"BMW of Fort Lauderdale, Fort Lauderdale, US",,,,,,,,
475 - Black Sapphire Metallic,F97,LKSW - Black Extended Merino Leather,2020,5YMTS0C04L9B67247,,9B67247,2MK,,,"Nov 23, 2019",,USA,"Perillo BMW, Inc., Chicago, US",,,,,,,,
C28 - Donington Grey Metallic,F97,LKSW - Black Extended Merino Leather,2020,5YMTS0C09L9B67275,,9B67275,2MK,,,"Nov 23, 2019",,USA,"Perillo BMW, Inc., Chicago, US",,,,,,,,
C28 - Donington Grey Metallic,F97,MAH7 - Black Vernasca Leather,2020,5YMTS0C09L9B67289,,9B67289,2MK,,,"Nov 23, 2019",,USA,"Perillo BMW, Inc., Chicago, US",,,,,,,,
C28 - Donington Grey Metallic,F97,LKDA - Sakhir Orange Extended Merino Leather,2020,5YMTS0C0XL9B67303,,9B67303,2MK,,,"Nov 23, 2019",,USA,"BMW of Schererville, Schererville, US",,,,,,,,
300 - Alpine White,F97,MAH7 - Black Vernasca Leather,2020,5YMTS0C02L9B67330,,9B67330,2MK,,,"Nov 23, 2019",,USA,"Perillo BMW, Inc., Chicago, US",,,,,,,,
C28 - Donington Grey Metallic,F97,LKDA - Sakhir Orange Extended Merino Leather,2020,5YMTS0C04L9B67359,,9B67359,2MK,,,"Nov 23, 2019",,USA,"BMW of Sterling, Sterling, US",,,,,,,,
475 - Black Sapphire Metallic,F97,LKDA - Sakhir Orange Extended Merino Leather,2020,5YMTS0C09L9B67373,,9B67373,2MK,,,"Nov 23, 2019",,USA,"BMW Roanoke, Roanoke, US",,,,,,,,
C28 - Donington Grey Metallic,F97,LKDA - Sakhir Orange Extended Merino Leather,2020,5YMTS0C07L9B67386,,9B67386,2MK,,,"Nov 23, 2019",,USA,"BMW Tucson, Tucson, US",,,,,,,,
C28 - Donington Grey Metallic,F97,VAEW - BMW Individual Ivory White Extended Merino Leather,2020,5YMTS0C08L9B67400,,9B67400,2MK,,,"Nov 24, 2019",,USA,"BMW of Honolulu, Honolulu, US",,,,,,,,
C28 - Donington Grey Metallic,F97,LKDA - Sakhir Orange Extended Merino Leather,2020,5YMTS0C06L9B67413,,9B67413,2MK,,,"Nov 24, 2019",,USA,"BMW of Mt. Laurel, Mount Laurel, US",,,,,,,,
475 - Black Sapphire Metallic,F97,HDJA - Black/Midrand Beige Two-Tone Merino Leather / Alcantara,2020,5YMTS0C06L9B67427,,9B67427,2MK,,,"Nov 24, 2019",,USA,"BMW of Anchorage, Anchorage, US",,,,,,,,
C28 - Donington Grey Metallic,F97,LKSW - Black Extended Merino Leather,2020,5YMTS0C00L9B67441,,9B67441,2MK,,,"Nov 24, 2019",,USA,"BMW of Stratham, Stratham, US",,,,,,,,
475 - Black Sapphire Metallic,F97,VAEW - BMW Individual Ivory White Extended Merino Leather,2020,5YMTS0C00L9B67469,,9B67469,2MK,,,"Nov 24, 2019",,USA,"BMW of Newton, Newton, US",,,,,,,,
300 - Alpine White,F97,LKDA - Sakhir Orange Extended Merino Leather,2020,5YMTS0C09L9B67499,,9B67499,2MK,,,"Nov 24, 2019",,USA,"BMW of Idaho Falls, Idaho Falls, US",,,,,,,,
C3G - Toronto Red Metallic,F97,LKSW - Black Extended Merino Leather,2020,5YMTS0C04L9B67510,,9B67510,2MK,,,"Nov 24, 2019",,USA,"BMW of Reading, Reading, US",,,,,,,,
A90 - Dark Graphite Metallic,F97,MAH7 - Black Vernasca Leather,2020,5YMTS0C04L9B67538,,9B67538,2MK,,,"Nov 25, 2019",,USA,"BMW of Manhasset, Manhasset, US",,,,,,,,
475 - Black Sapphire Metallic,F97,LKDA - Sakhir Orange Extended Merino Leather,2020,5YMTS0C00L9B67553,,9B67553,2MK,,,"Nov 25, 2019",,USA,"Open Road BMW, Edison, US",,,,,,,,
475 - Black Sapphire Metallic,F97,LKSW - Black Extended Merino Leather,2020,5YMTS0C03L9B67580,,9B67580,2MK,,,"Nov 25, 2019",,USA,"Global Imports BMW, Atlanta, US",,,,,,,,
300 - Alpine White,F97,MAH7 - Black Vernasca Leather,2020,5YMTS0C01L9B67593,,9B67593,2MK,,,"Nov 25, 2019",,USA,"Long Beach BMW, Signal Hill, US",,,,,,,,
A90 - Dark Graphite Metallic,F97,LKDA - Sakhir Orange Extended Merino Leather,2020,5YMTS0C08L9B67607,,9B67607,2MK,,,"Nov 25, 2019",,USA,"Competition BMW of Smithtown, Saint James, US",,,,,,,,
300 - Alpine White,F97,LKDA - Sakhir Orange Extended Merino Leather,2020,5YMTS0C02L9B67621,,9B67621,2MK,,,"Nov 25, 2019",,USA,"Century BMW, Greenville, US",,,,,,,,
A90 - Dark Graphite Metallic,F97,LKDA - Sakhir Orange Extended Merino Leather,2020,5YMTS0C02L9B67649,,9B67649,2MK,,,"Nov 25, 2019",,USA,"BMW of Devon, Devon, US",,,,,,,,
475 - Black Sapphire Metallic,F97,VATQ - BMW Individual Tartufo Extended Merino Leather,2020,5YMTS0C07L9B67663,,9B67663,2MK,,,"Nov 25, 2019",,USA,"BMW of Westchester, White Plains, US",,,,,,,,
C28 - Donington Grey Metallic,F97,LKDA - Sakhir Orange Extended Merino Leather,2020,5YMTS0C0XL9B67690,,9B67690,2MK,,,"Nov 25, 2019",,USA,"BMW of Springfield, Springfield, US",,,,,,,,
C28 - Donington Grey Metallic,F97,LKDA - Sakhir Orange Extended Merino Leather,2020,5YMTS0C06L9B67704,,9B67704,2MK,,,"Nov 25, 2019",,USA,"BMW Santa Barbara, Santa Barbara, US",,,,,,,,
C1M - Phytonic Blue Metallic,F97,LKSW - Black Extended Merino Leather,2020,5YMTS0C02L9B67733,,9B67733,2MK,,,"Nov 25, 2019",,USA,"Erhard BMW of Bloomfield Hills, Bloomfield Hills, US",,,,,,,,
300 - Alpine White,F97,HDJA - Black/Midrand Beige Two-Tone Merino Leather / Alcantara,2020,5YMTS0C00L9B67746,,9B67746,2MK,,,"Nov 25, 2019",,USA,"BMW of Lancaster, Lancaster, US",,,,,,,,
300 - Alpine White,F97,MAH7 - Black Vernasca Leather,2020,5YMTS0C05L9B67760,,9B67760,2MK,,,"Nov 25, 2019",,USA,"Rallye BMW, Westbury, US",,,,,,,,
300 - Alpine White,F97,MAH7 - Black Vernasca Leather,2020,5YMTS0C01L9B67786,,9B67786,2MK,,,"Nov 25, 2019",,USA,"Habberstad BMW, Huntington Station, US",,,,,,,,
C28 - Donington Grey Metallic,F97,VATQ - BMW Individual Tartufo Extended Merino Leather,2020,5YMTS0C0XL9B67799,,9B67799,2MK,,,"Nov 25, 2019",,USA,"BMW of Gwinnett Place, Duluth, US",,,,,,,,
475 - Black Sapphire Metallic,F97,HDJA - Black/Midrand Beige Two-Tone Merino Leather / Alcantara,2020,5YMTS0C00L9B67813,,9B67813,2MK,,,"Nov 25, 2019",,USA,"United BMW, Alpharetta, US",,,,,,,,
300 - Alpine White,F97,MAH7 - Black Vernasca Leather,2020,5YMTS0C03L9B67840,,9B67840,2MK,,,"Nov 25, 2019",,USA,"BMW of Catonsville, Baltimore, US",,,,,,,,
C28 - Donington Grey Metallic,F97,LKHV - Adelaide Grey Extended Merino Leather,2020,5YMTS0C03L9B67854,,9B67854,2MK,,,"Nov 25, 2019",,USA,"South Bay BMW, Torrance, US",,,,,,,,
C28 - Donington Grey Metallic,F97,HDJA - Black/Midrand Beige Two-Tone Merino Leather / Alcantara,2020,5YMTS0C03L9B67868,,9B67868,2MK,,,"Nov 25, 2019",,USA,"Bill Pearce BMW, Reno, US",,,,,,,,
300 - Alpine White,F97,LKSW - Black Extended Merino Leather,2020,5YMTS0C04L9B69693,,9B69693,2MK,,,"Nov 25, 2019",,USA,"BMW of San Diego, San Diego, US",,,,,,,,
300 - Alpine White,F97,LKSW - Black Extended Merino Leather,2020,5YMTS0C0XL9B69763,,9B69763,2MK,,,"Nov 25, 2019",,USA,"Valencia BMW, Valencia, US",,,,,,,,
300 - Alpine White,F97,LKSW - Black Extended Merino Leather,2020,5YMTS0C09L9B69771,,9B69771,2MK,,,"Nov 25, 2019",,USA,"BMW of West Houston, Houston, US",,,,,,,,
300 - Alpine White,F97,LKSW - Black Extended Merino Leather,2020,5YMTS0C00L9B69786,,9B69786,2MK,,,"Nov 25, 2019",,USA,"BMW of Springfield, Springfield, US",,,,,,,,
300 - Alpine White,F97,LKSW - Black Extended Merino Leather,2020,5YMTS0C01L9B69795,,9B69795,2MK,,,"Nov 25, 2019",,USA,"Richmond BMW, Richmond, US",,,,,,,,
300 - Alpine White,F97,LKSW - Black Extended Merino Leather,2020,5YMTS0C05L9B69802,,9B69802,2MK,,,"Nov 25, 2019",,USA,"Fields BMW, Winter Park, US",,,,,,,,
300 - Alpine White,F97,LKSW - Black Extended Merino Leather,2020,5YMTS0C08L9B69826,,9B69826,2MK,,,"Nov 25, 2019",,USA,"BMW of Las Vegas, Las Vegas, US",,,,,,,,
475 - Black Sapphire Metallic,F97,LKSW - Black Extended Merino Leather,2020,5YMTS0C05L9B69833,,9B69833,2MK,,,"Nov 25, 2019",,USA,"BMW of Las Vegas, Las Vegas, US",,,,,,,,
475 - Black Sapphire Metallic,F97,LKSW - Black Extended Merino Leather,2020,5YMTS0C04L9B69841,,9B69841,2MK,,,"Nov 25, 2019",,USA,"Momentum BMW/MINI, Houston, US",,,,,,,,
475 - Black Sapphire Metallic,F97,LKSW - Black Extended Merino Leather,2020,5YMTS0C09L9B69849,,9B69849,2MK,,,"Nov 25, 2019",,USA,"BMW of Norwood, Norwood, US",,,,,,,,
475 - Black Sapphire Metallic,F97,LKSW - Black Extended Merino Leather,2020,5YMTS0C06L9B69856,,9B69856,2MK,,,"Nov 25, 2019",,USA,"BMW of Warwick, Warwick, US",,,,,,,,
475 - Black Sapphire Metallic,F97,LKSW - Black Extended Merino Leather,2020,5YMTS0C05L9B69864,,9B69864,2MK,,,"Nov 25, 2019",,USA,"Irvine BMW, Irvine, US",,,,,,,,
300 - Alpine White,F97,HDJA - Black/Midrand Beige Two-Tone Merino Leather / Alcantara,2020,5YMTS0C03L9B69880,,9B69880,2MK,,,"Nov 25, 2019",,USA,"BMW of Mountain View, Mountain View, US",,,,,,,,
A90 - Dark Graphite Metallic,F97,LKSW - Black Extended Merino Leather,2020,5YMTS0C08L9B69888,,9B69888,2MK,,,"Nov 25, 2019",,USA,"BMW Seattle, Seattle, US",,,,,,,,
300 - Alpine White,F97,MAH7 - Black Vernasca Leather,2020,5YMTS0C07L9B69896,,9B69896,2MK,,,"Nov 25, 2019",,USA,"Braman BMW/Braman MINI of Miami, Miami, US",,,,,,,,
300 - Alpine White,F97,MAH7 - Black Vernasca Leather,2020,5YMTS0C02L9B69904,,9B69904,2MK,,,"Nov 25, 2019",,USA,"Braman BMW/Braman MINI of Miami, Miami, US",,,,,,,,
475 - Black Sapphire Metallic,F97,MAH7 - Black Vernasca Leather,2020,5YMTS0C0XL9B69911,,9B69911,2MK,,,"Nov 25, 2019",,USA,"BMW of Delray Beach, Delray Beach, US",,,,,,,,
C1M - Phytonic Blue Metallic,F97,MAOQ - Oyster Vernasca Leather,2020,5YMTS0C01L9B69926,,9B69926,2MK,,,"Nov 25, 2019",,USA,"Reeves Import Motorcars, Inc., Tampa, US",,,,,,,,
A90 - Dark Graphite Metallic,F97,MAH7 - Black Vernasca Leather,2020,5YMTS0C00L9B69934,,9B69934,2MK,,,"Nov 25, 2019",,USA,"BMW of West Houston, Houston, US",,,,,,,,
A90 - Dark Graphite Metallic,F97,MAH7 - Black Vernasca Leather,2020,5YMTS0C0XL9B69942,,9B69942,2MK,,,"Nov 25, 2019",,USA,"Irvine BMW, Irvine, US",,,,,,,,
A90 - Dark Graphite Metallic,F97,MAH7 - Black Vernasca Leather,2020,5YMTS0C02L9B69949,,9B69949,2MK,,,"Nov 25, 2019",,USA,"Nalley BMW of Decatur, Decatur, US",,,,,,,,
A90 - Dark Graphite Metallic,F97,MAH7 - Black Vernasca Leather,2020,5YMTS0C01L9B69957,,9B69957,2MK,,,"Nov 26, 2019",,USA,"BMW of Mountain View, Mountain View, US",,,,,,,,
300 - Alpine White,F97,MAH7 - Black Vernasca Leather,2020,5YMTS0C0XL9B69973,,9B69973,2MK,,,"Nov 26, 2019",,USA,"Global Imports BMW, Atlanta, US",,,,,,,,
C1M - Phytonic Blue Metallic,F97,LKSW - Black Extended Merino Leather,2020,5YMTS0C09L9B69981,,9B69981,2MK,,,"Nov 26, 2019",,USA,"Sun Motor Cars BMW, Mechanicsburg, US",,,,,,,,
A90 - Dark Graphite Metallic,F97,LKSW - Black Extended Merino Leather,2020,5YMTS0C03L9B69989,,9B69989,2MK,,,"Nov 26, 2019",,USA,"Sandia BMW/MINI, Albuquerque, US",,,,,,,,
300 - Alpine White,F97,LKSW - Black Extended Merino Leather,2020,5YMTS0C00L9B69996,,9B69996,2MK,,,"Nov 26, 2019",,USA,"BMW of Columbia, Columbia, US",,,,,,,,
A90 - Dark Graphite Metallic,F97,MAOQ - Oyster Vernasca Leather,2020,5YMTS0C04L9B70004,,9B70004,2MK,,,"Nov 26, 2019",,USA,"BMW of Raleigh, Raleigh, US",,,,,,,,
C1M - Phytonic Blue Metallic,F97,LKDA - Sakhir Orange Extended Merino Leather,2020,5YMTS0C03L9B70012,,9B70012,2MK,,,"Nov 26, 2019",,USA,"Tulley BMW, Nashua, US",,,,,,,,
A90 - Dark Graphite Metallic,F97,LKHV - Adelaide Grey Extended Merino Leather,2020,5YMTS0C02L9B70020,,9B70020,2MK,,,"Nov 26, 2019",,USA,"BMW of Tenafly, Tenafly, US",,,,,,,,
A90 - Dark Graphite Metallic,F97,MAOQ - Oyster Vernasca Leather,2020,5YMTS0C04L9B70035,,9B70035,2MK,,,"Nov 26, 2019",,USA,"BMW of Delray Beach, Delray Beach, US",,,,,,,,
A90 - Dark Graphite Metallic,F97,LKSW - Black Extended Merino Leather,2020,5YMTS0C03L9B70043,,9B70043,2MK,,,"Nov 26, 2019",,USA,"BMW of Bridgeport, Bridgeport, US",,,,,,,,
300 - Alpine White,F97,HDJA - Black/Midrand Beige Two-Tone Merino Leather / Alcantara,2020,5YMTS0C00L9B70050,,9B70050,2MK,,,"Nov 26, 2019",,USA,"Hendrick BMW, Charlotte, US",,,,,,,,
A90 - Dark Graphite Metallic,F97,LKSW - Black Extended Merino Leather,2020,5YMTS0C05L9B70058,,9B70058,2MK,,,"Nov 26, 2019",,USA,"Stevens Creek BMW, Santa Clara, US",,,,,,,,
C1M - Phytonic Blue Metallic,F97,LKHV - Adelaide Grey Extended Merino Leather,2020,5YMTS0C04L9B70066,,9B70066,2MK,,,"Nov 26, 2019",,USA,"Irvine BMW, Irvine, US",,,,,,,,
A90 - Dark Graphite Metallic,F97,MAH7 - Black Vernasca Leather,2020,5YMTS0C03L9B70074,,9B70074,2MK,,,"Nov 26, 2019",,USA,"Tulley BMW, Nashua, US",,,,,,,,
A90 - Dark Graphite Metallic,F97,LKHV - Adelaide Grey Extended Merino Leather,2020,5YMTS0C05L9B70089,,9B70089,2MK,,,"Nov 26, 2019",,USA,"BMW of North Haven, North Haven, US",,,,,,,,
A90 - Dark Graphite Metallic,F97,LKHV - Adelaide Grey Extended Merino Leather,2020,5YMTS0C04L9B70097,,9B70097,2MK,,,"Nov 26, 2019",,USA,"BMW of Warwick, Warwick, US",,,,,,,,
C1M - Phytonic Blue Metallic,F97,LKDA - Sakhir Orange Extended Merino Leather,2020,5YMTS0C0XL9B70105,,9B70105,2MK,,,"Nov 26, 2019",,USA,"Competition BMW of Smithtown, Saint James, US",,,,,,,,
A90 - Dark Graphite Metallic,F97,LKDA - Sakhir Orange Extended Merino Leather,2020,5YMTS0C09L9B70113,,9B70113,2MK,,,"Nov 26, 2019",,USA,"Fields BMW, Winter Park, US",,,,,,,,
C1M - Phytonic Blue Metallic,F97,HDJA - Black/Midrand Beige Two-Tone Merino Leather / Alcantara,2020,5YMTS0C06L9B70120,,9B70120,2MK,,,"Nov 26, 2019",,USA,"BMW of San Diego, San Diego, US",,,,,,,,
C1M - Phytonic Blue Metallic,F97,MAOQ - Oyster Vernasca Leather,2020,5YMTS0C0XL9B70136,,9B70136,2MK,,,"Nov 26, 2019",,USA,"BMW of Okemos, Okemos, US",,,,,,,,
C1M - Phytonic Blue Metallic,F97,HDJA - Black/Midrand Beige Two-Tone Merino Leather / Alcantara,2020,5YMTS0C09L9B70144,,9B70144,2MK,,,"Nov 26, 2019",,USA,"BMW of Ramsey, Ramsey, US",,,,,,,,
A90 - Dark Graphite Metallic,F97,HDJA - Black/Midrand Beige Two-Tone Merino Leather / Alcantara,2020,5YMTS0C08L9B70152,,9B70152,2MK,,,"Nov 26, 2019",,USA,"Casey BMW, Newport News, US",,,,,,,,
A90 - Dark Graphite Metallic,F97,LKHV - Adelaide Grey Extended Merino Leather,2020,5YMTS0C00L9B70159,,9B70159,2MK,,,"Nov 26, 2019",,USA,"South Bay BMW, Torrance, US",,,,,,,,
A90 - Dark Graphite Metallic,F97,LKDA - Sakhir Orange Extended Merino Leather,2020,5YMTS0C0XL9B70167,,9B70167,2MK,,,"Nov 26, 2019",,USA,"BMW of Toledo, Toledo, US",,,,,,,,
C1M - Phytonic Blue Metallic,F97,MAH7 - Black Vernasca Leather,2020,5YMTS0C07L9B70174,,9B70174,2MK,,,"Nov 26, 2019",,USA,"BMW of Springfield, Springfield, US",,,,,,,,
A90 - Dark Graphite Metallic,F97,MAH7 - Black Vernasca Leather,2020,5YMTS0C05L9B70190,,9B70190,2MK,,,"Nov 26, 2019",,USA,"BMW Northwest, Tacoma, US",,,,,,,,
A90 - Dark Graphite Metallic,F97,LKSW - Black Extended Merino Leather,2020,5YMTS0C0XL9B70198,,9B70198,2MK,,,"Nov 26, 2019",,USA,"BMW of San Antonio/MINI of San Anto, San Antonio, US",,,,,,,,
A90 - Dark Graphite Metallic,F97,LKDA - Sakhir Orange Extended Merino Leather,2020,5YMTS0C03L9B70205,,9B70205,2MK,,,"Nov 26, 2019",,USA,"BMW of Humboldt Bay, McKinleyville, US",,,,,,,,
A90 - Dark Graphite Metallic,F97,MAH7 - Black Vernasca Leather,2020,5YMTS0C02L9B70213,,9B70213,2MK,,,"Nov 26, 2019",,USA,"Enterprise BMW, Appleton, US",,,,,,,,
C3G - Toronto Red Metallic,F97,LKHV - Adelaide Grey Extended Merino Leather,2020,5YMTS0C08L9B70233,,9B70233,2MK,,,"Nov 26, 2019",,USA,"BMW of San Antonio/MINI of San Anto, San Antonio, US",,,,,,,,
475 - Black Sapphire Metallic,F97,MAH7 - Black Vernasca Leather,2020,5YMTS0C00L9B70243,,9B70243,2MK,,,"Nov 26, 2019",,USA,"BMW of Mountain View, Mountain View, US",,,,,,,,
475 - Black Sapphire Metallic,F97,MAH7 - Black Vernasca Leather,2020,5YMTS0C05L9B70254,,9B70254,2MK,,,"Nov 26, 2019",,USA,"BMW of Rockville, Rockville, US",,,,,,,,
475 - Black Sapphire Metallic,F97,MAH7 - Black Vernasca Leather,2020,5YMTS0C06L9B70277,,9B70277,2MK,,,"Nov 26, 2019",,USA,"Beverly Hills BMW, Los Angeles, US",,,,,,,,
475 - Black Sapphire Metallic,F97,MAH7 - Black Vernasca Leather,2020,5YMTS0C03L9B70298,,9B70298,2MK,,,"Nov 26, 2019",,USA,"Princeton BMW, Hamilton, US",,,,,,,,
475 - Black Sapphire Metallic,F97,MAH7 - Black Vernasca Leather,2020,5YMTS0C04L9B70309,,9B70309,2MK,,,"Nov 26, 2019",,USA,"Momentum BMW/MINI, Houston, US",,,,,,,,
475 - Black Sapphire Metallic,F97,MAH7 - Black Vernasca Leather,2020,5YMTS0C03L9B70320,,9B70320,2MK,,,"Nov 26, 2019",,USA,"BMW of Norwood, Norwood, US",,,,,,,,
300 - Alpine White,F97,LKDA - Sakhir Orange Extended Merino Leather,2020,5YMTS0C04L9B70343,,9B70343,2MK,,,"Nov 26, 2019",,USA,"Tulley BMW, Nashua, US",,,,,,,,
C3G - Toronto Red Metallic,F97,VAEW - BMW Individual Ivory White Extended Merino Leather,2020,5YMTS0C07L9B70353,,9B70353,2MK,,,"Nov 26, 2019",,USA,"BMW of San Antonio/MINI of San Anto, San Antonio, US",,,,,,,,
300 - Alpine White,F97,LKSW - Black Extended Merino Leather,2020,5YMTS0C01L9B70364,,9B70364,2MK,,,"Nov 26, 2019",,USA,"Wide World BMW, Spring Valley, US",,,,,,,,
300 - Alpine White,F97,LKSW - Black Extended Merino Leather,2020,5YMTS0C06L9B70375,,9B70375,2MK,,,"Nov 26, 2019",,USA,"Herb Chambers BMW, Charlestown, US",,,,,,,,
300 - Alpine White,F97,LKSW - Black Extended Merino Leather,2020,5YMTS0C07L9B70398,,9B70398,2MK,,,"Nov 26, 2019",,USA,"BMW of Wilmington, Wilmington, US",,,,,,,,
475 - Black Sapphire Metallic,F97,MAH7 - Black Vernasca Leather,2020,5YMTS0C06L9B70408,,9B70408,2MK,,,"Nov 26, 2019",,USA,"Basney BMW, South Bend, US",,,,,,,,
475 - Black Sapphire Metallic,F97,LKDA - Sakhir Orange Extended Merino Leather,2020,5YMTS0C00L9B70419,,9B70419,2MK,,,"Nov 26, 2019",,USA,"Paul Miller BMW, Wayne, US",,,,,,,,
C3G - Toronto Red Metallic,F97,LKSW - Black Extended Merino Leather,2020,5YMTS0C0XL9B70430,,9B70430,2MK,,,"Nov 26, 2019",,USA,"Sewickley BMW, Sewickley, US",,,,,,,,
300 - Alpine White,F97,LKDA - Sakhir Orange Extended Merino Leather,2020,5YMTS0C00L9B70453,,9B70453,2MK,,,"Nov 26, 2019",,USA,"BMW of Tenafly, Tenafly, US",,,,,,,,
475 - Black Sapphire Metallic,F97,LKSW - Black Extended Merino Leather,2020,5YMTS0C03L9B70463,,9B70463,2MK,,,"Nov 26, 2019",,USA,"Stevens Creek BMW, Santa Clara, US",,,,,,,,
C3G - Toronto Red Metallic,F97,VATQ - BMW Individual Tartufo Extended Merino Leather,2020,5YMTS0C08L9B70474,,9B70474,2MK,,,"Nov 26, 2019",,USA,"Stevens Creek BMW, Santa Clara, US",,,,,,,,
300 - Alpine White,F97,LKDA - Sakhir Orange Extended Merino Leather,2020,5YMTS0C02L9B70485,,9B70485,2MK,,,"Nov 26, 2019",,USA,"Stevens Creek BMW, Santa Clara, US",,,,,,,,
300 - Alpine White,F97,MAH7 - Black Vernasca Leather,2020,5YMTS0C0XL9B70508,,9B70508,2MK,,,"Nov 26, 2019",,USA,"BMW of Peabody, Peabody, US",,,,,,,,
300 - Alpine White,F97,LKDA - Sakhir Orange Extended Merino Leather,2020,5YMTS0C02L9B70518,,9B70518,2MK,,,"Nov 26, 2019",,USA,"BMW of West Springfield, West Springfield, US",,,,,,,,
475 - Black Sapphire Metallic,F97,LKSW - Black Extended Merino Leather,2020,5YMTS0C07L9B70529,,9B70529,2MK,,,"Nov 26, 2019",,USA,"BMW of Denver Downtown, Denver, US",,,,,,,,
475 - Black Sapphire Metallic,F97,LKDA - Sakhir Orange Extended Merino Leather,2020,5YMTS0C06L9B70540,,9B70540,2MK,,,"Nov 26, 2019",,USA,"Long Beach BMW, Signal Hill, US",,,,,,,,
475 - Black Sapphire Metallic,F97,LKDA - Sakhir Orange Extended Merino Leather,2020,5YMTS0C03L9B70561,,9B70561,2MK,,,"Nov 26, 2019",,USA,"BMW of Southampton, Southampton, US",,,,,,,,
475 - Black Sapphire Metallic,F97,LKSW - Black Extended Merino Leather,2020,5YMTS0C02L9B70583,,9B70583,2MK,,,"Nov 26, 2019",,USA,"BMW North Scottsdale, Phoenix, US",,,,,,,,
C3G - Toronto Red Metallic,F97,LKSW - Black Extended Merino Leather,2020,5YMTS0C08L9B70605,,9B70605,2MK,,,"Nov 26, 2019",,USA,"Nick Alexander Imports, Los Angeles, US",,,,,,,,
300 - Alpine White,F97,LKSW - Black Extended Merino Leather,2020,5YMTS0C02L9B70616,,9B70616,2MK,,,"Nov 26, 2019",,USA,"Fields BMW, Winter Park, US",,,,,,,,
300 - Alpine White,F97,LKDA - Sakhir Orange Extended Merino Leather,2020,5YMTS0C01L9B70638,,9B70638,2MK,,,"Nov 26, 2019",,USA,"Taylor BMW, Evans, US",,,,,,,,
300 - Alpine White,F97,LKHV - Adelaide Grey Extended Merino Leather,2020,5YMTS0C06L9B70649,,9B70649,2MK,,,"Nov 27, 2019",,USA,"Fields BMW, Winter Park, US",,,,,,,,
300 - Alpine White,F97,HDJA - Black/Midrand Beige Two-Tone Merino Leather / Alcantara,2020,5YMTS0C0XL9B70671,,9B70671,2MK,,,"Nov 27, 2019",,USA,"New Century BMW, Alhambra, US",,,,,,,,
300 - Alpine White,F97,LKSW - Black Extended Merino Leather,2020,5YMTS0C04L9B70682,,9B70682,2MK,,,"Nov 27, 2019",,USA,"BMW of San Diego, San Diego, US",,,,,,,,
300 - Alpine White,F97,LKDA - Sakhir Orange Extended Merino Leather,2020,5YMTS0C0XL9B70704,,9B70704,2MK,,,"Nov 27, 2019",,USA,"BMW of Springfield, Springfield, US",,,,,,,,
300 - Alpine White,F97,LKDA - Sakhir Orange Extended Merino Leather,2020,5YMTS0C09L9B70726,,9B70726,2MK,,,"Nov 27, 2019",,USA,"Rallye BMW, Westbury, US",,,,,,,,
300 - Alpine White,F97,LKHV - Adelaide Grey Extended Merino Leather,2020,5YMTS0C03L9B70737,,9B70737,2MK,,,"Nov 27, 2019",,USA,"Stevens Creek BMW, Santa Clara, US",,,,,,,,
300 - Alpine White,F97,LKDA - Sakhir Orange Extended Merino Leather,2020,5YMTS0C08L9B70748,,9B70748,2MK,,,"Nov 27, 2019",,USA,"McKenna BMW, Norwalk, US",,,,,,,,
300 - Alpine White,F97,LKSW - Black Extended Merino Leather,2020,5YMTS0C01L9B70770,,9B70770,2MK,,,"Nov 27, 2019",,USA,"BMW Northwest, Tacoma, US",,,,,,,,
C3G - Toronto Red Metallic,F97,LKSW - Black Extended Merino Leather,2020,5YMTS0C06L9B70781,,9B70781,2MK,,,"Nov 27, 2019",,USA,"Wyoming Valley BMW, Plains, US",,,,,,,,
300 - Alpine White,F97,LKSW - Black Extended Merino Leather,2020,5YMTS0C00L9B70792,,9B70792,2MK,,,"Nov 27, 2019",,USA,"BMW of Alexandria, Alexandria, US",,,,,,,,
A90 - Dark Graphite Metallic,F97,MAH7 - Black Vernasca Leather,2020,5YMTS0C03L9B70804,,9B70804,2MK,,,"Nov 27, 2019",,USA,"BMW of Devon, Devon, US",,,,,,,,
A90 - Dark Graphite Metallic,F97,LKHV - Adelaide Grey Extended Merino Leather,2020,5YMTS0C00L9B70825,,9B70825,2MK,,,"Nov 27, 2019",,USA,"BMW of Morristown, Morristown, US",,,,,,,,
300 - Alpine White,F97,HDJA - Black/Midrand Beige Two-Tone Merino Leather / Alcantara,2020,5YMTS0C05L9B70836,,9B70836,2MK,,,"Nov 27, 2019",,USA,"BMW of San Antonio/MINI of San Anto, San Antonio, US",,,,,,,,
C3G - Toronto Red Metallic,F97,MAH7 - Black Vernasca Leather,2020,5YMTS0C0XL9B70847,,9B70847,2MK,,,"Nov 27, 2019",,USA,"BMW of Lancaster, Lancaster, US",,,,,,,,
300 - Alpine White,F97,HDJA - Black/Midrand Beige Two-Tone Merino Leather / Alcantara,2020,5YMTS0C09L9B70869,,9B70869,2MK,,,"Nov 27, 2019",,USA,"BMW of San Antonio/MINI of San Anto, San Antonio, US",,,,,,,,
C28 - Donington Grey Metallic,F97,LKHV - Adelaide Grey Extended Merino Leather,2020,5YMTS0C03L9B71791,,9B71791,2MK,,,"Nov 27, 2019",,USA,"Global Imports BMW, Atlanta, US",,,,,,,,
C28 - Donington Grey Metallic,F97,MAOQ - Oyster Vernasca Leather,2020,5YMTS0C04L9B71802,,9B71802,2MK,,,"Nov 27, 2019",,USA,"BMW of Charlottesville, Charlottesville, US",,,,,,,,
C1M - Phytonic Blue Metallic,F97,LKDA - Sakhir Orange Extended Merino Leather,2020,5YMTS0C09L9B71813,,9B71813,2MK,,,"Nov 27, 2019",,USA,"BMW of Fort Lauderdale, Fort Lauderdale, US",,,,,,,,
C28 - Donington Grey Metallic,F97,MAH7 - Black Vernasca Leather,2020,5YMTS0C03L9B71824,,9B71824,2MK,,,"Nov 27, 2019",,USA,"Center BMW, Sherman Oaks, US",,,,,,,,
C28 - Donington Grey Metallic,F97,MAH7 - Black Vernasca Leather,2020,5YMTS0C04L9B71847,,9B71847,2MK,,,"Nov 27, 2019",,USA,"BMW of Reading, Reading, US",,,,,,,,
C28 - Donington Grey Metallic,F97,MAH7 - Black Vernasca Leather,2020,5YMTS0C07L9B71857,,9B71857,2MK,,,"Nov 27, 2019",,USA,"BMW of Reading, Reading, US",,,,,,,,
C28 - Donington Grey Metallic,F97,HDJA - Black/Midrand Beige Two-Tone Merino Leather / Alcantara,2020,5YMTS0C01L9B71868,,9B71868,2MK,,,"Nov 27, 2019",,USA,"Valley Auto World, Inc., Fayetteville, US",,,,,,,,
C28 - Donington Grey Metallic,F97,MAH7 - Black Vernasca Leather,2020,5YMTS0C07L9B71891,,9B71891,2MK,,,"Nov 27, 2019",,USA,"Century BMW, Greenville, US",,,,,,,,
C28 - Donington Grey Metallic,F97,LKSW - Black Extended Merino Leather,2020,5YMTS0C00L9B71912,,9B71912,2MK,,,"Nov 27, 2019",,USA,"BMW of Greenwich, Greenwich, US",,,,,,,,
C28 - Donington Grey Metallic,F97,LKSW - Black Extended Merino Leather,2020,5YMTS0C05L9B71923,,9B71923,2MK,,,"Nov 27, 2019",,USA,"Enterprise BMW, Appleton, US",,,,,,,,
C28 - Donington Grey Metallic,F97,LKSW - Black Extended Merino Leather,2020,5YMTS0C0XL9B71934,,9B71934,2MK,,,"Nov 27, 2019",,USA,"Paul Miller BMW, Wayne, US",,,,,,,,
475 - Black Sapphire Metallic,F97,LKSW - Black Extended Merino Leather,2020,5YMTS0C00L9B71957,,9B71957,2MK,,,"Nov 27, 2019",,USA,"Arrowhead BMW, Glendale, US",,,,,,,,
C28 - Donington Grey Metallic,F97,LKSW - Black Extended Merino Leather,2020,5YMTS0C08L9B71978,,9B71978,2MK,,,"Nov 27, 2019",,USA,"Sun Motor Cars BMW, Mechanicsburg, US",,,,,,,,
C28 - Donington Grey Metallic,F97,LKHV - Adelaide Grey Extended Merino Leather,2020,5YMTS0C02L9B71989,,9B71989,2MK,,,"Nov 27, 2019",,USA,"Pacific BMW, Glendale, US",,,,,,,,
C28 - Donington Grey Metallic,F97,LKDA - Sakhir Orange Extended Merino Leather,2020,5YMTS0C08L9B72001,,9B72001,2MK,,,"Nov 27, 2019",,USA,"New Country BMW, Hartford, US",,,,,,,,
475 - Black Sapphire Metallic,F97,LKDA - Sakhir Orange Extended Merino Leather,2020,5YMTS0C05L9B72022,,9B72022,2MK,,,"Dec 1, 2019",,USA,"Rallye BMW, Westbury, US",,,,,,,,
C28 - Donington Grey Metallic,F97,LKHV - Adelaide Grey Extended Merino Leather,2020,5YMTS0C0XL9B72033,,9B72033,2MK,,,"Dec 1, 2019",,USA,"BMW of Buena Park, Buena Park, US",,,,,,,,
C28 - Donington Grey Metallic,F97,HDJA - Black/Midrand Beige Two-Tone Merino Leather / Alcantara,2020,5YMTS0C04L9B72044,,9B72044,2MK,,,"Dec 1, 2019",,USA,"Hendrick BMW, Charlotte, US",,,,,,,,
475 - Black Sapphire Metallic,F97,HDJA - Black/Midrand Beige Two-Tone Merino Leather / Alcantara,2020,5YMTS0C05L9B72067,,9B72067,2MK,,,"Dec 1, 2019",,USA,"BMW of Greenwich, Greenwich, US",,,,,,,,
C28 - Donington Grey Metallic,F97,MAH7 - Black Vernasca Leather,2020,5YMTS0C08L9B72077,,9B72077,2MK,,,"Dec 1, 2019",,USA,"BMW of Southampton, Southampton, US",,,,,,,,
C28 - Donington Grey Metallic,F97,LKDA - Sakhir Orange Extended Merino Leather,2020,5YMTS0C02L9B72088,,9B72088,2MK,,,"Dec 1, 2019",,USA,"New Century BMW, Alhambra, US",,,,,,,,
C28 - Donington Grey Metallic,F97,LKDA - Sakhir Orange Extended Merino Leather,2020,5YMTS0C07L9B72099,,9B72099,2MK,,,"Dec 1, 2019",,USA,"BMW of San Diego, San Diego, US",,,,,,,,
C28 - Donington Grey Metallic,F97,LKHV - Adelaide Grey Extended Merino Leather,2020,5YMTS0C05L9B72120,,9B72120,2MK,,,"Dec 1, 2019",,USA,"Beverly Hills BMW, Los Angeles, US",,,,,,,,
475 - Black Sapphire Metallic,F97,LKDA - Sakhir Orange Extended Merino Leather,2020,5YMTS0C0XL9B72131,,9B72131,2MK,,,"Dec 1, 2019",,USA,"BMW of Greenwich, Greenwich, US",,,,,,,,
C28 - Donington Grey Metallic,F97,LKHV - Adelaide Grey Extended Merino Leather,2020,5YMTS0C09L9B72153,,9B72153,2MK,,,"Dec 1, 2019",,USA,"Santa Monica BMW, Santa Monica, US",,,,,,,,
C28 - Donington Grey Metallic,F97,HDJA - Black/Midrand Beige Two-Tone Merino Leather / Alcantara,2020,5YMTS0C03L9B72164,,9B72164,2MK,,,"Dec 1, 2019",,USA,"BMW of San Diego, San Diego, US",,,,,,,,
C3G - Toronto Red Metallic,F97,LKHV - Adelaide Grey Extended Merino Leather,2020,5YMTS0C02L9B72186,,9B72186,2MK,,,"Dec 2, 2019",,USA,"BMW of Austin, Austin, US",,,,,,,,
475 - Black Sapphire Metallic,F97,LKSW - Black Extended Merino Leather,2020,5YMTS0C07L9B72197,,9B72197,2MK,,,"Dec 2, 2019",,USA,"BMW of Alexandria, Alexandria, US",,,,,,,,
C3G - Toronto Red Metallic,F97,LKSW - Black Extended Merino Leather,2020,5YMTS0C02L9B72219,,9B72219,2MK,,,"Dec 2, 2019",,USA,"BMW of Freehold, Freehold, US",,,,,,,,
475 - Black Sapphire Metallic,F97,LKDA - Sakhir Orange Extended Merino Leather,2020,5YMTS0C01L9B72230,,9B72230,2MK,,,"Dec 2, 2019",,USA,"BMW of Minnetonka, Minnetonka, US",,,,,,,,
300 - Alpine White,F97,HDJA - Black/Midrand Beige Two-Tone Merino Leather / Alcantara,2020,5YMTS0C00L9B72252,,9B72252,2MK,,,"Dec 2, 2019",,USA,"Laurel BMW of Westmont, Westmont, US",,,,,,,,
475 - Black Sapphire Metallic,F97,MAH7 - Black Vernasca Leather,2020,5YMTS0C05L9B72263,,9B72263,2MK,,,"Dec 2, 2019",,USA,"Erhard BMW of Bloomfield Hills, Bloomfield Hills, US",,,,,,,,
475 - Black Sapphire Metallic,F97,LKHV - Adelaide Grey Extended Merino Leather,2020,5YMTS0C04L9B72285,,9B72285,2MK,,,"Dec 2, 2019",,USA,"BMW of Toledo, Toledo, US",,,,,,,,
475 - Black Sapphire Metallic,F97,LKSW - Black Extended Merino Leather,2020,5YMTS0C09L9B72296,,9B72296,2MK,,,"Dec 2, 2019",,USA,"BMW of San Antonio/MINI of San Anto, San Antonio, US",,,,,,,,
475 - Black Sapphire Metallic,F97,VAEW - BMW Individual Ivory White Extended Merino Leather,2020,5YMTS0C0XL9B72307,,9B72307,2MK,,,"Dec 2, 2019",,USA,"Jackie Cooper Imports/MINI, Edmond, US",,,,,,,,
475 - Black Sapphire Metallic,F97,LKSW - Black Extended Merino Leather,2020,5YMTS0C07L9B72328,,9B72328,2MK,,,"Dec 2, 2019",,USA,"Jackie Cooper Imports/MINI, Edmond, US",,,,,,,,
475 - Black Sapphire Metallic,F97,LKSW - Black Extended Merino Leather,2020,5YMTS0C0XL9B72338,,9B72338,2MK,,,"Dec 2, 2019",,USA,"BMW of Lancaster, Lancaster, US",,,,,,,,
475 - Black Sapphire Metallic,F97,VAEW - BMW Individual Ivory White Extended Merino Leather,2020,5YMTS0C04L9B72349,,9B72349,2MK,,,"Dec 2, 2019",,USA,"BMW of Bellevue, Bellevue, US",,,,,,,,
475 - Black Sapphire Metallic,F97,MAH7 - Black Vernasca Leather,2020,5YMTS0C03L9B72360,,9B72360,2MK,,,"Dec 2, 2019",,USA,"BMW of Bellevue, Bellevue, US",,,,,,,,
475 - Black Sapphire Metallic,F97,VATQ - BMW Individual Tartufo Extended Merino Leather,2020,5YMTS0C09L9B72380,,9B72380,2MK,,,"Dec 2, 2019",,USA,"BMW of Alexandria, Alexandria, US",,,,,,,,
475 - Black Sapphire Metallic,F97,LKSW - Black Extended Merino Leather,2020,5YMTS0C03L9B72391,,9B72391,2MK,,,"Dec 2, 2019",,USA,"Manheim New Jersey, Bordentown, US",,,,,,,,
475 - Black Sapphire Metallic,F97,LKSW - Black Extended Merino Leather,2020,5YMTS0C09L9B72413,,9B72413,2MK,,,"Dec 2, 2019",,USA,"BMW of Alexandria, Alexandria, US",,,,,,,,
475 - Black Sapphire Metallic,F97,LKSW - Black Extended Merino Leather,2020,5YMTS0C03L9B72424,,9B72424,2MK,,,"Dec 2, 2019",,USA,"Classic BMW/Classic MINI, Willoughby Hills, US",,,,,,,,
C28 - Donington Grey Metallic,F97,VATQ - BMW Individual Tartufo Extended Merino Leather,2020,5YMTS0C02L9B74066,,9B74066,2MK,,,"Dec 2, 2019",,USA,"Bill Jacobs BMW/MINI, Naperville, US",,,,,,,,
C28 - Donington Grey Metallic,F97,LKHV - Adelaide Grey Extended Merino Leather,2020,5YMTS0C07L9B74077,,9B74077,2MK,,,"Dec 2, 2019",,USA,"BMW of Sterling, Sterling, US",,,,,,,,
C28 - Donington Grey Metallic,F97,LKHV - Adelaide Grey Extended Merino Leather,2020,5YMTS0C01L9B74088,,9B74088,2MK,,,"Dec 2, 2019",,USA,"BMW of Sarasota, Sarasota, US",,,,,,,,
A90 - Dark Graphite Metallic,F97,VATQ - BMW Individual Tartufo Extended Merino Leather,2020,5YMTS0C06L9B74099,,9B74099,2MK,,,"Dec 2, 2019",,USA,"Bill Jacobs BMW/MINI, Naperville, US",,,,,,,,
C3G - Toronto Red Metallic,F97,LKSW - Black Extended Merino Leather,2020,5YMTS0C04L9B74120,,9B74120,2MK,,,"Dec 2, 2019",,USA,"BMW of Greenwich, Greenwich, US",,,,,,,,
C28 - Donington Grey Metallic,F97,HDJA - Black/Midrand Beige Two-Tone Merino Leather / Alcantara,2020,5YMTS0C03L9B74142,,9B74142,2MK,,,"Dec 2, 2019",,USA,"BMW of North Haven, North Haven, US",,,,,,,,
C28 - Donington Grey Metallic,F97,LKSW - Black Extended Merino Leather,2020,5YMTS0C02L9B74164,,9B74164,2MK,,,"Dec 2, 2019",,USA,"Plaza Motor Company, Creve Coeur, US",,,,,,,,
C28 - Donington Grey Metallic,F97,LKDA - Sakhir Orange Extended Merino Leather,2020,5YMTS0C07L9B74175,,9B74175,2MK,,,"Dec 2, 2019",,USA,"BMW of Springfield, Springfield, US",,,,,,,,
C28 - Donington Grey Metallic,F97,MAH7 - Black Vernasca Leather,2020,5YMTS0C06L9B74197,,9B74197,2MK,,,"Dec 2, 2019",,USA,"BMW of Minnetonka, Minnetonka, US",,,,,,,,
C28 - Donington Grey Metallic,F97,LKSW - Black Extended Merino Leather,2020,5YMTS0C07L9B74208,,9B74208,2MK,,,"Dec 2, 2019",,USA,"Crevier BMW, Santa Ana, US",,,,,,,,
C28 - Donington Grey Metallic,F97,LKSW - Black Extended Merino Leather,2020,5YMTS0C01L9B74219,,9B74219,2MK,,,"Dec 2, 2019",,USA,"Crevier BMW, Santa Ana, US",,,,,,,,
C28 - Donington Grey Metallic,F97,LKDA - Sakhir Orange Extended Merino Leather,2020,5YMTS0C04L9B74229,,9B74229,2MK,,,"Dec 2, 2019",,USA,"BMW of Springfield, Springfield, US",,,,,,,,
A90 - Dark Graphite Metallic,F97,HDJA - Black/Midrand Beige Two-Tone Merino Leather / Alcantara,2020,5YMTS0C08L9B74251,,9B74251,2MK,,,"Dec 2, 2019",,USA,"BMW of Greenwich, Greenwich, US",,,,,,,,
C28 - Donington Grey Metallic,F97,LKDA - Sakhir Orange Extended Merino Leather,2020,5YMTS0C02L9B74262,,9B74262,2MK,,,"Dec 2, 2019",,USA,"BMW of Springfield, Springfield, US",,,,,,,,
C3G - Toronto Red Metallic,F97,HDJA - Black/Midrand Beige Two-Tone Merino Leather / Alcantara,2020,5YMTS0C07L9B74273,,9B74273,2MK,,,"Dec 2, 2019",,USA,"BMW of Greenwich, Greenwich, US",,,,,,,,
C3G - Toronto Red Metallic,F97,LKSW - Black Extended Merino Leather,2020,5YMTS0C06L9B74295,,9B74295,2MK,,,"Dec 2, 2019",,USA,"Park Avenue BMW, Rochelle Park, US",,,,,,,,
C28 - Donington Grey Metallic,F97,LKSW - Black Extended Merino Leather,2020,5YMTS0C07L9B74306,,9B74306,2MK,,,"Dec 2, 2019",,USA,"Bill Pearce BMW, Reno, US",,,,,,,,
C1M - Phytonic Blue Metallic,F97,VATQ - BMW Individual Tartufo Extended Merino Leather,2020,5YMTS0C01L9B74317,,9B74317,2MK,,,"Dec 2, 2019",,USA,"BMW of West St. Louis, Manchester, US",,,,,,,,
C28 - Donington Grey Metallic,F97,LKSW - Black Extended Merino Leather,2020,5YMTS0C04L9B74327,,9B74327,2MK,,,"Dec 2, 2019",,USA,"Motorwerks BMW, Bloomington, US",,,,,,,,
A90 - Dark Graphite Metallic,F97,HDJA - Black/Midrand Beige Two-Tone Merino Leather / Alcantara,2020,5YMTS0C09L9B74338,,9B74338,2MK,,,"Dec 2, 2019",,USA,"Paul Miller BMW, Wayne, US",,,,,,,,
C1M - Phytonic Blue Metallic,F97,HDJA - Black/Midrand Beige Two-Tone Merino Leather / Alcantara,2020,5YMTS0C03L9B74349,,9B74349,2MK,,,"Dec 2, 2019",,USA,"BMW of Greenwich, Greenwich, US",,,,,,,,
C28 - Donington Grey Metallic,F97,LKDA - Sakhir Orange Extended Merino Leather,2020,5YMTS0C02L9B74360,,9B74360,2MK,,,"Dec 2, 2019",,USA,"BMW of Springfield, Springfield, US",,,,,,,,
C28 - Donington Grey Metallic,F97,LKSW - Black Extended Merino Leather,2020,5YMTS0C07L9B74371,,9B74371,2MK,,,"Dec 2, 2019",,USA,"Bill Jacobs BMW/MINI, Naperville, US",,,,,,,,
C28 - Donington Grey Metallic,F97,LKSW - Black Extended Merino Leather,2020,5YMTS0C01L9B74382,,9B74382,2MK,,,"Dec 2, 2019",,USA,"BMW Northwest, Tacoma, US",,,,,,,,
A90 - Dark Graphite Metallic,F97,MAH7 - Black Vernasca Leather,2020,5YMTS0C06L9B74393,,9B74393,2MK,,,"Dec 2, 2019",,USA,"Weatherford BMW, Berkeley, US",,,,,,,,
C28 - Donington Grey Metallic,F97,LKSW - Black Extended Merino Leather,2020,5YMTS0C07L9B74404,,9B74404,2MK,,,"Dec 2, 2019",,USA,"Herb Chambers BMW, Charlestown, US",,,,,,,,
A90 - Dark Graphite Metallic,F97,LKSW - Black Extended Merino Leather,2020,5YMTS0C01L9B74415,,9B74415,2MK,,,"Dec 2, 2019",,USA,"BMW of Southpoint, Durham, US",,,,,,,,
A90 - Dark Graphite Metallic,F97,LKHV - Adelaide Grey Extended Merino Leather,2020,5YMTS0C09L9B74436,,9B74436,2MK,,,"Dec 2, 2019",,USA,"BMW of Sterling, Sterling, US",,,,,,,,
C3G - Toronto Red Metallic,F97,MAH7 - Black Vernasca Leather,2020,5YMTS0C08L9B74458,,9B74458,2MK,,,"Dec 2, 2019",,USA,"Sandia BMW/MINI, Albuquerque, US",,,,,,,,
C28 - Donington Grey Metallic,F97,LKHV - Adelaide Grey Extended Merino Leather,2020,5YMTS0C02L9B74469,,9B74469,2MK,,,"Dec 2, 2019",,USA,"Tulley BMW, Nashua, US",,,,,,,,
C28 - Donington Grey Metallic,F97,LKDA - Sakhir Orange Extended Merino Leather,2020,5YMTS0C06L9B74491,,9B74491,2MK,,,"Dec 3, 2019",,USA,"BMW of Springfield, Springfield, US",,,,,,,,
A90 - Dark Graphite Metallic,F97,LKSW - Black Extended Merino Leather,2020,5YMTS0C07L9B74502,,9B74502,2MK,,,"Dec 3, 2019",,USA,"Herb Chambers BMW, Charlestown, US",,,,,,,,
C28 - Donington Grey Metallic,F97,LKSW - Black Extended Merino Leather,2020,5YMTS0C06L9B74524,,9B74524,2MK,,,"Dec 3, 2019",,USA,"BMW of Temple, Temple, US",,,,,,,,
C3G - Toronto Red Metallic,F97,LKSW - Black Extended Merino Leather,2020,5YMTS0C09L9B74534,,9B74534,2MK,,,"Dec 3, 2019",,USA,"BMW of Southpoint, Durham, US",,,,,,,,
C28 - Donington Grey Metallic,F97,LKSW - Black Extended Merino Leather,2020,5YMTS0C03L9B74545,,9B74545,2MK,,,"Dec 3, 2019",,USA,"International Autos/MINI, West Allis, US",,,,,,,,
C28 - Donington Grey Metallic,F97,LKDA - Sakhir Orange Extended Merino Leather,2020,5YMTS0C08L9B74556,,9B74556,2MK,,,"Dec 3, 2019",,USA,"BMW of Springfield, Springfield, US",,,,,,,,
C28 - Donington Grey Metallic,F97,LKSW - Black Extended Merino Leather,2020,5YMTS0C02L9B74567,,9B74567,2MK,,,"Dec 3, 2019",,USA,"Reeves Import Motorcars, Inc., Tampa, US",,,,,,,,
C28 - Donington Grey Metallic,F97,LKHV - Adelaide Grey Extended Merino Leather,2020,5YMTS0C0XL9B74588,,9B74588,2MK,,,"Dec 3, 2019",,USA,"Vista BMW, Coconut Creek, US",,,,,,,,
C28 - Donington Grey Metallic,F97,VATQ - BMW Individual Tartufo Extended Merino Leather,2020,5YMTS0C07L9B74600,,9B74600,2MK,,,"Dec 3, 2019",,USA,"Laurel BMW of Westmont, Westmont, US",,,,,,,,
C28 - Donington Grey Metallic,F97,MAH7 - Black Vernasca Leather,2020,5YMTS0C01L9B74611,,9B74611,2MK,,,"Dec 3, 2019",,USA,"Reeves Import Motorcars, Inc., Tampa, US",,,,,,,,
C28 - Donington Grey Metallic,F97,LKSW - Black Extended Merino Leather,2020,5YMTS0C06L9B74622,,9B74622,2MK,,,"Dec 3, 2019",,USA,"Erhard BMW of Bloomfield Hills, Bloomfield Hills, US",,,,,,,,
C28 - Donington Grey Metallic,F97,VATQ - BMW Individual Tartufo Extended Merino Leather,2020,5YMTS0C03L9B74643,,9B74643,2MK,,,"Dec 3, 2019",,USA,"Erhard BMW of Bloomfield Hills, Bloomfield Hills, US",,,,,,,,
C28 - Donington Grey Metallic,F97,LKDA - Sakhir Orange Extended Merino Leather,2020,5YMTS0C02L9B74665,,9B74665,2MK,,,"Dec 3, 2019",,USA,"BMW Encinitas, Encinitas, US",,,,,,,,
C28 - Donington Grey Metallic,F97,VAEW - BMW Individual Ivory White Extended Merino Leather,2020,5YMTS0C01L9B74687,,9B74687,2MK,,,"Dec 3, 2019",,USA,"BMW of Brooklyn, Brooklyn, US",,,,,,,,
C28 - Donington Grey Metallic,F97,LKDA - Sakhir Orange Extended Merino Leather,2020,5YMTS0C07L9B74712,,9B74712,2MK,,,"Dec 3, 2019",,USA,"BMW of Bellevue, Bellevue, US",,,,,,,,
C28 - Donington Grey Metallic,F97,LKHV - Adelaide Grey Extended Merino Leather,2020,5YMTS0C00L9B74731,,9B74731,2MK,,,"Dec 3, 2019",,USA,"Dreyer & Reinbold BMW/MINI, Indianapolis, US",,,,,,,,
C28 - Donington Grey Metallic,F97,LKSW - Black Extended Merino Leather,2020,5YMTS0C0XL9B74753,,9B74753,2MK,,,"Dec 3, 2019",,USA,"BMW of San Antonio/MINI of San Anto, San Antonio, US",,,,,,,,
C28 - Donington Grey Metallic,F97,LKHV - Adelaide Grey Extended Merino Leather,2020,5YMTS0C0XL9B74767,,9B74767,2MK,,,"Dec 3, 2019",,USA,"BMW of Annapolis, Annapolis, US",,,,,,,,
C28 - Donington Grey Metallic,F97,LKSW - Black Extended Merino Leather,2020,5YMTS0C0XL9B74784,,9B74784,2MK,,,"Dec 3, 2019",,USA,"Tulley BMW, Nashua, US",,,,,,,,
475 - Black Sapphire Metallic,F97,LKSW - Black Extended Merino Leather,2020,5YMTS0C02L9B75718,,9B75718,2MK,,,"Dec 3, 2019",,USA,"Karl Knauz Motors, Lake Bluff, US",,,,,,,,
475 - Black Sapphire Metallic,F97,LKDA - Sakhir Orange Extended Merino Leather,2020,5YMTS0C05L9B75728,,9B75728,2MK,,,"Dec 3, 2019",,USA,"East Bay BMW, Pleasanton, US",,,,,,,,
A90 - Dark Graphite Metallic,F97,MAH7 - Black Vernasca Leather,2020,5YMTS0C0XL9B75739,,9B75739,2MK,,,"Dec 3, 2019",,USA,"BMW of Fairfax, Fairfax, US",,,,,,,,
475 - Black Sapphire Metallic,F97,LKSW - Black Extended Merino Leather,2020,5YMTS0C09L9B75750,,9B75750,2MK,,,"Dec 3, 2019",,USA,"Weatherford BMW, Berkeley, US",,,,,,,,
A96 - Mineral White Metallic,F97,LKSW - Black Extended Merino Leather,2020,5YMTS0C03L9B75761,,9B75761,2MK,,,"Dec 3, 2019",,USA,"BMW of South Albany, Glenmont, US",,,,,,,,
300 - Alpine White,F97,LKSW - Black Extended Merino Leather,2020,5YMTS0C08L9B75772,,9B75772,2MK,,,"Dec 3, 2019",,USA,"United BMW, Alpharetta, US",,,,,,,,
A90 - Dark Graphite Metallic,F97,MAH7 - Black Vernasca Leather,2020,5YMTS0C02L9B75783,,9B75783,2MK,,,"Dec 3, 2019",,USA,"BMW of Doylestown, Doylestown, US",,,,,,,,
C28 - Donington Grey Metallic,F97,LKSW - Black Extended Merino Leather,2020,5YMTS0C07L9B75794,,9B75794,2MK,,,"Dec 3, 2019",,USA,"BMW of Manhattan, New York, US",,,,,,,,
A90 - Dark Graphite Metallic,F97,LKDA - Sakhir Orange Extended Merino Leather,2020,5YMTS0C08L9B75805,,9B75805,2MK,,,"Dec 3, 2019",,USA,"BMW of Ridgefield, Ridgefield, US",,,,,,,,
475 - Black Sapphire Metallic,F97,LKSW - Black Extended Merino Leather,2020,5YMTS0C02L9B75816,,9B75816,2MK,,,"Dec 3, 2019",,USA,"Crevier BMW, Santa Ana, US",,,,,,,,
A90 - Dark Graphite Metallic,F97,MAH7 - Black Vernasca Leather,2020,5YMTS0C07L9B75827,,9B75827,2MK,,,"Dec 3, 2019",,USA,"Long Beach BMW, Signal Hill, US",,,,,,,,
C1M - Phytonic Blue Metallic,F97,LKSW - Black Extended Merino Leather,2020,5YMTS0C01L9B75838,,9B75838,2MK,,,"Dec 3, 2019",,USA,"Tulley BMW, Nashua, US",,,,,,,,
300 - Alpine White,F97,LKDA - Sakhir Orange Extended Merino Leather,2020,5YMTS0C06L9B75849,,9B75849,2MK,,,"Dec 3, 2019",,USA,"Crevier BMW, Santa Ana, US",,,,,,,,
C28 - Donington Grey Metallic,F97,LKSW - Black Extended Merino Leather,2020,5YMTS0C05L9B75860,,9B75860,2MK,,,"Dec 3, 2019",,USA,"Bobby Rahal BMW of South Hills, Canonsburg, US",,,,,,,,
C28 - Donington Grey Metallic,F97,HDJA - Black/Midrand Beige Two-Tone Merino Leather / Alcantara,2020,5YMTS0C0XL9B75871,,9B75871,2MK,,,"Dec 3, 2019",,USA,"New Motors, Inc., Erie, US",,,,,,,,
475 - Black Sapphire Metallic,F97,VATQ - BMW Individual Tartufo Extended Merino Leather,2020,5YMTS0C04L9B75882,,9B75882,2MK,,,"Dec 3, 2019",,USA,"Crevier BMW, Santa Ana, US",,,,,,,,
C1M - Phytonic Blue Metallic,F97,LKHV - Adelaide Grey Extended Merino Leather,2020,5YMTS0C09L9B75893,,9B75893,2MK,,,"Dec 3, 2019",,USA,"Wide World BMW, Spring Valley, US",,,,,,,,
475 - Black Sapphire Metallic,F97,LKSW - Black Extended Merino Leather,2020,5YMTS0C0XL9B75904,,9B75904,2MK,,,"Dec 3, 2019",,USA,"BMW of Fairfax, Fairfax, US",,,,,,,,
300 - Alpine White,F97,LKSW - Black Extended Merino Leather,2020,5YMTS0C04L9B75915,,9B75915,2MK,,,"Dec 3, 2019",,USA,"Flemington BMW, Flemington, US",,,,,,,,
475 - Black Sapphire Metallic,F97,LKSW - Black Extended Merino Leather,2020,5YMTS0C03L9B75937,,9B75937,2MK,,,"Dec 3, 2019",,USA,"BMW of South Austin, Austin, US",,,,,,,,
475 - Black Sapphire Metallic,F97,MAH7 - Black Vernasca Leather,2020,5YMTS0C02L9B75959,,9B75959,2MK,,,"Dec 3, 2019",,USA,"Crevier BMW, Santa Ana, US",,,,,,,,
A90 - Dark Graphite Metallic,F97,MAOQ - Oyster Vernasca Leather,2020,5YMTS0C01L9B75970,,9B75970,2MK,,,"Dec 3, 2019",,USA,"Arrowhead BMW, Glendale, US",,,,,,,,
C28 - Donington Grey Metallic,F97,LKHV - Adelaide Grey Extended Merino Leather,2020,5YMTS0C06L9B75981,,9B75981,2MK,,,"Dec 3, 2019",,USA,"BMW of West St. Louis, Manchester, US",,,,,,,,
C1M - Phytonic Blue Metallic,F97,LKSW - Black Extended Merino Leather,2020,5YMTS0C00L9B75992,,9B75992,2MK,,,"Dec 3, 2019",,USA,"Park Avenue BMW, Rochelle Park, US",,,,,,,,
C3G - Toronto Red Metallic,F97,LKHV - Adelaide Grey Extended Merino Leather,2020,5YMTS0C04L9B76014,,9B76014,2MK,,,"Dec 3, 2019",,USA,"BMW of Minnetonka, Minnetonka, US",,,,,,,,
C1M - Phytonic Blue Metallic,F97,LKSW - Black Extended Merino Leather,2020,5YMTS0C03L9B76036,,9B76036,2MK,,,"Dec 4, 2019",,USA,"Herb Chambers BMW, Charlestown, US",,,,,,,,
300 - Alpine White,F97,LKHV - Adelaide Grey Extended Merino Leather,2020,5YMTS0C00L9B76057,,9B76057,2MK,,,"Dec 4, 2019",,USA,"BMW of Barrington, Barrington, US",,,,,,,,
C28 - Donington Grey Metallic,F97,LKSW - Black Extended Merino Leather,2020,5YMTS0C0XL9B76079,,9B76079,2MK,,,"Dec 4, 2019",,USA,"BMW of Springfield, Springfield, US",,,,,,,,
C28 - Donington Grey Metallic,F97,LKSW - Black Extended Merino Leather,2020,5YMTS0C0XL9B76101,,9B76101,2MK,,,"Dec 4, 2019",,USA,"BMW of Ridgefield, Ridgefield, US",,,,,,,,
C1M - Phytonic Blue Metallic,F97,LKHV - Adelaide Grey Extended Merino Leather,2020,5YMTS0C0XL9B76146,,9B76146,2MK,,,"Dec 4, 2019",,USA,"Flemington BMW, Flemington, US",,,,,,,,
475 - Black Sapphire Metallic,F97,LKHV - Adelaide Grey Extended Merino Leather,2020,5YMTS0C07L9B76167,,9B76167,2MK,,,"Dec 4, 2019",,USA,"BMW of Raleigh, Raleigh, US",,,,,,,,
C28 - Donington Grey Metallic,F97,HDJA - Black/Midrand Beige Two-Tone Merino Leather / Alcantara,2020,5YMTS0C06L9B76189,,9B76189,2MK,,,"Dec 4, 2019",,USA,"BMW of Springfield, Springfield, US",,,,,,,,
C28 - Donington Grey Metallic,F97,LKDA - Sakhir Orange Extended Merino Leather,2020,5YMTS0C06L9B76211,,9B76211,2MK,,,"Dec 4, 2019",,USA,"BMW of Gwinnett Place, Duluth, US",,,,,,,,
C1M - Phytonic Blue Metallic,F97,MAH7 - Black Vernasca Leather,2020,5YMTS0C00L9B76222,,9B76222,2MK,,,"Dec 4, 2019",,USA,"BMW of Springfield, Springfield, US",,,,,,,,
A90 - Dark Graphite Metallic,F97,LKDA - Sakhir Orange Extended Merino Leather,2020,5YMTS0C0XL9B76244,,9B76244,2MK,,,"Dec 4, 2019",,USA,"BMW of Springfield, Springfield, US",,,,,,,,
C1M - Phytonic Blue Metallic,F97,HDJA - Black/Midrand Beige Two-Tone Merino Leather / Alcantara,2020,5YMTS0C02L9B76254,,9B76254,2MK,,,"Dec 4, 2019",,USA,"Century BMW, Greenville, US",,,,,,,,
C1M - Phytonic Blue Metallic,F97,LKHV - Adelaide Grey Extended Merino Leather,2020,5YMTS0C0XL9B76275,,9B76275,2MK,,,"Dec 4, 2019",,USA,"BMW of Bridgeport, Bridgeport, US",,,,,,,,
C3G - Toronto Red Metallic,F97,LKSW - Black Extended Merino Leather,2020,5YMTS0C04L9B76286,,9B76286,2MK,,,"Dec 4, 2019",,USA,"New Motors, Inc., Erie, US",,,,,,,,
C28 - Donington Grey Metallic,F97,VATQ - BMW Individual Tartufo Extended Merino Leather,2020,5YMTS0C06L9B76306,,9B76306,2MK,,,"Dec 4, 2019",,USA,"BMW of Bridgeport, Bridgeport, US",,,,,,,,
C1M - Phytonic Blue Metallic,F97,MAOQ - Oyster Vernasca Leather,2020,5YMTS0C00L9B76317,,9B76317,2MK,,,"Dec 4, 2019",,USA,"BMW North Scottsdale, Phoenix, US",,,,,,,,
C28 - Donington Grey Metallic,F97,LKSW - Black Extended Merino Leather,2020,5YMTS0C0XL9B76339,,9B76339,2MK,,,"Dec 4, 2019",,USA,"Motorwerks BMW, Bloomington, US",,,,,,,,
C28 - Donington Grey Metallic,F97,LKSW - Black Extended Merino Leather,2020,5YMTS0C09L9B76350,,9B76350,2MK,,,"Dec 4, 2019",,USA,"BMW of Peabody, Peabody, US",,,,,,,,
475 - Black Sapphire Metallic,F97,LKSW - Black Extended Merino Leather,2020,5YMTS0C08L9B76372,,9B76372,2MK,,,"Dec 4, 2019",,USA,"Autobahn Motorcars, Fort Worth, US",,,,,,,,
C3G - Toronto Red Metallic,F97,MAOQ - Oyster Vernasca Leather,2020,5YMTS0C02L9B76383,,9B76383,2MK,,,"Dec 4, 2019",,USA,"BMW of Murrieta, Murrieta, US",,,,,,,,
300 - Alpine White,F97,MAH7 - Black Vernasca Leather,2020,5YMTS0C07L9B76394,,9B76394,2MK,,,"Dec 4, 2019",,USA,"Karl Knauz Motors, Lake Bluff, US",,,,,,,,
475 - Black Sapphire Metallic,F97,LKSW - Black Extended Merino Leather,2020,5YMTS0C02L9B76416,,9B76416,2MK,,,"Dec 4, 2019",,USA,"Sharpe BMW, Grand Rapids, US",,,,,,,,
A90 - Dark Graphite Metallic,F97,LKDA - Sakhir Orange Extended Merino Leather,2020,5YMTS0C07L9B76427,,9B76427,2MK,,,"Dec 4, 2019",,USA,"BMW of Lynchburg, Lynchburg, US",,,,,,,,
475 - Black Sapphire Metallic,F97,LKSW - Black Extended Merino Leather,2020,5YMTS0C01L9B76438,,9B76438,2MK,,,"Dec 4, 2019",,USA,"Tulley BMW, Nashua, US",,,,,,,,
475 - Black Sapphire Metallic,F97,LKSW - Black Extended Merino Leather,2020,5YMTS0C06L9B76449,,9B76449,2MK,,,"Dec 4, 2019",,USA,"Momentum BMW/MINI, Houston, US",,,,,,,,
475 - Black Sapphire Metallic,F97,LKSW - Black Extended Merino Leather,2020,5YMTS0C05L9B76460,,9B76460,2MK,,,"Dec 4, 2019",,USA,"Bill Jacobs BMW/MINI, Naperville, US",,,,,,,,
300 - Alpine White,F97,LKHV - Adelaide Grey Extended Merino Leather,2020,5YMTS0C0XL9B76471,,9B76471,2MK,,,"Dec 4, 2019",,USA,"BMW of South Austin, Austin, US",,,,,,,,
300 - Alpine White,F97,MAH7 - Black Vernasca Leather,2020,5YMTS0C04L9B76482,,9B76482,2MK,,,"Dec 4, 2019",,USA,"BMW of Orland Park, Orland Park, US",,,,,,,,
C3G - Toronto Red Metallic,F97,MAOQ - Oyster Vernasca Leather,2020,5YMTS0C0XL9B76504,,9B76504,2MK,,,"Dec 4, 2019",,USA,"Autohaus BMW of Maplewood, Saint Louis, US",,,,,,,,
C28 - Donington Grey Metallic,F97,HDJA - Black/Midrand Beige Two-Tone Merino Leather / Alcantara,2020,5YMTS0C09L9B76526,,9B76526,2MK,,,"Dec 4, 2019",,USA,"BMW of West Houston, Houston, US",,,,,,,,
C3G - Toronto Red Metallic,F97,LKSW - Black Extended Merino Leather,2020,5YMTS0C08L9B76548,,9B76548,2MK,,,"Dec 4, 2019",,USA,"Flemington BMW, Flemington, US",,,,,,,,
300 - Alpine White,F97,LKSW - Black Extended Merino Leather,2020,5YMTS0C01L9B76570,,9B76570,2MK,,,"Dec 4, 2019",,USA,"Patrick BMW, Schaumburg, US",,,,,,,,
300 - Alpine White,F97,MAH7 - Black Vernasca Leather,2020,5YMTS0C06L9B76581,,9B76581,2MK,,,"Dec 4, 2019",,USA,"BMW of Schererville, Schererville, US",,,,,,,,
C3G - Toronto Red Metallic,F97,VAEW - BMW Individual Ivory White Extended Merino Leather,2020,5YMTS0C00L9B76592,,9B76592,2MK,,,"Dec 4, 2019",,USA,"BMW of Manhattan, New York, US",,,,,,,,
475 - Black Sapphire Metallic,F97,LKSW - Black Extended Merino Leather,2020,5YMTS0C06L9B76614,,9B76614,2MK,,,"Dec 4, 2019",,USA,"Voss Village BMW, Dayton, US",,,,,,,,
C1M - Phytonic Blue Metallic,F97,LKSW - Black Extended Merino Leather,2020,5YMTS0C00L9B76625,,9B76625,2MK,,,"Dec 4, 2019",,USA,"BMW of Gwinnett Place, Duluth, US",,,,,,,,
300 - Alpine White,F97,MAH7 - Black Vernasca Leather,2020,5YMTS0C05L9B76636,,9B76636,2MK,,,"Dec 4, 2019",,USA,"Crevier BMW, Santa Ana, US",,,,,,,,
475 - Black Sapphire Metallic,F97,LKSW - Black Extended Merino Leather,2020,5YMTS0C04L9B76658,,9B76658,2MK,,,"Dec 4, 2019",,USA,"Irvine BMW, Irvine, US",,,,,,,,
475 - Black Sapphire Metallic,F97,LKHV - Adelaide Grey Extended Merino Leather,2020,5YMTS0C09L9B76669,,9B76669,2MK,,,"Dec 4, 2019",,USA,"BMW of Greenwich, Greenwich, US",,,,,,,,
475 - Black Sapphire Metallic,F97,LKSW - Black Extended Merino Leather,2020,5YMTS0C00L9B76690,,9B76690,2MK,,,"Dec 4, 2019",,USA,"BMW of Silver Spring, Silver Spring, US",,,,,,,,
475 - Black Sapphire Metallic,F97,LKSW - Black Extended Merino Leather,2020,5YMTS0C03L9B76702,,9B76702,2MK,,,"Dec 5, 2019",,USA,"A & L BMW, Monroeville, US",,,,,,,,
300 - Alpine White,F97,LKDA - Sakhir Orange Extended Merino Leather,2020,5YMTS0C06L9B76712,,9B76712,2MK,,,"Dec 5, 2019",,USA,"BMW of Westchester, White Plains, US",,,,,,,,
300 - Alpine White,F97,VATQ - BMW Individual Tartufo Extended Merino Leather,2020,5YMTS0C00L9B76723,,9B76723,2MK,,,"Dec 5, 2019",,USA,"BMW of Devon, Devon, US",,,,,,,,
475 - Black Sapphire Metallic,F97,HDJA - Black/Midrand Beige Two-Tone Merino Leather / Alcantara,2020,5YMTS0C0XL9B76745,,9B76745,2MK,,,"Dec 5, 2019",,USA,"Towne BMW, Williamsville, US",,,,,,,,
300 - Alpine White,F97,LKDA - Sakhir Orange Extended Merino Leather,2020,5YMTS0C04L9B76756,,9B76756,2MK,,,"Dec 5, 2019",,USA,"BMW of Springfield, Springfield, US",,,,,,,,
475 - Black Sapphire Metallic,F97,LKSW - Black Extended Merino Leather,2020,5YMTS0C09L9B76767,,9B76767,2MK,,,"Dec 5, 2019",,USA,"BMW of Alexandria, Alexandria, US",,,,,,,,
300 - Alpine White,F97,MAH7 - Black Vernasca Leather,2020,5YMTS0C08L9B76789,,9B76789,2MK,,,"Dec 5, 2019",,USA,"BMW of Omaha/MINI of Omaha, Omaha, US",,,,,,,,
300 - Alpine White,F97,LKSW - Black Extended Merino Leather,2020,5YMTS0C03L9B76800,,9B76800,2MK,,,"Dec 5, 2019",,USA,"BMW of Springfield, Springfield, US",,,,,,,,
475 - Black Sapphire Metallic,F97,LKDA - Sakhir Orange Extended Merino Leather,2020,5YMTS0C08L9B76811,,9B76811,2MK,,,"Dec 5, 2019",,USA,"BMW of Manhattan, New York, US",,,,,,,,
300 - Alpine White,F97,VATQ - BMW Individual Tartufo Extended Merino Leather,2020,5YMTS0C07L9B76833,,9B76833,2MK,,,"Dec 5, 2019",,USA,"BMW of Bloomfield, Bloomfield, US",,,,,,,,
475 - Black Sapphire Metallic,F97,VATQ - BMW Individual Tartufo Extended Merino Leather,2020,5YMTS0C01L9B76844,,9B76844,2MK,,,"Dec 5, 2019",,USA,"BMW of Springfield, Springfield, US",,,,,,,,
475 - Black Sapphire Metallic,F97,LKHV - Adelaide Grey Extended Merino Leather,2020,5YMTS0C00L9B76866,,9B76866,2MK,,,"Dec 5, 2019",,USA,"BMW of Barrington, Barrington, US",,,,,,,,
475 - Black Sapphire Metallic,F97,LKDA - Sakhir Orange Extended Merino Leather,2020,5YMTS0C05L9B76877,,9B76877,2MK,,,"Dec 5, 2019",,USA,"Park Avenue BMW, Rochelle Park, US",,,,,,,,
475 - Black Sapphire Metallic,F97,LKDA - Sakhir Orange Extended Merino Leather,2020,5YMTS0C04L9B76899,,9B76899,2MK,,,"Dec 5, 2019",,USA,"Herb Chambers BMW, Charlestown, US",,,,,,,,
A90 - Dark Graphite Metallic,F97,LKDA - Sakhir Orange Extended Merino Leather,2020,5YMTS0C0XL9B76910,,9B76910,2MK,,,"Dec 5, 2019",,USA,"Herb Chambers BMW, Charlestown, US",,,,,,,,
475 - Black Sapphire Metallic,F97,VATQ - BMW Individual Tartufo Extended Merino Leather,2020,5YMTS0C04L9B76921,,9B76921,2MK,,,"Dec 5, 2019",,USA,"BMW of Southpoint, Durham, US",,,,,,,,
475 - Black Sapphire Metallic,F97,LKSW - Black Extended Merino Leather,2020,5YMTS0C05L9B76944,,9B76944,2MK,,,"Dec 5, 2019",,USA,"BMW of Temple, Temple, US",,,,,,,,
475 - Black Sapphire Metallic,F97,HDJA - Black/Midrand Beige Two-Tone Merino Leather / Alcantara,2020,5YMTS0C0XL9B76955,,9B76955,2MK,,,"Dec 5, 2019",,USA,"BMW of Sudbury, Sudbury, US",,,,,,,,
300 - Alpine White,F97,LKDA - Sakhir Orange Extended Merino Leather,2020,5YMTS0C02L9B76965,,9B76965,2MK,,,"Dec 5, 2019",,USA,"BMW Roanoke, Roanoke, US",,,,,,,,
475 - Black Sapphire Metallic,F97,LKSW - Black Extended Merino Leather,2020,5YMTS0C07L9B76976,,9B76976,2MK,,,"Dec 5, 2019",,USA,"BMW of Southpoint, Durham, US",,,,,,,,
475 - Black Sapphire Metallic,F97,VAEW - BMW Individual Ivory White Extended Merino Leather,2020,5YMTS0C06L9B76998,,9B76998,2MK,,,"Dec 5, 2019",,USA,"Daniels BMW, Allentown, US",,,,,,,,
475 - Black Sapphire Metallic,F97,MAH7 - Black Vernasca Leather,2020,5YMTS0C04L9B77020,,9B77020,2MK,,,"Dec 5, 2019",,USA,"Continental BMW of Darien, Darien, US",,,,,,,,
475 - Black Sapphire Metallic,F97,MAH7 - Black Vernasca Leather,2020,5YMTS0C00L9B77130,,9B77130,2MK,,,"Dec 5, 2019",,USA,"BMW of Orland Park, Orland Park, US",,,,,,,,
C1M - Phytonic Blue Metallic,F97,MAH7 - Black Vernasca Leather,2020,5YMTS0C07L9B77240,,9B77240,2MK,,,"Dec 5, 2019",,USA,"Orange County BMW, Harriman, US",,,,,,,,
C28 - Donington Grey Metallic,F97,LKSW - Black Extended Merino Leather,2020,5YMTS0C00L9B77371,,9B77371,2MK,,,"Dec 5, 2019",,USA,"BMW of Manhattan, New York, US",,,,,,,,
300 - Alpine White,F97,LKDA - Sakhir Orange Extended Merino Leather,2020,5YMTS0C05L9B77382,,9B77382,2MK,,,"Dec 6, 2019",,USA,"Park Avenue BMW, Rochelle Park, US",,,,,,,,
300 - Alpine White,F97,MAH7 - Black Vernasca Leather,2020,5YMTS0C00L9B77404,,9B77404,2MK,,,"Dec 6, 2019",,USA,"BMW of San Rafael, San Rafael, US",,,,,,,,
300 - Alpine White,F97,HDJA - Black/Midrand Beige Two-Tone Merino Leather / Alcantara,2020,5YMTS0C0XL9B77426,,9B77426,2MK,,,"Dec 6, 2019",,USA,"Herb Chambers BMW, Charlestown, US",,,,,,,,
300 - Alpine White,F97,LKHV - Adelaide Grey Extended Merino Leather,2020,5YMTS0C09L9B77448,,9B77448,2MK,,,"Dec 6, 2019",,USA,"BMW of Alexandria, Alexandria, US",,,,,,,,
300 - Alpine White,F97,HDJA - Black/Midrand Beige Two-Tone Merino Leather / Alcantara,2020,5YMTS0C04L9B77471,,9B77471,2MK,,,"Dec 6, 2019",,USA,"BMW of Temple, Temple, US",,,,,,,,
300 - Alpine White,F97,LKDA - Sakhir Orange Extended Merino Leather,2020,5YMTS0C01L9B77492,,9B77492,2MK,,,"Dec 6, 2019",,USA,"Herb Chambers BMW, Charlestown, US",,,,,,,,
475 - Black Sapphire Metallic,F97,HDJA - Black/Midrand Beige Two-Tone Merino Leather / Alcantara,2020,5YMTS0C00L9B77547,,9B77547,2MK,,,"Dec 6, 2019",,USA,"BMW of Rochester, Rochester, US",,,,,,,,
475 - Black Sapphire Metallic,F97,LKSW - Black Extended Merino Leather,2020,5YMTS0C09L9B77580,,9B77580,2MK,,,"Dec 6, 2019",,USA,"BMW of Louisville, Louisville, US",,,,,,,,
300 - Alpine White,F97,MAOQ - Oyster Vernasca Leather,2020,5YMTS0C03L9B77591,,9B77591,2MK,,,"Dec 6, 2019",,USA,"Fields BMW, Winter Park, US",,,,,,,,
C28 - Donington Grey Metallic,F97,LKSW - Black Extended Merino Leather,2020,5YMTS0C06L9B77603,,9B77603,2MK,,,"Dec 6, 2019",,USA,"BMW of Fort Lauderdale, Fort Lauderdale, US",,,,,,,,
300 - Alpine White,F97,MAH7 - Black Vernasca Leather,2020,5YMTS0C03L9B77624,,9B77624,2MK,,,"Dec 6, 2019",,USA,"Autoplex BMW, Amarillo, US",,,,,,,,
C28 - Donington Grey Metallic,F97,LKHV - Adelaide Grey Extended Merino Leather,2020,5YMTS0C08L9B77635,,9B77635,2MK,,,"Dec 6, 2019",,USA,"BMW of Omaha/MINI of Omaha, Omaha, US",,,,,,,,
475 - Black Sapphire Metallic,F97,LKSW - Black Extended Merino Leather,2020,5YMTS0C07L9B77657,,9B77657,2MK,,,"Dec 6, 2019",,USA,"BMW of Brooklyn, Brooklyn, US",,,,,,,,
300 - Alpine White,F97,MAOQ - Oyster Vernasca Leather,2020,5YMTS0C04L9B78670,,9B78670,2MK,,,"Dec 6, 2019",,USA,"BMW of Ocala, Ocala, US",,,,,,,,
300 - Alpine White,F97,MAH7 - Black Vernasca Leather,2020,5YMTS0C08L9B78736,,9B78736,2MK,,,"Dec 6, 2019",,USA,"BMW Seattle, Seattle, US",,,,,,,,
300 - Alpine White,F97,LKSW - Black Extended Merino Leather,2020,5YMTS0C07L9B78890,,9B78890,2MK,,,"Dec 6, 2019",,USA,"BMW of Newton, Newton, US",,,,,,,,
300 - Alpine White,F97,LKHV - Adelaide Grey Extended Merino Leather,2020,5YMTS0C02L9B78912,,9B78912,2MK,,,"Dec 6, 2019",,USA,"BMW of Sioux Falls, Sioux Falls, US",,,,,,,,
A90 - Dark Graphite Metallic,F97,MAOQ - Oyster Vernasca Leather,2020,5YMTS0C07L9B78923,,9B78923,2MK,,,"Dec 7, 2019",,USA,"BMW of Shrewsbury, Shrewsbury, US",,,,,,,,
300 - Alpine White,F97,VATQ - BMW Individual Tartufo Extended Merino Leather,2020,5YMTS0C0XL9B78933,,9B78933,2MK,,,"Dec 7, 2019",,USA,"Keeler BMW, Latham, US",,,,,,,,
300 - Alpine White,F97,MAH7 - Black Vernasca Leather,2020,5YMTS0C03L9B78966,,9B78966,2MK,,,"Dec 7, 2019",,USA,"BMW of Orland Park, Orland Park, US",,,,,,,,
A90 - Dark Graphite Metallic,F97,LKDA - Sakhir Orange Extended Merino Leather,2020,5YMTS0C08L9B78977,,9B78977,2MK,,,"Dec 7, 2019",,USA,"Open Road BMW, Edison, US",,,,,,,,
C1M - Phytonic Blue Metallic,F97,LKDA - Sakhir Orange Extended Merino Leather,2020,5YMTS0C00L9B79010,,9B79010,2MK,,,"Dec 7, 2019",,USA,"BMW of Louisville, Louisville, US",,,,,,,,
475 - Black Sapphire Metallic,F97,MAH7 - Black Vernasca Leather,2020,5YMTS0C07L9B79022,,9B79022,2MK,,,"Dec 7, 2019",,USA,"BMW of Springfield, Springfield, US",,,,,,,,
475 - Black Sapphire Metallic,F97,HDJA - Black/Midrand Beige Two-Tone Merino Leather / Alcantara,2020,5YMTS0C09L9B79054,,9B79054,2MK,,,"Dec 7, 2019",,USA,"BMW Cleveland, Solan, US",,,,,,,,
475 - Black Sapphire Metallic,F97,MAOQ - Oyster Vernasca Leather,2020,5YMTS0C08L9B79076,,9B79076,2MK,,,"Dec 7, 2019",,USA,"BMW of Manhasset, Manhasset, US",,,,,,,,
300 - Alpine White,F97,LKSW - Black Extended Merino Leather,2020,5YMTS0C02L9B79087,,9B79087,2MK,,,"Dec 7, 2019",,USA,"Bill Jacobs BMW/MINI, Naperville, US",,,,,,,,
300 - Alpine White,F97,HDJA - Black/Midrand Beige Two-Tone Merino Leather / Alcantara,2020,5YMTS0C08L9B79109,,9B79109,2MK,,,"Dec 7, 2019",,USA,"BMW of Morristown, Morristown, US",,,,,,,,
300 - Alpine White,F97,LKDA - Sakhir Orange Extended Merino Leather,2020,5YMTS0C07L9B79120,,9B79120,2MK,,,"Dec 7, 2019",,USA,"BMW of Brooklyn, Brooklyn, US",,,,,,,,
300 - Alpine White,F97,VAEW - BMW Individual Ivory White Extended Merino Leather,2020,5YMTS0C00L9B79153,,9B79153,2MK,,,"Dec 7, 2019",,USA,"BMW of Fort Walton Beach, Fort Walton Beach, US",,,,,,,,
300 - Alpine White,F97,LKSW - Black Extended Merino Leather,2020,5YMTS0C07L9B79165,,9B79165,2MK,,,"Dec 7, 2019",,USA,"BMW of Toledo, Toledo, US",,,,,,,,
300 - Alpine White,F97,LKHV - Adelaide Grey Extended Merino Leather,2020,5YMTS0C04L9B79186,,9B79186,2MK,,,"Dec 7, 2019",,USA,"Newbold BMW, O Fallon, US",,,,,,,,
300 - Alpine White,F97,VATQ - BMW Individual Tartufo Extended Merino Leather,2020,5YMTS0C01L9B79209,,9B79209,2MK,,,"Dec 7, 2019",,USA,"BMW of the Permian Basin, Midland, US",,,,,,,,
475 - Black Sapphire Metallic,F97,MAH7 - Black Vernasca Leather,2020,5YMTS0C08L9B80177,,9B80177,2MK,,,"Dec 8, 2019",,USA,"BMW of Fairfax, Fairfax, US",,,,,,,,
C1M - Phytonic Blue Metallic,F97,VATQ - BMW Individual Tartufo Extended Merino Leather,2020,5YMTS0C00L9B80187,,9B80187,2MK,,,"Dec 8, 2019",,USA,"West German BMW, Fort Washington, US",,,,,,,,
300 - Alpine White,F97,MAH7 - Black Vernasca Leather,2020,5YMTS0C05L9B80198,,9B80198,2MK,,,"Dec 8, 2019",,USA,"Irvine BMW, Irvine, US",,,,,,,,
C28 - Donington Grey Metallic,F97,LKSW - Black Extended Merino Leather,2020,5YMTS0C06L9B80209,,9B80209,2MK,,,"Dec 8, 2019",,USA,"BMW Seattle, Seattle, US",,,,,,,,
300 - Alpine White,F97,HDJA - Black/Midrand Beige Two-Tone Merino Leather / Alcantara,2020,5YMTS0C0XL9B80231,,9B80231,2MK,,,"Dec 8, 2019",,USA,"Bill Jacobs BMW/MINI, Naperville, US",,,,,,,,
A90 - Dark Graphite Metallic,F97,LKSW - Black Extended Merino Leather,2020,5YMTS0C00L9B80285,,9B80285,2MK,,,"Dec 8, 2019",,USA,"BMW Portland, Portland, US",,,,,,,,
A90 - Dark Graphite Metallic,F97,LKSW - Black Extended Merino Leather,2020,5YMTS0C05L9B80296,,9B80296,2MK,,,"Dec 9, 2019",,USA,"BMW of Denver Downtown, Denver, US",,,,,,,,
A90 - Dark Graphite Metallic,F97,LKSW - Black Extended Merino Leather,2020,5YMTS0C06L9B80307,,9B80307,2MK,,,"Dec 9, 2019",,USA,"Beverly Hills BMW, Los Angeles, US",,,,,,,,
A90 - Dark Graphite Metallic,F97,LKSW - Black Extended Merino Leather,2020,5YMTS0C03L9B80328,,9B80328,2MK,,,"Dec 9, 2019",,USA,"BMW of Delray Beach, Delray Beach, US",,,,,,,,
A90 - Dark Graphite Metallic,F97,LKHV - Adelaide Grey Extended Merino Leather,2020,5YMTS0C08L9B80339,,9B80339,2MK,,,"Dec 9, 2019",,USA,"BMW of Murrieta, Murrieta, US",,,,,,,,
A90 - Dark Graphite Metallic,F97,LKSW - Black Extended Merino Leather,2020,5YMTS0C03L9B80362,,9B80362,2MK,,,"Dec 9, 2019",,USA,"Irvine BMW, Irvine, US",,,,,,,,
C1M - Phytonic Blue Metallic,F97,LKSW - Black Extended Merino Leather,2020,5YMTS0C06L9B80372,,9B80372,2MK,,,"Dec 9, 2019",,USA,"Braman BMW/Braman MINI of Miami, Miami, US",,,,,,,,
C1M - Phytonic Blue Metallic,F97,LKSW - Black Extended Merino Leather,2020,5YMTS0C09L9B80382,,9B80382,2MK,,,"Dec 9, 2019",,USA,"New Century BMW, Alhambra, US",,,,,,,,
C1M - Phytonic Blue Metallic,F97,LKSW - Black Extended Merino Leather,2020,5YMTS0C04L9B80404,,9B80404,2MK,,,"Dec 9, 2019",,USA,"BMW of Doylestown, Doylestown, US",,,,,,,,
300 - Alpine White,F97,LKHV - Adelaide Grey Extended Merino Leather,2020,5YMTS0C09L9B80415,,9B80415,2MK,,,"Dec 9, 2019",,USA,"Fields BMW, Winter Park, US",,,,,,,,
300 - Alpine White,F97,MAH7 - Black Vernasca Leather,2020,5YMTS0C03L9B80426,,9B80426,2MK,,,"Dec 9, 2019",,USA,"Union Park BMW, Wilmington, US",,,,,,,,
300 - Alpine White,F97,LKHV - Adelaide Grey Extended Merino Leather,2020,5YMTS0C02L9B80448,,9B80448,2MK,,,"Dec 9, 2019",,USA,"BMW of San Antonio/MINI of San Anto, San Antonio, US",,,,,,,,
300 - Alpine White,F97,LKDA - Sakhir Orange Extended Merino Leather,2020,5YMTS0C03L9B80491,,9B80491,2MK,,,"Dec 9, 2019",,USA,"Isringhausen Imports, Springfield, US",,,,,,,,
475 - Black Sapphire Metallic,F97,MAH7 - Black Vernasca Leather,2020,5YMTS0C07L9B80512,,9B80512,2MK,,,"Dec 9, 2019",,USA,"BMW Santa Barbara, Santa Barbara, US",,,,,,,,
475 - Black Sapphire Metallic,F97,LKSW - Black Extended Merino Leather,2020,5YMTS0C05L9B80525,,9B80525,2MK,,,"Dec 9, 2019",,USA,"Motorwerks BMW, Bloomington, US",,,,,,,,
475 - Black Sapphire Metallic,F97,LKSW - Black Extended Merino Leather,2020,5YMTS0C06L9B80534,,9B80534,2MK,,,"Dec 9, 2019",,USA,"Rallye BMW, Westbury, US",,,,,,,,
475 - Black Sapphire Metallic,F97,LKSW - Black Extended Merino Leather,2020,5YMTS0C00L9B80545,,9B80545,2MK,,,"Dec 9, 2019",,USA,"BMW of Freehold, Freehold, US",,,,,,,,
C28 - Donington Grey Metallic,F97,LKHV - Adelaide Grey Extended Merino Leather,2020,5YMTS0C0XL9B80567,,9B80567,2MK,,,"Dec 9, 2019",,USA,"Crown BMW, Greensboro, US",,,,,,,,
300 - Alpine White,F97,MAH7 - Black Vernasca Leather,2020,5YMTS0C09L9B80589,,9B80589,2MK,,,"Dec 9, 2019",,USA,"Habberstad BMW, Huntington Station, US",,,,,,,,
475 - Black Sapphire Metallic,F97,LKSW - Black Extended Merino Leather,2020,5YMTS0C07L9B80610,,9B80610,2MK,,,"Dec 9, 2019",,USA,"Fields BMW of Daytona, Daytona Beach, US",,,,,,,,
475 - Black Sapphire Metallic,F97,LKSW - Black Extended Merino Leather,2020,5YMTS0C01L9B80621,,9B80621,2MK,,,"Dec 9, 2019",,USA,"South Motors BMW, Miami, US",,,,,,,,
475 - Black Sapphire Metallic,F97,MAH7 - Black Vernasca Leather,2020,5YMTS0C00L9B80643,,9B80643,2MK,,,"Dec 9, 2019",,USA,"Irvine BMW, Irvine, US",,,,,,,,
475 - Black Sapphire Metallic,F97,HDJA - Black/Midrand Beige Two-Tone Merino Leather / Alcantara,2020,5YMTS0C03L9B80653,,9B80653,2MK,,,"Dec 9, 2019",,USA,"BMW of Atlantic City, Egg Harbor Township, US",,,,,,,,
C28 - Donington Grey Metallic,F97,MAH7 - Black Vernasca Leather,2020,5YMTS0C08L9B80664,,9B80664,2MK,,,"Dec 9, 2019",,USA,"Irvine BMW, Irvine, US",,,,,,,,
C3G - Toronto Red Metallic,F97,LKSW - Black Extended Merino Leather,2020,5YMTS0C07L9B80686,,9B80686,2MK,,,"Dec 9, 2019",,USA,"BMW Seattle, Seattle, US",,,,,,,,
475 - Black Sapphire Metallic,F97,LKHV - Adelaide Grey Extended Merino Leather,2020,5YMTS0C01L9B80697,,9B80697,2MK,,,"Dec 9, 2019",,USA,"BMW of Toledo, Toledo, US",,,,,,,,
475 - Black Sapphire Metallic,F97,LKHV - Adelaide Grey Extended Merino Leather,2020,5YMTS0C07L9B80719,,9B80719,2MK,,,"Dec 9, 2019",,USA,"BMW of Fairfax, Fairfax, US",,,,,,,,
475 - Black Sapphire Metallic,F97,MAH7 - Black Vernasca Leather,2020,5YMTS0C08L9B80731,,9B80731,2MK,,,"Dec 9, 2019",,USA,"Braman Motorcars/Braman MINI of Pal, West Palm Beach, US",,,,,,,,
475 - Black Sapphire Metallic,F97,LKHV - Adelaide Grey Extended Merino Leather,2020,5YMTS0C00L9B80741,,9B80741,2MK,,,"Dec 9, 2019",,USA,"Burdick BMW, Cicero, US",,,,,,,,
475 - Black Sapphire Metallic,F97,LKHV - Adelaide Grey Extended Merino Leather,2020,5YMTS0C08L9B80762,,9B80762,2MK,,,"Dec 9, 2019",,USA,"BMW of Silver Spring, Silver Spring, US",,,,,,,,
475 - Black Sapphire Metallic,F97,LKSW - Black Extended Merino Leather,2020,5YMTS0C04L9B80774,,9B80774,2MK,,,"Dec 9, 2019",,USA,"Isringhausen Imports, Springfield, US",,,,,,,,
C28 - Donington Grey Metallic,F97,LKHV - Adelaide Grey Extended Merino Leather,2020,5YMTS0C09L9B81886,,9B81886,2MK,,,"Dec 9, 2019",,USA,"BMW of Atlantic City, Egg Harbor Township, US",,,,,,,,
475 - Black Sapphire Metallic,F97,LKSW - Black Extended Merino Leather,2020,5YMTS0C05L9B81898,,9B81898,2MK,,,"Dec 9, 2019",,USA,"BMW of Akron, Akron, US",,,,,,,,
C28 - Donington Grey Metallic,F97,MAH7 - Black Vernasca Leather,2020,5YMTS0C06L9B81909,,9B81909,2MK,,,"Dec 9, 2019",,USA,"BMW of Fairfax, Fairfax, US",,,,,,,,
475 - Black Sapphire Metallic,F97,LKSW - Black Extended Merino Leather,2020,5YMTS0C07L9B81921,,9B81921,2MK,,,"Dec 9, 2019",,USA,"BMW of Minnetonka, Minnetonka, US",,,,,,,,
C3G - Toronto Red Metallic,F97,LKSW - Black Extended Merino Leather,2020,5YMTS0C03L9B81933,,9B81933,2MK,,,"Dec 9, 2019",,USA,"Motorwerks BMW, Bloomington, US",,,,,,,,
300 - Alpine White,F97,LKSW - Black Extended Merino Leather,2020,5YMTS0C07L9B81952,,9B81952,2MK,,,"Dec 9, 2019",,USA,"Herb Chambers BMW, Charlestown, US",,,,,,,,
,F97,LKSW - Black Extended Merino Leather,2020,5YMTS0C03L9B81964,,9B81964,2MK,,,"Dec 9, 2019",,USA,"BMW of Grapevine, Grapevine, US",,,,,,,,
475 - Black Sapphire Metallic,F97,LKDA - Sakhir Orange Extended Merino Leather,2020,5YMTS0C00L9B81985,,9B81985,2MK,,,"Dec 9, 2019",,USA,"South Bay BMW, Torrance, US",,,,,,,,
C1M - Phytonic Blue Metallic,F97,LKSW - Black Extended Merino Leather,2020,5YMTS0C03L9B81995,,9B81995,2MK,,,"Dec 9, 2019",,USA,"Habberstad BMW, Huntington Station, US",,,,,,,,
A90 - Dark Graphite Metallic,F97,MAH7 - Black Vernasca Leather,2020,5YMTS0C04L9B82007,,9B82007,2MK,,,"Dec 9, 2019",,USA,"BMW of Manhattan, New York, US",,,,,,,,
C1M - Phytonic Blue Metallic,F97,MAH7 - Black Vernasca Leather,2020,5YMTS0C07L9B82017,,9B82017,2MK,,,"Dec 9, 2019",,USA,"BMW of Bridgeport, Bridgeport, US",,,,,,,,
475 - Black Sapphire Metallic,F97,LKSW - Black Extended Merino Leather,2020,5YMTS0C06L9B82039,,9B82039,2MK,,,"Dec 10, 2019",,USA,"South Shore BMW, Rockland, US",,,,,,,,
475 - Black Sapphire Metallic,F97,LKDA - Sakhir Orange Extended Merino Leather,2020,5YMTS0C0XL9B82061,,9B82061,2MK,,,"Dec 10, 2019",,USA,"Park Avenue BMW, Rochelle Park, US",,,,,,,,
300 - Alpine White,F97,HDJA - Black/Midrand Beige Two-Tone Merino Leather / Alcantara,2020,5YMTS0C04L9B82072,,9B82072,2MK,,,"Dec 10, 2019",,USA,"BMW of Westlake, Cuyahoga, US",,,,,,,,
C3G - Toronto Red Metallic,F97,LKSW - Black Extended Merino Leather,2020,5YMTS0C09L9B82083,,9B82083,2MK,,,"Dec 10, 2019",,USA,"Braman Motorcars/Braman MINI of Pal, West Palm Beach, US",,,,,,,,
C28 - Donington Grey Metallic,F97,MAH7 - Black Vernasca Leather,2020,5YMTS0C03L9B82094,,9B82094,2MK,,,"Dec 10, 2019",,USA,"BMW of Lincoln, Lincoln, US",,,,,,,,
C3G - Toronto Red Metallic,F97,MAH7 - Black Vernasca Leather,2020,5YMTS0C04L9B82105,,9B82105,2MK,,,"Dec 10, 2019",,USA,"BMW Santa Barbara, Santa Barbara, US",,,,,,,,
300 - Alpine White,F97,LKSW - Black Extended Merino Leather,2020,5YMTS0C08L9B82138,,9B82138,2MK,,,"Dec 10, 2019",,USA,"Taylor BMW, Evans, US",,,,,,,,
300 - Alpine White,F97,MAOQ - Oyster Vernasca Leather,2020,5YMTS0C09L9B82150,,9B82150,2MK,,,"Dec 10, 2019",,USA,"Fields BMW, Winter Park, US",,,,,,,,
C28 - Donington Grey Metallic,F97,LKSW - Black Extended Merino Leather,2020,5YMTS0C03L9B82161,,9B82161,2MK,,,"Dec 10, 2019",,USA,"Motorwerks BMW, Bloomington, US",,,,,,,,
C1M - Phytonic Blue Metallic,F97,MAH7 - Black Vernasca Leather,2020,5YMTS0C08L9B82172,,9B82172,2MK,,,"Dec 10, 2019",,USA,"Perillo BMW, Inc., Chicago, US",,,,,,,,
475 - Black Sapphire Metallic,F97,LKSW - Black Extended Merino Leather,2020,5YMTS0C08L9B82205,,9B82205,2MK,,,"Dec 10, 2019",,USA,"Rallye BMW, Westbury, US",,,,,,,,
C1M - Phytonic Blue Metallic,F97,LKDA - Sakhir Orange Extended Merino Leather,2020,5YMTS0C0XL9B82223,,9B82223,2MK,,,"Dec 10, 2019",,USA,"Rallye BMW, Westbury, US",,,,,,,,
475 - Black Sapphire Metallic,F97,LKDA - Sakhir Orange Extended Merino Leather,2020,5YMTS0C08L9B82236,,9B82236,2MK,,,"Dec 10, 2019",,USA,"BMW of Pittsburgh, Pittsburgh, US",,,,,,,,
C3G - Toronto Red Metallic,F97,LKSW - Black Extended Merino Leather,2020,5YMTS0C07L9B82258,,9B82258,2MK,,,"Dec 10, 2019",,USA,"Hilton Head BMW, Bluffton, US",,,,,,,,
C28 - Donington Grey Metallic,F97,LKSW - Black Extended Merino Leather,2020,5YMTS0C01L9B82269,,9B82269,2MK,,,"Dec 10, 2019",,USA,"BMW of Cincinnati North, Cincinnati, US",,,,,,,,
A90 - Dark Graphite Metallic,F97,LKSW - Black Extended Merino Leather,2020,5YMTS0C00L9B82280,,9B82280,2MK,,,"Dec 10, 2019",,USA,"BMW of Austin, Austin, US",,,,,,,,
300 - Alpine White,F97,MAH7 - Black Vernasca Leather,2020,5YMTS0C05L9B82291,,9B82291,2MK,,,"Dec 10, 2019",,USA,"BMW of Bend, 2142, US",,,,,,,,
300 - Alpine White,F97,MAH7 - Black Vernasca Leather,2020,5YMTS0C00L9B82313,,9B82313,2MK,,,"Dec 10, 2019",,USA,"BMW of Anchorage, Anchorage, US",,,,,,,,
A90 - Dark Graphite Metallic,F97,LKHV - Adelaide Grey Extended Merino Leather,2020,5YMTS0C05L9B82324,,9B82324,2MK,,,"Dec 10, 2019",,USA,"BMW of Bloomfield, Bloomfield, US",,,,,,,,
475 - Black Sapphire Metallic,F97,HDJA - Black/Midrand Beige Two-Tone Merino Leather / Alcantara,2020,5YMTS0C0XL9B82335,,9B82335,2MK,,,"Dec 10, 2019",,USA,"BMW of Brooklyn, Brooklyn, US",,,,,,,,
A90 - Dark Graphite Metallic,F97,LKDA - Sakhir Orange Extended Merino Leather,2020,5YMTS0C09L9B82357,,9B82357,2MK,,,"Dec 10, 2019",,USA,"BMW of Brooklyn, Brooklyn, US",,,,,,,,
A90 - Dark Graphite Metallic,F97,LKSW - Black Extended Merino Leather,2020,5YMTS0C03L9B82368,,9B82368,2MK,,,"Dec 10, 2019",,USA,"Plaza Motor Company, Creve Coeur, US",,,,,,,,
475 - Black Sapphire Metallic,F97,LKSW - Black Extended Merino Leather,2020,5YMTS0C08L9B82379,,9B82379,2MK,,,"Dec 10, 2019",,USA,"BMW North Scottsdale, Phoenix, US",,,,,,,,
300 - Alpine White,F97,LKDA - Sakhir Orange Extended Merino Leather,2020,5YMTS0C08L9B82401,,9B82401,2MK,,,"Dec 10, 2019",,USA,"Roadshow BMW/MINI, Cordova, US",,,,,,,,
475 - Black Sapphire Metallic,F97,MAH7 - Black Vernasca Leather,2020,5YMTS0C02L9B82412,,9B82412,2MK,,,"Dec 10, 2019",,USA,"Bill Jacobs BMW/MINI, Naperville, US",,,,,,,,
300 - Alpine White,F97,LKHV - Adelaide Grey Extended Merino Leather,2020,5YMTS0C06L9B82445,,9B82445,2MK,,,"Dec 10, 2019",,USA,"Ferman BMW/Ferman MINI of Tampa Bay, Palm Harbor, US",,,,,,,,
300 - Alpine White,F97,LKSW - Black Extended Merino Leather,2020,5YMTS0C00L9B82456,,9B82456,2MK,,,"Dec 10, 2019",,USA,"BMW of South Austin, Austin, US",,,,,,,,
C1M - Phytonic Blue Metallic,F97,LKHV - Adelaide Grey Extended Merino Leather,2020,5YMTS0C05L9B82467,,9B82467,2MK,,,"Dec 10, 2019",,USA,"BMW of Raleigh, Raleigh, US",,,,,,,,
300 - Alpine White,F97,LKDA - Sakhir Orange Extended Merino Leather,2020,5YMTS0C04L9B82489,,9B82489,2MK,,,"Dec 10, 2019",,USA,"Perillo BMW, Inc., Chicago, US",,,,,,,,
A90 - Dark Graphite Metallic,F97,LKSW - Black Extended Merino Leather,2020,5YMTS0C0XL9B82500,,9B82500,2MK,,,"Dec 10, 2019",,USA,"Vista BMW, Coconut Creek, US",,,,,,,,
A90 - Dark Graphite Metallic,F97,LKSW - Black Extended Merino Leather,2020,5YMTS0C04L9B82511,,9B82511,2MK,,,"Dec 10, 2019",,USA,"BMW of Fort Myers, Fort Myers, US",,,,,,,,
300 - Alpine White,F97,LKDA - Sakhir Orange Extended Merino Leather,2020,5YMTS0C07L9B82521,,9B82521,2MK,,,"Dec 10, 2019",,USA,"BMW of San Luis Obispo, San Luis Obispo, US",,,,,,,,
300 - Alpine White,F97,LKSW - Black Extended Merino Leather,2020,5YMTS0C01L9B82532,,9B82532,2MK,,,"Dec 10, 2019",,USA,"BMW of Monrovia, Monrovia, US",,,,,,,,
C1M - Phytonic Blue Metallic,F97,HDJA - Black/Midrand Beige Two-Tone Merino Leather / Alcantara,2020,5YMTS0C07L9B82552,,9B82552,2MK,,,"Dec 10, 2019",,USA,"BMW of Fort Myers, Fort Myers, US",,,,,,,,
A90 - Dark Graphite Metallic,F97,LKSW - Black Extended Merino Leather,2020,5YMTS0C03L9B82564,,9B82564,2MK,,,"Dec 10, 2019",,USA,"Irvine BMW, Irvine, US",,,,,,,,
A90 - Dark Graphite Metallic,F97,LKSW - Black Extended Merino Leather,2020,5YMTS0C0XL9B82576,,9B82576,2MK,,,"Dec 10, 2019",,USA,"BMW of Barrington, Barrington, US",,,,,,,,
A90 - Dark Graphite Metallic,F97,LKSW - Black Extended Merino Leather,2020,5YMTS0C00L9B82599,,9B82599,2MK,,,"Dec 10, 2019",,USA,"BMW of Raleigh, Raleigh, US",,,,,,,,
A90 - Dark Graphite Metallic,F97,LKSW - Black Extended Merino Leather,2020,5YMTS0C06L9B82610,,9B82610,2MK,,,"Dec 10, 2019",,USA,"International Autos/MINI, West Allis, US",,,,,,,,
475 - Black Sapphire Metallic,F97,LKSW - Black Extended Merino Leather,2020,5YMTS0C03L9B82631,,9B82631,2MK,,,"Dec 10, 2019",,USA,"The BMW Store/Cincinnati MINI, Cincinnati, US",,,,,,,,
C28 - Donington Grey Metallic,F97,MAH7 - Black Vernasca Leather,2020,5YMTS0C08L9B83564,,9B83564,2MK,,,"Dec 10, 2019",,USA,"BMW of Bellevue, Bellevue, US",,,,,,,,
C28 - Donington Grey Metallic,F97,LKHV - Adelaide Grey Extended Merino Leather,2020,5YMTS0C02L9B83575,,9B83575,2MK,,,"Dec 10, 2019",,USA,"BMW of Manhasset, Manhasset, US",,,,,,,,
C28 - Donington Grey Metallic,F97,LKSW - Black Extended Merino Leather,2020,5YMTS0C01L9B83597,,9B83597,2MK,,,"Dec 10, 2019",,USA,"Hendrick BMW, Charlotte, US",,,,,,,,
C28 - Donington Grey Metallic,F97,LKSW - Black Extended Merino Leather,2020,5YMTS0C04L9B83609,,9B83609,2MK,,,"Dec 10, 2019",,USA,"BMW of Austin, Austin, US",,,,,,,,
C28 - Donington Grey Metallic,F97,LKDA - Sakhir Orange Extended Merino Leather,2020,5YMTS0C06L9B83630,,9B83630,2MK,,,"Dec 11, 2019",,USA,"BMW of Fort Lauderdale, Fort Lauderdale, US",,,,,,,,
C3G - Toronto Red Metallic,F97,HDJA - Black/Midrand Beige Two-Tone Merino Leather / Alcantara,2020,5YMTS0C02L9B83642,,9B83642,2MK,,,"Dec 11, 2019",,USA,"Bobby Rahal BMW of South Hills, Canonsburg, US",,,,,,,,
C28 - Donington Grey Metallic,F97,LKDA - Sakhir Orange Extended Merino Leather,2020,5YMTS0C05L9B83652,,9B83652,2MK,,,"Dec 11, 2019",,USA,"BMW of Louisville, Louisville, US",,,,,,,,
C28 - Donington Grey Metallic,F97,LKSW - Black Extended Merino Leather,2020,5YMTS0C0XL9B83663,,9B83663,2MK,,,"Dec 11, 2019",,USA,"BMW of Oyster Bay, Oyster Bay, US",,,,,,,,
C28 - Donington Grey Metallic,F97,MAH7 - Black Vernasca Leather,2020,5YMTS0C09L9B83685,,9B83685,2MK,,,"Dec 11, 2019",,USA,"BMW of Pittsburgh, Pittsburgh, US",,,,,,,,
475 - Black Sapphire Metallic,F97,LKDA - Sakhir Orange Extended Merino Leather,2020,5YMTS0C03L9B83696,,9B83696,2MK,,,"Dec 11, 2019",,USA,"Autogermana, Inc., Hato Rey, US",,,,,,,,
C1M - Phytonic Blue Metallic,F97,LKSW - Black Extended Merino Leather,2020,5YMTS0C04L9B83707,,9B83707,2MK,,,"Dec 11, 2019",,USA,"BMW of Fort Walton Beach, Fort Walton Beach, US",,,,,,,,
C3G - Toronto Red Metallic,F97,HDJA - Black/Midrand Beige Two-Tone Merino Leather / Alcantara,2020,5YMTS0C03L9B83729,,9B83729,2MK,,,"Dec 11, 2019",,USA,"BMW of Bloomfield, Bloomfield, US",,,,,,,,
C28 - Donington Grey Metallic,F97,LKSW - Black Extended Merino Leather,2020,5YMTS0C02L9B83740,,9B83740,2MK,,,"Dec 11, 2019",,USA,"Sandy Sansing BMW, Pensacola, US",,,,,,,,
C28 - Donington Grey Metallic,F97,HDJA - Black/Midrand Beige Two-Tone Merino Leather / Alcantara,2020,5YMTS0C05L9B83764,,9B83764,2MK,,,"Dec 11, 2019",,USA,"BMW of Brooklyn, Brooklyn, US",,,,,,,,
C28 - Donington Grey Metallic,F97,LKHV - Adelaide Grey Extended Merino Leather,2020,5YMTS0C06L9B83773,,9B83773,2MK,,,"Dec 11, 2019",,USA,"Rallye BMW, Westbury, US",,,,,,,,
475 - Black Sapphire Metallic,F97,HDJA - Black/Midrand Beige Two-Tone Merino Leather / Alcantara,2020,5YMTS0C00L9B83784,,9B83784,2MK,,,"Dec 11, 2019",,USA,"BMW of Las Vegas, Las Vegas, US",,,,,,,,
C28 - Donington Grey Metallic,F97,LKSW - Black Extended Merino Leather,2020,5YMTS0C08L9B83807,,9B83807,2MK,,,"Dec 11, 2019",,USA,"Valencia BMW, Valencia, US",,,,,,,,
A90 - Dark Graphite Metallic,F97,HDJA - Black/Midrand Beige Two-Tone Merino Leather / Alcantara,2020,5YMTS0C00L9B83817,,9B83817,2MK,,,"Dec 11, 2019",,USA,"Grayson BMW, Knoxville, US",,,,,,,,
C1M - Phytonic Blue Metallic,F97,LKSW - Black Extended Merino Leather,2020,5YMTS0C05L9B83828,,9B83828,2MK,,,"Dec 11, 2019",,USA,"BMW of Ann Arbor, Ann Arbor, US",,,,,,,,
475 - Black Sapphire Metallic,F97,LKSW - Black Extended Merino Leather,2020,5YMTS0C09L9B83850,,9B83850,2MK,,,"Dec 11, 2019",,USA,"Autogermana, Inc., Hato Rey, US",,,,,,,,
C28 - Donington Grey Metallic,F97,LKSW - Black Extended Merino Leather,2020,5YMTS0C03L9B83861,,9B83861,2MK,,,"Dec 11, 2019",,USA,"United BMW, Alpharetta, US",,,,,,,,
C3G - Toronto Red Metallic,F97,LKHV - Adelaide Grey Extended Merino Leather,2020,5YMTS0C00L9B83882,,9B83882,2MK,,,"Dec 11, 2019",,USA,"Braman Motorcars/Braman MINI of Pal, West Palm Beach, US",,,,,,,,
C3G - Toronto Red Metallic,F97,HDJA - Black/Midrand Beige Two-Tone Merino Leather / Alcantara,2020,5YMTS0C06L9B83904,,9B83904,2MK,,,"Dec 11, 2019",,USA,"BMW of Wilmington, Wilmington, US",,,,,,,,
475 - Black Sapphire Metallic,F97,HDJA - Black/Midrand Beige Two-Tone Merino Leather / Alcantara,2020,5YMTS0C00L9B83915,,9B83915,2MK,,,"Dec 11, 2019",,USA,"Erhard BMW of Farmington Hills, Farmington Hills, US",,,,,,,,
C28 - Donington Grey Metallic,F97,LKSW - Black Extended Merino Leather,2020,5YMTS0C0XL9B83937,,9B83937,2MK,,,"Dec 11, 2019",,USA,"Critz BMW, Savannah, US",,,,,,,,
C28 - Donington Grey Metallic,F97,HDJA - Black/Midrand Beige Two-Tone Merino Leather / Alcantara,2020,5YMTS0C04L9B83948,,9B83948,2MK,,,"Dec 11, 2019",,USA,"Open Road BMW, Edison, US",,,,,,,,
C28 - Donington Grey Metallic,F97,LKDA - Sakhir Orange Extended Merino Leather,2020,5YMTS0C09L9B83959,,9B83959,2MK,,,"Dec 11, 2019",,USA,"Steve Thomas BMW, Camarillo, US",,,,,,,,
C28 - Donington Grey Metallic,F97,HDJA - Black/Midrand Beige Two-Tone Merino Leather / Alcantara,2020,5YMTS0C02L9B83981,,9B83981,2MK,,,"Dec 11, 2019",,USA,"Braman Motorcars/Braman MINI of Pal, West Palm Beach, US",,,,,,,,
475 - Black Sapphire Metallic,F97,HDJA - Black/Midrand Beige Two-Tone Merino Leather / Alcantara,2020,5YMTS0C06L9B84003,,9B84003,2MK,,,"Dec 11, 2019",,USA,"Karl Knauz Motors, Lake Bluff, US",,,,,,,,
475 - Black Sapphire Metallic,F97,LKDA - Sakhir Orange Extended Merino Leather,2020,5YMTS0C00L9B84014,,9B84014,2MK,,,"Dec 11, 2019",,USA,"Germain BMW of Naples, Naples, US",,,,,,,,
C28 - Donington Grey Metallic,F97,LKSW - Black Extended Merino Leather,2020,5YMTS0C05L9B84025,,9B84025,2MK,,,"Dec 11, 2019",,USA,"BMW of West Houston, Houston, US",,,,,,,,
C1M - Phytonic Blue Metallic,F97,HDJA - Black/Midrand Beige Two-Tone Merino Leather / Alcantara,2020,5YMTS0C04L9B84047,,9B84047,2MK,,,"Dec 11, 2019",,USA,"BMW of Fairfax, Fairfax, US",,,,,,,,
C28 - Donington Grey Metallic,F97,LKSW - Black Extended Merino Leather,2020,5YMTS0C09L9B84058,,9B84058,2MK,,,"Dec 11, 2019",,USA,"BMW of Monrovia, Monrovia, US",,,,,,,,
C1M - Phytonic Blue Metallic,F97,LKHV - Adelaide Grey Extended Merino Leather,2020,5YMTS0C03L9B84069,,9B84069,2MK,,,"Dec 11, 2019",,USA,"BMW of Springfield, Springfield, US",,,,,,,,
C3G - Toronto Red Metallic,F97,LKSW - Black Extended Merino Leather,2020,5YMTS0C07L9B84091,,9B84091,2MK,,,"Dec 11, 2019",,USA,"Tulley BMW, Nashua, US",,,,,,,,
,,,2020,,,9B84102,,,,"Dec 1, 2019",,,,,,,,,,,
,,,2020,,,9B84113,,,,"Dec 1, 2019",,,,,,,,,,,
,,,2020,,,9B84124,,,,"Dec 1, 2019",,,,,,,,,,,
,,,2020,,,9B84146,,,,"Dec 1, 2019",,,,,,,,,,,
,,,2020,,,9B84157,,,,"Dec 1, 2019",,,,,,,,,,,
,,,2020,,,9B84168,,,,"Dec 1, 2019",,,,,,,,,,,
,,,2020,,,9B84190,,,,"Dec 1, 2019",,,,,,,,,,,
,,,2020,,,9B84201,,,,"Dec 1, 2019",,,,,,,,,,,
,,,2020,,,9B85133,,,,"Dec 1, 2019",,,,,,,,,,,
,,,2020,,,9B85144,,,,"Dec 1, 2019",,,,,,,,,,,
,,,2020,,,9B85155,,,,"Dec 1, 2019",,,,,,,,,,,
,,,2020,,,9B85177,,,,"Dec 1, 2019",,,,,,,,,,,
,,,2020,,,9B85188,,,,"Dec 1, 2019",,,,,,,,,,,
,,,2020,,,9B85210,,,,"Dec 1, 2019",,,,,,,,,,,
,,,2020,,,9B85221,,,,"Dec 1, 2019",,,,,,,,,,,
,,,2020,,,9B85232,,,,"Dec 1, 2019",,,,,,,,,,,
,,,2020,,,9B85254,,,,"Dec 1, 2019",,,,,,,,,,,
,,,2020,,,9B85265,,,,"Dec 1, 2019",,,,,,,,,,,
,,,2020,,,9B85276,,,,"Dec 1, 2019",,,,,,,,,,,
,,,2020,,,9B85298,,,,"Dec 1, 2019",,,,,,,,,,,
,,,2020,,,9B85309,,,,"Dec 1, 2019",,,,,,,,,,,
,,,2020,,,9B85331,,,,"Dec 1, 2019",,,,,,,,,,,
,,,2020,,,9B85342,,,,"Dec 1, 2019",,,,,,,,,,,
,,,2020,,,9B85353,,,,"Dec 1, 2019",,,,,,,,,,,
,,,2020,,,9B85375,,,,"Dec 1, 2019",,,,,,,,,,,
,,,2020,,,9B85386,,,,"Dec 1, 2019",,,,,,,,,,,
,,,2020,,,9B85397,,,,"Dec 1, 2019",,,,,,,,,,,
,,,2020,,,9B85408,,,,"Dec 1, 2019",,,,,,,,,,,
,,,2020,,,9B85430,,,,"Dec 1, 2019",,,,,,,,,,,
,,,2020,,,9B85441,,,,"Dec 1, 2019",,,,,,,,,,,
,,,2020,,,9B85451,,,,"Dec 1, 2019",,,,,,,,,,,
,,,2020,,,9B85473,,,,"Dec 1, 2019",,,,,,,,,,,
,,,2020,,,9B85495,,,,"Dec 1, 2019",,,,,,,,,,,
,,,2020,,,9B85517,,,,"Dec 1, 2019",,,,,,,,,,,
,,,2020,,,9B85528,,,,"Dec 1, 2019",,,,,,,,,,,
,,,2020,,,9B85550,,,,"Dec 1, 2019",,,,,,,,,,,
,,,2020,,,9B85561,,,,"Dec 1, 2019",,,,,,,,,,,
,,,2020,,,9B85572,,,,"Dec 1, 2019",,,,,,,,,,,
,,,2020,,,9B85594,,,,"Dec 1, 2019",,,,,,,,,,,
,,,2020,,,9B85605,,,,"Dec 1, 2019",,,,,,,,,,,
,,,2020,,,9B85627,,,,"Dec 1, 2019",,,,,,,,,,,
,,,2020,,,9B85638,,,,"Dec 1, 2019",,,,,,,,,,,
,,,2020,,,9B85649,,,,"Dec 1, 2019",,,,,,,,,,,
,,,2020,,,9B85671,,,,"Dec 1, 2019",,,,,,,,,,,
,,,2020,,,9B85682,,,,"Dec 1, 2019",,,,,,,,,,,
,,,2020,,,9B85693,,,,"Dec 1, 2019",,,,,,,,,,,
,,,2020,,,9B85715,,,,"Dec 1, 2019",,,,,,,,,,,
,,,2020,,,9B85726,,,,"Dec 1, 2019",,,,,,,,,,,
,,,2020,,,9B85748,,,,"Dec 1, 2019",,,,,,,,,,,
,,,2020,,,9B85759,,,,"Dec 1, 2019",,,,,,,,,,,
,,,2020,,,9B85770,,,,"Dec 1, 2019",,,,,,,,,,,
,,,2020,,,9B87628,,,,"Dec 1, 2019",,,,,,,,,,,
,,,2020,,,9B87639,,,,"Dec 1, 2019",,,,,,,,,,,
,,,2020,,,9B87650,,,,"Dec 1, 2019",,,,,,,,,,,
,,,2020,,,9B87672,,,,"Dec 1, 2019",,,,,,,,,,,
,,,2020,,,9B87694,,,,"Dec 1, 2019",,,,,,,,,,,
,,,2020,,,9B87718,,,,"Dec 1, 2019",,,,,,,,,,,
,,,2020,,,9B87727,,,,"Dec 1, 2019",,,,,,,,,,,
,,,2020,,,9B87738,,,,"Dec 1, 2019",,,,,,,,,,,
,,,2020,,,9B87760,,,,"Dec 1, 2019",,,,,,,,,,,
,,,2020,,,9B87771,,,,"Dec 1, 2019",,,,,,,,,,,
,,,2020,,,9B87793,,,,"Dec 1, 2019",,,,,,,,,,,
,,,2020,,,9B87804,,,,"Dec 1, 2019",,,,,,,,,,,
,,,2020,,,9B87826,,,,"Dec 1, 2019",,,,,,,,,,,
,,,2020,,,9B87837,,,,"Dec 1, 2019",,,,,,,,,,,
,,,2020,,,9B87859,,,,"Dec 1, 2019",,,,,,,,,,,
,,,2020,,,9B87870,,,,"Dec 1, 2019",,,,,,,,,,,
,,,2020,,,9B87881,,,,"Dec 1, 2019",,,,,,,,,,,
,,,2020,,,9B87903,,,,"Dec 1, 2019",,,,,,,,,,,
,,,2020,,,9B87914,,,,"Dec 1, 2019",,,,,,,,,,,
,,,2020,,,9B87934,,,,"Dec 1, 2019",,,,,,,,,,,
,,,2020,,,9B87946,,,,"Dec 1, 2019",,,,,,,,,,,
,,,2020,,,9B87956,,,,"Dec 1, 2019",,,,,,,,,,,
,,,2020,,,9B87978,,,,"Dec 1, 2019",,,,,,,,,,,
,,,2020,,,9B87989,,,,"Dec 1, 2019",,,,,,,,,,,
,,,2020,,,9B88000,,,,"Dec 1, 2019",,,,,,,,,,,
,,,2020,,,9B88022,,,,"Dec 1, 2019",,,,,,,,,,,
,,,2020,,,9B88033,,,,"Dec 1, 2019",,,,,,,,,,,
,,,2020,,,9B88045,,,,"Dec 1, 2019",,,,,,,,,,,
,,,2020,,,9B88055,,,,"Dec 1, 2019",,,,,,,,,,,
,,,2020,,,9B88077,,,,"Dec 1, 2019",,,,,,,,,,,
,,,2020,,,9B88088,,,,"Dec 1, 2019",,,,,,,,,,,
,,,2020,,,9B88111,,,,"Dec 1, 2019",,,,,,,,,,,
,,,2020,,,9B88121,,,,"Dec 1, 2019",,,,,,,,,,,
,,,2020,,,9B88134,,,,"Dec 1, 2019",,,,,,,,,,,
,,,2020,,,9B88154,,,,"Dec 1, 2019",,,,,,,,,,,
,,,2020,,,9B88165,,,,"Dec 1, 2019",,,,,,,,,,,
,,,2020,,,9B88176,,,,"Dec 1, 2019",,,,,,,,,,,
,,,2020,,,9B88187,,,,"Dec 1, 2019",,,,,,,,,,,
,,,2020,,,9B88198,,,,"Dec 1, 2019",,,,,,,,,,,
,,,2020,,,9B88209,,,,"Dec 1, 2019",,,,,,,,,,,
,,,2020,,,9B88230,,,,"Dec 1, 2019",,,,,,,,,,,
,,,2020,,,9B88255,,,,"Dec 1, 2019",,,,,,,,,,,
,,,2020,,,9B88352,,,,"Dec 1, 2019",,,,,,,,,,,
,,,2020,,,9B88418,,,,"Dec 1, 2019",,,,,,,,,,,
,,,2020,,,9B88517,,,,"Dec 1, 2019",,,,,,,,,,,
,,,2020,,,9B88528,,,,"Dec 1, 2019",,,,,,,,,,,
,,,2020,,,9B88550,,,,"Dec 1, 2019",,,,,,,,,,,
,,,2020,,,9B88562,,,,"Dec 1, 2019",,,,,,,,,,,
,,,2020,,,9B89509,,,,"Dec 1, 2019",,,,,,,,,,,
,,,2020,,,9B89531,,,,"Dec 1, 2019",,,,,,,,,,,
,,,2020,,,9B89542,,,,"Dec 1, 2019",,,,,,,,,,,
,,,2020,,,9B89553,,,,"Dec 1, 2019",,,,,,,,,,,
,,,2020,,,9B89564,,,,"Dec 1, 2019",,,,,,,,,,,
,,,2020,,,9B89608,,,,"Dec 1, 2019",,,,,,,,,,,
,,,2020,,,9B89630,,,,"Dec 1, 2019",,,,,,,,,,,
,,,2020,,,9B89674,,,,"Dec 1, 2019",,,,,,,,,,,
,,,2020,,,9B89707,,,,"Dec 1, 2019",,,,,,,,,,,
,,,2020,,,9B89729,,,,"Dec 1, 2019",,,,,,,,,,,
,,,2020,,,9B89762,,,,"Dec 1, 2019",,,,,,,,,,,
,,,2020,,,9B89805,,,,"Dec 1, 2019",,,,,,,,,,,
,,,2020,,,9B89838,,,,"Dec 1, 2019",,,,,,,,,,,
,,,2020,,,9B89849,,,,"Dec 1, 2019",,,,,,,,,,,
,,,2020,,,9B89871,,,,"Dec 1, 2019",,,,,,,,,,,
,,,2020,,,9B89937,,,,"Dec 1, 2019",,,,,,,,,,,
,,,2020,,,9B89948,,,,"Dec 1, 2019",,,,,,,,,,,
,,,2020,,,9B89959,,,,"Dec 1, 2019",,,,,,,,,,,
,,,2020,,,9B89970,,,,"Dec 1, 2019",,,,,,,,,,,
,,,2020,,,9B90069,,,,"Dec 1, 2019",,,,,,,,,,,
,,,2020,,,9B90124,,,,"Dec 1, 2019",,,,,,,,,,,
,,,2020,,,9B90245,,,,"Dec 1, 2019",,,,,,,,,,,
,,,2020,,,9B90312,,,,"Dec 1, 2019",,,,,,,,,,,
,,,2020,,,9B90323,,,,"Dec 1, 2019",,,,,,,,,,,
,,,2020,,,9B90345,,,,"Dec 1, 2019",,,,,,,,,,,
,,,2020,,,9B90356,,,,"Dec 1, 2019",,,,,,,,,,,
,,,2020,,,9B90379,,,,"Dec 1, 2019",,,,,,,,,,,
,,,2020,,,9B90389,,,,"Dec 1, 2019",,,,,,,,,,,
,,,2020,,,9B90400,,,,"Dec 1, 2019",,,,,,,,,,,
,,,2020,,,9B90411,,,,"Dec 1, 2019",,,,,,,,,,,
,,,2020,,,9B90422,,,,"Dec 1, 2019",,,,,,,,,,,
,,,2020,,,9B90443,,,,"Dec 1, 2019",,,,,,,,,,,
,,,2020,,,9B90454,,,,"Dec 1, 2019",,,,,,,,,,,
,,,2020,,,9B90465,,,,"Dec 1, 2019",,,,,,,,,,,
,,,2020,,,9B90476,,,,"Dec 1, 2019",,,,,,,,,,,
,,,2020,,,9B90498,,,,"Dec 1, 2019",,,,,,,,,,,
,,,2020,,,9B90509,,,,"Dec 1, 2019",,,,,,,,,,,
,,,2020,,,9B90532,,,,"Dec 1, 2019",,,,,,,,,,,
,,,2020,,,9B90554,,,,"Dec 1, 2019",,,,,,,,,,,
,,,2020,,,9B90575,,,,"Dec 1, 2019",,,,,,,,,,,
,,,2020,,,9B90609,,,,"Dec 1, 2019",,,,,,,,,,,
,,,2020,,,9B90631,,,,"Dec 1, 2019",,,,,,,,,,,
,,,2020,,,9B90653,,,,"Dec 1, 2019",,,,,,,,,,,
,,,2020,,,9B90664,,,,"Dec 1, 2019",,,,,,,,,,,
,,,2020,,,9B90685,,,,"Dec 1, 2019",,,,,,,,,,,
,,,2020,,,9B90707,,,,"Dec 1, 2019",,,,,,,,,,,
,,,2020,,,9B90718,,,,"Dec 1, 2019",,,,,,,,,,,
,,,2020,,,9B90739,,,,"Dec 1, 2019",,,,,,,,,,,
,,,2020,,,9B90761,,,,"Dec 1, 2019",,,,,,,,,,,
,,,2020,,,9B90783,,,,"Dec 1, 2019",,,,,,,,,,,
,,,2020,,,9B91738,,,,"Dec 1, 2019",,,,,,,,,,,
,,,2020,,,9B91749,,,,"Dec 1, 2019",,,,,,,,,,,
,,,2020,,,9B91840,,,,"Dec 1, 2019",,,,,,,,,,,
,,,2020,,,9B91958,,,,"Dec 1, 2019",,,,,,,,,,,
,,,2020,,,9B91989,,,,"Dec 1, 2019",,,,,,,,,,,
,,,2020,,,9B92000,,,,"Dec 1, 2019",,,,,,,,,,,
,,,2020,,,9B92020,,,,"Dec 1, 2019",,,,,,,,,,,
,,,2020,,,9B92031,,,,"Dec 1, 2019",,,,,,,,,,,
,,,2020,,,9B92053,,,,"Dec 1, 2019",,,,,,,,,,,
,,,2020,,,9B92074,,,,"Dec 1, 2019",,,,,,,,,,,
,,,2020,,,9B92085,,,,"Dec 1, 2019",,,,,,,,,,,
,,,2020,,,9B92096,,,,"Dec 1, 2019",,,,,,,,,,,
,,,2020,,,9B92168,,,,"Dec 1, 2019",,,,,,,,,,,
,,,2020,,,9B92179,,,,"Dec 1, 2019",,,,,,,,,,,
,,,2020,,,9B92221,,,,"Dec 1, 2019",,,,,,,,,,,
,,,2020,,,9B92253,,,,"Dec 1, 2019",,,,,,,,,,,
,,,2020,,,9B92274,,,,"Dec 1, 2019",,,,,,,,,,,
,,,2020,,,9B92305,,,,"Dec 1, 2019",,,,,,,,,,,
,,,2020,,,9B92326,,,,"Dec 1, 2019",,,,,,,,,,,
,,,2020,,,9B92347,,,,"Dec 1, 2019",,,,,,,,,,,
,,,2020,,,9B92368,,,,"Dec 1, 2019",,,,,,,,,,,
,,,2020,,,9B92378,,,,"Dec 1, 2019",,,,,,,,,,,
,,,2020,,,9B92410,,,,"Dec 1, 2019",,,,,,,,,,,
,,,2020,,,9B92420,,,,"Dec 1, 2019",,,,,,,,,,,
,,,2020,,,9B92431,,,,"Dec 1, 2019",,,,,,,,,,,
,,,2020,,,9B93162,,,,"Dec 1, 2019",,,,,,,,,,,
,,,2020,,,9B93423,,,,"Dec 1, 2019",,,,,,,,,,,
,,,2020,,,9B93526,,,,"Dec 1, 2019",,,,,,,,,,,
,,,2020,,,9B93566,,,,"Dec 1, 2019",,,,,,,,,,,
,,,2020,,,9B93646,,,,"Dec 1, 2019",,,,,,,,,,,
,,,2020,,,9B93667,,,,"Dec 1, 2019",,,,,,,,,,,
,,,2020,,,9B95337,,,,"Dec 1, 2019",,,,,,,,,,,
,,,2020,,,9B95749,,,,"Dec 1, 2019",,,,,,,,,,,
,,,2020,,,9B95791,,,,"Dec 1, 2019",,,,,,,,,,,
,,,2020,,,9B95811,,,,"Dec 1, 2019",,,,,,,,,,,
,,,2020,,,9B95915,,,,"Jan 1, 2020",,,,,,,,,,,
,,,2020,,,9B95936,,,,"Jan 1, 2020",,,,,,,,,,,
,,,2020,,,9B95974,,,,"Jan 1, 2020",,,,,,,,,,,
,,,2020,,,9B96823,,,,"Jan 1, 2020",,,,,,,,,,,
,,,2020,,,9B96947,,,,"Jan 1, 2020",,,,,,,,,,,
,,,2020,,,9B97112,,,,"Jan 1, 2020",,,,,,,,,,,
,,,2020,,,9B97152,,,,"Jan 1, 2020",,,,,,,,,,,
,,,2020,,,9B97192,,,,"Jan 1, 2020",,,,,,,,,,,
,,,2020,,,9B97314,,,,"Jan 1, 2020",,,,,,,,,,,
,,,2020,,,9B97335,,,,"Jan 1, 2020",,,,,,,,,,,
,,,2020,,,9B97377,,,,"Jan 1, 2020",,,,,,,,,,,
,,,2020,,,9B97521,,,,"Jan 1, 2020",,,,,,,,,,,
,,,2020,,,9B97561,,,,"Jan 1, 2020",,,,,,,,,,,
,,,2020,,,9B97623,,,,"Jan 1, 2020",,,,,,,,,,,
,,,2020,,,9B97706,,,,"Jan 1, 2020",,,,,,,,,,,
,,,2020,,,9C00780,,,,"Jan 1, 2020",,,,,,,,,,,
,,,2020,,,9C00863,,,,"Jan 1, 2020",,,,,,,,,,,
,,,2020,,,9C00904,,,,"Jan 1, 2020",,,,,,,,,,,
,,,2020,,,9C00946,,,,"Jan 1, 2020",,,,,,,,,,,
,,,2020,,,9C01009,,,,"Jan 1, 2020",,,,,,,,,,,
,,,2020,,,9C01029,,,,"Jan 1, 2020",,,,,,,,,,,
,,,2020,,,9C01074,,,,"Jan 1, 2020",,,,,,,,,,,
,,,2020,,,9C01116,,,,"Jan 1, 2020",,,,,,,,,,,
,,,2020,,,9C01137,,,,"Jan 1, 2020",,,,,,,,,,,
,,,2020,,,9C01177,,,,"Jan 1, 2020",,,,,,,,,,,
,,,2020,,,9C01221,,,,"Jan 1, 2020",,,,,,,,,,,
,,,2020,,,9C01239,,,,"Jan 1, 2020",,,,,,,,,,,
,,,2020,,,9C01283,,,,"Jan 1, 2020",,,,,,,,,,,
,,,2020,,,9C01320,,,,"Jan 1, 2020",,,,,,,,,,,
,,,2020,,,9C01341,,,,"Jan 1, 2020",,,,,,,,,,,
,,,2020,,,9C01364,,,,"Jan 1, 2020",,,,,,,,,,,
,,,2020,,,9C01697,,,,"Jan 1, 2020",,,,,,,,,,,
,,,2020,,,9C01820,,,,"Jan 1, 2020",,,,,,,,,,,
,,,2020,,,9C01863,,,,"Jan 1, 2020",,,,,,,,,,,
,,,2020,,,9C01883,,,,"Jan 1, 2020",,,,,,,,,,,
,,,2020,,,9C01924,,,,"Jan 1, 2020",,,,,,,,,,,
,,,2020,,,9C01945,,,,"Jan 1, 2020",,,,,,,,,,,
,,,2020,,,9C01967,,,,"Jan 1, 2020",,,,,,,,,,,
,,,2020,,,9C07945,,,,"Jan 1, 2020",,,,,,,,,,,
,,,2020,,,9C08050,,,,"Jan 1, 2020",,,,,,,,,,,
,,,2020,,,9C08111,,,,"Jan 1, 2020",,,,,,,,,,,
,,,2020,,,9C08132,,,,"Jan 1, 2020",,,,,,,,,,,
,,,2020,,,9C08384,,,,"Jan 1, 2020",,,,,,,,,,,
,,,2020,,,9C08424,,,,"Jan 1, 2020",,,,,,,,,,,
,,,2020,,,9C08466,,,,"Jan 1, 2020",,,,,,,,,,,
,,,2020,,,9C08487,,,,"Jan 1, 2020",,,,,,,,,,,
,,,2020,,,9C08530,,,,"Jan 1, 2020",,,,,,,,,,,
,,,2020,,,9C08551,,,,"Jan 1, 2020",,,,,,,,,,,
,,,2020,,,9C08695,,,,"Jan 1, 2020",,,,,,,,,,,
,,,2020,,,9C08883,,,,"Jan 1, 2020",,,,,,,,,,,
,,,2020,,,9C08924,,,,"Jan 1, 2020",,,,,,,,,,,
,,,2020,,,9C08949,,,,"Jan 1, 2020",,,,,,,,,,,
,,,2020,,,9C08987,,,,"Jan 1, 2020",,,,,,,,,,,
,,,2020,,,9C09114,,,,"Jan 1, 2020",,,,,,,,,,,
,,,2020,,,9C09135,,,,"Jan 1, 2020",,,,,,,,,,,
,,,2020,,,9C09256,,,,"Jan 1, 2020",,,,,,,,,,,
,,,2020,,,9C09320,,,,"Jan 1, 2020",,,,,,,,,,,
,,,2020,,,9C09424,,,,"Jan 1, 2020",,,,,,,,,,,
,,,2020,,,9C09446,,,,"Jan 1, 2020",,,,,,,,,,,
,,,2020,,,9C09486,,,,"Jan 1, 2020",,,,,,,,,,,
,,,2020,,,9C09507,,,,"Jan 1, 2020",,,,,,,,,,,
,,,2020,,,9C09529,,,,"Jan 1, 2020",,,,,,,,,,,
,,,2020,,,9C09571,,,,"Jan 1, 2020",,,,,,,,,,,
,,,2020,,,9C09653,,,,"Jan 1, 2020",,,,,,,,,,,
,,,2020,,,9C11872,,,,"Jan 1, 2020",,,,,,,,,,,
,,,2020,,,9C12076,,,,"Jan 1, 2020",,,,,,,,,,,
,,,2020,,,9C12274,,,,"Jan 1, 2020",,,,,,,,,,,
,,,2020,,,9C12434,,,,"Jan 1, 2020",,,,,,,,,,,
,,,2020,,,9C13411,,,,"Jan 1, 2020",,,,,,,,,,,
,,,2020,,,9C13613,,,,"Jan 1, 2020",,,,,,,,,,,
,,,2020,,,9C13632,,,,"Jan 1, 2020",,,,,,,,,,,
,,,2020,,,9C14944,,,,"Jan 1, 2020",,,,,,,,,,,
,,,2020,,,9C14965,,,,"Jan 1, 2020",,,,,,,,,,,
,,,2020,,,9C15028,,,,"Jan 1, 2020",,,,,,,,,,,
,,,2020,,,9C15128,,,,"Jan 1, 2020",,,,,,,,,,,
,,,2020,,,9C16218,,,,"Jan 1, 2020",,,,,,,,,,,
,,,2020,,,9C16239,,,,"Jan 1, 2020",,,,,,,,,,,
,,,2020,,,9C16260,,,,"Jan 1, 2020",,,,,,,,,,,
,,,2020,,,9C16363,,,,"Jan 1, 2020",,,,,,,,,,,
,,,2020,,,9C16384,,,,"Jan 1, 2020",,,,,,,,,,,
,,,2020,,,9C16425,,,,"Jan 1, 2020",,,,,,,,,,,
,,,2020,,,9C16466,,,,"Jan 1, 2020",,,,,,,,,,,
,,,2020,,,9C16530,,,,"Jan 1, 2020",,,,,,,,,,,
,,,2020,,,9C16592,,,,"Jan 1, 2020",,,,,,,,,,,
,,,2020,,,9C16674,,,,"Jan 1, 2020",,,,,,,,,,,
,,,2020,,,9C16695,,,,"Jan 1, 2020",,,,,,,,,,,
,,,2020,,,9C16909,,,,"Jan 1, 2020",,,,,,,,,,,
,,,2020,,,9C16990,,,,"Jan 1, 2020",,,,,,,,,,,
,,,2020,,,9C17054,,,,"Jan 1, 2020",,,,,,,,,,,
,,,2020,,,9C17094,,,,"Jan 1, 2020",,,,,,,,,,,
,,,2020,,,9C17117,,,,"Jan 1, 2020",,,,,,,,,,,
,,,2020,,,9C17159,,,,"Jan 1, 2020",,,,,,,,,,,
,,,2020,,,9C17198,,,,"Jan 1, 2020",,,,,,,,,,,
,,,2020,,,9C17220,,,,"Jan 1, 2020",,,,,,,,,,,
,,,2020,,,9C17283,,,,"Jan 1, 2020",,,,,,,,,,,
,,,2020,,,9C17304,,,,"Jan 1, 2020",,,,,,,,,,,
,,,2020,,,9C17345,,,,"Jan 1, 2020",,,,,,,,,,,
,,,2020,,,9C18868,,,,"Jan 1, 2020",,,,,,,,,,,
,,,2020,,,9C18931,,,,"Jan 1, 2020",,,,,,,,,,,
,,,2020,,,9C18993,,,,"Jan 1, 2020",,,,,,,,,,,
,,,2020,,,9C19199,,,,"Jan 1, 2020",,,,,,,,,,,
,,,2020,,,9C19299,,,,"Jan 1, 2020",,,,,,,,,,,
,,,2020,,,9C19342,,,,"Jan 1, 2020",,,,,,,,,,,
,,,2020,,,9C20955,,,,"Jan 1, 2020",,,,,,,,,,,
,,,2020,,,9C23124,,,,"Jan 1, 2020",,,,,,,,,,,
,,,2020,,,9C23183,,,,"Jan 1, 2020",,,,,,,,,,,
,,,2020,,,9C23250,,,,"Jan 1, 2020",,,,,,,,,,,
,,,2020,,,9C23265,,,,"Jan 1, 2020",,,,,,,,,,,
,,,2020,,,9C23300,,,,"Jan 1, 2020",,,,,,,,,,,
,,,2020,,,9C23318,,,,"Jan 1, 2020",,,,,,,,,,,
,,,2020,,,9C23359,,,,"Jan 1, 2020",,,,,,,,,,,
,,,2020,,,9C23419,,,,"Jan 1, 2020",,,,,,,,,,,
,,,2020,,,9C23458,,,,"Jan 1, 2020",,,,,,,,,,,
,,,2020,,,9C23476,,,,"Jan 1, 2020",,,,,,,,,,,
,,,2020,,,9C23495,,,,"Jan 1, 2020",,,,,,,,,,,
,,,2020,,,9C23535,,,,"Jan 1, 2020",,,,,,,,,,,
,,,2020,,,9C23550,,,,"Jan 1, 2020",,,,,,,,,,,
,,,2020,,,9C23573,,,,"Jan 1, 2020",,,,,,,,,,,
,,,2020,,,9C23613,,,,"Jan 1, 2020",,,,,,,,,,,
,,,2020,,,9C23630,,,,"Jan 1, 2020",,,,,,,,,,,
,,,2020,,,9C23652,,,,"Jan 1, 2020",,,,,,,,,,,
,,,2020,,,9C23664,,,,"Jan 1, 2020",,,,,,,,,,,
,,,2020,,,9C23732,,,,"Jan 1, 2020",,,,,,,,,,,
,,,2020,,,9C24083,,,,"Jan 1, 2020",,,,,,,,,,,
,,,2020,,,9C24140,,,,"Jan 1, 2020",,,,,,,,,,,
,,,2020,,,9C24182,,,,"Jan 1, 2020",,,,,,,,,,,
,,,2020,,,9C24199,,,,"Jan 1, 2020",,,,,,,,,,,
,,,2020,,,9C24259,,,,"Jan 1, 2020",,,,,,,,,,,
,,,2020,,,9C24277,,,,"Jan 1, 2020",,,,,,,,,,,
,,,2020,,,9C24297,,,,"Jan 1, 2020",,,,,,,,,,,
,,,2020,,,9C24337,,,,"Jan 1, 2020",,,,,,,,,,,
,,,2020,,,9C24357,,,,"Jan 1, 2020",,,,,,,,,,,
,,,2020,,,9C24374,,,,"Jan 1, 2020",,,,,,,,,,,
,,,2020,,,9C26325,,,,"Jan 1, 2020",,,,,,,,,,,
,,,2020,,,9C26347,,,,"Jan 1, 2020",,,,,,,,,,,
,,,2020,,,9C26387,,,,"Jan 1, 2020",,,,,,,,,,,
,,,2020,,,9C26421,,,,"Jan 1, 2020",,,,,,,,,,,
,,,2020,,,9C26461,,,,"Jan 1, 2020",,,,,,,,,,,
,,,2020,,,9C26483,,,,"Jan 1, 2020",,,,,,,,,,,
,,,2020,,,9C26520,,,,"Jan 1, 2020",,,,,,,,,,,
,,,2020,,,9C26554,,,,"Jan 1, 2020",,,,,,,,,,,
,,,2020,,,9C26624,,,,"Jan 1, 2020",,,,,,,,,,,
,,,2020,,,9C28708,,,,"Jan 1, 2020",,,,,,,,,,,
,,,2020,,,9C28977,,,,"Jan 1, 2020",,,,,,,,,,,
,,,2020,,,9C29020,,,,"Jan 1, 2020",,,,,,,,,,,
,,,2020,,,9C29061,,,,"Jan 1, 2020",,,,,,,,,,,
,,,2020,,,9C29104,,,,"Jan 1, 2020",,,,,,,,,,,
,,,2020,,,9C29143,,,,"Jan 1, 2020",,,,,,,,,,,
,,,2020,,,9C29186,,,,"Jan 1, 2020",,,,,,,,,,,
,,,2020,,,9C29229,,,,"Jan 1, 2020",,,,,,,,,,,
,,,2020,,,9C30147,,,,"Jan 1, 2020",,,,,,,,,,,
,,,2020,,,9C30229,,,,"Jan 1, 2020",,,,,,,,,,,
,,,2020,,,9C30260,,,,"Jan 1, 2020",,,,,,,,,,,
,,,2020,,,9C30292,,,,"Jan 1, 2020",,,,,,,,,,,
,,,2020,,,9C30318,,,,"Jan 1, 2020",,,,,,,,,,,
,,,2020,,,9C30382,,,,"Jan 1, 2020",,,,,,,,,,,
,,,2020,,,9C30506,,,,"Feb 1, 2020",,,,,,,,,,,
,,,2020,,,9C30536,,,,"Feb 1, 2020",,,,,,,,,,,
,,,2020,,,9C30558,,,,"Feb 1, 2020",,,,,,,,,,,
,,,2020,,,9C30590,,,,"Feb 1, 2020",,,,,,,,,,,
,,,2020,,,9C30743,,,,"Feb 1, 2020",,,,,,,,,,,
,,,2020,,,9C32153,,,,"Feb 1, 2020",,,,,,,,,,,
,,,2020,,,9C32170,,,,"Feb 1, 2020",,,,,,,,,,,
,,,2020,,,9C32211,,,,"Feb 1, 2020",,,,,,,,,,,
,,,2020,,,9C32511,,,,"Feb 1, 2020",,,,,,,,,,,
,,,2020,,,9C32554,,,,"Feb 1, 2020",,,,,,,,,,,
,,,2020,,,9C32579,,,,"Feb 1, 2020",,,,,,,,,,,
,,,2020,,,9C32640,,,,"Feb 1, 2020",,,,,,,,,,,
,,,2020,,,9C32685,,,,"Feb 1, 2020",,,,,,,,,,,
,,,2020,,,9C32703,,,,"Feb 1, 2020",,,,,,,,,,,
,,,2020,,,9C32747,,,,"Feb 1, 2020",,,,,,,,,,,
,,,2020,,,9C32790,,,,"Feb 1, 2020",,,,,,,,,,,
,,,2020,,,9C33861,,,,"Feb 1, 2020",,,,,,,,,,,
,,,2020,,,9C33883,,,,"Feb 1, 2020",,,,,,,,,,,
,,,2020,,,9C33921,,,,"Feb 1, 2020",,,,,,,,,,,
,,,2020,,,9C33964,,,,"Feb 1, 2020",,,,,,,,,,,
,,,2020,,,9C34050,,,,"Feb 1, 2020",,,,,,,,,,,
,,,2020,,,9C34074,,,,"Feb 1, 2020",,,,,,,,,,,
,,,2020,,,9C34113,,,,"Feb 1, 2020",,,,,,,,,,,
,,,2020,,,9C34155,,,,"Feb 1, 2020",,,,,,,,,,,
,,,2020,,,9C34200,,,,"Feb 1, 2020",,,,,,,,,,,
,,,2020,,,9C34240,,,,"Feb 1, 2020",,,,,,,,,,,
,,,2020,,,9C34285,,,,"Feb 1, 2020",,,,,,,,,,,
,,,2020,,,9C34303,,,,"Feb 1, 2020",,,,,,,,,,,
,,,2020,,,9C35286,,,,"Feb 1, 2020",,,,,,,,,,,
,,,2020,,,9C35327,,,,"Feb 1, 2020",,,,,,,,,,,
,,,2020,,,9C35688,,,,"Feb 1, 2020",,,,,,,,,,,
,,,2020,,,9C35732,,,,"Feb 1, 2020",,,,,,,,,,,
,,,2020,,,9C35772,,,,"Feb 1, 2020",,,,,,,,,,,
,,,2020,,,9C35813,,,,"Feb 1, 2020",,,,,,,,,,,
,,,2020,,,9C35876,,,,"Feb 1, 2020",,,,,,,,,,,
,,,2020,,,9C35917,,,,"Feb 1, 2020",,,,,,,,,,,
,,,2020,,,9C41056,,,,"Feb 1, 2020",,,,,,,,,,,
,,,2020,,,9C41219,,,,"Feb 1, 2020",,,,,,,,,,,
,,,2020,,,9C41874,,,,"Feb 1, 2020",,,,,,,,,,,
,,,2020,,,9C42019,,,,"Feb 1, 2020",,,,,,,,,,,
,,,2020,,,9C44251,,,,"Feb 1, 2020",,,,,,,,,,,
,,,2020,,,9C44396,,,,"Feb 1, 2020",,,,,,,,,,,
,,,2020,,,9C45718,,,,"Feb 1, 2020",,,,,,,,,,,
,,,2020,,,9C45800,,,,"Feb 1, 2020",,,,,,,,,,,
,,,2020,,,9C45943,,,,"Feb 1, 2020",,,,,,,,,,,
,,,2020,,,9C45984,,,,"Feb 1, 2020",,,,,,,,,,,
,,,2020,,,9C46006,,,,"Feb 1, 2020",,,,,,,,,,,
,,,2020,,,9C46068,,,,"Feb 1, 2020",,,,,,,,,,,
,,,2020,,,9C46108,,,,"Feb 1, 2020",,,,,,,,,,,
,,,2020,,,9C46152,,,,"Feb 1, 2020",,,,,,,,,,,
,,,2020,,,9C46189,,,,"Feb 1, 2020",,,,,,,,,,,
,,,2020,,,9C46231,,,,"Feb 1, 2020",,,,,,,,,,,
,,,2020,,,9C46273,,,,"Feb 1, 2020",,,,,,,,,,,
,,,2020,,,9C46293,,,,"Feb 1, 2020",,,,,,,,,,,
,,,2020,,,9C46331,,,,"Feb 1, 2020",,,,,,,,,,,
,,,2020,,,9C47266,,,,"Feb 1, 2020",,,,,,,,,,,
,,,2020,,,9C47308,,,,"Feb 1, 2020",,,,,,,,,,,
,,,2020,,,9C47433,,,,"Feb 1, 2020",,,,,,,,,,,
,,,2020,,,9C47512,,,,"Feb 1, 2020",,,,,,,,,,,
,,,2020,,,9C47555,,,,"Feb 1, 2020",,,,,,,,,,,
,,,2020,,,9C47638,,,,"Feb 1, 2020",,,,,,,,,,,
,,,2020,,,9C47678,,,,"Feb 1, 2020",,,,,,,,,,,
,,,2020,,,9C47698,,,,"Feb 1, 2020",,,,,,,,,,,
,,,2020,,,9C47738,,,,"Feb 1, 2020",,,,,,,,,,,
,,,2020,,,9C47780,,,,"Feb 1, 2020",,,,,,,,,,,
,,,2020,,,9C47823,,,,"Feb 1, 2020",,,,,,,,,,,
,,,2020,,,9C47842,,,,"Feb 1, 2020",,,,,,,,,,,
,,,2020,,,9C47882,,,,"Feb 1, 2020",,,,,,,,,,,
,,,2020,,,9C47923,,,,"Feb 1, 2020",,,,,,,,,,,
,,,2020,,,9C47964,,,,"Feb 1, 2020",,,,,,,,,,,
,,,2020,,,9C48006,,,,"Feb 1, 2020",,,,,,,,,,,
,,,2020,,,9C48069,,,,"Feb 1, 2020",,,,,,,,,,,
,,,2020,,,9C48211,,,,"Feb 1, 2020",,,,,,,,,,,
,,,2020,,,9C48252,,,,"Feb 1, 2020",,,,,,,,,,,
,,,2020,,,9C48293,,,,"Feb 1, 2020",,,,,,,,,,,
,,,2020,,,9C48336,,,,"Feb 1, 2020",,,,,,,,,,,
,,,2020,,,9C51399,,,,"Feb 1, 2020",,,,,,,,,,,
,,,2020,,,9C51562,,,,"Feb 1, 2020",,,,,,,,,,,
,,,2020,,,9C51728,,,,"Feb 1, 2020",,,,,,,,,,,
,,,2020,,,9C52811,,,,"Feb 1, 2020",,,,,,,,,,,
,,,2020,,,9C53019,,,,"Feb 1, 2020",,,,,,,,,,,
,,,2020,,,9C53853,,,,"Feb 1, 2020",,,,,,,,,,,
,,,2020,,,9C53935,,,,"Feb 1, 2020",,,,,,,,,,,
,,,2020,,,9C53978,,,,"Feb 1, 2020",,,,,,,,,,,
,,,2020,,,9C54039,,,,"Feb 1, 2020",,,,,,,,,,,
,,,2020,,,9C54084,,,,"Feb 1, 2020",,,,,,,,,,,
,,,2020,,,9C54138,,,,"Feb 1, 2020",,,,,,,,,,,
,,,2020,,,9C54178,,,,"Feb 1, 2020",,,,,,,,,,,
,,,2020,,,9C54262,,,,"Feb 1, 2020",,,,,,,,,,,
,,,2020,,,9C54284,,,,"Feb 1, 2020",,,,,,,,,,,
,,,2020,,,9C54321,,,,"Feb 1, 2020",,,,,,,,,,,
,,,2020,,,9C54341,,,,"Feb 1, 2020",,,,,,,,,,,
,,,2020,,,9C54384,,,,"Feb 1, 2020",,,,,,,,,,,
,,,2020,,,9C54422,,,,"Feb 1, 2020",,,,,,,,,,,
,,,2020,,,9C56392,,,,"Feb 1, 2020",,,,,,,,,,,
,,,2020,,,9C56436,,,,"Feb 1, 2020",,,,,,,,,,,
,,,2020,,,9C56473,,,,"Feb 1, 2020",,,,,,,,,,,
,,,2020,,,9C56515,,,,"Feb 1, 2020",,,,,,,,,,,
,,,2020,,,9C56557,,,,"Feb 1, 2020",,,,,,,,,,,
,,,2020,,,9C56618,,,,"Feb 1, 2020",,,,,,,,,,,
,,,2020,,,9C56679,,,,"Feb 1, 2020",,,,,,,,,,,
,,,2020,,,9C56722,,,,"Feb 1, 2020",,,,,,,,,,,
,,,2020,,,9C56760,,,,"Feb 1, 2020",,,,,,,,,,,
,,,2020,,,9C56780,,,,"Feb 1, 2020",,,,,,,,,,,
,,,2020,,,9C56821,,,,"Feb 1, 2020",,,,,,,,,,,
,,,2020,,,9C60254,,,,"Feb 1, 2020",,,,,,,,,,,
,,,2020,,,9C60316,,,,"Feb 1, 2020",,,,,,,,,,,
,,,2020,,,9C60664,,,,"Feb 1, 2020",,,,,,,,,,,
,,,2020,,,9C69306,,,,"Mar 1, 2020",,,,,,,,,,,
,,,2020,,,9C69684,,,,"Mar 1, 2020",,,,,,,,,,,
,,,2020,,,9C69855,,,,"Mar 1, 2020",,,,,,,,,,,
,,,2020,,,9C69924,,,,"Mar 1, 2020",,,,,,,,,,,
,,,2020,,,9C70925,,,,"Mar 1, 2020",,,,,,,,,,,
,,,2020,,,9C70992,,,,"Mar 1, 2020",,,,,,,,,,,
,,,2020,,,9C71186,,,,"Mar 1, 2020",,,,,,,,,,,
,,,2020,,,9C71252,,,,"Mar 1, 2020",,,,,,,,,,,
,,,2020,,,9C71418,,,,"Mar 1, 2020",,,,,,,,,,,
,,,2020,,,9C71513,,,,"Mar 1, 2020",,,,,,,,,,,
,,,2020,,,9C71941,,,,"Mar 1, 2020",,,,,,,,,,,
,,,2020,,,9C76240,,,,"Mar 1, 2020",,,,,,,,,,,
,,,2020,,,9C78461,,,,"Mar 1, 2020",,,,,,,,,,,
,,,2020,,,9C78686,,,,"Mar 1, 2020",,,,,,,,,,,
,,,2020,,,9C78746,,,,"Mar 1, 2020",,,,,,,,,,,
,,,2020,,,9C80002,,,,"Mar 1, 2020",,,,,,,,,,,
,,,2020,,,9C80100,,,,"Mar 1, 2020",,,,,,,,,,,
,,,2020,,,9C80261,,,,"Mar 1, 2020",,,,,,,,,,,
,,,2020,,,9C80487,,,,"Mar 1, 2020",,,,,,,,,,,
,,,2020,,,9C80970,,,,"Mar 1, 2020",,,,,,,,,,,
,,,2020,,,9C81103,,,,"Mar 1, 2020",,,,,,,,,,,
,,,2020,,,9C87403,,,,"Mar 1, 2020",,,,,,,,,,,
,,,2020,,,9C87470,,,,"Mar 1, 2020",,,,,,,,,,,
,,,2020,,,9C87634,,,,"Mar 1, 2020",,,,,,,,,,,
,,,2020,,,9C87697,,,,"Mar 1, 2020",,,,,,,,,,,
,,,2020,,,9C87766,,,,"Mar 1, 2020",,,,,,,,,,,
,,,2020,,,9C87798,,,,"Mar 1, 2020",,,,,,,,,,,
,,,2020,,,9C87865,,,,"Mar 1, 2020",,,,,,,,,,,
,,,2020,,,9C88057,,,,"Mar 1, 2020",,,,,,,,,,,
,,,2020,,,9C88122,,,,"Mar 1, 2020",,,,,,,,,,,
,,,2020,,,9C88518,,,,"Mar 1, 2020",,,,,,,,,,,
,,,2020,,,9C97971,,,,"Mar 1, 2020",,,,,,,,,,,
,,,,,,,,,,,,,,,,,,,,,
,,,,,,,,,,,,,,,,,,,,,
,,,,,,,,,,,,,,,,,,,,,
,,,,,,,,,,,,,,,,,,,,,
,,,,,,,,,,,,,,,,,,,,,
,,,,,,,,,,,,,,,,,,,,,
,,,,,,,,,,,,,,,,,,,,,
,,,,,,,,,,,,,,,,,,,,,
,,,,,,,,,,,,,,,,,,,,,
,,,,,,,,,,,,,,,,,,,,,
,,,,,,,,,,,,,,,,,,,,,
,,,,,,,,,,,,,,,,,,,,,
,,,,,,,,,,,,,,,,,,,,,
,,,,,,,,,,,,,,,,,,,,,
,,,,,,,,,,,,,,,,,,,,,
,,,,,,,,,,,,,,,,,,,,,
,,,,,,,,,,,,,,,,,,,,,
,,,,,,,,,,,,,,,,,,,,,
,,,,,,,,,,,,,,,,,,,,,
,,,,,,,,,,,,,,,,,,,,,
,,,,,,,,,,,,,,,,,,,,,
,,,,,,,,,,,,,,,,,,,,,
,,,,,,,,,,,,,,,,,,,,,
,,,,,,,,,,,,,,,,,,,,,
,,,,,,,,,,,,,,,,,,,,,
,,,,,,,,,,,,,,,,,,,,,
,,,,,,,,,,,,,,,,,,,,,
,,,,,,,,,,,,,,,,,,,,,
,,,,,,,,,,,,,,,,,,,,,
,,,,,,,,,,,,,,,,,,,,,
,,,,,,,,,,,,,,,,,,,,,
,,,,,,,,,,,,,,,,,,,,,
,,,,,,,,,,,,,,,,,,,,,
,,,,,,,,,,,,,,,,,,,,,
,,,,,,,,,,,,,,,,,,,,,
,,,,,,,,,,,,,,,,,,,,,
,,,,,,,,,,,,,,,,,,,,,
,,,,,,,,,,,,,,,,,,,,,
,,,,,,,,,,,,,,,,,,,,,
,,,,,,,,,,,,,,,,,,,,,
,,,,,,,,,,,,,,,,,,,,,
,,,,,,,,,,,,,,,,,,,,,
,,,,,,,,,,,,,,,,,,,,,
,,,,,,,,,,,,,,,,,,,,,
,,,,,,,,,,,,,,,,,,,,,
,,,,,,,,,,,,,,,,,,,,,
,,,,,,,,,,,,,,,,,,,,,
,,,,,,,,,,,,,,,,,,,,,
,,,,,,,,,,,,,,,,,,,,,
,,,,,,,,,,,,,,,,,,,,,
,,,,,,,,,,,,,,,,,,,,,
,,,,,,,,,,,,,,,,,,,,,
,,,,,,,,,,,,,,,,,,,,,
,,,,,,,,,,,,,,,,,,,,,
,,,,,,,,,,,,,,,,,,,,,
,,,,,,,,,,,,,,,,,,,,,
,,,,,,,,,,,,,,,,,,,,,
,,,,,,,,,,,,,,,,,,,,,
,,,,,,,,,,,,,,,,,,,,,
,,,,,,,,,,,,,,,,,,,,,
,,,,,,,,,,,,,,,,,,,,,
,,,,,,,,,,,,,,,,,,,,,
,,,,,,,,,,,,,,,,,,,,,
,,,,,,,,,,,,,,,,,,,,,
,,,,,,,,,,,,,,,,,,,,,
,,,,,,,,,,,,,,,,,,,,,
,,,,,,,,,,,,,,,,,,,,,
,,,,,,,,,,,,,,,,,,,,,
,,,,,,,,,,,,,,,,,,,,,
,,,,,,,,,,,,,,,,,,,,,
,,,,,,,,,,,,,,,,,,,,,
,,,,,,,,,,,,,,,,,,,,,
,,,,,,,,,,,,,,,,,,,,,
,,,,,,,,,,,,,,,,,,,,,
,,,,,,,,,,,,,,,,,,,,,
,,,,,,,,,,,,,,,,,,,,,
,,,,,,,,,,,,,,,,,,,,,
,,,,,,,,,,,,,,,,,,,,,
,,,,,,,,,,,,,,,,,,,,,
,,,,,,,,,,,,,,,,,,,,,
,,,,,,,,,,,,,,,,,,,,,
,,,,,,,,,,,,,,,,,,,,,
,,,,,,,,,,,,,,,,,,,,,
,,,,,,,,,,,,,,,,,,,,,
,,,,,,,,,,,,,,,,,,,,,
,,,,,,,,,,,,,,,,,,,,,
,,,,,,,,,,,,,,,,,,,,,
,,,,,,,,,,,,,,,,,,,,,
,,,,,,,,,,,,,,,,,,,,,
,,,,,,,,,,,,,,,,,,,,,
,,,,,,,,,,,,,,,,,,,,,
,,,,,,,,,,,,,,,,,,,,,
,,,,,,,,,,,,,,,,,,,,,
,,,,,,,,,,,,,,,,,,,,,
,,,,,,,,,,,,,,,,,,,,,
,,,,,,,,,,,,,,,,,,,,,
,,,,,,,,,,,,,,,,,,,,,
,,,,,,,,,,,,,,,,,,,,,
,,,,,,,,,,,,,,,,,,,,,
,,,,,,,,,,,,,,,,,,,,,
,,,,,,,,,,,,,,,,,,,,,
,,,,,,,,,,,,,,,,,,,,,
,,,,,,,,,,,,,,,,,,,,,
,,,,,,,,,,,,,,,,,,,,,
,,,,,,,,,,,,,,,,,,,,,
,,,,,,,,,,,,,,,,,,,,,
,,,,,,,,,,,,,,,,,,,,,
,,,,,,,,,,,,,,,,,,,,,
,,,,,,,,,,,,,,,,,,,,,
,,,,,,,,,,,,,,,,,,,,,
,,,,,,,,,,,,,,,,,,,,,
,,,,,,,,,,,,,,,,,,,,,
,,,,,,,,,,,,,,,,,,,,,
,,,,,,,,,,,,,,,,,,,,,
,,,,,,,,,,,,,,,,,,,,,
,,,,,,,,,,,,,,,,,,,,,
,,,,,,,,,,,,,,,,,,,,,
,,,,,,,,,,,,,,,,,,,,,
,,,,,,,,,,,,,,,,,,,,,
,,,,,,,,,,,,,,,,,,,,,
,,,,,,,,,,,,,,,,,,,,,
,,,,,,,,,,,,,,,,,,,,,
,,,,,,,,,,,,,,,,,,,,,
,,,,,,,,,,,,,,,,,,,,,
,,,,,,,,,,,,,,,,,,,,,
,,,,,,,,,,,,,,,,,,,,,
,,,,,,,,,,,,,,,,,,,,,
,,,,,,,,,,,,,,,,,,,,,
,,,,,,,,,,,,,,,,,,,,,
,,,,,,,,,,,,,,,,,,,,,
,,,,,,,,,,,,,,,,,,,,,
,,,,,,,,,,,,,,,,,,,,,
,,,,,,,,,,,,,,,,,,,,,
,,,,,,,,,,,,,,,,,,,,,
,,,,,,,,,,,,,,,,,,,,,
,,,,,,,,,,,,,,,,,,,,,
,,,,,,,,,,,,,,,,,,,,,
,,,,,,,,,,,,,,,,,,,,,
,,,,,,,,,,,,,,,,,,,,,
,,,,,,,,,,,,,,,,,,,,,
,,,,,,,,,,,,,,,,,,,,,
,,,,,,,,,,,,,,,,,,,,,
,,,,,,,,,,,,,,,,,,,,,
,,,,,,,,,,,,,,,,,,,,,
,,,,,,,,,,,,,,,,,,,,,
,,,,,,,,,,,,,,,,,,,,,
,,,,,,,,,,,,,,,,,,,,,
,,,,,,,,,,,,,,,,,,,,,
,,,,,,,,,,,,,,,,,,,,,
,,,,,,,,,,,,,,,,,,,,,
,,,,,,,,,,,,,,,,,,,,,
,,,,,,,,,,,,,,,,,,,,,
,,,,,,,,,,,,,,,,,,,,,
,,,,,,,,,,,,,,,,,,,,,
,,,,,,,,,,,,,,,,,,,,,
,,,,,,,,,,,,,,,,,,,,,
,,,,,,,,,,,,,,,,,,,,,
,,,,,,,,,,,,,,,,,,,,,
,,,,,,,,,,,,,,,,,,,,,
,,,,,,,,,,,,,,,,,,,,,
,,,,,,,,,,,,,,,,,,,,,
,,,,,,,,,,,,,,,,,,,,,
,,,,,,,,,,,,,,,,,,,,,
,,,,,,,,,,,,,,,,,,,,,
,,,,,,,,,,,,,,,,,,,,,
,,,,,,,,,,,,,,,,,,,,,
,,,,,,,,,,,,,,,,,,,,,
,,,,,,,,,,,,,,,,,,,,,
,,,,,,,,,,,,,,,,,,,,,
,,,,,,,,,,,,,,,,,,,,,
,,,,,,,,,,,,,,,,,,,,,
,,,,,,,,,,,,,,,,,,,,,
,,,,,,,,,,,,,,,,,,,,,
,,,,,,,,,,,,,,,,,,,,,
,,,,,,,,,,,,,,,,,,,,,
,,,,,,,,,,,,,,,,,,,,,
,,,,,,,,,,,,,,,,,,,,,
,,,,,,,,,,,,,,,,,,,,,
,,,,,,,,,,,,,,,,,,,,,
,,,,,,,,,,,,,,,,,,,,,
,,,,,,,,,,,,,,,,,,,,,
,,,,,,,,,,,,,,,,,,,,,
,,,,,,,,,,,,,,,,,,,,,
,,,,,,,,,,,,,,,,,,,,,
,,,,,,,,,,,,,,,,,,,,,
,,,,,,,,,,,,,,,,,,,,,
,,,,,,,,,,,,,,,,,,,,,
,,,,,,,,,,,,,,,,,,,,,
,,,,,,,,,,,,,,,,,,,,,
,,,,,,,,,,,,,,,,,,,,,
,,,,,,,,,,,,,,,,,,,,,
,,,,,,,,,,,,,,,,,,,,,
,,,,,,,,,,,,,,,,,,,,,
,,,,,,,,,,,,,,,,,,,,,
,,,,,,,,,,,,,,,,,,,,,
,,,,,,,,,,,,,,,,,,,,,
,,,,,,,,,,,,,,,,,,,,,
,,,,,,,,,,,,,,,,,,,,,
,,,,,,,,,,,,,,,,,,,,,
,,,,,,,,,,,,,,,,,,,,,
,,,,,,,,,,,,,,,,,,,,,
,,,,,,,,,,,,,,,,,,,,,
,,,,,,,,,,,,,,,,,,,,,
,,,,,,,,,,,,,,,,,,,,,
,,,,,,,,,,,,,,,,,,,,,
,,,,,,,,,,,,,,,,,,,,,
,,,,,,,,,,,,,,,,,,,,,
,,,,,,,,,,,,,,,,,,,,,
,,,,,,,,,,,,,,,,,,,,,
,,,,,,,,,,,,,,,,,,,,,
,,,,,,,,,,,,,,,,,,,,,
,,,,,,,,,,,,,,,,,,,,,
,,,,,,,,,,,,,,,,,,,,,
,,,,,,,,,,,,,,,,,,,,,
,,,,,,,,,,,,,,,,,,,,,
,,,,,,,,,,,,,,,,,,,,,
,,,,,,,,,,,,,,,,,,,,,
,,,,,,,,,,,,,,,,,,,,,
,,,,,,,,,,,,,,,,,,,,,
,,,,,,,,,,,,,,,,,,,,,
,,,,,,,,,,,,,,,,,,,,,
,,,,,,,,,,,,,,,,,,,,,
,,,,,,,,,,,,,,,,,,,,,
,,,,,,,,,,,,,,,,,,,,,
,,,,,,,,,,,,,,,,,,,,,
,,,,,,,,,,,,,,,,,,,,,
,,,,,,,,,,,,,,,,,,,,,
,,,,,,,,,,,,,,,,,,,,,
,,,,,,,,,,,,,,,,,,,,,
,,,,,,,,,,,,,,,,,,,,,
,,,,,,,,,,,,,,,,,,,,,
,,,,,,,,,,,,,,,,,,,,,
,,,,,,,,,,,,,,,,,,,,,
,,,,,,,,,,,,,,,,,,,,,
,,,,,,,,,,,,,,,,,,,,,
,,,,,,,,,,,,,,,,,,,,,
,,,,,,,,,,,,,,,,,,,,,
,,,,,,,,,,,,,,,,,,,,,
,,,,,,,,,,,,,,,,,,,,,
,,,,,,,,,,,,,,,,,,,,,
,,,,,,,,,,,,,,,,,,,,,
,,,,,,,,,,,,,,,,,,,,,
,,,,,,,,,,,,,,,,,,,,,
,,,,,,,,,,,,,,,,,,,,,
,,,,,,,,,,,,,,,,,,,,,
,,,,,,,,,,,,,,,,,,,,,
,,,,,,,,,,,,,,,,,,,,,
,,,,,,,,,,,,,,,,,,,,,
,,,,,,,,,,,,,,,,,,,,,
,,,,,,,,,,,,,,,,,,,,,
,,,,,,,,,,,,,,,,,,,,,
,,,,,,,,,,,,,,,,,,,,,
,,,,,,,,,,,,,,,,,,,,,
,,,,,,,,,,,,,,,,,,,,,
,,,,,,,,,,,,,,,,,,,,,
,,,,,,,,,,,,,,,,,,,,,
,,,,,,,,,,,,,,,,,,,,,
,,,,,,,,,,,,,,,,,,,,,
,,,,,,,,,,,,,,,,,,,,,
,,,,,,,,,,,,,,,,,,,,,
,,,,,,,,,,,,,,,,,,,,,
,,,,,,,,,,,,,,,,,,,,,
,,,,,,,,,,,,,,,,,,,,,
,,,,,,,,,,,,,,,,,,,,,
,,,,,,,,,,,,,,,,,,,,,
,,,,,,,,,,,,,,,,,,,,,
,,,,,,,,,,,,,,,,,,,,,
,,,,,,,,,,,,,,,,,,,,,
,,,,,,,,,,,,,,,,,,,,,
,,,,,,,,,,,,,,,,,,,,,
,,,,,,,,,,,,,,,,,,,,,
,,,,,,,,,,,,,,,,,,,,,
,,,,,,,,,,,,,,,,,,,,,
,,,,,,,,,,,,,,,,,,,,,
,,,,,,,,,,,,,,,,,,,,,
,,,,,,,,,,,,,,,,,,,,,
,,,,,,,,,,,,,,,,,,,,,
,,,,,,,,,,,,,,,,,,,,,
,,,,,,,,,,,,,,,,,,,,,
,,,,,,,,,,,,,,,,,,,,,
,,,,,,,,,,,,,,,,,,,,,
,,,,,,,,,,,,,,,,,,,,,
,,,,,,,,,,,,,,,,,,,,,
,,,,,,,,,,,,,,,,,,,,,
,,,,,,,,,,,,,,,,,,,,,
,,,,,,,,,,,,,,,,,,,,,
,,,,,,,,,,,,,,,,,,,,,
,,,,,,,,,,,,,,,,,,,,,
,,,,,,,,,,,,,,,,,,,,,
,,,,,,,,,,,,,,,,,,,,,
,,,,,,,,,,,,,,,,,,,,,
,,,,,,,,,,,,,,,,,,,,,
,,,,,,,,,,,,,,,,,,,,,
,,,,,,,,,,,,,,,,,,,,,
,,,,,,,,,,,,,,,,,,,,,
,,,,,,,,,,,,,,,,,,,,,
,,,,,,,,,,,,,,,,,,,,,
,,,,,,,,,,,,,,,,,,,,,
,,,,,,,,,,,,,,,,,,,,,
,,,,,,,,,,,,,,,,,,,,,
,,,,,,,,,,,,,,,,,,,,,
,,,,,,,,,,,,,,,,,,,,,
,,,,,,,,,,,,,,,,,,,,,
,,,,,,,,,,,,,,,,,,,,,
,,,,,,,,,,,,,,,,,,,,,
,,,,,,,,,,,,,,,,,,,,,
,,,,,,,,,,,,,,,,,,,,,
,,,,,,,,,,,,,,,,,,,,,
,,,,,,,,,,,,,,,,,,,,,
,,,,,,,,,,,,,,,,,,,,,
,,,,,,,,,,,,,,,,,,,,,
,,,,,,,,,,,,,,,,,,,,,
,,,,,,,,,,,,,,,,,,,,,
,,,,,,,,,,,,,,,,,,,,,
,,,,,,,,,,,,,,,,,,,,,
,,,,,,,,,,,,,,,,,,,,,
,,,,,,,,,,,,,,,,,,,,,
,,,,,,,,,,,,,,,,,,,,,
,,,,,,,,,,,,,,,,,,,,,
,,,,,,,,,,,,,,,,,,,,,
,,,,,,,,,,,,,,,,,,,,,
,,,,,,,,,,,,,,,,,,,,,
,,,,,,,,,,,,,,,,,,,,,
,,,,,,,,,,,,,,,,,,,,,
,,,,,,,,,,,,,,,,,,,,,
,,,,,,,,,,,,,,,,,,,,,
,,,,,,,,,,,,,,,,,,,,,
,,,,,,,,,,,,,,,,,,,,,
,,,,,,,,,,,,,,,,,,,,,
,,,,,,,,,,,,,,,,,,,,,
,,,,,,,,,,,,,,,,,,,,,
,,,,,,,,,,,,,,,,,,,,,
,,,,,,,,,,,,,,,,,,,,,
,,,,,,,,,,,,,,,,,,,,,
,,,,,,,,,,,,,,,,,,,,,
,,,,,,,,,,,,,,,,,,,,,
,,,,,,,,,,,,,,,,,,,,,
,,,,,,,,,,,,,,,,,,,,,
,,,,,,,,,,,,,,,,,,,,,
,,,,,,,,,,,,,,,,,,,,,
,,,,,,,,,,,,,,,,,,,,,
,,,,,,,,,,,,,,,,,,,,,
,,,,,,,,,,,,,,,,,,,,,
,,,,,,,,,,,,,,,,,,,,,
,,,,,,,,,,,,,,,,,,,,,
,,,,,,,,,,,,,,,,,,,,,
,,,,,,,,,,,,,,,,,,,,,
,,,,,,,,,,,,,,,,,,,,,
,,,,,,,,,,,,,,,,,,,,,
,,,,,,,,,,,,,,,,,,,,,
,,,,,,,,,,,,,,,,,,,,,
,,,,,,,,,,,,,,,,,,,,,
,,,,,,,,,,,,,,,,,,,,,
,,,,,,,,,,,,,,,,,,,,,
,,,,,,,,,,,,,,,,,,,,,
,,,,,,,,,,,,,,,,,,,,,
,,,,,,,,,,,,,,,,,,,,,
,,,,,,,,,,,,,,,,,,,,,
,,,,,,,,,,,,,,,,,,,,,
,,,,,,,,,,,,,,,,,,,,,
,,,,,,,,,,,,,,,,,,,,,
,,,,,,,,,,,,,,,,,,,,,
,,,,,,,,,,,,,,,,,,,,,
,,,,,,,,,,,,,,,,,,,,,
,,,,,,,,,,,,,,,,,,,,,
,,,,,,,,,,,,,,,,,,,,,
,,,,,,,,,,,,,,,,,,,,,
,,,,,,,,,,,,,,,,,,,,,
,,,,,,,,,,,,,,,,,,,,,
,,,,,,,,,,,,,,,,,,,,,
,,,,,,,,,,,,,,,,,,,,,
,,,,,,,,,,,,,,,,,,,,,
,,,,,,,,,,,,,,,,,,,,,
,,,,,,,,,,,,,,,,,,,,,
,,,,,,,,,,,,,,,,,,,,,
,,,,,,,,,,,,,,,,,,,,,
,,,,,,,,,,,,,,,,,,,,,
,,,,,,,,,,,,,,,,,,,,,
,,,,,,,,,,,,,,,,,,,,,
,,,,,,,,,,,,,,,,,,,,,
,,,,,,,,,,,,,,,,,,,,,
,,,,,,,,,,,,,,,,,,,,,
,,,,,,,,,,,,,,,,,,,,,
,,,,,,,,,,,,,,,,,,,,,
,,,,,,,,,,,,,,,,,,,,,
,,,,,,,,,,,,,,,,,,,,,
,,,,,,,,,,,,,,,,,,,,,
,,,,,,,,,,,,,,,,,,,,,
,,,,,,,,,,,,,,,,,,,,,
,,,,,,,,,,,,,,,,,,,,,
,,,,,,,,,,,,,,,,,,,,,
,,,,,,,,,,,,,,,,,,,,,
,,,,,,,,,,,,,,,,,,,,,
,,,,,,,,,,,,,,,,,,,,,
,,,,,,,,,,,,,,,,,,,,,
,,,,,,,,,,,,,,,,,,,,,
,,,,,,,,,,,,,,,,,,,,,
,,,,,,,,,,,,,,,,,,,,,
,,,,,,,,,,,,,,,,,,,,,
,,,,,,,,,,,,,,,,,,,,,
,,,,,,,,,,,,,,,,,,,,,
,,,,,,,,,,,,,,,,,,,,,
,,,,,,,,,,,,,,,,,,,,,
,,,,,,,,,,,,,,,,,,,,,
,,,,,,,,,,,,,,,,,,,,,
,,,,,,,,,,,,,,,,,,,,,
,,,,,,,,,,,,,,,,,,,,,
,,,,,,,,,,,,,,,,,,,,,
,,,,,,,,,,,,,,,,,,,,,
,,,,,,,,,,,,,,,,,,,,,
,,,,,,,,,,,,,,,,,,,,,
,,,,,,,,,,,,,,,,,,,,,
,,,,,,,,,,,,,,,,,,,,,
,,,,,,,,,,,,,,,,,,,,,
,,,,,,,,,,,,,,,,,,,,,
,,,,,,,,,,,,,,,,,,,,,
,,,,,,,,,,,,,,,,,,,,,
,,,,,,,,,,,,,,,,,,,,,
,,,,,,,,,,,,,,,,,,,,,
,,,,,,,,,,,,,,,,,,,,,
,,,,,,,,,,,,,,,,,,,,,
,,,,,,,,,,,,,,,,,,,,,
,,,,,,,,,,,,,,,,,,,,,
,,,,,,,,,,,,,,,,,,,,,
,,,,,,,,,,,,,,,,,,,,,
,,,,,,,,,,,,,,,,,,,,,
,,,,,,,,,,,,,,,,,,,,,
,,,,,,,,,,,,,,,,,,,,,
,,,,,,,,,,,,,,,,,,,,,
,,,,,,,,,,,,,,,,,,,,,
,,,,,,,,,,,,,,,,,,,,,
,,,,,,,,,,,,,,,,,,,,,
,,,,,,,,,,,,,,,,,,,,,
,,,,,,,,,,,,,,,,,,,,,
,,,,,,,,,,,,,,,,,,,,,
,,,,,,,,,,,,,,,,,,,,,
,,,,,,,,,,,,,,,,,,,,,
,,,,,,,,,,,,,,,,,,,,,
,,,,,,,,,,,,,,,,,,,,,
,,,,,,,,,,,,,,,,,,,,,
,,,,,,,,,,,,,,,,,,,,,
,,,,,,,,,,,,,,,,,,,,,
,,,,,,,,,,,,,,,,,,,,,
,,,,,,,,,,,,,,,,,,,,,
,,,,,,,,,,,,,,,,,,,,,
,,,,,,,,,,,,,,,,,,,,,
,,,,,,,,,,,,,,,,,,,,,
,,,,,,,,,,,,,,,,,,,,,
,,,,,,,,,,,,,,,,,,,,,
,,,,,,,,,,,,,,,,,,,,,
,,,,,,,,,,,,,,,,,,,,,
,,,,,,,,,,,,,,,,,,,,,
,,,,,,,,,,,,,,,,,,,,,
,,,,,,,,,,,,,,,,,,,,,
,,,,,,,,,,,,,,,,,,,,,
,,,,,,,,,,,,,,,,,,,,,
,,,,,,,,,,,,,,,,,,,,,
,,,,,,,,,,,,,,,,,,,,,
,,,,,,,,,,,,,,,,,,,,,
,,,,,,,,,,,,,,,,,,,,,
,,,,,,,,,,,,,,,,,,,,,
,,,,,,,,,,,,,,,,,,,,,
,,,,,,,,,,,,,,,,,,,,,
,,,,,,,,,,,,,,,,,,,,,
,,,,,,,,,,,,,,,,,,,,,
,,,,,,,,,,,,,,,,,,,,,
,,,,,,,,,,,,,,,,,,,,,
,,,,,,,,,,,,,,,,,,,,,
,,,,,,,,,,,,,,,,,,,,,
,,,,,,,,,,,,,,,,,,,,,
,,,,,,,,,,,,,,,,,,,,,
,,,,,,,,,,,,,,,,,,,,,
,,,,,,,,,,,,,,,,,,,,,
,,,,,,,,,,,,,,,,,,,,,
,,,,,,,,,,,,,,,,,,,,,
,,,,,,,,,,,,,,,,,,,,,
,,,,,,,,,,,,,,,,,,,,,
,,,,,,,,,,,,,,,,,,,,,
,,,,,,,,,,,,,,,,,,,,,
,,,,,,,,,,,,,,,,,,,,,
,,,,,,,,,,,,,,,,,,,,,
,,,,,,,,,,,,,,,,,,,,,
,,,,,,,,,,,,,,,,,,,,,
,,,,,,,,,,,,,,,,,,,,,
,,,,,,,,,,,,,,,,,,,,,
,,,,,,,,,,,,,,,,,,,,,
,,,,,,,,,,,,,,,,,,,,,
,,,,,,,,,,,,,,,,,,,,,
,,,,,,,,,,,,,,,,,,,,,
,,,,,,,,,,,,,,,,,,,,,
,,,,,,,,,,,,,,,,,,,,,
,,,,,,,,,,,,,,,,,,,,,
,,,,,,,,,,,,,,,,,,,,,
,,,,,,,,,,,,,,,,,,,,,
,,,,,,,,,,,,,,,,,,,,,
,,,,,,,,,,,,,,,,,,,,,
,,,,,,,,,,,,,,,,,,,,,
,,,,,,,,,,,,,,,,,,,,,
,,,,,,,,,,,,,,,,,,,,,
,,,,,,,,,,,,,,,,,,,,,
,,,,,,,,,,,,,,,,,,,,,
,,,,,,,,,,,,,,,,,,,,,
,,,,,,,,,,,,,,,,,,,,,
,,,,,,,,,,,,,,,,,,,,,
,,,,,,,,,,,,,,,,,,,,,
,,,,,,,,,,,,,,,,,,,,,
,,,,,,,,,,,,,,,,,,,,,
,,,,,,,,,,,,,,,,,,,,,
,,,,,,,,,,,,,,,,,,,,,
,,,,,,,,,,,,,,,,,,,,,
,,,,,,,,,,,,,,,,,,,,,
,,,,,,,,,,,,,,,,,,,,,
,,,,,,,,,,,,,,,,,,,,,
,,,,,,,,,,,,,,,,,,,,,
,,,,,,,,,,,,,,,,,,,,,
,,,,,,,,,,,,,,,,,,,,,
,,,,,,,,,,,,,,,,,,,,,
,,,,,,,,,,,,,,,,,,,,,
,,,,,,,,,,,,,,,,,,,,,
,,,,,,,,,,,,,,,,,,,,,
,,,,,,,,,,,,,,,,,,,,,
,,,,,,,,,,,,,,,,,,,,,
,,,,,,,,,,,,,,,,,,,,,
,,,,,,,,,,,,,,,,,,,,,
,,,,,,,,,,,,,,,,,,,,,
,,,,,,,,,,,,,,,,,,,,,
,,,,,,,,,,,,,,,,,,,,,
,,,,,,,,,,,,,,,,,,,,,
,,,,,,,,,,,,,,,,,,,,,
,,,,,,,,,,,,,,,,,,,,,
,,,,,,,,,,,,,,,,,,,,,
,,,,,,,,,,,,,,,,,,,,,
,,,,,,,,,,,,,,,,,,,,,
,,,,,,,,,,,,,,,,,,,,,
,,,,,,,,,,,,,,,,,,,,,
,,,,,,,,,,,,,,,,,,,,,
,,,,,,,,,,,,,,,,,,,,,
,,,,,,,,,,,,,,,,,,,,,
,,,,,,,,,,,,,,,,,,,,,
,,,,,,,,,,,,,,,,,,,,,
,,,,,,,,,,,,,,,,,,,,,
,,,,,,,,,,,,,,,,,,,,,
,,,,,,,,,,,,,,,,,,,,,
,,,,,,,,,,,,,,,,,,,,,
,,,,,,,,,,,,,,,,,,,,,
,,,,,,,,,,,,,,,,,,,,,
,,,,,,,,,,,,,,,,,,,,,
,,,,,,,,,,,,,,,,,,,,,
,,,,,,,,,,,,,,,,,,,,,
,,,,,,,,,,,,,,,,,,,,,
,,,,,,,,,,,,,,,,,,,,,
,,,,,,,,,,,,,,,,,,,,,
,,,,,,,,,,,,,,,,,,,,,
,,,,,,,,,,,,,,,,,,,,,
,,,,,,,,,,,,,,,,,,,,,
,,,,,,,,,,,,,,,,,,,,,
,,,,,,,,,,,,,,,,,,,,,
,,,,,,,,,,,,,,,,,,,,,
,,,,,,,,,,,,,,,,,,,,,
,,,,,,,,,,,,,,,,,,,,,
,,,,,,,,,,,,,,,,,,,,,
,,,,,,,,,,,,,,,,,,,,,
,,,,,,,,,,,,,,,,,,,,,
,,,,,,,,,,,,,,,,,,,,,
,,,,,,,,,,,,,,,,,,,,,
,,,,,,,,,,,,,,,,,,,,,
,,,,,,,,,,,,,,,,,,,,,
,,,,,,,,,,,,,,,,,,,,,
,,,,,,,,,,,,,,,,,,,,,
,,,,,,,,,,,,,,,,,,,,,
,,,,,,,,,,,,,,,,,,,,,
,,,,,,,,,,,,,,,,,,,,,
,,,,,,,,,,,,,,,,,,,,,
,,,,,,,,,,,,,,,,,,,,,
,,,,,,,,,,,,,,,,,,,,,
,,,,,,,,,,,,,,,,,,,,,
,,,,,,,,,,,,,,,,,,,,,
,,,,,,,,,,,,,,,,,,,,,
,,,,,,,,,,,,,,,,,,,,,
,,,,,,,,,,,,,,,,,,,,,
,,,,,,,,,,,,,,,,,,,,,
,,,,,,,,,,,,,,,,,,,,,
,,,,,,,,,,,,,,,,,,,,,
,,,,,,,,,,,,,,,,,,,,,
,,,,,,,,,,,,,,,,,,,,,
,,,,,,,,,,,,,,,,,,,,,
,,,,,,,,,,,,,,,,,,,,,
,,,,,,,,,,,,,,,,,,,,,
,,,,,,,,,,,,,,,,,,,,,
,,,,,,,,,,,,,,,,,,,,,
,,,,,,,,,,,,,,,,,,,,,
,,,,,,,,,,,,,,,,,,,,,
,,,,,,,,,,,,,,,,,,,,,
,,,,,,,,,,,,,,,,,,,,,
,,,,,,,,,,,,,,,,,,,,,
,,,,,,,,,,,,,,,,,,,,,
,,,,,,,,,,,,,,,,,,,,,
,,,,,,,,,,,,,,,,,,,,,
,,,,,,,,,,,,,,,,,,,,,
,,,,,,,,,,,,,,,,,,,,,
,,,,,,,,,,,,,,,,,,,,,
,,,,,,,,,,,,,,,,,,,,,
,,,,,,,,,,,,,,,,,,,,,
,,,,,,,,,,,,,,,,,,,,,
,,,,,,,,,,,,,,,,,,,,,
,,,,,,,,,,,,,,,,,,,,,
,,,,,,,,,,,,,,,,,,,,,
,,,,,,,,,,,,,,,,,,,,,
,,,,,,,,,,,,,,,,,,,,,
,,,,,,,,,,,,,,,,,,,,,
,,,,,,,,,,,,,,,,,,,,,
,,,,,,,,,,,,,,,,,,,,,
,,,,,,,,,,,,,,,,,,,,,
,,,,,,,,,,,,,,,,,,,,,
,,,,,,,,,,,,,,,,,,,,,
,,,,,,,,,,,,,,,,,,,,,
,,,,,,,,,,,,,,,,,,,,,
,,,,,,,,,,,,,,,,,,,,,
,,,,,,,,,,,,,,,,,,,,,
,,,,,,,,,,,,,,,,,,,,,
,,,,,,,,,,,,,,,,,,,,,
,,,,,,,,,,,,,,,,,,,,,
,,,,,,,,,,,,,,,,,,,,,
,,,,,,,,,,,,,,,,,,,,,
,,,,,,,,,,,,,,,,,,,,,
,,,,,,,,,,,,,,,,,,,,,
,,,,,,,,,,,,,,,,,,,,,
,,,,,,,,,,,,,,,,,,,,,
,,,,,,,,,,,,,,,,,,,,,
,,,,,,,,,,,,,,,,,,,,,
,,,,,,,,,,,,,,,,,,,,,
,,,,,,,,,,,,,,,,,,,,,
,,,,,,,,,,,,,,,,,,,,,
,,,,,,,,,,,,,,,,,,,,,
,,,,,,,,,,,,,,,,,,,,,
,,,,,,,,,,,,,,,,,,,,,
,,,,,,,,,,,,,,,,,,,,,
,,,,,,,,,,,,,,,,,,,,,
,,,,,,,,,,,,,,,,,,,,,
,,,,,,,,,,,,,,,,,,,,,
,,,,,,,,,,,,,,,,,,,,,
,,,,,,,,,,,,,,,,,,,,,
,,,,,,,,,,,,,,,,,,,,,
,,,,,,,,,,,,,,,,,,,,,
,,,,,,,,,,,,,,,,,,,,,
,,,,,,,,,,,,,,,,,,,,,
,,,,,,,,,,,,,,,,,,,,,
,,,,,,,,,,,,,,,,,,,,,
,,,,,,,,,,,,,,,,,,,,,
,,,,,,,,,,,,,,,,,,,,,
,,,,,,,,,,,,,,,,,,,,,
,,,,,,,,,,,,,,,,,,,,,
,,,,,,,,,,,,,,,,,,,,,
,,,,,,,,,,,,,,,,,,,,,
,,,,,,,,,,,,,,,,,,,,,
,,,,,,,,,,,,,,,,,,,,,
,,,,,,,,,,,,,,,,,,,,,
,,,,,,,,,,,,,,,,,,,,,
,,,,,,,,,,,,,,,,,,,,,
,,,,,,,,,,,,,,,,,,,,,
,,,,,,,,,,,,,,,,,,,,,
,,,,,,,,,,,,,,,,,,,,,
,,,,,,,,,,,,,,,,,,,,,
,,,,,,,,,,,,,,,,,,,,,
,,,,,,,,,,,,,,,,,,,,,
,,,,,,,,,,,,,,,,,,,,,
,,,,,,,,,,,,,,,,,,,,,
,,,,,,,,,,,,,,,,,,,,,
,,,,,,,,,,,,,,,,,,,,,
,,,,,,,,,,,,,,,,,,,,,
,,,,,,,,,,,,,,,,,,,,,
,,,,,,,,,,,,,,,,,,,,,
,,,,,,,,,,,,,,,,,,,,,
,,,,,,,,,,,,,,,,,,,,,
,,,,,,,,,,,,,,,,,,,,,
,,,,,,,,,,,,,,,,,,,,,
,,,,,,,,,,,,,,,,,,,,,
,,,,,,,,,,,,,,,,,,,,,
,,,,,,,,,,,,,,,,,,,,,
,,,,,,,,,,,,,,,,,,,,,
,,,,,,,,,,,,,,,,,,,,,
,,,,,,,,,,,,,,,,,,,,,
,,,,,,,,,,,,,,,,,,,,,
,,,,,,,,,,,,,,,,,,,,,
,,,,,,,,,,,,,,,,,,,,,
,,,,,,,,,,,,,,,,,,,,,
,,,,,,,,,,,,,,,,,,,,,
,,,,,,,,,,,,,,,,,,,,,
,,,,,,,,,,,,,,,,,,,,,
,,,,,,,,,,,,,,,,,,,,,
,,,,,,,,,,,,,,,,,,,,,
,,,,,,,,,,,,,,,,,,,,,
,,,,,,,,,,,,,,,,,,,,,
,,,,,,,,,,,,,,,,,,,,,
,,,,,,,,,,,,,,,,,,,,,
,,,,,,,,,,,,,,,,,,,,,
,,,,,,,,,,,,,,,,,,,,,
,,,,,,,,,,,,,,,,,,,,,
,,,,,,,,,,,,,,,,,,,,,
,,,,,,,,,,,,,,,,,,,,,
,,,,,,,,,,,,,,,,,,,,,
,,,,,,,,,,,,,,,,,,,,,
,,,,,,,,,,,,,,,,,,,,,
,,,,,,,,,,,,,,,,,,,,,
,,,,,,,,,,,,,,,,,,,,,
,,,,,,,,,,,,,,,,,,,,,
,,,,,,,,,,,,,,,,,,,,,
,,,,,,,,,,,,,,,,,,,,,
,,,,,,,,,,,,,,,,,,,,,
,,,,,,,,,,,,,,,,,,,,,
,,,,,,,,,,,,,,,,,,,,,
,,,,,,,,,,,,,,,,,,,,,
,,,,,,,,,,,,,,,,,,,,,
,,,,,,,,,,,,,,,,,,,,,
,,,,,,,,,,,,,,,,,,,,,
,,,,,,,,,,,,,,,,,,,,,
,,,,,,,,,,,,,,,,,,,,,
,,,,,,,,,,,,,,,,,,,,,
,,,,,,,,,,,,,,,,,,,,,
,,,,,,,,,,,,,,,,,,,,,
,,,,,,,,,,,,,,,,,,,,,
,,,,,,,,,,,,,,,,,,,,,
,,,,,,,,,,,,,,,,,,,,,
,,,,,,,,,,,,,,,,,,,,,
,,,,,,,,,,,,,,,,,,,,,
,,,,,,,,,,,,,,,,,,,,,
,,,,,,,,,,,,,,,,,,,,,
,,,,,,,,,,,,,,,,,,,,,
,,,,,,,,,,,,,,,,,,,,,
,,,,,,,,,,,,,,,,,,,,,
,,,,,,,,,,,,,,,,,,,,,
,,,,,,,,,,,,,,,,,,,,,
,,,,,,,,,,,,,,,,,,,,,
,,,,,,,,,,,,,,,,,,,,,
,,,,,,,,,,,,,,,,,,,,,
,,,,,,,,,,,,,,,,,,,,,
,,,,,,,,,,,,,,,,,,,,,
,,,,,,,,,,,,,,,,,,,,,
,,,,,,,,,,,,,,,,,,,,,
,,,,,,,,,,,,,,,,,,,,,
,,,,,,,,,,,,,,,,,,,,,
,,,,,,,,,,,,,,,,,,,,,
,,,,,,,,,,,,,,,,,,,,,
,,,,,,,,,,,,,,,,,,,,,
,,,,,,,,,,,,,,,,,,,,,
,,,,,,,,,,,,,,,,,,,,,
,,,,,,,,,,,,,,,,,,,,,
,,,,,,,,,,,,,,,,,,,,,
,,,,,,,,,,,,,,,,,,,,,
,,,,,,,,,,,,,,,,,,,,,
,,,,,,,,,,,,,,,,,,,,,
,,,,,,,,,,,,,,,,,,,,,
,,,,,,,,,,,,,,,,,,,,,
,,,,,,,,,,,,,,,,,,,,,
,,,,,,,,,,,,,,,,,,,,,
,,,,,,,,,,,,,,,,,,,,,
,,,,,,,,,,,,,,,,,,,,,
,,,,,,,,,,,,,,,,,,,,,
,,,,,,,,,,,,,,,,,,,,,
,,,,,,,,,,,,,,,,,,,,,
,,,,,,,,,,,,,,,,,,,,,
,,,,,,,,,,,,,,,,,,,,,
,,,,,,,,,,,,,,,,,,,,,
,,,,,,,,,,,,,,,,,,,,,
,,,,,,,,,,,,,,,,,,,,,
,,,,,,,,,,,,,,,,,,,,,
,,,,,,,,,,,,,,,,,,,,,
,,,,,,,,,,,,,,,,,,,,,
,,,,,,,,,,,,,,,,,,,,,
,,,,,,,,,,,,,,,,,,,,,
,,,,,,,,,,,,,,,,,,,,,
,,,,,,,,,,,,,,,,,,,,,
,,,,,,,,,,,,,,,,,,,,,
,,,,,,,,,,,,,,,,,,,,,
,,,,,,,,,,,,,,,,,,,,,
,,,,,,,,,,,,,,,,,,,,,
,,,,,,,,,,,,,,,,,,,,,
,,,,,,,,,,,,,,,,,,,,,
,,,,,,,,,,,,,,,,,,,,,
,,,,,,,,,,,,,,,,,,,,,
,,,,,,,,,,,,,,,,,,,,,
,,,,,,,,,,,,,,,,,,,,,
,,,,,,,,,,,,,,,,,,,,,
,,,,,,,,,,,,,,,,,,,,,
,,,,,,,,,,,,,,,,,,,,,
,,,,,,,,,,,,,,,,,,,,,
,,,,,,,,,,,,,,,,,,,,,
,,,,,,,,,,,,,,,,,,,,,
,,,,,,,,,,,,,,,,,,,,,
,,,,,,,,,,,,,,,,,,,,,
,,,,,,,,,,,,,,,,,,,,,
,,,,,,,,,,,,,,,,,,,,,
,,,,,,,,,,,,,,,,,,,,,
,,,,,,,,,,,,,,,,,,,,,
,,,,,,,,,,,,,,,,,,,,,
,,,,,,,,,,,,,,,,,,,,,
,,,,,,,,,,,,,,,,,,,,,
,,,,,,,,,,,,,,,,,,,,,
,,,,,,,,,,,,,,,,,,,,,
,,,,,,,,,,,,,,,,,,,,,
,,,,,,,,,,,,,,,,,,,,,
,,,,,,,,,,,,,,,,,,,,,
,,,,,,,,,,,,,,,,,,,,,
,,,,,,,,,,,,,,,,,,,,,
,,,,,,,,,,,,,,,,,,,,,
,,,,,,,,,,,,,,,,,,,,,
,,,,,,,,,,,,,,,,,,,,,
,,,,,,,,,,,,,,,,,,,,,
,,,,,,,,,,,,,,,,,,,,,
,,,,,,,,,,,,,,,,,,,,,
,,,,,,,,,,,,,,,,,,,,,
,,,,,,,,,,,,,,,,,,,,,
,,,,,,,,,,,,,,,,,,,,,
,,,,,,,,,,,,,,,,,,,,,
,,,,,,,,,,,,,,,,,,,,,
,,,,,,,,,,,,,,,,,,,,,
,,,,,,,,,,,,,,,,,,,,,
,,,,,,,,,,,,,,,,,,,,,
,,,,,,,,,,,,,,,,,,,,,
,,,,,,,,,,,,,,,,,,,,,
,,,,,,,,,,,,,,,,,,,,,
,,,,,,,,,,,,,,,,,,,,,
,,,,,,,,,,,,,,,,,,,,,
,,,,,,,,,,,,,,,,,,,,,
,,,,,,,,,,,,,,,,,,,,,
,,,,,,,,,,,,,,,,,,,,,
,,,,,,,,,,,,,,,,,,,,,
,,,,,,,,,,,,,,,,,,,,,
,,,,,,,,,,,,,,,,,,,,,
,,,,,,,,,,,,,,,,,,,,,
,,,,,,,,,,,,,,,,,,,,,
,,,,,,,,,,,,,,,,,,,,,
,,,,,,,,,,,,,,,,,,,,,
,,,,,,,,,,,,,,,,,,,,,
,,,,,,,,,,,,,,,,,,,,,
,,,,,,,,,,,,,,,,,,,,,
,,,,,,,,,,,,,,,,,,,,,
,,,,,,,,,,,,,,,,,,,,,
,,,,,,,,,,,,,,,,,,,,,
,,,,,,,,,,,,,,,,,,,,,
,,,,,,,,,,,,,,,,,,,,,
,,,,,,,,,,,,,,,,,,,,,
,,,,,,,,,,,,,,,,,,,,,
,,,,,,,,,,,,,,,,,,,,,
,,,,,,,,,,,,,,,,,,,,,
,,,,,,,,,,,,,,,,,,,,,
,,,,,,,,,,,,,,,,,,,,,
,,,,,,,,,,,,,,,,,,,,,
,,,,,,,,,,,,,,,,,,,,,
,,,,,,,,,,,,,,,,,,,,,
,,,,,,,,,,,,,,,,,,,,,
,,,,,,,,,,,,,,,,,,,,,
,,,,,,,,,,,,,,,,,,,,,
,,,,,,,,,,,,,,,,,,,,,
,,,,,,,,,,,,,,,,,,,,,
,,,,,,,,,,,,,,,,,,,,,
,,,,,,,,,,,,,,,,,,,,,
,,,,,,,,,,,,,,,,,,,,,
,,,,,,,,,,,,,,,,,,,,,
,,,,,,,,,,,,,,,,,,,,,
,,,,,,,,,,,,,,,,,,,,,
,,,,,,,,,,,,,,,,,,,,,
,,,,,,,,,,,,,,,,,,,,,
,,,,,,,,,,,,,,,,,,,,,
,,,,,,,,,,,,,,,,,,,,,
,,,,,,,,,,,,,,,,,,,,,
,,,,,,,,,,,,,,,,,,,,,
,,,,,,,,,,,,,,,,,,,,,
,,,,,,,,,,,,,,,,,,,,,
,,,,,,,,,,,,,,,,,,,,,
,,,,,,,,,,,,,,,,,,,,,
,,,,,,,,,,,,,,,,,,,,,
,,,,,,,,,,,,,,,,,,,,,
,,,,,,,,,,,,,,,,,,,,,
,,,,,,,,,,,,,,,,,,,,,
,,,,,,,,,,,,,,,,,,,,,
,,,,,,,,,,,,,,,,,,,,,
,,,,,,,,,,,,,,,,,,,,,
,,,,,,,,,,,,,,,,,,,,,
,,,,,,,,,,,,,,,,,,,,,
,,,,,,,,,,,,,,,,,,,,,
,,,,,,,,,,,,,,,,,,,,,
,,,,,,,,,,,,,,,,,,,,,
,,,,,,,,,,,,,,,,,,,,,
,,,,,,,,,,,,,,,,,,,,,
,,,,,,,,,,,,,,,,,,,,,
,,,,,,,,,,,,,,,,,,,,,
,,,,,,,,,,,,,,,,,,,,,
,,,,,,,,,,,,,,,,,,,,,
,,,,,,,,,,,,,,,,,,,,,
,,,,,,,,,,,,,,,,,,,,,
,,,,,,,,,,,,,,,,,,,,,
,,,,,,,,,,,,,,,,,,,,,
,,,,,,,,,,,,,,,,,,,,,
,,,,,,,,,,,,,,,,,,,,,
,,,,,,,,,,,,,,,,,,,,,
,,,,,,,,,,,,,,,,,,,,,
,,,,,,,,,,,,,,,,,,,,,
,,,,,,,,,,,,,,,,,,,,,
,,Total,,1821,,,,,,,,,,,,,,,,,
,,,,,,,,,,,,,,,,,,,,,
,,Paint Code,Paint Name,RGB Code,,,,,,,,,,,,,,,,,
,,300,Alpine White,"255, 255, 255",https://github.com/Sman19/F87-M2-Ext-Int/blob/62fa3456fbd19b97c9772c0307a30f3c656ae3c9/2017_M2_Alpine_White_380x260.png?raw=true,,,,,,,,,,,,,,,,
,,475,Black Sapphire Metallic,"0, 0, 0",https://github.com/Sman19/F87-M2-Ext-Int/blob/62fa3456fbd19b97c9772c0307a30f3c656ae3c9/2017_M2_Black_Sapphire_380x260.png?raw=true,,,,,,,,,,,,,,,,
,,C16,Long Beach Blue,"3,137,197",https://github.com/Sman19/F87-M2-Ext-Int/blob/62fa3456fbd19b97c9772c0307a30f3c656ae3c9/2017_M2_Long_Beach_Blue_380x260.png?raw=true,,,,,,,,,,,,,,,,
,,B39,Mineral Gray Metallic,"105,116,137",https://github.com/Sman19/F87-M2-Ext-Int/blob/c3be7f7ddc554a924c667c73698c21a2c7a04a75/2017_M2_Mineral_Grey_380x260.png?raw=true,,,,,,,,,,,,,,,,
,,,,,,,,,,,,,,,,,,,,,
,,,Special Paint,,,,,,,,,,,,,,,,,,
,,B67,Austin Yellow Metallic,"234,217,86",https://github.com/Sman19/F87-M2-Ext-Int/blob/c3be7f7ddc554a924c667c73698c21a2c7a04a75/Austin%20Yellow%20Metallic_380x260.png?raw=true,,,,,,,,,,,,,,,,
,,,,,,,,,,,,,,,,,,,,,
,,,Interior,,,,,,,,,,,,,,,,,,
,,LCNL,Black Dakota leather w. Blue Stitch,,https://github.com/Sman19/F87-M2-Ext-Int/blob/c3be7f7ddc554a924c667c73698c21a2c7a04a75/m2%20interior%20Blue%20Stit.png?raw=true,,,,,,,,,,,,,,,,
,,Z1XX,Black Dakota leather w. Yellow Stitch,,https://github.com/Sman19/F87-M2-Ext-Int/blob/c3be7f7ddc554a924c667c73698c21a2c7a04a75/Austin%20yellow%20stitch.png?raw=true,,,,,,,,,,,,,,,,
,,,,,,,,,,,,,,,,,,,,,
,,,,,,,,,,,,,,,,,,,,,
,,,,,,,,,,,,,,,,,,,,,
,,,,,,,,,,,,,,,,,,,,,
,,,,,,,,,,,,,,,,,,,,,
,,,,,,,,,,,,,,,,,,,,,
,,,,,,,,,,,,,,,,,,,,,
,,,,,,,,,,,,,,,,,,,,,
,,,,,,,,,,,,,,,,,,,,,
,,,,,,,,,,,,,,,,,,,,,
,,,,,,,,,,,,,,,,,,,,,
,,,,,,,,,,,,,,,,,,,,,
,,,,,,,,,,,,,,,,,,,,,
,,,,,,,,,,,,,,,,,,,,,
,,,,,,,,,,,,,,,,,,,,,
,,,,,,,,,,,,,,,,,,,,,
,,,,,,,,,,,,,,,,,,,,,
,,,,,,,,,,,,,,,,,,,,,
,,,,,,,,,,,,,,,,,,,,,
,,,,,,,,,,,,,,,,,,,,,
,,,,,,,,,,,,,,,,,,,,,
,,,,,,,,,,,,,,,,,,,,,
,,,,,,,,,,,,,,,,,,,,,
,,,,,,,,,,,,,,,,,,,,,
,,,,,,,,,,,,,,,,,,,,,
,,,,,,,,,,,,,,,,,,,,,
,,,,,,,,,,,,,,,,,,,,,
,,,,,,,,,,,,,,,,,,,,,
,,,,,,,,,,,,,,,,,,,,,
,,,,,,,,,,,,,,,,,,,,,
,,,,,,,,,,,,,,,,,,,,,
,,,,,,,,,,,,,,,,,,,,,
,,,,,,,,,,,,,,,,,,,,,
,,,,,,,,,,,,,,,,,,,,,
,,,,,,,,,,,,,,,,,,,,,
,,,,,,,,,,,,,,,,,,,,,
,,,,,,,,,,,,,,,,,,,,,
,,,,,,,,,,,,,,,,,,,,,
,,,,,,,,,,,,,,,,,,,,,
,,,,,,,,,,,,,,,,,,,,,
,,,,,,,,,,,,,,,,,,,,,
,,,,,,,,,,,,,,,,,,,,,
,,,,,,,,,,,,,,,,,,,,,
,,,,,,,,,,,,,,,,,,,,,
,,,,,,,,,,,,,,,,,,,,,
,,,,,,,,,,,,,,,,,,,,,
,,,,,,,,,,,,,,,,,,,,,
,,,,,,,,,,,,,,,,,,,,,
,,,,,,,,,,,,,,,,,,,,,
,,,,,,,,,,,,,,,,,,,,,
,,,,,,,,,,,,,,,,,,,,,
,,,,,,,,,,,,,,,,,,,,,
,,,,,,,,,,,,,,,,,,,,,
,,,,,,,,,,,,,,,,,,,,,
,,,,,,,,,,,,,,,,,,,,,
,,,,,,,,,,,,,,,,,,,,,
,,,,,,,,,,,,,,,,,,,,,
,,,,,,,,,,,,,,,,,,,,,
,,,,,,,,,,,,,,,,,,,,,
,,,,,,,,,,,,,,,,,,,,,
,,,,,,,,,,,,,,,,,,,,,
,,,,,,,,,,,,,,,,,,,,,
,,,,,,,,,,,,,,,,,,,,,
,,,,,,,,,,,,,,,,,,,,,
,,,,,,,,,,,,,,,,,,,,,
,,,,,,,,,,,,,,,,,,,,,
,,,,,,,,,,,,,,,,,,,,,
,,,,,,,,,,,,,,,,,,,,,
,,,,,,,,,,,,,,,,,,,,,
,,,,,,,,,,,,,,,,,,,,,
,,,,,,,,,,,,,,,,,,,,,
,,,,,,,,,,,,,,,,,,,,,
,,,,,,,,,,,,,,,,,,,,,
,,,,,,,,,,,,,,,,,,,,,
,,,,,,,,,,,,,,,,,,,,,
,,,F98,,,,,,,,,,,,,,,,,,
,,,,,,,,,,,,,,,,,,,,,
,,,,,,,,,,,,,,,,,,,,,
,,,,,,,,,,,,,,,,,,,,,
,,,,,,,,,,,,,,,,,,,,,
,,,,,,,,,,,,,,,,,,,,,
,,,,,,,,,,,,,,,,,,,,,
,,,,,,,,,,,,,,,,,,,,,
,,,,,,,,,,,,,,,,,,,,,
,,,,,,,,,,,,,,,,,,,,,
,,,,,,,,,,,,,,,,,,,,,
,,,,,,,,,,,,,,,,,,,,,
,,,,,,,,,,,,,,,,,,,,,
,,,,,,,,,,,,,,,,,,,,,
,,,,,,,,,,,,,,,,,,,,,
,,,,,,,,,,,,,,,,,,,,,
,,,,,,,,,,,,,,,,,,,,,
,,,,,,,,,,,,,,,,,,,,,
,,,,,,,,,,,,,,,,,,,,,
,,,,,,,,,,,,,,,,,,,,,
,,,,,,,,,,,,,,,,,,,,,
,,,,,,,,,,,,,,,,,,,,,
,,,,,,,,,,,,,,,,,,,,,
,,,,,,,,,,,,,,,,,,,,,
,,,,,,,,,,,,,,,,,,,,,
,,,,,,,,,,,,,,,,,,,,,
,,,,,,,,,,,,,,,,,,,,,
,,,,,,,,,,,,,,,,,,,,,
,,,,,,,,,,,,,,,,,,,,,
,,,,,,,,,,,,,,,,,,,,,
,,,,,,,,,,,,,,,,,,,,,
,,,,,,,,,,,,,,,,,,,,,
,,,,,,,,,,,,,,,,,,,,,
,,,,,,MAH7 - Black Vernaca Leather,,,,,,,,,,,,,,,