EXTERIOR,Development code,INTERIOR,Year,VIN,,,,PACKAGES,MSRP,PROD,,,DEALER NAME,Port,Carrier,VPC,Details,V-Spec,Sticker,Invoice,VPC
475 - Black Sapphire Metallic,F97,LKSW - Black Extended Merino Leather,2021,5YMTS0C06M9D00172,,9D00172,2MK,,,"Mar 27, 2020",,USA,"Bill Jacobs BMW/MINI, Naperville, US",,,,,,,,
C1N - Sunstone Metallic,F97,LKSW - Black Extended Merino Leather,2021,5YMTS0C07M9D00214,,9D00214,2MK,,,"Mar 27, 2020",,USA,"Gebhardt BMW, Boulder, US",,,,,,,,
A90 - Dark Graphite Metallic,F97,LKSW - Black Extended Merino Leather,2021,5YMTS0C01M9D00256,,9D00256,2MK,,,"Mar 27, 2020",,USA,"BMW of Monterey, Seaside, US",,,,,,,,
C28 - Donington Grey Metallic,F97,LKHV - Adelaide Grey Extended Merino Leather,2021,5YMTS0C02M9D00301,,9D00301,2MK,,,"Mar 27, 2020",,USA,"BMW of Austin, Austin, US",,,,,,,,
475 - Black Sapphire Metallic,F97,LKDA - Sakhir Orange Extended Merino Leather,2021,5YMTS0C04M9D00378,,9D00378,2MK,,,"Mar 27, 2020",,USA,"BMW Nanaimo, Nanaimo, CA",,,,,,,,
C28 - Donington Grey Metallic,F97,LKSW - Black Extended Merino Leather,2021,5YMTS0C07M9D00438,,9D00438,2MK,,,"May 4, 2020",,USA,"BMW of Mountain View, Mountain View, US",,,,,,,,
C28 - Donington Grey Metallic,F97,LKDA - Sakhir Orange Extended Merino Leather,2021,5YMTS0C0XM9D00479,,9D00479,2MK,,,"May 4, 2020",,USA,"BMW Ville de Quebec, Quebec City, CA",,,,,,,,
475 - Black Sapphire Metallic,F97,MAH7 - Black Vernasca Leather,2021,5YMTS0C03M9D00520,,9D00520,2MK,,,"May 4, 2020",,USA,"BMW Toronto, Toronto, CA",,,,,,,,
475 - Black Sapphire Metallic,F97,LKDA - Sakhir Orange Extended Merino Leather,2021,5YMTS0C01M9D00581,,9D00581,2MK,,,"May 4, 2020",,USA,"Grenier BMW, Terrebonne, CA",,,,,,,,
C3G - Toronto Red Metallic,F97,LKHV - Adelaide Grey Extended Merino Leather,2021,5YMTS0C00M9D00765,,9D00765,2MK,,,"May 5, 2020",,USA,"Braman Motorcars/Braman MINI of Pal, West Palm Beach, US",,,,,,,,
300 - Alpine White,F97,LKSW - Black Extended Merino Leather,2021,5YMTS0C02M9D02761,,9D02761,2MK,,,"May 6, 2020",,USA,"Braman BMW/Braman MINI of Miami, Miami, US",,,,,,,,
C28 - Donington Grey Metallic,F97,VATQ - BMW Individual Tartufo Extended Merino Leather,2021,5YMTS0C07M9D02903,,9D02903,2MK,,,"May 7, 2020",,USA,"Bobby Rahal BMW of South Hills, Canonsburg, US",,,,,,,,
A90 - Dark Graphite Metallic,F97,VATQ - BMW Individual Tartufo Extended Merino Leather,2021,5YMTS0C06M9D02942,,9D02942,2MK,,,"May 7, 2020",,USA,"BMW Encinitas, Encinitas, US",,,,,,,,
475 - Black Sapphire Metallic,F97,LKSW - Black Extended Merino Leather,2021,5YMTS0C07M9D02982,,9D02982,2MK,,,"May 8, 2020",,USA,"Global Imports BMW, Atlanta, US",,,,,,,,
C28 - Donington Grey Metallic,F97,VATQ - BMW Individual Tartufo Extended Merino Leather,2021,5YMTS0C04M9D03085,,9D03085,2MK,,,"May 8, 2020",,USA,"BMW of Shrewsbury, Shrewsbury, US",,,,,,,,
C28 - Donington Grey Metallic,F97,LKDA - Sakhir Orange Extended Merino Leather,2021,5YMTS0C06M9D03167,,9D03167,2MK,,,"May 11, 2020",,USA,"Fields BMW of Daytona, Daytona Beach, US",,,,,,,,
475 - Black Sapphire Metallic,F97,LKSW - Black Extended Merino Leather,2021,5YMTS0C07M9D03288,,9D03288,2MK,,,"May 11, 2020",,USA,"Keeler BMW, Latham, US",,,,,,,,
300 - Alpine White,F97,MAOQ - Oyster Vernasca Leather,2021,5YMTS0C05M9D03595,,9D03595,2MK,,,"May 13, 2020",,USA,"Pacific BMW, Glendale, US",,,,,,,,
C28 - Donington Grey Metallic,F97,LKHV - Adelaide Grey Extended Merino Leather,2021,5YMTS0C06M9D06201,,9D06201,2MK,,,"May 15, 2020",,USA,"BMW of Doylestown, Doylestown, US",,,,,,,,
C28 - Donington Grey Metallic,F97,LKHV - Adelaide Grey Extended Merino Leather,2021,5YMTS0C03M9D06253,,9D06253,2MK,,,"May 15, 2020",,USA,"Co's BMW Center, Loveland, US",,,,,,,,
475 - Black Sapphire Metallic,F97,VATQ - BMW Individual Tartufo Extended Merino Leather,2021,5YMTS0C09M9D06337,,9D06337,2MK,,,"May 18, 2020",,USA,"Classic BMW, Plano, US",,,,,,,,
A90 - Dark Graphite Metallic,F97,LKSW - Black Extended Merino Leather,2021,5YMTS0C0XM9D06363,,9D06363,2MK,,,"May 18, 2020",,USA,"BMW of Fort Lauderdale, Fort Lauderdale, US",,,,,,,,
300 - Alpine White,F97,VATQ - BMW Individual Tartufo Extended Merino Leather,2021,5YMTS0C05M9D06500,,9D06500,2MK,,,"May 19, 2020",,USA,"Braman BMW/Braman MINI of Miami, Miami, US",,,,,,,,
475 - Black Sapphire Metallic,F97,LKSW - Black Extended Merino Leather,2021,5YMTS0C08M9D06555,,9D06555,2MK,,,"May 19, 2020",,USA,"Sharpe BMW, Grand Rapids, US",,,,,,,,
A90 - Dark Graphite Metallic,F97,LKSW - Black Extended Merino Leather,2021,5YMTS0C07M9D06692,,9D06692,2MK,,,"May 20, 2020",,USA,"BMW of San Francisco, San Francisco, US",,,,,,,,
C3G - Toronto Red Metallic,F97,LKHV - Adelaide Grey Extended Merino Leather,2021,5YMTS0C02M9D06745,,9D06745,2MK,,,"May 20, 2020",,USA,"Don Jacobs BMW, Lexington, US",,,,,,,,
300 - Alpine White,F97,LKSW - Black Extended Merino Leather,2021,5YMTS0C0XM9D06802,,9D06802,2MK,,,"May 20, 2020",,USA,"BMW of Westchester, White Plains, US",,,,,,,,
A90 - Dark Graphite Metallic,F97,LKDA - Sakhir Orange Extended Merino Leather,2021,5YMTS0C0XM9D06850,,9D06850,2MK,,,"May 20, 2020",,USA,"Vista BMW, Coconut Creek, US",,,,,,,,
A90 - Dark Graphite Metallic,F97,VAEW - BMW Individual Ivory White Extended Merino Leather,2021,5YMTS0C08M9D07074,,9D07074,2MK,,,"May 22, 2020",,USA,"BMW Laval, Laval, CA",,,,,,,,
C28 - Donington Grey Metallic,F97,LKSW - Black Extended Merino Leather,2021,5YMTS0C09M9D07178,,9D07178,2MK,,,"May 22, 2020",,USA,"BMW of Chattanooga, Chattanooga, US",,,,,,,,
C1M - Phytonic Blue Metallic,F97,LKSW - Black Extended Merino Leather,2021,5YMTS0C06M9D07302,,9D07302,2MK,,,"May 26, 2020",,USA,"Bill Jacobs BMW/MINI, Naperville, US",,,,,,,,
C28 - Donington Grey Metallic,F97,LKSW - Black Extended Merino Leather,2021,5YMTS0C09M9D07326,,9D07326,2MK,,,"May 26, 2020",,USA,"BMW of Murray, Murray, US",,,,,,,,
C28 - Donington Grey Metallic,F97,LKDA - Sakhir Orange Extended Merino Leather,2021,5YMTS0C0XM9D07786,,9D07786,2MK,,,"May 27, 2020",,USA,"Flow BMW, Winston Salem, US",,,,,,,,
C28 - Donington Grey Metallic,F97,LKSW - Black Extended Merino Leather,2021,5YMTS0C09M9D07844,,9D07844,2MK,,,"May 27, 2020",,USA,"Pacific BMW, Glendale, US",,,,,,,,
475 - Black Sapphire Metallic,F97,LKDA - Sakhir Orange Extended Merino Leather,2021,5YMTS0C01M9D10611,,9D10611,2MK,,,"Jun 16, 2020",,USA,"Manheim New Jersey, Bordentown, US",,,,,,,,
A90 - Dark Graphite Metallic,F97,LKSW - Black Extended Merino Leather,2021,5YMTS0C04M9D17536,,9D17536,2MK,,,"Jun 10, 2020",,USA,"Bavarian Motor Cars GmbH, Würzburg, DE",,,,,,,,
C1N - Sunstone Metallic,F97,VATQ - BMW Individual Tartufo Extended Merino Leather,2021,5YMTS0C07M9D23427,,9D23427,2MK,,,"Jun 15, 2020",,USA,"Bavarian Motor Cars GmbH, Würzburg, DE",,,,,,,,
C3G - Toronto Red Metallic,F97,LKHV - Adelaide Grey Extended Merino Leather,2021,5YMTS0C0XM9D25186,,9D25186,2MK,,,"Jun 17, 2020",,USA,"Bavarian Motor Cars GmbH, Würzburg, DE",,,,,,,,
475 - Black Sapphire Metallic,F97,VATQ - BMW Individual Tartufo Extended Merino Leather,2021,5YMTS0C00M9D26542,,9D26542,2MK,,,"Jun 17, 2020",,USA,"Brian Jessel BMW, Vancouver, CA",,,,,,,,
C28 - Donington Grey Metallic,F97,MAOQ - Oyster Vernasca Leather,2021,5YMTS0C08M9D40740,,9D40740,2MK,,,"Jun 30, 2020",,USA,"BMW of Santa Maria, Santa Maria, US",,,,,,,,
C1N - Sunstone Metallic,F97,LKDA - Sakhir Orange Extended Merino Leather,2021,5YMTS0C04M9D45708,,9D45708,2MK,,,"Jul 6, 2020",,USA,"BMW of Honolulu, Honolulu, US",,,,,,,,
C28 - Donington Grey Metallic,F97,LKSW - Black Extended Merino Leather,2021,5YMTS0C01M9D48713,,9D48713,2MK,,,"Jul 9, 2020",,USA,"Elmhurst BMW, Elmhurst, US",,,,,,,,
300 - Alpine White,F97,LKDA - Sakhir Orange Extended Merino Leather,2021,5YMTS0C09M9D49057,,9D49057,2MK,,,"Jul 9, 2020",,USA,"Open Road BMW, Edison, US",,,,,,,,
475 - Black Sapphire Metallic,F97,LKSW - Black Extended Merino Leather,2021,5YM13EC06N9D50038,,9D50038,2MK,,,"Aug 29, 2020",,USA,"Fuhrpark, München, DE",,,,,,,,
300 - Alpine White,F97,LKDA - Sakhir Orange Extended Merino Leather,2021,5YMTS0C01M9D50090,,9D50090,2MK,,,"Jul 9, 2020",,USA,"Bavarian Motor Cars GmbH, Würzburg, DE",,,,,,,,
475 - Black Sapphire Metallic,F97,LKSW - Black Extended Merino Leather,2021,5YMTS0C0XM9D52906,,9D52906,2MK,,,"Jul 14, 2020",,USA,"Vista BMW, Coconut Creek, US",,,,,,,,
300 - Alpine White,F97,VATQ - BMW Individual Tartufo Extended Merino Leather,2021,5YMTS0C0XM9D53148,,9D53148,2MK,,,"Jul 14, 2020",,USA,"BMW of Sarasota, Sarasota, US",,,,,,,,
C28 - Donington Grey Metallic,F97,MAH7 - Black Vernasca Leather,2021,5YMTS0C01M9D53183,,9D53183,2MK,,,"Jul 14, 2020",,USA,"BMW of Springfield, Springfield, US",,,,,,,,
C1M - Phytonic Blue Metallic,F97,LKSW - Black Extended Merino Leather,2021,5YMTS0C09M9D57756,,9D57756,2MK,,,"Jul 16, 2020",,USA,"Parkview BMW, North York, CA",,,,,,,,
475 - Black Sapphire Metallic,F97,LKDA - Sakhir Orange Extended Merino Leather,2021,5YMTS0C07M9D66570,,9D66570,2MK,,,"Jul 23, 2020",,USA,"BMW Laval, Laval, CA",,,,,,,,
C1M - Phytonic Blue Metallic,F97,LKHV - Adelaide Grey Extended Merino Leather,2021,5YMTS0C00M9D66670,,9D66670,2MK,,,"Jul 23, 2020",,USA,"BMW Langley, Langley, CA",,,,,,,,
C3G - Toronto Red Metallic,F97,HDJA - Black/Midrand Beige Two-Tone Merino Leather / Alcantara,2021,5YMTS0C04M9D67062,,9D67062,2MK,,,"Aug 27, 2020",,USA,"Nevada Auto Auction, Las Vegas, US",,,,,,,,
C3G - Toronto Red Metallic,F97,HDJA - Black/Midrand Beige Two-Tone Merino Leather / Alcantara,2021,5YMTS0C06M9D67063,,9D67063,2MK,,,"Aug 27, 2020",,USA,"BMW MFG -- SC ICP -- SP Move, Greer, US",,,,,,,,
300 - Alpine White,F97,HDJA - Black/Midrand Beige Two-Tone Merino Leather / Alcantara,2021,5YMTS0C0XM9D71777,,9D71777,2MK,,,"Jul 29, 2020",,USA,"BMW of Westchester, White Plains, US",,,,,,,,
C28 - Donington Grey Metallic,F97,VATQ - BMW Individual Tartufo Extended Merino Leather,2021,5YMTS0C06M9D72750,,9D72750,2MK,,,"Jul 29, 2020",,USA,"Brian Jessel BMW, Vancouver, CA",,,,,,,,
C1M - Phytonic Blue Metallic,F97,MAOQ - Oyster Vernasca Leather,2021,5YMTS0C01M9D72848,,9D72848,2MK,,,"Jul 30, 2020",,USA,"O'Regan's BMW, Halifax, CA",,,,,,,,
C28 - Donington Grey Metallic,F97,LKHV - Adelaide Grey Extended Merino Leather,2021,5YMTS0C08M9D73219,,9D73219,2MK,,,"Jul 30, 2020",,USA,"BMW Toronto, Toronto, CA",,,,,,,,
300 - Alpine White,F97,VATQ - BMW Individual Tartufo Extended Merino Leather,2021,5YMTS0C00M9D75708,,9D75708,2MK,,,"Jul 31, 2020",,USA,"United BMW, Alpharetta, US",,,,,,,,
A90 - Dark Graphite Metallic,F97,MAH7 - Black Vernasca Leather,2021,5YMTS0C03M9D76853,,9D76853,2MK,,,"Aug 1, 2020",,USA,"Continental BMW of Darien, Darien, US",,,,,,,,
300 - Alpine White,F97,LKHV - Adelaide Grey Extended Merino Leather,2021,5YMTS0C05M9D81715,,9D81715,2MK,,,"Aug 5, 2020",,USA,"Gebhardt BMW, Boulder, US",,,,,,,,
C28 - Donington Grey Metallic,F97,LKDA - Sakhir Orange Extended Merino Leather,2021,5YMTS0C05M9D82248,,9D82248,2MK,,,"Aug 6, 2020",,USA,"Park Avenue BMW, Rochelle Park, US",,,,,,,,
C28 - Donington Grey Metallic,F97,HDJA - Black/Midrand Beige Two-Tone Merino Leather / Alcantara,2021,5YMTS0C00M9D82562,,9D82562,2MK,,,"Aug 6, 2020",,USA,"Brian Jessel BMW, Vancouver, CA",,,,,,,,
475 - Black Sapphire Metallic,F97,LKDA - Sakhir Orange Extended Merino Leather,2021,5YM13EC03N9D84969,,9D84969,2MK,,,"Sep 10, 2020",,USA,"Fuhrpark, München, DE",,,,,,,,
C28 - Donington Grey Metallic,F97,LKDA - Sakhir Orange Extended Merino Leather,2021,5YMTS0C03M9D85052,,9D85052,2MK,,,"Aug 7, 2020",,USA,"Towne BMW, Williamsville, US",,,,,,,,
A90 - Dark Graphite Metallic,F97,LKSW - Black Extended Merino Leather,2021,5YMTS0C08M9D87329,,9D87329,2MK,,,"Aug 10, 2020",,USA,"Open Road BMW, Edison, US",,,,,,,,
C28 - Donington Grey Metallic,F97,MAH7 - Black Vernasca Leather,2021,5YMTS0C00M9D87468,,9D87468,2MK,,,"Aug 10, 2020",,USA,"BMW of Bridgeport, Bridgeport, US",,,,,,,,
C28 - Donington Grey Metallic,F97,LKHV - Adelaide Grey Extended Merino Leather,2021,5YMTS0C06M9D87555,,9D87555,2MK,,,"Aug 10, 2020",,USA,"BMW of Catonsville, Baltimore, US",,,,,,,,
C28 - Donington Grey Metallic,F97,LKSW - Black Extended Merino Leather,2021,5YMTS0C03M9D87612,,9D87612,2MK,,,"Aug 11, 2020",,USA,"Momentum BMW/MINI, Houston, US",,,,,,,,
475 - Black Sapphire Metallic,F97,LKDA - Sakhir Orange Extended Merino Leather,2021,5YMTS0C05M9D87773,,9D87773,2MK,,,"Aug 11, 2020",,USA,"BMW of Orland Park, Orland Park, US",,,,,,,,
C28 - Donington Grey Metallic,F97,LKSW - Black Extended Merino Leather,2021,5YMTS0C00M9D87826,,9D87826,2MK,,,"Aug 11, 2020",,USA,"BMW of Grapevine, Grapevine, US",,,,,,,,
475 - Black Sapphire Metallic,F97,LKDA - Sakhir Orange Extended Merino Leather,2021,5YMTS0C05M9D89863,,9D89863,2MK,,,"Aug 12, 2020",,USA,"Elite BMW, Ottawa, CA",,,,,,,,
C28 - Donington Grey Metallic,F97,LKDA - Sakhir Orange Extended Merino Leather,2021,5YMTS0C07M9D90643,,9D90643,2MK,,,"Aug 13, 2020",,USA,"BMW of the Main Line, Bala Cynwyd, US",,,,,,,,
A90 - Dark Graphite Metallic,F97,LKDA - Sakhir Orange Extended Merino Leather,2021,5YMTS0C09M9D90742,,9D90742,2MK,,,"Aug 13, 2020",,USA,"Fields BMW - Lakeland, Lakeland, US",,,,,,,,
C28 - Donington Grey Metallic,F97,MAH7 - Black Vernasca Leather,2021,5YMTS0C09M9D90918,,9D90918,2MK,,,"Aug 13, 2020",,USA,"Trois-Rivieres BMW, Trois Rivieres, CA",,,,,,,,
C1M - Phytonic Blue Metallic,F97,LKHV - Adelaide Grey Extended Merino Leather,2021,5YMTS0C00M9D91990,,9D91990,2MK,,,"Aug 14, 2020",,USA,"Schomp BMW of Highlands Ranch, Highlands Ranch, US",,,,,,,,
475 - Black Sapphire Metallic,F97,LKSW - Black Extended Merino Leather,2021,5YMTS0C09M9D92037,,9D92037,2MK,,,"Aug 14, 2020",,USA,"Laurel BMW of Westmont, Westmont, US",,,,,,,,
C3G - Toronto Red Metallic,F97,LKHV - Adelaide Grey Extended Merino Leather,2021,5YMTS0C02M9D92087,,9D92087,2MK,,,"Aug 14, 2020",,USA,"BMW of Westchester, White Plains, US",,,,,,,,
C1M - Phytonic Blue Metallic,F97,LKSW - Black Extended Merino Leather,2021,5YMTS0C08M9D92269,,9D92269,2MK,,,"Aug 14, 2020",,USA,"Stevens Creek BMW, Santa Clara, US",,,,,,,,
C1M - Phytonic Blue Metallic,F97,LKDA - Sakhir Orange Extended Merino Leather,2021,5YMTS0C06M9D92321,,9D92321,2MK,,,"Aug 14, 2020",,USA,"BMW of Spokane, Spokane, US",,,,,,,,
C28 - Donington Grey Metallic,F97,HDJA - Black/Midrand Beige Two-Tone Merino Leather / Alcantara,2021,5YMTS0C05M9D93590,,9D93590,2MK,,,"Aug 16, 2020",,USA,"Karl Knauz Motors, Lake Bluff, US",,,,,,,,
C3G - Toronto Red Metallic,F97,LKSW - Black Extended Merino Leather,2021,5YMTS0C02M9D93787,,9D93787,2MK,,,"Aug 17, 2020",,USA,"BMW of Murray, Murray, US",,,,,,,,
C28 - Donington Grey Metallic,F97,LKHV - Adelaide Grey Extended Merino Leather,2021,5YMTS0C0XM9D96209,,9D96209,2MK,,,"Aug 17, 2020",,USA,"BMW of Delray Beach, Delray Beach, US",,,,,,,,
300 - Alpine White,F97,MAH7 - Black Vernasca Leather,2021,5YMTS0C00M9D96316,,9D96316,2MK,,,"Aug 17, 2020",,USA,"Irvine BMW, Irvine, US",,,,,,,,
300 - Alpine White,F97,LKDA - Sakhir Orange Extended Merino Leather,2021,5YMTS0C06M9D97065,,9D97065,2MK,,,"Aug 18, 2020",,USA,"BMW of Fairfax, Fairfax, US",,,,,,,,
C3G - Toronto Red Metallic,F97,LKSW - Black Extended Merino Leather,2021,5YMTS0C04M9D97131,,9D97131,2MK,,,"Aug 18, 2020",,USA,"BMW North Scottsdale, Phoenix, US",,,,,,,,
475 - Black Sapphire Metallic,F97,LKDA - Sakhir Orange Extended Merino Leather,2021,5YMTS0C03M9D97346,,9D97346,2MK,,,"Aug 19, 2020",,USA,"Peake BMW, Kenner, US",,,,,,,,
475 - Black Sapphire Metallic,F97,LKDA - Sakhir Orange Extended Merino Leather,2021,5YMTS0C08M9D99836,,9D99836,2MK,,,"Aug 19, 2020",,USA,"Bavarian Motor Cars GmbH, Würzburg, DE",,,,,,,,
300 - Alpine White,F97,LKDA - Sakhir Orange Extended Merino Leather,2021,5YMTS0C00M9D99927,,9D99927,2MK,,,"Aug 19, 2020",,USA,"BMW of Gwinnett Place, Duluth, US",,,,,,,,
,,,2021,,,9.00E+296,,,,"Aug 1, 2020",,,,,,,,,,,
C28 - Donington Grey Metallic,F97,LKHV - Adelaide Grey Extended Merino Leather,2021,5YMTS0C02M9E00334,,9E00334,2MK,,,"Aug 20, 2020",,USA,"Moses BMW, St. Albans, US",,,,,,,,
C28 - Donington Grey Metallic,F97,LKSW - Black Extended Merino Leather,2021,5YMTS0C0XM9E00470,,9E00470,2MK,,,"Aug 20, 2020",,USA,"AH Euler Kaiserslautern GmbH, Kaiserslautern, DE",,,,,,,,
C28 - Donington Grey Metallic,F97,LKDA - Sakhir Orange Extended Merino Leather,2021,5YMTS0C06M9E01924,,9E01924,2MK,,,"Aug 21, 2020",,USA,"BMW of Springfield, Springfield, US",,,,,,,,
C28 - Donington Grey Metallic,F97,LKSW - Black Extended Merino Leather,2021,5YMTS0C09M9E02128,,9E02128,2MK,,,"Aug 21, 2020",,USA,"Herb Chambers BMW, Charlestown, US",,,,,,,,
475 - Black Sapphire Metallic,F97,LKSW - Black Extended Merino Leather,2021,5YMTS0C02M9E02164,,9E02164,2MK,,,"Aug 21, 2020",,USA,"BMW of Roseville, Roseville, US",,,,,,,,
C28 - Donington Grey Metallic,F97,LKSW - Black Extended Merino Leather,2021,5YMTS0C07M9E02211,,9E02211,2MK,,,"Aug 21, 2020",,USA,"BMW of Anchorage, Anchorage, US",,,,,,,,
C28 - Donington Grey Metallic,F97,LKHV - Adelaide Grey Extended Merino Leather,2021,5YMTS0C04M9E03302,,9E03302,2MK,,,"Aug 21, 2020",,USA,"BMW of Idaho Falls, Idaho Falls, US",,,,,,,,
A90 - Dark Graphite Metallic,F97,LKHV - Adelaide Grey Extended Merino Leather,2021,5YMTS0C00M9E03331,,9E03331,2MK,,,"Aug 21, 2020",,USA,"BMW of Denver Downtown, Denver, US",,,,,,,,
C28 - Donington Grey Metallic,F97,MAH7 - Black Vernasca Leather,2021,5YMTS0C02M9E03413,,9E03413,2MK,,,"Aug 22, 2020",,USA,"Orange County BMW, Harriman, US",,,,,,,,
A90 - Dark Graphite Metallic,F97,LKSW - Black Extended Merino Leather,2021,5YMTS0C0XM9E03630,,9E03630,2MK,,,"Aug 23, 2020",,USA,"BMW Portland, Portland, US",,,,,,,,
475 - Black Sapphire Metallic,F97,LKSW - Black Extended Merino Leather,2021,5YMTS0C08M9E03688,,9E03688,2MK,,,"Aug 23, 2020",,USA,"BMW Seattle, Seattle, US",,,,,,,,
475 - Black Sapphire Metallic,F97,LKDA - Sakhir Orange Extended Merino Leather,2021,5YMTS0C09M9E04476,,9E04476,2MK,,,"Aug 24, 2020",,USA,"Rallye BMW, Westbury, US",,,,,,,,
475 - Black Sapphire Metallic,F97,LKSW - Black Extended Merino Leather,2021,5YMTS0C05M9E04734,,9E04734,2MK,,,"Aug 24, 2020",,USA,"BMW of Ramsey, Ramsey, US",,,,,,,,
300 - Alpine White,F97,LKSW - Black Extended Merino Leather,2021,5YMTS0C02M9E04822,,9E04822,2MK,,,"Aug 25, 2020",,USA,"BMW of South Albany, Glenmont, US",,,,,,,,
C3G - Toronto Red Metallic,F97,VAEW - BMW Individual Ivory White Extended Merino Leather,2021,5YMTS0C03M9E04988,,9E04988,2MK,,,"Aug 25, 2020",,USA,"Fields BMW, Winter Park, US",,,,,,,,
C28 - Donington Grey Metallic,F97,LKDA - Sakhir Orange Extended Merino Leather,2021,5YMTS0C02M9E06523,,9E06523,2MK,,,"Aug 25, 2020",,USA,"BMW of Springfield, Springfield, US",,,,,,,,
C28 - Donington Grey Metallic,F97,LKDA - Sakhir Orange Extended Merino Leather,2021,5YMTS0C09M9E06664,,9E06664,2MK,,,"Aug 25, 2020",,USA,"BMW of Brooklyn, Brooklyn, US",,,,,,,,
C1M - Phytonic Blue Metallic,F97,VATQ - BMW Individual Tartufo Extended Merino Leather,2021,5YMTS0C05M9E07682,,9E07682,2MK,,,"Aug 27, 2020",,USA,"BMW of Lincoln, Lincoln, US",,,,,,,,
C1M - Phytonic Blue Metallic,F97,LKHV - Adelaide Grey Extended Merino Leather,2021,5YMTS0C01M9E10143,,9E10143,2MK,,,"Aug 27, 2020",,USA,"AH Euler Kaiserslautern GmbH, Kaiserslautern, DE",,,,,,,,
C28 - Donington Grey Metallic,F97,LKHV - Adelaide Grey Extended Merino Leather,2021,5YMTS0C07M9E11314,,9E11314,2MK,,,"Aug 30, 2020",,USA,"Calgary BMW, Calgary, CA",,,,,,,,
475 - Black Sapphire Metallic,F97,LKSW - Black Extended Merino Leather,2021,5YMTS0C05M9E13210,,9E13210,2MK,,,"Aug 31, 2020",,USA,"Budds' BMW Oakville, Oakville, CA",,,,,,,,
C28 - Donington Grey Metallic,F97,HDJA - Black/Midrand Beige Two-Tone Merino Leather / Alcantara,2021,5YMTS0C0XM9E13297,,9E13297,2MK,,,"Aug 31, 2020",,USA,"BMW Laval, Laval, CA",,,,,,,,
C28 - Donington Grey Metallic,F97,HDJA - Black/Midrand Beige Two-Tone Merino Leather / Alcantara,2021,5YMTS0C07M9E13354,,9E13354,2MK,,,"Aug 31, 2020",,USA,"BMW Levis, Levis, CA",,,,,,,,
475 - Black Sapphire Metallic,F97,LKDA - Sakhir Orange Extended Merino Leather,2021,5YMTS0C01M9E13785,,9E13785,2MK,,,"Sep 1, 2020",,USA,"BMW of San Francisco, San Francisco, US",,,,,,,,
C1M - Phytonic Blue Metallic,F97,LKHV - Adelaide Grey Extended Merino Leather,2021,5YMTS0C00M9E14331,,9E14331,2MK,,,"Sep 1, 2020",,USA,"Chapman BMW, Chandler, US",,,,,,,,
C1M - Phytonic Blue Metallic,F97,LKSW - Black Extended Merino Leather,2021,5YMTS0C04M9E14378,,9E14378,2MK,,,"Sep 1, 2020",,USA,"BMW of Westlake, Cuyahoga, US",,,,,,,,
475 - Black Sapphire Metallic,F97,VATQ - BMW Individual Tartufo Extended Merino Leather,2021,5YMTS0C0XM9E14465,,9E14465,2MK,,,"Sep 2, 2020",,USA,"BMW of Honolulu, Honolulu, US",,,,,,,,
C28 - Donington Grey Metallic,F97,LKSW - Black Extended Merino Leather,2021,5YMTS0C00M9E16273,,9E16273,2MK,,,"Sep 2, 2020",,USA,"Open Road BMW, Edison, US",,,,,,,,
300 - Alpine White,F97,LKDA - Sakhir Orange Extended Merino Leather,2021,5YMTS0C06M9E16536,,9E16536,2MK,,,"Sep 3, 2020",,USA,"BMW of Murray, Murray, US",,,,,,,,
C28 - Donington Grey Metallic,F97,LKDA - Sakhir Orange Extended Merino Leather,2021,5YMTS0C0XM9E16670,,9E16670,2MK,,,"Sep 3, 2020",,USA,"Schomp BMW of Highlands Ranch, Highlands Ranch, US",,,,,,,,
300 - Alpine White,F97,LKSW - Black Extended Merino Leather,2021,5YMTS0C05M9E16785,,9E16785,2MK,,,"Sep 3, 2020",,USA,"Stevens Creek BMW, Santa Clara, US",,,,,,,,
300 - Alpine White,F97,LKHV - Adelaide Grey Extended Merino Leather,2021,5YMTS0C0XM9E16975,,9E16975,2MK,,,"Sep 3, 2020",,USA,"Tulley BMW, Nashua, US",,,,,,,,
475 - Black Sapphire Metallic,F97,HDJA - Black/Midrand Beige Two-Tone Merino Leather / Alcantara,2021,5YMTS0C03M9E17028,,9E17028,2MK,,,"Sep 3, 2020",,USA,"BMW Laval, Laval, CA",,,,,,,,
475 - Black Sapphire Metallic,F97,LKHV - Adelaide Grey Extended Merino Leather,2021,5YMTS0C04M9E17121,,9E17121,2MK,,,"Sep 4, 2020",,USA,"BMW Montreal Centre, Montreal, CA",,,,,,,,
475 - Black Sapphire Metallic,F97,LKDA - Sakhir Orange Extended Merino Leather,2021,5YMTS0C09M9E17177,,9E17177,2MK,,,"Sep 4, 2020",,USA,"Irvine BMW, Irvine, US",,,,,,,,
475 - Black Sapphire Metallic,F97,LKDA - Sakhir Orange Extended Merino Leather,2021,5YMTS0C05M9E17239,,9E17239,2MK,,,"Sep 4, 2020",,USA,"BMW of Ramsey, Ramsey, US",,,,,,,,
475 - Black Sapphire Metallic,F97,VATQ - BMW Individual Tartufo Extended Merino Leather,2021,5YMTS0C03M9E20365,,9E20365,2MK,,,"Sep 7, 2020",,USA,"BMW of Fairfax, Fairfax, US",,,,,,,,
C28 - Donington Grey Metallic,F97,LKHV - Adelaide Grey Extended Merino Leather,2021,5YMTS0C02M9E24794,,9E24794,2MK,,,"Sep 9, 2020",,USA,"Kelowna BMW, Kelowna, CA",,,,,,,,
C28 - Donington Grey Metallic,F97,HDJA - Black/Midrand Beige Two-Tone Merino Leather / Alcantara,2021,5YMTS0C08M9E24900,,9E24900,2MK,,,"Sep 10, 2020",,USA,"Park Avenue BMW, Rochelle Park, US",,,,,,,,
300 - Alpine White,F97,LKDA - Sakhir Orange Extended Merino Leather,2021,5YMTS0C0XM9E24946,,9E24946,2MK,,,"Sep 10, 2020",,USA,"BMW Langley, Langley, CA",,,,,,,,
475 - Black Sapphire Metallic,F97,LKSW - Black Extended Merino Leather,2021,5YMTS0C0XM9E24977,,9E24977,2MK,,,"Sep 10, 2020",,USA,"Parkview BMW, North York, CA",,,,,,,,
475 - Black Sapphire Metallic,F97,LKSW - Black Extended Merino Leather,2021,5YMTS0C01M9E25046,,9E25046,2MK,,,"Sep 10, 2020",,USA,"Laurel BMW of Westmont, Westmont, US",,,,,,,,
C28 - Donington Grey Metallic,F97,LKSW - Black Extended Merino Leather,2021,5YMTS0C08M9E25156,,9E25156,2MK,,,"Sep 10, 2020",,USA,"BMW of Bridgeport, Bridgeport, US",,,,,,,,
475 - Black Sapphire Metallic,F97,LKSW - Black Extended Merino Leather,2021,5YMTS0C00M9E32957,,9E32957,2MK,,,"Sep 16, 2020",,USA,"Niederlassung Stuttgart, Stuttgart, DE",,,,,,,,
C28 - Donington Grey Metallic,F97,LKSW - Black Extended Merino Leather,2021,5YMTS0C09M9E36960,,9E36960,2MK,,,"Sep 18, 2020",,USA,"United BMW, Alpharetta, US",,,,,,,,
C28 - Donington Grey Metallic,F97,HDJA - Black/Midrand Beige Two-Tone Merino Leather / Alcantara,2021,5YMTS0C08M9E37131,,9E37131,2MK,,,"Sep 18, 2020",,USA,"BMW North Scottsdale, Phoenix, US",,,,,,,,
C1M - Phytonic Blue Metallic,F97,LKSW - Black Extended Merino Leather,2021,5YMTS0C06M9E37242,,9E37242,2MK,,,"Sep 18, 2020",,USA,"Arrowhead BMW, Glendale, US",,,,,,,,
300 - Alpine White,F97,MAH7 - Black Vernasca Leather,2021,5YMTS0C02M9E37335,,9E37335,2MK,,,"Sep 19, 2020",,USA,"BMW of Idaho Falls, Idaho Falls, US",,,,,,,,
C1M - Phytonic Blue Metallic,F97,HDJA - Black/Midrand Beige Two-Tone Merino Leather / Alcantara,2021,5YMTS0C08M9E37579,,9E37579,2MK,,,"Sep 20, 2020",,USA,"Karl Knauz Motors, Lake Bluff, US",,,,,,,,
300 - Alpine White,F97,LKSW - Black Extended Merino Leather,2021,5YMTS0C02M9E37822,,9E37822,2MK,,,"Sep 21, 2020",,USA,"BMW of Anchorage, Anchorage, US",,,,,,,,
C28 - Donington Grey Metallic,F97,HDJA - Black/Midrand Beige Two-Tone Merino Leather / Alcantara,2021,5YMTS0C03M9E40020,,9E40020,2MK,,,"Sep 22, 2020",,USA,"Performance BMW, St. Catharines, CA",,,,,,,,
300 - Alpine White,F97,HDJA - Black/Midrand Beige Two-Tone Merino Leather / Alcantara,2021,5YMTS0C00M9E42355,,9E42355,2MK,,,"Sep 23, 2020",,USA,"Momentum BMW/MINI, Houston, US",,,,,,,,
C28 - Donington Grey Metallic,F97,LKSW - Black Extended Merino Leather,2021,5YMTS0C02M9E42387,,9E42387,2MK,,,"Sep 24, 2020",,USA,"BMW Montreal Centre, Montreal, CA",,,,,,,,
475 - Black Sapphire Metallic,F97,LKSW - Black Extended Merino Leather,2021,5YMTS0C09M9E42418,,9E42418,2MK,,,"Sep 24, 2020",,USA,"Braman Motorcars/Braman MINI of Pal, West Palm Beach, US",,,,,,,,
C28 - Donington Grey Metallic,F97,LKDA - Sakhir Orange Extended Merino Leather,2021,5YMTS0C0XM9E46137,,9E46137,2MK,,,"Sep 25, 2020",,USA,"Crevier BMW, Santa Ana, US",,,,,,,,
475 - Black Sapphire Metallic,F97,MAH7 - Black Vernasca Leather,2021,5YMTS0C04M9E46344,,9E46344,2MK,,,"Sep 25, 2020",,USA,"BMW of Bridgeport, Bridgeport, US",,,,,,,,
300 - Alpine White,F97,LKDA - Sakhir Orange Extended Merino Leather,2021,5YMTS0C05M9E47972,,9E47972,2MK,,,"Sep 28, 2020",,USA,"BMW Royal Oak, Calgary, CA",,,,,,,,
300 - Alpine White,F97,VAEW - BMW Individual Ivory White Extended Merino Leather,2021,5YMTS0C04M9E48627,,9E48627,2MK,,,"Sep 29, 2020",,USA,"BMW Durham, Ajax, CA",,,,,,,,
C28 - Donington Grey Metallic,F97,MAH7 - Black Vernasca Leather,2021,5YMTS0C02M9E50375,,9E50375,2MK,,,"Sep 29, 2020",,USA,"Richmond BMW, Richmond, US",,,,,,,,
C28 - Donington Grey Metallic,F97,VATQ - BMW Individual Tartufo Extended Merino Leather,2021,5YMTS0C07M9E50694,,9E50694,2MK,,,"Sep 30, 2020",,USA,"BMW of Santa Maria, Santa Maria, US",,,,,,,,
C28 - Donington Grey Metallic,F97,LKSW - Black Extended Merino Leather,2021,5YMTS0C0XM9E51824,,9E51824,2MK,,,"Sep 30, 2020",,USA,"BMW Brossard, Brossard, CA",,,,,,,,
C28 - Donington Grey Metallic,F97,LKSW - Black Extended Merino Leather,2021,5YMTS0C0XM9E52004,,9E52004,2MK,,,"Sep 30, 2020",,USA,"Elite BMW, Ottawa, CA",,,,,,,,
A90 - Dark Graphite Metallic,F97,LKDA - Sakhir Orange Extended Merino Leather,2021,5YMTS0C05M9E54744,,9E54744,2MK,,,"Oct 2, 2020",,USA,"Circle BMW, Eatontown, US",,,,,,,,
475 - Black Sapphire Metallic,F97,LKHV - Adelaide Grey Extended Merino Leather,2021,5YMTS0C08M9E54902,,9E54902,2MK,,,"Oct 2, 2020",,USA,"Georgian BMW, Barrie, CA",,,,,,,,
475 - Black Sapphire Metallic,F97,LKDA - Sakhir Orange Extended Merino Leather,2021,5YMTS0C07M9E56415,,9E56415,2MK,,,"Oct 3, 2020",,USA,"Sharpe BMW, Grand Rapids, US",,,,,,,,
475 - Black Sapphire Metallic,F97,HDJA - Black/Midrand Beige Two-Tone Merino Leather / Alcantara,2021,5YMTS0C04M9E56596,,9E56596,2MK,,,"Oct 4, 2020",,USA,"Edmonton BMW, Edmonton, CA",,,,,,,,
C28 - Donington Grey Metallic,F97,HDJA - Black/Midrand Beige Two-Tone Merino Leather / Alcantara,2021,5YMTS0C03M9E58081,,9E58081,2MK,,,"Oct 5, 2020",,USA,"Bavarian Motor Cars GmbH, Würzburg, DE",,,,,,,,
C28 - Donington Grey Metallic,F97,LKSW - Black Extended Merino Leather,2021,5YMTS0C03M9E58274,,9E58274,2MK,,,"Oct 6, 2020",,USA,"BMW of Minnetonka, Minnetonka, US",,,,,,,,
475 - Black Sapphire Metallic,F97,HDJA - Black/Midrand Beige Two-Tone Merino Leather / Alcantara,2021,5YMTS0C02M9E60579,,9E60579,2MK,,,"Oct 7, 2020",,USA,"Kelowna BMW, Kelowna, CA",,,,,,,,
300 - Alpine White,F97,LKDA - Sakhir Orange Extended Merino Leather,2021,5YMTS0C08M9E60764,,9E60764,2MK,,,"Oct 7, 2020",,USA,"Brian Jessel BMW, Vancouver, CA",,,,,,,,
475 - Black Sapphire Metallic,F97,LKSW - Black Extended Merino Leather,2021,5YMTS0C07M9E60951,,9E60951,2MK,,,"Oct 8, 2020",,USA,"BMW Laval, Laval, CA",,,,,,,,
A90 - Dark Graphite Metallic,F97,VATQ - BMW Individual Tartufo Extended Merino Leather,2021,5YMTS0C05M9E61144,,9E61144,2MK,,,"Oct 8, 2020",,USA,"BMW Laval, Laval, CA",,,,,,,,
C3G - Toronto Red Metallic,F97,VAEW - BMW Individual Ivory White Extended Merino Leather,2021,5YMTS0C06M9E63520,,9E63520,2MK,,,"Oct 9, 2020",,USA,"Georgian BMW, Barrie, CA",,,,,,,,
C28 - Donington Grey Metallic,F97,HDJA - Black/Midrand Beige Two-Tone Merino Leather / Alcantara,2021,5YMTS0C06M9E63646,,9E63646,2MK,,,"Oct 9, 2020",,USA,"Autogermana, Inc., Hato Rey, US",,,,,,,,
300 - Alpine White,F97,LKSW - Black Extended Merino Leather,2021,5YMTS0C02M9E65443,,9E65443,2MK,,,"Oct 9, 2020",,USA,"BMW of Murray, Murray, US",,,,,,,,
C3G - Toronto Red Metallic,F97,LKHV - Adelaide Grey Extended Merino Leather,2021,5YMTS0C06M9E65963,,9E65963,2MK,,,"Oct 12, 2020",,USA,"BMW Performance Center (SC), Greer, US",,,,,,,,
475 - Black Sapphire Metallic,F97,LKDA - Sakhir Orange Extended Merino Leather,2021,5YMTS0C05M9E67218,,9E67218,2MK,,,"Oct 12, 2020",,USA,"BMW Levis, Levis, CA",,,,,,,,
300 - Alpine White,F97,LKDA - Sakhir Orange Extended Merino Leather,2021,5YMTS0C00M9E67580,,9E67580,2MK,,,"Oct 13, 2020",,USA,"Motorwerks BMW, Bloomington, US",,,,,,,,
C28 - Donington Grey Metallic,F97,LKSW - Black Extended Merino Leather,2021,5YMTS0C03M9E68898,,9E68898,2MK,,,"Oct 13, 2020",,USA,"BMW of Barrington, Barrington, US",,,,,,,,
475 - Black Sapphire Metallic,F97,LKSW - Black Extended Merino Leather,2021,5YMTS0C01M9E69127,,9E69127,2MK,,,"Oct 13, 2020",,USA,"BMW of Shrewsbury, Shrewsbury, US",,,,,,,,
C1M - Phytonic Blue Metallic,F97,VATQ - BMW Individual Tartufo Extended Merino Leather,2021,5YMTS0C07M9E72744,,9E72744,2MK,,,"Oct 16, 2020",,USA,"Jackie Cooper Imports/MINI, Edmond, US",,,,,,,,
C1M - Phytonic Blue Metallic,F97,VATQ - BMW Individual Tartufo Extended Merino Leather,2021,5YMTS0C01M9E72870,,9E72870,2MK,,,"Oct 16, 2020",,USA,"BMW Roanoke, Roanoke, US",,,,,,,,
,,2022,2021,,,,,,,,,,,,,,,,,,
,,,,,,,,,,,,,,,,,,,,,
,,2021,2021,,,,,,,,,,,,,,,,,,
475 - Black Sapphire Metallic,F97,HDJA - Black/Midrand Beige Two-Tone Merino Leather / Alcantara,2021,5YMTS0C07M9E74252,,9E74252,2MK,,,"Oct 16, 2020",,USA,"BMW Toronto, Toronto, CA",,,,,,,,
C1M - Phytonic Blue Metallic,F97,HDJA - Black/Midrand Beige Two-Tone Merino Leather / Alcantara,2021,5YMTS0C06M9E74579,,9E74579,2MK,,,"Oct 17, 2020",,USA,"BMW Grand River, Kitchener, CA",,,,,,,,
C3G - Toronto Red Metallic,F97,VATQ - BMW Individual Tartufo Extended Merino Leather,2021,5YMTS0C05M9E76727,,9E76727,2MK,,,"Oct 18, 2020",,USA,"Germain BMW of Naples, Naples, US",,,,,,,,
C28 - Donington Grey Metallic,F97,LKSW - Black Extended Merino Leather,2021,5YMTS0C03M9E77245,,9E77245,2MK,,,"Oct 19, 2020",,USA,"Patrick BMW, Schaumburg, US",,,,,,,,
A90 - Dark Graphite Metallic,F97,VAEW - BMW Individual Ivory White Extended Merino Leather,2021,5YMTS0C08M9E81579,,9E81579,2MK,,,"Oct 21, 2020",,USA,"BMW Toronto, Toronto, CA",,,,,,,,
C28 - Donington Grey Metallic,F97,LKSW - Black Extended Merino Leather,2021,5YMTS0C04M9E82843,,9E82843,2MK,,,"Oct 22, 2020",,USA,"BMW Ville de Quebec, Quebec City, CA",,,,,,,,
C28 - Donington Grey Metallic,F97,LKSW - Black Extended Merino Leather,2021,5YMTS0C00M9E83150,,9E83150,2MK,,,"Oct 22, 2020",,USA,"Budds' BMW Oakville, Oakville, CA",,,,,,,,
475 - Black Sapphire Metallic,F97,VATQ - BMW Individual Tartufo Extended Merino Leather,2021,5YMTS0C00M9E84640,,9E84640,2MK,,,"Oct 23, 2020",,USA,"Bavarian Motor Cars GmbH, Würzburg, DE",,,,,,,,
C1M - Phytonic Blue Metallic,F97,LKHV - Adelaide Grey Extended Merino Leather,2021,5YMTS0C04M9E85466,,9E85466,2MK,,,"Oct 26, 2020",,USA,"Winslow BMW of Colorado Springs, Colorado Springs, US",,,,,,,,
A90 - Dark Graphite Metallic,F97,HDJA - Black/Midrand Beige Two-Tone Merino Leather / Alcantara,2021,5YMTS0C02M9E86597,,9E86597,2MK,,,"Oct 26, 2020",,USA,"Weatherford BMW, Berkeley, US",,,,,,,,
C28 - Donington Grey Metallic,F97,LKDA - Sakhir Orange Extended Merino Leather,2021,5YMTS0C08M9E86765,,9E86765,2MK,,,"Oct 27, 2020",,USA,"Perillo BMW, Inc., Chicago, US",,,,,,,,
C28 - Donington Grey Metallic,F97,LKDA - Sakhir Orange Extended Merino Leather,2021,5YMTS0C01M9E90379,,9E90379,2MK,,,"Oct 28, 2020",,USA,"BMW of Springfield, Springfield, US",,,,,,,,
C28 - Donington Grey Metallic,F97,LKSW - Black Extended Merino Leather,2021,5YMTS0C0XM9E90400,,9E90400,2MK,,,"Oct 28, 2020",,USA,"Park Avenue BMW, Rochelle Park, US",,,,,,,,
475 - Black Sapphire Metallic,F97,LKSW - Black Extended Merino Leather,2021,5YMTS0C09M9E90453,,9E90453,2MK,,,"Oct 28, 2020",,USA,"BMW Ville de Quebec, Quebec City, CA",,,,,,,,
C28 - Donington Grey Metallic,F97,LKHV - Adelaide Grey Extended Merino Leather,2021,5YMTS0C06M9E90541,,9E90541,2MK,,,"Oct 28, 2020",,USA,"BMW of Sarasota, Sarasota, US",,,,,,,,
300 - Alpine White,F97,VAEW - BMW Individual Ivory White Extended Merino Leather,2021,5YMTS0C07M9E90564,,9E90564,2MK,,,"Oct 28, 2020",,USA,"Brian Jessel BMW, Vancouver, CA",,,,,,,,
475 - Black Sapphire Metallic,F97,HDJA - Black/Midrand Beige Two-Tone Merino Leather / Alcantara,2021,5YMTS0C09M9E90596,,9E90596,2MK,,,"Oct 28, 2020",,USA,"Taylor BMW, Evans, US",,,,,,,,
C28 - Donington Grey Metallic,F97,LKDA - Sakhir Orange Extended Merino Leather,2021,5YMTS0C09M9E90615,,9E90615,2MK,,,"Oct 28, 2020",,USA,"BMW of Fort Lauderdale, Fort Lauderdale, US",,,,,,,,
475 - Black Sapphire Metallic,F97,LKHV - Adelaide Grey Extended Merino Leather,2021,5YMTS0C02M9E90634,,9E90634,2MK,,,"Oct 28, 2020",,USA,"Habberstad BMW, Huntington Station, US",,,,,,,,
300 - Alpine White,F97,LKDA - Sakhir Orange Extended Merino Leather,2021,5YMTS0C02M9E90682,,9E90682,2MK,,,"Oct 28, 2020",,USA,"Parkview BMW, North York, CA",,,,,,,,
475 - Black Sapphire Metallic,F97,VATQ - BMW Individual Tartufo Extended Merino Leather,2021,5YMTS0C06M9E90698,,9E90698,2MK,,,"Oct 28, 2020",,USA,"BMW Montreal Centre, Montreal, CA",,,,,,,,
475 - Black Sapphire Metallic,F97,LKSW - Black Extended Merino Leather,2021,5YMTS0C04M9E90800,,9E90800,2MK,,,"Oct 28, 2020",,USA,"Classic BMW, Plano, US",,,,,,,,
C1M - Phytonic Blue Metallic,F97,LKHV - Adelaide Grey Extended Merino Leather,2021,5YMTS0C03M9E90867,,9E90867,2MK,,,"Oct 28, 2020",,USA,"BMW of West Houston, Houston, US",,,,,,,,
C28 - Donington Grey Metallic,F97,LKDA - Sakhir Orange Extended Merino Leather,2021,5YMTS0C05M9E90935,,9E90935,2MK,,,"Oct 28, 2020",,USA,"BMW of Springfield, Springfield, US",,,,,,,,
A90 - Dark Graphite Metallic,F97,LKSW - Black Extended Merino Leather,2021,5YMTS0C07M9E90967,,9E90967,2MK,,,"Oct 29, 2020",,USA,"Classic BMW, Plano, US",,,,,,,,
475 - Black Sapphire Metallic,F97,VAEW - BMW Individual Ivory White Extended Merino Leather,2021,5YMTS0C07M9E91052,,9E91052,2MK,,,"Oct 29, 2020",,USA,"BMW North Scottsdale, Phoenix, US",,,,,,,,
C28 - Donington Grey Metallic,F97,LKSW - Black Extended Merino Leather,2021,5YMTS0C09M9E91151,,9E91151,2MK,,,"Oct 29, 2020",,USA,"BMW of Fort Walton Beach, Fort Walton Beach, US",,,,,,,,
C1M - Phytonic Blue Metallic,F97,LKDA - Sakhir Orange Extended Merino Leather,2021,5YMTS0C04M9E91204,,9E91204,2MK,,,"Oct 30, 2020",,USA,"BMW of Doylestown, Doylestown, US",,,,,,,,
475 - Black Sapphire Metallic,F97,LKSW - Black Extended Merino Leather,2021,5YMTS0C0XM9E91319,,9E91319,2MK,,,"Oct 29, 2020",,USA,"BMW of San Francisco, San Francisco, US",,,,,,,,
A90 - Dark Graphite Metallic,F97,LKDA - Sakhir Orange Extended Merino Leather,2021,5YMTS0C08M9E91335,,9E91335,2MK,,,"Oct 29, 2020",,USA,"BMW Montreal Centre, Montreal, CA",,,,,,,,
300 - Alpine White,F97,LKDA - Sakhir Orange Extended Merino Leather,2021,5YMTS0C03M9E92263,,9E92263,2MK,,,"Oct 29, 2020",,USA,"New Country BMW, Hartford, US",,,,,,,,
C28 - Donington Grey Metallic,F97,LKSW - Black Extended Merino Leather,2021,5YMTS0C07M9E92279,,9E92279,2MK,,,"Oct 29, 2020",,USA,"Tom Bush BMW Jacksonville, Jacksonville, US",,,,,,,,
C28 - Donington Grey Metallic,F97,VATQ - BMW Individual Tartufo Extended Merino Leather,2021,5YMTS0C0XM9E92325,,9E92325,2MK,,,"Oct 29, 2020",,USA,"Gebhardt BMW, Boulder, US",,,,,,,,
C28 - Donington Grey Metallic,F97,LKDA - Sakhir Orange Extended Merino Leather,2021,5YMTS0C05M9E92345,,9E92345,2MK,,,"Oct 29, 2020",,USA,"BMW of Brooklyn, Brooklyn, US",,,,,,,,
A90 - Dark Graphite Metallic,F97,LKSW - Black Extended Merino Leather,2021,5YMTS0C06M9E92371,,9E92371,2MK,,,"Oct 29, 2020",,USA,"South Shore BMW, Rockland, US",,,,,,,,
C28 - Donington Grey Metallic,F97,LKHV - Adelaide Grey Extended Merino Leather,2021,5YMTS0C0XM9E92390,,9E92390,2MK,,,"Oct 29, 2020",,USA,"West German BMW, Fort Washington, US",,,,,,,,
300 - Alpine White,F97,LKDA - Sakhir Orange Extended Merino Leather,2021,5YMTS0C03M9E92408,,9E92408,2MK,,,"Oct 29, 2020",,USA,"Crevier BMW, Santa Ana, US",,,,,,,,
C28 - Donington Grey Metallic,F97,LKDA - Sakhir Orange Extended Merino Leather,2021,5YMTS0C04M9E92434,,9E92434,2MK,,,"Oct 29, 2020",,USA,"BMW of Springfield, Springfield, US",,,,,,,,
C28 - Donington Grey Metallic,F97,VATQ - BMW Individual Tartufo Extended Merino Leather,2021,5YMTS0C06M9E92452,,9E92452,2MK,,,"Oct 29, 2020",,USA,"Continental BMW of Darien, Darien, US",,,,,,,,
A90 - Dark Graphite Metallic,F97,LKDA - Sakhir Orange Extended Merino Leather,2021,5YMTS0C0XM9E92471,,9E92471,2MK,,,"Oct 29, 2020",,USA,"BMW Encinitas, Encinitas, US",,,,,,,,
C28 - Donington Grey Metallic,F97,LKSW - Black Extended Merino Leather,2021,5YMTS0C06M9E92497,,9E92497,2MK,,,"Oct 30, 2020",,USA,"BMW of Sarasota, Sarasota, US",,,,,,,,
C28 - Donington Grey Metallic,F97,VATQ - BMW Individual Tartufo Extended Merino Leather,2021,5YMTS0C08M9E92517,,9E92517,2MK,,,"Oct 30, 2020",,USA,"BMW of Catonsville, Baltimore, US",,,,,,,,
A90 - Dark Graphite Metallic,F97,LKHV - Adelaide Grey Extended Merino Leather,2021,5YMTS0C03M9E92537,,9E92537,2MK,,,"Oct 30, 2020",,USA,"BMW of Las Vegas, Las Vegas, US",,,,,,,,
C28 - Donington Grey Metallic,F97,MAH7 - Black Vernasca Leather,2021,5YMTS0C08M9E92565,,9E92565,2MK,,,"Oct 30, 2020",,USA,"New Motors, Inc., Erie, US",,,,,,,,
C28 - Donington Grey Metallic,F97,LKSW - Black Extended Merino Leather,2021,5YMTS0C00M9E92589,,9E92589,2MK,,,"Oct 30, 2020",,USA,"BMW of Gwinnett Place, Duluth, US",,,,,,,,
C28 - Donington Grey Metallic,F97,LKDA - Sakhir Orange Extended Merino Leather,2021,5YMTS0C01M9E92620,,9E92620,2MK,,,"Oct 30, 2020",,USA,"South Shore BMW, Rockland, US",,,,,,,,
300 - Alpine White,F97,LKSW - Black Extended Merino Leather,2021,5YMTS0C09M9E92641,,9E92641,2MK,,,"Oct 30, 2020",,USA,"BMW of Austin, Austin, US",,,,,,,,
C28 - Donington Grey Metallic,F97,LKDA - Sakhir Orange Extended Merino Leather,2021,5YMTS0C02M9E92660,,9E92660,2MK,,,"Oct 30, 2020",,USA,"Crevier BMW, Santa Ana, US",,,,,,,,
C28 - Donington Grey Metallic,F97,HDJA - Black/Midrand Beige Two-Tone Merino Leather / Alcantara,2021,5YMTS0C06M9E92709,,9E92709,2MK,,,"Oct 30, 2020",,USA,"Braman BMW/Braman MINI of Miami, Miami, US",,,,,,,,
475 - Black Sapphire Metallic,F97,LKHV - Adelaide Grey Extended Merino Leather,2021,5YMTS0C09M9E92736,,9E92736,2MK,,,"Oct 30, 2020",,USA,"Braman BMW/Braman MINI of Miami, Miami, US",,,,,,,,
300 - Alpine White,F97,LKSW - Black Extended Merino Leather,2021,5YMTS0C00M9E92754,,9E92754,2MK,,,"Oct 30, 2020",,USA,"BMW of Honolulu, Honolulu, US",,,,,,,,
C28 - Donington Grey Metallic,F97,LKDA - Sakhir Orange Extended Merino Leather,2021,5YMTS0C08M9E92775,,9E92775,2MK,,,"Oct 30, 2020",,USA,"BMW Encinitas, Encinitas, US",,,,,,,,
C28 - Donington Grey Metallic,F97,LKDA - Sakhir Orange Extended Merino Leather,2021,5YMTS0C00M9E92804,,9E92804,2MK,,,"Oct 30, 2020",,USA,"Sterling BMW, Newport Beach, US",,,,,,,,
A90 - Dark Graphite Metallic,F97,LKDA - Sakhir Orange Extended Merino Leather,2021,5YMTS0C04M9E92823,,9E92823,2MK,,,"Oct 30, 2020",,USA,"BMW of South Atlanta, Union City, US",,,,,,,,
C28 - Donington Grey Metallic,F97,LKDA - Sakhir Orange Extended Merino Leather,2021,5YMTS0C0XM9E92843,,9E92843,2MK,,,"Oct 30, 2020",,USA,"BMW of Sioux Falls, Sioux Falls, US",,,,,,,,
475 - Black Sapphire Metallic,F97,LKSW - Black Extended Merino Leather,2021,5YMTS0C0XM9E92874,,9E92874,2MK,,,"Oct 30, 2020",,USA,"BMW of Alexandria, Alexandria, US",,,,,,,,
C1M - Phytonic Blue Metallic,F97,VATQ - BMW Individual Tartufo Extended Merino Leather,2021,5YMTS0C03M9E92909,,9E92909,2MK,,,"Oct 30, 2020",,USA,"BMW of Fremont, Fremont, US",,,,,,,,
A90 - Dark Graphite Metallic,F97,MAH7 - Black Vernasca Leather,2021,5YMTS0C0XM9E92941,,9E92941,2MK,,,"Oct 30, 2020",,USA,"Patrick BMW, Schaumburg, US",,,,,,,,
475 - Black Sapphire Metallic,F97,LKSW - Black Extended Merino Leather,2021,5YMTS0C09M9E92963,,9E92963,2MK,,,"Oct 30, 2020",,USA,"BMW Encinitas, Encinitas, US",,,,,,,,
C28 - Donington Grey Metallic,F97,MAH7 - Black Vernasca Leather,2021,5YMTS0C04M9E92983,,9E92983,2MK,,,"Oct 30, 2020",,USA,"BMW of Bridgeport, Bridgeport, US",,,,,,,,
300 - Alpine White,F97,LKSW - Black Extended Merino Leather,2021,5YMTS0C07M9E93013,,9E93013,2MK,,,"Oct 30, 2020",,USA,"BMW Encinitas, Encinitas, US",,,,,,,,
475 - Black Sapphire Metallic,F97,LKSW - Black Extended Merino Leather,2021,5YMTS0C04M9E93034,,9E93034,2MK,,,"Oct 30, 2020",,USA,"BMW Encinitas, Encinitas, US",,,,,,,,
A90 - Dark Graphite Metallic,F97,LKDA - Sakhir Orange Extended Merino Leather,2021,5YMTS0C04M9E93065,,9E93065,2MK,,,"Oct 30, 2020",,USA,"BMW of South Albany, Glenmont, US",,,,,,,,
C1M - Phytonic Blue Metallic,F97,LKHV - Adelaide Grey Extended Merino Leather,2021,5YMTS0C0XM9E93085,,9E93085,2MK,,,"Oct 30, 2020",,USA,"BMW of Las Vegas, Las Vegas, US",,,,,,,,
300 - Alpine White,F97,LKHV - Adelaide Grey Extended Merino Leather,2021,5YMTS0C07M9E93111,,9E93111,2MK,,,"Oct 30, 2020",,USA,"Roadshow BMW/MINI, Cordova, US",,,,,,,,
475 - Black Sapphire Metallic,F97,LKDA - Sakhir Orange Extended Merino Leather,2021,5YMTS0C00M9E93130,,9E93130,2MK,,,"Oct 30, 2020",,USA,"BMW of Newton, Newton, US",,,,,,,,
300 - Alpine White,F97,LKDA - Sakhir Orange Extended Merino Leather,2021,5YMTS0C06M9E93150,,9E93150,2MK,,,"Oct 30, 2020",,USA,"BMW of Sudbury, Sudbury, US",,,,,,,,
C28 - Donington Grey Metallic,F97,VATQ - BMW Individual Tartufo Extended Merino Leather,2021,5YMTS0C06M9E93178,,9E93178,2MK,,,"Oct 31, 2020",,USA,"Moses BMW, St. Albans, US",,,,,,,,
475 - Black Sapphire Metallic,F97,LKDA - Sakhir Orange Extended Merino Leather,2021,5YMTS0C06M9E93200,,9E93200,2MK,,,"Nov 2, 2020",,USA,"BMW of Manhasset, Manhasset, US",,,,,,,,
C1M - Phytonic Blue Metallic,F97,LKDA - Sakhir Orange Extended Merino Leather,2021,5YMTS0C04M9E93230,,9E93230,2MK,,,"Nov 2, 2020",,USA,"BMW Performance Center (SC), Greer, US",,,,,,,,
C28 - Donington Grey Metallic,F97,LKSW - Black Extended Merino Leather,2021,5YMTS0C0XM9E93250,,9E93250,2MK,,,"Oct 31, 2020",,USA,"Jackie Cooper Imports/MINI, Edmond, US",,,,,,,,
475 - Black Sapphire Metallic,F97,MAOQ - Oyster Vernasca Leather,2021,5YMTS0C04M9E93275,,9E93275,2MK,,,"Nov 2, 2020",,USA,"BMW of Murray, Murray, US",,,,,,,,
475 - Black Sapphire Metallic,F97,LKSW - Black Extended Merino Leather,2021,5YMTS0C06M9E93293,,9E93293,2MK,,,"Oct 31, 2020",,USA,"BMW of Ontario, Ontario, US",,,,,,,,
475 - Black Sapphire Metallic,F97,LKHV - Adelaide Grey Extended Merino Leather,2021,5YMTS0C08M9E93313,,9E93313,2MK,,,"Oct 31, 2020",,USA,"BMW Encinitas, Encinitas, US",,,,,,,,
300 - Alpine White,F97,LKSW - Black Extended Merino Leather,2021,5YMTS0C00M9E93337,,9E93337,2MK,,,"Nov 2, 2020",,USA,"BMW of Toledo, Toledo, US",,,,,,,,
300 - Alpine White,F97,LKDA - Sakhir Orange Extended Merino Leather,2021,5YMTS0C02M9E93355,,9E93355,2MK,,,"Nov 1, 2020",,USA,"Bluegrass BMW, Paducah, US",,,,,,,,
475 - Black Sapphire Metallic,F97,LKDA - Sakhir Orange Extended Merino Leather,2021,5YMTS0C04M9E93373,,9E93373,2MK,,,"Nov 1, 2020",,USA,"BMW of Las Vegas, Las Vegas, US",,,,,,,,
300 - Alpine White,F97,LKDA - Sakhir Orange Extended Merino Leather,2021,5YMTS0C07M9E93397,,9E93397,2MK,,,"Nov 1, 2020",,USA,"BMW of Ontario, Ontario, US",,,,,,,,
475 - Black Sapphire Metallic,F97,LKSW - Black Extended Merino Leather,2021,5YMTS0C02M9E93436,,9E93436,2MK,,,"Nov 2, 2020",,USA,"Herb Chambers BMW, Charlestown, US",,,,,,,,
475 - Black Sapphire Metallic,F97,VAEW - BMW Individual Ivory White Extended Merino Leather,2021,5YMTS0C05M9E93480,,9E93480,2MK,,,"Nov 1, 2020",,USA,"BMW of Grapevine, Grapevine, US",,,,,,,,
C28 - Donington Grey Metallic,F97,VATQ - BMW Individual Tartufo Extended Merino Leather,2021,5YMTS0C03M9E93512,,9E93512,2MK,,,"Nov 2, 2020",,USA,"Keeler BMW, Latham, US",,,,,,,,
475 - Black Sapphire Metallic,F97,LKHV - Adelaide Grey Extended Merino Leather,2021,5YMTS0C04M9E93535,,9E93535,2MK,,,"Nov 2, 2020",,USA,"Medford BMW, Medford, US",,,,,,,,
475 - Black Sapphire Metallic,F97,LKSW - Black Extended Merino Leather,2021,5YMTS0C00M9E94469,,9E94469,2MK,,,"Nov 2, 2020",,USA,"BMW of Shrewsbury, Shrewsbury, US",,,,,,,,
475 - Black Sapphire Metallic,F97,LKSW - Black Extended Merino Leather,2021,5YMTS0C04M9E94491,,9E94491,2MK,,,"Nov 2, 2020",,USA,"BMW of Grapevine, Grapevine, US",,,,,,,,
C1M - Phytonic Blue Metallic,F97,VATQ - BMW Individual Tartufo Extended Merino Leather,2021,5YMTS0C08M9E94512,,9E94512,2MK,,,"Nov 2, 2020",,USA,"BMW of Doylestown, Doylestown, US",,,,,,,,
A90 - Dark Graphite Metallic,F97,VATQ - BMW Individual Tartufo Extended Merino Leather,2021,5YMTS0C06M9E94542,,9E94542,2MK,,,"Nov 2, 2020",,USA,"Kelly BMW, Columbus, US",,,,,,,,
C3G - Toronto Red Metallic,F97,VAEW - BMW Individual Ivory White Extended Merino Leather,2021,5YMTS0C03M9E94563,,9E94563,2MK,,,"Nov 2, 2020",,USA,"BMW of Murray, Murray, US",,,,,,,,
300 - Alpine White,F97,LKDA - Sakhir Orange Extended Merino Leather,2021,5YMTS0C03M9E94594,,9E94594,2MK,,,"Nov 2, 2020",,USA,"BMW of Westchester, White Plains, US",,,,,,,,
475 - Black Sapphire Metallic,F97,LKHV - Adelaide Grey Extended Merino Leather,2021,5YMTS0C05M9E94614,,9E94614,2MK,,,"Nov 2, 2020",,USA,"BMW of Northwest Arkansas, Bentonville, US",,,,,,,,
C28 - Donington Grey Metallic,F97,LKSW - Black Extended Merino Leather,2021,5YMTS0C02M9E94635,,9E94635,2MK,,,"Nov 2, 2020",,USA,"I. G. Burton BMW, Milford, US",,,,,,,,
C3G - Toronto Red Metallic,F97,MAH7 - Black Vernasca Leather,2021,5YMTS0C00M9E94665,,9E94665,2MK,,,"Nov 2, 2020",,USA,"BMW of Brooklyn, Brooklyn, US",,,,,,,,
A90 - Dark Graphite Metallic,F97,VATQ - BMW Individual Tartufo Extended Merino Leather,2021,5YMTS0C01M9E94688,,9E94688,2MK,,,"Nov 2, 2020",,USA,"Karl Knauz Motors, Lake Bluff, US",,,,,,,,
300 - Alpine White,F97,LKSW - Black Extended Merino Leather,2021,5YMTS0C08M9E94719,,9E94719,2MK,,,"Nov 2, 2020",,USA,"Valley BMW, Modesto, US",,,,,,,,
A90 - Dark Graphite Metallic,F97,VATQ - BMW Individual Tartufo Extended Merino Leather,2021,5YMTS0C0XM9E94737,,9E94737,2MK,,,"Nov 2, 2020",,USA,"Habberstad BMW, Huntington Station, US",,,,,,,,
300 - Alpine White,F97,LKSW - Black Extended Merino Leather,2021,5YMTS0C05M9E94757,,9E94757,2MK,,,"Nov 2, 2020",,USA,"BMW of Greenwich, Greenwich, US",,,,,,,,
300 - Alpine White,F97,VATQ - BMW Individual Tartufo Extended Merino Leather,2021,5YMTS0C06M9E94783,,9E94783,2MK,,,"Nov 2, 2020",,USA,"BMW Seattle, Seattle, US",,,,,,,,
300 - Alpine White,F97,LKSW - Black Extended Merino Leather,2021,5YMTS0C08M9E94803,,9E94803,2MK,,,"Nov 2, 2020",,USA,"BMW of Tenafly, Tenafly, US",,,,,,,,
300 - Alpine White,F97,LKSW - Black Extended Merino Leather,2021,5YMTS0C01M9E94822,,9E94822,2MK,,,"Nov 2, 2020",,USA,"Sterling BMW, Newport Beach, US",,,,,,,,
C3G - Toronto Red Metallic,F97,LKSW - Black Extended Merino Leather,2021,5YMTS0C08M9E94851,,9E94851,2MK,,,"Nov 2, 2020",,USA,"BMW of Mountain View, Mountain View, US",,,,,,,,
C3G - Toronto Red Metallic,F97,LKSW - Black Extended Merino Leather,2021,5YMTS0C0XM9E94883,,9E94883,2MK,,,"Nov 2, 2020",,USA,"BMW of Westchester, White Plains, US",,,,,,,,
C1N - Sunstone Metallic,F97,VAEW - BMW Individual Ivory White Extended Merino Leather,2021,5YMTS0C08M9E94929,,9E94929,2MK,,,"Nov 2, 2020",,USA,"Germain BMW of Naples, Naples, US",,,,,,,,
300 - Alpine White,F97,HDJA - Black/Midrand Beige Two-Tone Merino Leather / Alcantara,2021,5YMTS0C0XM9E94950,,9E94950,2MK,,,"Nov 2, 2020",,USA,"Autogermana, Inc., Hato Rey, US",,,,,,,,
A90 - Dark Graphite Metallic,F97,LKSW - Black Extended Merino Leather,2021,5YMTS0C05M9E94967,,9E94967,2MK,,,"Nov 2, 2020",,USA,"BMW of Monterey, Seaside, US",,,,,,,,
C28 - Donington Grey Metallic,F97,LKDA - Sakhir Orange Extended Merino Leather,2021,5YMTS0C04M9E94992,,9E94992,2MK,,,"Nov 2, 2020",,USA,"Braman BMW/Braman MINI of Miami, Miami, US",,,,,,,,
C28 - Donington Grey Metallic,F97,HDJA - Black/Midrand Beige Two-Tone Merino Leather / Alcantara,2021,5YMTS0C02M9E95011,,9E95011,2MK,,,"Nov 2, 2020",,USA,"BMW of Brooklyn, Brooklyn, US",,,,,,,,
300 - Alpine White,F97,LKSW - Black Extended Merino Leather,2021,5YMTS0C0XM9E95029,,9E95029,2MK,,,"Nov 2, 2020",,USA,"BMW of Grapevine, Grapevine, US",,,,,,,,
300 - Alpine White,F97,VATQ - BMW Individual Tartufo Extended Merino Leather,2021,5YMTS0C04M9E95057,,9E95057,2MK,,,"Nov 2, 2020",,USA,"BMW of Peabody, Peabody, US",,,,,,,,
300 - Alpine White,F97,LKDA - Sakhir Orange Extended Merino Leather,2021,5YMTS0C0XM9E95080,,9E95080,2MK,,,"Nov 2, 2020",,USA,"McKenna BMW, Norwalk, US",,,,,,,,
475 - Black Sapphire Metallic,F97,LKSW - Black Extended Merino Leather,2021,5YMTS0C08M9E95997,,9E95997,2MK,,,"Nov 3, 2020",,USA,"Crevier BMW, Santa Ana, US",,,,,,,,
C3G - Toronto Red Metallic,F97,VATQ - BMW Individual Tartufo Extended Merino Leather,2021,5YMTS0C08M9E96017,,9E96017,2MK,,,"Nov 3, 2020",,USA,"BMW Performance Center (SC), Greer, US",,,,,,,,
475 - Black Sapphire Metallic,F97,VAEW - BMW Individual Ivory White Extended Merino Leather,2021,5YMTS0C01M9E96036,,9E96036,2MK,,,"Nov 3, 2020",,USA,"BMW of Dallas/MINI of Dallas, Dallas, US",,,,,,,,
300 - Alpine White,F97,LKDA - Sakhir Orange Extended Merino Leather,2021,5YMTS0C05M9E96055,,9E96055,2MK,,,"Nov 3, 2020",,USA,"BMW of Ridgefield, Ridgefield, US",,,,,,,,
C28 - Donington Grey Metallic,F97,VATQ - BMW Individual Tartufo Extended Merino Leather,2021,5YMTS0C08M9E96082,,9E96082,2MK,,,"Nov 3, 2020",,USA,"BMW Portland, Portland, US",,,,,,,,
C28 - Donington Grey Metallic,F97,LKDA - Sakhir Orange Extended Merino Leather,2021,5YMTS0C0XM9E96102,,9E96102,2MK,,,"Nov 3, 2020",,USA,"Park Avenue BMW, Rochelle Park, US",,,,,,,,
475 - Black Sapphire Metallic,F97,LKSW - Black Extended Merino Leather,2021,5YMTS0C05M9E96122,,9E96122,2MK,,,"Nov 3, 2020",,USA,"BMW of the Hudson Valley, Poughkeepsie, US",,,,,,,,
A90 - Dark Graphite Metallic,F97,LKHV - Adelaide Grey Extended Merino Leather,2021,5YMTS0C06M9E96145,,9E96145,2MK,,,"Nov 3, 2020",,USA,"Kelly BMW, Columbus, US",,,,,,,,
475 - Black Sapphire Metallic,F97,LKSW - Black Extended Merino Leather,2021,5YMTS0C03M9E96166,,9E96166,2MK,,,"Nov 3, 2020",,USA,"Tulley BMW, Nashua, US",,,,,,,,
300 - Alpine White,F97,MAH7 - Black Vernasca Leather,2021,5YMTS0C02M9E96188,,9E96188,2MK,,,"Nov 3, 2020",,USA,"BMW Encinitas, Encinitas, US",,,,,,,,
475 - Black Sapphire Metallic,F97,LKSW - Black Extended Merino Leather,2021,5YMTS0C08M9E96213,,9E96213,2MK,,,"Nov 3, 2020",,USA,"Steve Thomas BMW, Camarillo, US",,,,,,,,
300 - Alpine White,F97,LKHV - Adelaide Grey Extended Merino Leather,2021,5YMTS0C00M9E96240,,9E96240,2MK,,,"Nov 3, 2020",,USA,"Galleria BMW, D'Iberville, US",,,,,,,,
C28 - Donington Grey Metallic,F97,LKDA - Sakhir Orange Extended Merino Leather,2021,5YMTS0C00M9E96271,,9E96271,2MK,,,"Nov 3, 2020",,USA,"Park Avenue BMW, Rochelle Park, US",,,,,,,,
300 - Alpine White,F97,LKDA - Sakhir Orange Extended Merino Leather,2021,5YMTS0C06M9E96291,,9E96291,2MK,,,"Nov 3, 2020",,USA,"BMW of Springfield, Springfield, US",,,,,,,,
C1M - Phytonic Blue Metallic,F97,VATQ - BMW Individual Tartufo Extended Merino Leather,2021,5YMTS0C08M9E96311,,9E96311,2MK,,,"Nov 3, 2020",,USA,"Fields BMW of Daytona, Daytona Beach, US",,,,,,,,
475 - Black Sapphire Metallic,F97,LKDA - Sakhir Orange Extended Merino Leather,2021,5YMTS0C05M9E96329,,9E96329,2MK,,,"Nov 3, 2020",,USA,"Braman Motorcars/Braman MINI of Pal, West Palm Beach, US",,,,,,,,
475 - Black Sapphire Metallic,F97,LKSW - Black Extended Merino Leather,2021,5YMTS0C01M9E96358,,9E96358,2MK,,,"Nov 3, 2020",,USA,"Momentum BMW/MINI, Houston, US",,,,,,,,
C28 - Donington Grey Metallic,F97,LKSW - Black Extended Merino Leather,2021,5YMTS0C0XM9E96410,,9E96410,2MK,,,"Nov 4, 2020",,USA,"Plaza Motor Company, Creve Coeur, US",,,,,,,,
A90 - Dark Graphite Metallic,F97,LKSW - Black Extended Merino Leather,2021,5YMTS0C05M9E96430,,9E96430,2MK,,,"Nov 4, 2020",,USA,"BMW Seattle, Seattle, US",,,,,,,,
475 - Black Sapphire Metallic,F97,LKDA - Sakhir Orange Extended Merino Leather,2021,5YMTS0C06M9E96453,,9E96453,2MK,,,"Nov 4, 2020",,USA,"BMW Aurora, Aurora, CA",,,,,,,,
A90 - Dark Graphite Metallic,F97,VAEW - BMW Individual Ivory White Extended Merino Leather,2021,5YMTS0C04M9E96483,,9E96483,2MK,,,"Nov 4, 2020",,USA,"BMW Seattle, Seattle, US",,,,,,,,
475 - Black Sapphire Metallic,F97,LKDA - Sakhir Orange Extended Merino Leather,2021,5YMTS0C04M9E96502,,9E96502,2MK,,,"Nov 4, 2020",,USA,"BMW of Shrewsbury, Shrewsbury, US",,,,,,,,
475 - Black Sapphire Metallic,F97,LKSW - Black Extended Merino Leather,2021,5YMTS0C04M9E96547,,9E96547,2MK,,,"Nov 4, 2020",,USA,"Crevier BMW, Santa Ana, US",,,,,,,,
C28 - Donington Grey Metallic,F97,LKSW - Black Extended Merino Leather,2021,5YMTS0C0XM9E96567,,9E96567,2MK,,,"Nov 4, 2020",,USA,"BMW of Devon, Devon, US",,,,,,,,
C1N - Sunstone Metallic,F97,VATQ - BMW Individual Tartufo Extended Merino Leather,2021,5YMTS0C04M9E96595,,9E96595,2MK,,,"Nov 4, 2020",,USA,"Hilton Head BMW, Bluffton, US",,,,,,,,
C28 - Donington Grey Metallic,F97,VATQ - BMW Individual Tartufo Extended Merino Leather,2021,5YMTS0C02M9E96613,,9E96613,2MK,,,"Nov 4, 2020",,USA,"BMW of Ridgefield, Ridgefield, US",,,,,,,,
300 - Alpine White,F97,LKSW - Black Extended Merino Leather,2021,5YMTS0C0XM9E99422,,9E99422,2MK,,,"Nov 4, 2020",,USA,"Tom Bush BMW Jacksonville, Jacksonville, US",,,,,,,,
475 - Black Sapphire Metallic,F97,HDJA - Black/Midrand Beige Two-Tone Merino Leather / Alcantara,2021,5YMTS0C04M9E99450,,9E99450,2MK,,,"Nov 4, 2020",,USA,"Valencia BMW, Valencia, US",,,,,,,,
C3G - Toronto Red Metallic,F97,MAOQ - Oyster Vernasca Leather,2021,5YMTS0C01M9E99468,,9E99468,2MK,,,"Nov 4, 2020",,USA,"BMW of Shrewsbury, Shrewsbury, US",,,,,,,,
300 - Alpine White,F97,LKSW - Black Extended Merino Leather,2021,5YMTS0C01M9E99485,,9E99485,2MK,,,"Nov 4, 2020",,USA,"BMW of Fremont, Fremont, US",,,,,,,,
475 - Black Sapphire Metallic,F97,VATQ - BMW Individual Tartufo Extended Merino Leather,2021,5YMTS0C01M9E99535,,9E99535,2MK,,,"Nov 4, 2020",,USA,"Braman BMW/Braman MINI of Miami, Miami, US",,,,,,,,
300 - Alpine White,F97,LKDA - Sakhir Orange Extended Merino Leather,2021,5YMTS0C03M9E99584,,9E99584,2MK,,,"Nov 4, 2020",,USA,"Crevier BMW, Santa Ana, US",,,,,,,,
C28 - Donington Grey Metallic,F97,LKHV - Adelaide Grey Extended Merino Leather,2021,5YMTS0C08M9E99631,,9E99631,2MK,,,"Nov 4, 2020",,USA,"BMW of Lafayette, Lafayette, US",,,,,,,,
300 - Alpine White,F97,LKHV - Adelaide Grey Extended Merino Leather,2021,5YMTS0C05M9E99652,,9E99652,2MK,,,"Nov 4, 2020",,USA,"Rick Hendrick BMW Charleston, Charleston, US",,,,,,,,
475 - Black Sapphire Metallic,F97,LKDA - Sakhir Orange Extended Merino Leather,2021,5YMTS0C05M9E99683,,9E99683,2MK,,,"Nov 4, 2020",,USA,"BMW of Buena Park, Buena Park, US",,,,,,,,
C28 - Donington Grey Metallic,F97,LKSW - Black Extended Merino Leather,2021,5YMTS0C00M9E99705,,9E99705,2MK,,,"Nov 4, 2020",,USA,"Beverly Hills BMW, Los Angeles, US",,,,,,,,
C28 - Donington Grey Metallic,F97,LKDA - Sakhir Orange Extended Merino Leather,2021,5YMTS0C05M9E99733,,9E99733,2MK,,,"Nov 4, 2020",,USA,"BMW Concord, Concord, US",,,,,,,,
C28 - Donington Grey Metallic,F97,LKDA - Sakhir Orange Extended Merino Leather,2021,5YMTS0C01M9E99776,,9E99776,2MK,,,"Nov 4, 2020",,USA,"BMW of Manhasset, Manhasset, US",,,,,,,,
300 - Alpine White,F97,LKSW - Black Extended Merino Leather,2021,5YMTS0C04M9E99805,,9E99805,2MK,,,"Nov 4, 2020",,USA,"Sun Motor Cars BMW, Mechanicsburg, US",,,,,,,,
C28 - Donington Grey Metallic,F97,HDJA - Black/Midrand Beige Two-Tone Merino Leather / Alcantara,2021,5YMTS0C08M9E99824,,9E99824,2MK,,,"Nov 4, 2020",,USA,"West German BMW, Fort Washington, US",,,,,,,,
475 - Black Sapphire Metallic,F97,LKSW - Black Extended Merino Leather,2021,5YMTS0C01M9E99843,,9E99843,2MK,,,"Nov 4, 2020",,USA,"BMW of Schererville, Schererville, US",,,,,,,,
300 - Alpine White,F97,HDJA - Black/Midrand Beige Two-Tone Merino Leather / Alcantara,2021,5YMTS0C08M9E99872,,9E99872,2MK,,,"Nov 4, 2020",,USA,"Irvine BMW, Irvine, US",,,,,,,,
300 - Alpine White,F97,LKDA - Sakhir Orange Extended Merino Leather,2021,5YMTS0C05M9E99893,,9E99893,2MK,,,"Nov 4, 2020",,USA,"BMW of San Diego, San Diego, US",,,,,,,,
C28 - Donington Grey Metallic,F97,VATQ - BMW Individual Tartufo Extended Merino Leather,2021,5YMTS0C08M9E99922,,9E99922,2MK,,,"Nov 4, 2020",,USA,"BMW of Brooklyn, Brooklyn, US",,,,,,,,
300 - Alpine White,F97,LKSW - Black Extended Merino Leather,2021,5YMTS0C07M9E99989,,9E99989,2MK,,,"Nov 4, 2020",,USA,"Crevier BMW, Santa Ana, US",,,,,,,,
300 - Alpine White,F97,LKHV - Adelaide Grey Extended Merino Leather,2021,5YMTS0C07M9F00011,,9F00011,2MK,,,"Nov 4, 2020",,USA,"Competition BMW of Smithtown, Saint James, US",,,,,,,,
475 - Black Sapphire Metallic,F97,HDJA - Black/Midrand Beige Two-Tone Merino Leather / Alcantara,2021,5YMTS0C02M9F00059,,9F00059,2MK,,,"Nov 5, 2020",,USA,"Karl Knauz Motors, Lake Bluff, US",,,,,,,,
475 - Black Sapphire Metallic,F97,LKSW - Black Extended Merino Leather,2021,5YMTS0C06M9F00078,,9F00078,2MK,,,"Nov 5, 2020",,USA,"BMW of South Albany, Glenmont, US",,,,,,,,
C3G - Toronto Red Metallic,F97,LKHV - Adelaide Grey Extended Merino Leather,2021,5YMTS0C03M9F00099,,9F00099,2MK,,,"Nov 5, 2020",,USA,"Center BMW, Sherman Oaks, US",,,,,,,,
300 - Alpine White,F97,LKDA - Sakhir Orange Extended Merino Leather,2021,5YMTS0C08M9F00132,,9F00132,2MK,,,"Nov 5, 2020",,USA,"BMW of Vista, Vista, US",,,,,,,,
C28 - Donington Grey Metallic,F97,LKSW - Black Extended Merino Leather,2021,5YMTS0C0XM9F00178,,9F00178,2MK,,,"Nov 5, 2020",,USA,"Galleria BMW, D'Iberville, US",,,,,,,,
475 - Black Sapphire Metallic,F97,LKSW - Black Extended Merino Leather,2021,5YMTS0C03M9F00202,,9F00202,2MK,,,"Nov 5, 2020",,USA,"BMW of Freehold, Freehold, US",,,,,,,,
475 - Black Sapphire Metallic,F97,HDJA - Black/Midrand Beige Two-Tone Merino Leather / Alcantara,2021,5YMTS0C01M9F00232,,9F00232,2MK,,,"Nov 5, 2020",,USA,"BMW of Fort Lauderdale, Fort Lauderdale, US",,,,,,,,
A90 - Dark Graphite Metallic,F97,VAEW - BMW Individual Ivory White Extended Merino Leather,2021,5YMTS0C05M9F00251,,9F00251,2MK,,,"Nov 5, 2020",,USA,"BMW of San Diego, San Diego, US",,,,,,,,
300 - Alpine White,F97,LKHV - Adelaide Grey Extended Merino Leather,2021,5YMTS0C09M9F00270,,9F00270,2MK,,,"Nov 5, 2020",,USA,"BMW of Honolulu, Honolulu, US",,,,,,,,
300 - Alpine White,F97,LKDA - Sakhir Orange Extended Merino Leather,2021,5YMTS0C05M9F00301,,9F00301,2MK,,,"Nov 5, 2020",,USA,"Valencia BMW, Valencia, US",,,,,,,,
C28 - Donington Grey Metallic,F97,LKSW - Black Extended Merino Leather,2021,5YMTS0C02M9F00322,,9F00322,2MK,,,"Nov 5, 2020",,USA,"BMW Encinitas, Encinitas, US",,,,,,,,
300 - Alpine White,F97,LKSW - Black Extended Merino Leather,2021,5YMTS0C08M9F00373,,9F00373,2MK,,,"Nov 5, 2020",,USA,"BMW of Gwinnett Place, Duluth, US",,,,,,,,
300 - Alpine White,F97,LKDA - Sakhir Orange Extended Merino Leather,2021,5YMTS0C05M9F00394,,9F00394,2MK,,,"Nov 5, 2020",,USA,"BMW North Scottsdale, Phoenix, US",,,,,,,,
C28 - Donington Grey Metallic,F97,LKDA - Sakhir Orange Extended Merino Leather,2021,5YMTS0C02M9F00417,,9F00417,2MK,,,"Nov 5, 2020",,USA,"South Motors BMW, Miami, US",,,,,,,,
300 - Alpine White,F97,LKHV - Adelaide Grey Extended Merino Leather,2021,5YMTS0C04M9F00435,,9F00435,2MK,,,"Nov 5, 2020",,USA,"Vista BMW, Coconut Creek, US",,,,,,,,
A90 - Dark Graphite Metallic,F97,LKHV - Adelaide Grey Extended Merino Leather,2021,5YMTS0C08M9F00454,,9F00454,2MK,,,"Nov 5, 2020",,USA,"BMW of Denver Downtown, Denver, US",,,,,,,,
C1M - Phytonic Blue Metallic,F97,LKHV - Adelaide Grey Extended Merino Leather,2021,5YMTS0C02M9F00482,,9F00482,2MK,,,"Nov 5, 2020",,USA,"BMW of Salem, Salem, US",,,,,,,,
C28 - Donington Grey Metallic,F97,HDJA - Black/Midrand Beige Two-Tone Merino Leather / Alcantara,2021,5YMTS0C08M9F00521,,9F00521,2MK,,,"Nov 5, 2020",,USA,"BMW of Buena Park, Buena Park, US",,,,,,,,
C28 - Donington Grey Metallic,F97,VATQ - BMW Individual Tartufo Extended Merino Leather,2021,5YMTS0C06M9F00548,,9F00548,2MK,,,"Nov 5, 2020",,USA,"BMW Performance Center (SC), Greer, US",,,,,,,,
A90 - Dark Graphite Metallic,F97,LKSW - Black Extended Merino Leather,2021,5YMTS0C03M9F00569,,9F00569,2MK,,,"Nov 5, 2020",,USA,"BMW of Dallas/MINI of Dallas, Dallas, US",,,,,,,,
475 - Black Sapphire Metallic,F97,LKDA - Sakhir Orange Extended Merino Leather,2021,5YMTS0C05M9F00590,,9F00590,2MK,,,"Nov 5, 2020",,USA,"BMW of Fremont, Fremont, US",,,,,,,,
475 - Black Sapphire Metallic,F97,LKDA - Sakhir Orange Extended Merino Leather,2021,5YMTS0C0XM9F00617,,9F00617,2MK,,,"Nov 5, 2020",,USA,"Perillo BMW, Inc., Chicago, US",,,,,,,,
C28 - Donington Grey Metallic,F97,LKSW - Black Extended Merino Leather,2021,5YMTS0C07M9F00638,,9F00638,2MK,,,"Nov 5, 2020",,USA,"BMW of Dallas/MINI of Dallas, Dallas, US",,,,,,,,
475 - Black Sapphire Metallic,F97,LKSW - Black Extended Merino Leather,2021,5YMTS0C03M9F00667,,9F00667,2MK,,,"Nov 5, 2020",,USA,"Chapman BMW, Chandler, US",,,,,,,,
A90 - Dark Graphite Metallic,F97,LKHV - Adelaide Grey Extended Merino Leather,2021,5YMTS0C00M9F00688,,9F00688,2MK,,,"Nov 5, 2020",,USA,"Schomp BMW of Highlands Ranch, Highlands Ranch, US",,,,,,,,
475 - Black Sapphire Metallic,F97,LKSW - Black Extended Merino Leather,2021,5YMTS0C07M9F00719,,9F00719,2MK,,,"Nov 6, 2020",,USA,"Competition BMW of Smithtown, Saint James, US",,,,,,,,
475 - Black Sapphire Metallic,F97,LKSW - Black Extended Merino Leather,2021,5YMTS0C07M9F00767,,9F00767,2MK,,,"Nov 6, 2020",,USA,"Hendrick BMW, Charlotte, US",,,,,,,,
475 - Black Sapphire Metallic,F97,LKSW - Black Extended Merino Leather,2021,5YMTS0C02M9F00787,,9F00787,2MK,,,"Nov 6, 2020",,USA,"BMW of The Woodlands, The Woodlands, US",,,,,,,,
300 - Alpine White,F97,MAH7 - Black Vernasca Leather,2021,5YMTS0C09M9F00804,,9F00804,2MK,,,"Nov 6, 2020",,USA,"BMW of Lafayette, Lafayette, US",,,,,,,,
300 - Alpine White,F97,LKSW - Black Extended Merino Leather,2021,5YMTS0C03M9F00832,,9F00832,2MK,,,"Nov 6, 2020",,USA,"Critz BMW, Savannah, US",,,,,,,,
475 - Black Sapphire Metallic,F97,LKSW - Black Extended Merino Leather,2021,5YMTS0C05M9F00850,,9F00850,2MK,,,"Nov 6, 2020",,USA,"Autohaus BMW of Maplewood, Saint Louis, US",,,,,,,,
475 - Black Sapphire Metallic,F97,HDJA - Black/Midrand Beige Two-Tone Merino Leather / Alcantara,2021,5YMTS0C07M9F00879,,9F00879,2MK,,,"Nov 6, 2020",,USA,"BMW of Mt. Laurel, Mount Laurel, US",,,,,,,,
C28 - Donington Grey Metallic,F97,LKDA - Sakhir Orange Extended Merino Leather,2021,5YMTS0C07M9F00901,,9F00901,2MK,,,"Nov 6, 2020",,USA,"BMW of Buena Park, Buena Park, US",,,,,,,,
300 - Alpine White,F97,LKDA - Sakhir Orange Extended Merino Leather,2021,5YMTS0C09M9F00950,,9F00950,2MK,,,"Nov 6, 2020",,USA,"BMW of Monrovia, Monrovia, US",,,,,,,,
A90 - Dark Graphite Metallic,F97,LKSW - Black Extended Merino Leather,2021,5YMTS0C04M9F00998,,9F00998,2MK,,,"Nov 6, 2020",,USA,"Hendrick BMW, Charlotte, US",,,,,,,,
475 - Black Sapphire Metallic,F97,HDJA - Black/Midrand Beige Two-Tone Merino Leather / Alcantara,2021,5YMTS0C06M9F01019,,9F01019,2MK,,,"Nov 6, 2020",,USA,"BMW of Salem, Salem, US",,,,,,,,
300 - Alpine White,F97,LKHV - Adelaide Grey Extended Merino Leather,2021,5YMTS0C05M9F01948,,9F01948,2MK,,,"Nov 6, 2020",,USA,"Casey BMW, Newport News, US",,,,,,,,
300 - Alpine White,F97,LKDA - Sakhir Orange Extended Merino Leather,2021,5YMTS0C08M9F01989,,9F01989,2MK,,,"Nov 6, 2020",,USA,"Schomp BMW of Highlands Ranch, Highlands Ranch, US",,,,,,,,
300 - Alpine White,F97,HDJA - Black/Midrand Beige Two-Tone Merino Leather / Alcantara,2021,5YMTS0C00M9F02019,,9F02019,2MK,,,"Nov 6, 2020",,USA,"BMW of Austin, Austin, US",,,,,,,,
C28 - Donington Grey Metallic,F97,VATQ - BMW Individual Tartufo Extended Merino Leather,2021,5YMTS0C06M9F02042,,9F02042,2MK,,,"Nov 6, 2020",,USA,"BMW of Morristown, Morristown, US",,,,,,,,
300 - Alpine White,F97,LKDA - Sakhir Orange Extended Merino Leather,2021,5YMTS0C08M9F02074,,9F02074,2MK,,,"Nov 6, 2020",,USA,"BMW of Barrington, Barrington, US",,,,,,,,
300 - Alpine White,F97,LKDA - Sakhir Orange Extended Merino Leather,2021,5YMTS0C09M9F02097,,9F02097,2MK,,,"Nov 6, 2020",,USA,"Germain BMW of Naples, Naples, US",,,,,,,,
475 - Black Sapphire Metallic,F97,LKSW - Black Extended Merino Leather,2021,5YMTS0C01M9F02126,,9F02126,2MK,,,"Nov 6, 2020",,USA,"BMW of Bridgewater, Bridgewater, US",,,,,,,,
475 - Black Sapphire Metallic,F97,VATQ - BMW Individual Tartufo Extended Merino Leather,2021,5YMTS0C03M9F02192,,9F02192,2MK,,,"Nov 6, 2020",,USA,"Classic BMW/Classic MINI, Willoughby Hills, US",,,,,,,,
300 - Alpine White,F97,LKDA - Sakhir Orange Extended Merino Leather,2021,5YMTS0C00M9F02215,,9F02215,2MK,,,"Nov 6, 2020",,USA,"Irvine BMW, Irvine, US",,,,,,,,
475 - Black Sapphire Metallic,F97,LKSW - Black Extended Merino Leather,2021,5YMTS0C03M9F02242,,9F02242,2MK,,,"Nov 7, 2020",,USA,"BMW of Austin, Austin, US",,,,,,,,
475 - Black Sapphire Metallic,F97,HDJA - Black/Midrand Beige Two-Tone Merino Leather / Alcantara,2021,5YMTS0C09M9F02259,,9F02259,2MK,,,"Nov 7, 2020",,USA,"Ferman BMW/Ferman MINI of Tampa Bay, Palm Harbor, US",,,,,,,,
300 - Alpine White,F97,HDJA - Black/Midrand Beige Two-Tone Merino Leather / Alcantara,2021,5YMTS0C02M9F02278,,9F02278,2MK,,,"Nov 7, 2020",,USA,"MINI of Wesley Chapel, Wesley Chapel, US",,,,,,,,
300 - Alpine White,F97,LKSW - Black Extended Merino Leather,2021,5YMTS0C01M9F02305,,9F02305,2MK,,,"Nov 7, 2020",,USA,"BMW of Escondido, Escondido, US",,,,,,,,
300 - Alpine White,F97,LKSW - Black Extended Merino Leather,2021,5YMTS0C09M9F02326,,9F02326,2MK,,,"Nov 7, 2020",,USA,"Passport BMW, Suitland, US",,,,,,,,
300 - Alpine White,F97,LKSW - Black Extended Merino Leather,2021,5YMTS0C05M9F02355,,9F02355,2MK,,,"Nov 7, 2020",,USA,"I. G. Burton BMW, Milford, US",,,,,,,,
300 - Alpine White,F97,LKDA - Sakhir Orange Extended Merino Leather,2021,5YMTS0C07M9F02373,,9F02373,2MK,,,"Nov 7, 2020",,USA,"Braman Motorcars/Braman MINI of Pal, West Palm Beach, US",,,,,,,,
300 - Alpine White,F97,MAH7 - Black Vernasca Leather,2021,5YMTS0C06M9F02395,,9F02395,2MK,,,"Nov 7, 2020",,USA,"Patrick BMW, Schaumburg, US",,,,,,,,
300 - Alpine White,F97,HDJA - Black/Midrand Beige Two-Tone Merino Leather / Alcantara,2021,5YMTS0C07M9F02423,,9F02423,2MK,,,"Nov 8, 2020",,USA,"BMW of Houston Midtown, Houston, US",,,,,,,,
475 - Black Sapphire Metallic,F97,HDJA - Black/Midrand Beige Two-Tone Merino Leather / Alcantara,2021,5YMTS0C04M9F02444,,9F02444,2MK,,,"Nov 8, 2020",,USA,"Beverly Hills BMW, Los Angeles, US",,,,,,,,
C28 - Donington Grey Metallic,F97,LKDA - Sakhir Orange Extended Merino Leather,2021,5YMTS0C03M9F02466,,9F02466,2MK,,,"Nov 8, 2020",,USA,"Schomp BMW of Highlands Ranch, Highlands Ranch, US",,,,,,,,
300 - Alpine White,F97,VAEW - BMW Individual Ivory White Extended Merino Leather,2021,5YMTS0C05M9F02517,,9F02517,2MK,,,"Nov 8, 2020",,USA,"BMW of Mt. Laurel, Mount Laurel, US",,,,,,,,
300 - Alpine White,F97,VATQ - BMW Individual Tartufo Extended Merino Leather,2021,5YMTS0C00M9F02540,,9F02540,2MK,,,"Nov 8, 2020",,USA,"Voss Village BMW, Dayton, US",,,,,,,,
C1M - Phytonic Blue Metallic,F97,LKHV - Adelaide Grey Extended Merino Leather,2021,5YMTS0C00M9F04336,,9F04336,2MK,,,"Nov 9, 2020",,USA,"BMW of Dallas/MINI of Dallas, Dallas, US",,,,,,,,
A90 - Dark Graphite Metallic,F97,HDJA - Black/Midrand Beige Two-Tone Merino Leather / Alcantara,2021,5YMTS0C02M9F04354,,9F04354,2MK,,,"Nov 9, 2020",,USA,"Autogermana, Inc., Hato Rey, US",,,,,,,,
A90 - Dark Graphite Metallic,F97,VAEW - BMW Individual Ivory White Extended Merino Leather,2021,5YMTS0C05M9F04381,,9F04381,2MK,,,"Nov 9, 2020",,USA,"Patrick BMW, Schaumburg, US",,,,,,,,
475 - Black Sapphire Metallic,F97,LKSW - Black Extended Merino Leather,2021,5YMTS0C09M9F04397,,9F04397,2MK,,,"Nov 9, 2020",,USA,"BMW of Fort Lauderdale, Fort Lauderdale, US",,,,,,,,
475 - Black Sapphire Metallic,F97,LKSW - Black Extended Merino Leather,2021,5YMTS0C03M9F04413,,9F04413,2MK,,,"Nov 9, 2020",,USA,"Schomp BMW of Highlands Ranch, Highlands Ranch, US",,,,,,,,
475 - Black Sapphire Metallic,F97,LKSW - Black Extended Merino Leather,2021,5YMTS0C06M9F04440,,9F04440,2MK,,,"Nov 9, 2020",,USA,"BMW of Barrington, Barrington, US",,,,,,,,
A90 - Dark Graphite Metallic,F97,VATQ - BMW Individual Tartufo Extended Merino Leather,2021,5YMTS0C03M9F04458,,9F04458,2MK,,,"Nov 9, 2020",,USA,"BMW of Peabody, Peabody, US",,,,,,,,
475 - Black Sapphire Metallic,F97,LKDA - Sakhir Orange Extended Merino Leather,2021,5YMTS0C06M9F04485,,9F04485,2MK,,,"Nov 9, 2020",,USA,"McKenna BMW, Norwalk, US",,,,,,,,
475 - Black Sapphire Metallic,F97,MAH7 - Black Vernasca Leather,2021,5YMTS0C0XM9F04506,,9F04506,2MK,,,"Nov 9, 2020",,USA,"Patrick BMW, Schaumburg, US",,,,,,,,
C1M - Phytonic Blue Metallic,F97,LKSW - Black Extended Merino Leather,2021,5YMTS0C04M9F04534,,9F04534,2MK,,,"Nov 9, 2020",,USA,"Valley BMW, Modesto, US",,,,,,,,
475 - Black Sapphire Metallic,F97,LKSW - Black Extended Merino Leather,2021,5YMTS0C06M9F04552,,9F04552,2MK,,,"Nov 9, 2020",,USA,"Tulley BMW, Nashua, US",,,,,,,,
A90 - Dark Graphite Metallic,F97,LKHV - Adelaide Grey Extended Merino Leather,2021,5YMTS0C06M9F04633,,9F04633,2MK,,,"Nov 9, 2020",,USA,"BMW of Bridgeport, Bridgeport, US",,,,,,,,
C1M - Phytonic Blue Metallic,F97,LKSW - Black Extended Merino Leather,2021,5YMTS0C03M9F04654,,9F04654,2MK,,,"Nov 9, 2020",,USA,"BMW of Denver Downtown, Denver, US",,,,,,,,
475 - Black Sapphire Metallic,F97,LKDA - Sakhir Orange Extended Merino Leather,2021,5YMTS0C05M9F04669,,9F04669,2MK,,,"Nov 9, 2020",,USA,"Autogermana, Inc., Hato Rey, US",,,,,,,,
C1M - Phytonic Blue Metallic,F97,MAOQ - Oyster Vernasca Leather,2021,5YMTS0C08M9F04696,,9F04696,2MK,,,"Nov 9, 2020",,USA,"BMW of Charlottesville, Charlottesville, US",,,,,,,,
475 - Black Sapphire Metallic,F97,VAEW - BMW Individual Ivory White Extended Merino Leather,2021,5YMTS0C04M9F04744,,9F04744,2MK,,,"Nov 9, 2020",,USA,"BMW of Columbia, Columbia, US",,,,,,,,
475 - Black Sapphire Metallic,F97,MAOQ - Oyster Vernasca Leather,2021,5YMTS0C01M9F04782,,9F04782,2MK,,,"Nov 9, 2020",,USA,"BMW of Ramsey, Ramsey, US",,,,,,,,
A90 - Dark Graphite Metallic,F97,HDJA - Black/Midrand Beige Two-Tone Merino Leather / Alcantara,2021,5YMTS0C06M9F04812,,9F04812,2MK,,,"Nov 9, 2020",,USA,"Karl Knauz Motors, Lake Bluff, US",,,,,,,,
A90 - Dark Graphite Metallic,F97,LKSW - Black Extended Merino Leather,2021,5YMTS0C01M9F04832,,9F04832,2MK,,,"Nov 9, 2020",,USA,"Vista BMW, Coconut Creek, US",,,,,,,,
475 - Black Sapphire Metallic,F97,LKDA - Sakhir Orange Extended Merino Leather,2021,5YMTS0C0XM9F04862,,9F04862,2MK,,,"Nov 9, 2020",,USA,"BMW of El Paso, El Paso, US",,,,,,,,
475 - Black Sapphire Metallic,F97,LKHV - Adelaide Grey Extended Merino Leather,2021,5YMTS0C09M9F04917,,9F04917,2MK,,,"Nov 9, 2020",,USA,"Stevens Creek BMW, Santa Clara, US",,,,,,,,
A90 - Dark Graphite Metallic,F97,MAH7 - Black Vernasca Leather,2021,5YMTS0C06M9F04941,,9F04941,2MK,,,"Nov 9, 2020",,USA,"Stevens Creek BMW, Santa Clara, US",,,,,,,,
A90 - Dark Graphite Metallic,F97,VATQ - BMW Individual Tartufo Extended Merino Leather,2021,5YMTS0C03M9F04993,,9F04993,2MK,,,"Nov 10, 2020",,USA,"BMW of Murray, Murray, US",,,,,,,,
300 - Alpine White,F97,LKDA - Sakhir Orange Extended Merino Leather,2021,5YMTS0C01M9F05012,,9F05012,2MK,,,"Nov 10, 2020",,USA,"BMW of Buena Park, Buena Park, US",,,,,,,,
A90 - Dark Graphite Metallic,F97,VAEW - BMW Individual Ivory White Extended Merino Leather,2021,5YMTS0C0XM9F05042,,9F05042,2MK,,,"Nov 10, 2020",,USA,"Braman BMW/Braman MINI of Miami, Miami, US",,,,,,,,
C28 - Donington Grey Metallic,F97,LKSW - Black Extended Merino Leather,2021,5YMTS0C04M9F05067,,9F05067,2MK,,,"Nov 10, 2020",,USA,"Classic BMW/Classic MINI, Willoughby Hills, US",,,,,,,,
C3G - Toronto Red Metallic,F97,LKHV - Adelaide Grey Extended Merino Leather,2021,5YMTS0C08M9F05086,,9F05086,2MK,,,"Nov 10, 2020",,USA,"Gebhardt BMW, Boulder, US",,,,,,,,
C28 - Donington Grey Metallic,F97,LKDA - Sakhir Orange Extended Merino Leather,2021,5YMTS0C04M9F05117,,9F05117,2MK,,,"Nov 10, 2020",,USA,"BMW of Lancaster, Lancaster, US",,,,,,,,
C28 - Donington Grey Metallic,F97,HDJA - Black/Midrand Beige Two-Tone Merino Leather / Alcantara,2021,5YMTS0C03M9F05142,,9F05142,2MK,,,"Nov 10, 2020",,USA,"Patrick BMW, Schaumburg, US",,,,,,,,
C3G - Toronto Red Metallic,F97,LKDA - Sakhir Orange Extended Merino Leather,2021,5YMTS0C0XM9F05171,,9F05171,2MK,,,"Nov 10, 2020",,USA,"BMW of Morristown, Morristown, US",,,,,,,,
C28 - Donington Grey Metallic,F97,LKDA - Sakhir Orange Extended Merino Leather,2021,5YMTS0C03M9F05190,,9F05190,2MK,,,"Nov 10, 2020",,USA,"Grayson BMW, Knoxville, US",,,,,,,,
C28 - Donington Grey Metallic,F97,LKSW - Black Extended Merino Leather,2021,5YMTS0C06M9F05264,,9F05264,2MK,,,"Nov 10, 2020",,USA,"Irvine BMW, Irvine, US",,,,,,,,
C28 - Donington Grey Metallic,F97,LKHV - Adelaide Grey Extended Merino Leather,2021,5YMTS0C00M9F05292,,9F05292,2MK,,,"Nov 10, 2020",,USA,"BMW of West Houston, Houston, US",,,,,,,,
C28 - Donington Grey Metallic,F97,LKHV - Adelaide Grey Extended Merino Leather,2021,5YMTS0C05M9F05336,,9F05336,2MK,,,"Nov 10, 2020",,USA,"The Automaster, Shelburne, US",,,,,,,,
C28 - Donington Grey Metallic,F97,LKSW - Black Extended Merino Leather,2021,5YMTS0C02M9F05360,,9F05360,2MK,,,"Nov 10, 2020",,USA,"BMW of Newton, Newton, US",,,,,,,,
C28 - Donington Grey Metallic,F97,LKSW - Black Extended Merino Leather,2021,5YMTS0C00M9F05390,,9F05390,2MK,,,"Nov 10, 2020",,USA,"BMW of Williamsport, Muncy, US",,,,,,,,
C28 - Donington Grey Metallic,F97,LKDA - Sakhir Orange Extended Merino Leather,2021,5YMTS0C00M9F05440,,9F05440,2MK,,,"Nov 10, 2020",,USA,"Global Imports BMW, Atlanta, US",,,,,,,,
C28 - Donington Grey Metallic,F97,LKDA - Sakhir Orange Extended Merino Leather,2021,5YMTS0C01M9F05463,,9F05463,2MK,,,"Nov 10, 2020",,USA,"BMW of Reading, Reading, US",,,,,,,,
C28 - Donington Grey Metallic,F97,LKHV - Adelaide Grey Extended Merino Leather,2021,5YMTS0C05M9F05482,,9F05482,2MK,,,"Nov 10, 2020",,USA,"BMW of West St. Louis, Manchester, US",,,,,,,,
C28 - Donington Grey Metallic,F97,LKDA - Sakhir Orange Extended Merino Leather,2021,5YMTS0C0XM9F05512,,9F05512,2MK,,,"Nov 10, 2020",,USA,"Rallye BMW, Westbury, US",,,,,,,,
C28 - Donington Grey Metallic,F97,VATQ - BMW Individual Tartufo Extended Merino Leather,2021,5YMTS0C05M9F05532,,9F05532,2MK,,,"Nov 10, 2020",,USA,"Chapman BMW, Chandler, US",,,,,,,,
C3G - Toronto Red Metallic,F97,MAH7 - Black Vernasca Leather,2021,5YMTS0C07M9F05564,,9F05564,2MK,,,"Nov 10, 2020",,USA,"BMW of Rockville, Rockville, US",,,,,,,,
C28 - Donington Grey Metallic,F97,HDJA - Black/Midrand Beige Two-Tone Merino Leather / Alcantara,2021,5YMTS0C02M9F05584,,9F05584,2MK,,,"Nov 10, 2020",,USA,"BMW of Las Vegas, Las Vegas, US",,,,,,,,
C28 - Donington Grey Metallic,F97,LKHV - Adelaide Grey Extended Merino Leather,2021,5YMTS0C07M9F05614,,9F05614,2MK,,,"Nov 10, 2020",,USA,"Valencia BMW, Valencia, US",,,,,,,,
C28 - Donington Grey Metallic,F97,LKSW - Black Extended Merino Leather,2021,5YMTS0C00M9F05633,,9F05633,2MK,,,"Nov 10, 2020",,USA,"BMW of San Rafael, San Rafael, US",,,,,,,,
C28 - Donington Grey Metallic,F97,LKSW - Black Extended Merino Leather,2021,5YMTS0C00M9F05650,,9F05650,2MK,,,"Nov 11, 2020",,USA,"Perillo BMW, Inc., Chicago, US",,,,,,,,
C28 - Donington Grey Metallic,F97,HDJA - Black/Midrand Beige Two-Tone Merino Leather / Alcantara,2021,5YMTS0C09M9F05694,,9F05694,2MK,,,"Nov 11, 2020",,USA,"Sun Motor Cars BMW, Mechanicsburg, US",,,,,,,,
C3G - Toronto Red Metallic,F97,VAEW - BMW Individual Ivory White Extended Merino Leather,2021,5YMTS0C02M9F07044,,9F07044,2MK,,,"Nov 11, 2020",,USA,"Germain BMW of Naples, Naples, US",,,,,,,,
300 - Alpine White,F97,LKDA - Sakhir Orange Extended Merino Leather,2021,5YMTS0C05M9F07068,,9F07068,2MK,,,"Nov 11, 2020",,USA,"BMW of Springfield, Springfield, US",,,,,,,,
475 - Black Sapphire Metallic,F97,LKDA - Sakhir Orange Extended Merino Leather,2021,5YMTS0C04M9F07126,,9F07126,2MK,,,"Nov 11, 2020",,USA,"Winslow BMW of Colorado Springs, Colorado Springs, US",,,,,,,,
C3G - Toronto Red Metallic,F97,LKHV - Adelaide Grey Extended Merino Leather,2021,5YMTS0C04M9F07160,,9F07160,2MK,,,"Nov 11, 2020",,USA,"Melbourne BMW, Melbourne, US",,,,,,,,
C28 - Donington Grey Metallic,F97,LKDA - Sakhir Orange Extended Merino Leather,2021,5YMTS0C03M9F07182,,9F07182,2MK,,,"Nov 11, 2020",,USA,"BMW of Riverside, Riverside, US",,,,,,,,
A90 - Dark Graphite Metallic,F97,LKSW - Black Extended Merino Leather,2021,5YMTS0C03M9F07232,,9F07232,2MK,,,"Nov 11, 2020",,USA,"BMW of Austin, Austin, US",,,,,,,,
475 - Black Sapphire Metallic,F97,LKDA - Sakhir Orange Extended Merino Leather,2021,5YMTS0C05M9F07250,,9F07250,2MK,,,"Nov 11, 2020",,USA,"BMW of Denver Downtown, Denver, US",,,,,,,,
300 - Alpine White,F97,LKSW - Black Extended Merino Leather,2021,5YMTS0C08M9F07274,,9F07274,2MK,,,"Nov 11, 2020",,USA,"Tom Bush BMW Jacksonville, Jacksonville, US",,,,,,,,
475 - Black Sapphire Metallic,F97,LKHV - Adelaide Grey Extended Merino Leather,2021,5YMTS0C0XM9F07292,,9F07292,2MK,,,"Nov 11, 2020",,USA,"Roadshow BMW/MINI, Cordova, US",,,,,,,,
475 - Black Sapphire Metallic,F97,HDJA - Black/Midrand Beige Two-Tone Merino Leather / Alcantara,2021,5YMTS0C03M9F07313,,9F07313,2MK,,,"Nov 11, 2020",,USA,"Don Jacobs BMW, Lexington, US",,,,,,,,
C28 - Donington Grey Metallic,F97,LKDA - Sakhir Orange Extended Merino Leather,2021,5YMTS0C07M9F07363,,9F07363,2MK,,,"Nov 11, 2020",,USA,"BMW of Temple, Temple, US",,,,,,,,
475 - Black Sapphire Metallic,F97,LKHV - Adelaide Grey Extended Merino Leather,2021,5YMTS0C02M9F07383,,9F07383,2MK,,,"Nov 11, 2020",,USA,"Crevier BMW, Santa Ana, US",,,,,,,,
C28 - Donington Grey Metallic,F97,LKHV - Adelaide Grey Extended Merino Leather,2021,5YMTS0C04M9F07465,,9F07465,2MK,,,"Nov 11, 2020",,USA,"Schomp BMW of Highlands Ranch, Highlands Ranch, US",,,,,,,,
C28 - Donington Grey Metallic,F97,LKDA - Sakhir Orange Extended Merino Leather,2021,5YMTS0C03M9F07487,,9F07487,2MK,,,"Nov 11, 2020",,USA,"BMW of Monrovia, Monrovia, US",,,,,,,,
C28 - Donington Grey Metallic,F97,LKDA - Sakhir Orange Extended Merino Leather,2021,5YMTS0C03M9F07506,,9F07506,2MK,,,"Nov 11, 2020",,USA,"Braman Motorcars/Braman MINI of Pal, West Palm Beach, US",,,,,,,,
C28 - Donington Grey Metallic,F97,LKSW - Black Extended Merino Leather,2021,5YMTS0C00M9F07530,,9F07530,2MK,,,"Nov 11, 2020",,USA,"BMW of The Woodlands, The Woodlands, US",,,,,,,,
C28 - Donington Grey Metallic,F97,LKDA - Sakhir Orange Extended Merino Leather,2021,5YMTS0C06M9F07550,,9F07550,2MK,,,"Nov 11, 2020",,USA,"Vista BMW, Coconut Creek, US",,,,,,,,
C3G - Toronto Red Metallic,F97,MAH7 - Black Vernasca Leather,2021,5YMTS0C05M9F07569,,9F07569,2MK,,,"Nov 11, 2020",,USA,"Newbold BMW, O Fallon, US",,,,,,,,
475 - Black Sapphire Metallic,F97,LKDA - Sakhir Orange Extended Merino Leather,2021,5YMTS0C03M9F07599,,9F07599,2MK,,,"Nov 11, 2020",,USA,"BMW of Gwinnett Place, Duluth, US",,,,,,,,
C28 - Donington Grey Metallic,F97,VATQ - BMW Individual Tartufo Extended Merino Leather,2021,5YMTS0C01M9F07620,,9F07620,2MK,,,"Nov 11, 2020",,USA,"Casey BMW, Newport News, US",,,,,,,,
300 - Alpine White,F97,LKDA - Sakhir Orange Extended Merino Leather,2021,5YMTS0C03M9F07649,,9F07649,2MK,,,"Nov 12, 2020",,USA,"Don Jacobs BMW, Lexington, US",,,,,,,,
300 - Alpine White,F97,LKDA - Sakhir Orange Extended Merino Leather,2021,5YMTS0C05M9F07670,,9F07670,2MK,,,"Nov 12, 2020",,USA,"United BMW, Alpharetta, US",,,,,,,,
C28 - Donington Grey Metallic,F97,MAH7 - Black Vernasca Leather,2021,5YMTS0C01M9F07715,,9F07715,2MK,,,"Nov 12, 2020",,USA,"BMW of Tulsa, Tulsa, US",,,,,,,,
C28 - Donington Grey Metallic,F97,LKDA - Sakhir Orange Extended Merino Leather,2021,5YMTS0C01M9F07763,,9F07763,2MK,,,"Nov 12, 2020",,USA,"BMW of Springfield, Springfield, US",,,,,,,,
C28 - Donington Grey Metallic,F97,LKDA - Sakhir Orange Extended Merino Leather,2021,5YMTS0C03M9F07781,,9F07781,2MK,,,"Nov 12, 2020",,USA,"Beverly Hills BMW, Los Angeles, US",,,,,,,,
C1M - Phytonic Blue Metallic,F97,LKSW - Black Extended Merino Leather,2021,5YMTS0C00M9F07799,,9F07799,2MK,,,"Nov 12, 2020",,USA,"BMW of Buena Park, Buena Park, US",,,,,,,,
C28 - Donington Grey Metallic,F97,LKHV - Adelaide Grey Extended Merino Leather,2021,5YMTS0C00M9F07849,,9F07849,2MK,,,"Nov 12, 2020",,USA,"BMW of Mountain View, Mountain View, US",,,,,,,,
C28 - Donington Grey Metallic,F97,LKDA - Sakhir Orange Extended Merino Leather,2021,5YMTS0C04M9F07868,,9F07868,2MK,,,"Nov 12, 2020",,USA,"Braman Motorcars/Braman MINI of Pal, West Palm Beach, US",,,,,,,,
300 - Alpine White,F97,LKDA - Sakhir Orange Extended Merino Leather,2021,5YMTS0C0XM9F07891,,9F07891,2MK,,,"Nov 12, 2020",,USA,"Richmond BMW, Richmond, US",,,,,,,,
300 - Alpine White,F97,VATQ - BMW Individual Tartufo Extended Merino Leather,2021,5YMTS0C05M9F07927,,9F07927,2MK,,,"Nov 12, 2020",,USA,"Momentum BMW/MINI, Houston, US",,,,,,,,
A90 - Dark Graphite Metallic,F97,LKHV - Adelaide Grey Extended Merino Leather,2021,5YMTS0C04M9F10639,,9F10639,2MK,,,"Nov 12, 2020",,USA,"BMW of Wichita, Wichita, US",,,,,,,,
300 - Alpine White,F97,LKDA - Sakhir Orange Extended Merino Leather,2021,5YMTS0C06M9F10660,,9F10660,2MK,,,"Nov 12, 2020",,USA,"BMW of Las Vegas, Las Vegas, US",,,,,,,,
C28 - Donington Grey Metallic,F97,VATQ - BMW Individual Tartufo Extended Merino Leather,2021,5YMTS0C01M9F10680,,9F10680,2MK,,,"Nov 12, 2020",,USA,"BMW of Alexandria, Alexandria, US",,,,,,,,
C28 - Donington Grey Metallic,F97,LKHV - Adelaide Grey Extended Merino Leather,2021,5YMTS0C03M9F10728,,9F10728,2MK,,,"Nov 12, 2020",,USA,"Herb Chambers BMW, Charlestown, US",,,,,,,,
475 - Black Sapphire Metallic,F97,LKDA - Sakhir Orange Extended Merino Leather,2021,5YMTS0C05M9F10746,,9F10746,2MK,,,"Nov 12, 2020",,USA,"Competition BMW of Smithtown, Saint James, US",,,,,,,,
C28 - Donington Grey Metallic,F97,VATQ - BMW Individual Tartufo Extended Merino Leather,2021,5YMTS0C0XM9F10774,,9F10774,2MK,,,"Nov 12, 2020",,USA,"Bobby Rahal BMW of South Hills, Canonsburg, US",,,,,,,,
300 - Alpine White,F97,HDJA - Black/Midrand Beige Two-Tone Merino Leather / Alcantara,2021,5YMTS0C05M9F10794,,9F10794,2MK,,,"Nov 12, 2020",,USA,"Karl Knauz Motors, Lake Bluff, US",,,,,,,,
300 - Alpine White,F97,LKSW - Black Extended Merino Leather,2021,5YMTS0C09M9F10846,,9F10846,2MK,,,"Nov 12, 2020",,USA,"BMW of Gwinnett Place, Duluth, US",,,,,,,,
C1M - Phytonic Blue Metallic,F97,VATQ - BMW Individual Tartufo Extended Merino Leather,2021,5YMTS0C06M9F10867,,9F10867,2MK,,,"Nov 12, 2020",,USA,"BMW of West St. Louis, Manchester, US",,,,,,,,
C28 - Donington Grey Metallic,F97,LKSW - Black Extended Merino Leather,2021,5YMTS0C07M9F10893,,9F10893,2MK,,,"Nov 12, 2020",,USA,"BMW of Pharr, Pharr, US",,,,,,,,
C28 - Donington Grey Metallic,F97,LKHV - Adelaide Grey Extended Merino Leather,2021,5YMTS0C00M9F10931,,9F10931,2MK,,,"Nov 13, 2020",,USA,"BMW of Shrewsbury, Shrewsbury, US",,,,,,,,
300 - Alpine White,F97,LKDA - Sakhir Orange Extended Merino Leather,2021,5YMTS0C09M9F10958,,9F10958,2MK,,,"Nov 13, 2020",,USA,"Long Beach BMW, Signal Hill, US",,,,,,,,
C28 - Donington Grey Metallic,F97,LKDA - Sakhir Orange Extended Merino Leather,2021,5YMTS0C02M9F10980,,9F10980,2MK,,,"Nov 13, 2020",,USA,"Taylor BMW, Evans, US",,,,,,,,
C28 - Donington Grey Metallic,F97,LKSW - Black Extended Merino Leather,2021,5YMTS0C09M9F11009,,9F11009,2MK,,,"Nov 13, 2020",,USA,"BMW of Roseville, Roseville, US",,,,,,,,
475 - Black Sapphire Metallic,F97,HDJA - Black/Midrand Beige Two-Tone Merino Leather / Alcantara,2021,5YMTS0C04M9F11029,,9F11029,2MK,,,"Nov 13, 2020",,USA,"Global Imports BMW, Atlanta, US",,,,,,,,
A90 - Dark Graphite Metallic,F97,VATQ - BMW Individual Tartufo Extended Merino Leather,2021,5YMTS0C08M9F11048,,9F11048,2MK,,,"Nov 13, 2020",,USA,"East Bay BMW, Pleasanton, US",,,,,,,,
300 - Alpine White,F97,LKSW - Black Extended Merino Leather,2021,5YMTS0C04M9F11077,,9F11077,2MK,,,"Nov 13, 2020",,USA,"BMW of Murray, Murray, US",,,,,,,,
C28 - Donington Grey Metallic,F97,VATQ - BMW Individual Tartufo Extended Merino Leather,2021,5YMTS0C01M9F11098,,9F11098,2MK,,,"Nov 13, 2020",,USA,"BMW of Mobile, Mobile, US",,,,,,,,
300 - Alpine White,F97,LKDA - Sakhir Orange Extended Merino Leather,2021,5YMTS0C03M9F11118,,9F11118,2MK,,,"Nov 13, 2020",,USA,"BMW of Ramsey, Ramsey, US",,,,,,,,
C28 - Donington Grey Metallic,F97,VATQ - BMW Individual Tartufo Extended Merino Leather,2021,5YMTS0C06M9F11145,,9F11145,2MK,,,"Nov 13, 2020",,USA,"BMW of Lincoln, Lincoln, US",,,,,,,,
C28 - Donington Grey Metallic,F97,LKSW - Black Extended Merino Leather,2021,5YMTS0C07M9F11168,,9F11168,2MK,,,"Nov 13, 2020",,USA,"Bob Smith BMW, Calabasas, US",,,,,,,,
C28 - Donington Grey Metallic,F97,VATQ - BMW Individual Tartufo Extended Merino Leather,2021,5YMTS0C05M9F11198,,9F11198,2MK,,,"Nov 13, 2020",,USA,"Braman Motorcars/Braman MINI of Pal, West Palm Beach, US",,,,,,,,
A90 - Dark Graphite Metallic,F97,LKDA - Sakhir Orange Extended Merino Leather,2021,5YMTS0C07M9F11218,,9F11218,2MK,,,"Nov 13, 2020",,USA,"Schomp BMW of Highlands Ranch, Highlands Ranch, US",,,,,,,,
A90 - Dark Graphite Metallic,F97,VATQ - BMW Individual Tartufo Extended Merino Leather,2021,5YMTS0C02M9F11238,,9F11238,2MK,,,"Nov 13, 2020",,USA,"Schomp BMW of Highlands Ranch, Highlands Ranch, US",,,,,,,,
C28 - Donington Grey Metallic,F97,VATQ - BMW Individual Tartufo Extended Merino Leather,2021,5YMTS0C09M9F11267,,9F11267,2MK,,,"Nov 13, 2020",,USA,"Autogermana, Inc., Hato Rey, US",,,,,,,,
C28 - Donington Grey Metallic,F97,LKSW - Black Extended Merino Leather,2021,5YMTS0C04M9F11287,,9F11287,2MK,,,"Nov 13, 2020",,USA,"Wide World BMW, Spring Valley, US",,,,,,,,
C28 - Donington Grey Metallic,F97,LKSW - Black Extended Merino Leather,2021,5YMTS0C07M9F11316,,9F11316,2MK,,,"Nov 13, 2020",,USA,"BMW of Fairfax, Fairfax, US",,,,,,,,
475 - Black Sapphire Metallic,F97,LKSW - Black Extended Merino Leather,2021,5YMTS0C02M9F11336,,9F11336,2MK,,,"Nov 13, 2020",,USA,"Grayson BMW, Knoxville, US",,,,,,,,
300 - Alpine White,F97,LKDA - Sakhir Orange Extended Merino Leather,2021,5YMTS0C07M9F11364,,9F11364,2MK,,,"Nov 13, 2020",,USA,"BMW of Tigard, Tigard, US",,,,,,,,
300 - Alpine White,F97,LKSW - Black Extended Merino Leather,2021,5YMTS0C00M9F11383,,9F11383,2MK,,,"Nov 13, 2020",,USA,"BMW of Reading, Reading, US",,,,,,,,
C28 - Donington Grey Metallic,F97,MAH7 - Black Vernasca Leather,2021,5YMTS0C04M9F11404,,9F11404,2MK,,,"Nov 13, 2020",,USA,"BMW of Mt. Laurel, Mount Laurel, US",,,,,,,,
C28 - Donington Grey Metallic,F97,LKSW - Black Extended Merino Leather,2021,5YMTS0C06M9F11453,,9F11453,2MK,,,"Nov 13, 2020",,USA,"BMW of Ramsey, Ramsey, US",,,,,,,,
475 - Black Sapphire Metallic,F97,LKSW - Black Extended Merino Leather,2021,5YMTS0C02M9F11482,,9F11482,2MK,,,"Nov 13, 2020",,USA,"BMW of Fort Lauderdale, Fort Lauderdale, US",,,,,,,,
300 - Alpine White,F97,VATQ - BMW Individual Tartufo Extended Merino Leather,2021,5YMTS0C08M9F11504,,9F11504,2MK,,,"Nov 13, 2020",,USA,"Momentum BMW/MINI, Houston, US",,,,,,,,
300 - Alpine White,F97,VATQ - BMW Individual Tartufo Extended Merino Leather,2021,5YMTS0C01M9F11554,,9F11554,2MK,,,"Nov 13, 2020",,USA,"Braman BMW/Braman MINI of Miami, Miami, US",,,,,,,,
475 - Black Sapphire Metallic,F97,LKSW - Black Extended Merino Leather,2021,5YMTS0C00M9F11576,,9F11576,2MK,,,"Nov 14, 2020",,USA,"Perillo BMW, Inc., Chicago, US",,,,,,,,
300 - Alpine White,F97,VATQ - BMW Individual Tartufo Extended Merino Leather,2021,5YMTS0C07M9F12482,,9F12482,2MK,,,"Nov 14, 2020",,USA,"Fields BMW, Winter Park, US",,,,,,,,
475 - Black Sapphire Metallic,F97,LKDA - Sakhir Orange Extended Merino Leather,2021,5YMTS0C09M9F12533,,9F12533,2MK,,,"Nov 14, 2020",,USA,"BMW of Westchester, White Plains, US",,,,,,,,
300 - Alpine White,F97,LKDA - Sakhir Orange Extended Merino Leather,2021,5YMTS0C04M9F12553,,9F12553,2MK,,,"Nov 14, 2020",,USA,"Autogermana, Inc., Hato Rey, US",,,,,,,,
C3G - Toronto Red Metallic,F97,LKHV - Adelaide Grey Extended Merino Leather,2021,5YMTS0C02M9F12583,,9F12583,2MK,,,"Nov 14, 2020",,USA,"Autogermana, Inc., Hato Rey, US",,,,,,,,
475 - Black Sapphire Metallic,F97,LKDA - Sakhir Orange Extended Merino Leather,2021,5YMTS0C02M9F12602,,9F12602,2MK,,,"Nov 14, 2020",,USA,"Classic BMW, Plano, US",,,,,,,,
300 - Alpine White,F97,LKDA - Sakhir Orange Extended Merino Leather,2021,5YMTS0C04M9F12620,,9F12620,2MK,,,"Nov 14, 2020",,USA,"BMW of Sarasota, Sarasota, US",,,,,,,,
300 - Alpine White,F97,VATQ - BMW Individual Tartufo Extended Merino Leather,2021,5YMTS0C02M9F12647,,9F12647,2MK,,,"Nov 14, 2020",,USA,"BMW of Pharr, Pharr, US",,,,,,,,
C28 - Donington Grey Metallic,F97,LKSW - Black Extended Merino Leather,2021,5YMTS0C04M9F12665,,9F12665,2MK,,,"Nov 14, 2020",,USA,"Tulley BMW, Nashua, US",,,,,,,,
300 - Alpine White,F97,VATQ - BMW Individual Tartufo Extended Merino Leather,2021,5YMTS0C04M9F12682,,9F12682,2MK,,,"Nov 14, 2020",,USA,"Don Jacobs BMW, Lexington, US",,,,,,,,
C3G - Toronto Red Metallic,F97,HDJA - Black/Midrand Beige Two-Tone Merino Leather / Alcantara,2021,5YMTS0C09M9F12709,,9F12709,2MK,,,"Nov 14, 2020",,USA,"Wyoming Valley BMW, Plains, US",,,,,,,,
C3G - Toronto Red Metallic,F97,LKSW - Black Extended Merino Leather,2021,5YMTS0C00M9F12727,,9F12727,2MK,,,"Nov 14, 2020",,USA,"BMW of El Cajon, El Cajon, US",,,,,,,,
475 - Black Sapphire Metallic,F97,LKDA - Sakhir Orange Extended Merino Leather,2021,5YMTS0C02M9F12745,,9F12745,2MK,,,"Nov 14, 2020",,USA,"Herb Chambers BMW, Charlestown, US",,,,,,,,
475 - Black Sapphire Metallic,F97,HDJA - Black/Midrand Beige Two-Tone Merino Leather / Alcantara,2021,5YMTS0C09M9F12774,,9F12774,2MK,,,"Nov 14, 2020",,USA,"Moses BMW, St. Albans, US",,,,,,,,
300 - Alpine White,F97,VAEW - BMW Individual Ivory White Extended Merino Leather,2021,5YMTS0C01M9F12798,,9F12798,2MK,,,"Nov 14, 2020",,USA,"BMW of West St. Louis, Manchester, US",,,,,,,,
300 - Alpine White,F97,LKDA - Sakhir Orange Extended Merino Leather,2021,5YMTS0C03M9F12849,,9F12849,2MK,,,"Nov 14, 2020",,USA,"BMW of El Cajon, El Cajon, US",,,,,,,,
C3G - Toronto Red Metallic,F97,LKSW - Black Extended Merino Leather,2021,5YMTS0C09M9F12869,,9F12869,2MK,,,"Nov 14, 2020",,USA,"BMW of Tulsa, Tulsa, US",,,,,,,,
C28 - Donington Grey Metallic,F97,VATQ - BMW Individual Tartufo Extended Merino Leather,2021,5YMTS0C07M9F12921,,9F12921,2MK,,,"Nov 14, 2020",,USA,"Tulley BMW, Nashua, US",,,,,,,,
475 - Black Sapphire Metallic,F97,LKDA - Sakhir Orange Extended Merino Leather,2021,5YMTS0C03M9F12950,,9F12950,2MK,,,"Nov 14, 2020",,USA,"Newbold BMW, O Fallon, US",,,,,,,,
C28 - Donington Grey Metallic,F97,LKDA - Sakhir Orange Extended Merino Leather,2021,5YMTS0C09M9F12970,,9F12970,2MK,,,"Nov 15, 2020",,USA,"Global Imports BMW, Atlanta, US",,,,,,,,
300 - Alpine White,F97,LKDA - Sakhir Orange Extended Merino Leather,2021,5YMTS0C08M9F12989,,9F12989,2MK,,,"Nov 15, 2020",,USA,"BMW of Westchester, White Plains, US",,,,,,,,
C3G - Toronto Red Metallic,F97,LKSW - Black Extended Merino Leather,2021,5YMTS0C00M9F13019,,9F13019,2MK,,,"Nov 15, 2020",,USA,"Isringhausen Imports, Springfield, US",,,,,,,,
475 - Black Sapphire Metallic,F97,LKSW - Black Extended Merino Leather,2021,5YMTS0C0XM9F13044,,9F13044,2MK,,,"Nov 15, 2020",,USA,"Jackie Cooper Imports/MINI, Edmond, US",,,,,,,,
A90 - Dark Graphite Metallic,F97,LKHV - Adelaide Grey Extended Merino Leather,2021,5YMTS0C01M9F13076,,9F13076,2MK,,,"Nov 15, 2020",,USA,"BMW of El Cajon, El Cajon, US",,,,,,,,
A90 - Dark Graphite Metallic,F97,LKSW - Black Extended Merino Leather,2021,5YMTS0C07M9F13096,,9F13096,2MK,,,"Nov 15, 2020",,USA,"BMW of El Paso, El Paso, US",,,,,,,,
300 - Alpine White,F97,LKDA - Sakhir Orange Extended Merino Leather,2021,5YMTS0C07M9F13129,,9F13129,2MK,,,"Nov 16, 2020",,USA,"Park Avenue BMW, Rochelle Park, US",,,,,,,,
C1M - Phytonic Blue Metallic,F97,LKDA - Sakhir Orange Extended Merino Leather,2021,5YMTS0C07M9F13146,,9F13146,2MK,,,"Nov 16, 2020",,USA,"Competition BMW of Smithtown, Saint James, US",,,,,,,,
C28 - Donington Grey Metallic,F97,LKDA - Sakhir Orange Extended Merino Leather,2021,5YMTS0C09M9F13164,,9F13164,2MK,,,"Nov 16, 2020",,USA,"BMW of Westchester, White Plains, US",,,,,,,,
475 - Black Sapphire Metallic,F97,LKSW - Black Extended Merino Leather,2021,5YMTS0C03M9F13189,,9F13189,2MK,,,"Nov 16, 2020",,USA,"BMW of Houston North, Houston, US",,,,,,,,
300 - Alpine White,F97,LKDA - Sakhir Orange Extended Merino Leather,2021,5YMTS0C01M9F13238,,9F13238,2MK,,,"Nov 16, 2020",,USA,"BMW of South Austin, Austin, US",,,,,,,,
475 - Black Sapphire Metallic,F97,LKSW - Black Extended Merino Leather,2021,5YMTS0C05M9F13260,,9F13260,2MK,,,"Nov 16, 2020",,USA,"BMW of Nashville, Brentwood, US",,,,,,,,
C28 - Donington Grey Metallic,F97,LKSW - Black Extended Merino Leather,2021,5YMTS0C05M9F13307,,9F13307,2MK,,,"Nov 16, 2020",,USA,"BMW of Bend, 2142, US",,,,,,,,
300 - Alpine White,F97,LKDA - Sakhir Orange Extended Merino Leather,2021,5YMTS0C0XM9F13335,,9F13335,2MK,,,"Nov 16, 2020",,USA,"Rallye BMW, Westbury, US",,,,,,,,
C28 - Donington Grey Metallic,F97,HDJA - Black/Midrand Beige Two-Tone Merino Leather / Alcantara,2021,5YMTS0C07M9F13356,,9F13356,2MK,,,"Nov 16, 2020",,USA,"BMW of College Station, College Station, US",,,,,,,,
475 - Black Sapphire Metallic,F97,MAH7 - Black Vernasca Leather,2021,5YMTS0C07M9F13390,,9F13390,2MK,,,"Nov 16, 2020",,USA,"Preston BMW, Boardman, US",,,,,,,,
C28 - Donington Grey Metallic,F97,LKSW - Black Extended Merino Leather,2021,5YMTS0C02M9F13443,,9F13443,2MK,,,"Nov 16, 2020",,USA,"BMW of Utica, Utica, US",,,,,,,,
C28 - Donington Grey Metallic,F97,LKSW - Black Extended Merino Leather,2021,5YMTS0C0XM9F13464,,9F13464,2MK,,,"Nov 16, 2020",,USA,"Steve Thomas BMW, Camarillo, US",,,,,,,,
C28 - Donington Grey Metallic,F97,LKSW - Black Extended Merino Leather,2021,5YMTS0C03M9F13483,,9F13483,2MK,,,"Nov 16, 2020",,USA,"BMW Seattle, Seattle, US",,,,,,,,
475 - Black Sapphire Metallic,F97,HDJA - Black/Midrand Beige Two-Tone Merino Leather / Alcantara,2021,5YMTS0C04M9F13511,,9F13511,2MK,,,"Nov 16, 2020",,USA,"BMW of Barrington, Barrington, US",,,,,,,,
300 - Alpine White,F97,VATQ - BMW Individual Tartufo Extended Merino Leather,2021,5YMTS0C01M9F13532,,9F13532,2MK,,,"Nov 16, 2020",,USA,"Beverly Hills BMW, Los Angeles, US",,,,,,,,
C28 - Donington Grey Metallic,F97,VATQ - BMW Individual Tartufo Extended Merino Leather,2021,5YMTS0C08M9F13561,,9F13561,2MK,,,"Nov 16, 2020",,USA,"Don Jacobs BMW, Lexington, US",,,,,,,,
300 - Alpine White,F97,VATQ - BMW Individual Tartufo Extended Merino Leather,2021,5YMTS0C03M9F13581,,9F13581,2MK,,,"Nov 16, 2020",,USA,"Bill Jacobs BMW/MINI, Naperville, US",,,,,,,,
C1M - Phytonic Blue Metallic,F97,LKDA - Sakhir Orange Extended Merino Leather,2021,5YMTS0C0XM9F13609,,9F13609,2MK,,,"Nov 16, 2020",,USA,"BMW of Sioux Falls, Sioux Falls, US",,,,,,,,
300 - Alpine White,F97,LKSW - Black Extended Merino Leather,2021,5YMTS0C01M9F13630,,9F13630,2MK,,,"Nov 16, 2020",,USA,"Gebhardt BMW, Boulder, US",,,,,,,,
475 - Black Sapphire Metallic,F97,LKSW - Black Extended Merino Leather,2021,5YMTS0C00M9F13652,,9F13652,2MK,,,"Nov 16, 2020",,USA,"Braman Motorcars/Braman MINI of Pal, West Palm Beach, US",,,,,,,,
C28 - Donington Grey Metallic,F97,LKDA - Sakhir Orange Extended Merino Leather,2021,5YMTS0C07M9F13678,,9F13678,2MK,,,"Nov 16, 2020",,USA,"Park Avenue BMW, Rochelle Park, US",,,,,,,,
C28 - Donington Grey Metallic,F97,LKDA - Sakhir Orange Extended Merino Leather,2021,5YMTS0C04M9F13699,,9F13699,2MK,,,"Nov 16, 2020",,USA,"BMW of Springfield, Springfield, US",,,,,,,,
C28 - Donington Grey Metallic,F97,LKDA - Sakhir Orange Extended Merino Leather,2021,5YMTS0C07M9F13728,,9F13728,2MK,,,"Nov 16, 2020",,USA,"Motorwerks BMW, Bloomington, US",,,,,,,,
475 - Black Sapphire Metallic,F97,HDJA - Black/Midrand Beige Two-Tone Merino Leather / Alcantara,2021,5YMTS0C02M9F13748,,9F13748,2MK,,,"Nov 16, 2020",,USA,"Casey BMW, Newport News, US",,,,,,,,
300 - Alpine White,F97,HDJA - Black/Midrand Beige Two-Tone Merino Leather / Alcantara,2021,5YMTS0C08M9F15956,,9F15956,2MK,,,"Nov 16, 2020",,USA,"Don Jacobs BMW, Lexington, US",,,,,,,,
A90 - Dark Graphite Metallic,F97,LKDA - Sakhir Orange Extended Merino Leather,2021,5YMTS0C07M9F15981,,9F15981,2MK,,,"Nov 17, 2020",,USA,"Crevier BMW, Santa Ana, US",,,,,,,,
C28 - Donington Grey Metallic,F97,LKSW - Black Extended Merino Leather,2021,5YMTS0C00M9F16003,,9F16003,2MK,,,"Nov 17, 2020",,USA,"BMW of San Luis Obispo, San Luis Obispo, US",,,,,,,,
300 - Alpine White,F97,MAH7 - Black Vernasca Leather,2021,5YMTS0C04M9F16022,,9F16022,2MK,,,"Nov 17, 2020",,USA,"BMW of Mountain View, Mountain View, US",,,,,,,,
475 - Black Sapphire Metallic,F97,LKSW - Black Extended Merino Leather,2021,5YMTS0C08M9F16055,,9F16055,2MK,,,"Nov 17, 2020",,USA,"BMW of El Paso, El Paso, US",,,,,,,,
475 - Black Sapphire Metallic,F97,LKDA - Sakhir Orange Extended Merino Leather,2021,5YMTS0C07M9F16077,,9F16077,2MK,,,"Nov 17, 2020",,USA,"BMW of Monrovia, Monrovia, US",,,,,,,,
C3G - Toronto Red Metallic,F97,VAEW - BMW Individual Ivory White Extended Merino Leather,2021,5YMTS0C0XM9F16106,,9F16106,2MK,,,"Nov 17, 2020",,USA,"Tulley BMW, Nashua, US",,,,,,,,
300 - Alpine White,F97,LKDA - Sakhir Orange Extended Merino Leather,2021,5YMTS0C05M9F16143,,9F16143,2MK,,,"Nov 17, 2020",,USA,"BMW of Freeport, Freeport, US",,,,,,,,
475 - Black Sapphire Metallic,F97,LKDA - Sakhir Orange Extended Merino Leather,2021,5YMTS0C06M9F16166,,9F16166,2MK,,,"Nov 17, 2020",,USA,"BMW of Honolulu, Honolulu, US",,,,,,,,
300 - Alpine White,F97,LKHV - Adelaide Grey Extended Merino Leather,2021,5YMTS0C04M9F16201,,9F16201,2MK,,,"Nov 17, 2020",,USA,"Paul Miller BMW, Wayne, US",,,,,,,,
A90 - Dark Graphite Metallic,F97,LKHV - Adelaide Grey Extended Merino Leather,2021,5YMTS0C00M9F16230,,9F16230,2MK,,,"Nov 17, 2020",,USA,"Crevier BMW, Santa Ana, US",,,,,,,,
C28 - Donington Grey Metallic,F97,LKSW - Black Extended Merino Leather,2021,5YMTS0C08M9F16251,,9F16251,2MK,,,"Nov 17, 2020",,USA,"Ferman BMW/Ferman MINI of Tampa Bay, Palm Harbor, US",,,,,,,,
300 - Alpine White,F97,LKDA - Sakhir Orange Extended Merino Leather,2021,5YMTS0C0XM9F16283,,9F16283,2MK,,,"Nov 17, 2020",,USA,"BMW of Dallas/MINI of Dallas, Dallas, US",,,,,,,,
300 - Alpine White,F97,VATQ - BMW Individual Tartufo Extended Merino Leather,2021,5YMTS0C01M9F16303,,9F16303,2MK,,,"Nov 17, 2020",,USA,"Tulley BMW, Nashua, US",,,,,,,,
475 - Black Sapphire Metallic,F97,LKSW - Black Extended Merino Leather,2021,5YMTS0C04M9F16330,,9F16330,2MK,,,"Nov 17, 2020",,USA,"BMW of Buena Park, Buena Park, US",,,,,,,,
300 - Alpine White,F97,VATQ - BMW Individual Tartufo Extended Merino Leather,2021,5YMTS0C01M9F16379,,9F16379,2MK,,,"Nov 17, 2020",,USA,"Classic BMW, Plano, US",,,,,,,,
C3G - Toronto Red Metallic,F97,MAOQ - Oyster Vernasca Leather,2021,5YMTS0C0XM9F16400,,9F16400,2MK,,,"Nov 17, 2020",,USA,"BMW of Freeport, Freeport, US",,,,,,,,
300 - Alpine White,F97,VAEW - BMW Individual Ivory White Extended Merino Leather,2021,5YMTS0C0XM9F16431,,9F16431,2MK,,,"Nov 17, 2020",,USA,"BMW of West Houston, Houston, US",,,,,,,,
300 - Alpine White,F97,LKDA - Sakhir Orange Extended Merino Leather,2021,5YMTS0C05M9F16451,,9F16451,2MK,,,"Nov 17, 2020",,USA,"Daniels BMW, Allentown, US",,,,,,,,
C3G - Toronto Red Metallic,F97,LKSW - Black Extended Merino Leather,2021,5YMTS0C00M9F16471,,9F16471,2MK,,,"Nov 17, 2020",,USA,"BMW of Little Rock, Little Rock, US",,,,,,,,
300 - Alpine White,F97,LKDA - Sakhir Orange Extended Merino Leather,2021,5YMTS0C04M9F16523,,9F16523,2MK,,,"Nov 17, 2020",,USA,"BMW of Silver Spring, Silver Spring, US",,,,,,,,
C3G - Toronto Red Metallic,F97,LKSW - Black Extended Merino Leather,2021,5YMTS0C06M9F16541,,9F16541,2MK,,,"Nov 17, 2020",,USA,"BMW of Temple, Temple, US",,,,,,,,
300 - Alpine White,F97,LKDA - Sakhir Orange Extended Merino Leather,2021,5YMTS0C09M9F16565,,9F16565,2MK,,,"Nov 17, 2020",,USA,"BMW of Riverside, Riverside, US",,,,,,,,
C1M - Phytonic Blue Metallic,F97,HDJA - Black/Midrand Beige Two-Tone Merino Leather / Alcantara,2021,5YMTS0C00M9F16583,,9F16583,2MK,,,"Nov 17, 2020",,USA,"BMW of Sioux Falls, Sioux Falls, US",,,,,,,,
300 - Alpine White,F97,VATQ - BMW Individual Tartufo Extended Merino Leather,2021,5YMTS0C08M9F17920,,9F17920,2MK,,,"Nov 17, 2020",,USA,"BMW of West Houston, Houston, US",,,,,,,,
C28 - Donington Grey Metallic,F97,LKDA - Sakhir Orange Extended Merino Leather,2021,5YMTS0C0XM9F17966,,9F17966,2MK,,,"Nov 18, 2020",,USA,"BMW of Freehold, Freehold, US",,,,,,,,
475 - Black Sapphire Metallic,F97,LKDA - Sakhir Orange Extended Merino Leather,2021,5YMTS0C05M9F17986,,9F17986,2MK,,,"Nov 18, 2020",,USA,"BMW of Tenafly, Tenafly, US",,,,,,,,
475 - Black Sapphire Metallic,F97,HDJA - Black/Midrand Beige Two-Tone Merino Leather / Alcantara,2021,5YMTS0C02M9F18030,,9F18030,2MK,,,"Nov 18, 2020",,USA,"BMW of West Houston, Houston, US",,,,,,,,
475 - Black Sapphire Metallic,F97,LKSW - Black Extended Merino Leather,2021,5YMTS0C01M9F18049,,9F18049,2MK,,,"Nov 18, 2020",,USA,"BMW of Murray, Murray, US",,,,,,,,
300 - Alpine White,F97,LKDA - Sakhir Orange Extended Merino Leather,2021,5YMTS0C06M9F18094,,9F18094,2MK,,,"Nov 18, 2020",,USA,"BMW of South Austin, Austin, US",,,,,,,,
300 - Alpine White,F97,LKSW - Black Extended Merino Leather,2021,5YMTS0C07M9F18122,,9F18122,2MK,,,"Nov 18, 2020",,USA,"Bob Smith BMW, Calabasas, US",,,,,,,,
475 - Black Sapphire Metallic,F97,LKDA - Sakhir Orange Extended Merino Leather,2021,5YMTS0C00M9F18141,,9F18141,2MK,,,"Nov 18, 2020",,USA,"Bob Smith BMW, Calabasas, US",,,,,,,,
475 - Black Sapphire Metallic,F97,LKDA - Sakhir Orange Extended Merino Leather,2021,5YMTS0C07M9F18167,,9F18167,2MK,,,"Nov 18, 2020",,USA,"Braman BMW/Braman MINI of Miami, Miami, US",,,,,,,,
475 - Black Sapphire Metallic,F97,MAH7 - Black Vernasca Leather,2021,5YMTS0C05M9F18183,,9F18183,2MK,,,"Nov 18, 2020",,USA,"BMW of Freeport, Freeport, US",,,,,,,,
475 - Black Sapphire Metallic,F97,VAEW - BMW Individual Ivory White Extended Merino Leather,2021,5YMTS0C03M9F18201,,9F18201,2MK,,,"Nov 18, 2020",,USA,"BMW of Las Vegas, Las Vegas, US",,,,,,,,
C3G - Toronto Red Metallic,F97,LKSW - Black Extended Merino Leather,2021,5YMTS0C0XM9F18227,,9F18227,2MK,,,"Nov 18, 2020",,USA,"BMW of West Houston, Houston, US",,,,,,,,
475 - Black Sapphire Metallic,F97,LKHV - Adelaide Grey Extended Merino Leather,2021,5YMTS0C01M9F18245,,9F18245,2MK,,,"Nov 18, 2020",,USA,"BMW of Jackson, Jackson, US",,,,,,,,
475 - Black Sapphire Metallic,F97,LKSW - Black Extended Merino Leather,2021,5YMTS0C03M9F18263,,9F18263,2MK,,,"Nov 18, 2020",,USA,"South Motors BMW, Miami, US",,,,,,,,
C28 - Donington Grey Metallic,F97,LKSW - Black Extended Merino Leather,2021,5YMTS0C06M9F18290,,9F18290,2MK,,,"Nov 18, 2020",,USA,"Medford BMW, Medford, US",,,,,,,,
C1M - Phytonic Blue Metallic,F97,LKDA - Sakhir Orange Extended Merino Leather,2021,5YMTS0C01M9F18309,,9F18309,2MK,,,"Nov 18, 2020",,USA,"BMW of Greenwich, Greenwich, US",,,,,,,,
300 - Alpine White,F97,LKDA - Sakhir Orange Extended Merino Leather,2021,5YMTS0C04M9F18336,,9F18336,2MK,,,"Nov 18, 2020",,USA,"Valencia BMW, Valencia, US",,,,,,,,
C1M - Phytonic Blue Metallic,F97,HDJA - Black/Midrand Beige Two-Tone Merino Leather / Alcantara,2021,5YMTS0C05M9F18376,,9F18376,2MK,,,"Nov 18, 2020",,USA,"Valencia BMW, Valencia, US",,,,,,,,
C28 - Donington Grey Metallic,F97,LKSW - Black Extended Merino Leather,2021,5YMTS0C07M9F18427,,9F18427,2MK,,,"Nov 18, 2020",,USA,"BMW of Honolulu, Honolulu, US",,,,,,,,
C3G - Toronto Red Metallic,F97,LKHV - Adelaide Grey Extended Merino Leather,2021,5YMTS0C05M9F18457,,9F18457,2MK,,,"Nov 18, 2020",,USA,"BMW of Arlington, Arlington, US",,,,,,,,
475 - Black Sapphire Metallic,F97,LKDA - Sakhir Orange Extended Merino Leather,2021,5YMTS0C07M9F18508,,9F18508,2MK,,,"Nov 18, 2020",,USA,"Long Beach BMW, Signal Hill, US",,,,,,,,
A90 - Dark Graphite Metallic,F97,LKDA - Sakhir Orange Extended Merino Leather,2021,5YMTS0C02M9F18528,,9F18528,2MK,,,"Nov 18, 2020",,USA,"BMW of Loveland, Loveland, US",,,,,,,,
C28 - Donington Grey Metallic,F97,VAEW - BMW Individual Ivory White Extended Merino Leather,2021,5YMTS0C05M9F18555,,9F18555,2MK,,,"Nov 18, 2020",,USA,"BMW of Raleigh, Raleigh, US",,,,,,,,
C28 - Donington Grey Metallic,F97,VAEW - BMW Individual Ivory White Extended Merino Leather,2021,5YMTS0C02M9F18593,,9F18593,2MK,,,"Nov 19, 2020",,USA,"Braman Motorcars/Braman MINI of Pal, West Palm Beach, US",,,,,,,,
300 - Alpine White,F97,LKSW - Black Extended Merino Leather,2021,5YMTS0C03M9F18618,,9F18618,2MK,,,"Nov 19, 2020",,USA,"Momentum BMW/MINI, Houston, US",,,,,,,,
475 - Black Sapphire Metallic,F97,LKSW - Black Extended Merino Leather,2021,5YMTS0C09M9F18638,,9F18638,2MK,,,"Nov 19, 2020",,USA,"BMW of San Rafael, San Rafael, US",,,,,,,,
300 - Alpine White,F97,LKSW - Black Extended Merino Leather,2021,5YMTS0C07M9F18668,,9F18668,2MK,,,"Nov 19, 2020",,USA,"BMW of Rochester Hills, Shelby Township, US",,,,,,,,
300 - Alpine White,F97,VATQ - BMW Individual Tartufo Extended Merino Leather,2021,5YMTS0C04M9F18689,,9F18689,2MK,,,"Nov 19, 2020",,USA,"BMW of South Albany, Glenmont, US",,,,,,,,
475 - Black Sapphire Metallic,F97,LKSW - Black Extended Merino Leather,2021,5YMTS0C01M9F18715,,9F18715,2MK,,,"Nov 19, 2020",,USA,"BMW of Westchester, White Plains, US",,,,,,,,
300 - Alpine White,F97,LKSW - Black Extended Merino Leather,2021,5YMTS0C07M9F18735,,9F18735,2MK,,,"Nov 19, 2020",,USA,"BMW of Westchester, White Plains, US",,,,,,,,
C1M - Phytonic Blue Metallic,F97,LKSW - Black Extended Merino Leather,2021,5YMTS0C06M9F18760,,9F18760,2MK,,,"Nov 19, 2020",,USA,"Irvine BMW, Irvine, US",,,,,,,,
C28 - Donington Grey Metallic,F97,LKSW - Black Extended Merino Leather,2021,5YMTS0C01M9F18780,,9F18780,2MK,,,"Nov 19, 2020",,USA,"Paul Miller BMW, Wayne, US",,,,,,,,
A90 - Dark Graphite Metallic,F97,LKSW - Black Extended Merino Leather,2021,5YMTS0C06M9F18807,,9F18807,2MK,,,"Nov 19, 2020",,USA,"Momentum BMW/MINI, Houston, US",,,,,,,,
C28 - Donington Grey Metallic,F97,LKHV - Adelaide Grey Extended Merino Leather,2021,5YMTS0C01M9F18827,,9F18827,2MK,,,"Nov 19, 2020",,USA,"BMW of Charlottesville, Charlottesville, US",,,,,,,,
C28 - Donington Grey Metallic,F97,VAEW - BMW Individual Ivory White Extended Merino Leather,2021,5YMTS0C06M9F18855,,9F18855,2MK,,,"Nov 19, 2020",,USA,"BMW of El Cajon, El Cajon, US",,,,,,,,
A90 - Dark Graphite Metallic,F97,LKDA - Sakhir Orange Extended Merino Leather,2021,5YMTS0C01M9F18875,,9F18875,2MK,,,"Nov 19, 2020",,USA,"BMW of Mountain View, Mountain View, US",,,,,,,,
C28 - Donington Grey Metallic,F97,LKDA - Sakhir Orange Extended Merino Leather,2021,5YMTS0C04M9F18904,,9F18904,2MK,,,"Nov 19, 2020",,USA,"BMW of Santa Maria, Santa Maria, US",,,,,,,,
C1M - Phytonic Blue Metallic,F97,VAEW - BMW Individual Ivory White Extended Merino Leather,2021,5YMTS0C08M9F18923,,9F18923,2MK,,,"Nov 19, 2020",,USA,"BMW of West Houston, Houston, US",,,,,,,,
300 - Alpine White,F97,VAEW - BMW Individual Ivory White Extended Merino Leather,2021,5YMTS0C0XM9F20088,,9F20088,2MK,,,"Nov 19, 2020",,USA,"Orr BMW of Shreveport, Shreveport, US",,,,,,,,
C28 - Donington Grey Metallic,F97,LKHV - Adelaide Grey Extended Merino Leather,2021,5YMTS0C04M9F20118,,9F20118,2MK,,,"Nov 19, 2020",,USA,"BMW of Houston Midtown, Houston, US",,,,,,,,
A90 - Dark Graphite Metallic,F97,LKDA - Sakhir Orange Extended Merino Leather,2021,5YMTS0C01M9F20139,,9F20139,2MK,,,"Nov 19, 2020",,USA,"BMW of Arlington, Arlington, US",,,,,,,,
C28 - Donington Grey Metallic,F97,LKHV - Adelaide Grey Extended Merino Leather,2021,5YMTS0C06M9F20170,,9F20170,2MK,,,"Nov 19, 2020",,USA,"BMW of Bowling Green, Bowling Green, US",,,,,,,,
475 - Black Sapphire Metallic,F97,LKHV - Adelaide Grey Extended Merino Leather,2021,5YMTS0C07M9F20193,,9F20193,2MK,,,"Nov 19, 2020",,USA,"BMW of Buena Park, Buena Park, US",,,,,,,,
C28 - Donington Grey Metallic,F97,LKSW - Black Extended Merino Leather,2021,5YMTS0C0XM9F20222,,9F20222,2MK,,,"Nov 19, 2020",,USA,"Century BMW, Greenville, US",,,,,,,,
C28 - Donington Grey Metallic,F97,LKSW - Black Extended Merino Leather,2021,5YMTS0C03M9F20241,,9F20241,2MK,,,"Nov 19, 2020",,USA,"BMW of Columbia, Columbia, US",,,,,,,,
475 - Black Sapphire Metallic,F97,LKDA - Sakhir Orange Extended Merino Leather,2021,5YMTS0C07M9F20274,,9F20274,2MK,,,"Nov 19, 2020",,USA,"Valencia BMW, Valencia, US",,,,,,,,
300 - Alpine White,F97,HDJA - Black/Midrand Beige Two-Tone Merino Leather / Alcantara,2021,5YMTS0C06M9F20296,,9F20296,2MK,,,"Nov 19, 2020",,USA,"I. G. Burton BMW, Milford, US",,,,,,,,
C28 - Donington Grey Metallic,F97,LKSW - Black Extended Merino Leather,2021,5YMTS0C00M9F20326,,9F20326,2MK,,,"Nov 20, 2020",,USA,"BMW of Grapevine, Grapevine, US",,,,,,,,
475 - Black Sapphire Metallic,F97,HDJA - Black/Midrand Beige Two-Tone Merino Leather / Alcantara,2021,5YMTS0C08M9F20347,,9F20347,2MK,,,"Nov 20, 2020",,USA,"AH Euler Kaiserslautern GmbH, Kaiserslautern, DE",,,,,,,,
A90 - Dark Graphite Metallic,F97,LKSW - Black Extended Merino Leather,2021,5YMTS0C06M9F20377,,9F20377,2MK,,,"Nov 20, 2020",,USA,"BMW of Las Vegas, Las Vegas, US",,,,,,,,
C1M - Phytonic Blue Metallic,F97,LKSW - Black Extended Merino Leather,2021,5YMTS0C06M9F20427,,9F20427,2MK,,,"Nov 20, 2020",,USA,"Towne BMW, Williamsville, US",,,,,,,,
475 - Black Sapphire Metallic,F97,LKDA - Sakhir Orange Extended Merino Leather,2021,5YMTS0C01M9F20450,,9F20450,2MK,,,"Nov 20, 2020",,USA,"Century West BMW, North Hollywood, US",,,,,,,,
300 - Alpine White,F97,HDJA - Black/Midrand Beige Two-Tone Merino Leather / Alcantara,2021,5YMTS0C03M9F20479,,9F20479,2MK,,,"Nov 20, 2020",,USA,"BMW of Honolulu, Honolulu, US",,,,,,,,
A90 - Dark Graphite Metallic,F97,LKSW - Black Extended Merino Leather,2021,5YMTS0C09M9F20499,,9F20499,2MK,,,"Nov 20, 2020",,USA,"Irvine BMW, Irvine, US",,,,,,,,
A90 - Dark Graphite Metallic,F97,LKHV - Adelaide Grey Extended Merino Leather,2021,5YMTS0C01M9F20528,,9F20528,2MK,,,"Nov 20, 2020",,USA,"Irvine BMW, Irvine, US",,,,,,,,
C28 - Donington Grey Metallic,F97,LKSW - Black Extended Merino Leather,2021,5YMTS0C03M9F20546,,9F20546,2MK,,,"Nov 20, 2020",,USA,"Vista BMW, Coconut Creek, US",,,,,,,,
300 - Alpine White,F97,LKDA - Sakhir Orange Extended Merino Leather,2021,5YMTS0C0XM9F20575,,9F20575,2MK,,,"Nov 20, 2020",,USA,"BMW of Monrovia, Monrovia, US",,,,,,,,
475 - Black Sapphire Metallic,F97,HDJA - Black/Midrand Beige Two-Tone Merino Leather / Alcantara,2021,5YMTS0C01M9F20593,,9F20593,2MK,,,"Nov 20, 2020",,USA,"BMW of Las Vegas, Las Vegas, US",,,,,,,,
300 - Alpine White,F97,LKDA - Sakhir Orange Extended Merino Leather,2021,5YMTS0C04M9F20619,,9F20619,2MK,,,"Nov 20, 2020",,USA,"BMW of Buena Park, Buena Park, US",,,,,,,,
C28 - Donington Grey Metallic,F97,MAH7 - Black Vernasca Leather,2021,5YMTS0C0XM9F20639,,9F20639,2MK,,,"Nov 20, 2020",,USA,"A & L BMW, Monroeville, US",,,,,,,,
C28 - Donington Grey Metallic,F97,LKDA - Sakhir Orange Extended Merino Leather,2021,5YMTS0C04M9F20667,,9F20667,2MK,,,"Nov 20, 2020",,USA,"BMW of Fort Lauderdale, Fort Lauderdale, US",,,,,,,,
C1M - Phytonic Blue Metallic,F97,LKHV - Adelaide Grey Extended Merino Leather,2021,5YMTS0C07M9F20694,,9F20694,2MK,,,"Nov 20, 2020",,USA,"BMW of Orland Park, Orland Park, US",,,,,,,,
300 - Alpine White,F97,VATQ - BMW Individual Tartufo Extended Merino Leather,2021,5YMTS0C08M9F20767,,9F20767,2MK,,,"Nov 20, 2020",,USA,"BMW of College Station, College Station, US",,,,,,,,
C28 - Donington Grey Metallic,F97,LKHV - Adelaide Grey Extended Merino Leather,2021,5YMTS0C05M9F20788,,9F20788,2MK,,,"Nov 20, 2020",,USA,"BMW of Little Rock, Little Rock, US",,,,,,,,
A90 - Dark Graphite Metallic,F97,LKSW - Black Extended Merino Leather,2021,5YMTS0C08M9F20817,,9F20817,2MK,,,"Nov 20, 2020",,USA,"Steve Thomas BMW, Camarillo, US",,,,,,,,
475 - Black Sapphire Metallic,F97,LKSW - Black Extended Merino Leather,2021,5YMTS0C00M9F20889,,9F20889,2MK,,,"Nov 20, 2020",,USA,"Santa Fe BMW, Santa Fe, US",,,,,,,,
475 - Black Sapphire Metallic,F97,LKDA - Sakhir Orange Extended Merino Leather,2021,5YMTS0C05M9F20919,,9F20919,2MK,,,"Nov 20, 2020",,USA,"Tulley BMW, Nashua, US",,,,,,,,
475 - Black Sapphire Metallic,F97,MAOQ - Oyster Vernasca Leather,2021,5YMTS0C03M9F20952,,9F20952,2MK,,,"Nov 20, 2020",,USA,"Hilton Head BMW, Bluffton, US",,,,,,,,
C28 - Donington Grey Metallic,F97,LKDA - Sakhir Orange Extended Merino Leather,2021,5YMTS0C07M9F20971,,9F20971,2MK,,,"Nov 21, 2020",,USA,"BMW of Springfield, Springfield, US",,,,,,,,
300 - Alpine White,F97,HDJA - Black/Midrand Beige Two-Tone Merino Leather / Alcantara,2021,5YMTS0C05M9F20998,,9F20998,2MK,,,"Nov 21, 2020",,USA,"BMW of Northwest Arkansas, Bentonville, US",,,,,,,,
475 - Black Sapphire Metallic,F97,HDJA - Black/Midrand Beige Two-Tone Merino Leather / Alcantara,2021,5YMTS0C07M9F21019,,9F21019,2MK,,,"Nov 21, 2020",,USA,"BMW Seattle, Seattle, US",,,,,,,,
A90 - Dark Graphite Metallic,F97,LKHV - Adelaide Grey Extended Merino Leather,2021,5YMTS0C02M9F21087,,9F21087,2MK,,,"Nov 21, 2020",,USA,"Fields BMW, Winter Park, US",,,,,,,,
C3G - Toronto Red Metallic,F97,LKSW - Black Extended Merino Leather,2021,5YMTS0C02M9F21106,,9F21106,2MK,,,"Nov 21, 2020",,USA,"BMW of Houston Midtown, Houston, US",,,,,,,,
C3G - Toronto Red Metallic,F97,LKSW - Black Extended Merino Leather,2021,5YMTS0C07M9F21165,,9F21165,2MK,,,"Nov 22, 2020",,USA,"South Motors BMW, Miami, US",,,,,,,,
300 - Alpine White,F97,LKSW - Black Extended Merino Leather,2021,5YMTS0C08M9F21188,,9F21188,2MK,,,"Nov 22, 2020",,USA,"BMW of Nashville, Brentwood, US",,,,,,,,
475 - Black Sapphire Metallic,F97,HDJA - Black/Midrand Beige Two-Tone Merino Leather / Alcantara,2021,5YMTS0C09M9F21247,,9F21247,2MK,,,"Nov 22, 2020",,USA,"Tulley BMW, Nashua, US",,,,,,,,
475 - Black Sapphire Metallic,F97,LKSW - Black Extended Merino Leather,2021,5YMTS0C05M9F21293,,9F21293,2MK,,,"Nov 23, 2020",,USA,"BMW of Anchorage, Anchorage, US",,,,,,,,
475 - Black Sapphire Metallic,F97,HDJA - Black/Midrand Beige Two-Tone Merino Leather / Alcantara,2021,5YMTS0C00M9F21363,,9F21363,2MK,,,"Nov 23, 2020",,USA,"BMW of Doylestown, Doylestown, US",,,,,,,,
C3G - Toronto Red Metallic,F97,LKSW - Black Extended Merino Leather,2021,5YMTS0C05M9F21407,,9F21407,2MK,,,"Nov 23, 2020",,USA,"BMW of Fort Lauderdale, Fort Lauderdale, US",,,,,,,,
475 - Black Sapphire Metallic,F97,LKSW - Black Extended Merino Leather,2021,5YMTS0C09M9F21426,,9F21426,2MK,,,"Nov 23, 2020",,USA,"Bluegrass BMW, Paducah, US",,,,,,,,
C1M - Phytonic Blue Metallic,F97,LKDA - Sakhir Orange Extended Merino Leather,2021,5YMTS0C00M9F21458,,9F21458,2MK,,,"Nov 23, 2020",,USA,"Peake BMW, Kenner, US",,,,,,,,
300 - Alpine White,F97,LKSW - Black Extended Merino Leather,2021,5YMTS0C07M9F21487,,9F21487,2MK,,,"Nov 23, 2020",,USA,"BMW of Bend, 2142, US",,,,,,,,
475 - Black Sapphire Metallic,F97,LKDA - Sakhir Orange Extended Merino Leather,2021,5YMTS0C02M9F21557,,9F21557,2MK,,,"Nov 23, 2020",,USA,"Motorwerks BMW, Bloomington, US",,,,,,,,
C3G - Toronto Red Metallic,F97,HDJA - Black/Midrand Beige Two-Tone Merino Leather / Alcantara,2021,5YMTS0C00M9F21587,,9F21587,2MK,,,"Nov 23, 2020",,USA,"Vista BMW, Coconut Creek, US",,,,,,,,
C3G - Toronto Red Metallic,F97,LKSW - Black Extended Merino Leather,2021,5YMTS0C04M9F21608,,9F21608,2MK,,,"Nov 23, 2020",,USA,"BMW of Mountain View, Mountain View, US",,,,,,,,
C28 - Donington Grey Metallic,F97,LKDA - Sakhir Orange Extended Merino Leather,2021,5YMTS0C01M9F22652,,9F22652,2MK,,,"Nov 23, 2020",,USA,"BMW Tucson, Tucson, US",,,,,,,,
C1M - Phytonic Blue Metallic,F97,LKDA - Sakhir Orange Extended Merino Leather,2021,5YMTS0C05M9F22671,,9F22671,2MK,,,"Nov 23, 2020",,USA,"BMW of Orland Park, Orland Park, US",,,,,,,,
300 - Alpine White,F97,HDJA - Black/Midrand Beige Two-Tone Merino Leather / Alcantara,2021,5YMTS0C08M9F22695,,9F22695,2MK,,,"Nov 23, 2020",,USA,"BMW of Austin, Austin, US",,,,,,,,
300 - Alpine White,F97,VATQ - BMW Individual Tartufo Extended Merino Leather,2021,5YMTS0C06M9F22713,,9F22713,2MK,,,"Nov 23, 2020",,USA,"Classic BMW, Plano, US",,,,,,,,
300 - Alpine White,F97,MAH7 - Black Vernasca Leather,2021,5YMTS0C06M9F22730,,9F22730,2MK,,,"Nov 23, 2020",,USA,"Irvine BMW, Irvine, US",,,,,,,,
300 - Alpine White,F97,LKSW - Black Extended Merino Leather,2021,5YMTS0C00M9F22772,,9F22772,2MK,,,"Nov 23, 2020",,USA,"BMW of Stratham, Stratham, US",,,,,,,,
A90 - Dark Graphite Metallic,F97,HDJA - Black/Midrand Beige Two-Tone Merino Leather / Alcantara,2021,5YMTS0C05M9F22797,,9F22797,2MK,,,"Nov 23, 2020",,USA,"BMW of Morristown, Morristown, US",,,,,,,,
C28 - Donington Grey Metallic,F97,LKSW - Black Extended Merino Leather,2021,5YMTS0C03M9F22815,,9F22815,2MK,,,"Nov 23, 2020",,USA,"New Century BMW, Alhambra, US",,,,,,,,
300 - Alpine White,F97,LKDA - Sakhir Orange Extended Merino Leather,2021,5YMTS0C02M9F22840,,9F22840,2MK,,,"Nov 23, 2020",,USA,"BMW of San Antonio/MINI of San Anto, San Antonio, US",,,,,,,,
300 - Alpine White,F97,LKSW - Black Extended Merino Leather,2021,5YMTS0C01M9F22862,,9F22862,2MK,,,"Nov 23, 2020",,USA,"BMW of San Diego, San Diego, US",,,,,,,,
C1M - Phytonic Blue Metallic,F97,VAEW - BMW Individual Ivory White Extended Merino Leather,2021,5YMTS0C0XM9F22889,,9F22889,2MK,,,"Nov 23, 2020",,USA,"BMW of Roxbury, Kenvil, US",,,,,,,,
A90 - Dark Graphite Metallic,F97,LKHV - Adelaide Grey Extended Merino Leather,2021,5YMTS0C06M9F22937,,9F22937,2MK,,,"Nov 24, 2020",,USA,"Crevier BMW, Santa Ana, US",,,,,,,,
A90 - Dark Graphite Metallic,F97,LKSW - Black Extended Merino Leather,2021,5YMTS0C0XM9F22956,,9F22956,2MK,,,"Nov 24, 2020",,USA,"Long Beach BMW, Signal Hill, US",,,,,,,,
475 - Black Sapphire Metallic,F97,LKSW - Black Extended Merino Leather,2021,5YMTS0C00M9F23971,,9F23971,2MK,,,"Nov 24, 2020",,USA,"BMW of Greenwich, Greenwich, US",,,,,,,,
475 - Black Sapphire Metallic,F97,HDJA - Black/Midrand Beige Two-Tone Merino Leather / Alcantara,2021,5YMTS0C01M9F23994,,9F23994,2MK,,,"Nov 24, 2020",,USA,"BMW of Mt. Laurel, Mount Laurel, US",,,,,,,,
475 - Black Sapphire Metallic,F97,MAH7 - Black Vernasca Leather,2021,5YMTS0C08M9F24026,,9F24026,2MK,,,"Nov 24, 2020",,USA,"Classic BMW, Plano, US",,,,,,,,
475 - Black Sapphire Metallic,F97,LKSW - Black Extended Merino Leather,2021,5YMTS0C07M9F24048,,9F24048,2MK,,,"Nov 24, 2020",,USA,"BMW of Springfield, Springfield, US",,,,,,,,
300 - Alpine White,F97,LKSW - Black Extended Merino Leather,2021,5YMTS0C00M9F24098,,9F24098,2MK,,,"Nov 24, 2020",,USA,"BMW of Fremont, Fremont, US",,,,,,,,
475 - Black Sapphire Metallic,F97,LKSW - Black Extended Merino Leather,2021,5YMTS0C00M9F24117,,9F24117,2MK,,,"Nov 24, 2020",,USA,"BMW of Greenwich, Greenwich, US",,,,,,,,
475 - Black Sapphire Metallic,F97,LKHV - Adelaide Grey Extended Merino Leather,2021,5YMTS0C07M9F24146,,9F24146,2MK,,,"Nov 24, 2020",,USA,"BMW of The Woodlands, The Woodlands, US",,,,,,,,
475 - Black Sapphire Metallic,F97,LKHV - Adelaide Grey Extended Merino Leather,2021,5YMTS0C04M9F24167,,9F24167,2MK,,,"Nov 24, 2020",,USA,"Hendrick BMW, Charlotte, US",,,,,,,,
300 - Alpine White,F97,LKDA - Sakhir Orange Extended Merino Leather,2021,5YMTS0C0XM9F24187,,9F24187,2MK,,,"Nov 24, 2020",,USA,"BMW of Monterey, Seaside, US",,,,,,,,
475 - Black Sapphire Metallic,F97,VATQ - BMW Individual Tartufo Extended Merino Leather,2021,5YMTS0C02M9F24216,,9F24216,2MK,,,"Nov 24, 2020",,USA,"BMW of Annapolis, Annapolis, US",,,,,,,,
475 - Black Sapphire Metallic,F97,VATQ - BMW Individual Tartufo Extended Merino Leather,2021,5YMTS0C01M9F24238,,9F24238,2MK,,,"Nov 24, 2020",,USA,"Rallye BMW, Westbury, US",,,,,,,,
300 - Alpine White,F97,LKSW - Black Extended Merino Leather,2021,5YMTS0C08M9F24270,,9F24270,2MK,,,"Nov 24, 2020",,USA,"BMW of West Houston, Houston, US",,,,,,,,
475 - Black Sapphire Metallic,F97,LKDA - Sakhir Orange Extended Merino Leather,2021,5YMTS0C05M9F24291,,9F24291,2MK,,,"Nov 24, 2020",,USA,"BMW of Lincoln, Lincoln, US",,,,,,,,
475 - Black Sapphire Metallic,F97,LKDA - Sakhir Orange Extended Merino Leather,2021,5YMTS0C0XM9F24321,,9F24321,2MK,,,"Nov 24, 2020",,USA,"BMW of Morristown, Morristown, US",,,,,,,,
475 - Black Sapphire Metallic,F97,LKSW - Black Extended Merino Leather,2021,5YMTS0C07M9F24342,,9F24342,2MK,,,"Nov 24, 2020",,USA,"Richmond BMW, Richmond, US",,,,,,,,
475 - Black Sapphire Metallic,F97,HDJA - Black/Midrand Beige Two-Tone Merino Leather / Alcantara,,5YMTS0C03M9F24421,,9F24421,2MK,,,"Nov 24, 2020",,USA,"BMW of Wilmington, Wilmington, US",,,,,,,,
300 - Alpine White,F97,LKSW - Black Extended Merino Leather,,5YMTS0C09M9F24486,,9F24486,2MK,,,"Nov 24, 2020",,USA,"Hendrick BMW, Charlotte, US",,,,,,,,
475 - Black Sapphire Metallic,F97,LKSW - Black Extended Merino Leather,,5YMTS0C02M9F24507,,9F24507,2MK,,,"Nov 24, 2020",,USA,"Daniels BMW, Allentown, US",,,,,,,,
475 - Black Sapphire Metallic,F97,LKSW - Black Extended Merino Leather,,5YMTS0C02M9F24538,,9F24538,2MK,,,"Nov 24, 2020",,USA,"BMW of Milwaukee North, Milwaukee, US",,,,,,,,
475 - Black Sapphire Metallic,F97,LKDA - Sakhir Orange Extended Merino Leather,,5YMTS0C06M9F24560,,9F24560,2MK,,,"Nov 24, 2020",,USA,"Irvine BMW, Irvine, US",,,,,,,,
A90 - Dark Graphite Metallic,F97,HDJA - Black/Midrand Beige Two-Tone Merino Leather / Alcantara,,5YMTS0C09M9F25718,,9F25718,2MK,,,"Nov 25, 2020",,USA,"BMW of Lancaster, Lancaster, US",,,,,,,,
C28 - Donington Grey Metallic,F97,LKSW - Black Extended Merino Leather,,5YMTS0C02M9F25737,,9F25737,2MK,,,"Nov 25, 2020",,USA,"BMW of Palm Springs, Palm Springs, US",,,,,,,,
C28 - Donington Grey Metallic,F97,LKSW - Black Extended Merino Leather,,5YMTS0C00M9F25753,,9F25753,2MK,,,"Nov 25, 2020",,USA,"BMW of Delray Beach, Delray Beach, US",,,,,,,,
C28 - Donington Grey Metallic,F97,LKSW - Black Extended Merino Leather,,5YMTS0C01M9F25776,,9F25776,2MK,,,"Nov 25, 2020",,USA,"Coggin BMW Treasure Coast, Fort Pierce, US",,,,,,,,
C28 - Donington Grey Metallic,F97,HDJA - Black/Midrand Beige Two-Tone Merino Leather / Alcantara,,5YMTS0C04M9F25836,,9F25836,2MK,,,"Nov 25, 2020",,USA,"BMW of Toledo, Toledo, US",,,,,,,,
C28 - Donington Grey Metallic,F97,MAH7 - Black Vernasca Leather,,5YMTS0C03M9F25858,,9F25858,2MK,,,"Nov 25, 2020",,USA,"BMW of Fairfax, Fairfax, US",,,,,,,,
300 - Alpine White,F97,LKDA - Sakhir Orange Extended Merino Leather,,5YMTS0C06M9F25885,,9F25885,2MK,,,"Nov 25, 2020",,USA,"Valencia BMW, Valencia, US",,,,,,,,
300 - Alpine White,F97,LKDA - Sakhir Orange Extended Merino Leather,,5YMTS0C09M9F25928,,9F25928,2MK,,,"Nov 25, 2020",,USA,"Fields BMW, Winter Park, US",,,,,,,,
A90 - Dark Graphite Metallic,F97,LKSW - Black Extended Merino Leather,,5YMTS0C00M9F25946,,9F25946,2MK,,,"Nov 25, 2020",,USA,"BMW of The Woodlands, The Woodlands, US",,,,,,,,
C28 - Donington Grey Metallic,F97,LKSW - Black Extended Merino Leather,,5YMTS0C09M9F25959,,9F25959,2MK,,,"Nov 25, 2020",,USA,"*Closed 3-Jan-23* BMW of Oyster Bay, Oyster Bay, US",,,,,,,,
475 - Black Sapphire Metallic,F97,LKDA - Sakhir Orange Extended Merino Leather,,5YMTS0C0XM9F25985,,9F25985,2MK,,,"Nov 25, 2020",,USA,"BMW of Freehold, Freehold, US",,,,,,,,
C28 - Donington Grey Metallic,F97,MAH7 - Black Vernasca Leather,,5YMTS0C05M9F26025,,9F26025,2MK,,,"Nov 25, 2020",,USA,"BMW of Towson, Towson, US",,,,,,,,
A90 - Dark Graphite Metallic,F97,LKSW - Black Extended Merino Leather,,5YMTS0C03M9F26069,,9F26069,2MK,,,"Nov 25, 2020",,USA,"BMW of Monterey, Seaside, US",,,,,,,,
C28 - Donington Grey Metallic,F97,LKHV - Adelaide Grey Extended Merino Leather,,5YMTS0C00M9F26093,,9F26093,2MK,,,"Nov 25, 2020",,USA,"The BMW Store/Cincinnati MINI, Cincinnati, US",,,,,,,,
C28 - Donington Grey Metallic,F97,LKHV - Adelaide Grey Extended Merino Leather,,5YMTS0C05M9F26123,,9F26123,2MK,,,"Nov 25, 2020",,USA,"BMW of Catonsville, Baltimore, US",,,,,,,,
300 - Alpine White,F97,LKSW - Black Extended Merino Leather,,5YMTS0C04M9F26162,,9F26162,2MK,,,"Nov 25, 2020",,USA,"BMW of Raleigh, Raleigh, US",,,,,,,,
C28 - Donington Grey Metallic,F97,HDJA - Black/Midrand Beige Two-Tone Merino Leather / Alcantara,,5YMTS0C03M9F26217,,9F26217,2MK,,,"Nov 29, 2020",,USA,"BMW of Buena Park, Buena Park, US",,,,,,,,
C28 - Donington Grey Metallic,F97,VATQ - BMW Individual Tartufo Extended Merino Leather,,5YMTS0C03M9F26234,,9F26234,2MK,,,"Nov 29, 2020",,USA,"Braman BMW/Braman MINI of Miami, Miami, US",,,,,,,,
300 - Alpine White,F97,LKSW - Black Extended Merino Leather,,5YMTS0C08M9F26259,,9F26259,2MK,,,"Nov 29, 2020",,USA,"BMW of Newton, Newton, US",,,,,,,,
C28 - Donington Grey Metallic,F97,LKSW - Black Extended Merino Leather,,5YMTS0C09M9F26299,,9F26299,2MK,,,"Nov 29, 2020",,USA,"BMW of Reading, Reading, US",,,,,,,,
C28 - Donington Grey Metallic,F97,LKSW - Black Extended Merino Leather,,5YMTS0C04M9F26324,,9F26324,2MK,,,"Nov 29, 2020",,USA,"Rallye BMW, Westbury, US",,,,,,,,
C28 - Donington Grey Metallic,F97,LKDA - Sakhir Orange Extended Merino Leather,,5YMTS0C08M9F26343,,9F26343,2MK,,,"Nov 30, 2020",,USA,"BMW of Annapolis, Annapolis, US",,,,,,,,
C28 - Donington Grey Metallic,F97,LKSW - Black Extended Merino Leather,,5YMTS0C09M9F26366,,9F26366,2MK,,,"Nov 30, 2020",,USA,"Rick Hill BMW, Kingsport, US",,,,,,,,
C28 - Donington Grey Metallic,F97,LKSW - Black Extended Merino Leather,,5YMTS0C04M9F26386,,9F26386,2MK,,,"Nov 30, 2020",,USA,"Sandia BMW/MINI, Albuquerque, US",,,,,,,,
300 - Alpine White,F97,VATQ - BMW Individual Tartufo Extended Merino Leather,,5YMTS0C01M9F26412,,9F26412,2MK,,,"Nov 30, 2020",,USA,"Princeton BMW, Hamilton, US",,,,,,,,
300 - Alpine White,F97,MAH7 - Black Vernasca Leather,,5YMTS0C05M9F26431,,9F26431,2MK,,,"Nov 30, 2020",,USA,"Baron BMW/MINI, Merriam, US",,,,,,,,
C28 - Donington Grey Metallic,F97,VATQ - BMW Individual Tartufo Extended Merino Leather,,5YMTS0C0XM9F26456,,9F26456,2MK,,,"Nov 30, 2020",,USA,"Rusnak BMW, Thousand Oaks, US",,,,,,,,
C28 - Donington Grey Metallic,F97,HDJA - Black/Midrand Beige Two-Tone Merino Leather / Alcantara,,5YMTS0C00M9F26496,,9F26496,2MK,,,"Nov 30, 2020",,USA,"BMW of Murrieta, Murrieta, US",,,,,,,,
C28 - Donington Grey Metallic,F97,VATQ - BMW Individual Tartufo Extended Merino Leather,,5YMTS0C02M9F26564,,9F26564,2MK,,,"Nov 30, 2020",,USA,"BMW of Manhasset, Manhasset, US",,,,,,,,
300 - Alpine White,F97,LKHV - Adelaide Grey Extended Merino Leather,,5YMTS0C02M9F26578,,9F26578,2MK,,,"Nov 30, 2020",,USA,"Chapman BMW, Chandler, US",,,,,,,,
A90 - Dark Graphite Metallic,F97,LKDA - Sakhir Orange Extended Merino Leather,,5YMTS0C02M9F26600,,9F26600,2MK,,,"Nov 30, 2020",,USA,"BMW of Grapevine, Grapevine, US",,,,,,,,
300 - Alpine White,F97,LKSW - Black Extended Merino Leather,,5YMTS0C04M9F26615,,9F26615,2MK,,,"Nov 30, 2020",,USA,"BMW of West St. Louis, Manchester, US",,,,,,,,
300 - Alpine White,F97,MAOQ - Oyster Vernasca Leather,,5YMTS0C05M9F26641,,9F26641,2MK,,,"Nov 30, 2020",,USA,"BMW of Roxbury, Kenvil, US",,,,,,,,
C1N - Sunstone Metallic,F97,HDJA - Black/Midrand Beige Two-Tone Merino Leather / Alcantara,,5YMTS0C04M9F29093,,9F29093,2MK,,,"Nov 30, 2020",,USA,"BMW of San Rafael, San Rafael, US",,,,,,,,
C1M - Phytonic Blue Metallic,F97,LKSW - Black Extended Merino Leather,,5YMTS0C08M9F29114,,9F29114,2MK,,,"Nov 30, 2020",,USA,"Sharpe BMW, Grand Rapids, US",,,,,,,,
C1N - Sunstone Metallic,F97,VATQ - BMW Individual Tartufo Extended Merino Leather,,5YMTS0C02M9F29139,,9F29139,2MK,,,"Nov 30, 2020",,USA,"BMW of Riverside, Riverside, US",,,,,,,,
475 - Black Sapphire Metallic,F97,LKSW - Black Extended Merino Leather,,5YMTS0C04M9F29160,,9F29160,2MK,,,"Nov 30, 2020",,USA,"South Bay BMW, Torrance, US",,,,,,,,
300 - Alpine White,F97,LKSW - Black Extended Merino Leather,,5YMTS0C00M9F29186,,9F29186,2MK,,,"Nov 30, 2020",,USA,"BMW of Eugene, Eugene, US",,,,,,,,
C1M - Phytonic Blue Metallic,F97,LKDA - Sakhir Orange Extended Merino Leather,,5YMTS0C04M9F29207,,9F29207,2MK,,,"Nov 30, 2020",,USA,"BMW of Monrovia, Monrovia, US",,,,,,,,
300 - Alpine White,F97,LKDA - Sakhir Orange Extended Merino Leather,,5YMTS0C07M9F29234,,9F29234,2MK,,,"Nov 30, 2020",,USA,"South Bay BMW, Torrance, US",,,,,,,,
C28 - Donington Grey Metallic,F97,LKDA - Sakhir Orange Extended Merino Leather,,5YMTS0C02M9F29254,,9F29254,2MK,,,"Nov 30, 2020",,USA,"McKenna BMW, Norwalk, US",,,,,,,,
C3G - Toronto Red Metallic,F97,MAOQ - Oyster Vernasca Leather,,5YMTS0C07M9F29279,,9F29279,2MK,,,"Nov 30, 2020",,USA,"BMW of Freehold, Freehold, US",,,,,,,,
300 - Alpine White,F97,LKDA - Sakhir Orange Extended Merino Leather,,5YMTS0C05M9F29295,,9F29295,2MK,,,"Nov 30, 2020",,USA,"Circle BMW, Eatontown, US",,,,,,,,
C3G - Toronto Red Metallic,F97,HDJA - Black/Midrand Beige Two-Tone Merino Leather / Alcantara,,5YMTS0C00M9F29320,,9F29320,2MK,,,"Nov 30, 2020",,USA,"Classic BMW, Plano, US",,,,,,,,
C28 - Donington Grey Metallic,F97,LKDA - Sakhir Orange Extended Merino Leather,,5YMTS0C06M9F29340,,9F29340,2MK,,,"Dec 1, 2020",,USA,"BMW of Greenwich, Greenwich, US",,,,,,,,
C1M - Phytonic Blue Metallic,F97,LKHV - Adelaide Grey Extended Merino Leather,,5YMTS0C02M9F29366,,9F29366,2MK,,,"Dec 1, 2020",,USA,"BMW of Lancaster, Lancaster, US",,,,,,,,
C3G - Toronto Red Metallic,F97,LKSW - Black Extended Merino Leather,,5YMTS0C08M9F29386,,9F29386,2MK,,,"Dec 1, 2020",,USA,"BMW of Wichita, Wichita, US",,,,,,,,
C1N - Sunstone Metallic,F97,LKSW - Black Extended Merino Leather,,5YMTS0C05M9F29412,,9F29412,2MK,,,"Dec 1, 2020",,USA,"BMW of Florence, Florence, US",,,,,,,,
C3G - Toronto Red Metallic,F97,LKHV - Adelaide Grey Extended Merino Leather,,5YMTS0C00M9F29432,,9F29432,2MK,,,"Dec 1, 2020",,USA,"Braman Motorcars/Braman MINI of Pal, West Palm Beach, US",,,,,,,,
C3G - Toronto Red Metallic,F97,LKSW - Black Extended Merino Leather,,5YMTS0C07M9F29458,,9F29458,2MK,,,"Dec 1, 2020",,USA,"BMW of Freeport, Freeport, US",,,,,,,,
475 - Black Sapphire Metallic,F97,LKSW - Black Extended Merino Leather,,5YMTS0C0XM9F29485,,9F29485,2MK,,,"Dec 1, 2020",,USA,"BMW of San Diego, San Diego, US",,,,,,,,
300 - Alpine White,F97,LKSW - Black Extended Merino Leather,,5YMTS0C08M9F29503,,9F29503,2MK,,,"Dec 1, 2020",,USA,"Circle BMW, Eatontown, US",,,,,,,,
C28 - Donington Grey Metallic,F97,LKSW - Black Extended Merino Leather,,5YMTS0C02M9F29528,,9F29528,2MK,,,"Dec 1, 2020",,USA,"Sharpe BMW, Grand Rapids, US",,,,,,,,
475 - Black Sapphire Metallic,F97,LKSW - Black Extended Merino Leather,,5YMTS0C01M9F29570,,9F29570,2MK,,,"Dec 1, 2020",,USA,"Richmond BMW, Richmond, US",,,,,,,,
C1M - Phytonic Blue Metallic,F97,LKSW - Black Extended Merino Leather,,5YMTS0C04M9F29594,,9F29594,2MK,,,"Dec 1, 2020",,USA,"Rallye BMW, Westbury, US",,,,,,,,
C3G - Toronto Red Metallic,F97,LKDA - Sakhir Orange Extended Merino Leather,,5YMTS0C02M9F29612,,9F29612,2MK,,,"Dec 1, 2020",,USA,"Open Road BMW, Edison, US",,,,,,,,
C1M - Phytonic Blue Metallic,F97,MAOQ - Oyster Vernasca Leather,,5YMTS0C03M9F29635,,9F29635,2MK,,,"Dec 1, 2020",,USA,"Classic BMW, Plano, US",,,,,,,,
C3G - Toronto Red Metallic,F97,VATQ - BMW Individual Tartufo Extended Merino Leather,,5YMTS0C05M9F29653,,9F29653,2MK,,,"Dec 1, 2020",,USA,"BMW of Cape Cod, Hyannis, US",,,,,,,,
A90 - Dark Graphite Metallic,F97,LKSW - Black Extended Merino Leather,,5YMTS0C06M9F29676,,9F29676,2MK,,,"Dec 1, 2020",,USA,"Towne BMW, Williamsville, US",,,,,,,,
C28 - Donington Grey Metallic,F97,LKDA - Sakhir Orange Extended Merino Leather,,5YMTS0C08M9F30599,,9F30599,2MK,,,"Dec 1, 2020",,USA,"BMW of San Diego, San Diego, US",,,,,,,,
300 - Alpine White,F97,LKDA - Sakhir Orange Extended Merino Leather,,5YMTS0C00M9F30628,,9F30628,2MK,,,"Dec 1, 2020",,USA,"Steve Thomas BMW, Camarillo, US",,,,,,,,
300 - Alpine White,F97,LKDA - Sakhir Orange Extended Merino Leather,,5YMTS0C00M9F30662,,9F30662,2MK,,,"Dec 1, 2020",,USA,"BMW of West Springfield, West Springfield, US",,,,,,,,
475 - Black Sapphire Metallic,F97,LKDA - Sakhir Orange Extended Merino Leather,,5YMTS0C06M9F30682,,9F30682,2MK,,,"Dec 1, 2020",,USA,"BMW of Sioux Falls, Sioux Falls, US",,,,,,,,
C28 - Donington Grey Metallic,F97,LKSW - Black Extended Merino Leather,,5YMTS0C00M9F30712,,9F30712,2MK,,,"Dec 1, 2020",,USA,"BMW Performance Center (SC), Greer, US",,,,,,,,
475 - Black Sapphire Metallic,F97,LKDA - Sakhir Orange Extended Merino Leather,,5YMTS0C07M9F30741,,9F30741,2MK,,,"Dec 1, 2020",,USA,"BMW of Silver Spring, Silver Spring, US",,,,,,,,
C28 - Donington Grey Metallic,F97,VATQ - BMW Individual Tartufo Extended Merino Leather,,5YMTS0C02M9F30761,,9F30761,2MK,,,"Dec 1, 2020",,USA,"Hendrick BMW, Charlotte, US",,,,,,,,
475 - Black Sapphire Metallic,F97,LKSW - Black Extended Merino Leather,,5YMTS0C02M9F30789,,9F30789,2MK,,,"Dec 1, 2020",,USA,"BMW of Southpoint, Durham, US",,,,,,,,
475 - Black Sapphire Metallic,F97,HDJA - Black/Midrand Beige Two-Tone Merino Leather / Alcantara,,5YMTS0C04M9F30809,,9F30809,2MK,,,"Dec 1, 2020",,USA,"BMW of Alexandria, Alexandria, US",,,,,,,,
300 - Alpine White,F97,VAEW - BMW Individual Ivory White Extended Merino Leather,,5YMTS0C07M9F30836,,9F30836,2MK,,,"Dec 1, 2020",,USA,"BMW of Raleigh, Raleigh, US",,,,,,,,
475 - Black Sapphire Metallic,F97,LKDA - Sakhir Orange Extended Merino Leather,,5YMTS0C02M9F30856,,9F30856,2MK,,,"Dec 1, 2020",,USA,"BMW of Dallas/MINI of Dallas, Dallas, US",,,,,,,,
C28 - Donington Grey Metallic,F97,LKSW - Black Extended Merino Leather,,5YMTS0C03M9F30882,,9F30882,2MK,,,"Dec 1, 2020",,USA,"BMW of San Diego, San Diego, US",,,,,,,,
300 - Alpine White,F97,LKDA - Sakhir Orange Extended Merino Leather,,5YMTS0C05M9F30902,,9F30902,2MK,,,"Dec 2, 2020",,USA,"Fields BMW of Daytona, Daytona Beach, US",,,,,,,,
C28 - Donington Grey Metallic,F97,LKHV - Adelaide Grey Extended Merino Leather,,5YMTS0C0XM9F30930,,9F30930,2MK,,,"Dec 2, 2020",,USA,"Peterson BMW of Boise, Boise, US",,,,,,,,
300 - Alpine White,F97,MAH7 - Black Vernasca Leather,,5YMTS0C07M9F30979,,9F30979,2MK,,,"Dec 2, 2020",,USA,"Princeton BMW, Hamilton, US",,,,,,,,
A90 - Dark Graphite Metallic,F97,LKHV - Adelaide Grey Extended Merino Leather,,5YMTS0C09M9F30997,,9F30997,2MK,,,"Dec 2, 2020",,USA,"BMW/MINI of Sterling, Sterling, US",,,,,,,,
C28 - Donington Grey Metallic,F97,MAH7 - Black Vernasca Leather,,5YMTS0C02M9F31022,,9F31022,2MK,,,"Dec 2, 2020",,USA,"BMW/MINI of Sterling, Sterling, US",,,,,,,,
C1M - Phytonic Blue Metallic,F97,VATQ - BMW Individual Tartufo Extended Merino Leather,,5YMTS0C05M9F31094,,9F31094,2MK,,,"Dec 2, 2020",,USA,"BMW of Manhasset, Manhasset, US",,,,,,,,
C28 - Donington Grey Metallic,F97,LKDA - Sakhir Orange Extended Merino Leather,,5YMTS0C08M9F31137,,9F31137,2MK,,,"Dec 2, 2020",,USA,"Habberstad BMW, Huntington Station, US",,,,,,,,
C28 - Donington Grey Metallic,F97,HDJA - Black/Midrand Beige Two-Tone Merino Leather / Alcantara,,5YMTS0C0XM9F31155,,9F31155,2MK,,,"Dec 2, 2020",,USA,"Motorwerks BMW, Bloomington, US",,,,,,,,
,F97,VATQ - BMW Individual Tartufo Extended Merino Leather,,5YMTS0C04M9F31197,,9F31197,2MK,,,"Dec 2, 2020",,USA,"BMW of Catonsville, Baltimore, US",,,,,,,,
C28 - Donington Grey Metallic,F97,HDJA - Black/Midrand Beige Two-Tone Merino Leather / Alcantara,,5YMTS0C06M9F31220,,9F31220,2MK,,,"Dec 2, 2020",,USA,"BMW of Peabody, Peabody, US",,,,,,,,
475 - Black Sapphire Metallic,F97,VAEW - BMW Individual Ivory White Extended Merino Leather,,5YMTS0C06M9F31279,,9F31279,2MK,,,"Dec 2, 2020",,USA,"BMW of Lancaster, Lancaster, US",,,,,,,,
300 - Alpine White,F97,LKHV - Adelaide Grey Extended Merino Leather,,5YMTS0C07M9F31307,,9F31307,2MK,,,"Dec 2, 2020",,USA,"BMW of Alexandria, Alexandria, US",,,,,,,,
A90 - Dark Graphite Metallic,F97,LKSW - Black Extended Merino Leather,,5YMTS0C00M9F31357,,9F31357,2MK,,,"Dec 2, 2020",,USA,"Critz BMW, Savannah, US",,,,,,,,
C28 - Donington Grey Metallic,F97,LKSW - Black Extended Merino Leather,,5YMTS0C02M9F31411,,9F31411,2MK,,,"Dec 2, 2020",,USA,"Bill Jacobs BMW/MINI, Naperville, US",,,,,,,,
C28 - Donington Grey Metallic,F97,LKSW - Black Extended Merino Leather,,5YMTS0C06M9F31430,,9F31430,2MK,,,"Dec 2, 2020",,USA,"Vista BMW, Coconut Creek, US",,,,,,,,
C1M - Phytonic Blue Metallic,F97,LKSW - Black Extended Merino Leather,,5YMTS0C00M9F31455,,9F31455,2MK,,,"Dec 2, 2020",,USA,"Germain BMW of Naples, Naples, US",,,,,,,,
C28 - Donington Grey Metallic,F97,LKDA - Sakhir Orange Extended Merino Leather,,5YMTS0C00M9F31617,,9F31617,2MK,,,"Dec 3, 2020",,USA,"BMW of Anchorage, Anchorage, US",,,,,,,,
475 - Black Sapphire Metallic,F97,LKSW - Black Extended Merino Leather,,5YMTS0C00M9F31634,,9F31634,2MK,,,"Dec 3, 2020",,USA,"BMW of Eugene, Eugene, US",,,,,,,,
300 - Alpine White,F97,LKDA - Sakhir Orange Extended Merino Leather,,5YMTS0C05M9F31659,,9F31659,2MK,,,"Dec 3, 2020",,USA,"Schomp BMW of Highlands Ranch, Highlands Ranch, US",,,,,,,,
C28 - Donington Grey Metallic,F97,VATQ - BMW Individual Tartufo Extended Merino Leather,,5YMTS0C07M9F31677,,9F31677,2MK,,,"Dec 3, 2020",,USA,"BMW of Rochester, Rochester, US",,,,,,,,
C28 - Donington Grey Metallic,F97,LKDA - Sakhir Orange Extended Merino Leather,,5YMTS0C08M9F31705,,9F31705,2MK,,,"Dec 3, 2020",,USA,"BMW of Southpoint, Durham, US",,,,,,,,
C28 - Donington Grey Metallic,F97,LKSW - Black Extended Merino Leather,,5YMTS0C03M9F31756,,9F31756,2MK,,,"Dec 3, 2020",,USA,"Beverly Hills BMW, Los Angeles, US",,,,,,,,
C3G - Toronto Red Metallic,F97,LKSW - Black Extended Merino Leather,,5YMTS0C01M9F31786,,9F31786,2MK,,,"Dec 3, 2020",,USA,"Laurel BMW of Westmont, Westmont, US",,,,,,,,
C28 - Donington Grey Metallic,F97,LKDA - Sakhir Orange Extended Merino Leather,,5YMTS0C08M9F31834,,9F31834,2MK,,,"Dec 3, 2020",,USA,"BMW of Springfield, Springfield, US",,,,,,,,
475 - Black Sapphire Metallic,F97,LKSW - Black Extended Merino Leather,,5YMTS0C05M9F31855,,9F31855,2MK,,,"Dec 3, 2020",,USA,"Irvine BMW, Irvine, US",,,,,,,,
300 - Alpine White,F97,LKHV - Adelaide Grey Extended Merino Leather,,5YMTS0C08M9F31882,,9F31882,2MK,,,"Dec 3, 2020",,USA,"BMW of Palm Springs, Palm Springs, US",,,,,,,,
C28 - Donington Grey Metallic,F97,LKSW - Black Extended Merino Leather,,5YMTS0C02M9F31912,,9F31912,2MK,,,"Dec 3, 2020",,USA,"BMW of Doylestown, Doylestown, US",,,,,,,,
C28 - Donington Grey Metallic,F97,LKSW - Black Extended Merino Leather,,5YMTS0C06M9F31931,,9F31931,2MK,,,"Dec 3, 2020",,USA,"BMW of Gainesville, Gainesville, US",,,,,,,,
C28 - Donington Grey Metallic,F97,LKDA - Sakhir Orange Extended Merino Leather,,5YMTS0C02M9F31957,,9F31957,2MK,,,"Dec 3, 2020",,USA,"BMW of Freehold, Freehold, US",,,,,,,,
300 - Alpine White,F97,LKSW - Black Extended Merino Leather,,5YMTS0C06M9F31976,,9F31976,2MK,,,"Dec 3, 2020",,USA,"Crevier BMW, Santa Ana, US",,,,,,,,
C28 - Donington Grey Metallic,F97,LKSW - Black Extended Merino Leather,,5YMTS0C01M9F32002,,9F32002,2MK,,,"Dec 3, 2020",,USA,"AH Euler Kaiserslautern GmbH, Kaiserslautern, DE",,,,,,,,
C28 - Donington Grey Metallic,F97,VATQ - BMW Individual Tartufo Extended Merino Leather,,5YMTS0C03M9F33085,,9F33085,2MK,,,"Dec 3, 2020",,USA,"Chapman BMW, Chandler, US",,,,,,,,
475 - Black Sapphire Metallic,F97,HDJA - Black/Midrand Beige Two-Tone Merino Leather / Alcantara,,5YMTS0C09M9F33110,,9F33110,2MK,,,"Dec 3, 2020",,USA,"Flemington BMW, Flemington, US",,,,,,,,
300 - Alpine White,F97,VATQ - BMW Individual Tartufo Extended Merino Leather,,5YMTS0C04M9F33130,,9F33130,2MK,,,"Dec 3, 2020",,USA,"Nalley BMW of Decatur, Decatur, US",,,,,,,,
C28 - Donington Grey Metallic,F97,MAH7 - Black Vernasca Leather,,5YMTS0C07M9F33154,,9F33154,2MK,,,"Dec 3, 2020",,USA,"BMW of Westbrook, Westbrook, US",,,,,,,,
475 - Black Sapphire Metallic,F97,LKHV - Adelaide Grey Extended Merino Leather,,5YMTS0C02M9F33174,,9F33174,2MK,,,"Dec 3, 2020",,USA,"BMW of Mountain View, Mountain View, US",,,,,,,,
300 - Alpine White,F97,LKSW - Black Extended Merino Leather,,5YMTS0C0XM9F33200,,9F33200,2MK,,,"Dec 3, 2020",,USA,"BMW of Ontario, Ontario, US",,,,,,,,
300 - Alpine White,F97,LKDA - Sakhir Orange Extended Merino Leather,,5YMTS0C01M9F33229,,9F33229,2MK,,,"Dec 3, 2020",,USA,"McKenna BMW, Norwalk, US",,,,,,,,
300 - Alpine White,F97,LKSW - Black Extended Merino Leather,,5YMTS0C05M9F33279,,9F33279,2MK,,,"Dec 4, 2020",,USA,"Bill Pearce BMW, Reno, US",,,,,,,,
300 - Alpine White,F97,LKDA - Sakhir Orange Extended Merino Leather,,5YMTS0C0XM9F33309,,9F33309,2MK,,,"Dec 4, 2020",,USA,"Valley Auto World, Inc., Fayetteville, US",,,,,,,,
475 - Black Sapphire Metallic,F97,LKSW - Black Extended Merino Leather,,5YMTS0C0XM9F33357,,9F33357,2MK,,,"Dec 4, 2020",,USA,"United BMW, Alpharetta, US",,,,,,,,
C1M - Phytonic Blue Metallic,F97,VAEW - BMW Individual Ivory White Extended Merino Leather,,5YMTS0C00M9F33397,,9F33397,2MK,,,"Dec 4, 2020",,USA,"BMW of Reading, Reading, US",,,,,,,,
C28 - Donington Grey Metallic,F97,LKDA - Sakhir Orange Extended Merino Leather,,5YMTS0C06M9F33422,,9F33422,2MK,,,"Dec 4, 2020",,USA,"Flemington BMW, Flemington, US",,,,,,,,
C1M - Phytonic Blue Metallic,F97,HDJA - Black/Midrand Beige Two-Tone Merino Leather / Alcantara,,5YMTS0C06M9F33436,,9F33436,2MK,,,"Dec 4, 2020",,USA,"Flemington BMW, Flemington, US",,,,,,,,
A90 - Dark Graphite Metallic,F97,HDJA - Black/Midrand Beige Two-Tone Merino Leather / Alcantara,,5YMTS0C07M9F33459,,9F33459,2MK,,,"Dec 4, 2020",,USA,"Bobby Rahal BMW of South Hills, Canonsburg, US",,,,,,,,
C1M - Phytonic Blue Metallic,F97,HDJA - Black/Midrand Beige Two-Tone Merino Leather / Alcantara,,5YMTS0C09M9F33477,,9F33477,2MK,,,"Dec 4, 2020",,USA,"BMW of the Main Line, Bala Cynwyd, US",,,,,,,,
C1M - Phytonic Blue Metallic,F97,LKHV - Adelaide Grey Extended Merino Leather,,5YMTS0C08M9F33518,,9F33518,2MK,,,"Dec 4, 2020",,USA,"BMW of Florence, Florence, US",,,,,,,,
475 - Black Sapphire Metallic,F97,LKSW - Black Extended Merino Leather,,5YMTS0C05M9F33539,,9F33539,2MK,,,"Dec 4, 2020",,USA,"Nick Alexander Imports, Los Angeles, US",,,,,,,,
300 - Alpine White,F97,LKSW - Black Extended Merino Leather,,5YMTS0C07M9F33557,,9F33557,2MK,,,"Dec 4, 2020",,USA,"BMW of Westlake, Cuyahoga, US",,,,,,,,
300 - Alpine White,F97,LKDA - Sakhir Orange Extended Merino Leather,,5YMTS0C01M9F33571,,9F33571,2MK,,,"Dec 4, 2020",,USA,"Valencia BMW, Valencia, US",,,,,,,,
A90 - Dark Graphite Metallic,F97,VAEW - BMW Individual Ivory White Extended Merino Leather,,5YMTS0C09M9F33706,,9F33706,2MK,,,"Dec 4, 2020",,USA,"BMW of West St. Louis, Manchester, US",,,,,,,,
C28 - Donington Grey Metallic,F97,LKDA - Sakhir Orange Extended Merino Leather,,5YMTS0C06M9F33727,,9F33727,2MK,,,"Dec 4, 2020",,USA,"BMW of Brooklyn, Brooklyn, US",,,,,,,,
A90 - Dark Graphite Metallic,F97,LKDA - Sakhir Orange Extended Merino Leather,,5YMTS0C04M9F33791,,9F33791,2MK,,,"Dec 4, 2020",,USA,"BMW of El Cajon, El Cajon, US",,,,,,,,
300 - Alpine White,F97,LKDA - Sakhir Orange Extended Merino Leather,,5YMTS0C0XM9F33813,,9F33813,2MK,,,"Dec 4, 2020",,USA,"BMW of Manhattan, New York, US",,,,,,,,
475 - Black Sapphire Metallic,F97,LKSW - Black Extended Merino Leather,,5YMTS0C07M9F33851,,9F33851,2MK,,,"Dec 4, 2020",,USA,"McKenna BMW, Norwalk, US",,,,,,,,
300 - Alpine White,F97,LKDA - Sakhir Orange Extended Merino Leather,,5YMTS0C04M9F33869,,9F33869,2MK,,,"Dec 4, 2020",,USA,"BMW of Catonsville, Baltimore, US",,,,,,,,
A90 - Dark Graphite Metallic,F97,LKSW - Black Extended Merino Leather,,5YMTS0C00M9F33898,,9F33898,2MK,,,"Dec 4, 2020",,USA,"BMW of Mt. Laurel, Mount Laurel, US",,,,,,,,
A90 - Dark Graphite Metallic,F97,VAEW - BMW Individual Ivory White Extended Merino Leather,,5YMTS0C09M9F33916,,9F33916,2MK,,,"Dec 5, 2020",,USA,"BMW of Williamsport, Muncy, US",,,,,,,,
C1M - Phytonic Blue Metallic,F97,LKDA - Sakhir Orange Extended Merino Leather,,5YMTS0C03M9F33944,,9F33944,2MK,,,"Dec 5, 2020",,USA,"BMW of Ramsey, Ramsey, US",,,,,,,,
300 - Alpine White,F97,LKDA - Sakhir Orange Extended Merino Leather,,5YMTS0C07M9F33963,,9F33963,2MK,,,"Dec 5, 2020",,USA,"BMW of Las Vegas, Las Vegas, US",,,,,,,,
300 - Alpine White,F97,LKDA - Sakhir Orange Extended Merino Leather,,5YMTS0C01M9F33991,,9F33991,2MK,,,"Dec 5, 2020",,USA,"BMW of Bridgeport, Bridgeport, US",,,,,,,,
300 - Alpine White,F97,LKDA - Sakhir Orange Extended Merino Leather,,5YMTS0C03M9F34012,,9F34012,2MK,,,"Dec 5, 2020",,USA,"BMW of Fairfax, Fairfax, US",,,,,,,,
C28 - Donington Grey Metallic,F97,LKHV - Adelaide Grey Extended Merino Leather,,5YMTS0C08M9F36810,,9F36810,2MK,,,"Dec 6, 2020",,USA,"Bill Pearce BMW, Reno, US",,,,,,,,
C28 - Donington Grey Metallic,F97,LKDA - Sakhir Orange Extended Merino Leather,,5YMTS0C07M9F36829,,9F36829,2MK,,,"Dec 6, 2020",,USA,"BMW of Catonsville, Baltimore, US",,,,,,,,
475 - Black Sapphire Metallic,F97,LKDA - Sakhir Orange Extended Merino Leather,,5YMTS0C04M9F36870,,9F36870,2MK,,,"Dec 6, 2020",,USA,"Erhard BMW of Farmington Hills, Farmington Hills, US",,,,,,,,
C28 - Donington Grey Metallic,F97,LKSW - Black Extended Merino Leather,,5YMTS0C01M9F36891,,9F36891,2MK,,,"Dec 6, 2020",,USA,"BMW of San Rafael, San Rafael, US",,,,,,,,
C28 - Donington Grey Metallic,F97,LKSW - Black Extended Merino Leather,,5YMTS0C07M9F36961,,9F36961,2MK,,,"Dec 7, 2020",,USA,"BMW of Lafayette, Lafayette, US",,,,,,,,
C28 - Donington Grey Metallic,F97,LKHV - Adelaide Grey Extended Merino Leather,,5YMTS0C06M9F37003,,9F37003,2MK,,,"Dec 7, 2020",,USA,"*Closed 3-Jan-23* BMW of Oyster Bay, Oyster Bay, US",,,,,,,,
C28 - Donington Grey Metallic,F97,LKHV - Adelaide Grey Extended Merino Leather,,5YMTS0C05M9F37025,,9F37025,2MK,,,"Dec 7, 2020",,USA,"Tom Hesser BMW, Scranton, US",,,,,,,,
C28 - Donington Grey Metallic,F97,LKDA - Sakhir Orange Extended Merino Leather,,5YMTS0C02M9F37063,,9F37063,2MK,,,"Dec 7, 2020",,USA,"BMW of Catonsville, Baltimore, US",,,,,,,,
475 - Black Sapphire Metallic,F97,LKSW - Black Extended Merino Leather,,5YMTS0C00M9F37157,,9F37157,2MK,,,"Dec 7, 2020",,USA,"Elmhurst BMW, Elmhurst, US",,,,,,,,
475 - Black Sapphire Metallic,F97,HDJA - Black/Midrand Beige Two-Tone Merino Leather / Alcantara,,5YMTS0C04M9F37209,,9F37209,2MK,,,"Dec 7, 2020",,USA,"Karl Knauz Motors, Lake Bluff, US",,,,,,,,
475 - Black Sapphire Metallic,F97,LKDA - Sakhir Orange Extended Merino Leather,,5YMTS0C06M9F37227,,9F37227,2MK,,,"Dec 7, 2020",,USA,"Wide World BMW, Spring Valley, US",,,,,,,,
C28 - Donington Grey Metallic,F97,VATQ - BMW Individual Tartufo Extended Merino Leather,,5YMTS0C05M9F37249,,9F37249,2MK,,,"Dec 7, 2020",,USA,"BMW of Catonsville, Baltimore, US",,,,,,,,
475 - Black Sapphire Metallic,F97,VATQ - BMW Individual Tartufo Extended Merino Leather,,5YMTS0C05M9F37266,,9F37266,2MK,,,"Dec 7, 2020",,USA,"BMW of Peabody, Peabody, US",,,,,,,,
C28 - Donington Grey Metallic,F97,MAH7 - Black Vernasca Leather,,5YMTS0C03M9F37282,,9F37282,2MK,,,"Dec 7, 2020",,USA,"BMW of Peabody, Peabody, US",,,,,,,,
C28 - Donington Grey Metallic,F97,LKSW - Black Extended Merino Leather,,5YMTS0C05M9F37302,,9F37302,2MK,,,"Dec 7, 2020",,USA,"South Shore BMW, Rockland, US",,,,,,,,
475 - Black Sapphire Metallic,F97,LKDA - Sakhir Orange Extended Merino Leather,,5YMTS0C08M9F37343,,9F37343,2MK,,,"Dec 7, 2020",,USA,"*Closed 3-Jan-23* BMW of Oyster Bay, Oyster Bay, US",,,,,,,,
C28 - Donington Grey Metallic,F97,HDJA - Black/Midrand Beige Two-Tone Merino Leather / Alcantara,,5YMTS0C07M9F37396,,9F37396,2MK,,,"Dec 7, 2020",,USA,"BMW of Delray Beach, Delray Beach, US",,,,,,,,
475 - Black Sapphire Metallic,F97,LKSW - Black Extended Merino Leather,,5YMTS0C03M9F37413,,9F37413,2MK,,,"Dec 7, 2020",,USA,"BMW of Manhattan, New York, US",,,,,,,,
C3G - Toronto Red Metallic,F97,LKSW - Black Extended Merino Leather,,5YMTS0C08M9F37441,,9F37441,2MK,,,"Dec 7, 2020",,USA,"South Shore BMW, Rockland, US",,,,,,,,
C28 - Donington Grey Metallic,F97,LKDA - Sakhir Orange Extended Merino Leather,,5YMTS0C06M9F37468,,9F37468,2MK,,,"Dec 7, 2020",,USA,"BMW Santa Barbara, Santa Barbara, US",,,,,,,,
C28 - Donington Grey Metallic,F97,LKSW - Black Extended Merino Leather,,5YMTS0C03M9F37525,,9F37525,2MK,,,"Dec 7, 2020",,USA,"Valley BMW, Modesto, US",,,,,,,,
475 - Black Sapphire Metallic,F97,LKSW - Black Extended Merino Leather,,5YMTS0C01M9F37555,,9F37555,2MK,,,"Dec 7, 2020",,USA,"BMW of Sudbury, Sudbury, US",,,,,,,,
C3G - Toronto Red Metallic,F97,LKHV - Adelaide Grey Extended Merino Leather,,5YMTS0C0XM9F37585,,9F37585,2MK,,,"Dec 7, 2020",,USA,"Keeler BMW, Latham, US",,,,,,,,
C28 - Donington Grey Metallic,F97,HDJA - Black/Midrand Beige Two-Tone Merino Leather / Alcantara,,5YMTS0C00M9F37613,,9F37613,2MK,,,"Dec 8, 2020",,USA,"BMW of Rochester, Rochester, US",,,,,,,,
475 - Black Sapphire Metallic,F97,HDJA - Black/Midrand Beige Two-Tone Merino Leather / Alcantara,,5YMTS0C02M9F37631,,9F37631,2MK,,,"Dec 8, 2020",,USA,"BMW of Rochester, Rochester, US",,,,,,,,
475 - Black Sapphire Metallic,F97,LKSW - Black Extended Merino Leather,,5YMTS0C08M9F37679,,9F37679,2MK,,,"Dec 8, 2020",,USA,"BMW of Lincoln, Lincoln, US",,,,,,,,
C28 - Donington Grey Metallic,F97,VATQ - BMW Individual Tartufo Extended Merino Leather,,5YMTS0C06M9F37695,,9F37695,2MK,,,"Dec 8, 2020",,USA,"BMW of Catonsville, Baltimore, US",,,,,,,,
C28 - Donington Grey Metallic,F97,LKSW - Black Extended Merino Leather,,5YMTS0C06M9F37731,,9F37731,2MK,,,"Dec 8, 2020",,USA,"BMW of Manhattan, New York, US",,,,,,,,
C28 - Donington Grey Metallic,F97,LKSW - Black Extended Merino Leather,,5YMTS0C01M9F37751,,9F37751,2MK,,,"Dec 8, 2020",,USA,"BMW of Bellevue, Bellevue, US",,,,,,,,
475 - Black Sapphire Metallic,F97,LKDA - Sakhir Orange Extended Merino Leather,,5YMTS0C05M9F37767,,9F37767,2MK,,,"Dec 8, 2020",,USA,"BMW of Rockville, Rockville, US",,,,,,,,
C28 - Donington Grey Metallic,F97,LKHV - Adelaide Grey Extended Merino Leather,,5YMTS0C09M9F37786,,9F37786,2MK,,,"Dec 8, 2020",,USA,"BMW of Cincinnati North, Cincinnati, US",,,,,,,,
A90 - Dark Graphite Metallic,F97,LKSW - Black Extended Merino Leather,,5YMTS0C0XM9F37845,,9F37845,2MK,,,"Dec 8, 2020",,USA,"Sterling BMW, Newport Beach, US",,,,,,,,
C1M - Phytonic Blue Metallic,F97,HDJA - Black/Midrand Beige Two-Tone Merino Leather / Alcantara,,5YMTS0C0XM9F37862,,9F37862,2MK,,,"Dec 8, 2020",,USA,"BMW of Cape Cod, Hyannis, US",,,,,,,,
A90 - Dark Graphite Metallic,F97,LKSW - Black Extended Merino Leather,,5YMTS0C04M9F37887,,9F37887,2MK,,,"Dec 8, 2020",,USA,"BMW of Fort Myers, Fort Myers, US",,,,,,,,
C1M - Phytonic Blue Metallic,F97,LKSW - Black Extended Merino Leather,,5YMTS0C07M9F37933,,9F37933,2MK,,,"Dec 8, 2020",,USA,"Valencia BMW, Valencia, US",,,,,,,,
A90 - Dark Graphite Metallic,F97,LKHV - Adelaide Grey Extended Merino Leather,,5YMTS0C09M9F37951,,9F37951,2MK,,,"Dec 8, 2020",,USA,"Casey BMW, Newport News, US",,,,,,,,
475 - Black Sapphire Metallic,F97,HDJA - Black/Midrand Beige Two-Tone Merino Leather / Alcantara,,5YMTS0C0XM9F38039,,9F38039,2MK,,,"Dec 8, 2020",,USA,"Beverly Hills BMW, Los Angeles, US",,,,,,,,
475 - Black Sapphire Metallic,F97,MAH7 - Black Vernasca Leather,,5YMTS0C07M9F38063,,9F38063,2MK,,,"Dec 8, 2020",,USA,"New Century BMW, Alhambra, US",,,,,,,,
C1M - Phytonic Blue Metallic,F97,MAH7 - Black Vernasca Leather,,5YMTS0C03M9F38089,,9F38089,2MK,,,"Dec 8, 2020",,USA,"Rusnak BMW, Thousand Oaks, US",,,,,,,,
475 - Black Sapphire Metallic,F97,VATQ - BMW Individual Tartufo Extended Merino Leather,,5YMTS0C01M9F38107,,9F38107,2MK,,,"Dec 8, 2020",,USA,"BMW/MINI of Sterling, Sterling, US",,,,,,,,
475 - Black Sapphire Metallic,F97,HDJA - Black/Midrand Beige Two-Tone Merino Leather / Alcantara,,5YMTS0C02M9F38133,,9F38133,2MK,,,"Dec 8, 2020",,USA,"Herb Chambers BMW, Charlestown, US",,,,,,,,
C1M - Phytonic Blue Metallic,F97,LKSW - Black Extended Merino Leather,,5YMTS0C07M9F38158,,9F38158,2MK,,,"Dec 8, 2020",,USA,"Herb Chambers BMW, Charlestown, US",,,,,,,,
300 - Alpine White,F97,LKDA - Sakhir Orange Extended Merino Leather,,5YMTS0C00M9F38177,,9F38177,2MK,,,"Dec 8, 2020",,USA,"BMW of Loveland, Loveland, US",,,,,,,,
C3G - Toronto Red Metallic,F97,VATQ - BMW Individual Tartufo Extended Merino Leather,,5YMTS0C01M9F38219,,9F38219,2MK,,,"Dec 8, 2020",,USA,"*Closed 3-Jan-23* BMW of Oyster Bay, Oyster Bay, US",,,,,,,,
300 - Alpine White,F97,LKSW - Black Extended Merino Leather,,5YMTS0C06M9F38247,,9F38247,2MK,,,"Dec 8, 2020",,USA,"Chapman BMW, Chandler, US",,,,,,,,
475 - Black Sapphire Metallic,F97,LKSW - Black Extended Merino Leather,,5YMTS0C08M9F38296,,9F38296,2MK,,,"Dec 9, 2020",,USA,"Weatherford BMW, Berkeley, US",,,,,,,,
A90 - Dark Graphite Metallic,F97,LKHV - Adelaide Grey Extended Merino Leather,,5YMTS0C05M9F38322,,9F38322,2MK,,,"Dec 9, 2020",,USA,"Enterprise BMW, Appleton, US",,,,,,,,
475 - Black Sapphire Metallic,F97,MAH7 - Black Vernasca Leather,,5YMTS0C07M9F38340,,9F38340,2MK,,,"Dec 9, 2020",,USA,"BMW of Houston North, Houston, US",,,,,,,,
475 - Black Sapphire Metallic,F97,LKDA - Sakhir Orange Extended Merino Leather,,5YMTS0C0XM9F38445,,9F38445,2MK,,,"Dec 9, 2020",,USA,"BMW of Westchester, White Plains, US",,,,,,,,
A90 - Dark Graphite Metallic,F97,LKHV - Adelaide Grey Extended Merino Leather,,5YMTS0C08M9F39531,,9F39531,2MK,,,"Dec 9, 2020",,USA,"BMW of Austin, Austin, US",,,,,,,,
C28 - Donington Grey Metallic,F97,LKSW - Black Extended Merino Leather,,5YMTS0C04M9F39560,,9F39560,2MK,,,"Dec 9, 2020",,USA,"Century West BMW, North Hollywood, US",,,,,,,,
C28 - Donington Grey Metallic,F97,LKSW - Black Extended Merino Leather,,5YMTS0C01M9F39631,,9F39631,2MK,,,"Dec 9, 2020",,USA,"BMW of Springfield, Springfield, US",,,,,,,,
C28 - Donington Grey Metallic,F97,LKSW - Black Extended Merino Leather,,5YMTS0C0XM9F39675,,9F39675,2MK,,,"Dec 9, 2020",,USA,"Chapman BMW, Chandler, US",,,,,,,,
C28 - Donington Grey Metallic,F97,LKSW - Black Extended Merino Leather,,5YMTS0C00M9F39748,,9F39748,2MK,,,"Dec 9, 2020",,USA,"Fields BMW, Northfield, US",,,,,,,,
300 - Alpine White,F97,LKSW - Black Extended Merino Leather,,5YMTS0C05M9F39776,,9F39776,2MK,,,"Dec 9, 2020",,USA,"Tulley BMW, Nashua, US",,,,,,,,
300 - Alpine White,F97,LKDA - Sakhir Orange Extended Merino Leather,,5YMTS0C09M9F39795,,9F39795,2MK,,,"Dec 9, 2020",,USA,"BMW of Peoria, Peoria, US",,,,,,,,
475 - Black Sapphire Metallic,F97,HDJA - Black/Midrand Beige Two-Tone Merino Leather / Alcantara,,5YMTS0C04M9F39820,,9F39820,2MK,,,"Dec 9, 2020",,USA,"BMW of Las Vegas, Las Vegas, US",,,,,,,,
C3G - Toronto Red Metallic,F97,LKSW - Black Extended Merino Leather,,5YMTS0C08M9F39853,,9F39853,2MK,,,"Dec 9, 2020",,USA,"BMW Seattle, Seattle, US",,,,,,,,
C28 - Donington Grey Metallic,F97,LKHV - Adelaide Grey Extended Merino Leather,,5YMTS0C03M9F39923,,9F39923,2MK,,,"Dec 9, 2020",,USA,"BMW Performance Center (SC), Greer, US",,,,,,,,
300 - Alpine White,F97,LKDA - Sakhir Orange Extended Merino Leather,,5YMTS0C05M9F39941,,9F39941,2MK,,,"Dec 9, 2020",,USA,"Valencia BMW, Valencia, US",,,,,,,,
A90 - Dark Graphite Metallic,F97,VATQ - BMW Individual Tartufo Extended Merino Leather,,5YMTS0C03M9F39971,,9F39971,2MK,,,"Dec 10, 2020",,USA,"BMW of Stratham, Stratham, US",,,,,,,,
300 - Alpine White,F97,LKSW - Black Extended Merino Leather,,5YMTS0C00M9F39989,,9F39989,2MK,,,"Dec 10, 2020",,USA,"Habberstad BMW, Huntington Station, US",,,,,,,,
300 - Alpine White,F97,LKDA - Sakhir Orange Extended Merino Leather,,5YMTS0C06M9F40015,,9F40015,2MK,,,"Dec 10, 2020",,USA,"BMW of the Hudson Valley, Poughkeepsie, US",,,,,,,,
A90 - Dark Graphite Metallic,F97,LKSW - Black Extended Merino Leather,,5YMTS0C08M9F40033,,9F40033,2MK,,,"Dec 10, 2020",,USA,"BMW of Mt. Kisco, Mount Kisco, US",,,,,,,,
300 - Alpine White,F97,LKDA - Sakhir Orange Extended Merino Leather,,5YMTS0C01M9F40133,,9F40133,2MK,,,"Dec 10, 2020",,USA,"Competition BMW of Smithtown, Saint James, US",,,,,,,,
300 - Alpine White,F97,LKDA - Sakhir Orange Extended Merino Leather,,5YMTS0C01M9F40150,,9F40150,2MK,,,"Dec 10, 2020",,USA,"BMW of Springfield, Springfield, US",,,,,,,,
300 - Alpine White,F97,VATQ - BMW Individual Tartufo Extended Merino Leather,,5YMTS0C03M9F40179,,9F40179,2MK,,,"Dec 10, 2020",,USA,"BMW of Mobile, Mobile, US",,,,,,,,
300 - Alpine White,F97,MAH7 - Black Vernasca Leather,,5YMTS0C09M9F41319,,9F41319,2MK,,,"Dec 10, 2020",,USA,"BMW of Mt. Laurel, Mount Laurel, US",,,,,,,,
C28 - Donington Grey Metallic,F97,LKDA - Sakhir Orange Extended Merino Leather,,5YMTS0C09M9F41336,,9F41336,2MK,,,"Dec 10, 2020",,USA,"BMW of Springfield, Springfield, US",,,,,,,,
475 - Black Sapphire Metallic,F97,LKHV - Adelaide Grey Extended Merino Leather,,5YMTS0C08M9F41361,,9F41361,2MK,,,"Dec 10, 2020",,USA,"South Shore BMW, Rockland, US",,,,,,,,
C28 - Donington Grey Metallic,F97,LKSW - Black Extended Merino Leather,,5YMTS0C03M9F41459,,9F41459,2MK,,,"Dec 10, 2020",,USA,"Niello BMW Sacramento, Sacramento, US",,,,,,,,
C28 - Donington Grey Metallic,F97,MAH7 - Black Vernasca Leather,,5YMTS0C07M9F41478,,9F41478,2MK,,,"Dec 10, 2020",,USA,"Newbold BMW, O Fallon, US",,,,,,,,
475 - Black Sapphire Metallic,F97,LKDA - Sakhir Orange Extended Merino Leather,,5YMTS0C09M9F41501,,9F41501,2MK,,,"Dec 10, 2020",,USA,"BMW of Reading, Reading, US",,,,,,,,
A90 - Dark Graphite Metallic,F97,LKDA - Sakhir Orange Extended Merino Leather,,5YMTS0C04M9F41518,,9F41518,2MK,,,"Dec 10, 2020",,USA,"BMW of Fremont, Fremont, US",,,,,,,,
475 - Black Sapphire Metallic,F97,LKSW - Black Extended Merino Leather,,5YMTS0C03M9F41543,,9F41543,2MK,,,"Dec 10, 2020",,USA,"BMW Fresno, Fresno, US",,,,,,,,
475 - Black Sapphire Metallic,F97,VATQ - BMW Individual Tartufo Extended Merino Leather,,5YMTS0C05M9F41561,,9F41561,2MK,,,"Dec 10, 2020",,USA,"BMW of San Francisco, San Francisco, US",,,,,,,,
475 - Black Sapphire Metallic,F97,LKHV - Adelaide Grey Extended Merino Leather,,5YMTS0C05M9F41589,,9F41589,2MK,,,"Dec 10, 2020",,USA,"Park Avenue BMW, Rochelle Park, US",,,,,,,,
475 - Black Sapphire Metallic,F97,MAH7 - Black Vernasca Leather,,5YMTS0C03M9F41607,,9F41607,2MK,,,"Dec 10, 2020",,USA,"Baron BMW/MINI, Merriam, US",,,,,,,,
475 - Black Sapphire Metallic,F97,LKHV - Adelaide Grey Extended Merino Leather,,5YMTS0C02M9F41680,,9F41680,2MK,,,"Dec 11, 2020",,USA,"BMW North Scottsdale, Phoenix, US",,,,,,,,
475 - Black Sapphire Metallic,F97,LKSW - Black Extended Merino Leather,,5YMTS0C07M9F41738,,9F41738,2MK,,,"Dec 11, 2020",,USA,"BMW of West St. Louis, Manchester, US",,,,,,,,
475 - Black Sapphire Metallic,F97,LKDA - Sakhir Orange Extended Merino Leather,,5YMTS0C00M9F41791,,9F41791,2MK,,,"Dec 11, 2020",,USA,"BMW of Spokane, Spokane, US",,,,,,,,
C28 - Donington Grey Metallic,F97,LKSW - Black Extended Merino Leather,,5YMTS0C04M9F41812,,9F41812,2MK,,,"Dec 11, 2020",,USA,"Century BMW, Greenville, US",,,,,,,,
475 - Black Sapphire Metallic,F97,LKSW - Black Extended Merino Leather,,5YMTS0C08M9F41859,,9F41859,2MK,,,"Dec 11, 2020",,USA,"Sandia BMW/MINI, Albuquerque, US",,,,,,,,
300 - Alpine White,F97,LKHV - Adelaide Grey Extended Merino Leather,,5YMTS0C0XM9F42821,,9F42821,2MK,,,"Dec 11, 2020",,USA,"BMW/MINI of Sterling, Sterling, US",,,,,,,,
475 - Black Sapphire Metallic,F97,LKDA - Sakhir Orange Extended Merino Leather,,5YMTS0C0XM9F42866,,9F42866,2MK,,,"Dec 11, 2020",,USA,"BMW of Manhasset, Manhasset, US",,,,,,,,
300 - Alpine White,F97,LKDA - Sakhir Orange Extended Merino Leather,,5YMTS0C08M9F42915,,9F42915,2MK,,,"Dec 11, 2020",,USA,"International Autos/MINI, West Allis, US",,,,,,,,
C28 - Donington Grey Metallic,F97,LKDA - Sakhir Orange Extended Merino Leather,,5YMTS0C00M9F42942,,9F42942,2MK,,,"Dec 11, 2020",,USA,"BMW of Riverside, Riverside, US",,,,,,,,
300 - Alpine White,F97,LKDA - Sakhir Orange Extended Merino Leather,,5YMTS0C06M9F42962,,9F42962,2MK,,,"Dec 11, 2020",,USA,"Wide World BMW, Spring Valley, US",,,,,,,,
300 - Alpine White,F97,VATQ - BMW Individual Tartufo Extended Merino Leather,,5YMTS0C04M9F42989,,9F42989,2MK,,,"Dec 11, 2020",,USA,"Ferman BMW/Ferman MINI of Tampa Bay, Palm Harbor, US",,,,,,,,
C28 - Donington Grey Metallic,F97,MAH7 - Black Vernasca Leather,,5YMTS0C01M9F43033,,9F43033,2MK,,,"Dec 11, 2020",,USA,"Erhard BMW of Farmington Hills, Farmington Hills, US",,,,,,,,
300 - Alpine White,F97,LKHV - Adelaide Grey Extended Merino Leather,,5YMTS0C05M9F43052,,9F43052,2MK,,,"Dec 11, 2020",,USA,"Century BMW, Greenville, US",,,,,,,,
475 - Black Sapphire Metallic,F97,HDJA - Black/Midrand Beige Two-Tone Merino Leather / Alcantara,,5YMTS0C09M9F43121,,9F43121,2MK,,,"Dec 11, 2020",,USA,"BMW of Reading, Reading, US",,,,,,,,
300 - Alpine White,F97,VATQ - BMW Individual Tartufo Extended Merino Leather,,5YMTS0C04M9F43141,,9F43141,2MK,,,"Dec 11, 2020",,USA,"BMW of Tuscaloosa, Tuscaloosa, US",,,,,,,,
475 - Black Sapphire Metallic,F97,LKSW - Black Extended Merino Leather,,5YMTS0C02M9F43168,,9F43168,2MK,,,"Dec 11, 2020",,USA,"Rick Hendrick BMW Charleston, Charleston, US",,,,,,,,
C28 - Donington Grey Metallic,F97,LKHV - Adelaide Grey Extended Merino Leather,,5YMTS0C05M9F43195,,9F43195,2MK,,,"Dec 11, 2020",,USA,"BMW of Alexandria, Alexandria, US",,,,,,,,
475 - Black Sapphire Metallic,F97,LKSW - Black Extended Merino Leather,,5YMTS0C07M9F43215,,9F43215,2MK,,,"Dec 11, 2020",,USA,"The BMW Store, Vancouver, CA",,,,,,,,
475 - Black Sapphire Metallic,F97,LKSW - Black Extended Merino Leather,,5YMTS0C03M9F43244,,9F43244,2MK,,,"Dec 11, 2020",,USA,"BMW of Mt. Laurel, Mount Laurel, US",,,,,,,,
C28 - Donington Grey Metallic,F97,LKDA - Sakhir Orange Extended Merino Leather,,5YMTS0C05M9F43262,,9F43262,2MK,,,"Dec 11, 2020",,USA,"BMW of Freehold, Freehold, US",,,,,,,,
300 - Alpine White,F97,LKSW - Black Extended Merino Leather,,5YMTS0C03M9F43289,,9F43289,2MK,,,"Dec 12, 2020",,USA,"BMW of San Francisco, San Francisco, US",,,,,,,,
475 - Black Sapphire Metallic,F97,LKSW - Black Extended Merino Leather,,5YMTS0C06M9F43335,,9F43335,2MK,,,"Dec 12, 2020",,USA,"BMW of Catonsville, Baltimore, US",,,,,,,,
C1M - Phytonic Blue Metallic,F97,MAH7 - Black Vernasca Leather,,5YMTS0C0XM9F43385,,9F43385,2MK,,,"Dec 12, 2020",,USA,"Crevier BMW, Santa Ana, US",,,,,,,,
300 - Alpine White,F97,LKSW - Black Extended Merino Leather,,5YMTS0C00M9F43413,,9F43413,2MK,,,"Dec 12, 2020",,USA,"Weatherford BMW, Berkeley, US",,,,,,,,
C28 - Donington Grey Metallic,F97,LKHV - Adelaide Grey Extended Merino Leather,,5YMTS0C04M9F43432,,9F43432,2MK,,,"Dec 12, 2020",,USA,"BMW of Reading, Reading, US",,,,,,,,
300 - Alpine White,F97,HDJA - Black/Midrand Beige Two-Tone Merino Leather / Alcantara,,5YMTS0C00M9F43461,,9F43461,2MK,,,"Dec 12, 2020",,USA,"New Country BMW, Hartford, US",,,,,,,,
300 - Alpine White,F97,LKSW - Black Extended Merino Leather,,5YMTS0C06M9F43481,,9F43481,2MK,,,"Dec 12, 2020",,USA,"BMW of Reading, Reading, US",,,,,,,,
A90 - Dark Graphite Metallic,F97,LKSW - Black Extended Merino Leather,,5YMTS0C09M9F43510,,9F43510,2MK,,,"Dec 12, 2020",,USA,"BMW of Tigard, Tigard, US",,,,,,,,
A90 - Dark Graphite Metallic,F97,LKSW - Black Extended Merino Leather,,5YMTS0C03M9F44555,,9F44555,2MK,,,"Dec 12, 2020",,USA,"Fields BMW - Lakeland, Lakeland, US",,,,,,,,
C28 - Donington Grey Metallic,F97,HDJA - Black/Midrand Beige Two-Tone Merino Leather / Alcantara,,5YMTS0C07M9F44574,,9F44574,2MK,,,"Dec 12, 2020",,USA,"BMW of Southpoint, Durham, US",,,,,,,,
300 - Alpine White,F97,LKSW - Black Extended Merino Leather,,5YMTS0C08M9F44602,,9F44602,2MK,,,"Dec 12, 2020",,USA,"Beverly Hills BMW, Los Angeles, US",,,,,,,,
A90 - Dark Graphite Metallic,F97,LKSW - Black Extended Merino Leather,,5YMTS0C06M9F44629,,9F44629,2MK,,,"Dec 12, 2020",,USA,"BMW Portland, Portland, US",,,,,,,,
300 - Alpine White,F97,LKDA - Sakhir Orange Extended Merino Leather,,5YMTS0C08M9F44647,,9F44647,2MK,,,"Dec 12, 2020",,USA,"Brian Harris BMW, Baton Rouge, US",,,,,,,,
C1M - Phytonic Blue Metallic,F97,MAH7 - Black Vernasca Leather,,5YMTS0C05M9F44699,,9F44699,2MK,,,"Dec 13, 2020",,USA,"BMW of Lancaster, Lancaster, US",,,,,,,,
A90 - Dark Graphite Metallic,F97,LKDA - Sakhir Orange Extended Merino Leather,,5YMTS0C02M9F44742,,9F44742,2MK,,,"Dec 13, 2020",,USA,"BMW of Asheville, Arden, US",,,,,,,,
C1M - Phytonic Blue Metallic,F97,HDJA - Black/Midrand Beige Two-Tone Merino Leather / Alcantara,,5YMTS0C06M9F44758,,9F44758,2MK,,,"Dec 13, 2020",,USA,"BMW of Reading, Reading, US",,,,,,,,
300 - Alpine White,F97,LKDA - Sakhir Orange Extended Merino Leather,,5YMTS0C01M9F44781,,9F44781,2MK,,,"Dec 13, 2020",,USA,"Herb Chambers BMW, Charlestown, US",,,,,,,,
A90 - Dark Graphite Metallic,F97,LKSW - Black Extended Merino Leather,,5YMTS0C09M9F44799,,9F44799,2MK,,,"Dec 13, 2020",,USA,"Perillo BMW, Inc., Chicago, US",,,,,,,,
300 - Alpine White,F97,LKSW - Black Extended Merino Leather,,5YMTS0C00M9F44853,,9F44853,2MK,,,"Dec 13, 2020",,USA,"BMW of Okemos, Okemos, US",,,,,,,,
C3G - Toronto Red Metallic,F97,MAOQ - Oyster Vernasca Leather,,5YMTS0C04M9F44872,,9F44872,2MK,,,"Dec 14, 2020",,USA,"BMW of Lancaster, Lancaster, US",,,,,,,,
C3G - Toronto Red Metallic,F97,LKSW - Black Extended Merino Leather,,5YMTS0C07M9F44901,,9F44901,2MK,,,"Dec 14, 2020",,USA,"Baron BMW/MINI, Merriam, US",,,,,,,,
300 - Alpine White,F97,LKSW - Black Extended Merino Leather,,5YMTS0C05M9F44931,,9F44931,2MK,,,"Dec 14, 2020",,USA,"Valley Auto World, Inc., Fayetteville, US",,,,,,,,
300 - Alpine White,F97,VATQ - BMW Individual Tartufo Extended Merino Leather,,5YMTS0C09M9F44995,,9F44995,2MK,,,"Dec 14, 2020",,USA,"BMW of Southpoint, Durham, US",,,,,,,,
C3G - Toronto Red Metallic,F97,LKHV - Adelaide Grey Extended Merino Leather,,5YMTS0C02M9F45020,,9F45020,2MK,,,"Dec 14, 2020",,USA,"BMW of Bakersfield, Bakersfield, US",,,,,,,,
C28 - Donington Grey Metallic,F97,LKDA - Sakhir Orange Extended Merino Leather,,5YMTS0C06M9F45036,,9F45036,2MK,,,"Dec 14, 2020",,USA,"Schomp BMW of Highlands Ranch, Highlands Ranch, US",,,,,,,,
A90 - Dark Graphite Metallic,F97,LKHV - Adelaide Grey Extended Merino Leather,,5YMTS0C07M9F45062,,9F45062,2MK,,,"Dec 14, 2020",,USA,"BMW of Alexandria, Alexandria, US",,,,,,,,
300 - Alpine White,F97,LKDA - Sakhir Orange Extended Merino Leather,,5YMTS0C05M9F45108,,9F45108,2MK,,,"Dec 14, 2020",,USA,"BMW of Freeport, Freeport, US",,,,,,,,
C1M - Phytonic Blue Metallic,F97,MAH7 - Black Vernasca Leather,,5YMTS0C06M9F45134,,9F45134,2MK,,,"Dec 14, 2020",,USA,"BMW of Alexandria, Alexandria, US",,,,,,,,
A90 - Dark Graphite Metallic,F97,LKHV - Adelaide Grey Extended Merino Leather,,5YMTS0C0XM9F45153,,9F45153,2MK,,,"Dec 14, 2020",,USA,"Braman BMW/Braman MINI of Miami, Miami, US",,,,,,,,
C28 - Donington Grey Metallic,F97,MAH7 - Black Vernasca Leather,,5YMTS0C00M9F46084,,9F46084,2MK,,,"Dec 14, 2020",,USA,"New Country BMW, Hartford, US",,,,,,,,
C28 - Donington Grey Metallic,F97,LKSW - Black Extended Merino Leather,,5YMTS0C0XM9F46108,,9F46108,2MK,,,"Dec 14, 2020",,USA,"New Century BMW, Alhambra, US",,,,,,,,
A90 - Dark Graphite Metallic,F97,LKDA - Sakhir Orange Extended Merino Leather,,5YMTS0C04M9F46153,,9F46153,2MK,,,"Dec 14, 2020",,USA,"BMW/MINI of Sterling, Sterling, US",,,,,,,,
475 - Black Sapphire Metallic,F97,LKSW - Black Extended Merino Leather,,5YMTS0C0XM9F46173,,9F46173,2MK,,,"Dec 14, 2020",,USA,"Beverly Hills BMW, Los Angeles, US",,,,,,,,
475 - Black Sapphire Metallic,F97,LKDA - Sakhir Orange Extended Merino Leather,,5YMTS0C06M9F46199,,9F46199,2MK,,,"Dec 14, 2020",,USA,"Otto's BMW, West Chester, US",,,,,,,,
475 - Black Sapphire Metallic,F97,LKDA - Sakhir Orange Extended Merino Leather,,5YMTS0C06M9F46218,,9F46218,2MK,,,"Dec 14, 2020",,USA,"BMW of Norwood, Norwood, US",,,,,,,,
475 - Black Sapphire Metallic,F97,HDJA - Black/Midrand Beige Two-Tone Merino Leather / Alcantara,,5YMTS0C09M9F46309,,9F46309,2MK,,,"Dec 14, 2020",,USA,"Motorwerks BMW, Bloomington, US",,,,,,,,
C28 - Donington Grey Metallic,F97,VATQ - BMW Individual Tartufo Extended Merino Leather,,5YMTS0C03M9F46337,,9F46337,2MK,,,"Dec 14, 2020",,USA,"Bobby Rahal BMW of South Hills, Canonsburg, US",,,,,,,,
C28 - Donington Grey Metallic,F97,LKHV - Adelaide Grey Extended Merino Leather,,5YMTS0C08M9F46365,,9F46365,2MK,,,"Dec 14, 2020",,USA,"BMW of South Austin, Austin, US",,,,,,,,
C28 - Donington Grey Metallic,F97,VAEW - BMW Individual Ivory White Extended Merino Leather,,5YMTS0C05M9F46386,,9F46386,2MK,,,"Dec 14, 2020",,USA,"Melbourne BMW, Melbourne, US",,,,,,,,
C28 - Donington Grey Metallic,F97,LKHV - Adelaide Grey Extended Merino Leather,,5YMTS0C06M9F46414,,9F46414,2MK,,,"Dec 14, 2020",,USA,"Herb Chambers BMW, Charlestown, US",,,,,,,,
475 - Black Sapphire Metallic,F97,LKSW - Black Extended Merino Leather,,5YMTS0C03M9F46435,,9F46435,2MK,,,"Dec 14, 2020",,USA,"BMW of Rochester Hills, Shelby Township, US",,,,,,,,
C3G - Toronto Red Metallic,F97,VATQ - BMW Individual Tartufo Extended Merino Leather,,5YMTS0C03M9F46483,,9F46483,2MK,,,"Dec 15, 2020",,USA,"Roadshow BMW/MINI, Cordova, US",,,,,,,,
C28 - Donington Grey Metallic,F97,LKSW - Black Extended Merino Leather,,5YMTS0C01M9F46515,,9F46515,2MK,,,"Dec 15, 2020",,USA,"BMW of Houston North, Houston, US",,,,,,,,
475 - Black Sapphire Metallic,F97,LKDA - Sakhir Orange Extended Merino Leather,,5YMTS0C09M9F46570,,9F46570,2MK,,,"Dec 15, 2020",,USA,"Herb Chambers BMW, Charlestown, US",,,,,,,,
475 - Black Sapphire Metallic,F97,VATQ - BMW Individual Tartufo Extended Merino Leather,,5YMTS0C03M9F46600,,9F46600,2MK,,,"Dec 15, 2020",,USA,"BMW of Alexandria, Alexandria, US",,,,,,,,
C28 - Donington Grey Metallic,F97,LKDA - Sakhir Orange Extended Merino Leather,,5YMTS0C09M9F46651,,9F46651,2MK,,,"Dec 15, 2020",,USA,"BMW of Raleigh, Raleigh, US",,,,,,,,
C28 - Donington Grey Metallic,F97,LKDA - Sakhir Orange Extended Merino Leather,,5YMTS0C02M9F46698,,9F46698,2MK,,,"Dec 15, 2020",,USA,"BMW of Alexandria, Alexandria, US",,,,,,,,
475 - Black Sapphire Metallic,F97,VATQ - BMW Individual Tartufo Extended Merino Leather,,5YMTS0C01M9F46725,,9F46725,2MK,,,"Dec 15, 2020",,USA,"Towne BMW, Williamsville, US",,,,,,,,
C28 - Donington Grey Metallic,F97,MAH7 - Black Vernasca Leather,,5YMTS0C06M9F47742,,9F47742,2MK,,,"Dec 15, 2020",,USA,"Rick Hendrick BMW Charleston, Charleston, US",,,,,,,,
C28 - Donington Grey Metallic,F97,LKDA - Sakhir Orange Extended Merino Leather,,5YMTS0C01M9F47762,,9F47762,2MK,,,"Dec 15, 2020",,USA,"BMW of Manhasset, Manhasset, US",,,,,,,,
C28 - Donington Grey Metallic,F97,LKSW - Black Extended Merino Leather,,5YMTS0C06M9F47787,,9F47787,2MK,,,"Dec 15, 2020",,USA,"Braman Motorcars/Braman MINI of Pal, West Palm Beach, US",,,,,,,,
C28 - Donington Grey Metallic,F97,MAH7 - Black Vernasca Leather,,5YMTS0C0XM9F47808,,9F47808,2MK,,,"Dec 15, 2020",,USA,"Gebhardt BMW, Boulder, US",,,,,,,,
C28 - Donington Grey Metallic,F97,MAH7 - Black Vernasca Leather,,5YMTS0C04M9F47867,,9F47867,2MK,,,"Dec 15, 2020",,USA,"Classic BMW, Plano, US",,,,,,,,
C28 - Donington Grey Metallic,F97,LKSW - Black Extended Merino Leather,,5YMTS0C06M9F47918,,9F47918,2MK,,,"Dec 15, 2020",,USA,"Erhard BMW of Bloomfield Hills, Bloomfield Hills, US",,,,,,,,
C3G - Toronto Red Metallic,F97,LKHV - Adelaide Grey Extended Merino Leather,,5YMTS0C0XM9F47971,,9F47971,2MK,,,"Dec 15, 2020",,USA,"BMW of Santa Maria, Santa Maria, US",,,,,,,,
475 - Black Sapphire Metallic,F97,LKSW - Black Extended Merino Leather,,5YMTS0C07M9F48057,,9F48057,2MK,,,"Dec 16, 2020",,USA,"Valley Auto World, Inc., Fayetteville, US",,,,,,,,
C28 - Donington Grey Metallic,F97,LKDA - Sakhir Orange Extended Merino Leather,,5YMTS0C08M9F48097,,9F48097,2MK,,,"Dec 16, 2020",,USA,"Fields BMW of Daytona, Daytona Beach, US",,,,,,,,
475 - Black Sapphire Metallic,F97,LKDA - Sakhir Orange Extended Merino Leather,,5YMTS0C05M9F48252,,9F48252,2MK,,,"Dec 16, 2020",,USA,"BMW of Brooklyn, Brooklyn, US",,,,,,,,
300 - Alpine White,F97,LKSW - Black Extended Merino Leather,,5YMTS0C07M9F50035,,9F50035,2MK,,,"Dec 17, 2020",,USA,"BMW of Brooklyn, Brooklyn, US",,,,,,,,
300 - Alpine White,F97,LKSW - Black Extended Merino Leather,,5YMTS0C09M9F50067,,9F50067,2MK,,,"Dec 17, 2020",,USA,"BMW of Gainesville, Gainesville, US",,,,,,,,
A90 - Dark Graphite Metallic,F97,LKDA - Sakhir Orange Extended Merino Leather,,5YMTS0C09M9F50151,,9F50151,2MK,,,"Dec 17, 2020",,USA,"Chapman BMW, Chandler, US",,,,,,,,
475 - Black Sapphire Metallic,F97,HDJA - Black/Midrand Beige Two-Tone Merino Leather / Alcantara,,5YMTS0C0XM9F50286,,9F50286,2MK,,,"Dec 17, 2020",,USA,"Long Beach BMW, Signal Hill, US",,,,,,,,
300 - Alpine White,F97,LKDA - Sakhir Orange Extended Merino Leather,,5YMTS0C07M9F50360,,9F50360,2MK,,,"Dec 17, 2020",,USA,"BMW Concord, Concord, US",,,,,,,,
475 - Black Sapphire Metallic,F97,LKDA - Sakhir Orange Extended Merino Leather,,5YMTS0C00M9F50443,,9F50443,2MK,,,"Dec 17, 2020",,USA,"BMW of Morristown, Morristown, US",,,,,,,,
A90 - Dark Graphite Metallic,F97,VAEW - BMW Individual Ivory White Extended Merino Leather,,5YMTS0C03M9F50517,,9F50517,2MK,,,"Dec 17, 2020",,USA,"Sandia BMW/MINI, Albuquerque, US",,,,,,,,
300 - Alpine White,F97,VATQ - BMW Individual Tartufo Extended Merino Leather,,5YMTS0C06M9F50589,,9F50589,2MK,,,"Dec 17, 2020",,USA,"BMW Tucson, Tucson, US",,,,,,,,
C28 - Donington Grey Metallic,F97,MAH7 - Black Vernasca Leather,,5YMTS0C02M9F50640,,9F50640,2MK,,,"Dec 17, 2020",,USA,"BMW of the Main Line, Bala Cynwyd, US",,,,,,,,
C28 - Donington Grey Metallic,F97,HDJA - Black/Midrand Beige Two-Tone Merino Leather / Alcantara,,5YMTS0C02M9F52047,,9F52047,2MK,,,"Dec 17, 2020",,USA,"BMW of Morristown, Morristown, US",,,,,,,,
C28 - Donington Grey Metallic,F97,LKSW - Black Extended Merino Leather,,5YMTS0C03M9F52090,,9F52090,2MK,,,"Dec 18, 2020",,USA,"Perillo BMW, Inc., Chicago, US",,,,,,,,
475 - Black Sapphire Metallic,F97,HDJA - Black/Midrand Beige Two-Tone Merino Leather / Alcantara,,5YMTS0C05M9F52124,,9F52124,2MK,,,"Dec 18, 2020",,USA,"Chapman BMW, Chandler, US",,,,,,,,
475 - Black Sapphire Metallic,F97,LKHV - Adelaide Grey Extended Merino Leather,,5YMTS0C0XM9F52250,,9F52250,2MK,,,"Dec 18, 2020",,USA,"BMW of Shrewsbury, Shrewsbury, US",,,,,,,,
C28 - Donington Grey Metallic,F97,LKSW - Black Extended Merino Leather,,5YMTS0C04M9F52292,,9F52292,2MK,,,"Dec 18, 2020",,USA,"BMW North Scottsdale, Phoenix, US",,,,,,,,
C28 - Donington Grey Metallic,F97,LKSW - Black Extended Merino Leather,,5YMTS0C09M9F52529,,9F52529,2MK,,,"Dec 18, 2020",,USA,"McKenna BMW, Norwalk, US",,,,,,,,
C28 - Donington Grey Metallic,F97,LKSW - Black Extended Merino Leather,,5YMTS0C08M9F52568,,9F52568,2MK,,,"Dec 18, 2020",,USA,"Weatherford BMW, Berkeley, US",,,,,,,,
C28 - Donington Grey Metallic,F97,LKDA - Sakhir Orange Extended Merino Leather,,5YMTS0C00M9F52659,,9F52659,2MK,,,"Dec 18, 2020",,USA,"Arrowhead BMW, Glendale, US",,,,,,,,
C1M - Phytonic Blue Metallic,F97,LKSW - Black Extended Merino Leather,,5YMTS0C07M9F52741,,9F52741,2MK,,,"Dec 18, 2020",,USA,"Irvine BMW, Irvine, US",,,,,,,,
C3G - Toronto Red Metallic,F97,HDJA - Black/Midrand Beige Two-Tone Merino Leather / Alcantara,,5YMTS0C05M9F52821,,9F52821,2MK,,,"Dec 19, 2020",,USA,"Karl Knauz Motors, Lake Bluff, US",,,,,,,,
A90 - Dark Graphite Metallic,F97,LKSW - Black Extended Merino Leather,,5YMTS0C08M9F53770,,9F53770,2MK,,,"Dec 19, 2020",,USA,"BMW of Sudbury, Sudbury, US",,,,,,,,
475 - Black Sapphire Metallic,F97,LKDA - Sakhir Orange Extended Merino Leather,,5YMTS0C07M9F53985,,9F53985,2MK,,,"Dec 20, 2020",,USA,"BMW of Buena Park, Buena Park, US",,,,,,,,
C28 - Donington Grey Metallic,F97,HDJA - Black/Midrand Beige Two-Tone Merino Leather / Alcantara,,5YMTS0C08M9F54028,,9F54028,2MK,,,"Dec 21, 2020",,USA,"BMW of Las Vegas, Las Vegas, US",,,,,,,,
300 - Alpine White,F97,LKSW - Black Extended Merino Leather,,5YMTS0C01M9F54064,,9F54064,2MK,,,"Dec 21, 2020",,USA,"BMW of Morristown, Morristown, US",,,,,,,,
300 - Alpine White,F97,HDJA - Black/Midrand Beige Two-Tone Merino Leather / Alcantara,,5YMTS0C06M9F54108,,9F54108,2MK,,,"Dec 21, 2020",,USA,"BMW of Morristown, Morristown, US",,,,,,,,
300 - Alpine White,F97,VATQ - BMW Individual Tartufo Extended Merino Leather,,5YMTS0C06M9F54139,,9F54139,2MK,,,"Dec 21, 2020",,USA,"Rallye BMW, Westbury, US",,,,,,,,
C28 - Donington Grey Metallic,F97,HDJA - Black/Midrand Beige Two-Tone Merino Leather / Alcantara,,5YMTS0C00M9F54170,,9F54170,2MK,,,"Dec 21, 2020",,USA,"BMW of Buena Park, Buena Park, US",,,,,,,,
A90 - Dark Graphite Metallic,F97,LKDA - Sakhir Orange Extended Merino Leather,,5YMTS0C07M9F54215,,9F54215,2MK,,,"Dec 21, 2020",,USA,"Habberstad BMW, Huntington Station, US",,,,,,,,
C1M - Phytonic Blue Metallic,F97,VAEW - BMW Individual Ivory White Extended Merino Leather,,5YMTS0C09M9F54281,,9F54281,2MK,,,"Dec 21, 2020",,USA,"BMW of Sudbury, Sudbury, US",,,,,,,,
300 - Alpine White,F97,LKSW - Black Extended Merino Leather,,5YMTS0C0XM9F54371,,9F54371,2MK,,,"Dec 21, 2020",,USA,"Weatherford BMW, Berkeley, US",,,,,,,,
A90 - Dark Graphite Metallic,F97,LKSW - Black Extended Merino Leather,,5YMTS0C04M9F54513,,9F54513,2MK,,,"Dec 21, 2020",,USA,"McKenna BMW, Norwalk, US",,,,,,,,
C28 - Donington Grey Metallic,F97,LKSW - Black Extended Merino Leather,,5YMTS0C08M9F55518,,9F55518,2MK,,,"Dec 21, 2020",,USA,"Chapman BMW, Chandler, US",,,,,,,,
300 - Alpine White,F97,LKDA - Sakhir Orange Extended Merino Leather,,5YMTS0C02M9F55563,,9F55563,2MK,,,"Dec 21, 2020",,USA,"Erhard BMW of Bloomfield Hills, Bloomfield Hills, US",,,,,,,,
C28 - Donington Grey Metallic,F97,HDJA - Black/Midrand Beige Two-Tone Merino Leather / Alcantara,,5YMTS0C07M9F55607,,9F55607,2MK,,,"Dec 22, 2020",,USA,"*Closed 3-Jan-23* BMW of Oyster Bay, Oyster Bay, US",,,,,,,,
C28 - Donington Grey Metallic,F97,VATQ - BMW Individual Tartufo Extended Merino Leather,,5YMTS0C0XM9F55648,,9F55648,2MK,,,"Dec 22, 2020",,USA,"BMW of Minnetonka, Minnetonka, US",,,,,,,,
300 - Alpine White,F97,VAEW - BMW Individual Ivory White Extended Merino Leather,,5YMTS0C02M9F55823,,9F55823,2MK,,,"Dec 22, 2020",,USA,"BMW of The Woodlands, The Woodlands, US",,,,,,,,
C3G - Toronto Red Metallic,F97,VAEW - BMW Individual Ivory White Extended Merino Leather,,5YMTS0C01M9F55893,,9F55893,2MK,,,"Dec 22, 2020",,USA,"BMW of Gwinnett Place, Duluth, US",,,,,,,,
300 - Alpine White,F97,LKSW - Black Extended Merino Leather,,5YMTS0C07M9F55963,,9F55963,2MK,,,"Dec 22, 2020",,USA,"BMW of Myrtle Beach, Myrtle Beach, US",,,,,,,,
C1M - Phytonic Blue Metallic,F97,LKDA - Sakhir Orange Extended Merino Leather,,5YMTS0C07M9F56031,,9F56031,2MK,,,"Dec 22, 2020",,USA,"Nevada Auto Auction, Las Vegas, US",,,,,,,,
300 - Alpine White,F97,LKDA - Sakhir Orange Extended Merino Leather,,5YMTS0C06M9F56070,,9F56070,2MK,,,"Dec 22, 2020",,USA,"South Bay BMW, Torrance, US",,,,,,,,
C28 - Donington Grey Metallic,F97,LKSW - Black Extended Merino Leather,,5YMTS0C00M9F57280,,9F57280,2MK,,,"Dec 22, 2020",,USA,"BMW of Manhasset, Manhasset, US",,,,,,,,
475 - Black Sapphire Metallic,F97,MAH7 - Black Vernasca Leather,,5YMTS0C04M9F57315,,9F57315,2MK,,,"Dec 22, 2020",,USA,"BMW of Pittsburgh, Pittsburgh, US",,,,,,,,
300 - Alpine White,F97,LKSW - Black Extended Merino Leather,,5YMTS0C04M9F57458,,9F57458,2MK,,,"Dec 23, 2020",,USA,"Crown BMW, Greensboro, US",,,,,,,,
475 - Black Sapphire Metallic,F97,HDJA - Black/Midrand Beige Two-Tone Merino Leather / Alcantara,,5YMTS0C04M9F57623,,9F57623,2MK,,,"Jan 12, 2021",,USA,"BMW of Minnetonka, Minnetonka, US",,,,,,,,
C28 - Donington Grey Metallic,F97,LKDA - Sakhir Orange Extended Merino Leather,,5YMTS0C05M9F57694,,9F57694,2MK,,,"Jan 12, 2021",,USA,"Elite BMW, Ottawa, CA",,,,,,,,
300 - Alpine White,F97,LKDA - Sakhir Orange Extended Merino Leather,,5YMTS0C04M9F57735,,9F57735,2MK,,,"Jan 12, 2021",,USA,"Open Road BMW, Edison, US",,,,,,,,
C28 - Donington Grey Metallic,F97,LKHV - Adelaide Grey Extended Merino Leather,,5YMTS0C02M9F57765,,9F57765,2MK,,,"Jan 12, 2021",,USA,"Roadshow BMW/MINI, Cordova, US",,,,,,,,
300 - Alpine White,F97,LKDA - Sakhir Orange Extended Merino Leather,,5YMTS0C02M9F57894,,9F57894,2MK,,,"Jan 13, 2021",,USA,"Brian Jessel BMW, Vancouver, CA",,,,,,,,
A90 - Dark Graphite Metallic,F97,MAH7 - Black Vernasca Leather,,5YMTS0C0XM9F57934,,9F57934,2MK,,,"Jan 13, 2021",,USA,"BMW of Bowling Green, Bowling Green, US",,,,,,,,
C28 - Donington Grey Metallic,F97,MAOQ - Oyster Vernasca Leather,,5YMTS0C0XM9F59182,,9F59182,2MK,,,"Jan 13, 2021",,USA,"Circle BMW, Eatontown, US",,,,,,,,
300 - Alpine White,F97,LKDA - Sakhir Orange Extended Merino Leather,,5YMTS0C07M9F59303,,9F59303,2MK,,,"Jan 13, 2021",,USA,"BMW of Manhasset, Manhasset, US",,,,,,,,
300 - Alpine White,F97,LKSW - Black Extended Merino Leather,,5YMTS0C04M9F59498,,9F59498,2MK,,,"Jan 13, 2021",,USA,"BMW of West St. Louis, Manchester, US",,,,,,,,
A90 - Dark Graphite Metallic,F97,MAH7 - Black Vernasca Leather,,5YMTS0C05M9F59722,,9F59722,2MK,,,"Jan 14, 2021",,USA,"BMW of Reading, Reading, US",,,,,,,,
C28 - Donington Grey Metallic,F97,LKDA - Sakhir Orange Extended Merino Leather,,5YMTS0C05M9F59753,,9F59753,2MK,,,"Jan 14, 2021",,USA,"BMW of Reading, Reading, US",,,,,,,,
475 - Black Sapphire Metallic,F97,LKSW - Black Extended Merino Leather,,5YMTS0C06M9F59793,,9F59793,2MK,,,"Jan 14, 2021",,USA,"Bavarian Motor Cars GmbH, Würzburg, DE",,,,,,,,
300 - Alpine White,F97,LKDA - Sakhir Orange Extended Merino Leather,,5YMTS0C06M9F61012,,9F61012,2MK,,,"Jan 14, 2021",,USA,"BMW of Denver Downtown, Denver, US",,,,,,,,
300 - Alpine White,F97,LKSW - Black Extended Merino Leather,,5YMTS0C02M9F61038,,9F61038,2MK,,,"Jan 14, 2021",,USA,"BMW of Ocala, Ocala, US",,,,,,,,
A90 - Dark Graphite Metallic,F97,VATQ - BMW Individual Tartufo Extended Merino Leather,,5YMTS0C04M9F61073,,9F61073,2MK,,,"Jan 14, 2021",,USA,"BMW of Fort Walton Beach, Fort Walton Beach, US",,,,,,,,
475 - Black Sapphire Metallic,F97,LKDA - Sakhir Orange Extended Merino Leather,,5YMTS0C0XM9F61207,,9F61207,2MK,,,"Jan 14, 2021",,USA,"Orange County BMW, Harriman, US",,,,,,,,
300 - Alpine White,F97,LKDA - Sakhir Orange Extended Merino Leather,,5YMTS0C00M9F61250,,9F61250,2MK,,,"Jan 15, 2021",,USA,"BMW of Orland Park, Orland Park, US",,,,,,,,
A90 - Dark Graphite Metallic,F97,LKSW - Black Extended Merino Leather,,5YMTS0C04M9F61462,,9F61462,2MK,,,"Jan 15, 2021",,USA,"BMW Brossard, Brossard, CA",,,,,,,,
A90 - Dark Graphite Metallic,F97,LKDA - Sakhir Orange Extended Merino Leather,,5YMTS0C06M9F61527,,9F61527,2MK,,,"Jan 15, 2021",,USA,"BMW of Fairfax, Fairfax, US",,,,,,,,
475 - Black Sapphire Metallic,F97,LKHV - Adelaide Grey Extended Merino Leather,,5YMTS0C04M9F61557,,9F61557,2MK,,,"Jan 15, 2021",,USA,"United BMW, Alpharetta, US",,,,,,,,
C28 - Donington Grey Metallic,F97,HDJA - Black/Midrand Beige Two-Tone Merino Leather / Alcantara,,5YMTS0C00M9F62978,,9F62978,2MK,,,"Jan 15, 2021",,USA,"BMW of Norwood, Norwood, US",,,,,,,,
C1M - Phytonic Blue Metallic,F97,LKDA - Sakhir Orange Extended Merino Leather,,5YMTS0C01M9F63055,,9F63055,2MK,,,"Jan 15, 2021",,USA,"Princeton BMW, Hamilton, US",,,,,,,,
C28 - Donington Grey Metallic,F97,HDJA - Black/Midrand Beige Two-Tone Merino Leather / Alcantara,,5YMTS0C06M9F63231,,9F63231,2MK,,,"Jan 16, 2021",,USA,"Otto's BMW, West Chester, US",,,,,,,,
300 - Alpine White,F97,HDJA - Black/Midrand Beige Two-Tone Merino Leather / Alcantara,,5YMTS0C03M9F63333,,9F63333,2MK,,,"Jan 16, 2021",,USA,"Hendrick BMW, Charlotte, US",,,,,,,,
475 - Black Sapphire Metallic,F97,LKHV - Adelaide Grey Extended Merino Leather,,5YMTS0C06M9F63391,,9F63391,2MK,,,"Jan 19, 2021",,USA,"BMW of Norwood, Norwood, US",,,,,,,,
C28 - Donington Grey Metallic,F97,LKDA - Sakhir Orange Extended Merino Leather,,5YMTS0C03M9F63431,,9F63431,2MK,,,"Jan 19, 2021",,USA,"BMW of Westchester, White Plains, US",,,,,,,,
475 - Black Sapphire Metallic,F97,LKDA - Sakhir Orange Extended Merino Leather,,5YMTS0C0XM9F64818,,9F64818,2MK,,,"Jan 19, 2021",,USA,"United BMW, Alpharetta, US",,,,,,,,
300 - Alpine White,F97,LKDA - Sakhir Orange Extended Merino Leather,,5YMTS0C0XM9F64933,,9F64933,2MK,,,"Jan 19, 2021",,USA,"Bobby Rahal BMW of South Hills, Canonsburg, US",,,,,,,,
475 - Black Sapphire Metallic,F97,LKDA - Sakhir Orange Extended Merino Leather,,5YMTS0C07M9F65005,,9F65005,2MK,,,"Jan 19, 2021",,USA,"Fields BMW, Winter Park, US",,,,,,,,
C28 - Donington Grey Metallic,F97,LKSW - Black Extended Merino Leather,,5YMTS0C09M9F65197,,9F65197,2MK,,,"Jan 20, 2021",,USA,"Irvine BMW, Irvine, US",,,,,,,,
C1M - Phytonic Blue Metallic,F97,LKHV - Adelaide Grey Extended Merino Leather,,5YMTS0C07M9F65280,,9F65280,2MK,,,"Jan 20, 2021",,USA,"BMW of Santa Maria, Santa Maria, US",,,,,,,,
475 - Black Sapphire Metallic,F97,LKDA - Sakhir Orange Extended Merino Leather,,5YMTS0C09M9F66303,,9F66303,2MK,,,"Jan 20, 2021",,USA,"Georgian BMW, Barrie, CA",,,,,,,,
C28 - Donington Grey Metallic,F97,MAH7 - Black Vernasca Leather,,5YMTS0C08M9F66440,,9F66440,2MK,,,"Jan 20, 2021",,USA,"Habberstad BMW, Huntington Station, US",,,,,,,,
475 - Black Sapphire Metallic,F97,LKSW - Black Extended Merino Leather,,5YMTS0C00M9F66481,,9F66481,2MK,,,"Jan 20, 2021",,USA,"BMW St. John's, St. John's, CA",,,,,,,,
475 - Black Sapphire Metallic,F97,MAH7 - Black Vernasca Leather,,5YMTS0C03M9F66524,,9F66524,2MK,,,"Jan 20, 2021",,USA,"Princeton BMW, Hamilton, US",,,,,,,,
C1M - Phytonic Blue Metallic,F97,HDJA - Black/Midrand Beige Two-Tone Merino Leather / Alcantara,,5YMTS0C00M9F66741,,9F66741,2MK,,,"Jan 21, 2021",,USA,"BMW of Fort Lauderdale, Fort Lauderdale, US",,,,,,,,
475 - Black Sapphire Metallic,F97,LKDA - Sakhir Orange Extended Merino Leather,,5YMTS0C06M9F66808,,9F66808,2MK,,,"Jan 21, 2021",,USA,"Pacific BMW, Glendale, US",,,,,,,,
C28 - Donington Grey Metallic,F97,LKHV - Adelaide Grey Extended Merino Leather,,5YMTS0C03M9F68192,,9F68192,2MK,,,"Jan 21, 2021",,USA,"BMW of Fort Lauderdale, Fort Lauderdale, US",,,,,,,,
300 - Alpine White,F97,LKSW - Black Extended Merino Leather,,5YMTS0C00M9F68294,,9F68294,2MK,,,"Jan 21, 2021",,USA,"BMW North Scottsdale, Phoenix, US",,,,,,,,
300 - Alpine White,F97,LKSW - Black Extended Merino Leather,,5YMTS0C03M9F68385,,9F68385,2MK,,,"Jan 21, 2021",,USA,"BMW of Houston Midtown, Houston, US",,,,,,,,
,F97,LKDA - Sakhir Orange Extended Merino Leather,,5YMTS0C02M9F68457,,9F68457,2MK,,,"Jan 21, 2021",,USA,"Valley BMW, Modesto, US",,,,,,,,
,F97,LKSW - Black Extended Merino Leather,,5YMTS0C08M9F68558,,9F68558,2MK,,,"Jan 21, 2021",,USA,"BMW of Minnetonka, Minnetonka, US",,,,,,,,
A90 - Dark Graphite Metallic,F97,LKSW - Black Extended Merino Leather,,5YMTS0C03M9F68600,,9F68600,2MK,,,"Jan 21, 2021",,USA,"Weatherford BMW, Berkeley, US",,,,,,,,
300 - Alpine White,F97,LKHV - Adelaide Grey Extended Merino Leather,,5YMTS0C03M9F68709,,9F68709,2MK,,,"Jan 22, 2021",,USA,"Tulley BMW, Nashua, US",,,,,,,,
475 - Black Sapphire Metallic,F97,MAH7 - Black Vernasca Leather,,5YMTS0C04M9F68735,,9F68735,2MK,,,"Jan 22, 2021",,USA,"BMW of Fairfax, Fairfax, US",,,,,,,,
475 - Black Sapphire Metallic,F97,LKDA - Sakhir Orange Extended Merino Leather,,5YMTS0C09M9F70187,,9F70187,2MK,,,"Jan 22, 2021",,USA,"BMW of Towson, Towson, US",,,,,,,,
300 - Alpine White,F97,LKDA - Sakhir Orange Extended Merino Leather,,5YMTS0C0XM9F70229,,9F70229,2MK,,,"Jan 22, 2021",,USA,"BMW Concord, Concord, US",,,,,,,,
C3G - Toronto Red Metallic,F97,MAH7 - Black Vernasca Leather,,5YMTS0C04M9F70324,,9F70324,2MK,,,"Jan 24, 2021",,USA,"Richmond BMW, Richmond, US",,,,,,,,
A90 - Dark Graphite Metallic,F97,LKDA - Sakhir Orange Extended Merino Leather,,5YMTS0C00M9F70367,,9F70367,2MK,,,"Jan 22, 2021",,USA,"BMW of Newport, Middletown, US",,,,,,,,
A90 - Dark Graphite Metallic,F97,VATQ - BMW Individual Tartufo Extended Merino Leather,,5YMTS0C02M9F70547,,9F70547,2MK,,,"Jan 22, 2021",,USA,"BMW of Alexandria, Alexandria, US",,,,,,,,
300 - Alpine White,F97,LKSW - Black Extended Merino Leather,,5YMTS0C07M9F70589,,9F70589,2MK,,,"Jan 22, 2021",,USA,"United BMW, Alpharetta, US",,,,,,,,
C1M - Phytonic Blue Metallic,F97,LKDA - Sakhir Orange Extended Merino Leather,,5YMTS0C07M9F71631,,9F71631,2MK,,,"Jan 23, 2021",,USA,"Union Park BMW, Wilmington, US",,,,,,,,
300 - Alpine White,F97,LKHV - Adelaide Grey Extended Merino Leather,,5YMTS0C04M9F71716,,9F71716,2MK,,,"Jan 24, 2021",,USA,"Stevens Creek BMW, Santa Clara, US",,,,,,,,
C1M - Phytonic Blue Metallic,F97,LKSW - Black Extended Merino Leather,,5YMTS0C09M9F71792,,9F71792,2MK,,,"Jan 24, 2021",,USA,"BMW of San Rafael, San Rafael, US",,,,,,,,
300 - Alpine White,F97,MAH7 - Black Vernasca Leather,,5YMTS0C0XM9F71879,,9F71879,2MK,,,"Jan 25, 2021",,USA,"Stevens Creek BMW, Santa Clara, US",,,,,,,,
A90 - Dark Graphite Metallic,F97,VAEW - BMW Individual Ivory White Extended Merino Leather,,5YMTS0C05M9F71921,,9F71921,2MK,,,"Jan 25, 2021",,USA,"Classic BMW, Plano, US",,,,,,,,
C28 - Donington Grey Metallic,F97,VATQ - BMW Individual Tartufo Extended Merino Leather,,5YMTS0C01M9F71947,,9F71947,2MK,,,"Jan 25, 2021",,USA,"United BMW, Alpharetta, US",,,,,,,,
C28 - Donington Grey Metallic,F97,HDJA - Black/Midrand Beige Two-Tone Merino Leather / Alcantara,,5YMTS0C09M9F76992,,9F76992,2MK,,,"Jan 25, 2021",,USA,"Motorwerks BMW, Bloomington, US",,,,,,,,
C28 - Donington Grey Metallic,F97,VATQ - BMW Individual Tartufo Extended Merino Leather,,5YMTS0C00M9F77058,,9F77058,2MK,,,"Jan 25, 2021",,USA,"Sewickley BMW, Sewickley, US",,,,,,,,
C3G - Toronto Red Metallic,F97,LKHV - Adelaide Grey Extended Merino Leather,,5YMTS0C05M9F77086,,9F77086,2MK,,,"Jan 26, 2021",,USA,"Nevada Auto Auction, Las Vegas, US",,,,,,,,
C28 - Donington Grey Metallic,F97,MAH7 - Black Vernasca Leather,,5YMTS0C08M9F77132,,9F77132,2MK,,,"Jan 25, 2021",,USA,"BMW of Fairfax, Fairfax, US",,,,,,,,
475 - Black Sapphire Metallic,F97,LKHV - Adelaide Grey Extended Merino Leather,,5YMTS0C06M9F78182,,9F78182,2MK,,,"Jan 25, 2021",,USA,"Burdick BMW, Cicero, US",,,,,,,,
475 - Black Sapphire Metallic,F97,VATQ - BMW Individual Tartufo Extended Merino Leather,,5YMTS0C00M9F78260,,9F78260,2MK,,,"Jan 26, 2021",,USA,"BMW of the Permian Basin, Midland, US",,,,,,,,
C28 - Donington Grey Metallic,F97,LKDA - Sakhir Orange Extended Merino Leather,,5YMTS0C00M9F78355,,9F78355,2MK,,,"Jan 26, 2021",,USA,"Peter Pan BMW, Burlingame, US",,,,,,,,
475 - Black Sapphire Metallic,F97,HDJA - Black/Midrand Beige Two-Tone Merino Leather / Alcantara,,5YMTS0C04M9F78388,,9F78388,2MK,,,"Jan 26, 2021",,USA,"New Century BMW, Alhambra, US",,,,,,,,
475 - Black Sapphire Metallic,F97,LKSW - Black Extended Merino Leather,,5YMTS0C01M9F78462,,9F78462,2MK,,,"Jan 26, 2021",,USA,"BMW of Manhasset, Manhasset, US",,,,,,,,
475 - Black Sapphire Metallic,F97,LKSW - Black Extended Merino Leather,,5YMTS0C00M9F78694,,9F78694,2MK,,,"Jan 26, 2021",,USA,"BMW Portland, Portland, US",,,,,,,,
300 - Alpine White,F97,LKDA - Sakhir Orange Extended Merino Leather,,5YMTS0C09M9F79729,,9F79729,2MK,,,"Jan 26, 2021",,USA,"BMW Ville de Quebec, Quebec City, CA",,,,,,,,
475 - Black Sapphire Metallic,F97,LKSW - Black Extended Merino Leather,,5YMTS0C04M9F79962,,9F79962,2MK,,,"Jan 27, 2021",,USA,"Baron BMW/MINI, Merriam, US",,,,,,,,
C28 - Donington Grey Metallic,F97,LKSW - Black Extended Merino Leather,,5YMTS0C0XM9F80078,,9F80078,2MK,,,"Jan 27, 2021",,USA,"Autobahn Motorcars, Fort Worth, US",,,,,,,,
C3G - Toronto Red Metallic,F97,HDJA - Black/Midrand Beige Two-Tone Merino Leather / Alcantara,,5YMTS0C07M9F80300,,9F80300,2MK,,,"Jan 27, 2021",,USA,"BMW of Idaho Falls, Idaho Falls, US",,,,,,,,
475 - Black Sapphire Metallic,F97,MAH7 - Black Vernasca Leather,,5YMTS0C01M9F80339,,9F80339,2MK,,,"Jan 27, 2021",,USA,"BMW of Sudbury, Sudbury, US",,,,,,,,
300 - Alpine White,F97,LKSW - Black Extended Merino Leather,,5YMTS0C07M9F81706,,9F81706,2MK,,,"Jan 27, 2021",,USA,"Sharpe BMW, Grand Rapids, US",,,,,,,,
475 - Black Sapphire Metallic,F97,LKDA - Sakhir Orange Extended Merino Leather,,5YMTS0C02M9F81774,,9F81774,2MK,,,"Jan 27, 2021",,USA,"New Country BMW, Hartford, US",,,,,,,,
475 - Black Sapphire Metallic,F97,LKSW - Black Extended Merino Leather,,5YMTS0C09M9F81884,,9F81884,2MK,,,"Jan 28, 2021",,USA,"BMW of Fort Lauderdale, Fort Lauderdale, US",,,,,,,,
C28 - Donington Grey Metallic,F97,LKDA - Sakhir Orange Extended Merino Leather,,5YMTS0C08M9F81956,,9F81956,2MK,,,"Jan 28, 2021",,USA,"BMW of Roxbury, Kenvil, US",,,,,,,,
300 - Alpine White,F97,VATQ - BMW Individual Tartufo Extended Merino Leather,,5YMTS0C04M9F81999,,9F81999,2MK,,,"Jan 28, 2021",,USA,"A & L BMW, Monroeville, US",,,,,,,,
C28 - Donington Grey Metallic,F97,LKSW - Black Extended Merino Leather,,5YMTS0C08M9F82069,,9F82069,2MK,,,"Jan 28, 2021",,USA,"The BMW Store, Vancouver, CA",,,,,,,,
C28 - Donington Grey Metallic,F97,MAH7 - Black Vernasca Leather,,5YMTS0C01M9F82107,,9F82107,2MK,,,"Jan 28, 2021",,USA,"Open Road BMW, Edison, US",,,,,,,,
475 - Black Sapphire Metallic,F97,LKHV - Adelaide Grey Extended Merino Leather,,5YMTS0C00M9F82146,,9F82146,2MK,,,"Jan 28, 2021",,USA,"BMW of Sarasota, Sarasota, US",,,,,,,,
475 - Black Sapphire Metallic,F97,HDJA - Black/Midrand Beige Two-Tone Merino Leather / Alcantara,,5YMTS0C0XM9F82218,,9F82218,2MK,,,"Jan 28, 2021",,USA,"BMW of Minnetonka, Minnetonka, US",,,,,,,,
C28 - Donington Grey Metallic,F97,LKSW - Black Extended Merino Leather,,5YMTS0C02M9F82259,,9F82259,2MK,,,"Jan 28, 2021",,USA,"Erhard BMW of Bloomfield Hills, Bloomfield Hills, US",,,,,,,,
A90 - Dark Graphite Metallic,F97,MAH7 - Black Vernasca Leather,,5YMTS0C0XM9F82395,,9F82395,2MK,,,"Jan 28, 2021",,USA,"Union Park BMW, Wilmington, US",,,,,,,,
475 - Black Sapphire Metallic,F97,LKSW - Black Extended Merino Leather,,5YMTS0C08M9F82461,,9F82461,2MK,,,"Jan 28, 2021",,USA,"BMW North Scottsdale, Phoenix, US",,,,,,,,
C28 - Donington Grey Metallic,F97,LKSW - Black Extended Merino Leather,,5YMTS0C09M9F82503,,9F82503,2MK,,,"Jan 29, 2021",,USA,"Union Park BMW, Wilmington, US",,,,,,,,
300 - Alpine White,F97,LKSW - Black Extended Merino Leather,,5YMTS0C03M9F82657,,9F82657,2MK,,,"Jan 29, 2021",,USA,"Fields BMW, Winter Park, US",,,,,,,,
C28 - Donington Grey Metallic,F97,LKSW - Black Extended Merino Leather,,5YMTS0C06M9F84287,,9F84287,2MK,,,"Jan 29, 2021",,USA,"Richmond BMW, Richmond, US",,,,,,,,
C28 - Donington Grey Metallic,F97,LKDA - Sakhir Orange Extended Merino Leather,,5YMTS0C00M9F84365,,9F84365,2MK,,,"Jan 29, 2021",,USA,"BMW of Greenwich, Greenwich, US",,,,,,,,
C28 - Donington Grey Metallic,F97,LKSW - Black Extended Merino Leather,,5YMTS0C00M9F84429,,9F84429,2MK,,,"Jan 29, 2021",,USA,"Hendrick BMW, Charlotte, US",,,,,,,,
C28 - Donington Grey Metallic,F97,LKDA - Sakhir Orange Extended Merino Leather,,5YMTS0C08M9F84470,,9F84470,2MK,,,"Jan 29, 2021",,USA,"Patrick BMW, Schaumburg, US",,,,,,,,
475 - Black Sapphire Metallic,F97,LKDA - Sakhir Orange Extended Merino Leather,,5YMTS0C09M9F84512,,9F84512,2MK,,,"Jan 29, 2021",,USA,"Fields BMW, Winter Park, US",,,,,,,,
C28 - Donington Grey Metallic,F97,VATQ - BMW Individual Tartufo Extended Merino Leather,,5YMTS0C07M9F84623,,9F84623,2MK,,,"Jan 29, 2021",,USA,"BMW of Palm Springs, Palm Springs, US",,,,,,,,
C28 - Donington Grey Metallic,F97,VAEW - BMW Individual Ivory White Extended Merino Leather,,5YMTS0C09M9F84767,,9F84767,2MK,,,"Jan 30, 2021",,USA,"Germain BMW of Naples, Naples, US",,,,,,,,
C28 - Donington Grey Metallic,F97,LKSW - Black Extended Merino Leather,,5YMTS0C0XM9F84826,,9F84826,2MK,,,"Jan 31, 2021",,USA,"BMW North Scottsdale, Phoenix, US",,,,,,,,
C28 - Donington Grey Metallic,F97,LKSW - Black Extended Merino Leather,,5YMTS0C04M9F84904,,9F84904,2MK,,,"Jan 31, 2021",,USA,"BMW of Sarasota, Sarasota, US",,,,,,,,
C28 - Donington Grey Metallic,F97,HDJA - Black/Midrand Beige Two-Tone Merino Leather / Alcantara,,5YMTS0C07M9F84945,,9F84945,2MK,,,"Feb 1, 2021",,USA,"Braman BMW/Braman MINI of Miami, Miami, US",,,,,,,,
C28 - Donington Grey Metallic,F97,LKDA - Sakhir Orange Extended Merino Leather,,5YMTS0C09M9F85868,,9F85868,2MK,,,"Feb 1, 2021",,USA,"Fields BMW, Winter Park, US",,,,,,,,
300 - Alpine White,F97,VATQ - BMW Individual Tartufo Extended Merino Leather,,5YMTS0C04M9F85888,,9F85888,2MK,,,"Feb 1, 2021",,USA,"BMW of Mountain View, Mountain View, US",,,,,,,,
475 - Black Sapphire Metallic,F97,LKSW - Black Extended Merino Leather,,5YMTS0C07M9F85979,,9F85979,2MK,,,"Feb 1, 2021",,USA,"Reeves Import Motorcars, Inc., Tampa, US",,,,,,,,
300 - Alpine White,F97,LKDA - Sakhir Orange Extended Merino Leather,,5YMTS0C09M9F86163,,9F86163,2MK,,,"Feb 1, 2021",,USA,"Braman BMW/Braman MINI of Miami, Miami, US",,,,,,,,
300 - Alpine White,F97,LKDA - Sakhir Orange Extended Merino Leather,,5YMTS0C04M9F86183,,9F86183,2MK,,,"Feb 1, 2021",,USA,"Braman Motorcars/Braman MINI of Pal, West Palm Beach, US",,,,,,,,
300 - Alpine White,F97,LKDA - Sakhir Orange Extended Merino Leather,,5YMTS0C02M9F86229,,9F86229,2MK,,,"Feb 1, 2021",,USA,"United BMW, Alpharetta, US",,,,,,,,
C28 - Donington Grey Metallic,F97,LKDA - Sakhir Orange Extended Merino Leather,,5YMTS0C08M9F86283,,9F86283,2MK,,,"Feb 1, 2021",,USA,"United BMW, Alpharetta, US",,,,,,,,
475 - Black Sapphire Metallic,F97,LKDA - Sakhir Orange Extended Merino Leather,,5YMTS0C05M9F86306,,9F86306,2MK,,,"Feb 1, 2021",,USA,"BMW of Akron, Akron, US",,,,,,,,
A90 - Dark Graphite Metallic,F97,MAH7 - Black Vernasca Leather,,5YMTS0C04M9F86393,,9F86393,2MK,,,"Feb 1, 2021",,USA,"Princeton BMW, Hamilton, US",,,,,,,,
300 - Alpine White,F97,LKDA - Sakhir Orange Extended Merino Leather,,5YMTS0C07M9F86419,,9F86419,2MK,,,"Feb 1, 2021",,USA,"BMW of Barrington, Barrington, US",,,,,,,,
C1M - Phytonic Blue Metallic,F97,LKHV - Adelaide Grey Extended Merino Leather,,5YMTS0C03M9F86451,,9F86451,2MK,,,"Feb 1, 2021",,USA,"Chapman BMW, Chandler, US",,,,,,,,
C28 - Donington Grey Metallic,F97,LKSW - Black Extended Merino Leather,,5YMTS0C00M9F86505,,9F86505,2MK,,,"Feb 2, 2021",,USA,"Baron BMW/MINI, Merriam, US",,,,,,,,
C28 - Donington Grey Metallic,F97,HDJA - Black/Midrand Beige Two-Tone Merino Leather / Alcantara,,5YMTS0C08M9F87482,,9F87482,2MK,,,"Feb 2, 2021",,USA,"BMW of Honolulu, Honolulu, US",,,,,,,,
300 - Alpine White,F97,HDJA - Black/Midrand Beige Two-Tone Merino Leather / Alcantara,,5YMTS0C01M9F87596,,9F87596,2MK,,,"Feb 2, 2021",,USA,"Circle BMW, Eatontown, US",,,,,,,,
A90 - Dark Graphite Metallic,F97,LKDA - Sakhir Orange Extended Merino Leather,,5YMTS0C0XM9F87628,,9F87628,2MK,,,"Feb 2, 2021",,USA,"Competition BMW of Smithtown, Saint James, US",,,,,,,,
A90 - Dark Graphite Metallic,F97,LKSW - Black Extended Merino Leather,,5YMTS0C08M9F87661,,9F87661,2MK,,,"Feb 2, 2021",,USA,"BMW of Austin, Austin, US",,,,,,,,
300 - Alpine White,F97,MAOQ - Oyster Vernasca Leather,,5YMTS0C07M9F87683,,9F87683,2MK,,,"Feb 2, 2021",,USA,"BMW of Springfield, Springfield, US",,,,,,,,
A90 - Dark Graphite Metallic,F97,LKSW - Black Extended Merino Leather,,5YMTS0C03M9F87714,,9F87714,2MK,,,"Feb 2, 2021",,USA,"BMW Toronto, Toronto, CA",,,,,,,,
300 - Alpine White,F97,VATQ - BMW Individual Tartufo Extended Merino Leather,,5YMTS0C02M9F87736,,9F87736,2MK,,,"Feb 2, 2021",,USA,"Reeves Import Motorcars, Inc., Tampa, US",,,,,,,,
475 - Black Sapphire Metallic,F97,LKSW - Black Extended Merino Leather,,5YMTS0C09M9F87877,,9F87877,2MK,,,"Feb 2, 2021",,USA,"BMW Montreal Centre, Montreal, CA",,,,,,,,
475 - Black Sapphire Metallic,F97,LKSW - Black Extended Merino Leather,,5YMTS0C04M9F88032,,9F88032,2MK,,,"Feb 2, 2021",,USA,"Orange County BMW, Harriman, US",,,,,,,,
475 - Black Sapphire Metallic,F97,LKSW - Black Extended Merino Leather,,5YMTS0C00M9F88092,,9F88092,2MK,,,"Feb 3, 2021",,USA,"Autobahn Motorcars, Fort Worth, US",,,,,,,,
C28 - Donington Grey Metallic,F97,LKDA - Sakhir Orange Extended Merino Leather,,5YMTS0C02M9F91012,,9F91012,2MK,,,"Feb 3, 2021",,USA,"Braman BMW/Braman MINI of Miami, Miami, US",,,,,,,,
475 - Black Sapphire Metallic,F97,LKHV - Adelaide Grey Extended Merino Leather,,5YMTS0C00M9F91123,,9F91123,2MK,,,"Feb 3, 2021",,USA,"Bavarian Motor Cars GmbH, Würzburg, DE",,,,,,,,
300 - Alpine White,F97,LKDA - Sakhir Orange Extended Merino Leather,,5YMTS0C06M9F91143,,9F91143,2MK,,,"Feb 3, 2021",,USA,"Braman BMW/Braman MINI of Miami, Miami, US",,,,,,,,
475 - Black Sapphire Metallic,F97,VATQ - BMW Individual Tartufo Extended Merino Leather,,5YMTS0C0XM9F91176,,9F91176,2MK,,,"Feb 3, 2021",,USA,"BMW of Peabody, Peabody, US",,,,,,,,
C3G - Toronto Red Metallic,F97,LKHV - Adelaide Grey Extended Merino Leather,,5YMTS0C08M9F91368,,9F91368,2MK,,,"Feb 3, 2021",,USA,"BMW of Silver Spring, Silver Spring, US",,,,,,,,
C28 - Donington Grey Metallic,F97,LKSW - Black Extended Merino Leather,,5YMTS0C01M9F91406,,9F91406,2MK,,,"Feb 3, 2021",,USA,"BMW Durham, Ajax, CA",,,,,,,,
C1M - Phytonic Blue Metallic,F97,LKDA - Sakhir Orange Extended Merino Leather,,5YMTS0C05M9F91506,,9F91506,2MK,,,"Feb 3, 2021",,USA,"Park Avenue BMW, Rochelle Park, US",,,,,,,,
475 - Black Sapphire Metallic,F97,LKSW - Black Extended Merino Leather,,5YMTS0C08M9F91578,,9F91578,2MK,,,"Feb 4, 2021",,USA,"United BMW, Alpharetta, US",,,,,,,,
C28 - Donington Grey Metallic,F97,LKSW - Black Extended Merino Leather,,5YMTS0C01M9F91602,,9F91602,2MK,,,"Feb 4, 2021",,USA,"BMW Ville de Quebec, Quebec City, CA",,,,,,,,
475 - Black Sapphire Metallic,F97,LKSW - Black Extended Merino Leather,,5YMTS0C07M9F91636,,9F91636,2MK,,,"Feb 4, 2021",,USA,"South Bay BMW, Torrance, US",,,,,,,,
300 - Alpine White,F97,LKSW - Black Extended Merino Leather,,5YMTS0C09M9F91671,,9F91671,2MK,,,"Feb 4, 2021",,USA,"BMW of Chattanooga, Chattanooga, US",,,,,,,,
300 - Alpine White,F97,LKDA - Sakhir Orange Extended Merino Leather,,5YMTS0C08M9F91693,,9F91693,2MK,,,"Feb 4, 2021",,USA,"BMW Portland, Portland, US",,,,,,,,
300 - Alpine White,F97,LKSW - Black Extended Merino Leather,,5YMTS0C04M9F91724,,9F91724,2MK,,,"Feb 4, 2021",,USA,"BMW of Columbia, Columbia, US",,,,,,,,
C28 - Donington Grey Metallic,F97,LKSW - Black Extended Merino Leather,,5YMTS0C0XM9F91744,,9F91744,2MK,,,"Feb 4, 2021",,USA,"Otto's BMW, Ottawa, CA",,,,,,,,
C28 - Donington Grey Metallic,F97,LKDA - Sakhir Orange Extended Merino Leather,,5YMTS0C07M9F91815,,9F91815,2MK,,,"Feb 4, 2021",,USA,"BMW of Manhattan, New York, US",,,,,,,,
C28 - Donington Grey Metallic,F97,LKSW - Black Extended Merino Leather,,5YMTS0C09M9F91847,,9F91847,2MK,,,"Feb 4, 2021",,USA,"Valencia BMW, Valencia, US",,,,,,,,
300 - Alpine White,F97,HDJA - Black/Midrand Beige Two-Tone Merino Leather / Alcantara,,5YMTS0C07M9F93144,,9F93144,2MK,,,"Feb 4, 2021",,USA,"BMW of Fort Wayne, Fort Wayne, US",,,,,,,,
300 - Alpine White,F97,LKHV - Adelaide Grey Extended Merino Leather,,5YMTS0C06M9F93166,,9F93166,2MK,,,"Feb 4, 2021",,USA,"BMW of Manhasset, Manhasset, US",,,,,,,,
300 - Alpine White,F97,LKDA - Sakhir Orange Extended Merino Leather,,5YMTS0C05M9F93224,,9F93224,2MK,,,"Feb 4, 2021",,USA,"South Bay BMW, Torrance, US",,,,,,,,
A90 - Dark Graphite Metallic,F97,LKDA - Sakhir Orange Extended Merino Leather,,5YMTS0C01M9F93320,,9F93320,2MK,,,"Feb 4, 2021",,USA,"Continental BMW of Darien, Darien, US",,,,,,,,
300 - Alpine White,F97,LKDA - Sakhir Orange Extended Merino Leather,,5YMTS0C09M9F93355,,9F93355,2MK,,,"Feb 4, 2021",,USA,"East Bay BMW, Pleasanton, US",,,,,,,,
300 - Alpine White,F97,LKDA - Sakhir Orange Extended Merino Leather,,5YMTS0C08M9F93413,,9F93413,2MK,,,"Feb 5, 2021",,USA,"BMW of Murray, Murray, US",,,,,,,,
A90 - Dark Graphite Metallic,F97,VATQ - BMW Individual Tartufo Extended Merino Leather,,5YMTS0C03M9F93612,,9F93612,2MK,,,"Feb 5, 2021",,USA,"BMW of Stratham, Stratham, US",,,,,,,,
475 - Black Sapphire Metallic,F97,LKDA - Sakhir Orange Extended Merino Leather,,5YMTS0C00M9F93633,,9F93633,2MK,,,"Feb 5, 2021",,USA,"Braman Motorcars/Braman MINI of Pal, West Palm Beach, US",,,,,,,,
300 - Alpine White,F97,LKDA - Sakhir Orange Extended Merino Leather,,5YMTS0C02M9F93665,,9F93665,2MK,,,"Feb 5, 2021",,USA,"New Country BMW, Hartford, US",,,,,,,,
C1M - Phytonic Blue Metallic,F97,LKDA - Sakhir Orange Extended Merino Leather,,5YMTS0C0XM9F93722,,9F93722,2MK,,,"Feb 5, 2021",,USA,"BMW of Buena Park, Buena Park, US",,,,,,,,
300 - Alpine White,F97,LKDA - Sakhir Orange Extended Merino Leather,,5YMTS0C02M9F93746,,9F93746,2MK,,,"Feb 5, 2021",,USA,"Pacific BMW, Glendale, US",,,,,,,,
300 - Alpine White,F97,LKSW - Black Extended Merino Leather,,5YMTS0C07M9F93807,,9F93807,2MK,,,"Feb 5, 2021",,USA,"Peter Pan BMW, Burlingame, US",,,,,,,,
C28 - Donington Grey Metallic,F97,VATQ - BMW Individual Tartufo Extended Merino Leather,,5YMTS0C06M9F93913,,9F93913,2MK,,,"Feb 5, 2021",,USA,"BMW of Minnetonka, Minnetonka, US",,,,,,,,
475 - Black Sapphire Metallic,F97,LKSW - Black Extended Merino Leather,,5YMTS0C09M9F93968,,9F93968,2MK,,,"Feb 5, 2021",,USA,"Vista BMW, Coconut Creek, US",,,,,,,,
C28 - Donington Grey Metallic,F97,LKHV - Adelaide Grey Extended Merino Leather,,5YMTS0C05M9F94003,,9F94003,2MK,,,"Feb 5, 2021",,USA,"BMW of Monterey, Seaside, US",,,,,,,,
C28 - Donington Grey Metallic,F97,LKHV - Adelaide Grey Extended Merino Leather,,5YMTS0C05M9F94065,,9F94065,2MK,,,"Feb 5, 2021",,USA,"BMW of Columbia, Columbia, US",,,,,,,,
475 - Black Sapphire Metallic,F97,LKSW - Black Extended Merino Leather,,5YMTS0C01M9F94208,,9F94208,2MK,,,"Feb 6, 2021",,USA,"Otto's BMW, West Chester, US",,,,,,,,
300 - Alpine White,F97,LKDA - Sakhir Orange Extended Merino Leather,,5YMTS0C08M9F94268,,9F94268,2MK,,,"Feb 8, 2021",,USA,"BMW of Silver Spring, Silver Spring, US",,,,,,,,
C28 - Donington Grey Metallic,F97,LKDA - Sakhir Orange Extended Merino Leather,,5YMTS0C09M9F94294,,9F94294,2MK,,,"Feb 8, 2021",,USA,"BMW of Toledo, Toledo, US",,,,,,,,
475 - Black Sapphire Metallic,F97,LKSW - Black Extended Merino Leather,,5YMTS0C05M9F94325,,9F94325,2MK,,,"Feb 8, 2021",,USA,"Germain BMW of Naples, Naples, US",,,,,,,,
475 - Black Sapphire Metallic,F97,HDJA - Black/Midrand Beige Two-Tone Merino Leather / Alcantara,,5YMTS0C02M9F94380,,9F94380,2MK,,,"Feb 8, 2021",,USA,"BMW Performance Center (SC), Greer, US",,,,,,,,
300 - Alpine White,F97,VAEW - BMW Individual Ivory White Extended Merino Leather,,5YMTS0C02M9F95562,,9F95562,2MK,,,"Feb 8, 2021",,USA,"Competition BMW of Smithtown, Saint James, US",,,,,,,,
C1M - Phytonic Blue Metallic,F97,VATQ - BMW Individual Tartufo Extended Merino Leather,,5YMTS0C04M9F95627,,9F95627,2MK,,,"Feb 8, 2021",,USA,"Hendrick BMW, Charlotte, US",,,,,,,,
475 - Black Sapphire Metallic,F97,MAH7 - Black Vernasca Leather,,5YMTS0C09M9F95686,,9F95686,2MK,,,"Feb 8, 2021",,USA,"Basney BMW, South Bend, US",,,,,,,,
A90 - Dark Graphite Metallic,F97,LKHV - Adelaide Grey Extended Merino Leather,,5YMTS0C00M9F95723,,9F95723,2MK,,,"Feb 9, 2021",,USA,"Karl Knauz Motors, Lake Bluff, US",,,,,,,,
C3G - Toronto Red Metallic,F97,LKHV - Adelaide Grey Extended Merino Leather,,5YMTS0C07M9F95749,,9F95749,2MK,,,"Feb 9, 2021",,USA,"Braman Motorcars/Braman MINI of Pal, West Palm Beach, US",,,,,,,,
C28 - Donington Grey Metallic,F97,LKDA - Sakhir Orange Extended Merino Leather,,5YMTS0C05M9F95779,,9F95779,2MK,,,"Feb 9, 2021",,USA,"BMW of Sudbury, Sudbury, US",,,,,,,,
475 - Black Sapphire Metallic,F97,LKDA - Sakhir Orange Extended Merino Leather,,5YMTS0C08M9F95887,,9F95887,2MK,,,"Feb 9, 2021",,USA,"Chapman BMW, Chandler, US",,,,,,,,
C3G - Toronto Red Metallic,F97,LKSW - Black Extended Merino Leather,,5YMTS0C06M9F96116,,9F96116,2MK,,,"Feb 9, 2021",,USA,"BMW of Gwinnett Place, Duluth, US",,,,,,,,
300 - Alpine White,F97,LKDA - Sakhir Orange Extended Merino Leather,,5YMTS0C04M9F96146,,9F96146,2MK,,,"Feb 9, 2021",,USA,"Fields BMW, Winter Park, US",,,,,,,,
C3G - Toronto Red Metallic,F97,LKHV - Adelaide Grey Extended Merino Leather,,5YMTS0C0XM9F98032,,9F98032,2MK,,,"Feb 9, 2021",,USA,"Braman Motorcars/Braman MINI of Pal, West Palm Beach, US",,,,,,,,
C1M - Phytonic Blue Metallic,F97,LKHV - Adelaide Grey Extended Merino Leather,,5YMTS0C00M9F98329,,9F98329,2MK,,,"Feb 10, 2021",,USA,"Arrowhead BMW, Glendale, US",,,,,,,,
A90 - Dark Graphite Metallic,F97,VATQ - BMW Individual Tartufo Extended Merino Leather,,5YMTS0C06M9F98397,,9F98397,2MK,,,"Feb 10, 2021",,USA,"BMW of West Houston, Houston, US",,,,,,,,
C28 - Donington Grey Metallic,F97,LKSW - Black Extended Merino Leather,,5YMTS0C08M9F98451,,9F98451,2MK,,,"Feb 10, 2021",,USA,"Stevens Creek BMW, Santa Clara, US",,,,,,,,
300 - Alpine White,F97,LKHV - Adelaide Grey Extended Merino Leather,,5YMTS0C05M9F98505,,9F98505,2MK,,,"Feb 10, 2021",,USA,"Crevier BMW, Santa Ana, US",,,,,,,,
A90 - Dark Graphite Metallic,F97,LKSW - Black Extended Merino Leather,,5YMTS0C06M9F98528,,9F98528,2MK,,,"Feb 10, 2021",,USA,"Stevens Creek BMW, Santa Clara, US",,,,,,,,
C28 - Donington Grey Metallic,F97,HDJA - Black/Midrand Beige Two-Tone Merino Leather / Alcantara,,5YMTS0C06M9F98562,,9F98562,2MK,,,"Feb 10, 2021",,USA,"Athens BMW, Athens, US",,,,,,,,
A90 - Dark Graphite Metallic,F97,HDJA - Black/Midrand Beige Two-Tone Merino Leather / Alcantara,,5YMTS0C09M9F98586,,9F98586,2MK,,,"Feb 10, 2021",,USA,"Irvine BMW, Irvine, US",,,,,,,,
C28 - Donington Grey Metallic,F97,LKDA - Sakhir Orange Extended Merino Leather,,5YMTS0C00M9F98623,,9F98623,2MK,,,"Feb 10, 2021",,USA,"BMW of Sioux Falls, Sioux Falls, US",,,,,,,,
A90 - Dark Graphite Metallic,F97,LKSW - Black Extended Merino Leather,,5YMTS0C02M9F98817,,9F98817,2MK,,,"Feb 10, 2021",,USA,"BMW of Newton, Newton, US",,,,,,,,
475 - Black Sapphire Metallic,F97,LKSW - Black Extended Merino Leather,,5YMTS0C09M9F98846,,9F98846,2MK,,,"Feb 10, 2021",,USA,"South Bay BMW, Torrance, US",,,,,,,,
475 - Black Sapphire Metallic,F97,LKHV - Adelaide Grey Extended Merino Leather,,5YMTS0C02M9F98879,,9F98879,2MK,,,"Feb 11, 2021",,USA,"BMW of Mountain View, Mountain View, US",,,,,,,,
300 - Alpine White,F97,LKSW - Black Extended Merino Leather,,5YMTS0C03M9F99104,,9F99104,2MK,,,"Feb 11, 2021",,USA,"United BMW, Alpharetta, US",,,,,,,,
A90 - Dark Graphite Metallic,F97,LKDA - Sakhir Orange Extended Merino Leather,,5YMTS0C0XM9F99147,,9F99147,2MK,,,"Feb 11, 2021",,USA,"BMW of Anchorage, Anchorage, US",,,,,,,,
475 - Black Sapphire Metallic,F97,LKSW - Black Extended Merino Leather,,5YMTS0C0XM9F99181,,9F99181,2MK,,,"Feb 11, 2021",,USA,"Erhard BMW of Bloomfield Hills, Bloomfield Hills, US",,,,,,,,
475 - Black Sapphire Metallic,F97,LKSW - Black Extended Merino Leather,,5YMTS0C09M9F99236,,9F99236,2MK,,,"Feb 11, 2021",,USA,"BMW of Arlington, Arlington, US",,,,,,,,
A90 - Dark Graphite Metallic,F97,LKSW - Black Extended Merino Leather,,5YMTS0C03M9F99295,,9F99295,2MK,,,"Feb 11, 2021",,USA,"Braman Motorcars/Braman MINI of Pal, West Palm Beach, US",,,,,,,,
A90 - Dark Graphite Metallic,F97,MAH7 - Black Vernasca Leather,,5YMTS0C00M9F99321,,9F99321,2MK,,,"Feb 11, 2021",,USA,"Nalley BMW of Decatur, Decatur, US",,,,,,,,
300 - Alpine White,F97,VATQ - BMW Individual Tartufo Extended Merino Leather,,5YMTS0C04M9F99354,,9F99354,2MK,,,"Feb 11, 2021",,USA,"BMW of Fort Washington, Dresher, US",,,,,,,,
A90 - Dark Graphite Metallic,F97,LKSW - Black Extended Merino Leather,,5YMTS0C00M9F99481,,9F99481,2MK,,,"Feb 11, 2021",,USA,"Kelly BMW, Columbus, US",,,,,,,,
475 - Black Sapphire Metallic,F97,VATQ - BMW Individual Tartufo Extended Merino Leather,,5YMTS0C06M9F99503,,9F99503,2MK,,,"Feb 11, 2021",,USA,"BMW of Minnetonka, Minnetonka, US",,,,,,,,
475 - Black Sapphire Metallic,F97,LKSW - Black Extended Merino Leather,,5YMTS0C03M9F99538,,9F99538,2MK,,,"Feb 12, 2021",,USA,"BMW of South Austin, Austin, US",,,,,,,,
475 - Black Sapphire Metallic,F97,LKDA - Sakhir Orange Extended Merino Leather,,5YMTS0C0XM9F99620,,9F99620,2MK,,,"Feb 12, 2021",,USA,"BMW of Tallahassee, Tallahassee, US",,,,,,,,
C28 - Donington Grey Metallic,F97,LKHV - Adelaide Grey Extended Merino Leather,,5YMTS0C06M9G01038,,9G01038,2MK,,,"Feb 12, 2021",,USA,"Richmond BMW, Richmond, US",,,,,,,,
C28 - Donington Grey Metallic,F97,LKDA - Sakhir Orange Extended Merino Leather,,5YMTS0C07M9G01100,,9G01100,2MK,,,"Feb 12, 2021",,USA,"BMW of the Main Line, Bala Cynwyd, US",,,,,,,,
C28 - Donington Grey Metallic,F97,LKDA - Sakhir Orange Extended Merino Leather,,5YMTS0C07M9G01128,,9G01128,2MK,,,"Feb 12, 2021",,USA,"South Bay BMW, Torrance, US",,,,,,,,
475 - Black Sapphire Metallic,F97,LKSW - Black Extended Merino Leather,,5YMTS0C09M9G01275,,9G01275,2MK,,,"Feb 12, 2021",,USA,"BMW of Towson, Towson, US",,,,,,,,
C28 - Donington Grey Metallic,F97,LKDA - Sakhir Orange Extended Merino Leather,,5YMTS0C08M9G01297,,9G01297,2MK,,,"Feb 12, 2021",,USA,"South Bay BMW, Torrance, US",,,,,,,,
C28 - Donington Grey Metallic,F97,LKHV - Adelaide Grey Extended Merino Leather,,5YMTS0C05M9G01581,,9G01581,2MK,,,"Feb 13, 2021",,USA,"BMW of Schererville, Schererville, US",,,,,,,,
C28 - Donington Grey Metallic,F97,VATQ - BMW Individual Tartufo Extended Merino Leather,,5YMTS0C04M9G01622,,9G01622,2MK,,,"Feb 13, 2021",,USA,"United BMW, Alpharetta, US",,,,,,,,
C28 - Donington Grey Metallic,F97,LKSW - Black Extended Merino Leather,,5YMTS0C09M9G01647,,9G01647,2MK,,,"Feb 13, 2021",,USA,"Flemington BMW, Flemington, US",,,,,,,,
,,,,,,,,,,,,,,,,,,,,,
300 - Alpine White,F97,LKDA - Sakhir Orange Extended Merino Leather,,5YMTS0C00M9G03593,,9G03593,2MK,,,"Feb 14, 2021",,USA,"Vista BMW, Coconut Creek, US",,,,,,,,
475 - Black Sapphire Metallic,F97,MAH7 - Black Vernasca Leather,,5YMTS0C09M9G03625,,9G03625,2MK,,,"Feb 14, 2021",,USA,"BMW of Morristown, Morristown, US",,,,,,,,
C28 - Donington Grey Metallic,F97,MAH7 - Black Vernasca Leather,,5YMTS0C01M9G03750,,9G03750,2MK,,,"Feb 15, 2021",,USA,"Habberstad BMW, Huntington Station, US",,,,,,,,
C28 - Donington Grey Metallic,F97,HDJA - Black/Midrand Beige Two-Tone Merino Leather / Alcantara,,5YMTS0C05M9G03850,,9G03850,2MK,,,"Feb 15, 2021",,USA,"Global Imports BMW, Atlanta, US",,,,,,,,
300 - Alpine White,F97,MAH7 - Black Vernasca Leather,,5YMTS0C01M9G03876,,9G03876,2MK,,,"Feb 15, 2021",,USA,"BMW of Williamsport, Muncy, US",,,,,,,,
C28 - Donington Grey Metallic,F97,LKSW - Black Extended Merino Leather,,5YMTS0C0XM9G03939,,9G03939,2MK,,,"Feb 15, 2021",,USA,"Braman Motorcars/Braman MINI of Pal, West Palm Beach, US",,,,,,,,
475 - Black Sapphire Metallic,F97,LKDA - Sakhir Orange Extended Merino Leather,,5YMTS0C01M9G03974,,9G03974,2MK,,,"Feb 15, 2021",,USA,"BMW of Fairfax, Fairfax, US",,,,,,,,
C28 - Donington Grey Metallic,F97,LKSW - Black Extended Merino Leather,,5YMTS0C06M9G04148,,9G04148,2MK,,,"Feb 15, 2021",,USA,"BMW of Morristown, Morristown, US",,,,,,,,
A90 - Dark Graphite Metallic,F97,LKDA - Sakhir Orange Extended Merino Leather,,5YMTS0C03M9G04267,,9G04267,2MK,,,"Feb 15, 2021",,USA,"BMW of Stratham, Stratham, US",,,,,,,,
300 - Alpine White,F97,VATQ - BMW Individual Tartufo Extended Merino Leather,,5YMTS0C06M9G04425,,9G04425,2MK,,,"Feb 16, 2021",,USA,"Fields BMW, Winter Park, US",,,,,,,,
C28 - Donington Grey Metallic,F97,LKSW - Black Extended Merino Leather,,5YMTS0C00M9G04551,,9G04551,2MK,,,"Feb 16, 2021",,USA,"BMW of Murrieta, Murrieta, US",,,,,,,,
C28 - Donington Grey Metallic,F97,LKHV - Adelaide Grey Extended Merino Leather,,5YMTS0C03M9G04575,,9G04575,2MK,,,"Feb 16, 2021",,USA,"BMW of Santa Maria, Santa Maria, US",,,,,,,,
300 - Alpine White,F97,MAH7 - Black Vernasca Leather,,5YMTS0C01M9G04610,,9G04610,2MK,,,"Feb 16, 2021",,USA,"Rusnak BMW, Thousand Oaks, US",,,,,,,,
C1M - Phytonic Blue Metallic,F97,VAEW - BMW Individual Ivory White Extended Merino Leather,,5YMTS0C00M9G04646,,9G04646,2MK,,,"Feb 16, 2021",,USA,"BMW of Warwick, Warwick, US",,,,,,,,
A90 - Dark Graphite Metallic,F97,MAH7 - Black Vernasca Leather,,5YMTS0C0XM9G04671,,9G04671,2MK,,,"Feb 16, 2021",,USA,"BMW of Norwood, Norwood, US",,,,,,,,
A90 - Dark Graphite Metallic,F97,HDJA - Black/Midrand Beige Two-Tone Merino Leather / Alcantara,,5YMTS0C01M9G04705,,9G04705,2MK,,,"Feb 16, 2021",,USA,"Weatherford BMW, Berkeley, US",,,,,,,,
C28 - Donington Grey Metallic,F97,LKSW - Black Extended Merino Leather,,5YMTS0C05M9G04741,,9G04741,2MK,,,"Feb 16, 2021",,USA,"BMW of Loveland, Loveland, US",,,,,,,,
C3G - Toronto Red Metallic,F97,LKSW - Black Extended Merino Leather,,5YMTS0C06M9G04800,,9G04800,2MK,,,"Feb 16, 2021",,USA,"BMW of Waterbury, Waterbury, US",,,,,,,,
C28 - Donington Grey Metallic,F97,LKSW - Black Extended Merino Leather,,5YMTS0C00M9G04825,,9G04825,2MK,,,"Feb 16, 2021",,USA,"BMW Santa Barbara, Santa Barbara, US",,,,,,,,
C28 - Donington Grey Metallic,F97,LKSW - Black Extended Merino Leather,,5YMTS0C02M9G04860,,9G04860,2MK,,,"Feb 16, 2021",,USA,"BMW of South Atlanta, Union City, US",,,,,,,,
475 - Black Sapphire Metallic,F97,LKSW - Black Extended Merino Leather,,5YMTS0C09M9G06105,,9G06105,2MK,,,"Feb 17, 2021",,USA,"Sewickley BMW, Sewickley, US",,,,,,,,
475 - Black Sapphire Metallic,F97,LKSW - Black Extended Merino Leather,,5YMTS0C09M9G06234,,9G06234,2MK,,,"Feb 17, 2021",,USA,"BMW of Bend, 2142, US",,,,,,,,
475 - Black Sapphire Metallic,F97,LKSW - Black Extended Merino Leather,,5YMTS0C08M9G09464,,9G09464,2MK,,,"Feb 18, 2021",,USA,"Elmhurst BMW, Elmhurst, US",,,,,,,,
A90 - Dark Graphite Metallic,F97,VATQ - BMW Individual Tartufo Extended Merino Leather,,5YMTS0C08M9G09559,,9G09559,2MK,,,"Feb 18, 2021",,USA,"Passport BMW, Suitland, US",,,,,,,,
300 - Alpine White,F97,LKDA - Sakhir Orange Extended Merino Leather,,5YMTS0C0XM9G09630,,9G09630,2MK,,,"Feb 18, 2021",,USA,"McKenna BMW, Norwalk, US",,,,,,,,
300 - Alpine White,F97,HDJA - Black/Midrand Beige Two-Tone Merino Leather / Alcantara,,5YMTS0C04M9G09736,,9G09736,2MK,,,"Feb 18, 2021",,USA,"BMW North Scottsdale, Phoenix, US",,,,,,,,
475 - Black Sapphire Metallic,F97,LKDA - Sakhir Orange Extended Merino Leather,,5YMTS0C01M9G09760,,9G09760,2MK,,,"Feb 18, 2021",,USA,"East Bay BMW, Pleasanton, US",,,,,,,,
A90 - Dark Graphite Metallic,F97,LKDA - Sakhir Orange Extended Merino Leather,,5YMTS0C04M9G09784,,9G09784,2MK,,,"Feb 18, 2021",,USA,"BMW of South Albany, Glenmont, US",,,,,,,,
475 - Black Sapphire Metallic,F97,VATQ - BMW Individual Tartufo Extended Merino Leather,,5YMTS0C02M9G09850,,9G09850,2MK,,,"Feb 18, 2021",,USA,"Nalley BMW of Decatur, Decatur, US",,,,,,,,
C1M - Phytonic Blue Metallic,F97,LKSW - Black Extended Merino Leather,,5YMTS0C01M9G10018,,9G10018,2MK,,,"Feb 18, 2021",,USA,"Hendrick BMW, Charlotte, US",,,,,,,,
C28 - Donington Grey Metallic,F97,LKSW - Black Extended Merino Leather,,5YMTS0C09M9G10087,,9G10087,2MK,,,"Feb 19, 2021",,USA,"BMW North Scottsdale, Phoenix, US",,,,,,,,
C28 - Donington Grey Metallic,F97,LKSW - Black Extended Merino Leather,,5YMTS0C02M9G10190,,9G10190,2MK,,,"Feb 19, 2021",,USA,"BMW of Morristown, Morristown, US",,,,,,,,
C28 - Donington Grey Metallic,F97,LKDA - Sakhir Orange Extended Merino Leather,,5YMTS0C07M9G10217,,9G10217,2MK,,,"Feb 19, 2021",,USA,"Habberstad BMW, Huntington Station, US",,,,,,,,
C1M - Phytonic Blue Metallic,F97,LKHV - Adelaide Grey Extended Merino Leather,,5YMTS0C04M9G10322,,9G10322,2MK,,,"Feb 19, 2021",,USA,"Stevens Creek BMW, Santa Clara, US",,,,,,,,
C28 - Donington Grey Metallic,F97,HDJA - Black/Midrand Beige Two-Tone Merino Leather / Alcantara,,5YMTS0C08M9G10470,,9G10470,2MK,,,"Feb 19, 2021",,USA,"Taylor BMW, Evans, US",,,,,,,,
C28 - Donington Grey Metallic,F97,LKHV - Adelaide Grey Extended Merino Leather,,5YMTS0C02M9G10531,,9G10531,2MK,,,"Feb 20, 2021",,USA,"BMW of Mountain View, Mountain View, US",,,,,,,,
475 - Black Sapphire Metallic,F97,LKHV - Adelaide Grey Extended Merino Leather,,5YMTS0C05M9G11530,,9G11530,2MK,,,"Feb 19, 2021",,USA,"Moses BMW, St. Albans, US",,,,,,,,
C1M - Phytonic Blue Metallic,F97,LKSW - Black Extended Merino Leather,,5YMTS0C05M9G11706,,9G11706,2MK,,,"Feb 20, 2021",,USA,"BMW Royal Oak, Calgary, CA",,,,,,,,
C1M - Phytonic Blue Metallic,F97,LKHV - Adelaide Grey Extended Merino Leather,,5YMTS0C00M9G11807,,9G11807,2MK,,,"Feb 20, 2021",,USA,"Stevens Creek BMW, Santa Clara, US",,,,,,,,
300 - Alpine White,F97,VATQ - BMW Individual Tartufo Extended Merino Leather,,5YMTS0C0XM9G11894,,9G11894,2MK,,,"Feb 21, 2021",,USA,"Stevens Creek BMW, Santa Clara, US",,,,,,,,
475 - Black Sapphire Metallic,F97,LKDA - Sakhir Orange Extended Merino Leather,,5YMTS0C03M9G11932,,9G11932,2MK,,,"Feb 21, 2021",,USA,"BMW of Murray, Murray, US",,,,,,,,
300 - Alpine White,F97,HDJA - Black/Midrand Beige Two-Tone Merino Leather / Alcantara,,5YMTS0C07M9G12002,,9G12002,2MK,,,"Feb 22, 2021",,USA,"MINI of Wesley Chapel, Wesley Chapel, US",,,,,,,,
C28 - Donington Grey Metallic,F97,LKSW - Black Extended Merino Leather,,5YMTS0C08M9G12154,,9G12154,2MK,,,"Feb 22, 2021",,USA,"Reeves Import Motorcars, Inc., Tampa, US",,,,,,,,
C28 - Donington Grey Metallic,F97,HDJA - Black/Midrand Beige Two-Tone Merino Leather / Alcantara,,5YMTS0C04M9G13088,,9G13088,2MK,,,"Feb 22, 2021",,USA,"BMW Encinitas, Encinitas, US",,,,,,,,
A90 - Dark Graphite Metallic,F97,LKSW - Black Extended Merino Leather,,5YMTS0C0XM9G13175,,9G13175,2MK,,,"Feb 22, 2021",,USA,"Newburgh Auto Auction, Newburgh, US",,,,,,,,
475 - Black Sapphire Metallic,F97,LKDA - Sakhir Orange Extended Merino Leather,,5YMTS0C02M9G13199,,9G13199,2MK,,,"Feb 22, 2021",,USA,"BMW of Bloomfield, Bloomfield, US",,,,,,,,
475 - Black Sapphire Metallic,F97,LKSW - Black Extended Merino Leather,,5YMTS0C03M9G13325,,9G13325,2MK,,,"Feb 22, 2021",,USA,"Nick Alexander Imports, Los Angeles, US",,,,,,,,
475 - Black Sapphire Metallic,F97,VATQ - BMW Individual Tartufo Extended Merino Leather,,5YMTS0C07M9G13358,,9G13358,2MK,,,"Feb 22, 2021",,USA,"BMW of Madison, Madison, US",,,,,,,,
C28 - Donington Grey Metallic,F97,LKHV - Adelaide Grey Extended Merino Leather,,5YMTS0C01M9G13503,,9G13503,2MK,,,"Feb 22, 2021",,USA,"BMW of Honolulu, Honolulu, US",,,,,,,,
C28 - Donington Grey Metallic,F97,LKDA - Sakhir Orange Extended Merino Leather,,5YMTS0C0XM9G13693,,9G13693,2MK,,,"Feb 23, 2021",,USA,"Brian Jessel BMW, Vancouver, CA",,,,,,,,
475 - Black Sapphire Metallic,F97,HDJA - Black/Midrand Beige Two-Tone Merino Leather / Alcantara,,5YMTS0C07M9G14798,,9G14798,2MK,,,"Feb 23, 2021",,USA,"Germain BMW of Naples, Naples, US",,,,,,,,
C1M - Phytonic Blue Metallic,F97,LKHV - Adelaide Grey Extended Merino Leather,,5YMTS0C07M9G14834,,9G14834,2MK,,,"Feb 23, 2021",,USA,"Winslow BMW of Colorado Springs, Colorado Springs, US",,,,,,,,
475 - Black Sapphire Metallic,F97,LKSW - Black Extended Merino Leather,,5YMTS0C03M9G14927,,9G14927,2MK,,,"Feb 23, 2021",,USA,"BMW of San Antonio/MINI of San Anto, San Antonio, US",,,,,,,,
C1M - Phytonic Blue Metallic,F97,MAOQ - Oyster Vernasca Leather,,5YMTS0C03M9G14992,,9G14992,2MK,,,"Feb 23, 2021",,USA,"BMW of Sarasota, Sarasota, US",,,,,,,,
C3G - Toronto Red Metallic,F97,LKSW - Black Extended Merino Leather,,5YMTS0C01M9G15039,,9G15039,2MK,,,"Feb 23, 2021",,USA,"Alderson European Motors, Lubbock, US",,,,,,,,
475 - Black Sapphire Metallic,F97,LKDA - Sakhir Orange Extended Merino Leather,,5YMTS0C03M9G15155,,9G15155,2MK,,,"Feb 24, 2021",,USA,"AH Euler Kaiserslautern GmbH, Kaiserslautern, DE",,,,,,,,
475 - Black Sapphire Metallic,F97,LKDA - Sakhir Orange Extended Merino Leather,,5YMTS0C03M9G18167,,9G18167,2MK,,,"Feb 24, 2021",,USA,"BMW of Minnetonka, Minnetonka, US",,,,,,,,
475 - Black Sapphire Metallic,F97,LKDA - Sakhir Orange Extended Merino Leather,,5YMTS0C00M9G18238,,9G18238,2MK,,,"Feb 24, 2021",,USA,"BMW of Orland Park, Orland Park, US",,,,,,,,
475 - Black Sapphire Metallic,F97,LKHV - Adelaide Grey Extended Merino Leather,,5YMTS0C03M9G18265,,9G18265,2MK,,,"Feb 24, 2021",,USA,"BMW of Minnetonka, Minnetonka, US",,,,,,,,
475 - Black Sapphire Metallic,F97,HDJA - Black/Midrand Beige Two-Tone Merino Leather / Alcantara,,5YMTS0C05M9G18445,,9G18445,2MK,,,"Feb 24, 2021",,USA,"Erhard BMW of Farmington Hills, Farmington Hills, US",,,,,,,,
475 - Black Sapphire Metallic,F97,LKDA - Sakhir Orange Extended Merino Leather,,5YMTS0C00M9G18482,,9G18482,2MK,,,"Feb 24, 2021",,USA,"BMW of Bakersfield, Bakersfield, US",,,,,,,,
475 - Black Sapphire Metallic,F97,LKSW - Black Extended Merino Leather,,5YMTS0C05M9G18509,,9G18509,2MK,,,"Feb 24, 2021",,USA,"Orr BMW of Shreveport, Shreveport, US",,,,,,,,
300 - Alpine White,F97,LKDA - Sakhir Orange Extended Merino Leather,,5YMTS0C06M9G18616,,9G18616,2MK,,,"Feb 25, 2021",,USA,"Niello BMW Sacramento, Sacramento, US",,,,,,,,
300 - Alpine White,F97,HDJA - Black/Midrand Beige Two-Tone Merino Leather / Alcantara,,5YMTS0C00M9G18658,,9G18658,2MK,,,"Feb 25, 2021",,USA,"BMW of Minnetonka, Minnetonka, US",,,,,,,,
300 - Alpine White,F97,MAH7 - Black Vernasca Leather,,5YMTS0C07M9G18687,,9G18687,2MK,,,"Feb 25, 2021",,USA,"BMW of Brooklyn, Brooklyn, US",,,,,,,,
300 - Alpine White,F97,LKDA - Sakhir Orange Extended Merino Leather,,5YMTS0C05M9G18770,,9G18770,2MK,,,"Feb 25, 2021",,USA,"BMW of Reading, Reading, US",,,,,,,,
475 - Black Sapphire Metallic,F97,LKSW - Black Extended Merino Leather,,5YMTS0C02M9G18841,,9G18841,2MK,,,"Feb 25, 2021",,USA,"Flow BMW, Winston Salem, US",,,,,,,,
A90 - Dark Graphite Metallic,F97,LKHV - Adelaide Grey Extended Merino Leather,,5YMTS0C0XM9G18912,,9G18912,2MK,,,"Feb 25, 2021",,USA,"BMW of San Antonio/MINI of San Anto, San Antonio, US",,,,,,,,
475 - Black Sapphire Metallic,F97,VATQ - BMW Individual Tartufo Extended Merino Leather,,5YMTS0C08M9G18973,,9G18973,2MK,,,"Feb 25, 2021",,USA,"BMW of Vista, Vista, US",,,,,,,,
300 - Alpine White,F97,LKDA - Sakhir Orange Extended Merino Leather,,5YMTS0C03M9G19061,,9G19061,2MK,,,"Feb 25, 2021",,USA,"BMW of Orland Park, Orland Park, US",,,,,,,,
C28 - Donington Grey Metallic,F97,LKSW - Black Extended Merino Leather,,5YMTS0C00M9G20118,,9G20118,2MK,,,"Feb 25, 2021",,USA,"BMW of Murray, Murray, US",,,,,,,,
300 - Alpine White,F97,LKDA - Sakhir Orange Extended Merino Leather,,5YMTS0C04M9G20154,,9G20154,2MK,,,"Feb 25, 2021",,USA,"Passport BMW, Suitland, US",,,,,,,,
300 - Alpine White,F97,LKDA - Sakhir Orange Extended Merino Leather,,5YMTS0C08M9G20352,,9G20352,2MK,,,"Feb 26, 2021",,USA,"BMW of South Austin, Austin, US",,,,,,,,
300 - Alpine White,F97,LKDA - Sakhir Orange Extended Merino Leather,,5YMTS0C06M9G20379,,9G20379,2MK,,,"Feb 26, 2021",,USA,"Ferman BMW/Ferman MINI of Tampa Bay, Palm Harbor, US",,,,,,,,
300 - Alpine White,F97,HDJA - Black/Midrand Beige Two-Tone Merino Leather / Alcantara,,5YMTS0C0XM9G20417,,9G20417,2MK,,,"Feb 26, 2021",,USA,"Braman BMW/Braman MINI of Miami, Miami, US",,,,,,,,
300 - Alpine White,F97,LKSW - Black Extended Merino Leather,,5YMTS0C0XM9G20482,,9G20482,2MK,,,"Feb 26, 2021",,USA,"BMW of Murray, Murray, US",,,,,,,,
C28 - Donington Grey Metallic,F97,HDJA - Black/Midrand Beige Two-Tone Merino Leather / Alcantara,,5YMTS0C04M9G20509,,9G20509,2MK,,,"Feb 26, 2021",,USA,"BMW Performance Center (SC), Greer, US",,,,,,,,
A90 - Dark Graphite Metallic,F97,HDJA - Black/Midrand Beige Two-Tone Merino Leather / Alcantara,,5YMTS0C08M9G20545,,9G20545,2MK,,,"Feb 26, 2021",,USA,"BMW Levis, Levis, CA",,,,,,,,
C28 - Donington Grey Metallic,F97,HDJA - Black/Midrand Beige Two-Tone Merino Leather / Alcantara,,5YMTS0C05M9G20597,,9G20597,2MK,,,"Feb 26, 2021",,USA,"Autogermana, Inc., Hato Rey, US",,,,,,,,
A90 - Dark Graphite Metallic,F97,LKHV - Adelaide Grey Extended Merino Leather,,5YMTS0C07M9G20634,,9G20634,2MK,,,"Feb 26, 2021",,USA,"BMW of Minnetonka, Minnetonka, US",,,,,,,,
A90 - Dark Graphite Metallic,F97,MAOQ - Oyster Vernasca Leather,,5YMTS0C00M9G20698,,9G20698,2MK,,,"Feb 26, 2021",,USA,"BMW of Orland Park, Orland Park, US",,,,,,,,
C1M - Phytonic Blue Metallic,F97,LKSW - Black Extended Merino Leather,,5YMTS0C04M9G20798,,9G20798,2MK,,,"Feb 26, 2021",,USA,"BMW of Minnetonka, Minnetonka, US",,,,,,,,
C28 - Donington Grey Metallic,F97,HDJA - Black/Midrand Beige Two-Tone Merino Leather / Alcantara,,5YMTS0C01M9G20824,,9G20824,2MK,,,"Feb 26, 2021",,USA,"Laurel BMW of Westmont, Westmont, US",,,,,,,,
C28 - Donington Grey Metallic,F97,LKHV - Adelaide Grey Extended Merino Leather,,5YMTS0C08M9G20884,,9G20884,2MK,,,"Feb 27, 2021",,USA,"BMW of Minnetonka, Minnetonka, US",,,,,,,,
A90 - Dark Graphite Metallic,F97,LKSW - Black Extended Merino Leather,,5YMTS0C01M9G20984,,9G20984,2MK,,,"Feb 27, 2021",,USA,"Preston BMW, Boardman, US",,,,,,,,
C28 - Donington Grey Metallic,F97,LKSW - Black Extended Merino Leather,,5YMTS0C09M9G21008,,9G21008,2MK,,,"Feb 28, 2021",,USA,"Critz BMW, Savannah, US",,,,,,,,
C28 - Donington Grey Metallic,F97,LKSW - Black Extended Merino Leather,,5YMTS0C07M9G21105,,9G21105,2MK,,,"Feb 28, 2021",,USA,"BMW of Westchester, White Plains, US",,,,,,,,
C1M - Phytonic Blue Metallic,F97,VATQ - BMW Individual Tartufo Extended Merino Leather,,5YMTS0C06M9G21144,,9G21144,2MK,,,"Mar 1, 2021",,USA,"BMW of Murray, Murray, US",,,,,,,,
475 - Black Sapphire Metallic,F97,LKSW - Black Extended Merino Leather,,5YMTS0C07M9G21170,,9G21170,2MK,,,"Mar 1, 2021",,USA,"BMW of Murray, Murray, US",,,,,,,,
C28 - Donington Grey Metallic,F97,LKDA - Sakhir Orange Extended Merino Leather,,5YMTS0C04M9G21207,,9G21207,2MK,,,"Mar 1, 2021",,USA,"BMW of Minnetonka, Minnetonka, US",,,,,,,,
C28 - Donington Grey Metallic,F97,LKDA - Sakhir Orange Extended Merino Leather,,5YMTS0C0XM9G22278,,9G22278,2MK,,,"Mar 1, 2021",,USA,"Patrick BMW, Schaumburg, US",,,,,,,,
C3G - Toronto Red Metallic,F97,LKHV - Adelaide Grey Extended Merino Leather,,5YMTS0C04M9G22342,,9G22342,2MK,,,"Mar 1, 2021",,USA,"BMW of Beaumont, Beaumont, US",,,,,,,,
475 - Black Sapphire Metallic,F97,HDJA - Black/Midrand Beige Two-Tone Merino Leather / Alcantara,,5YMTS0C06M9G22438,,9G22438,2MK,,,"Mar 1, 2021",,USA,"Bobby Rahal BMW of South Hills, Canonsburg, US",,,,,,,,
C28 - Donington Grey Metallic,F97,LKHV - Adelaide Grey Extended Merino Leather,,5YMTS0C06M9G22505,,9G22505,2MK,,,"Mar 1, 2021",,USA,"BMW of South Austin, Austin, US",,,,,,,,
C28 - Donington Grey Metallic,F97,LKDA - Sakhir Orange Extended Merino Leather,,5YMTS0C01M9G22587,,9G22587,2MK,,,"Mar 1, 2021",,USA,"Braman BMW/Braman MINI of Miami, Miami, US",,,,,,,,
C28 - Donington Grey Metallic,F97,LKDA - Sakhir Orange Extended Merino Leather,,5YMTS0C0XM9G22653,,9G22653,2MK,,,"Mar 1, 2021",,USA,"BMW of Montgomery, Montgomery, US",,,,,,,,
C28 - Donington Grey Metallic,F97,LKSW - Black Extended Merino Leather,,5YMTS0C07M9G22724,,9G22724,2MK,,,"Mar 2, 2021",,USA,"BMW of Orland Park, Orland Park, US",,,,,,,,
C28 - Donington Grey Metallic,F97,VATQ - BMW Individual Tartufo Extended Merino Leather,,5YMTS0C01M9G22749,,9G22749,2MK,,,"Mar 2, 2021",,USA,"BMW of Minnetonka, Minnetonka, US",,,,,,,,
C28 - Donington Grey Metallic,F97,LKDA - Sakhir Orange Extended Merino Leather,,5YMTS0C09M9G22773,,9G22773,2MK,,,"Mar 2, 2021",,USA,"BMW of Denver Downtown, Denver, US",,,,,,,,
C1M - Phytonic Blue Metallic,F97,LKSW - Black Extended Merino Leather,,5YMTS0C04M9G22809,,9G22809,2MK,,,"Mar 2, 2021",,USA,"BMW of Orland Park, Orland Park, US",,,,,,,,
A90 - Dark Graphite Metallic,F97,LKSW - Black Extended Merino Leather,,5YMTS0C08M9G23817,,9G23817,2MK,,,"Mar 2, 2021",,USA,"BMW Ville de Quebec, Quebec City, CA",,,,,,,,
C1M - Phytonic Blue Metallic,F97,LKHV - Adelaide Grey Extended Merino Leather,,5YMTS0C04M9G23877,,9G23877,2MK,,,"Mar 2, 2021",,USA,"BMW of Brooklyn, Brooklyn, US",,,,,,,,
475 - Black Sapphire Metallic,F97,LKSW - Black Extended Merino Leather,,5YMTS0C0XM9G23947,,9G23947,2MK,,,"Mar 2, 2021",,USA,"BMW of South Austin, Austin, US",,,,,,,,
C28 - Donington Grey Metallic,F97,VATQ - BMW Individual Tartufo Extended Merino Leather,,5YMTS0C03M9G24079,,9G24079,2MK,,,"Mar 2, 2021",,USA,"BMW of Lenox, Lenox, US",,,,,,,,
C1N - Sunstone Metallic,F97,VAEW - BMW Individual Ivory White Extended Merino Leather,,5YMTS0C07M9G24103,,9G24103,2MK,,,"Mar 2, 2021",,USA,"Germain BMW of Naples, Naples, US",,,,,,,,
C1N - Sunstone Metallic,F97,VATQ - BMW Individual Tartufo Extended Merino Leather,,5YMTS0C09M9G24135,,9G24135,2MK,,,"Mar 2, 2021",,USA,"I. G. Burton BMW, Milford, US",,,,,,,,
300 - Alpine White,F97,LKDA - Sakhir Orange Extended Merino Leather,,5YMTS0C08M9G24160,,9G24160,2MK,,,"Mar 2, 2021",,USA,"Hilton Head BMW, Bluffton, US",,,,,,,,
A90 - Dark Graphite Metallic,F97,HDJA - Black/Midrand Beige Two-Tone Merino Leather / Alcantara,,5YMTS0C04M9G24236,,9G24236,2MK,,,"Mar 2, 2021",,USA,"Santa Monica BMW, Santa Monica, US",,,,,,,,
C28 - Donington Grey Metallic,F97,HDJA - Black/Midrand Beige Two-Tone Merino Leather / Alcantara,,5YMTS0C07M9G24263,,9G24263,2MK,,,"Mar 2, 2021",,USA,"BMW of Freeport, Freeport, US",,,,,,,,
C3G - Toronto Red Metallic,F97,LKHV - Adelaide Grey Extended Merino Leather,,5YMTS0C00M9G24332,,9G24332,2MK,,,"Mar 3, 2021",,USA,"BMW Seattle, Seattle, US",,,,,,,,
475 - Black Sapphire Metallic,F97,HDJA - Black/Midrand Beige Two-Tone Merino Leather / Alcantara,,5YMTS0C09M9G25690,,9G25690,2MK,,,"Mar 3, 2021",,USA,"Valley BMW, Modesto, US",,,,,,,,
A90 - Dark Graphite Metallic,F97,LKHV - Adelaide Grey Extended Merino Leather,,5YMTS0C04M9G25712,,9G25712,2MK,,,"Mar 3, 2021",,USA,"BMW of Fort Walton Beach, Fort Walton Beach, US",,,,,,,,
300 - Alpine White,F97,MAH7 - Black Vernasca Leather,,5YMTS0C03M9G25748,,9G25748,2MK,,,"Mar 3, 2021",,USA,"Budds' BMW Oakville, Oakville, CA",,,,,,,,
475 - Black Sapphire Metallic,F97,MAH7 - Black Vernasca Leather,,5YMTS0C04M9G25774,,9G25774,2MK,,,"Mar 3, 2021",,USA,"Casey BMW, Newport News, US",,,,,,,,
475 - Black Sapphire Metallic,F97,MAH7 - Black Vernasca Leather,,5YMTS0C0XM9G25813,,9G25813,2MK,,,"Mar 3, 2021",,USA,"BMW of Peabody, Peabody, US",,,,,,,,
475 - Black Sapphire Metallic,F97,LKSW - Black Extended Merino Leather,,5YMTS0C01M9G25876,,9G25876,2MK,,,"Mar 3, 2021",,USA,"Grayson BMW, Knoxville, US",,,,,,,,
A90 - Dark Graphite Metallic,F97,MAH7 - Black Vernasca Leather,,5YMTS0C00M9G26064,,9G26064,2MK,,,"Mar 3, 2021",,USA,"BMW Performance Center (SC), Greer, US",,,,,,,,
475 - Black Sapphire Metallic,F97,LKSW - Black Extended Merino Leather,,5YMTS0C03M9G26124,,9G26124,2MK,,,"Mar 3, 2021",,USA,"BMW of Fremont, Fremont, US",,,,,,,,
475 - Black Sapphire Metallic,F97,HDJA - Black/Midrand Beige Two-Tone Merino Leather / Alcantara,,5YMTS0C05M9G26187,,9G26187,2MK,,,"Mar 3, 2021",,USA,"BMW of Tigard, Tigard, US",,,,,,,,
475 - Black Sapphire Metallic,F97,LKDA - Sakhir Orange Extended Merino Leather,,5YMTS0C01M9G26252,,9G26252,2MK,,,"Mar 4, 2021",,USA,"Pacific BMW, Glendale, US",,,,,,,,
C28 - Donington Grey Metallic,F97,LKDA - Sakhir Orange Extended Merino Leather,,5YMTS0C0XM9G26492,,9G26492,2MK,,,"Mar 4, 2021",,USA,"AH Euler Kaiserslautern GmbH, Kaiserslautern, DE",,,,,,,,
475 - Black Sapphire Metallic,F97,HDJA - Black/Midrand Beige Two-Tone Merino Leather / Alcantara,,5YMTS0C05M9G26559,,9G26559,2MK,,,"Mar 4, 2021",,USA,"Taylor BMW, Evans, US",,,,,,,,
475 - Black Sapphire Metallic,F97,LKDA - Sakhir Orange Extended Merino Leather,,5YMTS0C04M9G26598,,9G26598,2MK,,,"Mar 4, 2021",,USA,"BMW of Springfield, Springfield, US",,,,,,,,
300 - Alpine White,F97,LKDA - Sakhir Orange Extended Merino Leather,,5YMTS0C02M9G28219,,9G28219,2MK,,,"Mar 4, 2021",,USA,"BMW of Freeport, Freeport, US",,,,,,,,
C28 - Donington Grey Metallic,F97,HDJA - Black/Midrand Beige Two-Tone Merino Leather / Alcantara,,5YMTS0C07M9G28295,,9G28295,2MK,,,"Mar 4, 2021",,USA,"BMW of Manhasset, Manhasset, US",,,,,,,,
300 - Alpine White,F97,LKSW - Black Extended Merino Leather,,5YMTS0C0XM9G28324,,9G28324,2MK,,,"Mar 4, 2021",,USA,"Grayson BMW, Knoxville, US",,,,,,,,
C28 - Donington Grey Metallic,F97,LKDA - Sakhir Orange Extended Merino Leather,,5YMTS0C00M9G28364,,9G28364,2MK,,,"Mar 4, 2021",,USA,"Braman Motorcars/Braman MINI of Pal, West Palm Beach, US",,,,,,,,
A90 - Dark Graphite Metallic,F97,LKSW - Black Extended Merino Leather,,5YMTS0C01M9G28504,,9G28504,2MK,,,"Mar 5, 2021",,USA,"Flow BMW, Winston Salem, US",,,,,,,,
A90 - Dark Graphite Metallic,F97,MAOQ - Oyster Vernasca Leather,,5YMTS0C02M9G28589,,9G28589,2MK,,,"Mar 5, 2021",,USA,"BMW of Omaha/MINI of Omaha, Omaha, US",,,,,,,,
300 - Alpine White,F97,LKDA - Sakhir Orange Extended Merino Leather,,5YMTS0C05M9G28618,,9G28618,2MK,,,"Mar 5, 2021",,USA,"BMW of Westchester, White Plains, US",,,,,,,,
C3G - Toronto Red Metallic,F97,VAEW - BMW Individual Ivory White Extended Merino Leather,,5YMTS0C00M9G28655,,9G28655,2MK,,,"Mar 5, 2021",,USA,"BMW of Delray Beach, Delray Beach, US",,,,,,,,
300 - Alpine White,F97,LKDA - Sakhir Orange Extended Merino Leather,,5YMTS0C0XM9G28808,,9G28808,2MK,,,"Mar 5, 2021",,USA,"BMW of Palm Springs, Palm Springs, US",,,,,,,,
C28 - Donington Grey Metallic,F97,LKDA - Sakhir Orange Extended Merino Leather,,5YMTS0C09M9G28850,,9G28850,2MK,,,"Mar 5, 2021",,USA,"Autogermana, Inc., Hato Rey, US",,,,,,,,
C1M - Phytonic Blue Metallic,F97,LKDA - Sakhir Orange Extended Merino Leather,,5YMTS0C00M9G28882,,9G28882,2MK,,,"Mar 5, 2021",,USA,"Fields BMW of Daytona, Daytona Beach, US",,,,,,,,
300 - Alpine White,F97,LKDA - Sakhir Orange Extended Merino Leather,,5YMTS0C05M9G30787,,9G30787,2MK,,,"Mar 5, 2021",,USA,"BMW of Ontario, Ontario, US",,,,,,,,
300 - Alpine White,F97,LKDA - Sakhir Orange Extended Merino Leather,,5YMTS0C00M9G30826,,9G30826,2MK,,,"Mar 6, 2021",,USA,"BMW of Fremont, Fremont, US",,,,,,,,
C28 - Donington Grey Metallic,F97,LKHV - Adelaide Grey Extended Merino Leather,,5YMTS0C02M9G30892,,9G30892,2MK,,,"Mar 6, 2021",,USA,"BMW of Las Vegas, Las Vegas, US",,,,,,,,
C28 - Donington Grey Metallic,F97,HDJA - Black/Midrand Beige Two-Tone Merino Leather / Alcantara,,5YMTS0C06M9G30930,,9G30930,2MK,,,"Mar 6, 2021",,USA,"Karl Knauz Motors, Lake Bluff, US",,,,,,,,
C28 - Donington Grey Metallic,F97,MAH7 - Black Vernasca Leather,,5YMTS0C09M9G30954,,9G30954,2MK,,,"Mar 6, 2021",,USA,"Flow BMW, Winston Salem, US",,,,,,,,
C3G - Toronto Red Metallic,F97,LKSW - Black Extended Merino Leather,,5YMTS0C05M9G31017,,9G31017,2MK,,,"Mar 7, 2021",,USA,"BMW of Honolulu, Honolulu, US",,,,,,,,
300 - Alpine White,F97,LKSW - Black Extended Merino Leather,,5YMTS0C09M9G31151,,9G31151,2MK,,,"Mar 8, 2021",,USA,"Rick Hill BMW, Kingsport, US",,,,,,,,
300 - Alpine White,F97,LKHV - Adelaide Grey Extended Merino Leather,,5YMTS0C08M9G31187,,9G31187,2MK,,,"Mar 8, 2021",,USA,"BMW of Ontario, Ontario, US",,,,,,,,
475 - Black Sapphire Metallic,F97,HDJA - Black/Midrand Beige Two-Tone Merino Leather / Alcantara,,5YMTS0C0XM9G31210,,9G31210,2MK,,,"Mar 8, 2021",,USA,"BMW Performance Center (SC), Greer, US",,,,,,,,
475 - Black Sapphire Metallic,F97,LKDA - Sakhir Orange Extended Merino Leather,,5YMTS0C00M9G31233,,9G31233,2MK,,,"Mar 8, 2021",,USA,"BMW of Bloomfield, Bloomfield, US",,,,,,,,
475 - Black Sapphire Metallic,F97,LKDA - Sakhir Orange Extended Merino Leather,,5YMTS0C03M9G31291,,9G31291,2MK,,,"Mar 8, 2021",,USA,"BMW of Omaha/MINI of Omaha, Omaha, US",,,,,,,,
C28 - Donington Grey Metallic,F97,LKSW - Black Extended Merino Leather,,5YMTS0C04M9G31333,,9G31333,2MK,,,"Mar 8, 2021",,USA,"Valencia BMW, Valencia, US",,,,,,,,
C1M - Phytonic Blue Metallic,F97,HDJA - Black/Midrand Beige Two-Tone Merino Leather / Alcantara,,5YMTS0C06M9G31530,,9G31530,2MK,,,"Mar 8, 2021",,USA,"BMW Performance Center (SC), Greer, US",,,,,,,,
475 - Black Sapphire Metallic,F97,VATQ - BMW Individual Tartufo Extended Merino Leather,,5YMTS0C07M9G31598,,9G31598,2MK,,,"Mar 8, 2021",,USA,"Braman Motorcars/Braman MINI of Pal, West Palm Beach, US",,,,,,,,
C3G - Toronto Red Metallic,F97,LKHV - Adelaide Grey Extended Merino Leather,,5YMTS0C02M9G31637,,9G31637,2MK,,,"Mar 8, 2021",,USA,"BMW of Morristown, Morristown, US",,,,,,,,
475 - Black Sapphire Metallic,F97,MAH7 - Black Vernasca Leather,,5YMTS0C09M9G31666,,9G31666,2MK,,,"Mar 8, 2021",,USA,"BMW of Doylestown, Doylestown, US",,,,,,,,
475 - Black Sapphire Metallic,F97,MAH7 - Black Vernasca Leather,,5YMTS0C02M9G31766,,9G31766,2MK,,,"Mar 9, 2021",,USA,"Bill Jacobs BMW/MINI, Naperville, US",,,,,,,,
300 - Alpine White,F97,VAEW - BMW Individual Ivory White Extended Merino Leather,,5YMTS0C07M9G31827,,9G31827,2MK,,,"Mar 9, 2021",,USA,"BMW of Brooklyn, Brooklyn, US",,,,,,,,
C28 - Donington Grey Metallic,F97,VATQ - BMW Individual Tartufo Extended Merino Leather,,5YMTS0C00M9G32897,,9G32897,2MK,,,"Mar 9, 2021",,USA,"Braman Motorcars/Braman MINI of Pal, West Palm Beach, US",,,,,,,,
C1M - Phytonic Blue Metallic,F97,VAEW - BMW Individual Ivory White Extended Merino Leather,,5YMTS0C0XM9G32938,,9G32938,2MK,,,"Mar 9, 2021",,USA,"West German BMW, Fort Washington, US",,,,,,,,
475 - Black Sapphire Metallic,F97,LKDA - Sakhir Orange Extended Merino Leather,,5YMTS0C02M9G33078,,9G33078,2MK,,,"Mar 9, 2021",,USA,"BMW of Ridgefield, Ridgefield, US",,,,,,,,
475 - Black Sapphire Metallic,F97,VATQ - BMW Individual Tartufo Extended Merino Leather,,5YMTS0C02M9G33274,,9G33274,2MK,,,"Mar 9, 2021",,USA,"Edmonton BMW, Edmonton, CA",,,,,,,,
C28 - Donington Grey Metallic,F97,LKHV - Adelaide Grey Extended Merino Leather,,5YMTS0C08M9G33313,,9G33313,2MK,,,"Mar 9, 2021",,USA,"Brian Jessel BMW, Vancouver, CA",,,,,,,,
300 - Alpine White,F97,VAEW - BMW Individual Ivory White Extended Merino Leather,,5YMTS0C06M9G33469,,9G33469,2MK,,,"Mar 10, 2021",,USA,"Georgian BMW, Barrie, CA",,,,,,,,
300 - Alpine White,F97,HDJA - Black/Midrand Beige Two-Tone Merino Leather / Alcantara,,5YMTS0C09M9G36320,,9G36320,2MK,,,"Mar 10, 2021",,USA,"BMW of San Luis Obispo, San Luis Obispo, US",,,,,,,,
A90 - Dark Graphite Metallic,F97,MAH7 - Black Vernasca Leather,,5YMTS0C09M9G36382,,9G36382,2MK,,,"Mar 10, 2021",,USA,"BMW of Milwaukee North, Milwaukee, US",,,,,,,,
300 - Alpine White,F97,MAH7 - Black Vernasca Leather,,5YMTS0C01M9G36408,,9G36408,2MK,,,"Mar 10, 2021",,USA,"BMW of the Hudson Valley, Poughkeepsie, US",,,,,,,,
300 - Alpine White,F97,VATQ - BMW Individual Tartufo Extended Merino Leather,,5YMTS0C08M9G36504,,9G36504,2MK,,,"Mar 10, 2021",,USA,"Braman Motorcars/Braman MINI of Pal, West Palm Beach, US",,,,,,,,
475 - Black Sapphire Metallic,F97,LKDA - Sakhir Orange Extended Merino Leather,,5YMTS0C04M9G36564,,9G36564,2MK,,,"Mar 10, 2021",,USA,"Century West BMW, North Hollywood, US",,,,,,,,
C1M - Phytonic Blue Metallic,F97,MAOQ - Oyster Vernasca Leather,,5YMTS0C05M9G36623,,9G36623,2MK,,,"Mar 10, 2021",,USA,"Germain BMW of Naples, Naples, US",,,,,,,,
475 - Black Sapphire Metallic,F97,VATQ - BMW Individual Tartufo Extended Merino Leather,,5YMTS0C04M9G36659,,9G36659,2MK,,,"Mar 10, 2021",,USA,"Classic BMW, Plano, US",,,,,,,,
C1M - Phytonic Blue Metallic,F97,LKSW - Black Extended Merino Leather,,5YMTS0C07M9G36784,,9G36784,2MK,,,"Mar 10, 2021",,USA,"BMW of Fremont, Fremont, US",,,,,,,,
C28 - Donington Grey Metallic,F97,LKDA - Sakhir Orange Extended Merino Leather,,5YMTS0C09M9G36821,,9G36821,2MK,,,"Mar 11, 2021",,USA,"Winslow BMW of Colorado Springs, Colorado Springs, US",,,,,,,,
475 - Black Sapphire Metallic,F97,LKHV - Adelaide Grey Extended Merino Leather,,5YMTS0C07M9G36882,,9G36882,2MK,,,"Mar 11, 2021",,USA,"Medford BMW, Medford, US",,,,,,,,
475 - Black Sapphire Metallic,F97,LKSW - Black Extended Merino Leather,,5YMTS0C03M9G36989,,9G36989,2MK,,,"Mar 11, 2021",,USA,"BMW North Scottsdale, Phoenix, US",,,,,,,,
300 - Alpine White,F97,LKSW - Black Extended Merino Leather,,5YMTS0C09M9G37029,,9G37029,2MK,,,"Mar 11, 2021",,USA,"BMW Concord, Concord, US",,,,,,,,
C28 - Donington Grey Metallic,F97,LKSW - Black Extended Merino Leather,,5YMTS0C04M9G37164,,9G37164,2MK,,,"Mar 11, 2021",,USA,"BMW of Tenafly, Tenafly, US",,,,,,,,
C28 - Donington Grey Metallic,F97,LKDA - Sakhir Orange Extended Merino Leather,,5YMTS0C03M9G37205,,9G37205,2MK,,,"Mar 11, 2021",,USA,"Fields BMW, Winter Park, US",,,,,,,,
475 - Black Sapphire Metallic,F97,VATQ - BMW Individual Tartufo Extended Merino Leather,,5YMTS0C06M9G37229,,9G37229,2MK,,,"Mar 11, 2021",,USA,"Century BMW, Greenville, US",,,,,,,,
A90 - Dark Graphite Metallic,F97,LKHV - Adelaide Grey Extended Merino Leather,,5YMTS0C08M9G37264,,9G37264,2MK,,,"Mar 11, 2021",,USA,"Fields BMW, Winter Park, US",,,,,,,,
C28 - Donington Grey Metallic,F97,LKDA - Sakhir Orange Extended Merino Leather,,5YMTS0C04M9G38234,,9G38234,2MK,,,"Mar 11, 2021",,USA,"Motorwerks BMW, Bloomington, US",,,,,,,,
475 - Black Sapphire Metallic,F97,LKSW - Black Extended Merino Leather,,5YMTS0C0XM9G38335,,9G38335,2MK,,,"Mar 11, 2021",,USA,"Gebhardt BMW, Boulder, US",,,,,,,,
475 - Black Sapphire Metallic,F97,LKDA - Sakhir Orange Extended Merino Leather,,5YMTS0C02M9G38460,,9G38460,2MK,,,"Mar 12, 2021",,USA,"Century West BMW, North Hollywood, US",,,,,,,,
475 - Black Sapphire Metallic,F97,LKDA - Sakhir Orange Extended Merino Leather,,5YMTS0C06M9G38493,,9G38493,2MK,,,"Mar 12, 2021",,USA,"Arrowhead BMW, Glendale, US",,,,,,,,
475 - Black Sapphire Metallic,F97,LKSW - Black Extended Merino Leather,,5YMTS0C03M9G38516,,9G38516,2MK,,,"Mar 12, 2021",,USA,"Tulley BMW, Nashua, US",,,,,,,,
C28 - Donington Grey Metallic,F97,LKDA - Sakhir Orange Extended Merino Leather,,5YMTS0C08M9G38544,,9G38544,2MK,,,"Mar 12, 2021",,USA,"Patrick BMW, Schaumburg, US",,,,,,,,
475 - Black Sapphire Metallic,F97,LKSW - Black Extended Merino Leather,,5YMTS0C01M9G38580,,9G38580,2MK,,,"Mar 12, 2021",,USA,"Coggin BMW Treasure Coast, Fort Pierce, US",,,,,,,,
C28 - Donington Grey Metallic,F97,LKDA - Sakhir Orange Extended Merino Leather,,5YMTS0C04M9G38606,,9G38606,2MK,,,"Mar 12, 2021",,USA,"Grand Blanc BMW, Grand Blanc, US",,,,,,,,
300 - Alpine White,F97,LKSW - Black Extended Merino Leather,,5YMTS0C03M9G38712,,9G38712,2MK,,,"Mar 12, 2021",,USA,"BMW of Raleigh, Raleigh, US",,,,,,,,
475 - Black Sapphire Metallic,F97,LKSW - Black Extended Merino Leather,,5YMTS0C0XM9G38741,,9G38741,2MK,,,"Mar 12, 2021",,USA,"Ferman BMW/Ferman MINI of Tampa Bay, Palm Harbor, US",,,,,,,,
475 - Black Sapphire Metallic,F97,HDJA - Black/Midrand Beige Two-Tone Merino Leather / Alcantara,,5YMTS0C07M9G38809,,9G38809,2MK,,,"Mar 12, 2021",,USA,"BMW of Sioux Falls, Sioux Falls, US",,,,,,,,
C28 - Donington Grey Metallic,F97,HDJA - Black/Midrand Beige Two-Tone Merino Leather / Alcantara,,5YMTS0C04M9G38850,,9G38850,2MK,,,"Mar 12, 2021",,USA,"Patrick BMW, Schaumburg, US",,,,,,,,
C3G - Toronto Red Metallic,F97,LKHV - Adelaide Grey Extended Merino Leather,,5YM13EC04N9G38883,,9G38883,2MK,,,"Apr 15, 2021",,USA,"BMWNA RISK POOL, Woodcliff Lake, US",,,,,,,,
475 - Black Sapphire Metallic,F97,LKSW - Black Extended Merino Leather,,5YMTS0C05M9G39750,,9G39750,2MK,,,"Mar 12, 2021",,USA,"BMW of Nashville, Brentwood, US",,,,,,,,
475 - Black Sapphire Metallic,F97,HDJA - Black/Midrand Beige Two-Tone Merino Leather / Alcantara,,5YMTS0C08M9G39791,,9G39791,2MK,,,"Mar 12, 2021",,USA,"BMW of Barrington, Barrington, US",,,,,,,,
475 - Black Sapphire Metallic,F97,LKSW - Black Extended Merino Leather,,5YMTS0C07M9G39815,,9G39815,2MK,,,"Mar 12, 2021",,USA,"Bill Jacobs BMW/MINI, Naperville, US",,,,,,,,
C3G - Toronto Red Metallic,F97,LKSW - Black Extended Merino Leather,,5YMTS0C00M9G39851,,9G39851,2MK,,,"Mar 12, 2021",,USA,"BMW of Columbia, Columbia, US",,,,,,,,
475 - Black Sapphire Metallic,F97,MAH7 - Black Vernasca Leather,,5YMTS0C00M9G39879,,9G39879,2MK,,,"Mar 12, 2021",,USA,"BMW of Murrieta, Murrieta, US",,,,,,,,
A90 - Dark Graphite Metallic,F97,VATQ - BMW Individual Tartufo Extended Merino Leather,,5YMTS0C03M9G39911,,9G39911,2MK,,,"Mar 12, 2021",,USA,"BMW of Riverside, Riverside, US",,,,,,,,
C1M - Phytonic Blue Metallic,F97,HDJA - Black/Midrand Beige Two-Tone Merino Leather / Alcantara,,5YMTS0C02M9G40001,,9G40001,2MK,,,"Mar 13, 2021",,USA,"Karl Knauz Motors, Lake Bluff, US",,,,,,,,
C1M - Phytonic Blue Metallic,F97,VATQ - BMW Individual Tartufo Extended Merino Leather,,5YMTS0C01M9G40037,,9G40037,2MK,,,"Mar 13, 2021",,USA,"BMW of Doylestown, Doylestown, US",,,,,,,,
475 - Black Sapphire Metallic,F97,MAOQ - Oyster Vernasca Leather,,5YMTS0C08M9G40097,,9G40097,2MK,,,"Mar 13, 2021",,USA,"Stevens Creek BMW, Santa Clara, US",,,,,,,,
300 - Alpine White,F97,LKDA - Sakhir Orange Extended Merino Leather,,5YMTS0C00M9G40157,,9G40157,2MK,,,"Mar 14, 2021",,USA,"Germain BMW of Naples, Naples, US",,,,,,,,
475 - Black Sapphire Metallic,F97,LKSW - Black Extended Merino Leather,,5YMTS0C09M9G40304,,9G40304,2MK,,,"Mar 15, 2021",,USA,"BMW of Grapevine, Grapevine, US",,,,,,,,
C28 - Donington Grey Metallic,F97,LKHV - Adelaide Grey Extended Merino Leather,,5YMTS0C03M9G40329,,9G40329,2MK,,,"Mar 15, 2021",,USA,"BMW of Fairfax, Fairfax, US",,,,,,,,
C1M - Phytonic Blue Metallic,F97,HDJA - Black/Midrand Beige Two-Tone Merino Leather / Alcantara,,5YMTS0C09M9G40402,,9G40402,2MK,,,"Mar 15, 2021",,USA,"BMW of Sarasota, Sarasota, US",,,,,,,,
475 - Black Sapphire Metallic,F97,LKHV - Adelaide Grey Extended Merino Leather,,5YMTS0C08M9G40441,,9G40441,2MK,,,"Mar 15, 2021",,USA,"BMW of Houston North, Houston, US",,,,,,,,
C28 - Donington Grey Metallic,F97,LKSW - Black Extended Merino Leather,,5YMTS0C04M9G40503,,9G40503,2MK,,,"Mar 15, 2021",,USA,"Bill Jacobs BMW/MINI, Naperville, US",,,,,,,,
300 - Alpine White,F97,LKDA - Sakhir Orange Extended Merino Leather,,5YMTS0C0XM9G40568,,9G40568,2MK,,,"Mar 15, 2021",,USA,"BMW of Barrington, Barrington, US",,,,,,,,
300 - Alpine White,F97,HDJA - Black/Midrand Beige Two-Tone Merino Leather / Alcantara,,5YMTS0C01M9G40605,,9G40605,2MK,,,"Mar 15, 2021",,USA,"Competition BMW of Smithtown, Saint James, US",,,,,,,,
300 - Alpine White,F97,MAOQ - Oyster Vernasca Leather,,5YMTS0C06M9G40681,,9G40681,2MK,,,"Mar 15, 2021",,USA,"Germain BMW of Naples, Naples, US",,,,,,,,
475 - Black Sapphire Metallic,F97,LKSW - Black Extended Merino Leather,,5YMTS0C09M9G40741,,9G40741,2MK,,,"Mar 15, 2021",,USA,"Bavarian Motor Cars GmbH, Würzburg, DE",,,,,,,,
475 - Black Sapphire Metallic,F97,LKSW - Black Extended Merino Leather,,5YMTS0C05M9G40784,,9G40784,2MK,,,"Mar 15, 2021",,USA,"Valencia BMW, Valencia, US",,,,,,,,
C3G - Toronto Red Metallic,F97,LKSW - Black Extended Merino Leather,,5YMTS0C02M9G40872,,9G40872,2MK,,,"Mar 15, 2021",,USA,"BMW of Barrington, Barrington, US",,,,,,,,
C1M - Phytonic Blue Metallic,F97,VATQ - BMW Individual Tartufo Extended Merino Leather,,5YMTS0C07M9G40897,,9G40897,2MK,,,"Mar 15, 2021",,USA,"BMW of Columbia, Columbia, US",,,,,,,,
C28 - Donington Grey Metallic,F97,LKDA - Sakhir Orange Extended Merino Leather,,5YMTS0C08M9G40990,,9G40990,2MK,,,"Mar 16, 2021",,USA,"BMW of Manhattan, New York, US",,,,,,,,
300 - Alpine White,F97,LKSW - Black Extended Merino Leather,,5YMTS0C07M9G41029,,9G41029,2MK,,,"Mar 16, 2021",,USA,"Bill Jacobs BMW/MINI, Naperville, US",,,,,,,,
A90 - Dark Graphite Metallic,F97,LKHV - Adelaide Grey Extended Merino Leather,,5YMTS0C0XM9G42045,,9G42045,2MK,,,"Mar 16, 2021",,USA,"Casey BMW, Newport News, US",,,,,,,,
A90 - Dark Graphite Metallic,F97,LKHV - Adelaide Grey Extended Merino Leather,,5YMTS0C08M9G42092,,9G42092,2MK,,,"Mar 16, 2021",,USA,"Schomp BMW of Highlands Ranch, Highlands Ranch, US",,,,,,,,
300 - Alpine White,F97,HDJA - Black/Midrand Beige Two-Tone Merino Leather / Alcantara,,5YMTS0C08M9G42237,,9G42237,2MK,,,"Mar 16, 2021",,USA,"Peter Pan BMW, Burlingame, US",,,,,,,,
C28 - Donington Grey Metallic,F97,LKDA - Sakhir Orange Extended Merino Leather,,5YMTS0C09M9G42280,,9G42280,2MK,,,"Mar 16, 2021",,USA,"BMW of Gwinnett Place, Duluth, US",,,,,,,,
C1M - Phytonic Blue Metallic,F97,LKSW - Black Extended Merino Leather,,5YMTS0C00M9G42510,,9G42510,2MK,,,"Mar 16, 2021",,USA,"Stevens Creek BMW, Santa Clara, US",,,,,,,,
C1M - Phytonic Blue Metallic,F97,MAH7 - Black Vernasca Leather,,5YMTS0C07M9G42603,,9G42603,2MK,,,"Mar 17, 2021",,USA,"Bill Jacobs BMW/MINI, Naperville, US",,,,,,,,
C28 - Donington Grey Metallic,F97,LKDA - Sakhir Orange Extended Merino Leather,,5YMTS0C07M9G42777,,9G42777,2MK,,,"Mar 17, 2021",,USA,"Niello BMW Sacramento, Sacramento, US",,,,,,,,
300 - Alpine White,F97,LKDA - Sakhir Orange Extended Merino Leather,,5YMTS0C05M9G45807,,9G45807,2MK,,,"Mar 17, 2021",,USA,"BMW of Tri-Cities, Richland, US",,,,,,,,
C28 - Donington Grey Metallic,F97,LKSW - Black Extended Merino Leather,,5YMTS0C09M9G45888,,9G45888,2MK,,,"Mar 17, 2021",,USA,"I. G. Burton BMW, Milford, US",,,,,,,,
C28 - Donington Grey Metallic,F97,LKDA - Sakhir Orange Extended Merino Leather,,5YMTS0C05M9G45953,,9G45953,2MK,,,"Mar 17, 2021",,USA,"Century West BMW, North Hollywood, US",,,,,,,,
300 - Alpine White,F97,LKDA - Sakhir Orange Extended Merino Leather,,5YMTS0C03M9G45997,,9G45997,2MK,,,"Mar 17, 2021",,USA,"Park Avenue BMW, Rochelle Park, US",,,,,,,,
A90 - Dark Graphite Metallic,F97,LKSW - Black Extended Merino Leather,,5YMTS0C07M9G46070,,9G46070,2MK,,,"Mar 18, 2021",,USA,"BMW of Fremont, Fremont, US",,,,,,,,
300 - Alpine White,F97,LKSW - Black Extended Merino Leather,,5YMTS0C09M9G46278,,9G46278,2MK,,,"Mar 18, 2021",,USA,"BMW of Anchorage, Anchorage, US",,,,,,,,
300 - Alpine White,F97,LKDA - Sakhir Orange Extended Merino Leather,,5YMTS0C08M9G46319,,9G46319,2MK,,,"Mar 18, 2021",,USA,"BMW of Roseville, Roseville, US",,,,,,,,
C28 - Donington Grey Metallic,F97,LKDA - Sakhir Orange Extended Merino Leather,,5YMTS0C09M9G46359,,9G46359,2MK,,,"Mar 18, 2021",,USA,"BMW of Springfield, Springfield, US",,,,,,,,
C28 - Donington Grey Metallic,F97,VATQ - BMW Individual Tartufo Extended Merino Leather,,5YMTS0C01M9G46386,,9G46386,2MK,,,"Mar 18, 2021",,USA,"BMW of Fairfax, Fairfax, US",,,,,,,,
C3G - Toronto Red Metallic,F97,HDJA - Black/Midrand Beige Two-Tone Merino Leather / Alcantara,,5YMTS0C0XM9G46676,,9G46676,2MK,,,"Mar 18, 2021",,USA,"Motorwerks BMW, Bloomington, US",,,,,,,,
C28 - Donington Grey Metallic,F97,VAEW - BMW Individual Ivory White Extended Merino Leather,,5YMTS0C00M9G46704,,9G46704,2MK,,,"Mar 18, 2021",,USA,"BMW of Raleigh, Raleigh, US",,,,,,,,
300 - Alpine White,F97,LKSW - Black Extended Merino Leather,,5YMTS0C01M9G46744,,9G46744,2MK,,,"Mar 18, 2021",,USA,"BMW North Scottsdale, Phoenix, US",,,,,,,,
475 - Black Sapphire Metallic,F97,LKSW - Black Extended Merino Leather,,5YMTS0C07M9G46831,,9G46831,2MK,,,"Mar 19, 2021",,USA,"BMW of Shrewsbury, Shrewsbury, US",,,,,,,,
C1M - Phytonic Blue Metallic,F97,LKSW - Black Extended Merino Leather,,5YMTS0C08M9G46868,,9G46868,2MK,,,"Mar 19, 2021",,USA,"Valley BMW, Modesto, US",,,,,,,,
300 - Alpine White,F97,LKSW - Black Extended Merino Leather,,5YMTS0C01M9G46906,,9G46906,2MK,,,"Mar 19, 2021",,USA,"Crevier BMW, Santa Ana, US",,,,,,,,
475 - Black Sapphire Metallic,F97,HDJA - Black/Midrand Beige Two-Tone Merino Leather / Alcantara,,5YMTS0C04M9G46933,,9G46933,2MK,,,"Mar 19, 2021",,USA,"BMW of Toledo, Toledo, US",,,,,,,,
475 - Black Sapphire Metallic,F97,MAH7 - Black Vernasca Leather,,5YMTS0C05M9G46973,,9G46973,2MK,,,"Mar 19, 2021",,USA,"BMW of Mt. Laurel, Mount Laurel, US",,,,,,,,
475 - Black Sapphire Metallic,F97,LKDA - Sakhir Orange Extended Merino Leather,,5YMTS0C08M9G47017,,9G47017,2MK,,,"Mar 19, 2021",,USA,"BMW of Mt. Laurel, Mount Laurel, US",,,,,,,,
475 - Black Sapphire Metallic,F97,LKDA - Sakhir Orange Extended Merino Leather,,5YMTS0C00M9G47058,,9G47058,2MK,,,"Mar 19, 2021",,USA,"Autogermana, Inc., Hato Rey, US",,,,,,,,
475 - Black Sapphire Metallic,F97,LKSW - Black Extended Merino Leather,,5YMTS0C07M9G47087,,9G47087,2MK,,,"Mar 19, 2021",,USA,"BMW of Roseville, Roseville, US",,,,,,,,
C28 - Donington Grey Metallic,F97,LKDA - Sakhir Orange Extended Merino Leather,,5YMTS0C08M9G47129,,9G47129,2MK,,,"Mar 19, 2021",,USA,"Crevier BMW, Santa Ana, US",,,,,,,,
300 - Alpine White,F97,HDJA - Black/Midrand Beige Two-Tone Merino Leather / Alcantara,,5YMTS0C08M9G47325,,9G47325,2MK,,,"Mar 19, 2021",,USA,"Autogermana, Inc., Hato Rey, US",,,,,,,,
C1M - Phytonic Blue Metallic,F97,VATQ - BMW Individual Tartufo Extended Merino Leather,,5YMTS0C04M9G47368,,9G47368,2MK,,,"Mar 19, 2021",,USA,"Braman Motorcars/Braman MINI of Pal, West Palm Beach, US",,,,,,,,
C28 - Donington Grey Metallic,F97,LKSW - Black Extended Merino Leather,,5YMTS0C04M9G49153,,9G49153,2MK,,,"Mar 19, 2021",,USA,"BMW of San Francisco, San Francisco, US",,,,,,,,
300 - Alpine White,F97,LKDA - Sakhir Orange Extended Merino Leather,,5YMTS0C00M9G49182,,9G49182,2MK,,,"Mar 19, 2021",,USA,"Pacific BMW, Glendale, US",,,,,,,,
A90 - Dark Graphite Metallic,F97,VATQ - BMW Individual Tartufo Extended Merino Leather,,5YMTS0C09M9G49228,,9G49228,2MK,,,"Mar 20, 2021",,USA,"Braman Motorcars/Braman MINI of Pal, West Palm Beach, US",,,,,,,,
C28 - Donington Grey Metallic,F97,LKSW - Black Extended Merino Leather,,5YMTS0C05M9G49310,,9G49310,2MK,,,"Mar 20, 2021",,USA,"BMW of Palm Springs, Palm Springs, US",,,,,,,,
475 - Black Sapphire Metallic,F97,LKDA - Sakhir Orange Extended Merino Leather,,5YMTS0C07M9G49339,,9G49339,2MK,,,"Mar 21, 2021",,USA,"BMW of Morristown, Morristown, US",,,,,,,,
475 - Black Sapphire Metallic,F97,LKDA - Sakhir Orange Extended Merino Leather,,5YMTS0C08M9G49432,,9G49432,2MK,,,"Mar 21, 2021",,USA,"Schomp BMW of Highlands Ranch, Highlands Ranch, US",,,,,,,,
300 - Alpine White,F97,HDJA - Black/Midrand Beige Two-Tone Merino Leather / Alcantara,,5YMTS0C01M9G49501,,9G49501,2MK,,,"Mar 22, 2021",,USA,"Fields BMW, Winter Park, US",,,,,,,,
C28 - Donington Grey Metallic,F97,LKHV - Adelaide Grey Extended Merino Leather,,5YMTS0C0XM9G49593,,9G49593,2MK,,,"Mar 22, 2021",,USA,"Richmond BMW, Richmond, US",,,,,,,,
C28 - Donington Grey Metallic,F97,HDJA - Black/Midrand Beige Two-Tone Merino Leather / Alcantara,,5YMTS0C00M9G49635,,9G49635,2MK,,,"Mar 22, 2021",,USA,"Autogermana, Inc., Hato Rey, US",,,,,,,,
C1M - Phytonic Blue Metallic,F97,VAEW - BMW Individual Ivory White Extended Merino Leather,,5YMTS0C00M9G49795,,9G49795,2MK,,,"Mar 22, 2021",,USA,"BMW of Omaha/MINI of Omaha, Omaha, US",,,,,,,,
C28 - Donington Grey Metallic,F97,LKDA - Sakhir Orange Extended Merino Leather,,5YMTS0C06M9G49879,,9G49879,2MK,,,"Mar 22, 2021",,USA,"Fields BMW, Winter Park, US",,,,,,,,
300 - Alpine White,F97,LKSW - Black Extended Merino Leather,,5YMTS0C0XM9G49948,,9G49948,2MK,,,"Mar 22, 2021",,USA,"BMW of Lincoln, Lincoln, US",,,,,,,,
475 - Black Sapphire Metallic,F97,LKSW - Black Extended Merino Leather,,5YMTS0C08M9G49978,,9G49978,2MK,,,"Mar 23, 2021",,USA,"BMW of West Houston, Houston, US",,,,,,,,
C28 - Donington Grey Metallic,F97,LKSW - Black Extended Merino Leather,,5YMTS0C09M9G50024,,9G50024,2MK,,,"Mar 23, 2021",,USA,"BMW Cleveland, Solan, US",,,,,,,,
475 - Black Sapphire Metallic,F97,HDJA - Black/Midrand Beige Two-Tone Merino Leather / Alcantara,,5YMTS0C00M9G50056,,9G50056,2MK,,,"Mar 23, 2021",,USA,"Motorwerks BMW, Bloomington, US",,,,,,,,
475 - Black Sapphire Metallic,F97,LKSW - Black Extended Merino Leather,,5YMTS0C05M9G50098,,9G50098,2MK,,,"Mar 23, 2021",,USA,"BMW of Loveland, Loveland, US",,,,,,,,
C28 - Donington Grey Metallic,F97,LKDA - Sakhir Orange Extended Merino Leather,,5YMTS0C0XM9G50128,,9G50128,2MK,,,"Mar 22, 2021",,USA,"Braman Motorcars/Braman MINI of Pal, West Palm Beach, US",,,,,,,,
C1M - Phytonic Blue Metallic,F97,VATQ - BMW Individual Tartufo Extended Merino Leather,,5YMTS0C08M9G50175,,9G50175,2MK,,,"Mar 23, 2021",,USA,"BMW of Toledo, Toledo, US",,,,,,,,
475 - Black Sapphire Metallic,F97,LKHV - Adelaide Grey Extended Merino Leather,,5YMTS0C0XM9G50243,,9G50243,2MK,,,"Mar 23, 2021",,USA,"BMW of Louisville, Louisville, US",,,,,,,,
475 - Black Sapphire Metallic,F97,LKHV - Adelaide Grey Extended Merino Leather,,5YMTS0C09M9G50279,,9G50279,2MK,,,"Mar 23, 2021",,USA,"BMW of Salem, Salem, US",,,,,,,,
C3G - Toronto Red Metallic,F97,VATQ - BMW Individual Tartufo Extended Merino Leather,,5YMTS0C05M9G51297,,9G51297,2MK,,,"Mar 23, 2021",,USA,"Fields BMW, Winter Park, US",,,,,,,,
300 - Alpine White,F97,LKHV - Adelaide Grey Extended Merino Leather,,5YMTS0C01M9G51328,,9G51328,2MK,,,"Mar 23, 2021",,USA,"BMW Sainte-Julie, Sainte-Julie, CA",,,,,,,,
300 - Alpine White,F97,HDJA - Black/Midrand Beige Two-Tone Merino Leather / Alcantara,,5YMTS0C06M9G51454,,9G51454,2MK,,,"Mar 23, 2021",,USA,"BMW of Honolulu, Honolulu, US",,,,,,,,
475 - Black Sapphire Metallic,F97,LKSW - Black Extended Merino Leather,,5YMTS0C02M9G51483,,9G51483,2MK,,,"Mar 23, 2021",,USA,"BMW of San Francisco, San Francisco, US",,,,,,,,
475 - Black Sapphire Metallic,F97,MAH7 - Black Vernasca Leather,,5YMTS0C03M9G51671,,9G51671,2MK,,,"Mar 23, 2021",,USA,"McKenna BMW, Norwalk, US",,,,,,,,
C28 - Donington Grey Metallic,F97,LKSW - Black Extended Merino Leather,,5YMTS0C00M9G51739,,9G51739,2MK,,,"Mar 23, 2021",,USA,"BMW of Reading, Reading, US",,,,,,,,
C28 - Donington Grey Metallic,F97,LKHV - Adelaide Grey Extended Merino Leather,,5YMTS0C08M9G51892,,9G51892,2MK,,,"Mar 24, 2021",,USA,"Richmond BMW, Richmond, US",,,,,,,,
C28 - Donington Grey Metallic,F97,LKHV - Adelaide Grey Extended Merino Leather,,5YMTS0C09M9G51934,,9G51934,2MK,,,"Mar 24, 2021",,USA,"Tom Bush BMW Jacksonville, Jacksonville, US",,,,,,,,
C28 - Donington Grey Metallic,F97,LKSW - Black Extended Merino Leather,,5YMTS0C03M9G53369,,9G53369,2MK,,,"Mar 24, 2021",,USA,"BMW of Morristown, Morristown, US",,,,,,,,
475 - Black Sapphire Metallic,F97,VATQ - BMW Individual Tartufo Extended Merino Leather,,5YMTS0C0XM9G53465,,9G53465,2MK,,,"Mar 24, 2021",,USA,"BMW of Dallas/MINI of Dallas, Dallas, US",,,,,,,,
C1M - Phytonic Blue Metallic,F97,VATQ - BMW Individual Tartufo Extended Merino Leather,,5YMTS0C00M9G53541,,9G53541,2MK,,,"Mar 24, 2021",,USA,"BMW of Tigard, Tigard, US",,,,,,,,
475 - Black Sapphire Metallic,F97,LKDA - Sakhir Orange Extended Merino Leather,,5YMTS0C00M9G53622,,9G53622,2MK,,,"Mar 24, 2021",,USA,"Park Avenue BMW, Rochelle Park, US",,,,,,,,
C28 - Donington Grey Metallic,F97,MAH7 - Black Vernasca Leather,,5YMTS0C01M9G53693,,9G53693,2MK,,,"Mar 24, 2021",,USA,"BMW of Morristown, Morristown, US",,,,,,,,
300 - Alpine White,F97,LKDA - Sakhir Orange Extended Merino Leather,,5YMTS0C07M9G53732,,9G53732,2MK,,,"Mar 24, 2021",,USA,"International Autos/MINI, West Allis, US",,,,,,,,
C28 - Donington Grey Metallic,F97,LKSW - Black Extended Merino Leather,,5YMTS0C08M9G53772,,9G53772,2MK,,,"Mar 24, 2021",,USA,"Erhard BMW of Bloomfield Hills, Bloomfield Hills, US",,,,,,,,
475 - Black Sapphire Metallic,F97,MAH7 - Black Vernasca Leather,,5YMTS0C02M9G53816,,9G53816,2MK,,,"Mar 24, 2021",,USA,"BMW of Morristown, Morristown, US",,,,,,,,
300 - Alpine White,F97,LKSW - Black Extended Merino Leather,,5YMTS0C02M9G53847,,9G53847,2MK,,,"Mar 24, 2021",,USA,"Erhard BMW of Bloomfield Hills, Bloomfield Hills, US",,,,,,,,
475 - Black Sapphire Metallic,F97,LKDA - Sakhir Orange Extended Merino Leather,,5YMTS0C07M9G53956,,9G53956,2MK,,,"Mar 25, 2021",,USA,"BMW of Morristown, Morristown, US",,,,,,,,
C28 - Donington Grey Metallic,F97,LKHV - Adelaide Grey Extended Merino Leather,,5YMTS0C0XM9G53997,,9G53997,2MK,,,"Mar 25, 2021",,USA,"Pacific BMW, Glendale, US",,,,,,,,
475 - Black Sapphire Metallic,F97,LKDA - Sakhir Orange Extended Merino Leather,,5YMTS0C09M9G54025,,9G54025,2MK,,,"Mar 25, 2021",,USA,"BMW of West Springfield, West Springfield, US",,,,,,,,
300 - Alpine White,F97,LKSW - Black Extended Merino Leather,,5YMTS0C04M9G54062,,9G54062,2MK,,,"Mar 25, 2021",,USA,"BMW of Morristown, Morristown, US",,,,,,,,
C28 - Donington Grey Metallic,F97,MAH7 - Black Vernasca Leather,,5YMTS0C09M9G54137,,9G54137,2MK,,,"Mar 25, 2021",,USA,"BMW of Okemos, Okemos, US",,,,,,,,
C28 - Donington Grey Metallic,F97,LKDA - Sakhir Orange Extended Merino Leather,,5YMTS0C05M9G54247,,9G54247,2MK,,,"Mar 25, 2021",,USA,"BMW of Bloomfield, Bloomfield, US",,,,,,,,
C28 - Donington Grey Metallic,F97,LKSW - Black Extended Merino Leather,,5YMTS0C06M9G54290,,9G54290,2MK,,,"Mar 25, 2021",,USA,"BMW of San Antonio/MINI of San Anto, San Antonio, US",,,,,,,,
300 - Alpine White,F97,MAH7 - Black Vernasca Leather,,5YMTS0C07M9G54315,,9G54315,2MK,,,"Mar 25, 2021",,USA,"BMW of Manhasset, Manhasset, US",,,,,,,,
C3G - Toronto Red Metallic,F97,LKSW - Black Extended Merino Leather,,5YMTS0C0XM9G55829,,9G55829,2MK,,,"Mar 25, 2021",,USA,"BMW of Grapevine, Grapevine, US",,,,,,,,
C28 - Donington Grey Metallic,F97,LKDA - Sakhir Orange Extended Merino Leather,,5YMTS0C09M9G55899,,9G55899,2MK,,,"Mar 25, 2021",,USA,"BMW of Delray Beach, Delray Beach, US",,,,,,,,
475 - Black Sapphire Metallic,F97,VATQ - BMW Individual Tartufo Extended Merino Leather,,5YMTS0C05M9G55933,,9G55933,2MK,,,"Mar 25, 2021",,USA,"BMW of Riverside, Riverside, US",,,,,,,,
475 - Black Sapphire Metallic,F97,LKSW - Black Extended Merino Leather,,5YMTS0C08M9G56073,,9G56073,2MK,,,"Mar 26, 2021",,USA,"Tulley BMW, Nashua, US",,,,,,,,
A90 - Dark Graphite Metallic,F97,VATQ - BMW Individual Tartufo Extended Merino Leather,,5YMTS0C09M9G56115,,9G56115,2MK,,,"Mar 26, 2021",,USA,"Autobahn Motorcars, Fort Worth, US",,,,,,,,
C3G - Toronto Red Metallic,F97,LKHV - Adelaide Grey Extended Merino Leather,,5YMTS0C02M9G56182,,9G56182,2MK,,,"Mar 26, 2021",,USA,"BMW of Toledo, Toledo, US",,,,,,,,
300 - Alpine White,F97,LKHV - Adelaide Grey Extended Merino Leather,,5YMTS0C06M9G56248,,9G56248,2MK,,,"Mar 26, 2021",,USA,"Tulley BMW, Nashua, US",,,,,,,,
475 - Black Sapphire Metallic,F97,VATQ - BMW Individual Tartufo Extended Merino Leather,,5YMTS0C0XM9G56284,,9G56284,2MK,,,"Mar 26, 2021",,USA,"BMW of Gwinnett Place, Duluth, US",,,,,,,,
300 - Alpine White,F97,LKSW - Black Extended Merino Leather,,5YMTS0C09M9G56311,,9G56311,2MK,,,"Mar 26, 2021",,USA,"Sterling BMW, Newport Beach, US",,,,,,,,
C28 - Donington Grey Metallic,F97,LKSW - Black Extended Merino Leather,,5YMTS0C0XM9G56348,,9G56348,2MK,,,"Mar 26, 2021",,USA,"BMW of Sioux Falls, Sioux Falls, US",,,,,,,,
475 - Black Sapphire Metallic,F97,LKHV - Adelaide Grey Extended Merino Leather,,5YMTS0C05M9G56385,,9G56385,2MK,,,"Mar 26, 2021",,USA,"Brian Harris BMW, Baton Rouge, US",,,,,,,,
300 - Alpine White,F97,VAEW - BMW Individual Ivory White Extended Merino Leather,,5YMTS0C04M9G57284,,9G57284,2MK,,,"Mar 26, 2021",,USA,"BMW of Gwinnett Place, Duluth, US",,,,,,,,
C1M - Phytonic Blue Metallic,F97,LKSW - Black Extended Merino Leather,,5YMTS0C05M9G57309,,9G57309,2MK,,,"Mar 26, 2021",,USA,"BMW of Bellevue, Bellevue, US",,,,,,,,
300 - Alpine White,F97,LKSW - Black Extended Merino Leather,,5YMTS0C06M9G57349,,9G57349,2MK,,,"Mar 26, 2021",,USA,"Tom Bush BMW Jacksonville, Jacksonville, US",,,,,,,,
C3G - Toronto Red Metallic,F97,LKSW - Black Extended Merino Leather,,5YMTS0C07M9G57439,,9G57439,2MK,,,"Mar 28, 2021",,USA,"Jackie Cooper Imports/MINI, Edmond, US",,,,,,,,
A90 - Dark Graphite Metallic,F97,LKDA - Sakhir Orange Extended Merino Leather,,5YMTS0C06M9G57481,,9G57481,2MK,,,"Mar 27, 2021",,USA,"Park Avenue BMW, Rochelle Park, US",,,,,,,,
300 - Alpine White,F97,LKDA - Sakhir Orange Extended Merino Leather,,5YMTS0C06M9G57593,,9G57593,2MK,,,"Mar 28, 2021",,USA,"Stevens Creek BMW, Santa Clara, US",,,,,,,,
C28 - Donington Grey Metallic,F97,MAH7 - Black Vernasca Leather,,5YMTS0C0XM9G57659,,9G57659,2MK,,,"Mar 28, 2021",,USA,"Hilton Head BMW, Bluffton, US",,,,,,,,
300 - Alpine White,F97,HDJA - Black/Midrand Beige Two-Tone Merino Leather / Alcantara,,5YMTS0C01M9G57727,,9G57727,2MK,,,"Mar 29, 2021",,USA,"Schomp BMW of Highlands Ranch, Highlands Ranch, US",,,,,,,,
300 - Alpine White,F97,LKDA - Sakhir Orange Extended Merino Leather,,5YMTS0C09M9G57801,,9G57801,2MK,,,"Mar 29, 2021",,USA,"BMW of Bellevue, Bellevue, US",,,,,,,,
C28 - Donington Grey Metallic,F97,LKSW - Black Extended Merino Leather,,5YMTS0C06M9G57836,,9G57836,2MK,,,"Mar 29, 2021",,USA,"Jackie Cooper Imports/MINI, Edmond, US",,,,,,,,
475 - Black Sapphire Metallic,F97,LKSW - Black Extended Merino Leather,,5YMTS0C09M9G61136,,9G61136,2MK,,,"Mar 29, 2021",,USA,"BMW of Buena Park, Buena Park, US",,,,,,,,
475 - Black Sapphire Metallic,F97,HDJA - Black/Midrand Beige Two-Tone Merino Leather / Alcantara,,5YMTS0C06M9G61272,,9G61272,2MK,,,"Mar 29, 2021",,USA,"BMW of Freeport, Freeport, US",,,,,,,,
300 - Alpine White,F97,LKDA - Sakhir Orange Extended Merino Leather,,5YMTS0C02M9G61298,,9G61298,2MK,,,"Mar 29, 2021",,USA,"BMW of Mountain View, Mountain View, US",,,,,,,,
475 - Black Sapphire Metallic,F97,LKDA - Sakhir Orange Extended Merino Leather,,5YMTS0C02M9G61334,,9G61334,2MK,,,"Mar 29, 2021",,USA,"BMW of Bloomfield, Bloomfield, US",,,,,,,,
475 - Black Sapphire Metallic,F97,LKSW - Black Extended Merino Leather,,5YMTS0C06M9G61370,,9G61370,2MK,,,"Mar 29, 2021",,USA,"BMW of South Austin, Austin, US",,,,,,,,
475 - Black Sapphire Metallic,F97,LKSW - Black Extended Merino Leather,,5YMTS0C09M9G61394,,9G61394,2MK,,,"Mar 29, 2021",,USA,"Richmond BMW, Richmond, US",,,,,,,,
475 - Black Sapphire Metallic,F97,LKSW - Black Extended Merino Leather,,5YMTS0C07M9G61569,,9G61569,2MK,,,"Mar 30, 2021",,USA,"BMW of Orland Park, Orland Park, US",,,,,,,,
475 - Black Sapphire Metallic,F97,LKHV - Adelaide Grey Extended Merino Leather,,5YMTS0C0XM9G61680,,9G61680,2MK,,,"Mar 30, 2021",,USA,"BMW of Arlington, Arlington, US",,,,,,,,
475 - Black Sapphire Metallic,F97,LKDA - Sakhir Orange Extended Merino Leather,,5YMTS0C09M9G61721,,9G61721,2MK,,,"Mar 30, 2021",,USA,"BMW Performance Center (SC), Greer, US",,,,,,,,
C28 - Donington Grey Metallic,F97,LKSW - Black Extended Merino Leather,,5YMTS0C01M9G61860,,9G61860,2MK,,,"Mar 30, 2021",,USA,"Galleria BMW, D'Iberville, US",,,,,,,,
C28 - Donington Grey Metallic,F97,LKDA - Sakhir Orange Extended Merino Leather,,5YMTS0C06M9G61899,,9G61899,2MK,,,"Mar 30, 2021",,USA,"BMW of Orland Park, Orland Park, US",,,,,,,,
300 - Alpine White,F97,LKDA - Sakhir Orange Extended Merino Leather,,5YMTS0C07M9G61927,,9G61927,2MK,,,"Mar 30, 2021",,USA,"Park Place BMW, Rochester, US",,,,,,,,
C28 - Donington Grey Metallic,F97,LKSW - Black Extended Merino Leather,,5YMTS0C09M9G62027,,9G62027,2MK,,,"Mar 30, 2021",,USA,"BMW of Des Moines, Urbandale, US",,,,,,,,
300 - Alpine White,F97,VATQ - BMW Individual Tartufo Extended Merino Leather,,5YMTS0C06M9G62065,,9G62065,2MK,,,"Mar 30, 2021",,USA,"Tulley BMW, Nashua, US",,,,,,,,
C28 - Donington Grey Metallic,F97,LKDA - Sakhir Orange Extended Merino Leather,,5YMTS0C07M9G62091,,9G62091,2MK,,,"Mar 30, 2021",,USA,"BMW Encinitas, Encinitas, US",,,,,,,,
300 - Alpine White,F97,LKSW - Black Extended Merino Leather,,5YMTS0C08M9G62259,,9G62259,2MK,,,"Mar 31, 2021",,USA,"BMW of Manhattan, New York, US",,,,,,,,
300 - Alpine White,F97,LKSW - Black Extended Merino Leather,,5YMTS0C07M9G62298,,9G62298,2MK,,,"Mar 31, 2021",,USA,"Braman Motorcars/Braman MINI of Pal, West Palm Beach, US",,,,,,,,
A90 - Dark Graphite Metallic,F97,VAEW - BMW Individual Ivory White Extended Merino Leather,,5YMTS0C0XM9G62327,,9G62327,2MK,,,"Mar 31, 2021",,USA,"Rusnak BMW, Thousand Oaks, US",,,,,,,,
C28 - Donington Grey Metallic,F97,HDJA - Black/Midrand Beige Two-Tone Merino Leather / Alcantara,,5YMTS0C02M9G62399,,9G62399,2MK,,,"Mar 31, 2021",,USA,"Circle BMW, Eatontown, US",,,,,,,,
475 - Black Sapphire Metallic,F97,LKDA - Sakhir Orange Extended Merino Leather,,5YMTS0C01M9G62426,,9G62426,2MK,,,"Mar 31, 2021",,USA,"BMW of El Paso, El Paso, US",,,,,,,,
475 - Black Sapphire Metallic,F97,LKSW - Black Extended Merino Leather,,5YMTS0C09M9G62464,,9G62464,2MK,,,"Mar 31, 2021",,USA,"Sterling BMW, Newport Beach, US",,,,,,,,
C28 - Donington Grey Metallic,F97,LKHV - Adelaide Grey Extended Merino Leather,,5YMTS0C00M9G62501,,9G62501,2MK,,,"Mar 31, 2021",,USA,"BMW of Tri-Cities, Richland, US",,,,,,,,
300 - Alpine White,F97,LKSW - Black Extended Merino Leather,,5YMTS0C06M9G62681,,9G62681,2MK,,,"Mar 31, 2021",,USA,"BMW of Murray, Murray, US",,,,,,,,
475 - Black Sapphire Metallic,F97,LKDA - Sakhir Orange Extended Merino Leather,,5YMTS0C0XM9G62747,,9G62747,2MK,,,"Mar 31, 2021",,USA,"BMW of Peabody, Peabody, US",,,,,,,,
C1M - Phytonic Blue Metallic,F97,VATQ - BMW Individual Tartufo Extended Merino Leather,,5YMTS0C02M9G62810,,9G62810,2MK,,,"Mar 31, 2021",,USA,"BMW of Sudbury, Sudbury, US",,,,,,,,
C1M - Phytonic Blue Metallic,F97,MAH7 - Black Vernasca Leather,,5YMTS0C00M9G62837,,9G62837,2MK,,,"Mar 31, 2021",,USA,"Rick Hendrick BMW Charleston, Charleston, US",,,,,,,,
A90 - Dark Graphite Metallic,F97,LKHV - Adelaide Grey Extended Merino Leather,,5YMTS0C09M9G62870,,9G62870,2MK,,,"Mar 31, 2021",,USA,"Crevier BMW, Santa Ana, US",,,,,,,,
C28 - Donington Grey Metallic,F97,HDJA - Black/Midrand Beige Two-Tone Merino Leather / Alcantara,,5YMTS0C03M9G62928,,9G62928,2MK,,,"Apr 1, 2021",,USA,"Rick Hendrick BMW Charleston, Charleston, US",,,,,,,,
C28 - Donington Grey Metallic,F97,VATQ - BMW Individual Tartufo Extended Merino Leather,,5YMTS0C05M9G63109,,9G63109,2MK,,,"Apr 1, 2021",,USA,"BMW of Manhattan, New York, US",,,,,,,,
475 - Black Sapphire Metallic,F97,LKSW - Black Extended Merino Leather,,5YMTS0C06M9G63149,,9G63149,2MK,,,"Apr 1, 2021",,USA,"Reeves Import Motorcars, Inc., Tampa, US",,,,,,,,
C1M - Phytonic Blue Metallic,F97,VATQ - BMW Individual Tartufo Extended Merino Leather,,5YMTS0C01M9G63351,,9G63351,2MK,,,"Apr 1, 2021",,USA,"Rallye BMW, Westbury, US",,,,,,,,
475 - Black Sapphire Metallic,F97,LKDA - Sakhir Orange Extended Merino Leather,,5YMTS0C0XM9G65504,,9G65504,2MK,,,"Apr 2, 2021",,USA,"BMW of Manhasset, Manhasset, US",,,,,,,,
475 - Black Sapphire Metallic,F97,LKSW - Black Extended Merino Leather,,5YMTS0C06M9G65614,,9G65614,2MK,,,"Apr 2, 2021",,USA,"Rusnak BMW, Thousand Oaks, US",,,,,,,,
C1M - Phytonic Blue Metallic,F97,LKHV - Adelaide Grey Extended Merino Leather,,5YMTS0C05M9G65684,,9G65684,2MK,,,"Apr 5, 2021",,USA,"BMW Performance Center (SC), Greer, US",,,,,,,,
A90 - Dark Graphite Metallic,F97,HDJA - Black/Midrand Beige Two-Tone Merino Leather / Alcantara,,5YMTS0C07M9G65783,,9G65783,2MK,,,"Apr 5, 2021",,USA,"Critz BMW, Savannah, US",,,,,,,,
475 - Black Sapphire Metallic,F97,LKHV - Adelaide Grey Extended Merino Leather,,5YMTS0C05M9G65846,,9G65846,2MK,,,"Apr 5, 2021",,USA,"BMW Encinitas, Encinitas, US",,,,,,,,
C28 - Donington Grey Metallic,F97,LKDA - Sakhir Orange Extended Merino Leather,,5YMTS0C07M9G65881,,9G65881,2MK,,,"Apr 5, 2021",,USA,"BMW of Reading, Reading, US",,,,,,,,
300 - Alpine White,F97,VATQ - BMW Individual Tartufo Extended Merino Leather,,5YMTS0C09M9G65980,,9G65980,2MK,,,"Apr 5, 2021",,USA,"Fields BMW, Winter Park, US",,,,,,,,
300 - Alpine White,F97,HDJA - Black/Midrand Beige Two-Tone Merino Leather / Alcantara,,5YMTS0C0XM9G66989,,9G66989,2MK,,,"Apr 5, 2021",,USA,"Competition BMW of Smithtown, Saint James, US",,,,,,,,
C1N - Sunstone Metallic,F97,LKSW - Black Extended Merino Leather,,5YMTS0C02M9G67053,,9G67053,2MK,,,"Apr 5, 2021",,USA,"Classic BMW, Plano, US",,,,,,,,
C28 - Donington Grey Metallic,F97,LKDA - Sakhir Orange Extended Merino Leather,,5YMTS0C07M9G67078,,9G67078,2MK,,,"Apr 5, 2021",,USA,"BMW of Springfield, Springfield, US",,,,,,,,
300 - Alpine White,F97,MAH7 - Black Vernasca Leather,,5YMTS0C00M9G67312,,9G67312,2MK,,,"Apr 6, 2021",,USA,"BMW of Devon, Devon, US",,,,,,,,
C28 - Donington Grey Metallic,F97,LKHV - Adelaide Grey Extended Merino Leather,,5YMTS0C01M9G67352,,9G67352,2MK,,,"Apr 6, 2021",,USA,"BMW of Rochester Hills, Shelby Township, US",,,,,,,,
C28 - Donington Grey Metallic,F97,LKHV - Adelaide Grey Extended Merino Leather,,5YMTS0C08M9G67462,,9G67462,2MK,,,"Apr 6, 2021",,USA,"BMW of College Station, College Station, US",,,,,,,,
300 - Alpine White,F97,LKSW - Black Extended Merino Leather,,5YMTS0C01M9G67609,,9G67609,2MK,,,"Apr 6, 2021",,USA,"BMW Encinitas, Encinitas, US",,,,,,,,
C28 - Donington Grey Metallic,F97,LKDA - Sakhir Orange Extended Merino Leather,,5YMTS0C0XM9G68872,,9G68872,2MK,,,"Apr 7, 2021",,USA,"BMW of Brooklyn, Brooklyn, US",,,,,,,,
C28 - Donington Grey Metallic,F97,LKSW - Black Extended Merino Leather,,5YMTS0C04M9G68902,,9G68902,2MK,,,"Apr 7, 2021",,USA,"Niederlassung Stuttgart, Stuttgart, DE",,,,,,,,
C28 - Donington Grey Metallic,F97,LKSW - Black Extended Merino Leather,,5YMTS0C09M9G68944,,9G68944,2MK,,,"Apr 7, 2021",,USA,"Rallye BMW, Westbury, US",,,,,,,,
A90 - Dark Graphite Metallic,F97,LKDA - Sakhir Orange Extended Merino Leather,,5YMTS0C06M9G69050,,9G69050,2MK,,,"Apr 7, 2021",,USA,"BMW of Rochester, Rochester, US",,,,,,,,
300 - Alpine White,F97,MAH7 - Black Vernasca Leather,,5YMTS0C05M9G69136,,9G69136,2MK,,,"Apr 7, 2021",,USA,"BMW of Catonsville, Baltimore, US",,,,,,,,
C28 - Donington Grey Metallic,F97,LKDA - Sakhir Orange Extended Merino Leather,,5YMTS0C09M9G69172,,9G69172,2MK,,,"Apr 7, 2021",,USA,"BMW West Island, Dorval, CA",,,,,,,,
C28 - Donington Grey Metallic,F97,LKSW - Black Extended Merino Leather,,5YMTS0C02M9G70275,,9G70275,2MK,,,"Apr 7, 2021",,USA,"BMW of Omaha/MINI of Omaha, Omaha, US",,,,,,,,
300 - Alpine White,F97,HDJA - Black/Midrand Beige Two-Tone Merino Leather / Alcantara,,5YMTS0C03M9G70382,,9G70382,2MK,,,"Apr 8, 2021",,USA,"BMW of Honolulu, Honolulu, US",,,,,,,,
300 - Alpine White,F97,LKSW - Black Extended Merino Leather,,5YMTS0C04M9G70410,,9G70410,2MK,,,"Apr 8, 2021",,USA,"Braman Motorcars/Braman MINI of Pal, West Palm Beach, US",,,,,,,,
300 - Alpine White,F97,LKDA - Sakhir Orange Extended Merino Leather,,5YMTS0C05M9G70450,,9G70450,2MK,,,"Apr 8, 2021",,USA,"BMW of Bakersfield, Bakersfield, US",,,,,,,,
300 - Alpine White,F97,HDJA - Black/Midrand Beige Two-Tone Merino Leather / Alcantara,,5YMTS0C00M9G70629,,9G70629,2MK,,,"Apr 8, 2021",,USA,"BMW of Fort Lauderdale, Fort Lauderdale, US",,,,,,,,
C28 - Donington Grey Metallic,F97,LKSW - Black Extended Merino Leather,,5YMTS0C07M9G70692,,9G70692,2MK,,,"Apr 8, 2021",,USA,"BMW of Roseville, Roseville, US",,,,,,,,
300 - Alpine White,F97,LKDA - Sakhir Orange Extended Merino Leather,,5YMTS0C0XM9G70797,,9G70797,2MK,,,"Apr 8, 2021",,USA,"BMW of Freehold, Freehold, US",,,,,,,,
C28 - Donington Grey Metallic,F97,LKSW - Black Extended Merino Leather,,5YMTS0C07M9G70837,,9G70837,2MK,,,"Apr 8, 2021",,USA,"Galleria BMW, D'Iberville, US",,,,,,,,
C28 - Donington Grey Metallic,F97,MAOQ - Oyster Vernasca Leather,,5YMTS0C00M9G70906,,9G70906,2MK,,,"Apr 8, 2021",,USA,"BMW of Springfield, Springfield, US",,,,,,,,
475 - Black Sapphire Metallic,F97,LKSW - Black Extended Merino Leather,,5YMTS0C07M9G71888,,9G71888,2MK,,,"Apr 8, 2021",,USA,"Braman Motorcars/Braman MINI of Pal, West Palm Beach, US",,,,,,,,
475 - Black Sapphire Metallic,F97,LKSW - Black Extended Merino Leather,,5YMTS0C05M9G71954,,9G71954,2MK,,,"Apr 8, 2021",,USA,"BMW of Austin, Austin, US",,,,,,,,
C28 - Donington Grey Metallic,F97,MAH7 - Black Vernasca Leather,,5YMTS0C07M9G72104,,9G72104,2MK,,,"Apr 9, 2021",,USA,"BMW of Southampton, Southampton, US",,,,,,,,
475 - Black Sapphire Metallic,F97,HDJA - Black/Midrand Beige Two-Tone Merino Leather / Alcantara,,5YMTS0C03M9G72147,,9G72147,2MK,,,"Apr 9, 2021",,USA,"BMW of Barrington, Barrington, US",,,,,,,,
300 - Alpine White,F97,HDJA - Black/Midrand Beige Two-Tone Merino Leather / Alcantara,,5YMTS0C05M9G72215,,9G72215,2MK,,,"Apr 9, 2021",,USA,"BMW of San Luis Obispo, San Luis Obispo, US",,,,,,,,
475 - Black Sapphire Metallic,F97,HDJA - Black/Midrand Beige Two-Tone Merino Leather / Alcantara,,5YMTS0C06M9G72255,,9G72255,2MK,,,"Apr 9, 2021",,USA,"Global Imports BMW, Atlanta, US",,,,,,,,
300 - Alpine White,F97,LKDA - Sakhir Orange Extended Merino Leather,,5YMTS0C00M9G72297,,9G72297,2MK,,,"Apr 9, 2021",,USA,"Bill Jacobs BMW/MINI, Naperville, US",,,,,,,,
A90 - Dark Graphite Metallic,F97,VATQ - BMW Individual Tartufo Extended Merino Leather,,5YMTS0C06M9G72434,,9G72434,2MK,,,"Apr 9, 2021",,USA,"Bill Jacobs BMW/MINI, Naperville, US",,,,,,,,
475 - Black Sapphire Metallic,F97,LKSW - Black Extended Merino Leather,,5YMTS0C05M9G72523,,9G72523,2MK,,,"Apr 9, 2021",,USA,"Germain BMW of Naples, Naples, US",,,,,,,,
C28 - Donington Grey Metallic,F97,LKDA - Sakhir Orange Extended Merino Leather,,5YMTS0C00M9G72560,,9G72560,2MK,,,"Apr 9, 2021",,USA,"Wide World BMW, Spring Valley, US",,,,,,,,
A90 - Dark Graphite Metallic,F97,LKSW - Black Extended Merino Leather,,5YMTS0C01M9G72647,,9G72647,2MK,,,"Apr 9, 2021",,USA,"Fields BMW, Winter Park, US",,,,,,,,
A90 - Dark Graphite Metallic,F97,LKDA - Sakhir Orange Extended Merino Leather,,5YMTS0C02M9G72785,,9G72785,2MK,,,"Apr 10, 2021",,USA,"Century BMW, Greenville, US",,,,,,,,
C1M - Phytonic Blue Metallic,F97,VATQ - BMW Individual Tartufo Extended Merino Leather,,5YMTS0C08M9G72810,,9G72810,2MK,,,"Apr 10, 2021",,USA,"BMW of West Springfield, West Springfield, US",,,,,,,,
C1M - Phytonic Blue Metallic,F97,VATQ - BMW Individual Tartufo Extended Merino Leather,,5YMTS0C09M9G72847,,9G72847,2MK,,,"Apr 10, 2021",,USA,"Braman Motorcars/Braman MINI of Pal, West Palm Beach, US",,,,,,,,
300 - Alpine White,F97,VATQ - BMW Individual Tartufo Extended Merino Leather,,5YMTS0C00M9G75734,,9G75734,2MK,,,"Apr 11, 2021",,USA,"Hilton Head BMW, Bluffton, US",,,,,,,,
475 - Black Sapphire Metallic,F97,LKDA - Sakhir Orange Extended Merino Leather,,5YMTS0C0XM9G75840,,9G75840,2MK,,,"Apr 11, 2021",,USA,"BMW of Brooklyn, Brooklyn, US",,,,,,,,
300 - Alpine White,F97,MAH7 - Black Vernasca Leather,,5YMTS0C09M9G75974,,9G75974,2MK,,,"Apr 12, 2021",,USA,"BMW of Grapevine, Grapevine, US",,,,,,,,
C28 - Donington Grey Metallic,F97,LKSW - Black Extended Merino Leather,,5YMTS0C03M9G76036,,9G76036,2MK,,,"Apr 12, 2021",,USA,"Medford BMW, Medford, US",,,,,,,,
C1M - Phytonic Blue Metallic,F97,VAEW - BMW Individual Ivory White Extended Merino Leather,,5YMTS0C00M9G76074,,9G76074,2MK,,,"Apr 12, 2021",,USA,"BMW of Warwick, Warwick, US",,,,,,,,
C28 - Donington Grey Metallic,F97,VATQ - BMW Individual Tartufo Extended Merino Leather,,5YMTS0C07M9G76167,,9G76167,2MK,,,"Apr 12, 2021",,USA,"BMW of Minnetonka, Minnetonka, US",,,,,,,,
C28 - Donington Grey Metallic,F97,LKDA - Sakhir Orange Extended Merino Leather,,5YMTS0C08M9G76226,,9G76226,2MK,,,"Apr 12, 2021",,USA,"Crown BMW, Greensboro, US",,,,,,,,
C28 - Donington Grey Metallic,F97,LKDA - Sakhir Orange Extended Merino Leather,,5YMTS0C08M9G76288,,9G76288,2MK,,,"Apr 12, 2021",,USA,"BMW of Louisville, Louisville, US",,,,,,,,
C1M - Phytonic Blue Metallic,F97,LKSW - Black Extended Merino Leather,,5YMTS0C03M9G76330,,9G76330,2MK,,,"Apr 12, 2021",,USA,"BMW of Anchorage, Anchorage, US",,,,,,,,
475 - Black Sapphire Metallic,F97,LKDA - Sakhir Orange Extended Merino Leather,,5YMTS0C01M9G76407,,9G76407,2MK,,,"Apr 12, 2021",,USA,"BMW of Riverside, Riverside, US",,,,,,,,
C28 - Donington Grey Metallic,F97,HDJA - Black/Midrand Beige Two-Tone Merino Leather / Alcantara,,5YMTS0C05M9G76443,,9G76443,2MK,,,"Apr 12, 2021",,USA,"Tulley BMW, Nashua, US",,,,,,,,
C3G - Toronto Red Metallic,F97,LKSW - Black Extended Merino Leather,,5YMTS0C04M9G76532,,9G76532,2MK,,,"Apr 12, 2021",,USA,"Chapman BMW, Chandler, US",,,,,,,,
C28 - Donington Grey Metallic,F97,HDJA - Black/Midrand Beige Two-Tone Merino Leather / Alcantara,,5YMTS0C06M9G76726,,9G76726,2MK,,,"Apr 13, 2021",,USA,"BMW of Alexandria, Alexandria, US",,,,,,,,
C3G - Toronto Red Metallic,F97,VATQ - BMW Individual Tartufo Extended Merino Leather,,5YMTS0C04M9G76773,,9G76773,2MK,,,"Apr 13, 2021",,USA,"BMW of Fort Washington, Dresher, US",,,,,,,,
300 - Alpine White,F97,LKDA - Sakhir Orange Extended Merino Leather,,5YMTS0C06M9G76886,,9G76886,2MK,,,"Apr 13, 2021",,USA,"Braman BMW/Braman MINI of Miami, Miami, US",,,,,,,,
C28 - Donington Grey Metallic,F97,LKSW - Black Extended Merino Leather,,5YMTS0C04M9G77020,,9G77020,2MK,,,"Apr 13, 2021",,USA,"Classic BMW, Plano, US",,,,,,,,
C28 - Donington Grey Metallic,F97,LKSW - Black Extended Merino Leather,,5YMTS0C08M9G77053,,9G77053,2MK,,,"Apr 13, 2021",,USA,"BMW of Austin, Austin, US",,,,,,,,
475 - Black Sapphire Metallic,F97,LKSW - Black Extended Merino Leather,,5YMTS0C0XM9G78995,,9G78995,2MK,,,"Apr 13, 2021",,USA,"Classic BMW, Plano, US",,,,,,,,
C3G - Toronto Red Metallic,F97,LKSW - Black Extended Merino Leather,,5YMTS0C0XM9G79063,,9G79063,2MK,,,"Apr 13, 2021",,USA,"Bobby Rahal BMW of South Hills, Canonsburg, US",,,,,,,,
475 - Black Sapphire Metallic,F97,LKDA - Sakhir Orange Extended Merino Leather,,5YMTS0C08M9G79126,,9G79126,2MK,,,"Apr 13, 2021",,USA,"BMW of Des Moines, Urbandale, US",,,,,,,,
475 - Black Sapphire Metallic,F97,LKSW - Black Extended Merino Leather,,5YMTS0C04M9G79253,,9G79253,2MK,,,"Apr 14, 2021",,USA,"BMW of Fort Lauderdale, Fort Lauderdale, US",,,,,,,,
A90 - Dark Graphite Metallic,F97,LKSW - Black Extended Merino Leather,,5YMTS0C02M9G79283,,9G79283,2MK,,,"Apr 14, 2021",,USA,"Century West BMW, North Hollywood, US",,,,,,,,
475 - Black Sapphire Metallic,F97,LKSW - Black Extended Merino Leather,,5YMTS0C09M9G79426,,9G79426,2MK,,,"Apr 14, 2021",,USA,"BMW of Gwinnett Place, Duluth, US",,,,,,,,
475 - Black Sapphire Metallic,F97,LKDA - Sakhir Orange Extended Merino Leather,,5YMTS0C02M9G79493,,9G79493,2MK,,,"Apr 14, 2021",,USA,"BMW of Buena Park, Buena Park, US",,,,,,,,
A90 - Dark Graphite Metallic,F97,LKDA - Sakhir Orange Extended Merino Leather,,5YMTS0C08M9G79529,,9G79529,2MK,,,"Apr 14, 2021",,USA,"Stevens Creek BMW, Santa Clara, US",,,,,,,,
300 - Alpine White,F97,LKDA - Sakhir Orange Extended Merino Leather,,5YMTS0C05M9G79696,,9G79696,2MK,,,"Apr 14, 2021",,USA,"Global Imports BMW, Atlanta, US",,,,,,,,
A90 - Dark Graphite Metallic,F97,LKDA - Sakhir Orange Extended Merino Leather,,5YMTS0C06M9G79738,,9G79738,2MK,,,"Apr 14, 2021",,USA,"Taylor BMW, Evans, US",,,,,,,,
300 - Alpine White,F97,MAH7 - Black Vernasca Leather,,5YMTS0C07M9G79764,,9G79764,2MK,,,"Apr 14, 2021",,USA,"BMW of Brooklyn, Brooklyn, US",,,,,,,,
C28 - Donington Grey Metallic,F97,LKHV - Adelaide Grey Extended Merino Leather,,5YMTS0C01M9G79856,,9G79856,2MK,,,"Apr 15, 2021",,USA,"BMW of Salem, Salem, US",,,,,,,,
300 - Alpine White,F97,LKHV - Adelaide Grey Extended Merino Leather,,5YMTS0C02M9G79882,,9G79882,2MK,,,"Apr 15, 2021",,USA,"BMW Fresno, Fresno, US",,,,,,,,
C28 - Donington Grey Metallic,F97,LKSW - Black Extended Merino Leather,,5YMTS0C0XM9G79919,,9G79919,2MK,,,"Apr 15, 2021",,USA,"Braman Motorcars/Braman MINI of Pal, West Palm Beach, US",,,,,,,,
C28 - Donington Grey Metallic,F97,LKHV - Adelaide Grey Extended Merino Leather,,5YMTS0C09M9G79961,,9G79961,2MK,,,"Apr 15, 2021",,USA,"Valley BMW, Modesto, US",,,,,,,,
C28 - Donington Grey Metallic,F97,LKSW - Black Extended Merino Leather,,5YMTS0C02M9G80000,,9G80000,2MK,,,"Apr 15, 2021",,USA,"Chapman BMW, Chandler, US",,,,,,,,
C28 - Donington Grey Metallic,F97,HDJA - Black/Midrand Beige Two-Tone Merino Leather / Alcantara,,5YMTS0C0XM9G80097,,9G80097,2MK,,,"Apr 15, 2021",,USA,"BMW of Toledo, Toledo, US",,,,,,,,
C28 - Donington Grey Metallic,F97,LKDA - Sakhir Orange Extended Merino Leather,,5YMTS0C05M9G80136,,9G80136,2MK,,,"Apr 15, 2021",,USA,"Patrick BMW, Schaumburg, US",,,,,,,,
300 - Alpine White,F97,LKSW - Black Extended Merino Leather,,5YMTS0C02M9G80305,,9G80305,2MK,,,"Apr 15, 2021",,USA,"Vista BMW, Coconut Creek, US",,,,,,,,
300 - Alpine White,F97,LKSW - Black Extended Merino Leather,,5YMTS0C08M9G81281,,9G81281,2MK,,,"Apr 15, 2021",,USA,"BMW of Denver Downtown, Denver, US",,,,,,,,
A90 - Dark Graphite Metallic,F97,LKSW - Black Extended Merino Leather,,5YMTS0C0XM9G81346,,9G81346,2MK,,,"Apr 15, 2021",,USA,"BMW of Okemos, Okemos, US",,,,,,,,
C3G - Toronto Red Metallic,F97,LKSW - Black Extended Merino Leather,,5YMTS0C04M9G81391,,9G81391,2MK,,,"Apr 15, 2021",,USA,"BMW of South Austin, Austin, US",,,,,,,,
C3G - Toronto Red Metallic,F97,LKHV - Adelaide Grey Extended Merino Leather,,5YMTS0C07M9G81496,,9G81496,2MK,,,"Apr 16, 2021",,USA,"BMW of Lancaster, Lancaster, US",,,,,,,,
300 - Alpine White,F97,LKDA - Sakhir Orange Extended Merino Leather,,5YMTS0C02M9G81521,,9G81521,2MK,,,"Apr 16, 2021",,USA,"BMW of San Diego, San Diego, US",,,,,,,,
300 - Alpine White,F97,LKDA - Sakhir Orange Extended Merino Leather,,5YMTS0C01M9G81557,,9G81557,2MK,,,"Apr 16, 2021",,USA,"BMW of El Cajon, El Cajon, US",,,,,,,,
C28 - Donington Grey Metallic,F97,LKHV - Adelaide Grey Extended Merino Leather,,5YMTS0C02M9G81583,,9G81583,2MK,,,"Apr 16, 2021",,USA,"Fields BMW, Winter Park, US",,,,,,,,
300 - Alpine White,F97,LKSW - Black Extended Merino Leather,,5YMTS0C06M9G81621,,9G81621,2MK,,,"Apr 16, 2021",,USA,"BMW of Myrtle Beach, Myrtle Beach, US",,,,,,,,
C1M - Phytonic Blue Metallic,F97,LKHV - Adelaide Grey Extended Merino Leather,,5YMTS0C04M9G81648,,9G81648,2MK,,,"Apr 16, 2021",,USA,"Gebhardt BMW, Boulder, US",,,,,,,,
300 - Alpine White,F97,VATQ - BMW Individual Tartufo Extended Merino Leather,,5YMTS0C04M9G81763,,9G81763,2MK,,,"Apr 16, 2021",,USA,"BMW of Towson, Towson, US",,,,,,,,
C1M - Phytonic Blue Metallic,F97,MAH7 - Black Vernasca Leather,,5YMTS0C0XM9G81931,,9G81931,2MK,,,"Apr 16, 2021",,USA,"Baron BMW/MINI, Merriam, US",,,,,,,,
475 - Black Sapphire Metallic,F97,LKSW - Black Extended Merino Leather,,5YMTS0C09M9G83721,,9G83721,2MK,,,"Apr 16, 2021",,USA,"Bill Jacobs BMW/MINI, Naperville, US",,,,,,,,
A90 - Dark Graphite Metallic,F97,LKSW - Black Extended Merino Leather,,5YMTS0C09M9G83749,,9G83749,2MK,,,"Apr 16, 2021",,USA,"Gebhardt BMW, Boulder, US",,,,,,,,
475 - Black Sapphire Metallic,F97,LKHV - Adelaide Grey Extended Merino Leather,,5YMTS0C05M9G83814,,9G83814,2MK,,,"Apr 16, 2021",,USA,"Ferman BMW/Ferman MINI of Tampa Bay, Palm Harbor, US",,,,,,,,
475 - Black Sapphire Metallic,F97,LKSW - Black Extended Merino Leather,,5YMTS0C00M9G83879,,9G83879,2MK,,,"Apr 16, 2021",,USA,"Fields BMW, Northfield, US",,,,,,,,
A90 - Dark Graphite Metallic,F97,LKDA - Sakhir Orange Extended Merino Leather,,5YMTS0C06M9G83918,,9G83918,2MK,,,"Apr 17, 2021",,USA,"Fields BMW, Winter Park, US",,,,,,,,
300 - Alpine White,F97,LKSW - Black Extended Merino Leather,,5YMTS0C0XM9G83985,,9G83985,2MK,,,"Apr 17, 2021",,USA,"Casey BMW, Newport News, US",,,,,,,,
475 - Black Sapphire Metallic,F97,LKDA - Sakhir Orange Extended Merino Leather,,5YMTS0C00M9G84062,,9G84062,2MK,,,"Apr 18, 2021",,USA,"Schomp BMW of Highlands Ranch, Highlands Ranch, US",,,,,,,,
475 - Black Sapphire Metallic,F97,VATQ - BMW Individual Tartufo Extended Merino Leather,,5YMTS0C06M9G84129,,9G84129,2MK,,,"Apr 18, 2021",,USA,"BMW of the Main Line, Bala Cynwyd, US",,,,,,,,
C1M - Phytonic Blue Metallic,F97,LKSW - Black Extended Merino Leather,,5YMTS0C05M9G84168,,9G84168,2MK,,,"Apr 18, 2021",,USA,"Fields BMW, Winter Park, US",,,,,,,,
300 - Alpine White,F97,LKSW - Black Extended Merino Leather,,5YMTS0C00M9G84305,,9G84305,2MK,,,"Apr 19, 2021",,USA,"Peterson BMW of Boise, Boise, US",,,,,,,,
C1M - Phytonic Blue Metallic,F97,LKSW - Black Extended Merino Leather,,5YMTS0C07M9G84365,,9G84365,2MK,,,"Apr 19, 2021",,USA,"Fields BMW, Winter Park, US",,,,,,,,
C28 - Donington Grey Metallic,F97,LKDA - Sakhir Orange Extended Merino Leather,,5YMTS0C03M9G84458,,9G84458,2MK,,,"Apr 19, 2021",,USA,"Tulley BMW, Nashua, US",,,,,,,,
C28 - Donington Grey Metallic,F97,LKSW - Black Extended Merino Leather,,5YMTS0C06M9G84583,,9G84583,2MK,,,"Apr 19, 2021",,USA,"BMW of Nashville, Brentwood, US",,,,,,,,
C28 - Donington Grey Metallic,F97,LKSW - Black Extended Merino Leather,,5YMTS0C09M9G84657,,9G84657,2MK,,,"Apr 19, 2021",,USA,"BMW Performance Center (SC), Greer, US",,,,,,,,
C28 - Donington Grey Metallic,F97,HDJA - Black/Midrand Beige Two-Tone Merino Leather / Alcantara,,5YMTS0C08M9G84746,,9G84746,2MK,,,"Apr 19, 2021",,USA,"Laurel BMW of Westmont, Westmont, US",,,,,,,,
C28 - Donington Grey Metallic,F97,LKSW - Black Extended Merino Leather,,5YMTS0C03M9G84850,,9G84850,2MK,,,"Apr 19, 2021",,USA,"Century West BMW, North Hollywood, US",,,,,,,,
300 - Alpine White,F97,VATQ - BMW Individual Tartufo Extended Merino Leather,,5YMTS0C08M9G84889,,9G84889,2MK,,,"Apr 20, 2021",,USA,"Ferman BMW/Ferman MINI of Tampa Bay, Palm Harbor, US",,,,,,,,
C28 - Donington Grey Metallic,F97,HDJA - Black/Midrand Beige Two-Tone Merino Leather / Alcantara,,5YMTS0C09M9G84996,,9G84996,2MK,,,"Apr 20, 2021",,USA,"BMW of Louisville, Louisville, US",,,,,,,,
C28 - Donington Grey Metallic,F97,HDJA - Black/Midrand Beige Two-Tone Merino Leather / Alcantara,,5YMTS0C0XM9G87146,,9G87146,2MK,,,"Apr 20, 2021",,USA,"BMW of Dallas/MINI of Dallas, Dallas, US",,,,,,,,
C28 - Donington Grey Metallic,F97,MAOQ - Oyster Vernasca Leather,,5YMTS0C02M9G87349,,9G87349,2MK,,,"Apr 20, 2021",,USA,"BMW of Delray Beach, Delray Beach, US",,,,,,,,
C28 - Donington Grey Metallic,F97,LKDA - Sakhir Orange Extended Merino Leather,,5YMTS0C07M9G87640,,9G87640,2MK,,,"Apr 21, 2021",,USA,"Germain BMW of Naples, Naples, US",,,,,,,,
300 - Alpine White,F97,LKDA - Sakhir Orange Extended Merino Leather,,5YMTS0C09M9G87705,,9G87705,2MK,,,"Apr 21, 2021",,USA,"BMW of Houston North, Houston, US",,,,,,,,
300 - Alpine White,F97,LKDA - Sakhir Orange Extended Merino Leather,,5YMTS0C0XM9G87793,,9G87793,2MK,,,"Apr 21, 2021",,USA,"BMW of San Antonio/MINI of San Anto, San Antonio, US",,,,,,,,
C28 - Donington Grey Metallic,F97,LKSW - Black Extended Merino Leather,,5YMTS0C05M9G87815,,9G87815,2MK,,,"Apr 21, 2021",,USA,"BMW of Anchorage, Anchorage, US",,,,,,,,
C1M - Phytonic Blue Metallic,F97,VAEW - BMW Individual Ivory White Extended Merino Leather,,5YMTS0C06M9G87838,,9G87838,2MK,,,"Apr 21, 2021",,USA,"Hendrick BMW, Charlotte, US",,,,,,,,
300 - Alpine White,F97,LKDA - Sakhir Orange Extended Merino Leather,,5YMTS0C0XM9G87941,,9G87941,2MK,,,"Apr 21, 2021",,USA,"BMW of Toledo, Toledo, US",,,,,,,,
300 - Alpine White,F97,LKSW - Black Extended Merino Leather,,5YMTS0C0XM9G87986,,9G87986,2MK,,,"Apr 21, 2021",,USA,"Crevier BMW, Santa Ana, US",,,,,,,,
C3G - Toronto Red Metallic,F97,MAOQ - Oyster Vernasca Leather,,5YMTS0C05M9G88026,,9G88026,2MK,,,"Apr 21, 2021",,USA,"BMW of Lincoln, Lincoln, US",,,,,,,,
300 - Alpine White,F97,LKDA - Sakhir Orange Extended Merino Leather,,5YMTS0C04M9G88423,,9G88423,2MK,,,"Apr 22, 2021",,USA,"Momentum BMW/MINI, Houston, US",,,,,,,,
C3G - Toronto Red Metallic,F97,LKSW - Black Extended Merino Leather,,5YMTS0C06M9G88505,,9G88505,2MK,,,"Apr 22, 2021",,USA,"Autogermana, Inc., Hato Rey, US",,,,,,,,
300 - Alpine White,F97,LKSW - Black Extended Merino Leather,,5YMTS0C01M9G88542,,9G88542,2MK,,,"Apr 22, 2021",,USA,"Habberstad BMW, Huntington Station, US",,,,,,,,
300 - Alpine White,F97,LKSW - Black Extended Merino Leather,,5YMTS0C06M9G88567,,9G88567,2MK,,,"Apr 22, 2021",,USA,"BMW of South Austin, Austin, US",,,,,,,,
C28 - Donington Grey Metallic,F97,LKDA - Sakhir Orange Extended Merino Leather,,5YMTS0C03M9G88669,,9G88669,2MK,,,"Apr 22, 2021",,USA,"BMW of Tenafly, Tenafly, US",,,,,,,,
A90 - Dark Graphite Metallic,F97,VATQ - BMW Individual Tartufo Extended Merino Leather,,5YMTS0C01M9G88704,,9G88704,2MK,,,"Apr 22, 2021",,USA,"Autogermana, Inc., Hato Rey, US",,,,,,,,
C28 - Donington Grey Metallic,F97,LKSW - Black Extended Merino Leather,,5YMTS0C08M9G88733,,9G88733,2MK,,,"Apr 22, 2021",,USA,"BMW of Honolulu, Honolulu, US",,,,,,,,
C1M - Phytonic Blue Metallic,F97,VAEW - BMW Individual Ivory White Extended Merino Leather,,5YMTS0C03M9G88770,,9G88770,2MK,,,"Apr 22, 2021",,USA,"BMW of Austin, Austin, US",,,,,,,,
300 - Alpine White,F97,LKDA - Sakhir Orange Extended Merino Leather,,5YMTS0C07M9G91008,,9G91008,2MK,,,"Apr 22, 2021",,USA,"Medford BMW, Medford, US",,,,,,,,
300 - Alpine White,F97,LKDA - Sakhir Orange Extended Merino Leather,,5YMTS0C07M9G91249,,9G91249,2MK,,,"Apr 23, 2021",,USA,"BMW West Island, Dorval, CA",,,,,,,,
475 - Black Sapphire Metallic,F97,LKDA - Sakhir Orange Extended Merino Leather,,5YMTS0C09M9G91320,,9G91320,2MK,,,"Apr 23, 2021",,USA,"BMW of Mt. Laurel, Mount Laurel, US",,,,,,,,
475 - Black Sapphire Metallic,F97,LKSW - Black Extended Merino Leather,,5YMTS0C02M9G91935,,9G91935,2MK,,,"Apr 25, 2021",,USA,"Galleria BMW, D'Iberville, US",,,,,,,,
C28 - Donington Grey Metallic,F97,LKSW - Black Extended Merino Leather,,5YMTS0C02M9G91949,,9G91949,2MK,,,"Apr 25, 2021",,USA,"BMW Performance Center (SC), Greer, US",,,,,,,,
475 - Black Sapphire Metallic,F97,LKSW - Black Extended Merino Leather,,5YMTS0C02M9G92003,,9G92003,2MK,,,"Apr 25, 2021",,USA,"Calgary BMW, Calgary, CA",,,,,,,,
475 - Black Sapphire Metallic,F97,HDJA - Black/Midrand Beige Two-Tone Merino Leather / Alcantara,,5YMTS0C09M9G92063,,9G92063,2MK,,,"Apr 25, 2021",,USA,"BMW of Columbia, Columbia, US",,,,,,,,
C28 - Donington Grey Metallic,F97,LKSW - Black Extended Merino Leather,,5YMTS0C0XM9G95702,,9G95702,2MK,,,"Apr 27, 2021",,USA,"Park Shore BMW, North Vancouver, CA",,,,,,,,
475 - Black Sapphire Metallic,F97,LKDA - Sakhir Orange Extended Merino Leather,,5YMTS0C01M9G95796,,9G95796,2MK,,,"Apr 27, 2021",,USA,"Budds' BMW Hamilton, Hamilton, CA",,,,,,,,
475 - Black Sapphire Metallic,F97,HDJA - Black/Midrand Beige Two-Tone Merino Leather / Alcantara,,5YMTS0C04M9G95873,,9G95873,2MK,,,"Apr 27, 2021",,USA,"Brian Jessel BMW, Vancouver, CA",,,,,,,,
475 - Black Sapphire Metallic,F97,HDJA - Black/Midrand Beige Two-Tone Merino Leather / Alcantara,,5YMTS0C07M9G96032,,9G96032,2MK,,,"Apr 27, 2021",,USA,"BMW Toronto, Toronto, CA",,,,,,,,
475 - Black Sapphire Metallic,F97,HDJA - Black/Midrand Beige Two-Tone Merino Leather / Alcantara,,5YMTS0C07M9G96080,,9G96080,2MK,,,"Apr 27, 2021",,USA,"BMW of Dayton, Dayton, US",,,,,,,,
475 - Black Sapphire Metallic,F97,LKDA - Sakhir Orange Extended Merino Leather,,5YMTS0C00M9G96180,,9G96180,2MK,,,"Apr 28, 2021",,USA,"Maranello BMW, Vaughan, CA",,,,,,,,
475 - Black Sapphire Metallic,F97,LKSW - Black Extended Merino Leather,,5YMTS0C04M9G96215,,9G96215,2MK,,,"Apr 28, 2021",,USA,"BMW Encinitas, Encinitas, US",,,,,,,,
300 - Alpine White,F97,HDJA - Black/Midrand Beige Two-Tone Merino Leather / Alcantara,,5YMTS0C04M9G96263,,9G96263,2MK,,,"Apr 28, 2021",,USA,"BMW Brossard, Brossard, CA",,,,,,,,
C28 - Donington Grey Metallic,F97,LKDA - Sakhir Orange Extended Merino Leather,,5YMTS0C00M9G98415,,9G98415,2MK,,,"Apr 28, 2021",,USA,"New Country BMW, Hartford, US",,,,,,,,
C1M - Phytonic Blue Metallic,F97,LKDA - Sakhir Orange Extended Merino Leather,,5YMTS0C07M9G98539,,9G98539,2MK,,,"Apr 28, 2021",,USA,"BMW of Mountain View, Mountain View, US",,,,,,,,
C28 - Donington Grey Metallic,F97,LKHV - Adelaide Grey Extended Merino Leather,,5YMTS0C02M9G98576,,9G98576,2MK,,,"Apr 28, 2021",,USA,"Rallye BMW, Westbury, US",,,,,,,,
C1M - Phytonic Blue Metallic,F97,LKSW - Black Extended Merino Leather,,5YMTS0C07M9G98637,,9G98637,2MK,,,"Apr 28, 2021",,USA,"Casey BMW, Newport News, US",,,,,,,,
A90 - Dark Graphite Metallic,F97,LKDA - Sakhir Orange Extended Merino Leather,,5YMTS0C0XM9G98745,,9G98745,2MK,,,"Apr 28, 2021",,USA,"Perillo BMW, Inc., Chicago, US",,,,,,,,
300 - Alpine White,F97,LKDA - Sakhir Orange Extended Merino Leather,,5YMTS0C06M9G98757,,9G98757,2MK,,,"Apr 29, 2021",,USA,"Patrick BMW, Schaumburg, US",,,,,,,,
300 - Alpine White,F97,VAEW - BMW Individual Ivory White Extended Merino Leather,,5YMTS0C01M9G98794,,9G98794,2MK,,,"Apr 29, 2021",,USA,"BMW of Manhasset, Manhasset, US",,,,,,,,
C3G - Toronto Red Metallic,F97,LKSW - Black Extended Merino Leather,,5YMTS0C07M9G98850,,9G98850,2MK,,,"Apr 29, 2021",,USA,"Birchwood BMW, Winnipeg, CA",,,,,,,,
300 - Alpine White,F97,LKDA - Sakhir Orange Extended Merino Leather,,5YMTS0C0XM9G98938,,9G98938,2MK,,,"Apr 29, 2021",,USA,"BMW of Westchester, White Plains, US",,,,,,,,
C1M - Phytonic Blue Metallic,F97,LKHV - Adelaide Grey Extended Merino Leather,,5YMTS0C02M9G99517,,9G99517,2MK,,,"Apr 30, 2021",,USA,"BMW of Manhattan, New York, US",,,,,,,,
C3G - Toronto Red Metallic,F97,LKSW - Black Extended Merino Leather,,5YMTS0C0XM9G99572,,9G99572,2MK,,,"Apr 30, 2021",,USA,"BMW of Pharr, Pharr, US",,,,,,,,
C28 - Donington Grey Metallic,F97,LKDA - Sakhir Orange Extended Merino Leather,,5YMTS0C01M9G99914,,9G99914,2MK,,,"Apr 30, 2021",,USA,"BMW of Freeport, Freeport, US",,,,,,,,
C3G - Toronto Red Metallic,F97,VATQ - BMW Individual Tartufo Extended Merino Leather,,5YMTS0C08M9H00914,,9H00914,2MK,,,"Apr 30, 2021",,USA,"BMW of Rockville, Rockville, US",,,,,,,,
300 - Alpine White,F97,LKHV - Adelaide Grey Extended Merino Leather,,5YMTS0C01M9H00981,,9H00981,2MK,,,"Apr 30, 2021",,USA,"Galleria BMW, D'Iberville, US",,,,,,,,
475 - Black Sapphire Metallic,F97,LKDA - Sakhir Orange Extended Merino Leather,,5YMTS0C09M9H01053,,9H01053,2MK,,,"May 1, 2021",,USA,"Bavaria BMW, Edmonton, CA",,,,,,,,
300 - Alpine White,F97,LKDA - Sakhir Orange Extended Merino Leather,,5YMTS0C02M9H01153,,9H01153,2MK,,,"May 1, 2021",,USA,"Calgary BMW, Calgary, CA",,,,,,,,
C1M - Phytonic Blue Metallic,F97,LKDA - Sakhir Orange Extended Merino Leather,,5YMTS0C02M9H01198,,9H01198,2MK,,,"May 2, 2021",,USA,"BMW Performance Center (SC), Greer, US",,,,,,,,
300 - Alpine White,F97,VATQ - BMW Individual Tartufo Extended Merino Leather,,5YMTS0C09M9H01330,,9H01330,2MK,,,"May 3, 2021",,USA,"BMW of South Austin, Austin, US",,,,,,,,
C28 - Donington Grey Metallic,F97,LKDA - Sakhir Orange Extended Merino Leather,,5YMTS0C01M9H01418,,9H01418,2MK,,,"May 3, 2021",,USA,"BMW of Fort Lauderdale, Fort Lauderdale, US",,,,,,,,
C1N - Sunstone Metallic,F97,VATQ - BMW Individual Tartufo Extended Merino Leather,,5YMTS0C08M9H02310,,9H02310,2MK,,,"May 3, 2021",,USA,"Germain BMW of Naples, Naples, US",,,,,,,,
475 - Black Sapphire Metallic,F97,MAH7 - Black Vernasca Leather,,5YMTS0C05M9H02359,,9H02359,2MK,,,"May 3, 2021",,USA,"BMW of West Houston, Houston, US",,,,,,,,
C3G - Toronto Red Metallic,F97,MAOQ - Oyster Vernasca Leather,,5YMTS0C07M9H02413,,9H02413,2MK,,,"May 3, 2021",,USA,"Peterson BMW of Boise, Boise, US",,,,,,,,
C28 - Donington Grey Metallic,F97,LKDA - Sakhir Orange Extended Merino Leather,,5YMTS0C09M9H02459,,9H02459,2MK,,,"May 3, 2021",,USA,"Bob Smith BMW, Calabasas, US",,,,,,,,
C28 - Donington Grey Metallic,F97,LKSW - Black Extended Merino Leather,,5YMTS0C06M9H02743,,9H02743,2MK,,,"May 3, 2021",,USA,"BMW Victoria, Victoria, CA",,,,,,,,
475 - Black Sapphire Metallic,F97,LKSW - Black Extended Merino Leather,,5YMTS0C01M9H02861,,9H02861,2MK,,,"May 4, 2021",,USA,"Atkins Kroll Inc., Tamuning, GU",,,,,,,,
475 - Black Sapphire Metallic,F97,LKSW - Black Extended Merino Leather,,5YMTS0C05M9H04533,,9H04533,2MK,,,"May 5, 2021",,USA,"BMW of Bridgewater, Bridgewater, US",,,,,,,,
C1M - Phytonic Blue Metallic,F97,LKSW - Black Extended Merino Leather,,5YMTS0C00M9H04584,,9H04584,2MK,,,"May 5, 2021",,USA,"Gebhardt BMW, Boulder, US",,,,,,,,
A90 - Dark Graphite Metallic,F97,LKSW - Black Extended Merino Leather,,5YMTS0C08M9H06115,,9H06115,2MK,,,"May 5, 2021",,USA,"Stevens Creek BMW, Santa Clara, US",,,,,,,,
C1M - Phytonic Blue Metallic,F97,MAOQ - Oyster Vernasca Leather,,5YMTS0C08M9H06129,,9H06129,2MK,,,"May 5, 2021",,USA,"BMW of Honolulu, Honolulu, US",,,,,,,,
C28 - Donington Grey Metallic,F97,LKHV - Adelaide Grey Extended Merino Leather,,5YMTS0C02M9H06269,,9H06269,2MK,,,"May 5, 2021",,USA,"BMW of Fremont, Fremont, US",,,,,,,,
C28 - Donington Grey Metallic,F97,MAH7 - Black Vernasca Leather,,5YMTS0C08M9H06325,,9H06325,2MK,,,"May 5, 2021",,USA,"Bobby Rahal BMW of South Hills, Canonsburg, US",,,,,,,,
475 - Black Sapphire Metallic,F97,LKDA - Sakhir Orange Extended Merino Leather,,5YMTS0C06M9H06355,,9H06355,2MK,,,"May 5, 2021",,USA,"Herb Chambers BMW, Charlestown, US",,,,,,,,
C28 - Donington Grey Metallic,F97,VATQ - BMW Individual Tartufo Extended Merino Leather,,5YMTS0C04M9H06368,,9H06368,2MK,,,"May 5, 2021",,USA,"Autogermana, Inc., Hato Rey, US",,,,,,,,
C3G - Toronto Red Metallic,F97,LKHV - Adelaide Grey Extended Merino Leather,,5YMTS0C06M9H06503,,9H06503,2MK,,,"May 6, 2021",,USA,"BMW of Doylestown, Doylestown, US",,,,,,,,
300 - Alpine White,F97,LKDA - Sakhir Orange Extended Merino Leather,,5YMTS0C09M9H06589,,9H06589,2MK,,,"May 6, 2021",,USA,"Braman BMW/Braman MINI of Miami, Miami, US",,,,,,,,
300 - Alpine White,F97,VAEW - BMW Individual Ivory White Extended Merino Leather,,5YMTS0C01M9H06618,,9H06618,2MK,,,"May 6, 2021",,USA,"BMW of West Houston, Houston, US",,,,,,,,
300 - Alpine White,F97,LKDA - Sakhir Orange Extended Merino Leather,,5YMTS0C09M9H06673,,9H06673,2MK,,,"May 6, 2021",,USA,"BMW of Delray Beach, Delray Beach, US",,,,,,,,
C28 - Donington Grey Metallic,F97,LKDA - Sakhir Orange Extended Merino Leather,,5YMTS0C03M9H06961,,9H06961,2MK,,,"May 6, 2021",,USA,"Park Avenue BMW, Rochelle Park, US",,,,,,,,
475 - Black Sapphire Metallic,F97,VATQ - BMW Individual Tartufo Extended Merino Leather,,5YMTS0C09M9H09573,,9H09573,2MK,,,"May 6, 2021",,USA,"Momentum BMW/MINI, Houston, US",,,,,,,,
475 - Black Sapphire Metallic,F97,VATQ - BMW Individual Tartufo Extended Merino Leather,,5YMTS0C05M9H09649,,9H09649,2MK,,,"May 7, 2021",,USA,"Autogermana, Inc., Hato Rey, US",,,,,,,,
475 - Black Sapphire Metallic,F97,LKDA - Sakhir Orange Extended Merino Leather,,5YMTS0C02M9H09852,,9H09852,2MK,,,"May 7, 2021",,USA,"Herb Chambers BMW, Charlestown, US",,,,,,,,
475 - Black Sapphire Metallic,F97,MAH7 - Black Vernasca Leather,,5YMTS0C03M9H09990,,9H09990,2MK,,,"May 7, 2021",,USA,"BMW of Bridgeport, Bridgeport, US",,,,,,,,
475 - Black Sapphire Metallic,F97,LKDA - Sakhir Orange Extended Merino Leather,,5YMTS0C08M9H10035,,9H10035,2MK,,,"May 7, 2021",,USA,"BMW North Scottsdale, Phoenix, US",,,,,,,,
475 - Black Sapphire Metallic,F97,LKSW - Black Extended Merino Leather,,5YMTS0C02M9H10192,,9H10192,2MK,,,"May 7, 2021",,USA,"Tulley BMW, Nashua, US",,,,,,,,
C28 - Donington Grey Metallic,F97,LKSW - Black Extended Merino Leather,,5YMTS0C00M9H10238,,9H10238,2MK,,,"May 7, 2021",,USA,"Fields BMW, Winter Park, US",,,,,,,,
C3G - Toronto Red Metallic,F97,LKHV - Adelaide Grey Extended Merino Leather,,5YMTS0C00M9H10269,,9H10269,2MK,,,"May 7, 2021",,USA,"BMW of Little Rock, Little Rock, US",,,,,,,,
C28 - Donington Grey Metallic,F97,LKSW - Black Extended Merino Leather,,5YMTS0C06M9H10311,,9H10311,2MK,,,"May 7, 2021",,USA,"Gault Auto Sport BMW, Endicott, US",,,,,,,,
A90 - Dark Graphite Metallic,F97,LKHV - Adelaide Grey Extended Merino Leather,,5YMTS0C04M9H10386,,9H10386,2MK,,,"May 8, 2021",,USA,"Karl Knauz Motors, Lake Bluff, US",,,,,,,,
300 - Alpine White,F97,LKDA - Sakhir Orange Extended Merino Leather,,5YMTS0C03M9H10430,,9H10430,2MK,,,"May 8, 2021",,USA,"BMW of Dallas/MINI of Dallas, Dallas, US",,,,,,,,
C28 - Donington Grey Metallic,F97,HDJA - Black/Midrand Beige Two-Tone Merino Leather / Alcantara,,5YMTS0C07M9H10463,,9H10463,2MK,,,"May 8, 2021",,USA,"BMW Northwest, Tacoma, US",,,,,,,,
C28 - Donington Grey Metallic,F97,LKDA - Sakhir Orange Extended Merino Leather,,5YMTS0C01M9H10510,,9H10510,2MK,,,"May 9, 2021",,USA,"Casey BMW, Newport News, US",,,,,,,,
A90 - Dark Graphite Metallic,F97,LKHV - Adelaide Grey Extended Merino Leather,,5YMTS0C00M9H13222,,9H13222,2MK,,,"May 11, 2021",,USA,"Flemington BMW, Flemington, US",,,,,,,,
300 - Alpine White,F97,VATQ - BMW Individual Tartufo Extended Merino Leather,,5YMTS0C03M9H14834,,9H14834,2MK,,,"May 11, 2021",,USA,"United BMW, Alpharetta, US",,,,,,,,
475 - Black Sapphire Metallic,F97,LKDA - Sakhir Orange Extended Merino Leather,,5YMTS0C03M9H14963,,9H14963,2MK,,,"May 11, 2021",,USA,"BMW of Ontario, Ontario, US",,,,,,,,
475 - Black Sapphire Metallic,F97,LKDA - Sakhir Orange Extended Merino Leather,,5YMTS0C06M9H15041,,9H15041,2MK,,,"May 11, 2021",,USA,"Schomp BMW of Highlands Ranch, Highlands Ranch, US",,,,,,,,
475 - Black Sapphire Metallic,F97,LKSW - Black Extended Merino Leather,,5YMTS0C01M9H15190,,9H15190,2MK,,,"May 12, 2021",,USA,"BMW of Orland Park, Orland Park, US",,,,,,,,
C28 - Donington Grey Metallic,F97,MAH7 - Black Vernasca Leather,,5YMTS0C00M9H16783,,9H16783,2MK,,,"May 12, 2021",,USA,"Bill Jacobs BMW/MINI, Naperville, US",,,,,,,,
C28 - Donington Grey Metallic,F97,LKHV - Adelaide Grey Extended Merino Leather,,5YMTS0C04M9H16835,,9H16835,2MK,,,"May 12, 2021",,USA,"BMW of Omaha/MINI of Omaha, Omaha, US",,,,,,,,
300 - Alpine White,F97,LKDA - Sakhir Orange Extended Merino Leather,,5YMTS0C01M9H16923,,9H16923,2MK,,,"May 12, 2021",,USA,"BMW of Southpoint, Durham, US",,,,,,,,
300 - Alpine White,F97,MAH7 - Black Vernasca Leather,,5YMTS0C04M9H17029,,9H17029,2MK,,,"May 12, 2021",,USA,"Bill Jacobs BMW/MINI, Naperville, US",,,,,,,,
C28 - Donington Grey Metallic,F97,LKSW - Black Extended Merino Leather,,5YMTS0C05M9H17198,,9H17198,2MK,,,"May 12, 2021",,USA,"Weatherford BMW, Berkeley, US",,,,,,,,
C28 - Donington Grey Metallic,F97,LKDA - Sakhir Orange Extended Merino Leather,,5YMTS0C03M9H17281,,9H17281,2MK,,,"May 12, 2021",,USA,"BMW of Buena Park, Buena Park, US",,,,,,,,
300 - Alpine White,F97,LKDA - Sakhir Orange Extended Merino Leather,,5YMTS0C01M9H17327,,9H17327,2MK,,,"May 13, 2021",,USA,"Autogermana, Inc., Hato Rey, US",,,,,,,,
300 - Alpine White,F97,LKDA - Sakhir Orange Extended Merino Leather,,5YMTS0C05M9H17492,,9H17492,2MK,,,"May 13, 2021",,USA,"BMW of El Paso, El Paso, US",,,,,,,,
A90 - Dark Graphite Metallic,F97,LKDA - Sakhir Orange Extended Merino Leather,,5YMTS0C03M9H17653,,9H17653,2MK,,,"May 13, 2021",,USA,"BMW of Williamsport, Muncy, US",,,,,,,,
C28 - Donington Grey Metallic,F97,LKSW - Black Extended Merino Leather,,5YMTS0C00M9H17724,,9H17724,2MK,,,"May 13, 2021",,USA,"BMW of Birmingham, Irondale, US",,,,,,,,
C3G - Toronto Red Metallic,F97,LKDA - Sakhir Orange Extended Merino Leather,,5YMTS0C09M9H18869,,9H18869,2MK,,,"May 13, 2021",,USA,"BMW Performance Center (SC), Greer, US",,,,,,,,
C3G - Toronto Red Metallic,F97,HDJA - Black/Midrand Beige Two-Tone Merino Leather / Alcantara,,5YMTS0C06M9H18974,,9H18974,2MK,,,"May 14, 2021",,USA,"Park Avenue BMW, Rochelle Park, US",,,,,,,,
C28 - Donington Grey Metallic,F97,LKSW - Black Extended Merino Leather,,5YMTS0C06M9H19106,,9H19106,2MK,,,"May 14, 2021",,USA,"Sandia BMW/MINI, Albuquerque, US",,,,,,,,
475 - Black Sapphire Metallic,F97,MAOQ - Oyster Vernasca Leather,,5YMTS0C05M9H20229,,9H20229,2MK,,,"May 14, 2021",,USA,"Germain BMW of Naples, Naples, US",,,,,,,,
C3G - Toronto Red Metallic,F97,VAEW - BMW Individual Ivory White Extended Merino Leather,,5YMTS0C06M9H20322,,9H20322,2MK,,,"May 14, 2021",,USA,"Richmond BMW, Richmond, US",,,,,,,,
300 - Alpine White,F97,LKSW - Black Extended Merino Leather,,5YMTS0C02M9H20558,,9H20558,2MK,,,"May 15, 2021",,USA,"BMW of Buena Park, Buena Park, US",,,,,,,,
300 - Alpine White,F97,MAH7 - Black Vernasca Leather,,5YMTS0C02M9H20642,,9H20642,2MK,,,"May 16, 2021",,USA,"BMW of Murrieta, Murrieta, US",,,,,,,,
300 - Alpine White,F97,MAH7 - Black Vernasca Leather,,5YMTS0C04M9H20691,,9H20691,2MK,,,"May 16, 2021",,USA,"BMW of Orland Park, Orland Park, US",,,,,,,,
C28 - Donington Grey Metallic,F97,LKDA - Sakhir Orange Extended Merino Leather,,5YMTS0C03M9H20777,,9H20777,2MK,,,"May 17, 2021",,USA,"BMW of Morristown, Morristown, US",,,,,,,,
C28 - Donington Grey Metallic,F97,LKDA - Sakhir Orange Extended Merino Leather,,5YMTS0C09M9H21982,,9H21982,2MK,,,"May 17, 2021",,USA,"BMW of Morristown, Morristown, US",,,,,,,,
A90 - Dark Graphite Metallic,F97,LKHV - Adelaide Grey Extended Merino Leather,,5YMTS0C02M9H22181,,9H22181,2MK,,,"May 17, 2021",,USA,"A & L BMW, Monroeville, US",,,,,,,,
300 - Alpine White,F97,LKDA - Sakhir Orange Extended Merino Leather,,5YMTS0C02M9H22214,,9H22214,2MK,,,"May 17, 2021",,USA,"BMW of Fort Lauderdale, Fort Lauderdale, US",,,,,,,,
475 - Black Sapphire Metallic,F97,LKSW - Black Extended Merino Leather,,5YMTS0C04M9H22649,,9H22649,2MK,,,"May 18, 2021",,USA,"Schomp BMW of Highlands Ranch, Highlands Ranch, US",,,,,,,,
C28 - Donington Grey Metallic,F97,LKSW - Black Extended Merino Leather,,5YMTS0C01M9H22852,,9H22852,2MK,,,"May 18, 2021",,USA,"Enterprise BMW, Appleton, US",,,,,,,,
300 - Alpine White,F97,LKDA - Sakhir Orange Extended Merino Leather,,5YMTS0C00M9H24429,,9H24429,2MK,,,"May 19, 2021",,USA,"Keeler BMW, Latham, US",,,,,,,,
C28 - Donington Grey Metallic,F97,LKDA - Sakhir Orange Extended Merino Leather,,5YMTS0C04M9H24515,,9H24515,2MK,,,"May 19, 2021",,USA,"Vista BMW, Coconut Creek, US",,,,,,,,
300 - Alpine White,F97,VAEW - BMW Individual Ivory White Extended Merino Leather,,5YMTS0C09M9H24655,,9H24655,2MK,,,"May 19, 2021",,USA,"BMW of Fort Walton Beach, Fort Walton Beach, US",,,,,,,,
300 - Alpine White,F97,LKDA - Sakhir Orange Extended Merino Leather,,5YMTS0C00M9H24706,,9H24706,2MK,,,"May 19, 2021",,USA,"BMW of Buena Park, Buena Park, US",,,,,,,,
300 - Alpine White,F97,LKDA - Sakhir Orange Extended Merino Leather,,5YMTS0C03M9H24750,,9H24750,2MK,,,"May 19, 2021",,USA,"Chapman BMW, Chandler, US",,,,,,,,
C3G - Toronto Red Metallic,F97,LKDA - Sakhir Orange Extended Merino Leather,,5YMTS0C07M9H24783,,9H24783,2MK,,,"May 19, 2021",,USA,"BMW of Palm Springs, Palm Springs, US",,,,,,,,
C1M - Phytonic Blue Metallic,F97,MAH7 - Black Vernasca Leather,,5YMTS0C06M9H24824,,9H24824,2MK,,,"May 19, 2021",,USA,"Newbold BMW, O Fallon, US",,,,,,,,
C28 - Donington Grey Metallic,F97,VATQ - BMW Individual Tartufo Extended Merino Leather,,5YMTS0C00M9H24852,,9H24852,2MK,,,"May 19, 2021",,USA,"BMW of Grapevine, Grapevine, US",,,,,,,,
C28 - Donington Grey Metallic,F97,VAEW - BMW Individual Ivory White Extended Merino Leather,,5YMTS0C08M9H24940,,9H24940,2MK,,,"May 19, 2021",,USA,"BMW of Northwest Arkansas, Bentonville, US",,,,,,,,
C28 - Donington Grey Metallic,F97,LKDA - Sakhir Orange Extended Merino Leather,,5YMTS0C03M9H25199,,9H25199,2MK,,,"May 20, 2021",,USA,"Motorwerks BMW, Bloomington, US",,,,,,,,
300 - Alpine White,F97,LKDA - Sakhir Orange Extended Merino Leather,,5YMTS0C08M9H25280,,9H25280,2MK,,,"May 20, 2021",,USA,"Rallye BMW, Westbury, US",,,,,,,,
A90 - Dark Graphite Metallic,F97,LKSW - Black Extended Merino Leather,,5YMTS0C08M9H25361,,9H25361,2MK,,,"May 20, 2021",,USA,"Tom Bush BMW Jacksonville, Jacksonville, US",,,,,,,,
475 - Black Sapphire Metallic,F97,LKDA - Sakhir Orange Extended Merino Leather,,5YMTS0C03M9H28099,,9H28099,2MK,,,"May 21, 2021",,USA,"BMW of Temple, Temple, US",,,,,,,,
A90 - Dark Graphite Metallic,F97,MAOQ - Oyster Vernasca Leather,,5YMTS0C0XM9H28164,,9H28164,2MK,,,"May 21, 2021",,USA,"BMW of Warwick, Warwick, US",,,,,,,,
475 - Black Sapphire Metallic,F97,LKSW - Black Extended Merino Leather,,5YMTS0C09M9H28267,,9H28267,2MK,,,"May 21, 2021",,USA,"Braman Motorcars/Braman MINI of Pal, West Palm Beach, US",,,,,,,,
475 - Black Sapphire Metallic,F97,LKHV - Adelaide Grey Extended Merino Leather,,5YMTS0C00M9H28321,,9H28321,2MK,,,"May 21, 2021",,USA,"BMW of Sarasota, Sarasota, US",,,,,,,,
475 - Black Sapphire Metallic,F97,LKDA - Sakhir Orange Extended Merino Leather,,5YMTS0C08M9H28745,,9H28745,2MK,,,"May 22, 2021",,USA,"Beverly Hills BMW, Los Angeles, US",,,,,,,,
475 - Black Sapphire Metallic,F97,LKSW - Black Extended Merino Leather,,5YMTS0C03M9H28846,,9H28846,2MK,,,"May 23, 2021",,USA,"Bill Jacobs BMW/MINI, Naperville, US",,,,,,,,
C28 - Donington Grey Metallic,F97,LKHV - Adelaide Grey Extended Merino Leather,,5YMTS0C06M9H29070,,9H29070,2MK,,,"May 24, 2021",,USA,"Long Beach BMW, Signal Hill, US",,,,,,,,
C28 - Donington Grey Metallic,F97,LKDA - Sakhir Orange Extended Merino Leather,,5YMTS0C04M9H29133,,9H29133,2MK,,,"May 24, 2021",,USA,"Kelly BMW, Columbus, US",,,,,,,,
475 - Black Sapphire Metallic,F97,LKDA - Sakhir Orange Extended Merino Leather,,5YMTS0C04M9H30136,,9H30136,2MK,,,"May 24, 2021",,USA,"Paul Miller BMW, Wayne, US",,,,,,,,
475 - Black Sapphire Metallic,F97,HDJA - Black/Midrand Beige Two-Tone Merino Leather / Alcantara,,5YMTS0C08M9H30334,,9H30334,2MK,,,"May 24, 2021",,USA,"Laurel BMW of Westmont, Westmont, US",,,,,,,,
475 - Black Sapphire Metallic,F97,LKSW - Black Extended Merino Leather,,5YMTS0C01M9H30496,,9H30496,2MK,,,"May 25, 2021",,USA,"Ferman BMW/Ferman MINI of Tampa Bay, Palm Harbor, US",,,,,,,,
475 - Black Sapphire Metallic,F97,LKSW - Black Extended Merino Leather,,5YMTS0C08M9H33394,,9H33394,2MK,,,"May 25, 2021",,USA,"BMW of Buena Park, Buena Park, US",,,,,,,,
475 - Black Sapphire Metallic,F97,LKSW - Black Extended Merino Leather,,5YMTS0C04M9H33800,,9H33800,2MK,,,"May 26, 2021",,USA,"BMW of Denver Downtown, Denver, US",,,,,,,,
C28 - Donington Grey Metallic,F97,LKSW - Black Extended Merino Leather,,5YMTS0C05M9H33854,,9H33854,2MK,,,"May 26, 2021",,USA,"BMW of Tampa, Tampa, US",,,,,,,,
300 - Alpine White,F97,LKSW - Black Extended Merino Leather,,5YMTS0C01M9H34001,,9H34001,2MK,,,"May 26, 2021",,USA,"BMW Performance Center (SC), Greer, US",,,,,,,,
300 - Alpine White,F97,VATQ - BMW Individual Tartufo Extended Merino Leather,,5YMTS0C07M9H34097,,9H34097,2MK,,,"May 26, 2021",,USA,"United BMW, Alpharetta, US",,,,,,,,
C1M - Phytonic Blue Metallic,F97,VAEW - BMW Individual Ivory White Extended Merino Leather,,5YMTS0C09M9H34215,,9H34215,2MK,,,"May 26, 2021",,USA,"BMW of Mountain View, Mountain View, US",,,,,,,,
475 - Black Sapphire Metallic,F97,LKSW - Black Extended Merino Leather,,5YMTS0C03M9H34260,,9H34260,2MK,,,"May 27, 2021",,USA,"BMW of San Diego, San Diego, US",,,,,,,,
475 - Black Sapphire Metallic,F97,LKSW - Black Extended Merino Leather,,5YMTS0C03M9H34324,,9H34324,2MK,,,"May 27, 2021",,USA,"McKenna BMW, Norwalk, US",,,,,,,,
A90 - Dark Graphite Metallic,F97,LKSW - Black Extended Merino Leather,,5YMTS0C05M9H34499,,9H34499,2MK,,,"May 27, 2021",,USA,"BMW of Mountain View, Mountain View, US",,,,,,,,
475 - Black Sapphire Metallic,F97,VATQ - BMW Individual Tartufo Extended Merino Leather,,5YMTS0C01M9H34631,,9H34631,2MK,,,"May 27, 2021",,USA,"BMW of South Albany, Glenmont, US",,,,,,,,
C28 - Donington Grey Metallic,F97,LKDA - Sakhir Orange Extended Merino Leather,,5YMTS0C0XM9H37480,,9H37480,2MK,,,"May 28, 2021",,USA,"Bob Smith BMW, Calabasas, US",,,,,,,,
300 - Alpine White,F97,LKDA - Sakhir Orange Extended Merino Leather,,5YMTS0C0XM9H37544,,9H37544,2MK,,,"May 28, 2021",,USA,"BMW of Fort Lauderdale, Fort Lauderdale, US",,,,,,,,
C28 - Donington Grey Metallic,F97,VATQ - BMW Individual Tartufo Extended Merino Leather,,5YMTS0C06M9H37590,,9H37590,2MK,,,"May 31, 2021",,USA,"BMW of Bloomfield, Bloomfield, US",,,,,,,,
C28 - Donington Grey Metallic,F97,LKSW - Black Extended Merino Leather,,5YMTS0C05M9H38200,,9H38200,2MK,,,"May 31, 2021",,USA,"BMW of Barrington, Barrington, US",,,,,,,,
C3G - Toronto Red Metallic,F97,HDJA - Black/Midrand Beige Two-Tone Merino Leather / Alcantara,,5YMTS0C05M9H42506,,9H42506,2MK,,,"Jun 2, 2021",,USA,"Park Avenue BMW, Rochelle Park, US",,,,,,,,
300 - Alpine White,F97,VATQ - BMW Individual Tartufo Extended Merino Leather,,5YMTS0C00M9H42607,,9H42607,2MK,,,"Jun 2, 2021",,USA,"Coggin BMW Treasure Coast, Fort Pierce, US",,,,,,,,
C28 - Donington Grey Metallic,F97,LKSW - Black Extended Merino Leather,,5YMTS0C02M9H42818,,9H42818,2MK,,,"Jun 2, 2021",,USA,"Fields BMW, Northfield, US",,,,,,,,
,,,,,,,,,,,,,,,,,,,,,
,,,,,,,,,,,,,,,,,,,,,
,,,,,,,,,,,,,,,,,,,,,
,,,,,,,,,,,,,,,,,,,,,
,,,,,,,,,,,,,,,,,,,,,
,,,,,,,,,,,,,,,,,,,,,
,,,,,,,,,,,,,,,,,,,,,
,,,,,,,,,,,,,,,,,,,,,
,,,,,,,,,,,,,,,,,,,,,
,,,,,,,,,,,,,,,,,,,,,
,,,,,,,,,,,,,,,,,,,,,
,,,,,,,,,,,,,,,,,,,,,
,,,,,,,,,,,,,,,,,,,,,
,,,,,,,,,,,,,,,,,,,,,
,,,,,,,,,,,,,,,,,,,,,
,,,,,,,,,,,,,,,,,,,,,
,,,,,,,,,,,,,,,,,,,,,
,,,,,,,,,,,,,,,,,,,,,
,,,,,,,,,,,,,,,,,,,,,
,,,,,,,,,,,,,,,,,,,,,
,,,,,,,,,,,,,,,,,,,,,
,,,,,,,,,,,,,,,,,,,,,
,,,,,,,,,,,,,,,,,,,,,
,,,,,,,,,,,,,,,,,,,,,
,,,,,,,,,,,,,,,,,,,,,
,,,,,,,,,,,,,,,,,,,,,
,,,,,,,,,,,,,,,,,,,,,
,,,,,,,,,,,,,,,,,,,,,
,,,,,,,,,,,,,,,,,,,,,
,,,,,,,,,,,,,,,,,,,,,
,,,,,,,,,,,,,,,,,,,,,
,,,,,,,,,,,,,,,,,,,,,
,,,,,,,,,,,,,,,,,,,,,
,,,,,,,,,,,,,,,,,,,,,
,,,,,,,,,,,,,,,,,,,,,
,,,,,,,,,,,,,,,,,,,,,
,,,,,,,,,,,,,,,,,,,,,
,,,,,,,,,,,,,,,,,,,,,
,,,,,,,,,,,,,,,,,,,,,
,,,,,,,,,,,,,,,,,,,,,
,,,,,,,,,,,,,,,,,,,,,
,,,,,,,,,,,,,,,,,,,,,
,,,,,,,,,,,,,,,,,,,,,
,,,,,,,,,,,,,,,,,,,,,
,,,,,,,,,,,,,,,,,,,,,
,,,,,,,,,,,,,,,,,,,,,
,,,,,,,,,,,,,,,,,,,,,
,,,,,,,,,,,,,,,,,,,,,
,,,,,,,,,,,,,,,,,,,,,
,,,,,,,,,,,,,,,,,,,,,
,,,,,,,,,,,,,,,,,,,,,
,,,,,,,,,,,,,,,,,,,,,
,,,,,,,,,,,,,,,,,,,,,
,,,,,,,,,,,,,,,,,,,,,
,,,,,,,,,,,,,,,,,,,,,
,,,,,,,,,,,,,,,,,,,,,
,,,,,,,,,,,,,,,,,,,,,
,,,,,,,,,,,,,,,,,,,,,
,,,,,,,,,,,,,,,,,,,,,
,,,,,,,,,,,,,,,,,,,,,
,,,,,,,,,,,,,,,,,,,,,
,,,,,,,,,,,,,,,,,,,,,
,,,,,,,,,,,,,,,,,,,,,
,,,,,,,,,,,,,,,,,,,,,
,,,,,,,,,,,,,,,,,,,,,
,,,,,,,,,,,,,,,,,,,,,
,,,,,,,,,,,,,,,,,,,,,
,,,,,,,,,,,,,,,,,,,,,
,,,,,,,,,,,,,,,,,,,,,
,,,,,,,,,,,,,,,,,,,,,
,,,,,,,,,,,,,,,,,,,,,
,,,,,,,,,,,,,,,,,,,,,
,,,,,,,,,,,,,,,,,,,,,
,,,,,,,,,,,,,,,,,,,,,
,,,,,,,,,,,,,,,,,,,,,
,,,,,,,,,,,,,,,,,,,,,
,,,,,,,,,,,,,,,,,,,,,
,,,,,,,,,,,,,,,,,,,,,
,,,,,,,,,,,,,,,,,,,,,
,,,,,,,,,,,,,,,,,,,,,
,,,,,,,,,,,,,,,,,,,,,
,,,,,,,,,,,,,,,,,,,,,
,,,,,,,,,,,,,,,,,,,,,
,,,,,,,,,,,,,,,,,,,,,
,,,,,,,,,,,,,,,,,,,,,
,,,,,,,,,,,,,,,,,,,,,
,,,,,,,,,,,,,,,,,,,,,
,,,,,,,,,,,,,,,,,,,,,
,,,,,,,,,,,,,,,,,,,,,
,,,,,,,,,,,,,,,,,,,,,
,,,,,,,,,,,,,,,,,,,,,
,,,,,,,,,,,,,,,,,,,,,
,,,,,,,,,,,,,,,,,,,,,
,,,,,,,,,,,,,,,,,,,,,
,,,,,,,,,,,,,,,,,,,,,
,,,,,,,,,,,,,,,,,,,,,
,,,,,,,,,,,,,,,,,,,,,
,,,,,,,,,,,,,,,,,,,,,
,,,,,,,,,,,,,,,,,,,,,
,,,,,,,,,,,,,,,,,,,,,
,,,,,,,,,,,,,,,,,,,,,
,,,,,,,,,,,,,,,,,,,,,
,,,,,,,,,,,,,,,,,,,,,
,,,,,,,,,,,,,,,,,,,,,
,,,,,,,,,,,,,,,,,,,,,
,,,,,,,,,,,,,,,,,,,,,
,,,,,,,,,,,,,,,,,,,,,
,,,,,,,,,,,,,,,,,,,,,
,,,,,,,,,,,,,,,,,,,,,
,,,,,,,,,,,,,,,,,,,,,
,,,,,,,,,,,,,,,,,,,,,
,,,,,,,,,,,,,,,,,,,,,
,,,,,,,,,,,,,,,,,,,,,
,,,,,,,,,,,,,,,,,,,,,
,,,,,,,,,,,,,,,,,,,,,
,,,,,,,,,,,,,,,,,,,,,
,,,,,,,,,,,,,,,,,,,,,
,,,,,,,,,,,,,,,,,,,,,
,,,,,,,,,,,,,,,,,,,,,
,,,,,,,,,,,,,,,,,,,,,
,,,,,,,,,,,,,,,,,,,,,
,,,,,,,,,,,,,,,,,,,,,
,,,,,,,,,,,,,,,,,,,,,
,,,,,,,,,,,,,,,,,,,,,
,,,,,,,,,,,,,,,,,,,,,
,,,,,,,,,,,,,,,,,,,,,
,,,,,,,,,,,,,,,,,,,,,
,,,,,,,,,,,,,,,,,,,,,
,,,,,,,,,,,,,,,,,,,,,
,,,,,,,,,,,,,,,,,,,,,
,,,,,,,,,,,,,,,,,,,,,
,,,,,,,,,,,,,,,,,,,,,
,,,,,,,,,,,,,,,,,,,,,
,,,,,,,,,,,,,,,,,,,,,
,,,,,,,,,,,,,,,,,,,,,
,,,,,,,,,,,,,,,,,,,,,
,,,,,,,,,,,,,,,,,,,,,
,,,,,,,,,,,,,,,,,,,,,
,,,,,,,,,,,,,,,,,,,,,
,,,,,,,,,,,,,,,,,,,,,
,,,,,,,,,,,,,,,,,,,,,
,,,,,,,,,,,,,,,,,,,,,
,,,,,,,,,,,,,,,,,,,,,
,,,,,,,,,,,,,,,,,,,,,
,,,,,,,,,,,,,,,,,,,,,
,,,,,,,,,,,,,,,,,,,,,
,,,,,,,,,,,,,,,,,,,,,
,,,,,,,,,,,,,,,,,,,,,
,,,,,,,,,,,,,,,,,,,,,
,,,,,,,,,,,,,,,,,,,,,
,,,,,,,,,,,,,,,,,,,,,
,,,,,,,,,,,,,,,,,,,,,
,,,,,,,,,,,,,,,,,,,,,
,,,,,,,,,,,,,,,,,,,,,
,,,,,,,,,,,,,,,,,,,,,
,,,,,,,,,,,,,,,,,,,,,
,,,,,,,,,,,,,,,,,,,,,
,,,,,,,,,,,,,,,,,,,,,
,,,,,,,,,,,,,,,,,,,,,
,,,,,,,,,,,,,,,,,,,,,
,,,,,,,,,,,,,,,,,,,,,
,,,,,,,,,,,,,,,,,,,,,
,,,,,,,,,,,,,,,,,,,,,
,,,,,,,,,,,,,,,,,,,,,
,,,,,,,,,,,,,,,,,,,,,
,,,,,,,,,,,,,,,,,,,,,
,,,,,,,,,,,,,,,,,,,,,
,,,,,,,,,,,,,,,,,,,,,
,,,,,,,,,,,,,,,,,,,,,
,,,,,,,,,,,,,,,,,,,,,
,,,,,,,,,,,,,,,,,,,,,
,,,,,,,,,,,,,,,,,,,,,
,,,,,,,,,,,,,,,,,,,,,
,,,,,,,,,,,,,,,,,,,,,
,,,,,,,,,,,,,,,,,,,,,
,,,,,,,,,,,,,,,,,,,,,
,,,,,,,,,,,,,,,,,,,,,
,,,,,,,,,,,,,,,,,,,,,
,,,,,,,,,,,,,,,,,,,,,
,,,,,,,,,,,,,,,,,,,,,
,,,,,,,,,,,,,,,,,,,,,
,,,,,,,,,,,,,,,,,,,,,
,,,,,,,,,,,,,,,,,,,,,
,,,,,,,,,,,,,,,,,,,,,
,,,,,,,,,,,,,,,,,,,,,
,,,,,,,,,,,,,,,,,,,,,
,,,,,,,,,,,,,,,,,,,,,
,,,,,,,,,,,,,,,,,,,,,
,,,,,,,,,,,,,,,,,,,,,
,,,,,,,,,,,,,,,,,,,,,
,,,,,,,,,,,,,,,,,,,,,
,,,,,,,,,,,,,,,,,,,,,
,,,,,,,,,,,,,,,,,,,,,
,,,,,,,,,,,,,,,,,,,,,
,,,,,,,,,,,,,,,,,,,,,
,,,,,,,,,,,,,,,,,,,,,
,,,,,,,,,,,,,,,,,,,,,
,,,,,,,,,,,,,,,,,,,,,
,,,,,,,,,,,,,,,,,,,,,
,,,,,,,,,,,,,,,,,,,,,
,,,,,,,,,,,,,,,,,,,,,
,,,,,,,,,,,,,,,,,,,,,
,,,,,,,,,,,,,,,,,,,,,
,,,,,,,,,,,,,,,,,,,,,
,,,,,,,,,,,,,,,,,,,,,
,,,,,,,,,,,,,,,,,,,,,
,,,,,,,,,,,,,,,,,,,,,
,,,,,,,,,,,,,,,,,,,,,
,,,,,,,,,,,,,,,,,,,,,
,,,,,,,,,,,,,,,,,,,,,
,,,,,,,,,,,,,,,,,,,,,
,,,,,,,,,,,,,,,,,,,,,
,,,,,,,,,,,,,,,,,,,,,
,,,,,,,,,,,,,,,,,,,,,
,,,,,,,,,,,,,,,,,,,,,
,,,,,,,,,,,,,,,,,,,,,
,,,,,,,,,,,,,,,,,,,,,
,,,,,,,,,,,,,,,,,,,,,
,,,,,,,,,,,,,,,,,,,,,
,,,,,,,,,,,,,,,,,,,,,
,,,,,,,,,,,,,,,,,,,,,
,,,,,,,,,,,,,,,,,,,,,
,,,,,,,,,,,,,,,,,,,,,
,,,,,,,,,,,,,,,,,,,,,
,,,,,,,,,,,,,,,,,,,,,
,,,,,,,,,,,,,,,,,,,,,
,,,,,,,,,,,,,,,,,,,,,
,,,,,,,,,,,,,,,,,,,,,
,,,,,,,,,,,,,,,,,,,,,
,,,,,,,,,,,,,,,,,,,,,
,,,,,,,,,,,,,,,,,,,,,
,,,,,,,,,,,,,,,,,,,,,
,,,,,,,,,,,,,,,,,,,,,
,,,,,,,,,,,,,,,,,,,,,
,,,,,,,,,,,,,,,,,,,,,
,,,,,,,,,,,,,,,,,,,,,
,,,,,,,,,,,,,,,,,,,,,
,,,,,,,,,,,,,,,,,,,,,
,,,,,,,,,,,,,,,,,,,,,
,,,,,,,,,,,,,,,,,,,,,
,,,,,,,,,,,,,,,,,,,,,
,,,,,,,,,,,,,,,,,,,,,
,,,,,,,,,,,,,,,,,,,,,
,,,,,,,,,,,,,,,,,,,,,
,,,,,,,,,,,,,,,,,,,,,
,,,,,,,,,,,,,,,,,,,,,
,,,,,,,,,,,,,,,,,,,,,
,,,,,,,,,,,,,,,,,,,,,
,,,,,,,,,,,,,,,,,,,,,
,,,,,,,,,,,,,,,,,,,,,
,,,,,,,,,,,,,,,,,,,,,
,,,,,,,,,,,,,,,,,,,,,
,,,,,,,,,,,,,,,,,,,,,
,,,,,,,,,,,,,,,,,,,,,
,,,,,,,,,,,,,,,,,,,,,
,,,,,,,,,,,,,,,,,,,,,
,,,,,,,,,,,,,,,,,,,,,
,,,,,,,,,,,,,,,,,,,,,
,,,,,,,,,,,,,,,,,,,,,
,,,,,,,,,,,,,,,,,,,,,
,,,,,,,,,,,,,,,,,,,,,
,,,,,,,,,,,,,,,,,,,,,
,,,,,,,,,,,,,,,,,,,,,
,,,,,,,,,,,,,,,,,,,,,
,,,,,,,,,,,,,,,,,,,,,
,,,,,,,,,,,,,,,,,,,,,
,,,,,,,,,,,,,,,,,,,,,
,,,,,,,,,,,,,,,,,,,,,
,,,,,,,,,,,,,,,,,,,,,
,,,,,,,,,,,,,,,,,,,,,
,,,,,,,,,,,,,,,,,,,,,
,,,,,,,,,,,,,,,,,,,,,
,,,,,,,,,,,,,,,,,,,,,
,,,,,,,,,,,,,,,,,,,,,
,,,,,,,,,,,,,,,,,,,,,
,,,,,,,,,,,,,,,,,,,,,
,,,,,,,,,,,,,,,,,,,,,
,,,,,,,,,,,,,,,,,,,,,
,,,,,,,,,,,,,,,,,,,,,
,,,,,,,,,,,,,,,,,,,,,
,,,,,,,,,,,,,,,,,,,,,
,,,,,,,,,,,,,,,,,,,,,
,,,,,,,,,,,,,,,,,,,,,
,,,,,,,,,,,,,,,,,,,,,
,,,,,,,,,,,,,,,,,,,,,
,,,,,,,,,,,,,,,,,,,,,
,,,,,,,,,,,,,,,,,,,,,
,,,,,,,,,,,,,,,,,,,,,
,,,,,,,,,,,,,,,,,,,,,
,,,,,,,,,,,,,,,,,,,,,
,,,,,,,,,,,,,,,,,,,,,
,,,,,,,,,,,,,,,,,,,,,
,,,,,,,,,,,,,,,,,,,,,
,,,,,,,,,,,,,,,,,,,,,
,,,,,,,,,,,,,,,,,,,,,
,,,,,,,,,,,,,,,,,,,,,
,,,,,,,,,,,,,,,,,,,,,
,,,,,,,,,,,,,,,,,,,,,
,,,,,,,,,,,,,,,,,,,,,
,,,,,,,,,,,,,,,,,,,,,
,,,,,,,,,,,,,,,,,,,,,
,,,,,,,,,,,,,,,,,,,,,
,,,,,,,,,,,,,,,,,,,,,
,,,,,,,,,,,,,,,,,,,,,
,,,,,,,,,,,,,,,,,,,,,
,,,,,,,,,,,,,,,,,,,,,
,,,,,,,,,,,,,,,,,,,,,
,,,,,,,,,,,,,,,,,,,,,
,,,,,,,,,,,,,,,,,,,,,
,,,,,,,,,,,,,,,,,,,,,
,,,,,,,,,,,,,,,,,,,,,
,,,,,,,,,,,,,,,,,,,,,
,,,,,,,,,,,,,,,,,,,,,
,,,,,,,,,,,,,,,,,,,,,
,,,,,,,,,,,,,,,,,,,,,
,,,,,,,,,,,,,,,,,,,,,
,,,,,,,,,,,,,,,,,,,,,
,,,,,,,,,,,,,,,,,,,,,
,,,,,,,,,,,,,,,,,,,,,
,,,,,,,,,,,,,,,,,,,,,
,,,,,,,,,,,,,,,,,,,,,
,,,,,,,,,,,,,,,,,,,,,
,,,,,,,,,,,,,,,,,,,,,
,,,,,,,,,,,,,,,,,,,,,
,,,,,,,,,,,,,,,,,,,,,
,,,,,,,,,,,,,,,,,,,,,
,,,,,,,,,,,,,,,,,,,,,
,,,,,,,,,,,,,,,,,,,,,
,,,,,,,,,,,,,,,,,,,,,
,,,,,,,,,,,,,,,,,,,,,
,,,,,,,,,,,,,,,,,,,,,
,,,,,,,,,,,,,,,,,,,,,
,,,,,,,,,,,,,,,,,,,,,
,,,,,,,,,,,,,,,,,,,,,
,,,,,,,,,,,,,,,,,,,,,
,,,,,,,,,,,,,,,,,,,,,
,,,,,,,,,,,,,,,,,,,,,
,,,,,,,,,,,,,,,,,,,,,
,,,,,,,,,,,,,,,,,,,,,
,,,,,,,,,,,,,,,,,,,,,
,,,,,,,,,,,,,,,,,,,,,
,,,,,,,,,,,,,,,,,,,,,
,,,,,,,,,,,,,,,,,,,,,
,,,,,,,,,,,,,,,,,,,,,
,,,,,,,,,,,,,,,,,,,,,
,,,,,,,,,,,,,,,,,,,,,
,,,,,,,,,,,,,,,,,,,,,
,,,,,,,,,,,,,,,,,,,,,
,,,,,,,,,,,,,,,,,,,,,
,,,,,,,,,,,,,,,,,,,,,
,,,,,,,,,,,,,,,,,,,,,
,,,,,,,,,,,,,,,,,,,,,
,,,,,,,,,,,,,,,,,,,,,
,,,,,,,,,,,,,,,,,,,,,
,,,,,,,,,,,,,,,,,,,,,
,,,,,,,,,,,,,,,,,,,,,
,,,,,,,,,,,,,,,,,,,,,
,,,,,,,,,,,,,,,,,,,,,
,,,,,,,,,,,,,,,,,,,,,
,,,,,,,,,,,,,,,,,,,,,
,,,,,,,,,,,,,,,,,,,,,
,,,,,,,,,,,,,,,,,,,,,
,,,,,,,,,,,,,,,,,,,,,
,,,,,,,,,,,,,,,,,,,,,
,,,,,,,,,,,,,,,,,,,,,
,,,,,,,,,,,,,,,,,,,,,
,,,,,,,,,,,,,,,,,,,,,
,,,,,,,,,,,,,,,,,,,,,
,,,,,,,,,,,,,,,,,,,,,
,,,,,,,,,,,,,,,,,,,,,
,,,,,,,,,,,,,,,,,,,,,
,,,,,,,,,,,,,,,,,,,,,
,,,,,,,,,,,,,,,,,,,,,
,,,,,,,,,,,,,,,,,,,,,
,,,,,,,,,,,,,,,,,,,,,
,,,,,,,,,,,,,,,,,,,,,
,,,,,,,,,,,,,,,,,,,,,
,,,,,,,,,,,,,,,,,,,,,
,,,,,,,,,,,,,,,,,,,,,
,,,,,,,,,,,,,,,,,,,,,
,,,,,,,,,,,,,,,,,,,,,
,,,,,,,,,,,,,,,,,,,,,
,,,,,,,,,,,,,,,,,,,,,
,,,,,,,,,,,,,,,,,,,,,
,,,,,,,,,,,,,,,,,,,,,
,,,,,,,,,,,,,,,,,,,,,
,,,,,,,,,,,,,,,,,,,,,
,,,,,,,,,,,,,,,,,,,,,
,,,,,,,,,,,,,,,,,,,,,
,,,,,,,,,,,,,,,,,,,,,
,,,,,,,,,,,,,,,,,,,,,
,,,,,,,,,,,,,,,,,,,,,
,,,,,,,,,,,,,,,,,,,,,
,,,,,,,,,,,,,,,,,,,,,
,,,,,,,,,,,,,,,,,,,,,
,,,,,,,,,,,,,,,,,,,,,
,,,,,,,,,,,,,,,,,,,,,
,,,,,,,,,,,,,,,,,,,,,
,,,,,,,,,,,,,,,,,,,,,
,,,,,,,,,,,,,,,,,,,,,
,,,,,,,,,,,,,,,,,,,,,
,,,,,,,,,,,,,,,,,,,,,
,,,,,,,,,,,,,,,,,,,,,
,,,,,,,,,,,,,,,,,,,,,
,,,,,,,,,,,,,,,,,,,,,
,,,,,,,,,,,,,,,,,,,,,
,,,,,,,,,,,,,,,,,,,,,
,,,,,,,,,,,,,,,,,,,,,
,,,,,,,,,,,,,,,,,,,,,
,,,,,,,,,,,,,,,,,,,,,
,,,,,,,,,,,,,,,,,,,,,
,,,,,,,,,,,,,,,,,,,,,
,,,,,,,,,,,,,,,,,,,,,
,,,,,,,,,,,,,,,,,,,,,
,,,,,,,,,,,,,,,,,,,,,
,,,,,,,,,,,,,,,,,,,,,
,,,,,,,,,,,,,,,,,,,,,
,,,,,,,,,,,,,,,,,,,,,
,,,,,,,,,,,,,,,,,,,,,
,,,,,,,,,,,,,,,,,,,,,
,,,,,,,,,,,,,,,,,,,,,
,,,,,,,,,,,,,,,,,,,,,
,,,,,,,,,,,,,,,,,,,,,
,,,,,,,,,,,,,,,,,,,,,
,,,,,,,,,,,,,,,,,,,,,
,,,,,,,,,,,,,,,,,,,,,
,,,,,,,,,,,,,,,,,,,,,
,,,,,,,,,,,,,,,,,,,,,
,,,,,,,,,,,,,,,,,,,,,
,,,,,,,,,,,,,,,,,,,,,
,,,,,,,,,,,,,,,,,,,,,
,,,,,,,,,,,,,,,,,,,,,
,,,,,,,,,,,,,,,,,,,,,
,,,,,,,,,,,,,,,,,,,,,
,,,,,,,,,,,,,,,,,,,,,
,,,,,,,,,,,,,,,,,,,,,
,,,,,,,,,,,,,,,,,,,,,
,,,,,,,,,,,,,,,,,,,,,
,,,,,,,,,,,,,,,,,,,,,
,,,,,,,,,,,,,,,,,,,,,
,,,,,,,,,,,,,,,,,,,,,
,,,,,,,,,,,,,,,,,,,,,
,,,,,,,,,,,,,,,,,,,,,
,,,,,,,,,,,,,,,,,,,,,
,,,,,,,,,,,,,,,,,,,,,
,,,,,,,,,,,,,,,,,,,,,
,,,,,,,,,,,,,,,,,,,,,
,,,,,,,,,,,,,,,,,,,,,
,,,,,,,,,,,,,,,,,,,,,
,,,,,,,,,,,,,,,,,,,,,
,,,,,,,,,,,,,,,,,,,,,
,,,,,,,,,,,,,,,,,,,,,
,,,,,,,,,,,,,,,,,,,,,
,,,,,,,,,,,,,,,,,,,,,
,,,,,,,,,,,,,,,,,,,,,
,,,,,,,,,,,,,,,,,,,,,
,,,,,,,,,,,,,,,,,,,,,
,,,,,,,,,,,,,,,,,,,,,
,,,,,,,,,,,,,,,,,,,,,
,,,,,,,,,,,,,,,,,,,,,
,,,,,,,,,,,,,,,,,,,,,
,,,,,,,,,,,,,,,,,,,,,
,,,,,,,,,,,,,,,,,,,,,
,,,,,,,,,,,,,,,,,,,,,
,,,,,,,,,,,,,,,,,,,,,
,,,,,,,,,,,,,,,,,,,,,
,,,,,,,,,,,,,,,,,,,,,
,,,,,,,,,,,,,,,,,,,,,
,,,,,,,,,,,,,,,,,,,,,
,,,,,,,,,,,,,,,,,,,,,
,,,,,,,,,,,,,,,,,,,,,
,,,,,,,,,,,,,,,,,,,,,
,,,,,,,,,,,,,,,,,,,,,
,,,,,,,,,,,,,,,,,,,,,
,,,,,,,,,,,,,,,,,,,,,
,,,,,,,,,,,,,,,,,,,,,
,,,,,,,,,,,,,,,,,,,,,
,,,,,,,,,,,,,,,,,,,,,
,,,,,,,,,,,,,,,,,,,,,
,,,,,,,,,,,,,,,,,,,,,
,,,,,,,,,,,,,,,,,,,,,
,,,,,,,,,,,,,,,,,,,,,
,,,,,,,,,,,,,,,,,,,,,
,,,,,,,,,,,,,,,,,,,,,
,,,,,,,,,,,,,,,,,,,,,
,,,,,,,,,,,,,,,,,,,,,
,,,,,,,,,,,,,,,,,,,,,
,,,,,,,,,,,,,,,,,,,,,
,,,,,,,,,,,,,,,,,,,,,
,,,,,,,,,,,,,,,,,,,,,
,,,,,,,,,,,,,,,,,,,,,
,,,,,,,,,,,,,,,,,,,,,
,,,,,,,,,,,,,,,,,,,,,
,,,,,,,,,,,,,,,,,,,,,
,,,,,,,,,,,,,,,,,,,,,
,,,,,,,,,,,,,,,,,,,,,
,,,,,,,,,,,,,,,,,,,,,
,,,,,,,,,,,,,,,,,,,,,
,,,,,,,,,,,,,,,,,,,,,
,,,,,,,,,,,,,,,,,,,,,
,,,,,,,,,,,,,,,,,,,,,
,,,,,,,,,,,,,,,,,,,,,
,,,,,,,,,,,,,,,,,,,,,
,,,,,,,,,,,,,,,,,,,,,
,,,,,,,,,,,,,,,,,,,,,
,,,,,,,,,,,,,,,,,,,,,
,,,,,,,,,,,,,,,,,,,,,
,,,,,,,,,,,,,,,,,,,,,
,,,,,,,,,,,,,,,,,,,,,
,,,,,,,,,,,,,,,,,,,,,
,,,,,,,,,,,,,,,,,,,,,
,,,,,,,,,,,,,,,,,,,,,
,,,,,,,,,,,,,,,,,,,,,
,,,,,,,,,,,,,,,,,,,,,
,,,,,,,,,,,,,,,,,,,,,
,,,,,,,,,,,,,,,,,,,,,
,,,,,,,,,,,,,,,,,,,,,
,,,,,,,,,,,,,,,,,,,,,
,,,,,,,,,,,,,,,,,,,,,
,,,,,,,,,,,,,,,,,,,,,
,,,,,,,,,,,,,,,,,,,,,
,,,,,,,,,,,,,,,,,,,,,
,,,,,,,,,,,,,,,,,,,,,
,,,,,,,,,,,,,,,,,,,,,
,,,,,,,,,,,,,,,,,,,,,
,,,,,,,,,,,,,,,,,,,,,
,,,,,,,,,,,,,,,,,,,,,
,,,,,,,,,,,,,,,,,,,,,
,,,,,,,,,,,,,,,,,,,,,
,,,,,,,,,,,,,,,,,,,,,
,,,,,,,,,,,,,,,,,,,,,
,,,,,,,,,,,,,,,,,,,,,
,,,,,,,,,,,,,,,,,,,,,
,,,,,,,,,,,,,,,,,,,,,
,,,,,,,,,,,,,,,,,,,,,
,,,,,,,,,,,,,,,,,,,,,
,,,,,,,,,,,,,,,,,,,,,
,,,,,,,,,,,,,,,,,,,,,
,,,,,,,,,,,,,,,,,,,,,
,,,,,,,,,,,,,,,,,,,,,
,,,,,,,,,,,,,,,,,,,,,
,,,,,,,,,,,,,,,,,,,,,
,,,,,,,,,,,,,,,,,,,,,
,,,,,,,,,,,,,,,,,,,,,
,,,,,,,,,,,,,,,,,,,,,
,,,,,,,,,,,,,,,,,,,,,
,,,,,,,,,,,,,,,,,,,,,
,,,,,,,,,,,,,,,,,,,,,
,,,,,,,,,,,,,,,,,,,,,
,,,,,,,,,,,,,,,,,,,,,
,,,,,,,,,,,,,,,,,,,,,
,,,,,,,,,,,,,,,,,,,,,
,,,,,,,,,,,,,,,,,,,,,
,,,,,,,,,,,,,,,,,,,,,
,,,,,,,,,,,,,,,,,,,,,
,,,,,,,,,,,,,,,,,,,,,
,,,,,,,,,,,,,,,,,,,,,
,,,,,,,,,,,,,,,,,,,,,
,,,,,,,,,,,,,,,,,,,,,
,,,,,,,,,,,,,,,,,,,,,
,,,,,,,,,,,,,,,,,,,,,
,,,,,,,,,,,,,,,,,,,,,
,,,,,,,,,,,,,,,,,,,,,
,,,,,,,,,,,,,,,,,,,,,
,,,,,,,,,,,,,,,,,,,,,
,,,,,,,,,,,,,,,,,,,,,
,,,,,,,,,,,,,,,,,,,,,
,,,,,,,,,,,,,,,,,,,,,
,,,,,,,,,,,,,,,,,,,,,
,,,,,,,,,,,,,,,,,,,,,
,,,,,,,,,,,,,,,,,,,,,
,,,,,,,,,,,,,,,,,,,,,
,,,,,,,,,,,,,,,,,,,,,
,,,,,,,,,,,,,,,,,,,,,
,,,,,,,,,,,,,,,,,,,,,
,,,,,,,,,,,,,,,,,,,,,
,,,,,,,,,,,,,,,,,,,,,
,,,,,,,,,,,,,,,,,,,,,
,,,,,,,,,,,,,,,,,,,,,
,,,,,,,,,,,,,,,,,,,,,
,,,,,,,,,,,,,,,,,,,,,
,,,,,,,,,,,,,,,,,,,,,
,,,,,,,,,,,,,,,,,,,,,
,,,,,,,,,,,,,,,,,,,,,
,,,,,,,,,,,,,,,,,,,,,
,,,,,,,,,,,,,,,,,,,,,
,,,,,,,,,,,,,,,,,,,,,
,,,,,,,,,,,,,,,,,,,,,
,,,,,,,,,,,,,,,,,,,,,
,,,,,,,,,,,,,,,,,,,,,
,,,,,,,,,,,,,,,,,,,,,
,,,,,,,,,,,,,,,,,,,,,
,,,,,,,,,,,,,,,,,,,,,
,,,,,,,,,,,,,,,,,,,,,
,,,,,,,,,,,,,,,,,,,,,
,,,,,,,,,,,,,,,,,,,,,
,,,,,,,,,,,,,,,,,,,,,
,,,,,,,,,,,,,,,,,,,,,
,,,,,,,,,,,,,,,,,,,,,
,,,,,,,,,,,,,,,,,,,,,
,,,,,,,,,,,,,,,,,,,,,
,,,,,,,,,,,,,,,,,,,,,
,,,,,,,,,,,,,,,,,,,,,
,,,,,,,,,,,,,,,,,,,,,
,,,,,,,,,,,,,,,,,,,,,
,,,,,,,,,,,,,,,,,,,,,
,,,,,,,,,,,,,,,,,,,,,
,,,,,,,,,,,,,,,,,,,,,
,,,,,,,,,,,,,,,,,,,,,
,,,,,,,,,,,,,,,,,,,,,
,,,,,,,,,,,,,,,,,,,,,
,,,,,,,,,,,,,,,,,,,,,
,,,,,,,,,,,,,,,,,,,,,
,,,,,,,,,,,,,,,,,,,,,
,,,,,,,,,,,,,,,,,,,,,
,,,,,,,,,,,,,,,,,,,,,
,,,,,,,,,,,,,,,,,,,,,
,,,,,,,,,,,,,,,,,,,,,
,,,,,,,,,,,,,,,,,,,,,
,,,,,,,,,,,,,,,,,,,,,
,,,,,,,,,,,,,,,,,,,,,
,,,,,,,,,,,,,,,,,,,,,
,,,,,,,,,,,,,,,,,,,,,
,,,,,,,,,,,,,,,,,,,,,
,,,,,,,,,,,,,,,,,,,,,
,,,,,,,,,,,,,,,,,,,,,
,,,,,,,,,,,,,,,,,,,,,
,,,,,,,,,,,,,,,,,,,,,
,,,,,,,,,,,,,,,,,,,,,
,,,,,,,,,,,,,,,,,,,,,
,,,,,,,,,,,,,,,,,,,,,
,,,,,,,,,,,,,,,,,,,,,
,,,,,,,,,,,,,,,,,,,,,
,,,,,,,,,,,,,,,,,,,,,
,,,,,,,,,,,,,,,,,,,,,
,,,,,,,,,,,,,,,,,,,,,
,,,,,,,,,,,,,,,,,,,,,
,,,,,,,,,,,,,,,,,,,,,
,,,,,,,,,,,,,,,,,,,,,
,,,,,,,,,,,,,,,,,,,,,
,,,,,,,,,,,,,,,,,,,,,
,,,,,,,,,,,,,,,,,,,,,
,,,,,,,,,,,,,,,,,,,,,
,,,,,,,,,,,,,,,,,,,,,
,,,,,,,,,,,,,,,,,,,,,
,,,,,,,,,,,,,,,,,,,,,
,,,,,,,,,,,,,,,,,,,,,
,,,,,,,,,,,,,,,,,,,,,
,,,,,,,,,,,,,,,,,,,,,
,,,,,,,,,,,,,,,,,,,,,
,,,,,,,,,,,,,,,,,,,,,
,,,,,,,,,,,,,,,,,,,,,
,,,,,,,,,,,,,,,,,,,,,
,,,,,,,,,,,,,,,,,,,,,
,,,,,,,,,,,,,,,,,,,,,
,,,,,,,,,,,,,,,,,,,,,
,,,,,,,,,,,,,,,,,,,,,
,,,,,,,,,,,,,,,,,,,,,
,,,,,,,,,,,,,,,,,,,,,
,,,,,,,,,,,,,,,,,,,,,
,,,,,,,,,,,,,,,,,,,,,
,,,,,,,,,,,,,,,,,,,,,
,,,,,,,,,,,,,,,,,,,,,
,,,,,,,,,,,,,,,,,,,,,
,,,,,,,,,,,,,,,,,,,,,
,,,,,,,,,,,,,,,,,,,,,
,,,,,,,,,,,,,,,,,,,,,
,,,,,,,,,,,,,,,,,,,,,
,,,,,,,,,,,,,,,,,,,,,
,,,,,,,,,,,,,,,,,,,,,
,,,,,,,,,,,,,,,,,,,,,
,,,,,,,,,,,,,,,,,,,,,
,,,,,,,,,,,,,,,,,,,,,
,,,,,,,,,,,,,,,,,,,,,
,,,,,,,,,,,,,,,,,,,,,
,,,,,,,,,,,,,,,,,,,,,
,,,,,,,,,,,,,,,,,,,,,
,,,,,,,,,,,,,,,,,,,,,
,,,,,,,,,,,,,,,,,,,,,
,,,,,,,,,,,,,,,,,,,,,
,,,,,,,,,,,,,,,,,,,,,
,,,,,,,,,,,,,,,,,,,,,
,,,,,,,,,,,,,,,,,,,,,
,,,,,,,,,,,,,,,,,,,,,
,,,,,,,,,,,,,,,,,,,,,
,,,,,,,,,,,,,,,,,,,,,
,,,,,,,,,,,,,,,,,,,,,
,,,,,,,,,,,,,,,,,,,,,
,,,,,,,,,,,,,,,,,,,,,
,,,,,,,,,,,,,,,,,,,,,
,,,,,,,,,,,,,,,,,,,,,
,,,,,,,,,,,,,,,,,,,,,
,,,,,,,,,,,,,,,,,,,,,
,,,,,,,,,,,,,,,,,,,,,
,,,,,,,,,,,,,,,,,,,,,
,,,,,,,,,,,,,,,,,,,,,
,,,,,,,,,,,,,,,,,,,,,
,,,,,,,,,,,,,,,,,,,,,
,,,,,,,,,,,,,,,,,,,,,
,,,,,,,,,,,,,,,,,,,,,
,,,,,,,,,,,,,,,,,,,,,
,,,,,,,,,,,,,,,,,,,,,
,,,,,,,,,,,,,,,,,,,,,
,,,,,,,,,,,,,,,,,,,,,
,,,,,,,,,,,,,,,,,,,,,
,,,,,,,,,,,,,,,,,,,,,
,,,,,,,,,,,,,,,,,,,,,
,,,,,,,,,,,,,,,,,,,,,
,,,,,,,,,,,,,,,,,,,,,
,,,,,,,,,,,,,,,,,,,,,
,,,,,,,,,,,,,,,,,,,,,
,,,,,,,,,,,,,,,,,,,,,
,,,,,,,,,,,,,,,,,,,,,
,,,,,,,,,,,,,,,,,,,,,
,,,,,,,,,,,,,,,,,,,,,
,,,,,,,,,,,,,,,,,,,,,
,,,,,,,,,,,,,,,,,,,,,
,,,,,,,,,,,,,,,,,,,,,
,,,,,,,,,,,,,,,,,,,,,
,,,,,,,,,,,,,,,,,,,,,
,,,,,,,,,,,,,,,,,,,,,
,,,,,,,,,,,,,,,,,,,,,
,,,,,,,,,,,,,,,,,,,,,
,,,,,,,,,,,,,,,,,,,,,
,,,,,,,,,,,,,,,,,,,,,
,,,,,,,,,,,,,,,,,,,,,
,,,,,,,,,,,,,,,,,,,,,
,,,,,,,,,,,,,,,,,,,,,
,,,,,,,,,,,,,,,,,,,,,
,,,,,,,,,,,,,,,,,,,,,
,,,,,,,,,,,,,,,,,,,,,
,,,,,,,,,,,,,,,,,,,,,
,,,,,,,,,,,,,,,,,,,,,
,,,,,,,,,,,,,,,,,,,,,
,,,,,,,,,,,,,,,,,,,,,
,,,,,,,,,,,,,,,,,,,,,
,,,,,,,,,,,,,,,,,,,,,
,,,,,,,,,,,,,,,,,,,,,
,,,,,,,,,,,,,,,,,,,,,
,,,,,,,,,,,,,,,,,,,,,
,,,,,,,,,,,,,,,,,,,,,
,,,,,,,,,,,,,,,,,,,,,
,,,,,,,,,,,,,,,,,,,,,
,,,,,,,,,,,,,,,,,,,,,
,,,,,,,,,,,,,,,,,,,,,
,,,,,,,,,,,,,,,,,,,,,
,,,,,,,,,,,,,,,,,,,,,
,,,,,,,,,,,,,,,,,,,,,
,,,,,,,,,,,,,,,,,,,,,
,,,,,,,,,,,,,,,,,,,,,
,,,,,,,,,,,,,,,,,,,,,
,,,,,,,,,,,,,,,,,,,,,
,,,,,,,,,,,,,,,,,,,,,
,,,,,,,,,,,,,,,,,,,,,
,,,,,,,,,,,,,,,,,,,,,
,,,,,,,,,,,,,,,,,,,,,
,,,,,,,,,,,,,,,,,,,,,
,,,,,,,,,,,,,,,,,,,,,
,,,,,,,,,,,,,,,,,,,,,
,,,,,,,,,,,,,,,,,,,,,
,,,,,,,,,,,,,,,,,,,,,
,,,,,,,,,,,,,,,,,,,,,
,,,,,,,,,,,,,,,,,,,,,
,,,,,,,,,,,,,,,,,,,,,
,,,,,,,,,,,,,,,,,,,,,
,,,,,,,,,,,,,,,,,,,,,
,,,,,,,,,,,,,,,,,,,,,
,,,,,,,,,,,,,,,,,,,,,
,,,,,,,,,,,,,,,,,,,,,
,,,,,,,,,,,,,,,,,,,,,
,,,,,,,,,,,,,,,,,,,,,
,,,,,,,,,,,,,,,,,,,,,
,,,,,,,,,,,,,,,,,,,,,
,,,,,,,,,,,,,,,,,,,,,
,,,,,,,,,,,,,,,,,,,,,
,,,,,,,,,,,,,,,,,,,,,
,,,,,,,,,,,,,,,,,,,,,
,,,,,,,,,,,,,,,,,,,,,
,,,,,,,,,,,,,,,,,,,,,
,,,,,,,,,,,,,,,,,,,,,
,,,,,,,,,,,,,,,,,,,,,
,,,,,,,,,,,,,,,,,,,,,
,,,,,,,,,,,,,,,,,,,,,
,,,,,,,,,,,,,,,,,,,,,
,,,,,,,,,,,,,,,,,,,,,
,,,,,,,,,,,,,,,,,,,,,
,,,,,,,,,,,,,,,,,,,,,
,,,,,,,,,,,,,,,,,,,,,
,,,,,,,,,,,,,,,,,,,,,
,,,,,,,,,,,,,,,,,,,,,
,,,,,,,,,,,,,,,,,,,,,
,,,,,,,,,,,,,,,,,,,,,
,,,,,,,,,,,,,,,,,,,,,
,,,,,,,,,,,,,,,,,,,,,
,,,,,,,,,,,,,,,,,,,,,
,,,,,,,,,,,,,,,,,,,,,
,,,,,,,,,,,,,,,,,,,,,
,,,,,,,,,,,,,,,,,,,,,
,,,,,,,,,,,,,,,,,,,,,
,,,,,,,,,,,,,,,,,,,,,
,,,,,,,,,,,,,,,,,,,,,
,,,,,,,,,,,,,,,,,,,,,
,,,,,,,,,,,,,,,,,,,,,
,,,,,,,,,,,,,,,,,,,,,
,,,,,,,,,,,,,,,,,,,,,
,,,,,,,,,,,,,,,,,,,,,
,,,,,,,,,,,,,,,,,,,,,
,,,,,,,,,,,,,,,,,,,,,
,,,,,,,,,,,,,,,,,,,,,
,,,,,,,,,,,,,,,,,,,,,
,,,,,,,,,,,,,,,,,,,,,
,,,,,,,,,,,,,,,,,,,,,
,,,,,,,,,,,,,,,,,,,,,
,,,,,,,,,,,,,,,,,,,,,
,,,,,,,,,,,,,,,,,,,,,
,,,,,,,,,,,,,,,,,,,,,
,,,,,,,,,,,,,,,,,,,,,
,,,,,,,,,,,,,,,,,,,,,
,,,,,,,,,,,,,,,,,,,,,
,,,,,,,,,,,,,,,,,,,,,
,,,,,,,,,,,,,,,,,,,,,
,,,,,,,,,,,,,,,,,,,,,
,,,,,,,,,,,,,,,,,,,,,
,,,,,,,,,,,,,,,,,,,,,
,,,,,,,,,,,,,,,,,,,,,
,,,,,,,,,,,,,,,,,,,,,
,,,,,,,,,,,,,,,,,,,,,
,,,,,,,,,,,,,,,,,,,,,
,,,,,,,,,,,,,,,,,,,,,
,,,,,,,,,,,,,,,,,,,,,
,,,,,,,,,,,,,,,,,,,,,
,,,,,,,,,,,,,,,,,,,,,
,,,,,,,,,,,,,,,,,,,,,
,,,,,,,,,,,,,,,,,,,,,
,,,,,,,,,,,,,,,,,,,,,
,,,,,,,,,,,,,,,,,,,,,
,,,,,,,,,,,,,,,,,,,,,
,,,,,,,,,,,,,,,,,,,,,
,,,,,,,,,,,,,,,,,,,,,
,,,,,,,,,,,,,,,,,,,,,
,,,,,,,,,,,,,,,,,,,,,
,,,,,,,,,,,,,,,,,,,,,
,,,,,,,,,,,,,,,,,,,,,
,,,,,,,,,,,,,,,,,,,,,
,,,,,,,,,,,,,,,,,,,,,
,,,,,,,,,,,,,,,,,,,,,
,,,,,,,,,,,,,,,,,,,,,
,,,,,,,,,,,,,,,,,,,,,
,,,,,,,,,,,,,,,,,,,,,
,,,,,,,,,,,,,,,,,,,,,
,,,,,,,,,,,,,,,,,,,,,
,,,,,,,,,,,,,,,,,,,,,
,,,,,,,,,,,,,,,,,,,,,
,,,,,,,,,,,,,,,,,,,,,
,,,,,,,,,,,,,,,,,,,,,
,,,,,,,,,,,,,,,,,,,,,
,,,,,,,,,,,,,,,,,,,,,
,,,,,,,,,,,,,,,,,,,,,
,,,,,,,,,,,,,,,,,,,,,
,,,,,,,,,,,,,,,,,,,,,
,,,,,,,,,,,,,,,,,,,,,
,,,,,,,,,,,,,,,,,,,,,
,,,,,,,,,,,,,,,,,,,,,
,,,,,,,,,,,,,,,,,,,,,
,,,,,,,,,,,,,,,,,,,,,
,,,,,,,,,,,,,,,,,,,,,
,,,,,,,,,,,,,,,,,,,,,
,,,,,,,,,,,,,,,,,,,,,
,,,,,,,,,,,,,,,,,,,,,
,,,,,,,,,,,,,,,,,,,,,
,,,,,,,,,,,,,,,,,,,,,
,,,,,,,,,,,,,,,,,,,,,
,,,,,,,,,,,,,,,,,,,,,
,,,,,,,,,,,,,,,,,,,,,
,,,,,,,,,,,,,,,,,,,,,
,,,,,,,,,,,,,,,,,,,,,
,,,,,,,,,,,,,,,,,,,,,
,,,,,,,,,,,,,,,,,,,,,
,,,,,,,,,,,,,,,,,,,,,
,,,,,,,,,,,,,,,,,,,,,
,,,,,,,,,,,,,,,,,,,,,
,,,,,,,,,,,,,,,,,,,,,
,,,,,,,,,,,,,,,,,,,,,
,,,,,,,,,,,,,,,,,,,,,
,,,,,,,,,,,,,,,,,,,,,
,,,,,,,,,,,,,,,,,,,,,
,,,,,,,,,,,,,,,,,,,,,
,,,,,,,,,,,,,,,,,,,,,
,,,,,,,,,,,,,,,,,,,,,
,,,,,,,,,,,,,,,,,,,,,
,,,,,,,,,,,,,,,,,,,,,
,,,,,,,,,,,,,,,,,,,,,
,,,,,,,,,,,,,,,,,,,,,
,,,,,,,,,,,,,,,,,,,,,
,,,,,,,,,,,,,,,,,,,,,
,,,,,,,,,,,,,,,,,,,,,
,,,,,,,,,,,,,,,,,,,,,
,,,,,,,,,,,,,,,,,,,,,
,,,,,,,,,,,,,,,,,,,,,
,,,,,,,,,,,,,,,,,,,,,
,,,,,,,,,,,,,,,,,,,,,
,,,,,,,,,,,,,,,,,,,,,
,,,,,,,,,,,,,,,,,,,,,
,,,,,,,,,,,,,,,,,,,,,
,,,,,,,,,,,,,,,,,,,,,
,,,,,,,,,,,,,,,,,,,,,
,,,,,,,,,,,,,,,,,,,,,
,,,,,,,,,,,,,,,,,,,,,
,,,,,,,,,,,,,,,,,,,,,
,,,,,,,,,,,,,,,,,,,,,
,,,,,,,,,,,,,,,,,,,,,
,,,,,,,,,,,,,,,,,,,,,
,,,,,,,,,,,,,,,,,,,,,
,,,,,,,,,,,,,,,,,,,,,
,,,,,,,,,,,,,,,,,,,,,
,,,,,,,,,,,,,,,,,,,,,
,,,,,,,,,,,,,,,,,,,,,
,,,,,,,,,,,,,,,,,,,,,
,,,,,,,,,,,,,,,,,,,,,
,,,,,,,,,,,,,,,,,,,,,
,,,,,,,,,,,,,,,,,,,,,
,,,,,,,,,,,,,,,,,,,,,
,,,,,,,,,,,,,,,,,,,,,
,,,,,,,,,,,,,,,,,,,,,
,,,,,,,,,,,,,,,,,,,,,
,,,,,,,,,,,,,,,,,,,,,
,,,,,,,,,,,,,,,,,,,,,
,,,,,,,,,,,,,,,,,,,,,
,,,,,,,,,,,,,,,,,,,,,
,,,,,,,,,,,,,,,,,,,,,
,,,,,,,,,,,,,,,,,,,,,
,,,,,,,,,,,,,,,,,,,,,
,,,,,,,,,,,,,,,,,,,,,
,,,,,,,,,,,,,,,,,,,,,
,,,,,,,,,,,,,,,,,,,,,
,,,,,,,,,,,,,,,,,,,,,
,,,,,,,,,,,,,,,,,,,,,
,,,,,,,,,,,,,,,,,,,,,
,,,,,,,,,,,,,,,,,,,,,
,,,,,,,,,,,,,,,,,,,,,
,,,,,,,,,,,,,,,,,,,,,
,,,,,,,,,,,,,,,,,,,,,
,,,,,,,,,,,,,,,,,,,,,
,,,,,,,,,,,,,,,,,,,,,
,,,,,,,,,,,,,,,,,,,,,
,,,,,,,,,,,,,,,,,,,,,
,,,,,,,,,,,,,,,,,,,,,
,,,,,,,,,,,,,,,,,,,,,
,,,,,,,,,,,,,,,,,,,,,
,,,,,,,,,,,,,,,,,,,,,
,,,,,,,,,,,,,,,,,,,,,
,,,,,,,,,,,,,,,,,,,,,
,,,,,,,,,,,,,,,,,,,,,
,,,,,,,,,,,,,,,,,,,,,
,,,,,,,,,,,,,,,,,,,,,
,,,,,,,,,,,,,,,,,,,,,
,,,,,,,,,,,,,,,,,,,,,
,,,,,,,,,,,,,,,,,,,,,
,,,,,,,,,,,,,,,,,,,,,
,,,,,,,,,,,,,,,,,,,,,
,,,,,,,,,,,,,,,,,,,,,
,,,,,,,,,,,,,,,,,,,,,
,,,,,,,,,,,,,,,,,,,,,
,,,,,,,,,,,,,,,,,,,,,
,,,,,,,,,,,,,,,,,,,,,
,,,,,,,,,,,,,,,,,,,,,
,,,,,,,,,,,,,,,,,,,,,
,,,,,,,,,,,,,,,,,,,,,
,,,,,,,,,,,,,,,,,,,,,
,,,,,,,,,,,,,,,,,,,,,
,,,,,,,,,,,,,,,,,,,,,
,,,,,,,,,,,,,,,,,,,,,
,,,,,,,,,,,,,,,,,,,,,
,,,,,,,,,,,,,,,,,,,,,
,,,,,,,,,,,,,,,,,,,,,
,,,,,,,,,,,,,,,,,,,,,
,,,,,,,,,,,,,,,,,,,,,
,,,,,,,,,,,,,,,,,,,,,
,,,,,,,,,,,,,,,,,,,,,
,,,,,,,,,,,,,,,,,,,,,
,,,,,,,,,,,,,,,,,,,,,
,,,,,,,,,,,,,,,,,,,,,
,,,,,,,,,,,,,,,,,,,,,
,,,,,,,,,,,,,,,,,,,,,
,,,,,,,,,,,,,,,,,,,,,
,,,,,,,,,,,,,,,,,,,,,
,,,,,,,,,,,,,,,,,,,,,
,,,,,,,,,,,,,,,,,,,,,
,,,,,,,,,,,,,,,,,,,,,
,,,,,,,,,,,,,,,,,,,,,
,,,,,,,,,,,,,,,,,,,,,
,,,,,,,,,,,,,,,,,,,,,
,,,,,,,,,,,,,,,,,,,,,
,,,,,,,,,,,,,,,,,,,,,
,,,,,,,,,,,,,,,,,,,,,
,,,,,,,,,,,,,,,,,,,,,
,,,,,,,,,,,,,,,,,,,,,
,,,,,,,,,,,,,,,,,,,,,
,,,,,,,,,,,,,,,,,,,,,
,,,,,,,,,,,,,,,,,,,,,
,,,,,,,,,,,,,,,,,,,,,
,,,,,,,,,,,,,,,,,,,,,
,,,,,,,,,,,,,,,,,,,,,
,,,,,,,,,,,,,,,,,,,,,
,,,,,,,,,,,,,,,,,,,,,
,,,,,,,,,,,,,,,,,,,,,
,,,,,,,,,,,,,,,,,,,,,
,,,,,,,,,,,,,,,,,,,,,
,,,,,,,,,,,,,,,,,,,,,
,,,,,,,,,,,,,,,,,,,,,
,,,,,,,,,,,,,,,,,,,,,
,,,,,,,,,,,,,,,,,,,,,
,,,,,,,,,,,,,,,,,,,,,
,,,,,,,,,,,,,,,,,,,,,
,,,,,,,,,,,,,,,,,,,,,
,,,,,,,,,,,,,,,,,,,,,
,,,,,,,,,,,,,,,,,,,,,
,,,,,,,,,,,,,,,,,,,,,
,,,,,,,,,,,,,,,,,,,,,
,,,,,,,,,,,,,,,,,,,,,
,,,,,,,,,,,,,,,,,,,,,
,,,,,,,,,,,,,,,,,,,,,
,,,,,,,,,,,,,,,,,,,,,
,,,,,,,,,,,,,,,,,,,,,
,,,,,,,,,,,,,,,,,,,,,
,,,,,,,,,,,,,,,,,,,,,
,,,,,,,,,,,,,,,,,,,,,
,,,,,,,,,,,,,,,,,,,,,
,,,,,,,,,,,,,,,,,,,,,
,,,,,,,,,,,,,,,,,,,,,
,,,,,,,,,,,,,,,,,,,,,
,,,,,,,,,,,,,,,,,,,,,
,,,,,,,,,,,,,,,,,,,,,
,,,,,,,,,,,,,,,,,,,,,
,,,,,,,,,,,,,,,,,,,,,
,,,,,,,,,,,,,,,,,,,,,
,,,,,,,,,,,,,,,,,,,,,
,,,,,,,,,,,,,,,,,,,,,
,,,,,,,,,,,,,,,,,,,,,
,,,,,,,,,,,,,,,,,,,,,
,,,,,,,,,,,,,,,,,,,,,
,,,,,,,,,,,,,,,,,,,,,
,,,,,,,,,,,,,,,,,,,,,
,,,,,,,,,,,,,,,,,,,,,
,,,,,,,,,,,,,,,,,,,,,
,,,,,,,,,,,,,,,,,,,,,
,,,,,,,,,,,,,,,,,,,,,
,,,,,,,,,,,,,,,,,,,,,
,,,,,,,,,,,,,,,,,,,,,
,,,,,,,,,,,,,,,,,,,,,
,,,,,,,,,,,,,,,,,,,,,
,,,,,,,,,,,,,,,,,,,,,
,,,,,,,,,,,,,,,,,,,,,
,,,,,,,,,,,,,,,,,,,,,
,,,,,,,,,,,,,,,,,,,,,
,,,,,,,,,,,,,,,,,,,,,
,,,,,,,,,,,,,,,,,,,,,
,,,,,,,,,,,,,,,,,,,,,
,,,,,,,,,,,,,,,,,,,,,
,,,,,,,,,,,,,,,,,,,,,
,,,,,,,,,,,,,,,,,,,,,
,,,,,,,,,,,,,,,,,,,,,
,,,,,,,,,,,,,,,,,,,,,
,,,,,,,,,,,,,,,,,,,,,
,,,,,,,,,,,,,,,,,,,,,
,,,,,,,,,,,,,,,,,,,,,
,,,,,,,,,,,,,,,,,,,,,
,,,,,,,,,,,,,,,,,,,,,
,,,,,,,,,,,,,,,,,,,,,
,,,,,,,,,,,,,,,,,,,,,
,,,,,,,,,,,,,,,,,,,,,
,,,,,,,,,,,,,,,,,,,,,
,,,,,,,,,,,,,,,,,,,,,
,,,,,,,,,,,,,,,,,,,,,
,,,,,,,,,,,,,,,,,,,,,
,,,,,,,,,,,,,,,,,,,,,
,,,,,,,,,,,,,,,,,,,,,
,,,,,,,,,,,,,,,,,,,,,
,,,,,,,,,,,,,,,,,,,,,
,,,,,,,,,,,,,,,,,,,,,
,,,,,,,,,,,,,,,,,,,,,
,,,,,,,,,,,,,,,,,,,,,
,,,,,,,,,,,,,,,,,,,,,
,,,,,,,,,,,,,,,,,,,,,
,,,,,,,,,,,,,,,,,,,,,
,,,,,,,,,,,,,,,,,,,,,
,,,,,,,,,,,,,,,,,,,,,
,,,,,,,,,,,,,,,,,,,,,
,,,,,,,,,,,,,,,,,,,,,
,,,,,,,,,,,,,,,,,,,,,
,,,,,,,,,,,,,,,,,,,,,
,,,,,,,,,,,,,,,,,,,,,
,,,,,,,,,,,,,,,,,,,,,
,,,,,,,,,,,,,,,,,,,,,
,,,,,,,,,,,,,,,,,,,,,
,,,,,,,,,,,,,,,,,,,,,
,,,,,,,,,,,,,,,,,,,,,
,,,,,,,,,,,,,,,,,,,,,
,,,,,,,,,,,,,,,,,,,,,
,,,,,,,,,,,,,,,,,,,,,
,,,,,,,,,,,,,,,,,,,,,
,,,,,,,,,,,,,,,,,,,,,
,,,,,,,,,,,,,,,,,,,,,
,,,,,,,,,,,,,,,,,,,,,
,,,,,,,,,,,,,,,,,,,,,
,,,,,,,,,,,,,,,,,,,,,
,,,,,,,,,,,,,,,,,,,,,
,,,,,,,,,,,,,,,,,,,,,
,,,,,,,,,,,,,,,,,,,,,
,,,,,,,,,,,,,,,,,,,,,
,,,,,,,,,,,,,,,,,,,,,
,,,,,,,,,,,,,,,,,,,,,
,,,,,,,,,,,,,,,,,,,,,
,,,,,,,,,,,,,,,,,,,,,
,,,,,,,,,,,,,,,,,,,,,
,,,,,,,,,,,,,,,,,,,,,
,,,,,,,,,,,,,,,,,,,,,
,,,,,,,,,,,,,,,,,,,,,
,,,,,,,,,,,,,,,,,,,,,
,,,,,,,,,,,,,,,,,,,,,
,,,,,,,,,,,,,,,,,,,,,
,,,,,,,,,,,,,,,,,,,,,
,,,,,,,,,,,,,,,,,,,,,
,,,,,,,,,,,,,,,,,,,,,
,,,,,,,,,,,,,,,,,,,,,
,,,,,,,,,,,,,,,,,,,,,
,,,,,,,,,,,,,,,,,,,,,
,,,,,,,,,,,,,,,,,,,,,
,,,,,,,,,,,,,,,,,,,,,
,,,,,,,,,,,,,,,,,,,,,
,,,,,,,,,,,,,,,,,,,,,
,,,,,,,,,,,,,,,,,,,,,
,,,,,,,,,,,,,,,,,,,,,
,,,,,,,,,,,,,,,,,,,,,
,,,,,,,,,,,,,,,,,,,,,
,,,,,,,,,,,,,,,,,,,,,
,,,,,,,,,,,,,,,,,,,,,
,,,,,,,,,,,,,,,,,,,,,
,,,,,,,,,,,,,,,,,,,,,
,,,,,,,,,,,,,,,,,,,,,
,,,,,,,,,,,,,,,,,,,,,
,,,,,,,,,,,,,,,,,,,,,
,,,,,,,,,,,,,,,,,,,,,
,,,,,,,,,,,,,,,,,,,,,
,,,,,,,,,,,,,,,,,,,,,
,,,,,,,,,,,,,,,,,,,,,
,,,,,,,,,,,,,,,,,,,,,
,,,,,,,,,,,,,,,,,,,,,
,,,,,,,,,,,,,,,,,,,,,
,,,,,,,,,,,,,,,,,,,,,
,,,,,,,,,,,,,,,,,,,,,
,,,,,,,,,,,,,,,,,,,,,
,,,,,,,,,,,,,,,,,,,,,
,,,,,,,,,,,,,,,,,,,,,
,,,,,,,,,,,,,,,,,,,,,
,,,,,,,,,,,,,,,,,,,,,
,,,,,,,,,,,,,,,,,,,,,
,,,,,,,,,,,,,,,,,,,,,
,,,,,,,,,,,,,,,,,,,,,
,,,,,,,,,,,,,,,,,,,,,
,,,,,,,,,,,,,,,,,,,,,
,,,,,,,,,,,,,,,,,,,,,
,,,,,,,,,,,,,,,,,,,,,
,,,,,,,,,,,,,,,,,,,,,
,,,,,,,,,,,,,,,,,,,,,
,,,,,,,,,,,,,,,,,,,,,
,,,,,,,,,,,,,,,,,,,,,
,,,,,,,,,,,,,,,,,,,,,
,,,,,,,,,,,,,,,,,,,,,
,,,,,,,,,,,,,,,,,,,,,
,,,,,,,,,,,,,,,,,,,,,
,,,,,,,,,,,,,,,,,,,,,
,,,,,,,,,,,,,,,,,,,,,
,,,,,,,,,,,,,,,,,,,,,
,,,,,,,,,,,,,,,,,,,,,
,,,,,,,,,,,,,,,,,,,,,
,,,,,,,,,,,,,,,,,,,,,
,,,,,,,,,,,,,,,,,,,,,
,,,,,,,,,,,,,,,,,,,,,
,,,,,,,,,,,,,,,,,,,,,
,,,,,,,,,,,,,,,,,,,,,
,,,,,,,,,,,,,,,,,,,,,
,,,,,,,,,,,,,,,,,,,,,
,,,,,,,,,,,,,,,,,,,,,
,,,,,,,,,,,,,,,,,,,,,
,,,,,,,,,,,,,,,,,,,,,
,,,,,,,,,,,,,,,,,,,,,
,,,,,,,,,,,,,,,,,,,,,
,,,,,,,,,,,,,,,,,,,,,
,,,,,,,,,,,,,,,,,,,,,
,,,,,,,,,,,,,,,,,,,,,
,,,,,,,,,,,,,,,,,,,,,
,,,,,,,,,,,,,,,,,,,,,
,,,,,,,,,,,,,,,,,,,,,
,,,,,,,,,,,,,,,,,,,,,
,,,,,,,,,,,,,,,,,,,,,
,,,,,,,,,,,,,,,,,,,,,
,,,,,,,,,,,,,,,,,,,,,
,,,,,,,,,,,,,,,,,,,,,
,,,,,,,,,,,,,,,,,,,,,
,,,,,,,,,,,,,,,,,,,,,
,,,,,,,,,,,,,,,,,,,,,
,,,,,,,,,,,,,,,,,,,,,
,,,,,,,,,,,,,,,,,,,,,
,,,,,,,,,,,,,,,,,,,,,
,,,,,,,,,,,,,,,,,,,,,
,,,,,,,,,,,,,,,,,,,,,
,,,,,,,,,,,,,,,,,,,,,
,,,,,,,,,,,,,,,,,,,,,
,,,,,,,,,,,,,,,,,,,,,
,,,,,,,,,,,,,,,,,,,,,
,,,,,,,,,,,,,,,,,,,,,
,,,,,,,,,,,,,,,,,,,,,
,,,,,,,,,,,,,,,,,,,,,
,,,,,,,,,,,,,,,,,,,,,
,,,,,,,,,,,,,,,,,,,,,
,,,,,,,,,,,,,,,,,,,,,
,,,,,,,,,,,,,,,,,,,,,
,,,,,,,,,,,,,,,,,,,,,
,,,,,,,,,,,,,,,,,,,,,
,,,,,,,,,,,,,,,,,,,,,
,,,,,,,,,,,,,,,,,,,,,
,,,,,,,,,,,,,,,,,,,,,
,,,,,,,,,,,,,,,,,,,,,
,,,,,,,,,,,,,,,,,,,,,
,,,,,,,,,,,,,,,,,,,,,
,,,,,,,,,,,,,,,,,,,,,
,,,,,,,,,,,,,,,,,,,,,
,,,,,,,,,,,,,,,,,,,,,
,,,,,,,,,,,,,,,,,,,,,
,,,,,,,,,,,,,,,,,,,,,
,,,,,,,,,,,,,,,,,,,,,
,,,,,,,,,,,,,,,,,,,,,
,,,,,,,,,,,,,,,,,,,,,
,,,,,,,,,,,,,,,,,,,,,
,,,,,,,,,,,,,,,,,,,,,
,,,,,,,,,,,,,,,,,,,,,
,,,,,,,,,,,,,,,,,,,,,
,,,,,,,,,,,,,,,,,,,,,
,,,,,,,,,,,,,,,,,,,,,
,,,,,,,,,,,,,,,,,,,,,
,,,,,,,,,,,,,,,,,,,,,
,,,,,,,,,,,,,,,,,,,,,
,,,,,,,,,,,,,,,,,,,,,
,,,,,,,,,,,,,,,,,,,,,
,,,,,,,,,,,,,,,,,,,,,
,,,,,,,,,,,,,,,,,,,,,
,,,,,,,,,,,,,,,,,,,,,
,,,,,,,,,,,,,,,,,,,,,
,,,,,,,,,,,,,,,,,,,,,
,,,,,,,,,,,,,,,,,,,,,
,,,,,,,,,,,,,,,,,,,,,
,,,,,,,,,,,,,,,,,,,,,
,,,,,,,,,,,,,,,,,,,,,
,,,,,,,,,,,,,,,,,,,,,
,,,,,,,,,,,,,,,,,,,,,
,,,,,,,,,,,,,,,,,,,,,
,,,,,,,,,,,,,,,,,,,,,
,,,,,,,,,,,,,,,,,,,,,
,,,,,,,,,,,,,,,,,,,,,
,,,,,,,,,,,,,,,,,,,,,
,,,,,,,,,,,,,,,,,,,,,
,,,,,,,,,,,,,,,,,,,,,
,,,,,,,,,,,,,,,,,,,,,
,,,,,,,,,,,,,,,,,,,,,
,,,,,,,,,,,,,,,,,,,,,
,,,,,,,,,,,,,,,,,,,,,
,,,,,,,,,,,,,,,,,,,,,
,,,,,,,,,,,,,,,,,,,,,
,,,,,,,,,,,,,,,,,,,,,
,,,,,,,,,,,,,,,,,,,,,
,,,,,,,,,,,,,,,,,,,,,
,,,,,,,,,,,,,,,,,,,,,
,,,,,,,,,,,,,,,,,,,,,
,,,,,,,,,,,,,,,,,,,,,
,,,,,,,,,,,,,,,,,,,,,
,,,,,,,,,,,,,,,,,,,,,
,,,,,,,,,,,,,,,,,,,,,
,,,,,,,,,,,,,,,,,,,,,
,,,,,,,,,,,,,,,,,,,,,
,,,,,,,,,,,,,,,,,,,,,
,,,,,,,,,,,,,,,,,,,,,
,,,,,,,,,,,,,,,,,,,,,
,,,,,,,,,,,,,,,,,,,,,
,,,,,,,,,,,,,,,,,,,,,
,,,,,,,,,,,,,,,,,,,,,
,,,,,,,,,,,,,,,,,,,,,
,,,,,,,,,,,,,,,,,,,,,
,,,,,,,,,,,,,,,,,,,,,
,,,,,,,,,,,,,,,,,,,,,
,,,,,,,,,,,,,,,,,,,,,
,,,,,,,,,,,,,,,,,,,,,
,,,,,,,,,,,,,,,,,,,,,
,,,,,,,,,,,,,,,,,,,,,
,,,,,,,,,,,,,,,,,,,,,
,,,,,,,,,,,,,,,,,,,,,
,,,,,,,,,,,,,,,,,,,,,
,,,,,,,,,,,,,,,,,,,,,
,,,,,,,,,,,,,,,,,,,,,
,,,,,,,,,,,,,,,,,,,,,
,,,,,,,,,,,,,,,,,,,,,
,,,,,,,,,,,,,,,,,,,,,
,,,,,,,,,,,,,,,,,,,,,
,,,,,,,,,,,,,,,,,,,,,
,,,,,,,,,,,,,,,,,,,,,
,,,,,,,,,,,,,,,,,,,,,
,,,,,,,,,,,,,,,,,,,,,
,,,,,,,,,,,,,,,,,,,,,
,,,,,,,,,,,,,,,,,,,,,
,,,,,,,,,,,,,,,,,,,,,
,,,,,,,,,,,,,,,,,,,,,
,,,,,,,,,,,,,,,,,,,,,
,,,,,,,,,,,,,,,,,,,,,
,,,,,,,,,,,,,,,,,,,,,
,,,,,,,,,,,,,,,,,,,,,
,,,,,,,,,,,,,,,,,,,,,
,,,,,,,,,,,,,,,,,,,,,
,,,,,,,,,,,,,,,,,,,,,
,,,,,,,,,,,,,,,,,,,,,
,,,,,,,,,,,,,,,,,,,,,
,,,,,,,,,,,,,,,,,,,,,
,,,,,,,,,,,,,,,,,,,,,
,,,,,,,,,,,,,,,,,,,,,
,,,,,,,,,,,,,,,,,,,,,
,,,,,,,,,,,,,,,,,,,,,
,,,,,,,,,,,,,,,,,,,,,
,,,,,,,,,,,,,,,,,,,,,
,,,,,,,,,,,,,,,,,,,,,
,,,,,,,,,,,,,,,,,,,,,
,,,,,,,,,,,,,,,,,,,,,
,,,,,,,,,,,,,,,,,,,,,
,,,,,,,,,,,,,,,,,,,,,
,,,,,,,,,,,,,,,,,,,,,
,,,,,,,,,,,,,,,,,,,,,
,,,,,,,,,,,,,,,,,,,,,
,,,,,,,,,,,,,,,,,,,,,
,,,,,,,,,,,,,,,,,,,,,
,,,,,,,,,,,,,,,,,,,,,
,,,,,,,,,,,,,,,,,,,,,
,,,,,,,,,,,,,,,,,,,,,
,,,,,,,,,,,,,,,,,,,,,
,,,,,,,,,,,,,,,,,,,,,
,,,,,,,,,,,,,,,,,,,,,
,,,,,,,,,,,,,,,,,,,,,
,,,,,,,,,,,,,,,,,,,,,
,,,,,,,,,,,,,,,,,,,,,
,,,,,,,,,,,,,,,,,,,,,
,,,,,,,,,,,,,,,,,,,,,
,,,,,,,,,,,,,,,,,,,,,
,,,,,,,,,,,,,,,,,,,,,
,,,,,,,,,,,,,,,,,,,,,
,,,,,,,,,,,,,,,,,,,,,
,,,,,,,,,,,,,,,,,,,,,
,,,,,,,,,,,,,,,,,,,,,
,,,,,,,,,,,,,,,,,,,,,
,,,,,,,,,,,,,,,,,,,,,
,,,,,,,,,,,,,,,,,,,,,
,,,,,,,,,,,,,,,,,,,,,
,,,,,,,,,,,,,,,,,,,,,
,,,,,,,,,,,,,,,,,,,,,
,,,,,,,,,,,,,,,,,,,,,
,,,,,,,,,,,,,,,,,,,,,
,,,,,,,,,,,,,,,,,,,,,
,,,,,,,,,,,,,,,,,,,,,
,,,,,,,,,,,,,,,,,,,,,
,,,,,,,,,,,,,,,,,,,,,
,,,,,,,,,,,,,,,,,,,,,
,,,,,,,,,,,,,,,,,,,,,
,,,,,,,,,,,,,,,,,,,,,
,,,,,,,,,,,,,,,,,,,,,
,,,,,,,,,,,,,,,,,,,,,
,,,,,,,,,,,,,,,,,,,,,
,,,,,,,,,,,,,,,,,,,,,
,,,,,,,,,,,,,,,,,,,,,
,,,,,,,,,,,,,,,,,,,,,
,,,,,,,,,,,,,,,,,,,,,
,,,,,,,,,,,,,,,,,,,,,
,,,,,,,,,,,,,,,,,,,,,
,,,,,,,,,,,,,,,,,,,,,
,,,,,,,,,,,,,,,,,,,,,
,,,,,,,,,,,,,,,,,,,,,
,,,,,,,,,,,,,,,,,,,,,
,,,,,,,,,,,,,,,,,,,,,
,,,,,,,,,,,,,,,,,,,,,
,,,,,,,,,,,,,,,,,,,,,
,,Total,,1811,,,,,,,,,,,,,,,,,
,,,,,,,,,,,,,,,,,,,,,
,,Paint Code,Paint Name,RGB Code,,,,,,,,,,,,,,,,,
,,300,Alpine White,"255, 255, 255",https://github.com/Sman19/F87-M2-Ext-Int/blob/62fa3456fbd19b97c9772c0307a30f3c656ae3c9/2017_M2_Alpine_White_380x260.png?raw=true,,,,,,,,,,,,,,,,
,,475,Black Sapphire Metallic,"0, 0, 0",https://github.com/Sman19/F87-M2-Ext-Int/blob/62fa3456fbd19b97c9772c0307a30f3c656ae3c9/2017_M2_Black_Sapphire_380x260.png?raw=true,,,,,,,,,,,,,,,,
,,C16,Long Beach Blue,"3,137,197",https://github.com/Sman19/F87-M2-Ext-Int/blob/62fa3456fbd19b97c9772c0307a30f3c656ae3c9/2017_M2_Long_Beach_Blue_380x260.png?raw=true,,,,,,,,,,,,,,,,
,,B39,Mineral Gray Metallic,"105,116,137",https://github.com/Sman19/F87-M2-Ext-Int/blob/c3be7f7ddc554a924c667c73698c21a2c7a04a75/2017_M2_Mineral_Grey_380x260.png?raw=true,,,,,,,,,,,,,,,,
,,,,,,,,,,,,,,,,,,,,,
,,,Special Paint,,,,,,,,,,,,,,,,,,
,,B67,Austin Yellow Metallic,"234,217,86",https://github.com/Sman19/F87-M2-Ext-Int/blob/c3be7f7ddc554a924c667c73698c21a2c7a04a75/Austin%20Yellow%20Metallic_380x260.png?raw=true,,,,,,,,,,,,,,,,
,,,,,,,,,,,,,,,,,,,,,
,,,Interior,,,,,,,,,,,,,,,,,,
,,LCNL,Black Dakota leather w. Blue Stitch,,https://github.com/Sman19/F87-M2-Ext-Int/blob/c3be7f7ddc554a924c667c73698c21a2c7a04a75/m2%20interior%20Blue%20Stit.png?raw=true,,,,,,,,,,,,,,,,
,,Z1XX,Black Dakota leather w. Yellow Stitch,,https://github.com/Sman19/F87-M2-Ext-Int/blob/c3be7f7ddc554a924c667c73698c21a2c7a04a75/Austin%20yellow%20stitch.png?raw=true,,,,,,,,,,,,,,,,
,,,,,,,,,,,,,,,,,,,,,
,,,,,,,,,,,,,,,,,,,,,
,,,,,,,,,,,,,,,,,,,,,
,,,,,,,,,,,,,,,,,,,,,
,,,,,,,,,,,,,,,,,,,,,
,,,,,,,,,,,,,,,,,,,,,
,,,,,,,,,,,,,,,,,,,,,
,,,,,,,,,,,,,,,,,,,,,
,,,,,,,,,,,,,,,,,,,,,
,,,,,,,,,,,,,,,,,,,,,
,,,,,,,,,,,,,,,,,,,,,
,,,,,,,,,,,,,,,,,,,,,
,,,,,,,,,,,,,,,,,,,,,
,,,,,,,,,,,,,,,,,,,,,
,,,,,,,,,,,,,,,,,,,,,
,,,,,,,,,,,,,,,,,,,,,
,,,,,,,,,,,,,,,,,,,,,
,,,,,,,,,,,,,,,,,,,,,
,,,,,,,,,,,,,,,,,,,,,
,,,,,,,,,,,,,,,,,,,,,
,,,,,,,,,,,,,,,,,,,,,
,,,,,,,,,,,,,,,,,,,,,
,,,,,,,,,,,,,,,,,,,,,
,,,,,,,,,,,,,,,,,,,,,
,,,,,,,,,,,,,,,,,,,,,
,,,,,,,,,,,,,,,,,,,,,
,,,,,,,,,,,,,,,,,,,,,
,,,,,,,,,,,,,,,,,,,,,
,,,,,,,,,,,,,,,,,,,,,
,,,,,,,,,,,,,,,,,,,,,
,,,,,,,,,,,,,,,,,,,,,
,,,,,,,,,,,,,,,,,,,,,
,,,,,,,,,,,,,,,,,,,,,
,,,,,,,,,,,,,,,,,,,,,
,,,,,,,,,,,,,,,,,,,,,
,,,,,,,,,,,,,,,,,,,,,
,,,,,,,,,,,,,,,,,,,,,
,,,,,,,,,,,,,,,,,,,,,
,,,,,,,,,,,,,,,,,,,,,
,,,,,,,,,,,,,,,,,,,,,
,,,,,,,,,,,,,,,,,,,,,
,,,,,,,,,,,,,,,,,,,,,
,,,,,,,,,,,,,,,,,,,,,
,,,,,,,,,,,,,,,,,,,,,
,,,,,,,,,,,,,,,,,,,,,
,,,,,,,,,,,,,,,,,,,,,
,,,,,,,,,,,,,,,,,,,,,
,,,,,,,,,,,,,,,,,,,,,
,,,,,,,,,,,,,,,,,,,,,
,,,,,,,,,,,,,,,,,,,,,
,,,,,,,,,,,,,,,,,,,,,
,,,,,,,,,,,,,,,,,,,,,
,,,,,,,,,,,,,,,,,,,,,
,,,,,,,,,,,,,,,,,,,,,
,,,,,,,,,,,,,,,,,,,,,
,,,,,,,,,,,,,,,,,,,,,
,,,,,,,,,,,,,,,,,,,,,
,,,,,,,,,,,,,,,,,,,,,
,,,,,,,,,,,,,,,,,,,,,
,,,,,,,,,,,,,,,,,,,,,
,,,,,,,,,,,,,,,,,,,,,
,,,,,,,,,,,,,,,,,,,,,
,,,,,,,,,,,,,,,,,,,,,
,,,,,,,,,,,,,,,,,,,,,
,,,,,,,,,,,,,,,,,,,,,
,,,,,,,,,,,,,,,,,,,,,
,,,,,,,,,,,,,,,,,,,,,
,,,,,,,,,,,,,,,,,,,,,
,,,,,,,,,,,,,,,,,,,,,
,,,,,,,,,,,,,,,,,,,,,
,,,,,,,,,,,,,,,,,,,,,
,,,,,,,,,,,,,,,,,,,,,
,,,,,,,,,,,,,,,,,,,,,
,,,,,,,,,,,,,,,,,,,,,
,,,,,,,,,,,,,,,,,,,,,
,,,F98,,,,,,,,,,,,,,,,,,
,,,,,,,,,,,,,,,,,,,,,
,,,,,,,,,,,,,,,,,,,,,
,,,,,,,,,,,,,,,,,,,,,
,,,,,,,,,,,,,,,,,,,,,
,,,,,,,,,,,,,,,,,,,,,
,,,,,,,,,,,,,,,,,,,,,
,,,,,,,,,,,,,,,,,,,,,
,,,,,,,,,,,,,,,,,,,,,
,,,,,,,,,,,,,,,,,,,,,
,,,,,,,,,,,,,,,,,,,,,
,,,,,,,,,,,,,,,,,,,,,
,,,,,,,,,,,,,,,,,,,,,
,,,,,,,,,,,,,,,,,,,,,
,,,,,,,,,,,,,,,,,,,,,
,,,,,,,,,,,,,,,,,,,,,
,,,,,,,,,,,,,,,,,,,,,
,,,,,,,,,,,,,,,,,,,,,
,,,,,,,,,,,,,,,,,,,,,
,,,,,,,,,,,,,,,,,,,,,
,,,,,,,,,,,,,,,,,,,,,
,,,,,,,,,,,,,,,,,,,,,
,,,,,,,,,,,,,,,,,,,,,
,,,,,,,,,,,,,,,,,,,,,
,,,,,,,,,,,,,,,,,,,,,
,,,,,,,,,,,,,,,,,,,,,
,,,,,,,,,,,,,,,,,,,,,
,,,,,,,,,,,,,,,,,,,,,
,,,,,,,,,,,,,,,,,,,,,
,,,,,,,,,,,,,,,,,,,,,
,,,,,,,,,,,,,,,,,,,,,
,,,,,,,,,,,,,,,,,,,,,
,,,,,,,,,,,,,,,,,,,,,
,,,,,,MAH7 - Black Vernaca Leather,,,,,,,,,,,,,,,