EXTERIOR,Development code,INTERIOR,Year,VIN,,,,PACKAGES,MSRP,PROD,,,DEALER NAME,Port,Carrier,VPC,Details,V-Spec,Sticker,Invoice,VPC
C1K - Marina Bay Blue Metallic,F97,LKSW - Black Extended Merino Leather,2022,5YM13EC02N9E74100,,9E74100,2MK,,,"Nov 22, 2020",,USA,"BMWNA RISK POOL, Woodcliff Lake, US",,,,,,,,
C4P - Brooklyn Gray Metallic,F97,LKHV - Adelaide Grey Extended Merino Leather,2022,5YM13EC01N9G02701,,9G02701,2MK,,,"Mar 23, 2021",,USA,"Fuhrpark, München, DE",,,,,,,,
C4P - Brooklyn Gray Metallic,F97,LKDA - Sakhir Orange Extended Merino Leather,2022,5YM13EC0XN9H43010,,9H43010,2MK,,,"Jul 14, 2021",,USA,"Ohio Auto Auction, Grove City, US",,,,,,,,
C4P - Brooklyn Gray Metallic,F97,LKDA - Sakhir Orange Extended Merino Leather,2022,5YM13EC09N9H43029,,9H43029,2MK,,,"Jul 15, 2021",,USA,"Nevada Auto Auction, Las Vegas, US",,,,,,,,
C4P - Brooklyn Gray Metallic,F97,LKDA - Sakhir Orange Extended Merino Leather,2022,5YM13EC05N9H43030,,9H43030,2MK,,,"Jul 15, 2021",,USA,"Atlanta Auto Auction/Manheim Greer, Red Oak, US",,,,,,,,
300 - Alpine White,F97,MAH7 - Black Vernasca Leather,2022,5YM13EC00N9H43033,,9H43033,2MK,,,"Jul 15, 2021",,USA,"Crevier BMW, Santa Ana, US",,,,,,,,
300 - Alpine White,F97,MAH7 - Black Vernasca Leather,2022,5YM13EC02N9H43034,,9H43034,2MK,,,"Jul 15, 2021",,USA,"BMW of Columbia, Columbia, US",,,,,,,,
300 - Alpine White,F97,MAH7 - Black Vernasca Leather,2022,5YM13EC04N9H43035,,9H43035,2MK,,,"Jul 15, 2021",,USA,"South Motors BMW, Miami, US",,,,,,,,
300 - Alpine White,F97,LKDA - Sakhir Orange Extended Merino Leather,,5YM13EC00N9J00162,,9J00162,2MK,,,"Jul 28, 2021",,USA,"Chapman BMW, Chandler, US",,,,,,,,
300 - Alpine White,F97,LKDA - Sakhir Orange Extended Merino Leather,,5YM13EC0XN9J00198,,9J00198,2MK,,,"Jul 28, 2021",,USA,"Peter Pan BMW, Burlingame, US",,,,,,,,
300 - Alpine White,F97,VATQ - BMW Individual Tartufo Extended Merino Leather,,5YM13EC05N9J00299,,9J00299,2MK,,,"Jul 28, 2021",,USA,"BMW of Little Rock, Little Rock, US",,,,,,,,
A90 - Dark Graphite Metallic,F97,LKHV - Adelaide Grey Extended Merino Leather,,5YM13EC06N9J00358,,9J00358,2MK,,,"Jul 28, 2021",,USA,"Hilton Head BMW, Bluffton, US",,,,,,,,
C1K - Marina Bay Blue Metallic,F97,LKSW - Black Extended Merino Leather,,5YM13EC07N9J00384,,9J00384,2MK,,,"Jul 28, 2021",,USA,"Bobby Rahal BMW of South Hills, Canonsburg, US",,,,,,,,
C1K - Marina Bay Blue Metallic,F97,VATQ - BMW Individual Tartufo Extended Merino Leather,,5YM13EC03N9J00463,,9J00463,2MK,,,"Jul 28, 2021",,USA,"BMW of Reading, Reading, US",,,,,,,,
300 - Alpine White,F97,HDJA - Black/Midrand Beige Two-Tone Merino Leather / Alcantara,,5YM13EC05N9J00528,,9J00528,2MK,,,"Jul 29, 2021",,USA,"*Closed 3-Jan-23* BMW of Oyster Bay, Oyster Bay, US",,,,,,,,
C1K - Marina Bay Blue Metallic,F97,HDJA - Black/Midrand Beige Two-Tone Merino Leather / Alcantara,,5YM13EC02N9J01569,,9J01569,2MK,,,"Jul 29, 2021",,USA,"BMW of Freeport, Freeport, US",,,,,,,,
C1K - Marina Bay Blue Metallic,F97,LKSW - Black Extended Merino Leather,,5YM13EC09N9J01729,,9J01729,2MK,,,"Jul 29, 2021",,USA,"BMW of Tenafly, Tenafly, US",,,,,,,,
475 - Black Sapphire Metallic,F97,LKDA - Sakhir Orange Extended Merino Leather,,5YM13EC07N9J01888,,9J01888,2MK,,,"Jul 29, 2021",,USA,"Century West BMW, North Hollywood, US",,,,,,,,
A90 - Dark Graphite Metallic,F97,LKDA - Sakhir Orange Extended Merino Leather,,5YM13EC05N9J01923,,9J01923,2MK,,,"Jul 29, 2021",,USA,"Schomp BMW of Highlands Ranch, Highlands Ranch, US",,,,,,,,
C1K - Marina Bay Blue Metallic,F97,LKDA - Sakhir Orange Extended Merino Leather,,5YM13EC0XN9J01951,,9J01951,2MK,,,"Jul 29, 2021",,USA,"BMW of Brooklyn, Brooklyn, US",,,,,,,,
416 - Carbon Black Metallic,F97,LKHV - Adelaide Grey Extended Merino Leather,,5YM13EC00N9J02011,,9J02011,2MK,,,"Jul 29, 2021",,USA,"BMW of Brooklyn, Brooklyn, US",,,,,,,,
C1K - Marina Bay Blue Metallic,F97,LKHV - Adelaide Grey Extended Merino Leather,,5YM13EC09N9J02069,,9J02069,2MK,,,"Jul 29, 2021",,USA,"Chapman BMW, Chandler, US",,,,,,,,
300 - Alpine White,F97,LKDA - Sakhir Orange Extended Merino Leather,,5YM13EC06N9J02109,,9J02109,2MK,,,"Jul 29, 2021",,USA,"Rallye BMW, Westbury, US",,,,,,,,
A90 - Dark Graphite Metallic,F97,MAH7 - Black Vernasca Leather,,5YM13EC07N9J02149,,9J02149,2MK,,,"Jul 29, 2021",,USA,"BMW of Wichita, Wichita, US",,,,,,,,
300 - Alpine White,F97,LKSW - Black Extended Merino Leather,,5YM13EC04N9J03193,,9J03193,2MK,,,"Jul 30, 2021",,USA,"BMW/MINI of Sterling, Sterling, US",,,,,,,,
300 - Alpine White,F97,LKHV - Adelaide Grey Extended Merino Leather,,5YM13EC08N9J03231,,9J03231,2MK,,,"Jul 30, 2021",,USA,"Competition BMW of Smithtown, Saint James, US",,,,,,,,
C1K - Marina Bay Blue Metallic,F97,LKSW - Black Extended Merino Leather,,5YM13EC06N9J03258,,9J03258,2MK,,,"Jul 30, 2021",,USA,"BMW Northwest, Tacoma, US",,,,,,,,
416 - Carbon Black Metallic,F97,VATQ - BMW Individual Tartufo Extended Merino Leather,,5YM13EC09N9J03352,,9J03352,2MK,,,"Jul 30, 2021",,USA,"Tom Bush BMW Jacksonville, Jacksonville, US",,,,,,,,
416 - Carbon Black Metallic,F97,LKSW - Black Extended Merino Leather,,5YM13EC09N9J03450,,9J03450,2MK,,,"Jul 30, 2021",,USA,"BMW of Gwinnett Place, Duluth, US",,,,,,,,
475 - Black Sapphire Metallic,F97,HDJA - Black/Midrand Beige Two-Tone Merino Leather / Alcantara,,5YM13EC05N9J03476,,9J03476,2MK,,,"Jul 30, 2021",,USA,"BMW of San Luis Obispo, San Luis Obispo, US",,,,,,,,
C1K - Marina Bay Blue Metallic,F97,LKDA - Sakhir Orange Extended Merino Leather,,5YM13EC0XN9J03537,,9J03537,2MK,,,"Jul 30, 2021",,USA,"BMW of Springfield, Springfield, US",,,,,,,,
475 - Black Sapphire Metallic,F97,VATQ - BMW Individual Tartufo Extended Merino Leather,,5YM13EC03N9J03704,,9J03704,2MK,,,"Jul 30, 2021",,USA,"BMW of Peabody, Peabody, US",,,,,,,,
C4P - Brooklyn Grey Metallic,F97,LKSW - Black Extended Merino Leather,,5YM13EC00N9J04955,,9J04955,2MK,,,"Jul 31, 2021",,USA,"Crevier BMW, Santa Ana, US",,,,,,,,
C4H - Sao Paulo Yellow,F97,LKSW - Black Extended Merino Leather,,5YM13EC05N9J04983,,9J04983,2MK,,,"Jul 31, 2021",,USA,"Richmond BMW, Richmond, US",,,,,,,,
C4P - Brooklyn Grey Metallic,F97,LKSW - Black Extended Merino Leather,,5YM13EC06N9J05060,,9J05060,2MK,,,"Jul 31, 2021",,USA,"Global Imports BMW, Atlanta, US",,,,,,,,
C4P - Brooklyn Grey Metallic,F97,LKDA - Sakhir Orange Extended Merino Leather,,5YM13EC02N9J05086,,9J05086,2MK,,,"Jul 31, 2021",,USA,"BMW of Reading, Reading, US",,,,,,,,
C4P - Brooklyn Grey Metallic,F97,LKDA - Sakhir Orange Extended Merino Leather,,5YM13EC07N9J05312,,9J05312,2MK,,,"Aug 2, 2021",,USA,"BMW of Tenafly, Tenafly, US",,,,,,,,
C4P - Brooklyn Grey Metallic,F97,LKSW - Black Extended Merino Leather,,5YM13EC01N9J05337,,9J05337,2MK,,,"Aug 2, 2021",,USA,"BMW Encinitas, Encinitas, US",,,,,,,,
C4P - Brooklyn Grey Metallic,F97,LKDA - Sakhir Orange Extended Merino Leather,,5YM13EC09N9J05375,,9J05375,2MK,,,"Aug 2, 2021",,USA,"BMW Performance Center (SC), Greer, US",,,,,,,,
C4P - Brooklyn Grey Metallic,F97,LKSW - Black Extended Merino Leather,,5YM13EC05N9J05437,,9J05437,2MK,,,"Aug 2, 2021",,USA,"BMW of Escondido, Escondido, US",,,,,,,,
C4P - Brooklyn Grey Metallic,F97,LKDA - Sakhir Orange Extended Merino Leather,,5YM13EC09N9J05554,,9J05554,2MK,,,"Aug 2, 2021",,USA,"Vista BMW, Coconut Creek, US",,,,,,,,
C4P - Brooklyn Grey Metallic,F97,HDJA - Black/Midrand Beige Two-Tone Merino Leather / Alcantara,,5YM13EC06N9J05592,,9J05592,2MK,,,"Aug 2, 2021",,USA,"Daniels BMW, Allentown, US",,,,,,,,
C4P - Brooklyn Grey Metallic,F97,LKSW - Black Extended Merino Leather,,5YM13EC02N9J07422,,9J07422,2MK,,,"Aug 2, 2021",,USA,"BMW of Gainesville, Gainesville, US",,,,,,,,
C4P - Brooklyn Grey Metallic,F97,LKSW - Black Extended Merino Leather,,5YM13EC03N9J07459,,9J07459,2MK,,,"Aug 2, 2021",,USA,"BMW of Manhattan, New York, US",,,,,,,,
C4P - Brooklyn Grey Metallic,F97,LKDA - Sakhir Orange Extended Merino Leather,,5YM13EC00N9J07483,,9J07483,2MK,,,"Aug 2, 2021",,USA,"BMW of Fort Myers, Fort Myers, US",,,,,,,,
C4P - Brooklyn Grey Metallic,F97,LKDA - Sakhir Orange Extended Merino Leather,,5YM13EC05N9J07558,,9J07558,2MK,,,"Aug 2, 2021",,USA,"BMW of Murray, Murray, US",,,,,,,,
C4P - Brooklyn Grey Metallic,F97,VATQ - BMW Individual Tartufo Extended Merino Leather,,5YM13EC01N9J07623,,9J07623,2MK,,,"Aug 2, 2021",,USA,"BMW of Southpoint, Durham, US",,,,,,,,
C4P - Brooklyn Grey Metallic,F97,LKDA - Sakhir Orange Extended Merino Leather,,5YM13EC09N9J07692,,9J07692,2MK,,,"Aug 2, 2021",,USA,"Stevens Creek BMW, Santa Clara, US",,,,,,,,
C4H - Sao Paulo Yellow,F97,LKSW - Black Extended Merino Leather,,5YM13EC06N9J07729,,9J07729,2MK,,,"Aug 3, 2021",,USA,"Classic BMW, Plano, US",,,,,,,,
C4P - Brooklyn Grey Metallic,F97,LKSW - Black Extended Merino Leather,,5YM13EC09N9J07756,,9J07756,2MK,,,"Aug 3, 2021",,USA,"BMW of Sudbury, Sudbury, US",,,,,,,,
C4P - Brooklyn Grey Metallic,F97,LKHV - Adelaide Grey Extended Merino Leather,,5YM13EC04N9J07793,,9J07793,2MK,,,"Aug 3, 2021",,USA,"Valencia BMW, Valencia, US",,,,,,,,
C4P - Brooklyn Grey Metallic,F97,LKSW - Black Extended Merino Leather,,5YM13EC00N9J07855,,9J07855,2MK,,,"Aug 3, 2021",,USA,"Crevier BMW, Santa Ana, US",,,,,,,,
C4P - Brooklyn Grey Metallic,F97,LKSW - Black Extended Merino Leather,,5YM13EC03N9J07879,,9J07879,2MK,,,"Aug 3, 2021",,USA,"BMW of Minnetonka, Minnetonka, US",,,,,,,,
C4P - Brooklyn Grey Metallic,F97,HDJA - Black/Midrand Beige Two-Tone Merino Leather / Alcantara,,5YM13EC06N9J07939,,9J07939,2MK,,,"Aug 3, 2021",,USA,"BMW of San Antonio/MINI of San Anto, San Antonio, US",,,,,,,,
C4P - Brooklyn Grey Metallic,F97,LKDA - Sakhir Orange Extended Merino Leather,,5YM13EC08N9J07974,,9J07974,2MK,,,"Aug 3, 2021",,USA,"BMW of Springfield, Springfield, US",,,,,,,,
C4P - Brooklyn Grey Metallic,F97,LKSW - Black Extended Merino Leather,,5YM13EC03N9J08000,,9J08000,2MK,,,"Aug 3, 2021",,USA,"BMW Tucson, Tucson, US",,,,,,,,
C4P - Brooklyn Grey Metallic,F97,LKSW - Black Extended Merino Leather,,5YM13EC04N9J08037,,9J08037,2MK,,,"Aug 3, 2021",,USA,"BMW of San Luis Obispo, San Luis Obispo, US",,,,,,,,
C4H - Sao Paulo Yellow,F97,LKSW - Black Extended Merino Leather,,5YM13EC07N9J09392,,9J09392,2MK,,,"Aug 5, 2021",,USA,"Germain BMW of Naples, Naples, US",,,,,,,,
C4H - Sao Paulo Yellow,F97,LKSW - Black Extended Merino Leather,,5YM13EC03N9J09616,,9J09616,2MK,,,"Aug 5, 2021",,USA,"Fields BMW, Winter Park, US",,,,,,,,
C4P - Brooklyn Grey Metallic,F97,LKHV - Adelaide Grey Extended Merino Leather,,5YM13EC06N9J09691,,9J09691,2MK,,,"Aug 4, 2021",,USA,"Schomp BMW of Highlands Ranch, Highlands Ranch, US",,,,,,,,
A90 - Dark Graphite Metallic,F97,LKDA - Sakhir Orange Extended Merino Leather,,5YM13EC02N9J11163,,9J11163,2MK,,,"Aug 4, 2021",,USA,"Patrick BMW, Schaumburg, US",,,,,,,,
300 - Alpine White,F97,HDJA - Black/Midrand Beige Two-Tone Merino Leather / Alcantara,,5YM13EC05N9J11223,,9J11223,2MK,,,"Aug 4, 2021",,USA,"BMW of Reading, Reading, US",,,,,,,,
A90 - Dark Graphite Metallic,F97,LKSW - Black Extended Merino Leather,,5YM13EC08N9J11250,,9J11250,2MK,,,"Aug 4, 2021",,USA,"Autogermana, Inc., Hato Rey, US",,,,,,,,
A90 - Dark Graphite Metallic,F97,LKDA - Sakhir Orange Extended Merino Leather,,5YM13EC0XN9J11282,,9J11282,2MK,,,"Aug 4, 2021",,USA,"Burdick BMW, Cicero, US",,,,,,,,
C4P - Brooklyn Grey Metallic,F97,LKDA - Sakhir Orange Extended Merino Leather,,5YM13EC05N9J11366,,9J11366,2MK,,,"Aug 4, 2021",,USA,"Brian Harris BMW, Baton Rouge, US",,,,,,,,
C1K - Marina Bay Blue Metallic,F97,LKSW - Black Extended Merino Leather,,5YM13EC03N9J11429,,9J11429,2MK,,,"Aug 4, 2021",,USA,"Richmond BMW, Richmond, US",,,,,,,,
C4P - Brooklyn Grey Metallic,F97,HDJA - Black/Midrand Beige Two-Tone Merino Leather / Alcantara,,5YM13EC01N9J11462,,9J11462,2MK,,,"Aug 4, 2021",,USA,"BMW of San Rafael, San Rafael, US",,,,,,,,
C4P - Brooklyn Grey Metallic,F97,LKDA - Sakhir Orange Extended Merino Leather,,5YM13EC06N9J11487,,9J11487,2MK,,,"Aug 5, 2021",,USA,"BMW of Palm Springs, Palm Springs, US",,,,,,,,
300 - Alpine White,F97,LKDA - Sakhir Orange Extended Merino Leather,,5YM13EC0XN9J11587,,9J11587,2MK,,,"Aug 5, 2021",,USA,"Stevens Creek BMW, Santa Clara, US",,,,,,,,
C4P - Brooklyn Grey Metallic,F97,LKSW - Black Extended Merino Leather,,5YM13EC0XN9J11623,,9J11623,2MK,,,"Aug 5, 2021",,USA,"Patrick BMW, Schaumburg, US",,,,,,,,
C1K - Marina Bay Blue Metallic,F97,LKSW - Black Extended Merino Leather,,5YM13EC09N9J11709,,9J11709,2MK,,,"Aug 5, 2021",,USA,"BMW of Buena Park, Buena Park, US",,,,,,,,
A90 - Dark Graphite Metallic,F97,VATQ - BMW Individual Tartufo Extended Merino Leather,,5YM13EC05N9J11769,,9J11769,2MK,,,"Aug 5, 2021",,USA,"BMW of San Francisco, San Francisco, US",,,,,,,,
300 - Alpine White,F97,LKDA - Sakhir Orange Extended Merino Leather,,5YM13EC03N9J11804,,9J11804,2MK,,,"Aug 5, 2021",,USA,"BMW of Columbia, Columbia, US",,,,,,,,
C4P - Brooklyn Grey Metallic,F97,LKHV - Adelaide Grey Extended Merino Leather,,5YM13EC08N9J11829,,9J11829,2MK,,,"Aug 5, 2021",,USA,"Beverly Hills BMW, Los Angeles, US",,,,,,,,
C1K - Marina Bay Blue Metallic,F97,LKSW - Black Extended Merino Leather,,5YM13EC0XN9J11864,,9J11864,2MK,,,"Aug 5, 2021",,USA,"BMW/MINI of Sterling, Sterling, US",,,,,,,,
300 - Alpine White,F97,LKDA - Sakhir Orange Extended Merino Leather,,5YM13EC08N9J11927,,9J11927,2MK,,,"Aug 5, 2021",,USA,"BMW North Scottsdale, Phoenix, US",,,,,,,,
C3G - Toronto Red Metallic,F97,LKSW - Black Extended Merino Leather,,5YM13EC00N9J11954,,9J11954,2MK,,,"Aug 5, 2021",,USA,"Classic BMW, Plano, US",,,,,,,,
C4P - Brooklyn Grey Metallic,F97,HDJA - Black/Midrand Beige Two-Tone Merino Leather / Alcantara,,5YM13EC08N9J12057,,9J12057,2MK,,,"Aug 5, 2021",,USA,"Preston BMW, Boardman, US",,,,,,,,
A90 - Dark Graphite Metallic,F97,LKDA - Sakhir Orange Extended Merino Leather,,5YM13EC00N9J13610,,9J13610,2MK,,,"Aug 6, 2021",,USA,"BMW of Palm Springs, Palm Springs, US",,,,,,,,
475 - Black Sapphire Metallic,F97,VATQ - BMW Individual Tartufo Extended Merino Leather,,5YM13EC04N9J13707,,9J13707,2MK,,,"Aug 6, 2021",,USA,"BMW of Riverside, Riverside, US",,,,,,,,
475 - Black Sapphire Metallic,F97,LKDA - Sakhir Orange Extended Merino Leather,,5YM13EC01N9J13731,,9J13731,2MK,,,"Aug 6, 2021",,USA,"BMW of El Cajon, El Cajon, US",,,,,,,,
C4P - Brooklyn Grey Metallic,F97,LKDA - Sakhir Orange Extended Merino Leather,,5YM13EC05N9J13831,,9J13831,2MK,,,"Aug 6, 2021",,USA,"BMW of Freehold, Freehold, US",,,,,,,,
416 - Carbon Black Metallic,F97,LKSW - Black Extended Merino Leather,,5YM13EC00N9J13929,,9J13929,2MK,,,"Aug 6, 2021",,USA,"Stevens Creek BMW, Santa Clara, US",,,,,,,,
475 - Black Sapphire Metallic,F97,LKSW - Black Extended Merino Leather,,5YM13EC01N9J13955,,9J13955,2MK,,,"Aug 6, 2021",,USA,"Momentum BMW/MINI, Houston, US",,,,,,,,
416 - Carbon Black Metallic,F97,LKDA - Sakhir Orange Extended Merino Leather,,5YM13EC09N9J14075,,9J14075,2MK,,,"Aug 6, 2021",,USA,"Princeton BMW, Hamilton, US",,,,,,,,
475 - Black Sapphire Metallic,F97,LKHV - Adelaide Grey Extended Merino Leather,,5YM13EC00N9J14109,,9J14109,2MK,,,"Aug 6, 2021",,USA,"BMW of Chattanooga, Chattanooga, US",,,,,,,,
475 - Black Sapphire Metallic,F97,LKSW - Black Extended Merino Leather,,5YM13EC0XN9J14134,,9J14134,2MK,,,"Aug 6, 2021",,USA,"BMW of Shrewsbury, Shrewsbury, US",,,,,,,,
416 - Carbon Black Metallic,F97,MAH7 - Black Vernasca Leather,,5YM13EC02N9J14208,,9J14208,2MK,,,"Aug 6, 2021",,USA,"BMW of Lenox, Lenox, US",,,,,,,,
C4P - Brooklyn Grey Metallic,F97,LKDA - Sakhir Orange Extended Merino Leather,,5YM13EC03N9J15268,,9J15268,2MK,,,"Aug 7, 2021",,USA,"BMW of Catonsville, Baltimore, US",,,,,,,,
C4P - Brooklyn Grey Metallic,F97,LKDA - Sakhir Orange Extended Merino Leather,,5YM13EC05N9J15417,,9J15417,2MK,,,"Aug 8, 2021",,USA,"BMW of Westchester, White Plains, US",,,,,,,,
300 - Alpine White,F97,LKDA - Sakhir Orange Extended Merino Leather,,5YM13EC04N9J15442,,9J15442,2MK,,,"Aug 8, 2021",,USA,"BMW of Roseville, Roseville, US",,,,,,,,
C4H - Sao Paulo Yellow,F97,LKSW - Black Extended Merino Leather,,5YM13EC01N9J15480,,9J15480,2MK,,,"Aug 8, 2021",,USA,"United BMW, Alpharetta, US",,,,,,,,
C4P - Brooklyn Grey Metallic,F97,LKSW - Black Extended Merino Leather,,5YM13EC0XN9J15509,,9J15509,2MK,,,"Aug 8, 2021",,USA,"Sun Motor Cars BMW, Mechanicsburg, US",,,,,,,,
C4P - Brooklyn Grey Metallic,F97,LKSW - Black Extended Merino Leather,,5YM13EC09N9J15548,,9J15548,2MK,,,"Aug 9, 2021",,USA,"Plaza Motor Company, Creve Coeur, US",,,,,,,,
C1K - Marina Bay Blue Metallic,F97,LKSW - Black Extended Merino Leather,,5YM13EC02N9J15620,,9J15620,2MK,,,"Aug 9, 2021",,USA,"Erhard BMW of Farmington Hills, Farmington Hills, US",,,,,,,,
300 - Alpine White,F97,LKSW - Black Extended Merino Leather,,5YM13EC08N9J15685,,9J15685,2MK,,,"Aug 9, 2021",,USA,"Valley BMW, Modesto, US",,,,,,,,
300 - Alpine White,F97,LKDA - Sakhir Orange Extended Merino Leather,,5YM13EC0XN9J15722,,9J15722,2MK,,,"Aug 9, 2021",,USA,"BMW of El Cajon, El Cajon, US",,,,,,,,
C1K - Marina Bay Blue Metallic,F97,VATQ - BMW Individual Tartufo Extended Merino Leather,,5YM13EC02N9J15763,,9J15763,2MK,,,"Aug 9, 2021",,USA,"BMW of Alexandria, Alexandria, US",,,,,,,,
C4P - Brooklyn Grey Metallic,F97,LKSW - Black Extended Merino Leather,,5YM13EC00N9J15826,,9J15826,2MK,,,"Aug 9, 2021",,USA,"BMW of Lancaster, Lancaster, US",,,,,,,,
C1K - Marina Bay Blue Metallic,F97,LKSW - Black Extended Merino Leather,,5YM13EC08N9J17792,,9J17792,2MK,,,"Aug 9, 2021",,USA,"New Country BMW, Hartford, US",,,,,,,,
A90 - Dark Graphite Metallic,F97,VATQ - BMW Individual Tartufo Extended Merino Leather,,5YM13EC00N9J18032,,9J18032,2MK,,,"Aug 10, 2021",,USA,"Fields BMW, Winter Park, US",,,,,,,,
C1K - Marina Bay Blue Metallic,F97,LKSW - Black Extended Merino Leather,,5YM13EC09N9J18059,,9J18059,2MK,,,"Aug 10, 2021",,USA,"BMW of San Antonio/MINI of San Anto, San Antonio, US",,,,,,,,
C1K - Marina Bay Blue Metallic,F97,LKHV - Adelaide Grey Extended Merino Leather,,5YM13EC03N9J18168,,9J18168,2MK,,,"Aug 10, 2021",,USA,"BMW North Scottsdale, Phoenix, US",,,,,,,,
C4P - Brooklyn Grey Metallic,F97,VATQ - BMW Individual Tartufo Extended Merino Leather,,5YM13EC0XN9J19723,,9J19723,2MK,,,"Aug 10, 2021",,USA,"BMW Seattle, Seattle, US",,,,,,,,
C3G - Toronto Red Metallic,F97,LKSW - Black Extended Merino Leather,,5YM13EC07N9J19808,,9J19808,2MK,,,"Aug 10, 2021",,USA,"BMW of Ridgefield, Ridgefield, US",,,,,,,,
C3G - Toronto Red Metallic,F97,LKSW - Black Extended Merino Leather,,5YM13EC06N9J20058,,9J20058,2MK,,,"Aug 10, 2021",,USA,"BMW of Akron, Akron, US",,,,,,,,
300 - Alpine White,F97,LKDA - Sakhir Orange Extended Merino Leather,,5YM13EC01N9J20095,,9J20095,2MK,,,"Aug 11, 2021",,USA,"BMW Concord, Concord, US",,,,,,,,
C1K - Marina Bay Blue Metallic,F97,LKSW - Black Extended Merino Leather,,5YM13EC09N9J20121,,9J20121,2MK,,,"Aug 11, 2021",,USA,"BMW of Mt. Laurel, Mount Laurel, US",,,,,,,,
C1K - Marina Bay Blue Metallic,F97,HDJA - Black/Midrand Beige Two-Tone Merino Leather / Alcantara,,5YM13EC02N9J20347,,9J20347,2MK,,,"Aug 11, 2021",,USA,"BMW Seattle, Seattle, US",,,,,,,,
C4P - Brooklyn Grey Metallic,F97,LKDA - Sakhir Orange Extended Merino Leather,,5YM13EC07N9J20408,,9J20408,2MK,,,"Aug 11, 2021",,USA,"Stevens Creek BMW, Santa Clara, US",,,,,,,,
C4P - Brooklyn Grey Metallic,F97,LKSW - Black Extended Merino Leather,,5YM13EC00N9J20489,,9J20489,2MK,,,"Aug 11, 2021",,USA,"Voss Village BMW, Dayton, US",,,,,,,,
C4P - Brooklyn Grey Metallic,F97,LKHV - Adelaide Grey Extended Merino Leather,,5YM13EC05N9J20567,,9J20567,2MK,,,"Aug 11, 2021",,USA,"BMW of Fairfax, Fairfax, US",,,,,,,,
C4P - Brooklyn Grey Metallic,F97,VATQ - BMW Individual Tartufo Extended Merino Leather,,5YM13EC08N9J20594,,9J20594,2MK,,,"Aug 11, 2021",,USA,"BMW of Manhattan, New York, US",,,,,,,,
C4P - Brooklyn Grey Metallic,F97,LKDA - Sakhir Orange Extended Merino Leather,,5YM13EC01N9J20629,,9J20629,2MK,,,"Aug 11, 2021",,USA,"Fields BMW, Winter Park, US",,,,,,,,
C4P - Brooklyn Grey Metallic,F97,VATQ - BMW Individual Tartufo Extended Merino Leather,,5YM13EC03N9J20664,,9J20664,2MK,,,"Aug 11, 2021",,USA,"Gebhardt BMW, Boulder, US",,,,,,,,
300 - Alpine White,F97,LKDA - Sakhir Orange Extended Merino Leather,,5YM13EC04N9J20690,,9J20690,2MK,,,"Aug 11, 2021",,USA,"BMW of Orland Park, Orland Park, US",,,,,,,,
C1K - Marina Bay Blue Metallic,F97,LKSW - Black Extended Merino Leather,,5YM13EC04N9J20852,,9J20852,2MK,,,"Aug 12, 2021",,USA,"MINI of Wesley Chapel, Wesley Chapel, US",,,,,,,,
C4H - Sao Paulo Yellow,F97,LKSW - Black Extended Merino Leather,,5YM13EC09N9J20877,,9J20877,2MK,,,"Aug 12, 2021",,USA,"BMW of Honolulu, Honolulu, US",,,,,,,,
C4P - Brooklyn Grey Metallic,F97,LKSW - Black Extended Merino Leather,,5YM13EC08N9J20952,,9J20952,2MK,,,"Aug 12, 2021",,USA,"Beverly Hills BMW, Los Angeles, US",,,,,,,,
C4P - Brooklyn Grey Metallic,F97,LKDA - Sakhir Orange Extended Merino Leather,,5YM13EC03N9J21040,,9J21040,2MK,,,"Aug 12, 2021",,USA,"Braman BMW/Braman MINI of Miami, Miami, US",,,,,,,,
300 - Alpine White,F97,LKDA - Sakhir Orange Extended Merino Leather,,5YM13EC08N9J21082,,9J21082,2MK,,,"Aug 12, 2021",,USA,"New Motors, Inc., Erie, US",,,,,,,,
C4P - Brooklyn Grey Metallic,F97,VATQ - BMW Individual Tartufo Extended Merino Leather,,5YM13EC06N9J21145,,9J21145,2MK,,,"Aug 12, 2021",,USA,"Germain BMW of Naples, Naples, US",,,,,,,,
C4P - Brooklyn Grey Metallic,F97,LKDA - Sakhir Orange Extended Merino Leather,,5YM13EC08N9J21180,,9J21180,2MK,,,"Aug 12, 2021",,USA,"BMW of Stratham, Stratham, US",,,,,,,,
C4P - Brooklyn Grey Metallic,F97,LKDA - Sakhir Orange Extended Merino Leather,,5YM13EC02N9J21207,,9J21207,2MK,,,"Aug 12, 2021",,USA,"BMW of Sudbury, Sudbury, US",,,,,,,,
300 - Alpine White,F97,VATQ - BMW Individual Tartufo Extended Merino Leather,,5YM13EC01N9J21277,,9J21277,2MK,,,"Aug 12, 2021",,USA,"Momentum BMW/MINI, Houston, US",,,,,,,,
C1K - Marina Bay Blue Metallic,F97,HDJA - Black/Midrand Beige Two-Tone Merino Leather / Alcantara,,5YM13EC09N9J21303,,9J21303,2MK,,,"Aug 12, 2021",,USA,"BMW of Sudbury, Sudbury, US",,,,,,,,
C4P - Brooklyn Grey Metallic,F97,LKDA - Sakhir Orange Extended Merino Leather,,5YM13EC02N9J21336,,9J21336,2MK,,,"Aug 12, 2021",,USA,"Roadshow BMW/MINI, Cordova, US",,,,,,,,
300 - Alpine White,F97,LKDA - Sakhir Orange Extended Merino Leather,,5YM13EC03N9J21362,,9J21362,2MK,,,"Aug 12, 2021",,USA,"BMW of El Paso, El Paso, US",,,,,,,,
C4P - Brooklyn Grey Metallic,F97,LKDA - Sakhir Orange Extended Merino Leather,,5YM13EC06N9J22845,,9J22845,2MK,,,"Aug 12, 2021",,USA,"Braman BMW/Braman MINI of Miami, Miami, US",,,,,,,,
416 - Carbon Black Metallic,F97,LKDA - Sakhir Orange Extended Merino Leather,,5YM13EC01N9J22901,,9J22901,2MK,,,"Aug 13, 2021",,USA,"BMW of Westchester, White Plains, US",,,,,,,,
C4P - Brooklyn Grey Metallic,F97,LKSW - Black Extended Merino Leather,,5YM13EC05N9J22996,,9J22996,2MK,,,"Aug 13, 2021",,USA,"Momentum BMW/MINI, Houston, US",,,,,,,,
300 - Alpine White,F97,VATQ - BMW Individual Tartufo Extended Merino Leather,,5YM13EC00N9J23036,,9J23036,2MK,,,"Aug 13, 2021",,USA,"Classic BMW, Plano, US",,,,,,,,
475 - Black Sapphire Metallic,F97,LKDA - Sakhir Orange Extended Merino Leather,,5YM13EC06N9J23123,,9J23123,2MK,,,"Aug 13, 2021",,USA,"BMW of Catonsville, Baltimore, US",,,,,,,,
475 - Black Sapphire Metallic,F97,LKDA - Sakhir Orange Extended Merino Leather,,5YM13EC01N9J23160,,9J23160,2MK,,,"Aug 13, 2021",,USA,"BMW of Denver Downtown, Denver, US",,,,,,,,
475 - Black Sapphire Metallic,F97,LKSW - Black Extended Merino Leather,,5YM13EC09N9J23200,,9J23200,2MK,,,"Aug 13, 2021",,USA,"BMW of Newton, Newton, US",,,,,,,,
475 - Black Sapphire Metallic,F97,LKDA - Sakhir Orange Extended Merino Leather,,5YM13EC05N9J23226,,9J23226,2MK,,,"Aug 13, 2021",,USA,"Classic BMW, Plano, US",,,,,,,,
416 - Carbon Black Metallic,F97,VATQ - BMW Individual Tartufo Extended Merino Leather,,5YM13EC00N9J23263,,9J23263,2MK,,,"Aug 13, 2021",,USA,"Chapman BMW, Chandler, US",,,,,,,,
475 - Black Sapphire Metallic,F97,HDJA - Black/Midrand Beige Two-Tone Merino Leather / Alcantara,,5YM13EC02N9J23412,,9J23412,2MK,,,"Aug 13, 2021",,USA,"BMW of Brooklyn, Brooklyn, US",,,,,,,,
C4P - Brooklyn Grey Metallic,F97,LKDA - Sakhir Orange Extended Merino Leather,,5YM13EC04N9J24464,,9J24464,2MK,,,"Aug 13, 2021",,USA,"New Country BMW, Hartford, US",,,,,,,,
475 - Black Sapphire Metallic,F97,LKDA - Sakhir Orange Extended Merino Leather,,5YM13EC06N9J24496,,9J24496,2MK,,,"Aug 14, 2021",,USA,"Germain BMW of Naples, Naples, US",,,,,,,,
475 - Black Sapphire Metallic,F97,LKHV - Adelaide Grey Extended Merino Leather,,5YM13EC03N9J24522,,9J24522,2MK,,,"Aug 14, 2021",,USA,"BMW of Roseville, Roseville, US",,,,,,,,
416 - Carbon Black Metallic,F97,VATQ - BMW Individual Tartufo Extended Merino Leather,,5YM13EC02N9J24558,,9J24558,2MK,,,"Aug 14, 2021",,USA,"BMW/MINI of Sterling, Sterling, US",,,,,,,,
475 - Black Sapphire Metallic,F97,LKSW - Black Extended Merino Leather,,5YM13EC0XN9J24596,,9J24596,2MK,,,"Aug 14, 2021",,USA,"Stevens Creek BMW, Santa Clara, US",,,,,,,,
C4P - Brooklyn Grey Metallic,F97,LKSW - Black Extended Merino Leather,,5YM13EC03N9J24794,,9J24794,2MK,,,"Aug 15, 2021",,USA,"United BMW, Alpharetta, US",,,,,,,,
C4P - Brooklyn Grey Metallic,F97,LKSW - Black Extended Merino Leather,,5YM13EC02N9J24852,,9J24852,2MK,,,"Aug 16, 2021",,USA,"Chapman BMW, Chandler, US",,,,,,,,
C4P - Brooklyn Grey Metallic,F97,LKDA - Sakhir Orange Extended Merino Leather,,5YM13EC03N9J24892,,9J24892,2MK,,,"Aug 16, 2021",,USA,"BMW of Riverside, Riverside, US",,,,,,,,
C4P - Brooklyn Grey Metallic,F97,LKDA - Sakhir Orange Extended Merino Leather,,5YM13EC04N9J25002,,9J25002,2MK,,,"Aug 16, 2021",,USA,"BMW of Newton, Newton, US",,,,,,,,
475 - Black Sapphire Metallic,F97,LKSW - Black Extended Merino Leather,,5YM13EC02N9J25113,,9J25113,2MK,,,"Aug 16, 2021",,USA,"BMW of Sudbury, Sudbury, US",,,,,,,,
C4H - Sao Paulo Yellow,F97,LKSW - Black Extended Merino Leather,,5YM13EC06N9J25941,,9J25941,2MK,,,"Aug 16, 2021",,USA,"Valley Auto World, Inc., Fayetteville, US",,,,,,,,
C1K - Marina Bay Blue Metallic,F97,LKSW - Black Extended Merino Leather,,5YM13EC09N9J25965,,9J25965,2MK,,,"Aug 16, 2021",,USA,"BMW of The Woodlands, The Woodlands, US",,,,,,,,
C4H - Sao Paulo Yellow,F97,LKSW - Black Extended Merino Leather,,5YM13EC04N9J25985,,9J25985,2MK,,,"Aug 16, 2021",,USA,"Braman Motorcars/Braman MINI of Pal, West Palm Beach, US",,,,,,,,
C1K - Marina Bay Blue Metallic,F97,LKSW - Black Extended Merino Leather,,5YM13EC04N9J26019,,9J26019,2MK,,,"Aug 16, 2021",,USA,"BMW of Las Vegas, Las Vegas, US",,,,,,,,
C4H - Sao Paulo Yellow,F97,LKSW - Black Extended Merino Leather,,5YM13EC06N9J26054,,9J26054,2MK,,,"Aug 16, 2021",,USA,"Arrowhead BMW, Glendale, US",,,,,,,,
C1K - Marina Bay Blue Metallic,F97,VATQ - BMW Individual Tartufo Extended Merino Leather,,5YM13EC02N9J26083,,9J26083,2MK,,,"Aug 16, 2021",,USA,"BMW of South Albany, Glenmont, US",,,,,,,,
C4P - Brooklyn Grey Metallic,F97,LKSW - Black Extended Merino Leather,,5YM13EC08N9J26282,,9J26282,2MK,,,"Aug 17, 2021",,USA,"BMW of Mobile, Mobile, US",,,,,,,,
C4P - Brooklyn Grey Metallic,F97,LKHV - Adelaide Grey Extended Merino Leather,,5YM13EC02N9J26309,,9J26309,2MK,,,"Aug 17, 2021",,USA,"Don Jacobs BMW, Lexington, US",,,,,,,,
C4H - Sao Paulo Yellow,F97,LKSW - Black Extended Merino Leather,,5YM13EC08N9J26346,,9J26346,2MK,,,"Aug 17, 2021",,USA,"Braman BMW/Braman MINI of Miami, Miami, US",,,,,,,,
C1K - Marina Bay Blue Metallic,F97,LKSW - Black Extended Merino Leather,,5YM13EC02N9J26438,,9J26438,2MK,,,"Aug 17, 2021",,USA,"BMW of Manhattan, New York, US",,,,,,,,
C1K - Marina Bay Blue Metallic,F97,VATQ - BMW Individual Tartufo Extended Merino Leather,,5YM13EC07N9J26550,,9J26550,2MK,,,"Aug 17, 2021",,USA,"United BMW, Alpharetta, US",,,,,,,,
300 - Alpine White,F97,HDJA - Black/Midrand Beige Two-Tone Merino Leather / Alcantara,,5YM13EC08N9J29411,,9J29411,2MK,,,"Aug 18, 2021",,USA,"BMW of Westchester, White Plains, US",,,,,,,,
C1K - Marina Bay Blue Metallic,F97,HDJA - Black/Midrand Beige Two-Tone Merino Leather / Alcantara,,5YM13EC04N9J29518,,9J29518,2MK,,,"Aug 18, 2021",,USA,"BMW of Reading, Reading, US",,,,,,,,
C1K - Marina Bay Blue Metallic,F97,VATQ - BMW Individual Tartufo Extended Merino Leather,,5YM13EC0XN9J29541,,9J29541,2MK,,,"Aug 18, 2021",,USA,"BMW Performance Center (SC), Greer, US",,,,,,,,
475 - Black Sapphire Metallic,F97,LKSW - Black Extended Merino Leather,,5YM13EC00N9J29564,,9J29564,2MK,,,"Aug 18, 2021",,USA,"BMW of Devon, Devon, US",,,,,,,,
C1K - Marina Bay Blue Metallic,F97,LKHV - Adelaide Grey Extended Merino Leather,,5YM13EC0XN9J31094,,9J31094,2MK,,,"Aug 18, 2021",,USA,"BMW of Springfield, Springfield, US",,,,,,,,
C1K - Marina Bay Blue Metallic,F97,LKSW - Black Extended Merino Leather,,5YM13EC09N9J31202,,9J31202,2MK,,,"Aug 18, 2021",,USA,"Classic BMW, Plano, US",,,,,,,,
C1K - Marina Bay Blue Metallic,F97,LKSW - Black Extended Merino Leather,,5YM13EC00N9J31248,,9J31248,2MK,,,"Aug 18, 2021",,USA,"BMW of Southpoint, Durham, US",,,,,,,,
300 - Alpine White,F97,HDJA - Black/Midrand Beige Two-Tone Merino Leather / Alcantara,,5YM13EC0XN9J31354,,9J31354,2MK,,,"Aug 18, 2021",,USA,"BMW of Toledo, Toledo, US",,,,,,,,
C4P - Brooklyn Grey Metallic,F97,LKDA - Sakhir Orange Extended Merino Leather,,5YM13EC08N9J31398,,9J31398,2MK,,,"Aug 18, 2021",,USA,"Motorwerks BMW, Bloomington, US",,,,,,,,
C1K - Marina Bay Blue Metallic,F97,VATQ - BMW Individual Tartufo Extended Merino Leather,,5YM13EC06N9J31562,,9J31562,2MK,,,"Aug 19, 2021",,USA,"BMW of Grapevine, Grapevine, US",,,,,,,,
C4P - Brooklyn Grey Metallic,F97,LKSW - Black Extended Merino Leather,,5YM13EC03N9J31728,,9J31728,2MK,,,"Aug 19, 2021",,USA,"BMW of Grapevine, Grapevine, US",,,,,,,,
C1K - Marina Bay Blue Metallic,F97,HDJA - Black/Midrand Beige Two-Tone Merino Leather / Alcantara,,5YM13EC06N9J31836,,9J31836,2MK,,,"Aug 19, 2021",,USA,"Motorwerks BMW, Bloomington, US",,,,,,,,
C4P - Brooklyn Grey Metallic,F97,LKSW - Black Extended Merino Leather,,5YM13EC04N9J31964,,9J31964,2MK,,,"Aug 19, 2021",,USA,"BMW of Fort Wayne, Fort Wayne, US",,,,,,,,
C4P - Brooklyn Grey Metallic,F97,LKHV - Adelaide Grey Extended Merino Leather,,5YM13EC09N9J31992,,9J31992,2MK,,,"Aug 19, 2021",,USA,"Richmond BMW, Richmond, US",,,,,,,,
C1K - Marina Bay Blue Metallic,F97,LKSW - Black Extended Merino Leather,,5YM13EC08N9J32034,,9J32034,2MK,,,"Aug 19, 2021",,USA,"Stevens Creek BMW, Santa Clara, US",,,,,,,,
C4P - Brooklyn Grey Metallic,F97,LKSW - Black Extended Merino Leather,,5YM13EC0XN9J32066,,9J32066,2MK,,,"Aug 19, 2021",,USA,"Bill Jacobs BMW/MINI, Naperville, US",,,,,,,,
C4P - Brooklyn Grey Metallic,F97,LKDA - Sakhir Orange Extended Merino Leather,,5YM13EC09N9J32110,,9J32110,2MK,,,"Aug 20, 2021",,USA,"Performance BMW, St. Catharines, CA",,,,,,,,
C1K - Marina Bay Blue Metallic,F97,LKSW - Black Extended Merino Leather,,5YM13EC0XN9J32178,,9J32178,2MK,,,"Aug 20, 2021",,USA,"BMW Montreal Centre, Montreal, CA",,,,,,,,
C1K - Marina Bay Blue Metallic,F97,HDJA - Black/Midrand Beige Two-Tone Merino Leather / Alcantara,,5YM13EC07N9J32218,,9J32218,2MK,,,"Aug 20, 2021",,USA,"Brian Jessel BMW, Vancouver, CA",,,,,,,,
C4P - Brooklyn Grey Metallic,F97,LKDA - Sakhir Orange Extended Merino Leather,,5YM13EC0XN9J32326,,9J32326,2MK,,,"Aug 20, 2021",,USA,"Tulley BMW, Nashua, US",,,,,,,,
C4P - Brooklyn Grey Metallic,F97,LKDA - Sakhir Orange Extended Merino Leather,,5YM13EC00N9J32447,,9J32447,2MK,,,"Aug 20, 2021",,USA,"Orange County BMW, Harriman, US",,,,,,,,
C4P - Brooklyn Grey Metallic,F97,LKSW - Black Extended Merino Leather,,5YM13EC04N9J32502,,9J32502,2MK,,,"Aug 20, 2021",,USA,"The Automaster, Shelburne, US",,,,,,,,
300 - Alpine White,F97,LKDA - Sakhir Orange Extended Merino Leather,,5YM13EC01N9J32540,,9J32540,2MK,,,"Aug 20, 2021",,USA,"BMW North Scottsdale, Phoenix, US",,,,,,,,
C4P - Brooklyn Grey Metallic,F97,LKSW - Black Extended Merino Leather,,5YM13EC04N9J32578,,9J32578,2MK,,,"Aug 20, 2021",,USA,"BMW of Rochester, Rochester, US",,,,,,,,
416 - Carbon Black Metallic,F97,VATQ - BMW Individual Tartufo Extended Merino Leather,,5YM13EC01N9J32604,,9J32604,2MK,,,"Aug 20, 2021",,USA,"BMW of Devon, Devon, US",,,,,,,,
300 - Alpine White,F97,HDJA - Black/Midrand Beige Two-Tone Merino Leather / Alcantara,,5YM13EC05N9J32637,,9J32637,2MK,,,"Aug 20, 2021",,USA,"Braman Motorcars/Braman MINI of Pal, West Palm Beach, US",,,,,,,,
300 - Alpine White,F97,LKHV - Adelaide Grey Extended Merino Leather,,5YM13EC01N9J32702,,9J32702,2MK,,,"Aug 20, 2021",,USA,"BMW of Santa Maria, Santa Maria, US",,,,,,,,
300 - Alpine White,F97,LKSW - Black Extended Merino Leather,,5YM13EC08N9J32728,,9J32728,2MK,,,"Aug 20, 2021",,USA,"BMW of Tyler, Tyler, US",,,,,,,,
C4P - Brooklyn Grey Metallic,F97,LKDA - Sakhir Orange Extended Merino Leather,,5YM13EC07N9J32753,,9J32753,2MK,,,"Aug 20, 2021",,USA,"East Bay BMW, Pleasanton, US",,,,,,,,
A90 - Dark Graphite Metallic,F97,LKSW - Black Extended Merino Leather,,5YM13EC00N9J34523,,9J34523,2MK,,,"Aug 20, 2021",,USA,"Flow BMW, Winston Salem, US",,,,,,,,
300 - Alpine White,F97,LKSW - Black Extended Merino Leather,,5YM13EC02N9J34717,,9J34717,2MK,,,"Aug 21, 2021",,USA,"BMW of Palm Springs, Palm Springs, US",,,,,,,,
A90 - Dark Graphite Metallic,F97,LKSW - Black Extended Merino Leather,,5YM13EC04N9J34797,,9J34797,2MK,,,"Aug 22, 2021",,USA,"BMW of Southampton, Southampton, US",,,,,,,,
C4P - Brooklyn Grey Metallic,F97,LKDA - Sakhir Orange Extended Merino Leather,,5YM13EC00N9J34862,,9J34862,2MK,,,"Aug 22, 2021",,USA,"BMW of Springfield, Springfield, US",,,,,,,,
C4P - Brooklyn Grey Metallic,F97,LKSW - Black Extended Merino Leather,,5YM13EC07N9J34891,,9J34891,2MK,,,"Aug 23, 2021",,USA,"Park Place BMW, Rochester, US",,,,,,,,
300 - Alpine White,F97,LKDA - Sakhir Orange Extended Merino Leather,,5YM13EC02N9J34958,,9J34958,2MK,,,"Aug 23, 2021",,USA,"BMW of Shrewsbury, Shrewsbury, US",,,,,,,,
C4P - Brooklyn Grey Metallic,F97,VATQ - BMW Individual Tartufo Extended Merino Leather,,5YM13EC08N9J34995,,9J34995,2MK,,,"Aug 23, 2021",,USA,"Schomp BMW of Highlands Ranch, Highlands Ranch, US",,,,,,,,
300 - Alpine White,F97,LKSW - Black Extended Merino Leather,,5YM13EC05N9J35019,,9J35019,2MK,,,"Aug 23, 2021",,USA,"Competition BMW of Smithtown, Saint James, US",,,,,,,,
C1K - Marina Bay Blue Metallic,F97,LKSW - Black Extended Merino Leather,,5YM13EC09N9J35055,,9J35055,2MK,,,"Aug 23, 2021",,USA,"Crevier BMW, Santa Ana, US",,,,,,,,
C4P - Brooklyn Grey Metallic,F97,LKDA - Sakhir Orange Extended Merino Leather,,5YM13EC07N9J35118,,9J35118,2MK,,,"Aug 23, 2021",,USA,"BMW/MINI of Sterling, Sterling, US",,,,,,,,
C4P - Brooklyn Grey Metallic,F97,LKDA - Sakhir Orange Extended Merino Leather,,5YM13EC01N9J35180,,9J35180,2MK,,,"Aug 23, 2021",,USA,"BMW of San Francisco, San Francisco, US",,,,,,,,
P5T - Frozen Marina Bay Blue Metallic Matte,F97,HDJA - Black/Midrand Beige Two-Tone Merino Leather / Alcantara,,5YM13EC03N9J35200,,9J35200,2MK,,,"Sep 8, 2021",,USA,"Manheim New Jersey, Bordentown, US",,,,,,,,
P5T - Frozen Marina Bay Blue Metallic Matte,F97,HDJA - Black/Midrand Beige Two-Tone Merino Leather / Alcantara,,5YM13EC05N9J35201,,9J35201,2MK,,,"Sep 8, 2021",,USA,"Nevada Auto Auction, Las Vegas, US",,,,,,,,
P5T - Frozen Marina Bay Blue Metallic Matte,F97,HDJA - Black/Midrand Beige Two-Tone Merino Leather / Alcantara,,5YM13EC07N9J35202,,9J35202,2MK,,,"Sep 9, 2021",,USA,"Ohio Auto Auction, Grove City, US",,,,,,,,
C1K - Marina Bay Blue Metallic,F97,LKSW - Black Extended Merino Leather,,5YM13EC01N9J36216,,9J36216,2MK,,,"Aug 23, 2021",,USA,"AH Euler Kaiserslautern GmbH, Kaiserslautern, DE",,,,,,,,
475 - Black Sapphire Metallic,F97,MAH7 - Black Vernasca Leather,,5YM13EC05N9J36381,,9J36381,2MK,,,"Aug 23, 2021",,USA,"The BMW Store/Cincinnati MINI, Cincinnati, US",,,,,,,,
A90 - Dark Graphite Metallic,F97,LKSW - Black Extended Merino Leather,,5YM13EC08N9J36410,,9J36410,2MK,,,"Aug 23, 2021",,USA,"BMW of Newton, Newton, US",,,,,,,,
475 - Black Sapphire Metallic,F97,MAH7 - Black Vernasca Leather,,5YM13EC01N9J36488,,9J36488,2MK,,,"Aug 23, 2021",,USA,"Valencia BMW, Valencia, US",,,,,,,,
C1K - Marina Bay Blue Metallic,F97,LKSW - Black Extended Merino Leather,,5YM13EC04N9J36551,,9J36551,2MK,,,"Aug 23, 2021",,USA,"AH Euler Kaiserslautern GmbH, Kaiserslautern, DE",,,,,,,,
475 - Black Sapphire Metallic,F97,MAH7 - Black Vernasca Leather,,5YM13EC00N9J36644,,9J36644,2MK,,,"Aug 24, 2021",,USA,"Germain BMW of Naples, Naples, US",,,,,,,,
C1K - Marina Bay Blue Metallic,F97,MAH7 - Black Vernasca Leather,,5YM13EC06N9J36700,,9J36700,2MK,,,"Aug 24, 2021",,USA,"Bavarian Motor Cars GmbH, Würzburg, DE",,,,,,,,
C1K - Marina Bay Blue Metallic,F97,MAH7 - Black Vernasca Leather,,5YM13EC06N9J36969,,9J36969,2MK,,,"Aug 24, 2021",,USA,"BMW of Schererville, Schererville, US",,,,,,,,
C4P - Brooklyn Grey Metallic,F97,LKSW - Black Extended Merino Leather,,5YM13EC06N9J37006,,9J37006,2MK,,,"Aug 24, 2021",,USA,"Circle BMW, Eatontown, US",,,,,,,,
C4P - Brooklyn Grey Metallic,F97,LKDA - Sakhir Orange Extended Merino Leather,,5YM13EC08N9J37072,,9J37072,2MK,,,"Aug 24, 2021",,USA,"BMW of Springfield, Springfield, US",,,,,,,,
A90 - Dark Graphite Metallic,F97,LKHV - Adelaide Grey Extended Merino Leather,,5YM13EC04N9J37179,,9J37179,2MK,,,"Aug 24, 2021",,USA,"BMW of Alexandria, Alexandria, US",,,,,,,,
C1K - Marina Bay Blue Metallic,F97,LKSW - Black Extended Merino Leather,,5YM13EC03N9J37285,,9J37285,2MK,,,"Aug 25, 2021",,USA,"BMW Performance Center (SC), Greer, US",,,,,,,,
300 - Alpine White,F97,LKHV - Adelaide Grey Extended Merino Leather,,5YM13EC0XN9J37350,,9J37350,2MK,,,"Aug 25, 2021",,USA,"BMW of Loveland, Loveland, US",,,,,,,,
300 - Alpine White,F97,MAH7 - Black Vernasca Leather,,5YM13EC01N9J37432,,9J37432,2MK,,,"Aug 25, 2021",,USA,"BMW of Fremont, Fremont, US",,,,,,,,
300 - Alpine White,F97,MAH7 - Black Vernasca Leather,,5YM13EC08N9J37492,,9J37492,2MK,,,"Aug 25, 2021",,USA,"Braman BMW/Braman MINI of Miami, Miami, US",,,,,,,,
C4P - Brooklyn Grey Metallic,F97,MAH7 - Black Vernasca Leather,,5YM13EC01N9J37527,,9J37527,2MK,,,"Aug 25, 2021",,USA,"Continental BMW of Darien, Darien, US",,,,,,,,
A90 - Dark Graphite Metallic,F97,LKHV - Adelaide Grey Extended Merino Leather,,5YM13EC07N9J40397,,9J40397,2MK,,,"Aug 25, 2021",,USA,"Laurel BMW of Westmont, Westmont, US",,,,,,,,
A90 - Dark Graphite Metallic,F97,MAH7 - Black Vernasca Leather,,5YM13EC03N9J40445,,9J40445,2MK,,,"Aug 25, 2021",,USA,"Habberstad BMW, Huntington Station, US",,,,,,,,
475 - Black Sapphire Metallic,F97,MAH7 - Black Vernasca Leather,,5YM13EC00N9J40600,,9J40600,2MK,,,"Aug 25, 2021",,USA,"Habberstad BMW, Huntington Station, US",,,,,,,,
C4P - Brooklyn Grey Metallic,F97,LKDA - Sakhir Orange Extended Merino Leather,,5YM13EC01N9J40623,,9J40623,2MK,,,"Aug 25, 2021",,USA,"Crevier BMW, Santa Ana, US",,,,,,,,
C1K - Marina Bay Blue Metallic,F97,LKDA - Sakhir Orange Extended Merino Leather,,5YM13EC00N9J40760,,9J40760,2MK,,,"Aug 26, 2021",,USA,"BMW Korea Co., Ltd., Jung-gu, Seoul, KR",,,,,,,,
416 - Carbon Black Metallic,F97,HDJA - Black/Midrand Beige Two-Tone Merino Leather / Alcantara,,5YM13EC03N9J40784,,9J40784,2MK,,,"Aug 26, 2021",,USA,"BMW of Florence, Florence, US",,,,,,,,
C4P - Brooklyn Grey Metallic,F97,LKHV - Adelaide Grey Extended Merino Leather,,5YM13EC07N9J40836,,9J40836,2MK,,,"Aug 26, 2021",,USA,"Sewickley BMW, Sewickley, US",,,,,,,,
C1K - Marina Bay Blue Metallic,F97,LKDA - Sakhir Orange Extended Merino Leather,,5YM13EC00N9J40869,,9J40869,2MK,,,"Aug 26, 2021",,USA,"BMW of Bloomfield, Bloomfield, US",,,,,,,,
C4P - Brooklyn Grey Metallic,F97,LKDA - Sakhir Orange Extended Merino Leather,,5YM13EC01N9J40895,,9J40895,2MK,,,"Aug 26, 2021",,USA,"Fields BMW, Winter Park, US",,,,,,,,
C4P - Brooklyn Grey Metallic,F97,LKHV - Adelaide Grey Extended Merino Leather,,5YM13EC03N9J40929,,9J40929,2MK,,,"Aug 26, 2021",,USA,"BMW of Morristown, Morristown, US",,,,,,,,
C1K - Marina Bay Blue Metallic,F97,LKHV - Adelaide Grey Extended Merino Leather,,5YM13EC08N9J40957,,9J40957,2MK,,,"Aug 26, 2021",,USA,"BMW of Tulsa, Tulsa, US",,,,,,,,
C4P - Brooklyn Grey Metallic,F97,LKDA - Sakhir Orange Extended Merino Leather,,5YM13EC03N9J41093,,9J41093,2MK,,,"Aug 26, 2021",,USA,"BMW of Peabody, Peabody, US",,,,,,,,
475 - Black Sapphire Metallic,F97,LKSW - Black Extended Merino Leather,,5YM13EC04N9J41118,,9J41118,2MK,,,"Aug 26, 2021",,USA,"BMW of Springfield, Springfield, US",,,,,,,,
416 - Carbon Black Metallic,F97,VATQ - BMW Individual Tartufo Extended Merino Leather,,5YM13EC0XN9J41155,,9J41155,2MK,,,"Aug 26, 2021",,USA,"BMW of Morristown, Morristown, US",,,,,,,,
475 - Black Sapphire Metallic,F97,LKDA - Sakhir Orange Extended Merino Leather,,5YM13EC09N9J41194,,9J41194,2MK,,,"Aug 26, 2021",,USA,"BMW of Birmingham, Irondale, US",,,,,,,,
475 - Black Sapphire Metallic,F97,LKSW - Black Extended Merino Leather,,5YM13EC05N9J41239,,9J41239,2MK,,,"Aug 26, 2021",,USA,"Fields BMW of Daytona, Daytona Beach, US",,,,,,,,
475 - Black Sapphire Metallic,F97,MAH7 - Black Vernasca Leather,,5YM13EC01N9J41304,,9J41304,2MK,,,"Aug 26, 2021",,USA,"Hendrick BMW, Charlotte, US",,,,,,,,
C1K - Marina Bay Blue Metallic,F97,LKSW - Black Extended Merino Leather,,5YM13EC02N9J41330,,9J41330,2MK,,,"Aug 26, 2021",,USA,"Dreyer & Reinbold BMW/MINI, Indianapolis, US",,,,,,,,
C4P - Brooklyn Grey Metallic,F97,MAH7 - Black Vernasca Leather,,5YM13EC02N9J41487,,9J41487,2MK,,,"Aug 27, 2021",,USA,"A & L BMW, Monroeville, US",,,,,,,,
C4P - Brooklyn Grey Metallic,F97,LKDA - Sakhir Orange Extended Merino Leather,,5YM13EC03N9J41630,,9J41630,2MK,,,"Aug 27, 2021",,USA,"Park Avenue BMW, Rochelle Park, US",,,,,,,,
300 - Alpine White,F97,LKDA - Sakhir Orange Extended Merino Leather,,5YM13EC06N9J41752,,9J41752,2MK,,,"Aug 27, 2021",,USA,"Bill Jacobs BMW/MINI, Naperville, US",,,,,,,,
C4P - Brooklyn Grey Metallic,F97,LKDA - Sakhir Orange Extended Merino Leather,,5YM13EC06N9J41816,,9J41816,2MK,,,"Aug 27, 2021",,USA,"BMW of Bridgeport, Bridgeport, US",,,,,,,,
A90 - Dark Graphite Metallic,F97,LKDA - Sakhir Orange Extended Merino Leather,,5YM13EC0XN9J41835,,9J41835,2MK,,,"Aug 27, 2021",,USA,"BMW of Waterbury, Waterbury, US",,,,,,,,
C4H - Sao Paulo Yellow,F97,HDJA - Black/Midrand Beige Two-Tone Merino Leather / Alcantara,,5YM13EC07N9J41856,,9J41856,2MK,,,"Aug 27, 2021",,USA,"BMW of Tuscaloosa, Tuscaloosa, US",,,,,,,,
300 - Alpine White,F97,MAH7 - Black Vernasca Leather,,5YM13EC09N9J41941,,9J41941,2MK,,,"Aug 27, 2021",,USA,"Fields BMW of Daytona, Daytona Beach, US",,,,,,,,
C1K - Marina Bay Blue Metallic,F97,LKSW - Black Extended Merino Leather,,5YM13EC03N9J41997,,9J41997,2MK,,,"Aug 27, 2021",,USA,"Passport BMW, Suitland, US",,,,,,,,
300 - Alpine White,F97,LKDA - Sakhir Orange Extended Merino Leather,,5YM13EC08N9J42093,,9J42093,2MK,,,"Aug 27, 2021",,USA,"BMW Northwest, Tacoma, US",,,,,,,,
475 - Black Sapphire Metallic,F97,LKHV - Adelaide Grey Extended Merino Leather,,5YM13EC01N9J43165,,9J43165,2MK,,,"Aug 28, 2021",,USA,"BMW of the Main Line, Bala Cynwyd, US",,,,,,,,
C4P - Brooklyn Grey Metallic,F97,LKHV - Adelaide Grey Extended Merino Leather,,5YM13EC03N9J43264,,9J43264,2MK,,,"Aug 29, 2021",,USA,"BMW of Ramsey, Ramsey, US",,,,,,,,
A90 - Dark Graphite Metallic,F97,MAH7 - Black Vernasca Leather,,5YM13EC03N9J43460,,9J43460,2MK,,,"Aug 30, 2021",,USA,"BMW of Bridgeport, Bridgeport, US",,,,,,,,
475 - Black Sapphire Metallic,F97,MAH7 - Black Vernasca Leather,,5YM13EC01N9J43554,,9J43554,2MK,,,"Aug 30, 2021",,USA,"*Closed 3-Jan-23* BMW of Oyster Bay, Oyster Bay, US",,,,,,,,
C1K - Marina Bay Blue Metallic,F97,VATQ - BMW Individual Tartufo Extended Merino Leather,,5YM13EC00N9J43576,,9J43576,2MK,,,"Aug 30, 2021",,USA,"BMW of Austin, Austin, US",,,,,,,,
C4H - Sao Paulo Yellow,F97,LKSW - Black Extended Merino Leather,,5YM13EC02N9J44440,,9J44440,2MK,,,"Aug 30, 2021",,USA,"Fields BMW, Winter Park, US",,,,,,,,
300 - Alpine White,F97,LKDA - Sakhir Orange Extended Merino Leather,,5YM13EC02N9J44468,,9J44468,2MK,,,"Aug 30, 2021",,USA,"BMW of Waterbury, Waterbury, US",,,,,,,,
475 - Black Sapphire Metallic,F97,LKSW - Black Extended Merino Leather,,5YM13EC0XN9J44508,,9J44508,2MK,,,"Aug 30, 2021",,USA,"Enterprise BMW, Appleton, US",,,,,,,,
C4P - Brooklyn Grey Metallic,F97,LKDA - Sakhir Orange Extended Merino Leather,,5YM13EC02N9J44552,,9J44552,2MK,,,"Aug 30, 2021",,USA,"Herb Chambers BMW, Charlestown, US",,,,,,,,
C1K - Marina Bay Blue Metallic,F97,LKSW - Black Extended Merino Leather,,5YM13EC03N9J44592,,9J44592,2MK,,,"Aug 30, 2021",,USA,"BMW of Bellevue, Bellevue, US",,,,,,,,
300 - Alpine White,F97,VATQ - BMW Individual Tartufo Extended Merino Leather,,5YM13EC00N9J44677,,9J44677,2MK,,,"Aug 30, 2021",,USA,"BMW of Fort Walton Beach, Fort Walton Beach, US",,,,,,,,
475 - Black Sapphire Metallic,F97,LKSW - Black Extended Merino Leather,,5YM13EC07N9J44708,,9J44708,2MK,,,"Aug 30, 2021",,USA,"Herb Chambers BMW, Charlestown, US",,,,,,,,
C4P - Brooklyn Grey Metallic,F97,LKDA - Sakhir Orange Extended Merino Leather,,5YM13EC04N9J44732,,9J44732,2MK,,,"Aug 30, 2021",,USA,"Vista BMW, Coconut Creek, US",,,,,,,,
C4H - Sao Paulo Yellow,F97,LKSW - Black Extended Merino Leather,,5YM13EC07N9J44790,,9J44790,2MK,,,"Aug 30, 2021",,USA,"BMW/MINI of Sterling, Sterling, US",,,,,,,,
,F97,LKDA - Sakhir Orange Extended Merino Leather,,5YM13EC02N9J44826,,9J44826,2MK,,,"Aug 30, 2021",,USA,"BMW of Southpoint, Durham, US",,,,,,,,
300 - Alpine White,F97,LKDA - Sakhir Orange Extended Merino Leather,,5YM13EC00N9J44890,,9J44890,2MK,,,"Aug 31, 2021",,USA,"BMW of Bellevue, Bellevue, US",,,,,,,,
C1K - Marina Bay Blue Metallic,F97,HDJA - Black/Midrand Beige Two-Tone Merino Leather / Alcantara,,5YM13EC05N9J45050,,9J45050,2MK,,,"Aug 31, 2021",,USA,"Momentum BMW/MINI, Houston, US",,,,,,,,
300 - Alpine White,F97,HDJA - Black/Midrand Beige Two-Tone Merino Leather / Alcantara,,5YM13EC04N9J46125,,9J46125,2MK,,,"Aug 31, 2021",,USA,"BMW of Murray, Murray, US",,,,,,,,
C4P - Brooklyn Grey Metallic,F97,LKSW - Black Extended Merino Leather,,5YM13EC08N9J46189,,9J46189,2MK,,,"Aug 31, 2021",,USA,"BMW of Murray, Murray, US",,,,,,,,
300 - Alpine White,F97,LKDA - Sakhir Orange Extended Merino Leather,,5YM13EC02N9J46253,,9J46253,2MK,,,"Aug 31, 2021",,USA,"BMW of Murray, Murray, US",,,,,,,,
C3G - Toronto Red Metallic,F97,LKHV - Adelaide Grey Extended Merino Leather,,5YM13EC08N9J46483,,9J46483,2MK,,,"Aug 31, 2021",,USA,"BMW of Murray, Murray, US",,,,,,,,
C1K - Marina Bay Blue Metallic,F97,HDJA - Black/Midrand Beige Two-Tone Merino Leather / Alcantara,,5YM13EC01N9J46521,,9J46521,2MK,,,"Sep 1, 2021",,USA,"BMW of Las Vegas, Las Vegas, US",,,,,,,,
300 - Alpine White,F97,VATQ - BMW Individual Tartufo Extended Merino Leather,,5YM13EC0XN9J46579,,9J46579,2MK,,,"Sep 1, 2021",,USA,"Perillo BMW, Inc., Chicago, US",,,,,,,,
C1K - Marina Bay Blue Metallic,F97,HDJA - Black/Midrand Beige Two-Tone Merino Leather / Alcantara,,5YM13EC01N9J49578,,9J49578,2MK,,,"Sep 1, 2021",,USA,"Wyoming Valley BMW, Plains, US",,,,,,,,
300 - Alpine White,F97,LKHV - Adelaide Grey Extended Merino Leather,,5YM13EC05N9J49762,,9J49762,2MK,,,"Sep 1, 2021",,USA,"BMW of the Permian Basin, Midland, US",,,,,,,,
475 - Black Sapphire Metallic,F97,HDJA - Black/Midrand Beige Two-Tone Merino Leather / Alcantara,,5YM13EC0XN9J49899,,9J49899,2MK,,,"Sep 1, 2021",,USA,"BMW of Austin, Austin, US",,,,,,,,
C4P - Brooklyn Grey Metallic,F97,LKSW - Black Extended Merino Leather,,5YM13EC04N9J49932,,9J49932,2MK,,,"Sep 1, 2021",,USA,"BMW of Tigard, Tigard, US",,,,,,,,
475 - Black Sapphire Metallic,F97,LKSW - Black Extended Merino Leather,,5YM13EC07N9J49956,,9J49956,2MK,,,"Sep 1, 2021",,USA,"BMW of Omaha/MINI of Omaha, Omaha, US",,,,,,,,
C4P - Brooklyn Grey Metallic,F97,LKSW - Black Extended Merino Leather,,5YM13EC08N9J49996,,9J49996,2MK,,,"Sep 1, 2021",,USA,"Bluegrass BMW, Paducah, US",,,,,,,,
C4P - Brooklyn Grey Metallic,F97,VATQ - BMW Individual Tartufo Extended Merino Leather,,5YM13EC00N9J50365,,9J50365,2MK,,,"Sep 2, 2021",,USA,"Critz BMW, Savannah, US",,,,,,,,
C1K - Marina Bay Blue Metallic,F97,LKSW - Black Extended Merino Leather,,5YM13EC03N9J50554,,9J50554,2MK,,,"Sep 2, 2021",,USA,"BMW of Sioux Falls, Sioux Falls, US",,,,,,,,
C1K - Marina Bay Blue Metallic,F97,LKDA - Sakhir Orange Extended Merino Leather,,5YM13EC02N9J50593,,9J50593,2MK,,,"Sep 2, 2021",,USA,"Park Avenue BMW, Rochelle Park, US",,,,,,,,
C4P - Brooklyn Grey Metallic,F97,VATQ - BMW Individual Tartufo Extended Merino Leather,,5YM13EC03N9J50621,,9J50621,2MK,,,"Sep 2, 2021",,USA,"New Century BMW, Alhambra, US",,,,,,,,
A90 - Dark Graphite Metallic,F97,LKHV - Adelaide Grey Extended Merino Leather,,5YM13EC02N9J50660,,9J50660,2MK,,,"Sep 2, 2021",,USA,"BMW of Springfield, Springfield, US",,,,,,,,
300 - Alpine White,F97,LKSW - Black Extended Merino Leather,,5YM13EC07N9J50685,,9J50685,2MK,,,"Sep 2, 2021",,USA,"BMW of Dayton, Dayton, US",,,,,,,,
C1K - Marina Bay Blue Metallic,F97,HDJA - Black/Midrand Beige Two-Tone Merino Leather / Alcantara,,5YM13EC04N9J50711,,9J50711,2MK,,,"Sep 3, 2021",,USA,"United BMW, Alpharetta, US",,,,,,,,
C4P - Brooklyn Grey Metallic,F97,LKDA - Sakhir Orange Extended Merino Leather,,5YM13EC03N9J50750,,9J50750,2MK,,,"Sep 3, 2021",,USA,"Braman Motorcars/Braman MINI of Pal, West Palm Beach, US",,,,,,,,
C1K - Marina Bay Blue Metallic,F97,VATQ - BMW Individual Tartufo Extended Merino Leather,,5YM13EC06N9J50791,,9J50791,2MK,,,"Sep 3, 2021",,USA,"BMW of Catonsville, Baltimore, US",,,,,,,,
300 - Alpine White,F97,LKSW - Black Extended Merino Leather,,5YM13EC02N9J50819,,9J50819,2MK,,,"Sep 3, 2021",,USA,"Fields BMW, Winter Park, US",,,,,,,,
C1K - Marina Bay Blue Metallic,F97,LKSW - Black Extended Merino Leather,,5YM13EC03N9J50859,,9J50859,2MK,,,"Sep 3, 2021",,USA,"BMW Seattle, Seattle, US",,,,,,,,
C4P - Brooklyn Grey Metallic,F97,LKHV - Adelaide Grey Extended Merino Leather,,5YM13EC08N9J50887,,9J50887,2MK,,,"Sep 3, 2021",,USA,"BMW of Kansas City South, Kansas CIty, US",,,,,,,,
C1K - Marina Bay Blue Metallic,F97,HDJA - Black/Midrand Beige Two-Tone Merino Leather / Alcantara,,5YM13EC03N9J50926,,9J50926,2MK,,,"Sep 3, 2021",,USA,"BMW of Sarasota, Sarasota, US",,,,,,,,
C1K - Marina Bay Blue Metallic,F97,LKSW - Black Extended Merino Leather,,5YM13EC04N9J50952,,9J50952,2MK,,,"Sep 3, 2021",,USA,"BMW of Las Vegas, Las Vegas, US",,,,,,,,
C4H - Sao Paulo Yellow,F97,LKSW - Black Extended Merino Leather,,5YM13EC05N9J50989,,9J50989,2MK,,,"Sep 3, 2021",,USA,"BMW of Delray Beach, Delray Beach, US",,,,,,,,
C1K - Marina Bay Blue Metallic,F97,LKSW - Black Extended Merino Leather,,5YM13EC04N9J51017,,9J51017,2MK,,,"Sep 3, 2021",,USA,"BMW of Temple, Temple, US",,,,,,,,
C3G - Toronto Red Metallic,F97,LKHV - Adelaide Grey Extended Merino Leather,,5YM13EC08N9J51053,,9J51053,2MK,,,"Sep 3, 2021",,USA,"BMW of San Antonio/MINI of San Anto, San Antonio, US",,,,,,,,
C4H - Sao Paulo Yellow,F97,MAH7 - Black Vernasca Leather,,5YM13EC04N9J51082,,9J51082,2MK,,,"Sep 3, 2021",,USA,"BMW of Norwood, Norwood, US",,,,,,,,
C4P - Brooklyn Grey Metallic,F97,LKHV - Adelaide Grey Extended Merino Leather,,5YM13EC08N9J51120,,9J51120,2MK,,,"Sep 3, 2021",,USA,"BMW of Fairfax, Fairfax, US",,,,,,,,
300 - Alpine White,F97,LKSW - Black Extended Merino Leather,,5YM13EC02N9J51145,,9J51145,2MK,,,"Sep 3, 2021",,USA,"BMW of West Houston, Houston, US",,,,,,,,
A90 - Dark Graphite Metallic,F97,HDJA - Black/Midrand Beige Two-Tone Merino Leather / Alcantara,,5YM13EC06N9J51181,,9J51181,2MK,,,"Sep 3, 2021",,USA,"BMW of Wichita, Wichita, US",,,,,,,,
A90 - Dark Graphite Metallic,F97,LKSW - Black Extended Merino Leather,,5YM13EC07N9J51206,,9J51206,2MK,,,"Sep 3, 2021",,USA,"BMW of Fort Washington, Dresher, US",,,,,,,,
475 - Black Sapphire Metallic,F97,LKSW - Black Extended Merino Leather,,5YM13EC05N9J53021,,9J53021,2MK,,,"Sep 3, 2021",,USA,"Erhard BMW of Farmington Hills, Farmington Hills, US",,,,,,,,
C4P - Brooklyn Grey Metallic,F97,LKDA - Sakhir Orange Extended Merino Leather,,5YM13EC02N9J53087,,9J53087,2MK,,,"Sep 3, 2021",,USA,"BMW of El Cajon, El Cajon, US",,,,,,,,
C4P - Brooklyn Grey Metallic,F97,LKSW - Black Extended Merino Leather,,5YM13EC09N9J53149,,9J53149,2MK,,,"Sep 4, 2021",,USA,"Hendrick BMW, Charlotte, US",,,,,,,,
475 - Black Sapphire Metallic,F97,LKDA - Sakhir Orange Extended Merino Leather,,5YM13EC06N9J53187,,9J53187,2MK,,,"Sep 4, 2021",,USA,"BMW of Monrovia, Monrovia, US",,,,,,,,
C1K - Marina Bay Blue Metallic,F97,LKSW - Black Extended Merino Leather,,5YM13EC00N9J53217,,9J53217,2MK,,,"Sep 4, 2021",,USA,"BMW of Rochester Hills, Shelby Township, US",,,,,,,,
A90 - Dark Graphite Metallic,F97,LKSW - Black Extended Merino Leather,,5YM13EC05N9J53293,,9J53293,2MK,,,"Sep 4, 2021",,USA,"Tulley BMW, Nashua, US",,,,,,,,
C4P - Brooklyn Grey Metallic,F97,LKHV - Adelaide Grey Extended Merino Leather,,5YM13EC04N9J53317,,9J53317,2MK,,,"Sep 6, 2021",,USA,"Braman Motorcars/Braman MINI of Pal, West Palm Beach, US",,,,,,,,
C1K - Marina Bay Blue Metallic,F97,VATQ - BMW Individual Tartufo Extended Merino Leather,,5YM13EC0XN9J53354,,9J53354,2MK,,,"Sep 6, 2021",,USA,"BMW of Honolulu, Honolulu, US",,,,,,,,
C4P - Brooklyn Grey Metallic,F97,VATQ - BMW Individual Tartufo Extended Merino Leather,,5YM13EC08N9J53384,,9J53384,2MK,,,"Sep 6, 2021",,USA,"Tulley BMW, Nashua, US",,,,,,,,
475 - Black Sapphire Metallic,F97,LKSW - Black Extended Merino Leather,,5YM13EC01N9J53422,,9J53422,2MK,,,"Sep 6, 2021",,USA,"BMW Seattle, Seattle, US",,,,,,,,
C4P - Brooklyn Grey Metallic,F97,LKDA - Sakhir Orange Extended Merino Leather,,5YM13EC09N9J53460,,9J53460,2MK,,,"Sep 6, 2021",,USA,"BMW of Norwood, Norwood, US",,,,,,,,
C4P - Brooklyn Grey Metallic,F97,LKSW - Black Extended Merino Leather,,5YM13EC0XN9J53483,,9J53483,2MK,,,"Sep 7, 2021",,USA,"BMW of Reading, Reading, US",,,,,,,,
475 - Black Sapphire Metallic,F97,LKSW - Black Extended Merino Leather,,5YM13EC01N9J53517,,9J53517,2MK,,,"Sep 7, 2021",,USA,"BMW of Murray, Murray, US",,,,,,,,
300 - Alpine White,F97,LKSW - Black Extended Merino Leather,,5YM13EC03N9J53602,,9J53602,2MK,,,"Sep 7, 2021",,USA,"BMW of Alexandria, Alexandria, US",,,,,,,,
475 - Black Sapphire Metallic,F97,HDJA - Black/Midrand Beige Two-Tone Merino Leather / Alcantara,,5YM13EC02N9J53638,,9J53638,2MK,,,"Sep 7, 2021",,USA,"BMW of South Austin, Austin, US",,,,,,,,
475 - Black Sapphire Metallic,F97,LKDA - Sakhir Orange Extended Merino Leather,,5YM13EC00N9J53668,,9J53668,2MK,,,"Sep 7, 2021",,USA,"Braman BMW/Braman MINI of Miami, Miami, US",,,,,,,,
300 - Alpine White,F97,LKSW - Black Extended Merino Leather,,5YM13EC08N9J53711,,9J53711,2MK,,,"Sep 7, 2021",,USA,"BMW of Monterey, Seaside, US",,,,,,,,
C4P - Brooklyn Grey Metallic,F97,LKSW - Black Extended Merino Leather,,5YM13EC02N9J53736,,9J53736,2MK,,,"Sep 7, 2021",,USA,"BMW Cleveland, Solan, US",,,,,,,,
416 - Carbon Black Metallic,F97,LKSW - Black Extended Merino Leather,,5YM13EC06N9J53772,,9J53772,2MK,,,"Sep 7, 2021",,USA,"Perillo BMW, Inc., Chicago, US",,,,,,,,
C4P - Brooklyn Grey Metallic,F97,LKDA - Sakhir Orange Extended Merino Leather,,5YM13EC04N9J53799,,9J53799,2MK,,,"Sep 7, 2021",,USA,"BMW of Springfield, Springfield, US",,,,,,,,
C4P - Brooklyn Grey Metallic,F97,LKDA - Sakhir Orange Extended Merino Leather,,5YM13EC02N9J53882,,9J53882,2MK,,,"Sep 7, 2021",,USA,"BMW of Roseville, Roseville, US",,,,,,,,
300 - Alpine White,F97,LKSW - Black Extended Merino Leather,,5YM13EC09N9J53913,,9J53913,2MK,,,"Sep 7, 2021",,USA,"Chapman BMW, Chandler, US",,,,,,,,
300 - Alpine White,F97,LKDA - Sakhir Orange Extended Merino Leather,,5YM13EC01N9J53954,,9J53954,2MK,,,"Sep 7, 2021",,USA,"Wide World BMW, Spring Valley, US",,,,,,,,
300 - Alpine White,F97,LKSW - Black Extended Merino Leather,,5YM13EC02N9J54000,,9J54000,2MK,,,"Sep 7, 2021",,USA,"BMW of Stratham, Stratham, US",,,,,,,,
A90 - Dark Graphite Metallic,F97,LKDA - Sakhir Orange Extended Merino Leather,,5YM13EC03N9J54023,,9J54023,2MK,,,"Sep 7, 2021",,USA,"Keeler BMW, Latham, US",,,,,,,,
C4H - Sao Paulo Yellow,F97,LKSW - Black Extended Merino Leather,,5YM13EC0XN9J54083,,9J54083,2MK,,,"Sep 7, 2021",,USA,"BMW of Denver Downtown, Denver, US",,,,,,,,
300 - Alpine White,F97,LKSW - Black Extended Merino Leather,,5YM13EC05N9J54122,,9J54122,2MK,,,"Sep 7, 2021",,USA,"South Shore BMW, Rockland, US",,,,,,,,
416 - Carbon Black Metallic,F97,HDJA - Black/Midrand Beige Two-Tone Merino Leather / Alcantara,,5YM13EC04N9J54144,,9J54144,2MK,,,"Sep 7, 2021",,USA,"Global Imports BMW, Atlanta, US",,,,,,,,
C3G - Toronto Red Metallic,F97,LKHV - Adelaide Grey Extended Merino Leather,,5YM13EC00N9J54173,,9J54173,2MK,,,"Sep 8, 2021",,USA,"BMW of Minnetonka, Minnetonka, US",,,,,,,,
300 - Alpine White,F97,VATQ - BMW Individual Tartufo Extended Merino Leather,,5YM13EC0XN9J54195,,9J54195,2MK,,,"Sep 8, 2021",,USA,"BMW of Peabody, Peabody, US",,,,,,,,
C4P - Brooklyn Grey Metallic,F97,LKDA - Sakhir Orange Extended Merino Leather,,5YM13EC07N9J54218,,9J54218,2MK,,,"Sep 8, 2021",,USA,"BMW of Spokane, Spokane, US",,,,,,,,
C4P - Brooklyn Grey Metallic,F97,VATQ - BMW Individual Tartufo Extended Merino Leather,,5YM13EC02N9J54255,,9J54255,2MK,,,"Sep 8, 2021",,USA,"BMW of Gwinnett Place, Duluth, US",,,,,,,,
C4P - Brooklyn Grey Metallic,F97,LKSW - Black Extended Merino Leather,,5YM13EC0XN9J54293,,9J54293,2MK,,,"Sep 8, 2021",,USA,"Classic BMW, Plano, US",,,,,,,,
300 - Alpine White,F97,LKSW - Black Extended Merino Leather,,5YM13EC02N9J54319,,9J54319,2MK,,,"Sep 8, 2021",,USA,"Stevens Creek BMW, Santa Clara, US",,,,,,,,
300 - Alpine White,F97,LKDA - Sakhir Orange Extended Merino Leather,,5YM13EC04N9J56721,,9J56721,2MK,,,"Sep 8, 2021",,USA,"Autohaus BMW of Maplewood, Saint Louis, US",,,,,,,,
C4P - Brooklyn Grey Metallic,F97,LKDA - Sakhir Orange Extended Merino Leather,,5YM13EC05N9J56761,,9J56761,2MK,,,"Sep 8, 2021",,USA,"Coggin BMW Treasure Coast, Fort Pierce, US",,,,,,,,
C4P - Brooklyn Grey Metallic,F97,LKSW - Black Extended Merino Leather,,5YM13EC08N9J56785,,9J56785,2MK,,,"Sep 8, 2021",,USA,"Valencia BMW, Valencia, US",,,,,,,,
C4P - Brooklyn Grey Metallic,F97,LKDA - Sakhir Orange Extended Merino Leather,,5YM13EC0XN9J56822,,9J56822,2MK,,,"Sep 8, 2021",,USA,"BMW of Reading, Reading, US",,,,,,,,
C4P - Brooklyn Grey Metallic,F97,LKDA - Sakhir Orange Extended Merino Leather,,5YM13EC02N9J56846,,9J56846,2MK,,,"Sep 8, 2021",,USA,"BMW of Honolulu, Honolulu, US",,,,,,,,
C4P - Brooklyn Grey Metallic,F97,LKDA - Sakhir Orange Extended Merino Leather,,5YM13EC06N9J56882,,9J56882,2MK,,,"Sep 8, 2021",,USA,"South Bay BMW, Torrance, US",,,,,,,,
A90 - Dark Graphite Metallic,F97,HDJA - Black/Midrand Beige Two-Tone Merino Leather / Alcantara,,5YM13EC04N9J56945,,9J56945,2MK,,,"Sep 8, 2021",,USA,"Global Imports BMW, Atlanta, US",,,,,,,,
C4P - Brooklyn Grey Metallic,F97,VATQ - BMW Individual Tartufo Extended Merino Leather,,5YM13EC09N9J56987,,9J56987,2MK,,,"Sep 8, 2021",,USA,"Schomp BMW of Highlands Ranch, Highlands Ranch, US",,,,,,,,
C4P - Brooklyn Grey Metallic,F97,LKSW - Black Extended Merino Leather,,5YM13EC08N9J57029,,9J57029,2MK,,,"Sep 8, 2021",,USA,"United BMW, Alpharetta, US",,,,,,,,
C4P - Brooklyn Grey Metallic,F97,MAH7 - Black Vernasca Leather,,5YM13EC09N9J57055,,9J57055,2MK,,,"Sep 8, 2021",,USA,"BMW of Ramsey, Ramsey, US",,,,,,,,
C1K - Marina Bay Blue Metallic,F97,LKSW - Black Extended Merino Leather,,5YM13EC06N9J57093,,9J57093,2MK,,,"Sep 8, 2021",,USA,"BMW Performance Center (SC), Greer, US",,,,,,,,
C4P - Brooklyn Grey Metallic,F97,MAH7 - Black Vernasca Leather,,5YM13EC01N9J57146,,9J57146,2MK,,,"Sep 8, 2021",,USA,"BMW of Orland Park, Orland Park, US",,,,,,,,
C4P - Brooklyn Grey Metallic,F97,LKDA - Sakhir Orange Extended Merino Leather,,5YM13EC09N9J57170,,9J57170,2MK,,,"Sep 8, 2021",,USA,"Autogermana, Inc., Hato Rey, US",,,,,,,,
C4P - Brooklyn Grey Metallic,F97,HDJA - Black/Midrand Beige Two-Tone Merino Leather / Alcantara,,5YM13EC08N9J57192,,9J57192,2MK,,,"Sep 8, 2021",,USA,"BMW of Tigard, Tigard, US",,,,,,,,
C1K - Marina Bay Blue Metallic,F97,LKSW - Black Extended Merino Leather,,5YM13EC05N9J57232,,9J57232,2MK,,,"Sep 9, 2021",,USA,"Grayson BMW, Knoxville, US",,,,,,,,
C4P - Brooklyn Grey Metallic,F97,LKDA - Sakhir Orange Extended Merino Leather,,5YM13EC09N9J57301,,9J57301,2MK,,,"Sep 9, 2021",,USA,"Arrowhead BMW, Glendale, US",,,,,,,,
C4P - Brooklyn Grey Metallic,F97,LKDA - Sakhir Orange Extended Merino Leather,,5YM13EC05N9J57327,,9J57327,2MK,,,"Sep 9, 2021",,USA,"Braman Motorcars/Braman MINI of Pal, West Palm Beach, US",,,,,,,,
C4P - Brooklyn Grey Metallic,F97,LKSW - Black Extended Merino Leather,,5YM13EC08N9J57368,,9J57368,2MK,,,"Sep 9, 2021",,USA,"BMW of Denver Downtown, Denver, US",,,,,,,,
C1K - Marina Bay Blue Metallic,F97,LKHV - Adelaide Grey Extended Merino Leather,,5YM13EC01N9J57440,,9J57440,2MK,,,"Sep 9, 2021",,USA,"BMW of West St. Louis, Manchester, US",,,,,,,,
C1K - Marina Bay Blue Metallic,F97,VATQ - BMW Individual Tartufo Extended Merino Leather,,5YM13EC08N9J57564,,9J57564,2MK,,,"Sep 9, 2021",,USA,"Casey BMW, Newport News, US",,,,,,,,
C1K - Marina Bay Blue Metallic,F97,LKHV - Adelaide Grey Extended Merino Leather,,5YM13EC00N9J57588,,9J57588,2MK,,,"Sep 9, 2021",,USA,"BMW of Tri-Cities, Richland, US",,,,,,,,
C1K - Marina Bay Blue Metallic,F97,LKSW - Black Extended Merino Leather,,5YM13EC04N9J57643,,9J57643,2MK,,,"Sep 9, 2021",,USA,"Don Jacobs BMW, Lexington, US",,,,,,,,
C1K - Marina Bay Blue Metallic,F97,LKSW - Black Extended Merino Leather,,5YM13EC00N9J57669,,9J57669,2MK,,,"Sep 9, 2021",,USA,"Gebhardt BMW, Boulder, US",,,,,,,,
C1K - Marina Bay Blue Metallic,F97,LKSW - Black Extended Merino Leather,,5YM13EC08N9J57709,,9J57709,2MK,,,"Sep 9, 2021",,USA,"Hendrick BMW, Charlotte, US",,,,,,,,
C4H - Sao Paulo Yellow,F97,LKSW - Black Extended Merino Leather,,5YM13EC06N9J57837,,9J57837,2MK,,,"Sep 9, 2021",,USA,"BMW Seattle, Seattle, US",,,,,,,,
A90 - Dark Graphite Metallic,F97,LKDA - Sakhir Orange Extended Merino Leather,,5YM13EC09N9J57878,,9J57878,2MK,,,"Sep 9, 2021",,USA,"BMW of Delray Beach, Delray Beach, US",,,,,,,,
C4P - Brooklyn Grey Metallic,F97,LKDA - Sakhir Orange Extended Merino Leather,,5YM13EC05N9J57991,,9J57991,2MK,,,"Sep 10, 2021",,USA,"BMW of Morristown, Morristown, US",,,,,,,,
C1K - Marina Bay Blue Metallic,F97,VATQ - BMW Individual Tartufo Extended Merino Leather,,5YM13EC03N9J58038,,9J58038,2MK,,,"Sep 10, 2021",,USA,"BMW of Lubbock, San Antonio, US",,,,,,,,
C4P - Brooklyn Grey Metallic,F97,LKHV - Adelaide Grey Extended Merino Leather,,5YM13EC07N9J58091,,9J58091,2MK,,,"Sep 10, 2021",,USA,"BMW of South Austin, Austin, US",,,,,,,,
C1K - Marina Bay Blue Metallic,F97,LKHV - Adelaide Grey Extended Merino Leather,,5YM13EC09N9J58240,,9J58240,2MK,,,"Sep 10, 2021",,USA,"BMW of Bowling Green, Bowling Green, US",,,,,,,,
A90 - Dark Graphite Metallic,F97,LKDA - Sakhir Orange Extended Merino Leather,,5YM13EC01N9J58331,,9J58331,2MK,,,"Sep 10, 2021",,USA,"Rallye BMW, Westbury, US",,,,,,,,
A90 - Dark Graphite Metallic,F97,LKHV - Adelaide Grey Extended Merino Leather,,5YM13EC06N9J59880,,9J59880,2MK,,,"Sep 10, 2021",,USA,"BMW of Madison, Madison, US",,,,,,,,
C1K - Marina Bay Blue Metallic,F97,HDJA - Black/Midrand Beige Two-Tone Merino Leather / Alcantara,,5YM13EC02N9J59939,,9J59939,2MK,,,"Sep 10, 2021",,USA,"BMW Performance Center (SC), Greer, US",,,,,,,,
300 - Alpine White,F97,HDJA - Black/Midrand Beige Two-Tone Merino Leather / Alcantara,,5YM13EC09N9J60313,,9J60313,2MK,,,"Sep 13, 2021",,USA,"Coggin BMW Treasure Coast, Fort Pierce, US",,,,,,,,
C4P - Brooklyn Grey Metallic,F97,LKDA - Sakhir Orange Extended Merino Leather,,5YM13EC05N9J60342,,9J60342,2MK,,,"Sep 13, 2021",,USA,"BMW Tucson, Tucson, US",,,,,,,,
416 - Carbon Black Metallic,F97,LKSW - Black Extended Merino Leather,,5YM13EC07N9J61556,,9J61556,2MK,,,"Sep 13, 2021",,USA,"BMW of Honolulu, Honolulu, US",,,,,,,,
C3G - Toronto Red Metallic,F97,LKSW - Black Extended Merino Leather,,5YM13EC0XN9J61700,,9J61700,2MK,,,"Sep 13, 2021",,USA,"Athens BMW, Athens, US",,,,,,,,
475 - Black Sapphire Metallic,F97,LKDA - Sakhir Orange Extended Merino Leather,,5YM13EC01N9J61732,,9J61732,2MK,,,"Sep 13, 2021",,USA,"Gebhardt BMW, Boulder, US",,,,,,,,
C4H - Sao Paulo Yellow,F97,LKHV - Adelaide Grey Extended Merino Leather,,5YM13EC0XN9J61776,,9J61776,2MK,,,"Sep 13, 2021",,USA,"Karl Knauz Motors, Lake Bluff, US",,,,,,,,
416 - Carbon Black Metallic,F97,VATQ - BMW Individual Tartufo Extended Merino Leather,,5YM13EC07N9J61895,,9J61895,2MK,,,"Sep 13, 2021",,USA,"BMW of Grapevine, Grapevine, US",,,,,,,,
475 - Black Sapphire Metallic,F97,HDJA - Black/Midrand Beige Two-Tone Merino Leather / Alcantara,,5YM13EC07N9J61914,,9J61914,2MK,,,"Sep 13, 2021",,USA,"BMW of Tulsa, Tulsa, US",,,,,,,,
C4P - Brooklyn Grey Metallic,F97,LKDA - Sakhir Orange Extended Merino Leather,,5YM13EC09N9J61946,,9J61946,2MK,,,"Sep 14, 2021",,USA,"Karl Knauz Motors, Lake Bluff, US",,,,,,,,
C4P - Brooklyn Grey Metallic,F97,HDJA - Black/Midrand Beige Two-Tone Merino Leather / Alcantara,,5YM13EC05N9J62074,,9J62074,2MK,,,"Sep 14, 2021",,USA,"BMW of Charlottesville, Charlottesville, US",,,,,,,,
C4P - Brooklyn Grey Metallic,F97,VATQ - BMW Individual Tartufo Extended Merino Leather,,5YM13EC06N9J62889,,9J62889,2MK,,,"Sep 14, 2021",,USA,"BMW of Mt. Laurel, Mount Laurel, US",,,,,,,,
300 - Alpine White,F97,LKSW - Black Extended Merino Leather,,5YM13EC01N9J62914,,9J62914,2MK,,,"Sep 14, 2021",,USA,"BMW of Brooklyn, Brooklyn, US",,,,,,,,
C4P - Brooklyn Grey Metallic,F97,MAH7 - Black Vernasca Leather,,5YM13EC06N9J62939,,9J62939,2MK,,,"Sep 14, 2021",,USA,"Flemington BMW, Flemington, US",,,,,,,,
300 - Alpine White,F97,LKDA - Sakhir Orange Extended Merino Leather,,5YM13EC09N9J62966,,9J62966,2MK,,,"Sep 14, 2021",,USA,"BMW of West St. Louis, Manchester, US",,,,,,,,
C1K - Marina Bay Blue Metallic,F97,LKSW - Black Extended Merino Leather,,5YM13EC01N9J63027,,9J63027,2MK,,,"Sep 14, 2021",,USA,"Classic BMW, Plano, US",,,,,,,,
C4P - Brooklyn Grey Metallic,F97,LKSW - Black Extended Merino Leather,,5YM13EC07N9J63064,,9J63064,2MK,,,"Sep 14, 2021",,USA,"BMW Performance Center (SC), Greer, US",,,,,,,,
C4H - Sao Paulo Yellow,F97,MAH7 - Black Vernasca Leather,,5YM13EC01N9J63092,,9J63092,2MK,,,"Sep 14, 2021",,USA,"BMW of Towson, Towson, US",,,,,,,,
C1K - Marina Bay Blue Metallic,F97,LKHV - Adelaide Grey Extended Merino Leather,,5YM13EC02N9J63134,,9J63134,2MK,,,"Sep 14, 2021",,USA,"Flemington BMW, Flemington, US",,,,,,,,
A90 - Dark Graphite Metallic,F97,LKSW - Black Extended Merino Leather,,5YM13EC09N9J63163,,9J63163,2MK,,,"Sep 14, 2021",,USA,"Elmhurst BMW, Elmhurst, US",,,,,,,,
300 - Alpine White,F97,LKDA - Sakhir Orange Extended Merino Leather,,5YM13EC04N9J63202,,9J63202,2MK,,,"Sep 14, 2021",,USA,"BMW of Okemos, Okemos, US",,,,,,,,
300 - Alpine White,F97,LKSW - Black Extended Merino Leather,,5YM13EC09N9J63227,,9J63227,2MK,,,"Sep 14, 2021",,USA,"Baron BMW/MINI, Merriam, US",,,,,,,,
300 - Alpine White,F97,HDJA - Black/Midrand Beige Two-Tone Merino Leather / Alcantara,,5YM13EC08N9J63252,,9J63252,2MK,,,"Sep 14, 2021",,USA,"BMW of Lincoln, Lincoln, US",,,,,,,,
A90 - Dark Graphite Metallic,F97,LKHV - Adelaide Grey Extended Merino Leather,,5YM13EC02N9J63294,,9J63294,2MK,,,"Sep 14, 2021",,USA,"BMW of Houston North, Houston, US",,,,,,,,
C1K - Marina Bay Blue Metallic,F97,LKSW - Black Extended Merino Leather,,5YM13EC0XN9J63334,,9J63334,2MK,,,"Sep 15, 2021",,USA,"Crevier BMW, Santa Ana, US",,,,,,,,
C4P - Brooklyn Grey Metallic,F97,LKDA - Sakhir Orange Extended Merino Leather,,5YM13EC04N9J63362,,9J63362,2MK,,,"Sep 15, 2021",,USA,"Calgary BMW, Calgary, CA",,,,,,,,
C4P - Brooklyn Grey Metallic,F97,LKDA - Sakhir Orange Extended Merino Leather,,5YM13EC01N9J63397,,9J63397,2MK,,,"Sep 15, 2021",,USA,"Atlanta Auto Auction/Manheim Greer, Red Oak, US",,,,,,,,
C3G - Toronto Red Metallic,F97,LKSW - Black Extended Merino Leather,,5YM13EC03N9J63420,,9J63420,2MK,,,"Sep 15, 2021",,USA,"Vista BMW, Coconut Creek, US",,,,,,,,
300 - Alpine White,F97,LKDA - Sakhir Orange Extended Merino Leather,,5YM13EC04N9J63457,,9J63457,2MK,,,"Sep 15, 2021",,USA,"Motorwerks BMW, Bloomington, US",,,,,,,,
C4P - Brooklyn Grey Metallic,F97,LKDA - Sakhir Orange Extended Merino Leather,,5YM13EC0XN9J63480,,9J63480,2MK,,,"Sep 15, 2021",,USA,"Long Beach BMW, Signal Hill, US",,,,,,,,
C1K - Marina Bay Blue Metallic,F97,VATQ - BMW Individual Tartufo Extended Merino Leather,,5YM13EC03N9J63515,,9J63515,2MK,,,"Sep 15, 2021",,USA,"BMW of Bridgewater, Bridgewater, US",,,,,,,,
C1K - Marina Bay Blue Metallic,F97,LKSW - Black Extended Merino Leather,,5YM13EC09N9J64491,,9J64491,2MK,,,"Sep 15, 2021",,USA,"BMW of Greenwich, Greenwich, US",,,,,,,,
C1K - Marina Bay Blue Metallic,F97,LKHV - Adelaide Grey Extended Merino Leather,,5YM13EC04N9J64527,,9J64527,2MK,,,"Sep 15, 2021",,USA,"Peter Pan BMW, Burlingame, US",,,,,,,,
C4P - Brooklyn Grey Metallic,F97,LKSW - Black Extended Merino Leather,,5YM13EC03N9J64566,,9J64566,2MK,,,"Sep 15, 2021",,USA,"BMW of West St. Louis, Manchester, US",,,,,,,,
C4P - Brooklyn Grey Metallic,F97,HDJA - Black/Midrand Beige Two-Tone Merino Leather / Alcantara,,5YM13EC02N9J64591,,9J64591,2MK,,,"Sep 15, 2021",,USA,"*Closed 3-Jan-23* BMW of Oyster Bay, Oyster Bay, US",,,,,,,,
A90 - Dark Graphite Metallic,F97,LKSW - Black Extended Merino Leather,,5YM13EC09N9J64622,,9J64622,2MK,,,"Sep 15, 2021",,USA,"BMW of Fremont, Fremont, US",,,,,,,,
300 - Alpine White,F97,HDJA - Black/Midrand Beige Two-Tone Merino Leather / Alcantara,,5YM13EC03N9J64650,,9J64650,2MK,,,"Sep 15, 2021",,USA,"Karl Knauz Motors, Lake Bluff, US",,,,,,,,
475 - Black Sapphire Metallic,F97,MAH7 - Black Vernasca Leather,,5YM13EC02N9J64767,,9J64767,2MK,,,"Sep 15, 2021",,USA,"Competition BMW of Smithtown, Saint James, US",,,,,,,,
C1K - Marina Bay Blue Metallic,F97,LKSW - Black Extended Merino Leather,,5YM13EC03N9J64793,,9J64793,2MK,,,"Sep 15, 2021",,USA,"BMW of Houston North, Houston, US",,,,,,,,
C4P - Brooklyn Grey Metallic,F97,LKHV - Adelaide Grey Extended Merino Leather,,5YM13EC09N9J64829,,9J64829,2MK,,,"Sep 15, 2021",,USA,"BMW of Wilmington, Wilmington, US",,,,,,,,
C4P - Brooklyn Grey Metallic,F97,LKDA - Sakhir Orange Extended Merino Leather,,5YM13EC09N9J64894,,9J64894,2MK,,,"Sep 15, 2021",,USA,"BMW of Houston North, Houston, US",,,,,,,,
C4H - Sao Paulo Yellow,F97,LKSW - Black Extended Merino Leather,,5YM13EC04N9J64933,,9J64933,2MK,,,"Sep 15, 2021",,USA,"BMW of West Houston, Houston, US",,,,,,,,
C4P - Brooklyn Grey Metallic,F97,LKSW - Black Extended Merino Leather,,5YM13EC0XN9J65004,,9J65004,2MK,,,"Sep 16, 2021",,USA,"BMW of Towson, Towson, US",,,,,,,,
C4P - Brooklyn Grey Metallic,F97,LKHV - Adelaide Grey Extended Merino Leather,,5YM13EC09N9J65074,,9J65074,2MK,,,"Sep 16, 2021",,USA,"BMW of Gwinnett Place, Duluth, US",,,,,,,,
C4P - Brooklyn Grey Metallic,F97,LKDA - Sakhir Orange Extended Merino Leather,,5YM13EC09N9J65141,,9J65141,2MK,,,"Sep 16, 2021",,USA,"BMW of South Albany, Glenmont, US",,,,,,,,
475 - Black Sapphire Metallic,F97,LKSW - Black Extended Merino Leather,,5YM13EC02N9J66843,,9J66843,2MK,,,"Sep 16, 2021",,USA,"BMW of San Francisco, San Francisco, US",,,,,,,,
475 - Black Sapphire Metallic,F97,HDJA - Black/Midrand Beige Two-Tone Merino Leather / Alcantara,,5YM13EC01N9J66932,,9J66932,2MK,,,"Sep 16, 2021",,USA,"Germain BMW of Naples, Naples, US",,,,,,,,
416 - Carbon Black Metallic,F97,LKSW - Black Extended Merino Leather,,5YM13EC00N9J67215,,9J67215,2MK,,,"Sep 17, 2021",,USA,"BMW of Dallas/MINI of Dallas, Dallas, US",,,,,,,,
475 - Black Sapphire Metallic,F97,LKSW - Black Extended Merino Leather,,5YM13EC07N9J67406,,9J67406,2MK,,,"Sep 17, 2021",,USA,"Niello BMW Sacramento, Sacramento, US",,,,,,,,
C1K - Marina Bay Blue Metallic,F97,VATQ - BMW Individual Tartufo Extended Merino Leather,,5YM13EC01N9J67448,,9J67448,2MK,,,"Sep 17, 2021",,USA,"BMW of Houston Midtown, Houston, US",,,,,,,,
475 - Black Sapphire Metallic,F97,LKSW - Black Extended Merino Leather,,5YM13EC01N9J69099,,9J69099,2MK,,,"Sep 17, 2021",,USA,"BMW North Scottsdale, Phoenix, US",,,,,,,,
C4P - Brooklyn Grey Metallic,F97,LKSW - Black Extended Merino Leather,,5YM13EC04N9J69128,,9J69128,2MK,,,"Sep 17, 2021",,USA,"Enterprise BMW, Appleton, US",,,,,,,,
416 - Carbon Black Metallic,F97,VATQ - BMW Individual Tartufo Extended Merino Leather,,5YM13EC06N9J69194,,9J69194,2MK,,,"Sep 17, 2021",,USA,"BMW of West St. Louis, Manchester, US",,,,,,,,
C4P - Brooklyn Grey Metallic,F97,LKDA - Sakhir Orange Extended Merino Leather,,5YM13EC01N9J69233,,9J69233,2MK,,,"Sep 18, 2021",,USA,"BMW Ville de Quebec, Quebec City, CA",,,,,,,,
C4P - Brooklyn Grey Metallic,F97,LKSW - Black Extended Merino Leather,,5YM13EC00N9J69286,,9J69286,2MK,,,"Sep 18, 2021",,USA,"Auto West BMW, Richmond, CA",,,,,,,,
C4P - Brooklyn Grey Metallic,F97,LKDA - Sakhir Orange Extended Merino Leather,,5YM13EC04N9J69324,,9J69324,2MK,,,"Sep 18, 2021",,USA,"BMW Ville de Quebec, Quebec City, CA",,,,,,,,
416 - Carbon Black Metallic,F97,LKSW - Black Extended Merino Leather,,5YM13EC05N9J69350,,9J69350,2MK,,,"Sep 18, 2021",,USA,"Santa Monica BMW, Santa Monica, US",,,,,,,,
475 - Black Sapphire Metallic,F97,LKSW - Black Extended Merino Leather,,5YM13EC02N9J69418,,9J69418,2MK,,,"Sep 19, 2021",,USA,"Crevier BMW, Santa Ana, US",,,,,,,,
C1K - Marina Bay Blue Metallic,F97,LKHV - Adelaide Grey Extended Merino Leather,,5YM13EC08N9J69455,,9J69455,2MK,,,"Sep 19, 2021",,USA,"BMW of Alexandria, Alexandria, US",,,,,,,,
C3G - Toronto Red Metallic,F97,LKHV - Adelaide Grey Extended Merino Leather,,5YM13EC00N9J69479,,9J69479,2MK,,,"Sep 19, 2021",,USA,"BMW of Sioux Falls, Sioux Falls, US",,,,,,,,
C4P - Brooklyn Grey Metallic,F97,LKDA - Sakhir Orange Extended Merino Leather,,5YM13EC07N9J69513,,9J69513,2MK,,,"Sep 19, 2021",,USA,"BMW North Scottsdale, Phoenix, US",,,,,,,,
475 - Black Sapphire Metallic,F97,VATQ - BMW Individual Tartufo Extended Merino Leather,,5YM13EC08N9J69570,,9J69570,2MK,,,"Sep 20, 2021",,USA,"Patrick BMW, Schaumburg, US",,,,,,,,
475 - Black Sapphire Metallic,F97,LKSW - Black Extended Merino Leather,,5YM13EC08N9J69603,,9J69603,2MK,,,"Sep 20, 2021",,USA,"BMW of Houston Midtown, Houston, US",,,,,,,,
416 - Carbon Black Metallic,F97,VATQ - BMW Individual Tartufo Extended Merino Leather,,5YM13EC06N9J69664,,9J69664,2MK,,,"Sep 20, 2021",,USA,"Schomp BMW of Highlands Ranch, Highlands Ranch, US",,,,,,,,
475 - Black Sapphire Metallic,F97,LKSW - Black Extended Merino Leather,,5YM13EC02N9J69693,,9J69693,2MK,,,"Sep 20, 2021",,USA,"BMW of Nashville, Brentwood, US",,,,,,,,
C4P - Brooklyn Grey Metallic,F97,LKSW - Black Extended Merino Leather,,5YM13EC05N9J71504,,9J71504,2MK,,,"Sep 20, 2021",,USA,"United BMW, Alpharetta, US",,,,,,,,
300 - Alpine White,F97,LKSW - Black Extended Merino Leather,,5YM13EC05N9J71535,,9J71535,2MK,,,"Sep 20, 2021",,USA,"Peterson BMW of Boise, Boise, US",,,,,,,,
475 - Black Sapphire Metallic,F97,LKSW - Black Extended Merino Leather,,5YM13EC07N9J71567,,9J71567,2MK,,,"Sep 20, 2021",,USA,"Flemington BMW, Flemington, US",,,,,,,,
C1K - Marina Bay Blue Metallic,F97,LKSW - Black Extended Merino Leather,,5YM13EC00N9J71605,,9J71605,2MK,,,"Sep 20, 2021",,USA,"BMW of Orland Park, Orland Park, US",,,,,,,,
475 - Black Sapphire Metallic,F97,LKHV - Adelaide Grey Extended Merino Leather,,5YM13EC03N9J71629,,9J71629,2MK,,,"Sep 20, 2021",,USA,"BMW of Bowling Green, Bowling Green, US",,,,,,,,
475 - Black Sapphire Metallic,F97,LKSW - Black Extended Merino Leather,,5YM13EC0XN9J71689,,9J71689,2MK,,,"Sep 20, 2021",,USA,"BMW of Dallas/MINI of Dallas, Dallas, US",,,,,,,,
C4P - Brooklyn Grey Metallic,F97,LKSW - Black Extended Merino Leather,,5YM13EC00N9J71751,,9J71751,2MK,,,"Sep 20, 2021",,USA,"Century West BMW, North Hollywood, US",,,,,,,,
C4P - Brooklyn Grey Metallic,F97,LKHV - Adelaide Grey Extended Merino Leather,,5YM13EC00N9J71913,,9J71913,2MK,,,"Sep 20, 2021",,USA,"BMW of South Atlanta, Union City, US",,,,,,,,
300 - Alpine White,F97,LKDA - Sakhir Orange Extended Merino Leather,,5YM13EC0XN9J71949,,9J71949,2MK,,,"Sep 20, 2021",,USA,"BMW of Monrovia, Monrovia, US",,,,,,,,
C3G - Toronto Red Metallic,F97,HDJA - Black/Midrand Beige Two-Tone Merino Leather / Alcantara,,5YM13EC08N9J72050,,9J72050,2MK,,,"Sep 21, 2021",,USA,"Fields BMW, Northfield, US",,,,,,,,
C4P - Brooklyn Grey Metallic,F97,LKSW - Black Extended Merino Leather,,5YM13EC06N9J72077,,9J72077,2MK,,,"Sep 21, 2021",,USA,"BMW of Las Vegas, Las Vegas, US",,,,,,,,
C1K - Marina Bay Blue Metallic,F97,HDJA - Black/Midrand Beige Two-Tone Merino Leather / Alcantara,,5YM13EC03N9J72103,,9J72103,2MK,,,"Sep 21, 2021",,USA,"New Country BMW, Hartford, US",,,,,,,,
C4H - Sao Paulo Yellow,F97,LKSW - Black Extended Merino Leather,,5YM13EC03N9J72134,,9J72134,2MK,,,"Sep 21, 2021",,USA,"BMW of Mt. Laurel, Mount Laurel, US",,,,,,,,
C1K - Marina Bay Blue Metallic,F97,LKSW - Black Extended Merino Leather,,5YM13EC00N9J72236,,9J72236,2MK,,,"Sep 21, 2021",,USA,"International Autos/MINI, West Allis, US",,,,,,,,
C4P - Brooklyn Grey Metallic,F97,VATQ - BMW Individual Tartufo Extended Merino Leather,,5YM13EC0XN9J72275,,9J72275,2MK,,,"Sep 21, 2021",,USA,"BMW Ville de Quebec, Quebec City, CA",,,,,,,,
475 - Black Sapphire Metallic,F97,LKSW - Black Extended Merino Leather,,5YM13EC08N9J72307,,9J72307,2MK,,,"Sep 21, 2021",,USA,"BMW Autohaus, Thornhill, CA",,,,,,,,
C1K - Marina Bay Blue Metallic,F97,LKSW - Black Extended Merino Leather,,5YM13EC06N9J72337,,9J72337,2MK,,,"Sep 21, 2021",,USA,"BMW Northwest, Tacoma, US",,,,,,,,
A90 - Dark Graphite Metallic,F97,HDJA - Black/Midrand Beige Two-Tone Merino Leather / Alcantara,,5YM13EC00N9J72382,,9J72382,2MK,,,"Sep 21, 2021",,USA,"Ferman BMW/Ferman MINI of Tampa Bay, Palm Harbor, US",,,,,,,,
C1K - Marina Bay Blue Metallic,F97,LKDA - Sakhir Orange Extended Merino Leather,,5YM13EC05N9J72409,,9J72409,2MK,,,"Sep 21, 2021",,USA,"BMW of Barrington, Barrington, US",,,,,,,,
A90 - Dark Graphite Metallic,F97,LKSW - Black Extended Merino Leather,,5YM13EC06N9J72435,,9J72435,2MK,,,"Sep 21, 2021",,USA,"BMW of The Woodlands, The Woodlands, US",,,,,,,,
C4P - Brooklyn Grey Metallic,F97,LKDA - Sakhir Orange Extended Merino Leather,,5YM13EC05N9J72474,,9J72474,2MK,,,"Sep 21, 2021",,USA,"BMW Grand River, Kitchener, CA",,,,,,,,
475 - Black Sapphire Metallic,F97,LKDA - Sakhir Orange Extended Merino Leather,,5YM13EC06N9J72502,,9J72502,2MK,,,"Sep 21, 2021",,USA,"BMW of Spokane, Spokane, US",,,,,,,,
A90 - Dark Graphite Metallic,F97,LKDA - Sakhir Orange Extended Merino Leather,,5YM13EC02N9J72528,,9J72528,2MK,,,"Sep 21, 2021",,USA,"BMW of Grapevine, Grapevine, US",,,,,,,,
475 - Black Sapphire Metallic,F97,LKDA - Sakhir Orange Extended Merino Leather,,5YM13EC05N9J72555,,9J72555,2MK,,,"Sep 21, 2021",,USA,"Budds' BMW Hamilton, Hamilton, CA",,,,,,,,
C3G - Toronto Red Metallic,F97,LKSW - Black Extended Merino Leather,,5YM13EC00N9J72589,,9J72589,2MK,,,"Sep 21, 2021",,USA,"Sterling BMW, Newport Beach, US",,,,,,,,
416 - Carbon Black Metallic,F97,LKHV - Adelaide Grey Extended Merino Leather,,5YM13EC01N9J72648,,9J72648,2MK,,,"Sep 21, 2021",,USA,"Vista BMW, Coconut Creek, US",,,,,,,,
C3G - Toronto Red Metallic,F97,LKHV - Adelaide Grey Extended Merino Leather,,5YM13EC04N9J72675,,9J72675,2MK,,,"Sep 21, 2021",,USA,"BMW Ville de Quebec, Quebec City, CA",,,,,,,,
475 - Black Sapphire Metallic,F97,LKSW - Black Extended Merino Leather,,5YM13EC04N9J72711,,9J72711,2MK,,,"Sep 22, 2021",,USA,"Budds' BMW Oakville, Oakville, CA",,,,,,,,
C4H - Sao Paulo Yellow,F97,LKDA - Sakhir Orange Extended Merino Leather,,5YM13EC01N9J72746,,9J72746,2MK,,,"Sep 22, 2021",,USA,"Tom Bush BMW Jacksonville, Jacksonville, US",,,,,,,,
C4P - Brooklyn Grey Metallic,F97,LKDA - Sakhir Orange Extended Merino Leather,,5YM13EC08N9J72775,,9J72775,2MK,,,"Sep 22, 2021",,USA,"BMW Markham, Markham, CA",,,,,,,,
A90 - Dark Graphite Metallic,F97,LKDA - Sakhir Orange Extended Merino Leather,,5YM13EC08N9J72808,,9J72808,2MK,,,"Sep 22, 2021",,USA,"BMW of Ocala, Ocala, US",,,,,,,,
300 - Alpine White,F97,MAH7 - Black Vernasca Leather,,5YM13EC04N9J72840,,9J72840,2MK,,,"Sep 22, 2021",,USA,"BMW of Arlington, Arlington, US",,,,,,,,
C1K - Marina Bay Blue Metallic,F97,LKSW - Black Extended Merino Leather,,5YM13EC06N9J72872,,9J72872,2MK,,,"Sep 22, 2021",,USA,"Sterling BMW, Newport Beach, US",,,,,,,,
C4P - Brooklyn Grey Metallic,F97,LKDA - Sakhir Orange Extended Merino Leather,,5YM13EC07N9J74386,,9J74386,2MK,,,"Sep 22, 2021",,USA,"Weatherford BMW, Berkeley, US",,,,,,,,
300 - Alpine White,F97,LKDA - Sakhir Orange Extended Merino Leather,,5YM13EC05N9J74452,,9J74452,2MK,,,"Sep 22, 2021",,USA,"BMW of Plano, Plano, US",,,,,,,,
300 - Alpine White,F97,LKHV - Adelaide Grey Extended Merino Leather,,5YM13EC02N9J74554,,9J74554,2MK,,,"Sep 22, 2021",,USA,"Competition BMW of Smithtown, Saint James, US",,,,,,,,
475 - Black Sapphire Metallic,F97,LKSW - Black Extended Merino Leather,,5YM13EC03N9J74594,,9J74594,2MK,,,"Sep 22, 2021",,USA,"Tulley BMW, Nashua, US",,,,,,,,
A90 - Dark Graphite Metallic,F97,VATQ - BMW Individual Tartufo Extended Merino Leather,,5YM13EC02N9J74666,,9J74666,2MK,,,"Sep 22, 2021",,USA,"Braman Motorcars/Braman MINI of Pal, West Palm Beach, US",,,,,,,,
300 - Alpine White,F97,MAH7 - Black Vernasca Leather,,5YM13EC09N9J74731,,9J74731,2MK,,,"Sep 22, 2021",,USA,"BMW of Orland Park, Orland Park, US",,,,,,,,
300 - Alpine White,F97,MAH7 - Black Vernasca Leather,,5YM13EC08N9J74798,,9J74798,2MK,,,"Sep 23, 2021",,USA,"BMW of Orland Park, Orland Park, US",,,,,,,,
C4P - Brooklyn Grey Metallic,F97,LKDA - Sakhir Orange Extended Merino Leather,,5YM13EC07N9J74890,,9J74890,2MK,,,"Sep 23, 2021",,USA,"BMW of Mt. Laurel, Mount Laurel, US",,,,,,,,
A90 - Dark Graphite Metallic,F97,LKSW - Black Extended Merino Leather,,5YM13EC00N9J75136,,9J75136,2MK,,,"Sep 23, 2021",,USA,"BMW of Omaha/MINI of Omaha, Omaha, US",,,,,,,,
C4P - Brooklyn Grey Metallic,F97,VATQ - BMW Individual Tartufo Extended Merino Leather,,5YM13EC08N9J75210,,9J75210,2MK,,,"Sep 23, 2021",,USA,"BMW of Houston Midtown, Houston, US",,,,,,,,
C4P - Brooklyn Grey Metallic,F97,LKDA - Sakhir Orange Extended Merino Leather,,5YM13EC03N9J75275,,9J75275,2MK,,,"Sep 23, 2021",,USA,"BMW of Birmingham, Irondale, US",,,,,,,,
C4P - Brooklyn Grey Metallic,F97,LKSW - Black Extended Merino Leather,,5YM13EC03N9J77799,,9J77799,2MK,,,"Sep 23, 2021",,USA,"McKenna BMW, Norwalk, US",,,,,,,,
300 - Alpine White,F97,LKHV - Adelaide Grey Extended Merino Leather,,5YM13EC03N9J77835,,9J77835,2MK,,,"Sep 23, 2021",,USA,"BMW of Fort Walton Beach, Fort Walton Beach, US",,,,,,,,
C1K - Marina Bay Blue Metallic,F97,VATQ - BMW Individual Tartufo Extended Merino Leather,,5YM13EC01N9J77963,,9J77963,2MK,,,"Sep 24, 2021",,USA,"Autogermana, Inc., Hato Rey, US",,,,,,,,
300 - Alpine White,F97,LKDA - Sakhir Orange Extended Merino Leather,,5YM13EC06N9J78042,,9J78042,2MK,,,"Sep 24, 2021",,USA,"BMW of Silver Spring, Silver Spring, US",,,,,,,,
C4P - Brooklyn Grey Metallic,F97,LKDA - Sakhir Orange Extended Merino Leather,,5YM13EC07N9J78132,,9J78132,2MK,,,"Sep 24, 2021",,USA,"BMW of Murray, Murray, US",,,,,,,,
C4P - Brooklyn Grey Metallic,F97,LKDA - Sakhir Orange Extended Merino Leather,,5YM13EC06N9J78171,,9J78171,2MK,,,"Sep 24, 2021",,USA,"Pacific BMW, Glendale, US",,,,,,,,
C4P - Brooklyn Grey Metallic,F97,LKDA - Sakhir Orange Extended Merino Leather,,5YM13EC06N9J78199,,9J78199,2MK,,,"Sep 24, 2021",,USA,"Fields BMW, Winter Park, US",,,,,,,,
C4P - Brooklyn Grey Metallic,F97,LKDA - Sakhir Orange Extended Merino Leather,,5YM13EC0XN9J78237,,9J78237,2MK,,,"Sep 24, 2021",,USA,"BMW of Sarasota, Sarasota, US",,,,,,,,
300 - Alpine White,F97,VATQ - BMW Individual Tartufo Extended Merino Leather,,5YM13EC09N9J79248,,9J79248,2MK,,,"Sep 24, 2021",,USA,"BMW of South Austin, Austin, US",,,,,,,,
C4P - Brooklyn Grey Metallic,F97,LKSW - Black Extended Merino Leather,,5YM13EC02N9J79284,,9J79284,2MK,,,"Sep 24, 2021",,USA,"BMW of Bloomfield, Bloomfield, US",,,,,,,,
300 - Alpine White,F97,LKDA - Sakhir Orange Extended Merino Leather,,5YM13EC09N9J79315,,9J79315,2MK,,,"Sep 24, 2021",,USA,"Hendrick BMW, Charlotte, US",,,,,,,,
C1K - Marina Bay Blue Metallic,F97,LKSW - Black Extended Merino Leather,,5YM13EC01N9J79339,,9J79339,2MK,,,"Sep 24, 2021",,USA,"BMW of Fort Lauderdale, Fort Lauderdale, US",,,,,,,,
C4P - Brooklyn Grey Metallic,F97,LKDA - Sakhir Orange Extended Merino Leather,,5YM13EC04N9J79366,,9J79366,2MK,,,"Sep 24, 2021",,USA,"BMW of Murray, Murray, US",,,,,,,,
C1K - Marina Bay Blue Metallic,F97,LKSW - Black Extended Merino Leather,,5YM13EC08N9J79404,,9J79404,2MK,,,"Sep 25, 2021",,USA,"Vista BMW, Coconut Creek, US",,,,,,,,
C1K - Marina Bay Blue Metallic,F97,HDJA - Black/Midrand Beige Two-Tone Merino Leather / Alcantara,,5YM13EC00N9J79431,,9J79431,2MK,,,"Sep 25, 2021",,USA,"BMW of Austin, Austin, US",,,,,,,,
A90 - Dark Graphite Metallic,F97,LKSW - Black Extended Merino Leather,,5YM13EC0XN9J79503,,9J79503,2MK,,,"Sep 25, 2021",,USA,"Peterson BMW of Boise, Boise, US",,,,,,,,
C4H - Sao Paulo Yellow,F97,LKSW - Black Extended Merino Leather,,5YM13EC04N9J79545,,9J79545,2MK,,,"Sep 25, 2021",,USA,"Richmond BMW, Richmond, US",,,,,,,,
300 - Alpine White,F97,HDJA - Black/Midrand Beige Two-Tone Merino Leather / Alcantara,,5YM13EC03N9J79570,,9J79570,2MK,,,"Sep 26, 2021",,USA,"Century BMW, Greenville, US",,,,,,,,
A90 - Dark Graphite Metallic,F97,VATQ - BMW Individual Tartufo Extended Merino Leather,,5YM13EC04N9J79643,,9J79643,2MK,,,"Sep 26, 2021",,USA,"Braman BMW/Braman MINI of Miami, Miami, US",,,,,,,,
C1K - Marina Bay Blue Metallic,F97,VATQ - BMW Individual Tartufo Extended Merino Leather,,5YM13EC09N9J79671,,9J79671,2MK,,,"Sep 26, 2021",,USA,"Coggin BMW Treasure Coast, Fort Pierce, US",,,,,,,,
C3G - Toronto Red Metallic,F97,HDJA - Black/Midrand Beige Two-Tone Merino Leather / Alcantara,,5YM13EC01N9J79700,,9J79700,2MK,,,"Sep 26, 2021",,USA,"BMW of Fort Lauderdale, Fort Lauderdale, US",,,,,,,,
C1K - Marina Bay Blue Metallic,F97,LKDA - Sakhir Orange Extended Merino Leather,,5YM13EC06N9J79742,,9J79742,2MK,,,"Sep 27, 2021",,USA,"BMW of Bloomfield, Bloomfield, US",,,,,,,,
C4P - Brooklyn Grey Metallic,F97,LKDA - Sakhir Orange Extended Merino Leather,,5YM13EC01N9J79776,,9J79776,2MK,,,"Sep 27, 2021",,USA,"BMW of Fort Lauderdale, Fort Lauderdale, US",,,,,,,,
C1K - Marina Bay Blue Metallic,F97,LKDA - Sakhir Orange Extended Merino Leather,,5YM13EC06N9J79806,,9J79806,2MK,,,"Sep 27, 2021",,USA,"Autogermana, Inc., Hato Rey, US",,,,,,,,
C1K - Marina Bay Blue Metallic,F97,HDJA - Black/Midrand Beige Two-Tone Merino Leather / Alcantara,,5YM13EC05N9J79845,,9J79845,2MK,,,"Sep 27, 2021",,USA,"BMW of Sarasota, Sarasota, US",,,,,,,,
C1K - Marina Bay Blue Metallic,F97,LKDA - Sakhir Orange Extended Merino Leather,,5YM13EC04N9J79870,,9J79870,2MK,,,"Sep 27, 2021",,USA,"BMW of Warwick, Warwick, US",,,,,,,,
C4P - Brooklyn Grey Metallic,F97,LKDA - Sakhir Orange Extended Merino Leather,,5YM13EC00N9J79896,,9J79896,2MK,,,"Sep 27, 2021",,USA,"Habberstad BMW, Huntington Station, US",,,,,,,,
C4P - Brooklyn Grey Metallic,F97,LKSW - Black Extended Merino Leather,,5YM13EC05N9J81112,,9J81112,2MK,,,"Sep 27, 2021",,USA,"Union Park BMW, Wilmington, US",,,,,,,,
C4P - Brooklyn Grey Metallic,F97,LKSW - Black Extended Merino Leather,,5YM13EC04N9J81134,,9J81134,2MK,,,"Sep 27, 2021",,USA,"BMW Encinitas, Encinitas, US",,,,,,,,
C4P - Brooklyn Grey Metallic,F97,LKSW - Black Extended Merino Leather,,5YM13EC0XN9J81171,,9J81171,2MK,,,"Sep 27, 2021",,USA,"McKenna BMW, Norwalk, US",,,,,,,,
C4P - Brooklyn Grey Metallic,F97,LKSW - Black Extended Merino Leather,,5YM13EC05N9J81191,,9J81191,2MK,,,"Sep 27, 2021",,USA,"South Bay BMW, Torrance, US",,,,,,,,
C4P - Brooklyn Grey Metallic,F97,LKDA - Sakhir Orange Extended Merino Leather,,5YM13EC05N9J81241,,9J81241,2MK,,,"Sep 27, 2021",,USA,"BMW Tucson, Tucson, US",,,,,,,,
C4P - Brooklyn Grey Metallic,F97,HDJA - Black/Midrand Beige Two-Tone Merino Leather / Alcantara,,5YM13EC00N9J81261,,9J81261,2MK,,,"Sep 27, 2021",,USA,"BMW Concord, Concord, US",,,,,,,,
C4P - Brooklyn Grey Metallic,F97,LKHV - Adelaide Grey Extended Merino Leather,,5YM13EC01N9J81284,,9J81284,2MK,,,"Sep 27, 2021",,USA,"BMW Encinitas, Encinitas, US",,,,,,,,
A90 - Dark Graphite Metallic,F97,LKDA - Sakhir Orange Extended Merino Leather,,5YM13EC0XN9J81350,,9J81350,2MK,,,"Sep 27, 2021",,USA,"BMW of Manhasset, Manhasset, US",,,,,,,,
A90 - Dark Graphite Metallic,F97,LKDA - Sakhir Orange Extended Merino Leather,,5YM13EC04N9J81389,,9J81389,2MK,,,"Sep 27, 2021",,USA,"Park Avenue BMW, Rochelle Park, US",,,,,,,,
C4P - Brooklyn Grey Metallic,F97,LKDA - Sakhir Orange Extended Merino Leather,,5YM13EC04N9J81411,,9J81411,2MK,,,"Sep 27, 2021",,USA,"BMW of Mountain View, Mountain View, US",,,,,,,,
C4P - Brooklyn Grey Metallic,F97,VATQ - BMW Individual Tartufo Extended Merino Leather,,5YM13EC07N9J81452,,9J81452,2MK,,,"Sep 28, 2021",,USA,"Habberstad BMW, Huntington Station, US",,,,,,,,
C4P - Brooklyn Grey Metallic,F97,LKSW - Black Extended Merino Leather,,5YM13EC06N9J81474,,9J81474,2MK,,,"Sep 28, 2021",,USA,"Bill Jacobs BMW/MINI, Naperville, US",,,,,,,,
C4P - Brooklyn Grey Metallic,F97,LKDA - Sakhir Orange Extended Merino Leather,,5YM13EC07N9J81502,,9J81502,2MK,,,"Sep 28, 2021",,USA,"BMW of Fort Lauderdale, Fort Lauderdale, US",,,,,,,,
300 - Alpine White,F97,MAH7 - Black Vernasca Leather,,5YM13EC06N9J81586,,9J81586,2MK,,,"Sep 28, 2021",,USA,"BMW of Buena Park, Buena Park, US",,,,,,,,
C4P - Brooklyn Grey Metallic,F97,LKDA - Sakhir Orange Extended Merino Leather,,5YM13EC08N9J81668,,9J81668,2MK,,,"Sep 28, 2021",,USA,"Galleria BMW, D'Iberville, US",,,,,,,,
A90 - Dark Graphite Metallic,F97,LKHV - Adelaide Grey Extended Merino Leather,,5YM13EC00N9J81762,,9J81762,2MK,,,"Sep 28, 2021",,USA,"Sandia BMW/MINI, Albuquerque, US",,,,,,,,
C1K - Marina Bay Blue Metallic,F97,VATQ - BMW Individual Tartufo Extended Merino Leather,,5YM13EC0XN9J81798,,9J81798,2MK,,,"Sep 28, 2021",,USA,"BMW of Alexandria, Alexandria, US",,,,,,,,
475 - Black Sapphire Metallic,F97,MAH7 - Black Vernasca Leather,,5YM13EC00N9J81860,,9J81860,2MK,,,"Sep 28, 2021",,USA,"BMW of Plano, Plano, US",,,,,,,,
C4P - Brooklyn Grey Metallic,F97,LKSW - Black Extended Merino Leather,,5YM13EC09N9J81968,,9J81968,2MK,,,"Sep 28, 2021",,USA,"Weatherford BMW, Berkeley, US",,,,,,,,
475 - Black Sapphire Metallic,F97,LKSW - Black Extended Merino Leather,,5YM13EC01N9J82029,,9J82029,2MK,,,"Sep 28, 2021",,USA,"Bill Jacobs BMW/MINI, Naperville, US",,,,,,,,
475 - Black Sapphire Metallic,F97,MAH7 - Black Vernasca Leather,,5YM13EC06N9J82074,,9J82074,2MK,,,"Sep 29, 2021",,USA,"Weatherford BMW, Berkeley, US",,,,,,,,
475 - Black Sapphire Metallic,F97,MAH7 - Black Vernasca Leather,,5YM13EC05N9J82101,,9J82101,2MK,,,"Sep 29, 2021",,USA,"Baron BMW/MINI, Merriam, US",,,,,,,,
475 - Black Sapphire Metallic,F97,LKDA - Sakhir Orange Extended Merino Leather,,5YM13EC06N9J82138,,9J82138,2MK,,,"Sep 29, 2021",,USA,"BMW of Bloomfield, Bloomfield, US",,,,,,,,
416 - Carbon Black Metallic,F97,LKSW - Black Extended Merino Leather,,5YM13EC04N9J85183,,9J85183,2MK,,,"Sep 29, 2021",,USA,"BMW of Cape Cod, Hyannis, US",,,,,,,,
475 - Black Sapphire Metallic,F97,LKDA - Sakhir Orange Extended Merino Leather,,5YM13EC06N9J85654,,9J85654,2MK,,,"Sep 30, 2021",,USA,"AUTOTORINO SPA, PORDENONE, IT",,,,,,,,
475 - Black Sapphire Metallic,F97,LKDA - Sakhir Orange Extended Merino Leather,,5YM13EC05N9J85810,,9J85810,2MK,,,"Sep 30, 2021",,USA,"BMW of Huntsville, Huntsville, US",,,,,,,,
475 - Black Sapphire Metallic,F97,LKSW - Black Extended Merino Leather,,5YM13EC08N9J85977,,9J85977,2MK,,,"Sep 30, 2021",,USA,"Orange County BMW, Harriman, US",,,,,,,,
A90 - Dark Graphite Metallic,F97,LKDA - Sakhir Orange Extended Merino Leather,,5YM13EC09N9J86328,,9J86328,2MK,,,"Oct 1, 2021",,USA,"BMW of Rockville, Rockville, US",,,,,,,,
300 - Alpine White,F97,LKDA - Sakhir Orange Extended Merino Leather,,5YM13EC03N9J86499,,9J86499,2MK,,,"Oct 1, 2021",,USA,"Sandia BMW/MINI, Albuquerque, US",,,,,,,,
C4P - Brooklyn Grey Metallic,F97,LKDA - Sakhir Orange Extended Merino Leather,,5YM13EC08N9J86577,,9J86577,2MK,,,"Oct 1, 2021",,USA,"BMW of Ontario, Ontario, US",,,,,,,,
C4P - Brooklyn Grey Metallic,F97,LKDA - Sakhir Orange Extended Merino Leather,,5YM13EC06N9J86657,,9J86657,2MK,,,"Oct 1, 2021",,USA,"BMW of Freehold, Freehold, US",,,,,,,,
C4P - Brooklyn Grey Metallic,F97,LKDA - Sakhir Orange Extended Merino Leather,,5YM13EC01N9J89207,,9J89207,2MK,,,"Oct 4, 2021",,USA,"BMW of Lafayette, Lafayette, US",,,,,,,,
C4P - Brooklyn Grey Metallic,F97,LKDA - Sakhir Orange Extended Merino Leather,,5YM13EC01N9J89241,,9J89241,2MK,,,"Oct 4, 2021",,USA,"Crevier BMW, Santa Ana, US",,,,,,,,
C4P - Brooklyn Grey Metallic,F97,LKSW - Black Extended Merino Leather,,5YM13EC07N9J89342,,9J89342,2MK,,,"Oct 4, 2021",,USA,"Isringhausen Imports, Springfield, US",,,,,,,,
C1K - Marina Bay Blue Metallic,F97,LKSW - Black Extended Merino Leather,,5YM13EC04N9J89427,,9J89427,2MK,,,"Oct 4, 2021",,USA,"BMW of Buena Park, Buena Park, US",,,,,,,,
C4P - Brooklyn Grey Metallic,F97,LKDA - Sakhir Orange Extended Merino Leather,,5YM13EC05N9J89470,,9J89470,2MK,,,"Oct 4, 2021",,USA,"BMW of North Haven, North Haven, US",,,,,,,,
A90 - Dark Graphite Metallic,F97,LKDA - Sakhir Orange Extended Merino Leather,,5YM13EC09N9J89505,,9J89505,2MK,,,"Oct 4, 2021",,USA,"Park Place BMW, Rochester, US",,,,,,,,
C4P - Brooklyn Grey Metallic,F97,LKDA - Sakhir Orange Extended Merino Leather,,5YM13EC00N9J89585,,9J89585,2MK,,,"Oct 4, 2021",,USA,"BMW of Ramsey, Ramsey, US",,,,,,,,
C4P - Brooklyn Grey Metallic,F97,LKSW - Black Extended Merino Leather,,5YM13EC01N9J89630,,9J89630,2MK,,,"Oct 4, 2021",,USA,"The BMW Store/Cincinnati MINI, Cincinnati, US",,,,,,,,
C1K - Marina Bay Blue Metallic,F97,HDJA - Black/Midrand Beige Two-Tone Merino Leather / Alcantara,,5YM13EC07N9J89664,,9J89664,2MK,,,"Oct 4, 2021",,USA,"BMW of Turnersville, Turnersville, US",,,,,,,,
C4P - Brooklyn Grey Metallic,F97,LKDA - Sakhir Orange Extended Merino Leather,,5YM13EC0XN9J89741,,9J89741,2MK,,,"Oct 5, 2021",,USA,"Park Avenue BMW, Rochelle Park, US",,,,,,,,
C1K - Marina Bay Blue Metallic,F97,HDJA - Black/Midrand Beige Two-Tone Merino Leather / Alcantara,,5YM13EC07N9J89793,,9J89793,2MK,,,"Oct 5, 2021",,USA,"BMW of Wichita, Wichita, US",,,,,,,,
C1K - Marina Bay Blue Metallic,F97,LKDA - Sakhir Orange Extended Merino Leather,,5YM13EC05N9J89839,,9J89839,2MK,,,"Oct 5, 2021",,USA,"BMW of Alexandria, Alexandria, US",,,,,,,,
C4P - Brooklyn Grey Metallic,F97,LKDA - Sakhir Orange Extended Merino Leather,,5YM13EC03N9J90827,,9J90827,2MK,,,"Oct 5, 2021",,USA,"Fields BMW, Winter Park, US",,,,,,,,
C1K - Marina Bay Blue Metallic,F97,HDJA - Black/Midrand Beige Two-Tone Merino Leather / Alcantara,,5YM13EC06N9J90904,,9J90904,2MK,,,"Oct 5, 2021",,USA,"Dreyer & Reinbold BMW/MINI, Indianapolis, US",,,,,,,,
C4P - Brooklyn Grey Metallic,F97,LKDA - Sakhir Orange Extended Merino Leather,,5YM13EC08N9J91018,,9J91018,2MK,,,"Oct 5, 2021",,USA,"BMW of Fort Myers, Fort Myers, US",,,,,,,,
475 - Black Sapphire Metallic,F97,LKSW - Black Extended Merino Leather,,5YM13EC0XN9J91103,,9J91103,2MK,,,"Oct 5, 2021",,USA,"Momentum BMW/MINI, Houston, US",,,,,,,,
C4P - Brooklyn Grey Metallic,F97,LKDA - Sakhir Orange Extended Merino Leather,,5YM13EC00N9J91157,,9J91157,2MK,,,"Oct 5, 2021",,USA,"BMW of Southpoint, Durham, US",,,,,,,,
C4P - Brooklyn Grey Metallic,F97,LKDA - Sakhir Orange Extended Merino Leather,,5YM13EC01N9J91247,,9J91247,2MK,,,"Oct 5, 2021",,USA,"Braman BMW/Braman MINI of Miami, Miami, US",,,,,,,,
C1K - Marina Bay Blue Metallic,F97,LKSW - Black Extended Merino Leather,,5YM13EC07N9J91348,,9J91348,2MK,,,"Oct 6, 2021",,USA,"BMW of Fort Lauderdale, Fort Lauderdale, US",,,,,,,,
C4P - Brooklyn Grey Metallic,F97,LKSW - Black Extended Merino Leather,,5YM13EC00N9J91384,,9J91384,2MK,,,"Oct 6, 2021",,USA,"Crevier BMW, Santa Ana, US",,,,,,,,
C4P - Brooklyn Grey Metallic,F97,LKSW - Black Extended Merino Leather,,5YM13EC02N9J91435,,9J91435,2MK,,,"Oct 6, 2021",,USA,"BMW Encinitas, Encinitas, US",,,,,,,,
C1K - Marina Bay Blue Metallic,F97,LKSW - Black Extended Merino Leather,,5YM13EC06N9J91468,,9J91468,2MK,,,"Oct 6, 2021",,USA,"BMW of Morristown, Morristown, US",,,,,,,,
C4H - Sao Paulo Yellow,F97,MAH7 - Black Vernasca Leather,,5YM13EC00N9J94351,,9J94351,2MK,,,"Oct 6, 2021",,USA,"South Bay BMW, Torrance, US",,,,,,,,
C1K - Marina Bay Blue Metallic,F97,LKDA - Sakhir Orange Extended Merino Leather,,5YM13EC03N9J94425,,9J94425,2MK,,,"Oct 6, 2021",,USA,"BMW of Manhattan, New York, US",,,,,,,,
C1K - Marina Bay Blue Metallic,F97,LKHV - Adelaide Grey Extended Merino Leather,,5YM13EC08N9J94503,,9J94503,2MK,,,"Oct 6, 2021",,USA,"BMW of Southpoint, Durham, US",,,,,,,,
C1K - Marina Bay Blue Metallic,F97,HDJA - Black/Midrand Beige Two-Tone Merino Leather / Alcantara,,5YM13EC08N9J94579,,9J94579,2MK,,,"Oct 6, 2021",,USA,"BMW of Silver Spring, Silver Spring, US",,,,,,,,
300 - Alpine White,F97,LKSW - Black Extended Merino Leather,,5YM13EC08N9J94713,,9J94713,2MK,,,"Oct 6, 2021",,USA,"BMW of South Austin, Austin, US",,,,,,,,
A04 - Urban Green,F97,LKSW - Black Extended Merino Leather,,5YM13EC05N9J94815,,9J94815,2MK,,,"Oct 7, 2021",,USA,"BMW of Riverside, Riverside, US",,,,,,,,
300 - Alpine White,F97,MAH7 - Black Vernasca Leather,,5YM13EC03N9J94991,,9J94991,2MK,,,"Oct 7, 2021",,USA,"Fields BMW, Winter Park, US",,,,,,,,
475 - Black Sapphire Metallic,F97,LKDA - Sakhir Orange Extended Merino Leather,,5YM13EC09N9J95031,,9J95031,2MK,,,"Oct 7, 2021",,USA,"BMW of Doylestown, Doylestown, US",,,,,,,,
475 - Black Sapphire Metallic,F97,LKSW - Black Extended Merino Leather,,5YM13EC02N9J95081,,9J95081,2MK,,,"Oct 7, 2021",,USA,"BMW of Manhattan, New York, US",,,,,,,,
C4H - Sao Paulo Yellow,F97,LKSW - Black Extended Merino Leather,,5YM13EC02N9J95114,,9J95114,2MK,,,"Oct 7, 2021",,USA,"BMW of El Paso, El Paso, US",,,,,,,,
300 - Alpine White,F97,LKDA - Sakhir Orange Extended Merino Leather,,5YM13EC01N9J95153,,9J95153,2MK,,,"Oct 7, 2021",,USA,"BMW of Tri-Cities, Richland, US",,,,,,,,
A90 - Dark Graphite Metallic,F97,LKSW - Black Extended Merino Leather,,5YM13EC09N9J95191,,9J95191,2MK,,,"Oct 7, 2021",,USA,"Peterson BMW of Boise, Boise, US",,,,,,,,
A90 - Dark Graphite Metallic,F97,LKDA - Sakhir Orange Extended Merino Leather,,5YM13EC09N9J95241,,9J95241,2MK,,,"Oct 7, 2021",,USA,"BMW of Okemos, Okemos, US",,,,,,,,
475 - Black Sapphire Metallic,F97,LKDA - Sakhir Orange Extended Merino Leather,,5YM13EC00N9J95273,,9J95273,2MK,,,"Oct 7, 2021",,USA,"BMW of Springfield, Springfield, US",,,,,,,,
C4P - Brooklyn Grey Metallic,F97,LKSW - Black Extended Merino Leather,,5YM13EC00N9J95354,,9J95354,2MK,,,"Oct 7, 2021",,USA,"BMW of Brooklyn, Brooklyn, US",,,,,,,,
C4P - Brooklyn Grey Metallic,F97,LKDA - Sakhir Orange Extended Merino Leather,,5YM13EC00N9J95404,,9J95404,2MK,,,"Oct 7, 2021",,USA,"BMW of Morristown, Morristown, US",,,,,,,,
C4H - Sao Paulo Yellow,F97,LKSW - Black Extended Merino Leather,,5YM13EC02N9J95436,,9J95436,2MK,,,"Oct 7, 2021",,USA,"BMW of West Houston, Houston, US",,,,,,,,
C4P - Brooklyn Grey Metallic,F97,LKSW - Black Extended Merino Leather,,5YM13EC00N9J95483,,9J95483,2MK,,,"Oct 7, 2021",,USA,"Peterson BMW of Boise, Boise, US",,,,,,,,
475 - Black Sapphire Metallic,F97,LKDA - Sakhir Orange Extended Merino Leather,,5YM13EC08N9J95618,,9J95618,2MK,,,"Oct 8, 2021",,USA,"BMW of Doylestown, Doylestown, US",,,,,,,,
C1K - Marina Bay Blue Metallic,F97,VATQ - BMW Individual Tartufo Extended Merino Leather,,5YM13EC08N9J95652,,9J95652,2MK,,,"Oct 8, 2021",,USA,"Keeler BMW, Latham, US",,,,,,,,
416 - Carbon Black Metallic,F97,LKDA - Sakhir Orange Extended Merino Leather,,5YM13EC07N9J96730,,9J96730,2MK,,,"Nov 9, 2021",,USA,"BMW of Okemos, Okemos, US",,,,,,,,
P5T - Frozen Marina Bay Blue Metallic Matte,F97,LKSW - Black Extended Merino Leather,,5YM13EC09N9J97636,,9J97636,2MK,,,"Oct 8, 2021",,USA,"BMW of Honolulu, Honolulu, US",,,,,,,,
U91 - Frozen Black Metallic,F97,LKDA - Sakhir Orange Extended Merino Leather,,5YM13EC02N9J97820,,9J97820,2MK,,,"Oct 8, 2021",,USA,"BMW of Riverside, Riverside, US",,,,,,,,
P7X - Frozen Deep Grey Metallic,F97,LKDA - Sakhir Orange Extended Merino Leather,,5YM13EC03N9J98149,,9J98149,2MK,,,"Oct 9, 2021",,USA,"BMW Seattle, Seattle, US",,,,,,,,
C4H - Sao Paulo Yellow,F97,LKSW - Black Extended Merino Leather,,5YM13EC08N9K01336,,9K01336,2MK,,,"Oct 11, 2021",,USA,"BMW of Dallas/MINI of Dallas, Dallas, US",,,,,,,,
C4P - Brooklyn Grey Metallic,F97,LKDA - Sakhir Orange Extended Merino Leather,,5YM13EC09N9K01524,,9K01524,2MK,,,"Oct 12, 2021",,USA,"Moses BMW, St. Albans, US",,,,,,,,
300 - Alpine White,F97,LKDA - Sakhir Orange Extended Merino Leather,,5YM13EC05N9K01570,,9K01570,2MK,,,"Oct 12, 2021",,USA,"BMW of Columbus, Columbus, US",,,,,,,,
C1K - Marina Bay Blue Metallic,F97,VATQ - BMW Individual Tartufo Extended Merino Leather,,5YM13EC08N9K01630,,9K01630,2MK,,,"Oct 12, 2021",,USA,"United BMW, Alpharetta, US",,,,,,,,
475 - Black Sapphire Metallic,F97,LKSW - Black Extended Merino Leather,,5YM13EC06N9K01738,,9K01738,2MK,,,"Oct 12, 2021",,USA,"BMW of Mountain View, Mountain View, US",,,,,,,,
C4P - Brooklyn Grey Metallic,F97,LKDA - Sakhir Orange Extended Merino Leather,,5YM13EC00N9K01752,,9K01752,2MK,,,"Oct 12, 2021",,USA,"BMW of Louisville, Louisville, US",,,,,,,,
C4P - Brooklyn Grey Metallic,F97,LKDA - Sakhir Orange Extended Merino Leather,,5YM13EC04N9K01804,,9K01804,2MK,,,"Oct 12, 2021",,USA,"Vista BMW, Coconut Creek, US",,,,,,,,
C4P - Brooklyn Grey Metallic,F97,LKDA - Sakhir Orange Extended Merino Leather,,5YM13EC06N9K01898,,9K01898,2MK,,,"Oct 12, 2021",,USA,"BMW of Manhasset, Manhasset, US",,,,,,,,
C4P - Brooklyn Grey Metallic,F97,LKDA - Sakhir Orange Extended Merino Leather,,5YM13EC07N9K01926,,9K01926,2MK,,,"Oct 12, 2021",,USA,"Peter Pan BMW, Burlingame, US",,,,,,,,
C4P - Brooklyn Grey Metallic,F97,LKDA - Sakhir Orange Extended Merino Leather,,5YM13EC06N9K01934,,9K01934,2MK,,,"Oct 12, 2021",,USA,"Century West BMW, North Hollywood, US",,,,,,,,
C1K - Marina Bay Blue Metallic,F97,LKSW - Black Extended Merino Leather,,5YM13EC06N9K01948,,9K01948,2MK,,,"Oct 12, 2021",,USA,"BMW of Rockville, Rockville, US",,,,,,,,
C4P - Brooklyn Grey Metallic,F97,VATQ - BMW Individual Tartufo Extended Merino Leather,,5YM13EC00N9K02173,,9K02173,2MK,,,"Oct 13, 2021",,USA,"Ferman BMW/Ferman MINI of Tampa Bay, Palm Harbor, US",,,,,,,,
475 - Black Sapphire Metallic,F97,LKSW - Black Extended Merino Leather,,5YM13EC09N9K02253,,9K02253,2MK,,,"Oct 13, 2021",,USA,"Policaro BMW, Brampton, CA",,,,,,,,
A90 - Dark Graphite Metallic,F97,HDJA - Black/Midrand Beige Two-Tone Merino Leather / Alcantara,,5YM13EC04N9K02483,,9K02483,2MK,,,"Oct 13, 2021",,USA,"Santa Monica BMW, Santa Monica, US",,,,,,,,
416 - Carbon Black Metallic,F97,LKSW - Black Extended Merino Leather,,5YM13EC0XN9K02522,,9K02522,2MK,,,"Oct 13, 2021",,USA,"Plaza Motor Company, Creve Coeur, US",,,,,,,,
475 - Black Sapphire Metallic,F97,LKSW - Black Extended Merino Leather,,5YM13EC0XN9K02567,,9K02567,2MK,,,"Oct 13, 2021",,USA,"Schomp BMW of Highlands Ranch, Highlands Ranch, US",,,,,,,,
C4P - Brooklyn Grey Metallic,F97,HDJA - Black/Midrand Beige Two-Tone Merino Leather / Alcantara,,5YM13EC07N9K02610,,9K02610,2MK,,,"Oct 13, 2021",,USA,"Braman BMW/Braman MINI of Miami, Miami, US",,,,,,,,
C4P - Brooklyn Grey Metallic,F97,HDJA - Black/Midrand Beige Two-Tone Merino Leather / Alcantara,,5YM13EC0XN9K02648,,9K02648,2MK,,,"Oct 13, 2021",,USA,"BMW Nanaimo, Nanaimo, CA",,,,,,,,
C4P - Brooklyn Grey Metallic,F97,LKHV - Adelaide Grey Extended Merino Leather,,5YM13EC02N9K02692,,9K02692,2MK,,,"Oct 13, 2021",,USA,"BMW of Catonsville, Baltimore, US",,,,,,,,
416 - Carbon Black Metallic,F97,LKSW - Black Extended Merino Leather,,5YM13EC03N9K02734,,9K02734,2MK,,,"Oct 13, 2021",,USA,"BMW of Monrovia, Monrovia, US",,,,,,,,
C1K - Marina Bay Blue Metallic,F97,HDJA - Black/Midrand Beige Two-Tone Merino Leather / Alcantara,,5YM13EC02N9K02773,,9K02773,2MK,,,"Oct 13, 2021",,USA,"Fields BMW - Lakeland, Lakeland, US",,,,,,,,
475 - Black Sapphire Metallic,F97,HDJA - Black/Midrand Beige Two-Tone Merino Leather / Alcantara,,5YM13EC04N9K02810,,9K02810,2MK,,,"Oct 13, 2021",,USA,"BMW Nanaimo, Nanaimo, CA",,,,,,,,
C4P - Brooklyn Grey Metallic,F97,LKDA - Sakhir Orange Extended Merino Leather,,5YM13EC05N9K02847,,9K02847,2MK,,,"Oct 14, 2021",,USA,"Braman Motorcars/Braman MINI of Pal, West Palm Beach, US",,,,,,,,
475 - Black Sapphire Metallic,F97,HDJA - Black/Midrand Beige Two-Tone Merino Leather / Alcantara,,5YM13EC03N9K02975,,9K02975,2MK,,,"Oct 14, 2021",,USA,"BMW of West Houston, Houston, US",,,,,,,,
C3G - Toronto Red Metallic,F97,LKHV - Adelaide Grey Extended Merino Leather,,5YM13EC02N9K05530,,9K05530,2MK,,,"Oct 14, 2021",,USA,"Atlanta Auto Auction/Manheim Greer, Red Oak, US",,,,,,,,
300 - Alpine White,F97,LKDA - Sakhir Orange Extended Merino Leather,,5YM13EC09N9K06920,,9K06920,2MK,,,"Oct 15, 2021",,USA,"BMW of Silver Spring, Silver Spring, US",,,,,,,,
300 - Alpine White,F97,LKSW - Black Extended Merino Leather,,5YM13EC0XN9K06960,,9K06960,2MK,,,"Oct 15, 2021",,USA,"Baron BMW/MINI, Merriam, US",,,,,,,,
C1K - Marina Bay Blue Metallic,F97,VATQ - BMW Individual Tartufo Extended Merino Leather,,5YM13EC03N9K07013,,9K07013,2MK,,,"Oct 15, 2021",,USA,"Karl Knauz Motors, Lake Bluff, US",,,,,,,,
U91 - Frozen Black Metallic,F97,LKDA - Sakhir Orange Extended Merino Leather,,5YM13EC00N9K07065,,9K07065,2MK,,,"Oct 15, 2021",,USA,"Schomp BMW of Highlands Ranch, Highlands Ranch, US",,,,,,,,
C1K - Marina Bay Blue Metallic,F97,HDJA - Black/Midrand Beige Two-Tone Merino Leather / Alcantara,,5YM13EC05N9K07093,,9K07093,2MK,,,"Oct 15, 2021",,USA,"Taylor BMW, Evans, US",,,,,,,,
C1K - Marina Bay Blue Metallic,F97,HDJA - Black/Midrand Beige Two-Tone Merino Leather / Alcantara,,5YM13EC07N9K07127,,9K07127,2MK,,,"Oct 15, 2021",,USA,"Open Road BMW, Edison, US",,,,,,,,
300 - Alpine White,F97,LKDA - Sakhir Orange Extended Merino Leather,,5YM13EC01N9K07172,,9K07172,2MK,,,"Oct 15, 2021",,USA,"Baron BMW/MINI, Merriam, US",,,,,,,,
C4P - Brooklyn Grey Metallic,F97,LKSW - Black Extended Merino Leather,,5YM13EC07N9K07208,,9K07208,2MK,,,"Oct 15, 2021",,USA,"BMW of Arlington, Arlington, US",,,,,,,,
475 - Black Sapphire Metallic,F97,LKDA - Sakhir Orange Extended Merino Leather,,5YM13EC05N9K07255,,9K07255,2MK,,,"Oct 15, 2021",,USA,"BMW of Riverside, Riverside, US",,,,,,,,
475 - Black Sapphire Metallic,F97,LKSW - Black Extended Merino Leather,,5YM13EC07N9K07287,,9K07287,2MK,,,"Oct 15, 2021",,USA,"Perillo BMW, Inc., Chicago, US",,,,,,,,
C1K - Marina Bay Blue Metallic,F97,LKSW - Black Extended Merino Leather,,5YM13EC0XN9K07333,,9K07333,2MK,,,"Oct 15, 2021",,USA,"Moses BMW, St. Albans, US",,,,,,,,
475 - Black Sapphire Metallic,F97,LKSW - Black Extended Merino Leather,,5YM13EC05N9K07370,,9K07370,2MK,,,"Oct 15, 2021",,USA,"BMW Fresno, Fresno, US",,,,,,,,
C4H - Sao Paulo Yellow,F97,LKHV - Adelaide Grey Extended Merino Leather,,5YM13EC09N9K07453,,9K07453,2MK,,,"Oct 16, 2021",,USA,"BMW of Reading, Reading, US",,,,,,,,
P6M - Grigio Telesto Pearl Effect Metallic,F97,LKSW - Black Extended Merino Leather,,5YM13EC03N9K07500,,9K07500,2MK,,,"Oct 16, 2021",,USA,"McKenna BMW, Norwalk, US",,,,,,,,
A90 - Dark Graphite Metallic,F97,VATQ - BMW Individual Tartufo Extended Merino Leather,,5YM13EC08N9K07539,,9K07539,2MK,,,"Oct 17, 2021",,USA,"Century West BMW, North Hollywood, US",,,,,,,,
416 - Carbon Black Metallic,F97,VATQ - BMW Individual Tartufo Extended Merino Leather,,5YM13EC07N9K07600,,9K07600,2MK,,,"Oct 17, 2021",,USA,"BMW of Annapolis, Annapolis, US",,,,,,,,
C1K - Marina Bay Blue Metallic,F97,LKSW - Black Extended Merino Leather,,5YM13EC01N9K07639,,9K07639,2MK,,,"Oct 17, 2021",,USA,"BMW of Columbia, Columbia, US",,,,,,,,
C3G - Toronto Red Metallic,F97,LKSW - Black Extended Merino Leather,,5YM13EC05N9K07689,,9K07689,2MK,,,"Oct 18, 2021",,USA,"Valley BMW, Modesto, US",,,,,,,,
C1K - Marina Bay Blue Metallic,F97,LKHV - Adelaide Grey Extended Merino Leather,,5YM13EC05N9K07725,,9K07725,2MK,,,"Oct 18, 2021",,USA,"BMW of Rochester Hills, Shelby Township, US",,,,,,,,
A90 - Dark Graphite Metallic,F97,MAH7 - Black Vernasca Leather,,5YM13EC05N9K07773,,9K07773,2MK,,,"Oct 18, 2021",,USA,"Sewickley BMW, Sewickley, US",,,,,,,,
C4P - Brooklyn Grey Metallic,F97,LKSW - Black Extended Merino Leather,,5YM13EC00N9K07809,,9K07809,2MK,,,"Oct 18, 2021",,USA,"BMW Concord, Concord, US",,,,,,,,
205 - Malachite Green Metallic,F97,LKDA - Sakhir Orange Extended Merino Leather,,5YM13EC05N9K07854,,9K07854,2MK,,,"Oct 18, 2021",,USA,"BMW Performance Center (SC), Greer, US",,,,,,,,
A90 - Dark Graphite Metallic,F97,LKSW - Black Extended Merino Leather,,5YM13EC09N9K07890,,9K07890,2MK,,,"Oct 18, 2021",,USA,"Niello BMW Sacramento, Sacramento, US",,,,,,,,
C3G - Toronto Red Metallic,F97,LKSW - Black Extended Merino Leather,,5YM13EC02N9K07939,,9K07939,2MK,,,"Oct 18, 2021",,USA,"BMW of Fort Walton Beach, Fort Walton Beach, US",,,,,,,,
C4H - Sao Paulo Yellow,F97,LKSW - Black Extended Merino Leather,,5YM13EC02N9K07973,,9K07973,2MK,,,"Oct 18, 2021",,USA,"BMW of Monrovia, Monrovia, US",,,,,,,,
C3G - Toronto Red Metallic,F97,LKHV - Adelaide Grey Extended Merino Leather,,5YM13EC05N9K08020,,9K08020,2MK,,,"Oct 18, 2021",,USA,"BMW of Kansas City South, Kansas CIty, US",,,,,,,,
416 - Carbon Black Metallic,F97,LKDA - Sakhir Orange Extended Merino Leather,,5YM13EC00N9K08054,,9K08054,2MK,,,"Oct 18, 2021",,USA,"BMW of Ramsey, Ramsey, US",,,,,,,,
C1K - Marina Bay Blue Metallic,F97,LKHV - Adelaide Grey Extended Merino Leather,,5YM13EC05N9K08101,,9K08101,2MK,,,"Oct 18, 2021",,USA,"BMW of Pharr, Pharr, US",,,,,,,,
C4P - Brooklyn Grey Metallic,F97,LKSW - Black Extended Merino Leather,,5YM13EC07N9K08147,,9K08147,2MK,,,"Oct 18, 2021",,USA,"BMW of Loveland, Loveland, US",,,,,,,,
C1K - Marina Bay Blue Metallic,F97,LKSW - Black Extended Merino Leather,,5YM13EC05N9K08180,,9K08180,2MK,,,"Oct 18, 2021",,USA,"I. G. Burton BMW, Milford, US",,,,,,,,
C4P - Brooklyn Grey Metallic,F97,LKSW - Black Extended Merino Leather,,5YM13EC03N9K08226,,9K08226,2MK,,,"Oct 18, 2021",,USA,"BMW Portland, Portland, US",,,,,,,,
C1K - Marina Bay Blue Metallic,F97,LKSW - Black Extended Merino Leather,,5YM13EC00N9K09379,,9K09379,2MK,,,"Oct 19, 2021",,USA,"Paul Miller BMW, Wayne, US",,,,,,,,
475 - Black Sapphire Metallic,F97,LKDA - Sakhir Orange Extended Merino Leather,,5YM13EC0XN9K09776,,9K09776,2MK,,,"Oct 19, 2021",,USA,"Century West BMW, North Hollywood, US",,,,,,,,
C1K - Marina Bay Blue Metallic,F97,LKSW - Black Extended Merino Leather,,5YM13EC08N9K09811,,9K09811,2MK,,,"Oct 19, 2021",,USA,"BMW of Schererville, Schererville, US",,,,,,,,
C1K - Marina Bay Blue Metallic,F97,LKSW - Black Extended Merino Leather,,5YM13EC03N9K11322,,9K11322,2MK,,,"Oct 19, 2021",,USA,"BMW of Southpoint, Durham, US",,,,,,,,
A90 - Dark Graphite Metallic,F97,LKSW - Black Extended Merino Leather,,5YM13EC03N9K11353,,9K11353,2MK,,,"Oct 19, 2021",,USA,"Valencia BMW, Valencia, US",,,,,,,,
C1K - Marina Bay Blue Metallic,F97,LKHV - Adelaide Grey Extended Merino Leather,,5YM13EC06N9K11427,,9K11427,2MK,,,"Oct 19, 2021",,USA,"BMW of San Diego, San Diego, US",,,,,,,,
A90 - Dark Graphite Metallic,F97,MAH7 - Black Vernasca Leather,,5YM13EC07N9K11470,,9K11470,2MK,,,"Oct 20, 2021",,USA,"Beverly Hills BMW, Los Angeles, US",,,,,,,,
475 - Black Sapphire Metallic,F97,HDJA - Black/Midrand Beige Two-Tone Merino Leather / Alcantara,,5YM13EC00N9K11679,,9K11679,2MK,,,"Oct 20, 2021",,USA,"BMW of Westchester, White Plains, US",,,,,,,,
C4P - Brooklyn Grey Metallic,F97,LKDA - Sakhir Orange Extended Merino Leather,,5YM13EC08N9K11719,,9K11719,2MK,,,"Oct 20, 2021",,USA,"BMW of San Diego, San Diego, US",,,,,,,,
C1K - Marina Bay Blue Metallic,F97,LKSW - Black Extended Merino Leather,,5YM13EC08N9K11848,,9K11848,2MK,,,"Oct 20, 2021",,USA,"Tom Bush BMW Jacksonville, Jacksonville, US",,,,,,,,
C1K - Marina Bay Blue Metallic,F97,LKSW - Black Extended Merino Leather,,5YM13EC0XN9K12189,,9K12189,2MK,,,"Oct 21, 2021",,USA,"BMW of Gwinnett Place, Duluth, US",,,,,,,,
C4P - Brooklyn Grey Metallic,F97,LKDA - Sakhir Orange Extended Merino Leather,,5YM13EC02N9K12221,,9K12221,2MK,,,"Oct 21, 2021",,USA,"BMW of Freehold, Freehold, US",,,,,,,,
416 - Carbon Black Metallic,F97,HDJA - Black/Midrand Beige Two-Tone Merino Leather / Alcantara,,5YM13EC04N9K12298,,9K12298,2MK,,,"Oct 21, 2021",,USA,"BMW of Buena Park, Buena Park, US",,,,,,,,
416 - Carbon Black Metallic,F97,HDJA - Black/Midrand Beige Two-Tone Merino Leather / Alcantara,,5YM13EC03N9K12602,,9K12602,2MK,,,"Oct 21, 2021",,USA,"New Country BMW, Hartford, US",,,,,,,,
C4P - Brooklyn Grey Metallic,F97,LKDA - Sakhir Orange Extended Merino Leather,,5YM13EC07N9K14126,,9K14126,2MK,,,"Oct 21, 2021",,USA,"BMW Levis, Levis, CA",,,,,,,,
P6K - Nardo Gray,F97,LKSW - Black Extended Merino Leather,,5YM13EC00N9K14162,,9K14162,2MK,,,"Oct 21, 2021",,USA,"BMW of Riverside, Riverside, US",,,,,,,,
C4P - Brooklyn Grey Metallic,F97,LKDA - Sakhir Orange Extended Merino Leather,,5YM13EC04N9K14214,,9K14214,2MK,,,"Oct 21, 2021",,USA,"BMW Ville de Quebec, Quebec City, CA",,,,,,,,
C4P - Brooklyn Grey Metallic,F97,LKDA - Sakhir Orange Extended Merino Leather,,5YM13EC02N9K14292,,9K14292,2MK,,,"Oct 22, 2021",,USA,"BMW Montreal Centre, Montreal, CA",,,,,,,,
C4P - Brooklyn Grey Metallic,F97,LKSW - Black Extended Merino Leather,,5YM13EC07N9K14367,,9K14367,2MK,,,"Oct 22, 2021",,USA,"Trois-Rivieres BMW, Trois Rivieres, CA",,,,,,,,
C4P - Brooklyn Grey Metallic,F97,LKDA - Sakhir Orange Extended Merino Leather,,5YM13EC04N9K14441,,9K14441,2MK,,,"Oct 22, 2021",,USA,"BMW Toronto, Toronto, CA",,,,,,,,
C4P - Brooklyn Grey Metallic,F97,LKDA - Sakhir Orange Extended Merino Leather,,5YM13EC00N9K14503,,9K14503,2MK,,,"Oct 22, 2021",,USA,"BMW Levis, Levis, CA",,,,,,,,
C4P - Brooklyn Grey Metallic,F97,LKDA - Sakhir Orange Extended Merino Leather,,5YM13EC07N9K14546,,9K14546,2MK,,,"Oct 22, 2021",,USA,"Braman BMW/Braman MINI of Miami, Miami, US",,,,,,,,
C4P - Brooklyn Grey Metallic,F97,VATQ - BMW Individual Tartufo Extended Merino Leather,,5YM13EC07N9K14594,,9K14594,2MK,,,"Oct 22, 2021",,USA,"BMW of Westchester, White Plains, US",,,,,,,,
C4P - Brooklyn Grey Metallic,F97,LKDA - Sakhir Orange Extended Merino Leather,,5YM13EC08N9K14622,,9K14622,2MK,,,"Oct 22, 2021",,USA,"Elite BMW, Ottawa, CA",,,,,,,,
C4P - Brooklyn Grey Metallic,F97,LKDA - Sakhir Orange Extended Merino Leather,,5YM13EC00N9K14663,,9K14663,2MK,,,"Oct 22, 2021",,USA,"BMW Autohaus, Thornhill, CA",,,,,,,,
C4P - Brooklyn Grey Metallic,F97,LKDA - Sakhir Orange Extended Merino Leather,,5YM13EC03N9K14740,,9K14740,2MK,,,"Oct 22, 2021",,USA,"BMW Montreal Centre, Montreal, CA",,,,,,,,
C4P - Brooklyn Grey Metallic,F97,LKDA - Sakhir Orange Extended Merino Leather,,5YM13EC07N9K15714,,9K15714,2MK,,,"Oct 22, 2021",,USA,"Competition BMW of Smithtown, Saint James, US",,,,,,,,
416 - Carbon Black Metallic,F97,LKHV - Adelaide Grey Extended Merino Leather,,5YM13EC08N9K15799,,9K15799,2MK,,,"Oct 22, 2021",,USA,"BMW of Fort Lauderdale, Fort Lauderdale, US",,,,,,,,
C1K - Marina Bay Blue Metallic,F97,LKSW - Black Extended Merino Leather,,5YM13EC04N9K15847,,9K15847,2MK,,,"Oct 22, 2021",,USA,"Otto's BMW, West Chester, US",,,,,,,,
C1K - Marina Bay Blue Metallic,F97,HDJA - Black/Midrand Beige Two-Tone Merino Leather / Alcantara,,5YM13EC06N9K15879,,9K15879,2MK,,,"Oct 22, 2021",,USA,"South Shore BMW, Rockland, US",,,,,,,,
C1K - Marina Bay Blue Metallic,F97,VATQ - BMW Individual Tartufo Extended Merino Leather,,5YM13EC09N9K15925,,9K15925,2MK,,,"Oct 23, 2021",,USA,"Hilton Head BMW, Bluffton, US",,,,,,,,
C1K - Marina Bay Blue Metallic,F97,LKHV - Adelaide Grey Extended Merino Leather,,5YM13EC09N9K15956,,9K15956,2MK,,,"Oct 23, 2021",,USA,"BMW of Bloomfield, Bloomfield, US",,,,,,,,
C4P - Brooklyn Grey Metallic,F97,LKDA - Sakhir Orange Extended Merino Leather,,5YM13EC0XN9K16002,,9K16002,2MK,,,"Oct 23, 2021",,USA,"BMW Performance Center (SC), Greer, US",,,,,,,,
416 - Carbon Black Metallic,F97,VATQ - BMW Individual Tartufo Extended Merino Leather,,5YM13EC07N9K16037,,9K16037,2MK,,,"Oct 24, 2021",,USA,"BMW of Sudbury, Sudbury, US",,,,,,,,
300 - Alpine White,F97,LKSW - Black Extended Merino Leather,,5YM13EC03N9K16133,,9K16133,2MK,,,"Oct 24, 2021",,USA,"BMW of Sudbury, Sudbury, US",,,,,,,,
C4P - Brooklyn Grey Metallic,F97,LKHV - Adelaide Grey Extended Merino Leather,,5YM13EC09N9K16167,,9K16167,2MK,,,"Oct 24, 2021",,USA,"Valencia BMW, Valencia, US",,,,,,,,
416 - Carbon Black Metallic,F97,LKDA - Sakhir Orange Extended Merino Leather,,5YM13EC03N9K16214,,9K16214,2MK,,,"Oct 25, 2021",,USA,"BMW of Fort Lauderdale, Fort Lauderdale, US",,,,,,,,
C4P - Brooklyn Grey Metallic,F97,LKDA - Sakhir Orange Extended Merino Leather,,5YM13EC00N9K16249,,9K16249,2MK,,,"Oct 25, 2021",,USA,"Chapman BMW, Chandler, US",,,,,,,,
C4P - Brooklyn Grey Metallic,F97,LKDA - Sakhir Orange Extended Merino Leather,,5YM13EC08N9K16337,,9K16337,2MK,,,"Oct 25, 2021",,USA,"Vista BMW, Coconut Creek, US",,,,,,,,
475 - Black Sapphire Metallic,F97,LKSW - Black Extended Merino Leather,,5YM13EC02N9K16365,,9K16365,2MK,,,"Oct 25, 2021",,USA,"Circle BMW, Eatontown, US",,,,,,,,
A90 - Dark Graphite Metallic,F97,LKSW - Black Extended Merino Leather,,5YM13EC01N9K17264,,9K17264,2MK,,,"Oct 25, 2021",,USA,"Germain BMW of Naples, Naples, US",,,,,,,,
300 - Alpine White,F97,MAH7 - Black Vernasca Leather,,5YM13EC05N9K17512,,9K17512,2MK,,,"Oct 25, 2021",,USA,"Baron BMW/MINI, Merriam, US",,,,,,,,
300 - Alpine White,F97,MAH7 - Black Vernasca Leather,,5YM13EC09N9K17643,,9K17643,2MK,,,"Oct 25, 2021",,USA,"Braman BMW/Braman MINI of Miami, Miami, US",,,,,,,,
C4P - Brooklyn Grey Metallic,F97,LKDA - Sakhir Orange Extended Merino Leather,,5YM13EC07N9K19083,,9K19083,2MK,,,"Oct 26, 2021",,USA,"BMW of Gwinnett Place, Duluth, US",,,,,,,,
C4P - Brooklyn Grey Metallic,F97,LKHV - Adelaide Grey Extended Merino Leather,,5YM13EC02N9K19119,,9K19119,2MK,,,"Oct 26, 2021",,USA,"BMW of Catonsville, Baltimore, US",,,,,,,,
A90 - Dark Graphite Metallic,F97,HDJA - Black/Midrand Beige Two-Tone Merino Leather / Alcantara,,5YM13EC04N9K19168,,9K19168,2MK,,,"Oct 26, 2021",,USA,"AH Euler Kaiserslautern GmbH, Kaiserslautern, DE",,,,,,,,
C1K - Marina Bay Blue Metallic,F97,LKDA - Sakhir Orange Extended Merino Leather,,5YM13EC00N9K19250,,9K19250,2MK,,,"Oct 26, 2021",,USA,"Rallye BMW, Westbury, US",,,,,,,,
C4P - Brooklyn Grey Metallic,F97,VATQ - BMW Individual Tartufo Extended Merino Leather,,5YM13EC0XN9K19286,,9K19286,2MK,,,"Oct 26, 2021",,USA,"Rallye BMW, Westbury, US",,,,,,,,
300 - Alpine White,F97,VATQ - BMW Individual Tartufo Extended Merino Leather,,5YM13EC09N9K19411,,9K19411,2MK,,,"Oct 27, 2021",,USA,"Fields BMW, Winter Park, US",,,,,,,,
475 - Black Sapphire Metallic,F97,LKDA - Sakhir Orange Extended Merino Leather,,5YM13EC05N9K19471,,9K19471,2MK,,,"Oct 27, 2021",,USA,"AH Euler Kaiserslautern GmbH, Kaiserslautern, DE",,,,,,,,
C4P - Brooklyn Grey Metallic,F97,LKSW - Black Extended Merino Leather,,5YM13EC01N9K21007,,9K21007,2MK,,,"Oct 27, 2021",,USA,"Bob Smith BMW, Calabasas, US",,,,,,,,
300 - Alpine White,F97,LKDA - Sakhir Orange Extended Merino Leather,,5YM13EC07N9K21089,,9K21089,2MK,,,"Oct 27, 2021",,USA,"Ferman BMW/Ferman MINI of Tampa Bay, Palm Harbor, US",,,,,,,,
C3G - Toronto Red Metallic,F97,LKSW - Black Extended Merino Leather,,5YM13EC08N9K21277,,9K21277,2MK,,,"Oct 27, 2021",,USA,"BMW of Mobile, Mobile, US",,,,,,,,
A90 - Dark Graphite Metallic,F97,VATQ - BMW Individual Tartufo Extended Merino Leather,,5YM13EC08N9K21344,,9K21344,2MK,,,"Oct 27, 2021",,USA,"Rallye BMW, Westbury, US",,,,,,,,
C1K - Marina Bay Blue Metallic,F97,LKHV - Adelaide Grey Extended Merino Leather,,5YM13EC08N9K21375,,9K21375,2MK,,,"Oct 27, 2021",,USA,"BMW of Charlottesville, Charlottesville, US",,,,,,,,
A90 - Dark Graphite Metallic,F97,LKDA - Sakhir Orange Extended Merino Leather,,5YM13EC00N9K21418,,9K21418,2MK,,,"Oct 27, 2021",,USA,"Coggin BMW Treasure Coast, Fort Pierce, US",,,,,,,,
416 - Carbon Black Metallic,F97,MAH7 - Black Vernasca Leather,,5YM13EC00N9K21449,,9K21449,2MK,,,"Oct 28, 2021",,USA,"Richmond BMW, Richmond, US",,,,,,,,
C1K - Marina Bay Blue Metallic,F97,VATQ - BMW Individual Tartufo Extended Merino Leather,,5YM13EC07N9K21545,,9K21545,2MK,,,"Oct 28, 2021",,USA,"BMW of Alexandria, Alexandria, US",,,,,,,,
475 - Black Sapphire Metallic,F97,LKDA - Sakhir Orange Extended Merino Leather,,5YM13EC08N9K21814,,9K21814,2MK,,,"Oct 28, 2021",,USA,"BMW of Myrtle Beach, Myrtle Beach, US",,,,,,,,
C4P - Brooklyn Grey Metallic,F97,LKSW - Black Extended Merino Leather,,5YM13EC04N9K21860,,9K21860,2MK,,,"Oct 28, 2021",,USA,"BMW of Nashville, Brentwood, US",,,,,,,,
475 - Black Sapphire Metallic,F97,LKSW - Black Extended Merino Leather,,5YM13EC0XN9K21894,,9K21894,2MK,,,"Oct 28, 2021",,USA,"Autohaus BMW of Maplewood, Saint Louis, US",,,,,,,,
C4P - Brooklyn Grey Metallic,F97,LKDA - Sakhir Orange Extended Merino Leather,,5YM13EC00N9K23492,,9K23492,2MK,,,"Oct 28, 2021",,USA,"BMW of Manhattan, New York, US",,,,,,,,
C4P - Brooklyn Grey Metallic,F97,LKSW - Black Extended Merino Leather,,5YM13EC06N9K23576,,9K23576,2MK,,,"Oct 29, 2021",,USA,"BMW of Sarasota, Sarasota, US",,,,,,,,
A90 - Dark Graphite Metallic,F97,VATQ - BMW Individual Tartufo Extended Merino Leather,,5YM13EC00N9K23623,,9K23623,2MK,,,"Oct 29, 2021",,USA,"BMW of Murray, Murray, US",,,,,,,,
A90 - Dark Graphite Metallic,F97,VATQ - BMW Individual Tartufo Extended Merino Leather,,5YM13EC00N9K23654,,9K23654,2MK,,,"Oct 29, 2021",,USA,"BMW of South Austin, Austin, US",,,,,,,,
475 - Black Sapphire Metallic,F97,LKHV - Adelaide Grey Extended Merino Leather,,5YM13EC09N9K23734,,9K23734,2MK,,,"Oct 29, 2021",,USA,"Richmond BMW, Richmond, US",,,,,,,,
C1K - Marina Bay Blue Metallic,F97,LKHV - Adelaide Grey Extended Merino Leather,,5YM13EC08N9K25815,,9K25815,2MK,,,"Oct 29, 2021",,USA,"BMW of Lancaster, Lancaster, US",,,,,,,,
C4H - Sao Paulo Yellow,F97,LKDA - Sakhir Orange Extended Merino Leather,,5YM13EC01N9K25851,,9K25851,2MK,,,"Oct 29, 2021",,USA,"New Country BMW, Hartford, US",,,,,,,,
475 - Black Sapphire Metallic,F97,HDJA - Black/Midrand Beige Two-Tone Merino Leather / Alcantara,,5YM13EC07N9K25904,,9K25904,2MK,,,"Oct 29, 2021",,USA,"BMW of Minnetonka, Minnetonka, US",,,,,,,,
C1K - Marina Bay Blue Metallic,F97,LKSW - Black Extended Merino Leather,,5YM13EC05N9K25951,,9K25951,2MK,,,"Oct 29, 2021",,USA,"BMW of Silver Spring, Silver Spring, US",,,,,,,,
C4P - Brooklyn Grey Metallic,F97,LKDA - Sakhir Orange Extended Merino Leather,,5YM13EC02N9K25986,,9K25986,2MK,,,"Oct 30, 2021",,USA,"Braman BMW/Braman MINI of Miami, Miami, US",,,,,,,,
416 - Carbon Black Metallic,F97,VATQ - BMW Individual Tartufo Extended Merino Leather,,5YM13EC01N9K26031,,9K26031,2MK,,,"Oct 30, 2021",,USA,"BMW of Austin, Austin, US",,,,,,,,
C1K - Marina Bay Blue Metallic,F97,LKDA - Sakhir Orange Extended Merino Leather,,5YM13EC05N9K26078,,9K26078,2MK,,,"Oct 30, 2021",,USA,"New Century BMW, Alhambra, US",,,,,,,,
C1K - Marina Bay Blue Metallic,F97,VATQ - BMW Individual Tartufo Extended Merino Leather,,5YM13EC0XN9K26108,,9K26108,2MK,,,"Oct 31, 2021",,USA,"BMW of Kansas City South, Kansas CIty, US",,,,,,,,
C4P - Brooklyn Grey Metallic,F97,LKDA - Sakhir Orange Extended Merino Leather,,5YM13EC06N9K26154,,9K26154,2MK,,,"Oct 31, 2021",,USA,"Policaro BMW, Brampton, CA",,,,,,,,
C3G - Toronto Red Metallic,F97,LKHV - Adelaide Grey Extended Merino Leather,,5YM13EC01N9K26188,,9K26188,2MK,,,"Oct 31, 2021",,USA,"BMW of Peabody, Peabody, US",,,,,,,,
C4P - Brooklyn Grey Metallic,F97,LKDA - Sakhir Orange Extended Merino Leather,,5YM13EC09N9K26231,,9K26231,2MK,,,"Oct 31, 2021",,USA,"Long Beach BMW, Signal Hill, US",,,,,,,,
475 - Black Sapphire Metallic,F97,LKSW - Black Extended Merino Leather,,5YM13EC06N9K26266,,9K26266,2MK,,,"Nov 1, 2021",,USA,"Rick Hendrick BMW Charleston, Charleston, US",,,,,,,,
C1K - Marina Bay Blue Metallic,F97,LKHV - Adelaide Grey Extended Merino Leather,,5YM13EC09N9K26360,,9K26360,2MK,,,"Nov 1, 2021",,USA,"Winslow BMW of Colorado Springs, Colorado Springs, US",,,,,,,,
416 - Carbon Black Metallic,F97,LKDA - Sakhir Orange Extended Merino Leather,,5YM13EC09N9K26391,,9K26391,2MK,,,"Nov 1, 2021",,USA,"BMW of Fort Lauderdale, Fort Lauderdale, US",,,,,,,,
A90 - Dark Graphite Metallic,F97,LKSW - Black Extended Merino Leather,,5YM13EC02N9K26569,,9K26569,2MK,,,"Nov 1, 2021",,USA,"Maranello BMW, Vaughan, CA",,,,,,,,
C1K - Marina Bay Blue Metallic,F97,VATQ - BMW Individual Tartufo Extended Merino Leather,,5YM13EC07N9K26602,,9K26602,2MK,,,"Nov 1, 2021",,USA,"BMW Performance Center (SC), Greer, US",,,,,,,,
A90 - Dark Graphite Metallic,F97,LKSW - Black Extended Merino Leather,,5YM13EC09N9K26648,,9K26648,2MK,,,"Nov 1, 2021",,USA,"BMW of Manhasset, Manhasset, US",,,,,,,,
475 - Black Sapphire Metallic,F97,LKSW - Black Extended Merino Leather,,5YM13EC07N9K26681,,9K26681,2MK,,,"Nov 2, 2021",,USA,"BMW of Tallahassee, Tallahassee, US",,,,,,,,
416 - Carbon Black Metallic,F97,LKDA - Sakhir Orange Extended Merino Leather,,5YM13EC01N9K26725,,9K26725,2MK,,,"Nov 2, 2021",,USA,"Park Avenue BMW, Rochelle Park, US",,,,,,,,
300 - Alpine White,F97,LKDA - Sakhir Orange Extended Merino Leather,,5YM13EC04N9K26752,,9K26752,2MK,,,"Nov 2, 2021",,USA,"McKenna BMW, Norwalk, US",,,,,,,,
475 - Black Sapphire Metallic,F97,LKDA - Sakhir Orange Extended Merino Leather,,5YM13EC04N9K26783,,9K26783,2MK,,,"Nov 2, 2021",,USA,"Tulley BMW, Nashua, US",,,,,,,,
416 - Carbon Black Metallic,F97,LKSW - Black Extended Merino Leather,,5YM13EC09N9K26827,,9K26827,2MK,,,"Nov 2, 2021",,USA,"BMW of Bellevue, Bellevue, US",,,,,,,,
C4P - Brooklyn Grey Metallic,F97,LKDA - Sakhir Orange Extended Merino Leather,,5YM13EC04N9K26900,,9K26900,2MK,,,"Nov 2, 2021",,USA,"South Bay BMW, Torrance, US",,,,,,,,
475 - Black Sapphire Metallic,F97,LKSW - Black Extended Merino Leather,,5YM13EC04N9K26928,,9K26928,2MK,,,"Nov 2, 2021",,USA,"South Bay BMW, Torrance, US",,,,,,,,
C4H - Sao Paulo Yellow,F97,LKSW - Black Extended Merino Leather,,5YM13EC07N9K26955,,9K26955,2MK,,,"Nov 2, 2021",,USA,"BMW Markham, Markham, CA",,,,,,,,
416 - Carbon Black Metallic,F97,VATQ - BMW Individual Tartufo Extended Merino Leather,,5YM13EC0XN9K26996,,9K26996,2MK,,,"Nov 2, 2021",,USA,"Daniels BMW, Allentown, US",,,,,,,,
300 - Alpine White,F97,LKDA - Sakhir Orange Extended Merino Leather,,5YM13EC06N9K27028,,9K27028,2MK,,,"Nov 2, 2021",,USA,"BMW of Raleigh, Raleigh, US",,,,,,,,
C1K - Marina Bay Blue Metallic,F97,LKHV - Adelaide Grey Extended Merino Leather,,5YM13EC01N9K27079,,9K27079,2MK,,,"Nov 2, 2021",,USA,"BMW of Escondido, Escondido, US",,,,,,,,
C1K - Marina Bay Blue Metallic,F97,LKDA - Sakhir Orange Extended Merino Leather,,5YM13EC08N9K27113,,9K27113,2MK,,,"Nov 2, 2021",,USA,"BMW Performance Center (SC), Greer, US",,,,,,,,
C1K - Marina Bay Blue Metallic,F97,VATQ - BMW Individual Tartufo Extended Merino Leather,,5YM13EC05N9K31510,,9K31510,2MK,,,"Nov 3, 2021",,USA,"Braman Motorcars/Braman MINI of Pal, West Palm Beach, US",,,,,,,,
475 - Black Sapphire Metallic,F97,LKHV - Adelaide Grey Extended Merino Leather,,5YM13EC04N9K31580,,9K31580,2MK,,,"Nov 3, 2021",,USA,"BMW of Pittsburgh, Pittsburgh, US",,,,,,,,
300 - Alpine White,F97,LKHV - Adelaide Grey Extended Merino Leather,,5YM13EC01N9K31679,,9K31679,2MK,,,"Nov 3, 2021",,USA,"Valencia BMW, Valencia, US",,,,,,,,
C1K - Marina Bay Blue Metallic,F97,HDJA - Black/Midrand Beige Two-Tone Merino Leather / Alcantara,,5YM13EC06N9K31760,,9K31760,2MK,,,"Nov 4, 2021",,USA,"BMW Performance Center-West, Thermal, US",,,,,,,,
475 - Black Sapphire Metallic,F97,LKSW - Black Extended Merino Leather,,5YM13EC08N9K31811,,9K31811,2MK,,,"Nov 4, 2021",,USA,"Parkview BMW, North York, CA",,,,,,,,
300 - Alpine White,F97,LKDA - Sakhir Orange Extended Merino Leather,,5YM13EC06N9K32097,,9K32097,2MK,,,"Nov 4, 2021",,USA,"Erhard BMW of Farmington Hills, Farmington Hills, US",,,,,,,,
C1K - Marina Bay Blue Metallic,F97,LKHV - Adelaide Grey Extended Merino Leather,,5YM13EC05N9K32186,,9K32186,2MK,,,"Nov 4, 2021",,USA,"Gault Auto Sport BMW, Endicott, US",,,,,,,,
300 - Alpine White,F97,MAH7 - Black Vernasca Leather,,5YM13EC06N9K32231,,9K32231,2MK,,,"Nov 4, 2021",,USA,"Niello BMW Sacramento, Sacramento, US",,,,,,,,
416 - Carbon Black Metallic,F97,LKSW - Black Extended Merino Leather,,5YM13EC02N9K32288,,9K32288,2MK,,,"Nov 4, 2021",,USA,"Fields BMW, Winter Park, US",,,,,,,,
A90 - Dark Graphite Metallic,F97,VATQ - BMW Individual Tartufo Extended Merino Leather,,5YM13EC05N9K32379,,9K32379,2MK,,,"Nov 5, 2021",,USA,"Basney BMW, South Bend, US",,,,,,,,
300 - Alpine White,F97,LKSW - Black Extended Merino Leather,,5YM13EC06N9K32424,,9K32424,2MK,,,"Nov 5, 2021",,USA,"East Bay BMW, Pleasanton, US",,,,,,,,
300 - Alpine White,F97,LKDA - Sakhir Orange Extended Merino Leather,,5YM13EC0XN9K32474,,9K32474,2MK,,,"Nov 5, 2021",,USA,"Taylor BMW, Evans, US",,,,,,,,
C4P - Brooklyn Grey Metallic,F97,HDJA - Black/Midrand Beige Two-Tone Merino Leather / Alcantara,,5YM13EC03N9K32512,,9K32512,2MK,,,"Nov 5, 2021",,USA,"BMW of West Springfield, West Springfield, US",,,,,,,,
,F97,LKHV - Adelaide Grey Extended Merino Leather,,5YM13EC07N9K32562,,9K32562,2MK,,,"Nov 5, 2021",,USA,"BMW of Lancaster, Lancaster, US",,,,,,,,
C4H - Sao Paulo Yellow,F97,MAH7 - Black Vernasca Leather,,5YM13EC00N9K32614,,9K32614,2MK,,,"Nov 5, 2021",,USA,"BMW of Little Rock, Little Rock, US",,,,,,,,
300 - Alpine White,F97,LKDA - Sakhir Orange Extended Merino Leather,,5YM13EC06N9K32651,,9K32651,2MK,,,"Nov 5, 2021",,USA,"BMW of Bridgeport, Bridgeport, US",,,,,,,,
C3G - Toronto Red Metallic,F97,LKSW - Black Extended Merino Leather,,5YM13EC01N9K32699,,9K32699,2MK,,,"Nov 5, 2021",,USA,"Valley BMW, Modesto, US",,,,,,,,
A90 - Dark Graphite Metallic,F97,VATQ - BMW Individual Tartufo Extended Merino Leather,,5YM13EC07N9K32755,,9K32755,2MK,,,"Nov 5, 2021",,USA,"BMW of Devon, Devon, US",,,,,,,,
A90 - Dark Graphite Metallic,F97,LKSW - Black Extended Merino Leather,,5YM13EC07N9K32805,,9K32805,2MK,,,"Nov 5, 2021",,USA,"Voss Village BMW, Dayton, US",,,,,,,,
C1K - Marina Bay Blue Metallic,F97,HDJA - Black/Midrand Beige Two-Tone Merino Leather / Alcantara,,5YM13EC07N9K32836,,9K32836,2MK,,,"Nov 5, 2021",,USA,"Irvine BMW, Irvine, US",,,,,,,,
475 - Black Sapphire Metallic,F97,LKSW - Black Extended Merino Leather,,5YM13EC09N9K32868,,9K32868,2MK,,,"Nov 5, 2021",,USA,"Chapman BMW, Chandler, US",,,,,,,,
C4P - Brooklyn Grey Metallic,F97,LKSW - Black Extended Merino Leather,,5YM13EC07N9K32917,,9K32917,2MK,,,"Nov 5, 2021",,USA,"BMW of the Hudson Valley, Poughkeepsie, US",,,,,,,,
A90 - Dark Graphite Metallic,F97,HDJA - Black/Midrand Beige Two-Tone Merino Leather / Alcantara,,5YM13EC04N9K32972,,9K32972,2MK,,,"Nov 5, 2021",,USA,"Patrick BMW, Schaumburg, US",,,,,,,,
300 - Alpine White,F97,VATQ - BMW Individual Tartufo Extended Merino Leather,,5YM13EC09N9K33003,,9K33003,2MK,,,"Nov 5, 2021",,USA,"Autobahn Motorcars, Fort Worth, US",,,,,,,,
C1K - Marina Bay Blue Metallic,F97,LKSW - Black Extended Merino Leather,,5YM13EC03N9K33045,,9K33045,2MK,,,"Nov 5, 2021",,USA,"BMW/MINI of Sterling, Sterling, US",,,,,,,,
A90 - Dark Graphite Metallic,F97,LKSW - Black Extended Merino Leather,,5YM13EC03N9K33076,,9K33076,2MK,,,"Nov 5, 2021",,USA,"BMW of Fort Walton Beach, Fort Walton Beach, US",,,,,,,,
475 - Black Sapphire Metallic,F97,LKHV - Adelaide Grey Extended Merino Leather,,5YM13EC09N9K34068,,9K34068,2MK,,,"Nov 6, 2021",,USA,"Hilton Head BMW, Bluffton, US",,,,,,,,
C4P - Brooklyn Grey Metallic,F97,LKDA - Sakhir Orange Extended Merino Leather,,5YM13EC01N9K34100,,9K34100,2MK,,,"Nov 6, 2021",,USA,"Tom Bush BMW Jacksonville, Jacksonville, US",,,,,,,,
300 - Alpine White,F97,LKSW - Black Extended Merino Leather,,5YM13EC07N9K34148,,9K34148,2MK,,,"Nov 6, 2021",,USA,"BMW of Freehold, Freehold, US",,,,,,,,
300 - Alpine White,F97,LKDA - Sakhir Orange Extended Merino Leather,,5YM13EC00N9K34184,,9K34184,2MK,,,"Nov 6, 2021",,USA,"*Closed 3-Jan-23* BMW of Oyster Bay, Oyster Bay, US",,,,,,,,
300 - Alpine White,F97,LKDA - Sakhir Orange Extended Merino Leather,,5YM13EC03N9K34230,,9K34230,2MK,,,"Nov 7, 2021",,USA,"BMW/MINI of Sterling, Sterling, US",,,,,,,,
300 - Alpine White,F97,LKSW - Black Extended Merino Leather,,5YM13EC05N9K34262,,9K34262,2MK,,,"Nov 7, 2021",,USA,"Paul Miller BMW, Wayne, US",,,,,,,,
C4P - Brooklyn Grey Metallic,F97,LKSW - Black Extended Merino Leather,,5YM13EC01N9K34291,,9K34291,2MK,,,"Nov 7, 2021",,USA,"BMW of Vista, Vista, US",,,,,,,,
A90 - Dark Graphite Metallic,F97,LKSW - Black Extended Merino Leather,,5YM13EC0XN9K34337,,9K34337,2MK,,,"Nov 7, 2021",,USA,"Bema Autosport BMW, Saskatoon, CA",,,,,,,,
A90 - Dark Graphite Metallic,F97,LKSW - Black Extended Merino Leather,,5YM13EC0XN9K34371,,9K34371,2MK,,,"Nov 7, 2021",,USA,"Burdick BMW, Cicero, US",,,,,,,,
C4P - Brooklyn Grey Metallic,F97,LKSW - Black Extended Merino Leather,,5YM13EC0XN9K34421,,9K34421,2MK,,,"Nov 8, 2021",,USA,"Bill Jacobs BMW/MINI, Naperville, US",,,,,,,,
C4P - Brooklyn Grey Metallic,F97,HDJA - Black/Midrand Beige Two-Tone Merino Leather / Alcantara,,5YM13EC01N9K34453,,9K34453,2MK,,,"Nov 8, 2021",,USA,"BMW Encinitas, Encinitas, US",,,,,,,,
C1K - Marina Bay Blue Metallic,F97,HDJA - Black/Midrand Beige Two-Tone Merino Leather / Alcantara,,5YM13EC03N9K37063,,9K37063,2MK,,,"Nov 9, 2021",,USA,"Karl Knauz Motors, Lake Bluff, US",,,,,,,,
C4P - Brooklyn Grey Metallic,F97,LKSW - Black Extended Merino Leather,,5YM13EC09N9K40193,,9K40193,2MK,,,"Nov 9, 2021",,USA,"Chapman BMW, Chandler, US",,,,,,,,
C4P - Brooklyn Grey Metallic,F97,VATQ - BMW Individual Tartufo Extended Merino Leather,,5YM13EC00N9K40230,,9K40230,2MK,,,"Nov 9, 2021",,USA,"Peter Pan BMW, Burlingame, US",,,,,,,,
300 - Alpine White,F97,VATQ - BMW Individual Tartufo Extended Merino Leather,,5YM13EC01N9K40267,,9K40267,2MK,,,"Nov 9, 2021",,USA,"Weatherford BMW, Berkeley, US",,,,,,,,
C1K - Marina Bay Blue Metallic,F97,LKHV - Adelaide Grey Extended Merino Leather,,5YM13EC03N9K40545,,9K40545,2MK,,,"Nov 10, 2021",,USA,"BMW of Salem, Salem, US",,,,,,,,
416 - Carbon Black Metallic,F97,LKHV - Adelaide Grey Extended Merino Leather,,5YM13EC03N9K40626,,9K40626,2MK,,,"Nov 10, 2021",,USA,"Crevier BMW, Santa Ana, US",,,,,,,,
300 - Alpine White,F97,LKDA - Sakhir Orange Extended Merino Leather,,5YM13EC08N9K40671,,9K40671,2MK,,,"Nov 10, 2021",,USA,"BMW of Plano, Plano, US",,,,,,,,
C4H - Sao Paulo Yellow,F97,LKDA - Sakhir Orange Extended Merino Leather,,5YM13EC07N9K40760,,9K40760,2MK,,,"Nov 10, 2021",,USA,"Habberstad BMW, Huntington Station, US",,,,,,,,
A90 - Dark Graphite Metallic,F97,LKSW - Black Extended Merino Leather,,5YM13EC04N9K40795,,9K40795,2MK,,,"Nov 10, 2021",,USA,"BMW of Westbrook, Westbrook, US",,,,,,,,
C4P - Brooklyn Grey Metallic,F97,LKDA - Sakhir Orange Extended Merino Leather,,5YM13EC02N9K40889,,9K40889,2MK,,,"Nov 10, 2021",,USA,"BMW Performance Center-West, Thermal, US",,,,,,,,
C4H - Sao Paulo Yellow,F97,LKSW - Black Extended Merino Leather,,5YM13EC01N9K40978,,9K40978,2MK,,,"Nov 10, 2021",,USA,"Laurel BMW of Westmont, Westmont, US",,,,,,,,
C1K - Marina Bay Blue Metallic,F97,LKSW - Black Extended Merino Leather,,5YM13EC0XN9K41028,,9K41028,2MK,,,"Nov 11, 2021",,USA,"BMW of Bend, 2142, US",,,,,,,,
C1K - Marina Bay Blue Metallic,F97,VATQ - BMW Individual Tartufo Extended Merino Leather,,5YM13EC01N9K41063,,9K41063,2MK,,,"Nov 11, 2021",,USA,"BMW of Mountain View, Mountain View, US",,,,,,,,
C4P - Brooklyn Grey Metallic,F97,LKDA - Sakhir Orange Extended Merino Leather,,5YM13EC0XN9K41109,,9K41109,2MK,,,"Nov 11, 2021",,USA,"Bobby Rahal BMW of South Hills, Canonsburg, US",,,,,,,,
C3G - Toronto Red Metallic,F97,LKHV - Adelaide Grey Extended Merino Leather,,5YM13EC04N9K41140,,9K41140,2MK,,,"Nov 11, 2021",,USA,"BMW of Columbia, Columbia, US",,,,,,,,
300 - Alpine White,F97,LKDA - Sakhir Orange Extended Merino Leather,,5YM13EC00N9K41197,,9K41197,2MK,,,"Nov 11, 2021",,USA,"Autogermana, Inc., Hato Rey, US",,,,,,,,
C1K - Marina Bay Blue Metallic,F97,HDJA - Black/Midrand Beige Two-Tone Merino Leather / Alcantara,,5YM13EC00N9K41250,,9K41250,2MK,,,"Nov 11, 2021",,USA,"BMW of Reading, Reading, US",,,,,,,,
C4P - Brooklyn Grey Metallic,F97,LKSW - Black Extended Merino Leather,,5YM13EC03N9K41310,,9K41310,2MK,,,"Nov 11, 2021",,USA,"BMW of Buena Park, Buena Park, US",,,,,,,,
C4H - Sao Paulo Yellow,F97,LKSW - Black Extended Merino Leather,,5YM13EC07N9K41357,,9K41357,2MK,,,"Nov 11, 2021",,USA,"Princeton BMW, Hamilton, US",,,,,,,,
A90 - Dark Graphite Metallic,F97,LKSW - Black Extended Merino Leather,,5YM13EC09N9K41389,,9K41389,2MK,,,"Nov 11, 2021",,USA,"BMW of Bridgeport, Bridgeport, US",,,,,,,,
C1K - Marina Bay Blue Metallic,F97,VATQ - BMW Individual Tartufo Extended Merino Leather,,5YM13EC01N9K41435,,9K41435,2MK,,,"Nov 11, 2021",,USA,"BMW Northwest, Tacoma, US",,,,,,,,
A90 - Dark Graphite Metallic,F97,LKHV - Adelaide Grey Extended Merino Leather,,5YM13EC01N9K41466,,9K41466,2MK,,,"Nov 11, 2021",,USA,"Rusnak BMW, Thousand Oaks, US",,,,,,,,
475 - Black Sapphire Metallic,F97,VATQ - BMW Individual Tartufo Extended Merino Leather,,5YM13EC06N9K41513,,9K41513,2MK,,,"Nov 11, 2021",,USA,"Nalley BMW of Decatur, Decatur, US",,,,,,,,
300 - Alpine White,F97,LKSW - Black Extended Merino Leather,,5YM13EC01N9K41564,,9K41564,2MK,,,"Nov 11, 2021",,USA,"BMW of Annapolis, Annapolis, US",,,,,,,,
300 - Alpine White,F97,LKSW - Black Extended Merino Leather,,5YM13EC0XN9K41594,,9K41594,2MK,,,"Nov 11, 2021",,USA,"BMW Performance Center (SC), Greer, US",,,,,,,,
300 - Alpine White,F97,HDJA - Black/Midrand Beige Two-Tone Merino Leather / Alcantara,,5YM13EC06N9K41639,,9K41639,2MK,,,"Nov 11, 2021",,USA,"Irvine BMW, Irvine, US",,,,,,,,
475 - Black Sapphire Metallic,F97,LKDA - Sakhir Orange Extended Merino Leather,,5YM13EC04N9K41672,,9K41672,2MK,,,"Nov 12, 2021",,USA,"BMW of Arlington, Arlington, US",,,,,,,,
C1K - Marina Bay Blue Metallic,F97,LKSW - Black Extended Merino Leather,,5YM13EC00N9K41801,,9K41801,2MK,,,"Nov 12, 2021",,USA,"BMW Portland, Portland, US",,,,,,,,
C4P - Brooklyn Grey Metallic,F97,LKSW - Black Extended Merino Leather,,5YM13EC01N9K43623,,9K43623,2MK,,,"Nov 12, 2021",,USA,"BMW of Sioux Falls, Sioux Falls, US",,,,,,,,
C4P - Brooklyn Grey Metallic,F97,HDJA - Black/Midrand Beige Two-Tone Merino Leather / Alcantara,,5YM13EC0XN9K43667,,9K43667,2MK,,,"Nov 12, 2021",,USA,"BMW of Southpoint, Durham, US",,,,,,,,
300 - Alpine White,F97,VATQ - BMW Individual Tartufo Extended Merino Leather,,5YM13EC06N9K43701,,9K43701,2MK,,,"Nov 12, 2021",,USA,"BMW of Las Vegas, Las Vegas, US",,,,,,,,
C4H - Sao Paulo Yellow,F97,LKSW - Black Extended Merino Leather,,5YM13EC01N9K43735,,9K43735,2MK,,,"Nov 12, 2021",,USA,"Brian Jessel BMW, Vancouver, CA",,,,,,,,
416 - Carbon Black Metallic,F97,LKSW - Black Extended Merino Leather,,5YM13EC03N9K43784,,9K43784,2MK,,,"Nov 12, 2021",,USA,"BMW of Columbia, Columbia, US",,,,,,,,
300 - Alpine White,F97,LKDA - Sakhir Orange Extended Merino Leather,,5YM13EC08N9K43876,,9K43876,2MK,,,"Nov 12, 2021",,USA,"BMW of Warwick, Warwick, US",,,,,,,,
C4H - Sao Paulo Yellow,F97,LKDA - Sakhir Orange Extended Merino Leather,,5YM13EC04N9K44006,,9K44006,2MK,,,"Nov 12, 2021",,USA,"Open Road BMW, Edison, US",,,,,,,,
C1K - Marina Bay Blue Metallic,F97,LKSW - Black Extended Merino Leather,,5YM13EC00N9K44083,,9K44083,2MK,,,"Nov 12, 2021",,USA,"BMW of Reading, Reading, US",,,,,,,,
C4P - Brooklyn Grey Metallic,F97,LKDA - Sakhir Orange Extended Merino Leather,,5YM13EC07N9K44162,,9K44162,2MK,,,"Nov 13, 2021",,USA,"BMW of Peabody, Peabody, US",,,,,,,,
300 - Alpine White,F97,LKSW - Black Extended Merino Leather,,5YM13EC03N9K46121,,9K46121,2MK,,,"Nov 15, 2021",,USA,"Braman Motorcars/Braman MINI of Pal, West Palm Beach, US",,,,,,,,
C1K - Marina Bay Blue Metallic,F97,LKDA - Sakhir Orange Extended Merino Leather,,5YM13EC02N9K46420,,9K46420,2MK,,,"Nov 16, 2021",,USA,"AH Euler Kaiserslautern GmbH, Kaiserslautern, DE",,,,,,,,
C4P - Brooklyn Grey Metallic,F97,LKDA - Sakhir Orange Extended Merino Leather,,5YM13EC00N9K47940,,9K47940,2MK,,,"Nov 16, 2021",,USA,"BMW Montreal Centre, Montreal, CA",,,,,,,,
C4P - Brooklyn Grey Metallic,F97,LKSW - Black Extended Merino Leather,,5YM13EC05N9K48131,,9K48131,2MK,,,"Nov 16, 2021",,USA,"BMW Portland, Portland, US",,,,,,,,
300 - Alpine White,F97,LKSW - Black Extended Merino Leather,,5YM13EC07N9K48213,,9K48213,2MK,,,"Nov 16, 2021",,USA,"BMW of Palm Springs, Palm Springs, US",,,,,,,,
C1K - Marina Bay Blue Metallic,F97,LKDA - Sakhir Orange Extended Merino Leather,,5YM13EC07N9K48292,,9K48292,2MK,,,"Nov 16, 2021",,USA,"Brian Jessel BMW, Vancouver, CA",,,,,,,,
300 - Alpine White,F97,LKDA - Sakhir Orange Extended Merino Leather,,5YM13EC0XN9K48772,,9K48772,2MK,,,"Nov 17, 2021",,USA,"BMW of Ontario, Ontario, US",,,,,,,,
C4P - Brooklyn Grey Metallic,F97,LKHV - Adelaide Grey Extended Merino Leather,,5YM13EC06N9K48820,,9K48820,2MK,,,"Nov 17, 2021",,USA,"Sandia BMW/MINI, Albuquerque, US",,,,,,,,
416 - Carbon Black Metallic,F97,LKSW - Black Extended Merino Leather,,5YM13EC08N9K50360,,9K50360,2MK,,,"Nov 17, 2021",,USA,"Elmhurst BMW, Elmhurst, US",,,,,,,,
475 - Black Sapphire Metallic,F97,HDJA - Black/Midrand Beige Two-Tone Merino Leather / Alcantara,,5YM13EC03N9K50752,,9K50752,2MK,,,"Nov 18, 2021",,USA,"BMW of Grapevine, Grapevine, US",,,,,,,,
C4P - Brooklyn Grey Metallic,F97,LKDA - Sakhir Orange Extended Merino Leather,,5YM13EC04N9K52039,,9K52039,2MK,,,"Nov 19, 2021",,USA,"BMW of San Diego, San Diego, US",,,,,,,,
C1K - Marina Bay Blue Metallic,F97,LKDA - Sakhir Orange Extended Merino Leather,,5YM13EC07N9K52083,,9K52083,2MK,,,"Nov 18, 2021",,USA,"BMW of Reading, Reading, US",,,,,,,,
C4P - Brooklyn Grey Metallic,F97,LKSW - Black Extended Merino Leather,,5YM13EC05N9K52115,,9K52115,2MK,,,"Nov 18, 2021",,USA,"Vista BMW, Coconut Creek, US",,,,,,,,
A90 - Dark Graphite Metallic,F97,LKHV - Adelaide Grey Extended Merino Leather,,5YM13EC08N9K52187,,9K52187,2MK,,,"Nov 18, 2021",,USA,"BMW Performance Center (SC), Greer, US",,,,,,,,
475 - Black Sapphire Metallic,F97,LKSW - Black Extended Merino Leather,,5YM13EC07N9K52262,,9K52262,2MK,,,"Nov 19, 2021",,USA,"Tulley BMW, Nashua, US",,,,,,,,
A90 - Dark Graphite Metallic,F97,LKSW - Black Extended Merino Leather,,5YM13EC02N9K52458,,9K52458,2MK,,,"Nov 19, 2021",,USA,"BMW of Asheville, Arden, US",,,,,,,,
C4P - Brooklyn Grey Metallic,F97,LKSW - Black Extended Merino Leather,,5YM13EC08N9K52495,,9K52495,2MK,,,"Nov 19, 2021",,USA,"BMW of Greenwich, Greenwich, US",,,,,,,,
C4P - Brooklyn Grey Metallic,F97,LKDA - Sakhir Orange Extended Merino Leather,,5YM13EC06N9K52544,,9K52544,2MK,,,"Nov 19, 2021",,USA,"BMW Performance Center (SC), Greer, US",,,,,,,,
416 - Carbon Black Metallic,F97,LKSW - Black Extended Merino Leather,,5YM13EC09N9K53431,,9K53431,2MK,,,"Nov 19, 2021",,USA,"Sewickley BMW, Sewickley, US",,,,,,,,
C4H - Sao Paulo Yellow,F97,LKHV - Adelaide Grey Extended Merino Leather,,5YM13EC06N9K53483,,9K53483,2MK,,,"Nov 19, 2021",,USA,"BMW of Springfield, Springfield, US",,,,,,,,
300 - Alpine White,F97,VATQ - BMW Individual Tartufo Extended Merino Leather,,5YM13EC03N9K53540,,9K53540,2MK,,,"Nov 19, 2021",,USA,"Arrowhead BMW, Glendale, US",,,,,,,,
C3G - Toronto Red Metallic,F97,LKDA - Sakhir Orange Extended Merino Leather,,5YM13EC00N9K53625,,9K53625,2MK,,,"Nov 19, 2021",,USA,"Fields BMW, Winter Park, US",,,,,,,,
300 - Alpine White,F97,LKHV - Adelaide Grey Extended Merino Leather,,5YM13EC07N9K53671,,9K53671,2MK,,,"Nov 20, 2021",,USA,"BMW of Tampa, Tampa, US",,,,,,,,
C1K - Marina Bay Blue Metallic,F97,LKDA - Sakhir Orange Extended Merino Leather,,5YM13EC09N9K53705,,9K53705,2MK,,,"Nov 20, 2021",,USA,"BMW of Gainesville, Gainesville, US",,,,,,,,
C1K - Marina Bay Blue Metallic,F97,MAH7 - Black Vernasca Leather,,5YM13EC01N9K53746,,9K53746,2MK,,,"Nov 20, 2021",,USA,"BMW of Santa Maria, Santa Maria, US",,,,,,,,
300 - Alpine White,F97,LKSW - Black Extended Merino Leather,,5YM13EC05N9K53779,,9K53779,2MK,,,"Nov 20, 2021",,USA,"BMW of Houston North, Houston, US",,,,,,,,
C4H - Sao Paulo Yellow,F97,LKSW - Black Extended Merino Leather,,5YM13EC04N9K53823,,9K53823,2MK,,,"Nov 21, 2021",,USA,"BMW of Turnersville, Turnersville, US",,,,,,,,
C1K - Marina Bay Blue Metallic,F97,VATQ - BMW Individual Tartufo Extended Merino Leather,,5YM13EC04N9K53854,,9K53854,2MK,,,"Nov 21, 2021",,USA,"The Automaster, Shelburne, US",,,,,,,,
C4H - Sao Paulo Yellow,F97,LKSW - Black Extended Merino Leather,,5YM13EC04N9K53885,,9K53885,2MK,,,"Nov 21, 2021",,USA,"Herb Chambers BMW, Charlestown, US",,,,,,,,
300 - Alpine White,F97,LKDA - Sakhir Orange Extended Merino Leather,,5YM13EC07N9K53928,,9K53928,2MK,,,"Nov 21, 2021",,USA,"Competition BMW of Smithtown, Saint James, US",,,,,,,,
C1K - Marina Bay Blue Metallic,F97,VATQ - BMW Individual Tartufo Extended Merino Leather,,5YM13EC07N9K53962,,9K53962,2MK,,,"Nov 21, 2021",,USA,"BMW of Alexandria, Alexandria, US",,,,,,,,
C1K - Marina Bay Blue Metallic,F97,LKSW - Black Extended Merino Leather,,5YM13EC05N9K54009,,9K54009,2MK,,,"Nov 22, 2021",,USA,"Herb Chambers BMW, Charlestown, US",,,,,,,,
C1K - Marina Bay Blue Metallic,F97,LKSW - Black Extended Merino Leather,,5YM13EC00N9K54046,,9K54046,2MK,,,"Nov 22, 2021",,USA,"BMW of Orland Park, Orland Park, US",,,,,,,,
C4P - Brooklyn Grey Metallic,F97,LKSW - Black Extended Merino Leather,,5YM13EC03N9K55028,,9K55028,2MK,,,"Nov 22, 2021",,USA,"BMW of Anchorage, Anchorage, US",,,,,,,,
C1K - Marina Bay Blue Metallic,F97,VATQ - BMW Individual Tartufo Extended Merino Leather,,5YM13EC07N9K55095,,9K55095,2MK,,,"Nov 22, 2021",,USA,"BMW Langley, Langley, CA",,,,,,,,
C4P - Brooklyn Grey Metallic,F97,LKDA - Sakhir Orange Extended Merino Leather,,5YM13EC00N9K55133,,9K55133,2MK,,,"Nov 22, 2021",,USA,"BMW Laval, Laval, CA",,,,,,,,
C1K - Marina Bay Blue Metallic,F97,LKHV - Adelaide Grey Extended Merino Leather,,5YM13EC00N9K55214,,9K55214,2MK,,,"Nov 22, 2021",,USA,"BMW of Escondido, Escondido, US",,,,,,,,
300 - Alpine White,F97,LKSW - Black Extended Merino Leather,,5YM13EC05N9K55273,,9K55273,2MK,,,"Nov 22, 2021",,USA,"Germain BMW of Naples, Naples, US",,,,,,,,
C4P - Brooklyn Grey Metallic,F97,LKDA - Sakhir Orange Extended Merino Leather,,5YM13EC09N9K55308,,9K55308,2MK,,,"Nov 22, 2021",,USA,"Pfaff BMW, Mississauga, CA",,,,,,,,
C1K - Marina Bay Blue Metallic,F97,HDJA - Black/Midrand Beige Two-Tone Merino Leather / Alcantara,,5YM13EC02N9K55344,,9K55344,2MK,,,"Nov 22, 2021",,USA,"Park Shore BMW, North Vancouver, CA",,,,,,,,
A90 - Dark Graphite Metallic,F97,VATQ - BMW Individual Tartufo Extended Merino Leather,,5YM13EC07N9K55369,,9K55369,2MK,,,"Nov 22, 2021",,USA,"BMW of Denver Downtown, Denver, US",,,,,,,,
475 - Black Sapphire Metallic,F97,LKSW - Black Extended Merino Leather,,5YM13EC07N9K55405,,9K55405,2MK,,,"Nov 22, 2021",,USA,"BMW of Westbrook, Westbrook, US",,,,,,,,
C1K - Marina Bay Blue Metallic,F97,VATQ - BMW Individual Tartufo Extended Merino Leather,,5YM13EC04N9K55443,,9K55443,2MK,,,"Nov 22, 2021",,USA,"Autogermana, Inc., Hato Rey, US",,,,,,,,
A90 - Dark Graphite Metallic,F97,LKHV - Adelaide Grey Extended Merino Leather,,5YM13EC08N9K55476,,9K55476,2MK,,,"Nov 22, 2021",,USA,"Critz BMW, Savannah, US",,,,,,,,
300 - Alpine White,F97,LKHV - Adelaide Grey Extended Merino Leather,,5YM13EC07N9K55498,,9K55498,2MK,,,"Nov 22, 2021",,USA,"BMW of Tampa, Tampa, US",,,,,,,,
C4P - Brooklyn Grey Metallic,F97,LKSW - Black Extended Merino Leather,,5YM13EC01N9K55531,,9K55531,2MK,,,"Nov 22, 2021",,USA,"BMW of San Antonio/MINI of San Anto, San Antonio, US",,,,,,,,
300 - Alpine White,F97,LKSW - Black Extended Merino Leather,,5YM13EC0XN9K55589,,9K55589,2MK,,,"Nov 23, 2021",,USA,"BMW of West St. Louis, Manchester, US",,,,,,,,
C4P - Brooklyn Grey Metallic,F97,LKSW - Black Extended Merino Leather,,5YM13EC06N9K55623,,9K55623,2MK,,,"Nov 23, 2021",,USA,"United BMW, Alpharetta, US",,,,,,,,
C4P - Brooklyn Grey Metallic,F97,LKSW - Black Extended Merino Leather,,5YM13EC07N9K55730,,9K55730,2MK,,,"Nov 23, 2021",,USA,"Irvine BMW, Irvine, US",,,,,,,,
475 - Black Sapphire Metallic,F97,LKSW - Black Extended Merino Leather,,5YM13EC08N9K55784,,9K55784,2MK,,,"Nov 23, 2021",,USA,"BMW of Delray Beach, Delray Beach, US",,,,,,,,
C3G - Toronto Red Metallic,F97,LKSW - Black Extended Merino Leather,,5YM13EC01N9K55819,,9K55819,2MK,,,"Nov 23, 2021",,USA,"BMW of Tulsa, Tulsa, US",,,,,,,,
C4P - Brooklyn Grey Metallic,F97,LKDA - Sakhir Orange Extended Merino Leather,,5YM13EC07N9K55856,,9K55856,2MK,,,"Nov 23, 2021",,USA,"BMW Royal Oak, Calgary, CA",,,,,,,,
475 - Black Sapphire Metallic,F97,LKDA - Sakhir Orange Extended Merino Leather,,5YM13EC06N9K55881,,9K55881,2MK,,,"Nov 23, 2021",,USA,"Tulley BMW, Nashua, US",,,,,,,,
C1K - Marina Bay Blue Metallic,F97,HDJA - Black/Midrand Beige Two-Tone Merino Leather / Alcantara,,5YM13EC02N9K58261,,9K58261,2MK,,,"Nov 23, 2021",,USA,"Motorwerks BMW, Bloomington, US",,,,,,,,
C4P - Brooklyn Grey Metallic,F97,LKSW - Black Extended Merino Leather,,5YM13EC06N9K58313,,9K58313,2MK,,,"Nov 23, 2021",,USA,"Bill Jacobs BMW/MINI, Naperville, US",,,,,,,,
C4P - Brooklyn Grey Metallic,F97,LKSW - Black Extended Merino Leather,,5YM13EC05N9K58366,,9K58366,2MK,,,"Nov 23, 2021",,USA,"BMW of Sudbury, Sudbury, US",,,,,,,,
C4P - Brooklyn Grey Metallic,F97,LKSW - Black Extended Merino Leather,,5YM13EC03N9K58401,,9K58401,2MK,,,"Nov 23, 2021",,USA,"Grenier BMW, Terrebonne, CA",,,,,,,,
C1K - Marina Bay Blue Metallic,F97,LKSW - Black Extended Merino Leather,,5YM13EC03N9K58446,,9K58446,2MK,,,"Nov 23, 2021",,USA,"BMW of Bloomfield, Bloomfield, US",,,,,,,,
C1K - Marina Bay Blue Metallic,F97,LKDA - Sakhir Orange Extended Merino Leather,,5YM13EC07N9K58482,,9K58482,2MK,,,"Nov 23, 2021",,USA,"Park Avenue BMW, Rochelle Park, US",,,,,,,,
C1K - Marina Bay Blue Metallic,F97,HDJA - Black/Midrand Beige Two-Tone Merino Leather / Alcantara,,5YM13EC00N9K58534,,9K58534,2MK,,,"Nov 23, 2021",,USA,"BMW of Silver Spring, Silver Spring, US",,,,,,,,
416 - Carbon Black Metallic,F97,LKDA - Sakhir Orange Extended Merino Leather,,5YM13EC0XN9K58590,,9K58590,2MK,,,"Nov 24, 2021",,USA,"BMW of Mt. Laurel, Mount Laurel, US",,,,,,,,
300 - Alpine White,F97,LKDA - Sakhir Orange Extended Merino Leather,,5YM13EC05N9K58674,,9K58674,2MK,,,"Nov 24, 2021",,USA,"Valencia BMW, Valencia, US",,,,,,,,
C4P - Brooklyn Grey Metallic,F97,LKHV - Adelaide Grey Extended Merino Leather,,5YM13EC05N9K58710,,9K58710,2MK,,,"Nov 24, 2021",,USA,"Don Jacobs BMW, Lexington, US",,,,,,,,
C4P - Brooklyn Grey Metallic,F97,LKDA - Sakhir Orange Extended Merino Leather,,5YM13EC09N9K58760,,9K58760,2MK,,,"Nov 24, 2021",,USA,"BMW of Springfield, Springfield, US",,,,,,,,
475 - Black Sapphire Metallic,F97,LKHV - Adelaide Grey Extended Merino Leather,,5YM13EC06N9K58814,,9K58814,2MK,,,"Nov 24, 2021",,USA,"Valencia BMW, Valencia, US",,,,,,,,
300 - Alpine White,F97,LKDA - Sakhir Orange Extended Merino Leather,,5YM13EC05N9K58917,,9K58917,2MK,,,"Nov 24, 2021",,USA,"Orange County BMW, Harriman, US",,,,,,,,
416 - Carbon Black Metallic,F97,VATQ - BMW Individual Tartufo Extended Merino Leather,,5YM13EC00N9K58968,,9K58968,2MK,,,"Nov 24, 2021",,USA,"Braman Motorcars/Braman MINI of Pal, West Palm Beach, US",,,,,,,,
C4P - Brooklyn Grey Metallic,F97,LKDA - Sakhir Orange Extended Merino Leather,,5YM13EC03N9K59032,,9K59032,2MK,,,"Nov 24, 2021",,USA,"BMW of Houston Midtown, Houston, US",,,,,,,,
C4P - Brooklyn Grey Metallic,F97,LKSW - Black Extended Merino Leather,,5YM13EC01N9K59188,,9K59188,2MK,,,"Nov 29, 2021",,USA,"Motorwerks BMW, Bloomington, US",,,,,,,,
300 - Alpine White,F97,LKDA - Sakhir Orange Extended Merino Leather,,5YM13EC04N9K59251,,9K59251,2MK,,,"Nov 29, 2021",,USA,"BMW of Mt. Laurel, Mount Laurel, US",,,,,,,,
C4P - Brooklyn Grey Metallic,F97,LKDA - Sakhir Orange Extended Merino Leather,,5YM13EC04N9K59346,,9K59346,2MK,,,"Nov 29, 2021",,USA,"BMW of Houston Midtown, Houston, US",,,,,,,,
300 - Alpine White,F97,LKSW - Black Extended Merino Leather,,5YM13EC0XN9K59495,,9K59495,2MK,,,"Nov 29, 2021",,USA,"Fields BMW, Winter Park, US",,,,,,,,
475 - Black Sapphire Metallic,F97,LKSW - Black Extended Merino Leather,,5YM13EC00N9K59618,,9K59618,2MK,,,"Nov 30, 2021",,USA,"BMW of Minnetonka, Minnetonka, US",,,,,,,,
C1K - Marina Bay Blue Metallic,F97,LKSW - Black Extended Merino Leather,,5YM13EC03N9K59662,,9K59662,2MK,,,"Nov 30, 2021",,USA,"BMW Laval, Laval, CA",,,,,,,,
C1K - Marina Bay Blue Metallic,F97,LKDA - Sakhir Orange Extended Merino Leather,,5YM13EC05N9K59727,,9K59727,2MK,,,"Nov 30, 2021",,USA,"Brian Jessel BMW, Vancouver, CA",,,,,,,,
C1K - Marina Bay Blue Metallic,F97,LKSW - Black Extended Merino Leather,,5YM13EC06N9K59803,,9K59803,2MK,,,"Nov 30, 2021",,USA,"Hendrick BMW, Charlotte, US",,,,,,,,
A90 - Dark Graphite Metallic,F97,MAH7 - Black Vernasca Leather,,5YM13EC04N9K59878,,9K59878,2MK,,,"Nov 30, 2021",,USA,"New Century BMW, Alhambra, US",,,,,,,,
P6M - IND. Grigio Telesto Pearl Effect Metallic,F97,LKDA - Sakhir Orange Extended Merino Leather,,5YM13EC01N9K62561,,9K62561,2MK,,,"Dec 1, 2021",,USA,"BMW of Mountain View, Mountain View, US",,,,,,,,
300 - Alpine White,F97,LKDA - Sakhir Orange Extended Merino Leather,,5YM13EC09N9K63103,,9K63103,2MK,,,"Dec 2, 2021",,USA,"Schomp BMW of Highlands Ranch, Highlands Ranch, US",,,,,,,,
C4P - Brooklyn Grey Metallic,F97,LKSW - Black Extended Merino Leather,,5YM13EC04N9K64109,,9K64109,2MK,,,"Dec 2, 2021",,USA,"Irvine BMW, Irvine, US",,,,,,,,
C4P - Brooklyn Grey Metallic,F97,LKSW - Black Extended Merino Leather,,5YM13EC04N9K64143,,9K64143,2MK,,,"Dec 2, 2021",,USA,"Global Imports BMW, Atlanta, US",,,,,,,,
C4P - Brooklyn Grey Metallic,F97,LKDA - Sakhir Orange Extended Merino Leather,,5YM13EC04N9K64191,,9K64191,2MK,,,"Dec 2, 2021",,USA,"BMW of Minnetonka, Minnetonka, US",,,,,,,,
C4P - Brooklyn Grey Metallic,F97,LKSW - Black Extended Merino Leather,,5YM13EC0XN9K64244,,9K64244,2MK,,,"Dec 2, 2021",,USA,"BMW of Springfield, Springfield, US",,,,,,,,
C4P - Brooklyn Grey Metallic,F97,LKHV - Adelaide Grey Extended Merino Leather,,5YM13EC01N9K64293,,9K64293,2MK,,,"Dec 4, 2021",,USA,"BMW of Louisville, Louisville, US",,,,,,,,
C4P - Brooklyn Grey Metallic,F97,LKSW - Black Extended Merino Leather,,5YM13EC0XN9K64342,,9K64342,2MK,,,"Dec 4, 2021",,USA,"BMW of The Woodlands, The Woodlands, US",,,,,,,,
C4P - Brooklyn Grey Metallic,F97,LKSW - Black Extended Merino Leather,,5YM13EC02N9K64383,,9K64383,2MK,,,"Dec 4, 2021",,USA,"BMW of Devon, Devon, US",,,,,,,,
C4P - Brooklyn Grey Metallic,F97,HDJA - Black/Midrand Beige Two-Tone Merino Leather / Alcantara,,5YM13EC0XN9K64440,,9K64440,2MK,,,"Dec 5, 2021",,USA,"BMW Toronto, Toronto, CA",,,,,,,,
C4P - Brooklyn Grey Metallic,F97,LKSW - Black Extended Merino Leather,,5YM13EC0XN9K64499,,9K64499,2MK,,,"Dec 5, 2021",,USA,"Birchwood BMW, Winnipeg, CA",,,,,,,,
C4P - Brooklyn Grey Metallic,F97,LKDA - Sakhir Orange Extended Merino Leather,,5YM13EC06N9K64550,,9K64550,2MK,,,"Dec 5, 2021",,USA,"Beverly Hills BMW, Los Angeles, US",,,,,,,,
C4P - Brooklyn Grey Metallic,F97,LKDA - Sakhir Orange Extended Merino Leather,,5YM13EC05N9K64586,,9K64586,2MK,,,"Dec 5, 2021",,USA,"BMW of Temple, Temple, US",,,,,,,,
C4P - Brooklyn Grey Metallic,F97,LKSW - Black Extended Merino Leather,,5YM13EC00N9K64639,,9K64639,2MK,,,"Dec 3, 2021",,USA,"Germain BMW of Naples, Naples, US",,,,,,,,
C4P - Brooklyn Grey Metallic,F97,LKDA - Sakhir Orange Extended Merino Leather,,5YM13EC01N9K64696,,9K64696,2MK,,,"Dec 3, 2021",,USA,"BMW of Springfield, Springfield, US",,,,,,,,
C4P - Brooklyn Grey Metallic,F97,LKDA - Sakhir Orange Extended Merino Leather,,5YM13EC03N9K64747,,9K64747,2MK,,,"Dec 3, 2021",,USA,"BMW of Madison, Madison, US",,,,,,,,
C4P - Brooklyn Grey Metallic,F97,LKDA - Sakhir Orange Extended Merino Leather,,5YM13EC01N9K64780,,9K64780,2MK,,,"Dec 3, 2021",,USA,"Circle BMW, Eatontown, US",,,,,,,,
C4P - Brooklyn Grey Metallic,F97,HDJA - Black/Midrand Beige Two-Tone Merino Leather / Alcantara,,5YM13EC07N9K64833,,9K64833,2MK,,,"Dec 3, 2021",,USA,"Peterson BMW of Boise, Boise, US",,,,,,,,
C4P - Brooklyn Grey Metallic,F97,VATQ - BMW Individual Tartufo Extended Merino Leather,,5YM13EC01N9K64889,,9K64889,2MK,,,"Dec 3, 2021",,USA,"BMW of Denver Downtown, Denver, US",,,,,,,,
C4P - Brooklyn Grey Metallic,F97,HDJA - Black/Midrand Beige Two-Tone Merino Leather / Alcantara,,5YM13EC09N9K64946,,9K64946,2MK,,,"Dec 3, 2021",,USA,"Bert Smith International, St. Petersburg, US",,,,,,,,
C4P - Brooklyn Grey Metallic,F97,LKDA - Sakhir Orange Extended Merino Leather,,5YM13EC08N9K65005,,9K65005,2MK,,,"Dec 3, 2021",,USA,"Stevens Creek BMW, Santa Clara, US",,,,,,,,
C4P - Brooklyn Grey Metallic,F97,VATQ - BMW Individual Tartufo Extended Merino Leather,,5YM13EC05N9K66502,,9K66502,2MK,,,"Dec 4, 2021",,USA,"BMW of Asheville, Arden, US",,,,,,,,
C4P - Brooklyn Grey Metallic,F97,LKSW - Black Extended Merino Leather,,5YM13EC0XN9K66558,,9K66558,2MK,,,"Dec 4, 2021",,USA,"BMW of Grapevine, Grapevine, US",,,,,,,,
475 - Black Sapphire Metallic,F97,LKSW - Black Extended Merino Leather,,5YM13EC00N9K66679,,9K66679,2MK,,,"Dec 4, 2021",,USA,"BMW of San Rafael, San Rafael, US",,,,,,,,
C4P - Brooklyn Grey Metallic,F97,LKHV - Adelaide Grey Extended Merino Leather,,5YM13EC01N9K66769,,9K66769,2MK,,,"Dec 4, 2021",,USA,"Bob Smith BMW, Calabasas, US",,,,,,,,
C1K - Marina Bay Blue Metallic,F97,VATQ - BMW Individual Tartufo Extended Merino Leather,,5YM13EC07N9K66808,,9K66808,2MK,,,"Dec 4, 2021",,USA,"United BMW, Alpharetta, US",,,,,,,,
C4P - Brooklyn Grey Metallic,F97,HDJA - Black/Midrand Beige Two-Tone Merino Leather / Alcantara,,5YM13EC06N9K66864,,9K66864,2MK,,,"Dec 4, 2021",,USA,"BMW North Scottsdale, Phoenix, US",,,,,,,,
C1K - Marina Bay Blue Metallic,F97,LKSW - Black Extended Merino Leather,,5YM13EC03N9K66921,,9K66921,2MK,,,"Dec 4, 2021",,USA,"BMW of Rochester Hills, Shelby Township, US",,,,,,,,
C4P - Brooklyn Grey Metallic,F97,LKSW - Black Extended Merino Leather,,5YM13EC08N9K66977,,9K66977,2MK,,,"Dec 4, 2021",,USA,"BMW of the Main Line, Bala Cynwyd, US",,,,,,,,
300 - Alpine White,F97,LKHV - Adelaide Grey Extended Merino Leather,,5YM13EC07N9K67036,,9K67036,2MK,,,"Dec 5, 2021",,USA,"Chapman BMW, Chandler, US",,,,,,,,
C4P - Brooklyn Grey Metallic,F97,LKSW - Black Extended Merino Leather,,5YM13EC04N9K67091,,9K67091,2MK,,,"Dec 5, 2021",,USA,"Crown BMW, Greensboro, US",,,,,,,,
475 - Black Sapphire Metallic,F97,LKSW - Black Extended Merino Leather,,5YM13EC07N9K67179,,9K67179,2MK,,,"Dec 6, 2021",,USA,"BMW of Houston Midtown, Houston, US",,,,,,,,
C1K - Marina Bay Blue Metallic,F97,VATQ - BMW Individual Tartufo Extended Merino Leather,,5YM13EC06N9K67237,,9K67237,2MK,,,"Dec 6, 2021",,USA,"BMW of Tyler, Tyler, US",,,,,,,,
C4P - Brooklyn Grey Metallic,F97,LKHV - Adelaide Grey Extended Merino Leather,,5YM13EC02N9K67297,,9K67297,2MK,,,"Dec 6, 2021",,USA,"BMW of El Cajon, El Cajon, US",,,,,,,,
C4P - Brooklyn Grey Metallic,F97,LKSW - Black Extended Merino Leather,,5YM13EC06N9K67352,,9K67352,2MK,,,"Dec 6, 2021",,USA,"Passport BMW, Suitland, US",,,,,,,,
C4P - Brooklyn Grey Metallic,F97,LKSW - Black Extended Merino Leather,,5YM13EC03N9K67471,,9K67471,2MK,,,"Dec 6, 2021",,USA,"BMW of Bridgeport, Bridgeport, US",,,,,,,,
C1K - Marina Bay Blue Metallic,F97,LKSW - Black Extended Merino Leather,,5YM13EC03N9K68880,,9K68880,2MK,,,"Dec 6, 2021",,USA,"BMW of Mt. Laurel, Mount Laurel, US",,,,,,,,
300 - Alpine White,F97,LKDA - Sakhir Orange Extended Merino Leather,,5YM13EC08N9K69006,,9K69006,2MK,,,"Dec 6, 2021",,USA,"Vista BMW, Coconut Creek, US",,,,,,,,
C1K - Marina Bay Blue Metallic,F97,LKSW - Black Extended Merino Leather,,5YM13EC03N9K69060,,9K69060,2MK,,,"Dec 6, 2021",,USA,"New Country BMW, Hartford, US",,,,,,,,
475 - Black Sapphire Metallic,F97,LKSW - Black Extended Merino Leather,,5YM13EC04N9K69097,,9K69097,2MK,,,"Dec 6, 2021",,USA,"BMW North Scottsdale, Phoenix, US",,,,,,,,
416 - Carbon Black Metallic,F97,LKHV - Adelaide Grey Extended Merino Leather,,5YM13EC00N9K69145,,9K69145,2MK,,,"Dec 6, 2021",,USA,"BMW of Roseville, Roseville, US",,,,,,,,
300 - Alpine White,F97,LKDA - Sakhir Orange Extended Merino Leather,,5YM13EC06N9K69179,,9K69179,2MK,,,"Dec 6, 2021",,USA,"BMW/MINI of Sterling, Sterling, US",,,,,,,,
C1K - Marina Bay Blue Metallic,F97,LKSW - Black Extended Merino Leather,,5YM13EC09N9K69225,,9K69225,2MK,,,"Dec 7, 2021",,USA,"Global Imports BMW, Atlanta, US",,,,,,,,
C4H - Sao Paulo Yellow,F97,LKSW - Black Extended Merino Leather,,5YM13EC04N9K69259,,9K69259,2MK,,,"Dec 7, 2021",,USA,"Braman BMW/Braman MINI of Miami, Miami, US",,,,,,,,
C1K - Marina Bay Blue Metallic,F97,LKSW - Black Extended Merino Leather,,5YM13EC00N9K69310,,9K69310,2MK,,,"Dec 7, 2021",,USA,"BMW of San Antonio/MINI of San Anto, San Antonio, US",,,,,,,,
475 - Black Sapphire Metallic,F97,VATQ - BMW Individual Tartufo Extended Merino Leather,,5YM13EC07N9K69370,,9K69370,2MK,,,"Dec 7, 2021",,USA,"BMW of Akron, Akron, US",,,,,,,,
475 - Black Sapphire Metallic,F97,LKDA - Sakhir Orange Extended Merino Leather,,5YM13EC03N9K69429,,9K69429,2MK,,,"Dec 7, 2021",,USA,"BMW of Norwood, Norwood, US",,,,,,,,
475 - Black Sapphire Metallic,F97,VATQ - BMW Individual Tartufo Extended Merino Leather,,5YM13EC08N9K69488,,9K69488,2MK,,,"Dec 7, 2021",,USA,"BMW of Westchester, White Plains, US",,,,,,,,
475 - Black Sapphire Metallic,F97,LKDA - Sakhir Orange Extended Merino Leather,,5YM13EC01N9K71471,,9K71471,2MK,,,"Dec 7, 2021",,USA,"BMW of Wichita, Wichita, US",,,,,,,,
C4H - Sao Paulo Yellow,F97,LKSW - Black Extended Merino Leather,,5YM13EC0XN9K71503,,9K71503,2MK,,,"Dec 7, 2021",,USA,"Performance BMW, St. Catharines, CA",,,,,,,,
C1K - Marina Bay Blue Metallic,F97,HDJA - Black/Midrand Beige Two-Tone Merino Leather / Alcantara,,5YM13EC03N9K71553,,9K71553,2MK,,,"Dec 7, 2021",,USA,"Fields BMW, Winter Park, US",,,,,,,,
C1K - Marina Bay Blue Metallic,F97,LKSW - Black Extended Merino Leather,,5YM13EC04N9K71612,,9K71612,2MK,,,"Dec 7, 2021",,USA,"Calgary BMW, Calgary, CA",,,,,,,,
300 - Alpine White,F97,LKHV - Adelaide Grey Extended Merino Leather,,5YM13EC07N9K71667,,9K71667,2MK,,,"Dec 7, 2021",,USA,"BMW of San Luis Obispo, San Luis Obispo, US",,,,,,,,
475 - Black Sapphire Metallic,F97,LKSW - Black Extended Merino Leather,,5YM13EC07N9K71703,,9K71703,2MK,,,"Dec 7, 2021",,USA,"Irvine BMW, Irvine, US",,,,,,,,
C1K - Marina Bay Blue Metallic,F97,HDJA - Black/Midrand Beige Two-Tone Merino Leather / Alcantara,,5YM13EC02N9K71804,,9K71804,2MK,,,"Dec 8, 2021",,USA,"BMW Markham, Markham, CA",,,,,,,,
C1K - Marina Bay Blue Metallic,F97,LKDA - Sakhir Orange Extended Merino Leather,,5YM13EC0XN9K71839,,9K71839,2MK,,,"Dec 8, 2021",,USA,"BMW of Denver Downtown, Denver, US",,,,,,,,
475 - Black Sapphire Metallic,F97,LKSW - Black Extended Merino Leather,,5YM13EC08N9K71886,,9K71886,2MK,,,"Dec 8, 2021",,USA,"East Bay BMW, Pleasanton, US",,,,,,,,
C3G - Toronto Red Metallic,F97,LKSW - Black Extended Merino Leather,,5YM13EC03N9K72010,,9K72010,2MK,,,"Dec 8, 2021",,USA,"Jackie Cooper Imports/MINI, Edmond, US",,,,,,,,
A90 - Dark Graphite Metallic,F97,LKDA - Sakhir Orange Extended Merino Leather,,5YM13EC04N9K75868,,9K75868,2MK,,,"Dec 10, 2021",,USA,"BMW of Fort Wayne, Fort Wayne, US",,,,,,,,
475 - Black Sapphire Metallic,F97,LKSW - Black Extended Merino Leather,,5YM13EC09N9K75915,,9K75915,2MK,,,"Dec 10, 2021",,USA,"BMW of Barrington, Barrington, US",,,,,,,,
300 - Alpine White,F97,LKSW - Black Extended Merino Leather,,5YM13EC0XN9K76023,,9K76023,2MK,,,"Dec 10, 2021",,USA,"BMW Concord, Concord, US",,,,,,,,
475 - Black Sapphire Metallic,F97,LKSW - Black Extended Merino Leather,,5YM13EC07N9K76058,,9K76058,2MK,,,"Dec 10, 2021",,USA,"Taylor BMW, Evans, US",,,,,,,,
C1K - Marina Bay Blue Metallic,F97,VATQ - BMW Individual Tartufo Extended Merino Leather,,5YM13EC01N9K76105,,9K76105,2MK,,,"Dec 10, 2021",,USA,"BMW Performance Center (SC), Greer, US",,,,,,,,
A90 - Dark Graphite Metallic,F97,VATQ - BMW Individual Tartufo Extended Merino Leather,,5YM13EC03N9K76252,,9K76252,2MK,,,"Dec 10, 2021",,USA,"BMW Seattle, Seattle, US",,,,,,,,
C1K - Marina Bay Blue Metallic,F97,LKHV - Adelaide Grey Extended Merino Leather,,5YM13EC07N9K76500,,9K76500,2MK,,,"Dec 10, 2021",,USA,"BMW of West St. Louis, Manchester, US",,,,,,,,
A90 - Dark Graphite Metallic,F97,HDJA - Black/Midrand Beige Two-Tone Merino Leather / Alcantara,,5YM13EC04N9K76549,,9K76549,2MK,,,"Dec 11, 2021",,USA,"BMW of Sioux Falls, Sioux Falls, US",,,,,,,,
C3G - Toronto Red Metallic,F97,LKHV - Adelaide Grey Extended Merino Leather,,5YM13EC06N9K76584,,9K76584,2MK,,,"Dec 11, 2021",,USA,"BMW of Plano, Plano, US",,,,,,,,
C4H - Sao Paulo Yellow,F97,LKSW - Black Extended Merino Leather,,5YM13EC00N9K76628,,9K76628,2MK,,,"Dec 11, 2021",,USA,"I. G. Burton BMW, Milford, US",,,,,,,,
A90 - Dark Graphite Metallic,F97,HDJA - Black/Midrand Beige Two-Tone Merino Leather / Alcantara,,5YM13EC00N9K76662,,9K76662,2MK,,,"Dec 11, 2021",,USA,"BMW of Newport, Middletown, US",,,,,,,,
300 - Alpine White,F97,VATQ - BMW Individual Tartufo Extended Merino Leather,,5YM13EC00N9K76709,,9K76709,2MK,,,"Dec 12, 2021",,USA,"BMW of Birmingham, Irondale, US",,,,,,,,
C1K - Marina Bay Blue Metallic,F97,LKSW - Black Extended Merino Leather,,5YM13EC02N9K76744,,9K76744,2MK,,,"Dec 12, 2021",,USA,"Sandia BMW/MINI, Albuquerque, US",,,,,,,,
475 - Black Sapphire Metallic,F97,LKSW - Black Extended Merino Leather,,5YM13EC0XN9K76801,,9K76801,2MK,,,"Dec 12, 2021",,USA,"Beverly Hills BMW, Los Angeles, US",,,,,,,,
A90 - Dark Graphite Metallic,F97,LKSW - Black Extended Merino Leather,,5YM13EC06N9K76861,,9K76861,2MK,,,"Dec 13, 2021",,USA,"BMW Toronto, Toronto, CA",,,,,,,,
416 - Carbon Black Metallic,F97,HDJA - Black/Midrand Beige Two-Tone Merino Leather / Alcantara,,5YM13EC03N9K76915,,9K76915,2MK,,,"Dec 13, 2021",,USA,"BMW of Manhattan, New York, US",,,,,,,,
C1K - Marina Bay Blue Metallic,F97,HDJA - Black/Midrand Beige Two-Tone Merino Leather / Alcantara,,5YM13EC09N9K76952,,9K76952,2MK,,,"Dec 13, 2021",,USA,"BMW of Silver Spring, Silver Spring, US",,,,,,,,
C1K - Marina Bay Blue Metallic,F97,LKHV - Adelaide Grey Extended Merino Leather,,5YM13EC08N9K77008,,9K77008,2MK,,,"Dec 13, 2021",,USA,"BMW of San Rafael, San Rafael, US",,,,,,,,
C1K - Marina Bay Blue Metallic,F97,VATQ - BMW Individual Tartufo Extended Merino Leather,,5YM13EC07N9K77064,,9K77064,2MK,,,"Dec 13, 2021",,USA,"Braman Motorcars/Braman MINI of Pal, West Palm Beach, US",,,,,,,,
C1K - Marina Bay Blue Metallic,F97,LKDA - Sakhir Orange Extended Merino Leather,,5YM13EC02N9K77103,,9K77103,2MK,,,"Dec 13, 2021",,USA,"BMW of the Main Line, Bala Cynwyd, US",,,,,,,,
C3G - Toronto Red Metallic,F97,LKHV - Adelaide Grey Extended Merino Leather,,5YM13EC03N9K77157,,9K77157,2MK,,,"Dec 13, 2021",,USA,"BMW Performance Center (SC), Greer, US",,,,,,,,
C3G - Toronto Red Metallic,F97,LKDA - Sakhir Orange Extended Merino Leather,,5YM13EC04N9K79581,,9K79581,2MK,,,"Dec 13, 2021",,USA,"Park Shore BMW, North Vancouver, CA",,,,,,,,
A90 - Dark Graphite Metallic,F97,LKDA - Sakhir Orange Extended Merino Leather,,5YM13EC01N9K79697,,9K79697,2MK,,,"Dec 13, 2021",,USA,"Fields BMW, Northfield, US",,,,,,,,
A90 - Dark Graphite Metallic,F97,LKHV - Adelaide Grey Extended Merino Leather,,5YM13EC00N9K79982,,9K79982,2MK,,,"Dec 14, 2021",,USA,"BMW of Eugene, Eugene, US",,,,,,,,
C3G - Toronto Red Metallic,F97,LKSW - Black Extended Merino Leather,,5YM13EC04N9K80018,,9K80018,2MK,,,"Dec 14, 2021",,USA,"Brian Harris BMW, Baton Rouge, US",,,,,,,,
416 - Carbon Black Metallic,F97,MAH7 - Black Vernasca Leather,,5YM13EC02N9K80065,,9K80065,2MK,,,"Dec 14, 2021",,USA,"BMW Seattle, Seattle, US",,,,,,,,
475 - Black Sapphire Metallic,F97,LKSW - Black Extended Merino Leather,,5YM13EC05N9K80108,,9K80108,2MK,,,"Dec 14, 2021",,USA,"BMW of Escondido, Escondido, US",,,,,,,,
C3G - Toronto Red Metallic,F97,LKDA - Sakhir Orange Extended Merino Leather,,5YM13EC0XN9K82243,,9K82243,2MK,,,"Dec 15, 2021",,USA,"BMW of Manhattan, New York, US",,,,,,,,
300 - Alpine White,F97,LKSW - Black Extended Merino Leather,,5YM13EC05N9K82456,,9K82456,2MK,,,"Dec 15, 2021",,USA,"BMW of Fremont, Fremont, US",,,,,,,,
C4P - Brooklyn Grey Metallic,F97,VATQ - BMW Individual Tartufo Extended Merino Leather,,5YM13EC03N9K82570,,9K82570,2MK,,,"Dec 15, 2021",,USA,"BMW of Reading, Reading, US",,,,,,,,
C4H - Sao Paulo Yellow,F97,LKSW - Black Extended Merino Leather,,5YM13EC03N9K83654,,9K83654,2MK,,,"Dec 16, 2021",,USA,"Rusnak BMW, Thousand Oaks, US",,,,,,,,
C4P - Brooklyn Grey Metallic,F97,LKDA - Sakhir Orange Extended Merino Leather,,5YM13EC00N9K83692,,9K83692,2MK,,,"Dec 16, 2021",,USA,"BMW of Springfield, Springfield, US",,,,,,,,
C4P - Brooklyn Grey Metallic,F97,LKDA - Sakhir Orange Extended Merino Leather,,5YM13EC00N9K83739,,9K83739,2MK,,,"Dec 16, 2021",,USA,"Arrowhead BMW, Glendale, US",,,,,,,,
C4P - Brooklyn Grey Metallic,F97,LKDA - Sakhir Orange Extended Merino Leather,,5YM13EC09N9K83772,,9K83772,2MK,,,"Dec 16, 2021",,USA,"Open Road BMW, Edison, US",,,,,,,,
C4P - Brooklyn Grey Metallic,F97,LKSW - Black Extended Merino Leather,,5YM13EC05N9K83803,,9K83803,2MK,,,"Dec 16, 2021",,USA,"Beverly Hills BMW, Los Angeles, US",,,,,,,,
416 - Carbon Black Metallic,F97,MAH7 - Black Vernasca Leather,,5YM13EC05N9K83848,,9K83848,2MK,,,"Dec 16, 2021",,USA,"BMW Seattle, Seattle, US",,,,,,,,
416 - Carbon Black Metallic,F97,VATQ - BMW Individual Tartufo Extended Merino Leather,,5YM13EC00N9K83885,,9K83885,2MK,,,"Dec 16, 2021",,USA,"Towne BMW, Williamsville, US",,,,,,,,
C4P - Brooklyn Grey Metallic,F97,LKSW - Black Extended Merino Leather,,5YM13EC04N9K83937,,9K83937,2MK,,,"Dec 16, 2021",,USA,"BMW of Stratham, Stratham, US",,,,,,,,
475 - Black Sapphire Metallic,F97,LKSW - Black Extended Merino Leather,,5YM13EC08N9K83990,,9K83990,2MK,,,"Dec 16, 2021",,USA,"Bobby Rahal BMW of South Hills, Canonsburg, US",,,,,,,,
C4P - Brooklyn Grey Metallic,F97,LKDA - Sakhir Orange Extended Merino Leather,,5YM13EC03N9K84027,,9K84027,2MK,,,"Dec 16, 2021",,USA,"BMW of Roxbury, Kenvil, US",,,,,,,,
C4P - Brooklyn Grey Metallic,F97,LKDA - Sakhir Orange Extended Merino Leather,,5YM13EC05N9K84112,,9K84112,2MK,,,"Dec 16, 2021",,USA,"BMW of Turnersville, Turnersville, US",,,,,,,,
C3G - Toronto Red Metallic,F97,LKHV - Adelaide Grey Extended Merino Leather,,5YM13EC00N9K84258,,9K84258,2MK,,,"Dec 16, 2021",,USA,"BMW of Bakersfield, Bakersfield, US",,,,,,,,
C4P - Brooklyn Grey Metallic,F97,HDJA - Black/Midrand Beige Two-Tone Merino Leather / Alcantara,,5YM13EC00N9K84311,,9K84311,2MK,,,"Dec 16, 2021",,USA,"BMW Performance Center (SC), Greer, US",,,,,,,,
A90 - Dark Graphite Metallic,F97,LKDA - Sakhir Orange Extended Merino Leather,,5YM13EC01N9K84396,,9K84396,2MK,,,"Dec 17, 2021",,USA,"Maranello BMW, Vaughan, CA",,,,,,,,
475 - Black Sapphire Metallic,F97,LKDA - Sakhir Orange Extended Merino Leather,,5YM13EC03N9K84433,,9K84433,2MK,,,"Dec 17, 2021",,USA,"BMW Markham, Markham, CA",,,,,,,,
A90 - Dark Graphite Metallic,F97,LKDA - Sakhir Orange Extended Merino Leather,,5YM13EC02N9K84486,,9K84486,2MK,,,"Dec 17, 2021",,USA,"BMW Laval, Laval, CA",,,,,,,,
C1K - Marina Bay Blue Metallic,F97,VATQ - BMW Individual Tartufo Extended Merino Leather,,5YM13EC05N9K84580,,9K84580,2MK,,,"Dec 17, 2021",,USA,"Century BMW, Greenville, US",,,,,,,,
A90 - Dark Graphite Metallic,F97,LKDA - Sakhir Orange Extended Merino Leather,,5YM13EC01N9K84639,,9K84639,2MK,,,"Dec 17, 2021",,USA,"BMW Montreal Centre, Montreal, CA",,,,,,,,
C4P - Brooklyn Grey Metallic,F97,VATQ - BMW Individual Tartufo Extended Merino Leather,,5YM13EC09N9K84694,,9K84694,2MK,,,"Dec 17, 2021",,USA,"Global Imports BMW, Atlanta, US",,,,,,,,
300 - Alpine White,F97,MAH7 - Black Vernasca Leather,,5YM13EC01N9K84785,,9K84785,2MK,,,"Dec 17, 2021",,USA,"BMW of Westlake, Cuyahoga, US",,,,,,,,
A90 - Dark Graphite Metallic,F97,LKDA - Sakhir Orange Extended Merino Leather,,5YM13EC06N9K84975,,9K84975,2MK,,,"Dec 17, 2021",,USA,"BMW of San Francisco, San Francisco, US",,,,,,,,
475 - Black Sapphire Metallic,F97,LKDA - Sakhir Orange Extended Merino Leather,,5YM13EC00N9K85877,,9K85877,2MK,,,"Dec 18, 2021",,USA,"Habberstad BMW, Huntington Station, US",,,,,,,,
416 - Carbon Black Metallic,F97,LKDA - Sakhir Orange Extended Merino Leather,,5YM13EC09N9K85974,,9K85974,2MK,,,"Dec 18, 2021",,USA,"BMW of Brooklyn, Brooklyn, US",,,,,,,,
475 - Black Sapphire Metallic,F97,LKSW - Black Extended Merino Leather,,5YM13EC07N9K86010,,9K86010,2MK,,,"Dec 18, 2021",,USA,"Bavaria BMW, Edmonton, CA",,,,,,,,
C1K - Marina Bay Blue Metallic,F97,LKSW - Black Extended Merino Leather,,5YM13EC00N9K86060,,9K86060,2MK,,,"Dec 18, 2021",,USA,"BMW of Fairfax, Fairfax, US",,,,,,,,
300 - Alpine White,F97,LKDA - Sakhir Orange Extended Merino Leather,,5YM13EC05N9K86099,,9K86099,2MK,,,"Dec 18, 2021",,USA,"BMW of Des Moines, Urbandale, US",,,,,,,,
C4H - Sao Paulo Yellow,F97,LKSW - Black Extended Merino Leather,,5YM13EC03N9K86148,,9K86148,2MK,,,"Dec 18, 2021",,USA,"BMW of Anchorage, Anchorage, US",,,,,,,,
C4H - Sao Paulo Yellow,F97,LKDA - Sakhir Orange Extended Merino Leather,,5YM13EC07N9K86184,,9K86184,2MK,,,"Dec 18, 2021",,USA,"Laurel BMW of Westmont, Westmont, US",,,,,,,,
C1K - Marina Bay Blue Metallic,F97,LKSW - Black Extended Merino Leather,,5YM13EC02N9K86223,,9K86223,2MK,,,"Dec 18, 2021",,USA,"BMW of Southpoint, Durham, US",,,,,,,,
C3G - Toronto Red Metallic,F97,LKDA - Sakhir Orange Extended Merino Leather,,5YM13EC07N9K86380,,9K86380,2MK,,,"Dec 19, 2021",,USA,"New Motors, Inc., Erie, US",,,,,,,,
475 - Black Sapphire Metallic,F97,LKDA - Sakhir Orange Extended Merino Leather,,5YM13EC0XN9K86423,,9K86423,2MK,,,"Dec 19, 2021",,USA,"BMW of Morristown, Morristown, US",,,,,,,,
A90 - Dark Graphite Metallic,F97,LKSW - Black Extended Merino Leather,,5YM13EC04N9K86479,,9K86479,2MK,,,"Dec 19, 2021",,USA,"BMW of Rockland, Rockland, US",,,,,,,,
C4P - Brooklyn Grey Metallic,F97,LKDA - Sakhir Orange Extended Merino Leather,,5YM13EC04N9K87468,,9K87468,2MK,,,"Dec 20, 2021",,USA,"BMW Tucson, Tucson, US",,,,,,,,
C4P - Brooklyn Grey Metallic,F97,LKDA - Sakhir Orange Extended Merino Leather,,5YM13EC03N9K87526,,9K87526,2MK,,,"Dec 20, 2021",,USA,"BMW of Grapevine, Grapevine, US",,,,,,,,
C4P - Brooklyn Grey Metallic,F97,LKHV - Adelaide Grey Extended Merino Leather,,5YM13EC04N9K87681,,9K87681,2MK,,,"Dec 20, 2021",,USA,"Rusnak BMW, Thousand Oaks, US",,,,,,,,
C4P - Brooklyn Grey Metallic,F97,LKDA - Sakhir Orange Extended Merino Leather,,5YM13EC03N9K87722,,9K87722,2MK,,,"Dec 20, 2021",,USA,"BMW of Fort Lauderdale, Fort Lauderdale, US",,,,,,,,
C4P - Brooklyn Grey Metallic,F97,LKSW - Black Extended Merino Leather,,5YM13EC06N9K87777,,9K87777,2MK,,,"Dec 20, 2021",,USA,"BMW of Toledo, Toledo, US",,,,,,,,
C4P - Brooklyn Grey Metallic,F97,LKSW - Black Extended Merino Leather,,5YM13EC05N9K87818,,9K87818,2MK,,,"Dec 20, 2021",,USA,"BMW of Northwest Arkansas, Bentonville, US",,,,,,,,
C4P - Brooklyn Grey Metallic,F97,LKHV - Adelaide Grey Extended Merino Leather,,5YM13EC02N9K87873,,9K87873,2MK,,,"Dec 20, 2021",,USA,"BMW Fresno, Fresno, US",,,,,,,,
C4P - Brooklyn Grey Metallic,F97,LKDA - Sakhir Orange Extended Merino Leather,,5YM13EC03N9K87915,,9K87915,2MK,,,"Dec 20, 2021",,USA,"BMW of San Diego, San Diego, US",,,,,,,,
C4P - Brooklyn Grey Metallic,F97,LKSW - Black Extended Merino Leather,,5YM13EC04N9K87972,,9K87972,2MK,,,"Dec 20, 2021",,USA,"Autogermana, Inc., Hato Rey, US",,,,,,,,
C4P - Brooklyn Grey Metallic,F97,LKDA - Sakhir Orange Extended Merino Leather,,5YM13EC05N9K88015,,9K88015,2MK,,,"Dec 20, 2021",,USA,"BMW of Ontario, Ontario, US",,,,,,,,
C4P - Brooklyn Grey Metallic,F97,LKDA - Sakhir Orange Extended Merino Leather,,5YM13EC06N9K88069,,9K88069,2MK,,,"Dec 20, 2021",,USA,"BMW of Fort Myers, Fort Myers, US",,,,,,,,
416 - Carbon Black Metallic,F97,LKSW - Black Extended Merino Leather,,5YM13EC06N9K90078,,9K90078,2MK,,,"Dec 21, 2021",,USA,"Calgary BMW, Calgary, CA",,,,,,,,
C1K - Marina Bay Blue Metallic,F97,VATQ - BMW Individual Tartufo Extended Merino Leather,,5YM13EC08N9K90115,,9K90115,2MK,,,"Dec 21, 2021",,USA,"Elite BMW, Ottawa, CA",,,,,,,,
300 - Alpine White,F97,LKSW - Black Extended Merino Leather,,5YM13EC00N9K90402,,9K90402,2MK,,,"Dec 22, 2021",,USA,"Kelowna BMW, Kelowna, CA",,,,,,,,
C3G - Toronto Red Metallic,F97,LKHV - Adelaide Grey Extended Merino Leather,,5YM13EC01N9K91929,,9K91929,2MK,,,"Dec 23, 2021",,USA,"BMW of Peabody, Peabody, US",,,,,,,,
C1K - Marina Bay Blue Metallic,F97,VATQ - BMW Individual Tartufo Extended Merino Leather,,5YM13EC08N9K92060,,9K92060,2MK,,,"Dec 22, 2021",,USA,"Habberstad BMW, Huntington Station, US",,,,,,,,
416 - Carbon Black Metallic,F97,HDJA - Black/Midrand Beige Two-Tone Merino Leather / Alcantara,,5YM13EC07N9K92101,,9K92101,2MK,,,"Dec 22, 2021",,USA,"BMW of Ridgefield, Ridgefield, US",,,,,,,,
475 - Black Sapphire Metallic,F97,LKDA - Sakhir Orange Extended Merino Leather,,5YM13EC08N9K92138,,9K92138,2MK,,,"Dec 22, 2021",,USA,"BMW of Fort Lauderdale, Fort Lauderdale, US",,,,,,,,
416 - Carbon Black Metallic,F97,VATQ - BMW Individual Tartufo Extended Merino Leather,,5YM13EC05N9K92162,,9K92162,2MK,,,"Dec 22, 2021",,USA,"Karl Knauz Motors, Lake Bluff, US",,,,,,,,
C1K - Marina Bay Blue Metallic,F97,LKSW - Black Extended Merino Leather,,5YM13EC01N9K92238,,9K92238,2MK,,,"Dec 22, 2021",,USA,"Tom Bush BMW Jacksonville, Jacksonville, US",,,,,,,,
A90 - Dark Graphite Metallic,F97,VATQ - BMW Individual Tartufo Extended Merino Leather,,5YM13EC03N9K92273,,9K92273,2MK,,,"Dec 23, 2021",,USA,"BMW of Dallas/MINI of Dallas, Dallas, US",,,,,,,,
300 - Alpine White,F97,LKDA - Sakhir Orange Extended Merino Leather,,5YM13EC00N9K92294,,9K92294,2MK,,,"Dec 23, 2021",,USA,"BMW of Grapevine, Grapevine, US",,,,,,,,
300 - Alpine White,F97,LKSW - Black Extended Merino Leather,,5YM13EC02N9K92328,,9K92328,2MK,,,"Dec 23, 2021",,USA,"Park Place BMW, Rochester, US",,,,,,,,
A90 - Dark Graphite Metallic,F97,HDJA - Black/Midrand Beige Two-Tone Merino Leather / Alcantara,,5YM13EC06N9K92350,,9K92350,2MK,,,"Dec 23, 2021",,USA,"Chapman BMW, Chandler, US",,,,,,,,
C1K - Marina Bay Blue Metallic,F97,LKSW - Black Extended Merino Leather,,5YM13EC05N9K92419,,9K92419,2MK,,,"Dec 23, 2021",,USA,"BMW Northwest, Tacoma, US",,,,,,,,
C4P - Brooklyn Grey Metallic,F97,HDJA - Black/Midrand Beige Two-Tone Merino Leather / Alcantara,,5YM13EC07N9K93152,,9K93152,2MK,,,"Dec 23, 2021",,USA,"BMW of Austin, Austin, US",,,,,,,,
C4P - Brooklyn Grey Metallic,F97,LKDA - Sakhir Orange Extended Merino Leather,,5YM13EC03N9K93195,,9K93195,2MK,,,"Dec 23, 2021",,USA,"South Motors BMW, Miami, US",,,,,,,,
C4P - Brooklyn Grey Metallic,F97,LKSW - Black Extended Merino Leather,,5YM13EC03N9K93360,,9K93360,2MK,,,"Jan 4, 2022",,USA,"BMW of Grapevine, Grapevine, US",,,,,,,,
C4P - Brooklyn Grey Metallic,F97,MAH7 - Black Vernasca Leather,,5YM13EC00N9K93400,,9K93400,2MK,,,"Jan 4, 2022",,USA,"BMW of Fort Lauderdale, Fort Lauderdale, US",,,,,,,,
C4P - Brooklyn Grey Metallic,F97,LKSW - Black Extended Merino Leather,,5YM13EC00N9K93462,,9K93462,2MK,,,"Jan 4, 2022",,USA,"BMW of South Austin, Austin, US",,,,,,,,
C4P - Brooklyn Grey Metallic,F97,VATQ - BMW Individual Tartufo Extended Merino Leather,,5YM13EC06N9K93501,,9K93501,2MK,,,"Jan 4, 2022",,USA,"BMW of Houston North, Houston, US",,,,,,,,
C4P - Brooklyn Grey Metallic,F97,VATQ - BMW Individual Tartufo Extended Merino Leather,,5YM13EC0XN9K93596,,9K93596,2MK,,,"Jan 4, 2022",,USA,"BMW of Murray, Murray, US",,,,,,,,
C4P - Brooklyn Grey Metallic,F97,HDJA - Black/Midrand Beige Two-Tone Merino Leather / Alcantara,,5YM13EC08N9K93726,,9K93726,2MK,,,"Jan 4, 2022",,USA,"Passport BMW, Suitland, US",,,,,,,,
C4P - Brooklyn Grey Metallic,F97,VATQ - BMW Individual Tartufo Extended Merino Leather,,5YM13EC0XN9K93792,,9K93792,2MK,,,"Jan 5, 2022",,USA,"United BMW, Alpharetta, US",,,,,,,,
P7X - IND. Frozen Deep Grey Metallic,F97,VATQ - BMW Individual Tartufo Extended Merino Leather,,5YM13EC03N9K94847,,9K94847,2MK,,,"Jan 5, 2022",,USA,"BMW of Bellevue, Bellevue, US",,,,,,,,
C1K - Marina Bay Blue Metallic,F97,VATQ - BMW Individual Tartufo Extended Merino Leather,,5YM13EC00N9K94918,,9K94918,2MK,,,"Jan 5, 2022",,USA,"BMW of Manhattan, New York, US",,,,,,,,
416 - Carbon Black Metallic,F97,LKHV - Adelaide Grey Extended Merino Leather,,5YM13EC07N9K95029,,9K95029,2MK,,,"Jan 5, 2022",,USA,"Bavarian Motor Cars GmbH, Würzburg, DE",,,,,,,,
C1K - Marina Bay Blue Metallic,F97,LKDA - Sakhir Orange Extended Merino Leather,,5YM13EC09N9K96845,,9K96845,2MK,,,"Jan 6, 2022",,USA,"Park Avenue BMW, Rochelle Park, US",,,,,,,,
C4P - Brooklyn Grey Metallic,F97,LKSW - Black Extended Merino Leather,,5YM13EC03N9K96968,,9K96968,2MK,,,"Jan 6, 2022",,USA,"Germain BMW of Naples, Naples, US",,,,,,,,
A90 - Dark Graphite Metallic,F97,HDJA - Black/Midrand Beige Two-Tone Merino Leather / Alcantara,,5YM13EC00N9K97060,,9K97060,2MK,,,"Jan 7, 2022",,USA,"BMW of Fairfax, Fairfax, US",,,,,,,,
C4P - Brooklyn Grey Metallic,F97,HDJA - Black/Midrand Beige Two-Tone Merino Leather / Alcantara,,5YM13EC05N9K97166,,9K97166,2MK,,,"Jan 7, 2022",,USA,"Athens BMW, Athens, US",,,,,,,,
C4P - Brooklyn Grey Metallic,F97,VATQ - BMW Individual Tartufo Extended Merino Leather,,5YM13EC01N9K97245,,9K97245,2MK,,,"Jan 7, 2022",,USA,"Fields BMW, Winter Park, US",,,,,,,,
300 - Alpine White,F97,LKDA - Sakhir Orange Extended Merino Leather,,5YM13EC01N9K97388,,9K97388,2MK,,,"Jan 7, 2022",,USA,"I. G. Burton BMW, Milford, US",,,,,,,,
475 - Black Sapphire Metallic,F97,LKDA - Sakhir Orange Extended Merino Leather,,5YM13EC03N9K97506,,9K97506,2MK,,,"Jan 7, 2022",,USA,"BMW of Westchester, White Plains, US",,,,,,,,
C4H - Sao Paulo Yellow,F97,LKSW - Black Extended Merino Leather,,5YM13EC07N9K97637,,9K97637,2MK,,,"Jan 7, 2022",,USA,"Fields BMW, Winter Park, US",,,,,,,,
C4H - Sao Paulo Yellow,F97,LKSW - Black Extended Merino Leather,,5YM13EC0XN9K97678,,9K97678,2MK,,,"Jan 7, 2022",,USA,"Fields BMW, Winter Park, US",,,,,,,,
300 - Alpine White,F97,HDJA - Black/Midrand Beige Two-Tone Merino Leather / Alcantara,,5YM13EC07N9K97718,,9K97718,2MK,,,"Jan 7, 2022",,USA,"BMW of South Albany, Glenmont, US",,,,,,,,
300 - Alpine White,F97,LKSW - Black Extended Merino Leather,,5YM13EC04N9K99183,,9K99183,2MK,,,"Jan 8, 2022",,USA,"BMW of South Austin, Austin, US",,,,,,,,
C4H - Sao Paulo Yellow,F97,LKDA - Sakhir Orange Extended Merino Leather,,5YM13EC05N9K99421,,9K99421,2MK,,,"Jan 9, 2022",,USA,"Pacific BMW, Glendale, US",,,,,,,,
C4P - Brooklyn Grey Metallic,F97,LKDA - Sakhir Orange Extended Merino Leather,,5YM13EC04N9K99457,,9K99457,2MK,,,"Jan 10, 2022",,USA,"Autogermana, Inc., Hato Rey, US",,,,,,,,
A90 - Dark Graphite Metallic,F97,LKDA - Sakhir Orange Extended Merino Leather,,5YM13EC0XN9K99480,,9K99480,2MK,,,"Jan 10, 2022",,USA,"Flemington BMW, Flemington, US",,,,,,,,
C3G - Toronto Red Metallic,F97,LKHV - Adelaide Grey Extended Merino Leather,,5YM13EC07N9K99596,,9K99596,2MK,,,"Jan 10, 2022",,USA,"Richmond BMW, Richmond, US",,,,,,,,
C3G - Toronto Red Metallic,F97,LKHV - Adelaide Grey Extended Merino Leather,,5YM13EC01N9K99626,,9K99626,2MK,,,"Jan 10, 2022",,USA,"BMW of Fort Washington, Dresher, US",,,,,,,,
300 - Alpine White,F97,LKDA - Sakhir Orange Extended Merino Leather,,5YM13EC00N9K99665,,9K99665,2MK,,,"Jan 10, 2022",,USA,"Taylor BMW, Evans, US",,,,,,,,
C1K - Marina Bay Blue Metallic,F97,VATQ - BMW Individual Tartufo Extended Merino Leather,,5YM13EC02N9K99702,,9K99702,2MK,,,"Jan 10, 2022",,USA,"BMW of Springfield, Springfield, US",,,,,,,,
C1K - Marina Bay Blue Metallic,F97,LKDA - Sakhir Orange Extended Merino Leather,,5YM13EC05N9K99726,,9K99726,2MK,,,"Jan 10, 2022",,USA,"Wide World BMW, Spring Valley, US",,,,,,,,
C1K - Marina Bay Blue Metallic,F97,LKDA - Sakhir Orange Extended Merino Leather,,5YM13EC04N9K99765,,9K99765,2MK,,,"Jan 10, 2022",,USA,"BMW of Bridgeport, Bridgeport, US",,,,,,,,
A90 - Dark Graphite Metallic,F97,LKDA - Sakhir Orange Extended Merino Leather,,5YM13EC08N9K99851,,9K99851,2MK,,,"Jan 10, 2022",,USA,"BMW Santa Barbara, Santa Barbara, US",,,,,,,,
C4H - Sao Paulo Yellow,F97,LKSW - Black Extended Merino Leather,,5YM13EC02N9K99893,,9K99893,2MK,,,"Jan 10, 2022",,USA,"Baron BMW/MINI, Merriam, US",,,,,,,,
C1K - Marina Bay Blue Metallic,F97,HDJA - Black/Midrand Beige Two-Tone Merino Leather / Alcantara,,5YM13EC03N9K99918,,9K99918,2MK,,,"Jan 10, 2022",,USA,"Niederlassung Stuttgart, Stuttgart, DE",,,,,,,,
475 - Black Sapphire Metallic,F97,LKSW - Black Extended Merino Leather,,5YM13EC04N9K99989,,9K99989,2MK,,,"Jan 10, 2022",,USA,"BMW of El Cajon, El Cajon, US",,,,,,,,
C1K - Marina Bay Blue Metallic,F97,LKHV - Adelaide Grey Extended Merino Leather,,5YM13EC03N9L00081,,9L00081,2MK,,,"Jan 10, 2022",,USA,"Circle BMW, Eatontown, US",,,,,,,,
P7X - IND. Frozen Deep Grey Metallic,F97,LKSW - Black Extended Merino Leather,,5YM13EC00N9L01849,,9L01849,2MK,,,"Jan 11, 2022",,USA,"BMW of Greenwich, Greenwich, US",,,,,,,,
A90 - Dark Graphite Metallic,F97,HDJA - Black/Midrand Beige Two-Tone Merino Leather / Alcantara,,5YM13EC02N9L02002,,9L02002,2MK,,,"Jan 11, 2022",,USA,"BMW of West Houston, Houston, US",,,,,,,,
A90 - Dark Graphite Metallic,F97,LKSW - Black Extended Merino Leather,,5YM13EC05N9L02088,,9L02088,2MK,,,"Jan 11, 2022",,USA,"Fields BMW, Northfield, US",,,,,,,,
300 - Alpine White,F97,LKDA - Sakhir Orange Extended Merino Leather,,5YM13EC01P9L03144,,9L03144,2MK,,,"Feb 8, 2022",,USA,"Fuhrpark, München, DE",,,,,,,,
300 - Alpine White,F97,VATQ - BMW Individual Tartufo Extended Merino Leather,,5YM13EC0XN9L03317,,9L03317,2MK,,,"Jan 12, 2022",,USA,"BMW of Lancaster, Lancaster, US",,,,,,,,
C4P - Brooklyn Grey Metallic,F97,HDJA - Black/Midrand Beige Two-Tone Merino Leather / Alcantara,,5YM13EC09N9L03356,,9L03356,2MK,,,"Jan 12, 2022",,USA,"BMW Performance Center (SC), Greer, US",,,,,,,,
C4P - Brooklyn Grey Metallic,F97,LKDA - Sakhir Orange Extended Merino Leather,,5YM13EC03N9L03384,,9L03384,2MK,,,"Jan 12, 2022",,USA,"Stevens Creek BMW, Santa Clara, US",,,,,,,,
C4P - Brooklyn Grey Metallic,F97,LKSW - Black Extended Merino Leather,,5YM13EC09N9L03423,,9L03423,2MK,,,"Jan 12, 2022",,USA,"Bill Jacobs BMW/MINI, Naperville, US",,,,,,,,
C4P - Brooklyn Grey Metallic,F97,LKDA - Sakhir Orange Extended Merino Leather,,5YM13EC08N9L03462,,9L03462,2MK,,,"Jan 12, 2022",,USA,"Germain BMW of Naples, Naples, US",,,,,,,,
C4P - Brooklyn Grey Metallic,F97,LKDA - Sakhir Orange Extended Merino Leather,,5YM13EC03N9L03630,,9L03630,2MK,,,"Jan 12, 2022",,USA,"BMW of Sudbury, Sudbury, US",,,,,,,,
300 - Alpine White,F97,LKDA - Sakhir Orange Extended Merino Leather,,5YM13EC07N9L03811,,9L03811,2MK,,,"Jan 12, 2022",,USA,"Stevens Creek BMW, Santa Clara, US",,,,,,,,
C4P - Brooklyn Grey Metallic,F97,LKDA - Sakhir Orange Extended Merino Leather,,5YM13EC02N9L03876,,9L03876,2MK,,,"Jan 12, 2022",,USA,"Winslow BMW of Colorado Springs, Colorado Springs, US",,,,,,,,
416 - Carbon Black Metallic,F97,LKDA - Sakhir Orange Extended Merino Leather,,5YM13EC06N9L03914,,9L03914,2MK,,,"Jan 13, 2022",,USA,"BMW of Manhattan, New York, US",,,,,,,,
C4P - Brooklyn Grey Metallic,F97,LKDA - Sakhir Orange Extended Merino Leather,,5YM13EC02N9L04901,,9L04901,2MK,,,"Jan 13, 2022",,USA,"Pacific BMW, Glendale, US",,,,,,,,
C4P - Brooklyn Grey Metallic,F97,LKDA - Sakhir Orange Extended Merino Leather,,5YM13EC03N9L04938,,9L04938,2MK,,,"Jan 13, 2022",,USA,"BMW of Palm Springs, Palm Springs, US",,,,,,,,
300 - Alpine White,F97,LKDA - Sakhir Orange Extended Merino Leather,,5YM13EC06N9L04996,,9L04996,2MK,,,"Jan 13, 2022",,USA,"BMW Tucson, Tucson, US",,,,,,,,
C4P - Brooklyn Grey Metallic,F97,LKSW - Black Extended Merino Leather,,5YM13EC01N9L05098,,9L05098,2MK,,,"Jan 13, 2022",,USA,"BMW of Tenafly, Tenafly, US",,,,,,,,
475 - Black Sapphire Metallic,F97,VATQ - BMW Individual Tartufo Extended Merino Leather,,5YM13EC00N9L05142,,9L05142,2MK,,,"Jan 13, 2022",,USA,"Perillo BMW, Inc., Chicago, US",,,,,,,,
A90 - Dark Graphite Metallic,F97,VATQ - BMW Individual Tartufo Extended Merino Leather,,5YM13EC02N9L05188,,9L05188,2MK,,,"Jan 13, 2022",,USA,"Stevens Creek BMW, Santa Clara, US",,,,,,,,
C4P - Brooklyn Grey Metallic,F97,LKSW - Black Extended Merino Leather,,5YM13EC06N9L05226,,9L05226,2MK,,,"Jan 13, 2022",,USA,"BMW of Denver Downtown, Denver, US",,,,,,,,
C4P - Brooklyn Grey Metallic,F97,LKHV - Adelaide Grey Extended Merino Leather,,5YM13EC01N9L05294,,9L05294,2MK,,,"Jan 13, 2022",,USA,"BMW of Catonsville, Baltimore, US",,,,,,,,
C4P - Brooklyn Grey Metallic,F97,LKDA - Sakhir Orange Extended Merino Leather,,5YM13EC02N9L05336,,9L05336,2MK,,,"Jan 13, 2022",,USA,"BMW of Barrington, Barrington, US",,,,,,,,
C4P - Brooklyn Grey Metallic,F97,LKSW - Black Extended Merino Leather,,5YM13EC0XN9L05374,,9L05374,2MK,,,"Jan 13, 2022",,USA,"Valley BMW, Modesto, US",,,,,,,,
300 - Alpine White,F97,LKDA - Sakhir Orange Extended Merino Leather,,5YM13EC0XN9L05438,,9L05438,2MK,,,"Jan 13, 2022",,USA,"Braman Motorcars/Braman MINI of Pal, West Palm Beach, US",,,,,,,,
416 - Carbon Black Metallic,F97,LKSW - Black Extended Merino Leather,,5YM13EC09N9L05480,,9L05480,2MK,,,"Jan 13, 2022",,USA,"BMW of Warwick, Warwick, US",,,,,,,,
C1K - Marina Bay Blue Metallic,F97,LKSW - Black Extended Merino Leather,,5YM13EC06N9L05520,,9L05520,2MK,,,"Jan 14, 2022",,USA,"BMW of Southpoint, Durham, US",,,,,,,,
C1K - Marina Bay Blue Metallic,F97,VATQ - BMW Individual Tartufo Extended Merino Leather,,5YM13EC04N9L05547,,9L05547,2MK,,,"Jan 14, 2022",,USA,"BMW of Grapevine, Grapevine, US",,,,,,,,
P7T - Verde Ermes Metallic,F97,VATQ - BMW Individual Tartufo Extended Merino Leather,,5YM13EC02N9L09208,,9L09208,2MK,,,"Jan 18, 2022",,USA,"Coggin BMW Treasure Coast, Fort Pierce, US",,,,,,,,
300 - Alpine White,F97,LKDA - Sakhir Orange Extended Merino Leather,,5YM13EC05N9L09994,,9L09994,2MK,,,"Jan 19, 2022",,USA,"BMW Seattle, Seattle, US",,,,,,,,
475 - Black Sapphire Metallic,F97,LKDA - Sakhir Orange Extended Merino Leather,,5YM13EC09N9L10100,,9L10100,2MK,,,"Jan 19, 2022",,USA,"International Autos/MINI, West Allis, US",,,,,,,,
300 - Alpine White,F97,LKDA - Sakhir Orange Extended Merino Leather,,5YM13EC06N9L10233,,9L10233,2MK,,,"Jan 19, 2022",,USA,"BMW of Bloomfield, Bloomfield, US",,,,,,,,
C4P - Brooklyn Grey Metallic,F97,LKSW - Black Extended Merino Leather,,5YM13EC0XN9L10414,,9L10414,2MK,,,"Jan 20, 2022",,USA,"BMW Seattle, Seattle, US",,,,,,,,
300 - Alpine White,F97,LKSW - Black Extended Merino Leather,,5YM13EC07N9L10449,,9L10449,2MK,,,"Jan 20, 2022",,USA,"BMW of Fairfax, Fairfax, US",,,,,,,,
416 - Carbon Black Metallic,F97,VATQ - BMW Individual Tartufo Extended Merino Leather,,5YM13EC0XN9L10512,,9L10512,2MK,,,"Jan 20, 2022",,USA,"BMW of Sarasota, Sarasota, US",,,,,,,,
C4P - Brooklyn Grey Metallic,F97,LKDA - Sakhir Orange Extended Merino Leather,,5YM13EC03N9L12134,,9L12134,2MK,,,"Jan 20, 2022",,USA,"Braman Motorcars/Braman MINI of Pal, West Palm Beach, US",,,,,,,,
C4H - Sao Paulo Yellow,F97,LKSW - Black Extended Merino Leather,,5YM13EC03N9L12165,,9L12165,2MK,,,"Jan 20, 2022",,USA,"Continental BMW of Darien, Darien, US",,,,,,,,
C4P - Brooklyn Grey Metallic,F97,LKDA - Sakhir Orange Extended Merino Leather,,5YM13EC02N9L12190,,9L12190,2MK,,,"Jan 20, 2022",,USA,"BMW of West St. Louis, Manchester, US",,,,,,,,
C4P - Brooklyn Grey Metallic,F97,LKDA - Sakhir Orange Extended Merino Leather,,5YM13EC03N9L12229,,9L12229,2MK,,,"Jan 20, 2022",,USA,"Perillo BMW, Inc., Chicago, US",,,,,,,,
C4P - Brooklyn Grey Metallic,F97,LKDA - Sakhir Orange Extended Merino Leather,,5YM13EC09N9L12297,,9L12297,2MK,,,"Jan 20, 2022",,USA,"BMW of Morristown, Morristown, US",,,,,,,,
C4P - Brooklyn Grey Metallic,F97,VATQ - BMW Individual Tartufo Extended Merino Leather,,5YM13EC04N9L12384,,9L12384,2MK,,,"Jan 20, 2022",,USA,"Gebhardt BMW, Boulder, US",,,,,,,,
C4P - Brooklyn Grey Metallic,F97,VATQ - BMW Individual Tartufo Extended Merino Leather,,5YM13EC04N9L12496,,9L12496,2MK,,,"Jan 20, 2022",,USA,"BMW of Montgomery, Montgomery, US",,,,,,,,
C1K - Marina Bay Blue Metallic,F97,HDJA - Black/Midrand Beige Two-Tone Merino Leather / Alcantara,,5YM13EC03N9L12540,,9L12540,2MK,,,"Jan 21, 2022",,USA,"BMW of Reading, Reading, US",,,,,,,,
C1K - Marina Bay Blue Metallic,F97,LKDA - Sakhir Orange Extended Merino Leather,,5YM13EC00N9L12740,,9L12740,2MK,,,"Jan 21, 2022",,USA,"BMW Northwest, Tacoma, US",,,,,,,,
C1K - Marina Bay Blue Metallic,F97,LKSW - Black Extended Merino Leather,,5YM13EC0XN9L12874,,9L12874,2MK,,,"Jan 21, 2022",,USA,"BMW of Wichita, Wichita, US",,,,,,,,
C4P - Brooklyn Grey Metallic,F97,HDJA - Black/Midrand Beige Two-Tone Merino Leather / Alcantara,,5YM13EC05N9L12913,,9L12913,2MK,,,"Jan 21, 2022",,USA,"BMW of Bridgeport, Bridgeport, US",,,,,,,,
475 - Black Sapphire Metallic,F97,LKSW - Black Extended Merino Leather,,5YM13EC06N9L14539,,9L14539,2MK,,,"Jan 21, 2022",,USA,"BMW of North Liberty, North Liberty, US",,,,,,,,
312 - IND. British Racing Green Metallic,F97,VATQ - BMW Individual Tartufo Extended Merino Leather,,5YM13EC05N9L14581,,9L14581,2MK,,,"Jan 21, 2022",,USA,"BMW of Bridgewater, Bridgewater, US",,,,,,,,
C3G - Toronto Red Metallic,F97,LKSW - Black Extended Merino Leather,,5YM13EC0XN9L14866,,9L14866,2MK,,,"Jan 23, 2022",,USA,"BMW of Eugene, Eugene, US",,,,,,,,
300 - Alpine White,F97,LKDA - Sakhir Orange Extended Merino Leather,,5YM13EC01N9L15033,,9L15033,2MK,,,"Jan 24, 2022",,USA,"BMW of Ann Arbor, Ann Arbor, US",,,,,,,,
C1K - Marina Bay Blue Metallic,F97,LKHV - Adelaide Grey Extended Merino Leather,,5YM13EC09N9L16091,,9L16091,2MK,,,"Jan 24, 2022",,USA,"BMW of Fremont, Fremont, US",,,,,,,,
475 - Black Sapphire Metallic,F97,LKDA - Sakhir Orange Extended Merino Leather,,5YM13EC06N9L16131,,9L16131,2MK,,,"Jan 24, 2022",,USA,"BMW of Monrovia, Monrovia, US",,,,,,,,
C1K - Marina Bay Blue Metallic,F97,LKSW - Black Extended Merino Leather,,5YM13EC02N9L16157,,9L16157,2MK,,,"Jan 24, 2022",,USA,"BMW of Las Vegas, Las Vegas, US",,,,,,,,
C4P - Brooklyn Grey Metallic,F97,LKDA - Sakhir Orange Extended Merino Leather,,5YM13EC07N9L16302,,9L16302,2MK,,,"Jan 24, 2022",,USA,"BMW of Plano, Plano, US",,,,,,,,
C4P - Brooklyn Grey Metallic,F97,LKHV - Adelaide Grey Extended Merino Leather,,5YM13EC08N9L16339,,9L16339,2MK,,,"Jan 24, 2022",,USA,"Princeton BMW, Hamilton, US",,,,,,,,
C4P - Brooklyn Grey Metallic,F97,LKDA - Sakhir Orange Extended Merino Leather,,5YM13EC02N9L16403,,9L16403,2MK,,,"Jan 24, 2022",,USA,"BMW of Freeport, Freeport, US",,,,,,,,
C1K - Marina Bay Blue Metallic,F97,LKDA - Sakhir Orange Extended Merino Leather,,5YM13EC03N9L16510,,9L16510,2MK,,,"Jan 25, 2022",,USA,"Sewickley BMW, Sewickley, US",,,,,,,,
C1K - Marina Bay Blue Metallic,F97,LKHV - Adelaide Grey Extended Merino Leather,,5YM13EC06N9L16551,,9L16551,2MK,,,"Jan 25, 2022",,USA,"Ferman BMW/Ferman MINI of Tampa Bay, Palm Harbor, US",,,,,,,,
A90 - Dark Graphite Metallic,F97,VATQ - BMW Individual Tartufo Extended Merino Leather,,5YM13EC05N9L16587,,9L16587,2MK,,,"Jan 25, 2022",,USA,"BMW of San Francisco, San Francisco, US",,,,,,,,
C4P - Brooklyn Grey Metallic,F97,LKSW - Black Extended Merino Leather,,5YM13EC02N9L16613,,9L16613,2MK,,,"Jan 25, 2022",,USA,"BMW of Bellevue, Bellevue, US",,,,,,,,
C1K - Marina Bay Blue Metallic,F97,LKHV - Adelaide Grey Extended Merino Leather,,5YM13EC00N9L16674,,9L16674,2MK,,,"Jan 25, 2022",,USA,"Patrick BMW, Schaumburg, US",,,,,,,,
C4H - Sao Paulo Yellow,F97,VATQ - BMW Individual Tartufo Extended Merino Leather,,5YM13EC00N9L21647,,9L21647,2MK,,,"Jan 27, 2022",,USA,"BMW of Ramsey, Ramsey, US",,,,,,,,
A90 - Dark Graphite Metallic,F97,LKSW - Black Extended Merino Leather,,5YM13EC05N9L21692,,9L21692,2MK,,,"Jan 27, 2022",,USA,"BMW of Rochester, Rochester, US",,,,,,,,
A90 - Dark Graphite Metallic,F97,LKDA - Sakhir Orange Extended Merino Leather,,5YM13EC00N9L21776,,9L21776,2MK,,,"Jan 27, 2022",,USA,"BMW of Sioux Falls, Sioux Falls, US",,,,,,,,
C3G - Toronto Red Metallic,F97,LKHV - Adelaide Grey Extended Merino Leather,,5YM13EC00N9L21812,,9L21812,2MK,,,"Jan 27, 2022",,USA,"BMW of Gwinnett Place, Duluth, US",,,,,,,,
C4P - Brooklyn Grey Metallic,F97,LKDA - Sakhir Orange Extended Merino Leather,,5YM13EC08N9L21881,,9L21881,2MK,,,"Jan 27, 2022",,USA,"Century West BMW, North Hollywood, US",,,,,,,,
300 - Alpine White,F97,HDJA - Black/Midrand Beige Two-Tone Merino Leather / Alcantara,,5YM13EC00N9L21924,,9L21924,2MK,,,"Jan 27, 2022",,USA,"Rallye BMW, Westbury, US",,,,,,,,
C4P - Brooklyn Grey Metallic,F97,HDJA - Black/Midrand Beige Two-Tone Merino Leather / Alcantara,,5YM13EC07N9L21967,,9L21967,2MK,,,"Jan 27, 2022",,USA,"Niederlassung Stuttgart, Stuttgart, DE",,,,,,,,
C1K - Marina Bay Blue Metallic,F97,VATQ - BMW Individual Tartufo Extended Merino Leather,,5YM13EC06N9L22141,,9L22141,2MK,,,"Jan 28, 2022",,USA,"Bavarian Motor Cars GmbH, Würzburg, DE",,,,,,,,
416 - Carbon Black Metallic,F97,LKSW - Black Extended Merino Leather,,5YM13EC04N9L22221,,9L22221,2MK,,,"Jan 28, 2022",,USA,"Bavarian Motor Cars GmbH, Würzburg, DE",,,,,,,,
C1K - Marina Bay Blue Metallic,F97,LKDA - Sakhir Orange Extended Merino Leather,,5YM13EC00N9L22443,,9L22443,2MK,,,"Jan 28, 2022",,USA,"Paul Miller BMW, Wayne, US",,,,,,,,
300 - Alpine White,F97,LKDA - Sakhir Orange Extended Merino Leather,,5YM13EC04N9L22476,,9L22476,2MK,,,"Jan 28, 2022",,USA,"BMW Performance Center (SC), Greer, US",,,,,,,,
416 - Carbon Black Metallic,F97,LKSW - Black Extended Merino Leather,,5YM13EC06N9L22513,,9L22513,2MK,,,"Jan 28, 2022",,USA,"BMW of Fort Lauderdale, Fort Lauderdale, US",,,,,,,,
300 - Alpine White,F97,LKSW - Black Extended Merino Leather,,5YM13EC03N9L25479,,9L25479,2MK,,,"Jan 31, 2022",,USA,"BMW of West Houston, Houston, US",,,,,,,,
C4P - Brooklyn Grey Metallic,F97,LKSW - Black Extended Merino Leather,,5YM13EC0XN9L25530,,9L25530,2MK,,,"Jan 31, 2022",,USA,"BMW of Turnersville, Turnersville, US",,,,,,,,
C4P - Brooklyn Grey Metallic,F97,LKSW - Black Extended Merino Leather,,5YM13EC05N9L25581,,9L25581,2MK,,,"Jan 31, 2022",,USA,"Habberstad BMW, Huntington Station, US",,,,,,,,
C4P - Brooklyn Grey Metallic,F97,LKSW - Black Extended Merino Leather,,5YM13EC05N9L25628,,9L25628,2MK,,,"Jan 31, 2022",,USA,"BMW of Farmington Hills, Farmington Hills, US",,,,,,,,
300 - Alpine White,F97,LKDA - Sakhir Orange Extended Merino Leather,,5YM13EC03N9L25661,,9L25661,2MK,,,"Jan 31, 2022",,USA,"Keeler BMW, Latham, US",,,,,,,,
A90 - Dark Graphite Metallic,F97,VATQ - BMW Individual Tartufo Extended Merino Leather,,5YM13EC06N9L25704,,9L25704,2MK,,,"Jan 31, 2022",,USA,"BMW of Peabody, Peabody, US",,,,,,,,
300 - Alpine White,F97,VATQ - BMW Individual Tartufo Extended Merino Leather,,5YM13EC08N9L25753,,9L25753,2MK,,,"Jan 31, 2022",,USA,"BMW of Fort Lauderdale, Fort Lauderdale, US",,,,,,,,
A90 - Dark Graphite Metallic,F97,VATQ - BMW Individual Tartufo Extended Merino Leather,,5YM13EC08N9L25803,,9L25803,2MK,,,"Jan 31, 2022",,USA,"BMW of Manhasset, Manhasset, US",,,,,,,,
C4P - Brooklyn Grey Metallic,F97,HDJA - Black/Midrand Beige Two-Tone Merino Leather / Alcantara,,5YM13EC00N9L25844,,9L25844,2MK,,,"Jan 31, 2022",,USA,"Richmond BMW, Richmond, US",,,,,,,,
C4P - Brooklyn Grey Metallic,F97,LKSW - Black Extended Merino Leather,,5YM13EC07N9L25873,,9L25873,2MK,,,"Jan 31, 2022",,USA,"Fields BMW, Winter Park, US",,,,,,,,
C4P - Brooklyn Grey Metallic,F97,LKDA - Sakhir Orange Extended Merino Leather,,5YM13EC04N9L25913,,9L25913,2MK,,,"Jan 31, 2022",,USA,"BMW of Cape Cod, Hyannis, US",,,,,,,,
C4H - Sao Paulo Yellow,F97,LKDA - Sakhir Orange Extended Merino Leather,,5YM13EC02N9L25957,,9L25957,2MK,,,"Jan 31, 2022",,USA,"BMW of Monrovia, Monrovia, US",,,,,,,,
475 - Black Sapphire Metallic,F97,LKSW - Black Extended Merino Leather,,5YM13EC01N9L25982,,9L25982,2MK,,,"Feb 1, 2022",,USA,"BMW of Anchorage, Anchorage, US",,,,,,,,
A90 - Dark Graphite Metallic,F97,LKHV - Adelaide Grey Extended Merino Leather,,5YM13EC04N9L26026,,9L26026,2MK,,,"Feb 1, 2022",,USA,"Chapman BMW, Chandler, US",,,,,,,,
C4P - Brooklyn Grey Metallic,F97,LKDA - Sakhir Orange Extended Merino Leather,,5YM13EC07N9L26098,,9L26098,2MK,,,"Feb 1, 2022",,USA,"Motorwerks BMW, Bloomington, US",,,,,,,,
C4H - Sao Paulo Yellow,F97,LKDA - Sakhir Orange Extended Merino Leather,,5YM13EC08N9L26143,,9L26143,2MK,,,"Feb 1, 2022",,USA,"Bobby Rahal BMW of South Hills, Canonsburg, US",,,,,,,,
C4H - Sao Paulo Yellow,F97,HDJA - Black/Midrand Beige Two-Tone Merino Leather / Alcantara,,5YM13EC09N9L27303,,9L27303,2MK,,,"Feb 1, 2022",,USA,"BMW Performance Center (SC), Greer, US",,,,,,,,
C4P - Brooklyn Grey Metallic,F97,HDJA - Black/Midrand Beige Two-Tone Merino Leather / Alcantara,,5YM13EC05N9L31803,,9L31803,2MK,,,"Feb 2, 2022",,USA,"Karl Knauz Motors, Lake Bluff, US",,,,,,,,
416 - Carbon Black Metallic,F97,VATQ - BMW Individual Tartufo Extended Merino Leather,,5YM13EC05N9L31848,,9L31848,2MK,,,"Feb 2, 2022",,USA,"Ferman BMW/Ferman MINI of Tampa Bay, Palm Harbor, US",,,,,,,,
300 - Alpine White,F97,VATQ - BMW Individual Tartufo Extended Merino Leather,,5YM13EC08N9L31875,,9L31875,2MK,,,"Feb 2, 2022",,USA,"BMW of Alexandria, Alexandria, US",,,,,,,,
C4P - Brooklyn Grey Metallic,F97,LKDA - Sakhir Orange Extended Merino Leather,,5YM13EC05N9L31946,,9L31946,2MK,,,"Feb 3, 2022",,USA,"Vista BMW, Coconut Creek, US",,,,,,,,
C1K - Marina Bay Blue Metallic,F97,LKSW - Black Extended Merino Leather,,5YM13EC06N9L31986,,9L31986,2MK,,,"Feb 3, 2022",,USA,"Stevens Creek BMW, Santa Clara, US",,,,,,,,
475 - Black Sapphire Metallic,F97,LKDA - Sakhir Orange Extended Merino Leather,,5YM13EC07N9L32015,,9L32015,2MK,,,"Feb 3, 2022",,USA,"Peter Pan BMW, Burlingame, US",,,,,,,,
475 - Black Sapphire Metallic,F97,MAH7 - Black Vernasca Leather,,5YM13EC04N9L32053,,9L32053,2MK,,,"Feb 3, 2022",,USA,"BMW of Rockville, Rockville, US",,,,,,,,
C4P - Brooklyn Grey Metallic,F97,LKDA - Sakhir Orange Extended Merino Leather,,5YM13EC08N9L32122,,9L32122,2MK,,,"Feb 3, 2022",,USA,"Paul Miller BMW, Wayne, US",,,,,,,,
300 - Alpine White,F97,LKDA - Sakhir Orange Extended Merino Leather,,5YM13EC08N9L32170,,9L32170,2MK,,,"Feb 3, 2022",,USA,"Habberstad BMW, Huntington Station, US",,,,,,,,
C4P - Brooklyn Grey Metallic,F97,LKDA - Sakhir Orange Extended Merino Leather,,5YM13EC0XN9L32218,,9L32218,2MK,,,"Feb 3, 2022",,USA,"Stevens Creek BMW, Santa Clara, US",,,,,,,,
C4P - Brooklyn Grey Metallic,F97,LKDA - Sakhir Orange Extended Merino Leather,,5YM13EC00N9L32356,,9L32356,2MK,,,"Feb 3, 2022",,USA,"BMW of Fort Lauderdale, Fort Lauderdale, US",,,,,,,,
C4P - Brooklyn Grey Metallic,F97,LKDA - Sakhir Orange Extended Merino Leather,,5YM13EC01N9L33497,,9L33497,2MK,,,"Feb 4, 2022",,USA,"BMW Northwest, Tacoma, US",,,,,,,,
416 - Carbon Black Metallic,F97,LKSW - Black Extended Merino Leather,,5YM13EC08N9L34906,,9L34906,2MK,,,"Feb 4, 2022",,USA,"Bobby Rahal BMW of South Hills, Canonsburg, US",,,,,,,,
475 - Black Sapphire Metallic,F97,LKSW - Black Extended Merino Leather,,5YM13EC03N9L34943,,9L34943,2MK,,,"Feb 4, 2022",,USA,"BMW of Grapevine, Grapevine, US",,,,,,,,
475 - Black Sapphire Metallic,F97,LKDA - Sakhir Orange Extended Merino Leather,,5YM13EC08N9L34971,,9L34971,2MK,,,"Feb 4, 2022",,USA,"Basney BMW, South Bend, US",,,,,,,,
300 - Alpine White,F97,LKDA - Sakhir Orange Extended Merino Leather,,5YM13EC07N9L35108,,9L35108,2MK,,,"Feb 5, 2022",,USA,"BMW of Southpoint, Durham, US",,,,,,,,
C4P - Brooklyn Grey Metallic,F97,LKSW - Black Extended Merino Leather,,5YM13EC03N9L35204,,9L35204,2MK,,,"Feb 6, 2022",,USA,"BMW of Brooklyn, Brooklyn, US",,,,,,,,
300 - Alpine White,F97,LKDA - Sakhir Orange Extended Merino Leather,,5YM13EC03N9L35252,,9L35252,2MK,,,"Feb 6, 2022",,USA,"BMW of Newton, Newton, US",,,,,,,,
C4P - Brooklyn Grey Metallic,F97,LKDA - Sakhir Orange Extended Merino Leather,,5YM13EC0XN9L35295,,9L35295,2MK,,,"Feb 6, 2022",,USA,"BMW of Columbia, Columbia, US",,,,,,,,
C4P - Brooklyn Grey Metallic,F97,LKSW - Black Extended Merino Leather,,5YM13EC08N9L35327,,9L35327,2MK,,,"Feb 7, 2022",,USA,"BMW of Tigard, Tigard, US",,,,,,,,
C1K - Marina Bay Blue Metallic,F97,LKDA - Sakhir Orange Extended Merino Leather,,5YM13EC06N9L35374,,9L35374,2MK,,,"Feb 7, 2022",,USA,"Park Avenue BMW, Rochelle Park, US",,,,,,,,
C4H - Sao Paulo Yellow,F97,LKDA - Sakhir Orange Extended Merino Leather,,5YM13EC07N9L35447,,9L35447,2MK,,,"Feb 7, 2022",,USA,"BMW of Monrovia, Monrovia, US",,,,,,,,
C4P - Brooklyn Grey Metallic,F97,LKDA - Sakhir Orange Extended Merino Leather,,5YM13EC03N9L35476,,9L35476,2MK,,,"Feb 7, 2022",,USA,"BMW of Newport, Middletown, US",,,,,,,,
300 - Alpine White,F97,LKDA - Sakhir Orange Extended Merino Leather,,5YM13EC06N9L35505,,9L35505,2MK,,,"Feb 7, 2022",,USA,"Stevens Creek BMW, Santa Clara, US",,,,,,,,
475 - Black Sapphire Metallic,F97,LKDA - Sakhir Orange Extended Merino Leather,,5YM13EC09N9L35580,,9L35580,2MK,,,"Feb 7, 2022",,USA,"Santa Monica BMW, Santa Monica, US",,,,,,,,
C4P - Brooklyn Grey Metallic,F97,LKHV - Adelaide Grey Extended Merino Leather,,5YM13EC06N9L36153,,9L36153,2MK,,,"Feb 8, 2022",,USA,"BMW of South Austin, Austin, US",,,,,,,,
C4P - Brooklyn Grey Metallic,F97,LKHV - Adelaide Grey Extended Merino Leather,,5YM13EC08N9L36199,,9L36199,2MK,,,"Feb 8, 2022",,USA,"BMW of Plano, Plano, US",,,,,,,,
416 - Carbon Black Metallic,F97,LKSW - Black Extended Merino Leather,,5YM13EC01N9L39316,,9L39316,2MK,,,"Mar 28, 2022",,USA,"BMW of Bellevue, Bellevue, US",,,,,,,,
C4P - Brooklyn Grey Metallic,F97,LKHV - Adelaide Grey Extended Merino Leather,,5YM13EC04N9L39455,,9L39455,2MK,,,"Feb 8, 2022",,USA,"Arrowhead BMW, Glendale, US",,,,,,,,
C1K - Marina Bay Blue Metallic,F97,LKDA - Sakhir Orange Extended Merino Leather,,5YM13EC02N9L39602,,9L39602,2MK,,,"Feb 8, 2022",,USA,"BMW of Bridgeport, Bridgeport, US",,,,,,,,
475 - Black Sapphire Metallic,F97,HDJA - Black/Midrand Beige Two-Tone Merino Leather / Alcantara,,5YM13EC09N9L39676,,9L39676,2MK,,,"Feb 8, 2022",,USA,"BMW Seattle, Seattle, US",,,,,,,,
C1K - Marina Bay Blue Metallic,F97,LKSW - Black Extended Merino Leather,,5YM13EC06N9L39750,,9L39750,2MK,,,"Feb 9, 2022",,USA,"AH Euler Kaiserslautern GmbH, Kaiserslautern, DE",,,,,,,,
300 - Alpine White,F97,LKSW - Black Extended Merino Leather,,5YM13EC00N9L39954,,9L39954,2MK,,,"Feb 9, 2022",,USA,"BMW of Loveland, Loveland, US",,,,,,,,
C4P - Brooklyn Grey Metallic,F97,LKDA - Sakhir Orange Extended Merino Leather,,5YM13EC04N9L40086,,9L40086,2MK,,,"Feb 9, 2022",,USA,"BMW of Champaign, Savoy, US",,,,,,,,
300 - Alpine White,F97,VATQ - BMW Individual Tartufo Extended Merino Leather,,5YM13EC05N9L40114,,9L40114,2MK,,,"Feb 9, 2022",,USA,"BMW of Devon, Devon, US",,,,,,,,
C4P - Brooklyn Grey Metallic,F97,LKSW - Black Extended Merino Leather,,5YM13EC04N9L40282,,9L40282,2MK,,,"Feb 9, 2022",,USA,"Grayson BMW, Knoxville, US",,,,,,,,
A90 - Dark Graphite Metallic,F97,LKHV - Adelaide Grey Extended Merino Leather,,5YM13EC07N9L40406,,9L40406,2MK,,,"Feb 10, 2022",,USA,"Fields BMW, Winter Park, US",,,,,,,,
A90 - Dark Graphite Metallic,F97,LKDA - Sakhir Orange Extended Merino Leather,,5YM13EC05N9L40453,,9L40453,2MK,,,"Feb 10, 2022",,USA,"BMW of Murray, Murray, US",,,,,,,,
300 - Alpine White,F97,LKDA - Sakhir Orange Extended Merino Leather,,5YM13EC0XN9L40495,,9L40495,2MK,,,"Feb 10, 2022",,USA,"BMW of Grapevine, Grapevine, US",,,,,,,,
C1K - Marina Bay Blue Metallic,F97,HDJA - Black/Midrand Beige Two-Tone Merino Leather / Alcantara,,5YM13EC00N9L40568,,9L40568,2MK,,,"Feb 10, 2022",,USA,"BMW of Minnetonka, Minnetonka, US",,,,,,,,
C4P - Brooklyn Grey Metallic,F97,LKDA - Sakhir Orange Extended Merino Leather,,5YM13EC01N9L40692,,9L40692,2MK,,,"Feb 10, 2022",,USA,"Brian Jessel BMW, Vancouver, CA",,,,,,,,
300 - Alpine White,F97,LKDA - Sakhir Orange Extended Merino Leather,,5YM13EC02N9L40863,,9L40863,2MK,,,"Feb 10, 2022",,USA,"BMW of Dallas/MINI of Dallas, Dallas, US",,,,,,,,
C4H - Sao Paulo Yellow,F97,LKDA - Sakhir Orange Extended Merino Leather,,5YM13EC09N9L40892,,9L40892,2MK,,,"Feb 10, 2022",,USA,"Winslow BMW of Colorado Springs, Colorado Springs, US",,,,,,,,
C4P - Brooklyn Grey Metallic,F97,LKDA - Sakhir Orange Extended Merino Leather,,5YM13EC09N9L41007,,9L41007,2MK,,,"Feb 10, 2022",,USA,"Pfaff BMW, Mississauga, CA",,,,,,,,
300 - Alpine White,F97,HDJA - Black/Midrand Beige Two-Tone Merino Leather / Alcantara,,5YM13EC0XN9L42103,,9L42103,2MK,,,"Feb 11, 2022",,USA,"Towne BMW, Williamsville, US",,,,,,,,
475 - Black Sapphire Metallic,F97,MAH7 - Black Vernasca Leather,,5YM13EC05N9L42199,,9L42199,2MK,,,"Feb 11, 2022",,USA,"Cain BMW, North Canton, US",,,,,,,,
A90 - Dark Graphite Metallic,F97,LKHV - Adelaide Grey Extended Merino Leather,,5YM13EC01N9L42250,,9L42250,2MK,,,"Feb 11, 2022",,USA,"A & L BMW, Monroeville, US",,,,,,,,
300 - Alpine White,F97,LKDA - Sakhir Orange Extended Merino Leather,,5YM13EC02N9L42323,,9L42323,2MK,,,"Feb 11, 2022",,USA,"Marketing Fleet, Woodcliff Lake, US",,,,,,,,
300 - Alpine White,F97,LKSW - Black Extended Merino Leather,,5YM13EC00N9L42529,,9L42529,2MK,,,"Feb 11, 2022",,USA,"BMW of Tigard, Tigard, US",,,,,,,,
300 - Alpine White,F97,LKSW - Black Extended Merino Leather,,5YM13EC01N9L42698,,9L42698,2MK,,,"Feb 11, 2022",,USA,"New Motors, Inc., Erie, US",,,,,,,,
475 - Black Sapphire Metallic,F97,LKHV - Adelaide Grey Extended Merino Leather,,5YM13EC00N9L45205,,9L45205,2MK,,,"Feb 15, 2022",,USA,"BMW of Tigard, Tigard, US",,,,,,,,
C1K - Marina Bay Blue Metallic,F97,LKHV - Adelaide Grey Extended Merino Leather,,5YM13EC05N9L45247,,9L45247,2MK,,,"Feb 15, 2022",,USA,"BMW of Springfield, Springfield, US",,,,,,,,
C4P - Brooklyn Grey Metallic,F97,LKDA - Sakhir Orange Extended Merino Leather,,5YM13EC08N9L45324,,9L45324,2MK,,,"Feb 15, 2022",,USA,"BMW Concord, Concord, US",,,,,,,,
475 - Black Sapphire Metallic,F97,LKDA - Sakhir Orange Extended Merino Leather,,5YM13EC00N9L45401,,9L45401,2MK,,,"Feb 15, 2022",,USA,"Pacific BMW, Glendale, US",,,,,,,,
C4P - Brooklyn Grey Metallic,F97,LKDA - Sakhir Orange Extended Merino Leather,,5YM13EC09N9L45445,,9L45445,2MK,,,"Feb 15, 2022",,USA,"Circle BMW, Eatontown, US",,,,,,,,
475 - Black Sapphire Metallic,F97,MAH7 - Black Vernasca Leather,,5YM13EC03N9L45487,,9L45487,2MK,,,"Feb 15, 2022",,USA,"Peake BMW, Kenner, US",,,,,,,,
475 - Black Sapphire Metallic,F97,LKSW - Black Extended Merino Leather,,5YM13EC06N9L45516,,9L45516,2MK,,,"Feb 15, 2022",,USA,"BMW of Reading, Reading, US",,,,,,,,
416 - Carbon Black Metallic,F97,LKHV - Adelaide Grey Extended Merino Leather,,5YM13EC00N9L45558,,9L45558,2MK,,,"Feb 16, 2022",,USA,"Habberstad BMW, Huntington Station, US",,,,,,,,
C4P - Brooklyn Grey Metallic,F97,LKDA - Sakhir Orange Extended Merino Leather,,5YM13EC03N9L45604,,9L45604,2MK,,,"Feb 16, 2022",,USA,"BMW of Austin, Austin, US",,,,,,,,
475 - Black Sapphire Metallic,F97,HDJA - Black/Midrand Beige Two-Tone Merino Leather / Alcantara,,5YM13EC05N9L45720,,9L45720,2MK,,,"Feb 16, 2022",,USA,"BMW of Lafayette, Lafayette, US",,,,,,,,
C3G - Toronto Red Metallic,F97,LKSW - Black Extended Merino Leather,,5YM13EC00N9L45768,,9L45768,2MK,,,"Feb 16, 2022",,USA,"BMW of Ramsey, Ramsey, US",,,,,,,,
C1K - Marina Bay Blue Metallic,F97,LKHV - Adelaide Grey Extended Merino Leather,,5YM13EC09N9L45817,,9L45817,2MK,,,"Feb 16, 2022",,USA,"Long Beach BMW, Signal Hill, US",,,,,,,,
C4P - Brooklyn Grey Metallic,F97,HDJA - Black/Midrand Beige Two-Tone Merino Leather / Alcantara,,5YM13EC0XN9L45860,,9L45860,2MK,,,"Feb 16, 2022",,USA,"BMW Concord, Concord, US",,,,,,,,
416 - Carbon Black Metallic,F97,LKSW - Black Extended Merino Leather,,5YM13EC07N9L46853,,9L46853,2MK,,,"Feb 16, 2022",,USA,"BMW of Shrewsbury, Shrewsbury, US",,,,,,,,
300 - Alpine White,F97,LKDA - Sakhir Orange Extended Merino Leather,,5YM13EC07N9L47078,,9L47078,2MK,,,"Feb 16, 2022",,USA,"BMW of Catonsville, Baltimore, US",,,,,,,,
416 - Carbon Black Metallic,F97,VATQ - BMW Individual Tartufo Extended Merino Leather,,5YM13EC05N9L47144,,9L47144,2MK,,,"Feb 16, 2022",,USA,"Hamel BMW, Blainville, CA",,,,,,,,
C4P - Brooklyn Grey Metallic,F97,LKHV - Adelaide Grey Extended Merino Leather,,5YM13EC07N9L47288,,9L47288,2MK,,,"Feb 17, 2022",,USA,"BMW of Morristown, Morristown, US",,,,,,,,
475 - Black Sapphire Metallic,F97,LKHV - Adelaide Grey Extended Merino Leather,,5YM13EC01N9L47531,,9L47531,2MK,,,"Feb 17, 2022",,USA,"Otto's BMW, Ottawa, CA",,,,,,,,
C4P - Brooklyn Grey Metallic,F97,LKDA - Sakhir Orange Extended Merino Leather,,5YM13EC06N9L49307,,9L49307,2MK,,,"Feb 18, 2022",,USA,"Moses BMW, St. Albans, US",,,,,,,,
C1K - Marina Bay Blue Metallic,F97,VATQ - BMW Individual Tartufo Extended Merino Leather,,5YM13EC06N9L49386,,9L49386,2MK,,,"Feb 18, 2022",,USA,"Performance BMW, St. Catharines, CA",,,,,,,,
C1K - Marina Bay Blue Metallic,F97,HDJA - Black/Midrand Beige Two-Tone Merino Leather / Alcantara,,5YM13EC02N9L49434,,9L49434,2MK,,,"Feb 18, 2022",,USA,"Bavarian Motor Cars GmbH, Würzburg, DE",,,,,,,,
C4P - Brooklyn Grey Metallic,F97,LKDA - Sakhir Orange Extended Merino Leather,,5YM13EC07N9L49512,,9L49512,2MK,,,"Feb 18, 2022",,USA,"Steve Thomas BMW, Camarillo, US",,,,,,,,
416 - Carbon Black Metallic,F97,VATQ - BMW Individual Tartufo Extended Merino Leather,,5YM13EC02N9L49823,,9L49823,2MK,,,"Feb 18, 2022",,USA,"International Autos/MINI, West Allis, US",,,,,,,,
C4H - Sao Paulo Yellow,F97,VATQ - BMW Individual Tartufo Extended Merino Leather,,5YM13EC00N9L49853,,9L49853,2MK,,,"Feb 18, 2022",,USA,"BMW Brossard, Brossard, CA",,,,,,,,
C4P - Brooklyn Grey Metallic,F97,LKSW - Black Extended Merino Leather,,5YM13EC00N9L49898,,9L49898,2MK,,,"Feb 18, 2022",,USA,"BMW of Nashville, Brentwood, US",,,,,,,,
P7T - IND. Verde Ermes Metallic,F97,MAH7 - Black Vernasca Leather,,5YM13EC05N9L51467,,9L51467,2MK,,,"Feb 22, 2022",,USA,"BMW North Scottsdale, Phoenix, US",,,,,,,,
P7X - IND. Frozen Deep Grey Metallic,F97,LKDA - Sakhir Orange Extended Merino Leather,,5YM13EC03N9L56084,,9L56084,2MK,,,"Feb 24, 2022",,USA,"BMW of Turnersville, Turnersville, US",,,,,,,,
C4P - Brooklyn Grey Metallic,F97,VATQ - BMW Individual Tartufo Extended Merino Leather,,5YM13EC01N9L57914,,9L57914,2MK,,,"Mar 1, 2022",,USA,"BMW of Orland Park, Orland Park, US",,,,,,,,
475 - Black Sapphire Metallic,F97,LKDA - Sakhir Orange Extended Merino Leather,,5YM13EC0XN9L57958,,9L57958,2MK,,,"Mar 1, 2022",,USA,"BMW of Arlington, Arlington, US",,,,,,,,
300 - Alpine White,F97,VATQ - BMW Individual Tartufo Extended Merino Leather,,5YM13EC08N9L58042,,9L58042,2MK,,,"Mar 1, 2022",,USA,"Tulley BMW, Nashua, US",,,,,,,,
300 - Alpine White,F97,VATQ - BMW Individual Tartufo Extended Merino Leather,,5YM13EC0XN9L58091,,9L58091,2MK,,,"Mar 1, 2022",,USA,"BMW of Rochester, Rochester, US",,,,,,,,
475 - Black Sapphire Metallic,F97,LKSW - Black Extended Merino Leather,,5YM13EC0XN9L58172,,9L58172,2MK,,,"Mar 1, 2022",,USA,"BMW of Southpoint, Durham, US",,,,,,,,
C4P - Brooklyn Grey Metallic,F97,LKDA - Sakhir Orange Extended Merino Leather,,5YM13EC0XN9L58222,,9L58222,2MK,,,"Mar 1, 2022",,USA,"Voss Village BMW, Dayton, US",,,,,,,,
416 - Carbon Black Metallic,F97,LKDA - Sakhir Orange Extended Merino Leather,,5YM13EC05N9L58273,,9L58273,2MK,,,"Mar 1, 2022",,USA,"BMW of Asheville, Arden, US",,,,,,,,
475 - Black Sapphire Metallic,F97,LKSW - Black Extended Merino Leather,,5YM13EC01N9L58321,,9L58321,2MK,,,"Mar 1, 2022",,USA,"BMW of Fremont, Fremont, US",,,,,,,,
300 - Alpine White,F97,VATQ - BMW Individual Tartufo Extended Merino Leather,,5YM13EC0XN9L58351,,9L58351,2MK,,,"Mar 1, 2022",,USA,"Manheim New Jersey, Bordentown, US",,,,,,,,
C4P - Brooklyn Grey Metallic,F97,LKSW - Black Extended Merino Leather,,5YM13EC09N9L58390,,9L58390,2MK,,,"Mar 1, 2022",,USA,"Galleria BMW, D'Iberville, US",,,,,,,,
475 - Black Sapphire Metallic,F97,MAH7 - Black Vernasca Leather,,5YM13EC05N9L58421,,9L58421,2MK,,,"Mar 1, 2022",,USA,"Nevada Auto Auction, Las Vegas, US",,,,,,,,
475 - Black Sapphire Metallic,F97,HDJA - Black/Midrand Beige Two-Tone Merino Leather / Alcantara,,5YM13EC05N9L58466,,9L58466,2MK,,,"Mar 1, 2022",,USA,"BMW of Murrieta, Murrieta, US",,,,,,,,
C4P - Brooklyn Grey Metallic,F97,LKDA - Sakhir Orange Extended Merino Leather,,5YM13EC08N9L58512,,9L58512,2MK,,,"Mar 1, 2022",,USA,"Flemington BMW, Flemington, US",,,,,,,,
C4H - Sao Paulo Yellow,F97,LKSW - Black Extended Merino Leather,,5YM13EC00N9L59623,,9L59623,2MK,,,"Mar 3, 2022",,USA,"Baron BMW/MINI, Merriam, US",,,,,,,,
C1K - Marina Bay Blue Metallic,F97,LKSW - Black Extended Merino Leather,,5YM13EC07N9L59666,,9L59666,2MK,,,"Mar 3, 2022",,USA,"Irvine BMW, Irvine, US",,,,,,,,
475 - Black Sapphire Metallic,F97,LKDA - Sakhir Orange Extended Merino Leather,,5YM13EC09N9L59717,,9L59717,2MK,,,"Mar 3, 2022",,USA,"Grenier BMW, Terrebonne, CA",,,,,,,,
416 - Carbon Black Metallic,F97,VATQ - BMW Individual Tartufo Extended Merino Leather,,5YM13EC02N9L59767,,9L59767,2MK,,,"Mar 2, 2022",,USA,"BMW Performance Center (SC), Greer, US",,,,,,,,
A90 - Dark Graphite Metallic,F97,LKHV - Adelaide Grey Extended Merino Leather,,5YM13EC02N9L59817,,9L59817,2MK,,,"Mar 2, 2022",,USA,"BMW of Buena Park, Buena Park, US",,,,,,,,
C1K - Marina Bay Blue Metallic,F97,LKSW - Black Extended Merino Leather,,5YM13EC06N9L59920,,9L59920,2MK,,,"Mar 2, 2022",,USA,"Atlanta Auto Auction/Manheim Greer, Red Oak, US",,,,,,,,
C4P - Brooklyn Grey Metallic,F97,LKDA - Sakhir Orange Extended Merino Leather,,5YM13EC0XN9L59967,,9L59967,2MK,,,"Mar 2, 2022",,USA,"BMW of Las Vegas, Las Vegas, US",,,,,,,,
475 - Black Sapphire Metallic,F97,LKSW - Black Extended Merino Leather,,5YM13EC04N9L60001,,9L60001,2MK,,,"Mar 2, 2022",,USA,"BMW Montreal Centre, Montreal, CA",,,,,,,,
475 - Black Sapphire Metallic,F97,LKSW - Black Extended Merino Leather,,5YM13EC0XN9L60097,,9L60097,2MK,,,"Mar 2, 2022",,USA,"BMW of Tampa, Tampa, US",,,,,,,,
475 - Black Sapphire Metallic,F97,LKDA - Sakhir Orange Extended Merino Leather,,5YM13EC07N9L60171,,9L60171,2MK,,,"Mar 2, 2022",,USA,"Century West BMW, North Hollywood, US",,,,,,,,
C1K - Marina Bay Blue Metallic,F97,VATQ - BMW Individual Tartufo Extended Merino Leather,,5YM13EC05N9L62002,,9L62002,2MK,,,"Mar 2, 2022",,USA,"Brian Jessel BMW, Vancouver, CA",,,,,,,,
C4P - Brooklyn Grey Metallic,F97,LKDA - Sakhir Orange Extended Merino Leather,,5YM13EC05N9L62033,,9L62033,2MK,,,"Mar 3, 2022",,USA,"BMW Sainte-Julie, Sainte-Julie, CA",,,,,,,,
C1K - Marina Bay Blue Metallic,F97,LKDA - Sakhir Orange Extended Merino Leather,,5YM13EC01N9L62076,,9L62076,2MK,,,"Mar 3, 2022",,USA,"BMW of Sioux Falls, Sioux Falls, US",,,,,,,,
416 - Carbon Black Metallic,F97,HDJA - Black/Midrand Beige Two-Tone Merino Leather / Alcantara,,5YM13EC06N9L62154,,9L62154,2MK,,,"Mar 3, 2022",,USA,"BMW of Murray, Murray, US",,,,,,,,
C1K - Marina Bay Blue Metallic,F97,LKDA - Sakhir Orange Extended Merino Leather,,5YM13EC02N9L62202,,9L62202,2MK,,,"Mar 3, 2022",,USA,"Vista BMW, Coconut Creek, US",,,,,,,,
C4P - Brooklyn Grey Metallic,F97,LKSW - Black Extended Merino Leather,,5YM13EC0XN9L62271,,9L62271,2MK,,,"Mar 3, 2022",,USA,"Autobahn Motorcars, Fort Worth, US",,,,,,,,
C1K - Marina Bay Blue Metallic,F97,LKDA - Sakhir Orange Extended Merino Leather,,5YM13EC08N9L62365,,9L62365,2MK,,,"Mar 3, 2022",,USA,"Vista BMW, Coconut Creek, US",,,,,,,,
C1K - Marina Bay Blue Metallic,F97,LKDA - Sakhir Orange Extended Merino Leather,,5YM13EC00N9L62442,,9L62442,2MK,,,"Mar 3, 2022",,USA,"BMW of Manhasset, Manhasset, US",,,,,,,,
C3G - Toronto Red Metallic,F97,LKSW - Black Extended Merino Leather,,5YM13EC03N9L62483,,9L62483,2MK,,,"Mar 3, 2022",,USA,"Valencia BMW, Valencia, US",,,,,,,,
C4P - Brooklyn Grey Metallic,F97,LKDA - Sakhir Orange Extended Merino Leather,,5YM13EC06N9L62560,,9L62560,2MK,,,"Mar 3, 2022",,USA,"BMW of South Austin, Austin, US",,,,,,,,
C1K - Marina Bay Blue Metallic,F97,HDJA - Black/Midrand Beige Two-Tone Merino Leather / Alcantara,,5YM13EC02N9L62703,,9L62703,2MK,,,"Mar 3, 2022",,USA,"BMW Performance Center (SC), Greer, US",,,,,,,,
C1K - Marina Bay Blue Metallic,F97,LKSW - Black Extended Merino Leather,,5YM13EC04N9L62914,,9L62914,2MK,,,"Mar 4, 2022",,USA,"Grayson BMW, Knoxville, US",,,,,,,,
C4P - Brooklyn Grey Metallic,F97,LKDA - Sakhir Orange Extended Merino Leather,,5YM13EC01N9L63096,,9L63096,2MK,,,"Mar 4, 2022",,USA,"BMW Portland, Portland, US",,,,,,,,
416 - Carbon Black Metallic,F97,LKDA - Sakhir Orange Extended Merino Leather,,5YM13EC08N9L63127,,9L63127,2MK,,,"Mar 4, 2022",,USA,"Global Imports BMW, Atlanta, US",,,,,,,,
C4P - Brooklyn Grey Metallic,F97,LKDA - Sakhir Orange Extended Merino Leather,,5YM13EC01N9L64877,,9L64877,2MK,,,"Mar 5, 2022",,USA,"BMW of North Liberty, North Liberty, US",,,,,,,,
475 - Black Sapphire Metallic,F97,MAH7 - Black Vernasca Leather,,5YM13EC04N9L64954,,9L64954,2MK,,,"Mar 5, 2022",,USA,"BMW of Reading, Reading, US",,,,,,,,
C4P - Brooklyn Grey Metallic,F97,LKDA - Sakhir Orange Extended Merino Leather,,5YM13EC00N9L65003,,9L65003,2MK,,,"Mar 6, 2022",,USA,"BMW of Denver Downtown, Denver, US",,,,,,,,
C4P - Brooklyn Grey Metallic,F97,LKSW - Black Extended Merino Leather,,5YM13EC09N9L65050,,9L65050,2MK,,,"Mar 6, 2022",,USA,"BMW of Fort Lauderdale, Fort Lauderdale, US",,,,,,,,
416 - Carbon Black Metallic,F97,LKDA - Sakhir Orange Extended Merino Leather,,5YM13EC07N9L65080,,9L65080,2MK,,,"Mar 6, 2022",,USA,"BMW Performance Center (SC), Greer, US",,,,,,,,
C4P - Brooklyn Grey Metallic,F97,LKDA - Sakhir Orange Extended Merino Leather,,5YM13EC05N9L66552,,9L66552,2MK,,,"Mar 6, 2022",,USA,"BMW of Riverside, Riverside, US",,,,,,,,
C1K - Marina Bay Blue Metallic,F97,MAH7 - Black Vernasca Leather,,5YM13EC06N9L66656,,9L66656,2MK,,,"Mar 7, 2022",,USA,"BMW of Madison, Madison, US",,,,,,,,
300 - Alpine White,F97,LKSW - Black Extended Merino Leather,,5YM13EC09N9L66733,,9L66733,2MK,,,"Mar 7, 2022",,USA,"BMW of Norwood, Norwood, US",,,,,,,,
300 - Alpine White,F97,LKDA - Sakhir Orange Extended Merino Leather,,5YM13EC07N9L66780,,9L66780,2MK,,,"Mar 7, 2022",,USA,"Chapman BMW, Chandler, US",,,,,,,,
C4P - Brooklyn Grey Metallic,F97,LKDA - Sakhir Orange Extended Merino Leather,,5YM13EC05N9L66826,,9L66826,2MK,,,"Mar 7, 2022",,USA,"Crevier BMW, Santa Ana, US",,,,,,,,
300 - Alpine White,F97,LKDA - Sakhir Orange Extended Merino Leather,,5YM13EC08N9L66870,,9L66870,2MK,,,"Mar 7, 2022",,USA,"BMW of Monrovia, Monrovia, US",,,,,,,,
C4P - Brooklyn Grey Metallic,F97,LKDA - Sakhir Orange Extended Merino Leather,,5YM13EC02N9L66900,,9L66900,2MK,,,"Mar 7, 2022",,USA,"BMW Encinitas, Encinitas, US",,,,,,,,
C1K - Marina Bay Blue Metallic,F97,LKDA - Sakhir Orange Extended Merino Leather,,5YM13EC02N9L66993,,9L66993,2MK,,,"Mar 7, 2022",,USA,"BMW/MINI of Sterling, Sterling, US",,,,,,,,
C3G - Toronto Red Metallic,F97,HDJA - Black/Midrand Beige Two-Tone Merino Leather / Alcantara,,5YM13EC05N9L67068,,9L67068,2MK,,,"Mar 7, 2022",,USA,"BMW Performance Center (SC), Greer, US",,,,,,,,
C1K - Marina Bay Blue Metallic,F97,LKDA - Sakhir Orange Extended Merino Leather,,5YM13EC00N9L67186,,9L67186,2MK,,,"Mar 7, 2022",,USA,"Competition BMW of Smithtown, Saint James, US",,,,,,,,
P6K - IND. Nardo Gray,F97,LKSW - Black Extended Merino Leather,,5YM13EC02N9L69103,,9L69103,2MK,,,"Mar 7, 2022",,USA,"Rallye BMW, Westbury, US",,,,,,,,
C1K - Marina Bay Blue Metallic,F97,LKDA - Sakhir Orange Extended Merino Leather,,5YM13EC06N9L69198,,9L69198,2MK,,,"Mar 8, 2022",,USA,"Autogermana, Inc., Hato Rey, US",,,,,,,,
C1K - Marina Bay Blue Metallic,F97,HDJA - Black/Midrand Beige Two-Tone Merino Leather / Alcantara,,5YM13EC05N9L69306,,9L69306,2MK,,,"Mar 8, 2022",,USA,"South Bay BMW, Torrance, US",,,,,,,,
300 - Alpine White,F97,MAH7 - Black Vernasca Leather,,5YM13EC04N9L69362,,9L69362,2MK,,,"Mar 8, 2022",,USA,"BMW of Sudbury, Sudbury, US",,,,,,,,
C4P - Brooklyn Grey Metallic,F97,LKSW - Black Extended Merino Leather,,5YM13EC05N9L69466,,9L69466,2MK,,,"Mar 8, 2022",,USA,"Laurel BMW of Westmont, Westmont, US",,,,,,,,
C1K - Marina Bay Blue Metallic,F97,LKDA - Sakhir Orange Extended Merino Leather,,5YM13EC09N9L69499,,9L69499,2MK,,,"Mar 8, 2022",,USA,"Valencia BMW, Valencia, US",,,,,,,,
C1K - Marina Bay Blue Metallic,F97,HDJA - Black/Midrand Beige Two-Tone Merino Leather / Alcantara,,5YM13EC07N9L69548,,9L69548,2MK,,,"Mar 8, 2022",,USA,"BMW London, London, CA",,,,,,,,
C1K - Marina Bay Blue Metallic,F97,LKSW - Black Extended Merino Leather,,5YM13EC00N9L69603,,9L69603,2MK,,,"Mar 8, 2022",,USA,"BMW of Peoria, Peoria, US",,,,,,,,
475 - Black Sapphire Metallic,F97,LKSW - Black Extended Merino Leather,,5YM13EC00N9L69651,,9L69651,2MK,,,"Mar 8, 2022",,USA,"Brian Jessel BMW, Vancouver, CA",,,,,,,,
416 - Carbon Black Metallic,F97,LKSW - Black Extended Merino Leather,,5YM13EC03N9L69725,,9L69725,2MK,,,"Mar 8, 2022",,USA,"Orange County BMW, Harriman, US",,,,,,,,
C1K - Marina Bay Blue Metallic,F97,LKSW - Black Extended Merino Leather,,5YM13EC02N9L74933,,9L74933,2MK,,,"Mar 10, 2022",,USA,"Sandia BMW/MINI, Albuquerque, US",,,,,,,,
C1K - Marina Bay Blue Metallic,F97,LKDA - Sakhir Orange Extended Merino Leather,,5YM13EC02N9L74981,,9L74981,2MK,,,"Mar 10, 2022",,USA,"BMW of Kansas City South, Kansas CIty, US",,,,,,,,
A90 - Dark Graphite Metallic,F97,LKSW - Black Extended Merino Leather,,5YM13EC00N9L75028,,9L75028,2MK,,,"Mar 10, 2022",,USA,"Crevier BMW, Santa Ana, US",,,,,,,,
C1K - Marina Bay Blue Metallic,F97,LKSW - Black Extended Merino Leather,,5YM13EC05N9L75073,,9L75073,2MK,,,"Mar 10, 2022",,USA,"BMW North Scottsdale, Phoenix, US",,,,,,,,
C4H - Sao Paulo Yellow,F97,LKSW - Black Extended Merino Leather,,5YM13EC09N9L75111,,9L75111,2MK,,,"Mar 11, 2022",,USA,"New Motors, Inc., Erie, US",,,,,,,,
U91 - IND. Frozen Black Metallic,F97,HDJA - Black/Midrand Beige Two-Tone Merino Leather / Alcantara,,5YM13EC03N9L75136,,9L75136,2MK,,,"Mar 11, 2022",,USA,"BMW Encinitas, Encinitas, US",,,,,,,,
C1K - Marina Bay Blue Metallic,F97,LKHV - Adelaide Grey Extended Merino Leather,,5YM13EC09N9L75173,,9L75173,2MK,,,"Mar 11, 2022",,USA,"Wyoming Valley BMW, Plains, US",,,,,,,,
416 - Carbon Black Metallic,F97,HDJA - Black/Midrand Beige Two-Tone Merino Leather / Alcantara,,5YM13EC04N9L75257,,9L75257,2MK,,,"Mar 11, 2022",,USA,"BMW of Sioux Falls, Sioux Falls, US",,,,,,,,
300 - Alpine White,F97,VATQ - BMW Individual Tartufo Extended Merino Leather,,5YM13EC01N9L75300,,9L75300,2MK,,,"Mar 11, 2022",,USA,"Braman BMW/Braman MINI of Miami, Miami, US",,,,,,,,
416 - Carbon Black Metallic,F97,LKHV - Adelaide Grey Extended Merino Leather,,5YM13EC07N9L75348,,9L75348,2MK,,,"Mar 11, 2022",,USA,"BMW Encinitas, Encinitas, US",,,,,,,,
475 - Black Sapphire Metallic,F97,LKSW - Black Extended Merino Leather,,5YM13EC09N9L75464,,9L75464,2MK,,,"Mar 11, 2022",,USA,"BMW of Honolulu, Honolulu, US",,,,,,,,
A90 - Dark Graphite Metallic,F97,VATQ - BMW Individual Tartufo Extended Merino Leather,,5YM13EC0XN9L75540,,9L75540,2MK,,,"Mar 11, 2022",,USA,"BMW of Wichita, Wichita, US",,,,,,,,
C1K - Marina Bay Blue Metallic,F97,VATQ - BMW Individual Tartufo Extended Merino Leather,,5YM13EC01N9L75572,,9L75572,2MK,,,"Mar 11, 2022",,USA,"Tulley BMW, Nashua, US",,,,,,,,
C4P - Brooklyn Grey Metallic,F97,LKDA - Sakhir Orange Extended Merino Leather,,5YM13EC02N9L76701,,9L76701,2MK,,,"Mar 11, 2022",,USA,"BMW of Annapolis, Annapolis, US",,,,,,,,
C4P - Brooklyn Grey Metallic,F97,HDJA - Black/Midrand Beige Two-Tone Merino Leather / Alcantara,,5YM13EC04N9L76800,,9L76800,2MK,,,"Mar 12, 2022",,USA,"Habberstad BMW, Huntington Station, US",,,,,,,,
C4P - Brooklyn Grey Metallic,F97,LKDA - Sakhir Orange Extended Merino Leather,,5YM13EC03N9L76836,,9L76836,2MK,,,"Mar 12, 2022",,USA,"BMW of Mt. Laurel, Mount Laurel, US",,,,,,,,
C4P - Brooklyn Grey Metallic,F97,LKDA - Sakhir Orange Extended Merino Leather,,5YM13EC08N9L76864,,9L76864,2MK,,,"Mar 12, 2022",,USA,"BMW of Springfield, Springfield, US",,,,,,,,
C4P - Brooklyn Grey Metallic,F97,LKDA - Sakhir Orange Extended Merino Leather,,5YM13EC01N9L76897,,9L76897,2MK,,,"Mar 13, 2022",,USA,"BMW of Bellevue, Bellevue, US",,,,,,,,
C4P - Brooklyn Grey Metallic,F97,LKSW - Black Extended Merino Leather,,5YM13EC07N9L76967,,9L76967,2MK,,,"Mar 13, 2022",,USA,"United BMW, Alpharetta, US",,,,,,,,
C4P - Brooklyn Grey Metallic,F97,LKSW - Black Extended Merino Leather,,5YM13EC01N9L77046,,9L77046,2MK,,,"Mar 14, 2022",,USA,"South Bay BMW, Torrance, US",,,,,,,,
C4P - Brooklyn Grey Metallic,F97,LKSW - Black Extended Merino Leather,,5YM13EC02N9L77072,,9L77072,2MK,,,"Mar 14, 2022",,USA,"BMW Performance Center (SC), Greer, US",,,,,,,,
C4P - Brooklyn Grey Metallic,F97,VATQ - BMW Individual Tartufo Extended Merino Leather,,5YM13EC04N9L77154,,9L77154,2MK,,,"Mar 14, 2022",,USA,"BMW of Murray, Murray, US",,,,,,,,
C4P - Brooklyn Grey Metallic,F97,LKSW - Black Extended Merino Leather,,5YM13EC09N9L77182,,9L77182,2MK,,,"Mar 14, 2022",,USA,"BMW Encinitas, Encinitas, US",,,,,,,,
C4P - Brooklyn Grey Metallic,F97,LKSW - Black Extended Merino Leather,,5YM13EC08N9L77223,,9L77223,2MK,,,"Mar 14, 2022",,USA,"Tulley BMW, Nashua, US",,,,,,,,
300 - Alpine White,F97,LKSW - Black Extended Merino Leather,,5YM13EC00N9L79757,,9L79757,2MK,,,"Mar 15, 2022",,USA,"Irvine BMW, Irvine, US",,,,,,,,
A90 - Dark Graphite Metallic,F97,HDJA - Black/Midrand Beige Two-Tone Merino Leather / Alcantara,,5YM13EC06N9L79794,,9L79794,2MK,,,"Mar 15, 2022",,USA,"Don Jacobs BMW, Lexington, US",,,,,,,,
A90 - Dark Graphite Metallic,F97,VATQ - BMW Individual Tartufo Extended Merino Leather,,5YM13EC03N9L79820,,9L79820,2MK,,,"Mar 15, 2022",,USA,"Sandia BMW/MINI, Albuquerque, US",,,,,,,,
300 - Alpine White,F97,LKSW - Black Extended Merino Leather,,5YM13EC08N9L79862,,9L79862,2MK,,,"Mar 15, 2022",,USA,"Roadshow BMW/MINI, Cordova, US",,,,,,,,
416 - Carbon Black Metallic,F97,VATQ - BMW Individual Tartufo Extended Merino Leather,,5YM13EC01N9L79959,,9L79959,2MK,,,"Mar 15, 2022",,USA,"BMW of Manhattan, New York, US",,,,,,,,
C4H - Sao Paulo Yellow,F97,LKSW - Black Extended Merino Leather,,5YM13EC0XN9L80060,,9L80060,2MK,,,"Mar 15, 2022",,USA,"I. G. Burton BMW, Milford, US",,,,,,,,
475 - Black Sapphire Metallic,F97,LKDA - Sakhir Orange Extended Merino Leather,,5YM13EC05N9L80094,,9L80094,2MK,,,"Mar 15, 2022",,USA,"Herb Chambers BMW, Charlestown, US",,,,,,,,
300 - Alpine White,F97,LKDA - Sakhir Orange Extended Merino Leather,,5YM13EC00N9L80293,,9L80293,2MK,,,"Mar 16, 2022",,USA,"BMW of Devon, Devon, US",,,,,,,,
C3G - Toronto Red Metallic,F97,LKHV - Adelaide Grey Extended Merino Leather,,5YM13EC07N9L81862,,9L81862,2MK,,,"Mar 16, 2022",,USA,"BMW Performance Center (SC), Greer, US",,,,,,,,
416 - Carbon Black Metallic,F97,LKSW - Black Extended Merino Leather,,5YM13EC06N9L81948,,9L81948,2MK,,,"Mar 16, 2022",,USA,"BMW of Houston Midtown, Houston, US",,,,,,,,
C4P - Brooklyn Grey Metallic,F97,VATQ - BMW Individual Tartufo Extended Merino Leather,,5YM13EC03N9L86203,,9L86203,2MK,,,"Mar 17, 2022",,USA,"Marketing Fleet, Woodcliff Lake, US",,,,,,,,
C4P - Brooklyn Grey Metallic,F97,LKDA - Sakhir Orange Extended Merino Leather,,5YM13EC01N9L86295,,9L86295,2MK,,,"Mar 18, 2022",,USA,"BMW of Spokane, Spokane, US",,,,,,,,
C4P - Brooklyn Grey Metallic,F97,LKDA - Sakhir Orange Extended Merino Leather,,5YM13EC03N9L86458,,9L86458,2MK,,,"Mar 18, 2022",,USA,"Braman BMW/Braman MINI of Miami, Miami, US",,,,,,,,
C4P - Brooklyn Grey Metallic,F97,LKDA - Sakhir Orange Extended Merino Leather,,5YM13EC07N9L86480,,9L86480,2MK,,,"Mar 18, 2022",,USA,"Century West BMW, North Hollywood, US",,,,,,,,
C4P - Brooklyn Grey Metallic,F97,LKSW - Black Extended Merino Leather,,5YM13EC09N9L86514,,9L86514,2MK,,,"Mar 18, 2022",,USA,"BMW of Honolulu, Honolulu, US",,,,,,,,
C4P - Brooklyn Grey Metallic,F97,VATQ - BMW Individual Tartufo Extended Merino Leather,,5YM13EC04N9L86548,,9L86548,2MK,,,"Mar 18, 2022",,USA,"Continental BMW of Darien, Darien, US",,,,,,,,
C4P - Brooklyn Grey Metallic,F97,LKSW - Black Extended Merino Leather,,5YM13EC08N9L86584,,9L86584,2MK,,,"Mar 18, 2022",,USA,"Towne BMW, Williamsville, US",,,,,,,,
C4P - Brooklyn Grey Metallic,F97,HDJA - Black/Midrand Beige Two-Tone Merino Leather / Alcantara,,5YM13EC03N9L86623,,9L86623,2MK,,,"Mar 18, 2022",,USA,"BMW of the Main Line, Bala Cynwyd, US",,,,,,,,
C4P - Brooklyn Grey Metallic,F97,LKDA - Sakhir Orange Extended Merino Leather,,5YM13EC08N9L86682,,9L86682,2MK,,,"Mar 18, 2022",,USA,"BMW of Madison, Madison, US",,,,,,,,
C4P - Brooklyn Grey Metallic,F97,LKSW - Black Extended Merino Leather,,5YM13EC01N9L86751,,9L86751,2MK,,,"Mar 18, 2022",,USA,"BMW of Vista, Vista, US",,,,,,,,
C4P - Brooklyn Grey Metallic,F97,LKSW - Black Extended Merino Leather,,5YM13EC04N9L86775,,9L86775,2MK,,,"Mar 18, 2022",,USA,"Hilton Head BMW, Bluffton, US",,,,,,,,
C4P - Brooklyn Grey Metallic,F97,LKHV - Adelaide Grey Extended Merino Leather,,5YM13EC04N9L86811,,9L86811,2MK,,,"Mar 18, 2022",,USA,"BMW of Eugene, Eugene, US",,,,,,,,
C4P - Brooklyn Grey Metallic,F97,HDJA - Black/Midrand Beige Two-Tone Merino Leather / Alcantara,,5YM13EC04N9L86839,,9L86839,2MK,,,"Mar 18, 2022",,USA,"The Automaster, Shelburne, US",,,,,,,,
A90 - Dark Graphite Metallic,F97,LKDA - Sakhir Orange Extended Merino Leather,,5YM13EC02N9L86869,,9L86869,2MK,,,"Mar 18, 2022",,USA,"New Century BMW, Alhambra, US",,,,,,,,
475 - Black Sapphire Metallic,F97,LKHV - Adelaide Grey Extended Merino Leather,,5YM13EC03N9L86900,,9L86900,2MK,,,"Mar 19, 2022",,USA,"BMW of Houston North, Houston, US",,,,,,,,
300 - Alpine White,F97,LKSW - Black Extended Merino Leather,,5YM13EC08N9L86925,,9L86925,2MK,,,"Mar 19, 2022",,USA,"Braman Motorcars/Braman MINI of Pal, West Palm Beach, US",,,,,,,,
A90 - Dark Graphite Metallic,F97,LKHV - Adelaide Grey Extended Merino Leather,,5YM13EC01N9L86961,,9L86961,2MK,,,"Mar 19, 2022",,USA,"Rallye BMW, Westbury, US",,,,,,,,
300 - Alpine White,F97,LKDA - Sakhir Orange Extended Merino Leather,,5YM13EC0XN9L87039,,9L87039,2MK,,,"Mar 20, 2022",,USA,"Competition BMW of Smithtown, Saint James, US",,,,,,,,
416 - Carbon Black Metallic,F97,VATQ - BMW Individual Tartufo Extended Merino Leather,,5YM13EC09N9L87100,,9L87100,2MK,,,"Mar 20, 2022",,USA,"BMW of Rochester Hills, Shelby Township, US",,,,,,,,
300 - Alpine White,F97,LKDA - Sakhir Orange Extended Merino Leather,,5YM13EC0XN9L87140,,9L87140,2MK,,,"Mar 20, 2022",,USA,"BMW of Springfield, Springfield, US",,,,,,,,
475 - Black Sapphire Metallic,F97,VATQ - BMW Individual Tartufo Extended Merino Leather,,5YM13EC05N9L87255,,9L87255,2MK,,,"Mar 21, 2022",,USA,"BMW of Madison, Madison, US",,,,,,,,
A90 - Dark Graphite Metallic,F97,LKDA - Sakhir Orange Extended Merino Leather,,5YM13EC04N9L87280,,9L87280,2MK,,,"Mar 21, 2022",,USA,"BMW of Palm Springs, Palm Springs, US",,,,,,,,
475 - Black Sapphire Metallic,F97,HDJA - Black/Midrand Beige Two-Tone Merino Leather / Alcantara,,5YM13EC05N9L87336,,9L87336,2MK,,,"Mar 21, 2022",,USA,"BMW of South Austin, Austin, US",,,,,,,,
300 - Alpine White,F97,LKSW - Black Extended Merino Leather,,5YM13EC09N9L87369,,9L87369,2MK,,,"Mar 21, 2022",,USA,"Bluegrass BMW, Paducah, US",,,,,,,,
416 - Carbon Black Metallic,F97,LKHV - Adelaide Grey Extended Merino Leather,,5YM13EC0XN9L87428,,9L87428,2MK,,,"Mar 21, 2022",,USA,"BMW of San Antonio/MINI of San Anto, San Antonio, US",,,,,,,,
416 - Carbon Black Metallic,F97,LKSW - Black Extended Merino Leather,,5YM13EC00N9L87504,,9L87504,2MK,,,"Mar 21, 2022",,USA,"BMW of Madison, Madison, US",,,,,,,,
C1K - Marina Bay Blue Metallic,F97,LKDA - Sakhir Orange Extended Merino Leather,,5YM13EC03N9L88646,,9L88646,2MK,,,"Mar 21, 2022",,USA,"BMW of Tenafly, Tenafly, US",,,,,,,,
475 - Black Sapphire Metallic,F97,LKDA - Sakhir Orange Extended Merino Leather,,5YM13EC04N9L89028,,9L89028,2MK,,,"Mar 22, 2022",,USA,"BMW of Mt. Laurel, Mount Laurel, US",,,,,,,,
C1K - Marina Bay Blue Metallic,F97,LKDA - Sakhir Orange Extended Merino Leather,,5YM13EC03N9L89053,,9L89053,2MK,,,"Mar 22, 2022",,USA,"BMW of South Albany, Glenmont, US",,,,,,,,
C3G - Toronto Red Metallic,F97,LKHV - Adelaide Grey Extended Merino Leather,,5YM13EC09N9L90594,,9L90594,2MK,,,"Mar 22, 2022",,USA,"BMW of Tri-Cities, Richland, US",,,,,,,,
C1K - Marina Bay Blue Metallic,F97,VATQ - BMW Individual Tartufo Extended Merino Leather,,5YM13EC09N9L90725,,9L90725,2MK,,,"Mar 22, 2022",,USA,"Braman Motorcars/Braman MINI of Pal, West Palm Beach, US",,,,,,,,
C3G - Toronto Red Metallic,F97,LKHV - Adelaide Grey Extended Merino Leather,,5YM13EC09N9L91096,,9L91096,2MK,,,"Mar 23, 2022",,USA,"BMW of San Antonio/MINI of San Anto, San Antonio, US",,,,,,,,
416 - Carbon Black Metallic,F97,LKSW - Black Extended Merino Leather,,5YM13EC08N9L91493,,9L91493,2MK,,,"Mar 23, 2022",,USA,"BMW of Orland Park, Orland Park, US",,,,,,,,
416 - Carbon Black Metallic,F97,LKSW - Black Extended Merino Leather,,5YM13EC05N9L91516,,9L91516,2MK,,,"Mar 23, 2022",,USA,"BMW of Honolulu, Honolulu, US",,,,,,,,
475 - Black Sapphire Metallic,F97,HDJA - Black/Midrand Beige Two-Tone Merino Leather / Alcantara,,5YM13EC05N9L93072,,9L93072,2MK,,,"Mar 24, 2022",,USA,"Performance BMW, St. Catharines, CA",,,,,,,,
C1K - Marina Bay Blue Metallic,F97,HDJA - Black/Midrand Beige Two-Tone Merino Leather / Alcantara,,5YM13EC02N9L93224,,9L93224,2MK,,,"Mar 24, 2022",,USA,"Trois-Rivieres BMW, Trois Rivieres, CA",,,,,,,,
416 - Carbon Black Metallic,F97,LKDA - Sakhir Orange Extended Merino Leather,,5YM13EC05N9L93265,,9L93265,2MK,,,"Mar 24, 2022",,USA,"Braman BMW/Braman MINI of Miami, Miami, US",,,,,,,,
C1K - Marina Bay Blue Metallic,F97,LKSW - Black Extended Merino Leather,,5YM13EC0XN9L93374,,9L93374,2MK,,,"Mar 24, 2022",,USA,"BMW Ville de Quebec, Quebec City, CA",,,,,,,,
300 - Alpine White,F97,LKDA - Sakhir Orange Extended Merino Leather,,5YM13EC01N9L93408,,9L93408,2MK,,,"Mar 24, 2022",,USA,"BMW of Tigard, Tigard, US",,,,,,,,
475 - Black Sapphire Metallic,F97,LKSW - Black Extended Merino Leather,,5YM13EC09N9L93463,,9L93463,2MK,,,"Mar 24, 2022",,USA,"AH Euler Kaiserslautern GmbH, Kaiserslautern, DE",,,,,,,,
C1K - Marina Bay Blue Metallic,F97,LKSW - Black Extended Merino Leather,,5YM13EC00N9L93528,,9L93528,2MK,,,"Mar 24, 2022",,USA,"BMW of Silver Spring, Silver Spring, US",,,,,,,,
C4P - Brooklyn Grey Metallic,F97,LKDA - Sakhir Orange Extended Merino Leather,,5YM13EC08N9L94670,,9L94670,2MK,,,"Mar 24, 2022",,USA,"Performance BMW, St. Catharines, CA",,,,,,,,
C4P - Brooklyn Grey Metallic,F97,LKDA - Sakhir Orange Extended Merino Leather,,5YM13EC00N9L94792,,9L94792,2MK,,,"Mar 25, 2022",,USA,"Open Road BMW, Edison, US",,,,,,,,
C4P - Brooklyn Grey Metallic,F97,HDJA - Black/Midrand Beige Two-Tone Merino Leather / Alcantara,,5YM13EC01N9L94851,,9L94851,2MK,,,"Mar 25, 2022",,USA,"BMW of Bloomfield Hills, Bloomfield Hills, US",,,,,,,,
C4P - Brooklyn Grey Metallic,F97,LKDA - Sakhir Orange Extended Merino Leather,,5YM13EC04N9L94939,,9L94939,2MK,,,"Mar 25, 2022",,USA,"BMW of Bowling Green, Bowling Green, US",,,,,,,,
C4P - Brooklyn Grey Metallic,F97,VATQ - BMW Individual Tartufo Extended Merino Leather,,5YM13EC06N9L95039,,9L95039,2MK,,,"Mar 25, 2022",,USA,"BMW of El Paso, El Paso, US",,,,,,,,
C4P - Brooklyn Grey Metallic,F97,HDJA - Black/Midrand Beige Two-Tone Merino Leather / Alcantara,,5YM13EC01N9L95062,,9L95062,2MK,,,"Mar 25, 2022",,USA,"BMW of Bend, 2142, US",,,,,,,,
300 - Alpine White,F97,LKDA - Sakhir Orange Extended Merino Leather,,5YM13EC03N9L96343,,9L96343,2MK,,,"Mar 26, 2022",,USA,"McKenna BMW, Norwalk, US",,,,,,,,
475 - Black Sapphire Metallic,F97,LKDA - Sakhir Orange Extended Merino Leather,,5YM13EC08N9L96399,,9L96399,2MK,,,"Mar 27, 2022",,USA,"BMW of Brooklyn, Brooklyn, US",,,,,,,,
475 - Black Sapphire Metallic,F97,VATQ - BMW Individual Tartufo Extended Merino Leather,,5YM13EC09N9L96511,,9L96511,2MK,,,"Mar 27, 2022",,USA,"Coggin BMW Treasure Coast, Fort Pierce, US",,,,,,,,
C1K - Marina Bay Blue Metallic,F97,HDJA - Black/Midrand Beige Two-Tone Merino Leather / Alcantara,,5YM13EC06N9L96627,,9L96627,2MK,,,"Mar 28, 2022",,USA,"BMW Performance Center (SC), Greer, US",,,,,,,,
300 - Alpine White,F97,VATQ - BMW Individual Tartufo Extended Merino Leather,,5YM13EC08N9L96659,,9L96659,2MK,,,"Mar 28, 2022",,USA,"Braman BMW/Braman MINI of Miami, Miami, US",,,,,,,,
C1K - Marina Bay Blue Metallic,F97,VATQ - BMW Individual Tartufo Extended Merino Leather,,5YM13EC04N9L96710,,9L96710,2MK,,,"Mar 28, 2022",,USA,"Gebhardt BMW, Boulder, US",,,,,,,,
300 - Alpine White,F97,LKDA - Sakhir Orange Extended Merino Leather,,5YM13EC09N9L96802,,9L96802,2MK,,,"Mar 28, 2022",,USA,"Peterson BMW of Boise, Boise, US",,,,,,,,
C4H - Sao Paulo Yellow,F97,LKDA - Sakhir Orange Extended Merino Leather,,5YM13EC04N9L98358,,9L98358,2MK,,,"Mar 29, 2022",,USA,"BMW of Brooklyn, Brooklyn, US",,,,,,,,
475 - Black Sapphire Metallic,F97,LKDA - Sakhir Orange Extended Merino Leather,,5YM13EC07N9L98693,,9L98693,2MK,,,"Mar 29, 2022",,USA,"BMW of Arlington, Arlington, US",,,,,,,,
C1K - Marina Bay Blue Metallic,F97,VATQ - BMW Individual Tartufo Extended Merino Leather,,5YM13EC02N9L98732,,9L98732,2MK,,,"Mar 29, 2022",,USA,"BMW Performance Center (SC), Greer, US",,,,,,,,
300 - Alpine White,F97,VATQ - BMW Individual Tartufo Extended Merino Leather,,5YM13EC05N9L98756,,9L98756,2MK,,,"Mar 29, 2022",,USA,"BMW of Delray Beach, Delray Beach, US",,,,,,,,
416 - Carbon Black Metallic,F97,VATQ - BMW Individual Tartufo Extended Merino Leather,,5YM13EC08N9L98878,,9L98878,2MK,,,"Mar 30, 2022",,USA,"BMW of Brooklyn, Brooklyn, US",,,,,,,,
416 - Carbon Black Metallic,F97,LKSW - Black Extended Merino Leather,,5YM13EC05N9L99003,,9L99003,2MK,,,"Mar 30, 2022",,USA,"Sewickley BMW, Sewickley, US",,,,,,,,
475 - Black Sapphire Metallic,F97,VATQ - BMW Individual Tartufo Extended Merino Leather,,5YM13EC05N9M00960,,9M00960,2MK,,,"Mar 31, 2022",,USA,"BMW of Mobile, Mobile, US",,,,,,,,
P7X - IND. Frozen Deep Grey Metallic,F97,LKDA - Sakhir Orange Extended Merino Leather,,5YM13EC09N9M15042,,9M15042,2MK,,,"Apr 9, 2022",,USA,"Karl Knauz Motors, Lake Bluff, US",,,,,,,,
474 - IND. Sepia Metallic,F97,LKSW - Black Extended Merino Leather,,5YM13EC06N9M16438,,9M16438,2MK,,,"Apr 11, 2022",,USA,"Atlanta Auto Auction/Manheim Greer, Red Oak, US",,,,,,,,
B51 - IND. San Marino Blue Metallic,F97,VATQ - BMW Individual Tartufo Extended Merino Leather,,5YM13EC0XN9M19987,,9M19987,2MK,,,"Apr 12, 2022",,USA,"Nevada Auto Auction, Las Vegas, US",,,,,,,,
205 - IND. Malachite Green Metallic,F97,VATQ - BMW Individual Tartufo Extended Merino Leather,,5YM13EC08N9M20376,,9M20376,2MK,,,"Apr 13, 2022",,USA,"Nevada Auto Auction, Las Vegas, US",,,,,,,,
C39 - IND. Lime Rock Gray Metallic,F97,LKDA - Sakhir Orange Extended Merino Leather,,5YM13EC05N9M20786,,9M20786,2MK,,,"Apr 13, 2022",,USA,"Nevada Auto Auction, Las Vegas, US",,,,,,,,
327 - IND. Santorini Blue Metallic,F97,LKSW - Black Extended Merino Leather,,5YM13EC09N9M21567,,9M21567,2MK,,,"Apr 14, 2022",,USA,"Nevada Auto Auction, Las Vegas, US",,,,,,,,
C4H - Sao Paulo Yellow,F97,LKDA - Sakhir Orange Extended Merino Leather,,5YM13EC02N9M22785,,9M22785,2MK,,,"Apr 18, 2022",,USA,"Bavarian Motor Cars GmbH, Würzburg, DE",,,,,,,,
416 - Carbon Black Metallic,F97,LKSW - Black Extended Merino Leather,,5YM13EC03N9M23041,,9M23041,2MK,,,"Apr 18, 2022",,USA,"BMW of Southampton, Southampton, US",,,,,,,,
P6K - IND. Nardo Gray,F97,LKDA - Sakhir Orange Extended Merino Leather,,5YM13EC06N9M29934,,9M29934,2MK,,,"Apr 22, 2022",,USA,"BMW of Manhattan, New York, US",,,,,,,,
474 - IND. Sepia Metallic,F97,LKSW - Black Extended Merino Leather,,5YM13EC05N9M30511,,9M30511,2MK,,,"Apr 25, 2022",,USA,"BMW of San Antonio/MINI of San Anto, San Antonio, US",,,,,,,,
P5T - IND. Frozen Marina Bay Blue Metallic Matte,F97,LKSW - Black Extended Merino Leather,,5YM13EC02N9M33835,,9M33835,2MK,,,"Apr 26, 2022",,USA,"BMW of Riverside, Riverside, US",,,,,,,,
P7X - IND. Frozen Deep Grey Metallic,F97,LKSW - Black Extended Merino Leather,,5YM13EC03N9M34363,,9M34363,2MK,,,"Apr 27, 2022",,USA,"BMW Kingston, Kingston, CA",,,,,,,,
C4P - Brooklyn Grey Metallic,F97,LKSW - Black Extended Merino Leather,,5YM13EC05N9M35997,,9M35997,2MK,,,"Apr 28, 2022",,USA,"Atkins Kroll Inc., Tamuning, GU",,,,,,,,
475 - Black Sapphire Metallic,F97,VATQ - BMW Individual Tartufo Extended Merino Leather,,5YM13EC03N9M40289,,9M40289,2MK,,,"May 1, 2022",,USA,"Bema Autosport BMW, Saskatoon, CA",,,,,,,,
205 - IND. Malachite Green Metallic,F97,VATQ - BMW Individual Tartufo Extended Merino Leather,,5YM13EC05N9M41685,,9M41685,2MK,,,"May 2, 2022",,USA,"BMW of Alexandria, Alexandria, US",,,,,,,,
312 - IND. British Racing Green Metallic,F97,VATQ - BMW Individual Tartufo Extended Merino Leather,,5YM13EC06N9M41792,,9M41792,2MK,,,"May 3, 2022",,USA,"BMW of San Rafael, San Rafael, US",,,,,,,,
A04 - IND. Urban Green,F97,VATQ - BMW Individual Tartufo Extended Merino Leather,,5YM13EC0XN9M42007,,9M42007,2MK,,,"May 3, 2022",,USA,"BMW of Idaho Falls, Idaho Falls, US",,,,,,,,
475 - Black Sapphire Metallic,F97,MAH7 - Black Vernasca Leather,,5YM13EC04N9M42147,,9M42147,2MK,,,"May 3, 2022",,USA,"BMW Performance Center (SC), Greer, US",,,,,,,,
416 - Carbon Black Metallic,F97,LKSW - Black Extended Merino Leather,,5YM13EC03N9M46268,,9M46268,2MK,,,"May 5, 2022",,USA,"Elite BMW, Ottawa, CA",,,,,,,,
C3G - Toronto Red Metallic,F97,LKHV - Adelaide Grey Extended Merino Leather,,5YM13EC0XN9M46381,,9M46381,2MK,,,"May 5, 2022",,USA,"Otto's BMW, Ottawa, CA",,,,,,,,
C4P - Brooklyn Grey Metallic,F97,LKSW - Black Extended Merino Leather,,5YM13EC07N9M48671,,9M48671,2MK,,,"May 6, 2022",,USA,"BMW of Temple, Temple, US",,,,,,,,
C4P - Brooklyn Grey Metallic,F97,LKSW - Black Extended Merino Leather,,5YM13EC06N9M48757,,9M48757,2MK,,,"May 6, 2022",,USA,"Bill Jacobs BMW/MINI, Naperville, US",,,,,,,,
C4P - Brooklyn Grey Metallic,F97,HDJA - Black/Midrand Beige Two-Tone Merino Leather / Alcantara,,5YM13EC05N9M48846,,9M48846,2MK,,,"May 6, 2022",,USA,"BMW of Westbrook, Westbrook, US",,,,,,,,
C4P - Brooklyn Grey Metallic,F97,LKDA - Sakhir Orange Extended Merino Leather,,5YM13EC08N9M48890,,9M48890,2MK,,,"May 6, 2022",,USA,"BMW of Stratham, Stratham, US",,,,,,,,
C4P - Brooklyn Grey Metallic,F97,HDJA - Black/Midrand Beige Two-Tone Merino Leather / Alcantara,,5YM13EC01N9M48990,,9M48990,2MK,,,"May 6, 2022",,USA,"BMW of Austin, Austin, US",,,,,,,,
C4P - Brooklyn Grey Metallic,F97,VATQ - BMW Individual Tartufo Extended Merino Leather,,5YM13EC04N9M49020,,9M49020,2MK,,,"May 6, 2022",,USA,"Rick Hendrick BMW Charleston, Charleston, US",,,,,,,,
C4P - Brooklyn Grey Metallic,F97,VATQ - BMW Individual Tartufo Extended Merino Leather,,5YM13EC0XN9M49104,,9M49104,2MK,,,"May 6, 2022",,USA,"Passport BMW, Suitland, US",,,,,,,,
C4P - Brooklyn Grey Metallic,F97,LKDA - Sakhir Orange Extended Merino Leather,,5YM13EC07N9M49142,,9M49142,2MK,,,"May 6, 2022",,USA,"Patrick BMW, Schaumburg, US",,,,,,,,
C4P - Brooklyn Grey Metallic,F97,VATQ - BMW Individual Tartufo Extended Merino Leather,,5YM13EC06N9M49200,,9M49200,2MK,,,"May 6, 2022",,USA,"BMW of Bridgeport, Bridgeport, US",,,,,,,,
C4P - Brooklyn Grey Metallic,F97,VATQ - BMW Individual Tartufo Extended Merino Leather,,5YM13EC07N9M49237,,9M49237,2MK,,,"May 6, 2022",,USA,"Chapman BMW, Chandler, US",,,,,,,,
300 - Alpine White,F97,HDJA - Black/Midrand Beige Two-Tone Merino Leather / Alcantara,,5YM13EC04N9M50460,,9M50460,2MK,,,"May 7, 2022",,USA,"BMW of Newport, Middletown, US",,,,,,,,
C3G - Toronto Red Metallic,F97,VATQ - BMW Individual Tartufo Extended Merino Leather,,5YM13EC05N9M50791,,9M50791,2MK,,,"May 9, 2022",,USA,"AH Euler Kaiserslautern GmbH, Kaiserslautern, DE",,,,,,,,
A04 - IND. Urban Green,F97,HDJA - Black/Midrand Beige Two-Tone Merino Leather / Alcantara,,5YM13EC04N9M50829,,9M50829,2MK,,,"May 9, 2022",,USA,"Performance BMW, St. Catharines, CA",,,,,,,,
C4H - Sao Paulo Yellow,F97,LKDA - Sakhir Orange Extended Merino Leather,,5YM13EC08N9M51059,,9M51059,2MK,,,"May 9, 2022",,USA,"BMW of Fort Lauderdale, Fort Lauderdale, US",,,,,,,,
300 - Alpine White,F97,LKDA - Sakhir Orange Extended Merino Leather,,5YM13EC07N9M51103,,9M51103,2MK,,,"May 9, 2022",,USA,"BMW of Reading, Reading, US",,,,,,,,
475 - Black Sapphire Metallic,F97,VATQ - BMW Individual Tartufo Extended Merino Leather,,5YM13EC04N9M51141,,9M51141,2MK,,,"May 9, 2022",,USA,"BMW of Fort Myers, Fort Myers, US",,,,,,,,
475 - Black Sapphire Metallic,F97,LKDA - Sakhir Orange Extended Merino Leather,,5YM13EC01N9M51274,,9M51274,2MK,,,"May 9, 2022",,USA,"BMW of North Haven, North Haven, US",,,,,,,,
C1K - Marina Bay Blue Metallic,F97,LKSW - Black Extended Merino Leather,,5YM13EC07N9M51313,,9M51313,2MK,,,"May 9, 2022",,USA,"BMW of Peabody, Peabody, US",,,,,,,,
300 - Alpine White,F97,LKSW - Black Extended Merino Leather,,5YM13EC00N9M51377,,9M51377,2MK,,,"May 10, 2022",,USA,"BMW Northwest, Tacoma, US",,,,,,,,
416 - Carbon Black Metallic,F97,HDJA - Black/Midrand Beige Two-Tone Merino Leather / Alcantara,,5YM13EC01N9M51422,,9M51422,2MK,,,"May 10, 2022",,USA,"BMW of Peabody, Peabody, US",,,,,,,,
C1K - Marina Bay Blue Metallic,F97,VATQ - BMW Individual Tartufo Extended Merino Leather,,5YM13EC02N9M51560,,9M51560,2MK,,,"May 10, 2022",,USA,"BMW of Bloomfield, Bloomfield, US",,,,,,,,
475 - Black Sapphire Metallic,F97,LKDA - Sakhir Orange Extended Merino Leather,,5YM13EC04N9M51589,,9M51589,2MK,,,"May 10, 2022",,USA,"BMW of Turnersville, Turnersville, US",,,,,,,,
475 - Black Sapphire Metallic,F97,VATQ - BMW Individual Tartufo Extended Merino Leather,,5YM13EC00N9M51671,,9M51671,2MK,,,"May 10, 2022",,USA,"Patrick BMW, Schaumburg, US",,,,,,,,
300 - Alpine White,F97,LKSW - Black Extended Merino Leather,,5YM13EC02N9M54572,,9M54572,2MK,,,"May 10, 2022",,USA,"BMW of Huntsville, Huntsville, US",,,,,,,,
475 - Black Sapphire Metallic,F97,MAH7 - Black Vernasca Leather,,5YM13EC05N9M54761,,9M54761,2MK,,,"May 10, 2022",,USA,"BMW of Alexandria, Alexandria, US",,,,,,,,
C4P - Brooklyn Grey Metallic,F97,LKHV - Adelaide Grey Extended Merino Leather,,5YM13EC04N9M54959,,9M54959,2MK,,,"May 11, 2022",,USA,"Birchwood BMW, Winnipeg, CA",,,,,,,,
C3G - Toronto Red Metallic,F97,LKSW - Black Extended Merino Leather,,5YM13EC01N9M55308,,9M55308,2MK,,,"May 11, 2022",,USA,"BMW Performance Center (SC), Greer, US",,,,,,,,
C1K - Marina Bay Blue Metallic,F97,LKDA - Sakhir Orange Extended Merino Leather,,5YM13EC01N9M55471,,9M55471,2MK,,,"May 11, 2022",,USA,"BMW of Toledo, Toledo, US",,,,,,,,
P6K - IND. Nardo Gray,F97,LKDA - Sakhir Orange Extended Merino Leather,,5YM13EC03N9M55553,,9M55553,2MK,,,"May 12, 2022",,USA,"BMW of South Austin, Austin, US",,,,,,,,
C1K - Marina Bay Blue Metallic,F97,LKDA - Sakhir Orange Extended Merino Leather,,5YM13EC02N9M55589,,9M55589,2MK,,,"May 12, 2022",,USA,"Rallye BMW, Westbury, US",,,,,,,,
A90 - Dark Graphite Metallic,F97,LKSW - Black Extended Merino Leather,,5YM13EC04N9M55660,,9M55660,2MK,,,"May 12, 2022",,USA,"Bill Jacobs BMW/MINI, Naperville, US",,,,,,,,
475 - Black Sapphire Metallic,F97,HDJA - Black/Midrand Beige Two-Tone Merino Leather / Alcantara,,5YM13EC04N9M55710,,9M55710,2MK,,,"May 12, 2022",,USA,"New Country BMW, Hartford, US",,,,,,,,
300 - Alpine White,F97,HDJA - Black/Midrand Beige Two-Tone Merino Leather / Alcantara,,5YM13EC01N9M55759,,9M55759,2MK,,,"May 12, 2022",,USA,"BMW Performance Center (SC), Greer, US",,,,,,,,
C1K - Marina Bay Blue Metallic,F97,VATQ - BMW Individual Tartufo Extended Merino Leather,,5YM13EC00N9M55848,,9M55848,2MK,,,"May 12, 2022",,USA,"BMW of San Diego, San Diego, US",,,,,,,,
283 - IND. Daytona Violet Pearl Metallic,F97,HDJA - Black/Midrand Beige Two-Tone Merino Leather / Alcantara,,5YM13EC08N9M55886,,9M55886,2MK,,,"May 12, 2022",,USA,"BMW of Ramsey, Ramsey, US",,,,,,,,
300 - Alpine White,F97,LKSW - Black Extended Merino Leather,,5YM13EC09N9M55945,,9M55945,2MK,,,"May 12, 2022",,USA,"BMW Performance Center (SC), Greer, US",,,,,,,,
A90 - Dark Graphite Metallic,F97,LKHV - Adelaide Grey Extended Merino Leather,,5YM13EC01N9M55986,,9M55986,2MK,,,"May 12, 2022",,USA,"BMW of Rockland, Rockland, US",,,,,,,,
C4H - Sao Paulo Yellow,F97,LKDA - Sakhir Orange Extended Merino Leather,,5YM13EC00N9M56028,,9M56028,2MK,,,"May 12, 2022",,USA,"Fields BMW, Winter Park, US",,,,,,,,
C1K - Marina Bay Blue Metallic,F97,HDJA - Black/Midrand Beige Two-Tone Merino Leather / Alcantara,,5YM13EC01N9M56071,,9M56071,2MK,,,"May 12, 2022",,USA,"BMW of San Diego, San Diego, US",,,,,,,,
C3G - Toronto Red Metallic,F97,LKHV - Adelaide Grey Extended Merino Leather,,5YM13EC06N9M56115,,9M56115,2MK,,,"May 12, 2022",,USA,"BMW Northwest, Tacoma, US",,,,,,,,
300 - Alpine White,F97,LKDA - Sakhir Orange Extended Merino Leather,,5YM13EC08N9M56200,,9M56200,2MK,,,"May 12, 2022",,USA,"Karl Knauz Motors, Lake Bluff, US",,,,,,,,
475 - Black Sapphire Metallic,F97,HDJA - Black/Midrand Beige Two-Tone Merino Leather / Alcantara,,5YM13EC02N9M58069,,9M58069,2MK,,,"May 13, 2022",,USA,"BMW of North Liberty, North Liberty, US",,,,,,,,
300 - Alpine White,F97,VATQ - BMW Individual Tartufo Extended Merino Leather,,5YM13EC07N9M58150,,9M58150,2MK,,,"May 13, 2022",,USA,"BMW of Grapevine, Grapevine, US",,,,,,,,
C1K - Marina Bay Blue Metallic,F97,VATQ - BMW Individual Tartufo Extended Merino Leather,,5YM13EC05N9M58177,,9M58177,2MK,,,"May 13, 2022",,USA,"BMW of West Springfield, West Springfield, US",,,,,,,,
C1K - Marina Bay Blue Metallic,F97,VATQ - BMW Individual Tartufo Extended Merino Leather,,5YM13EC07N9M58214,,9M58214,2MK,,,"May 13, 2022",,USA,"BMW of Fort Wayne, Fort Wayne, US",,,,,,,,
C1K - Marina Bay Blue Metallic,F97,LKSW - Black Extended Merino Leather,,5YM13EC04N9M58302,,9M58302,2MK,,,"May 13, 2022",,USA,"BMW of Lancaster, Lancaster, US",,,,,,,,
416 - Carbon Black Metallic,F97,LKDA - Sakhir Orange Extended Merino Leather,,5YM13EC05N9M58342,,9M58342,2MK,,,"May 13, 2022",,USA,"BMW of Bridgeport, Bridgeport, US",,,,,,,,
475 - Black Sapphire Metallic,F97,LKHV - Adelaide Grey Extended Merino Leather,,5YM13EC01N9M58371,,9M58371,2MK,,,"May 13, 2022",,USA,"Don Jacobs BMW, Lexington, US",,,,,,,,
416 - Carbon Black Metallic,F97,VATQ - BMW Individual Tartufo Extended Merino Leather,,5YM13EC04N9M58414,,9M58414,2MK,,,"May 13, 2022",,USA,"BMW of Denver Downtown, Denver, US",,,,,,,,
475 - Black Sapphire Metallic,F97,LKHV - Adelaide Grey Extended Merino Leather,,5YM13EC09N9M58523,,9M58523,2MK,,,"May 13, 2022",,USA,"A & L BMW, Monroeville, US",,,,,,,,
416 - Carbon Black Metallic,F97,LKSW - Black Extended Merino Leather,,5YM13EC06N9M58561,,9M58561,2MK,,,"May 13, 2022",,USA,"BMW of Grapevine, Grapevine, US",,,,,,,,
416 - Carbon Black Metallic,F97,LKSW - Black Extended Merino Leather,,5YM13EC02N9M58587,,9M58587,2MK,,,"May 13, 2022",,USA,"BMW of San Diego, San Diego, US",,,,,,,,
300 - Alpine White,F97,HDJA - Black/Midrand Beige Two-Tone Merino Leather / Alcantara,,5YM13EC08N9M58626,,9M58626,2MK,,,"May 13, 2022",,USA,"Otto's BMW, West Chester, US",,,,,,,,
C1K - Marina Bay Blue Metallic,F97,LKDA - Sakhir Orange Extended Merino Leather,,5YM13EC07N9M58715,,9M58715,2MK,,,"May 13, 2022",,USA,"Sewickley BMW, Sewickley, US",,,,,,,,
416 - Carbon Black Metallic,F97,LKHV - Adelaide Grey Extended Merino Leather,,5YM13EC05N9M59703,,9M59703,2MK,,,"May 14, 2022",,USA,"BMW of Greenwich, Greenwich, US",,,,,,,,
C4P - Brooklyn Grey Metallic,F97,LKSW - Black Extended Merino Leather,,5YM13EC05N9M59734,,9M59734,2MK,,,"May 14, 2022",,USA,"Budds' BMW Hamilton, Hamilton, CA",,,,,,,,
C4P - Brooklyn Grey Metallic,F97,HDJA - Black/Midrand Beige Two-Tone Merino Leather / Alcantara,,5YM13EC01N9M59763,,9M59763,2MK,,,"May 14, 2022",,USA,"BMW of Reading, Reading, US",,,,,,,,
C1K - Marina Bay Blue Metallic,F97,HDJA - Black/Midrand Beige Two-Tone Merino Leather / Alcantara,,5YM13EC09N9M59803,,9M59803,2MK,,,"May 14, 2022",,USA,"BMW of West St. Louis, Manchester, US",,,,,,,,
C1K - Marina Bay Blue Metallic,F97,LKSW - Black Extended Merino Leather,,5YM13EC07N9M59850,,9M59850,2MK,,,"May 15, 2022",,USA,"Athens BMW, Athens, US",,,,,,,,
P5T - IND. Frozen Marina Bay Blue Metallic Matte,F97,LKSW - Black Extended Merino Leather,,5YM13EC06N9M59872,,9M59872,2MK,,,"May 15, 2022",,USA,"BMW of San Luis Obispo, San Luis Obispo, US",,,,,,,,
475 - Black Sapphire Metallic,F97,VATQ - BMW Individual Tartufo Extended Merino Leather,,5YM13EC06N9M59919,,9M59919,2MK,,,"May 15, 2022",,USA,"BMW of Tampa, Tampa, US",,,,,,,,
C1K - Marina Bay Blue Metallic,F97,LKDA - Sakhir Orange Extended Merino Leather,,5YM13EC07N9M59959,,9M59959,2MK,,,"May 15, 2022",,USA,"BMW of Reading, Reading, US",,,,,,,,
300 - Alpine White,F97,LKSW - Black Extended Merino Leather,,5YM13EC08N9M60019,,9M60019,2MK,,,"May 16, 2022",,USA,"Fields BMW, Winter Park, US",,,,,,,,
A90 - Dark Graphite Metallic,F97,HDJA - Black/Midrand Beige Two-Tone Merino Leather / Alcantara,,5YM13EC05N9M60057,,9M60057,2MK,,,"May 16, 2022",,USA,"BMW Seattle, Seattle, US",,,,,,,,
300 - Alpine White,F97,LKSW - Black Extended Merino Leather,,5YM13EC01N9M60105,,9M60105,2MK,,,"May 16, 2022",,USA,"BMW Seattle, Seattle, US",,,,,,,,
C3G - Toronto Red Metallic,F97,VATQ - BMW Individual Tartufo Extended Merino Leather,,5YM13EC03N9M60140,,9M60140,2MK,,,"May 16, 2022",,USA,"Daniels BMW, Allentown, US",,,,,,,,
300 - Alpine White,F97,HDJA - Black/Midrand Beige Two-Tone Merino Leather / Alcantara,,5YM13EC03N9M60185,,9M60185,2MK,,,"May 16, 2022",,USA,"BMW Tucson, Tucson, US",,,,,,,,
C4P - Brooklyn Grey Metallic,F97,LKDA - Sakhir Orange Extended Merino Leather,,5YM13EC08N9M60229,,9M60229,2MK,,,"May 16, 2022",,USA,"Hendrick BMW, Charlotte, US",,,,,,,,
300 - Alpine White,F97,LKDA - Sakhir Orange Extended Merino Leather,,5YM13EC06N9M60276,,9M60276,2MK,,,"May 16, 2022",,USA,"BMW of Fort Lauderdale, Fort Lauderdale, US",,,,,,,,
C4P - Brooklyn Grey Metallic,F97,LKDA - Sakhir Orange Extended Merino Leather,,5YM13EC02N9M62171,,9M62171,2MK,,,"May 17, 2022",,USA,"BMW of Springfield, Springfield, US",,,,,,,,
C1K - Marina Bay Blue Metallic,F97,LKDA - Sakhir Orange Extended Merino Leather,,5YM13EC01N9M62310,,9M62310,2MK,,,"May 17, 2022",,USA,"BMW of Roxbury, Kenvil, US",,,,,,,,
416 - Carbon Black Metallic,F97,LKHV - Adelaide Grey Extended Merino Leather,,5YM13EC01N9M62498,,9M62498,2MK,,,"May 17, 2022",,USA,"BMW North Scottsdale, Phoenix, US",,,,,,,,
475 - Black Sapphire Metallic,F97,LKDA - Sakhir Orange Extended Merino Leather,,5YM13EC02N9M62543,,9M62543,2MK,,,"May 17, 2022",,USA,"Rallye BMW, Westbury, US",,,,,,,,
C1K - Marina Bay Blue Metallic,F97,HDJA - Black/Midrand Beige Two-Tone Merino Leather / Alcantara,,5YM13EC01N9M62579,,9M62579,2MK,,,"May 17, 2022",,USA,"BMW of Roseville, Roseville, US",,,,,,,,
C4P - Brooklyn Grey Metallic,F97,LKDA - Sakhir Orange Extended Merino Leather,,5YM13EC04N9M62690,,9M62690,2MK,,,"May 17, 2022",,USA,"Global Imports BMW, Atlanta, US",,,,,,,,
C1K - Marina Bay Blue Metallic,F97,LKSW - Black Extended Merino Leather,,5YM13EC03N9M62731,,9M62731,2MK,,,"May 17, 2022",,USA,"Tulley BMW, Nashua, US",,,,,,,,
C4P - Brooklyn Grey Metallic,F97,LKDA - Sakhir Orange Extended Merino Leather,,5YM13EC0XN9M62760,,9M62760,2MK,,,"May 17, 2022",,USA,"BMW of Springfield, Springfield, US",,,,,,,,
475 - Black Sapphire Metallic,F97,LKDA - Sakhir Orange Extended Merino Leather,,5YM13EC05N9M62892,,9M62892,2MK,,,"May 18, 2022",,USA,"New Century BMW, Alhambra, US",,,,,,,,
P6K - IND. Nardo Gray,F97,VATQ - BMW Individual Tartufo Extended Merino Leather,,5YM13EC00N9M62931,,9M62931,2MK,,,"May 18, 2022",,USA,"BMW of Idaho Falls, Idaho Falls, US",,,,,,,,
300 - Alpine White,F97,LKSW - Black Extended Merino Leather,,5YM13EC04N9M63015,,9M63015,2MK,,,"May 18, 2022",,USA,"BMW of Tallahassee, Tallahassee, US",,,,,,,,
C1K - Marina Bay Blue Metallic,F97,LKSW - Black Extended Merino Leather,,5YM13EC09N9M63057,,9M63057,2MK,,,"May 18, 2022",,USA,"Coggin BMW Treasure Coast, Fort Pierce, US",,,,,,,,
C4P - Brooklyn Grey Metallic,F97,LKDA - Sakhir Orange Extended Merino Leather,,5YM13EC08N9M63082,,9M63082,2MK,,,"May 18, 2022",,USA,"BMW of Catonsville, Baltimore, US",,,,,,,,
C4P - Brooklyn Grey Metallic,F97,LKSW - Black Extended Merino Leather,,5YM13EC07N9M63199,,9M63199,2MK,,,"May 18, 2022",,USA,"Bob Smith BMW, Calabasas, US",,,,,,,,
C4P - Brooklyn Grey Metallic,F97,LKSW - Black Extended Merino Leather,,5YM13EC00N9M63318,,9M63318,2MK,,,"May 18, 2022",,USA,"BMW of Westchester, White Plains, US",,,,,,,,
C4P - Brooklyn Grey Metallic,F97,LKDA - Sakhir Orange Extended Merino Leather,,5YM13EC07N9M63364,,9M63364,2MK,,,"May 18, 2022",,USA,"BMW Performance Center (SC), Greer, US",,,,,,,,
C4H - Sao Paulo Yellow,F97,LKSW - Black Extended Merino Leather,,5YM13EC03N9M63409,,9M63409,2MK,,,"May 18, 2022",,USA,"BMW Performance Center (SC), Greer, US",,,,,,,,
C4P - Brooklyn Grey Metallic,F97,LKDA - Sakhir Orange Extended Merino Leather,,5YM13EC0XN9M63438,,9M63438,2MK,,,"May 18, 2022",,USA,"East Bay BMW, Pleasanton, US",,,,,,,,
C1K - Marina Bay Blue Metallic,F97,LKHV - Adelaide Grey Extended Merino Leather,,5YM13EC02N9M63479,,9M63479,2MK,,,"May 19, 2022",,USA,"Bob Smith BMW, Calabasas, US",,,,,,,,
300 - Alpine White,F97,LKDA - Sakhir Orange Extended Merino Leather,,5YM13EC04N9M65900,,9M65900,2MK,,,"May 19, 2022",,USA,"Burdick BMW, Cicero, US",,,,,,,,
A90 - Dark Graphite Metallic,F97,LKHV - Adelaide Grey Extended Merino Leather,,5YM13EC09N9M65942,,9M65942,2MK,,,"May 19, 2022",,USA,"Fields BMW, Winter Park, US",,,,,,,,
C4P - Brooklyn Grey Metallic,F97,LKHV - Adelaide Grey Extended Merino Leather,,5YM13EC07N9M66006,,9M66006,2MK,,,"May 19, 2022",,USA,"Continental BMW of Darien, Darien, US",,,,,,,,
C4P - Brooklyn Grey Metallic,F97,LKHV - Adelaide Grey Extended Merino Leather,,5YM13EC00N9M66042,,9M66042,2MK,,,"May 19, 2022",,USA,"Niederlassung Stuttgart, Stuttgart, DE",,,,,,,,
C1K - Marina Bay Blue Metallic,F97,LKDA - Sakhir Orange Extended Merino Leather,,5YM13EC05N9M66067,,9M66067,2MK,,,"May 19, 2022",,USA,"BMW of Houston Midtown, Houston, US",,,,,,,,
300 - Alpine White,F97,LKHV - Adelaide Grey Extended Merino Leather,,5YM13EC00N9M66106,,9M66106,2MK,,,"May 19, 2022",,USA,"Fields BMW - Lakeland, Lakeland, US",,,,,,,,
C4P - Brooklyn Grey Metallic,F97,LKSW - Black Extended Merino Leather,,5YM13EC0XN9M66145,,9M66145,2MK,,,"May 19, 2022",,USA,"BMW Performance Center (SC), Greer, US",,,,,,,,
300 - Alpine White,F97,LKSW - Black Extended Merino Leather,,5YM13EC04N9M66173,,9M66173,2MK,,,"May 19, 2022",,USA,"Peterson BMW of Boise, Boise, US",,,,,,,,
C4P - Brooklyn Grey Metallic,F97,VATQ - BMW Individual Tartufo Extended Merino Leather,,5YM13EC01N9M66213,,9M66213,2MK,,,"May 19, 2022",,USA,"BMW of Freehold, Freehold, US",,,,,,,,
C4P - Brooklyn Grey Metallic,F97,LKSW - Black Extended Merino Leather,,5YM13EC01N9M66258,,9M66258,2MK,,,"May 19, 2022",,USA,"Tulley BMW, Nashua, US",,,,,,,,
416 - Carbon Black Metallic,F97,VATQ - BMW Individual Tartufo Extended Merino Leather,,5YM13EC09N9M66301,,9M66301,2MK,,,"May 19, 2022",,USA,"BMW of Manhasset, Manhasset, US",,,,,,,,
C1K - Marina Bay Blue Metallic,F97,HDJA - Black/Midrand Beige Two-Tone Merino Leather / Alcantara,,5YM13EC07N9M66362,,9M66362,2MK,,,"May 19, 2022",,USA,"BMW of Honolulu, Honolulu, US",,,,,,,,
C4P - Brooklyn Grey Metallic,F97,LKDA - Sakhir Orange Extended Merino Leather,,5YM13EC01N9M66440,,9M66440,2MK,,,"May 19, 2022",,USA,"BMW of Greenwich, Greenwich, US",,,,,,,,
C4P - Brooklyn Grey Metallic,F97,LKSW - Black Extended Merino Leather,,5YM13EC02N9M66480,,9M66480,2MK,,,"May 19, 2022",,USA,"BMW of Alexandria, Alexandria, US",,,,,,,,
C1K - Marina Bay Blue Metallic,F97,HDJA - Black/Midrand Beige Two-Tone Merino Leather / Alcantara,,5YM13EC07N9M66507,,9M66507,2MK,,,"May 19, 2022",,USA,"Fields BMW, Northfield, US",,,,,,,,
C4P - Brooklyn Grey Metallic,F97,LKSW - Black Extended Merino Leather,,5YM13EC06N9M68216,,9M68216,2MK,,,"May 21, 2022",,USA,"BMW of Bellevue, Bellevue, US",,,,,,,,
C4P - Brooklyn Grey Metallic,F97,HDJA - Black/Midrand Beige Two-Tone Merino Leather / Alcantara,,5YM13EC02N9M68262,,9M68262,2MK,,,"May 21, 2022",,USA,"Autogermana, Inc., Hato Rey, US",,,,,,,,
C4P - Brooklyn Grey Metallic,F97,LKSW - Black Extended Merino Leather,,5YM13EC05N9M68305,,9M68305,2MK,,,"May 22, 2022",,USA,"BMW of Houston North, Houston, US",,,,,,,,
C4P - Brooklyn Grey Metallic,F97,HDJA - Black/Midrand Beige Two-Tone Merino Leather / Alcantara,,5YM13EC00N9M68387,,9M68387,2MK,,,"May 22, 2022",,USA,"BMW of Murray, Murray, US",,,,,,,,
C4P - Brooklyn Grey Metallic,F97,LKSW - Black Extended Merino Leather,,5YM13EC02N9M68424,,9M68424,2MK,,,"May 22, 2022",,USA,"BMW/MINI of Sterling, Sterling, US",,,,,,,,
C4P - Brooklyn Grey Metallic,F97,LKSW - Black Extended Merino Leather,,5YM13EC08N9M68458,,9M68458,2MK,,,"May 23, 2022",,USA,"BMW of San Antonio/MINI of San Anto, San Antonio, US",,,,,,,,
C4P - Brooklyn Grey Metallic,F97,LKSW - Black Extended Merino Leather,,5YM13EC03N9M68562,,9M68562,2MK,,,"May 23, 2022",,USA,"Voss Village BMW, Dayton, US",,,,,,,,
C4P - Brooklyn Grey Metallic,F97,LKSW - Black Extended Merino Leather,,5YM13EC01N9M68592,,9M68592,2MK,,,"May 23, 2022",,USA,"Rusnak BMW, Thousand Oaks, US",,,,,,,,
C4P - Brooklyn Grey Metallic,F97,VATQ - BMW Individual Tartufo Extended Merino Leather,,5YM13EC06N9M68653,,9M68653,2MK,,,"May 23, 2022",,USA,"BMW of Columbia, Columbia, US",,,,,,,,
C4P - Brooklyn Grey Metallic,F97,HDJA - Black/Midrand Beige Two-Tone Merino Leather / Alcantara,,5YM13EC08N9M68752,,9M68752,2MK,,,"May 23, 2022",,USA,"International Autos/MINI, West Allis, US",,,,,,,,
C4P - Brooklyn Grey Metallic,F97,HDJA - Black/Midrand Beige Two-Tone Merino Leather / Alcantara,,5YM13EC05N9M68790,,9M68790,2MK,,,"May 23, 2022",,USA,"Niederlassung Stuttgart, Stuttgart, DE",,,,,,,,
C4H - Sao Paulo Yellow,F97,VATQ - BMW Individual Tartufo Extended Merino Leather,,5YM13EC07N9M71173,,9M71173,2MK,,,"May 23, 2022",,USA,"BMW Performance Center (SC), Greer, US",,,,,,,,
475 - Black Sapphire Metallic,F97,MAH7 - Black Vernasca Leather,,5YM13EC09N9M71210,,9M71210,2MK,,,"May 23, 2022",,USA,"Circle BMW, Eatontown, US",,,,,,,,
C4H - Sao Paulo Yellow,F97,LKHV - Adelaide Grey Extended Merino Leather,,5YM13EC06N9M71276,,9M71276,2MK,,,"May 23, 2022",,USA,"BMW of Sarasota, Sarasota, US",,,,,,,,
A90 - Dark Graphite Metallic,F97,HDJA - Black/Midrand Beige Two-Tone Merino Leather / Alcantara,,5YM13EC06N9M71312,,9M71312,2MK,,,"May 23, 2022",,USA,"Tom Bush BMW Jacksonville, Jacksonville, US",,,,,,,,
475 - Black Sapphire Metallic,F97,LKHV - Adelaide Grey Extended Merino Leather,,5YM13EC00N9M71337,,9M71337,2MK,,,"May 23, 2022",,USA,"Valencia BMW, Valencia, US",,,,,,,,
475 - Black Sapphire Metallic,F97,HDJA - Black/Midrand Beige Two-Tone Merino Leather / Alcantara,,5YM13EC02N9M71372,,9M71372,2MK,,,"May 23, 2022",,USA,"Schomp BMW of Highlands Ranch, Highlands Ranch, US",,,,,,,,
475 - Black Sapphire Metallic,F97,LKSW - Black Extended Merino Leather,,5YM13EC00N9M71399,,9M71399,2MK,,,"May 23, 2022",,USA,"BMW of Kansas City South, Kansas CIty, US",,,,,,,,
C3G - Toronto Red Metallic,F97,HDJA - Black/Midrand Beige Two-Tone Merino Leather / Alcantara,,5YM13EC04N9M71437,,9M71437,2MK,,,"May 23, 2022",,USA,"BMW of Westchester, White Plains, US",,,,,,,,
C1K - Marina Bay Blue Metallic,F97,VATQ - BMW Individual Tartufo Extended Merino Leather,,5YM13EC00N9M71483,,9M71483,2MK,,,"May 23, 2022",,USA,"Germain BMW of Naples, Naples, US",,,,,,,,
C4H - Sao Paulo Yellow,F97,LKSW - Black Extended Merino Leather,,5YM13EC0XN9M71619,,9M71619,2MK,,,"May 24, 2022",,USA,"BMW of Gwinnett Place, Duluth, US",,,,,,,,
416 - Carbon Black Metallic,F97,LKSW - Black Extended Merino Leather,,5YM13EC09N9M71708,,9M71708,2MK,,,"May 24, 2022",,USA,"BMW of Fort Walton Beach, Fort Walton Beach, US",,,,,,,,
C4H - Sao Paulo Yellow,F97,LKSW - Black Extended Merino Leather,,5YM13EC03N9M71753,,9M71753,2MK,,,"May 24, 2022",,USA,"BMW of Annapolis, Annapolis, US",,,,,,,,
475 - Black Sapphire Metallic,F97,HDJA - Black/Midrand Beige Two-Tone Merino Leather / Alcantara,,5YM13EC0XN9M71796,,9M71796,2MK,,,"May 24, 2022",,USA,"BMW of Denver Downtown, Denver, US",,,,,,,,
416 - Carbon Black Metallic,F97,VATQ - BMW Individual Tartufo Extended Merino Leather,,5YM13EC00N9M71841,,9M71841,2MK,,,"May 24, 2022",,USA,"Park Place BMW, Rochester, US",,,,,,,,
A90 - Dark Graphite Metallic,F97,LKSW - Black Extended Merino Leather,,5YM13EC00N9M73699,,9M73699,2MK,,,"May 25, 2022",,USA,"Bavarian Motor Cars GmbH, Würzburg, DE",,,,,,,,
475 - Black Sapphire Metallic,F97,LKSW - Black Extended Merino Leather,,5YM13EC08N9M74034,,9M74034,2MK,,,"May 25, 2022",,USA,"BMW of Orland Park, Orland Park, US",,,,,,,,
416 - Carbon Black Metallic,F97,LKHV - Adelaide Grey Extended Merino Leather,,5YM13EC03N9M74121,,9M74121,2MK,,,"May 25, 2022",,USA,"New Country BMW, Hartford, US",,,,,,,,
C4P - Brooklyn Grey Metallic,F97,LKDA - Sakhir Orange Extended Merino Leather,,5YM13EC03N9M74166,,9M74166,2MK,,,"May 25, 2022",,USA,"BMW of Arlington, Arlington, US",,,,,,,,
C4P - Brooklyn Grey Metallic,F97,LKSW - Black Extended Merino Leather,,5YM13EC07N9M74249,,9M74249,2MK,,,"May 25, 2022",,USA,"BMW of The Woodlands, The Woodlands, US",,,,,,,,
C4P - Brooklyn Grey Metallic,F97,LKSW - Black Extended Merino Leather,,5YM13EC05N9M75691,,9M75691,2MK,,,"May 26, 2022",,USA,"Beverly Hills BMW, Los Angeles, US",,,,,,,,
300 - Alpine White,F97,LKDA - Sakhir Orange Extended Merino Leather,,5YM13EC02N9M75972,,9M75972,2MK,,,"May 26, 2022",,USA,"Steve Thomas BMW, Camarillo, US",,,,,,,,
416 - Carbon Black Metallic,F97,VATQ - BMW Individual Tartufo Extended Merino Leather,,5YM13EC02P9M75991,,9M75991,2MK,,,"Jul 21, 2022",,USA,"BMW Encinitas, Encinitas, US",,,,,,,,
475 - Black Sapphire Metallic,F97,VATQ - BMW Individual Tartufo Extended Merino Leather,,5YM13EC00N9M76523,,9M76523,2MK,,,"May 27, 2022",,USA,"BMW of Roseville, Roseville, US",,,,,,,,
C4P - Brooklyn Grey Metallic,F97,LKDA - Sakhir Orange Extended Merino Leather,,5YM13EC05N9M78266,,9M78266,2MK,,,"May 27, 2022",,USA,"Beverly Hills BMW, Los Angeles, US",,,,,,,,
C4P - Brooklyn Grey Metallic,F97,LKHV - Adelaide Grey Extended Merino Leather,,5YM13EC01N9M78409,,9M78409,2MK,,,"May 28, 2022",,USA,"Sterling BMW, Newport Beach, US",,,,,,,,
C4P - Brooklyn Grey Metallic,F97,HDJA - Black/Midrand Beige Two-Tone Merino Leather / Alcantara,,5YM13EC02N9M78449,,9M78449,2MK,,,"May 31, 2022",,USA,"Irvine BMW, Irvine, US",,,,,,,,
C4P - Brooklyn Grey Metallic,F97,LKSW - Black Extended Merino Leather,,5YM13EC03N9M78489,,9M78489,2MK,,,"May 31, 2022",,USA,"Weatherford BMW, Berkeley, US",,,,,,,,
C4H - Sao Paulo Yellow,F97,LKSW - Black Extended Merino Leather,,5YM13EC09N9M78531,,9M78531,2MK,,,"May 31, 2022",,USA,"BMW of San Diego, San Diego, US",,,,,,,,
C4P - Brooklyn Grey Metallic,F97,LKDA - Sakhir Orange Extended Merino Leather,,5YM13EC03N9M78573,,9M78573,2MK,,,"May 31, 2022",,USA,"Global Imports BMW, Atlanta, US",,,,,,,,
A90 - Dark Graphite Metallic,F97,HDJA - Black/Midrand Beige Two-Tone Merino Leather / Alcantara,,5YM13EC01N9M78619,,9M78619,2MK,,,"May 31, 2022",,USA,"BMW of Southpoint, Durham, US",,,,,,,,
475 - Black Sapphire Metallic,F97,LKDA - Sakhir Orange Extended Merino Leather,,5YM13EC01N9M78667,,9M78667,2MK,,,"May 31, 2022",,USA,"BMW of Turnersville, Turnersville, US",,,,,,,,
416 - Carbon Black Metallic,F97,LKDA - Sakhir Orange Extended Merino Leather,,5YM13EC00N9M78711,,9M78711,2MK,,,"May 31, 2022",,USA,"Gault Auto Sport BMW, Endicott, US",,,,,,,,
C4P - Brooklyn Grey Metallic,F97,LKHV - Adelaide Grey Extended Merino Leather,,5YM13EC07N9M78754,,9M78754,2MK,,,"May 31, 2022",,USA,"Fields BMW of Daytona, Daytona Beach, US",,,,,,,,
C1K - Marina Bay Blue Metallic,F97,LKHV - Adelaide Grey Extended Merino Leather,,5YM13EC05N9M78784,,9M78784,2MK,,,"May 31, 2022",,USA,"BMW of Salem, Salem, US",,,,,,,,
C4P - Brooklyn Grey Metallic,F97,LKDA - Sakhir Orange Extended Merino Leather,,5YM13EC07N9M78821,,9M78821,2MK,,,"May 31, 2022",,USA,"BMW of Peoria, Peoria, US",,,,,,,,
300 - Alpine White,F97,VATQ - BMW Individual Tartufo Extended Merino Leather,,5YM13EC05N9M78848,,9M78848,2MK,,,"May 31, 2022",,USA,"Competition BMW of Smithtown, Saint James, US",,,,,,,,
C1K - Marina Bay Blue Metallic,F97,VATQ - BMW Individual Tartufo Extended Merino Leather,,5YM13EC06N9M78891,,9M78891,2MK,,,"May 31, 2022",,USA,"Circle BMW, Eatontown, US",,,,,,,,
C4P - Brooklyn Grey Metallic,F97,LKDA - Sakhir Orange Extended Merino Leather,,5YM13EC09N9M80621,,9M80621,2MK,,,"Jun 1, 2022",,USA,"BMW of Tenafly, Tenafly, US",,,,,,,,
C4P - Brooklyn Grey Metallic,F97,LKSW - Black Extended Merino Leather,,5YM13EC01N9M80662,,9M80662,2MK,,,"Jun 1, 2022",,USA,"BMW Seattle, Seattle, US",,,,,,,,
C4P - Brooklyn Grey Metallic,F97,LKDA - Sakhir Orange Extended Merino Leather,,5YM13EC06N9M80737,,9M80737,2MK,,,"Jun 1, 2022",,USA,"Park Avenue BMW, Rochelle Park, US",,,,,,,,
C4P - Brooklyn Grey Metallic,F97,LKSW - Black Extended Merino Leather,,5YM13EC03N9M80775,,9M80775,2MK,,,"Jun 1, 2022",,USA,"BMW of the Hudson Valley, Poughkeepsie, US",,,,,,,,
C4P - Brooklyn Grey Metallic,F97,LKDA - Sakhir Orange Extended Merino Leather,,5YM13EC03N9M80811,,9M80811,2MK,,,"Jun 1, 2022",,USA,"BMW of Manhattan, New York, US",,,,,,,,
300 - Alpine White,F97,LKDA - Sakhir Orange Extended Merino Leather,,5YM13EC02N9M80833,,9M80833,2MK,,,"Jun 1, 2022",,USA,"South Bay BMW, Torrance, US",,,,,,,,
C4P - Brooklyn Grey Metallic,F97,LKDA - Sakhir Orange Extended Merino Leather,,5YM13EC08N9M80870,,9M80870,2MK,,,"Jun 1, 2022",,USA,"Baron BMW/MINI, Merriam, US",,,,,,,,
C4P - Brooklyn Grey Metallic,F97,MAH7 - Black Vernasca Leather,,5YM13EC02N9M80914,,9M80914,2MK,,,"Jun 1, 2022",,USA,"Coggin BMW Treasure Coast, Fort Pierce, US",,,,,,,,
475 - Black Sapphire Metallic,F97,LKHV - Adelaide Grey Extended Merino Leather,,5YM13EC09N9M80960,,9M80960,2MK,,,"Jun 1, 2022",,USA,"BMW of Norwood, Norwood, US",,,,,,,,
C4P - Brooklyn Grey Metallic,F97,VATQ - BMW Individual Tartufo Extended Merino Leather,,5YM13EC05N9M81006,,9M81006,2MK,,,"Jun 1, 2022",,USA,"BMW of Waterbury, Waterbury, US",,,,,,,,
300 - Alpine White,F97,VATQ - BMW Individual Tartufo Extended Merino Leather,,5YM13EC00N9M81074,,9M81074,2MK,,,"Jun 1, 2022",,USA,"Chapman BMW, Chandler, US",,,,,,,,
416 - Carbon Black Metallic,F97,VATQ - BMW Individual Tartufo Extended Merino Leather,,5YM13EC03N9M81117,,9M81117,2MK,,,"Jun 1, 2022",,USA,"BMW of Fairfax, Fairfax, US",,,,,,,,
C4P - Brooklyn Grey Metallic,F97,LKDA - Sakhir Orange Extended Merino Leather,,5YM13EC01N9M81214,,9M81214,2MK,,,"Jun 1, 2022",,USA,"*Closed 3-Jan-23* BMW of Oyster Bay, Oyster Bay, US",,,,,,,,
416 - Carbon Black Metallic,F97,VATQ - BMW Individual Tartufo Extended Merino Leather,,5YM13EC01N9M81259,,9M81259,2MK,,,"Jun 1, 2022",,USA,"BMW of Minnetonka, Minnetonka, US",,,,,,,,
A90 - Dark Graphite Metallic,F97,LKSW - Black Extended Merino Leather,,5YM13EC04N9M82275,,9M82275,2MK,,,"Jun 2, 2022",,USA,"BMW of Anchorage, Anchorage, US",,,,,,,,
C4H - Sao Paulo Yellow,F97,HDJA - Black/Midrand Beige Two-Tone Merino Leather / Alcantara,,5YM13EC0XN9M82331,,9M82331,2MK,,,"Jun 2, 2022",,USA,"BMW Performance Center (SC), Greer, US",,,,,,,,
A90 - Dark Graphite Metallic,F97,LKSW - Black Extended Merino Leather,,5YM13EC02N9M82369,,9M82369,2MK,,,"Jun 2, 2022",,USA,"BMW of Sudbury, Sudbury, US",,,,,,,,
A90 - Dark Graphite Metallic,F97,VATQ - BMW Individual Tartufo Extended Merino Leather,,5YM13EC00N9M82404,,9M82404,2MK,,,"Jun 2, 2022",,USA,"United BMW, Alpharetta, US",,,,,,,,
C3G - Toronto Red Metallic,F97,LKHV - Adelaide Grey Extended Merino Leather,,5YM13EC01N9M82427,,9M82427,2MK,,,"Jun 2, 2022",,USA,"BMW of Bloomfield, Bloomfield, US",,,,,,,,
P7X - IND. Frozen Deep Grey Metallic,F97,LKDA - Sakhir Orange Extended Merino Leather,,5YM13EC02N9M82467,,9M82467,2MK,,,"Jun 2, 2022",,USA,"Hendrick BMW, Charlotte, US",,,,,,,,
C1K - Marina Bay Blue Metallic,F97,LKSW - Black Extended Merino Leather,,5YM13EC00N9M82712,,9M82712,2MK,,,"Jun 2, 2022",,USA,"Braman BMW/Braman MINI of Miami, Miami, US",,,,,,,,
C1K - Marina Bay Blue Metallic,F97,LKDA - Sakhir Orange Extended Merino Leather,,5YM13EC07N9M82948,,9M82948,2MK,,,"Jun 2, 2022",,USA,"Park Avenue BMW, Rochelle Park, US",,,,,,,,
205 - IND. Malachite Green Metallic,F97,LKDA - Sakhir Orange Extended Merino Leather,,5YM13EC05N9M86142,,9M86142,2MK,,,"Jun 5, 2022",,USA,"BMW of Sudbury, Sudbury, US",,,,,,,,
C4P - Brooklyn Grey Metallic,F97,LKSW - Black Extended Merino Leather,,5YM13EC03N9M86186,,9M86186,2MK,,,"Jun 6, 2022",,USA,"South Bay BMW, Torrance, US",,,,,,,,
379 - IND. Velvet Blue Metallic,F97,VATQ - BMW Individual Tartufo Extended Merino Leather,,5YM13EC04N9M86486,,9M86486,2MK,,,"Jun 6, 2022",,USA,"BMW of West St. Louis, Manchester, US",,,,,,,,
A90 - Dark Graphite Metallic,F97,LKDA - Sakhir Orange Extended Merino Leather,,5YM13EC00N9M86551,,9M86551,2MK,,,"Jun 6, 2022",,USA,"BMW of Honolulu, Honolulu, US",,,,,,,,
C4P - Brooklyn Grey Metallic,F97,LKSW - Black Extended Merino Leather,,5YM13EC08N9M86734,,9M86734,2MK,,,"Jun 6, 2022",,USA,"Sterling BMW, Newport Beach, US",,,,,,,,
P6K - IND. Nardo Gray,F97,LKDA - Sakhir Orange Extended Merino Leather,,5YM13EC08N9M86801,,9M86801,2MK,,,"Jun 6, 2022",,USA,"Motorwerks BMW, Bloomington, US",,,,,,,,
C3G - Toronto Red Metallic,F97,VATQ - BMW Individual Tartufo Extended Merino Leather,,5YM13EC07N9M86854,,9M86854,2MK,,,"Jun 7, 2022",,USA,"BMW of Wichita, Wichita, US",,,,,,,,
A90 - Dark Graphite Metallic,F97,LKSW - Black Extended Merino Leather,,5YM13EC08N9M86992,,9M86992,2MK,,,"Jun 7, 2022",,USA,"BMW of Macon, Macon, US",,,,,,,,
475 - Black Sapphire Metallic,F97,LKDA - Sakhir Orange Extended Merino Leather,,5YM13EC05N9M87226,,9M87226,2MK,,,"Jun 7, 2022",,USA,"Beverly Hills BMW, Los Angeles, US",,,,,,,,
A90 - Dark Graphite Metallic,F97,LKDA - Sakhir Orange Extended Merino Leather,,5YM13EC09N9M87276,,9M87276,2MK,,,"Jun 7, 2022",,USA,"Trois-Rivieres BMW, Trois Rivieres, CA",,,,,,,,
C1K - Marina Bay Blue Metallic,F97,VATQ - BMW Individual Tartufo Extended Merino Leather,,5YM13EC00N9M87442,,9M87442,2MK,,,"Jun 7, 2022",,USA,"Richmond BMW, Richmond, US",,,,,,,,
P6K - IND. Nardo Gray,F97,LKSW - Black Extended Merino Leather,,5YM13EC03N9M87502,,9M87502,2MK,,,"Jun 7, 2022",,USA,"BMW of Omaha/MINI of Omaha, Omaha, US",,,,,,,,
C1K - Marina Bay Blue Metallic,F97,VATQ - BMW Individual Tartufo Extended Merino Leather,,5YM13EC00N9M88526,,9M88526,2MK,,,"Jun 8, 2022",,USA,"BMW of Alexandria, Alexandria, US",,,,,,,,
C4P - Brooklyn Grey Metallic,F97,LKSW - Black Extended Merino Leather,,5YM13EC02N9M92061,,9M92061,2MK,,,"Jun 9, 2022",,USA,"McKenna BMW, Norwalk, US",,,,,,,,
C4P - Brooklyn Grey Metallic,F97,LKDA - Sakhir Orange Extended Merino Leather,,5YM13EC05N9M92118,,9M92118,2MK,,,"Jun 9, 2022",,USA,"Motorwerks BMW, Bloomington, US",,,,,,,,
C4P - Brooklyn Grey Metallic,F97,LKDA - Sakhir Orange Extended Merino Leather,,5YM13EC08N9M92291,,9M92291,2MK,,,"Jun 9, 2022",,USA,"BMW Laval, Laval, CA",,,,,,,,
C4P - Brooklyn Grey Metallic,F97,LKHV - Adelaide Grey Extended Merino Leather,,5YM13EC02N9M92481,,9M92481,2MK,,,"Jun 9, 2022",,USA,"BMW Seattle, Seattle, US",,,,,,,,
C4P - Brooklyn Grey Metallic,F97,LKSW - Black Extended Merino Leather,,5YM13EC07N9M92590,,9M92590,2MK,,,"Jun 9, 2022",,USA,"BMW of Plano, Plano, US",,,,,,,,
C4P - Brooklyn Grey Metallic,F97,VATQ - BMW Individual Tartufo Extended Merino Leather,,5YM13EC0XN9M92700,,9M92700,2MK,,,"Jun 10, 2022",,USA,"Towne BMW, Williamsville, US",,,,,,,,
C4P - Brooklyn Grey Metallic,F97,LKDA - Sakhir Orange Extended Merino Leather,,5YM13EC01N9M92794,,9M92794,2MK,,,"Jun 10, 2022",,USA,"Preston BMW, Boardman, US",,,,,,,,
C4P - Brooklyn Grey Metallic,F97,LKDA - Sakhir Orange Extended Merino Leather,,5YM13EC05N9M92927,,9M92927,2MK,,,"Jun 10, 2022",,USA,"Ferman BMW/Ferman MINI of Tampa Bay, Palm Harbor, US",,,,,,,,
C4P - Brooklyn Grey Metallic,F97,LKHV - Adelaide Grey Extended Merino Leather,,5YM13EC09N9M93028,,9M93028,2MK,,,"Jun 10, 2022",,USA,"BMW Concord, Concord, US",,,,,,,,
C4P - Brooklyn Grey Metallic,F97,HDJA - Black/Midrand Beige Two-Tone Merino Leather / Alcantara,,5YM13EC01N9M93346,,9M93346,2MK,,,"Jun 10, 2022",,USA,"BMW of Denver Downtown, Denver, US",,,,,,,,
C4P - Brooklyn Grey Metallic,F97,LKDA - Sakhir Orange Extended Merino Leather,,5YM13EC08N9M93473,,9M93473,2MK,,,"Jun 11, 2022",,USA,"BMW of San Francisco, San Francisco, US",,,,,,,,
C4P - Brooklyn Grey Metallic,F97,LKDA - Sakhir Orange Extended Merino Leather,,5YM13EC0XN9M93538,,9M93538,2MK,,,"Jun 11, 2022",,USA,"Paul Miller BMW, Wayne, US",,,,,,,,
C4P - Brooklyn Grey Metallic,F97,LKSW - Black Extended Merino Leather,,5YM13EC01N9M93590,,9M93590,2MK,,,"Jun 11, 2022",,USA,"Medford BMW, Medford, US",,,,,,,,
475 - Black Sapphire Metallic,F97,LKSW - Black Extended Merino Leather,,5YM13EC03N9M98418,,9M98418,2MK,,,"Jun 14, 2022",,USA,"Chapman BMW, Chandler, US",,,,,,,,
475 - Black Sapphire Metallic,F97,VATQ - BMW Individual Tartufo Extended Merino Leather,,5YM13EC04N9M98475,,9M98475,2MK,,,"Jun 14, 2022",,USA,"Weatherford BMW, Berkeley, US",,,,,,,,
475 - Black Sapphire Metallic,F97,LKSW - Black Extended Merino Leather,,5YM13EC01N9M98613,,9M98613,2MK,,,"Jun 14, 2022",,USA,"BMW of Lincoln, Lincoln, US",,,,,,,,
A90 - Dark Graphite Metallic,F97,VATQ - BMW Individual Tartufo Extended Merino Leather,,5YM13EC04N9M98668,,9M98668,2MK,,,"Jun 14, 2022",,USA,"Medford BMW, Medford, US",,,,,,,,
300 - Alpine White,F97,LKDA - Sakhir Orange Extended Merino Leather,,5YM13EC06N9M98753,,9M98753,2MK,,,"Jun 15, 2022",,USA,"BMW of Grapevine, Grapevine, US",,,,,,,,
C1K - Marina Bay Blue Metallic,F97,LKDA - Sakhir Orange Extended Merino Leather,,5YM13EC00N9M98795,,9M98795,2MK,,,"Jun 15, 2022",,USA,"BMW of Reading, Reading, US",,,,,,,,
C1K - Marina Bay Blue Metallic,F97,VATQ - BMW Individual Tartufo Extended Merino Leather,,5YM13EC02N9M98958,,9M98958,2MK,,,"Jun 15, 2022",,USA,"Habberstad BMW, Huntington Station, US",,,,,,,,
C1K - Marina Bay Blue Metallic,F97,LKSW - Black Extended Merino Leather,,5YM13EC0XN9M99016,,9M99016,2MK,,,"Jun 15, 2022",,USA,"Momentum BMW/MINI, Houston, US",,,,,,,,
416 - Carbon Black Metallic,F97,HDJA - Black/Midrand Beige Two-Tone Merino Leather / Alcantara,,5YM13EC0XN9M99064,,9M99064,2MK,,,"Jun 15, 2022",,USA,"Irvine BMW, Irvine, US",,,,,,,,
416 - Carbon Black Metallic,F97,VATQ - BMW Individual Tartufo Extended Merino Leather,,5YM13EC07N9M99099,,9M99099,2MK,,,"Jun 15, 2022",,USA,"Valencia BMW, Valencia, US",,,,,,,,
300 - Alpine White,F97,LKDA - Sakhir Orange Extended Merino Leather,,5YM13EC09N9M99153,,9M99153,2MK,,,"Jun 15, 2022",,USA,"BMW of Lancaster, Lancaster, US",,,,,,,,
475 - Black Sapphire Metallic,F97,LKSW - Black Extended Merino Leather,,5YM13EC08N9M99211,,9M99211,2MK,,,"Jun 15, 2022",,USA,"Beverly Hills BMW, Los Angeles, US",,,,,,,,
475 - Black Sapphire Metallic,F97,VATQ - BMW Individual Tartufo Extended Merino Leather,,5YM13EC04N9M99268,,9M99268,2MK,,,"Jun 15, 2022",,USA,"Schomp BMW of Highlands Ranch, Highlands Ranch, US",,,,,,,,
475 - Black Sapphire Metallic,F97,HDJA - Black/Midrand Beige Two-Tone Merino Leather / Alcantara,,5YM13EC04N9M99321,,9M99321,2MK,,,"Jun 15, 2022",,USA,"BMW of Westbrook, Westbrook, US",,,,,,,,
475 - Black Sapphire Metallic,F97,LKDA - Sakhir Orange Extended Merino Leather,,5YM13EC07N9M99376,,9M99376,2MK,,,"Jun 15, 2022",,USA,"BMW of Okemos, Okemos, US",,,,,,,,
C1K - Marina Bay Blue Metallic,F97,HDJA - Black/Midrand Beige Two-Tone Merino Leather / Alcantara,,5YM13EC03N9N01155,,9N01155,2MK,,,"Jun 16, 2022",,USA,"Germain BMW of Naples, Naples, US",,,,,,,,
C4H - Sao Paulo Yellow,F97,LKSW - Black Extended Merino Leather,,5YM13EC09N9N01208,,9N01208,2MK,,,"Jun 16, 2022",,USA,"Performance BMW, St. Catharines, CA",,,,,,,,
C3G - Toronto Red Metallic,F97,LKHV - Adelaide Grey Extended Merino Leather,,5YM13EC04N9N01262,,9N01262,2MK,,,"Jun 16, 2022",,USA,"BMW Northwest, Tacoma, US",,,,,,,,
C4P - Brooklyn Grey Metallic,F97,LKSW - Black Extended Merino Leather,,5YM13EC06N9N01313,,9N01313,2MK,,,"Jun 16, 2022",,USA,"Coggin BMW Treasure Coast, Fort Pierce, US",,,,,,,,
C4P - Brooklyn Grey Metallic,F97,LKSW - Black Extended Merino Leather,,5YM13EC02N9N01468,,9N01468,2MK,,,"Jun 16, 2022",,USA,"BMW of Spokane, Spokane, US",,,,,,,,
416 - Carbon Black Metallic,F97,LKSW - Black Extended Merino Leather,,5YM13EC02N9N01518,,9N01518,2MK,,,"Jun 17, 2022",,USA,"Fields BMW, Winter Park, US",,,,,,,,
C4P - Brooklyn Grey Metallic,F97,LKHV - Adelaide Grey Extended Merino Leather,,5YM13EC04N9N03299,,9N03299,2MK,,,"Jun 17, 2022",,USA,"BMW of Farmington Hills, Farmington Hills, US",,,,,,,,
C4P - Brooklyn Grey Metallic,F97,LKSW - Black Extended Merino Leather,,5YM13EC04N9N03366,,9N03366,2MK,,,"Jun 17, 2022",,USA,"BMW of Delray Beach, Delray Beach, US",,,,,,,,
C4P - Brooklyn Grey Metallic,F97,LKDA - Sakhir Orange Extended Merino Leather,,5YM13EC09N9N03458,,9N03458,2MK,,,"Jun 17, 2022",,USA,"Crevier BMW, Santa Ana, US",,,,,,,,
C4P - Brooklyn Grey Metallic,F97,HDJA - Black/Midrand Beige Two-Tone Merino Leather / Alcantara,,5YM13EC0XN9N03551,,9N03551,2MK,,,"Jun 17, 2022",,USA,"BMW of Morristown, Morristown, US",,,,,,,,
C4P - Brooklyn Grey Metallic,F97,LKDA - Sakhir Orange Extended Merino Leather,,5YM13EC0XN9N03615,,9N03615,2MK,,,"Jun 17, 2022",,USA,"Laurel BMW of Westmont, Westmont, US",,,,,,,,
C4P - Brooklyn Grey Metallic,F97,LKDA - Sakhir Orange Extended Merino Leather,,5YM13EC07N9N03913,,9N03913,2MK,,,"Jun 17, 2022",,USA,"East Bay BMW, Pleasanton, US",,,,,,,,
C4P - Brooklyn Grey Metallic,F97,HDJA - Black/Midrand Beige Two-Tone Merino Leather / Alcantara,,5YM13EC06N9N05622,,9N05622,2MK,,,"Jun 21, 2022",,USA,"BMW of Catonsville, Baltimore, US",,,,,,,,
C1K - Marina Bay Blue Metallic,F97,LKDA - Sakhir Orange Extended Merino Leather,,5YM13EC04N9N05814,,9N05814,2MK,,,"Jun 21, 2022",,USA,"BMW of Huntsville, Huntsville, US",,,,,,,,
C4P - Brooklyn Grey Metallic,F97,LKDA - Sakhir Orange Extended Merino Leather,,5YM13EC03N9N06002,,9N06002,2MK,,,"Jun 22, 2022",,USA,"Century West BMW, North Hollywood, US",,,,,,,,
A90 - Dark Graphite Metallic,F97,HDJA - Black/Midrand Beige Two-Tone Merino Leather / Alcantara,,5YM13EC01N9N07830,,9N07830,2MK,,,"Jun 22, 2022",,USA,"BMW of Las Vegas, Las Vegas, US",,,,,,,,
475 - Black Sapphire Metallic,F97,LKHV - Adelaide Grey Extended Merino Leather,,5YM13EC07N9N07895,,9N07895,2MK,,,"Jun 22, 2022",,USA,"Braman Motorcars/Braman MINI of Pal, West Palm Beach, US",,,,,,,,
475 - Black Sapphire Metallic,F97,VATQ - BMW Individual Tartufo Extended Merino Leather,,5YM13EC07N9N07959,,9N07959,2MK,,,"Jun 22, 2022",,USA,"Beverly Hills BMW, Los Angeles, US",,,,,,,,
475 - Black Sapphire Metallic,F97,LKSW - Black Extended Merino Leather,,5YM13EC02N9N08047,,9N08047,2MK,,,"Jun 22, 2022",,USA,"BMW Levis, Levis, CA",,,,,,,,
C1K - Marina Bay Blue Metallic,F97,LKDA - Sakhir Orange Extended Merino Leather,,5YM13EC07N9N08142,,9N08142,2MK,,,"Jun 23, 2022",,USA,"BMW St. John's, St. John's, CA",,,,,,,,
C1K - Marina Bay Blue Metallic,F97,HDJA - Black/Midrand Beige Two-Tone Merino Leather / Alcantara,,5YM13EC0XN9N08331,,9N08331,2MK,,,"Jun 23, 2022",,USA,"Performance BMW, St. Catharines, CA",,,,,,,,
C1K - Marina Bay Blue Metallic,F97,LKSW - Black Extended Merino Leather,,5YM13EC02N9N08419,,9N08419,2MK,,,"Jun 23, 2022",,USA,"East Bay BMW, Pleasanton, US",,,,,,,,
416 - Carbon Black Metallic,F97,LKSW - Black Extended Merino Leather,,5YM13EC04N9N08504,,9N08504,2MK,,,"Jun 23, 2022",,USA,"BMW of Greenwich, Greenwich, US",,,,,,,,
416 - Carbon Black Metallic,F97,VATQ - BMW Individual Tartufo Extended Merino Leather,,5YM13EC02N9N08596,,9N08596,2MK,,,"Jun 23, 2022",,USA,"BMW of Ridgefield, Ridgefield, US",,,,,,,,
A90 - Dark Graphite Metallic,F97,LKDA - Sakhir Orange Extended Merino Leather,,5YM13EC07N9N08691,,9N08691,2MK,,,"Jun 23, 2022",,USA,"BMW Laval, Laval, CA",,,,,,,,
C1K - Marina Bay Blue Metallic,F97,HDJA - Black/Midrand Beige Two-Tone Merino Leather / Alcantara,,5YM13EC0XN9N10242,,9N10242,2MK,,,"Jun 24, 2022",,USA,"BMW/MINI of Sterling, Sterling, US",,,,,,,,
,F97,LKDA - Sakhir Orange Extended Merino Leather,,5YM13EC07N9N10313,,9N10313,2MK,,,"Jun 24, 2022",,USA,"BMW of Buena Park, Buena Park, US",,,,,,,,
C1K - Marina Bay Blue Metallic,F97,HDJA - Black/Midrand Beige Two-Tone Merino Leather / Alcantara,,5YM13EC08N9N10384,,9N10384,2MK,,,"Jun 24, 2022",,USA,"BMW of Mountain View, Mountain View, US",,,,,,,,
416 - Carbon Black Metallic,F97,LKSW - Black Extended Merino Leather,,5YM13EC01N9N10484,,9N10484,2MK,,,"Jun 24, 2022",,USA,"BMW of the Main Line, Bala Cynwyd, US",,,,,,,,
300 - Alpine White,F97,LKHV - Adelaide Grey Extended Merino Leather,,5YM13EC06N9N10691,,9N10691,2MK,,,"Jun 24, 2022",,USA,"Hilton Head BMW, Bluffton, US",,,,,,,,
C1K - Marina Bay Blue Metallic,F97,VATQ - BMW Individual Tartufo Extended Merino Leather,,5YM13EC07N9N10795,,9N10795,2MK,,,"Jun 24, 2022",,USA,"BMW of Dallas/MINI of Dallas, Dallas, US",,,,,,,,
C4P - Brooklyn Grey Metallic,F97,LKDA - Sakhir Orange Extended Merino Leather,,5YM13EC01N9N13563,,9N13563,2MK,,,"Jun 27, 2022",,USA,"BMW Seattle, Seattle, US",,,,,,,,
C4P - Brooklyn Grey Metallic,F97,HDJA - Black/Midrand Beige Two-Tone Merino Leather / Alcantara,,5YM13EC02N9N13829,,9N13829,2MK,,,"Jun 27, 2022",,USA,"BMW Performance Center (SC), Greer, US",,,,,,,,
C4P - Brooklyn Grey Metallic,F97,LKDA - Sakhir Orange Extended Merino Leather,,5YM13EC0XN9N13920,,9N13920,2MK,,,"Jun 27, 2022",,USA,"Passport BMW, Suitland, US",,,,,,,,
C4P - Brooklyn Grey Metallic,F97,LKSW - Black Extended Merino Leather,,5YM13EC08N9N15245,,9N15245,2MK,,,"Jun 28, 2022",,USA,"BMW Encinitas, Encinitas, US",,,,,,,,
C1K - Marina Bay Blue Metallic,F97,LKSW - Black Extended Merino Leather,,5YM13EC09N9N15335,,9N15335,2MK,,,"Jun 28, 2022",,USA,"Kelowna BMW, Kelowna, CA",,,,,,,,
A90 - Dark Graphite Metallic,F97,LKHV - Adelaide Grey Extended Merino Leather,,5YM13EC07N9N17424,,9N17424,2MK,,,"Jun 29, 2022",,USA,"Crown BMW, Greensboro, US",,,,,,,,
C4P - Brooklyn Grey Metallic,F97,LKDA - Sakhir Orange Extended Merino Leather,,5YM13EC09N9N17506,,9N17506,2MK,,,"Jun 29, 2022",,USA,"BMW of Southpoint, Durham, US",,,,,,,,
C1K - Marina Bay Blue Metallic,F97,VATQ - BMW Individual Tartufo Extended Merino Leather,,5YM13EC0XN9N17594,,9N17594,2MK,,,"Jun 29, 2022",,USA,"BMW Performance Center (SC), Greer, US",,,,,,,,
C4P - Brooklyn Grey Metallic,F97,LKHV - Adelaide Grey Extended Merino Leather,,5YM13EC04N9N18157,,9N18157,2MK,,,"Jun 30, 2022",,USA,"Continental BMW of Darien, Darien, US",,,,,,,,
300 - Alpine White,F97,VATQ - BMW Individual Tartufo Extended Merino Leather,,5YM13EC01N9N20559,,9N20559,2MK,,,"Jun 30, 2022",,USA,"Rallye BMW, Westbury, US",,,,,,,,
C4P - Brooklyn Grey Metallic,F97,MAH7 - Black Vernasca Leather,,5YM13EC06N9N20590,,9N20590,2MK,,,"Jun 30, 2022",,USA,"Bobby Rahal BMW of South Hills, Canonsburg, US",,,,,,,,
475 - Black Sapphire Metallic,F97,LKSW - Black Extended Merino Leather,,5YM13EC01N9N20724,,9N20724,2MK,,,"Jun 30, 2022",,USA,"BMW Grand River, Kitchener, CA",,,,,,,,
300 - Alpine White,F97,HDJA - Black/Midrand Beige Two-Tone Merino Leather / Alcantara,,5YM13EC00N9N20813,,9N20813,2MK,,,"Jun 30, 2022",,USA,"BMW Langley, Langley, CA",,,,,,,,
C3G - Toronto Red Metallic,F97,LKDA - Sakhir Orange Extended Merino Leather,,5YM13EC00N9N20889,,9N20889,2MK,,,"Jul 1, 2022",,USA,"Bavaria BMW, Edmonton, CA",,,,,,,,
416 - Carbon Black Metallic,F97,LKDA - Sakhir Orange Extended Merino Leather,,5YM13EC05N9N21102,,9N21102,2MK,,,"Jul 1, 2022",,USA,"BMW of Brooklyn, Brooklyn, US",,,,,,,,
C1K - Marina Bay Blue Metallic,F97,LKDA - Sakhir Orange Extended Merino Leather,,5YM13EC05N9N22153,,9N22153,2MK,,,"Jul 1, 2022",,USA,"Karl Knauz Motors, Lake Bluff, US",,,,,,,,
416 - Carbon Black Metallic,F97,VATQ - BMW Individual Tartufo Extended Merino Leather,,5YM13EC06N9N22288,,9N22288,2MK,,,"Jul 1, 2022",,USA,"Stevens Creek BMW, Santa Clara, US",,,,,,,,
475 - Black Sapphire Metallic,F97,LKSW - Black Extended Merino Leather,,5YM13EC07N9N22378,,9N22378,2MK,,,"Jul 2, 2022",,USA,"BMW of Murray, Murray, US",,,,,,,,
A90 - Dark Graphite Metallic,F97,LKHV - Adelaide Grey Extended Merino Leather,,5YM13EC04N9N22421,,9N22421,2MK,,,"Jul 2, 2022",,USA,"Stevens Creek BMW, Santa Clara, US",,,,,,,,
475 - Black Sapphire Metallic,F97,HDJA - Black/Midrand Beige Two-Tone Merino Leather / Alcantara,,5YM13EC00N9N22495,,9N22495,2MK,,,"Jul 11, 2022",,USA,"BMW of Murrieta, Murrieta, US",,,,,,,,
C4P - Brooklyn Grey Metallic,F97,LKSW - Black Extended Merino Leather,,5YM13EC07N9N22526,,9N22526,2MK,,,"Jul 11, 2022",,USA,"BMW of Barrington, Barrington, US",,,,,,,,
C4P - Brooklyn Grey Metallic,F97,LKDA - Sakhir Orange Extended Merino Leather,,5YM13EC02N9N22594,,9N22594,2MK,,,"Jul 11, 2022",,USA,"BMW of Fort Lauderdale, Fort Lauderdale, US",,,,,,,,
C1K - Marina Bay Blue Metallic,F97,VATQ - BMW Individual Tartufo Extended Merino Leather,,5YM13EC09N9N22947,,9N22947,2MK,,,"Jul 12, 2022",,USA,"BMW of Madison, Madison, US",,,,,,,,
C1K - Marina Bay Blue Metallic,F97,LKSW - Black Extended Merino Leather,,5YM13EC05N9N23058,,9N23058,2MK,,,"Jul 12, 2022",,USA,"BMW of Bellevue, Bellevue, US",,,,,,,,
300 - Alpine White,F97,LKHV - Adelaide Grey Extended Merino Leather,,5YM13EC06N9N23098,,9N23098,2MK,,,"Jul 12, 2022",,USA,"BMW of Fremont, Fremont, US",,,,,,,,
C4P - Brooklyn Grey Metallic,F97,LKSW - Black Extended Merino Leather,,5YM13EC0XN9N23167,,9N23167,2MK,,,"Jul 12, 2022",,USA,"Vista BMW, Coconut Creek, US",,,,,,,,
300 - Alpine White,F97,HDJA - Black/Midrand Beige Two-Tone Merino Leather / Alcantara,,5YM13EC03N9N23236,,9N23236,2MK,,,"Jul 12, 2022",,USA,"BMW of Plano, Plano, US",,,,,,,,
C4P - Brooklyn Grey Metallic,F97,LKDA - Sakhir Orange Extended Merino Leather,,5YM13EC0XN9N24903,,9N24903,2MK,,,"Jul 13, 2022",,USA,"BMW Montreal Centre, Montreal, CA",,,,,,,,
C4P - Brooklyn Grey Metallic,F97,LKDA - Sakhir Orange Extended Merino Leather,,5YM13EC04N9N25349,,9N25349,2MK,,,"Jul 14, 2022",,USA,"BMW of Idaho Falls, Idaho Falls, US",,,,,,,,
C4P - Brooklyn Grey Metallic,F97,LKDA - Sakhir Orange Extended Merino Leather,,5YM13EC01N9N25423,,9N25423,2MK,,,"Jul 14, 2022",,USA,"Maranello BMW, Vaughan, CA",,,,,,,,
475 - Black Sapphire Metallic,F97,LKSW - Black Extended Merino Leather,,5YM13EC06N9N25529,,9N25529,2MK,,,"Jul 14, 2022",,USA,"BMW of Manhasset, Manhasset, US",,,,,,,,
475 - Black Sapphire Metallic,F97,HDJA - Black/Midrand Beige Two-Tone Merino Leather / Alcantara,,5YM13EC07N9N28181,,9N28181,2MK,,,"Jul 14, 2022",,USA,"BMW Seattle, Seattle, US",,,,,,,,
300 - Alpine White,F97,LKDA - Sakhir Orange Extended Merino Leather,,5YM13EC01N9N28306,,9N28306,2MK,,,"Jul 15, 2022",,USA,"Autogermana, Inc., Hato Rey, US",,,,,,,,
475 - Black Sapphire Metallic,F97,LKDA - Sakhir Orange Extended Merino Leather,,5YM13EC06N9N28804,,9N28804,2MK,,,"Jul 15, 2022",,USA,"BMW Ville de Quebec, Quebec City, CA",,,,,,,,
C4H - Sao Paulo Yellow,F97,LKSW - Black Extended Merino Leather,,5YM13EC09P9N28847,,9N28847,2MK,,,"Aug 11, 2022",,USA,"Zweckgebundenes Lager, München, DE",,,,,,,,
C1K - Marina Bay Blue Metallic,F97,HDJA - Black/Midrand Beige Two-Tone Merino Leather / Alcantara,,5YM13EC06N9N29046,,9N29046,2MK,,,"Jul 20, 2022",,USA,"Calgary BMW, Calgary, CA",,,,,,,,
C4P - Brooklyn Grey Metallic,F97,LKDA - Sakhir Orange Extended Merino Leather,,5YM13EC00N9N29219,,9N29219,2MK,,,"Jul 21, 2022",,USA,"Habberstad BMW, Huntington Station, US",,,,,,,,
C4H - Sao Paulo Yellow,F97,LKDA - Sakhir Orange Extended Merino Leather,,5YM13EC02N9N29318,,9N29318,2MK,,,"Jul 21, 2022",,USA,"BMW North Scottsdale, Phoenix, US",,,,,,,,
300 - Alpine White,F97,HDJA - Black/Midrand Beige Two-Tone Merino Leather / Alcantara,,5YM13EC04N9N29420,,9N29420,2MK,,,"Jul 21, 2022",,USA,"Stevens Creek BMW, Santa Clara, US",,,,,,,,
C1K - Marina Bay Blue Metallic,F97,LKSW - Black Extended Merino Leather,,5YM13EC00N9N30516,,9N30516,2MK,,,"Jul 21, 2022",,USA,"BMW of Orland Park, Orland Park, US",,,,,,,,
416 - Carbon Black Metallic,F97,VATQ - BMW Individual Tartufo Extended Merino Leather,,5YM13EC03N9N30669,,9N30669,2MK,,,"Jul 21, 2022",,USA,"BMW of Meridian, Meridian, US",,,,,,,,
C4H - Sao Paulo Yellow,F97,LKSW - Black Extended Merino Leather,,5YM13EC07N9N30979,,9N30979,2MK,,,"Jul 22, 2022",,USA,"BMW of South Austin, Austin, US",,,,,,,,
416 - Carbon Black Metallic,F97,VATQ - BMW Individual Tartufo Extended Merino Leather,,5YM13EC09N9N31129,,9N31129,2MK,,,"Jul 22, 2022",,USA,"BMW Santa Barbara, Santa Barbara, US",,,,,,,,
C4P - Brooklyn Grey Metallic,F97,LKSW - Black Extended Merino Leather,,5YM13EC00N9N32105,,9N32105,2MK,,,"Jul 22, 2022",,USA,"Peter Pan BMW, Burlingame, US",,,,,,,,
C4P - Brooklyn Grey Metallic,F97,HDJA - Black/Midrand Beige Two-Tone Merino Leather / Alcantara,,5YM13EC02N9N32378,,9N32378,2MK,,,"Jul 23, 2022",,USA,"BMW of Catonsville, Baltimore, US",,,,,,,,
C4P - Brooklyn Grey Metallic,F97,LKDA - Sakhir Orange Extended Merino Leather,,5YM13EC00N9N32413,,9N32413,2MK,,,"Jul 23, 2022",,USA,"BMW of Springfield, Springfield, US",,,,,,,,
C1K - Marina Bay Blue Metallic,F97,HDJA - Black/Midrand Beige Two-Tone Merino Leather / Alcantara,,5YM13EC06N9N32609,,9N32609,2MK,,,"Jul 26, 2022",,USA,"Steve Thomas BMW, Camarillo, US",,,,,,,,
C4P - Brooklyn Grey Metallic,F97,HDJA - Black/Midrand Beige Two-Tone Merino Leather / Alcantara,,5YM13EC00N9N32654,,9N32654,2MK,,,"Jul 26, 2022",,USA,"BMW North Scottsdale, Phoenix, US",,,,,,,,
C4P - Brooklyn Grey Metallic,F97,LKDA - Sakhir Orange Extended Merino Leather,,5YM13EC00N9N32685,,9N32685,2MK,,,"Jul 27, 2022",,USA,"Braman BMW/Braman MINI of Miami, Miami, US",,,,,,,,
C1K - Marina Bay Blue Metallic,F97,LKDA - Sakhir Orange Extended Merino Leather,,5YM13EC03N9N32759,,9N32759,2MK,,,"Jul 27, 2022",,USA,"Bavarian Motor Cars GmbH, Würzburg, DE",,,,,,,,
C4P - Brooklyn Grey Metallic,F97,LKSW - Black Extended Merino Leather,,5YM13EC02N9N32834,,9N32834,2MK,,,"Jul 27, 2022",,USA,"BMW of Santa Maria, Santa Maria, US",,,,,,,,
416 - Carbon Black Metallic,F97,LKSW - Black Extended Merino Leather,,5YM13EC0XN9N34248,,9N34248,2MK,,,"Jul 27, 2022",,USA,"BMW of Morristown, Morristown, US",,,,,,,,
475 - Black Sapphire Metallic,F97,VATQ - BMW Individual Tartufo Extended Merino Leather,,5YM13EC01N9N34316,,9N34316,2MK,,,"Jul 27, 2022",,USA,"Performance BMW, St. Catharines, CA",,,,,,,,
C4P - Brooklyn Grey Metallic,F97,VATQ - BMW Individual Tartufo Extended Merino Leather,,5YM13EC02N9N34468,,9N34468,2MK,,,"Jul 27, 2022",,USA,"Bill Jacobs BMW/MINI, Naperville, US",,,,,,,,
300 - Alpine White,F97,MAH7 - Black Vernasca Leather,,5YM13EC0XN9N34539,,9N34539,2MK,,,"Jul 27, 2022",,USA,"BMW of Traverse City, Traverse City, US",,,,,,,,
C4P - Brooklyn Grey Metallic,F97,HDJA - Black/Midrand Beige Two-Tone Merino Leather / Alcantara,,5YM13EC01N9N34588,,9N34588,2MK,,,"Jul 27, 2022",,USA,"BMW of Mt. Laurel, Mount Laurel, US",,,,,,,,
C4P - Brooklyn Grey Metallic,F97,LKSW - Black Extended Merino Leather,,5YM13EC07N9N34675,,9N34675,2MK,,,"Jul 27, 2022",,USA,"BMW of Escondido, Escondido, US",,,,,,,,
C4P - Brooklyn Grey Metallic,F97,LKSW - Black Extended Merino Leather,,5YM13EC06N9N34845,,9N34845,2MK,,,"Jul 28, 2022",,USA,"BMW of Tigard, Tigard, US",,,,,,,,
300 - Alpine White,F97,MAH7 - Black Vernasca Leather,,5YM13EC07N9N35115,,9N35115,2MK,,,"Jul 28, 2022",,USA,"BMW of Arlington, Arlington, US",,,,,,,,
C4P - Brooklyn Grey Metallic,F97,HDJA - Black/Midrand Beige Two-Tone Merino Leather / Alcantara,,5YM13EC02N9N35149,,9N35149,2MK,,,"Jul 28, 2022",,USA,"BMW of Waterbury, Waterbury, US",,,,,,,,
C4P - Brooklyn Grey Metallic,F97,LKDA - Sakhir Orange Extended Merino Leather,,5YM13EC09N9N36654,,9N36654,2MK,,,"Jul 28, 2022",,USA,"BMW of Madison, Madison, US",,,,,,,,
475 - Black Sapphire Metallic,F97,LKSW - Black Extended Merino Leather,,5YM13EC06N9N36725,,9N36725,2MK,,,"Jul 28, 2022",,USA,"Bert Smith International, St. Petersburg, US",,,,,,,,
C1K - Marina Bay Blue Metallic,F97,VATQ - BMW Individual Tartufo Extended Merino Leather,,5YM13EC00N9N37062,,9N37062,2MK,,,"Jul 29, 2022",,USA,"BMW of Bakersfield, Bakersfield, US",,,,,,,,
C4P - Brooklyn Grey Metallic,F97,LKDA - Sakhir Orange Extended Merino Leather,,5YM13EC09N9N37092,,9N37092,2MK,,,"Jul 29, 2022",,USA,"Sewickley BMW, Sewickley, US",,,,,,,,
475 - Black Sapphire Metallic,F97,LKDA - Sakhir Orange Extended Merino Leather,,5YM13EC02N9N39248,,9N39248,2MK,,,"Jul 29, 2022",,USA,"BMW of Rochester, Rochester, US",,,,,,,,
C1K - Marina Bay Blue Metallic,F97,LKDA - Sakhir Orange Extended Merino Leather,,5YM13EC06N9N39298,,9N39298,2MK,,,"Jul 29, 2022",,USA,"Wide World BMW, Spring Valley, US",,,,,,,,
A90 - Dark Graphite Metallic,F97,LKSW - Black Extended Merino Leather,,5YM13EC05N9N39342,,9N39342,2MK,,,"Jul 29, 2022",,USA,"BMW of El Cajon, El Cajon, US",,,,,,,,
C3G - Toronto Red Metallic,F97,LKSW - Black Extended Merino Leather,,5YM13EC09N9N39375,,9N39375,2MK,,,"Jul 29, 2022",,USA,"BMW of Bowling Green, Bowling Green, US",,,,,,,,
300 - Alpine White,F97,VATQ - BMW Individual Tartufo Extended Merino Leather,,5YM13EC03N9N39419,,9N39419,2MK,,,"Jul 29, 2022",,USA,"BMW of Riverside, Riverside, US",,,,,,,,
475 - Black Sapphire Metallic,F97,LKSW - Black Extended Merino Leather,,5YM13EC03N9N39548,,9N39548,2MK,,,"Jul 30, 2022",,USA,"Braman Motorcars/Braman MINI of Pal, West Palm Beach, US",,,,,,,,
475 - Black Sapphire Metallic,F97,LKHV - Adelaide Grey Extended Merino Leather,,5YM13EC09N9N39845,,9N39845,2MK,,,"Jul 31, 2022",,USA,"Braman BMW/Braman MINI of Miami, Miami, US",,,,,,,,
475 - Black Sapphire Metallic,F97,LKDA - Sakhir Orange Extended Merino Leather,,5YM13EC00N9N39913,,9N39913,2MK,,,"Aug 1, 2022",,USA,"Pacific BMW, Glendale, US",,,,,,,,
300 - Alpine White,F97,LKDA - Sakhir Orange Extended Merino Leather,,5YM13EC01N9N40150,,9N40150,2MK,,,"Aug 1, 2022",,USA,"BMW of Ontario, Ontario, US",,,,,,,,
C1K - Marina Bay Blue Metallic,F97,LKDA - Sakhir Orange Extended Merino Leather,,5YM13EC03N9N40196,,9N40196,2MK,,,"Aug 1, 2022",,USA,"BMW of Ramsey, Ramsey, US",,,,,,,,
416 - Carbon Black Metallic,F97,LKSW - Black Extended Merino Leather,,5YM13EC08N9N40243,,9N40243,2MK,,,"Aug 1, 2022",,USA,"Santa Monica BMW, Santa Monica, US",,,,,,,,
300 - Alpine White,F97,LKDA - Sakhir Orange Extended Merino Leather,,5YM13EC04N9N40286,,9N40286,2MK,,,"Aug 1, 2022",,USA,"Towne BMW, Williamsville, US",,,,,,,,
475 - Black Sapphire Metallic,F97,LKDA - Sakhir Orange Extended Merino Leather,,5YM13EC05N9N40426,,9N40426,2MK,,,"Aug 1, 2022",,USA,"BMW of Eugene, Eugene, US",,,,,,,,
300 - Alpine White,F97,LKDA - Sakhir Orange Extended Merino Leather,,5YM13EC06N9N40547,,9N40547,2MK,,,"Aug 2, 2022",,USA,"BMW of Devon, Devon, US",,,,,,,,
C1K - Marina Bay Blue Metallic,F97,VATQ - BMW Individual Tartufo Extended Merino Leather,,5YM13EC00N9N41967,,9N41967,2MK,,,"Aug 2, 2022",,USA,"Winslow BMW of Colorado Springs, Colorado Springs, US",,,,,,,,
C4H - Sao Paulo Yellow,F97,LKSW - Black Extended Merino Leather,,5YM13EC06N9N42122,,9N42122,2MK,,,"Aug 2, 2022",,USA,"Long Beach BMW, Signal Hill, US",,,,,,,,
C4P - Brooklyn Grey Metallic,F97,HDJA - Black/Midrand Beige Two-Tone Merino Leather / Alcantara,,5YM13EC00N9N42343,,9N42343,2MK,,,"Aug 2, 2022",,USA,"Sun Motor Cars BMW, Mechanicsburg, US",,,,,,,,
C4P - Brooklyn Grey Metallic,F97,HDJA - Black/Midrand Beige Two-Tone Merino Leather / Alcantara,,5YM13EC03N9N42627,,9N42627,2MK,,,"Aug 3, 2022",,USA,"Competition BMW of Smithtown, Saint James, US",,,,,,,,
C1K - Marina Bay Blue Metallic,F97,LKSW - Black Extended Merino Leather,,5YM13EC00N9N42696,,9N42696,2MK,,,"Aug 3, 2022",,USA,"Schomp BMW of Highlands Ranch, Highlands Ranch, US",,,,,,,,
300 - Alpine White,F97,LKDA - Sakhir Orange Extended Merino Leather,,5YM13EC03N9N42840,,9N42840,2MK,,,"Aug 3, 2022",,USA,"Arrowhead BMW, Glendale, US",,,,,,,,
C1K - Marina Bay Blue Metallic,F97,MAH7 - Black Vernasca Leather,,5YM13EC01N9N47115,,9N47115,2MK,,,"Aug 3, 2022",,USA,"Sandia BMW/MINI, Albuquerque, US",,,,,,,,
C4P - Brooklyn Grey Metallic,F97,LKHV - Adelaide Grey Extended Merino Leather,,5YM13EC04N9N47173,,9N47173,2MK,,,"Aug 3, 2022",,USA,"BMW of Monterey, Seaside, US",,,,,,,,
C4P - Brooklyn Grey Metallic,F97,LKSW - Black Extended Merino Leather,,5YM13EC00N9N47445,,9N47445,2MK,,,"Aug 4, 2022",,USA,"BMW of Ontario, Ontario, US",,,,,,,,
C4P - Brooklyn Grey Metallic,F97,LKSW - Black Extended Merino Leather,,5YM13EC03N9N47598,,9N47598,2MK,,,"Aug 4, 2022",,USA,"BMW of Anchorage, Anchorage, US",,,,,,,,
C4P - Brooklyn Grey Metallic,F97,LKDA - Sakhir Orange Extended Merino Leather,,5YM13EC03N9N47665,,9N47665,2MK,,,"Aug 4, 2022",,USA,"Paul Miller BMW, Wayne, US",,,,,,,,
C4P - Brooklyn Grey Metallic,F97,LKDA - Sakhir Orange Extended Merino Leather,,5YM13EC08N9N47693,,9N47693,2MK,,,"Aug 4, 2022",,USA,"BMW of Monrovia, Monrovia, US",,,,,,,,
A90 - Dark Graphite Metallic,F97,VATQ - BMW Individual Tartufo Extended Merino Leather,,5YM13EC00N9N47722,,9N47722,2MK,,,"Aug 4, 2022",,USA,"BMW of Gwinnett Place, Duluth, US",,,,,,,,
,,,,,,,,,,,,,,,,,,,,,
,,,,,,,,,,,,,,,,,,,,,
,,,,,,,,,,,,,,,,,,,,,
,,,,,,,,,,,,,,,,,,,,,
,,,,,,,,,,,,,,,,,,,,,
,,,,,,,,,,,,,,,,,,,,,
,,,,,,,,,,,,,,,,,,,,,
,,,,,,,,,,,,,,,,,,,,,
,,,,,,,,,,,,,,,,,,,,,
,,,,,,,,,,,,,,,,,,,,,
,,,,,,,,,,,,,,,,,,,,,
,,,,,,,,,,,,,,,,,,,,,
,,,,,,,,,,,,,,,,,,,,,
,,,,,,,,,,,,,,,,,,,,,
,,,,,,,,,,,,,,,,,,,,,
,,,,,,,,,,,,,,,,,,,,,
,,,,,,,,,,,,,,,,,,,,,
,,,,,,,,,,,,,,,,,,,,,
,,,,,,,,,,,,,,,,,,,,,
,,,,,,,,,,,,,,,,,,,,,
,,,,,,,,,,,,,,,,,,,,,
,,,,,,,,,,,,,,,,,,,,,
,,,,,,,,,,,,,,,,,,,,,
,,,,,,,,,,,,,,,,,,,,,
,,,,,,,,,,,,,,,,,,,,,
,,,,,,,,,,,,,,,,,,,,,
,,,,,,,,,,,,,,,,,,,,,
,,,,,,,,,,,,,,,,,,,,,
,,,,,,,,,,,,,,,,,,,,,
,,,,,,,,,,,,,,,,,,,,,
,,,,,,,,,,,,,,,,,,,,,
,,,,,,,,,,,,,,,,,,,,,
,,,,,,,,,,,,,,,,,,,,,
,,,,,,,,,,,,,,,,,,,,,
,,,,,,,,,,,,,,,,,,,,,
,,,,,,,,,,,,,,,,,,,,,
,,,,,,,,,,,,,,,,,,,,,
,,,,,,,,,,,,,,,,,,,,,
,,,,,,,,,,,,,,,,,,,,,
,,,,,,,,,,,,,,,,,,,,,
,,,,,,,,,,,,,,,,,,,,,
,,,,,,,,,,,,,,,,,,,,,
,,,,,,,,,,,,,,,,,,,,,
,,,,,,,,,,,,,,,,,,,,,
,,,,,,,,,,,,,,,,,,,,,
,,,,,,,,,,,,,,,,,,,,,
,,,,,,,,,,,,,,,,,,,,,
,,,,,,,,,,,,,,,,,,,,,
,,,,,,,,,,,,,,,,,,,,,
,,,,,,,,,,,,,,,,,,,,,
,,,,,,,,,,,,,,,,,,,,,
,,,,,,,,,,,,,,,,,,,,,
,,,,,,,,,,,,,,,,,,,,,
,,,,,,,,,,,,,,,,,,,,,
,,,,,,,,,,,,,,,,,,,,,
,,,,,,,,,,,,,,,,,,,,,
,,,,,,,,,,,,,,,,,,,,,
,,,,,,,,,,,,,,,,,,,,,
,,,,,,,,,,,,,,,,,,,,,
,,,,,,,,,,,,,,,,,,,,,
,,,,,,,,,,,,,,,,,,,,,
,,,,,,,,,,,,,,,,,,,,,
,,,,,,,,,,,,,,,,,,,,,
,,,,,,,,,,,,,,,,,,,,,
,,,,,,,,,,,,,,,,,,,,,
,,,,,,,,,,,,,,,,,,,,,
,,,,,,,,,,,,,,,,,,,,,
,,,,,,,,,,,,,,,,,,,,,
,,,,,,,,,,,,,,,,,,,,,
,,,,,,,,,,,,,,,,,,,,,
,,,,,,,,,,,,,,,,,,,,,
,,,,,,,,,,,,,,,,,,,,,
,,,,,,,,,,,,,,,,,,,,,
,,,,,,,,,,,,,,,,,,,,,
,,,,,,,,,,,,,,,,,,,,,
,,,,,,,,,,,,,,,,,,,,,
,,,,,,,,,,,,,,,,,,,,,
,,,,,,,,,,,,,,,,,,,,,
,,,,,,,,,,,,,,,,,,,,,
,,,,,,,,,,,,,,,,,,,,,
,,,,,,,,,,,,,,,,,,,,,
,,,,,,,,,,,,,,,,,,,,,
,,,,,,,,,,,,,,,,,,,,,
,,,,,,,,,,,,,,,,,,,,,
,,,,,,,,,,,,,,,,,,,,,
,,,,,,,,,,,,,,,,,,,,,
,,,,,,,,,,,,,,,,,,,,,
,,,,,,,,,,,,,,,,,,,,,
,,,,,,,,,,,,,,,,,,,,,
,,,,,,,,,,,,,,,,,,,,,
,,,,,,,,,,,,,,,,,,,,,
,,,,,,,,,,,,,,,,,,,,,
,,,,,,,,,,,,,,,,,,,,,
,,,,,,,,,,,,,,,,,,,,,
,,,,,,,,,,,,,,,,,,,,,
,,,,,,,,,,,,,,,,,,,,,
,,,,,,,,,,,,,,,,,,,,,
,,,,,,,,,,,,,,,,,,,,,
,,,,,,,,,,,,,,,,,,,,,
,,,,,,,,,,,,,,,,,,,,,
,,,,,,,,,,,,,,,,,,,,,
,,,,,,,,,,,,,,,,,,,,,
,,,,,,,,,,,,,,,,,,,,,
,,,,,,,,,,,,,,,,,,,,,
,,,,,,,,,,,,,,,,,,,,,
,,,,,,,,,,,,,,,,,,,,,
,,,,,,,,,,,,,,,,,,,,,
,,,,,,,,,,,,,,,,,,,,,
,,,,,,,,,,,,,,,,,,,,,
,,,,,,,,,,,,,,,,,,,,,
,,,,,,,,,,,,,,,,,,,,,
,,,,,,,,,,,,,,,,,,,,,
,,,,,,,,,,,,,,,,,,,,,
,,,,,,,,,,,,,,,,,,,,,
,,,,,,,,,,,,,,,,,,,,,
,,,,,,,,,,,,,,,,,,,,,
,,,,,,,,,,,,,,,,,,,,,
,,,,,,,,,,,,,,,,,,,,,
,,,,,,,,,,,,,,,,,,,,,
,,,,,,,,,,,,,,,,,,,,,
,,,,,,,,,,,,,,,,,,,,,
,,,,,,,,,,,,,,,,,,,,,
,,,,,,,,,,,,,,,,,,,,,
,,,,,,,,,,,,,,,,,,,,,
,,,,,,,,,,,,,,,,,,,,,
,,,,,,,,,,,,,,,,,,,,,
,,,,,,,,,,,,,,,,,,,,,
,,,,,,,,,,,,,,,,,,,,,
,,,,,,,,,,,,,,,,,,,,,
,,,,,,,,,,,,,,,,,,,,,
,,,,,,,,,,,,,,,,,,,,,
,,,,,,,,,,,,,,,,,,,,,
,,,,,,,,,,,,,,,,,,,,,
,,,,,,,,,,,,,,,,,,,,,
,,,,,,,,,,,,,,,,,,,,,
,,,,,,,,,,,,,,,,,,,,,
,,,,,,,,,,,,,,,,,,,,,
,,,,,,,,,,,,,,,,,,,,,
,,,,,,,,,,,,,,,,,,,,,
,,,,,,,,,,,,,,,,,,,,,
,,,,,,,,,,,,,,,,,,,,,
,,,,,,,,,,,,,,,,,,,,,
,,,,,,,,,,,,,,,,,,,,,
,,,,,,,,,,,,,,,,,,,,,
,,,,,,,,,,,,,,,,,,,,,
,,,,,,,,,,,,,,,,,,,,,
,,,,,,,,,,,,,,,,,,,,,
,,,,,,,,,,,,,,,,,,,,,
,,,,,,,,,,,,,,,,,,,,,
,,,,,,,,,,,,,,,,,,,,,
,,,,,,,,,,,,,,,,,,,,,
,,,,,,,,,,,,,,,,,,,,,
,,,,,,,,,,,,,,,,,,,,,
,,,,,,,,,,,,,,,,,,,,,
,,,,,,,,,,,,,,,,,,,,,
,,,,,,,,,,,,,,,,,,,,,
,,,,,,,,,,,,,,,,,,,,,
,,,,,,,,,,,,,,,,,,,,,
,,,,,,,,,,,,,,,,,,,,,
,,,,,,,,,,,,,,,,,,,,,
,,,,,,,,,,,,,,,,,,,,,
,,,,,,,,,,,,,,,,,,,,,
,,,,,,,,,,,,,,,,,,,,,
,,,,,,,,,,,,,,,,,,,,,
,,,,,,,,,,,,,,,,,,,,,
,,,,,,,,,,,,,,,,,,,,,
,,,,,,,,,,,,,,,,,,,,,
,,,,,,,,,,,,,,,,,,,,,
,,,,,,,,,,,,,,,,,,,,,
,,,,,,,,,,,,,,,,,,,,,
,,,,,,,,,,,,,,,,,,,,,
,,,,,,,,,,,,,,,,,,,,,
,,,,,,,,,,,,,,,,,,,,,
,,,,,,,,,,,,,,,,,,,,,
,,,,,,,,,,,,,,,,,,,,,
,,,,,,,,,,,,,,,,,,,,,
,,,,,,,,,,,,,,,,,,,,,
,,,,,,,,,,,,,,,,,,,,,
,,,,,,,,,,,,,,,,,,,,,
,,,,,,,,,,,,,,,,,,,,,
,,,,,,,,,,,,,,,,,,,,,
,,,,,,,,,,,,,,,,,,,,,
,,,,,,,,,,,,,,,,,,,,,
,,,,,,,,,,,,,,,,,,,,,
,,,,,,,,,,,,,,,,,,,,,
,,,,,,,,,,,,,,,,,,,,,
,,,,,,,,,,,,,,,,,,,,,
,,,,,,,,,,,,,,,,,,,,,
,,,,,,,,,,,,,,,,,,,,,
,,,,,,,,,,,,,,,,,,,,,
,,,,,,,,,,,,,,,,,,,,,
,,,,,,,,,,,,,,,,,,,,,
,,,,,,,,,,,,,,,,,,,,,
,,,,,,,,,,,,,,,,,,,,,
,,,,,,,,,,,,,,,,,,,,,
,,,,,,,,,,,,,,,,,,,,,
,,,,,,,,,,,,,,,,,,,,,
,,,,,,,,,,,,,,,,,,,,,
,,,,,,,,,,,,,,,,,,,,,
,,,,,,,,,,,,,,,,,,,,,
,,,,,,,,,,,,,,,,,,,,,
,,,,,,,,,,,,,,,,,,,,,
,,,,,,,,,,,,,,,,,,,,,
,,,,,,,,,,,,,,,,,,,,,
,,,,,,,,,,,,,,,,,,,,,
,,,,,,,,,,,,,,,,,,,,,
,,,,,,,,,,,,,,,,,,,,,
,,,,,,,,,,,,,,,,,,,,,
,,,,,,,,,,,,,,,,,,,,,
,,,,,,,,,,,,,,,,,,,,,
,,,,,,,,,,,,,,,,,,,,,
,,,,,,,,,,,,,,,,,,,,,
,,,,,,,,,,,,,,,,,,,,,
,,,,,,,,,,,,,,,,,,,,,
,,,,,,,,,,,,,,,,,,,,,
,,,,,,,,,,,,,,,,,,,,,
,,,,,,,,,,,,,,,,,,,,,
,,,,,,,,,,,,,,,,,,,,,
,,,,,,,,,,,,,,,,,,,,,
,,,,,,,,,,,,,,,,,,,,,
,,,,,,,,,,,,,,,,,,,,,
,,,,,,,,,,,,,,,,,,,,,
,,,,,,,,,,,,,,,,,,,,,
,,,,,,,,,,,,,,,,,,,,,
,,,,,,,,,,,,,,,,,,,,,
,,,,,,,,,,,,,,,,,,,,,
,,,,,,,,,,,,,,,,,,,,,
,,,,,,,,,,,,,,,,,,,,,
,,,,,,,,,,,,,,,,,,,,,
,,,,,,,,,,,,,,,,,,,,,
,,,,,,,,,,,,,,,,,,,,,
,,,,,,,,,,,,,,,,,,,,,
,,,,,,,,,,,,,,,,,,,,,
,,,,,,,,,,,,,,,,,,,,,
,,,,,,,,,,,,,,,,,,,,,
,,,,,,,,,,,,,,,,,,,,,
,,,,,,,,,,,,,,,,,,,,,
,,,,,,,,,,,,,,,,,,,,,
,,,,,,,,,,,,,,,,,,,,,
,,,,,,,,,,,,,,,,,,,,,
,,,,,,,,,,,,,,,,,,,,,
,,,,,,,,,,,,,,,,,,,,,
,,,,,,,,,,,,,,,,,,,,,
,,,,,,,,,,,,,,,,,,,,,
,,,,,,,,,,,,,,,,,,,,,
,,,,,,,,,,,,,,,,,,,,,
,,,,,,,,,,,,,,,,,,,,,
,,,,,,,,,,,,,,,,,,,,,
,,,,,,,,,,,,,,,,,,,,,
,,,,,,,,,,,,,,,,,,,,,
,,,,,,,,,,,,,,,,,,,,,
,,,,,,,,,,,,,,,,,,,,,
,,,,,,,,,,,,,,,,,,,,,
,,,,,,,,,,,,,,,,,,,,,
,,,,,,,,,,,,,,,,,,,,,
,,,,,,,,,,,,,,,,,,,,,
,,,,,,,,,,,,,,,,,,,,,
,,,,,,,,,,,,,,,,,,,,,
,,,,,,,,,,,,,,,,,,,,,
,,,,,,,,,,,,,,,,,,,,,
,,,,,,,,,,,,,,,,,,,,,
,,,,,,,,,,,,,,,,,,,,,
,,,,,,,,,,,,,,,,,,,,,
,,,,,,,,,,,,,,,,,,,,,
,,,,,,,,,,,,,,,,,,,,,
,,,,,,,,,,,,,,,,,,,,,
,,,,,,,,,,,,,,,,,,,,,
,,,,,,,,,,,,,,,,,,,,,
,,,,,,,,,,,,,,,,,,,,,
,,,,,,,,,,,,,,,,,,,,,
,,,,,,,,,,,,,,,,,,,,,
,,,,,,,,,,,,,,,,,,,,,
,,,,,,,,,,,,,,,,,,,,,
,,,,,,,,,,,,,,,,,,,,,
,,,,,,,,,,,,,,,,,,,,,
,,,,,,,,,,,,,,,,,,,,,
,,,,,,,,,,,,,,,,,,,,,
,,,,,,,,,,,,,,,,,,,,,
,,,,,,,,,,,,,,,,,,,,,
,,,,,,,,,,,,,,,,,,,,,
,,,,,,,,,,,,,,,,,,,,,
,,,,,,,,,,,,,,,,,,,,,
,,,,,,,,,,,,,,,,,,,,,
,,,,,,,,,,,,,,,,,,,,,
,,,,,,,,,,,,,,,,,,,,,
,,,,,,,,,,,,,,,,,,,,,
,,,,,,,,,,,,,,,,,,,,,
,,,,,,,,,,,,,,,,,,,,,
,,,,,,,,,,,,,,,,,,,,,
,,,,,,,,,,,,,,,,,,,,,
,,,,,,,,,,,,,,,,,,,,,
,,,,,,,,,,,,,,,,,,,,,
,,,,,,,,,,,,,,,,,,,,,
,,,,,,,,,,,,,,,,,,,,,
,,,,,,,,,,,,,,,,,,,,,
,,,,,,,,,,,,,,,,,,,,,
,,,,,,,,,,,,,,,,,,,,,
,,,,,,,,,,,,,,,,,,,,,
,,,,,,,,,,,,,,,,,,,,,
,,,,,,,,,,,,,,,,,,,,,
,,,,,,,,,,,,,,,,,,,,,
,,,,,,,,,,,,,,,,,,,,,
,,,,,,,,,,,,,,,,,,,,,
,,,,,,,,,,,,,,,,,,,,,
,,,,,,,,,,,,,,,,,,,,,
,,,,,,,,,,,,,,,,,,,,,
,,,,,,,,,,,,,,,,,,,,,
,,,,,,,,,,,,,,,,,,,,,
,,,,,,,,,,,,,,,,,,,,,
,,,,,,,,,,,,,,,,,,,,,
,,,,,,,,,,,,,,,,,,,,,
,,,,,,,,,,,,,,,,,,,,,
,,,,,,,,,,,,,,,,,,,,,
,,,,,,,,,,,,,,,,,,,,,
,,,,,,,,,,,,,,,,,,,,,
,,,,,,,,,,,,,,,,,,,,,
,,,,,,,,,,,,,,,,,,,,,
,,,,,,,,,,,,,,,,,,,,,
,,,,,,,,,,,,,,,,,,,,,
,,,,,,,,,,,,,,,,,,,,,
,,,,,,,,,,,,,,,,,,,,,
,,,,,,,,,,,,,,,,,,,,,
,,,,,,,,,,,,,,,,,,,,,
,,,,,,,,,,,,,,,,,,,,,
,,,,,,,,,,,,,,,,,,,,,
,,,,,,,,,,,,,,,,,,,,,
,,,,,,,,,,,,,,,,,,,,,
,,,,,,,,,,,,,,,,,,,,,
,,,,,,,,,,,,,,,,,,,,,
,,,,,,,,,,,,,,,,,,,,,
,,,,,,,,,,,,,,,,,,,,,
,,,,,,,,,,,,,,,,,,,,,
,,,,,,,,,,,,,,,,,,,,,
,,,,,,,,,,,,,,,,,,,,,
,,,,,,,,,,,,,,,,,,,,,
,,,,,,,,,,,,,,,,,,,,,
,,,,,,,,,,,,,,,,,,,,,
,,,,,,,,,,,,,,,,,,,,,
,,,,,,,,,,,,,,,,,,,,,
,,,,,,,,,,,,,,,,,,,,,
,,,,,,,,,,,,,,,,,,,,,
,,,,,,,,,,,,,,,,,,,,,
,,,,,,,,,,,,,,,,,,,,,
,,,,,,,,,,,,,,,,,,,,,
,,,,,,,,,,,,,,,,,,,,,
,,,,,,,,,,,,,,,,,,,,,
,,,,,,,,,,,,,,,,,,,,,
,,,,,,,,,,,,,,,,,,,,,
,,,,,,,,,,,,,,,,,,,,,
,,,,,,,,,,,,,,,,,,,,,
,,,,,,,,,,,,,,,,,,,,,
,,,,,,,,,,,,,,,,,,,,,
,,,,,,,,,,,,,,,,,,,,,
,,,,,,,,,,,,,,,,,,,,,
,,,,,,,,,,,,,,,,,,,,,
,,,,,,,,,,,,,,,,,,,,,
,,,,,,,,,,,,,,,,,,,,,
,,,,,,,,,,,,,,,,,,,,,
,,,,,,,,,,,,,,,,,,,,,
,,,,,,,,,,,,,,,,,,,,,
,,,,,,,,,,,,,,,,,,,,,
,,,,,,,,,,,,,,,,,,,,,
,,,,,,,,,,,,,,,,,,,,,
,,,,,,,,,,,,,,,,,,,,,
,,,,,,,,,,,,,,,,,,,,,
,,,,,,,,,,,,,,,,,,,,,
,,,,,,,,,,,,,,,,,,,,,
,,,,,,,,,,,,,,,,,,,,,
,,,,,,,,,,,,,,,,,,,,,
,,,,,,,,,,,,,,,,,,,,,
,,,,,,,,,,,,,,,,,,,,,
,,,,,,,,,,,,,,,,,,,,,
,,,,,,,,,,,,,,,,,,,,,
,,,,,,,,,,,,,,,,,,,,,
,,,,,,,,,,,,,,,,,,,,,
,,,,,,,,,,,,,,,,,,,,,
,,,,,,,,,,,,,,,,,,,,,
,,,,,,,,,,,,,,,,,,,,,
,,,,,,,,,,,,,,,,,,,,,
,,,,,,,,,,,,,,,,,,,,,
,,,,,,,,,,,,,,,,,,,,,
,,,,,,,,,,,,,,,,,,,,,
,,,,,,,,,,,,,,,,,,,,,
,,,,,,,,,,,,,,,,,,,,,
,,,,,,,,,,,,,,,,,,,,,
,,,,,,,,,,,,,,,,,,,,,
,,,,,,,,,,,,,,,,,,,,,
,,,,,,,,,,,,,,,,,,,,,
,,,,,,,,,,,,,,,,,,,,,
,,,,,,,,,,,,,,,,,,,,,
,,,,,,,,,,,,,,,,,,,,,
,,,,,,,,,,,,,,,,,,,,,
,,,,,,,,,,,,,,,,,,,,,
,,,,,,,,,,,,,,,,,,,,,
,,,,,,,,,,,,,,,,,,,,,
,,,,,,,,,,,,,,,,,,,,,
,,,,,,,,,,,,,,,,,,,,,
,,,,,,,,,,,,,,,,,,,,,
,,,,,,,,,,,,,,,,,,,,,
,,,,,,,,,,,,,,,,,,,,,
,,,,,,,,,,,,,,,,,,,,,
,,,,,,,,,,,,,,,,,,,,,
,,,,,,,,,,,,,,,,,,,,,
,,,,,,,,,,,,,,,,,,,,,
,,,,,,,,,,,,,,,,,,,,,
,,,,,,,,,,,,,,,,,,,,,
,,,,,,,,,,,,,,,,,,,,,
,,,,,,,,,,,,,,,,,,,,,
,,,,,,,,,,,,,,,,,,,,,
,,,,,,,,,,,,,,,,,,,,,
,,,,,,,,,,,,,,,,,,,,,
,,,,,,,,,,,,,,,,,,,,,
,,,,,,,,,,,,,,,,,,,,,
,,,,,,,,,,,,,,,,,,,,,
,,,,,,,,,,,,,,,,,,,,,
,,,,,,,,,,,,,,,,,,,,,
,,,,,,,,,,,,,,,,,,,,,
,,,,,,,,,,,,,,,,,,,,,
,,,,,,,,,,,,,,,,,,,,,
,,,,,,,,,,,,,,,,,,,,,
,,,,,,,,,,,,,,,,,,,,,
,,,,,,,,,,,,,,,,,,,,,
,,,,,,,,,,,,,,,,,,,,,
,,,,,,,,,,,,,,,,,,,,,
,,,,,,,,,,,,,,,,,,,,,
,,,,,,,,,,,,,,,,,,,,,
,,,,,,,,,,,,,,,,,,,,,
,,,,,,,,,,,,,,,,,,,,,
,,,,,,,,,,,,,,,,,,,,,
,,,,,,,,,,,,,,,,,,,,,
,,,,,,,,,,,,,,,,,,,,,
,,,,,,,,,,,,,,,,,,,,,
,,,,,,,,,,,,,,,,,,,,,
,,,,,,,,,,,,,,,,,,,,,
,,,,,,,,,,,,,,,,,,,,,
,,,,,,,,,,,,,,,,,,,,,
,,,,,,,,,,,,,,,,,,,,,
,,,,,,,,,,,,,,,,,,,,,
,,,,,,,,,,,,,,,,,,,,,
,,,,,,,,,,,,,,,,,,,,,
,,,,,,,,,,,,,,,,,,,,,
,,,,,,,,,,,,,,,,,,,,,
,,,,,,,,,,,,,,,,,,,,,
,,,,,,,,,,,,,,,,,,,,,
,,,,,,,,,,,,,,,,,,,,,
,,,,,,,,,,,,,,,,,,,,,
,,,,,,,,,,,,,,,,,,,,,
,,,,,,,,,,,,,,,,,,,,,
,,,,,,,,,,,,,,,,,,,,,
,,,,,,,,,,,,,,,,,,,,,
,,,,,,,,,,,,,,,,,,,,,
,,,,,,,,,,,,,,,,,,,,,
,,,,,,,,,,,,,,,,,,,,,
,,,,,,,,,,,,,,,,,,,,,
,,,,,,,,,,,,,,,,,,,,,
,,,,,,,,,,,,,,,,,,,,,
,,,,,,,,,,,,,,,,,,,,,
,,,,,,,,,,,,,,,,,,,,,
,,,,,,,,,,,,,,,,,,,,,
,,,,,,,,,,,,,,,,,,,,,
,,,,,,,,,,,,,,,,,,,,,
,,,,,,,,,,,,,,,,,,,,,
,,,,,,,,,,,,,,,,,,,,,
,,,,,,,,,,,,,,,,,,,,,
,,,,,,,,,,,,,,,,,,,,,
,,,,,,,,,,,,,,,,,,,,,
,,,,,,,,,,,,,,,,,,,,,
,,,,,,,,,,,,,,,,,,,,,
,,,,,,,,,,,,,,,,,,,,,
,,,,,,,,,,,,,,,,,,,,,
,,,,,,,,,,,,,,,,,,,,,
,,,,,,,,,,,,,,,,,,,,,
,,,,,,,,,,,,,,,,,,,,,
,,,,,,,,,,,,,,,,,,,,,
,,,,,,,,,,,,,,,,,,,,,
,,,,,,,,,,,,,,,,,,,,,
,,,,,,,,,,,,,,,,,,,,,
,,,,,,,,,,,,,,,,,,,,,
,,,,,,,,,,,,,,,,,,,,,
,,,,,,,,,,,,,,,,,,,,,
,,,,,,,,,,,,,,,,,,,,,
,,,,,,,,,,,,,,,,,,,,,
,,,,,,,,,,,,,,,,,,,,,
,,,,,,,,,,,,,,,,,,,,,
,,,,,,,,,,,,,,,,,,,,,
,,,,,,,,,,,,,,,,,,,,,
,,,,,,,,,,,,,,,,,,,,,
,,,,,,,,,,,,,,,,,,,,,
,,,,,,,,,,,,,,,,,,,,,
,,,,,,,,,,,,,,,,,,,,,
,,,,,,,,,,,,,,,,,,,,,
,,,,,,,,,,,,,,,,,,,,,
,,,,,,,,,,,,,,,,,,,,,
,,,,,,,,,,,,,,,,,,,,,
,,,,,,,,,,,,,,,,,,,,,
,,,,,,,,,,,,,,,,,,,,,
,,,,,,,,,,,,,,,,,,,,,
,,,,,,,,,,,,,,,,,,,,,
,,,,,,,,,,,,,,,,,,,,,
,,,,,,,,,,,,,,,,,,,,,
,,,,,,,,,,,,,,,,,,,,,
,,,,,,,,,,,,,,,,,,,,,
,,,,,,,,,,,,,,,,,,,,,
,,,,,,,,,,,,,,,,,,,,,
,,,,,,,,,,,,,,,,,,,,,
,,,,,,,,,,,,,,,,,,,,,
,,,,,,,,,,,,,,,,,,,,,
,,,,,,,,,,,,,,,,,,,,,
,,,,,,,,,,,,,,,,,,,,,
,,,,,,,,,,,,,,,,,,,,,
,,,,,,,,,,,,,,,,,,,,,
,,,,,,,,,,,,,,,,,,,,,
,,,,,,,,,,,,,,,,,,,,,
,,,,,,,,,,,,,,,,,,,,,
,,,,,,,,,,,,,,,,,,,,,
,,,,,,,,,,,,,,,,,,,,,
,,,,,,,,,,,,,,,,,,,,,
,,,,,,,,,,,,,,,,,,,,,
,,,,,,,,,,,,,,,,,,,,,
,,,,,,,,,,,,,,,,,,,,,
,,,,,,,,,,,,,,,,,,,,,
,,,,,,,,,,,,,,,,,,,,,
,,,,,,,,,,,,,,,,,,,,,
,,,,,,,,,,,,,,,,,,,,,
,,,,,,,,,,,,,,,,,,,,,
,,,,,,,,,,,,,,,,,,,,,
,,,,,,,,,,,,,,,,,,,,,
,,,,,,,,,,,,,,,,,,,,,
,,,,,,,,,,,,,,,,,,,,,
,,,,,,,,,,,,,,,,,,,,,
,,,,,,,,,,,,,,,,,,,,,
,,,,,,,,,,,,,,,,,,,,,
,,,,,,,,,,,,,,,,,,,,,
,,,,,,,,,,,,,,,,,,,,,
,,,,,,,,,,,,,,,,,,,,,
,,,,,,,,,,,,,,,,,,,,,
,,,,,,,,,,,,,,,,,,,,,
,,,,,,,,,,,,,,,,,,,,,
,,,,,,,,,,,,,,,,,,,,,
,,,,,,,,,,,,,,,,,,,,,
,,,,,,,,,,,,,,,,,,,,,
,,,,,,,,,,,,,,,,,,,,,
,,,,,,,,,,,,,,,,,,,,,
,,,,,,,,,,,,,,,,,,,,,
,,,,,,,,,,,,,,,,,,,,,
,,,,,,,,,,,,,,,,,,,,,
,,,,,,,,,,,,,,,,,,,,,
,,,,,,,,,,,,,,,,,,,,,
,,,,,,,,,,,,,,,,,,,,,
,,,,,,,,,,,,,,,,,,,,,
,,,,,,,,,,,,,,,,,,,,,
,,,,,,,,,,,,,,,,,,,,,
,,,,,,,,,,,,,,,,,,,,,
,,,,,,,,,,,,,,,,,,,,,
,,,,,,,,,,,,,,,,,,,,,
,,,,,,,,,,,,,,,,,,,,,
,,,,,,,,,,,,,,,,,,,,,
,,,,,,,,,,,,,,,,,,,,,
,,,,,,,,,,,,,,,,,,,,,
,,,,,,,,,,,,,,,,,,,,,
,,,,,,,,,,,,,,,,,,,,,
,,,,,,,,,,,,,,,,,,,,,
,,,,,,,,,,,,,,,,,,,,,
,,,,,,,,,,,,,,,,,,,,,
,,,,,,,,,,,,,,,,,,,,,
,,,,,,,,,,,,,,,,,,,,,
,,,,,,,,,,,,,,,,,,,,,
,,,,,,,,,,,,,,,,,,,,,
,,,,,,,,,,,,,,,,,,,,,
,,,,,,,,,,,,,,,,,,,,,
,,,,,,,,,,,,,,,,,,,,,
,,,,,,,,,,,,,,,,,,,,,
,,,,,,,,,,,,,,,,,,,,,
,,,,,,,,,,,,,,,,,,,,,
,,,,,,,,,,,,,,,,,,,,,
,,,,,,,,,,,,,,,,,,,,,
,,,,,,,,,,,,,,,,,,,,,
,,,,,,,,,,,,,,,,,,,,,
,,,,,,,,,,,,,,,,,,,,,
,,,,,,,,,,,,,,,,,,,,,
,,,,,,,,,,,,,,,,,,,,,
,,,,,,,,,,,,,,,,,,,,,
,,,,,,,,,,,,,,,,,,,,,
,,,,,,,,,,,,,,,,,,,,,
,,,,,,,,,,,,,,,,,,,,,
,,,,,,,,,,,,,,,,,,,,,
,,,,,,,,,,,,,,,,,,,,,
,,,,,,,,,,,,,,,,,,,,,
,,,,,,,,,,,,,,,,,,,,,
,,,,,,,,,,,,,,,,,,,,,
,,,,,,,,,,,,,,,,,,,,,
,,,,,,,,,,,,,,,,,,,,,
,,,,,,,,,,,,,,,,,,,,,
,,,,,,,,,,,,,,,,,,,,,
,,,,,,,,,,,,,,,,,,,,,
,,,,,,,,,,,,,,,,,,,,,
,,,,,,,,,,,,,,,,,,,,,
,,,,,,,,,,,,,,,,,,,,,
,,,,,,,,,,,,,,,,,,,,,
,,,,,,,,,,,,,,,,,,,,,
,,,,,,,,,,,,,,,,,,,,,
,,,,,,,,,,,,,,,,,,,,,
,,,,,,,,,,,,,,,,,,,,,
,,,,,,,,,,,,,,,,,,,,,
,,,,,,,,,,,,,,,,,,,,,
,,,,,,,,,,,,,,,,,,,,,
,,,,,,,,,,,,,,,,,,,,,
,,,,,,,,,,,,,,,,,,,,,
,,,,,,,,,,,,,,,,,,,,,
,,,,,,,,,,,,,,,,,,,,,
,,,,,,,,,,,,,,,,,,,,,
,,,,,,,,,,,,,,,,,,,,,
,,,,,,,,,,,,,,,,,,,,,
,,,,,,,,,,,,,,,,,,,,,
,,,,,,,,,,,,,,,,,,,,,
,,,,,,,,,,,,,,,,,,,,,
,,,,,,,,,,,,,,,,,,,,,
,,,,,,,,,,,,,,,,,,,,,
,,,,,,,,,,,,,,,,,,,,,
,,,,,,,,,,,,,,,,,,,,,
,,,,,,,,,,,,,,,,,,,,,
,,,,,,,,,,,,,,,,,,,,,
,,,,,,,,,,,,,,,,,,,,,
,,,,,,,,,,,,,,,,,,,,,
,,,,,,,,,,,,,,,,,,,,,
,,,,,,,,,,,,,,,,,,,,,
,,,,,,,,,,,,,,,,,,,,,
,,,,,,,,,,,,,,,,,,,,,
,,,,,,,,,,,,,,,,,,,,,
,,,,,,,,,,,,,,,,,,,,,
,,,,,,,,,,,,,,,,,,,,,
,,,,,,,,,,,,,,,,,,,,,
,,,,,,,,,,,,,,,,,,,,,
,,,,,,,,,,,,,,,,,,,,,
,,,,,,,,,,,,,,,,,,,,,
,,,,,,,,,,,,,,,,,,,,,
,,,,,,,,,,,,,,,,,,,,,
,,,,,,,,,,,,,,,,,,,,,
,,,,,,,,,,,,,,,,,,,,,
,,,,,,,,,,,,,,,,,,,,,
,,,,,,,,,,,,,,,,,,,,,
,,,,,,,,,,,,,,,,,,,,,
,,,,,,,,,,,,,,,,,,,,,
,,,,,,,,,,,,,,,,,,,,,
,,,,,,,,,,,,,,,,,,,,,
,,,,,,,,,,,,,,,,,,,,,
,,,,,,,,,,,,,,,,,,,,,
,,,,,,,,,,,,,,,,,,,,,
,,,,,,,,,,,,,,,,,,,,,
,,,,,,,,,,,,,,,,,,,,,
,,,,,,,,,,,,,,,,,,,,,
,,,,,,,,,,,,,,,,,,,,,
,,,,,,,,,,,,,,,,,,,,,
,,,,,,,,,,,,,,,,,,,,,
,,,,,,,,,,,,,,,,,,,,,
,,,,,,,,,,,,,,,,,,,,,
,,,,,,,,,,,,,,,,,,,,,
,,,,,,,,,,,,,,,,,,,,,
,,,,,,,,,,,,,,,,,,,,,
,,,,,,,,,,,,,,,,,,,,,
,,,,,,,,,,,,,,,,,,,,,
,,,,,,,,,,,,,,,,,,,,,
,,,,,,,,,,,,,,,,,,,,,
,,,,,,,,,,,,,,,,,,,,,
,,,,,,,,,,,,,,,,,,,,,
,,,,,,,,,,,,,,,,,,,,,
,,,,,,,,,,,,,,,,,,,,,
,,,,,,,,,,,,,,,,,,,,,
,,,,,,,,,,,,,,,,,,,,,
,,,,,,,,,,,,,,,,,,,,,
,,,,,,,,,,,,,,,,,,,,,
,,,,,,,,,,,,,,,,,,,,,
,,,,,,,,,,,,,,,,,,,,,
,,,,,,,,,,,,,,,,,,,,,
,,,,,,,,,,,,,,,,,,,,,
,,,,,,,,,,,,,,,,,,,,,
,,,,,,,,,,,,,,,,,,,,,
,,,,,,,,,,,,,,,,,,,,,
,,,,,,,,,,,,,,,,,,,,,
,,,,,,,,,,,,,,,,,,,,,
,,,,,,,,,,,,,,,,,,,,,
,,,,,,,,,,,,,,,,,,,,,
,,,,,,,,,,,,,,,,,,,,,
,,,,,,,,,,,,,,,,,,,,,
,,,,,,,,,,,,,,,,,,,,,
,,,,,,,,,,,,,,,,,,,,,
,,,,,,,,,,,,,,,,,,,,,
,,,,,,,,,,,,,,,,,,,,,
,,,,,,,,,,,,,,,,,,,,,
,,,,,,,,,,,,,,,,,,,,,
,,,,,,,,,,,,,,,,,,,,,
,,,,,,,,,,,,,,,,,,,,,
,,,,,,,,,,,,,,,,,,,,,
,,,,,,,,,,,,,,,,,,,,,
,,,,,,,,,,,,,,,,,,,,,
,,,,,,,,,,,,,,,,,,,,,
,,,,,,,,,,,,,,,,,,,,,
,,,,,,,,,,,,,,,,,,,,,
,,,,,,,,,,,,,,,,,,,,,
,,,,,,,,,,,,,,,,,,,,,
,,,,,,,,,,,,,,,,,,,,,
,,,,,,,,,,,,,,,,,,,,,
,,,,,,,,,,,,,,,,,,,,,
,,,,,,,,,,,,,,,,,,,,,
,,,,,,,,,,,,,,,,,,,,,
,,,,,,,,,,,,,,,,,,,,,
,,,,,,,,,,,,,,,,,,,,,
,,,,,,,,,,,,,,,,,,,,,
,,,,,,,,,,,,,,,,,,,,,
,,,,,,,,,,,,,,,,,,,,,
,,,,,,,,,,,,,,,,,,,,,
,,,,,,,,,,,,,,,,,,,,,
,,,,,,,,,,,,,,,,,,,,,
,,,,,,,,,,,,,,,,,,,,,
,,,,,,,,,,,,,,,,,,,,,
,,,,,,,,,,,,,,,,,,,,,
,,,,,,,,,,,,,,,,,,,,,
,,,,,,,,,,,,,,,,,,,,,
,,,,,,,,,,,,,,,,,,,,,
,,,,,,,,,,,,,,,,,,,,,
,,,,,,,,,,,,,,,,,,,,,
,,,,,,,,,,,,,,,,,,,,,
,,,,,,,,,,,,,,,,,,,,,
,,,,,,,,,,,,,,,,,,,,,
,,,,,,,,,,,,,,,,,,,,,
,,,,,,,,,,,,,,,,,,,,,
,,,,,,,,,,,,,,,,,,,,,
,,,,,,,,,,,,,,,,,,,,,
,,,,,,,,,,,,,,,,,,,,,
,,,,,,,,,,,,,,,,,,,,,
,,,,,,,,,,,,,,,,,,,,,
,,,,,,,,,,,,,,,,,,,,,
,,,,,,,,,,,,,,,,,,,,,
,,,,,,,,,,,,,,,,,,,,,
,,,,,,,,,,,,,,,,,,,,,
,,,,,,,,,,,,,,,,,,,,,
,,,,,,,,,,,,,,,,,,,,,
,,,,,,,,,,,,,,,,,,,,,
,,,,,,,,,,,,,,,,,,,,,
,,,,,,,,,,,,,,,,,,,,,
,,,,,,,,,,,,,,,,,,,,,
,,,,,,,,,,,,,,,,,,,,,
,,,,,,,,,,,,,,,,,,,,,
,,,,,,,,,,,,,,,,,,,,,
,,,,,,,,,,,,,,,,,,,,,
,,,,,,,,,,,,,,,,,,,,,
,,,,,,,,,,,,,,,,,,,,,
,,,,,,,,,,,,,,,,,,,,,
,,,,,,,,,,,,,,,,,,,,,
,,,,,,,,,,,,,,,,,,,,,
,,,,,,,,,,,,,,,,,,,,,
,,,,,,,,,,,,,,,,,,,,,
,,,,,,,,,,,,,,,,,,,,,
,,,,,,,,,,,,,,,,,,,,,
,,,,,,,,,,,,,,,,,,,,,
,,,,,,,,,,,,,,,,,,,,,
,,,,,,,,,,,,,,,,,,,,,
,,,,,,,,,,,,,,,,,,,,,
,,,,,,,,,,,,,,,,,,,,,
,,,,,,,,,,,,,,,,,,,,,
,,,,,,,,,,,,,,,,,,,,,
,,,,,,,,,,,,,,,,,,,,,
,,,,,,,,,,,,,,,,,,,,,
,,,,,,,,,,,,,,,,,,,,,
,,,,,,,,,,,,,,,,,,,,,
,,,,,,,,,,,,,,,,,,,,,
,,,,,,,,,,,,,,,,,,,,,
,,,,,,,,,,,,,,,,,,,,,
,,,,,,,,,,,,,,,,,,,,,
,,,,,,,,,,,,,,,,,,,,,
,,,,,,,,,,,,,,,,,,,,,
,,,,,,,,,,,,,,,,,,,,,
,,,,,,,,,,,,,,,,,,,,,
,,,,,,,,,,,,,,,,,,,,,
,,,,,,,,,,,,,,,,,,,,,
,,,,,,,,,,,,,,,,,,,,,
,,,,,,,,,,,,,,,,,,,,,
,,,,,,,,,,,,,,,,,,,,,
,,,,,,,,,,,,,,,,,,,,,
,,,,,,,,,,,,,,,,,,,,,
,,,,,,,,,,,,,,,,,,,,,
,,,,,,,,,,,,,,,,,,,,,
,,,,,,,,,,,,,,,,,,,,,
,,,,,,,,,,,,,,,,,,,,,
,,,,,,,,,,,,,,,,,,,,,
,,,,,,,,,,,,,,,,,,,,,
,,,,,,,,,,,,,,,,,,,,,
,,,,,,,,,,,,,,,,,,,,,
,,,,,,,,,,,,,,,,,,,,,
,,,,,,,,,,,,,,,,,,,,,
,,,,,,,,,,,,,,,,,,,,,
,,,,,,,,,,,,,,,,,,,,,
,,,,,,,,,,,,,,,,,,,,,
,,,,,,,,,,,,,,,,,,,,,
,,,,,,,,,,,,,,,,,,,,,
,,,,,,,,,,,,,,,,,,,,,
,,,,,,,,,,,,,,,,,,,,,
,,,,,,,,,,,,,,,,,,,,,
,,,,,,,,,,,,,,,,,,,,,
,,,,,,,,,,,,,,,,,,,,,
,,,,,,,,,,,,,,,,,,,,,
,,,,,,,,,,,,,,,,,,,,,
,,,,,,,,,,,,,,,,,,,,,
,,,,,,,,,,,,,,,,,,,,,
,,,,,,,,,,,,,,,,,,,,,
,,,,,,,,,,,,,,,,,,,,,
,,,,,,,,,,,,,,,,,,,,,
,,,,,,,,,,,,,,,,,,,,,
,,,,,,,,,,,,,,,,,,,,,
,,,,,,,,,,,,,,,,,,,,,
,,,,,,,,,,,,,,,,,,,,,
,,,,,,,,,,,,,,,,,,,,,
,,,,,,,,,,,,,,,,,,,,,
,,,,,,,,,,,,,,,,,,,,,
,,,,,,,,,,,,,,,,,,,,,
,,,,,,,,,,,,,,,,,,,,,
,,,,,,,,,,,,,,,,,,,,,
,,,,,,,,,,,,,,,,,,,,,
,,,,,,,,,,,,,,,,,,,,,
,,,,,,,,,,,,,,,,,,,,,
,,,,,,,,,,,,,,,,,,,,,
,,,,,,,,,,,,,,,,,,,,,
,,,,,,,,,,,,,,,,,,,,,
,,,,,,,,,,,,,,,,,,,,,
,,,,,,,,,,,,,,,,,,,,,
,,,,,,,,,,,,,,,,,,,,,
,,,,,,,,,,,,,,,,,,,,,
,,,,,,,,,,,,,,,,,,,,,
,,,,,,,,,,,,,,,,,,,,,
,,,,,,,,,,,,,,,,,,,,,
,,,,,,,,,,,,,,,,,,,,,
,,,,,,,,,,,,,,,,,,,,,
,,,,,,,,,,,,,,,,,,,,,
,,,,,,,,,,,,,,,,,,,,,
,,,,,,,,,,,,,,,,,,,,,
,,,,,,,,,,,,,,,,,,,,,
,,,,,,,,,,,,,,,,,,,,,
,,,,,,,,,,,,,,,,,,,,,
,,,,,,,,,,,,,,,,,,,,,
,,,,,,,,,,,,,,,,,,,,,
,,,,,,,,,,,,,,,,,,,,,
,,,,,,,,,,,,,,,,,,,,,
,,,,,,,,,,,,,,,,,,,,,
,,,,,,,,,,,,,,,,,,,,,
,,,,,,,,,,,,,,,,,,,,,
,,,,,,,,,,,,,,,,,,,,,
,,,,,,,,,,,,,,,,,,,,,
,,,,,,,,,,,,,,,,,,,,,
,,,,,,,,,,,,,,,,,,,,,
,,,,,,,,,,,,,,,,,,,,,
,,,,,,,,,,,,,,,,,,,,,
,,,,,,,,,,,,,,,,,,,,,
,,,,,,,,,,,,,,,,,,,,,
,,,,,,,,,,,,,,,,,,,,,
,,,,,,,,,,,,,,,,,,,,,
,,,,,,,,,,,,,,,,,,,,,
,,,,,,,,,,,,,,,,,,,,,
,,,,,,,,,,,,,,,,,,,,,
,,,,,,,,,,,,,,,,,,,,,
,,,,,,,,,,,,,,,,,,,,,
,,,,,,,,,,,,,,,,,,,,,
,,,,,,,,,,,,,,,,,,,,,
,,,,,,,,,,,,,,,,,,,,,
,,,,,,,,,,,,,,,,,,,,,
,,,,,,,,,,,,,,,,,,,,,
,,,,,,,,,,,,,,,,,,,,,
,,,,,,,,,,,,,,,,,,,,,
,,,,,,,,,,,,,,,,,,,,,
,,,,,,,,,,,,,,,,,,,,,
,,,,,,,,,,,,,,,,,,,,,
,,,,,,,,,,,,,,,,,,,,,
,,,,,,,,,,,,,,,,,,,,,
,,,,,,,,,,,,,,,,,,,,,
,,,,,,,,,,,,,,,,,,,,,
,,,,,,,,,,,,,,,,,,,,,
,,,,,,,,,,,,,,,,,,,,,
,,,,,,,,,,,,,,,,,,,,,
,,,,,,,,,,,,,,,,,,,,,
,,,,,,,,,,,,,,,,,,,,,
,,,,,,,,,,,,,,,,,,,,,
,,,,,,,,,,,,,,,,,,,,,
,,,,,,,,,,,,,,,,,,,,,
,,,,,,,,,,,,,,,,,,,,,
,,,,,,,,,,,,,,,,,,,,,
,,,,,,,,,,,,,,,,,,,,,
,,,,,,,,,,,,,,,,,,,,,
,,,,,,,,,,,,,,,,,,,,,
,,,,,,,,,,,,,,,,,,,,,
,,,,,,,,,,,,,,,,,,,,,
,,,,,,,,,,,,,,,,,,,,,
,,,,,,,,,,,,,,,,,,,,,
,,,,,,,,,,,,,,,,,,,,,
,,,,,,,,,,,,,,,,,,,,,
,,,,,,,,,,,,,,,,,,,,,
,,,,,,,,,,,,,,,,,,,,,
,,,,,,,,,,,,,,,,,,,,,
,,,,,,,,,,,,,,,,,,,,,
,,,,,,,,,,,,,,,,,,,,,
,,,,,,,,,,,,,,,,,,,,,
,,,,,,,,,,,,,,,,,,,,,
,,,,,,,,,,,,,,,,,,,,,
,,,,,,,,,,,,,,,,,,,,,
,,,,,,,,,,,,,,,,,,,,,
,,,,,,,,,,,,,,,,,,,,,
,,,,,,,,,,,,,,,,,,,,,
,,,,,,,,,,,,,,,,,,,,,
,,,,,,,,,,,,,,,,,,,,,
,,,,,,,,,,,,,,,,,,,,,
,,,,,,,,,,,,,,,,,,,,,
,,,,,,,,,,,,,,,,,,,,,
,,,,,,,,,,,,,,,,,,,,,
,,,,,,,,,,,,,,,,,,,,,
,,,,,,,,,,,,,,,,,,,,,
,,,,,,,,,,,,,,,,,,,,,
,,,,,,,,,,,,,,,,,,,,,
,,,,,,,,,,,,,,,,,,,,,
,,,,,,,,,,,,,,,,,,,,,
,,,,,,,,,,,,,,,,,,,,,
,,,,,,,,,,,,,,,,,,,,,
,,,,,,,,,,,,,,,,,,,,,
,,,,,,,,,,,,,,,,,,,,,
,,,,,,,,,,,,,,,,,,,,,
,,,,,,,,,,,,,,,,,,,,,
,,,,,,,,,,,,,,,,,,,,,
,,,,,,,,,,,,,,,,,,,,,
,,,,,,,,,,,,,,,,,,,,,
,,,,,,,,,,,,,,,,,,,,,
,,,,,,,,,,,,,,,,,,,,,
,,,,,,,,,,,,,,,,,,,,,
,,,,,,,,,,,,,,,,,,,,,
,,,,,,,,,,,,,,,,,,,,,
,,,,,,,,,,,,,,,,,,,,,
,,,,,,,,,,,,,,,,,,,,,
,,,,,,,,,,,,,,,,,,,,,
,,,,,,,,,,,,,,,,,,,,,
,,,,,,,,,,,,,,,,,,,,,
,,,,,,,,,,,,,,,,,,,,,
,,,,,,,,,,,,,,,,,,,,,
,,,,,,,,,,,,,,,,,,,,,
,,,,,,,,,,,,,,,,,,,,,
,,,,,,,,,,,,,,,,,,,,,
,,,,,,,,,,,,,,,,,,,,,
,,,,,,,,,,,,,,,,,,,,,
,,,,,,,,,,,,,,,,,,,,,
,,,,,,,,,,,,,,,,,,,,,
,,,,,,,,,,,,,,,,,,,,,
,,,,,,,,,,,,,,,,,,,,,
,,,,,,,,,,,,,,,,,,,,,
,,,,,,,,,,,,,,,,,,,,,
,,,,,,,,,,,,,,,,,,,,,
,,,,,,,,,,,,,,,,,,,,,
,,,,,,,,,,,,,,,,,,,,,
,,,,,,,,,,,,,,,,,,,,,
,,,,,,,,,,,,,,,,,,,,,
,,,,,,,,,,,,,,,,,,,,,
,,,,,,,,,,,,,,,,,,,,,
,,,,,,,,,,,,,,,,,,,,,
,,,,,,,,,,,,,,,,,,,,,
,,,,,,,,,,,,,,,,,,,,,
,,,,,,,,,,,,,,,,,,,,,
,,,,,,,,,,,,,,,,,,,,,
,,,,,,,,,,,,,,,,,,,,,
,,,,,,,,,,,,,,,,,,,,,
,,,,,,,,,,,,,,,,,,,,,
,,,,,,,,,,,,,,,,,,,,,
,,,,,,,,,,,,,,,,,,,,,
,,,,,,,,,,,,,,,,,,,,,
,,,,,,,,,,,,,,,,,,,,,
,,,,,,,,,,,,,,,,,,,,,
,,,,,,,,,,,,,,,,,,,,,
,,,,,,,,,,,,,,,,,,,,,
,,,,,,,,,,,,,,,,,,,,,
,,,,,,,,,,,,,,,,,,,,,
,,,,,,,,,,,,,,,,,,,,,
,,,,,,,,,,,,,,,,,,,,,
,,,,,,,,,,,,,,,,,,,,,
,,,,,,,,,,,,,,,,,,,,,
,,,,,,,,,,,,,,,,,,,,,
,,,,,,,,,,,,,,,,,,,,,
,,,,,,,,,,,,,,,,,,,,,
,,,,,,,,,,,,,,,,,,,,,
,,,,,,,,,,,,,,,,,,,,,
,,,,,,,,,,,,,,,,,,,,,
,,,,,,,,,,,,,,,,,,,,,
,,,,,,,,,,,,,,,,,,,,,
,,,,,,,,,,,,,,,,,,,,,
,,,,,,,,,,,,,,,,,,,,,
,,,,,,,,,,,,,,,,,,,,,
,,,,,,,,,,,,,,,,,,,,,
,,,,,,,,,,,,,,,,,,,,,
,,,,,,,,,,,,,,,,,,,,,
,,,,,,,,,,,,,,,,,,,,,
,,,,,,,,,,,,,,,,,,,,,
,,,,,,,,,,,,,,,,,,,,,
,,,,,,,,,,,,,,,,,,,,,
,,,,,,,,,,,,,,,,,,,,,
,,,,,,,,,,,,,,,,,,,,,
,,,,,,,,,,,,,,,,,,,,,
,,,,,,,,,,,,,,,,,,,,,
,,,,,,,,,,,,,,,,,,,,,
,,,,,,,,,,,,,,,,,,,,,
,,,,,,,,,,,,,,,,,,,,,
,,,,,,,,,,,,,,,,,,,,,
,,,,,,,,,,,,,,,,,,,,,
,,,,,,,,,,,,,,,,,,,,,
,,,,,,,,,,,,,,,,,,,,,
,,,,,,,,,,,,,,,,,,,,,
,,,,,,,,,,,,,,,,,,,,,
,,,,,,,,,,,,,,,,,,,,,
,,,,,,,,,,,,,,,,,,,,,
,,,,,,,,,,,,,,,,,,,,,
,,,,,,,,,,,,,,,,,,,,,
,,,,,,,,,,,,,,,,,,,,,
,,,,,,,,,,,,,,,,,,,,,
,,,,,,,,,,,,,,,,,,,,,
,,,,,,,,,,,,,,,,,,,,,
,,,,,,,,,,,,,,,,,,,,,
,,,,,,,,,,,,,,,,,,,,,
,,,,,,,,,,,,,,,,,,,,,
,,,,,,,,,,,,,,,,,,,,,
,,,,,,,,,,,,,,,,,,,,,
,,,,,,,,,,,,,,,,,,,,,
,,,,,,,,,,,,,,,,,,,,,
,,,,,,,,,,,,,,,,,,,,,
,,,,,,,,,,,,,,,,,,,,,
,,,,,,,,,,,,,,,,,,,,,
,,,,,,,,,,,,,,,,,,,,,
,,,,,,,,,,,,,,,,,,,,,
,,,,,,,,,,,,,,,,,,,,,
,,,,,,,,,,,,,,,,,,,,,
,,,,,,,,,,,,,,,,,,,,,
,,,,,,,,,,,,,,,,,,,,,
,,,,,,,,,,,,,,,,,,,,,
,,,,,,,,,,,,,,,,,,,,,
,,,,,,,,,,,,,,,,,,,,,
,,,,,,,,,,,,,,,,,,,,,
,,,,,,,,,,,,,,,,,,,,,
,,,,,,,,,,,,,,,,,,,,,
,,,,,,,,,,,,,,,,,,,,,
,,,,,,,,,,,,,,,,,,,,,
,,,,,,,,,,,,,,,,,,,,,
,,,,,,,,,,,,,,,,,,,,,
,,,,,,,,,,,,,,,,,,,,,
,,,,,,,,,,,,,,,,,,,,,
,,,,,,,,,,,,,,,,,,,,,
,,,,,,,,,,,,,,,,,,,,,
,,,,,,,,,,,,,,,,,,,,,
,,,,,,,,,,,,,,,,,,,,,
,,,,,,,,,,,,,,,,,,,,,
,,,,,,,,,,,,,,,,,,,,,
,,,,,,,,,,,,,,,,,,,,,
,,,,,,,,,,,,,,,,,,,,,
,,,,,,,,,,,,,,,,,,,,,
,,,,,,,,,,,,,,,,,,,,,
,,,,,,,,,,,,,,,,,,,,,
,,,,,,,,,,,,,,,,,,,,,
,,,,,,,,,,,,,,,,,,,,,
,,,,,,,,,,,,,,,,,,,,,
,,,,,,,,,,,,,,,,,,,,,
,,,,,,,,,,,,,,,,,,,,,
,,,,,,,,,,,,,,,,,,,,,
,,,,,,,,,,,,,,,,,,,,,
,,,,,,,,,,,,,,,,,,,,,
,,,,,,,,,,,,,,,,,,,,,
,,,,,,,,,,,,,,,,,,,,,
,,,,,,,,,,,,,,,,,,,,,
,,,,,,,,,,,,,,,,,,,,,
,,,,,,,,,,,,,,,,,,,,,
,,,,,,,,,,,,,,,,,,,,,
,,,,,,,,,,,,,,,,,,,,,
,,,,,,,,,,,,,,,,,,,,,
,,,,,,,,,,,,,,,,,,,,,
,,,,,,,,,,,,,,,,,,,,,
,,,,,,,,,,,,,,,,,,,,,
,,,,,,,,,,,,,,,,,,,,,
,,,,,,,,,,,,,,,,,,,,,
,,,,,,,,,,,,,,,,,,,,,
,,,,,,,,,,,,,,,,,,,,,
,,,,,,,,,,,,,,,,,,,,,
,,,,,,,,,,,,,,,,,,,,,
,,,,,,,,,,,,,,,,,,,,,
,,,,,,,,,,,,,,,,,,,,,
,,,,,,,,,,,,,,,,,,,,,
,,,,,,,,,,,,,,,,,,,,,
,,,,,,,,,,,,,,,,,,,,,
,,,,,,,,,,,,,,,,,,,,,
,,,,,,,,,,,,,,,,,,,,,
,,,,,,,,,,,,,,,,,,,,,
,,,,,,,,,,,,,,,,,,,,,
,,,,,,,,,,,,,,,,,,,,,
,,,,,,,,,,,,,,,,,,,,,
,,,,,,,,,,,,,,,,,,,,,
,,,,,,,,,,,,,,,,,,,,,
,,,,,,,,,,,,,,,,,,,,,
,,,,,,,,,,,,,,,,,,,,,
,,,,,,,,,,,,,,,,,,,,,
,,,,,,,,,,,,,,,,,,,,,
,,,,,,,,,,,,,,,,,,,,,
,,,,,,,,,,,,,,,,,,,,,
,,,,,,,,,,,,,,,,,,,,,
,,,,,,,,,,,,,,,,,,,,,
,,,,,,,,,,,,,,,,,,,,,
,,,,,,,,,,,,,,,,,,,,,
,,,,,,,,,,,,,,,,,,,,,
,,,,,,,,,,,,,,,,,,,,,
,,,,,,,,,,,,,,,,,,,,,
,,,,,,,,,,,,,,,,,,,,,
,,,,,,,,,,,,,,,,,,,,,
,,,,,,,,,,,,,,,,,,,,,
,,,,,,,,,,,,,,,,,,,,,
,,,,,,,,,,,,,,,,,,,,,
,,,,,,,,,,,,,,,,,,,,,
,,,,,,,,,,,,,,,,,,,,,
,,,,,,,,,,,,,,,,,,,,,
,,,,,,,,,,,,,,,,,,,,,
,,,,,,,,,,,,,,,,,,,,,
,,,,,,,,,,,,,,,,,,,,,
,,,,,,,,,,,,,,,,,,,,,
,,,,,,,,,,,,,,,,,,,,,
,,,,,,,,,,,,,,,,,,,,,
,,,,,,,,,,,,,,,,,,,,,
,,,,,,,,,,,,,,,,,,,,,
,,,,,,,,,,,,,,,,,,,,,
,,,,,,,,,,,,,,,,,,,,,
,,,,,,,,,,,,,,,,,,,,,
,,,,,,,,,,,,,,,,,,,,,
,,,,,,,,,,,,,,,,,,,,,
,,,,,,,,,,,,,,,,,,,,,
,,,,,,,,,,,,,,,,,,,,,
,,,,,,,,,,,,,,,,,,,,,
,,,,,,,,,,,,,,,,,,,,,
,,,,,,,,,,,,,,,,,,,,,
,,,,,,,,,,,,,,,,,,,,,
,,,,,,,,,,,,,,,,,,,,,
,,,,,,,,,,,,,,,,,,,,,
,,,,,,,,,,,,,,,,,,,,,
,,,,,,,,,,,,,,,,,,,,,
,,,,,,,,,,,,,,,,,,,,,
,,,,,,,,,,,,,,,,,,,,,
,,,,,,,,,,,,,,,,,,,,,
,,,,,,,,,,,,,,,,,,,,,
,,,,,,,,,,,,,,,,,,,,,
,,,,,,,,,,,,,,,,,,,,,
,,,,,,,,,,,,,,,,,,,,,
,,,,,,,,,,,,,,,,,,,,,
,,,,,,,,,,,,,,,,,,,,,
,,,,,,,,,,,,,,,,,,,,,
,,,,,,,,,,,,,,,,,,,,,
,,,,,,,,,,,,,,,,,,,,,
,,,,,,,,,,,,,,,,,,,,,
,,,,,,,,,,,,,,,,,,,,,
,,,,,,,,,,,,,,,,,,,,,
,,,,,,,,,,,,,,,,,,,,,
,,,,,,,,,,,,,,,,,,,,,
,,,,,,,,,,,,,,,,,,,,,
,,,,,,,,,,,,,,,,,,,,,
,,,,,,,,,,,,,,,,,,,,,
,,,,,,,,,,,,,,,,,,,,,
,,,,,,,,,,,,,,,,,,,,,
,,,,,,,,,,,,,,,,,,,,,
,,,,,,,,,,,,,,,,,,,,,
,,,,,,,,,,,,,,,,,,,,,
,,,,,,,,,,,,,,,,,,,,,
,,,,,,,,,,,,,,,,,,,,,
,,,,,,,,,,,,,,,,,,,,,
,,,,,,,,,,,,,,,,,,,,,
,,,,,,,,,,,,,,,,,,,,,
,,,,,,,,,,,,,,,,,,,,,
,,,,,,,,,,,,,,,,,,,,,
,,,,,,,,,,,,,,,,,,,,,
,,,,,,,,,,,,,,,,,,,,,
,,,,,,,,,,,,,,,,,,,,,
,,,,,,,,,,,,,,,,,,,,,
,,,,,,,,,,,,,,,,,,,,,
,,,,,,,,,,,,,,,,,,,,,
,,,,,,,,,,,,,,,,,,,,,
,,,,,,,,,,,,,,,,,,,,,
,,,,,,,,,,,,,,,,,,,,,
,,,,,,,,,,,,,,,,,,,,,
,,,,,,,,,,,,,,,,,,,,,
,,,,,,,,,,,,,,,,,,,,,
,,,,,,,,,,,,,,,,,,,,,
,,,,,,,,,,,,,,,,,,,,,
,,,,,,,,,,,,,,,,,,,,,
,,,,,,,,,,,,,,,,,,,,,
,,,,,,,,,,,,,,,,,,,,,
,,,,,,,,,,,,,,,,,,,,,
,,,,,,,,,,,,,,,,,,,,,
,,,,,,,,,,,,,,,,,,,,,
,,,,,,,,,,,,,,,,,,,,,
,,,,,,,,,,,,,,,,,,,,,
,,,,,,,,,,,,,,,,,,,,,
,,,,,,,,,,,,,,,,,,,,,
,,,,,,,,,,,,,,,,,,,,,
,,,,,,,,,,,,,,,,,,,,,
,,,,,,,,,,,,,,,,,,,,,
,,,,,,,,,,,,,,,,,,,,,
,,,,,,,,,,,,,,,,,,,,,
,,,,,,,,,,,,,,,,,,,,,
,,,,,,,,,,,,,,,,,,,,,
,,,,,,,,,,,,,,,,,,,,,
,,,,,,,,,,,,,,,,,,,,,
,,,,,,,,,,,,,,,,,,,,,
,,,,,,,,,,,,,,,,,,,,,
,,,,,,,,,,,,,,,,,,,,,
,,,,,,,,,,,,,,,,,,,,,
,,,,,,,,,,,,,,,,,,,,,
,,,,,,,,,,,,,,,,,,,,,
,,,,,,,,,,,,,,,,,,,,,
,,,,,,,,,,,,,,,,,,,,,
,,,,,,,,,,,,,,,,,,,,,
,,,,,,,,,,,,,,,,,,,,,
,,,,,,,,,,,,,,,,,,,,,
,,,,,,,,,,,,,,,,,,,,,
,,,,,,,,,,,,,,,,,,,,,
,,,,,,,,,,,,,,,,,,,,,
,,,,,,,,,,,,,,,,,,,,,
,,,,,,,,,,,,,,,,,,,,,
,,,,,,,,,,,,,,,,,,,,,
,,,,,,,,,,,,,,,,,,,,,
,,,,,,,,,,,,,,,,,,,,,
,,,,,,,,,,,,,,,,,,,,,
,,,,,,,,,,,,,,,,,,,,,
,,,,,,,,,,,,,,,,,,,,,
,,,,,,,,,,,,,,,,,,,,,
,,,,,,,,,,,,,,,,,,,,,
,,,,,,,,,,,,,,,,,,,,,
,,,,,,,,,,,,,,,,,,,,,
,,,,,,,,,,,,,,,,,,,,,
,,,,,,,,,,,,,,,,,,,,,
,,,,,,,,,,,,,,,,,,,,,
,,,,,,,,,,,,,,,,,,,,,
,,,,,,,,,,,,,,,,,,,,,
,,,,,,,,,,,,,,,,,,,,,
,,,,,,,,,,,,,,,,,,,,,
,,,,,,,,,,,,,,,,,,,,,
,,,,,,,,,,,,,,,,,,,,,
,,,,,,,,,,,,,,,,,,,,,
,,,,,,,,,,,,,,,,,,,,,
,,,,,,,,,,,,,,,,,,,,,
,,,,,,,,,,,,,,,,,,,,,
,,,,,,,,,,,,,,,,,,,,,
,,,,,,,,,,,,,,,,,,,,,
,,,,,,,,,,,,,,,,,,,,,
,,,,,,,,,,,,,,,,,,,,,
,,,,,,,,,,,,,,,,,,,,,
,,,,,,,,,,,,,,,,,,,,,
,,,,,,,,,,,,,,,,,,,,,
,,,,,,,,,,,,,,,,,,,,,
,,,,,,,,,,,,,,,,,,,,,
,,,,,,,,,,,,,,,,,,,,,
,,,,,,,,,,,,,,,,,,,,,
,,,,,,,,,,,,,,,,,,,,,
,,,,,,,,,,,,,,,,,,,,,
,,,,,,,,,,,,,,,,,,,,,
,,,,,,,,,,,,,,,,,,,,,
,,,,,,,,,,,,,,,,,,,,,
,,,,,,,,,,,,,,,,,,,,,
,,,,,,,,,,,,,,,,,,,,,
,,,,,,,,,,,,,,,,,,,,,
,,,,,,,,,,,,,,,,,,,,,
,,,,,,,,,,,,,,,,,,,,,
,,,,,,,,,,,,,,,,,,,,,
,,,,,,,,,,,,,,,,,,,,,
,,,,,,,,,,,,,,,,,,,,,
,,,,,,,,,,,,,,,,,,,,,
,,,,,,,,,,,,,,,,,,,,,
,,,,,,,,,,,,,,,,,,,,,
,,,,,,,,,,,,,,,,,,,,,
,,,,,,,,,,,,,,,,,,,,,
,,,,,,,,,,,,,,,,,,,,,
,,,,,,,,,,,,,,,,,,,,,
,,,,,,,,,,,,,,,,,,,,,
,,,,,,,,,,,,,,,,,,,,,
,,,,,,,,,,,,,,,,,,,,,
,,,,,,,,,,,,,,,,,,,,,
,,,,,,,,,,,,,,,,,,,,,
,,,,,,,,,,,,,,,,,,,,,
,,,,,,,,,,,,,,,,,,,,,
,,,,,,,,,,,,,,,,,,,,,
,,,,,,,,,,,,,,,,,,,,,
,,,,,,,,,,,,,,,,,,,,,
,,,,,,,,,,,,,,,,,,,,,
,,,,,,,,,,,,,,,,,,,,,
,,,,,,,,,,,,,,,,,,,,,
,,,,,,,,,,,,,,,,,,,,,
,,,,,,,,,,,,,,,,,,,,,
,,,,,,,,,,,,,,,,,,,,,
,,,,,,,,,,,,,,,,,,,,,
,,,,,,,,,,,,,,,,,,,,,
,,,,,,,,,,,,,,,,,,,,,
,,,,,,,,,,,,,,,,,,,,,
,,,,,,,,,,,,,,,,,,,,,
,,,,,,,,,,,,,,,,,,,,,
,,,,,,,,,,,,,,,,,,,,,
,,,,,,,,,,,,,,,,,,,,,
,,,,,,,,,,,,,,,,,,,,,
,,,,,,,,,,,,,,,,,,,,,
,,,,,,,,,,,,,,,,,,,,,
,,,,,,,,,,,,,,,,,,,,,
,,,,,,,,,,,,,,,,,,,,,
,,,,,,,,,,,,,,,,,,,,,
,,,,,,,,,,,,,,,,,,,,,
,,,,,,,,,,,,,,,,,,,,,
,,,,,,,,,,,,,,,,,,,,,
,,,,,,,,,,,,,,,,,,,,,
,,,,,,,,,,,,,,,,,,,,,
,,,,,,,,,,,,,,,,,,,,,
,,,,,,,,,,,,,,,,,,,,,
,,,,,,,,,,,,,,,,,,,,,
,,,,,,,,,,,,,,,,,,,,,
,,,,,,,,,,,,,,,,,,,,,
,,,,,,,,,,,,,,,,,,,,,
,,,,,,,,,,,,,,,,,,,,,
,,,,,,,,,,,,,,,,,,,,,
,,,,,,,,,,,,,,,,,,,,,
,,,,,,,,,,,,,,,,,,,,,
,,,,,,,,,,,,,,,,,,,,,
,,,,,,,,,,,,,,,,,,,,,
,,,,,,,,,,,,,,,,,,,,,
,,,,,,,,,,,,,,,,,,,,,
,,,,,,,,,,,,,,,,,,,,,
,,,,,,,,,,,,,,,,,,,,,
,,,,,,,,,,,,,,,,,,,,,
,,,,,,,,,,,,,,,,,,,,,
,,,,,,,,,,,,,,,,,,,,,
,,,,,,,,,,,,,,,,,,,,,
,,,,,,,,,,,,,,,,,,,,,
,,,,,,,,,,,,,,,,,,,,,
,,,,,,,,,,,,,,,,,,,,,
,,,,,,,,,,,,,,,,,,,,,
,,,,,,,,,,,,,,,,,,,,,
,,,,,,,,,,,,,,,,,,,,,
,,,,,,,,,,,,,,,,,,,,,
,,,,,,,,,,,,,,,,,,,,,
,,,,,,,,,,,,,,,,,,,,,
,,,,,,,,,,,,,,,,,,,,,
,,,,,,,,,,,,,,,,,,,,,
,,,,,,,,,,,,,,,,,,,,,
,,,,,,,,,,,,,,,,,,,,,
,,,,,,,,,,,,,,,,,,,,,
,,,,,,,,,,,,,,,,,,,,,
,,,,,,,,,,,,,,,,,,,,,
,,,,,,,,,,,,,,,,,,,,,
,,,,,,,,,,,,,,,,,,,,,
,,,,,,,,,,,,,,,,,,,,,
,,,,,,,,,,,,,,,,,,,,,
,,,,,,,,,,,,,,,,,,,,,
,,,,,,,,,,,,,,,,,,,,,
,,,,,,,,,,,,,,,,,,,,,
,,,,,,,,,,,,,,,,,,,,,
,,,,,,,,,,,,,,,,,,,,,
,,,,,,,,,,,,,,,,,,,,,
,,,,,,,,,,,,,,,,,,,,,
,,,,,,,,,,,,,,,,,,,,,
,,,,,,,,,,,,,,,,,,,,,
,,,,,,,,,,,,,,,,,,,,,
,,,,,,,,,,,,,,,,,,,,,
,,,,,,,,,,,,,,,,,,,,,
,,,,,,,,,,,,,,,,,,,,,
,,,,,,,,,,,,,,,,,,,,,
,,,,,,,,,,,,,,,,,,,,,
,,,,,,,,,,,,,,,,,,,,,
,,,,,,,,,,,,,,,,,,,,,
,,,,,,,,,,,,,,,,,,,,,
,,,,,,,,,,,,,,,,,,,,,
,,,,,,,,,,,,,,,,,,,,,
,,,,,,,,,,,,,,,,,,,,,
,,,,,,,,,,,,,,,,,,,,,
,,,,,,,,,,,,,,,,,,,,,
,,,,,,,,,,,,,,,,,,,,,
,,,,,,,,,,,,,,,,,,,,,
,,,,,,,,,,,,,,,,,,,,,
,,,,,,,,,,,,,,,,,,,,,
,,,,,,,,,,,,,,,,,,,,,
,,,,,,,,,,,,,,,,,,,,,
,,,,,,,,,,,,,,,,,,,,,
,,,,,,,,,,,,,,,,,,,,,
,,,,,,,,,,,,,,,,,,,,,
,,,,,,,,,,,,,,,,,,,,,
,,,,,,,,,,,,,,,,,,,,,
,,,,,,,,,,,,,,,,,,,,,
,,,,,,,,,,,,,,,,,,,,,
,,,,,,,,,,,,,,,,,,,,,
,,,,,,,,,,,,,,,,,,,,,
,,,,,,,,,,,,,,,,,,,,,
,,,,,,,,,,,,,,,,,,,,,
,,,,,,,,,,,,,,,,,,,,,
,,,,,,,,,,,,,,,,,,,,,
,,,,,,,,,,,,,,,,,,,,,
,,,,,,,,,,,,,,,,,,,,,
,,,,,,,,,,,,,,,,,,,,,
,,,,,,,,,,,,,,,,,,,,,
,,,,,,,,,,,,,,,,,,,,,
,,,,,,,,,,,,,,,,,,,,,
,,,,,,,,,,,,,,,,,,,,,
,,,,,,,,,,,,,,,,,,,,,
,,,,,,,,,,,,,,,,,,,,,
,,,,,,,,,,,,,,,,,,,,,
,,,,,,,,,,,,,,,,,,,,,
,,,,,,,,,,,,,,,,,,,,,
,,,,,,,,,,,,,,,,,,,,,
,,,,,,,,,,,,,,,,,,,,,
,,,,,,,,,,,,,,,,,,,,,
,,,,,,,,,,,,,,,,,,,,,
,,,,,,,,,,,,,,,,,,,,,
,,,,,,,,,,,,,,,,,,,,,
,,,,,,,,,,,,,,,,,,,,,
,,,,,,,,,,,,,,,,,,,,,
,,,,,,,,,,,,,,,,,,,,,
,,,,,,,,,,,,,,,,,,,,,
,,,,,,,,,,,,,,,,,,,,,
,,,,,,,,,,,,,,,,,,,,,
,,,,,,,,,,,,,,,,,,,,,
,,,,,,,,,,,,,,,,,,,,,
,,,,,,,,,,,,,,,,,,,,,
,,,,,,,,,,,,,,,,,,,,,
,,,,,,,,,,,,,,,,,,,,,
,,,,,,,,,,,,,,,,,,,,,
,,,,,,,,,,,,,,,,,,,,,
,,,,,,,,,,,,,,,,,,,,,
,,,,,,,,,,,,,,,,,,,,,
,,,,,,,,,,,,,,,,,,,,,
,,,,,,,,,,,,,,,,,,,,,
,,,,,,,,,,,,,,,,,,,,,
,,,,,,,,,,,,,,,,,,,,,
,,,,,,,,,,,,,,,,,,,,,
,,,,,,,,,,,,,,,,,,,,,
,,,,,,,,,,,,,,,,,,,,,
,,,,,,,,,,,,,,,,,,,,,
,,,,,,,,,,,,,,,,,,,,,
,,,,,,,,,,,,,,,,,,,,,
,,,,,,,,,,,,,,,,,,,,,
,,,,,,,,,,,,,,,,,,,,,
,,,,,,,,,,,,,,,,,,,,,
,,,,,,,,,,,,,,,,,,,,,
,,,,,,,,,,,,,,,,,,,,,
,,,,,,,,,,,,,,,,,,,,,
,,,,,,,,,,,,,,,,,,,,,
,,,,,,,,,,,,,,,,,,,,,
,,,,,,,,,,,,,,,,,,,,,
,,,,,,,,,,,,,,,,,,,,,
,,,,,,,,,,,,,,,,,,,,,
,,,,,,,,,,,,,,,,,,,,,
,,,,,,,,,,,,,,,,,,,,,
,,,,,,,,,,,,,,,,,,,,,
,,,,,,,,,,,,,,,,,,,,,
,,,,,,,,,,,,,,,,,,,,,
,,,,,,,,,,,,,,,,,,,,,
,,,,,,,,,,,,,,,,,,,,,
,,,,,,,,,,,,,,,,,,,,,
,,,,,,,,,,,,,,,,,,,,,
,,,,,,,,,,,,,,,,,,,,,
,,,,,,,,,,,,,,,,,,,,,
,,,,,,,,,,,,,,,,,,,,,
,,,,,,,,,,,,,,,,,,,,,
,,,,,,,,,,,,,,,,,,,,,
,,,,,,,,,,,,,,,,,,,,,
,,,,,,,,,,,,,,,,,,,,,
,,,,,,,,,,,,,,,,,,,,,
,,,,,,,,,,,,,,,,,,,,,
,,,,,,,,,,,,,,,,,,,,,
,,,,,,,,,,,,,,,,,,,,,
,,,,,,,,,,,,,,,,,,,,,
,,Total,,1739,,,,,,,,,,,,,,,,,
,,,,,,,,,,,,,,,,,,,,,
,,Paint Code,Paint Name,RGB Code,,,,,,,,,,,,,,,,,
,,300,Alpine White,"255, 255, 255",https://github.com/Sman19/F87-M2-Ext-Int/blob/62fa3456fbd19b97c9772c0307a30f3c656ae3c9/2017_M2_Alpine_White_380x260.png?raw=true,,,,,,,,,,,,,,,,
,,475,Black Sapphire Metallic,"0, 0, 0",https://github.com/Sman19/F87-M2-Ext-Int/blob/62fa3456fbd19b97c9772c0307a30f3c656ae3c9/2017_M2_Black_Sapphire_380x260.png?raw=true,,,,,,,,,,,,,,,,
,,C16,Long Beach Blue,"3,137,197",https://github.com/Sman19/F87-M2-Ext-Int/blob/62fa3456fbd19b97c9772c0307a30f3c656ae3c9/2017_M2_Long_Beach_Blue_380x260.png?raw=true,,,,,,,,,,,,,,,,
,,B39,Mineral Gray Metallic,"105,116,137",https://github.com/Sman19/F87-M2-Ext-Int/blob/c3be7f7ddc554a924c667c73698c21a2c7a04a75/2017_M2_Mineral_Grey_380x260.png?raw=true,,,,,,,,,,,,,,,,
,,,,,,,,,,,,,,,,,,,,,
,,,Special Paint,,,,,,,,,,,,,,,,,,
,,B67,Austin Yellow Metallic,"234,217,86",https://github.com/Sman19/F87-M2-Ext-Int/blob/c3be7f7ddc554a924c667c73698c21a2c7a04a75/Austin%20Yellow%20Metallic_380x260.png?raw=true,,,,,,,,,,,,,,,,
,,,,,,,,,,,,,,,,,,,,,
,,,Interior,,,,,,,,,,,,,,,,,,
,,LCNL,Black Dakota leather w. Blue Stitch,,https://github.com/Sman19/F87-M2-Ext-Int/blob/c3be7f7ddc554a924c667c73698c21a2c7a04a75/m2%20interior%20Blue%20Stit.png?raw=true,,,,,,,,,,,,,,,,
,,Z1XX,Black Dakota leather w. Yellow Stitch,,https://github.com/Sman19/F87-M2-Ext-Int/blob/c3be7f7ddc554a924c667c73698c21a2c7a04a75/Austin%20yellow%20stitch.png?raw=true,,,,,,,,,,,,,,,,
,,,,,,,,,,,,,,,,,,,,,
,,,,,,,,,,,,,,,,,,,,,
,,,,,,,,,,,,,,,,,,,,,
,,,,,,,,,,,,,,,,,,,,,
,,,,,,,,,,,,,,,,,,,,,
,,,,,,,,,,,,,,,,,,,,,
,,,,,,,,,,,,,,,,,,,,,
,,,,,,,,,,,,,,,,,,,,,
,,,,,,,,,,,,,,,,,,,,,
,,,,,,,,,,,,,,,,,,,,,
,,,,,,,,,,,,,,,,,,,,,
,,,,,,,,,,,,,,,,,,,,,
,,,,,,,,,,,,,,,,,,,,,
,,,,,,,,,,,,,,,,,,,,,
,,,,,,,,,,,,,,,,,,,,,
,,,,,,,,,,,,,,,,,,,,,
,,,,,,,,,,,,,,,,,,,,,
,,,,,,,,,,,,,,,,,,,,,
,,,,,,,,,,,,,,,,,,,,,
,,,,,,,,,,,,,,,,,,,,,
,,,,,,,,,,,,,,,,,,,,,
,,,,,,,,,,,,,,,,,,,,,
,,,,,,,,,,,,,,,,,,,,,
,,,,,,,,,,,,,,,,,,,,,
,,,,,,,,,,,,,,,,,,,,,
,,,,,,,,,,,,,,,,,,,,,
,,,,,,,,,,,,,,,,,,,,,
,,,,,,,,,,,,,,,,,,,,,
,,,,,,,,,,,,,,,,,,,,,
,,,,,,,,,,,,,,,,,,,,,
,,,,,,,,,,,,,,,,,,,,,
,,,,,,,,,,,,,,,,,,,,,
,,,,,,,,,,,,,,,,,,,,,
,,,,,,,,,,,,,,,,,,,,,
,,,,,,,,,,,,,,,,,,,,,
,,,,,,,,,,,,,,,,,,,,,
,,,,,,,,,,,,,,,,,,,,,
,,,,,,,,,,,,,,,,,,,,,
,,,,,,,,,,,,,,,,,,,,,
,,,,,,,,,,,,,,,,,,,,,
,,,,,,,,,,,,,,,,,,,,,
,,,,,,,,,,,,,,,,,,,,,
,,,,,,,,,,,,,,,,,,,,,
,,,,,,,,,,,,,,,,,,,,,
,,,,,,,,,,,,,,,,,,,,,
,,,,,,,,,,,,,,,,,,,,,
,,,,,,,,,,,,,,,,,,,,,
,,,,,,,,,,,,,,,,,,,,,
,,,,,,,,,,,,,,,,,,,,,
,,,,,,,,,,,,,,,,,,,,,
,,,,,,,,,,,,,,,,,,,,,
,,,,,,,,,,,,,,,,,,,,,
,,,,,,,,,,,,,,,,,,,,,
,,,,,,,,,,,,,,,,,,,,,
,,,,,,,,,,,,,,,,,,,,,
,,,,,,,,,,,,,,,,,,,,,
,,,,,,,,,,,,,,,,,,,,,
,,,,,,,,,,,,,,,,,,,,,
,,,,,,,,,,,,,,,,,,,,,
,,,,,,,,,,,,,,,,,,,,,
,,,,,,,,,,,,,,,,,,,,,
,,,,,,,,,,,,,,,,,,,,,
,,,,,,,,,,,,,,,,,,,,,
,,,,,,,,,,,,,,,,,,,,,
,,,,,,,,,,,,,,,,,,,,,
,,,,,,,,,,,,,,,,,,,,,
,,,,,,,,,,,,,,,,,,,,,
,,,,,,,,,,,,,,,,,,,,,
,,,,,,,,,,,,,,,,,,,,,
,,,,,,,,,,,,,,,,,,,,,
,,,,,,,,,,,,,,,,,,,,,
,,,,,,,,,,,,,,,,,,,,,
,,,,,,,,,,,,,,,,,,,,,
,,,,,,,,,,,,,,,,,,,,,
,,,,,,,,,,,,,,,,,,,,,
,,,F98,,,,,,,,,,,,,,,,,,
,,,,,,,,,,,,,,,,,,,,,
,,,,,,,,,,,,,,,,,,,,,
,,,,,,,,,,,,,,,,,,,,,
,,,,,,,,,,,,,,,,,,,,,
,,,,,,,,,,,,,,,,,,,,,
,,,,,,,,,,,,,,,,,,,,,
,,,,,,,,,,,,,,,,,,,,,
,,,,,,,,,,,,,,,,,,,,,
,,,,,,,,,,,,,,,,,,,,,
,,,,,,,,,,,,,,,,,,,,,
,,,,,,,,,,,,,,,,,,,,,
,,,,,,,,,,,,,,,,,,,,,
,,,,,,,,,,,,,,,,,,,,,
,,,,,,,,,,,,,,,,,,,,,
,,,,,,,,,,,,,,,,,,,,,
,,,,,,,,,,,,,,,,,,,,,
,,,,,,,,,,,,,,,,,,,,,
,,,,,,,,,,,,,,,,,,,,,
,,,,,,,,,,,,,,,,,,,,,
,,,,,,,,,,,,,,,,,,,,,
,,,,,,,,,,,,,,,,,,,,,
,,,,,,,,,,,,,,,,,,,,,
,,,,,,,,,,,,,,,,,,,,,
,,,,,,,,,,,,,,,,,,,,,
,,,,,,,,,,,,,,,,,,,,,
,,,,,,,,,,,,,,,,,,,,,
,,,,,,,,,,,,,,,,,,,,,
,,,,,,,,,,,,,,,,,,,,,
,,,,,,,,,,,,,,,,,,,,,
,,,,,,,,,,,,,,,,,,,,,
,,,,,,,,,,,,,,,,,,,,,
,,,,,,,,,,,,,,,,,,,,,
,,,,,,MAH7 - Black Vernaca Leather,,,,,,,,,,,,,,,