EXTERIOR,Development code,INTERIOR,Year,VIN,,,,PACKAGES,MSRP,PROD,,,DEALER NAME,Port,Carrier,VPC,Details,V-Spec,Sticker,Invoice,VPC
A90 - Dark Graphite Metallic,F97,VATQ - BMW Individual Tartufo Extended Merino Leather,2023,5YM13EC02P9N49278,,9N49278,2MK,,,"Aug 4, 2022",,USA,"BMW of Rochester, Rochester, US",,,,,,,,
300 - Alpine White,F97,LKDA - Sakhir Orange Extended Merino Leather,2023,5YM13EC05P9N49324,,9N49324,2MK,,,"Aug 4, 2022",,USA,"BMW of Shrewsbury, Shrewsbury, US",,,,,,,,
300 - Alpine White,F97,LKDA - Sakhir Orange Extended Merino Leather,2023,5YM13EC08P9N49527,,9N49527,2MK,,,"Aug 5, 2022",,USA,"BMW of Manhattan, New York, US",,,,,,,,
300 - Alpine White,F97,LKSW - Black Extended Merino Leather,2023,5YM13EC08P9N51116,,9N51116,2MK,,,"Aug 5, 2022",,USA,"Calgary BMW, Calgary, CA",,,,,,,,
C4P - Brooklyn Grey Metallic,F97,LKDA - Sakhir Orange Extended Merino Leather,2023,5YM13EC02P9N51161,,9N51161,2MK,,,"Aug 5, 2022",,USA,"Rallye BMW, Westbury, US",,,,,,,,
475 - Black Sapphire Metallic,F97,LKSW - Black Extended Merino Leather,2023,5YM13EC0XP9N51196,,9N51196,2MK,,,"Aug 5, 2022",,USA,"Patrick BMW, Schaumburg, US",,,,,,,,
C4P - Brooklyn Grey Metallic,F97,LKDA - Sakhir Orange Extended Merino Leather,2023,5YM13EC07P9N51396,,9N51396,2MK,,,"Aug 5, 2022",,USA,"Global Imports BMW, Atlanta, US",,,,,,,,
475 - Black Sapphire Metallic,F97,LKDA - Sakhir Orange Extended Merino Leather,2023,5YM13EC05P9N51557,,9N51557,2MK,,,"Aug 5, 2022",,USA,"BMW Laval, Laval, CA",,,,,,,,
C4P - Brooklyn Grey Metallic,F97,LKHV - Adelaide Grey Extended Merino Leather,2023,5YM13EC07P9N51723,,9N51723,2MK,,,"Aug 6, 2022",,USA,"Karl Knauz Motors, Lake Bluff, US",,,,,,,,
300 - Alpine White,F97,LKSW - Black Extended Merino Leather,2023,5YM13EC02P9N51774,,9N51774,2MK,,,"Aug 6, 2022",,USA,"BMW of Murray, Murray, US",,,,,,,,
C4P - Brooklyn Grey Metallic,F97,LKDA - Sakhir Orange Extended Merino Leather,2023,5YM13EC0XP9N51960,,9N51960,2MK,,,"Aug 8, 2022",,USA,"Budds' BMW Oakville, Oakville, CA",,,,,,,,
C4P - Brooklyn Grey Metallic,F97,HDJA - Black/Midrand Beige Two-Tone Merino Leather / Alcantara,2023,5YM13EC00P9N51997,,9N51997,2MK,,,"Aug 8, 2022",,USA,"BMW of Tri-Cities, Richland, US",,,,,,,,
475 - Black Sapphire Metallic,F97,LKSW - Black Extended Merino Leather,2023,5YM13EC07P9N53004,,9N53004,2MK,,,"Aug 8, 2022",,USA,"BMW of Houston Midtown, Houston, US",,,,,,,,
300 - Alpine White,F97,LKDA - Sakhir Orange Extended Merino Leather,2023,5YM13EC06P9N53124,,9N53124,2MK,,,"Aug 8, 2022",,USA,"Braman BMW/Braman MINI of Miami, Miami, US",,,,,,,,
A90 - Dark Graphite Metallic,F97,VATQ - BMW Individual Tartufo Extended Merino Leather,2023,5YM13EC04P9N53154,,9N53154,2MK,,,"Aug 8, 2022",,USA,"BMW of Greenwich, Greenwich, US",,,,,,,,
A90 - Dark Graphite Metallic,F97,LKDA - Sakhir Orange Extended Merino Leather,2023,5YM13EC04P9N53199,,9N53199,2MK,,,"Aug 8, 2022",,USA,"BMW of West Springfield, West Springfield, US",,,,,,,,
A90 - Dark Graphite Metallic,F97,VATQ - BMW Individual Tartufo Extended Merino Leather,2023,5YM13EC01P9N53497,,9N53497,2MK,,,"Aug 8, 2022",,USA,"BMW of Rockland, Rockland, US",,,,,,,,
C3G - Toronto Red Metallic,F97,LKHV - Adelaide Grey Extended Merino Leather,2023,5YM13EC0XP9N54695,,9N54695,2MK,,,"Aug 9, 2022",,USA,"BMW of Peabody, Peabody, US",,,,,,,,
475 - Black Sapphire Metallic,F97,HDJA - Black/Midrand Beige Two-Tone Merino Leather / Alcantara,2023,5YM13EC07P9N54878,,9N54878,2MK,,,"Aug 9, 2022",,USA,"BMW of Mt. Laurel, Mount Laurel, US",,,,,,,,
475 - Black Sapphire Metallic,F97,LKSW - Black Extended Merino Leather,2023,5YM13EC06P9N54922,,9N54922,2MK,,,"Aug 9, 2022",,USA,"Herb Chambers BMW, Charlestown, US",,,,,,,,
C1K - Marina Bay Blue Metallic,F97,LKDA - Sakhir Orange Extended Merino Leather,2023,5YM13EC01P9N54987,,9N54987,2MK,,,"Aug 9, 2022",,USA,"BMW of Westchester, White Plains, US",,,,,,,,
C4P - Brooklyn Grey Metallic,F97,LKDA - Sakhir Orange Extended Merino Leather,2023,5YM13EC08P9N55070,,9N55070,2MK,,,"Aug 9, 2022",,USA,"BMW of Fort Lauderdale, Fort Lauderdale, US",,,,,,,,
300 - Alpine White,F97,MAH7 - Black Vernasca Leather,2023,5YM13EC06P9N56489,,9N56489,2MK,,,"Aug 10, 2022",,USA,"BMW of Brooklyn, Brooklyn, US",,,,,,,,
C4P - Brooklyn Grey Metallic,F97,HDJA - Black/Midrand Beige Two-Tone Merino Leather / Alcantara,2023,5YM13EC05P9N56600,,9N56600,2MK,,,"Aug 10, 2022",,USA,"BMW Portland, Portland, US",,,,,,,,
C4P - Brooklyn Grey Metallic,F97,HDJA - Black/Midrand Beige Two-Tone Merino Leather / Alcantara,2023,5YM13EC00P9N56634,,9N56634,2MK,,,"Aug 10, 2022",,USA,"BMW of Austin, Austin, US",,,,,,,,
C1K - Marina Bay Blue Metallic,F97,LKHV - Adelaide Grey Extended Merino Leather,2023,5YM13EC0XP9N56785,,9N56785,2MK,,,"Aug 11, 2022",,USA,"BMW of South Austin, Austin, US",,,,,,,,
A90 - Dark Graphite Metallic,F97,LKDA - Sakhir Orange Extended Merino Leather,2023,5YM13EC08P9N59751,,9N59751,2MK,,,"Aug 11, 2022",,USA,"AH Euler Kaiserslautern GmbH, Kaiserslautern, DE",,,,,,,,
416 - Carbon Black Metallic,F97,HDJA - Black/Midrand Beige Two-Tone Merino Leather / Alcantara,2023,5YM13EC01P9N61387,,9N61387,2MK,,,"Aug 12, 2022",,USA,"BMW of Manhasset, Manhasset, US",,,,,,,,
C4P - Brooklyn Grey Metallic,F97,LKSW - Black Extended Merino Leather,2023,5YM13EC01P9N61471,,9N61471,2MK,,,"Aug 12, 2022",,USA,"Vista BMW, Coconut Creek, US",,,,,,,,
C4H - Sao Paulo Yellow,F97,LKSW - Black Extended Merino Leather,2023,5YM13EC0XP9N61808,,9N61808,2MK,,,"Aug 12, 2022",,USA,"Park Avenue BMW, Rochelle Park, US",,,,,,,,
C4P - Brooklyn Grey Metallic,F97,LKDA - Sakhir Orange Extended Merino Leather,2023,5YM13EC0XP9N61839,,9N61839,2MK,,,"Aug 12, 2022",,USA,"BMW of Temple, Temple, US",,,,,,,,
475 - Black Sapphire Metallic,F97,LKSW - Black Extended Merino Leather,2023,5YM13EC02P9N61964,,9N61964,2MK,,,"Aug 13, 2022",,USA,"BMW of Tampa, Tampa, US",,,,,,,,
475 - Black Sapphire Metallic,F97,LKDA - Sakhir Orange Extended Merino Leather,2023,5YM13EC02P9N62919,,9N62919,2MK,,,"Aug 13, 2022",,USA,"Fields BMW, Northfield, US",,,,,,,,
300 - Alpine White,F97,LKDA - Sakhir Orange Extended Merino Leather,2023,5YM13EC05P9N63076,,9N63076,2MK,,,"Aug 14, 2022",,USA,"BMW of Manhasset, Manhasset, US",,,,,,,,
475 - Black Sapphire Metallic,F97,LKDA - Sakhir Orange Extended Merino Leather,2023,5YM13EC09P9N63128,,9N63128,2MK,,,"Aug 15, 2022",,USA,"BMW of Grapevine, Grapevine, US",,,,,,,,
300 - Alpine White,F97,LKDA - Sakhir Orange Extended Merino Leather,2023,5YM13EC05P9N63241,,9N63241,2MK,,,"Aug 15, 2022",,USA,"BMW of Reading, Reading, US",,,,,,,,
300 - Alpine White,F97,LKDA - Sakhir Orange Extended Merino Leather,2023,5YM13EC07P9N63290,,9N63290,2MK,,,"Aug 15, 2022",,USA,"BMW of Reading, Reading, US",,,,,,,,
475 - Black Sapphire Metallic,F97,LKHV - Adelaide Grey Extended Merino Leather,2023,5YM13EC0XP9N63462,,9N63462,2MK,,,"Aug 15, 2022",,USA,"D-Patrick Motoplex, Evansville, US",,,,,,,,
C4P - Brooklyn Grey Metallic,F97,LKDA - Sakhir Orange Extended Merino Leather,2023,5YM13EC06P9N64558,,9N64558,2MK,,,"Aug 16, 2022",,USA,"BMW of Springfield, Springfield, US",,,,,,,,
C4P - Brooklyn Grey Metallic,F97,HDJA - Black/Midrand Beige Two-Tone Merino Leather / Alcantara,2023,5YM13EC07P9N64598,,9N64598,2MK,,,"Aug 16, 2022",,USA,"BMW of Norwood, Norwood, US",,,,,,,,
C4P - Brooklyn Grey Metallic,F97,LKSW - Black Extended Merino Leather,2023,5YM13EC05P9N64759,,9N64759,2MK,,,"Aug 16, 2022",,USA,"Crevier BMW, Santa Ana, US",,,,,,,,
C4P - Brooklyn Grey Metallic,F97,LKHV - Adelaide Grey Extended Merino Leather,2023,5YM13EC01P9N64807,,9N64807,2MK,,,"Aug 16, 2022",,USA,"Galleria BMW, D'Iberville, US",,,,,,,,
C4P - Brooklyn Grey Metallic,F97,LKDA - Sakhir Orange Extended Merino Leather,2023,5YM13EC03P9N64842,,9N64842,2MK,,,"Aug 16, 2022",,USA,"BMW of Manhasset, Manhasset, US",,,,,,,,
C4P - Brooklyn Grey Metallic,F97,LKSW - Black Extended Merino Leather,2023,5YM13EC03P9N64890,,9N64890,2MK,,,"Aug 16, 2022",,USA,"Tulley BMW, Nashua, US",,,,,,,,
475 - Black Sapphire Metallic,F97,HDJA - Black/Midrand Beige Two-Tone Merino Leather / Alcantara,2023,5YM13EC09P9N66448,,9N66448,2MK,,,"Aug 16, 2022",,USA,"BMW Montreal Centre, Montreal, CA",,,,,,,,
C4H - Sao Paulo Yellow,F97,LKDA - Sakhir Orange Extended Merino Leather,2023,5YM13EC07P9N66481,,9N66481,2MK,,,"Aug 16, 2022",,USA,"Fields BMW, Winter Park, US",,,,,,,,
C1K - Marina Bay Blue Metallic,F97,HDJA - Black/Midrand Beige Two-Tone Merino Leather / Alcantara,2023,5YM13EC02P9N66548,,9N66548,2MK,,,"Aug 16, 2022",,USA,"Brian Jessel BMW, Vancouver, CA",,,,,,,,
C4P - Brooklyn Grey Metallic,F97,LKDA - Sakhir Orange Extended Merino Leather,2023,5YM13EC05P9N66723,,9N66723,2MK,,,"Aug 17, 2022",,USA,"Brian Jessel BMW, Vancouver, CA",,,,,,,,
C4P - Brooklyn Grey Metallic,F97,LKDA - Sakhir Orange Extended Merino Leather,2023,5YM13EC09P9N66806,,9N66806,2MK,,,"Aug 17, 2022",,USA,"Elite BMW, Ottawa, CA",,,,,,,,
C4H - Sao Paulo Yellow,F97,LKSW - Black Extended Merino Leather,2023,5YM13EC02P9N66968,,9N66968,2MK,,,"Aug 17, 2022",,USA,"BMW of San Antonio/MINI of San Anto, San Antonio, US",,,,,,,,
300 - Alpine White,F97,LKDA - Sakhir Orange Extended Merino Leather,2023,5YM13EC07P9N67016,,9N67016,2MK,,,"Aug 17, 2022",,USA,"BMW Aurora, Aurora, CA",,,,,,,,
C4P - Brooklyn Grey Metallic,F97,HDJA - Black/Midrand Beige Two-Tone Merino Leather / Alcantara,2023,5YM13EC09P9N67132,,9N67132,2MK,,,"Aug 17, 2022",,USA,"BMW of Kansas City South, Kansas CIty, US",,,,,,,,
C1K - Marina Bay Blue Metallic,F97,LKSW - Black Extended Merino Leather,2023,5YM13EC09P9N67177,,9N67177,2MK,,,"Aug 17, 2022",,USA,"International Autos/MINI, West Allis, US",,,,,,,,
C1K - Marina Bay Blue Metallic,F97,VATQ - BMW Individual Tartufo Extended Merino Leather,2023,5YM13EC08P9N67302,,9N67302,2MK,,,"Aug 17, 2022",,USA,"BMW of Stratham, Stratham, US",,,,,,,,
C1K - Marina Bay Blue Metallic,F97,VATQ - BMW Individual Tartufo Extended Merino Leather,2023,5YM13EC03P9N69782,,9N69782,2MK,,,"Aug 18, 2022",,USA,"AH Euler Kaiserslautern GmbH, Kaiserslautern, DE",,,,,,,,
416 - Carbon Black Metallic,F97,LKSW - Black Extended Merino Leather,2023,5YM13EC01P9N70090,,9N70090,2MK,,,"Aug 18, 2022",,USA,"Edmonton BMW, Edmonton, CA",,,,,,,,
C4P - Brooklyn Grey Metallic,F97,LKSW - Black Extended Merino Leather,2023,5YM13EC09P9N70127,,9N70127,2MK,,,"Aug 18, 2022",,USA,"Atkins Kroll Inc., Tamuning, GU",,,,,,,,
300 - Alpine White,F97,HDJA - Black/Midrand Beige Two-Tone Merino Leather / Alcantara,2023,5YM13EC00P9N70209,,9N70209,2MK,,,"Aug 18, 2022",,USA,"BMW of Des Moines, Urbandale, US",,,,,,,,
C1K - Marina Bay Blue Metallic,F97,LKSW - Black Extended Merino Leather,2023,5YM13EC04P9N70617,,9N70617,2MK,,,"Aug 19, 2022",,USA,"BMW Langley, Langley, CA",,,,,,,,
C1K - Marina Bay Blue Metallic,F97,LKDA - Sakhir Orange Extended Merino Leather,2023,5YM13EC08P9N70913,,9N70913,2MK,,,"Aug 19, 2022",,USA,"BMW of Manhattan, New York, US",,,,,,,,
C1K - Marina Bay Blue Metallic,F97,LKSW - Black Extended Merino Leather,2023,5YM13EC08P9N70975,,9N70975,2MK,,,"Aug 19, 2022",,USA,"Brian Jessel BMW, Vancouver, CA",,,,,,,,
300 - Alpine White,F97,LKDA - Sakhir Orange Extended Merino Leather,2023,5YM13EC02P9N71037,,9N71037,2MK,,,"Aug 19, 2022",,USA,"BMW Markham, Markham, CA",,,,,,,,
C4P - Brooklyn Grey Metallic,F97,LKDA - Sakhir Orange Extended Merino Leather,2023,5YM13EC02P9N71992,,9N71992,2MK,,,"Aug 20, 2022",,USA,"BMW Montreal Centre, Montreal, CA",,,,,,,,
C1K - Marina Bay Blue Metallic,F97,LKHV - Adelaide Grey Extended Merino Leather,2023,5YM13EC02P9N72088,,9N72088,2MK,,,"Aug 20, 2022",,USA,"BMW of Fort Wayne, Fort Wayne, US",,,,,,,,
C4P - Brooklyn Grey Metallic,F97,LKSW - Black Extended Merino Leather,2023,5YM13EC07P9N72149,,9N72149,2MK,,,"Aug 22, 2022",,USA,"Keeler BMW, Latham, US",,,,,,,,
A90 - Dark Graphite Metallic,F97,VATQ - BMW Individual Tartufo Extended Merino Leather,2023,5YM13EC07P9N72460,,9N72460,2MK,,,"Aug 22, 2022",,USA,"BMW of North Haven, North Haven, US",,,,,,,,
C4P - Brooklyn Grey Metallic,F97,LKSW - Black Extended Merino Leather,2023,5YM13EC02P9N73791,,9N73791,2MK,,,"Aug 23, 2022",,USA,"BMW Encinitas, Encinitas, US",,,,,,,,
C1K - Marina Bay Blue Metallic,F97,LKSW - Black Extended Merino Leather,2023,5YM13EC05P9N74014,,9N74014,2MK,,,"Aug 23, 2022",,USA,"Fields BMW, Winter Park, US",,,,,,,,
C4P - Brooklyn Grey Metallic,F97,LKHV - Adelaide Grey Extended Merino Leather,2023,5YM13EC06P9N74233,,9N74233,2MK,,,"Aug 23, 2022",,USA,"BMW of Vista, Vista, US",,,,,,,,
C4P - Brooklyn Grey Metallic,F97,LKSW - Black Extended Merino Leather,2023,5YM13EC00P9N75183,,9N75183,2MK,,,"Aug 24, 2022",,USA,"BMW of Bellevue, Bellevue, US",,,,,,,,
C4P - Brooklyn Grey Metallic,F97,LKDA - Sakhir Orange Extended Merino Leather,2023,5YM13EC06P9N75334,,9N75334,2MK,,,"Aug 24, 2022",,USA,"Steve Thomas BMW, Camarillo, US",,,,,,,,
475 - Black Sapphire Metallic,F97,LKSW - Black Extended Merino Leather,2023,5YM13EC06P9N75592,,9N75592,2MK,,,"Aug 24, 2022",,USA,"Burdick BMW, Cicero, US",,,,,,,,
C1K - Marina Bay Blue Metallic,F97,LKDA - Sakhir Orange Extended Merino Leather,2023,5YM13EC05P9N75776,,9N75776,2MK,,,"Aug 24, 2022",,USA,"Patrick BMW, Schaumburg, US",,,,,,,,
416 - Carbon Black Metallic,F97,VATQ - BMW Individual Tartufo Extended Merino Leather,2023,5YM13EC01P9N76150,,9N76150,2MK,,,"Aug 25, 2022",,USA,"Wyoming Valley BMW, Plains, US",,,,,,,,
C1K - Marina Bay Blue Metallic,F97,LKSW - Black Extended Merino Leather,2023,5YM13EC07P9N77657,,9N77657,2MK,,,"Aug 25, 2022",,USA,"Auto West BMW, Richmond, CA",,,,,,,,
A90 - Dark Graphite Metallic,F97,LKSW - Black Extended Merino Leather,2023,5YM13EC01P9N78044,,9N78044,2MK,,,"Aug 26, 2022",,USA,"Bavaria BMW, Edmonton, CA",,,,,,,,
C1K - Marina Bay Blue Metallic,F97,LKDA - Sakhir Orange Extended Merino Leather,2023,5YM13EC06P9N78203,,9N78203,2MK,,,"Aug 26, 2022",,USA,"BMW of West Springfield, West Springfield, US",,,,,,,,
C4P - Brooklyn Grey Metallic,F97,HDJA - Black/Midrand Beige Two-Tone Merino Leather / Alcantara,2023,5YM13EC07P9N78243,,9N78243,2MK,,,"Aug 26, 2022",,USA,"A & L BMW, Monroeville, US",,,,,,,,
C4P - Brooklyn Grey Metallic,F97,LKHV - Adelaide Grey Extended Merino Leather,2023,5YM13EC01P9N78299,,9N78299,2MK,,,"Aug 26, 2022",,USA,"*Closed 3-Jan-23* BMW of Oyster Bay, Oyster Bay, US",,,,,,,,
C4P - Brooklyn Grey Metallic,F97,VATQ - BMW Individual Tartufo Extended Merino Leather,2023,5YM13EC00P9N79413,,9N79413,2MK,,,"Aug 26, 2022",,USA,"BMW Concord, Concord, US",,,,,,,,
A90 - Dark Graphite Metallic,F97,LKSW - Black Extended Merino Leather,2023,5YM13EC01P9N79646,,9N79646,2MK,,,"Aug 27, 2022",,USA,"Calgary BMW, Calgary, CA",,,,,,,,
C4P - Brooklyn Grey Metallic,F97,VATQ - BMW Individual Tartufo Extended Merino Leather,2023,5YM13EC00P9N80853,,9N80853,2MK,,,"Aug 29, 2022",,USA,"BMW of Grapevine, Grapevine, US",,,,,,,,
C4H - Sao Paulo Yellow,F97,LKSW - Black Extended Merino Leather,2023,5YM13EC07P9N80901,,9N80901,2MK,,,"Aug 29, 2022",,USA,"Sandia BMW/MINI, Albuquerque, US",,,,,,,,
300 - Alpine White,F97,LKDA - Sakhir Orange Extended Merino Leather,2023,5YM13EC02P9N80935,,9N80935,2MK,,,"Aug 29, 2022",,USA,"BMW of El Paso, El Paso, US",,,,,,,,
C4P - Brooklyn Grey Metallic,F97,HDJA - Black/Midrand Beige Two-Tone Merino Leather / Alcantara,2023,5YM13EC05P9N80993,,9N80993,2MK,,,"Aug 29, 2022",,USA,"Ferman BMW/Ferman MINI of Tampa Bay, Palm Harbor, US",,,,,,,,
300 - Alpine White,F97,LKSW - Black Extended Merino Leather,2023,5YM13EC0XP9N81380,,9N81380,2MK,,,"Aug 29, 2022",,USA,"Schomp BMW of Highlands Ranch, Highlands Ranch, US",,,,,,,,
381 - IND. Le Mans Blue Metallic,F97,HDJA - Black/Midrand Beige Two-Tone Merino Leather / Alcantara,2023,5YM13EC04P9N82525,,9N82525,2MK,,,"Oct 13, 2022",,USA,"Ohio Auto Auction, Grove City, US",,,,,,,,
A90 - Dark Graphite Metallic,F97,LKSW - Black Extended Merino Leather,2023,5YM13EC00P9N84109,,9N84109,2MK,,,"Aug 30, 2022",,USA,"BMW of Anchorage, Anchorage, US",,,,,,,,
475 - Black Sapphire Metallic,F97,LKHV - Adelaide Grey Extended Merino Leather,2023,5YM13EC0XP9N84490,,9N84490,2MK,,,"Aug 30, 2022",,USA,"Circle BMW, Eatontown, US",,,,,,,,
C3G - Toronto Red Metallic,F97,MAH7 - Black Vernasca Leather,2023,5YM13EC03P9N84587,,9N84587,2MK,,,"Aug 30, 2022",,USA,"Otto's BMW, West Chester, US",,,,,,,,
C1K - Marina Bay Blue Metallic,F97,LKSW - Black Extended Merino Leather,2023,5YM13EC02P9N86203,,9N86203,2MK,,,"Aug 31, 2022",,USA,"BMW of Sudbury, Sudbury, US",,,,,,,,
C1K - Marina Bay Blue Metallic,F97,LKDA - Sakhir Orange Extended Merino Leather,2023,5YM13EC01P9N86256,,9N86256,2MK,,,"Aug 31, 2022",,USA,"Motorwerks BMW, Bloomington, US",,,,,,,,
381 - IND. Le Mans Blue Metallic,F97,LKDA - Sakhir Orange Extended Merino Leather,2023,5YM13EC04P9N86476,,9N86476,2MK,,,"Aug 31, 2022",,USA,"BMW of San Diego, San Diego, US",,,,,,,,
475 - Black Sapphire Metallic,F97,LKDA - Sakhir Orange Extended Merino Leather,2023,5YM13EC08P9N86562,,9N86562,2MK,,,"Aug 31, 2022",,USA,"BMW Ste-Agathe, Sainte-Agathe-des-Monts, CA",,,,,,,,
C4H - Sao Paulo Yellow,F97,LKSW - Black Extended Merino Leather,2023,5YM13EC04P9N86784,,9N86784,2MK,,,"Aug 31, 2022",,USA,"BMW of South Albany, Glenmont, US",,,,,,,,
C1K - Marina Bay Blue Metallic,F97,VATQ - BMW Individual Tartufo Extended Merino Leather,2023,5YM13EC00P9N87348,,9N87348,2MK,,,"Sep 1, 2022",,USA,"BMW Montreal Centre, Montreal, CA",,,,,,,,
C1K - Marina Bay Blue Metallic,F97,HDJA - Black/Midrand Beige Two-Tone Merino Leather / Alcantara,2023,5YM13EC00P9N89486,,9N89486,2MK,,,"Sep 2, 2022",,USA,"Budds' BMW Oakville, Oakville, CA",,,,,,,,
C4P - Brooklyn Grey Metallic,F97,LKSW - Black Extended Merino Leather,2023,5YM13EC07P9N89632,,9N89632,2MK,,,"Sep 2, 2022",,USA,"BMW of Springfield, Springfield, US",,,,,,,,
C4H - Sao Paulo Yellow,F97,LKHV - Adelaide Grey Extended Merino Leather,2023,5YM13EC04P9N90091,,9N90091,2MK,,,"Sep 6, 2022",,USA,"Schomp BMW of Highlands Ranch, Highlands Ranch, US",,,,,,,,
416 - Carbon Black Metallic,F97,VATQ - BMW Individual Tartufo Extended Merino Leather,2023,5YM13EC04P9N90155,,9N90155,2MK,,,"Sep 6, 2022",,USA,"BMW of Grapevine, Grapevine, US",,,,,,,,
475 - Black Sapphire Metallic,F97,LKSW - Black Extended Merino Leather,2023,5YM13EC00P9N90217,,9N90217,2MK,,,"Sep 6, 2022",,USA,"Perillo BMW, Inc., Chicago, US",,,,,,,,
C4P - Brooklyn Grey Metallic,F97,LKDA - Sakhir Orange Extended Merino Leather,2023,5YM13EC01P9N90419,,9N90419,2MK,,,"Sep 6, 2022",,USA,"BMW Aurora, Aurora, CA",,,,,,,,
C4P - Brooklyn Grey Metallic,F97,LKDA - Sakhir Orange Extended Merino Leather,2023,5YM13EC08P9N91647,,9N91647,2MK,,,"Sep 7, 2022",,USA,"New Country BMW, Hartford, US",,,,,,,,
C4P - Brooklyn Grey Metallic,F97,VATQ - BMW Individual Tartufo Extended Merino Leather,2023,5YM13EC05P9N91895,,9N91895,2MK,,,"Sep 7, 2022",,USA,"AH Euler Kaiserslautern GmbH, Kaiserslautern, DE",,,,,,,,
C1K - Marina Bay Blue Metallic,F97,HDJA - Black/Midrand Beige Two-Tone Merino Leather / Alcantara,2023,5YM13EC00P9N92078,,9N92078,2MK,,,"Sep 8, 2022",,USA,"BMW Markham, Markham, CA",,,,,,,,
475 - Black Sapphire Metallic,F97,LKSW - Black Extended Merino Leather,2023,5YM13EC05P9N92108,,9N92108,2MK,,,"Sep 8, 2022",,USA,"Parkview BMW, North York, CA",,,,,,,,
A90 - Dark Graphite Metallic,F97,LKDA - Sakhir Orange Extended Merino Leather,2023,5YM13EC00P9N93831,,9N93831,2MK,,,"Sep 8, 2022",,USA,"BMW Performance Center (SC), Greer, US",,,,,,,,
C4P - Brooklyn Grey Metallic,F97,LKSW - Black Extended Merino Leather,2023,5YM13EC04P9N94125,,9N94125,2MK,,,"Sep 9, 2022",,USA,"Orange County BMW, Harriman, US",,,,,,,,
C1K - Marina Bay Blue Metallic,F97,VATQ - BMW Individual Tartufo Extended Merino Leather,2023,5YM13EC06P9N94255,,9N94255,2MK,,,"Sep 9, 2022",,USA,"BMW of the Main Line, Bala Cynwyd, US",,,,,,,,
C4P - Brooklyn Grey Metallic,F97,LKDA - Sakhir Orange Extended Merino Leather,2023,5YM13EC00P9N94381,,9N94381,2MK,,,"Sep 9, 2022",,USA,"Hendrick BMW, Charlotte, US",,,,,,,,
A90 - Dark Graphite Metallic,F97,LKDA - Sakhir Orange Extended Merino Leather,2023,5YM13EC01P9N94471,,9N94471,2MK,,,"Sep 9, 2022",,USA,"BMW of Denver Downtown, Denver, US",,,,,,,,
C4P - Brooklyn Grey Metallic,F97,VATQ - BMW Individual Tartufo Extended Merino Leather,2023,5YM13EC00P9N94672,,9N94672,2MK,,,"Sep 12, 2022",,USA,"BMW of Ramsey, Ramsey, US",,,,,,,,
C4P - Brooklyn Grey Metallic,F97,LKDA - Sakhir Orange Extended Merino Leather,2023,5YM13EC08P9N96511,,9N96511,2MK,,,"Sep 13, 2022",,USA,"Baron BMW/MINI, Merriam, US",,,,,,,,
475 - Black Sapphire Metallic,F97,LKDA - Sakhir Orange Extended Merino Leather,2023,5YM13EC02P9N96603,,9N96603,2MK,,,"Sep 13, 2022",,USA,"BMW of Des Moines, Urbandale, US",,,,,,,,
475 - Black Sapphire Metallic,F97,LKSW - Black Extended Merino Leather,2023,5YM13EC02P9N96682,,9N96682,2MK,,,"Sep 13, 2022",,USA,"Flemington BMW, Flemington, US",,,,,,,,
C4P - Brooklyn Grey Metallic,F97,LKDA - Sakhir Orange Extended Merino Leather,2023,5YM13EC08P9N97805,,9N97805,2MK,,,"Sep 13, 2022",,USA,"Maranello BMW, Vaughan, CA",,,,,,,,
C4P - Brooklyn Grey Metallic,F97,LKSW - Black Extended Merino Leather,2023,5YM13EC06P9N97947,,9N97947,2MK,,,"Sep 14, 2022",,USA,"BMW of West Springfield, West Springfield, US",,,,,,,,
300 - Alpine White,F97,LKDA - Sakhir Orange Extended Merino Leather,2023,5YM13EC09P9P00391,,9P00391,2MK,,,"Sep 15, 2022",,USA,"Don Jacobs BMW, Lexington, US",,,,,,,,
C1K - Marina Bay Blue Metallic,F97,LKSW - Black Extended Merino Leather,2023,5YM13EC04P9P00718,,9P00718,2MK,,,"Sep 15, 2022",,USA,"BMW Levis, Levis, CA",,,,,,,,
C4P - Brooklyn Grey Metallic,F97,LKDA - Sakhir Orange Extended Merino Leather,2023,5YM13EC03P9P00757,,9P00757,2MK,,,"Sep 15, 2022",,USA,"Georgian BMW, Barrie, CA",,,,,,,,
475 - Black Sapphire Metallic,F97,HDJA - Black/Midrand Beige Two-Tone Merino Leather / Alcantara,2023,5YM13EC08P9P00995,,9P00995,2MK,,,"Sep 15, 2022",,USA,"BMW Ville de Quebec, Quebec City, CA",,,,,,,,
300 - Alpine White,F97,HDJA - Black/Midrand Beige Two-Tone Merino Leather / Alcantara,2023,5YM13EC07P9P03869,,9P03869,2MK,,,"Sep 16, 2022",,USA,"BMW of Omaha/MINI of Omaha, Omaha, US",,,,,,,,
300 - Alpine White,F97,LKSW - Black Extended Merino Leather,2023,5YM13EC02P9P04024,,9P04024,2MK,,,"Sep 19, 2022",,USA,"Pfaff BMW, Mississauga, CA",,,,,,,,
475 - Black Sapphire Metallic,F97,LKDA - Sakhir Orange Extended Merino Leather,2023,5YM13EC02P9P04184,,9P04184,2MK,,,"Sep 20, 2022",,USA,"BMW Ville de Quebec, Quebec City, CA",,,,,,,,
300 - Alpine White,F97,LKSW - Black Extended Merino Leather,2023,5YM13EC09P9P04246,,9P04246,2MK,,,"Sep 20, 2022",,USA,"Coggin BMW Treasure Coast, Fort Pierce, US",,,,,,,,
C1K - Marina Bay Blue Metallic,F97,VATQ - BMW Individual Tartufo Extended Merino Leather,2023,5YM13EC04P9P05384,,9P05384,2MK,,,"Sep 20, 2022",,USA,"Herb Chambers BMW, Charlestown, US",,,,,,,,
C4P - Brooklyn Grey Metallic,F97,LKDA - Sakhir Orange Extended Merino Leather,2023,5YM13EC03P9P05506,,9P05506,2MK,,,"Sep 20, 2022",,USA,"BMW of Reading, Reading, US",,,,,,,,
C4P - Brooklyn Grey Metallic,F97,LKDA - Sakhir Orange Extended Merino Leather,2023,5YM13EC02P9P05951,,9P05951,2MK,,,"Sep 21, 2022",,USA,"BMW Laval, Laval, CA",,,,,,,,
C1K - Marina Bay Blue Metallic,F97,LKDA - Sakhir Orange Extended Merino Leather,2023,5YM13EC00P9P09027,,9P09027,2MK,,,"Sep 22, 2022",,USA,"BMW of Tenafly, Tenafly, US",,,,,,,,
A90 - Dark Graphite Metallic,F97,VATQ - BMW Individual Tartufo Extended Merino Leather,2023,5YM13EC08P9P09115,,9P09115,2MK,,,"Sep 22, 2022",,USA,"BMW Tucson, Tucson, US",,,,,,,,
C1K - Marina Bay Blue Metallic,F97,VATQ - BMW Individual Tartufo Extended Merino Leather,2023,5YM13EC02P9P09174,,9P09174,2MK,,,"Sep 22, 2022",,USA,"BMW of Alexandria, Alexandria, US",,,,,,,,
C4P - Brooklyn Grey Metallic,F97,LKDA - Sakhir Orange Extended Merino Leather,2023,5YM13EC09P9P09270,,9P09270,2MK,,,"Sep 23, 2022",,USA,"Nalley BMW of Decatur, Decatur, US",,,,,,,,
C4P - Brooklyn Grey Metallic,F97,LKDA - Sakhir Orange Extended Merino Leather,2023,5YM13EC05P9P09363,,9P09363,2MK,,,"Sep 25, 2022",,USA,"BMW of Loveland, Loveland, US",,,,,,,,
475 - Black Sapphire Metallic,F97,LKDA - Sakhir Orange Extended Merino Leather,2023,5YM13EC04P9P09452,,9P09452,2MK,,,"Sep 25, 2022",,USA,"BMW of Owings Mills, Owings Mills, US",,,,,,,,
C4P - Brooklyn Grey Metallic,F97,LKSW - Black Extended Merino Leather,2023,5YM13EC09P9P11892,,9P11892,2MK,,,"Sep 27, 2022",,USA,"BMW Durham, Ajax, CA",,,,,,,,
416 - Carbon Black Metallic,F97,LKSW - Black Extended Merino Leather,2023,5YM13EC06P9P14457,,9P14457,2MK,,,"Sep 28, 2022",,USA,"Fields BMW, Northfield, US",,,,,,,,
A90 - Dark Graphite Metallic,F97,LKSW - Black Extended Merino Leather,2023,5YM13EC08P9P14850,,9P14850,2MK,,,"Sep 29, 2022",,USA,"Jackie Cooper Imports/MINI, Edmond, US",,,,,,,,
C1K - Marina Bay Blue Metallic,F97,LKSW - Black Extended Merino Leather,2023,5YM13EC08P9P15979,,9P15979,2MK,,,"Sep 29, 2022",,USA,"East Bay BMW, Pleasanton, US",,,,,,,,
475 - Black Sapphire Metallic,F97,LKSW - Black Extended Merino Leather,2023,5YM13EC07P9P16153,,9P16153,2MK,,,"Sep 29, 2022",,USA,"Chapman BMW, Chandler, US",,,,,,,,
300 - Alpine White,F97,LKHV - Adelaide Grey Extended Merino Leather,2023,5YM13EC0XP9P18057,,9P18057,2MK,,,"Sep 30, 2022",,USA,"BMW Tucson, Tucson, US",,,,,,,,
C1K - Marina Bay Blue Metallic,F97,HDJA - Black/Midrand Beige Two-Tone Merino Leather / Alcantara,2023,5YM13EC00P9P18097,,9P18097,2MK,,,"Sep 30, 2022",,USA,"Gebhardt BMW, Boulder, US",,,,,,,,
300 - Alpine White,F97,LKHV - Adelaide Grey Extended Merino Leather,2023,5YM13EC05P9P18161,,9P18161,2MK,,,"Oct 2, 2022",,USA,"Germain BMW of Naples, Naples, US",,,,,,,,
A90 - Dark Graphite Metallic,F97,LKSW - Black Extended Merino Leather,2023,5YM13EC06P9P20761,,9P20761,2MK,,,"Nov 21, 2022",,USA,"United BMW, Alpharetta, US",,,,,,,,
C4P - Brooklyn Grey Metallic,F97,LKHV - Adelaide Grey Extended Merino Leather,2023,5YM13EC09P9P21774,,9P21774,2MK,,,"Oct 3, 2022",,USA,"BMW Encinitas, Encinitas, US",,,,,,,,
C4P - Brooklyn Grey Metallic,F97,LKDA - Sakhir Orange Extended Merino Leather,2023,5YM13EC00P9P21890,,9P21890,2MK,,,"Oct 3, 2022",,USA,"Grayson BMW, Knoxville, US",,,,,,,,
C3G - Toronto Red Metallic,F97,LKSW - Black Extended Merino Leather,2023,5YM13EC06P9P21957,,9P21957,2MK,,,"Oct 3, 2022",,USA,"BMW of Lancaster, Lancaster, US",,,,,,,,
C4P - Brooklyn Grey Metallic,F97,LKDA - Sakhir Orange Extended Merino Leather,2023,5YM13EC00P9P22036,,9P22036,2MK,,,"Oct 3, 2022",,USA,"BMW of Ridgefield, Ridgefield, US",,,,,,,,
C4P - Brooklyn Grey Metallic,F97,LKDA - Sakhir Orange Extended Merino Leather,2023,5YM13EC01P9P22062,,9P22062,2MK,,,"Oct 3, 2022",,USA,"Fields BMW, Winter Park, US",,,,,,,,
C1K - Marina Bay Blue Metallic,F97,LKDA - Sakhir Orange Extended Merino Leather,2023,5YM13EC07P9P22180,,9P22180,2MK,,,"Oct 3, 2022",,USA,"Valencia BMW, Valencia, US",,,,,,,,
A90 - Dark Graphite Metallic,F97,VATQ - BMW Individual Tartufo Extended Merino Leather,2023,5YM13EC08P9P23693,,9P23693,2MK,,,"Oct 4, 2022",,USA,"BMW of Morristown, Morristown, US",,,,,,,,
C3G - Toronto Red Metallic,F97,LKHV - Adelaide Grey Extended Merino Leather,2023,5YM13EC06P9P23935,,9P23935,2MK,,,"Oct 4, 2022",,USA,"BMW of Southampton, Southampton, US",,,,,,,,
475 - Black Sapphire Metallic,F97,VATQ - BMW Individual Tartufo Extended Merino Leather,2023,5YM13EC04P9P24064,,9P24064,2MK,,,"Oct 5, 2022",,USA,"Continental BMW of Darien, Darien, US",,,,,,,,
C4P - Brooklyn Grey Metallic,F97,VATQ - BMW Individual Tartufo Extended Merino Leather,2023,5YM13EC01P9P24099,,9P24099,2MK,,,"Oct 5, 2022",,USA,"BMW of Murrieta, Murrieta, US",,,,,,,,
C4P - Brooklyn Grey Metallic,F97,LKHV - Adelaide Grey Extended Merino Leather,2023,5YM13EC07P9P24124,,9P24124,2MK,,,"Oct 5, 2022",,USA,"BMW Seattle, Seattle, US",,,,,,,,
C4P - Brooklyn Grey Metallic,F97,LKSW - Black Extended Merino Leather,2023,5YM13EC06P9P24163,,9P24163,2MK,,,"Oct 5, 2022",,USA,"BMW of Denver Downtown, Denver, US",,,,,,,,
C4P - Brooklyn Grey Metallic,F97,LKDA - Sakhir Orange Extended Merino Leather,2023,5YM13EC02P9P24189,,9P24189,2MK,,,"Oct 5, 2022",,USA,"BMW North Scottsdale, Phoenix, US",,,,,,,,
416 - Carbon Black Metallic,F97,MAH7 - Black Vernasca Leather,2023,5YM13EC07P9P24219,,9P24219,2MK,,,"Oct 5, 2022",,USA,"Park Avenue BMW, Rochelle Park, US",,,,,,,,
C4P - Brooklyn Grey Metallic,F97,LKDA - Sakhir Orange Extended Merino Leather,2023,5YM13EC07P9P24284,,9P24284,2MK,,,"Oct 5, 2022",,USA,"Weatherford BMW, Berkeley, US",,,,,,,,
C4P - Brooklyn Grey Metallic,F97,LKDA - Sakhir Orange Extended Merino Leather,2023,5YM13EC06P9P24311,,9P24311,2MK,,,"Oct 5, 2022",,USA,"BMW of Bloomfield, Bloomfield, US",,,,,,,,
C3G - Toronto Red Metallic,F97,LKSW - Black Extended Merino Leather,2023,5YM13EC02P9P24385,,9P24385,2MK,,,"Oct 5, 2022",,USA,"Coggin BMW Treasure Coast, Fort Pierce, US",,,,,,,,
C4P - Brooklyn Grey Metallic,F97,LKDA - Sakhir Orange Extended Merino Leather,2023,5YM13EC00P9P24496,,9P24496,2MK,,,"Oct 5, 2022",,USA,"BMW of Monrovia, Monrovia, US",,,,,,,,
C4P - Brooklyn Grey Metallic,F97,LKDA - Sakhir Orange Extended Merino Leather,2023,5YM13EC01P9P24541,,9P24541,2MK,,,"Oct 5, 2022",,USA,"Open Road BMW, Edison, US",,,,,,,,
475 - Black Sapphire Metallic,F97,LKDA - Sakhir Orange Extended Merino Leather,2023,5YM13EC07P9P24656,,9P24656,2MK,,,"Oct 6, 2022",,USA,"BMW of Lincoln, Lincoln, US",,,,,,,,
C1K - Marina Bay Blue Metallic,F97,LKDA - Sakhir Orange Extended Merino Leather,2023,5YM13EC05P9P26308,,9P26308,2MK,,,"Oct 6, 2022",,USA,"BMW of Delray Beach, Delray Beach, US",,,,,,,,
A90 - Dark Graphite Metallic,F97,LKDA - Sakhir Orange Extended Merino Leather,2023,5YM13EC08P9P26335,,9P26335,2MK,,,"Oct 6, 2022",,USA,"BMW of Orland Park, Orland Park, US",,,,,,,,
416 - Carbon Black Metallic,F97,LKDA - Sakhir Orange Extended Merino Leather,2023,5YM13EC06P9P27743,,9P27743,2MK,,,"Oct 7, 2022",,USA,"New Century BMW, Alhambra, US",,,,,,,,
416 - Carbon Black Metallic,F97,MAH7 - Black Vernasca Leather,2023,5YM13EC09P9P27932,,9P27932,2MK,,,"Oct 7, 2022",,USA,"BMW of Silver Spring, Silver Spring, US",,,,,,,,
475 - Black Sapphire Metallic,F97,LKSW - Black Extended Merino Leather,2023,5YM13EC09P9P27963,,9P27963,2MK,,,"Oct 7, 2022",,USA,"BMW Performance Center (SC), Greer, US",,,,,,,,
A90 - Dark Graphite Metallic,F97,LKDA - Sakhir Orange Extended Merino Leather,2023,5YM13EC05P9P28009,,9P28009,2MK,,,"Oct 7, 2022",,USA,"BMW of San Diego, San Diego, US",,,,,,,,
312 - IND. British Racing Green Metallic,F97,HDJA - Black/Midrand Beige Two-Tone Merino Leather / Alcantara,2023,5YM13EC09P9P29051,,9P29051,2MK,,,"Oct 7, 2022",,USA,"Autobahn Motorcars, Fort Worth, US",,,,,,,,
C1K - Marina Bay Blue Metallic,F97,LKHV - Adelaide Grey Extended Merino Leather,2023,5YM13EC02P9P29103,,9P29103,2MK,,,"Oct 9, 2022",,USA,"Towne BMW, Williamsville, US",,,,,,,,
C4P - Brooklyn Grey Metallic,F97,LKDA - Sakhir Orange Extended Merino Leather,2023,5YM13EC03P9P29143,,9P29143,2MK,,,"Oct 9, 2022",,USA,"*Closed 3-Jan-23* BMW of Oyster Bay, Oyster Bay, US",,,,,,,,
300 - Alpine White,F97,VATQ - BMW Individual Tartufo Extended Merino Leather,2023,5YM13EC08P9P29347,,9P29347,2MK,,,"Oct 10, 2022",,USA,"BMW of Tigard, Tigard, US",,,,,,,,
475 - Black Sapphire Metallic,F97,LKSW - Black Extended Merino Leather,2023,5YM13EC01P9P29609,,9P29609,2MK,,,"Oct 10, 2022",,USA,"BMW of The Woodlands, The Woodlands, US",,,,,,,,
A90 - Dark Graphite Metallic,F97,LKDA - Sakhir Orange Extended Merino Leather,2023,5YM13EC0XP9P31388,,9P31388,2MK,,,"Oct 10, 2022",,USA,"BMW Performance Center (SC), Greer, US",,,,,,,,
416 - Carbon Black Metallic,F97,HDJA - Black/Midrand Beige Two-Tone Merino Leather / Alcantara,2023,5YM13EC04P9P31547,,9P31547,2MK,,,"Oct 11, 2022",,USA,"BMW of Spokane, Spokane, US",,,,,,,,
475 - Black Sapphire Metallic,F97,LKSW - Black Extended Merino Leather,2023,5YM13EC02P9P31577,,9P31577,2MK,,,"Oct 11, 2022",,USA,"BMW Seattle, Seattle, US",,,,,,,,
416 - Carbon Black Metallic,F97,VATQ - BMW Individual Tartufo Extended Merino Leather,2023,5YM13EC01P9P31876,,9P31876,2MK,,,"Oct 11, 2022",,USA,"BMW of Dallas/MINI of Dallas, Dallas, US",,,,,,,,
C1K - Marina Bay Blue Metallic,F97,LKSW - Black Extended Merino Leather,2023,5YM13EC09P9P32256,,9P32256,2MK,,,"Oct 12, 2022",,USA,"Passport BMW, Suitland, US",,,,,,,,
C1K - Marina Bay Blue Metallic,F97,VATQ - BMW Individual Tartufo Extended Merino Leather,2023,5YM13EC02P9P32311,,9P32311,2MK,,,"Oct 12, 2022",,USA,"BMW of San Rafael, San Rafael, US",,,,,,,,
C4P - Brooklyn Grey Metallic,F97,LKSW - Black Extended Merino Leather,2023,5YM13EC09P9P32385,,9P32385,2MK,,,"Oct 12, 2022",,USA,"BMW of Fort Lauderdale, Fort Lauderdale, US",,,,,,,,
C4P - Brooklyn Grey Metallic,F97,VATQ - BMW Individual Tartufo Extended Merino Leather,2023,5YM13EC04P9P32410,,9P32410,2MK,,,"Oct 12, 2022",,USA,"BMW of Meridian, Meridian, US",,,,,,,,
C1K - Marina Bay Blue Metallic,F97,LKSW - Black Extended Merino Leather,2023,5YM13EC05P9P33937,,9P33937,2MK,,,"Oct 12, 2022",,USA,"Bill Jacobs BMW/MINI, Naperville, US",,,,,,,,
C3G - Toronto Red Metallic,F97,VATQ - BMW Individual Tartufo Extended Merino Leather,2023,5YM13EC01P9P34051,,9P34051,2MK,,,"Oct 13, 2022",,USA,"BMW North Scottsdale, Phoenix, US",,,,,,,,
A90 - Dark Graphite Metallic,F97,LKHV - Adelaide Grey Extended Merino Leather,2023,5YM13EC09P9P34301,,9P34301,2MK,,,"Oct 13, 2022",,USA,"Niederlassung Stuttgart, Stuttgart, DE",,,,,,,,
C4P - Brooklyn Grey Metallic,F97,VATQ - BMW Individual Tartufo Extended Merino Leather,2023,5YM13EC02P9P34396,,9P34396,2MK,,,"Oct 13, 2022",,USA,"Tulley BMW, Nashua, US",,,,,,,,
300 - Alpine White,F97,LKSW - Black Extended Merino Leather,2023,5YM13EC02P9P35757,,9P35757,2MK,,,"Oct 13, 2022",,USA,"Park Place BMW, Rochester, US",,,,,,,,
P5T - IND. Frozen Marina Bay Blue Metallic Matte,F97,LKDA - Sakhir Orange Extended Merino Leather,2023,5YM13EC05P9P36093,,9P36093,2MK,,,"Oct 14, 2022",,USA,"Rallye BMW, Westbury, US",,,,,,,,
C4P - Brooklyn Grey Metallic,F97,LKHV - Adelaide Grey Extended Merino Leather,2023,5YM13EC00P9P36325,,9P36325,2MK,,,"Oct 14, 2022",,USA,"BMW of Plano, Plano, US",,,,,,,,
C3G - Toronto Red Metallic,F97,LKSW - Black Extended Merino Leather,2023,5YM13EC06P9P37317,,9P37317,2MK,,,"Oct 16, 2022",,USA,"Hamel BMW, Blainville, CA",,,,,,,,
C4H - Sao Paulo Yellow,F97,LKSW - Black Extended Merino Leather,2023,5YM13EC00P9P37359,,9P37359,2MK,,,"Oct 16, 2022",,USA,"BMW Encinitas, Encinitas, US",,,,,,,,
416 - Carbon Black Metallic,F97,VATQ - BMW Individual Tartufo Extended Merino Leather,2023,5YM13EC05P9P37518,,9P37518,2MK,,,"Oct 17, 2022",,USA,"BMW Toronto, Toronto, CA",,,,,,,,
300 - Alpine White,F97,LKSW - Black Extended Merino Leather,2023,5YM13EC04P9P37851,,9P37851,2MK,,,"Oct 17, 2022",,USA,"BMW of Loveland, Loveland, US",,,,,,,,
300 - Alpine White,F97,VATQ - BMW Individual Tartufo Extended Merino Leather,2023,5YM13EC09P9P39529,,9P39529,2MK,,,"Oct 17, 2022",,USA,"Winslow BMW of Colorado Springs, Colorado Springs, US",,,,,,,,
300 - Alpine White,F97,LKDA - Sakhir Orange Extended Merino Leather,2023,5YM13EC04P9P39888,,9P39888,2MK,,,"Oct 18, 2022",,USA,"BMW Encinitas, Encinitas, US",,,,,,,,
300 - Alpine White,F97,LKDA - Sakhir Orange Extended Merino Leather,2023,5YM13EC08P9P39912,,9P39912,2MK,,,"Oct 18, 2022",,USA,"BMW of Roseville, Roseville, US",,,,,,,,
300 - Alpine White,F97,LKSW - Black Extended Merino Leather,2023,5YM13EC02P9P40134,,9P40134,2MK,,,"Oct 18, 2022",,USA,"BMW of Lubbock, San Antonio, US",,,,,,,,
300 - Alpine White,F97,LKSW - Black Extended Merino Leather,2023,5YM13EC08P9P40395,,9P40395,2MK,,,"Oct 19, 2022",,USA,"Autobahn Motorcars, Fort Worth, US",,,,,,,,
300 - Alpine White,F97,LKSW - Black Extended Merino Leather,2023,5YM13EC01P9P40481,,9P40481,2MK,,,"Oct 19, 2022",,USA,"Irvine BMW, Irvine, US",,,,,,,,
C4P - Brooklyn Grey Metallic,F97,LKDA - Sakhir Orange Extended Merino Leather,2023,5YM13EC03P9P40580,,9P40580,2MK,,,"Oct 19, 2022",,USA,"BMW of Southpoint, Durham, US",,,,,,,,
C4P - Brooklyn Grey Metallic,F97,LKDA - Sakhir Orange Extended Merino Leather,2023,5YM13EC04P9P42127,,9P42127,2MK,,,"Oct 19, 2022",,USA,"Bob Smith BMW, Calabasas, US",,,,,,,,
300 - Alpine White,F97,LKSW - Black Extended Merino Leather,2023,5YM13EC05P9P42251,,9P42251,2MK,,,"Oct 19, 2022",,USA,"Crevier BMW, Santa Ana, US",,,,,,,,
C3G - Toronto Red Metallic,F97,LKSW - Black Extended Merino Leather,2023,5YM13EC0XP9P42312,,9P42312,2MK,,,"Oct 20, 2022",,USA,"AH Euler Kaiserslautern GmbH, Kaiserslautern, DE",,,,,,,,
C4P - Brooklyn Grey Metallic,F97,LKSW - Black Extended Merino Leather,2023,5YM13EC06P9P42386,,9P42386,2MK,,,"Oct 20, 2022",,USA,"BMW of Honolulu, Honolulu, US",,,,,,,,
C4P - Brooklyn Grey Metallic,F97,LKDA - Sakhir Orange Extended Merino Leather,2023,5YM13EC04P9P42466,,9P42466,2MK,,,"Oct 20, 2022",,USA,"BMW of Minnetonka, Minnetonka, US",,,,,,,,
C4H - Sao Paulo Yellow,F97,LKSW - Black Extended Merino Leather,2023,5YM13EC08P9P42566,,9P42566,2MK,,,"Oct 20, 2022",,USA,"Bavarian Motor Cars GmbH, Würzburg, DE",,,,,,,,
C4P - Brooklyn Grey Metallic,F97,LKDA - Sakhir Orange Extended Merino Leather,2023,5YM13EC06P9P42601,,9P42601,2MK,,,"Oct 20, 2022",,USA,"South Bay BMW, Torrance, US",,,,,,,,
A90 - Dark Graphite Metallic,F97,LKSW - Black Extended Merino Leather,2023,5YM13EC01P9P44062,,9P44062,2MK,,,"Oct 20, 2022",,USA,"BMW Seattle, Seattle, US",,,,,,,,
475 - Black Sapphire Metallic,F97,LKDA - Sakhir Orange Extended Merino Leather,2023,5YM13EC05P9P44520,,9P44520,2MK,,,"Oct 21, 2022",,USA,"Century West BMW, North Hollywood, US",,,,,,,,
300 - Alpine White,F97,LKDA - Sakhir Orange Extended Merino Leather,2023,5YM13EC0XP9P45565,,9P45565,2MK,,,"Oct 23, 2022",,USA,"BMW of Manhasset, Manhasset, US",,,,,,,,
416 - Carbon Black Metallic,F97,HDJA - Black/Midrand Beige Two-Tone Merino Leather / Alcantara,2023,5YM13EC09P9P45704,,9P45704,2MK,,,"Oct 23, 2022",,USA,"BMW London, London, CA",,,,,,,,
C1K - Marina Bay Blue Metallic,F97,HDJA - Black/Midrand Beige Two-Tone Merino Leather / Alcantara,2023,5YM13EC09P9P45864,,9P45864,2MK,,,"Oct 24, 2022",,USA,"Elite BMW, Ottawa, CA",,,,,,,,
475 - Black Sapphire Metallic,F97,LKDA - Sakhir Orange Extended Merino Leather,2023,5YM13EC05P9P46008,,9P46008,2MK,,,"Oct 24, 2022",,USA,"Calgary BMW, Calgary, CA",,,,,,,,
C4P - Brooklyn Grey Metallic,F97,LKSW - Black Extended Merino Leather,2023,5YM13EC05P9P46851,,9P46851,2MK,,,"Oct 24, 2022",,USA,"Steve Thomas BMW, Camarillo, US",,,,,,,,
C1K - Marina Bay Blue Metallic,F97,HDJA - Black/Midrand Beige Two-Tone Merino Leather / Alcantara,2023,5YM13EC04P9P47084,,9P47084,2MK,,,"Oct 24, 2022",,USA,"Policaro BMW, Brampton, CA",,,,,,,,
C4P - Brooklyn Grey Metallic,F97,HDJA - Black/Midrand Beige Two-Tone Merino Leather / Alcantara,2023,5YM13EC01P9P47320,,9P47320,2MK,,,"Oct 25, 2022",,USA,"BMW of Westbrook, Westbrook, US",,,,,,,,
C1K - Marina Bay Blue Metallic,F97,LKHV - Adelaide Grey Extended Merino Leather,2023,5YM13EC00P9P47356,,9P47356,2MK,,,"Oct 25, 2022",,USA,"BMW Durham, Ajax, CA",,,,,,,,
C4P - Brooklyn Grey Metallic,F97,LKSW - Black Extended Merino Leather,2023,5YM13EC08P9P48514,,9P48514,2MK,,,"Oct 25, 2022",,USA,"Sterling BMW, Newport Beach, US",,,,,,,,
C4H - Sao Paulo Yellow,F97,LKSW - Black Extended Merino Leather,2023,5YM13EC04P9P48641,,9P48641,2MK,,,"Oct 25, 2022",,USA,"BMW of Fort Lauderdale, Fort Lauderdale, US",,,,,,,,
C4H - Sao Paulo Yellow,F97,LKDA - Sakhir Orange Extended Merino Leather,2023,5YM13EC06P9P48771,,9P48771,2MK,,,"Oct 26, 2022",,USA,"BMW Regina, Regina, CA",,,,,,,,
C4P - Brooklyn Grey Metallic,F97,LKDA - Sakhir Orange Extended Merino Leather,2023,5YM13EC02P9P48847,,9P48847,2MK,,,"Oct 26, 2022",,USA,"BMW of San Diego, San Diego, US",,,,,,,,
C4H - Sao Paulo Yellow,F97,LKSW - Black Extended Merino Leather,2023,5YM13EC01P9P51691,,9P51691,2MK,,,"Oct 26, 2022",,USA,"Performance BMW, St. Catharines, CA",,,,,,,,
C4P - Brooklyn Grey Metallic,F97,LKSW - Black Extended Merino Leather,2023,5YM13EC02P9P51926,,9P51926,2MK,,,"Oct 26, 2022",,USA,"Rusnak BMW, Thousand Oaks, US",,,,,,,,
300 - Alpine White,F97,LKDA - Sakhir Orange Extended Merino Leather,2023,5YM13EC03P9P52339,,9P52339,2MK,,,"Oct 27, 2022",,USA,"BMW of Greenwich, Greenwich, US",,,,,,,,
416 - Carbon Black Metallic,F97,LKDA - Sakhir Orange Extended Merino Leather,2023,5YM13EC04P9P52401,,9P52401,2MK,,,"Oct 27, 2022",,USA,"BMW Performance Center (SC), Greer, US",,,,,,,,
A90 - Dark Graphite Metallic,F97,LKSW - Black Extended Merino Leather,2023,5YM13EC01P9P52582,,9P52582,2MK,,,"Oct 27, 2022",,USA,"Karl Knauz Motors, Lake Bluff, US",,,,,,,,
C1K - Marina Bay Blue Metallic,F97,VATQ - BMW Individual Tartufo Extended Merino Leather,2023,5YM13EC06P9P52612,,9P52612,2MK,,,"Oct 27, 2022",,USA,"Sun Motor Cars BMW, Mechanicsburg, US",,,,,,,,
300 - Alpine White,F97,VATQ - BMW Individual Tartufo Extended Merino Leather,2023,5YM13EC09P9P52748,,9P52748,2MK,,,"Oct 28, 2022",,USA,"Schomp BMW of Highlands Ranch, Highlands Ranch, US",,,,,,,,
300 - Alpine White,F97,VATQ - BMW Individual Tartufo Extended Merino Leather,2023,5YM13EC01P9P52775,,9P52775,2MK,,,"Oct 28, 2022",,USA,"BMW of Murray, Murray, US",,,,,,,,
C3G - Toronto Red Metallic,F97,LKSW - Black Extended Merino Leather,2023,5YM13EC00P9P52802,,9P52802,2MK,,,"Oct 28, 2022",,USA,"Nick Alexander Imports, Los Angeles, US",,,,,,,,
300 - Alpine White,F97,LKHV - Adelaide Grey Extended Merino Leather,2023,5YM13EC01P9P52842,,9P52842,2MK,,,"Oct 28, 2022",,USA,"BMW of Westchester, White Plains, US",,,,,,,,
C1K - Marina Bay Blue Metallic,F97,LKHV - Adelaide Grey Extended Merino Leather,2023,5YM13EC03P9P52986,,9P52986,2MK,,,"Oct 28, 2022",,USA,"Karl Knauz Motors, Lake Bluff, US",,,,,,,,
C4P - Brooklyn Grey Metallic,F97,LKSW - Black Extended Merino Leather,2023,5YM13EC05P9P53038,,9P53038,2MK,,,"Oct 28, 2022",,USA,"Medford BMW, Medford, US",,,,,,,,
C4H - Sao Paulo Yellow,F97,LKHV - Adelaide Grey Extended Merino Leather,2023,5YM13EC03P9P53099,,9P53099,2MK,,,"Oct 28, 2022",,USA,"BMW of Eugene, Eugene, US",,,,,,,,
C4P - Brooklyn Grey Metallic,F97,LKDA - Sakhir Orange Extended Merino Leather,2023,5YM13EC00P9P53156,,9P53156,2MK,,,"Oct 28, 2022",,USA,"BMW of Murrieta, Murrieta, US",,,,,,,,
300 - Alpine White,F97,LKSW - Black Extended Merino Leather,2023,5YM13EC00P9P53190,,9P53190,2MK,,,"Oct 28, 2022",,USA,"BMW of San Diego, San Diego, US",,,,,,,,
475 - Black Sapphire Metallic,F97,LKDA - Sakhir Orange Extended Merino Leather,2023,5YM13EC02P9P53224,,9P53224,2MK,,,"Oct 30, 2022",,USA,"BMW of Roseville, Roseville, US",,,,,,,,
C4H - Sao Paulo Yellow,F97,LKSW - Black Extended Merino Leather,2023,5YM13EC02P9P53272,,9P53272,2MK,,,"Oct 30, 2022",,USA,"BMW Markham, Markham, CA",,,,,,,,
300 - Alpine White,F97,LKHV - Adelaide Grey Extended Merino Leather,2023,5YM13EC06P9P53310,,9P53310,2MK,,,"Oct 30, 2022",,USA,"BMW of the Main Line, Bala Cynwyd, US",,,,,,,,
475 - Black Sapphire Metallic,F97,LKDA - Sakhir Orange Extended Merino Leather,2023,5YM13EC00P9P53366,,9P53366,2MK,,,"Oct 31, 2022",,USA,"BMW Performance Center (SC), Greer, US",,,,,,,,
300 - Alpine White,F97,LKHV - Adelaide Grey Extended Merino Leather,2023,5YM13EC06P9P53436,,9P53436,2MK,,,"Oct 31, 2022",,USA,"BMW of Manhattan, New York, US",,,,,,,,
300 - Alpine White,F97,LKDA - Sakhir Orange Extended Merino Leather,2023,5YM13EC05P9P53458,,9P53458,2MK,,,"Oct 31, 2022",,USA,"Stevens Creek BMW, Santa Clara, US",,,,,,,,
300 - Alpine White,F97,LKDA - Sakhir Orange Extended Merino Leather,2023,5YM13EC08P9P53518,,9P53518,2MK,,,"Oct 31, 2022",,USA,"BMW Seattle, Seattle, US",,,,,,,,
C4H - Sao Paulo Yellow,F97,LKSW - Black Extended Merino Leather,2023,5YM13EC01P9P53568,,9P53568,2MK,,,"Oct 31, 2022",,USA,"BMW of Stratham, Stratham, US",,,,,,,,
300 - Alpine White,F97,LKSW - Black Extended Merino Leather,2023,5YM13EC08P9P53616,,9P53616,2MK,,,"Oct 31, 2022",,USA,"BMW Concord, Concord, US",,,,,,,,
C1K - Marina Bay Blue Metallic,F97,HDJA - Black/Midrand Beige Two-Tone Merino Leather / Alcantara,2023,5YM13EC02P9P53708,,9P53708,2MK,,,"Oct 31, 2022",,USA,"Ferman BMW/Ferman MINI of Tampa Bay, Palm Harbor, US",,,,,,,,
C4P - Brooklyn Grey Metallic,F97,LKDA - Sakhir Orange Extended Merino Leather,2023,5YM13EC02P9P53806,,9P53806,2MK,,,"Oct 31, 2022",,USA,"BMW of Southpoint, Durham, US",,,,,,,,
300 - Alpine White,F97,LKDA - Sakhir Orange Extended Merino Leather,2023,5YM13EC04P9P53838,,9P53838,2MK,,,"Oct 31, 2022",,USA,"BMW of Palm Springs, Palm Springs, US",,,,,,,,
A90 - Dark Graphite Metallic,F97,LKDA - Sakhir Orange Extended Merino Leather,2023,5YM13EC02P9P53868,,9P53868,2MK,,,"Oct 31, 2022",,USA,"BMW Laval, Laval, CA",,,,,,,,
A90 - Dark Graphite Metallic,F97,LKDA - Sakhir Orange Extended Merino Leather,2023,5YM13EC0XP9P54847,,9P54847,2MK,,,"Oct 31, 2022",,USA,"Braman BMW/Braman MINI of Miami, Miami, US",,,,,,,,
C4P - Brooklyn Grey Metallic,F97,LKSW - Black Extended Merino Leather,2023,5YM13EC01P9P54946,,9P54946,2MK,,,"Nov 1, 2022",,USA,"Richmond BMW, Richmond, US",,,,,,,,
C4P - Brooklyn Grey Metallic,F97,LKDA - Sakhir Orange Extended Merino Leather,2023,5YM13EC0XP9P54993,,9P54993,2MK,,,"Nov 1, 2022",,USA,"BMW of Tampa, Tampa, US",,,,,,,,
A90 - Dark Graphite Metallic,F97,LKDA - Sakhir Orange Extended Merino Leather,2023,5YM13EC0XP9P55111,,9P55111,2MK,,,"Nov 1, 2022",,USA,"BMW of Manhasset, Manhasset, US",,,,,,,,
C4P - Brooklyn Grey Metallic,F97,LKDA - Sakhir Orange Extended Merino Leather,2023,5YM13EC08P9P55141,,9P55141,2MK,,,"Nov 1, 2022",,USA,"Towne BMW, Williamsville, US",,,,,,,,
C4P - Brooklyn Grey Metallic,F97,LKSW - Black Extended Merino Leather,2023,5YM13EC09P9P55181,,9P55181,2MK,,,"Nov 1, 2022",,USA,"Fields BMW - Lakeland, Lakeland, US",,,,,,,,
C4P - Brooklyn Grey Metallic,F97,LKDA - Sakhir Orange Extended Merino Leather,2023,5YM13EC06P9P55235,,9P55235,2MK,,,"Nov 1, 2022",,USA,"Braman BMW/Braman MINI of Miami, Miami, US",,,,,,,,
C4P - Brooklyn Grey Metallic,F97,LKDA - Sakhir Orange Extended Merino Leather,2023,5YM13EC02P9P55264,,9P55264,2MK,,,"Nov 1, 2022",,USA,"BMW/MINI of Sterling, Sterling, US",,,,,,,,
C4P - Brooklyn Grey Metallic,F97,LKSW - Black Extended Merino Leather,2023,5YM13EC08P9P55303,,9P55303,2MK,,,"Nov 1, 2022",,USA,"BMW North Scottsdale, Phoenix, US",,,,,,,,
C4P - Brooklyn Grey Metallic,F97,VATQ - BMW Individual Tartufo Extended Merino Leather,2023,5YM13EC05P9P55355,,9P55355,2MK,,,"Nov 1, 2022",,USA,"BMW of Austin, Austin, US",,,,,,,,
416 - Carbon Black Metallic,F97,VATQ - BMW Individual Tartufo Extended Merino Leather,2023,5YM13EC0XP9P56257,,9P56257,2MK,,,"Nov 1, 2022",,USA,"Park Avenue BMW, Rochelle Park, US",,,,,,,,
416 - Carbon Black Metallic,F97,LKDA - Sakhir Orange Extended Merino Leather,2023,5YM13EC06P9P56403,,9P56403,2MK,,,"Nov 2, 2022",,USA,"BMW of Huntsville, Huntsville, US",,,,,,,,
300 - Alpine White,F97,LKDA - Sakhir Orange Extended Merino Leather,2023,5YM13EC00P9P56512,,9P56512,2MK,,,"Nov 2, 2022",,USA,"BMW North Scottsdale, Phoenix, US",,,,,,,,
C1K - Marina Bay Blue Metallic,F97,LKSW - Black Extended Merino Leather,2023,5YM13EC08P9P56547,,9P56547,2MK,,,"Nov 2, 2022",,USA,"BMW of El Cajon, El Cajon, US",,,,,,,,
475 - Black Sapphire Metallic,F97,LKHV - Adelaide Grey Extended Merino Leather,2023,5YM13EC07P9P56619,,9P56619,2MK,,,"Nov 2, 2022",,USA,"Competition BMW of Smithtown, Saint James, US",,,,,,,,
475 - Black Sapphire Metallic,F97,LKSW - Black Extended Merino Leather,2023,5YM13EC00P9P56641,,9P56641,2MK,,,"Nov 2, 2022",,USA,"East Bay BMW, Pleasanton, US",,,,,,,,
300 - Alpine White,F97,LKDA - Sakhir Orange Extended Merino Leather,2023,5YM13EC00P9P56672,,9P56672,2MK,,,"Nov 2, 2022",,USA,"Braman BMW/Braman MINI of Miami, Miami, US",,,,,,,,
A90 - Dark Graphite Metallic,F97,LKSW - Black Extended Merino Leather,2023,5YM13EC09P9P56704,,9P56704,2MK,,,"Nov 2, 2022",,USA,"BMW of Santa Maria, Santa Maria, US",,,,,,,,
300 - Alpine White,F97,LKDA - Sakhir Orange Extended Merino Leather,2023,5YM13EC08P9P56757,,9P56757,2MK,,,"Nov 2, 2022",,USA,"Autogermana, Inc., Hato Rey, US",,,,,,,,
416 - Carbon Black Metallic,F97,VATQ - BMW Individual Tartufo Extended Merino Leather,2023,5YM13EC01P9P56812,,9P56812,2MK,,,"Nov 2, 2022",,USA,"BMW of Traverse City, Traverse City, US",,,,,,,,
250 - IND. Macao Blue ,F97,LKSW - Black Extended Merino Leather,2023,5YM13EC0XP9P56839,,9P56839,2MK,,,"Nov 2, 2022",,USA,"Peake BMW, Kenner, US",,,,,,,,
C4P - Brooklyn Grey Metallic,F97,LKDA - Sakhir Orange Extended Merino Leather,2023,5YM13EC06P9P58233,,9P58233,2MK,,,"Nov 2, 2022",,USA,"BMW of Reading, Reading, US",,,,,,,,
300 - Alpine White,F97,LKDA - Sakhir Orange Extended Merino Leather,2023,5YM13EC03P9P58254,,9P58254,2MK,,,"Nov 2, 2022",,USA,"BMW of Lancaster, Lancaster, US",,,,,,,,
C1K - Marina Bay Blue Metallic,F97,LKDA - Sakhir Orange Extended Merino Leather,2023,5YM13EC06P9P58345,,9P58345,2MK,,,"Nov 3, 2022",,USA,"BMW of Freehold, Freehold, US",,,,,,,,
C4P - Brooklyn Grey Metallic,F97,LKDA - Sakhir Orange Extended Merino Leather,2023,5YM13EC04P9P58439,,9P58439,2MK,,,"Nov 3, 2022",,USA,"BMW of Springfield, Springfield, US",,,,,,,,
300 - Alpine White,F97,LKDA - Sakhir Orange Extended Merino Leather,2023,5YM13EC02P9P58472,,9P58472,2MK,,,"Nov 3, 2022",,USA,"Braman Motorcars/Braman MINI of Pal, West Palm Beach, US",,,,,,,,
C1K - Marina Bay Blue Metallic,F97,LKSW - Black Extended Merino Leather,2023,5YM13EC03P9P58528,,9P58528,2MK,,,"Nov 3, 2022",,USA,"Braman BMW/Braman MINI of Miami, Miami, US",,,,,,,,
C1K - Marina Bay Blue Metallic,F97,LKHV - Adelaide Grey Extended Merino Leather,2023,5YM13EC07P9P58564,,9P58564,2MK,,,"Nov 3, 2022",,USA,"Tom Bush BMW Jacksonville, Jacksonville, US",,,,,,,,
A90 - Dark Graphite Metallic,F97,LKSW - Black Extended Merino Leather,2023,5YM13EC05P9P58594,,9P58594,2MK,,,"Nov 3, 2022",,USA,"AH Euler Kaiserslautern GmbH, Kaiserslautern, DE",,,,,,,,
C4P - Brooklyn Grey Metallic,F97,LKDA - Sakhir Orange Extended Merino Leather,2023,5YM13EC02P9P58651,,9P58651,2MK,,,"Nov 3, 2022",,USA,"BMW of Temple, Temple, US",,,,,,,,
475 - Black Sapphire Metallic,F97,VATQ - BMW Individual Tartufo Extended Merino Leather,2023,5YM13EC0XP9P58672,,9P58672,2MK,,,"Nov 3, 2022",,USA,"BMW of Murray, Murray, US",,,,,,,,
300 - Alpine White,F97,LKSW - Black Extended Merino Leather,2023,5YM13EC05P9P58708,,9P58708,2MK,,,"Nov 3, 2022",,USA,"BMW of Gwinnett Place, Duluth, US",,,,,,,,
C4P - Brooklyn Grey Metallic,F97,LKDA - Sakhir Orange Extended Merino Leather,2023,5YM13EC04P9P58733,,9P58733,2MK,,,"Nov 3, 2022",,USA,"Stevens Creek BMW, Santa Clara, US",,,,,,,,
300 - Alpine White,F97,LKSW - Black Extended Merino Leather,2023,5YM13EC03P9P58769,,9P58769,2MK,,,"Nov 3, 2022",,USA,"Peterson BMW of Boise, Boise, US",,,,,,,,
475 - Black Sapphire Metallic,F97,VATQ - BMW Individual Tartufo Extended Merino Leather,2023,5YM13EC05P9P58868,,9P58868,2MK,,,"Nov 3, 2022",,USA,"BMW of Devon, Devon, US",,,,,,,,
C4P - Brooklyn Grey Metallic,F97,LKDA - Sakhir Orange Extended Merino Leather,2023,5YM13EC06P9P61374,,9P61374,2MK,,,"Nov 3, 2022",,USA,"Beverly Hills BMW, Los Angeles, US",,,,,,,,
C1K - Marina Bay Blue Metallic,F97,LKDA - Sakhir Orange Extended Merino Leather,2023,5YM13EC07P9P61464,,9P61464,2MK,,,"Nov 3, 2022",,USA,"BMW of San Diego, San Diego, US",,,,,,,,
C4P - Brooklyn Grey Metallic,F97,LKSW - Black Extended Merino Leather,2023,5YM13EC04P9P61518,,9P61518,2MK,,,"Nov 4, 2022",,USA,"Towne BMW, Williamsville, US",,,,,,,,
C4P - Brooklyn Grey Metallic,F97,LKSW - Black Extended Merino Leather,2023,5YM13EC09P9P61546,,9P61546,2MK,,,"Nov 4, 2022",,USA,"BMW of South Austin, Austin, US",,,,,,,,
A90 - Dark Graphite Metallic,F97,LKHV - Adelaide Grey Extended Merino Leather,2023,5YM13EC03P9P61607,,9P61607,2MK,,,"Nov 4, 2022",,USA,"Sterling BMW, Newport Beach, US",,,,,,,,
A90 - Dark Graphite Metallic,F97,LKHV - Adelaide Grey Extended Merino Leather,2023,5YM13EC02P9P61646,,9P61646,2MK,,,"Nov 4, 2022",,USA,"Burdick BMW, Cicero, US",,,,,,,,
475 - Black Sapphire Metallic,F97,LKDA - Sakhir Orange Extended Merino Leather,2023,5YM13EC03P9P61669,,9P61669,2MK,,,"Nov 4, 2022",,USA,"BMW of Sudbury, Sudbury, US",,,,,,,,
C1K - Marina Bay Blue Metallic,F97,LKDA - Sakhir Orange Extended Merino Leather,2023,5YM13EC0XP9P61698,,9P61698,2MK,,,"Nov 4, 2022",,USA,"Motorwerks BMW, Bloomington, US",,,,,,,,
C1K - Marina Bay Blue Metallic,F97,LKDA - Sakhir Orange Extended Merino Leather,2023,5YM13EC08P9P61814,,9P61814,2MK,,,"Nov 4, 2022",,USA,"Sewickley BMW, Sewickley, US",,,,,,,,
C4P - Brooklyn Grey Metallic,F97,VATQ - BMW Individual Tartufo Extended Merino Leather,2023,5YM13EC05P9P61866,,9P61866,2MK,,,"Nov 4, 2022",,USA,"BMW of Grapevine, Grapevine, US",,,,,,,,
A90 - Dark Graphite Metallic,F97,VATQ - BMW Individual Tartufo Extended Merino Leather,2023,5YM13EC02P9P61890,,9P61890,2MK,,,"Nov 4, 2022",,USA,"Peter Pan BMW, Burlingame, US",,,,,,,,
A90 - Dark Graphite Metallic,F97,MAH7 - Black Vernasca Leather,2023,5YM13EC01P9P61962,,9P61962,2MK,,,"Nov 6, 2022",,USA,"Irvine BMW, Irvine, US",,,,,,,,
C4P - Brooklyn Grey Metallic,F97,LKDA - Sakhir Orange Extended Merino Leather,2023,5YM13EC06P9P62024,,9P62024,2MK,,,"Nov 6, 2022",,USA,"Paul Miller BMW, Wayne, US",,,,,,,,
A90 - Dark Graphite Metallic,F97,LKSW - Black Extended Merino Leather,2023,5YM13EC01P9P62092,,9P62092,2MK,,,"Nov 7, 2022",,USA,"Motorwerks BMW, Bloomington, US",,,,,,,,
A90 - Dark Graphite Metallic,F97,VATQ - BMW Individual Tartufo Extended Merino Leather,2023,5YM13EC01P9P62125,,9P62125,2MK,,,"Nov 7, 2022",,USA,"Patrick BMW, Schaumburg, US",,,,,,,,
A90 - Dark Graphite Metallic,F97,LKHV - Adelaide Grey Extended Merino Leather,2023,5YM13EC04P9P62152,,9P62152,2MK,,,"Nov 7, 2022",,USA,"Steve Thomas BMW, Camarillo, US",,,,,,,,
416 - Carbon Black Metallic,F97,LKSW - Black Extended Merino Leather,2023,5YM13EC08P9P62235,,9P62235,2MK,,,"Nov 7, 2022",,USA,"Weatherford BMW, Berkeley, US",,,,,,,,
A90 - Dark Graphite Metallic,F97,LKDA - Sakhir Orange Extended Merino Leather,2023,5YM13EC08P9P62266,,9P62266,2MK,,,"Nov 7, 2022",,USA,"BMW of Shrewsbury, Shrewsbury, US",,,,,,,,
475 - Black Sapphire Metallic,F97,LKDA - Sakhir Orange Extended Merino Leather,2023,5YM13EC01P9P62318,,9P62318,2MK,,,"Nov 7, 2022",,USA,"Habberstad BMW, Huntington Station, US",,,,,,,,
300 - Alpine White,F97,LKDA - Sakhir Orange Extended Merino Leather,2023,5YM13EC00P9P62388,,9P62388,2MK,,,"Nov 7, 2022",,USA,"BMW of Columbia, Columbia, US",,,,,,,,
475 - Black Sapphire Metallic,F97,LKDA - Sakhir Orange Extended Merino Leather,2023,5YM13EC00P9P62424,,9P62424,2MK,,,"Nov 7, 2022",,USA,"Valencia BMW, Valencia, US",,,,,,,,
300 - Alpine White,F97,LKSW - Black Extended Merino Leather,2023,5YM13EC07P9P62517,,9P62517,2MK,,,"Nov 7, 2022",,USA,"BMW of Bellevue, Bellevue, US",,,,,,,,
475 - Black Sapphire Metallic,F97,HDJA - Black/Midrand Beige Two-Tone Merino Leather / Alcantara,2023,5YM13EC02P9P62571,,9P62571,2MK,,,"Nov 7, 2022",,USA,"BMW of Farmington Hills, Farmington Hills, US",,,,,,,,
C1K - Marina Bay Blue Metallic,F97,LKSW - Black Extended Merino Leather,2023,5YM13EC00P9P62648,,9P62648,2MK,,,"Nov 7, 2022",,USA,"Wide World BMW, Spring Valley, US",,,,,,,,
C1K - Marina Bay Blue Metallic,F97,VATQ - BMW Individual Tartufo Extended Merino Leather,2023,5YM13EC06P9P63660,,9P63660,2MK,,,"Nov 8, 2022",,USA,"Chapman BMW, Chandler, US",,,,,,,,
C1K - Marina Bay Blue Metallic,F97,LKDA - Sakhir Orange Extended Merino Leather,2023,5YM13EC05P9P63696,,9P63696,2MK,,,"Nov 8, 2022",,USA,"Vista BMW, Coconut Creek, US",,,,,,,,
300 - Alpine White,F97,LKDA - Sakhir Orange Extended Merino Leather,2023,5YM13EC06P9P63772,,9P63772,2MK,,,"Nov 8, 2022",,USA,"South Bay BMW, Torrance, US",,,,,,,,
C3G - Toronto Red Metallic,F97,LKDA - Sakhir Orange Extended Merino Leather,2023,5YM13EC04P9P63804,,9P63804,2MK,,,"Nov 8, 2022",,USA,"BMW of Mt. Laurel, Mount Laurel, US",,,,,,,,
300 - Alpine White,F97,LKSW - Black Extended Merino Leather,2023,5YM13EC08P9P63837,,9P63837,2MK,,,"Nov 8, 2022",,USA,"Open Road BMW, Edison, US",,,,,,,,
C1K - Marina Bay Blue Metallic,F97,VATQ - BMW Individual Tartufo Extended Merino Leather,2023,5YM13EC07P9P63859,,9P63859,2MK,,,"Nov 8, 2022",,USA,"Bill Jacobs BMW/MINI, Naperville, US",,,,,,,,
416 - Carbon Black Metallic,F97,LKDA - Sakhir Orange Extended Merino Leather,2023,5YM13EC04P9P63897,,9P63897,2MK,,,"Nov 8, 2022",,USA,"Rallye BMW, Westbury, US",,,,,,,,
C1K - Marina Bay Blue Metallic,F97,LKDA - Sakhir Orange Extended Merino Leather,2023,5YM13EC02P9P63932,,9P63932,2MK,,,"Nov 8, 2022",,USA,"BMW of Columbia, Columbia, US",,,,,,,,
C1K - Marina Bay Blue Metallic,F97,LKSW - Black Extended Merino Leather,2023,5YM13EC02P9P63980,,9P63980,2MK,,,"Nov 8, 2022",,USA,"BMW of South Austin, Austin, US",,,,,,,,
C1K - Marina Bay Blue Metallic,F97,LKSW - Black Extended Merino Leather,2023,5YM13EC01P9P64103,,9P64103,2MK,,,"Nov 8, 2022",,USA,"BMW of Reading, Reading, US",,,,,,,,
C1K - Marina Bay Blue Metallic,F97,HDJA - Black/Midrand Beige Two-Tone Merino Leather / Alcantara,2023,5YM13EC06P9P64159,,9P64159,2MK,,,"Nov 8, 2022",,USA,"BMW of Manhasset, Manhasset, US",,,,,,,,
C4P - Brooklyn Grey Metallic,F97,LKSW - Black Extended Merino Leather,2023,5YM13EC06P9P65098,,9P65098,2MK,,,"Nov 8, 2022",,USA,"Crevier BMW, Santa Ana, US",,,,,,,,
C4P - Brooklyn Grey Metallic,F97,LKDA - Sakhir Orange Extended Merino Leather,2023,5YM13EC0XP9P65153,,9P65153,2MK,,,"Nov 8, 2022",,USA,"Arrowhead BMW, Glendale, US",,,,,,,,
475 - Black Sapphire Metallic,F97,LKSW - Black Extended Merino Leather,2023,5YM13EC07P9P65224,,9P65224,2MK,,,"Nov 9, 2022",,USA,"Beverly Hills BMW, Los Angeles, US",,,,,,,,
475 - Black Sapphire Metallic,F97,LKDA - Sakhir Orange Extended Merino Leather,2023,5YM13EC02P9P65258,,9P65258,2MK,,,"Nov 9, 2022",,USA,"Weatherford BMW, Berkeley, US",,,,,,,,
C4P - Brooklyn Grey Metallic,F97,VATQ - BMW Individual Tartufo Extended Merino Leather,2023,5YM13EC04P9P65312,,9P65312,2MK,,,"Nov 9, 2022",,USA,"BMW Performance Center (SC), Greer, US",,,,,,,,
475 - Black Sapphire Metallic,F97,VATQ - BMW Individual Tartufo Extended Merino Leather,2023,5YM13EC07P9P65336,,9P65336,2MK,,,"Nov 9, 2022",,USA,"Paul Miller BMW, Wayne, US",,,,,,,,
C4P - Brooklyn Grey Metallic,F97,LKHV - Adelaide Grey Extended Merino Leather,2023,5YM13EC09P9P65368,,9P65368,2MK,,,"Nov 9, 2022",,USA,"BMW of Reading, Reading, US",,,,,,,,
C4P - Brooklyn Grey Metallic,F97,LKDA - Sakhir Orange Extended Merino Leather,2023,5YM13EC06P9P65389,,9P65389,2MK,,,"Nov 9, 2022",,USA,"BMW of Chico, Chico, US",,,,,,,,
C4P - Brooklyn Grey Metallic,F97,LKHV - Adelaide Grey Extended Merino Leather,2023,5YM13EC07P9P65417,,9P65417,2MK,,,"Nov 9, 2022",,USA,"Park Avenue BMW, Rochelle Park, US",,,,,,,,
C4P - Brooklyn Grey Metallic,F97,LKDA - Sakhir Orange Extended Merino Leather,2023,5YM13EC04P9P65455,,9P65455,2MK,,,"Nov 9, 2022",,USA,"BMW of Wichita, Wichita, US",,,,,,,,
C4P - Brooklyn Grey Metallic,F97,LKSW - Black Extended Merino Leather,2023,5YM13EC0XP9P65511,,9P65511,2MK,,,"Nov 9, 2022",,USA,"BMW of Arlington, Arlington, US",,,,,,,,
C4P - Brooklyn Grey Metallic,F97,LKSW - Black Extended Merino Leather,2023,5YM13EC01P9P65591,,9P65591,2MK,,,"Nov 9, 2022",,USA,"BMW of Spokane, Spokane, US",,,,,,,,
C4P - Brooklyn Grey Metallic,F97,LKSW - Black Extended Merino Leather,2023,5YM13EC00P9P65663,,9P65663,2MK,,,"Nov 9, 2022",,USA,"Gebhardt BMW, Boulder, US",,,,,,,,
300 - Alpine White,F97,LKSW - Black Extended Merino Leather,2023,5YM13EC06P9P68390,,9P68390,2MK,,,"Nov 9, 2022",,USA,"Valley BMW, Modesto, US",,,,,,,,
416 - Carbon Black Metallic,F97,LKSW - Black Extended Merino Leather,2023,5YM13EC01P9P68412,,9P68412,2MK,,,"Nov 9, 2022",,USA,"BMW of Honolulu, Honolulu, US",,,,,,,,
416 - Carbon Black Metallic,F97,LKSW - Black Extended Merino Leather,2023,5YM13EC06P9P68440,,9P68440,2MK,,,"Nov 9, 2022",,USA,"BMW of Roseville, Roseville, US",,,,,,,,
475 - Black Sapphire Metallic,F97,LKSW - Black Extended Merino Leather,2023,5YM13EC03P9P68461,,9P68461,2MK,,,"Nov 9, 2022",,USA,"Beverly Hills BMW, Los Angeles, US",,,,,,,,
416 - Carbon Black Metallic,F97,VATQ - BMW Individual Tartufo Extended Merino Leather,2023,5YM13EC01P9P68488,,9P68488,2MK,,,"Nov 10, 2022",,USA,"Vista BMW, Coconut Creek, US",,,,,,,,
A90 - Dark Graphite Metallic,F97,LKSW - Black Extended Merino Leather,2023,5YM13EC03P9P68508,,9P68508,2MK,,,"Nov 10, 2022",,USA,"Otto's BMW, Ottawa, CA",,,,,,,,
A90 - Dark Graphite Metallic,F97,LKDA - Sakhir Orange Extended Merino Leather,2023,5YM13EC03P9P68590,,9P68590,2MK,,,"Nov 10, 2022",,USA,"BMW of Reading, Reading, US",,,,,,,,
416 - Carbon Black Metallic,F97,LKSW - Black Extended Merino Leather,2023,5YM13EC03P9P68623,,9P68623,2MK,,,"Nov 10, 2022",,USA,"Fields BMW, Winter Park, US",,,,,,,,
A90 - Dark Graphite Metallic,F97,LKSW - Black Extended Merino Leather,2023,5YM13EC01P9P68653,,9P68653,2MK,,,"Nov 10, 2022",,USA,"BMW Ville de Quebec, Quebec City, CA",,,,,,,,
300 - Alpine White,F97,LKHV - Adelaide Grey Extended Merino Leather,2023,5YM13EC07P9P68673,,9P68673,2MK,,,"Nov 10, 2022",,USA,"BMW Northwest, Tacoma, US",,,,,,,,
416 - Carbon Black Metallic,F97,LKSW - Black Extended Merino Leather,2023,5YM13EC03P9P68704,,9P68704,2MK,,,"Nov 10, 2022",,USA,"Stevens Creek BMW, Santa Clara, US",,,,,,,,
300 - Alpine White,F97,LKDA - Sakhir Orange Extended Merino Leather,2023,5YM13EC05P9P68820,,9P68820,2MK,,,"Nov 10, 2022",,USA,"Beverly Hills BMW, Los Angeles, US",,,,,,,,
A90 - Dark Graphite Metallic,F97,LKDA - Sakhir Orange Extended Merino Leather,2023,5YM13EC04P9P68873,,9P68873,2MK,,,"Nov 10, 2022",,USA,"Beverly Hills BMW, Los Angeles, US",,,,,,,,
C1K - Marina Bay Blue Metallic,F97,LKSW - Black Extended Merino Leather,2023,5YM13EC06P9P68907,,9P68907,2MK,,,"Nov 10, 2022",,USA,"Medford BMW, Medford, US",,,,,,,,
C1K - Marina Bay Blue Metallic,F97,HDJA - Black/Midrand Beige Two-Tone Merino Leather / Alcantara,2023,5YM13EC02P9P68967,,9P68967,2MK,,,"Nov 10, 2022",,USA,"BMW Portland, Portland, US",,,,,,,,
A90 - Dark Graphite Metallic,F97,VATQ - BMW Individual Tartufo Extended Merino Leather,2023,5YM13EC01P9P68989,,9P68989,2MK,,,"Nov 10, 2022",,USA,"BMW of Plano, Plano, US",,,,,,,,
C4P - Brooklyn Grey Metallic,F97,LKDA - Sakhir Orange Extended Merino Leather,2023,5YM13EC0XP9P69039,,9P69039,2MK,,,"Nov 10, 2022",,USA,"BMW of Southampton, Southampton, US",,,,,,,,
C4P - Brooklyn Grey Metallic,F97,LKHV - Adelaide Grey Extended Merino Leather,2023,5YM13EC08P9P69072,,9P69072,2MK,,,"Nov 11, 2022",,USA,"BMW of Lancaster, Lancaster, US",,,,,,,,
475 - Black Sapphire Metallic,F97,LKDA - Sakhir Orange Extended Merino Leather,2023,5YM13EC0XP9P69106,,9P69106,2MK,,,"Nov 11, 2022",,USA,"BMW of Bridgeport, Bridgeport, US",,,,,,,,
C4P - Brooklyn Grey Metallic,F97,LKDA - Sakhir Orange Extended Merino Leather,2023,5YM13EC05P9P69126,,9P69126,2MK,,,"Nov 11, 2022",,USA,"Chapman BMW, Chandler, US",,,,,,,,
C4P - Brooklyn Grey Metallic,F97,HDJA - Black/Midrand Beige Two-Tone Merino Leather / Alcantara,2023,5YM13EC08P9P69153,,9P69153,2MK,,,"Nov 11, 2022",,USA,"BMW of Orland Park, Orland Park, US",,,,,,,,
C1K - Marina Bay Blue Metallic,F97,LKSW - Black Extended Merino Leather,2023,5YM13EC09P9P69176,,9P69176,2MK,,,"Nov 11, 2022",,USA,"BMW Grand River, Kitchener, CA",,,,,,,,
C1K - Marina Bay Blue Metallic,F97,LKSW - Black Extended Merino Leather,2023,5YM13EC08P9P69282,,9P69282,2MK,,,"Nov 11, 2022",,USA,"Germain BMW of Naples, Naples, US",,,,,,,,
C3G - Toronto Red Metallic,F97,LKSW - Black Extended Merino Leather,2023,5YM13EC09P9P69386,,9P69386,2MK,,,"Nov 11, 2022",,USA,"BMW of the Hudson Valley, Poughkeepsie, US",,,,,,,,
C1K - Marina Bay Blue Metallic,F97,VATQ - BMW Individual Tartufo Extended Merino Leather,2023,5YM13EC00P9P69440,,9P69440,2MK,,,"Nov 11, 2022",,USA,"BMW of Denver Downtown, Denver, US",,,,,,,,
C1K - Marina Bay Blue Metallic,F97,LKSW - Black Extended Merino Leather,2023,5YM13EC04P9P69473,,9P69473,2MK,,,"Nov 11, 2022",,USA,"BMW of Anchorage, Anchorage, US",,,,,,,,
416 - Carbon Black Metallic,F97,LKDA - Sakhir Orange Extended Merino Leather,2023,5YM13EC0XP9P69493,,9P69493,2MK,,,"Dec 1, 2022",,USA,"Zweckgebundenes Lager, München, DE",,,,,,,,
C4H - Sao Paulo Yellow,F97,LKSW - Black Extended Merino Leather,2023,5YM13EC03P9P70257,,9P70257,2MK,,,"Nov 13, 2022",,USA,"BMW of Plano, Plano, US",,,,,,,,
416 - Carbon Black Metallic,F97,VATQ - BMW Individual Tartufo Extended Merino Leather,2023,5YM13EC02P9P70296,,9P70296,2MK,,,"Nov 13, 2022",,USA,"Keeler BMW, Latham, US",,,,,,,,
C4P - Brooklyn Grey Metallic,F97,LKHV - Adelaide Grey Extended Merino Leather,2023,5YM13EC0XP9P70336,,9P70336,2MK,,,"Nov 13, 2022",,USA,"Kelowna BMW, Kelowna, CA",,,,,,,,
C4P - Brooklyn Grey Metallic,F97,LKDA - Sakhir Orange Extended Merino Leather,2023,5YM13EC02P9P70394,,9P70394,2MK,,,"Nov 14, 2022",,USA,"BMW of Turnersville, Turnersville, US",,,,,,,,
C1K - Marina Bay Blue Metallic,F97,HDJA - Black/Midrand Beige Two-Tone Merino Leather / Alcantara,2023,5YM13EC03P9P70498,,9P70498,2MK,,,"Nov 14, 2022",,USA,"BMW of Catonsville, Baltimore, US",,,,,,,,
416 - Carbon Black Metallic,F97,VATQ - BMW Individual Tartufo Extended Merino Leather,2023,5YM13EC06P9P70561,,9P70561,2MK,,,"Nov 14, 2022",,USA,"Momentum BMW/MINI, Houston, US",,,,,,,,
300 - Alpine White,F97,LKDA - Sakhir Orange Extended Merino Leather,2023,5YM13EC04P9P70610,,9P70610,2MK,,,"Nov 14, 2022",,USA,"Continental BMW of Darien, Darien, US",,,,,,,,
300 - Alpine White,F97,LKDA - Sakhir Orange Extended Merino Leather,2023,5YM13EC04P9P70686,,9P70686,2MK,,,"Nov 14, 2022",,USA,"Perillo BMW, Inc., Chicago, US",,,,,,,,
C1K - Marina Bay Blue Metallic,F97,LKSW - Black Extended Merino Leather,2023,5YM13EC05P9P70714,,9P70714,2MK,,,"Nov 14, 2022",,USA,"BMW Performance Center (SC), Greer, US",,,,,,,,
A90 - Dark Graphite Metallic,F97,VATQ - BMW Individual Tartufo Extended Merino Leather,2023,5YM13EC02P9P70735,,9P70735,2MK,,,"Nov 14, 2022",,USA,"South Motors BMW, Miami, US",,,,,,,,
C1K - Marina Bay Blue Metallic,F97,LKSW - Black Extended Merino Leather,2023,5YM13EC09P9P70800,,9P70800,2MK,,,"Nov 14, 2022",,USA,"BMW of Cincinnati North, Cincinnati, US",,,,,,,,
475 - Black Sapphire Metallic,F97,LKSW - Black Extended Merino Leather,2023,5YM13EC06P9P70821,,9P70821,2MK,,,"Nov 14, 2022",,USA,"BMW Seattle, Seattle, US",,,,,,,,
C1K - Marina Bay Blue Metallic,F97,LKDA - Sakhir Orange Extended Merino Leather,2023,5YM13EC03P9P70940,,9P70940,2MK,,,"Nov 14, 2022",,USA,"BMW of Manhattan, New York, US",,,,,,,,
C4P - Brooklyn Grey Metallic,F97,MAH7 - Black Vernasca Leather,2023,5YM13EC03P9P70968,,9P70968,2MK,,,"Nov 14, 2022",,USA,"BMW of Rochester, Rochester, US",,,,,,,,
C4P - Brooklyn Grey Metallic,F97,LKSW - Black Extended Merino Leather,2023,5YM13EC04P9P71000,,9P71000,2MK,,,"Nov 15, 2022",,USA,"Bob Smith BMW, Calabasas, US",,,,,,,,
C1K - Marina Bay Blue Metallic,F97,LKDA - Sakhir Orange Extended Merino Leather,2023,5YM13EC01P9P71035,,9P71035,2MK,,,"Nov 15, 2022",,USA,"BMW of Ridgefield, Ridgefield, US",,,,,,,,
C1K - Marina Bay Blue Metallic,F97,LKSW - Black Extended Merino Leather,2023,5YM13EC01P9P71066,,9P71066,2MK,,,"Nov 15, 2022",,USA,"Bob Smith BMW, Calabasas, US",,,,,,,,
C1K - Marina Bay Blue Metallic,F97,LKSW - Black Extended Merino Leather,2023,5YM13EC00P9P71138,,9P71138,2MK,,,"Nov 15, 2022",,USA,"Bobby Rahal BMW of South Hills, Canonsburg, US",,,,,,,,
C4P - Brooklyn Grey Metallic,F97,LKSW - Black Extended Merino Leather,2023,5YM13EC03P9P71179,,9P71179,2MK,,,"Nov 15, 2022",,USA,"BMW of Plano, Plano, US",,,,,,,,
C4P - Brooklyn Grey Metallic,F97,LKDA - Sakhir Orange Extended Merino Leather,2023,5YM13EC00P9P71205,,9P71205,2MK,,,"Nov 15, 2022",,USA,"Winslow BMW of Colorado Springs, Colorado Springs, US",,,,,,,,
C1K - Marina Bay Blue Metallic,F97,LKSW - Black Extended Merino Leather,2023,5YM13EC06P9P71287,,9P71287,2MK,,,"Nov 15, 2022",,USA,"United BMW, Alpharetta, US",,,,,,,,
C1K - Marina Bay Blue Metallic,F97,LKSW - Black Extended Merino Leather,2023,5YM13EC02P9P71321,,9P71321,2MK,,,"Nov 15, 2022",,USA,"Otto's BMW, West Chester, US",,,,,,,,
C4P - Brooklyn Grey Metallic,F97,LKSW - Black Extended Merino Leather,2023,5YM13EC05P9P71409,,9P71409,2MK,,,"Nov 15, 2022",,USA,"Laurel BMW of Westmont, Westmont, US",,,,,,,,
300 - Alpine White,F97,HDJA - Black/Midrand Beige Two-Tone Merino Leather / Alcantara,2023,5YM13EC09P9P72448,,9P72448,2MK,,,"Nov 15, 2022",,USA,"BMW of Nashville, Brentwood, US",,,,,,,,
C3G - Toronto Red Metallic,F97,LKSW - Black Extended Merino Leather,2023,5YM13EC07P9P72481,,9P72481,2MK,,,"Nov 15, 2022",,USA,"BMW of Barrington, Barrington, US",,,,,,,,
300 - Alpine White,F97,MAH7 - Black Vernasca Leather,2023,5YM13EC03P9P72509,,9P72509,2MK,,,"Nov 16, 2022",,USA,"East Bay BMW, Pleasanton, US",,,,,,,,
C1K - Marina Bay Blue Metallic,F97,LKHV - Adelaide Grey Extended Merino Leather,2023,5YM13EC05P9P72530,,9P72530,2MK,,,"Nov 16, 2022",,USA,"Bert Smith International, St. Petersburg, US",,,,,,,,
A90 - Dark Graphite Metallic,F97,LKDA - Sakhir Orange Extended Merino Leather,2023,5YM13EC04P9P72616,,9P72616,2MK,,,"Nov 16, 2022",,USA,"BMW Performance Center (SC), Greer, US",,,,,,,,
A90 - Dark Graphite Metallic,F97,LKDA - Sakhir Orange Extended Merino Leather,2023,5YM13EC09P9P72675,,9P72675,2MK,,,"Nov 16, 2022",,USA,"BMW of Waterbury, Waterbury, US",,,,,,,,
416 - Carbon Black Metallic,F97,MAH7 - Black Vernasca Leather,2023,5YM13EC00P9P72709,,9P72709,2MK,,,"Nov 16, 2022",,USA,"Competition BMW of Smithtown, Saint James, US",,,,,,,,
C1K - Marina Bay Blue Metallic,F97,LKHV - Adelaide Grey Extended Merino Leather,2023,5YM13EC03P9P72736,,9P72736,2MK,,,"Nov 16, 2022",,USA,"BMW of West St. Louis, Manchester, US",,,,,,,,
C1K - Marina Bay Blue Metallic,F97,VATQ - BMW Individual Tartufo Extended Merino Leather,2023,5YM13EC06P9P72813,,9P72813,2MK,,,"Nov 16, 2022",,USA,"BMW Performance Center (SC), Greer, US",,,,,,,,
C4P - Brooklyn Grey Metallic,F97,VATQ - BMW Individual Tartufo Extended Merino Leather,2023,5YM13EC00P9P72905,,9P72905,2MK,,,"Nov 16, 2022",,USA,"Galleria BMW, D'Iberville, US",,,,,,,,
C4P - Brooklyn Grey Metallic,F97,LKDA - Sakhir Orange Extended Merino Leather,2023,5YM13EC01P9P74064,,9P74064,2MK,,,"Nov 17, 2022",,USA,"Stevens Creek BMW, Santa Clara, US",,,,,,,,
C4H - Sao Paulo Yellow,F97,LKDA - Sakhir Orange Extended Merino Leather,2023,5YM13EC09P9P74085,,9P74085,2MK,,,"Nov 17, 2022",,USA,"BMW of Meridian, Meridian, US",,,,,,,,
300 - Alpine White,F97,LKSW - Black Extended Merino Leather,2023,5YM13EC05P9P74116,,9P74116,2MK,,,"Nov 17, 2022",,USA,"BMW of Brooklyn, Brooklyn, US",,,,,,,,
475 - Black Sapphire Metallic,F97,LKSW - Black Extended Merino Leather,2023,5YM13EC06P9P74142,,9P74142,2MK,,,"Nov 17, 2022",,USA,"Roadshow BMW/MINI, Cordova, US",,,,,,,,
475 - Black Sapphire Metallic,F97,LKDA - Sakhir Orange Extended Merino Leather,2023,5YM13EC08P9P74174,,9P74174,2MK,,,"Nov 17, 2022",,USA,"BMW of Idaho Falls, Idaho Falls, US",,,,,,,,
C1K - Marina Bay Blue Metallic,F97,LKHV - Adelaide Grey Extended Merino Leather,2023,5YM13EC00P9P74198,,9P74198,2MK,,,"Nov 17, 2022",,USA,"BMW of Peoria, Peoria, US",,,,,,,,
C4P - Brooklyn Grey Metallic,F97,VATQ - BMW Individual Tartufo Extended Merino Leather,2023,5YM13EC04P9P74253,,9P74253,2MK,,,"Nov 17, 2022",,USA,"BMW of Okemos, Okemos, US",,,,,,,,
300 - Alpine White,F97,LKSW - Black Extended Merino Leather,2023,5YM13EC06P9P74285,,9P74285,2MK,,,"Nov 17, 2022",,USA,"Hilton Head BMW, Bluffton, US",,,,,,,,
C4P - Brooklyn Grey Metallic,F97,LKSW - Black Extended Merino Leather,2023,5YM13EC03P9P74308,,9P74308,2MK,,,"Nov 17, 2022",,USA,"Passport BMW, Suitland, US",,,,,,,,
300 - Alpine White,F97,LKHV - Adelaide Grey Extended Merino Leather,2023,5YM13EC01P9P74338,,9P74338,2MK,,,"Nov 17, 2022",,USA,"BMW of Fort Walton Beach, Fort Walton Beach, US",,,,,,,,
475 - Black Sapphire Metallic,F97,LKHV - Adelaide Grey Extended Merino Leather,2023,5YM13EC09P9P74409,,9P74409,2MK,,,"Nov 17, 2022",,USA,"BMW of Meridian, Meridian, US",,,,,,,,
475 - Black Sapphire Metallic,F97,LKHV - Adelaide Grey Extended Merino Leather,2023,5YM13EC07P9P74439,,9P74439,2MK,,,"Nov 17, 2022",,USA,"BMW of Bridgeport, Bridgeport, US",,,,,,,,
C1K - Marina Bay Blue Metallic,F97,LKSW - Black Extended Merino Leather,2023,5YM13EC05P9P76190,,9P76190,2MK,,,"Nov 17, 2022",,USA,"BMW of Mt. Laurel, Mount Laurel, US",,,,,,,,
A90 - Dark Graphite Metallic,F97,LKHV - Adelaide Grey Extended Merino Leather,2023,5YM13EC08P9P76281,,9P76281,2MK,,,"Nov 17, 2022",,USA,"BMW of Fort Myers, Fort Myers, US",,,,,,,,
C4H - Sao Paulo Yellow,F97,LKDA - Sakhir Orange Extended Merino Leather,2023,5YM13EC07P9P76319,,9P76319,2MK,,,"Nov 17, 2022",,USA,"Park Avenue BMW, Rochelle Park, US",,,,,,,,
C1K - Marina Bay Blue Metallic,F97,VATQ - BMW Individual Tartufo Extended Merino Leather,2023,5YM13EC01P9P76378,,9P76378,2MK,,,"Nov 18, 2022",,USA,"BMW Santa Barbara, Santa Barbara, US",,,,,,,,
A90 - Dark Graphite Metallic,F97,LKHV - Adelaide Grey Extended Merino Leather,2023,5YM13EC08P9P76409,,9P76409,2MK,,,"Nov 18, 2022",,USA,"BMW of Bellevue, Bellevue, US",,,,,,,,
C4P - Brooklyn Grey Metallic,F97,LKDA - Sakhir Orange Extended Merino Leather,2023,5YM13EC0XP9P76430,,9P76430,2MK,,,"Nov 18, 2022",,USA,"BMW of San Francisco, San Francisco, US",,,,,,,,
300 - Alpine White,F97,MAH7 - Black Vernasca Leather,2023,5YM13EC02P9P77605,,9P77605,2MK,,,"Nov 18, 2022",,USA,"BMW of Plano, Plano, US",,,,,,,,
C4P - Brooklyn Grey Metallic,F97,LKSW - Black Extended Merino Leather,2023,5YM13EC09P9P77763,,9P77763,2MK,,,"Nov 20, 2022",,USA,"Crevier BMW, Santa Ana, US",,,,,,,,
C3G - Toronto Red Metallic,F97,HDJA - Black/Midrand Beige Two-Tone Merino Leather / Alcantara,2023,5YM13EC00P9P77828,,9P77828,2MK,,,"Nov 21, 2022",,USA,"BMW of Buena Park, Buena Park, US",,,,,,,,
C4P - Brooklyn Grey Metallic,F97,LKDA - Sakhir Orange Extended Merino Leather,2023,5YM13EC06P9P77851,,9P77851,2MK,,,"Nov 21, 2022",,USA,"South Bay BMW, Torrance, US",,,,,,,,
475 - Black Sapphire Metallic,F97,LKDA - Sakhir Orange Extended Merino Leather,2023,5YM13EC00P9P77960,,9P77960,2MK,,,"Nov 21, 2022",,USA,"BMW of Gwinnett Place, Duluth, US",,,,,,,,
300 - Alpine White,F97,LKSW - Black Extended Merino Leather,2023,5YM13EC06P9P78014,,9P78014,2MK,,,"Nov 21, 2022",,USA,"Budds' BMW Oakville, Oakville, CA",,,,,,,,
300 - Alpine White,F97,LKDA - Sakhir Orange Extended Merino Leather,2023,5YM13EC09P9P78072,,9P78072,2MK,,,"Nov 21, 2022",,USA,"BMW of Raleigh, Raleigh, US",,,,,,,,
475 - Black Sapphire Metallic,F97,LKSW - Black Extended Merino Leather,2023,5YM13EC0XP9P78131,,9P78131,2MK,,,"Nov 21, 2022",,USA,"Fields BMW, Winter Park, US",,,,,,,,
300 - Alpine White,F97,MAH7 - Black Vernasca Leather,2023,5YM13EC07P9P78166,,9P78166,2MK,,,"Nov 21, 2022",,USA,"BMW of Delray Beach, Delray Beach, US",,,,,,,,
C1K - Marina Bay Blue Metallic,F97,LKSW - Black Extended Merino Leather,2023,5YM13EC05P9P79011,,9P79011,2MK,,,"Nov 21, 2022",,USA,"BMW of Murray, Murray, US",,,,,,,,
A90 - Dark Graphite Metallic,F97,LKSW - Black Extended Merino Leather,2023,5YM13EC05P9P79073,,9P79073,2MK,,,"Nov 21, 2022",,USA,"BMW of Fort Lauderdale, Fort Lauderdale, US",,,,,,,,
475 - Black Sapphire Metallic,F97,LKDA - Sakhir Orange Extended Merino Leather,2023,5YM13EC05P9P79137,,9P79137,2MK,,,"Nov 22, 2022",,USA,"BMW Northwest, Tacoma, US",,,,,,,,
A90 - Dark Graphite Metallic,F97,LKDA - Sakhir Orange Extended Merino Leather,2023,5YM13EC05P9P79218,,9P79218,2MK,,,"Nov 22, 2022",,USA,"BMW of Riverside, Riverside, US",,,,,,,,
C4H - Sao Paulo Yellow,F97,LKSW - Black Extended Merino Leather,2023,5YM13EC06P9P79342,,9P79342,2MK,,,"Nov 22, 2022",,USA,"Braman BMW/Braman MINI of Miami, Miami, US",,,,,,,,
A90 - Dark Graphite Metallic,F97,LKSW - Black Extended Merino Leather,2023,5YM13EC08P9P80492,,9P80492,2MK,,,"Nov 28, 2022",,USA,"Parkview BMW, North York, CA",,,,,,,,
A90 - Dark Graphite Metallic,F97,LKSW - Black Extended Merino Leather,2023,5YM13EC05P9P80594,,9P80594,2MK,,,"Nov 29, 2022",,USA,"BMW Grand River, Kitchener, CA",,,,,,,,
A90 - Dark Graphite Metallic,F97,LKSW - Black Extended Merino Leather,2023,5YM13EC09P9P80646,,9P80646,2MK,,,"Nov 29, 2022",,USA,"BMW Sainte-Julie, Sainte-Julie, CA",,,,,,,,
C4H - Sao Paulo Yellow,F97,LKSW - Black Extended Merino Leather,2023,5YM13EC05P9P80725,,9P80725,2MK,,,"Nov 29, 2022",,USA,"BMW Seattle, Seattle, US",,,,,,,,
A90 - Dark Graphite Metallic,F97,LKDA - Sakhir Orange Extended Merino Leather,2023,5YM13EC05P9P80935,,9P80935,2MK,,,"Nov 29, 2022",,USA,"BMW of Morristown, Morristown, US",,,,,,,,
C1K - Marina Bay Blue Metallic,F97,LKDA - Sakhir Orange Extended Merino Leather,2023,5YM13EC03P9P80996,,9P80996,2MK,,,"Nov 29, 2022",,USA,"BMW of Manhasset, Manhasset, US",,,,,,,,
C1K - Marina Bay Blue Metallic,F97,VATQ - BMW Individual Tartufo Extended Merino Leather,2023,5YM13EC08P9P82064,,9P82064,2MK,,,"Nov 29, 2022",,USA,"BMW of Grapevine, Grapevine, US",,,,,,,,
C4P - Brooklyn Grey Metallic,F97,LKDA - Sakhir Orange Extended Merino Leather,2023,5YM13EC05P9P82121,,9P82121,2MK,,,"Nov 30, 2022",,USA,"Long Beach BMW, Signal Hill, US",,,,,,,,
C4P - Brooklyn Grey Metallic,F97,LKSW - Black Extended Merino Leather,2023,5YM13EC01P9P82410,,9P82410,2MK,,,"Nov 30, 2022",,USA,"BMW of Cincinnati North, Cincinnati, US",,,,,,,,
C1K - Marina Bay Blue Metallic,F97,HDJA - Black/Midrand Beige Two-Tone Merino Leather / Alcantara,2023,5YM13EC07P9P82525,,9P82525,2MK,,,"Nov 30, 2022",,USA,"Trois-Rivieres BMW, Trois Rivieres, CA",,,,,,,,
C4P - Brooklyn Grey Metallic,F97,MAH7 - Black Vernasca Leather,2023,5YM13EC01P9P84349,,9P84349,2MK,,,"Nov 30, 2022",,USA,"BMW of Houston Midtown, Houston, US",,,,,,,,
C4P - Brooklyn Grey Metallic,F97,MAH7 - Black Vernasca Leather,2023,5YM13EC08P9P84543,,9P84543,2MK,,,"Dec 1, 2022",,USA,"BMW of Riverside, Riverside, US",,,,,,,,
C4P - Brooklyn Grey Metallic,F97,LKDA - Sakhir Orange Extended Merino Leather,2023,5YM13EC0XP9P84625,,9P84625,2MK,,,"Dec 1, 2022",,USA,"BMW Montreal Centre, Montreal, CA",,,,,,,,
300 - Alpine White,F97,LKDA - Sakhir Orange Extended Merino Leather,2023,5YM13EC03P9P84689,,9P84689,2MK,,,"Dec 1, 2022",,USA,"Park Shore BMW, North Vancouver, CA",,,,,,,,
A90 - Dark Graphite Metallic,F97,LKSW - Black Extended Merino Leather,2023,5YM13EC06P9P84833,,9P84833,2MK,,,"Dec 1, 2022",,USA,"BMW of North Haven, North Haven, US",,,,,,,,
C1K - Marina Bay Blue Metallic,F97,LKSW - Black Extended Merino Leather,2023,5YM13EC08P9P84946,,9P84946,2MK,,,"Dec 1, 2022",,USA,"BMW of Silver Spring, Silver Spring, US",,,,,,,,
C4P - Brooklyn Grey Metallic,F97,LKDA - Sakhir Orange Extended Merino Leather,2023,5YM13EC04P9P85933,,9P85933,2MK,,,"Dec 1, 2022",,USA,"BMW of Buena Park, Buena Park, US",,,,,,,,
C4P - Brooklyn Grey Metallic,F97,LKSW - Black Extended Merino Leather,2023,5YM13EC06P9P86002,,9P86002,2MK,,,"Dec 1, 2022",,USA,"Perillo BMW, Inc., Chicago, US",,,,,,,,
C4P - Brooklyn Grey Metallic,F97,MAH7 - Black Vernasca Leather,2023,5YM13EC09P9P86091,,9P86091,2MK,,,"Dec 2, 2022",,USA,"BMW Portland, Portland, US",,,,,,,,
416 - Carbon Black Metallic,F97,LKDA - Sakhir Orange Extended Merino Leather,2023,5YM13EC06P9P86212,,9P86212,2MK,,,"Dec 2, 2022",,USA,"*Closed 3-Jan-23* BMW of Oyster Bay, Oyster Bay, US",,,,,,,,
416 - Carbon Black Metallic,F97,VATQ - BMW Individual Tartufo Extended Merino Leather,2023,5YM13EC06P9P86288,,9P86288,2MK,,,"Dec 2, 2022",,USA,"Rallye BMW, Westbury, US",,,,,,,,
C1K - Marina Bay Blue Metallic,F97,LKDA - Sakhir Orange Extended Merino Leather,2023,5YM13EC05P9P86489,,9P86489,2MK,,,"Dec 4, 2022",,USA,"Baron BMW/MINI, Merriam, US",,,,,,,,
475 - Black Sapphire Metallic,F97,LKSW - Black Extended Merino Leather,2023,5YM13EC02P9P87566,,9P87566,2MK,,,"Dec 5, 2022",,USA,"BMW of Des Moines, Urbandale, US",,,,,,,,
C4P - Brooklyn Grey Metallic,F97,LKHV - Adelaide Grey Extended Merino Leather,2023,5YM13EC05P9P87643,,9P87643,2MK,,,"Dec 5, 2022",,USA,"BMW of Madison, Madison, US",,,,,,,,
475 - Black Sapphire Metallic,F97,MAH7 - Black Vernasca Leather,2023,5YM13EC05P9P87710,,9P87710,2MK,,,"Dec 5, 2022",,USA,"BMW of Ramsey, Ramsey, US",,,,,,,,
A90 - Dark Graphite Metallic,F97,LKSW - Black Extended Merino Leather,2023,5YM13EC06P9P87926,,9P87926,2MK,,,"Dec 5, 2022",,USA,"Baron BMW/MINI, Merriam, US",,,,,,,,
C1K - Marina Bay Blue Metallic,F97,LKDA - Sakhir Orange Extended Merino Leather,2023,5YM13EC05P9P88002,,9P88002,2MK,,,"Dec 5, 2022",,USA,"BMW of Reading, Reading, US",,,,,,,,
C1K - Marina Bay Blue Metallic,F97,LKSW - Black Extended Merino Leather,2023,5YM13EC08P9P89063,,9P89063,2MK,,,"Dec 6, 2022",,USA,"BMW of Anchorage, Anchorage, US",,,,,,,,
C4H - Sao Paulo Yellow,F97,LKDA - Sakhir Orange Extended Merino Leather,2023,5YM13EC09P9P89282,,9P89282,2MK,,,"Dec 6, 2022",,USA,"BMW of Newton, Newton, US",,,,,,,,
C1K - Marina Bay Blue Metallic,F97,LKHV - Adelaide Grey Extended Merino Leather,2023,5YM13EC01P9P89406,,9P89406,2MK,,,"Dec 6, 2022",,USA,"BMW of El Paso, El Paso, US",,,,,,,,
475 - Black Sapphire Metallic,F97,MAH7 - Black Vernasca Leather,2023,5YM13EC06P9P89465,,9P89465,2MK,,,"Dec 6, 2022",,USA,"Stevens Creek BMW, Santa Clara, US",,,,,,,,
C4P - Brooklyn Grey Metallic,F97,VATQ - BMW Individual Tartufo Extended Merino Leather,2023,5YM13EC05P9P90719,,9P90719,2MK,,,"Dec 6, 2022",,USA,"Niello BMW Sacramento, Sacramento, US",,,,,,,,
312 - IND. British Racing Green Metallic,F97,LKSW - Black Extended Merino Leather,2023,5YM13EC00P9P90806,,9P90806,2MK,,,"Dec 6, 2022",,USA,"Fields BMW, Winter Park, US",,,,,,,,
C4P - Brooklyn Grey Metallic,F97,LKDA - Sakhir Orange Extended Merino Leather,2023,5YM13EC09P9P90979,,9P90979,2MK,,,"Dec 7, 2022",,USA,"BMW of Sudbury, Sudbury, US",,,,,,,,
A90 - Dark Graphite Metallic,F97,LKSW - Black Extended Merino Leather,2023,5YM13EC06P9P91068,,9P91068,2MK,,,"Dec 7, 2022",,USA,"BMW of Delray Beach, Delray Beach, US",,,,,,,,
327 - IND. Santorini Blue 2,F97,LKSW - Black Extended Merino Leather,2023,5YM13EC05P9P92700,,9P92700,2MK,,,"Dec 7, 2022",,USA,"Chapman BMW, Chandler, US",,,,,,,,
C1K - Marina Bay Blue Metallic,F97,LKSW - Black Extended Merino Leather,2023,5YM13EC0XP9P92806,,9P92806,2MK,,,"Dec 8, 2022",,USA,"BMW of South Austin, Austin, US",,,,,,,,
C4P - Brooklyn Grey Metallic,F97,MAH7 - Black Vernasca Leather,2023,5YM13EC09P9P92859,,9P92859,2MK,,,"Dec 8, 2022",,USA,"A & L BMW, Monroeville, US",,,,,,,,
C4H - Sao Paulo Yellow,F97,LKSW - Black Extended Merino Leather,2023,5YM13EC07P9P92987,,9P92987,2MK,,,"Dec 8, 2022",,USA,"BMW Levis, Levis, CA",,,,,,,,
A90 - Dark Graphite Metallic,F97,LKSW - Black Extended Merino Leather,2023,5YM13EC00P9P93043,,9P93043,2MK,,,"Dec 8, 2022",,USA,"BMW Markham, Markham, CA",,,,,,,,
C1K - Marina Bay Blue Metallic,F97,HDJA - Black/Midrand Beige Two-Tone Merino Leather / Alcantara,2023,5YM13EC08P9P93243,,9P93243,2MK,,,"Dec 8, 2022",,USA,"BMW Seattle, Seattle, US",,,,,,,,
A90 - Dark Graphite Metallic,F97,LKHV - Adelaide Grey Extended Merino Leather,2023,5YM13EC01P9P95125,,9P95125,2MK,,,"Dec 8, 2022",,USA,"BMW of Monterey, Seaside, US",,,,,,,,
475 - Black Sapphire Metallic,F97,LKDA - Sakhir Orange Extended Merino Leather,2023,5YM13EC03P9P95398,,9P95398,2MK,,,"Dec 9, 2022",,USA,"BMW of Honolulu, Honolulu, US",,,,,,,,
475 - Black Sapphire Metallic,F97,LKSW - Black Extended Merino Leather,2023,5YM13EC03P9P95479,,9P95479,2MK,,,"Dec 9, 2022",,USA,"Crevier BMW, Santa Ana, US",,,,,,,,
475 - Black Sapphire Metallic,F97,LKSW - Black Extended Merino Leather,2023,5YM13EC0XP9P95589,,9P95589,2MK,,,"Dec 9, 2022",,USA,"Don Jacobs BMW, Lexington, US",,,,,,,,
C4H - Sao Paulo Yellow,F97,LKSW - Black Extended Merino Leather,2023,5YM13EC04P9P95653,,9P95653,2MK,,,"Dec 11, 2022",,USA,"BMW of Gwinnett Place, Duluth, US",,,,,,,,
P6M - IND. Grigio Telesto Pearl Effect Metallic,F97,LKHV - Adelaide Grey Extended Merino Leather,2023,5YM13EC0XP9P97455,,9P97455,2MK,,,"Dec 12, 2022",,USA,"BMW of Westlake, Cuyahoga, US",,,,,,,,
C4P - Brooklyn Grey Metallic,F97,LKSW - Black Extended Merino Leather,2023,5YM13EC05P9P97508,,9P97508,2MK,,,"Dec 12, 2022",,USA,"Global Imports BMW, Atlanta, US",,,,,,,,
C4P - Brooklyn Grey Metallic,F97,LKSW - Black Extended Merino Leather,2023,5YM13EC03P9P97572,,9P97572,2MK,,,"Dec 12, 2022",,USA,"Roadshow BMW/MINI, Cordova, US",,,,,,,,
C3G - Toronto Red Metallic,F97,LKHV - Adelaide Grey Extended Merino Leather,2023,5YM13EC0XP9P97648,,9P97648,2MK,,,"Dec 12, 2022",,USA,"Chapman BMW, Chandler, US",,,,,,,,
300 - Alpine White,F97,LKDA - Sakhir Orange Extended Merino Leather,2023,5YM13EC09P9P97849,,9P97849,2MK,,,"Dec 12, 2022",,USA,"Patrick BMW, Schaumburg, US",,,,,,,,
C4P - Brooklyn Grey Metallic,F97,VATQ - BMW Individual Tartufo Extended Merino Leather,2023,5YM13EC0XP9P97908,,9P97908,2MK,,,"Dec 12, 2022",,USA,"BMW of Bellevue, Bellevue, US",,,,,,,,
C4P - Brooklyn Grey Metallic,F97,LKHV - Adelaide Grey Extended Merino Leather,2023,5YM13EC07P9P98112,,9P98112,2MK,,,"Dec 13, 2022",,USA,"Braman Motorcars/Braman MINI of Pal, West Palm Beach, US",,,,,,,,
C4P - Brooklyn Grey Metallic,F97,LKDA - Sakhir Orange Extended Merino Leather,2023,5YM13EC0XP9P98427,,9P98427,2MK,,,"Dec 13, 2022",,USA,"South Bay BMW, Torrance, US",,,,,,,,
C4H - Sao Paulo Yellow,F97,LKSW - Black Extended Merino Leather,2023,5YM13EC09P9R01093,,9R01093,2MK,,,"Dec 14, 2022",,USA,"BMW of Tri-Cities, Richland, US",,,,,,,,
C1K - Marina Bay Blue Metallic,F97,MAH7 - Black Vernasca Leather,2023,5YM13EC01P9R01301,,9R01301,2MK,,,"Dec 14, 2022",,USA,"BMW of Bowling Green, Bowling Green, US",,,,,,,,
C4H - Sao Paulo Yellow,F97,LKSW - Black Extended Merino Leather,2023,5YM13EC09P9R01420,,9R01420,2MK,,,"Dec 14, 2022",,USA,"BMW of Freehold, Freehold, US",,,,,,,,
475 - Black Sapphire Metallic,F97,LKDA - Sakhir Orange Extended Merino Leather,2023,5YM13EC05P9R01463,,9R01463,2MK,,,"Dec 14, 2022",,USA,"BMW of Bakersfield, Bakersfield, US",,,,,,,,
A90 - Dark Graphite Metallic,F97,LKHV - Adelaide Grey Extended Merino Leather,2023,5YM13EC02P9R01579,,9R01579,2MK,,,"Dec 15, 2022",,USA,"BMW of Kansas City South, Kansas CIty, US",,,,,,,,
300 - Alpine White,F97,LKDA - Sakhir Orange Extended Merino Leather,2023,5YM13EC04P9R01843,,9R01843,2MK,,,"Dec 15, 2022",,USA,"Competition BMW of Smithtown, Saint James, US",,,,,,,,
C1K - Marina Bay Blue Metallic,F97,LKSW - Black Extended Merino Leather,2023,5YM13EC09P9R01949,,9R01949,2MK,,,"Dec 15, 2022",,USA,"Vista BMW, Coconut Creek, US",,,,,,,,
C4P - Brooklyn Grey Metallic,F97,VATQ - BMW Individual Tartufo Extended Merino Leather,2023,5YM13EC07P9R03442,,9R03442,2MK,,,"Dec 15, 2022",,USA,"Schomp BMW of Highlands Ranch, Highlands Ranch, US",,,,,,,,
C1K - Marina Bay Blue Metallic,F97,LKSW - Black Extended Merino Leather,2023,5YM13EC07P9R03490,,9R03490,2MK,,,"Dec 16, 2022",,USA,"Otto's BMW, West Chester, US",,,,,,,,
C4P - Brooklyn Grey Metallic,F97,LKSW - Black Extended Merino Leather,2023,5YM13EC08P9R03725,,9R03725,2MK,,,"Jan 4, 2023",,USA,"BMW Brossard, Brossard, CA",,,,,,,,
C1K - Marina Bay Blue Metallic,F97,LKSW - Black Extended Merino Leather,2023,5YM13EC08P9R03885,,9R03885,2MK,,,"Jan 4, 2023",,USA,"Sterling BMW, Newport Beach, US",,,,,,,,
C4P - Brooklyn Grey Metallic,F97,LKDA - Sakhir Orange Extended Merino Leather,2023,5YM13EC05P9R05075,,9R05075,2MK,,,"Jan 4, 2023",,USA,"Circle BMW, Eatontown, US",,,,,,,,
300 - Alpine White,F97,MAH7 - Black Vernasca Leather,2023,5YM13EC02P9R05387,,9R05387,2MK,,,"Jan 5, 2023",,USA,"BMW Encinitas, Encinitas, US",,,,,,,,
475 - Black Sapphire Metallic,F97,MAH7 - Black Vernasca Leather,2023,5YM13EC02P9R07432,,9R07432,2MK,,,"Jan 5, 2023",,USA,"BMW of Manhasset, Manhasset, US",,,,,,,,
A90 - Dark Graphite Metallic,F97,LKSW - Black Extended Merino Leather,2023,5YM13EC08P9R07502,,9R07502,2MK,,,"Jan 5, 2023",,USA,"BMW of Delray Beach, Delray Beach, US",,,,,,,,
416 - Carbon Black Metallic,F97,VATQ - BMW Individual Tartufo Extended Merino Leather,2023,5YM13EC05P9R07604,,9R07604,2MK,,,"Jan 6, 2023",,USA,"BMW of Norwood, Norwood, US",,,,,,,,
300 - Alpine White,F97,LKSW - Black Extended Merino Leather,2023,5YM13EC01P9R07647,,9R07647,2MK,,,"Jan 6, 2023",,USA,"Autobahn Motorcars, Fort Worth, US",,,,,,,,
475 - Black Sapphire Metallic,F97,LKSW - Black Extended Merino Leather,2023,5YM13EC06P9R07739,,9R07739,2MK,,,"Jan 6, 2023",,USA,"Jackie Cooper Imports/MINI, Edmond, US",,,,,,,,
475 - Black Sapphire Metallic,F97,LKHV - Adelaide Grey Extended Merino Leather,2023,5YM13EC04P9R07917,,9R07917,2MK,,,"Jan 6, 2023",,USA,"BMW of Orland Park, Orland Park, US",,,,,,,,
A90 - Dark Graphite Metallic,F97,MAH7 - Black Vernasca Leather,2023,5YM13EC09P9R08089,,9R08089,2MK,,,"Jan 8, 2023",,USA,"Continental BMW of Darien, Darien, US",,,,,,,,
416 - Carbon Black Metallic,F97,LKSW - Black Extended Merino Leather,2023,5YM13EC06P9R08275,,9R08275,2MK,,,"Jan 9, 2023",,USA,"Fields BMW, Winter Park, US",,,,,,,,
C3G - Toronto Red Metallic,F97,LKHV - Adelaide Grey Extended Merino Leather,2023,5YM13EC0XP9R08389,,9R08389,2MK,,,"Jan 9, 2023",,USA,"Bill Jacobs BMW/MINI, Naperville, US",,,,,,,,
B51 - IND. San Marino Blue Metallic,F97,VATQ - BMW Individual Tartufo Extended Merino Leather,2023,5YM13EC01P9R09916,,9R09916,2MK,,,"Jan 9, 2023",,USA,"BMW of Bridgewater, Bridgewater, US",,,,,,,,
P6K - IND. Nardo Gray,F97,LKDA - Sakhir Orange Extended Merino Leather,2023,5YM13EC01P9R09978,,9R09978,2MK,,,"Jan 9, 2023",,USA,"Autogermana, Inc., Hato Rey, US",,,,,,,,
300 - Alpine White,F97,LKDA - Sakhir Orange Extended Merino Leather,2023,5YM13EC05P9R11474,,9R11474,2MK,,,"Jan 10, 2023",,USA,"AH Euler Kaiserslautern GmbH, Kaiserslautern, DE",,,,,,,,
312 - IND. British Racing Green Metallic,F97,VATQ - BMW Individual Tartufo Extended Merino Leather,2023,5YM13EC03P9R11635,,9R11635,2MK,,,"Jan 10, 2023",,USA,"BMW of Annapolis, Annapolis, US",,,,,,,,
205 - IND. Malachite Green Metallic,F97,HDJA - Black/Midrand Beige Two-Tone Merino Leather / Alcantara,2023,5YM13EC09P9R11722,,9R11722,2MK,,,"Jan 10, 2023",,USA,"BMW Performance Center (SC), Greer, US",,,,,,,,
475 - Black Sapphire Metallic,F97,LKSW - Black Extended Merino Leather,2023,5YM13EC01P9R11794,,9R11794,2MK,,,"Jan 10, 2023",,USA,"Atkins Kroll Inc., Tamuning, GU",,,,,,,,
C4P - Brooklyn Grey Metallic,F97,LKSW - Black Extended Merino Leather,2023,5YM13EC09P9R12062,,9R12062,2MK,,,"Jan 10, 2023",,USA,"BMW of Carlsbad, Carlsbad, US",,,,,,,,
C4P - Brooklyn Grey Metallic,F97,LKSW - Black Extended Merino Leather,2023,5YM13EC05P9R13077,,9R13077,2MK,,,"Jan 10, 2023",,USA,"Bill Jacobs BMW/MINI, Naperville, US",,,,,,,,
C1K - Marina Bay Blue Metallic,F97,VATQ - BMW Individual Tartufo Extended Merino Leather,2023,5YM13EC02P9R13151,,9R13151,2MK,,,"Jan 11, 2023",,USA,"Tulley BMW, Nashua, US",,,,,,,,
312 - IND. British Racing Green Metallic,F97,VATQ - BMW Individual Tartufo Extended Merino Leather,2023,5YM13EC0XP9R13253,,9R13253,2MK,,,"Jan 11, 2023",,USA,"BMW Performance Center (SC), Greer, US",,,,,,,,
P7X - IND. Frozen Deep Grey Metallic,F97,LKDA - Sakhir Orange Extended Merino Leather,2023,5YM13EC06P9R14917,,9R14917,2MK,,,"Jan 17, 2023",,USA,"BMW of Manhattan, New York, US",,,,,,,,
C4H - Sao Paulo Yellow,F97,HDJA - Black/Midrand Beige Two-Tone Merino Leather / Alcantara,2023,5YM13EC06P9R14948,,9R14948,2MK,,,"Jan 12, 2023",,USA,"BMW of Salem, Salem, US",,,,,,,,
300 - Alpine White,F97,VATQ - BMW Individual Tartufo Extended Merino Leather,2023,5YM13EC09P9R15382,,9R15382,2MK,,,"Jan 13, 2023",,USA,"BMW Seattle, Seattle, US",,,,,,,,
475 - Black Sapphire Metallic,F97,LKDA - Sakhir Orange Extended Merino Leather,2023,5YM13EC08P9R16250,,9R16250,2MK,,,"Jan 13, 2023",,USA,"BMW of Cape Cod, Hyannis, US",,,,,,,,
C1K - Marina Bay Blue Metallic,F97,LKDA - Sakhir Orange Extended Merino Leather,2023,5YM13EC05P9R16349,,9R16349,2MK,,,"Jan 13, 2023",,USA,"BMW of Minnetonka, Minnetonka, US",,,,,,,,
300 - Alpine White,F97,LKDA - Sakhir Orange Extended Merino Leather,2023,5YM13EC0XP9R16380,,9R16380,2MK,,,"Jan 13, 2023",,USA,"BMW of Dallas/MINI of Dallas, Dallas, US",,,,,,,,
C4P - Brooklyn Grey Metallic,F97,LKHV - Adelaide Grey Extended Merino Leather,2023,5YM13EC09P9R16581,,9R16581,2MK,,,"Jan 13, 2023",,USA,"BMW of Carlsbad, Carlsbad, US",,,,,,,,
416 - Carbon Black Metallic,F97,VATQ - BMW Individual Tartufo Extended Merino Leather,2023,5YM13EC06P9R16697,,9R16697,2MK,,,"Jan 13, 2023",,USA,"BMW of Ridgefield, Ridgefield, US",,,,,,,,
300 - Alpine White,F97,LKSW - Black Extended Merino Leather,2023,5YM13EC00P9R19322,,9R19322,2MK,,,"Jan 17, 2023",,USA,"BMW of Honolulu, Honolulu, US",,,,,,,,
312 - IND. British Racing Green Metallic,F97,LKSW - Black Extended Merino Leather,2023,5YM13EC09P9R19352,,9R19352,2MK,,,"Jan 17, 2023",,USA,"BMW Seattle, Seattle, US",,,,,,,,
C1K - Marina Bay Blue Metallic,F97,HDJA - Black/Midrand Beige Two-Tone Merino Leather / Alcantara,2023,5YM13EC05P9R19459,,9R19459,2MK,,,"Jan 17, 2023",,USA,"Passport BMW, Suitland, US",,,,,,,,
P7X - IND. Frozen Deep Grey Metallic,F97,LKDA - Sakhir Orange Extended Merino Leather,2023,5YM13EC06P9R23262,,9R23262,2MK,,,"Jan 18, 2023",,USA,"BMW of Fort Wayne, Fort Wayne, US",,,,,,,,
C1K - Marina Bay Blue Metallic,F97,VATQ - BMW Individual Tartufo Extended Merino Leather,2023,5YM13EC00P9R23404,,9R23404,2MK,,,"Jan 18, 2023",,USA,"BMW Performance Center (SC), Greer, US",,,,,,,,
300 - Alpine White,F97,LKSW - Black Extended Merino Leather,2023,5YM13EC04P9R23518,,9R23518,2MK,,,"Jan 18, 2023",,USA,"BMW of Gwinnett Place, Duluth, US",,,,,,,,
475 - Black Sapphire Metallic,F97,LKDA - Sakhir Orange Extended Merino Leather,2023,5YM13EC01P9R23704,,9R23704,2MK,,,"Jan 18, 2023",,USA,"United BMW, Alpharetta, US",,,,,,,,
C4P - Brooklyn Grey Metallic,F97,LKDA - Sakhir Orange Extended Merino Leather,2023,5YM13EC03P9R23753,,9R23753,2MK,,,"Jan 18, 2023",,USA,"BMW of Ontario, Ontario, US",,,,,,,,
C1K - Marina Bay Blue Metallic,F97,HDJA - Black/Midrand Beige Two-Tone Merino Leather / Alcantara,2023,5YM13EC0XP9R25760,,9R25760,2MK,,,"Jan 19, 2023",,USA,"Calgary BMW, Calgary, CA",,,,,,,,
C4P - Brooklyn Grey Metallic,F97,LKSW - Black Extended Merino Leather,2023,5YM13EC05P9R25911,,9R25911,2MK,,,"Jan 19, 2023",,USA,"The BMW Store, Vancouver, CA",,,,,,,,
C4H - Sao Paulo Yellow,F97,LKDA - Sakhir Orange Extended Merino Leather,2023,5YM13EC07P9R25943,,9R25943,2MK,,,"Jan 19, 2023",,USA,"Niello BMW Sacramento, Sacramento, US",,,,,,,,
475 - Black Sapphire Metallic,F97,LKDA - Sakhir Orange Extended Merino Leather,2023,5YM13EC00P9R26139,,9R26139,2MK,,,"Jan 19, 2023",,USA,"BMW West Island, Dorval, CA",,,,,,,,
C4P - Brooklyn Grey Metallic,F97,LKSW - Black Extended Merino Leather,2023,5YM13EC00P9R26352,,9R26352,2MK,,,"Jan 19, 2023",,USA,"South Motors BMW, Miami, US",,,,,,,,
A90 - Dark Graphite Metallic,F97,LKSW - Black Extended Merino Leather,2023,5YM13EC07P9R27983,,9R27983,2MK,,,"Jan 20, 2023",,USA,"Bavaria BMW, Edmonton, CA",,,,,,,,
A90 - Dark Graphite Metallic,F97,LKDA - Sakhir Orange Extended Merino Leather,2023,5YM13EC03P9R28063,,9R28063,2MK,,,"Jan 20, 2023",,USA,"BMW Autohaus, Thornhill, CA",,,,,,,,
475 - Black Sapphire Metallic,F97,LKSW - Black Extended Merino Leather,2023,5YM13EC03P9R28175,,9R28175,2MK,,,"Jan 20, 2023",,USA,"BMW of Bellevue, Bellevue, US",,,,,,,,
475 - Black Sapphire Metallic,F97,LKSW - Black Extended Merino Leather,2023,5YM13EC09P9R28228,,9R28228,2MK,,,"Jan 20, 2023",,USA,"BMW of Monrovia, Monrovia, US",,,,,,,,
C1K - Marina Bay Blue Metallic,F97,LKSW - Black Extended Merino Leather,2023,5YM13EC02P9R28393,,9R28393,2MK,,,"Jan 22, 2023",,USA,"Grayson BMW, Knoxville, US",,,,,,,,
A90 - Dark Graphite Metallic,F97,LKDA - Sakhir Orange Extended Merino Leather,2023,5YM13EC05P9R28629,,9R28629,2MK,,,"Jan 23, 2023",,USA,"BMW of Anchorage, Anchorage, US",,,,,,,,
416 - Carbon Black Metallic,F97,LKSW - Black Extended Merino Leather,2023,5YM13EC0XP9R28867,,9R28867,2MK,,,"Jan 23, 2023",,USA,"Bobby Rahal BMW of South Hills, Canonsburg, US",,,,,,,,
A90 - Dark Graphite Metallic,F97,LKSW - Black Extended Merino Leather,2023,5YM13EC0XP9R28920,,9R28920,2MK,,,"Jan 23, 2023",,USA,"BMW of Austin, Austin, US",,,,,,,,
A90 - Dark Graphite Metallic,F97,VATQ - BMW Individual Tartufo Extended Merino Leather,2023,5YM13EC07P9R29068,,9R29068,2MK,,,"Jan 23, 2023",,USA,"BMW of The Woodlands, The Woodlands, US",,,,,,,,
C4P - Brooklyn Grey Metallic,F97,LKSW - Black Extended Merino Leather,2023,5YM13EC08P9R31069,,9R31069,2MK,,,"Jan 24, 2023",,USA,"BMW of Morristown, Morristown, US",,,,,,,,
C4P - Brooklyn Grey Metallic,F97,LKHV - Adelaide Grey Extended Merino Leather,2023,5YM13EC06P9R31121,,9R31121,2MK,,,"Jan 24, 2023",,USA,"Arrowhead BMW, Glendale, US",,,,,,,,
C1K - Marina Bay Blue Metallic,F97,LKSW - Black Extended Merino Leather,2023,5YM13EC05P9R31286,,9R31286,2MK,,,"Jan 24, 2023",,USA,"Fields BMW, Northfield, US",,,,,,,,
C1K - Marina Bay Blue Metallic,F97,LKSW - Black Extended Merino Leather,2023,5YM13EC03P9R31559,,9R31559,2MK,,,"Jan 24, 2023",,USA,"BMW of Bloomfield, Bloomfield, US",,,,,,,,
475 - Black Sapphire Metallic,F97,LKSW - Black Extended Merino Leather,2023,5YM13EC05P9R32731,,9R32731,2MK,,,"Jan 25, 2023",,USA,"BMW of Ramsey, Ramsey, US",,,,,,,,
A90 - Dark Graphite Metallic,F97,LKSW - Black Extended Merino Leather,2023,5YM13EC02P9R33108,,9R33108,2MK,,,"Jan 25, 2023",,USA,"BMW of Meridian, Meridian, US",,,,,,,,
475 - Black Sapphire Metallic,F97,LKHV - Adelaide Grey Extended Merino Leather,2023,5YM13EC05P9R33149,,9R33149,2MK,,,"Jan 25, 2023",,USA,"BMW of Fort Lauderdale, Fort Lauderdale, US",,,,,,,,
475 - Black Sapphire Metallic,F97,LKDA - Sakhir Orange Extended Merino Leather,2023,5YM13EC03P9R33196,,9R33196,2MK,,,"Jan 25, 2023",,USA,"BMW of Peabody, Peabody, US",,,,,,,,
C4P - Brooklyn Grey Metallic,F97,LKDA - Sakhir Orange Extended Merino Leather,2023,5YM13EC0XP9R33356,,9R33356,2MK,,,"Jan 25, 2023",,USA,"BMW of Lincoln, Lincoln, US",,,,,,,,
C3G - Toronto Red Metallic,F97,LKHV - Adelaide Grey Extended Merino Leather,2023,5YM13EC00P9R33575,,9R33575,2MK,,,"Jan 26, 2023",,USA,"BMW of Omaha/MINI of Omaha, Omaha, US",,,,,,,,
C4P - Brooklyn Grey Metallic,F97,LKDA - Sakhir Orange Extended Merino Leather,2023,5YM13EC02P9R33769,,9R33769,2MK,,,"Jan 26, 2023",,USA,"BMW of Springfield, Springfield, US",,,,,,,,
C4P - Brooklyn Grey Metallic,F97,MAH7 - Black Vernasca Leather,2023,5YM13EC09P9R35485,,9R35485,2MK,,,"Jan 27, 2023",,USA,"D-Patrick Motoplex, Evansville, US",,,,,,,,
C4P - Brooklyn Grey Metallic,F97,LKSW - Black Extended Merino Leather,2023,5YM13EC06P9R35718,,9R35718,2MK,,,"Jan 27, 2023",,USA,"BMW of Champaign, Savoy, US",,,,,,,,
C4H - Sao Paulo Yellow,F97,LKSW - Black Extended Merino Leather,2023,5YM13EC04P9R35930,,9R35930,2MK,,,"Jan 27, 2023",,USA,"BMW of Denver Downtown, Denver, US",,,,,,,,
A90 - Dark Graphite Metallic,F97,VATQ - BMW Individual Tartufo Extended Merino Leather,2023,5YM13EC06P9R38568,,9R38568,2MK,,,"Jan 30, 2023",,USA,"Braman Motorcars/Braman MINI of Pal, West Palm Beach, US",,,,,,,,
475 - Black Sapphire Metallic,F97,LKSW - Black Extended Merino Leather,2023,5YM13EC0XP9R38654,,9R38654,2MK,,,"Jan 30, 2023",,USA,"Hendrick BMW, Charlotte, US",,,,,,,,
475 - Black Sapphire Metallic,F97,LKSW - Black Extended Merino Leather,2023,5YM13EC03P9R38768,,9R38768,2MK,,,"Jan 30, 2023",,USA,"BMW of Wilmington, Wilmington, US",,,,,,,,
475 - Black Sapphire Metallic,F97,LKSW - Black Extended Merino Leather,2023,5YM13EC03P9R38804,,9R38804,2MK,,,"Jan 30, 2023",,USA,"Keeler BMW, Latham, US",,,,,,,,
475 - Black Sapphire Metallic,F97,LKSW - Black Extended Merino Leather,2023,5YM13EC09P9R39018,,9R39018,2MK,,,"Jan 30, 2023",,USA,"BMW North Scottsdale, Phoenix, US",,,,,,,,
C4P - Brooklyn Grey Metallic,F97,LKDA - Sakhir Orange Extended Merino Leather,2023,5YM13EC08P9R39074,,9R39074,2MK,,,"Jan 30, 2023",,USA,"BMW of Sudbury, Sudbury, US",,,,,,,,
C4P - Brooklyn Grey Metallic,F97,LKDA - Sakhir Orange Extended Merino Leather,2023,5YM13EC05P9R39100,,9R39100,2MK,,,"Jan 30, 2023",,USA,"BMW of Murray, Murray, US",,,,,,,,
300 - Alpine White,F97,VATQ - BMW Individual Tartufo Extended Merino Leather,2023,5YM13EC06P9R39266,,9R39266,2MK,,,"Jan 31, 2023",,USA,"Winslow BMW of Colorado Springs, Colorado Springs, US",,,,,,,,
300 - Alpine White,F97,VATQ - BMW Individual Tartufo Extended Merino Leather,2023,5YM13EC02P9R39300,,9R39300,2MK,,,"Jan 31, 2023",,USA,"BMW of Ridgefield, Ridgefield, US",,,,,,,,
475 - Black Sapphire Metallic,F97,LKDA - Sakhir Orange Extended Merino Leather,2023,5YM13EC0XP9R39352,,9R39352,2MK,,,"Jan 31, 2023",,USA,"BMW of Denver Downtown, Denver, US",,,,,,,,
C4P - Brooklyn Grey Metallic,F97,LKSW - Black Extended Merino Leather,2023,5YM13EC09P9R39469,,9R39469,2MK,,,"Jan 31, 2023",,USA,"BMW North Scottsdale, Phoenix, US",,,,,,,,
C1K - Marina Bay Blue Metallic,F97,LKDA - Sakhir Orange Extended Merino Leather,2023,5YM13EC03P9R40794,,9R40794,2MK,,,"Feb 1, 2023",,USA,"Rallye BMW, Westbury, US",,,,,,,,
300 - Alpine White,F97,LKDA - Sakhir Orange Extended Merino Leather,2023,5YM13EC09P9R40895,,9R40895,2MK,,,"Feb 1, 2023",,USA,"BMW of Rochester, Rochester, US",,,,,,,,
C1K - Marina Bay Blue Metallic,F97,VATQ - BMW Individual Tartufo Extended Merino Leather,2023,5YM13EC07P9R41009,,9R41009,2MK,,,"Feb 1, 2023",,USA,"Winslow BMW of Colorado Springs, Colorado Springs, US",,,,,,,,
C1K - Marina Bay Blue Metallic,F97,LKDA - Sakhir Orange Extended Merino Leather,2023,5YM13EC00P9R41059,,9R41059,2MK,,,"Feb 1, 2023",,USA,"Park Avenue BMW, Rochelle Park, US",,,,,,,,
C4P - Brooklyn Grey Metallic,F97,LKDA - Sakhir Orange Extended Merino Leather,2023,5YM13EC02P9R41113,,9R41113,2MK,,,"Feb 1, 2023",,USA,"BMW of Rockville, Rockville, US",,,,,,,,
C4P - Brooklyn Grey Metallic,F97,LKDA - Sakhir Orange Extended Merino Leather,2023,5YM13EC07P9R41169,,9R41169,2MK,,,"Feb 1, 2023",,USA,"BMW of Tampa, Tampa, US",,,,,,,,
C4P - Brooklyn Grey Metallic,F97,LKSW - Black Extended Merino Leather,2023,5YM13EC04P9R41257,,9R41257,2MK,,,"Feb 1, 2023",,USA,"Autogermana, Inc., Hato Rey, US",,,,,,,,
C4H - Sao Paulo Yellow,F97,LKDA - Sakhir Orange Extended Merino Leather,2023,5YM13EC03P9R41394,,9R41394,2MK,,,"Feb 1, 2023",,USA,"Perillo BMW, Inc., Chicago, US",,,,,,,,
C1K - Marina Bay Blue Metallic,F97,LKSW - Black Extended Merino Leather,2023,5YM13EC00P9R43426,,9R43426,2MK,,,"Feb 2, 2023",,USA,"Passport BMW, Suitland, US",,,,,,,,
C3G - Toronto Red Metallic,F97,LKSW - Black Extended Merino Leather,2023,5YM13EC07P9R43536,,9R43536,2MK,,,"Feb 2, 2023",,USA,"Sun Motor Cars BMW, Mechanicsburg, US",,,,,,,,
475 - Black Sapphire Metallic,F97,LKHV - Adelaide Grey Extended Merino Leather,2023,5YM13EC02P9R43671,,9R43671,2MK,,,"Feb 2, 2023",,USA,"BMW Sherbrooke, Sherbrooke, CA",,,,,,,,
300 - Alpine White,F97,LKDA - Sakhir Orange Extended Merino Leather,2023,5YM13EC0XP9R43725,,9R43725,2MK,,,"Feb 2, 2023",,USA,"BMW North Scottsdale, Phoenix, US",,,,,,,,
475 - Black Sapphire Metallic,F97,LKDA - Sakhir Orange Extended Merino Leather,2023,5YM13EC00P9R43927,,9R43927,2MK,,,"Feb 2, 2023",,USA,"BMW of Manhasset, Manhasset, US",,,,,,,,
475 - Black Sapphire Metallic,F97,LKDA - Sakhir Orange Extended Merino Leather,2023,5YM13EC06P9R44032,,9R44032,2MK,,,"Feb 2, 2023",,USA,"New Century BMW, Alhambra, US",,,,,,,,
C4H - Sao Paulo Yellow,F97,LKSW - Black Extended Merino Leather,2023,5YM13EC02P9R45467,,9R45467,2MK,,,"Mar 21, 2023",,USA,"BMW of Barrington, Barrington, US",,,,,,,,
C4P - Brooklyn Grey Metallic,F97,LKSW - Black Extended Merino Leather,2023,5YM13EC09P9R45613,,9R45613,2MK,,,"Feb 3, 2023",,USA,"New Century BMW, Alhambra, US",,,,,,,,
C1K - Marina Bay Blue Metallic,F97,LKSW - Black Extended Merino Leather,2023,5YM13EC06P9R45665,,9R45665,2MK,,,"Feb 3, 2023",,USA,"BMW Langley, Langley, CA",,,,,,,,
C4P - Brooklyn Grey Metallic,F97,LKSW - Black Extended Merino Leather,2023,5YM13EC01P9R45802,,9R45802,2MK,,,"Feb 3, 2023",,USA,"Fields BMW, Winter Park, US",,,,,,,,
C4P - Brooklyn Grey Metallic,F97,VATQ - BMW Individual Tartufo Extended Merino Leather,2023,5YM13EC00P9R45886,,9R45886,2MK,,,"Feb 3, 2023",,USA,"BMW/MINI of Sterling, Sterling, US",,,,,,,,
U91 - IND. Frozen Black Metallic,F97,VATQ - BMW Individual Tartufo Extended Merino Leather,2023,5YM13EC05P9R46130,,9R46130,2MK,,,"Feb 7, 2023",,USA,"Performance BMW, St. Catharines, CA",,,,,,,,
475 - Black Sapphire Metallic,F97,LKSW - Black Extended Merino Leather,2023,5YM13EC04P9R48144,,9R48144,2MK,,,"Feb 6, 2023",,USA,"BMW of San Rafael, San Rafael, US",,,,,,,,
475 - Black Sapphire Metallic,F97,HDJA - Black/Midrand Beige Two-Tone Merino Leather / Alcantara,2023,5YM13EC05P9R48220,,9R48220,2MK,,,"Feb 6, 2023",,USA,"BMW of Carlsbad, Carlsbad, US",,,,,,,,
C4P - Brooklyn Grey Metallic,F97,LKDA - Sakhir Orange Extended Merino Leather,2023,5YM13EC07P9R48347,,9R48347,2MK,,,"Feb 6, 2023",,USA,"Perillo BMW, Inc., Chicago, US",,,,,,,,
300 - Alpine White,F97,LKDA - Sakhir Orange Extended Merino Leather,2023,5YM13EC07P9R48395,,9R48395,2MK,,,"Feb 6, 2023",,USA,"Wide World BMW, Spring Valley, US",,,,,,,,
475 - Black Sapphire Metallic,F97,LKSW - Black Extended Merino Leather,2023,5YM13EC03P9R48443,,9R48443,2MK,,,"Feb 6, 2023",,USA,"Herb Chambers BMW, Charlestown, US",,,,,,,,
475 - Black Sapphire Metallic,F97,LKSW - Black Extended Merino Leather,2023,5YM13EC05P9R48525,,9R48525,2MK,,,"Feb 6, 2023",,USA,"Momentum BMW/MINI, Houston, US",,,,,,,,
475 - Black Sapphire Metallic,F97,HDJA - Black/Midrand Beige Two-Tone Merino Leather / Alcantara,2023,5YM13EC03P9R48605,,9R48605,2MK,,,"Feb 6, 2023",,USA,"BMW of Farmington Hills, Farmington Hills, US",,,,,,,,
A90 - Dark Graphite Metallic,F97,VATQ - BMW Individual Tartufo Extended Merino Leather,2023,5YM13EC04P9R48824,,9R48824,2MK,,,"Feb 7, 2023",,USA,"Ferman BMW/Ferman MINI of Tampa Bay, Palm Harbor, US",,,,,,,,
C4P - Brooklyn Grey Metallic,F97,LKDA - Sakhir Orange Extended Merino Leather,2023,5YM13EC01P9R49171,,9R49171,2MK,,,"Feb 7, 2023",,USA,"BMW Autohaus, Thornhill, CA",,,,,,,,
C4P - Brooklyn Grey Metallic,F97,VATQ - BMW Individual Tartufo Extended Merino Leather,2023,5YM13EC06P9R49229,,9R49229,2MK,,,"Feb 7, 2023",,USA,"Braman BMW/Braman MINI of Miami, Miami, US",,,,,,,,
C4P - Brooklyn Grey Metallic,F97,LKDA - Sakhir Orange Extended Merino Leather,2023,5YM13EC02P9R49289,,9R49289,2MK,,,"Feb 7, 2023",,USA,"BMW of Southpoint, Durham, US",,,,,,,,
C1K - Marina Bay Blue Metallic,F97,LKSW - Black Extended Merino Leather,2023,5YM13EC08P9R49412,,9R49412,2MK,,,"Feb 7, 2023",,USA,"BMW of the Main Line, Bala Cynwyd, US",,,,,,,,
C4P - Brooklyn Grey Metallic,F97,LKHV - Adelaide Grey Extended Merino Leather,2023,5YM13EC02P9R49471,,9R49471,2MK,,,"Feb 8, 2023",,USA,"BMW of Plano, Plano, US",,,,,,,,
416 - Carbon Black Metallic,F97,LKSW - Black Extended Merino Leather,2023,5YM13EC02P9R49552,,9R49552,2MK,,,"Feb 8, 2023",,USA,"Rallye BMW, Westbury, US",,,,,,,,
300 - Alpine White,F97,LKDA - Sakhir Orange Extended Merino Leather,2023,5YM13EC05P9R49626,,9R49626,2MK,,,"Feb 8, 2023",,USA,"BMW North Scottsdale, Phoenix, US",,,,,,,,
C1K - Marina Bay Blue Metallic,F97,LKHV - Adelaide Grey Extended Merino Leather,2023,5YM13EC06P9R49666,,9R49666,2MK,,,"Feb 8, 2023",,USA,"Sandia BMW/MINI, Albuquerque, US",,,,,,,,
C4P - Brooklyn Grey Metallic,F97,VATQ - BMW Individual Tartufo Extended Merino Leather,2023,5YM13EC02P9R49955,,9R49955,2MK,,,"Feb 8, 2023",,USA,"Sewickley BMW, Sewickley, US",,,,,,,,
C3G - Toronto Red Metallic,F97,VATQ - BMW Individual Tartufo Extended Merino Leather,2023,5YM13EC02P9R50006,,9R50006,2MK,,,"Feb 8, 2023",,USA,"BMW North Scottsdale, Phoenix, US",,,,,,,,
A04 - IND. Urban Green,F97,VATQ - BMW Individual Tartufo Extended Merino Leather,2023,5YM13EC02P9R50054,,9R50054,2MK,,,"Feb 8, 2023",,USA,"BMW of Milwaukee North, Milwaukee, US",,,,,,,,
300 - Alpine White,F97,LKDA - Sakhir Orange Extended Merino Leather,2023,5YM13EC02P9R51091,,9R51091,2MK,,,"Feb 9, 2023",,USA,"BMW of Springfield, Springfield, US",,,,,,,,
A90 - Dark Graphite Metallic,F97,LKDA - Sakhir Orange Extended Merino Leather,2023,5YM13EC03P9R51147,,9R51147,2MK,,,"Feb 9, 2023",,USA,"Braman BMW/Braman MINI of Miami, Miami, US",,,,,,,,
C1K - Marina Bay Blue Metallic,F97,LKSW - Black Extended Merino Leather,2023,5YM13EC00P9R51199,,9R51199,2MK,,,"Feb 9, 2023",,USA,"Jackie Cooper Imports/MINI, Edmond, US",,,,,,,,
C1K - Marina Bay Blue Metallic,F97,LKHV - Adelaide Grey Extended Merino Leather,2023,5YM13EC09P9R51282,,9R51282,2MK,,,"Feb 9, 2023",,USA,"Rusnak BMW, Thousand Oaks, US",,,,,,,,
475 - Black Sapphire Metallic,F97,LKSW - Black Extended Merino Leather,2023,5YM13EC0XP9R51520,,9R51520,2MK,,,"Feb 9, 2023",,USA,"United BMW, Alpharetta, US",,,,,,,,
A90 - Dark Graphite Metallic,F97,HDJA - Black/Midrand Beige Two-Tone Merino Leather / Alcantara,2023,5YM13EC02P9R51673,,9R51673,2MK,,,"Feb 9, 2023",,USA,"BMW of Tigard, Tigard, US",,,,,,,,
A90 - Dark Graphite Metallic,F97,LKSW - Black Extended Merino Leather,2023,5YM13EC06P9R51790,,9R51790,2MK,,,"Feb 10, 2023",,USA,"Bill Jacobs BMW/MINI, Naperville, US",,,,,,,,
C4P - Brooklyn Grey Metallic,F97,LKDA - Sakhir Orange Extended Merino Leather,2023,5YM13EC07P9R51863,,9R51863,2MK,,,"Feb 10, 2023",,USA,"Germain BMW of Naples, Naples, US",,,,,,,,
475 - Black Sapphire Metallic,F97,VATQ - BMW Individual Tartufo Extended Merino Leather,2023,5YM13EC04P9R53540,,9R53540,2MK,,,"Feb 10, 2023",,USA,"Tulley BMW, Nashua, US",,,,,,,,
300 - Alpine White,F97,LKDA - Sakhir Orange Extended Merino Leather,2023,5YM13EC05P9R53692,,9R53692,2MK,,,"Feb 13, 2023",,USA,"BMW of Waterbury, Waterbury, US",,,,,,,,
416 - Carbon Black Metallic,F97,LKDA - Sakhir Orange Extended Merino Leather,2023,5YM13EC09P9R53727,,9R53727,2MK,,,"Feb 13, 2023",,USA,"Wide World BMW, Spring Valley, US",,,,,,,,
475 - Black Sapphire Metallic,F97,LKDA - Sakhir Orange Extended Merino Leather,2023,5YM13EC06P9R53779,,9R53779,2MK,,,"Feb 13, 2023",,USA,"Pacific BMW, Glendale, US",,,,,,,,
300 - Alpine White,F97,LKDA - Sakhir Orange Extended Merino Leather,2023,5YM13EC08P9R53914,,9R53914,2MK,,,"Feb 13, 2023",,USA,"BMW of South Albany, Glenmont, US",,,,,,,,
C4P - Brooklyn Grey Metallic,F97,LKHV - Adelaide Grey Extended Merino Leather,2023,5YM13EC09P9R57390,,9R57390,2MK,,,"Feb 14, 2023",,USA,"Long Beach BMW, Signal Hill, US",,,,,,,,
C1K - Marina Bay Blue Metallic,F97,HDJA - Black/Midrand Beige Two-Tone Merino Leather / Alcantara,2023,5YM13EC02P9R57442,,9R57442,2MK,,,"Feb 14, 2023",,USA,"Motorwerks BMW, Bloomington, US",,,,,,,,
475 - Black Sapphire Metallic,F97,LKSW - Black Extended Merino Leather,2023,5YM13EC0XP9R57477,,9R57477,2MK,,,"Feb 14, 2023",,USA,"BMW of Fairfax, Fairfax, US",,,,,,,,
C1K - Marina Bay Blue Metallic,F97,LKDA - Sakhir Orange Extended Merino Leather,2023,5YM13EC06P9R57637,,9R57637,2MK,,,"Feb 14, 2023",,USA,"BMW of Reading, Reading, US",,,,,,,,
C1K - Marina Bay Blue Metallic,F97,LKSW - Black Extended Merino Leather,2023,5YM13EC00P9R57729,,9R57729,2MK,,,"Feb 14, 2023",,USA,"Fields BMW - Lakeland, Lakeland, US",,,,,,,,
300 - Alpine White,F97,LKSW - Black Extended Merino Leather,2023,5YM13EC07P9R59283,,9R59283,2MK,,,"Feb 14, 2023",,USA,"AH Euler Kaiserslautern GmbH, Kaiserslautern, DE",,,,,,,,
C4P - Brooklyn Grey Metallic,F97,LKSW - Black Extended Merino Leather,2023,5YM13EC09P9R59558,,9R59558,2MK,,,"Feb 15, 2023",,USA,"BMW of West Springfield, West Springfield, US",,,,,,,,
C1K - Marina Bay Blue Metallic,F97,LKSW - Black Extended Merino Leather,2023,5YM13EC06P9R59713,,9R59713,2MK,,,"Feb 15, 2023",,USA,"BMW of Columbia, Columbia, US",,,,,,,,
C4H - Sao Paulo Yellow,F97,LKSW - Black Extended Merino Leather,2023,5YM13EC07P9R59767,,9R59767,2MK,,,"Feb 15, 2023",,USA,"Nalley BMW of Decatur, Decatur, US",,,,,,,,
416 - Carbon Black Metallic,F97,LKSW - Black Extended Merino Leather,2023,5YM13EC05P9R61873,,9R61873,2MK,,,"Feb 15, 2023",,USA,"Edmonton BMW, Edmonton, CA",,,,,,,,
475 - Black Sapphire Metallic,F97,LKSW - Black Extended Merino Leather,2023,5YM13EC07P9R61924,,9R61924,2MK,,,"Feb 16, 2023",,USA,"BMW of Buffalo, Williamsville, US",,,,,,,,
475 - Black Sapphire Metallic,F97,LKSW - Black Extended Merino Leather,2023,5YM13EC01P9R62082,,9R62082,2MK,,,"Feb 16, 2023",,USA,"Herb Chambers BMW, Charlestown, US",,,,,,,,
475 - Black Sapphire Metallic,F97,LKDA - Sakhir Orange Extended Merino Leather,2023,5YM13EC03P9R62133,,9R62133,2MK,,,"Feb 16, 2023",,USA,"AH Euler Kaiserslautern GmbH, Kaiserslautern, DE",,,,,,,,
475 - Black Sapphire Metallic,F97,VATQ - BMW Individual Tartufo Extended Merino Leather,2023,5YM13EC08P9R62225,,9R62225,2MK,,,"Feb 16, 2023",,USA,"BMW of Silver Spring, Silver Spring, US",,,,,,,,
416 - Carbon Black Metallic,F97,VATQ - BMW Individual Tartufo Extended Merino Leather,2023,5YM13EC03P9R62360,,9R62360,2MK,,,"Feb 16, 2023",,USA,"Flemington BMW, Flemington, US",,,,,,,,
416 - Carbon Black Metallic,F97,VATQ - BMW Individual Tartufo Extended Merino Leather,2023,5YM13EC05P9R62425,,9R62425,2MK,,,"Feb 16, 2023",,USA,"Karl Knauz Motors, Lake Bluff, US",,,,,,,,
C1K - Marina Bay Blue Metallic,F97,LKSW - Black Extended Merino Leather,2023,5YM13EC03P9R62648,,9R62648,2MK,,,"Feb 17, 2023",,USA,"BMW of Southpoint, Durham, US",,,,,,,,
300 - Alpine White,F97,LKDA - Sakhir Orange Extended Merino Leather,2023,5YM13EC04P9R62786,,9R62786,2MK,,,"Feb 17, 2023",,USA,"Otto's BMW, West Chester, US",,,,,,,,
C1K - Marina Bay Blue Metallic,F97,LKHV - Adelaide Grey Extended Merino Leather,2023,5YM13EC07P9R62913,,9R62913,2MK,,,"Feb 17, 2023",,USA,"BMW of Freehold, Freehold, US",,,,,,,,
A90 - Dark Graphite Metallic,F97,LKSW - Black Extended Merino Leather,2023,5YM13EC02P9R62964,,9R62964,2MK,,,"Feb 17, 2023",,USA,"BMW of Loveland, Loveland, US",,,,,,,,
300 - Alpine White,F97,LKSW - Black Extended Merino Leather,2023,5YM13EC04P9R63016,,9R63016,2MK,,,"Feb 17, 2023",,USA,"Bavaria BMW, Edmonton, CA",,,,,,,,
C3G - Toronto Red Metallic,F97,LKSW - Black Extended Merino Leather,2023,5YM13EC08P9R63116,,9R63116,2MK,,,"Feb 19, 2023",,USA,"BMW of Sarasota, Sarasota, US",,,,,,,,
C4P - Brooklyn Grey Metallic,F97,LKSW - Black Extended Merino Leather,2023,5YM13EC04P9R64201,,9R64201,2MK,,,"Feb 20, 2023",,USA,"Laurel BMW of Westmont, Westmont, US",,,,,,,,
475 - Black Sapphire Metallic,F97,LKSW - Black Extended Merino Leather,2023,5YM13EC07P9R64404,,9R64404,2MK,,,"Feb 20, 2023",,USA,"BMW of Arlington, Arlington, US",,,,,,,,
C4P - Brooklyn Grey Metallic,F97,HDJA - Black/Midrand Beige Two-Tone Merino Leather / Alcantara,2023,5YM13EC08P9R64461,,9R64461,2MK,,,"Feb 20, 2023",,USA,"Bert Smith International, St. Petersburg, US",,,,,,,,
300 - Alpine White,F97,LKSW - Black Extended Merino Leather,2023,5YM13EC08P9R64573,,9R64573,2MK,,,"Feb 20, 2023",,USA,"BMW of Greenwich, Greenwich, US",,,,,,,,
A90 - Dark Graphite Metallic,F97,LKDA - Sakhir Orange Extended Merino Leather,2023,5YM13EC03P9R64612,,9R64612,2MK,,,"Feb 20, 2023",,USA,"Competition BMW of Smithtown, Saint James, US",,,,,,,,
C4P - Brooklyn Grey Metallic,F97,LKDA - Sakhir Orange Extended Merino Leather,2023,5YM13EC06P9R64667,,9R64667,2MK,,,"Feb 20, 2023",,USA,"Park Avenue BMW, Rochelle Park, US",,,,,,,,
C4P - Brooklyn Grey Metallic,F97,LKDA - Sakhir Orange Extended Merino Leather,2023,5YM13EC07P9R64726,,9R64726,2MK,,,"Feb 20, 2023",,USA,"BMW of Springfield, Springfield, US",,,,,,,,
300 - Alpine White,F97,VATQ - BMW Individual Tartufo Extended Merino Leather,2023,5YM13EC01P9R65869,,9R65869,2MK,,,"Feb 21, 2023",,USA,"BMW of San Antonio/MINI of San Anto, San Antonio, US",,,,,,,,
300 - Alpine White,F97,LKSW - Black Extended Merino Leather,2023,5YM13EC08P9R65917,,9R65917,2MK,,,"Feb 21, 2023",,USA,"Steve Thomas BMW, Camarillo, US",,,,,,,,
475 - Black Sapphire Metallic,F97,VATQ - BMW Individual Tartufo Extended Merino Leather,2023,5YM13EC07P9R66024,,9R66024,2MK,,,"Feb 21, 2023",,USA,"Valencia BMW, Valencia, US",,,,,,,,
A90 - Dark Graphite Metallic,F97,LKDA - Sakhir Orange Extended Merino Leather,2023,5YM13EC02P9R66223,,9R66223,2MK,,,"Feb 21, 2023",,USA,"BMW of South Austin, Austin, US",,,,,,,,
416 - Carbon Black Metallic,F97,LKSW - Black Extended Merino Leather,2023,5YM13EC08P9R66310,,9R66310,2MK,,,"Feb 22, 2023",,USA,"BMW of Fremont, Fremont, US",,,,,,,,
A90 - Dark Graphite Metallic,F97,VATQ - BMW Individual Tartufo Extended Merino Leather,2023,5YM13EC01P9R66360,,9R66360,2MK,,,"Feb 22, 2023",,USA,"Gebhardt BMW, Boulder, US",,,,,,,,
C4H - Sao Paulo Yellow,F97,LKSW - Black Extended Merino Leather,2023,5YM13EC03P9R67431,,9R67431,2MK,,,"Feb 22, 2023",,USA,"BMW of Ontario, Ontario, US",,,,,,,,
C1K - Marina Bay Blue Metallic,F97,LKSW - Black Extended Merino Leather,2023,5YM13EC06P9R67486,,9R67486,2MK,,,"Feb 22, 2023",,USA,"BMW of Lancaster, Lancaster, US",,,,,,,,
C4H - Sao Paulo Yellow,F97,HDJA - Black/Midrand Beige Two-Tone Merino Leather / Alcantara,2023,5YM13EC0XP9R67569,,9R67569,2MK,,,"Feb 22, 2023",,USA,"BMW of Ramsey, Ramsey, US",,,,,,,,
C3G - Toronto Red Metallic,F97,LKSW - Black Extended Merino Leather,2023,5YM13EC0XP9R67667,,9R67667,2MK,,,"Feb 22, 2023",,USA,"Richmond BMW, Richmond, US",,,,,,,,
C4P - Brooklyn Grey Metallic,F97,LKSW - Black Extended Merino Leather,2023,5YM13EC03P9R67851,,9R67851,2MK,,,"Feb 22, 2023",,USA,"Continental BMW of Darien, Darien, US",,,,,,,,
C3G - Toronto Red Metallic,F97,LKSW - Black Extended Merino Leather,2023,5YM13EC07P9R67965,,9R67965,2MK,,,"Feb 23, 2023",,USA,"BMW of Fort Walton Beach, Fort Walton Beach, US",,,,,,,,
C4P - Brooklyn Grey Metallic,F97,LKDA - Sakhir Orange Extended Merino Leather,2023,5YM13EC07P9R69523,,9R69523,2MK,,,"Feb 23, 2023",,USA,"BMW of Fort Lauderdale, Fort Lauderdale, US",,,,,,,,
C4P - Brooklyn Grey Metallic,F97,LKSW - Black Extended Merino Leather,2023,5YM13EC07P9R69635,,9R69635,2MK,,,"Feb 23, 2023",,USA,"BMW of Catonsville, Baltimore, US",,,,,,,,
C4P - Brooklyn Grey Metallic,F97,LKSW - Black Extended Merino Leather,2023,5YM13EC07P9R69831,,9R69831,2MK,,,"Feb 23, 2023",,USA,"BMW of Fremont, Fremont, US",,,,,,,,
C3G - Toronto Red Metallic,F97,LKSW - Black Extended Merino Leather,2023,5YM13EC08P9R70034,,9R70034,2MK,,,"Feb 23, 2023",,USA,"Tulley BMW, Nashua, US",,,,,,,,
C4H - Sao Paulo Yellow,F97,LKSW - Black Extended Merino Leather,2023,5YM13EC03P9R70149,,9R70149,2MK,,,"Feb 24, 2023",,USA,"BMW of Lancaster, Lancaster, US",,,,,,,,
C4P - Brooklyn Grey Metallic,F97,LKDA - Sakhir Orange Extended Merino Leather,2023,5YM13EC03P9R72600,,9R72600,2MK,,,"Feb 24, 2023",,USA,"Schomp BMW of Highlands Ranch, Highlands Ranch, US",,,,,,,,
475 - Black Sapphire Metallic,F97,LKDA - Sakhir Orange Extended Merino Leather,2023,5YM13EC07P9R72700,,9R72700,2MK,,,"Feb 24, 2023",,USA,"Critz BMW, Savannah, US",,,,,,,,
C4P - Brooklyn Grey Metallic,F97,LKDA - Sakhir Orange Extended Merino Leather,2023,5YM13EC05P9R72730,,9R72730,2MK,,,"Feb 24, 2023",,USA,"BMW Fresno, Fresno, US",,,,,,,,
475 - Black Sapphire Metallic,F97,LKDA - Sakhir Orange Extended Merino Leather,2023,5YM13EC04P9R72895,,9R72895,2MK,,,"Feb 24, 2023",,USA,"BMW of Escondido, Escondido, US",,,,,,,,
416 - Carbon Black Metallic,F97,LKDA - Sakhir Orange Extended Merino Leather,2023,5YM13EC07P9R72955,,9R72955,2MK,,,"Feb 26, 2023",,USA,"BMW of Shrewsbury, Shrewsbury, US",,,,,,,,
C4P - Brooklyn Grey Metallic,F97,LKDA - Sakhir Orange Extended Merino Leather,2023,5YM13EC05P9R73053,,9R73053,2MK,,,"Feb 26, 2023",,USA,"BMW of Murray, Murray, US",,,,,,,,
C4P - Brooklyn Grey Metallic,F97,LKDA - Sakhir Orange Extended Merino Leather,2023,5YM13EC00P9R73087,,9R73087,2MK,,,"Feb 27, 2023",,USA,"Roadshow BMW/MINI, Cordova, US",,,,,,,,
475 - Black Sapphire Metallic,F97,LKSW - Black Extended Merino Leather,2023,5YM13EC0XP9R73131,,9R73131,2MK,,,"Feb 27, 2023",,USA,"BMW of Murray, Murray, US",,,,,,,,
C4P - Brooklyn Grey Metallic,F97,LKDA - Sakhir Orange Extended Merino Leather,2023,5YM13EC08P9R73175,,9R73175,2MK,,,"Feb 27, 2023",,USA,"BMW of Bridgeport, Bridgeport, US",,,,,,,,
300 - Alpine White,F97,LKSW - Black Extended Merino Leather,2023,5YM13EC00P9R73428,,9R73428,2MK,,,"Feb 27, 2023",,USA,"BMW of Murray, Murray, US",,,,,,,,
300 - Alpine White,F97,LKDA - Sakhir Orange Extended Merino Leather,2023,5YM13EC07P9R73460,,9R73460,2MK,,,"Feb 27, 2023",,USA,"BMW of Buffalo, Williamsville, US",,,,,,,,
P6M - IND. Grigio Telesto Pearl Effect Metallic,F97,LKSW - Black Extended Merino Leather,2023,5YM13EC01P9R73518,,9R73518,2MK,,,"Feb 27, 2023",,USA,"BMW of Reading, Reading, US",,,,,,,,
475 - Black Sapphire Metallic,F97,LKHV - Adelaide Grey Extended Merino Leather,2023,5YM13EC03P9R73696,,9R73696,2MK,,,"Feb 27, 2023",,USA,"BMW of the Main Line, Bala Cynwyd, US",,,,,,,,
475 - Black Sapphire Metallic,F97,LKDA - Sakhir Orange Extended Merino Leather,2023,5YM13EC0XP9R73727,,9R73727,2MK,,,"Feb 27, 2023",,USA,"BMW of Mt. Laurel, Mount Laurel, US",,,,,,,,
300 - Alpine White,F97,HDJA - Black/Midrand Beige Two-Tone Merino Leather / Alcantara,2023,5YM13EC04P9R73772,,9R73772,2MK,,,"Feb 27, 2023",,USA,"BMW of Honolulu, Honolulu, US",,,,,,,,
A90 - Dark Graphite Metallic,F97,LKSW - Black Extended Merino Leather,2023,5YM13EC06P9R73854,,9R73854,2MK,,,"Feb 28, 2023",,USA,"BMW of Roseville, Roseville, US",,,,,,,,
300 - Alpine White,F97,LKDA - Sakhir Orange Extended Merino Leather,2023,5YM13EC03P9R73908,,9R73908,2MK,,,"Feb 28, 2023",,USA,"Bob Smith BMW, Calabasas, US",,,,,,,,
475 - Black Sapphire Metallic,F97,LKHV - Adelaide Grey Extended Merino Leather,2023,5YM13EC07P9R74088,,9R74088,2MK,,,"Feb 28, 2023",,USA,"BMW of Murrieta, Murrieta, US",,,,,,,,
C4P - Brooklyn Grey Metallic,F97,LKSW - Black Extended Merino Leather,2023,5YM13EC06P9R75300,,9R75300,2MK,,,"Feb 28, 2023",,USA,"Crevier BMW, Santa Ana, US",,,,,,,,
C1K - Marina Bay Blue Metallic,F97,LKSW - Black Extended Merino Leather,2023,5YM13EC0XP9R75395,,9R75395,2MK,,,"Mar 1, 2023",,USA,"BMW of Bellevue, Bellevue, US",,,,,,,,
416 - Carbon Black Metallic,F97,LKDA - Sakhir Orange Extended Merino Leather,2023,5YM13EC04P9R75456,,9R75456,2MK,,,"Mar 1, 2023",,USA,"Habberstad BMW, Huntington Station, US",,,,,,,,
C4P - Brooklyn Grey Metallic,F97,LKDA - Sakhir Orange Extended Merino Leather,2023,5YM13EC08P9R75511,,9R75511,2MK,,,"Mar 1, 2023",,USA,"Perillo BMW, Inc., Chicago, US",,,,,,,,
C4P - Brooklyn Grey Metallic,F97,LKDA - Sakhir Orange Extended Merino Leather,2023,5YM13EC00P9R75566,,9R75566,2MK,,,"Mar 1, 2023",,USA,"BMW of Bridgewater, Bridgewater, US",,,,,,,,
C3G - Toronto Red Metallic,F97,MAH7 - Black Vernasca Leather,2023,5YM13EC06P9R75717,,9R75717,2MK,,,"Mar 1, 2023",,USA,"Stevens Creek BMW, Santa Clara, US",,,,,,,,
300 - Alpine White,F97,MAH7 - Black Vernasca Leather,2023,5YM13EC09P9R76795,,9R76795,2MK,,,"Mar 1, 2023",,USA,"Fields BMW, Winter Park, US",,,,,,,,
300 - Alpine White,F97,LKDA - Sakhir Orange Extended Merino Leather,2023,5YM13EC08P9R76836,,9R76836,2MK,,,"Mar 1, 2023",,USA,"Schomp BMW of Highlands Ranch, Highlands Ranch, US",,,,,,,,
475 - Black Sapphire Metallic,F97,LKSW - Black Extended Merino Leather,2023,5YM13EC02P9R76895,,9R76895,2MK,,,"Mar 2, 2023",,USA,"Niello BMW Sacramento, Sacramento, US",,,,,,,,
A90 - Dark Graphite Metallic,F97,LKDA - Sakhir Orange Extended Merino Leather,2023,5YM13EC09P9R76991,,9R76991,2MK,,,"Mar 2, 2023",,USA,"Hamel BMW, Blainville, CA",,,,,,,,
300 - Alpine White,F97,LKDA - Sakhir Orange Extended Merino Leather,2023,5YM13EC03P9R77134,,9R77134,2MK,,,"Mar 2, 2023",,USA,"Paul Miller BMW, Wayne, US",,,,,,,,
C3G - Toronto Red Metallic,F97,LKDA - Sakhir Orange Extended Merino Leather,2023,5YM13EC03P9R77229,,9R77229,2MK,,,"Mar 2, 2023",,USA,"Tom Bush BMW Jacksonville, Jacksonville, US",,,,,,,,
475 - Black Sapphire Metallic,F97,LKSW - Black Extended Merino Leather,2023,5YM13EC07P9R77265,,9R77265,2MK,,,"Mar 2, 2023",,USA,"BMW Levis, Levis, CA",,,,,,,,
300 - Alpine White,F97,VATQ - BMW Individual Tartufo Extended Merino Leather,2023,5YM13EC02P9R77349,,9R77349,2MK,,,"Mar 2, 2023",,USA,"BMW Tucson, Tucson, US",,,,,,,,
475 - Black Sapphire Metallic,F97,LKSW - Black Extended Merino Leather,2023,5YM13EC02P9R77397,,9R77397,2MK,,,"Mar 2, 2023",,USA,"BMW of Southpoint, Durham, US",,,,,,,,
475 - Black Sapphire Metallic,F97,LKSW - Black Extended Merino Leather,2023,5YM13EC05P9R81136,,9R81136,2MK,,,"Mar 2, 2023",,USA,"BMW Grand River, Kitchener, CA",,,,,,,,
A90 - Dark Graphite Metallic,F97,LKSW - Black Extended Merino Leather,2023,5YM13EC00P9R81173,,9R81173,2MK,,,"Mar 2, 2023",,USA,"BMW of Asheville, Arden, US",,,,,,,,
475 - Black Sapphire Metallic,F97,LKDA - Sakhir Orange Extended Merino Leather,2023,5YM13EC02P9R81255,,9R81255,2MK,,,"Mar 3, 2023",,USA,"Hamel BMW, Blainville, CA",,,,,,,,
C3G - Toronto Red Metallic,F97,HDJA - Black/Midrand Beige Two-Tone Merino Leather / Alcantara,2023,5YM13EC05P9R81301,,9R81301,2MK,,,"Mar 3, 2023",,USA,"BMW of Roseville, Roseville, US",,,,,,,,
475 - Black Sapphire Metallic,F97,LKDA - Sakhir Orange Extended Merino Leather,2023,5YM13EC04P9R81337,,9R81337,2MK,,,"Mar 3, 2023",,USA,"Flemington BMW, Flemington, US",,,,,,,,
A90 - Dark Graphite Metallic,F97,LKSW - Black Extended Merino Leather,2023,5YM13EC0XP9R81469,,9R81469,2MK,,,"Mar 3, 2023",,USA,"BMW of Murray, Murray, US",,,,,,,,
C1K - Marina Bay Blue Metallic,F97,HDJA - Black/Midrand Beige Two-Tone Merino Leather / Alcantara,2023,5YM13EC08P9R81504,,9R81504,2MK,,,"Mar 3, 2023",,USA,"Karl Knauz Motors, Lake Bluff, US",,,,,,,,
C4H - Sao Paulo Yellow,F97,LKSW - Black Extended Merino Leather,2023,5YM13EC06P9R81615,,9R81615,2MK,,,"Mar 3, 2023",,USA,"Fields BMW, Winter Park, US",,,,,,,,
475 - Black Sapphire Metallic,F97,VATQ - BMW Individual Tartufo Extended Merino Leather,2023,5YM13EC05P9R81699,,9R81699,2MK,,,"Mar 3, 2023",,USA,"Brian Jessel BMW, Vancouver, CA",,,,,,,,
C4P - Brooklyn Grey Metallic,F97,LKSW - Black Extended Merino Leather,2023,5YM13EC07P9R81834,,9R81834,2MK,,,"Mar 5, 2023",,USA,"Weatherford BMW, Berkeley, US",,,,,,,,
475 - Black Sapphire Metallic,F97,LKDA - Sakhir Orange Extended Merino Leather,2023,5YM13EC07P9R81882,,9R81882,2MK,,,"Mar 6, 2023",,USA,"BMW of South Austin, Austin, US",,,,,,,,
475 - Black Sapphire Metallic,F97,LKHV - Adelaide Grey Extended Merino Leather,2023,5YM13EC08P9R81969,,9R81969,2MK,,,"Mar 6, 2023",,USA,"BMW Portland, Portland, US",,,,,,,,
C4P - Brooklyn Grey Metallic,F97,LKDA - Sakhir Orange Extended Merino Leather,2023,5YM13EC06P9R82165,,9R82165,2MK,,,"Mar 6, 2023",,USA,"BMW of Temple, Temple, US",,,,,,,,
C4P - Brooklyn Grey Metallic,F97,LKDA - Sakhir Orange Extended Merino Leather,2023,5YM13EC0XP9R82198,,9R82198,2MK,,,"Mar 6, 2023",,USA,"BMW of Turnersville, Turnersville, US",,,,,,,,
475 - Black Sapphire Metallic,F97,LKSW - Black Extended Merino Leather,2023,5YM13EC04P9R82245,,9R82245,2MK,,,"Mar 6, 2023",,USA,"Patrick BMW, Schaumburg, US",,,,,,,,
475 - Black Sapphire Metallic,F97,LKSW - Black Extended Merino Leather,2023,5YM13EC03P9R82298,,9R82298,2MK,,,"Mar 6, 2023",,USA,"Paul Miller BMW, Wayne, US",,,,,,,,
C4P - Brooklyn Grey Metallic,F97,LKSW - Black Extended Merino Leather,2023,5YM13EC08P9R82393,,9R82393,2MK,,,"Mar 6, 2023",,USA,"Otto's BMW, West Chester, US",,,,,,,,
C1K - Marina Bay Blue Metallic,F97,HDJA - Black/Midrand Beige Two-Tone Merino Leather / Alcantara,2023,5YM13EC00P9R83439,,9R83439,2MK,,,"Mar 6, 2023",,USA,"BMW of Silver Spring, Silver Spring, US",,,,,,,,
475 - Black Sapphire Metallic,F97,LKDA - Sakhir Orange Extended Merino Leather,2023,5YM13EC03P9R83628,,9R83628,2MK,,,"Mar 7, 2023",,USA,"Union Park BMW, Wilmington, US",,,,,,,,
475 - Black Sapphire Metallic,F97,LKSW - Black Extended Merino Leather,2023,5YM13EC03P9R83662,,9R83662,2MK,,,"Mar 7, 2023",,USA,"Santa Monica BMW, Santa Monica, US",,,,,,,,
475 - Black Sapphire Metallic,F97,LKSW - Black Extended Merino Leather,2023,5YM13EC08P9R83866,,9R83866,2MK,,,"Mar 7, 2023",,USA,"Crevier BMW, Santa Ana, US",,,,,,,,
300 - Alpine White,F97,LKHV - Adelaide Grey Extended Merino Leather,2023,5YM13EC03P9R83919,,9R83919,2MK,,,"Mar 7, 2023",,USA,"BMW of Reading, Reading, US",,,,,,,,
475 - Black Sapphire Metallic,F97,LKSW - Black Extended Merino Leather,2023,5YM13EC09P9R83956,,9R83956,2MK,,,"Mar 7, 2023",,USA,"BMW of Tigard, Tigard, US",,,,,,,,
C1K - Marina Bay Blue Metallic,F97,LKSW - Black Extended Merino Leather,2023,5YM13EC0XP9R84033,,9R84033,2MK,,,"Mar 7, 2023",,USA,"BMW of Westchester, White Plains, US",,,,,,,,
C4P - Brooklyn Grey Metallic,F97,LKDA - Sakhir Orange Extended Merino Leather,2023,5YM13EC04P9R85971,,9R85971,2MK,,,"Mar 8, 2023",,USA,"Patrick BMW, Schaumburg, US",,,,,,,,
C1K - Marina Bay Blue Metallic,F97,HDJA - Black/Midrand Beige Two-Tone Merino Leather / Alcantara,2023,5YM13EC04P9R86022,,9R86022,2MK,,,"Mar 8, 2023",,USA,"BMW of Sudbury, Sudbury, US",,,,,,,,
C4P - Brooklyn Grey Metallic,F97,LKSW - Black Extended Merino Leather,2023,5YM13EC03P9R86058,,9R86058,2MK,,,"Mar 8, 2023",,USA,"Peter Pan BMW, Burlingame, US",,,,,,,,
C4P - Brooklyn Grey Metallic,F97,VATQ - BMW Individual Tartufo Extended Merino Leather,2023,5YM13EC08P9R86167,,9R86167,2MK,,,"Mar 8, 2023",,USA,"BMW of Grapevine, Grapevine, US",,,,,,,,
C4P - Brooklyn Grey Metallic,F97,LKSW - Black Extended Merino Leather,2023,5YM13EC01P9R86298,,9R86298,2MK,,,"Mar 8, 2023",,USA,"Sterling BMW, Newport Beach, US",,,,,,,,
C4P - Brooklyn Grey Metallic,F97,LKSW - Black Extended Merino Leather,2023,5YM13EC01P9R86348,,9R86348,2MK,,,"Mar 8, 2023",,USA,"BMW of Nashville, Brentwood, US",,,,,,,,
C4P - Brooklyn Grey Metallic,F97,HDJA - Black/Midrand Beige Two-Tone Merino Leather / Alcantara,2023,5YM13EC04P9R86490,,9R86490,2MK,,,"Mar 8, 2023",,USA,"BMW of Tigard, Tigard, US",,,,,,,,
C4P - Brooklyn Grey Metallic,F97,LKDA - Sakhir Orange Extended Merino Leather,2023,5YM13EC02P9R87492,,9R87492,2MK,,,"Mar 8, 2023",,USA,"BMW of Carlsbad, Carlsbad, US",,,,,,,,
C1K - Marina Bay Blue Metallic,F97,LKSW - Black Extended Merino Leather,2023,5YM13EC07P9R87536,,9R87536,2MK,,,"Mar 9, 2023",,USA,"Passport BMW, Suitland, US",,,,,,,,
C1K - Marina Bay Blue Metallic,F97,LKSW - Black Extended Merino Leather,2023,5YM13EC09P9R87571,,9R87571,2MK,,,"Mar 9, 2023",,USA,"Budds' BMW Oakville, Oakville, CA",,,,,,,,
475 - Black Sapphire Metallic,F97,LKSW - Black Extended Merino Leather,2023,5YM13EC00P9R87670,,9R87670,2MK,,,"Mar 9, 2023",,USA,"BMW of Plano, Plano, US",,,,,,,,
C4P - Brooklyn Grey Metallic,F97,LKHV - Adelaide Grey Extended Merino Leather,2023,5YM13EC02P9R87704,,9R87704,2MK,,,"Mar 9, 2023",,USA,"BMW of Columbia, Columbia, US",,,,,,,,
C4P - Brooklyn Grey Metallic,F97,LKDA - Sakhir Orange Extended Merino Leather,2023,5YM13EC06P9R87754,,9R87754,2MK,,,"Mar 9, 2023",,USA,"BMW of the Hudson Valley, Poughkeepsie, US",,,,,,,,
A90 - Dark Graphite Metallic,F97,LKSW - Black Extended Merino Leather,2023,5YM13EC02P9R87945,,9R87945,2MK,,,"Mar 9, 2023",,USA,"BMW of San Diego, San Diego, US",,,,,,,,
C3G - Toronto Red Metallic,F97,VATQ - BMW Individual Tartufo Extended Merino Leather,2023,5YM13EC05P9R88037,,9R88037,2MK,,,"Mar 9, 2023",,USA,"BMW of Plano, Plano, US",,,,,,,,
416 - Carbon Black Metallic,F97,LKHV - Adelaide Grey Extended Merino Leather,2023,5YM13EC02P9R88125,,9R88125,2MK,,,"Mar 9, 2023",,USA,"BMW of Orland Park, Orland Park, US",,,,,,,,
475 - Black Sapphire Metallic,F97,LKSW - Black Extended Merino Leather,2023,5YM13EC05P9R90046,,9R90046,2MK,,,"Mar 9, 2023",,USA,"BMW of Westlake, Cuyahoga, US",,,,,,,,
475 - Black Sapphire Metallic,F97,LKDA - Sakhir Orange Extended Merino Leather,2023,5YM13EC05P9R90144,,9R90144,2MK,,,"Mar 10, 2023",,USA,"Long Beach BMW, Signal Hill, US",,,,,,,,
475 - Black Sapphire Metallic,F97,LKSW - Black Extended Merino Leather,2023,5YM13EC09P9R90308,,9R90308,2MK,,,"Mar 10, 2023",,USA,"BMW of Silver Spring, Silver Spring, US",,,,,,,,
475 - Black Sapphire Metallic,F97,LKDA - Sakhir Orange Extended Merino Leather,2023,5YM13EC08P9R90428,,9R90428,2MK,,,"Mar 10, 2023",,USA,"Sterling BMW, Newport Beach, US",,,,,,,,
C4P - Brooklyn Grey Metallic,F97,LKSW - Black Extended Merino Leather,2023,5YM13EC0XP9R90480,,9R90480,2MK,,,"Mar 10, 2023",,USA,"BMW of Murray, Murray, US",,,,,,,,
416 - Carbon Black Metallic,F97,VATQ - BMW Individual Tartufo Extended Merino Leather,2023,5YM13EC04P9R90507,,9R90507,2MK,,,"Mar 10, 2023",,USA,"Braman BMW/Braman MINI of Miami, Miami, US",,,,,,,,
C1K - Marina Bay Blue Metallic,F97,HDJA - Black/Midrand Beige Two-Tone Merino Leather / Alcantara,2023,5YM13EC09P9R90678,,9R90678,2MK,,,"Mar 12, 2023",,USA,"BMW Markham, Markham, CA",,,,,,,,
300 - Alpine White,F97,VATQ - BMW Individual Tartufo Extended Merino Leather,2023,5YM13EC05P9R90757,,9R90757,2MK,,,"Mar 13, 2023",,USA,"BMW of Fort Myers, Fort Myers, US",,,,,,,,
475 - Black Sapphire Metallic,F97,LKHV - Adelaide Grey Extended Merino Leather,2023,5YM13EC02P9R90974,,9R90974,2MK,,,"Mar 13, 2023",,USA,"Braman BMW/Braman MINI of Miami, Miami, US",,,,,,,,
475 - Black Sapphire Metallic,F97,LKSW - Black Extended Merino Leather,2023,5YM13EC01P9R91033,,9R91033,2MK,,,"Mar 13, 2023",,USA,"BMW of Morristown, Morristown, US",,,,,,,,
A90 - Dark Graphite Metallic,F97,VATQ - BMW Individual Tartufo Extended Merino Leather,2023,5YM13EC02P9R91087,,9R91087,2MK,,,"Mar 13, 2023",,USA,"BMW of West Springfield, West Springfield, US",,,,,,,,
300 - Alpine White,F97,MAH7 - Black Vernasca Leather,2023,5YM13EC07P9R91196,,9R91196,2MK,,,"Mar 13, 2023",,USA,"BMW Concord, Concord, US",,,,,,,,
475 - Black Sapphire Metallic,F97,LKDA - Sakhir Orange Extended Merino Leather,2023,5YM13EC07P9R91280,,9R91280,2MK,,,"Mar 13, 2023",,USA,"South Bay BMW, Torrance, US",,,,,,,,
475 - Black Sapphire Metallic,F97,LKSW - Black Extended Merino Leather,2023,5YM13EC02P9R91316,,9R91316,2MK,,,"Mar 13, 2023",,USA,"BMW of Monrovia, Monrovia, US",,,,,,,,
A90 - Dark Graphite Metallic,F97,LKHV - Adelaide Grey Extended Merino Leather,2023,5YM13EC09P9R91359,,9R91359,2MK,,,"Mar 13, 2023",,USA,"BMW Concord, Concord, US",,,,,,,,
300 - Alpine White,F97,HDJA - Black/Midrand Beige Two-Tone Merino Leather / Alcantara,2023,5YM13EC08P9R92308,,9R92308,2MK,,,"Mar 13, 2023",,USA,"East Bay BMW, Pleasanton, US",,,,,,,,
A90 - Dark Graphite Metallic,F97,LKDA - Sakhir Orange Extended Merino Leather,2023,5YM13EC03P9R92362,,9R92362,2MK,,,"Mar 14, 2023",,USA,"BMW of Mt. Laurel, Mount Laurel, US",,,,,,,,
416 - Carbon Black Metallic,F97,LKSW - Black Extended Merino Leather,2023,5YM13EC00P9R92478,,9R92478,2MK,,,"Mar 14, 2023",,USA,"BMW of West Springfield, West Springfield, US",,,,,,,,
C1K - Marina Bay Blue Metallic,F97,LKDA - Sakhir Orange Extended Merino Leather,2023,5YM13EC08P9R92535,,9R92535,2MK,,,"Mar 14, 2023",,USA,"BMW Performance Center (SC), Greer, US",,,,,,,,
C1K - Marina Bay Blue Metallic,F97,VATQ - BMW Individual Tartufo Extended Merino Leather,2023,5YM13EC09P9R92589,,9R92589,2MK,,,"Mar 14, 2023",,USA,"BMW of Delray Beach, Delray Beach, US",,,,,,,,
300 - Alpine White,F97,VATQ - BMW Individual Tartufo Extended Merino Leather,2023,5YM13EC06P9R92744,,9R92744,2MK,,,"Mar 14, 2023",,USA,"Rallye BMW, Westbury, US",,,,,,,,
300 - Alpine White,F97,LKDA - Sakhir Orange Extended Merino Leather,2023,5YM13EC00P9R92870,,9R92870,2MK,,,"Mar 14, 2023",,USA,"Braman BMW/Braman MINI of Miami, Miami, US",,,,,,,,
C1K - Marina Bay Blue Metallic,F97,LKSW - Black Extended Merino Leather,2023,5YM13EC07P9R92963,,9R92963,2MK,,,"Mar 14, 2023",,USA,"Patrick BMW, Schaumburg, US",,,,,,,,
C3G - Toronto Red Metallic,F97,MAH7 - Black Vernasca Leather,2023,5YM13EC02P9R93910,,9R93910,2MK,,,"Mar 15, 2023",,USA,"BMW of Anchorage, Anchorage, US",,,,,,,,
C3G - Toronto Red Metallic,F97,LKHV - Adelaide Grey Extended Merino Leather,2023,5YM13EC00P9R93999,,9R93999,2MK,,,"Mar 15, 2023",,USA,"Chapman BMW, Chandler, US",,,,,,,,
C4P - Brooklyn Grey Metallic,F97,LKSW - Black Extended Merino Leather,2023,5YM13EC07P9R94048,,9R94048,2MK,,,"Mar 15, 2023",,USA,"Valencia BMW, Valencia, US",,,,,,,,
C3G - Toronto Red Metallic,F97,LKDA - Sakhir Orange Extended Merino Leather,2023,5YM13EC07P9R94082,,9R94082,2MK,,,"Mar 15, 2023",,USA,"Rallye BMW, Westbury, US",,,,,,,,
C1K - Marina Bay Blue Metallic,F97,LKDA - Sakhir Orange Extended Merino Leather,2023,5YM13EC05P9R94131,,9R94131,2MK,,,"Mar 15, 2023",,USA,"BMW of Manhasset, Manhasset, US",,,,,,,,
C4P - Brooklyn Grey Metallic,F97,LKSW - Black Extended Merino Leather,2023,5YM13EC03P9R94208,,9R94208,2MK,,,"Mar 15, 2023",,USA,"East Bay BMW, Pleasanton, US",,,,,,,,
C4P - Brooklyn Grey Metallic,F97,LKDA - Sakhir Orange Extended Merino Leather,2023,5YM13EC01P9R94367,,9R94367,2MK,,,"Mar 15, 2023",,USA,"Chapman BMW, Chandler, US",,,,,,,,
C1K - Marina Bay Blue Metallic,F97,VATQ - BMW Individual Tartufo Extended Merino Leather,2023,5YM13EC03P9R94418,,9R94418,2MK,,,"Mar 15, 2023",,USA,"BMW of Alexandria, Alexandria, US",,,,,,,,
C1K - Marina Bay Blue Metallic,F97,LKHV - Adelaide Grey Extended Merino Leather,2023,5YM13EC09P9R95525,,9R95525,2MK,,,"Mar 16, 2023",,USA,"Chapman BMW, Chandler, US",,,,,,,,
C4P - Brooklyn Grey Metallic,F97,LKSW - Black Extended Merino Leather,2023,5YM13EC05P9R95621,,9R95621,2MK,,,"Mar 16, 2023",,USA,"BMW of San Diego, San Diego, US",,,,,,,,
C1K - Marina Bay Blue Metallic,F97,VATQ - BMW Individual Tartufo Extended Merino Leather,2023,5YM13EC07P9R95670,,9R95670,2MK,,,"Mar 16, 2023",,USA,"McKenna BMW, Norwalk, US",,,,,,,,
A90 - Dark Graphite Metallic,F97,LKDA - Sakhir Orange Extended Merino Leather,2023,5YM13EC07P9R95703,,9R95703,2MK,,,"Mar 16, 2023",,USA,"Habberstad BMW, Huntington Station, US",,,,,,,,
C1K - Marina Bay Blue Metallic,F97,HDJA - Black/Midrand Beige Two-Tone Merino Leather / Alcantara,2023,5YM13EC08P9R95743,,9R95743,2MK,,,"Mar 16, 2023",,USA,"BMW of Murrieta, Murrieta, US",,,,,,,,
475 - Black Sapphire Metallic,F97,LKSW - Black Extended Merino Leather,2023,5YM13EC04P9R95822,,9R95822,2MK,,,"Mar 16, 2023",,USA,"Gebhardt BMW, Boulder, US",,,,,,,,
475 - Black Sapphire Metallic,F97,LKSW - Black Extended Merino Leather,2023,5YM13EC05P9R95893,,9R95893,2MK,,,"Mar 16, 2023",,USA,"Schomp BMW of Highlands Ranch, Highlands Ranch, US",,,,,,,,
C4P - Brooklyn Grey Metallic,F97,HDJA - Black/Midrand Beige Two-Tone Merino Leather / Alcantara,2023,5YM13EC02P9R96063,,9R96063,2MK,,,"Mar 16, 2023",,USA,"BMW of Lubbock, San Antonio, US",,,,,,,,
C4H - Sao Paulo Yellow,F97,LKDA - Sakhir Orange Extended Merino Leather,2023,5YM13EC01P9R97916,,9R97916,2MK,,,"Mar 16, 2023",,USA,"BMW of North Haven, North Haven, US",,,,,,,,
C1K - Marina Bay Blue Metallic,F97,LKDA - Sakhir Orange Extended Merino Leather,2023,5YM13EC05P9R97949,,9R97949,2MK,,,"Mar 16, 2023",,USA,"Fields BMW, Winter Park, US",,,,,,,,
C4H - Sao Paulo Yellow,F97,LKSW - Black Extended Merino Leather,2023,5YM13EC05P9R97997,,9R97997,2MK,,,"Mar 17, 2023",,USA,"BMW of Stratham, Stratham, US",,,,,,,,
300 - Alpine White,F97,LKSW - Black Extended Merino Leather,2023,5YM13EC08P9R98139,,9R98139,2MK,,,"Mar 17, 2023",,USA,"BMW of Okemos, Okemos, US",,,,,,,,
C1K - Marina Bay Blue Metallic,F97,LKDA - Sakhir Orange Extended Merino Leather,2023,5YM13EC03P9R98193,,9R98193,2MK,,,"Mar 17, 2023",,USA,"Fields BMW, Winter Park, US",,,,,,,,
A90 - Dark Graphite Metallic,F97,LKDA - Sakhir Orange Extended Merino Leather,2023,5YM13EC02P9R98444,,9R98444,2MK,,,"Mar 17, 2023",,USA,"BMW of Riverside, Riverside, US",,,,,,,,
C1K - Marina Bay Blue Metallic,F97,VATQ - BMW Individual Tartufo Extended Merino Leather,2023,5YM13EC00P9R98491,,9R98491,2MK,,,"Mar 17, 2023",,USA,"Schomp BMW of Highlands Ranch, Highlands Ranch, US",,,,,,,,
C1K - Marina Bay Blue Metallic,F97,HDJA - Black/Midrand Beige Two-Tone Merino Leather / Alcantara,2023,5YM13EC08P9R98531,,9R98531,2MK,,,"Mar 19, 2023",,USA,"BMW of Grapevine, Grapevine, US",,,,,,,,
300 - Alpine White,F97,VATQ - BMW Individual Tartufo Extended Merino Leather,2023,5YM13EC06P9R99550,,9R99550,2MK,,,"Mar 19, 2023",,USA,"Galleria BMW, D'Iberville, US",,,,,,,,
416 - Carbon Black Metallic,F97,VATQ - BMW Individual Tartufo Extended Merino Leather,2023,5YM13EC03P9R99604,,9R99604,2MK,,,"Mar 20, 2023",,USA,"Park Avenue BMW, Rochelle Park, US",,,,,,,,
300 - Alpine White,F97,VATQ - BMW Individual Tartufo Extended Merino Leather,2023,5YM13EC09P9R99686,,9R99686,2MK,,,"Mar 20, 2023",,USA,"BMW of Grapevine, Grapevine, US",,,,,,,,
475 - Black Sapphire Metallic,F97,LKSW - Black Extended Merino Leather,2023,5YM13EC00P9R99799,,9R99799,2MK,,,"Mar 20, 2023",,USA,"BMW of San Antonio/MINI of San Anto, San Antonio, US",,,,,,,,
416 - Carbon Black Metallic,F97,LKDA - Sakhir Orange Extended Merino Leather,2023,5YM13EC09P9R99848,,9R99848,2MK,,,"Mar 20, 2023",,USA,"Perillo BMW, Inc., Chicago, US",,,,,,,,
A90 - Dark Graphite Metallic,F97,LKSW - Black Extended Merino Leather,2023,5YM13EC07P9R99881,,9R99881,2MK,,,"Mar 20, 2023",,USA,"BMW of Delray Beach, Delray Beach, US",,,,,,,,
475 - Black Sapphire Metallic,F97,LKSW - Black Extended Merino Leather,2023,5YM13EC07P9R99959,,9R99959,2MK,,,"Mar 20, 2023",,USA,"BMW of Des Moines, Urbandale, US",,,,,,,,
300 - Alpine White,F97,LKSW - Black Extended Merino Leather,2023,5YM13EC07P9S00164,,9S00164,2MK,,,"Mar 21, 2023",,USA,"Chapman BMW, Chandler, US",,,,,,,,
C1K - Marina Bay Blue Metallic,F97,LKDA - Sakhir Orange Extended Merino Leather,2023,5YM13EC08P9S02568,,9S02568,2MK,,,"Mar 21, 2023",,USA,"BMW of Manhattan, New York, US",,,,,,,,
475 - Black Sapphire Metallic,F97,LKDA - Sakhir Orange Extended Merino Leather,2023,5YM13EC08P9S02702,,9S02702,2MK,,,"Mar 21, 2023",,USA,"BMW of Barrington, Barrington, US",,,,,,,,
C4P - Brooklyn Grey Metallic,F97,VATQ - BMW Individual Tartufo Extended Merino Leather,2023,5YM13EC00P9S02757,,9S02757,2MK,,,"Mar 21, 2023",,USA,"BMW of Fort Washington, Dresher, US",,,,,,,,
C4H - Sao Paulo Yellow,F97,VATQ - BMW Individual Tartufo Extended Merino Leather,2023,5YM13EC02P9S02839,,9S02839,2MK,,,"Mar 21, 2023",,USA,"BMW of Kansas City South, Kansas CIty, US",,,,,,,,
C4P - Brooklyn Grey Metallic,F97,LKSW - Black Extended Merino Leather,2023,5YM13EC04P9S02924,,9S02924,2MK,,,"Mar 21, 2023",,USA,"Perillo BMW, Inc., Chicago, US",,,,,,,,
C1K - Marina Bay Blue Metallic,F97,LKSW - Black Extended Merino Leather,2023,5YM13EC08P9S02974,,9S02974,2MK,,,"Mar 21, 2023",,USA,"BMW of Sudbury, Sudbury, US",,,,,,,,
C4P - Brooklyn Grey Metallic,F97,LKSW - Black Extended Merino Leather,2023,5YM13EC00P9S03052,,9S03052,2MK,,,"Mar 21, 2023",,USA,"BMW of Chico, Chico, US",,,,,,,,
C4P - Brooklyn Grey Metallic,F97,LKSW - Black Extended Merino Leather,2023,5YM13EC02P9S04557,,9S04557,2MK,,,"Mar 22, 2023",,USA,"BMW of Anchorage, Anchorage, US",,,,,,,,
C4P - Brooklyn Grey Metallic,F97,LKDA - Sakhir Orange Extended Merino Leather,2023,5YM13EC0XP9S04693,,9S04693,2MK,,,"Mar 22, 2023",,USA,"Flemington BMW, Flemington, US",,,,,,,,
C4P - Brooklyn Grey Metallic,F97,LKDA - Sakhir Orange Extended Merino Leather,2023,5YM13EC01P9S04730,,9S04730,2MK,,,"Mar 22, 2023",,USA,"BMW North Scottsdale, Phoenix, US",,,,,,,,
C3G - Toronto Red Metallic,F97,LKSW - Black Extended Merino Leather,2023,5YM13EC09P9S04782,,9S04782,2MK,,,"Mar 22, 2023",,USA,"BMW of Denver Downtown, Denver, US",,,,,,,,
C4P - Brooklyn Grey Metallic,F97,LKDA - Sakhir Orange Extended Merino Leather,2023,5YM13EC09P9S04846,,9S04846,2MK,,,"Mar 22, 2023",,USA,"BMW of Ramsey, Ramsey, US",,,,,,,,
C4P - Brooklyn Grey Metallic,F97,LKHV - Adelaide Grey Extended Merino Leather,2023,5YM13EC02P9S05062,,9S05062,2MK,,,"Mar 22, 2023",,USA,"BMW of Manhasset, Manhasset, US",,,,,,,,
C4P - Brooklyn Grey Metallic,F97,LKSW - Black Extended Merino Leather,2023,5YM13EC09P9S05138,,9S05138,2MK,,,"Mar 22, 2023",,USA,"BMW of Santa Maria, Santa Maria, US",,,,,,,,
C3G - Toronto Red Metallic,F97,LKSW - Black Extended Merino Leather,2023,5YM13EC0XP9S06119,,9S06119,2MK,,,"Mar 23, 2023",,USA,"BMW Portland, Portland, US",,,,,,,,
475 - Black Sapphire Metallic,F97,LKSW - Black Extended Merino Leather,2023,5YM13EC00P9S06226,,9S06226,2MK,,,"Mar 23, 2023",,USA,"BMW of San Diego, San Diego, US",,,,,,,,
300 - Alpine White,F97,LKSW - Black Extended Merino Leather,2023,5YM13EC08P9S06331,,9S06331,2MK,,,"Mar 23, 2023",,USA,"BMW of Fort Lauderdale, Fort Lauderdale, US",,,,,,,,
A90 - Dark Graphite Metallic,F97,LKSW - Black Extended Merino Leather,2023,5YM13EC00P9S06369,,9S06369,2MK,,,"Mar 23, 2023",,USA,"BMW of Loveland, Loveland, US",,,,,,,,
C1K - Marina Bay Blue Metallic,F97,VATQ - BMW Individual Tartufo Extended Merino Leather,2023,5YM13EC00P9S06419,,9S06419,2MK,,,"Mar 23, 2023",,USA,"BMW MFG Company Cars, Greer, US",,,,,,,,
C4P - Brooklyn Grey Metallic,F97,LKSW - Black Extended Merino Leather,2023,5YM13EC09P9S06497,,9S06497,2MK,,,"Mar 23, 2023",,USA,"AH Euler Kaiserslautern GmbH, Kaiserslautern, DE",,,,,,,,
300 - Alpine White,F97,LKSW - Black Extended Merino Leather,2023,5YM13EC00P9S06694,,9S06694,2MK,,,"Mar 23, 2023",,USA,"Bill Jacobs BMW/MINI, Naperville, US",,,,,,,,
C4H - Sao Paulo Yellow,F97,LKSW - Black Extended Merino Leather,2023,5YM13EC08P9S08418,,9S08418,2MK,,,"Mar 24, 2023",,USA,"Nalley BMW of Decatur, Decatur, US",,,,,,,,
300 - Alpine White,F97,LKDA - Sakhir Orange Extended Merino Leather,2023,5YM13EC01P9S08454,,9S08454,2MK,,,"Mar 24, 2023",,USA,"Habberstad BMW, Huntington Station, US",,,,,,,,
C4P - Brooklyn Grey Metallic,F97,LKDA - Sakhir Orange Extended Merino Leather,2023,5YM13EC05P9S08506,,9S08506,2MK,,,"Mar 24, 2023",,USA,"BMW of Pharr, Pharr, US",,,,,,,,
C4P - Brooklyn Grey Metallic,F97,LKDA - Sakhir Orange Extended Merino Leather,2023,5YM13EC02P9S08561,,9S08561,2MK,,,"Mar 24, 2023",,USA,"Open Road BMW, Edison, US",,,,,,,,
475 - Black Sapphire Metallic,F97,LKSW - Black Extended Merino Leather,2023,5YM13EC03P9S08598,,9S08598,2MK,,,"Mar 24, 2023",,USA,"Valley BMW, Modesto, US",,,,,,,,
300 - Alpine White,F97,LKSW - Black Extended Merino Leather,2023,5YM13EC02P9S08799,,9S08799,2MK,,,"Mar 24, 2023",,USA,"BMW Northwest, Tacoma, US",,,,,,,,
C4P - Brooklyn Grey Metallic,F97,LKDA - Sakhir Orange Extended Merino Leather,2023,5YM13EC03P9S08830,,9S08830,2MK,,,"Mar 24, 2023",,USA,"BMW of Sudbury, Sudbury, US",,,,,,,,
C1K - Marina Bay Blue Metallic,F97,LKHV - Adelaide Grey Extended Merino Leather,2023,5YM13EC00P9S08915,,9S08915,2MK,,,"Mar 26, 2023",,USA,"BMW of Tampa, Tampa, US",,,,,,,,
300 - Alpine White,F97,LKDA - Sakhir Orange Extended Merino Leather,2023,5YM13EC02P9S09113,,9S09113,2MK,,,"Mar 27, 2023",,USA,"Valley BMW, Modesto, US",,,,,,,,
475 - Black Sapphire Metallic,F97,LKDA - Sakhir Orange Extended Merino Leather,2023,5YM13EC04P9S09193,,9S09193,2MK,,,"Mar 27, 2023",,USA,"BMW of Denver Downtown, Denver, US",,,,,,,,
475 - Black Sapphire Metallic,F97,LKDA - Sakhir Orange Extended Merino Leather,2023,5YM13EC03P9S09248,,9S09248,2MK,,,"Mar 27, 2023",,USA,"Motorwerks BMW, Bloomington, US",,,,,,,,
300 - Alpine White,F97,LKHV - Adelaide Grey Extended Merino Leather,2023,5YM13EC07P9S09298,,9S09298,2MK,,,"Mar 27, 2023",,USA,"BMW of Kansas City South, Kansas CIty, US",,,,,,,,
A90 - Dark Graphite Metallic,F97,LKSW - Black Extended Merino Leather,2023,5YM13EC03P9S09329,,9S09329,2MK,,,"Mar 27, 2023",,USA,"Motorwerks BMW, Bloomington, US",,,,,,,,
300 - Alpine White,F97,LKDA - Sakhir Orange Extended Merino Leather,2023,5YM13EC08P9S09438,,9S09438,2MK,,,"Mar 27, 2023",,USA,"Crevier BMW, Santa Ana, US",,,,,,,,
C1K - Marina Bay Blue Metallic,F97,VATQ - BMW Individual Tartufo Extended Merino Leather,2023,5YM13EC01P9S09488,,9S09488,2MK,,,"Mar 27, 2023",,USA,"BMW of San Francisco, San Francisco, US",,,,,,,,
300 - Alpine White,F97,LKSW - Black Extended Merino Leather,2023,5YM13EC01P9S09572,,9S09572,2MK,,,"Mar 27, 2023",,USA,"Germain BMW of Naples, Naples, US",,,,,,,,
C1K - Marina Bay Blue Metallic,F97,LKSW - Black Extended Merino Leather,2023,5YM13EC06P9S09762,,9S09762,2MK,,,"Mar 27, 2023",,USA,"BMW of Shrewsbury, Shrewsbury, US",,,,,,,,
C4P - Brooklyn Grey Metallic,F97,LKDA - Sakhir Orange Extended Merino Leather,2023,5YM13EC01P9S09796,,9S09796,2MK,,,"Mar 27, 2023",,USA,"BMW of Greensboro, Greensboro, US",,,,,,,,
C1K - Marina Bay Blue Metallic,F97,LKSW - Black Extended Merino Leather,2023,5YM13EC09P9S09917,,9S09917,2MK,,,"Mar 28, 2023",,USA,"BMW of Greenwich, Greenwich, US",,,,,,,,
C4P - Brooklyn Grey Metallic,F97,LKSW - Black Extended Merino Leather,2023,5YM13EC09P9S09996,,9S09996,2MK,,,"Mar 28, 2023",,USA,"Bob Smith BMW, Calabasas, US",,,,,,,,
C1K - Marina Bay Blue Metallic,F97,LKSW - Black Extended Merino Leather,2023,5YM13EC07P9S10032,,9S10032,2MK,,,"Mar 28, 2023",,USA,"BMW Northwest, Tacoma, US",,,,,,,,
300 - Alpine White,F97,LKSW - Black Extended Merino Leather,2023,5YM13EC0XP9S10137,,9S10137,2MK,,,"Mar 28, 2023",,USA,"BMW of Bellevue, Bellevue, US",,,,,,,,
C1K - Marina Bay Blue Metallic,F97,LKHV - Adelaide Grey Extended Merino Leather,2023,5YM13EC08P9S10170,,9S10170,2MK,,,"Mar 28, 2023",,USA,"BMW of West St. Louis, Manchester, US",,,,,,,,
C1K - Marina Bay Blue Metallic,F97,HDJA - Black/Midrand Beige Two-Tone Merino Leather / Alcantara,2023,5YM13EC09P9S10906,,9S10906,2MK,,,"Mar 28, 2023",,USA,"Paul Miller BMW, Wayne, US",,,,,,,,
A90 - Dark Graphite Metallic,F97,LKSW - Black Extended Merino Leather,2023,5YM13EC02P9S10942,,9S10942,2MK,,,"Mar 28, 2023",,USA,"Taylor BMW, Evans, US",,,,,,,,
C4P - Brooklyn Grey Metallic,F97,LKDA - Sakhir Orange Extended Merino Leather,2023,5YM13EC03P9S11114,,9S11114,2MK,,,"Mar 29, 2023",,USA,"Vista BMW, Coconut Creek, US",,,,,,,,
300 - Alpine White,F97,LKHV - Adelaide Grey Extended Merino Leather,2023,5YM13EC0XP9S11210,,9S11210,2MK,,,"Mar 29, 2023",,USA,"Bobby Rahal BMW of South Hills, Canonsburg, US",,,,,,,,
C4P - Brooklyn Grey Metallic,F97,LKDA - Sakhir Orange Extended Merino Leather,2023,5YM13EC02P9S11265,,9S11265,2MK,,,"Mar 29, 2023",,USA,"BMW of Buena Park, Buena Park, US",,,,,,,,
300 - Alpine White,F97,LKSW - Black Extended Merino Leather,2023,5YM13EC07P9S11486,,9S11486,2MK,,,"Mar 29, 2023",,USA,"Bavarian Motor Cars GmbH, Würzburg, DE",,,,,,,,
A90 - Dark Graphite Metallic,F97,LKSW - Black Extended Merino Leather,2023,5YM13EC0XP9S13300,,9S13300,2MK,,,"Mar 30, 2023",,USA,"Rick Hendrick BMW Charleston, Charleston, US",,,,,,,,
475 - Black Sapphire Metallic,F97,LKSW - Black Extended Merino Leather,2023,5YM13EC04P9S13339,,9S13339,2MK,,,"Mar 30, 2023",,USA,"BMW Performance Center (SC), Greer, US",,,,,,,,
C1K - Marina Bay Blue Metallic,F97,VATQ - BMW Individual Tartufo Extended Merino Leather,2023,5YM13EC07P9S13576,,9S13576,2MK,,,"Mar 30, 2023",,USA,"BMW of Bridgewater, Bridgewater, US",,,,,,,,
C4P - Brooklyn Grey Metallic,F97,LKSW - Black Extended Merino Leather,2023,5YM13EC07P9S17739,,9S17739,2MK,,,"Apr 26, 2023",,USA,"Circle BMW, Eatontown, US",,,,,,,,
300 - Alpine White,F97,LKDA - Sakhir Orange Extended Merino Leather,2023,5YM13EC05P9S19165,,9S19165,2MK,,,"Apr 26, 2023",,USA,"Grenier BMW, Terrebonne, CA",,,,,,,,
C4P - Brooklyn Grey Metallic,F97,VATQ - BMW Individual Tartufo Extended Merino Leather,2023,5YM13EC01P9S20331,,9S20331,2MK,,,"Apr 28, 2023",,USA,"Dreyer & Reinbold BMW/MINI, Indianapolis, US",,,,,,,,
416 - Carbon Black Metallic,F97,LKSW - Black Extended Merino Leather,2023,5YM13EC09P9S22716,,9S22716,2MK,,,"May 1, 2023",,USA,"Orange County BMW, Harriman, US",,,,,,,,
A90 - Dark Graphite Metallic,F97,LKSW - Black Extended Merino Leather,2023,5YM13EC05P9S22762,,9S22762,2MK,,,"May 1, 2023",,USA,"BMW of Honolulu, Honolulu, US",,,,,,,,
416 - Carbon Black Metallic,F97,VATQ - BMW Individual Tartufo Extended Merino Leather,2023,5YM13EC07P9S22794,,9S22794,2MK,,,"May 1, 2023",,USA,"Rallye BMW, Westbury, US",,,,,,,,
475 - Black Sapphire Metallic,F97,LKSW - Black Extended Merino Leather,2023,5YM13EC07P9S22844,,9S22844,2MK,,,"May 1, 2023",,USA,"BMW of Monterey, Seaside, US",,,,,,,,
475 - Black Sapphire Metallic,F97,LKDA - Sakhir Orange Extended Merino Leather,2023,5YM13EC08P9S22898,,9S22898,2MK,,,"May 1, 2023",,USA,"BMW Seattle, Seattle, US",,,,,,,,
475 - Black Sapphire Metallic,F97,LKDA - Sakhir Orange Extended Merino Leather,2023,5YM13EC04P9S22946,,9S22946,2MK,,,"May 1, 2023",,USA,"BMW of Fort Lauderdale, Fort Lauderdale, US",,,,,,,,
416 - Carbon Black Metallic,F97,VATQ - BMW Individual Tartufo Extended Merino Leather,2023,5YM13EC04P9S22980,,9S22980,2MK,,,"May 1, 2023",,USA,"Keeler BMW, Latham, US",,,,,,,,
C1K - Marina Bay Blue Metallic,F97,LKDA - Sakhir Orange Extended Merino Leather,2023,5YM13EC04P9S23028,,9S23028,2MK,,,"May 1, 2023",,USA,"Orr BMW of Shreveport, Shreveport, US",,,,,,,,
300 - Alpine White,F97,LKDA - Sakhir Orange Extended Merino Leather,2023,5YM13EC00P9S23138,,9S23138,2MK,,,"May 2, 2023",,USA,"Stevens Creek BMW, Santa Clara, US",,,,,,,,
300 - Alpine White,F97,LKSW - Black Extended Merino Leather,2023,5YM13EC07P9S23170,,9S23170,2MK,,,"May 2, 2023",,USA,"BMW Seattle, Seattle, US",,,,,,,,
475 - Black Sapphire Metallic,F97,LKDA - Sakhir Orange Extended Merino Leather,2023,5YM13EC07P9S23248,,9S23248,2MK,,,"May 2, 2023",,USA,"BMW Ville de Quebec, Quebec City, CA",,,,,,,,
300 - Alpine White,F97,LKDA - Sakhir Orange Extended Merino Leather,2023,5YM13EC02P9S24288,,9S24288,2MK,,,"May 2, 2023",,USA,"United BMW, Alpharetta, US",,,,,,,,
C4P - Brooklyn Grey Metallic,F97,VATQ - BMW Individual Tartufo Extended Merino Leather,2023,5YM13EC06P9S24410,,9S24410,2MK,,,"May 2, 2023",,USA,"BMW of Stratham, Stratham, US",,,,,,,,
A90 - Dark Graphite Metallic,F97,LKHV - Adelaide Grey Extended Merino Leather,2023,5YM13EC02P9S24484,,9S24484,2MK,,,"May 2, 2023",,USA,"BMW of Bakersfield, Bakersfield, US",,,,,,,,
300 - Alpine White,F97,LKSW - Black Extended Merino Leather,2023,5YM13EC05P9S24530,,9S24530,2MK,,,"May 2, 2023",,USA,"Don Jacobs BMW, Lexington, US",,,,,,,,
C4P - Brooklyn Grey Metallic,F97,LKDA - Sakhir Orange Extended Merino Leather,2023,5YM13EC03P9S24624,,9S24624,2MK,,,"May 2, 2023",,USA,"BMW of El Paso, El Paso, US",,,,,,,,
300 - Alpine White,F97,LKSW - Black Extended Merino Leather,2023,5YM13EC01P9S24668,,9S24668,2MK,,,"May 2, 2023",,USA,"Wide World BMW, Spring Valley, US",,,,,,,,
475 - Black Sapphire Metallic,F97,LKSW - Black Extended Merino Leather,2023,5YM13EC07P9S24786,,9S24786,2MK,,,"May 3, 2023",,USA,"BMW of Morristown, Morristown, US",,,,,,,,
C4P - Brooklyn Grey Metallic,F97,LKDA - Sakhir Orange Extended Merino Leather,2023,5YM13EC08P9S24828,,9S24828,2MK,,,"May 3, 2023",,USA,"BMW of Stratham, Stratham, US",,,,,,,,
C4P - Brooklyn Grey Metallic,F97,LKDA - Sakhir Orange Extended Merino Leather,2023,5YM13EC07P9S24884,,9S24884,2MK,,,"May 3, 2023",,USA,"Arrowhead BMW, Glendale, US",,,,,,,,
C3G - Toronto Red Metallic,F97,LKHV - Adelaide Grey Extended Merino Leather,2023,5YM13EC07P9S25016,,9S25016,2MK,,,"May 3, 2023",,USA,"Tulley BMW, Nashua, US",,,,,,,,
C3G - Toronto Red Metallic,F97,MAH7 - Black Vernasca Leather,2023,5YM13EC04P9S25068,,9S25068,2MK,,,"May 3, 2023",,USA,"BMW of Columbia, Columbia, US",,,,,,,,
300 - Alpine White,F97,LKDA - Sakhir Orange Extended Merino Leather,2023,5YM13EC08P9S25106,,9S25106,2MK,,,"May 3, 2023",,USA,"BMW of Gwinnett Place, Duluth, US",,,,,,,,
C4P - Brooklyn Grey Metallic,F97,LKSW - Black Extended Merino Leather,2023,5YM13EC08P9S25154,,9S25154,2MK,,,"May 3, 2023",,USA,"Autobahn Motorcars, Fort Worth, US",,,,,,,,
C4P - Brooklyn Grey Metallic,F97,LKDA - Sakhir Orange Extended Merino Leather,2023,5YM13EC04P9S25202,,9S25202,2MK,,,"May 3, 2023",,USA,"BMW of Warwick, Warwick, US",,,,,,,,
C1K - Marina Bay Blue Metallic,F97,VATQ - BMW Individual Tartufo Extended Merino Leather,2023,5YM13EC0XP9S39377,,9S39377,2MK,,,"May 3, 2023",,USA,"BMW Santa Barbara, Santa Barbara, US",,,,,,,,
A90 - Dark Graphite Metallic,F97,LKSW - Black Extended Merino Leather,2023,5YM13EC08P9S39426,,9S39426,2MK,,,"May 4, 2023",,USA,"BMW Royal Oak, Calgary, CA",,,,,,,,
475 - Black Sapphire Metallic,F97,MAH7 - Black Vernasca Leather,2023,5YM13EC09P9S39516,,9S39516,2MK,,,"May 4, 2023",,USA,"Braman Motorcars/Braman MINI of Pal, West Palm Beach, US",,,,,,,,
A90 - Dark Graphite Metallic,F97,LKSW - Black Extended Merino Leather,2023,5YM13EC06P9S39621,,9S39621,2MK,,,"May 4, 2023",,USA,"BMW Laval, Laval, CA",,,,,,,,
300 - Alpine White,F97,LKDA - Sakhir Orange Extended Merino Leather,2023,5YM13EC0XP9S39816,,9S39816,2MK,,,"May 4, 2023",,USA,"BMW of Bloomfield Hills, Bloomfield Hills, US",,,,,,,,
475 - Black Sapphire Metallic,F97,LKSW - Black Extended Merino Leather,2023,5YM13EC01P9S41874,,9S41874,2MK,,,"May 4, 2023",,USA,"Sandia BMW/MINI, Albuquerque, US",,,,,,,,
475 - Black Sapphire Metallic,F97,LKDA - Sakhir Orange Extended Merino Leather,2023,5YM13EC05P9S41926,,9S41926,2MK,,,"May 4, 2023",,USA,"BMW of Manhasset, Manhasset, US",,,,,,,,
A90 - Dark Graphite Metallic,F97,LKSW - Black Extended Merino Leather,2023,5YM13EC02P9S41964,,9S41964,2MK,,,"May 4, 2023",,USA,"BMW of Omaha/MINI of Omaha, Omaha, US",,,,,,,,
475 - Black Sapphire Metallic,F97,LKDA - Sakhir Orange Extended Merino Leather,2023,5YM13EC05P9S42168,,9S42168,2MK,,,"May 5, 2023",,USA,"Century West BMW, North Hollywood, US",,,,,,,,
300 - Alpine White,F97,LKSW - Black Extended Merino Leather,2023,5YM13EC08P9S42388,,9S42388,2MK,,,"May 5, 2023",,USA,"Peterson BMW of Boise, Boise, US",,,,,,,,
C1K - Marina Bay Blue Metallic,F97,LKDA - Sakhir Orange Extended Merino Leather,2023,5YM13EC02P9S42502,,9S42502,2MK,,,"May 5, 2023",,USA,"Competition BMW of Smithtown, Saint James, US",,,,,,,,
C1K - Marina Bay Blue Metallic,F97,HDJA - Black/Midrand Beige Two-Tone Merino Leather / Alcantara,2023,5YM13EC03P9S45389,,9S45389,2MK,,,"May 7, 2023",,USA,"Bema Autosport BMW, Saskatoon, CA",,,,,,,,
A90 - Dark Graphite Metallic,F97,LKDA - Sakhir Orange Extended Merino Leather,2023,5YM13EC01P9S45617,,9S45617,2MK,,,"May 8, 2023",,USA,"Baron BMW/MINI, Merriam, US",,,,,,,,
C4P - Brooklyn Grey Metallic,F97,LKDA - Sakhir Orange Extended Merino Leather,2023,5YM13EC0XP9S45664,,9S45664,2MK,,,"May 8, 2023",,USA,"BMW of Manhattan, New York, US",,,,,,,,
300 - Alpine White,F97,LKDA - Sakhir Orange Extended Merino Leather,2023,5YM13EC01P9S45715,,9S45715,2MK,,,"May 8, 2023",,USA,"Georgian BMW, Barrie, CA",,,,,,,,
C4P - Brooklyn Grey Metallic,F97,LKDA - Sakhir Orange Extended Merino Leather,2023,5YM13EC03P9S45831,,9S45831,2MK,,,"May 8, 2023",,USA,"BMW of Springfield, Springfield, US",,,,,,,,
C4P - Brooklyn Grey Metallic,F97,LKDA - Sakhir Orange Extended Merino Leather,2023,5YM13EC06P9S45967,,9S45967,2MK,,,"May 8, 2023",,USA,"BMW Nanaimo, Nanaimo, CA",,,,,,,,
475 - Black Sapphire Metallic,F97,LKSW - Black Extended Merino Leather,2023,5YM13EC03P9S46946,,9S46946,2MK,,,"May 8, 2023",,USA,"Dreyer & Reinbold BMW/MINI, Indianapolis, US",,,,,,,,
475 - Black Sapphire Metallic,F97,LKDA - Sakhir Orange Extended Merino Leather,2023,5YM13EC01P9S47089,,9S47089,2MK,,,"May 8, 2023",,USA,"BMW of Freehold, Freehold, US",,,,,,,,
416 - Carbon Black Metallic,F97,VATQ - BMW Individual Tartufo Extended Merino Leather,2023,5YM13EC03P9S47255,,9S47255,2MK,,,"May 9, 2023",,USA,"BMW of Bellevue, Bellevue, US",,,,,,,,
300 - Alpine White,F97,VATQ - BMW Individual Tartufo Extended Merino Leather,2023,5YM13EC00P9S48203,,9S48203,2MK,,,"May 9, 2023",,USA,"BMW of Tampa, Tampa, US",,,,,,,,
C1K - Marina Bay Blue Metallic,F97,VATQ - BMW Individual Tartufo Extended Merino Leather,2023,5YM13EC0XP9S48239,,9S48239,2MK,,,"May 9, 2023",,USA,"East Bay BMW, Pleasanton, US",,,,,,,,
C1K - Marina Bay Blue Metallic,F97,VATQ - BMW Individual Tartufo Extended Merino Leather,2023,5YM13EC03P9S48356,,9S48356,2MK,,,"May 9, 2023",,USA,"BMW of Fort Washington, Dresher, US",,,,,,,,
C3G - Toronto Red Metallic,F97,LKHV - Adelaide Grey Extended Merino Leather,2023,5YM13EC07P9S48649,,9S48649,2MK,,,"May 9, 2023",,USA,"BMW of Westchester, White Plains, US",,,,,,,,
300 - Alpine White,F97,LKDA - Sakhir Orange Extended Merino Leather,2023,5YM13EC06P9S48688,,9S48688,2MK,,,"May 9, 2023",,USA,"BMW of Cape Cod, Hyannis, US",,,,,,,,
C1K - Marina Bay Blue Metallic,F97,LKSW - Black Extended Merino Leather,2023,5YM13EC07P9S48828,,9S48828,2MK,,,"May 10, 2023",,USA,"BMW of Milwaukee North, Milwaukee, US",,,,,,,,
C4P - Brooklyn Grey Metallic,F97,LKDA - Sakhir Orange Extended Merino Leather,2023,5YM13EC07P9S50790,,9S50790,2MK,,,"May 10, 2023",,USA,"United BMW, Alpharetta, US",,,,,,,,
C4P - Brooklyn Grey Metallic,F97,LKSW - Black Extended Merino Leather,2023,5YM13EC09P9S50922,,9S50922,2MK,,,"May 10, 2023",,USA,"BMW of Bellevue, Bellevue, US",,,,,,,,
C4P - Brooklyn Grey Metallic,F97,LKSW - Black Extended Merino Leather,2023,5YM13EC09P9S51049,,9S51049,2MK,,,"May 10, 2023",,USA,"BMW of El Cajon, El Cajon, US",,,,,,,,
C4P - Brooklyn Grey Metallic,F97,LKSW - Black Extended Merino Leather,2023,5YM13EC02P9S51152,,9S51152,2MK,,,"May 10, 2023",,USA,"Perillo BMW, Inc., Chicago, US",,,,,,,,
C4P - Brooklyn Grey Metallic,F97,LKDA - Sakhir Orange Extended Merino Leather,2023,5YM13EC04P9S51251,,9S51251,2MK,,,"May 10, 2023",,USA,"BMW of Brooklyn, Brooklyn, US",,,,,,,,
C4H - Sao Paulo Yellow,F97,LKSW - Black Extended Merino Leather,2023,5YM13EC06P9S53342,,9S53342,2MK,,,"May 11, 2023",,USA,"BMW of Clear Lake, Webster, US",,,,,,,,
475 - Black Sapphire Metallic,F97,LKSW - Black Extended Merino Leather,2023,5YM13EC03P9S53394,,9S53394,2MK,,,"May 11, 2023",,USA,"Beverly Hills BMW, Los Angeles, US",,,,,,,,
A90 - Dark Graphite Metallic,F97,LKSW - Black Extended Merino Leather,2023,5YM13EC07P9S53480,,9S53480,2MK,,,"May 11, 2023",,USA,"Budds' BMW Hamilton, Hamilton, CA",,,,,,,,
C1K - Marina Bay Blue Metallic,F97,HDJA - Black/Midrand Beige Two-Tone Merino Leather / Alcantara,2023,5YM13EC04P9S53582,,9S53582,2MK,,,"May 11, 2023",,USA,"BMW of Roseville, Roseville, US",,,,,,,,
300 - Alpine White,F97,LKSW - Black Extended Merino Leather,2023,5YM13EC08P9S53617,,9S53617,2MK,,,"May 11, 2023",,USA,"BMW Toronto, Toronto, CA",,,,,,,,
C4H - Sao Paulo Yellow,F97,LKSW - Black Extended Merino Leather,2023,5YM13EC02P9S53905,,9S53905,2MK,,,"May 12, 2023",,USA,"Fields BMW, Winter Park, US",,,,,,,,
300 - Alpine White,F97,MAH7 - Black Vernasca Leather,2023,5YM13EC0XP9S53957,,9S53957,2MK,,,"May 12, 2023",,USA,"BMW Performance Center (SC), Greer, US",,,,,,,,
475 - Black Sapphire Metallic,F97,LKDA - Sakhir Orange Extended Merino Leather,2023,5YM13EC04P9S54974,,9S54974,2MK,,,"May 12, 2023",,USA,"BMW of Louisville, Louisville, US",,,,,,,,
475 - Black Sapphire Metallic,F97,VATQ - BMW Individual Tartufo Extended Merino Leather,2023,5YM13EC03P9S55209,,9S55209,2MK,,,"May 12, 2023",,USA,"BMW of Tulsa, Tulsa, US",,,,,,,,
475 - Black Sapphire Metallic,F97,LKDA - Sakhir Orange Extended Merino Leather,2023,5YM13EC05P9S55258,,9S55258,2MK,,,"May 12, 2023",,USA,"Pfaff BMW, Mississauga, CA",,,,,,,,
A90 - Dark Graphite Metallic,F97,LKHV - Adelaide Grey Extended Merino Leather,2023,5YM13EC06P9S55432,,9S55432,2MK,,,"May 14, 2023",,USA,"BMW London, London, CA",,,,,,,,
475 - Black Sapphire Metallic,F97,LKSW - Black Extended Merino Leather,2023,5YM13EC07P9S55469,,9S55469,2MK,,,"May 15, 2023",,USA,"Momentum BMW/MINI, Houston, US",,,,,,,,
C4H - Sao Paulo Yellow,F97,LKDA - Sakhir Orange Extended Merino Leather,2023,5YM13EC02P9S55525,,9S55525,2MK,,,"May 15, 2023",,USA,"Auto West BMW, Richmond, CA",,,,,,,,
C1K - Marina Bay Blue Metallic,F97,LKSW - Black Extended Merino Leather,2023,5YM13EC02P9S55637,,9S55637,2MK,,,"May 15, 2023",,USA,"Parkview BMW, North York, CA",,,,,,,,
C1K - Marina Bay Blue Metallic,F97,LKSW - Black Extended Merino Leather,2023,5YM13EC07P9S56797,,9S56797,2MK,,,"May 15, 2023",,USA,"Bob Smith BMW, Calabasas, US",,,,,,,,
300 - Alpine White,F97,LKDA - Sakhir Orange Extended Merino Leather,2023,5YM13EC01P9S56830,,9S56830,2MK,,,"May 15, 2023",,USA,"BMW of Rochester Hills, Shelby Township, US",,,,,,,,
C1K - Marina Bay Blue Metallic,F97,LKSW - Black Extended Merino Leather,2023,5YM13EC0XP9S56874,,9S56874,2MK,,,"May 15, 2023",,USA,"BMW of Spokane, Spokane, US",,,,,,,,
416 - Carbon Black Metallic,F97,LKDA - Sakhir Orange Extended Merino Leather,2023,5YM13EC06P9S56953,,9S56953,2MK,,,"May 15, 2023",,USA,"BMW of Dallas/MINI of Dallas, Dallas, US",,,,,,,,
C1K - Marina Bay Blue Metallic,F97,LKHV - Adelaide Grey Extended Merino Leather,2023,5YM13EC07P9S57089,,9S57089,2MK,,,"May 16, 2023",,USA,"Hendrick BMW, Charlotte, US",,,,,,,,
C1K - Marina Bay Blue Metallic,F97,LKSW - Black Extended Merino Leather,2023,5YM13EC09P9S57143,,9S57143,2MK,,,"May 17, 2023",,USA,"BMW of Wilmington, Wilmington, US",,,,,,,,
416 - Carbon Black Metallic,F97,LKSW - Black Extended Merino Leather,2023,5YM13EC07P9S57237,,9S57237,2MK,,,"May 17, 2023",,USA,"BMW of The Woodlands, The Woodlands, US",,,,,,,,
C4H - Sao Paulo Yellow,F97,LKDA - Sakhir Orange Extended Merino Leather,2023,5YM13EC0XP9S59192,,9S59192,2MK,,,"May 16, 2023",,USA,"Autogermana, Inc., Hato Rey, US",,,,,,,,
C4P - Brooklyn Grey Metallic,F97,LKSW - Black Extended Merino Leather,2023,5YM13EC01P9S59601,,9S59601,2MK,,,"May 16, 2023",,USA,"New Country BMW, Hartford, US",,,,,,,,
C4P - Brooklyn Grey Metallic,F97,LKSW - Black Extended Merino Leather,2023,5YM13EC09P9S59684,,9S59684,2MK,,,"May 17, 2023",,USA,"Laurel BMW of Westmont, Westmont, US",,,,,,,,
C4P - Brooklyn Grey Metallic,F97,LKSW - Black Extended Merino Leather,2023,5YM13EC00P9S59766,,9S59766,2MK,,,"May 17, 2023",,USA,"Braman BMW/Braman MINI of Miami, Miami, US",,,,,,,,
C3G - Toronto Red Metallic,F97,LKSW - Black Extended Merino Leather,2023,5YM13EC09P9S59801,,9S59801,2MK,,,"May 17, 2023",,USA,"Autogermana, Inc., Hato Rey, US",,,,,,,,
C1K - Marina Bay Blue Metallic,F97,LKDA - Sakhir Orange Extended Merino Leather,2023,5YM13EC01P9S61154,,9S61154,2MK,,,"May 17, 2023",,USA,"AH Euler Kaiserslautern GmbH, Kaiserslautern, DE",,,,,,,,
C4P - Brooklyn Grey Metallic,F97,LKSW - Black Extended Merino Leather,2023,5YM13EC01P9S61350,,9S61350,2MK,,,"May 18, 2023",,USA,"Bavarian Motor Cars GmbH, Würzburg, DE",,,,,,,,
A90 - Dark Graphite Metallic,F97,LKDA - Sakhir Orange Extended Merino Leather,2023,5YM13EC02P9S61387,,9S61387,2MK,,,"May 18, 2023",,USA,"BMW of Bloomfield, Bloomfield, US",,,,,,,,
300 - Alpine White,F97,LKSW - Black Extended Merino Leather,2023,5YM13EC0XP9S61444,,9S61444,2MK,,,"May 18, 2023",,USA,"Irvine BMW, Irvine, US",,,,,,,,
475 - Black Sapphire Metallic,F97,HDJA - Black/Midrand Beige Two-Tone Merino Leather / Alcantara,2023,5YM13EC0XP9S63498,,9S63498,2MK,,,"May 18, 2023",,USA,"BMW of Rockville, Rockville, US",,,,,,,,
300 - Alpine White,F97,LKHV - Adelaide Grey Extended Merino Leather,2023,5YM13EC09P9S63590,,9S63590,2MK,,,"May 18, 2023",,USA,"Flemington BMW, Flemington, US",,,,,,,,
475 - Black Sapphire Metallic,F97,MAH7 - Black Vernasca Leather,2023,5YM13EC04P9S63691,,9S63691,2MK,,,"May 18, 2023",,USA,"Bill Jacobs BMW/MINI, Naperville, US",,,,,,,,
416 - Carbon Black Metallic,F97,LKDA - Sakhir Orange Extended Merino Leather,2023,5YM13EC08P9S63774,,9S63774,2MK,,,"May 19, 2023",,USA,"BMW of Peabody, Peabody, US",,,,,,,,
475 - Black Sapphire Metallic,F97,LKDA - Sakhir Orange Extended Merino Leather,2023,5YM13EC09P9S63850,,9S63850,2MK,,,"May 19, 2023",,USA,"BMW/MINI of Sterling, Sterling, US",,,,,,,,
C4P - Brooklyn Grey Metallic,F97,MAH7 - Black Vernasca Leather,2023,5YM13EC04P9S63951,,9S63951,2MK,,,"May 19, 2023",,USA,"Cardenas BMW, Harlingen, US",,,,,,,,
300 - Alpine White,F97,LKSW - Black Extended Merino Leather,2023,5YM13EC06P9S64079,,9S64079,2MK,,,"May 19, 2023",,USA,"BMW of West St. Louis, Manchester, US",,,,,,,,
A90 - Dark Graphite Metallic,F97,LKSW - Black Extended Merino Leather,2023,5YM13EC09P9S64206,,9S64206,2MK,,,"May 19, 2023",,USA,"BMW Durham, Ajax, CA",,,,,,,,
300 - Alpine White,F97,LKDA - Sakhir Orange Extended Merino Leather,2023,5YM13EC08P9S64259,,9S64259,2MK,,,"May 21, 2023",,USA,"Braman Motorcars/Braman MINI of Pal, West Palm Beach, US",,,,,,,,
300 - Alpine White,F97,LKDA - Sakhir Orange Extended Merino Leather,2023,5YM13EC02P9S64306,,9S64306,2MK,,,"May 21, 2023",,USA,"BMW Markham, Markham, CA",,,,,,,,
475 - Black Sapphire Metallic,F97,HDJA - Black/Midrand Beige Two-Tone Merino Leather / Alcantara,2023,5YM13EC01P9S64457,,9S64457,2MK,,,"May 22, 2023",,USA,"Kelowna BMW, Kelowna, CA",,,,,,,,
300 - Alpine White,F97,VATQ - BMW Individual Tartufo Extended Merino Leather,2023,5YM13EC03P9S64606,,9S64606,2MK,,,"May 22, 2023",,USA,"Passport BMW, Suitland, US",,,,,,,,
C4P - Brooklyn Grey Metallic,F97,LKDA - Sakhir Orange Extended Merino Leather,2023,5YM13EC09P9S64688,,9S64688,2MK,,,"May 22, 2023",,USA,"BMW of Peoria, Peoria, US",,,,,,,,
475 - Black Sapphire Metallic,F97,VATQ - BMW Individual Tartufo Extended Merino Leather,2023,5YM13EC09P9S65811,,9S65811,2MK,,,"May 22, 2023",,USA,"Niello BMW Sacramento, Sacramento, US",,,,,,,,
C1K - Marina Bay Blue Metallic,F97,LKSW - Black Extended Merino Leather,2023,5YM13EC0XP9S65896,,9S65896,2MK,,,"May 22, 2023",,USA,"Medford BMW, Medford, US",,,,,,,,
A90 - Dark Graphite Metallic,F97,LKSW - Black Extended Merino Leather,2023,5YM13EC02P9S65939,,9S65939,2MK,,,"May 22, 2023",,USA,"BMW of Wichita, Wichita, US",,,,,,,,
475 - Black Sapphire Metallic,F97,HDJA - Black/Midrand Beige Two-Tone Merino Leather / Alcantara,2023,5YM13EC07P9S66018,,9S66018,2MK,,,"May 23, 2023",,USA,"BMW of Rockland, Rockland, US",,,,,,,,
475 - Black Sapphire Metallic,F97,LKDA - Sakhir Orange Extended Merino Leather,2023,5YM13EC09P9S66053,,9S66053,2MK,,,"May 23, 2023",,USA,"Braman BMW/Braman MINI of Miami, Miami, US",,,,,,,,
300 - Alpine White,F97,LKDA - Sakhir Orange Extended Merino Leather,2023,5YM13EC03P9S66095,,9S66095,2MK,,,"May 23, 2023",,USA,"BMW of Houston Midtown, Houston, US",,,,,,,,
416 - Carbon Black Metallic,F97,LKHV - Adelaide Grey Extended Merino Leather,2023,5YM13EC08P9S66142,,9S66142,2MK,,,"May 23, 2023",,USA,"Long Beach BMW, Signal Hill, US",,,,,,,,
C3G - Toronto Red Metallic,F97,LKSW - Black Extended Merino Leather,2023,5YM13EC01P9S68394,,9S68394,2MK,,,"May 23, 2023",,USA,"Elite BMW, Ottawa, CA",,,,,,,,
C4P - Brooklyn Grey Metallic,F97,LKDA - Sakhir Orange Extended Merino Leather,2023,5YM13EC0XP9S68572,,9S68572,2MK,,,"May 23, 2023",,USA,"BMW North Scottsdale, Phoenix, US",,,,,,,,
C1K - Marina Bay Blue Metallic,F97,LKSW - Black Extended Merino Leather,2023,5YM13EC0XP9S68748,,9S68748,2MK,,,"May 24, 2023",,USA,"BMW of Fort Washington, Dresher, US",,,,,,,,
C1K - Marina Bay Blue Metallic,F97,HDJA - Black/Midrand Beige Two-Tone Merino Leather / Alcantara,2023,5YM13EC03P9S68798,,9S68798,2MK,,,"May 24, 2023",,USA,"Grenier BMW, Terrebonne, CA",,,,,,,,
C3G - Toronto Red Metallic,F97,LKSW - Black Extended Merino Leather,2023,5YM13EC05P9S68849,,9S68849,2MK,,,"May 24, 2023",,USA,"BMW of Bellevue, Bellevue, US",,,,,,,,
C1K - Marina Bay Blue Metallic,F97,VATQ - BMW Individual Tartufo Extended Merino Leather,2023,5YM13EC03P9S68901,,9S68901,2MK,,,"May 24, 2023",,USA,"Long Beach BMW, Signal Hill, US",,,,,,,,
C4P - Brooklyn Grey Metallic,F97,HDJA - Black/Midrand Beige Two-Tone Merino Leather / Alcantara,2023,5YM13EC01P9S69092,,9S69092,2MK,,,"May 24, 2023",,USA,"Overseas Motors, Windsor, CA",,,,,,,,
C4P - Brooklyn Grey Metallic,F97,LKSW - Black Extended Merino Leather,2023,5YM13EC02P9S69148,,9S69148,2MK,,,"May 24, 2023",,USA,"BMW Sarnia, Sarnia, CA",,,,,,,,
475 - Black Sapphire Metallic,F97,VATQ - BMW Individual Tartufo Extended Merino Leather,2023,5YM13EC05P9S71122,,9S71122,2MK,,,"May 24, 2023",,USA,"A & L BMW, Monroeville, US",,,,,,,,
416 - Carbon Black Metallic,F97,LKDA - Sakhir Orange Extended Merino Leather,2023,5YM13EC0XP9S71228,,9S71228,2MK,,,"May 25, 2023",,USA,"BMW of Warwick, Warwick, US",,,,,,,,
475 - Black Sapphire Metallic,F97,LKSW - Black Extended Merino Leather,2023,5YM13EC06P9S71369,,9S71369,2MK,,,"May 25, 2023",,USA,"Voss Village BMW, Dayton, US",,,,,,,,
C3G - Toronto Red Metallic,F97,VATQ - BMW Individual Tartufo Extended Merino Leather,2023,5YM13EC00P9S71402,,9S71402,2MK,,,"May 25, 2023",,USA,"Circle BMW, Eatontown, US",,,,,,,,
A90 - Dark Graphite Metallic,F97,HDJA - Black/Midrand Beige Two-Tone Merino Leather / Alcantara,2023,5YM13EC03P9S71524,,9S71524,2MK,,,"May 25, 2023",,USA,"BMW Victoria, Victoria, CA",,,,,,,,
C1K - Marina Bay Blue Metallic,F97,LKHV - Adelaide Grey Extended Merino Leather,2023,5YM13EC05P9S71735,,9S71735,2MK,,,"May 25, 2023",,USA,"BMW Autohaus, Thornhill, CA",,,,,,,,
416 - Carbon Black Metallic,F97,LKSW - Black Extended Merino Leather,2023,5YM13EC07P9S71851,,9S71851,2MK,,,"May 25, 2023",,USA,"Germain BMW of Naples, Naples, US",,,,,,,,
C4H - Sao Paulo Yellow,F97,LKSW - Black Extended Merino Leather,2023,5YM13EC0XP9S71956,,9S71956,2MK,,,"May 26, 2023",,USA,"BMW of Fort Wayne, Fort Wayne, US",,,,,,,,
C1K - Marina Bay Blue Metallic,F97,VATQ - BMW Individual Tartufo Extended Merino Leather,2023,5YM13EC04P9S71998,,9S71998,2MK,,,"May 26, 2023",,USA,"BMW of Rockville, Rockville, US",,,,,,,,
A90 - Dark Graphite Metallic,F97,VATQ - BMW Individual Tartufo Extended Merino Leather,2023,5YM13EC05P9S72030,,9S72030,2MK,,,"May 26, 2023",,USA,"BMW of Fort Lauderdale, Fort Lauderdale, US",,,,,,,,
475 - Black Sapphire Metallic,F97,LKSW - Black Extended Merino Leather,2023,5YM13EC08P9S72099,,9S72099,2MK,,,"May 26, 2023",,USA,"MINI of Wesley Chapel, Wesley Chapel, US",,,,,,,,
C3G - Toronto Red Metallic,F97,LKHV - Adelaide Grey Extended Merino Leather,2023,5YM13EC0XP9S72170,,9S72170,2MK,,,"May 26, 2023",,USA,"BMW of Austin, Austin, US",,,,,,,,
C1K - Marina Bay Blue Metallic,F97,LKSW - Black Extended Merino Leather,2023,5YM13EC01P9S72364,,9S72364,2MK,,,"May 26, 2023",,USA,"Manheim New Jersey, Bordentown, US",,,,,,,,
C4P - Brooklyn Grey Metallic,F97,LKSW - Black Extended Merino Leather,2023,5YM13EC0XP9S73528,,9S73528,2MK,,,"May 30, 2023",,USA,"Rallye BMW, Westbury, US",,,,,,,,
300 - Alpine White,F97,VATQ - BMW Individual Tartufo Extended Merino Leather,2023,5YM13EC03P9S73628,,9S73628,2MK,,,"May 30, 2023",,USA,"BMW of Fort Washington, Dresher, US",,,,,,,,
300 - Alpine White,F97,VATQ - BMW Individual Tartufo Extended Merino Leather,2023,5YM13EC07P9S73745,,9S73745,2MK,,,"May 30, 2023",,USA,"BMW of Delray Beach, Delray Beach, US",,,,,,,,
C1K - Marina Bay Blue Metallic,F97,LKSW - Black Extended Merino Leather,2023,5YM13EC08P9S73799,,9S73799,2MK,,,"May 30, 2023",,USA,"BMW of Fairfield, Fairfield, US",,,,,,,,
C4P - Brooklyn Grey Metallic,F97,LKDA - Sakhir Orange Extended Merino Leather,2023,5YM13EC05P9S73856,,9S73856,2MK,,,"May 30, 2023",,USA,"BMW of the Main Line, Bala Cynwyd, US",,,,,,,,
A90 - Dark Graphite Metallic,F97,LKSW - Black Extended Merino Leather,2023,5YM13EC09P9S75075,,9S75075,2MK,,,"May 30, 2023",,USA,"Parkview BMW, North York, CA",,,,,,,,
475 - Black Sapphire Metallic,F97,LKDA - Sakhir Orange Extended Merino Leather,2023,5YM13EC03P9S75248,,9S75248,2MK,,,"May 31, 2023",,USA,"BMW Levis, Levis, CA",,,,,,,,
A90 - Dark Graphite Metallic,F97,LKSW - Black Extended Merino Leather,2023,5YM13EC04P9S75324,,9S75324,2MK,,,"May 31, 2023",,USA,"BMW Toronto, Toronto, CA",,,,,,,,
416 - Carbon Black Metallic,F97,LKDA - Sakhir Orange Extended Merino Leather,2023,5YM13EC01P9S75653,,9S75653,2MK,,,"May 31, 2023",,USA,"Fields BMW, Winter Park, US",,,,,,,,
P7X - IND. Frozen Deep Grey Metallic,F97,LKDA - Sakhir Orange Extended Merino Leather,2023,5YM13EC07P9S77679,,9S77679,2MK,,,"Jun 1, 2023",,USA,"BMW of the Hudson Valley, Poughkeepsie, US",,,,,,,,
C1K - Marina Bay Blue Metallic,F97,LKSW - Black Extended Merino Leather,2023,5YM13EC00P9S77913,,9S77913,2MK,,,"Jun 1, 2023",,USA,"BMW Brossard, Brossard, CA",,,,,,,,
C3G - Toronto Red Metallic,F97,LKHV - Adelaide Grey Extended Merino Leather,2023,5YM13EC07P9S78041,,9S78041,2MK,,,"Jun 1, 2023",,USA,"BMW Aurora, Aurora, CA",,,,,,,,
475 - Black Sapphire Metallic,F97,LKSW - Black Extended Merino Leather,2023,5YM13EC08P9S78095,,9S78095,2MK,,,"Jun 1, 2023",,USA,"BMW of Tri-Cities, Richland, US",,,,,,,,
U91 - IND. Frozen Black Metallic,F97,LKDA - Sakhir Orange Extended Merino Leather,2023,5YM13EC03P9S79302,,9S79302,2MK,,,"Jun 2, 2023",,USA,"BMW of Carlsbad, Carlsbad, US",,,,,,,,
300 - Alpine White,F97,LKSW - Black Extended Merino Leather,2023,5YM13EC03P9S79588,,9S79588,2MK,,,"Jun 2, 2023",,USA,"Jackie Cooper Imports/MINI, Edmond, US",,,,,,,,
300 - Alpine White,F97,LKDA - Sakhir Orange Extended Merino Leather,2023,5YM13EC0XP9S79703,,9S79703,2MK,,,"Jun 2, 2023",,USA,"Beverly Hills BMW, Los Angeles, US",,,,,,,,
475 - Black Sapphire Metallic,F97,LKSW - Black Extended Merino Leather,2023,5YM13EC05P9S79821,,9S79821,2MK,,,"Jun 4, 2023",,USA,"Gebhardt BMW, Boulder, US",,,,,,,,
A90 - Dark Graphite Metallic,F97,LKHV - Adelaide Grey Extended Merino Leather,2023,5YM13EC0XR9S79929,,9S79929,2MK,,,"Jul 17, 2023",,USA,"McKenna BMW, Norwalk, US",,,,,,,,
300 - Alpine White,F97,MAH7 - Black Vernasca Leather,2023,5YM13EC04P9S80913,,9S80913,2MK,,,"Jun 4, 2023",,USA,"BMW of Kansas City South, Kansas CIty, US",,,,,,,,
C4H - Sao Paulo Yellow,F97,LKSW - Black Extended Merino Leather,2023,5YM13EC05P9S81388,,9S81388,2MK,,,"Jun 5, 2023",,USA,"BMW of Gwinnett Place, Duluth, US",,,,,,,,
C4P - Brooklyn Grey Metallic,F97,LKDA - Sakhir Orange Extended Merino Leather,2023,5YM13EC05P9S81441,,9S81441,2MK,,,"Jun 5, 2023",,USA,"Maranello BMW, Vaughan, CA",,,,,,,,
C1K - Marina Bay Blue Metallic,F97,VATQ - BMW Individual Tartufo Extended Merino Leather,2023,5YM13EC06P9S81528,,9S81528,2MK,,,"Jun 5, 2023",,USA,"Calgary BMW, Calgary, CA",,,,,,,,
C1K - Marina Bay Blue Metallic,F97,MAH7 - Black Vernasca Leather,2023,5YM13EC07P9S82705,,9S82705,2MK,,,"Jun 6, 2023",,USA,"Basney BMW, South Bend, US",,,,,,,,
C4P - Brooklyn Grey Metallic,F97,LKSW - Black Extended Merino Leather,2023,5YM13EC0XP9S82763,,9S82763,2MK,,,"Jun 6, 2023",,USA,"BMW of South Austin, Austin, US",,,,,,,,
C4P - Brooklyn Grey Metallic,F97,LKSW - Black Extended Merino Leather,2023,5YM13EC03P9S82815,,9S82815,2MK,,,"Jun 6, 2023",,USA,"BMW of Freehold, Freehold, US",,,,,,,,
W93 - Unknown Paint Code,F97,LKDA - Sakhir Orange Extended Merino Leather,2023,5YM13EC00P9S83078,,9S83078,2MK,,,"Jun 6, 2023",,USA,"BMW of Cincinnati North, Cincinnati, US",,,,,,,,
C1K - Marina Bay Blue Metallic,F97,MAH7 - Black Vernasca Leather,2023,5YM13EC05P9S84159,,9S84159,2MK,,,"Jun 6, 2023",,USA,"BMW of Mt. Laurel, Mount Laurel, US",,,,,,,,
C4P - Brooklyn Grey Metallic,F97,LKDA - Sakhir Orange Extended Merino Leather,2023,5YM13EC05P9S84422,,9S84422,2MK,,,"Jun 7, 2023",,USA,"Crevier BMW, Santa Ana, US",,,,,,,,
300 - Alpine White,F97,LKDA - Sakhir Orange Extended Merino Leather,2023,5YM13EC06P9S84476,,9S84476,2MK,,,"Jun 7, 2023",,USA,"Hendrick BMW, Charlotte, US",,,,,,,,
C4H - Sao Paulo Yellow,F97,LKSW - Black Extended Merino Leather,2023,5YM13EC08P9S86794,,9S86794,2MK,,,"Jun 8, 2023",,USA,"Fields BMW, Winter Park, US",,,,,,,,
300 - Alpine White,F97,LKDA - Sakhir Orange Extended Merino Leather,2023,5YM13EC09P9S86853,,9S86853,2MK,,,"Jun 8, 2023",,USA,"Kelowna BMW, Kelowna, CA",,,,,,,,
S03 - Unknown Paint Code,F97,VATQ - BMW Individual Tartufo Extended Merino Leather,2023,5YM13EC0XP9S86960,,9S86960,2MK,,,"Jun 8, 2023",,USA,"BMW Performance Center (SC), Greer, US",,,,,,,,
C4P - Brooklyn Grey Metallic,F97,LKSW - Black Extended Merino Leather,2023,5YM13EC03P9S87156,,9S87156,2MK,,,"Jun 8, 2023",,USA,"BMW of Minnetonka, Minnetonka, US",,,,,,,,
C1K - Marina Bay Blue Metallic,F97,VATQ - BMW Individual Tartufo Extended Merino Leather,2023,5YM13EC03P9S87299,,9S87299,2MK,,,"Jun 8, 2023",,USA,"BMW of Catonsville, Baltimore, US",,,,,,,,
A90 - Dark Graphite Metallic,F97,LKSW - Black Extended Merino Leather,2023,5YM13EC06P9S88432,,9S88432,2MK,,,"Jun 9, 2023",,USA,"BMW Durham, Ajax, CA",,,,,,,,
P85 - Unknown Paint Code,F97,VATQ - BMW Individual Tartufo Extended Merino Leather,2023,5YM13EC06P9S88544,,9S88544,2MK,,,"Jun 9, 2023",,USA,"BMW Performance Center (SC), Greer, US",,,,,,,,
A90 - Dark Graphite Metallic,F97,LKSW - Black Extended Merino Leather,2023,5YM13EC09P9S88828,,9S88828,2MK,,,"Jun 9, 2023",,USA,"BMW West Island, Dorval, CA",,,,,,,,
C4P - Brooklyn Grey Metallic,F97,LKDA - Sakhir Orange Extended Merino Leather,2023,5YM13EC03P9S88887,,9S88887,2MK,,,"Jun 11, 2023",,USA,"BMW Ville de Quebec, Quebec City, CA",,,,,,,,
C4P - Brooklyn Grey Metallic,F97,LKDA - Sakhir Orange Extended Merino Leather,2023,5YM13EC05P9S88941,,9S88941,2MK,,,"Jun 11, 2023",,USA,"BMW Montreal Centre, Montreal, CA",,,,,,,,
A90 - Dark Graphite Metallic,F97,LKSW - Black Extended Merino Leather,2023,5YM13EC08P9S90053,,9S90053,2MK,,,"Jun 12, 2023",,USA,"BMW of Loveland, Loveland, US",,,,,,,,
475 - Black Sapphire Metallic,F97,LKSW - Black Extended Merino Leather,2023,5YM13EC01P9S90315,,9S90315,2MK,,,"Jun 12, 2023",,USA,"United BMW, Alpharetta, US",,,,,,,,
C1K - Marina Bay Blue Metallic,F97,LKDA - Sakhir Orange Extended Merino Leather,2023,5YM13EC02P9S90405,,9S90405,2MK,,,"Jun 12, 2023",,USA,"Fields BMW, Northfield, US",,,,,,,,
300 - Alpine White,F97,VATQ - BMW Individual Tartufo Extended Merino Leather,2023,5YM13EC07P9S90500,,9S90500,2MK,,,"Jun 12, 2023",,USA,"Schomp BMW of Highlands Ranch, Highlands Ranch, US",,,,,,,,
C4P - Brooklyn Grey Metallic,F97,LKDA - Sakhir Orange Extended Merino Leather,2023,5YM13EC07P9S91615,,9S91615,2MK,,,"Jun 13, 2023",,USA,"BMW of Bloomfield, Bloomfield, US",,,,,,,,
P7T - IND. Verde Ermes Metallic,F97,HDJA - Black/Midrand Beige Two-Tone Merino Leather / Alcantara,2023,5YM13EC05P9S91838,,9S91838,2MK,,,"Jun 13, 2023",,USA,"Hendrick BMW, Charlotte, US",,,,,,,,
C4P - Brooklyn Grey Metallic,F97,LKDA - Sakhir Orange Extended Merino Leather,2023,5YM13EC06P9S91895,,9S91895,2MK,,,"Jun 13, 2023",,USA,"Flemington BMW, Flemington, US",,,,,,,,
C4P - Brooklyn Grey Metallic,F97,LKDA - Sakhir Orange Extended Merino Leather,2023,5YM13EC01P9S92193,,9S92193,2MK,,,"Jun 13, 2023",,USA,"Vista BMW, Coconut Creek, US",,,,,,,,
C4P - Brooklyn Grey Metallic,F97,LKDA - Sakhir Orange Extended Merino Leather,2023,5YM13EC0XP9S93441,,9S93441,2MK,,,"Jun 14, 2023",,USA,"AH Euler Kaiserslautern GmbH, Kaiserslautern, DE",,,,,,,,
C4P - Brooklyn Grey Metallic,F97,LKDA - Sakhir Orange Extended Merino Leather,2023,5YM13EC03P9S93491,,9S93491,2MK,,,"Jun 14, 2023",,USA,"BMW of Delray Beach, Delray Beach, US",,,,,,,,
475 - Black Sapphire Metallic,F97,LKSW - Black Extended Merino Leather,2023,5YM13EC05P9S93671,,9S93671,2MK,,,"Jun 14, 2023",,USA,"Irvine BMW, Irvine, US",,,,,,,,
A90 - Dark Graphite Metallic,F97,LKHV - Adelaide Grey Extended Merino Leather,2023,5YM13EC04P9S95878,,9S95878,2MK,,,"Jun 15, 2023",,USA,"Karl Knauz Motors, Lake Bluff, US",,,,,,,,
C1K - Marina Bay Blue Metallic,F97,LKDA - Sakhir Orange Extended Merino Leather,2023,5YM13EC03P9S96228,,9S96228,2MK,,,"Jun 15, 2023",,USA,"BMW of Buffalo, Williamsville, US",,,,,,,,
475 - Black Sapphire Metallic,F97,LKDA - Sakhir Orange Extended Merino Leather,2023,5YM13EC0XP9S96307,,9S96307,2MK,,,"Jun 15, 2023",,USA,"Habberstad BMW, Huntington Station, US",,,,,,,,
P56 - Unknown Paint Code,F97,LKDA - Sakhir Orange Extended Merino Leather,2023,5YM13EC07P9S97365,,9S97365,2MK,,,"Jun 15, 2023",,USA,"Winslow BMW of Colorado Springs, Colorado Springs, US",,,,,,,,
475 - Black Sapphire Metallic,F97,LKHV - Adelaide Grey Extended Merino Leather,2023,5YM13EC05P9S97512,,9S97512,2MK,,,"Jun 16, 2023",,USA,"Pfaff BMW, Mississauga, CA",,,,,,,,
300 - Alpine White,F97,VATQ - BMW Individual Tartufo Extended Merino Leather,2023,5YM13EC0XP9S97618,,9S97618,2MK,,,"Jun 16, 2023",,USA,"Gebhardt BMW, Boulder, US",,,,,,,,
C3G - Toronto Red Metallic,F97,LKSW - Black Extended Merino Leather,2023,5YM13EC08P9S99996,,9S99996,2MK,,,"Jun 20, 2023",,USA,"BMW of Idaho Falls, Idaho Falls, US",,,,,,,,
C3G - Toronto Red Metallic,F97,LKHV - Adelaide Grey Extended Merino Leather,2023,5YM13EC02P9T00172,,9T00172,2MK,,,"Jun 20, 2023",,USA,"BMW Performance Center (SC), Greer, US",,,,,,,,
475 - Black Sapphire Metallic,F97,LKSW - Black Extended Merino Leather,2023,5YM13EC02P9T00298,,9T00298,2MK,,,"Jun 20, 2023",,USA,"BMW of Denver Downtown, Denver, US",,,,,,,,
C4P - Brooklyn Grey Metallic,F97,LKSW - Black Extended Merino Leather,2023,5YM13EC02P9T01564,,9T01564,2MK,,,"Jun 21, 2023",,USA,"The Automaster, Shelburne, US",,,,,,,,
475 - Black Sapphire Metallic,F97,VATQ - BMW Individual Tartufo Extended Merino Leather,2023,5YM13EC04P9T01601,,9T01601,2MK,,,"Jun 21, 2023",,USA,"BMW of Springfield, Springfield, US",,,,,,,,
475 - Black Sapphire Metallic,F97,LKSW - Black Extended Merino Leather,2023,5YM13EC02P9T01726,,9T01726,2MK,,,"Jun 21, 2023",,USA,"BMW of the Main Line, Bala Cynwyd, US",,,,,,,,
C1K - Marina Bay Blue Metallic,F97,VATQ - BMW Individual Tartufo Extended Merino Leather,2023,5YM13EC02P9T02004,,9T02004,2MK,,,"Jun 21, 2023",,USA,"BMW of South Albany, Glenmont, US",,,,,,,,
416 - Carbon Black Metallic,F97,VATQ - BMW Individual Tartufo Extended Merino Leather,2023,5YM13EC01P9T04374,,9T04374,2MK,,,"Jun 22, 2023",,USA,"Rallye BMW, Westbury, US",,,,,,,,
300 - Alpine White,F97,LKDA - Sakhir Orange Extended Merino Leather,2023,5YM13EC08P9T04534,,9T04534,2MK,,,"Jun 22, 2023",,USA,"BMW of Fremont, Fremont, US",,,,,,,,
300 - Alpine White,F97,LKDA - Sakhir Orange Extended Merino Leather,2023,5YM13EC00P9T04673,,9T04673,2MK,,,"Jun 22, 2023",,USA,"BMW of Meridian, Meridian, US",,,,,,,,
C4P - Brooklyn Grey Metallic,F97,LKDA - Sakhir Orange Extended Merino Leather,2023,5YM13EC06P9T05861,,9T05861,2MK,,,"Jun 23, 2023",,USA,"BMW of Sudbury, Sudbury, US",,,,,,,,
C4P - Brooklyn Grey Metallic,F97,LKDA - Sakhir Orange Extended Merino Leather,2023,5YM13EC00P9T05970,,9T05970,2MK,,,"Jun 23, 2023",,USA,"Braman Motorcars/Braman MINI of Pal, West Palm Beach, US",,,,,,,,
C4P - Brooklyn Grey Metallic,F97,LKDA - Sakhir Orange Extended Merino Leather,2023,5YM13EC01P9T06240,,9T06240,2MK,,,"Jun 25, 2023",,USA,"BMW of Buena Park, Buena Park, US",,,,,,,,
475 - Black Sapphire Metallic,F97,HDJA - Black/Midrand Beige Two-Tone Merino Leather / Alcantara,2023,5YM13EC00P9T07217,,9T07217,2MK,,,"Jun 25, 2023",,USA,"Chapman BMW, Chandler, US",,,,,,,,
300 - Alpine White,F97,HDJA - Black/Midrand Beige Two-Tone Merino Leather / Alcantara,2023,5YM13EC00P9T07346,,9T07346,2MK,,,"Jun 26, 2023",,USA,"BMW of Stratham, Stratham, US",,,,,,,,
475 - Black Sapphire Metallic,F97,LKDA - Sakhir Orange Extended Merino Leather,2023,5YM13EC02P9T07817,,9T07817,2MK,,,"Jun 26, 2023",,USA,"Braman BMW/Braman MINI of Miami, Miami, US",,,,,,,,
C4P - Brooklyn Grey Metallic,F97,LKDA - Sakhir Orange Extended Merino Leather,2023,5YM13EC00P9T08156,,9T08156,2MK,,,"Jun 27, 2023",,USA,"Braman BMW/Braman MINI of Miami, Miami, US",,,,,,,,
C4P - Brooklyn Grey Metallic,F97,LKSW - Black Extended Merino Leather,2023,5YM13EC02P9T08207,,9T08207,2MK,,,"Jun 27, 2023",,USA,"Beverly Hills BMW, Los Angeles, US",,,,,,,,
C1K - Marina Bay Blue Metallic,F97,LKSW - Black Extended Merino Leather,2023,5YM13EC0XP9T08424,,9T08424,2MK,,,"Jun 27, 2023",,USA,"BMW Tucson, Tucson, US",,,,,,,,
C1K - Marina Bay Blue Metallic,F97,HDJA - Black/Midrand Beige Two-Tone Merino Leather / Alcantara,2023,5YM13EC07P9T10535,,9T10535,2MK,,,"Jun 27, 2023",,USA,"Calgary BMW, Calgary, CA",,,,,,,,
C4P - Brooklyn Grey Metallic,F97,LKHV - Adelaide Grey Extended Merino Leather,2023,5YM13EC02P9T10944,,9T10944,2MK,,,"Jun 28, 2023",,USA,"Tom Bush BMW Jacksonville, Jacksonville, US",,,,,,,,
C3G - Toronto Red Metallic,F97,LKHV - Adelaide Grey Extended Merino Leather,2023,5YM13EC04P9T12999,,9T12999,2MK,,,"Jun 28, 2023",,USA,"BMW of Murray, Murray, US",,,,,,,,
A90 - Dark Graphite Metallic,F97,LKDA - Sakhir Orange Extended Merino Leather,2023,5YM13EC03P9T13187,,9T13187,2MK,,,"Jun 29, 2023",,USA,"New Century BMW, Alhambra, US",,,,,,,,
475 - Black Sapphire Metallic,F97,VATQ - BMW Individual Tartufo Extended Merino Leather,2023,5YM13EC0XP9T13557,,9T13557,2MK,,,"Jun 29, 2023",,USA,"BMW Laval, Laval, CA",,,,,,,,
475 - Black Sapphire Metallic,F97,LKSW - Black Extended Merino Leather,2023,5YM13EC07P9T14147,,9T14147,2MK,,,"Jun 30, 2023",,USA,"BMW Montreal Centre, Montreal, CA",,,,,,,,
C1K - Marina Bay Blue Metallic,F97,LKSW - Black Extended Merino Leather,2023,5YM13EC08P9T14335,,9T14335,2MK,,,"Jul 10, 2023",,USA,"International Autos/MINI, West Allis, US",,,,,,,,
C4P - Brooklyn Grey Metallic,F97,LKSW - Black Extended Merino Leather,2023,5YM13EC01P9T14502,,9T14502,2MK,,,"Jul 11, 2023",,USA,"BMW Aurora, Aurora, CA",,,,,,,,
416 - Carbon Black Metallic,F97,LKDA - Sakhir Orange Extended Merino Leather,2023,5YM13EC04P9T15871,,9T15871,2MK,,,"Jul 12, 2023",,USA,"BMW West Island, Dorval, CA",,,,,,,,
312 - IND. British Racing Green Metallic,F97,VATQ - BMW Individual Tartufo Extended Merino Leather,2023,5YM13EC02P9T16078,,9T16078,2MK,,,"Jul 12, 2023",,USA,"BMW of Cape Cod, Hyannis, US",,,,,,,,
C4P - Brooklyn Grey Metallic,F97,LKDA - Sakhir Orange Extended Merino Leather,2023,5YM13EC01P9T17254,,9T17254,2MK,,,"Jul 12, 2023",,USA,"BMW Toronto, Toronto, CA",,,,,,,,
300 - Alpine White,F97,LKSW - Black Extended Merino Leather,2023,5YM13EC07P9T17310,,9T17310,2MK,,,"Jul 12, 2023",,USA,"Pfaff BMW, Mississauga, CA",,,,,,,,
416 - Carbon Black Metallic,F97,VATQ - BMW Individual Tartufo Extended Merino Leather,2023,5YM13EC08P9T17509,,9T17509,2MK,,,"Jul 13, 2023",,USA,"BMW of West Chester, West Chester, US",,,,,,,,
C4P - Brooklyn Grey Metallic,F97,LKDA - Sakhir Orange Extended Merino Leather,2023,5YM13EC05P9T17970,,9T17970,2MK,,,"Jul 13, 2023",,USA,"BMW of Ridgefield, Ridgefield, US",,,,,,,,
475 - Black Sapphire Metallic,F97,HDJA - Black/Midrand Beige Two-Tone Merino Leather / Alcantara,2023,5YM13EC08P9T18093,,9T18093,2MK,,,"Jul 14, 2023",,USA,"Otto's BMW, Ottawa, CA",,,,,,,,
C1K - Marina Bay Blue Metallic,F97,HDJA - Black/Midrand Beige Two-Tone Merino Leather / Alcantara,2023,5YM13EC03P9T20706,,9T20706,2MK,,,"Jul 14, 2023",,USA,"Grenier BMW, Terrebonne, CA",,,,,,,,
C1K - Marina Bay Blue Metallic,F97,HDJA - Black/Midrand Beige Two-Tone Merino Leather / Alcantara,2023,5YM13EC02P9T21281,,9T21281,2MK,,,"Jul 17, 2023",,USA,"BMW Sainte-Julie, Sainte-Julie, CA",,,,,,,,
C1K - Marina Bay Blue Metallic,F97,LKSW - Black Extended Merino Leather,2023,5YM13EC05P9T22330,,9T22330,2MK,,,"Jul 17, 2023",,USA,"O'Regan's BMW, Halifax, CA",,,,,,,,
440 - Unknown Paint Code,F97,VATQ - BMW Individual Tartufo Extended Merino Leather,2023,5YM13EC05P9T22389,,9T22389,2MK,,,"Jul 17, 2023",,USA,"Winslow BMW of Colorado Springs, Colorado Springs, US",,,,,,,,
C1K - Marina Bay Blue Metallic,F97,LKHV - Adelaide Grey Extended Merino Leather,2023,5YM13EC04P9T22514,,9T22514,2MK,,,"Jul 17, 2023",,USA,"Brian Jessel BMW, Vancouver, CA",,,,,,,,
P7V - Unknown Paint Code,F97,VATQ - BMW Individual Tartufo Extended Merino Leather,2023,5YM13EC03P9T23895,,9T23895,2MK,,,"Jul 18, 2023",,USA,"BMW Northwest, Tacoma, US",,,,,,,,
475 - Black Sapphire Metallic,F97,HDJA - Black/Midrand Beige Two-Tone Merino Leather / Alcantara,2023,5YM13EC02P9T23936,,9T23936,2MK,,,"Jul 18, 2023",,USA,"BMW Langley, Langley, CA",,,,,,,,
A04 - IND. Urban Green,F97,LKSW - Black Extended Merino Leather,2023,5YM13EC00P9T26625,,9T26625,2MK,,,"Jul 20, 2023",,USA,"BMW of Wilmington, Wilmington, US",,,,,,,,
S03 - Unknown Paint Code,F97,VATQ - BMW Individual Tartufo Extended Merino Leather,2023,5YM13EC02P9T26903,,9T26903,2MK,,,"Jul 20, 2023",,USA,"Rallye BMW, Westbury, US",,,,,,,,
416 - Carbon Black Metallic,F97,HDJA - Black/Midrand Beige Two-Tone Merino Leather / Alcantara,2023,5YM13EC00P9T28262,,9T28262,2MK,,,"Jul 21, 2023",,USA,"BMW Autohaus, Thornhill, CA",,,,,,,,
A90 - Dark Graphite Metallic,F97,LKSW - Black Extended Merino Leather,2023,5YM13EC0XP9T28611,,9T28611,2MK,,,"Jul 21, 2023",,USA,"BMW Montreal Centre, Montreal, CA",,,,,,,,
C1K - Marina Bay Blue Metallic,F97,LKHV - Adelaide Grey Extended Merino Leather,2023,5YM13EC06P9T29805,,9T29805,2MK,,,"Jul 23, 2023",,USA,"BMW of Reading, Reading, US",,,,,,,,
475 - Black Sapphire Metallic,F97,LKSW - Black Extended Merino Leather,2023,5YM13EC04P9T29947,,9T29947,2MK,,,"Jul 24, 2023",,USA,"BMW of Turnersville, Turnersville, US",,,,,,,,
A90 - Dark Graphite Metallic,F97,HDJA - Black/Midrand Beige Two-Tone Merino Leather / Alcantara,2023,5YM13EC07P9T32440,,9T32440,2MK,,,"Jul 25, 2023",,USA,"Trois-Rivieres BMW, Trois Rivieres, CA",,,,,,,,
C4P - Brooklyn Grey Metallic,F97,LKSW - Black Extended Merino Leather,2023,5YM13EC03P9T32726,,9T32726,2MK,,,"Jul 25, 2023",,USA,"BMW of Grapevine, Grapevine, US",,,,,,,,
C4P - Brooklyn Grey Metallic,F97,LKDA - Sakhir Orange Extended Merino Leather,2023,5YM13EC01P9T33874,,9T33874,2MK,,,"Jul 25, 2023",,USA,"Elite BMW, Ottawa, CA",,,,,,,,
A90 - Dark Graphite Metallic,F97,LKSW - Black Extended Merino Leather,2023,5YM13EC03P9T34203,,9T34203,2MK,,,"Jul 26, 2023",,USA,"Budds' BMW Oakville, Oakville, CA",,,,,,,,
C4P - Brooklyn Grey Metallic,F97,LKDA - Sakhir Orange Extended Merino Leather,2023,5YM13EC09P9T34397,,9T34397,2MK,,,"Jul 26, 2023",,USA,"Edmonton BMW, Edmonton, CA",,,,,,,,
C4P - Brooklyn Grey Metallic,F97,LKDA - Sakhir Orange Extended Merino Leather,2023,5YM13EC00P9T36653,,9T36653,2MK,,,"Jul 27, 2023",,USA,"Policaro BMW, Brampton, CA",,,,,,,,
,,,,,,,,,,,,,,,,,,,,,
,,,,,,,,,,,,,,,,,,,,,
,,,,,,,,,,,,,,,,,,,,,
,,,,,,,,,,,,,,,,,,,,,
,,,,,,,,,,,,,,,,,,,,,
,,,,,,,,,,,,,,,,,,,,,
,,,,,,,,,,,,,,,,,,,,,
,,,,,,,,,,,,,,,,,,,,,
,,,,,,,,,,,,,,,,,,,,,
,,,,,,,,,,,,,,,,,,,,,
,,,,,,,,,,,,,,,,,,,,,
,,,,,,,,,,,,,,,,,,,,,
,,,,,,,,,,,,,,,,,,,,,
,,,,,,,,,,,,,,,,,,,,,
,,,,,,,,,,,,,,,,,,,,,
,,,,,,,,,,,,,,,,,,,,,
,,,,,,,,,,,,,,,,,,,,,
,,,,,,,,,,,,,,,,,,,,,
,,,,,,,,,,,,,,,,,,,,,
,,,,,,,,,,,,,,,,,,,,,
,,,,,,,,,,,,,,,,,,,,,
,,,,,,,,,,,,,,,,,,,,,
,,,,,,,,,,,,,,,,,,,,,
,,,,,,,,,,,,,,,,,,,,,
,,,,,,,,,,,,,,,,,,,,,
,,,,,,,,,,,,,,,,,,,,,
,,,,,,,,,,,,,,,,,,,,,
,,,,,,,,,,,,,,,,,,,,,
,,,,,,,,,,,,,,,,,,,,,
,,,,,,,,,,,,,,,,,,,,,
,,,,,,,,,,,,,,,,,,,,,
,,,,,,,,,,,,,,,,,,,,,
,,,,,,,,,,,,,,,,,,,,,
,,,,,,,,,,,,,,,,,,,,,
,,,,,,,,,,,,,,,,,,,,,
,,,,,,,,,,,,,,,,,,,,,
,,,,,,,,,,,,,,,,,,,,,
,,,,,,,,,,,,,,,,,,,,,
,,,,,,,,,,,,,,,,,,,,,
,,,,,,,,,,,,,,,,,,,,,
,,,,,,,,,,,,,,,,,,,,,
,,,,,,,,,,,,,,,,,,,,,
,,,,,,,,,,,,,,,,,,,,,
,,,,,,,,,,,,,,,,,,,,,
,,,,,,,,,,,,,,,,,,,,,
,,,,,,,,,,,,,,,,,,,,,
,,,,,,,,,,,,,,,,,,,,,
,,,,,,,,,,,,,,,,,,,,,
,,,,,,,,,,,,,,,,,,,,,
,,,,,,,,,,,,,,,,,,,,,
,,,,,,,,,,,,,,,,,,,,,
,,,,,,,,,,,,,,,,,,,,,
,,,,,,,,,,,,,,,,,,,,,
,,,,,,,,,,,,,,,,,,,,,
,,,,,,,,,,,,,,,,,,,,,
,,,,,,,,,,,,,,,,,,,,,
,,,,,,,,,,,,,,,,,,,,,
,,,,,,,,,,,,,,,,,,,,,
,,,,,,,,,,,,,,,,,,,,,
,,,,,,,,,,,,,,,,,,,,,
,,,,,,,,,,,,,,,,,,,,,
,,,,,,,,,,,,,,,,,,,,,
,,,,,,,,,,,,,,,,,,,,,
,,,,,,,,,,,,,,,,,,,,,
,,,,,,,,,,,,,,,,,,,,,
,,,,,,,,,,,,,,,,,,,,,
,,,,,,,,,,,,,,,,,,,,,
,,,,,,,,,,,,,,,,,,,,,
,,,,,,,,,,,,,,,,,,,,,
,,,,,,,,,,,,,,,,,,,,,
,,,,,,,,,,,,,,,,,,,,,
,,,,,,,,,,,,,,,,,,,,,
,,,,,,,,,,,,,,,,,,,,,
,,,,,,,,,,,,,,,,,,,,,
,,,,,,,,,,,,,,,,,,,,,
,,,,,,,,,,,,,,,,,,,,,
,,,,,,,,,,,,,,,,,,,,,
,,,,,,,,,,,,,,,,,,,,,
,,,,,,,,,,,,,,,,,,,,,
,,,,,,,,,,,,,,,,,,,,,
,,,,,,,,,,,,,,,,,,,,,
,,,,,,,,,,,,,,,,,,,,,
,,,,,,,,,,,,,,,,,,,,,
,,,,,,,,,,,,,,,,,,,,,
,,,,,,,,,,,,,,,,,,,,,
,,,,,,,,,,,,,,,,,,,,,
,,,,,,,,,,,,,,,,,,,,,
,,,,,,,,,,,,,,,,,,,,,
,,,,,,,,,,,,,,,,,,,,,
,,,,,,,,,,,,,,,,,,,,,
,,,,,,,,,,,,,,,,,,,,,
,,,,,,,,,,,,,,,,,,,,,
,,,,,,,,,,,,,,,,,,,,,
,,,,,,,,,,,,,,,,,,,,,
,,,,,,,,,,,,,,,,,,,,,
,,,,,,,,,,,,,,,,,,,,,
,,,,,,,,,,,,,,,,,,,,,
,,,,,,,,,,,,,,,,,,,,,
,,,,,,,,,,,,,,,,,,,,,
,,,,,,,,,,,,,,,,,,,,,
,,,,,,,,,,,,,,,,,,,,,
,,,,,,,,,,,,,,,,,,,,,
,,,,,,,,,,,,,,,,,,,,,
,,,,,,,,,,,,,,,,,,,,,
,,,,,,,,,,,,,,,,,,,,,
,,,,,,,,,,,,,,,,,,,,,
,,,,,,,,,,,,,,,,,,,,,
,,,,,,,,,,,,,,,,,,,,,
,,,,,,,,,,,,,,,,,,,,,
,,,,,,,,,,,,,,,,,,,,,
,,,,,,,,,,,,,,,,,,,,,
,,,,,,,,,,,,,,,,,,,,,
,,,,,,,,,,,,,,,,,,,,,
,,,,,,,,,,,,,,,,,,,,,
,,,,,,,,,,,,,,,,,,,,,
,,,,,,,,,,,,,,,,,,,,,
,,,,,,,,,,,,,,,,,,,,,
,,,,,,,,,,,,,,,,,,,,,
,,,,,,,,,,,,,,,,,,,,,
,,,,,,,,,,,,,,,,,,,,,
,,,,,,,,,,,,,,,,,,,,,
,,,,,,,,,,,,,,,,,,,,,
,,,,,,,,,,,,,,,,,,,,,
,,,,,,,,,,,,,,,,,,,,,
,,,,,,,,,,,,,,,,,,,,,
,,,,,,,,,,,,,,,,,,,,,
,,,,,,,,,,,,,,,,,,,,,
,,,,,,,,,,,,,,,,,,,,,
,,,,,,,,,,,,,,,,,,,,,
,,,,,,,,,,,,,,,,,,,,,
,,,,,,,,,,,,,,,,,,,,,
,,,,,,,,,,,,,,,,,,,,,
,,,,,,,,,,,,,,,,,,,,,
,,,,,,,,,,,,,,,,,,,,,
,,,,,,,,,,,,,,,,,,,,,
,,,,,,,,,,,,,,,,,,,,,
,,,,,,,,,,,,,,,,,,,,,
,,,,,,,,,,,,,,,,,,,,,
,,,,,,,,,,,,,,,,,,,,,
,,,,,,,,,,,,,,,,,,,,,
,,,,,,,,,,,,,,,,,,,,,
,,,,,,,,,,,,,,,,,,,,,
,,,,,,,,,,,,,,,,,,,,,
,,,,,,,,,,,,,,,,,,,,,
,,,,,,,,,,,,,,,,,,,,,
,,,,,,,,,,,,,,,,,,,,,
,,,,,,,,,,,,,,,,,,,,,
,,,,,,,,,,,,,,,,,,,,,
,,,,,,,,,,,,,,,,,,,,,
,,,,,,,,,,,,,,,,,,,,,
,,,,,,,,,,,,,,,,,,,,,
,,,,,,,,,,,,,,,,,,,,,
,,,,,,,,,,,,,,,,,,,,,
,,,,,,,,,,,,,,,,,,,,,
,,,,,,,,,,,,,,,,,,,,,
,,,,,,,,,,,,,,,,,,,,,
,,,,,,,,,,,,,,,,,,,,,
,,,,,,,,,,,,,,,,,,,,,
,,,,,,,,,,,,,,,,,,,,,
,,,,,,,,,,,,,,,,,,,,,
,,,,,,,,,,,,,,,,,,,,,
,,,,,,,,,,,,,,,,,,,,,
,,,,,,,,,,,,,,,,,,,,,
,,,,,,,,,,,,,,,,,,,,,
,,,,,,,,,,,,,,,,,,,,,
,,,,,,,,,,,,,,,,,,,,,
,,,,,,,,,,,,,,,,,,,,,
,,,,,,,,,,,,,,,,,,,,,
,,,,,,,,,,,,,,,,,,,,,
,,,,,,,,,,,,,,,,,,,,,
,,,,,,,,,,,,,,,,,,,,,
,,,,,,,,,,,,,,,,,,,,,
,,,,,,,,,,,,,,,,,,,,,
,,,,,,,,,,,,,,,,,,,,,
,,,,,,,,,,,,,,,,,,,,,
,,,,,,,,,,,,,,,,,,,,,
,,,,,,,,,,,,,,,,,,,,,
,,,,,,,,,,,,,,,,,,,,,
,,,,,,,,,,,,,,,,,,,,,
,,,,,,,,,,,,,,,,,,,,,
,,,,,,,,,,,,,,,,,,,,,
,,,,,,,,,,,,,,,,,,,,,
,,,,,,,,,,,,,,,,,,,,,
,,,,,,,,,,,,,,,,,,,,,
,,,,,,,,,,,,,,,,,,,,,
,,,,,,,,,,,,,,,,,,,,,
,,,,,,,,,,,,,,,,,,,,,
,,,,,,,,,,,,,,,,,,,,,
,,,,,,,,,,,,,,,,,,,,,
,,,,,,,,,,,,,,,,,,,,,
,,,,,,,,,,,,,,,,,,,,,
,,,,,,,,,,,,,,,,,,,,,
,,,,,,,,,,,,,,,,,,,,,
,,,,,,,,,,,,,,,,,,,,,
,,,,,,,,,,,,,,,,,,,,,
,,,,,,,,,,,,,,,,,,,,,
,,,,,,,,,,,,,,,,,,,,,
,,,,,,,,,,,,,,,,,,,,,
,,,,,,,,,,,,,,,,,,,,,
,,,,,,,,,,,,,,,,,,,,,
,,,,,,,,,,,,,,,,,,,,,
,,,,,,,,,,,,,,,,,,,,,
,,,,,,,,,,,,,,,,,,,,,
,,,,,,,,,,,,,,,,,,,,,
,,,,,,,,,,,,,,,,,,,,,
,,,,,,,,,,,,,,,,,,,,,
,,,,,,,,,,,,,,,,,,,,,
,,,,,,,,,,,,,,,,,,,,,
,,,,,,,,,,,,,,,,,,,,,
,,,,,,,,,,,,,,,,,,,,,
,,,,,,,,,,,,,,,,,,,,,
,,,,,,,,,,,,,,,,,,,,,
,,,,,,,,,,,,,,,,,,,,,
,,,,,,,,,,,,,,,,,,,,,
,,,,,,,,,,,,,,,,,,,,,
,,,,,,,,,,,,,,,,,,,,,
,,,,,,,,,,,,,,,,,,,,,
,,,,,,,,,,,,,,,,,,,,,
,,,,,,,,,,,,,,,,,,,,,
,,,,,,,,,,,,,,,,,,,,,
,,,,,,,,,,,,,,,,,,,,,
,,,,,,,,,,,,,,,,,,,,,
,,,,,,,,,,,,,,,,,,,,,
,,,,,,,,,,,,,,,,,,,,,
,,,,,,,,,,,,,,,,,,,,,
,,,,,,,,,,,,,,,,,,,,,
,,,,,,,,,,,,,,,,,,,,,
,,,,,,,,,,,,,,,,,,,,,
,,,,,,,,,,,,,,,,,,,,,
,,,,,,,,,,,,,,,,,,,,,
,,,,,,,,,,,,,,,,,,,,,
,,,,,,,,,,,,,,,,,,,,,
,,,,,,,,,,,,,,,,,,,,,
,,,,,,,,,,,,,,,,,,,,,
,,,,,,,,,,,,,,,,,,,,,
,,,,,,,,,,,,,,,,,,,,,
,,,,,,,,,,,,,,,,,,,,,
,,,,,,,,,,,,,,,,,,,,,
,,,,,,,,,,,,,,,,,,,,,
,,,,,,,,,,,,,,,,,,,,,
,,,,,,,,,,,,,,,,,,,,,
,,,,,,,,,,,,,,,,,,,,,
,,,,,,,,,,,,,,,,,,,,,
,,,,,,,,,,,,,,,,,,,,,
,,,,,,,,,,,,,,,,,,,,,
,,,,,,,,,,,,,,,,,,,,,
,,,,,,,,,,,,,,,,,,,,,
,,,,,,,,,,,,,,,,,,,,,
,,,,,,,,,,,,,,,,,,,,,
,,,,,,,,,,,,,,,,,,,,,
,,,,,,,,,,,,,,,,,,,,,
,,,,,,,,,,,,,,,,,,,,,
,,,,,,,,,,,,,,,,,,,,,
,,,,,,,,,,,,,,,,,,,,,
,,,,,,,,,,,,,,,,,,,,,
,,,,,,,,,,,,,,,,,,,,,
,,,,,,,,,,,,,,,,,,,,,
,,,,,,,,,,,,,,,,,,,,,
,,,,,,,,,,,,,,,,,,,,,
,,,,,,,,,,,,,,,,,,,,,
,,,,,,,,,,,,,,,,,,,,,
,,,,,,,,,,,,,,,,,,,,,
,,,,,,,,,,,,,,,,,,,,,
,,,,,,,,,,,,,,,,,,,,,
,,,,,,,,,,,,,,,,,,,,,
,,,,,,,,,,,,,,,,,,,,,
,,,,,,,,,,,,,,,,,,,,,
,,,,,,,,,,,,,,,,,,,,,
,,,,,,,,,,,,,,,,,,,,,
,,,,,,,,,,,,,,,,,,,,,
,,,,,,,,,,,,,,,,,,,,,
,,,,,,,,,,,,,,,,,,,,,
,,,,,,,,,,,,,,,,,,,,,
,,,,,,,,,,,,,,,,,,,,,
,,,,,,,,,,,,,,,,,,,,,
,,,,,,,,,,,,,,,,,,,,,
,,,,,,,,,,,,,,,,,,,,,
,,,,,,,,,,,,,,,,,,,,,
,,,,,,,,,,,,,,,,,,,,,
,,,,,,,,,,,,,,,,,,,,,
,,,,,,,,,,,,,,,,,,,,,
,,,,,,,,,,,,,,,,,,,,,
,,,,,,,,,,,,,,,,,,,,,
,,,,,,,,,,,,,,,,,,,,,
,,,,,,,,,,,,,,,,,,,,,
,,,,,,,,,,,,,,,,,,,,,
,,,,,,,,,,,,,,,,,,,,,
,,,,,,,,,,,,,,,,,,,,,
,,,,,,,,,,,,,,,,,,,,,
,,,,,,,,,,,,,,,,,,,,,
,,,,,,,,,,,,,,,,,,,,,
,,,,,,,,,,,,,,,,,,,,,
,,,,,,,,,,,,,,,,,,,,,
,,,,,,,,,,,,,,,,,,,,,
,,,,,,,,,,,,,,,,,,,,,
,,,,,,,,,,,,,,,,,,,,,
,,,,,,,,,,,,,,,,,,,,,
,,,,,,,,,,,,,,,,,,,,,
,,,,,,,,,,,,,,,,,,,,,
,,,,,,,,,,,,,,,,,,,,,
,,,,,,,,,,,,,,,,,,,,,
,,,,,,,,,,,,,,,,,,,,,
,,,,,,,,,,,,,,,,,,,,,
,,,,,,,,,,,,,,,,,,,,,
,,,,,,,,,,,,,,,,,,,,,
,,,,,,,,,,,,,,,,,,,,,
,,,,,,,,,,,,,,,,,,,,,
,,,,,,,,,,,,,,,,,,,,,
,,,,,,,,,,,,,,,,,,,,,
,,,,,,,,,,,,,,,,,,,,,
,,,,,,,,,,,,,,,,,,,,,
,,,,,,,,,,,,,,,,,,,,,
,,,,,,,,,,,,,,,,,,,,,
,,,,,,,,,,,,,,,,,,,,,
,,,,,,,,,,,,,,,,,,,,,
,,,,,,,,,,,,,,,,,,,,,
,,,,,,,,,,,,,,,,,,,,,
,,,,,,,,,,,,,,,,,,,,,
,,,,,,,,,,,,,,,,,,,,,
,,,,,,,,,,,,,,,,,,,,,
,,,,,,,,,,,,,,,,,,,,,
,,,,,,,,,,,,,,,,,,,,,
,,,,,,,,,,,,,,,,,,,,,
,,,,,,,,,,,,,,,,,,,,,
,,,,,,,,,,,,,,,,,,,,,
,,,,,,,,,,,,,,,,,,,,,
,,,,,,,,,,,,,,,,,,,,,
,,,,,,,,,,,,,,,,,,,,,
,,,,,,,,,,,,,,,,,,,,,
,,,,,,,,,,,,,,,,,,,,,
,,,,,,,,,,,,,,,,,,,,,
,,,,,,,,,,,,,,,,,,,,,
,,,,,,,,,,,,,,,,,,,,,
,,,,,,,,,,,,,,,,,,,,,
,,,,,,,,,,,,,,,,,,,,,
,,,,,,,,,,,,,,,,,,,,,
,,,,,,,,,,,,,,,,,,,,,
,,,,,,,,,,,,,,,,,,,,,
,,,,,,,,,,,,,,,,,,,,,
,,,,,,,,,,,,,,,,,,,,,
,,,,,,,,,,,,,,,,,,,,,
,,,,,,,,,,,,,,,,,,,,,
,,,,,,,,,,,,,,,,,,,,,
,,,,,,,,,,,,,,,,,,,,,
,,,,,,,,,,,,,,,,,,,,,
,,,,,,,,,,,,,,,,,,,,,
,,,,,,,,,,,,,,,,,,,,,
,,,,,,,,,,,,,,,,,,,,,
,,,,,,,,,,,,,,,,,,,,,
,,,,,,,,,,,,,,,,,,,,,
,,,,,,,,,,,,,,,,,,,,,
,,,,,,,,,,,,,,,,,,,,,
,,,,,,,,,,,,,,,,,,,,,
,,,,,,,,,,,,,,,,,,,,,
,,,,,,,,,,,,,,,,,,,,,
,,,,,,,,,,,,,,,,,,,,,
,,,,,,,,,,,,,,,,,,,,,
,,,,,,,,,,,,,,,,,,,,,
,,,,,,,,,,,,,,,,,,,,,
,,,,,,,,,,,,,,,,,,,,,
,,,,,,,,,,,,,,,,,,,,,
,,,,,,,,,,,,,,,,,,,,,
,,,,,,,,,,,,,,,,,,,,,
,,,,,,,,,,,,,,,,,,,,,
,,,,,,,,,,,,,,,,,,,,,
,,,,,,,,,,,,,,,,,,,,,
,,,,,,,,,,,,,,,,,,,,,
,,,,,,,,,,,,,,,,,,,,,
,,,,,,,,,,,,,,,,,,,,,
,,,,,,,,,,,,,,,,,,,,,
,,,,,,,,,,,,,,,,,,,,,
,,,,,,,,,,,,,,,,,,,,,
,,,,,,,,,,,,,,,,,,,,,
,,,,,,,,,,,,,,,,,,,,,
,,,,,,,,,,,,,,,,,,,,,
,,,,,,,,,,,,,,,,,,,,,
,,,,,,,,,,,,,,,,,,,,,
,,,,,,,,,,,,,,,,,,,,,
,,,,,,,,,,,,,,,,,,,,,
,,,,,,,,,,,,,,,,,,,,,
,,,,,,,,,,,,,,,,,,,,,
,,,,,,,,,,,,,,,,,,,,,
,,,,,,,,,,,,,,,,,,,,,
,,,,,,,,,,,,,,,,,,,,,
,,,,,,,,,,,,,,,,,,,,,
,,,,,,,,,,,,,,,,,,,,,
,,,,,,,,,,,,,,,,,,,,,
,,,,,,,,,,,,,,,,,,,,,
,,,,,,,,,,,,,,,,,,,,,
,,,,,,,,,,,,,,,,,,,,,
,,,,,,,,,,,,,,,,,,,,,
,,,,,,,,,,,,,,,,,,,,,
,,,,,,,,,,,,,,,,,,,,,
,,,,,,,,,,,,,,,,,,,,,
,,,,,,,,,,,,,,,,,,,,,
,,,,,,,,,,,,,,,,,,,,,
,,,,,,,,,,,,,,,,,,,,,
,,,,,,,,,,,,,,,,,,,,,
,,,,,,,,,,,,,,,,,,,,,
,,,,,,,,,,,,,,,,,,,,,
,,,,,,,,,,,,,,,,,,,,,
,,,,,,,,,,,,,,,,,,,,,
,,,,,,,,,,,,,,,,,,,,,
,,,,,,,,,,,,,,,,,,,,,
,,,,,,,,,,,,,,,,,,,,,
,,,,,,,,,,,,,,,,,,,,,
,,,,,,,,,,,,,,,,,,,,,
,,,,,,,,,,,,,,,,,,,,,
,,,,,,,,,,,,,,,,,,,,,
,,,,,,,,,,,,,,,,,,,,,
,,,,,,,,,,,,,,,,,,,,,
,,,,,,,,,,,,,,,,,,,,,
,,,,,,,,,,,,,,,,,,,,,
,,,,,,,,,,,,,,,,,,,,,
,,,,,,,,,,,,,,,,,,,,,
,,,,,,,,,,,,,,,,,,,,,
,,,,,,,,,,,,,,,,,,,,,
,,,,,,,,,,,,,,,,,,,,,
,,,,,,,,,,,,,,,,,,,,,
,,,,,,,,,,,,,,,,,,,,,
,,,,,,,,,,,,,,,,,,,,,
,,,,,,,,,,,,,,,,,,,,,
,,,,,,,,,,,,,,,,,,,,,
,,,,,,,,,,,,,,,,,,,,,
,,,,,,,,,,,,,,,,,,,,,
,,,,,,,,,,,,,,,,,,,,,
,,,,,,,,,,,,,,,,,,,,,
,,,,,,,,,,,,,,,,,,,,,
,,,,,,,,,,,,,,,,,,,,,
,,,,,,,,,,,,,,,,,,,,,
,,,,,,,,,,,,,,,,,,,,,
,,,,,,,,,,,,,,,,,,,,,
,,,,,,,,,,,,,,,,,,,,,
,,,,,,,,,,,,,,,,,,,,,
,,,,,,,,,,,,,,,,,,,,,
,,,,,,,,,,,,,,,,,,,,,
,,,,,,,,,,,,,,,,,,,,,
,,,,,,,,,,,,,,,,,,,,,
,,,,,,,,,,,,,,,,,,,,,
,,,,,,,,,,,,,,,,,,,,,
,,,,,,,,,,,,,,,,,,,,,
,,,,,,,,,,,,,,,,,,,,,
,,,,,,,,,,,,,,,,,,,,,
,,,,,,,,,,,,,,,,,,,,,
,,,,,,,,,,,,,,,,,,,,,
,,,,,,,,,,,,,,,,,,,,,
,,,,,,,,,,,,,,,,,,,,,
,,,,,,,,,,,,,,,,,,,,,
,,,,,,,,,,,,,,,,,,,,,
,,,,,,,,,,,,,,,,,,,,,
,,,,,,,,,,,,,,,,,,,,,
,,,,,,,,,,,,,,,,,,,,,
,,,,,,,,,,,,,,,,,,,,,
,,,,,,,,,,,,,,,,,,,,,
,,,,,,,,,,,,,,,,,,,,,
,,,,,,,,,,,,,,,,,,,,,
,,,,,,,,,,,,,,,,,,,,,
,,,,,,,,,,,,,,,,,,,,,
,,,,,,,,,,,,,,,,,,,,,
,,,,,,,,,,,,,,,,,,,,,
,,,,,,,,,,,,,,,,,,,,,
,,,,,,,,,,,,,,,,,,,,,
,,,,,,,,,,,,,,,,,,,,,
,,,,,,,,,,,,,,,,,,,,,
,,,,,,,,,,,,,,,,,,,,,
,,,,,,,,,,,,,,,,,,,,,
,,,,,,,,,,,,,,,,,,,,,
,,,,,,,,,,,,,,,,,,,,,
,,,,,,,,,,,,,,,,,,,,,
,,,,,,,,,,,,,,,,,,,,,
,,,,,,,,,,,,,,,,,,,,,
,,,,,,,,,,,,,,,,,,,,,
,,,,,,,,,,,,,,,,,,,,,
,,,,,,,,,,,,,,,,,,,,,
,,,,,,,,,,,,,,,,,,,,,
,,,,,,,,,,,,,,,,,,,,,
,,,,,,,,,,,,,,,,,,,,,
,,,,,,,,,,,,,,,,,,,,,
,,,,,,,,,,,,,,,,,,,,,
,,,,,,,,,,,,,,,,,,,,,
,,,,,,,,,,,,,,,,,,,,,
,,,,,,,,,,,,,,,,,,,,,
,,,,,,,,,,,,,,,,,,,,,
,,,,,,,,,,,,,,,,,,,,,
,,,,,,,,,,,,,,,,,,,,,
,,,,,,,,,,,,,,,,,,,,,
,,,,,,,,,,,,,,,,,,,,,
,,,,,,,,,,,,,,,,,,,,,
,,,,,,,,,,,,,,,,,,,,,
,,,,,,,,,,,,,,,,,,,,,
,,,,,,,,,,,,,,,,,,,,,
,,,,,,,,,,,,,,,,,,,,,
,,,,,,,,,,,,,,,,,,,,,
,,,,,,,,,,,,,,,,,,,,,
,,,,,,,,,,,,,,,,,,,,,
,,,,,,,,,,,,,,,,,,,,,
,,,,,,,,,,,,,,,,,,,,,
,,,,,,,,,,,,,,,,,,,,,
,,,,,,,,,,,,,,,,,,,,,
,,,,,,,,,,,,,,,,,,,,,
,,,,,,,,,,,,,,,,,,,,,
,,,,,,,,,,,,,,,,,,,,,
,,,,,,,,,,,,,,,,,,,,,
,,,,,,,,,,,,,,,,,,,,,
,,,,,,,,,,,,,,,,,,,,,
,,,,,,,,,,,,,,,,,,,,,
,,,,,,,,,,,,,,,,,,,,,
,,,,,,,,,,,,,,,,,,,,,
,,,,,,,,,,,,,,,,,,,,,
,,,,,,,,,,,,,,,,,,,,,
,,,,,,,,,,,,,,,,,,,,,
,,,,,,,,,,,,,,,,,,,,,
,,,,,,,,,,,,,,,,,,,,,
,,,,,,,,,,,,,,,,,,,,,
,,,,,,,,,,,,,,,,,,,,,
,,,,,,,,,,,,,,,,,,,,,
,,,,,,,,,,,,,,,,,,,,,
,,,,,,,,,,,,,,,,,,,,,
,,,,,,,,,,,,,,,,,,,,,
,,,,,,,,,,,,,,,,,,,,,
,,,,,,,,,,,,,,,,,,,,,
,,,,,,,,,,,,,,,,,,,,,
,,,,,,,,,,,,,,,,,,,,,
,,,,,,,,,,,,,,,,,,,,,
,,,,,,,,,,,,,,,,,,,,,
,,,,,,,,,,,,,,,,,,,,,
,,,,,,,,,,,,,,,,,,,,,
,,,,,,,,,,,,,,,,,,,,,
,,,,,,,,,,,,,,,,,,,,,
,,,,,,,,,,,,,,,,,,,,,
,,,,,,,,,,,,,,,,,,,,,
,,,,,,,,,,,,,,,,,,,,,
,,,,,,,,,,,,,,,,,,,,,
,,,,,,,,,,,,,,,,,,,,,
,,,,,,,,,,,,,,,,,,,,,
,,,,,,,,,,,,,,,,,,,,,
,,,,,,,,,,,,,,,,,,,,,
,,,,,,,,,,,,,,,,,,,,,
,,,,,,,,,,,,,,,,,,,,,
,,,,,,,,,,,,,,,,,,,,,
,,,,,,,,,,,,,,,,,,,,,
,,,,,,,,,,,,,,,,,,,,,
,,,,,,,,,,,,,,,,,,,,,
,,,,,,,,,,,,,,,,,,,,,
,,,,,,,,,,,,,,,,,,,,,
,,,,,,,,,,,,,,,,,,,,,
,,,,,,,,,,,,,,,,,,,,,
,,,,,,,,,,,,,,,,,,,,,
,,,,,,,,,,,,,,,,,,,,,
,,,,,,,,,,,,,,,,,,,,,
,,,,,,,,,,,,,,,,,,,,,
,,,,,,,,,,,,,,,,,,,,,
,,,,,,,,,,,,,,,,,,,,,
,,,,,,,,,,,,,,,,,,,,,
,,,,,,,,,,,,,,,,,,,,,
,,,,,,,,,,,,,,,,,,,,,
,,,,,,,,,,,,,,,,,,,,,
,,,,,,,,,,,,,,,,,,,,,
,,,,,,,,,,,,,,,,,,,,,
,,,,,,,,,,,,,,,,,,,,,
,,,,,,,,,,,,,,,,,,,,,
,,,,,,,,,,,,,,,,,,,,,
,,,,,,,,,,,,,,,,,,,,,
,,,,,,,,,,,,,,,,,,,,,
,,,,,,,,,,,,,,,,,,,,,
,,,,,,,,,,,,,,,,,,,,,
,,,,,,,,,,,,,,,,,,,,,
,,,,,,,,,,,,,,,,,,,,,
,,,,,,,,,,,,,,,,,,,,,
,,,,,,,,,,,,,,,,,,,,,
,,,,,,,,,,,,,,,,,,,,,
,,,,,,,,,,,,,,,,,,,,,
,,,,,,,,,,,,,,,,,,,,,
,,,,,,,,,,,,,,,,,,,,,
,,,,,,,,,,,,,,,,,,,,,
,,,,,,,,,,,,,,,,,,,,,
,,,,,,,,,,,,,,,,,,,,,
,,,,,,,,,,,,,,,,,,,,,
,,,,,,,,,,,,,,,,,,,,,
,,,,,,,,,,,,,,,,,,,,,
,,,,,,,,,,,,,,,,,,,,,
,,,,,,,,,,,,,,,,,,,,,
,,,,,,,,,,,,,,,,,,,,,
,,,,,,,,,,,,,,,,,,,,,
,,,,,,,,,,,,,,,,,,,,,
,,,,,,,,,,,,,,,,,,,,,
,,,,,,,,,,,,,,,,,,,,,
,,,,,,,,,,,,,,,,,,,,,
,,,,,,,,,,,,,,,,,,,,,
,,,,,,,,,,,,,,,,,,,,,
,,,,,,,,,,,,,,,,,,,,,
,,,,,,,,,,,,,,,,,,,,,
,,,,,,,,,,,,,,,,,,,,,
,,,,,,,,,,,,,,,,,,,,,
,,,,,,,,,,,,,,,,,,,,,
,,,,,,,,,,,,,,,,,,,,,
,,,,,,,,,,,,,,,,,,,,,
,,,,,,,,,,,,,,,,,,,,,
,,,,,,,,,,,,,,,,,,,,,
,,,,,,,,,,,,,,,,,,,,,
,,,,,,,,,,,,,,,,,,,,,
,,,,,,,,,,,,,,,,,,,,,
,,,,,,,,,,,,,,,,,,,,,
,,,,,,,,,,,,,,,,,,,,,
,,,,,,,,,,,,,,,,,,,,,
,,,,,,,,,,,,,,,,,,,,,
,,,,,,,,,,,,,,,,,,,,,
,,,,,,,,,,,,,,,,,,,,,
,,,,,,,,,,,,,,,,,,,,,
,,,,,,,,,,,,,,,,,,,,,
,,,,,,,,,,,,,,,,,,,,,
,,,,,,,,,,,,,,,,,,,,,
,,,,,,,,,,,,,,,,,,,,,
,,,,,,,,,,,,,,,,,,,,,
,,,,,,,,,,,,,,,,,,,,,
,,,,,,,,,,,,,,,,,,,,,
,,,,,,,,,,,,,,,,,,,,,
,,,,,,,,,,,,,,,,,,,,,
,,,,,,,,,,,,,,,,,,,,,
,,,,,,,,,,,,,,,,,,,,,
,,,,,,,,,,,,,,,,,,,,,
,,,,,,,,,,,,,,,,,,,,,
,,,,,,,,,,,,,,,,,,,,,
,,,,,,,,,,,,,,,,,,,,,
,,,,,,,,,,,,,,,,,,,,,
,,,,,,,,,,,,,,,,,,,,,
,,,,,,,,,,,,,,,,,,,,,
,,,,,,,,,,,,,,,,,,,,,
,,,,,,,,,,,,,,,,,,,,,
,,,,,,,,,,,,,,,,,,,,,
,,,,,,,,,,,,,,,,,,,,,
,,,,,,,,,,,,,,,,,,,,,
,,,,,,,,,,,,,,,,,,,,,
,,,,,,,,,,,,,,,,,,,,,
,,,,,,,,,,,,,,,,,,,,,
,,,,,,,,,,,,,,,,,,,,,
,,,,,,,,,,,,,,,,,,,,,
,,,,,,,,,,,,,,,,,,,,,
,,,,,,,,,,,,,,,,,,,,,
,,,,,,,,,,,,,,,,,,,,,
,,,,,,,,,,,,,,,,,,,,,
,,,,,,,,,,,,,,,,,,,,,
,,,,,,,,,,,,,,,,,,,,,
,,,,,,,,,,,,,,,,,,,,,
,,,,,,,,,,,,,,,,,,,,,
,,,,,,,,,,,,,,,,,,,,,
,,,,,,,,,,,,,,,,,,,,,
,,,,,,,,,,,,,,,,,,,,,
,,,,,,,,,,,,,,,,,,,,,
,,,,,,,,,,,,,,,,,,,,,
,,,,,,,,,,,,,,,,,,,,,
,,,,,,,,,,,,,,,,,,,,,
,,,,,,,,,,,,,,,,,,,,,
,,,,,,,,,,,,,,,,,,,,,
,,,,,,,,,,,,,,,,,,,,,
,,,,,,,,,,,,,,,,,,,,,
,,,,,,,,,,,,,,,,,,,,,
,,,,,,,,,,,,,,,,,,,,,
,,,,,,,,,,,,,,,,,,,,,
,,,,,,,,,,,,,,,,,,,,,
,,,,,,,,,,,,,,,,,,,,,
,,,,,,,,,,,,,,,,,,,,,
,,,,,,,,,,,,,,,,,,,,,
,,,,,,,,,,,,,,,,,,,,,
,,,,,,,,,,,,,,,,,,,,,
,,,,,,,,,,,,,,,,,,,,,
,,,,,,,,,,,,,,,,,,,,,
,,,,,,,,,,,,,,,,,,,,,
,,,,,,,,,,,,,,,,,,,,,
,,,,,,,,,,,,,,,,,,,,,
,,,,,,,,,,,,,,,,,,,,,
,,,,,,,,,,,,,,,,,,,,,
,,,,,,,,,,,,,,,,,,,,,
,,,,,,,,,,,,,,,,,,,,,
,,,,,,,,,,,,,,,,,,,,,
,,,,,,,,,,,,,,,,,,,,,
,,,,,,,,,,,,,,,,,,,,,
,,,,,,,,,,,,,,,,,,,,,
,,,,,,,,,,,,,,,,,,,,,
,,,,,,,,,,,,,,,,,,,,,
,,,,,,,,,,,,,,,,,,,,,
,,,,,,,,,,,,,,,,,,,,,
,,,,,,,,,,,,,,,,,,,,,
,,,,,,,,,,,,,,,,,,,,,
,,,,,,,,,,,,,,,,,,,,,
,,,,,,,,,,,,,,,,,,,,,
,,,,,,,,,,,,,,,,,,,,,
,,,,,,,,,,,,,,,,,,,,,
,,,,,,,,,,,,,,,,,,,,,
,,,,,,,,,,,,,,,,,,,,,
,,,,,,,,,,,,,,,,,,,,,
,,,,,,,,,,,,,,,,,,,,,
,,,,,,,,,,,,,,,,,,,,,
,,,,,,,,,,,,,,,,,,,,,
,,,,,,,,,,,,,,,,,,,,,
,,,,,,,,,,,,,,,,,,,,,
,,,,,,,,,,,,,,,,,,,,,
,,,,,,,,,,,,,,,,,,,,,
,,,,,,,,,,,,,,,,,,,,,
,,,,,,,,,,,,,,,,,,,,,
,,,,,,,,,,,,,,,,,,,,,
,,,,,,,,,,,,,,,,,,,,,
,,,,,,,,,,,,,,,,,,,,,
,,,,,,,,,,,,,,,,,,,,,
,,,,,,,,,,,,,,,,,,,,,
,,,,,,,,,,,,,,,,,,,,,
,,,,,,,,,,,,,,,,,,,,,
,,,,,,,,,,,,,,,,,,,,,
,,,,,,,,,,,,,,,,,,,,,
,,,,,,,,,,,,,,,,,,,,,
,,,,,,,,,,,,,,,,,,,,,
,,,,,,,,,,,,,,,,,,,,,
,,,,,,,,,,,,,,,,,,,,,
,,,,,,,,,,,,,,,,,,,,,
,,,,,,,,,,,,,,,,,,,,,
,,,,,,,,,,,,,,,,,,,,,
,,,,,,,,,,,,,,,,,,,,,
,,,,,,,,,,,,,,,,,,,,,
,,,,,,,,,,,,,,,,,,,,,
,,,,,,,,,,,,,,,,,,,,,
,,,,,,,,,,,,,,,,,,,,,
,,,,,,,,,,,,,,,,,,,,,
,,,,,,,,,,,,,,,,,,,,,
,,,,,,,,,,,,,,,,,,,,,
,,,,,,,,,,,,,,,,,,,,,
,,,,,,,,,,,,,,,,,,,,,
,,,,,,,,,,,,,,,,,,,,,
,,,,,,,,,,,,,,,,,,,,,
,,,,,,,,,,,,,,,,,,,,,
,,,,,,,,,,,,,,,,,,,,,
,,,,,,,,,,,,,,,,,,,,,
,,,,,,,,,,,,,,,,,,,,,
,,,,,,,,,,,,,,,,,,,,,
,,,,,,,,,,,,,,,,,,,,,
,,,,,,,,,,,,,,,,,,,,,
,,,,,,,,,,,,,,,,,,,,,
,,,,,,,,,,,,,,,,,,,,,
,,,,,,,,,,,,,,,,,,,,,
,,,,,,,,,,,,,,,,,,,,,
,,,,,,,,,,,,,,,,,,,,,
,,,,,,,,,,,,,,,,,,,,,
,,,,,,,,,,,,,,,,,,,,,
,,,,,,,,,,,,,,,,,,,,,
,,,,,,,,,,,,,,,,,,,,,
,,,,,,,,,,,,,,,,,,,,,
,,,,,,,,,,,,,,,,,,,,,
,,,,,,,,,,,,,,,,,,,,,
,,,,,,,,,,,,,,,,,,,,,
,,,,,,,,,,,,,,,,,,,,,
,,,,,,,,,,,,,,,,,,,,,
,,,,,,,,,,,,,,,,,,,,,
,,,,,,,,,,,,,,,,,,,,,
,,,,,,,,,,,,,,,,,,,,,
,,,,,,,,,,,,,,,,,,,,,
,,,,,,,,,,,,,,,,,,,,,
,,,,,,,,,,,,,,,,,,,,,
,,,,,,,,,,,,,,,,,,,,,
,,,,,,,,,,,,,,,,,,,,,
,,,,,,,,,,,,,,,,,,,,,
,,,,,,,,,,,,,,,,,,,,,
,,,,,,,,,,,,,,,,,,,,,
,,,,,,,,,,,,,,,,,,,,,
,,,,,,,,,,,,,,,,,,,,,
,,,,,,,,,,,,,,,,,,,,,
,,,,,,,,,,,,,,,,,,,,,
,,,,,,,,,,,,,,,,,,,,,
,,,,,,,,,,,,,,,,,,,,,
,,,,,,,,,,,,,,,,,,,,,
,,,,,,,,,,,,,,,,,,,,,
,,,,,,,,,,,,,,,,,,,,,
,,,,,,,,,,,,,,,,,,,,,
,,,,,,,,,,,,,,,,,,,,,
,,,,,,,,,,,,,,,,,,,,,
,,,,,,,,,,,,,,,,,,,,,
,,,,,,,,,,,,,,,,,,,,,
,,,,,,,,,,,,,,,,,,,,,
,,,,,,,,,,,,,,,,,,,,,
,,,,,,,,,,,,,,,,,,,,,
,,,,,,,,,,,,,,,,,,,,,
,,,,,,,,,,,,,,,,,,,,,
,,,,,,,,,,,,,,,,,,,,,
,,,,,,,,,,,,,,,,,,,,,
,,,,,,,,,,,,,,,,,,,,,
,,,,,,,,,,,,,,,,,,,,,
,,,,,,,,,,,,,,,,,,,,,
,,,,,,,,,,,,,,,,,,,,,
,,,,,,,,,,,,,,,,,,,,,
,,,,,,,,,,,,,,,,,,,,,
,,,,,,,,,,,,,,,,,,,,,
,,,,,,,,,,,,,,,,,,,,,
,,,,,,,,,,,,,,,,,,,,,
,,,,,,,,,,,,,,,,,,,,,
,,,,,,,,,,,,,,,,,,,,,
,,,,,,,,,,,,,,,,,,,,,
,,,,,,,,,,,,,,,,,,,,,
,,,,,,,,,,,,,,,,,,,,,
,,,,,,,,,,,,,,,,,,,,,
,,,,,,,,,,,,,,,,,,,,,
,,,,,,,,,,,,,,,,,,,,,
,,,,,,,,,,,,,,,,,,,,,
,,,,,,,,,,,,,,,,,,,,,
,,,,,,,,,,,,,,,,,,,,,
,,,,,,,,,,,,,,,,,,,,,
,,,,,,,,,,,,,,,,,,,,,
,,,,,,,,,,,,,,,,,,,,,
,,,,,,,,,,,,,,,,,,,,,
,,,,,,,,,,,,,,,,,,,,,
,,,,,,,,,,,,,,,,,,,,,
,,,,,,,,,,,,,,,,,,,,,
,,,,,,,,,,,,,,,,,,,,,
,,,,,,,,,,,,,,,,,,,,,
,,,,,,,,,,,,,,,,,,,,,
,,,,,,,,,,,,,,,,,,,,,
,,,,,,,,,,,,,,,,,,,,,
,,,,,,,,,,,,,,,,,,,,,
,,,,,,,,,,,,,,,,,,,,,
,,,,,,,,,,,,,,,,,,,,,
,,,,,,,,,,,,,,,,,,,,,
,,,,,,,,,,,,,,,,,,,,,
,,,,,,,,,,,,,,,,,,,,,
,,,,,,,,,,,,,,,,,,,,,
,,,,,,,,,,,,,,,,,,,,,
,,,,,,,,,,,,,,,,,,,,,
,,,,,,,,,,,,,,,,,,,,,
,,,,,,,,,,,,,,,,,,,,,
,,,,,,,,,,,,,,,,,,,,,
,,,,,,,,,,,,,,,,,,,,,
,,,,,,,,,,,,,,,,,,,,,
,,,,,,,,,,,,,,,,,,,,,
,,,,,,,,,,,,,,,,,,,,,
,,,,,,,,,,,,,,,,,,,,,
,,,,,,,,,,,,,,,,,,,,,
,,,,,,,,,,,,,,,,,,,,,
,,,,,,,,,,,,,,,,,,,,,
,,,,,,,,,,,,,,,,,,,,,
,,,,,,,,,,,,,,,,,,,,,
,,,,,,,,,,,,,,,,,,,,,
,,,,,,,,,,,,,,,,,,,,,
,,,,,,,,,,,,,,,,,,,,,
,,,,,,,,,,,,,,,,,,,,,
,,,,,,,,,,,,,,,,,,,,,
,,,,,,,,,,,,,,,,,,,,,
,,,,,,,,,,,,,,,,,,,,,
,,,,,,,,,,,,,,,,,,,,,
,,,,,,,,,,,,,,,,,,,,,
,,,,,,,,,,,,,,,,,,,,,
,,,,,,,,,,,,,,,,,,,,,
,,,,,,,,,,,,,,,,,,,,,
,,,,,,,,,,,,,,,,,,,,,
,,,,,,,,,,,,,,,,,,,,,
,,,,,,,,,,,,,,,,,,,,,
,,,,,,,,,,,,,,,,,,,,,
,,,,,,,,,,,,,,,,,,,,,
,,,,,,,,,,,,,,,,,,,,,
,,,,,,,,,,,,,,,,,,,,,
,,,,,,,,,,,,,,,,,,,,,
,,,,,,,,,,,,,,,,,,,,,
,,,,,,,,,,,,,,,,,,,,,
,,,,,,,,,,,,,,,,,,,,,
,,,,,,,,,,,,,,,,,,,,,
,,,,,,,,,,,,,,,,,,,,,
,,,,,,,,,,,,,,,,,,,,,
,,,,,,,,,,,,,,,,,,,,,
,,,,,,,,,,,,,,,,,,,,,
,,,,,,,,,,,,,,,,,,,,,
,,,,,,,,,,,,,,,,,,,,,
,,,,,,,,,,,,,,,,,,,,,
,,,,,,,,,,,,,,,,,,,,,
,,,,,,,,,,,,,,,,,,,,,
,,,,,,,,,,,,,,,,,,,,,
,,,,,,,,,,,,,,,,,,,,,
,,,,,,,,,,,,,,,,,,,,,
,,,,,,,,,,,,,,,,,,,,,
,,,,,,,,,,,,,,,,,,,,,
,,,,,,,,,,,,,,,,,,,,,
,,,,,,,,,,,,,,,,,,,,,
,,,,,,,,,,,,,,,,,,,,,
,,,,,,,,,,,,,,,,,,,,,
,,,,,,,,,,,,,,,,,,,,,
,,,,,,,,,,,,,,,,,,,,,
,,,,,,,,,,,,,,,,,,,,,
,,,,,,,,,,,,,,,,,,,,,
,,,,,,,,,,,,,,,,,,,,,
,,,,,,,,,,,,,,,,,,,,,
,,,,,,,,,,,,,,,,,,,,,
,,,,,,,,,,,,,,,,,,,,,
,,,,,,,,,,,,,,,,,,,,,
,,,,,,,,,,,,,,,,,,,,,
,,,,,,,,,,,,,,,,,,,,,
,,,,,,,,,,,,,,,,,,,,,
,,,,,,,,,,,,,,,,,,,,,
,,,,,,,,,,,,,,,,,,,,,
,,,,,,,,,,,,,,,,,,,,,
,,,,,,,,,,,,,,,,,,,,,
,,,,,,,,,,,,,,,,,,,,,
,,,,,,,,,,,,,,,,,,,,,
,,,,,,,,,,,,,,,,,,,,,
,,,,,,,,,,,,,,,,,,,,,
,,,,,,,,,,,,,,,,,,,,,
,,,,,,,,,,,,,,,,,,,,,
,,,,,,,,,,,,,,,,,,,,,
,,,,,,,,,,,,,,,,,,,,,
,,,,,,,,,,,,,,,,,,,,,
,,,,,,,,,,,,,,,,,,,,,
,,,,,,,,,,,,,,,,,,,,,
,,,,,,,,,,,,,,,,,,,,,
,,,,,,,,,,,,,,,,,,,,,
,,,,,,,,,,,,,,,,,,,,,
,,,,,,,,,,,,,,,,,,,,,
,,,,,,,,,,,,,,,,,,,,,
,,,,,,,,,,,,,,,,,,,,,
,,,,,,,,,,,,,,,,,,,,,
,,,,,,,,,,,,,,,,,,,,,
,,,,,,,,,,,,,,,,,,,,,
,,,,,,,,,,,,,,,,,,,,,
,,,,,,,,,,,,,,,,,,,,,
,,,,,,,,,,,,,,,,,,,,,
,,,,,,,,,,,,,,,,,,,,,
,,,,,,,,,,,,,,,,,,,,,
,,,,,,,,,,,,,,,,,,,,,
,,,,,,,,,,,,,,,,,,,,,
,,,,,,,,,,,,,,,,,,,,,
,,,,,,,,,,,,,,,,,,,,,
,,,,,,,,,,,,,,,,,,,,,
,,,,,,,,,,,,,,,,,,,,,
,,,,,,,,,,,,,,,,,,,,,
,,,,,,,,,,,,,,,,,,,,,
,,,,,,,,,,,,,,,,,,,,,
,,,,,,,,,,,,,,,,,,,,,
,,,,,,,,,,,,,,,,,,,,,
,,,,,,,,,,,,,,,,,,,,,
,,,,,,,,,,,,,,,,,,,,,
,,,,,,,,,,,,,,,,,,,,,
,,,,,,,,,,,,,,,,,,,,,
,,,,,,,,,,,,,,,,,,,,,
,,,,,,,,,,,,,,,,,,,,,
,,,,,,,,,,,,,,,,,,,,,
,,,,,,,,,,,,,,,,,,,,,
,,,,,,,,,,,,,,,,,,,,,
,,,,,,,,,,,,,,,,,,,,,
,,,,,,,,,,,,,,,,,,,,,
,,,,,,,,,,,,,,,,,,,,,
,,,,,,,,,,,,,,,,,,,,,
,,,,,,,,,,,,,,,,,,,,,
,,,,,,,,,,,,,,,,,,,,,
,,,,,,,,,,,,,,,,,,,,,
,,,,,,,,,,,,,,,,,,,,,
,,,,,,,,,,,,,,,,,,,,,
,,,,,,,,,,,,,,,,,,,,,
,,,,,,,,,,,,,,,,,,,,,
,,,,,,,,,,,,,,,,,,,,,
,,,,,,,,,,,,,,,,,,,,,
,,,,,,,,,,,,,,,,,,,,,
,,,,,,,,,,,,,,,,,,,,,
,,,,,,,,,,,,,,,,,,,,,
,,,,,,,,,,,,,,,,,,,,,
,,,,,,,,,,,,,,,,,,,,,
,,,,,,,,,,,,,,,,,,,,,
,,,,,,,,,,,,,,,,,,,,,
,,,,,,,,,,,,,,,,,,,,,
,,,,,,,,,,,,,,,,,,,,,
,,,,,,,,,,,,,,,,,,,,,
,,,,,,,,,,,,,,,,,,,,,
,,,,,,,,,,,,,,,,,,,,,
,,,,,,,,,,,,,,,,,,,,,
,,,,,,,,,,,,,,,,,,,,,
,,,,,,,,,,,,,,,,,,,,,
,,,,,,,,,,,,,,,,,,,,,
,,,,,,,,,,,,,,,,,,,,,
,,,,,,,,,,,,,,,,,,,,,
,,,,,,,,,,,,,,,,,,,,,
,,,,,,,,,,,,,,,,,,,,,
,,,,,,,,,,,,,,,,,,,,,
,,,,,,,,,,,,,,,,,,,,,
,,,,,,,,,,,,,,,,,,,,,
,,,,,,,,,,,,,,,,,,,,,
,,,,,,,,,,,,,,,,,,,,,
,,,,,,,,,,,,,,,,,,,,,
,,,,,,,,,,,,,,,,,,,,,
,,,,,,,,,,,,,,,,,,,,,
,,,,,,,,,,,,,,,,,,,,,
,,,,,,,,,,,,,,,,,,,,,
,,,,,,,,,,,,,,,,,,,,,
,,,,,,,,,,,,,,,,,,,,,
,,,,,,,,,,,,,,,,,,,,,
,,,,,,,,,,,,,,,,,,,,,
,,,,,,,,,,,,,,,,,,,,,
,,,,,,,,,,,,,,,,,,,,,
,,,,,,,,,,,,,,,,,,,,,
,,,,,,,,,,,,,,,,,,,,,
,,,,,,,,,,,,,,,,,,,,,
,,,,,,,,,,,,,,,,,,,,,
,,,,,,,,,,,,,,,,,,,,,
,,,,,,,,,,,,,,,,,,,,,
,,,,,,,,,,,,,,,,,,,,,
,,,,,,,,,,,,,,,,,,,,,
,,,,,,,,,,,,,,,,,,,,,
,,,,,,,,,,,,,,,,,,,,,
,,,,,,,,,,,,,,,,,,,,,
,,,,,,,,,,,,,,,,,,,,,
,,,,,,,,,,,,,,,,,,,,,
,,,,,,,,,,,,,,,,,,,,,
,,,,,,,,,,,,,,,,,,,,,
,,,,,,,,,,,,,,,,,,,,,
,,,,,,,,,,,,,,,,,,,,,
,,,,,,,,,,,,,,,,,,,,,
,,,,,,,,,,,,,,,,,,,,,
,,,,,,,,,,,,,,,,,,,,,
,,,,,,,,,,,,,,,,,,,,,
,,,,,,,,,,,,,,,,,,,,,
,,,,,,,,,,,,,,,,,,,,,
,,,,,,,,,,,,,,,,,,,,,
,,,,,,,,,,,,,,,,,,,,,
,,,,,,,,,,,,,,,,,,,,,
,,,,,,,,,,,,,,,,,,,,,
,,,,,,,,,,,,,,,,,,,,,
,,,,,,,,,,,,,,,,,,,,,
,,,,,,,,,,,,,,,,,,,,,
,,,,,,,,,,,,,,,,,,,,,
,,,,,,,,,,,,,,,,,,,,,
,,,,,,,,,,,,,,,,,,,,,
,,,,,,,,,,,,,,,,,,,,,
,,,,,,,,,,,,,,,,,,,,,
,,,,,,,,,,,,,,,,,,,,,
,,,,,,,,,,,,,,,,,,,,,
,,,,,,,,,,,,,,,,,,,,,
,,,,,,,,,,,,,,,,,,,,,
,,,,,,,,,,,,,,,,,,,,,
,,,,,,,,,,,,,,,,,,,,,
,,,,,,,,,,,,,,,,,,,,,
,,,,,,,,,,,,,,,,,,,,,
,,,,,,,,,,,,,,,,,,,,,
,,,,,,,,,,,,,,,,,,,,,
,,,,,,,,,,,,,,,,,,,,,
,,,,,,,,,,,,,,,,,,,,,
,,,,,,,,,,,,,,,,,,,,,
,,,,,,,,,,,,,,,,,,,,,
,,,,,,,,,,,,,,,,,,,,,
,,,,,,,,,,,,,,,,,,,,,
,,,,,,,,,,,,,,,,,,,,,
,,,,,,,,,,,,,,,,,,,,,
,,,,,,,,,,,,,,,,,,,,,
,,,,,,,,,,,,,,,,,,,,,
,,,,,,,,,,,,,,,,,,,,,
,,,,,,,,,,,,,,,,,,,,,
,,,,,,,,,,,,,,,,,,,,,
,,,,,,,,,,,,,,,,,,,,,
,,,,,,,,,,,,,,,,,,,,,
,,,,,,,,,,,,,,,,,,,,,
,,,,,,,,,,,,,,,,,,,,,
,,,,,,,,,,,,,,,,,,,,,
,,,,,,,,,,,,,,,,,,,,,
,,,,,,,,,,,,,,,,,,,,,
,,,,,,,,,,,,,,,,,,,,,
,,,,,,,,,,,,,,,,,,,,,
,,,,,,,,,,,,,,,,,,,,,
,,,,,,,,,,,,,,,,,,,,,
,,,,,,,,,,,,,,,,,,,,,
,,,,,,,,,,,,,,,,,,,,,
,,,,,,,,,,,,,,,,,,,,,
,,,,,,,,,,,,,,,,,,,,,
,,,,,,,,,,,,,,,,,,,,,
,,,,,,,,,,,,,,,,,,,,,
,,,,,,,,,,,,,,,,,,,,,
,,,,,,,,,,,,,,,,,,,,,
,,,,,,,,,,,,,,,,,,,,,
,,,,,,,,,,,,,,,,,,,,,
,,,,,,,,,,,,,,,,,,,,,
,,,,,,,,,,,,,,,,,,,,,
,,,,,,,,,,,,,,,,,,,,,
,,,,,,,,,,,,,,,,,,,,,
,,,,,,,,,,,,,,,,,,,,,
,,,,,,,,,,,,,,,,,,,,,
,,,,,,,,,,,,,,,,,,,,,
,,,,,,,,,,,,,,,,,,,,,
,,,,,,,,,,,,,,,,,,,,,
,,,,,,,,,,,,,,,,,,,,,
,,,,,,,,,,,,,,,,,,,,,
,,,,,,,,,,,,,,,,,,,,,
,,,,,,,,,,,,,,,,,,,,,
,,,,,,,,,,,,,,,,,,,,,
,,,,,,,,,,,,,,,,,,,,,
,,,,,,,,,,,,,,,,,,,,,
,,,,,,,,,,,,,,,,,,,,,
,,,,,,,,,,,,,,,,,,,,,
,,,,,,,,,,,,,,,,,,,,,
,,,,,,,,,,,,,,,,,,,,,
,,,,,,,,,,,,,,,,,,,,,
,,,,,,,,,,,,,,,,,,,,,
,,,,,,,,,,,,,,,,,,,,,
,,,,,,,,,,,,,,,,,,,,,
,,,,,,,,,,,,,,,,,,,,,
,,,,,,,,,,,,,,,,,,,,,
,,,,,,,,,,,,,,,,,,,,,
,,,,,,,,,,,,,,,,,,,,,
,,,,,,,,,,,,,,,,,,,,,
,,,,,,,,,,,,,,,,,,,,,
,,,,,,,,,,,,,,,,,,,,,
,,,,,,,,,,,,,,,,,,,,,
,,,,,,,,,,,,,,,,,,,,,
,,,,,,,,,,,,,,,,,,,,,
,,,,,,,,,,,,,,,,,,,,,
,,,,,,,,,,,,,,,,,,,,,
,,,,,,,,,,,,,,,,,,,,,
,,,,,,,,,,,,,,,,,,,,,
,,,,,,,,,,,,,,,,,,,,,
,,,,,,,,,,,,,,,,,,,,,
,,,,,,,,,,,,,,,,,,,,,
,,,,,,,,,,,,,,,,,,,,,
,,,,,,,,,,,,,,,,,,,,,
,,,,,,,,,,,,,,,,,,,,,
,,,,,,,,,,,,,,,,,,,,,
,,,,,,,,,,,,,,,,,,,,,
,,,,,,,,,,,,,,,,,,,,,
,,,,,,,,,,,,,,,,,,,,,
,,,,,,,,,,,,,,,,,,,,,
,,,,,,,,,,,,,,,,,,,,,
,,,,,,,,,,,,,,,,,,,,,
,,,,,,,,,,,,,,,,,,,,,
,,,,,,,,,,,,,,,,,,,,,
,,,,,,,,,,,,,,,,,,,,,
,,,,,,,,,,,,,,,,,,,,,
,,,,,,,,,,,,,,,,,,,,,
,,,,,,,,,,,,,,,,,,,,,
,,,,,,,,,,,,,,,,,,,,,
,,,,,,,,,,,,,,,,,,,,,
,,,,,,,,,,,,,,,,,,,,,
,,,,,,,,,,,,,,,,,,,,,
,,,,,,,,,,,,,,,,,,,,,
,,,,,,,,,,,,,,,,,,,,,
,,,,,,,,,,,,,,,,,,,,,
,,,,,,,,,,,,,,,,,,,,,
,,,,,,,,,,,,,,,,,,,,,
,,,,,,,,,,,,,,,,,,,,,
,,,,,,,,,,,,,,,,,,,,,
,,,,,,,,,,,,,,,,,,,,,
,,,,,,,,,,,,,,,,,,,,,
,,,,,,,,,,,,,,,,,,,,,
,,,,,,,,,,,,,,,,,,,,,
,,,,,,,,,,,,,,,,,,,,,
,,,,,,,,,,,,,,,,,,,,,
,,,,,,,,,,,,,,,,,,,,,
,,,,,,,,,,,,,,,,,,,,,
,,,,,,,,,,,,,,,,,,,,,
,,,,,,,,,,,,,,,,,,,,,
,,,,,,,,,,,,,,,,,,,,,
,,,,,,,,,,,,,,,,,,,,,
,,,,,,,,,,,,,,,,,,,,,
,,,,,,,,,,,,,,,,,,,,,
,,,,,,,,,,,,,,,,,,,,,
,,,,,,,,,,,,,,,,,,,,,
,,,,,,,,,,,,,,,,,,,,,
,,,,,,,,,,,,,,,,,,,,,
,,,,,,,,,,,,,,,,,,,,,
,,,,,,,,,,,,,,,,,,,,,
,,,,,,,,,,,,,,,,,,,,,
,,,,,,,,,,,,,,,,,,,,,
,,,,,,,,,,,,,,,,,,,,,
,,,,,,,,,,,,,,,,,,,,,
,,,,,,,,,,,,,,,,,,,,,
,,,,,,,,,,,,,,,,,,,,,
,,,,,,,,,,,,,,,,,,,,,
,,,,,,,,,,,,,,,,,,,,,
,,,,,,,,,,,,,,,,,,,,,
,,,,,,,,,,,,,,,,,,,,,
,,,,,,,,,,,,,,,,,,,,,
,,,,,,,,,,,,,,,,,,,,,
,,,,,,,,,,,,,,,,,,,,,
,,,,,,,,,,,,,,,,,,,,,
,,,,,,,,,,,,,,,,,,,,,
,,,,,,,,,,,,,,,,,,,,,
,,,,,,,,,,,,,,,,,,,,,
,,,,,,,,,,,,,,,,,,,,,
,,,,,,,,,,,,,,,,,,,,,
,,,,,,,,,,,,,,,,,,,,,
,,,,,,,,,,,,,,,,,,,,,
,,,,,,,,,,,,,,,,,,,,,
,,,,,,,,,,,,,,,,,,,,,
,,,,,,,,,,,,,,,,,,,,,
,,,,,,,,,,,,,,,,,,,,,
,,,,,,,,,,,,,,,,,,,,,
,,,,,,,,,,,,,,,,,,,,,
,,,,,,,,,,,,,,,,,,,,,
,,,,,,,,,,,,,,,,,,,,,
,,,,,,,,,,,,,,,,,,,,,
,,,,,,,,,,,,,,,,,,,,,
,,,,,,,,,,,,,,,,,,,,,
,,,,,,,,,,,,,,,,,,,,,
,,,,,,,,,,,,,,,,,,,,,
,,,,,,,,,,,,,,,,,,,,,
,,,,,,,,,,,,,,,,,,,,,
,,,,,,,,,,,,,,,,,,,,,
,,,,,,,,,,,,,,,,,,,,,
,,,,,,,,,,,,,,,,,,,,,
,,,,,,,,,,,,,,,,,,,,,
,,,,,,,,,,,,,,,,,,,,,
,,,,,,,,,,,,,,,,,,,,,
,,,,,,,,,,,,,,,,,,,,,
,,,,,,,,,,,,,,,,,,,,,
,,,,,,,,,,,,,,,,,,,,,
,,,,,,,,,,,,,,,,,,,,,
,,,,,,,,,,,,,,,,,,,,,
,,,,,,,,,,,,,,,,,,,,,
,,,,,,,,,,,,,,,,,,,,,
,,,,,,,,,,,,,,,,,,,,,
,,,,,,,,,,,,,,,,,,,,,
,,,,,,,,,,,,,,,,,,,,,
,,,,,,,,,,,,,,,,,,,,,
,,,,,,,,,,,,,,,,,,,,,
,,,,,,,,,,,,,,,,,,,,,
,,,,,,,,,,,,,,,,,,,,,
,,,,,,,,,,,,,,,,,,,,,
,,,,,,,,,,,,,,,,,,,,,
,,,,,,,,,,,,,,,,,,,,,
,,,,,,,,,,,,,,,,,,,,,
,,,,,,,,,,,,,,,,,,,,,
,,,,,,,,,,,,,,,,,,,,,
,,,,,,,,,,,,,,,,,,,,,
,,,,,,,,,,,,,,,,,,,,,
,,,,,,,,,,,,,,,,,,,,,
,,,,,,,,,,,,,,,,,,,,,
,,,,,,,,,,,,,,,,,,,,,
,,,,,,,,,,,,,,,,,,,,,
,,,,,,,,,,,,,,,,,,,,,
,,,,,,,,,,,,,,,,,,,,,
,,,,,,,,,,,,,,,,,,,,,
,,,,,,,,,,,,,,,,,,,,,
,,,,,,,,,,,,,,,,,,,,,
,,,,,,,,,,,,,,,,,,,,,
,,,,,,,,,,,,,,,,,,,,,
,,,,,,,,,,,,,,,,,,,,,
,,,,,,,,,,,,,,,,,,,,,
,,,,,,,,,,,,,,,,,,,,,
,,,,,,,,,,,,,,,,,,,,,
,,,,,,,,,,,,,,,,,,,,,
,,,,,,,,,,,,,,,,,,,,,
,,,,,,,,,,,,,,,,,,,,,
,,,,,,,,,,,,,,,,,,,,,
,,,,,,,,,,,,,,,,,,,,,
,,,,,,,,,,,,,,,,,,,,,
,,,,,,,,,,,,,,,,,,,,,
,,,,,,,,,,,,,,,,,,,,,
,,,,,,,,,,,,,,,,,,,,,
,,,,,,,,,,,,,,,,,,,,,
,,,,,,,,,,,,,,,,,,,,,
,,,,,,,,,,,,,,,,,,,,,
,,,,,,,,,,,,,,,,,,,,,
,,,,,,,,,,,,,,,,,,,,,
,,,,,,,,,,,,,,,,,,,,,
,,,,,,,,,,,,,,,,,,,,,
,,,,,,,,,,,,,,,,,,,,,
,,,,,,,,,,,,,,,,,,,,,
,,,,,,,,,,,,,,,,,,,,,
,,,,,,,,,,,,,,,,,,,,,
,,,,,,,,,,,,,,,,,,,,,
,,,,,,,,,,,,,,,,,,,,,
,,,,,,,,,,,,,,,,,,,,,
,,,,,,,,,,,,,,,,,,,,,
,,,,,,,,,,,,,,,,,,,,,
,,,,,,,,,,,,,,,,,,,,,
,,,,,,,,,,,,,,,,,,,,,
,,,,,,,,,,,,,,,,,,,,,
,,,,,,,,,,,,,,,,,,,,,
,,,,,,,,,,,,,,,,,,,,,
,,,,,,,,,,,,,,,,,,,,,
,,,,,,,,,,,,,,,,,,,,,
,,,,,,,,,,,,,,,,,,,,,
,,,,,,,,,,,,,,,,,,,,,
,,,,,,,,,,,,,,,,,,,,,
,,,,,,,,,,,,,,,,,,,,,
,,,,,,,,,,,,,,,,,,,,,
,,,,,,,,,,,,,,,,,,,,,
,,,,,,,,,,,,,,,,,,,,,
,,,,,,,,,,,,,,,,,,,,,
,,,,,,,,,,,,,,,,,,,,,
,,,,,,,,,,,,,,,,,,,,,
,,,,,,,,,,,,,,,,,,,,,
,,,,,,,,,,,,,,,,,,,,,
,,,,,,,,,,,,,,,,,,,,,
,,,,,,,,,,,,,,,,,,,,,
,,,,,,,,,,,,,,,,,,,,,
,,,,,,,,,,,,,,,,,,,,,
,,,,,,,,,,,,,,,,,,,,,
,,,,,,,,,,,,,,,,,,,,,
,,,,,,,,,,,,,,,,,,,,,
,,,,,,,,,,,,,,,,,,,,,
,,,,,,,,,,,,,,,,,,,,,
,,,,,,,,,,,,,,,,,,,,,
,,,,,,,,,,,,,,,,,,,,,
,,,,,,,,,,,,,,,,,,,,,
,,,,,,,,,,,,,,,,,,,,,
,,,,,,,,,,,,,,,,,,,,,
,,,,,,,,,,,,,,,,,,,,,
,,,,,,,,,,,,,,,,,,,,,
,,,,,,,,,,,,,,,,,,,,,
,,,,,,,,,,,,,,,,,,,,,
,,,,,,,,,,,,,,,,,,,,,
,,,,,,,,,,,,,,,,,,,,,
,,,,,,,,,,,,,,,,,,,,,
,,,,,,,,,,,,,,,,,,,,,
,,,,,,,,,,,,,,,,,,,,,
,,,,,,,,,,,,,,,,,,,,,
,,,,,,,,,,,,,,,,,,,,,
,,,,,,,,,,,,,,,,,,,,,
,,,,,,,,,,,,,,,,,,,,,
,,,,,,,,,,,,,,,,,,,,,
,,,,,,,,,,,,,,,,,,,,,
,,,,,,,,,,,,,,,,,,,,,
,,,,,,,,,,,,,,,,,,,,,
,,,,,,,,,,,,,,,,,,,,,
,,,,,,,,,,,,,,,,,,,,,
,,,,,,,,,,,,,,,,,,,,,
,,,,,,,,,,,,,,,,,,,,,
,,,,,,,,,,,,,,,,,,,,,
,,,,,,,,,,,,,,,,,,,,,
,,,,,,,,,,,,,,,,,,,,,
,,,,,,,,,,,,,,,,,,,,,
,,,,,,,,,,,,,,,,,,,,,
,,,,,,,,,,,,,,,,,,,,,
,,,,,,,,,,,,,,,,,,,,,
,,,,,,,,,,,,,,,,,,,,,
,,,,,,,,,,,,,,,,,,,,,
,,,,,,,,,,,,,,,,,,,,,
,,,,,,,,,,,,,,,,,,,,,
,,,,,,,,,,,,,,,,,,,,,
,,,,,,,,,,,,,,,,,,,,,
,,,,,,,,,,,,,,,,,,,,,
,,,,,,,,,,,,,,,,,,,,,
,,,,,,,,,,,,,,,,,,,,,
,,,,,,,,,,,,,,,,,,,,,
,,,,,,,,,,,,,,,,,,,,,
,,,,,,,,,,,,,,,,,,,,,
,,,,,,,,,,,,,,,,,,,,,
,,,,,,,,,,,,,,,,,,,,,
,,,,,,,,,,,,,,,,,,,,,
,,,,,,,,,,,,,,,,,,,,,
,,,,,,,,,,,,,,,,,,,,,
,,,,,,,,,,,,,,,,,,,,,
,,,,,,,,,,,,,,,,,,,,,
,,,,,,,,,,,,,,,,,,,,,
,,,,,,,,,,,,,,,,,,,,,
,,,,,,,,,,,,,,,,,,,,,
,,,,,,,,,,,,,,,,,,,,,
,,,,,,,,,,,,,,,,,,,,,
,,,,,,,,,,,,,,,,,,,,,
,,,,,,,,,,,,,,,,,,,,,
,,,,,,,,,,,,,,,,,,,,,
,,,,,,,,,,,,,,,,,,,,,
,,,,,,,,,,,,,,,,,,,,,
,,,,,,,,,,,,,,,,,,,,,
,,,,,,,,,,,,,,,,,,,,,
,,,,,,,,,,,,,,,,,,,,,
,,,,,,,,,,,,,,,,,,,,,
,,,,,,,,,,,,,,,,,,,,,
,,,,,,,,,,,,,,,,,,,,,
,,,,,,,,,,,,,,,,,,,,,
,,,,,,,,,,,,,,,,,,,,,
,,,,,,,,,,,,,,,,,,,,,
,,,,,,,,,,,,,,,,,,,,,
,,,,,,,,,,,,,,,,,,,,,
,,,,,,,,,,,,,,,,,,,,,
,,,,,,,,,,,,,,,,,,,,,
,,,,,,,,,,,,,,,,,,,,,
,,,,,,,,,,,,,,,,,,,,,
,,,,,,,,,,,,,,,,,,,,,
,,,,,,,,,,,,,,,,,,,,,
,,,,,,,,,,,,,,,,,,,,,
,,,,,,,,,,,,,,,,,,,,,
,,,,,,,,,,,,,,,,,,,,,
,,,,,,,,,,,,,,,,,,,,,
,,,,,,,,,,,,,,,,,,,,,
,,,,,,,,,,,,,,,,,,,,,
,,,,,,,,,,,,,,,,,,,,,
,,,,,,,,,,,,,,,,,,,,,
,,,,,,,,,,,,,,,,,,,,,
,,,,,,,,,,,,,,,,,,,,,
,,,,,,,,,,,,,,,,,,,,,
,,,,,,,,,,,,,,,,,,,,,
,,,,,,,,,,,,,,,,,,,,,
,,,,,,,,,,,,,,,,,,,,,
,,,,,,,,,,,,,,,,,,,,,
,,,,,,,,,,,,,,,,,,,,,
,,,,,,,,,,,,,,,,,,,,,
,,,,,,,,,,,,,,,,,,,,,
,,,,,,,,,,,,,,,,,,,,,
,,,,,,,,,,,,,,,,,,,,,
,,,,,,,,,,,,,,,,,,,,,
,,,,,,,,,,,,,,,,,,,,,
,,,,,,,,,,,,,,,,,,,,,
,,,,,,,,,,,,,,,,,,,,,
,,,,,,,,,,,,,,,,,,,,,
,,,,,,,,,,,,,,,,,,,,,
,,,,,,,,,,,,,,,,,,,,,
,,,,,,,,,,,,,,,,,,,,,
,,,,,,,,,,,,,,,,,,,,,
,,,,,,,,,,,,,,,,,,,,,
,,,,,,,,,,,,,,,,,,,,,
,,,,,,,,,,,,,,,,,,,,,
,,,,,,,,,,,,,,,,,,,,,
,,,,,,,,,,,,,,,,,,,,,
,,,,,,,,,,,,,,,,,,,,,
,,,,,,,,,,,,,,,,,,,,,
,,,,,,,,,,,,,,,,,,,,,
,,,,,,,,,,,,,,,,,,,,,
,,,,,,,,,,,,,,,,,,,,,
,,,,,,,,,,,,,,,,,,,,,
,,,,,,,,,,,,,,,,,,,,,
,,,,,,,,,,,,,,,,,,,,,
,,,,,,,,,,,,,,,,,,,,,
,,,,,,,,,,,,,,,,,,,,,
,,,,,,,,,,,,,,,,,,,,,
,,,,,,,,,,,,,,,,,,,,,
,,,,,,,,,,,,,,,,,,,,,
,,,,,,,,,,,,,,,,,,,,,
,,,,,,,,,,,,,,,,,,,,,
,,,,,,,,,,,,,,,,,,,,,
,,,,,,,,,,,,,,,,,,,,,
,,,,,,,,,,,,,,,,,,,,,
,,,,,,,,,,,,,,,,,,,,,
,,,,,,,,,,,,,,,,,,,,,
,,,,,,,,,,,,,,,,,,,,,
,,,,,,,,,,,,,,,,,,,,,
,,,,,,,,,,,,,,,,,,,,,
,,,,,,,,,,,,,,,,,,,,,
,,,,,,,,,,,,,,,,,,,,,
,,,,,,,,,,,,,,,,,,,,,
,,,,,,,,,,,,,,,,,,,,,
,,,,,,,,,,,,,,,,,,,,,
,,,,,,,,,,,,,,,,,,,,,
,,,,,,,,,,,,,,,,,,,,,
,,,,,,,,,,,,,,,,,,,,,
,,,,,,,,,,,,,,,,,,,,,
,,,,,,,,,,,,,,,,,,,,,
,,,,,,,,,,,,,,,,,,,,,
,,,,,,,,,,,,,,,,,,,,,
,,,,,,,,,,,,,,,,,,,,,
,,,,,,,,,,,,,,,,,,,,,
,,,,,,,,,,,,,,,,,,,,,
,,,,,,,,,,,,,,,,,,,,,
,,,,,,,,,,,,,,,,,,,,,
,,,,,,,,,,,,,,,,,,,,,
,,,,,,,,,,,,,,,,,,,,,
,,,,,,,,,,,,,,,,,,,,,
,,,,,,,,,,,,,,,,,,,,,
,,,,,,,,,,,,,,,,,,,,,
,,,,,,,,,,,,,,,,,,,,,
,,,,,,,,,,,,,,,,,,,,,
,,,,,,,,,,,,,,,,,,,,,
,,,,,,,,,,,,,,,,,,,,,
,,,,,,,,,,,,,,,,,,,,,
,,,,,,,,,,,,,,,,,,,,,
,,,,,,,,,,,,,,,,,,,,,
,,,,,,,,,,,,,,,,,,,,,
,,,,,,,,,,,,,,,,,,,,,
,,,,,,,,,,,,,,,,,,,,,
,,,,,,,,,,,,,,,,,,,,,
,,,,,,,,,,,,,,,,,,,,,
,,,,,,,,,,,,,,,,,,,,,
,,,,,,,,,,,,,,,,,,,,,
,,,,,,,,,,,,,,,,,,,,,
,,,,,,,,,,,,,,,,,,,,,
,,,,,,,,,,,,,,,,,,,,,
,,,,,,,,,,,,,,,,,,,,,
,,,,,,,,,,,,,,,,,,,,,
,,,,,,,,,,,,,,,,,,,,,
,,,,,,,,,,,,,,,,,,,,,
,,,,,,,,,,,,,,,,,,,,,
,,,,,,,,,,,,,,,,,,,,,
,,,,,,,,,,,,,,,,,,,,,
,,,,,,,,,,,,,,,,,,,,,
,,,,,,,,,,,,,,,,,,,,,
,,,,,,,,,,,,,,,,,,,,,
,,,,,,,,,,,,,,,,,,,,,
,,,,,,,,,,,,,,,,,,,,,
,,,,,,,,,,,,,,,,,,,,,
,,,,,,,,,,,,,,,,,,,,,
,,,,,,,,,,,,,,,,,,,,,
,,,,,,,,,,,,,,,,,,,,,
,,,,,,,,,,,,,,,,,,,,,
,,,,,,,,,,,,,,,,,,,,,
,,,,,,,,,,,,,,,,,,,,,
,,,,,,,,,,,,,,,,,,,,,
,,,,,,,,,,,,,,,,,,,,,
,,,,,,,,,,,,,,,,,,,,,
,,,,,,,,,,,,,,,,,,,,,
,,,,,,,,,,,,,,,,,,,,,
,,,,,,,,,,,,,,,,,,,,,
,,,,,,,,,,,,,,,,,,,,,
,,,,,,,,,,,,,,,,,,,,,
,,,,,,,,,,,,,,,,,,,,,
,,,,,,,,,,,,,,,,,,,,,
,,,,,,,,,,,,,,,,,,,,,
,,,,,,,,,,,,,,,,,,,,,
,,,,,,,,,,,,,,,,,,,,,
,,,,,,,,,,,,,,,,,,,,,
,,,,,,,,,,,,,,,,,,,,,
,,,,,,,,,,,,,,,,,,,,,
,,,,,,,,,,,,,,,,,,,,,
,,,,,,,,,,,,,,,,,,,,,
,,,,,,,,,,,,,,,,,,,,,
,,,,,,,,,,,,,,,,,,,,,
,,,,,,,,,,,,,,,,,,,,,
,,,,,,,,,,,,,,,,,,,,,
,,,,,,,,,,,,,,,,,,,,,
,,,,,,,,,,,,,,,,,,,,,
,,,,,,,,,,,,,,,,,,,,,
,,,,,,,,,,,,,,,,,,,,,
,,,,,,,,,,,,,,,,,,,,,
,,,,,,,,,,,,,,,,,,,,,
,,,,,,,,,,,,,,,,,,,,,
,,,,,,,,,,,,,,,,,,,,,
,,,,,,,,,,,,,,,,,,,,,
,,,,,,,,,,,,,,,,,,,,,
,,,,,,,,,,,,,,,,,,,,,
,,,,,,,,,,,,,,,,,,,,,
,,,,,,,,,,,,,,,,,,,,,
,,,,,,,,,,,,,,,,,,,,,
,,,,,,,,,,,,,,,,,,,,,
,,,,,,,,,,,,,,,,,,,,,
,,,,,,,,,,,,,,,,,,,,,
,,,,,,,,,,,,,,,,,,,,,
,,,,,,,,,,,,,,,,,,,,,
,,,,,,,,,,,,,,,,,,,,,
,,,,,,,,,,,,,,,,,,,,,
,,,,,,,,,,,,,,,,,,,,,
,,,,,,,,,,,,,,,,,,,,,
,,,,,,,,,,,,,,,,,,,,,
,,,,,,,,,,,,,,,,,,,,,
,,,,,,,,,,,,,,,,,,,,,
,,,,,,,,,,,,,,,,,,,,,
,,,,,,,,,,,,,,,,,,,,,
,,,,,,,,,,,,,,,,,,,,,
,,,,,,,,,,,,,,,,,,,,,
,,,,,,,,,,,,,,,,,,,,,
,,,,,,,,,,,,,,,,,,,,,
,,,,,,,,,,,,,,,,,,,,,
,,,,,,,,,,,,,,,,,,,,,
,,,,,,,,,,,,,,,,,,,,,
,,,,,,,,,,,,,,,,,,,,,
,,,,,,,,,,,,,,,,,,,,,
,,,,,,,,,,,,,,,,,,,,,
,,,,,,,,,,,,,,,,,,,,,
,,,,,,,,,,,,,,,,,,,,,
,,,,,,,,,,,,,,,,,,,,,
,,,,,,,,,,,,,,,,,,,,,
,,,,,,,,,,,,,,,,,,,,,
,,,,,,,,,,,,,,,,,,,,,
,,,,,,,,,,,,,,,,,,,,,
,,,,,,,,,,,,,,,,,,,,,
,,,,,,,,,,,,,,,,,,,,,
,,,,,,,,,,,,,,,,,,,,,
,,,,,,,,,,,,,,,,,,,,,
,,,,,,,,,,,,,,,,,,,,,
,,,,,,,,,,,,,,,,,,,,,
,,,,,,,,,,,,,,,,,,,,,
,,,,,,,,,,,,,,,,,,,,,
,,,,,,,,,,,,,,,,,,,,,
,,,,,,,,,,,,,,,,,,,,,
,,,,,,,,,,,,,,,,,,,,,
,,,,,,,,,,,,,,,,,,,,,
,,,,,,,,,,,,,,,,,,,,,
,,,,,,,,,,,,,,,,,,,,,
,,,,,,,,,,,,,,,,,,,,,
,,,,,,,,,,,,,,,,,,,,,
,,,,,,,,,,,,,,,,,,,,,
,,,,,,,,,,,,,,,,,,,,,
,,,,,,,,,,,,,,,,,,,,,
,,,,,,,,,,,,,,,,,,,,,
,,,,,,,,,,,,,,,,,,,,,
,,,,,,,,,,,,,,,,,,,,,
,,,,,,,,,,,,,,,,,,,,,
,,,,,,,,,,,,,,,,,,,,,
,,,,,,,,,,,,,,,,,,,,,
,,,,,,,,,,,,,,,,,,,,,
,,,,,,,,,,,,,,,,,,,,,
,,,,,,,,,,,,,,,,,,,,,
,,,,,,,,,,,,,,,,,,,,,
,,,,,,,,,,,,,,,,,,,,,
,,,,,,,,,,,,,,,,,,,,,
,,,,,,,,,,,,,,,,,,,,,
,,,,,,,,,,,,,,,,,,,,,
,,,,,,,,,,,,,,,,,,,,,
,,,,,,,,,,,,,,,,,,,,,
,,,,,,,,,,,,,,,,,,,,,
,,,,,,,,,,,,,,,,,,,,,
,,,,,,,,,,,,,,,,,,,,,
,,,,,,,,,,,,,,,,,,,,,
,,,,,,,,,,,,,,,,,,,,,
,,,,,,,,,,,,,,,,,,,,,
,,,,,,,,,,,,,,,,,,,,,
,,,,,,,,,,,,,,,,,,,,,
,,,,,,,,,,,,,,,,,,,,,
,,,,,,,,,,,,,,,,,,,,,
,,,,,,,,,,,,,,,,,,,,,
,,,,,,,,,,,,,,,,,,,,,
,,,,,,,,,,,,,,,,,,,,,
,,,,,,,,,,,,,,,,,,,,,
,,,,,,,,,,,,,,,,,,,,,
,,,,,,,,,,,,,,,,,,,,,
,,,,,,,,,,,,,,,,,,,,,
,,,,,,,,,,,,,,,,,,,,,
,,,,,,,,,,,,,,,,,,,,,
,,,,,,,,,,,,,,,,,,,,,
,,,,,,,,,,,,,,,,,,,,,
,,,,,,,,,,,,,,,,,,,,,
,,,,,,,,,,,,,,,,,,,,,
,,,,,,,,,,,,,,,,,,,,,
,,,,,,,,,,,,,,,,,,,,,
,,,,,,,,,,,,,,,,,,,,,
,,,,,,,,,,,,,,,,,,,,,
,,,,,,,,,,,,,,,,,,,,,
,,,,,,,,,,,,,,,,,,,,,
,,,,,,,,,,,,,,,,,,,,,
,,,,,,,,,,,,,,,,,,,,,
,,,,,,,,,,,,,,,,,,,,,
,,,,,,,,,,,,,,,,,,,,,
,,,,,,,,,,,,,,,,,,,,,
,,,,,,,,,,,,,,,,,,,,,
,,,,,,,,,,,,,,,,,,,,,
,,,,,,,,,,,,,,,,,,,,,
,,,,,,,,,,,,,,,,,,,,,
,,,,,,,,,,,,,,,,,,,,,
,,,,,,,,,,,,,,,,,,,,,
,,,,,,,,,,,,,,,,,,,,,
,,,,,,,,,,,,,,,,,,,,,
,,,,,,,,,,,,,,,,,,,,,
,,,,,,,,,,,,,,,,,,,,,
,,,,,,,,,,,,,,,,,,,,,
,,,,,,,,,,,,,,,,,,,,,
,,,,,,,,,,,,,,,,,,,,,
,,,,,,,,,,,,,,,,,,,,,
,,,,,,,,,,,,,,,,,,,,,
,,,,,,,,,,,,,,,,,,,,,
,,,,,,,,,,,,,,,,,,,,,
,,,,,,,,,,,,,,,,,,,,,
,,,,,,,,,,,,,,,,,,,,,
,,,,,,,,,,,,,,,,,,,,,
,,,,,,,,,,,,,,,,,,,,,
,,,,,,,,,,,,,,,,,,,,,
,,,,,,,,,,,,,,,,,,,,,
,,,,,,,,,,,,,,,,,,,,,
,,,,,,,,,,,,,,,,,,,,,
,,,,,,,,,,,,,,,,,,,,,
,,,,,,,,,,,,,,,,,,,,,
,,,,,,,,,,,,,,,,,,,,,
,,,,,,,,,,,,,,,,,,,,,
,,,,,,,,,,,,,,,,,,,,,
,,,,,,,,,,,,,,,,,,,,,
,,,,,,,,,,,,,,,,,,,,,
,,,,,,,,,,,,,,,,,,,,,
,,,,,,,,,,,,,,,,,,,,,
,,,,,,,,,,,,,,,,,,,,,
,,,,,,,,,,,,,,,,,,,,,
,,,,,,,,,,,,,,,,,,,,,
,,,,,,,,,,,,,,,,,,,,,
,,,,,,,,,,,,,,,,,,,,,
,,,,,,,,,,,,,,,,,,,,,
,,,,,,,,,,,,,,,,,,,,,
,,,,,,,,,,,,,,,,,,,,,
,,,,,,,,,,,,,,,,,,,,,
,,,,,,,,,,,,,,,,,,,,,
,,,,,,,,,,,,,,,,,,,,,
,,,,,,,,,,,,,,,,,,,,,
,,,,,,,,,,,,,,,,,,,,,
,,,,,,,,,,,,,,,,,,,,,
,,,,,,,,,,,,,,,,,,,,,
,,,,,,,,,,,,,,,,,,,,,
,,,,,,,,,,,,,,,,,,,,,
,,,,,,,,,,,,,,,,,,,,,
,,,,,,,,,,,,,,,,,,,,,
,,,,,,,,,,,,,,,,,,,,,
,,,,,,,,,,,,,,,,,,,,,
,,,,,,,,,,,,,,,,,,,,,
,,,,,,,,,,,,,,,,,,,,,
,,,,,,,,,,,,,,,,,,,,,
,,,,,,,,,,,,,,,,,,,,,
,,,,,,,,,,,,,,,,,,,,,
,,,,,,,,,,,,,,,,,,,,,
,,,,,,,,,,,,,,,,,,,,,
,,,,,,,,,,,,,,,,,,,,,
,,,,,,,,,,,,,,,,,,,,,
,,,,,,,,,,,,,,,,,,,,,
,,,,,,,,,,,,,,,,,,,,,
,,,,,,,,,,,,,,,,,,,,,
,,,,,,,,,,,,,,,,,,,,,
,,,,,,,,,,,,,,,,,,,,,
,,,,,,,,,,,,,,,,,,,,,
,,,,,,,,,,,,,,,,,,,,,
,,,,,,,,,,,,,,,,,,,,,
,,,,,,,,,,,,,,,,,,,,,
,,,,,,,,,,,,,,,,,,,,,
,,,,,,,,,,,,,,,,,,,,,
,,,,,,,,,,,,,,,,,,,,,
,,,,,,,,,,,,,,,,,,,,,
,,,,,,,,,,,,,,,,,,,,,
,,,,,,,,,,,,,,,,,,,,,
,,,,,,,,,,,,,,,,,,,,,
,,,,,,,,,,,,,,,,,,,,,
,,,,,,,,,,,,,,,,,,,,,
,,,,,,,,,,,,,,,,,,,,,
,,,,,,,,,,,,,,,,,,,,,
,,,,,,,,,,,,,,,,,,,,,
,,,,,,,,,,,,,,,,,,,,,
,,,,,,,,,,,,,,,,,,,,,
,,,,,,,,,,,,,,,,,,,,,
,,,,,,,,,,,,,,,,,,,,,
,,,,,,,,,,,,,,,,,,,,,
,,,,,,,,,,,,,,,,,,,,,
,,,,,,,,,,,,,,,,,,,,,
,,,,,,,,,,,,,,,,,,,,,
,,,,,,,,,,,,,,,,,,,,,
,,,,,,,,,,,,,,,,,,,,,
,,,,,,,,,,,,,,,,,,,,,
,,,,,,,,,,,,,,,,,,,,,
,,,,,,,,,,,,,,,,,,,,,
,,,,,,,,,,,,,,,,,,,,,
,,,,,,,,,,,,,,,,,,,,,
,,,,,,,,,,,,,,,,,,,,,
,,,,,,,,,,,,,,,,,,,,,
,,,,,,,,,,,,,,,,,,,,,
,,,,,,,,,,,,,,,,,,,,,
,,,,,,,,,,,,,,,,,,,,,
,,,,,,,,,,,,,,,,,,,,,
,,,,,,,,,,,,,,,,,,,,,
,,,,,,,,,,,,,,,,,,,,,
,,,,,,,,,,,,,,,,,,,,,
,,,,,,,,,,,,,,,,,,,,,
,,,,,,,,,,,,,,,,,,,,,
,,,,,,,,,,,,,,,,,,,,,
,,,,,,,,,,,,,,,,,,,,,
,,,,,,,,,,,,,,,,,,,,,
,,,,,,,,,,,,,,,,,,,,,
,,,,,,,,,,,,,,,,,,,,,
,,,,,,,,,,,,,,,,,,,,,
,,,,,,,,,,,,,,,,,,,,,
,,,,,,,,,,,,,,,,,,,,,
,,,,,,,,,,,,,,,,,,,,,
,,,,,,,,,,,,,,,,,,,,,
,,,,,,,,,,,,,,,,,,,,,
,,,,,,,,,,,,,,,,,,,,,
,,,,,,,,,,,,,,,,,,,,,
,,,,,,,,,,,,,,,,,,,,,
,,,,,,,,,,,,,,,,,,,,,
,,,,,,,,,,,,,,,,,,,,,
,,,,,,,,,,,,,,,,,,,,,
,,,,,,,,,,,,,,,,,,,,,
,,,,,,,,,,,,,,,,,,,,,
,,,,,,,,,,,,,,,,,,,,,
,,,,,,,,,,,,,,,,,,,,,
,,,,,,,,,,,,,,,,,,,,,
,,,,,,,,,,,,,,,,,,,,,
,,,,,,,,,,,,,,,,,,,,,
,,,,,,,,,,,,,,,,,,,,,
,,,,,,,,,,,,,,,,,,,,,
,,,,,,,,,,,,,,,,,,,,,
,,,,,,,,,,,,,,,,,,,,,
,,,,,,,,,,,,,,,,,,,,,
,,,,,,,,,,,,,,,,,,,,,
,,,,,,,,,,,,,,,,,,,,,
,,,,,,,,,,,,,,,,,,,,,
,,,,,,,,,,,,,,,,,,,,,
,,,,,,,,,,,,,,,,,,,,,
,,,,,,,,,,,,,,,,,,,,,
,,,,,,,,,,,,,,,,,,,,,
,,,,,,,,,,,,,,,,,,,,,
,,,,,,,,,,,,,,,,,,,,,
,,,,,,,,,,,,,,,,,,,,,
,,,,,,,,,,,,,,,,,,,,,
,,,,,,,,,,,,,,,,,,,,,
,,,,,,,,,,,,,,,,,,,,,
,,,,,,,,,,,,,,,,,,,,,
,,,,,,,,,,,,,,,,,,,,,
,,,,,,,,,,,,,,,,,,,,,
,,,,,,,,,,,,,,,,,,,,,
,,,,,,,,,,,,,,,,,,,,,
,,,,,,,,,,,,,,,,,,,,,
,,,,,,,,,,,,,,,,,,,,,
,,,,,,,,,,,,,,,,,,,,,
,,,,,,,,,,,,,,,,,,,,,
,,,,,,,,,,,,,,,,,,,,,
,,,,,,,,,,,,,,,,,,,,,
,,,,,,,,,,,,,,,,,,,,,
,,,,,,,,,,,,,,,,,,,,,
,,,,,,,,,,,,,,,,,,,,,
,,,,,,,,,,,,,,,,,,,,,
,,,,,,,,,,,,,,,,,,,,,
,,,,,,,,,,,,,,,,,,,,,
,,,,,,,,,,,,,,,,,,,,,
,,,,,,,,,,,,,,,,,,,,,
,,,,,,,,,,,,,,,,,,,,,
,,,,,,,,,,,,,,,,,,,,,
,,,,,,,,,,,,,,,,,,,,,
,,,,,,,,,,,,,,,,,,,,,
,,,,,,,,,,,,,,,,,,,,,
,,,,,,,,,,,,,,,,,,,,,
,,,,,,,,,,,,,,,,,,,,,
,,,,,,,,,,,,,,,,,,,,,
,,,,,,,,,,,,,,,,,,,,,
,,,,,,,,,,,,,,,,,,,,,
,,,,,,,,,,,,,,,,,,,,,
,,,,,,,,,,,,,,,,,,,,,
,,,,,,,,,,,,,,,,,,,,,
,,,,,,,,,,,,,,,,,,,,,
,,,,,,,,,,,,,,,,,,,,,
,,,,,,,,,,,,,,,,,,,,,
,,,,,,,,,,,,,,,,,,,,,
,,,,,,,,,,,,,,,,,,,,,
,,,,,,,,,,,,,,,,,,,,,
,,,,,,,,,,,,,,,,,,,,,
,,,,,,,,,,,,,,,,,,,,,
,,,,,,,,,,,,,,,,,,,,,
,,,,,,,,,,,,,,,,,,,,,
,,,,,,,,,,,,,,,,,,,,,
,,,,,,,,,,,,,,,,,,,,,
,,,,,,,,,,,,,,,,,,,,,
,,,,,,,,,,,,,,,,,,,,,
,,,,,,,,,,,,,,,,,,,,,
,,,,,,,,,,,,,,,,,,,,,
,,,,,,,,,,,,,,,,,,,,,
,,,,,,,,,,,,,,,,,,,,,
,,,,,,,,,,,,,,,,,,,,,
,,,,,,,,,,,,,,,,,,,,,
,,,,,,,,,,,,,,,,,,,,,
,,,,,,,,,,,,,,,,,,,,,
,,,,,,,,,,,,,,,,,,,,,
,,,,,,,,,,,,,,,,,,,,,
,,,,,,,,,,,,,,,,,,,,,
,,,,,,,,,,,,,,,,,,,,,
,,,,,,,,,,,,,,,,,,,,,
,,,,,,,,,,,,,,,,,,,,,
,,,,,,,,,,,,,,,,,,,,,
,,,,,,,,,,,,,,,,,,,,,
,,,,,,,,,,,,,,,,,,,,,
,,,,,,,,,,,,,,,,,,,,,
,,,,,,,,,,,,,,,,,,,,,
,,,,,,,,,,,,,,,,,,,,,
,,,,,,,,,,,,,,,,,,,,,
,,,,,,,,,,,,,,,,,,,,,
,,,,,,,,,,,,,,,,,,,,,
,,,,,,,,,,,,,,,,,,,,,
,,,,,,,,,,,,,,,,,,,,,
,,,,,,,,,,,,,,,,,,,,,
,,,,,,,,,,,,,,,,,,,,,
,,,,,,,,,,,,,,,,,,,,,
,,,,,,,,,,,,,,,,,,,,,
,,,,,,,,,,,,,,,,,,,,,
,,,,,,,,,,,,,,,,,,,,,
,,,,,,,,,,,,,,,,,,,,,
,,,,,,,,,,,,,,,,,,,,,
,,,,,,,,,,,,,,,,,,,,,
,,,,,,,,,,,,,,,,,,,,,
,,,,,,,,,,,,,,,,,,,,,
,,,,,,,,,,,,,,,,,,,,,
,,,,,,,,,,,,,,,,,,,,,
,,,,,,,,,,,,,,,,,,,,,
,,,,,,,,,,,,,,,,,,,,,
,,,,,,,,,,,,,,,,,,,,,
,,,,,,,,,,,,,,,,,,,,,
,,,,,,,,,,,,,,,,,,,,,
,,,,,,,,,,,,,,,,,,,,,
,,,,,,,,,,,,,,,,,,,,,
,,,,,,,,,,,,,,,,,,,,,
,,,,,,,,,,,,,,,,,,,,,
,,,,,,,,,,,,,,,,,,,,,
,,,,,,,,,,,,,,,,,,,,,
,,,,,,,,,,,,,,,,,,,,,
,,,,,,,,,,,,,,,,,,,,,
,,,,,,,,,,,,,,,,,,,,,
,,,,,,,,,,,,,,,,,,,,,
,,,,,,,,,,,,,,,,,,,,,
,,,,,,,,,,,,,,,,,,,,,
,,,,,,,,,,,,,,,,,,,,,
,,,,,,,,,,,,,,,,,,,,,
,,,,,,,,,,,,,,,,,,,,,
,,,,,,,,,,,,,,,,,,,,,
,,,,,,,,,,,,,,,,,,,,,
,,,,,,,,,,,,,,,,,,,,,
,,,,,,,,,,,,,,,,,,,,,
,,,,,,,,,,,,,,,,,,,,,
,,,,,,,,,,,,,,,,,,,,,
,,,,,,,,,,,,,,,,,,,,,
,,,,,,,,,,,,,,,,,,,,,
,,,,,,,,,,,,,,,,,,,,,
,,,,,,,,,,,,,,,,,,,,,
,,,,,,,,,,,,,,,,,,,,,
,,,,,,,,,,,,,,,,,,,,,
,,,,,,,,,,,,,,,,,,,,,
,,,,,,,,,,,,,,,,,,,,,
,,,,,,,,,,,,,,,,,,,,,
,,,,,,,,,,,,,,,,,,,,,
,,,,,,,,,,,,,,,,,,,,,
,,,,,,,,,,,,,,,,,,,,,
,,,,,,,,,,,,,,,,,,,,,
,,,,,,,,,,,,,,,,,,,,,
,,,,,,,,,,,,,,,,,,,,,
,,,,,,,,,,,,,,,,,,,,,
,,,,,,,,,,,,,,,,,,,,,
,,,,,,,,,,,,,,,,,,,,,
,,,,,,,,,,,,,,,,,,,,,
,,,,,,,,,,,,,,,,,,,,,
,,,,,,,,,,,,,,,,,,,,,
,,,,,,,,,,,,,,,,,,,,,
,,,,,,,,,,,,,,,,,,,,,
,,,,,,,,,,,,,,,,,,,,,
,,,,,,,,,,,,,,,,,,,,,
,,,,,,,,,,,,,,,,,,,,,
,,,,,,,,,,,,,,,,,,,,,
,,,,,,,,,,,,,,,,,,,,,
,,,,,,,,,,,,,,,,,,,,,
,,,,,,,,,,,,,,,,,,,,,
,,,,,,,,,,,,,,,,,,,,,
,,,,,,,,,,,,,,,,,,,,,
,,,,,,,,,,,,,,,,,,,,,
,,,,,,,,,,,,,,,,,,,,,
,,,,,,,,,,,,,,,,,,,,,
,,,,,,,,,,,,,,,,,,,,,
,,,,,,,,,,,,,,,,,,,,,
,,,,,,,,,,,,,,,,,,,,,
,,,,,,,,,,,,,,,,,,,,,
,,,,,,,,,,,,,,,,,,,,,
,,,,,,,,,,,,,,,,,,,,,
,,,,,,,,,,,,,,,,,,,,,
,,,,,,,,,,,,,,,,,,,,,
,,,,,,,,,,,,,,,,,,,,,
,,,,,,,,,,,,,,,,,,,,,
,,,,,,,,,,,,,,,,,,,,,
,,,,,,,,,,,,,,,,,,,,,
,,,,,,,,,,,,,,,,,,,,,
,,,,,,,,,,,,,,,,,,,,,
,,,,,,,,,,,,,,,,,,,,,
,,,,,,,,,,,,,,,,,,,,,
,,,,,,,,,,,,,,,,,,,,,
,,,,,,,,,,,,,,,,,,,,,
,,,,,,,,,,,,,,,,,,,,,
,,,,,,,,,,,,,,,,,,,,,
,,,,,,,,,,,,,,,,,,,,,
,,,,,,,,,,,,,,,,,,,,,
,,,,,,,,,,,,,,,,,,,,,
,,,,,,,,,,,,,,,,,,,,,
,,,,,,,,,,,,,,,,,,,,,
,,,,,,,,,,,,,,,,,,,,,
,,,,,,,,,,,,,,,,,,,,,
,,,,,,,,,,,,,,,,,,,,,
,,,,,,,,,,,,,,,,,,,,,
,,,,,,,,,,,,,,,,,,,,,
,,,,,,,,,,,,,,,,,,,,,
,,,,,,,,,,,,,,,,,,,,,
,,,,,,,,,,,,,,,,,,,,,
,,,,,,,,,,,,,,,,,,,,,
,,,,,,,,,,,,,,,,,,,,,
,,,,,,,,,,,,,,,,,,,,,
,,,,,,,,,,,,,,,,,,,,,
,,,,,,,,,,,,,,,,,,,,,
,,,,,,,,,,,,,,,,,,,,,
,,,,,,,,,,,,,,,,,,,,,
,,,,,,,,,,,,,,,,,,,,,
,,,,,,,,,,,,,,,,,,,,,
,,,,,,,,,,,,,,,,,,,,,
,,,,,,,,,,,,,,,,,,,,,
,,,,,,,,,,,,,,,,,,,,,
,,,,,,,,,,,,,,,,,,,,,
,,,,,,,,,,,,,,,,,,,,,
,,,,,,,,,,,,,,,,,,,,,
,,,,,,,,,,,,,,,,,,,,,
,,,,,,,,,,,,,,,,,,,,,
,,,,,,,,,,,,,,,,,,,,,
,,,,,,,,,,,,,,,,,,,,,
,,,,,,,,,,,,,,,,,,,,,
,,,,,,,,,,,,,,,,,,,,,
,,,,,,,,,,,,,,,,,,,,,
,,,,,,,,,,,,,,,,,,,,,
,,,,,,,,,,,,,,,,,,,,,
,,,,,,,,,,,,,,,,,,,,,
,,,,,,,,,,,,,,,,,,,,,
,,,,,,,,,,,,,,,,,,,,,
,,,,,,,,,,,,,,,,,,,,,
,,,,,,,,,,,,,,,,,,,,,
,,,,,,,,,,,,,,,,,,,,,
,,,,,,,,,,,,,,,,,,,,,
,,,,,,,,,,,,,,,,,,,,,
,,,,,,,,,,,,,,,,,,,,,
,,,,,,,,,,,,,,,,,,,,,
,,,,,,,,,,,,,,,,,,,,,
,,,,,,,,,,,,,,,,,,,,,
,,,,,,,,,,,,,,,,,,,,,
,,,,,,,,,,,,,,,,,,,,,
,,,,,,,,,,,,,,,,,,,,,
,,,,,,,,,,,,,,,,,,,,,
,,,,,,,,,,,,,,,,,,,,,
,,,,,,,,,,,,,,,,,,,,,
,,,,,,,,,,,,,,,,,,,,,
,,,,,,,,,,,,,,,,,,,,,
,,,,,,,,,,,,,,,,,,,,,
,,,,,,,,,,,,,,,,,,,,,
,,,,,,,,,,,,,,,,,,,,,
,,,,,,,,,,,,,,,,,,,,,
,,,,,,,,,,,,,,,,,,,,,
,,,,,,,,,,,,,,,,,,,,,
,,,,,,,,,,,,,,,,,,,,,
,,,,,,,,,,,,,,,,,,,,,
,,,,,,,,,,,,,,,,,,,,,
,,,,,,,,,,,,,,,,,,,,,
,,,,,,,,,,,,,,,,,,,,,
,,,,,,,,,,,,,,,,,,,,,
,,,,,,,,,,,,,,,,,,,,,
,,,,,,,,,,,,,,,,,,,,,
,,,,,,,,,,,,,,,,,,,,,
,,,,,,,,,,,,,,,,,,,,,
,,,,,,,,,,,,,,,,,,,,,
,,,,,,,,,,,,,,,,,,,,,
,,,,,,,,,,,,,,,,,,,,,
,,,,,,,,,,,,,,,,,,,,,
,,,,,,,,,,,,,,,,,,,,,
,,,,,,,,,,,,,,,,,,,,,
,,,,,,,,,,,,,,,,,,,,,
,,,,,,,,,,,,,,,,,,,,,
,,,,,,,,,,,,,,,,,,,,,
,,,,,,,,,,,,,,,,,,,,,
,,,,,,,,,,,,,,,,,,,,,
,,,,,,,,,,,,,,,,,,,,,
,,,,,,,,,,,,,,,,,,,,,
,,,,,,,,,,,,,,,,,,,,,
,,,,,,,,,,,,,,,,,,,,,
,,,,,,,,,,,,,,,,,,,,,
,,,,,,,,,,,,,,,,,,,,,
,,,,,,,,,,,,,,,,,,,,,
,,,,,,,,,,,,,,,,,,,,,
,,,,,,,,,,,,,,,,,,,,,
,,,,,,,,,,,,,,,,,,,,,
,,,,,,,,,,,,,,,,,,,,,
,,,,,,,,,,,,,,,,,,,,,
,,,,,,,,,,,,,,,,,,,,,
,,,,,,,,,,,,,,,,,,,,,
,,,,,,,,,,,,,,,,,,,,,
,,,,,,,,,,,,,,,,,,,,,
,,,,,,,,,,,,,,,,,,,,,
,,,,,,,,,,,,,,,,,,,,,
,,,,,,,,,,,,,,,,,,,,,
,,,,,,,,,,,,,,,,,,,,,
,,,,,,,,,,,,,,,,,,,,,
,,,,,,,,,,,,,,,,,,,,,
,,,,,,,,,,,,,,,,,,,,,
,,,,,,,,,,,,,,,,,,,,,
,,,,,,,,,,,,,,,,,,,,,
,,,,,,,,,,,,,,,,,,,,,
,,,,,,,,,,,,,,,,,,,,,
,,,,,,,,,,,,,,,,,,,,,
,,,,,,,,,,,,,,,,,,,,,
,,,,,,,,,,,,,,,,,,,,,
,,,,,,,,,,,,,,,,,,,,,
,,,,,,,,,,,,,,,,,,,,,
,,,,,,,,,,,,,,,,,,,,,
,,,,,,,,,,,,,,,,,,,,,
,,,,,,,,,,,,,,,,,,,,,
,,,,,,,,,,,,,,,,,,,,,
,,,,,,,,,,,,,,,,,,,,,
,,,,,,,,,,,,,,,,,,,,,
,,,,,,,,,,,,,,,,,,,,,
,,,,,,,,,,,,,,,,,,,,,
,,,,,,,,,,,,,,,,,,,,,
,,,,,,,,,,,,,,,,,,,,,
,,,,,,,,,,,,,,,,,,,,,
,,,,,,,,,,,,,,,,,,,,,
,,,,,,,,,,,,,,,,,,,,,
,,,,,,,,,,,,,,,,,,,,,
,,,,,,,,,,,,,,,,,,,,,
,,,,,,,,,,,,,,,,,,,,,
,,,,,,,,,,,,,,,,,,,,,
,,,,,,,,,,,,,,,,,,,,,
,,,,,,,,,,,,,,,,,,,,,
,,,,,,,,,,,,,,,,,,,,,
,,,,,,,,,,,,,,,,,,,,,
,,,,,,,,,,,,,,,,,,,,,
,,,,,,,,,,,,,,,,,,,,,
,,,,,,,,,,,,,,,,,,,,,
,,,,,,,,,,,,,,,,,,,,,
,,,,,,,,,,,,,,,,,,,,,
,,,,,,,,,,,,,,,,,,,,,
,,,,,,,,,,,,,,,,,,,,,
,,,,,,,,,,,,,,,,,,,,,
,,,,,,,,,,,,,,,,,,,,,
,,,,,,,,,,,,,,,,,,,,,
,,,,,,,,,,,,,,,,,,,,,
,,,,,,,,,,,,,,,,,,,,,
,,,,,,,,,,,,,,,,,,,,,
,,,,,,,,,,,,,,,,,,,,,
,,,,,,,,,,,,,,,,,,,,,
,,,,,,,,,,,,,,,,,,,,,
,,,,,,,,,,,,,,,,,,,,,
,,,,,,,,,,,,,,,,,,,,,
,,,,,,,,,,,,,,,,,,,,,
,,,,,,,,,,,,,,,,,,,,,
,,,,,,,,,,,,,,,,,,,,,
,,,,,,,,,,,,,,,,,,,,,
,,,,,,,,,,,,,,,,,,,,,
,,,,,,,,,,,,,,,,,,,,,
,,,,,,,,,,,,,,,,,,,,,
,,,,,,,,,,,,,,,,,,,,,
,,,,,,,,,,,,,,,,,,,,,
,,,,,,,,,,,,,,,,,,,,,
,,,,,,,,,,,,,,,,,,,,,
,,,,,,,,,,,,,,,,,,,,,
,,,,,,,,,,,,,,,,,,,,,
,,,,,,,,,,,,,,,,,,,,,
,,,,,,,,,,,,,,,,,,,,,
,,,,,,,,,,,,,,,,,,,,,
,,,,,,,,,,,,,,,,,,,,,
,,,,,,,,,,,,,,,,,,,,,
,,,,,,,,,,,,,,,,,,,,,
,,,,,,,,,,,,,,,,,,,,,
,,,,,,,,,,,,,,,,,,,,,
,,,,,,,,,,,,,,,,,,,,,
,,,,,,,,,,,,,,,,,,,,,
,,,,,,,,,,,,,,,,,,,,,
,,,,,,,,,,,,,,,,,,,,,
,,,,,,,,,,,,,,,,,,,,,
,,,,,,,,,,,,,,,,,,,,,
,,,,,,,,,,,,,,,,,,,,,
,,,,,,,,,,,,,,,,,,,,,
,,Total,,1084,,,,,,,,,,,,,,,,,
,,,,,,,,,,,,,,,,,,,,,
,,Paint Code,Paint Name,RGB Code,,,,,,,,,,,,,,,,,
,,300,Alpine White,"255, 255, 255",https://github.com/Sman19/F87-M2-Ext-Int/blob/62fa3456fbd19b97c9772c0307a30f3c656ae3c9/2017_M2_Alpine_White_380x260.png?raw=true,,,,,,,,,,,,,,,,
,,475,Black Sapphire Metallic,"0, 0, 0",https://github.com/Sman19/F87-M2-Ext-Int/blob/62fa3456fbd19b97c9772c0307a30f3c656ae3c9/2017_M2_Black_Sapphire_380x260.png?raw=true,,,,,,,,,,,,,,,,
,,C16,Long Beach Blue,"3,137,197",https://github.com/Sman19/F87-M2-Ext-Int/blob/62fa3456fbd19b97c9772c0307a30f3c656ae3c9/2017_M2_Long_Beach_Blue_380x260.png?raw=true,,,,,,,,,,,,,,,,
,,B39,Mineral Gray Metallic,"105,116,137",https://github.com/Sman19/F87-M2-Ext-Int/blob/c3be7f7ddc554a924c667c73698c21a2c7a04a75/2017_M2_Mineral_Grey_380x260.png?raw=true,,,,,,,,,,,,,,,,
,,,,,,,,,,,,,,,,,,,,,
,,,Special Paint,,,,,,,,,,,,,,,,,,
,,B67,Austin Yellow Metallic,"234,217,86",https://github.com/Sman19/F87-M2-Ext-Int/blob/c3be7f7ddc554a924c667c73698c21a2c7a04a75/Austin%20Yellow%20Metallic_380x260.png?raw=true,,,,,,,,,,,,,,,,
,,,,,,,,,,,,,,,,,,,,,
,,,Interior,,,,,,,,,,,,,,,,,,
,,LCNL,Black Dakota leather w. Blue Stitch,,https://github.com/Sman19/F87-M2-Ext-Int/blob/c3be7f7ddc554a924c667c73698c21a2c7a04a75/m2%20interior%20Blue%20Stit.png?raw=true,,,,,,,,,,,,,,,,
,,Z1XX,Black Dakota leather w. Yellow Stitch,,https://github.com/Sman19/F87-M2-Ext-Int/blob/c3be7f7ddc554a924c667c73698c21a2c7a04a75/Austin%20yellow%20stitch.png?raw=true,,,,,,,,,,,,,,,,
,,,,,,,,,,,,,,,,,,,,,
,,,,,,,,,,,,,,,,,,,,,
,,,,,,,,,,,,,,,,,,,,,
,,,,,,,,,,,,,,,,,,,,,
,,,,,,,,,,,,,,,,,,,,,
,,,,,,,,,,,,,,,,,,,,,
,,,,,,,,,,,,,,,,,,,,,
,,,,,,,,,,,,,,,,,,,,,
,,,,,,,,,,,,,,,,,,,,,
,,,,,,,,,,,,,,,,,,,,,
,,,,,,,,,,,,,,,,,,,,,
,,,,,,,,,,,,,,,,,,,,,
,,,,,,,,,,,,,,,,,,,,,
,,,,,,,,,,,,,,,,,,,,,
,,,,,,,,,,,,,,,,,,,,,
,,,,,,,,,,,,,,,,,,,,,
,,,,,,,,,,,,,,,,,,,,,
,,,,,,,,,,,,,,,,,,,,,
,,,,,,,,,,,,,,,,,,,,,
,,,,,,,,,,,,,,,,,,,,,
,,,,,,,,,,,,,,,,,,,,,
,,,,,,,,,,,,,,,,,,,,,
,,,,,,,,,,,,,,,,,,,,,
,,,,,,,,,,,,,,,,,,,,,
,,,,,,,,,,,,,,,,,,,,,
,,,,,,,,,,,,,,,,,,,,,
,,,,,,,,,,,,,,,,,,,,,
,,,,,,,,,,,,,,,,,,,,,
,,,,,,,,,,,,,,,,,,,,,
,,,,,,,,,,,,,,,,,,,,,
,,,,,,,,,,,,,,,,,,,,,
,,,,,,,,,,,,,,,,,,,,,
,,,,,,,,,,,,,,,,,,,,,
,,,,,,,,,,,,,,,,,,,,,
,,,,,,,,,,,,,,,,,,,,,
,,,,,,,,,,,,,,,,,,,,,
,,,,,,,,,,,,,,,,,,,,,
,,,,,,,,,,,,,,,,,,,,,
,,,,,,,,,,,,,,,,,,,,,
,,,,,,,,,,,,,,,,,,,,,
,,,,,,,,,,,,,,,,,,,,,
,,,,,,,,,,,,,,,,,,,,,
,,,,,,,,,,,,,,,,,,,,,
,,,,,,,,,,,,,,,,,,,,,
,,,,,,,,,,,,,,,,,,,,,
,,,,,,,,,,,,,,,,,,,,,
,,,,,,,,,,,,,,,,,,,,,
,,,,,,,,,,,,,,,,,,,,,
,,,,,,,,,,,,,,,,,,,,,
,,,,,,,,,,,,,,,,,,,,,
,,,,,,,,,,,,,,,,,,,,,
,,,,,,,,,,,,,,,,,,,,,
,,,,,,,,,,,,,,,,,,,,,
,,,,,,,,,,,,,,,,,,,,,
,,,,,,,,,,,,,,,,,,,,,
,,,,,,,,,,,,,,,,,,,,,
,,,,,,,,,,,,,,,,,,,,,
,,,,,,,,,,,,,,,,,,,,,
,,,,,,,,,,,,,,,,,,,,,
,,,,,,,,,,,,,,,,,,,,,
,,,,,,,,,,,,,,,,,,,,,
,,,,,,,,,,,,,,,,,,,,,
,,,,,,,,,,,,,,,,,,,,,
,,,,,,,,,,,,,,,,,,,,,
,,,,,,,,,,,,,,,,,,,,,
,,,,,,,,,,,,,,,,,,,,,
,,,,,,,,,,,,,,,,,,,,,
,,,,,,,,,,,,,,,,,,,,,
,,,,,,,,,,,,,,,,,,,,,
,,,,,,,,,,,,,,,,,,,,,
,,,,,,,,,,,,,,,,,,,,,
,,,,,,,,,,,,,,,,,,,,,
,,,,,,,,,,,,,,,,,,,,,
,,,,,,,,,,,,,,,,,,,,,
,,,,,,,,,,,,,,,,,,,,,
,,,F98,,,,,,,,,,,,,,,,,,
,,,,,,,,,,,,,,,,,,,,,
,,,,,,,,,,,,,,,,,,,,,
,,,,,,,,,,,,,,,,,,,,,
,,,,,,,,,,,,,,,,,,,,,
,,,,,,,,,,,,,,,,,,,,,
,,,,,,,,,,,,,,,,,,,,,
,,,,,,,,,,,,,,,,,,,,,
,,,,,,,,,,,,,,,,,,,,,
,,,,,,,,,,,,,,,,,,,,,
,,,,,,,,,,,,,,,,,,,,,
,,,,,,,,,,,,,,,,,,,,,
,,,,,,,,,,,,,,,,,,,,,
,,,,,,,,,,,,,,,,,,,,,
,,,,,,,,,,,,,,,,,,,,,
,,,,,,,,,,,,,,,,,,,,,
,,,,,,,,,,,,,,,,,,,,,
,,,,,,,,,,,,,,,,,,,,,
,,,,,,,,,,,,,,,,,,,,,
,,,,,,,,,,,,,,,,,,,,,
,,,,,,,,,,,,,,,,,,,,,
,,,,,,,,,,,,,,,,,,,,,
,,,,,,,,,,,,,,,,,,,,,
,,,,,,,,,,,,,,,,,,,,,
,,,,,,,,,,,,,,,,,,,,,
,,,,,,,,,,,,,,,,,,,,,
,,,,,,,,,,,,,,,,,,,,,
,,,,,,,,,,,,,,,,,,,,,
,,,,,,,,,,,,,,,,,,,,,
,,,,,,,,,,,,,,,,,,,,,
,,,,,,,,,,,,,,,,,,,,,
,,,,,,,,,,,,,,,,,,,,,
,,,,,,,,,,,,,,,,,,,,,
,,,,,,MAH7 - Black Vernaca Leather,,,,,,,,,,,,,,,